"ID","Type","Name","Documentation","Source","Target","Specialization"
"e029e622","AccessRelationship","","","id-140ae5f0","id-4abe35d8",""
"id-9c6e5bba","AccessRelationship","","","id-7da1d71b","id-38d58b23",""
"cb54e844","AccessRelationship","","","e5c0ea8a","id-41cb1d6f",""
"id-27b80225-9a18-4598-a1d2-d3eed351edea","AccessRelationship","","","id-4992d4d2-a738-4959-bf75-6d8ee20812fb","id-4abe35d8",""
"id-1cfb89a5","AggregationRelationship","","","id-2ebea742","id-4523f300",""
"e91f60ab","AggregationRelationship","","","d35f90fe","id-4523f300",""
"id-62031351-bbaa-4452-bc26-c070e37e32a6","AggregationRelationship","","","c3ca751d-58be-4182-a4fb-866e69f729fd","id-7f8bd280-fe35-4a54-a8b9-848bc13ddea1",""
"a9cf5a1e","AssignmentRelationship","","","id-93df0192","eaa94201",""
"d0d66354","AssociationRelationship","","","id-1d1b0741","id-2ebea742",""
"id-9c8e5ea2","AssociationRelationship","","","d35f90fe","id-1d1b0741",""
"id-0c4af6b8","AssociationRelationship","","","c0adf9eb","c1e831ca",""
"id-27b3597f","AssociationRelationship","","","c0adf9eb","d35f90fe",""
"a6aac275","AssociationRelationship","","","c0adf9eb","id-23b590d5",""
"id-151c3bb1","AssociationRelationship","","","id-274bac11","d375bb72",""
"dd29ddbf","AssociationRelationship","","","id-38d58b23","id-77190192",""
"c0adeb21","AssociationRelationship","","","eaa94201","id-9fb2ef2e",""
"id-2a52e8eb","AssociationRelationship","","","id-3f32e35f","id-140ae5f0",""
"b0490846-5cae-467d-a958-6fa54e866e18","AssociationRelationship","","","e2b765ac-d89c-4d74-9257-773cf34e2252","d36080f3-4fea-4471-9a28-27342e9feb77",""
"id-37a49e6a-24f8-4955-b61f-4d9df1c28c8e","AssociationRelationship","","","e2b765ac-d89c-4d74-9257-773cf34e2252","id-10bc3b29-114f-42b5-bf6e-0ca651bfa0fd",""
"id-2e224398-5794-41d5-b90c-1f8d25e555ef","AssociationRelationship","","","id-5943a7b3-fd21-4c84-96bb-4c2f9bab8df4","id-2292622c-f6c2-4eb1-a1e1-c238fc70ee15",""
"id-50674a93-08bf-4820-b79b-40244c562b88","AssociationRelationship","","","d17d3844-ec9a-44c8-a813-ddba41bc0460","id-6df8294f-0090-407c-908c-18e425623c19",""
"id-9ad76b92-cdc3-470c-8e13-b9329a792281","AssociationRelationship","","","c6f5d212-3413-464f-a6ac-5cfdfb02f7fe","d418fdb1-1477-47c6-a18c-c845cf5d6767",""
"b3674692-ffc1-489e-abb5-212cc297652e","AssociationRelationship","","","acb47cf1-c491-46dc-b346-0615a15937c5","id-03be063a-67bd-4bb4-b179-72c1e8a4caaf",""
"id-34d62a20-6703-4bfd-b36a-13bc89c42995","AssociationRelationship","","","id-7c07380c-0c0c-4a8f-95f6-5030f5b5103c","ff785bde-1849-4bae-85ed-b0ed5f1ab5d6",""
"c1e64865-fdb5-48a4-98b8-d34fd5b65839","AssociationRelationship","","","f0f164b5-3fff-4ca5-9b81-7723970e3fa2","id-9a13aa8b-4ea4-4cd6-9800-fd72281c02a2",""
"id-6127e5aa-f314-4cfe-96fd-0015971d28cb","AssociationRelationship","","","f0f164b5-3fff-4ca5-9b81-7723970e3fa2","id-9a13aa8b-4ea4-4cd6-9800-fd72281c02a2",""
"id-41abeb5c-02f5-41e4-935d-588cddd628a6","AssociationRelationship","1 - x","","id-17cbbdbc-0c7b-4c1e-9a0c-5245873fde4f","dea5d05a-b503-4963-b064-2dd8c5a9c2c5",""
"id-5b88e0c1-2402-4edf-bdd0-5eb60d40b686","AssociationRelationship","1|0 - x subject immutable","The abstract mapping on detail account tells us that a detail account could be linked to an object (type unspecified) as a subject.","id-79ee6de6-a24c-460c-b23c-cda04fce2031","id-1a4f5ba2-fad2-4b36-9690-69564a01ffab",""
"id-63630daf","AssociationRelationship","N - 1|0","","c7401f91","id-4c33c1c8",""
"b17b4d51","AssociationRelationship","N - N","","id-9115d0b5","id-9ddd1f3e",""
"id-2528ab5a","AssociationRelationship","n|0 - 1","","id-41cb1d6f","id-0ab999d2-214f-49ca-9ce1-da7f6302238a",""
"id-0e2a0b46","AssociationRelationship","N|0 - 1","","id-4abe35d8","acf19e8a",""
"id-9a297754-29ca-4bf0-af7d-7c8fb56731cb","AssociationRelationship","N|0 - 1","","id-7ebafa4b-9243-4a92-a3da-d1befed497ec","id-6de9645b-1c72-45cf-806f-804295f64eab",""
"id-93af19fc-7b3f-456b-b618-b71ecce006bc","AssociationRelationship","N|0 - 1","","f713e822-9d66-4294-a8e4-676dc40dfc3a","id-4c21c1eb-4b4b-4838-8650-f8453e9b295e",""
"e9bbc0a1-3089-45d1-8b03-a5b6b9443f4a","AssociationRelationship","N|0 - 1","","id-29edbc5f-560c-4a51-ad6c-5a32e5a0fb13","id-9daa708f-b32c-4a6c-be03-74a6133f4b9c",""
"f4cd8295-147a-4947-86fe-f850a686cc4b","AssociationRelationship","N|0 - 1","","c6f5d212-3413-464f-a6ac-5cfdfb02f7fe","id-9daa708f-b32c-4a6c-be03-74a6133f4b9c",""
"dcaddd45-fe68-461d-b3db-94fdd9e009ca","AssociationRelationship","N|0 - 1","","id-29edbc5f-560c-4a51-ad6c-5a32e5a0fb13","id-4c297ed4-37b3-4a4d-bcdc-b7dc8dfe8192",""
"id-31147025-ce0f-4609-80da-0dda3dbcf396","AssociationRelationship","N|0 - 1","","id-7c07380c-0c0c-4a8f-95f6-5030f5b5103c","acb47cf1-c491-46dc-b346-0615a15937c5",""
"id-2ef92f91-c1b8-43c4-a87a-fd8d0f6fc0dc","AssociationRelationship","N|0 - 1","","dea5d05a-b503-4963-b064-2dd8c5a9c2c5","id-11932093-b887-4bf0-9917-5f8fb4785af2",""
"id-8d20a9ec-8dd0-4938-9f80-e73ba49ff1b6","AssociationRelationship","N|0 - 1","","dea5d05a-b503-4963-b064-2dd8c5a9c2c5","id-9f309929-3120-460b-b972-1f5e59d9d7d8",""
"adc2803b-b6d8-469f-a3a2-10047ec4d4ac","AssociationRelationship","N|0 - 1 [dictionary by key: accounting practice type]","","id-62c3a9f9","id-7ebafa4b-9243-4a92-a3da-d1befed497ec",""
"id-8ea554c0-7fc4-4a1b-aaaf-3125d564ff06","AssociationRelationship","N|0 - 1 account immutable","","b717bec0-6d1a-4b79-92c3-4dc24e547f0d","id-1a4f5ba2-fad2-4b36-9690-69564a01ffab",""
"a5cbdc7e-69be-4d75-aae9-9274b9434d03","AssociationRelationship","N|0 - 1 calculation","","id-02a8b61f-43a8-4879-850e-d94989521154","id-8e4e11e0-a5a9-4c66-8b74-213624004b2c",""
"id-57dfa6bf","AssociationRelationship","N|0 - 1 calculation method","main method for calculating posting rule","id-38d58b23","id-9fb2ef2e",""
"id-9ed8d4b0","AssociationRelationship","N|0 - 1 classifier","All accounts have a classifier to indicate who creates and manipulates the accounts;","id-4abe35d8","id-62c3a9f9",""
"ccb2ed04","AssociationRelationship","N|0 - 1 eligibility condition method","- условие подходящести
- например, только для сотрудника, жителя Москвы","id-38d58b23","id-9fb2ef2e",""
"id-57b5445b","AssociationRelationship","N|0 - 1 output account entry","","id-38d58b23","acf19e8a",""
"id-35d8083b","AssociationRelationship","N|0 - 1 output account finder method","- правило в зависимости от типа выходного аккаунта","id-38d58b23","id-9fb2ef2e",""
"id-643916b3-7305-4215-8f0a-46b7d175099a","AssociationRelationship","N|0 - 1 owner","income statement accounts do not have assets so there is no question of ownership","id-3a0e7bac-e3f9-4124-90d8-9bfe57f4a7dd","id-62c3a9f9",""
"cd8cd5ad-e5fa-4963-a36f-94027801e743","AssociationRelationship","N|0 - 1 subject","","dea5d05a-b503-4963-b064-2dd8c5a9c2c5","id-618bf7ea-3a72-48ce-b3f7-42f93bc6e790",""
"id-628fea92","AssociationRelationship","N|0 - 1 trigger","","id-38d58b23","acf19e8a",""
"fd9b8e50-fa7d-42de-9b77-a3b669e05430","AssociationRelationship","N|0 - 1 trigger","","id-02a8b61f-43a8-4879-850e-d94989521154","f0f164b5-3fff-4ca5-9b81-7723970e3fa2",""
"id-99db5649-c7fe-4464-8046-89b6ec3814c7","AssociationRelationship","N|0 - 1|0","","id-3af9d5fa-18dc-44a3-81d0-e873e762c515","id-02a8b61f-43a8-4879-850e-d94989521154",""
"id-962be6e0","AssociationRelationship","N|0 - 1|0 components","Account hierarchies without separating summary and detail accounts","id-4abe35d8","id-4abe35d8",""
"a83af952-6f27-46f3-aacb-c74dc50c033f","AssociationRelationship","N|0 - 1|0 creator ]","getting each transaction to remember which posting rule created it","c1e831ca","id-38d58b23",""
"id-5caf1be4-2dea-4f77-b550-c0e25b4e9f6e","AssociationRelationship","N|0 - 1|0 output","","id-02a8b61f-43a8-4879-850e-d94989521154","f0f164b5-3fff-4ca5-9b81-7723970e3fa2",""
"id-21a7ae5e-72d4-4714-b0f2-d6314b11a349","AssociationRelationship","N|0 - 1|0 output[ordered list]","This allows multiple output accounts for those posting rules that need them.","id-02a8b61f-43a8-4879-850e-d94989521154","f0f164b5-3fff-4ca5-9b81-7723970e3fa2",""
"id-12b68742-a7db-4f37-8348-6a312eae1ef2","AssociationRelationship","N|0 - N|0","","id-38d58b23","id-7ebafa4b-9243-4a92-a3da-d1befed497ec",""
"bc3cb9d9-766d-464d-984e-c02425028e27","AssociationRelationship","N|0 - N|0","","id-17cbbdbc-0c7b-4c1e-9a0c-5245873fde4f","id-02a8b61f-43a8-4879-850e-d94989521154",""
"id-1bce8900-b6ef-4f8b-b909-6eeee11af715","AssociationRelationship","N|0 - N|0 components","","id-1f134be4","id-4abe35d8",""
"ad4f3627-3d57-464d-9066-b20be6c074ba","AssociationRelationship","N|0 - N|0 consequences-sources","","b717bec0-6d1a-4b79-92c3-4dc24e547f0d","id-3af9d5fa-18dc-44a3-81d0-e873e762c515",""
"e2b765ac-d89c-4d74-9257-773cf34e2252","AssociationRelationship","N|0 - N|0 correspondents","","id-4abe35d8","id-4abe35d8",""
"id-0b625a55-2623-4798-9d63-d230bb750d91","AssociationRelationship","N|0 - N|0 sources -consequences","which entries were used as input for the create transaction.","c1e831ca","id-41cb1d6f",""
"d375bb72","AssociationRelationship","N|1 - 1","- тк связь обязательная то транзакиция-запись должны создаваться одновременно
- сделать так чтобы транзакция была отвественная за создание частично заполненных записей","id-41cb1d6f","c1e831ca",""
"cf854eee-d2cc-4a9d-973e-ca32bd2a064b","AssociationRelationship","N|2 - 1","","f713e822-9d66-4294-a8e4-676dc40dfc3a","d17d3844-ec9a-44c8-a813-ddba41bc0460",""
"ab18390f-aecd-47c6-ac58-97d4efaeff5d","AssociationRelationship","N|2 - 1","","b717bec0-6d1a-4b79-92c3-4dc24e547f0d","id-3af9d5fa-18dc-44a3-81d0-e873e762c515",""
"id-1bfcb288","CompositionRelationship","","","id-2b0828b4","b63e79be",""
"f6e6a429","CompositionRelationship","","","id-2b0828b4","id-67d661c5",""
"id-45f9b6ff","CompositionRelationship","","","id-2b0828b4","e17fce08",""
"fe6f0df9","CompositionRelationship","","","id-4abe35d8","id-2ebea742",""
"id-08824d29","CompositionRelationship","","","id-41cb1d6f","d35f90fe",""
"id-8068715f","CompositionRelationship","","","id-41cb1d6f","id-6dc08154",""
"id-0feb3a83","CompositionRelationship","","","id-41cb1d6f","id-62fab540",""
"f34c61b2","CompositionRelationship","","","id-6b032830","id-140ae5f0",""
"id-48c4d6d4","CompositionRelationship","","","id-140ae5f0","id-7da1d71b",""
"id-468337e6","CompositionRelationship","","","id-7da1d71b","e5c0ea8a",""
"id-1ff6519e","CompositionRelationship","","","e5c0ea8a","id-88b9823c",""
"ec6e18bc-e8a1-4706-8aa4-235b956d07bd","CompositionRelationship","","","id-2abff12f-0f34-49a3-88ec-21708552ba73","id-4992d4d2-a738-4959-bf75-6d8ee20812fb",""
"fffec027-1400-43d0-a6c1-30a7a3d4ee04","CompositionRelationship","","","id-2abff12f-0f34-49a3-88ec-21708552ba73","a097248a-8cde-4fb6-a3c3-f525b1075b22",""
"id-4d485372-0051-4e17-9aa3-35693114e61a","CompositionRelationship","","","id-4992d4d2-a738-4959-bf75-6d8ee20812fb","id-92a9e7df-f4ac-4d8f-b6e6-94bab14b04a2",""
"da3d1d77-a78f-4382-82ca-957400fadb18","CompositionRelationship","","","id-4abe35d8","id-3a0e7bac-e3f9-4124-90d8-9bfe57f4a7dd",""
"e88e36eb-d0d5-406e-aa11-ff5287ffc028","CompositionRelationship","","","id-4abe35d8","id-56f01ffb-10b4-4e64-9096-a0d2df02ff41",""
"id-71bba05a-0006-4f2b-ac6c-527aed98723e","CompositionRelationship","","","id-3a0e7bac-e3f9-4124-90d8-9bfe57f4a7dd","b110b586-e11b-4dd1-8dd3-3c75a0b94da2",""
"e0ef9301-fd25-44bc-801f-e173a6e63ad2","CompositionRelationship","","","id-00de75a5-51c8-4d75-8319-1b5d9eadb997","f0f164b5-3fff-4ca5-9b81-7723970e3fa2",""
"id-610e0543-d684-4c08-8046-b84c49b242dc","CompositionRelationship","","","id-00de75a5-51c8-4d75-8319-1b5d9eadb997","id-02a8b61f-43a8-4879-850e-d94989521154",""
"a40a73f3-ac6a-4ff2-a554-1e17b77995f9","CompositionRelationship","","","id-00de75a5-51c8-4d75-8319-1b5d9eadb997","id-8e4e11e0-a5a9-4c66-8b74-213624004b2c",""
"d32e1534-86e3-418d-9795-95a73af75ee0","CompositionRelationship","","","id-00de75a5-51c8-4d75-8319-1b5d9eadb997","id-17cbbdbc-0c7b-4c1e-9a0c-5245873fde4f",""
"f3ea589d-086a-47a6-9481-58341d6a37b5","CompositionRelationship","","","id-00de75a5-51c8-4d75-8319-1b5d9eadb997","b717bec0-6d1a-4b79-92c3-4dc24e547f0d",""
"id-95c49c6d-d351-4694-95ff-01e3a38cf23d","CompositionRelationship","","","id-00de75a5-51c8-4d75-8319-1b5d9eadb997","id-3af9d5fa-18dc-44a3-81d0-e873e762c515",""
"cb740e78-c89e-4906-b328-286d3d71335c","CompositionRelationship","","","id-00de75a5-51c8-4d75-8319-1b5d9eadb997","id-79ee6de6-a24c-460c-b23c-cda04fce2031",""
"id-8139321e-fbfb-4405-a4ca-e6ea76a869dc","CompositionRelationship","","","id-19f3e81e-a760-4f39-8d7b-8c96cebb23d7","dea5d05a-b503-4963-b064-2dd8c5a9c2c5",""
"e726962b-e4c7-42c1-acbc-54a31a16e23c","CompositionRelationship","","","id-19f3e81e-a760-4f39-8d7b-8c96cebb23d7","id-9f309929-3120-460b-b972-1f5e59d9d7d8",""
"id-460266a1-f165-4db3-a0cd-0790ad1d6750","CompositionRelationship","","","id-19f3e81e-a760-4f39-8d7b-8c96cebb23d7","id-444ea174-5d85-479b-b2b1-3e449b5e386c",""
"id-55370942-61a1-48dc-a2a7-012c875ea555","CompositionRelationship","","","id-19f3e81e-a760-4f39-8d7b-8c96cebb23d7","id-11932093-b887-4bf0-9917-5f8fb4785af2",""
"id-7fe32af7-6ea9-4f9a-b9bf-321c388e84fb","CompositionRelationship","","","id-19f3e81e-a760-4f39-8d7b-8c96cebb23d7","id-618bf7ea-3a72-48ce-b3f7-42f93bc6e790",""
"ddab4b71-3e18-4f1f-938e-dc195e894d7b","CompositionRelationship","","","id-9a13aa8b-4ea4-4cd6-9800-fd72281c02a2","f0f164b5-3fff-4ca5-9b81-7723970e3fa2",""
"id-38927e94-a07e-430f-be09-0da0b4ceeac9","CompositionRelationship","","","id-00de75a5-51c8-4d75-8319-1b5d9eadb997","c3ca751d-58be-4182-a4fb-866e69f729fd",""
"id-9b6313da-1f00-485f-b44a-103f9bc5acf8","CompositionRelationship","","","id-00de75a5-51c8-4d75-8319-1b5d9eadb997","e36f3584-c6db-402c-a75c-d9c72162c95b",""
"id-2c52a22f-26c5-42f8-8888-efdf61b69c8e","CompositionRelationship","","","id-00de75a5-51c8-4d75-8319-1b5d9eadb997","id-2f2ae7eb-7256-4996-b094-a2864eafd8c2",""
"id-897594da-7b89-4ecf-8d72-e5b75c3cda74","CompositionRelationship","","","f0f164b5-3fff-4ca5-9b81-7723970e3fa2","c3ca751d-58be-4182-a4fb-866e69f729fd",""
"id-8d486471-a9a5-476b-9434-acc58e8bf1ca","CompositionRelationship","","","f0f164b5-3fff-4ca5-9b81-7723970e3fa2","e36f3584-c6db-402c-a75c-d9c72162c95b",""
"ee78e22f-6c93-4455-833e-b69e4939f70a","CompositionRelationship","","","f0f164b5-3fff-4ca5-9b81-7723970e3fa2","id-2f2ae7eb-7256-4996-b094-a2864eafd8c2",""
"id-70cae195-201e-4899-a934-9262aaa79110","CompositionRelationship","","","id-00de75a5-51c8-4d75-8319-1b5d9eadb997","id-7f8bd280-fe35-4a54-a8b9-848bc13ddea1",""
"id-7cff0290-8153-4afa-b831-4ea7d1ad665f","CompositionRelationship","1|0 - N children","","id-00de75a5-51c8-4d75-8319-1b5d9eadb997","id-9a13aa8b-4ea4-4cd6-9800-fd72281c02a2",""
"a662c763-1234-4b7c-914c-5da0a4008806","FlowRelationship","","","id-4992d4d2-a738-4959-bf75-6d8ee20812fb","a097248a-8cde-4fb6-a3c3-f525b1075b22",""
"b37abdb1","RealizationRelationship","","","id-799ce60e","aef8aa83",""
"d1167fb0","RealizationRelationship","","","id-799ce60e","id-3affe047",""
"f8e18117","RealizationRelationship","","","dad8b791","id-799ce60e",""
"id-335d5b5c","RealizationRelationship","","","id-799ce60e","cf6b5dbb",""
"id-8d66e6ea-c3f5-4a45-959c-cebd77e636bc","RealizationRelationship","","","id-4abe35d8","id-9c393e60-d633-472f-93fb-ddb5513e51b5",""
"id-40cf04a0-5bd2-47d5-b2c6-20914b80a36f","RealizationRelationship","","","id-9c393e60-d633-472f-93fb-ddb5513e51b5","id-1f134be4",""
"id-3529022e-21bd-4edf-9470-a7f0700a32ed","RealizationRelationship","","","id-9c393e60-d633-472f-93fb-ddb5513e51b5","id-0ab999d2-214f-49ca-9ce1-da7f6302238a",""
"a62efae5-122c-46ba-8ed7-725281ee9ad8","RealizationRelationship","","","id-9c393e60-d633-472f-93fb-ddb5513e51b5","id-7c07380c-0c0c-4a8f-95f6-5030f5b5103c",""
"a6a1abab","SpecializationRelationship","","","id-79a4b2fe","c6e581a8",""
"id-1a8679ce","SpecializationRelationship","","","id-79a4b2fe","id-8a35ab08",""
"d23ce868","SpecializationRelationship","","","id-4abe35d8","id-961a2aaf",""
"id-6551d6f2-10c5-4ece-b445-dbb8eb0d9f05","SpecializationRelationship","","","id-28a84efd-cc54-428e-ba07-181fedbc95f7","id-3a0e7bac-e3f9-4124-90d8-9bfe57f4a7dd",""
"id-315a1192-c08c-40cd-bcf6-71547c535015","SpecializationRelationship","","","id-84bfc525-50d4-4505-854f-dfe2149e6121","id-56f01ffb-10b4-4e64-9096-a0d2df02ff41",""
"ca790b80-ea45-4650-b19b-b779dcf28972","SpecializationRelationship","","","id-73de877f-edf9-49e9-94a2-a44e8568a47f","id-56f01ffb-10b4-4e64-9096-a0d2df02ff41",""
"cb270b7b-fcde-4ff4-a07a-8c49dd740c10","SpecializationRelationship","","","id-29edbc5f-560c-4a51-ad6c-5a32e5a0fb13","id-4c21c1eb-4b4b-4838-8650-f8453e9b295e",""
"id-8d37ff10-8f34-410f-af1d-5a05acc90f25","SpecializationRelationship","","","c6f5d212-3413-464f-a6ac-5cfdfb02f7fe","f713e822-9d66-4294-a8e4-676dc40dfc3a",""
"id-561f1fac-f77e-4c33-92d9-6f2556483e80","SpecializationRelationship","","","id-5943a7b3-fd21-4c84-96bb-4c2f9bab8df4","d17d3844-ec9a-44c8-a813-ddba41bc0460",""
"eda13b3a-ce2e-440d-9ba4-f6eb17ea3a54","SpecializationRelationship","","","id-9a13aa8b-4ea4-4cd6-9800-fd72281c02a2","f0f164b5-3fff-4ca5-9b81-7723970e3fa2",""
"cf6183f9-723f-4282-be88-d422de5d7b4e","SpecializationRelationship","","","id-1a4f5ba2-fad2-4b36-9690-69564a01ffab","f0f164b5-3fff-4ca5-9b81-7723970e3fa2",""
"id-0018c845-3785-4580-a3a7-25719e54dbae","SpecializationRelationship","","","id-618bf7ea-3a72-48ce-b3f7-42f93bc6e790","id-1a4f5ba2-fad2-4b36-9690-69564a01ffab",""