{"identifier":"https://me.big.tuwien.ac.at/EAModelSet/5bc40983-7970-4c26-a480-5e183da9d19d","archimateId":"5bc40983-7970-4c26-a480-5e183da9d19d","name":"NEO Architecture Reference Model for .NET Developers (neo-charm)","description":"","formats":["XML","CSV","JSON","ARCHIMATE"],"source":"GitHub","repository":"mwherman2000/neo-charm","license":"MIT License","sourceFile":"raw-data/github/archimate/neo-charm-2-0-4.archimate","sourceFormat":"ARCHIMATE","timestamp":"2023-07-06T09:29:17","tags":["DUPLICATE"],"duplicates":["raw-data/github/archimate/enterprise_dapp_reference_model-2-0-10.archimate","raw-data/github/archimate/enterprise_dapp_reference_model-2-0-7.archimate","raw-data/github/archimate/neo-charm-2-0-3.archimate","raw-data/github/archimate/neo-charm-2-0-5.archimate","raw-data/github/archimate/neo-charm-1-0-2.archimate","raw-data/github/archimate/neo-charm-2-0-8.archimate","raw-data/github/archimate/neo-charm-2-0-2.archimate","raw-data/github/archimate/enterprise_dapp_reference_model-2-0-9.archimate","raw-data/github/archimate/neo-charm-2-0-6.archimate","raw-data/github/archimate/neo-charm-2-0-1.archimate"],"language":"en","elements":[{"id":"2f6bad60-6b7b-4735-8c11-9eef598e1a10","name":"Neon Wallet","type":"Product","layer":"business"},{"id":"16168292-71c2-450e-9d8f-a9434c29b880","name":"neo-gui","type":"ApplicationComponent","layer":"application"},{"id":"8f296499-7cf8-4fca-80e0-da3faed0d9ec","name":"neo-gui-developer","type":"ApplicationComponent","layer":"application"},{"id":"4e48f378-b3b0-4e7f-b068-7f8b21937328","name":"neo-cli","type":"ApplicationComponent","layer":"application"},{"id":"6be46262-f91b-4442-86db-904c4fe9a530","name":"neo-python","type":"ApplicationComponent","layer":"application"},{"id":"d83e45ec-f1b5-47c6-b7b0-85100c90bf8d","name":"EvaluationStack","type":"DataObject","layer":"application"},{"id":"c4b70d94-2696-4412-93d2-1ce7bd4c04fd","name":"InstructionPointer","type":"DataObject","layer":"application"},{"id":"11881785-aa12-439d-b20e-ae0c3f73e031","name":"VMState","type":"DataObject","layer":"application"},{"id":"87491306-6ac1-4326-b40f-ba9ca5ae8afd","name":"Script","type":"DataObject","layer":"application"},{"id":"9a5d9305-f4bc-4cc8-a2ed-8b1d188453fa","name":"ScriptTable","type":"DataObject","layer":"application"},{"id":"2459f8b8-2015-4a3d-9701-b50d71edfd7d","name":"CallingHashScript, EntryHashScript, ExecutingHashScript","type":"DataObject","layer":"application"},{"id":"733a8c30-d9ec-4b75-8e75-2f3d23d83029","name":"Contract Project","type":"ApplicationComponent","layer":"application"},{"id":"c9bcbc78-ce6c-401a-91f3-ce4af05e64c7","name":"Client Project [ASP.NET, WinForms, WPF, Xamarin (Android, iOS), Console App]","type":"ApplicationComponent","layer":"application"},{"id":"e1ccaf87-30de-4065-9492-7a3763789379","name":"Driver Project","type":"ApplicationComponent","layer":"application"},{"id":"45ab5501-6269-4317-9668-4a6bfa5df791","name":"Reusable Entity Models","type":"DataObject","layer":"application"},{"id":"2d14ee70-9494-4f43-9b8e-f629183df2c5","name":"Model Project","type":"ApplicationComponent","layer":"application"},{"id":"67debcf9-8578-494a-a227-a58de0ab88ed","name":"NPC Compiler (npcc)","type":"ApplicationComponent","layer":"application"},{"id":"6f3aae8d-94f2-4617-89da-6d4e959ad83d","name":"CodeGen","type":"ApplicationFunction","layer":"application"},{"id":"97d42460-b697-4ff3-8dab-82cb549f8289","name":"Verify","type":"ApplicationFunction","layer":"application"},{"id":"1f2a2945-745f-4cb1-9704-f9a39ad9c9d4","name":"Parse","type":"ApplicationFunction","layer":"application"},{"id":"4be597a4-8118-4add-a9e9-d83f5750d306","name":"Resuable Entity Custom Methods","type":"DataObject","layer":"application"},{"id":"3bff2b8c-db6e-4bf8-bbc9-3efa52978934","name":"NEO Persistable Classes","type":"DataObject","layer":"application"},{"id":"d6c991e4-6ad8-4c5f-9db8-d8596fae5258","name":"Main (Dispatcher)","type":"DataObject","layer":"application"},{"id":"ff718d3e-a107-4e07-aa57-e451599c1244","name":"Contract Driver Classes","type":"DataObject","layer":"application"},{"id":"c6004221-62b8-4905-86d2-30c8e7d8111f","name":"NPCNEP5Base","type":"DataObject","layer":"application"},{"id":"d64e6134-b135-4141-8362-d0d39eb4676d","name":"_name","type":"DataObject","layer":"application"},{"id":"f3667b5f-4466-405c-b4aa-95c1bddd2a1a","name":"_symbol","type":"DataObject","layer":"application"},{"id":"8404fad3-4d2c-4772-aa98-ac8a251e3f04","name":"_decimals","type":"DataObject","layer":"application"},{"id":"5919f8bd-954a-4f77-8b58-a5ca8d34c826","name":"_totalSupply","type":"DataObject","layer":"application"},{"id":"bb356c12-1566-4793-9f4a-3d2cd6faa5d0","name":"NPCNEP5LedgerEntry","type":"DataObject","layer":"application"},{"id":"5504b827-6cdf-476c-9aa7-85b4478b98aa","name":"_lastTxTimestamp","type":"DataObject","layer":"application"},{"id":"264cf1e2-7a8e-4e63-9700-fa369b0cb408","name":"_debitCreditAmount","type":"DataObject","layer":"application"},{"id":"30b69e9c-b565-49b9-835c-5b5f5a15d304","name":"_balance","type":"DataObject","layer":"application"},{"id":"2669bdae-2546-41a1-8217-30794e545d8b","name":"Neo.SmartContract.Framework","type":"TechnologyInterface","layer":"technology"},{"id":"67984d4f-2634-4175-94b0-a0a91696f0e7","name":"Neo.SmartContract.Framework.Neo","type":"TechnologyInterface","layer":"technology"},{"id":"f4094a71-1aa0-4dda-8a48-059afbf51b19","name":"Neo.SmartContract.Framework.System","type":"TechnologyInterface","layer":"technology"},{"id":"3260a59d-1261-4f46-8294-43bcdbb1fa13","name":"Neo.VM","type":"TechnologyInterface","layer":"technology"},{"id":"787346ca-0c3a-4ba4-9851-dad60ac95161","name":"ExecutionEngine","type":"TechnologyService","layer":"technology"},{"id":"30a3064d-8920-41d4-9bd2-3dfaecd3dc63","name":"Account","type":"TechnologyService","layer":"technology"},{"id":"10908fbe-608c-4475-89d9-f3d2e6130508","name":"Asset","type":"TechnologyService","layer":"technology"},{"id":"6216f16a-22a0-401c-9d57-bce196cceb52","name":"Block","type":"TechnologyService","layer":"technology"},{"id":"913ba78e-0eb1-4b94-918b-5070f7b51721","name":"Blockchain","type":"TechnologyService","layer":"technology"},{"id":"d03fab7a-3725-4ee1-876c-d5b9f8cb1c2c","name":"Contract","type":"TechnologyService","layer":"technology"},{"id":"1e3909b4-1c63-4835-8a01-59f366535e30","name":"Header","type":"TechnologyService","layer":"technology"},{"id":"358b1744-dabb-4c20-accf-c0bb470b538d","name":"Helper","type":"TechnologyService","layer":"technology"},{"id":"e1882d87-c04e-48cb-a839-99da15f17033","name":"Runtime","type":"TechnologyService","layer":"technology"},{"id":"b0ad48a1-cd42-4fa0-aa9b-e58d50268695","name":"Storage","type":"TechnologyService","layer":"technology"},{"id":"f9549939-3c04-4c10-93a8-4fadf1a11124","name":"StorageContext","type":"TechnologyService","layer":"technology"},{"id":"f3a715c3-db7e-4a15-abdf-2ec214b199ba","name":"StorageMap","type":"TechnologyService","layer":"technology"},{"id":"480706f8-d338-4669-a523-44e0b0f810e3","name":"Transaction","type":"TechnologyService","layer":"technology"},{"id":"edc4c048-0f94-49b4-a294-37a233db7d4a","name":"TransactionAttribute","type":"TechnologyService","layer":"technology"},{"id":"f548a44c-9ef9-4cf2-9d15-2f31a2a8207b","name":"TransactionInput","type":"TechnologyService","layer":"technology"},{"id":"72ab877a-aa69-4e07-b6a7-bc0962e200b4","name":"TransactionOutput","type":"TechnologyService","layer":"technology"},{"id":"ab5df8ec-612d-4e90-966c-407187c90722","name":"OpCodes","type":"TechnologyService","layer":"technology"},{"id":"be049205-5ccc-46ef-8ca2-a583dc542196","name":"TriggerType","type":"TechnologyService","layer":"technology"},{"id":"79d41ba1-0b3f-4d3d-bb2e-bdd4d6ec32ec","name":"...","type":"TechnologyService","layer":"technology"},{"id":"ab072685-9c3f-448f-9c63-b435ce1caefa","name":"...","type":"TechnologyService","layer":"technology"},{"id":"4f577d19-85d1-4bc7-beda-620ed1c0d5ab","name":"...","type":"TechnologyService","layer":"technology"},{"id":"17325f5d-2e65-409c-9038-fc5fd67054c5","name":"...","type":"TechnologyService","layer":"technology"},{"id":"05a841a5-d1fe-421e-a6d9-8eca6063c4b4","name":"Neo.Network","type":"TechnologyInterface","layer":"technology"},{"id":"059ed234-5cb8-44a6-9607-23dd6b64d0cc","name":"Neo.Network.Payloads","type":"TechnologyInterface","layer":"technology"},{"id":"4a0999a3-1eb3-4483-b361-7368cc5bf0ae","name":"Neo.Network.RPC","type":"TechnologyInterface","layer":"technology"},{"id":"165e5a13-f4ad-4f9b-93ee-e1e025ac480a","name":"Neo.SmartContract","type":"TechnologyInterface","layer":"technology"},{"id":"c6450ceb-521f-4aeb-b26b-2386368cf268","name":"ApplicationEngine","type":"TechnologyService","layer":"technology"},{"id":"481f5060-ea43-45cf-8b0f-0b4eb20bb0c8","name":"Contract","type":"TechnologyService","layer":"technology"},{"id":"4162c0c3-43ff-4794-94d4-dd0027fd9c82","name":"ContractParameter","type":"TechnologyService","layer":"technology"},{"id":"d31a09b1-9a9c-4075-a8f8-91fe41787de6","name":"ContractParametersContext","type":"TechnologyService","layer":"technology"},{"id":"fb448ee4-c490-426b-9a9e-f54c2fb7a4ff","name":"ContractParameterType","type":"TechnologyService","layer":"technology"},{"id":"ed59e1aa-35df-4b81-a511-9784745b525d","name":"LogEventArgs","type":"TechnologyService","layer":"technology"},{"id":"f2ff04aa-66bb-491a-942e-de58017bfc0c","name":"NotifyEventArgs","type":"TechnologyService","layer":"technology"},{"id":"b7bfe235-52c7-468e-9334-acd49d0964f3","name":"StateMachine","type":"TechnologyService","layer":"technology"},{"id":"1afcc318-74e4-4f97-9eed-61f9facae965","name":"StateReader","type":"TechnologyService","layer":"technology"},{"id":"8d0b9eea-d784-4c5a-ba55-36b74de2010a","name":"TriggerType","type":"TechnologyService","layer":"technology"},{"id":"1a74c06a-4557-450d-ad98-7cea9f626016","name":"Neo","type":"TechnologyInterface","layer":"technology"},{"id":"d5722c67-0f27-4916-9fca-24eb324ccf56","name":"Neo.Consenus","type":"TechnologyInterface","layer":"technology"},{"id":"85b1066b-d600-4d18-ae17-30b8c27daf01","name":"Neo.Core","type":"TechnologyInterface","layer":"technology"},{"id":"0f1f00a1-ae17-44cc-b02a-f7bb50b555e3","name":"Neo.Cryptography","type":"TechnologyInterface","layer":"technology"},{"id":"4abf5fcd-748c-4c3a-a2e8-33c7911b0185","name":"Neo.Cryptography.CC","type":"TechnologyInterface","layer":"technology"},{"id":"76b173a0-87c2-4b3b-bb26-7c60a0b203e2","name":"Neo.Implementations.Blockchains.LevelDB","type":"TechnologyInterface","layer":"technology"},{"id":"7cf2f96d-dc65-4a4f-b731-efed3b150aa4","name":"Neo.Implementations.Wallets.EntityFramework","type":"TechnologyInterface","layer":"technology"},{"id":"d6d1fcd4-681f-42b4-ad86-520f8fa97e64","name":"Neo.IO","type":"TechnologyInterface","layer":"technology"},{"id":"de608f5c-ec9b-43a1-9dca-4e764c2424ad","name":"Neo.IO.Caching","type":"TechnologyInterface","layer":"technology"},{"id":"6420a73d-902c-4e85-a8fe-bbf7bdd0b124","name":"Neo.IO.JSON","type":"TechnologyInterface","layer":"technology"},{"id":"51b6284f-ef17-49f8-b875-a05f2e59bb4d","name":"Neo.VM","type":"TechnologyInterface","layer":"technology"},{"id":"7274babf-2d1e-43d4-b79e-2416868fb148","name":"Helper","type":"TechnologyService","layer":"technology"},{"id":"8cda4342-f653-416d-8c77-a0cf03963074","name":"Neo.Wallets","type":"TechnologyInterface","layer":"technology"},{"id":"188bf811-97bd-43e4-a1c2-3604103dc1cd","name":"Coin","type":"TechnologyService","layer":"technology"},{"id":"02f33385-d8f4-404b-aebe-3d631bd3b23a","name":"KeyPair","type":"TechnologyService","layer":"technology"},{"id":"808f22cc-c025-4a1b-834b-5d1532cf4154","name":"VerficationContract","type":"TechnologyService","layer":"technology"},{"id":"2af14221-7c9b-4b91-a417-caa576d64ccc","name":"Wallet","type":"TechnologyService","layer":"technology"},{"id":"c9904962-836c-4e0e-a059-e641f7698464","name":"Neo.VM","type":"TechnologyInterface","layer":"technology"},{"id":"05ee39a3-ae44-4556-9f41-63d237f60b1e","name":"Opcode","type":"TechnologyService","layer":"technology"},{"id":"61e44c1b-7aa3-4283-851c-d753ac68dcc9","name":"RandomAccessStack<T>","type":"TechnologyService","layer":"technology"},{"id":"7503e374-e548-48eb-8c62-4e637763b594","name":"ScriptBuilder","type":"TechnologyService","layer":"technology"},{"id":"7ad8e4ec-1c8e-4a6e-a766-ae165687cee9","name":"StackItem","type":"TechnologyService","layer":"technology"},{"id":"447a72a8-6590-48d2-88d8-b0058eaa8202","name":"ExecutionContext","type":"TechnologyService","layer":"technology"},{"id":"dbc6ee69-5f3f-429b-811c-80b6fb7fc84a","name":"ExecutionEngine","type":"TechnologyService","layer":"technology"},{"id":"3262a1df-d21e-4b44-aa03-bd64731fca3c","name":"InteropService","type":"TechnologyService","layer":"technology"},{"id":"15558d67-2126-407e-96bd-5809f9141e50","name":"Neo.Implementations.Wallets.NEP6","type":"TechnologyInterface","layer":"technology"},{"id":"e32d092b-73c9-4562-9940-682f03684819","name":"UserWallet","type":"TechnologyService","layer":"technology"},{"id":"6a3b7b48-bfc9-4b1f-b80d-a929c51c1e15","name":"VerificationContract","type":"TechnologyService","layer":"technology"},{"id":"81230f5d-475a-4b1b-9478-bcd9758cab6c","name":"NEP6Wallet","type":"TechnologyService","layer":"technology"},{"id":"c2dfdcdd-cc02-4809-9ec3-3befee14a1a1","name":"ScryotParameters","type":"TechnologyService","layer":"technology"},{"id":"582a0b7f-6603-49c0-87f2-d6bfadc49ffe","name":"ExecutionEngine","type":"TechnologyService","layer":"technology"},{"id":"f86ee9bc-cbe7-4091-b1fd-9c7e46d86a45","name":"HelloWorld.cs (C#)","type":"Artifact","layer":"technology"},{"id":"4fde47fd-2124-4e05-b748-ac71d368bf25","name":"HelloWorld.dll (MSIL)","type":"Artifact","layer":"technology"},{"id":"caa0a661-ef2f-4d0a-8dc7-28fa202efcf7","name":"HelloWorld.avm (AVM Script (byte code))","type":"Artifact","layer":"technology"},{"id":"2f5793b5-0b18-44d3-886e-d89ed4b378ab","name":"csc.exe","type":"SystemSoftware","layer":"technology"},{"id":"09f7e56d-5217-44ac-aa6c-4971d16793c6","name":"neon.exe","type":"SystemSoftware","layer":"technology"},{"id":"59cef174-2a6c-4557-a87b-b5692c44f455","name":"neo-gui.exe (developer)","type":"SystemSoftware","layer":"technology"},{"id":"9caf5433-d9ae-4408-bf80-c0e4728e45c2","name":"CurrentContext : ExecutionContext","type":"TechnologyFunction","layer":"technology"},{"id":"7c801d36-da53-4bb1-9b74-18c265ad8549","name":"InteropService","type":"TechnologyService","layer":"technology"},{"id":"3f105d15-b959-41e8-a57f-7705d0d41dfb","name":"Account Service","type":"TechnologyService","layer":"technology"},{"id":"83c5f6ee-4025-4e50-9340-2028f6dd81ba","name":"Asset Service","type":"TechnologyService","layer":"technology"},{"id":"272a6897-e343-4b26-be19-b907480857ae","name":"Block Service","type":"TechnologyService","layer":"technology"},{"id":"45c55273-b9a9-4354-8e8e-91a145361a6a","name":"Blockchain Service","type":"TechnologyService","layer":"technology"},{"id":"d9c494ff-14a4-429b-b72b-f26d58ed23e0","name":"Blockchain State (Distributed Ledger)","type":"Artifact","layer":"technology"},{"id":"7149a641-4c99-46a0-a537-366832a35623","name":"Contract Service","type":"TechnologyService","layer":"technology"},{"id":"71118bf8-543a-4f07-bf8b-4a3afe70791d","name":"Header Service","type":"TechnologyService","layer":"technology"},{"id":"a18b77ce-79fb-4e47-b597-e9b47c15375a","name":"Runtime Service","type":"TechnologyService","layer":"technology"},{"id":"363afeb5-225a-4f37-af33-60d97bb08478","name":"Storage Service","type":"TechnologyService","layer":"technology"},{"id":"e6a703b8-740e-4d25-a055-310b8a65415f","name":"Transaction Service","type":"TechnologyService","layer":"technology"},{"id":"946dbcb0-5a4e-451a-b255-5ad421dc14dd","name":"Transaction Attributes Service","type":"TechnologyService","layer":"technology"},{"id":"521bcaad-d6d5-4616-87e9-7058e2b67fe3","name":"Transaction Input Service","type":"TechnologyService","layer":"technology"},{"id":"7b98d2de-221a-4a36-8bc9-3bfe7978520c","name":"Transaction Output Service","type":"TechnologyService","layer":"technology"},{"id":"ce844f33-df63-4af0-9ff7-350c292852cf","name":"Validator Service","type":"TechnologyService","layer":"technology"},{"id":"3e5f3736-f1aa-45dc-a9e0-d033bbe0c991","name":"Other State","type":"Artifact","layer":"technology"},{"id":"9141d4c0-c463-4c58-bd84-f7e991364f5c","name":"Host Operating System Services","type":"TechnologyService","layer":"technology"},{"id":"7f11f5d1-89de-4b38-96ad-3011981709f3","name":"Visual Studio","type":"SystemSoftware","layer":"technology"},{"id":"00c18313-74ff-4e0f-ad64-5b3c32a671ef","name":"NeoContractPlugin","type":"TechnologyFunction","layer":"technology"},{"id":"edf8be50-9d44-48cf-9fb1-02c3ede922ac","name":"HelloWorld.map (debugger info)","type":"Artifact","layer":"technology"},{"id":"ca0cf946-f346-4dc6-9e28-6cb69613b670","name":"neo-deubugger.exe","type":"SystemSoftware","layer":"technology"},{"id":"9d5beda9-3f53-4f91-b842-06d39f8a169f","name":"NPCNEP5LedgerEntry","type":"Artifact","layer":"technology"},{"id":"d85699eb-e773-43a4-91c0-64a6b0c91608","name":"_lastTxTimestamp","type":"Artifact","layer":"technology"},{"id":"f9097584-2b43-4420-8df7-4f97093258fd","name":"_debitCreditAmount","type":"Artifact","layer":"technology"},{"id":"84a92900-a278-4502-9416-7406862ccd15","name":"_balance","type":"Artifact","layer":"technology"}],"relationships":[{"id":"de9b8fd8-f0ca-4adc-aa9b-05760392c9e6","sourceId":"2f5793b5-0b18-44d3-886e-d89ed4b378ab","targetId":"4fde47fd-2124-4e05-b748-ac71d368bf25","type":"AccessRelationship"},{"id":"f8bcfeb0-0da6-4a07-925e-67901c7c602f","sourceId":"2f5793b5-0b18-44d3-886e-d89ed4b378ab","targetId":"f86ee9bc-cbe7-4091-b1fd-9c7e46d86a45","type":"AccessRelationship"},{"id":"8007e3d3-68cf-4123-b923-7f9e7a7fe5ff","sourceId":"09f7e56d-5217-44ac-aa6c-4971d16793c6","targetId":"4fde47fd-2124-4e05-b748-ac71d368bf25","type":"AccessRelationship"},{"id":"4a8557bb-8a23-4812-9c69-83ffc6d89ff4","sourceId":"09f7e56d-5217-44ac-aa6c-4971d16793c6","targetId":"caa0a661-ef2f-4d0a-8dc7-28fa202efcf7","type":"AccessRelationship"},{"id":"79a5e5eb-35f8-4785-9fca-5c73ebf98836","sourceId":"59cef174-2a6c-4557-a87b-b5692c44f455","targetId":"caa0a661-ef2f-4d0a-8dc7-28fa202efcf7","type":"AccessRelationship"},{"id":"e1cb51c2-690b-4da6-8ed4-f1b2012e2dce","sourceId":"59cef174-2a6c-4557-a87b-b5692c44f455","targetId":"9a5d9305-f4bc-4cc8-a2ed-8b1d188453fa","type":"AccessRelationship"},{"id":"1c94204b-e1ab-4053-8cb7-740db2365b94","sourceId":"7c801d36-da53-4bb1-9b74-18c265ad8549","targetId":"3f105d15-b959-41e8-a57f-7705d0d41dfb","type":"AggregationRelationship"},{"id":"a4a28c2f-0e04-4298-9703-d2ea545b4b9d","sourceId":"7c801d36-da53-4bb1-9b74-18c265ad8549","targetId":"83c5f6ee-4025-4e50-9340-2028f6dd81ba","type":"AggregationRelationship"},{"id":"6aa01e6a-e07a-4a10-8105-0cf530286d04","sourceId":"7c801d36-da53-4bb1-9b74-18c265ad8549","targetId":"272a6897-e343-4b26-be19-b907480857ae","type":"AggregationRelationship"},{"id":"b9504b3f-efa1-480b-8885-5e4d21af91db","sourceId":"7c801d36-da53-4bb1-9b74-18c265ad8549","targetId":"45c55273-b9a9-4354-8e8e-91a145361a6a","type":"AggregationRelationship"},{"id":"7d3f4be7-b3cc-477a-a82b-66786b846dc4","sourceId":"582a0b7f-6603-49c0-87f2-d6bfadc49ffe","targetId":"7c801d36-da53-4bb1-9b74-18c265ad8549","type":"AggregationRelationship"},{"id":"03573f24-7f33-4f77-9669-320d4dfa2f75","sourceId":"7c801d36-da53-4bb1-9b74-18c265ad8549","targetId":"7149a641-4c99-46a0-a537-366832a35623","type":"AggregationRelationship"},{"id":"c282c1e7-0b56-4bde-9a00-69452be1f8d8","sourceId":"7c801d36-da53-4bb1-9b74-18c265ad8549","targetId":"71118bf8-543a-4f07-bf8b-4a3afe70791d","type":"AggregationRelationship"},{"id":"f8a995eb-421f-46ee-9295-1d5a48a4827b","sourceId":"7c801d36-da53-4bb1-9b74-18c265ad8549","targetId":"a18b77ce-79fb-4e47-b597-e9b47c15375a","type":"AggregationRelationship"},{"id":"61e70872-83b2-4d22-a1f0-c54e071f53b5","sourceId":"7c801d36-da53-4bb1-9b74-18c265ad8549","targetId":"363afeb5-225a-4f37-af33-60d97bb08478","type":"AggregationRelationship"},{"id":"19caed20-0a94-403a-bd3b-02aac816ed05","sourceId":"7c801d36-da53-4bb1-9b74-18c265ad8549","targetId":"e6a703b8-740e-4d25-a055-310b8a65415f","type":"AggregationRelationship"},{"id":"d706ab5e-d814-474a-8866-0fd39d3f7928","sourceId":"7c801d36-da53-4bb1-9b74-18c265ad8549","targetId":"946dbcb0-5a4e-451a-b255-5ad421dc14dd","type":"AggregationRelationship"},{"id":"3af9c128-df2d-4ceb-825e-0ad19bbcf963","sourceId":"7c801d36-da53-4bb1-9b74-18c265ad8549","targetId":"7b98d2de-221a-4a36-8bc9-3bfe7978520c","type":"AggregationRelationship"},{"id":"87943dba-21bd-43f7-b8cc-939d9a78785c","sourceId":"7c801d36-da53-4bb1-9b74-18c265ad8549","targetId":"521bcaad-d6d5-4616-87e9-7058e2b67fe3","type":"AggregationRelationship"},{"id":"526bce54-90be-4128-980e-977915e49645","sourceId":"7c801d36-da53-4bb1-9b74-18c265ad8549","targetId":"ce844f33-df63-4af0-9ff7-350c292852cf","type":"AggregationRelationship"},{"id":"902de27c-9bc9-482c-9be9-b1c73e752429","sourceId":"45c55273-b9a9-4354-8e8e-91a145361a6a","targetId":"d9c494ff-14a4-429b-b72b-f26d58ed23e0","type":"AccessRelationship"},{"id":"7e098b5a-dbcb-41b2-b94d-854c0e7b4073","sourceId":"7f11f5d1-89de-4b38-96ad-3011981709f3","targetId":"2f5793b5-0b18-44d3-886e-d89ed4b378ab","type":"AggregationRelationship"},{"id":"3f103499-c0bc-4ee8-a43a-fb5ebcae7586","sourceId":"7f11f5d1-89de-4b38-96ad-3011981709f3","targetId":"09f7e56d-5217-44ac-aa6c-4971d16793c6","type":"AggregationRelationship"},{"id":"6c687815-3fc6-4323-b569-b4042b1e2fff","sourceId":"00c18313-74ff-4e0f-ad64-5b3c32a671ef","targetId":"09f7e56d-5217-44ac-aa6c-4971d16793c6","type":"TriggeringRelationship"},{"id":"95faabf1-2dbf-49b8-ae78-be9c8a4f0250","sourceId":"7f11f5d1-89de-4b38-96ad-3011981709f3","targetId":"00c18313-74ff-4e0f-ad64-5b3c32a671ef","type":"TriggeringRelationship"},{"id":"69384923-2be7-41bf-bcc8-6fac36ce3039","sourceId":"09f7e56d-5217-44ac-aa6c-4971d16793c6","targetId":"edf8be50-9d44-48cf-9fb1-02c3ede922ac","type":"AccessRelationship"},{"id":"49677c3a-48d9-4c44-82cb-0a39d74245aa","sourceId":"ca0cf946-f346-4dc6-9e28-6cb69613b670","targetId":"edf8be50-9d44-48cf-9fb1-02c3ede922ac","type":"AccessRelationship"},{"id":"322f79de-f315-4e7b-932b-9efd3493e895","sourceId":"ca0cf946-f346-4dc6-9e28-6cb69613b670","targetId":"caa0a661-ef2f-4d0a-8dc7-28fa202efcf7","type":"AccessRelationship"},{"id":"a2266c3f-1f05-408a-b58a-baac86b158bd","sourceId":"7f11f5d1-89de-4b38-96ad-3011981709f3","targetId":"f86ee9bc-cbe7-4091-b1fd-9c7e46d86a45","type":"AccessRelationship"},{"id":"b7d2fe2d-bd2d-4c3e-ac2a-76e1940a4d7a","sourceId":"e1ccaf87-30de-4065-9492-7a3763789379","targetId":"733a8c30-d9ec-4b75-8e75-2f3d23d83029","type":"FlowRelationship"},{"id":"679b98f7-8f31-4963-b6f7-692857e8748c","sourceId":"c9bcbc78-ce6c-401a-91f3-ce4af05e64c7","targetId":"2d14ee70-9494-4f43-9b8e-f629183df2c5","type":"AggregationRelationship"},{"id":"15ea3ed0-eba2-4b48-b5b4-1c7f5d12ca03","sourceId":"e1ccaf87-30de-4065-9492-7a3763789379","targetId":"2d14ee70-9494-4f43-9b8e-f629183df2c5","type":"AggregationRelationship"},{"id":"fa19590b-cd91-4f1a-93e0-2cea6795a5cf","sourceId":"67debcf9-8578-494a-a227-a58de0ab88ed","targetId":"45ab5501-6269-4317-9668-4a6bfa5df791","type":"AccessRelationship"},{"id":"82179632-e707-4b30-8609-8fe112b0b376","sourceId":"67debcf9-8578-494a-a227-a58de0ab88ed","targetId":"4be597a4-8118-4add-a9e9-d83f5750d306","type":"AccessRelationship"},{"id":"9f57b070-0d35-414b-a9b9-48a7188316b4","sourceId":"6f3aae8d-94f2-4617-89da-6d4e959ad83d","targetId":"3bff2b8c-db6e-4bf8-bbc9-3efa52978934","type":"AccessRelationship"},{"id":"1688d154-b869-419b-96a1-bb84de9a04ca","sourceId":"6f3aae8d-94f2-4617-89da-6d4e959ad83d","targetId":"ff718d3e-a107-4e07-aa57-e451599c1244","type":"AccessRelationship"},{"id":"92d0aea8-ca95-4368-bafd-e0c74dec75e4","sourceId":"e1ccaf87-30de-4065-9492-7a3763789379","targetId":"c9bcbc78-ce6c-401a-91f3-ce4af05e64c7","type":"FlowRelationship"},{"id":"2d56fa45-d0fd-439d-b6a7-ffbb252588b3","sourceId":"c6004221-62b8-4905-86d2-30c8e7d8111f","targetId":"d64e6134-b135-4141-8362-d0d39eb4676d","type":"CompositionRelationship"},{"id":"225f56e4-b7bd-4951-886f-c21e46e1aeb3","sourceId":"c6004221-62b8-4905-86d2-30c8e7d8111f","targetId":"f3667b5f-4466-405c-b4aa-95c1bddd2a1a","type":"CompositionRelationship"},{"id":"8eb29739-c244-488c-bf86-aee49bbb3755","sourceId":"c6004221-62b8-4905-86d2-30c8e7d8111f","targetId":"8404fad3-4d2c-4772-aa98-ac8a251e3f04","type":"CompositionRelationship"},{"id":"47673e90-5bed-4e38-92b7-e35d45c65f69","sourceId":"c6004221-62b8-4905-86d2-30c8e7d8111f","targetId":"5919f8bd-954a-4f77-8b58-a5ca8d34c826","type":"CompositionRelationship"},{"id":"b236a0f8-2ef8-47d3-8e42-cd57799776a6","sourceId":"bb356c12-1566-4793-9f4a-3d2cd6faa5d0","targetId":"264cf1e2-7a8e-4e63-9700-fa369b0cb408","type":"CompositionRelationship"},{"id":"eaf6275b-bf32-4c98-a60a-5793d150a25b","sourceId":"bb356c12-1566-4793-9f4a-3d2cd6faa5d0","targetId":"30b69e9c-b565-49b9-835c-5b5f5a15d304","type":"CompositionRelationship"},{"id":"513b3381-ccf8-476e-8b14-07193bf1b099","sourceId":"bb356c12-1566-4793-9f4a-3d2cd6faa5d0","targetId":"5504b827-6cdf-476c-9aa7-85b4478b98aa","type":"CompositionRelationship"},{"id":"1f952dd1-94b2-4661-9eb9-63e1283a5334","sourceId":"9d5beda9-3f53-4f91-b842-06d39f8a169f","targetId":"d85699eb-e773-43a4-91c0-64a6b0c91608","type":"CompositionRelationship"},{"id":"07088c2c-b191-4c8b-beb3-512d14c6828e","sourceId":"9d5beda9-3f53-4f91-b842-06d39f8a169f","targetId":"f9097584-2b43-4420-8df7-4f97093258fd","type":"CompositionRelationship"},{"id":"50eb403a-9a6d-438d-8be7-30951b74c362","sourceId":"9d5beda9-3f53-4f91-b842-06d39f8a169f","targetId":"84a92900-a278-4502-9416-7406862ccd15","type":"CompositionRelationship"},{"id":"72060436-5c91-4b1c-b3bd-9bb222d5197e","sourceId":"9d5beda9-3f53-4f91-b842-06d39f8a169f","targetId":"bb356c12-1566-4793-9f4a-3d2cd6faa5d0","type":"RealizationRelationship"}],"views":[{"id":"d31e702a-c894-495c-aa76-054ca3b3caa4","name":"NEO Architecture Reference Model v1.0","viewpoint":""},{"id":"86ad2dcd-45d4-445e-8c9f-2772d0b31d01","name":"NEO Architecture Reference Model v1.1","viewpoint":""},{"id":"6bf01376-6466-4653-8c35-f2e234e6fe40","name":"References","viewpoint":""},{"id":"ba0f0334-e69b-4d05-8ed5-a8d78f74a8f1","name":"NEO Architecture Reference Model v2.0","viewpoint":""},{"id":"fa65b0a7-13df-405d-a7b8-e42687e7fb2f","name":"NEO Persistable Classes Platform 2.1","viewpoint":""},{"id":"8a6f0660-f9fb-4960-abb1-e05d080b3ef2","name":"NPC NEP5 Token Reference Implementation","viewpoint":""}]}