{"identifier":"https://me.big.tuwien.ac.at/EAModelSet/id-EAPK_1B7FFD02_4F1E_451b_B80C_F35A7EA6861D","archimateId":"id-EAPK_1B7FFD02_4F1E_451b_B80C_F35A7EA6861D","name":"GC Business Capability Model v2.0","description":"","formats":["XML","CSV","JSON","ARCHIMATE"],"source":"GitHub","repository":"canada-ca/architecture","license":"MIT License","sourceFile":"raw-data/github/xml/gc_bcm_2.0_all_modeled_archimate_exchange_format.xml","sourceFormat":"XML","timestamp":"2023-07-06T09:29:17","tags":[],"duplicates":[],"language":"en","elements":[{"id":"id-EAID_C33BE144_4711_4d89_BE22_A9C287503C2F","name":"1. Legislation and Policy Management","type":"Capability","layer":"strategy"},{"id":"id-EAID_D116D1F7_608E_447f_A365_53EEEF2415DC","name":"1.1. Legislation and Regulations Management","type":"Capability","layer":"strategy"},{"id":"id-EAID_B47B9287_BBCE_4023_8A4A_B908900D73DF","name":"1.1.1. Legislation and Regulation Development","type":"Capability","layer":"strategy"},{"id":"id-EAID_90935034_A5ED_9B1D_840A_A84AB4FF6F59","name":"1.1.2. Legislation and Regulation Implementation","type":"Capability","layer":"strategy"},{"id":"id-EAID_D601FCD6_A131_3D95_200E_CAF3E6B78377","name":"1.1.3. Legislation and Regulation Evaluation","type":"Capability","layer":"strategy"},{"id":"id-EAID_D6E1F341_7244_4A06_5825_79FFF66848D2","name":"1.2. Policy Management","type":"Capability","layer":"strategy"},{"id":"id-EAID_6676AB22_969C_3988_2803_AF877B645044","name":"1.2.1. Legislation Review","type":"Capability","layer":"strategy"},{"id":"id-EAID_B6B97082_70BA_105D_21B0_C2628FA8801A","name":"1.2.2. Policy Development","type":"Capability","layer":"strategy"},{"id":"id-EAID_5E7E325D_41C0_5435_18D5_2C2BCBC49C48","name":"1.2.3. Policy Assessment and Guidance","type":"Capability","layer":"strategy"},{"id":"id-EAID_D89FC2AC_1278_5F55_61A8_8D04BCFD0716","name":"2. Enterprise Planning","type":"Capability","layer":"strategy"},{"id":"id-EAID_E73C1A4D_6FC7_2694_880E_110FDA6A3C18","name":"2.1. Financial Planning","type":"Capability","layer":"strategy"},{"id":"id-EAID_00BCB554_5132_057E_3F33_4B21A3331F09","name":"2.1.1. Budget Planning","type":"Capability","layer":"strategy"},{"id":"id-EAID_F173F82F_9AEB_9CCE_53AE_417F373A02A0","name":"2.1.2. Strategic Investment Planning","type":"Capability","layer":"strategy"},{"id":"id-EAID_FEF685C4_169A_78E9_0F35_EDE8B3269DB0","name":"2.1.3. Treasury Management","type":"Capability","layer":"strategy"},{"id":"id-EAID_0AB115C7_0178_0E87_6062_09A6000D8CFF","name":"2.1.4. Budget Management","type":"Capability","layer":"strategy"},{"id":"id-EAID_1A5AF267_2DF3_5F59_4A86_AEE0B1A829B8","name":"2.2. Integrated Planning","type":"Capability","layer":"strategy"},{"id":"id-EAID_4050CC24_5AC5_6FD0_7C60_E017C4CE33E3","name":"2.2.1. Environmental Scan Management","type":"Capability","layer":"strategy"},{"id":"id-EAID_16E138FF_0F41_A448_48E8_445D04778913","name":"2.2.2. Enterprise Architecture","type":"Capability","layer":"strategy"},{"id":"id-EAID_3BC9F629_779A_8521_35C0_B694FA6B95A3","name":"2.2.3. Portfolio Management","type":"Capability","layer":"strategy"},{"id":"id-EAID_9FB99883_0C7A_0D59_622E_71F1C9EAA78C","name":"2.2.4. Strategic Risk Assessment","type":"Capability","layer":"strategy"},{"id":"id-EAID_CC442875_90CE_0AC8_29BC_5B5072B305DD","name":"2.2.5. Transformation and Innovation","type":"Capability","layer":"strategy"},{"id":"id-EAID_924C6E25_0E55_1FEA_1F46_571D31E29ADE","name":"2.3. Program and Service Planning","type":"Capability","layer":"strategy"},{"id":"id-EAID_F13068B3_3C15_8448_5E7F_E34A79DB8380","name":"2.3.1. Program and Service Definition","type":"Capability","layer":"strategy"},{"id":"id-EAID_0F403716_8CC3_97F0_1B77_5247382881B2","name":"2.3.2. Program and Service Delivery Design","type":"Capability","layer":"strategy"},{"id":"id-EAID_779F7C0B_817F_8A55_3F10_B4EB4BB5504A","name":"2.3.2.1. Program Planning and Design","type":"Capability","layer":"strategy"},{"id":"id-EAID_4E747210_4377_3CCE_5ADA_96AD40816A9B","name":"2.3.2.2. Service Planning and Design","type":"Capability","layer":"strategy"},{"id":"id-EAID_FB2B1D4D_076E_A4C1_18E7_307235896487","name":"2.3.3. Program Alignment","type":"Capability","layer":"strategy"},{"id":"id-EAID_8E563758_69CE_2DDD_2300_64B5119A6C68","name":"3. Outcomes Management","type":"Capability","layer":"strategy"},{"id":"id-EAID_63667585_A697_658E_622A_EC1A55660A46","name":"3.1. Governance and Oversight Management","type":"Capability","layer":"strategy"},{"id":"id-EAID_48FCBC55_750A_59F4_795A_0B65E2524D99","name":"3.1.1. Governance Framework Design","type":"Capability","layer":"strategy"},{"id":"id-EAID_14D4BC2B_61DE_564D_61AB_E2E0FC48285C","name":"3.1.2. Governance Implementation","type":"Capability","layer":"strategy"},{"id":"id-EAID_4D8031F5_61C7_8C4D_39B4_E368E6C9670A","name":"3.2. Performance Management","type":"Capability","layer":"strategy"},{"id":"id-EAID_6EDB8352_31BE_0921_5239_CDDDD2DA8AC5","name":"3.2.1. Performance Framework Design","type":"Capability","layer":"strategy"},{"id":"id-EAID_F1CFB2B9_5520_911D_0941_C6D840D71822","name":"3.2.2. Performance Measurement","type":"Capability","layer":"strategy"},{"id":"id-EAID_7434F389_16CC_1919_3F13_2169A08219DF","name":"3.2.3. Service Quality Management","type":"Capability","layer":"strategy"},{"id":"id-EAID_72CEF6C0_5CBE_061F_5502_E783792B79D7","name":"3.2.3.1. Service Efficiency Management","type":"Capability","layer":"strategy"},{"id":"id-EAID_100A8995_6473_428E_3748_E2814B0235F1","name":"3.2.3.2. Service Quality Assurance Management","type":"Capability","layer":"strategy"},{"id":"id-EAID_342CBFE4_02B3_184D_5ECA_FF036A4C02EF","name":"3.3. Reporting Framework Management","type":"Capability","layer":"strategy"},{"id":"id-EAID_A3F28F1D_17CB_662C_9F0A_7C82BA997B47","name":"3.3.1. Reporting Framework Design","type":"Capability","layer":"strategy"},{"id":"id-EAID_3C37D03A_8B99_8038_0AB8_585B64A847F9","name":"3.3.2. Strategic, Tactical and Operational Reporting","type":"Capability","layer":"strategy"},{"id":"id-EAID_CE7D2172_22B8_5195_1B04_9765604B4AF1","name":"3.3.3. Reports Monitoring","type":"Capability","layer":"strategy"},{"id":"id-EAID_D0D32963_3EEE_6BC9_79F0_7787D4E42BB1","name":"4. Relationship Management","type":"Capability","layer":"strategy"},{"id":"id-EAID_0BAEBD2C_697F_8475_9ECB_600BFBDE4982","name":"4.1. Stakeholder Awareness Management","type":"Capability","layer":"strategy"},{"id":"id-EAID_961D0CBB_2939_4674_3D54_7BA4CBA27920","name":"4.1.1. Channel Management","type":"Capability","layer":"strategy"},{"id":"id-EAID_26B31FC4_7719_2011_06F4_8A1097C2422D","name":"4.1.2. Public Outreach Management","type":"Capability","layer":"strategy"},{"id":"id-EAID_DA66682D_9A28_8B9E_8045_F97AEBC58CD3","name":"4.1.3. Stakeholder Education Management","type":"Capability","layer":"strategy"},{"id":"id-EAID_41A050B9_7BC5_1379_4375_7774F7E1133D","name":"4.2. Stakeholder Information Management","type":"Capability","layer":"strategy"},{"id":"id-EAID_351DA18F_56B3_6DDF_491D_01F383D386D8","name":"4.2.1. Stakeholder Profile Management","type":"Capability","layer":"strategy"},{"id":"id-EAID_46D6D1DA_127C_53B2_7C34_292324A19A62","name":"4.2.2. Stakeholder Assessment","type":"Capability","layer":"strategy"},{"id":"id-EAID_78CDE6FF_606A_06AE_108C_3794BE106202","name":"4.2.3. Stakeholder Risk Assessment","type":"Capability","layer":"strategy"},{"id":"id-EAID_94DA8245_3E0A_A3A7_7C91_FBDCA4375FC2","name":"4.3. Stakeholder Interaction Management","type":"Capability","layer":"strategy"},{"id":"id-EAID_26E10CD3_5DB2_0D90_6A6A_97FC95D0A5DC","name":"4.3.1. Correspondence Management","type":"Capability","layer":"strategy"},{"id":"id-EAID_CB93169B_7286_4152_380E_0CE4CF74185D","name":"4.3.1.1. Correspondence Design","type":"Capability","layer":"strategy"},{"id":"id-EAID_696CCD17_687B_0C2F_15D1_74D174D10AF5","name":"4.3.1.2. Correspondence Delivery","type":"Capability","layer":"strategy"},{"id":"id-EAID_9B18A949_2606_74AA_4F61_7D2410DD510D","name":"4.3.2. Engagement Management","type":"Capability","layer":"strategy"},{"id":"id-EAID_F132F08B_2DFA_5532_573C_002D5E5A9212","name":"4.3.2.1. Intake","type":"Capability","layer":"strategy"},{"id":"id-EAID_188D6953_23F6_39D8_0B78_8FAC7DC7738B","name":"4.3.2.2. Culture and Protocol","type":"Capability","layer":"strategy"},{"id":"id-EAID_605B93AD_0248_6365_378B_D6C23429786A","name":"4.3.2.3. Consultation","type":"Capability","layer":"strategy"},{"id":"id-EAID_35A53F36_8C82_9EEA_797A_54BD5D5871E2","name":"4.3.3. Registration and Eligibility Management","type":"Capability","layer":"strategy"},{"id":"id-EAID_9BFDAF97_47D1_790E_4F34_8D535B202811","name":"4.3.3.1. Authorization","type":"Capability","layer":"strategy"},{"id":"id-EAID_056339A9_3D42_6035_5E36_8CA25F1929CD","name":"4.3.3.2. Registration and Enrollment","type":"Capability","layer":"strategy"},{"id":"id-EAID_EE74F370_0842_1184_5876_7CB5B90D5480","name":"4.3.3.3. Eligibility and Entitlement","type":"Capability","layer":"strategy"},{"id":"id-EAID_984BCFB6_13C2_41F9_5E67_E1DEA71649AE","name":"5. Regulatory Compliance Management","type":"Capability","layer":"strategy"},{"id":"id-EAID_762EB9BA_3C49_5BBA_2341_DAA6A0809DEF","name":"5.1. Regulations Management","type":"Capability","layer":"strategy"},{"id":"id-EAID_57FE5569_4504_2629_3DA6_DFB35E195ED4","name":"5.1.1. Regulations Delivery","type":"Capability","layer":"strategy"},{"id":"id-EAID_6702FDF0_7758_036D_2BD0_5D23BFBC35CD","name":"5.1.2. Regulations Monitoring","type":"Capability","layer":"strategy"},{"id":"id-EAID_2972B9C4_66A1_3352_8F76_BE7FF1424D30","name":"5.2. Compliance Management","type":"Capability","layer":"strategy"},{"id":"id-EAID_80508E1E_11AA_12BE_9859_48AF2C1414C7","name":"5.2.1. Compliance Risk Assessment","type":"Capability","layer":"strategy"},{"id":"id-EAID_85FB5D67_3DDE_4F4F_3720_E16BD3576882","name":"5.2.2. Compliance Assessment Management","type":"Capability","layer":"strategy"},{"id":"id-EAID_EBDFB5DF_8A34_2328_002F_42753A907F4C","name":"5.2.3. Investigations Management","type":"Capability","layer":"strategy"},{"id":"id-EAID_F86D1501_2975_511D_3B8F_5EE6319058EB","name":"6. Program and Service Delivery","type":"Capability","layer":"strategy"},{"id":"id-EAID_4F07E356_625E_3E0A_0C35_D2C17D3F7B3A","name":"6.1. Agreements Management","type":"Capability","layer":"strategy"},{"id":"id-EAID_E0C76841_483C_15C5_2597_ABF571B324DD","name":"6.1.1. International Agreements Management","type":"Capability","layer":"strategy"},{"id":"id-EAID_90C6AD29_4272_82C7_0F3C_5E237769064B","name":"6.1.2. Legal Agreements Management","type":"Capability","layer":"strategy"},{"id":"id-EAID_1432D2BC_308B_1BA8_318F_0320F5B7693B","name":"6.1.3. Negotiation Management","type":"Capability","layer":"strategy"},{"id":"id-EAID_3B8D8A06_97F8_10D5_0D60_1623332A39B7","name":"6.1.4. Stakeholder Agreement Management","type":"Capability","layer":"strategy"},{"id":"id-EAID_C9538392_2389_6735_93A5_2202134B1892","name":"6.2. Public Safety and Defence Management","type":"Capability","layer":"strategy"},{"id":"id-EAID_A1B6D70C_9763_66E5_916A_8D634ECB1EF6","name":"6.2.1. National Security Management","type":"Capability","layer":"strategy"},{"id":"id-EAID_225BE310_9D9E_236F_014C_8D4AAE361F83","name":"6.2.2. Policing and Crime Prevention Management","type":"Capability","layer":"strategy"},{"id":"id-EAID_083EF6B9_62B1_4B25_9927_0FCD8E180A7E","name":"6.2.3. Defence and Combat Management","type":"Capability","layer":"strategy"},{"id":"id-EAID_2CEBC96E_2D79_6694_7377_3556AFE55A51","name":"6.2.4. Border and Trade Management","type":"Capability","layer":"strategy"},{"id":"id-EAID_1AFE9E85_1983_9F2B_757A_42ECFC4A3057","name":"6.2.5. Response and Rescue Management","type":"Capability","layer":"strategy"},{"id":"id-EAID_4AB29193_8514_5198_5185_155A63966562","name":"6.2.6. Peacekeeping Management","type":"Capability","layer":"strategy"},{"id":"id-EAID_636C924B_63D4_34A0_08D4_C78B6C608393","name":"6.3. Health and Well-Being Management","type":"Capability","layer":"strategy"},{"id":"id-EAID_06F624A2_9362_79C9_50E1_4133C3FB9CFE","name":"6.3.1. Rehabilitation Management","type":"Capability","layer":"strategy"},{"id":"id-EAID_2EE91BEA_A299_8857_80D4_3D7E098F2F35","name":"6.3.2. Medical Assistance Provisioning and Management","type":"Capability","layer":"strategy"},{"id":"id-EAID_981F8DC9_88A4_2D9F_439A_92B654CE4ECA","name":"6.4. Dispute Resolution Management","type":"Capability","layer":"strategy"},{"id":"id-EAID_8540C957_1C2A_72FF_2FE0_B5BFD69255F3","name":"6.4.1. Evidence Collection and Discovery Management","type":"Capability","layer":"strategy"},{"id":"id-EAID_6F9046B0_2905_184D_764D_121A88409F2C","name":"6.4.2. Mediation and Conciliation Management","type":"Capability","layer":"strategy"},{"id":"id-EAID_7085CD5E_9CD9_6AD1_A51F_A8AC7D304DCE","name":"6.4.3. Arbitration Management","type":"Capability","layer":"strategy"},{"id":"id-EAID_3822E8BB_0910_3C8A_1D78_51D94A23376D","name":"6.4.4. Rulings Management","type":"Capability","layer":"strategy"},{"id":"id-EAID_ABC6068B_07F5_852E_7B78_64982F073222","name":"6.5. Product and Solution Management","type":"Capability","layer":"strategy"},{"id":"id-EAID_9789D176_4DAC_433E_8741_3BA04A207A2F","name":"6.5.1. Product Innovation","type":"Capability","layer":"strategy"},{"id":"id-EAID_16515CFF_2323_957E_1735_17E5FE2E7D30","name":"6.5.2. Product Development","type":"Capability","layer":"strategy"},{"id":"id-EAID_0FBDACEA_42C6_4E4A_3882_9F658AD72C8E","name":"6.5.3. Production Management","type":"Capability","layer":"strategy"},{"id":"id-EAID_3E325204_4C0D_617A_A2AF_77797F1438D1","name":"6.6. Justice and Legal Management","type":"Capability","layer":"strategy"},{"id":"id-EAID_E97AB9FA_0DBE_9F3C_67F6_F9DB8EDF97A0","name":"6.6.1. Legal Defence Management","type":"Capability","layer":"strategy"},{"id":"id-EAID_2ECDF4B2_27B8_257D_3991_7AB7230C05A4","name":"6.6.2. Prosecution Management","type":"Capability","layer":"strategy"},{"id":"id-EAID_139B6302_1D0A_2247_4602_704B07241750","name":"6.6.3. Legal Judgement Management","type":"Capability","layer":"strategy"},{"id":"id-EAID_C552B203_87FC_55C9_059D_1452B6B6A781","name":"6.7. Authorization Management","type":"Capability","layer":"strategy"},{"id":"id-EAID_95DDFDD3_9EF1_7C63_0168_F57DFD3B6E1C","name":"6.7.1. Authorization Generation","type":"Capability","layer":"strategy"},{"id":"id-EAID_B599D1B5_1F2F_538C_6FCC_8845E20066D0","name":"6.7.2. Authorization Delivery","type":"Capability","layer":"strategy"},{"id":"id-EAID_703EBC49_5F65_4DFC_85AA_FA9306D584C4","name":"6.7.3. Authorization Validation","type":"Capability","layer":"strategy"},{"id":"id-EAID_9688395C_9775_29F6_2C73_D3D7BCED49CE","name":"6.8. Payment Management","type":"Capability","layer":"strategy"},{"id":"id-EAID_8049A0F1_4DAD_14BB_8976_0177C0FC60E5","name":"6.8.1. Adjustment Management","type":"Capability","layer":"strategy"},{"id":"id-EAID_DEF6295E_3132_920B_19DD_5CCD6EFB7D63","name":"6.8.2. Payment Processing","type":"Capability","layer":"strategy"},{"id":"id-EAID_453CD885_7BB9_A372_86E1_F708EFA541EA","name":"6.8.3. Reconciliation Management","type":"Capability","layer":"strategy"},{"id":"id-EAID_60C2C788_5D7C_3C5B_5066_A3554E129998","name":"6.8.4. Recovery and Collections Management","type":"Capability","layer":"strategy"},{"id":"id-EAID_07C15A59_33FD_262B_6C66_B93A7B118A01","name":"6.9. Public Asset Management","type":"Capability","layer":"strategy"},{"id":"id-EAID_0FE03A61_6176_7835_0C17_E9B6F172046E","name":"6.9.1. Environmental Advocacy Management","type":"Capability","layer":"strategy"},{"id":"id-EAID_F8F27FCF_867A_3CDB_6D0A_1056D8BA7CEC","name":"6.9.2. Geographic and Geospatial Management","type":"Capability","layer":"strategy"},{"id":"id-EAID_D8EE3CD7_7441_1829_7A24_1344A5404ED5","name":"6.9.3. Natural Resources Management","type":"Capability","layer":"strategy"},{"id":"id-EAID_A6020686_4B2A_3EB9_12E6_4253523F8782","name":"6.10. Heritage and Culture Management","type":"Capability","layer":"strategy"},{"id":"id-EAID_52F1BF15_3D17_7186_9945_86789CF66A8A","name":"6.10.1. Cultural Advocacy Management","type":"Capability","layer":"strategy"},{"id":"id-EAID_A65E67D5_7D1D_86DA_9FBF_22DD127A073F","name":"6.10.2. Heritage Preservation Management","type":"Capability","layer":"strategy"},{"id":"id-EAID_B10375D9_1C75_382E_96D1_A9FAFAB943B8","name":"6.10.3. Collection Management","type":"Capability","layer":"strategy"},{"id":"id-EAID_D80CE4D1_91C8_6E5A_7914_CA08BC51579D","name":"7. Information and Data Management","type":"Capability","layer":"strategy"},{"id":"id-EAID_19B23EDD_A010_41F7_3730_00583A4C5371","name":"7.1. Information Management","type":"Capability","layer":"strategy"},{"id":"id-EAID_95AC162E_081B_5B33_A31B_1B40F6C58C09","name":"7.1.1. Information Access Management","type":"Capability","layer":"strategy"},{"id":"id-EAID_A4EB4526_3DCD_30CC_385A_CB16423E4E47","name":"7.1.2. Information Matching and Linking Management","type":"Capability","layer":"strategy"},{"id":"id-EAID_7A43F358_8C71_3E9C_81CD_779E5ECC4387","name":"7.1.3. Information Definition Management","type":"Capability","layer":"strategy"},{"id":"id-EAID_DBEDAD4F_2370_0317_60F9_2DAB2C7D2B5F","name":"7.1.4. Information Packaging","type":"Capability","layer":"strategy"},{"id":"id-EAID_EB7324A2_420A_3697_7D72_F4932A643073","name":"7.1.5. Information Aggregation Management","type":"Capability","layer":"strategy"},{"id":"id-EAID_C080344C_2AD2_69B4_8D18_169DF9702E7F","name":"7.1.6. Records and Information Resources Classification","type":"Capability","layer":"strategy"},{"id":"id-EAID_8CC1D575_66D4_56D6_34C3_B1FC489F4D00","name":"7.1.7. Information Dissemination","type":"Capability","layer":"strategy"},{"id":"id-EAID_A4BB5814_5A46_A1AC_4CB2_4457FB1A9FD2","name":"7.1.8. Information Life-cycle Management","type":"Capability","layer":"strategy"},{"id":"id-EAID_8A848DC4_324A_57A6_8953_6E57A3F54340","name":"7.2. Registry Management","type":"Capability","layer":"strategy"},{"id":"id-EAID_116053AA_5C90_8384_3689_2BA2AECE272B","name":"7.2.1. Registry Development Management","type":"Capability","layer":"strategy"},{"id":"id-EAID_4E653EA8_9141_759A_5549_C4B49F67919B","name":"7.2.2. Registry Verification Management","type":"Capability","layer":"strategy"},{"id":"id-EAID_C29FCE2D_720C_3D18_4E8F_3FA75A27533A","name":"7.2.3. Registry Maintenance Management","type":"Capability","layer":"strategy"},{"id":"id-EAID_9FD657B0_1AD2_8879_0FA0_640E3689A7A5","name":"7.3. Research and Knowledge Management","type":"Capability","layer":"strategy"},{"id":"id-EAID_DCD06261_8E27_9A03_8C4F_65A3BF649138","name":"7.3.1. Knowledge Management","type":"Capability","layer":"strategy"},{"id":"id-EAID_D60063D0_0C69_3829_4AED_36534DDC4D62","name":"7.3.2. Research Management","type":"Capability","layer":"strategy"},{"id":"id-EAID_B38C2062_161F_6FA8_2112_D9A50C76533E","name":"7.3.3. Survey Management","type":"Capability","layer":"strategy"},{"id":"id-EAID_4CE63C18_8C25_6431_98A6_F53C9AD62EBC","name":"7.3.4. Intelligence Management","type":"Capability","layer":"strategy"},{"id":"id-EAID_DBD8F352_7D24_6AF7_8CB2_4FE03AC083BC","name":"7.3.5. Analytics Management","type":"Capability","layer":"strategy"},{"id":"id-EAID_7383E124_4EF1_99B0_3912_A8CBA4879B1B","name":"8. Government Resources Management","type":"Capability","layer":"strategy"},{"id":"id-EAID_6B57FBBF_26CE_4D19_03AE_F35A5BEB3439","name":"8.1. Acquisition Management","type":"Capability","layer":"strategy"},{"id":"id-EAID_AEF2E7E8_6CF4_75A7_890A_3A19544632DC","name":"8.1.1. Bargaining","type":"Capability","layer":"strategy"},{"id":"id-EAID_6D69C680_1589_17DD_8807_EB608A3C3A21","name":"8.1.2. Sourcing and Procurement","type":"Capability","layer":"strategy"},{"id":"id-EAID_CC356F77_5353_4BD6_08A1_19734069178F","name":"8.1.3. Vendor","type":"Capability","layer":"strategy"},{"id":"id-EAID_CE36E909_9390_04E3_53A8_F6C19EC398D1","name":"8.2. Financial Management","type":"Capability","layer":"strategy"},{"id":"id-EAID_4230A603_1D7D_248B_4699_408F18171C4E","name":"8.2.1. Financial Planning and Budgeting","type":"Capability","layer":"strategy"},{"id":"id-EAID_98025505_75F2_9846_03AB_4373E225A216","name":"8.2.2. Accounting","type":"Capability","layer":"strategy"},{"id":"id-EAID_E9CD577D_63C0_9827_9D57_E3AB52A80FAA","name":"8.2.3. Costing and Funding","type":"Capability","layer":"strategy"},{"id":"id-EAID_574D8501_8BCD_9C79_3211_3442EC7C2317","name":"8.2.4. Financial Analysis and Evaluation","type":"Capability","layer":"strategy"},{"id":"id-EAID_60879EE6_49B6_3BE2_A659_F0D7EF669DCE","name":"8.3. Human Resource Management","type":"Capability","layer":"strategy"},{"id":"id-EAID_73521347_57A0_73E6_18C5_CCC1D92D7A18","name":"8.3.1. Workplace Management","type":"Capability","layer":"strategy"},{"id":"id-EAID_83EDF340_4D8B_44D2_8FCC_B8FE9F0C3373","name":"8.3.2. Workforce Management","type":"Capability","layer":"strategy"},{"id":"id-EAID_F197067D_2CA2_61F2_512E_90F31B666F30","name":"8.3.3. Talent Management","type":"Capability","layer":"strategy"},{"id":"id-EAID_6C334D63_2913_6ED8_8F29_765B475A3EA2","name":"8.3.4. Training and Development Management","type":"Capability","layer":"strategy"},{"id":"id-EAID_EAA5B89B_5B28_7586_3C82_6B2BAF03648B","name":"8.4. Materiel, Real Property and Asset Management","type":"Capability","layer":"strategy"},{"id":"id-EAID_D42F57BC_267B_3599_1D73_ACD7C05F1B01","name":"8.4.1. Facilities Management","type":"Capability","layer":"strategy"},{"id":"id-EAID_231393B2_0284_3226_78CA_BB62300E6C5F","name":"8.4.2. Real Property and Asset Management","type":"Capability","layer":"strategy"},{"id":"id-EAID_365E23D8_1CDB_4DF3_1536_4926FFB67BEB","name":"8.4.3. Fleet Management","type":"Capability","layer":"strategy"},{"id":"id-EAID_80F89056_85A3_128E_3981_6A4E98809667","name":"8.4.4. Seized Goods Management","type":"Capability","layer":"strategy"},{"id":"id-EAID_56D69863_A32C_3A44_1C28_291D53046F3F","name":"8.4.5. Animal Husbandry Management","type":"Capability","layer":"strategy"},{"id":"id-EAID_262DB28A_783E_276E_046C_74EA08DC7B17","name":"8.5. Technology Management","type":"Capability","layer":"strategy"},{"id":"id-EAID_F06A5547_5102_5D34_45ED_68352981408A","name":"8.5.1. Infrastructure Management","type":"Capability","layer":"strategy"},{"id":"id-EAID_58F6FA18_92D9_1DC7_66BD_D77A8CF53CEE","name":"8.5.2. IT Architecture and Design Management","type":"Capability","layer":"strategy"},{"id":"id-EAID_C8B6E225_7700_41AF_5223_A56E5D325E45","name":"8.5.3. IT Solution Management","type":"Capability","layer":"strategy"},{"id":"id-EAID_65554684_97B0_284A_9400_136362218F80","name":"8.6. Work Management","type":"Capability","layer":"strategy"},{"id":"id-EAID_472A2795_65CF_1154_6E23_05E99A3A7265","name":"8.6.1. Workflow Management","type":"Capability","layer":"strategy"},{"id":"id-EAID_36D3F227_A6A5_7233_88B0_834437CE15FF","name":"8.6.2. Workload Management","type":"Capability","layer":"strategy"},{"id":"id-EAID_3967785C_70FB_6367_7414_89F9CC059B7E","name":"9. Corporate Management","type":"Capability","layer":"strategy"},{"id":"id-EAID_426A566B_4A1A_381F_9A55_873307BF4307","name":"9.1. Security Management","type":"Capability","layer":"strategy"},{"id":"id-EAID_80238B2C_937D_47AF_9FB8_88DE6555821D","name":"9.1.1. Security Screening Management","type":"Capability","layer":"strategy"},{"id":"id-EAID_C268488B_71C2_2F9E_0133_7DD2C2B73FCF","name":"9.1.2. Security Access Management","type":"Capability","layer":"strategy"},{"id":"id-EAID_1243033C_8F1B_7F1D_569D_341548A49767","name":"9.1.3. Security Monitoring","type":"Capability","layer":"strategy"},{"id":"id-EAID_D01A638B_119E_758C_0840_B0D5D06F6EB5","name":"9.1.4. Security Event Management","type":"Capability","layer":"strategy"},{"id":"id-EAID_1644E42C_071C_637D_A1EB_DE625B901A59","name":"9.2. Communications Management","type":"Capability","layer":"strategy"},{"id":"id-EAID_842140FD_8D8A_855E_6B57_64B4CD0E4C47","name":"9.2.1. Corporate Communications Management","type":"Capability","layer":"strategy"},{"id":"id-EAID_5F40008E_7AA0_8804_7CA1_3D9B0696A001","name":"9.2.2. Public Affairs Management","type":"Capability","layer":"strategy"},{"id":"id-EAID_8B80E315_50CA_61FF_4567_A70CEE1B03DF","name":"9.2.3. Marketing Management","type":"Capability","layer":"strategy"},{"id":"id-EAID_645E9F9A_4BE9_1E8F_91AE_7806E4AE8F8E","name":"9.2.4. Brand Management","type":"Capability","layer":"strategy"},{"id":"id-EAID_2268B2DC_1D50_939E_322E_470498D0007B","name":"9.2.5. Linguistic Management","type":"Capability","layer":"strategy"},{"id":"id-EAID_F2C6CA34_114B_86F2_4C2E_4F708D7B8295","name":"9.3. Business Transformation Management","type":"Capability","layer":"strategy"},{"id":"id-EAID_122F77CD_4A69_8B07_61D1_41EFFD247FD1","name":"9.3.1. Change Design Management","type":"Capability","layer":"strategy"},{"id":"id-EAID_E471BD97_2F86_1CAA_504A_E705F3AE2E11","name":"9.3.2. Change Implementation Management","type":"Capability","layer":"strategy"},{"id":"id-EAID_CD2C36A8_3553_54C3_409E_5518DD727F33","name":"9.3.3. Change Monitoring Management","type":"Capability","layer":"strategy"},{"id":"id-EAID_5557DE09_7A91_5635_7A37_1656F8DE1B4F","name":"9.3.4. Project Management","type":"Capability","layer":"strategy"},{"id":"id-EAID_DE834F5C_0B77_578F_6905_9B59612538C6","name":"9.4. Business Disruption Management","type":"Capability","layer":"strategy"},{"id":"id-EAID_536499E0_7601_0792_6EC4_0E4A08AD5654","name":"9.4.1. Business Continuity Management","type":"Capability","layer":"strategy"},{"id":"id-EAID_66DA095B_84B5_133C_1E77_1A94F3397D7E","name":"9.4.2. Disaster Recovery Management","type":"Capability","layer":"strategy"},{"id":"id-EAID_A68BE3D6_8857_37CE_8909_2526EFF09390","name":"9.4.3. Emergency Operations Management","type":"Capability","layer":"strategy"},{"id":"id-EAID_3E18BD34_19BD_165D_2AAB_37C541D44F65","name":"9.5. Legal Management","type":"Capability","layer":"strategy"},{"id":"id-EAID_E18D9FCC_23FA_A495_5D6E_B3C237115C4B","name":"9.5.1. Legal Advice Management","type":"Capability","layer":"strategy"},{"id":"id-EAID_79197F24_4BDD_939B_2A71_E4F6582D05A1","name":"9.5.2. Legal Support Management","type":"Capability","layer":"strategy"},{"id":"id-EAID_8E454A82_28FF_7997_6B07_994AFD330A97","name":"9.6. Audit Management","type":"Capability","layer":"strategy"},{"id":"id-EAID_EAF9AE1C_7C60_612A_946E_99D6EEFE7BD5","name":"9.6.1. Audit Evaluation Management","type":"Capability","layer":"strategy"},{"id":"id-EAID_24F7229E_0A76_5317_8E04_121D66241DA3","name":"9.6.2. Internal Audit Management","type":"Capability","layer":"strategy"},{"id":"id-EAID_7B5970A5_450A_A228_223C_D1974FAB1D19","name":"9.6.3. Program and Service Audit Management","type":"Capability","layer":"strategy"},{"id":"id-EAID_2EEC916E_7709_1062_4732_9D506B136C61","name":"9.7. Event Management","type":"Capability","layer":"strategy"},{"id":"id-EAID_49234B30_0E60_2FA3_A476_9015E1E9357B","name":"9.7.1. Event Planning Management","type":"Capability","layer":"strategy"},{"id":"id-EAID_B952698E_74E1_20C7_3255_C6688C452E94","name":"9.7.2. Event Support Management","type":"Capability","layer":"strategy"},{"id":"id-EAID_088AED45_318E_3A8C_7B7D_E9ECE5C5823C","name":"9.7.3. Event Implementation Management","type":"Capability","layer":"strategy"},{"id":"id-EAID_929D9C08_14EA_297A_91BD_1C37B50E30C3","name":"9.7.4. Event Evaluation Management","type":"Capability","layer":"strategy"}],"relationships":[],"views":[{"id":"id-EAID_E2C3D1CA_7E8B_45ef_B177_4F970300DA9D","name":"GC Business Capability Model v2.0","viewpoint":""}]}