<?xml version="1.0" encoding="UTF-8"?>
<model xmlns="http://www.opengroup.org/xsd/archimate/3.0/" xmlns:xsi="http://www.w3.org/2001/XMLSchema-instance" xsi:schemaLocation="http://www.opengroup.org/xsd/archimate/3.0/ http://www.opengroup.org/xsd/archimate/3.1/archimate3_Diagram.xsd" identifier="id-4e77bd07-7806-4936-beec-3b2b9c8bc5a6">
  <name>TOOP-RefModel</name>
  <elements>
    <element identifier="id-272c91e0-acfe-44b4-8ad0-30bbcb54a377" xsi:type="BusinessRole">
      <name>Data Consumer</name>
    </element>
    <element identifier="id-2b7419e9-1975-44a9-96c7-462e70eb083b" xsi:type="BusinessFunction">
      <name>Cross-Border Evidence Access</name>
    </element>
    <element identifier="e50ab1b7-261d-477b-9d56-ac9cabc5c5da" xsi:type="BusinessFunction">
      <name>Cross-Border Procedure Provision</name>
    </element>
    <element identifier="f6dabef4-3b46-46db-a5db-d98ea35869d9" xsi:type="BusinessFunction">
      <name>Cross-Border Event Processing</name>
    </element>
    <element identifier="b633abda-32f7-4819-980e-ae598e2de8b3" xsi:type="BusinessFunction">
      <name>Service Delivery</name>
    </element>
    <element identifier="aef0cdf2-e149-4bd4-b7e4-83ba38ffffc5" xsi:type="BusinessRole">
      <name>Data Provider</name>
    </element>
    <element identifier="id-58ee025f-196c-4206-b791-731f638e6200" xsi:type="BusinessFunction">
      <name>Evidence Management</name>
    </element>
    <element identifier="id-485ffabf-4003-4ad1-aa57-5dbc93c8b036" xsi:type="BusinessFunction">
      <name>Cross-Border Evidence Provision</name>
    </element>
    <element identifier="id-18abac1a-623e-49a8-891a-0cef6034b206" xsi:type="BusinessFunction">
      <name>Evidence Notification</name>
    </element>
    <element identifier="id-46743541-29ae-4169-bd71-14807dfeb433" xsi:type="BusinessFunction">
      <name>Data Register Management</name>
    </element>
    <element identifier="fcc06357-e6f1-4d44-aba8-7d21897a5db0" xsi:type="BusinessRole">
      <name>Deputy Data Subject</name>
    </element>
    <element identifier="id-6bc28e1f-e40a-4223-9493-c01f97f96ae2" xsi:type="BusinessRole">
      <name>DAE Governor</name>
    </element>
    <element identifier="id-2e8fa54a-e937-438b-9e1e-0a2ad61187ad" xsi:type="BusinessFunction">
      <name>Data Governance</name>
    </element>
    <element identifier="c962eefc-b125-4046-8443-57479c089805" xsi:type="BusinessRole">
      <name>Data Subject</name>
    </element>
    <element identifier="id-60b8d7f2-1a65-45be-a683-a5ac51a7b942" xsi:type="BusinessRole">
      <name>Authoritative Data Source</name>
    </element>
    <element identifier="fe58ec82-cce4-4f8c-8088-c3168c663573" xsi:type="BusinessObject">
      <name>Data</name>
    </element>
  </elements>
  <relationships>
    <relationship identifier="id-900a0efb-f245-4db6-bb90-9ee96882f2a3" source="aef0cdf2-e149-4bd4-b7e4-83ba38ffffc5" target="id-46743541-29ae-4169-bd71-14807dfeb433" xsi:type="Assignment" />
    <relationship identifier="id-9e60b2f6-68ab-4d1c-a77b-56d1b5c73a18" source="aef0cdf2-e149-4bd4-b7e4-83ba38ffffc5" target="id-485ffabf-4003-4ad1-aa57-5dbc93c8b036" xsi:type="Assignment" />
    <relationship identifier="a8a15160-8cd3-4671-9651-81bf74317dba" source="id-2b7419e9-1975-44a9-96c7-462e70eb083b" target="id-2e8fa54a-e937-438b-9e1e-0a2ad61187ad" xsi:type="Flow" />
    <relationship identifier="id-3e102c93-9b09-489f-8faa-4ffe386ad7e1" source="id-2b7419e9-1975-44a9-96c7-462e70eb083b" target="id-485ffabf-4003-4ad1-aa57-5dbc93c8b036" xsi:type="Flow">
      <name>Evidence Request</name>
    </relationship>
    <relationship identifier="id-6feadbe5-12d7-4a1c-afff-d528c15e491e" source="e50ab1b7-261d-477b-9d56-ac9cabc5c5da" target="id-2b7419e9-1975-44a9-96c7-462e70eb083b" xsi:type="Flow" />
    <relationship identifier="eef24f53-dacc-4e57-9240-0894cf61cc7e" source="id-272c91e0-acfe-44b4-8ad0-30bbcb54a377" target="id-2b7419e9-1975-44a9-96c7-462e70eb083b" xsi:type="Assignment" />
    <relationship identifier="id-2a8d9367-b061-4656-b0c3-daa4a9f2f0f8" source="id-485ffabf-4003-4ad1-aa57-5dbc93c8b036" target="id-2e8fa54a-e937-438b-9e1e-0a2ad61187ad" xsi:type="Flow" />
    <relationship identifier="id-7c669cc0-ebf2-47cd-b6be-96edb46eac87" source="id-18abac1a-623e-49a8-891a-0cef6034b206" target="f6dabef4-3b46-46db-a5db-d98ea35869d9" xsi:type="Flow">
      <name>Data Notification</name>
    </relationship>
    <relationship identifier="id-1d5dad2b-d999-4c68-8672-c3f9c891cfca" source="id-485ffabf-4003-4ad1-aa57-5dbc93c8b036" target="id-2b7419e9-1975-44a9-96c7-462e70eb083b" xsi:type="Flow">
      <name>Evidence</name>
    </relationship>
    <relationship identifier="id-6ac6b977-6cd1-4acb-824d-83335d3467af" source="id-272c91e0-acfe-44b4-8ad0-30bbcb54a377" target="f6dabef4-3b46-46db-a5db-d98ea35869d9" xsi:type="Assignment" />
    <relationship identifier="e2a18d0c-86d9-4026-be08-c96ddad34e9f" source="aef0cdf2-e149-4bd4-b7e4-83ba38ffffc5" target="id-58ee025f-196c-4206-b791-731f638e6200" xsi:type="Assignment" />
    <relationship identifier="ae9199ad-b3a0-4182-be8d-8b178b7c50b9" source="id-2b7419e9-1975-44a9-96c7-462e70eb083b" target="b633abda-32f7-4819-980e-ae598e2de8b3" xsi:type="Flow" />
    <relationship identifier="id-540d6774-3214-47f6-bd9d-d2c074c3fe61" source="id-6bc28e1f-e40a-4223-9493-c01f97f96ae2" target="id-2e8fa54a-e937-438b-9e1e-0a2ad61187ad" xsi:type="Assignment" />
    <relationship identifier="f5f91ac1-fd83-4933-8e95-5705c2b894dd" source="fcc06357-e6f1-4d44-aba8-7d21897a5db0" target="e50ab1b7-261d-477b-9d56-ac9cabc5c5da" xsi:type="Flow">
      <name>Service Request</name>
    </relationship>
    <relationship identifier="d4bb9c90-1baf-450e-8577-a5e985512fca" source="id-272c91e0-acfe-44b4-8ad0-30bbcb54a377" target="b633abda-32f7-4819-980e-ae598e2de8b3" xsi:type="Assignment" />
    <relationship identifier="ee2a9e40-3c0b-445e-a995-4776cf49a63b" source="fcc06357-e6f1-4d44-aba8-7d21897a5db0" target="id-58ee025f-196c-4206-b791-731f638e6200" xsi:type="Flow">
      <name>Evidence</name>
    </relationship>
    <relationship identifier="id-85e3bbba-a2f8-4c8e-b3b4-75cc6118c622" source="id-272c91e0-acfe-44b4-8ad0-30bbcb54a377" target="e50ab1b7-261d-477b-9d56-ac9cabc5c5da" xsi:type="Assignment" />
    <relationship identifier="e521ffa1-bb2a-4900-acac-de9dea432568" source="aef0cdf2-e149-4bd4-b7e4-83ba38ffffc5" target="id-272c91e0-acfe-44b4-8ad0-30bbcb54a377" xsi:type="Serving">
      <name>Provides Data</name>
    </relationship>
    <relationship identifier="id-5bf922a4-7e02-41db-89c5-52a9a61f2225" source="fcc06357-e6f1-4d44-aba8-7d21897a5db0" target="c962eefc-b125-4046-8443-57479c089805" xsi:type="Serving">
      <name>Acts on Behalf</name>
    </relationship>
  </relationships>
  <views>
    <diagrams>
      <view identifier="id-9cffeb1e-78ec-4334-88e5-8bb559b80c04" xsi:type="Diagram">
        <name>Role Model</name>
        <node identifier="ef72a71a-bfe2-4918-8355-0ee1af0e40fc" elementRef="id-272c91e0-acfe-44b4-8ad0-30bbcb54a377" xsi:type="Element" x="192" y="89" w="120" h="55">
          <style>
            <fillColor r="255" g="255" b="181" a="100" />
            <lineColor r="92" g="92" b="92" a="100" />
            <font name="Lucida Grande" size="12">
              <color r="0" g="0" b="0" />
            </font>
          </style>
        </node>
        <node identifier="id-65f58b7a-4f9b-44aa-a35f-55ad2fe5059f" elementRef="aef0cdf2-e149-4bd4-b7e4-83ba38ffffc5" xsi:type="Element" x="492" y="89" w="120" h="55">
          <style>
            <fillColor r="255" g="255" b="181" a="100" />
            <lineColor r="92" g="92" b="92" a="100" />
            <font name="Lucida Grande" size="12">
              <color r="0" g="0" b="0" />
            </font>
          </style>
        </node>
        <node identifier="de18dfc7-05c7-405d-9c69-439540a1d09c" elementRef="fcc06357-e6f1-4d44-aba8-7d21897a5db0" xsi:type="Element" x="192" y="276" w="120" h="55">
          <style>
            <fillColor r="255" g="255" b="181" a="100" />
            <lineColor r="92" g="92" b="92" a="100" />
            <font name="Lucida Grande" size="12">
              <color r="0" g="0" b="0" />
            </font>
          </style>
        </node>
        <node identifier="id-538e5f4f-fe4c-45c2-a71f-67b04b354447" elementRef="id-6bc28e1f-e40a-4223-9493-c01f97f96ae2" xsi:type="Element" x="672" y="72" w="120" h="55">
          <style>
            <fillColor r="255" g="255" b="181" a="100" />
            <lineColor r="92" g="92" b="92" a="100" />
            <font name="Lucida Grande" size="12">
              <color r="0" g="0" b="0" />
            </font>
          </style>
        </node>
        <node identifier="id-32e1c306-ceee-46af-9018-4f5a9c423d3c" elementRef="c962eefc-b125-4046-8443-57479c089805" xsi:type="Element" x="492" y="276" w="120" h="55">
          <style>
            <fillColor r="255" g="255" b="181" a="100" />
            <lineColor r="92" g="92" b="92" a="100" />
            <font name="Lucida Grande" size="12">
              <color r="0" g="0" b="0" />
            </font>
          </style>
        </node>
        <node identifier="f89ef331-1a46-4753-b4e3-78260bcec0e4" elementRef="id-60b8d7f2-1a65-45be-a683-a5ac51a7b942" xsi:type="Element" x="625" y="192" w="120" h="55">
          <style>
            <fillColor r="255" g="255" b="181" a="100" />
            <lineColor r="92" g="92" b="92" a="100" />
            <font name="Lucida Grande" size="12">
              <color r="0" g="0" b="0" />
            </font>
          </style>
        </node>
        <node identifier="b862230a-3ed2-4190-bf7f-cce94e2a5011" elementRef="fe58ec82-cce4-4f8c-8088-c3168c663573" xsi:type="Element" x="384" y="187" w="120" h="55">
          <style>
            <fillColor r="255" g="255" b="181" a="100" />
            <lineColor r="92" g="92" b="92" a="100" />
            <font name="Lucida Grande" size="12">
              <color r="0" g="0" b="0" />
            </font>
          </style>
        </node>
        <connection identifier="id-2f386d55-fba5-49ae-9ea6-cfe406d1e6f8" relationshipRef="e521ffa1-bb2a-4900-acac-de9dea432568" xsi:type="Relationship" source="id-65f58b7a-4f9b-44aa-a35f-55ad2fe5059f" target="ef72a71a-bfe2-4918-8355-0ee1af0e40fc">
          <style>
            <lineColor r="0" g="0" b="0" />
            <font name="Lucida Grande" size="12">
              <color r="0" g="0" b="0" />
            </font>
          </style>
        </connection>
        <connection identifier="dbf8b9da-7994-4cc5-bf50-8c1bcdd57cd5" relationshipRef="id-5bf922a4-7e02-41db-89c5-52a9a61f2225" xsi:type="Relationship" source="de18dfc7-05c7-405d-9c69-439540a1d09c" target="id-32e1c306-ceee-46af-9018-4f5a9c423d3c">
          <style>
            <lineColor r="0" g="0" b="0" />
            <font name="Lucida Grande" size="12">
              <color r="0" g="0" b="0" />
            </font>
          </style>
        </connection>
      </view>
      <view identifier="id-2cb860bc-9eee-485a-8e14-178a5cbade76" xsi:type="Diagram">
        <name>Value Network</name>
        <node identifier="d88cd1ca-8f89-4749-b3cf-a8920cf3807f" elementRef="id-272c91e0-acfe-44b4-8ad0-30bbcb54a377" xsi:type="Element" x="396" y="144" w="169" h="313">
          <style>
            <fillColor r="255" g="255" b="181" a="100" />
            <lineColor r="92" g="92" b="92" a="100" />
            <font name="Lucida Grande" size="12">
              <color r="0" g="0" b="0" />
            </font>
          </style>
          <node identifier="bcf0562e-c960-4b71-a50c-a7b6d669069d" elementRef="id-2b7419e9-1975-44a9-96c7-462e70eb083b" xsi:type="Element" x="420" y="252" w="120" h="55">
            <style>
              <fillColor r="255" g="255" b="181" a="100" />
              <lineColor r="92" g="92" b="92" a="100" />
              <font name="Lucida Grande" size="12">
                <color r="0" g="0" b="0" />
              </font>
            </style>
          </node>
          <node identifier="b12fb255-0f44-4ec3-8ae1-2f7193ee628c" elementRef="e50ab1b7-261d-477b-9d56-ac9cabc5c5da" xsi:type="Element" x="420" y="180" w="120" h="55">
            <style>
              <fillColor r="255" g="255" b="181" a="100" />
              <lineColor r="92" g="92" b="92" a="100" />
              <font name="Lucida Grande" size="12">
                <color r="0" g="0" b="0" />
              </font>
            </style>
          </node>
          <node identifier="id-77773891-8c7f-49f2-9649-4d7eca7dd8ad" elementRef="f6dabef4-3b46-46db-a5db-d98ea35869d9" xsi:type="Element" x="420" y="396" w="120" h="55">
            <style>
              <fillColor r="255" g="255" b="181" a="100" />
              <lineColor r="92" g="92" b="92" a="100" />
              <font name="Lucida Grande" size="12">
                <color r="0" g="0" b="0" />
              </font>
            </style>
          </node>
          <node identifier="id-0425b4dc-c62c-4abe-afc1-6adf663ffeb0" elementRef="b633abda-32f7-4819-980e-ae598e2de8b3" xsi:type="Element" x="420" y="324" w="120" h="55">
            <style>
              <fillColor r="255" g="255" b="181" a="100" />
              <lineColor r="92" g="92" b="92" a="100" />
              <font name="Lucida Grande" size="12">
                <color r="0" g="0" b="0" />
              </font>
            </style>
          </node>
        </node>
        <node identifier="id-41d701e0-dd63-490f-b700-fa4266b013ac" elementRef="aef0cdf2-e149-4bd4-b7e4-83ba38ffffc5" xsi:type="Element" x="96" y="144" w="169" h="313">
          <style>
            <fillColor r="255" g="255" b="181" a="100" />
            <lineColor r="92" g="92" b="92" a="100" />
            <font name="Lucida Grande" size="12">
              <color r="0" g="0" b="0" />
            </font>
          </style>
          <node identifier="c2ae971e-59af-4f74-8012-575465becef7" elementRef="id-58ee025f-196c-4206-b791-731f638e6200" xsi:type="Element" x="120" y="180" w="120" h="55">
            <style>
              <fillColor r="255" g="255" b="181" a="100" />
              <lineColor r="92" g="92" b="92" a="100" />
              <font name="Lucida Grande" size="12">
                <color r="0" g="0" b="0" />
              </font>
            </style>
          </node>
          <node identifier="id-9b2f923e-cb58-4034-b259-529ebb2d6078" elementRef="id-485ffabf-4003-4ad1-aa57-5dbc93c8b036" xsi:type="Element" x="120" y="252" w="120" h="55">
            <style>
              <fillColor r="255" g="255" b="181" a="100" />
              <lineColor r="92" g="92" b="92" a="100" />
              <font name="Lucida Grande" size="12">
                <color r="0" g="0" b="0" />
              </font>
            </style>
          </node>
          <node identifier="id-4983b18c-0f92-499b-82b6-b9ec65b2b787" elementRef="id-18abac1a-623e-49a8-891a-0cef6034b206" xsi:type="Element" x="120" y="396" w="120" h="55">
            <style>
              <fillColor r="255" g="255" b="181" a="100" />
              <lineColor r="92" g="92" b="92" a="100" />
              <font name="Lucida Grande" size="12">
                <color r="0" g="0" b="0" />
              </font>
            </style>
          </node>
          <node identifier="fd4d5dd2-e166-4e09-905a-b3334293b3de" elementRef="id-46743541-29ae-4169-bd71-14807dfeb433" xsi:type="Element" x="120" y="324" w="120" h="55">
            <style>
              <fillColor r="255" g="255" b="181" a="100" />
              <lineColor r="92" g="92" b="92" a="100" />
              <font name="Lucida Grande" size="12">
                <color r="0" g="0" b="0" />
              </font>
            </style>
          </node>
        </node>
        <node identifier="id-6e567dcc-4171-4271-864e-b916a2dc46d5" elementRef="fcc06357-e6f1-4d44-aba8-7d21897a5db0" xsi:type="Element" x="96" y="36" w="469" h="61">
          <style>
            <fillColor r="255" g="255" b="181" a="100" />
            <lineColor r="92" g="92" b="92" a="100" />
            <font name="Lucida Grande" size="12">
              <color r="0" g="0" b="0" />
            </font>
          </style>
        </node>
        <node identifier="c410188d-bbe9-4e96-9180-23b766922d9d" elementRef="id-6bc28e1f-e40a-4223-9493-c01f97f96ae2" xsi:type="Element" x="96" y="468" w="469" h="85">
          <style>
            <fillColor r="255" g="255" b="181" a="100" />
            <lineColor r="92" g="92" b="92" a="100" />
            <font name="Lucida Grande" size="12">
              <color r="0" g="0" b="0" />
            </font>
          </style>
          <node identifier="d645ece3-7e3f-4c4c-aa7b-42f9fa405f93" elementRef="id-2e8fa54a-e937-438b-9e1e-0a2ad61187ad" xsi:type="Element" x="276" y="492" w="121" h="49">
            <style>
              <fillColor r="255" g="255" b="181" a="100" />
              <lineColor r="92" g="92" b="92" a="100" />
              <font name="Lucida Grande" size="12">
                <color r="0" g="0" b="0" />
              </font>
            </style>
          </node>
        </node>
        <connection identifier="id-15754831-81e8-46ac-b54f-9235625d5759" relationshipRef="a8a15160-8cd3-4671-9651-81bf74317dba" xsi:type="Relationship" source="bcf0562e-c960-4b71-a50c-a7b6d669069d" target="d645ece3-7e3f-4c4c-aa7b-42f9fa405f93">
          <style>
            <lineColor r="0" g="0" b="0" />
            <font name="Lucida Grande" size="12">
              <color r="0" g="0" b="0" />
            </font>
          </style>
          <bendpoint x="576" y="328" />
          <bendpoint x="576" y="432" />
        </connection>
        <connection identifier="id-4bfe1d3d-5227-467c-b682-244233ebcb97" relationshipRef="ae9199ad-b3a0-4182-be8d-8b178b7c50b9" xsi:type="Relationship" source="bcf0562e-c960-4b71-a50c-a7b6d669069d" target="id-0425b4dc-c62c-4abe-afc1-6adf663ffeb0">
          <style>
            <lineColor r="0" g="0" b="0" />
            <font name="Lucida Grande" size="12">
              <color r="0" g="0" b="0" />
            </font>
          </style>
        </connection>
        <connection identifier="a76c9e20-f337-4641-8866-6c05eafb386e" relationshipRef="id-3e102c93-9b09-489f-8faa-4ffe386ad7e1" xsi:type="Relationship" source="bcf0562e-c960-4b71-a50c-a7b6d669069d" target="id-9b2f923e-cb58-4034-b259-529ebb2d6078">
          <style>
            <lineColor r="0" g="0" b="0" />
            <font name="Lucida Grande" size="12">
              <color r="0" g="0" b="0" />
            </font>
          </style>
          <bendpoint x="334" y="263" />
        </connection>
        <connection identifier="id-00c1497d-c06d-4587-a2db-905a633fe44d" relationshipRef="id-6feadbe5-12d7-4a1c-afff-d528c15e491e" xsi:type="Relationship" source="b12fb255-0f44-4ec3-8ae1-2f7193ee628c" target="bcf0562e-c960-4b71-a50c-a7b6d669069d">
          <style>
            <lineColor r="0" g="0" b="0" />
            <font name="Lucida Grande" size="12">
              <color r="0" g="0" b="0" />
            </font>
          </style>
        </connection>
        <connection identifier="e29790c4-e345-4d73-83b4-0ce74bbb5108" relationshipRef="id-2a8d9367-b061-4656-b0c3-daa4a9f2f0f8" xsi:type="Relationship" source="id-9b2f923e-cb58-4034-b259-529ebb2d6078" target="d645ece3-7e3f-4c4c-aa7b-42f9fa405f93">
          <style>
            <lineColor r="0" g="0" b="0" />
            <font name="Lucida Grande" size="12">
              <color r="0" g="0" b="0" />
            </font>
          </style>
          <bendpoint x="84" y="336" />
          <bendpoint x="84" y="432" />
        </connection>
        <connection identifier="id-01267658-10dd-4adb-ad99-fde14ff8dc78" relationshipRef="id-1d5dad2b-d999-4c68-8672-c3f9c891cfca" xsi:type="Relationship" source="id-9b2f923e-cb58-4034-b259-529ebb2d6078" target="bcf0562e-c960-4b71-a50c-a7b6d669069d">
          <style>
            <lineColor r="0" g="0" b="0" />
            <font name="Lucida Grande" size="12">
              <color r="0" g="0" b="0" />
            </font>
          </style>
          <bendpoint x="334" y="287" />
        </connection>
        <connection identifier="dd84a23d-b817-477f-94e1-92eacf226d04" relationshipRef="id-7c669cc0-ebf2-47cd-b6be-96edb46eac87" xsi:type="Relationship" source="id-4983b18c-0f92-499b-82b6-b9ec65b2b787" target="id-77773891-8c7f-49f2-9649-4d7eca7dd8ad">
          <style>
            <lineColor r="0" g="0" b="0" />
            <font name="Lucida Grande" size="12">
              <color r="0" g="0" b="0" />
            </font>
          </style>
        </connection>
        <connection identifier="b6dbf832-cc00-4e35-ab4b-035d27b41fb3" relationshipRef="f5f91ac1-fd83-4933-8e95-5705c2b894dd" xsi:type="Relationship" source="id-6e567dcc-4171-4271-864e-b916a2dc46d5" target="b12fb255-0f44-4ec3-8ae1-2f7193ee628c">
          <style>
            <lineColor r="0" g="0" b="0" />
            <font name="Lucida Grande" size="12">
              <color r="0" g="0" b="0" />
            </font>
          </style>
        </connection>
        <connection identifier="id-20a84ff3-91ae-44de-8488-c37c40ce0a39" relationshipRef="ee2a9e40-3c0b-445e-a995-4776cf49a63b" xsi:type="Relationship" source="id-6e567dcc-4171-4271-864e-b916a2dc46d5" target="c2ae971e-59af-4f74-8012-575465becef7">
          <style>
            <lineColor r="0" g="0" b="0" />
            <font name="Lucida Grande" size="12">
              <color r="0" g="0" b="0" />
            </font>
          </style>
        </connection>
      </view>
      <view identifier="d3633ff4-24ee-41fb-b87c-0504ebe0c944" xsi:type="Diagram">
        <name>Principles</name>
      </view>
    </diagrams>
  </views>
</model>
