{"identifier":"https://me.big.tuwien.ac.at/EAModelSet/4e77bd07-7806-4936-beec-3b2b9c8bc5a6","archimateId":"4e77bd07-7806-4936-beec-3b2b9c8bc5a6","name":"TOOP-RefModel","description":"","formats":["XML","CSV","JSON","ARCHIMATE"],"source":"GitHub","repository":"TOOP4EU/toop-goopra-models","license":"Apache License 2.0","sourceFile":"raw-data/github/archimate/toop-refmodel.archimate","sourceFormat":"ARCHIMATE","timestamp":"2023-07-06T09:29:17","tags":[],"duplicates":[],"language":"en","elements":[{"id":"272c91e0-acfe-44b4-8ad0-30bbcb54a377","name":"Data Consumer","type":"BusinessRole","layer":"business"},{"id":"2b7419e9-1975-44a9-96c7-462e70eb083b","name":"Cross-Border Evidence Access","type":"BusinessFunction","layer":"business"},{"id":"e50ab1b7-261d-477b-9d56-ac9cabc5c5da","name":"Cross-Border Procedure Provision","type":"BusinessFunction","layer":"business"},{"id":"f6dabef4-3b46-46db-a5db-d98ea35869d9","name":"Cross-Border Event Processing","type":"BusinessFunction","layer":"business"},{"id":"b633abda-32f7-4819-980e-ae598e2de8b3","name":"Service Delivery","type":"BusinessFunction","layer":"business"},{"id":"aef0cdf2-e149-4bd4-b7e4-83ba38ffffc5","name":"Data Provider","type":"BusinessRole","layer":"business"},{"id":"58ee025f-196c-4206-b791-731f638e6200","name":"Evidence Management","type":"BusinessFunction","layer":"business"},{"id":"485ffabf-4003-4ad1-aa57-5dbc93c8b036","name":"Cross-Border Evidence Provision","type":"BusinessFunction","layer":"business"},{"id":"18abac1a-623e-49a8-891a-0cef6034b206","name":"Evidence Notification","type":"BusinessFunction","layer":"business"},{"id":"46743541-29ae-4169-bd71-14807dfeb433","name":"Data Register Management","type":"BusinessFunction","layer":"business"},{"id":"fcc06357-e6f1-4d44-aba8-7d21897a5db0","name":"Deputy Data Subject","type":"BusinessRole","layer":"business"},{"id":"6bc28e1f-e40a-4223-9493-c01f97f96ae2","name":"DAE Governor","type":"BusinessRole","layer":"business"},{"id":"2e8fa54a-e937-438b-9e1e-0a2ad61187ad","name":"Data Governance","type":"BusinessFunction","layer":"business"},{"id":"c962eefc-b125-4046-8443-57479c089805","name":"Data Subject","type":"BusinessRole","layer":"business"},{"id":"60b8d7f2-1a65-45be-a683-a5ac51a7b942","name":"Authoritative Data Source","type":"BusinessRole","layer":"business"},{"id":"fe58ec82-cce4-4f8c-8088-c3168c663573","name":"Data","type":"BusinessObject","layer":"business"}],"relationships":[{"id":"900a0efb-f245-4db6-bb90-9ee96882f2a3","sourceId":"aef0cdf2-e149-4bd4-b7e4-83ba38ffffc5","targetId":"46743541-29ae-4169-bd71-14807dfeb433","type":"AssignmentRelationship"},{"id":"9e60b2f6-68ab-4d1c-a77b-56d1b5c73a18","sourceId":"aef0cdf2-e149-4bd4-b7e4-83ba38ffffc5","targetId":"485ffabf-4003-4ad1-aa57-5dbc93c8b036","type":"AssignmentRelationship"},{"id":"a8a15160-8cd3-4671-9651-81bf74317dba","sourceId":"2b7419e9-1975-44a9-96c7-462e70eb083b","targetId":"2e8fa54a-e937-438b-9e1e-0a2ad61187ad","type":"FlowRelationship"},{"id":"3e102c93-9b09-489f-8faa-4ffe386ad7e1","sourceId":"2b7419e9-1975-44a9-96c7-462e70eb083b","targetId":"485ffabf-4003-4ad1-aa57-5dbc93c8b036","type":"FlowRelationship"},{"id":"6feadbe5-12d7-4a1c-afff-d528c15e491e","sourceId":"e50ab1b7-261d-477b-9d56-ac9cabc5c5da","targetId":"2b7419e9-1975-44a9-96c7-462e70eb083b","type":"FlowRelationship"},{"id":"eef24f53-dacc-4e57-9240-0894cf61cc7e","sourceId":"272c91e0-acfe-44b4-8ad0-30bbcb54a377","targetId":"2b7419e9-1975-44a9-96c7-462e70eb083b","type":"AssignmentRelationship"},{"id":"2a8d9367-b061-4656-b0c3-daa4a9f2f0f8","sourceId":"485ffabf-4003-4ad1-aa57-5dbc93c8b036","targetId":"2e8fa54a-e937-438b-9e1e-0a2ad61187ad","type":"FlowRelationship"},{"id":"7c669cc0-ebf2-47cd-b6be-96edb46eac87","sourceId":"18abac1a-623e-49a8-891a-0cef6034b206","targetId":"f6dabef4-3b46-46db-a5db-d98ea35869d9","type":"FlowRelationship"},{"id":"1d5dad2b-d999-4c68-8672-c3f9c891cfca","sourceId":"485ffabf-4003-4ad1-aa57-5dbc93c8b036","targetId":"2b7419e9-1975-44a9-96c7-462e70eb083b","type":"FlowRelationship"},{"id":"6ac6b977-6cd1-4acb-824d-83335d3467af","sourceId":"272c91e0-acfe-44b4-8ad0-30bbcb54a377","targetId":"f6dabef4-3b46-46db-a5db-d98ea35869d9","type":"AssignmentRelationship"},{"id":"e2a18d0c-86d9-4026-be08-c96ddad34e9f","sourceId":"aef0cdf2-e149-4bd4-b7e4-83ba38ffffc5","targetId":"58ee025f-196c-4206-b791-731f638e6200","type":"AssignmentRelationship"},{"id":"ae9199ad-b3a0-4182-be8d-8b178b7c50b9","sourceId":"2b7419e9-1975-44a9-96c7-462e70eb083b","targetId":"b633abda-32f7-4819-980e-ae598e2de8b3","type":"FlowRelationship"},{"id":"540d6774-3214-47f6-bd9d-d2c074c3fe61","sourceId":"6bc28e1f-e40a-4223-9493-c01f97f96ae2","targetId":"2e8fa54a-e937-438b-9e1e-0a2ad61187ad","type":"AssignmentRelationship"},{"id":"f5f91ac1-fd83-4933-8e95-5705c2b894dd","sourceId":"fcc06357-e6f1-4d44-aba8-7d21897a5db0","targetId":"e50ab1b7-261d-477b-9d56-ac9cabc5c5da","type":"FlowRelationship"},{"id":"d4bb9c90-1baf-450e-8577-a5e985512fca","sourceId":"272c91e0-acfe-44b4-8ad0-30bbcb54a377","targetId":"b633abda-32f7-4819-980e-ae598e2de8b3","type":"AssignmentRelationship"},{"id":"ee2a9e40-3c0b-445e-a995-4776cf49a63b","sourceId":"fcc06357-e6f1-4d44-aba8-7d21897a5db0","targetId":"58ee025f-196c-4206-b791-731f638e6200","type":"FlowRelationship"},{"id":"85e3bbba-a2f8-4c8e-b3b4-75cc6118c622","sourceId":"272c91e0-acfe-44b4-8ad0-30bbcb54a377","targetId":"e50ab1b7-261d-477b-9d56-ac9cabc5c5da","type":"AssignmentRelationship"},{"id":"e521ffa1-bb2a-4900-acac-de9dea432568","sourceId":"aef0cdf2-e149-4bd4-b7e4-83ba38ffffc5","targetId":"272c91e0-acfe-44b4-8ad0-30bbcb54a377","type":"ServingRelationship"},{"id":"5bf922a4-7e02-41db-89c5-52a9a61f2225","sourceId":"fcc06357-e6f1-4d44-aba8-7d21897a5db0","targetId":"c962eefc-b125-4046-8443-57479c089805","type":"ServingRelationship"}],"views":[{"id":"9cffeb1e-78ec-4334-88e5-8bb559b80c04","name":"Role Model","viewpoint":""},{"id":"2cb860bc-9eee-485a-8e14-178a5cbade76","name":"Value Network","viewpoint":""},{"id":"d3633ff4-24ee-41fb-b87c-0504ebe0c944","name":"Principles","viewpoint":""}]}