<?xml version="1.0" encoding="UTF-8"?>
<model xmlns="http://www.opengroup.org/xsd/archimate/3.0/" xmlns:xsi="http://www.w3.org/2001/XMLSchema-instance" xsi:schemaLocation="http://www.opengroup.org/xsd/archimate/3.0/ http://www.opengroup.org/xsd/archimate/3.1/archimate3_Diagram.xsd" identifier="id-9ad17608-2f64-4609-8927-12b93ea1ed2b">
  <name>Altinn arkitekturmålbilde 2025</name>
  <documentation>Arkitekturmålbilde tar sikte på presentere et målbilde basert Altinns strategi.

Dette målbildet vil endre seg i takt med strategien og vil typisk forsøke å se ca 5 år framover i tid.</documentation>
  <elements>
    <element identifier="ae99da5f-b42f-4254-a55e-d4c897b2e0eb" xsi:type="BusinessService">
      <name>Informasjonsforvaltning</name>
    </element>
    <element identifier="id-22f8b810-139a-4fcd-89f4-edea6d1460a5" xsi:type="BusinessService">
      <name>Integrasjon</name>
    </element>
    <element identifier="id-8ae5a33f-48e7-4eea-afe7-4c1ddbf7b1d5" xsi:type="BusinessFunction">
      <name>Ta i mot data</name>
    </element>
    <element identifier="id-13eec0bb-b6d0-4982-b6bf-66fd72de3e41" xsi:type="BusinessFunction">
      <name>Bekrefter brukers identitet</name>
    </element>
    <element identifier="id-39ce9e42-2022-422b-b660-a991228d7eee" xsi:type="BusinessFunction">
      <name>Prosessere data</name>
    </element>
    <element identifier="e799a4e5-d204-44f5-b9d7-ac7422851281" xsi:type="BusinessService">
      <name>Autentisering</name>
    </element>
    <element identifier="dc287d29-053d-4ef2-94d6-2815cbbb6f76" xsi:type="BusinessFunction">
      <name>Beskrive hvor endepunkt kan finnes</name>
    </element>
    <element identifier="id-94ebcdb0-bf61-4fbb-9015-ecb6f15d54cf" xsi:type="BusinessFunction">
      <name>Bekrefter brukers rett til tilgang</name>
    </element>
    <element identifier="id-1fd2845f-35db-44e1-8985-7eaa3d24b83d" xsi:type="BusinessService">
      <name>Autorisering</name>
    </element>
    <element identifier="id-56cf2f36-bf04-41cc-b421-590ef4a94548" xsi:type="BusinessFunction">
      <name>Hente data fra endepunkt</name>
    </element>
    <element identifier="f80f971d-fa62-4985-8f12-901bbc80b202" xsi:type="BusinessFunction">
      <name>Leverer data til endepunkt</name>
    </element>
    <element identifier="be5b457d-a4ac-48d7-8204-c94abea6989b" xsi:type="BusinessFunction">
      <name>Beskriver data og datastrukturer</name>
    </element>
    <element identifier="fd328eba-7566-4b22-8b4b-ae3e82e52ec9" xsi:type="ApplicationService">
      <name>System til system</name>
    </element>
    <element identifier="id-6182ec05-9d0e-4dab-8534-627974722467" xsi:type="ApplicationFunction">
      <name>Altinn Autorisasjon</name>
    </element>
    <element identifier="id-6e55bece-91f3-4646-bc4a-0d2b0e5e5b05" xsi:type="ApplicationComponent">
      <name>Arkiv</name>
    </element>
    <element identifier="id-2f5ad696-f54f-428b-b4be-6cbf8b2daf19" xsi:type="ApplicationService">
      <name>Datakatalog</name>
    </element>
    <element identifier="f20e9739-1744-4b67-af0d-4b597fa742a4" xsi:type="ApplicationFunction">
      <name>Altinn fullmakter</name>
    </element>
    <element identifier="b07b204f-0904-4d39-bfe7-2a4b2ceb2d43" xsi:type="ApplicationService">
      <name>Ting til system</name>
    </element>
    <element identifier="id-819ccedc-b65a-4f96-9d35-41fbd62c50b1" xsi:type="DataObject">
      <name>Grunndata</name>
    </element>
    <element identifier="fc2009b6-bc35-49c2-a11c-8fb172ba5388" xsi:type="ApplicationService">
      <name>Tjeneste-katalog</name>
    </element>
    <element identifier="id-6d4ce3d4-1137-409e-afac-ec7c30933dec" xsi:type="DataObject">
      <name>Transaksjonsdata</name>
    </element>
    <element identifier="id-79a0127f-f017-43d8-8bda-701ecc694e37" xsi:type="ApplicationService">
      <name>Modellkatalog</name>
    </element>
    <element identifier="ac9cef01-8b1e-44db-82e6-82b5c4e7edcf" xsi:type="ApplicationFunction">
      <name>Transaction logging</name>
    </element>
    <element identifier="cc2f2205-d912-4fc7-a91d-8a3a0c8a25b1" xsi:type="ApplicationService">
      <name>Melding ut</name>
    </element>
    <element identifier="id-9add072d-a5a8-420d-9a95-2984c45f608e" xsi:type="ApplicationService">
      <name>Datakatalog</name>
    </element>
    <element identifier="id-36a3eac1-0cae-4574-a7f8-7f75b9345a36" xsi:type="ApplicationService">
      <name>Kontaktinformasjon Virksomheter</name>
    </element>
    <element identifier="id-109e9498-ad2c-4eb0-a22d-d06a9ba7d812" xsi:type="ApplicationService">
      <name>API-katalog over grunndata</name>
    </element>
    <element identifier="id-0fa782af-4af1-4e86-86fe-207cd2150397" xsi:type="ApplicationService">
      <name>Varsling</name>
    </element>
    <element identifier="c5ac04f6-1193-4b87-a74e-0815d3d1c102" xsi:type="ApplicationService">
      <name>API-katalog</name>
    </element>
    <element identifier="id-72dc4fbb-4eea-49a2-a3af-a4fe92db61bd" xsi:type="ApplicationService">
      <name>Altinn formidlings-tjeneste</name>
    </element>
    <element identifier="a1ac0293-2d00-4a68-83e6-3b61648e2529" xsi:type="ApplicationService">
      <name>KoFuVi</name>
    </element>
    <element identifier="id-1207c711-e145-4d9b-969a-c55b77ab5587" xsi:type="ApplicationService">
      <name>IP-adresse til systemer og "ting"</name>
    </element>
    <element identifier="id-29556de8-92bd-4159-bae3-4c9ff4d410fb" xsi:type="ApplicationService">
      <name>Melding inn</name>
    </element>
    <element identifier="af5e6256-badf-4d85-8530-beacebe21861" xsi:type="ApplicationService">
      <name>Innsyn</name>
    </element>
    <element identifier="id-964d21e3-d735-43ff-971b-7714af5fe41b" xsi:type="ApplicationFunction">
      <name>Altinn samtykke</name>
    </element>
    <element identifier="id-5e741ce2-adbf-4253-9696-42d2d347d85e" xsi:type="ApplicationService">
      <name>API-katalog</name>
    </element>
    <element identifier="f4358605-9fe3-44c2-918f-b9e63a632f12" xsi:type="ApplicationFunction">
      <name>Transaction rollback</name>
    </element>
    <element identifier="b7b034f7-2a95-4d32-8758-ccfb44f5c604" xsi:type="ApplicationComponent">
      <name>Oppslagskomponent</name>
    </element>
    <element identifier="cad348dd-5188-4dd7-a5e6-fd1beb82e745" xsi:type="Path">
      <name>Internett</name>
    </element>
  </elements>
  <relationships>
    <relationship identifier="id-4bdcc7ed-c43c-42af-9054-072433ff7503" source="id-13eec0bb-b6d0-4982-b6bf-66fd72de3e41" target="e799a4e5-d204-44f5-b9d7-ac7422851281" xsi:type="Realization" />
    <relationship identifier="id-594bf058-2650-4a8b-97c8-19b6827bdc5d" source="dc287d29-053d-4ef2-94d6-2815cbbb6f76" target="ae99da5f-b42f-4254-a55e-d4c897b2e0eb" xsi:type="Realization" />
    <relationship identifier="id-4ad03281-110b-438b-be69-bb9d0d57e634" source="id-36a3eac1-0cae-4574-a7f8-7f75b9345a36" target="c5ac04f6-1193-4b87-a74e-0815d3d1c102" xsi:type="Specialization" />
    <relationship identifier="id-5c1fd2b2-e6e3-4c02-8185-4028d555c338" source="id-109e9498-ad2c-4eb0-a22d-d06a9ba7d812" target="c5ac04f6-1193-4b87-a74e-0815d3d1c102" xsi:type="Specialization" />
    <relationship identifier="id-95cc883b-378e-4da6-b745-3282f4c2a1d0" source="id-8ae5a33f-48e7-4eea-afe7-4c1ddbf7b1d5" target="id-22f8b810-139a-4fcd-89f4-edea6d1460a5" xsi:type="Realization" />
    <relationship identifier="id-160c0727-9287-4a04-b49c-28ab1c82eee0" source="id-2f5ad696-f54f-428b-b4be-6cbf8b2daf19" target="be5b457d-a4ac-48d7-8204-c94abea6989b" xsi:type="Serving" />
    <relationship identifier="c7c67780-ebab-4924-a5fa-840ffb20dc54" source="id-39ce9e42-2022-422b-b660-a991228d7eee" target="id-22f8b810-139a-4fcd-89f4-edea6d1460a5" xsi:type="Realization" />
    <relationship identifier="id-55684bf7-935e-47aa-a37b-add1c7c13f55" source="be5b457d-a4ac-48d7-8204-c94abea6989b" target="ae99da5f-b42f-4254-a55e-d4c897b2e0eb" xsi:type="Realization" />
    <relationship identifier="id-43a97039-3d9b-4851-8676-bec8da9c73eb" source="c5ac04f6-1193-4b87-a74e-0815d3d1c102" target="b7b034f7-2a95-4d32-8758-ccfb44f5c604" xsi:type="Serving" />
    <relationship identifier="baae7d5c-7e4d-4045-b0c2-904de65ac59b" source="c5ac04f6-1193-4b87-a74e-0815d3d1c102" target="id-56cf2f36-bf04-41cc-b421-590ef4a94548" xsi:type="Serving" />
    <relationship identifier="id-0cf62815-28fa-4d75-ab6b-780efd7ed34b" source="id-94ebcdb0-bf61-4fbb-9015-ecb6f15d54cf" target="id-1fd2845f-35db-44e1-8985-7eaa3d24b83d" xsi:type="Realization" />
    <relationship identifier="id-0792913b-a71e-4275-9c14-8e84b53baab6" source="c5ac04f6-1193-4b87-a74e-0815d3d1c102" target="f80f971d-fa62-4985-8f12-901bbc80b202" xsi:type="Serving" />
    <relationship identifier="id-9a2e5a0f-8ad2-4d1d-be33-3bdd063faeb5" source="id-109e9498-ad2c-4eb0-a22d-d06a9ba7d812" target="dc287d29-053d-4ef2-94d6-2815cbbb6f76" xsi:type="Serving" />
    <relationship identifier="id-17f47526-c582-4d26-aab1-80f67bbdbc14" source="f80f971d-fa62-4985-8f12-901bbc80b202" target="id-22f8b810-139a-4fcd-89f4-edea6d1460a5" xsi:type="Realization" />
    <relationship identifier="id-03d3c93e-8adb-4d21-b992-5e67c4ed6dc7" source="id-56cf2f36-bf04-41cc-b421-590ef4a94548" target="id-22f8b810-139a-4fcd-89f4-edea6d1460a5" xsi:type="Realization" />
  </relationships>
  <views>
    <diagrams>
      <view identifier="id-4c71c9a3-aeeb-43c7-97f3-7ae7c44f9705" xsi:type="Diagram">
        <name>Default View</name>
      </view>
      <view identifier="id-8e8914af-8058-495d-b01f-ee8c172c1ac7" xsi:type="Diagram">
        <name>New ArchiMate View (copy) (copy) (copy)</name>
      </view>
      <view identifier="c59b050b-1bee-4dcc-8fa1-5e5bef316db3" xsi:type="Diagram">
        <name>New ArchiMate View (copy) (copy)</name>
      </view>
      <view identifier="id-0459d5ed-0ac1-4397-8790-04e26621c0a3" xsi:type="Diagram">
        <name>Altinntjenester i kontekst</name>
        <node identifier="af60b640-4bed-4f3f-b8f6-364935ab905f" x="0" y="466" w="865" h="91" xsi:type="Container">
          <label>Altinn som trusted infrastructure</label>
          <style>
            <fillColor r="210" g="215" b="215" a="100" />
            <lineColor r="92" g="92" b="92" a="100" />
            <font name="Lucida Grande" size="12">
              <color r="0" g="0" b="0" />
            </font>
          </style>
          <node identifier="id-026546a4-f479-4efb-a096-a78168bc8744" elementRef="f4358605-9fe3-44c2-918f-b9e63a632f12" xsi:type="Element" x="144" y="490" w="120" h="55">
            <style>
              <fillColor r="181" g="255" b="255" a="100" />
              <lineColor r="92" g="92" b="92" a="100" />
              <font name="Lucida Grande" size="12">
                <color r="0" g="0" b="0" />
              </font>
            </style>
          </node>
          <node identifier="a5ef9cbe-ca86-409f-897a-4cbb232bb7ad" elementRef="ac9cef01-8b1e-44db-82e6-82b5c4e7edcf" xsi:type="Element" x="12" y="490" w="120" h="55">
            <style>
              <fillColor r="181" g="255" b="255" a="100" />
              <lineColor r="92" g="92" b="92" a="100" />
              <font name="Lucida Grande" size="12">
                <color r="0" g="0" b="0" />
              </font>
            </style>
          </node>
        </node>
        <node identifier="id-489f08e7-8925-456d-bf47-ca9efedcc3f6" x="0" y="322" w="865" h="139" xsi:type="Container">
          <label>Informasjonsforvaltning</label>
          <style>
            <fillColor r="210" g="215" b="215" a="100" />
            <lineColor r="92" g="92" b="92" a="100" />
            <font name="Lucida Grande" size="12">
              <color r="0" g="0" b="0" />
            </font>
          </style>
          <node identifier="id-8e5060b2-a1e1-49a7-a2a3-5bebc564055d" elementRef="id-819ccedc-b65a-4f96-9d35-41fbd62c50b1" xsi:type="Element" x="12" y="370" w="120" h="55">
            <style>
              <fillColor r="181" g="255" b="255" a="100" />
              <lineColor r="92" g="92" b="92" a="100" />
              <font name="Lucida Grande" size="12">
                <color r="0" g="0" b="0" />
              </font>
            </style>
          </node>
          <node identifier="id-8cab8857-e316-41a6-9ff2-6cd163029431" elementRef="id-6d4ce3d4-1137-409e-afac-ec7c30933dec" xsi:type="Element" x="156" y="370" w="120" h="55">
            <style>
              <fillColor r="181" g="255" b="255" a="100" />
              <lineColor r="92" g="92" b="92" a="100" />
              <font name="Lucida Grande" size="12">
                <color r="0" g="0" b="0" />
              </font>
            </style>
          </node>
          <node identifier="id-243ec7c9-247d-460d-a93b-cd70ae60de6c" elementRef="id-6e55bece-91f3-4646-bc4a-0d2b0e5e5b05" xsi:type="Element" x="300" y="370" w="120" h="55">
            <style>
              <fillColor r="181" g="255" b="255" a="100" />
              <lineColor r="92" g="92" b="92" a="100" />
              <font name="Lucida Grande" size="12">
                <color r="0" g="0" b="0" />
              </font>
            </style>
          </node>
        </node>
        <node identifier="id-89ef5351-ca12-409a-b12e-233868055ddf" x="0" y="22" w="865" h="97" xsi:type="Container">
          <label>Autorisasjon av brukere, system og ting</label>
          <style>
            <fillColor r="210" g="215" b="215" a="100" />
            <lineColor r="92" g="92" b="92" a="100" />
            <font name="Lucida Grande" size="12">
              <color r="0" g="0" b="0" />
            </font>
          </style>
          <node identifier="d0d3151c-a5fd-4038-90ed-7d098d89f0dc" elementRef="id-6182ec05-9d0e-4dab-8534-627974722467" xsi:type="Element" x="12" y="46" w="120" h="61">
            <style>
              <fillColor r="181" g="255" b="255" a="100" />
              <lineColor r="92" g="92" b="92" a="100" />
              <font name="Lucida Grande" size="12">
                <color r="0" g="0" b="0" />
              </font>
            </style>
          </node>
          <node identifier="id-0a6ab9e5-db4e-4328-be5b-f8c550f16314" elementRef="f20e9739-1744-4b67-af0d-4b597fa742a4" xsi:type="Element" x="144" y="46" w="120" h="61">
            <style>
              <fillColor r="181" g="255" b="255" a="100" />
              <lineColor r="92" g="92" b="92" a="100" />
              <font name="Lucida Grande" size="12">
                <color r="0" g="0" b="0" />
              </font>
            </style>
          </node>
          <node identifier="id-2fdfe048-6856-45a8-8c20-eb0b6f244f85" elementRef="id-964d21e3-d735-43ff-971b-7714af5fe41b" xsi:type="Element" x="276" y="46" w="120" h="61">
            <style>
              <fillColor r="181" g="255" b="255" a="100" />
              <lineColor r="92" g="92" b="92" a="100" />
              <font name="Lucida Grande" size="12">
                <color r="0" g="0" b="0" />
              </font>
            </style>
          </node>
        </node>
        <node identifier="id-0fd93e82-36a3-458a-88c7-2c7b72c237b9" x="0" y="226" w="541" h="92" xsi:type="Container">
          <label>Integrasjonstjenester - system-system og ting-system</label>
          <style>
            <fillColor r="210" g="215" b="215" a="100" />
            <lineColor r="92" g="92" b="92" a="100" />
            <font name="Lucida Grande" size="12">
              <color r="0" g="0" b="0" />
            </font>
          </style>
          <node identifier="id-6f8fbd4b-ffa4-4bc7-80b4-d1e44f50b52c" elementRef="id-72dc4fbb-4eea-49a2-a3af-a4fe92db61bd" xsi:type="Element" x="12" y="250" w="120" h="55">
            <style>
              <fillColor r="181" g="255" b="255" a="100" />
              <lineColor r="92" g="92" b="92" a="100" />
              <font name="Lucida Grande" size="12">
                <color r="0" g="0" b="0" />
              </font>
            </style>
          </node>
          <node identifier="id-4c790395-3d96-43a0-ac84-e7258f1d1112" elementRef="fd328eba-7566-4b22-8b4b-ae3e82e52ec9" xsi:type="Element" x="144" y="250" w="120" h="55">
            <style>
              <fillColor r="181" g="255" b="255" a="100" />
              <lineColor r="92" g="92" b="92" a="100" />
              <font name="Lucida Grande" size="12">
                <color r="0" g="0" b="0" />
              </font>
            </style>
          </node>
          <node identifier="d2c3f5c0-c4af-4cb4-a612-c7ba9ab1d491" elementRef="b07b204f-0904-4d39-bfe7-2a4b2ceb2d43" xsi:type="Element" x="276" y="250" w="120" h="55">
            <style>
              <fillColor r="181" g="255" b="255" a="100" />
              <lineColor r="92" g="92" b="92" a="100" />
              <font name="Lucida Grande" size="12">
                <color r="0" g="0" b="0" />
              </font>
            </style>
          </node>
        </node>
        <node identifier="id-033d086c-4c1d-4236-82de-db32c9c29ba6" x="0" y="568" w="865" h="85" xsi:type="Container">
          <label>Internett som transportinfrastruktur</label>
          <style>
            <fillColor r="210" g="215" b="215" a="100" />
            <lineColor r="92" g="92" b="92" a="100" />
            <font name="Lucida Grande" size="12">
              <color r="0" g="0" b="0" />
            </font>
          </style>
          <node identifier="id-4fe0f9a5-2781-4711-a487-78447453cdbc" elementRef="cad348dd-5188-4dd7-a5e6-fd1beb82e745" xsi:type="Element" x="12" y="592" w="120" h="55">
            <style>
              <fillColor r="201" g="231" b="183" a="100" />
              <lineColor r="92" g="92" b="92" a="100" />
              <font name="Lucida Grande" size="12">
                <color r="0" g="0" b="0" />
              </font>
            </style>
          </node>
        </node>
        <node identifier="id-2a452351-0b0a-4054-bf65-01c93f9d045b" x="576" y="130" w="289" h="320" xsi:type="Container">
          <label>Oppslagsverk</label>
          <style>
            <fillColor r="210" g="215" b="215" a="100" />
            <lineColor r="92" g="92" b="92" a="100" />
            <font name="Lucida Grande" size="12">
              <color r="0" g="0" b="0" />
            </font>
          </style>
          <node identifier="id-949ec8fc-ce01-46b0-90d1-c02b76d3157f" elementRef="fc2009b6-bc35-49c2-a11c-8fb172ba5388" xsi:type="Element" x="588" y="154" w="120" h="55">
            <style>
              <fillColor r="181" g="255" b="255" a="100" />
              <lineColor r="92" g="92" b="92" a="100" />
              <font name="Lucida Grande" size="12">
                <color r="0" g="0" b="0" />
              </font>
            </style>
          </node>
          <node identifier="id-889a0b4b-b882-47f0-8451-cb08fd644178" elementRef="id-5e741ce2-adbf-4253-9696-42d2d347d85e" xsi:type="Element" x="720" y="154" w="120" h="55">
            <style>
              <fillColor r="181" g="255" b="255" a="100" />
              <lineColor r="92" g="92" b="92" a="100" />
              <font name="Lucida Grande" size="12">
                <color r="0" g="0" b="0" />
              </font>
            </style>
          </node>
          <node identifier="bfc0c6f0-6fcb-4153-b461-63d7b12d9499" elementRef="a1ac0293-2d00-4a68-83e6-3b61648e2529" xsi:type="Element" x="720" y="226" w="120" h="55">
            <style>
              <fillColor r="181" g="255" b="255" a="100" />
              <lineColor r="92" g="92" b="92" a="100" />
              <font name="Lucida Grande" size="12">
                <color r="0" g="0" b="0" />
              </font>
            </style>
          </node>
          <node identifier="b9d7c5f2-0793-4b0c-9ccc-be7ded7cd254" elementRef="id-1207c711-e145-4d9b-969a-c55b77ab5587" xsi:type="Element" x="588" y="226" w="120" h="55">
            <style>
              <fillColor r="181" g="255" b="255" a="100" />
              <lineColor r="92" g="92" b="92" a="100" />
              <font name="Lucida Grande" size="12">
                <color r="0" g="0" b="0" />
              </font>
            </style>
          </node>
          <node identifier="id-9ef24713-28aa-47be-ba96-75c0e7bcc18b" x="588" y="346" w="265" h="97" xsi:type="Container">
            <label>Oppslagsverk</label>
            <style>
              <fillColor r="210" g="215" b="215" a="100" />
              <lineColor r="92" g="92" b="92" a="100" />
              <font name="Lucida Grande" size="12">
                <color r="0" g="0" b="0" />
              </font>
            </style>
            <node identifier="f19ee7a5-9751-405c-b144-76f655d332b9" elementRef="id-79a0127f-f017-43d8-8bda-701ecc694e37" xsi:type="Element" x="732" y="370" w="120" h="55">
              <style>
                <fillColor r="181" g="255" b="255" a="100" />
                <lineColor r="92" g="92" b="92" a="100" />
                <font name="Lucida Grande" size="12">
                  <color r="0" g="0" b="0" />
                </font>
              </style>
            </node>
            <node identifier="id-8061e050-bf01-4b2c-9b1c-000bdcec7a66" elementRef="id-9add072d-a5a8-420d-9a95-2984c45f608e" xsi:type="Element" x="600" y="370" w="120" h="55">
              <style>
                <fillColor r="181" g="255" b="255" a="100" />
                <lineColor r="92" g="92" b="92" a="100" />
                <font name="Lucida Grande" size="12">
                  <color r="0" g="0" b="0" />
                </font>
              </style>
            </node>
          </node>
        </node>
        <node identifier="id-2676c0c5-2d1b-45b8-884c-44dae9a05ac4" x="0" y="130" w="541" h="85" xsi:type="Container">
          <label>Dialogtjenester</label>
          <style>
            <fillColor r="210" g="215" b="215" a="100" />
            <lineColor r="92" g="92" b="92" a="100" />
            <font name="Lucida Grande" size="12">
              <color r="0" g="0" b="0" />
            </font>
          </style>
          <node identifier="id-2d2acc8f-cf8e-40f8-af20-db0dbca7a731" elementRef="id-29556de8-92bd-4159-bae3-4c9ff4d410fb" xsi:type="Element" x="12" y="154" w="120" h="55">
            <style>
              <fillColor r="181" g="255" b="255" a="100" />
              <lineColor r="92" g="92" b="92" a="100" />
              <font name="Lucida Grande" size="12">
                <color r="0" g="0" b="0" />
              </font>
            </style>
          </node>
          <node identifier="id-72188c90-a8dd-4f87-bc63-dc53ca78c71a" elementRef="cc2f2205-d912-4fc7-a91d-8a3a0c8a25b1" xsi:type="Element" x="144" y="154" w="120" h="55">
            <style>
              <fillColor r="181" g="255" b="255" a="100" />
              <lineColor r="92" g="92" b="92" a="100" />
              <font name="Lucida Grande" size="12">
                <color r="0" g="0" b="0" />
              </font>
            </style>
          </node>
          <node identifier="id-5fa50dac-4d83-4839-ab65-bff3190488b7" elementRef="af5e6256-badf-4d85-8530-beacebe21861" xsi:type="Element" x="276" y="154" w="120" h="55">
            <style>
              <fillColor r="181" g="255" b="255" a="100" />
              <lineColor r="92" g="92" b="92" a="100" />
              <font name="Lucida Grande" size="12">
                <color r="0" g="0" b="0" />
              </font>
            </style>
          </node>
          <node identifier="id-3c2f9ec2-bce6-439b-8092-456d5c6e4e4b" elementRef="id-0fa782af-4af1-4e86-86fe-207cd2150397" xsi:type="Element" x="408" y="154" w="120" h="55">
            <style>
              <fillColor r="181" g="255" b="255" a="100" />
              <lineColor r="92" g="92" b="92" a="100" />
              <font name="Lucida Grande" size="12">
                <color r="0" g="0" b="0" />
              </font>
            </style>
          </node>
        </node>
        <connection identifier="id-67befcf1-02a5-4be2-842c-568d69b79d77" xsi:type="Line" source="id-0fd93e82-36a3-458a-88c7-2c7b72c237b9" target="id-2a452351-0b0a-4054-bf65-01c93f9d045b">
          <style>
            <lineColor r="0" g="0" b="0" />
            <font name="Lucida Grande" size="12">
              <color r="0" g="0" b="0" />
            </font>
          </style>
          <bendpoint x="562" y="286" />
          <bendpoint x="560" y="262" />
        </connection>
        <connection identifier="id-6ef5d491-11a9-44a0-b29a-97427aa32fec" xsi:type="Line" source="id-2676c0c5-2d1b-45b8-884c-44dae9a05ac4" target="id-2a452351-0b0a-4054-bf65-01c93f9d045b">
          <style>
            <lineColor r="0" g="0" b="0" />
            <font name="Lucida Grande" size="12">
              <color r="0" g="0" b="0" />
            </font>
          </style>
          <bendpoint x="562" y="178" />
          <bendpoint x="560" y="262" />
        </connection>
      </view>
      <view identifier="id-868128c8-7b54-4ddd-ae99-4eaf46fcfbc7" xsi:type="Diagram">
        <name>Integrasjonsplattform</name>
        <node identifier="id-1dd28c2e-8b10-45b5-a76c-d453030cddf7" x="46" y="82" w="1633" h="232" xsi:type="Container">
          <label>Forretningslag</label>
          <style>
            <fillColor r="210" g="215" b="215" a="100" />
            <lineColor r="92" g="92" b="92" a="100" />
            <font name="Lucida Grande" size="12">
              <color r="0" g="0" b="0" />
            </font>
          </style>
        </node>
        <node identifier="id-1f833112-f60c-4690-b4a8-dce5da407508" x="46" y="322" w="1369" h="397" xsi:type="Container">
          <label>Applikasjonslag</label>
          <style>
            <fillColor r="210" g="215" b="215" a="100" />
            <lineColor r="92" g="92" b="92" a="100" />
            <font name="Lucida Grande" size="12">
              <color r="0" g="0" b="0" />
            </font>
          </style>
          <node identifier="id-7c3a6a55-7475-4908-bd0e-66b9abf7199c" elementRef="id-2f5ad696-f54f-428b-b4be-6cbf8b2daf19" xsi:type="Element" x="278" y="490" w="120" h="55">
            <style>
              <fillColor r="181" g="255" b="255" a="100" />
              <lineColor r="92" g="92" b="92" a="100" />
              <font name="Lucida Grande" size="12">
                <color r="0" g="0" b="0" />
              </font>
            </style>
          </node>
          <node identifier="c5923187-b818-485b-bbd2-da6dc3f92235" elementRef="id-109e9498-ad2c-4eb0-a22d-d06a9ba7d812" xsi:type="Element" x="514" y="490" w="120" h="55">
            <style>
              <fillColor r="181" g="255" b="255" a="100" />
              <lineColor r="92" g="92" b="92" a="100" />
              <font name="Lucida Grande" size="12">
                <color r="0" g="0" b="0" />
              </font>
            </style>
          </node>
          <node identifier="b8184b53-8302-4f15-a7f5-8144d6a3474a" elementRef="c5ac04f6-1193-4b87-a74e-0815d3d1c102" xsi:type="Element" x="598" y="394" w="120" h="55">
            <style>
              <fillColor r="181" g="255" b="255" a="100" />
              <lineColor r="92" g="92" b="92" a="100" />
              <font name="Lucida Grande" size="12">
                <color r="0" g="0" b="0" />
              </font>
            </style>
          </node>
          <node identifier="id-5b699c37-df65-48b1-9faa-4e412577e0dc" elementRef="b7b034f7-2a95-4d32-8758-ccfb44f5c604" xsi:type="Element" x="766" y="394" w="120" h="55">
            <style>
              <fillColor r="181" g="255" b="255" a="100" />
              <lineColor r="92" g="92" b="92" a="100" />
              <font name="Lucida Grande" size="12">
                <color r="0" g="0" b="0" />
              </font>
            </style>
          </node>
          <node identifier="id-43cccc3c-373d-4ca1-843e-fa7b95b8d4ac" elementRef="id-36a3eac1-0cae-4574-a7f8-7f75b9345a36" xsi:type="Element" x="662" y="490" w="120" h="55">
            <style>
              <fillColor r="181" g="255" b="255" a="100" />
              <lineColor r="92" g="92" b="92" a="100" />
              <font name="Lucida Grande" size="12">
                <color r="0" g="0" b="0" />
              </font>
            </style>
          </node>
        </node>
        <node identifier="id-1ee520e1-dee8-4c95-a1e5-a2945cb34e0d" elementRef="e799a4e5-d204-44f5-b9d7-ac7422851281" xsi:type="Element" x="58" y="154" w="121" h="55">
          <style>
            <fillColor r="255" g="255" b="181" a="100" />
            <lineColor r="92" g="92" b="92" a="100" />
            <font name="Lucida Grande" size="12">
              <color r="0" g="0" b="0" />
            </font>
          </style>
        </node>
        <node identifier="id-9d94f7fd-0e28-45b8-ac26-42c09a28e73c" elementRef="id-1fd2845f-35db-44e1-8985-7eaa3d24b83d" xsi:type="Element" x="190" y="154" w="121" h="55">
          <style>
            <fillColor r="255" g="255" b="181" a="100" />
            <lineColor r="92" g="92" b="92" a="100" />
            <font name="Lucida Grande" size="12">
              <color r="0" g="0" b="0" />
            </font>
          </style>
        </node>
        <node identifier="id-36f73b80-558b-4f59-9a33-8e659a6de55e" elementRef="id-22f8b810-139a-4fcd-89f4-edea6d1460a5" xsi:type="Element" x="754" y="154" w="651" h="55">
          <style>
            <fillColor r="255" g="255" b="181" a="100" />
            <lineColor r="92" g="92" b="92" a="100" />
            <font name="Lucida Grande" size="12">
              <color r="0" g="0" b="0" />
            </font>
          </style>
        </node>
        <node identifier="id-56ff8a50-4bb9-4fbd-a484-c235945ae666" elementRef="ae99da5f-b42f-4254-a55e-d4c897b2e0eb" xsi:type="Element" x="334" y="154" w="348" h="55">
          <style>
            <fillColor r="255" g="255" b="181" a="100" />
            <lineColor r="92" g="92" b="92" a="100" />
            <font name="Lucida Grande" size="12">
              <color r="0" g="0" b="0" />
            </font>
          </style>
        </node>
        <node identifier="b1051578-315f-4f1c-a6cc-718c86a0e813" elementRef="id-13eec0bb-b6d0-4982-b6bf-66fd72de3e41" xsi:type="Element" x="58" y="238" w="121" h="55">
          <style>
            <fillColor r="255" g="255" b="181" a="100" />
            <lineColor r="92" g="92" b="92" a="100" />
            <font name="Lucida Grande" size="12">
              <color r="0" g="0" b="0" />
            </font>
          </style>
        </node>
        <node identifier="id-1573b6fb-f8c8-454b-bbb0-29a822d9166e" elementRef="id-94ebcdb0-bf61-4fbb-9015-ecb6f15d54cf" xsi:type="Element" x="190" y="238" w="121" h="55">
          <style>
            <fillColor r="255" g="255" b="181" a="100" />
            <lineColor r="92" g="92" b="92" a="100" />
            <font name="Lucida Grande" size="12">
              <color r="0" g="0" b="0" />
            </font>
          </style>
        </node>
        <node identifier="b8523339-b2a4-42fe-b137-3e88c90be8b3" elementRef="f80f971d-fa62-4985-8f12-901bbc80b202" xsi:type="Element" x="1248" y="238" w="157" h="55">
          <style>
            <fillColor r="255" g="255" b="181" a="100" />
            <lineColor r="92" g="92" b="92" a="100" />
            <font name="Lucida Grande" size="12">
              <color r="0" g="0" b="0" />
            </font>
          </style>
        </node>
        <node identifier="id-9c89490d-9eec-447a-90ab-6ca9283cd45e" elementRef="be5b457d-a4ac-48d7-8204-c94abea6989b" xsi:type="Element" x="334" y="238" w="133" h="55">
          <style>
            <fillColor r="255" g="255" b="181" a="100" />
            <lineColor r="92" g="92" b="92" a="100" />
            <font name="Lucida Grande" size="12">
              <color r="0" g="0" b="0" />
            </font>
          </style>
        </node>
        <node identifier="ef119f3c-7f82-40ef-9762-af7b149a617c" elementRef="dc287d29-053d-4ef2-94d6-2815cbbb6f76" xsi:type="Element" x="490" y="238" w="121" h="55">
          <style>
            <fillColor r="255" g="255" b="181" a="100" />
            <lineColor r="92" g="92" b="92" a="100" />
            <font name="Lucida Grande" size="12">
              <color r="0" g="0" b="0" />
            </font>
          </style>
        </node>
        <node identifier="id-7d0f525d-325c-4451-8593-d71d04ade2af" xsi:type="Label" x="190" y="850" w="209" h="145">
          <label>Inneholder:&#xD;
Hvilke data finnes&#xD;
Hvordan er de organisert&#xD;
Hvordan de er strukturert</label>
          <style>
            <fillColor r="255" g="255" b="255" a="100" />
            <lineColor r="92" g="92" b="92" a="100" />
            <font name="Lucida Grande" size="12">
              <color r="0" g="0" b="0" />
            </font>
          </style>
        </node>
        <node identifier="e71f6bb0-b3ed-457f-8caf-5b76453fdf03" xsi:type="Label" x="733" y="849" w="209" h="147">
          <label>Inneholder&#xD;
- organisasjoner&#xD;
- digital adresse(r) for organisasjon&#xD;
- formatkrav for hver adresser&#xD;
(Egenrapportering)</label>
          <style>
            <fillColor r="255" g="255" b="255" a="100" />
            <lineColor r="92" g="92" b="92" a="100" />
            <font name="Lucida Grande" size="12">
              <color r="0" g="0" b="0" />
            </font>
          </style>
        </node>
        <node identifier="deb7e05e-753c-44dd-8a7d-93ed3cca52dc" xsi:type="Label" x="466" y="850" w="209" h="145">
          <label>Inneholder&#xD;
- beskriver hvorfra informasjon kan hentes ut (Read)</label>
          <style>
            <fillColor r="255" g="255" b="255" a="100" />
            <lineColor r="92" g="92" b="92" a="100" />
            <font name="Lucida Grande" size="12">
              <color r="0" g="0" b="0" />
            </font>
          </style>
        </node>
        <node identifier="id-2b2eddeb-8609-47bd-9db3-07c6bc01582b" elementRef="id-56cf2f36-bf04-41cc-b421-590ef4a94548" xsi:type="Element" x="759" y="238" w="157" h="55">
          <style>
            <fillColor r="255" g="255" b="181" a="100" />
            <lineColor r="92" g="92" b="92" a="100" />
            <font name="Lucida Grande" size="12">
              <color r="0" g="0" b="0" />
            </font>
          </style>
        </node>
        <node identifier="b3fcec26-0da5-4d26-826f-602ef0e91837" elementRef="id-39ce9e42-2022-422b-b660-a991228d7eee" xsi:type="Element" x="1078" y="238" w="157" h="55">
          <style>
            <fillColor r="255" g="255" b="181" a="100" />
            <lineColor r="92" g="92" b="92" a="100" />
            <font name="Lucida Grande" size="12">
              <color r="0" g="0" b="0" />
            </font>
          </style>
        </node>
        <node identifier="id-99e4ff31-f349-48a5-bcf0-8a1275ba490f" elementRef="id-8ae5a33f-48e7-4eea-afe7-4c1ddbf7b1d5" xsi:type="Element" x="922" y="238" w="145" h="55">
          <style>
            <fillColor r="255" g="255" b="181" a="100" />
            <lineColor r="92" g="92" b="92" a="100" />
            <font name="Lucida Grande" size="12">
              <color r="0" g="0" b="0" />
            </font>
          </style>
        </node>
        <connection identifier="d4691a1b-2a15-4fed-8a53-4bdc08552493" relationshipRef="id-160c0727-9287-4a04-b49c-28ab1c82eee0" xsi:type="Relationship" source="id-7c3a6a55-7475-4908-bd0e-66b9abf7199c" target="id-9c89490d-9eec-447a-90ab-6ca9283cd45e">
          <style>
            <lineColor r="0" g="0" b="0" />
            <font name="Lucida Grande" size="12">
              <color r="0" g="0" b="0" />
            </font>
          </style>
        </connection>
        <connection identifier="ee56f85a-ea8e-40ff-b6cf-8dcf33593b8e" relationshipRef="id-9a2e5a0f-8ad2-4d1d-be33-3bdd063faeb5" xsi:type="Relationship" source="c5923187-b818-485b-bbd2-da6dc3f92235" target="ef119f3c-7f82-40ef-9762-af7b149a617c">
          <style>
            <lineColor r="0" g="0" b="0" />
            <font name="Lucida Grande" size="12">
              <color r="0" g="0" b="0" />
            </font>
          </style>
        </connection>
        <connection identifier="id-35509843-be5d-4024-b4e9-aadc452688b1" relationshipRef="id-5c1fd2b2-e6e3-4c02-8185-4028d555c338" xsi:type="Relationship" source="c5923187-b818-485b-bbd2-da6dc3f92235" target="b8184b53-8302-4f15-a7f5-8144d6a3474a">
          <style>
            <lineColor r="0" g="0" b="0" />
            <font name="Lucida Grande" size="12">
              <color r="0" g="0" b="0" />
            </font>
          </style>
        </connection>
        <connection identifier="dbd640e8-2e7e-4b67-a93b-16a948548579" relationshipRef="id-43a97039-3d9b-4851-8676-bec8da9c73eb" xsi:type="Relationship" source="b8184b53-8302-4f15-a7f5-8144d6a3474a" target="id-5b699c37-df65-48b1-9faa-4e412577e0dc">
          <style>
            <lineColor r="0" g="0" b="0" />
            <font name="Lucida Grande" size="12">
              <color r="0" g="0" b="0" />
            </font>
          </style>
        </connection>
        <connection identifier="id-0a626f1c-d199-4db3-aa04-04997a72f400" relationshipRef="baae7d5c-7e4d-4045-b0c2-904de65ac59b" xsi:type="Relationship" source="b8184b53-8302-4f15-a7f5-8144d6a3474a" target="id-2b2eddeb-8609-47bd-9db3-07c6bc01582b">
          <style>
            <lineColor r="0" g="0" b="0" />
            <font name="Lucida Grande" size="12">
              <color r="0" g="0" b="0" />
            </font>
          </style>
          <bendpoint x="682" y="370" />
          <bendpoint x="838" y="370" />
        </connection>
        <connection identifier="id-4df95c12-52dc-4cb5-9255-114306bf25c9" relationshipRef="id-0792913b-a71e-4275-9c14-8e84b53baab6" xsi:type="Relationship" source="b8184b53-8302-4f15-a7f5-8144d6a3474a" target="b8523339-b2a4-42fe-b137-3e88c90be8b3">
          <style>
            <lineColor r="0" g="0" b="0" />
            <font name="Lucida Grande" size="12">
              <color r="0" g="0" b="0" />
            </font>
          </style>
          <bendpoint x="662" y="346" />
          <bendpoint x="1318" y="346" />
        </connection>
        <connection identifier="id-7cd07f31-7367-411b-b5dd-90813386f286" relationshipRef="id-4ad03281-110b-438b-be69-bb9d0d57e634" xsi:type="Relationship" source="id-43cccc3c-373d-4ca1-843e-fa7b95b8d4ac" target="b8184b53-8302-4f15-a7f5-8144d6a3474a">
          <style>
            <lineColor r="0" g="0" b="0" />
            <font name="Lucida Grande" size="12">
              <color r="0" g="0" b="0" />
            </font>
          </style>
          <bendpoint x="696" y="459" />
        </connection>
        <connection identifier="c8fd5998-9cd1-481c-8c31-ec29d87fec7d" relationshipRef="id-4bdcc7ed-c43c-42af-9054-072433ff7503" xsi:type="Relationship" source="b1051578-315f-4f1c-a6cc-718c86a0e813" target="id-1ee520e1-dee8-4c95-a1e5-a2945cb34e0d">
          <style>
            <lineColor r="0" g="0" b="0" />
            <font name="Lucida Grande" size="12">
              <color r="0" g="0" b="0" />
            </font>
          </style>
        </connection>
        <connection identifier="df2b5230-998f-4ea5-be2c-95294ef4f94e" relationshipRef="id-0cf62815-28fa-4d75-ab6b-780efd7ed34b" xsi:type="Relationship" source="id-1573b6fb-f8c8-454b-bbb0-29a822d9166e" target="id-9d94f7fd-0e28-45b8-ac26-42c09a28e73c">
          <style>
            <lineColor r="0" g="0" b="0" />
            <font name="Lucida Grande" size="12">
              <color r="0" g="0" b="0" />
            </font>
          </style>
        </connection>
        <connection identifier="id-7fd9d4b6-0899-40a6-b256-cf39548cc6b7" relationshipRef="id-17f47526-c582-4d26-aab1-80f67bbdbc14" xsi:type="Relationship" source="b8523339-b2a4-42fe-b137-3e88c90be8b3" target="id-36f73b80-558b-4f59-9a33-8e659a6de55e">
          <style>
            <lineColor r="0" g="0" b="0" />
            <font name="Lucida Grande" size="12">
              <color r="0" g="0" b="0" />
            </font>
          </style>
        </connection>
        <connection identifier="id-73a649bb-20c5-4e77-a770-afe3535259b2" relationshipRef="id-55684bf7-935e-47aa-a37b-add1c7c13f55" xsi:type="Relationship" source="id-9c89490d-9eec-447a-90ab-6ca9283cd45e" target="id-56ff8a50-4bb9-4fbd-a484-c235945ae666">
          <style>
            <lineColor r="0" g="0" b="0" />
            <font name="Lucida Grande" size="12">
              <color r="0" g="0" b="0" />
            </font>
          </style>
        </connection>
        <connection identifier="id-9224c186-ba42-4abd-a064-4693df017aff" relationshipRef="id-594bf058-2650-4a8b-97c8-19b6827bdc5d" xsi:type="Relationship" source="ef119f3c-7f82-40ef-9762-af7b149a617c" target="id-56ff8a50-4bb9-4fbd-a484-c235945ae666">
          <style>
            <lineColor r="0" g="0" b="0" />
            <font name="Lucida Grande" size="12">
              <color r="0" g="0" b="0" />
            </font>
          </style>
        </connection>
        <connection identifier="id-6605a1a4-e747-496f-8927-1959b93c62fb" xsi:type="Line" source="id-7d0f525d-325c-4451-8593-d71d04ade2af" target="id-7c3a6a55-7475-4908-bd0e-66b9abf7199c">
          <style>
            <lineColor r="0" g="0" b="0" />
            <font name="Lucida Grande" size="12">
              <color r="0" g="0" b="0" />
            </font>
          </style>
        </connection>
        <connection identifier="d9d38371-658d-4503-ac4a-97480c661380" xsi:type="Line" source="e71f6bb0-b3ed-457f-8caf-5b76453fdf03" target="id-43cccc3c-373d-4ca1-843e-fa7b95b8d4ac">
          <style>
            <lineColor r="0" g="0" b="0" />
            <font name="Lucida Grande" size="12">
              <color r="0" g="0" b="0" />
            </font>
          </style>
        </connection>
        <connection identifier="id-4a9e1ff7-bc97-4177-b999-77a3ec0c93e1" xsi:type="Line" source="deb7e05e-753c-44dd-8a7d-93ed3cca52dc" target="c5923187-b818-485b-bbd2-da6dc3f92235">
          <style>
            <lineColor r="0" g="0" b="0" />
            <font name="Lucida Grande" size="12">
              <color r="0" g="0" b="0" />
            </font>
          </style>
        </connection>
        <connection identifier="cfa006cc-16d9-4c5d-9ebb-8bdd7a3fed69" relationshipRef="id-03d3c93e-8adb-4d21-b992-5e67c4ed6dc7" xsi:type="Relationship" source="id-2b2eddeb-8609-47bd-9db3-07c6bc01582b" target="id-36f73b80-558b-4f59-9a33-8e659a6de55e">
          <style>
            <lineColor r="0" g="0" b="0" />
            <font name="Lucida Grande" size="12">
              <color r="0" g="0" b="0" />
            </font>
          </style>
        </connection>
        <connection identifier="id-62805f1d-0574-47cf-83de-fc17fc61fbf5" relationshipRef="c7c67780-ebab-4924-a5fa-840ffb20dc54" xsi:type="Relationship" source="b3fcec26-0da5-4d26-826f-602ef0e91837" target="id-36f73b80-558b-4f59-9a33-8e659a6de55e">
          <style>
            <lineColor r="0" g="0" b="0" />
            <font name="Lucida Grande" size="12">
              <color r="0" g="0" b="0" />
            </font>
          </style>
        </connection>
        <connection identifier="d2a60929-3cc0-4526-80d0-2b5cb34ac517" relationshipRef="id-95cc883b-378e-4da6-b745-3282f4c2a1d0" xsi:type="Relationship" source="id-99e4ff31-f349-48a5-bcf0-8a1275ba490f" target="id-36f73b80-558b-4f59-9a33-8e659a6de55e">
          <style>
            <lineColor r="0" g="0" b="0" />
            <font name="Lucida Grande" size="12">
              <color r="0" g="0" b="0" />
            </font>
          </style>
        </connection>
      </view>
    </diagrams>
  </views>
</model>
