{"identifier":"https://me.big.tuwien.ac.at/EAModelSet/7da39828-22be-4cfe-95d4-252211cceba8","archimateId":"7da39828-22be-4cfe-95d4-252211cceba8","name":"Algoritme Register","description":"","formats":["XML","CSV","JSON","ARCHIMATE"],"source":"GitHub","sourceFile":"raw-data/github/archimate/algoritme_register_nl.archimate","sourceFormat":"ARCHIMATE","timestamp":"29-06-2023 09:31:06","tags":["DUPLICATE"],"duplicates":["raw-data/github/archimate/algorithm_register_en.archimate"],"language":"nl","elements":[{"id":"93d263dd-c299-41c7-805a-56739e93d19f","name":"Algoritme","type":"BusinessObject","layer":"business"},{"id":"e3149aa1-7334-4f58-8b91-dbedb35e8733","name":"Dataset","type":"BusinessObject","layer":"business"},{"id":"ecd9417b-3c66-40e4-8b29-710e47767470","name":"Proces","type":"BusinessObject","layer":"business"},{"id":"bb4eb549-24f6-40da-abb3-36ac686866f4","name":"Processtap","type":"BusinessObject","layer":"business"},{"id":"326ab9e1-c2ba-40eb-8fe8-cc10380ee47d","name":"Applicatie","type":"BusinessObject","layer":"business"},{"id":"1a59da93-8121-449e-943f-c7cf1e7d2860","name":"Privacy verklaring","type":"Representation","layer":"business"},{"id":"bb9e8289-0e2a-4cb5-8a5a-42e8a086a162","name":"Algoritme keurmerk","type":"Representation","layer":"business"},{"id":"a671adfe-ca85-484d-ac10-08eb72d4c0ec","name":"Proces beschrijving","type":"Representation","layer":"business"},{"id":"9e39a297-8538-472b-acb5-a489eab2a634","name":"Burger","type":"BusinessActor","layer":"business"},{"id":"ee6b8cde-5fed-43ae-992f-f4e7dcfb11cb","name":"Belanghebbende","type":"BusinessRole","layer":"business"},{"id":"482df2c8-2ec4-41c5-a6c0-521c30838c7c","name":"Algoritme houder","type":"BusinessRole","layer":"business"},{"id":"666517dc-3674-4753-9bd4-539e90f114ef","name":"Manager","type":"BusinessActor","layer":"business"},{"id":"d556fbbc-fdc9-4419-a64d-bce4076d9934","name":"Bedrijf","type":"BusinessActor","layer":"business"},{"id":"36aaf338-b610-476b-b56c-10713194f797","name":"Instelling","type":"BusinessActor","layer":"business"},{"id":"6b1c8b00-eeea-42d9-9370-c36ab1e9ebb2","name":"Overheidsorganisatie","type":"BusinessActor","layer":"business"},{"id":"5faf4574-1a66-4a14-ba7e-4bb5fa8ce6db","name":"Data bronhouder","type":"BusinessRole","layer":"business"},{"id":"0ca7cb3a-e0e4-45f5-aff0-4a4a80e61453","name":"Proces eigenaar","type":"BusinessRole","layer":"business"},{"id":"7ab5ce55-959b-49b0-b81e-f9cde2d291c5","name":"Functioneel beheer algoritme","type":"BusinessFunction","layer":"business"},{"id":"0caed941-1c11-44d7-b59e-fd6cc8ad4a2f","name":"Taak","type":"BusinessObject","layer":"business"},{"id":"f21f88ae-ac4c-4d84-a6e3-de38a947fca1","name":"Dienst","type":"BusinessObject","layer":"business"},{"id":"97161d58-f6a9-450f-a0f0-20178080cfba","name":"Bronhouderschap","type":"BusinessFunction","layer":"business"},{"id":"3121ae3a-d491-4105-881a-bd7e5a15f347","name":"Proces uitvoering","type":"BusinessFunction","layer":"business"},{"id":"683fed7f-10b3-4dfc-8b51-2fd8b6fb57fb","name":"Systeem eigenaar","type":"BusinessRole","layer":"business"},{"id":"5f2a2a94-39fd-4b67-8487-94246389c70d","name":"Applicatie ontwikkeling en beheer","type":"BusinessFunction","layer":"business"},{"id":"f5ab5be8-75d4-4975-90fc-d6b25529967a","name":"Dienst eigenaar","type":"BusinessRole","layer":"business"},{"id":"5e9daebb-968c-4db1-ab25-66c5fe910b87","name":"Intern toezicht","type":"BusinessFunction","layer":"business"},{"id":"cf50a0ca-ba32-4f1b-8703-b9750dd06db3","name":"Extern audit","type":"BusinessFunction","layer":"business"},{"id":"c3a6aafc-951c-4158-b00b-c304c7c3f425","name":"Algoritme auditor","type":"BusinessRole","layer":"business"},{"id":"02156905-8514-40f2-a666-9bd5ae02ced5","name":"CIO medewerker","type":"BusinessActor","layer":"business"},{"id":"79c64a06-7457-4806-8b33-be276ef0c51e","name":"Algoritme toezichthouder","type":"BusinessRole","layer":"business"},{"id":"15e6dde3-c2c5-4dff-9df3-5b5936b7cba2","name":"IT audit bedrijf","type":"BusinessActor","layer":"business"},{"id":"a51221ad-4b95-4e47-8fbd-65e1cb0838c0","name":"Zaak","type":"BusinessObject","layer":"business"},{"id":"93d8e085-44d2-420e-854d-dc28b83f788e","name":"Besluit","type":"BusinessObject","layer":"business"},{"id":"86d9ee3f-d8e5-4df2-bc6d-60bfc57a1343","name":"Publicatie","type":"BusinessObject","layer":"business"},{"id":"69957673-c2db-40db-87e4-d6f2daf50e3a","name":"Beschikking","type":"Representation","layer":"business"},{"id":"d71427be-b4df-4832-a539-c0e9df8d991c","name":"Menselijke toets","type":"Representation","layer":"business"},{"id":"0a8727ac-8980-45a2-b5ec-c4908f206743","name":"Menselijk oordeel uitkomst algoritme","type":"Representation","layer":"business"},{"id":"0b8df956-b0d9-4700-8fd8-097121d8ffa3","name":"Behandelaar","type":"BusinessRole","layer":"business"},{"id":"fed4a341-6316-4327-9fcf-207cf5e6fb53","name":"Bevoegd gezag","type":"BusinessRole","layer":"business"},{"id":"6d1a9b46-d1a7-4362-9cb4-0d55c973de2e","name":"Medewerker ","type":"BusinessActor","layer":"business"},{"id":"1a16f2cd-fbf3-414e-a421-87c4ad20ea7d","name":"Indiener","type":"BusinessRole","layer":"business"},{"id":"7f93f25f-939b-4a71-a8ce-05885f102025","name":"Software ontwikkelaar","type":"BusinessRole","layer":"business"},{"id":"eaabcdae-c03f-4bf5-ba94-5d5cca3516d5","name":"Software bedrijf","type":"BusinessActor","layer":"business"},{"id":"d74ebd08-e264-4727-8763-670be2913817","name":"Interne ontwikkelaar","type":"BusinessActor","layer":"business"},{"id":"a0b34f80-fd2c-4f8f-be72-74db2b058aa7","name":"Bestuurder","type":"BusinessRole","layer":"business"},{"id":"c5db34a4-7f47-4087-9b97-0f208f599a36","name":"Dagelijks bestuur overheid","type":"BusinessActor","layer":"business"},{"id":"b9186e8e-b63f-410f-bc51-da67d0ac6394","name":"Volksvertegenwoordiger","type":"BusinessRole","layer":"business"},{"id":"0c5db364-d679-45ee-b8d0-9bc7f34e20a4","name":"Raad / Staten","type":"BusinessActor","layer":"business"},{"id":"a27c4aa2-cdb8-480c-9076-9ec6327d5d07","name":"Grondslag","type":"BusinessObject","layer":"business"},{"id":"54031847-32ed-4443-8437-5dc2ffcf212c","name":"Uitvoerder","type":"BusinessRole","layer":"business"},{"id":"54f7b248-827b-4f2c-9302-cae5298e5dd8","name":"Handhavings medewerker","type":"BusinessActor","layer":"business"},{"id":"id-70ea26c8c2304b45ab8382e10405f495","name":"Rol","type":"BusinessRole","layer":"business"},{"id":"id-1c84142294cf400e9655cccf9c697370","name":"Actor","type":"BusinessActor","layer":"business"},{"id":"id-a882c596d6e94711897909df05adaec7","name":"Bedrijfsobject","type":"BusinessObject","layer":"business"},{"id":"id-0ab114286d5449699ff7fd158b815081","name":"Representatie","type":"Representation","layer":"business"},{"id":"id-7bb0aaec48fe454a91da17f2105fb6b2","name":"Gebruiker","type":"BusinessRole","layer":"business"},{"id":"id-8200a3c60d2e422bb76b09395b26d772","name":"DevOps algoritme","type":"BusinessFunction","layer":"business"},{"id":"id-e8a4e430cc1c41c0a4d43e66310a096f","name":"Algoritme ontwikkelaar / beheerder","type":"BusinessRole","layer":"business"},{"id":"id-40bbe9b7d7144a2cb7183895a219d26a","name":"Algoritme DevOps team","type":"BusinessCollaboration","layer":"business"},{"id":"id-111e381d99214b38bee4e2b0e74c1dcf","name":"Overheidsorganisatie","type":"BusinessActor","layer":"business"},{"id":"id-e11dc97cd99547c7824fabadd408b027","name":"Bevoegd gezag","type":"BusinessRole","layer":"business"},{"id":"id-4ae11db8f1df4034a25c6adf04ffc301","name":"Opdrachtgever","type":"BusinessRole","layer":"business"},{"id":"id-ce0903b2db5445b3b28b21d0e37b9cea","name":"Uitvoeringspartner","type":"BusinessRole","layer":"business"},{"id":"id-35b639f30f83445499a5cb6f48515330","name":"Algoritmische toepassing","type":"BusinessObject","layer":"business"},{"id":"id-759304801e5240f68f6618a8f4879262","name":"Bedrijfsfunctie","type":"BusinessFunction","layer":"business"},{"id":"3b8b3f1f-d355-4caf-87a9-2a245b2f50c5","name":"Algoritme databank","type":"DataObject","layer":"application"},{"id":"c26cdffa-1501-4211-97e4-9a271f566a41","name":"Dienst registratie","type":"DataObject","layer":"application"},{"id":"c36d163e-3e91-44e2-a1d1-9f6a4e8dbd13","name":"Algoritme register","type":"ApplicationComponent","layer":"application"},{"id":"8d654221-7997-4695-a649-79375de477a8","name":"Product en dienst catalogus","type":"ApplicationComponent","layer":"application"},{"id":"8765ef26-0131-43fd-8b60-19bf4af1cff6","name":"Corporate website","type":"ApplicationComponent","layer":"application"},{"id":"66ff8741-1a57-4ae2-8ed8-af16c58ed7c5","name":"Applicatie catalogus","type":"ApplicationComponent","layer":"application"},{"id":"1cdbcd81-bc93-4f82-ad29-5d93cc720660","name":"Applicatie registratie","type":"DataObject","layer":"application"},{"id":"528c7c37-adfd-4d67-a9fa-2a4ad60daa32","name":"Data catalogus","type":"ApplicationComponent","layer":"application"},{"id":"d4b87736-4fe2-4ec8-87e3-c4b3bb4a251e","name":"Dataset registratie","type":"DataObject","layer":"application"},{"id":"93ad8c5c-cffd-4816-8586-e1f0a10ca48b","name":"Webcontent pagina's","type":"DataObject","layer":"application"},{"id":"ede9f3ed-6bb8-47d8-b61b-d9a444982a51","name":"Contact functie","type":"ApplicationFunction","layer":"application"},{"id":"af99d337-5c0f-4a8d-845a-8a618bbd09c7","name":"Zaakregistratie","type":"DataObject","layer":"application"},{"id":"5e2962a2-7c6e-48ec-abd1-e37ea2ad9ed1","name":"Besluitsysteem","type":"ApplicationComponent","layer":"application"},{"id":"74bcf026-cad8-4b82-bcf0-a46cdacb0f4a","name":"Publicatiesysteem","type":"ApplicationComponent","layer":"application"},{"id":"a1659a82-6c95-4304-8cb0-276420837b5e","name":"Processysteem","type":"ApplicationComponent","layer":"application"},{"id":"823827b5-59f5-4d98-ace7-d27b7ae5802e","name":"Besluit registratie","type":"DataObject","layer":"application"},{"id":"aa422419-5786-4485-805c-10f95578daf2","name":"Publicatie registratie","type":"DataObject","layer":"application"},{"id":"680d09c6-7fa5-4da8-9ce1-a6be13c805d4","name":"Landelijke voorziening algoritme catalogus","type":"ApplicationComponent","layer":"application"},{"id":"55583d91-4947-4592-983f-40a070ec1e5a","name":"Algoritme publicatie","type":"DataObject","layer":"application"},{"id":"3da85fc1-ab98-4833-8f50-96e8408903c5","name":"Zoek functie","type":"ApplicationFunction","layer":"application"},{"id":"id-bd7f8a87fcac476e9bcf7d5c016ad5d7","name":"User Interface raadpleging","type":"ApplicationComponent","layer":"application"},{"id":"id-c1316e627bf14c14ac794574311ef96c","name":"User Interface registratie","type":"ApplicationComponent","layer":"application"},{"id":"id-61d6bcc9262b400188a0a82d356dfc85","name":"Role / Access management","type":"ApplicationComponent","layer":"application"},{"id":"id-fc84aae7214c407988fa3af6b1db29c8","name":"API Interface data catalogus","type":"ApplicationComponent","layer":"application"},{"id":"id-6c115a6afa094e06838b11968fb5b1d4","name":"API Interface publicatie","type":"ApplicationComponent","layer":"application"},{"id":"id-6f7b03c0b827435f9d141bfb3473caaa","name":"API interface registratie","type":"ApplicationComponent","layer":"application"},{"id":"id-da0a5982f6f24d35aca368d573aaa511","name":"Backend API applicatie","type":"ApplicationComponent","layer":"application"},{"id":"id-ca42b58f61b94d3b8194b56defd8aec1","name":"Applicatiecomponent","type":"ApplicationComponent","layer":"application"},{"id":"id-a4a2d39cd9144eef88dfc21afc5c9319","name":"Applicatiefunctie","type":"ApplicationFunction","layer":"application"},{"id":"id-75634075300c4544a927078e3daaf9ea","name":"Registratie","type":"DataObject","layer":"application"},{"id":"id-b98f26f742ac4ca6be3fcd2a14920270","name":"Container","type":"ApplicationComponent","layer":"application"},{"id":"id-c5ba7774640d4386950addcdbfceae34","name":"Component","type":"ApplicationComponent","layer":"application"},{"id":"id-fccc75b2904b42249f87b05d8a7c3247","name":"Softwarecode","type":"ApplicationComponent","layer":"application"},{"id":"id-f2df43dbc112480ba93fec94c4ba2135","name":"Europese voorziening algoritme catalogus","type":"ApplicationComponent","layer":"application"},{"id":"0c761240-27f8-45b5-98ee-72c454de3984","name":"Wet open overheid","type":"Constraint","layer":"motivation"},{"id":"5f92780c-ad73-481f-b603-f73984634b96","name":"Digitale toegankelijkheid","type":"Constraint","layer":"motivation"},{"id":"21721cef-45aa-4af6-a9ed-c504d1daafff","name":"Wet openbaarheid van bestuur ","type":"Constraint","layer":"motivation"},{"id":"df7fb309-1500-40ef-9bf6-40397652e60f","name":"Een goede informatiepositie","type":"Principle","layer":"motivation"},{"id":"a96a43f9-7cea-4583-9e10-8a7814e1a2fa","name":"Het AR is open","type":"Principle","layer":"motivation"},{"id":"a0fa896f-8f8d-4b75-8796-939623f43767","name":"Het AR is compliant","type":"Principle","layer":"motivation"},{"id":"23b02d1e-52b2-486d-977a-377e33cb7605","name":"Transparante overheid","type":"Driver","layer":"motivation"},{"id":"7d815006-5479-4398-abfa-92db07ff9c27","name":"Openbaarheid algoritmen","type":"Goal","layer":"motivation"},{"id":"c100191a-8f0a-4364-9103-85c840912bf3","name":"Transparante besluitvorming","type":"Goal","layer":"motivation"},{"id":"7b673f14-2029-4b11-93f1-68ef475561e6","name":"Het AR wisselt data open uit","type":"Principle","layer":"motivation"},{"id":"c00a5906-8801-4cf2-acf7-a575115b0286","name":"Gebruik JSON / GEOSJON","type":"Constraint","layer":"motivation"},{"id":"574812d4-ed55-4eb4-8934-c44af1628b6c","name":"Beschrijf API","type":"Constraint","layer":"motivation"},{"id":"2256695b-2276-4382-925e-3ac2be71851d","name":"Documenteer API","type":"Constraint","layer":"motivation"},{"id":"7d4d1f9d-f0b3-4e49-8705-4d35a4c98952","name":"Dublin Core Metadata Initiative","type":"Constraint","layer":"motivation"},{"id":"7d236c5b-6b91-402e-9af0-f6f2b7a74673","name":"Overheid.nl Web Metadata Standaard","type":"Constraint","layer":"motivation"},{"id":"dc1c7c67-647b-43f4-bfc1-de2c07517d6b","name":"Ontwikkel voor AR open standaard","type":"Constraint","layer":"motivation"},{"id":"0e43152e-0778-4fac-aff1-9a0ad3f13644","name":"AR voldoet aan WCAG eisen","type":"Constraint","layer":"motivation"},{"id":"6ca8ef91-212a-4736-9a00-cbf6dcfe337f","name":"Belanghebbende","type":"Stakeholder","layer":"motivation"},{"id":"dbb4aea4-1a6b-4e45-8fce-e584a42b3392","name":"Volksvertegenwoordiger","type":"Stakeholder","layer":"motivation"},{"id":"63ffa42c-29df-429e-8339-35173b62bdab","name":"Algoritmehouder","type":"Stakeholder","layer":"motivation"},{"id":"111cbc0a-8ead-4aef-a789-cb937ff4be4a","name":"Uitvoerder","type":"Stakeholder","layer":"motivation"},{"id":"a8b5ad3f-2589-4ba7-b941-5078f04cb0d4","name":"Controleerbaarheid","type":"Value","layer":"motivation"},{"id":"74c29e58-6278-43bb-9daf-4c07c75c99e1","name":"Minimale eis openbaarheid","type":"Value","layer":"motivation"},{"id":"32115101-c1fd-4a2a-aa1c-10b35ded8656","name":"Verklaarbaarheid","type":"Value","layer":"motivation"},{"id":"fc416806-64fe-41ec-b26d-eab092655f93","name":"Vertrouwen","type":"Value","layer":"motivation"},{"id":"62edd2e4-3969-45dc-ac9e-ad0e85ed3987","name":"Elk algoritme dat wordt gebruikt in een besluit dat mij kan raken is beschreven","type":"Outcome","layer":"motivation"},{"id":"9faafda8-098a-4599-a296-c998d84b0a6b","name":"Van elk algoritme dat wordt gebruikt in besluiten is beschreven wat de grondslag is","type":"Outcome","layer":"motivation"},{"id":"2da3ea64-56f2-482f-b40f-bfe57a2a3d4b","name":"Van elk algoritme zijn de minimaal noodzakelijke gegevens vastgelegd","type":"Outcome","layer":"motivation"},{"id":"3a426aaa-95fc-4a62-9591-91ae24d8471a","name":"Van elk algoritme gebruikt in mijn werk is de werking en de gebruikte data beschreven","type":"Outcome","layer":"motivation"},{"id":"7b650b62-7dfd-4cfd-b446-16c14838d9ec","name":"Grondslag van algoritme is bekend","type":"Principle","layer":"motivation"},{"id":"ccf62760-b47c-4c39-b941-677bae8ef699","name":"AR standaard benoemt minimale set","type":"Principle","layer":"motivation"},{"id":"b344a3aa-1391-41b6-a44e-36c3af79d899","name":"AR standaard omvat werking en data","type":"Principle","layer":"motivation"},{"id":"id-3344a910c8ff4568a3799c0442332a75","name":"Beperking","type":"Constraint","layer":"motivation"},{"id":"id-197fda7cfe294ffb98a57f4771666c58","name":"Principe","type":"Principle","layer":"motivation"},{"id":"id-323408bdb7a149c1b2820b69d00f9949","name":"Beleidsdoel","type":"Goal","layer":"motivation"},{"id":"id-caf7de5444c84eeb8d137ced4f94b383","name":"Drijfveer","type":"Driver","layer":"motivation"},{"id":"id-c80d6344c68640a3b570353bef08c115","name":"Resultaat","type":"Outcome","layer":"motivation"},{"id":"id-65abd3cb386b45e69accdc66e167ec0d","name":"Stakeholder","type":"Stakeholder","layer":"motivation"},{"id":"id-770b62e63290416d9f48280c30490b76","name":"Waarde","type":"Value","layer":"motivation"},{"id":"id-efb837da4686465e90533de535ba926b","name":"Open Beheer- en Ontwikkel Model ","type":"Constraint","layer":"motivation"},{"id":"id-8af7a6c35f3c436bb362deae7aa3673a","name":"Proceseigenaar","type":"Stakeholder","layer":"motivation"},{"id":"id-731ec4d9e9ce4a929a006f3832222dfd","name":"Thesaurus en Ontologie Overheidsinformatie","type":"Constraint","layer":"motivation"},{"id":"id-00c3bfef1dc944ee98ac6a19f138e97d","name":"Telecommunicatiewet","type":"Constraint","layer":"motivation"},{"id":"id-ba70f9d17c1a4ee49d463854aa6f3e0b","name":"Archiefwet","type":"Constraint","layer":"motivation"}],"relationships":[{"id":"7ab2aae7-d85c-4f0a-bd08-5bcaf4e87c66","sourceId":"93d263dd-c299-41c7-805a-56739e93d19f","targetId":"e3149aa1-7334-4f58-8b91-dbedb35e8733","type":"AssociationRelationship"},{"id":"b2646f0f-7b21-4e5a-934b-ce79e8f05d47","sourceId":"ecd9417b-3c66-40e4-8b29-710e47767470","targetId":"bb4eb549-24f6-40da-abb3-36ac686866f4","type":"CompositionRelationship"},{"id":"a779410b-df7c-4d7b-b72c-b359f34f00ec","sourceId":"ecd9417b-3c66-40e4-8b29-710e47767470","targetId":"326ab9e1-c2ba-40eb-8fe8-cc10380ee47d","type":"AssociationRelationship"},{"id":"bebdb457-b9c6-4c7a-8648-8fc986e4c47f","sourceId":"e3149aa1-7334-4f58-8b91-dbedb35e8733","targetId":"326ab9e1-c2ba-40eb-8fe8-cc10380ee47d","type":"AssociationRelationship"},{"id":"5c7d0233-c06b-4ccd-98c9-eb4fb5a54f54","sourceId":"1a59da93-8121-449e-943f-c7cf1e7d2860","targetId":"e3149aa1-7334-4f58-8b91-dbedb35e8733","type":"RealizationRelationship"},{"id":"00ea7f7c-2761-43a5-89d6-e31deab364e8","sourceId":"bb9e8289-0e2a-4cb5-8a5a-42e8a086a162","targetId":"93d263dd-c299-41c7-805a-56739e93d19f","type":"RealizationRelationship"},{"id":"b41cbd87-e673-4511-ad50-a23c87a97b03","sourceId":"a671adfe-ca85-484d-ac10-08eb72d4c0ec","targetId":"ecd9417b-3c66-40e4-8b29-710e47767470","type":"RealizationRelationship"},{"id":"d1c73a87-2abf-4dc9-9f24-f996f9b4d792","sourceId":"a671adfe-ca85-484d-ac10-08eb72d4c0ec","targetId":"bb4eb549-24f6-40da-abb3-36ac686866f4","type":"RealizationRelationship"},{"id":"be4ef1b7-ccbd-4aac-8315-4ac336d20560","sourceId":"9e39a297-8538-472b-acb5-a489eab2a634","targetId":"ee6b8cde-5fed-43ae-992f-f4e7dcfb11cb","type":"AssignmentRelationship"},{"id":"a5ceba45-107a-4fe0-b0aa-af4d4b35bb22","sourceId":"666517dc-3674-4753-9bd4-539e90f114ef","targetId":"482df2c8-2ec4-41c5-a6c0-521c30838c7c","type":"AssignmentRelationship"},{"id":"560e2391-9f61-4aa5-96cd-eab1c3598955","sourceId":"d556fbbc-fdc9-4419-a64d-bce4076d9934","targetId":"ee6b8cde-5fed-43ae-992f-f4e7dcfb11cb","type":"AssignmentRelationship"},{"id":"dfd9428f-b482-4407-b0dc-7b5f78e87262","sourceId":"36aaf338-b610-476b-b56c-10713194f797","targetId":"ee6b8cde-5fed-43ae-992f-f4e7dcfb11cb","type":"AssignmentRelationship"},{"id":"0afbdb63-9213-493a-b991-861ef72bd4e0","sourceId":"6b1c8b00-eeea-42d9-9370-c36ab1e9ebb2","targetId":"ee6b8cde-5fed-43ae-992f-f4e7dcfb11cb","type":"AssignmentRelationship"},{"id":"40ca1fd2-fe45-427b-a6e2-ac4e41ed8470","sourceId":"666517dc-3674-4753-9bd4-539e90f114ef","targetId":"5faf4574-1a66-4a14-ba7e-4bb5fa8ce6db","type":"AssignmentRelationship"},{"id":"6ebc0561-6e42-41a6-8028-1b945a0af6f5","sourceId":"666517dc-3674-4753-9bd4-539e90f114ef","targetId":"0ca7cb3a-e0e4-45f5-aff0-4a4a80e61453","type":"AssignmentRelationship"},{"id":"b3c03d4b-f501-4462-94a0-61856a129c48","sourceId":"ecd9417b-3c66-40e4-8b29-710e47767470","targetId":"f21f88ae-ac4c-4d84-a6e3-de38a947fca1","type":"AssociationRelationship"},{"id":"671f4ef6-228f-409d-9284-fa57ebfb8b5e","sourceId":"ecd9417b-3c66-40e4-8b29-710e47767470","targetId":"0caed941-1c11-44d7-b59e-fd6cc8ad4a2f","type":"AssociationRelationship"},{"id":"140d2e4f-108d-4b23-8cb1-246a62f6c4db","sourceId":"482df2c8-2ec4-41c5-a6c0-521c30838c7c","targetId":"7ab5ce55-959b-49b0-b81e-f9cde2d291c5","type":"AssignmentRelationship"},{"id":"69646e1d-2502-4499-a18a-daea9bdd5725","sourceId":"5faf4574-1a66-4a14-ba7e-4bb5fa8ce6db","targetId":"97161d58-f6a9-450f-a0f0-20178080cfba","type":"AssignmentRelationship"},{"id":"3dcb2e8c-d850-438a-b469-0ac2390f1234","sourceId":"0ca7cb3a-e0e4-45f5-aff0-4a4a80e61453","targetId":"3121ae3a-d491-4105-881a-bd7e5a15f347","type":"AssignmentRelationship"},{"id":"bb9d4bef-76f9-4ae6-b879-93d3e8c4db32","sourceId":"683fed7f-10b3-4dfc-8b51-2fd8b6fb57fb","targetId":"5f2a2a94-39fd-4b67-8487-94246389c70d","type":"AssignmentRelationship"},{"id":"89c6de0b-f035-4381-b059-074f40669d20","sourceId":"666517dc-3674-4753-9bd4-539e90f114ef","targetId":"683fed7f-10b3-4dfc-8b51-2fd8b6fb57fb","type":"AssignmentRelationship"},{"id":"3c898835-6173-4cc0-a156-46bbb0a2851a","sourceId":"666517dc-3674-4753-9bd4-539e90f114ef","targetId":"f5ab5be8-75d4-4975-90fc-d6b25529967a","type":"AssignmentRelationship"},{"id":"cd5f2e06-5dcb-4cfb-98a4-29e67edcfdde","sourceId":"f5ab5be8-75d4-4975-90fc-d6b25529967a","targetId":"3121ae3a-d491-4105-881a-bd7e5a15f347","type":"AssignmentRelationship"},{"id":"f2362d18-4817-4292-a954-862a22ebff6c","sourceId":"97161d58-f6a9-450f-a0f0-20178080cfba","targetId":"e3149aa1-7334-4f58-8b91-dbedb35e8733","type":"AccessRelationship"},{"id":"a3a532c4-5e99-4b35-93ea-0daf8db7eee2","sourceId":"5f2a2a94-39fd-4b67-8487-94246389c70d","targetId":"326ab9e1-c2ba-40eb-8fe8-cc10380ee47d","type":"AccessRelationship"},{"id":"45ac9b5b-1f40-441c-945c-7f91c4a17fba","sourceId":"7ab5ce55-959b-49b0-b81e-f9cde2d291c5","targetId":"93d263dd-c299-41c7-805a-56739e93d19f","type":"AccessRelationship"},{"id":"d18cf315-66e2-41e3-b5b9-88d23087e91a","sourceId":"3121ae3a-d491-4105-881a-bd7e5a15f347","targetId":"0caed941-1c11-44d7-b59e-fd6cc8ad4a2f","type":"AccessRelationship"},{"id":"0524fc4e-5d75-444b-adba-f82d084a5689","sourceId":"3121ae3a-d491-4105-881a-bd7e5a15f347","targetId":"f21f88ae-ac4c-4d84-a6e3-de38a947fca1","type":"AccessRelationship"},{"id":"f4445050-85a9-4b51-96ee-fd511d4baeff","sourceId":"3121ae3a-d491-4105-881a-bd7e5a15f347","targetId":"ecd9417b-3c66-40e4-8b29-710e47767470","type":"AccessRelationship"},{"id":"2f3cba41-2dc3-410b-9fb5-62d39b456fa4","sourceId":"8d654221-7997-4695-a649-79375de477a8","targetId":"c36d163e-3e91-44e2-a1d1-9f6a4e8dbd13","type":"FlowRelationship"},{"id":"5356fa8e-88ce-486e-ad04-70f45a287ab9","sourceId":"c36d163e-3e91-44e2-a1d1-9f6a4e8dbd13","targetId":"8765ef26-0131-43fd-8b60-19bf4af1cff6","type":"FlowRelationship"},{"id":"0849eebf-aaff-4446-9cee-ceb7990e92bf","sourceId":"8d654221-7997-4695-a649-79375de477a8","targetId":"c26cdffa-1501-4211-97e4-9a271f566a41","type":"AccessRelationship"},{"id":"ff1d3daf-1551-4760-802c-7f49a4fe7806","sourceId":"c36d163e-3e91-44e2-a1d1-9f6a4e8dbd13","targetId":"3b8b3f1f-d355-4caf-87a9-2a245b2f50c5","type":"AccessRelationship"},{"id":"dbac32cf-9f26-4125-8a78-6477f7d796ec","sourceId":"66ff8741-1a57-4ae2-8ed8-af16c58ed7c5","targetId":"c36d163e-3e91-44e2-a1d1-9f6a4e8dbd13","type":"FlowRelationship"},{"id":"7bc5f39d-3402-40a7-9041-14cc7dc2a058","sourceId":"8d654221-7997-4695-a649-79375de477a8","targetId":"8765ef26-0131-43fd-8b60-19bf4af1cff6","type":"FlowRelationship"},{"id":"77b46809-ef9c-4567-a75a-bb1f3fa8a78e","sourceId":"66ff8741-1a57-4ae2-8ed8-af16c58ed7c5","targetId":"1cdbcd81-bc93-4f82-ad29-5d93cc720660","type":"AccessRelationship"},{"id":"136d88c2-869a-4af6-9a1b-0e9103371ec5","sourceId":"528c7c37-adfd-4d67-a9fa-2a4ad60daa32","targetId":"d4b87736-4fe2-4ec8-87e3-c4b3bb4a251e","type":"AccessRelationship"},{"id":"fe526340-4d21-493e-8c14-ac77dc7edd0a","sourceId":"528c7c37-adfd-4d67-a9fa-2a4ad60daa32","targetId":"c36d163e-3e91-44e2-a1d1-9f6a4e8dbd13","type":"FlowRelationship"},{"id":"1b53d761-afc4-49d5-b283-232a9790fe5e","sourceId":"8765ef26-0131-43fd-8b60-19bf4af1cff6","targetId":"93ad8c5c-cffd-4816-8586-e1f0a10ca48b","type":"AccessRelationship"},{"id":"910d4517-7f29-4123-8f20-e995e663bf6c","sourceId":"79c64a06-7457-4806-8b33-be276ef0c51e","targetId":"5e9daebb-968c-4db1-ab25-66c5fe910b87","type":"AssignmentRelationship"},{"id":"840a8992-9227-4ef8-8079-72e00ef3eb30","sourceId":"c3a6aafc-951c-4158-b00b-c304c7c3f425","targetId":"cf50a0ca-ba32-4f1b-8703-b9750dd06db3","type":"AssignmentRelationship"},{"id":"5359dbee-2af7-4920-bfe4-af1b5f56481f","sourceId":"02156905-8514-40f2-a666-9bd5ae02ced5","targetId":"79c64a06-7457-4806-8b33-be276ef0c51e","type":"AssignmentRelationship"},{"id":"9a2502a1-226f-48c1-b78b-cd4c4669ff64","sourceId":"15e6dde3-c2c5-4dff-9df3-5b5936b7cba2","targetId":"c3a6aafc-951c-4158-b00b-c304c7c3f425","type":"AssignmentRelationship"},{"id":"f0351b2a-4f60-4b42-971e-bed8523dbb58","sourceId":"8765ef26-0131-43fd-8b60-19bf4af1cff6","targetId":"ede9f3ed-6bb8-47d8-b61b-d9a444982a51","type":"RealizationRelationship"},{"id":"0a79a09d-0416-4c8b-82f2-47b29e546852","sourceId":"93d8e085-44d2-420e-854d-dc28b83f788e","targetId":"a51221ad-4b95-4e47-8fbd-65e1cb0838c0","type":"AssociationRelationship"},{"id":"b05024bc-98fe-47fe-8c80-1f7c38a03300","sourceId":"93d8e085-44d2-420e-854d-dc28b83f788e","targetId":"86d9ee3f-d8e5-4df2-bc6d-60bfc57a1343","type":"AssociationRelationship"},{"id":"15f4a545-5431-4bc3-bd99-7a774b57d19f","sourceId":"93d263dd-c299-41c7-805a-56739e93d19f","targetId":"a51221ad-4b95-4e47-8fbd-65e1cb0838c0","type":"AssociationRelationship"},{"id":"ed169643-5790-45cd-956b-436d2d2b0d37","sourceId":"69957673-c2db-40db-87e4-d6f2daf50e3a","targetId":"93d8e085-44d2-420e-854d-dc28b83f788e","type":"RealizationRelationship"},{"id":"3a568c01-420a-42dd-9fd8-574001f808f4","sourceId":"d71427be-b4df-4832-a539-c0e9df8d991c","targetId":"93d8e085-44d2-420e-854d-dc28b83f788e","type":"RealizationRelationship"},{"id":"6c340978-a538-4d38-9c47-4e06ca63bedf","sourceId":"0a8727ac-8980-45a2-b5ec-c4908f206743","targetId":"a51221ad-4b95-4e47-8fbd-65e1cb0838c0","type":"RealizationRelationship"},{"id":"e8c265d3-9c8e-41f2-b2d9-c9ab23db071f","sourceId":"6d1a9b46-d1a7-4362-9cb4-0d55c973de2e","targetId":"0b8df956-b0d9-4700-8fd8-097121d8ffa3","type":"AssignmentRelationship"},{"id":"f5d6aea5-4c37-41d0-b22a-9c5f319e87b2","sourceId":"6b1c8b00-eeea-42d9-9370-c36ab1e9ebb2","targetId":"fed4a341-6316-4327-9fcf-207cf5e6fb53","type":"AssignmentRelationship"},{"id":"b8d7a3f1-0718-472c-801a-def48a3b425a","sourceId":"9e39a297-8538-472b-acb5-a489eab2a634","targetId":"1a16f2cd-fbf3-414e-a421-87c4ad20ea7d","type":"AssignmentRelationship"},{"id":"7824d08f-7559-432d-8db3-26b5fde3cc10","sourceId":"d556fbbc-fdc9-4419-a64d-bce4076d9934","targetId":"1a16f2cd-fbf3-414e-a421-87c4ad20ea7d","type":"AssignmentRelationship"},{"id":"1b7cd0dc-489f-470f-a159-83bcd8bc1c9b","sourceId":"36aaf338-b610-476b-b56c-10713194f797","targetId":"1a16f2cd-fbf3-414e-a421-87c4ad20ea7d","type":"AssignmentRelationship"},{"id":"709e2b3d-3af4-4b06-9929-615330e668d2","sourceId":"6b1c8b00-eeea-42d9-9370-c36ab1e9ebb2","targetId":"1a16f2cd-fbf3-414e-a421-87c4ad20ea7d","type":"AssignmentRelationship"},{"id":"9b81db7d-935f-4788-ae99-17e6c74bcf99","sourceId":"a1659a82-6c95-4304-8cb0-276420837b5e","targetId":"af99d337-5c0f-4a8d-845a-8a618bbd09c7","type":"AccessRelationship"},{"id":"16e0a24f-04c1-41a4-bd62-3c0351ca902f","sourceId":"5e2962a2-7c6e-48ec-abd1-e37ea2ad9ed1","targetId":"823827b5-59f5-4d98-ace7-d27b7ae5802e","type":"AccessRelationship"},{"id":"10ff8bfd-a02a-4d92-93eb-7797a412f109","sourceId":"74bcf026-cad8-4b82-bcf0-a46cdacb0f4a","targetId":"aa422419-5786-4485-805c-10f95578daf2","type":"AccessRelationship"},{"id":"014f5a1f-5ce6-412b-b214-1b95c0b2ce24","sourceId":"a1659a82-6c95-4304-8cb0-276420837b5e","targetId":"c36d163e-3e91-44e2-a1d1-9f6a4e8dbd13","type":"FlowRelationship"},{"id":"ce62cf68-eded-45f5-9294-e5ca5857d926","sourceId":"c36d163e-3e91-44e2-a1d1-9f6a4e8dbd13","targetId":"a1659a82-6c95-4304-8cb0-276420837b5e","type":"FlowRelationship"},{"id":"c858e213-ab8c-4162-b227-38fddea6d820","sourceId":"a1659a82-6c95-4304-8cb0-276420837b5e","targetId":"5e2962a2-7c6e-48ec-abd1-e37ea2ad9ed1","type":"FlowRelationship"},{"id":"06ff6dc4-b656-4d6c-8b05-e360dd7f98a7","sourceId":"5e2962a2-7c6e-48ec-abd1-e37ea2ad9ed1","targetId":"74bcf026-cad8-4b82-bcf0-a46cdacb0f4a","type":"FlowRelationship"},{"id":"a20fa3ee-00d1-474c-8d87-994f275a8873","sourceId":"a1659a82-6c95-4304-8cb0-276420837b5e","targetId":"5e2962a2-7c6e-48ec-abd1-e37ea2ad9ed1","type":"FlowRelationship"},{"id":"7a15defb-e63e-4604-ae2b-f5be370b7731","sourceId":"5e2962a2-7c6e-48ec-abd1-e37ea2ad9ed1","targetId":"5e2962a2-7c6e-48ec-abd1-e37ea2ad9ed1","type":"FlowRelationship"},{"id":"2dcd8298-4404-4275-8b6d-9d10cf7ab858","sourceId":"eaabcdae-c03f-4bf5-ba94-5d5cca3516d5","targetId":"7f93f25f-939b-4a71-a8ce-05885f102025","type":"AssignmentRelationship"},{"id":"1df8251b-7143-43c2-ba04-19cc7c7c59a7","sourceId":"d74ebd08-e264-4727-8763-670be2913817","targetId":"7f93f25f-939b-4a71-a8ce-05885f102025","type":"AssignmentRelationship"},{"id":"1e1f8787-ac22-4186-8014-82dea5605745","sourceId":"c5db34a4-7f47-4087-9b97-0f208f599a36","targetId":"a0b34f80-fd2c-4f8f-be72-74db2b058aa7","type":"AssignmentRelationship"},{"id":"a0c331b7-016e-411a-9c23-a945b8afc675","sourceId":"0c5db364-d679-45ee-b8d0-9bc7f34e20a4","targetId":"b9186e8e-b63f-410f-bc51-da67d0ac6394","type":"AssignmentRelationship"},{"id":"bc82fcfc-7f55-4e26-aa23-8eee2791bbf4","sourceId":"ecd9417b-3c66-40e4-8b29-710e47767470","targetId":"93d8e085-44d2-420e-854d-dc28b83f788e","type":"AssociationRelationship"},{"id":"d7221d34-5845-4365-9f16-dbe67ebf35dc","sourceId":"id-35b639f30f83445499a5cb6f48515330","targetId":"a27c4aa2-cdb8-480c-9076-9ec6327d5d07","type":"AssociationRelationship"},{"id":"eaa805c7-9857-448c-b77d-e3ffbd7c8dd0","sourceId":"54031847-32ed-4443-8437-5dc2ffcf212c","targetId":"3121ae3a-d491-4105-881a-bd7e5a15f347","type":"AssignmentRelationship"},{"id":"2d636c61-8dc7-4d5c-821f-1e0f77473c8d","sourceId":"54f7b248-827b-4f2c-9302-cae5298e5dd8","targetId":"54031847-32ed-4443-8437-5dc2ffcf212c","type":"AssignmentRelationship"},{"id":"222c8cde-27a7-4190-b53e-d91915ad82ce","sourceId":"680d09c6-7fa5-4da8-9ce1-a6be13c805d4","targetId":"55583d91-4947-4592-983f-40a070ec1e5a","type":"AccessRelationship"},{"id":"8655979f-3072-4e2c-a4ec-2b71101c7ddb","sourceId":"680d09c6-7fa5-4da8-9ce1-a6be13c805d4","targetId":"3da85fc1-ab98-4833-8f50-96e8408903c5","type":"AssignmentRelationship"},{"id":"1ff16224-5872-430d-ac2d-b2853488eaf7","sourceId":"c36d163e-3e91-44e2-a1d1-9f6a4e8dbd13","targetId":"680d09c6-7fa5-4da8-9ce1-a6be13c805d4","type":"FlowRelationship"},{"id":"10c12447-d77f-40f5-a890-8c252f074961","sourceId":"23b02d1e-52b2-486d-977a-377e33cb7605","targetId":"7d815006-5479-4398-abfa-92db07ff9c27","type":"InfluenceRelationship"},{"id":"c2d9ae17-92cf-4a90-aa80-7c8756206a19","sourceId":"7d815006-5479-4398-abfa-92db07ff9c27","targetId":"a96a43f9-7cea-4583-9e10-8a7814e1a2fa","type":"InfluenceRelationship"},{"id":"7ef0700c-2f45-416b-9e74-a8e6bfd94572","sourceId":"21721cef-45aa-4af6-a9ed-c504d1daafff","targetId":"a0fa896f-8f8d-4b75-8796-939623f43767","type":"InfluenceRelationship"},{"id":"ff8e9cdb-8d72-4a89-b268-30692306c546","sourceId":"0c761240-27f8-45b5-98ee-72c454de3984","targetId":"a0fa896f-8f8d-4b75-8796-939623f43767","type":"InfluenceRelationship"},{"id":"9360ddf3-6dc6-48be-b5ce-b93c8336cff3","sourceId":"5f92780c-ad73-481f-b603-f73984634b96","targetId":"a0fa896f-8f8d-4b75-8796-939623f43767","type":"InfluenceRelationship"},{"id":"426565a7-db23-44ef-96cf-42f23334d02d","sourceId":"c100191a-8f0a-4364-9103-85c840912bf3","targetId":"df7fb309-1500-40ef-9bf6-40397652e60f","type":"InfluenceRelationship"},{"id":"70b4aa0d-ee57-490b-8254-931d0116b1a8","sourceId":"23b02d1e-52b2-486d-977a-377e33cb7605","targetId":"c100191a-8f0a-4364-9103-85c840912bf3","type":"InfluenceRelationship"},{"id":"1bcd9503-598b-4385-a341-6883ab343433","sourceId":"a96a43f9-7cea-4583-9e10-8a7814e1a2fa","targetId":"7b673f14-2029-4b11-93f1-68ef475561e6","type":"InfluenceRelationship"},{"id":"35a62571-eb46-46e0-b758-59154d912f56","sourceId":"c00a5906-8801-4cf2-acf7-a575115b0286","targetId":"a96a43f9-7cea-4583-9e10-8a7814e1a2fa","type":"RealizationRelationship"},{"id":"8fa70d49-8e34-4933-83e4-97218a8712af","sourceId":"574812d4-ed55-4eb4-8934-c44af1628b6c","targetId":"a96a43f9-7cea-4583-9e10-8a7814e1a2fa","type":"RealizationRelationship"},{"id":"773df23b-ef2e-4c76-9e15-dfa6da31d356","sourceId":"2256695b-2276-4382-925e-3ac2be71851d","targetId":"a96a43f9-7cea-4583-9e10-8a7814e1a2fa","type":"RealizationRelationship"},{"id":"2b729335-7763-4e8e-810c-953cb9873d47","sourceId":"7d4d1f9d-f0b3-4e49-8705-4d35a4c98952","targetId":"7d236c5b-6b91-402e-9af0-f6f2b7a74673","type":"InfluenceRelationship"},{"id":"836af1f5-886d-40ca-84ac-f573d27929fd","sourceId":"7d236c5b-6b91-402e-9af0-f6f2b7a74673","targetId":"dc1c7c67-647b-43f4-bfc1-de2c07517d6b","type":"InfluenceRelationship"},{"id":"a8f982e8-7360-446d-b77b-d1087746b1a5","sourceId":"dc1c7c67-647b-43f4-bfc1-de2c07517d6b","targetId":"7b673f14-2029-4b11-93f1-68ef475561e6","type":"RealizationRelationship"},{"id":"19f2cec9-0c03-49c0-b44c-12320aa0db91","sourceId":"0e43152e-0778-4fac-aff1-9a0ad3f13644","targetId":"a0fa896f-8f8d-4b75-8796-939623f43767","type":"RealizationRelationship"},{"id":"166d8180-a7a5-406a-8f49-5a11dbe23e58","sourceId":"6ca8ef91-212a-4736-9a00-cbf6dcfe337f","targetId":"fc416806-64fe-41ec-b26d-eab092655f93","type":"AssociationRelationship"},{"id":"9c109116-5ef8-43ba-bd9b-22a7d52dcb49","sourceId":"dbb4aea4-1a6b-4e45-8fce-e584a42b3392","targetId":"a8b5ad3f-2589-4ba7-b941-5078f04cb0d4","type":"AssociationRelationship"},{"id":"7bd80d03-1f2d-4fc7-bf6c-a9896b093206","sourceId":"63ffa42c-29df-429e-8339-35173b62bdab","targetId":"74c29e58-6278-43bb-9daf-4c07c75c99e1","type":"AssociationRelationship"},{"id":"ea83dca0-2f77-4c5f-8cbd-3bab753b191f","sourceId":"111cbc0a-8ead-4aef-a789-cb937ff4be4a","targetId":"32115101-c1fd-4a2a-aa1c-10b35ded8656","type":"AssociationRelationship"},{"id":"b4e0f36e-515e-4595-99b4-6ff7b026852d","sourceId":"62edd2e4-3969-45dc-ac9e-ad0e85ed3987","targetId":"7d815006-5479-4398-abfa-92db07ff9c27","type":"RealizationRelationship"},{"id":"8eb971a4-d65b-410a-8d5f-7daecca46047","sourceId":"fc416806-64fe-41ec-b26d-eab092655f93","targetId":"62edd2e4-3969-45dc-ac9e-ad0e85ed3987","type":"AssociationRelationship"},{"id":"4db25657-81d1-4e32-97d4-a67ad2b53870","sourceId":"a8b5ad3f-2589-4ba7-b941-5078f04cb0d4","targetId":"9faafda8-098a-4599-a296-c998d84b0a6b","type":"AssociationRelationship"},{"id":"1bf223a4-e948-43a8-ae9f-0d439fc4c7f7","sourceId":"74c29e58-6278-43bb-9daf-4c07c75c99e1","targetId":"2da3ea64-56f2-482f-b40f-bfe57a2a3d4b","type":"AssociationRelationship"},{"id":"ce2f5a4e-d8e1-48f1-abdd-5c84a1cfb4a4","sourceId":"32115101-c1fd-4a2a-aa1c-10b35ded8656","targetId":"3a426aaa-95fc-4a62-9591-91ae24d8471a","type":"AssociationRelationship"},{"id":"195ea2ec-8d30-41e1-842a-c8bc7ca08f1e","sourceId":"9faafda8-098a-4599-a296-c998d84b0a6b","targetId":"7d815006-5479-4398-abfa-92db07ff9c27","type":"RealizationRelationship"},{"id":"207162ea-73f3-414d-a315-582e7b6f2b72","sourceId":"2da3ea64-56f2-482f-b40f-bfe57a2a3d4b","targetId":"7d815006-5479-4398-abfa-92db07ff9c27","type":"RealizationRelationship"},{"id":"e952f3f9-f127-4b66-8a0b-1e04a9e550bb","sourceId":"3a426aaa-95fc-4a62-9591-91ae24d8471a","targetId":"7d815006-5479-4398-abfa-92db07ff9c27","type":"RealizationRelationship"},{"id":"1d3bf0a5-7be6-4dd6-bd0f-bf3cd7b4c065","sourceId":"df7fb309-1500-40ef-9bf6-40397652e60f","targetId":"62edd2e4-3969-45dc-ac9e-ad0e85ed3987","type":"RealizationRelationship"},{"id":"9112c615-5eb3-41bb-8c57-66e366cc8d2f","sourceId":"7b650b62-7dfd-4cfd-b446-16c14838d9ec","targetId":"9faafda8-098a-4599-a296-c998d84b0a6b","type":"RealizationRelationship"},{"id":"4eddb73e-857e-409b-a709-76b8c80d0cb5","sourceId":"ccf62760-b47c-4c39-b941-677bae8ef699","targetId":"2da3ea64-56f2-482f-b40f-bfe57a2a3d4b","type":"RealizationRelationship"},{"id":"226d1280-b1a5-4c18-a7bf-f7aae3106028","sourceId":"b344a3aa-1391-41b6-a44e-36c3af79d899","targetId":"3a426aaa-95fc-4a62-9591-91ae24d8471a","type":"RealizationRelationship"},{"id":"b550747a-edb5-4e31-ba6b-6d64b2713fd3","sourceId":"7d815006-5479-4398-abfa-92db07ff9c27","targetId":"df7fb309-1500-40ef-9bf6-40397652e60f","type":"InfluenceRelationship"},{"id":"id-7c785963edac4af08f8644268a789e4d","sourceId":"ee6b8cde-5fed-43ae-992f-f4e7dcfb11cb","targetId":"c36d163e-3e91-44e2-a1d1-9f6a4e8dbd13","type":"TriggeringRelationship"},{"id":"id-66f8e8b60d7b4d81877b79254ddff229","sourceId":"b9186e8e-b63f-410f-bc51-da67d0ac6394","targetId":"c36d163e-3e91-44e2-a1d1-9f6a4e8dbd13","type":"TriggeringRelationship"},{"id":"id-4ec1dc9264b744f783e88aa71978a058","sourceId":"54031847-32ed-4443-8437-5dc2ffcf212c","targetId":"c36d163e-3e91-44e2-a1d1-9f6a4e8dbd13","type":"TriggeringRelationship"},{"id":"id-d705b1a226c14072b73455c68cce497c","sourceId":"482df2c8-2ec4-41c5-a6c0-521c30838c7c","targetId":"c36d163e-3e91-44e2-a1d1-9f6a4e8dbd13","type":"TriggeringRelationship"},{"id":"id-b1ba442a8c8347fcb0dfda093bf69a3a","sourceId":"c36d163e-3e91-44e2-a1d1-9f6a4e8dbd13","targetId":"8765ef26-0131-43fd-8b60-19bf4af1cff6","type":"TriggeringRelationship"},{"id":"id-848e5a9e7de84bbca8f7c2c61280e664","sourceId":"c36d163e-3e91-44e2-a1d1-9f6a4e8dbd13","targetId":"680d09c6-7fa5-4da8-9ce1-a6be13c805d4","type":"TriggeringRelationship"},{"id":"id-7a00a0d37a7b4c7c920a031a6bf34dba","sourceId":"c36d163e-3e91-44e2-a1d1-9f6a4e8dbd13","targetId":"528c7c37-adfd-4d67-a9fa-2a4ad60daa32","type":"TriggeringRelationship"},{"id":"id-76e563b85ccc4fb7b0522e1ea3b345de","sourceId":"c36d163e-3e91-44e2-a1d1-9f6a4e8dbd13","targetId":"id-bd7f8a87fcac476e9bcf7d5c016ad5d7","type":"CompositionRelationship"},{"id":"id-b50440c5d7b843d3ba2464846825fda8","sourceId":"c36d163e-3e91-44e2-a1d1-9f6a4e8dbd13","targetId":"id-c1316e627bf14c14ac794574311ef96c","type":"CompositionRelationship"},{"id":"id-4b2a924e0f7543deb0c4ada162361692","sourceId":"c36d163e-3e91-44e2-a1d1-9f6a4e8dbd13","targetId":"id-61d6bcc9262b400188a0a82d356dfc85","type":"CompositionRelationship"},{"id":"id-85d225bb160b448d9cc6cece9b8e7b49","sourceId":"c36d163e-3e91-44e2-a1d1-9f6a4e8dbd13","targetId":"id-fc84aae7214c407988fa3af6b1db29c8","type":"CompositionRelationship"},{"id":"id-e6926a770cc14f5ba3a1d14075f57b4f","sourceId":"c36d163e-3e91-44e2-a1d1-9f6a4e8dbd13","targetId":"id-6c115a6afa094e06838b11968fb5b1d4","type":"CompositionRelationship"},{"id":"id-b31e986d96034ff6ac7013aea99b5478","sourceId":"c36d163e-3e91-44e2-a1d1-9f6a4e8dbd13","targetId":"id-6f7b03c0b827435f9d141bfb3473caaa","type":"CompositionRelationship"},{"id":"id-97bcb556c4274f07bce9a3886bf9b281","sourceId":"c36d163e-3e91-44e2-a1d1-9f6a4e8dbd13","targetId":"id-da0a5982f6f24d35aca368d573aaa511","type":"CompositionRelationship"},{"id":"id-580879b8ad1f44a3a9255ce858b6663c","sourceId":"id-c1316e627bf14c14ac794574311ef96c","targetId":"id-61d6bcc9262b400188a0a82d356dfc85","type":"TriggeringRelationship"},{"id":"id-cbfe67e636004b84be01b6c69ec680fe","sourceId":"id-bd7f8a87fcac476e9bcf7d5c016ad5d7","targetId":"id-da0a5982f6f24d35aca368d573aaa511","type":"TriggeringRelationship"},{"id":"id-7052c3ea667e44639f694773df63b64f","sourceId":"id-c1316e627bf14c14ac794574311ef96c","targetId":"id-da0a5982f6f24d35aca368d573aaa511","type":"TriggeringRelationship"},{"id":"id-ccccb2399fb142ca9ab90c2b83ae40cc","sourceId":"id-da0a5982f6f24d35aca368d573aaa511","targetId":"id-6f7b03c0b827435f9d141bfb3473caaa","type":"CompositionRelationship"},{"id":"id-57362e32dbd441fc9107422afeb17de5","sourceId":"id-da0a5982f6f24d35aca368d573aaa511","targetId":"id-6c115a6afa094e06838b11968fb5b1d4","type":"CompositionRelationship"},{"id":"id-fc973f6a3572457bab845da68f18a4cc","sourceId":"id-da0a5982f6f24d35aca368d573aaa511","targetId":"id-fc84aae7214c407988fa3af6b1db29c8","type":"CompositionRelationship"},{"id":"id-946b3dea8abc41d587d43d83e32ba24d","sourceId":"id-fc84aae7214c407988fa3af6b1db29c8","targetId":"528c7c37-adfd-4d67-a9fa-2a4ad60daa32","type":"TriggeringRelationship"},{"id":"id-dba1c3514c4d40d593ea8aadaaf1fa0e","sourceId":"id-6f7b03c0b827435f9d141bfb3473caaa","targetId":"3b8b3f1f-d355-4caf-87a9-2a245b2f50c5","type":"AccessRelationship"},{"id":"id-4c64ae6c8ded4bebb033aee88036594e","sourceId":"id-6c115a6afa094e06838b11968fb5b1d4","targetId":"8765ef26-0131-43fd-8b60-19bf4af1cff6","type":"TriggeringRelationship"},{"id":"id-a771afc4417e4d0c92b02f408e500716","sourceId":"id-6c115a6afa094e06838b11968fb5b1d4","targetId":"680d09c6-7fa5-4da8-9ce1-a6be13c805d4","type":"TriggeringRelationship"},{"id":"id-30deb100e4004f7ba1defde830173e4a","sourceId":"id-1c84142294cf400e9655cccf9c697370","targetId":"id-70ea26c8c2304b45ab8382e10405f495","type":"AssignmentRelationship"},{"id":"id-bd553b558ec54fc1ae7209f102e3a019","sourceId":"id-a882c596d6e94711897909df05adaec7","targetId":"id-a882c596d6e94711897909df05adaec7","type":"AssociationRelationship"},{"id":"id-f431482ee8a9440aa9c3c2de28e15a41","sourceId":"id-0ab114286d5449699ff7fd158b815081","targetId":"id-a882c596d6e94711897909df05adaec7","type":"RealizationRelationship"},{"id":"id-d6b337a2fc33489e923672bfa483ceb7","sourceId":"id-3344a910c8ff4568a3799c0442332a75","targetId":"id-197fda7cfe294ffb98a57f4771666c58","type":"RealizationRelationship"},{"id":"id-e0b306db457c4d60af7a07f307690d9c","sourceId":"id-323408bdb7a149c1b2820b69d00f9949","targetId":"id-197fda7cfe294ffb98a57f4771666c58","type":"InfluenceRelationship"},{"id":"id-0df27b5874714d6c974082de20bcac9b","sourceId":"id-caf7de5444c84eeb8d137ced4f94b383","targetId":"id-323408bdb7a149c1b2820b69d00f9949","type":"InfluenceRelationship"},{"id":"id-d8b79ee13fe447918e5b60a77cf7fc80","sourceId":"id-c80d6344c68640a3b570353bef08c115","targetId":"id-323408bdb7a149c1b2820b69d00f9949","type":"RealizationRelationship"},{"id":"id-4ae48b17e0c149db84283b18f8c00ced","sourceId":"id-65abd3cb386b45e69accdc66e167ec0d","targetId":"id-770b62e63290416d9f48280c30490b76","type":"AssociationRelationship"},{"id":"id-560aa5d83b744535b6f4bc51c6ceb9cc","sourceId":"id-770b62e63290416d9f48280c30490b76","targetId":"id-c80d6344c68640a3b570353bef08c115","type":"AssociationRelationship"},{"id":"id-84b43ae70c4e4a0092720edf764936dc","sourceId":"id-ca42b58f61b94d3b8194b56defd8aec1","targetId":"id-a4a2d39cd9144eef88dfc21afc5c9319","type":"AssignmentRelationship"},{"id":"id-d2882412a8e1416187d58bf5c6ee84be","sourceId":"id-ca42b58f61b94d3b8194b56defd8aec1","targetId":"id-75634075300c4544a927078e3daaf9ea","type":"AccessRelationship"},{"id":"id-fa26f8e6fa414633a3df7f9125274d7d","sourceId":"id-ca42b58f61b94d3b8194b56defd8aec1","targetId":"id-ca42b58f61b94d3b8194b56defd8aec1","type":"FlowRelationship"},{"id":"id-1042dd14bead4f9681d8c2db669b9c9f","sourceId":"id-b98f26f742ac4ca6be3fcd2a14920270","targetId":"id-c5ba7774640d4386950addcdbfceae34","type":"CompositionRelationship"},{"id":"id-3adfbc0d7537484ea0615fe46d2f6558","sourceId":"id-c5ba7774640d4386950addcdbfceae34","targetId":"id-fccc75b2904b42249f87b05d8a7c3247","type":"CompositionRelationship"},{"id":"id-1a815859ae6b4cbcbe17d603d237e837","sourceId":"id-7bb0aaec48fe454a91da17f2105fb6b2","targetId":"id-ca42b58f61b94d3b8194b56defd8aec1","type":"TriggeringRelationship"},{"id":"id-1fb89bdb27ec4aaea2bc37ef9f76bd37","sourceId":"id-b98f26f742ac4ca6be3fcd2a14920270","targetId":"id-ca42b58f61b94d3b8194b56defd8aec1","type":"SpecializationRelationship"},{"id":"id-238dbf33f7eb41f484570b1c7c4a68fb","sourceId":"id-c5ba7774640d4386950addcdbfceae34","targetId":"id-ca42b58f61b94d3b8194b56defd8aec1","type":"SpecializationRelationship"},{"id":"id-3c05bb74d282430a927831dc17a6d7ad","sourceId":"id-fccc75b2904b42249f87b05d8a7c3247","targetId":"id-ca42b58f61b94d3b8194b56defd8aec1","type":"SpecializationRelationship"},{"id":"id-a053306f6c464f03bb5fa031c88e5707","sourceId":"id-ca42b58f61b94d3b8194b56defd8aec1","targetId":"id-ca42b58f61b94d3b8194b56defd8aec1","type":"TriggeringRelationship"},{"id":"id-965b52445ddf47b4bd12df87bd5450cf","sourceId":"id-e8a4e430cc1c41c0a4d43e66310a096f","targetId":"id-8200a3c60d2e422bb76b09395b26d772","type":"AssignmentRelationship"},{"id":"id-7d14dd84bb1949e1a2e0b990baa393ce","sourceId":"id-40bbe9b7d7144a2cb7183895a219d26a","targetId":"id-e8a4e430cc1c41c0a4d43e66310a096f","type":"AssignmentRelationship"},{"id":"id-c9001809e7b84335ab9a88962753fdf3","sourceId":"id-8200a3c60d2e422bb76b09395b26d772","targetId":"93d263dd-c299-41c7-805a-56739e93d19f","type":"AccessRelationship"},{"id":"id-136c6449f41c428caecc3aaddb2527a9","sourceId":"id-111e381d99214b38bee4e2b0e74c1dcf","targetId":"id-e11dc97cd99547c7824fabadd408b027","type":"AssignmentRelationship"},{"id":"id-53c7ece17b014851a62e2d043fddb397","sourceId":"id-111e381d99214b38bee4e2b0e74c1dcf","targetId":"id-4ae11db8f1df4034a25c6adf04ffc301","type":"AssignmentRelationship"},{"id":"id-639bd9aa7f3443a2a017a5186542fb06","sourceId":"id-ce0903b2db5445b3b28b21d0e37b9cea","targetId":"id-4ae11db8f1df4034a25c6adf04ffc301","type":"AssociationRelationship"},{"id":"id-47607253b6a045c6b806c92c10bf4950","sourceId":"id-35b639f30f83445499a5cb6f48515330","targetId":"93d263dd-c299-41c7-805a-56739e93d19f","type":"AssociationRelationship"},{"id":"id-f2248c3acfd149d58d82151be95eb409","sourceId":"ecd9417b-3c66-40e4-8b29-710e47767470","targetId":"id-35b639f30f83445499a5cb6f48515330","type":"AssociationRelationship"},{"id":"id-71bb2e055d864580b8ff8800703e1b27","sourceId":"id-efb837da4686465e90533de535ba926b","targetId":"dc1c7c67-647b-43f4-bfc1-de2c07517d6b","type":"InfluenceRelationship"},{"id":"id-ae402f73e3004979a5a37208a5b1de18","sourceId":"id-8af7a6c35f3c436bb362deae7aa3673a","targetId":"74c29e58-6278-43bb-9daf-4c07c75c99e1","type":"AssociationRelationship"},{"id":"id-f04798284abd4a7fa8bab5dc8f2bb589","sourceId":"id-8af7a6c35f3c436bb362deae7aa3673a","targetId":"32115101-c1fd-4a2a-aa1c-10b35ded8656","type":"AssociationRelationship"},{"id":"id-606bfa8f307f4f528a9dcfb846d17928","sourceId":"680d09c6-7fa5-4da8-9ce1-a6be13c805d4","targetId":"id-f2df43dbc112480ba93fec94c4ba2135","type":"FlowRelationship"},{"id":"id-2e6ba0c4f11f4668bf881ca8fc61d513","sourceId":"0ca7cb3a-e0e4-45f5-aff0-4a4a80e61453","targetId":"c36d163e-3e91-44e2-a1d1-9f6a4e8dbd13","type":"TriggeringRelationship"},{"id":"id-ad9af41e72e7482fb6811c47ab155562","sourceId":"id-731ec4d9e9ce4a929a006f3832222dfd","targetId":"dc1c7c67-647b-43f4-bfc1-de2c07517d6b","type":"InfluenceRelationship"},{"id":"id-58bab4ce63c04487b9aaa3605cb9489d","sourceId":"7d236c5b-6b91-402e-9af0-f6f2b7a74673","targetId":"id-731ec4d9e9ce4a929a006f3832222dfd","type":"InfluenceRelationship"},{"id":"id-25498dfdf1024fabb04151932e62b1b5","sourceId":"id-00c3bfef1dc944ee98ac6a19f138e97d","targetId":"a0fa896f-8f8d-4b75-8796-939623f43767","type":"InfluenceRelationship"},{"id":"id-7452ac80491f49f9a05fb8476f3885a0","sourceId":"id-ba70f9d17c1a4ee49d463854aa6f3e0b","targetId":"a0fa896f-8f8d-4b75-8796-939623f43767","type":"InfluenceRelationship"},{"id":"id-8aa75f77818f4b2bb1ad4f0eb8dec02f","sourceId":"id-70ea26c8c2304b45ab8382e10405f495","targetId":"id-759304801e5240f68f6618a8f4879262","type":"AssignmentRelationship"},{"id":"id-0ae8532eb3304f8db60ab9513efbacbb","sourceId":"id-759304801e5240f68f6618a8f4879262","targetId":"id-a882c596d6e94711897909df05adaec7","type":"AccessRelationship"}],"views":[{"id":"36974222-66bf-4f64-be91-2c7493aec306","name":"Bedrijfsobjectenmodel metadata","viewpoint":""},{"id":"fb91ffc9-a247-4956-93e2-43db98a3e22f","name":"Registraties en applicaties metadata","viewpoint":""},{"id":"8a35c982-b26e-4561-8357-eca53f6d7902","name":"Rollen en actoren metadata","viewpoint":""},{"id":"3c2c223c-3f2a-4d0a-90ba-d4eb5df27a2b","name":"Bedrijfsobjectenmodel zaak","viewpoint":""},{"id":"ded1cb77-1b33-459a-8dee-a7faa2e1167c","name":"Registraties en applicaties zaak","viewpoint":""},{"id":"3fea4663-ae54-4a24-89a0-67b53dac7ddf","name":"Rollen en actoren zaak","viewpoint":""},{"id":"id-b6700e069bb64e1191b2b2c39acd34b2","name":"Legenda Bedrijfsarchitectuur","viewpoint":""},{"id":"id-78632f318dcb4aa79e1d9d81b7c4a858","name":"Legenda Motivatie en doelen","viewpoint":""},{"id":"id-66648df7e81f446491ef3fe6296477df","name":"Legenda Informatiearchitectuur","viewpoint":""},{"id":"id-2e3fb7f08ba54409ada6df8b751dc546","name":"Legenda software architectuur","viewpoint":""},{"id":"8dc8fdeb-a361-4e2f-89bd-402491f62155","name":"Bedrijfsobjectenmodel","viewpoint":""},{"id":"0a9dc905-0cad-4ca0-bef5-cc4f9b84ca76","name":"Rollen en actoren","viewpoint":""},{"id":"62425c82-76ec-4767-8390-ad32717c90e5","name":"Registraties en applicaties","viewpoint":""},{"id":"2d2ab7b1-c278-4749-a46a-aceb082028b1","name":"Richtlijnenmodel","viewpoint":""},{"id":"6710a4d6-f8e9-430b-b136-f15466e034ec","name":"Doelenmodel","viewpoint":""},{"id":"id-d487d047086b4154adf4d5e3a1c17a14","name":"C4 model software - Context","viewpoint":""},{"id":"id-90a2f88b29f14458b3e6b9ebed69ab05","name":"C4 model software - Container","viewpoint":""},{"id":"id-449dfaf420c849db81389c296ea61d4b","name":"C4 model software - Components","viewpoint":""},{"id":"id-ce789e0e22914e0c9779e808c4145a65","name":"Rolverdeling besluitvorming en uitvoering ","viewpoint":""},{"id":"id-2bb592735f3c403e87876ac0a41c47da","name":"Rollen in scope","viewpoint":""}]}