{"identifier":"https://me.big.tuwien.ac.at/EAModelSet/879ef491","archimateId":"879ef491","name":"7 segregated core","description":"","formats":["XML","CSV","JSON","ARCHIMATE"],"source":"GitHub","repository":"wilmerkrisp/patterns","license":"Other","sourceFile":"raw-data/github/archimate/7_segregated_core.archimate","sourceFormat":"ARCHIMATE","timestamp":"2023-07-06T09:29:17","tags":[],"duplicates":[],"language":"en","elements":[{"id":"4d5acc8d","name":"entity 3","type":"BusinessObject","layer":"business"},{"id":"be976b31","name":"entity 4","type":"BusinessObject","layer":"business"},{"id":"2765ed73","name":"entity 5","type":"BusinessObject","layer":"business"},{"id":"9726de40","name":"entity 6","type":"BusinessObject","layer":"business"},{"id":"bc8d166b","name":"entity 2","type":"BusinessObject","layer":"business"},{"id":"010f3541","name":"entity 1","type":"BusinessObject","layer":"business"},{"id":"93a180c0","name":"entity 3","type":"BusinessObject","layer":"business"},{"id":"0c1dce6a","name":"entity 4","type":"BusinessObject","layer":"business"},{"id":"30a27409","name":"entity 2","type":"BusinessObject","layer":"business"},{"id":"b01b8097","name":"entity 1","type":"BusinessObject","layer":"business"},{"id":"d3a095c3","name":"entity 6","type":"BusinessObject","layer":"business"},{"id":"1c9abd33","name":"entity 5","type":"BusinessObject","layer":"business"},{"id":"177099f7","name":"main team (high priority)","type":"BusinessActor","layer":"business"},{"id":"ece04553","name":"team 2 (low priority)","type":"BusinessActor","layer":"business"},{"id":"7517a0ea","name":"team 3 (low priority)","type":"BusinessActor","layer":"business"},{"id":"4cde6a90","name":"Core is the most valuable part of the model, giving a competitive advantage","type":"Value","layer":"motivation"},{"id":"a54d7a80","name":"The kernel should contain a specific in-depth domain model and a flexible architecture","type":"Requirement","layer":"motivation"},{"id":"c2d89020","name":"Small in size.","type":"Meaning","layer":"motivation"},{"id":"4114b0b4","name":"The most qualified programmers  and specialists should work on the core.","type":"Requirement","layer":"motivation"},{"id":"ce688b22","name":"model 1","type":"Grouping","layer":"other"},{"id":"16fff899","name":"aggregate 3","type":"Grouping","layer":"other"},{"id":"c7cffbb2","name":"service 1","type":"Grouping","layer":"other"},{"id":"e7808d31","name":"aggregate 5","type":"Grouping","layer":"other"},{"id":"116f4b53","name":"aggregate 6","type":"Grouping","layer":"other"},{"id":"35825df9","name":"core domain","type":"Grouping","layer":"other"},{"id":"8d8dd5f4","name":"aggregate 2","type":"Grouping","layer":"other"},{"id":"a6a4d956","name":"aggregate 1","type":"Grouping","layer":"other"},{"id":"1582b934","name":"Bounded context 1","type":"Grouping","layer":"other"},{"id":"de7407dc","name":"aggregate 3","type":"Grouping","layer":"other"},{"id":"330e59d4","name":"service 1","type":"Grouping","layer":"other"},{"id":"496b9a2d","name":"core domain","type":"Grouping","layer":"other"},{"id":"8fa1a0f9","name":"aggregate 2","type":"Grouping","layer":"other"},{"id":"183f83f5","name":"aggregate 1","type":"Grouping","layer":"other"},{"id":"eceace9a","name":"generic subdomain 2","type":"Grouping","layer":"other"},{"id":"0df092b6","name":"aggregate 6","type":"Grouping","layer":"other"},{"id":"9d4983a8","name":"generic subdomain 1","type":"Grouping","layer":"other"},{"id":"85ea8ff0","name":"aggregate 5","type":"Grouping","layer":"other"},{"id":"aada37a6","name":"temp package","type":"Grouping","layer":"other"},{"id":"e5c286ad","name":"core domain and Bounded context 1","type":"Grouping","layer":"other"},{"id":"6a63b491","name":"temp package and Bounded context 2","type":"Grouping","layer":"other"},{"id":"445a58e6","name":"generic subdomain 1 and Bounded context 3","type":"Grouping","layer":"other"},{"id":"ab5924c1","name":"generic subdomain 2 and Bounded context 4","type":"Grouping","layer":"other"}],"relationships":[{"id":"06cc8c4d","sourceId":"010f3541","targetId":"a6a4d956","type":"AssociationRelationship"},{"id":"8054a560","sourceId":"4d5acc8d","targetId":"bc8d166b","type":"AssociationRelationship"},{"id":"26edb9f8","sourceId":"35825df9","targetId":"a6a4d956","type":"CompositionRelationship"},{"id":"a9290f1b","sourceId":"bc8d166b","targetId":"010f3541","type":"AssociationRelationship"},{"id":"433c9d01","sourceId":"a6a4d956","targetId":"16fff899","type":"AssociationRelationship"},{"id":"16b6cb5b","sourceId":"ce688b22","targetId":"9726de40","type":"CompositionRelationship"},{"id":"4d5b1ac5","sourceId":"9726de40","targetId":"116f4b53","type":"AssociationRelationship"},{"id":"02a16824","sourceId":"be976b31","targetId":"16fff899","type":"AssociationRelationship"},{"id":"33103417","sourceId":"ce688b22","targetId":"35825df9","type":"CompositionRelationship"},{"id":"62d7098c","sourceId":"ce688b22","targetId":"be976b31","type":"CompositionRelationship"},{"id":"11107b4b","sourceId":"16fff899","targetId":"e7808d31","type":"AssociationRelationship"},{"id":"9e4ac6c3","sourceId":"4d5acc8d","targetId":"16fff899","type":"AssociationRelationship"},{"id":"67bc24fb","sourceId":"c2d89020","targetId":"35825df9","type":"AssociationRelationship"},{"id":"87f2cc72","sourceId":"ce688b22","targetId":"a54d7a80","type":"CompositionRelationship"},{"id":"773c7f70","sourceId":"4d5acc8d","targetId":"be976b31","type":"AssociationRelationship"},{"id":"ad67fc39","sourceId":"ce688b22","targetId":"16fff899","type":"CompositionRelationship"},{"id":"2cf21654","sourceId":"2765ed73","targetId":"e7808d31","type":"AssociationRelationship"},{"id":"2c2fb659","sourceId":"35825df9","targetId":"8d8dd5f4","type":"CompositionRelationship"},{"id":"c4c95459","sourceId":"35825df9","targetId":"010f3541","type":"CompositionRelationship"},{"id":"83182422","sourceId":"ce688b22","targetId":"4114b0b4","type":"CompositionRelationship"},{"id":"c17e4c90","sourceId":"ce688b22","targetId":"116f4b53","type":"CompositionRelationship"},{"id":"1f0a1071","sourceId":"35825df9","targetId":"bc8d166b","type":"CompositionRelationship"},{"id":"e086171c","sourceId":"ce688b22","targetId":"c2d89020","type":"CompositionRelationship"},{"id":"87ff98ec","sourceId":"4114b0b4","targetId":"35825df9","type":"AssociationRelationship"},{"id":"bf77c5a6","sourceId":"ce688b22","targetId":"2765ed73","type":"CompositionRelationship"},{"id":"b80794c9","sourceId":"bc8d166b","targetId":"8d8dd5f4","type":"AssociationRelationship"},{"id":"4da39d2f","sourceId":"16fff899","targetId":"8d8dd5f4","type":"AssociationRelationship"},{"id":"59d7a09c","sourceId":"a54d7a80","targetId":"35825df9","type":"AssociationRelationship"},{"id":"dfa8ddb7","sourceId":"e7808d31","targetId":"116f4b53","type":"AssociationRelationship"},{"id":"1436e83a","sourceId":"ce688b22","targetId":"e7808d31","type":"CompositionRelationship"},{"id":"e6462e48","sourceId":"ce688b22","targetId":"4d5acc8d","type":"CompositionRelationship"},{"id":"636b82a5","sourceId":"4d5acc8d","targetId":"2765ed73","type":"AssociationRelationship"},{"id":"d47f2b5a","sourceId":"ce688b22","targetId":"4cde6a90","type":"CompositionRelationship"},{"id":"4c9b5db2","sourceId":"ce688b22","targetId":"c7cffbb2","type":"CompositionRelationship"},{"id":"7d697d6e","sourceId":"010f3541","targetId":"4d5acc8d","type":"AssociationRelationship"},{"id":"cd95b0a4","sourceId":"16fff899","targetId":"c7cffbb2","type":"AssociationRelationship"},{"id":"4a159f32","sourceId":"8d8dd5f4","targetId":"a6a4d956","type":"AssociationRelationship"},{"id":"2e2494ca","sourceId":"4cde6a90","targetId":"35825df9","type":"AssociationRelationship"},{"id":"5d371021","sourceId":"2765ed73","targetId":"9726de40","type":"AssociationRelationship"},{"id":"727e2d36","sourceId":"a6a4d956","targetId":"c7cffbb2","type":"AssociationRelationship"},{"id":"453bc907","sourceId":"1c9abd33","targetId":"d3a095c3","type":"AssociationRelationship"},{"id":"80cc1c5e","sourceId":"1582b934","targetId":"eceace9a","type":"CompositionRelationship"},{"id":"9eee7f8f","sourceId":"d3a095c3","targetId":"0df092b6","type":"AssociationRelationship"},{"id":"79fbbbd2","sourceId":"93a180c0","targetId":"1c9abd33","type":"AssociationRelationship"},{"id":"e7bcd881","sourceId":"b01b8097","targetId":"183f83f5","type":"AssociationRelationship"},{"id":"00064cbe","sourceId":"1582b934","targetId":"7517a0ea","type":"CompositionRelationship"},{"id":"2724a530","sourceId":"9d4983a8","targetId":"85ea8ff0","type":"CompositionRelationship"},{"id":"40efb8aa","sourceId":"85ea8ff0","targetId":"0df092b6","type":"AssociationRelationship"},{"id":"079674d4","sourceId":"b01b8097","targetId":"93a180c0","type":"AssociationRelationship"},{"id":"6b451430","sourceId":"496b9a2d","targetId":"30a27409","type":"CompositionRelationship"},{"id":"b09d4450","sourceId":"8fa1a0f9","targetId":"183f83f5","type":"AssociationRelationship"},{"id":"43dbc5fb","sourceId":"eceace9a","targetId":"d3a095c3","type":"CompositionRelationship"},{"id":"934055c3","sourceId":"0c1dce6a","targetId":"de7407dc","type":"AssociationRelationship"},{"id":"673ff767","sourceId":"de7407dc","targetId":"330e59d4","type":"AssociationRelationship"},{"id":"e09a9880","sourceId":"1582b934","targetId":"9d4983a8","type":"CompositionRelationship"},{"id":"b14a8099","sourceId":"30a27409","targetId":"8fa1a0f9","type":"AssociationRelationship"},{"id":"963e052c","sourceId":"1582b934","targetId":"330e59d4","type":"CompositionRelationship"},{"id":"66fbce36","sourceId":"93a180c0","targetId":"0c1dce6a","type":"AssociationRelationship"},{"id":"3f655cc5","sourceId":"30a27409","targetId":"b01b8097","type":"AssociationRelationship"},{"id":"43ca1ea5","sourceId":"93a180c0","targetId":"30a27409","type":"AssociationRelationship"},{"id":"8caeaa78","sourceId":"eceace9a","targetId":"0df092b6","type":"CompositionRelationship"},{"id":"547ed306","sourceId":"177099f7","targetId":"496b9a2d","type":"AssignmentRelationship"},{"id":"c9525a7d","sourceId":"1582b934","targetId":"496b9a2d","type":"CompositionRelationship"},{"id":"a341403c","sourceId":"7517a0ea","targetId":"eceace9a","type":"AssignmentRelationship"},{"id":"8bc7332c","sourceId":"1582b934","targetId":"ece04553","type":"CompositionRelationship"},{"id":"d9470ef3","sourceId":"1582b934","targetId":"de7407dc","type":"CompositionRelationship"},{"id":"24e2eb18","sourceId":"de7407dc","targetId":"de7407dc","type":"AssociationRelationship"},{"id":"dd410f55","sourceId":"183f83f5","targetId":"de7407dc","type":"AssociationRelationship"},{"id":"ace9addc","sourceId":"496b9a2d","targetId":"b01b8097","type":"CompositionRelationship"},{"id":"8d4280f0","sourceId":"1582b934","targetId":"177099f7","type":"CompositionRelationship"},{"id":"d40583ba","sourceId":"93a180c0","targetId":"de7407dc","type":"AssociationRelationship"},{"id":"6242e8ca","sourceId":"1582b934","targetId":"93a180c0","type":"CompositionRelationship"},{"id":"8d6804f4","sourceId":"ece04553","targetId":"9d4983a8","type":"AssignmentRelationship"},{"id":"b8894ef2","sourceId":"496b9a2d","targetId":"183f83f5","type":"CompositionRelationship"},{"id":"e046ff4c","sourceId":"de7407dc","targetId":"85ea8ff0","type":"AssociationRelationship"},{"id":"4f291c39","sourceId":"183f83f5","targetId":"330e59d4","type":"AssociationRelationship"},{"id":"797db22b","sourceId":"496b9a2d","targetId":"8fa1a0f9","type":"CompositionRelationship"},{"id":"0fed5316","sourceId":"9d4983a8","targetId":"1c9abd33","type":"CompositionRelationship"},{"id":"4bd4ffb9","sourceId":"1c9abd33","targetId":"85ea8ff0","type":"AssociationRelationship"},{"id":"4ef84195","sourceId":"1582b934","targetId":"0c1dce6a","type":"CompositionRelationship"},{"id":"2f026412","sourceId":"1582b934","targetId":"aada37a6","type":"CompositionRelationship"},{"id":"b149e1b1","sourceId":"aada37a6","targetId":"93a180c0","type":"CompositionRelationship"},{"id":"7467a5ce","sourceId":"aada37a6","targetId":"0c1dce6a","type":"CompositionRelationship"},{"id":"90426063","sourceId":"aada37a6","targetId":"de7407dc","type":"CompositionRelationship"},{"id":"380b3b03","sourceId":"aada37a6","targetId":"330e59d4","type":"CompositionRelationship"},{"id":"bb20adff","sourceId":"e5c286ad","targetId":"30a27409","type":"CompositionRelationship"},{"id":"85395c17","sourceId":"e5c286ad","targetId":"b01b8097","type":"CompositionRelationship"},{"id":"e2852c86","sourceId":"e5c286ad","targetId":"8fa1a0f9","type":"CompositionRelationship"},{"id":"142ef395","sourceId":"e5c286ad","targetId":"183f83f5","type":"CompositionRelationship"},{"id":"785189cf","sourceId":"6a63b491","targetId":"93a180c0","type":"CompositionRelationship"},{"id":"4bef630a","sourceId":"6a63b491","targetId":"0c1dce6a","type":"CompositionRelationship"},{"id":"86d80d8e","sourceId":"6a63b491","targetId":"de7407dc","type":"CompositionRelationship"},{"id":"9f2628d8","sourceId":"6a63b491","targetId":"330e59d4","type":"CompositionRelationship"},{"id":"52b65270","sourceId":"445a58e6","targetId":"1c9abd33","type":"CompositionRelationship"},{"id":"6dce4604","sourceId":"445a58e6","targetId":"85ea8ff0","type":"CompositionRelationship"},{"id":"aa13d825","sourceId":"ab5924c1","targetId":"d3a095c3","type":"CompositionRelationship"},{"id":"c2710f8e","sourceId":"ab5924c1","targetId":"0df092b6","type":"CompositionRelationship"}],"views":[{"id":"2f31bcb9","name":"segregated core","viewpoint":""}]}