<?xml version="1.0" encoding="UTF-8"?>
<model xmlns="http://www.opengroup.org/xsd/archimate/3.0/" xmlns:xsi="http://www.w3.org/2001/XMLSchema-instance" xsi:schemaLocation="http://www.opengroup.org/xsd/archimate/3.0/ http://www.opengroup.org/xsd/archimate/3.1/archimate3_Diagram.xsd" identifier="id-879ef491">
  <name>7 segregated core</name>
  <elements>
    <element identifier="id-4d5acc8d" xsi:type="BusinessObject">
      <name>entity 3</name>
    </element>
    <element identifier="be976b31" xsi:type="BusinessObject">
      <name>entity 4</name>
    </element>
    <element identifier="id-2765ed73" xsi:type="BusinessObject">
      <name>entity 5</name>
    </element>
    <element identifier="id-9726de40" xsi:type="BusinessObject">
      <name>entity 6</name>
    </element>
    <element identifier="bc8d166b" xsi:type="BusinessObject">
      <name>entity 2</name>
    </element>
    <element identifier="id-010f3541" xsi:type="BusinessObject">
      <name>entity 1</name>
    </element>
    <element identifier="id-93a180c0" xsi:type="BusinessObject">
      <name>entity 3</name>
    </element>
    <element identifier="id-0c1dce6a" xsi:type="BusinessObject">
      <name>entity 4</name>
    </element>
    <element identifier="id-30a27409" xsi:type="BusinessObject">
      <name>entity 2</name>
    </element>
    <element identifier="b01b8097" xsi:type="BusinessObject">
      <name>entity 1</name>
    </element>
    <element identifier="d3a095c3" xsi:type="BusinessObject">
      <name>entity 6</name>
    </element>
    <element identifier="id-1c9abd33" xsi:type="BusinessObject">
      <name>entity 5</name>
    </element>
    <element identifier="id-177099f7" xsi:type="BusinessActor">
      <name>main team (high priority)</name>
    </element>
    <element identifier="ece04553" xsi:type="BusinessActor">
      <name>team 2 (low priority)</name>
    </element>
    <element identifier="id-7517a0ea" xsi:type="BusinessActor">
      <name>team 3 (low priority)</name>
    </element>
    <element identifier="id-4cde6a90" xsi:type="Value">
      <name>Core is the most valuable part of the model, giving a competitive advantage</name>
    </element>
    <element identifier="a54d7a80" xsi:type="Requirement">
      <name>The kernel should contain a specific in-depth domain model and a flexible architecture</name>
    </element>
    <element identifier="c2d89020" xsi:type="Meaning">
      <name>Small in size.</name>
    </element>
    <element identifier="id-4114b0b4" xsi:type="Requirement">
      <name>The most qualified programmers  and specialists should work on the core.</name>
    </element>
    <element identifier="ce688b22" xsi:type="Grouping">
      <name>model 1</name>
    </element>
    <element identifier="id-16fff899" xsi:type="Grouping">
      <name>aggregate 3</name>
    </element>
    <element identifier="c7cffbb2" xsi:type="Grouping">
      <name>service 1</name>
    </element>
    <element identifier="e7808d31" xsi:type="Grouping">
      <name>aggregate 5</name>
    </element>
    <element identifier="id-116f4b53" xsi:type="Grouping">
      <name>aggregate 6</name>
    </element>
    <element identifier="id-35825df9" xsi:type="Grouping">
      <name>core domain</name>
    </element>
    <element identifier="id-8d8dd5f4" xsi:type="Grouping">
      <name>aggregate 2</name>
    </element>
    <element identifier="a6a4d956" xsi:type="Grouping">
      <name>aggregate 1</name>
    </element>
    <element identifier="id-1582b934" xsi:type="Grouping">
      <name>Bounded context 1</name>
    </element>
    <element identifier="de7407dc" xsi:type="Grouping">
      <name>aggregate 3</name>
    </element>
    <element identifier="id-330e59d4" xsi:type="Grouping">
      <name>service 1</name>
    </element>
    <element identifier="id-496b9a2d" xsi:type="Grouping">
      <name>core domain</name>
    </element>
    <element identifier="id-8fa1a0f9" xsi:type="Grouping">
      <name>aggregate 2</name>
    </element>
    <element identifier="id-183f83f5" xsi:type="Grouping">
      <name>aggregate 1</name>
    </element>
    <element identifier="eceace9a" xsi:type="Grouping">
      <name>generic subdomain 2</name>
    </element>
    <element identifier="id-0df092b6" xsi:type="Grouping">
      <name>aggregate 6</name>
    </element>
    <element identifier="id-9d4983a8" xsi:type="Grouping">
      <name>generic subdomain 1</name>
    </element>
    <element identifier="id-85ea8ff0" xsi:type="Grouping">
      <name>aggregate 5</name>
    </element>
    <element identifier="aada37a6" xsi:type="Grouping">
      <name>temp package</name>
    </element>
    <element identifier="e5c286ad" xsi:type="Grouping">
      <name>core domain and Bounded context 1</name>
    </element>
    <element identifier="id-6a63b491" xsi:type="Grouping">
      <name>temp package and Bounded context 2</name>
    </element>
    <element identifier="id-445a58e6" xsi:type="Grouping">
      <name>generic subdomain 1 and Bounded context 3</name>
    </element>
    <element identifier="ab5924c1" xsi:type="Grouping">
      <name>generic subdomain 2 and Bounded context 4</name>
    </element>
  </elements>
  <relationships>
    <relationship identifier="id-06cc8c4d" source="id-010f3541" target="a6a4d956" xsi:type="Association" />
    <relationship identifier="id-8054a560" source="id-4d5acc8d" target="bc8d166b" xsi:type="Association" />
    <relationship identifier="id-26edb9f8" source="id-35825df9" target="a6a4d956" xsi:type="Composition" />
    <relationship identifier="a9290f1b" source="bc8d166b" target="id-010f3541" xsi:type="Association" />
    <relationship identifier="id-433c9d01" source="a6a4d956" target="id-16fff899" xsi:type="Association" />
    <relationship identifier="id-16b6cb5b" source="ce688b22" target="id-9726de40" xsi:type="Composition" />
    <relationship identifier="id-4d5b1ac5" source="id-9726de40" target="id-116f4b53" xsi:type="Association" />
    <relationship identifier="id-02a16824" source="be976b31" target="id-16fff899" xsi:type="Association" />
    <relationship identifier="id-33103417" source="ce688b22" target="id-35825df9" xsi:type="Composition" />
    <relationship identifier="id-62d7098c" source="ce688b22" target="be976b31" xsi:type="Composition" />
    <relationship identifier="id-11107b4b" source="id-16fff899" target="e7808d31" xsi:type="Association" />
    <relationship identifier="id-9e4ac6c3" source="id-4d5acc8d" target="id-16fff899" xsi:type="Association" />
    <relationship identifier="id-67bc24fb" source="c2d89020" target="id-35825df9" xsi:type="Association" />
    <relationship identifier="id-87f2cc72" source="ce688b22" target="a54d7a80" xsi:type="Composition" />
    <relationship identifier="id-773c7f70" source="id-4d5acc8d" target="be976b31" xsi:type="Association" />
    <relationship identifier="ad67fc39" source="ce688b22" target="id-16fff899" xsi:type="Composition" />
    <relationship identifier="id-2cf21654" source="id-2765ed73" target="e7808d31" xsi:type="Association" />
    <relationship identifier="id-2c2fb659" source="id-35825df9" target="id-8d8dd5f4" xsi:type="Composition" />
    <relationship identifier="c4c95459" source="id-35825df9" target="id-010f3541" xsi:type="Composition" />
    <relationship identifier="id-83182422" source="ce688b22" target="id-4114b0b4" xsi:type="Composition" />
    <relationship identifier="c17e4c90" source="ce688b22" target="id-116f4b53" xsi:type="Composition" />
    <relationship identifier="id-1f0a1071" source="id-35825df9" target="bc8d166b" xsi:type="Composition" />
    <relationship identifier="e086171c" source="ce688b22" target="c2d89020" xsi:type="Composition" />
    <relationship identifier="id-87ff98ec" source="id-4114b0b4" target="id-35825df9" xsi:type="Association" />
    <relationship identifier="bf77c5a6" source="ce688b22" target="id-2765ed73" xsi:type="Composition" />
    <relationship identifier="b80794c9" source="bc8d166b" target="id-8d8dd5f4" xsi:type="Association" />
    <relationship identifier="id-4da39d2f" source="id-16fff899" target="id-8d8dd5f4" xsi:type="Association" />
    <relationship identifier="id-59d7a09c" source="a54d7a80" target="id-35825df9" xsi:type="Association" />
    <relationship identifier="dfa8ddb7" source="e7808d31" target="id-116f4b53" xsi:type="Association" />
    <relationship identifier="id-1436e83a" source="ce688b22" target="e7808d31" xsi:type="Composition" />
    <relationship identifier="e6462e48" source="ce688b22" target="id-4d5acc8d" xsi:type="Composition" />
    <relationship identifier="id-636b82a5" source="id-4d5acc8d" target="id-2765ed73" xsi:type="Association" />
    <relationship identifier="d47f2b5a" source="ce688b22" target="id-4cde6a90" xsi:type="Composition" />
    <relationship identifier="id-4c9b5db2" source="ce688b22" target="c7cffbb2" xsi:type="Composition" />
    <relationship identifier="id-7d697d6e" source="id-010f3541" target="id-4d5acc8d" xsi:type="Association" />
    <relationship identifier="cd95b0a4" source="id-16fff899" target="c7cffbb2" xsi:type="Association" />
    <relationship identifier="id-4a159f32" source="id-8d8dd5f4" target="a6a4d956" xsi:type="Association" />
    <relationship identifier="id-2e2494ca" source="id-4cde6a90" target="id-35825df9" xsi:type="Association" />
    <relationship identifier="id-5d371021" source="id-2765ed73" target="id-9726de40" xsi:type="Association" />
    <relationship identifier="id-727e2d36" source="a6a4d956" target="c7cffbb2" xsi:type="Association" />
    <relationship identifier="id-453bc907" source="id-1c9abd33" target="d3a095c3" xsi:type="Association" />
    <relationship identifier="id-80cc1c5e" source="id-1582b934" target="eceace9a" xsi:type="Composition" />
    <relationship identifier="id-9eee7f8f" source="d3a095c3" target="id-0df092b6" xsi:type="Association" />
    <relationship identifier="id-79fbbbd2" source="id-93a180c0" target="id-1c9abd33" xsi:type="Association" />
    <relationship identifier="e7bcd881" source="b01b8097" target="id-183f83f5" xsi:type="Association" />
    <relationship identifier="id-00064cbe" source="id-1582b934" target="id-7517a0ea" xsi:type="Composition" />
    <relationship identifier="id-2724a530" source="id-9d4983a8" target="id-85ea8ff0" xsi:type="Composition" />
    <relationship identifier="id-40efb8aa" source="id-85ea8ff0" target="id-0df092b6" xsi:type="Association" />
    <relationship identifier="id-079674d4" source="b01b8097" target="id-93a180c0" xsi:type="Association" />
    <relationship identifier="id-6b451430" source="id-496b9a2d" target="id-30a27409" xsi:type="Composition" />
    <relationship identifier="b09d4450" source="id-8fa1a0f9" target="id-183f83f5" xsi:type="Association" />
    <relationship identifier="id-43dbc5fb" source="eceace9a" target="d3a095c3" xsi:type="Composition" />
    <relationship identifier="id-934055c3" source="id-0c1dce6a" target="de7407dc" xsi:type="Association" />
    <relationship identifier="id-673ff767" source="de7407dc" target="id-330e59d4" xsi:type="Association" />
    <relationship identifier="e09a9880" source="id-1582b934" target="id-9d4983a8" xsi:type="Composition" />
    <relationship identifier="b14a8099" source="id-30a27409" target="id-8fa1a0f9" xsi:type="Association" />
    <relationship identifier="id-963e052c" source="id-1582b934" target="id-330e59d4" xsi:type="Composition" />
    <relationship identifier="id-66fbce36" source="id-93a180c0" target="id-0c1dce6a" xsi:type="Association" />
    <relationship identifier="id-3f655cc5" source="id-30a27409" target="b01b8097" xsi:type="Association" />
    <relationship identifier="id-43ca1ea5" source="id-93a180c0" target="id-30a27409" xsi:type="Association" />
    <relationship identifier="id-8caeaa78" source="eceace9a" target="id-0df092b6" xsi:type="Composition" />
    <relationship identifier="id-547ed306" source="id-177099f7" target="id-496b9a2d" xsi:type="Assignment" />
    <relationship identifier="c9525a7d" source="id-1582b934" target="id-496b9a2d" xsi:type="Composition" />
    <relationship identifier="a341403c" source="id-7517a0ea" target="eceace9a" xsi:type="Assignment" />
    <relationship identifier="id-8bc7332c" source="id-1582b934" target="ece04553" xsi:type="Composition" />
    <relationship identifier="d9470ef3" source="id-1582b934" target="de7407dc" xsi:type="Composition" />
    <relationship identifier="id-24e2eb18" source="de7407dc" target="de7407dc" xsi:type="Association" />
    <relationship identifier="dd410f55" source="id-183f83f5" target="de7407dc" xsi:type="Association" />
    <relationship identifier="ace9addc" source="id-496b9a2d" target="b01b8097" xsi:type="Composition" />
    <relationship identifier="id-8d4280f0" source="id-1582b934" target="id-177099f7" xsi:type="Composition" />
    <relationship identifier="d40583ba" source="id-93a180c0" target="de7407dc" xsi:type="Association" />
    <relationship identifier="id-6242e8ca" source="id-1582b934" target="id-93a180c0" xsi:type="Composition" />
    <relationship identifier="id-8d6804f4" source="ece04553" target="id-9d4983a8" xsi:type="Assignment" />
    <relationship identifier="b8894ef2" source="id-496b9a2d" target="id-183f83f5" xsi:type="Composition" />
    <relationship identifier="e046ff4c" source="de7407dc" target="id-85ea8ff0" xsi:type="Association" />
    <relationship identifier="id-4f291c39" source="id-183f83f5" target="id-330e59d4" xsi:type="Association" />
    <relationship identifier="id-797db22b" source="id-496b9a2d" target="id-8fa1a0f9" xsi:type="Composition" />
    <relationship identifier="id-0fed5316" source="id-9d4983a8" target="id-1c9abd33" xsi:type="Composition" />
    <relationship identifier="id-4bd4ffb9" source="id-1c9abd33" target="id-85ea8ff0" xsi:type="Association" />
    <relationship identifier="id-4ef84195" source="id-1582b934" target="id-0c1dce6a" xsi:type="Composition" />
    <relationship identifier="id-2f026412" source="id-1582b934" target="aada37a6" xsi:type="Composition" />
    <relationship identifier="b149e1b1" source="aada37a6" target="id-93a180c0" xsi:type="Composition" />
    <relationship identifier="id-7467a5ce" source="aada37a6" target="id-0c1dce6a" xsi:type="Composition" />
    <relationship identifier="id-90426063" source="aada37a6" target="de7407dc" xsi:type="Composition" />
    <relationship identifier="id-380b3b03" source="aada37a6" target="id-330e59d4" xsi:type="Composition" />
    <relationship identifier="bb20adff" source="e5c286ad" target="id-30a27409" xsi:type="Composition" />
    <relationship identifier="id-85395c17" source="e5c286ad" target="b01b8097" xsi:type="Composition" />
    <relationship identifier="e2852c86" source="e5c286ad" target="id-8fa1a0f9" xsi:type="Composition" />
    <relationship identifier="id-142ef395" source="e5c286ad" target="id-183f83f5" xsi:type="Composition" />
    <relationship identifier="id-785189cf" source="id-6a63b491" target="id-93a180c0" xsi:type="Composition" />
    <relationship identifier="id-4bef630a" source="id-6a63b491" target="id-0c1dce6a" xsi:type="Composition" />
    <relationship identifier="id-86d80d8e" source="id-6a63b491" target="de7407dc" xsi:type="Composition" />
    <relationship identifier="id-9f2628d8" source="id-6a63b491" target="id-330e59d4" xsi:type="Composition" />
    <relationship identifier="id-52b65270" source="id-445a58e6" target="id-1c9abd33" xsi:type="Composition" />
    <relationship identifier="id-6dce4604" source="id-445a58e6" target="id-85ea8ff0" xsi:type="Composition" />
    <relationship identifier="aa13d825" source="ab5924c1" target="d3a095c3" xsi:type="Composition" />
    <relationship identifier="c2710f8e" source="ab5924c1" target="id-0df092b6" xsi:type="Composition" />
  </relationships>
  <views>
    <diagrams>
      <view identifier="id-2f31bcb9" xsi:type="Diagram">
        <name>segregated core</name>
        <node identifier="id-40bfa22e" elementRef="id-1582b934" xsi:type="Element" x="70" y="30" w="1109" h="1076">
          <style>
            <fillColor r="247" g="255" b="255" a="100" />
            <lineColor r="92" g="92" b="92" a="100" />
            <font name="Lucida Grande" size="12">
              <color r="0" g="0" b="0" />
            </font>
          </style>
          <node identifier="id-092dc17b" elementRef="id-496b9a2d" xsi:type="Element" x="149" y="365" w="296" h="545">
            <style>
              <fillColor r="128" g="128" b="192" a="100" />
              <lineColor r="92" g="92" b="92" a="100" />
              <font name="Lucida Grande" size="12">
                <color r="0" g="0" b="0" />
              </font>
            </style>
            <node identifier="id-648cc7ae" elementRef="id-30a27409" xsi:type="Element" x="168" y="459" w="120" h="55">
              <style>
                <fillColor r="255" g="255" b="181" a="100" />
                <lineColor r="92" g="92" b="92" a="100" />
                <font name="Lucida Grande" size="12">
                  <color r="0" g="0" b="0" />
                </font>
              </style>
            </node>
            <node identifier="id-2adfd02c" elementRef="b01b8097" xsi:type="Element" x="304" y="405" w="120" h="55">
              <style>
                <fillColor r="255" g="255" b="181" a="100" />
                <lineColor r="92" g="92" b="92" a="100" />
                <font name="Lucida Grande" size="12">
                  <color r="0" g="0" b="0" />
                </font>
              </style>
            </node>
            <node identifier="id-817bc5e1" elementRef="id-8fa1a0f9" xsi:type="Element" x="168" y="743" w="120" h="55">
              <style>
                <fillColor r="255" g="255" b="255" a="100" />
                <lineColor r="92" g="92" b="92" a="100" />
                <font name="Lucida Grande" size="12">
                  <color r="0" g="0" b="0" />
                </font>
              </style>
            </node>
            <node identifier="e9c8d795" elementRef="id-183f83f5" xsi:type="Element" x="304" y="659" w="120" h="55">
              <style>
                <fillColor r="255" g="255" b="255" a="100" />
                <lineColor r="92" g="92" b="92" a="100" />
                <font name="Lucida Grande" size="12">
                  <color r="0" g="0" b="0" />
                </font>
              </style>
            </node>
            <node identifier="id-835e247a" xsi:type="Label" x="159" y="820" w="273" h="80">
              <label>Visually and in the program code the core is segregated.&#xD;
To keep the focus of attention on the core.&#xD;
This also increases the core consistency.</label>
              <style>
                <fillColor r="255" g="255" b="255" a="100" />
                <lineColor r="92" g="92" b="92" a="100" />
                <font name="Lucida Grande" size="12">
                  <color r="255" g="0" b="0" />
                </font>
              </style>
            </node>
          </node>
          <node identifier="id-7698b232" elementRef="eceace9a" xsi:type="Element" x="954" y="365" w="150" h="545">
            <style>
              <fillColor r="255" g="255" b="255" a="100" />
              <lineColor r="92" g="92" b="92" a="100" />
              <font name="Lucida Grande" size="12">
                <color r="0" g="0" b="0" />
              </font>
            </style>
            <node identifier="bdb23d6d" elementRef="d3a095c3" xsi:type="Element" x="969" y="440" w="120" h="55">
              <style>
                <fillColor r="255" g="255" b="181" a="100" />
                <lineColor r="92" g="92" b="92" a="100" />
                <font name="Lucida Grande" size="12">
                  <color r="0" g="0" b="0" />
                </font>
              </style>
            </node>
            <node identifier="id-79a61bf5" elementRef="id-0df092b6" xsi:type="Element" x="969" y="730" w="120" h="55">
              <style>
                <fillColor r="255" g="255" b="255" a="100" />
                <lineColor r="92" g="92" b="92" a="100" />
                <font name="Lucida Grande" size="12">
                  <color r="0" g="0" b="0" />
                </font>
              </style>
            </node>
          </node>
          <node identifier="id-0f1042d1" elementRef="id-9d4983a8" xsi:type="Element" x="739" y="365" w="150" h="545">
            <style>
              <fillColor r="255" g="255" b="255" a="100" />
              <lineColor r="92" g="92" b="92" a="100" />
              <font name="Lucida Grande" size="12">
                <color r="0" g="0" b="0" />
              </font>
            </style>
            <node identifier="id-0449afc1" elementRef="id-1c9abd33" xsi:type="Element" x="754" y="435" w="120" h="55">
              <style>
                <fillColor r="255" g="255" b="181" a="100" />
                <lineColor r="92" g="92" b="92" a="100" />
                <font name="Lucida Grande" size="12">
                  <color r="0" g="0" b="0" />
                </font>
              </style>
            </node>
            <node identifier="ba37ac78" elementRef="id-85ea8ff0" xsi:type="Element" x="754" y="725" w="120" h="55">
              <style>
                <fillColor r="255" g="255" b="255" a="100" />
                <lineColor r="92" g="92" b="92" a="100" />
                <font name="Lucida Grande" size="12">
                  <color r="0" g="0" b="0" />
                </font>
              </style>
            </node>
          </node>
          <node identifier="id-6cf555dd" elementRef="aada37a6" xsi:type="Element" x="460" y="365" w="255" h="545">
            <style>
              <fillColor r="255" g="255" b="255" a="100" />
              <lineColor r="92" g="92" b="92" a="100" />
              <font name="Lucida Grande" size="12">
                <color r="0" g="0" b="0" />
              </font>
            </style>
            <node identifier="id-89cc7614" elementRef="id-93a180c0" xsi:type="Element" x="495" y="430" w="120" h="55">
              <style>
                <fillColor r="255" g="255" b="181" a="100" />
                <lineColor r="92" g="92" b="92" a="100" />
                <font name="Lucida Grande" size="12">
                  <color r="0" g="0" b="0" />
                </font>
              </style>
            </node>
            <node identifier="id-5b4485a5" elementRef="id-0c1dce6a" xsi:type="Element" x="585" y="495" w="120" h="55">
              <style>
                <fillColor r="255" g="255" b="181" a="100" />
                <lineColor r="92" g="92" b="92" a="100" />
                <font name="Lucida Grande" size="12">
                  <color r="0" g="0" b="0" />
                </font>
              </style>
            </node>
            <node identifier="c0b22626" elementRef="de7407dc" xsi:type="Element" x="505" y="700" w="120" h="55">
              <style>
                <fillColor r="255" g="255" b="255" a="100" />
                <lineColor r="92" g="92" b="92" a="100" />
                <font name="Lucida Grande" size="12">
                  <color r="0" g="0" b="0" />
                </font>
              </style>
            </node>
            <node identifier="id-4bef1c00" elementRef="id-330e59d4" xsi:type="Element" x="471" y="820" w="120" h="55">
              <style>
                <fillColor r="255" g="255" b="255" a="100" />
                <lineColor r="92" g="92" b="92" a="100" />
                <font name="Lucida Grande" size="12">
                  <color r="0" g="0" b="0" />
                </font>
              </style>
            </node>
          </node>
          <node identifier="id-0597adcd" xsi:type="Label" x="460" y="280" w="255" h="80">
            <label>The remaining elements (after selection into the core and subdomains) are allocated to temporary packages in order to segregate the core</label>
            <style>
              <fillColor r="255" g="255" b="255" a="100" />
              <lineColor r="92" g="92" b="92" a="100" />
              <font name="Lucida Grande" size="12">
                <color r="255" g="0" b="0" />
              </font>
            </style>
          </node>
        </node>
        <connection identifier="id-4427f694" relationshipRef="b14a8099" xsi:type="Relationship" source="id-648cc7ae" target="id-817bc5e1">
          <style>
            <lineColor r="192" g="192" b="192" />
            <font name="Lucida Grande" size="12">
              <color r="0" g="0" b="0" />
            </font>
          </style>
        </connection>
        <connection identifier="a7d3a656" relationshipRef="id-3f655cc5" xsi:type="Relationship" source="id-648cc7ae" target="id-2adfd02c">
          <style>
            <lineColor r="0" g="0" b="0" />
            <font name="Lucida Grande" size="12">
              <color r="0" g="0" b="0" />
            </font>
          </style>
        </connection>
        <connection identifier="id-47151cf7" relationshipRef="e7bcd881" xsi:type="Relationship" source="id-2adfd02c" target="e9c8d795">
          <style>
            <lineColor r="192" g="192" b="192" />
            <font name="Lucida Grande" size="12">
              <color r="0" g="0" b="0" />
            </font>
          </style>
        </connection>
        <connection identifier="e2c55cfd" relationshipRef="id-079674d4" xsi:type="Relationship" source="id-2adfd02c" target="id-89cc7614">
          <style>
            <lineColor r="0" g="0" b="0" />
            <font name="Lucida Grande" size="12">
              <color r="0" g="0" b="0" />
            </font>
          </style>
        </connection>
        <connection identifier="id-3045532a" relationshipRef="b09d4450" xsi:type="Relationship" source="id-817bc5e1" target="e9c8d795">
          <style>
            <lineColor r="0" g="0" b="0" />
            <font name="Lucida Grande" size="12">
              <color r="0" g="0" b="0" />
            </font>
          </style>
        </connection>
        <connection identifier="id-5631d709" relationshipRef="dd410f55" xsi:type="Relationship" source="e9c8d795" target="c0b22626">
          <style>
            <lineColor r="0" g="0" b="0" />
            <font name="Lucida Grande" size="12">
              <color r="0" g="0" b="0" />
            </font>
          </style>
        </connection>
        <connection identifier="id-0905d699" relationshipRef="id-4f291c39" xsi:type="Relationship" source="e9c8d795" target="id-4bef1c00">
          <style>
            <lineColor r="0" g="0" b="0" />
            <font name="Lucida Grande" size="12">
              <color r="0" g="0" b="0" />
            </font>
          </style>
        </connection>
        <connection identifier="id-7a24e0de" relationshipRef="id-9eee7f8f" xsi:type="Relationship" source="bdb23d6d" target="id-79a61bf5">
          <style>
            <lineColor r="192" g="192" b="192" />
            <font name="Lucida Grande" size="12">
              <color r="0" g="0" b="0" />
            </font>
          </style>
        </connection>
        <connection identifier="id-263f7c2e" relationshipRef="id-453bc907" xsi:type="Relationship" source="id-0449afc1" target="bdb23d6d">
          <style>
            <lineColor r="0" g="0" b="0" />
            <font name="Lucida Grande" size="12">
              <color r="0" g="0" b="0" />
            </font>
          </style>
        </connection>
        <connection identifier="a782a1c9" relationshipRef="id-4bd4ffb9" xsi:type="Relationship" source="id-0449afc1" target="ba37ac78">
          <style>
            <lineColor r="192" g="192" b="192" />
            <font name="Lucida Grande" size="12">
              <color r="0" g="0" b="0" />
            </font>
          </style>
        </connection>
        <connection identifier="ef9f00d8" relationshipRef="id-40efb8aa" xsi:type="Relationship" source="ba37ac78" target="id-79a61bf5">
          <style>
            <lineColor r="0" g="0" b="0" />
            <font name="Lucida Grande" size="12">
              <color r="0" g="0" b="0" />
            </font>
          </style>
        </connection>
        <connection identifier="id-07ec8e21" relationshipRef="d40583ba" xsi:type="Relationship" source="id-89cc7614" target="c0b22626">
          <style>
            <lineColor r="192" g="192" b="192" />
            <font name="Lucida Grande" size="12">
              <color r="0" g="0" b="0" />
            </font>
          </style>
        </connection>
        <connection identifier="id-46b0fe0a" relationshipRef="id-66fbce36" xsi:type="Relationship" source="id-89cc7614" target="id-5b4485a5">
          <style>
            <lineColor r="0" g="0" b="0" />
            <font name="Lucida Grande" size="12">
              <color r="0" g="0" b="0" />
            </font>
          </style>
        </connection>
        <connection identifier="id-250a1017" relationshipRef="id-43ca1ea5" xsi:type="Relationship" source="id-89cc7614" target="id-648cc7ae">
          <style>
            <lineColor r="0" g="0" b="0" />
            <font name="Lucida Grande" size="12">
              <color r="0" g="0" b="0" />
            </font>
          </style>
          <bendpoint x="396" y="473" />
        </connection>
        <connection identifier="id-17754d08" relationshipRef="id-79fbbbd2" xsi:type="Relationship" source="id-89cc7614" target="id-0449afc1">
          <style>
            <lineColor r="0" g="0" b="0" />
            <font name="Lucida Grande" size="12">
              <color r="0" g="0" b="0" />
            </font>
          </style>
        </connection>
        <connection identifier="fff74cd9" relationshipRef="id-934055c3" xsi:type="Relationship" source="id-5b4485a5" target="c0b22626">
          <style>
            <lineColor r="192" g="192" b="192" />
            <font name="Lucida Grande" size="12">
              <color r="0" g="0" b="0" />
            </font>
          </style>
        </connection>
        <connection identifier="id-277b3d8f" relationshipRef="id-673ff767" xsi:type="Relationship" source="c0b22626" target="id-4bef1c00">
          <style>
            <lineColor r="0" g="0" b="0" />
            <font name="Lucida Grande" size="12">
              <color r="0" g="0" b="0" />
            </font>
          </style>
        </connection>
        <connection identifier="a6cedcb9" relationshipRef="e046ff4c" xsi:type="Relationship" source="c0b22626" target="ba37ac78">
          <style>
            <lineColor r="0" g="0" b="0" />
            <font name="Lucida Grande" size="12">
              <color r="0" g="0" b="0" />
            </font>
          </style>
        </connection>
      </view>
    </diagrams>
  </views>
</model>
