{"identifier":"https://me.big.tuwien.ac.at/EAModelSet/id-a859dd69df0f4978b0d7bb0382894ac2","archimateId":"id-a859dd69df0f4978b0d7bb0382894ac2","name":"Delivery_details","description":"","formats":["XML","CSV","JSON","ARCHIMATE"],"source":"GitHub","sourceFile":"raw-data/github/archimate/details_business_delivery.archimate","sourceFormat":"ARCHIMATE","timestamp":"29-06-2023 09:29:48","tags":[],"duplicates":[],"language":"ru","elements":[{"id":"id-6f0936156c00474ca91377454b30580b","name":"Производственный отдел","type":"BusinessActor","layer":"business"},{"id":"id-3dd5b3b19918421cbddc5bde69fae433","name":"Начальник отдела ","type":"BusinessRole","layer":"business"},{"id":"id-9f59d7618038493dbfddcdaa388b151e","name":"Специалист приёма грузовых отправлений","type":"BusinessRole","layer":"business"},{"id":"id-56bd7b58132341fc8a2baa41fef4c108","name":"Отдел сортировки","type":"BusinessActor","layer":"business"},{"id":"id-f457dea796bc45a7acf9b1c8afddc066","name":"Начальник отдела ","type":"BusinessRole","layer":"business"},{"id":"id-2f378d3d97c74ae2a92682e0c3a7684b","name":"Специалист по сортировке отпралений","type":"BusinessRole","layer":"business"},{"id":"id-7b37a4aae3ab4cf2b4a2ee5c362c204d","name":"Прием груза","type":"BusinessProcess","layer":"business"},{"id":"id-6ff82014c7b2433098a81bad6a462656","name":"Хранение груза","type":"BusinessProcess","layer":"business"},{"id":"id-d4cc2dc1752e4dc99f6361c64599ae43","name":"Обработка груза","type":"BusinessProcess","layer":"business"},{"id":"id-5920d45ee8674761aa1331e51026bf49","name":"Отдел обслуживания","type":"BusinessActor","layer":"business"},{"id":"id-1ea4f6e868094afc893295abd3578958","name":"Начальник отдела","type":"BusinessRole","layer":"business"},{"id":"id-4026e64072ac4cd68612be42f42941c7","name":"Курьер","type":"BusinessRole","layer":"business"},{"id":"id-0060de0a7fb04d04a484e65a724c7acc","name":"Специалист по маршрутизации","type":"BusinessRole","layer":"business"},{"id":"id-663d732204b64adb8455ca735b9fa60e","name":"IT-отдел","type":"BusinessActor","layer":"business"},{"id":"id-d62b7400f0da4ad48805a42905e6c3d8","name":"Глава IT-отдела","type":"BusinessRole","layer":"business"},{"id":"id-4194459b092b48f0b402664978b7943d","name":"Бухгалтерия","type":"BusinessActor","layer":"business"},{"id":"id-bcf31219526e4faa8dbd6cbc19373d21","name":"Главный бухгалтер","type":"BusinessRole","layer":"business"},{"id":"id-c9c60b3ac52648ca92800ead087aae40","name":"Доставка груза","type":"BusinessProcess","layer":"business"},{"id":"id-fdc09a66c5c74369af716f321e0a6e59","name":"проверить сопроводительные документы","type":"BusinessProcess","layer":"business"},{"id":"id-f41e9342674d4d91816df60287704154","name":"Сверить количество, наименования","type":"BusinessProcess","layer":"business"},{"id":"id-9f5ab6141a8c49feb0d0444f03577db8","name":"произвести замеры габаритов","type":"BusinessProcess","layer":"business"},{"id":"id-acebdf29b3b440a8b6a023b9973401bf","name":"оформить финансовые документы","type":"BusinessProcess","layer":"business"},{"id":"id-8e5dd9cead90415ca887e31f7f101562","name":"Поступление отправления","type":"BusinessEvent","layer":"business"},{"id":"id-a835bc8be1f64fe6af895bf86bd47c68","name":"Отправление готово к сортировке","type":"BusinessEvent","layer":"business"},{"id":"id-4f3e7a6de3054077a70e684e430af65f","name":"Отправление готово к сортировке (copy)","type":"BusinessEvent","layer":"business"},{"id":"id-01c76a7aea2c49aca3df88ccc917a484","name":"Общая сортровка по маршрутам","type":"BusinessProcess","layer":"business"},{"id":"id-666da1e24675419281b34f2e25556708","name":"Детальная сортировка","type":"BusinessProcess","layer":"business"},{"id":"id-d1e65771c6e74c0592b511e8a15ce815","name":"Проверить наличие отправления","type":"BusinessProcess","layer":"business"},{"id":"id-7d0aa9a31dfc4de0ae8cf3ec97132537","name":"Упаковка груза","type":"BusinessProcess","layer":"business"},{"id":"id-bc6e48d65e6448ebb7574c9a1e441745","name":"Внесение данных об отправлении в базу","type":"BusinessProcess","layer":"business"},{"id":"id-93bd595773924e2780fa39acdfe5638b","name":"Груз готов к отправке","type":"BusinessEvent","layer":"business"},{"id":"id-df3933ca5fbb4b689c143588652386b1","name":"Подготовка маршрутов","type":"BusinessProcess","layer":"business"},{"id":"id-da4f01a875064a5e98012c62a9b89d1d","name":"планирование загрузки маршрутов","type":"BusinessProcess","layer":"business"},{"id":"id-2ac128b79d8b4e6d9e2dbb3110dc7044","name":"составление планов-заданий","type":"BusinessProcess","layer":"business"},{"id":"id-c6df383975374a138883ec3c4d87a452","name":"подготовка сопроводительных документов","type":"BusinessProcess","layer":"business"},{"id":"id-519af00f9bf84d1b904f328fd9f57ed8","name":"Вручение курьерам отправлений","type":"BusinessProcess","layer":"business"},{"id":"id-f36150505faa48cf8fd74922ca386848","name":"Перевозка","type":"BusinessProcess","layer":"business"},{"id":"id-eca0be5aa79d4954a1a59004add86be5","name":"Вручение адресатам","type":"BusinessProcess","layer":"business"},{"id":"id-060bea63cab54b66a1980f1c6fb5ed0e","name":"Груз доставлен","type":"BusinessEvent","layer":"business"},{"id":"id-b3a23c02ccc042b6a32244c8f868202e","name":"Мониторинг","type":"BusinessProcess","layer":"business"},{"id":"id-45e767bcdb234437abc7076a1896fd0f","name":"Мониторинг от","type":"BusinessProcess","layer":"business"},{"id":"id-a0e8b43ab72547298deb2b29df638ff2","name":"Мониторинг курьеров","type":"BusinessProcess","layer":"business"},{"id":"id-77510f1ef71a45cabcc9336ecdd9763e","name":"Мониторинг транспорта","type":"BusinessProcess","layer":"business"},{"id":"id-e7bfe62f7bc74b68a6467496bd1fcc37","name":"Бухгалтер","type":"BusinessRole","layer":"business"},{"id":"id-927f751587c64f65b48c664c3996b488","name":"Создание в 1С проводок","type":"BusinessFunction","layer":"business"},{"id":"id-4395832901774c4d81f181c089b1aca9","name":"Проведение отчётности по периодам","type":"BusinessFunction","layer":"business"},{"id":"id-ca86844fdf3f43cab5145c087a167267","name":"IT-отдел","type":"BusinessActor","layer":"business"},{"id":"id-0b38ce2db283429eabe5a7a83fa9a562","name":"Специалист поддержки баз данных","type":"BusinessRole","layer":"business"},{"id":"id-7b511e92db6745b9b2793de14589ed1b","name":"Специалист по мониторингу","type":"BusinessRole","layer":"business"},{"id":"id-34a20596520f48b4b97567e245b16c74","name":"Груз для отправлений","type":"BusinessObject","layer":"business"},{"id":"id-23febb40228948dc95d3989dd0a77df9","name":"Договор о доставке ","type":"BusinessObject","layer":"business"},{"id":"id-8be4d3c0688e4115a31755db9c8af0d5","name":"Доставка отправлений лично в руки","type":"Product","layer":"business"},{"id":"id-a9289060d51d409b8fb079d5c4926fdd","name":"Счёт на оплату","type":"BusinessObject","layer":"business"},{"id":"id-a8c48832206044b29fda0cea5f0ed0fa","name":"сообщение клиенту о временных рамках прибытия курьера","type":"BusinessProcess","layer":"business"},{"id":"id-1137897d86ec4b5bb1498b40e3af1247","name":"Внести в единую базу отправление","type":"BusinessProcess","layer":"business"}],"relationships":[{"id":"id-2a8e5fb55b7d42fd84b384b7ca07d3a9","sourceId":"id-56bd7b58132341fc8a2baa41fef4c108","targetId":"id-f457dea796bc45a7acf9b1c8afddc066","type":"AssignmentRelationship"},{"id":"id-2c2a4ebab6e04e58b6d51e0aa9b90c5a","sourceId":"id-3dd5b3b19918421cbddc5bde69fae433","targetId":"id-9f59d7618038493dbfddcdaa388b151e","type":"FlowRelationship"},{"id":"id-ad28925aa4f44fd9805fe0976dca73d5","sourceId":"id-6f0936156c00474ca91377454b30580b","targetId":"id-9f59d7618038493dbfddcdaa388b151e","type":"FlowRelationship"},{"id":"id-3cb29de0016b4346b064a5ab8c20b2d5","sourceId":"id-56bd7b58132341fc8a2baa41fef4c108","targetId":"id-2f378d3d97c74ae2a92682e0c3a7684b","type":"AssignmentRelationship"},{"id":"id-c34c4f308dfd491b9957757881c795e4","sourceId":"id-56bd7b58132341fc8a2baa41fef4c108","targetId":"id-2f378d3d97c74ae2a92682e0c3a7684b","type":"FlowRelationship"},{"id":"id-4481235df7ce480c8881c1c50e103bba","sourceId":"id-f457dea796bc45a7acf9b1c8afddc066","targetId":"id-2f378d3d97c74ae2a92682e0c3a7684b","type":"FlowRelationship"},{"id":"id-3fc4b41eb54345048eb7f3ba13d42d36","sourceId":"id-6f0936156c00474ca91377454b30580b","targetId":"id-3dd5b3b19918421cbddc5bde69fae433","type":"AssignmentRelationship"},{"id":"id-ef1e6fcd7a7740769ec767193d40ab3a","sourceId":"id-6f0936156c00474ca91377454b30580b","targetId":"id-9f59d7618038493dbfddcdaa388b151e","type":"AssignmentRelationship"},{"id":"id-bd01987b9b8b4f458006684639b33351","sourceId":"id-4194459b092b48f0b402664978b7943d","targetId":"id-bcf31219526e4faa8dbd6cbc19373d21","type":"AssignmentRelationship"},{"id":"id-5686d2eaaad54337b5d71311ec201eb3","sourceId":"id-5920d45ee8674761aa1331e51026bf49","targetId":"id-4026e64072ac4cd68612be42f42941c7","type":"AssignmentRelationship"},{"id":"id-654ff22c29214a0085754c19e0523107","sourceId":"id-1ea4f6e868094afc893295abd3578958","targetId":"id-0060de0a7fb04d04a484e65a724c7acc","type":"FlowRelationship"},{"id":"id-95436ebf72394a68a60826d03f0ed0fb","sourceId":"id-5920d45ee8674761aa1331e51026bf49","targetId":"id-0060de0a7fb04d04a484e65a724c7acc","type":"AssignmentRelationship"},{"id":"id-d9e19860b8964d0dbcb0ea31ba32c537","sourceId":"id-5920d45ee8674761aa1331e51026bf49","targetId":"id-1ea4f6e868094afc893295abd3578958","type":"AssignmentRelationship"},{"id":"id-2aa04f44072244658962907e0ce07c10","sourceId":"id-1ea4f6e868094afc893295abd3578958","targetId":"id-4026e64072ac4cd68612be42f42941c7","type":"FlowRelationship"},{"id":"id-5bc1716f6c0f47d183fad8c20b27b275","sourceId":"id-5920d45ee8674761aa1331e51026bf49","targetId":"id-4026e64072ac4cd68612be42f42941c7","type":"FlowRelationship"},{"id":"id-2c3faf61bb264962ba91f3523968d636","sourceId":"id-663d732204b64adb8455ca735b9fa60e","targetId":"id-d62b7400f0da4ad48805a42905e6c3d8","type":"AssignmentRelationship"},{"id":"id-301c2775d7e44838936d0a36323a7d74","sourceId":"id-9f59d7618038493dbfddcdaa388b151e","targetId":"id-7b37a4aae3ab4cf2b4a2ee5c362c204d","type":"AssignmentRelationship"},{"id":"id-d630956f527142c091d1bdf34573e4cb","sourceId":"id-7b37a4aae3ab4cf2b4a2ee5c362c204d","targetId":"id-fdc09a66c5c74369af716f321e0a6e59","type":"CompositionRelationship"},{"id":"id-b39f449fae0040a180983fd95cf7a454","sourceId":"id-7b37a4aae3ab4cf2b4a2ee5c362c204d","targetId":"id-acebdf29b3b440a8b6a023b9973401bf","type":"CompositionRelationship"},{"id":"id-2ea3f0dcd1fe4c8b85db75b4340c03c8","sourceId":"id-7b37a4aae3ab4cf2b4a2ee5c362c204d","targetId":"id-9f5ab6141a8c49feb0d0444f03577db8","type":"CompositionRelationship"},{"id":"id-0b52fdef382f419e8cba18603d4763df","sourceId":"id-7b37a4aae3ab4cf2b4a2ee5c362c204d","targetId":"id-f41e9342674d4d91816df60287704154","type":"CompositionRelationship"},{"id":"id-73985f6803534494bacd3dbfe062f342","sourceId":"id-8e5dd9cead90415ca887e31f7f101562","targetId":"id-7b37a4aae3ab4cf2b4a2ee5c362c204d","type":"TriggeringRelationship"},{"id":"id-6a0d18bdbe95462987ad5f9ed70faeff","sourceId":"id-fdc09a66c5c74369af716f321e0a6e59","targetId":"id-f41e9342674d4d91816df60287704154","type":"TriggeringRelationship"},{"id":"id-42b91043c7394dc7ac8448255473f13d","sourceId":"id-f41e9342674d4d91816df60287704154","targetId":"id-9f5ab6141a8c49feb0d0444f03577db8","type":"TriggeringRelationship"},{"id":"id-24623fb624e94c1c8ce7e1285a144224","sourceId":"id-9f5ab6141a8c49feb0d0444f03577db8","targetId":"id-acebdf29b3b440a8b6a023b9973401bf","type":"TriggeringRelationship"},{"id":"id-fdb76986415c4c80bb0371b3d1a52ec0","sourceId":"id-7b37a4aae3ab4cf2b4a2ee5c362c204d","targetId":"id-a835bc8be1f64fe6af895bf86bd47c68","type":"TriggeringRelationship"},{"id":"id-26717cf10bf44091ae34576242759db7","sourceId":"id-a835bc8be1f64fe6af895bf86bd47c68","targetId":"id-d4cc2dc1752e4dc99f6361c64599ae43","type":"TriggeringRelationship"},{"id":"id-1e052c7e1c844439acea82aa769fc95a","sourceId":"id-2f378d3d97c74ae2a92682e0c3a7684b","targetId":"id-d4cc2dc1752e4dc99f6361c64599ae43","type":"AssignmentRelationship"},{"id":"id-02f59a4a1c474bbf8c8e3addeef009db","sourceId":"id-d4cc2dc1752e4dc99f6361c64599ae43","targetId":"id-01c76a7aea2c49aca3df88ccc917a484","type":"CompositionRelationship"},{"id":"id-fd1b5308caad4f769160c8bf56fe6693","sourceId":"id-d4cc2dc1752e4dc99f6361c64599ae43","targetId":"id-666da1e24675419281b34f2e25556708","type":"CompositionRelationship"},{"id":"id-4f968af07c2b480abff96a2bec3bd18f","sourceId":"id-01c76a7aea2c49aca3df88ccc917a484","targetId":"id-666da1e24675419281b34f2e25556708","type":"TriggeringRelationship"},{"id":"id-cfe3725daa6d47429a387cd413a97ee2","sourceId":"id-666da1e24675419281b34f2e25556708","targetId":"id-d1e65771c6e74c0592b511e8a15ce815","type":"CompositionRelationship"},{"id":"id-873aa190a8c84f37a4fb8eddbefb260b","sourceId":"id-666da1e24675419281b34f2e25556708","targetId":"id-7d0aa9a31dfc4de0ae8cf3ec97132537","type":"CompositionRelationship"},{"id":"id-5761e13db10b4e12b5c42ef9c303ab08","sourceId":"id-d4cc2dc1752e4dc99f6361c64599ae43","targetId":"id-bc6e48d65e6448ebb7574c9a1e441745","type":"CompositionRelationship"},{"id":"id-68aad08a9bd84920a7ae8a4f6ad7520e","sourceId":"id-666da1e24675419281b34f2e25556708","targetId":"id-bc6e48d65e6448ebb7574c9a1e441745","type":"TriggeringRelationship"},{"id":"id-57af0c22af634efb9b137a15086a5fcd","sourceId":"id-d4cc2dc1752e4dc99f6361c64599ae43","targetId":"id-6ff82014c7b2433098a81bad6a462656","type":"TriggeringRelationship"},{"id":"id-1a867322ee994511a7a6c2c0c71464b3","sourceId":"id-6ff82014c7b2433098a81bad6a462656","targetId":"id-93bd595773924e2780fa39acdfe5638b","type":"TriggeringRelationship"},{"id":"id-aacd8e487c8e471999669c4825f4158c","sourceId":"id-93bd595773924e2780fa39acdfe5638b","targetId":"id-c9c60b3ac52648ca92800ead087aae40","type":"TriggeringRelationship"},{"id":"id-db10e4838cf44a598304be574113e697","sourceId":"id-c9c60b3ac52648ca92800ead087aae40","targetId":"id-df3933ca5fbb4b689c143588652386b1","type":"CompositionRelationship"},{"id":"id-370e47e518e04d50b0b58c8c5b02935c","sourceId":"id-0060de0a7fb04d04a484e65a724c7acc","targetId":"id-df3933ca5fbb4b689c143588652386b1","type":"AssignmentRelationship"},{"id":"id-fb1e5e4183474a1c9fc783544581ff9b","sourceId":"id-df3933ca5fbb4b689c143588652386b1","targetId":"id-da4f01a875064a5e98012c62a9b89d1d","type":"CompositionRelationship"},{"id":"id-6a2f4c008cdb4ca4b1d50ab6cff153c4","sourceId":"id-df3933ca5fbb4b689c143588652386b1","targetId":"id-2ac128b79d8b4e6d9e2dbb3110dc7044","type":"CompositionRelationship"},{"id":"id-77de111359a741dd817b415830db8f8d","sourceId":"id-df3933ca5fbb4b689c143588652386b1","targetId":"id-c6df383975374a138883ec3c4d87a452","type":"CompositionRelationship"},{"id":"id-6658e6722779434c8817b279cec876a8","sourceId":"id-da4f01a875064a5e98012c62a9b89d1d","targetId":"id-2ac128b79d8b4e6d9e2dbb3110dc7044","type":"TriggeringRelationship"},{"id":"id-7df1abda54fc4547a5449c043dcfc766","sourceId":"id-2ac128b79d8b4e6d9e2dbb3110dc7044","targetId":"id-c6df383975374a138883ec3c4d87a452","type":"TriggeringRelationship"},{"id":"id-1b3f6deee56543e9a655e60f41b7e3e3","sourceId":"id-c9c60b3ac52648ca92800ead087aae40","targetId":"id-519af00f9bf84d1b904f328fd9f57ed8","type":"CompositionRelationship"},{"id":"id-cc38eb5390204f9a86e7b6da4a89f967","sourceId":"id-c9c60b3ac52648ca92800ead087aae40","targetId":"id-f36150505faa48cf8fd74922ca386848","type":"CompositionRelationship"},{"id":"id-c03acae6cd2b4b25b3f2b4359002b98f","sourceId":"id-c9c60b3ac52648ca92800ead087aae40","targetId":"id-eca0be5aa79d4954a1a59004add86be5","type":"CompositionRelationship"},{"id":"id-a7ad4bcf54f34510bf8a85f437e4f31d","sourceId":"id-c9c60b3ac52648ca92800ead087aae40","targetId":"id-060bea63cab54b66a1980f1c6fb5ed0e","type":"TriggeringRelationship"},{"id":"id-061c32ded33a49bdb08567be56185a2c","sourceId":"id-df3933ca5fbb4b689c143588652386b1","targetId":"id-519af00f9bf84d1b904f328fd9f57ed8","type":"TriggeringRelationship"},{"id":"id-2927b7bb5f5c4e18a2b52b960ff70fa8","sourceId":"id-519af00f9bf84d1b904f328fd9f57ed8","targetId":"id-f36150505faa48cf8fd74922ca386848","type":"TriggeringRelationship"},{"id":"id-61bf8c8d56464e4dadbd643315539cec","sourceId":"id-f36150505faa48cf8fd74922ca386848","targetId":"id-eca0be5aa79d4954a1a59004add86be5","type":"TriggeringRelationship"},{"id":"id-625f9aa595614ad19075bc380482b317","sourceId":"id-4026e64072ac4cd68612be42f42941c7","targetId":"id-f36150505faa48cf8fd74922ca386848","type":"AssignmentRelationship"},{"id":"id-b5202ed974b14a48ac268ae31101ec91","sourceId":"id-4026e64072ac4cd68612be42f42941c7","targetId":"id-eca0be5aa79d4954a1a59004add86be5","type":"AssignmentRelationship"},{"id":"id-19f884991a4242ef9c9341a47abbcc1f","sourceId":"id-b3a23c02ccc042b6a32244c8f868202e","targetId":"id-45e767bcdb234437abc7076a1896fd0f","type":"CompositionRelationship"},{"id":"id-59f8ec87dac149098606a34308b371da","sourceId":"id-f36150505faa48cf8fd74922ca386848","targetId":"id-a0e8b43ab72547298deb2b29df638ff2","type":"CompositionRelationship"},{"id":"id-32eb5f3f18de4b75a06d995cd0c97e3b","sourceId":"id-519af00f9bf84d1b904f328fd9f57ed8","targetId":"id-a0e8b43ab72547298deb2b29df638ff2","type":"CompositionRelationship"},{"id":"id-f7f07a95061046a084ec9e6b3f2d9a2d","sourceId":"id-f36150505faa48cf8fd74922ca386848","targetId":"id-77510f1ef71a45cabcc9336ecdd9763e","type":"CompositionRelationship"},{"id":"id-41d2bdaa8b2242169c1849e96cd2ed8f","sourceId":"id-d1e65771c6e74c0592b511e8a15ce815","targetId":"id-7d0aa9a31dfc4de0ae8cf3ec97132537","type":"TriggeringRelationship"},{"id":"id-9fdc253f6cc94391b3a12860a1d96420","sourceId":"id-e7bfe62f7bc74b68a6467496bd1fcc37","targetId":"id-acebdf29b3b440a8b6a023b9973401bf","type":"AssignmentRelationship"},{"id":"id-323209085803400fa9d51a5a51d35e45","sourceId":"id-e7bfe62f7bc74b68a6467496bd1fcc37","targetId":"id-4395832901774c4d81f181c089b1aca9","type":"AssignmentRelationship"},{"id":"id-0a9707846e5d4af2a6cdb53a5ea77646","sourceId":"id-e7bfe62f7bc74b68a6467496bd1fcc37","targetId":"id-927f751587c64f65b48c664c3996b488","type":"AssignmentRelationship"},{"id":"id-3352116a419e4197bd837b76aabeee2e","sourceId":"id-ca86844fdf3f43cab5145c087a167267","targetId":"id-0b38ce2db283429eabe5a7a83fa9a562","type":"AssignmentRelationship"},{"id":"id-769fc10e5cd647ac80138367b97bf5e8","sourceId":"id-0b38ce2db283429eabe5a7a83fa9a562","targetId":"id-bc6e48d65e6448ebb7574c9a1e441745","type":"AssignmentRelationship"},{"id":"id-a2b5c704a52e4eb18dec46a85f05f54b","sourceId":"id-ca86844fdf3f43cab5145c087a167267","targetId":"id-7b511e92db6745b9b2793de14589ed1b","type":"AssignmentRelationship"},{"id":"id-795a67960dbb45418ef7238c95f8790c","sourceId":"id-7b511e92db6745b9b2793de14589ed1b","targetId":"id-77510f1ef71a45cabcc9336ecdd9763e","type":"AssignmentRelationship"},{"id":"id-d84592d48aab4b0bbb6684bc09ec0dc5","sourceId":"id-7b511e92db6745b9b2793de14589ed1b","targetId":"id-a0e8b43ab72547298deb2b29df638ff2","type":"AssignmentRelationship"},{"id":"id-fb264627007743a78f4ad992c60cce4a","sourceId":"id-34a20596520f48b4b97567e245b16c74","targetId":"id-8e5dd9cead90415ca887e31f7f101562","type":"AssociationRelationship"},{"id":"id-d6b1943e2aff46bfa0e77988021c72ca","sourceId":"id-23febb40228948dc95d3989dd0a77df9","targetId":"id-8e5dd9cead90415ca887e31f7f101562","type":"AssociationRelationship"},{"id":"id-8370c5b55ad14662851c97964f6890b4","sourceId":"id-8be4d3c0688e4115a31755db9c8af0d5","targetId":"id-34a20596520f48b4b97567e245b16c74","type":"AssociationRelationship"},{"id":"id-844a40fd34f74918ad8396d1cb844fbe","sourceId":"id-c9c60b3ac52648ca92800ead087aae40","targetId":"id-a9289060d51d409b8fb079d5c4926fdd","type":"AccessRelationship"},{"id":"id-78a1f70260e448a3b3545e1266527d6e","sourceId":"id-f36150505faa48cf8fd74922ca386848","targetId":"id-a8c48832206044b29fda0cea5f0ed0fa","type":"CompositionRelationship"},{"id":"id-e337d779405e43d19e4740519cb088a5","sourceId":"id-77510f1ef71a45cabcc9336ecdd9763e","targetId":"id-a8c48832206044b29fda0cea5f0ed0fa","type":"TriggeringRelationship"},{"id":"id-9904c2f590f64b90821e6a19cc225604","sourceId":"id-7b37a4aae3ab4cf2b4a2ee5c362c204d","targetId":"id-1137897d86ec4b5bb1498b40e3af1247","type":"CompositionRelationship"},{"id":"id-dea5d40ececb4a54ae4cd3010f412213","sourceId":"id-acebdf29b3b440a8b6a023b9973401bf","targetId":"id-1137897d86ec4b5bb1498b40e3af1247","type":"TriggeringRelationship"}],"views":[{"id":"id-5870000895ab4c6881ab8026f7d970c6","name":"Default View","viewpoint":""}]}