<?xml version="1.0" encoding="UTF-8"?>
<model xmlns="http://www.opengroup.org/xsd/archimate/3.0/" xmlns:xsi="http://www.w3.org/2001/XMLSchema-instance" xsi:schemaLocation="http://www.opengroup.org/xsd/archimate/3.0/ http://www.opengroup.org/xsd/archimate/3.1/archimate3_Diagram.xsd" identifier="id-a859dd69df0f4978b0d7bb0382894ac2">
  <name>Delivery_details</name>
  <elements>
    <element identifier="id-6f0936156c00474ca91377454b30580b" xsi:type="BusinessActor">
      <name>Производственный отдел</name>
    </element>
    <element identifier="id-3dd5b3b19918421cbddc5bde69fae433" xsi:type="BusinessRole">
      <name>Начальник отдела</name>
    </element>
    <element identifier="id-9f59d7618038493dbfddcdaa388b151e" xsi:type="BusinessRole">
      <name>Специалист приёма грузовых отправлений</name>
    </element>
    <element identifier="id-56bd7b58132341fc8a2baa41fef4c108" xsi:type="BusinessActor">
      <name>Отдел сортировки</name>
    </element>
    <element identifier="id-f457dea796bc45a7acf9b1c8afddc066" xsi:type="BusinessRole">
      <name>Начальник отдела</name>
    </element>
    <element identifier="id-2f378d3d97c74ae2a92682e0c3a7684b" xsi:type="BusinessRole">
      <name>Специалист по сортировке отпралений</name>
    </element>
    <element identifier="id-7b37a4aae3ab4cf2b4a2ee5c362c204d" xsi:type="BusinessProcess">
      <name>Прием груза</name>
    </element>
    <element identifier="id-6ff82014c7b2433098a81bad6a462656" xsi:type="BusinessProcess">
      <name>Хранение груза</name>
    </element>
    <element identifier="id-d4cc2dc1752e4dc99f6361c64599ae43" xsi:type="BusinessProcess">
      <name>Обработка груза</name>
    </element>
    <element identifier="id-5920d45ee8674761aa1331e51026bf49" xsi:type="BusinessActor">
      <name>Отдел обслуживания</name>
    </element>
    <element identifier="id-1ea4f6e868094afc893295abd3578958" xsi:type="BusinessRole">
      <name>Начальник отдела</name>
    </element>
    <element identifier="id-4026e64072ac4cd68612be42f42941c7" xsi:type="BusinessRole">
      <name>Курьер</name>
    </element>
    <element identifier="id-0060de0a7fb04d04a484e65a724c7acc" xsi:type="BusinessRole">
      <name>Специалист по маршрутизации</name>
    </element>
    <element identifier="id-663d732204b64adb8455ca735b9fa60e" xsi:type="BusinessActor">
      <name>IT-отдел</name>
    </element>
    <element identifier="id-d62b7400f0da4ad48805a42905e6c3d8" xsi:type="BusinessRole">
      <name>Глава IT-отдела</name>
    </element>
    <element identifier="id-4194459b092b48f0b402664978b7943d" xsi:type="BusinessActor">
      <name>Бухгалтерия</name>
    </element>
    <element identifier="id-bcf31219526e4faa8dbd6cbc19373d21" xsi:type="BusinessRole">
      <name>Главный бухгалтер</name>
    </element>
    <element identifier="id-c9c60b3ac52648ca92800ead087aae40" xsi:type="BusinessProcess">
      <name>Доставка груза</name>
    </element>
    <element identifier="id-fdc09a66c5c74369af716f321e0a6e59" xsi:type="BusinessProcess">
      <name>проверить сопроводительные документы</name>
    </element>
    <element identifier="id-f41e9342674d4d91816df60287704154" xsi:type="BusinessProcess">
      <name>Сверить количество, наименования</name>
    </element>
    <element identifier="id-9f5ab6141a8c49feb0d0444f03577db8" xsi:type="BusinessProcess">
      <name>произвести замеры габаритов</name>
    </element>
    <element identifier="id-acebdf29b3b440a8b6a023b9973401bf" xsi:type="BusinessProcess">
      <name>оформить финансовые документы</name>
    </element>
    <element identifier="id-8e5dd9cead90415ca887e31f7f101562" xsi:type="BusinessEvent">
      <name>Поступление отправления</name>
    </element>
    <element identifier="id-a835bc8be1f64fe6af895bf86bd47c68" xsi:type="BusinessEvent">
      <name>Отправление готово к сортировке</name>
    </element>
    <element identifier="id-4f3e7a6de3054077a70e684e430af65f" xsi:type="BusinessEvent">
      <name>Отправление готово к сортировке (copy)</name>
    </element>
    <element identifier="id-01c76a7aea2c49aca3df88ccc917a484" xsi:type="BusinessProcess">
      <name>Общая сортровка по маршрутам</name>
    </element>
    <element identifier="id-666da1e24675419281b34f2e25556708" xsi:type="BusinessProcess">
      <name>Детальная сортировка</name>
    </element>
    <element identifier="id-d1e65771c6e74c0592b511e8a15ce815" xsi:type="BusinessProcess">
      <name>Проверить наличие отправления</name>
    </element>
    <element identifier="id-7d0aa9a31dfc4de0ae8cf3ec97132537" xsi:type="BusinessProcess">
      <name>Упаковка груза</name>
    </element>
    <element identifier="id-bc6e48d65e6448ebb7574c9a1e441745" xsi:type="BusinessProcess">
      <name>Внесение данных об отправлении в базу</name>
    </element>
    <element identifier="id-93bd595773924e2780fa39acdfe5638b" xsi:type="BusinessEvent">
      <name>Груз готов к отправке</name>
    </element>
    <element identifier="id-df3933ca5fbb4b689c143588652386b1" xsi:type="BusinessProcess">
      <name>Подготовка маршрутов</name>
    </element>
    <element identifier="id-da4f01a875064a5e98012c62a9b89d1d" xsi:type="BusinessProcess">
      <name>планирование загрузки маршрутов</name>
    </element>
    <element identifier="id-2ac128b79d8b4e6d9e2dbb3110dc7044" xsi:type="BusinessProcess">
      <name>составление планов-заданий</name>
    </element>
    <element identifier="id-c6df383975374a138883ec3c4d87a452" xsi:type="BusinessProcess">
      <name>подготовка сопроводительных документов</name>
    </element>
    <element identifier="id-519af00f9bf84d1b904f328fd9f57ed8" xsi:type="BusinessProcess">
      <name>Вручение курьерам отправлений</name>
    </element>
    <element identifier="id-f36150505faa48cf8fd74922ca386848" xsi:type="BusinessProcess">
      <name>Перевозка</name>
    </element>
    <element identifier="id-eca0be5aa79d4954a1a59004add86be5" xsi:type="BusinessProcess">
      <name>Вручение адресатам</name>
    </element>
    <element identifier="id-060bea63cab54b66a1980f1c6fb5ed0e" xsi:type="BusinessEvent">
      <name>Груз доставлен</name>
    </element>
    <element identifier="id-b3a23c02ccc042b6a32244c8f868202e" xsi:type="BusinessProcess">
      <name>Мониторинг</name>
    </element>
    <element identifier="id-45e767bcdb234437abc7076a1896fd0f" xsi:type="BusinessProcess">
      <name>Мониторинг от</name>
    </element>
    <element identifier="id-a0e8b43ab72547298deb2b29df638ff2" xsi:type="BusinessProcess">
      <name>Мониторинг курьеров</name>
    </element>
    <element identifier="id-77510f1ef71a45cabcc9336ecdd9763e" xsi:type="BusinessProcess">
      <name>Мониторинг транспорта</name>
    </element>
    <element identifier="id-e7bfe62f7bc74b68a6467496bd1fcc37" xsi:type="BusinessRole">
      <name>Бухгалтер</name>
    </element>
    <element identifier="id-927f751587c64f65b48c664c3996b488" xsi:type="BusinessFunction">
      <name>Создание в 1С проводок</name>
    </element>
    <element identifier="id-4395832901774c4d81f181c089b1aca9" xsi:type="BusinessFunction">
      <name>Проведение отчётности по периодам</name>
    </element>
    <element identifier="id-ca86844fdf3f43cab5145c087a167267" xsi:type="BusinessActor">
      <name>IT-отдел</name>
    </element>
    <element identifier="id-0b38ce2db283429eabe5a7a83fa9a562" xsi:type="BusinessRole">
      <name>Специалист поддержки баз данных</name>
    </element>
    <element identifier="id-7b511e92db6745b9b2793de14589ed1b" xsi:type="BusinessRole">
      <name>Специалист по мониторингу</name>
    </element>
    <element identifier="id-34a20596520f48b4b97567e245b16c74" xsi:type="BusinessObject">
      <name>Груз для отправлений</name>
    </element>
    <element identifier="id-23febb40228948dc95d3989dd0a77df9" xsi:type="BusinessObject">
      <name>Договор о доставке</name>
    </element>
    <element identifier="id-8be4d3c0688e4115a31755db9c8af0d5" xsi:type="Product">
      <name>Доставка отправлений лично в руки</name>
    </element>
    <element identifier="id-a9289060d51d409b8fb079d5c4926fdd" xsi:type="BusinessObject">
      <name>Счёт на оплату</name>
    </element>
    <element identifier="id-a8c48832206044b29fda0cea5f0ed0fa" xsi:type="BusinessProcess">
      <name>сообщение клиенту о временных рамках прибытия курьера</name>
    </element>
    <element identifier="id-1137897d86ec4b5bb1498b40e3af1247" xsi:type="BusinessProcess">
      <name>Внести в единую базу отправление</name>
    </element>
  </elements>
  <relationships>
    <relationship identifier="id-2a8e5fb55b7d42fd84b384b7ca07d3a9" source="id-56bd7b58132341fc8a2baa41fef4c108" target="id-f457dea796bc45a7acf9b1c8afddc066" xsi:type="Assignment" />
    <relationship identifier="id-2c2a4ebab6e04e58b6d51e0aa9b90c5a" source="id-3dd5b3b19918421cbddc5bde69fae433" target="id-9f59d7618038493dbfddcdaa388b151e" xsi:type="Flow" />
    <relationship identifier="id-ad28925aa4f44fd9805fe0976dca73d5" source="id-6f0936156c00474ca91377454b30580b" target="id-9f59d7618038493dbfddcdaa388b151e" xsi:type="Flow" />
    <relationship identifier="id-3cb29de0016b4346b064a5ab8c20b2d5" source="id-56bd7b58132341fc8a2baa41fef4c108" target="id-2f378d3d97c74ae2a92682e0c3a7684b" xsi:type="Assignment" />
    <relationship identifier="id-c34c4f308dfd491b9957757881c795e4" source="id-56bd7b58132341fc8a2baa41fef4c108" target="id-2f378d3d97c74ae2a92682e0c3a7684b" xsi:type="Flow" />
    <relationship identifier="id-4481235df7ce480c8881c1c50e103bba" source="id-f457dea796bc45a7acf9b1c8afddc066" target="id-2f378d3d97c74ae2a92682e0c3a7684b" xsi:type="Flow" />
    <relationship identifier="id-3fc4b41eb54345048eb7f3ba13d42d36" source="id-6f0936156c00474ca91377454b30580b" target="id-3dd5b3b19918421cbddc5bde69fae433" xsi:type="Assignment" />
    <relationship identifier="id-ef1e6fcd7a7740769ec767193d40ab3a" source="id-6f0936156c00474ca91377454b30580b" target="id-9f59d7618038493dbfddcdaa388b151e" xsi:type="Assignment" />
    <relationship identifier="id-bd01987b9b8b4f458006684639b33351" source="id-4194459b092b48f0b402664978b7943d" target="id-bcf31219526e4faa8dbd6cbc19373d21" xsi:type="Assignment" />
    <relationship identifier="id-5686d2eaaad54337b5d71311ec201eb3" source="id-5920d45ee8674761aa1331e51026bf49" target="id-4026e64072ac4cd68612be42f42941c7" xsi:type="Assignment" />
    <relationship identifier="id-654ff22c29214a0085754c19e0523107" source="id-1ea4f6e868094afc893295abd3578958" target="id-0060de0a7fb04d04a484e65a724c7acc" xsi:type="Flow" />
    <relationship identifier="id-95436ebf72394a68a60826d03f0ed0fb" source="id-5920d45ee8674761aa1331e51026bf49" target="id-0060de0a7fb04d04a484e65a724c7acc" xsi:type="Assignment" />
    <relationship identifier="id-d9e19860b8964d0dbcb0ea31ba32c537" source="id-5920d45ee8674761aa1331e51026bf49" target="id-1ea4f6e868094afc893295abd3578958" xsi:type="Assignment" />
    <relationship identifier="id-2aa04f44072244658962907e0ce07c10" source="id-1ea4f6e868094afc893295abd3578958" target="id-4026e64072ac4cd68612be42f42941c7" xsi:type="Flow" />
    <relationship identifier="id-5bc1716f6c0f47d183fad8c20b27b275" source="id-5920d45ee8674761aa1331e51026bf49" target="id-4026e64072ac4cd68612be42f42941c7" xsi:type="Flow" />
    <relationship identifier="id-2c3faf61bb264962ba91f3523968d636" source="id-663d732204b64adb8455ca735b9fa60e" target="id-d62b7400f0da4ad48805a42905e6c3d8" xsi:type="Assignment" />
    <relationship identifier="id-301c2775d7e44838936d0a36323a7d74" source="id-9f59d7618038493dbfddcdaa388b151e" target="id-7b37a4aae3ab4cf2b4a2ee5c362c204d" xsi:type="Assignment" />
    <relationship identifier="id-d630956f527142c091d1bdf34573e4cb" source="id-7b37a4aae3ab4cf2b4a2ee5c362c204d" target="id-fdc09a66c5c74369af716f321e0a6e59" xsi:type="Composition" />
    <relationship identifier="id-b39f449fae0040a180983fd95cf7a454" source="id-7b37a4aae3ab4cf2b4a2ee5c362c204d" target="id-acebdf29b3b440a8b6a023b9973401bf" xsi:type="Composition" />
    <relationship identifier="id-2ea3f0dcd1fe4c8b85db75b4340c03c8" source="id-7b37a4aae3ab4cf2b4a2ee5c362c204d" target="id-9f5ab6141a8c49feb0d0444f03577db8" xsi:type="Composition" />
    <relationship identifier="id-0b52fdef382f419e8cba18603d4763df" source="id-7b37a4aae3ab4cf2b4a2ee5c362c204d" target="id-f41e9342674d4d91816df60287704154" xsi:type="Composition" />
    <relationship identifier="id-73985f6803534494bacd3dbfe062f342" source="id-8e5dd9cead90415ca887e31f7f101562" target="id-7b37a4aae3ab4cf2b4a2ee5c362c204d" xsi:type="Triggering" />
    <relationship identifier="id-6a0d18bdbe95462987ad5f9ed70faeff" source="id-fdc09a66c5c74369af716f321e0a6e59" target="id-f41e9342674d4d91816df60287704154" xsi:type="Triggering" />
    <relationship identifier="id-42b91043c7394dc7ac8448255473f13d" source="id-f41e9342674d4d91816df60287704154" target="id-9f5ab6141a8c49feb0d0444f03577db8" xsi:type="Triggering" />
    <relationship identifier="id-24623fb624e94c1c8ce7e1285a144224" source="id-9f5ab6141a8c49feb0d0444f03577db8" target="id-acebdf29b3b440a8b6a023b9973401bf" xsi:type="Triggering" />
    <relationship identifier="id-fdb76986415c4c80bb0371b3d1a52ec0" source="id-7b37a4aae3ab4cf2b4a2ee5c362c204d" target="id-a835bc8be1f64fe6af895bf86bd47c68" xsi:type="Triggering" />
    <relationship identifier="id-26717cf10bf44091ae34576242759db7" source="id-a835bc8be1f64fe6af895bf86bd47c68" target="id-d4cc2dc1752e4dc99f6361c64599ae43" xsi:type="Triggering" />
    <relationship identifier="id-1e052c7e1c844439acea82aa769fc95a" source="id-2f378d3d97c74ae2a92682e0c3a7684b" target="id-d4cc2dc1752e4dc99f6361c64599ae43" xsi:type="Assignment" />
    <relationship identifier="id-02f59a4a1c474bbf8c8e3addeef009db" source="id-d4cc2dc1752e4dc99f6361c64599ae43" target="id-01c76a7aea2c49aca3df88ccc917a484" xsi:type="Composition" />
    <relationship identifier="id-fd1b5308caad4f769160c8bf56fe6693" source="id-d4cc2dc1752e4dc99f6361c64599ae43" target="id-666da1e24675419281b34f2e25556708" xsi:type="Composition" />
    <relationship identifier="id-4f968af07c2b480abff96a2bec3bd18f" source="id-01c76a7aea2c49aca3df88ccc917a484" target="id-666da1e24675419281b34f2e25556708" xsi:type="Triggering" />
    <relationship identifier="id-cfe3725daa6d47429a387cd413a97ee2" source="id-666da1e24675419281b34f2e25556708" target="id-d1e65771c6e74c0592b511e8a15ce815" xsi:type="Composition" />
    <relationship identifier="id-873aa190a8c84f37a4fb8eddbefb260b" source="id-666da1e24675419281b34f2e25556708" target="id-7d0aa9a31dfc4de0ae8cf3ec97132537" xsi:type="Composition" />
    <relationship identifier="id-5761e13db10b4e12b5c42ef9c303ab08" source="id-d4cc2dc1752e4dc99f6361c64599ae43" target="id-bc6e48d65e6448ebb7574c9a1e441745" xsi:type="Composition" />
    <relationship identifier="id-68aad08a9bd84920a7ae8a4f6ad7520e" source="id-666da1e24675419281b34f2e25556708" target="id-bc6e48d65e6448ebb7574c9a1e441745" xsi:type="Triggering" />
    <relationship identifier="id-57af0c22af634efb9b137a15086a5fcd" source="id-d4cc2dc1752e4dc99f6361c64599ae43" target="id-6ff82014c7b2433098a81bad6a462656" xsi:type="Triggering" />
    <relationship identifier="id-1a867322ee994511a7a6c2c0c71464b3" source="id-6ff82014c7b2433098a81bad6a462656" target="id-93bd595773924e2780fa39acdfe5638b" xsi:type="Triggering" />
    <relationship identifier="id-aacd8e487c8e471999669c4825f4158c" source="id-93bd595773924e2780fa39acdfe5638b" target="id-c9c60b3ac52648ca92800ead087aae40" xsi:type="Triggering" />
    <relationship identifier="id-db10e4838cf44a598304be574113e697" source="id-c9c60b3ac52648ca92800ead087aae40" target="id-df3933ca5fbb4b689c143588652386b1" xsi:type="Composition" />
    <relationship identifier="id-370e47e518e04d50b0b58c8c5b02935c" source="id-0060de0a7fb04d04a484e65a724c7acc" target="id-df3933ca5fbb4b689c143588652386b1" xsi:type="Assignment" />
    <relationship identifier="id-fb1e5e4183474a1c9fc783544581ff9b" source="id-df3933ca5fbb4b689c143588652386b1" target="id-da4f01a875064a5e98012c62a9b89d1d" xsi:type="Composition" />
    <relationship identifier="id-6a2f4c008cdb4ca4b1d50ab6cff153c4" source="id-df3933ca5fbb4b689c143588652386b1" target="id-2ac128b79d8b4e6d9e2dbb3110dc7044" xsi:type="Composition" />
    <relationship identifier="id-77de111359a741dd817b415830db8f8d" source="id-df3933ca5fbb4b689c143588652386b1" target="id-c6df383975374a138883ec3c4d87a452" xsi:type="Composition" />
    <relationship identifier="id-6658e6722779434c8817b279cec876a8" source="id-da4f01a875064a5e98012c62a9b89d1d" target="id-2ac128b79d8b4e6d9e2dbb3110dc7044" xsi:type="Triggering" />
    <relationship identifier="id-7df1abda54fc4547a5449c043dcfc766" source="id-2ac128b79d8b4e6d9e2dbb3110dc7044" target="id-c6df383975374a138883ec3c4d87a452" xsi:type="Triggering" />
    <relationship identifier="id-1b3f6deee56543e9a655e60f41b7e3e3" source="id-c9c60b3ac52648ca92800ead087aae40" target="id-519af00f9bf84d1b904f328fd9f57ed8" xsi:type="Composition" />
    <relationship identifier="id-cc38eb5390204f9a86e7b6da4a89f967" source="id-c9c60b3ac52648ca92800ead087aae40" target="id-f36150505faa48cf8fd74922ca386848" xsi:type="Composition" />
    <relationship identifier="id-c03acae6cd2b4b25b3f2b4359002b98f" source="id-c9c60b3ac52648ca92800ead087aae40" target="id-eca0be5aa79d4954a1a59004add86be5" xsi:type="Composition" />
    <relationship identifier="id-a7ad4bcf54f34510bf8a85f437e4f31d" source="id-c9c60b3ac52648ca92800ead087aae40" target="id-060bea63cab54b66a1980f1c6fb5ed0e" xsi:type="Triggering" />
    <relationship identifier="id-061c32ded33a49bdb08567be56185a2c" source="id-df3933ca5fbb4b689c143588652386b1" target="id-519af00f9bf84d1b904f328fd9f57ed8" xsi:type="Triggering" />
    <relationship identifier="id-2927b7bb5f5c4e18a2b52b960ff70fa8" source="id-519af00f9bf84d1b904f328fd9f57ed8" target="id-f36150505faa48cf8fd74922ca386848" xsi:type="Triggering" />
    <relationship identifier="id-61bf8c8d56464e4dadbd643315539cec" source="id-f36150505faa48cf8fd74922ca386848" target="id-eca0be5aa79d4954a1a59004add86be5" xsi:type="Triggering" />
    <relationship identifier="id-625f9aa595614ad19075bc380482b317" source="id-4026e64072ac4cd68612be42f42941c7" target="id-f36150505faa48cf8fd74922ca386848" xsi:type="Assignment" />
    <relationship identifier="id-b5202ed974b14a48ac268ae31101ec91" source="id-4026e64072ac4cd68612be42f42941c7" target="id-eca0be5aa79d4954a1a59004add86be5" xsi:type="Assignment" />
    <relationship identifier="id-19f884991a4242ef9c9341a47abbcc1f" source="id-b3a23c02ccc042b6a32244c8f868202e" target="id-45e767bcdb234437abc7076a1896fd0f" xsi:type="Composition" />
    <relationship identifier="id-59f8ec87dac149098606a34308b371da" source="id-f36150505faa48cf8fd74922ca386848" target="id-a0e8b43ab72547298deb2b29df638ff2" xsi:type="Composition" />
    <relationship identifier="id-32eb5f3f18de4b75a06d995cd0c97e3b" source="id-519af00f9bf84d1b904f328fd9f57ed8" target="id-a0e8b43ab72547298deb2b29df638ff2" xsi:type="Composition" />
    <relationship identifier="id-f7f07a95061046a084ec9e6b3f2d9a2d" source="id-f36150505faa48cf8fd74922ca386848" target="id-77510f1ef71a45cabcc9336ecdd9763e" xsi:type="Composition" />
    <relationship identifier="id-41d2bdaa8b2242169c1849e96cd2ed8f" source="id-d1e65771c6e74c0592b511e8a15ce815" target="id-7d0aa9a31dfc4de0ae8cf3ec97132537" xsi:type="Triggering" />
    <relationship identifier="id-9fdc253f6cc94391b3a12860a1d96420" source="id-e7bfe62f7bc74b68a6467496bd1fcc37" target="id-acebdf29b3b440a8b6a023b9973401bf" xsi:type="Assignment" />
    <relationship identifier="id-323209085803400fa9d51a5a51d35e45" source="id-e7bfe62f7bc74b68a6467496bd1fcc37" target="id-4395832901774c4d81f181c089b1aca9" xsi:type="Assignment" />
    <relationship identifier="id-0a9707846e5d4af2a6cdb53a5ea77646" source="id-e7bfe62f7bc74b68a6467496bd1fcc37" target="id-927f751587c64f65b48c664c3996b488" xsi:type="Assignment" />
    <relationship identifier="id-3352116a419e4197bd837b76aabeee2e" source="id-ca86844fdf3f43cab5145c087a167267" target="id-0b38ce2db283429eabe5a7a83fa9a562" xsi:type="Assignment" />
    <relationship identifier="id-769fc10e5cd647ac80138367b97bf5e8" source="id-0b38ce2db283429eabe5a7a83fa9a562" target="id-bc6e48d65e6448ebb7574c9a1e441745" xsi:type="Assignment" />
    <relationship identifier="id-a2b5c704a52e4eb18dec46a85f05f54b" source="id-ca86844fdf3f43cab5145c087a167267" target="id-7b511e92db6745b9b2793de14589ed1b" xsi:type="Assignment" />
    <relationship identifier="id-795a67960dbb45418ef7238c95f8790c" source="id-7b511e92db6745b9b2793de14589ed1b" target="id-77510f1ef71a45cabcc9336ecdd9763e" xsi:type="Assignment" />
    <relationship identifier="id-d84592d48aab4b0bbb6684bc09ec0dc5" source="id-7b511e92db6745b9b2793de14589ed1b" target="id-a0e8b43ab72547298deb2b29df638ff2" xsi:type="Assignment" />
    <relationship identifier="id-fb264627007743a78f4ad992c60cce4a" source="id-34a20596520f48b4b97567e245b16c74" target="id-8e5dd9cead90415ca887e31f7f101562" xsi:type="Association" />
    <relationship identifier="id-d6b1943e2aff46bfa0e77988021c72ca" source="id-23febb40228948dc95d3989dd0a77df9" target="id-8e5dd9cead90415ca887e31f7f101562" xsi:type="Association" />
    <relationship identifier="id-8370c5b55ad14662851c97964f6890b4" source="id-8be4d3c0688e4115a31755db9c8af0d5" target="id-34a20596520f48b4b97567e245b16c74" xsi:type="Association" />
    <relationship identifier="id-844a40fd34f74918ad8396d1cb844fbe" source="id-c9c60b3ac52648ca92800ead087aae40" target="id-a9289060d51d409b8fb079d5c4926fdd" xsi:type="Access" accessType="Write" />
    <relationship identifier="id-78a1f70260e448a3b3545e1266527d6e" source="id-f36150505faa48cf8fd74922ca386848" target="id-a8c48832206044b29fda0cea5f0ed0fa" xsi:type="Composition" />
    <relationship identifier="id-e337d779405e43d19e4740519cb088a5" source="id-77510f1ef71a45cabcc9336ecdd9763e" target="id-a8c48832206044b29fda0cea5f0ed0fa" xsi:type="Triggering" />
    <relationship identifier="id-9904c2f590f64b90821e6a19cc225604" source="id-7b37a4aae3ab4cf2b4a2ee5c362c204d" target="id-1137897d86ec4b5bb1498b40e3af1247" xsi:type="Composition" />
    <relationship identifier="id-dea5d40ececb4a54ae4cd3010f412213" source="id-acebdf29b3b440a8b6a023b9973401bf" target="id-1137897d86ec4b5bb1498b40e3af1247" xsi:type="Triggering" />
  </relationships>
  <views>
    <diagrams>
      <view identifier="id-5870000895ab4c6881ab8026f7d970c6" xsi:type="Diagram">
        <name>Default View</name>
        <node identifier="id-8edb69b64e494c19924f5e8f0e5c4cf5" elementRef="id-6f0936156c00474ca91377454b30580b" xsi:type="Element" x="504" y="25" w="275" h="97">
          <style>
            <fillColor r="255" g="255" b="181" a="100" />
            <lineColor r="92" g="92" b="92" a="100" />
            <font name="Lucida Grande" size="12">
              <color r="0" g="0" b="0" />
            </font>
          </style>
          <node identifier="id-ded95017b5ee49de8e9c68f462987b8f" elementRef="id-3dd5b3b19918421cbddc5bde69fae433" xsi:type="Element" x="516" y="61" w="109" h="43">
            <style>
              <fillColor r="255" g="255" b="181" a="100" />
              <lineColor r="92" g="92" b="92" a="100" />
              <font name="Lucida Grande" size="12">
                <color r="0" g="0" b="0" />
              </font>
            </style>
          </node>
          <node identifier="id-3d5cb261c70d42d496008c0c35d35275" elementRef="id-9f59d7618038493dbfddcdaa388b151e" xsi:type="Element" x="636" y="55" w="120" h="55">
            <style>
              <fillColor r="255" g="255" b="181" a="100" />
              <lineColor r="92" g="92" b="92" a="100" />
              <font name="Lucida Grande" size="12">
                <color r="0" g="0" b="0" />
              </font>
            </style>
          </node>
        </node>
        <node identifier="id-a9bff7f111c044cc92f2303e645b7a78" elementRef="id-56bd7b58132341fc8a2baa41fef4c108" xsi:type="Element" x="1392" y="19" w="316" h="121">
          <style>
            <fillColor r="255" g="255" b="181" a="100" />
            <lineColor r="92" g="92" b="92" a="100" />
            <font name="Lucida Grande" size="12">
              <color r="0" g="0" b="0" />
            </font>
          </style>
          <node identifier="id-0ee90e23e78d48ec9fb7e9bb1d7b3c02" elementRef="id-f457dea796bc45a7acf9b1c8afddc066" xsi:type="Element" x="1416" y="58" w="120" h="55">
            <style>
              <fillColor r="255" g="255" b="181" a="100" />
              <lineColor r="92" g="92" b="92" a="100" />
              <font name="Lucida Grande" size="12">
                <color r="0" g="0" b="0" />
              </font>
            </style>
          </node>
          <node identifier="id-b7ef2bd3bfe449829d338e9812a8d5d7" elementRef="id-2f378d3d97c74ae2a92682e0c3a7684b" xsi:type="Element" x="1548" y="55" w="145" h="61">
            <style>
              <fillColor r="255" g="255" b="181" a="100" />
              <lineColor r="92" g="92" b="92" a="100" />
              <font name="Lucida Grande" size="12">
                <color r="0" g="0" b="0" />
              </font>
            </style>
          </node>
        </node>
        <node identifier="id-27f0b7f734b84ad6a3272d1af8fabe91" elementRef="id-7b37a4aae3ab4cf2b4a2ee5c362c204d" xsi:type="Element" x="180" y="168" w="805" h="140">
          <style>
            <fillColor r="255" g="255" b="181" a="100" />
            <lineColor r="92" g="92" b="92" a="100" />
            <font name="Lucida Grande" size="12">
              <color r="0" g="0" b="0" />
            </font>
          </style>
          <node identifier="id-24ce26a5fed84d4492e6bf9d1636489e" elementRef="id-fdc09a66c5c74369af716f321e0a6e59" xsi:type="Element" x="192" y="213" w="157" h="61">
            <style>
              <fillColor r="255" g="255" b="181" a="100" />
              <lineColor r="92" g="92" b="92" a="100" />
              <font name="Lucida Grande" size="12">
                <color r="0" g="0" b="0" />
              </font>
            </style>
          </node>
          <node identifier="id-9217cfe91abc40d19b418207e65ada15" elementRef="id-acebdf29b3b440a8b6a023b9973401bf" xsi:type="Element" x="732" y="216" w="120" h="55">
            <style>
              <fillColor r="255" g="255" b="181" a="100" />
              <lineColor r="92" g="92" b="92" a="100" />
              <font name="Lucida Grande" size="12">
                <color r="0" g="0" b="0" />
              </font>
            </style>
          </node>
          <node identifier="id-72f0069804e84078a4324648e1ecd5c2" elementRef="id-9f5ab6141a8c49feb0d0444f03577db8" xsi:type="Element" x="564" y="216" w="120" h="55">
            <style>
              <fillColor r="255" g="255" b="181" a="100" />
              <lineColor r="92" g="92" b="92" a="100" />
              <font name="Lucida Grande" size="12">
                <color r="0" g="0" b="0" />
              </font>
            </style>
          </node>
          <node identifier="id-03996a58366e425f8a6e226afc3bd5e2" elementRef="id-f41e9342674d4d91816df60287704154" xsi:type="Element" x="396" y="216" w="120" h="55">
            <style>
              <fillColor r="255" g="255" b="181" a="100" />
              <lineColor r="92" g="92" b="92" a="100" />
              <font name="Lucida Grande" size="12">
                <color r="0" g="0" b="0" />
              </font>
            </style>
          </node>
          <node identifier="id-7a36bb75378848098967b026de8327ac" elementRef="id-1137897d86ec4b5bb1498b40e3af1247" xsi:type="Element" x="864" y="219" w="120" h="55">
            <style>
              <fillColor r="0" g="255" b="64" a="100" />
              <lineColor r="92" g="92" b="92" a="100" />
              <font name="Lucida Grande" size="12">
                <color r="0" g="0" b="0" />
              </font>
            </style>
          </node>
        </node>
        <node identifier="id-0c8685d8ea7b461794446bac85e85915" elementRef="id-6ff82014c7b2433098a81bad6a462656" xsi:type="Element" x="1944" y="277" w="157" h="49">
          <style>
            <fillColor r="255" g="255" b="181" a="100" />
            <lineColor r="92" g="92" b="92" a="100" />
            <font name="Lucida Grande" size="12">
              <color r="0" g="0" b="0" />
            </font>
          </style>
        </node>
        <node identifier="id-d52929922e9541ae9cff03a277580c5c" elementRef="id-d4cc2dc1752e4dc99f6361c64599ae43" xsi:type="Element" x="1164" y="190" w="733" h="202">
          <style>
            <fillColor r="255" g="255" b="181" a="100" />
            <lineColor r="92" g="92" b="92" a="100" />
            <font name="Lucida Grande" size="12">
              <color r="0" g="0" b="0" />
            </font>
          </style>
          <node identifier="id-9cda81167c994a02982f8dd9b9182037" elementRef="id-01c76a7aea2c49aca3df88ccc917a484" xsi:type="Element" x="1188" y="274" w="157" h="49">
            <style>
              <fillColor r="255" g="255" b="181" a="100" />
              <lineColor r="92" g="92" b="92" a="100" />
              <font name="Lucida Grande" size="12">
                <color r="0" g="0" b="0" />
              </font>
            </style>
          </node>
          <node identifier="id-477fbd441cf346488c53749e75a0c6b4" elementRef="id-666da1e24675419281b34f2e25556708" xsi:type="Element" x="1380" y="226" w="289" h="133">
            <style>
              <fillColor r="255" g="255" b="181" a="100" />
              <lineColor r="92" g="92" b="92" a="100" />
              <font name="Lucida Grande" size="12">
                <color r="0" g="0" b="0" />
              </font>
            </style>
            <node identifier="id-3f0b1713508e4d74976f75670bccf529" elementRef="id-d1e65771c6e74c0592b511e8a15ce815" xsi:type="Element" x="1392" y="274" w="121" h="61">
              <style>
                <fillColor r="255" g="255" b="181" a="100" />
                <lineColor r="92" g="92" b="92" a="100" />
                <font name="Lucida Grande" size="12">
                  <color r="0" g="0" b="0" />
                </font>
              </style>
            </node>
            <node identifier="id-e32661dc442f43a99e531bf7d94b9253" elementRef="id-7d0aa9a31dfc4de0ae8cf3ec97132537" xsi:type="Element" x="1536" y="280" w="121" h="49">
              <style>
                <fillColor r="255" g="255" b="181" a="100" />
                <lineColor r="92" g="92" b="92" a="100" />
                <font name="Lucida Grande" size="12">
                  <color r="0" g="0" b="0" />
                </font>
              </style>
            </node>
          </node>
          <node identifier="id-62998a97c4ed4f0bb239a2857da28b62" elementRef="id-bc6e48d65e6448ebb7574c9a1e441745" xsi:type="Element" x="1692" y="274" w="157" h="49">
            <style>
              <fillColor r="0" g="255" b="64" a="100" />
              <lineColor r="92" g="92" b="92" a="100" />
              <font name="Lucida Grande" size="12">
                <color r="0" g="0" b="0" />
              </font>
            </style>
          </node>
        </node>
        <node identifier="id-96ca2a9838444fb2a6d3826fb9200388" elementRef="id-c9c60b3ac52648ca92800ead087aae40" xsi:type="Element" x="2376" y="223" w="973" h="289">
          <style>
            <fillColor r="255" g="255" b="181" a="100" />
            <lineColor r="92" g="92" b="92" a="100" />
            <font name="Lucida Grande" size="12">
              <color r="0" g="0" b="0" />
            </font>
          </style>
          <node identifier="id-c25ad8194f124b869849afb694088026" elementRef="id-df3933ca5fbb4b689c143588652386b1" xsi:type="Element" x="2400" y="295" w="469" h="109">
            <style>
              <fillColor r="255" g="255" b="181" a="100" />
              <lineColor r="92" g="92" b="92" a="100" />
              <font name="Lucida Grande" size="12">
                <color r="0" g="0" b="0" />
              </font>
            </style>
            <node identifier="id-7001a36d28ed4f99ab4645371ca30465" elementRef="id-da4f01a875064a5e98012c62a9b89d1d" xsi:type="Element" x="2412" y="331" w="121" h="61">
              <style>
                <fillColor r="255" g="255" b="181" a="100" />
                <lineColor r="92" g="92" b="92" a="100" />
                <font name="Lucida Grande" size="12">
                  <color r="0" g="0" b="0" />
                </font>
              </style>
            </node>
            <node identifier="id-4861e5305f29420c900b0811ab930657" elementRef="id-2ac128b79d8b4e6d9e2dbb3110dc7044" xsi:type="Element" x="2556" y="334" w="120" h="55">
              <style>
                <fillColor r="255" g="255" b="181" a="100" />
                <lineColor r="92" g="92" b="92" a="100" />
                <font name="Lucida Grande" size="12">
                  <color r="0" g="0" b="0" />
                </font>
              </style>
            </node>
            <node identifier="id-45b4fe0aeeb34e198d3b97beff9b321c" elementRef="id-c6df383975374a138883ec3c4d87a452" xsi:type="Element" x="2700" y="334" w="157" h="58">
              <style>
                <fillColor r="255" g="255" b="181" a="100" />
                <lineColor r="92" g="92" b="92" a="100" />
                <font name="Lucida Grande" size="12">
                  <color r="0" g="0" b="0" />
                </font>
              </style>
            </node>
          </node>
          <node identifier="id-67dbec9fd1384a3292afef0eda1e9b87" elementRef="id-519af00f9bf84d1b904f328fd9f57ed8" xsi:type="Element" x="2880" y="295" w="156" h="106">
            <style>
              <fillColor r="255" g="255" b="181" a="100" />
              <lineColor r="92" g="92" b="92" a="100" />
              <font name="Lucida Grande" size="12">
                <color r="0" g="0" b="0" />
              </font>
            </style>
            <node identifier="id-57ef3e52bc944198bbb72fe247d9bdf4" elementRef="id-a0e8b43ab72547298deb2b29df638ff2" xsi:type="Element" x="2904" y="343" w="121" h="49">
              <style>
                <fillColor r="0" g="255" b="64" a="100" />
                <lineColor r="92" g="92" b="92" a="100" />
                <font name="Lucida Grande" size="12">
                  <color r="0" g="0" b="0" />
                </font>
              </style>
            </node>
          </node>
          <node identifier="id-d003427509774bb2b19960165d5c9aa8" elementRef="id-f36150505faa48cf8fd74922ca386848" xsi:type="Element" x="3048" y="307" w="145" h="193">
            <style>
              <fillColor r="255" g="255" b="181" a="100" />
              <lineColor r="92" g="92" b="92" a="100" />
              <font name="Lucida Grande" size="12">
                <color r="0" g="0" b="0" />
              </font>
            </style>
            <node identifier="id-c637123d01614506bacd2ea8dea5859e" elementRef="id-77510f1ef71a45cabcc9336ecdd9763e" xsi:type="Element" x="3060" y="346" w="121" h="49">
              <style>
                <fillColor r="255" g="255" b="181" a="100" />
                <lineColor r="92" g="92" b="92" a="100" />
                <font name="Lucida Grande" size="12">
                  <color r="0" g="0" b="0" />
                </font>
              </style>
            </node>
            <node identifier="id-de674538f885477e9e6faf7cf0fccf07" elementRef="id-a8c48832206044b29fda0cea5f0ed0fa" xsi:type="Element" x="3048" y="406" w="145" h="85">
              <style>
                <fillColor r="0" g="255" b="64" a="100" />
                <lineColor r="92" g="92" b="92" a="100" />
                <font name="Lucida Grande" size="12">
                  <color r="0" g="0" b="0" />
                </font>
              </style>
            </node>
          </node>
          <node identifier="id-c5a8e332a94e4fd3ab9e8a5b6c852dc4" elementRef="id-eca0be5aa79d4954a1a59004add86be5" xsi:type="Element" x="3204" y="322" w="120" h="55">
            <style>
              <fillColor r="255" g="255" b="181" a="100" />
              <lineColor r="92" g="92" b="92" a="100" />
              <font name="Lucida Grande" size="12">
                <color r="0" g="0" b="0" />
              </font>
            </style>
          </node>
        </node>
        <node identifier="id-4f2e4d306d4a424ebc47039cc279cafa" elementRef="id-5920d45ee8674761aa1331e51026bf49" xsi:type="Element" x="2460" y="0" w="349" h="148">
          <style>
            <fillColor r="255" g="255" b="181" a="100" />
            <lineColor r="92" g="92" b="92" a="100" />
            <font name="Lucida Grande" size="12">
              <color r="0" g="0" b="0" />
            </font>
          </style>
          <node identifier="id-c6fe3de2c3544c058a44d2a490c6b4a0" elementRef="id-1ea4f6e868094afc893295abd3578958" xsi:type="Element" x="2664" y="30" w="120" h="55">
            <style>
              <fillColor r="255" g="255" b="181" a="100" />
              <lineColor r="92" g="92" b="92" a="100" />
              <font name="Lucida Grande" size="12">
                <color r="0" g="0" b="0" />
              </font>
            </style>
          </node>
          <node identifier="id-07c4b81c02ea4b95ad13d47d8c20d6e5" elementRef="id-4026e64072ac4cd68612be42f42941c7" xsi:type="Element" x="2664" y="90" w="120" h="55">
            <style>
              <fillColor r="255" g="255" b="181" a="100" />
              <lineColor r="92" g="92" b="92" a="100" />
              <font name="Lucida Grande" size="12">
                <color r="0" g="0" b="0" />
              </font>
            </style>
          </node>
          <node identifier="id-2e7e129ff1234445ab39caef2d6a42ea" elementRef="id-0060de0a7fb04d04a484e65a724c7acc" xsi:type="Element" x="2508" y="93" w="133" h="49">
            <style>
              <fillColor r="255" g="255" b="181" a="100" />
              <lineColor r="92" g="92" b="92" a="100" />
              <font name="Lucida Grande" size="12">
                <color r="0" g="0" b="0" />
              </font>
            </style>
          </node>
        </node>
        <node identifier="id-b2eef11debcb46b8a0181053b379d8b9" elementRef="id-8e5dd9cead90415ca887e31f7f101562" xsi:type="Element" x="12" y="211" w="120" h="55">
          <style>
            <fillColor r="255" g="255" b="181" a="100" />
            <lineColor r="92" g="92" b="92" a="100" />
            <font name="Lucida Grande" size="12">
              <color r="0" g="0" b="0" />
            </font>
          </style>
        </node>
        <node identifier="id-e9dba7099e9d49f9964fd29caf93b193" elementRef="id-a835bc8be1f64fe6af895bf86bd47c68" xsi:type="Element" x="1020" y="223" w="120" h="55">
          <style>
            <fillColor r="255" g="255" b="181" a="100" />
            <lineColor r="92" g="92" b="92" a="100" />
            <font name="Lucida Grande" size="12">
              <color r="0" g="0" b="0" />
            </font>
          </style>
        </node>
        <node identifier="id-f817334cfbe94d2395d29fed205d396f" elementRef="id-93bd595773924e2780fa39acdfe5638b" xsi:type="Element" x="2171" y="274" w="120" h="55">
          <style>
            <fillColor r="255" g="255" b="181" a="100" />
            <lineColor r="92" g="92" b="92" a="100" />
            <font name="Lucida Grande" size="12">
              <color r="0" g="0" b="0" />
            </font>
          </style>
        </node>
        <node identifier="id-0c05216525d44ca2b6a8203c547589c6" elementRef="id-060bea63cab54b66a1980f1c6fb5ed0e" xsi:type="Element" x="3386" y="319" w="120" h="55">
          <style>
            <fillColor r="255" g="255" b="181" a="100" />
            <lineColor r="92" g="92" b="92" a="100" />
            <font name="Lucida Grande" size="12">
              <color r="0" g="0" b="0" />
            </font>
          </style>
        </node>
        <node identifier="id-65eaa3f24072419da5830049e001ae6f" elementRef="id-e7bfe62f7bc74b68a6467496bd1fcc37" xsi:type="Element" x="793" y="403" w="120" h="55">
          <style>
            <fillColor r="255" g="255" b="181" a="100" />
            <lineColor r="92" g="92" b="92" a="100" />
            <font name="Lucida Grande" size="12">
              <color r="0" g="0" b="0" />
            </font>
          </style>
        </node>
        <node identifier="id-23565aa8e72141379a64fbf6fa258477" elementRef="id-927f751587c64f65b48c664c3996b488" xsi:type="Element" x="876" y="487" w="120" h="55">
          <style>
            <fillColor r="255" g="255" b="181" a="100" />
            <lineColor r="92" g="92" b="92" a="100" />
            <font name="Lucida Grande" size="12">
              <color r="0" g="0" b="0" />
            </font>
          </style>
        </node>
        <node identifier="id-002fdcc71acd44bd82be5f8c6cce1ef4" elementRef="id-4395832901774c4d81f181c089b1aca9" xsi:type="Element" x="720" y="487" w="120" h="55">
          <style>
            <fillColor r="255" g="255" b="181" a="100" />
            <lineColor r="92" g="92" b="92" a="100" />
            <font name="Lucida Grande" size="12">
              <color r="0" g="0" b="0" />
            </font>
          </style>
        </node>
        <node identifier="id-def86ce0029d4ae3a2dbb7bc8eb49e56" elementRef="id-ca86844fdf3f43cab5145c087a167267" xsi:type="Element" x="1968" y="487" w="288" h="121">
          <style>
            <fillColor r="0" g="255" b="64" a="100" />
            <lineColor r="92" g="92" b="92" a="100" />
            <font name="Lucida Grande" size="12">
              <color r="0" g="0" b="0" />
            </font>
          </style>
          <node identifier="id-cc5526c1000849599a5897832fb9760f" elementRef="id-0b38ce2db283429eabe5a7a83fa9a562" xsi:type="Element" x="1980" y="535" w="120" h="55">
            <style>
              <fillColor r="255" g="255" b="181" a="100" />
              <lineColor r="92" g="92" b="92" a="100" />
              <font name="Lucida Grande" size="12">
                <color r="0" g="0" b="0" />
              </font>
            </style>
          </node>
          <node identifier="id-7842de35aa4248e6b0788806ad44253e" elementRef="id-7b511e92db6745b9b2793de14589ed1b" xsi:type="Element" x="2124" y="535" w="120" h="55">
            <style>
              <fillColor r="255" g="255" b="181" a="100" />
              <lineColor r="92" g="92" b="92" a="100" />
              <font name="Lucida Grande" size="12">
                <color r="0" g="0" b="0" />
              </font>
            </style>
          </node>
        </node>
        <node identifier="id-fdf6945145e6470dbc2511e022f09698" elementRef="id-34a20596520f48b4b97567e245b16c74" xsi:type="Element" x="12" y="103" w="120" h="55">
          <style>
            <fillColor r="255" g="255" b="181" a="100" />
            <lineColor r="92" g="92" b="92" a="100" />
            <font name="Lucida Grande" size="12">
              <color r="0" g="0" b="0" />
            </font>
          </style>
        </node>
        <node identifier="id-da15fde0275a44a382b4cdb5da9ecfb9" elementRef="id-23febb40228948dc95d3989dd0a77df9" xsi:type="Element" x="168" y="103" w="120" h="55">
          <style>
            <fillColor r="255" g="255" b="181" a="100" />
            <lineColor r="92" g="92" b="92" a="100" />
            <font name="Lucida Grande" size="12">
              <color r="0" g="0" b="0" />
            </font>
          </style>
        </node>
        <node identifier="id-b5fe6f84840c4b28b5f4c6c71e6f07c7" elementRef="id-8be4d3c0688e4115a31755db9c8af0d5" xsi:type="Element" x="12" y="7" w="176" h="56">
          <style>
            <fillColor r="255" g="255" b="181" a="100" />
            <lineColor r="92" g="92" b="92" a="100" />
            <font name="Lucida Grande" size="12">
              <color r="0" g="0" b="0" />
            </font>
          </style>
        </node>
        <node identifier="id-bcb6e72824d344bf9112c2531740150d" elementRef="id-a9289060d51d409b8fb079d5c4926fdd" xsi:type="Element" x="3396" y="247" w="120" h="55">
          <style>
            <fillColor r="255" g="255" b="181" a="100" />
            <lineColor r="92" g="92" b="92" a="100" />
            <font name="Lucida Grande" size="12">
              <color r="0" g="0" b="0" />
            </font>
          </style>
        </node>
        <connection identifier="id-497ac8384c5046389b349ca6d0f6894e" relationshipRef="id-2c2a4ebab6e04e58b6d51e0aa9b90c5a" xsi:type="Relationship" source="id-ded95017b5ee49de8e9c68f462987b8f" target="id-3d5cb261c70d42d496008c0c35d35275">
          <style>
            <lineColor r="0" g="0" b="0" />
            <font name="Lucida Grande" size="12">
              <color r="0" g="0" b="0" />
            </font>
          </style>
        </connection>
        <connection identifier="id-8e3cf094d3fe41348440466f1d83d57b" relationshipRef="id-301c2775d7e44838936d0a36323a7d74" xsi:type="Relationship" source="id-3d5cb261c70d42d496008c0c35d35275" target="id-27f0b7f734b84ad6a3272d1af8fabe91">
          <style>
            <lineColor r="0" g="0" b="0" />
            <font name="Lucida Grande" size="12">
              <color r="0" g="0" b="0" />
            </font>
          </style>
        </connection>
        <connection identifier="id-d72c7809b51e463e9636757f38d6059b" relationshipRef="id-4481235df7ce480c8881c1c50e103bba" xsi:type="Relationship" source="id-0ee90e23e78d48ec9fb7e9bb1d7b3c02" target="id-b7ef2bd3bfe449829d338e9812a8d5d7">
          <style>
            <lineColor r="0" g="0" b="0" />
            <font name="Lucida Grande" size="12">
              <color r="0" g="0" b="0" />
            </font>
          </style>
        </connection>
        <connection identifier="id-5c4ef707c5b442cbac415bacc182a34f" relationshipRef="id-1e052c7e1c844439acea82aa769fc95a" xsi:type="Relationship" source="id-b7ef2bd3bfe449829d338e9812a8d5d7" target="id-d52929922e9541ae9cff03a277580c5c">
          <style>
            <lineColor r="0" g="0" b="0" />
            <font name="Lucida Grande" size="12">
              <color r="0" g="0" b="0" />
            </font>
          </style>
        </connection>
        <connection identifier="id-72a23021ccb24e5382436185e072238b" relationshipRef="id-fdb76986415c4c80bb0371b3d1a52ec0" xsi:type="Relationship" source="id-27f0b7f734b84ad6a3272d1af8fabe91" target="id-e9dba7099e9d49f9964fd29caf93b193">
          <style>
            <lineColor r="0" g="0" b="0" />
            <font name="Lucida Grande" size="12">
              <color r="0" g="0" b="0" />
            </font>
          </style>
        </connection>
        <connection identifier="id-e570803150e7487d91b8a701cc010bf8" relationshipRef="id-6a0d18bdbe95462987ad5f9ed70faeff" xsi:type="Relationship" source="id-24ce26a5fed84d4492e6bf9d1636489e" target="id-03996a58366e425f8a6e226afc3bd5e2">
          <style>
            <lineColor r="0" g="0" b="0" />
            <font name="Lucida Grande" size="12">
              <color r="0" g="0" b="0" />
            </font>
          </style>
        </connection>
        <connection identifier="id-656d3d50df17437185f64018d11c38b9" relationshipRef="id-dea5d40ececb4a54ae4cd3010f412213" xsi:type="Relationship" source="id-9217cfe91abc40d19b418207e65ada15" target="id-7a36bb75378848098967b026de8327ac">
          <style>
            <lineColor r="0" g="0" b="0" />
            <font name="Lucida Grande" size="12">
              <color r="0" g="0" b="0" />
            </font>
          </style>
        </connection>
        <connection identifier="id-ac8a6fba6cda47ad9ac2a6d84f95a42e" relationshipRef="id-24623fb624e94c1c8ce7e1285a144224" xsi:type="Relationship" source="id-72f0069804e84078a4324648e1ecd5c2" target="id-9217cfe91abc40d19b418207e65ada15">
          <style>
            <lineColor r="0" g="0" b="0" />
            <font name="Lucida Grande" size="12">
              <color r="0" g="0" b="0" />
            </font>
          </style>
        </connection>
        <connection identifier="id-fa288ee6abdf4425b4b11be8051544d1" relationshipRef="id-42b91043c7394dc7ac8448255473f13d" xsi:type="Relationship" source="id-03996a58366e425f8a6e226afc3bd5e2" target="id-72f0069804e84078a4324648e1ecd5c2">
          <style>
            <lineColor r="0" g="0" b="0" />
            <font name="Lucida Grande" size="12">
              <color r="0" g="0" b="0" />
            </font>
          </style>
        </connection>
        <connection identifier="id-7912156a9ee2423ca0375e7dae851c73" relationshipRef="id-1a867322ee994511a7a6c2c0c71464b3" xsi:type="Relationship" source="id-0c8685d8ea7b461794446bac85e85915" target="id-f817334cfbe94d2395d29fed205d396f">
          <style>
            <lineColor r="0" g="0" b="0" />
            <font name="Lucida Grande" size="12">
              <color r="0" g="0" b="0" />
            </font>
          </style>
        </connection>
        <connection identifier="id-e6a458428a3b44e282f287f3dc68f64e" relationshipRef="id-57af0c22af634efb9b137a15086a5fcd" xsi:type="Relationship" source="id-d52929922e9541ae9cff03a277580c5c" target="id-0c8685d8ea7b461794446bac85e85915">
          <style>
            <lineColor r="0" g="0" b="0" />
            <font name="Lucida Grande" size="12">
              <color r="0" g="0" b="0" />
            </font>
          </style>
        </connection>
        <connection identifier="id-fa466dfac1494261b567559fca42c1bf" relationshipRef="id-4f968af07c2b480abff96a2bec3bd18f" xsi:type="Relationship" source="id-9cda81167c994a02982f8dd9b9182037" target="id-477fbd441cf346488c53749e75a0c6b4">
          <style>
            <lineColor r="0" g="0" b="0" />
            <font name="Lucida Grande" size="12">
              <color r="0" g="0" b="0" />
            </font>
          </style>
        </connection>
        <connection identifier="id-266aafb11fb84aff9ba4ebe4c09a8ac8" relationshipRef="id-68aad08a9bd84920a7ae8a4f6ad7520e" xsi:type="Relationship" source="id-477fbd441cf346488c53749e75a0c6b4" target="id-62998a97c4ed4f0bb239a2857da28b62">
          <style>
            <lineColor r="0" g="0" b="0" />
            <font name="Lucida Grande" size="12">
              <color r="0" g="0" b="0" />
            </font>
          </style>
        </connection>
        <connection identifier="id-e17bc44e4c7f4d8d80d9ab6807779f73" relationshipRef="id-41d2bdaa8b2242169c1849e96cd2ed8f" xsi:type="Relationship" source="id-3f0b1713508e4d74976f75670bccf529" target="id-e32661dc442f43a99e531bf7d94b9253">
          <style>
            <lineColor r="0" g="0" b="0" />
            <font name="Lucida Grande" size="12">
              <color r="0" g="0" b="0" />
            </font>
          </style>
        </connection>
        <connection identifier="id-83214e7527884c5094b751fefe26f303" relationshipRef="id-a7ad4bcf54f34510bf8a85f437e4f31d" xsi:type="Relationship" source="id-96ca2a9838444fb2a6d3826fb9200388" target="id-0c05216525d44ca2b6a8203c547589c6">
          <style>
            <lineColor r="0" g="0" b="0" />
            <font name="Lucida Grande" size="12">
              <color r="0" g="0" b="0" />
            </font>
          </style>
        </connection>
        <connection identifier="id-e49a762787094fccb09e0690d226b6b0" relationshipRef="id-844a40fd34f74918ad8396d1cb844fbe" xsi:type="Relationship" source="id-96ca2a9838444fb2a6d3826fb9200388" target="id-bcb6e72824d344bf9112c2531740150d">
          <style>
            <lineColor r="0" g="0" b="0" />
            <font name="Lucida Grande" size="12">
              <color r="0" g="0" b="0" />
            </font>
          </style>
        </connection>
        <connection identifier="id-b903a285d2664a8e8e68428026e1fb21" relationshipRef="id-061c32ded33a49bdb08567be56185a2c" xsi:type="Relationship" source="id-c25ad8194f124b869849afb694088026" target="id-67dbec9fd1384a3292afef0eda1e9b87">
          <style>
            <lineColor r="0" g="0" b="0" />
            <font name="Lucida Grande" size="12">
              <color r="0" g="0" b="0" />
            </font>
          </style>
        </connection>
        <connection identifier="id-c02cb4051f3047cf9d4d8961977884ef" relationshipRef="id-6658e6722779434c8817b279cec876a8" xsi:type="Relationship" source="id-7001a36d28ed4f99ab4645371ca30465" target="id-4861e5305f29420c900b0811ab930657">
          <style>
            <lineColor r="0" g="0" b="0" />
            <font name="Lucida Grande" size="12">
              <color r="0" g="0" b="0" />
            </font>
          </style>
        </connection>
        <connection identifier="id-c233771715c741efbc99c7d506190161" relationshipRef="id-7df1abda54fc4547a5449c043dcfc766" xsi:type="Relationship" source="id-4861e5305f29420c900b0811ab930657" target="id-45b4fe0aeeb34e198d3b97beff9b321c">
          <style>
            <lineColor r="0" g="0" b="0" />
            <font name="Lucida Grande" size="12">
              <color r="0" g="0" b="0" />
            </font>
          </style>
        </connection>
        <connection identifier="id-ca176517fca846cbb4c09f9cc8a9abea" relationshipRef="id-2927b7bb5f5c4e18a2b52b960ff70fa8" xsi:type="Relationship" source="id-67dbec9fd1384a3292afef0eda1e9b87" target="id-d003427509774bb2b19960165d5c9aa8">
          <style>
            <lineColor r="0" g="0" b="0" />
            <font name="Lucida Grande" size="12">
              <color r="0" g="0" b="0" />
            </font>
          </style>
        </connection>
        <connection identifier="id-7fece5af17984d8eb0cf6b4328758ea0" relationshipRef="id-61bf8c8d56464e4dadbd643315539cec" xsi:type="Relationship" source="id-d003427509774bb2b19960165d5c9aa8" target="id-c5a8e332a94e4fd3ab9e8a5b6c852dc4">
          <style>
            <lineColor r="0" g="0" b="0" />
            <font name="Lucida Grande" size="12">
              <color r="0" g="0" b="0" />
            </font>
          </style>
        </connection>
        <connection identifier="id-cad5b00b3581417383fccec61cdf8e27" relationshipRef="id-e337d779405e43d19e4740519cb088a5" xsi:type="Relationship" source="id-c637123d01614506bacd2ea8dea5859e" target="id-de674538f885477e9e6faf7cf0fccf07">
          <style>
            <lineColor r="0" g="0" b="0" />
            <font name="Lucida Grande" size="12">
              <color r="0" g="0" b="0" />
            </font>
          </style>
        </connection>
        <connection identifier="id-a8bdfc624a474860a3f6ef5bd300ac88" relationshipRef="id-654ff22c29214a0085754c19e0523107" xsi:type="Relationship" source="id-c6fe3de2c3544c058a44d2a490c6b4a0" target="id-2e7e129ff1234445ab39caef2d6a42ea">
          <style>
            <lineColor r="0" g="0" b="0" />
            <font name="Lucida Grande" size="12">
              <color r="0" g="0" b="0" />
            </font>
          </style>
        </connection>
        <connection identifier="id-abee0c91f61541a891e386aac4fb13a9" relationshipRef="id-2aa04f44072244658962907e0ce07c10" xsi:type="Relationship" source="id-c6fe3de2c3544c058a44d2a490c6b4a0" target="id-07c4b81c02ea4b95ad13d47d8c20d6e5">
          <style>
            <lineColor r="0" g="0" b="0" />
            <font name="Lucida Grande" size="12">
              <color r="0" g="0" b="0" />
            </font>
          </style>
        </connection>
        <connection identifier="id-c60a5c403b51412cae16012c16b0c06d" relationshipRef="id-625f9aa595614ad19075bc380482b317" xsi:type="Relationship" source="id-07c4b81c02ea4b95ad13d47d8c20d6e5" target="id-d003427509774bb2b19960165d5c9aa8">
          <style>
            <lineColor r="0" g="0" b="0" />
            <font name="Lucida Grande" size="12">
              <color r="0" g="0" b="0" />
            </font>
          </style>
        </connection>
        <connection identifier="id-6af5896417144942ade8c17fef771318" relationshipRef="id-b5202ed974b14a48ac268ae31101ec91" xsi:type="Relationship" source="id-07c4b81c02ea4b95ad13d47d8c20d6e5" target="id-c5a8e332a94e4fd3ab9e8a5b6c852dc4">
          <style>
            <lineColor r="0" g="0" b="0" />
            <font name="Lucida Grande" size="12">
              <color r="0" g="0" b="0" />
            </font>
          </style>
        </connection>
        <connection identifier="id-433f09af93aa4594b4a628761f32f473" relationshipRef="id-370e47e518e04d50b0b58c8c5b02935c" xsi:type="Relationship" source="id-2e7e129ff1234445ab39caef2d6a42ea" target="id-c25ad8194f124b869849afb694088026">
          <style>
            <lineColor r="0" g="0" b="0" />
            <font name="Lucida Grande" size="12">
              <color r="0" g="0" b="0" />
            </font>
          </style>
        </connection>
        <connection identifier="id-8c18edc7d5df46228d6dd29e6c87ac33" relationshipRef="id-73985f6803534494bacd3dbfe062f342" xsi:type="Relationship" source="id-b2eef11debcb46b8a0181053b379d8b9" target="id-27f0b7f734b84ad6a3272d1af8fabe91">
          <style>
            <lineColor r="0" g="0" b="0" />
            <font name="Lucida Grande" size="12">
              <color r="0" g="0" b="0" />
            </font>
          </style>
        </connection>
        <connection identifier="id-4d2af59e31f149c7adfb6c0b3de027f3" relationshipRef="id-26717cf10bf44091ae34576242759db7" xsi:type="Relationship" source="id-e9dba7099e9d49f9964fd29caf93b193" target="id-d52929922e9541ae9cff03a277580c5c">
          <style>
            <lineColor r="0" g="0" b="0" />
            <font name="Lucida Grande" size="12">
              <color r="0" g="0" b="0" />
            </font>
          </style>
        </connection>
        <connection identifier="id-491cb1a344484e25ae35250f7a8a43e2" relationshipRef="id-aacd8e487c8e471999669c4825f4158c" xsi:type="Relationship" source="id-f817334cfbe94d2395d29fed205d396f" target="id-96ca2a9838444fb2a6d3826fb9200388">
          <style>
            <lineColor r="0" g="0" b="0" />
            <font name="Lucida Grande" size="12">
              <color r="0" g="0" b="0" />
            </font>
          </style>
        </connection>
        <connection identifier="id-ced7a3099c074eb0800493da24902215" relationshipRef="id-9fdc253f6cc94391b3a12860a1d96420" xsi:type="Relationship" source="id-65eaa3f24072419da5830049e001ae6f" target="id-9217cfe91abc40d19b418207e65ada15">
          <style>
            <lineColor r="0" g="0" b="0" />
            <font name="Lucida Grande" size="12">
              <color r="0" g="0" b="0" />
            </font>
          </style>
        </connection>
        <connection identifier="id-95f3420eaddd45b088e23e428634fce3" relationshipRef="id-323209085803400fa9d51a5a51d35e45" xsi:type="Relationship" source="id-65eaa3f24072419da5830049e001ae6f" target="id-002fdcc71acd44bd82be5f8c6cce1ef4">
          <style>
            <lineColor r="0" g="0" b="0" />
            <font name="Lucida Grande" size="12">
              <color r="0" g="0" b="0" />
            </font>
          </style>
        </connection>
        <connection identifier="id-60ec6eed7d4445bbb545513e22b26747" relationshipRef="id-0a9707846e5d4af2a6cdb53a5ea77646" xsi:type="Relationship" source="id-65eaa3f24072419da5830049e001ae6f" target="id-23565aa8e72141379a64fbf6fa258477">
          <style>
            <lineColor r="0" g="0" b="0" />
            <font name="Lucida Grande" size="12">
              <color r="0" g="0" b="0" />
            </font>
          </style>
        </connection>
        <connection identifier="id-9bfd5261b8964f15b8569d3deac75f43" relationshipRef="id-769fc10e5cd647ac80138367b97bf5e8" xsi:type="Relationship" source="id-cc5526c1000849599a5897832fb9760f" target="id-62998a97c4ed4f0bb239a2857da28b62">
          <style>
            <lineColor r="0" g="0" b="0" />
            <font name="Lucida Grande" size="12">
              <color r="0" g="0" b="0" />
            </font>
          </style>
        </connection>
        <connection identifier="id-1cb4cf9102974ecc953530aebfeff76b" relationshipRef="id-795a67960dbb45418ef7238c95f8790c" xsi:type="Relationship" source="id-7842de35aa4248e6b0788806ad44253e" target="id-c637123d01614506bacd2ea8dea5859e">
          <style>
            <lineColor r="0" g="0" b="0" />
            <font name="Lucida Grande" size="12">
              <color r="0" g="0" b="0" />
            </font>
          </style>
        </connection>
        <connection identifier="id-dc2c84a5b5e7400f92ec80cb222fad02" relationshipRef="id-d84592d48aab4b0bbb6684bc09ec0dc5" xsi:type="Relationship" source="id-7842de35aa4248e6b0788806ad44253e" target="id-57ef3e52bc944198bbb72fe247d9bdf4">
          <style>
            <lineColor r="0" g="0" b="0" />
            <font name="Lucida Grande" size="12">
              <color r="0" g="0" b="0" />
            </font>
          </style>
        </connection>
        <connection identifier="id-60256bfae2ab4b3fa3c3dd6ddc84fc5a" relationshipRef="id-fb264627007743a78f4ad992c60cce4a" xsi:type="Relationship" source="id-fdf6945145e6470dbc2511e022f09698" target="id-b2eef11debcb46b8a0181053b379d8b9">
          <style>
            <lineColor r="0" g="0" b="0" />
            <font name="Lucida Grande" size="12">
              <color r="0" g="0" b="0" />
            </font>
          </style>
        </connection>
        <connection identifier="id-9d27d8b73dd846afbccb62b56064ed00" relationshipRef="id-d6b1943e2aff46bfa0e77988021c72ca" xsi:type="Relationship" source="id-da15fde0275a44a382b4cdb5da9ecfb9" target="id-b2eef11debcb46b8a0181053b379d8b9">
          <style>
            <lineColor r="0" g="0" b="0" />
            <font name="Lucida Grande" size="12">
              <color r="0" g="0" b="0" />
            </font>
          </style>
        </connection>
        <connection identifier="id-857f997342bd4bb6be42398bf79a2625" relationshipRef="id-8370c5b55ad14662851c97964f6890b4" xsi:type="Relationship" source="id-b5fe6f84840c4b28b5f4c6c71e6f07c7" target="id-fdf6945145e6470dbc2511e022f09698">
          <style>
            <lineColor r="0" g="0" b="0" />
            <font name="Lucida Grande" size="12">
              <color r="0" g="0" b="0" />
            </font>
          </style>
        </connection>
      </view>
    </diagrams>
  </views>
</model>
