<?xml version="1.0" encoding="UTF-8"?>
<model xmlns="http://www.opengroup.org/xsd/archimate/3.0/" xmlns:xsi="http://www.w3.org/2001/XMLSchema-instance" xsi:schemaLocation="http://www.opengroup.org/xsd/archimate/3.0/ http://www.opengroup.org/xsd/archimate/3.1/archimate3_Diagram.xsd" identifier="id-506132fa">
  <name>6a Page Controller</name>
  <elements>
    <element identifier="ea2d02f7-e2af-43ee-a688-035d03f29d98" xsi:type="ApplicationEvent">
      <name>event 1</name>
    </element>
    <element identifier="id-4acb7a53-90ad-4996-9cd6-f7a982af1e7b" xsi:type="ApplicationEvent">
      <name>event 2</name>
    </element>
    <element identifier="id-1a86b54e-675b-4dee-9e89-c5a2533305e2" xsi:type="ApplicationEvent">
      <name>event 3</name>
    </element>
    <element identifier="id-64adf08c-0dbf-49f2-9473-d08feabb1267" xsi:type="DataObject">
      <name>UI view representation</name>
    </element>
    <element identifier="id-639deb79-6f4a-47af-b9dd-580c3683b16e" xsi:type="DataObject">
      <name>HTML</name>
    </element>
    <element identifier="e1b4f4eb-c5eb-413e-be4d-e460a735ba77" xsi:type="DataObject">
      <name>screen view</name>
    </element>
    <element identifier="id-8f487df8-f212-48c2-a15f-c853cfd282cd" xsi:type="DataObject">
      <name>entity 1</name>
    </element>
    <element identifier="id-1d357bec-2b0e-40b6-b2ca-f7d3f962e8fb" xsi:type="DataObject">
      <name>entity 2</name>
    </element>
    <element identifier="id-4cc15606-89f3-4462-8acb-cdd01f819124" xsi:type="DataObject">
      <name>entity 3</name>
    </element>
    <element identifier="bebe78d3-5b6c-46b1-88d4-011a3c546977" xsi:type="DataObject">
      <name>entity 4</name>
    </element>
    <element identifier="id-6604d3c5-580c-4e7b-87a7-bce968a1c1ba" xsi:type="DataObject">
      <name>entity 5</name>
    </element>
    <element identifier="id-6110c69a-2d59-4b9b-a135-eab588fba0f2" xsi:type="DataObject">
      <name>entity 6</name>
    </element>
    <element identifier="c6e7a0b6-c8ac-4840-8d28-d9c1ca5c9879" xsi:type="ApplicationComponent">
      <name>class Page 1 controller</name>
    </element>
    <element identifier="id-95cfcb93-9561-4c94-964d-b8c19dd1838c" xsi:type="ApplicationComponent">
      <name>class Page 2 controller</name>
    </element>
    <element identifier="id-9b7dc4f9-49c6-4fde-867f-eeb7e614530e" xsi:type="ApplicationComponent">
      <name>class Page 3 controller</name>
    </element>
    <element identifier="id-10fe8cef-8502-47dc-aa26-87acaaa39d1f" xsi:type="DataObject">
      <name>HTML</name>
    </element>
    <element identifier="id-9faf15f4-e2ea-4d5a-acbf-d0ca76128a62" xsi:type="Grouping">
      <name>Views</name>
    </element>
    <element identifier="b40a26d0-a679-43fc-8ddc-4baf57ae4904" xsi:type="Grouping">
      <name>view for desctop</name>
    </element>
    <element identifier="a1b8ef34-e1b6-4bbd-a60f-b286bf0c08c6" xsi:type="Grouping">
      <name>view for web</name>
    </element>
    <element identifier="cda65289-c28f-4038-a9d8-7d3598f7de5a" xsi:type="Grouping">
      <name>view for mobile client</name>
    </element>
    <element identifier="id-56972a30-0122-4e69-b481-6a5bc0f335dc" xsi:type="Grouping">
      <name>Controllers</name>
    </element>
    <element identifier="c492cfcb-7477-4be0-97f0-c2bbeba8a268" xsi:type="Grouping">
      <name>editable behavior</name>
      <documentation />
    </element>
    <element identifier="id-3ea46d51-ca31-4f5d-b57d-ad8f1ebb79eb" xsi:type="Grouping">
      <name>non-editable behavior</name>
    </element>
    <element identifier="id-465176a3-64f2-4ee0-9dc1-83ad0b10c2ed" xsi:type="Grouping">
      <name>Model</name>
    </element>
    <element identifier="id-4ee50d59-56fa-4556-8705-f97e27e605dc" xsi:type="Grouping">
      <name>some mapping classes</name>
    </element>
    <element identifier="id-7991d090-9608-4f07-88ee-9620027d47a4" xsi:type="Grouping">
      <name>database</name>
    </element>
    <element identifier="id-3e234b76-f9fc-4b8a-97ae-7f2fd427248b" xsi:type="Grouping">
      <name>Views</name>
    </element>
    <element identifier="id-21d4b7db-86a1-4312-9bf5-183dbbb949d9" xsi:type="Grouping">
      <name>view for desctop</name>
    </element>
    <element identifier="id-521f0238-9e0b-4873-916a-3b25edec2133" xsi:type="Grouping">
      <name>view for web</name>
    </element>
    <element identifier="id-00ea4a81-33ab-4fe6-a16b-3401fffa2252" xsi:type="Grouping">
      <name>view for mobile client</name>
    </element>
  </elements>
  <relationships>
    <relationship identifier="id-646ca6bd-af91-40c8-bb9a-b63e75661a3f" source="id-7991d090-9608-4f07-88ee-9620027d47a4" target="id-6604d3c5-580c-4e7b-87a7-bce968a1c1ba" xsi:type="Composition" />
    <relationship identifier="id-9d77ccf5-f629-43b4-ba9a-d2707d6fdf04" source="id-6110c69a-2d59-4b9b-a135-eab588fba0f2" target="id-4cc15606-89f3-4462-8acb-cdd01f819124" xsi:type="Association" />
    <relationship identifier="id-8e5d2871-dc9b-4143-a818-33ff6afdb213" source="id-4ee50d59-56fa-4556-8705-f97e27e605dc" target="id-7991d090-9608-4f07-88ee-9620027d47a4" xsi:type="Access" accessType="Write" />
    <relationship identifier="id-8a93172b-ebbd-4e1c-a618-a1980102f10b" source="id-1d357bec-2b0e-40b6-b2ca-f7d3f962e8fb" target="id-4cc15606-89f3-4462-8acb-cdd01f819124" xsi:type="Association" />
    <relationship identifier="id-8e758455-93b0-41ef-a5d2-30f4f448ea64" source="id-9faf15f4-e2ea-4d5a-acbf-d0ca76128a62" target="a1b8ef34-e1b6-4bbd-a60f-b286bf0c08c6" xsi:type="Composition" />
    <relationship identifier="id-50fafe7d-9fdb-4850-8bc5-f3b0786ebbbd" source="id-56972a30-0122-4e69-b481-6a5bc0f335dc" target="id-465176a3-64f2-4ee0-9dc1-83ad0b10c2ed" xsi:type="Access" accessType="Write" />
    <relationship identifier="eb0d1d59-4e2e-476c-8905-234a00c38849" source="id-7991d090-9608-4f07-88ee-9620027d47a4" target="id-6110c69a-2d59-4b9b-a135-eab588fba0f2" xsi:type="Composition" />
    <relationship identifier="fae9cb72-179e-461e-9421-eaabe0a2ca51" source="id-9faf15f4-e2ea-4d5a-acbf-d0ca76128a62" target="id-639deb79-6f4a-47af-b9dd-580c3683b16e" xsi:type="Triggering" />
    <relationship identifier="c2381cf9-d639-4f9d-8afb-c210f1ffde5b" source="id-56972a30-0122-4e69-b481-6a5bc0f335dc" target="id-9faf15f4-e2ea-4d5a-acbf-d0ca76128a62" xsi:type="Access" accessType="Write">
      <name>command for update view</name>
    </relationship>
    <relationship identifier="a909e930-ef70-4b39-ab20-38e4628670ce" source="id-7991d090-9608-4f07-88ee-9620027d47a4" target="id-1d357bec-2b0e-40b6-b2ca-f7d3f962e8fb" xsi:type="Composition" />
    <relationship identifier="d454d131-0e0c-4c41-af47-8b5533afe07f" source="id-7991d090-9608-4f07-88ee-9620027d47a4" target="id-8f487df8-f212-48c2-a15f-c853cfd282cd" xsi:type="Composition" />
    <relationship identifier="id-63d95244-d492-4303-8eb3-30c2a93752a4" source="id-9faf15f4-e2ea-4d5a-acbf-d0ca76128a62" target="id-64adf08c-0dbf-49f2-9473-d08feabb1267" xsi:type="Triggering" />
    <relationship identifier="id-7f473f4e-2b94-4790-a783-77c4d51754c5" source="ea2d02f7-e2af-43ee-a688-035d03f29d98" target="id-56972a30-0122-4e69-b481-6a5bc0f335dc" xsi:type="Triggering" />
    <relationship identifier="id-79923a6d-1f5a-4b86-a901-dda9d9081e99" source="id-8f487df8-f212-48c2-a15f-c853cfd282cd" target="id-6110c69a-2d59-4b9b-a135-eab588fba0f2" xsi:type="Association" />
    <relationship identifier="b6a17d33-d1d1-46c1-b712-77f8a9b958ed" source="id-9faf15f4-e2ea-4d5a-acbf-d0ca76128a62" target="b40a26d0-a679-43fc-8ddc-4baf57ae4904" xsi:type="Composition" />
    <relationship identifier="a0c4042d-e7fd-4b8e-ac99-bf3f7019a4b2" source="id-6110c69a-2d59-4b9b-a135-eab588fba0f2" target="id-6604d3c5-580c-4e7b-87a7-bce968a1c1ba" xsi:type="Association" />
    <relationship identifier="c5ed30a9-ae1c-4dc0-bca8-026e20bcb57d" source="id-56972a30-0122-4e69-b481-6a5bc0f335dc" target="c492cfcb-7477-4be0-97f0-c2bbeba8a268" xsi:type="Composition" />
    <relationship identifier="id-32147b49-2df4-4dfa-b890-acd492002ba1" source="id-9faf15f4-e2ea-4d5a-acbf-d0ca76128a62" target="cda65289-c28f-4038-a9d8-7d3598f7de5a" xsi:type="Composition" />
    <relationship identifier="id-96cbbda2-82f4-4cc6-91a8-b96a49178de1" source="id-8f487df8-f212-48c2-a15f-c853cfd282cd" target="id-1d357bec-2b0e-40b6-b2ca-f7d3f962e8fb" xsi:type="Association" />
    <relationship identifier="id-681a6492-e62d-4cfb-be5c-acc4463e3aa5" source="bebe78d3-5b6c-46b1-88d4-011a3c546977" target="id-4cc15606-89f3-4462-8acb-cdd01f819124" xsi:type="Association" />
    <relationship identifier="bec928ac-d969-4514-8361-fb64f774494e" source="id-9faf15f4-e2ea-4d5a-acbf-d0ca76128a62" target="id-56972a30-0122-4e69-b481-6a5bc0f335dc" xsi:type="Access" accessType="Write" />
    <relationship identifier="id-80904c82-733f-4b45-89ff-62eda3f14925" source="id-8f487df8-f212-48c2-a15f-c853cfd282cd" target="bebe78d3-5b6c-46b1-88d4-011a3c546977" xsi:type="Association" />
    <relationship identifier="d2941b20-cd20-45bc-aac1-4d44743740d2" source="id-6604d3c5-580c-4e7b-87a7-bce968a1c1ba" target="bebe78d3-5b6c-46b1-88d4-011a3c546977" xsi:type="Association" />
    <relationship identifier="a7b17079-6b66-4c51-b29f-4bed3dc98387" source="id-1a86b54e-675b-4dee-9e89-c5a2533305e2" target="id-56972a30-0122-4e69-b481-6a5bc0f335dc" xsi:type="Triggering" />
    <relationship identifier="id-6c59e9cf-06bd-4099-8096-ab3804b1a625" source="id-7991d090-9608-4f07-88ee-9620027d47a4" target="id-4cc15606-89f3-4462-8acb-cdd01f819124" xsi:type="Composition" />
    <relationship identifier="d8d23cdb-9c5a-45e6-b130-7bf285c5db75" source="id-7991d090-9608-4f07-88ee-9620027d47a4" target="bebe78d3-5b6c-46b1-88d4-011a3c546977" xsi:type="Composition" />
    <relationship identifier="fb652a37-c13f-4bdf-b688-a69a95564bb4" source="id-465176a3-64f2-4ee0-9dc1-83ad0b10c2ed" target="id-4ee50d59-56fa-4556-8705-f97e27e605dc" xsi:type="Access" accessType="Write" />
    <relationship identifier="id-3b5fa87d-6376-41a8-8d88-5d0cb7c29d87" source="id-9faf15f4-e2ea-4d5a-acbf-d0ca76128a62" target="e1b4f4eb-c5eb-413e-be4d-e460a735ba77" xsi:type="Triggering" />
    <relationship identifier="e6e8f371-8700-4e6d-8db3-30e39e83d016" source="id-9faf15f4-e2ea-4d5a-acbf-d0ca76128a62" target="id-465176a3-64f2-4ee0-9dc1-83ad0b10c2ed" xsi:type="Access" accessType="Write" />
    <relationship identifier="d60f228d-cdf6-457f-a2ca-687c177a986b" source="id-4acb7a53-90ad-4996-9cd6-f7a982af1e7b" target="id-56972a30-0122-4e69-b481-6a5bc0f335dc" xsi:type="Triggering" />
    <relationship identifier="id-3d930139-ba37-42fe-8374-5e3c4e4ba03a" source="id-56972a30-0122-4e69-b481-6a5bc0f335dc" target="id-3ea46d51-ca31-4f5d-b57d-ad8f1ebb79eb" xsi:type="Composition" />
    <relationship identifier="bf22f8d4-4a60-4506-a0b1-5b23fc068bcf" source="ea2d02f7-e2af-43ee-a688-035d03f29d98" target="c6e7a0b6-c8ac-4840-8d28-d9c1ca5c9879" xsi:type="Triggering" />
    <relationship identifier="fefd6b3d-485d-4dda-9cff-9398b4a69f05" source="id-4acb7a53-90ad-4996-9cd6-f7a982af1e7b" target="id-95cfcb93-9561-4c94-964d-b8c19dd1838c" xsi:type="Triggering" />
    <relationship identifier="id-3141f4d8-6860-47c7-9fee-3e85d4e1e8b0" source="id-1a86b54e-675b-4dee-9e89-c5a2533305e2" target="id-9b7dc4f9-49c6-4fde-867f-eeb7e614530e" xsi:type="Triggering" />
    <relationship identifier="id-9b35fba5-b85d-4e30-b293-d5172e3acbfc" source="c6e7a0b6-c8ac-4840-8d28-d9c1ca5c9879" target="id-465176a3-64f2-4ee0-9dc1-83ad0b10c2ed" xsi:type="Flow" />
    <relationship identifier="id-77df140c-80e7-49f7-b2b1-7cb87d829aca" source="id-95cfcb93-9561-4c94-964d-b8c19dd1838c" target="id-465176a3-64f2-4ee0-9dc1-83ad0b10c2ed" xsi:type="Flow" />
    <relationship identifier="id-69c86fcb-6c3b-4686-adc7-eff9d94cd327" source="id-9b7dc4f9-49c6-4fde-867f-eeb7e614530e" target="id-465176a3-64f2-4ee0-9dc1-83ad0b10c2ed" xsi:type="Flow" />
    <relationship identifier="id-23f9ab2b-b9c1-4f20-963b-082b177e85fd" source="id-3e234b76-f9fc-4b8a-97ae-7f2fd427248b" target="id-21d4b7db-86a1-4312-9bf5-183dbbb949d9" xsi:type="Composition" />
    <relationship identifier="id-1f344b37-67fc-4849-8fb3-aae51f32e4bc" source="id-3e234b76-f9fc-4b8a-97ae-7f2fd427248b" target="id-10fe8cef-8502-47dc-aa26-87acaaa39d1f" xsi:type="Triggering" />
    <relationship identifier="id-60b2393b-020e-46ab-8816-94dd5d94c1b5" source="id-3e234b76-f9fc-4b8a-97ae-7f2fd427248b" target="id-521f0238-9e0b-4873-916a-3b25edec2133" xsi:type="Composition" />
    <relationship identifier="id-8db3e13b-511a-44c1-b71e-ab1646cf1deb" source="id-3e234b76-f9fc-4b8a-97ae-7f2fd427248b" target="id-00ea4a81-33ab-4fe6-a16b-3401fffa2252" xsi:type="Composition" />
    <relationship identifier="id-87f57e17-b7e3-4f6d-8b4e-5293fd5014d2" source="c6e7a0b6-c8ac-4840-8d28-d9c1ca5c9879" target="id-3e234b76-f9fc-4b8a-97ae-7f2fd427248b" xsi:type="Flow" />
    <relationship identifier="id-7a15315c-0adf-45a7-b68c-ff82bf359f6a" source="id-3e234b76-f9fc-4b8a-97ae-7f2fd427248b" target="id-465176a3-64f2-4ee0-9dc1-83ad0b10c2ed" xsi:type="Flow" />
  </relationships>
  <views>
    <diagrams>
      <view identifier="id-8a6b0e40" xsi:type="Diagram">
        <name>Page Controller</name>
        <node identifier="id-848edbb4-84e1-4751-b005-89ee286a960b" x="246" y="389" w="1966" h="791" xsi:type="Container">
          <label>presentation</label>
          <style>
            <fillColor r="199" g="225" b="226" a="100" />
            <lineColor r="255" g="0" b="0" a="100" />
            <font name="Lucida Grande" size="12">
              <color r="255" g="0" b="0" />
            </font>
          </style>
          <node identifier="id-995a67ed-6ab6-4adf-887b-379270862715" elementRef="ea2d02f7-e2af-43ee-a688-035d03f29d98" xsi:type="Element" x="1344" y="561" w="120" h="55">
            <style>
              <fillColor r="181" g="255" b="255" a="100" />
              <lineColor r="92" g="92" b="92" a="100" />
              <font name="Lucida Grande" size="12">
                <color r="0" g="0" b="0" />
              </font>
            </style>
          </node>
          <node identifier="cfedaca3-58b3-48ee-90a5-f111c3f9ae4a" elementRef="id-4acb7a53-90ad-4996-9cd6-f7a982af1e7b" xsi:type="Element" x="1486" y="561" w="120" h="55">
            <style>
              <fillColor r="181" g="255" b="255" a="100" />
              <lineColor r="92" g="92" b="92" a="100" />
              <font name="Lucida Grande" size="12">
                <color r="0" g="0" b="0" />
              </font>
            </style>
          </node>
          <node identifier="id-4fbfa8ea-5161-4dcd-a34e-f93105cc253f" elementRef="id-1a86b54e-675b-4dee-9e89-c5a2533305e2" xsi:type="Element" x="1628" y="561" w="120" h="55">
            <style>
              <fillColor r="181" g="255" b="255" a="100" />
              <lineColor r="92" g="92" b="92" a="100" />
              <font name="Lucida Grande" size="12">
                <color r="0" g="0" b="0" />
              </font>
            </style>
          </node>
          <node identifier="id-28eed42a-cf5c-4049-97a8-04dc3cb890a9" xsi:type="Label" x="1332" y="753" w="143" h="80">
            <label>URL alias and some data from web-form</label>
            <style>
              <fillColor r="255" g="255" b="255" a="100" />
              <lineColor r="92" g="92" b="92" a="100" />
              <font name="Lucida Grande" size="12">
                <color r="0" g="0" b="0" />
              </font>
            </style>
          </node>
          <node identifier="id-3cd637ef-691e-4a84-a6ba-8746249f3175" xsi:type="Label" x="1337" y="643" w="417" h="80">
            <label>each event is processed by its own controller</label>
            <style>
              <fillColor r="255" g="255" b="255" a="100" />
              <lineColor r="92" g="92" b="92" a="100" />
              <font name="Lucida Grande" size="12">
                <color r="255" g="0" b="0" />
              </font>
            </style>
          </node>
          <node identifier="id-14627091-518a-4474-ba2c-02b08e66e827" xsi:type="Label" x="1436" y="489" w="185" h="55">
            <label>event, for example some http request</label>
            <style>
              <fillColor r="255" g="255" b="255" a="100" />
              <lineColor r="92" g="92" b="92" a="100" />
              <font name="Lucida Grande" size="12">
                <color r="0" g="0" b="0" />
              </font>
            </style>
          </node>
          <node identifier="id-3b66b3e6-4925-4341-9518-6b76b159d018" elementRef="c6e7a0b6-c8ac-4840-8d28-d9c1ca5c9879" xsi:type="Element" x="1344" y="869" w="120" h="55">
            <style>
              <fillColor r="181" g="255" b="255" a="100" />
              <lineColor r="92" g="92" b="92" a="100" />
              <font name="Lucida Grande" size="12">
                <color r="255" g="0" b="0" />
              </font>
            </style>
          </node>
          <node identifier="id-26254d90-8158-4b00-b0f3-d41f6d0d80b5" elementRef="id-95cfcb93-9561-4c94-964d-b8c19dd1838c" xsi:type="Element" x="1486" y="869" w="120" h="55">
            <style>
              <fillColor r="181" g="255" b="255" a="100" />
              <lineColor r="92" g="92" b="92" a="100" />
              <font name="Lucida Grande" size="12">
                <color r="0" g="0" b="0" />
              </font>
            </style>
          </node>
          <node identifier="id-2e4c0174-9a24-42c5-8b83-5f3e6e772943" elementRef="id-9b7dc4f9-49c6-4fde-867f-eeb7e614530e" xsi:type="Element" x="1628" y="869" w="120" h="55">
            <style>
              <fillColor r="181" g="255" b="255" a="100" />
              <lineColor r="92" g="92" b="92" a="100" />
              <font name="Lucida Grande" size="12">
                <color r="0" g="0" b="0" />
              </font>
            </style>
          </node>
          <node identifier="ddaee0cf-c833-4266-af7f-d83a0395edeb" elementRef="id-3e234b76-f9fc-4b8a-97ae-7f2fd427248b" xsi:type="Element" x="686" y="779" w="404" h="191">
            <style>
              <fillColor r="255" g="255" b="255" a="100" />
              <lineColor r="92" g="92" b="92" a="100" />
              <font name="Lucida Grande" size="12">
                <color r="0" g="0" b="0" />
              </font>
            </style>
          </node>
          <node identifier="id-9d98029b-fff9-4f37-b82a-08c2dffd766e" elementRef="id-10fe8cef-8502-47dc-aa26-87acaaa39d1f" xsi:type="Element" x="826" y="561" w="120" h="55">
            <style>
              <fillColor r="181" g="255" b="255" a="100" />
              <lineColor r="92" g="92" b="92" a="100" />
              <font name="Lucida Grande" size="12">
                <color r="0" g="0" b="0" />
              </font>
            </style>
          </node>
        </node>
        <node identifier="id-7e089bcc-94e2-4677-9d9a-b76720862e80" x="246" y="1234" w="1966" h="791" xsi:type="Container">
          <label>domain</label>
          <style>
            <fillColor r="206" g="219" b="211" a="100" />
            <lineColor r="92" g="92" b="92" a="100" />
            <font name="Lucida Grande" size="12">
              <color r="0" g="0" b="0" />
            </font>
          </style>
          <node identifier="id-6e79784a-17ad-40b2-8342-4b548772acc3" elementRef="id-465176a3-64f2-4ee0-9dc1-83ad0b10c2ed" xsi:type="Element" x="966" y="1474" w="404" h="370">
            <style>
              <fillColor r="255" g="255" b="255" a="100" />
              <lineColor r="92" g="92" b="92" a="100" />
              <font name="Lucida Grande" size="12">
                <color r="0" g="0" b="0" />
              </font>
            </style>
          </node>
        </node>
        <node identifier="c53aa9e2-d4c2-4fbd-9825-14455a0480e5" x="246" y="2084" w="1966" h="791" xsi:type="Container">
          <label>data source</label>
          <style>
            <fillColor r="216" g="209" b="215" a="100" />
            <lineColor r="92" g="92" b="92" a="100" />
            <font name="Lucida Grande" size="12">
              <color r="0" g="0" b="0" />
            </font>
          </style>
          <node identifier="id-4152b16e-d876-4178-9d44-d8858b141b04" elementRef="id-4ee50d59-56fa-4556-8705-f97e27e605dc" xsi:type="Element" x="306" y="2134" w="1856" h="340">
            <style>
              <fillColor r="255" g="255" b="255" a="100" />
              <lineColor r="92" g="92" b="92" a="100" />
              <font name="Lucida Grande" size="12">
                <color r="0" g="0" b="0" />
              </font>
            </style>
          </node>
          <node identifier="id-72f3315e-7f3f-433c-9a3e-3b9174e265c7" elementRef="id-7991d090-9608-4f07-88ee-9620027d47a4" xsi:type="Element" x="306" y="2514" w="1856" h="340">
            <style>
              <fillColor r="255" g="255" b="255" a="100" />
              <lineColor r="92" g="92" b="92" a="100" />
              <font name="Lucida Grande" size="12">
                <color r="0" g="0" b="0" />
              </font>
            </style>
            <node identifier="id-861b2101-ed09-4d07-bc49-fc0c0c872f4d" elementRef="id-8f487df8-f212-48c2-a15f-c853cfd282cd" xsi:type="Element" x="852" y="2740" w="120" h="55">
              <style>
                <fillColor r="181" g="255" b="255" a="100" />
                <lineColor r="92" g="92" b="92" a="100" />
                <font name="Lucida Grande" size="12">
                  <color r="0" g="0" b="0" />
                </font>
              </style>
            </node>
            <node identifier="id-306a7061-65d3-46c8-99cb-8d3fcb01bc4e" elementRef="id-1d357bec-2b0e-40b6-b2ca-f7d3f962e8fb" xsi:type="Element" x="966" y="2644" w="120" h="55">
              <style>
                <fillColor r="181" g="255" b="255" a="100" />
                <lineColor r="92" g="92" b="92" a="100" />
                <font name="Lucida Grande" size="12">
                  <color r="0" g="0" b="0" />
                </font>
              </style>
            </node>
            <node identifier="d0ab052b-e812-487b-a31c-ac5342604e8c" elementRef="id-4cc15606-89f3-4462-8acb-cdd01f819124" xsi:type="Element" x="1142" y="2560" w="120" h="55">
              <style>
                <fillColor r="181" g="255" b="255" a="100" />
                <lineColor r="92" g="92" b="92" a="100" />
                <font name="Lucida Grande" size="12">
                  <color r="0" g="0" b="0" />
                </font>
              </style>
            </node>
            <node identifier="e6aa375a-d492-4f26-a167-dd33f0bf6c84" elementRef="bebe78d3-5b6c-46b1-88d4-011a3c546977" xsi:type="Element" x="1311" y="2644" w="120" h="55">
              <style>
                <fillColor r="181" g="255" b="255" a="100" />
                <lineColor r="92" g="92" b="92" a="100" />
                <font name="Lucida Grande" size="12">
                  <color r="0" g="0" b="0" />
                </font>
              </style>
            </node>
            <node identifier="id-389b8a04-cb08-4c78-97cd-d714ee996a98" elementRef="id-6604d3c5-580c-4e7b-87a7-bce968a1c1ba" xsi:type="Element" x="1276" y="2759" w="120" h="55">
              <style>
                <fillColor r="181" g="255" b="255" a="100" />
                <lineColor r="92" g="92" b="92" a="100" />
                <font name="Lucida Grande" size="12">
                  <color r="0" g="0" b="0" />
                </font>
              </style>
            </node>
            <node identifier="ff1e3705-5cfe-40a8-ac4e-ea497c758435" elementRef="id-6110c69a-2d59-4b9b-a135-eab588fba0f2" xsi:type="Element" x="1106" y="2754" w="120" h="55">
              <style>
                <fillColor r="181" g="255" b="255" a="100" />
                <lineColor r="92" g="92" b="92" a="100" />
                <font name="Lucida Grande" size="12">
                  <color r="0" g="0" b="0" />
                </font>
              </style>
            </node>
          </node>
        </node>
        <connection identifier="id-720c02da-dc60-49fd-b1f0-eea7a85845ad" relationshipRef="bf22f8d4-4a60-4506-a0b1-5b23fc068bcf" xsi:type="Relationship" source="id-995a67ed-6ab6-4adf-887b-379270862715" target="id-3b66b3e6-4925-4341-9518-6b76b159d018">
          <style>
            <lineColor r="255" g="0" b="0" />
            <font name="Lucida Grande" size="12">
              <color r="0" g="0" b="0" />
            </font>
          </style>
        </connection>
        <connection identifier="b8cb04bb-bb65-48c2-bbd0-a5d7c49795fe" relationshipRef="fefd6b3d-485d-4dda-9cff-9398b4a69f05" xsi:type="Relationship" source="cfedaca3-58b3-48ee-90a5-f111c3f9ae4a" target="id-26254d90-8158-4b00-b0f3-d41f6d0d80b5">
          <style>
            <lineColor r="0" g="0" b="0" />
            <font name="Lucida Grande" size="12">
              <color r="0" g="0" b="0" />
            </font>
          </style>
        </connection>
        <connection identifier="id-2e8f2d13-d211-4381-b4b7-65c7b4032f63" relationshipRef="id-3141f4d8-6860-47c7-9fee-3e85d4e1e8b0" xsi:type="Relationship" source="id-4fbfa8ea-5161-4dcd-a34e-f93105cc253f" target="id-2e4c0174-9a24-42c5-8b83-5f3e6e772943">
          <style>
            <lineColor r="0" g="0" b="0" />
            <font name="Lucida Grande" size="12">
              <color r="0" g="0" b="0" />
            </font>
          </style>
        </connection>
        <connection identifier="c105abae-f039-4a29-b9c2-500c28d6ecc2" relationshipRef="id-9b35fba5-b85d-4e30-b293-d5172e3acbfc" xsi:type="Relationship" source="id-3b66b3e6-4925-4341-9518-6b76b159d018" target="id-6e79784a-17ad-40b2-8342-4b548772acc3">
          <style>
            <lineColor r="255" g="0" b="0" />
            <font name="Lucida Grande" size="12">
              <color r="0" g="0" b="0" />
            </font>
          </style>
        </connection>
        <connection identifier="a8b0c362-c599-4536-ac15-481bdede4e1e" relationshipRef="id-87f57e17-b7e3-4f6d-8b4e-5293fd5014d2" xsi:type="Relationship" source="id-3b66b3e6-4925-4341-9518-6b76b159d018" target="ddaee0cf-c833-4266-af7f-d83a0395edeb">
          <style>
            <lineColor r="255" g="0" b="0" />
            <font name="Lucida Grande" size="12">
              <color r="0" g="0" b="0" />
            </font>
          </style>
        </connection>
        <connection identifier="aaf6a36b-fed3-43ee-81bd-68a15c2a57a3" relationshipRef="id-77df140c-80e7-49f7-b2b1-7cb87d829aca" xsi:type="Relationship" source="id-26254d90-8158-4b00-b0f3-d41f6d0d80b5" target="id-6e79784a-17ad-40b2-8342-4b548772acc3">
          <style>
            <lineColor r="0" g="0" b="0" />
            <font name="Lucida Grande" size="12">
              <color r="0" g="0" b="0" />
            </font>
          </style>
        </connection>
        <connection identifier="id-3a01778b-47a3-4bd2-8d4e-91dbe9f60511" relationshipRef="id-69c86fcb-6c3b-4686-adc7-eff9d94cd327" xsi:type="Relationship" source="id-2e4c0174-9a24-42c5-8b83-5f3e6e772943" target="id-6e79784a-17ad-40b2-8342-4b548772acc3">
          <style>
            <lineColor r="0" g="0" b="0" />
            <font name="Lucida Grande" size="12">
              <color r="0" g="0" b="0" />
            </font>
          </style>
        </connection>
        <connection identifier="f1fc1b29-5d3c-4e0d-9eb7-6d3a17d8f4d0" relationshipRef="id-1f344b37-67fc-4849-8fb3-aae51f32e4bc" xsi:type="Relationship" source="ddaee0cf-c833-4266-af7f-d83a0395edeb" target="id-9d98029b-fff9-4f37-b82a-08c2dffd766e">
          <style>
            <lineColor r="255" g="0" b="0" />
            <font name="Lucida Grande" size="12">
              <color r="255" g="0" b="0" />
            </font>
          </style>
        </connection>
        <connection identifier="a0e79dda-ce7f-4a5d-8606-cd9305227647" relationshipRef="id-7a15315c-0adf-45a7-b68c-ff82bf359f6a" xsi:type="Relationship" source="ddaee0cf-c833-4266-af7f-d83a0395edeb" target="id-6e79784a-17ad-40b2-8342-4b548772acc3">
          <style>
            <lineColor r="255" g="0" b="0" />
            <font name="Lucida Grande" size="12">
              <color r="0" g="0" b="0" />
            </font>
          </style>
        </connection>
        <connection identifier="e0c51dea-67e3-4a7a-a873-5e7d90ad0b74" relationshipRef="fb652a37-c13f-4bdf-b688-a69a95564bb4" xsi:type="Relationship" source="id-6e79784a-17ad-40b2-8342-4b548772acc3" target="id-4152b16e-d876-4178-9d44-d8858b141b04">
          <style lineWidth="3">
            <lineColor r="255" g="0" b="0" />
            <font name="Lucida Grande" size="12">
              <color r="255" g="0" b="0" />
            </font>
          </style>
        </connection>
        <connection identifier="id-14e48146-b7d2-44db-95ac-7a01df995955" relationshipRef="id-8e5d2871-dc9b-4143-a818-33ff6afdb213" xsi:type="Relationship" source="id-4152b16e-d876-4178-9d44-d8858b141b04" target="id-72f3315e-7f3f-433c-9a3e-3b9174e265c7">
          <style lineWidth="3">
            <lineColor r="255" g="0" b="0" />
            <font name="Lucida Grande" size="12">
              <color r="255" g="0" b="0" />
            </font>
          </style>
          <bendpoint x="1171" y="2500" />
        </connection>
        <connection identifier="id-12219925-28f7-4a86-af12-8e52074c4890" relationshipRef="id-79923a6d-1f5a-4b86-a901-dda9d9081e99" xsi:type="Relationship" source="id-861b2101-ed09-4d07-bc49-fc0c0c872f4d" target="ff1e3705-5cfe-40a8-ac4e-ea497c758435">
          <style>
            <lineColor r="192" g="192" b="192" />
            <font name="Lucida Grande" size="12">
              <color r="0" g="0" b="0" />
            </font>
          </style>
        </connection>
        <connection identifier="id-94d2e802-8ace-4c3e-ac9f-d5dc9ba55f1b" relationshipRef="id-96cbbda2-82f4-4cc6-91a8-b96a49178de1" xsi:type="Relationship" source="id-861b2101-ed09-4d07-bc49-fc0c0c872f4d" target="id-306a7061-65d3-46c8-99cb-8d3fcb01bc4e">
          <style>
            <lineColor r="192" g="192" b="192" />
            <font name="Lucida Grande" size="12">
              <color r="0" g="0" b="0" />
            </font>
          </style>
        </connection>
        <connection identifier="id-860c41f7-4ff6-44ff-88a8-26d5cb4a0eaf" relationshipRef="id-80904c82-733f-4b45-89ff-62eda3f14925" xsi:type="Relationship" source="id-861b2101-ed09-4d07-bc49-fc0c0c872f4d" target="e6aa375a-d492-4f26-a167-dd33f0bf6c84">
          <style>
            <lineColor r="192" g="192" b="192" />
            <font name="Lucida Grande" size="12">
              <color r="0" g="0" b="0" />
            </font>
          </style>
        </connection>
        <connection identifier="id-9f619c54-3562-45f8-a512-6f68d1930a31" relationshipRef="id-8a93172b-ebbd-4e1c-a618-a1980102f10b" xsi:type="Relationship" source="id-306a7061-65d3-46c8-99cb-8d3fcb01bc4e" target="d0ab052b-e812-487b-a31c-ac5342604e8c">
          <style>
            <lineColor r="192" g="192" b="192" />
            <font name="Lucida Grande" size="12">
              <color r="0" g="0" b="0" />
            </font>
          </style>
        </connection>
        <connection identifier="af20f40c-79a9-4a6f-a3ac-d77da93018a0" relationshipRef="id-681a6492-e62d-4cfb-be5c-acc4463e3aa5" xsi:type="Relationship" source="e6aa375a-d492-4f26-a167-dd33f0bf6c84" target="d0ab052b-e812-487b-a31c-ac5342604e8c">
          <style>
            <lineColor r="192" g="192" b="192" />
            <font name="Lucida Grande" size="12">
              <color r="0" g="0" b="0" />
            </font>
          </style>
        </connection>
        <connection identifier="e010739d-fe99-4b67-994b-b323a4409f53" relationshipRef="d2941b20-cd20-45bc-aac1-4d44743740d2" xsi:type="Relationship" source="id-389b8a04-cb08-4c78-97cd-d714ee996a98" target="e6aa375a-d492-4f26-a167-dd33f0bf6c84">
          <style>
            <lineColor r="192" g="192" b="192" />
            <font name="Lucida Grande" size="12">
              <color r="0" g="0" b="0" />
            </font>
          </style>
        </connection>
        <connection identifier="a091710a-7320-47e3-928b-abd3bcbb1e3b" relationshipRef="a0c4042d-e7fd-4b8e-ac99-bf3f7019a4b2" xsi:type="Relationship" source="ff1e3705-5cfe-40a8-ac4e-ea497c758435" target="id-389b8a04-cb08-4c78-97cd-d714ee996a98">
          <style>
            <lineColor r="192" g="192" b="192" />
            <font name="Lucida Grande" size="12">
              <color r="0" g="0" b="0" />
            </font>
          </style>
        </connection>
        <connection identifier="id-4d9b5d29-78bb-40ac-84d6-d350dff2f323" relationshipRef="id-9d77ccf5-f629-43b4-ba9a-d2707d6fdf04" xsi:type="Relationship" source="ff1e3705-5cfe-40a8-ac4e-ea497c758435" target="d0ab052b-e812-487b-a31c-ac5342604e8c">
          <style>
            <lineColor r="192" g="192" b="192" />
            <font name="Lucida Grande" size="12">
              <color r="0" g="0" b="0" />
            </font>
          </style>
        </connection>
      </view>
    </diagrams>
  </views>
</model>
