{"identifier":"https://me.big.tuwien.ac.at/EAModelSet/fc035d09","archimateId":"fc035d09","name":"10 repositories","description":"","formats":["XML","CSV","JSON","ARCHIMATE"],"source":"GitHub","sourceFile":"raw-data/github/xml/10_repositories.xml","sourceFormat":"XML","timestamp":"29-06-2023 09:27:05","tags":["DUPLICATE"],"duplicates":["raw-data/github/archimate/10_repositories.archimate"],"language":"en","elements":[{"id":"e8f7038b","name":"class 2","type":"ApplicationComponent","layer":"application"},{"id":"id-91098aa5","name":"class 1 (aggregate root)","type":"ApplicationComponent","layer":"application"},{"id":"cf4c83cd","name":"class 3","type":"ApplicationComponent","layer":"application"},{"id":"id-93387fd0","name":"class finder 2","type":"ApplicationComponent","layer":"application"},{"id":"id-563dd413","name":"find (attrs)","type":"ApplicationFunction","layer":"application"},{"id":"f28066f8","name":"some process","type":"ApplicationProcess","layer":"application"},{"id":"id-2c0f9ab2","name":"find aggreagate","type":"ApplicationProcess","layer":"application"},{"id":"id-7b5544a2","name":"find value","type":"ApplicationProcess","layer":"application"},{"id":"id-41301208","name":"repository 1 (Subtype of collection)","type":"ApplicationComponent","layer":"application"},{"id":"id-74c63d75","name":"array of aggreagates 1","type":"DataObject","layer":"application"},{"id":"id-883e74e5","name":"add aggregate to array (agregate)","type":"ApplicationProcess","layer":"application"},{"id":"id-4058ad54","name":"update aggregate in array (index,aggregate )","type":"ApplicationProcess","layer":"application"},{"id":"id-00f20952","name":"get aggregate from array(index)","type":"ApplicationProcess","layer":"application"},{"id":"c0a490a7","name":"get filtered array(criteria)","type":"ApplicationProcess","layer":"application"},{"id":"ab56c2fa","name":"delete aggregate from array (index)","type":"ApplicationProcess","layer":"application"},{"id":"id-980fa23b","name":"Data Object","type":"DataObject","layer":"application"},{"id":"id-55cc78a3","name":"array of objects of class type 1","type":"DataObject","layer":"application"},{"id":"id-99de5361","name":"abstract collection","type":"ApplicationComponent","layer":"application"},{"id":"id-379adab4","name":"collection interface","type":"ApplicationInterface","layer":"application"},{"id":"id-1d409548","name":"class factory 1","type":"ApplicationComponent","layer":"application"},{"id":"d8f2ebff","name":"create new aggregate","type":"ApplicationFunction","layer":"application"},{"id":"id-5459594c","name":"create aggregate","type":"ApplicationEvent","layer":"application"},{"id":"id-12af6441","name":"save aggregate","type":"ApplicationFunction","layer":"application"},{"id":"id-9d06187f","name":"find aggregate and attrs","type":"ApplicationFunction","layer":"application"},{"id":"id-812ebef2","name":"Application Process","type":"ApplicationProcess","layer":"application"},{"id":"id-2f09a18a","name":"Application Process","type":"ApplicationProcess","layer":"application"},{"id":"id-2da829d2","name":"Application Process","type":"ApplicationProcess","layer":"application"},{"id":"id-4ee5b366","name":"Call the factory to create a new aggregate","type":"ApplicationProcess","layer":"application"},{"id":"id-1da98662","name":"Application Process","type":"ApplicationProcess","layer":"application"},{"id":"id-3efed400","name":"Place the created aggregate into the repository","type":"ApplicationProcess","layer":"application"},{"id":"id-288d1fe2","name":"create new aggregate","type":"ApplicationFunction","layer":"application"},{"id":"id-8fc9ece1-f68d-4c32-a443-77eaa084546b","name":"create aggregate with given ID and params","type":"ApplicationFunction","layer":"application"},{"id":"bbeb23f7","name":"aggregate root","type":"ApplicationComponent","layer":"application"},{"id":"id-329fc949","name":"PRIVATE constructor (snapshot)","type":"ApplicationFunction","layer":"application"},{"id":"id-9991f175","name":"PUBLIC static factory method (snapshot)","type":"ApplicationFunction","layer":"application"},{"id":"d8e1987b","name":"PUBLIC get snapshot ()","type":"ApplicationFunction","layer":"application"},{"id":"bf338e38","name":"repository","type":"ApplicationComponent","layer":"application"},{"id":"id-0fd760e7","name":"FindBy (params)","type":"ApplicationFunction","layer":"application"},{"id":"cb79e75b","name":"get data from database","type":"ApplicationProcess","layer":"application"},{"id":"id-1cca2a1b","name":"transform data to snapshot","type":"ApplicationProcess","layer":"application"},{"id":"id-78a4315f","name":"put snapshot to aggregate","type":"ApplicationProcess","layer":"application"},{"id":"id-8bcd4381","name":"add(params)","type":"ApplicationFunction","layer":"application"},{"id":"id-9f4a73f9","name":"get snapshot from aggregate","type":"ApplicationProcess","layer":"application"},{"id":"c4c532c2","name":"transform snapshot to data","type":"ApplicationProcess","layer":"application"},{"id":"id-86b4e4a5","name":"put data into database","type":"ApplicationProcess","layer":"application"},{"id":"id-1a56da2b","name":"Application Component","type":"ApplicationComponent","layer":"application"},{"id":"df3d4a65","name":"entity","type":"ApplicationInterface","layer":"application"},{"id":"id-8ffbc17e","name":"version","type":"DataObject","layer":"application"},{"id":"ee30301d","name":"repository","type":"ApplicationComponent","layer":"application"},{"id":"id-25eadeb1","name":"entity","type":"ApplicationComponent","layer":"application"},{"id":"id-89a6ada2","name":"update aggregate in array (index,aggregate )","type":"ApplicationProcess","layer":"application"},{"id":"id-37f0fc2e","name":"check current aggregate's version and version from DB","type":"ApplicationProcess","layer":"application"},{"id":"d6e04c88","name":"if <> throw exception","type":"ApplicationProcess","layer":"application"},{"id":"id-1c27d825","name":"increment the version number","type":"ApplicationProcess","layer":"application"},{"id":"id-2197f69c","name":"commit","type":"ApplicationProcess","layer":"application"},{"id":"c136ebbd-0fdb-4c04-b431-d924568fedc7","name":"class BookingController","type":"ApplicationComponent","layer":"application"},{"id":"ff34b21a-17ed-4405-bf42-1a215774bdb6","name":"@Autowired bookingService","type":"DataObject","layer":"application"},{"id":"id-5e75172a-62eb-47d2-8c57-97f58ada56ca","name":"interface BookingService","type":"ApplicationInterface","layer":"application"},{"id":"id-968ca79d-6695-40cd-8dd1-e522dfe8efba","name":"abstract Entity","type":"ApplicationInterface","layer":"application"},{"id":"d3dd11fb-e788-4410-a741-85ea40d1cf14","name":"id","type":"DataObject","layer":"application"},{"id":"id-567434c2-02ff-4277-80cd-0fd139306e65","name":"name","type":"DataObject","layer":"application"},{"id":"id-6f73c08c-2183-4f23-8792-9759e88969b8","name":"abstract BaseEntity","type":"ApplicationInterface","layer":"application"},{"id":"id-35385342-6722-4dfc-abef-26aa525f65d2","name":"isModified","type":"DataObject","layer":"application"},{"id":"id-63ea883a-1866-448d-9835-16068b8e87bf","name":"class Booking","type":"ApplicationComponent","layer":"application"},{"id":"id-7f74bc7f-7af1-4106-af55-a2cb61858766","name":"restaurantId","type":"DataObject","layer":"application"},{"id":"id-8dfd7ba7-5557-4a54-a671-0b8a0955bbf6","name":"userId","type":"DataObject","layer":"application"},{"id":"id-29d2d918-3063-4812-88a2-fc96b529be51","name":"tableId","type":"DataObject","layer":"application"},{"id":"id-464bbd30-4d0a-46b8-a24c-36197ad510b0","name":"interface ReadOnlyRepository","type":"ApplicationInterface","layer":"application"},{"id":"id-32657c6e-a954-4be3-86ad-b601562b7e56","name":"BookingVO","type":"ApplicationComponent","layer":"application"},{"id":"id-96c94ba5-d95c-49a8-973a-815fa7e1ffcc","name":"contains","type":"ApplicationFunction","layer":"application"},{"id":"e86a89cd-ecc8-41aa-8ccd-8cd18fb23f7c","name":"get","type":"ApplicationFunction","layer":"application"},{"id":"id-7a860a74-f7b1-40e7-bf73-980b38a74a0e","name":"getAll","type":"ApplicationFunction","layer":"application"},{"id":"a5f8e6e3-acfe-4d3f-a0a7-039dcbc6d0cc","name":"interface Repository","type":"ApplicationInterface","layer":"application"},{"id":"id-0c4b5a35-eab3-4f61-a459-d0eaeb4226b3","name":"add","type":"ApplicationFunction","layer":"application"},{"id":"id-448e2f38-d26b-413f-adc6-8e31622c70ac","name":"remove","type":"ApplicationFunction","layer":"application"},{"id":"id-93b2c904-3964-41c3-a4bc-b8a206c117e8","name":"update","type":"ApplicationFunction","layer":"application"},{"id":"id-89618da4-3e01-44d2-ad50-4b6f303aaf2f","name":"class InMemBookingRepository","type":"ApplicationComponent","layer":"application"},{"id":"f93489b5-8868-4578-bcf4-9ebe7e6f0f32","name":"interface BookingRepository","type":"ApplicationInterface","layer":"application"},{"id":"id-5c7ca945-b7bd-4dfe-945d-61f89cbbf837","name":"containsName","type":"ApplicationFunction","layer":"application"},{"id":"id-54bb8470-53cc-453e-a34e-b3dc2b2bf8a0","name":"findByName","type":"ApplicationFunction","layer":"application"},{"id":"a2779c97-1df9-460f-a5f7-b28b23c12afd","name":"Booking[Map] entities","type":"DataObject","layer":"application"},{"id":"id-9e5a895c-b42a-4102-8511-6f8ef5f648c5","name":"abstract ReadOnlyBaseService","type":"ApplicationInterface","layer":"application"},{"id":"id-6a9b22c5-f26a-4065-a811-fe91550faca6","name":"ReadOnlyRepository  repository","type":"DataObject","layer":"application"},{"id":"d7cbbcae-17ed-4cd0-a3b7-fd9eaa25e152","name":"abstract BaseService","type":"ApplicationInterface","layer":"application"},{"id":"id-275f05f9-ec99-4c64-9c92-dbecdaec138f","name":"Repository _repository","type":"DataObject","layer":"application"},{"id":"ca6dbae0-3ba2-4181-98f5-e24faaedb261","name":"add","type":"ApplicationFunction","layer":"application"},{"id":"id-5c17fd77-8a3a-4889-89d2-0d812360f546","name":"getAll","type":"ApplicationFunction","layer":"application"},{"id":"id-860211a4-4519-432c-bff6-b4ed2bfa80d3","name":"add","type":"ApplicationFunction","layer":"application"},{"id":"id-8963771c-9ce9-4a98-a55d-5ef999500a6f","name":"update","type":"ApplicationFunction","layer":"application"},{"id":"d5784bf1-90fd-47eb-ac15-c154a0eeb107","name":"delete","type":"ApplicationFunction","layer":"application"},{"id":"id-13d0aba0-fa82-49a2-bd7a-5b9aafa0bf4d","name":"findById","type":"ApplicationFunction","layer":"application"},{"id":"id-1fa541f9-74ec-4694-aa1a-cff689e11fd8","name":"findByName","type":"ApplicationFunction","layer":"application"},{"id":"bd4bf388-d127-4ce6-8d73-100f935298c6","name":"findByCriteria","type":"ApplicationFunction","layer":"application"},{"id":"id-71117f3c-b746-40b3-b4b9-9ea41e448276","name":"class BookingServiceImpl","type":"ApplicationComponent","layer":"application"},{"id":"c1ec2e37-edf4-47a7-9e12-0637478cb2eb","name":"bookingRepository","type":"DataObject","layer":"application"},{"id":"id-75c03d49-3fbe-459a-a8b9-9e47c4b76730","name":"findByName","type":"ApplicationFunction","layer":"application"},{"id":"eca97fa9","name":"database","type":"Node","layer":"technology"},{"id":"id-59469027","name":"Must satisfy the invariants 2","type":"Constraint","layer":"motivation"},{"id":"id-23fe83ee","name":"aggregate 1","type":"Grouping","layer":"other"},{"id":"db216c2e","name":"aggregate","type":"Grouping","layer":"other"}],"relationships":[{"id":"id-4432383b","sourceId":"id-23fe83ee","targetId":"id-91098aa5","type":"Composition"},{"id":"id-6688278c","sourceId":"id-59469027","targetId":"id-23fe83ee","type":"Association"},{"id":"id-3960b43c","sourceId":"id-23fe83ee","targetId":"e8f7038b","type":"Composition"},{"id":"id-1eaa3456","sourceId":"id-23fe83ee","targetId":"cf4c83cd","type":"Composition"},{"id":"id-078f7125","sourceId":"id-41301208","targetId":"id-23fe83ee","type":"Flow"},{"id":"c0843354","sourceId":"id-91098aa5","targetId":"cf4c83cd","type":"Flow"},{"id":"id-66573bd6","sourceId":"id-93387fd0","targetId":"id-563dd413","type":"Assignment"},{"id":"c1809f32","sourceId":"id-91098aa5","targetId":"e8f7038b","type":"Flow"},{"id":"b30f2ca2","sourceId":"f28066f8","targetId":"id-2c0f9ab2","type":"Composition"},{"id":"f65f94c7","sourceId":"f28066f8","targetId":"id-7b5544a2","type":"Composition"},{"id":"id-584defb3","sourceId":"id-2c0f9ab2","targetId":"c0a490a7","type":"Flow"},{"id":"id-65f0b972","sourceId":"id-7b5544a2","targetId":"id-91098aa5","type":"Flow"},{"id":"ef0c9c60","sourceId":"id-41301208","targetId":"ab56c2fa","type":"Assignment"},{"id":"id-7c288615","sourceId":"id-41301208","targetId":"c0a490a7","type":"Assignment"},{"id":"fb5aefff","sourceId":"id-41301208","targetId":"id-883e74e5","type":"Assignment"},{"id":"b39282b1","sourceId":"id-41301208","targetId":"id-00f20952","type":"Assignment"},{"id":"id-2688121b","sourceId":"id-41301208","targetId":"id-74c63d75","type":"Access"},{"id":"id-2ac1c924","sourceId":"id-41301208","targetId":"id-4058ad54","type":"Assignment"},{"id":"id-0bf980b2","sourceId":"id-41301208","targetId":"id-99de5361","type":"Realization"},{"id":"id-84057881","sourceId":"id-2c0f9ab2","targetId":"id-7b5544a2","type":"Flow"},{"id":"id-356a13a2","sourceId":"id-41301208","targetId":"id-379adab4","type":"Realization"},{"id":"id-4817a9ad","sourceId":"id-1d409548","targetId":"d8f2ebff","type":"Assignment"},{"id":"id-049d6433","sourceId":"c0a490a7","targetId":"id-8fc9ece1-f68d-4c32-a443-77eaa084546b","type":"Flow"},{"id":"id-5a99bb0e","sourceId":"id-9d06187f","targetId":"id-2c0f9ab2","type":"Composition"},{"id":"d1f2b76a","sourceId":"id-9d06187f","targetId":"id-7b5544a2","type":"Composition"},{"id":"id-92e8f469","sourceId":"id-12af6441","targetId":"id-812ebef2","type":"Composition"},{"id":"id-81da16f8","sourceId":"id-12af6441","targetId":"id-2f09a18a","type":"Composition"},{"id":"c442ea9c","sourceId":"id-12af6441","targetId":"id-2da829d2","type":"Composition"},{"id":"id-724d1684","sourceId":"id-4ee5b366","targetId":"id-3efed400","type":"Flow"},{"id":"dda91507","sourceId":"id-288d1fe2","targetId":"id-4ee5b366","type":"Composition"},{"id":"bca23660","sourceId":"id-288d1fe2","targetId":"id-3efed400","type":"Composition"},{"id":"id-82dc2213-5e66-4ea3-9324-5cb6b135e237","sourceId":"id-1d409548","targetId":"id-8fc9ece1-f68d-4c32-a443-77eaa084546b","type":"Assignment"},{"id":"id-25c92adf-9860-44ca-ba39-0b52e986cf32","sourceId":"id-4ee5b366","targetId":"d8f2ebff","type":"Flow"},{"id":"bdd58f1d-ba4e-4841-9462-78481ab94f05","sourceId":"id-3efed400","targetId":"id-883e74e5","type":"Flow"},{"id":"c24ee198","sourceId":"db216c2e","targetId":"bbeb23f7","type":"Composition"},{"id":"id-1fca2247","sourceId":"bbeb23f7","targetId":"id-329fc949","type":"Assignment"},{"id":"id-58f8fb0a","sourceId":"bbeb23f7","targetId":"id-9991f175","type":"Assignment"},{"id":"id-479a1d33","sourceId":"id-9991f175","targetId":"id-329fc949","type":"Flow"},{"id":"fde82f55","sourceId":"bbeb23f7","targetId":"d8e1987b","type":"Assignment"},{"id":"id-4e1287d5","sourceId":"bf338e38","targetId":"id-0fd760e7","type":"Assignment"},{"id":"id-92859f44","sourceId":"id-0fd760e7","targetId":"cb79e75b","type":"Composition"},{"id":"e4dc1ec8","sourceId":"cb79e75b","targetId":"eca97fa9","type":"Flow"},{"id":"id-60a505ef","sourceId":"id-0fd760e7","targetId":"id-1cca2a1b","type":"Composition"},{"id":"id-9fcfe8bf","sourceId":"id-0fd760e7","targetId":"id-78a4315f","type":"Composition"},{"id":"f9cdb922","sourceId":"id-78a4315f","targetId":"id-9991f175","type":"Flow"},{"id":"id-8a25a720","sourceId":"bf338e38","targetId":"id-8bcd4381","type":"Assignment"},{"id":"id-39878629","sourceId":"id-8bcd4381","targetId":"id-9f4a73f9","type":"Composition"},{"id":"baf173b3","sourceId":"id-9f4a73f9","targetId":"d8e1987b","type":"Flow"},{"id":"a231fc99","sourceId":"id-8bcd4381","targetId":"c4c532c2","type":"Composition"},{"id":"id-59266b0f","sourceId":"id-8bcd4381","targetId":"id-86b4e4a5","type":"Composition"},{"id":"id-75c99da2","sourceId":"id-86b4e4a5","targetId":"eca97fa9","type":"Flow"},{"id":"d227191f","sourceId":"cb79e75b","targetId":"id-1cca2a1b","type":"Flow"},{"id":"id-17b3e6ce","sourceId":"id-1cca2a1b","targetId":"id-78a4315f","type":"Flow"},{"id":"id-4d1dec43","sourceId":"id-8bcd4381","targetId":"c4c532c2","type":"Flow"},{"id":"id-826855f9","sourceId":"id-9f4a73f9","targetId":"c4c532c2","type":"Flow"},{"id":"id-84b322b8","sourceId":"c4c532c2","targetId":"id-86b4e4a5","type":"Flow"},{"id":"id-164af976","sourceId":"id-23fe83ee","targetId":"id-379adab4","type":"Composition"},{"id":"ef745a9f","sourceId":"df3d4a65","targetId":"id-8ffbc17e","type":"Access"},{"id":"id-93ec32b4","sourceId":"id-25eadeb1","targetId":"df3d4a65","type":"Realization"},{"id":"e485da0f","sourceId":"ee30301d","targetId":"id-89a6ada2","type":"Assignment"},{"id":"id-47436b4d","sourceId":"id-89a6ada2","targetId":"id-37f0fc2e","type":"Composition"},{"id":"id-62f86fc5","sourceId":"id-37f0fc2e","targetId":"d6e04c88","type":"Composition"},{"id":"id-1fe6b019","sourceId":"id-89a6ada2","targetId":"id-1c27d825","type":"Composition"},{"id":"a5486002","sourceId":"id-89a6ada2","targetId":"id-2197f69c","type":"Composition"},{"id":"id-0079ad89-a918-4f00-ba6e-9932fb3008f9","sourceId":"c136ebbd-0fdb-4c04-b431-d924568fedc7","targetId":"ff34b21a-17ed-4405-bf42-1a215774bdb6","type":"Access"},{"id":"id-125dd79c-bf5b-4f75-8e92-050d7d3246ac","sourceId":"id-5e75172a-62eb-47d2-8c57-97f58ada56ca","targetId":"ff34b21a-17ed-4405-bf42-1a215774bdb6","type":"Association"},{"id":"id-88137a3a-580e-48b9-8153-80336a7f61b9","sourceId":"id-968ca79d-6695-40cd-8dd1-e522dfe8efba","targetId":"d3dd11fb-e788-4410-a741-85ea40d1cf14","type":"Access"},{"id":"id-0378e67d-2535-4922-8bdb-b49918f4fa18","sourceId":"id-968ca79d-6695-40cd-8dd1-e522dfe8efba","targetId":"id-567434c2-02ff-4277-80cd-0fd139306e65","type":"Access"},{"id":"d8384409-8d90-484f-890b-539949d57d20","sourceId":"id-6f73c08c-2183-4f23-8792-9759e88969b8","targetId":"id-35385342-6722-4dfc-abef-26aa525f65d2","type":"Access"},{"id":"id-1d1b6751-a98a-4298-b1d0-b88d8dca33b9","sourceId":"id-6f73c08c-2183-4f23-8792-9759e88969b8","targetId":"id-968ca79d-6695-40cd-8dd1-e522dfe8efba","type":"Specialization"},{"id":"cea8bd57-2c93-4a01-8680-57579a0bfc95","sourceId":"id-63ea883a-1866-448d-9835-16068b8e87bf","targetId":"id-7f74bc7f-7af1-4106-af55-a2cb61858766","type":"Access"},{"id":"id-412934bf-f518-4bc2-a4a1-bd1b40b06781","sourceId":"id-63ea883a-1866-448d-9835-16068b8e87bf","targetId":"id-8dfd7ba7-5557-4a54-a671-0b8a0955bbf6","type":"Access"},{"id":"id-70615d15-7bdb-4882-b68c-9e556b53516f","sourceId":"id-63ea883a-1866-448d-9835-16068b8e87bf","targetId":"id-29d2d918-3063-4812-88a2-fc96b529be51","type":"Access"},{"id":"id-6bf1df07-36f6-40fe-b3ec-893c93fb75ce","sourceId":"id-63ea883a-1866-448d-9835-16068b8e87bf","targetId":"id-6f73c08c-2183-4f23-8792-9759e88969b8","type":"Realization"},{"id":"f5cc301c-5b59-4f89-8dc9-f9514c266590","sourceId":"id-32657c6e-a954-4be3-86ad-b601562b7e56","targetId":"id-63ea883a-1866-448d-9835-16068b8e87bf","type":"Association"},{"id":"id-6f905129-70c3-485a-8d39-4b9469d3d757","sourceId":"a5f8e6e3-acfe-4d3f-a0a7-039dcbc6d0cc","targetId":"id-464bbd30-4d0a-46b8-a24c-36197ad510b0","type":"Specialization"},{"id":"id-74838a01-86e0-4f25-bb51-a19547eed276","sourceId":"f93489b5-8868-4578-bcf4-9ebe7e6f0f32","targetId":"a5f8e6e3-acfe-4d3f-a0a7-039dcbc6d0cc","type":"Specialization"},{"id":"d69073ca-6123-4d06-baaf-677c95052d4d","sourceId":"id-89618da4-3e01-44d2-ad50-4b6f303aaf2f","targetId":"f93489b5-8868-4578-bcf4-9ebe7e6f0f32","type":"Realization"},{"id":"b80f1dce-dc60-4235-93f5-bd7279ab68ef","sourceId":"id-89618da4-3e01-44d2-ad50-4b6f303aaf2f","targetId":"a2779c97-1df9-460f-a5f7-b28b23c12afd","type":"Access"},{"id":"id-1662ed21-136c-455c-ac31-a6cd436d97c0","sourceId":"a2779c97-1df9-460f-a5f7-b28b23c12afd","targetId":"id-63ea883a-1866-448d-9835-16068b8e87bf","type":"Association"},{"id":"a4c4ab4f-7ede-4bb0-84fb-52d80a53574f","sourceId":"id-9e5a895c-b42a-4102-8511-6f8ef5f648c5","targetId":"id-6a9b22c5-f26a-4065-a811-fe91550faca6","type":"Access"},{"id":"id-4b7dc99a-d668-4f20-9a24-b1d32d6e89cd","sourceId":"id-6a9b22c5-f26a-4065-a811-fe91550faca6","targetId":"id-464bbd30-4d0a-46b8-a24c-36197ad510b0","type":"Association"},{"id":"e44f35af-204d-4b22-8af1-f8fabf074729","sourceId":"d7cbbcae-17ed-4cd0-a3b7-fd9eaa25e152","targetId":"id-9e5a895c-b42a-4102-8511-6f8ef5f648c5","type":"Specialization"},{"id":"id-6ba48477-7b0e-459f-a028-b809d0229497","sourceId":"d7cbbcae-17ed-4cd0-a3b7-fd9eaa25e152","targetId":"id-275f05f9-ec99-4c64-9c92-dbecdaec138f","type":"Access"},{"id":"e71a7634-d98e-4621-812a-f0bb44285607","sourceId":"id-275f05f9-ec99-4c64-9c92-dbecdaec138f","targetId":"a5f8e6e3-acfe-4d3f-a0a7-039dcbc6d0cc","type":"Association"},{"id":"daa92448-fa09-42fc-bcd9-ce1c2365bc2a","sourceId":"id-71117f3c-b746-40b3-b4b9-9ea41e448276","targetId":"id-5e75172a-62eb-47d2-8c57-97f58ada56ca","type":"Realization"},{"id":"id-7ff5cede-712b-4389-998c-b0728a31e405","sourceId":"id-71117f3c-b746-40b3-b4b9-9ea41e448276","targetId":"d7cbbcae-17ed-4cd0-a3b7-fd9eaa25e152","type":"Realization"},{"id":"a5a07431-7e57-471f-a563-ae0ae52a9d59","sourceId":"id-71117f3c-b746-40b3-b4b9-9ea41e448276","targetId":"c1ec2e37-edf4-47a7-9e12-0637478cb2eb","type":"Access"},{"id":"d1edbd7a-14d1-4ec1-bfe8-fae055952951","sourceId":"c1ec2e37-edf4-47a7-9e12-0637478cb2eb","targetId":"f93489b5-8868-4578-bcf4-9ebe7e6f0f32","type":"Association"},{"id":"dc0a8b32-493d-471b-b76f-f2817328ce73","sourceId":"c136ebbd-0fdb-4c04-b431-d924568fedc7","targetId":"id-75c03d49-3fbe-459a-a8b9-9e47c4b76730","type":"Assignment"},{"id":"a858b58a-1615-486d-8f0b-44ed9137c7c8","sourceId":"id-75c03d49-3fbe-459a-a8b9-9e47c4b76730","targetId":"id-1fa541f9-74ec-4694-aa1a-cff689e11fd8","type":"Triggering"}],"views":[{"id":"id-45ebee75","name":"repositories","viewpoint":""},{"id":"id-91cfb15d","name":"example (memento)","viewpoint":""},{"id":"a24bbe28","name":"example (optimistic lock)","viewpoint":""},{"id":"id-7a93153c-a210-4869-9093-ae56efa860fb","name":"repositories msa","viewpoint":""}]}