<?xml version="1.0" encoding="UTF-8"?>
<model xmlns="http://www.opengroup.org/xsd/archimate/3.0/" xmlns:xsi="http://www.w3.org/2001/XMLSchema-instance" xsi:schemaLocation="http://www.opengroup.org/xsd/archimate/3.0/ http://www.opengroup.org/xsd/archimate/3.1/archimate3_Diagram.xsd" identifier="id-e205290c06b4417896edfab1cc09d549">
  <name>Omnibus RB</name>
  <elements>
    <element identifier="id-c21d6e67466543c187bd2615058e25e5" xsi:type="BusinessService">
      <name>Merchant Provisioning</name>
    </element>
    <element identifier="id-876ccfe5a4a64316ba133fa1314858e1" xsi:type="BusinessService">
      <name>Merchant users boarding</name>
    </element>
    <element identifier="id-5baed0474eb643769743d7a260b40003" xsi:type="BusinessService">
      <name>Activate existing merchant for reconciliation</name>
      <documentation>The name and swagger of the api with the merchant hierarchyè Shruti
The packages are in contract level, so the information is at Pass as golden source. We need to ask Pass team to add that information at merchant grouping level.
Pros: when we will deco the portal onboarding from pass/meon and add it to C_IAM, no dependency on the contract/merchant creation. We only need to stop Pass gui/Meon creation and sync the users into Mepo.
Retrofit to Europe :
Impact : the europeen users have a alias_user : code as login and not using the address email like marcopolo ones.
When we will do the migration, we will need to set up some config/script of migration :
Notification to users that they will need to use address email instead of user_alias
Manage the users in the same company with the same email address (we need some figures to adapt the communication or script to set up). *
Redirection of the loging page into ciam and redirection again into the welcomepage of Myportal.
Migration within steps to be managed.</documentation>
    </element>
    <element identifier="id-83f202ffb9c84ee59ed00b58c086c4c1" xsi:type="BusinessService">
      <name>Enable Acceptance and Acquiring data access in Acceptance applications</name>
    </element>
    <element identifier="id-1c6c4d93fdf447c6ae564987eab294d7" xsi:type="BusinessService">
      <name>Create contract hierarchies</name>
    </element>
    <element identifier="id-d9586b39f6f14e4e99ee3ee3e073e351" xsi:type="BusinessService">
      <name>Store Ecom Acceptance transactions</name>
    </element>
    <element identifier="id-6ac05a59863645c4984201e0934ade21" xsi:type="BusinessService">
      <name>Store inStore Acceptance transaction</name>
    </element>
    <element identifier="id-0a1f9d7123324841b5ed468fba8adede" xsi:type="BusinessService">
      <name>Define new reporting hierarchy</name>
    </element>
    <element identifier="id-51c766179b8b4a6f959067a4f7dfef05" xsi:type="BusinessService">
      <name>Publish Acq trx Reconciliation in eCom Trx page</name>
    </element>
    <element identifier="id-e5bd45a01e1f46a69705277506640476" xsi:type="BusinessService">
      <name>Download Acquiring Transaction of a merchant user</name>
    </element>
    <element identifier="id-78fae27db0b94092bb44824ea3648cec" xsi:type="BusinessService">
      <name>"Get" merchant user accessible data</name>
    </element>
    <element identifier="id-30afd1ebb15a4a239dbe8696137cae54" xsi:type="BusinessService">
      <name>Send Acq data access request to data storage location</name>
    </element>
    <element identifier="id-e8e8bd32af4649eb9076f32404d2858c" xsi:type="BusinessService">
      <name>Store Acquiring transaction data</name>
    </element>
    <element identifier="id-f9825cf264b741fc99647f6c3f8658a7" xsi:type="BusinessService">
      <name>Download eCom acceptance Transaction of a merchant user</name>
    </element>
    <element identifier="id-36094cc4449a4fb690cd19cdd06c8d8d" xsi:type="BusinessService">
      <name>Reconcile eCom Acceptance and Acquiring transactions</name>
    </element>
    <element identifier="id-6930319ccaaf47ee9d4d01ee645fc628" xsi:type="BusinessService">
      <name>Bind acquiring transaction to acceptance transactions</name>
    </element>
    <element identifier="id-00caa03f7d38451c82369def7d393e0e" xsi:type="BusinessService">
      <name>Compare Acquiring to acceptance transaction lifecycle status</name>
    </element>
    <element identifier="id-1929ad33f6814748b27e4b0ff051b355" xsi:type="BusinessService">
      <name>Decide on reconciliation status</name>
    </element>
    <element identifier="id-088a293e634a47868239054427faabcd" xsi:type="BusinessService">
      <name>Broadcast Merchant data to platforms</name>
    </element>
    <element identifier="id-ae2ce7324f4f4c13887912758d8549c3" xsi:type="BusinessService">
      <name>Get PASS merchant data</name>
    </element>
    <element identifier="id-85510af941a9409eb564086d9beea5c3" xsi:type="BusinessService">
      <name>Create PSP_IDs</name>
    </element>
    <element identifier="id-1ae3f759bda44e93814b76a2145ad472" xsi:type="BusinessService">
      <name>Create PASS merchant hierarchy</name>
    </element>
    <element identifier="id-25de6719034d48ca8d13f629571b3b15" xsi:type="BusinessService">
      <name>Create a common merchant ID</name>
    </element>
    <element identifier="id-a8ca1687519f4768989d85b2650826cf" xsi:type="BusinessService">
      <name>Update contract hierarchies for reconciliation</name>
    </element>
    <element identifier="id-1079c084f82141e383a1e2f487a27754" xsi:type="BusinessService">
      <name>Broadcast merchant data to new platforms</name>
    </element>
    <element identifier="id-7657c9f1bd6248caaeb46b265ebcc65e" xsi:type="ApplicationComponent">
      <name>MEON</name>
    </element>
    <element identifier="id-f04e7e6b86664b5e94b21b063b76027c" xsi:type="ApplicationComponent">
      <name>MEPO</name>
    </element>
    <element identifier="id-3a35743ef7f34b2784705416a9624f0a" xsi:type="ApplicationComponent">
      <name>myPortal</name>
    </element>
    <element identifier="id-97a9646656fb418986628666424617c5" xsi:type="ApplicationComponent">
      <name>SCS</name>
    </element>
    <element identifier="id-311a6e1bd34545afaae65ec3890cc03f" xsi:type="ApplicationComponent">
      <name>PASS</name>
    </element>
    <element identifier="id-a1da3b4f7cd0433fb4b9b52072275855" xsi:type="ApplicationComponent">
      <name>WLPFO</name>
    </element>
    <element identifier="id-7b71dc1d3b2942e3a73149ed9183219a" xsi:type="ApplicationComponent">
      <name>Settlements</name>
    </element>
    <element identifier="id-8fab219814a74848a09b357e0fad8f98" xsi:type="ApplicationComponent">
      <name>DWS</name>
    </element>
    <element identifier="id-98b5eb0dd263482083d39618de7c83b5" xsi:type="ApplicationComponent">
      <name>cIAM</name>
    </element>
    <element identifier="id-fc0585815d7e4505b6e012538ca371fc" xsi:type="ApplicationComponent">
      <name>MGS</name>
    </element>
    <element identifier="id-1887225fd9c849fe90dc4948ddeadf7f" xsi:type="ApplicationComponent">
      <name>Merchant Portal</name>
    </element>
    <element identifier="id-14eec160c9bd40c4a8e3673164a0b60d" xsi:type="ApplicationComponent">
      <name>InStore Acc</name>
    </element>
    <element identifier="id-f60a21894ea84c44849fc33cdfd1cbd9" xsi:type="ApplicationComponent">
      <name>DataPlatform</name>
    </element>
    <element identifier="id-446a138ec0084618ab84869660596a5b" xsi:type="ApplicationComponent">
      <name>Ingestion</name>
    </element>
    <element identifier="id-8a4556edde464d2792c9bd8937f318b2" xsi:type="ApplicationComponent">
      <name>Merchant portal data exposure</name>
    </element>
    <element identifier="id-9403c4971e7e426588d59857a8e0dda6" xsi:type="ApplicationComponent">
      <name>WLOP</name>
    </element>
    <element identifier="id-929aadaac51c49fdbea0f5d8e0ba1c56" xsi:type="ApplicationComponent">
      <name>WLOP Transaction dB</name>
    </element>
    <element identifier="id-9bf406de7fbc4bc98a7934c64e7dba33" xsi:type="ApplicationComponent">
      <name>European Front office</name>
    </element>
    <element identifier="id-463d4167cd8e4a18a267e18af004e1e6" xsi:type="ApplicationComponent">
      <name>Back Office</name>
    </element>
    <element identifier="id-314936efc1e4474eafd20533e0653bc2" xsi:type="ApplicationComponent">
      <name>Transaction report (Acc &amp; Acquiring)</name>
    </element>
    <element identifier="id-bf998c2fa90f403ba7ffcf85e035dee1" xsi:type="ApplicationComponent">
      <name>eCom Acc (WLOP)</name>
    </element>
    <element identifier="id-fce4cb9722f54af1a7b6050557fd0cc0" xsi:type="ApplicationComponent">
      <name>Reconciliation engine</name>
    </element>
    <element identifier="id-d1a12fe4dc2f46bfb7d3880193b6e235" xsi:type="ApplicationComponent">
      <name>Trans report FE</name>
    </element>
    <element identifier="id-1357c1384c7f44ec8933e394d9287a07" xsi:type="ApplicationComponent">
      <name>PASS/SCS/MEON data Ingestion</name>
    </element>
    <element identifier="id-02e60e06097d44b3b2bf070aefb65fbc" xsi:type="ApplicationComponent">
      <name>WLOP data ingestion</name>
    </element>
    <element identifier="id-f17bb0ebe9974dd9ad1ff7e557ee59d1" xsi:type="ApplicationComponent">
      <name>WLOP Front Office</name>
    </element>
    <element identifier="id-1df71a4a62dc4518a6e3df777b7510ff" xsi:type="ApplicationComponent">
      <name>PASS transaction</name>
    </element>
    <element identifier="id-20df4e3d189a4276a7a677a2b2551c01" xsi:type="ApplicationComponent">
      <name>Acceptance transaction</name>
    </element>
    <element identifier="id-a998d5a02921407299d6220c16b593a9" xsi:type="ApplicationComponent">
      <name>PASS merchant users Permission settings preparation</name>
    </element>
    <element identifier="id-df96d5dcfac04f1b895f1da8a0083ee8" xsi:type="ApplicationComponent">
      <name>MP PASS data extraction</name>
    </element>
    <element identifier="id-8c442390068740df9cee27dd3fbc3c21" xsi:type="ApplicationComponent">
      <name>MP eCom data extraction</name>
    </element>
    <element identifier="id-f63c54aa48464946861c19ce7d727af9" xsi:type="ApplicationComponent">
      <name>eP2 data ingestion</name>
    </element>
    <element identifier="id-50576b0249a5427580d18bc1765cff00" xsi:type="ApplicationComponent">
      <name>MP inStore acc data extraction</name>
    </element>
    <element identifier="id-eec37870ddaa4e18874a0785e5b01015" xsi:type="ApplicationComponent">
      <name>MP Acc data extraction</name>
    </element>
    <element identifier="id-c068e8b8c9c140d2bee017405306bf26" xsi:type="ApplicationComponent">
      <name>GSV reconciliation engine</name>
    </element>
    <element identifier="id-2fa694a223f24f7b8563a1db881b5c28" xsi:type="ApplicationComponent">
      <name>MP Reconciliation status preparation</name>
    </element>
    <element identifier="id-8a21cce74d2d4bed8f22690fd1f5a888" xsi:type="ApplicationComponent">
      <name>TUNZ</name>
    </element>
  </elements>
  <relationships>
    <relationship identifier="id-af9ff081d15647849109967e7cfb1a89" source="id-876ccfe5a4a64316ba133fa1314858e1" target="id-5baed0474eb643769743d7a260b40003" xsi:type="Composition" />
    <relationship identifier="id-91838fe71e124afcaf27f9b4f931e4af" source="id-876ccfe5a4a64316ba133fa1314858e1" target="id-83f202ffb9c84ee59ed00b58c086c4c1" xsi:type="Composition" />
    <relationship identifier="id-98b8ecd45abd475993c823d59bdf47b2" source="id-c21d6e67466543c187bd2615058e25e5" target="id-1c6c4d93fdf447c6ae564987eab294d7" xsi:type="Composition" />
    <relationship identifier="id-360dda1794934681a2b5d3c121e0ab1b" source="id-5baed0474eb643769743d7a260b40003" target="id-83f202ffb9c84ee59ed00b58c086c4c1" xsi:type="Composition" />
    <relationship identifier="id-0e2cab83e3ba44178c3793d416d70db3" source="id-e5bd45a01e1f46a69705277506640476" target="id-78fae27db0b94092bb44824ea3648cec" xsi:type="Composition" />
    <relationship identifier="id-f01732c431fa4a47ac207b6ae26c99d6" source="id-e5bd45a01e1f46a69705277506640476" target="id-30afd1ebb15a4a239dbe8696137cae54" xsi:type="Composition" />
    <relationship identifier="id-f8daced307a14e689a43e318f00cfc16" source="id-e5bd45a01e1f46a69705277506640476" target="id-e8e8bd32af4649eb9076f32404d2858c" xsi:type="Composition" />
    <relationship identifier="id-e332b907e73f4428beeceeff61844712" source="id-36094cc4449a4fb690cd19cdd06c8d8d" target="id-6930319ccaaf47ee9d4d01ee645fc628" xsi:type="Composition" />
    <relationship identifier="id-a05a98b41de44bc39c89890ca5a04663" source="id-36094cc4449a4fb690cd19cdd06c8d8d" target="id-00caa03f7d38451c82369def7d393e0e" xsi:type="Composition" />
    <relationship identifier="id-e01da46c16a4424291b891e50639ecf6" source="id-36094cc4449a4fb690cd19cdd06c8d8d" target="id-1929ad33f6814748b27e4b0ff051b355" xsi:type="Composition" />
    <relationship identifier="id-c662bb02ea9947f3b67d81ce49b66a06" source="id-311a6e1bd34545afaae65ec3890cc03f" target="id-a1da3b4f7cd0433fb4b9b52072275855" xsi:type="Composition" />
    <relationship identifier="id-bfdae47aa79d45f38e3873601e1af4d1" source="id-311a6e1bd34545afaae65ec3890cc03f" target="id-7b71dc1d3b2942e3a73149ed9183219a" xsi:type="Composition" />
    <relationship identifier="id-5640ff3e02fa4c9b8254c7009b8ef1aa" source="id-1887225fd9c849fe90dc4948ddeadf7f" target="id-14eec160c9bd40c4a8e3673164a0b60d" xsi:type="Composition" />
    <relationship identifier="id-5ce9d49978a846dabaac78166c474abb" source="id-f60a21894ea84c44849fc33cdfd1cbd9" target="id-446a138ec0084618ab84869660596a5b" xsi:type="Composition" />
    <relationship identifier="id-d35bfe52836649f4a19ac9c0b5b254f6" source="id-f60a21894ea84c44849fc33cdfd1cbd9" target="id-8a4556edde464d2792c9bd8937f318b2" xsi:type="Composition" />
    <relationship identifier="id-368b416e395a4baca1fdb767c7afa7a6" source="id-c21d6e67466543c187bd2615058e25e5" target="id-088a293e634a47868239054427faabcd" xsi:type="Composition" />
    <relationship identifier="id-c2682c3570d440788de3cfc6db33f283" source="id-f04e7e6b86664b5e94b21b063b76027c" target="id-1c6c4d93fdf447c6ae564987eab294d7" xsi:type="Realization" />
    <relationship identifier="id-aa554bd0720a43319fe526178b647b73" source="id-7657c9f1bd6248caaeb46b265ebcc65e" target="id-1c6c4d93fdf447c6ae564987eab294d7" xsi:type="Realization" />
    <relationship identifier="id-48e4328331ae40118a62fc86a10c0050" source="id-98b5eb0dd263482083d39618de7c83b5" target="id-088a293e634a47868239054427faabcd" xsi:type="Realization" />
    <relationship identifier="id-df81a02b259d4ac6aff805f75cd922e7" source="id-7657c9f1bd6248caaeb46b265ebcc65e" target="id-088a293e634a47868239054427faabcd" xsi:type="Realization" />
    <relationship identifier="id-9897fa664e7f4cce98b82d592131831e" source="id-98b5eb0dd263482083d39618de7c83b5" target="id-83f202ffb9c84ee59ed00b58c086c4c1" xsi:type="Realization" />
    <relationship identifier="id-b969b5a796324dc0909d1eae83a9f3b0" source="id-fc0585815d7e4505b6e012538ca371fc" target="id-98b5eb0dd263482083d39618de7c83b5" xsi:type="Serving" />
    <relationship identifier="id-10a22741034e4810abf086d1d02676a8" source="id-9403c4971e7e426588d59857a8e0dda6" target="id-929aadaac51c49fdbea0f5d8e0ba1c56" xsi:type="Composition" />
    <relationship identifier="id-69d9449e778149e08340e79b1d08197d" source="id-5baed0474eb643769743d7a260b40003" target="id-ae2ce7324f4f4c13887912758d8549c3" xsi:type="Composition" />
    <relationship identifier="id-b97980fc81af42b4a861dbebda37a56e" source="id-311a6e1bd34545afaae65ec3890cc03f" target="id-9bf406de7fbc4bc98a7934c64e7dba33" xsi:type="Composition" />
    <relationship identifier="id-b2350e7899a5471f98dadff8b22c18be" source="id-311a6e1bd34545afaae65ec3890cc03f" target="id-463d4167cd8e4a18a267e18af004e1e6" xsi:type="Composition" />
    <relationship identifier="id-be246f84748f4f7084ecafa0769ca451" source="id-1887225fd9c849fe90dc4948ddeadf7f" target="id-314936efc1e4474eafd20533e0653bc2" xsi:type="Composition" />
    <relationship identifier="id-83f3184ed4d34bafb29a7ba9efdc2431" source="id-1887225fd9c849fe90dc4948ddeadf7f" target="id-bf998c2fa90f403ba7ffcf85e035dee1" xsi:type="Composition" />
    <relationship identifier="id-820e3b6bb9864c0ea98606117075f3d9" source="id-314936efc1e4474eafd20533e0653bc2" target="id-fce4cb9722f54af1a7b6050557fd0cc0" xsi:type="Composition" />
    <relationship identifier="id-b9d1a7daa176457a835525cc97709f12" source="id-314936efc1e4474eafd20533e0653bc2" target="id-d1a12fe4dc2f46bfb7d3880193b6e235" xsi:type="Composition" />
    <relationship identifier="id-f04548f14b9e4116a516d0a2b1d32464" source="id-446a138ec0084618ab84869660596a5b" target="id-1357c1384c7f44ec8933e394d9287a07" xsi:type="Composition" />
    <relationship identifier="id-6266e4ffb18948ef95d50af40aff7e4c" source="id-446a138ec0084618ab84869660596a5b" target="id-02e60e06097d44b3b2bf070aefb65fbc" xsi:type="Composition" />
    <relationship identifier="id-5ba0357d38a1475792f47bd541e9b53e" source="id-9403c4971e7e426588d59857a8e0dda6" target="id-f17bb0ebe9974dd9ad1ff7e557ee59d1" xsi:type="Composition" />
    <relationship identifier="id-af8d334feb834ad4bd396eecbccdedcc" source="id-314936efc1e4474eafd20533e0653bc2" target="id-1df71a4a62dc4518a6e3df777b7510ff" xsi:type="Composition" />
    <relationship identifier="id-019de8842d274595bc82b9cc8ce5c9b7" source="id-314936efc1e4474eafd20533e0653bc2" target="id-20df4e3d189a4276a7a677a2b2551c01" xsi:type="Composition" />
    <relationship identifier="id-1e89c0e8892d479e94560018dc5c1c54" source="id-3a35743ef7f34b2784705416a9624f0a" target="id-a998d5a02921407299d6220c16b593a9" xsi:type="Composition" />
    <relationship identifier="id-14a48f5ccc384a5191dbc8e77edf8448" source="id-8a4556edde464d2792c9bd8937f318b2" target="id-df96d5dcfac04f1b895f1da8a0083ee8" xsi:type="Composition" />
    <relationship identifier="id-03e4186ebb7345c9bb1220589e9a2dbf" source="id-8a4556edde464d2792c9bd8937f318b2" target="id-8c442390068740df9cee27dd3fbc3c21" xsi:type="Composition" />
    <relationship identifier="id-871f5526835b4f39a981d9d92f0e9e59" source="id-446a138ec0084618ab84869660596a5b" target="id-f63c54aa48464946861c19ce7d727af9" xsi:type="Composition" />
    <relationship identifier="id-016d1e6d63144e419eae06ffb007e995" source="id-8a4556edde464d2792c9bd8937f318b2" target="id-50576b0249a5427580d18bc1765cff00" xsi:type="Composition" />
    <relationship identifier="id-b1229edfda284501b34130cbdd687672" source="id-8a4556edde464d2792c9bd8937f318b2" target="id-eec37870ddaa4e18874a0785e5b01015" xsi:type="Composition" />
    <relationship identifier="id-7cb59aa402934def9e88be83cfb52249" source="id-f60a21894ea84c44849fc33cdfd1cbd9" target="id-c068e8b8c9c140d2bee017405306bf26" xsi:type="Composition" />
    <relationship identifier="id-fecbf559e9804df28cb10b9646a1b904" source="id-8a4556edde464d2792c9bd8937f318b2" target="id-2fa694a223f24f7b8563a1db881b5c28" xsi:type="Composition" />
    <relationship identifier="id-2349889bdf9a46d4a8ed2b99ea487413" source="id-1c6c4d93fdf447c6ae564987eab294d7" target="id-85510af941a9409eb564086d9beea5c3" xsi:type="Composition" />
    <relationship identifier="id-9098e8af2b0e47b98c185c8d8badfd00" source="id-1c6c4d93fdf447c6ae564987eab294d7" target="id-1ae3f759bda44e93814b76a2145ad472" xsi:type="Composition" />
    <relationship identifier="id-74f20c1dbe9f4e7e94b617a9d720cc7c" source="id-1c6c4d93fdf447c6ae564987eab294d7" target="id-25de6719034d48ca8d13f629571b3b15" xsi:type="Composition" />
    <relationship identifier="id-e0bbf4e4fd1b47a5accfb6829ed039ae" source="id-5baed0474eb643769743d7a260b40003" target="id-25de6719034d48ca8d13f629571b3b15" xsi:type="Composition" />
    <relationship identifier="id-ae35d4ec34e54d18810df69ea81ca735" source="id-5baed0474eb643769743d7a260b40003" target="id-a8ca1687519f4768989d85b2650826cf" xsi:type="Composition" />
    <relationship identifier="id-bf398fbdd744423796e2d0382a95df05" source="id-a8ca1687519f4768989d85b2650826cf" target="id-25de6719034d48ca8d13f629571b3b15" xsi:type="Composition" />
    <relationship identifier="id-f74dfa43dd0f4ed9926730425cb71785" source="id-5baed0474eb643769743d7a260b40003" target="id-1079c084f82141e383a1e2f487a27754" xsi:type="Composition" />
  </relationships>
  <views>
    <diagrams>
      <view identifier="id-c3411b4551e646949450dc28200bba30" xsi:type="Diagram">
        <name>Option 1 - Functional view</name>
        <node identifier="id-fbb6e5e2f431440f9cd6e73eba068d67" elementRef="id-c21d6e67466543c187bd2615058e25e5" xsi:type="Element" x="588" y="708" w="349" h="348">
          <style>
            <fillColor r="255" g="255" b="181" a="100" />
            <lineColor r="92" g="92" b="92" a="100" />
            <font name="Lucida Grande" size="12">
              <color r="0" g="0" b="0" />
            </font>
          </style>
          <node identifier="id-ab122b40811846c187b349da05d77754" elementRef="id-1c6c4d93fdf447c6ae564987eab294d7" xsi:type="Element" x="612" y="755" w="288" h="182">
            <style>
              <fillColor r="255" g="255" b="181" a="100" />
              <lineColor r="92" g="92" b="92" a="100" />
              <font name="Lucida Grande" size="12">
                <color r="0" g="0" b="0" />
              </font>
            </style>
            <node identifier="id-89082e7bca3a4bdb9b0386acf25f9209" elementRef="id-85510af941a9409eb564086d9beea5c3" xsi:type="Element" x="756" y="803" w="120" h="55">
              <style>
                <fillColor r="255" g="255" b="181" a="100" />
                <lineColor r="92" g="92" b="92" a="100" />
                <font name="Lucida Grande" size="12">
                  <color r="0" g="0" b="0" />
                </font>
              </style>
            </node>
            <node identifier="id-a5c3d3399bcc46acbbef95e491391d45" elementRef="id-1ae3f759bda44e93814b76a2145ad472" xsi:type="Element" x="756" y="863" w="120" h="55">
              <style>
                <fillColor r="255" g="255" b="181" a="100" />
                <lineColor r="92" g="92" b="92" a="100" />
                <font name="Lucida Grande" size="12">
                  <color r="0" g="0" b="0" />
                </font>
              </style>
            </node>
            <node identifier="id-daf7571f981c4a4c99aadfe5b2ae0044" elementRef="id-25de6719034d48ca8d13f629571b3b15" xsi:type="Element" x="624" y="803" w="120" h="55">
              <style>
                <fillColor r="255" g="255" b="181" a="100" />
                <lineColor r="92" g="92" b="92" a="100" />
                <font name="Lucida Grande" size="12">
                  <color r="0" g="0" b="0" />
                </font>
              </style>
            </node>
          </node>
          <node identifier="id-fa6b9c616cfc4de699388c8b9a68596c" elementRef="id-088a293e634a47868239054427faabcd" xsi:type="Element" x="684" y="960" w="192" h="55">
            <style>
              <fillColor r="255" g="255" b="181" a="100" />
              <lineColor r="92" g="92" b="92" a="100" />
              <font name="Lucida Grande" size="12">
                <color r="0" g="0" b="0" />
              </font>
            </style>
          </node>
        </node>
        <node identifier="id-654f74bd97d148b9b52cedb5be31e7e7" elementRef="id-876ccfe5a4a64316ba133fa1314858e1" xsi:type="Element" x="948" y="708" w="479" h="468">
          <style>
            <fillColor r="255" g="255" b="181" a="100" />
            <lineColor r="92" g="92" b="92" a="100" />
            <font name="Lucida Grande" size="12">
              <color r="0" g="0" b="0" />
            </font>
          </style>
          <node identifier="id-e3b9f7c704c74dfba634b18cd59aec07" elementRef="id-5baed0474eb643769743d7a260b40003" xsi:type="Element" x="972" y="840" w="443" h="309">
            <style>
              <fillColor r="255" g="255" b="181" a="100" />
              <lineColor r="92" g="92" b="92" a="100" />
              <font name="Lucida Grande" size="12">
                <color r="0" g="0" b="0" />
              </font>
            </style>
            <node identifier="id-c6cfc47fe20c458e8ef15eaea2c2d62c" elementRef="id-83f202ffb9c84ee59ed00b58c086c4c1" xsi:type="Element" x="996" y="1044" w="384" h="55">
              <style>
                <fillColor r="255" g="255" b="181" a="100" />
                <lineColor r="92" g="92" b="92" a="100" />
                <font name="Lucida Grande" size="12">
                  <color r="0" g="0" b="0" />
                </font>
              </style>
            </node>
            <node identifier="id-8835500af9a34f078a54523a061993d9" elementRef="id-ae2ce7324f4f4c13887912758d8549c3" xsi:type="Element" x="984" y="888" w="133" h="55">
              <style>
                <fillColor r="255" g="255" b="181" a="100" />
                <lineColor r="92" g="92" b="92" a="100" />
                <font name="Lucida Grande" size="12">
                  <color r="0" g="0" b="0" />
                </font>
              </style>
            </node>
            <node identifier="id-6cc23a3fa81141849bde65d532b43c47" xsi:type="Label" x="984" y="936" w="121" h="80">
              <label>How do we get existing merchant data?</label>
              <style>
                <fillColor r="255" g="255" b="255" a="100" />
                <lineColor r="92" g="92" b="92" a="100" />
                <font name="Lucida Grande" size="12">
                  <color r="0" g="0" b="0" />
                </font>
              </style>
            </node>
            <node identifier="id-33907cfdabaf46ceacb032b4306e3afe" elementRef="id-a8ca1687519f4768989d85b2650826cf" xsi:type="Element" x="1128" y="888" w="144" h="128">
              <style>
                <fillColor r="255" g="255" b="181" a="100" />
                <lineColor r="92" g="92" b="92" a="100" />
                <font name="Lucida Grande" size="12">
                  <color r="0" g="0" b="0" />
                </font>
              </style>
              <node identifier="id-713304a9659d4e1c914727ef9c3a3929" elementRef="id-25de6719034d48ca8d13f629571b3b15" xsi:type="Element" x="1140" y="948" w="120" h="55">
                <style>
                  <fillColor r="255" g="255" b="181" a="100" />
                  <lineColor r="92" g="92" b="92" a="100" />
                  <font name="Lucida Grande" size="12">
                    <color r="0" g="0" b="0" />
                  </font>
                </style>
              </node>
            </node>
            <node identifier="id-254b90906240456d9dcca7c6df489942" elementRef="id-1079c084f82141e383a1e2f487a27754" xsi:type="Element" x="1284" y="888" w="120" h="55">
              <style>
                <fillColor r="255" g="255" b="181" a="100" />
                <lineColor r="92" g="92" b="92" a="100" />
                <font name="Lucida Grande" size="12">
                  <color r="0" g="0" b="0" />
                </font>
              </style>
            </node>
          </node>
          <node identifier="id-513f445866c94308b78d69011fad6ba1" elementRef="id-0a1f9d7123324841b5ed468fba8adede" xsi:type="Element" x="1260" y="768" w="120" h="55">
            <style>
              <fillColor r="255" g="255" b="181" a="100" />
              <lineColor r="92" g="92" b="92" a="100" />
              <font name="Lucida Grande" size="12">
                <color r="0" g="0" b="0" />
              </font>
            </style>
          </node>
        </node>
        <node identifier="id-87c3f95793e24b1fb822e5ee6630792c" elementRef="id-d9586b39f6f14e4e99ee3ee3e073e351" xsi:type="Element" x="1452" y="734" w="120" h="55">
          <style>
            <fillColor r="255" g="255" b="181" a="100" />
            <lineColor r="92" g="92" b="92" a="100" />
            <font name="Lucida Grande" size="12">
              <color r="0" g="0" b="0" />
            </font>
          </style>
        </node>
        <node identifier="id-c177810a120d433893e3227881582fef" elementRef="id-6ac05a59863645c4984201e0934ade21" xsi:type="Element" x="1452" y="804" w="120" h="55">
          <style>
            <fillColor r="255" g="255" b="181" a="100" />
            <lineColor r="92" g="92" b="92" a="100" />
            <font name="Lucida Grande" size="12">
              <color r="0" g="0" b="0" />
            </font>
          </style>
        </node>
        <node identifier="id-36dac8845c5d46139fea2b0c2b828ca8" elementRef="id-51c766179b8b4a6f959067a4f7dfef05" xsi:type="Element" x="1608" y="708" w="997" h="442">
          <style>
            <fillColor r="255" g="255" b="181" a="100" />
            <lineColor r="92" g="92" b="92" a="100" />
            <font name="Lucida Grande" size="12">
              <color r="0" g="0" b="0" />
            </font>
          </style>
          <node identifier="id-031c05e375bc46d68fb7b360eeff39e5" xsi:type="Label" x="1782" y="744" w="457" h="85">
            <label>(1) At top level merchant, who is collecting the complete aggregation of PSP Id and PIDs
(2) How to ensure we are located at the correct levels in the Acq and Acc hierarchies. Who is managing that observation is aligned?</label>
            <style>
              <fillColor r="255" g="255" b="255" a="100" />
              <lineColor r="92" g="92" b="92" a="100" />
              <font name="Lucida Grande" size="12">
                <color r="0" g="0" b="0" />
              </font>
            </style>
          </node>
          <node identifier="id-a0266bad0c8240379a5a3a82eaf873e0" x="1632" y="840" w="757" h="289" xsi:type="Container">
            <label>reporting a reconciled list of eCom acceptance and acquiring</label>
            <style>
              <fillColor r="210" g="215" b="215" a="100" />
              <lineColor r="92" g="92" b="92" a="100" />
              <font name="Lucida Grande" size="12">
                <color r="0" g="0" b="0" />
              </font>
            </style>
            <node identifier="id-f1ebba5095764a289c17d2fe7880629a" elementRef="id-e5bd45a01e1f46a69705277506640476" xsi:type="Element" x="1644" y="864" w="253" h="253">
              <style>
                <fillColor r="255" g="255" b="181" a="100" />
                <lineColor r="92" g="92" b="92" a="100" />
                <font name="Lucida Grande" size="12">
                  <color r="0" g="0" b="0" />
                </font>
              </style>
              <node identifier="id-ec5997ae0f6547888bffe7523d6a2abc" elementRef="id-78fae27db0b94092bb44824ea3648cec" xsi:type="Element" x="1680" y="924" w="169" h="49">
                <style>
                  <fillColor r="255" g="255" b="181" a="100" />
                  <lineColor r="92" g="92" b="92" a="100" />
                  <font name="Lucida Grande" size="12">
                    <color r="0" g="0" b="0" />
                  </font>
                </style>
              </node>
              <node identifier="id-62a4bc191e0348de82381655f63ddec2" elementRef="id-30afd1ebb15a4a239dbe8696137cae54" xsi:type="Element" x="1679" y="984" w="171" h="55">
                <style>
                  <fillColor r="255" g="255" b="181" a="100" />
                  <lineColor r="92" g="92" b="92" a="100" />
                  <font name="Lucida Grande" size="12">
                    <color r="0" g="0" b="0" />
                  </font>
                </style>
              </node>
              <node identifier="id-bd978e8b357b4c97a6fa0f93729e5e60" elementRef="id-e8e8bd32af4649eb9076f32404d2858c" xsi:type="Element" x="1679" y="1056" w="138" h="55">
                <style>
                  <fillColor r="255" g="255" b="181" a="100" />
                  <lineColor r="92" g="92" b="92" a="100" />
                  <font name="Lucida Grande" size="12">
                    <color r="0" g="0" b="0" />
                  </font>
                </style>
              </node>
            </node>
            <node identifier="id-fdcbb794cc6948f481b1c090773ce180" elementRef="id-f9825cf264b741fc99647f6c3f8658a7" xsi:type="Element" x="1896" y="864" w="191" h="55">
              <style>
                <fillColor r="255" g="255" b="181" a="100" />
                <lineColor r="92" g="92" b="92" a="100" />
                <font name="Lucida Grande" size="12">
                  <color r="0" g="0" b="0" />
                </font>
              </style>
            </node>
            <node identifier="id-0a4a33f93ae94e91a970284ff26eb680" elementRef="id-36094cc4449a4fb690cd19cdd06c8d8d" xsi:type="Element" x="2098" y="864" w="267" h="253">
              <style>
                <fillColor r="255" g="255" b="181" a="100" />
                <lineColor r="92" g="92" b="92" a="100" />
                <font name="Lucida Grande" size="12">
                  <color r="0" g="0" b="0" />
                </font>
              </style>
              <node identifier="id-40fb37451a1c46a7ac326b2abee2d49f" elementRef="id-6930319ccaaf47ee9d4d01ee645fc628" xsi:type="Element" x="2110" y="900" w="208" h="55">
                <style>
                  <fillColor r="255" g="255" b="181" a="100" />
                  <lineColor r="92" g="92" b="92" a="100" />
                  <font name="Lucida Grande" size="12">
                    <color r="0" g="0" b="0" />
                  </font>
                </style>
              </node>
              <node identifier="id-625c68756cf6484d98f141cd6ec0802c" elementRef="id-00caa03f7d38451c82369def7d393e0e" xsi:type="Element" x="2110" y="960" w="208" h="55">
                <style>
                  <fillColor r="255" g="255" b="181" a="100" />
                  <lineColor r="92" g="92" b="92" a="100" />
                  <font name="Lucida Grande" size="12">
                    <color r="0" g="0" b="0" />
                  </font>
                </style>
              </node>
              <node identifier="id-93689a76dfd84c5fbc47a33c6bc163aa" elementRef="id-1929ad33f6814748b27e4b0ff051b355" xsi:type="Element" x="2111" y="1044" w="205" h="55">
                <style>
                  <fillColor r="255" g="255" b="181" a="100" />
                  <lineColor r="92" g="92" b="92" a="100" />
                  <font name="Lucida Grande" size="12">
                    <color r="0" g="0" b="0" />
                  </font>
                </style>
              </node>
            </node>
            <node identifier="id-235d2d2e11524b83b0476bcde8dafb4a" xsi:type="Label" x="1933" y="1002" w="185" h="80">
              <label>Define reconciliation function</label>
              <style>
                <fillColor r="255" g="255" b="255" a="100" />
                <lineColor r="92" g="92" b="92" a="100" />
                <font name="Lucida Grande" size="12">
                  <color r="0" g="0" b="0" />
                </font>
              </style>
            </node>
          </node>
          <node identifier="id-3a58ab8ef9ff434e9685146c05683264" x="2412" y="840" w="180" h="140" xsi:type="Container">
            <label>Other????</label>
            <style>
              <fillColor r="210" g="215" b="215" a="100" />
              <lineColor r="92" g="92" b="92" a="100" />
              <font name="Lucida Grande" size="12">
                <color r="0" g="0" b="0" />
              </font>
            </style>
          </node>
          <node identifier="id-b11eef63c5ad4d8e90257995579e0ad1" xsi:type="Label" x="2376" y="1019" w="227" h="109">
            <label>Mismatches can come from : 
- lifecycle status mismatch
- Transation in Acc not found in Acq
- Transaction in Acq not in Acc
- Bad look up due to hierarchy mismatch.</label>
            <style>
              <fillColor r="255" g="255" b="255" a="100" />
              <lineColor r="92" g="92" b="92" a="100" />
              <font name="Lucida Grande" size="12">
                <color r="0" g="0" b="0" />
              </font>
            </style>
          </node>
        </node>
        <connection identifier="id-4d21161c05934a88ba58fd581c427103" xsi:type="Line" source="id-b11eef63c5ad4d8e90257995579e0ad1" target="id-625c68756cf6484d98f141cd6ec0802c">
          <style>
            <lineColor r="0" g="0" b="0" />
            <font name="Lucida Grande" size="12">
              <color r="0" g="0" b="0" />
            </font>
          </style>
        </connection>
      </view>
      <view identifier="id-200a497fb2af4d7ba26fefee39946de9" xsi:type="Diagram">
        <name>Option 1 - Impact on components</name>
        <node identifier="id-c0b069a8937b47649613d021c81fde56" elementRef="id-7657c9f1bd6248caaeb46b265ebcc65e" xsi:type="Element" x="737" y="1139" w="120" h="55">
          <style>
            <fillColor r="181" g="255" b="255" a="100" />
            <lineColor r="92" g="92" b="92" a="100" />
            <font name="Lucida Grande" size="12">
              <color r="0" g="0" b="0" />
            </font>
          </style>
        </node>
        <node identifier="id-5bdce9bbd0cf47efb4fb27ec0ce5a989" elementRef="id-f04e7e6b86664b5e94b21b063b76027c" xsi:type="Element" x="737" y="1218" w="120" h="55">
          <style>
            <fillColor r="181" g="255" b="255" a="100" />
            <lineColor r="92" g="92" b="92" a="100" />
            <font name="Lucida Grande" size="12">
              <color r="0" g="0" b="0" />
            </font>
          </style>
        </node>
        <node identifier="id-dbb4b9548a1649a8bbf9c31ceb150dfb" elementRef="id-3a35743ef7f34b2784705416a9624f0a" xsi:type="Element" x="1164" y="624" w="180" h="289">
          <style>
            <fillColor r="181" g="255" b="255" a="100" />
            <lineColor r="92" g="92" b="92" a="100" />
            <font name="Lucida Grande" size="12">
              <color r="0" g="0" b="0" />
            </font>
          </style>
          <node identifier="id-48ba40ff2ea84c52b416d32fcb1b30ef" elementRef="id-a998d5a02921407299d6220c16b593a9" xsi:type="Element" x="1200" y="828" w="120" h="55">
            <style>
              <fillColor r="181" g="255" b="255" a="100" />
              <lineColor r="92" g="92" b="92" a="100" />
              <font name="Lucida Grande" size="12">
                <color r="0" g="0" b="0" />
              </font>
            </style>
          </node>
        </node>
        <node identifier="id-3133cbfaadbf458ea688d4de0cc87662" elementRef="id-97a9646656fb418986628666424617c5" xsi:type="Element" x="737" y="1056" w="120" h="55">
          <style>
            <fillColor r="181" g="255" b="255" a="100" />
            <lineColor r="92" g="92" b="92" a="100" />
            <font name="Lucida Grande" size="12">
              <color r="0" g="0" b="0" />
            </font>
          </style>
        </node>
        <node identifier="id-8afb22dfbbb147aba6a5674612f9152e" elementRef="id-311a6e1bd34545afaae65ec3890cc03f" xsi:type="Element" x="912" y="1164" w="403" h="180">
          <style>
            <fillColor r="181" g="255" b="255" a="100" />
            <lineColor r="92" g="92" b="92" a="100" />
            <font name="Lucida Grande" size="12">
              <color r="0" g="0" b="0" />
            </font>
          </style>
          <node identifier="id-7e161068cb054f3abcbec69b69e9f71d" elementRef="id-a1da3b4f7cd0433fb4b9b52072275855" xsi:type="Element" x="948" y="1212" w="120" h="55">
            <style>
              <fillColor r="181" g="255" b="255" a="100" />
              <lineColor r="92" g="92" b="92" a="100" />
              <font name="Lucida Grande" size="12">
                <color r="0" g="0" b="0" />
              </font>
            </style>
          </node>
          <node identifier="id-86358bdb2766422fa56613ed8e1aec25" elementRef="id-7b71dc1d3b2942e3a73149ed9183219a" xsi:type="Element" x="1104" y="1212" w="120" h="55">
            <style>
              <fillColor r="181" g="255" b="255" a="100" />
              <lineColor r="92" g="92" b="92" a="100" />
              <font name="Lucida Grande" size="12">
                <color r="0" g="0" b="0" />
              </font>
            </style>
          </node>
          <node identifier="id-830c9e250da246d8ad841f33a3867077" elementRef="id-8fab219814a74848a09b357e0fad8f98" xsi:type="Element" x="1104" y="1272" w="120" h="55">
            <style>
              <fillColor r="181" g="255" b="255" a="100" />
              <lineColor r="92" g="92" b="92" a="100" />
              <font name="Lucida Grande" size="12">
                <color r="0" g="0" b="0" />
              </font>
            </style>
          </node>
        </node>
        <node identifier="id-c217d020aaa14666982b369c591d4be8" elementRef="id-98b5eb0dd263482083d39618de7c83b5" xsi:type="Element" x="972" y="660" w="120" h="55">
          <style>
            <fillColor r="181" g="255" b="255" a="100" />
            <lineColor r="92" g="92" b="92" a="100" />
            <font name="Lucida Grande" size="12">
              <color r="0" g="0" b="0" />
            </font>
          </style>
        </node>
        <node identifier="id-47280fee8ae944a6bc1ea233e8ffc735" elementRef="id-fc0585815d7e4505b6e012538ca371fc" xsi:type="Element" x="972" y="732" w="120" h="55">
          <style>
            <fillColor r="181" g="255" b="255" a="100" />
            <lineColor r="92" g="92" b="92" a="100" />
            <font name="Lucida Grande" size="12">
              <color r="0" g="0" b="0" />
            </font>
          </style>
        </node>
        <node identifier="id-ba145f0cd5424af4adc268ecd474fd45" elementRef="id-1887225fd9c849fe90dc4948ddeadf7f" xsi:type="Element" x="1358" y="624" w="362" h="384">
          <style>
            <fillColor r="181" g="255" b="255" a="100" />
            <lineColor r="92" g="92" b="92" a="100" />
            <font name="Lucida Grande" size="12">
              <color r="0" g="0" b="0" />
            </font>
          </style>
          <node identifier="id-7d49a90de3244536932de4ccbaf88bd8" elementRef="id-14eec160c9bd40c4a8e3673164a0b60d" xsi:type="Element" x="1397" y="900" w="120" h="55">
            <style>
              <fillColor r="181" g="255" b="255" a="100" />
              <lineColor r="92" g="92" b="92" a="100" />
              <font name="Lucida Grande" size="12">
                <color r="0" g="0" b="0" />
              </font>
            </style>
          </node>
          <node identifier="id-c0d5a7b490784d228453060f43cf5a40" elementRef="id-314936efc1e4474eafd20533e0653bc2" xsi:type="Element" x="1526" y="672" w="180" h="300">
            <style>
              <fillColor r="181" g="255" b="255" a="100" />
              <lineColor r="92" g="92" b="92" a="100" />
              <font name="Lucida Grande" size="12">
                <color r="0" g="0" b="0" />
              </font>
            </style>
            <node identifier="id-2ccfb22d2f1e461eb6e244d29a9463a2" elementRef="id-fce4cb9722f54af1a7b6050557fd0cc0" xsi:type="Element" x="1550" y="780" w="120" h="55">
              <style>
                <fillColor r="181" g="255" b="255" a="100" />
                <lineColor r="92" g="92" b="92" a="100" />
                <font name="Lucida Grande" size="12">
                  <color r="0" g="0" b="0" />
                </font>
              </style>
            </node>
            <node identifier="id-edab275e9af0456fb9eaeeec05e5e467" elementRef="id-d1a12fe4dc2f46bfb7d3880193b6e235" xsi:type="Element" x="1550" y="720" w="120" h="55">
              <style>
                <fillColor r="181" g="255" b="255" a="100" />
                <lineColor r="92" g="92" b="92" a="100" />
                <font name="Lucida Grande" size="12">
                  <color r="0" g="0" b="0" />
                </font>
              </style>
            </node>
            <node identifier="id-9afe719193fb471c8fbd24c0e94fa023" elementRef="id-1df71a4a62dc4518a6e3df777b7510ff" xsi:type="Element" x="1550" y="840" w="120" h="55">
              <style>
                <fillColor r="181" g="255" b="255" a="100" />
                <lineColor r="92" g="92" b="92" a="100" />
                <font name="Lucida Grande" size="12">
                  <color r="0" g="0" b="0" />
                </font>
              </style>
            </node>
            <node identifier="id-63cd4b5e6b6045ea8c133e104c205fde" elementRef="id-20df4e3d189a4276a7a677a2b2551c01" xsi:type="Element" x="1550" y="900" w="120" h="55">
              <style>
                <fillColor r="181" g="255" b="255" a="100" />
                <lineColor r="92" g="92" b="92" a="100" />
                <font name="Lucida Grande" size="12">
                  <color r="0" g="0" b="0" />
                </font>
              </style>
            </node>
          </node>
          <node identifier="id-b5cd059439974d179c11328516999870" elementRef="id-bf998c2fa90f403ba7ffcf85e035dee1" xsi:type="Element" x="1397" y="681" w="120" h="208">
            <style>
              <fillColor r="181" g="255" b="255" a="100" />
              <lineColor r="92" g="92" b="92" a="100" />
              <font name="Lucida Grande" size="12">
                <color r="0" g="0" b="0" />
              </font>
            </style>
          </node>
        </node>
        <node identifier="id-4865b6ddb42147e3acfc315b4541223e" elementRef="id-f60a21894ea84c44849fc33cdfd1cbd9" xsi:type="Element" x="1536" y="1032" w="780" h="384">
          <style>
            <fillColor r="181" g="255" b="255" a="100" />
            <lineColor r="92" g="92" b="92" a="100" />
            <font name="Lucida Grande" size="12">
              <color r="0" g="0" b="0" />
            </font>
          </style>
          <node identifier="id-434fe4ff0417434895c3b85012de661e" elementRef="id-446a138ec0084618ab84869660596a5b" xsi:type="Element" x="1584" y="1224" w="312" h="167">
            <style>
              <fillColor r="181" g="255" b="255" a="100" />
              <lineColor r="92" g="92" b="92" a="100" />
              <font name="Lucida Grande" size="12">
                <color r="0" g="0" b="0" />
              </font>
            </style>
            <node identifier="id-28b9ec7b857847cea2d4ac2a9ec5b0cb" elementRef="id-1357c1384c7f44ec8933e394d9287a07" xsi:type="Element" x="1620" y="1248" w="120" h="55">
              <style>
                <fillColor r="181" g="255" b="255" a="100" />
                <lineColor r="92" g="92" b="92" a="100" />
                <font name="Lucida Grande" size="12">
                  <color r="0" g="0" b="0" />
                </font>
              </style>
            </node>
            <node identifier="id-77a15a7b8b644c4bbc76cf5aa0d9f963" elementRef="id-02e60e06097d44b3b2bf070aefb65fbc" xsi:type="Element" x="1620" y="1320" w="120" h="55">
              <style>
                <fillColor r="181" g="255" b="255" a="100" />
                <lineColor r="92" g="92" b="92" a="100" />
                <font name="Lucida Grande" size="12">
                  <color r="0" g="0" b="0" />
                </font>
              </style>
            </node>
            <node identifier="id-66e578a3f82f426298e3035d235d7d44" elementRef="id-f63c54aa48464946861c19ce7d727af9" xsi:type="Element" x="1752" y="1248" w="120" h="55">
              <style>
                <fillColor r="181" g="255" b="255" a="100" />
                <lineColor r="92" g="92" b="92" a="100" />
                <font name="Lucida Grande" size="12">
                  <color r="0" g="0" b="0" />
                </font>
              </style>
            </node>
          </node>
          <node identifier="id-12e353f8473944b48768044c400b0822" elementRef="id-8a4556edde464d2792c9bd8937f318b2" xsi:type="Element" x="1584" y="1070" w="720" h="131">
            <style>
              <fillColor r="181" g="255" b="255" a="100" />
              <lineColor r="92" g="92" b="92" a="100" />
              <font name="Lucida Grande" size="12">
                <color r="0" g="0" b="0" />
              </font>
            </style>
            <node identifier="id-e392f94f67ca45baa47f4eda909d3b42" elementRef="id-df96d5dcfac04f1b895f1da8a0083ee8" xsi:type="Element" x="1608" y="1118" w="120" h="55">
              <style>
                <fillColor r="181" g="255" b="255" a="100" />
                <lineColor r="92" g="92" b="92" a="100" />
                <font name="Lucida Grande" size="12">
                  <color r="0" g="0" b="0" />
                </font>
              </style>
            </node>
            <node identifier="id-c392777a78f2463b9ae236546ab42bfd" elementRef="id-8c442390068740df9cee27dd3fbc3c21" xsi:type="Element" x="1752" y="1118" w="120" h="55">
              <style>
                <fillColor r="181" g="255" b="255" a="100" />
                <lineColor r="92" g="92" b="92" a="100" />
                <font name="Lucida Grande" size="12">
                  <color r="0" g="0" b="0" />
                </font>
              </style>
            </node>
            <node identifier="id-9dc7ef4baa184ac899c97c92b5e738b6" elementRef="id-50576b0249a5427580d18bc1765cff00" xsi:type="Element" x="1888" y="1120" w="120" h="55">
              <style>
                <fillColor r="181" g="255" b="255" a="100" />
                <lineColor r="92" g="92" b="92" a="100" />
                <font name="Lucida Grande" size="12">
                  <color r="0" g="0" b="0" />
                </font>
              </style>
            </node>
            <node identifier="id-1b49243dc5ab435ba1280b0806f81c9f" elementRef="id-eec37870ddaa4e18874a0785e5b01015" xsi:type="Element" x="2026" y="1116" w="120" h="55">
              <style>
                <fillColor r="181" g="255" b="255" a="100" />
                <lineColor r="92" g="92" b="92" a="100" />
                <font name="Lucida Grande" size="12">
                  <color r="0" g="0" b="0" />
                </font>
              </style>
            </node>
            <node identifier="id-ef7aae9b38f443dbba315ffa97c6c9fb" elementRef="id-2fa694a223f24f7b8563a1db881b5c28" xsi:type="Element" x="2170" y="1118" w="120" h="55">
              <style>
                <fillColor r="181" g="255" b="255" a="100" />
                <lineColor r="92" g="92" b="92" a="100" />
                <font name="Lucida Grande" size="12">
                  <color r="0" g="0" b="0" />
                </font>
              </style>
            </node>
          </node>
          <node identifier="id-1b05f396bab648c1a4b3ab95e2f5d15d" elementRef="id-c068e8b8c9c140d2bee017405306bf26" xsi:type="Element" x="1932" y="1224" w="120" h="55">
            <style>
              <fillColor r="181" g="255" b="255" a="100" />
              <lineColor r="92" g="92" b="92" a="100" />
              <font name="Lucida Grande" size="12">
                <color r="0" g="0" b="0" />
              </font>
            </style>
          </node>
        </node>
        <node identifier="id-690fae207b99406ab42777bc28fa07aa" elementRef="id-9403c4971e7e426588d59857a8e0dda6" xsi:type="Element" x="1332" y="1164" w="156" h="180">
          <style>
            <fillColor r="181" g="255" b="255" a="100" />
            <lineColor r="92" g="92" b="92" a="100" />
            <font name="Lucida Grande" size="12">
              <color r="0" g="0" b="0" />
            </font>
          </style>
          <node identifier="id-a639db98159f4b5981672672add6c030" elementRef="id-929aadaac51c49fdbea0f5d8e0ba1c56" xsi:type="Element" x="1356" y="1260" w="120" h="55">
            <style>
              <fillColor r="181" g="255" b="255" a="100" />
              <lineColor r="92" g="92" b="92" a="100" />
              <font name="Lucida Grande" size="12">
                <color r="0" g="0" b="0" />
              </font>
            </style>
          </node>
          <node identifier="id-52df1d54c7a44cd99ecbfb978389d089" elementRef="id-f17bb0ebe9974dd9ad1ff7e557ee59d1" xsi:type="Element" x="1356" y="1200" w="120" h="55">
            <style>
              <fillColor r="181" g="255" b="255" a="100" />
              <lineColor r="92" g="92" b="92" a="100" />
              <font name="Lucida Grande" size="12">
                <color r="0" g="0" b="0" />
              </font>
            </style>
          </node>
        </node>
        <node identifier="id-57e3a6b043a24ae2b0b754b33a80c25d" xsi:type="Label" x="1343" y="228" w="733" h="373">
          <label>Option 1 - expose an Acc eCom and Acq reconciled status in Acc eCom reporting service

Assumptions
- Acc Trans. - eCom only. No need of inStore. No dependancy on HPNS migration
- Requirements (freshness of data, algo, ...) same as GSV reconciliation 

Questions : 
- How to manage status for Omnichannel transaction?
- Is it possible to reuse TUNZ components for reconciling function in Merchant portal

1. Reconciliation : 
	PASS and WLOP data are ingested into DP in RT. 
	Merchant hierarchy is aligned into DP.
1.A Reconciliation in Merchant portal
           1.A shortcut - get WLOP data from WLOP Trx DB. Already exists and suits the UC. Requires to store Acc and Acq into Merchant Portal
1.B Reconciliation in DataPlatform
           1.B shortcut - reuse GSV reconciliation service. PASS data can be reused. Need to ingest WLOP data into DP. Need a specific DP I/F to get reconciliation status

2. Ingestion of PASS data in DP
	PASS dB RT replication into DP 
2.A PASS DWH ingestion in DP already exists. But it is day +2
2.B Reuse GSV PASS data ingestion in DP/MAPPR for GSV reconciliation service.</label>
          <style>
            <fillColor r="255" g="255" b="255" a="100" />
            <lineColor r="92" g="92" b="92" a="100" />
            <font name="Lucida Grande" size="12">
              <color r="0" g="0" b="0" />
            </font>
          </style>
        </node>
        <node identifier="id-3eeddbb488ac4864950fc40cb679e80a" elementRef="id-8a21cce74d2d4bed8f22690fd1f5a888" xsi:type="Element" x="1332" y="1361" w="156" h="55">
          <style>
            <fillColor r="181" g="255" b="255" a="100" />
            <lineColor r="92" g="92" b="92" a="100" />
            <font name="Lucida Grande" size="12">
              <color r="0" g="0" b="0" />
            </font>
          </style>
        </node>
      </view>
    </diagrams>
  </views>
</model>
