{"identifier":"https://me.big.tuwien.ac.at/EAModelSet/2b51c929","archimateId":"2b51c929","name":"wm-system","description":"","formats":["XML","CSV","JSON","ARCHIMATE"],"source":"GitHub","repository":"cherkavi/social-financial-network","license":"Not found","sourceFile":"raw-data/github/archimate/documentation.archimate","sourceFormat":"ARCHIMATE","timestamp":"2023-07-06T09:29:17","tags":[],"duplicates":[],"language":"en","elements":[{"id":"36cea18c","name":"Agent","type":"BusinessActor","layer":"business"},{"id":"39ebf4fa","name":"Operator","type":"BusinessActor","layer":"business"},{"id":"61df7923","name":"sms-center","type":"ApplicationComponent","layer":"application"},{"id":"1ecd8847","name":"wmpu","type":"ApplicationComponent","layer":"application"},{"id":"8d9bdc78","name":"wmpupt","type":"ApplicationComponent","layer":"application"},{"id":"27c6898b","name":"email-center","type":"ApplicationComponent","layer":"application"},{"id":"f9459f9c","name":"reporter","type":"ApplicationComponent","layer":"application"},{"id":"50557230","name":"external-payment","type":"ApplicationComponent","layer":"application"},{"id":"3e66746a","name":"robokassa","type":"ApplicationComponent","layer":"application"},{"id":"a329eeca","name":"wmpu-common","type":"ApplicationComponent","layer":"application"},{"id":"8b2c376e","name":"wmpupc","type":"ApplicationComponent","layer":"application"},{"id":"33b404c5","name":"reporter-common","type":"ApplicationComponent","layer":"application"},{"id":"cc55b117","name":"generateUrl","type":"ApplicationService","layer":"application"},{"id":"6c4187b6","name":"ExternalListenerResource","type":"ApplicationInterface","layer":"application"},{"id":"74425c77","name":"RobokassaResource","type":"ApplicationInterface","layer":"application"},{"id":"08af9788","name":"External system: robokassa.ru","type":"ApplicationComponent","layer":"application"},{"id":"0c3906b8","name":"find payment(s)","type":"ApplicationService","layer":"application"},{"id":"1afc7e3c","name":"check status of payment","type":"ApplicationService","layer":"application"},{"id":"a8b87208","name":"confirmPayment","type":"ApplicationService","layer":"application"},{"id":"a969fd66","name":"payment-common","type":"ApplicationComponent","layer":"application"},{"id":"0b9a935e","name":"RobokassaRedirectAware","type":"ApplicationInterface","layer":"application"},{"id":"11383625","name":"redirect data","type":"DataObject","layer":"application"},{"id":"cfdc08d6","name":"External system: city-pay","type":"ApplicationComponent","layer":"application"},{"id":"ed0bba2a","name":"Per day report","type":"ApplicationInterface","layer":"application"},{"id":"02feabd4","name":"pay/check/cancel","type":"ApplicationInterface","layer":"application"},{"id":"3a1ed444","name":"Report","type":"DataObject","layer":"application"},{"id":"ebd6a9dd","name":"Pay/Check/Cancel data","type":"DataObject","layer":"application"},{"id":"0a98a733","name":"PaymentService","type":"ApplicationService","layer":"application"},{"id":"de0134d7","name":"External system: Sberbank","type":"ApplicationComponent","layer":"application"},{"id":"c2124a7f","name":"check ability to pay","type":"ApplicationInterface","layer":"application"},{"id":"4ec8d801","name":"payment","type":"ApplicationInterface","layer":"application"},{"id":"4f682ee5","name":"day report creation","type":"ApplicationFunction","layer":"application"},{"id":"ba4278f1","name":"Day report","type":"DataObject","layer":"application"},{"id":"3553a705","name":"Sberbank Service","type":"ApplicationService","layer":"application"},{"id":"70cd85d8","name":"external-payment-sber-report","type":"ApplicationComponent","layer":"application"},{"id":"6bd29ddb","name":"wmpuws","type":"ApplicationComponent","layer":"application"},{"id":"a3bf68c8","name":"CentOS 6.6 ( 64bit )","type":"Device","layer":"technology"},{"id":"48c1d1ce","name":"ssh: port 22","type":"TechnologyInterface","layer":"technology"},{"id":"d1366e8f","name":"maven","type":"SystemSoftware","layer":"technology"},{"id":"477976cf","name":"ant","type":"SystemSoftware","layer":"technology"},{"id":"881a1ae3","name":"nginx","type":"SystemSoftware","layer":"technology"},{"id":"1f5bbf9a","name":"Enterprise Java Bean Certificate Authority 6.2.0 ( CE )","type":"SystemSoftware","layer":"technology"},{"id":"105a4064","name":"servlet container","type":"Node","layer":"technology"},{"id":"93662c0d","name":"application server","type":"Node","layer":"technology"},{"id":"db3b1606","name":"JDK 1.6.0_45","type":"SystemSoftware","layer":"technology"},{"id":"cbe06da1","name":"oracle","type":"SystemSoftware","layer":"technology"},{"id":"83cb2be1","name":"database.properties","type":"Artifact","layer":"technology"},{"id":"036d606e","name":"jasper","type":"Artifact","layer":"technology"},{"id":"d19df76f","name":"templates","type":"Artifact","layer":"technology"},{"id":"1296fd45","name":"output","type":"Artifact","layer":"technology"},{"id":"5cce2aad","name":"documents","type":"Artifact","layer":"technology"},{"id":"314fa387","name":"uploaded","type":"Artifact","layer":"technology"},{"id":"72347b02","name":"templates","type":"Artifact","layer":"technology"},{"id":"4b8792fd","name":"temp","type":"Artifact","layer":"technology"},{"id":"8ba5d27c","name":"http: 8080","type":"TechnologyInterface","layer":"technology"},{"id":"5cfcdc94","name":"jenkins","type":"SystemSoftware","layer":"technology"},{"id":"6e24e2e1","name":"http: 8338","type":"TechnologyInterface","layer":"technology"},{"id":"82d51843","name":"database.properties","type":"Artifact","layer":"technology"},{"id":"b7958dbd","name":"reporter.properties","type":"Artifact","layer":"technology"},{"id":"4b87e8c2","name":"vc_robokassa_redirect","type":"Artifact","layer":"technology"},{"id":"39dabbed","name":"servlet container ( external payment )","type":"Node","layer":"technology"},{"id":"07b7b3a5","name":"http: 38080","type":"TechnologyInterface","layer":"technology"},{"id":"0dac471b","name":"vc_city_pay_report","type":"Artifact","layer":"technology"},{"id":"a27cc859","name":"Artifact","type":"Artifact","layer":"technology"},{"id":"072ab577","name":"E-mail","type":"Artifact","layer":"technology"},{"id":"6638c62e","name":"vc_sberbank_account_payment","type":"Artifact","layer":"technology"},{"id":"b064ebc4","name":"vc_sberbank_account_info","type":"Artifact","layer":"technology"},{"id":"0da11fe4","name":"cron job","type":"TechnologyFunction","layer":"technology"},{"id":"cf5de67f","name":"cron job","type":"SystemSoftware","layer":"technology"},{"id":"86451f94","name":"Report archive","type":"Artifact","layer":"technology"}],"relationships":[{"id":"9902d60a","sourceId":"a3bf68c8","targetId":"48c1d1ce","type":"CompositionRelationship"},{"id":"4703f825","sourceId":"a3bf68c8","targetId":"477976cf","type":"AggregationRelationship"},{"id":"54ae5c77","sourceId":"a3bf68c8","targetId":"d1366e8f","type":"AggregationRelationship"},{"id":"7bfb189e","sourceId":"a3bf68c8","targetId":"881a1ae3","type":"AggregationRelationship"},{"id":"32c860c3","sourceId":"a3bf68c8","targetId":"1f5bbf9a","type":"AggregationRelationship"},{"id":"8c58d7f2","sourceId":"a3bf68c8","targetId":"61df7923","type":"AssociationRelationship"},{"id":"2ac37760","sourceId":"a3bf68c8","targetId":"105a4064","type":"AggregationRelationship"},{"id":"d7aaacaa","sourceId":"a3bf68c8","targetId":"93662c0d","type":"AggregationRelationship"},{"id":"7587f90f","sourceId":"a3bf68c8","targetId":"db3b1606","type":"AggregationRelationship"},{"id":"aaf2511f","sourceId":"a3bf68c8","targetId":"cbe06da1","type":"AggregationRelationship"},{"id":"4acac12c","sourceId":"036d606e","targetId":"d19df76f","type":"CompositionRelationship"},{"id":"fb65db19","sourceId":"036d606e","targetId":"1296fd45","type":"CompositionRelationship"},{"id":"cbd9aef5","sourceId":"036d606e","targetId":"8d9bdc78","type":"UsedByRelationship"},{"id":"e6aff2a7","sourceId":"5cce2aad","targetId":"314fa387","type":"CompositionRelationship"},{"id":"15aea61a","sourceId":"5cce2aad","targetId":"72347b02","type":"CompositionRelationship"},{"id":"91e55bfb","sourceId":"5cce2aad","targetId":"8d9bdc78","type":"UsedByRelationship"},{"id":"92af29a7","sourceId":"4b8792fd","targetId":"105a4064","type":"AssociationRelationship"},{"id":"69f3db00","sourceId":"105a4064","targetId":"8ba5d27c","type":"CompositionRelationship"},{"id":"2593cb26","sourceId":"5cfcdc94","targetId":"6e24e2e1","type":"CompositionRelationship"},{"id":"1a9f4ae2","sourceId":"a3bf68c8","targetId":"5cfcdc94","type":"AggregationRelationship"},{"id":"a5fa7bc2","sourceId":"a3bf68c8","targetId":"27c6898b","type":"AssociationRelationship"},{"id":"157e523e","sourceId":"b7958dbd","targetId":"f9459f9c","type":"UsedByRelationship"},{"id":"c335c0ba","sourceId":"a329eeca","targetId":"8b2c376e","type":"UsedByRelationship"},{"id":"b13ae2c1","sourceId":"a329eeca","targetId":"1ecd8847","type":"UsedByRelationship"},{"id":"1f48c1a1","sourceId":"a329eeca","targetId":"8d9bdc78","type":"UsedByRelationship"},{"id":"9853c64f","sourceId":"33b404c5","targetId":"f9459f9c","type":"UsedByRelationship"},{"id":"a3ad424e","sourceId":"33b404c5","targetId":"a329eeca","type":"UsedByRelationship"},{"id":"12c789cb","sourceId":"3e66746a","targetId":"6c4187b6","type":"CompositionRelationship"},{"id":"fec5edd5","sourceId":"3e66746a","targetId":"74425c77","type":"CompositionRelationship"},{"id":"a78834c6","sourceId":"08af9788","targetId":"6c4187b6","type":"TriggeringRelationship"},{"id":"b3645fa2","sourceId":"74425c77","targetId":"cc55b117","type":"AssignmentRelationship"},{"id":"0a4ad4fa","sourceId":"74425c77","targetId":"0c3906b8","type":"AssignmentRelationship"},{"id":"8aa9709e","sourceId":"74425c77","targetId":"1afc7e3c","type":"AssignmentRelationship"},{"id":"af4cbedf","sourceId":"6c4187b6","targetId":"a8b87208","type":"AssignmentRelationship"},{"id":"0308c410","sourceId":"a969fd66","targetId":"a329eeca","type":"UsedByRelationship"},{"id":"e17d43f2","sourceId":"a969fd66","targetId":"3e66746a","type":"UsedByRelationship"},{"id":"614dae2a","sourceId":"08af9788","targetId":"0b9a935e","type":"TriggeringRelationship"},{"id":"8c0c5e61","sourceId":"3e66746a","targetId":"0b9a935e","type":"CompositionRelationship"},{"id":"d8a34a21","sourceId":"cbe06da1","targetId":"4b87e8c2","type":"AssignmentRelationship"},{"id":"4389707a","sourceId":"4b87e8c2","targetId":"11383625","type":"RealisationRelationship"},{"id":"57d5033a","sourceId":"0b9a935e","targetId":"11383625","type":"AccessRelationship"},{"id":"eb4a941d","sourceId":"0b9a935e","targetId":"8b2c376e","type":"TriggeringRelationship"},{"id":"d4bbd312","sourceId":"0b9a935e","targetId":"8d9bdc78","type":"TriggeringRelationship"},{"id":"541fc892","sourceId":"0b9a935e","targetId":"1ecd8847","type":"TriggeringRelationship"},{"id":"ca3b930d","sourceId":"39dabbed","targetId":"07b7b3a5","type":"CompositionRelationship"},{"id":"2f04ccc0","sourceId":"3e66746a","targetId":"08af9788","type":"TriggeringRelationship"},{"id":"f6e4cdf1","sourceId":"cfdc08d6","targetId":"ed0bba2a","type":"TriggeringRelationship"},{"id":"19c80870","sourceId":"50557230","targetId":"ed0bba2a","type":"CompositionRelationship"},{"id":"f219354a","sourceId":"cfdc08d6","targetId":"02feabd4","type":"TriggeringRelationship"},{"id":"53b619fd","sourceId":"50557230","targetId":"02feabd4","type":"CompositionRelationship"},{"id":"e89834fe","sourceId":"ed0bba2a","targetId":"3a1ed444","type":"AccessRelationship"},{"id":"d72bd254","sourceId":"cfdc08d6","targetId":"3a1ed444","type":"AccessRelationship"},{"id":"5a2f0166","sourceId":"cfdc08d6","targetId":"ebd6a9dd","type":"AccessRelationship"},{"id":"fc0193c8","sourceId":"02feabd4","targetId":"ebd6a9dd","type":"AccessRelationship"},{"id":"54eff968","sourceId":"cbe06da1","targetId":"0dac471b","type":"AssignmentRelationship"},{"id":"fdf88e1a","sourceId":"0dac471b","targetId":"3a1ed444","type":"RealisationRelationship"},{"id":"011950c8","sourceId":"cbe06da1","targetId":"a27cc859","type":"AssignmentRelationship"},{"id":"5158aa97","sourceId":"a27cc859","targetId":"0a98a733","type":"UsedByRelationship"},{"id":"cf762b7b","sourceId":"02feabd4","targetId":"0a98a733","type":"AssignmentRelationship"},{"id":"f15184d4","sourceId":"50557230","targetId":"c2124a7f","type":"CompositionRelationship"},{"id":"e747e5a3","sourceId":"50557230","targetId":"4ec8d801","type":"CompositionRelationship"},{"id":"fc105a44","sourceId":"de0134d7","targetId":"c2124a7f","type":"TriggeringRelationship"},{"id":"0c4c4243","sourceId":"de0134d7","targetId":"4ec8d801","type":"TriggeringRelationship"},{"id":"5d147692","sourceId":"50557230","targetId":"4f682ee5","type":"AssignmentRelationship"},{"id":"bccd188c","sourceId":"4f682ee5","targetId":"ba4278f1","type":"AccessRelationship"},{"id":"d632f546","sourceId":"de0134d7","targetId":"ba4278f1","type":"AccessRelationship"},{"id":"5780ef8d","sourceId":"072ab577","targetId":"ba4278f1","type":"RealisationRelationship"},{"id":"a907cca9","sourceId":"3553a705","targetId":"c2124a7f","type":"UsedByRelationship"},{"id":"0f66e15c","sourceId":"3553a705","targetId":"4ec8d801","type":"UsedByRelationship"},{"id":"1ccbf30c","sourceId":"cbe06da1","targetId":"6638c62e","type":"AssignmentRelationship"},{"id":"c33622dd","sourceId":"cbe06da1","targetId":"b064ebc4","type":"AssignmentRelationship"},{"id":"2b32abfb","sourceId":"b064ebc4","targetId":"3553a705","type":"UsedByRelationship"},{"id":"049bfc5f","sourceId":"6638c62e","targetId":"3553a705","type":"UsedByRelationship"},{"id":"f05705e2","sourceId":"c2124a7f","targetId":"b064ebc4","type":"AssociationRelationship"},{"id":"7a420473","sourceId":"4ec8d801","targetId":"6638c62e","type":"AssociationRelationship"},{"id":"7f7b67fc","sourceId":"cf5de67f","targetId":"4f682ee5","type":"RealisationRelationship"},{"id":"1a05589f","sourceId":"36cea18c","targetId":"de0134d7","type":"AssociationRelationship"},{"id":"a0211045","sourceId":"50557230","targetId":"39ebf4fa","type":"AssociationRelationship"},{"id":"52ef3366","sourceId":"a969fd66","targetId":"50557230","type":"UsedByRelationship"},{"id":"525ab69d","sourceId":"70cd85d8","targetId":"ba4278f1","type":"AccessRelationship"},{"id":"ec2cd08f","sourceId":"86451f94","targetId":"70cd85d8","type":"UsedByRelationship"},{"id":"9ae063b4","sourceId":"a969fd66","targetId":"6bd29ddb","type":"UsedByRelationship"}],"views":[{"id":"570db44d","name":"Environment","viewpoint":""},{"id":"80990558","name":"components","viewpoint":""},{"id":"322a8ea3","name":"robokassa","viewpoint":""},{"id":"4ba00d2e","name":"city-pay","viewpoint":""},{"id":"3d703a64","name":"sberbank","viewpoint":""}]}