{"identifier":"https://me.big.tuwien.ac.at/EAModelSet/_lTcWAEAcEeyo8oS76GR6Gg","archimateId":"_lTcWAEAcEeyo8oS76GR6Gg","name":"productos agiles 3","description":"","formats":["XML","CSV","JSON","ARCHIMATE"],"source":"GenMyModel","sourceFile":"raw-data/genmymodel/_ltcwaeaceeyo8os76gr6gg.xml","sourceFormat":"XML","timestamp":"29-06-2023 09:24:58","tags":[],"duplicates":[],"language":"es","elements":[{"id":"_wv24MCJKEDqvz7txCTAm-A","name":"Resource","type":"Resource","layer":"strategy"},{"id":"_zPT9MCJKEDqvz7txCTAm-A","name":"Desarrollo","type":"WorkPackage","layer":"implementation_migration"},{"id":"_fkSuoCJLEDqvz7txCTAm-A","name":"Work Package","type":"WorkPackage","layer":"implementation_migration"},{"id":"_f3cUICJLEDqvz7txCTAm-A","name":"Work Package","type":"WorkPackage","layer":"implementation_migration"},{"id":"_cpSWECJLEDqvz7txCTAm-A","name":"Equipo 2","type":"WorkPackage","layer":"implementation_migration"},{"id":"_FvmMECJMEDqvz7txCTAm-A","name":"Equipo 3","type":"WorkPackage","layer":"implementation_migration"},{"id":"_BRGAcCJMEDqvz7txCTAm-A","name":"Equipo 1","type":"WorkPackage","layer":"implementation_migration"},{"id":"_5LnjkCJKEDqvz7txCTAm-A","name":"Operaciones","type":"WorkPackage","layer":"implementation_migration"},{"id":"_eWuS0CJMEDqvz7txCTAm-A","name":"Rendimiento","type":"WorkPackage","layer":"implementation_migration"},{"id":"_2VNFMCJMEDqvz7txCTAm-A","name":"Calidad del producto","type":"WorkPackage","layer":"implementation_migration"},{"id":"_4ktCoCJMEDqvz7txCTAm-A","name":"Seguridad","type":"WorkPackage","layer":"implementation_migration"},{"id":"_7tSkMCJMEDqvz7txCTAm-A","name":"Proteccion del producto","type":"WorkPackage","layer":"implementation_migration"},{"id":"_KK9usCJNEDqvz7txCTAm-A","name":"Comunidad","type":"WorkPackage","layer":"implementation_migration"},{"id":"_MHCZ0CJNEDqvz7txCTAm-A","name":"Capacitacion","type":"WorkPackage","layer":"implementation_migration"},{"id":"_ZBP4YCJLEDqvz7txCTAm-A","name":"Actor","type":"BusinessActor","layer":"business"},{"id":"_40uRECJLEDqvz7txCTAm-A","name":"PO","type":"BusinessActor","layer":"business"},{"id":"_8wMoICJLEDqvz7txCTAm-A","name":"SM","type":"BusinessActor","layer":"business"},{"id":"__Fu8ICJLEDqvz7txCTAm-A","name":"DEV","type":"BusinessActor","layer":"business"},{"id":"_BRGngSJMEDqvz7txCTAm-A","name":"PO","type":"BusinessActor","layer":"business"},{"id":"_BRGngyJMEDqvz7txCTAm-A","name":"SM","type":"BusinessActor","layer":"business"},{"id":"_BRHOkCJMEDqvz7txCTAm-A","name":"DEV","type":"BusinessActor","layer":"business"},{"id":"_FvmzISJMEDqvz7txCTAm-A","name":"PO","type":"BusinessActor","layer":"business"},{"id":"_FvmzIyJMEDqvz7txCTAm-A","name":"SM","type":"BusinessActor","layer":"business"},{"id":"_FvmzJSJMEDqvz7txCTAm-A","name":"DEV","type":"BusinessActor","layer":"business"},{"id":"_z0XqsCJNEDqvz7txCTAm-A","name":"Capability","type":"Capability","layer":"strategy"},{"id":"_0aZI4CJNEDqvz7txCTAm-A","name":"Course of Action","type":"CourseOfAction","layer":"strategy"},{"id":"_1hi-MCJNEDqvz7txCTAm-A","name":"Facility","type":"Facility","layer":"technology"},{"id":"_2TOSwCJNEDqvz7txCTAm-A","name":"Facility","type":"Facility","layer":"technology"},{"id":"_3evqsCJNEDqvz7txCTAm-A","name":"Gap","type":"Gap","layer":"implementation_migration"},{"id":"_37sFYCJNEDqvz7txCTAm-A","name":"Plateau","type":"Plateau","layer":"implementation_migration"},{"id":"_DMBxMCJOEDqvz7txCTAm-A","name":"","type":"WorkPackage","layer":"implementation_migration"}],"relationships":[{"id":"_KT5LwCJOEDqvz7txCTAm-A","sourceId":"_KK9usCJNEDqvz7txCTAm-A","targetId":"_FvmzJSJMEDqvz7txCTAm-A","type":"Association"},{"id":"_QfB4UCJOEDqvz7txCTAm-A","sourceId":"_MHCZ0CJNEDqvz7txCTAm-A","targetId":"_KK9usCJNEDqvz7txCTAm-A","type":"Triggering"},{"id":"_VeFzUCJOEDqvz7txCTAm-A","sourceId":"_2VNFMCJMEDqvz7txCTAm-A","targetId":"_BRGAcCJMEDqvz7txCTAm-A","type":"Association"},{"id":"_prVEgCJVEDqvz7txCTAm-A","sourceId":"_MHCZ0CJNEDqvz7txCTAm-A","targetId":"_4ktCoCJMEDqvz7txCTAm-A","type":"Triggering"},{"id":"_sqiAkCJVEDqvz7txCTAm-A","sourceId":"_4ktCoCJMEDqvz7txCTAm-A","targetId":"_MHCZ0CJNEDqvz7txCTAm-A","type":"Triggering"},{"id":"_vzfVkCJVEDqvz7txCTAm-A","sourceId":"_eWuS0CJMEDqvz7txCTAm-A","targetId":"_MHCZ0CJNEDqvz7txCTAm-A","type":"Triggering"},{"id":"_7q_vECJVEDqvz7txCTAm-A","sourceId":"_eWuS0CJMEDqvz7txCTAm-A","targetId":"_MHCZ0CJNEDqvz7txCTAm-A","type":"Triggering"},{"id":"_LZ3bsCJWEDqvz7txCTAm-A","sourceId":"_2VNFMCJMEDqvz7txCTAm-A","targetId":"_MHCZ0CJNEDqvz7txCTAm-A","type":"Triggering"},{"id":"_N0uUkCJWEDqvz7txCTAm-A","sourceId":"_2VNFMCJMEDqvz7txCTAm-A","targetId":"_MHCZ0CJNEDqvz7txCTAm-A","type":"Triggering"},{"id":"_TUIjkCJWEDqvz7txCTAm-A","sourceId":"_eWuS0CJMEDqvz7txCTAm-A","targetId":"_MHCZ0CJNEDqvz7txCTAm-A","type":"Triggering"},{"id":"_X16FoCJWEDqvz7txCTAm-A","sourceId":"_4ktCoCJMEDqvz7txCTAm-A","targetId":"_MHCZ0CJNEDqvz7txCTAm-A","type":"Triggering"},{"id":"_bJKmICJWEDqvz7txCTAm-A","sourceId":"_7tSkMCJMEDqvz7txCTAm-A","targetId":"_MHCZ0CJNEDqvz7txCTAm-A","type":"Triggering"},{"id":"_CP0dECJNEDqvz7txCTAm-A","sourceId":"_BRGngyJMEDqvz7txCTAm-A","targetId":"_BRHOkCJMEDqvz7txCTAm-A","type":"Association"},{"id":"_EVvAsCJNEDqvz7txCTAm-A","sourceId":"_8wMoICJLEDqvz7txCTAm-A","targetId":"__Fu8ICJLEDqvz7txCTAm-A","type":"Association"},{"id":"_Eyt3oCJNEDqvz7txCTAm-A","sourceId":"_FvmzIyJMEDqvz7txCTAm-A","targetId":"_FvmzJSJMEDqvz7txCTAm-A","type":"Association"},{"id":"_Ll5mMCJOEDqvz7txCTAm-A","sourceId":"_FvmzJSJMEDqvz7txCTAm-A","targetId":"__Fu8ICJLEDqvz7txCTAm-A","type":"Association"},{"id":"_MF1qgCJOEDqvz7txCTAm-A","sourceId":"__Fu8ICJLEDqvz7txCTAm-A","targetId":"_BRHOkCJMEDqvz7txCTAm-A","type":"Association"}],"views":[{"id":"_lTcWA0AcEeyo8oS76GR6Gg","name":"archimate-diagram","viewpoint":""}]}