{"identifier":"https://me.big.tuwien.ac.at/EAModelSet/e6e5d986-f7b1-46e0-915a-4cdbf06d8f29","archimateId":"e6e5d986-f7b1-46e0-915a-4cdbf06d8f29","name":"8 Derivative Contracts","description":"","formats":["XML","CSV","JSON","ARCHIMATE"],"source":"GitHub","repository":"wilmerkrisp/patterns","license":"Other","sourceFile":"raw-data/github/xml/8_derivative_contracts.xml","sourceFormat":"XML","timestamp":"2023-07-06T09:29:17","tags":["DUPLICATE"],"duplicates":["raw-data/github/archimate/8_derivative_contracts.archimate"],"language":"en","elements":[{"id":"cf179bff","name":"contract","type":"BusinessObject","layer":"business"},{"id":"id-4877ab88","name":"tenor","type":"BusinessObject","layer":"business"},{"id":"f0b61f04","name":"trade date","type":"BusinessObject","layer":"business"},{"id":"id-592bd741","name":"delivery date","type":"BusinessObject","layer":"business"},{"id":"id-6f75118d","name":"purchase option","type":"BusinessEvent","layer":"business"},{"id":"id-00cda2cf","name":"beginning of expiry date","type":"BusinessEvent","layer":"business"},{"id":"id-1b8ef8dd","name":"end of expiry date","type":"BusinessEvent","layer":"business"},{"id":"fe037262","name":"expire option","type":"BusinessEvent","layer":"business"},{"id":"id-03f36d82","name":"exercise option","type":"BusinessEvent","layer":"business"},{"id":"id-2662e328","name":"process of using knock-in option","type":"BusinessProcess","layer":"business"},{"id":"id-2dd486cc","name":"instrument","type":"BusinessObject","layer":"business"},{"id":"id-27e20b10","name":"amount","type":"BusinessObject","layer":"business"},{"id":"e68212ed","name":"price","type":"BusinessObject","layer":"business"},{"id":"id-9efa3abb","name":"money","type":"BusinessObject","layer":"business"},{"id":"id-1688bef9","name":"value(scenario)","type":"BusinessFunction","layer":"business"},{"id":"b74f410a","name":"long","type":"BusinessObject","layer":"business"},{"id":"id-6b21d8e8","name":"short","type":"BusinessObject","layer":"business"},{"id":"id-6385d60d","name":"long option","type":"BusinessObject","layer":"business"},{"id":"c1d70ffc","name":"short option","type":"BusinessObject","layer":"business"},{"id":"id-70de39f5","name":"option","type":"BusinessObject","layer":"business"},{"id":"cea2a7b8","name":"expire date","type":"BusinessObject","layer":"business"},{"id":"id-6930b322","name":"premium date","type":"BusinessObject","layer":"business"},{"id":"id-771a9952","name":"premium","type":"BusinessObject","layer":"business"},{"id":"id-1631492b","name":"Business Object","type":"BusinessObject","layer":"business"},{"id":"id-8827afad","name":"value(scenario)","type":"BusinessFunction","layer":"business"},{"id":"id-6630eb19","name":"call [derived]","type":"BusinessObject","layer":"business"},{"id":"id-968443ce","name":"put [derived]","type":"BusinessObject","layer":"business"},{"id":"id-6d365bab","name":"delivery date","type":"BusinessObject","layer":"business"},{"id":"id-4be02016","name":"product","type":"BusinessObject","layer":"business"},{"id":"d8bbe40b","name":"party","type":"BusinessObject","layer":"business"},{"id":"id-2169dbcc","name":"combination product","type":"BusinessObject","layer":"business"},{"id":"id-3c435f9e","name":"risk reversal","type":"BusinessObject","layer":"business"},{"id":"id-04e54c01","name":"strangle","type":"BusinessObject","layer":"business"},{"id":"id-7c7c2eba","name":"spread","type":"BusinessObject","layer":"business"},{"id":"dd0aee7b","name":"straddle","type":"BusinessObject","layer":"business"},{"id":"id-888f2521","name":"call spread","type":"BusinessObject","layer":"business"},{"id":"id-2a2f9499","name":"put spread","type":"BusinessObject","layer":"business"},{"id":"id-44ad9d93","name":"spot<barrier,  classify as knocked-in","type":"BusinessEvent","layer":"business"},{"id":"id-46b7c138","name":"\"in the money\"","type":"BusinessEvent","layer":"business"},{"id":"id-85c42028","name":"knock-in call","type":"BusinessObject","layer":"business"},{"id":"id-928cafae","name":"barrier","type":"BusinessObject","layer":"business"},{"id":"id-7613a6a8","name":"portfolio","type":"BusinessObject","layer":"business"},{"id":"bcbe8089","name":"contract","type":"BusinessObject","layer":"business"},{"id":"id-7cf8429f","name":"portfolio","type":"ApplicationComponent","layer":"application"},{"id":"id-6f5c2fb3","name":"contract","type":"ApplicationComponent","layer":"application"},{"id":"id-9e6d3348","name":"portfolio browser","type":"ApplicationComponent","layer":"application"},{"id":"id-171adb65","name":"browser line","type":"ApplicationComponent","layer":"application"},{"id":"ec88b696","name":"delivery date = trade date + tenor + next working day","type":"Requirement","layer":"motivation"},{"id":"id-932d74b6","name":"long option + long contract or short option + short contract","type":"Requirement","layer":"motivation"},{"id":"e33510ab","name":"long option + short contract or short option + long contract","type":"Requirement","layer":"motivation"},{"id":"a125f2ae","name":"delivery date = expiration date + spot","type":"Requirement","layer":"motivation"},{"id":"d55e627e","name":"strike prices of legs are the same","type":"Constraint","layer":"motivation"},{"id":"daf0fe78","name":"2 legs: 1 long  1 short, of wich 1 call, 1 put","type":"Constraint","layer":"motivation"},{"id":"d091e882","name":"2 legs: 1 call  1 put, both long OR both short","type":"Constraint","layer":"motivation"},{"id":"id-4a75a029","name":"all legs calls OR all legs puts","type":"Constraint","layer":"motivation"},{"id":"id-2bdeef9d","name":"2 legs, both puts with same expiry","type":"Constraint","layer":"motivation"},{"id":"id-953cd51b","name":"2 legs, both calls with same expiry","type":"Constraint","layer":"motivation"},{"id":"id-23a5fbcb","name":"Junction","type":"OrJunction","layer":"other"},{"id":"aaa8669a","name":"Junction","type":"OrJunction","layer":"other"},{"id":"b1c203d3","name":"Junction","type":"AndJunction","layer":"other"},{"id":"b2d459ff","name":"Junction","type":"AndJunction","layer":"other"}],"relationships":[{"id":"id-8dfbd0e6","sourceId":"cf179bff","targetId":"id-4877ab88","type":"Association"},{"id":"f668bbcc","sourceId":"cf179bff","targetId":"f0b61f04","type":"Composition"},{"id":"id-0a54b370","sourceId":"cf179bff","targetId":"id-592bd741","type":"Composition"},{"id":"id-4d83714c","sourceId":"id-592bd741","targetId":"ec88b696","type":"Association"},{"id":"a7aad802","sourceId":"id-6f75118d","targetId":"id-00cda2cf","type":"Flow"},{"id":"id-96110933","sourceId":"id-00cda2cf","targetId":"id-1b8ef8dd","type":"Triggering"},{"id":"id-0d485f01","sourceId":"id-00cda2cf","targetId":"b1c203d3","type":"Triggering"},{"id":"f3b49538","sourceId":"id-1b8ef8dd","targetId":"fe037262","type":"Flow"},{"id":"id-74db9e7c","sourceId":"cf179bff","targetId":"id-2dd486cc","type":"Aggregation"},{"id":"c801913d","sourceId":"cf179bff","targetId":"id-27e20b10","type":"Composition"},{"id":"id-07ac2404","sourceId":"cf179bff","targetId":"e68212ed","type":"Composition"},{"id":"f8e18b54","sourceId":"cf179bff","targetId":"id-1688bef9","type":"Association"},{"id":"e7a1dcb8","sourceId":"cf179bff","targetId":"id-70de39f5","type":"Specialization"},{"id":"e9748573","sourceId":"id-70de39f5","targetId":"aaa8669a","type":"Realization"},{"id":"id-59656aea","sourceId":"aaa8669a","targetId":"id-6385d60d","type":"Realization"},{"id":"d0075da7","sourceId":"aaa8669a","targetId":"c1d70ffc","type":"Realization"},{"id":"id-0b4b6e61","sourceId":"cf179bff","targetId":"id-23a5fbcb","type":"Realization"},{"id":"c18e8d2f","sourceId":"id-23a5fbcb","targetId":"b74f410a","type":"Realization"},{"id":"id-22fec89e","sourceId":"id-23a5fbcb","targetId":"id-6b21d8e8","type":"Realization"},{"id":"bc626851","sourceId":"id-771a9952","targetId":"id-9efa3abb","type":"Association"},{"id":"id-0c029bb0","sourceId":"e68212ed","targetId":"id-9efa3abb","type":"Association"},{"id":"id-4ee4ad3b","sourceId":"id-70de39f5","targetId":"cea2a7b8","type":"Composition"},{"id":"f7e573df","sourceId":"id-70de39f5","targetId":"id-6930b322","type":"Composition"},{"id":"cb8a2f10","sourceId":"id-70de39f5","targetId":"id-771a9952","type":"Composition"},{"id":"ddd633b8","sourceId":"id-70de39f5","targetId":"id-8827afad","type":"Association"},{"id":"id-9e4071c8","sourceId":"id-70de39f5","targetId":"id-6630eb19","type":"Specialization"},{"id":"id-30902160","sourceId":"id-70de39f5","targetId":"id-968443ce","type":"Specialization"},{"id":"b69eb64c","sourceId":"id-968443ce","targetId":"e33510ab","type":"Association"},{"id":"b5cfbe76","sourceId":"id-6630eb19","targetId":"id-932d74b6","type":"Association"},{"id":"fe47252d","sourceId":"id-70de39f5","targetId":"id-6d365bab","type":"Composition"},{"id":"id-9a76bbc0","sourceId":"a125f2ae","targetId":"id-6d365bab","type":"Association"},{"id":"id-8b0ee8d4","sourceId":"cf179bff","targetId":"id-4be02016","type":"Association"},{"id":"id-2ffa103f","sourceId":"id-4be02016","targetId":"d8bbe40b","type":"Association"},{"id":"d08c4b60","sourceId":"id-4be02016","targetId":"d8bbe40b","type":"Association"},{"id":"b7858553","sourceId":"id-4be02016","targetId":"id-2169dbcc","type":"Specialization"},{"id":"id-3608622f","sourceId":"id-2169dbcc","targetId":"id-3c435f9e","type":"Specialization"},{"id":"id-5f25e18e","sourceId":"id-2169dbcc","targetId":"id-04e54c01","type":"Specialization"},{"id":"ef6c8cb8","sourceId":"id-2169dbcc","targetId":"id-7c7c2eba","type":"Specialization"},{"id":"id-09e10edc","sourceId":"id-7c7c2eba","targetId":"id-2a2f9499","type":"Specialization"},{"id":"dcfb4fe1","sourceId":"id-7c7c2eba","targetId":"id-888f2521","type":"Specialization"},{"id":"id-404ba573","sourceId":"id-04e54c01","targetId":"dd0aee7b","type":"Specialization"},{"id":"e7a9f4d5","sourceId":"id-3c435f9e","targetId":"daf0fe78","type":"Association"},{"id":"id-47bf13f1","sourceId":"id-04e54c01","targetId":"d091e882","type":"Association"},{"id":"id-7536f0d1","sourceId":"id-7c7c2eba","targetId":"id-4a75a029","type":"Association"},{"id":"id-4696fff4","sourceId":"dd0aee7b","targetId":"d55e627e","type":"Association"},{"id":"id-7a5a8a67","sourceId":"id-2a2f9499","targetId":"id-2bdeef9d","type":"Association"},{"id":"f6539676","sourceId":"id-888f2521","targetId":"id-953cd51b","type":"Association"},{"id":"d275fd35","sourceId":"id-44ad9d93","targetId":"b1c203d3","type":"Flow"},{"id":"id-1efac948","sourceId":"id-2662e328","targetId":"b1c203d3","type":"Assignment"},{"id":"id-72ceb9aa","sourceId":"b1c203d3","targetId":"id-03f36d82","type":"Triggering"},{"id":"id-6abbfa98","sourceId":"id-2662e328","targetId":"b2d459ff","type":"Assignment"},{"id":"d75b0189","sourceId":"id-46b7c138","targetId":"b2d459ff","type":"Flow"},{"id":"id-1ebb6e86","sourceId":"id-00cda2cf","targetId":"b2d459ff","type":"Triggering"},{"id":"id-2ed5e593","sourceId":"b2d459ff","targetId":"id-03f36d82","type":"Flow"},{"id":"f24acd46","sourceId":"id-70de39f5","targetId":"id-85c42028","type":"Specialization"},{"id":"id-685128d0","sourceId":"id-85c42028","targetId":"id-928cafae","type":"Composition"},{"id":"id-406005ac","sourceId":"id-928cafae","targetId":"id-9efa3abb","type":"Association"},{"id":"d0f867c8","sourceId":"id-7cf8429f","targetId":"id-9e6d3348","type":"Association"},{"id":"id-3fe38da3","sourceId":"id-6f5c2fb3","targetId":"id-171adb65","type":"Association"},{"id":"id-6ec70c6e","sourceId":"id-7613a6a8","targetId":"id-7cf8429f","type":"Association"},{"id":"id-3039bbed","sourceId":"bcbe8089","targetId":"id-6f5c2fb3","type":"Association"},{"id":"id-81a113f2","sourceId":"id-171adb65","targetId":"id-9e6d3348","type":"Association"},{"id":"c190908a","sourceId":"id-6f5c2fb3","targetId":"id-7cf8429f","type":"Association"},{"id":"f7626ef1","sourceId":"bcbe8089","targetId":"id-7613a6a8","type":"Association"}],"views":[{"id":"id-9763782b-dd96-4a78-80aa-d4f5f8674b99","name":"Derivative Contracts","viewpoint":""},{"id":"f6e71213-f56d-4ac8-8a5e-663bbbe1405e","name":"1 Forward Contracts","viewpoint":""},{"id":"id-3b771710-ae0f-45cc-91fb-8c699626ed96","name":"2 Options","viewpoint":""},{"id":"a49fbaa4-9889-4c97-b83c-ca1ce379b37b","name":"3 Product","viewpoint":""},{"id":"id-8db6c746-c8e0-49e1-8500-cdf5e053db09","name":"4 Subtype State Machines","viewpoint":""},{"id":"cf195e3e-0141-4c9b-9332-a81123963c25","name":"5 Parallel Application and Domain Hierarchies","viewpoint":""}]}