<?xml version="1.0" encoding="UTF-8"?>
<model xmlns="http://www.opengroup.org/xsd/archimate/3.0/" xmlns:xsi="http://www.w3.org/2001/XMLSchema-instance" xsi:schemaLocation="http://www.opengroup.org/xsd/archimate/3.0/ http://www.opengroup.org/xsd/archimate/3.1/archimate3_Diagram.xsd" identifier="id-45f87864-a222-4f0d-8c62-59e6381ad765">
  <name xml:lang="en">enterprise patterns overview</name>
  <elements>
    <element identifier="id-94ce784b-8228-46fa-9ee3-9506bbf5d3c4" xsi:type="DataObject">
      <name xml:lang="en">entity 1</name>
    </element>
    <element identifier="id-1880defe-1643-4496-a7c0-b5c382a6eb52" xsi:type="DataObject">
      <name xml:lang="en">entity 2</name>
    </element>
    <element identifier="id-9b57e4df-39f5-4c05-b46e-470c690cfb72" xsi:type="DataObject">
      <name xml:lang="en">entity 3</name>
    </element>
    <element identifier="id-7b9df014-e504-4485-9fba-cc69e7198421" xsi:type="DataObject">
      <name xml:lang="en">entity 4</name>
    </element>
    <element identifier="a0fd09d4-3466-4869-93a6-fbcd63f348ac" xsi:type="DataObject">
      <name xml:lang="en">entity 5</name>
    </element>
    <element identifier="id-08663b61-ec8e-4512-8c69-c1c983395936" xsi:type="DataObject">
      <name xml:lang="en">entity 6</name>
    </element>
    <element identifier="c6161dd0-26cd-48a5-a18c-c2fcb701df54" xsi:type="ApplicationComponent">
      <name xml:lang="en">class 1</name>
    </element>
    <element identifier="id-43b2e98f-0a57-4b83-b399-8252740b9625" xsi:type="ApplicationFunction">
      <name xml:lang="en">method 1</name>
    </element>
    <element identifier="id-3fba2e24-e3e9-4a9c-92de-24433efa4493" xsi:type="ApplicationProcess">
      <name xml:lang="en">step1</name>
    </element>
    <element identifier="id-9c1c6d76-75c9-4107-b471-2f3ec79580e6" xsi:type="ApplicationProcess">
      <name xml:lang="en">step 2</name>
    </element>
    <element identifier="id-9e516ea6-184b-43aa-95ee-c15782ed5d07" xsi:type="ApplicationFunction">
      <name xml:lang="en">method 2</name>
    </element>
    <element identifier="id-85eeb358-ffcf-445e-9857-247662db478c" xsi:type="ApplicationProcess">
      <name xml:lang="en">step1</name>
    </element>
    <element identifier="id-16ef44ac-ab7e-462b-bdf8-cda69d396456" xsi:type="ApplicationProcess">
      <name xml:lang="en">step 2</name>
    </element>
    <element identifier="id-94f4547b-0f89-4b89-a426-e895067fd9ca" xsi:type="DataObject">
      <name xml:lang="en">properties</name>
    </element>
    <element identifier="id-402d2156-6d76-4aea-bb7a-2ea89ae0bdc2" xsi:type="ApplicationComponent">
      <name xml:lang="en">class 2</name>
    </element>
  </elements>
  <relationships>
    <relationship identifier="id-55fc1d61-8a89-4291-a9c7-e135fd79c27f" source="id-43b2e98f-0a57-4b83-b399-8252740b9625" target="id-9c1c6d76-75c9-4107-b471-2f3ec79580e6" xsi:type="Composition" />
    <relationship identifier="id-1e395134-dc78-4ff0-82f9-35910f7ef326" source="id-7b9df014-e504-4485-9fba-cc69e7198421" target="id-9b57e4df-39f5-4c05-b46e-470c690cfb72" xsi:type="Association" />
    <relationship identifier="cc3d3508-1c6a-47f4-addd-0cf23f576ac7" source="id-43b2e98f-0a57-4b83-b399-8252740b9625" target="id-3fba2e24-e3e9-4a9c-92de-24433efa4493" xsi:type="Composition" />
    <relationship identifier="id-45eb2182-8c2b-4f1a-a84f-2fc3054986d8" source="id-94ce784b-8228-46fa-9ee3-9506bbf5d3c4" target="id-08663b61-ec8e-4512-8c69-c1c983395936" xsi:type="Association" />
    <relationship identifier="e76c4f90-31c1-4f46-bbaa-f2e353def158" source="id-08663b61-ec8e-4512-8c69-c1c983395936" target="id-9b57e4df-39f5-4c05-b46e-470c690cfb72" xsi:type="Association" />
    <relationship identifier="id-360865af-fd37-4d19-979f-268ffef9b0c6" source="id-1880defe-1643-4496-a7c0-b5c382a6eb52" target="id-9b57e4df-39f5-4c05-b46e-470c690cfb72" xsi:type="Association" />
    <relationship identifier="id-3d1014a4-130f-46d9-9f82-1fd8744d6e73" source="c6161dd0-26cd-48a5-a18c-c2fcb701df54" target="id-9e516ea6-184b-43aa-95ee-c15782ed5d07" xsi:type="Assignment" />
    <relationship identifier="id-057e7b6e-6178-444f-a668-e5610a1a7f80" source="id-9e516ea6-184b-43aa-95ee-c15782ed5d07" target="id-16ef44ac-ab7e-462b-bdf8-cda69d396456" xsi:type="Composition" />
    <relationship identifier="e58442e4-f0cf-40a5-908a-64503f317664" source="a0fd09d4-3466-4869-93a6-fbcd63f348ac" target="id-7b9df014-e504-4485-9fba-cc69e7198421" xsi:type="Association" />
    <relationship identifier="id-077b76ae-77b8-4760-b86f-634407c89338" source="id-94ce784b-8228-46fa-9ee3-9506bbf5d3c4" target="id-7b9df014-e504-4485-9fba-cc69e7198421" xsi:type="Association" />
    <relationship identifier="bf535892-c166-4285-9da7-15e6692c1912" source="id-85eeb358-ffcf-445e-9857-247662db478c" target="id-16ef44ac-ab7e-462b-bdf8-cda69d396456" xsi:type="Flow" />
    <relationship identifier="id-08df1937-ed83-4687-baec-cb7f462cedf0" source="c6161dd0-26cd-48a5-a18c-c2fcb701df54" target="id-94f4547b-0f89-4b89-a426-e895067fd9ca" xsi:type="Access" accessType="Write" />
    <relationship identifier="id-11ffe416-3a05-4f27-9fc3-23b4e8fc5187" source="id-08663b61-ec8e-4512-8c69-c1c983395936" target="a0fd09d4-3466-4869-93a6-fbcd63f348ac" xsi:type="Association" />
    <relationship identifier="id-9911e8b8-1ec2-4488-b985-5c43d0580db1" source="id-3fba2e24-e3e9-4a9c-92de-24433efa4493" target="id-9c1c6d76-75c9-4107-b471-2f3ec79580e6" xsi:type="Flow" />
    <relationship identifier="id-2cf6ca7d-78f3-4993-ae8e-c1aeabb9b010" source="id-9e516ea6-184b-43aa-95ee-c15782ed5d07" target="id-85eeb358-ffcf-445e-9857-247662db478c" xsi:type="Composition" />
    <relationship identifier="f3b7fa37-931f-4ecc-a64e-0e8c021e9959" source="c6161dd0-26cd-48a5-a18c-c2fcb701df54" target="id-43b2e98f-0a57-4b83-b399-8252740b9625" xsi:type="Assignment" />
    <relationship identifier="id-0d463742-e085-4041-893a-c65fbda18b72" source="id-94ce784b-8228-46fa-9ee3-9506bbf5d3c4" target="id-1880defe-1643-4496-a7c0-b5c382a6eb52" xsi:type="Association" />
  </relationships>
  <organizations>
    <item>
      <label xml:lang="en">Application</label>
      <item identifierRef="id-94ce784b-8228-46fa-9ee3-9506bbf5d3c4" />
      <item identifierRef="id-1880defe-1643-4496-a7c0-b5c382a6eb52" />
      <item identifierRef="id-9b57e4df-39f5-4c05-b46e-470c690cfb72" />
      <item identifierRef="id-7b9df014-e504-4485-9fba-cc69e7198421" />
      <item identifierRef="a0fd09d4-3466-4869-93a6-fbcd63f348ac" />
      <item identifierRef="id-08663b61-ec8e-4512-8c69-c1c983395936" />
      <item identifierRef="c6161dd0-26cd-48a5-a18c-c2fcb701df54" />
      <item identifierRef="id-43b2e98f-0a57-4b83-b399-8252740b9625" />
      <item identifierRef="id-3fba2e24-e3e9-4a9c-92de-24433efa4493" />
      <item identifierRef="id-9c1c6d76-75c9-4107-b471-2f3ec79580e6" />
      <item identifierRef="id-9e516ea6-184b-43aa-95ee-c15782ed5d07" />
      <item identifierRef="id-85eeb358-ffcf-445e-9857-247662db478c" />
      <item identifierRef="id-16ef44ac-ab7e-462b-bdf8-cda69d396456" />
      <item identifierRef="id-94f4547b-0f89-4b89-a426-e895067fd9ca" />
      <item identifierRef="id-402d2156-6d76-4aea-bb7a-2ea89ae0bdc2" />
    </item>
    <item>
      <label xml:lang="en">Relations</label>
      <item identifierRef="id-55fc1d61-8a89-4291-a9c7-e135fd79c27f" />
      <item identifierRef="id-1e395134-dc78-4ff0-82f9-35910f7ef326" />
      <item identifierRef="cc3d3508-1c6a-47f4-addd-0cf23f576ac7" />
      <item identifierRef="id-45eb2182-8c2b-4f1a-a84f-2fc3054986d8" />
      <item identifierRef="e76c4f90-31c1-4f46-bbaa-f2e353def158" />
      <item identifierRef="id-360865af-fd37-4d19-979f-268ffef9b0c6" />
      <item identifierRef="id-3d1014a4-130f-46d9-9f82-1fd8744d6e73" />
      <item identifierRef="id-057e7b6e-6178-444f-a668-e5610a1a7f80" />
      <item identifierRef="e58442e4-f0cf-40a5-908a-64503f317664" />
      <item identifierRef="id-077b76ae-77b8-4760-b86f-634407c89338" />
      <item identifierRef="bf535892-c166-4285-9da7-15e6692c1912" />
      <item identifierRef="id-08df1937-ed83-4687-baec-cb7f462cedf0" />
      <item identifierRef="id-11ffe416-3a05-4f27-9fc3-23b4e8fc5187" />
      <item identifierRef="id-9911e8b8-1ec2-4488-b985-5c43d0580db1" />
      <item identifierRef="id-2cf6ca7d-78f3-4993-ae8e-c1aeabb9b010" />
      <item identifierRef="f3b7fa37-931f-4ecc-a64e-0e8c021e9959" />
      <item identifierRef="id-0d463742-e085-4041-893a-c65fbda18b72" />
    </item>
    <item>
      <label xml:lang="en">Views</label>
      <item identifierRef="id-7a04ffb5-0136-4e1f-85e6-5749feea6535" />
    </item>
  </organizations>
  <views>
    <diagrams>
      <view identifier="id-7a04ffb5-0136-4e1f-85e6-5749feea6535" xsi:type="Diagram">
        <name xml:lang="en">map overview</name>
        <node identifier="b00f5952-b961-43ef-83e5-8768f00cefe5" x="80" y="90" w="1966" h="791" xsi:type="Container">
          <label xml:lang="en">presentation</label>
          <style>
            <fillColor r="199" g="225" b="226" a="100" />
            <lineColor r="92" g="92" b="92" a="100" />
            <font name="Lucida Grande" size="12">
              <color r="0" g="0" b="0" />
            </font>
          </style>
          <node identifier="id-6f582b08-a6b3-4267-89f1-08a88318f0ad" xsi:type="Label" x="250" y="240" w="400" h="140">
            <label xml:lang="en">6 web representation: 
Controller</label>
            <style>
              <fillColor r="255" g="255" b="255" a="100" />
              <lineColor r="92" g="92" b="92" a="100" />
              <font name="Lucida Grande" size="12">
                <color r="0" g="0" b="0" />
              </font>
            </style>
          </node>
          <node identifier="id-533b198d-d689-49ca-9af8-7c200c79cb1d" xsi:type="Label" x="250" y="400" w="400" h="140">
            <label xml:lang="en">6 web representation: 
View</label>
            <style>
              <fillColor r="255" g="255" b="255" a="100" />
              <lineColor r="92" g="92" b="92" a="100" />
              <font name="Lucida Grande" size="12">
                <color r="0" g="0" b="0" />
              </font>
            </style>
          </node>
          <node identifier="c1936797-cf24-4e8f-9259-0c14e1f1267b" xsi:type="Label" x="710" y="240" w="400" h="140">
            <label xml:lang="en">7 distributed processing</label>
            <style>
              <fillColor r="255" g="255" b="255" a="100" />
              <lineColor r="92" g="92" b="92" a="100" />
              <font name="Lucida Grande" size="12">
                <color r="0" g="0" b="0" />
              </font>
            </style>
          </node>
          <node identifier="a3aa6ffa-1f9f-473a-8d05-de08608d0ade" xsi:type="Label" x="710" y="400" w="400" h="140">
            <label xml:lang="en">9 session state</label>
            <style>
              <fillColor r="255" g="255" b="255" a="100" />
              <lineColor r="92" g="92" b="92" a="100" />
              <font name="Lucida Grande" size="12">
                <color r="0" g="0" b="0" />
              </font>
            </style>
          </node>
        </node>
        <node identifier="id-70d21995-3d17-4f62-bd20-8c5cdb10376e" x="80" y="935" w="1966" h="791" xsi:type="Container">
          <label xml:lang="en">domain</label>
          <style>
            <fillColor r="206" g="219" b="211" a="100" />
            <lineColor r="92" g="92" b="92" a="100" />
            <font name="Lucida Grande" size="12">
              <color r="0" g="0" b="0" />
            </font>
          </style>
          <node identifier="id-5ce23eb1-cb12-4257-b4f7-655b203f5c8e" xsi:type="Label" x="270" y="1265" w="400" h="140">
            <label xml:lang="en">1 business logic</label>
            <style>
              <fillColor r="255" g="255" b="255" a="100" />
              <lineColor r="92" g="92" b="92" a="100" />
              <font name="Lucida Grande" size="12">
                <color r="0" g="0" b="0" />
              </font>
            </style>
          </node>
        </node>
        <node identifier="id-5128ab4b-11e7-4852-abef-300667f6c1ba" x="80" y="1785" w="1966" h="791" xsi:type="Container">
          <label xml:lang="en">data source</label>
          <style>
            <fillColor r="216" g="209" b="215" a="100" />
            <lineColor r="92" g="92" b="92" a="100" />
            <font name="Lucida Grande" size="12">
              <color r="0" g="0" b="0" />
            </font>
          </style>
          <node identifier="id-03bdc735-f64d-441e-9d09-740392e60dd5" xsi:type="Label" x="250" y="1915" w="400" h="140">
            <label xml:lang="en">2 data sources</label>
            <style>
              <fillColor r="255" g="255" b="255" a="100" />
              <lineColor r="92" g="92" b="92" a="100" />
              <font name="Lucida Grande" size="12">
                <color r="0" g="0" b="0" />
              </font>
            </style>
          </node>
          <node identifier="id-455bf64b-b75c-4ef5-a74e-2ef6f8d50178" xsi:type="Label" x="250" y="2075" w="400" h="140">
            <label xml:lang="en">3 modeling behavior</label>
            <style>
              <fillColor r="255" g="255" b="255" a="100" />
              <lineColor r="92" g="92" b="92" a="100" />
              <font name="Lucida Grande" size="12">
                <color r="0" g="0" b="0" />
              </font>
            </style>
          </node>
          <node identifier="e971b6cc-eade-4aaa-964e-96ad7ab71970" xsi:type="Label" x="700" y="1915" w="400" h="140">
            <label xml:lang="en">4 modeling structure 
Hierarchy</label>
            <style>
              <fillColor r="255" g="255" b="255" a="100" />
              <lineColor r="92" g="92" b="92" a="100" />
              <font name="Lucida Grande" size="12">
                <color r="0" g="0" b="0" />
              </font>
            </style>
          </node>
          <node identifier="id-45878ac7-6b85-477e-a955-65990d5f20a0" xsi:type="Label" x="700" y="2085" w="400" h="140">
            <label xml:lang="en">4 modeling structure 
Relations</label>
            <style>
              <fillColor r="255" g="255" b="255" a="100" />
              <lineColor r="92" g="92" b="92" a="100" />
              <font name="Lucida Grande" size="12">
                <color r="0" g="0" b="0" />
              </font>
            </style>
          </node>
          <node identifier="id-3bfce761-409c-4639-87db-286371cf565c" xsi:type="Label" x="1150" y="1915" w="400" h="140">
            <label xml:lang="en">5 metadata</label>
            <style>
              <fillColor r="255" g="255" b="255" a="100" />
              <lineColor r="92" g="92" b="92" a="100" />
              <font name="Lucida Grande" size="12">
                <color r="0" g="0" b="0" />
              </font>
            </style>
          </node>
          <node identifier="id-563547a7-a4af-4707-b13e-ccd3a51cdf5a" xsi:type="Label" x="1150" y="2085" w="400" h="140">
            <label xml:lang="en">8 parallel processing</label>
            <style>
              <fillColor r="255" g="255" b="255" a="100" />
              <lineColor r="92" g="92" b="92" a="100" />
              <font name="Lucida Grande" size="12">
                <color r="0" g="0" b="0" />
              </font>
            </style>
          </node>
        </node>
        <node identifier="id-71edbbef-f855-413c-b073-36ec8c25bb4b" xsi:type="Label" x="1766" y="388" w="400" h="1810">
          <label xml:lang="en">10 common</label>
          <style>
            <fillColor r="255" g="255" b="255" a="100" />
            <lineColor r="92" g="92" b="92" a="100" />
            <font name="Lucida Grande" size="12">
              <color r="0" g="0" b="0" />
            </font>
          </style>
        </node>
      </view>
    </diagrams>
  </views>
</model>
