{"identifier":"https://me.big.tuwien.ac.at/EAModelSet/id-45f87864-a222-4f0d-8c62-59e6381ad765","archimateId":"id-45f87864-a222-4f0d-8c62-59e6381ad765","name":"enterprise patterns overview","description":"","formats":["XML","CSV","JSON","ARCHIMATE"],"source":"GitHub","sourceFile":"raw-data/github/xml/enterprise_patterns_overview.xml","sourceFormat":"XML","timestamp":"29-06-2023 09:28:06","tags":[],"duplicates":[],"language":"en","elements":[{"id":"id-94ce784b-8228-46fa-9ee3-9506bbf5d3c4","name":"entity 1","type":"DataObject","layer":"application"},{"id":"id-1880defe-1643-4496-a7c0-b5c382a6eb52","name":"entity 2","type":"DataObject","layer":"application"},{"id":"id-9b57e4df-39f5-4c05-b46e-470c690cfb72","name":"entity 3","type":"DataObject","layer":"application"},{"id":"id-7b9df014-e504-4485-9fba-cc69e7198421","name":"entity 4","type":"DataObject","layer":"application"},{"id":"a0fd09d4-3466-4869-93a6-fbcd63f348ac","name":"entity 5","type":"DataObject","layer":"application"},{"id":"id-08663b61-ec8e-4512-8c69-c1c983395936","name":"entity 6","type":"DataObject","layer":"application"},{"id":"c6161dd0-26cd-48a5-a18c-c2fcb701df54","name":"class 1","type":"ApplicationComponent","layer":"application"},{"id":"id-43b2e98f-0a57-4b83-b399-8252740b9625","name":"method 1","type":"ApplicationFunction","layer":"application"},{"id":"id-3fba2e24-e3e9-4a9c-92de-24433efa4493","name":"step1","type":"ApplicationProcess","layer":"application"},{"id":"id-9c1c6d76-75c9-4107-b471-2f3ec79580e6","name":"step 2","type":"ApplicationProcess","layer":"application"},{"id":"id-9e516ea6-184b-43aa-95ee-c15782ed5d07","name":"method 2","type":"ApplicationFunction","layer":"application"},{"id":"id-85eeb358-ffcf-445e-9857-247662db478c","name":"step1","type":"ApplicationProcess","layer":"application"},{"id":"id-16ef44ac-ab7e-462b-bdf8-cda69d396456","name":"step 2","type":"ApplicationProcess","layer":"application"},{"id":"id-94f4547b-0f89-4b89-a426-e895067fd9ca","name":"properties","type":"DataObject","layer":"application"},{"id":"id-402d2156-6d76-4aea-bb7a-2ea89ae0bdc2","name":"class 2","type":"ApplicationComponent","layer":"application"}],"relationships":[{"id":"id-55fc1d61-8a89-4291-a9c7-e135fd79c27f","sourceId":"id-43b2e98f-0a57-4b83-b399-8252740b9625","targetId":"id-9c1c6d76-75c9-4107-b471-2f3ec79580e6","type":"Composition"},{"id":"id-1e395134-dc78-4ff0-82f9-35910f7ef326","sourceId":"id-7b9df014-e504-4485-9fba-cc69e7198421","targetId":"id-9b57e4df-39f5-4c05-b46e-470c690cfb72","type":"Association"},{"id":"cc3d3508-1c6a-47f4-addd-0cf23f576ac7","sourceId":"id-43b2e98f-0a57-4b83-b399-8252740b9625","targetId":"id-3fba2e24-e3e9-4a9c-92de-24433efa4493","type":"Composition"},{"id":"id-45eb2182-8c2b-4f1a-a84f-2fc3054986d8","sourceId":"id-94ce784b-8228-46fa-9ee3-9506bbf5d3c4","targetId":"id-08663b61-ec8e-4512-8c69-c1c983395936","type":"Association"},{"id":"e76c4f90-31c1-4f46-bbaa-f2e353def158","sourceId":"id-08663b61-ec8e-4512-8c69-c1c983395936","targetId":"id-9b57e4df-39f5-4c05-b46e-470c690cfb72","type":"Association"},{"id":"id-360865af-fd37-4d19-979f-268ffef9b0c6","sourceId":"id-1880defe-1643-4496-a7c0-b5c382a6eb52","targetId":"id-9b57e4df-39f5-4c05-b46e-470c690cfb72","type":"Association"},{"id":"id-3d1014a4-130f-46d9-9f82-1fd8744d6e73","sourceId":"c6161dd0-26cd-48a5-a18c-c2fcb701df54","targetId":"id-9e516ea6-184b-43aa-95ee-c15782ed5d07","type":"Assignment"},{"id":"id-057e7b6e-6178-444f-a668-e5610a1a7f80","sourceId":"id-9e516ea6-184b-43aa-95ee-c15782ed5d07","targetId":"id-16ef44ac-ab7e-462b-bdf8-cda69d396456","type":"Composition"},{"id":"e58442e4-f0cf-40a5-908a-64503f317664","sourceId":"a0fd09d4-3466-4869-93a6-fbcd63f348ac","targetId":"id-7b9df014-e504-4485-9fba-cc69e7198421","type":"Association"},{"id":"id-077b76ae-77b8-4760-b86f-634407c89338","sourceId":"id-94ce784b-8228-46fa-9ee3-9506bbf5d3c4","targetId":"id-7b9df014-e504-4485-9fba-cc69e7198421","type":"Association"},{"id":"bf535892-c166-4285-9da7-15e6692c1912","sourceId":"id-85eeb358-ffcf-445e-9857-247662db478c","targetId":"id-16ef44ac-ab7e-462b-bdf8-cda69d396456","type":"Flow"},{"id":"id-08df1937-ed83-4687-baec-cb7f462cedf0","sourceId":"c6161dd0-26cd-48a5-a18c-c2fcb701df54","targetId":"id-94f4547b-0f89-4b89-a426-e895067fd9ca","type":"Access"},{"id":"id-11ffe416-3a05-4f27-9fc3-23b4e8fc5187","sourceId":"id-08663b61-ec8e-4512-8c69-c1c983395936","targetId":"a0fd09d4-3466-4869-93a6-fbcd63f348ac","type":"Association"},{"id":"id-9911e8b8-1ec2-4488-b985-5c43d0580db1","sourceId":"id-3fba2e24-e3e9-4a9c-92de-24433efa4493","targetId":"id-9c1c6d76-75c9-4107-b471-2f3ec79580e6","type":"Flow"},{"id":"id-2cf6ca7d-78f3-4993-ae8e-c1aeabb9b010","sourceId":"id-9e516ea6-184b-43aa-95ee-c15782ed5d07","targetId":"id-85eeb358-ffcf-445e-9857-247662db478c","type":"Composition"},{"id":"f3b7fa37-931f-4ecc-a64e-0e8c021e9959","sourceId":"c6161dd0-26cd-48a5-a18c-c2fcb701df54","targetId":"id-43b2e98f-0a57-4b83-b399-8252740b9625","type":"Assignment"},{"id":"id-0d463742-e085-4041-893a-c65fbda18b72","sourceId":"id-94ce784b-8228-46fa-9ee3-9506bbf5d3c4","targetId":"id-1880defe-1643-4496-a7c0-b5c382a6eb52","type":"Association"}],"views":[{"id":"id-7a04ffb5-0136-4e1f-85e6-5749feea6535","name":"map overview","viewpoint":""}]}