"ID","Key","Value"
"_as8mYOnlEDiStI-hnMBrqQ","Directed","false"
"_l-X3UOnlEDiStI-hnMBrqQ","Directed","false"
"_Qwq98On6EDiStI-hnMBrqQ","Directed","false"
"_ZmehAOn6EDiStI-hnMBrqQ","Directed","false"
"_bRTEEOn6EDiStI-hnMBrqQ","Directed","false"
"_w5VcIOn9EDiStI-hnMBrqQ","Directed","false"
"_zPKEAOn9EDiStI-hnMBrqQ","Directed","false"
"_8bAIgOn9EDiStI-hnMBrqQ","Directed","false"
"_AdkmEOn-EDiStI-hnMBrqQ","Directed","false"
"_zWcs4On_EDiStI-hnMBrqQ","Directed","false"
"_wQZbQOtaEDimV-ezZqNQgg","Directed","false"
"_wQapYutaEDimV-ezZqNQgg","Directed","false"
"_wQapZOtaEDimV-ezZqNQgg","Directed","false"
"_IoJCMOtbEDimV-ezZqNQgg","Directed","false"