{"identifier":"https://me.big.tuwien.ac.at/EAModelSet/d66e9045-de70-464d-bb30-dc4c42bd0890","archimateId":"d66e9045-de70-464d-bb30-dc4c42bd0890","name":"TOOP-GOOPRA","description":"","formats":["XML","CSV","JSON","ARCHIMATE"],"source":"GitHub","sourceFile":"raw-data/github/xml/toop-goopra.xml","sourceFormat":"XML","timestamp":"29-06-2023 09:28:08","tags":["DUPLICATE"],"duplicates":["raw-data/github/archimate/toop-goopra.archimate"],"language":"en","elements":[{"id":"id-928865a5-b5bf-49f5-9265-7d076ce16d69","name":"Business Collaboration","type":"BusinessCollaboration","layer":"business"},{"id":"id-2ce3d2f2-325f-421e-ac21-5a833c6c0eeb","name":"Cross-Border Public eService","type":"BusinessService","layer":"business"},{"id":"f169b45f-0c6f-433c-ba6c-02ea91e1a172","name":"User","type":"BusinessRole","layer":"business"},{"id":"f21d86a3-385f-45e0-8ed3-5b2c9b805500","name":"Identify and Authenticate User","type":"BusinessProcess","layer":"business"},{"id":"id-956bcd81-76ac-485a-97c2-23572a776291","name":"Manage User Request to Retrieve Evidence","type":"BusinessProcess","layer":"business"},{"id":"b5711b60-5f44-4410-9781-180c5551f658","name":"Manage User Consent to Retrieve Personal Data","type":"BusinessProcess","layer":"business"},{"id":"c96ec46e-ae55-42d7-9e5b-8b1cf459fc58","name":"Find and Retrieve Evidence from DP","type":"BusinessProcess","layer":"business"},{"id":"id-767fa066-2175-4ff2-9ae0-56524f79c33b","name":"Process Evidence","type":"BusinessProcess","layer":"business"},{"id":"id-698f6c39-f22d-4674-ba76-bd779e61154c","name":"Identify Required Evidence","type":"BusinessProcess","layer":"business"},{"id":"a44e15d5-218a-4f3f-b438-9dde2d22b19a","name":"Find and Retrieve Requested Evidence","type":"BusinessProcess","layer":"business"},{"id":"id-2b20547e-f295-4f9a-85ca-54c42cdc5768","name":"Provide Evidence to DC","type":"BusinessProcess","layer":"business"},{"id":"d0b3831b-e701-4358-b9be-6b1af233a001","name":"Evidence Request","type":"BusinessObject","layer":"business"},{"id":"id-9ff175ad-223c-4fb8-b5db-950fd7ac1afa","name":"Evidence","type":"BusinessObject","layer":"business"},{"id":"d190d569-921f-4e2b-8ea2-5d95fb0888c2","name":"User Identity","type":"BusinessObject","layer":"business"},{"id":"id-5730223d-60fc-4491-8cf6-9ca2290052ac","name":"Explicit User Request","type":"BusinessObject","layer":"business"},{"id":"eddf2556-59fe-4226-b097-ac7b613a4ce8","name":"User Consent","type":"BusinessObject","layer":"business"},{"id":"id-43e96042-ba57-4241-b0fe-bb8d21331beb","name":"Competent Authority","type":"BusinessActor","layer":"business"},{"id":"cf9dd0cc-b82c-42c7-b3ee-d123111eec85","name":"Competent Authority Communication","type":"BusinessFunction","layer":"business"},{"id":"id-13f5ba47-a543-4cc1-862e-80af3e19bf1c","name":"Evidence Requesting","type":"BusinessFunction","layer":"business"},{"id":"f9c311bf-d003-4746-bd5c-7e1bd5dfe1e2","name":"Identify and Authenticate User","type":"BusinessInteraction","layer":"business"},{"id":"id-7bba770f-dd71-4f45-9e4e-f3295ed9be70","name":"Manage User Request to Retrieve Evidence","type":"BusinessInteraction","layer":"business"},{"id":"ce90bb58-51b7-406e-ba36-dadd71220168","name":"Manage User Consent to Retrieve Personal Data","type":"BusinessInteraction","layer":"business"},{"id":"a2ccfcd3-1034-485b-aaae-3aea9cc449fc","name":"Find and Retrieve Evidence","type":"BusinessInteraction","layer":"business"},{"id":"id-973201dc-dd07-4a90-b2c0-fb30056c5d75","name":"Cross-Border Public eService Delivery","type":"BusinessInteraction","layer":"business"},{"id":"id-5772c4f2-8ce7-4aba-afb4-0b386573a4d5","name":"Review and Process Evidence","type":"BusinessInteraction","layer":"business"},{"id":"id-29d0e69b-6e62-4722-8148-1bea555eb826","name":"Legal Entity","type":"BusinessActor","layer":"business"},{"id":"id-3d524475-ee5c-429f-9a8e-285ac966cd65","name":"Public Service Provider","type":"BusinessRole","layer":"business"},{"id":"b1422bb4-6a9a-4442-8aba-9aa7bab515ef","name":"Identification","type":"BusinessFunction","layer":"business"},{"id":"id-9dd5b2cc-5eb3-41e0-a344-6ec16a2c8abb","name":"electronic Identification","type":"BusinessFunction","layer":"business"},{"id":"de7fdcad-d3e7-402d-8004-0589d001ea0c","name":"Authentication","type":"BusinessFunction","layer":"business"},{"id":"d2345b62-5eb0-4792-afe9-7afd2f0962ad","name":"Identify User","type":"BusinessProcess","layer":"business"},{"id":"id-9fc33955-712c-4fbb-a7b0-de1ad2ace7eb","name":"Provide Identity Claim","type":"BusinessProcess","layer":"business"},{"id":"id-24693aa3-7af7-42b0-88d1-9e5f6f81af9d","name":"Request Explicit User Request","type":"BusinessProcess","layer":"business"},{"id":"d0d26c95-9449-41c7-9406-cb43675cd26f","name":"Provide Explicit Request","type":"BusinessProcess","layer":"business"},{"id":"id-780d5ce4-62a6-44b4-810d-d275ab1ac8b7","name":"Request User Consent","type":"BusinessProcess","layer":"business"},{"id":"id-8b4c38ae-c8e6-4607-86f6-8290d836101d","name":"Record Explicit User Request","type":"BusinessProcess","layer":"business"},{"id":"f150bfb0-b191-44cf-b1e5-c2513a5298d5","name":"Provide User Consent","type":"BusinessProcess","layer":"business"},{"id":"id-9c91b77f-6f88-4a3c-af35-249cc27af137","name":"Record User Consent","type":"BusinessProcess","layer":"business"},{"id":"id-58f40068-13f3-45ad-a0e2-512932523b8e","name":"User Request Management","type":"BusinessFunction","layer":"business"},{"id":"f044d309-635a-42f1-b5ad-310f776643ff","name":"User Consent Management","type":"BusinessFunction","layer":"business"},{"id":"d7cd4a47-4eb2-4386-b70f-484a3231a0d2","name":"Discover Data Provider","type":"BusinessProcess","layer":"business"},{"id":"f30e2900-1a1f-4f7f-831c-a6ef1823abee","name":"Check Request Legitimacy","type":"BusinessProcess","layer":"business"},{"id":"id-71614bf9-945e-4bba-a9fa-570f6b35a824","name":"Extract Evidence","type":"BusinessProcess","layer":"business"},{"id":"id-511b8198-7f12-4d57-9743-39b47737f38b","name":"Transmit Evidence","type":"BusinessProcess","layer":"business"},{"id":"b64c46ef-5801-4c06-8de0-8a85aeb2e82b","name":"Data Provider Directory","type":"BusinessObject","layer":"business"},{"id":"id-442f572b-5fcf-4080-8ece-be36f6d0cc40","name":"Data Provider Capability","type":"BusinessObject","layer":"business"},{"id":"f57ad70c-7dbd-4610-a602-46b4b178e474","name":"Evidence Request Management","type":"BusinessFunction","layer":"business"},{"id":"id-70049125-bc0f-456d-bbbd-e5a70d234588","name":"Request Evidence","type":"BusinessProcess","layer":"business"},{"id":"ee32d7a6-623e-4272-af0d-9155579a6483","name":"Evidence Delivery","type":"BusinessFunction","layer":"business"},{"id":"id-6e38689f-ffb7-4a5b-b2e4-c299e627e9d5","name":"Evidence Request Delivery","type":"BusinessFunction","layer":"business"},{"id":"id-1899238c-e16f-48c4-8d60-27bfb77bbbe7","name":"Receive Evidence","type":"BusinessProcess","layer":"business"},{"id":"c34f0294-e8f4-429a-8111-4cbe274cadcc","name":"Provide Evidence","type":"BusinessProcess","layer":"business"},{"id":"id-8b8634c1-ffd2-4663-9dfc-000ec7efcd4c","name":"Authenticate User Identity","type":"BusinessProcess","layer":"business"},{"id":"id-0996ef63-7e29-4e62-8832-16b8074400d0","name":"Request User Identity","type":"BusinessProcess","layer":"business"},{"id":"id-0f309866-5cdf-46d6-ad9c-8cb820cd1769","name":"Record User Identity","type":"BusinessProcess","layer":"business"},{"id":"id-6c629801-66e6-4994-88af-4f1d37387831","name":"User Identity Management","type":"BusinessFunction","layer":"business"},{"id":"id-5c0d6e66-4bf8-43c1-a610-7263b6ecb962","name":"Review Evidence","type":"BusinessProcess","layer":"business"},{"id":"id-0c39a204-db90-4954-ab3e-a6c2c681ce1d","name":"Request User Review","type":"BusinessProcess","layer":"business"},{"id":"id-03d00209-861f-4dd1-84ea-67b93dd07c49","name":"Evidence Management","type":"BusinessFunction","layer":"business"},{"id":"d2756dfd-bf37-48d2-b608-b62625c0c23d","name":"User Review Management","type":"BusinessFunction","layer":"business"},{"id":"e88c2c2d-7dfb-4022-b9e6-5049dfd19a79","name":"Procedure Delivery","type":"BusinessFunction","layer":"business"},{"id":"id-9c43db47-1f93-412c-aeaf-3bae03a6ac8b","name":"Identify User and Manage Request","type":"BusinessInteraction","layer":"business"},{"id":"id-48c198f3-9fce-4e40-9e31-250244b9f55b","name":"Data Consumer","type":"BusinessRole","layer":"business"},{"id":"id-258f16c2-3a07-4604-be3b-65ec61ca305a","name":"Data Mapper","type":"BusinessRole","layer":"business"},{"id":"id-37f337a4-1ed4-456f-bed5-23606f29d621","name":"Data Provider","type":"BusinessRole","layer":"business"},{"id":"id-08051e65-ee38-4049-96eb-495d68755e7d","name":"Deputy Data Subject","type":"BusinessRole","layer":"business"},{"id":"id-59a1b00f-5ea0-4cb4-b87e-52984755a361","name":"Data Notifier","type":"BusinessRole","layer":"business"},{"id":"id-3b0d3a32-f453-4c31-8fc4-8d4412e6a9b9","name":"Identity Provider","type":"BusinessRole","layer":"business"},{"id":"fe1f43c1-478d-47fb-a492-b2fe54c09400","name":"Data Discoverer","type":"BusinessRole","layer":"business"},{"id":"id-757e2adc-eb80-4910-a47d-67cb064e27e8","name":"DAE Governor","type":"BusinessRole","layer":"business"},{"id":"id-31feef7f-741e-4bdd-9b49-8ab826d71cbf","name":"Data Owner","type":"BusinessRole","layer":"business"},{"id":"ce68124c-3023-4bd9-9d0c-a24d23c4bd3e","name":"Data Subject","type":"BusinessRole","layer":"business"},{"id":"id-3d6e1bbd-31c0-469d-866a-b936a23ba2e9","name":"MS-A Administation","type":"BusinessActor","layer":"business"},{"id":"fc3aae40-a2cf-4b86-a81a-9e53ac51206a","name":"MS-B Administration","type":"BusinessActor","layer":"business"},{"id":"id-6cf45692-e251-44fa-a14d-8e74632a36bb","name":"MS-B IdP Organisation","type":"BusinessActor","layer":"business"},{"id":"id-38563924-939d-4016-b256-cf35ac8f48e8","name":"Access eService","type":"BusinessProcess","layer":"business"},{"id":"id-9e56015a-a553-41d6-8979-272d70905c6e","name":"Publish DP Capability","type":"BusinessInteraction","layer":"business"},{"id":"id-04262292-ba01-49f7-9cc9-250a5269eefa","name":"Notify Data Change","type":"BusinessInteraction","layer":"business"},{"id":"id-97298683-950e-4127-a006-2952596bf5c2","name":"Subscribe to Data Change","type":"BusinessInteraction","layer":"business"},{"id":"aad64ff2-0d24-408f-a854-5d31522c3fc0","name":"Data Request for DS","type":"BusinessEvent","layer":"business"},{"id":"id-2f3bd685-cb1e-4afc-a25d-590cfc0fbce1","name":"Authorize DC to Access Data","type":"BusinessProcess","layer":"business"},{"id":"e7068f6b-5868-4f0b-b5b6-a16132ef9e55","name":"Consent Data Provision to DC","type":"BusinessInteraction","layer":"business"},{"id":"a3657fe2-2c99-455a-9a4b-7827147459ad","name":"Data Change Notified at DC","type":"BusinessEvent","layer":"business"},{"id":"id-334d00e6-bbb7-47da-882a-7a4c51e03780","name":"Data Change Required at DC","type":"BusinessEvent","layer":"business"},{"id":"f5b5ed1d-aa29-4a4b-8042-31772632a223","name":"Data Change Subscribed","type":"BusinessEvent","layer":"business"},{"id":"c1a1f85c-331d-41c7-966a-196b2d76296f","name":"Data Changed","type":"BusinessEvent","layer":"business"},{"id":"bd0f9671-8a57-4bbc-a4af-cbff6bb05290","name":"Data Changed at DP","type":"BusinessEvent","layer":"business"},{"id":"d6bd4bcd-5c45-4d9c-8d19-9a805f21720a","name":"Data Retrieved at DC","type":"BusinessEvent","layer":"business"},{"id":"df6fd041-8561-4afe-9fc5-a756095c62d0","name":"Deliver Data to DC","type":"BusinessProcess","layer":"business"},{"id":"id-53686537-c880-4f6f-9504-8329b1f92cc8","name":"Gather Data","type":"BusinessProcess","layer":"business"},{"id":"b2582655-5423-469c-92d7-0a85f5e8b489","name":"Locate Data Provider","type":"BusinessInteraction","layer":"business"},{"id":"id-1021a560-d317-4663-ba9d-23278dd518fc","name":"Look up Subscribers","type":"BusinessProcess","layer":"business"},{"id":"e87492c6-17d1-467d-bb2b-92b611caab42","name":"Notify Subscribers","type":"BusinessInteraction","layer":"business"},{"id":"id-5e504527-312b-4609-9f19-7deb1c7e332b","name":"Provide Data to DC","type":"BusinessInteraction","layer":"business"},{"id":"id-80537aa4-7d46-4386-9feb-78474b467616","name":"Publish DP Capability","type":"BusinessProcess","layer":"business"},{"id":"id-37567019-33d6-4786-86cb-745da4c1253a","name":"Publish Data Change","type":"BusinessInteraction","layer":"business"},{"id":"id-8784fac4-6b96-4752-8b2a-a7b0c2ed139e","name":"Publish Supported Data","type":"BusinessInteraction","layer":"business"},{"id":"fe80a474-d117-4fae-9964-f85d3894bfbe","name":"Register DP Capability","type":"BusinessProcess","layer":"business"},{"id":"bde397ef-f4ba-4a46-ba0c-d74019be1a69","name":"Register Data Subscription","type":"BusinessProcess","layer":"business"},{"id":"id-5316ea06-4dc0-476f-a96a-ea6263ae9cf0","name":"Request Subscription to Data","type":"BusinessInteraction","layer":"business"},{"id":"dbaeb8e9-15f7-46cb-a045-99c0b768e676","name":"Transform Data","type":"BusinessInteraction","layer":"business"},{"id":"dbf4265f-9d53-4df2-870c-960357c761a9","name":"Transform to DC Data","type":"BusinessInteraction","layer":"business"},{"id":"bbb62cc4-abd9-41d7-9ac3-0cb21e95264a","name":"Transform to DP Data","type":"BusinessInteraction","layer":"business"},{"id":"a0c7df70-1943-46e0-a030-b5dc0ee6ae1a","name":"Cross-Border Event Processing","type":"BusinessFunction","layer":"business"},{"id":"id-20672ffc-5cd3-4cf6-b3bf-96ace406e6fb","name":"Cross-Border Evidence Provision","type":"BusinessFunction","layer":"business"},{"id":"id-4dded4a0-d5bd-4769-ab9e-a618821e5557","name":"Cross-Border Procedure Provision","type":"BusinessFunction","layer":"business"},{"id":"id-8666699a-e82e-4170-838f-161268d81829","name":"DP Capability Registration","type":"BusinessFunction","layer":"business"},{"id":"id-32631ecd-7970-40d1-ab6c-0ef8832ca025","name":"Data Governance","type":"BusinessFunction","layer":"business"},{"id":"a72c5097-ab99-4e64-b706-e501d1b7bbb2","name":"Data Protection","type":"BusinessFunction","layer":"business"},{"id":"id-13331578-de21-4c68-a601-aa9c074095ed","name":"Data Provider Management","type":"BusinessFunction","layer":"business"},{"id":"dc1aed4a-6113-4f53-bcfd-a93a92cdad45","name":"Data Provider Discovery","type":"BusinessFunction","layer":"business"},{"id":"id-4d6358f6-74f4-40dc-b63e-a14bf47c7b00","name":"Data Register Management","type":"BusinessFunction","layer":"business"},{"id":"d84aef36-f16c-4a87-ad36-3b0bae4e37e6","name":"Data Subject Authorization","type":"BusinessFunction","layer":"business"},{"id":"f1b04f00-36f6-42be-a095-30c60fa308ee","name":"Event Management","type":"BusinessFunction","layer":"business"},{"id":"id-383a9721-1711-4a9d-be72-85059f97e120","name":"Event Subscription","type":"BusinessFunction","layer":"business"},{"id":"be3f1361-1896-4be6-a902-1f4a0ac12f5b","name":"Evidence Event Management","type":"BusinessFunction","layer":"business"},{"id":"id-782081d4-9d7c-4029-a19c-186ee7ef8c1b","name":"Cross-Border Evidence Exchange","type":"BusinessFunction","layer":"business"},{"id":"id-89c4407e-a067-4904-803c-3ba60fb5a77c","name":"Evidence Management","type":"BusinessFunction","layer":"business"},{"id":"id-0bc5eba2-b34b-43b7-87ab-1153f754de2e","name":"Evidence Notification","type":"BusinessFunction","layer":"business"},{"id":"id-2f35886b-926e-4ee1-bc91-a2dfea7a6eea","name":"Cross-Border Evidence Processing","type":"BusinessFunction","layer":"business"},{"id":"id-30b12b4d-578e-44ea-8877-8fd4db6984cf","name":"Evidence Reception","type":"BusinessFunction","layer":"business"},{"id":"id-079648a8-e512-41e0-a97d-ce264f5b3e4e","name":"Evidence Extraction","type":"BusinessFunction","layer":"business"},{"id":"id-65998c87-ccfb-40d9-94aa-1af528a13214","name":"Evidence Semantics Management","type":"BusinessFunction","layer":"business"},{"id":"id-0d452950-0f21-4859-ae9c-d9ac0ddcfff9","name":"Evidence Semantics Mapping","type":"BusinessFunction","layer":"business"},{"id":"id-9a240e85-0aa2-4a10-b293-9cbdca4618fd","name":"Evidence Submission","type":"BusinessFunction","layer":"business"},{"id":"c2537409-4500-4f66-ab4f-524bd826dbf3","name":"Evidence Transmission","type":"BusinessFunction","layer":"business"},{"id":"bdd1aa9a-19ff-4b00-a8f0-673151902ac6","name":"Identification and Authentication","type":"BusinessFunction","layer":"business"},{"id":"id-3b44eb77-e602-4af5-a0b2-8e6bcaef47ab","name":"Notification Management","type":"BusinessFunction","layer":"business"},{"id":"bbee0c27-d4ca-4491-bedc-61a88ca1b0b0","name":"Procedure Authorization Management","type":"BusinessFunction","layer":"business"},{"id":"id-8e52cf1d-558a-4b28-8193-ec0f31e84251","name":"Procedure and Evidence  Mapping","type":"BusinessFunction","layer":"business"},{"id":"id-038cf5f5-e223-402e-a47b-61dce5214a11","name":"Procedure and Evidence Management","type":"BusinessFunction","layer":"business"},{"id":"id-2ca5b1a6-caee-4378-9fcf-3ce1f388c0b5","name":"Provisioning Authorization Management","type":"BusinessFunction","layer":"business"},{"id":"id-90bed5d9-e7f4-4c1f-8a3d-e2d817df62e5","name":"Provisioning Capability Management","type":"BusinessFunction","layer":"business"},{"id":"id-8e9f5f67-e034-4c77-b461-f05234509a9d","name":"Provisioning Capability Publication","type":"BusinessFunction","layer":"business"},{"id":"faea8490-dd40-451c-8085-06f5f9088cac","name":"Service Delivery","type":"BusinessFunction","layer":"business"},{"id":"id-96558977-36e5-47e0-b14b-4f5099fc9d05","name":"Subscription Management","type":"BusinessFunction","layer":"business"},{"id":"id-2cdce89d-7450-430d-b8d8-8aa1b19619af","name":"\"TOOP Connector\"","type":"ApplicationComponent","layer":"application"},{"id":"ea3c4149-03c1-4ac3-9de9-cc4e06831d3c","name":"Evidence Exchange","type":"ApplicationFunction","layer":"application"},{"id":"id-55e5c516-911f-440e-a825-c739fa39bfc2","name":"Routing Metadata Discovery","type":"ApplicationFunction","layer":"application"},{"id":"id-366c19ed-c874-459a-a8bb-9a343c303d7f","name":"Semantic Mapping","type":"ApplicationFunction","layer":"application"},{"id":"id-5eaf66c9-c77f-4004-929d-0132017adad7","name":"Access Point","type":"ApplicationComponent","layer":"application"},{"id":"id-83306abc-ce72-410d-9e6e-b8753c30d212","name":"Backend Interface","type":"ApplicationInterface","layer":"application"},{"id":"id-28e0c3de-09be-434b-8d76-407887d4ecef","name":"SMP","type":"ApplicationComponent","layer":"application"},{"id":"id-92f32697-5ecf-473b-aa11-f9840cb21a36","name":"Participant Directory","type":"ApplicationComponent","layer":"application"},{"id":"c59b0770-0de0-45d9-a302-313e68861232","name":"Application Interface","type":"ApplicationInterface","layer":"application"},{"id":"id-0f8d5b8a-bfc4-4e38-ba7f-842bd134c254","name":"Application Interface","type":"ApplicationInterface","layer":"application"},{"id":"c0065e23-e8df-49a0-ab9b-eb2eccea6b1d","name":"Data Publication","type":"ApplicationFunction","layer":"application"},{"id":"id-0eaa27ca-a934-439b-ac95-6bdbad1ffff8","name":"Application Interface","type":"ApplicationInterface","layer":"application"},{"id":"id-30b19fba-64fb-4a76-bb46-b8135e5aaabd","name":"Capability Lookup","type":"ApplicationFunction","layer":"application"},{"id":"ea1abed3-0956-454b-95e4-ec4e3c603cec","name":"Dynamic Service Location","type":"ApplicationFunction","layer":"application"},{"id":"cb7a04aa-ec59-47ad-a198-7c7115446ef5","name":"BDXL","type":"ApplicationComponent","layer":"application"},{"id":"f7b233b2-4ad6-427c-905b-703691077a5d","name":"Message Exchange","type":"ApplicationFunction","layer":"application"},{"id":"fc0b155d-ec72-461e-9386-419ef3bac201","name":"Participant Lookup","type":"ApplicationFunction","layer":"application"},{"id":"id-8feb6878-2c6a-43fd-bab7-d86786a52a63","name":"Document Packaging","type":"ApplicationFunction","layer":"application"},{"id":"id-94c81cef-0c54-4266-9c5d-8eca971d26d7","name":"Data Provider Discovery","type":"ApplicationFunction","layer":"application"},{"id":"id-27106e69-fcf7-42a3-ac42-e4a348dbc3fc","name":"eSignature","type":"ApplicationComponent","layer":"application"},{"id":"c9acce03-81e5-45fb-a176-56bef573e532","name":"Signature Creation","type":"ApplicationFunction","layer":"application"},{"id":"id-3a4b03dc-9a38-4d2a-8c5c-fc930bbfa868","name":"Document Container","type":"DataObject","layer":"application"},{"id":"id-517a0c5b-e4a9-4f5a-9e34-1750f88bf638","name":"TOOP User Identifier","type":"ApplicationComponent","layer":"application"},{"id":"id-36116202-8f34-4b6a-8ff3-fe23a82de083","name":"Routing Metadata","type":"DataObject","layer":"application"},{"id":"id-86e2a8c6-c934-406d-b754-f88db1e7da6f","name":"Document","type":"DataObject","layer":"application"},{"id":"id-41353193-0eaf-4c3b-973b-5332df18ce0f","name":"Signature","type":"DataObject","layer":"application"},{"id":"id-5a0e8b37-9468-4129-aeb1-db971b9741b5","name":"Transport Container","type":"DataObject","layer":"application"},{"id":"f7cc08b8-94ea-449d-afd2-6c2dde05541d","name":"Participant Identifier","type":"DataObject","layer":"application"},{"id":"id-11565d11-81d5-4fe7-9fdd-67bca50c8ba3","name":"Capability Service Location","type":"DataObject","layer":"application"},{"id":"id-0aab455f-2cde-44dc-8c97-269e4b918ebe","name":"User Identification","type":"ApplicationFunction","layer":"application"},{"id":"id-83591058-c8c6-4af5-a70e-c34e8e7d958f","name":"User Request Management","type":"ApplicationFunction","layer":"application"},{"id":"b360056e-1293-4a7a-be87-3fb870e37c7f","name":"User Consent Management","type":"ApplicationFunction","layer":"application"},{"id":"dd1e6459-fca8-439a-938d-04ad3cdfa39c","name":"Member State","type":"Stakeholder","layer":"motivation"},{"id":"b4da01ed-f271-4a44-8ade-4b31e70bae8f","name":"European Commission","type":"Stakeholder","layer":"motivation"},{"id":"b3973b69-5f0a-4e4c-aa5b-21e42ba66128","name":"Competent Authority","type":"Stakeholder","layer":"motivation"},{"id":"ef08af47-e99b-4a2f-b5a7-07ba507a5a98","name":"Reduce Cross-Border Administrative Burden","type":"Goal","layer":"motivation"},{"id":"id-9099b553-f408-4b0a-9f7b-f7ba5612f58a","name":"Outcome","type":"Outcome","layer":"motivation"},{"id":"ed437627-d35d-4c9f-8cbf-fc47dad28a9c","name":"Business","type":"Stakeholder","layer":"motivation"},{"id":"id-993448be-be82-47f8-a60f-50a3d6d14e34","name":"eDelivery DSI","type":"Grouping","layer":"other"},{"id":"a3d99ff1-99f8-464b-9d8f-364450f7737b","name":"ETSI","type":"Grouping","layer":"other"},{"id":"a8074e54-09dd-431b-b437-8bfe66c21210","name":"PePPOL","type":"Grouping","layer":"other"},{"id":"id-97c95427-4573-4aee-b0d5-876fe4ab0b33","name":"eSignature DSI","type":"Grouping","layer":"other"},{"id":"id-94c379ba-f49b-4227-ac61-b768df6b57fc","name":"Location","type":"Location","layer":"other"}],"relationships":[{"id":"id-4be057b9-3bef-46a4-9003-be99cababee2","sourceId":"id-08051e65-ee38-4049-96eb-495d68755e7d","targetId":"id-38563924-939d-4016-b256-cf35ac8f48e8","type":"Assignment"},{"id":"f6d43f12-0765-4e0d-8e50-23d608b864c2","sourceId":"id-38563924-939d-4016-b256-cf35ac8f48e8","targetId":"aad64ff2-0d24-408f-a854-5d31522c3fc0","type":"Triggering"},{"id":"id-6bf845f7-5c19-4e35-8f87-7284297b4495","sourceId":"id-3b0d3a32-f453-4c31-8fc4-8d4412e6a9b9","targetId":"bdd1aa9a-19ff-4b00-a8f0-673151902ac6","type":"Assignment"},{"id":"b0fa3c02-e4e8-453b-bb53-1d2bceb3fc5d","sourceId":"id-59a1b00f-5ea0-4cb4-b87e-52984755a361","targetId":"id-1021a560-d317-4663-ba9d-23278dd518fc","type":"Assignment"},{"id":"id-73c8e251-d23e-4b23-83ed-3884c0223be7","sourceId":"id-97298683-950e-4127-a006-2952596bf5c2","targetId":"b2582655-5423-469c-92d7-0a85f5e8b489","type":"Composition"},{"id":"aea98e79-09d5-48ff-90f8-f9112fad8400","sourceId":"id-97298683-950e-4127-a006-2952596bf5c2","targetId":"bbb62cc4-abd9-41d7-9ac3-0cb21e95264a","type":"Composition"},{"id":"id-63283552-8ff7-4efc-aacb-9873e9fc20f7","sourceId":"id-97298683-950e-4127-a006-2952596bf5c2","targetId":"bde397ef-f4ba-4a46-ba0c-d74019be1a69","type":"Composition"},{"id":"id-2a88afe6-deef-4b03-b09f-a0d8c3280369","sourceId":"b2582655-5423-469c-92d7-0a85f5e8b489","targetId":"bbb62cc4-abd9-41d7-9ac3-0cb21e95264a","type":"Flow"},{"id":"id-8fea8233-213a-4ec6-9873-4d9f19f38308","sourceId":"bbb62cc4-abd9-41d7-9ac3-0cb21e95264a","targetId":"bde397ef-f4ba-4a46-ba0c-d74019be1a69","type":"Flow"},{"id":"id-4c95d817-9fcb-463c-b28f-0be832f4f2e6","sourceId":"id-258f16c2-3a07-4604-be3b-65ec61ca305a","targetId":"bbb62cc4-abd9-41d7-9ac3-0cb21e95264a","type":"Assignment"},{"id":"id-89f9c113-d872-4644-ae3c-024b635cf1e6","sourceId":"id-59a1b00f-5ea0-4cb4-b87e-52984755a361","targetId":"bbb62cc4-abd9-41d7-9ac3-0cb21e95264a","type":"Assignment"},{"id":"id-64e9fa0b-9569-4909-ac4d-443cf733d34a","sourceId":"id-59a1b00f-5ea0-4cb4-b87e-52984755a361","targetId":"b2582655-5423-469c-92d7-0a85f5e8b489","type":"Assignment"},{"id":"cb8761df-19b7-4f8b-ab95-283b560462c8","sourceId":"id-59a1b00f-5ea0-4cb4-b87e-52984755a361","targetId":"bde397ef-f4ba-4a46-ba0c-d74019be1a69","type":"Assignment"},{"id":"id-6e631fa4-0fc9-43dd-81d2-e22624f8b834","sourceId":"dc1aed4a-6113-4f53-bcfd-a93a92cdad45","targetId":"b2582655-5423-469c-92d7-0a85f5e8b489","type":"Serving"},{"id":"b681e0bb-879d-49df-b1c4-18d98be64d10","sourceId":"fe1f43c1-478d-47fb-a492-b2fe54c09400","targetId":"b2582655-5423-469c-92d7-0a85f5e8b489","type":"Assignment"},{"id":"id-8b826c7b-4d29-4b9f-b7f5-33f3a56aa103","sourceId":"bde397ef-f4ba-4a46-ba0c-d74019be1a69","targetId":"f5b5ed1d-aa29-4a4b-8042-31772632a223","type":"Triggering"},{"id":"c08ef726-c6cd-4086-81ce-fe8037045c87","sourceId":"id-04262292-ba01-49f7-9cc9-250a5269eefa","targetId":"dbf4265f-9d53-4df2-870c-960357c761a9","type":"Composition"},{"id":"a72cd015-fdcd-44bc-b1a9-6013e61309f4","sourceId":"id-04262292-ba01-49f7-9cc9-250a5269eefa","targetId":"id-1021a560-d317-4663-ba9d-23278dd518fc","type":"Composition"},{"id":"id-2bcbfe66-e9da-499e-bbd6-a18d9a8fea67","sourceId":"id-04262292-ba01-49f7-9cc9-250a5269eefa","targetId":"e87492c6-17d1-467d-bb2b-92b611caab42","type":"Composition"},{"id":"id-78e2bd14-2628-48ec-85f3-60f137d5276d","sourceId":"id-1021a560-d317-4663-ba9d-23278dd518fc","targetId":"dbf4265f-9d53-4df2-870c-960357c761a9","type":"Flow"},{"id":"ed6befc6-971f-4a44-8ed5-66ee02533dd7","sourceId":"dbf4265f-9d53-4df2-870c-960357c761a9","targetId":"e87492c6-17d1-467d-bb2b-92b611caab42","type":"Flow"},{"id":"id-11332601-9000-4795-9561-e702e214f516","sourceId":"id-97298683-950e-4127-a006-2952596bf5c2","targetId":"id-5316ea06-4dc0-476f-a96a-ea6263ae9cf0","type":"Composition"},{"id":"bb7e76d2-0d57-4233-9d5f-405787e819a6","sourceId":"id-5316ea06-4dc0-476f-a96a-ea6263ae9cf0","targetId":"b2582655-5423-469c-92d7-0a85f5e8b489","type":"Flow"},{"id":"b4883d8e-8c0f-4654-8339-54edff74255e","sourceId":"id-334d00e6-bbb7-47da-882a-7a4c51e03780","targetId":"id-5316ea06-4dc0-476f-a96a-ea6263ae9cf0","type":"Triggering"},{"id":"b26264c4-db85-4d26-9f3d-7e95c9d07e2f","sourceId":"id-383a9721-1711-4a9d-be72-85059f97e120","targetId":"id-5316ea06-4dc0-476f-a96a-ea6263ae9cf0","type":"Serving"},{"id":"id-50f4ef0c-72a4-4c99-a87c-a33ef9829a7c","sourceId":"id-59a1b00f-5ea0-4cb4-b87e-52984755a361","targetId":"id-5316ea06-4dc0-476f-a96a-ea6263ae9cf0","type":"Assignment"},{"id":"c259fde5-aa30-459a-9f4b-074b8c41eefc","sourceId":"id-48c198f3-9fce-4e40-9e31-250244b9f55b","targetId":"id-5316ea06-4dc0-476f-a96a-ea6263ae9cf0","type":"Assignment"},{"id":"b57c4a14-03fb-49ee-94a6-2e956a2161df","sourceId":"id-04262292-ba01-49f7-9cc9-250a5269eefa","targetId":"id-37567019-33d6-4786-86cb-745da4c1253a","type":"Composition"},{"id":"f2585aa9-db68-4fd8-b766-a10c2544e2a4","sourceId":"id-37567019-33d6-4786-86cb-745da4c1253a","targetId":"id-1021a560-d317-4663-ba9d-23278dd518fc","type":"Flow"},{"id":"aca3ff26-b5db-49c0-a0c8-f9f28a744387","sourceId":"bd0f9671-8a57-4bbc-a4af-cbff6bb05290","targetId":"id-37567019-33d6-4786-86cb-745da4c1253a","type":"Triggering"},{"id":"id-0aff1448-cb6a-4647-8241-7b7a8c797ed0","sourceId":"e87492c6-17d1-467d-bb2b-92b611caab42","targetId":"a3657fe2-2c99-455a-9a4b-7827147459ad","type":"Triggering"},{"id":"ccacc1e5-974c-4a01-b8ca-2148ce2a8935","sourceId":"id-37f337a4-1ed4-456f-bed5-23606f29d621","targetId":"id-37567019-33d6-4786-86cb-745da4c1253a","type":"Assignment"},{"id":"id-598a8a45-fedb-4003-aeb0-bf986edb4aec","sourceId":"id-59a1b00f-5ea0-4cb4-b87e-52984755a361","targetId":"id-37567019-33d6-4786-86cb-745da4c1253a","type":"Assignment"},{"id":"id-64ccf774-3ed4-4e31-bd3c-d6b306ed766c","sourceId":"id-59a1b00f-5ea0-4cb4-b87e-52984755a361","targetId":"dbf4265f-9d53-4df2-870c-960357c761a9","type":"Assignment"},{"id":"cd5b0284-1b0c-49e2-83d7-59023d2289f1","sourceId":"id-59a1b00f-5ea0-4cb4-b87e-52984755a361","targetId":"e87492c6-17d1-467d-bb2b-92b611caab42","type":"Assignment"},{"id":"id-14eb4cce-29a2-40d3-a7ce-6955b6d17ac1","sourceId":"id-258f16c2-3a07-4604-be3b-65ec61ca305a","targetId":"dbf4265f-9d53-4df2-870c-960357c761a9","type":"Assignment"},{"id":"id-46316b7d-a040-429a-b4d0-4a6b602ab69b","sourceId":"id-48c198f3-9fce-4e40-9e31-250244b9f55b","targetId":"e87492c6-17d1-467d-bb2b-92b611caab42","type":"Assignment"},{"id":"f7b06111-e3c7-45a8-a20e-2ca72533ba21","sourceId":"id-9e56015a-a553-41d6-8979-272d70905c6e","targetId":"id-8784fac4-6b96-4752-8b2a-a7b0c2ed139e","type":"Composition"},{"id":"id-8126e39e-74f6-4430-ab63-c46b6935c57b","sourceId":"id-9e56015a-a553-41d6-8979-272d70905c6e","targetId":"dbaeb8e9-15f7-46cb-a045-99c0b768e676","type":"Composition"},{"id":"id-923b7636-2009-4e8e-9881-807fa0051ade","sourceId":"id-9e56015a-a553-41d6-8979-272d70905c6e","targetId":"fe80a474-d117-4fae-9964-f85d3894bfbe","type":"Composition"},{"id":"afb9a802-4612-4376-8f58-dce64744ccca","sourceId":"id-8784fac4-6b96-4752-8b2a-a7b0c2ed139e","targetId":"dbaeb8e9-15f7-46cb-a045-99c0b768e676","type":"Flow"},{"id":"id-7002867a-9209-4c7b-94e9-86ca15ccd0f2","sourceId":"dbaeb8e9-15f7-46cb-a045-99c0b768e676","targetId":"fe80a474-d117-4fae-9964-f85d3894bfbe","type":"Flow"},{"id":"id-1f604286-dbca-4811-ac42-926a48b42d71","sourceId":"id-5e504527-312b-4609-9f19-7deb1c7e332b","targetId":"id-2f3bd685-cb1e-4afc-a25d-590cfc0fbce1","type":"Composition"},{"id":"id-5d62a4a9-8107-466b-a33d-74b9cedbfa7f","sourceId":"id-5e504527-312b-4609-9f19-7deb1c7e332b","targetId":"e7068f6b-5868-4f0b-b5b6-a16132ef9e55","type":"Composition"},{"id":"id-8763ea27-7343-4b3f-b01b-d000f096e4af","sourceId":"id-2f3bd685-cb1e-4afc-a25d-590cfc0fbce1","targetId":"e7068f6b-5868-4f0b-b5b6-a16132ef9e55","type":"Flow"},{"id":"id-784bf912-078b-43bc-9b58-a4f7de3c15d9","sourceId":"id-5e504527-312b-4609-9f19-7deb1c7e332b","targetId":"id-53686537-c880-4f6f-9504-8329b1f92cc8","type":"Composition"},{"id":"id-06224f8f-073e-42fe-aa00-a24641c7b4b3","sourceId":"e7068f6b-5868-4f0b-b5b6-a16132ef9e55","targetId":"id-53686537-c880-4f6f-9504-8329b1f92cc8","type":"Flow"},{"id":"id-7d6caf10-0a64-477d-a26d-22083070c9bb","sourceId":"id-5e504527-312b-4609-9f19-7deb1c7e332b","targetId":"df6fd041-8561-4afe-9fc5-a756095c62d0","type":"Composition"},{"id":"ac3af292-40a9-40fa-ad07-cabfa680cb2f","sourceId":"id-53686537-c880-4f6f-9504-8329b1f92cc8","targetId":"df6fd041-8561-4afe-9fc5-a756095c62d0","type":"Flow"},{"id":"id-140483cf-ca28-4e7f-96a9-1e47cbf2ca8b","sourceId":"a72c5097-ab99-4e64-b706-e501d1b7bbb2","targetId":"e7068f6b-5868-4f0b-b5b6-a16132ef9e55","type":"Serving"},{"id":"id-3e85c0f8-6401-4f05-a292-1823ac4dcb6b","sourceId":"id-2ca5b1a6-caee-4378-9fcf-3ce1f388c0b5","targetId":"id-2f3bd685-cb1e-4afc-a25d-590cfc0fbce1","type":"Serving"},{"id":"id-5b2bdd03-8cf9-4b48-a521-5914c5218aa4","sourceId":"id-37f337a4-1ed4-456f-bed5-23606f29d621","targetId":"id-2f3bd685-cb1e-4afc-a25d-590cfc0fbce1","type":"Assignment"},{"id":"id-689312a6-7bcd-4edc-a1ba-68ce6d260e02","sourceId":"id-37f337a4-1ed4-456f-bed5-23606f29d621","targetId":"e7068f6b-5868-4f0b-b5b6-a16132ef9e55","type":"Assignment"},{"id":"id-67d7bb91-f2f5-435a-a463-5971e89777cd","sourceId":"id-37f337a4-1ed4-456f-bed5-23606f29d621","targetId":"id-53686537-c880-4f6f-9504-8329b1f92cc8","type":"Assignment"},{"id":"b845202f-da40-4c86-8252-fe9a8cc5772e","sourceId":"id-37f337a4-1ed4-456f-bed5-23606f29d621","targetId":"df6fd041-8561-4afe-9fc5-a756095c62d0","type":"Assignment"},{"id":"id-37976043-c682-4c08-8793-84d732066820","sourceId":"id-31feef7f-741e-4bdd-9b49-8ab826d71cbf","targetId":"e7068f6b-5868-4f0b-b5b6-a16132ef9e55","type":"Assignment"},{"id":"id-629e9d8b-e260-403a-a36b-332f75ffa56b","sourceId":"id-6cf45692-e251-44fa-a14d-8e74632a36bb","targetId":"id-3b0d3a32-f453-4c31-8fc4-8d4412e6a9b9","type":"Assignment"},{"id":"f6985cc0-3462-4cb5-8470-a6055d8a2c90","sourceId":"fc3aae40-a2cf-4b86-a81a-9e53ac51206a","targetId":"id-37f337a4-1ed4-456f-bed5-23606f29d621","type":"Assignment"},{"id":"c9b2836e-35d9-4de9-b032-6ca362c64a4f","sourceId":"id-3d6e1bbd-31c0-469d-866a-b936a23ba2e9","targetId":"id-48c198f3-9fce-4e40-9e31-250244b9f55b","type":"Assignment"},{"id":"id-24dd3243-f628-4ec4-9718-e5d50139ed8f","sourceId":"id-48c198f3-9fce-4e40-9e31-250244b9f55b","targetId":"bbee0c27-d4ca-4491-bedc-61a88ca1b0b0","type":"Assignment"},{"id":"id-78828f3a-3c92-4413-92c1-4d9509853747","sourceId":"id-37f337a4-1ed4-456f-bed5-23606f29d621","targetId":"id-89c4407e-a067-4904-803c-3ba60fb5a77c","type":"Assignment"},{"id":"e88c2029-2dce-4334-9839-0a18f258a4ce","sourceId":"id-37f337a4-1ed4-456f-bed5-23606f29d621","targetId":"id-20672ffc-5cd3-4cf6-b3bf-96ace406e6fb","type":"Assignment"},{"id":"id-9918cb93-956c-4c55-ba08-c473ac00237b","sourceId":"id-48c198f3-9fce-4e40-9e31-250244b9f55b","targetId":"id-4dded4a0-d5bd-4769-ab9e-a618821e5557","type":"Assignment"},{"id":"a74eb9f6-8b86-495a-a2fa-2df8f2d68cb6","sourceId":"id-0bc5eba2-b34b-43b7-87ab-1153f754de2e","targetId":"a0c7df70-1943-46e0-a030-b5dc0ee6ae1a","type":"Flow"},{"id":"afa5d687-37d5-4b23-b95c-a348071ce987","sourceId":"id-48c198f3-9fce-4e40-9e31-250244b9f55b","targetId":"a0c7df70-1943-46e0-a030-b5dc0ee6ae1a","type":"Assignment"},{"id":"a682c368-3054-4d47-b476-3fc5d8273c02","sourceId":"id-48c198f3-9fce-4e40-9e31-250244b9f55b","targetId":"faea8490-dd40-451c-8085-06f5f9088cac","type":"Assignment"},{"id":"e3ff4a95-80c7-4bfa-b757-9fc43892a6d2","sourceId":"b4da01ed-f271-4a44-8ade-4b31e70bae8f","targetId":"ef08af47-e99b-4a2f-b5a7-07ba507a5a98","type":"Association"},{"id":"id-581870f1-5e8d-4852-a188-b90f7f1263ad","sourceId":"id-80537aa4-7d46-4386-9feb-78474b467616","targetId":"id-8784fac4-6b96-4752-8b2a-a7b0c2ed139e","type":"Composition"},{"id":"id-13b3b185-a5c0-4956-956e-53a8a75de208","sourceId":"id-80537aa4-7d46-4386-9feb-78474b467616","targetId":"dbaeb8e9-15f7-46cb-a045-99c0b768e676","type":"Composition"},{"id":"id-46391382-e050-4671-82eb-9809ecc57e16","sourceId":"id-80537aa4-7d46-4386-9feb-78474b467616","targetId":"fe80a474-d117-4fae-9964-f85d3894bfbe","type":"Composition"},{"id":"id-61bb3ffa-1f86-494d-ac6f-9da66b93de81","sourceId":"id-08051e65-ee38-4049-96eb-495d68755e7d","targetId":"id-89c4407e-a067-4904-803c-3ba60fb5a77c","type":"Flow"},{"id":"id-224c2fa0-3b2a-4ee8-bb30-b344286e3ebe","sourceId":"id-08051e65-ee38-4049-96eb-495d68755e7d","targetId":"id-4dded4a0-d5bd-4769-ab9e-a618821e5557","type":"Flow"},{"id":"id-5a4d118a-d442-4dca-8c6e-432c1925fe20","sourceId":"id-37f337a4-1ed4-456f-bed5-23606f29d621","targetId":"id-4d6358f6-74f4-40dc-b63e-a14bf47c7b00","type":"Assignment"},{"id":"b3d4873d-321b-442b-8d19-96d73477bdaa","sourceId":"id-757e2adc-eb80-4910-a47d-67cb064e27e8","targetId":"id-32631ecd-7970-40d1-ab6c-0ef8832ca025","type":"Assignment"},{"id":"id-3c0ad824-a4f3-4100-b615-84c10dff1aac","sourceId":"id-20672ffc-5cd3-4cf6-b3bf-96ace406e6fb","targetId":"id-32631ecd-7970-40d1-ab6c-0ef8832ca025","type":"Flow"},{"id":"id-6729f115-7933-4551-af51-055628b9304d","sourceId":"id-08051e65-ee38-4049-96eb-495d68755e7d","targetId":"id-48c198f3-9fce-4e40-9e31-250244b9f55b","type":"Flow"},{"id":"id-42e02a50-6bbd-4ae0-ac4d-acf12f6dfa55","sourceId":"id-48c198f3-9fce-4e40-9e31-250244b9f55b","targetId":"id-3b0d3a32-f453-4c31-8fc4-8d4412e6a9b9","type":"Flow"},{"id":"id-456d522f-bcae-4a95-ad13-fe71c2e9da3c","sourceId":"id-928865a5-b5bf-49f5-9265-7d076ce16d69","targetId":"id-37f337a4-1ed4-456f-bed5-23606f29d621","type":"Flow"},{"id":"id-1a496ea3-367c-4f46-a496-c377bc6689b3","sourceId":"id-48c198f3-9fce-4e40-9e31-250244b9f55b","targetId":"id-038cf5f5-e223-402e-a47b-61dce5214a11","type":"Assignment"},{"id":"id-74fd1d92-0ee9-4827-a12c-bb3492ff4d57","sourceId":"id-48c198f3-9fce-4e40-9e31-250244b9f55b","targetId":"id-2f35886b-926e-4ee1-bc91-a2dfea7a6eea","type":"Assignment"},{"id":"f950899c-10bf-4c00-b15e-c01ca127dee7","sourceId":"bbee0c27-d4ca-4491-bedc-61a88ca1b0b0","targetId":"d84aef36-f16c-4a87-ad36-3b0bae4e37e6","type":"Aggregation"},{"id":"a80fe1cf-7639-4911-8061-53614e6a710b","sourceId":"id-13331578-de21-4c68-a601-aa9c074095ed","targetId":"dc1aed4a-6113-4f53-bcfd-a93a92cdad45","type":"Aggregation"},{"id":"id-7fc27e98-3e1c-4d57-88a5-a4cc10851477","sourceId":"id-65998c87-ccfb-40d9-94aa-1af528a13214","targetId":"id-0d452950-0f21-4859-ae9c-d9ac0ddcfff9","type":"Aggregation"},{"id":"id-633e84bf-84a5-4013-a55c-6f2eaf311cf9","sourceId":"id-038cf5f5-e223-402e-a47b-61dce5214a11","targetId":"id-8e52cf1d-558a-4b28-8193-ec0f31e84251","type":"Aggregation"},{"id":"id-5b7142c3-4a11-47b4-9887-5392b91e0169","sourceId":"ce68124c-3023-4bd9-9d0c-a24d23c4bd3e","targetId":"a72c5097-ab99-4e64-b706-e501d1b7bbb2","type":"Assignment"},{"id":"c43dddcd-9079-4b35-a9b1-6514a3412ed0","sourceId":"id-2ca5b1a6-caee-4378-9fcf-3ce1f388c0b5","targetId":"e7068f6b-5868-4f0b-b5b6-a16132ef9e55","type":"Serving"},{"id":"id-9dbd742b-9f37-40d9-bf11-4dca6b3fa940","sourceId":"id-37f337a4-1ed4-456f-bed5-23606f29d621","targetId":"id-2ca5b1a6-caee-4378-9fcf-3ce1f388c0b5","type":"Assignment"},{"id":"id-71a9ecc7-fbe7-45b6-b3b7-c40e3cb32100","sourceId":"id-20672ffc-5cd3-4cf6-b3bf-96ace406e6fb","targetId":"df6fd041-8561-4afe-9fc5-a756095c62d0","type":"Serving"},{"id":"eb57eff1-bc31-4b38-8060-1997d6e490c1","sourceId":"id-079648a8-e512-41e0-a97d-ce264f5b3e4e","targetId":"id-53686537-c880-4f6f-9504-8329b1f92cc8","type":"Serving"},{"id":"id-325c7de0-9d93-4fd1-9e56-cd09674e5873","sourceId":"id-20672ffc-5cd3-4cf6-b3bf-96ace406e6fb","targetId":"c2537409-4500-4f66-ab4f-524bd826dbf3","type":"Aggregation"},{"id":"f1681828-d4bf-412e-b006-fc0f933ab668","sourceId":"id-89c4407e-a067-4904-803c-3ba60fb5a77c","targetId":"id-079648a8-e512-41e0-a97d-ce264f5b3e4e","type":"Aggregation"},{"id":"id-833cbf53-6320-4275-bf82-da399f7a34d6","sourceId":"id-782081d4-9d7c-4029-a19c-186ee7ef8c1b","targetId":"df6fd041-8561-4afe-9fc5-a756095c62d0","type":"Serving"},{"id":"d1728bbb-90b6-418c-b245-e4387ab78d3d","sourceId":"id-8666699a-e82e-4170-838f-161268d81829","targetId":"fe80a474-d117-4fae-9964-f85d3894bfbe","type":"Serving"},{"id":"id-6b254d3f-204b-4f9c-b350-cdd3ec384af2","sourceId":"id-13331578-de21-4c68-a601-aa9c074095ed","targetId":"id-8666699a-e82e-4170-838f-161268d81829","type":"Aggregation"},{"id":"b614d436-7b99-4527-bac1-cbec2d574b3f","sourceId":"id-0d452950-0f21-4859-ae9c-d9ac0ddcfff9","targetId":"dbaeb8e9-15f7-46cb-a045-99c0b768e676","type":"Serving"},{"id":"id-83d02699-5d21-4061-990d-9e9c98623cfc","sourceId":"id-37f337a4-1ed4-456f-bed5-23606f29d621","targetId":"id-90bed5d9-e7f4-4c1f-8a3d-e2d817df62e5","type":"Assignment"},{"id":"id-874db6b6-4c80-4798-8bb4-8f2bf1bdb36b","sourceId":"id-90bed5d9-e7f4-4c1f-8a3d-e2d817df62e5","targetId":"id-8e9f5f67-e034-4c77-b461-f05234509a9d","type":"Aggregation"},{"id":"id-9f30fa96-0d27-44fe-8796-e6ea40b37423","sourceId":"id-8e9f5f67-e034-4c77-b461-f05234509a9d","targetId":"id-8784fac4-6b96-4752-8b2a-a7b0c2ed139e","type":"Serving"},{"id":"id-466b5fe2-f25f-4afa-8ddb-131833160ace","sourceId":"id-0d452950-0f21-4859-ae9c-d9ac0ddcfff9","targetId":"bbb62cc4-abd9-41d7-9ac3-0cb21e95264a","type":"Serving"},{"id":"a610ad49-6590-4e7a-8897-e72de0d554a6","sourceId":"id-96558977-36e5-47e0-b14b-4f5099fc9d05","targetId":"bde397ef-f4ba-4a46-ba0c-d74019be1a69","type":"Serving"},{"id":"id-2071390a-3c36-4ace-946f-d5512f1d649d","sourceId":"be3f1361-1896-4be6-a902-1f4a0ac12f5b","targetId":"id-96558977-36e5-47e0-b14b-4f5099fc9d05","type":"Aggregation"},{"id":"f07bced8-ced2-434c-9bd4-c56656e9fdcc","sourceId":"be3f1361-1896-4be6-a902-1f4a0ac12f5b","targetId":"id-3b44eb77-e602-4af5-a0b2-8e6bcaef47ab","type":"Aggregation"},{"id":"d592f877-a01c-4398-81fb-22df0db4df25","sourceId":"id-0bc5eba2-b34b-43b7-87ab-1153f754de2e","targetId":"id-37567019-33d6-4786-86cb-745da4c1253a","type":"Serving"},{"id":"id-09e0a055-75e4-46f3-88b7-cad87013e2ce","sourceId":"id-96558977-36e5-47e0-b14b-4f5099fc9d05","targetId":"id-1021a560-d317-4663-ba9d-23278dd518fc","type":"Serving"},{"id":"id-98f86d60-ec48-451d-b3d4-a303c3fd6dfb","sourceId":"id-0d452950-0f21-4859-ae9c-d9ac0ddcfff9","targetId":"dbf4265f-9d53-4df2-870c-960357c761a9","type":"Serving"},{"id":"id-13bb125f-5626-4092-bf59-b0c5134681c9","sourceId":"id-3b44eb77-e602-4af5-a0b2-8e6bcaef47ab","targetId":"e87492c6-17d1-467d-bb2b-92b611caab42","type":"Serving"},{"id":"id-5ea64d56-867a-4494-8cf3-0ccfc63bb663","sourceId":"id-3b44eb77-e602-4af5-a0b2-8e6bcaef47ab","targetId":"id-37567019-33d6-4786-86cb-745da4c1253a","type":"Serving"},{"id":"b53cab66-401c-4bf5-a67e-f87c98e2800d","sourceId":"id-48c198f3-9fce-4e40-9e31-250244b9f55b","targetId":"id-928865a5-b5bf-49f5-9265-7d076ce16d69","type":"Flow"},{"id":"cf25ac43-5af9-476f-9275-bc52edb83f86","sourceId":"id-3b0d3a32-f453-4c31-8fc4-8d4412e6a9b9","targetId":"id-48c198f3-9fce-4e40-9e31-250244b9f55b","type":"Flow"},{"id":"id-429a68b6-743c-4f89-bbd7-66c857e5206d","sourceId":"id-928865a5-b5bf-49f5-9265-7d076ce16d69","targetId":"id-48c198f3-9fce-4e40-9e31-250244b9f55b","type":"Flow"},{"id":"id-92e313c2-e0d5-4aa9-ae5e-4b03e6edb1a1","sourceId":"id-37f337a4-1ed4-456f-bed5-23606f29d621","targetId":"id-928865a5-b5bf-49f5-9265-7d076ce16d69","type":"Flow"},{"id":"id-83722447-3914-4f55-83d6-9a3d7b2014ae","sourceId":"id-37f337a4-1ed4-456f-bed5-23606f29d621","targetId":"id-928865a5-b5bf-49f5-9265-7d076ce16d69","type":"Flow"},{"id":"id-3cb228e3-7df2-41cc-bb74-55a48e0453e8","sourceId":"id-782081d4-9d7c-4029-a19c-186ee7ef8c1b","targetId":"e87492c6-17d1-467d-bb2b-92b611caab42","type":"Serving"},{"id":"id-603e035f-2831-4975-bd6f-113dfea1dd96","sourceId":"id-20672ffc-5cd3-4cf6-b3bf-96ace406e6fb","targetId":"id-0bc5eba2-b34b-43b7-87ab-1153f754de2e","type":"Aggregation"},{"id":"e61c37c5-aad7-4f2f-860c-f066c86651e8","sourceId":"id-89c4407e-a067-4904-803c-3ba60fb5a77c","targetId":"f1b04f00-36f6-42be-a095-30c60fa308ee","type":"Aggregation"},{"id":"id-4026073d-51f4-4fd9-9d1e-da6e564ec791","sourceId":"id-2cdce89d-7450-430d-b8d8-8aa1b19619af","targetId":"ea3c4149-03c1-4ac3-9de9-cc4e06831d3c","type":"Assignment"},{"id":"d86d0376-fb4d-4888-9459-1793743430a3","sourceId":"id-2cdce89d-7450-430d-b8d8-8aa1b19619af","targetId":"id-55e5c516-911f-440e-a825-c739fa39bfc2","type":"Assignment"},{"id":"id-733b1a72-9b5d-4624-8f78-a4c1840a2fd7","sourceId":"id-2cdce89d-7450-430d-b8d8-8aa1b19619af","targetId":"id-366c19ed-c874-459a-a8bb-9a343c303d7f","type":"Assignment"},{"id":"cbb7135e-a821-4dbb-a44f-83799f830922","sourceId":"id-928865a5-b5bf-49f5-9265-7d076ce16d69","targetId":"id-48c198f3-9fce-4e40-9e31-250244b9f55b","type":"Composition"},{"id":"id-4cbaaf63-5124-40ea-8d4a-671110e56000","sourceId":"id-928865a5-b5bf-49f5-9265-7d076ce16d69","targetId":"id-37f337a4-1ed4-456f-bed5-23606f29d621","type":"Composition"},{"id":"ab33412f-b0a7-4976-aa0a-321bf7fffdaf","sourceId":"id-928865a5-b5bf-49f5-9265-7d076ce16d69","targetId":"id-782081d4-9d7c-4029-a19c-186ee7ef8c1b","type":"Assignment"},{"id":"id-8e02ff64-bf64-4d61-8ac5-185605d4b8a5","sourceId":"id-928865a5-b5bf-49f5-9265-7d076ce16d69","targetId":"id-65998c87-ccfb-40d9-94aa-1af528a13214","type":"Assignment"},{"id":"id-654cf1cb-d24a-419e-bfa1-cfa28108872b","sourceId":"id-928865a5-b5bf-49f5-9265-7d076ce16d69","targetId":"id-13331578-de21-4c68-a601-aa9c074095ed","type":"Assignment"},{"id":"da103779-f4f4-488f-90aa-1fca8339afaa","sourceId":"id-366c19ed-c874-459a-a8bb-9a343c303d7f","targetId":"id-0d452950-0f21-4859-ae9c-d9ac0ddcfff9","type":"Serving"},{"id":"id-85e2fb78-8d7c-4835-acf6-501908842815","sourceId":"id-0f8d5b8a-bfc4-4e38-ba7f-842bd134c254","targetId":"id-55e5c516-911f-440e-a825-c739fa39bfc2","type":"Serving"},{"id":"id-06b5184f-32db-4463-b848-083bad620508","sourceId":"c59b0770-0de0-45d9-a302-313e68861232","targetId":"id-55e5c516-911f-440e-a825-c739fa39bfc2","type":"Serving"},{"id":"id-27a98bd1-82f3-4458-acbe-63df49875019","sourceId":"c0065e23-e8df-49a0-ab9b-eb2eccea6b1d","targetId":"id-8666699a-e82e-4170-838f-161268d81829","type":"Realization"},{"id":"da5e4404-40be-496a-bd45-979199e87cb8","sourceId":"id-28e0c3de-09be-434b-8d76-407887d4ecef","targetId":"c59b0770-0de0-45d9-a302-313e68861232","type":"Realization"},{"id":"e2beada4-9822-410a-bb21-6206bd156854","sourceId":"id-92f32697-5ecf-473b-aa11-f9840cb21a36","targetId":"id-0f8d5b8a-bfc4-4e38-ba7f-842bd134c254","type":"Realization"},{"id":"b19eac32-8d2a-4187-94c0-9ca85524742a","sourceId":"id-28e0c3de-09be-434b-8d76-407887d4ecef","targetId":"c0065e23-e8df-49a0-ab9b-eb2eccea6b1d","type":"Realization"},{"id":"d2004dfb-38b7-4783-8f0c-efd04a628636","sourceId":"id-28e0c3de-09be-434b-8d76-407887d4ecef","targetId":"id-0eaa27ca-a934-439b-ac95-6bdbad1ffff8","type":"Realization"},{"id":"id-7e1c13e2-ddb0-4c27-9d1a-3886970f4c06","sourceId":"id-0eaa27ca-a934-439b-ac95-6bdbad1ffff8","targetId":"id-92f32697-5ecf-473b-aa11-f9840cb21a36","type":"Serving"},{"id":"id-48407b95-11d9-4b21-806a-d0389b342033","sourceId":"ea3c4149-03c1-4ac3-9de9-cc4e06831d3c","targetId":"id-30b12b4d-578e-44ea-8877-8fd4db6984cf","type":"Serving"},{"id":"id-46f8fe3f-b1bf-4428-bae3-dfa46ac9857b","sourceId":"ea3c4149-03c1-4ac3-9de9-cc4e06831d3c","targetId":"id-9a240e85-0aa2-4a10-b293-9cbdca4618fd","type":"Serving"},{"id":"id-910874ce-4268-4458-8772-1a5e801e42a1","sourceId":"id-30b19fba-64fb-4a76-bb46-b8135e5aaabd","targetId":"id-55e5c516-911f-440e-a825-c739fa39bfc2","type":"Serving"},{"id":"id-98744286-ba54-4232-acf9-ebbf9f8e6594","sourceId":"fc0b155d-ec72-461e-9386-419ef3bac201","targetId":"id-94c81cef-0c54-4266-9c5d-8eca971d26d7","type":"Serving"},{"id":"id-5277196d-8db0-4dce-8207-e8485572366c","sourceId":"f7b233b2-4ad6-427c-905b-703691077a5d","targetId":"ea3c4149-03c1-4ac3-9de9-cc4e06831d3c","type":"Serving"},{"id":"f2a0a785-01d1-4bf2-853c-f4ac38ec9210","sourceId":"id-993448be-be82-47f8-a60f-50a3d6d14e34","targetId":"f7b233b2-4ad6-427c-905b-703691077a5d","type":"Assignment"},{"id":"id-3ef99429-6b24-4052-87c9-ebc4020f269b","sourceId":"id-993448be-be82-47f8-a60f-50a3d6d14e34","targetId":"id-30b19fba-64fb-4a76-bb46-b8135e5aaabd","type":"Assignment"},{"id":"id-2b28130c-2a9e-4ee9-a35e-c033b2ffe079","sourceId":"id-993448be-be82-47f8-a60f-50a3d6d14e34","targetId":"ea1abed3-0956-454b-95e4-ec4e3c603cec","type":"Assignment"},{"id":"id-50c35166-860a-4377-953e-512602a200cc","sourceId":"id-993448be-be82-47f8-a60f-50a3d6d14e34","targetId":"id-5eaf66c9-c77f-4004-929d-0132017adad7","type":"Aggregation"},{"id":"id-966b04da-c1d6-4163-b011-c3081f1c3e53","sourceId":"id-993448be-be82-47f8-a60f-50a3d6d14e34","targetId":"id-28e0c3de-09be-434b-8d76-407887d4ecef","type":"Aggregation"},{"id":"b3c9efe3-ed03-41bf-ad7a-d6c09768abcb","sourceId":"id-993448be-be82-47f8-a60f-50a3d6d14e34","targetId":"cb7a04aa-ec59-47ad-a198-7c7115446ef5","type":"Aggregation"},{"id":"id-799752e2-025b-499a-839a-f2ed19629dc1","sourceId":"a3d99ff1-99f8-464b-9d8f-364450f7737b","targetId":"id-8feb6878-2c6a-43fd-bab7-d86786a52a63","type":"Aggregation"},{"id":"id-7fd241c3-1d07-4006-927f-ad2b9f29c8d6","sourceId":"ea1abed3-0956-454b-95e4-ec4e3c603cec","targetId":"id-55e5c516-911f-440e-a825-c739fa39bfc2","type":"Serving"},{"id":"id-0ffe5ed3-3a80-4a82-8d3a-401bd1d0d9a4","sourceId":"id-2cdce89d-7450-430d-b8d8-8aa1b19619af","targetId":"id-94c81cef-0c54-4266-9c5d-8eca971d26d7","type":"Assignment"},{"id":"id-7095d77b-c8b6-4d4d-b0b1-8664ad28df2c","sourceId":"a8074e54-09dd-431b-b437-8bfe66c21210","targetId":"fc0b155d-ec72-461e-9386-419ef3bac201","type":"Aggregation"},{"id":"id-306deced-c528-4927-b1ad-0fb47d88f424","sourceId":"a8074e54-09dd-431b-b437-8bfe66c21210","targetId":"id-92f32697-5ecf-473b-aa11-f9840cb21a36","type":"Aggregation"},{"id":"e87afd7b-9ec6-4968-b36e-064e1f44dc30","sourceId":"c9acce03-81e5-45fb-a176-56bef573e532","targetId":"ea3c4149-03c1-4ac3-9de9-cc4e06831d3c","type":"Serving"},{"id":"f8a64b06-1f7b-43ea-af71-e2ef7c8f3366","sourceId":"id-97c95427-4573-4aee-b0d5-876fe4ab0b33","targetId":"c9acce03-81e5-45fb-a176-56bef573e532","type":"Aggregation"},{"id":"id-989a09e9-8da0-4c35-b490-ac7937e75fc7","sourceId":"id-97c95427-4573-4aee-b0d5-876fe4ab0b33","targetId":"id-27106e69-fcf7-42a3-ac42-e4a348dbc3fc","type":"Aggregation"},{"id":"ceecffc1-3ea3-423c-a97e-b37e89226145","sourceId":"a3d99ff1-99f8-464b-9d8f-364450f7737b","targetId":"id-3a4b03dc-9a38-4d2a-8c5c-fc930bbfa868","type":"Aggregation"},{"id":"id-01ef5c26-ef7e-4347-86b0-1a5d0d1000fc","sourceId":"id-8feb6878-2c6a-43fd-bab7-d86786a52a63","targetId":"id-3a4b03dc-9a38-4d2a-8c5c-fc930bbfa868","type":"Access"},{"id":"id-769eb34b-d4ac-4a1f-93b3-c7a5722a1062","sourceId":"ea3c4149-03c1-4ac3-9de9-cc4e06831d3c","targetId":"id-8feb6878-2c6a-43fd-bab7-d86786a52a63","type":"Aggregation"},{"id":"a0c9dba2-1907-4524-9279-54bc14662e14","sourceId":"id-94c81cef-0c54-4266-9c5d-8eca971d26d7","targetId":"dc1aed4a-6113-4f53-bcfd-a93a92cdad45","type":"Serving"},{"id":"id-81293356-0c06-49b8-8aad-e4021959cbae","sourceId":"id-28e0c3de-09be-434b-8d76-407887d4ecef","targetId":"id-30b19fba-64fb-4a76-bb46-b8135e5aaabd","type":"Assignment"},{"id":"e44055ad-ebd3-41a5-a60d-072ab58c4438","sourceId":"id-92f32697-5ecf-473b-aa11-f9840cb21a36","targetId":"fc0b155d-ec72-461e-9386-419ef3bac201","type":"Assignment"},{"id":"b235988b-4b9f-4c47-9d19-358f1ea75a9f","sourceId":"cb7a04aa-ec59-47ad-a198-7c7115446ef5","targetId":"ea1abed3-0956-454b-95e4-ec4e3c603cec","type":"Assignment"},{"id":"id-2c0cb733-7a7d-4287-9ba8-4e5aab4c3403","sourceId":"id-5eaf66c9-c77f-4004-929d-0132017adad7","targetId":"f7b233b2-4ad6-427c-905b-703691077a5d","type":"Assignment"},{"id":"bc8b9427-e5d6-49a0-bb14-71952aafbfd8","sourceId":"id-27106e69-fcf7-42a3-ac42-e4a348dbc3fc","targetId":"c9acce03-81e5-45fb-a176-56bef573e532","type":"Assignment"},{"id":"cbd2f78a-e2f4-4d0d-be65-146e5a0fdd50","sourceId":"id-2ce3d2f2-325f-421e-ac21-5a833c6c0eeb","targetId":"f169b45f-0c6f-433c-ba6c-02ea91e1a172","type":"Serving"},{"id":"ad2347a8-1b4c-4e04-b937-907ad4910958","sourceId":"f21d86a3-385f-45e0-8ed3-5b2c9b805500","targetId":"id-698f6c39-f22d-4674-ba76-bd779e61154c","type":"Flow"},{"id":"f4fd28ff-af75-4340-af36-cb13cc57af79","sourceId":"id-698f6c39-f22d-4674-ba76-bd779e61154c","targetId":"id-956bcd81-76ac-485a-97c2-23572a776291","type":"Flow"},{"id":"c11995d4-f3d9-4978-a1b2-b9a4eba2f620","sourceId":"id-956bcd81-76ac-485a-97c2-23572a776291","targetId":"b5711b60-5f44-4410-9781-180c5551f658","type":"Flow"},{"id":"e96bbb8a-f660-4b2a-9894-cf63295a9102","sourceId":"b5711b60-5f44-4410-9781-180c5551f658","targetId":"c96ec46e-ae55-42d7-9e5b-8b1cf459fc58","type":"Flow"},{"id":"id-7f6ddd22-3458-4083-96f0-b6ae72af6d08","sourceId":"c96ec46e-ae55-42d7-9e5b-8b1cf459fc58","targetId":"id-767fa066-2175-4ff2-9ae0-56524f79c33b","type":"Flow"},{"id":"a29347f5-7c75-450c-9526-3933dbc6ff5c","sourceId":"id-48c198f3-9fce-4e40-9e31-250244b9f55b","targetId":"f21d86a3-385f-45e0-8ed3-5b2c9b805500","type":"Assignment"},{"id":"id-3a6b217b-5fd0-4618-b430-dbfd6719b6cb","sourceId":"id-48c198f3-9fce-4e40-9e31-250244b9f55b","targetId":"id-698f6c39-f22d-4674-ba76-bd779e61154c","type":"Assignment"},{"id":"fb69a1ad-ab29-4857-ae2b-654496c216ff","sourceId":"id-48c198f3-9fce-4e40-9e31-250244b9f55b","targetId":"id-956bcd81-76ac-485a-97c2-23572a776291","type":"Assignment"},{"id":"cafe8e6f-71d7-48ab-98f0-95bbb32a2da8","sourceId":"id-48c198f3-9fce-4e40-9e31-250244b9f55b","targetId":"b5711b60-5f44-4410-9781-180c5551f658","type":"Assignment"},{"id":"a588f3a3-7779-4ff7-aeb1-dd07d926a7d5","sourceId":"id-48c198f3-9fce-4e40-9e31-250244b9f55b","targetId":"c96ec46e-ae55-42d7-9e5b-8b1cf459fc58","type":"Assignment"},{"id":"id-8145349b-0dbb-45c9-afaf-780101c937c1","sourceId":"id-48c198f3-9fce-4e40-9e31-250244b9f55b","targetId":"id-767fa066-2175-4ff2-9ae0-56524f79c33b","type":"Assignment"},{"id":"e8088b02-dedb-43f9-a923-98bb6d04e3cb","sourceId":"id-37f337a4-1ed4-456f-bed5-23606f29d621","targetId":"a44e15d5-218a-4f3f-b438-9dde2d22b19a","type":"Assignment"},{"id":"id-648902c7-9c2c-4ad8-aca5-f12566df355f","sourceId":"id-37f337a4-1ed4-456f-bed5-23606f29d621","targetId":"id-2b20547e-f295-4f9a-85ca-54c42cdc5768","type":"Assignment"},{"id":"id-1d6d5f57-4d53-4c63-ae9d-84275ee60af3","sourceId":"a44e15d5-218a-4f3f-b438-9dde2d22b19a","targetId":"id-2b20547e-f295-4f9a-85ca-54c42cdc5768","type":"Flow"},{"id":"eb5c56d6-49e9-4fb9-b27a-e09ede31d76b","sourceId":"id-2b20547e-f295-4f9a-85ca-54c42cdc5768","targetId":"id-9ff175ad-223c-4fb8-b5db-950fd7ac1afa","type":"Access"},{"id":"id-6c6b2d8e-eb8b-4d9f-bac8-266a37e90d03","sourceId":"id-1899238c-e16f-48c4-8d60-27bfb77bbbe7","targetId":"id-9ff175ad-223c-4fb8-b5db-950fd7ac1afa","type":"Access"},{"id":"id-81036843-e716-4e92-b1dc-6f6a173a830d","sourceId":"c96ec46e-ae55-42d7-9e5b-8b1cf459fc58","targetId":"d0b3831b-e701-4358-b9be-6b1af233a001","type":"Access"},{"id":"id-65939052-9cfa-4643-a1d9-4bc8942a67b6","sourceId":"id-956bcd81-76ac-485a-97c2-23572a776291","targetId":"id-5730223d-60fc-4491-8cf6-9ca2290052ac","type":"Access"},{"id":"id-2f422619-3ef8-4376-9142-e5be57cc5f64","sourceId":"b5711b60-5f44-4410-9781-180c5551f658","targetId":"eddf2556-59fe-4226-b097-ac7b613a4ce8","type":"Access"},{"id":"id-2114e648-1344-4fcc-844d-d47fa5c733dd","sourceId":"f21d86a3-385f-45e0-8ed3-5b2c9b805500","targetId":"d190d569-921f-4e2b-8ea2-5d95fb0888c2","type":"Access"},{"id":"id-66da4ae7-3d23-4116-8325-43246b58baf6","sourceId":"d0b3831b-e701-4358-b9be-6b1af233a001","targetId":"eddf2556-59fe-4226-b097-ac7b613a4ce8","type":"Aggregation"},{"id":"b3ecbd1b-db78-4fe2-bf08-aa4ba3736339","sourceId":"d0b3831b-e701-4358-b9be-6b1af233a001","targetId":"id-5730223d-60fc-4491-8cf6-9ca2290052ac","type":"Aggregation"},{"id":"id-983f4daa-4aac-423e-b3ce-ac56fc39b2d0","sourceId":"d0b3831b-e701-4358-b9be-6b1af233a001","targetId":"d190d569-921f-4e2b-8ea2-5d95fb0888c2","type":"Aggregation"},{"id":"ffcbd2cc-e727-4c12-9c6e-d213ea0180b0","sourceId":"id-43e96042-ba57-4241-b0fe-bb8d21331beb","targetId":"id-48c198f3-9fce-4e40-9e31-250244b9f55b","type":"Assignment"},{"id":"id-70546d3c-da10-4f0e-b200-a4f99966f554","sourceId":"id-43e96042-ba57-4241-b0fe-bb8d21331beb","targetId":"id-37f337a4-1ed4-456f-bed5-23606f29d621","type":"Assignment"},{"id":"id-37acbedf-b238-4454-b77c-d80e9e70fa86","sourceId":"id-48c198f3-9fce-4e40-9e31-250244b9f55b","targetId":"id-2ce3d2f2-325f-421e-ac21-5a833c6c0eeb","type":"Realization"},{"id":"id-1a7e3e0f-ff4c-4abd-b3b8-758fbad61567","sourceId":"bdd1aa9a-19ff-4b00-a8f0-673151902ac6","targetId":"f21d86a3-385f-45e0-8ed3-5b2c9b805500","type":"Serving"},{"id":"id-1fd3d69f-9a70-4049-87fe-b814ab4777fd","sourceId":"id-8e52cf1d-558a-4b28-8193-ec0f31e84251","targetId":"id-698f6c39-f22d-4674-ba76-bd779e61154c","type":"Serving"},{"id":"b24d40fb-05e1-4246-806b-ea476d0c8869","sourceId":"id-782081d4-9d7c-4029-a19c-186ee7ef8c1b","targetId":"c96ec46e-ae55-42d7-9e5b-8b1cf459fc58","type":"Serving"},{"id":"id-81ad90d3-074c-4cee-a330-73e1d45cf9d3","sourceId":"id-782081d4-9d7c-4029-a19c-186ee7ef8c1b","targetId":"cf9dd0cc-b82c-42c7-b3ee-d123111eec85","type":"Composition"},{"id":"id-8c77f583-344c-4957-8445-4ccb25547a61","sourceId":"cf9dd0cc-b82c-42c7-b3ee-d123111eec85","targetId":"id-9a240e85-0aa2-4a10-b293-9cbdca4618fd","type":"Composition"},{"id":"id-8c9b085c-08b5-406b-ab77-08b409ed4b93","sourceId":"cf9dd0cc-b82c-42c7-b3ee-d123111eec85","targetId":"id-30b12b4d-578e-44ea-8877-8fd4db6984cf","type":"Composition"},{"id":"id-1b48ddb1-2b60-46bc-bf9d-1aeccd845b63","sourceId":"cf9dd0cc-b82c-42c7-b3ee-d123111eec85","targetId":"id-13f5ba47-a543-4cc1-862e-80af3e19bf1c","type":"Composition"},{"id":"id-3035c607-69b5-4fe1-81dc-177c7da93caf","sourceId":"id-3b0d3a32-f453-4c31-8fc4-8d4412e6a9b9","targetId":"f9c311bf-d003-4746-bd5c-7e1bd5dfe1e2","type":"Assignment"},{"id":"bd1d3380-5966-4eba-a10a-a0fb92cd42cb","sourceId":"f169b45f-0c6f-433c-ba6c-02ea91e1a172","targetId":"f9c311bf-d003-4746-bd5c-7e1bd5dfe1e2","type":"Assignment"},{"id":"id-823e0d66-3f03-4e82-a4cc-85b6d4432cd2","sourceId":"f169b45f-0c6f-433c-ba6c-02ea91e1a172","targetId":"id-7bba770f-dd71-4f45-9e4e-f3295ed9be70","type":"Assignment"},{"id":"id-7ec10731-de55-4e3a-972d-24b1d929c3c3","sourceId":"id-48c198f3-9fce-4e40-9e31-250244b9f55b","targetId":"id-7bba770f-dd71-4f45-9e4e-f3295ed9be70","type":"Assignment"},{"id":"ef7c2eb4-7264-4476-ab9c-812f7f461582","sourceId":"id-48c198f3-9fce-4e40-9e31-250244b9f55b","targetId":"ce90bb58-51b7-406e-ba36-dadd71220168","type":"Assignment"},{"id":"ab9f755e-b0cf-4f27-9d9c-fddef8bdfbaa","sourceId":"f169b45f-0c6f-433c-ba6c-02ea91e1a172","targetId":"ce90bb58-51b7-406e-ba36-dadd71220168","type":"Assignment"},{"id":"id-83bbae3f-5f41-4e64-a6ad-53359216043b","sourceId":"id-48c198f3-9fce-4e40-9e31-250244b9f55b","targetId":"a2ccfcd3-1034-485b-aaae-3aea9cc449fc","type":"Assignment"},{"id":"id-837ba8e9-0988-43d0-ae64-189a6d87ba65","sourceId":"id-37f337a4-1ed4-456f-bed5-23606f29d621","targetId":"a2ccfcd3-1034-485b-aaae-3aea9cc449fc","type":"Assignment"},{"id":"a8701585-b07b-4e37-b389-d62ab41b746b","sourceId":"f9c311bf-d003-4746-bd5c-7e1bd5dfe1e2","targetId":"id-7bba770f-dd71-4f45-9e4e-f3295ed9be70","type":"Flow"},{"id":"ac71c60c-8cd4-49e8-80a1-cc6120cf6d9e","sourceId":"id-7bba770f-dd71-4f45-9e4e-f3295ed9be70","targetId":"ce90bb58-51b7-406e-ba36-dadd71220168","type":"Flow"},{"id":"f8900b43-126f-46c2-bbc3-c27b7e32ebae","sourceId":"ce90bb58-51b7-406e-ba36-dadd71220168","targetId":"a2ccfcd3-1034-485b-aaae-3aea9cc449fc","type":"Flow"},{"id":"bde21988-73e3-44b7-b0a2-fa898a373230","sourceId":"id-973201dc-dd07-4a90-b2c0-fb30056c5d75","targetId":"id-2ce3d2f2-325f-421e-ac21-5a833c6c0eeb","type":"Realization"},{"id":"decb7541-6437-433a-b3b8-3e15086cfbe8","sourceId":"id-973201dc-dd07-4a90-b2c0-fb30056c5d75","targetId":"a2ccfcd3-1034-485b-aaae-3aea9cc449fc","type":"Composition"},{"id":"f3def201-aa30-4bcd-92f9-adfe8d4f542b","sourceId":"id-973201dc-dd07-4a90-b2c0-fb30056c5d75","targetId":"id-5772c4f2-8ce7-4aba-afb4-0b386573a4d5","type":"Composition"},{"id":"ff0c3295-547a-41bf-ae50-3c2dd4489b06","sourceId":"a2ccfcd3-1034-485b-aaae-3aea9cc449fc","targetId":"id-5772c4f2-8ce7-4aba-afb4-0b386573a4d5","type":"Flow"},{"id":"id-2caf292a-8cb0-4a1f-8851-962f47843b7f","sourceId":"id-48c198f3-9fce-4e40-9e31-250244b9f55b","targetId":"id-5772c4f2-8ce7-4aba-afb4-0b386573a4d5","type":"Assignment"},{"id":"id-41c5b84e-43dc-4f4a-8532-ca299b1db7c8","sourceId":"f169b45f-0c6f-433c-ba6c-02ea91e1a172","targetId":"id-5772c4f2-8ce7-4aba-afb4-0b386573a4d5","type":"Assignment"},{"id":"id-0f4ed217-5a6e-4dde-b274-e80cb3e10bf2","sourceId":"id-29d0e69b-6e62-4722-8148-1bea555eb826","targetId":"f169b45f-0c6f-433c-ba6c-02ea91e1a172","type":"Assignment"},{"id":"id-52f47d3b-20e1-4beb-bff0-e3f8cd77e84f","sourceId":"id-3d524475-ee5c-429f-9a8e-285ac966cd65","targetId":"id-2ce3d2f2-325f-421e-ac21-5a833c6c0eeb","type":"Assignment"},{"id":"c27b37fe-0354-4289-9a3c-7ab39580bab1","sourceId":"id-43e96042-ba57-4241-b0fe-bb8d21331beb","targetId":"id-3d524475-ee5c-429f-9a8e-285ac966cd65","type":"Assignment"},{"id":"id-723c7e79-c850-4637-9d67-5dd3c139df29","sourceId":"f169b45f-0c6f-433c-ba6c-02ea91e1a172","targetId":"b1422bb4-6a9a-4442-8aba-9aa7bab515ef","type":"Assignment"},{"id":"id-91f358b1-a334-4899-ad66-d7fb7dc1f664","sourceId":"id-3b0d3a32-f453-4c31-8fc4-8d4412e6a9b9","targetId":"id-9dd5b2cc-5eb3-41e0-a344-6ec16a2c8abb","type":"Assignment"},{"id":"id-98ccc2d6-a84a-4580-9557-3ee115d5907f","sourceId":"id-3b0d3a32-f453-4c31-8fc4-8d4412e6a9b9","targetId":"de7fdcad-d3e7-402d-8004-0589d001ea0c","type":"Assignment"},{"id":"id-76b609ec-c914-4aec-bd43-5ba12bc25fec","sourceId":"f9c311bf-d003-4746-bd5c-7e1bd5dfe1e2","targetId":"d2345b62-5eb0-4792-afe9-7afd2f0962ad","type":"Composition"},{"id":"id-9c64effc-8da8-41fb-b9f9-55a5a7e8a1f8","sourceId":"f9c311bf-d003-4746-bd5c-7e1bd5dfe1e2","targetId":"id-9fc33955-712c-4fbb-a7b0-de1ad2ace7eb","type":"Composition"},{"id":"f3ff8030-3cc2-4bcd-8914-72f00f7e179d","sourceId":"id-7bba770f-dd71-4f45-9e4e-f3295ed9be70","targetId":"id-24693aa3-7af7-42b0-88d1-9e5f6f81af9d","type":"Composition"},{"id":"ecc7be20-d8f8-4c89-a18a-6da3ac778810","sourceId":"id-7bba770f-dd71-4f45-9e4e-f3295ed9be70","targetId":"d0d26c95-9449-41c7-9406-cb43675cd26f","type":"Composition"},{"id":"id-7844e62b-815a-4d48-bad2-3610b8ea2f9f","sourceId":"id-24693aa3-7af7-42b0-88d1-9e5f6f81af9d","targetId":"d0d26c95-9449-41c7-9406-cb43675cd26f","type":"Flow"},{"id":"id-2dcc5e6e-0755-4978-8620-5356c09948b5","sourceId":"ce90bb58-51b7-406e-ba36-dadd71220168","targetId":"id-780d5ce4-62a6-44b4-810d-d275ab1ac8b7","type":"Composition"},{"id":"id-38765b2a-67a4-4fce-962c-c46ed521d8a3","sourceId":"id-7bba770f-dd71-4f45-9e4e-f3295ed9be70","targetId":"id-8b4c38ae-c8e6-4607-86f6-8290d836101d","type":"Composition"},{"id":"id-4f187926-431d-4ea1-b28d-1b0f88ed7e6d","sourceId":"d0d26c95-9449-41c7-9406-cb43675cd26f","targetId":"id-8b4c38ae-c8e6-4607-86f6-8290d836101d","type":"Flow"},{"id":"id-2c6cfcb9-872c-401f-812b-c8483e1db0d0","sourceId":"ce90bb58-51b7-406e-ba36-dadd71220168","targetId":"f150bfb0-b191-44cf-b1e5-c2513a5298d5","type":"Composition"},{"id":"id-26fc290a-23b1-4634-96e2-df38e773847e","sourceId":"ce90bb58-51b7-406e-ba36-dadd71220168","targetId":"id-9c91b77f-6f88-4a3c-af35-249cc27af137","type":"Composition"},{"id":"id-2d601815-2df5-4c73-90e2-ea335d221ccd","sourceId":"id-780d5ce4-62a6-44b4-810d-d275ab1ac8b7","targetId":"f150bfb0-b191-44cf-b1e5-c2513a5298d5","type":"Flow"},{"id":"id-1c22e18c-c6dd-40b5-86a6-add25009ff1c","sourceId":"f150bfb0-b191-44cf-b1e5-c2513a5298d5","targetId":"id-9c91b77f-6f88-4a3c-af35-249cc27af137","type":"Flow"},{"id":"id-3dae3c25-45fd-42f2-bb74-17144d688290","sourceId":"id-48c198f3-9fce-4e40-9e31-250244b9f55b","targetId":"id-58f40068-13f3-45ad-a0e2-512932523b8e","type":"Assignment"},{"id":"id-1cc214f9-613f-4381-840d-e56bfcf317fe","sourceId":"id-48c198f3-9fce-4e40-9e31-250244b9f55b","targetId":"f044d309-635a-42f1-b5ad-310f776643ff","type":"Assignment"},{"id":"b470b4ba-71de-46a8-9acb-a49d925734f5","sourceId":"id-58f40068-13f3-45ad-a0e2-512932523b8e","targetId":"id-24693aa3-7af7-42b0-88d1-9e5f6f81af9d","type":"Serving"},{"id":"id-5c5b77ce-fa96-4bd4-b493-d2496dbbfb3d","sourceId":"id-58f40068-13f3-45ad-a0e2-512932523b8e","targetId":"id-8b4c38ae-c8e6-4607-86f6-8290d836101d","type":"Serving"},{"id":"id-64bf58cf-8147-4770-b35a-4541d90237d9","sourceId":"f044d309-635a-42f1-b5ad-310f776643ff","targetId":"id-780d5ce4-62a6-44b4-810d-d275ab1ac8b7","type":"Serving"},{"id":"id-97982e43-e3bd-4c2f-b782-b74b1353a8ca","sourceId":"f044d309-635a-42f1-b5ad-310f776643ff","targetId":"id-9c91b77f-6f88-4a3c-af35-249cc27af137","type":"Serving"},{"id":"id-566e557f-49d6-490f-ba46-9837f79aa406","sourceId":"id-58f40068-13f3-45ad-a0e2-512932523b8e","targetId":"id-5730223d-60fc-4491-8cf6-9ca2290052ac","type":"Access"},{"id":"e7cdceb0-0e8b-4efb-af9f-3f0f33da1c55","sourceId":"f044d309-635a-42f1-b5ad-310f776643ff","targetId":"eddf2556-59fe-4226-b097-ac7b613a4ce8","type":"Access"},{"id":"dcc72aae-d715-404c-bbfa-1ba6bd60f21e","sourceId":"a2ccfcd3-1034-485b-aaae-3aea9cc449fc","targetId":"d7cd4a47-4eb2-4386-b70f-484a3231a0d2","type":"Composition"},{"id":"id-35a925eb-a95c-46ab-9e0c-4df7e6c363cf","sourceId":"id-079648a8-e512-41e0-a97d-ce264f5b3e4e","targetId":"id-71614bf9-945e-4bba-a9fa-570f6b35a824","type":"Serving"},{"id":"id-4e7c00c5-76ad-45f9-899e-00b23c1ae956","sourceId":"c2537409-4500-4f66-ab4f-524bd826dbf3","targetId":"id-511b8198-7f12-4d57-9743-39b47737f38b","type":"Serving"},{"id":"f4aa4a42-4975-4535-87db-d2786651092b","sourceId":"dc1aed4a-6113-4f53-bcfd-a93a92cdad45","targetId":"d7cd4a47-4eb2-4386-b70f-484a3231a0d2","type":"Serving"},{"id":"e92505bf-2a1d-4f9e-908e-289f244f6ac0","sourceId":"dc1aed4a-6113-4f53-bcfd-a93a92cdad45","targetId":"id-442f572b-5fcf-4080-8ece-be36f6d0cc40","type":"Access"},{"id":"id-32095a4e-f430-45e9-ad1a-be4e7507f949","sourceId":"id-20672ffc-5cd3-4cf6-b3bf-96ace406e6fb","targetId":"f57ad70c-7dbd-4610-a602-46b4b178e474","type":"Composition"},{"id":"id-05da74f4-29a3-4ab4-826c-b47b024cfd3f","sourceId":"f57ad70c-7dbd-4610-a602-46b4b178e474","targetId":"f30e2900-1a1f-4f7f-831c-a6ef1823abee","type":"Serving"},{"id":"id-259173f1-be52-4684-919c-816fbbe7ef88","sourceId":"a2ccfcd3-1034-485b-aaae-3aea9cc449fc","targetId":"id-698f6c39-f22d-4674-ba76-bd779e61154c","type":"Composition"},{"id":"id-2ce7f0c6-c840-45e3-adc7-02e45d6dd1d0","sourceId":"a2ccfcd3-1034-485b-aaae-3aea9cc449fc","targetId":"id-70049125-bc0f-456d-bbbd-e5a70d234588","type":"Composition"},{"id":"f3b0f269-bd08-4cce-b463-7619109eb730","sourceId":"id-782081d4-9d7c-4029-a19c-186ee7ef8c1b","targetId":"ee32d7a6-623e-4272-af0d-9155579a6483","type":"Composition"},{"id":"e102edb8-afc0-4591-ab25-df77a859c413","sourceId":"id-782081d4-9d7c-4029-a19c-186ee7ef8c1b","targetId":"id-6e38689f-ffb7-4a5b-b2e4-c299e627e9d5","type":"Composition"},{"id":"f30143a4-fc08-477f-87f1-3fa0db39440f","sourceId":"id-6e38689f-ffb7-4a5b-b2e4-c299e627e9d5","targetId":"id-70049125-bc0f-456d-bbbd-e5a70d234588","type":"Serving"},{"id":"f889d0d3-a01e-45d5-8d4e-c7bc1b70c034","sourceId":"ee32d7a6-623e-4272-af0d-9155579a6483","targetId":"id-511b8198-7f12-4d57-9743-39b47737f38b","type":"Serving"},{"id":"f9fd62f4-c93e-4179-a277-7d574bba72cb","sourceId":"b64c46ef-5801-4c06-8de0-8a85aeb2e82b","targetId":"id-442f572b-5fcf-4080-8ece-be36f6d0cc40","type":"Aggregation"},{"id":"id-76bbee3f-c6c5-429c-9c07-af06fbdf5eea","sourceId":"id-0d452950-0f21-4859-ae9c-d9ac0ddcfff9","targetId":"d7cd4a47-4eb2-4386-b70f-484a3231a0d2","type":"Serving"},{"id":"b1081ef5-2ba2-4fd6-9abb-ace819eb89c2","sourceId":"id-0d452950-0f21-4859-ae9c-d9ac0ddcfff9","targetId":"id-511b8198-7f12-4d57-9743-39b47737f38b","type":"Serving"},{"id":"id-9e55730f-9759-43ba-abeb-ecaf4ee7b9da","sourceId":"a2ccfcd3-1034-485b-aaae-3aea9cc449fc","targetId":"id-1899238c-e16f-48c4-8d60-27bfb77bbbe7","type":"Composition"},{"id":"c90f0948-0a7e-4c1a-ac6c-12556e5be89e","sourceId":"id-0d452950-0f21-4859-ae9c-d9ac0ddcfff9","targetId":"id-70049125-bc0f-456d-bbbd-e5a70d234588","type":"Serving"},{"id":"d30f56d3-2701-4478-8762-bde07bbf79b6","sourceId":"id-6e38689f-ffb7-4a5b-b2e4-c299e627e9d5","targetId":"f30e2900-1a1f-4f7f-831c-a6ef1823abee","type":"Serving"},{"id":"id-7fb88b0b-c30a-43af-a42b-3ebc80f0028e","sourceId":"ee32d7a6-623e-4272-af0d-9155579a6483","targetId":"id-1899238c-e16f-48c4-8d60-27bfb77bbbe7","type":"Serving"},{"id":"id-8a9f5217-c18c-4aaa-88a1-6aae269ee1db","sourceId":"c34f0294-e8f4-429a-8111-4cbe274cadcc","targetId":"f30e2900-1a1f-4f7f-831c-a6ef1823abee","type":"Composition"},{"id":"a54ed7f0-8c49-44ae-9c96-882dcc331cc3","sourceId":"c34f0294-e8f4-429a-8111-4cbe274cadcc","targetId":"id-71614bf9-945e-4bba-a9fa-570f6b35a824","type":"Composition"},{"id":"id-1e08daaf-64be-4560-85fe-5016429a0aef","sourceId":"c34f0294-e8f4-429a-8111-4cbe274cadcc","targetId":"id-511b8198-7f12-4d57-9743-39b47737f38b","type":"Composition"},{"id":"c023783c-f9a7-43bf-82e8-a0602e030951","sourceId":"a2ccfcd3-1034-485b-aaae-3aea9cc449fc","targetId":"c34f0294-e8f4-429a-8111-4cbe274cadcc","type":"Composition"},{"id":"id-4612269d-3f71-41c2-9afb-a0840dafc873","sourceId":"c34f0294-e8f4-429a-8111-4cbe274cadcc","targetId":"id-1899238c-e16f-48c4-8d60-27bfb77bbbe7","type":"Flow"},{"id":"id-66d28217-b495-481a-84ea-e625da27d9a8","sourceId":"id-70049125-bc0f-456d-bbbd-e5a70d234588","targetId":"c34f0294-e8f4-429a-8111-4cbe274cadcc","type":"Flow"},{"id":"id-90817cad-e9b7-4671-8726-5960c6d25d3a","sourceId":"id-698f6c39-f22d-4674-ba76-bd779e61154c","targetId":"d7cd4a47-4eb2-4386-b70f-484a3231a0d2","type":"Flow"},{"id":"ecd106f0-53ae-4018-9b41-c884c1e3cb59","sourceId":"d7cd4a47-4eb2-4386-b70f-484a3231a0d2","targetId":"id-70049125-bc0f-456d-bbbd-e5a70d234588","type":"Flow"},{"id":"id-5a1d6c2b-94f3-4c92-8e77-3e1d63d584ad","sourceId":"id-48c198f3-9fce-4e40-9e31-250244b9f55b","targetId":"f9c311bf-d003-4746-bd5c-7e1bd5dfe1e2","type":"Assignment"},{"id":"b95e1315-9fbd-4c68-9ca9-9480ffb3d82b","sourceId":"f30e2900-1a1f-4f7f-831c-a6ef1823abee","targetId":"id-71614bf9-945e-4bba-a9fa-570f6b35a824","type":"Flow"},{"id":"fc37ba17-d7fa-4304-ba36-05a5a89cf6b8","sourceId":"id-71614bf9-945e-4bba-a9fa-570f6b35a824","targetId":"id-511b8198-7f12-4d57-9743-39b47737f38b","type":"Flow"},{"id":"a3378452-3162-4545-af19-1dcc5013e394","sourceId":"id-0d452950-0f21-4859-ae9c-d9ac0ddcfff9","targetId":"id-1899238c-e16f-48c4-8d60-27bfb77bbbe7","type":"Serving"},{"id":"id-9b371145-699e-4de2-8db3-fcf5e87e583a","sourceId":"id-0d452950-0f21-4859-ae9c-d9ac0ddcfff9","targetId":"f30e2900-1a1f-4f7f-831c-a6ef1823abee","type":"Serving"},{"id":"id-957dd866-fb30-4b81-9e59-0752264d256c","sourceId":"id-3b0d3a32-f453-4c31-8fc4-8d4412e6a9b9","targetId":"d2345b62-5eb0-4792-afe9-7afd2f0962ad","type":"Assignment"},{"id":"f2822a95-003e-4baa-9a86-84437d33a221","sourceId":"f169b45f-0c6f-433c-ba6c-02ea91e1a172","targetId":"id-9fc33955-712c-4fbb-a7b0-de1ad2ace7eb","type":"Assignment"},{"id":"id-98aea915-3814-464d-afd6-563e026a7d7a","sourceId":"id-3b0d3a32-f453-4c31-8fc4-8d4412e6a9b9","targetId":"id-8b8634c1-ffd2-4663-9dfc-000ec7efcd4c","type":"Assignment"},{"id":"id-1a5d371e-f022-4775-84d1-e68558ae302f","sourceId":"id-8b8634c1-ffd2-4663-9dfc-000ec7efcd4c","targetId":"d190d569-921f-4e2b-8ea2-5d95fb0888c2","type":"Access"},{"id":"id-979fde9b-3a07-4a1c-990f-3cf53f2160d7","sourceId":"id-48c198f3-9fce-4e40-9e31-250244b9f55b","targetId":"id-0996ef63-7e29-4e62-8832-16b8074400d0","type":"Assignment"},{"id":"e115ee2b-d6a5-47d9-8bf1-3f5e904d88cd","sourceId":"id-0996ef63-7e29-4e62-8832-16b8074400d0","targetId":"d2345b62-5eb0-4792-afe9-7afd2f0962ad","type":"Flow"},{"id":"id-62ec7f92-aea8-4ea1-b55e-a4bd9a9bb774","sourceId":"d2345b62-5eb0-4792-afe9-7afd2f0962ad","targetId":"id-9fc33955-712c-4fbb-a7b0-de1ad2ace7eb","type":"Flow"},{"id":"id-0cad398d-78dc-46b5-b3c5-509b55425603","sourceId":"id-9fc33955-712c-4fbb-a7b0-de1ad2ace7eb","targetId":"id-8b8634c1-ffd2-4663-9dfc-000ec7efcd4c","type":"Flow"},{"id":"d33d6865-8b80-40cf-ab09-b87d991184c6","sourceId":"f9c311bf-d003-4746-bd5c-7e1bd5dfe1e2","targetId":"id-8b8634c1-ffd2-4663-9dfc-000ec7efcd4c","type":"Composition"},{"id":"c52a6af4-8554-40f7-a94a-5a74f5fe026f","sourceId":"f9c311bf-d003-4746-bd5c-7e1bd5dfe1e2","targetId":"id-0996ef63-7e29-4e62-8832-16b8074400d0","type":"Composition"},{"id":"id-6e3638c3-1b95-45d9-9145-8396d4fec429","sourceId":"f9c311bf-d003-4746-bd5c-7e1bd5dfe1e2","targetId":"id-0f309866-5cdf-46d6-ad9c-8cb820cd1769","type":"Composition"},{"id":"d9790efe-5d05-4765-adf3-c91ca05982dc","sourceId":"id-8b8634c1-ffd2-4663-9dfc-000ec7efcd4c","targetId":"id-0f309866-5cdf-46d6-ad9c-8cb820cd1769","type":"Flow"},{"id":"db992c2a-7885-41fc-b551-ece0ddd09bd1","sourceId":"id-48c198f3-9fce-4e40-9e31-250244b9f55b","targetId":"id-0f309866-5cdf-46d6-ad9c-8cb820cd1769","type":"Assignment"},{"id":"id-279428df-9cb3-4627-a382-0036efc2b5dc","sourceId":"id-0f309866-5cdf-46d6-ad9c-8cb820cd1769","targetId":"d190d569-921f-4e2b-8ea2-5d95fb0888c2","type":"Access"},{"id":"id-24f44c5b-0251-4a24-acb9-342315a05e5c","sourceId":"id-48c198f3-9fce-4e40-9e31-250244b9f55b","targetId":"id-9c91b77f-6f88-4a3c-af35-249cc27af137","type":"Assignment"},{"id":"id-72f72af8-5aea-4195-a194-200d3cdc1ee4","sourceId":"f169b45f-0c6f-433c-ba6c-02ea91e1a172","targetId":"f150bfb0-b191-44cf-b1e5-c2513a5298d5","type":"Assignment"},{"id":"b676b3fd-b8ff-41b6-96e2-543e573e7863","sourceId":"id-48c198f3-9fce-4e40-9e31-250244b9f55b","targetId":"id-780d5ce4-62a6-44b4-810d-d275ab1ac8b7","type":"Assignment"},{"id":"c19c0c83-600f-4962-92b9-26cfec748b2c","sourceId":"f169b45f-0c6f-433c-ba6c-02ea91e1a172","targetId":"d0d26c95-9449-41c7-9406-cb43675cd26f","type":"Assignment"},{"id":"e920329a-0093-4af2-ac54-69195418a9d0","sourceId":"id-48c198f3-9fce-4e40-9e31-250244b9f55b","targetId":"id-24693aa3-7af7-42b0-88d1-9e5f6f81af9d","type":"Assignment"},{"id":"bb6eefc8-0465-4984-939c-4872768f9044","sourceId":"id-48c198f3-9fce-4e40-9e31-250244b9f55b","targetId":"id-8b4c38ae-c8e6-4607-86f6-8290d836101d","type":"Assignment"},{"id":"id-6ae37543-2036-4493-8811-7eb7dd51abcd","sourceId":"id-9c91b77f-6f88-4a3c-af35-249cc27af137","targetId":"eddf2556-59fe-4226-b097-ac7b613a4ce8","type":"Access"},{"id":"f2e069e5-8b53-4b39-a737-133eab8d5d42","sourceId":"f150bfb0-b191-44cf-b1e5-c2513a5298d5","targetId":"eddf2556-59fe-4226-b097-ac7b613a4ce8","type":"Access"},{"id":"id-524fe6cb-a066-46c4-9c1a-d25857761420","sourceId":"d0d26c95-9449-41c7-9406-cb43675cd26f","targetId":"id-5730223d-60fc-4491-8cf6-9ca2290052ac","type":"Access"},{"id":"id-2b9215c8-308b-4ebc-9e0f-d81f9ad765ac","sourceId":"id-8b4c38ae-c8e6-4607-86f6-8290d836101d","targetId":"id-5730223d-60fc-4491-8cf6-9ca2290052ac","type":"Access"},{"id":"id-9576442f-44bd-4812-9e4c-8f4e704f00cf","sourceId":"id-37f337a4-1ed4-456f-bed5-23606f29d621","targetId":"f30e2900-1a1f-4f7f-831c-a6ef1823abee","type":"Assignment"},{"id":"id-7be03a7c-7336-4147-9a0c-0dd0f535945a","sourceId":"id-37f337a4-1ed4-456f-bed5-23606f29d621","targetId":"id-71614bf9-945e-4bba-a9fa-570f6b35a824","type":"Assignment"},{"id":"f4cad06c-6234-4ead-8529-e56d68c2f090","sourceId":"id-37f337a4-1ed4-456f-bed5-23606f29d621","targetId":"id-511b8198-7f12-4d57-9743-39b47737f38b","type":"Assignment"},{"id":"id-9adcf05e-6361-45c0-8041-0d9e1e27ff83","sourceId":"id-48c198f3-9fce-4e40-9e31-250244b9f55b","targetId":"d7cd4a47-4eb2-4386-b70f-484a3231a0d2","type":"Assignment"},{"id":"id-7c8e1a4b-e73b-4504-855a-4149836248a4","sourceId":"id-48c198f3-9fce-4e40-9e31-250244b9f55b","targetId":"id-70049125-bc0f-456d-bbbd-e5a70d234588","type":"Assignment"},{"id":"e0ed8219-5744-4318-9a5e-f130aec43c64","sourceId":"id-70049125-bc0f-456d-bbbd-e5a70d234588","targetId":"d0b3831b-e701-4358-b9be-6b1af233a001","type":"Access"},{"id":"id-8d2e09b6-afba-487e-803f-3c94cb99faf3","sourceId":"f30e2900-1a1f-4f7f-831c-a6ef1823abee","targetId":"d0b3831b-e701-4358-b9be-6b1af233a001","type":"Access"},{"id":"id-739a55da-4141-42cf-a379-fdb90a4a344b","sourceId":"id-511b8198-7f12-4d57-9743-39b47737f38b","targetId":"id-9ff175ad-223c-4fb8-b5db-950fd7ac1afa","type":"Access"},{"id":"be68c3e3-3561-429e-8c31-b202ec3af2c7","sourceId":"id-9dd5b2cc-5eb3-41e0-a344-6ec16a2c8abb","targetId":"d2345b62-5eb0-4792-afe9-7afd2f0962ad","type":"Serving"},{"id":"id-8cfdfa0c-304e-403f-a4cd-055e6c0e353c","sourceId":"b1422bb4-6a9a-4442-8aba-9aa7bab515ef","targetId":"id-9fc33955-712c-4fbb-a7b0-de1ad2ace7eb","type":"Serving"},{"id":"id-8b40d38f-812f-41c6-952c-c1f4a56db133","sourceId":"id-9dd5b2cc-5eb3-41e0-a344-6ec16a2c8abb","targetId":"id-8b8634c1-ffd2-4663-9dfc-000ec7efcd4c","type":"Serving"},{"id":"b356a306-82cf-4618-9362-571ca12f8356","sourceId":"id-48c198f3-9fce-4e40-9e31-250244b9f55b","targetId":"id-6c629801-66e6-4994-88af-4f1d37387831","type":"Assignment"},{"id":"f2df96ff-5293-450c-ba0f-d67961761e7b","sourceId":"id-6c629801-66e6-4994-88af-4f1d37387831","targetId":"id-0f309866-5cdf-46d6-ad9c-8cb820cd1769","type":"Serving"},{"id":"e0caded1-8f55-4d6e-979b-c157e01034be","sourceId":"id-6c629801-66e6-4994-88af-4f1d37387831","targetId":"id-0996ef63-7e29-4e62-8832-16b8074400d0","type":"Serving"},{"id":"c758900b-68a8-4ff5-9d9e-8fabd147843e","sourceId":"id-6c629801-66e6-4994-88af-4f1d37387831","targetId":"d190d569-921f-4e2b-8ea2-5d95fb0888c2","type":"Access"},{"id":"id-191498e0-c733-430c-a49a-f9dfd1837c31","sourceId":"id-37f337a4-1ed4-456f-bed5-23606f29d621","targetId":"id-782081d4-9d7c-4029-a19c-186ee7ef8c1b","type":"Assignment"},{"id":"e31eaf39-2c4f-41e7-ad30-f0ef81f4e770","sourceId":"id-48c198f3-9fce-4e40-9e31-250244b9f55b","targetId":"id-782081d4-9d7c-4029-a19c-186ee7ef8c1b","type":"Assignment"},{"id":"id-898d81f0-5165-4b0e-81b2-5b12bf5c74ff","sourceId":"id-37f337a4-1ed4-456f-bed5-23606f29d621","targetId":"id-65998c87-ccfb-40d9-94aa-1af528a13214","type":"Assignment"},{"id":"id-76edfdbe-08c5-4d9e-bbc2-4b90c61b0e55","sourceId":"id-48c198f3-9fce-4e40-9e31-250244b9f55b","targetId":"id-65998c87-ccfb-40d9-94aa-1af528a13214","type":"Assignment"},{"id":"d7d0dad8-e35e-45d9-88ec-bba675f50019","sourceId":"id-48c198f3-9fce-4e40-9e31-250244b9f55b","targetId":"id-13331578-de21-4c68-a601-aa9c074095ed","type":"Assignment"},{"id":"e9a96cbd-dae0-4152-b8be-c40cd71d936e","sourceId":"id-37f337a4-1ed4-456f-bed5-23606f29d621","targetId":"id-13331578-de21-4c68-a601-aa9c074095ed","type":"Assignment"},{"id":"id-8070e980-9701-4564-863a-b45d101efabf","sourceId":"id-48c198f3-9fce-4e40-9e31-250244b9f55b","targetId":"id-1899238c-e16f-48c4-8d60-27bfb77bbbe7","type":"Assignment"},{"id":"c62cfd7e-27e8-4975-925d-90b5ab13dfd5","sourceId":"f169b45f-0c6f-433c-ba6c-02ea91e1a172","targetId":"id-5c0d6e66-4bf8-43c1-a610-7263b6ecb962","type":"Assignment"},{"id":"id-878f3e9d-faa8-46ad-9a64-a7eff1579665","sourceId":"id-48c198f3-9fce-4e40-9e31-250244b9f55b","targetId":"id-0c39a204-db90-4954-ab3e-a6c2c681ce1d","type":"Assignment"},{"id":"d48ce82a-0f6f-44d8-b888-8c298660ae6a","sourceId":"id-0c39a204-db90-4954-ab3e-a6c2c681ce1d","targetId":"id-5c0d6e66-4bf8-43c1-a610-7263b6ecb962","type":"Flow"},{"id":"b83f1fd9-deb5-4a76-b419-76ff30e7c34b","sourceId":"id-5c0d6e66-4bf8-43c1-a610-7263b6ecb962","targetId":"id-767fa066-2175-4ff2-9ae0-56524f79c33b","type":"Flow"},{"id":"id-44b86af1-a0ed-40b3-8374-b7642fc1d6eb","sourceId":"id-5772c4f2-8ce7-4aba-afb4-0b386573a4d5","targetId":"id-0c39a204-db90-4954-ab3e-a6c2c681ce1d","type":"Composition"},{"id":"id-8c1f2967-54bb-463d-b811-4a890dc2c111","sourceId":"id-5772c4f2-8ce7-4aba-afb4-0b386573a4d5","targetId":"id-5c0d6e66-4bf8-43c1-a610-7263b6ecb962","type":"Composition"},{"id":"id-89946ccd-f15e-4cdb-906d-1cd839609b62","sourceId":"id-5772c4f2-8ce7-4aba-afb4-0b386573a4d5","targetId":"id-767fa066-2175-4ff2-9ae0-56524f79c33b","type":"Composition"},{"id":"c724075c-2407-44b6-8bcf-cfe273af2eca","sourceId":"id-038cf5f5-e223-402e-a47b-61dce5214a11","targetId":"id-03d00209-861f-4dd1-84ea-67b93dd07c49","type":"Composition"},{"id":"id-0774a93b-a2aa-4134-be29-858d4a841e5d","sourceId":"id-03d00209-861f-4dd1-84ea-67b93dd07c49","targetId":"id-1899238c-e16f-48c4-8d60-27bfb77bbbe7","type":"Serving"},{"id":"f1770317-fe0f-417b-9a0d-d33d76d1078b","sourceId":"d2756dfd-bf37-48d2-b608-b62625c0c23d","targetId":"id-0c39a204-db90-4954-ab3e-a6c2c681ce1d","type":"Serving"},{"id":"id-43550f18-6fc6-40a4-9cf0-856bf92a53c7","sourceId":"e88c2c2d-7dfb-4022-b9e6-5049dfd19a79","targetId":"id-767fa066-2175-4ff2-9ae0-56524f79c33b","type":"Serving"},{"id":"a86cfb03-a414-4ef9-a465-bca5bb954ffd","sourceId":"id-48c198f3-9fce-4e40-9e31-250244b9f55b","targetId":"d2756dfd-bf37-48d2-b608-b62625c0c23d","type":"Assignment"},{"id":"edf568bd-e8ce-4127-b747-c679ac63509a","sourceId":"id-48c198f3-9fce-4e40-9e31-250244b9f55b","targetId":"e88c2c2d-7dfb-4022-b9e6-5049dfd19a79","type":"Assignment"},{"id":"e8366b14-039a-4c81-8024-40ab65431f7d","sourceId":"id-2cdce89d-7450-430d-b8d8-8aa1b19619af","targetId":"a2ccfcd3-1034-485b-aaae-3aea9cc449fc","type":"Realization"},{"id":"acd64950-f673-4d91-b53d-40374854a74b","sourceId":"id-517a0c5b-e4a9-4f5a-9e34-1750f88bf638","targetId":"id-9c43db47-1f93-412c-aeaf-3bae03a6ac8b","type":"Realization"},{"id":"e23d3441-e798-40e1-9ba2-e5902451d18c","sourceId":"id-94c81cef-0c54-4266-9c5d-8eca971d26d7","targetId":"d7cd4a47-4eb2-4386-b70f-484a3231a0d2","type":"Serving"},{"id":"id-7e7330b9-6120-455c-a94b-43e1815ab228","sourceId":"id-55e5c516-911f-440e-a825-c739fa39bfc2","targetId":"id-70049125-bc0f-456d-bbbd-e5a70d234588","type":"Serving"},{"id":"id-5efa1749-6828-4983-aaf7-6b2c3accbcda","sourceId":"id-366c19ed-c874-459a-a8bb-9a343c303d7f","targetId":"id-698f6c39-f22d-4674-ba76-bd779e61154c","type":"Serving"},{"id":"ac2fde05-1966-4050-a885-eb80cf526497","sourceId":"ea3c4149-03c1-4ac3-9de9-cc4e06831d3c","targetId":"id-70049125-bc0f-456d-bbbd-e5a70d234588","type":"Serving"},{"id":"id-9120e73e-ec6a-4824-ae84-b4b057e42081","sourceId":"id-366c19ed-c874-459a-a8bb-9a343c303d7f","targetId":"id-70049125-bc0f-456d-bbbd-e5a70d234588","type":"Serving"},{"id":"e6ad22d0-387a-442c-942e-27e47cf023ff","sourceId":"ea3c4149-03c1-4ac3-9de9-cc4e06831d3c","targetId":"id-1899238c-e16f-48c4-8d60-27bfb77bbbe7","type":"Serving"},{"id":"id-9580e5a5-3f6c-4124-bfc5-5ca98e7b5959","sourceId":"id-366c19ed-c874-459a-a8bb-9a343c303d7f","targetId":"id-1899238c-e16f-48c4-8d60-27bfb77bbbe7","type":"Serving"},{"id":"id-87a0dffe-59a1-4037-99d4-62182b808892","sourceId":"ea3c4149-03c1-4ac3-9de9-cc4e06831d3c","targetId":"id-511b8198-7f12-4d57-9743-39b47737f38b","type":"Serving"},{"id":"id-3fe64c0c-c55c-4dad-bb73-ea61c9977bbf","sourceId":"id-366c19ed-c874-459a-a8bb-9a343c303d7f","targetId":"id-71614bf9-945e-4bba-a9fa-570f6b35a824","type":"Serving"},{"id":"id-62d1cbc2-0f37-467d-b284-3b88b4d0a43d","sourceId":"id-3a4b03dc-9a38-4d2a-8c5c-fc930bbfa868","targetId":"id-86e2a8c6-c934-406d-b754-f88db1e7da6f","type":"Composition"},{"id":"c1d12fa3-2ec0-4231-b75c-1e38d326bdc9","sourceId":"id-3a4b03dc-9a38-4d2a-8c5c-fc930bbfa868","targetId":"id-41353193-0eaf-4c3b-973b-5332df18ce0f","type":"Composition"},{"id":"a42fc229-f7ef-4741-b86f-b6835d9ce565","sourceId":"c9acce03-81e5-45fb-a176-56bef573e532","targetId":"id-41353193-0eaf-4c3b-973b-5332df18ce0f","type":"Access"},{"id":"d6db4646-fce3-4191-9a82-16cec61a4aaa","sourceId":"id-30b19fba-64fb-4a76-bb46-b8135e5aaabd","targetId":"id-36116202-8f34-4b6a-8ff3-fe23a82de083","type":"Access"},{"id":"id-5d0b2e6d-0a67-4c90-af26-221a461ac384","sourceId":"id-5eaf66c9-c77f-4004-929d-0132017adad7","targetId":"id-83306abc-ce72-410d-9e6e-b8753c30d212","type":"Composition"},{"id":"id-3b008a75-b7c1-4ed5-8520-1e66dfecb043","sourceId":"f7b233b2-4ad6-427c-905b-703691077a5d","targetId":"id-5a0e8b37-9468-4129-aeb1-db971b9741b5","type":"Access"},{"id":"id-542a4c36-1d7b-4c5b-be96-01a3049da6da","sourceId":"id-5a0e8b37-9468-4129-aeb1-db971b9741b5","targetId":"id-3a4b03dc-9a38-4d2a-8c5c-fc930bbfa868","type":"Composition"},{"id":"id-5bc8fdbb-c837-468d-a99b-a26c10b99ca8","sourceId":"id-5a0e8b37-9468-4129-aeb1-db971b9741b5","targetId":"id-36116202-8f34-4b6a-8ff3-fe23a82de083","type":"Composition"},{"id":"ffc59f75-56da-4d6e-a065-413eb6edcff4","sourceId":"ea3c4149-03c1-4ac3-9de9-cc4e06831d3c","targetId":"id-36116202-8f34-4b6a-8ff3-fe23a82de083","type":"Access"},{"id":"cc247b89-f2da-433a-8147-dc862c97ff78","sourceId":"ea3c4149-03c1-4ac3-9de9-cc4e06831d3c","targetId":"id-5a0e8b37-9468-4129-aeb1-db971b9741b5","type":"Access"},{"id":"da25dc30-3ccb-456d-b277-7ffb23d46ed6","sourceId":"id-55e5c516-911f-440e-a825-c739fa39bfc2","targetId":"id-511b8198-7f12-4d57-9743-39b47737f38b","type":"Serving"},{"id":"id-3f3b8a54-f07c-4ddb-aa24-a9ee704aa65e","sourceId":"id-28e0c3de-09be-434b-8d76-407887d4ecef","targetId":"f7cc08b8-94ea-449d-afd2-6c2dde05541d","type":"Access"},{"id":"b5799eb5-b0d4-4ee5-994b-ead175a117f9","sourceId":"id-55e5c516-911f-440e-a825-c739fa39bfc2","targetId":"dc1aed4a-6113-4f53-bcfd-a93a92cdad45","type":"Serving"},{"id":"id-6075219f-163f-4115-a5b4-92a93566b73d","sourceId":"ea1abed3-0956-454b-95e4-ec4e3c603cec","targetId":"id-11565d11-81d5-4fe7-9fdd-67bca50c8ba3","type":"Access"},{"id":"ba8da75a-8f98-40ac-ba8a-74b43a0a8e5c","sourceId":"id-30b19fba-64fb-4a76-bb46-b8135e5aaabd","targetId":"id-11565d11-81d5-4fe7-9fdd-67bca50c8ba3","type":"Access"},{"id":"b443cf5d-8800-46c0-aee2-b90501a71c77","sourceId":"fc0b155d-ec72-461e-9386-419ef3bac201","targetId":"f7cc08b8-94ea-449d-afd2-6c2dde05541d","type":"Access"},{"id":"e43772d6-2a9f-435d-9167-f9d82c693663","sourceId":"id-30b19fba-64fb-4a76-bb46-b8135e5aaabd","targetId":"f7cc08b8-94ea-449d-afd2-6c2dde05541d","type":"Access"},{"id":"id-2074c381-9a93-490b-a5b7-8fd4887e1c6c","sourceId":"ea3c4149-03c1-4ac3-9de9-cc4e06831d3c","targetId":"f30e2900-1a1f-4f7f-831c-a6ef1823abee","type":"Serving"},{"id":"bc000dd0-455a-4636-84e3-3e128c9d7024","sourceId":"id-517a0c5b-e4a9-4f5a-9e34-1750f88bf638","targetId":"id-0aab455f-2cde-44dc-8c97-269e4b918ebe","type":"Assignment"},{"id":"a1a7cf89-87bb-4957-8c7e-ae7f37f4af6a","sourceId":"id-517a0c5b-e4a9-4f5a-9e34-1750f88bf638","targetId":"id-83591058-c8c6-4af5-a70e-c34e8e7d958f","type":"Assignment"},{"id":"id-83c8b506-7a65-46e1-a441-f3499de4a859","sourceId":"id-973201dc-dd07-4a90-b2c0-fb30056c5d75","targetId":"id-9c43db47-1f93-412c-aeaf-3bae03a6ac8b","type":"Composition"},{"id":"id-550783b4-b33c-4227-95eb-0e9f54d985d6","sourceId":"id-9c43db47-1f93-412c-aeaf-3bae03a6ac8b","targetId":"f9c311bf-d003-4746-bd5c-7e1bd5dfe1e2","type":"Composition"},{"id":"id-9a30d7aa-e124-453a-8681-0452e0c574ae","sourceId":"id-9c43db47-1f93-412c-aeaf-3bae03a6ac8b","targetId":"id-7bba770f-dd71-4f45-9e4e-f3295ed9be70","type":"Composition"},{"id":"id-5ffe65ca-3b65-469f-b716-e028f9f6f545","sourceId":"id-9c43db47-1f93-412c-aeaf-3bae03a6ac8b","targetId":"ce90bb58-51b7-406e-ba36-dadd71220168","type":"Composition"},{"id":"a1e025ae-d945-47b0-9e56-f7e9a9ed0c9f","sourceId":"id-517a0c5b-e4a9-4f5a-9e34-1750f88bf638","targetId":"b360056e-1293-4a7a-be87-3fb870e37c7f","type":"Assignment"}],"views":[{"id":"c42f6290-4544-49f1-b3af-4dc5b445d81e","name":"TOOP Value Network","viewpoint":""},{"id":"id-320976a2-dc32-46c6-936f-93764d0775ce","name":"Evidence Retrieval","viewpoint":""},{"id":"id-99361b87-6dc3-451f-b3bb-fdc773605207","name":"Evidence Subscription/Notification","viewpoint":""},{"id":"id-35d7137f-e1ba-484f-bf79-ae8670fe7266","name":"Capability Map","viewpoint":"Business Process Cooperation"},{"id":"id-4c111cc6-da03-454b-b81c-ed4c6ade1d17","name":"Data Notification - Functional View","viewpoint":""},{"id":"ef68755c-434b-41f4-9e58-cc6a888f0307","name":"Data Subscription - Functional View","viewpoint":""},{"id":"id-30bca7a4-1b34-460b-8123-51818a59f93b","name":"Data Provision - Functional View","viewpoint":""},{"id":"a526a467-ab51-4928-aa23-6c278ed5921d","name":"Data Retrieval - Functional View","viewpoint":""},{"id":"id-819ad9cf-f98b-441b-9a5a-36b1a99f09b9","name":"Capability Publication - Functional View","viewpoint":""},{"id":"id-93cf25ec-3415-4b47-88c0-4016e90f338d","name":"Process Map","viewpoint":""},{"id":"id-22c9b123-d699-4b76-a149-1c02a2359ed7","name":"end-to-end-process","viewpoint":""},{"id":"ec351a2c-4bc4-4bdb-aecf-b3eb3ee9f212","name":"end-to-end-interaction","viewpoint":""},{"id":"id-4e549342-2634-484d-810f-dcf7ed09ee09","name":"identification-interaction","viewpoint":""},{"id":"id-6c4ba77e-8f31-43ae-93a3-44675095dde8","name":"user-request-interaction","viewpoint":""},{"id":"eba1033c-2933-44cb-8c9c-c0c6d8b6a388","name":"find-retrieve-evidence-interaction","viewpoint":""},{"id":"c3a85cfb-2bc8-43f3-aa89-9df3afc9246e","name":"end-to-end-information-exchange","viewpoint":""},{"id":"id-6f662bf2-6b38-4571-bb25-e00754a819f2","name":"review-process-interaction","viewpoint":""},{"id":"bcb4e683-b1c4-463a-ab77-1ae20e08cc50","name":"toop-connector","viewpoint":""},{"id":"id-24779be9-08cc-47a5-83df-03f93009fdee","name":"building-blocks","viewpoint":""},{"id":"c9878ee1-c03e-4223-9e1b-2a44c34b1b16","name":"toopconnector-overview","viewpoint":""},{"id":"bd60ea18-22aa-4e62-9ca4-901b2c265a31","name":"is-arch-overview","viewpoint":""},{"id":"c1fd6f86-3fa3-4289-8c29-0e382e62965d","name":"is-arch-info-exchange","viewpoint":""},{"id":"fc21fbdb-d6ea-4fc4-a0d1-f61ede896b52","name":"toop-connector-functions","viewpoint":""},{"id":"c440b2ca-b92d-49a0-bdce-40b2ee790439","name":"evidence-exchange","viewpoint":""},{"id":"id-31ad41a5-ba5b-42c6-81ef-a026bf08eedd","name":"evidence-exchange-realization","viewpoint":""},{"id":"id-746df43d-347f-4211-84ab-c066dcb9f05d","name":"routing-metadata","viewpoint":""},{"id":"id-779ff3d7-61d7-4f9e-a142-6727c87e33f2","name":"routing-metadata-realization","viewpoint":""},{"id":"id-8a57002f-806a-4f9b-9e56-cce3dc713576","name":"dp-discovery","viewpoint":""},{"id":"d52d6051-9b68-4485-9db5-6b419cb33f73","name":"dp-discovery-realization","viewpoint":""},{"id":"id-07a9a64a-283c-40c3-bb71-d872ddd00275","name":"Stakeholder Map","viewpoint":""}]}