<?xml version="1.0" encoding="UTF-8"?><model xmlns="http://www.opengroup.org/xsd/archimate/3.0/" xmlns:xsi="http://www.w3.org/2001/XMLSchema-instance" identifier="_w5uGIERkEeufTvxJgLajhw">  <name xml:lang="en">sweetein</name>  <elements>    <element xsi:type="Product" identifier="_PN0DgCaUEDmtaKsIHhXkbg">      <name xml:lang="en">SWEETEIN</name>      <documentation/>    </element>    <element xsi:type="DataObject" identifier="_bcow0CaUEDmtaKsIHhXkbg">      <name xml:lang="en">FORMIRANJE PROJEKTNOG TIMA</name>      <documentation/>    </element>    <element xsi:type="DataObject" identifier="_dIgcwCaUEDmtaKsIHhXkbg">      <name xml:lang="en">PROIZVODNJA</name>      <documentation/>    </element>    <element xsi:type="DataObject" identifier="_gCED0CaUEDmtaKsIHhXkbg">      <name xml:lang="en">PLASIRANJE  PROIZVODA NA TRŽIŠTE</name>      <documentation/>    </element>    <element xsi:type="DataObject" identifier="_iG0J0CaUEDmtaKsIHhXkbg">      <name xml:lang="en">PRODAJA</name>      <documentation/>    </element>    <element xsi:type="WorkPackage" identifier="_OGcTQCd6EDmtaKsIHhXkbg">      <name xml:lang="en">INICIRANJE</name>      <documentation/>    </element>    <element xsi:type="WorkPackage" identifier="_PluUsCd6EDmtaKsIHhXkbg">      <name xml:lang="en">PLANIRANJE</name>      <documentation/>    </element>    <element xsi:type="WorkPackage" identifier="_Qx3XsCd6EDmtaKsIHhXkbg">      <name xml:lang="en">PRIPREMA PROIZVODNJE</name>      <documentation/>    </element>    <element xsi:type="WorkPackage" identifier="_RXtPsCd6EDmtaKsIHhXkbg">      <name xml:lang="en">IZVRŠENJE PROIZVODNJE</name>      <documentation/>    </element>    <element xsi:type="WorkPackage" identifier="_R83LMCd6EDmtaKsIHhXkbg">      <name xml:lang="en">KONTROLA</name>      <documentation/>    </element>    <element xsi:type="WorkPackage" identifier="_SlX8sCd6EDmtaKsIHhXkbg">      <name xml:lang="en">ZAVRŠETAK</name>      <documentation/>    </element>    <element xsi:type="DataObject" identifier="_2ppcMCd6EDmtaKsIHhXkbg">      <name xml:lang="en">ISTRAŽIVANJE TRŽIŠTA</name>      <documentation/>    </element>    <element xsi:type="DataObject" identifier="_7J0bwCd6EDmtaKsIHhXkbg">      <name xml:lang="en">STUDIJA IZVODLJIVOSTI</name>      <documentation/>    </element>    <element xsi:type="WorkPackage" identifier="_SDilgCd7EDmtaKsIHhXkbg">      <name xml:lang="en">EVALUACIJA</name>      <documentation/>    </element>    <element xsi:type="DataObject" identifier="_kC344Cd7EDmtaKsIHhXkbg">      <name xml:lang="en">KONKURENTI</name>      <documentation/>    </element>    <element xsi:type="DataObject" identifier="_o6K_ACd7EDmtaKsIHhXkbg">      <name xml:lang="en">NJIHOVI PROIZVODI</name>      <documentation/>    </element>    <element xsi:type="DataObject" identifier="_r40hcCd7EDmtaKsIHhXkbg">      <name xml:lang="en">NJIHOVI KONZUMENTI</name>      <documentation/>    </element>    <element xsi:type="DataObject" identifier="_6XMPgCd7EDmtaKsIHhXkbg">      <name xml:lang="en">KO SU? KOJI SU NJIHOVI POSLOVNI MODELI?</name>      <documentation/>    </element>    <element xsi:type="DataObject" identifier="_IUdboCd8EDmtaKsIHhXkbg">      <name xml:lang="en">SASTOJCI</name>      <documentation/>    </element>    <element xsi:type="DataObject" identifier="_KiZS0Cd8EDmtaKsIHhXkbg">      <name xml:lang="en">ANKETE</name>      <documentation/>    </element>    <element xsi:type="DataObject" identifier="_WyD4MCd9EDmtaKsIHhXkbg">      <name xml:lang="en">DEFINISANJE BUDŽETA I ROKOVA</name>      <documentation/>    </element>    <element xsi:type="DataObject" identifier="_kFI30Cd9EDmtaKsIHhXkbg">      <name xml:lang="en">ODABIR PRIMARNIH TRŽIŠTA</name>      <documentation/>    </element>    <element xsi:type="DataObject" identifier="_o5cUUCd9EDmtaKsIHhXkbg">      <name xml:lang="en">SPECIFIKACIJA PROIZVODA</name>      <documentation/>    </element>    <element xsi:type="DataObject" identifier="_sTsNoCd9EDmtaKsIHhXkbg">      <name xml:lang="en">UTVRĐIVANJE TROŠKOVA</name>      <documentation/>    </element>    <element xsi:type="DataObject" identifier="_8tkmICd9EDmtaKsIHhXkbg">      <name xml:lang="en">ODABIR DOBAVLJAČA I PARTNERA</name>      <documentation/>    </element>    <element xsi:type="DataObject" identifier="_AWU1gCd-EDmtaKsIHhXkbg">      <name xml:lang="en">KREIRANJE MARKETING STRATEGIJE</name>      <documentation/>    </element>    <element xsi:type="DataObject" identifier="_Jkzh0Cd_EDmtaKsIHhXkbg">      <name xml:lang="en">NABAVKA MATERIJALA</name>      <documentation/>    </element>    <element xsi:type="DataObject" identifier="_KryYACd_EDmtaKsIHhXkbg">      <name xml:lang="en">ANGAŽOVANJE DODATNE RADNE SNAGE</name>      <documentation/>    </element>    <element xsi:type="DataObject" identifier="_eo0HICd_EDmtaKsIHhXkbg">      <name xml:lang="en">PROIZVODNJA PROTEINSKIH ČOKOLADICA</name>      <documentation/>    </element>    <element xsi:type="DataObject" identifier="_kk9VcCd_EDmtaKsIHhXkbg">      <name xml:lang="en">TESTIRANJE KVALITETA PROUZVODA</name>      <documentation/>    </element>    <element xsi:type="DataObject" identifier="_y6lXMCd_EDmtaKsIHhXkbg">      <name xml:lang="en">PUŠTANJE MARKETING KAMPANJE</name>      <documentation/>    </element>  </elements>  <relationships>    <relationship xsi:type="Association" identifier="_HjaZMCd8EDmtaKsIHhXkbg" source="_kC344Cd7EDmtaKsIHhXkbg" target="_6XMPgCd7EDmtaKsIHhXkbg">      <name xml:lang="en"/>      <documentation/>    </relationship>    <relationship xsi:type="Association" identifier="_KEU2wCd8EDmtaKsIHhXkbg" source="_o6K_ACd7EDmtaKsIHhXkbg" target="_IUdboCd8EDmtaKsIHhXkbg">      <name xml:lang="en"/>      <documentation/>    </relationship>    <relationship xsi:type="Association" identifier="_PJuDQCd8EDmtaKsIHhXkbg" source="_r40hcCd7EDmtaKsIHhXkbg" target="_KiZS0Cd8EDmtaKsIHhXkbg">      <name xml:lang="en"/>      <documentation/>    </relationship>    <relationship xsi:type="Association" identifier="_aL-PwCd8EDmtaKsIHhXkbg" source="_2ppcMCd6EDmtaKsIHhXkbg" target="_kC344Cd7EDmtaKsIHhXkbg">      <name xml:lang="en"/>      <documentation/>    </relationship>    <relationship xsi:type="Association" identifier="_aguXwCd8EDmtaKsIHhXkbg" source="_2ppcMCd6EDmtaKsIHhXkbg" target="_o6K_ACd7EDmtaKsIHhXkbg">      <name xml:lang="en"/>      <documentation/>    </relationship>    <relationship xsi:type="Association" identifier="_a8twMCd8EDmtaKsIHhXkbg" source="_2ppcMCd6EDmtaKsIHhXkbg" target="_r40hcCd7EDmtaKsIHhXkbg">      <name xml:lang="en"/>      <documentation/>    </relationship>    <relationship xsi:type="Association" identifier="_O2VXwCd9EDmtaKsIHhXkbg" source="_OGcTQCd6EDmtaKsIHhXkbg" target="_bcow0CaUEDmtaKsIHhXkbg">      <name xml:lang="en"/>      <documentation/>    </relationship>    <relationship xsi:type="Association" identifier="_P1u_QCd9EDmtaKsIHhXkbg" source="_OGcTQCd6EDmtaKsIHhXkbg" target="_2ppcMCd6EDmtaKsIHhXkbg">      <name xml:lang="en"/>      <documentation/>    </relationship>    <relationship xsi:type="Association" identifier="_QSa7QCd9EDmtaKsIHhXkbg" source="_OGcTQCd6EDmtaKsIHhXkbg" target="_7J0bwCd6EDmtaKsIHhXkbg">      <name xml:lang="en"/>      <documentation/>    </relationship>    <relationship xsi:type="Association" identifier="_RzTfMCd9EDmtaKsIHhXkbg" source="_PN0DgCaUEDmtaKsIHhXkbg" target="_OGcTQCd6EDmtaKsIHhXkbg">      <name xml:lang="en"/>      <documentation/>    </relationship>    <relationship xsi:type="Association" identifier="_SLVksCd9EDmtaKsIHhXkbg" source="_PN0DgCaUEDmtaKsIHhXkbg" target="_PluUsCd6EDmtaKsIHhXkbg">      <name xml:lang="en"/>      <documentation/>    </relationship>    <relationship xsi:type="Association" identifier="_SfVewCd9EDmtaKsIHhXkbg" source="_PN0DgCaUEDmtaKsIHhXkbg" target="_Qx3XsCd6EDmtaKsIHhXkbg">      <name xml:lang="en"/>      <documentation/>    </relationship>    <relationship xsi:type="Association" identifier="_S2SmMCd9EDmtaKsIHhXkbg" source="_PN0DgCaUEDmtaKsIHhXkbg" target="_RXtPsCd6EDmtaKsIHhXkbg">      <name xml:lang="en"/>      <documentation/>    </relationship>    <relationship xsi:type="Association" identifier="_TJ6FwCd9EDmtaKsIHhXkbg" source="_PN0DgCaUEDmtaKsIHhXkbg" target="_R83LMCd6EDmtaKsIHhXkbg">      <name xml:lang="en"/>      <documentation/>    </relationship>    <relationship xsi:type="Association" identifier="_Te4QMCd9EDmtaKsIHhXkbg" source="_PN0DgCaUEDmtaKsIHhXkbg" target="_SlX8sCd6EDmtaKsIHhXkbg">      <name xml:lang="en"/>      <documentation/>    </relationship>    <relationship xsi:type="Association" identifier="_T2EoMCd9EDmtaKsIHhXkbg" source="_PN0DgCaUEDmtaKsIHhXkbg" target="_SDilgCd7EDmtaKsIHhXkbg">      <name xml:lang="en"/>      <documentation/>    </relationship>    <relationship xsi:type="Association" identifier="_HbLYUCd-EDmtaKsIHhXkbg" source="_PluUsCd6EDmtaKsIHhXkbg" target="_WyD4MCd9EDmtaKsIHhXkbg">      <name xml:lang="en"/>      <documentation/>    </relationship>    <relationship xsi:type="Association" identifier="_NmS2wCd-EDmtaKsIHhXkbg" source="_PluUsCd6EDmtaKsIHhXkbg" target="_kFI30Cd9EDmtaKsIHhXkbg">      <name xml:lang="en"/>      <documentation/>    </relationship>    <relationship xsi:type="Association" identifier="_VX4jwCd-EDmtaKsIHhXkbg" source="_PluUsCd6EDmtaKsIHhXkbg" target="_o5cUUCd9EDmtaKsIHhXkbg">      <name xml:lang="en"/>      <documentation/>    </relationship>    <relationship xsi:type="Association" identifier="_XuVdwCd-EDmtaKsIHhXkbg" source="_PluUsCd6EDmtaKsIHhXkbg" target="_sTsNoCd9EDmtaKsIHhXkbg">      <name xml:lang="en"/>      <documentation/>    </relationship>    <relationship xsi:type="Association" identifier="_Za-lwCd-EDmtaKsIHhXkbg" source="_PluUsCd6EDmtaKsIHhXkbg" target="_8tkmICd9EDmtaKsIHhXkbg">      <name xml:lang="en"/>      <documentation/>    </relationship>    <relationship xsi:type="Association" identifier="_werK4Cd-EDmtaKsIHhXkbg" source="_PluUsCd6EDmtaKsIHhXkbg" target="_WyD4MCd9EDmtaKsIHhXkbg">      <name xml:lang="en"/>      <documentation/>    </relationship>    <relationship xsi:type="Association" identifier="_6PDf0Cd-EDmtaKsIHhXkbg" source="_PluUsCd6EDmtaKsIHhXkbg" target="_kFI30Cd9EDmtaKsIHhXkbg">      <name xml:lang="en"/>      <documentation/>    </relationship>    <relationship xsi:type="Association" identifier="_7wBjUCd-EDmtaKsIHhXkbg" source="_PluUsCd6EDmtaKsIHhXkbg" target="_o5cUUCd9EDmtaKsIHhXkbg">      <name xml:lang="en"/>      <documentation/>    </relationship>    <relationship xsi:type="Association" identifier="_9k6oYCd-EDmtaKsIHhXkbg" source="_PluUsCd6EDmtaKsIHhXkbg" target="_sTsNoCd9EDmtaKsIHhXkbg">      <name xml:lang="en"/>      <documentation/>    </relationship>    <relationship xsi:type="Association" identifier="__YLVwCd-EDmtaKsIHhXkbg" source="_PluUsCd6EDmtaKsIHhXkbg" target="_8tkmICd9EDmtaKsIHhXkbg">      <name xml:lang="en"/>      <documentation/>    </relationship>    <relationship xsi:type="Association" identifier="_BgvkwCd_EDmtaKsIHhXkbg" source="_PluUsCd6EDmtaKsIHhXkbg" target="_AWU1gCd-EDmtaKsIHhXkbg">      <name xml:lang="en"/>      <documentation/>    </relationship>    <relationship xsi:type="Association" identifier="_R7oC0Cd_EDmtaKsIHhXkbg" source="_Qx3XsCd6EDmtaKsIHhXkbg" target="_Jkzh0Cd_EDmtaKsIHhXkbg">      <name xml:lang="en"/>      <documentation/>    </relationship>    <relationship xsi:type="Association" identifier="_aQYHQCd_EDmtaKsIHhXkbg" source="_Qx3XsCd6EDmtaKsIHhXkbg" target="_KryYACd_EDmtaKsIHhXkbg">      <name xml:lang="en"/>      <documentation/>    </relationship>    <relationship xsi:type="Association" identifier="_g-iBUCd_EDmtaKsIHhXkbg" source="_RXtPsCd6EDmtaKsIHhXkbg" target="_eo0HICd_EDmtaKsIHhXkbg">      <name xml:lang="en"/>      <documentation/>    </relationship>    <relationship xsi:type="Association" identifier="_myxQ0Cd_EDmtaKsIHhXkbg" source="_R83LMCd6EDmtaKsIHhXkbg" target="_kk9VcCd_EDmtaKsIHhXkbg">      <name xml:lang="en"/>      <documentation/>    </relationship>    <relationship xsi:type="Association" identifier="_07_OQCd_EDmtaKsIHhXkbg" source="_SlX8sCd6EDmtaKsIHhXkbg" target="_gCED0CaUEDmtaKsIHhXkbg">      <name xml:lang="en"/>      <documentation/>    </relationship>    <relationship xsi:type="Association" identifier="_1VZMwCd_EDmtaKsIHhXkbg" source="_SlX8sCd6EDmtaKsIHhXkbg" target="_y6lXMCd_EDmtaKsIHhXkbg">      <name xml:lang="en"/>      <documentation/>    </relationship>  </relationships>  <views>    <diagrams>      <view identifier="_w5uGI0RkEeufTvxJgLajhw">        <name xml:lang="en">archimate-diagram</name>        <node xsi:type="Element" identifier="_POXdICaUEDmtaKsIHhXkbg" h="60" w="130" x="899" y="86" elementRef="_PN0DgCaUEDmtaKsIHhXkbg"/>        <node xsi:type="Element" identifier="_bcu3cCaUEDmtaKsIHhXkbg" h="60" w="130" x="79" y="368" elementRef="_bcow0CaUEDmtaKsIHhXkbg"/>        <node xsi:type="Element" identifier="_gCHHICaUEDmtaKsIHhXkbg" h="60" w="130" x="1342" y="369" elementRef="_gCED0CaUEDmtaKsIHhXkbg"/>        <node xsi:type="Element" identifier="_OGmEQCd6EDmtaKsIHhXkbg" h="60" w="130" x="346" y="251" elementRef="_OGcTQCd6EDmtaKsIHhXkbg"/>        <node xsi:type="Element" identifier="_PlymICd6EDmtaKsIHhXkbg" h="60" w="130" x="557" y="251" elementRef="_PluUsCd6EDmtaKsIHhXkbg"/>        <node xsi:type="Element" identifier="_Qx6bACd6EDmtaKsIHhXkbg" h="60" w="130" x="768" y="251" elementRef="_Qx3XsCd6EDmtaKsIHhXkbg"/>        <node xsi:type="Element" identifier="_RXwTACd6EDmtaKsIHhXkbg" h="60" w="130" x="979" y="251" elementRef="_RXtPsCd6EDmtaKsIHhXkbg"/>        <node xsi:type="Element" identifier="_R86OgCd6EDmtaKsIHhXkbg" h="60" w="130" x="1190" y="251" elementRef="_R83LMCd6EDmtaKsIHhXkbg"/>        <node xsi:type="Element" identifier="_SleDUCd6EDmtaKsIHhXkbg" h="60" w="130" x="1401" y="251" elementRef="_SlX8sCd6EDmtaKsIHhXkbg"/>        <node xsi:type="Element" identifier="_2pqqUSd6EDmtaKsIHhXkbg" h="60" w="130" x="245" y="368" elementRef="_2ppcMCd6EDmtaKsIHhXkbg"/>        <node xsi:type="Element" identifier="_7J1C0Sd6EDmtaKsIHhXkbg" h="60" w="130" x="411" y="368" elementRef="_7J0bwCd6EDmtaKsIHhXkbg"/>        <node xsi:type="Element" identifier="_SDjMkCd7EDmtaKsIHhXkbg" h="60" w="130" x="1612" y="251" elementRef="_SDilgCd7EDmtaKsIHhXkbg"/>        <node xsi:type="Element" identifier="_kC4f8Cd7EDmtaKsIHhXkbg" h="60" w="130" x="95" y="485" elementRef="_kC344Cd7EDmtaKsIHhXkbg"/>        <node xsi:type="Element" identifier="_o6LmECd7EDmtaKsIHhXkbg" h="60" w="130" x="236" y="485" elementRef="_o6K_ACd7EDmtaKsIHhXkbg"/>        <node xsi:type="Element" identifier="_r41IgSd7EDmtaKsIHhXkbg" h="60" w="130" x="380" y="485" elementRef="_r40hcCd7EDmtaKsIHhXkbg"/>        <node xsi:type="Element" identifier="_6XM2kSd7EDmtaKsIHhXkbg" h="60" w="130" x="95" y="596" elementRef="_6XMPgCd7EDmtaKsIHhXkbg"/>        <node xsi:type="Element" identifier="_IUeCsSd8EDmtaKsIHhXkbg" h="60" w="130" x="236" y="596" elementRef="_IUdboCd8EDmtaKsIHhXkbg"/>        <node xsi:type="Element" identifier="_KiZ54Cd8EDmtaKsIHhXkbg" h="60" w="130" x="380" y="596" elementRef="_KiZS0Cd8EDmtaKsIHhXkbg"/>        <node xsi:type="Element" identifier="_WyEfQCd9EDmtaKsIHhXkbg" h="60" w="130" x="644" y="369" elementRef="_WyD4MCd9EDmtaKsIHhXkbg"/>        <node xsi:type="Element" identifier="_kFJe4Cd9EDmtaKsIHhXkbg" h="60" w="130" x="644" y="453" elementRef="_kFI30Cd9EDmtaKsIHhXkbg"/>        <node xsi:type="Element" identifier="_o5c7YSd9EDmtaKsIHhXkbg" h="60" w="130" x="644" y="537" elementRef="_o5cUUCd9EDmtaKsIHhXkbg"/>        <node xsi:type="Element" identifier="_sTtbwCd9EDmtaKsIHhXkbg" h="60" w="130" x="643" y="620" elementRef="_sTsNoCd9EDmtaKsIHhXkbg"/>        <node xsi:type="Element" identifier="_8tlNMCd9EDmtaKsIHhXkbg" h="60" w="130" x="643" y="703" elementRef="_8tkmICd9EDmtaKsIHhXkbg"/>        <node xsi:type="Element" identifier="_AWVckSd-EDmtaKsIHhXkbg" h="60" w="130" x="643" y="786" elementRef="_AWU1gCd-EDmtaKsIHhXkbg"/>        <node xsi:type="Element" identifier="_Jk0I4Cd_EDmtaKsIHhXkbg" h="60" w="130" x="843" y="369" elementRef="_Jkzh0Cd_EDmtaKsIHhXkbg"/>        <node xsi:type="Element" identifier="_Kry_ESd_EDmtaKsIHhXkbg" h="60" w="130" x="843" y="440" elementRef="_KryYACd_EDmtaKsIHhXkbg"/>        <node xsi:type="Element" identifier="_eo0uMCd_EDmtaKsIHhXkbg" h="60" w="130" x="991" y="369" elementRef="_eo0HICd_EDmtaKsIHhXkbg"/>        <node xsi:type="Element" identifier="_kk9Vcid_EDmtaKsIHhXkbg" h="60" w="130" x="1190" y="369" elementRef="_kk9VcCd_EDmtaKsIHhXkbg"/>        <node xsi:type="Element" identifier="_y6lXMid_EDmtaKsIHhXkbg" h="60" w="130" x="1486" y="369" elementRef="_y6lXMCd_EDmtaKsIHhXkbg"/>        <connection xsi:type="Relationship" identifier="_Hjgf0Cd8EDmtaKsIHhXkbg" source="_kC4f8Cd7EDmtaKsIHhXkbg" target="_6XM2kSd7EDmtaKsIHhXkbg" relationshipRef="_HjaZMCd8EDmtaKsIHhXkbg"/>        <connection xsi:type="Relationship" identifier="_KEZIMCd8EDmtaKsIHhXkbg" source="_o6LmECd7EDmtaKsIHhXkbg" target="_IUeCsSd8EDmtaKsIHhXkbg" relationshipRef="_KEU2wCd8EDmtaKsIHhXkbg"/>        <connection xsi:type="Relationship" identifier="_PJv4cCd8EDmtaKsIHhXkbg" source="_r41IgSd7EDmtaKsIHhXkbg" target="_KiZ54Cd8EDmtaKsIHhXkbg" relationshipRef="_PJuDQCd8EDmtaKsIHhXkbg"/>        <connection xsi:type="Relationship" identifier="_aMBTECd8EDmtaKsIHhXkbg" source="_2pqqUSd6EDmtaKsIHhXkbg" target="_kC4f8Cd7EDmtaKsIHhXkbg" relationshipRef="_aL-PwCd8EDmtaKsIHhXkbg"/>        <connection xsi:type="Relationship" identifier="_agxbECd8EDmtaKsIHhXkbg" source="_2pqqUSd6EDmtaKsIHhXkbg" target="_o6LmECd7EDmtaKsIHhXkbg" relationshipRef="_aguXwCd8EDmtaKsIHhXkbg"/>        <connection xsi:type="Relationship" identifier="_a8wzgCd8EDmtaKsIHhXkbg" source="_2pqqUSd6EDmtaKsIHhXkbg" target="_r41IgSd7EDmtaKsIHhXkbg" relationshipRef="_a8twMCd8EDmtaKsIHhXkbg"/>        <connection xsi:type="Relationship" identifier="_O2YbECd9EDmtaKsIHhXkbg" source="_OGmEQCd6EDmtaKsIHhXkbg" target="_bcu3cCaUEDmtaKsIHhXkbg" relationshipRef="_O2VXwCd9EDmtaKsIHhXkbg"/>        <connection xsi:type="Relationship" identifier="_P1xbgCd9EDmtaKsIHhXkbg" source="_OGmEQCd6EDmtaKsIHhXkbg" target="_2pqqUSd6EDmtaKsIHhXkbg" relationshipRef="_P1u_QCd9EDmtaKsIHhXkbg"/>        <connection xsi:type="Relationship" identifier="_QScwcCd9EDmtaKsIHhXkbg" source="_OGmEQCd6EDmtaKsIHhXkbg" target="_7J1C0Sd6EDmtaKsIHhXkbg" relationshipRef="_QSa7QCd9EDmtaKsIHhXkbg"/>        <connection xsi:type="Relationship" identifier="_RzV7cCd9EDmtaKsIHhXkbg" source="_POXdICaUEDmtaKsIHhXkbg" target="_OGmEQCd6EDmtaKsIHhXkbg" relationshipRef="_RzTfMCd9EDmtaKsIHhXkbg"/>        <connection xsi:type="Relationship" identifier="_SLYA8Cd9EDmtaKsIHhXkbg" source="_POXdICaUEDmtaKsIHhXkbg" target="_PlymICd6EDmtaKsIHhXkbg" relationshipRef="_SLVksCd9EDmtaKsIHhXkbg"/>        <connection xsi:type="Relationship" identifier="_SfXT8Cd9EDmtaKsIHhXkbg" source="_POXdICaUEDmtaKsIHhXkbg" target="_Qx6bACd6EDmtaKsIHhXkbg" relationshipRef="_SfVewCd9EDmtaKsIHhXkbg"/>        <connection xsi:type="Relationship" identifier="_S2VCcCd9EDmtaKsIHhXkbg" source="_POXdICaUEDmtaKsIHhXkbg" target="_RXwTACd6EDmtaKsIHhXkbg" relationshipRef="_S2SmMCd9EDmtaKsIHhXkbg"/>        <connection xsi:type="Relationship" identifier="_TJ7T4Cd9EDmtaKsIHhXkbg" source="_POXdICaUEDmtaKsIHhXkbg" target="_R86OgCd6EDmtaKsIHhXkbg" relationshipRef="_TJ6FwCd9EDmtaKsIHhXkbg"/>        <connection xsi:type="Relationship" identifier="_Te5eUCd9EDmtaKsIHhXkbg" source="_POXdICaUEDmtaKsIHhXkbg" target="_SleDUCd6EDmtaKsIHhXkbg" relationshipRef="_Te4QMCd9EDmtaKsIHhXkbg"/>        <connection xsi:type="Relationship" identifier="_T2HEcCd9EDmtaKsIHhXkbg" source="_POXdICaUEDmtaKsIHhXkbg" target="_SDjMkCd7EDmtaKsIHhXkbg" relationshipRef="_T2EoMCd9EDmtaKsIHhXkbg"/>        <connection xsi:type="Relationship" identifier="_weuOMCd-EDmtaKsIHhXkbg" source="_PlymICd6EDmtaKsIHhXkbg" target="_WyEfQCd9EDmtaKsIHhXkbg" relationshipRef="_werK4Cd-EDmtaKsIHhXkbg">          <bendpoint x="622" y="399"/>        </connection>        <connection xsi:type="Relationship" identifier="_6PF8ECd-EDmtaKsIHhXkbg" source="_PlymICd6EDmtaKsIHhXkbg" target="_kFJe4Cd9EDmtaKsIHhXkbg" relationshipRef="_6PDf0Cd-EDmtaKsIHhXkbg">          <bendpoint x="622" y="483"/>        </connection>        <connection xsi:type="Relationship" identifier="_7wDYgCd-EDmtaKsIHhXkbg" source="_PlymICd6EDmtaKsIHhXkbg" target="_o5c7YSd9EDmtaKsIHhXkbg" relationshipRef="_7wBjUCd-EDmtaKsIHhXkbg">          <bendpoint x="622" y="567"/>        </connection>        <connection xsi:type="Relationship" identifier="_9k8dkCd-EDmtaKsIHhXkbg" source="_PlymICd6EDmtaKsIHhXkbg" target="_sTtbwCd9EDmtaKsIHhXkbg" relationshipRef="_9k6oYCd-EDmtaKsIHhXkbg">          <bendpoint x="622" y="650"/>        </connection>        <connection xsi:type="Relationship" identifier="__YNyACd-EDmtaKsIHhXkbg" source="_PlymICd6EDmtaKsIHhXkbg" target="_8tlNMCd9EDmtaKsIHhXkbg" relationshipRef="__YLVwCd-EDmtaKsIHhXkbg">          <bendpoint x="622" y="733"/>        </connection>        <connection xsi:type="Relationship" identifier="_BgyBACd_EDmtaKsIHhXkbg" source="_PlymICd6EDmtaKsIHhXkbg" target="_AWVckSd-EDmtaKsIHhXkbg" relationshipRef="_BgvkwCd_EDmtaKsIHhXkbg">          <bendpoint x="622" y="816"/>        </connection>        <connection xsi:type="Relationship" identifier="_R7rGICd_EDmtaKsIHhXkbg" source="_Qx6bACd6EDmtaKsIHhXkbg" target="_Jk0I4Cd_EDmtaKsIHhXkbg" relationshipRef="_R7oC0Cd_EDmtaKsIHhXkbg">          <bendpoint x="810" y="400"/>        </connection>        <connection xsi:type="Relationship" identifier="_aQbxoCd_EDmtaKsIHhXkbg" source="_Qx6bACd6EDmtaKsIHhXkbg" target="_Kry_ESd_EDmtaKsIHhXkbg" relationshipRef="_aQYHQCd_EDmtaKsIHhXkbg">          <bendpoint x="830" y="470"/>        </connection>        <connection xsi:type="Relationship" identifier="_g-lEoCd_EDmtaKsIHhXkbg" source="_RXwTACd6EDmtaKsIHhXkbg" target="_eo0uMCd_EDmtaKsIHhXkbg" relationshipRef="_g-iBUCd_EDmtaKsIHhXkbg"/>        <connection xsi:type="Relationship" identifier="_myzGACd_EDmtaKsIHhXkbg" source="_R86OgCd6EDmtaKsIHhXkbg" target="_kk9Vcid_EDmtaKsIHhXkbg" relationshipRef="_myxQ0Cd_EDmtaKsIHhXkbg"/>        <connection xsi:type="Relationship" identifier="_08CRkCd_EDmtaKsIHhXkbg" source="_SleDUCd6EDmtaKsIHhXkbg" target="_gCHHICaUEDmtaKsIHhXkbg" relationshipRef="_07_OQCd_EDmtaKsIHhXkbg"/>        <connection xsi:type="Relationship" identifier="_1VbpACd_EDmtaKsIHhXkbg" source="_SleDUCd6EDmtaKsIHhXkbg" target="_y6lXMid_EDmtaKsIHhXkbg" relationshipRef="_1VZMwCd_EDmtaKsIHhXkbg"/>      </view>    </diagrams>  </views></model>
