{"identifier":"https://me.big.tuwien.ac.at/EAModelSet/_w5uGIERkEeufTvxJgLajhw","archimateId":"_w5uGIERkEeufTvxJgLajhw","name":"sweetein","description":"","formats":["XML","CSV","JSON","ARCHIMATE"],"source":"GenMyModel","sourceFile":"raw-data/genmymodel/_w5ugierkeeuftvxjglajhw.xml","sourceFormat":"XML","timestamp":"29-06-2023 09:25:44","tags":[],"duplicates":[],"language":"bs","elements":[{"id":"_PN0DgCaUEDmtaKsIHhXkbg","name":"SWEETEIN","type":"Product","layer":"business"},{"id":"_bcow0CaUEDmtaKsIHhXkbg","name":"FORMIRANJE PROJEKTNOG TIMA","type":"DataObject","layer":"application"},{"id":"_dIgcwCaUEDmtaKsIHhXkbg","name":"PROIZVODNJA","type":"DataObject","layer":"application"},{"id":"_gCED0CaUEDmtaKsIHhXkbg","name":"PLASIRANJE  PROIZVODA NA TRŽIŠTE","type":"DataObject","layer":"application"},{"id":"_iG0J0CaUEDmtaKsIHhXkbg","name":"PRODAJA","type":"DataObject","layer":"application"},{"id":"_OGcTQCd6EDmtaKsIHhXkbg","name":"INICIRANJE","type":"WorkPackage","layer":"implementation_migration"},{"id":"_PluUsCd6EDmtaKsIHhXkbg","name":"PLANIRANJE","type":"WorkPackage","layer":"implementation_migration"},{"id":"_Qx3XsCd6EDmtaKsIHhXkbg","name":"PRIPREMA PROIZVODNJE","type":"WorkPackage","layer":"implementation_migration"},{"id":"_RXtPsCd6EDmtaKsIHhXkbg","name":"IZVRŠENJE PROIZVODNJE","type":"WorkPackage","layer":"implementation_migration"},{"id":"_R83LMCd6EDmtaKsIHhXkbg","name":"KONTROLA","type":"WorkPackage","layer":"implementation_migration"},{"id":"_SlX8sCd6EDmtaKsIHhXkbg","name":"ZAVRŠETAK","type":"WorkPackage","layer":"implementation_migration"},{"id":"_2ppcMCd6EDmtaKsIHhXkbg","name":"ISTRAŽIVANJE TRŽIŠTA","type":"DataObject","layer":"application"},{"id":"_7J0bwCd6EDmtaKsIHhXkbg","name":"STUDIJA IZVODLJIVOSTI","type":"DataObject","layer":"application"},{"id":"_SDilgCd7EDmtaKsIHhXkbg","name":"EVALUACIJA","type":"WorkPackage","layer":"implementation_migration"},{"id":"_kC344Cd7EDmtaKsIHhXkbg","name":"KONKURENTI","type":"DataObject","layer":"application"},{"id":"_o6K_ACd7EDmtaKsIHhXkbg","name":"NJIHOVI PROIZVODI","type":"DataObject","layer":"application"},{"id":"_r40hcCd7EDmtaKsIHhXkbg","name":"NJIHOVI KONZUMENTI","type":"DataObject","layer":"application"},{"id":"_6XMPgCd7EDmtaKsIHhXkbg","name":"KO SU? KOJI SU NJIHOVI POSLOVNI MODELI?","type":"DataObject","layer":"application"},{"id":"_IUdboCd8EDmtaKsIHhXkbg","name":"SASTOJCI","type":"DataObject","layer":"application"},{"id":"_KiZS0Cd8EDmtaKsIHhXkbg","name":"ANKETE","type":"DataObject","layer":"application"},{"id":"_WyD4MCd9EDmtaKsIHhXkbg","name":"DEFINISANJE BUDŽETA I ROKOVA","type":"DataObject","layer":"application"},{"id":"_kFI30Cd9EDmtaKsIHhXkbg","name":"ODABIR PRIMARNIH TRŽIŠTA","type":"DataObject","layer":"application"},{"id":"_o5cUUCd9EDmtaKsIHhXkbg","name":"SPECIFIKACIJA PROIZVODA","type":"DataObject","layer":"application"},{"id":"_sTsNoCd9EDmtaKsIHhXkbg","name":"UTVRĐIVANJE TROŠKOVA","type":"DataObject","layer":"application"},{"id":"_8tkmICd9EDmtaKsIHhXkbg","name":"ODABIR DOBAVLJAČA I PARTNERA","type":"DataObject","layer":"application"},{"id":"_AWU1gCd-EDmtaKsIHhXkbg","name":"KREIRANJE MARKETING STRATEGIJE","type":"DataObject","layer":"application"},{"id":"_Jkzh0Cd_EDmtaKsIHhXkbg","name":"NABAVKA MATERIJALA","type":"DataObject","layer":"application"},{"id":"_KryYACd_EDmtaKsIHhXkbg","name":"ANGAŽOVANJE DODATNE RADNE SNAGE","type":"DataObject","layer":"application"},{"id":"_eo0HICd_EDmtaKsIHhXkbg","name":"PROIZVODNJA PROTEINSKIH ČOKOLADICA","type":"DataObject","layer":"application"},{"id":"_kk9VcCd_EDmtaKsIHhXkbg","name":"TESTIRANJE KVALITETA PROUZVODA","type":"DataObject","layer":"application"},{"id":"_y6lXMCd_EDmtaKsIHhXkbg","name":"PUŠTANJE MARKETING KAMPANJE","type":"DataObject","layer":"application"}],"relationships":[{"id":"_HjaZMCd8EDmtaKsIHhXkbg","sourceId":"_kC344Cd7EDmtaKsIHhXkbg","targetId":"_6XMPgCd7EDmtaKsIHhXkbg","type":"Association"},{"id":"_KEU2wCd8EDmtaKsIHhXkbg","sourceId":"_o6K_ACd7EDmtaKsIHhXkbg","targetId":"_IUdboCd8EDmtaKsIHhXkbg","type":"Association"},{"id":"_PJuDQCd8EDmtaKsIHhXkbg","sourceId":"_r40hcCd7EDmtaKsIHhXkbg","targetId":"_KiZS0Cd8EDmtaKsIHhXkbg","type":"Association"},{"id":"_aL-PwCd8EDmtaKsIHhXkbg","sourceId":"_2ppcMCd6EDmtaKsIHhXkbg","targetId":"_kC344Cd7EDmtaKsIHhXkbg","type":"Association"},{"id":"_aguXwCd8EDmtaKsIHhXkbg","sourceId":"_2ppcMCd6EDmtaKsIHhXkbg","targetId":"_o6K_ACd7EDmtaKsIHhXkbg","type":"Association"},{"id":"_a8twMCd8EDmtaKsIHhXkbg","sourceId":"_2ppcMCd6EDmtaKsIHhXkbg","targetId":"_r40hcCd7EDmtaKsIHhXkbg","type":"Association"},{"id":"_O2VXwCd9EDmtaKsIHhXkbg","sourceId":"_OGcTQCd6EDmtaKsIHhXkbg","targetId":"_bcow0CaUEDmtaKsIHhXkbg","type":"Association"},{"id":"_P1u_QCd9EDmtaKsIHhXkbg","sourceId":"_OGcTQCd6EDmtaKsIHhXkbg","targetId":"_2ppcMCd6EDmtaKsIHhXkbg","type":"Association"},{"id":"_QSa7QCd9EDmtaKsIHhXkbg","sourceId":"_OGcTQCd6EDmtaKsIHhXkbg","targetId":"_7J0bwCd6EDmtaKsIHhXkbg","type":"Association"},{"id":"_RzTfMCd9EDmtaKsIHhXkbg","sourceId":"_PN0DgCaUEDmtaKsIHhXkbg","targetId":"_OGcTQCd6EDmtaKsIHhXkbg","type":"Association"},{"id":"_SLVksCd9EDmtaKsIHhXkbg","sourceId":"_PN0DgCaUEDmtaKsIHhXkbg","targetId":"_PluUsCd6EDmtaKsIHhXkbg","type":"Association"},{"id":"_SfVewCd9EDmtaKsIHhXkbg","sourceId":"_PN0DgCaUEDmtaKsIHhXkbg","targetId":"_Qx3XsCd6EDmtaKsIHhXkbg","type":"Association"},{"id":"_S2SmMCd9EDmtaKsIHhXkbg","sourceId":"_PN0DgCaUEDmtaKsIHhXkbg","targetId":"_RXtPsCd6EDmtaKsIHhXkbg","type":"Association"},{"id":"_TJ6FwCd9EDmtaKsIHhXkbg","sourceId":"_PN0DgCaUEDmtaKsIHhXkbg","targetId":"_R83LMCd6EDmtaKsIHhXkbg","type":"Association"},{"id":"_Te4QMCd9EDmtaKsIHhXkbg","sourceId":"_PN0DgCaUEDmtaKsIHhXkbg","targetId":"_SlX8sCd6EDmtaKsIHhXkbg","type":"Association"},{"id":"_T2EoMCd9EDmtaKsIHhXkbg","sourceId":"_PN0DgCaUEDmtaKsIHhXkbg","targetId":"_SDilgCd7EDmtaKsIHhXkbg","type":"Association"},{"id":"_HbLYUCd-EDmtaKsIHhXkbg","sourceId":"_PluUsCd6EDmtaKsIHhXkbg","targetId":"_WyD4MCd9EDmtaKsIHhXkbg","type":"Association"},{"id":"_NmS2wCd-EDmtaKsIHhXkbg","sourceId":"_PluUsCd6EDmtaKsIHhXkbg","targetId":"_kFI30Cd9EDmtaKsIHhXkbg","type":"Association"},{"id":"_VX4jwCd-EDmtaKsIHhXkbg","sourceId":"_PluUsCd6EDmtaKsIHhXkbg","targetId":"_o5cUUCd9EDmtaKsIHhXkbg","type":"Association"},{"id":"_XuVdwCd-EDmtaKsIHhXkbg","sourceId":"_PluUsCd6EDmtaKsIHhXkbg","targetId":"_sTsNoCd9EDmtaKsIHhXkbg","type":"Association"},{"id":"_Za-lwCd-EDmtaKsIHhXkbg","sourceId":"_PluUsCd6EDmtaKsIHhXkbg","targetId":"_8tkmICd9EDmtaKsIHhXkbg","type":"Association"},{"id":"_werK4Cd-EDmtaKsIHhXkbg","sourceId":"_PluUsCd6EDmtaKsIHhXkbg","targetId":"_WyD4MCd9EDmtaKsIHhXkbg","type":"Association"},{"id":"_6PDf0Cd-EDmtaKsIHhXkbg","sourceId":"_PluUsCd6EDmtaKsIHhXkbg","targetId":"_kFI30Cd9EDmtaKsIHhXkbg","type":"Association"},{"id":"_7wBjUCd-EDmtaKsIHhXkbg","sourceId":"_PluUsCd6EDmtaKsIHhXkbg","targetId":"_o5cUUCd9EDmtaKsIHhXkbg","type":"Association"},{"id":"_9k6oYCd-EDmtaKsIHhXkbg","sourceId":"_PluUsCd6EDmtaKsIHhXkbg","targetId":"_sTsNoCd9EDmtaKsIHhXkbg","type":"Association"},{"id":"__YLVwCd-EDmtaKsIHhXkbg","sourceId":"_PluUsCd6EDmtaKsIHhXkbg","targetId":"_8tkmICd9EDmtaKsIHhXkbg","type":"Association"},{"id":"_BgvkwCd_EDmtaKsIHhXkbg","sourceId":"_PluUsCd6EDmtaKsIHhXkbg","targetId":"_AWU1gCd-EDmtaKsIHhXkbg","type":"Association"},{"id":"_R7oC0Cd_EDmtaKsIHhXkbg","sourceId":"_Qx3XsCd6EDmtaKsIHhXkbg","targetId":"_Jkzh0Cd_EDmtaKsIHhXkbg","type":"Association"},{"id":"_aQYHQCd_EDmtaKsIHhXkbg","sourceId":"_Qx3XsCd6EDmtaKsIHhXkbg","targetId":"_KryYACd_EDmtaKsIHhXkbg","type":"Association"},{"id":"_g-iBUCd_EDmtaKsIHhXkbg","sourceId":"_RXtPsCd6EDmtaKsIHhXkbg","targetId":"_eo0HICd_EDmtaKsIHhXkbg","type":"Association"},{"id":"_myxQ0Cd_EDmtaKsIHhXkbg","sourceId":"_R83LMCd6EDmtaKsIHhXkbg","targetId":"_kk9VcCd_EDmtaKsIHhXkbg","type":"Association"},{"id":"_07_OQCd_EDmtaKsIHhXkbg","sourceId":"_SlX8sCd6EDmtaKsIHhXkbg","targetId":"_gCED0CaUEDmtaKsIHhXkbg","type":"Association"},{"id":"_1VZMwCd_EDmtaKsIHhXkbg","sourceId":"_SlX8sCd6EDmtaKsIHhXkbg","targetId":"_y6lXMCd_EDmtaKsIHhXkbg","type":"Association"}],"views":[{"id":"_w5uGI0RkEeufTvxJgLajhw","name":"archimate-diagram","viewpoint":""}]}