<?xml version="1.0" encoding="UTF-8"?>
<model xmlns="http://www.opengroup.org/xsd/archimate/3.0/" xmlns:xsi="http://www.w3.org/2001/XMLSchema-instance" xsi:schemaLocation="http://www.opengroup.org/xsd/archimate/3.0/ http://www.opengroup.org/xsd/archimate/3.1/archimate3_Diagram.xsd" identifier="id-3f93643347a54af5b736f71857a64fa3">
  <name>EA Model for next gen</name>
  <elements>
    <element identifier="id-38da07b76f9445f1b38a6dc9e5be5090" xsi:type="Capability">
      <name>Capability</name>
    </element>
    <element identifier="id-f2f451bd40f344f98f650f12a5d8ca34" xsi:type="Product">
      <name>Product</name>
    </element>
    <element identifier="id-1f8e8ca606c04706bbd6e214351a1c99" xsi:type="BusinessProcess">
      <name>Business Process</name>
    </element>
    <element identifier="id-8eb3a7a68ddb481c9b701767fbb200bd" xsi:type="Representation">
      <name>Data Concept</name>
    </element>
    <element identifier="id-c4b2cd14b9fa4cb9ba5c783b8c618690" xsi:type="Representation">
      <name>Representation</name>
    </element>
    <element identifier="id-47f84b932c0a4d38af3279b7880fa468" xsi:type="Representation">
      <name>Data Concept</name>
    </element>
    <element identifier="id-7b8d5887daa74de7931bb4916e5b46f6" xsi:type="ApplicationComponent">
      <name>Software Component</name>
    </element>
    <element identifier="id-ef44af213243439fb13cdbec47d2e494" xsi:type="DataObject">
      <name>Data Object 2</name>
    </element>
    <element identifier="id-5c207fd3a4674c53a28ebc39d4b34c4a" xsi:type="ApplicationService">
      <name>Application Service</name>
    </element>
    <element identifier="id-e133a0241fb34717a6dec5ad3e17b703" xsi:type="ApplicationInterface">
      <name>Business API</name>
    </element>
    <element identifier="id-200af1ee8f6241fd8221f29c74c51969" xsi:type="ApplicationComponent">
      <name>Application Component 3</name>
    </element>
    <element identifier="id-ff38ba2ecd9641fb9e3afded3a872494" xsi:type="ApplicationComponent">
      <name>Application Component 2</name>
    </element>
    <element identifier="id-76e2c78b0e224e0cbdfff3934aa41f6e" xsi:type="DataObject">
      <name>Data Object</name>
    </element>
    <element identifier="id-327453a8c4b64616a0904d59b869ad06" xsi:type="DataObject">
      <name>Data Object</name>
    </element>
    <element identifier="id-3c39011552364617ae9f9e623e98c32a" xsi:type="ApplicationInterface">
      <name>Business API 3</name>
    </element>
    <element identifier="id-db94192cdec74c6aa8e0034b8e91e159" xsi:type="DataObject">
      <name>Data Object 3</name>
    </element>
    <element identifier="id-8cd38fe503cc4da8a8c926f45d35858d" xsi:type="ApplicationInterface">
      <name>Business API 2</name>
    </element>
    <element identifier="id-adc2565ae03b44f5b04de5678275455e" xsi:type="DataObject">
      <name>Data Object</name>
    </element>
    <element identifier="id-2499f1b7a87144ebb13487c0f29a78e7" xsi:type="Value">
      <name>Value</name>
    </element>
    <element identifier="id-a10245c7116a4d3caa3a29d25f74f38f" xsi:type="Gap">
      <name>Capability Gap</name>
    </element>
    <element identifier="id-5cd7dfd010f34932b637dd7cf7c5c22c" xsi:type="Grouping">
      <name>"System/Digital Product"</name>
    </element>
    <element identifier="id-5565c52b411e4705a4d5ac5be2de8858" xsi:type="Grouping">
      <name>Grouping</name>
    </element>
    <element identifier="id-8e94fef3ad6740ebb5bcb21c8ba11cd6" xsi:type="Grouping">
      <name>System 1 (Digital Product)</name>
    </element>
    <element identifier="id-7db18aa2016a437c8e2d41c254f44924" xsi:type="Grouping">
      <name>System 2 (Digital Product)</name>
    </element>
  </elements>
  <relationships>
    <relationship identifier="id-f12bc826b84a42248f094a59d5a20dc8" source="id-7db18aa2016a437c8e2d41c254f44924" target="id-3c39011552364617ae9f9e623e98c32a" xsi:type="Composition" />
    <relationship identifier="id-a374bab791404007be2e7c5c40a68862" source="id-f2f451bd40f344f98f650f12a5d8ca34" target="id-5cd7dfd010f34932b637dd7cf7c5c22c" xsi:type="Association" />
    <relationship identifier="id-471fb7d7c1b344199d1fb865178dbbc4" source="id-ff38ba2ecd9641fb9e3afded3a872494" target="id-8cd38fe503cc4da8a8c926f45d35858d" xsi:type="Composition" />
    <relationship identifier="id-d306175cb70e4e47862ce81cf3d9b37b" source="id-7b8d5887daa74de7931bb4916e5b46f6" target="id-e133a0241fb34717a6dec5ad3e17b703" xsi:type="Association" />
    <relationship identifier="id-7a4e94184012425f82c56c358507a908" source="id-f2f451bd40f344f98f650f12a5d8ca34" target="id-1f8e8ca606c04706bbd6e214351a1c99" xsi:type="Serving" />
    <relationship identifier="id-20a0d3aee0f844fc87e1fb35f10f9c48" source="id-f2f451bd40f344f98f650f12a5d8ca34" target="id-38da07b76f9445f1b38a6dc9e5be5090" xsi:type="Realization" />
    <relationship identifier="id-33ff8d454ab747acab459ed109b568e0" source="id-f2f451bd40f344f98f650f12a5d8ca34" target="id-8eb3a7a68ddb481c9b701767fbb200bd" xsi:type="Composition" />
    <relationship identifier="id-b567a61cb75940938fca3036efd00a7b" source="id-200af1ee8f6241fd8221f29c74c51969" target="id-3c39011552364617ae9f9e623e98c32a" xsi:type="Serving" />
    <relationship identifier="id-de5ed685c31e464582219ba3d31c215e" source="id-7b8d5887daa74de7931bb4916e5b46f6" target="id-e133a0241fb34717a6dec5ad3e17b703" xsi:type="Realization" />
    <relationship identifier="id-d8fca6d4d6f849b1b1b1a9fceca02ad5" source="id-8eb3a7a68ddb481c9b701767fbb200bd" target="id-1f8e8ca606c04706bbd6e214351a1c99" xsi:type="Association" />
    <relationship identifier="id-bd0ba19776d54a2590945f082a013644" source="id-8eb3a7a68ddb481c9b701767fbb200bd" target="id-76e2c78b0e224e0cbdfff3934aa41f6e" xsi:type="Association" />
    <relationship identifier="id-43c99fc6d0824b5f8286f48766c18fc6" source="id-7db18aa2016a437c8e2d41c254f44924" target="id-ef44af213243439fb13cdbec47d2e494" xsi:type="Composition" />
    <relationship identifier="id-87b1679dd11b4adc8b0af4a2c02e1e95" source="id-7db18aa2016a437c8e2d41c254f44924" target="id-db94192cdec74c6aa8e0034b8e91e159" xsi:type="Composition" />
    <relationship identifier="id-8322c1ba22ee4504bbea52efc90a2081" source="id-3c39011552364617ae9f9e623e98c32a" target="id-db94192cdec74c6aa8e0034b8e91e159" xsi:type="Association" />
    <relationship identifier="id-3b50b8d0027647d0ba7cff01c22efc89" source="id-5cd7dfd010f34932b637dd7cf7c5c22c" target="id-7b8d5887daa74de7931bb4916e5b46f6" xsi:type="Association" />
    <relationship identifier="id-295b0dbbf460427db069f7cafb65e932" source="id-f2f451bd40f344f98f650f12a5d8ca34" target="id-2499f1b7a87144ebb13487c0f29a78e7" xsi:type="Influence" />
    <relationship identifier="id-0c3ded99cf8c4d4cb8b2088098c45e05" source="id-7db18aa2016a437c8e2d41c254f44924" target="id-ff38ba2ecd9641fb9e3afded3a872494" xsi:type="Composition" />
    <relationship identifier="id-10d627aa341e4d3786739b962c7c8371" source="id-200af1ee8f6241fd8221f29c74c51969" target="id-3c39011552364617ae9f9e623e98c32a" xsi:type="Association" />
    <relationship identifier="id-be3f1961124f41eabb0e726969e5d2f0" source="id-8e94fef3ad6740ebb5bcb21c8ba11cd6" target="id-e133a0241fb34717a6dec5ad3e17b703" xsi:type="Composition" />
    <relationship identifier="id-180debdbab0e40929236bfe0b51e9f1e" source="id-db94192cdec74c6aa8e0034b8e91e159" target="id-47f84b932c0a4d38af3279b7880fa468" xsi:type="Association" />
    <relationship identifier="id-fc3d2aae7d5c4b11805172aef3bafbe2" source="id-7b8d5887daa74de7931bb4916e5b46f6" target="id-e133a0241fb34717a6dec5ad3e17b703" xsi:type="Composition" />
    <relationship identifier="id-af4ed48a5c8b4e2c91bf7dba3e4a8f06" source="id-76e2c78b0e224e0cbdfff3934aa41f6e" target="id-e133a0241fb34717a6dec5ad3e17b703" xsi:type="Association" />
    <relationship identifier="id-571aa8163f5348ec947b083a5eb50893" source="id-5c207fd3a4674c53a28ebc39d4b34c4a" target="id-ff38ba2ecd9641fb9e3afded3a872494" xsi:type="Serving" />
    <relationship identifier="id-d2fb3b3d56714583b670c7a5faf4c4e0" source="id-200af1ee8f6241fd8221f29c74c51969" target="id-3c39011552364617ae9f9e623e98c32a" xsi:type="Composition" />
    <relationship identifier="id-58712863b5904a4388fda870a1f492e7" source="id-7db18aa2016a437c8e2d41c254f44924" target="id-200af1ee8f6241fd8221f29c74c51969" xsi:type="Composition" />
    <relationship identifier="id-91b52d12af184ef884f0064392337e16" source="id-8e94fef3ad6740ebb5bcb21c8ba11cd6" target="id-7b8d5887daa74de7931bb4916e5b46f6" xsi:type="Composition" />
    <relationship identifier="id-d659a83fcb154b3ab0bff8263fb1da6b" source="id-200af1ee8f6241fd8221f29c74c51969" target="id-3c39011552364617ae9f9e623e98c32a" xsi:type="Realization" />
    <relationship identifier="id-f143e4c5faee4084b025e5e990dc2bc7" source="id-200af1ee8f6241fd8221f29c74c51969" target="id-f2f451bd40f344f98f650f12a5d8ca34" xsi:type="Serving" />
    <relationship identifier="id-9d0094de252c4e4e916784463762945b" source="id-8e94fef3ad6740ebb5bcb21c8ba11cd6" target="id-f2f451bd40f344f98f650f12a5d8ca34" xsi:type="Serving" />
    <relationship identifier="id-fe2721c7295d4f6e80fe2e6191e50fe9" source="id-ff38ba2ecd9641fb9e3afded3a872494" target="id-8cd38fe503cc4da8a8c926f45d35858d" xsi:type="Association" />
    <relationship identifier="id-979a0fa5d56a4a45be7feb38aed83f0d" source="id-ff38ba2ecd9641fb9e3afded3a872494" target="id-8cd38fe503cc4da8a8c926f45d35858d" xsi:type="Realization" />
    <relationship identifier="id-cf9837e5b6434b7c9a7e2d1d6a23ffc4" source="id-8e94fef3ad6740ebb5bcb21c8ba11cd6" target="id-76e2c78b0e224e0cbdfff3934aa41f6e" xsi:type="Composition" />
    <relationship identifier="id-eaed0f50d82d40bb92a4c5ff0c4f4447" source="id-7b8d5887daa74de7931bb4916e5b46f6" target="id-8e94fef3ad6740ebb5bcb21c8ba11cd6" xsi:type="Assignment" />
    <relationship identifier="id-1828d3ce2de34d7794142b1c14e001be" source="id-ef44af213243439fb13cdbec47d2e494" target="id-47f84b932c0a4d38af3279b7880fa468" xsi:type="Association" />
    <relationship identifier="id-42290f77bf6c4216ba9e532b2a8d0f30" source="id-7db18aa2016a437c8e2d41c254f44924" target="id-f2f451bd40f344f98f650f12a5d8ca34" xsi:type="Serving" />
    <relationship identifier="id-c6460feafbd84766a2f399fdf029e992" source="id-76e2c78b0e224e0cbdfff3934aa41f6e" target="id-47f84b932c0a4d38af3279b7880fa468" xsi:type="Association" />
    <relationship identifier="id-43c3277ec058407a9fd820e957659cfb" source="id-7db18aa2016a437c8e2d41c254f44924" target="id-8cd38fe503cc4da8a8c926f45d35858d" xsi:type="Composition" />
    <relationship identifier="id-941b3454360346a7973b7b3b9e72a3ce" source="id-ef44af213243439fb13cdbec47d2e494" target="id-8cd38fe503cc4da8a8c926f45d35858d" xsi:type="Association" />
    <relationship identifier="id-2fe0679d1ee742b7a714d52957f222bc" source="id-a10245c7116a4d3caa3a29d25f74f38f" target="id-38da07b76f9445f1b38a6dc9e5be5090" xsi:type="Association" />
  </relationships>
  <views>
    <diagrams>
      <view identifier="id-ace43869d80d43eb812b49029cc12c83" xsi:type="Diagram">
        <name>Product Defintion</name>
        <node identifier="id-6bded59c377447768526e9bf67981c55" elementRef="id-5cd7dfd010f34932b637dd7cf7c5c22c" xsi:type="Element" x="337" y="240" w="120" h="59">
          <style>
            <fillColor r="255" g="255" b="255" a="100" />
            <lineColor r="92" g="92" b="92" a="100" />
            <font name="Lucida Grande" size="12">
              <color r="0" g="0" b="0" />
            </font>
          </style>
        </node>
        <node identifier="id-89fcce2bc5574dec9acbe0dbb352fbb8" elementRef="id-f2f451bd40f344f98f650f12a5d8ca34" xsi:type="Element" x="337" y="154" w="120" h="55">
          <style>
            <fillColor r="255" g="255" b="181" a="100" />
            <lineColor r="92" g="92" b="92" a="100" />
            <font name="Lucida Grande" size="12">
              <color r="0" g="0" b="0" />
            </font>
          </style>
        </node>
        <node identifier="id-607efcaba26746628c4c1ff2b4788997" elementRef="id-38da07b76f9445f1b38a6dc9e5be5090" xsi:type="Element" x="337" y="46" w="120" h="55">
          <style>
            <fillColor r="245" g="222" b="170" a="100" />
            <lineColor r="92" g="92" b="92" a="100" />
            <font name="Lucida Grande" size="12">
              <color r="0" g="0" b="0" />
            </font>
          </style>
        </node>
        <node identifier="id-900eee54be114802846e0321719a58c5" elementRef="id-1f8e8ca606c04706bbd6e214351a1c99" xsi:type="Element" x="576" y="154" w="120" h="55">
          <style>
            <fillColor r="255" g="255" b="181" a="100" />
            <lineColor r="92" g="92" b="92" a="100" />
            <font name="Lucida Grande" size="12">
              <color r="0" g="0" b="0" />
            </font>
          </style>
        </node>
        <node identifier="id-33fc18dc00dd4145ae9e57d7c3a74cb8" elementRef="id-7b8d5887daa74de7931bb4916e5b46f6" xsi:type="Element" x="337" y="318" w="120" h="55">
          <style>
            <fillColor r="181" g="255" b="255" a="100" />
            <lineColor r="92" g="92" b="92" a="100" />
            <font name="Lucida Grande" size="12">
              <color r="0" g="0" b="0" />
            </font>
          </style>
        </node>
        <node identifier="id-582ce1aa01fa455f9b6c3943c04c4a28" elementRef="id-e133a0241fb34717a6dec5ad3e17b703" xsi:type="Element" x="337" y="408" w="120" h="55">
          <style>
            <fillColor r="181" g="255" b="255" a="100" />
            <lineColor r="92" g="92" b="92" a="100" />
            <font name="Lucida Grande" size="12">
              <color r="0" g="0" b="0" />
            </font>
          </style>
        </node>
        <node identifier="id-c1ceb7b0db834a9899e699fc76772249" elementRef="id-76e2c78b0e224e0cbdfff3934aa41f6e" xsi:type="Element" x="840" y="408" w="120" h="55">
          <style>
            <fillColor r="181" g="255" b="255" a="100" />
            <lineColor r="92" g="92" b="92" a="100" />
            <font name="Lucida Grande" size="12">
              <color r="0" g="0" b="0" />
            </font>
          </style>
        </node>
        <node identifier="id-799a78c836414efdb5b5533d0b49c77d" elementRef="id-8eb3a7a68ddb481c9b701767fbb200bd" xsi:type="Element" x="840" y="154" w="120" h="55">
          <style>
            <fillColor r="255" g="255" b="181" a="100" />
            <lineColor r="92" g="92" b="92" a="100" />
            <font name="Lucida Grande" size="12">
              <color r="0" g="0" b="0" />
            </font>
          </style>
        </node>
        <node identifier="id-5bd182b732df4c5c8d5fae452765269f" xsi:type="Label" x="48" y="50" w="162" h="47">
          <label>Managed in Capsify</label>
          <style>
            <fillColor r="255" g="255" b="255" a="100" />
            <lineColor r="92" g="92" b="92" a="100" />
            <font name="Lucida Grande" size="12">
              <color r="0" g="0" b="0" />
            </font>
          </style>
        </node>
        <node identifier="id-7c2e3f9eab9b4947b2fdbf2be8a6e0bd" xsi:type="Label" x="48" y="158" w="162" h="47">
          <label>Managed in ?</label>
          <style>
            <fillColor r="255" g="255" b="255" a="100" />
            <lineColor r="92" g="92" b="92" a="100" />
            <font name="Lucida Grande" size="12">
              <color r="0" g="0" b="0" />
            </font>
          </style>
        </node>
        <node identifier="id-58f5e60ffe65413cbc989832c761c8ce" xsi:type="Label" x="48" y="246" w="162" h="47">
          <label>Managed in SMC. What a Team organises around</label>
          <style>
            <fillColor r="255" g="255" b="255" a="100" />
            <lineColor r="92" g="92" b="92" a="100" />
            <font name="Lucida Grande" size="12">
              <color r="0" g="0" b="0" />
            </font>
          </style>
        </node>
        <node identifier="id-fb33154c57e9459589f999a866a6b557" xsi:type="Label" x="48" y="348" w="162" h="47">
          <label>Managed in Allen</label>
          <style>
            <fillColor r="255" g="255" b="255" a="100" />
            <lineColor r="92" g="92" b="92" a="100" />
            <font name="Lucida Grande" size="12">
              <color r="0" g="0" b="0" />
            </font>
          </style>
        </node>
        <node identifier="id-bf3269ae18804e6c81443a7d991ba3cb" xsi:type="Label" x="555" y="0" w="162" h="47">
          <label>Managed in Bizagi</label>
          <style>
            <fillColor r="255" g="255" b="255" a="100" />
            <lineColor r="92" g="92" b="92" a="100" />
            <font name="Lucida Grande" size="12">
              <color r="0" g="0" b="0" />
            </font>
          </style>
        </node>
        <node identifier="id-740e5cd3f68c48f7909df966e49bf896" xsi:type="Label" x="1080" y="260" w="162" h="47">
          <label>Managed in Data Catalogue</label>
          <style>
            <fillColor r="255" g="255" b="255" a="100" />
            <lineColor r="92" g="92" b="92" a="100" />
            <font name="Lucida Grande" size="12">
              <color r="0" g="0" b="0" />
            </font>
          </style>
        </node>
        <connection identifier="id-0122438a8de04d2cb0f3261850709bdb" relationshipRef="id-3b50b8d0027647d0ba7cff01c22efc89" xsi:type="Relationship" source="id-6bded59c377447768526e9bf67981c55" target="id-33fc18dc00dd4145ae9e57d7c3a74cb8">
          <style>
            <lineColor r="0" g="0" b="0" />
            <font name="Lucida Grande" size="12">
              <color r="0" g="0" b="0" />
            </font>
          </style>
        </connection>
        <connection identifier="id-b8698b1a8b1841358d9515a8537fbdf0" relationshipRef="id-20a0d3aee0f844fc87e1fb35f10f9c48" xsi:type="Relationship" source="id-89fcce2bc5574dec9acbe0dbb352fbb8" target="id-607efcaba26746628c4c1ff2b4788997">
          <style>
            <lineColor r="0" g="0" b="0" />
            <font name="Lucida Grande" size="12">
              <color r="0" g="0" b="0" />
            </font>
          </style>
        </connection>
        <connection identifier="id-18c88b8aae724501879216b8c7eef6c8" relationshipRef="id-7a4e94184012425f82c56c358507a908" xsi:type="Relationship" source="id-89fcce2bc5574dec9acbe0dbb352fbb8" target="id-900eee54be114802846e0321719a58c5">
          <style>
            <lineColor r="0" g="0" b="0" />
            <font name="Lucida Grande" size="12">
              <color r="0" g="0" b="0" />
            </font>
          </style>
        </connection>
        <connection identifier="id-917ca322c1b4459da881dce44e4cbd9c" relationshipRef="id-a374bab791404007be2e7c5c40a68862" xsi:type="Relationship" source="id-89fcce2bc5574dec9acbe0dbb352fbb8" target="id-6bded59c377447768526e9bf67981c55">
          <style>
            <lineColor r="0" g="0" b="0" />
            <font name="Lucida Grande" size="12">
              <color r="0" g="0" b="0" />
            </font>
          </style>
        </connection>
        <connection identifier="id-ea5df311eb7443559903262f465cbfc4" relationshipRef="id-d306175cb70e4e47862ce81cf3d9b37b" xsi:type="Relationship" source="id-33fc18dc00dd4145ae9e57d7c3a74cb8" target="id-582ce1aa01fa455f9b6c3943c04c4a28">
          <style>
            <lineColor r="0" g="0" b="0" />
            <font name="Lucida Grande" size="12">
              <color r="0" g="0" b="0" />
            </font>
          </style>
        </connection>
        <connection identifier="id-df7ffcbc29464e20b78e36a275354073" relationshipRef="id-af4ed48a5c8b4e2c91bf7dba3e4a8f06" xsi:type="Relationship" source="id-c1ceb7b0db834a9899e699fc76772249" target="id-582ce1aa01fa455f9b6c3943c04c4a28">
          <style>
            <lineColor r="0" g="0" b="0" />
            <font name="Lucida Grande" size="12">
              <color r="0" g="0" b="0" />
            </font>
          </style>
        </connection>
        <connection identifier="id-d85b1cef410146d48c8a554c8ecf30a0" xsi:type="Line" source="id-c1ceb7b0db834a9899e699fc76772249" target="id-740e5cd3f68c48f7909df966e49bf896">
          <style>
            <lineColor r="0" g="0" b="0" />
            <font name="Lucida Grande" size="12">
              <color r="0" g="0" b="0" />
            </font>
          </style>
        </connection>
        <connection identifier="id-b8315b8b2a544ce5849f55f58474bf92" relationshipRef="id-bd0ba19776d54a2590945f082a013644" xsi:type="Relationship" source="id-799a78c836414efdb5b5533d0b49c77d" target="id-c1ceb7b0db834a9899e699fc76772249">
          <style>
            <lineColor r="0" g="0" b="0" />
            <font name="Lucida Grande" size="12">
              <color r="0" g="0" b="0" />
            </font>
          </style>
        </connection>
        <connection identifier="id-8a11c7cb63714c7caa59f238767f1354" relationshipRef="id-d8fca6d4d6f849b1b1b1a9fceca02ad5" xsi:type="Relationship" source="id-799a78c836414efdb5b5533d0b49c77d" target="id-900eee54be114802846e0321719a58c5">
          <style>
            <lineColor r="0" g="0" b="0" />
            <font name="Lucida Grande" size="12">
              <color r="0" g="0" b="0" />
            </font>
          </style>
        </connection>
        <connection identifier="id-863cc3ec7c414cb4ace63320c4d82a3d" xsi:type="Line" source="id-799a78c836414efdb5b5533d0b49c77d" target="id-740e5cd3f68c48f7909df966e49bf896">
          <style>
            <lineColor r="0" g="0" b="0" />
            <font name="Lucida Grande" size="12">
              <color r="0" g="0" b="0" />
            </font>
          </style>
        </connection>
        <connection identifier="id-887dfa1bd81c48c6b4b07f4392e97958" xsi:type="Line" source="id-5bd182b732df4c5c8d5fae452765269f" target="id-607efcaba26746628c4c1ff2b4788997">
          <style>
            <lineColor r="0" g="0" b="0" />
            <font name="Lucida Grande" size="12">
              <color r="0" g="0" b="0" />
            </font>
          </style>
        </connection>
        <connection identifier="id-164476190ae34d729370fd4904d8d0ab" xsi:type="Line" source="id-7c2e3f9eab9b4947b2fdbf2be8a6e0bd" target="id-89fcce2bc5574dec9acbe0dbb352fbb8">
          <style>
            <lineColor r="0" g="0" b="0" />
            <font name="Lucida Grande" size="12">
              <color r="0" g="0" b="0" />
            </font>
          </style>
        </connection>
        <connection identifier="id-50fc7e6c007a421bb62350e4d185a2b6" xsi:type="Line" source="id-58f5e60ffe65413cbc989832c761c8ce" target="id-6bded59c377447768526e9bf67981c55">
          <style>
            <lineColor r="0" g="0" b="0" />
            <font name="Lucida Grande" size="12">
              <color r="0" g="0" b="0" />
            </font>
          </style>
        </connection>
        <connection identifier="id-0137711cc0d442e0a9158fb916253aa5" xsi:type="Line" source="id-fb33154c57e9459589f999a866a6b557" target="id-33fc18dc00dd4145ae9e57d7c3a74cb8">
          <style>
            <lineColor r="0" g="0" b="0" />
            <font name="Lucida Grande" size="12">
              <color r="0" g="0" b="0" />
            </font>
          </style>
        </connection>
        <connection identifier="id-a8d478c5217440cd9344476bdb8c5e40" xsi:type="Line" source="id-fb33154c57e9459589f999a866a6b557" target="id-582ce1aa01fa455f9b6c3943c04c4a28">
          <style>
            <lineColor r="0" g="0" b="0" />
            <font name="Lucida Grande" size="12">
              <color r="0" g="0" b="0" />
            </font>
          </style>
        </connection>
        <connection identifier="id-220ad0f16e584fd78cdbf7310bb75cc2" xsi:type="Line" source="id-bf3269ae18804e6c81443a7d991ba3cb" target="id-900eee54be114802846e0321719a58c5">
          <style>
            <lineColor r="0" g="0" b="0" />
            <font name="Lucida Grande" size="12">
              <color r="0" g="0" b="0" />
            </font>
          </style>
        </connection>
      </view>
      <view identifier="id-639dd4849e764e9bbe5a339892059287" xsi:type="Diagram">
        <name>Default View</name>
        <node identifier="id-d35f1de860d84aab9d3d69e272768263" elementRef="id-8e94fef3ad6740ebb5bcb21c8ba11cd6" xsi:type="Element" x="252" y="324" w="313" h="217">
          <style>
            <fillColor r="255" g="255" b="255" a="100" />
            <lineColor r="92" g="92" b="92" a="100" />
            <font name="Lucida Grande" size="12">
              <color r="0" g="0" b="0" />
            </font>
          </style>
          <node identifier="id-906965f5505b4539a5ca3ec34db24bb3" elementRef="id-e133a0241fb34717a6dec5ad3e17b703" xsi:type="Element" x="276" y="444" w="120" h="55">
            <style>
              <fillColor r="181" g="255" b="255" a="100" />
              <lineColor r="92" g="92" b="92" a="100" />
              <font name="Lucida Grande" size="12">
                <color r="0" g="0" b="0" />
              </font>
            </style>
          </node>
          <node identifier="id-4cd62502187846b4801f66d57e2e4c69" elementRef="id-7b8d5887daa74de7931bb4916e5b46f6" xsi:type="Element" x="276" y="348" w="120" h="55">
            <style>
              <fillColor r="181" g="255" b="255" a="100" />
              <lineColor r="92" g="92" b="92" a="100" />
              <font name="Lucida Grande" size="12">
                <color r="0" g="0" b="0" />
              </font>
            </style>
          </node>
          <node identifier="id-00f5cc5c0c0c4ae9980340791e679f91" elementRef="id-76e2c78b0e224e0cbdfff3934aa41f6e" xsi:type="Element" x="432" y="444" w="120" h="55">
            <style>
              <fillColor r="181" g="255" b="255" a="100" />
              <lineColor r="92" g="92" b="92" a="100" />
              <font name="Lucida Grande" size="12">
                <color r="0" g="0" b="0" />
              </font>
            </style>
          </node>
        </node>
        <node identifier="id-1b4c32902537415aafa9fc013bb982a2" elementRef="id-7db18aa2016a437c8e2d41c254f44924" xsi:type="Element" x="612" y="324" w="661" h="217">
          <style>
            <fillColor r="255" g="255" b="255" a="100" />
            <lineColor r="92" g="92" b="92" a="100" />
            <font name="Lucida Grande" size="12">
              <color r="0" g="0" b="0" />
            </font>
          </style>
          <node identifier="id-a255410b9ea5471681893bcb1292048c" elementRef="id-3c39011552364617ae9f9e623e98c32a" xsi:type="Element" x="948" y="444" w="120" h="55">
            <style>
              <fillColor r="181" g="255" b="255" a="100" />
              <lineColor r="92" g="92" b="92" a="100" />
              <font name="Lucida Grande" size="12">
                <color r="0" g="0" b="0" />
              </font>
            </style>
          </node>
          <node identifier="id-7a6af4fab721407a8aa9c1b5e0d60dda" elementRef="id-8cd38fe503cc4da8a8c926f45d35858d" xsi:type="Element" x="624" y="444" w="120" h="55">
            <style>
              <fillColor r="181" g="255" b="255" a="100" />
              <lineColor r="92" g="92" b="92" a="100" />
              <font name="Lucida Grande" size="12">
                <color r="0" g="0" b="0" />
              </font>
            </style>
          </node>
          <node identifier="id-7864764afaee419ea9d6574910fc5365" elementRef="id-ff38ba2ecd9641fb9e3afded3a872494" xsi:type="Element" x="624" y="348" w="120" h="55">
            <style>
              <fillColor r="181" g="255" b="255" a="100" />
              <lineColor r="92" g="92" b="92" a="100" />
              <font name="Lucida Grande" size="12">
                <color r="0" g="0" b="0" />
              </font>
            </style>
          </node>
          <node identifier="id-fd844a8ce1c64e5ca0e5cd6e37cb4798" elementRef="id-200af1ee8f6241fd8221f29c74c51969" xsi:type="Element" x="948" y="348" w="120" h="55">
            <style>
              <fillColor r="181" g="255" b="255" a="100" />
              <lineColor r="92" g="92" b="92" a="100" />
              <font name="Lucida Grande" size="12">
                <color r="0" g="0" b="0" />
              </font>
            </style>
          </node>
          <node identifier="id-279a397dd45342f7b7f7027942675bbd" elementRef="id-db94192cdec74c6aa8e0034b8e91e159" xsi:type="Element" x="1116" y="444" w="120" h="55">
            <style>
              <fillColor r="181" g="255" b="255" a="100" />
              <lineColor r="92" g="92" b="92" a="100" />
              <font name="Lucida Grande" size="12">
                <color r="0" g="0" b="0" />
              </font>
            </style>
          </node>
          <node identifier="id-18eac2edabe2493ebf70ed491b3d6aa6" elementRef="id-ef44af213243439fb13cdbec47d2e494" xsi:type="Element" x="780" y="444" w="120" h="55">
            <style>
              <fillColor r="181" g="255" b="255" a="100" />
              <lineColor r="92" g="92" b="92" a="100" />
              <font name="Lucida Grande" size="12">
                <color r="0" g="0" b="0" />
              </font>
            </style>
          </node>
        </node>
        <node identifier="id-089c2f1df9314cc68f27723c73ef9a93" elementRef="id-38da07b76f9445f1b38a6dc9e5be5090" xsi:type="Element" x="540" y="120" w="120" h="55">
          <style>
            <fillColor r="245" g="222" b="170" a="100" />
            <lineColor r="92" g="92" b="92" a="100" />
            <font name="Lucida Grande" size="12">
              <color r="0" g="0" b="0" />
            </font>
          </style>
        </node>
        <node identifier="id-b2f3d93b765f434f87e81dac4fd729e9" elementRef="id-f2f451bd40f344f98f650f12a5d8ca34" xsi:type="Element" x="540" y="216" w="120" h="55">
          <style>
            <fillColor r="255" g="255" b="181" a="100" />
            <lineColor r="92" g="92" b="92" a="100" />
            <font name="Lucida Grande" size="12">
              <color r="0" g="0" b="0" />
            </font>
          </style>
        </node>
        <node identifier="id-58cdfc0809874693ac0cbcf6d834fd41" elementRef="id-2499f1b7a87144ebb13487c0f29a78e7" xsi:type="Element" x="816" y="0" w="120" h="55">
          <style>
            <fillColor r="204" g="204" b="255" a="100" />
            <lineColor r="92" g="92" b="92" a="100" />
            <font name="Lucida Grande" size="12">
              <color r="0" g="0" b="0" />
            </font>
          </style>
        </node>
        <node identifier="id-8f30390bda3c445f8636b19a23cc6fc6" elementRef="id-a10245c7116a4d3caa3a29d25f74f38f" xsi:type="Element" x="540" y="0" w="120" h="55">
          <style>
            <fillColor r="255" g="224" b="224" a="100" />
            <lineColor r="92" g="92" b="92" a="100" />
            <font name="Lucida Grande" size="12">
              <color r="0" g="0" b="0" />
            </font>
          </style>
        </node>
        <node identifier="id-8682f2f1eb5e4b66a081fb74ac986723" xsi:type="Label" x="216" y="123" w="145" h="50">
          <label>Managed in Capsify</label>
          <style>
            <fillColor r="255" g="255" b="255" a="100" />
            <lineColor r="92" g="92" b="92" a="100" />
            <font name="Lucida Grande" size="12">
              <color r="0" g="0" b="0" />
            </font>
          </style>
        </node>
        <node identifier="id-ff9e917dc96a4593a7b21b471d54dbaf" xsi:type="Label" x="216" y="219" w="145" h="58">
          <label>Managed in SMC. A Product has a Product Owner</label>
          <style>
            <fillColor r="255" g="255" b="255" a="100" />
            <lineColor r="92" g="92" b="92" a="100" />
            <font name="Lucida Grande" size="12">
              <color r="0" g="0" b="0" />
            </font>
          </style>
        </node>
        <node identifier="id-9d77fd6a781e4a0d9719c57aded4311e" xsi:type="Label" x="588" y="612" w="145" h="50">
          <label>Managed in Allen</label>
          <style>
            <fillColor r="255" g="255" b="255" a="100" />
            <lineColor r="92" g="92" b="92" a="100" />
            <font name="Lucida Grande" size="12">
              <color r="0" g="0" b="0" />
            </font>
          </style>
        </node>
        <node identifier="id-20423da45f5f4d1a9e051d2eeb21c96e" xsi:type="Label" x="0" y="336" w="185" h="80">
          <label>A Team is organized around a system. A system has an EM.</label>
          <style>
            <fillColor r="255" g="255" b="255" a="100" />
            <lineColor r="92" g="92" b="92" a="100" />
            <font name="Lucida Grande" size="12">
              <color r="0" g="0" b="0" />
            </font>
          </style>
        </node>
        <node identifier="id-9cb2f49204f144c9a525810ff214424f" xsi:type="Label" x="984" y="612" w="145" h="50">
          <label>Managed in Data Catalogue</label>
          <style>
            <fillColor r="255" g="255" b="255" a="100" />
            <lineColor r="92" g="92" b="92" a="100" />
            <font name="Lucida Grande" size="12">
              <color r="0" g="0" b="0" />
            </font>
          </style>
        </node>
        <node identifier="id-d7722b3c0e144d09858149641764f4b9" elementRef="id-47f84b932c0a4d38af3279b7880fa468" xsi:type="Element" x="1068" y="216" w="120" h="55">
          <style>
            <fillColor r="255" g="255" b="181" a="100" />
            <lineColor r="92" g="92" b="92" a="100" />
            <font name="Lucida Grande" size="12">
              <color r="0" g="0" b="0" />
            </font>
          </style>
        </node>
        <connection identifier="id-d2f2d79b171d4bc3a86195fa72d6e8b0" xsi:type="Line" source="id-d35f1de860d84aab9d3d69e272768263" target="id-ff9e917dc96a4593a7b21b471d54dbaf">
          <style>
            <lineColor r="129" g="129" b="130" />
            <font name="Lucida Grande" size="12">
              <color r="0" g="0" b="0" />
            </font>
          </style>
        </connection>
        <connection identifier="id-c9a7ae385c1549029ef46a90a80a3d49" relationshipRef="id-9d0094de252c4e4e916784463762945b" xsi:type="Relationship" source="id-d35f1de860d84aab9d3d69e272768263" target="id-b2f3d93b765f434f87e81dac4fd729e9">
          <style>
            <lineColor r="0" g="0" b="0" />
            <font name="Lucida Grande" size="12">
              <color r="0" g="0" b="0" />
            </font>
          </style>
        </connection>
        <connection identifier="id-496e30ac3b844f61b96ccabaa83e24a6" xsi:type="Line" source="id-906965f5505b4539a5ca3ec34db24bb3" target="id-9d77fd6a781e4a0d9719c57aded4311e">
          <style>
            <lineColor r="161" g="161" b="161" />
            <font name="Lucida Grande" size="12">
              <color r="0" g="0" b="0" />
            </font>
          </style>
        </connection>
        <connection identifier="id-1447c3f4d7584ddbb44f74015d5ff6e6" xsi:type="Line" source="id-4cd62502187846b4801f66d57e2e4c69" target="id-9d77fd6a781e4a0d9719c57aded4311e">
          <style>
            <lineColor r="130" g="130" b="130" />
            <font name="Lucida Grande" size="12">
              <color r="0" g="0" b="0" />
            </font>
          </style>
        </connection>
        <connection identifier="id-2fbc42e1c05146b09b2fe09566340f9e" relationshipRef="id-d306175cb70e4e47862ce81cf3d9b37b" xsi:type="Relationship" source="id-4cd62502187846b4801f66d57e2e4c69" target="id-906965f5505b4539a5ca3ec34db24bb3">
          <style>
            <lineColor r="0" g="0" b="0" />
            <font name="Lucida Grande" size="12">
              <color r="0" g="0" b="0" />
            </font>
          </style>
        </connection>
        <connection identifier="id-b7f0292a209143688fcddb46a0bd0870" xsi:type="Line" source="id-00f5cc5c0c0c4ae9980340791e679f91" target="id-9cb2f49204f144c9a525810ff214424f">
          <style>
            <lineColor r="160" g="161" b="159" />
            <font name="Lucida Grande" size="12">
              <color r="0" g="0" b="0" />
            </font>
          </style>
          <bendpoint x="552" y="581" />
          <bendpoint x="1008" y="549" />
        </connection>
        <connection identifier="id-90006197313a44448da2556c659878ae" relationshipRef="id-c6460feafbd84766a2f399fdf029e992" xsi:type="Relationship" source="id-00f5cc5c0c0c4ae9980340791e679f91" target="id-d7722b3c0e144d09858149641764f4b9">
          <style>
            <lineColor r="0" g="0" b="0" />
            <font name="Lucida Grande" size="12">
              <color r="0" g="0" b="0" />
            </font>
          </style>
          <bendpoint x="540" y="409" />
          <bendpoint x="816" y="409" />
          <bendpoint x="816" y="289" />
          <bendpoint x="1044" y="289" />
          <bendpoint x="1044" y="241" />
        </connection>
        <connection identifier="id-62d431b1941b437c8606246a13137931" relationshipRef="id-af4ed48a5c8b4e2c91bf7dba3e4a8f06" xsi:type="Relationship" source="id-00f5cc5c0c0c4ae9980340791e679f91" target="id-906965f5505b4539a5ca3ec34db24bb3">
          <style>
            <lineColor r="0" g="0" b="0" />
            <font name="Lucida Grande" size="12">
              <color r="0" g="0" b="0" />
            </font>
          </style>
        </connection>
        <connection identifier="id-c76d7c9315954955bed19a60f3f49389" relationshipRef="id-42290f77bf6c4216ba9e532b2a8d0f30" xsi:type="Relationship" source="id-1b4c32902537415aafa9fc013bb982a2" target="id-b2f3d93b765f434f87e81dac4fd729e9">
          <style>
            <lineColor r="0" g="0" b="0" />
            <font name="Lucida Grande" size="12">
              <color r="0" g="0" b="0" />
            </font>
          </style>
        </connection>
        <connection identifier="id-c95829a1ca954ff2ab3a312720c4970f" xsi:type="Line" source="id-a255410b9ea5471681893bcb1292048c" target="id-9d77fd6a781e4a0d9719c57aded4311e">
          <style>
            <lineColor r="161" g="161" b="161" />
            <font name="Lucida Grande" size="12">
              <color r="0" g="0" b="0" />
            </font>
          </style>
        </connection>
        <connection identifier="id-a501b46dc9164da499258c793ab12a10" relationshipRef="id-8322c1ba22ee4504bbea52efc90a2081" xsi:type="Relationship" source="id-a255410b9ea5471681893bcb1292048c" target="id-279a397dd45342f7b7f7027942675bbd">
          <style>
            <lineColor r="0" g="0" b="0" />
            <font name="Lucida Grande" size="12">
              <color r="0" g="0" b="0" />
            </font>
          </style>
        </connection>
        <connection identifier="id-6c1ce009d32b4160bf8b5bb9fbd6536a" xsi:type="Line" source="id-7a6af4fab721407a8aa9c1b5e0d60dda" target="id-9d77fd6a781e4a0d9719c57aded4311e">
          <style>
            <lineColor r="161" g="161" b="161" />
            <font name="Lucida Grande" size="12">
              <color r="0" g="0" b="0" />
            </font>
          </style>
        </connection>
        <connection identifier="id-30cc44f057724134a4fc6bb7141e76bf" xsi:type="Line" source="id-7864764afaee419ea9d6574910fc5365" target="id-9d77fd6a781e4a0d9719c57aded4311e">
          <style>
            <lineColor r="130" g="131" b="129" />
            <font name="Lucida Grande" size="12">
              <color r="0" g="0" b="0" />
            </font>
          </style>
        </connection>
        <connection identifier="id-0e32c196d412416d8d7e74e9fc94a06b" relationshipRef="id-fe2721c7295d4f6e80fe2e6191e50fe9" xsi:type="Relationship" source="id-7864764afaee419ea9d6574910fc5365" target="id-7a6af4fab721407a8aa9c1b5e0d60dda">
          <style>
            <lineColor r="0" g="0" b="0" />
            <font name="Lucida Grande" size="12">
              <color r="0" g="0" b="0" />
            </font>
          </style>
        </connection>
        <connection identifier="id-08c9a7ca89364a9c95c2b084987ca567" xsi:type="Line" source="id-fd844a8ce1c64e5ca0e5cd6e37cb4798" target="id-9d77fd6a781e4a0d9719c57aded4311e">
          <style>
            <lineColor r="130" g="131" b="129" />
            <font name="Lucida Grande" size="12">
              <color r="0" g="0" b="0" />
            </font>
          </style>
        </connection>
        <connection identifier="id-91ab3dda703941e2824a0cd43535f38c" relationshipRef="id-10d627aa341e4d3786739b962c7c8371" xsi:type="Relationship" source="id-fd844a8ce1c64e5ca0e5cd6e37cb4798" target="id-a255410b9ea5471681893bcb1292048c">
          <style>
            <lineColor r="0" g="0" b="0" />
            <font name="Lucida Grande" size="12">
              <color r="0" g="0" b="0" />
            </font>
          </style>
        </connection>
        <connection identifier="id-ac3339fcbd1542008596d1a3e37a69af" xsi:type="Line" source="id-279a397dd45342f7b7f7027942675bbd" target="id-9cb2f49204f144c9a525810ff214424f">
          <style>
            <lineColor r="130" g="130" b="130" />
            <font name="Lucida Grande" size="12">
              <color r="0" g="0" b="0" />
            </font>
          </style>
        </connection>
        <connection identifier="id-9698cfe6a8614a0d894bf68e5f78892b" relationshipRef="id-180debdbab0e40929236bfe0b51e9f1e" xsi:type="Relationship" source="id-279a397dd45342f7b7f7027942675bbd" target="id-d7722b3c0e144d09858149641764f4b9">
          <style>
            <lineColor r="0" g="0" b="0" />
            <font name="Lucida Grande" size="12">
              <color r="0" g="0" b="0" />
            </font>
          </style>
        </connection>
        <connection identifier="id-5ff766b07458434faabfff494d72a55e" xsi:type="Line" source="id-18eac2edabe2493ebf70ed491b3d6aa6" target="id-9cb2f49204f144c9a525810ff214424f">
          <style>
            <lineColor r="145" g="144" b="146" />
            <font name="Lucida Grande" size="12">
              <color r="0" g="0" b="0" />
            </font>
          </style>
        </connection>
        <connection identifier="id-06b7d33569e84208ac24b09ec14363e4" relationshipRef="id-1828d3ce2de34d7794142b1c14e001be" xsi:type="Relationship" source="id-18eac2edabe2493ebf70ed491b3d6aa6" target="id-d7722b3c0e144d09858149641764f4b9">
          <style>
            <lineColor r="0" g="0" b="0" />
            <font name="Lucida Grande" size="12">
              <color r="0" g="0" b="0" />
            </font>
          </style>
          <bendpoint x="876" y="313" />
          <bendpoint x="1080" y="313" />
        </connection>
        <connection identifier="id-a39cf54a30124522a1880d1c526646e0" relationshipRef="id-941b3454360346a7973b7b3b9e72a3ce" xsi:type="Relationship" source="id-18eac2edabe2493ebf70ed491b3d6aa6" target="id-7a6af4fab721407a8aa9c1b5e0d60dda">
          <style>
            <lineColor r="0" g="0" b="0" />
            <font name="Lucida Grande" size="12">
              <color r="0" g="0" b="0" />
            </font>
          </style>
        </connection>
        <connection identifier="id-56a7cc41726a4411aa85d5eb2b62ad7d" xsi:type="Line" source="id-089c2f1df9314cc68f27723c73ef9a93" target="id-8682f2f1eb5e4b66a081fb74ac986723">
          <style>
            <lineColor r="130" g="130" b="130" />
            <font name="Lucida Grande" size="12">
              <color r="0" g="0" b="0" />
            </font>
          </style>
        </connection>
        <connection identifier="id-37af0d8e35af4af59acb69ec39bcfb7c" relationshipRef="id-20a0d3aee0f844fc87e1fb35f10f9c48" xsi:type="Relationship" source="id-b2f3d93b765f434f87e81dac4fd729e9" target="id-089c2f1df9314cc68f27723c73ef9a93">
          <style>
            <lineColor r="0" g="0" b="0" />
            <font name="Lucida Grande" size="12">
              <color r="0" g="0" b="0" />
            </font>
          </style>
        </connection>
        <connection identifier="id-ff00b11a70774a77a56d143a2a050af8" relationshipRef="id-295b0dbbf460427db069f7cafb65e932" xsi:type="Relationship" source="id-b2f3d93b765f434f87e81dac4fd729e9" target="id-58cdfc0809874693ac0cbcf6d834fd41">
          <style>
            <lineColor r="0" g="0" b="0" />
            <font name="Lucida Grande" size="12">
              <color r="0" g="0" b="0" />
            </font>
          </style>
          <bendpoint x="876" y="241" />
        </connection>
        <connection identifier="id-f5c14233345041f0854c24f032f92042" xsi:type="Line" source="id-b2f3d93b765f434f87e81dac4fd729e9" target="id-ff9e917dc96a4593a7b21b471d54dbaf">
          <style>
            <lineColor r="130" g="130" b="130" />
            <font name="Lucida Grande" size="12">
              <color r="0" g="0" b="0" />
            </font>
          </style>
        </connection>
        <connection identifier="id-cc72abdcd4eb4552a121831aa327b5a8" relationshipRef="id-2fe0679d1ee742b7a714d52957f222bc" xsi:type="Relationship" source="id-8f30390bda3c445f8636b19a23cc6fc6" target="id-089c2f1df9314cc68f27723c73ef9a93">
          <style>
            <lineColor r="0" g="0" b="0" />
            <font name="Lucida Grande" size="12">
              <color r="0" g="0" b="0" />
            </font>
          </style>
        </connection>
        <connection identifier="id-1335ae9264d84c5385d54cdcbbe587c7" xsi:type="Line" source="id-20423da45f5f4d1a9e051d2eeb21c96e" target="id-d35f1de860d84aab9d3d69e272768263">
          <style>
            <lineColor r="130" g="130" b="130" />
            <font name="Lucida Grande" size="12">
              <color r="0" g="0" b="0" />
            </font>
          </style>
        </connection>
        <connection identifier="id-15824dcb29724beea9d864f7a6efd18e" xsi:type="Line" source="id-d7722b3c0e144d09858149641764f4b9" target="id-9cb2f49204f144c9a525810ff214424f">
          <style>
            <lineColor r="145" g="145" b="146" />
            <font name="Lucida Grande" size="12">
              <color r="0" g="0" b="0" />
            </font>
          </style>
        </connection>
      </view>
    </diagrams>
  </views>
</model>
