{"identifier":"https://me.big.tuwien.ac.at/EAModelSet/id-3f93643347a54af5b736f71857a64fa3","archimateId":"id-3f93643347a54af5b736f71857a64fa3","name":"EA Model for next gen","description":"","formats":["XML","CSV","JSON","ARCHIMATE"],"source":"GitHub","repository":"mgudmund/archilab","license":"Not found","sourceFile":"raw-data/github/grafico/archilab.archimate","sourceFormat":"ARCHIMATE","timestamp":"2023-07-06T09:29:17","tags":[],"duplicates":[],"language":"en","elements":[{"id":"id-38da07b76f9445f1b38a6dc9e5be5090","name":"Capability","type":"Capability","layer":"strategy"},{"id":"id-f2f451bd40f344f98f650f12a5d8ca34","name":"Product","type":"Product","layer":"business"},{"id":"id-1f8e8ca606c04706bbd6e214351a1c99","name":"Business Process","type":"BusinessProcess","layer":"business"},{"id":"id-8eb3a7a68ddb481c9b701767fbb200bd","name":"Data Concept","type":"Representation","layer":"business"},{"id":"id-c4b2cd14b9fa4cb9ba5c783b8c618690","name":"Representation","type":"Representation","layer":"business"},{"id":"id-47f84b932c0a4d38af3279b7880fa468","name":"Data Concept","type":"Representation","layer":"business"},{"id":"id-7b8d5887daa74de7931bb4916e5b46f6","name":"Software Component","type":"ApplicationComponent","layer":"application"},{"id":"id-ef44af213243439fb13cdbec47d2e494","name":"Data Object 2","type":"DataObject","layer":"application"},{"id":"id-5c207fd3a4674c53a28ebc39d4b34c4a","name":"Application Service","type":"ApplicationService","layer":"application"},{"id":"id-e133a0241fb34717a6dec5ad3e17b703","name":"Business API ","type":"ApplicationInterface","layer":"application"},{"id":"id-200af1ee8f6241fd8221f29c74c51969","name":"Application Component 3","type":"ApplicationComponent","layer":"application"},{"id":"id-ff38ba2ecd9641fb9e3afded3a872494","name":"Application Component 2","type":"ApplicationComponent","layer":"application"},{"id":"id-76e2c78b0e224e0cbdfff3934aa41f6e","name":"Data Object","type":"DataObject","layer":"application"},{"id":"id-327453a8c4b64616a0904d59b869ad06","name":"Data Object","type":"DataObject","layer":"application"},{"id":"id-3c39011552364617ae9f9e623e98c32a","name":"Business API 3","type":"ApplicationInterface","layer":"application"},{"id":"id-db94192cdec74c6aa8e0034b8e91e159","name":"Data Object 3","type":"DataObject","layer":"application"},{"id":"id-8cd38fe503cc4da8a8c926f45d35858d","name":"Business API 2","type":"ApplicationInterface","layer":"application"},{"id":"id-adc2565ae03b44f5b04de5678275455e","name":"Data Object","type":"DataObject","layer":"application"},{"id":"id-2499f1b7a87144ebb13487c0f29a78e7","name":"Value","type":"Value","layer":"motivation"},{"id":"id-a10245c7116a4d3caa3a29d25f74f38f","name":"Capability Gap","type":"Gap","layer":"implementation_migration"},{"id":"id-5cd7dfd010f34932b637dd7cf7c5c22c","name":"\"System/Digital Product\"","type":"Grouping","layer":"other"},{"id":"id-5565c52b411e4705a4d5ac5be2de8858","name":"Grouping","type":"Grouping","layer":"other"},{"id":"id-8e94fef3ad6740ebb5bcb21c8ba11cd6","name":"System 1 (Digital Product)","type":"Grouping","layer":"other"},{"id":"id-7db18aa2016a437c8e2d41c254f44924","name":"System 2 (Digital Product)","type":"Grouping","layer":"other"}],"relationships":[{"id":"id-f12bc826b84a42248f094a59d5a20dc8","sourceId":"id-7db18aa2016a437c8e2d41c254f44924","targetId":"id-3c39011552364617ae9f9e623e98c32a","type":"CompositionRelationship"},{"id":"id-a374bab791404007be2e7c5c40a68862","sourceId":"id-f2f451bd40f344f98f650f12a5d8ca34","targetId":"id-5cd7dfd010f34932b637dd7cf7c5c22c","type":"AssociationRelationship"},{"id":"id-471fb7d7c1b344199d1fb865178dbbc4","sourceId":"id-ff38ba2ecd9641fb9e3afded3a872494","targetId":"id-8cd38fe503cc4da8a8c926f45d35858d","type":"CompositionRelationship"},{"id":"id-d306175cb70e4e47862ce81cf3d9b37b","sourceId":"id-7b8d5887daa74de7931bb4916e5b46f6","targetId":"id-e133a0241fb34717a6dec5ad3e17b703","type":"AssociationRelationship"},{"id":"id-7a4e94184012425f82c56c358507a908","sourceId":"id-f2f451bd40f344f98f650f12a5d8ca34","targetId":"id-1f8e8ca606c04706bbd6e214351a1c99","type":"ServingRelationship"},{"id":"id-20a0d3aee0f844fc87e1fb35f10f9c48","sourceId":"id-f2f451bd40f344f98f650f12a5d8ca34","targetId":"id-38da07b76f9445f1b38a6dc9e5be5090","type":"RealizationRelationship"},{"id":"id-33ff8d454ab747acab459ed109b568e0","sourceId":"id-f2f451bd40f344f98f650f12a5d8ca34","targetId":"id-8eb3a7a68ddb481c9b701767fbb200bd","type":"CompositionRelationship"},{"id":"id-b567a61cb75940938fca3036efd00a7b","sourceId":"id-200af1ee8f6241fd8221f29c74c51969","targetId":"id-3c39011552364617ae9f9e623e98c32a","type":"ServingRelationship"},{"id":"id-de5ed685c31e464582219ba3d31c215e","sourceId":"id-7b8d5887daa74de7931bb4916e5b46f6","targetId":"id-e133a0241fb34717a6dec5ad3e17b703","type":"RealizationRelationship"},{"id":"id-d8fca6d4d6f849b1b1b1a9fceca02ad5","sourceId":"id-8eb3a7a68ddb481c9b701767fbb200bd","targetId":"id-1f8e8ca606c04706bbd6e214351a1c99","type":"AssociationRelationship"},{"id":"id-bd0ba19776d54a2590945f082a013644","sourceId":"id-8eb3a7a68ddb481c9b701767fbb200bd","targetId":"id-76e2c78b0e224e0cbdfff3934aa41f6e","type":"AssociationRelationship"},{"id":"id-43c99fc6d0824b5f8286f48766c18fc6","sourceId":"id-7db18aa2016a437c8e2d41c254f44924","targetId":"id-ef44af213243439fb13cdbec47d2e494","type":"CompositionRelationship"},{"id":"id-87b1679dd11b4adc8b0af4a2c02e1e95","sourceId":"id-7db18aa2016a437c8e2d41c254f44924","targetId":"id-db94192cdec74c6aa8e0034b8e91e159","type":"CompositionRelationship"},{"id":"id-8322c1ba22ee4504bbea52efc90a2081","sourceId":"id-3c39011552364617ae9f9e623e98c32a","targetId":"id-db94192cdec74c6aa8e0034b8e91e159","type":"AssociationRelationship"},{"id":"id-3b50b8d0027647d0ba7cff01c22efc89","sourceId":"id-5cd7dfd010f34932b637dd7cf7c5c22c","targetId":"id-7b8d5887daa74de7931bb4916e5b46f6","type":"AssociationRelationship"},{"id":"id-295b0dbbf460427db069f7cafb65e932","sourceId":"id-f2f451bd40f344f98f650f12a5d8ca34","targetId":"id-2499f1b7a87144ebb13487c0f29a78e7","type":"InfluenceRelationship"},{"id":"id-0c3ded99cf8c4d4cb8b2088098c45e05","sourceId":"id-7db18aa2016a437c8e2d41c254f44924","targetId":"id-ff38ba2ecd9641fb9e3afded3a872494","type":"CompositionRelationship"},{"id":"id-10d627aa341e4d3786739b962c7c8371","sourceId":"id-200af1ee8f6241fd8221f29c74c51969","targetId":"id-3c39011552364617ae9f9e623e98c32a","type":"AssociationRelationship"},{"id":"id-be3f1961124f41eabb0e726969e5d2f0","sourceId":"id-8e94fef3ad6740ebb5bcb21c8ba11cd6","targetId":"id-e133a0241fb34717a6dec5ad3e17b703","type":"CompositionRelationship"},{"id":"id-180debdbab0e40929236bfe0b51e9f1e","sourceId":"id-db94192cdec74c6aa8e0034b8e91e159","targetId":"id-47f84b932c0a4d38af3279b7880fa468","type":"AssociationRelationship"},{"id":"id-fc3d2aae7d5c4b11805172aef3bafbe2","sourceId":"id-7b8d5887daa74de7931bb4916e5b46f6","targetId":"id-e133a0241fb34717a6dec5ad3e17b703","type":"CompositionRelationship"},{"id":"id-af4ed48a5c8b4e2c91bf7dba3e4a8f06","sourceId":"id-76e2c78b0e224e0cbdfff3934aa41f6e","targetId":"id-e133a0241fb34717a6dec5ad3e17b703","type":"AssociationRelationship"},{"id":"id-571aa8163f5348ec947b083a5eb50893","sourceId":"id-5c207fd3a4674c53a28ebc39d4b34c4a","targetId":"id-ff38ba2ecd9641fb9e3afded3a872494","type":"ServingRelationship"},{"id":"id-d2fb3b3d56714583b670c7a5faf4c4e0","sourceId":"id-200af1ee8f6241fd8221f29c74c51969","targetId":"id-3c39011552364617ae9f9e623e98c32a","type":"CompositionRelationship"},{"id":"id-58712863b5904a4388fda870a1f492e7","sourceId":"id-7db18aa2016a437c8e2d41c254f44924","targetId":"id-200af1ee8f6241fd8221f29c74c51969","type":"CompositionRelationship"},{"id":"id-91b52d12af184ef884f0064392337e16","sourceId":"id-8e94fef3ad6740ebb5bcb21c8ba11cd6","targetId":"id-7b8d5887daa74de7931bb4916e5b46f6","type":"CompositionRelationship"},{"id":"id-d659a83fcb154b3ab0bff8263fb1da6b","sourceId":"id-200af1ee8f6241fd8221f29c74c51969","targetId":"id-3c39011552364617ae9f9e623e98c32a","type":"RealizationRelationship"},{"id":"id-f143e4c5faee4084b025e5e990dc2bc7","sourceId":"id-200af1ee8f6241fd8221f29c74c51969","targetId":"id-f2f451bd40f344f98f650f12a5d8ca34","type":"ServingRelationship"},{"id":"id-9d0094de252c4e4e916784463762945b","sourceId":"id-8e94fef3ad6740ebb5bcb21c8ba11cd6","targetId":"id-f2f451bd40f344f98f650f12a5d8ca34","type":"ServingRelationship"},{"id":"id-fe2721c7295d4f6e80fe2e6191e50fe9","sourceId":"id-ff38ba2ecd9641fb9e3afded3a872494","targetId":"id-8cd38fe503cc4da8a8c926f45d35858d","type":"AssociationRelationship"},{"id":"id-979a0fa5d56a4a45be7feb38aed83f0d","sourceId":"id-ff38ba2ecd9641fb9e3afded3a872494","targetId":"id-8cd38fe503cc4da8a8c926f45d35858d","type":"RealizationRelationship"},{"id":"id-cf9837e5b6434b7c9a7e2d1d6a23ffc4","sourceId":"id-8e94fef3ad6740ebb5bcb21c8ba11cd6","targetId":"id-76e2c78b0e224e0cbdfff3934aa41f6e","type":"CompositionRelationship"},{"id":"id-eaed0f50d82d40bb92a4c5ff0c4f4447","sourceId":"id-7b8d5887daa74de7931bb4916e5b46f6","targetId":"id-8e94fef3ad6740ebb5bcb21c8ba11cd6","type":"AssignmentRelationship"},{"id":"id-1828d3ce2de34d7794142b1c14e001be","sourceId":"id-ef44af213243439fb13cdbec47d2e494","targetId":"id-47f84b932c0a4d38af3279b7880fa468","type":"AssociationRelationship"},{"id":"id-42290f77bf6c4216ba9e532b2a8d0f30","sourceId":"id-7db18aa2016a437c8e2d41c254f44924","targetId":"id-f2f451bd40f344f98f650f12a5d8ca34","type":"ServingRelationship"},{"id":"id-c6460feafbd84766a2f399fdf029e992","sourceId":"id-76e2c78b0e224e0cbdfff3934aa41f6e","targetId":"id-47f84b932c0a4d38af3279b7880fa468","type":"AssociationRelationship"},{"id":"id-43c3277ec058407a9fd820e957659cfb","sourceId":"id-7db18aa2016a437c8e2d41c254f44924","targetId":"id-8cd38fe503cc4da8a8c926f45d35858d","type":"CompositionRelationship"},{"id":"id-941b3454360346a7973b7b3b9e72a3ce","sourceId":"id-ef44af213243439fb13cdbec47d2e494","targetId":"id-8cd38fe503cc4da8a8c926f45d35858d","type":"AssociationRelationship"},{"id":"id-2fe0679d1ee742b7a714d52957f222bc","sourceId":"id-a10245c7116a4d3caa3a29d25f74f38f","targetId":"id-38da07b76f9445f1b38a6dc9e5be5090","type":"AssociationRelationship"}],"views":[{"id":"id-ace43869d80d43eb812b49029cc12c83","name":"Product Defintion","viewpoint":""},{"id":"id-639dd4849e764e9bbe5a339892059287","name":"Default View","viewpoint":""}]}