<?xml version="1.0" encoding="UTF-8"?>
<model xmlns="http://www.opengroup.org/xsd/archimate/3.0/" xmlns:xsi="http://www.w3.org/2001/XMLSchema-instance" xsi:schemaLocation="http://www.opengroup.org/xsd/archimate/3.0/ http://www.opengroup.org/xsd/archimate/3.1/archimate3_Diagram.xsd" identifier="id-47efebde">
  <name>integration of bouded contexts through database</name>
  <elements>
    <element identifier="id-8cbce5bd" xsi:type="BusinessObject">
      <name>entity 6</name>
    </element>
    <element identifier="abbd7dc5" xsi:type="BusinessObject">
      <name>entity 2</name>
    </element>
    <element identifier="a687c85a" xsi:type="BusinessObject">
      <name>entity 1</name>
    </element>
    <element identifier="id-9e25bedc" xsi:type="BusinessObject">
      <name>entity 3</name>
    </element>
    <element identifier="c6195be2" xsi:type="BusinessObject">
      <name>entity 4</name>
    </element>
    <element identifier="id-4aa1316a" xsi:type="BusinessObject">
      <name>entity 5</name>
    </element>
    <element identifier="id-1a73e132" xsi:type="DataObject">
      <name>table 6</name>
    </element>
    <element identifier="d4459157" xsi:type="DataObject">
      <name>table 1</name>
    </element>
    <element identifier="id-994df34d" xsi:type="DataObject">
      <name>table 2</name>
    </element>
    <element identifier="id-71a46584" xsi:type="DataObject">
      <name>table 2</name>
    </element>
    <element identifier="fdb290ed" xsi:type="DataObject">
      <name>table 5</name>
    </element>
    <element identifier="d0731e62" xsi:type="DataObject">
      <name>table 5</name>
    </element>
    <element identifier="acc29a1e" xsi:type="DataObject">
      <name>Data Object</name>
    </element>
    <element identifier="id-4b75b9d9" xsi:type="DataObject">
      <name>table 6</name>
    </element>
    <element identifier="ab400095" xsi:type="DataObject">
      <name>table 7</name>
    </element>
    <element identifier="f165f10f" xsi:type="DataObject">
      <name>table 8</name>
    </element>
    <element identifier="c85fc284" xsi:type="Node">
      <name>database 4</name>
    </element>
    <element identifier="id-2c3be41d" xsi:type="TechnologyService">
      <name>database adapter</name>
    </element>
    <element identifier="ff2961bf" xsi:type="Node">
      <name>database 1</name>
    </element>
    <element identifier="ff515f86" xsi:type="TechnologyService">
      <name>database adapter</name>
    </element>
    <element identifier="id-31112cab" xsi:type="Node">
      <name>database 2</name>
    </element>
    <element identifier="id-3de64ed4" xsi:type="TechnologyService">
      <name>database adapter</name>
    </element>
    <element identifier="id-587aa460" xsi:type="Node">
      <name>database 3</name>
    </element>
    <element identifier="id-40c07ec8" xsi:type="TechnologyService">
      <name>database adapter</name>
    </element>
    <element identifier="c3c2eed6" xsi:type="TechnologyService">
      <name>Database</name>
      <documentation>- the database becomes a bottleneck for all - bounded contexts&#xD;
- but there are standard solutions for scalability and reliability (such as cluster, etc.)&#xD;
- locking problem</documentation>
    </element>
    <element identifier="id-84f55f34" xsi:type="Grouping">
      <name>generic subdomain 2 and Bounded context 4</name>
    </element>
    <element identifier="id-96bc9c03" xsi:type="Grouping">
      <name>aggregate 6</name>
    </element>
    <element identifier="bbc6e550" xsi:type="Grouping">
      <name>application service 3</name>
    </element>
    <element identifier="id-750cffda" xsi:type="Grouping">
      <name>application service 2</name>
    </element>
    <element identifier="ac3eab82" xsi:type="Grouping">
      <name>service 2</name>
    </element>
    <element identifier="id-910e99cf" xsi:type="Grouping">
      <name>application service 2</name>
    </element>
    <element identifier="b5a4fd76" xsi:type="Grouping">
      <name>UI</name>
    </element>
    <element identifier="id-2087d567" xsi:type="Grouping">
      <name>core domain and Bounded context 1</name>
    </element>
    <element identifier="id-648aa201" xsi:type="Grouping">
      <name>aggregate 2</name>
    </element>
    <element identifier="dbd7defe" xsi:type="Grouping">
      <name>aggregate 1</name>
    </element>
    <element identifier="id-2799f6ac" xsi:type="Grouping">
      <name>application service 1</name>
    </element>
    <element identifier="id-4fba55e0" xsi:type="Grouping">
      <name>service 2</name>
    </element>
    <element identifier="id-7ad19000" xsi:type="Grouping">
      <name>application service 3</name>
    </element>
    <element identifier="id-5eb119e7" xsi:type="Grouping">
      <name>application service 2</name>
    </element>
    <element identifier="b5c2d201" xsi:type="Grouping">
      <name>UI</name>
    </element>
    <element identifier="c2608458" xsi:type="Grouping">
      <name>temp package and Bounded context 2</name>
    </element>
    <element identifier="id-7152b8d1" xsi:type="Grouping">
      <name>aggregate 3</name>
    </element>
    <element identifier="ecee9e86" xsi:type="Grouping">
      <name>application service 1</name>
    </element>
    <element identifier="id-22f60334" xsi:type="Grouping">
      <name>service 2</name>
    </element>
    <element identifier="id-9fc582a0" xsi:type="Grouping">
      <name>application service 3</name>
    </element>
    <element identifier="c4e4aa26" xsi:type="Grouping">
      <name>application service 2</name>
    </element>
    <element identifier="e147eea4" xsi:type="Grouping">
      <name>UI</name>
    </element>
    <element identifier="id-9d97df95" xsi:type="Grouping">
      <name>generic subdomain 1 and Bounded context 3</name>
    </element>
    <element identifier="id-30b7a262" xsi:type="Grouping">
      <name>aggregate 5</name>
    </element>
    <element identifier="id-856ed729" xsi:type="Grouping">
      <name>application service 3</name>
    </element>
    <element identifier="id-42eff491" xsi:type="Grouping">
      <name>application service 2</name>
    </element>
    <element identifier="id-4b661686" xsi:type="Grouping">
      <name>service 2</name>
    </element>
    <element identifier="id-61482e7c" xsi:type="Grouping">
      <name>application service 2</name>
    </element>
    <element identifier="id-45f15e90" xsi:type="Grouping">
      <name>UI</name>
    </element>
    <element identifier="e673c451" xsi:type="Grouping">
      <name>integration context</name>
    </element>
    <element identifier="id-071140db-441c-45a1-837e-93ba43d005bd" xsi:type="Grouping">
      <name>translator 4-*</name>
    </element>
    <element identifier="dea321d4-a9f7-400a-89b8-588291740bda" xsi:type="Grouping">
      <name>translator 3-*</name>
    </element>
    <element identifier="id-8bda468e-7974-4323-bfb7-19b42298baec" xsi:type="Grouping">
      <name>translator 2-*</name>
    </element>
    <element identifier="id-2e9fe37f-40d3-4c93-bb40-db2ae48b4f14" xsi:type="Grouping">
      <name>translator 1-*</name>
    </element>
  </elements>
  <relationships>
    <relationship identifier="id-1fcbaa6a" source="abbd7dc5" target="a687c85a" xsi:type="Association" />
    <relationship identifier="b1fd82cb" source="id-84f55f34" target="id-910e99cf" xsi:type="Composition" />
    <relationship identifier="id-8f8e4d01" source="id-2087d567" target="id-994df34d" xsi:type="Composition" />
    <relationship identifier="id-044410b6" source="abbd7dc5" target="id-648aa201" xsi:type="Association" />
    <relationship identifier="id-471bf46f" source="fdb290ed" target="id-587aa460" xsi:type="Association" />
    <relationship identifier="c94241b8" source="c4e4aa26" target="id-22f60334" xsi:type="Association" />
    <relationship identifier="c9ae2030" source="id-84f55f34" target="b5a4fd76" xsi:type="Composition" />
    <relationship identifier="id-95488e66" source="id-84f55f34" target="id-8cbce5bd" xsi:type="Composition" />
    <relationship identifier="ffcd3c25" source="id-2c3be41d" target="c3c2eed6" xsi:type="Association" />
    <relationship identifier="fa984504" source="id-61482e7c" target="id-30b7a262" xsi:type="Association" />
    <relationship identifier="id-4893dfa8" source="a687c85a" target="id-9e25bedc" xsi:type="Association" />
    <relationship identifier="e5372570" source="c2608458" target="id-7152b8d1" xsi:type="Composition" />
    <relationship identifier="b602eecf" source="id-9fc582a0" target="id-3de64ed4" xsi:type="Association" />
    <relationship identifier="id-971b2b7f" source="id-2087d567" target="d4459157" xsi:type="Composition" />
    <relationship identifier="f95dfe53" source="id-9d97df95" target="id-30b7a262" xsi:type="Composition" />
    <relationship identifier="id-64cdc498" source="id-2087d567" target="b5c2d201" xsi:type="Composition" />
    <relationship identifier="c2c45ef4" source="id-2087d567" target="id-4fba55e0" xsi:type="Composition" />
    <relationship identifier="id-1b793780" source="id-84f55f34" target="id-750cffda" xsi:type="Composition" />
    <relationship identifier="id-44ad8a9a" source="id-2087d567" target="id-648aa201" xsi:type="Composition" />
    <relationship identifier="id-93ec9b90" source="e147eea4" target="ecee9e86" xsi:type="Association" />
    <relationship identifier="c85334ca" source="id-2087d567" target="dbd7defe" xsi:type="Composition" />
    <relationship identifier="f5521e78" source="c2608458" target="id-71a46584" xsi:type="Composition" />
    <relationship identifier="a30cbfc1" source="id-856ed729" target="id-40c07ec8" xsi:type="Association" />
    <relationship identifier="b58e33fa" source="id-2087d567" target="id-5eb119e7" xsi:type="Composition" />
    <relationship identifier="e1638a15" source="id-4aa1316a" target="id-8cbce5bd" xsi:type="Association" />
    <relationship identifier="a1abceb3" source="id-910e99cf" target="id-96bc9c03" xsi:type="Association" />
    <relationship identifier="afe1d12b" source="id-30b7a262" target="id-856ed729" xsi:type="Association" />
    <relationship identifier="c248722c" source="id-8cbce5bd" target="id-96bc9c03" xsi:type="Association" />
    <relationship identifier="id-59816bdd" source="c2608458" target="ecee9e86" xsi:type="Composition" />
    <relationship identifier="id-948a8fd8" source="c2608458" target="id-22f60334" xsi:type="Composition" />
    <relationship identifier="id-97dc9f43" source="id-2087d567" target="ff515f86" xsi:type="Composition" />
    <relationship identifier="id-20c4cb97" source="id-9e25bedc" target="abbd7dc5" xsi:type="Association" />
    <relationship identifier="d537be41" source="id-4fba55e0" target="id-994df34d" xsi:type="Association" />
    <relationship identifier="f3c2eb87" source="id-3de64ed4" target="c3c2eed6" xsi:type="Association" />
    <relationship identifier="id-0dbf1f4d" source="id-994df34d" target="ff2961bf" xsi:type="Association" />
    <relationship identifier="id-4e0ca4c8" source="id-750cffda" target="id-96bc9c03" xsi:type="Association" />
    <relationship identifier="f414af88" source="ac3eab82" target="id-1a73e132" xsi:type="Association" />
    <relationship identifier="cc7b75f2" source="id-2799f6ac" target="dbd7defe" xsi:type="Association" />
    <relationship identifier="id-47aef4e9" source="id-61482e7c" target="id-4b661686" xsi:type="Association" />
    <relationship identifier="eac56cb0" source="id-4aa1316a" target="id-30b7a262" xsi:type="Association" />
    <relationship identifier="b99dd08a" source="c2608458" target="c4e4aa26" xsi:type="Composition" />
    <relationship identifier="id-7f3e842d" source="dbd7defe" target="id-5eb119e7" xsi:type="Association" />
    <relationship identifier="cdc09504" source="id-2087d567" target="id-2799f6ac" xsi:type="Composition" />
    <relationship identifier="c10c418d" source="id-1a73e132" target="c85fc284" xsi:type="Association" />
    <relationship identifier="id-35062944" source="id-71a46584" target="id-31112cab" xsi:type="Association" />
    <relationship identifier="id-2d84f4a5" source="id-9d97df95" target="id-4aa1316a" xsi:type="Composition" />
    <relationship identifier="a405d122" source="c2608458" target="e147eea4" xsi:type="Composition" />
    <relationship identifier="f85a4b08" source="id-9d97df95" target="id-40c07ec8" xsi:type="Composition" />
    <relationship identifier="id-57a3379e" source="id-5eb119e7" target="id-4fba55e0" xsi:type="Association" />
    <relationship identifier="e89321e1" source="c6195be2" target="id-7152b8d1" xsi:type="Association" />
    <relationship identifier="a8f02805" source="id-2087d567" target="ff2961bf" xsi:type="Composition" />
    <relationship identifier="id-1cb941f7" source="b5c2d201" target="id-2799f6ac" xsi:type="Association" />
    <relationship identifier="id-6476d314" source="id-9d97df95" target="id-42eff491" xsi:type="Composition" />
    <relationship identifier="id-398eb104" source="id-648aa201" target="dbd7defe" xsi:type="Association" />
    <relationship identifier="id-2d04361d" source="id-2087d567" target="abbd7dc5" xsi:type="Composition" />
    <relationship identifier="b1df53ec" source="c4e4aa26" target="id-7152b8d1" xsi:type="Association" />
    <relationship identifier="bff9270c" source="id-2087d567" target="id-7ad19000" xsi:type="Composition" />
    <relationship identifier="bbb0dd15" source="id-40c07ec8" target="c3c2eed6" xsi:type="Association" />
    <relationship identifier="fa9d6058" source="id-9fc582a0" target="id-7152b8d1" xsi:type="Association" />
    <relationship identifier="id-0b675729" source="b5a4fd76" target="id-750cffda" xsi:type="Association" />
    <relationship identifier="a64468e2" source="id-9d97df95" target="id-587aa460" xsi:type="Composition" />
    <relationship identifier="ebfe33ec" source="id-84f55f34" target="id-2c3be41d" xsi:type="Composition" />
    <relationship identifier="ddebbdc1" source="id-84f55f34" target="id-96bc9c03" xsi:type="Association" />
    <relationship identifier="f4841ae3" source="id-42eff491" target="id-30b7a262" xsi:type="Association" />
    <relationship identifier="c753df5f" source="id-84f55f34" target="ac3eab82" xsi:type="Composition" />
    <relationship identifier="id-9c76b5c3" source="c2608458" target="id-9e25bedc" xsi:type="Composition" />
    <relationship identifier="bd6c9d20" source="id-45f15e90" target="id-42eff491" xsi:type="Association" />
    <relationship identifier="a060e47a" source="ecee9e86" target="id-7152b8d1" xsi:type="Association" />
    <relationship identifier="id-17ac8dd2" source="id-84f55f34" target="id-1a73e132" xsi:type="Composition" />
    <relationship identifier="id-1dc9fcc8" source="id-9d97df95" target="id-4b661686" xsi:type="Composition" />
    <relationship identifier="b5d879c4" source="c2608458" target="id-31112cab" xsi:type="Composition" />
    <relationship identifier="id-42f7fd57" source="id-84f55f34" target="c85fc284" xsi:type="Composition" />
    <relationship identifier="id-010a199e" source="id-22f60334" target="id-71a46584" xsi:type="Association" />
    <relationship identifier="id-6cc2f94c" source="a687c85a" target="dbd7defe" xsi:type="Association" />
    <relationship identifier="id-6de4da61" source="id-4fba55e0" target="d4459157" xsi:type="Association" />
    <relationship identifier="cde966cd" source="id-9e25bedc" target="id-7152b8d1" xsi:type="Association" />
    <relationship identifier="d1806f83" source="c2608458" target="id-9fc582a0" xsi:type="Composition" />
    <relationship identifier="id-1f9d544c" source="id-9e25bedc" target="id-4aa1316a" xsi:type="Association" />
    <relationship identifier="id-1cb9ce06" source="id-4b661686" target="fdb290ed" xsi:type="Association" />
    <relationship identifier="id-18442d96" source="id-7ad19000" target="dbd7defe" xsi:type="Association" />
    <relationship identifier="id-5e8197a2" source="id-2087d567" target="a687c85a" xsi:type="Composition" />
    <relationship identifier="bd31e01b" source="ff515f86" target="c3c2eed6" xsi:type="Association">
      <name>INSERT some data into DB</name>
    </relationship>
    <relationship identifier="id-325c42b7" source="id-9d97df95" target="fdb290ed" xsi:type="Composition" />
    <relationship identifier="id-8a080d60" source="d4459157" target="ff2961bf" xsi:type="Association" />
    <relationship identifier="ffcf0b8e" source="bbc6e550" target="id-2c3be41d" xsi:type="Association" />
    <relationship identifier="b8795845" source="id-2799f6ac" target="id-648aa201" xsi:type="Association" />
    <relationship identifier="id-67cd1fca" source="id-9e25bedc" target="c6195be2" xsi:type="Association" />
    <relationship identifier="id-33417fe3" source="c2608458" target="id-3de64ed4" xsi:type="Composition" />
    <relationship identifier="id-4bd97f85" source="id-648aa201" target="id-5eb119e7" xsi:type="Association" />
    <relationship identifier="id-6724b841" source="id-9d97df95" target="id-45f15e90" xsi:type="Composition" />
    <relationship identifier="id-4a06b38a" source="id-9d97df95" target="id-856ed729" xsi:type="Composition" />
    <relationship identifier="f6d24726" source="id-7ad19000" target="ff515f86" xsi:type="Association" />
    <relationship identifier="bfb239f8" source="c2608458" target="c6195be2" xsi:type="Composition" />
    <relationship identifier="id-0216f7cb" source="id-9d97df95" target="id-61482e7c" xsi:type="Composition" />
    <relationship identifier="id-31ebe88c" source="id-96bc9c03" target="bbc6e550" xsi:type="Association" />
    <relationship identifier="id-8f635500" source="id-84f55f34" target="id-96bc9c03" xsi:type="Composition" />
    <relationship identifier="bf00deb0" source="id-910e99cf" target="ac3eab82" xsi:type="Association" />
    <relationship identifier="e551069e" source="id-84f55f34" target="bbc6e550" xsi:type="Composition" />
    <relationship identifier="id-34633d4a" source="e673c451" target="c3c2eed6" xsi:type="Composition" />
    <relationship identifier="dfe3db76" source="e673c451" target="d0731e62" xsi:type="Composition" />
    <relationship identifier="id-3116f1c7" source="e673c451" target="acc29a1e" xsi:type="Composition" />
    <relationship identifier="id-917f8b8e" source="e673c451" target="id-4b75b9d9" xsi:type="Composition" />
    <relationship identifier="id-5f0e36d7" source="e673c451" target="ab400095" xsi:type="Composition" />
    <relationship identifier="be3f8407" source="e673c451" target="f165f10f" xsi:type="Composition" />
    <relationship identifier="id-9054ec3a" source="c3c2eed6" target="d0731e62" xsi:type="Association" />
    <relationship identifier="ac48fc0b" source="c3c2eed6" target="id-4b75b9d9" xsi:type="Association" />
    <relationship identifier="id-3e419a1b" source="c3c2eed6" target="ab400095" xsi:type="Association" />
    <relationship identifier="id-2a1141b0" source="c3c2eed6" target="f165f10f" xsi:type="Association" />
    <relationship identifier="id-685e1800-870d-4243-9ed9-6d583770add3" source="id-2087d567" target="id-2e9fe37f-40d3-4c93-bb40-db2ae48b4f14" xsi:type="Composition" />
    <relationship identifier="id-815a5187-45fe-45ba-abe0-44223caea182" source="c2608458" target="id-8bda468e-7974-4323-bfb7-19b42298baec" xsi:type="Composition" />
    <relationship identifier="fc14bb6d-51c8-467d-a1f0-918919ea2696" source="id-9d97df95" target="dea321d4-a9f7-400a-89b8-588291740bda" xsi:type="Composition" />
    <relationship identifier="id-6f02ece8-37d8-49b1-8a40-75110b1b6ae8" source="id-84f55f34" target="id-071140db-441c-45a1-837e-93ba43d005bd" xsi:type="Composition" />
    <relationship identifier="ecbe303a-55af-4914-b6f7-392530f8273d" source="id-7ad19000" target="id-2e9fe37f-40d3-4c93-bb40-db2ae48b4f14" xsi:type="Association" />
    <relationship identifier="id-202973f2-8145-45f7-b696-21956a5a3224" source="id-9fc582a0" target="id-8bda468e-7974-4323-bfb7-19b42298baec" xsi:type="Association" />
    <relationship identifier="f5a584ab-81e6-414d-83eb-44c7a25c6260" source="id-856ed729" target="dea321d4-a9f7-400a-89b8-588291740bda" xsi:type="Association" />
    <relationship identifier="id-397eddc5-789d-4806-afc0-2d14b9f8f31a" source="bbc6e550" target="id-071140db-441c-45a1-837e-93ba43d005bd" xsi:type="Association" />
  </relationships>
  <views>
    <diagrams>
      <view identifier="id-0a542739" xsi:type="Diagram">
        <name>Integration of bouded contexts through database</name>
        <node identifier="be4c013e" xsi:type="Label" x="329" y="1749" w="2044" h="304">
          <label>Infrаstrсtиrе Layer</label>
          <style>
            <fillColor r="210" g="215" b="215" a="100" />
            <lineColor r="92" g="92" b="92" a="100" />
            <font name="Lucida Grande" size="12">
              <color r="0" g="0" b="0" />
            </font>
          </style>
        </node>
        <node identifier="id-6f32717e" xsi:type="Label" x="322" y="1045" w="2044" h="140">
          <label>Application Layer (operational)</label>
          <style>
            <fillColor r="210" g="215" b="215" a="100" />
            <lineColor r="92" g="92" b="92" a="100" />
            <font name="Lucida Grande" size="12">
              <color r="0" g="0" b="0" />
            </font>
          </style>
        </node>
        <node identifier="id-459ce834" xsi:type="Label" x="322" y="880" w="2044" h="140">
          <label>Domain Layer (model)</label>
          <style>
            <fillColor r="210" g="215" b="215" a="100" />
            <lineColor r="92" g="92" b="92" a="100" />
            <font name="Lucida Grande" size="12">
              <color r="0" g="0" b="0" />
            </font>
          </style>
        </node>
        <node identifier="id-0fea0c40" xsi:type="Label" x="322" y="1210" w="2044" h="320">
          <label>Infrаstrсtиrе Layer</label>
          <style>
            <fillColor r="210" g="215" b="215" a="100" />
            <lineColor r="92" g="92" b="92" a="100" />
            <font name="Lucida Grande" size="12">
              <color r="0" g="0" b="0" />
            </font>
          </style>
        </node>
        <node identifier="id-142d4624" xsi:type="Label" x="322" y="720" w="2044" h="140">
          <label>Application Layer (operational)</label>
          <style>
            <fillColor r="210" g="215" b="215" a="100" />
            <lineColor r="92" g="92" b="92" a="100" />
            <font name="Lucida Grande" size="12">
              <color r="0" g="0" b="0" />
            </font>
          </style>
        </node>
        <node identifier="c59350ef" xsi:type="Label" x="322" y="561" w="2044" h="140">
          <label>Presentation Layer (User Interface)</label>
          <style>
            <fillColor r="210" g="215" b="215" a="100" />
            <lineColor r="92" g="92" b="92" a="100" />
            <font name="Lucida Grande" size="12">
              <color r="0" g="0" b="0" />
            </font>
          </style>
        </node>
        <node identifier="bad17470" elementRef="id-84f55f34" xsi:type="Element" x="2052" y="230" w="296" h="1391">
          <style>
            <fillColor r="247" g="255" b="255" a="100" />
            <lineColor r="92" g="92" b="92" a="100" />
            <font name="Lucida Grande" size="12">
              <color r="255" g="0" b="0" />
            </font>
          </style>
          <node identifier="id-888883ab" elementRef="id-8cbce5bd" xsi:type="Element" x="2132" y="330" w="120" h="55">
            <style>
              <fillColor r="255" g="255" b="181" a="100" />
              <lineColor r="92" g="92" b="92" a="100" />
              <font name="Lucida Grande" size="12">
                <color r="0" g="0" b="0" />
              </font>
            </style>
          </node>
          <node identifier="efb66758" elementRef="id-96bc9c03" xsi:type="Element" x="2142" y="930" w="120" h="55">
            <style>
              <fillColor r="255" g="255" b="255" a="100" />
              <lineColor r="92" g="92" b="92" a="100" />
              <font name="Lucida Grande" size="12">
                <color r="0" g="0" b="0" />
              </font>
            </style>
          </node>
          <node identifier="id-2a4a5c6f" elementRef="bbc6e550" xsi:type="Element" x="2212" y="1050" w="120" h="55">
            <style>
              <fillColor r="255" g="255" b="255" a="100" />
              <lineColor r="92" g="92" b="92" a="100" />
              <font name="Lucida Grande" size="12">
                <color r="0" g="0" b="0" />
              </font>
            </style>
          </node>
          <node identifier="id-3d2a4d89" elementRef="id-1a73e132" xsi:type="Element" x="2087" y="1290" w="120" h="55">
            <style>
              <fillColor r="181" g="255" b="255" a="100" />
              <lineColor r="92" g="92" b="92" a="100" />
              <font name="Lucida Grande" size="12">
                <color r="0" g="0" b="0" />
              </font>
            </style>
          </node>
          <node identifier="id-2aa4c2f9" elementRef="id-750cffda" xsi:type="Element" x="2142" y="760" w="120" h="55">
            <style>
              <fillColor r="255" g="255" b="255" a="100" />
              <lineColor r="92" g="92" b="92" a="100" />
              <font name="Lucida Grande" size="12">
                <color r="0" g="0" b="0" />
              </font>
            </style>
          </node>
          <node identifier="f47959a3" elementRef="c85fc284" xsi:type="Element" x="2087" y="1370" w="120" h="55">
            <style>
              <fillColor r="201" g="231" b="183" a="100" />
              <lineColor r="92" g="92" b="92" a="100" />
              <font name="Lucida Grande" size="12">
                <color r="0" g="0" b="0" />
              </font>
            </style>
          </node>
          <node identifier="id-270e47ab" elementRef="ac3eab82" xsi:type="Element" x="2082" y="1215" w="120" h="55">
            <style>
              <fillColor r="255" g="255" b="255" a="100" />
              <lineColor r="92" g="92" b="92" a="100" />
              <font name="Lucida Grande" size="12">
                <color r="0" g="0" b="0" />
              </font>
            </style>
          </node>
          <node identifier="id-4465dd36" elementRef="id-910e99cf" xsi:type="Element" x="2082" y="1050" w="120" h="55">
            <style>
              <fillColor r="255" g="255" b="255" a="100" />
              <lineColor r="92" g="92" b="92" a="100" />
              <font name="Lucida Grande" size="12">
                <color r="0" g="0" b="0" />
              </font>
            </style>
          </node>
          <node identifier="id-469625ea" elementRef="id-2c3be41d" xsi:type="Element" x="2187" y="1455" w="120" h="55">
            <style>
              <fillColor r="201" g="231" b="183" a="100" />
              <lineColor r="92" g="92" b="92" a="100" />
              <font name="Lucida Grande" size="12">
                <color r="0" g="0" b="0" />
              </font>
            </style>
          </node>
          <node identifier="id-60dd710d" elementRef="b5a4fd76" xsi:type="Element" x="2142" y="605" w="120" h="55">
            <style>
              <fillColor r="255" g="255" b="255" a="100" />
              <lineColor r="92" g="92" b="92" a="100" />
              <font name="Lucida Grande" size="12">
                <color r="0" g="0" b="0" />
              </font>
            </style>
          </node>
          <node identifier="id-776615f1-3571-4147-98c1-37ad09ffee0b" elementRef="id-071140db-441c-45a1-837e-93ba43d005bd" xsi:type="Element" x="2153" y="1130" w="109" h="55">
            <style>
              <fillColor r="255" g="255" b="255" a="100" />
              <lineColor r="92" g="92" b="92" a="100" />
              <font name="Lucida Grande" size="12">
                <color r="0" g="0" b="0" />
              </font>
            </style>
          </node>
        </node>
        <node identifier="c7ba1e8a" elementRef="id-2087d567" xsi:type="Element" x="512" y="230" w="296" h="1391">
          <style>
            <fillColor r="247" g="255" b="255" a="100" />
            <lineColor r="92" g="92" b="92" a="100" />
            <font name="Lucida Grande" size="12">
              <color r="255" g="0" b="0" />
            </font>
          </style>
          <node identifier="cb486a15" elementRef="abbd7dc5" xsi:type="Element" x="526" y="369" w="120" h="55">
            <style>
              <fillColor r="255" g="255" b="181" a="100" />
              <lineColor r="92" g="92" b="92" a="100" />
              <font name="Lucida Grande" size="12">
                <color r="0" g="0" b="0" />
              </font>
            </style>
          </node>
          <node identifier="id-150a8fbc" elementRef="a687c85a" xsi:type="Element" x="662" y="315" w="120" h="55">
            <style>
              <fillColor r="255" g="255" b="181" a="100" />
              <lineColor r="92" g="92" b="92" a="100" />
              <font name="Lucida Grande" size="12">
                <color r="0" g="0" b="0" />
              </font>
            </style>
          </node>
          <node identifier="id-01ef510e" elementRef="id-648aa201" xsi:type="Element" x="530" y="925" w="120" h="55">
            <style>
              <fillColor r="255" g="255" b="255" a="100" />
              <lineColor r="92" g="92" b="92" a="100" />
              <font name="Lucida Grande" size="12">
                <color r="0" g="0" b="0" />
              </font>
            </style>
          </node>
          <node identifier="id-7962fe6e" elementRef="dbd7defe" xsi:type="Element" x="666" y="925" w="120" h="55">
            <style>
              <fillColor r="255" g="255" b="255" a="100" />
              <lineColor r="92" g="92" b="92" a="100" />
              <font name="Lucida Grande" size="12">
                <color r="0" g="0" b="0" />
              </font>
            </style>
          </node>
          <node identifier="a2d1edd3" elementRef="d4459157" xsi:type="Element" x="677" y="1285" w="120" h="55">
            <style>
              <fillColor r="181" g="255" b="255" a="100" />
              <lineColor r="92" g="92" b="92" a="100" />
              <font name="Lucida Grande" size="12">
                <color r="0" g="0" b="0" />
              </font>
            </style>
          </node>
          <node identifier="id-000f21d0" elementRef="id-2799f6ac" xsi:type="Element" x="607" y="765" w="120" h="55">
            <style>
              <fillColor r="255" g="255" b="255" a="100" />
              <lineColor r="92" g="92" b="92" a="100" />
              <font name="Lucida Grande" size="12">
                <color r="0" g="0" b="0" />
              </font>
            </style>
          </node>
          <node identifier="fc5d1e24" elementRef="id-994df34d" xsi:type="Element" x="547" y="1285" w="120" h="55">
            <style>
              <fillColor r="181" g="255" b="255" a="100" />
              <lineColor r="92" g="92" b="92" a="100" />
              <font name="Lucida Grande" size="12">
                <color r="0" g="0" b="0" />
              </font>
            </style>
          </node>
          <node identifier="id-702638d7" elementRef="ff2961bf" xsi:type="Element" x="607" y="1370" w="120" h="55">
            <style>
              <fillColor r="201" g="231" b="183" a="100" />
              <lineColor r="92" g="92" b="92" a="100" />
              <font name="Lucida Grande" size="12">
                <color r="0" g="0" b="0" />
              </font>
            </style>
          </node>
          <node identifier="fa23d9cb" elementRef="id-4fba55e0" xsi:type="Element" x="543" y="1210" w="120" h="55">
            <style>
              <fillColor r="255" g="255" b="255" a="100" />
              <lineColor r="92" g="92" b="92" a="100" />
              <font name="Lucida Grande" size="12">
                <color r="0" g="0" b="0" />
              </font>
            </style>
          </node>
          <node identifier="id-059cbde1" elementRef="id-7ad19000" xsi:type="Element" x="677" y="1047" w="120" h="55">
            <style>
              <fillColor r="255" g="255" b="255" a="100" />
              <lineColor r="92" g="92" b="92" a="100" />
              <font name="Lucida Grande" size="12">
                <color r="0" g="0" b="0" />
              </font>
            </style>
          </node>
          <node identifier="id-4fed1104" elementRef="id-5eb119e7" xsi:type="Element" x="538" y="1047" w="120" h="55">
            <style>
              <fillColor r="255" g="255" b="255" a="100" />
              <lineColor r="92" g="92" b="92" a="100" />
              <font name="Lucida Grande" size="12">
                <color r="0" g="0" b="0" />
              </font>
            </style>
          </node>
          <node identifier="id-9c85c652" elementRef="ff515f86" xsi:type="Element" x="677" y="1470" w="120" h="55">
            <style>
              <fillColor r="201" g="231" b="183" a="100" />
              <lineColor r="92" g="92" b="92" a="100" />
              <font name="Lucida Grande" size="12">
                <color r="0" g="0" b="0" />
              </font>
            </style>
          </node>
          <node identifier="id-536986c9" elementRef="b5c2d201" xsi:type="Element" x="607" y="595" w="120" h="55">
            <style>
              <fillColor r="255" g="255" b="255" a="100" />
              <lineColor r="92" g="92" b="92" a="100" />
              <font name="Lucida Grande" size="12">
                <color r="0" g="0" b="0" />
              </font>
            </style>
          </node>
          <node identifier="cd49928c-f248-43c1-99aa-531d080a717f" elementRef="id-2e9fe37f-40d3-4c93-bb40-db2ae48b4f14" xsi:type="Element" x="618" y="1120" w="109" h="55">
            <style>
              <fillColor r="255" g="255" b="255" a="100" />
              <lineColor r="92" g="92" b="92" a="100" />
              <font name="Lucida Grande" size="12">
                <color r="0" g="0" b="0" />
              </font>
            </style>
          </node>
        </node>
        <node identifier="id-428908c8" elementRef="c2608458" xsi:type="Element" x="1037" y="230" w="296" h="1391">
          <style>
            <fillColor r="247" g="255" b="255" a="100" />
            <lineColor r="92" g="92" b="92" a="100" />
            <font name="Lucida Grande" size="12">
              <color r="255" g="0" b="0" />
            </font>
          </style>
          <node identifier="cba5067e" elementRef="id-9e25bedc" xsi:type="Element" x="1097" y="310" w="120" h="55">
            <style>
              <fillColor r="255" g="255" b="181" a="100" />
              <lineColor r="92" g="92" b="92" a="100" />
              <font name="Lucida Grande" size="12">
                <color r="0" g="0" b="0" />
              </font>
            </style>
          </node>
          <node identifier="d2289c31" elementRef="c6195be2" xsi:type="Element" x="1187" y="375" w="120" h="55">
            <style>
              <fillColor r="255" g="255" b="181" a="100" />
              <lineColor r="92" g="92" b="92" a="100" />
              <font name="Lucida Grande" size="12">
                <color r="0" g="0" b="0" />
              </font>
            </style>
          </node>
          <node identifier="a13b5095" elementRef="id-7152b8d1" xsi:type="Element" x="1122" y="930" w="120" h="55">
            <style>
              <fillColor r="255" g="255" b="255" a="100" />
              <lineColor r="92" g="92" b="92" a="100" />
              <font name="Lucida Grande" size="12">
                <color r="0" g="0" b="0" />
              </font>
            </style>
          </node>
          <node identifier="id-2b57b952" elementRef="id-71a46584" xsi:type="Element" x="1068" y="1280" w="120" h="55">
            <style>
              <fillColor r="181" g="255" b="255" a="100" />
              <lineColor r="92" g="92" b="92" a="100" />
              <font name="Lucida Grande" size="12">
                <color r="0" g="0" b="0" />
              </font>
            </style>
          </node>
          <node identifier="ddb02eb2" elementRef="ecee9e86" xsi:type="Element" x="1122" y="765" w="120" h="55">
            <style>
              <fillColor r="255" g="255" b="255" a="100" />
              <lineColor r="92" g="92" b="92" a="100" />
              <font name="Lucida Grande" size="12">
                <color r="0" g="0" b="0" />
              </font>
            </style>
          </node>
          <node identifier="id-38767cd1" elementRef="id-31112cab" xsi:type="Element" x="1068" y="1360" w="120" h="55">
            <style>
              <fillColor r="201" g="231" b="183" a="100" />
              <lineColor r="92" g="92" b="92" a="100" />
              <font name="Lucida Grande" size="12">
                <color r="0" g="0" b="0" />
              </font>
            </style>
          </node>
          <node identifier="df6b4311" elementRef="id-22f60334" xsi:type="Element" x="1068" y="1215" w="120" h="55">
            <style>
              <fillColor r="255" g="255" b="255" a="100" />
              <lineColor r="92" g="92" b="92" a="100" />
              <font name="Lucida Grande" size="12">
                <color r="0" g="0" b="0" />
              </font>
            </style>
          </node>
          <node identifier="id-6914cd8d" elementRef="id-9fc582a0" xsi:type="Element" x="1197" y="1055" w="120" h="55">
            <style>
              <fillColor r="255" g="255" b="255" a="100" />
              <lineColor r="92" g="92" b="92" a="100" />
              <font name="Lucida Grande" size="12">
                <color r="0" g="0" b="0" />
              </font>
            </style>
          </node>
          <node identifier="id-3b613d67" elementRef="c4e4aa26" xsi:type="Element" x="1057" y="1055" w="120" h="55">
            <style>
              <fillColor r="255" g="255" b="255" a="100" />
              <lineColor r="92" g="92" b="92" a="100" />
              <font name="Lucida Grande" size="12">
                <color r="0" g="0" b="0" />
              </font>
            </style>
          </node>
          <node identifier="id-2b8c58fc" elementRef="id-3de64ed4" xsi:type="Element" x="1199" y="1471" w="120" h="55">
            <style>
              <fillColor r="201" g="231" b="183" a="100" />
              <lineColor r="92" g="92" b="92" a="100" />
              <font name="Lucida Grande" size="12">
                <color r="0" g="0" b="0" />
              </font>
            </style>
          </node>
          <node identifier="id-4dc241c9" elementRef="e147eea4" xsi:type="Element" x="1122" y="600" w="120" h="55">
            <style>
              <fillColor r="255" g="255" b="255" a="100" />
              <lineColor r="92" g="92" b="92" a="100" />
              <font name="Lucida Grande" size="12">
                <color r="0" g="0" b="0" />
              </font>
            </style>
          </node>
          <node identifier="id-51f03e32-a740-45e3-a03b-419e2f039b51" elementRef="id-8bda468e-7974-4323-bfb7-19b42298baec" xsi:type="Element" x="1133" y="1130" w="109" h="55">
            <style>
              <fillColor r="255" g="255" b="255" a="100" />
              <lineColor r="92" g="92" b="92" a="100" />
              <font name="Lucida Grande" size="12">
                <color r="0" g="0" b="0" />
              </font>
            </style>
          </node>
        </node>
        <node identifier="id-1a2f9f79" elementRef="id-9d97df95" xsi:type="Element" x="1562" y="230" w="296" h="1391">
          <style>
            <fillColor r="247" g="255" b="255" a="100" />
            <lineColor r="92" g="92" b="92" a="100" />
            <font name="Lucida Grande" size="12">
              <color r="255" g="0" b="0" />
            </font>
          </style>
          <node identifier="f8bf62f0" elementRef="id-4aa1316a" xsi:type="Element" x="1652" y="330" w="120" h="55">
            <style>
              <fillColor r="255" g="255" b="181" a="100" />
              <lineColor r="92" g="92" b="92" a="100" />
              <font name="Lucida Grande" size="12">
                <color r="0" g="0" b="0" />
              </font>
            </style>
          </node>
          <node identifier="eb57f568" elementRef="id-30b7a262" xsi:type="Element" x="1667" y="930" w="120" h="55">
            <style>
              <fillColor r="255" g="255" b="255" a="100" />
              <lineColor r="92" g="92" b="92" a="100" />
              <font name="Lucida Grande" size="12">
                <color r="0" g="0" b="0" />
              </font>
            </style>
          </node>
          <node identifier="id-45b71d5b" elementRef="id-856ed729" xsi:type="Element" x="1727" y="1050" w="120" h="55">
            <style>
              <fillColor r="255" g="255" b="255" a="100" />
              <lineColor r="92" g="92" b="92" a="100" />
              <font name="Lucida Grande" size="12">
                <color r="0" g="0" b="0" />
              </font>
            </style>
          </node>
          <node identifier="f1d9a8b9" elementRef="fdb290ed" xsi:type="Element" x="1592" y="1295" w="120" h="55">
            <style>
              <fillColor r="181" g="255" b="255" a="100" />
              <lineColor r="92" g="92" b="92" a="100" />
              <font name="Lucida Grande" size="12">
                <color r="0" g="0" b="0" />
              </font>
            </style>
          </node>
          <node identifier="id-418d1cc3" elementRef="id-42eff491" xsi:type="Element" x="1667" y="760" w="120" h="55">
            <style>
              <fillColor r="255" g="255" b="255" a="100" />
              <lineColor r="92" g="92" b="92" a="100" />
              <font name="Lucida Grande" size="12">
                <color r="0" g="0" b="0" />
              </font>
            </style>
          </node>
          <node identifier="id-546c02b4" elementRef="id-587aa460" xsi:type="Element" x="1592" y="1365" w="120" h="55">
            <style>
              <fillColor r="201" g="231" b="183" a="100" />
              <lineColor r="92" g="92" b="92" a="100" />
              <font name="Lucida Grande" size="12">
                <color r="0" g="0" b="0" />
              </font>
            </style>
          </node>
          <node identifier="de3a1b44" elementRef="id-4b661686" xsi:type="Element" x="1592" y="1230" w="120" h="55">
            <style>
              <fillColor r="255" g="255" b="255" a="100" />
              <lineColor r="92" g="92" b="92" a="100" />
              <font name="Lucida Grande" size="12">
                <color r="0" g="0" b="0" />
              </font>
            </style>
          </node>
          <node identifier="id-2d627ce4" elementRef="id-61482e7c" xsi:type="Element" x="1592" y="1050" w="120" h="55">
            <style>
              <fillColor r="255" g="255" b="255" a="100" />
              <lineColor r="92" g="92" b="92" a="100" />
              <font name="Lucida Grande" size="12">
                <color r="0" g="0" b="0" />
              </font>
            </style>
          </node>
          <node identifier="id-23c4da1a" elementRef="id-40c07ec8" xsi:type="Element" x="1713" y="1453" w="120" h="55">
            <style>
              <fillColor r="201" g="231" b="183" a="100" />
              <lineColor r="92" g="92" b="92" a="100" />
              <font name="Lucida Grande" size="12">
                <color r="0" g="0" b="0" />
              </font>
            </style>
          </node>
          <node identifier="id-4b02228a" elementRef="id-45f15e90" xsi:type="Element" x="1667" y="600" w="120" h="55">
            <style>
              <fillColor r="255" g="255" b="255" a="100" />
              <lineColor r="92" g="92" b="92" a="100" />
              <font name="Lucida Grande" size="12">
                <color r="0" g="0" b="0" />
              </font>
            </style>
          </node>
          <node identifier="d9764d05-3bd0-46aa-9350-454954894fca" elementRef="dea321d4-a9f7-400a-89b8-588291740bda" xsi:type="Element" x="1667" y="1130" w="109" h="55">
            <style>
              <fillColor r="255" g="255" b="255" a="100" />
              <lineColor r="92" g="92" b="92" a="100" />
              <font name="Lucida Grande" size="12">
                <color r="0" g="0" b="0" />
              </font>
            </style>
          </node>
        </node>
        <node identifier="id-895fa4a4" xsi:type="Label" x="1150" y="1640" w="233" h="68">
          <label>SELECT* WHERE Processed = False&#xD;
UPDATE... SET Processed = True</label>
          <style>
            <fillColor r="255" g="255" b="255" a="100" />
            <lineColor r="92" g="92" b="92" a="100" />
            <font name="Lucida Grande" size="12">
              <color r="255" g="0" b="0" />
            </font>
          </style>
        </node>
        <node identifier="fa7579c7" elementRef="e673c451" xsi:type="Element" x="512" y="1707" w="1836" h="384">
          <style>
            <fillColor r="247" g="255" b="255" a="100" />
            <lineColor r="92" g="92" b="92" a="100" />
            <font name="Lucida Grande" size="12">
              <color r="0" g="0" b="0" />
            </font>
          </style>
          <node identifier="a6fd9d1c" elementRef="c3c2eed6" xsi:type="Element" x="677" y="1797" w="1662" h="71">
            <style>
              <fillColor r="201" g="231" b="183" a="100" />
              <lineColor r="92" g="92" b="92" a="100" />
              <font name="Lucida Grande" size="12">
                <color r="0" g="0" b="0" />
              </font>
            </style>
          </node>
          <node identifier="id-904a3894" elementRef="d0731e62" xsi:type="Element" x="947" y="1962" w="120" h="55">
            <style>
              <fillColor r="181" g="255" b="255" a="100" />
              <lineColor r="92" g="92" b="92" a="100" />
              <font name="Lucida Grande" size="12">
                <color r="0" g="0" b="0" />
              </font>
            </style>
          </node>
          <node identifier="cb3abc9a" elementRef="f165f10f" xsi:type="Element" x="1982" y="1962" w="120" h="55">
            <style>
              <fillColor r="181" g="255" b="255" a="100" />
              <lineColor r="92" g="92" b="92" a="100" />
              <font name="Lucida Grande" size="12">
                <color r="0" g="0" b="0" />
              </font>
            </style>
          </node>
        </node>
        <connection identifier="id-656f8a8f" relationshipRef="c248722c" xsi:type="Relationship" source="id-888883ab" target="efb66758">
          <style>
            <lineColor r="192" g="192" b="192" />
            <font name="Lucida Grande" size="12">
              <color r="0" g="0" b="0" />
            </font>
          </style>
          <bendpoint x="2302" y="379" />
          <bendpoint x="2294" y="959" />
        </connection>
        <connection identifier="id-673a9ef3" relationshipRef="id-31ebe88c" xsi:type="Relationship" source="efb66758" target="id-2a4a5c6f">
          <style>
            <lineColor r="0" g="0" b="0" />
            <font name="Lucida Grande" size="12">
              <color r="0" g="0" b="0" />
            </font>
          </style>
        </connection>
        <connection identifier="id-41382276" relationshipRef="ffcf0b8e" xsi:type="Relationship" source="id-2a4a5c6f" target="id-469625ea">
          <style>
            <lineColor r="0" g="0" b="0" />
            <font name="Lucida Grande" size="12">
              <color r="0" g="0" b="0" />
            </font>
          </style>
          <bendpoint x="2280" y="1281" />
        </connection>
        <connection identifier="ae461144-d5aa-4535-8240-4c7cb44473ed" relationshipRef="id-397eddc5-789d-4806-afc0-2d14b9f8f31a" xsi:type="Relationship" source="id-2a4a5c6f" target="id-776615f1-3571-4147-98c1-37ad09ffee0b">
          <style>
            <lineColor r="0" g="0" b="0" />
            <font name="Lucida Grande" size="12">
              <color r="0" g="0" b="0" />
            </font>
          </style>
        </connection>
        <connection identifier="id-7cc44ac0" relationshipRef="c10c418d" xsi:type="Relationship" source="id-3d2a4d89" target="f47959a3">
          <style>
            <lineColor r="0" g="0" b="0" />
            <font name="Lucida Grande" size="12">
              <color r="0" g="0" b="0" />
            </font>
          </style>
        </connection>
        <connection identifier="e3171e6e" relationshipRef="id-4e0ca4c8" xsi:type="Relationship" source="id-2aa4c2f9" target="efb66758">
          <style>
            <lineColor r="0" g="0" b="0" />
            <font name="Lucida Grande" size="12">
              <color r="0" g="0" b="0" />
            </font>
          </style>
        </connection>
        <connection identifier="id-0448a013" relationshipRef="f414af88" xsi:type="Relationship" source="id-270e47ab" target="id-3d2a4d89">
          <style>
            <lineColor r="0" g="0" b="0" />
            <font name="Lucida Grande" size="12">
              <color r="0" g="0" b="0" />
            </font>
          </style>
        </connection>
        <connection identifier="bfe6dc6b" relationshipRef="a1abceb3" xsi:type="Relationship" source="id-4465dd36" target="efb66758">
          <style>
            <lineColor r="0" g="0" b="0" />
            <font name="Lucida Grande" size="12">
              <color r="0" g="0" b="0" />
            </font>
          </style>
        </connection>
        <connection identifier="f38e8f58" relationshipRef="bf00deb0" xsi:type="Relationship" source="id-4465dd36" target="id-270e47ab">
          <style>
            <lineColor r="0" g="0" b="0" />
            <font name="Lucida Grande" size="12">
              <color r="0" g="0" b="0" />
            </font>
          </style>
        </connection>
        <connection identifier="id-30488ff5" relationshipRef="ffcd3c25" xsi:type="Relationship" source="id-469625ea" target="a6fd9d1c">
          <style>
            <lineColor r="255" g="0" b="0" />
            <font name="Lucida Grande" size="12">
              <color r="255" g="0" b="0" />
            </font>
          </style>
        </connection>
        <connection identifier="id-6ebdae95" relationshipRef="id-0b675729" xsi:type="Relationship" source="id-60dd710d" target="id-2aa4c2f9">
          <style>
            <lineColor r="0" g="0" b="0" />
            <font name="Lucida Grande" size="12">
              <color r="0" g="0" b="0" />
            </font>
          </style>
        </connection>
        <connection identifier="e4a7cf8f" relationshipRef="id-1fcbaa6a" xsi:type="Relationship" source="cb486a15" target="id-150a8fbc">
          <style>
            <lineColor r="0" g="0" b="0" />
            <font name="Lucida Grande" size="12">
              <color r="0" g="0" b="0" />
            </font>
          </style>
        </connection>
        <connection identifier="id-7adcbe27" relationshipRef="id-044410b6" xsi:type="Relationship" source="cb486a15" target="id-01ef510e">
          <style>
            <lineColor r="192" g="192" b="192" />
            <font name="Lucida Grande" size="12">
              <color r="0" g="0" b="0" />
            </font>
          </style>
        </connection>
        <connection identifier="id-89a354fe" relationshipRef="id-4893dfa8" xsi:type="Relationship" source="id-150a8fbc" target="cba5067e">
          <style>
            <lineColor r="0" g="0" b="0" />
            <font name="Lucida Grande" size="12">
              <color r="0" g="0" b="0" />
            </font>
          </style>
        </connection>
        <connection identifier="ddc3ed51" relationshipRef="id-6cc2f94c" xsi:type="Relationship" source="id-150a8fbc" target="id-7962fe6e">
          <style>
            <lineColor r="192" g="192" b="192" />
            <font name="Lucida Grande" size="12">
              <color r="0" g="0" b="0" />
            </font>
          </style>
        </connection>
        <connection identifier="eab0ace1" relationshipRef="id-398eb104" xsi:type="Relationship" source="id-01ef510e" target="id-7962fe6e">
          <style>
            <lineColor r="0" g="0" b="0" />
            <font name="Lucida Grande" size="12">
              <color r="0" g="0" b="0" />
            </font>
          </style>
        </connection>
        <connection identifier="c8ff1c04" relationshipRef="id-4bd97f85" xsi:type="Relationship" source="id-01ef510e" target="id-4fed1104">
          <style>
            <lineColor r="0" g="0" b="0" />
            <font name="Lucida Grande" size="12">
              <color r="0" g="0" b="0" />
            </font>
          </style>
        </connection>
        <connection identifier="e7cd7452" relationshipRef="id-7f3e842d" xsi:type="Relationship" source="id-7962fe6e" target="id-4fed1104">
          <style>
            <lineColor r="0" g="0" b="0" />
            <font name="Lucida Grande" size="12">
              <color r="0" g="0" b="0" />
            </font>
          </style>
        </connection>
        <connection identifier="id-2d9558ce" relationshipRef="id-8a080d60" xsi:type="Relationship" source="a2d1edd3" target="id-702638d7">
          <style>
            <lineColor r="0" g="0" b="0" />
            <font name="Lucida Grande" size="12">
              <color r="0" g="0" b="0" />
            </font>
          </style>
        </connection>
        <connection identifier="c88cd052" relationshipRef="cc7b75f2" xsi:type="Relationship" source="id-000f21d0" target="id-7962fe6e">
          <style>
            <lineColor r="0" g="0" b="0" />
            <font name="Lucida Grande" size="12">
              <color r="0" g="0" b="0" />
            </font>
          </style>
          <bendpoint x="673" y="873" />
        </connection>
        <connection identifier="f165f0f9" relationshipRef="b8795845" xsi:type="Relationship" source="id-000f21d0" target="id-01ef510e">
          <style>
            <lineColor r="0" g="0" b="0" />
            <font name="Lucida Grande" size="12">
              <color r="0" g="0" b="0" />
            </font>
          </style>
        </connection>
        <connection identifier="id-6d95aabb" relationshipRef="id-0dbf1f4d" xsi:type="Relationship" source="fc5d1e24" target="id-702638d7">
          <style>
            <lineColor r="0" g="0" b="0" />
            <font name="Lucida Grande" size="12">
              <color r="0" g="0" b="0" />
            </font>
          </style>
        </connection>
        <connection identifier="id-38a286ba" relationshipRef="id-6de4da61" xsi:type="Relationship" source="fa23d9cb" target="a2d1edd3">
          <style>
            <lineColor r="0" g="0" b="0" />
            <font name="Lucida Grande" size="12">
              <color r="0" g="0" b="0" />
            </font>
          </style>
        </connection>
        <connection identifier="id-7bd3a251" relationshipRef="d537be41" xsi:type="Relationship" source="fa23d9cb" target="fc5d1e24">
          <style>
            <lineColor r="0" g="0" b="0" />
            <font name="Lucida Grande" size="12">
              <color r="0" g="0" b="0" />
            </font>
          </style>
        </connection>
        <connection identifier="b1510007" relationshipRef="f6d24726" xsi:type="Relationship" source="id-059cbde1" target="id-9c85c652">
          <style>
            <lineColor r="0" g="0" b="0" />
            <font name="Lucida Grande" size="12">
              <color r="0" g="0" b="0" />
            </font>
          </style>
        </connection>
        <connection identifier="id-5cfb78d8" relationshipRef="id-18442d96" xsi:type="Relationship" source="id-059cbde1" target="id-7962fe6e">
          <style>
            <lineColor r="0" g="0" b="0" />
            <font name="Lucida Grande" size="12">
              <color r="0" g="0" b="0" />
            </font>
          </style>
        </connection>
        <connection identifier="f08a0b12-e59a-4c99-89f8-952438f21f10" relationshipRef="ecbe303a-55af-4914-b6f7-392530f8273d" xsi:type="Relationship" source="id-059cbde1" target="cd49928c-f248-43c1-99aa-531d080a717f">
          <style>
            <lineColor r="0" g="0" b="0" />
            <font name="Lucida Grande" size="12">
              <color r="0" g="0" b="0" />
            </font>
          </style>
        </connection>
        <connection identifier="id-89728d5d" relationshipRef="id-57a3379e" xsi:type="Relationship" source="id-4fed1104" target="fa23d9cb">
          <style>
            <lineColor r="0" g="0" b="0" />
            <font name="Lucida Grande" size="12">
              <color r="0" g="0" b="0" />
            </font>
          </style>
        </connection>
        <connection identifier="id-5e92e95d" relationshipRef="bd31e01b" xsi:type="Relationship" source="id-9c85c652" target="a6fd9d1c">
          <style>
            <lineColor r="255" g="0" b="0" />
            <font name="Lucida Grande" size="12">
              <color r="255" g="0" b="0" />
            </font>
          </style>
        </connection>
        <connection identifier="id-714167b3" relationshipRef="id-1cb941f7" xsi:type="Relationship" source="id-536986c9" target="id-000f21d0">
          <style>
            <lineColor r="0" g="0" b="0" />
            <font name="Lucida Grande" size="12">
              <color r="0" g="0" b="0" />
            </font>
          </style>
        </connection>
        <connection identifier="d773df82" relationshipRef="id-67cd1fca" xsi:type="Relationship" source="cba5067e" target="d2289c31">
          <style>
            <lineColor r="0" g="0" b="0" />
            <font name="Lucida Grande" size="12">
              <color r="0" g="0" b="0" />
            </font>
          </style>
        </connection>
        <connection identifier="id-88d6b140" relationshipRef="id-1f9d544c" xsi:type="Relationship" source="cba5067e" target="f8bf62f0">
          <style>
            <lineColor r="0" g="0" b="0" />
            <font name="Lucida Grande" size="12">
              <color r="0" g="0" b="0" />
            </font>
          </style>
        </connection>
        <connection identifier="id-089e728c" relationshipRef="cde966cd" xsi:type="Relationship" source="cba5067e" target="a13b5095">
          <style>
            <lineColor r="192" g="192" b="192" />
            <font name="Lucida Grande" size="12">
              <color r="0" g="0" b="0" />
            </font>
          </style>
        </connection>
        <connection identifier="fa89d06b" relationshipRef="id-20c4cb97" xsi:type="Relationship" source="cba5067e" target="cb486a15">
          <style>
            <lineColor r="0" g="0" b="0" />
            <font name="Lucida Grande" size="12">
              <color r="0" g="0" b="0" />
            </font>
          </style>
          <bendpoint x="876" y="368" />
        </connection>
        <connection identifier="c536500d" relationshipRef="e89321e1" xsi:type="Relationship" source="d2289c31" target="a13b5095">
          <style>
            <lineColor r="192" g="192" b="192" />
            <font name="Lucida Grande" size="12">
              <color r="0" g="0" b="0" />
            </font>
          </style>
        </connection>
        <connection identifier="id-2040157f" relationshipRef="id-35062944" xsi:type="Relationship" source="id-2b57b952" target="id-38767cd1">
          <style>
            <lineColor r="0" g="0" b="0" />
            <font name="Lucida Grande" size="12">
              <color r="0" g="0" b="0" />
            </font>
          </style>
        </connection>
        <connection identifier="id-6b97800b" relationshipRef="a060e47a" xsi:type="Relationship" source="ddb02eb2" target="a13b5095">
          <style>
            <lineColor r="0" g="0" b="0" />
            <font name="Lucida Grande" size="12">
              <color r="0" g="0" b="0" />
            </font>
          </style>
        </connection>
        <connection identifier="id-05cba58b" relationshipRef="id-010a199e" xsi:type="Relationship" source="df6b4311" target="id-2b57b952">
          <style>
            <lineColor r="0" g="0" b="0" />
            <font name="Lucida Grande" size="12">
              <color r="0" g="0" b="0" />
            </font>
          </style>
        </connection>
        <connection identifier="id-26e9bc20" relationshipRef="fa9d6058" xsi:type="Relationship" source="id-6914cd8d" target="a13b5095">
          <style>
            <lineColor r="0" g="0" b="0" />
            <font name="Lucida Grande" size="12">
              <color r="0" g="0" b="0" />
            </font>
          </style>
        </connection>
        <connection identifier="id-17e0bb81" relationshipRef="b602eecf" xsi:type="Relationship" source="id-6914cd8d" target="id-2b8c58fc">
          <style>
            <lineColor r="0" g="0" b="0" />
            <font name="Lucida Grande" size="12">
              <color r="0" g="0" b="0" />
            </font>
          </style>
        </connection>
        <connection identifier="id-565d09b5-9a22-41a8-8233-879ea49f26bb" relationshipRef="id-202973f2-8145-45f7-b696-21956a5a3224" xsi:type="Relationship" source="id-6914cd8d" target="id-51f03e32-a740-45e3-a03b-419e2f039b51">
          <style>
            <lineColor r="0" g="0" b="0" />
            <font name="Lucida Grande" size="12">
              <color r="0" g="0" b="0" />
            </font>
          </style>
        </connection>
        <connection identifier="id-1dd3c30d" relationshipRef="b1df53ec" xsi:type="Relationship" source="id-3b613d67" target="a13b5095">
          <style>
            <lineColor r="0" g="0" b="0" />
            <font name="Lucida Grande" size="12">
              <color r="0" g="0" b="0" />
            </font>
          </style>
        </connection>
        <connection identifier="id-5a8f1d9c" relationshipRef="c94241b8" xsi:type="Relationship" source="id-3b613d67" target="df6b4311">
          <style>
            <lineColor r="0" g="0" b="0" />
            <font name="Lucida Grande" size="12">
              <color r="0" g="0" b="0" />
            </font>
          </style>
        </connection>
        <connection identifier="id-01726816" relationshipRef="f3c2eb87" xsi:type="Relationship" source="id-2b8c58fc" target="a6fd9d1c">
          <style>
            <lineColor r="255" g="0" b="0" />
            <font name="Lucida Grande" size="12">
              <color r="0" g="0" b="0" />
            </font>
          </style>
        </connection>
        <connection identifier="bf9dab5f" relationshipRef="id-93ec9b90" xsi:type="Relationship" source="id-4dc241c9" target="ddb02eb2">
          <style>
            <lineColor r="0" g="0" b="0" />
            <font name="Lucida Grande" size="12">
              <color r="0" g="0" b="0" />
            </font>
          </style>
        </connection>
        <connection identifier="id-5d520a5e" relationshipRef="eac56cb0" xsi:type="Relationship" source="f8bf62f0" target="eb57f568">
          <style>
            <lineColor r="192" g="192" b="192" />
            <font name="Lucida Grande" size="12">
              <color r="0" g="0" b="0" />
            </font>
          </style>
          <bendpoint x="1766" y="670" />
        </connection>
        <connection identifier="f8b0ffee" relationshipRef="e1638a15" xsi:type="Relationship" source="f8bf62f0" target="id-888883ab">
          <style>
            <lineColor r="0" g="0" b="0" />
            <font name="Lucida Grande" size="12">
              <color r="0" g="0" b="0" />
            </font>
          </style>
        </connection>
        <connection identifier="id-18f8eae4" relationshipRef="afe1d12b" xsi:type="Relationship" source="eb57f568" target="id-45b71d5b">
          <style>
            <lineColor r="0" g="0" b="0" />
            <font name="Lucida Grande" size="12">
              <color r="0" g="0" b="0" />
            </font>
          </style>
        </connection>
        <connection identifier="e48c3509" relationshipRef="a30cbfc1" xsi:type="Relationship" source="id-45b71d5b" target="id-23c4da1a">
          <style>
            <lineColor r="0" g="0" b="0" />
            <font name="Lucida Grande" size="12">
              <color r="0" g="0" b="0" />
            </font>
          </style>
        </connection>
        <connection identifier="d4323470-99ea-4f19-a122-93e553c73d30" relationshipRef="f5a584ab-81e6-414d-83eb-44c7a25c6260" xsi:type="Relationship" source="id-45b71d5b" target="d9764d05-3bd0-46aa-9350-454954894fca">
          <style>
            <lineColor r="0" g="0" b="0" />
            <font name="Lucida Grande" size="12">
              <color r="0" g="0" b="0" />
            </font>
          </style>
        </connection>
        <connection identifier="id-13b6ffdc" relationshipRef="id-471bf46f" xsi:type="Relationship" source="f1d9a8b9" target="id-546c02b4">
          <style>
            <lineColor r="0" g="0" b="0" />
            <font name="Lucida Grande" size="12">
              <color r="0" g="0" b="0" />
            </font>
          </style>
        </connection>
        <connection identifier="id-44e577dc" relationshipRef="f4841ae3" xsi:type="Relationship" source="id-418d1cc3" target="eb57f568">
          <style>
            <lineColor r="0" g="0" b="0" />
            <font name="Lucida Grande" size="12">
              <color r="0" g="0" b="0" />
            </font>
          </style>
        </connection>
        <connection identifier="id-34a7082f" relationshipRef="id-1cb9ce06" xsi:type="Relationship" source="de3a1b44" target="f1d9a8b9">
          <style>
            <lineColor r="0" g="0" b="0" />
            <font name="Lucida Grande" size="12">
              <color r="0" g="0" b="0" />
            </font>
          </style>
        </connection>
        <connection identifier="id-33a49858" relationshipRef="fa984504" xsi:type="Relationship" source="id-2d627ce4" target="eb57f568">
          <style>
            <lineColor r="0" g="0" b="0" />
            <font name="Lucida Grande" size="12">
              <color r="0" g="0" b="0" />
            </font>
          </style>
        </connection>
        <connection identifier="id-5a60958a" relationshipRef="id-47aef4e9" xsi:type="Relationship" source="id-2d627ce4" target="de3a1b44">
          <style>
            <lineColor r="0" g="0" b="0" />
            <font name="Lucida Grande" size="12">
              <color r="0" g="0" b="0" />
            </font>
          </style>
        </connection>
        <connection identifier="id-8c6a4d11" relationshipRef="bbb0dd15" xsi:type="Relationship" source="id-23c4da1a" target="a6fd9d1c">
          <style>
            <lineColor r="255" g="0" b="0" />
            <font name="Lucida Grande" size="12">
              <color r="255" g="0" b="0" />
            </font>
          </style>
        </connection>
        <connection identifier="id-2a450ced" relationshipRef="bd6c9d20" xsi:type="Relationship" source="id-4b02228a" target="id-418d1cc3">
          <style>
            <lineColor r="0" g="0" b="0" />
            <font name="Lucida Grande" size="12">
              <color r="0" g="0" b="0" />
            </font>
          </style>
        </connection>
        <connection identifier="id-41a904e7" relationshipRef="id-9054ec3a" xsi:type="Relationship" source="a6fd9d1c" target="id-904a3894">
          <style>
            <lineColor r="0" g="0" b="0" />
            <font name="Lucida Grande" size="12">
              <color r="0" g="0" b="0" />
            </font>
          </style>
        </connection>
        <connection identifier="id-512f8fb7" relationshipRef="id-2a1141b0" xsi:type="Relationship" source="a6fd9d1c" target="cb3abc9a">
          <style>
            <lineColor r="0" g="0" b="0" />
            <font name="Lucida Grande" size="12">
              <color r="0" g="0" b="0" />
            </font>
          </style>
        </connection>
      </view>
    </diagrams>
  </views>
</model>
