{"identifier":"https://me.big.tuwien.ac.at/EAModelSet/47efebde","archimateId":"47efebde","name":"integration of bouded contexts through database ","description":"","formats":["XML","CSV","JSON","ARCHIMATE"],"source":"GitHub","repository":"wilmerkrisp/patterns","license":"Other","sourceFile":"raw-data/github/archimate/32_integration_of_bouded_contexts_through_database.archimate","sourceFormat":"ARCHIMATE","timestamp":"2023-07-06T09:29:17","tags":[],"duplicates":[],"language":"en","elements":[{"id":"8cbce5bd","name":"entity 6","type":"BusinessObject","layer":"business"},{"id":"abbd7dc5","name":"entity 2","type":"BusinessObject","layer":"business"},{"id":"a687c85a","name":"entity 1","type":"BusinessObject","layer":"business"},{"id":"9e25bedc","name":"entity 3","type":"BusinessObject","layer":"business"},{"id":"c6195be2","name":"entity 4","type":"BusinessObject","layer":"business"},{"id":"4aa1316a","name":"entity 5","type":"BusinessObject","layer":"business"},{"id":"1a73e132","name":"table 6","type":"DataObject","layer":"application"},{"id":"d4459157","name":"table 1","type":"DataObject","layer":"application"},{"id":"994df34d","name":"table 2","type":"DataObject","layer":"application"},{"id":"71a46584","name":"table 2","type":"DataObject","layer":"application"},{"id":"fdb290ed","name":"table 5","type":"DataObject","layer":"application"},{"id":"d0731e62","name":"table 5","type":"DataObject","layer":"application"},{"id":"acc29a1e","name":"Data Object","type":"DataObject","layer":"application"},{"id":"4b75b9d9","name":"table 6","type":"DataObject","layer":"application"},{"id":"ab400095","name":"table 7","type":"DataObject","layer":"application"},{"id":"f165f10f","name":"table 8","type":"DataObject","layer":"application"},{"id":"c85fc284","name":"database 4","type":"Node","layer":"technology"},{"id":"2c3be41d","name":"database adapter","type":"TechnologyService","layer":"technology"},{"id":"ff2961bf","name":"database 1","type":"Node","layer":"technology"},{"id":"ff515f86","name":"database adapter","type":"TechnologyService","layer":"technology"},{"id":"31112cab","name":"database 2","type":"Node","layer":"technology"},{"id":"3de64ed4","name":"database adapter","type":"TechnologyService","layer":"technology"},{"id":"587aa460","name":"database 3","type":"Node","layer":"technology"},{"id":"40c07ec8","name":"database adapter","type":"TechnologyService","layer":"technology"},{"id":"c3c2eed6","name":"Database","type":"TechnologyService","layer":"technology"},{"id":"84f55f34","name":"generic subdomain 2 and Bounded context 4","type":"Grouping","layer":"other"},{"id":"96bc9c03","name":"aggregate 6","type":"Grouping","layer":"other"},{"id":"bbc6e550","name":"application service 3","type":"Grouping","layer":"other"},{"id":"750cffda","name":"application service 2","type":"Grouping","layer":"other"},{"id":"ac3eab82","name":"service 2","type":"Grouping","layer":"other"},{"id":"910e99cf","name":"application service 2","type":"Grouping","layer":"other"},{"id":"b5a4fd76","name":"UI  ","type":"Grouping","layer":"other"},{"id":"2087d567","name":"core domain and Bounded context 1","type":"Grouping","layer":"other"},{"id":"648aa201","name":"aggregate 2","type":"Grouping","layer":"other"},{"id":"dbd7defe","name":"aggregate 1","type":"Grouping","layer":"other"},{"id":"2799f6ac","name":"application service 1","type":"Grouping","layer":"other"},{"id":"4fba55e0","name":"service 2","type":"Grouping","layer":"other"},{"id":"7ad19000","name":"application service 3","type":"Grouping","layer":"other"},{"id":"5eb119e7","name":"application service 2","type":"Grouping","layer":"other"},{"id":"b5c2d201","name":"UI","type":"Grouping","layer":"other"},{"id":"c2608458","name":"temp package and Bounded context 2","type":"Grouping","layer":"other"},{"id":"7152b8d1","name":"aggregate 3","type":"Grouping","layer":"other"},{"id":"ecee9e86","name":"application service 1","type":"Grouping","layer":"other"},{"id":"22f60334","name":"service 2","type":"Grouping","layer":"other"},{"id":"9fc582a0","name":"application service 3","type":"Grouping","layer":"other"},{"id":"c4e4aa26","name":"application service 2","type":"Grouping","layer":"other"},{"id":"e147eea4","name":"UI ","type":"Grouping","layer":"other"},{"id":"9d97df95","name":"generic subdomain 1 and Bounded context 3","type":"Grouping","layer":"other"},{"id":"30b7a262","name":"aggregate 5","type":"Grouping","layer":"other"},{"id":"856ed729","name":"application service 3","type":"Grouping","layer":"other"},{"id":"42eff491","name":"application service 2","type":"Grouping","layer":"other"},{"id":"4b661686","name":"service 2","type":"Grouping","layer":"other"},{"id":"61482e7c","name":"application service 2","type":"Grouping","layer":"other"},{"id":"45f15e90","name":"UI  ","type":"Grouping","layer":"other"},{"id":"e673c451","name":"integration context","type":"Grouping","layer":"other"},{"id":"071140db-441c-45a1-837e-93ba43d005bd","name":"translator 4-*","type":"Grouping","layer":"other"},{"id":"dea321d4-a9f7-400a-89b8-588291740bda","name":"translator 3-*","type":"Grouping","layer":"other"},{"id":"8bda468e-7974-4323-bfb7-19b42298baec","name":"translator 2-*","type":"Grouping","layer":"other"},{"id":"2e9fe37f-40d3-4c93-bb40-db2ae48b4f14","name":"translator 1-*","type":"Grouping","layer":"other"}],"relationships":[{"id":"1fcbaa6a","sourceId":"abbd7dc5","targetId":"a687c85a","type":"AssociationRelationship"},{"id":"b1fd82cb","sourceId":"84f55f34","targetId":"910e99cf","type":"CompositionRelationship"},{"id":"8f8e4d01","sourceId":"2087d567","targetId":"994df34d","type":"CompositionRelationship"},{"id":"044410b6","sourceId":"abbd7dc5","targetId":"648aa201","type":"AssociationRelationship"},{"id":"471bf46f","sourceId":"fdb290ed","targetId":"587aa460","type":"AssociationRelationship"},{"id":"c94241b8","sourceId":"c4e4aa26","targetId":"22f60334","type":"AssociationRelationship"},{"id":"c9ae2030","sourceId":"84f55f34","targetId":"b5a4fd76","type":"CompositionRelationship"},{"id":"95488e66","sourceId":"84f55f34","targetId":"8cbce5bd","type":"CompositionRelationship"},{"id":"ffcd3c25","sourceId":"2c3be41d","targetId":"c3c2eed6","type":"AssociationRelationship"},{"id":"fa984504","sourceId":"61482e7c","targetId":"30b7a262","type":"AssociationRelationship"},{"id":"4893dfa8","sourceId":"a687c85a","targetId":"9e25bedc","type":"AssociationRelationship"},{"id":"e5372570","sourceId":"c2608458","targetId":"7152b8d1","type":"CompositionRelationship"},{"id":"b602eecf","sourceId":"9fc582a0","targetId":"3de64ed4","type":"AssociationRelationship"},{"id":"971b2b7f","sourceId":"2087d567","targetId":"d4459157","type":"CompositionRelationship"},{"id":"f95dfe53","sourceId":"9d97df95","targetId":"30b7a262","type":"CompositionRelationship"},{"id":"64cdc498","sourceId":"2087d567","targetId":"b5c2d201","type":"CompositionRelationship"},{"id":"c2c45ef4","sourceId":"2087d567","targetId":"4fba55e0","type":"CompositionRelationship"},{"id":"1b793780","sourceId":"84f55f34","targetId":"750cffda","type":"CompositionRelationship"},{"id":"44ad8a9a","sourceId":"2087d567","targetId":"648aa201","type":"CompositionRelationship"},{"id":"93ec9b90","sourceId":"e147eea4","targetId":"ecee9e86","type":"AssociationRelationship"},{"id":"c85334ca","sourceId":"2087d567","targetId":"dbd7defe","type":"CompositionRelationship"},{"id":"f5521e78","sourceId":"c2608458","targetId":"71a46584","type":"CompositionRelationship"},{"id":"a30cbfc1","sourceId":"856ed729","targetId":"40c07ec8","type":"AssociationRelationship"},{"id":"b58e33fa","sourceId":"2087d567","targetId":"5eb119e7","type":"CompositionRelationship"},{"id":"e1638a15","sourceId":"4aa1316a","targetId":"8cbce5bd","type":"AssociationRelationship"},{"id":"a1abceb3","sourceId":"910e99cf","targetId":"96bc9c03","type":"AssociationRelationship"},{"id":"afe1d12b","sourceId":"30b7a262","targetId":"856ed729","type":"AssociationRelationship"},{"id":"c248722c","sourceId":"8cbce5bd","targetId":"96bc9c03","type":"AssociationRelationship"},{"id":"59816bdd","sourceId":"c2608458","targetId":"ecee9e86","type":"CompositionRelationship"},{"id":"948a8fd8","sourceId":"c2608458","targetId":"22f60334","type":"CompositionRelationship"},{"id":"97dc9f43","sourceId":"2087d567","targetId":"ff515f86","type":"CompositionRelationship"},{"id":"20c4cb97","sourceId":"9e25bedc","targetId":"abbd7dc5","type":"AssociationRelationship"},{"id":"d537be41","sourceId":"4fba55e0","targetId":"994df34d","type":"AssociationRelationship"},{"id":"f3c2eb87","sourceId":"3de64ed4","targetId":"c3c2eed6","type":"AssociationRelationship"},{"id":"0dbf1f4d","sourceId":"994df34d","targetId":"ff2961bf","type":"AssociationRelationship"},{"id":"4e0ca4c8","sourceId":"750cffda","targetId":"96bc9c03","type":"AssociationRelationship"},{"id":"f414af88","sourceId":"ac3eab82","targetId":"1a73e132","type":"AssociationRelationship"},{"id":"cc7b75f2","sourceId":"2799f6ac","targetId":"dbd7defe","type":"AssociationRelationship"},{"id":"47aef4e9","sourceId":"61482e7c","targetId":"4b661686","type":"AssociationRelationship"},{"id":"eac56cb0","sourceId":"4aa1316a","targetId":"30b7a262","type":"AssociationRelationship"},{"id":"b99dd08a","sourceId":"c2608458","targetId":"c4e4aa26","type":"CompositionRelationship"},{"id":"7f3e842d","sourceId":"dbd7defe","targetId":"5eb119e7","type":"AssociationRelationship"},{"id":"cdc09504","sourceId":"2087d567","targetId":"2799f6ac","type":"CompositionRelationship"},{"id":"c10c418d","sourceId":"1a73e132","targetId":"c85fc284","type":"AssociationRelationship"},{"id":"35062944","sourceId":"71a46584","targetId":"31112cab","type":"AssociationRelationship"},{"id":"2d84f4a5","sourceId":"9d97df95","targetId":"4aa1316a","type":"CompositionRelationship"},{"id":"a405d122","sourceId":"c2608458","targetId":"e147eea4","type":"CompositionRelationship"},{"id":"f85a4b08","sourceId":"9d97df95","targetId":"40c07ec8","type":"CompositionRelationship"},{"id":"57a3379e","sourceId":"5eb119e7","targetId":"4fba55e0","type":"AssociationRelationship"},{"id":"e89321e1","sourceId":"c6195be2","targetId":"7152b8d1","type":"AssociationRelationship"},{"id":"a8f02805","sourceId":"2087d567","targetId":"ff2961bf","type":"CompositionRelationship"},{"id":"1cb941f7","sourceId":"b5c2d201","targetId":"2799f6ac","type":"AssociationRelationship"},{"id":"6476d314","sourceId":"9d97df95","targetId":"42eff491","type":"CompositionRelationship"},{"id":"398eb104","sourceId":"648aa201","targetId":"dbd7defe","type":"AssociationRelationship"},{"id":"2d04361d","sourceId":"2087d567","targetId":"abbd7dc5","type":"CompositionRelationship"},{"id":"b1df53ec","sourceId":"c4e4aa26","targetId":"7152b8d1","type":"AssociationRelationship"},{"id":"bff9270c","sourceId":"2087d567","targetId":"7ad19000","type":"CompositionRelationship"},{"id":"bbb0dd15","sourceId":"40c07ec8","targetId":"c3c2eed6","type":"AssociationRelationship"},{"id":"fa9d6058","sourceId":"9fc582a0","targetId":"7152b8d1","type":"AssociationRelationship"},{"id":"0b675729","sourceId":"b5a4fd76","targetId":"750cffda","type":"AssociationRelationship"},{"id":"a64468e2","sourceId":"9d97df95","targetId":"587aa460","type":"CompositionRelationship"},{"id":"ebfe33ec","sourceId":"84f55f34","targetId":"2c3be41d","type":"CompositionRelationship"},{"id":"ddebbdc1","sourceId":"84f55f34","targetId":"96bc9c03","type":"AssociationRelationship"},{"id":"f4841ae3","sourceId":"42eff491","targetId":"30b7a262","type":"AssociationRelationship"},{"id":"c753df5f","sourceId":"84f55f34","targetId":"ac3eab82","type":"CompositionRelationship"},{"id":"9c76b5c3","sourceId":"c2608458","targetId":"9e25bedc","type":"CompositionRelationship"},{"id":"bd6c9d20","sourceId":"45f15e90","targetId":"42eff491","type":"AssociationRelationship"},{"id":"a060e47a","sourceId":"ecee9e86","targetId":"7152b8d1","type":"AssociationRelationship"},{"id":"17ac8dd2","sourceId":"84f55f34","targetId":"1a73e132","type":"CompositionRelationship"},{"id":"1dc9fcc8","sourceId":"9d97df95","targetId":"4b661686","type":"CompositionRelationship"},{"id":"b5d879c4","sourceId":"c2608458","targetId":"31112cab","type":"CompositionRelationship"},{"id":"42f7fd57","sourceId":"84f55f34","targetId":"c85fc284","type":"CompositionRelationship"},{"id":"010a199e","sourceId":"22f60334","targetId":"71a46584","type":"AssociationRelationship"},{"id":"6cc2f94c","sourceId":"a687c85a","targetId":"dbd7defe","type":"AssociationRelationship"},{"id":"6de4da61","sourceId":"4fba55e0","targetId":"d4459157","type":"AssociationRelationship"},{"id":"cde966cd","sourceId":"9e25bedc","targetId":"7152b8d1","type":"AssociationRelationship"},{"id":"d1806f83","sourceId":"c2608458","targetId":"9fc582a0","type":"CompositionRelationship"},{"id":"1f9d544c","sourceId":"9e25bedc","targetId":"4aa1316a","type":"AssociationRelationship"},{"id":"1cb9ce06","sourceId":"4b661686","targetId":"fdb290ed","type":"AssociationRelationship"},{"id":"18442d96","sourceId":"7ad19000","targetId":"dbd7defe","type":"AssociationRelationship"},{"id":"5e8197a2","sourceId":"2087d567","targetId":"a687c85a","type":"CompositionRelationship"},{"id":"bd31e01b","sourceId":"ff515f86","targetId":"c3c2eed6","type":"AssociationRelationship"},{"id":"325c42b7","sourceId":"9d97df95","targetId":"fdb290ed","type":"CompositionRelationship"},{"id":"8a080d60","sourceId":"d4459157","targetId":"ff2961bf","type":"AssociationRelationship"},{"id":"ffcf0b8e","sourceId":"bbc6e550","targetId":"2c3be41d","type":"AssociationRelationship"},{"id":"b8795845","sourceId":"2799f6ac","targetId":"648aa201","type":"AssociationRelationship"},{"id":"67cd1fca","sourceId":"9e25bedc","targetId":"c6195be2","type":"AssociationRelationship"},{"id":"33417fe3","sourceId":"c2608458","targetId":"3de64ed4","type":"CompositionRelationship"},{"id":"4bd97f85","sourceId":"648aa201","targetId":"5eb119e7","type":"AssociationRelationship"},{"id":"6724b841","sourceId":"9d97df95","targetId":"45f15e90","type":"CompositionRelationship"},{"id":"4a06b38a","sourceId":"9d97df95","targetId":"856ed729","type":"CompositionRelationship"},{"id":"f6d24726","sourceId":"7ad19000","targetId":"ff515f86","type":"AssociationRelationship"},{"id":"bfb239f8","sourceId":"c2608458","targetId":"c6195be2","type":"CompositionRelationship"},{"id":"0216f7cb","sourceId":"9d97df95","targetId":"61482e7c","type":"CompositionRelationship"},{"id":"31ebe88c","sourceId":"96bc9c03","targetId":"bbc6e550","type":"AssociationRelationship"},{"id":"8f635500","sourceId":"84f55f34","targetId":"96bc9c03","type":"CompositionRelationship"},{"id":"bf00deb0","sourceId":"910e99cf","targetId":"ac3eab82","type":"AssociationRelationship"},{"id":"e551069e","sourceId":"84f55f34","targetId":"bbc6e550","type":"CompositionRelationship"},{"id":"34633d4a","sourceId":"e673c451","targetId":"c3c2eed6","type":"CompositionRelationship"},{"id":"dfe3db76","sourceId":"e673c451","targetId":"d0731e62","type":"CompositionRelationship"},{"id":"3116f1c7","sourceId":"e673c451","targetId":"acc29a1e","type":"CompositionRelationship"},{"id":"917f8b8e","sourceId":"e673c451","targetId":"4b75b9d9","type":"CompositionRelationship"},{"id":"5f0e36d7","sourceId":"e673c451","targetId":"ab400095","type":"CompositionRelationship"},{"id":"be3f8407","sourceId":"e673c451","targetId":"f165f10f","type":"CompositionRelationship"},{"id":"9054ec3a","sourceId":"c3c2eed6","targetId":"d0731e62","type":"AssociationRelationship"},{"id":"ac48fc0b","sourceId":"c3c2eed6","targetId":"4b75b9d9","type":"AssociationRelationship"},{"id":"3e419a1b","sourceId":"c3c2eed6","targetId":"ab400095","type":"AssociationRelationship"},{"id":"2a1141b0","sourceId":"c3c2eed6","targetId":"f165f10f","type":"AssociationRelationship"},{"id":"685e1800-870d-4243-9ed9-6d583770add3","sourceId":"2087d567","targetId":"2e9fe37f-40d3-4c93-bb40-db2ae48b4f14","type":"CompositionRelationship"},{"id":"815a5187-45fe-45ba-abe0-44223caea182","sourceId":"c2608458","targetId":"8bda468e-7974-4323-bfb7-19b42298baec","type":"CompositionRelationship"},{"id":"fc14bb6d-51c8-467d-a1f0-918919ea2696","sourceId":"9d97df95","targetId":"dea321d4-a9f7-400a-89b8-588291740bda","type":"CompositionRelationship"},{"id":"6f02ece8-37d8-49b1-8a40-75110b1b6ae8","sourceId":"84f55f34","targetId":"071140db-441c-45a1-837e-93ba43d005bd","type":"CompositionRelationship"},{"id":"ecbe303a-55af-4914-b6f7-392530f8273d","sourceId":"7ad19000","targetId":"2e9fe37f-40d3-4c93-bb40-db2ae48b4f14","type":"AssociationRelationship"},{"id":"202973f2-8145-45f7-b696-21956a5a3224","sourceId":"9fc582a0","targetId":"8bda468e-7974-4323-bfb7-19b42298baec","type":"AssociationRelationship"},{"id":"f5a584ab-81e6-414d-83eb-44c7a25c6260","sourceId":"856ed729","targetId":"dea321d4-a9f7-400a-89b8-588291740bda","type":"AssociationRelationship"},{"id":"397eddc5-789d-4806-afc0-2d14b9f8f31a","sourceId":"bbc6e550","targetId":"071140db-441c-45a1-837e-93ba43d005bd","type":"AssociationRelationship"}],"views":[{"id":"0a542739","name":"Integration of bouded contexts through database","viewpoint":""}]}