{"identifier":"https://me.big.tuwien.ac.at/EAModelSet/id-ad036cc7f92c411697e6e123510a4664","archimateId":"id-ad036cc7f92c411697e6e123510a4664","name":"SwHelpDesk","description":"","formats":["XML","CSV","JSON","ARCHIMATE"],"source":"GitHub","sourceFile":"raw-data/github/archimate/swheldesk-2tdsf.archimate","sourceFormat":"ARCHIMATE","timestamp":"29-06-2023 09:29:36","tags":["DUPLICATE"],"duplicates":["raw-data/github/archimate/archimate.archimate"],"language":"pt","elements":[{"id":"id-c3424652edb1436ebbfb4078548daae7","name":"Capability","type":"Capability","layer":"strategy"},{"id":"id-e6a5fe2cfd9c423383e07166749be294","name":"Capability","type":"Capability","layer":"strategy"},{"id":"id-9b2b94fcc1884f4888b70b2a881d93d9","name":"Business Actor","type":"BusinessActor","layer":"business"},{"id":"id-0b7ac7cf057245cba33d4a6c7157d95a","name":"Registrar chamado","type":"BusinessProcess","layer":"business"},{"id":"id-15d904107e60477eb383c43a478bcab1","name":"Cliente entra em contato para suporte","type":"BusinessEvent","layer":"business"},{"id":"id-4d1f6efd4fe64742a8cd50d0bc76e62f","name":"Checar o nro de contrato de suporte fornecido pelo cliente","type":"BusinessFunction","layer":"business"},{"id":"id-cc35aabbcab244558b2601e5e600f889","name":"Cancelar atendimento por falta de contrato","type":"BusinessFunction","layer":"business"},{"id":"id-9f62490364e945088f04bcc4a0d278bc","name":"Registrar dados de contato do cliente","type":"BusinessFunction","layer":"business"},{"id":"id-df84346c11dc4419948883025244b6b0","name":"Registrar sintoma do problema","type":"BusinessFunction","layer":"business"},{"id":"id-dafe7f78f13c40228e248fad35de53ca","name":"Atendimento cancelado","type":"BusinessEvent","layer":"business"},{"id":"id-2fd55258182449cfbdb8228653d502f8","name":"Business Function","type":"BusinessFunction","layer":"business"},{"id":"id-e19eb3b707094401b7ed0248d033ae8e","name":"Gerar protocolo para o chamado do cliente","type":"BusinessFunction","layer":"business"},{"id":"id-e323c58b64f344c997f750d8d9005c0f","name":"Pesquisar base de soluções conhecidas","type":"BusinessFunction","layer":"business"},{"id":"id-c3cc6ca99adb4b9c892827e2b5db328d","name":"Aplicar solução encontrada","type":"BusinessFunction","layer":"business"},{"id":"id-56c1990969324949a0cbf5128586a061","name":"Business Function","type":"BusinessFunction","layer":"business"},{"id":"id-a19e75a9a01c43629c2097ec2c7bf311","name":"Confirmar solução com o cliente","type":"BusinessFunction","layer":"business"},{"id":"id-4850abe633084d50bbae4ba4180d78a2","name":"Encerrar atendimento do chamado solucionado","type":"BusinessFunction","layer":"business"},{"id":"id-7bfaf3e0b9f4491e92bc73e2ad7ca8bc","name":"Chamado resolvido","type":"BusinessEvent","layer":"business"},{"id":"id-e9563337168e401cb6de8db587d197c5","name":"Classificar a especialidade para resolver o chamado","type":"BusinessFunction","layer":"business"},{"id":"id-236a3c2d8e2c439e9deeff2b1ef2c838","name":"Movimentar chamado para a fila por especialidade","type":"BusinessFunction","layer":"business"},{"id":"id-5fdf2a4dc07b4ee6b78b10273a833c78","name":"Chamado pendente enfileirado","type":"BusinessEvent","layer":"business"},{"id":"id-1755a5a7b27549828cb82761b85d3d88","name":"Atendente de help desk","type":"BusinessActor","layer":"business"},{"id":"id-8127bf0af98d40c0ac86b8196af093c1","name":"Ponto único de contato direto com o cliente","type":"BusinessRole","layer":"business"},{"id":"id-f8acbf1179a84bb7a38bb52720d25923","name":"Gerente de relacionamento de clientes VIP","type":"BusinessActor","layer":"business"},{"id":"id-e74967f97d6c4730aba5a944123c83cb","name":"Avaliar atendimento","type":"BusinessProcess","layer":"business"},{"id":"id-597b5bee28bd44169b70498254f357d7","name":"Business Function","type":"BusinessFunction","layer":"business"},{"id":"id-435ed90b5ce64968b5a92f6eec550313","name":"Enviar para o eMail do cliente a mensagem de pesquisa com opções de notas de avaliação","type":"BusinessFunction","layer":"business"},{"id":"id-074ee1fd0a2147a29d722a7bd483a8d1","name":"Coletar retorno de avaliação do cliente","type":"BusinessFunction","layer":"business"},{"id":"id-196546f8fcf94b9aa46f6f9dd15cb690","name":"Pesquisa enviada","type":"BusinessEvent","layer":"business"},{"id":"id-8731bda271da4071ac8c78407c7d7e0e","name":"Chamado avaliado","type":"BusinessEvent","layer":"business"},{"id":"id-24d04a0bc8434640b9c3bda235a61fd0","name":"Cliente","type":"BusinessActor","layer":"business"},{"id":"id-7091aeb849d24388b3ea37b2d3396e1e","name":"Avaliador","type":"BusinessRole","layer":"business"},{"id":"id-d2fc1f29dd2d4c2e8c8a43577c5cf9d4","name":"Solucionar chamado em aberto","type":"BusinessProcess","layer":"business"},{"id":"id-d03ba3dc2ade4638998e637ec80b1b93","name":"Consultar a fila de chamados por especialidade","type":"BusinessFunction","layer":"business"},{"id":"id-56bc53ebcfde4f138105148d7a42a152","name":"Pegar o 1o chamado da fila na sua especialidade para resolver","type":"BusinessFunction","layer":"business"},{"id":"id-91b120a35cf647b5bc4c45da0cc7755f","name":"Registrar a ação realizada sobre o chamado","type":"BusinessFunction","layer":"business"},{"id":"id-bcad0f297d964b7d873de26b6f55a17c","name":"Confirmar solução com o cliente","type":"BusinessFunction","layer":"business"},{"id":"id-cd87f9abcdf64b3b87e18098826a8a15","name":"Decidir envio do chamado para outro especialista","type":"BusinessFunction","layer":"business"},{"id":"id-2a2f67cf12ad4a13b91a08448580d7f9","name":"Transferir chamado para outro especialista","type":"BusinessFunction","layer":"business"},{"id":"id-0014c774d552475690a659e6bef685d7","name":"Adicionar solução na base de soluções conhecidas","type":"BusinessFunction","layer":"business"},{"id":"id-97cbad5d764b4aa8a420efcde30ee95e","name":"Fechar chamado com solução encontrada","type":"BusinessFunction","layer":"business"},{"id":"id-079e347324aa49548337934385bf3e81","name":"Chamado pendente enfileirado (copy)","type":"BusinessEvent","layer":"business"},{"id":"id-8ffdb91c50724ee7b128635152bfb60b","name":"DBA","type":"BusinessActor","layer":"business"},{"id":"id-a6e5d06bf13a4b02a284e6b92e5fcb0e","name":"Analista de redes","type":"BusinessActor","layer":"business"},{"id":"id-3d8766c2811b413eb6de9de4a87f4228","name":"Analista de segurança","type":"BusinessActor","layer":"business"},{"id":"id-82972fe7bcff49d681361bd8a7b0ccb3","name":"Programador de aplicação","type":"BusinessActor","layer":"business"},{"id":"id-4bb65631974c412cb0d9e9f630316d19","name":"Solucionador ","type":"BusinessRole","layer":"business"},{"id":"id-1c93771b6dd5462b98e8c0a70303a487","name":"Application Component","type":"ApplicationComponent","layer":"application"},{"id":"id-986ccc57cc0340df928d55e951121ae4","name":"Facility","type":"Facility","layer":"technology"},{"id":"id-f818ec790d134c9b86ad11bb3603d756","name":"Technology Interaction","type":"TechnologyInteraction","layer":"technology"},{"id":"id-5224a6e352ec404fabc60d61194d21f9","name":"Technology Interaction","type":"TechnologyInteraction","layer":"technology"},{"id":"id-0e262337336e4bf29130ba22190d85fa","name":"Meaning","type":"Meaning","layer":"motivation"},{"id":"id-a08f3653920f46b19990c48eab7f3ed1","name":"","type":"Driver","layer":"motivation"},{"id":"id-7f9aa9015850444281115f9d52fe97c5","name":"Dono da SoftwareHouse","type":"Stakeholder","layer":"motivation"},{"id":"id-18000a0535e34048b495d2c18bcd6fe9","name":"Garantir a satisfação dos clientes","type":"Driver","layer":"motivation"},{"id":"id-46ef1d744a594c90b187cee0c2ab3c8b","name":"Registrar todas as demandas de suporte","type":"Driver","layer":"motivation"},{"id":"id-d1e7ec087da94914a75d6e9210f49d18","name":"Medir o tempo de atendimento","type":"Assessment","layer":"motivation"},{"id":"id-9dd071a89c3c4248b994bbf556143ca0","name":"Registrar em Software","type":"Assessment","layer":"motivation"},{"id":"id-6ce6e1ecaa45479c843d2324a282c26b","name":"Pesquisar satisfação com cliente","type":"Assessment","layer":"motivation"},{"id":"id-a47bd78028b24ff181f672386b20808d","name":"Mecanismo de registro dos chamados abertos em software","type":"Goal","layer":"motivation"},{"id":"id-a443de09cb31433aba864deee0d4b20e","name":"Controle de diagnóstico e solução em software","type":"Goal","layer":"motivation"},{"id":"id-fb860894cd524ce8b4ede0613aaa6ddd","name":"Mecanismo avaliativo do atendimento via digital","type":"Goal","layer":"motivation"},{"id":"id-82d494f98ac3448eb8b62015eb04db5e","name":"Manutenção de base de soluções conhecidas","type":"Goal","layer":"motivation"},{"id":"id-d2a973140ef44a83b4d16636e516323f","name":"Avaliação do cliente é opcional","type":"Principle","layer":"motivation"},{"id":"id-e543b0ce147c449d8dc5b9778da8b524","name":"Sempre disparar a pesquisa após encerrar um atendimento","type":"Principle","layer":"motivation"},{"id":"id-2a0a315d72d64b14ab59198f095926de","name":"Todos os atendimentos aos clientes devem ter registro em sistema","type":"Principle","layer":"motivation"},{"id":"id-c4ffdcd05c214663a84cd88d4e80a8b5","name":"Catalogar toda nova solução encontrada ao final do atendimento em uma base de soluções conhecidaas","type":"Principle","layer":"motivation"},{"id":"id-ca3a8650f347427fb1c1758ff6c87737","name":"Cadastrar novo chamado","type":"Requirement","layer":"motivation"},{"id":"id-8b1c918dcf5a4907b8f90039f91ebedf","name":"Registrar ação realizada durante o atendimento","type":"Requirement","layer":"motivation"},{"id":"id-e16e45bbb38741d9bd1cfa2fd77e6416","name":"Criar grupos de atendimento de profissionais por especialidade","type":"Requirement","layer":"motivation"},{"id":"id-cac29ce20b61442db5b5cff40da571b1","name":"Gerenciamento da fila de chamados por especialidade","type":"Requirement","layer":"motivation"},{"id":"id-eff6561e659441e3a2d1923d5aa6070c","name":"Pesquisar soluções  pré-cadastradas para um problema cadastrado","type":"Requirement","layer":"motivation"},{"id":"id-6fe672b9edc2453786b02f6ed265bd60","name":"Registrar solução, encerrando o atendimento","type":"Requirement","layer":"motivation"},{"id":"id-f9bcbd5dc76c42cf8f146401347eadc6","name":"Transferir chamado para outro profissional","type":"Requirement","layer":"motivation"},{"id":"id-28df6c5db0794deb9a9e5a349269ac93","name":"Transferir para a fila de outra equipe de especialistas","type":"Requirement","layer":"motivation"},{"id":"id-077692d092394f8fa662b645d5d483d9","name":"Disparar a pesquisa de satisfação","type":"Requirement","layer":"motivation"},{"id":"id-3cffdecbed8842eb87e4f9265b819432","name":"Coletar as respostas retornadas","type":"Requirement","layer":"motivation"},{"id":"id-bb2a46274ddd4dc487378d36cef8eb75","name":"","type":"Requirement","layer":"motivation"},{"id":"id-f1b9fa047ca142bc8dc0ed10d43e74d9","name":"","type":"Requirement","layer":"motivation"},{"id":"id-a28eb14e3ff34dbe8794bdac54872d95","name":"Email disparado ao encerrar um atendimento/solucionar chamado, contendo opções de avaliação por notas que o cliente deve selecionar","type":"Constraint","layer":"motivation"},{"id":"id-5315cb9a8c034ef39183b80a73710fd6","name":"Email disparado ao encerrar um atendimento/solucionar chamado, contendo opções de avaliação por notas que o cliente deve selecionar","type":"Constraint","layer":"motivation"},{"id":"id-e6c9fec7edb14406b24bf4a42b3d879b","name":"Mecanismo de totalização das repostas devolvidas por e-mail, agrupadas por nota atribuída","type":"Constraint","layer":"motivation"},{"id":"id-a22fb2227d234489873af522f66fc22a","name":"Informações preenchidas por um atendente, contendo: protocolo gerado pelo sistema, data e hora, descrição do sintoma do problema, identificação do cliente, identificação do atendente, forma de contato, prioridade, especialidade técnica envolvida","type":"Constraint","layer":"motivation"},{"id":"id-a0d337eca4c8471bb4193138a9a0cfb6","name":"Sequenciar o atendimento por Data, depois Prioridade, depois Hora de abertura","type":"Constraint","layer":"motivation"},{"id":"id-6c868206926f4690a00cb38d4d2efb05","name":"Ao resolver o chamado, registrar uma descrição da solução para associar ao registro do chamado, junto com a data e hora da solução e o tempo total de atendimento]","type":"Constraint","layer":"motivation"},{"id":"id-74bb5d7e21c34c22b75cdfefc75c1231","name":"Incluir no banco de soluções a descrição do sintoma/problema e a descrição da solução","type":"Constraint","layer":"motivation"},{"id":"id-e615217e6d264b92a297ca3f20734f3d","name":"Informar a descrição do sintoma para que o sistema mostre uma descrição de solução associada (pesquisa por palavras)","type":"Constraint","layer":"motivation"},{"id":"id-5b34d57aa8e649348ad8b1f87df48a82","name":"Informar a identificação do técnico, descrição da operação feita, data de hora da operação","type":"Constraint","layer":"motivation"},{"id":"id-aec623aaa9204d5a91680834a7568e0b","name":"Criar identificadores de grupo de especialidade para cada funcionário que atua no suporte ao cliente","type":"Constraint","layer":"motivation"},{"id":"id-4fbcfd21abbe44c1b0167315c066631a","name":"Informar identificação funcional do profissional de destino do chamado e data e hora da operação","type":"Constraint","layer":"motivation"},{"id":"id-eb37e48378a1440db4103cc48e776ca3","name":"Informar identificação do grupo de especialidade de destino e chamado e data e hora da operação","type":"Constraint","layer":"motivation"},{"id":"id-2c682c865d6849f6b4229e764722b67c","name":"Meaning","type":"Meaning","layer":"motivation"},{"id":"id-3f18a8bacca0454894ef4b17f1f3d50f","name":"Confirmar contrato de cliente para suporte","type":"Requirement","layer":"motivation"},{"id":"id-62f4787de22540b9bae9deb666171d92","name":"O cliente deve informar seu nro de contrato para verificação em sistema","type":"Constraint","layer":"motivation"},{"id":"id-38b1a34b94e945bba33d3b04acf11efe","name":"Gap","type":"Gap","layer":"implementation_migration"},{"id":"id-18d0bbc35cd540148f9e6caab5e3b90d","name":"Junction","type":"Junction","layer":"other"},{"id":"id-fa9a81e7f2ee453ea0c5ec5f455db739","name":"Sede da empresa","type":"Location","layer":"other"},{"id":"id-4aa015144bc94c2f8cf90ab2993929bd","name":"Onde o cliente estiver","type":"Location","layer":"other"},{"id":"id-cdf803e6303c4866b437f06dba9082b7","name":"Home office","type":"Location","layer":"other"},{"id":"id-e9b64654f22e495897338bd80e62c30b","name":"Sede da empresa fornecedora","type":"Location","layer":"other"},{"id":"id-1160027b7e2a4f16932bb5e6ea386c29","name":"No local do cliente (em campo)","type":"Location","layer":"other"}],"relationships":[{"id":"id-84eaa4da201b45b7906499e6906aaf19","sourceId":"id-7f9aa9015850444281115f9d52fe97c5","targetId":"id-18000a0535e34048b495d2c18bcd6fe9","type":"InfluenceRelationship"},{"id":"id-d065c8834e9e4160b020dd6b1e9b5513","sourceId":"id-7f9aa9015850444281115f9d52fe97c5","targetId":"id-46ef1d744a594c90b187cee0c2ab3c8b","type":"InfluenceRelationship"},{"id":"id-de0980e3b392430d9aceeddc8722e743","sourceId":"id-18000a0535e34048b495d2c18bcd6fe9","targetId":"id-d1e7ec087da94914a75d6e9210f49d18","type":"AssociationRelationship"},{"id":"id-ed1339dd84464670bf56c94490ecd6ca","sourceId":"id-46ef1d744a594c90b187cee0c2ab3c8b","targetId":"id-9dd071a89c3c4248b994bbf556143ca0","type":"AssociationRelationship"},{"id":"id-3883e19063854c898e6b9d18c98be5f2","sourceId":"id-18000a0535e34048b495d2c18bcd6fe9","targetId":"id-6ce6e1ecaa45479c843d2324a282c26b","type":"AssociationRelationship"},{"id":"id-9724cc016ec04031bb334396b4385fdf","sourceId":"id-9dd071a89c3c4248b994bbf556143ca0","targetId":"id-a47bd78028b24ff181f672386b20808d","type":"AssociationRelationship"},{"id":"id-c7350bd6f32d4e7292dbade9bf361bf4","sourceId":"id-d1e7ec087da94914a75d6e9210f49d18","targetId":"id-a443de09cb31433aba864deee0d4b20e","type":"AssociationRelationship"},{"id":"id-4635a91f005d413c9148674848d74547","sourceId":"id-9dd071a89c3c4248b994bbf556143ca0","targetId":"id-a443de09cb31433aba864deee0d4b20e","type":"AssociationRelationship"},{"id":"id-2bede05c8bef4f05b49fbc0613235162","sourceId":"id-6ce6e1ecaa45479c843d2324a282c26b","targetId":"id-fb860894cd524ce8b4ede0613aaa6ddd","type":"AssociationRelationship"},{"id":"id-f62c2cacc8b048b7b33a849eca2a7d2d","sourceId":"id-9dd071a89c3c4248b994bbf556143ca0","targetId":"id-82d494f98ac3448eb8b62015eb04db5e","type":"AssociationRelationship"},{"id":"id-6f0bfa639c834551803f42f731f5dca3","sourceId":"id-fb860894cd524ce8b4ede0613aaa6ddd","targetId":"id-d2a973140ef44a83b4d16636e516323f","type":"AssociationRelationship"},{"id":"id-aaacce0f2aca43fea1718d6306970662","sourceId":"id-fb860894cd524ce8b4ede0613aaa6ddd","targetId":"id-e543b0ce147c449d8dc5b9778da8b524","type":"AssociationRelationship"},{"id":"id-e110bcf78f2b4e609ec30d13ec398ecb","sourceId":"id-a47bd78028b24ff181f672386b20808d","targetId":"id-2a0a315d72d64b14ab59198f095926de","type":"AssociationRelationship"},{"id":"id-210ce06c2c324f15bbc320658dc1df10","sourceId":"id-82d494f98ac3448eb8b62015eb04db5e","targetId":"id-c4ffdcd05c214663a84cd88d4e80a8b5","type":"AssociationRelationship"},{"id":"id-c5f61756d1ad4f6ebc60dd8f0cdb2d65","sourceId":"id-c4ffdcd05c214663a84cd88d4e80a8b5","targetId":"id-a443de09cb31433aba864deee0d4b20e","type":"AssociationRelationship"},{"id":"id-bf8253dfa27d4f8196bbb01106f524f8","sourceId":"id-a47bd78028b24ff181f672386b20808d","targetId":"id-ca3a8650f347427fb1c1758ff6c87737","type":"AssociationRelationship"},{"id":"id-e7b53e0fde66489985f538aee58fd6b3","sourceId":"id-a443de09cb31433aba864deee0d4b20e","targetId":"id-8b1c918dcf5a4907b8f90039f91ebedf","type":"AssociationRelationship"},{"id":"id-11b04184f3ea4d26a133e3011b80a1e0","sourceId":"id-a47bd78028b24ff181f672386b20808d","targetId":"id-e16e45bbb38741d9bd1cfa2fd77e6416","type":"AssociationRelationship"},{"id":"id-e77be01cb37d4f049f84c973069933f7","sourceId":"id-e16e45bbb38741d9bd1cfa2fd77e6416","targetId":"id-a443de09cb31433aba864deee0d4b20e","type":"AssociationRelationship"},{"id":"id-c2a6eb8020e74b8383b4c9e8fbb5d36e","sourceId":"id-a47bd78028b24ff181f672386b20808d","targetId":"id-cac29ce20b61442db5b5cff40da571b1","type":"AssociationRelationship"},{"id":"id-6cc696e3723849429bdd296e64376ee3","sourceId":"id-a443de09cb31433aba864deee0d4b20e","targetId":"id-eff6561e659441e3a2d1923d5aa6070c","type":"AssociationRelationship"},{"id":"id-e543f01990ba4b58a16ea29865da2b1d","sourceId":"id-82d494f98ac3448eb8b62015eb04db5e","targetId":"id-6fe672b9edc2453786b02f6ed265bd60","type":"AssociationRelationship"},{"id":"id-56567f8a0bbd4b27a1d08041c373ccd2","sourceId":"id-a443de09cb31433aba864deee0d4b20e","targetId":"id-6fe672b9edc2453786b02f6ed265bd60","type":"AssociationRelationship"},{"id":"id-1f59126aa4d04984a87f2df8d345d505","sourceId":"id-a443de09cb31433aba864deee0d4b20e","targetId":"id-f9bcbd5dc76c42cf8f146401347eadc6","type":"AssociationRelationship"},{"id":"id-dfe9de9d4f024ea0867a7d2b649c870c","sourceId":"id-a443de09cb31433aba864deee0d4b20e","targetId":"id-28df6c5db0794deb9a9e5a349269ac93","type":"AssociationRelationship"},{"id":"id-61210142b0c6473a80ffe7216ade9af0","sourceId":"id-fb860894cd524ce8b4ede0613aaa6ddd","targetId":"id-077692d092394f8fa662b645d5d483d9","type":"AssociationRelationship"},{"id":"id-597ab998438a4b8cb5721afc0a78c4f8","sourceId":"id-fb860894cd524ce8b4ede0613aaa6ddd","targetId":"id-3cffdecbed8842eb87e4f9265b819432","type":"AssociationRelationship"},{"id":"id-eb439401bd1c4ef0aeba2d03c57a18f1","sourceId":"id-077692d092394f8fa662b645d5d483d9","targetId":"id-bb2a46274ddd4dc487378d36cef8eb75","type":"AssociationRelationship"},{"id":"id-89a0c9f762da4153ba731ea4a8abd4ba","sourceId":"id-3cffdecbed8842eb87e4f9265b819432","targetId":"id-f1b9fa047ca142bc8dc0ed10d43e74d9","type":"AssociationRelationship"},{"id":"id-2d64f3027195441898c7f1473f6d5ff2","sourceId":"id-077692d092394f8fa662b645d5d483d9","targetId":"id-5315cb9a8c034ef39183b80a73710fd6","type":"AssociationRelationship"},{"id":"id-9d9f3dbbf6984aa7bf4a158e11d6f751","sourceId":"id-e6c9fec7edb14406b24bf4a42b3d879b","targetId":"id-3cffdecbed8842eb87e4f9265b819432","type":"AssociationRelationship"},{"id":"id-b4fa875465b24d45a48ca7c4b75a6f04","sourceId":"id-ca3a8650f347427fb1c1758ff6c87737","targetId":"id-a22fb2227d234489873af522f66fc22a","type":"AssociationRelationship"},{"id":"id-e7b594e4395943a7b87ad73d65cb9158","sourceId":"id-cac29ce20b61442db5b5cff40da571b1","targetId":"id-a0d337eca4c8471bb4193138a9a0cfb6","type":"AssociationRelationship"},{"id":"id-7a0beb06ca514bc58e6d3b4c125a1484","sourceId":"id-6fe672b9edc2453786b02f6ed265bd60","targetId":"id-6c868206926f4690a00cb38d4d2efb05","type":"AssociationRelationship"},{"id":"id-e8deb2742e8c42659e4a3fb5bdf136d5","sourceId":"id-6fe672b9edc2453786b02f6ed265bd60","targetId":"id-74bb5d7e21c34c22b75cdfefc75c1231","type":"AssociationRelationship"},{"id":"id-2900c48c523c4f54a1f0b13697107659","sourceId":"id-eff6561e659441e3a2d1923d5aa6070c","targetId":"id-e615217e6d264b92a297ca3f20734f3d","type":"AssociationRelationship"},{"id":"id-7110685eda7644ce93bb4c17a78649e7","sourceId":"id-8b1c918dcf5a4907b8f90039f91ebedf","targetId":"id-5b34d57aa8e649348ad8b1f87df48a82","type":"AssociationRelationship"},{"id":"id-233855ab043c465bbbcd2538cfcf651f","sourceId":"id-e16e45bbb38741d9bd1cfa2fd77e6416","targetId":"id-aec623aaa9204d5a91680834a7568e0b","type":"AssociationRelationship"},{"id":"id-0cdf9cd184bc4f8ea632a5110537d2fe","sourceId":"id-f9bcbd5dc76c42cf8f146401347eadc6","targetId":"id-4fbcfd21abbe44c1b0167315c066631a","type":"AssociationRelationship"},{"id":"id-a5ed31671e464602b356fb7d01235259","sourceId":"id-28df6c5db0794deb9a9e5a349269ac93","targetId":"id-eb37e48378a1440db4103cc48e776ca3","type":"AssociationRelationship"},{"id":"id-63b7dcc26f964a929c6b2483c33158ba","sourceId":"id-a47bd78028b24ff181f672386b20808d","targetId":"id-3f18a8bacca0454894ef4b17f1f3d50f","type":"AssociationRelationship"},{"id":"id-8255f0020cc84b9d8e808de024d561c4","sourceId":"id-3f18a8bacca0454894ef4b17f1f3d50f","targetId":"id-62f4787de22540b9bae9deb666171d92","type":"AssociationRelationship"},{"id":"id-61befa02a6bb42f5902122d02603d7c9","sourceId":"id-0b7ac7cf057245cba33d4a6c7157d95a","targetId":"id-4d1f6efd4fe64742a8cd50d0bc76e62f","type":"CompositionRelationship"},{"id":"id-12e1313f34d14135a3ae682f9f79c99e","sourceId":"id-15d904107e60477eb383c43a478bcab1","targetId":"id-4d1f6efd4fe64742a8cd50d0bc76e62f","type":"TriggeringRelationship"},{"id":"id-544e60c431494644b21a4f1595a9f9b0","sourceId":"id-0b7ac7cf057245cba33d4a6c7157d95a","targetId":"id-cc35aabbcab244558b2601e5e600f889","type":"AggregationRelationship"},{"id":"id-454264fb2ced4b3d867ef44101b74389","sourceId":"id-0b7ac7cf057245cba33d4a6c7157d95a","targetId":"id-9f62490364e945088f04bcc4a0d278bc","type":"AggregationRelationship"},{"id":"id-e8bf92686e474a328326efab5f05624c","sourceId":"id-0b7ac7cf057245cba33d4a6c7157d95a","targetId":"id-df84346c11dc4419948883025244b6b0","type":"AggregationRelationship"},{"id":"id-078778ba48a047d4995fdbeb77e3b6df","sourceId":"id-4d1f6efd4fe64742a8cd50d0bc76e62f","targetId":"id-cc35aabbcab244558b2601e5e600f889","type":"FlowRelationship"},{"id":"id-0caaa0c7521d43858f7920ae443a97bf","sourceId":"id-4d1f6efd4fe64742a8cd50d0bc76e62f","targetId":"id-e19eb3b707094401b7ed0248d033ae8e","type":"FlowRelationship"},{"id":"id-c0e4aafe07dc4abc88d403ef17ae7fa7","sourceId":"id-9f62490364e945088f04bcc4a0d278bc","targetId":"id-df84346c11dc4419948883025244b6b0","type":"FlowRelationship"},{"id":"id-41c07d9deb5e430a81abfc4a6262d122","sourceId":"id-cc35aabbcab244558b2601e5e600f889","targetId":"id-dafe7f78f13c40228e248fad35de53ca","type":"TriggeringRelationship"},{"id":"id-49184682cab347ccb564da91329e1fd2","sourceId":"id-0b7ac7cf057245cba33d4a6c7157d95a","targetId":"id-2fd55258182449cfbdb8228653d502f8","type":"CompositionRelationship"},{"id":"id-a8551001b79d4fa6a2994727199fc45f","sourceId":"id-0b7ac7cf057245cba33d4a6c7157d95a","targetId":"id-e19eb3b707094401b7ed0248d033ae8e","type":"AggregationRelationship"},{"id":"id-4024fe6a63124d3c88ae854a07d235e7","sourceId":"id-e19eb3b707094401b7ed0248d033ae8e","targetId":"id-9f62490364e945088f04bcc4a0d278bc","type":"FlowRelationship"},{"id":"id-e050b59033f74cf2a786fb6226b497c5","sourceId":"id-0b7ac7cf057245cba33d4a6c7157d95a","targetId":"id-e323c58b64f344c997f750d8d9005c0f","type":"AggregationRelationship"},{"id":"id-16f9b17a1272483d9b5780f6685b6d96","sourceId":"id-df84346c11dc4419948883025244b6b0","targetId":"id-e323c58b64f344c997f750d8d9005c0f","type":"FlowRelationship"},{"id":"id-0457912a79404bc1a9f038cdfc0ba799","sourceId":"id-0b7ac7cf057245cba33d4a6c7157d95a","targetId":"id-c3cc6ca99adb4b9c892827e2b5db328d","type":"AggregationRelationship"},{"id":"id-4956b28fbf474da6a73a64a8192ea7e9","sourceId":"id-e323c58b64f344c997f750d8d9005c0f","targetId":"id-c3cc6ca99adb4b9c892827e2b5db328d","type":"FlowRelationship"},{"id":"id-119b3f9da84841909754e6e93529290f","sourceId":"id-0b7ac7cf057245cba33d4a6c7157d95a","targetId":"id-56c1990969324949a0cbf5128586a061","type":"CompositionRelationship"},{"id":"id-765591a2744041af8ce6ce24453ef5e9","sourceId":"id-0b7ac7cf057245cba33d4a6c7157d95a","targetId":"id-a19e75a9a01c43629c2097ec2c7bf311","type":"AggregationRelationship"},{"id":"id-c8f04c3cf6bb497ca2100e25acdb1bd3","sourceId":"id-c3cc6ca99adb4b9c892827e2b5db328d","targetId":"id-a19e75a9a01c43629c2097ec2c7bf311","type":"FlowRelationship"},{"id":"id-25e64b2b47204e6d97c267b59d0ec015","sourceId":"id-0b7ac7cf057245cba33d4a6c7157d95a","targetId":"id-4850abe633084d50bbae4ba4180d78a2","type":"AggregationRelationship"},{"id":"id-ffced675f30d408e80eadfd61fc6679a","sourceId":"id-a19e75a9a01c43629c2097ec2c7bf311","targetId":"id-4850abe633084d50bbae4ba4180d78a2","type":"FlowRelationship"},{"id":"id-06cba4f07dc947b6a384c05f4ecdba58","sourceId":"id-4850abe633084d50bbae4ba4180d78a2","targetId":"id-7bfaf3e0b9f4491e92bc73e2ad7ca8bc","type":"TriggeringRelationship"},{"id":"id-4e0db9de6735470d92d40e5886f679b4","sourceId":"id-0b7ac7cf057245cba33d4a6c7157d95a","targetId":"id-e9563337168e401cb6de8db587d197c5","type":"AggregationRelationship"},{"id":"id-5e7cc8b822d64c76a3aa8e52d4057e7d","sourceId":"id-0b7ac7cf057245cba33d4a6c7157d95a","targetId":"id-236a3c2d8e2c439e9deeff2b1ef2c838","type":"AggregationRelationship"},{"id":"id-0c8a68324ba5495e983b4a5a6c497245","sourceId":"id-e9563337168e401cb6de8db587d197c5","targetId":"id-236a3c2d8e2c439e9deeff2b1ef2c838","type":"FlowRelationship"},{"id":"id-6587c5f273004941bd6fd88332d1dd7d","sourceId":"id-e323c58b64f344c997f750d8d9005c0f","targetId":"id-e9563337168e401cb6de8db587d197c5","type":"FlowRelationship"},{"id":"id-c91fb04ac57c40ff942ea6a4651bd1a4","sourceId":"id-a19e75a9a01c43629c2097ec2c7bf311","targetId":"id-e9563337168e401cb6de8db587d197c5","type":"FlowRelationship"},{"id":"id-f48f8a1d52834b80bd0a3c377787bd78","sourceId":"id-236a3c2d8e2c439e9deeff2b1ef2c838","targetId":"id-5fdf2a4dc07b4ee6b78b10273a833c78","type":"TriggeringRelationship"},{"id":"id-fe48fbe20f604f138b907dbf077117c9","sourceId":"id-1755a5a7b27549828cb82761b85d3d88","targetId":"id-8127bf0af98d40c0ac86b8196af093c1","type":"AssignmentRelationship"},{"id":"id-41f484b1bdb34cf5adc97efd6752f200","sourceId":"id-8127bf0af98d40c0ac86b8196af093c1","targetId":"id-0b7ac7cf057245cba33d4a6c7157d95a","type":"ServingRelationship"},{"id":"id-7b1b643e8cdf41c18b62d54db54152d6","sourceId":"id-f8acbf1179a84bb7a38bb52720d25923","targetId":"id-8127bf0af98d40c0ac86b8196af093c1","type":"AssignmentRelationship"},{"id":"id-4c75ea51b61e4653a3974ea6c39979b6","sourceId":"id-fa9a81e7f2ee453ea0c5ec5f455db739","targetId":"id-0b7ac7cf057245cba33d4a6c7157d95a","type":"AssociationRelationship"},{"id":"id-271e4656c91d4a748575de939c9bf75c","sourceId":"id-e74967f97d6c4730aba5a944123c83cb","targetId":"id-597b5bee28bd44169b70498254f357d7","type":"CompositionRelationship"},{"id":"id-8696ceaf6a0f43caba906e240ac064db","sourceId":"id-e74967f97d6c4730aba5a944123c83cb","targetId":"id-435ed90b5ce64968b5a92f6eec550313","type":"CompositionRelationship"},{"id":"id-24f1125f2eb9454bb07d3d201c3b40a2","sourceId":"id-7bfaf3e0b9f4491e92bc73e2ad7ca8bc","targetId":"id-435ed90b5ce64968b5a92f6eec550313","type":"TriggeringRelationship"},{"id":"id-98f5b47c7369475cb1d89106c708e762","sourceId":"id-e74967f97d6c4730aba5a944123c83cb","targetId":"id-074ee1fd0a2147a29d722a7bd483a8d1","type":"AggregationRelationship"},{"id":"id-3a953dc2e98540528a1b0db607819325","sourceId":"id-435ed90b5ce64968b5a92f6eec550313","targetId":"id-074ee1fd0a2147a29d722a7bd483a8d1","type":"FlowRelationship"},{"id":"id-3b74bbbf938f4a28af479e5c93aadea9","sourceId":"id-435ed90b5ce64968b5a92f6eec550313","targetId":"id-196546f8fcf94b9aa46f6f9dd15cb690","type":"TriggeringRelationship"},{"id":"id-4cfca5b22b7a413db5043b58a363a9a8","sourceId":"id-074ee1fd0a2147a29d722a7bd483a8d1","targetId":"id-8731bda271da4071ac8c78407c7d7e0e","type":"TriggeringRelationship"},{"id":"id-d28b1b09808a4a7d9f876482dcc2ffeb","sourceId":"id-24d04a0bc8434640b9c3bda235a61fd0","targetId":"id-7091aeb849d24388b3ea37b2d3396e1e","type":"AssignmentRelationship"},{"id":"id-748a41c902824d229378604e68ef4657","sourceId":"id-7091aeb849d24388b3ea37b2d3396e1e","targetId":"id-e74967f97d6c4730aba5a944123c83cb","type":"ServingRelationship"},{"id":"id-c0a2746aabe74f0faef6ba5f1cfd5c51","sourceId":"id-4aa015144bc94c2f8cf90ab2993929bd","targetId":"id-e74967f97d6c4730aba5a944123c83cb","type":"AssociationRelationship"},{"id":"id-a942ef213bd54d3fb59a77257ac5eea2","sourceId":"id-d2fc1f29dd2d4c2e8c8a43577c5cf9d4","targetId":"id-d03ba3dc2ade4638998e637ec80b1b93","type":"CompositionRelationship"},{"id":"id-870c942360cb4cd1aee7f5f37245c518","sourceId":"id-5fdf2a4dc07b4ee6b78b10273a833c78","targetId":"id-d03ba3dc2ade4638998e637ec80b1b93","type":"TriggeringRelationship"},{"id":"id-abd17e9fd18740e8a11fd6713870a497","sourceId":"id-d2fc1f29dd2d4c2e8c8a43577c5cf9d4","targetId":"id-56bc53ebcfde4f138105148d7a42a152","type":"CompositionRelationship"},{"id":"id-83d54708007d43a5a11aec56cf28616c","sourceId":"id-d03ba3dc2ade4638998e637ec80b1b93","targetId":"id-56bc53ebcfde4f138105148d7a42a152","type":"FlowRelationship"},{"id":"id-bae907f66aad43cb8d7309312ba8bea4","sourceId":"id-d2fc1f29dd2d4c2e8c8a43577c5cf9d4","targetId":"id-91b120a35cf647b5bc4c45da0cc7755f","type":"CompositionRelationship"},{"id":"id-64ccdcac1410477fa965130c85b6541d","sourceId":"id-56bc53ebcfde4f138105148d7a42a152","targetId":"id-91b120a35cf647b5bc4c45da0cc7755f","type":"FlowRelationship"},{"id":"id-7c96adb357ca4e07af8b3831d7b8570b","sourceId":"id-d2fc1f29dd2d4c2e8c8a43577c5cf9d4","targetId":"id-bcad0f297d964b7d873de26b6f55a17c","type":"AggregationRelationship"},{"id":"id-2e724e3161d9496e9cf09acedb72314f","sourceId":"id-91b120a35cf647b5bc4c45da0cc7755f","targetId":"id-bcad0f297d964b7d873de26b6f55a17c","type":"FlowRelationship"},{"id":"id-44a3000e2ed542e4a319efd988382852","sourceId":"id-d2fc1f29dd2d4c2e8c8a43577c5cf9d4","targetId":"id-cd87f9abcdf64b3b87e18098826a8a15","type":"AggregationRelationship"},{"id":"id-20fb23e7a80d4dd099c905f463e7ad9f","sourceId":"id-bcad0f297d964b7d873de26b6f55a17c","targetId":"id-cd87f9abcdf64b3b87e18098826a8a15","type":"FlowRelationship"},{"id":"id-dfe45c74baed4331abb3f0a894810593","sourceId":"id-d2fc1f29dd2d4c2e8c8a43577c5cf9d4","targetId":"id-2a2f67cf12ad4a13b91a08448580d7f9","type":"AggregationRelationship"},{"id":"id-9dc3b20b1414435db250e5b059a7694f","sourceId":"id-cd87f9abcdf64b3b87e18098826a8a15","targetId":"id-2a2f67cf12ad4a13b91a08448580d7f9","type":"FlowRelationship"},{"id":"id-bb3640e5f24244419a85b58e0694a518","sourceId":"id-cd87f9abcdf64b3b87e18098826a8a15","targetId":"id-91b120a35cf647b5bc4c45da0cc7755f","type":"FlowRelationship"},{"id":"id-17de39661a714b30bf5e0d2942c5dc8c","sourceId":"id-d2fc1f29dd2d4c2e8c8a43577c5cf9d4","targetId":"id-0014c774d552475690a659e6bef685d7","type":"AggregationRelationship"},{"id":"id-f3be90a3b09049aba1a25506823245c4","sourceId":"id-bcad0f297d964b7d873de26b6f55a17c","targetId":"id-0014c774d552475690a659e6bef685d7","type":"FlowRelationship"},{"id":"id-c69f94e1cf5d47e2918a50c7a8c9218e","sourceId":"id-d2fc1f29dd2d4c2e8c8a43577c5cf9d4","targetId":"id-97cbad5d764b4aa8a420efcde30ee95e","type":"AggregationRelationship"},{"id":"id-6ed9a89aead741389be57886dc79d39d","sourceId":"id-0014c774d552475690a659e6bef685d7","targetId":"id-97cbad5d764b4aa8a420efcde30ee95e","type":"FlowRelationship"},{"id":"id-caab8d560f0041b89cedd7605b1f5f32","sourceId":"id-97cbad5d764b4aa8a420efcde30ee95e","targetId":"id-7bfaf3e0b9f4491e92bc73e2ad7ca8bc","type":"TriggeringRelationship"},{"id":"id-688999cd72bf49899d6b5368b1fb8a3f","sourceId":"id-2a2f67cf12ad4a13b91a08448580d7f9","targetId":"id-079e347324aa49548337934385bf3e81","type":"TriggeringRelationship"},{"id":"id-621c76cbe24a46dc9b9040229691f54f","sourceId":"id-82972fe7bcff49d681361bd8a7b0ccb3","targetId":"id-4bb65631974c412cb0d9e9f630316d19","type":"AssignmentRelationship"},{"id":"id-71dd52e5af8844338457f02285e99916","sourceId":"id-8ffdb91c50724ee7b128635152bfb60b","targetId":"id-4bb65631974c412cb0d9e9f630316d19","type":"AssignmentRelationship"},{"id":"id-8638ee608dc34eac93e7e18257534e5d","sourceId":"id-3d8766c2811b413eb6de9de4a87f4228","targetId":"id-4bb65631974c412cb0d9e9f630316d19","type":"AssignmentRelationship"},{"id":"id-1a9b32cb432d4d8b94a58c92a4743e16","sourceId":"id-a6e5d06bf13a4b02a284e6b92e5fcb0e","targetId":"id-4bb65631974c412cb0d9e9f630316d19","type":"AssignmentRelationship"},{"id":"id-666619025e904a52ad4a370224b50eb2","sourceId":"id-4bb65631974c412cb0d9e9f630316d19","targetId":"id-d2fc1f29dd2d4c2e8c8a43577c5cf9d4","type":"ServingRelationship"},{"id":"id-c13ee2d17a074d599df012524ef0413c","sourceId":"id-1160027b7e2a4f16932bb5e6ea386c29","targetId":"id-d2fc1f29dd2d4c2e8c8a43577c5cf9d4","type":"AssociationRelationship"},{"id":"id-c17a64e12e934a838a5c802bac18baea","sourceId":"id-cdf803e6303c4866b437f06dba9082b7","targetId":"id-d2fc1f29dd2d4c2e8c8a43577c5cf9d4","type":"AssociationRelationship"},{"id":"id-d4c0a58459fd46639bb71e44822b7462","sourceId":"id-e9b64654f22e495897338bd80e62c30b","targetId":"id-d2fc1f29dd2d4c2e8c8a43577c5cf9d4","type":"AssociationRelationship"}],"views":[{"id":"id-d3bf8d8daf8a456cbaf568bbed33adf0","name":"Default View","viewpoint":""}]}