{"identifier":"https://me.big.tuwien.ac.at/EAModelSet/d43b62e8-4d7a-4573-aa7a-d7e734fbcac3","archimateId":"d43b62e8-4d7a-4573-aa7a-d7e734fbcac3","name":"ArchiServices","description":"This architecture introduces ArchiServices, a fictitous IT services company which will be used to illustrate the different features of the Torchlight document generation system.  The example is based on ArchiSurance, the Archimate example model and a paper by Marco Vicente on Enterprise Architecture and IT Service Management.","formats":["XML","CSV","JSON","ARCHIMATE"],"source":"GitHub","repository":"archilight/torchlight-present","license":"Apache License 2.0","sourceFile":"raw-data/github/archimate/archiservices.archimate","sourceFormat":"ARCHIMATE","timestamp":"2023-07-06T09:29:17","tags":[],"duplicates":[],"language":"en","elements":[{"id":"49009047-7b55-43ba-b0bf-f1431bb52a1c","name":"Service Desk Capability","type":"Capability","layer":"strategy"},{"id":"94b40747-39dd-4e0e-94bc-08082d2f42a7","name":"ITSM Process Capability","type":"Capability","layer":"strategy"},{"id":"73a4cfc2-1352-4f24-970c-0538e6e7b595","name":"Board","type":"BusinessActor","layer":"business"},{"id":"ac8bd4c8-86f1-483e-9299-c2913d5a7749","name":"Application Services","type":"BusinessActor","layer":"business"},{"id":"83b328c3-96c0-4db0-a18d-bc2bd209b95b","name":"Service Management","type":"BusinessActor","layer":"business"},{"id":"45803476-67d0-4984-af52-3a06de95473d","name":"Finance","type":"BusinessActor","layer":"business"},{"id":"949fc28b-e5be-4cd2-a111-83d89bf075a2","name":"Quality","type":"BusinessActor","layer":"business"},{"id":"fc6095ae-dee3-461b-bcd2-52da6f9838ac","name":"Director of Sales","type":"BusinessActor","layer":"business"},{"id":"1e819523-6b72-4a4c-b3f7-89c67a510e49","name":"Product Development","type":"BusinessActor","layer":"business"},{"id":"1296f15e-28a1-441c-90a3-4d8bcf035892","name":"Director of Finance","type":"BusinessActor","layer":"business"},{"id":"0088fa38-85a4-436a-9334-ecddad96a94c","name":"Customer Services","type":"BusinessActor","layer":"business"},{"id":"a04ca11a-2bd9-404e-b8bf-32da854dfa84","name":"Infrastructure Services","type":"BusinessActor","layer":"business"},{"id":"20526138-2721-40bf-8eff-551d8573adf4","name":"Customer Relations","type":"BusinessActor","layer":"business"},{"id":"df30bf17-b989-412d-9e11-f968db17dfdd","name":"Marketing","type":"BusinessActor","layer":"business"},{"id":"bbe856e1-8d00-4557-8af0-f38ede421709","name":"Director of Operations","type":"BusinessActor","layer":"business"},{"id":"3dc048e5-ab93-49f6-b908-d2d8f896e44e","name":"Human Resources","type":"BusinessActor","layer":"business"},{"id":"2a55dd60-26e9-4007-a3ba-a7cc75809073","name":"Remote Infrastructure Support","type":"BusinessFunction","layer":"business"},{"id":"6c97fd6f-950e-4858-8ea2-d98b44c4eecd","name":"Mobile Engineering","type":"BusinessFunction","layer":"business"},{"id":"75fd9f3c-e945-4146-bd8a-7cc1ffe78974","name":"Application Support","type":"BusinessFunction","layer":"business"},{"id":"f6e27646-bc2c-4598-bc05-ff08bf79fb72","name":"Customer Support","type":"BusinessFunction","layer":"business"},{"id":"de5d3772-ba39-4ce2-8fb9-f574fab5a02a","name":"Service Desk","type":"BusinessFunction","layer":"business"},{"id":"be256a37-b0d1-4a7d-9525-ce75f0471b99","name":"Incident Management","type":"BusinessProcess","layer":"business"},{"id":"96f8581f-fc1d-494a-8c41-72507fd0e783","name":"Service Change Management","type":"BusinessProcess","layer":"business"},{"id":"652668b4-5fc2-4777-b914-69db137d2a60","name":"Problem Management","type":"BusinessProcess","layer":"business"},{"id":"44600927-b36d-46cc-8224-0cdc3e81ef87","name":"Local Client Applications","type":"ApplicationComponent","layer":"application"},{"id":"50f819e8-9b98-4df5-bb1f-fae6a0dca8c9","name":"Monitoring System","type":"ApplicationComponent","layer":"application"},{"id":"f1b274a4-2238-499a-b6ea-ba9c4a3e90f3","name":"Client Applications","type":"ApplicationComponent","layer":"application"},{"id":"4c5f11dd-e452-4acc-94bf-76c2910ca22a","name":"Service Desk Application","type":"ApplicationComponent","layer":"application"},{"id":"5ef7e224-dc08-4ee3-8ba5-f90ce0727656","name":"Interface","type":"ApplicationInterface","layer":"application"},{"id":"8bf09cbd-d0f5-415f-bfd6-ff0151e21538","name":"Local Client Infrastructure","type":"Device","layer":"technology"},{"id":"3be625e8-548c-499d-9013-4aa8c8f72a54","name":"Local Client Devices","type":"Device","layer":"technology"},{"id":"078161c1-251d-4d4c-8c51-7750f3b07d6a","name":"Backup System","type":"Node","layer":"technology"},{"id":"8d0c8142-bfa9-42c3-a68f-28dbbfa32b8e","name":"Backup WAN","type":"Path","layer":"technology"},{"id":"f95c8001-5a1f-4291-b977-6e5746803ef9","name":"Service Support WAN","type":"Path","layer":"technology"},{"id":"f6fcfe73-80e0-427d-8688-aff9be8fb668","name":"Client Infrastructure","type":"Device","layer":"technology"},{"id":"63ccaa92-fbae-4af7-bd38-95a00f4350db","name":"ArchiServices Infrastructure","type":"Device","layer":"technology"},{"id":"4750b11e-7bbd-44ac-b87e-90b9f1f3f158","name":"Client WAN","type":"Path","layer":"technology"},{"id":"09f071ed-5600-4db3-89da-a232f8451f3d","name":"Increased Client dependency on IT Systems","type":"Driver","layer":"motivation"},{"id":"893a11ff-e1ac-4b9d-acac-54e076b4b164","name":"Improved Service Availability","type":"Driver","layer":"motivation"},{"id":"dadd10b1-5424-4224-98c5-d3dfe67b73a9","name":"Lack of defined Service Management Processes to support SLA achievement","type":"Assessment","layer":"motivation"},{"id":"3744d856-2f4c-4f67-9adf-7ccd28a38d02","name":"Immediate Client Business Impact from IT failure","type":"Assessment","layer":"motivation"},{"id":"ab4fda0a-a981-4c5f-8d3b-682d25ffcf9f","name":"Improve Co-ordination and the Processes that contribute to SLA Achievement","type":"Goal","layer":"motivation"},{"id":"bd39658d-3755-405b-a914-391a73285e9a","name":"Increased Client Business Demand for 24x365 Services","type":"Assessment","layer":"motivation"},{"id":"55c2753f-a73b-4771-b0f0-305ae5fbe2d1","name":"Rapid Restoration of Services with minimal impact on Client Business Operations","type":"Goal","layer":"motivation"},{"id":"406db52a-2cb3-424a-9217-ade1bfb333d8","name":"Use ITSM processes","type":"Requirement","layer":"motivation"},{"id":"d9787efe-e807-43c5-9b8b-67b17b600e94","name":"Use Service Desk to Manage ITSM Processes","type":"Requirement","layer":"motivation"},{"id":"6177500f-dcb5-4b66-86fb-e23044ff73ef","name":"Managed technical Team via ITSM","type":"Requirement","layer":"motivation"},{"id":"98243226-f386-4952-9c41-c0ed24781192","name":"New ITSM Solution Architecture","type":"Plateau","layer":"implementation_migration"},{"id":"b7d8917c-416e-422d-bf9b-cf1d9f7b8060","name":"Program Start","type":"ImplementationEvent","layer":"implementation_migration"},{"id":"03a7f70a-465f-4c57-a6a3-5186c8f34859","name":"Program End","type":"ImplementationEvent","layer":"implementation_migration"},{"id":"cfc519e4-00b2-4713-9f62-cb41b07b53a6","name":"Service Desk and ITSM Capability Implementation","type":"ImplementationEvent","layer":"implementation_migration"},{"id":"f5249aa5-a790-4e05-945a-c06a29eb46f8","name":"Baseline As-is Architecture","type":"Plateau","layer":"implementation_migration"},{"id":"0bd737f2-568a-444c-8c90-c0f3b2d49f77","name":"Service Desk Architecture","type":"Plateau","layer":"implementation_migration"},{"id":"1e7eab81-9396-4cbc-8137-371ffcb35b25","name":"ITSM Process Architecture","type":"Plateau","layer":"implementation_migration"},{"id":"1cec4133-238a-4c60-8829-c019d2662eb1","name":"Implement Service Desk","type":"WorkPackage","layer":"implementation_migration"},{"id":"64aa0af3-e3a8-4b14-8ac9-e684bebe0946","name":"Implement ITSM Processes","type":"WorkPackage","layer":"implementation_migration"},{"id":"ab54e03f-405f-469e-a1e2-470c19a71ddc","name":"Client Locations Nationwide","type":"Location","layer":"other"},{"id":"ac3bd101-ddc3-496d-80f5-89927197125e","name":"ArchiServices London Office","type":"Location","layer":"other"},{"id":"a0f50f8c-66fa-4be3-b33c-dc345536a881","name":"Disaster Recovery Warrington","type":"Location","layer":"other"},{"id":"0072291b-9881-4537-99f6-c62ebe6d0659","name":"ArchiServices Stevenage Data Center","type":"Location","layer":"other"}],"relationships":[{"id":"69510aed-d9fd-4a16-b3f4-6db54e77a3bd","sourceId":"dadd10b1-5424-4224-98c5-d3dfe67b73a9","targetId":"09f071ed-5600-4db3-89da-a232f8451f3d","type":"AssociationRelationship"},{"id":"b95ce342-ae98-496d-8ef5-bcc336d370c8","sourceId":"3744d856-2f4c-4f67-9adf-7ccd28a38d02","targetId":"09f071ed-5600-4db3-89da-a232f8451f3d","type":"AssociationRelationship"},{"id":"cdca4147-ea74-4862-95db-afa327ddb4aa","sourceId":"bd39658d-3755-405b-a914-391a73285e9a","targetId":"893a11ff-e1ac-4b9d-acac-54e076b4b164","type":"AssociationRelationship"},{"id":"7ddce6d0-3d77-4db3-a540-481270f87d84","sourceId":"ab4fda0a-a981-4c5f-8d3b-682d25ffcf9f","targetId":"dadd10b1-5424-4224-98c5-d3dfe67b73a9","type":"AssociationRelationship"},{"id":"ac976ccd-f7db-434a-ad42-9542901c5678","sourceId":"55c2753f-a73b-4771-b0f0-305ae5fbe2d1","targetId":"bd39658d-3755-405b-a914-391a73285e9a","type":"AssociationRelationship"},{"id":"fb01a87f-b83d-4f05-bfa5-bd086b7de029","sourceId":"55c2753f-a73b-4771-b0f0-305ae5fbe2d1","targetId":"3744d856-2f4c-4f67-9adf-7ccd28a38d02","type":"AssociationRelationship"},{"id":"3b5eec26-9bb8-4284-bbde-57eac2fbaa86","sourceId":"bbe856e1-8d00-4557-8af0-f38ede421709","targetId":"ac8bd4c8-86f1-483e-9299-c2913d5a7749","type":"AssociationRelationship"},{"id":"ebb72d5b-e10d-4d8e-b835-390efc46b9be","sourceId":"73a4cfc2-1352-4f24-970c-0538e6e7b595","targetId":"fc6095ae-dee3-461b-bcd2-52da6f9838ac","type":"AssociationRelationship"},{"id":"30a10634-d313-4317-9f41-43331238f3b3","sourceId":"73a4cfc2-1352-4f24-970c-0538e6e7b595","targetId":"bbe856e1-8d00-4557-8af0-f38ede421709","type":"AssociationRelationship"},{"id":"b0ac16e9-9fc5-46b8-8d84-cde7aa140642","sourceId":"bbe856e1-8d00-4557-8af0-f38ede421709","targetId":"0088fa38-85a4-436a-9334-ecddad96a94c","type":"AssociationRelationship"},{"id":"7ccc96e5-79dd-4d94-bc70-cf189621f215","sourceId":"bbe856e1-8d00-4557-8af0-f38ede421709","targetId":"a04ca11a-2bd9-404e-b8bf-32da854dfa84","type":"AssociationRelationship"},{"id":"b3a0823b-ae03-4250-95d9-aa0d2b42e14e","sourceId":"bbe856e1-8d00-4557-8af0-f38ede421709","targetId":"83b328c3-96c0-4db0-a18d-bc2bd209b95b","type":"AssociationRelationship"},{"id":"434dd11c-85b3-4b70-8c3f-725515f8f8c2","sourceId":"fc6095ae-dee3-461b-bcd2-52da6f9838ac","targetId":"20526138-2721-40bf-8eff-551d8573adf4","type":"AssociationRelationship"},{"id":"df3a0ad0-b6ae-47e8-8961-36d3301f715f","sourceId":"1296f15e-28a1-441c-90a3-4d8bcf035892","targetId":"45803476-67d0-4984-af52-3a06de95473d","type":"AssociationRelationship"},{"id":"7c000bee-3f29-4100-ab23-b2a134e2f6ea","sourceId":"73a4cfc2-1352-4f24-970c-0538e6e7b595","targetId":"949fc28b-e5be-4cd2-a111-83d89bf075a2","type":"AssociationRelationship"},{"id":"882df3b4-da10-4beb-bde2-1d43e07a11a6","sourceId":"fc6095ae-dee3-461b-bcd2-52da6f9838ac","targetId":"df30bf17-b989-412d-9e11-f968db17dfdd","type":"AssociationRelationship"},{"id":"c902e783-4488-4af1-85a7-c724c49fa64b","sourceId":"73a4cfc2-1352-4f24-970c-0538e6e7b595","targetId":"1e819523-6b72-4a4c-b3f7-89c67a510e49","type":"AssociationRelationship"},{"id":"27a53cc2-a37f-4b0a-893c-f53637dfb934","sourceId":"73a4cfc2-1352-4f24-970c-0538e6e7b595","targetId":"1296f15e-28a1-441c-90a3-4d8bcf035892","type":"AssociationRelationship"},{"id":"5e966247-4177-4319-949a-02af67891493","sourceId":"3dc048e5-ab93-49f6-b908-d2d8f896e44e","targetId":"73a4cfc2-1352-4f24-970c-0538e6e7b595","type":"AssociationRelationship"},{"id":"9394c829-d6e5-406c-899f-96b785bcfb3c","sourceId":"a04ca11a-2bd9-404e-b8bf-32da854dfa84","targetId":"2a55dd60-26e9-4007-a3ba-a7cc75809073","type":"AssignmentRelationship"},{"id":"521b8826-ef77-42a4-847b-1b0ab75e4053","sourceId":"a04ca11a-2bd9-404e-b8bf-32da854dfa84","targetId":"6c97fd6f-950e-4858-8ea2-d98b44c4eecd","type":"AssignmentRelationship"},{"id":"1bbb464e-cab1-440d-b55d-3d0d4de16830","sourceId":"ac8bd4c8-86f1-483e-9299-c2913d5a7749","targetId":"75fd9f3c-e945-4146-bd8a-7cc1ffe78974","type":"AssignmentRelationship"},{"id":"aa4fae74-2c1c-446d-8d01-ce92565cdb05","sourceId":"0088fa38-85a4-436a-9334-ecddad96a94c","targetId":"f6e27646-bc2c-4598-bc05-ff08bf79fb72","type":"AssignmentRelationship"},{"id":"a2bf8cb4-c539-4b58-a98b-4b67a23af2ee","sourceId":"ab54e03f-405f-469e-a1e2-470c19a71ddc","targetId":"6c97fd6f-950e-4858-8ea2-d98b44c4eecd","type":"AggregationRelationship"},{"id":"481ddd61-6aae-4a80-89fd-b04ee4ee204e","sourceId":"8bf09cbd-d0f5-415f-bfd6-ff0151e21538","targetId":"44600927-b36d-46cc-8224-0cdc3e81ef87","type":"RealizationRelationship"},{"id":"31553f2d-e588-41b9-b0de-33946c6048be","sourceId":"ab54e03f-405f-469e-a1e2-470c19a71ddc","targetId":"8bf09cbd-d0f5-415f-bfd6-ff0151e21538","type":"AggregationRelationship"},{"id":"18b53447-9fdb-4a07-913b-1ce241476be5","sourceId":"ab54e03f-405f-469e-a1e2-470c19a71ddc","targetId":"3be625e8-548c-499d-9013-4aa8c8f72a54","type":"AggregationRelationship"},{"id":"1bc81275-397a-4a1e-a3d0-3ee823910101","sourceId":"6c97fd6f-950e-4858-8ea2-d98b44c4eecd","targetId":"8bf09cbd-d0f5-415f-bfd6-ff0151e21538","type":"AssociationRelationship"},{"id":"b9e334bf-147b-4971-a8ed-71c0f7e3bdd8","sourceId":"6c97fd6f-950e-4858-8ea2-d98b44c4eecd","targetId":"3be625e8-548c-499d-9013-4aa8c8f72a54","type":"AssociationRelationship"},{"id":"47a9a4c3-77ef-4196-85b1-be9dc8fc15db","sourceId":"ac3bd101-ddc3-496d-80f5-89927197125e","targetId":"83b328c3-96c0-4db0-a18d-bc2bd209b95b","type":"AggregationRelationship"},{"id":"b34b72b2-a46e-40da-844c-b6d8b6510e8c","sourceId":"ac3bd101-ddc3-496d-80f5-89927197125e","targetId":"0088fa38-85a4-436a-9334-ecddad96a94c","type":"AggregationRelationship"},{"id":"915dc804-fa7b-4245-914e-ab0224d3e03a","sourceId":"ac3bd101-ddc3-496d-80f5-89927197125e","targetId":"ac8bd4c8-86f1-483e-9299-c2913d5a7749","type":"CompositionRelationship"},{"id":"7d103e02-cc0e-46b2-9e25-438f3cfd5fe2","sourceId":"a0f50f8c-66fa-4be3-b33c-dc345536a881","targetId":"078161c1-251d-4d4c-8c51-7750f3b07d6a","type":"AggregationRelationship"},{"id":"c0e60174-2571-4cf8-9125-4702350c3293","sourceId":"0072291b-9881-4537-99f6-c62ebe6d0659","targetId":"f6fcfe73-80e0-427d-8688-aff9be8fb668","type":"AggregationRelationship"},{"id":"ba34b62f-6630-4640-8d22-c38f3e1baa53","sourceId":"f6fcfe73-80e0-427d-8688-aff9be8fb668","targetId":"f1b274a4-2238-499a-b6ea-ba9c4a3e90f3","type":"RealizationRelationship"},{"id":"9447b34e-c5a3-4c1d-bd63-ad234538670b","sourceId":"0072291b-9881-4537-99f6-c62ebe6d0659","targetId":"63ccaa92-fbae-4af7-bd38-95a00f4350db","type":"AggregationRelationship"},{"id":"3ad3e0db-dc04-4fe5-ab37-e4a3536d9123","sourceId":"63ccaa92-fbae-4af7-bd38-95a00f4350db","targetId":"50f819e8-9b98-4df5-bb1f-fae6a0dca8c9","type":"RealizationRelationship"},{"id":"94846858-0606-4133-b645-8770cb2d7f9a","sourceId":"50f819e8-9b98-4df5-bb1f-fae6a0dca8c9","targetId":"f1b274a4-2238-499a-b6ea-ba9c4a3e90f3","type":"AssociationRelationship"},{"id":"9f9025ca-0bcc-4ae1-9561-3824ad410d5a","sourceId":"0072291b-9881-4537-99f6-c62ebe6d0659","targetId":"a04ca11a-2bd9-404e-b8bf-32da854dfa84","type":"AggregationRelationship"},{"id":"8ba3fd66-7b0b-49ff-b306-372f3445c60e","sourceId":"0072291b-9881-4537-99f6-c62ebe6d0659","targetId":"4750b11e-7bbd-44ac-b87e-90b9f1f3f158","type":"AssociationRelationship"},{"id":"275f2b75-5a02-46e6-97e4-c7f37d12bfe0","sourceId":"4750b11e-7bbd-44ac-b87e-90b9f1f3f158","targetId":"ab54e03f-405f-469e-a1e2-470c19a71ddc","type":"AssociationRelationship"},{"id":"ff760693-f33a-4590-9bf5-58c9aca0b5b1","sourceId":"f95c8001-5a1f-4291-b977-6e5746803ef9","targetId":"0072291b-9881-4537-99f6-c62ebe6d0659","type":"AssociationRelationship"},{"id":"f65dd503-c559-4d13-b32b-9a8c6a6b77cb","sourceId":"ac3bd101-ddc3-496d-80f5-89927197125e","targetId":"f95c8001-5a1f-4291-b977-6e5746803ef9","type":"AssociationRelationship"},{"id":"6a6c007c-9334-44c7-a91d-db563d96a848","sourceId":"ac3bd101-ddc3-496d-80f5-89927197125e","targetId":"8d0c8142-bfa9-42c3-a68f-28dbbfa32b8e","type":"AssociationRelationship"},{"id":"fad22045-4f7d-42f3-b81d-e698bcb2cec0","sourceId":"8d0c8142-bfa9-42c3-a68f-28dbbfa32b8e","targetId":"a0f50f8c-66fa-4be3-b33c-dc345536a881","type":"AssociationRelationship"},{"id":"59b1c5c7-5cde-4a9d-873f-6cc2d37f4991","sourceId":"8d0c8142-bfa9-42c3-a68f-28dbbfa32b8e","targetId":"f95c8001-5a1f-4291-b977-6e5746803ef9","type":"AssociationRelationship"},{"id":"59339734-fd35-4572-a7b2-ac525234aec8","sourceId":"406db52a-2cb3-424a-9217-ade1bfb333d8","targetId":"55c2753f-a73b-4771-b0f0-305ae5fbe2d1","type":"RealizationRelationship"},{"id":"a3aede11-ed67-4785-b4a5-5d5f0cb1f0ac","sourceId":"d9787efe-e807-43c5-9b8b-67b17b600e94","targetId":"55c2753f-a73b-4771-b0f0-305ae5fbe2d1","type":"RealizationRelationship"},{"id":"83ae5a97-2d20-4152-ab09-1d44625a0a11","sourceId":"406db52a-2cb3-424a-9217-ade1bfb333d8","targetId":"ab4fda0a-a981-4c5f-8d3b-682d25ffcf9f","type":"RealizationRelationship"},{"id":"e014196a-148f-4f99-b575-23d6a77d8456","sourceId":"6177500f-dcb5-4b66-86fb-e23044ff73ef","targetId":"ab4fda0a-a981-4c5f-8d3b-682d25ffcf9f","type":"RealizationRelationship"},{"id":"67d03c83-f1d3-4cfc-a4a4-6739079fc0e0","sourceId":"75fd9f3c-e945-4146-bd8a-7cc1ffe78974","targetId":"be256a37-b0d1-4a7d-9525-ce75f0471b99","type":"CompositionRelationship"},{"id":"5963f692-7df9-475e-9506-868f8fcdbbe7","sourceId":"2a55dd60-26e9-4007-a3ba-a7cc75809073","targetId":"be256a37-b0d1-4a7d-9525-ce75f0471b99","type":"CompositionRelationship"},{"id":"a7b78db1-ef06-4d4d-bafe-cdd2a927948d","sourceId":"de5d3772-ba39-4ce2-8fb9-f574fab5a02a","targetId":"be256a37-b0d1-4a7d-9525-ce75f0471b99","type":"CompositionRelationship"},{"id":"b3ba52c9-9667-4971-9467-ba0ea3d51f5a","sourceId":"de5d3772-ba39-4ce2-8fb9-f574fab5a02a","targetId":"652668b4-5fc2-4777-b914-69db137d2a60","type":"CompositionRelationship"},{"id":"57590658-6e85-408b-b1fc-19db2030fbae","sourceId":"75fd9f3c-e945-4146-bd8a-7cc1ffe78974","targetId":"652668b4-5fc2-4777-b914-69db137d2a60","type":"CompositionRelationship"},{"id":"8c82dbd7-4ab3-4b4e-8caa-8e0dbed63ccd","sourceId":"6c97fd6f-950e-4858-8ea2-d98b44c4eecd","targetId":"652668b4-5fc2-4777-b914-69db137d2a60","type":"CompositionRelationship"},{"id":"01576cd3-b682-49af-846f-7a5a017b56b8","sourceId":"f6e27646-bc2c-4598-bc05-ff08bf79fb72","targetId":"96f8581f-fc1d-494a-8c41-72507fd0e783","type":"CompositionRelationship"},{"id":"e6529dcc-7909-443d-96ee-9e242ba96c3d","sourceId":"de5d3772-ba39-4ce2-8fb9-f574fab5a02a","targetId":"d9787efe-e807-43c5-9b8b-67b17b600e94","type":"RealizationRelationship"},{"id":"bcaba944-d94b-4b99-abcd-d6aa90404210","sourceId":"de5d3772-ba39-4ce2-8fb9-f574fab5a02a","targetId":"96f8581f-fc1d-494a-8c41-72507fd0e783","type":"CompositionRelationship"},{"id":"2ab02091-7f4b-4f88-8482-bb49daf03541","sourceId":"f6e27646-bc2c-4598-bc05-ff08bf79fb72","targetId":"652668b4-5fc2-4777-b914-69db137d2a60","type":"CompositionRelationship"},{"id":"b13b4310-edd2-4975-b6c4-892d367b7773","sourceId":"2a55dd60-26e9-4007-a3ba-a7cc75809073","targetId":"652668b4-5fc2-4777-b914-69db137d2a60","type":"CompositionRelationship"},{"id":"395c3a2a-fca4-440a-9fba-b9664a2d7e0b","sourceId":"6c97fd6f-950e-4858-8ea2-d98b44c4eecd","targetId":"be256a37-b0d1-4a7d-9525-ce75f0471b99","type":"CompositionRelationship"},{"id":"5ea5ecfd-1a80-46b3-a8d2-6298c7c44f40","sourceId":"652668b4-5fc2-4777-b914-69db137d2a60","targetId":"406db52a-2cb3-424a-9217-ade1bfb333d8","type":"RealizationRelationship"},{"id":"dd0a1e8b-b26e-4680-80e6-489fda8ca331","sourceId":"be256a37-b0d1-4a7d-9525-ce75f0471b99","targetId":"406db52a-2cb3-424a-9217-ade1bfb333d8","type":"RealizationRelationship"},{"id":"be88adc4-28f9-42c0-81c7-2867fd61f641","sourceId":"96f8581f-fc1d-494a-8c41-72507fd0e783","targetId":"406db52a-2cb3-424a-9217-ade1bfb333d8","type":"RealizationRelationship"},{"id":"5088c523-ed70-4697-ae35-81e9a53b1f57","sourceId":"6c97fd6f-950e-4858-8ea2-d98b44c4eecd","targetId":"6177500f-dcb5-4b66-86fb-e23044ff73ef","type":"RealizationRelationship"},{"id":"24fbe920-56a2-4888-98fd-1f987fe3d227","sourceId":"75fd9f3c-e945-4146-bd8a-7cc1ffe78974","targetId":"6177500f-dcb5-4b66-86fb-e23044ff73ef","type":"RealizationRelationship"},{"id":"9fd361a7-c2c6-41d6-a78c-a122a6e89efa","sourceId":"2a55dd60-26e9-4007-a3ba-a7cc75809073","targetId":"6177500f-dcb5-4b66-86fb-e23044ff73ef","type":"RealizationRelationship"},{"id":"6f0273b4-c701-4994-b2b8-9d79a3a41e11","sourceId":"2a55dd60-26e9-4007-a3ba-a7cc75809073","targetId":"96f8581f-fc1d-494a-8c41-72507fd0e783","type":"CompositionRelationship"},{"id":"2a87c20b-8c3c-46b5-b2c6-426bdbef31c9","sourceId":"75fd9f3c-e945-4146-bd8a-7cc1ffe78974","targetId":"96f8581f-fc1d-494a-8c41-72507fd0e783","type":"CompositionRelationship"},{"id":"c0764523-35a2-4471-8e3e-408732e2df62","sourceId":"6c97fd6f-950e-4858-8ea2-d98b44c4eecd","targetId":"96f8581f-fc1d-494a-8c41-72507fd0e783","type":"CompositionRelationship"},{"id":"30a06b0d-7c34-4215-b017-eec2e4c5d6bf","sourceId":"0088fa38-85a4-436a-9334-ecddad96a94c","targetId":"de5d3772-ba39-4ce2-8fb9-f574fab5a02a","type":"AssignmentRelationship"},{"id":"4efddc30-ffcb-475c-b3e1-51d5c57d89f7","sourceId":"63ccaa92-fbae-4af7-bd38-95a00f4350db","targetId":"4c5f11dd-e452-4acc-94bf-76c2910ca22a","type":"RealizationRelationship"},{"id":"717569ed-6752-46ea-b6f6-3196848bcffd","sourceId":"4c5f11dd-e452-4acc-94bf-76c2910ca22a","targetId":"50f819e8-9b98-4df5-bb1f-fae6a0dca8c9","type":"AssociationRelationship"},{"id":"16e43cb9-77b5-4dcb-9921-6350e21492b9","sourceId":"4c5f11dd-e452-4acc-94bf-76c2910ca22a","targetId":"de5d3772-ba39-4ce2-8fb9-f574fab5a02a","type":"ServingRelationship"},{"id":"ad3364fd-d59d-49c1-8e4f-4be9b5bf5f64","sourceId":"4c5f11dd-e452-4acc-94bf-76c2910ca22a","targetId":"f6e27646-bc2c-4598-bc05-ff08bf79fb72","type":"ServingRelationship"},{"id":"c87a3089-daa8-4285-bd9a-f3fd236420b7","sourceId":"4c5f11dd-e452-4acc-94bf-76c2910ca22a","targetId":"75fd9f3c-e945-4146-bd8a-7cc1ffe78974","type":"ServingRelationship"},{"id":"3ba91877-aaca-4a9c-bca6-7cf0be594cd0","sourceId":"4c5f11dd-e452-4acc-94bf-76c2910ca22a","targetId":"6c97fd6f-950e-4858-8ea2-d98b44c4eecd","type":"ServingRelationship"},{"id":"799631dc-05bd-469c-ba5a-f0bf74d6cf0a","sourceId":"4c5f11dd-e452-4acc-94bf-76c2910ca22a","targetId":"2a55dd60-26e9-4007-a3ba-a7cc75809073","type":"ServingRelationship"},{"id":"d787ae89-c552-4c05-b567-29c4511d002a","sourceId":"4c5f11dd-e452-4acc-94bf-76c2910ca22a","targetId":"5ef7e224-dc08-4ee3-8ba5-f90ce0727656","type":"AssociationRelationship"},{"id":"8f7f1dc3-3bc4-473f-b0d1-ab380319a7a3","sourceId":"5ef7e224-dc08-4ee3-8ba5-f90ce0727656","targetId":"50f819e8-9b98-4df5-bb1f-fae6a0dca8c9","type":"AssociationRelationship"},{"id":"a4f15a82-5662-4f89-bd29-4131c2cdcbad","sourceId":"4c5f11dd-e452-4acc-94bf-76c2910ca22a","targetId":"96f8581f-fc1d-494a-8c41-72507fd0e783","type":"RealizationRelationship"},{"id":"f9f979ca-b5c2-4258-979d-1e859af4615b","sourceId":"4c5f11dd-e452-4acc-94bf-76c2910ca22a","targetId":"652668b4-5fc2-4777-b914-69db137d2a60","type":"RealizationRelationship"},{"id":"0e8572c4-651d-4531-8ecb-bb6cd6219da6","sourceId":"4c5f11dd-e452-4acc-94bf-76c2910ca22a","targetId":"be256a37-b0d1-4a7d-9525-ce75f0471b99","type":"RealizationRelationship"},{"id":"97996f98-8adc-4365-a615-6831d5594622","sourceId":"98243226-f386-4952-9c41-c0ed24781192","targetId":"0bd737f2-568a-444c-8c90-c0f3b2d49f77","type":"CompositionRelationship"},{"id":"8c6097b1-3728-40b3-8679-7176e3fa67cf","sourceId":"98243226-f386-4952-9c41-c0ed24781192","targetId":"1e7eab81-9396-4cbc-8137-371ffcb35b25","type":"CompositionRelationship"},{"id":"39da5752-b2fa-4922-916e-49d8300810b5","sourceId":"f5249aa5-a790-4e05-945a-c06a29eb46f8","targetId":"98243226-f386-4952-9c41-c0ed24781192","type":"TriggeringRelationship"},{"id":"0056df80-28dd-41d8-8ffd-0061525f1786","sourceId":"0bd737f2-568a-444c-8c90-c0f3b2d49f77","targetId":"1e7eab81-9396-4cbc-8137-371ffcb35b25","type":"TriggeringRelationship"},{"id":"aecb2ff8-75ce-4d95-bae1-45c9d4027731","sourceId":"1cec4133-238a-4c60-8829-c019d2662eb1","targetId":"64aa0af3-e3a8-4b14-8ac9-e684bebe0946","type":"TriggeringRelationship"},{"id":"979bd7c7-4c86-404c-bc8c-1adb1a805308","sourceId":"b7d8917c-416e-422d-bf9b-cf1d9f7b8060","targetId":"cfc519e4-00b2-4713-9f62-cb41b07b53a6","type":"TriggeringRelationship"},{"id":"a88271c3-2989-42cc-9e41-0c3f119ec414","sourceId":"cfc519e4-00b2-4713-9f62-cb41b07b53a6","targetId":"03a7f70a-465f-4c57-a6a3-5186c8f34859","type":"TriggeringRelationship"},{"id":"1ca494b7-bacf-402c-8bff-5fbefb53de07","sourceId":"1cec4133-238a-4c60-8829-c019d2662eb1","targetId":"0bd737f2-568a-444c-8c90-c0f3b2d49f77","type":"RealizationRelationship"},{"id":"97b43918-6eed-485f-892e-2c0f323ed1b2","sourceId":"0bd737f2-568a-444c-8c90-c0f3b2d49f77","targetId":"49009047-7b55-43ba-b0bf-f1431bb52a1c","type":"RealizationRelationship"},{"id":"a98092d3-b175-4b37-b212-469d21c637af","sourceId":"64aa0af3-e3a8-4b14-8ac9-e684bebe0946","targetId":"1e7eab81-9396-4cbc-8137-371ffcb35b25","type":"RealizationRelationship"},{"id":"5d9cb3a9-5388-476e-bece-909c59c454a3","sourceId":"1e7eab81-9396-4cbc-8137-371ffcb35b25","targetId":"94b40747-39dd-4e0e-94bc-08082d2f42a7","type":"RealizationRelationship"},{"id":"4738a925-6d60-4a4b-8fff-74a208ad2690","sourceId":"94b40747-39dd-4e0e-94bc-08082d2f42a7","targetId":"ab4fda0a-a981-4c5f-8d3b-682d25ffcf9f","type":"RealizationRelationship"},{"id":"07f5cf00-cfc4-474e-98fb-d5d1ed40bfb1","sourceId":"49009047-7b55-43ba-b0bf-f1431bb52a1c","targetId":"55c2753f-a73b-4771-b0f0-305ae5fbe2d1","type":"RealizationRelationship"}],"views":[{"id":"ae729dbf-9df3-4baf-9aa7-984910395e06","name":"AS01 Organisation Structure","viewpoint":""},{"id":"450c4139-2259-4b0b-aa2f-2cb530ac4160","name":"AS02 Operations Services Structure","viewpoint":""},{"id":"598d68e9-c0d9-44e7-b431-0b5546b516a7","name":"AS03 Service Delivery Structure","viewpoint":""},{"id":"d6ba8727-7f57-40f6-afb9-d8886ff8eb8c","name":"DG01 Drivers and Goals","viewpoint":""},{"id":"cbd9dcdf-45dd-4b84-be55-aeac936ee550","name":"Contents","viewpoint":""},{"id":"528b9b55-23ff-4cc1-b62c-6b78806df91d","name":"TB02 Target Business Architecture","viewpoint":""},{"id":"6456b7d5-7612-4b07-82f6-6914531d7f55","name":"TB01 ITSM Requirement Realisation","viewpoint":""},{"id":"7cff5a7a-8a6f-4d5c-9e9a-106dcb5ebcca","name":"TB03 Target Operational Services Structure","viewpoint":""},{"id":"5c42b942-797e-4c9b-9dac-758403919dfe","name":"TB04 Target IT Architecture","viewpoint":""},{"id":"5c59d959-7b83-48f7-8b3f-c26bf1ff9232","name":"TB05 Target Service Delivery Structure","viewpoint":""},{"id":"4fe8de57-26a4-423e-a8f2-96bdf28494e8","name":"T01 Transition Implementation","viewpoint":""}]}