{"identifier":"https://me.big.tuwien.ac.at/EAModelSet/id-07a44de9478445aaa9fa8c2014c980ab","archimateId":"id-07a44de9478445aaa9fa8c2014c980ab","name":"TecnologiaNegocio","description":"","formats":["XML","CSV","JSON","ARCHIMATE"],"source":"GitHub","repository":"","license":"","sourceFile":"raw-data/github/archimate/tecnologianegocio.archimate","sourceFormat":"ARCHIMATE","timestamp":"2023-07-06T09:29:17","tags":[],"duplicates":[],"language":"pt","elements":[{"id":"id-0607cc13b06b46cdb4f96f4d0a740716","name":"Cliente","type":"BusinessRole","layer":"business"},{"id":"id-e1c87544e34d4821a59687801ab7bcea","name":"Redes Sociais (Instagram - Whatsapp)","type":"BusinessInterface","layer":"business"},{"id":"id-3570b64f43424d3d8e02ec41ba73d4f4","name":"Email","type":"BusinessInterface","layer":"business"},{"id":"id-376efe4130a24b1db20e74f1a2476a8b","name":"Telefone","type":"BusinessInterface","layer":"business"},{"id":"id-4ce6d76c77d549e4bdc735c89837ea48","name":"Representação comercial","type":"BusinessInterface","layer":"business"},{"id":"id-fa72a15d33d047f286acf182e11ce3a4","name":"Vender Produtos","type":"BusinessService","layer":"business"},{"id":"id-66cbb144f0fe4f72b8c85c42edf2d0b7","name":"Tintas","type":"BusinessService","layer":"business"},{"id":"id-dc309416b20e48d9bb35ea8d60b0b0bd","name":"Massa Corrida","type":"BusinessService","layer":"business"},{"id":"id-95711391d39f4e1382b1c72b275c5037","name":"Selador Acrílico","type":"BusinessService","layer":"business"},{"id":"id-4d20e369562c4331b9ca506568e72fac","name":"Manta Líquida","type":"BusinessService","layer":"business"},{"id":"id-73ea97aa29904d8d917b81f54b69cd4b","name":"Vender Protudos","type":"BusinessProcess","layer":"business"},{"id":"id-307998e2f6944144848b8939d920ea1b","name":"Analisar pedido de venda","type":"BusinessProcess","layer":"business"},{"id":"id-55d88fc41dd44f9a95ddbade7628a915","name":"Verificar Estoque","type":"BusinessProcess","layer":"business"},{"id":"id-08903aa79c4243e2a8f873e67dc05883","name":"Produzir Produtos","type":"BusinessProcess","layer":"business"},{"id":"id-8dc167da406c471eb3f86ef035537e5c","name":"Separar Pedido","type":"BusinessProcess","layer":"business"},{"id":"id-26c1ce688c954efb9d346c9e15bce6b8","name":"Entregar Mercadoria","type":"BusinessProcess","layer":"business"},{"id":"id-327ecf7affbc4f27a98acd659db6851c","name":"Informações do pedido do cliente","type":"BusinessObject","layer":"business"},{"id":"id-9045be02791f4b0ab72802a9d7681263","name":"Solicitação de venda","type":"BusinessEvent","layer":"business"},{"id":"id-acd48b02356a461ab320fcd941f45075","name":"Gerente Comercial","type":"BusinessRole","layer":"business"},{"id":"id-50dfea077bfe44e8bc2b90a1253a7b3f","name":"Entregador","type":"BusinessRole","layer":"business"},{"id":"id-582a0d18ebea487997a88df08763b011","name":"Funcionário Produção","type":"BusinessRole","layer":"business"},{"id":"id-6a26103abbbf4187a869c5c7737905df","name":"Gerente de Produção","type":"BusinessRole","layer":"business"},{"id":"id-b73fca50844244bda12b9eccccfff2d8","name":"Funcionário Produção","type":"BusinessRole","layer":"business"},{"id":"id-75f1378ba3af4c7a877ba7d5bbc700c6","name":"Verificar Estoque","type":"BusinessInterface","layer":"business"},{"id":"id-92d1970f033c4f1abc7c6e50bce93958","name":"Verificar Estoque","type":"BusinessService","layer":"business"},{"id":"id-66330aaf89f54e69a76d6edec3a5b972","name":"Verificar Estoque","type":"BusinessProcess","layer":"business"},{"id":"id-f84badc563c941438097e9c06e2a7aef","name":"Definir verificação de produto final ou insumo","type":"BusinessProcess","layer":"business"},{"id":"id-29dfd83ee4a24903a931287d24138107","name":"Verificar insumo","type":"BusinessProcess","layer":"business"},{"id":"id-9c261fb380064ddd9aecb26f41882140","name":"Verificar produto","type":"BusinessProcess","layer":"business"},{"id":"id-45fc9f5869b4420781696478a4426a8e","name":"Levantar produtos existentes","type":"BusinessProcess","layer":"business"},{"id":"id-5a31dacf687b48d2a1001265006303d7","name":"Levantar insumos existentes","type":"BusinessProcess","layer":"business"},{"id":"id-d07e3bec9f8243ef932eda66dc7834db","name":"Verificar se os produtos atendem ao pedido","type":"BusinessProcess","layer":"business"},{"id":"id-0334b8e915e74373bdf29d76cd407964","name":"Verificar se os insumos atendem a ordem de produção","type":"BusinessProcess","layer":"business"},{"id":"id-313e9d0d75b44a46b79aabac97b19e0d","name":"Produto / Insumo insuficiente","type":"BusinessProcess","layer":"business"},{"id":"id-508b54708b37459491147f9b3423b0ed","name":"Produto / Insumo suficiente","type":"BusinessProcess","layer":"business"},{"id":"id-befac4cc0b39438896b4855921b09004","name":"Gerente de Produção","type":"BusinessRole","layer":"business"},{"id":"id-bd1660b903314cfbb33f002657e8803f","name":"Funcionário de Produção","type":"BusinessRole","layer":"business"},{"id":"id-210702fe7fa841c59715fc5b9ecf942a","name":"Produzir Produtos","type":"BusinessInterface","layer":"business"},{"id":"id-f21895c0dbdd4aa4ad5f3e2a66d5efd3","name":"Produzir Produtos","type":"BusinessService","layer":"business"},{"id":"id-2eafb2dbeece4d1d91ebbd63bbfb6b8d","name":"Produzir Produtos","type":"BusinessProcess","layer":"business"},{"id":"id-d922400534c0474cadff32615e917af7","name":"Receber Ordem de Produção","type":"BusinessProcess","layer":"business"},{"id":"id-8c3b2e44fb924faaa5c6cd152d1023a9","name":"Verificar Estoque","type":"BusinessProcess","layer":"business"},{"id":"id-ebd30bf879da486f85aab1354aa1f5d6","name":"Finalizar processo de produção por falta de insumo","type":"BusinessProcess","layer":"business"},{"id":"id-7ad95e9623404a57856b3e9b6db87240","name":"Separar insumos","type":"BusinessProcess","layer":"business"},{"id":"id-da0ef942863e4ab890b188dfc84fa7d0","name":"Solicitar compra de insumos","type":"BusinessProcess","layer":"business"},{"id":"id-d3433e609867442385767365f1a9d1bc","name":"Processo de produção do produto","type":"BusinessProcess","layer":"business"},{"id":"id-51dca6f95d4046b3bbdd7aa3c97fb260","name":"Envasar produtos","type":"BusinessProcess","layer":"business"},{"id":"id-1e6f2516efea4c7e96ee890cc73cc0ce","name":"Adicionar produtos ao estoque","type":"BusinessProcess","layer":"business"},{"id":"id-e2cdd36dad6242e68a9ce80dc0c14f79","name":"Entregador","type":"BusinessRole","layer":"business"},{"id":"id-95ded66db6474e4da62b9fd683e81bc5","name":"Entregar Mercadoria","type":"BusinessInterface","layer":"business"},{"id":"id-bb076362967346dcb2cd771bc0c553b7","name":"Entregar Mercadoria","type":"BusinessService","layer":"business"},{"id":"id-e369da1601004a51b427492b53d7d9bb","name":"Entregar Mercadoria","type":"BusinessProcess","layer":"business"},{"id":"id-678ee460186843f2b1492595bf140056","name":"Verificar pedidos da remessa e rotas","type":"BusinessProcess","layer":"business"},{"id":"id-857e50f065ad4a6a97686406e13c3e72","name":"Transferir produtos da área de carregamentos para o veículo","type":"BusinessProcess","layer":"business"},{"id":"id-23f7a96aaefe4500ae83a70c3b2d5207","name":"Verificar documentos e notas fiscais","type":"BusinessProcess","layer":"business"},{"id":"id-7bb2edea82e34392bb27a2e0ec9f0f91","name":"Entrega na grande vitória","type":"BusinessProcess","layer":"business"},{"id":"id-fe984649f9b94aec8e4eb78918900bd5","name":"Verificar local da entrega","type":"BusinessProcess","layer":"business"},{"id":"id-d0e4b9f91c444f8fb46628fb33e2c28a","name":"Entrega em outras localidades","type":"BusinessProcess","layer":"business"},{"id":"id-90b02d3548074e8d963087be48b94175","name":"Iniciar rotas de entregas","type":"BusinessProcess","layer":"business"},{"id":"id-3a6ceddc2d894c88ae51d47c31a7e520","name":"Enviar relatórios de entregas para o gerente comercial","type":"BusinessProcess","layer":"business"},{"id":"id-d91bf9a153f44285bce04c169ad9bea4","name":"Entregador tercerizado","type":"BusinessActor","layer":"business"},{"id":"id-5b6d8cc169594cce8286ed3e161a5c5a","name":"Gerente Comercial","type":"BusinessRole","layer":"business"},{"id":"id-fc0e4ca250264f8f92d3d54e1ed81e50","name":"Analisar pedido de venda","type":"BusinessInterface","layer":"business"},{"id":"id-04d2de7ac5c2499194671953d9eb7049","name":"Analisar pedido de venda","type":"BusinessService","layer":"business"},{"id":"id-383ae1a8ffd040ada4b97c4cb39f056e","name":"Analisar pedido de venda","type":"BusinessProcess","layer":"business"},{"id":"id-7444d299cb6942989fd3202aca6e7c25","name":"Verificar informações do pedido e do comprador","type":"BusinessProcess","layer":"business"},{"id":"id-0dc673f0cfe54a6fae2194b153f62450","name":"Consultar débitos do comprador ","type":"BusinessProcess","layer":"business"},{"id":"id-fd33838faf604b30a87be498daf185e3","name":"Não aprovar venda","type":"BusinessProcess","layer":"business"},{"id":"id-bf44922b06ca49b882c15af9f2df74bd","name":"Verificar crédito da empresa","type":"BusinessProcess","layer":"business"},{"id":"id-c7f432c1fba54758a274a137b3dfa317","name":"Aprovar venda","type":"BusinessProcess","layer":"business"},{"id":"id-9f7a523e139e42df9c49546b52c962ea","name":"Funcionário Produção","type":"BusinessRole","layer":"business"},{"id":"id-4e4b0f4a806b438eb6ecb30c2a52003a","name":"Separa Pedido","type":"BusinessInterface","layer":"business"},{"id":"id-0f4f36c413b647dd8cd51b09eefec24a","name":"Separa Pedido","type":"BusinessService","layer":"business"},{"id":"id-a11e067f81f844ffbbcab060008b1350","name":"Separa Pedido","type":"BusinessProcess","layer":"business"},{"id":"id-a3ff7c3f706048acbea1a0a948ccb58c","name":"Verificar informações do pedido","type":"BusinessProcess","layer":"business"},{"id":"id-cb6503393ede4584a702373a52c311e0","name":"Conferir existência dos produtos no estoque","type":"BusinessProcess","layer":"business"},{"id":"id-19e4c238edf9491e982d38dbdeaa358f","name":"Dar baixa dos produtos do estoque","type":"BusinessProcess","layer":"business"},{"id":"id-bcbf2405d7e24f078cdab800c13812b8","name":"Encaminhar ao gerente de produção a ocorrência de inconsistência no estoque","type":"BusinessProcess","layer":"business"},{"id":"id-f000d9c12d2343ddac3b7505cfb93562","name":"Movimentar produto do estoque para o a área de carregamento","type":"BusinessProcess","layer":"business"},{"id":"id-5124c86d421f423ea91d71fc2b9a87fb","name":"WebLider","type":"ApplicationComponent","layer":"application"},{"id":"id-bf2676a37faf4e43ada563d7007f4ceb","name":"Whatsapp","type":"ApplicationComponent","layer":"application"},{"id":"id-8639e23484c74f0197edf9aac28f946a","name":"Instagram","type":"ApplicationComponent","layer":"application"},{"id":"id-09a6c01c5320409d8ff66fd70e57bf27","name":"Telefone","type":"ApplicationComponent","layer":"application"},{"id":"id-b2f3de8b30684ea2aad842ccca73f452","name":"Hostinger","type":"ApplicationComponent","layer":"application"},{"id":"id-9b8e46614597424e96cfbb23663f51b7","name":"Google Drive","type":"ApplicationComponent","layer":"application"},{"id":"id-5aa57c2a17bf435988eb8fecf813e26e","name":"Microsoft Power BI","type":"ApplicationComponent","layer":"application"},{"id":"id-e1083e793ec148ddb06dfbc9405e7736","name":"Microsoft Office","type":"ApplicationComponent","layer":"application"},{"id":"id-6b01d3fe6a74433ab0eb3892eb608e3c","name":"Serviço de comunicação ","type":"ApplicationService","layer":"application"},{"id":"id-c6f3920a973b4dad917b8e04bad33720","name":"Serviço de marketing","type":"ApplicationService","layer":"application"},{"id":"id-97720455893e468f8dcd4080329091a3","name":"Serviço de armazenamento","type":"ApplicationService","layer":"application"},{"id":"id-43a57c9789274fefad5f0694c6341402","name":"Serviço de criação e edição de documentos","type":"ApplicationService","layer":"application"},{"id":"id-8e35e0941d6946aba868e65718d728ea","name":"Serviço de hospedagem","type":"ApplicationService","layer":"application"},{"id":"id-f0b7520fbed54ad2ae022b9a2de2a0de","name":"Serviço de gestão esmpresarial","type":"ApplicationService","layer":"application"},{"id":"id-142a68c07c314995980804a7ba1b5524","name":"Serviço de relatórios e dashboard","type":"ApplicationService","layer":"application"},{"id":"id-ba4c951b254443d296a547dd7d9a74a2","name":"Google Maps","type":"ApplicationComponent","layer":"application"},{"id":"id-0fbac44cc99c441e90abeeb2f3ba6a73","name":"Serviço de rotas","type":"ApplicationService","layer":"application"},{"id":"id-a0967f871f064272844271e22d8dca24","name":"Instragram BD","type":"Node","layer":"technology"},{"id":"id-0f7548f64474434fa71be47d4520b215","name":"Whatsapp BD","type":"Node","layer":"technology"},{"id":"id-8803c6f9290b43dd944d92986fa7cca4","name":"Google BD","type":"Node","layer":"technology"},{"id":"id-a3a8f9e2bf0943898593786bad5f9f22","name":"Microsoft BD","type":"Node","layer":"technology"},{"id":"id-d3f58ee497fb4e518af79865971c8539","name":"Hostinger BD","type":"Node","layer":"technology"},{"id":"id-f92db81de7884563babdb41cf68fc78a","name":"WebLider BD (local)","type":"Node","layer":"technology"},{"id":"id-fd459b9444f6495da5537af1caf6c334","name":"Serviço de comunicação","type":"TechnologyService","layer":"technology"},{"id":"id-5747e5558ff64b2fa04988428bc594b7","name":"Serviço de marketing","type":"TechnologyService","layer":"technology"},{"id":"id-a80319613e7e43c8ab9fdc93d309501c","name":"Serviço de armazenamento","type":"TechnologyService","layer":"technology"},{"id":"id-75b09626a8bc482b9494b5f5d59e75a9","name":"Serviço de hospedagem","type":"TechnologyService","layer":"technology"},{"id":"id-576c127cdb0b4589aaeb6566313e486c","name":"Serviço de gestão esmpresarial","type":"TechnologyService","layer":"technology"},{"id":"id-df9fb7d30ba24aeeaac5d1c3390fe028","name":"Serviço de criação e edição de documentos","type":"TechnologyService","layer":"technology"},{"id":"id-544a0fe6d6eb4629aed68466d79002c8","name":"Controlar e fornecer dados","type":"TechnologyFunction","layer":"technology"},{"id":"id-00f2a1c89c1a46fa8fc4f8121bb8780b","name":"Armazenar dados","type":"TechnologyFunction","layer":"technology"},{"id":"id-26986a3b25b1421bb160b3e85d4ebc7b","name":"Transferir dados","type":"TechnologyFunction","layer":"technology"},{"id":"id-a21a3f54390949b8af88833ef828b659","name":"Serviço de relatórios e dashboard","type":"TechnologyService","layer":"technology"},{"id":"id-6f16ca803c1a4f8c9c18c2691ecb56c1","name":"Serviço de rotas","type":"TechnologyService","layer":"technology"},{"id":"id-870a07e46a7e4d2e83e5beeb83777ec4","name":"Junction","type":"Junction","layer":"other"},{"id":"id-1d69d93ec6514866ab06277259ec9dbd","name":"Junction","type":"Junction","layer":"other"},{"id":"id-42aac0fcd74f439493fd0ddbe391298c","name":"Junction","type":"Junction","layer":"other"},{"id":"id-c23a4bea63f84768affca022dcaaa73c","name":"Junction","type":"Junction","layer":"other"},{"id":"id-37097bb66af74aa4a8d0e0ae72f7ba39","name":"Junction","type":"Junction","layer":"other"},{"id":"id-e3421dd0dbf64e64948caf02a910b40e","name":"Junction","type":"Junction","layer":"other"},{"id":"id-2f48efa5e2114817bc37b5fe69bdb32d","name":"Junction","type":"Junction","layer":"other"},{"id":"id-ea49fbdb0a144fd3a5125c47649bb2cc","name":"Junction","type":"Junction","layer":"other"},{"id":"id-89e267b303864908baacde6d4e1000db","name":"Junction","type":"Junction","layer":"other"}],"relationships":[{"id":"id-584a87dddc9a41a18291acc10345fe9b","sourceId":"id-73ea97aa29904d8d917b81f54b69cd4b","targetId":"id-fa72a15d33d047f286acf182e11ce3a4","type":"RealizationRelationship"},{"id":"id-24994dd3f7f54df683ecf7fb83a698af","sourceId":"id-50dfea077bfe44e8bc2b90a1253a7b3f","targetId":"id-26c1ce688c954efb9d346c9e15bce6b8","type":"TriggeringRelationship"},{"id":"id-1665fd4d3578487782fa36cbd7520f33","sourceId":"id-fa72a15d33d047f286acf182e11ce3a4","targetId":"id-3570b64f43424d3d8e02ec41ba73d4f4","type":"TriggeringRelationship"},{"id":"id-fa70cb3527fb400fbe54893d3539d40a","sourceId":"id-6a26103abbbf4187a869c5c7737905df","targetId":"id-08903aa79c4243e2a8f873e67dc05883","type":"TriggeringRelationship"},{"id":"id-15571ff0f42241b2b58328e6081962d5","sourceId":"id-9045be02791f4b0ab72802a9d7681263","targetId":"id-327ecf7affbc4f27a98acd659db6851c","type":"AssociationRelationship"},{"id":"id-2957730c8ce242e289337750e01f4e06","sourceId":"id-73ea97aa29904d8d917b81f54b69cd4b","targetId":"id-26c1ce688c954efb9d346c9e15bce6b8","type":"CompositionRelationship"},{"id":"id-fce18062eea74495a7d5aa8526022e07","sourceId":"id-fa72a15d33d047f286acf182e11ce3a4","targetId":"id-4ce6d76c77d549e4bdc735c89837ea48","type":"TriggeringRelationship"},{"id":"id-d0d98be0bae045e7b2905f6978ef240d","sourceId":"id-870a07e46a7e4d2e83e5beeb83777ec4","targetId":"id-08903aa79c4243e2a8f873e67dc05883","type":"TriggeringRelationship"},{"id":"id-73bb97d5e63a4fefa9b182f3047ef45c","sourceId":"id-55d88fc41dd44f9a95ddbade7628a915","targetId":"id-870a07e46a7e4d2e83e5beeb83777ec4","type":"TriggeringRelationship"},{"id":"id-cc44163dca81493c99a9a24611af6619","sourceId":"id-73ea97aa29904d8d917b81f54b69cd4b","targetId":"id-307998e2f6944144848b8939d920ea1b","type":"CompositionRelationship"},{"id":"id-41b2f8eb28714dcfb3ba9a555bd8cca9","sourceId":"id-fa72a15d33d047f286acf182e11ce3a4","targetId":"id-dc309416b20e48d9bb35ea8d60b0b0bd","type":"CompositionRelationship"},{"id":"id-d575448b232b49d2bd4c828b5ba076e6","sourceId":"id-fa72a15d33d047f286acf182e11ce3a4","targetId":"id-e1c87544e34d4821a59687801ab7bcea","type":"TriggeringRelationship"},{"id":"id-d62cbbbd9d1e4f9d9c3db78b631bc5d6","sourceId":"id-fa72a15d33d047f286acf182e11ce3a4","targetId":"id-4d20e369562c4331b9ca506568e72fac","type":"CompositionRelationship"},{"id":"id-b353d8d7a2af423d8c177d095290987f","sourceId":"id-73ea97aa29904d8d917b81f54b69cd4b","targetId":"id-8dc167da406c471eb3f86ef035537e5c","type":"CompositionRelationship"},{"id":"id-07b6edf1a6814f3195d95caccdc89081","sourceId":"id-0607cc13b06b46cdb4f96f4d0a740716","targetId":"id-3570b64f43424d3d8e02ec41ba73d4f4","type":"TriggeringRelationship"},{"id":"id-454804db04a94f4185e874d027451a4a","sourceId":"id-fa72a15d33d047f286acf182e11ce3a4","targetId":"id-66cbb144f0fe4f72b8c85c42edf2d0b7","type":"CompositionRelationship"},{"id":"id-7bfd8d641c7d467c95bfb4328a6b94a8","sourceId":"id-fa72a15d33d047f286acf182e11ce3a4","targetId":"id-95711391d39f4e1382b1c72b275c5037","type":"CompositionRelationship"},{"id":"id-0f6d4df37cde44d6bc7ead7c5c88e862","sourceId":"id-582a0d18ebea487997a88df08763b011","targetId":"id-55d88fc41dd44f9a95ddbade7628a915","type":"TriggeringRelationship"},{"id":"id-58d1673cf9df4e54ae119f17d0c33e07","sourceId":"id-582a0d18ebea487997a88df08763b011","targetId":"id-08903aa79c4243e2a8f873e67dc05883","type":"TriggeringRelationship"},{"id":"id-c425ff7c0f0d4f37a97c9acb708eaa23","sourceId":"id-307998e2f6944144848b8939d920ea1b","targetId":"id-55d88fc41dd44f9a95ddbade7628a915","type":"TriggeringRelationship"},{"id":"id-74ffc1f0b0c54608b47c157ceea26c2b","sourceId":"id-08903aa79c4243e2a8f873e67dc05883","targetId":"id-8dc167da406c471eb3f86ef035537e5c","type":"TriggeringRelationship"},{"id":"id-2a4efe0e170a4ff68c4bda7601ebfbe1","sourceId":"id-0607cc13b06b46cdb4f96f4d0a740716","targetId":"id-376efe4130a24b1db20e74f1a2476a8b","type":"TriggeringRelationship"},{"id":"id-f991bc2020364cda8dfabf22a0d0f8a6","sourceId":"id-8dc167da406c471eb3f86ef035537e5c","targetId":"id-26c1ce688c954efb9d346c9e15bce6b8","type":"TriggeringRelationship"},{"id":"id-95d7d1cc3afe427db0b6d768c881e6ae","sourceId":"id-582a0d18ebea487997a88df08763b011","targetId":"id-8dc167da406c471eb3f86ef035537e5c","type":"TriggeringRelationship"},{"id":"id-be0018d9b96e4ec79ac3404f4b69b77c","sourceId":"id-870a07e46a7e4d2e83e5beeb83777ec4","targetId":"id-8dc167da406c471eb3f86ef035537e5c","type":"TriggeringRelationship"},{"id":"id-494957ed96b74b1f89d3e76716290162","sourceId":"id-acd48b02356a461ab320fcd941f45075","targetId":"id-307998e2f6944144848b8939d920ea1b","type":"TriggeringRelationship"},{"id":"id-1bfd72bdacc14552b24e23003e151e3b","sourceId":"id-73ea97aa29904d8d917b81f54b69cd4b","targetId":"id-08903aa79c4243e2a8f873e67dc05883","type":"CompositionRelationship"},{"id":"id-4626bf5e2b7f4a7887a1088c17ac672d","sourceId":"id-73ea97aa29904d8d917b81f54b69cd4b","targetId":"id-55d88fc41dd44f9a95ddbade7628a915","type":"CompositionRelationship"},{"id":"id-f8b872c2644f43ae861ab5490672fea1","sourceId":"id-0607cc13b06b46cdb4f96f4d0a740716","targetId":"id-e1c87544e34d4821a59687801ab7bcea","type":"TriggeringRelationship"},{"id":"id-e73db95766e64b778ff13fc2587ccdcb","sourceId":"id-fa72a15d33d047f286acf182e11ce3a4","targetId":"id-376efe4130a24b1db20e74f1a2476a8b","type":"TriggeringRelationship"},{"id":"id-d87b17b8cbf346a19e5ed2d50ba11655","sourceId":"id-9045be02791f4b0ab72802a9d7681263","targetId":"id-307998e2f6944144848b8939d920ea1b","type":"TriggeringRelationship"},{"id":"id-9678b21ae2364b4788d9c24826da25aa","sourceId":"id-0607cc13b06b46cdb4f96f4d0a740716","targetId":"id-4ce6d76c77d549e4bdc735c89837ea48","type":"TriggeringRelationship"},{"id":"id-5047c5145c2348f6b4f80f63c3eff6f2","sourceId":"id-fd459b9444f6495da5537af1caf6c334","targetId":"id-09a6c01c5320409d8ff66fd70e57bf27","type":"TriggeringRelationship"},{"id":"id-94d016fb38cf41a7bc3624bedf3a3edc","sourceId":"id-fd459b9444f6495da5537af1caf6c334","targetId":"id-bf2676a37faf4e43ada563d7007f4ceb","type":"TriggeringRelationship"},{"id":"id-2b62474ad0274f5d95a398635f9c4c49","sourceId":"id-fd459b9444f6495da5537af1caf6c334","targetId":"id-8639e23484c74f0197edf9aac28f946a","type":"TriggeringRelationship"},{"id":"id-9f69251f558a41b4b4378df872d8180b","sourceId":"id-5747e5558ff64b2fa04988428bc594b7","targetId":"id-8639e23484c74f0197edf9aac28f946a","type":"TriggeringRelationship"},{"id":"id-c5d4c5cba40048dba2a96727e04e7f1b","sourceId":"id-a80319613e7e43c8ab9fdc93d309501c","targetId":"id-9b8e46614597424e96cfbb23663f51b7","type":"TriggeringRelationship"},{"id":"id-821c120629de48ae98cb58e08a027c5f","sourceId":"id-75b09626a8bc482b9494b5f5d59e75a9","targetId":"id-b2f3de8b30684ea2aad842ccca73f452","type":"TriggeringRelationship"},{"id":"id-89145fd386284a5c85da1aece432bcb6","sourceId":"id-df9fb7d30ba24aeeaac5d1c3390fe028","targetId":"id-e1083e793ec148ddb06dfbc9405e7736","type":"TriggeringRelationship"},{"id":"id-0c17cb38b55848d8bb0630fff5280e47","sourceId":"id-a21a3f54390949b8af88833ef828b659","targetId":"id-5aa57c2a17bf435988eb8fecf813e26e","type":"TriggeringRelationship"},{"id":"id-9a7a56d255444db99548769bcdc7ffee","sourceId":"id-576c127cdb0b4589aaeb6566313e486c","targetId":"id-5124c86d421f423ea91d71fc2b9a87fb","type":"TriggeringRelationship"},{"id":"id-4388176f549c4828824aaedb233132d3","sourceId":"id-f92db81de7884563babdb41cf68fc78a","targetId":"id-544a0fe6d6eb4629aed68466d79002c8","type":"AssociationRelationship"},{"id":"id-b88e8f4c70a14dfca2efee04220c15d2","sourceId":"id-d3f58ee497fb4e518af79865971c8539","targetId":"id-544a0fe6d6eb4629aed68466d79002c8","type":"AssociationRelationship"},{"id":"id-fb4642893505497b94f43b39e4001221","sourceId":"id-a3a8f9e2bf0943898593786bad5f9f22","targetId":"id-544a0fe6d6eb4629aed68466d79002c8","type":"AssociationRelationship"},{"id":"id-2acf14936129458697b46ff0e170e10d","sourceId":"id-0f7548f64474434fa71be47d4520b215","targetId":"id-26986a3b25b1421bb160b3e85d4ebc7b","type":"AssociationRelationship"},{"id":"id-60d4466ab1ef42a0a8734f72fc56ed3a","sourceId":"id-a0967f871f064272844271e22d8dca24","targetId":"id-26986a3b25b1421bb160b3e85d4ebc7b","type":"AssociationRelationship"},{"id":"id-ac83781420a4442e89458b2af42d4f76","sourceId":"id-8803c6f9290b43dd944d92986fa7cca4","targetId":"id-00f2a1c89c1a46fa8fc4f8121bb8780b","type":"AssociationRelationship"},{"id":"id-16ce49ce14b94929a2ca88daf29e54a4","sourceId":"id-00f2a1c89c1a46fa8fc4f8121bb8780b","targetId":"id-df9fb7d30ba24aeeaac5d1c3390fe028","type":"RealizationRelationship"},{"id":"id-7e79c04a0c514cb2944b3e825a1256eb","sourceId":"id-544a0fe6d6eb4629aed68466d79002c8","targetId":"id-576c127cdb0b4589aaeb6566313e486c","type":"RealizationRelationship"},{"id":"id-e3c0ff1bf9fb45c0b0da30425c234cff","sourceId":"id-544a0fe6d6eb4629aed68466d79002c8","targetId":"id-75b09626a8bc482b9494b5f5d59e75a9","type":"RealizationRelationship"},{"id":"id-567ca5f211dd46d98794c80482c894be","sourceId":"id-00f2a1c89c1a46fa8fc4f8121bb8780b","targetId":"id-a80319613e7e43c8ab9fdc93d309501c","type":"RealizationRelationship"},{"id":"id-e7ded1b08e4d49279fb1c60718209625","sourceId":"id-26986a3b25b1421bb160b3e85d4ebc7b","targetId":"id-5747e5558ff64b2fa04988428bc594b7","type":"RealizationRelationship"},{"id":"id-5cecaf0c755b46ab9c381c5cca6b562d","sourceId":"id-26986a3b25b1421bb160b3e85d4ebc7b","targetId":"id-fd459b9444f6495da5537af1caf6c334","type":"RealizationRelationship"},{"id":"id-c854fbe8e46c407e83cc3162e63d6d8b","sourceId":"id-f92db81de7884563babdb41cf68fc78a","targetId":"id-00f2a1c89c1a46fa8fc4f8121bb8780b","type":"AssociationRelationship"},{"id":"id-027db7cb008d4c95aaab2547dfe13eac","sourceId":"id-544a0fe6d6eb4629aed68466d79002c8","targetId":"id-a21a3f54390949b8af88833ef828b659","type":"RealizationRelationship"},{"id":"id-17caaef8606141cb9fbd78a78909c751","sourceId":"id-09a6c01c5320409d8ff66fd70e57bf27","targetId":"id-6b01d3fe6a74433ab0eb3892eb608e3c","type":"RealizationRelationship"},{"id":"id-dc762dd06c344c31b23c9d8b17bbbc3f","sourceId":"id-bf2676a37faf4e43ada563d7007f4ceb","targetId":"id-6b01d3fe6a74433ab0eb3892eb608e3c","type":"RealizationRelationship"},{"id":"id-8d7ee88f46e9467897bec3e876579f9d","sourceId":"id-8639e23484c74f0197edf9aac28f946a","targetId":"id-6b01d3fe6a74433ab0eb3892eb608e3c","type":"RealizationRelationship"},{"id":"id-ba445a05472046639ba3fb689f2ef4ad","sourceId":"id-8639e23484c74f0197edf9aac28f946a","targetId":"id-c6f3920a973b4dad917b8e04bad33720","type":"RealizationRelationship"},{"id":"id-e51ea32acf8c4ffdaed15212b05b9e5a","sourceId":"id-9b8e46614597424e96cfbb23663f51b7","targetId":"id-97720455893e468f8dcd4080329091a3","type":"RealizationRelationship"},{"id":"id-86807015c8a849799014082e8279f8c4","sourceId":"id-e1083e793ec148ddb06dfbc9405e7736","targetId":"id-43a57c9789274fefad5f0694c6341402","type":"RealizationRelationship"},{"id":"id-2c52a256fe084af3ad4fc623a1afa834","sourceId":"id-b2f3de8b30684ea2aad842ccca73f452","targetId":"id-8e35e0941d6946aba868e65718d728ea","type":"RealizationRelationship"},{"id":"id-1eedc786cebe49eb894f25757c21dc27","sourceId":"id-5124c86d421f423ea91d71fc2b9a87fb","targetId":"id-f0b7520fbed54ad2ae022b9a2de2a0de","type":"RealizationRelationship"},{"id":"id-0ce4fddeb7ef4a2c98f24d7e4c32b6e9","sourceId":"id-5aa57c2a17bf435988eb8fecf813e26e","targetId":"id-142a68c07c314995980804a7ba1b5524","type":"RealizationRelationship"},{"id":"id-bc0bb25548444174a146b759a76e6e96","sourceId":"id-c6f3920a973b4dad917b8e04bad33720","targetId":"id-e1c87544e34d4821a59687801ab7bcea","type":"TriggeringRelationship"},{"id":"id-724365a27b234b5084cdd7f15ccc81a0","sourceId":"id-97720455893e468f8dcd4080329091a3","targetId":"id-73ea97aa29904d8d917b81f54b69cd4b","type":"TriggeringRelationship"},{"id":"id-4e5881fda46f47a49a8ea3a0ed036718","sourceId":"id-43a57c9789274fefad5f0694c6341402","targetId":"id-73ea97aa29904d8d917b81f54b69cd4b","type":"TriggeringRelationship"},{"id":"id-8fa31ae074fe475a8d33afced85ec6d7","sourceId":"id-8e35e0941d6946aba868e65718d728ea","targetId":"id-3570b64f43424d3d8e02ec41ba73d4f4","type":"TriggeringRelationship"},{"id":"id-de13919e6fdd4076b126ea7deb68d351","sourceId":"id-f0b7520fbed54ad2ae022b9a2de2a0de","targetId":"id-73ea97aa29904d8d917b81f54b69cd4b","type":"TriggeringRelationship"},{"id":"id-69e5c66ed4dd47eaa71cf357a107e0d6","sourceId":"id-142a68c07c314995980804a7ba1b5524","targetId":"id-73ea97aa29904d8d917b81f54b69cd4b","type":"TriggeringRelationship"},{"id":"id-371f98de98204841bcb531760f688054","sourceId":"id-0fbac44cc99c441e90abeeb2f3ba6a73","targetId":"id-50dfea077bfe44e8bc2b90a1253a7b3f","type":"TriggeringRelationship"},{"id":"id-bfb1b9381fda4032b29ebbe932bc2826","sourceId":"id-ba4c951b254443d296a547dd7d9a74a2","targetId":"id-0fbac44cc99c441e90abeeb2f3ba6a73","type":"RealizationRelationship"},{"id":"id-3213ac0809cf4bf5a760121055fc1b67","sourceId":"id-6f16ca803c1a4f8c9c18c2691ecb56c1","targetId":"id-ba4c951b254443d296a547dd7d9a74a2","type":"TriggeringRelationship"},{"id":"id-fe4bc914deb2483bb8b0545234c2753f","sourceId":"id-8803c6f9290b43dd944d92986fa7cca4","targetId":"id-6f16ca803c1a4f8c9c18c2691ecb56c1","type":"RealizationRelationship"},{"id":"id-49a045a5c2034a58b1d9bb3faf5dce21","sourceId":"id-66330aaf89f54e69a76d6edec3a5b972","targetId":"id-d07e3bec9f8243ef932eda66dc7834db","type":"CompositionRelationship"},{"id":"id-d850c011fed9472b830212345c3c988d","sourceId":"id-29dfd83ee4a24903a931287d24138107","targetId":"id-5a31dacf687b48d2a1001265006303d7","type":"TriggeringRelationship"},{"id":"id-baf8bc27cc7a4a02b078f702540aedfa","sourceId":"id-66330aaf89f54e69a76d6edec3a5b972","targetId":"id-9c261fb380064ddd9aecb26f41882140","type":"TriggeringRelationship"},{"id":"id-0fe203fa47d1463c8d08e4c75ce4cc83","sourceId":"id-42aac0fcd74f439493fd0ddbe391298c","targetId":"id-508b54708b37459491147f9b3423b0ed","type":"TriggeringRelationship"},{"id":"id-73b34be46d4c41189a8facb6945d5c46","sourceId":"id-66330aaf89f54e69a76d6edec3a5b972","targetId":"id-508b54708b37459491147f9b3423b0ed","type":"CompositionRelationship"},{"id":"id-67dace9530d34f46b61db98b5b52b017","sourceId":"id-c23a4bea63f84768affca022dcaaa73c","targetId":"id-313e9d0d75b44a46b79aabac97b19e0d","type":"TriggeringRelationship"},{"id":"id-e2494d7bef7642fd9f71486a1eeee6eb","sourceId":"id-d07e3bec9f8243ef932eda66dc7834db","targetId":"id-42aac0fcd74f439493fd0ddbe391298c","type":"TriggeringRelationship"},{"id":"id-6814ee6ae4454acca75ead911257f61c","sourceId":"id-45fc9f5869b4420781696478a4426a8e","targetId":"id-d07e3bec9f8243ef932eda66dc7834db","type":"TriggeringRelationship"},{"id":"id-1a604d55867046bebf2cc437312ab353","sourceId":"id-c23a4bea63f84768affca022dcaaa73c","targetId":"id-508b54708b37459491147f9b3423b0ed","type":"TriggeringRelationship"},{"id":"id-e4af8b7edea34a379cb42e54953ac4c7","sourceId":"id-b73fca50844244bda12b9eccccfff2d8","targetId":"id-75f1378ba3af4c7a877ba7d5bbc700c6","type":"TriggeringRelationship"},{"id":"id-b99c028864404fa19478e40dbacb3bf1","sourceId":"id-66330aaf89f54e69a76d6edec3a5b972","targetId":"id-5a31dacf687b48d2a1001265006303d7","type":"CompositionRelationship"},{"id":"id-0b400c3acff849f5a28ce3e11d2f209d","sourceId":"id-66330aaf89f54e69a76d6edec3a5b972","targetId":"id-313e9d0d75b44a46b79aabac97b19e0d","type":"CompositionRelationship"},{"id":"id-38ea4f53295b47a8b22d4fd648d550d9","sourceId":"id-42aac0fcd74f439493fd0ddbe391298c","targetId":"id-313e9d0d75b44a46b79aabac97b19e0d","type":"TriggeringRelationship"},{"id":"id-39ee3d9f772d410cba0723a3702c6b77","sourceId":"id-66330aaf89f54e69a76d6edec3a5b972","targetId":"id-29dfd83ee4a24903a931287d24138107","type":"CompositionRelationship"},{"id":"id-1bc955ad4f23425d82fdb034f1688700","sourceId":"id-66330aaf89f54e69a76d6edec3a5b972","targetId":"id-45fc9f5869b4420781696478a4426a8e","type":"CompositionRelationship"},{"id":"id-ff4ee905f2d74c9381e83d05de1aa090","sourceId":"id-0334b8e915e74373bdf29d76cd407964","targetId":"id-c23a4bea63f84768affca022dcaaa73c","type":"TriggeringRelationship"},{"id":"id-0c0373263ee248a3a7bffba0dfd0a798","sourceId":"id-66330aaf89f54e69a76d6edec3a5b972","targetId":"id-0334b8e915e74373bdf29d76cd407964","type":"CompositionRelationship"},{"id":"id-226018bc5f1d45fca73d28cf1fb103c8","sourceId":"id-92d1970f033c4f1abc7c6e50bce93958","targetId":"id-75f1378ba3af4c7a877ba7d5bbc700c6","type":"FlowRelationship"},{"id":"id-04843df51a2c45be97e216152e20db05","sourceId":"id-66330aaf89f54e69a76d6edec3a5b972","targetId":"id-9c261fb380064ddd9aecb26f41882140","type":"CompositionRelationship"},{"id":"id-f11c4ff0e15c4ec08ba9eade1f5f4fd5","sourceId":"id-1d69d93ec6514866ab06277259ec9dbd","targetId":"id-9c261fb380064ddd9aecb26f41882140","type":"TriggeringRelationship"},{"id":"id-2ac259b6cd824506befb7267b6d55db0","sourceId":"id-66330aaf89f54e69a76d6edec3a5b972","targetId":"id-92d1970f033c4f1abc7c6e50bce93958","type":"RealizationRelationship"},{"id":"id-e95ccebdf1ed4002b30c640f7a129a63","sourceId":"id-f84badc563c941438097e9c06e2a7aef","targetId":"id-1d69d93ec6514866ab06277259ec9dbd","type":"TriggeringRelationship"},{"id":"id-5bfe2b6bb6344eb0a6f6dee636a493bd","sourceId":"id-66330aaf89f54e69a76d6edec3a5b972","targetId":"id-f84badc563c941438097e9c06e2a7aef","type":"CompositionRelationship"},{"id":"id-4925497ed4c245709a043f1eb9d01ec0","sourceId":"id-5a31dacf687b48d2a1001265006303d7","targetId":"id-0334b8e915e74373bdf29d76cd407964","type":"TriggeringRelationship"},{"id":"id-82bcb2d0ebd24b5e93928a3da79a862e","sourceId":"id-1d69d93ec6514866ab06277259ec9dbd","targetId":"id-29dfd83ee4a24903a931287d24138107","type":"TriggeringRelationship"},{"id":"id-2d9b194557a3434886d8273684b8a792","sourceId":"id-9c261fb380064ddd9aecb26f41882140","targetId":"id-45fc9f5869b4420781696478a4426a8e","type":"TriggeringRelationship"},{"id":"id-815751bef0f54a35bbefb2a70470df15","sourceId":"id-d922400534c0474cadff32615e917af7","targetId":"id-8c3b2e44fb924faaa5c6cd152d1023a9","type":"TriggeringRelationship"},{"id":"id-921e1d9bb1d8417bbcd485eb57da95f2","sourceId":"id-2eafb2dbeece4d1d91ebbd63bbfb6b8d","targetId":"id-1e6f2516efea4c7e96ee890cc73cc0ce","type":"CompositionRelationship"},{"id":"id-b1c4afdc898849ef8711ea41e677bdea","sourceId":"id-2eafb2dbeece4d1d91ebbd63bbfb6b8d","targetId":"id-d922400534c0474cadff32615e917af7","type":"CompositionRelationship"},{"id":"id-c922ba3a56e1455d854ddb04f91d41b0","sourceId":"id-2eafb2dbeece4d1d91ebbd63bbfb6b8d","targetId":"id-da0ef942863e4ab890b188dfc84fa7d0","type":"CompositionRelationship"},{"id":"id-5c38197c1bb4451d93f587668bd177cc","sourceId":"id-37097bb66af74aa4a8d0e0ae72f7ba39","targetId":"id-7ad95e9623404a57856b3e9b6db87240","type":"TriggeringRelationship"},{"id":"id-ee0a8055cd8a47f7b3b51d0b8362705e","sourceId":"id-ebd30bf879da486f85aab1354aa1f5d6","targetId":"id-da0ef942863e4ab890b188dfc84fa7d0","type":"TriggeringRelationship"},{"id":"id-a882025353ed456e94155fca59d2044b","sourceId":"id-37097bb66af74aa4a8d0e0ae72f7ba39","targetId":"id-ebd30bf879da486f85aab1354aa1f5d6","type":"TriggeringRelationship"},{"id":"id-49a7714acbbf42ec937deb747e5a2f8e","sourceId":"id-2eafb2dbeece4d1d91ebbd63bbfb6b8d","targetId":"id-7ad95e9623404a57856b3e9b6db87240","type":"CompositionRelationship"},{"id":"id-4abec6ad9dad44f083ec3b132d137177","sourceId":"id-bd1660b903314cfbb33f002657e8803f","targetId":"id-210702fe7fa841c59715fc5b9ecf942a","type":"TriggeringRelationship"},{"id":"id-4be650f97ea14543a96a8a6c3c0a46e0","sourceId":"id-2eafb2dbeece4d1d91ebbd63bbfb6b8d","targetId":"id-51dca6f95d4046b3bbdd7aa3c97fb260","type":"CompositionRelationship"},{"id":"id-1628e53bd9224538a0a19131cb36b679","sourceId":"id-2eafb2dbeece4d1d91ebbd63bbfb6b8d","targetId":"id-ebd30bf879da486f85aab1354aa1f5d6","type":"CompositionRelationship"},{"id":"id-333e7a24b4d74146bcb606248748ec3c","sourceId":"id-2eafb2dbeece4d1d91ebbd63bbfb6b8d","targetId":"id-d3433e609867442385767365f1a9d1bc","type":"CompositionRelationship"},{"id":"id-24628a7ac33749199c859f75325a278d","sourceId":"id-7ad95e9623404a57856b3e9b6db87240","targetId":"id-d3433e609867442385767365f1a9d1bc","type":"TriggeringRelationship"},{"id":"id-dce4abae23a3477a809d029a5a63e51c","sourceId":"id-51dca6f95d4046b3bbdd7aa3c97fb260","targetId":"id-1e6f2516efea4c7e96ee890cc73cc0ce","type":"TriggeringRelationship"},{"id":"id-4a73c428fafa4231a7746b213959389f","sourceId":"id-2eafb2dbeece4d1d91ebbd63bbfb6b8d","targetId":"id-8c3b2e44fb924faaa5c6cd152d1023a9","type":"CompositionRelationship"},{"id":"id-0ca36de6e8324287a0b20e88d69b89dd","sourceId":"id-2eafb2dbeece4d1d91ebbd63bbfb6b8d","targetId":"id-f21895c0dbdd4aa4ad5f3e2a66d5efd3","type":"RealizationRelationship"},{"id":"id-3f32d83619a345749f0ae803c55d40ff","sourceId":"id-8c3b2e44fb924faaa5c6cd152d1023a9","targetId":"id-37097bb66af74aa4a8d0e0ae72f7ba39","type":"TriggeringRelationship"},{"id":"id-ff6af79a1db64260961c4d54be32060c","sourceId":"id-d3433e609867442385767365f1a9d1bc","targetId":"id-51dca6f95d4046b3bbdd7aa3c97fb260","type":"TriggeringRelationship"},{"id":"id-8877b8fe35f5496cae90e72334155ec8","sourceId":"id-befac4cc0b39438896b4855921b09004","targetId":"id-210702fe7fa841c59715fc5b9ecf942a","type":"TriggeringRelationship"},{"id":"id-8101b3eff9204e9f971cb3f1bd746490","sourceId":"id-210702fe7fa841c59715fc5b9ecf942a","targetId":"id-f21895c0dbdd4aa4ad5f3e2a66d5efd3","type":"FlowRelationship"},{"id":"id-1f01b800db82473e9f94319bce65a0d8","sourceId":"id-d0e4b9f91c444f8fb46628fb33e2c28a","targetId":"id-678ee460186843f2b1492595bf140056","type":"TriggeringRelationship"},{"id":"id-73c396c0b62c4ddbbabce56b1930a092","sourceId":"id-e369da1601004a51b427492b53d7d9bb","targetId":"id-7bb2edea82e34392bb27a2e0ec9f0f91","type":"CompositionRelationship"},{"id":"id-ec8352280bb848828a06c3b96d889ea1","sourceId":"id-e2cdd36dad6242e68a9ce80dc0c14f79","targetId":"id-95ded66db6474e4da62b9fd683e81bc5","type":"TriggeringRelationship"},{"id":"id-2584c1faa04542ebbaed59c7e76f7b0a","sourceId":"id-d91bf9a153f44285bce04c169ad9bea4","targetId":"id-d0e4b9f91c444f8fb46628fb33e2c28a","type":"AssignmentRelationship"},{"id":"id-a98caf2f34b5473e9342da9641f39a7d","sourceId":"id-e369da1601004a51b427492b53d7d9bb","targetId":"id-3a6ceddc2d894c88ae51d47c31a7e520","type":"CompositionRelationship"},{"id":"id-deef0619849e42bfa75918923b9df09c","sourceId":"id-e369da1601004a51b427492b53d7d9bb","targetId":"id-678ee460186843f2b1492595bf140056","type":"CompositionRelationship"},{"id":"id-d6afe803f4144c9ab4b1344ce64169ce","sourceId":"id-857e50f065ad4a6a97686406e13c3e72","targetId":"id-23f7a96aaefe4500ae83a70c3b2d5207","type":"TriggeringRelationship"},{"id":"id-6f9c296feb1c4d18b5ec055ef336dbcd","sourceId":"id-e369da1601004a51b427492b53d7d9bb","targetId":"id-bb076362967346dcb2cd771bc0c553b7","type":"RealizationRelationship"},{"id":"id-ab77019ccf534c95938229470cc780d1","sourceId":"id-7bb2edea82e34392bb27a2e0ec9f0f91","targetId":"id-678ee460186843f2b1492595bf140056","type":"TriggeringRelationship"},{"id":"id-1f05f6b05eab43169d8395e1c1a3b88d","sourceId":"id-e3421dd0dbf64e64948caf02a910b40e","targetId":"id-7bb2edea82e34392bb27a2e0ec9f0f91","type":"TriggeringRelationship"},{"id":"id-f7050db03e6a469f801192990c079be0","sourceId":"id-e369da1601004a51b427492b53d7d9bb","targetId":"id-90b02d3548074e8d963087be48b94175","type":"CompositionRelationship"},{"id":"id-b16370671e4344bea4f9b201cc74d87f","sourceId":"id-90b02d3548074e8d963087be48b94175","targetId":"id-3a6ceddc2d894c88ae51d47c31a7e520","type":"TriggeringRelationship"},{"id":"id-73c61714b74343908d1f2f421f1a9db2","sourceId":"id-23f7a96aaefe4500ae83a70c3b2d5207","targetId":"id-90b02d3548074e8d963087be48b94175","type":"TriggeringRelationship"},{"id":"id-96d24db295ec47d3b047c3d8b34fe254","sourceId":"id-e369da1601004a51b427492b53d7d9bb","targetId":"id-fe984649f9b94aec8e4eb78918900bd5","type":"CompositionRelationship"},{"id":"id-0de8eb0eb4c144d6bd0a97f1f1e80b4b","sourceId":"id-678ee460186843f2b1492595bf140056","targetId":"id-857e50f065ad4a6a97686406e13c3e72","type":"TriggeringRelationship"},{"id":"id-25255c116e1241b9a743e8e9e6e10cb4","sourceId":"id-e369da1601004a51b427492b53d7d9bb","targetId":"id-d0e4b9f91c444f8fb46628fb33e2c28a","type":"CompositionRelationship"},{"id":"id-0111bd22e9c14071b4bd22639048e41a","sourceId":"id-bb076362967346dcb2cd771bc0c553b7","targetId":"id-95ded66db6474e4da62b9fd683e81bc5","type":"FlowRelationship"},{"id":"id-27c644d596904466b4c45e1fa55eca95","sourceId":"id-fe984649f9b94aec8e4eb78918900bd5","targetId":"id-e3421dd0dbf64e64948caf02a910b40e","type":"TriggeringRelationship"},{"id":"id-a67798c75e994b8eb300d54c4faca6a2","sourceId":"id-e369da1601004a51b427492b53d7d9bb","targetId":"id-23f7a96aaefe4500ae83a70c3b2d5207","type":"CompositionRelationship"},{"id":"id-eaa35a50f2f746b5b9a02a53799cc2f2","sourceId":"id-e369da1601004a51b427492b53d7d9bb","targetId":"id-857e50f065ad4a6a97686406e13c3e72","type":"CompositionRelationship"},{"id":"id-4d6562e127934f6d8e48fa35c4ac4159","sourceId":"id-e3421dd0dbf64e64948caf02a910b40e","targetId":"id-d0e4b9f91c444f8fb46628fb33e2c28a","type":"TriggeringRelationship"},{"id":"id-d1159d12a0484237bad06a80816f1f05","sourceId":"id-97720455893e468f8dcd4080329091a3","targetId":"id-fe984649f9b94aec8e4eb78918900bd5","type":"TriggeringRelationship"},{"id":"id-29607d4ff9ce413d8e0e549b07971964","sourceId":"id-142a68c07c314995980804a7ba1b5524","targetId":"id-3a6ceddc2d894c88ae51d47c31a7e520","type":"TriggeringRelationship"},{"id":"id-3c58db78d3bb418cbaeb6484473163ce","sourceId":"id-f0b7520fbed54ad2ae022b9a2de2a0de","targetId":"id-23f7a96aaefe4500ae83a70c3b2d5207","type":"TriggeringRelationship"},{"id":"id-a2813358715644a38f9c72e879f099e7","sourceId":"id-0fbac44cc99c441e90abeeb2f3ba6a73","targetId":"id-90b02d3548074e8d963087be48b94175","type":"TriggeringRelationship"},{"id":"id-3fb876c0217c44cc9ad9109ac5796760","sourceId":"id-43a57c9789274fefad5f0694c6341402","targetId":"id-e369da1601004a51b427492b53d7d9bb","type":"TriggeringRelationship"},{"id":"id-1cc7413db1db47a7a32039a174c53f4b","sourceId":"id-97720455893e468f8dcd4080329091a3","targetId":"id-678ee460186843f2b1492595bf140056","type":"TriggeringRelationship"},{"id":"id-874233021737464c967f1a2141d91ff8","sourceId":"id-97720455893e468f8dcd4080329091a3","targetId":"id-d922400534c0474cadff32615e917af7","type":"TriggeringRelationship"},{"id":"id-41fe7ce3570c41e5acd6645d8f99b837","sourceId":"id-43a57c9789274fefad5f0694c6341402","targetId":"id-2eafb2dbeece4d1d91ebbd63bbfb6b8d","type":"TriggeringRelationship"},{"id":"id-567457118b9047dab489d7fcc5a4a1b2","sourceId":"id-f0b7520fbed54ad2ae022b9a2de2a0de","targetId":"id-2eafb2dbeece4d1d91ebbd63bbfb6b8d","type":"TriggeringRelationship"},{"id":"id-a40fc8d28d714b7a865ea730ff64945c","sourceId":"id-142a68c07c314995980804a7ba1b5524","targetId":"id-2eafb2dbeece4d1d91ebbd63bbfb6b8d","type":"TriggeringRelationship"},{"id":"id-c870995d01d1411f8b774a33ec1f677f","sourceId":"id-97720455893e468f8dcd4080329091a3","targetId":"id-f84badc563c941438097e9c06e2a7aef","type":"TriggeringRelationship"},{"id":"id-9f025f98987243c19b17ffb49f660daf","sourceId":"id-43a57c9789274fefad5f0694c6341402","targetId":"id-66330aaf89f54e69a76d6edec3a5b972","type":"TriggeringRelationship"},{"id":"id-4716099a76be44de8e121b473175b779","sourceId":"id-f0b7520fbed54ad2ae022b9a2de2a0de","targetId":"id-66330aaf89f54e69a76d6edec3a5b972","type":"TriggeringRelationship"},{"id":"id-4ee8726cb76c4e008f4fefbf7d8741e7","sourceId":"id-142a68c07c314995980804a7ba1b5524","targetId":"id-508b54708b37459491147f9b3423b0ed","type":"TriggeringRelationship"},{"id":"id-9e26e588c3584e74bf1ee999abc44df8","sourceId":"id-142a68c07c314995980804a7ba1b5524","targetId":"id-313e9d0d75b44a46b79aabac97b19e0d","type":"TriggeringRelationship"},{"id":"id-1e018ab941b843cbac66a557981ae749","sourceId":"id-6b01d3fe6a74433ab0eb3892eb608e3c","targetId":"id-e1c87544e34d4821a59687801ab7bcea","type":"TriggeringRelationship"},{"id":"id-7f577abc8ef0473eaeb4e5cdb599b095","sourceId":"id-6b01d3fe6a74433ab0eb3892eb608e3c","targetId":"id-376efe4130a24b1db20e74f1a2476a8b","type":"TriggeringRelationship"},{"id":"id-8676b526296c4d5ebf7af0f19e8827e0","sourceId":"id-2f48efa5e2114817bc37b5fe69bdb32d","targetId":"id-fd33838faf604b30a87be498daf185e3","type":"TriggeringRelationship"},{"id":"id-c3d3f6b43dfd48e4a57c5809302be310","sourceId":"id-383ae1a8ffd040ada4b97c4cb39f056e","targetId":"id-7444d299cb6942989fd3202aca6e7c25","type":"CompositionRelationship"},{"id":"id-08b8931c7cd64f5391b8ddca4ab9d2da","sourceId":"id-383ae1a8ffd040ada4b97c4cb39f056e","targetId":"id-c7f432c1fba54758a274a137b3dfa317","type":"CompositionRelationship"},{"id":"id-e2776dba04084a6faf4451b8b03c7186","sourceId":"id-04d2de7ac5c2499194671953d9eb7049","targetId":"id-fc0e4ca250264f8f92d3d54e1ed81e50","type":"FlowRelationship"},{"id":"id-54502ed7071343eba25822d68de7f7db","sourceId":"id-bf44922b06ca49b882c15af9f2df74bd","targetId":"id-ea49fbdb0a144fd3a5125c47649bb2cc","type":"TriggeringRelationship"},{"id":"id-94305b5720284d9d8977a862de53db77","sourceId":"id-383ae1a8ffd040ada4b97c4cb39f056e","targetId":"id-04d2de7ac5c2499194671953d9eb7049","type":"RealizationRelationship"},{"id":"id-2b150ac3f0e8446b817fa109504d0fed","sourceId":"id-2f48efa5e2114817bc37b5fe69bdb32d","targetId":"id-bf44922b06ca49b882c15af9f2df74bd","type":"TriggeringRelationship"},{"id":"id-86a92cfc56d6433b9d489d27d1c25626","sourceId":"id-383ae1a8ffd040ada4b97c4cb39f056e","targetId":"id-bf44922b06ca49b882c15af9f2df74bd","type":"CompositionRelationship"},{"id":"id-bb5556c6fd2b427e83a31d8f5fd6945c","sourceId":"id-383ae1a8ffd040ada4b97c4cb39f056e","targetId":"id-fd33838faf604b30a87be498daf185e3","type":"CompositionRelationship"},{"id":"id-065e1c557b3b4cec98ffce82e988a4a5","sourceId":"id-383ae1a8ffd040ada4b97c4cb39f056e","targetId":"id-0dc673f0cfe54a6fae2194b153f62450","type":"CompositionRelationship"},{"id":"id-9be4b668a1f14401b89238ed1d3a50d5","sourceId":"id-7444d299cb6942989fd3202aca6e7c25","targetId":"id-0dc673f0cfe54a6fae2194b153f62450","type":"TriggeringRelationship"},{"id":"id-257d84777cf14b13bce8511a240ec0d2","sourceId":"id-5b6d8cc169594cce8286ed3e161a5c5a","targetId":"id-fc0e4ca250264f8f92d3d54e1ed81e50","type":"TriggeringRelationship"},{"id":"id-97b6ea482fda419e99d2a5d88c9f36ab","sourceId":"id-0dc673f0cfe54a6fae2194b153f62450","targetId":"id-2f48efa5e2114817bc37b5fe69bdb32d","type":"TriggeringRelationship"},{"id":"id-aec81552d66c4ee8bb8434ee40059bd8","sourceId":"id-ea49fbdb0a144fd3a5125c47649bb2cc","targetId":"id-fd33838faf604b30a87be498daf185e3","type":"TriggeringRelationship"},{"id":"id-f35462b0f4d3432b8ec81c814ba84840","sourceId":"id-ea49fbdb0a144fd3a5125c47649bb2cc","targetId":"id-c7f432c1fba54758a274a137b3dfa317","type":"TriggeringRelationship"},{"id":"id-9323b08681474b0fa7944bcae464b960","sourceId":"id-89e267b303864908baacde6d4e1000db","targetId":"id-19e4c238edf9491e982d38dbdeaa358f","type":"TriggeringRelationship"},{"id":"id-dc7a9fd28a6b4812a2c457f8ddb26b95","sourceId":"id-a11e067f81f844ffbbcab060008b1350","targetId":"id-bcbf2405d7e24f078cdab800c13812b8","type":"CompositionRelationship"},{"id":"id-81e50ecac1e64a9fa01be2f5b49b6a4d","sourceId":"id-cb6503393ede4584a702373a52c311e0","targetId":"id-89e267b303864908baacde6d4e1000db","type":"TriggeringRelationship"},{"id":"id-e027576f43e748eb9619c471a336e3f6","sourceId":"id-9f7a523e139e42df9c49546b52c962ea","targetId":"id-4e4b0f4a806b438eb6ecb30c2a52003a","type":"ServingRelationship"},{"id":"id-669657f87a8f4b10bb9bec6feadfb146","sourceId":"id-a3ff7c3f706048acbea1a0a948ccb58c","targetId":"id-cb6503393ede4584a702373a52c311e0","type":"TriggeringRelationship"},{"id":"id-8665457673154521ae0ea77694fc7cc1","sourceId":"id-89e267b303864908baacde6d4e1000db","targetId":"id-bcbf2405d7e24f078cdab800c13812b8","type":"TriggeringRelationship"},{"id":"id-608c3f1393b348fcb8d14394ea85204d","sourceId":"id-a11e067f81f844ffbbcab060008b1350","targetId":"id-a3ff7c3f706048acbea1a0a948ccb58c","type":"CompositionRelationship"},{"id":"id-84585456563548658e3a9867a80ea42a","sourceId":"id-a11e067f81f844ffbbcab060008b1350","targetId":"id-19e4c238edf9491e982d38dbdeaa358f","type":"CompositionRelationship"},{"id":"id-fdf66ebb4d664130b0576bfa68974546","sourceId":"id-0f4f36c413b647dd8cd51b09eefec24a","targetId":"id-4e4b0f4a806b438eb6ecb30c2a52003a","type":"FlowRelationship"},{"id":"id-6ddfdb85a35f4cc9b18ef9a54ac2c80f","sourceId":"id-19e4c238edf9491e982d38dbdeaa358f","targetId":"id-f000d9c12d2343ddac3b7505cfb93562","type":"TriggeringRelationship"},{"id":"id-553c876328db4ede8db01cf21894cb18","sourceId":"id-a11e067f81f844ffbbcab060008b1350","targetId":"id-0f4f36c413b647dd8cd51b09eefec24a","type":"RealizationRelationship"},{"id":"id-6cc38a18d0dd44dfb7831007518c0726","sourceId":"id-a11e067f81f844ffbbcab060008b1350","targetId":"id-cb6503393ede4584a702373a52c311e0","type":"CompositionRelationship"},{"id":"id-4239f721c24341fd9068843568af3ed8","sourceId":"id-a11e067f81f844ffbbcab060008b1350","targetId":"id-f000d9c12d2343ddac3b7505cfb93562","type":"CompositionRelationship"},{"id":"id-e302cc03f1cf48d58760c5d756add103","sourceId":"id-97720455893e468f8dcd4080329091a3","targetId":"id-a3ff7c3f706048acbea1a0a948ccb58c","type":"TriggeringRelationship"},{"id":"id-663dde2e25d8468381650febc151efc2","sourceId":"id-f0b7520fbed54ad2ae022b9a2de2a0de","targetId":"id-a11e067f81f844ffbbcab060008b1350","type":"TriggeringRelationship"},{"id":"id-65bd65d4503e471684bfa06bdc184f51","sourceId":"id-43a57c9789274fefad5f0694c6341402","targetId":"id-a11e067f81f844ffbbcab060008b1350","type":"TriggeringRelationship"},{"id":"id-c5cc8d900cb84a409b374773412edb6e","sourceId":"id-142a68c07c314995980804a7ba1b5524","targetId":"id-a11e067f81f844ffbbcab060008b1350","type":"TriggeringRelationship"},{"id":"id-5622cbdead3f49aa9d6215604b799604","sourceId":"id-97720455893e468f8dcd4080329091a3","targetId":"id-7444d299cb6942989fd3202aca6e7c25","type":"TriggeringRelationship"},{"id":"id-e36182106c1647c29bb8c01f036d339d","sourceId":"id-43a57c9789274fefad5f0694c6341402","targetId":"id-383ae1a8ffd040ada4b97c4cb39f056e","type":"TriggeringRelationship"},{"id":"id-6555849691d142eab8c6f4726635b021","sourceId":"id-f0b7520fbed54ad2ae022b9a2de2a0de","targetId":"id-383ae1a8ffd040ada4b97c4cb39f056e","type":"TriggeringRelationship"},{"id":"id-74292baa3b87479db7da474fb313dddc","sourceId":"id-142a68c07c314995980804a7ba1b5524","targetId":"id-383ae1a8ffd040ada4b97c4cb39f056e","type":"TriggeringRelationship"}],"views":[{"id":"id-ff263ab0a2704f0ea01c2b0e581803cb","name":"Geral","viewpoint":""},{"id":"id-3349f7ace0f54a689270c48843e263b2","name":"VerificaEstoque","viewpoint":""},{"id":"id-169078c043eb40e6908a8d571c42e6c1","name":"ProduzirProduto","viewpoint":""},{"id":"id-01b650700bb84fb181d1a4776bef53e5","name":"Entrega","viewpoint":""},{"id":"id-40ccd26454314de2821600f2af9c55c8","name":"AnalisePedido","viewpoint":""},{"id":"id-1bd0d733d44d47c98a16f6c78f82fdcb","name":"SeparaPedido","viewpoint":""}]}