<?xml version="1.0" encoding="UTF-8"?><model xmlns="http://www.opengroup.org/xsd/archimate/3.0/" xmlns:xsi="http://www.w3.org/2001/XMLSchema-instance" identifier="_ugV70GfCEeuyzKg_X9-Fsg">  <name xml:lang="en">GAIAX1</name>  <elements>    <element xsi:type="BusinessRole" identifier="_ugY_2GfCEeuyzKg_X9-Fsg">      <name xml:lang="en">GAIA-X Service Provider</name>      <documentation/>    </element>    <element xsi:type="BusinessRole" identifier="_ugY_2mfCEeuyzKg_X9-Fsg">      <name xml:lang="en">GAIA-X Service Instance Provider</name>      <documentation/>    </element>    <element xsi:type="BusinessRole" identifier="_ugY_3GfCEeuyzKg_X9-Fsg">      <name xml:lang="en">GAIA-X Node Provider</name>      <documentation/>    </element>    <element xsi:type="Node" identifier="_ugY_3mfCEeuyzKg_X9-Fsg">      <name xml:lang="en">GAIA-X Node</name>      <documentation/>    </element>    <element xsi:type="ApplicationComponent" identifier="_ugY_4GfCEeuyzKg_X9-Fsg">      <name xml:lang="en">GAIA-X Service</name>      <documentation/>    </element>    <element xsi:type="TechnologyService" identifier="_ugY_4mfCEeuyzKg_X9-Fsg">      <name xml:lang="en">GAIA-X Service Instance</name>      <documentation/>    </element>    <element xsi:type="DataObject" identifier="_ugY_5GfCEeuyzKg_X9-Fsg">      <name xml:lang="en">Data Object</name>      <documentation/>    </element>    <element xsi:type="Device" identifier="_ugY_5mfCEeuyzKg_X9-Fsg">      <name xml:lang="en">Device</name>      <documentation/>    </element>    <element xsi:type="BusinessRole" identifier="_ugY_6GfCEeuyzKg_X9-Fsg">      <name xml:lang="en">GAIA-X Service Consumer</name>      <documentation/>    </element>    <element xsi:type="BusinessRole" identifier="_ugY_6mfCEeuyzKg_X9-Fsg">      <name xml:lang="en">GAIA-X Data Owner</name>      <documentation/>    </element>    <element xsi:type="BusinessActor" identifier="_ugY_7GfCEeuyzKg_X9-Fsg">      <name xml:lang="en">Mobility Platform Provider</name>      <documentation/>    </element>    <element xsi:type="BusinessActor" identifier="_ugY_7mfCEeuyzKg_X9-Fsg">      <name xml:lang="en">Verkehrs-unternehmen</name>      <documentation/>    </element>    <element xsi:type="BusinessActor" identifier="_ugY_8GfCEeuyzKg_X9-Fsg">      <name xml:lang="en">Flottenbetreiber</name>      <documentation/>    </element>    <element xsi:type="BusinessActor" identifier="_ugY_8mfCEeuyzKg_X9-Fsg">      <name xml:lang="en">Verkehrsteilnehmer*in</name>      <documentation/>    </element>    <element xsi:type="BusinessActor" identifier="_ugY_9GfCEeuyzKg_X9-Fsg">      <name xml:lang="en">Unternehmen Wartung</name>      <documentation/>    </element>    <element xsi:type="BusinessActor" identifier="_ugY_9mfCEeuyzKg_X9-Fsg">      <name xml:lang="en">Fahrzeughersteller </name>      <documentation/>    </element>    <element xsi:type="Device" identifier="_ugY_-GfCEeuyzKg_X9-Fsg">      <name xml:lang="en">End Unser Device</name>      <documentation/>    </element>    <element xsi:type="Device" identifier="_ugY_-mfCEeuyzKg_X9-Fsg">      <name xml:lang="en">Arbeitsplätze Betrieb n Fz</name>      <documentation/>    </element>    <element xsi:type="BusinessActor" identifier="_ugY__GfCEeuyzKg_X9-Fsg">      <name xml:lang="en">Infrastrukturoperator</name>      <documentation/>    </element>    <element xsi:type="Device" identifier="_ugY__mfCEeuyzKg_X9-Fsg">      <name xml:lang="en">Arbeitsplätze Betrieb Infrastruktur</name>      <documentation/>    </element>    <element xsi:type="BusinessRole" identifier="_ugZAAGfCEeuyzKg_X9-Fsg">      <name xml:lang="en">GAIA-X Service Consumer Betreiber</name>      <documentation/>    </element>    <element xsi:type="ApplicationComponent" identifier="_ugZAAmfCEeuyzKg_X9-Fsg">      <name xml:lang="en">Arbeitsplätze</name>      <documentation/>    </element>    <element xsi:type="ApplicationComponent" identifier="_ugZABGfCEeuyzKg_X9-Fsg">      <name xml:lang="en">Optimierung Flottenbetrieb</name>      <documentation/>    </element>    <element xsi:type="Goal" identifier="_ugZABmfCEeuyzKg_X9-Fsg">      <name xml:lang="en">Effizienter Fahrzeugeinsatz</name>      <documentation/>    </element>    <element xsi:type="Goal" identifier="_ugZACGfCEeuyzKg_X9-Fsg">      <name xml:lang="en">Intermodale nachhaltige Mobilität</name>      <documentation/>    </element>    <element xsi:type="ApplicationComponent" identifier="_ugZACmfCEeuyzKg_X9-Fsg">      <name xml:lang="en">Dezentraler Zugang</name>      <documentation/>    </element>    <element xsi:type="ApplicationComponent" identifier="_2EvdUFDEEDmRqoiAmx-X9w">      <name xml:lang="en">SUMO</name>      <documentation/>    </element>    <element xsi:type="ApplicationInterface" identifier="_7UkYMFDEEDmRqoiAmx-X9w">      <name xml:lang="en">TRACI</name>      <documentation/>    </element>    <element xsi:type="Node" identifier="_yngE8FDFEDmRqoiAmx-X9w">      <name xml:lang="en">GAIA-X VM-Node</name>      <documentation/>    </element>    <element xsi:type="Grouping" identifier="_zB2CIFDGEDmRqoiAmx-X9w">      <name xml:lang="en">TUB</name>      <documentation/>    </element>    <element xsi:type="ApplicationComponent" identifier="_wKcCEFDEEDmRqoiAmx-X9w">      <name xml:lang="en">MATSIM</name>      <documentation/>    </element>    <element xsi:type="ApplicationComponent" identifier="_D59OwFDHEDmRqoiAmx-X9w">      <name xml:lang="en">KeepMoving</name>      <documentation/>    </element>    <element xsi:type="ApplicationFunction" identifier="_HagkYFDHEDmRqoiAmx-X9w">      <name xml:lang="en">OnDemand Dispo</name>      <documentation/>    </element>    <element xsi:type="ApplicationCollaboration" identifier="_WMnGwFDHEDmRqoiAmx-X9w">      <name xml:lang="en">Collaboration</name>      <documentation/>    </element>    <element xsi:type="ApplicationFunction" identifier="_ivMdkFDHEDmRqoiAmx-X9w">      <name xml:lang="en">Drivetrain Dispo</name>      <documentation/>    </element>    <element xsi:type="ApplicationFunction" identifier="_nqItkFDHEDmRqoiAmx-X9w">      <name xml:lang="en">Energie Dispo</name>      <documentation/>    </element>    <element xsi:type="ApplicationComponent" identifier="_F6JvcFDIEDmRqoiAmx-X9w">      <name xml:lang="en">GAIA-X Service</name>      <documentation/>    </element>    <element xsi:type="ApplicationService" identifier="_wKKYcFDIEDmRqoiAmx-X9w">      <name xml:lang="en">Fahr- und Dienstplanung</name>      <documentation/>    </element>    <element xsi:type="TechnologyService" identifier="__JxyYFDIEDmRqoiAmx-X9w">      <name xml:lang="en">Fahr- und Dienstplanung</name>      <documentation/>    </element>  </elements>  <relationships>    <relationship xsi:type="Association" identifier="_ugZADGfCEeuyzKg_X9-Fsg" source="_ugY_2mfCEeuyzKg_X9-Fsg" target="_ugY_4mfCEeuyzKg_X9-Fsg">      <name xml:lang="en"/>      <documentation/>    </relationship>    <relationship xsi:type="Association" identifier="_ugZADmfCEeuyzKg_X9-Fsg" source="_ugY_3GfCEeuyzKg_X9-Fsg" target="_ugY_3mfCEeuyzKg_X9-Fsg">      <name xml:lang="en"/>      <documentation/>    </relationship>    <relationship xsi:type="Triggering" identifier="_ugZAEGfCEeuyzKg_X9-Fsg" source="_ugY_4GfCEeuyzKg_X9-Fsg" target="_ugY_4mfCEeuyzKg_X9-Fsg">      <name xml:lang="en"/>      <documentation/>    </relationship>    <relationship xsi:type="Association" identifier="_ugZAEmfCEeuyzKg_X9-Fsg" source="_ugY_2GfCEeuyzKg_X9-Fsg" target="_ugY_4GfCEeuyzKg_X9-Fsg">      <name xml:lang="en"/>      <documentation/>    </relationship>    <relationship xsi:type="Association" identifier="_ugZAFGfCEeuyzKg_X9-Fsg" source="_ugY_3mfCEeuyzKg_X9-Fsg" target="_ugY_5GfCEeuyzKg_X9-Fsg">      <name xml:lang="en"/>      <documentation/>    </relationship>    <relationship xsi:type="Access" identifier="_ugZAFmfCEeuyzKg_X9-Fsg" source="_ugY_4mfCEeuyzKg_X9-Fsg" target="_ugY_5GfCEeuyzKg_X9-Fsg" accessType="Access">      <name xml:lang="en"/>      <documentation/>    </relationship>    <relationship xsi:type="Serving" identifier="_ugZAGGfCEeuyzKg_X9-Fsg" source="_ugY_4mfCEeuyzKg_X9-Fsg" target="_ugY_5mfCEeuyzKg_X9-Fsg">      <name xml:lang="en"/>      <documentation/>    </relationship>    <relationship xsi:type="Association" identifier="_ugZAGmfCEeuyzKg_X9-Fsg" source="_ugY_6GfCEeuyzKg_X9-Fsg" target="_ugY_5mfCEeuyzKg_X9-Fsg">      <name xml:lang="en"/>      <documentation/>    </relationship>    <relationship xsi:type="Association" identifier="_ugZAHGfCEeuyzKg_X9-Fsg" source="_ugY_6mfCEeuyzKg_X9-Fsg" target="_ugY_5GfCEeuyzKg_X9-Fsg">      <name xml:lang="en"/>      <documentation/>    </relationship>    <relationship xsi:type="Triggering" identifier="_ugZAHmfCEeuyzKg_X9-Fsg" source="_ugY_2mfCEeuyzKg_X9-Fsg" target="_ugY_3mfCEeuyzKg_X9-Fsg">      <name xml:lang="en"/>      <documentation/>    </relationship>    <relationship xsi:type="Triggering" identifier="_ugZAIGfCEeuyzKg_X9-Fsg" source="_ugY_2mfCEeuyzKg_X9-Fsg" target="_ugY_4GfCEeuyzKg_X9-Fsg">      <name xml:lang="en"/>      <documentation/>    </relationship>    <relationship xsi:type="Realization" identifier="_ugZAImfCEeuyzKg_X9-Fsg" source="_ugY_3mfCEeuyzKg_X9-Fsg" target="_ugY_4mfCEeuyzKg_X9-Fsg">      <name xml:lang="en"/>      <documentation/>    </relationship>    <relationship xsi:type="Assignment" identifier="_ugZAJGfCEeuyzKg_X9-Fsg" source="_ugY_7GfCEeuyzKg_X9-Fsg" target="_ugY_6mfCEeuyzKg_X9-Fsg">      <name xml:lang="en"/>      <documentation/>    </relationship>    <relationship xsi:type="Assignment" identifier="_ugZAJmfCEeuyzKg_X9-Fsg" source="_ugY_7mfCEeuyzKg_X9-Fsg" target="_ugY_6mfCEeuyzKg_X9-Fsg">      <name xml:lang="en"/>      <documentation/>    </relationship>    <relationship xsi:type="Assignment" identifier="_ugZAKGfCEeuyzKg_X9-Fsg" source="_ugY_8GfCEeuyzKg_X9-Fsg" target="_ugY_6mfCEeuyzKg_X9-Fsg">      <name xml:lang="en"/>      <documentation/>    </relationship>    <relationship xsi:type="Assignment" identifier="_ugZAKmfCEeuyzKg_X9-Fsg" source="_ugY_8mfCEeuyzKg_X9-Fsg" target="_ugY_6GfCEeuyzKg_X9-Fsg">      <name xml:lang="en"/>      <documentation/>    </relationship>    <relationship xsi:type="Assignment" identifier="_ugZALGfCEeuyzKg_X9-Fsg" source="_ugY_8mfCEeuyzKg_X9-Fsg" target="_ugY_6mfCEeuyzKg_X9-Fsg">      <name xml:lang="en"/>      <documentation/>    </relationship>    <relationship xsi:type="Association" identifier="_ugZALmfCEeuyzKg_X9-Fsg" source="_ugY_8mfCEeuyzKg_X9-Fsg" target="_ugY_7GfCEeuyzKg_X9-Fsg">      <name xml:lang="en"/>      <documentation/>    </relationship>    <relationship xsi:type="Association" identifier="_ugZAMGfCEeuyzKg_X9-Fsg" source="_ugY_8mfCEeuyzKg_X9-Fsg" target="_ugY_7mfCEeuyzKg_X9-Fsg">      <name xml:lang="en"/>      <documentation/>    </relationship>    <relationship xsi:type="Association" identifier="_ugZAMmfCEeuyzKg_X9-Fsg" source="_ugY_7mfCEeuyzKg_X9-Fsg" target="_ugY_8GfCEeuyzKg_X9-Fsg">      <name xml:lang="en"/>      <documentation/>    </relationship>    <relationship xsi:type="Assignment" identifier="_ugZANGfCEeuyzKg_X9-Fsg" source="_ugY_9GfCEeuyzKg_X9-Fsg" target="_ugY_6mfCEeuyzKg_X9-Fsg">      <name xml:lang="en"/>      <documentation/>    </relationship>    <relationship xsi:type="Association" identifier="_ugZANmfCEeuyzKg_X9-Fsg" source="_ugY_8GfCEeuyzKg_X9-Fsg" target="_ugY_9GfCEeuyzKg_X9-Fsg">      <name xml:lang="en"/>      <documentation/>    </relationship>    <relationship xsi:type="Association" identifier="_ugZAOGfCEeuyzKg_X9-Fsg" source="_ugY_9GfCEeuyzKg_X9-Fsg" target="_ugY_9mfCEeuyzKg_X9-Fsg">      <name xml:lang="en"/>      <documentation/>    </relationship>    <relationship xsi:type="Assignment" identifier="_ugZAOmfCEeuyzKg_X9-Fsg" source="_ugY_9mfCEeuyzKg_X9-Fsg" target="_ugY_6mfCEeuyzKg_X9-Fsg">      <name xml:lang="en"/>      <documentation/>    </relationship>    <relationship xsi:type="Specialization" identifier="_ugZAPGfCEeuyzKg_X9-Fsg" source="_ugY_-GfCEeuyzKg_X9-Fsg" target="_ugY_5mfCEeuyzKg_X9-Fsg">      <name xml:lang="en"/>      <documentation/>    </relationship>    <relationship xsi:type="Flow" identifier="_ugZAPmfCEeuyzKg_X9-Fsg" source="_ugY_-GfCEeuyzKg_X9-Fsg" target="_ugY_8mfCEeuyzKg_X9-Fsg">      <name xml:lang="en"/>      <documentation/>    </relationship>    <relationship xsi:type="Specialization" identifier="_ugZAQGfCEeuyzKg_X9-Fsg" source="_ugY_-mfCEeuyzKg_X9-Fsg" target="_ugY_5mfCEeuyzKg_X9-Fsg">      <name xml:lang="en"/>      <documentation/>    </relationship>    <relationship xsi:type="Assignment" identifier="_ugZAQmfCEeuyzKg_X9-Fsg" source="_ugY__GfCEeuyzKg_X9-Fsg" target="_ugY_6GfCEeuyzKg_X9-Fsg">      <name xml:lang="en"/>      <documentation/>    </relationship>    <relationship xsi:type="Specialization" identifier="_ugZARGfCEeuyzKg_X9-Fsg" source="_ugY__mfCEeuyzKg_X9-Fsg" target="_ugY_5mfCEeuyzKg_X9-Fsg">      <name xml:lang="en"/>      <documentation/>    </relationship>    <relationship xsi:type="Flow" identifier="_ugZARmfCEeuyzKg_X9-Fsg" source="_ugY__mfCEeuyzKg_X9-Fsg" target="_ugY__GfCEeuyzKg_X9-Fsg">      <name xml:lang="en"/>      <documentation/>    </relationship>    <relationship xsi:type="Assignment" identifier="_ugZASGfCEeuyzKg_X9-Fsg" source="_ugY__GfCEeuyzKg_X9-Fsg" target="_ugY_6mfCEeuyzKg_X9-Fsg">      <name xml:lang="en"/>      <documentation/>    </relationship>    <relationship xsi:type="Assignment" identifier="_ugZASmfCEeuyzKg_X9-Fsg" source="_ugY_7GfCEeuyzKg_X9-Fsg" target="_ugZAAGfCEeuyzKg_X9-Fsg">      <name xml:lang="en"/>      <documentation/>    </relationship>    <relationship xsi:type="Assignment" identifier="_ugZATGfCEeuyzKg_X9-Fsg" source="_ugY_7mfCEeuyzKg_X9-Fsg" target="_ugZAAGfCEeuyzKg_X9-Fsg">      <name xml:lang="en"/>      <documentation/>    </relationship>    <relationship xsi:type="Assignment" identifier="_ugZATmfCEeuyzKg_X9-Fsg" source="_ugY_8GfCEeuyzKg_X9-Fsg" target="_ugZAAGfCEeuyzKg_X9-Fsg">      <name xml:lang="en"/>      <documentation/>    </relationship>    <relationship xsi:type="Assignment" identifier="_ugZAUGfCEeuyzKg_X9-Fsg" source="_ugY_9GfCEeuyzKg_X9-Fsg" target="_ugZAAGfCEeuyzKg_X9-Fsg">      <name xml:lang="en"/>      <documentation/>    </relationship>    <relationship xsi:type="Assignment" identifier="_ugZAUmfCEeuyzKg_X9-Fsg" source="_ugY_9mfCEeuyzKg_X9-Fsg" target="_ugZAAGfCEeuyzKg_X9-Fsg">      <name xml:lang="en"/>      <documentation/>    </relationship>    <relationship xsi:type="Specialization" identifier="_ugZAVGfCEeuyzKg_X9-Fsg" source="_ugZAAGfCEeuyzKg_X9-Fsg" target="_ugY_6GfCEeuyzKg_X9-Fsg">      <name xml:lang="en"/>      <documentation/>    </relationship>    <relationship xsi:type="Realization" identifier="_ugZAVmfCEeuyzKg_X9-Fsg" source="_ugZAAmfCEeuyzKg_X9-Fsg" target="_ugY_4GfCEeuyzKg_X9-Fsg">      <name xml:lang="en"/>      <documentation/>    </relationship>    <relationship xsi:type="Association" identifier="_ugZAWGfCEeuyzKg_X9-Fsg" source="_ugZAAmfCEeuyzKg_X9-Fsg" target="_ugZABGfCEeuyzKg_X9-Fsg">      <name xml:lang="en"/>      <documentation/>    </relationship>    <relationship xsi:type="Realization" identifier="_ugZAWmfCEeuyzKg_X9-Fsg" source="_ugZABGfCEeuyzKg_X9-Fsg" target="_ugY_4GfCEeuyzKg_X9-Fsg">      <name xml:lang="en"/>      <documentation/>    </relationship>    <relationship xsi:type="Association" identifier="_ugZAXGfCEeuyzKg_X9-Fsg" source="_ugZABmfCEeuyzKg_X9-Fsg" target="_ugY_6GfCEeuyzKg_X9-Fsg">      <name xml:lang="en"/>      <documentation/>    </relationship>    <relationship xsi:type="Association" identifier="_ugZAXmfCEeuyzKg_X9-Fsg" source="_ugZACGfCEeuyzKg_X9-Fsg" target="_ugY_6GfCEeuyzKg_X9-Fsg">      <name xml:lang="en"/>      <documentation/>    </relationship>    <relationship xsi:type="Realization" identifier="_ugZAYGfCEeuyzKg_X9-Fsg" source="_ugZACmfCEeuyzKg_X9-Fsg" target="_ugY_4GfCEeuyzKg_X9-Fsg">      <name xml:lang="en"/>      <documentation/>    </relationship>    <relationship xsi:type="Association" identifier="_ugZAYmfCEeuyzKg_X9-Fsg" source="_ugZACmfCEeuyzKg_X9-Fsg" target="_ugZAAmfCEeuyzKg_X9-Fsg">      <name xml:lang="en"/>      <documentation/>    </relationship>    <relationship xsi:type="Realization" identifier="_Xykp4FDFEDmRqoiAmx-X9w" source="_2EvdUFDEEDmRqoiAmx-X9w" target="_7UkYMFDEEDmRqoiAmx-X9w">      <name xml:lang="en"/>      <documentation/>    </relationship>    <relationship xsi:type="Realization" identifier="_ao26gFDFEDmRqoiAmx-X9w" source="_wKcCEFDEEDmRqoiAmx-X9w" target="_7UkYMFDEEDmRqoiAmx-X9w">      <name xml:lang="en">?</name>      <documentation/>    </relationship>    <relationship xsi:type="Realization" identifier="_OWrsUFDHEDmRqoiAmx-X9w" source="_D59OwFDHEDmRqoiAmx-X9w" target="_HagkYFDHEDmRqoiAmx-X9w">      <name xml:lang="en"/>      <documentation/>    </relationship>    <relationship xsi:type="Serving" identifier="_ape6sFDHEDmRqoiAmx-X9w" source="_7UkYMFDEEDmRqoiAmx-X9w" target="_WMnGwFDHEDmRqoiAmx-X9w">      <name xml:lang="en"/>      <documentation/>    </relationship>    <relationship xsi:type="Realization" identifier="_Op-mUFDIEDmRqoiAmx-X9w" source="_D59OwFDHEDmRqoiAmx-X9w" target="_ivMdkFDHEDmRqoiAmx-X9w">      <name xml:lang="en"/>      <documentation/>    </relationship>    <relationship xsi:type="Realization" identifier="_PSGWQFDIEDmRqoiAmx-X9w" source="_D59OwFDHEDmRqoiAmx-X9w" target="_nqItkFDHEDmRqoiAmx-X9w">      <name xml:lang="en"/>      <documentation/>    </relationship>  </relationships>  <views>    <diagrams>      <view identifier="_ugYYEGfCEeuyzKg_X9-Fsg">        <name xml:lang="en">archimate-diagram</name>        <node xsi:type="Element" identifier="_ugYYEmfCEeuyzKg_X9-Fsg" h="60" w="130" x="618" y="2004" elementRef="_ugY_2GfCEeuyzKg_X9-Fsg"/>        <node xsi:type="Element" identifier="_ugYYE2fCEeuyzKg_X9-Fsg" h="60" w="130" x="873" y="2004" elementRef="_ugY_2mfCEeuyzKg_X9-Fsg"/>        <node xsi:type="Element" identifier="_ugYYFGfCEeuyzKg_X9-Fsg" h="60" w="130" x="1572" y="2003" elementRef="_ugY_3GfCEeuyzKg_X9-Fsg"/>        <node xsi:type="Element" identifier="_ugYYFWfCEeuyzKg_X9-Fsg" h="60" w="130" x="1572" y="1808" elementRef="_ugY_3mfCEeuyzKg_X9-Fsg"/>        <node xsi:type="Element" identifier="_ugYYFmfCEeuyzKg_X9-Fsg" h="60" w="130" x="618" y="1809" elementRef="_ugY_4GfCEeuyzKg_X9-Fsg"/>        <node xsi:type="Element" identifier="_ugYYF2fCEeuyzKg_X9-Fsg" h="60" w="130" x="873" y="1581" elementRef="_ugY_4mfCEeuyzKg_X9-Fsg"/>        <node xsi:type="Element" identifier="_ugYYKGfCEeuyzKg_X9-Fsg" h="60" w="130" x="1572" y="1580" elementRef="_ugY_5GfCEeuyzKg_X9-Fsg"/>        <node xsi:type="Element" identifier="_ugYYMWfCEeuyzKg_X9-Fsg" h="60" w="130" x="376" y="1374" elementRef="_ugY_5mfCEeuyzKg_X9-Fsg"/>        <node xsi:type="Element" identifier="_ugYYNmfCEeuyzKg_X9-Fsg" h="60" w="130" x="696" y="1022" elementRef="_ugY_6GfCEeuyzKg_X9-Fsg"/>        <node xsi:type="Element" identifier="_ugYYO2fCEeuyzKg_X9-Fsg" h="60" w="130" x="1572" y="1099" elementRef="_ugY_6mfCEeuyzKg_X9-Fsg"/>        <node xsi:type="Element" identifier="_ugY_KWfCEeuyzKg_X9-Fsg" h="60" w="130" x="1281" y="999" elementRef="_ugY_7GfCEeuyzKg_X9-Fsg"/>        <node xsi:type="Element" identifier="_ugY_LmfCEeuyzKg_X9-Fsg" h="60" w="130" x="1179" y="1099" elementRef="_ugY_7mfCEeuyzKg_X9-Fsg"/>        <node xsi:type="Element" identifier="_ugY_M2fCEeuyzKg_X9-Fsg" h="60" w="130" x="1235" y="1202" elementRef="_ugY_8GfCEeuyzKg_X9-Fsg"/>        <node xsi:type="Element" identifier="_ugY_OGfCEeuyzKg_X9-Fsg" h="60" w="369" x="1059" y="841" elementRef="_ugY_8mfCEeuyzKg_X9-Fsg"/>        <node xsi:type="Element" identifier="_ugY_TWfCEeuyzKg_X9-Fsg" h="60" w="130" x="1235" y="1296" elementRef="_ugY_9GfCEeuyzKg_X9-Fsg"/>        <node xsi:type="Element" identifier="_ugY_VmfCEeuyzKg_X9-Fsg" h="60" w="130" x="1235" y="1393" elementRef="_ugY_9mfCEeuyzKg_X9-Fsg"/>        <node xsi:type="Element" identifier="_ugY_X2fCEeuyzKg_X9-Fsg" h="60" w="130" x="155" y="1374" elementRef="_ugY_-GfCEeuyzKg_X9-Fsg"/>        <node xsi:type="Element" identifier="_ugY_bGfCEeuyzKg_X9-Fsg" h="60" w="130" x="564" y="1374" elementRef="_ugY_-mfCEeuyzKg_X9-Fsg"/>        <node xsi:type="Element" identifier="_ugY_cWfCEeuyzKg_X9-Fsg" h="60" w="130" x="376" y="1022" elementRef="_ugY__GfCEeuyzKg_X9-Fsg"/>        <node xsi:type="Element" identifier="_ugY_dmfCEeuyzKg_X9-Fsg" h="60" w="130" x="376" y="1217" elementRef="_ugY__mfCEeuyzKg_X9-Fsg"/>        <node xsi:type="Element" identifier="_ugY_i2fCEeuyzKg_X9-Fsg" h="60" w="130" x="852" y="1202" elementRef="_ugZAAGfCEeuyzKg_X9-Fsg"/>        <node xsi:type="Element" identifier="_ugY_tmfCEeuyzKg_X9-Fsg" h="60" w="130" x="393" y="1809" elementRef="_ugZAAmfCEeuyzKg_X9-Fsg"/>        <node xsi:type="Element" identifier="_ugY_t2fCEeuyzKg_X9-Fsg" h="60" w="130" x="393" y="1922" elementRef="_ugZABGfCEeuyzKg_X9-Fsg"/>        <node xsi:type="Element" identifier="_ugY_xGfCEeuyzKg_X9-Fsg" h="60" w="130" x="582" y="615" elementRef="_ugZABmfCEeuyzKg_X9-Fsg"/>        <node xsi:type="Element" identifier="_ugY_yWfCEeuyzKg_X9-Fsg" h="60" w="130" x="795" y="615" elementRef="_ugZACGfCEeuyzKg_X9-Fsg"/>        <node xsi:type="Element" identifier="_ugY_zmfCEeuyzKg_X9-Fsg" h="60" w="130" x="393" y="1700" elementRef="_ugZACmfCEeuyzKg_X9-Fsg"/>        <connection xsi:type="Relationship" identifier="_ugYYGGfCEeuyzKg_X9-Fsg" source="_ugYYE2fCEeuyzKg_X9-Fsg" target="_ugYYF2fCEeuyzKg_X9-Fsg" relationshipRef="_ugZADGfCEeuyzKg_X9-Fsg"/>        <connection xsi:type="Relationship" identifier="_ugYYHGfCEeuyzKg_X9-Fsg" source="_ugYYFGfCEeuyzKg_X9-Fsg" target="_ugYYFWfCEeuyzKg_X9-Fsg" relationshipRef="_ugZADmfCEeuyzKg_X9-Fsg"/>        <connection xsi:type="Relationship" identifier="_ugYYIGfCEeuyzKg_X9-Fsg" source="_ugYYFmfCEeuyzKg_X9-Fsg" target="_ugYYF2fCEeuyzKg_X9-Fsg" relationshipRef="_ugZAEGfCEeuyzKg_X9-Fsg"/>        <connection xsi:type="Relationship" identifier="_ugYYJGfCEeuyzKg_X9-Fsg" source="_ugYYEmfCEeuyzKg_X9-Fsg" target="_ugYYFmfCEeuyzKg_X9-Fsg" relationshipRef="_ugZAEmfCEeuyzKg_X9-Fsg"/>        <connection xsi:type="Relationship" identifier="_ugYYKWfCEeuyzKg_X9-Fsg" source="_ugYYFWfCEeuyzKg_X9-Fsg" target="_ugYYKGfCEeuyzKg_X9-Fsg" relationshipRef="_ugZAFGfCEeuyzKg_X9-Fsg"/>        <connection xsi:type="Relationship" identifier="_ugYYLWfCEeuyzKg_X9-Fsg" source="_ugYYF2fCEeuyzKg_X9-Fsg" target="_ugYYKGfCEeuyzKg_X9-Fsg" relationshipRef="_ugZAFmfCEeuyzKg_X9-Fsg"/>        <connection xsi:type="Relationship" identifier="_ugYYMmfCEeuyzKg_X9-Fsg" source="_ugYYF2fCEeuyzKg_X9-Fsg" target="_ugYYMWfCEeuyzKg_X9-Fsg" relationshipRef="_ugZAGGfCEeuyzKg_X9-Fsg">          <bendpoint x="442" y="1611"/>          <bendpoint x="442" y="1454"/>        </connection>        <connection xsi:type="Relationship" identifier="_ugYYN2fCEeuyzKg_X9-Fsg" source="_ugYYNmfCEeuyzKg_X9-Fsg" target="_ugYYMWfCEeuyzKg_X9-Fsg" relationshipRef="_ugZAGmfCEeuyzKg_X9-Fsg">          <bendpoint x="610" y="1300"/>        </connection>        <connection xsi:type="Relationship" identifier="_ugYYPGfCEeuyzKg_X9-Fsg" source="_ugYYO2fCEeuyzKg_X9-Fsg" target="_ugYYKGfCEeuyzKg_X9-Fsg" relationshipRef="_ugZAHGfCEeuyzKg_X9-Fsg"/>        <connection xsi:type="Relationship" identifier="_ugYYQGfCEeuyzKg_X9-Fsg" source="_ugYYE2fCEeuyzKg_X9-Fsg" target="_ugYYFWfCEeuyzKg_X9-Fsg" relationshipRef="_ugZAHmfCEeuyzKg_X9-Fsg"/>        <connection xsi:type="Relationship" identifier="_ugY_IWfCEeuyzKg_X9-Fsg" source="_ugYYE2fCEeuyzKg_X9-Fsg" target="_ugYYFmfCEeuyzKg_X9-Fsg" relationshipRef="_ugZAIGfCEeuyzKg_X9-Fsg"/>        <connection xsi:type="Relationship" identifier="_ugY_JWfCEeuyzKg_X9-Fsg" source="_ugYYFWfCEeuyzKg_X9-Fsg" target="_ugYYF2fCEeuyzKg_X9-Fsg" relationshipRef="_ugZAImfCEeuyzKg_X9-Fsg"/>        <connection xsi:type="Relationship" identifier="_ugY_KmfCEeuyzKg_X9-Fsg" source="_ugY_KWfCEeuyzKg_X9-Fsg" target="_ugYYO2fCEeuyzKg_X9-Fsg" relationshipRef="_ugZAJGfCEeuyzKg_X9-Fsg">          <bendpoint x="1502" y="1029"/>        </connection>        <connection xsi:type="Relationship" identifier="_ugY_L2fCEeuyzKg_X9-Fsg" source="_ugY_LmfCEeuyzKg_X9-Fsg" target="_ugYYO2fCEeuyzKg_X9-Fsg" relationshipRef="_ugZAJmfCEeuyzKg_X9-Fsg"/>        <connection xsi:type="Relationship" identifier="_ugY_NGfCEeuyzKg_X9-Fsg" source="_ugY_M2fCEeuyzKg_X9-Fsg" target="_ugYYO2fCEeuyzKg_X9-Fsg" relationshipRef="_ugZAKGfCEeuyzKg_X9-Fsg">          <bendpoint x="1469" y="1232"/>        </connection>        <connection xsi:type="Relationship" identifier="_ugY_OWfCEeuyzKg_X9-Fsg" source="_ugY_OGfCEeuyzKg_X9-Fsg" target="_ugYYNmfCEeuyzKg_X9-Fsg" relationshipRef="_ugZAKmfCEeuyzKg_X9-Fsg"/>        <connection xsi:type="Relationship" identifier="_ugY_PWfCEeuyzKg_X9-Fsg" source="_ugY_OGfCEeuyzKg_X9-Fsg" target="_ugYYO2fCEeuyzKg_X9-Fsg" relationshipRef="_ugZALGfCEeuyzKg_X9-Fsg">          <bendpoint x="1504" y="977"/>        </connection>        <connection xsi:type="Relationship" identifier="_ugY_QWfCEeuyzKg_X9-Fsg" source="_ugY_OGfCEeuyzKg_X9-Fsg" target="_ugY_KWfCEeuyzKg_X9-Fsg" relationshipRef="_ugZALmfCEeuyzKg_X9-Fsg"/>        <connection xsi:type="Relationship" identifier="_ugY_RWfCEeuyzKg_X9-Fsg" source="_ugY_OGfCEeuyzKg_X9-Fsg" target="_ugY_LmfCEeuyzKg_X9-Fsg" relationshipRef="_ugZAMGfCEeuyzKg_X9-Fsg"/>        <connection xsi:type="Relationship" identifier="_ugY_SWfCEeuyzKg_X9-Fsg" source="_ugY_LmfCEeuyzKg_X9-Fsg" target="_ugY_M2fCEeuyzKg_X9-Fsg" relationshipRef="_ugZAMmfCEeuyzKg_X9-Fsg"/>        <connection xsi:type="Relationship" identifier="_ugY_TmfCEeuyzKg_X9-Fsg" source="_ugY_TWfCEeuyzKg_X9-Fsg" target="_ugYYO2fCEeuyzKg_X9-Fsg" relationshipRef="_ugZANGfCEeuyzKg_X9-Fsg">          <bendpoint x="1480" y="1326"/>        </connection>        <connection xsi:type="Relationship" identifier="_ugY_UmfCEeuyzKg_X9-Fsg" source="_ugY_M2fCEeuyzKg_X9-Fsg" target="_ugY_TWfCEeuyzKg_X9-Fsg" relationshipRef="_ugZANmfCEeuyzKg_X9-Fsg"/>        <connection xsi:type="Relationship" identifier="_ugY_V2fCEeuyzKg_X9-Fsg" source="_ugY_TWfCEeuyzKg_X9-Fsg" target="_ugY_VmfCEeuyzKg_X9-Fsg" relationshipRef="_ugZAOGfCEeuyzKg_X9-Fsg"/>        <connection xsi:type="Relationship" identifier="_ugY_W2fCEeuyzKg_X9-Fsg" source="_ugY_VmfCEeuyzKg_X9-Fsg" target="_ugYYO2fCEeuyzKg_X9-Fsg" relationshipRef="_ugZAOmfCEeuyzKg_X9-Fsg">          <bendpoint x="1490" y="1420"/>        </connection>        <connection xsi:type="Relationship" identifier="_ugY_YGfCEeuyzKg_X9-Fsg" source="_ugY_X2fCEeuyzKg_X9-Fsg" target="_ugYYMWfCEeuyzKg_X9-Fsg" relationshipRef="_ugZAPGfCEeuyzKg_X9-Fsg"/>        <connection xsi:type="Relationship" identifier="_ugY_ZGfCEeuyzKg_X9-Fsg" source="_ugY_X2fCEeuyzKg_X9-Fsg" target="_ugY_OGfCEeuyzKg_X9-Fsg" relationshipRef="_ugZAPmfCEeuyzKg_X9-Fsg">          <bendpoint x="226" y="1354"/>          <bendpoint x="226" y="868"/>        </connection>        <connection xsi:type="Relationship" identifier="_ugY_bWfCEeuyzKg_X9-Fsg" source="_ugY_bGfCEeuyzKg_X9-Fsg" target="_ugYYMWfCEeuyzKg_X9-Fsg" relationshipRef="_ugZAQGfCEeuyzKg_X9-Fsg"/>        <connection xsi:type="Relationship" identifier="_ugY_cmfCEeuyzKg_X9-Fsg" source="_ugY_cWfCEeuyzKg_X9-Fsg" target="_ugYYNmfCEeuyzKg_X9-Fsg" relationshipRef="_ugZAQmfCEeuyzKg_X9-Fsg"/>        <connection xsi:type="Relationship" identifier="_ugY_d2fCEeuyzKg_X9-Fsg" source="_ugY_dmfCEeuyzKg_X9-Fsg" target="_ugYYMWfCEeuyzKg_X9-Fsg" relationshipRef="_ugZARGfCEeuyzKg_X9-Fsg"/>        <connection xsi:type="Relationship" identifier="_ugY_e2fCEeuyzKg_X9-Fsg" source="_ugY_dmfCEeuyzKg_X9-Fsg" target="_ugY_cWfCEeuyzKg_X9-Fsg" relationshipRef="_ugZARmfCEeuyzKg_X9-Fsg"/>        <connection xsi:type="Relationship" identifier="_ugY_g2fCEeuyzKg_X9-Fsg" source="_ugY_cWfCEeuyzKg_X9-Fsg" target="_ugYYO2fCEeuyzKg_X9-Fsg" relationshipRef="_ugZASGfCEeuyzKg_X9-Fsg">          <bendpoint x="440" y="770"/>          <bendpoint x="1640" y="780"/>        </connection>        <connection xsi:type="Relationship" identifier="_ugY_jGfCEeuyzKg_X9-Fsg" source="_ugY_KWfCEeuyzKg_X9-Fsg" target="_ugY_i2fCEeuyzKg_X9-Fsg" relationshipRef="_ugZASmfCEeuyzKg_X9-Fsg">          <bendpoint x="920" y="1030"/>        </connection>        <connection xsi:type="Relationship" identifier="_ugY_kGfCEeuyzKg_X9-Fsg" source="_ugY_LmfCEeuyzKg_X9-Fsg" target="_ugY_i2fCEeuyzKg_X9-Fsg" relationshipRef="_ugZATGfCEeuyzKg_X9-Fsg"/>        <connection xsi:type="Relationship" identifier="_ugY_lGfCEeuyzKg_X9-Fsg" source="_ugY_M2fCEeuyzKg_X9-Fsg" target="_ugY_i2fCEeuyzKg_X9-Fsg" relationshipRef="_ugZATmfCEeuyzKg_X9-Fsg"/>        <connection xsi:type="Relationship" identifier="_ugY_mGfCEeuyzKg_X9-Fsg" source="_ugY_TWfCEeuyzKg_X9-Fsg" target="_ugY_i2fCEeuyzKg_X9-Fsg" relationshipRef="_ugZAUGfCEeuyzKg_X9-Fsg"/>        <connection xsi:type="Relationship" identifier="_ugY_nGfCEeuyzKg_X9-Fsg" source="_ugY_VmfCEeuyzKg_X9-Fsg" target="_ugY_i2fCEeuyzKg_X9-Fsg" relationshipRef="_ugZAUmfCEeuyzKg_X9-Fsg">          <bendpoint x="917" y="1426"/>        </connection>        <connection xsi:type="Relationship" identifier="_ugY_omfCEeuyzKg_X9-Fsg" source="_ugY_i2fCEeuyzKg_X9-Fsg" target="_ugYYNmfCEeuyzKg_X9-Fsg" relationshipRef="_ugZAVGfCEeuyzKg_X9-Fsg">          <bendpoint x="760" y="1230"/>        </connection>        <connection xsi:type="Relationship" identifier="_ugY_uGfCEeuyzKg_X9-Fsg" source="_ugY_tmfCEeuyzKg_X9-Fsg" target="_ugYYFmfCEeuyzKg_X9-Fsg" relationshipRef="_ugZAVmfCEeuyzKg_X9-Fsg"/>        <connection xsi:type="Relationship" identifier="_ugY_vGfCEeuyzKg_X9-Fsg" source="_ugY_tmfCEeuyzKg_X9-Fsg" target="_ugY_t2fCEeuyzKg_X9-Fsg" relationshipRef="_ugZAWGfCEeuyzKg_X9-Fsg"/>        <connection xsi:type="Relationship" identifier="_ugY_wGfCEeuyzKg_X9-Fsg" source="_ugY_t2fCEeuyzKg_X9-Fsg" target="_ugYYFmfCEeuyzKg_X9-Fsg" relationshipRef="_ugZAWmfCEeuyzKg_X9-Fsg"/>        <connection xsi:type="Relationship" identifier="_ugY_xWfCEeuyzKg_X9-Fsg" source="_ugY_xGfCEeuyzKg_X9-Fsg" target="_ugYYNmfCEeuyzKg_X9-Fsg" relationshipRef="_ugZAXGfCEeuyzKg_X9-Fsg"/>        <connection xsi:type="Relationship" identifier="_ugY_ymfCEeuyzKg_X9-Fsg" source="_ugY_yWfCEeuyzKg_X9-Fsg" target="_ugYYNmfCEeuyzKg_X9-Fsg" relationshipRef="_ugZAXmfCEeuyzKg_X9-Fsg"/>        <connection xsi:type="Relationship" identifier="_ugY_z2fCEeuyzKg_X9-Fsg" source="_ugY_zmfCEeuyzKg_X9-Fsg" target="_ugYYFmfCEeuyzKg_X9-Fsg" relationshipRef="_ugZAYGfCEeuyzKg_X9-Fsg"/>        <connection xsi:type="Relationship" identifier="_ugY_02fCEeuyzKg_X9-Fsg" source="_ugY_zmfCEeuyzKg_X9-Fsg" target="_ugY_tmfCEeuyzKg_X9-Fsg" relationshipRef="_ugZAYmfCEeuyzKg_X9-Fsg"/>      </view>      <view identifier="_AGsf4FDEEDmRqoiAmx-X9w">        <name xml:lang="en">archimate-diagram-2</name>        <node xsi:type="Element" identifier="_2Ex5kFDEEDmRqoiAmx-X9w" h="40" w="130" x="508" y="162" elementRef="_2EvdUFDEEDmRqoiAmx-X9w"/>        <node xsi:type="Element" identifier="_7UnbgFDEEDmRqoiAmx-X9w" h="40" w="130" x="294" y="162" elementRef="_7UkYMFDEEDmRqoiAmx-X9w"/>        <node xsi:type="Element" identifier="_ynkWYFDFEDmRqoiAmx-X9w" h="60" w="130" x="294" y="601" elementRef="_yngE8FDFEDmRqoiAmx-X9w"/>        <node xsi:type="Element" identifier="_zCGg0FDGEDmRqoiAmx-X9w" h="366" w="195" x="16" y="100" elementRef="_zB2CIFDGEDmRqoiAmx-X9w">          <node xsi:type="Element" identifier="_wKd3QFDEEDmRqoiAmx-X9w" h="40" w="120" x="54" y="162" elementRef="_wKcCEFDEEDmRqoiAmx-X9w"/>        </node>        <node xsi:type="Element" identifier="_D6ASEFDHEDmRqoiAmx-X9w" h="50" w="120" x="602" y="241" elementRef="_D59OwFDHEDmRqoiAmx-X9w"/>        <node xsi:type="Element" identifier="_HajAoFDHEDmRqoiAmx-X9w" h="40" w="120" x="468" y="365" elementRef="_HagkYFDHEDmRqoiAmx-X9w"/>        <node xsi:type="Element" identifier="_WMqxIFDHEDmRqoiAmx-X9w" h="60" w="130" x="294" y="253" elementRef="_WMnGwFDHEDmRqoiAmx-X9w"/>        <node xsi:type="Element" identifier="_ivOSwFDHEDmRqoiAmx-X9w" h="40" w="120" x="602" y="365" elementRef="_ivMdkFDHEDmRqoiAmx-X9w"/>        <node xsi:type="Element" identifier="_nqLw4FDHEDmRqoiAmx-X9w" h="40" w="120" x="740" y="365" elementRef="_nqItkFDHEDmRqoiAmx-X9w"/>        <node xsi:type="Element" identifier="_F6K9kFDIEDmRqoiAmx-X9w" h="60" w="130" x="294" y="522" elementRef="_F6JvcFDIEDmRqoiAmx-X9w"/>        <node xsi:type="Element" identifier="_wKQfEFDIEDmRqoiAmx-X9w" h="50" w="180" x="590" y="435" elementRef="_wKKYcFDIEDmRqoiAmx-X9w"/>        <node xsi:type="Element" identifier="__JznkFDIEDmRqoiAmx-X9w" h="60" w="200" x="310" y="430" elementRef="__JxyYFDIEDmRqoiAmx-X9w"/>        <connection xsi:type="Relationship" identifier="_XymfEFDFEDmRqoiAmx-X9w" source="_2Ex5kFDEEDmRqoiAmx-X9w" target="_7UnbgFDEEDmRqoiAmx-X9w" relationshipRef="_Xykp4FDFEDmRqoiAmx-X9w"/>        <connection xsi:type="Relationship" identifier="_ao4IoFDFEDmRqoiAmx-X9w" source="_wKd3QFDEEDmRqoiAmx-X9w" target="_7UnbgFDEEDmRqoiAmx-X9w" relationshipRef="_ao26gFDFEDmRqoiAmx-X9w"/>        <connection xsi:type="Relationship" identifier="_OWthgFDHEDmRqoiAmx-X9w" source="_D6ASEFDHEDmRqoiAmx-X9w" target="_HajAoFDHEDmRqoiAmx-X9w" relationshipRef="_OWrsUFDHEDmRqoiAmx-X9w"/>        <connection xsi:type="Relationship" identifier="_apgI0FDHEDmRqoiAmx-X9w" source="_7UnbgFDEEDmRqoiAmx-X9w" target="_WMqxIFDHEDmRqoiAmx-X9w" relationshipRef="_ape6sFDHEDmRqoiAmx-X9w"/>        <connection xsi:type="Relationship" identifier="_OqBCkFDIEDmRqoiAmx-X9w" source="_D6ASEFDHEDmRqoiAmx-X9w" target="_ivOSwFDHEDmRqoiAmx-X9w" relationshipRef="_Op-mUFDIEDmRqoiAmx-X9w"/>        <connection xsi:type="Relationship" identifier="_PSHkYFDIEDmRqoiAmx-X9w" source="_D6ASEFDHEDmRqoiAmx-X9w" target="_nqLw4FDHEDmRqoiAmx-X9w" relationshipRef="_PSGWQFDIEDmRqoiAmx-X9w"/>      </view>    </diagrams>  </views></model>
