{"identifier":"https://me.big.tuwien.ac.at/EAModelSet/_ugV70GfCEeuyzKg_X9-Fsg","archimateId":"_ugV70GfCEeuyzKg_X9-Fsg","name":"GAIAX1","description":"","formats":["XML","CSV","JSON","ARCHIMATE"],"source":"GenMyModel","repository":"","license":"","sourceFile":"raw-data/genmymodel/_ugv70gfceeuyzkg_x9-fsg.xml","sourceFormat":"XML","timestamp":"2023-07-06T10:01:17","tags":[],"duplicates":[],"language":"de","elements":[{"id":"_ugY_2GfCEeuyzKg_X9-Fsg","name":"GAIA-X Service Provider","type":"BusinessRole","layer":"business"},{"id":"_ugY_2mfCEeuyzKg_X9-Fsg","name":"GAIA-X Service Instance Provider","type":"BusinessRole","layer":"business"},{"id":"_ugY_3GfCEeuyzKg_X9-Fsg","name":"GAIA-X Node Provider","type":"BusinessRole","layer":"business"},{"id":"_ugY_3mfCEeuyzKg_X9-Fsg","name":"GAIA-X Node","type":"Node","layer":"technology"},{"id":"_ugY_4GfCEeuyzKg_X9-Fsg","name":"GAIA-X Service","type":"ApplicationComponent","layer":"application"},{"id":"_ugY_4mfCEeuyzKg_X9-Fsg","name":"GAIA-X Service Instance","type":"TechnologyService","layer":"technology"},{"id":"_ugY_5GfCEeuyzKg_X9-Fsg","name":"Data Object","type":"DataObject","layer":"application"},{"id":"_ugY_5mfCEeuyzKg_X9-Fsg","name":"Device","type":"Device","layer":"technology"},{"id":"_ugY_6GfCEeuyzKg_X9-Fsg","name":"GAIA-X Service Consumer","type":"BusinessRole","layer":"business"},{"id":"_ugY_6mfCEeuyzKg_X9-Fsg","name":"GAIA-X Data Owner","type":"BusinessRole","layer":"business"},{"id":"_ugY_7GfCEeuyzKg_X9-Fsg","name":"Mobility Platform Provider","type":"BusinessActor","layer":"business"},{"id":"_ugY_7mfCEeuyzKg_X9-Fsg","name":"Verkehrs-unternehmen","type":"BusinessActor","layer":"business"},{"id":"_ugY_8GfCEeuyzKg_X9-Fsg","name":"Flottenbetreiber","type":"BusinessActor","layer":"business"},{"id":"_ugY_8mfCEeuyzKg_X9-Fsg","name":"Verkehrsteilnehmer*in","type":"BusinessActor","layer":"business"},{"id":"_ugY_9GfCEeuyzKg_X9-Fsg","name":"Unternehmen Wartung","type":"BusinessActor","layer":"business"},{"id":"_ugY_9mfCEeuyzKg_X9-Fsg","name":"Fahrzeughersteller ","type":"BusinessActor","layer":"business"},{"id":"_ugY_-GfCEeuyzKg_X9-Fsg","name":"End Unser Device","type":"Device","layer":"technology"},{"id":"_ugY_-mfCEeuyzKg_X9-Fsg","name":"Arbeitsplätze Betrieb n Fz","type":"Device","layer":"technology"},{"id":"_ugY__GfCEeuyzKg_X9-Fsg","name":"Infrastrukturoperator","type":"BusinessActor","layer":"business"},{"id":"_ugY__mfCEeuyzKg_X9-Fsg","name":"Arbeitsplätze Betrieb Infrastruktur","type":"Device","layer":"technology"},{"id":"_ugZAAGfCEeuyzKg_X9-Fsg","name":"GAIA-X Service Consumer Betreiber","type":"BusinessRole","layer":"business"},{"id":"_ugZAAmfCEeuyzKg_X9-Fsg","name":"Arbeitsplätze","type":"ApplicationComponent","layer":"application"},{"id":"_ugZABGfCEeuyzKg_X9-Fsg","name":"Optimierung Flottenbetrieb","type":"ApplicationComponent","layer":"application"},{"id":"_ugZABmfCEeuyzKg_X9-Fsg","name":"Effizienter Fahrzeugeinsatz","type":"Goal","layer":"motivation"},{"id":"_ugZACGfCEeuyzKg_X9-Fsg","name":"Intermodale nachhaltige Mobilität","type":"Goal","layer":"motivation"},{"id":"_ugZACmfCEeuyzKg_X9-Fsg","name":"Dezentraler Zugang","type":"ApplicationComponent","layer":"application"},{"id":"_2EvdUFDEEDmRqoiAmx-X9w","name":"SUMO","type":"ApplicationComponent","layer":"application"},{"id":"_7UkYMFDEEDmRqoiAmx-X9w","name":"TRACI","type":"ApplicationInterface","layer":"application"},{"id":"_yngE8FDFEDmRqoiAmx-X9w","name":"GAIA-X VM-Node","type":"Node","layer":"technology"},{"id":"_zB2CIFDGEDmRqoiAmx-X9w","name":"TUB","type":"Grouping","layer":"other"},{"id":"_wKcCEFDEEDmRqoiAmx-X9w","name":"MATSIM","type":"ApplicationComponent","layer":"application"},{"id":"_D59OwFDHEDmRqoiAmx-X9w","name":"KeepMoving","type":"ApplicationComponent","layer":"application"},{"id":"_HagkYFDHEDmRqoiAmx-X9w","name":"OnDemand Dispo","type":"ApplicationFunction","layer":"application"},{"id":"_WMnGwFDHEDmRqoiAmx-X9w","name":"Collaboration","type":"ApplicationCollaboration","layer":"application"},{"id":"_ivMdkFDHEDmRqoiAmx-X9w","name":"Drivetrain Dispo","type":"ApplicationFunction","layer":"application"},{"id":"_nqItkFDHEDmRqoiAmx-X9w","name":"Energie Dispo","type":"ApplicationFunction","layer":"application"},{"id":"_F6JvcFDIEDmRqoiAmx-X9w","name":"GAIA-X Service","type":"ApplicationComponent","layer":"application"},{"id":"_wKKYcFDIEDmRqoiAmx-X9w","name":"Fahr- und Dienstplanung","type":"ApplicationService","layer":"application"},{"id":"__JxyYFDIEDmRqoiAmx-X9w","name":"Fahr- und Dienstplanung","type":"TechnologyService","layer":"technology"}],"relationships":[{"id":"_ugZADGfCEeuyzKg_X9-Fsg","sourceId":"_ugY_2mfCEeuyzKg_X9-Fsg","targetId":"_ugY_4mfCEeuyzKg_X9-Fsg","type":"Association"},{"id":"_ugZADmfCEeuyzKg_X9-Fsg","sourceId":"_ugY_3GfCEeuyzKg_X9-Fsg","targetId":"_ugY_3mfCEeuyzKg_X9-Fsg","type":"Association"},{"id":"_ugZAEGfCEeuyzKg_X9-Fsg","sourceId":"_ugY_4GfCEeuyzKg_X9-Fsg","targetId":"_ugY_4mfCEeuyzKg_X9-Fsg","type":"Triggering"},{"id":"_ugZAEmfCEeuyzKg_X9-Fsg","sourceId":"_ugY_2GfCEeuyzKg_X9-Fsg","targetId":"_ugY_4GfCEeuyzKg_X9-Fsg","type":"Association"},{"id":"_ugZAFGfCEeuyzKg_X9-Fsg","sourceId":"_ugY_3mfCEeuyzKg_X9-Fsg","targetId":"_ugY_5GfCEeuyzKg_X9-Fsg","type":"Association"},{"id":"_ugZAFmfCEeuyzKg_X9-Fsg","sourceId":"_ugY_4mfCEeuyzKg_X9-Fsg","targetId":"_ugY_5GfCEeuyzKg_X9-Fsg","type":"Access"},{"id":"_ugZAGGfCEeuyzKg_X9-Fsg","sourceId":"_ugY_4mfCEeuyzKg_X9-Fsg","targetId":"_ugY_5mfCEeuyzKg_X9-Fsg","type":"Serving"},{"id":"_ugZAGmfCEeuyzKg_X9-Fsg","sourceId":"_ugY_6GfCEeuyzKg_X9-Fsg","targetId":"_ugY_5mfCEeuyzKg_X9-Fsg","type":"Association"},{"id":"_ugZAHGfCEeuyzKg_X9-Fsg","sourceId":"_ugY_6mfCEeuyzKg_X9-Fsg","targetId":"_ugY_5GfCEeuyzKg_X9-Fsg","type":"Association"},{"id":"_ugZAHmfCEeuyzKg_X9-Fsg","sourceId":"_ugY_2mfCEeuyzKg_X9-Fsg","targetId":"_ugY_3mfCEeuyzKg_X9-Fsg","type":"Triggering"},{"id":"_ugZAIGfCEeuyzKg_X9-Fsg","sourceId":"_ugY_2mfCEeuyzKg_X9-Fsg","targetId":"_ugY_4GfCEeuyzKg_X9-Fsg","type":"Triggering"},{"id":"_ugZAImfCEeuyzKg_X9-Fsg","sourceId":"_ugY_3mfCEeuyzKg_X9-Fsg","targetId":"_ugY_4mfCEeuyzKg_X9-Fsg","type":"Realization"},{"id":"_ugZAJGfCEeuyzKg_X9-Fsg","sourceId":"_ugY_7GfCEeuyzKg_X9-Fsg","targetId":"_ugY_6mfCEeuyzKg_X9-Fsg","type":"Assignment"},{"id":"_ugZAJmfCEeuyzKg_X9-Fsg","sourceId":"_ugY_7mfCEeuyzKg_X9-Fsg","targetId":"_ugY_6mfCEeuyzKg_X9-Fsg","type":"Assignment"},{"id":"_ugZAKGfCEeuyzKg_X9-Fsg","sourceId":"_ugY_8GfCEeuyzKg_X9-Fsg","targetId":"_ugY_6mfCEeuyzKg_X9-Fsg","type":"Assignment"},{"id":"_ugZAKmfCEeuyzKg_X9-Fsg","sourceId":"_ugY_8mfCEeuyzKg_X9-Fsg","targetId":"_ugY_6GfCEeuyzKg_X9-Fsg","type":"Assignment"},{"id":"_ugZALGfCEeuyzKg_X9-Fsg","sourceId":"_ugY_8mfCEeuyzKg_X9-Fsg","targetId":"_ugY_6mfCEeuyzKg_X9-Fsg","type":"Assignment"},{"id":"_ugZALmfCEeuyzKg_X9-Fsg","sourceId":"_ugY_8mfCEeuyzKg_X9-Fsg","targetId":"_ugY_7GfCEeuyzKg_X9-Fsg","type":"Association"},{"id":"_ugZAMGfCEeuyzKg_X9-Fsg","sourceId":"_ugY_8mfCEeuyzKg_X9-Fsg","targetId":"_ugY_7mfCEeuyzKg_X9-Fsg","type":"Association"},{"id":"_ugZAMmfCEeuyzKg_X9-Fsg","sourceId":"_ugY_7mfCEeuyzKg_X9-Fsg","targetId":"_ugY_8GfCEeuyzKg_X9-Fsg","type":"Association"},{"id":"_ugZANGfCEeuyzKg_X9-Fsg","sourceId":"_ugY_9GfCEeuyzKg_X9-Fsg","targetId":"_ugY_6mfCEeuyzKg_X9-Fsg","type":"Assignment"},{"id":"_ugZANmfCEeuyzKg_X9-Fsg","sourceId":"_ugY_8GfCEeuyzKg_X9-Fsg","targetId":"_ugY_9GfCEeuyzKg_X9-Fsg","type":"Association"},{"id":"_ugZAOGfCEeuyzKg_X9-Fsg","sourceId":"_ugY_9GfCEeuyzKg_X9-Fsg","targetId":"_ugY_9mfCEeuyzKg_X9-Fsg","type":"Association"},{"id":"_ugZAOmfCEeuyzKg_X9-Fsg","sourceId":"_ugY_9mfCEeuyzKg_X9-Fsg","targetId":"_ugY_6mfCEeuyzKg_X9-Fsg","type":"Assignment"},{"id":"_ugZAPGfCEeuyzKg_X9-Fsg","sourceId":"_ugY_-GfCEeuyzKg_X9-Fsg","targetId":"_ugY_5mfCEeuyzKg_X9-Fsg","type":"Specialization"},{"id":"_ugZAPmfCEeuyzKg_X9-Fsg","sourceId":"_ugY_-GfCEeuyzKg_X9-Fsg","targetId":"_ugY_8mfCEeuyzKg_X9-Fsg","type":"Flow"},{"id":"_ugZAQGfCEeuyzKg_X9-Fsg","sourceId":"_ugY_-mfCEeuyzKg_X9-Fsg","targetId":"_ugY_5mfCEeuyzKg_X9-Fsg","type":"Specialization"},{"id":"_ugZAQmfCEeuyzKg_X9-Fsg","sourceId":"_ugY__GfCEeuyzKg_X9-Fsg","targetId":"_ugY_6GfCEeuyzKg_X9-Fsg","type":"Assignment"},{"id":"_ugZARGfCEeuyzKg_X9-Fsg","sourceId":"_ugY__mfCEeuyzKg_X9-Fsg","targetId":"_ugY_5mfCEeuyzKg_X9-Fsg","type":"Specialization"},{"id":"_ugZARmfCEeuyzKg_X9-Fsg","sourceId":"_ugY__mfCEeuyzKg_X9-Fsg","targetId":"_ugY__GfCEeuyzKg_X9-Fsg","type":"Flow"},{"id":"_ugZASGfCEeuyzKg_X9-Fsg","sourceId":"_ugY__GfCEeuyzKg_X9-Fsg","targetId":"_ugY_6mfCEeuyzKg_X9-Fsg","type":"Assignment"},{"id":"_ugZASmfCEeuyzKg_X9-Fsg","sourceId":"_ugY_7GfCEeuyzKg_X9-Fsg","targetId":"_ugZAAGfCEeuyzKg_X9-Fsg","type":"Assignment"},{"id":"_ugZATGfCEeuyzKg_X9-Fsg","sourceId":"_ugY_7mfCEeuyzKg_X9-Fsg","targetId":"_ugZAAGfCEeuyzKg_X9-Fsg","type":"Assignment"},{"id":"_ugZATmfCEeuyzKg_X9-Fsg","sourceId":"_ugY_8GfCEeuyzKg_X9-Fsg","targetId":"_ugZAAGfCEeuyzKg_X9-Fsg","type":"Assignment"},{"id":"_ugZAUGfCEeuyzKg_X9-Fsg","sourceId":"_ugY_9GfCEeuyzKg_X9-Fsg","targetId":"_ugZAAGfCEeuyzKg_X9-Fsg","type":"Assignment"},{"id":"_ugZAUmfCEeuyzKg_X9-Fsg","sourceId":"_ugY_9mfCEeuyzKg_X9-Fsg","targetId":"_ugZAAGfCEeuyzKg_X9-Fsg","type":"Assignment"},{"id":"_ugZAVGfCEeuyzKg_X9-Fsg","sourceId":"_ugZAAGfCEeuyzKg_X9-Fsg","targetId":"_ugY_6GfCEeuyzKg_X9-Fsg","type":"Specialization"},{"id":"_ugZAVmfCEeuyzKg_X9-Fsg","sourceId":"_ugZAAmfCEeuyzKg_X9-Fsg","targetId":"_ugY_4GfCEeuyzKg_X9-Fsg","type":"Realization"},{"id":"_ugZAWGfCEeuyzKg_X9-Fsg","sourceId":"_ugZAAmfCEeuyzKg_X9-Fsg","targetId":"_ugZABGfCEeuyzKg_X9-Fsg","type":"Association"},{"id":"_ugZAWmfCEeuyzKg_X9-Fsg","sourceId":"_ugZABGfCEeuyzKg_X9-Fsg","targetId":"_ugY_4GfCEeuyzKg_X9-Fsg","type":"Realization"},{"id":"_ugZAXGfCEeuyzKg_X9-Fsg","sourceId":"_ugZABmfCEeuyzKg_X9-Fsg","targetId":"_ugY_6GfCEeuyzKg_X9-Fsg","type":"Association"},{"id":"_ugZAXmfCEeuyzKg_X9-Fsg","sourceId":"_ugZACGfCEeuyzKg_X9-Fsg","targetId":"_ugY_6GfCEeuyzKg_X9-Fsg","type":"Association"},{"id":"_ugZAYGfCEeuyzKg_X9-Fsg","sourceId":"_ugZACmfCEeuyzKg_X9-Fsg","targetId":"_ugY_4GfCEeuyzKg_X9-Fsg","type":"Realization"},{"id":"_ugZAYmfCEeuyzKg_X9-Fsg","sourceId":"_ugZACmfCEeuyzKg_X9-Fsg","targetId":"_ugZAAmfCEeuyzKg_X9-Fsg","type":"Association"},{"id":"_Xykp4FDFEDmRqoiAmx-X9w","sourceId":"_2EvdUFDEEDmRqoiAmx-X9w","targetId":"_7UkYMFDEEDmRqoiAmx-X9w","type":"Realization"},{"id":"_ao26gFDFEDmRqoiAmx-X9w","sourceId":"_wKcCEFDEEDmRqoiAmx-X9w","targetId":"_7UkYMFDEEDmRqoiAmx-X9w","type":"Realization"},{"id":"_OWrsUFDHEDmRqoiAmx-X9w","sourceId":"_D59OwFDHEDmRqoiAmx-X9w","targetId":"_HagkYFDHEDmRqoiAmx-X9w","type":"Realization"},{"id":"_ape6sFDHEDmRqoiAmx-X9w","sourceId":"_7UkYMFDEEDmRqoiAmx-X9w","targetId":"_WMnGwFDHEDmRqoiAmx-X9w","type":"Serving"},{"id":"_Op-mUFDIEDmRqoiAmx-X9w","sourceId":"_D59OwFDHEDmRqoiAmx-X9w","targetId":"_ivMdkFDHEDmRqoiAmx-X9w","type":"Realization"},{"id":"_PSGWQFDIEDmRqoiAmx-X9w","sourceId":"_D59OwFDHEDmRqoiAmx-X9w","targetId":"_nqItkFDHEDmRqoiAmx-X9w","type":"Realization"}],"views":[{"id":"_ugYYEGfCEeuyzKg_X9-Fsg","name":"archimate-diagram","viewpoint":""},{"id":"_AGsf4FDEEDmRqoiAmx-X9w","name":"archimate-diagram-2","viewpoint":""}]}