{"identifier":"https://me.big.tuwien.ac.at/EAModelSet/2108c774-585b-4453-bc23-a2e353330f08","archimateId":"2108c774-585b-4453-bc23-a2e353330f08","name":"GRM","description":"The Open Group Architecture Framework - Government Reference Model","formats":["XML","CSV","JSON","ARCHIMATE"],"source":"GitHub","repository":"GRM-Foundation/GRM","license":"AGPL-3.0 license","sourceFile":"raw-data/github/archimate/grm.en.archimate","sourceFormat":"ARCHIMATE","timestamp":"2023-07-06T09:29:17","tags":[],"duplicates":[],"language":"en","elements":[{"id":"id-e1e01a9b31cd41a581160b775e8c6886","name":"Central Governance","type":"BusinessService","layer":"business"},{"id":"id-150ad894fdf84223acfd26d359d8c6c0","name":"Central Government","type":"BusinessRole","layer":"business"},{"id":"id-87d5c024e52e4193834ab816bfd4b757","name":"Parliament","type":"BusinessActor","layer":"business"},{"id":"id-19c9b7e9d7fa4c0e9ba62545aff70ed8","name":"Parliament","type":"BusinessRole","layer":"business"},{"id":"id-edfa9aa2bebd4eadb8b8dcb9dafe6db5","name":"Parliament Legislation Approval","type":"BusinessProcess","layer":"business"},{"id":"id-687a430304af4959908453ac8768cf48","name":"Parliament Legislation Proposal","type":"BusinessProcess","layer":"business"},{"id":"id-3320f5f1846546fbb9f68e2b4f8e01b2","name":"Parliament Legislative Action","type":"BusinessFunction","layer":"business"},{"id":"id-a3839a5e78a64086a3bca05fcbc7650d","name":"Central Government","type":"BusinessActor","layer":"business"},{"id":"id-31a5077acc164474ad05d2a87c3d21b3","name":"Government Legislation Approval","type":"BusinessProcess","layer":"business"},{"id":"id-c9747cc84627452194143d2307af6be1","name":"Government Legislation Proposal","type":"BusinessProcess","layer":"business"},{"id":"id-01ada7901b6a4f3588593291172ffd82","name":"Government Legislative Action","type":"BusinessFunction","layer":"business"},{"id":"id-15202741dd054a12a7e6ce5257179bff","name":"State Governance","type":"BusinessService","layer":"business"},{"id":"id-a22301209d8a48d396783d19efc3c021","name":"State Governance","type":"BusinessRole","layer":"business"},{"id":"id-8b92a6e148604781be43b80fed2bb1ff","name":"State Governance","type":"BusinessService","layer":"business"},{"id":"id-175a270c4c354c9e91d002a9398addd0","name":"Development and Aid","type":"BusinessFunction","layer":"business"},{"id":"id-b6d2753049f040eaafbc2b2e5c2de110","name":"International Development","type":"BusinessFunction","layer":"business"},{"id":"id-81d36366140246e2816684d7b155e708","name":"Humanitarian Aid","type":"BusinessFunction","layer":"business"},{"id":"id-50e6f386ee334165bd4bcf327db29d6c","name":"Trade","type":"BusinessFunction","layer":"business"},{"id":"id-cf0ed14235dc4a4dba41f734da56071f","name":"Global Trade","type":"BusinessFunction","layer":"business"},{"id":"id-a1c51791bce04600981326413d7aba38","name":"Export Control","type":"BusinessFunction","layer":"business"},{"id":"id-4573e66414d34323b457f8cfbcce198c","name":"Import Control","type":"BusinessFunction","layer":"business"},{"id":"id-9466f30453044b3ca48e1216ac67b501","name":"International Affairs","type":"BusinessFunction","layer":"business"},{"id":"id-8a26d56d370142f5b8ca4f024cf13863","name":"Foreign Affairs","type":"BusinessFunction","layer":"business"},{"id":"id-957b08b3a93d473dbbde8ffbfc65f25b","name":"Foreign Treaties","type":"BusinessFunction","layer":"business"},{"id":"id-778d482a5ae84baca4d9d63d2c0a0b68","name":"International Affairs and Trade","type":"BusinessFunction","layer":"business"},{"id":"id-70b16bb9fe324ebeb2e1ef684612acb2","name":"Defense Activities","type":"BusinessFunction","layer":"business"},{"id":"id-89387b7b88564972ab721865ba05ca69","name":"Counter-Terrorism","type":"BusinessFunction","layer":"business"},{"id":"id-41a7a291ca834630b23846e63845fd82","name":"Military Operations","type":"BusinessFunction","layer":"business"},{"id":"id-502fe58e81494447a94f0f7bff8e98bf","name":"Threat Reduction","type":"BusinessFunction","layer":"business"},{"id":"id-2b7a8ae6af0941b58788d598cac782cb","name":"Defense Readiness and Preparation","type":"BusinessFunction","layer":"business"},{"id":"id-0e1b3c8a48754257ad2114439c366f00","name":"Defense Application","type":"BusinessFunction","layer":"business"},{"id":"id-718f74b84c05465c8815f4284029f7cc","name":"Defense Network and IT Infrastructure","type":"BusinessFunction","layer":"business"},{"id":"id-c749a3cc49c64a79b4c3a40f50f5b28e","name":"Defense Training and Allocation","type":"BusinessFunction","layer":"business"},{"id":"id-f090210e481f4a2db2d1fb669e8cf6e8","name":"Population Protection","type":"BusinessFunction","layer":"business"},{"id":"id-98f6162b3ca7494da416a2df44b09398","name":"Intelligence and International Security","type":"BusinessFunction","layer":"business"},{"id":"id-04d990f9224d4dc7899d0b29c0691048","name":"Intelligence and Counter-Intelligence Operations","type":"BusinessFunction","layer":"business"},{"id":"id-6e99887d42ad45c7b29dbac85ce98c7a","name":"Intelligence and Counter-Intelligence Operations","type":"BusinessFunction","layer":"business"},{"id":"id-00c86d0e044f4965b652d84854f735bd","name":"International Security Assistance","type":"BusinessFunction","layer":"business"},{"id":"id-0a78ee505e0b49d594c6dedbb6afab6d","name":"Special Intelligence","type":"BusinessFunction","layer":"business"},{"id":"id-07d408add2044197a01b6e18ab02e063","name":"Defense and Security","type":"BusinessFunction","layer":"business"},{"id":"id-766fb8228f4f46c483af99776237d37a","name":"Customer Services","type":"BusinessFunction","layer":"business"},{"id":"id-d74c12bbe9b34da08367ab5e79e3d0dd","name":"Business Licenses","type":"BusinessFunction","layer":"business"},{"id":"id-40eddfc5c9464b06afa1f48e61513582","name":"Cashiers","type":"BusinessFunction","layer":"business"},{"id":"id-5c69b9699be3471989b88526164cc088","name":"Front Desk","type":"BusinessFunction","layer":"business"},{"id":"id-0e4617d1ba774234a6fbe31aafd57b6a","name":"Housing Gateway","type":"BusinessFunction","layer":"business"},{"id":"id-030360edf0f04f9e929066e7e5d7eff7","name":"Imports Administrations","type":"BusinessFunction","layer":"business"},{"id":"id-3597c35e6c674c0db6d185d0dc7bb5fa","name":"License Applications","type":"BusinessFunction","layer":"business"},{"id":"id-00a151a3d8f54d3aac043b2b18295d0c","name":"People Hub","type":"BusinessFunction","layer":"business"},{"id":"id-d252b968c1374e389c3d5b8d3f1de1ac","name":"Planning Applications","type":"BusinessFunction","layer":"business"},{"id":"id-5c5660f70d1f44ddb982ed060c640b0b","name":"Registration Cards","type":"BusinessFunction","layer":"business"},{"id":"id-a33320454c67473eb574ddeef95d5729","name":"Social Security, Benefits, and Pensions","type":"BusinessFunction","layer":"business"},{"id":"id-9d49fbae4ebb4712acb6194f99569610","name":"Student Finance","type":"BusinessFunction","layer":"business"},{"id":"id-23cef958778a476b986aa9c84577b765","name":"Tax Forms","type":"BusinessFunction","layer":"business"},{"id":"id-51f24a98199d4d37abbae01306e7aaba","name":"Workforce Planning","type":"BusinessFunction","layer":"business"},{"id":"id-7df99939649f4f6eb8baf1cd2e56eaa5","name":"Customer Operations","type":"BusinessFunction","layer":"business"},{"id":"id-b640730473bc4098903a58633de9b593","name":"Back to Work","type":"BusinessFunction","layer":"business"},{"id":"id-fc0e0c6babc24345985f44745a6e343d","name":"Benefits","type":"BusinessFunction","layer":"business"},{"id":"id-2b81616eff7d462a84e0201a0e8c6143","name":"Benefits Fraud","type":"BusinessFunction","layer":"business"},{"id":"id-2ced55eb4b7c47e2b65351825594e050","name":"Customer Complaints","type":"BusinessFunction","layer":"business"},{"id":"id-1c2c6c59685740d584224b097e6345cd","name":"Income Support","type":"BusinessFunction","layer":"business"},{"id":"id-f13096eed29146398d804e6b0395aa46","name":"Pensions","type":"BusinessFunction","layer":"business"},{"id":"id-6ddb4a2c81f149f7b5dc07733d439d2d","name":"Social Security Administration","type":"BusinessFunction","layer":"business"},{"id":"id-3655ad0c6ee340f7952b68f1b0020494","name":"Local Service","type":"BusinessFunction","layer":"business"},{"id":"id-79bfe6f4109c43a0806f0591c7bed9cc","name":"Community Grants","type":"BusinessFunction","layer":"business"},{"id":"id-e8d616cfb164499195a9cf1d8dc9032f","name":"Community Planning and Consultation","type":"BusinessFunction","layer":"business"},{"id":"id-7f1eeb89f4654dd58aeaec83e439ff83","name":"Customer Forums","type":"BusinessFunction","layer":"business"},{"id":"id-aad13347666740c18ced2f2ef9e8cb5e","name":"Local Law","type":"BusinessFunction","layer":"business"},{"id":"id-f9f38c979f1846809a0e2a1285b3973b","name":"Neighborhood Engagement and Development","type":"BusinessFunction","layer":"business"},{"id":"id-784ad98b13d24d3d8bd8f4ea5d40baef","name":"Superintendent Registrar","type":"BusinessFunction","layer":"business"},{"id":"id-af6cc54100534bfcb62697f70be003c6","name":"General Government and Local Services","type":"BusinessFunction","layer":"business"},{"id":"id-825a1c274b544e50aed468d3ea838ff8","name":"Children’s Service","type":"BusinessFunction","layer":"business"},{"id":"id-e85c47f346f84eb890c4bdfa348e0e08","name":"Children and Adolescent Services","type":"BusinessFunction","layer":"business"},{"id":"id-5ed61b05e58841ccb107cf1809ad19bd","name":"Children’s Social Care and Safeguarding","type":"BusinessFunction","layer":"business"},{"id":"id-d7ce463538bc4d86b6465127e3b83cd2","name":"Early Years","type":"BusinessFunction","layer":"business"},{"id":"id-8cf14b697465402485604820b21120db","name":"Family and Parenting","type":"BusinessFunction","layer":"business"},{"id":"id-b07fd51e152647aeb7c750e4a31937c1","name":"Fostering and Adoption","type":"BusinessFunction","layer":"business"},{"id":"id-5046cda9dd6f4251ba5de700723f8a93","name":"Looked-after Children","type":"BusinessFunction","layer":"business"},{"id":"id-151ef7c415af4ae3ad4e05005e95fb18","name":"Curriculum","type":"BusinessFunction","layer":"business"},{"id":"id-0b6de86aa9044ece815142b4734f7d0b","name":"Education","type":"BusinessFunction","layer":"business"},{"id":"id-8790bff584b54254a814ff67ae6e42be","name":"Primary Schools","type":"BusinessFunction","layer":"business"},{"id":"id-9ffd4ea8d1504f4691b136ac194c580b","name":"Secondary Schools","type":"BusinessFunction","layer":"business"},{"id":"id-68dead733f6b4edfafcbbd3de86e496a","name":"Specialist Teaching","type":"BusinessFunction","layer":"business"},{"id":"id-9c0c16355e6445dd995b9f6f8ffeac5a","name":"Standards and Achievement","type":"BusinessFunction","layer":"business"},{"id":"id-703befae908f4643b93363965d7807dc","name":"Apprenticeships","type":"BusinessFunction","layer":"business"},{"id":"id-e07e89231dea462eb7202d43544608b8","name":"Early Careers","type":"BusinessFunction","layer":"business"},{"id":"id-e10be7ff57ef426da874ef5ece450863","name":"Higher Education","type":"BusinessFunction","layer":"business"},{"id":"id-10929596dc7b48179e0138918b949740","name":"Higher Education and Skills","type":"BusinessFunction","layer":"business"},{"id":"id-444d5230431a46dc86b59053b1f65027","name":"Young People and Education","type":"BusinessFunction","layer":"business"},{"id":"id-79d3515e023b414c94dfff2021ddb2b8","name":"Adult Mental Health","type":"BusinessFunction","layer":"business"},{"id":"id-94cc4b71d4e84e71bd1cb167e27d3273","name":"Adult Safeguarding","type":"BusinessFunction","layer":"business"},{"id":"id-b7cd200e54544b2284d0900687cc093e","name":"Adult Social Care","type":"BusinessFunction","layer":"business"},{"id":"id-5bc3d93489c348f7a3e4820712d3bb16","name":"Community Services","type":"BusinessFunction","layer":"business"},{"id":"id-effcd83167b946ff8f80fa9ada002fb3","name":"Counseling","type":"BusinessFunction","layer":"business"},{"id":"id-9b6eae5798ce4d33b6474381e2af97b9","name":"Emergency Services","type":"BusinessFunction","layer":"business"},{"id":"id-cdf33f48ffd54b9582e11221aa7a23d8","name":"Facilities Management","type":"BusinessFunction","layer":"business"},{"id":"id-fd1b9ac67e5d4d79bbfccfc980a426f0","name":"Hospital and Community Services","type":"BusinessFunction","layer":"business"},{"id":"id-dcdba8300bbe4f4197cb9cc48a3d5d0c","name":"Hospital Inpatients","type":"BusinessFunction","layer":"business"},{"id":"id-2efe471eff454c598e85d9e4cd875b7c","name":"Hospital Outpatients","type":"BusinessFunction","layer":"business"},{"id":"id-1e54be61e5b349cc8fa7c4b472635258","name":"Medical Allied Professions","type":"BusinessFunction","layer":"business"},{"id":"id-91f3527e099f43ad9aa9488ae4447b9a","name":"Preventative Health","type":"BusinessFunction","layer":"business"},{"id":"id-d1025149b3e84fc7902a4a4780efeffa","name":"Psychotherapy","type":"BusinessFunction","layer":"business"},{"id":"id-b9dcab51480f4f9ca413057a299f8a49","name":"Information and Strategy Governance","type":"BusinessFunction","layer":"business"},{"id":"id-5a62c64c478445f6b826f9ef9168af74","name":"Litigation","type":"BusinessFunction","layer":"business"},{"id":"id-4fb71d0774714b908145e5edb0cbbff4","name":"Medical","type":"BusinessFunction","layer":"business"},{"id":"id-a8d99b0053574ef9b6f36ed959d51d04","name":"Medical Professional Lead","type":"BusinessFunction","layer":"business"},{"id":"id-7acc1272349c4fb49d5dfe3ff665ebf7","name":"Mortality","type":"BusinessFunction","layer":"business"},{"id":"id-080c337791e04a0fa73511f51cc7e156","name":"Pharmacy","type":"BusinessFunction","layer":"business"},{"id":"id-436cad76328f499ca34692ccbffc408a","name":"Primary Care Strategy","type":"BusinessFunction","layer":"business"},{"id":"id-a3dd5caaff3a4749954eccec0055d4f9","name":"Regulatory Oversight","type":"BusinessFunction","layer":"business"},{"id":"id-6d2afed7d1a54505998d57115b4a35d4","name":"Health and Community Nursing","type":"BusinessFunction","layer":"business"},{"id":"id-7ef778d2d64c40199651839cb4d3866e","name":"Nursing","type":"BusinessFunction","layer":"business"},{"id":"id-6b2da145fdeb431ea152b97ab219a7fb","name":"Nursing Standards and QA","type":"BusinessFunction","layer":"business"},{"id":"id-e7dc793ff1434fc59d4c13d9cc6222df","name":"Nursing Strategy and Governance","type":"BusinessFunction","layer":"business"},{"id":"id-c6e7160ff94e416caa483dfb18f3d465","name":"Health and Community Wellbeing","type":"BusinessFunction","layer":"business"},{"id":"id-615d344d794c492aaf9d9c585d4d3b33","name":"Customs","type":"BusinessFunction","layer":"business"},{"id":"id-47dd3e94f42b4c668315e31babc6b7be","name":"Emergency Planning","type":"BusinessFunction","layer":"business"},{"id":"id-f4065debd1af4d9594da0f33a686de56","name":"Fire Service","type":"BusinessFunction","layer":"business"},{"id":"id-63f290b26fd24779867047c5953958f9","name":"Health and Safety","type":"BusinessFunction","layer":"business"},{"id":"id-17a0090d4a24482aa3d7112603ec174c","name":"Immigration","type":"BusinessFunction","layer":"business"},{"id":"id-9744cb51c40e4062b8b85c38160945e4","name":"Police Service","type":"BusinessFunction","layer":"business"},{"id":"id-94f3f97890b840748086ee5955a5e267","name":"Protection and Law Enforcement","type":"BusinessFunction","layer":"business"},{"id":"id-ad6a7fa976684c588b581f4878bd200a","name":"Criminal Compensation","type":"BusinessFunction","layer":"business"},{"id":"id-9ae76221592c4f339d7844d8bda41b99","name":"Criminal Justice","type":"BusinessFunction","layer":"business"},{"id":"id-893465980aa04844b2f6dfa1eec4bc2d","name":"Criminal Justice and Offender Management","type":"BusinessFunction","layer":"business"},{"id":"id-b62d514eaf3645f1bcde91213c5756b5","name":"Law Commission","type":"BusinessFunction","layer":"business"},{"id":"id-d2855dc52cb6481ba074a4a80bbf7107","name":"Police Authority","type":"BusinessFunction","layer":"business"},{"id":"id-d031912487e64ee880c9497ad3680c7f","name":"Police Complaints","type":"BusinessFunction","layer":"business"},{"id":"id-12bacfc5d860487181f549d269bb0cde","name":"Prison Monitoring","type":"BusinessFunction","layer":"business"},{"id":"id-4b035398a347443095017cea34bc1765","name":"Youth Offending","type":"BusinessFunction","layer":"business"},{"id":"id-5a0b29d6c09c40d99fa8d9999df552d5","name":"Judiciary, Justice, and Home Affairs","type":"BusinessFunction","layer":"business"},{"id":"id-e70222fa61544433ac7b0ee4a7e242fc","name":"Import Duty","type":"BusinessFunction","layer":"business"},{"id":"id-6556d172e96646eb980c93dc317f070a","name":"Revenue","type":"BusinessFunction","layer":"business"},{"id":"id-fc25074be29a4832b7253b7b1890f4f1","name":"Social Security","type":"BusinessFunction","layer":"business"},{"id":"id-a5886027636b4fcf9a088d05d6d291f0","name":"Tax and Revenue Compliance","type":"BusinessFunction","layer":"business"},{"id":"id-62fe2dda94fa4a7fbd29a11ab6f62630","name":"Tax Office","type":"BusinessFunction","layer":"business"},{"id":"id-dbe0795dc6d844ef9cabaac245fbff0e","name":"Corporate and Business Planning","type":"BusinessFunction","layer":"business"},{"id":"id-3b9096bca4684730b61134af71e104fa","name":"Financial Planning","type":"BusinessFunction","layer":"business"},{"id":"id-3105354943374788b9c8c125dfc9572a","name":"Investment Decisions","type":"BusinessFunction","layer":"business"},{"id":"id-31d163c89d084af8a18a2e63e1fc11ce","name":"Policy Support","type":"BusinessFunction","layer":"business"},{"id":"id-a76fc7de0762454eb78d919943da9b3d","name":"Strategic Finance","type":"BusinessFunction","layer":"business"},{"id":"id-967c7e4a33054904872a8a8b681a1d55","name":"Strategic Risk","type":"BusinessFunction","layer":"business"},{"id":"id-1dd0304f3cc24483a39fb5c27fea4543","name":"Accounting and Reporting","type":"BusinessFunction","layer":"business"},{"id":"id-86ae4e2d5d3347a494a35e86a896bb41","name":"Accounting Standards Compliance","type":"BusinessFunction","layer":"business"},{"id":"id-dfffc90614a9474593aa10afa31c265d","name":"Finance Business Partnering","type":"BusinessFunction","layer":"business"},{"id":"id-1985597119994e81a4584cef7cba7862","name":"Finance Planning and Performance","type":"BusinessFunction","layer":"business"},{"id":"id-fd17f4a83b9142bbab5244cf215dabd4","name":"Cash Management","type":"BusinessFunction","layer":"business"},{"id":"id-48db1d78c02b4c6196d76fb2ae65f91c","name":"Investment Management","type":"BusinessFunction","layer":"business"},{"id":"id-12a606821d564d428b28ae9fa00bc14e","name":"Investments","type":"BusinessFunction","layer":"business"},{"id":"id-427f1442b62e4da9aa1b220e9c71b6ce","name":"Pension Fund Management","type":"BusinessFunction","layer":"business"},{"id":"id-c8d6ad7ca29749c7b789591e30002416","name":"Shareholders of Owned Subsidiaries","type":"BusinessFunction","layer":"business"},{"id":"id-1eb316c4abbd4945bcd3652264f7fd23","name":"Enterprise Risk","type":"BusinessFunction","layer":"business"},{"id":"id-5b6623b3cadd4fe4b1a47690632f493c","name":"Financial Governance","type":"BusinessFunction","layer":"business"},{"id":"id-e5e3cf01809e49ca840af120373a76b5","name":"Internal Audit","type":"BusinessFunction","layer":"business"},{"id":"id-6598db642b7843ab92f1fc77cacfd841","name":"Risk and Audit","type":"BusinessFunction","layer":"business"},{"id":"id-0e8402db124a4fbeadef7c2950c1640b","name":"Financial","type":"BusinessFunction","layer":"business"},{"id":"id-4472bcb5a9db42539c117ebdac19169d","name":"Business and SME Support","type":"BusinessFunction","layer":"business"},{"id":"id-e951dae103664e4eb4d2164a5ead03ce","name":"Culture","type":"BusinessFunction","layer":"business"},{"id":"id-33b8597e6fda4c02948e66df7cd9ff1a","name":"Electricity","type":"BusinessFunction","layer":"business"},{"id":"id-205aa7fae609466c9597ab5ca237b533","name":"Grants","type":"BusinessFunction","layer":"business"},{"id":"id-c9382f30471841d7987142d1dbf4deba","name":"Partnership","type":"BusinessFunction","layer":"business"},{"id":"id-7997bdeea5074b8fb3e0712381474b3a","name":"Port","type":"BusinessFunction","layer":"business"},{"id":"id-eb5069efbea24f8fb146c0d7a6b44fbb","name":"Post","type":"BusinessFunction","layer":"business"},{"id":"id-1bda77ab1e84456da03193f82f210bb2","name":"Rural Economy","type":"BusinessFunction","layer":"business"},{"id":"id-3f276b4d6f414d17801d02d65e344075","name":"Sport","type":"BusinessFunction","layer":"business"},{"id":"id-019edfa0f6c7412cac7dc7c69ba76f9b","name":"Telecommunications","type":"BusinessFunction","layer":"business"},{"id":"id-7b7199ddc8324c9a9c7345f3aecd08ba","name":"Tourism","type":"BusinessFunction","layer":"business"},{"id":"id-d770dca7155840c48260a6389d33e0c9","name":"Water","type":"BusinessFunction","layer":"business"},{"id":"id-eb497a37d063473c8376d0a3d426e4b8","name":"Environmental Ecology","type":"BusinessFunction","layer":"business"},{"id":"id-ad668bce11874e738b5e95e38ba83b30","name":"Environmental Services","type":"BusinessFunction","layer":"business"},{"id":"id-2c07de20cb084892be74a2905ef30386","name":"Marine and Fisheries","type":"BusinessFunction","layer":"business"},{"id":"id-1b14da9712b944b9902569917150168d","name":"Meteorological Services","type":"BusinessFunction","layer":"business"},{"id":"id-abad815cd26f4a02a39fca08ed0152a0","name":"Natual Environment","type":"BusinessFunction","layer":"business"},{"id":"id-6512596872c54369b26b8d4d3de0c264","name":"Veterinary Services","type":"BusinessFunction","layer":"business"},{"id":"id-cedca0263dd6418689d236de94c62d94","name":"Architects","type":"BusinessFunction","layer":"business"},{"id":"id-7362893b2e3f426daba56bb3dc207158","name":"Asset Management","type":"BusinessFunction","layer":"business"},{"id":"id-9eb4d0f0f2e8403abad1e6a5e7e9dc75","name":"Capital Projects","type":"BusinessFunction","layer":"business"},{"id":"id-fe227efa03df4854b5e7fdd3c1f6e032","name":"Property","type":"BusinessFunction","layer":"business"},{"id":"id-288d23596a3e4662bc386bff7a9493a5","name":"Property and Special Projects","type":"BusinessFunction","layer":"business"},{"id":"id-d4924b028f4f410da55f3fccb4f347e5","name":"Surveying","type":"BusinessFunction","layer":"business"},{"id":"id-5f166fb021f84a22be14ce0560e976e9","name":"Building Control","type":"BusinessFunction","layer":"business"},{"id":"id-38cb0629f3404761a41a38e11bc498af","name":"Document Verification Service","type":"BusinessFunction","layer":"business"},{"id":"id-eeaf7415a54943189e035b9ad0d681f9","name":"Environmental Health","type":"BusinessFunction","layer":"business"},{"id":"id-513a411a926843e2998594d45b6f8e8a","name":"Environmental Protection","type":"BusinessFunction","layer":"business"},{"id":"id-f03b82b191f1413f85499f1eb939005a","name":"Licensing","type":"BusinessFunction","layer":"business"},{"id":"id-cb66d337035c4970bb53fb23b9744b87","name":"Regulation","type":"BusinessFunction","layer":"business"},{"id":"id-e096c7f62aaa4efab51b647c277c4ca8","name":"Trading Standards","type":"BusinessFunction","layer":"business"},{"id":"id-5a06762ed7b148a18cd7ef027d35d356","name":"Growth, Housing, and Environment","type":"BusinessFunction","layer":"business"},{"id":"id-7f1d1f782080424a90baaba45feff6bb","name":"Collaborative Policy","type":"BusinessFunction","layer":"business"},{"id":"id-81b0494270a34409947e79203cd15a80","name":"Economic Policy","type":"BusinessFunction","layer":"business"},{"id":"id-eb12871d360245e3ae78df58e358b941","name":"Environmental Policy","type":"BusinessFunction","layer":"business"},{"id":"id-34c49feb7ee44dd182aa91f00eabc8a2","name":"Policy","type":"BusinessFunction","layer":"business"},{"id":"id-6e8eb8c6946348d994183669d1b9d406","name":"Policy Secretariat","type":"BusinessFunction","layer":"business"},{"id":"id-ce2a319c3e594fe5a479f7e5fe9a28a4","name":"Social Policy","type":"BusinessFunction","layer":"business"},{"id":"id-fc1a5090f2dc4c228d46e20c6b9529d5","name":"Capacity Planning","type":"BusinessFunction","layer":"business"},{"id":"id-b0c639961dc24a2489d5e675ef0b078b","name":"Key Performance Indicators","type":"BusinessFunction","layer":"business"},{"id":"id-54148dfaae4a4b4f9f1a02d134bdb4bd","name":"Planning and Performance","type":"BusinessFunction","layer":"business"},{"id":"id-b2b566b7a0774c82af0e288d6007616d","name":"Population Statistics (and Census)","type":"BusinessFunction","layer":"business"},{"id":"id-16c044a0099e414faa162fba9a926abe","name":"Economic Strategy","type":"BusinessFunction","layer":"business"},{"id":"id-6dd52f05e8614ab6a7441b037e9bf6ee","name":"Environmental Strategy","type":"BusinessFunction","layer":"business"},{"id":"id-cad47b40af174f9089138cb71f18531a","name":"Housing Strategy","type":"BusinessFunction","layer":"business"},{"id":"id-07c0cd6c6b644cd59ea9eceecace1127","name":"Innovation and Strategy","type":"BusinessFunction","layer":"business"},{"id":"id-6497762f394d4874bd4d99d833dec184","name":"Long-Term Strategy","type":"BusinessFunction","layer":"business"},{"id":"id-e3dfc8e5b933488f91c18938f1b2fdc5","name":"Population Strategy","type":"BusinessFunction","layer":"business"},{"id":"id-0c6d544504f142ac9b571b8f4c2d8d89","name":"Short, Medium-Term Strategy","type":"BusinessFunction","layer":"business"},{"id":"id-84ebf9b5232a450eb03fd470e95e92ed","name":"Social Strategy","type":"BusinessFunction","layer":"business"},{"id":"id-1da0d302c0f94c43a562ad9dea98034e","name":"Policy, Performance, Population, and Innovation","type":"BusinessFunction","layer":"business"},{"id":"id-82dec72dc78f43d996490ce3ab0bce2a","name":"Business Administration Support","type":"BusinessFunction","layer":"business"},{"id":"id-34010cdd47b94fd4be71030331b0eba7","name":"Business Continuity","type":"BusinessFunction","layer":"business"},{"id":"id-2ee54a26de554c8a98d3928b6fb3256f","name":"Compliance","type":"BusinessFunction","layer":"business"},{"id":"id-5e968d3a11414eb9a535a3a6bb27b763","name":"Culture and Modernization","type":"BusinessFunction","layer":"business"},{"id":"id-4670bfe3705a48f9af7541f5b549f98c","name":"Employee Health and Safety","type":"BusinessFunction","layer":"business"},{"id":"id-52a4ee48889b46cb9523a77e0ca23d54","name":"Human Resources","type":"BusinessFunction","layer":"business"},{"id":"id-ead571377efd406e91fe2c5f5cf515d7","name":"People and Corporate Services","type":"BusinessFunction","layer":"business"},{"id":"id-b21d6ee5ec1f493f8a8694737a5fc136","name":"People and Organizational Change","type":"BusinessFunction","layer":"business"},{"id":"id-a18c626fe54349609e5160e939063f07","name":"Soft Facilities Management","type":"BusinessFunction","layer":"business"},{"id":"id-c8a5af6ef9a54496af010413b1685f16","name":"Communications","type":"BusinessFunction","layer":"business"},{"id":"id-9e9390a05908483491f9231beebe417b","name":"External Media","type":"BusinessFunction","layer":"business"},{"id":"id-92e3b7f12a7e496b89d19495e077dfec","name":"Internal Communications","type":"BusinessFunction","layer":"business"},{"id":"id-b9b9ee51edb24a1c8aa30252781a4617","name":"International Communications","type":"BusinessFunction","layer":"business"},{"id":"id-22679443b50c47deb983940b75c74428","name":"Marketing","type":"BusinessFunction","layer":"business"},{"id":"id-800ff5aaa5c542fc87113dd56ec72a70","name":"Web Design","type":"BusinessFunction","layer":"business"},{"id":"id-3b7606308f514820b82e95c2ca516fa1","name":"Commercial Negotiations","type":"BusinessFunction","layer":"business"},{"id":"id-71b7531de82c4e5381757eed6ad6df92","name":"Commercial Services","type":"BusinessFunction","layer":"business"},{"id":"id-29dd3d705f754a42b93e05de27c2f4ec","name":"Contract Management","type":"BusinessFunction","layer":"business"},{"id":"id-65b557e458f04faeb811a8f0375b8d1a","name":"Market Creation","type":"BusinessFunction","layer":"business"},{"id":"id-15822c7eda824cf8a17a18c91d08fb3d","name":"Market Engagement","type":"BusinessFunction","layer":"business"},{"id":"id-7944c589fd5e4a24ada5b3ca337eef50","name":"Procurement","type":"BusinessFunction","layer":"business"},{"id":"id-63eb7664cbe1438aa8143e5c3f907dc7","name":"Business Processes","type":"BusinessFunction","layer":"business"},{"id":"id-dc72ff33e311424f80be34c149583906","name":"Data Protection","type":"BusinessFunction","layer":"business"},{"id":"id-b0e3f86a395e47b69ef616db879da0dc","name":"Digital Government","type":"BusinessFunction","layer":"business"},{"id":"id-dbec8042028f4af18922565daf8d7279","name":"Enterprise Architecture","type":"BusinessFunction","layer":"business"},{"id":"id-68905e91713746bf8da8d62bead083af","name":"Information Management","type":"BusinessFunction","layer":"business"},{"id":"id-3e98083d6b864f3c8e8d6aae5f5ed5a1","name":"Information Security","type":"BusinessFunction","layer":"business"},{"id":"id-3caaf662350344e1a1ab3fb2a6b47b4e","name":"IT Operations","type":"BusinessFunction","layer":"business"},{"id":"id-de072d3eb8b44533a4f700835c5a66ec","name":"Portfolio and Performance Management","type":"BusinessFunction","layer":"business"},{"id":"id-06b9904e83434209958cbb800d26ef0c","name":"Transformation","type":"BusinessFunction","layer":"business"},{"id":"id-a6801012fb8c488cace20c07413434ab","name":"Analytics","type":"BusinessFunction","layer":"business"},{"id":"id-0c95bd99073a4295897e6ae7377de1ed","name":"Debt Management","type":"BusinessFunction","layer":"business"},{"id":"id-eabebaa0727944a69d92e963672c5f27","name":"Finance Hub","type":"BusinessFunction","layer":"business"},{"id":"id-fbb6e764f98a4a6b8cc3f98e8fdbee6a","name":"Payroll","type":"BusinessFunction","layer":"business"},{"id":"id-433a33f0384a4d33847aae3520dfdafc","name":"Pension Fund Administration (PFA)","type":"BusinessFunction","layer":"business"},{"id":"id-b7f8c31c75b3435cb2ed677d20da20bd","name":"Reporting","type":"BusinessFunction","layer":"business"},{"id":"id-5921dd94452646ecba5ea2073722c311","name":"Standardized Processes","type":"BusinessFunction","layer":"business"},{"id":"id-8e6ff274edbc461e8605053d8b858a7e","name":"Transactional Services","type":"BusinessFunction","layer":"business"},{"id":"id-9e04d2b15e274bb1b36266e0ea357455","name":"Shared Services","type":"BusinessFunction","layer":"business"},{"id":"id-2347cf3c722c4f20a11c037cd1fff954","name":"Air Transport","type":"BusinessFunction","layer":"business"},{"id":"id-d91aa1491d0e4c57841643d82041491e","name":"Ground Transport","type":"BusinessFunction","layer":"business"},{"id":"id-ae70ff1c2fa1460a983eefac2f907346","name":"Other Transport","type":"BusinessFunction","layer":"business"},{"id":"id-416d7d22df8e45149fcdb8df7695f7ab","name":"Space Transport","type":"BusinessFunction","layer":"business"},{"id":"id-35b4a09862f843c191af513be23b59c9","name":"Transport","type":"BusinessFunction","layer":"business"},{"id":"id-ffece705cec148a0a9b2d8acee55bf7c","name":"Water Transport","type":"BusinessFunction","layer":"business"},{"id":"id-6becec0d343f44afa7d8c07b99885727","name":"Car Parks","type":"BusinessFunction","layer":"business"},{"id":"id-aaf20e22ff3b4a878249f97ab99a6ab4","name":"Operations","type":"BusinessFunction","layer":"business"},{"id":"id-d41e51067d1348e288dfda5dba5ffaf7","name":"Parks and Trees","type":"BusinessFunction","layer":"business"},{"id":"id-4cff2708f18c486b82bf026c0c7ba584","name":"Property Maintenance","type":"BusinessFunction","layer":"business"},{"id":"id-27e6a8f8f21943a1965d152b420b586e","name":"Street Maintenance and Highways","type":"BusinessFunction","layer":"business"},{"id":"id-b87eb646c7f04da2a58f01a0c9d2b6a6","name":"Waste Management","type":"BusinessFunction","layer":"business"},{"id":"id-e04f72e339784a0e91bdd687216b0706","name":"Transport and Operations","type":"BusinessFunction","layer":"business"},{"id":"id-aa4cad694d3045e2834fe62c0b7f16f1","name":"Central Administrative Action","type":"BusinessFunction","layer":"business"},{"id":"id-614d528ff1ae4ef6a9edbed266941451","name":"Central Legislative Action","type":"BusinessFunction","layer":"business"},{"id":"id-f89ab970dab04a109a1754a42b1b7e4f","name":"Central Action","type":"BusinessFunction","layer":"business"},{"id":"id-3fd678ba3ac843ee95d9da59f654318a","name":"State Action","type":"BusinessFunction","layer":"business"},{"id":"id-97868f1237d44b169bab873207525c0b","name":"Central Government","type":"Grouping","layer":"other"},{"id":"id-b05fd0da2f12425aa6aa6e4b0320cf96","name":"Central Parliament","type":"Grouping","layer":"other"}],"relationships":[{"id":"id-b31a14a5fd2c440d8f2a9bd63122e224","sourceId":"id-f89ab970dab04a109a1754a42b1b7e4f","targetId":"id-614d528ff1ae4ef6a9edbed266941451","type":"CompositionRelationship"},{"id":"id-43f6ca660a1b4ab998d83b669570461a","sourceId":"id-f89ab970dab04a109a1754a42b1b7e4f","targetId":"id-aa4cad694d3045e2834fe62c0b7f16f1","type":"CompositionRelationship"},{"id":"id-b9dd3deebb3b4f769f2cbc609d9d9a1d","sourceId":"id-3fd678ba3ac843ee95d9da59f654318a","targetId":"id-f89ab970dab04a109a1754a42b1b7e4f","type":"CompositionRelationship"},{"id":"id-e48ce4ce9f1a458c925e11091b6c7102","sourceId":"id-97868f1237d44b169bab873207525c0b","targetId":"id-a3839a5e78a64086a3bca05fcbc7650d","type":"AggregationRelationship"},{"id":"id-3cf1c4dc7f0946aba4eb74d652cdd704","sourceId":"id-97868f1237d44b169bab873207525c0b","targetId":"id-150ad894fdf84223acfd26d359d8c6c0","type":"AggregationRelationship"},{"id":"id-4720831dd4884e9b9f2a272ce3e1012a","sourceId":"id-a3839a5e78a64086a3bca05fcbc7650d","targetId":"id-150ad894fdf84223acfd26d359d8c6c0","type":"AssignmentRelationship"},{"id":"id-50270b77f43b45e4b6b9fe41be4f225b","sourceId":"id-b05fd0da2f12425aa6aa6e4b0320cf96","targetId":"id-87d5c024e52e4193834ab816bfd4b757","type":"AggregationRelationship"},{"id":"id-77ed600116a940f6b7e2cf34c072d3f0","sourceId":"id-b05fd0da2f12425aa6aa6e4b0320cf96","targetId":"id-19c9b7e9d7fa4c0e9ba62545aff70ed8","type":"AggregationRelationship"},{"id":"id-b93d55344c2e48cda59d102f15fd5de6","sourceId":"id-87d5c024e52e4193834ab816bfd4b757","targetId":"id-19c9b7e9d7fa4c0e9ba62545aff70ed8","type":"AssignmentRelationship"},{"id":"id-d0e998c0545740adbf4752389644cf33","sourceId":"id-aa4cad694d3045e2834fe62c0b7f16f1","targetId":"id-778d482a5ae84baca4d9d63d2c0a0b68","type":"CompositionRelationship"},{"id":"id-42b9b364c31147a99a25af26b8e9a393","sourceId":"id-aa4cad694d3045e2834fe62c0b7f16f1","targetId":"id-e1e01a9b31cd41a581160b775e8c6886","type":"RealizationRelationship"},{"id":"id-d6864b55eedc4ee08af0353e73e8645f","sourceId":"id-8b92a6e148604781be43b80fed2bb1ff","targetId":"id-e1e01a9b31cd41a581160b775e8c6886","type":"AggregationRelationship"},{"id":"id-98edd172429a434699da2621ccc759d6","sourceId":"id-614d528ff1ae4ef6a9edbed266941451","targetId":"id-01ada7901b6a4f3588593291172ffd82","type":"AggregationRelationship"},{"id":"id-f1331ae6e5bd4e7484d99dc487d16d25","sourceId":"id-614d528ff1ae4ef6a9edbed266941451","targetId":"id-3320f5f1846546fbb9f68e2b4f8e01b2","type":"AggregationRelationship"},{"id":"id-8beb24e6e9714550864e4bc82363fad1","sourceId":"id-01ada7901b6a4f3588593291172ffd82","targetId":"id-31a5077acc164474ad05d2a87c3d21b3","type":"CompositionRelationship"},{"id":"id-7e20ddb322434135a168ea198c599eac","sourceId":"id-01ada7901b6a4f3588593291172ffd82","targetId":"id-c9747cc84627452194143d2307af6be1","type":"CompositionRelationship"},{"id":"id-b74b4eb3932a4a51a1a3c8be0c6a32b8","sourceId":"id-3320f5f1846546fbb9f68e2b4f8e01b2","targetId":"id-687a430304af4959908453ac8768cf48","type":"CompositionRelationship"},{"id":"id-ed73487797664774a7ea73ffe38df844","sourceId":"id-3320f5f1846546fbb9f68e2b4f8e01b2","targetId":"id-edfa9aa2bebd4eadb8b8dcb9dafe6db5","type":"CompositionRelationship"},{"id":"id-43bbcdf2088e402e9fbcbc44dcce95e8","sourceId":"id-150ad894fdf84223acfd26d359d8c6c0","targetId":"id-01ada7901b6a4f3588593291172ffd82","type":"AssignmentRelationship"},{"id":"id-142ec2a863384474b7c233fede6ceda9","sourceId":"id-19c9b7e9d7fa4c0e9ba62545aff70ed8","targetId":"id-3320f5f1846546fbb9f68e2b4f8e01b2","type":"AssignmentRelationship"},{"id":"id-a6ad65401ef140baa8f7458f627a2282","sourceId":"id-150ad894fdf84223acfd26d359d8c6c0","targetId":"id-aa4cad694d3045e2834fe62c0b7f16f1","type":"AssignmentRelationship"},{"id":"id-7c48a5b2cb7049f6b7801acb33a0f77a","sourceId":"id-aa4cad694d3045e2834fe62c0b7f16f1","targetId":"id-07d408add2044197a01b6e18ab02e063","type":"CompositionRelationship"},{"id":"id-e4ad8d8a73f442489928b86914fa4030","sourceId":"id-aa4cad694d3045e2834fe62c0b7f16f1","targetId":"id-af6cc54100534bfcb62697f70be003c6","type":"CompositionRelationship"},{"id":"id-8d36c4b9c30f48a49bba563ffd4ba483","sourceId":"id-aa4cad694d3045e2834fe62c0b7f16f1","targetId":"id-444d5230431a46dc86b59053b1f65027","type":"CompositionRelationship"},{"id":"id-e778679e8516489ea9ef589ea51f5a01","sourceId":"id-aa4cad694d3045e2834fe62c0b7f16f1","targetId":"id-c6e7160ff94e416caa483dfb18f3d465","type":"CompositionRelationship"},{"id":"id-fd5b9a28ca6146e3bfa20f37b0406bfa","sourceId":"id-aa4cad694d3045e2834fe62c0b7f16f1","targetId":"id-5a0b29d6c09c40d99fa8d9999df552d5","type":"CompositionRelationship"},{"id":"id-8ae5152e6adb4c959068e268159d9070","sourceId":"id-aa4cad694d3045e2834fe62c0b7f16f1","targetId":"id-0e8402db124a4fbeadef7c2950c1640b","type":"CompositionRelationship"},{"id":"id-d0a47375880a4d728da32c6f0973f7e4","sourceId":"id-aa4cad694d3045e2834fe62c0b7f16f1","targetId":"id-5a06762ed7b148a18cd7ef027d35d356","type":"CompositionRelationship"},{"id":"id-ce1b589a6da1486a89d526e996a503a2","sourceId":"id-aa4cad694d3045e2834fe62c0b7f16f1","targetId":"id-1da0d302c0f94c43a562ad9dea98034e","type":"CompositionRelationship"},{"id":"id-7097b90704a945798ddfbb671c82d7fb","sourceId":"id-aa4cad694d3045e2834fe62c0b7f16f1","targetId":"id-9e04d2b15e274bb1b36266e0ea357455","type":"CompositionRelationship"},{"id":"id-4d27a2c6d5b441779685231d2bce10f3","sourceId":"id-aa4cad694d3045e2834fe62c0b7f16f1","targetId":"id-e04f72e339784a0e91bdd687216b0706","type":"CompositionRelationship"},{"id":"id-73d9e0a120a7424aaeb168cb73270b6b","sourceId":"id-778d482a5ae84baca4d9d63d2c0a0b68","targetId":"id-175a270c4c354c9e91d002a9398addd0","type":"CompositionRelationship"},{"id":"id-60a212d0d1df473cb6b51f490936f30f","sourceId":"id-778d482a5ae84baca4d9d63d2c0a0b68","targetId":"id-50e6f386ee334165bd4bcf327db29d6c","type":"CompositionRelationship"},{"id":"id-44dcb96e2f3e4d1ea35c350d4204ddf1","sourceId":"id-175a270c4c354c9e91d002a9398addd0","targetId":"id-b6d2753049f040eaafbc2b2e5c2de110","type":"CompositionRelationship"},{"id":"id-99cb6ab12d1e44a4807486ce213965ae","sourceId":"id-175a270c4c354c9e91d002a9398addd0","targetId":"id-81d36366140246e2816684d7b155e708","type":"CompositionRelationship"},{"id":"id-e8aeaba3e8684ad29854ee25abd9dfe2","sourceId":"id-50e6f386ee334165bd4bcf327db29d6c","targetId":"id-cf0ed14235dc4a4dba41f734da56071f","type":"CompositionRelationship"},{"id":"id-44c4acea2f95460fa3eaa71e5171ff5c","sourceId":"id-50e6f386ee334165bd4bcf327db29d6c","targetId":"id-a1c51791bce04600981326413d7aba38","type":"CompositionRelationship"},{"id":"id-1d4ef5080c5f4b70834a496fec690aa1","sourceId":"id-50e6f386ee334165bd4bcf327db29d6c","targetId":"id-4573e66414d34323b457f8cfbcce198c","type":"CompositionRelationship"},{"id":"id-9b00ff97b86d4c9183f0186913d5bf85","sourceId":"id-778d482a5ae84baca4d9d63d2c0a0b68","targetId":"id-9466f30453044b3ca48e1216ac67b501","type":"CompositionRelationship"},{"id":"id-b9e2db22a71a490c9709b88fdf53116f","sourceId":"id-9466f30453044b3ca48e1216ac67b501","targetId":"id-8a26d56d370142f5b8ca4f024cf13863","type":"CompositionRelationship"},{"id":"id-9b623d85b6094d39b7c239fbd5e2e2a5","sourceId":"id-9466f30453044b3ca48e1216ac67b501","targetId":"id-957b08b3a93d473dbbde8ffbfc65f25b","type":"CompositionRelationship"},{"id":"id-576bf98739f64dc1b8b0746cd12754bd","sourceId":"id-07d408add2044197a01b6e18ab02e063","targetId":"id-70b16bb9fe324ebeb2e1ef684612acb2","type":"CompositionRelationship"},{"id":"id-058707beab9a4e8680ead7e53e1b026f","sourceId":"id-70b16bb9fe324ebeb2e1ef684612acb2","targetId":"id-41a7a291ca834630b23846e63845fd82","type":"CompositionRelationship"},{"id":"id-2a202367bcc8448980ea008547fc084a","sourceId":"id-70b16bb9fe324ebeb2e1ef684612acb2","targetId":"id-502fe58e81494447a94f0f7bff8e98bf","type":"CompositionRelationship"},{"id":"id-df3914fb41db42dd85a5354255718d35","sourceId":"id-70b16bb9fe324ebeb2e1ef684612acb2","targetId":"id-89387b7b88564972ab721865ba05ca69","type":"CompositionRelationship"},{"id":"id-862d74f134af40ca90d98cdb100ef2e8","sourceId":"id-07d408add2044197a01b6e18ab02e063","targetId":"id-2b7a8ae6af0941b58788d598cac782cb","type":"CompositionRelationship"},{"id":"id-2373683782714ab28eaf706ef8bf94d6","sourceId":"id-2b7a8ae6af0941b58788d598cac782cb","targetId":"id-c749a3cc49c64a79b4c3a40f50f5b28e","type":"CompositionRelationship"},{"id":"id-7ca5d5bd18c343a4a9e2b3de8ff4bc0f","sourceId":"id-2b7a8ae6af0941b58788d598cac782cb","targetId":"id-0e1b3c8a48754257ad2114439c366f00","type":"CompositionRelationship"},{"id":"id-f555c241804c4c0e97d903789d840cba","sourceId":"id-2b7a8ae6af0941b58788d598cac782cb","targetId":"id-718f74b84c05465c8815f4284029f7cc","type":"CompositionRelationship"},{"id":"id-071d56bc0f414f7abeb0338449361acb","sourceId":"id-2b7a8ae6af0941b58788d598cac782cb","targetId":"id-f090210e481f4a2db2d1fb669e8cf6e8","type":"CompositionRelationship"},{"id":"id-03d6a206632645399f3af94985dea4e7","sourceId":"id-07d408add2044197a01b6e18ab02e063","targetId":"id-98f6162b3ca7494da416a2df44b09398","type":"CompositionRelationship"},{"id":"id-73f568e1bcad42dba8e17a38905eb6e4","sourceId":"id-98f6162b3ca7494da416a2df44b09398","targetId":"id-00c86d0e044f4965b652d84854f735bd","type":"CompositionRelationship"},{"id":"id-a9ba1f0aebb6481a9bd08c02f41d164f","sourceId":"id-98f6162b3ca7494da416a2df44b09398","targetId":"id-04d990f9224d4dc7899d0b29c0691048","type":"CompositionRelationship"},{"id":"id-e31ce16ec78949e19d077a9f0cbdb031","sourceId":"id-98f6162b3ca7494da416a2df44b09398","targetId":"id-6e99887d42ad45c7b29dbac85ce98c7a","type":"CompositionRelationship"},{"id":"id-0285f83ca0d24b6eb60e65776d67a558","sourceId":"id-98f6162b3ca7494da416a2df44b09398","targetId":"id-0a78ee505e0b49d594c6dedbb6afab6d","type":"CompositionRelationship"},{"id":"id-73def14256304c8986f9cc8909266785","sourceId":"id-af6cc54100534bfcb62697f70be003c6","targetId":"id-766fb8228f4f46c483af99776237d37a","type":"CompositionRelationship"},{"id":"id-957abd80330a44fb9656ec303beef4e4","sourceId":"id-766fb8228f4f46c483af99776237d37a","targetId":"id-40eddfc5c9464b06afa1f48e61513582","type":"CompositionRelationship"},{"id":"id-2f6af72525a84d2299ba928666b957b1","sourceId":"id-766fb8228f4f46c483af99776237d37a","targetId":"id-23cef958778a476b986aa9c84577b765","type":"CompositionRelationship"},{"id":"id-25df620517c44018bd9e8654360e1f2c","sourceId":"id-766fb8228f4f46c483af99776237d37a","targetId":"id-5c69b9699be3471989b88526164cc088","type":"CompositionRelationship"},{"id":"id-1d7917267c434b1db66f9f412fb4b634","sourceId":"id-766fb8228f4f46c483af99776237d37a","targetId":"id-030360edf0f04f9e929066e7e5d7eff7","type":"CompositionRelationship"},{"id":"id-27c1b1393a71408ea71f34688857f915","sourceId":"id-766fb8228f4f46c483af99776237d37a","targetId":"id-d252b968c1374e389c3d5b8d3f1de1ac","type":"CompositionRelationship"},{"id":"id-c3a21cac816f45cbbd5b99d1415e79de","sourceId":"id-766fb8228f4f46c483af99776237d37a","targetId":"id-0e4617d1ba774234a6fbe31aafd57b6a","type":"CompositionRelationship"},{"id":"id-e4263b66b0c64454b3d2579a43a03e55","sourceId":"id-766fb8228f4f46c483af99776237d37a","targetId":"id-5c5660f70d1f44ddb982ed060c640b0b","type":"CompositionRelationship"},{"id":"id-97ddd6e838d941a58003e8703cecb109","sourceId":"id-766fb8228f4f46c483af99776237d37a","targetId":"id-a33320454c67473eb574ddeef95d5729","type":"CompositionRelationship"},{"id":"id-d892848f18ce41b1b6e9da6b8556438f","sourceId":"id-766fb8228f4f46c483af99776237d37a","targetId":"id-d74c12bbe9b34da08367ab5e79e3d0dd","type":"CompositionRelationship"},{"id":"id-28fd9be5b5b042cea4329e70ae2e408b","sourceId":"id-766fb8228f4f46c483af99776237d37a","targetId":"id-9d49fbae4ebb4712acb6194f99569610","type":"CompositionRelationship"},{"id":"id-477bb868e3314527abbec2bf93a1100e","sourceId":"id-766fb8228f4f46c483af99776237d37a","targetId":"id-3597c35e6c674c0db6d185d0dc7bb5fa","type":"CompositionRelationship"},{"id":"id-496c92faa51e4f48b638af6c6f46b408","sourceId":"id-766fb8228f4f46c483af99776237d37a","targetId":"id-00a151a3d8f54d3aac043b2b18295d0c","type":"CompositionRelationship"},{"id":"id-a5310d385ae64c6baa6e05294155efb8","sourceId":"id-766fb8228f4f46c483af99776237d37a","targetId":"id-51f24a98199d4d37abbae01306e7aaba","type":"CompositionRelationship"},{"id":"id-5b4f633885a243289cf8c557f4ba2b09","sourceId":"id-af6cc54100534bfcb62697f70be003c6","targetId":"id-7df99939649f4f6eb8baf1cd2e56eaa5","type":"CompositionRelationship"},{"id":"id-dd518c3edf9b4d2aa9b6ea51cd62a0bf","sourceId":"id-7df99939649f4f6eb8baf1cd2e56eaa5","targetId":"id-6ddb4a2c81f149f7b5dc07733d439d2d","type":"CompositionRelationship"},{"id":"id-efeaf542bc63408688a01c763b4adbf4","sourceId":"id-7df99939649f4f6eb8baf1cd2e56eaa5","targetId":"id-fc0e0c6babc24345985f44745a6e343d","type":"CompositionRelationship"},{"id":"id-36203984871845f3bdb43d699f45552a","sourceId":"id-7df99939649f4f6eb8baf1cd2e56eaa5","targetId":"id-f13096eed29146398d804e6b0395aa46","type":"CompositionRelationship"},{"id":"id-280813a078fd454e8a39765fd757aa7e","sourceId":"id-7df99939649f4f6eb8baf1cd2e56eaa5","targetId":"id-1c2c6c59685740d584224b097e6345cd","type":"CompositionRelationship"},{"id":"id-0abcd444f2764b02a44fd69ce0743026","sourceId":"id-7df99939649f4f6eb8baf1cd2e56eaa5","targetId":"id-2b81616eff7d462a84e0201a0e8c6143","type":"CompositionRelationship"},{"id":"id-e598e263b48a49d1be3c173898d76493","sourceId":"id-7df99939649f4f6eb8baf1cd2e56eaa5","targetId":"id-2ced55eb4b7c47e2b65351825594e050","type":"CompositionRelationship"},{"id":"id-f240b8029d2f40dabdfb2ac83e161cc1","sourceId":"id-7df99939649f4f6eb8baf1cd2e56eaa5","targetId":"id-b640730473bc4098903a58633de9b593","type":"CompositionRelationship"},{"id":"id-b091e3c74161415e98620bf989543207","sourceId":"id-af6cc54100534bfcb62697f70be003c6","targetId":"id-3655ad0c6ee340f7952b68f1b0020494","type":"CompositionRelationship"},{"id":"id-a899e3399a83440a88f084f02a697bc7","sourceId":"id-3655ad0c6ee340f7952b68f1b0020494","targetId":"id-784ad98b13d24d3d8bd8f4ea5d40baef","type":"CompositionRelationship"},{"id":"id-d3bb5972e1e24483ac2ee9128eea109f","sourceId":"id-3655ad0c6ee340f7952b68f1b0020494","targetId":"id-e8d616cfb164499195a9cf1d8dc9032f","type":"CompositionRelationship"},{"id":"id-16f83caff21242e2a22ecf23ff26aaae","sourceId":"id-3655ad0c6ee340f7952b68f1b0020494","targetId":"id-7f1eeb89f4654dd58aeaec83e439ff83","type":"CompositionRelationship"},{"id":"id-a513f5f8bdec45db949daae63cdec6b8","sourceId":"id-3655ad0c6ee340f7952b68f1b0020494","targetId":"id-79bfe6f4109c43a0806f0591c7bed9cc","type":"CompositionRelationship"},{"id":"id-d679444e03ff43e29644854c73acebbb","sourceId":"id-3655ad0c6ee340f7952b68f1b0020494","targetId":"id-f9f38c979f1846809a0e2a1285b3973b","type":"CompositionRelationship"},{"id":"id-576c5d7f36e542a7a7933ef6d76d5690","sourceId":"id-3655ad0c6ee340f7952b68f1b0020494","targetId":"id-aad13347666740c18ced2f2ef9e8cb5e","type":"CompositionRelationship"},{"id":"id-476d6e348f3b46d6a349afa38d7ad780","sourceId":"id-444d5230431a46dc86b59053b1f65027","targetId":"id-825a1c274b544e50aed468d3ea838ff8","type":"CompositionRelationship"},{"id":"id-938d34ecc735498f9cc15c4804673ef9","sourceId":"id-825a1c274b544e50aed468d3ea838ff8","targetId":"id-5046cda9dd6f4251ba5de700723f8a93","type":"CompositionRelationship"},{"id":"id-f7a32cc87a974a9786aaf72a1282339e","sourceId":"id-825a1c274b544e50aed468d3ea838ff8","targetId":"id-b07fd51e152647aeb7c750e4a31937c1","type":"CompositionRelationship"},{"id":"id-a7b138d91996425e8da7ca0d8a43b9d3","sourceId":"id-825a1c274b544e50aed468d3ea838ff8","targetId":"id-5ed61b05e58841ccb107cf1809ad19bd","type":"CompositionRelationship"},{"id":"id-f3d6ba7e25384fb5b50341fe26579ee8","sourceId":"id-825a1c274b544e50aed468d3ea838ff8","targetId":"id-8cf14b697465402485604820b21120db","type":"CompositionRelationship"},{"id":"id-a623d9c4c8a54e8e9c26d924df24615e","sourceId":"id-825a1c274b544e50aed468d3ea838ff8","targetId":"id-d7ce463538bc4d86b6465127e3b83cd2","type":"CompositionRelationship"},{"id":"id-5ec308647b134d29b25a4a7dd55a1a7c","sourceId":"id-825a1c274b544e50aed468d3ea838ff8","targetId":"id-e85c47f346f84eb890c4bdfa348e0e08","type":"CompositionRelationship"},{"id":"id-457def9a55374e1d8df404b467ba997d","sourceId":"id-444d5230431a46dc86b59053b1f65027","targetId":"id-0b6de86aa9044ece815142b4734f7d0b","type":"CompositionRelationship"},{"id":"id-b2c2cde1953a46f8b4edb3874f8be29e","sourceId":"id-0b6de86aa9044ece815142b4734f7d0b","targetId":"id-8790bff584b54254a814ff67ae6e42be","type":"CompositionRelationship"},{"id":"id-8fd9a244e3ae4f95acaaf75b98bd87cb","sourceId":"id-0b6de86aa9044ece815142b4734f7d0b","targetId":"id-9ffd4ea8d1504f4691b136ac194c580b","type":"CompositionRelationship"},{"id":"id-854fadf300334239964750482bc1c3c3","sourceId":"id-0b6de86aa9044ece815142b4734f7d0b","targetId":"id-68dead733f6b4edfafcbbd3de86e496a","type":"CompositionRelationship"},{"id":"id-35b5cb5bf17246cf8c31cf5730eaaf87","sourceId":"id-0b6de86aa9044ece815142b4734f7d0b","targetId":"id-9c0c16355e6445dd995b9f6f8ffeac5a","type":"CompositionRelationship"},{"id":"id-7bc6c29800604f01b8024d539c5b1a3d","sourceId":"id-0b6de86aa9044ece815142b4734f7d0b","targetId":"id-151ef7c415af4ae3ad4e05005e95fb18","type":"CompositionRelationship"},{"id":"id-8151e827acb84bc1b775478853b92cd3","sourceId":"id-444d5230431a46dc86b59053b1f65027","targetId":"id-10929596dc7b48179e0138918b949740","type":"CompositionRelationship"},{"id":"id-0f99c44fe0b7446c9821bf2e607da06a","sourceId":"id-10929596dc7b48179e0138918b949740","targetId":"id-e10be7ff57ef426da874ef5ece450863","type":"CompositionRelationship"},{"id":"id-07398d9d38d6452881ee23fe5ab5774d","sourceId":"id-10929596dc7b48179e0138918b949740","targetId":"id-e07e89231dea462eb7202d43544608b8","type":"CompositionRelationship"},{"id":"id-0796c98b39934cb7873ff4f125a24509","sourceId":"id-10929596dc7b48179e0138918b949740","targetId":"id-703befae908f4643b93363965d7807dc","type":"CompositionRelationship"},{"id":"id-1993bad911f44fc0ae7c92fc76491b75","sourceId":"id-c6e7160ff94e416caa483dfb18f3d465","targetId":"id-fd1b9ac67e5d4d79bbfccfc980a426f0","type":"CompositionRelationship"},{"id":"id-a2d91c25c24e4b38be51d248396ec672","sourceId":"id-fd1b9ac67e5d4d79bbfccfc980a426f0","targetId":"id-b7cd200e54544b2284d0900687cc093e","type":"CompositionRelationship"},{"id":"id-b9ec148087354f8c8eb55c013b0fd966","sourceId":"id-fd1b9ac67e5d4d79bbfccfc980a426f0","targetId":"id-79d3515e023b414c94dfff2021ddb2b8","type":"CompositionRelationship"},{"id":"id-f0b196fe973d4cd193dfd3f5ac73a610","sourceId":"id-fd1b9ac67e5d4d79bbfccfc980a426f0","targetId":"id-91f3527e099f43ad9aa9488ae4447b9a","type":"CompositionRelationship"},{"id":"id-c1125227f28b4a13a2a27eefdb74f635","sourceId":"id-fd1b9ac67e5d4d79bbfccfc980a426f0","targetId":"id-d1025149b3e84fc7902a4a4780efeffa","type":"CompositionRelationship"},{"id":"id-f1b4d624913d4b7f83f717b55033f779","sourceId":"id-fd1b9ac67e5d4d79bbfccfc980a426f0","targetId":"id-effcd83167b946ff8f80fa9ada002fb3","type":"CompositionRelationship"},{"id":"id-99031991a81048f8b515e1416b5cc463","sourceId":"id-fd1b9ac67e5d4d79bbfccfc980a426f0","targetId":"id-5bc3d93489c348f7a3e4820712d3bb16","type":"CompositionRelationship"},{"id":"id-cd16142409cf4f0691967ab071a7d4e5","sourceId":"id-fd1b9ac67e5d4d79bbfccfc980a426f0","targetId":"id-94cc4b71d4e84e71bd1cb167e27d3273","type":"CompositionRelationship"},{"id":"id-53ee82c8779f4016a4764afe85b11397","sourceId":"id-fd1b9ac67e5d4d79bbfccfc980a426f0","targetId":"id-1e54be61e5b349cc8fa7c4b472635258","type":"CompositionRelationship"},{"id":"id-d5a04a89dd344b59b304679d606da601","sourceId":"id-fd1b9ac67e5d4d79bbfccfc980a426f0","targetId":"id-2efe471eff454c598e85d9e4cd875b7c","type":"CompositionRelationship"},{"id":"id-35d53e1d8ff84d1aa5d138b5d50bc91c","sourceId":"id-fd1b9ac67e5d4d79bbfccfc980a426f0","targetId":"id-dcdba8300bbe4f4197cb9cc48a3d5d0c","type":"CompositionRelationship"},{"id":"id-cce8dc1c0d3a4d00b5f7c18972c8dfe2","sourceId":"id-fd1b9ac67e5d4d79bbfccfc980a426f0","targetId":"id-cdf33f48ffd54b9582e11221aa7a23d8","type":"CompositionRelationship"},{"id":"id-4dd123c6d54d4c62a93cc5d106b53bfa","sourceId":"id-fd1b9ac67e5d4d79bbfccfc980a426f0","targetId":"id-9b6eae5798ce4d33b6474381e2af97b9","type":"CompositionRelationship"},{"id":"id-757093a292164cc9a6e69e5bcca9ab12","sourceId":"id-c6e7160ff94e416caa483dfb18f3d465","targetId":"id-4fb71d0774714b908145e5edb0cbbff4","type":"CompositionRelationship"},{"id":"id-a1959be9b2b743c9b3feef49de8f2d14","sourceId":"id-4fb71d0774714b908145e5edb0cbbff4","targetId":"id-a8d99b0053574ef9b6f36ed959d51d04","type":"CompositionRelationship"},{"id":"id-53b65dfcd7804e04859b084987dabf09","sourceId":"id-4fb71d0774714b908145e5edb0cbbff4","targetId":"id-436cad76328f499ca34692ccbffc408a","type":"CompositionRelationship"},{"id":"id-74b093cea70c4d7fadfe8c91b0a7a486","sourceId":"id-4fb71d0774714b908145e5edb0cbbff4","targetId":"id-a3dd5caaff3a4749954eccec0055d4f9","type":"CompositionRelationship"},{"id":"id-2d4d7800b479482ca68c5f884087009c","sourceId":"id-4fb71d0774714b908145e5edb0cbbff4","targetId":"id-b9dcab51480f4f9ca413057a299f8a49","type":"CompositionRelationship"},{"id":"id-cf7f2f321cff42a7a91fd0b51640f765","sourceId":"id-4fb71d0774714b908145e5edb0cbbff4","targetId":"id-7acc1272349c4fb49d5dfe3ff665ebf7","type":"CompositionRelationship"},{"id":"id-617c9d25f8d442b183822f7a48707828","sourceId":"id-4fb71d0774714b908145e5edb0cbbff4","targetId":"id-5a62c64c478445f6b826f9ef9168af74","type":"CompositionRelationship"},{"id":"id-c2dc7c8121cd4039a4748b9b32f4f3b5","sourceId":"id-4fb71d0774714b908145e5edb0cbbff4","targetId":"id-080c337791e04a0fa73511f51cc7e156","type":"CompositionRelationship"},{"id":"id-14f391a6ee17476b9161aee3ada7ea0f","sourceId":"id-c6e7160ff94e416caa483dfb18f3d465","targetId":"id-7ef778d2d64c40199651839cb4d3866e","type":"CompositionRelationship"},{"id":"id-94222207f7a34b8ba69d95e698a5ed5f","sourceId":"id-7ef778d2d64c40199651839cb4d3866e","targetId":"id-e7dc793ff1434fc59d4c13d9cc6222df","type":"CompositionRelationship"},{"id":"id-f513b3cfdc054869a59f7656374bbc08","sourceId":"id-7ef778d2d64c40199651839cb4d3866e","targetId":"id-6b2da145fdeb431ea152b97ab219a7fb","type":"CompositionRelationship"},{"id":"id-15c44d0cba4d44ea8e74853c17e8a450","sourceId":"id-7ef778d2d64c40199651839cb4d3866e","targetId":"id-6d2afed7d1a54505998d57115b4a35d4","type":"CompositionRelationship"},{"id":"id-a951a568b45246caa07bb479bc8f6777","sourceId":"id-5a0b29d6c09c40d99fa8d9999df552d5","targetId":"id-94f3f97890b840748086ee5955a5e267","type":"CompositionRelationship"},{"id":"id-ec09eb5956aa4debb6eb8e3078808404","sourceId":"id-94f3f97890b840748086ee5955a5e267","targetId":"id-615d344d794c492aaf9d9c585d4d3b33","type":"CompositionRelationship"},{"id":"id-85330e5a9c4b4bf7a032d272dbda9430","sourceId":"id-94f3f97890b840748086ee5955a5e267","targetId":"id-17a0090d4a24482aa3d7112603ec174c","type":"CompositionRelationship"},{"id":"id-e9b52f28f3af41f0a71906ba1e68e814","sourceId":"id-94f3f97890b840748086ee5955a5e267","targetId":"id-47dd3e94f42b4c668315e31babc6b7be","type":"CompositionRelationship"},{"id":"id-e1ba7e8e2a544083bc1509205d9d2cef","sourceId":"id-94f3f97890b840748086ee5955a5e267","targetId":"id-f4065debd1af4d9594da0f33a686de56","type":"CompositionRelationship"},{"id":"id-60a9c589449446f7ace8e14b35fe456d","sourceId":"id-94f3f97890b840748086ee5955a5e267","targetId":"id-63f290b26fd24779867047c5953958f9","type":"CompositionRelationship"},{"id":"id-10024f48dba84bb88ddcc9d0420d8710","sourceId":"id-94f3f97890b840748086ee5955a5e267","targetId":"id-9744cb51c40e4062b8b85c38160945e4","type":"CompositionRelationship"},{"id":"id-96bd84136a1541638eb27a63eb48c8d2","sourceId":"id-5a0b29d6c09c40d99fa8d9999df552d5","targetId":"id-893465980aa04844b2f6dfa1eec4bc2d","type":"CompositionRelationship"},{"id":"id-65ddccfaa72b4f51a9eb618ab9d8efae","sourceId":"id-893465980aa04844b2f6dfa1eec4bc2d","targetId":"id-4b035398a347443095017cea34bc1765","type":"CompositionRelationship"},{"id":"id-473e58cb6b1942d192940b0bf641895c","sourceId":"id-893465980aa04844b2f6dfa1eec4bc2d","targetId":"id-9ae76221592c4f339d7844d8bda41b99","type":"CompositionRelationship"},{"id":"id-a80fcee7c27f4f3da3e4d76d80816568","sourceId":"id-893465980aa04844b2f6dfa1eec4bc2d","targetId":"id-12bacfc5d860487181f549d269bb0cde","type":"CompositionRelationship"},{"id":"id-a50be6b1b3b4489b82484ebcd2afab80","sourceId":"id-893465980aa04844b2f6dfa1eec4bc2d","targetId":"id-d2855dc52cb6481ba074a4a80bbf7107","type":"CompositionRelationship"},{"id":"id-c7483efe6ea04e96b5cd33b5511eb255","sourceId":"id-893465980aa04844b2f6dfa1eec4bc2d","targetId":"id-b62d514eaf3645f1bcde91213c5756b5","type":"CompositionRelationship"},{"id":"id-e556655f061140aabf7c4f55e700c6ff","sourceId":"id-893465980aa04844b2f6dfa1eec4bc2d","targetId":"id-ad6a7fa976684c588b581f4878bd200a","type":"CompositionRelationship"},{"id":"id-16c9010e63e445a4912bd6441955fbb8","sourceId":"id-893465980aa04844b2f6dfa1eec4bc2d","targetId":"id-d031912487e64ee880c9497ad3680c7f","type":"CompositionRelationship"},{"id":"id-322e563485b14debad10052183b98510","sourceId":"id-0e8402db124a4fbeadef7c2950c1640b","targetId":"id-6556d172e96646eb980c93dc317f070a","type":"CompositionRelationship"},{"id":"id-20971d7b36d3450fb1aa3bd02194e4a8","sourceId":"id-6556d172e96646eb980c93dc317f070a","targetId":"id-62fe2dda94fa4a7fbd29a11ab6f62630","type":"CompositionRelationship"},{"id":"id-9b8c787ede6449808aa68995ca87cf59","sourceId":"id-6556d172e96646eb980c93dc317f070a","targetId":"id-fc25074be29a4832b7253b7b1890f4f1","type":"CompositionRelationship"},{"id":"id-c803608d5f57478a8e88ed2b61989edf","sourceId":"id-6556d172e96646eb980c93dc317f070a","targetId":"id-e70222fa61544433ac7b0ee4a7e242fc","type":"CompositionRelationship"},{"id":"id-8ba05f31444e4012aa2dc60e268fe8d5","sourceId":"id-6556d172e96646eb980c93dc317f070a","targetId":"id-a5886027636b4fcf9a088d05d6d291f0","type":"CompositionRelationship"},{"id":"id-5d61f780f0f242a5b2a2d899937eb6b1","sourceId":"id-0e8402db124a4fbeadef7c2950c1640b","targetId":"id-a76fc7de0762454eb78d919943da9b3d","type":"CompositionRelationship"},{"id":"id-29f711e10c804fea8d0db94b1ddda6b8","sourceId":"id-a76fc7de0762454eb78d919943da9b3d","targetId":"id-31d163c89d084af8a18a2e63e1fc11ce","type":"CompositionRelationship"},{"id":"id-07f505aad9d44c168b2862931efa13ed","sourceId":"id-a76fc7de0762454eb78d919943da9b3d","targetId":"id-dbe0795dc6d844ef9cabaac245fbff0e","type":"CompositionRelationship"},{"id":"id-d68c75647cb046e8af84ed85e248c6f8","sourceId":"id-a76fc7de0762454eb78d919943da9b3d","targetId":"id-967c7e4a33054904872a8a8b681a1d55","type":"CompositionRelationship"},{"id":"id-325db8eee68f44ff836e0021ed222e34","sourceId":"id-a76fc7de0762454eb78d919943da9b3d","targetId":"id-3b9096bca4684730b61134af71e104fa","type":"CompositionRelationship"},{"id":"id-c08eaf796cf2439fb6a8dc0348a77007","sourceId":"id-a76fc7de0762454eb78d919943da9b3d","targetId":"id-3105354943374788b9c8c125dfc9572a","type":"CompositionRelationship"},{"id":"id-5575b3cfa533453eb370ebbfe4536082","sourceId":"id-0e8402db124a4fbeadef7c2950c1640b","targetId":"id-1dd0304f3cc24483a39fb5c27fea4543","type":"CompositionRelationship"},{"id":"id-ec193d1d84d5415792735323c202c3b8","sourceId":"id-1dd0304f3cc24483a39fb5c27fea4543","targetId":"id-dfffc90614a9474593aa10afa31c265d","type":"CompositionRelationship"},{"id":"id-8237ace3871d46e68f99094039647275","sourceId":"id-1dd0304f3cc24483a39fb5c27fea4543","targetId":"id-1985597119994e81a4584cef7cba7862","type":"CompositionRelationship"},{"id":"id-02b87dd5364f401cbfb8b536a89c85e9","sourceId":"id-1dd0304f3cc24483a39fb5c27fea4543","targetId":"id-86ae4e2d5d3347a494a35e86a896bb41","type":"CompositionRelationship"},{"id":"id-9b4040d3f40c49ba927736fa9055719d","sourceId":"id-0e8402db124a4fbeadef7c2950c1640b","targetId":"id-48db1d78c02b4c6196d76fb2ae65f91c","type":"CompositionRelationship"},{"id":"id-df23a63b3b0a4c93a211eca12e2f554b","sourceId":"id-48db1d78c02b4c6196d76fb2ae65f91c","targetId":"id-fd17f4a83b9142bbab5244cf215dabd4","type":"CompositionRelationship"},{"id":"id-f683a4447f91424eb7f077eb74246306","sourceId":"id-48db1d78c02b4c6196d76fb2ae65f91c","targetId":"id-12a606821d564d428b28ae9fa00bc14e","type":"CompositionRelationship"},{"id":"id-c4b2c86aafb645448b2d8d8c13da6e90","sourceId":"id-48db1d78c02b4c6196d76fb2ae65f91c","targetId":"id-c8d6ad7ca29749c7b789591e30002416","type":"CompositionRelationship"},{"id":"id-eb7b59e4cf2145deb35faf50c7a15657","sourceId":"id-48db1d78c02b4c6196d76fb2ae65f91c","targetId":"id-427f1442b62e4da9aa1b220e9c71b6ce","type":"CompositionRelationship"},{"id":"id-8956106ac9134a38b54b5f5e9aac4070","sourceId":"id-0e8402db124a4fbeadef7c2950c1640b","targetId":"id-6598db642b7843ab92f1fc77cacfd841","type":"CompositionRelationship"},{"id":"id-2e117e5dc1eb43f2b7ac0629a669c323","sourceId":"id-6598db642b7843ab92f1fc77cacfd841","targetId":"id-1eb316c4abbd4945bcd3652264f7fd23","type":"CompositionRelationship"},{"id":"id-322b796c08f54b01a17aaf334452d65e","sourceId":"id-6598db642b7843ab92f1fc77cacfd841","targetId":"id-5b6623b3cadd4fe4b1a47690632f493c","type":"CompositionRelationship"},{"id":"id-ca8febaa35834ef7bd1f1683796725f8","sourceId":"id-6598db642b7843ab92f1fc77cacfd841","targetId":"id-e5e3cf01809e49ca840af120373a76b5","type":"CompositionRelationship"},{"id":"id-5d2a3a49c71d4267addfe8b1cc375c87","sourceId":"id-5a06762ed7b148a18cd7ef027d35d356","targetId":"id-c9382f30471841d7987142d1dbf4deba","type":"CompositionRelationship"},{"id":"id-1e849aec902c448da4c880cf33a35742","sourceId":"id-c9382f30471841d7987142d1dbf4deba","targetId":"id-4472bcb5a9db42539c117ebdac19169d","type":"CompositionRelationship"},{"id":"id-843cab99284d4ac798c25b4a5b0fb5ed","sourceId":"id-c9382f30471841d7987142d1dbf4deba","targetId":"id-7b7199ddc8324c9a9c7345f3aecd08ba","type":"CompositionRelationship"},{"id":"id-948a092009914f1588746d4591340048","sourceId":"id-c9382f30471841d7987142d1dbf4deba","targetId":"id-3f276b4d6f414d17801d02d65e344075","type":"CompositionRelationship"},{"id":"id-2b9ae5ddf79a47c0a228c95e1168c99b","sourceId":"id-c9382f30471841d7987142d1dbf4deba","targetId":"id-e951dae103664e4eb4d2164a5ead03ce","type":"CompositionRelationship"},{"id":"id-227b8d6efce64f3497265cce5a0c6c7f","sourceId":"id-c9382f30471841d7987142d1dbf4deba","targetId":"id-1bda77ab1e84456da03193f82f210bb2","type":"CompositionRelationship"},{"id":"id-6176287c8df44e2cafaa48e8a229c00e","sourceId":"id-c9382f30471841d7987142d1dbf4deba","targetId":"id-205aa7fae609466c9597ab5ca237b533","type":"CompositionRelationship"},{"id":"id-c78b2c8bc70b481592481b4aa718d1e2","sourceId":"id-c9382f30471841d7987142d1dbf4deba","targetId":"id-019edfa0f6c7412cac7dc7c69ba76f9b","type":"CompositionRelationship"},{"id":"id-1692343de20b46a4b657f85bfa1604d6","sourceId":"id-c9382f30471841d7987142d1dbf4deba","targetId":"id-d770dca7155840c48260a6389d33e0c9","type":"CompositionRelationship"},{"id":"id-2792e45d02bb4a20a5adb7a44445a264","sourceId":"id-c9382f30471841d7987142d1dbf4deba","targetId":"id-33b8597e6fda4c02948e66df7cd9ff1a","type":"CompositionRelationship"},{"id":"id-ed8f28e1e636491eaf9f6af2a6883012","sourceId":"id-c9382f30471841d7987142d1dbf4deba","targetId":"id-7997bdeea5074b8fb3e0712381474b3a","type":"CompositionRelationship"},{"id":"id-5281332b3667471a8616fa5566ff4463","sourceId":"id-c9382f30471841d7987142d1dbf4deba","targetId":"id-eb5069efbea24f8fb146c0d7a6b44fbb","type":"CompositionRelationship"},{"id":"id-d5e3667591f64a1b9021413c6f05c4e5","sourceId":"id-5a06762ed7b148a18cd7ef027d35d356","targetId":"id-abad815cd26f4a02a39fca08ed0152a0","type":"CompositionRelationship"},{"id":"id-bf7bb19a73ac48d1aacc6a8ab1e93a0d","sourceId":"id-abad815cd26f4a02a39fca08ed0152a0","targetId":"id-ad668bce11874e738b5e95e38ba83b30","type":"CompositionRelationship"},{"id":"id-15bf547c113049cf88d78944c843334d","sourceId":"id-abad815cd26f4a02a39fca08ed0152a0","targetId":"id-eb497a37d063473c8376d0a3d426e4b8","type":"CompositionRelationship"},{"id":"id-3e509fdf43ef49bdae177b6ddaf45b04","sourceId":"id-abad815cd26f4a02a39fca08ed0152a0","targetId":"id-1b14da9712b944b9902569917150168d","type":"CompositionRelationship"},{"id":"id-ea3817ea1b474b70bdade891c7c15696","sourceId":"id-abad815cd26f4a02a39fca08ed0152a0","targetId":"id-6512596872c54369b26b8d4d3de0c264","type":"CompositionRelationship"},{"id":"id-fe2b87eab25e4bfaaf38670c5cea62cf","sourceId":"id-abad815cd26f4a02a39fca08ed0152a0","targetId":"id-2c07de20cb084892be74a2905ef30386","type":"CompositionRelationship"},{"id":"id-9a4c5a6ff4774543a007172ea6de3f9a","sourceId":"id-5a06762ed7b148a18cd7ef027d35d356","targetId":"id-288d23596a3e4662bc386bff7a9493a5","type":"CompositionRelationship"},{"id":"id-7a48cea8efbb4f5d8331f7bbb7e351ae","sourceId":"id-288d23596a3e4662bc386bff7a9493a5","targetId":"id-fe227efa03df4854b5e7fdd3c1f6e032","type":"CompositionRelationship"},{"id":"id-a1a802a6bfb645258bc54484bf984b7c","sourceId":"id-288d23596a3e4662bc386bff7a9493a5","targetId":"id-d4924b028f4f410da55f3fccb4f347e5","type":"CompositionRelationship"},{"id":"id-bc379566f70c4d699a9fd5c579869ac6","sourceId":"id-288d23596a3e4662bc386bff7a9493a5","targetId":"id-cedca0263dd6418689d236de94c62d94","type":"CompositionRelationship"},{"id":"id-3a3ce59cd7c0437ba0a54677cc1cc54d","sourceId":"id-288d23596a3e4662bc386bff7a9493a5","targetId":"id-9eb4d0f0f2e8403abad1e6a5e7e9dc75","type":"CompositionRelationship"},{"id":"id-d700c0a4e17a4972831572ab1a666c4d","sourceId":"id-288d23596a3e4662bc386bff7a9493a5","targetId":"id-7362893b2e3f426daba56bb3dc207158","type":"CompositionRelationship"},{"id":"id-c7c8473982f54abbbfe42b5f6547d9f1","sourceId":"id-5a06762ed7b148a18cd7ef027d35d356","targetId":"id-cb66d337035c4970bb53fb23b9744b87","type":"CompositionRelationship"},{"id":"id-019fc91c686144b38114896430d552ab","sourceId":"id-cb66d337035c4970bb53fb23b9744b87","targetId":"id-5f166fb021f84a22be14ce0560e976e9","type":"CompositionRelationship"},{"id":"id-1dcb3bfcd57f4f849b74fda0bc7403e8","sourceId":"id-cb66d337035c4970bb53fb23b9744b87","targetId":"id-e096c7f62aaa4efab51b647c277c4ca8","type":"CompositionRelationship"},{"id":"id-9094f98a10c14decba7987b16ebdb3f1","sourceId":"id-cb66d337035c4970bb53fb23b9744b87","targetId":"id-38cb0629f3404761a41a38e11bc498af","type":"CompositionRelationship"},{"id":"id-68c19b18eea34a2795bec90a84ce1013","sourceId":"id-cb66d337035c4970bb53fb23b9744b87","targetId":"id-eeaf7415a54943189e035b9ad0d681f9","type":"CompositionRelationship"},{"id":"id-b0d10ced2bfb49e2a52230eec6c138d9","sourceId":"id-cb66d337035c4970bb53fb23b9744b87","targetId":"id-f03b82b191f1413f85499f1eb939005a","type":"CompositionRelationship"},{"id":"id-a6451482bf364aeb865ea9a2501082a1","sourceId":"id-cb66d337035c4970bb53fb23b9744b87","targetId":"id-513a411a926843e2998594d45b6f8e8a","type":"CompositionRelationship"},{"id":"id-ccd1cf76481c400ab77ab0a79713d2a6","sourceId":"id-1da0d302c0f94c43a562ad9dea98034e","targetId":"id-34c49feb7ee44dd182aa91f00eabc8a2","type":"CompositionRelationship"},{"id":"id-afb95f241a4941a38e3ea90e4ca9336a","sourceId":"id-34c49feb7ee44dd182aa91f00eabc8a2","targetId":"id-7f1d1f782080424a90baaba45feff6bb","type":"CompositionRelationship"},{"id":"id-06864008e1c848c7810eab6fb295a047","sourceId":"id-34c49feb7ee44dd182aa91f00eabc8a2","targetId":"id-6e8eb8c6946348d994183669d1b9d406","type":"CompositionRelationship"},{"id":"id-03f6669e091a4a31893afa58a038d431","sourceId":"id-34c49feb7ee44dd182aa91f00eabc8a2","targetId":"id-ce2a319c3e594fe5a479f7e5fe9a28a4","type":"CompositionRelationship"},{"id":"id-3853bfd2eb4b4c05a31d0889c0a48303","sourceId":"id-34c49feb7ee44dd182aa91f00eabc8a2","targetId":"id-eb12871d360245e3ae78df58e358b941","type":"CompositionRelationship"},{"id":"id-369da42920bb46d098a24e727e1a9962","sourceId":"id-34c49feb7ee44dd182aa91f00eabc8a2","targetId":"id-81b0494270a34409947e79203cd15a80","type":"CompositionRelationship"},{"id":"id-255d2988ce8544e7975e7194fd0c376b","sourceId":"id-1da0d302c0f94c43a562ad9dea98034e","targetId":"id-54148dfaae4a4b4f9f1a02d134bdb4bd","type":"CompositionRelationship"},{"id":"id-0892da8567544790be89bb0544ff2f35","sourceId":"id-54148dfaae4a4b4f9f1a02d134bdb4bd","targetId":"id-fc1a5090f2dc4c228d46e20c6b9529d5","type":"CompositionRelationship"},{"id":"id-dfb064fb4e9445de8c3730df74b4e2a0","sourceId":"id-54148dfaae4a4b4f9f1a02d134bdb4bd","targetId":"id-b0c639961dc24a2489d5e675ef0b078b","type":"CompositionRelationship"},{"id":"id-57478217fdad492ba6ca97fd4eeb005f","sourceId":"id-54148dfaae4a4b4f9f1a02d134bdb4bd","targetId":"id-b2b566b7a0774c82af0e288d6007616d","type":"CompositionRelationship"},{"id":"id-379a649e17284121966e5643cb879222","sourceId":"id-1da0d302c0f94c43a562ad9dea98034e","targetId":"id-07c0cd6c6b644cd59ea9eceecace1127","type":"CompositionRelationship"},{"id":"id-fdff1e26617e4a0ea5af2b32998172d9","sourceId":"id-07c0cd6c6b644cd59ea9eceecace1127","targetId":"id-84ebf9b5232a450eb03fd470e95e92ed","type":"CompositionRelationship"},{"id":"id-4e6c205aa5e94890a6bbc1ef5b203549","sourceId":"id-07c0cd6c6b644cd59ea9eceecace1127","targetId":"id-6dd52f05e8614ab6a7441b037e9bf6ee","type":"CompositionRelationship"},{"id":"id-7e7bd9c824b449819f22c8d0ad3e0a09","sourceId":"id-07c0cd6c6b644cd59ea9eceecace1127","targetId":"id-16c044a0099e414faa162fba9a926abe","type":"CompositionRelationship"},{"id":"id-cd82028ae97d4e2592a4eb76e5904dc4","sourceId":"id-07c0cd6c6b644cd59ea9eceecace1127","targetId":"id-e3dfc8e5b933488f91c18938f1b2fdc5","type":"CompositionRelationship"},{"id":"id-0d54fa05ba6746c08c19cbb9fd95dcb4","sourceId":"id-07c0cd6c6b644cd59ea9eceecace1127","targetId":"id-cad47b40af174f9089138cb71f18531a","type":"CompositionRelationship"},{"id":"id-eb54e81657aa4b59b4c4a7caced8bb67","sourceId":"id-07c0cd6c6b644cd59ea9eceecace1127","targetId":"id-0c6d544504f142ac9b571b8f4c2d8d89","type":"CompositionRelationship"},{"id":"id-fd093ad6b68c4461bd11715f4004c9b0","sourceId":"id-07c0cd6c6b644cd59ea9eceecace1127","targetId":"id-6497762f394d4874bd4d99d833dec184","type":"CompositionRelationship"},{"id":"id-bf11020798e84cd8bf56135d79c2c101","sourceId":"id-9e04d2b15e274bb1b36266e0ea357455","targetId":"id-ead571377efd406e91fe2c5f5cf515d7","type":"CompositionRelationship"},{"id":"id-d1dc0de0e20f446286b52b8e782ce02d","sourceId":"id-ead571377efd406e91fe2c5f5cf515d7","targetId":"id-b21d6ee5ec1f493f8a8694737a5fc136","type":"CompositionRelationship"},{"id":"id-6b913a6968e448ff92b5f6c7146dc02b","sourceId":"id-ead571377efd406e91fe2c5f5cf515d7","targetId":"id-5e968d3a11414eb9a535a3a6bb27b763","type":"CompositionRelationship"},{"id":"id-6c9d5ea36e3841b590957b6551dcf723","sourceId":"id-ead571377efd406e91fe2c5f5cf515d7","targetId":"id-52a4ee48889b46cb9523a77e0ca23d54","type":"CompositionRelationship"},{"id":"id-250a835020ba42fd9ed18652f8a9ce0e","sourceId":"id-ead571377efd406e91fe2c5f5cf515d7","targetId":"id-82dec72dc78f43d996490ce3ab0bce2a","type":"CompositionRelationship"},{"id":"id-e10245bf5a494a8ba1fc8fc3f33e958a","sourceId":"id-ead571377efd406e91fe2c5f5cf515d7","targetId":"id-34010cdd47b94fd4be71030331b0eba7","type":"CompositionRelationship"},{"id":"id-658016df877645c1b987e6e6c05f6c1b","sourceId":"id-ead571377efd406e91fe2c5f5cf515d7","targetId":"id-2ee54a26de554c8a98d3928b6fb3256f","type":"CompositionRelationship"},{"id":"id-32cfb22143534e35ac4e0dc10c04c4d7","sourceId":"id-ead571377efd406e91fe2c5f5cf515d7","targetId":"id-4670bfe3705a48f9af7541f5b549f98c","type":"CompositionRelationship"},{"id":"id-d09f68732dbf46a0b68555fc81650927","sourceId":"id-ead571377efd406e91fe2c5f5cf515d7","targetId":"id-a18c626fe54349609e5160e939063f07","type":"CompositionRelationship"},{"id":"id-04a7c4bf156242d5b7f698b726b9dac4","sourceId":"id-9e04d2b15e274bb1b36266e0ea357455","targetId":"id-c8a5af6ef9a54496af010413b1685f16","type":"CompositionRelationship"},{"id":"id-bd8f7c2a389a42cfb4032174037ebc3b","sourceId":"id-c8a5af6ef9a54496af010413b1685f16","targetId":"id-9e9390a05908483491f9231beebe417b","type":"CompositionRelationship"},{"id":"id-efa85bf8d09543948cdeb554a5cafd36","sourceId":"id-c8a5af6ef9a54496af010413b1685f16","targetId":"id-92e3b7f12a7e496b89d19495e077dfec","type":"CompositionRelationship"},{"id":"id-02beef846d8c4b72b06eccbe02bb3e39","sourceId":"id-c8a5af6ef9a54496af010413b1685f16","targetId":"id-22679443b50c47deb983940b75c74428","type":"CompositionRelationship"},{"id":"id-c74b4570ff9042c5ad84cf4905581cf0","sourceId":"id-c8a5af6ef9a54496af010413b1685f16","targetId":"id-800ff5aaa5c542fc87113dd56ec72a70","type":"CompositionRelationship"},{"id":"id-741ae6bda26c48728459db66148d4c1c","sourceId":"id-c8a5af6ef9a54496af010413b1685f16","targetId":"id-b9b9ee51edb24a1c8aa30252781a4617","type":"CompositionRelationship"},{"id":"id-2d1e5135025d4d58819af5cdc12701fc","sourceId":"id-9e04d2b15e274bb1b36266e0ea357455","targetId":"id-71b7531de82c4e5381757eed6ad6df92","type":"CompositionRelationship"},{"id":"id-69088278dcf342509127992d5e19a351","sourceId":"id-71b7531de82c4e5381757eed6ad6df92","targetId":"id-15822c7eda824cf8a17a18c91d08fb3d","type":"CompositionRelationship"},{"id":"id-325a47ec75364d7d80af9f5927e64ec1","sourceId":"id-71b7531de82c4e5381757eed6ad6df92","targetId":"id-65b557e458f04faeb811a8f0375b8d1a","type":"CompositionRelationship"},{"id":"id-cfd7d67dc8244b949f5ea5b4bf3fbe0e","sourceId":"id-71b7531de82c4e5381757eed6ad6df92","targetId":"id-3b7606308f514820b82e95c2ca516fa1","type":"CompositionRelationship"},{"id":"id-3a4dea7f966e4db880421b648909447a","sourceId":"id-71b7531de82c4e5381757eed6ad6df92","targetId":"id-29dd3d705f754a42b93e05de27c2f4ec","type":"CompositionRelationship"},{"id":"id-9e250cae91554d91b7e64dcfccb947a1","sourceId":"id-71b7531de82c4e5381757eed6ad6df92","targetId":"id-7944c589fd5e4a24ada5b3ca337eef50","type":"CompositionRelationship"},{"id":"id-8139e6da95df494a9f099b6cfcc96102","sourceId":"id-9e04d2b15e274bb1b36266e0ea357455","targetId":"id-06b9904e83434209958cbb800d26ef0c","type":"CompositionRelationship"},{"id":"id-f8efd8b5852a468d8e7705baa5619feb","sourceId":"id-06b9904e83434209958cbb800d26ef0c","targetId":"id-63eb7664cbe1438aa8143e5c3f907dc7","type":"CompositionRelationship"},{"id":"id-31a0b8a60ea44c8b8ffffd2e24c32f97","sourceId":"id-06b9904e83434209958cbb800d26ef0c","targetId":"id-3caaf662350344e1a1ab3fb2a6b47b4e","type":"CompositionRelationship"},{"id":"id-9635c219bf5849f18cfc8d871c3415b4","sourceId":"id-06b9904e83434209958cbb800d26ef0c","targetId":"id-68905e91713746bf8da8d62bead083af","type":"CompositionRelationship"},{"id":"id-06be8535042b4b168d94bd54e40b1184","sourceId":"id-06b9904e83434209958cbb800d26ef0c","targetId":"id-3e98083d6b864f3c8e8d6aae5f5ed5a1","type":"CompositionRelationship"},{"id":"id-990d658d6b0440618a295f865228754e","sourceId":"id-06b9904e83434209958cbb800d26ef0c","targetId":"id-b0e3f86a395e47b69ef616db879da0dc","type":"CompositionRelationship"},{"id":"id-9253e7c1fdf24a549a0d0b7ff2be7c32","sourceId":"id-06b9904e83434209958cbb800d26ef0c","targetId":"id-dbec8042028f4af18922565daf8d7279","type":"CompositionRelationship"},{"id":"id-dc4f75ae101242cb8a460d74da9ce220","sourceId":"id-06b9904e83434209958cbb800d26ef0c","targetId":"id-dc72ff33e311424f80be34c149583906","type":"CompositionRelationship"},{"id":"id-d0aa04c13dde4518ab0ffd2d5fb2fafd","sourceId":"id-06b9904e83434209958cbb800d26ef0c","targetId":"id-de072d3eb8b44533a4f700835c5a66ec","type":"CompositionRelationship"},{"id":"id-0ea2a8d46edb47959c2b31ede9f89f50","sourceId":"id-9e04d2b15e274bb1b36266e0ea357455","targetId":"id-eabebaa0727944a69d92e963672c5f27","type":"CompositionRelationship"},{"id":"id-5c7e3722721746078aa27d3a9a60c30f","sourceId":"id-eabebaa0727944a69d92e963672c5f27","targetId":"id-5921dd94452646ecba5ea2073722c311","type":"CompositionRelationship"},{"id":"id-2ad313eb5f6d4617b97f47d8803f312a","sourceId":"id-eabebaa0727944a69d92e963672c5f27","targetId":"id-a6801012fb8c488cace20c07413434ab","type":"CompositionRelationship"},{"id":"id-2063c356774744d6ac95fcfa49b15fdd","sourceId":"id-eabebaa0727944a69d92e963672c5f27","targetId":"id-b7f8c31c75b3435cb2ed677d20da20bd","type":"CompositionRelationship"},{"id":"id-6f3d3fde9e6e4d6a9eae20649bad9005","sourceId":"id-eabebaa0727944a69d92e963672c5f27","targetId":"id-8e6ff274edbc461e8605053d8b858a7e","type":"CompositionRelationship"},{"id":"id-255a26691e80409abd0466e5891df7b2","sourceId":"id-eabebaa0727944a69d92e963672c5f27","targetId":"id-0c95bd99073a4295897e6ae7377de1ed","type":"CompositionRelationship"},{"id":"id-f488cdf10d294dfd903abf1a9a57d8bc","sourceId":"id-eabebaa0727944a69d92e963672c5f27","targetId":"id-433a33f0384a4d33847aae3520dfdafc","type":"CompositionRelationship"},{"id":"id-f53eede64d6c4d5d8c18d096db433fca","sourceId":"id-eabebaa0727944a69d92e963672c5f27","targetId":"id-fbb6e764f98a4a6b8cc3f98e8fdbee6a","type":"CompositionRelationship"},{"id":"id-0fd6f74bef824eb1a6b22f023f0a4dd8","sourceId":"id-e04f72e339784a0e91bdd687216b0706","targetId":"id-35b4a09862f843c191af513be23b59c9","type":"CompositionRelationship"},{"id":"id-4371471f7aec47ee8890ed905a50aa77","sourceId":"id-35b4a09862f843c191af513be23b59c9","targetId":"id-d91aa1491d0e4c57841643d82041491e","type":"CompositionRelationship"},{"id":"id-5a93055a59124239aa58bf7852a63d0d","sourceId":"id-35b4a09862f843c191af513be23b59c9","targetId":"id-2347cf3c722c4f20a11c037cd1fff954","type":"CompositionRelationship"},{"id":"id-b9db11211b8b43af91beb96c092ac245","sourceId":"id-35b4a09862f843c191af513be23b59c9","targetId":"id-ffece705cec148a0a9b2d8acee55bf7c","type":"CompositionRelationship"},{"id":"id-930d90bc1cb84098959f21eaa23c3f3d","sourceId":"id-35b4a09862f843c191af513be23b59c9","targetId":"id-416d7d22df8e45149fcdb8df7695f7ab","type":"CompositionRelationship"},{"id":"id-a1ab819450894106829601ddc593dc50","sourceId":"id-35b4a09862f843c191af513be23b59c9","targetId":"id-ae70ff1c2fa1460a983eefac2f907346","type":"CompositionRelationship"},{"id":"id-3d9ec18e56c74afcbb60c6d068f4f1ff","sourceId":"id-e04f72e339784a0e91bdd687216b0706","targetId":"id-aaf20e22ff3b4a878249f97ab99a6ab4","type":"CompositionRelationship"},{"id":"id-f9797eb8f179478c86049f98b82d6f06","sourceId":"id-aaf20e22ff3b4a878249f97ab99a6ab4","targetId":"id-b87eb646c7f04da2a58f01a0c9d2b6a6","type":"CompositionRelationship"},{"id":"id-c573104601d042358bbff39e7e613ea5","sourceId":"id-aaf20e22ff3b4a878249f97ab99a6ab4","targetId":"id-4cff2708f18c486b82bf026c0c7ba584","type":"CompositionRelationship"},{"id":"id-65246a2a04814586a0c2acda8b619404","sourceId":"id-aaf20e22ff3b4a878249f97ab99a6ab4","targetId":"id-6becec0d343f44afa7d8c07b99885727","type":"CompositionRelationship"},{"id":"id-87345df42c5b4ecfb6c4a2ccc3413dab","sourceId":"id-aaf20e22ff3b4a878249f97ab99a6ab4","targetId":"id-27e6a8f8f21943a1965d152b420b586e","type":"CompositionRelationship"},{"id":"id-b65c50a86477490c83c03ae1ed812d2a","sourceId":"id-aaf20e22ff3b4a878249f97ab99a6ab4","targetId":"id-d41e51067d1348e288dfda5dba5ffaf7","type":"CompositionRelationship"}],"views":[{"id":"73f902cb-d3ca-4137-b0b0-908a64b92116","name":"Business - Central level - Defense and Security","viewpoint":""},{"id":"95c1002a-adec-4a5c-b672-323fb602aa65","name":"Business - Central level - Financial","viewpoint":""},{"id":"0cd79ba2-4fa8-49f5-9220-5645adef6040","name":"Business - Central level - General Government and Local Services","viewpoint":""},{"id":"edf98527-5af0-4716-9544-cb6057190581","name":"Business - Central level - Health and Community Wellbeing","viewpoint":""},{"id":"0af622d5-74d4-4412-bd95-0dcfae61f0b8","name":"Business - Central level - International Affairs and Trade","viewpoint":""},{"id":"ef04a63b-dc79-4450-87f7-b2bd80506e16","name":"Business - Central level - Judiciary, Justice, and Home Affairs","viewpoint":""},{"id":"fd8402f6-49d5-44bb-9e39-3d62076607e6","name":"Business - Central level - Young People and Education","viewpoint":""},{"id":"id-1a9e0884be3b41aeb5c75461db20e47d","name":"Business - Central level - Policy, Performance, Population, and Innovation","viewpoint":""},{"id":"id-35312f35836d49ef95f5b59c72500c3f","name":"Business - Central level - Shared Services","viewpoint":""},{"id":"id-7a7a0659e9164e80ade45b8b8891a4ca","name":"Business - Central level - Transport and Operations","viewpoint":""},{"id":"id-a19719814ba045e4b69de795f1e2e395","name":"Business - Central level - Growth, Housing, and Environment","viewpoint":""},{"id":"id-731d20ef0eaa433094e5913ecda58c06","name":"Business - Central level - Active Structure View","viewpoint":"business_process_cooperation"},{"id":"d1a6fd07-1be4-426b-b4d5-1c92301d1818","name":"Business - Central level - Behavior View","viewpoint":"business_process_cooperation"},{"id":"id-1735f5a3039e402893f770b77aafaf31","name":"Business - Central level - Motivation View","viewpoint":"business_process_cooperation"},{"id":"id-500dda575d7c48249af482f7ffdafa11","name":"Business - Passive Structure View","viewpoint":"business_process_cooperation"},{"id":"id-1cef64d6aa264044a8323dc68f0bdf3a","name":"Implementation & Migration - Active Structure View","viewpoint":"implementation_migration"},{"id":"id-1f927718fe5c432db310053c42ca0568","name":"Implementation & Migration - Behavior View","viewpoint":"implementation_migration"},{"id":"id-229ca91afba84fd594bae7a461009dcf","name":"Implementation & Migration - Motivation View","viewpoint":"implementation_migration"},{"id":"id-4c7d9dc2e5184915b86446729fa9f795","name":"Implementation & Migration - Passive Structure View","viewpoint":"implementation_migration"},{"id":"id-aee07dcfff6644e0916e3daf02501249","name":"Motivation - Active Structure View","viewpoint":"physical"},{"id":"id-b9d449a0d16a4ed4ae27e5a9a8484adf","name":"Motivation - Behavior View","viewpoint":"physical"},{"id":"id-943326333fa94389a4b12a1c2c8367bf","name":"Motivation - Motivation View","viewpoint":"physical"},{"id":"id-f273573b14944c4699e0cfd94b98d50b","name":"Motivation - Passive Structure View","viewpoint":"physical"},{"id":"id-b29d7e0f50dd41c1ac8c470edc814320","name":"Strategy - Active Structure View","viewpoint":"strategy"},{"id":"id-6945e2006d8c435b9b5c4ad5408520f0","name":"Strategy - Behavior View","viewpoint":"strategy"},{"id":"id-f24e297c69c74132bc49ccee3f5c8542","name":"Strategy - Motivation View","viewpoint":"strategy"},{"id":"id-323d20496d304fc0b66421683c6bc9d4","name":"Strategy - Passive Structure View","viewpoint":"strategy"},{"id":"id-50bf89dc4fa947ae88723b47d89fa562","name":"Physical - Active Structure View","viewpoint":"physical"},{"id":"id-b890439664504e9b98de261f00227e99","name":"Physical - Behavior View","viewpoint":"physical"},{"id":"id-d2d6ad39e6b343fea4d18beea688266a","name":"Physical - Motivation View","viewpoint":"physical"},{"id":"id-0afb395b9e22496ba85971bb327e924e","name":"Physical - Passive Structure View","viewpoint":"physical"},{"id":"id-a70e74e22162479588410138f4232a50","name":"Technology - Active Structure View","viewpoint":"technology"},{"id":"id-33a4df834a4a49fb83137adfae296e25","name":"Technology - Behavior View","viewpoint":"technology"},{"id":"id-2fb89b8dc48d4409848b8e95f89d856d","name":"Technology - Motivation View","viewpoint":"technology"},{"id":"id-15136f3bc843496180d02b7082fc2739","name":"Technology - Passive Structure View","viewpoint":"technology"},{"id":"id-6e5ecb65b5a04e56aaaa4efcd169ad90","name":"Application - Active Structure View","viewpoint":"application_structure"},{"id":"id-41c41c597e70444abe8adee16c128dc4","name":"Application - Behavior View","viewpoint":"application_cooperation"},{"id":"id-ca9919a68aa74c0094fc108884f65324","name":"Application - Motivation View","viewpoint":"application_cooperation"},{"id":"id-9b29c03e58f3446f884e5dd8ca231179","name":"Application - Passive Structure View","viewpoint":"application_structure"}]}