<?xml version="1.0" encoding="UTF-8"?>
<model xmlns="http://www.opengroup.org/xsd/archimate/3.0/" xmlns:xsi="http://www.w3.org/2001/XMLSchema-instance" xsi:schemaLocation="http://www.opengroup.org/xsd/archimate/3.0/ http://www.opengroup.org/xsd/archimate/3.1/archimate3_Diagram.xsd" identifier="id-0b5805b6">
  <name xml:lang="en">Template Method</name>
  <elements>
    <element identifier="id-4fd062d6" xsi:type="ApplicationComponent">
      <name xml:lang="en">director</name>
      <documentation xml:lang="en">-распорядитель
-парсит один объект и собирает на его основе другой объект</documentation>
    </element>
    <element identifier="fa148266" xsi:type="ApplicationFunction">
      <name xml:lang="en">template method</name>
      <documentation xml:lang="en">здесь может быть парсер, разбирающий одно какое либо дерево и получающий с одним и тем же алгоритмом разные выходные объекты</documentation>
    </element>
    <element identifier="id-78eecdfe" xsi:type="ApplicationProcess">
      <name xml:lang="en">step</name>
    </element>
    <element identifier="id-53cc3895" xsi:type="ApplicationProcess">
      <name xml:lang="en">step</name>
    </element>
    <element identifier="ec2acf9a" xsi:type="ApplicationFunction">
      <name xml:lang="en">build part 1</name>
    </element>
    <element identifier="id-2411ebfd" xsi:type="ApplicationFunction">
      <name xml:lang="en">build part 3</name>
    </element>
    <element identifier="id-0c5ee796" xsi:type="ApplicationFunction">
      <name xml:lang="en">build part 2</name>
    </element>
    <element identifier="be5a9855" xsi:type="ApplicationComponent">
      <name xml:lang="en">builder A</name>
    </element>
    <element identifier="e71df415" xsi:type="ApplicationFunction">
      <name xml:lang="en">getResult A</name>
    </element>
    <element identifier="efaf0601" xsi:type="ApplicationInterface">
      <name xml:lang="en">builder</name>
    </element>
    <element identifier="id-33bb4047" xsi:type="ApplicationFunction">
      <name xml:lang="en">method 1</name>
    </element>
    <element identifier="f817c139" xsi:type="ApplicationFunction">
      <name xml:lang="en">method 2</name>
    </element>
    <element identifier="id-31b6699e" xsi:type="ApplicationFunction">
      <name xml:lang="en">method 3</name>
    </element>
    <element identifier="id-035e90d1" xsi:type="DataObject">
      <name xml:lang="en">instance A</name>
    </element>
    <element identifier="id-17e74844" xsi:type="ApplicationProcess">
      <name xml:lang="en">call template method</name>
    </element>
    <element identifier="d497f058" xsi:type="ApplicationProcess">
      <name xml:lang="en">create A</name>
    </element>
    <element identifier="id-0f15f359" xsi:type="ApplicationProcess">
      <name xml:lang="en">get specific result A</name>
    </element>
    <element identifier="id-48b23faf" xsi:type="ApplicationProcess">
      <name xml:lang="en">construct some object</name>
    </element>
    <element identifier="id-28db4948" xsi:type="ApplicationFunction">
      <name xml:lang="en">build part 1</name>
    </element>
    <element identifier="id-0627102b" xsi:type="ApplicationFunction">
      <name xml:lang="en">build part 3</name>
    </element>
    <element identifier="cb303104" xsi:type="ApplicationFunction">
      <name xml:lang="en">build part 2</name>
    </element>
    <element identifier="c89a34ea" xsi:type="ApplicationComponent">
      <name xml:lang="en">builder B</name>
    </element>
    <element identifier="id-37ee1620" xsi:type="ApplicationFunction">
      <name xml:lang="en">getResult B</name>
    </element>
    <element identifier="b1982144" xsi:type="ApplicationInterface">
      <name xml:lang="en">abstract class</name>
    </element>
    <element identifier="id-9852126a" xsi:type="ApplicationComponent">
      <name xml:lang="en">concrete class A</name>
    </element>
    <element identifier="c56b24cb" xsi:type="ApplicationFunction">
      <name xml:lang="en">method 1</name>
    </element>
    <element identifier="d301c11f" xsi:type="ApplicationFunction">
      <name xml:lang="en">method 2</name>
    </element>
    <element identifier="id-3a472666" xsi:type="ApplicationFunction">
      <name xml:lang="en">method 1</name>
    </element>
    <element identifier="id-8e08efa2" xsi:type="ApplicationFunction">
      <name xml:lang="en">method 2</name>
    </element>
    <element identifier="id-0fdb8e84" xsi:type="ApplicationComponent">
      <name xml:lang="en">concrete class B</name>
    </element>
    <element identifier="id-0cec38ca-8574-4f6c-8329-8be1c948c2ac" xsi:type="ApplicationProcess">
      <name xml:lang="en">call template method</name>
    </element>
    <element identifier="id-853fa38c-f1cb-4c9b-9a58-25fd6f4aba81" xsi:type="ApplicationProcess">
      <name xml:lang="en">create A</name>
    </element>
    <element identifier="afbc9a34-8dfc-4fbe-bcae-f8d0c925cb49" xsi:type="ApplicationInterface">
      <name xml:lang="en">abstract class</name>
    </element>
    <element identifier="id-621d0fe9-b4fb-431a-bec4-0ee3b5c80efb" xsi:type="ApplicationFunction">
      <name xml:lang="en">method 1</name>
    </element>
    <element identifier="id-4bb83e92-6e18-498f-9d05-0df0de96c2b5" xsi:type="ApplicationFunction">
      <name xml:lang="en">method 2</name>
    </element>
    <element identifier="c8107a72-56bd-42a3-8176-65eec977bfc0" xsi:type="ApplicationFunction">
      <name xml:lang="en">template method</name>
      <documentation xml:lang="en">здесь может быть парсер, разбирающий одно какое либо дерево и получающий с одним и тем же алгоритмом разные выходные объекты</documentation>
    </element>
    <element identifier="e1d08db1-14d9-40ff-8eee-1e53b17012d0" xsi:type="ApplicationProcess">
      <name xml:lang="en">step</name>
    </element>
    <element identifier="aa3da1cd-fb7c-461c-af55-8dae1ea83970" xsi:type="ApplicationProcess">
      <name xml:lang="en">step</name>
    </element>
    <element identifier="id-0b697655-4c01-4d4a-a084-cfa6b5a64666" xsi:type="ApplicationComponent">
      <name xml:lang="en">concrete class A</name>
    </element>
    <element identifier="id-6b2699ae-9908-4dfd-b587-a0feb0b37800" xsi:type="ApplicationFunction">
      <name xml:lang="en">method 1</name>
    </element>
    <element identifier="c8e54703-7c23-4068-be80-077321532214" xsi:type="ApplicationFunction">
      <name xml:lang="en">method 2</name>
    </element>
    <element identifier="id-11757107-2007-403f-bed6-d1608846fc71" xsi:type="ApplicationComponent">
      <name xml:lang="en">concrete class B</name>
    </element>
    <element identifier="id-2059e39f-3f4d-4570-96bf-eac5f9657810" xsi:type="ApplicationFunction">
      <name xml:lang="en">method 1</name>
    </element>
    <element identifier="id-1052e6d4-4d38-4dbf-9bad-084b0a264c62" xsi:type="ApplicationFunction">
      <name xml:lang="en">method 2</name>
    </element>
    <element identifier="e539387e-3d7f-4421-a341-a90a5d2840c2" xsi:type="ApplicationProcess">
      <name xml:lang="en">call template method</name>
    </element>
    <element identifier="id-1863521d-04a0-46ab-9a30-980584326444" xsi:type="ApplicationProcess">
      <name xml:lang="en">create A</name>
    </element>
    <element identifier="id-80daea95-5aae-43dc-b4d6-4091bb0647a1" xsi:type="ApplicationInterface">
      <name xml:lang="en">abstract class</name>
    </element>
    <element identifier="id-7e40bf5b-ac39-4d46-aa15-bdf77993ab04" xsi:type="ApplicationFunction">
      <name xml:lang="en">method 1</name>
    </element>
    <element identifier="id-2b469dfb-2103-45d2-8b3b-cb395634672d" xsi:type="ApplicationFunction">
      <name xml:lang="en">method 2</name>
    </element>
    <element identifier="b5fadd70-8dc7-4c40-9980-6139678e15d3" xsi:type="ApplicationFunction">
      <name xml:lang="en">algo</name>
      <documentation xml:lang="en">здесь может быть парсер, разбирающий одно какое либо дерево и получающий с одним и тем же алгоритмом разные выходные объекты</documentation>
    </element>
    <element identifier="id-36c99748-9f0c-4477-9c64-2eed2c61f252" xsi:type="ApplicationProcess">
      <name xml:lang="en">step</name>
    </element>
    <element identifier="a79ffe21-3af9-4e04-9629-764bc142b89f" xsi:type="ApplicationProcess">
      <name xml:lang="en">step</name>
    </element>
    <element identifier="b6996df8-6bdd-4ac8-9c04-95f7d40e281c" xsi:type="ApplicationComponent">
      <name xml:lang="en">concrete class A</name>
    </element>
    <element identifier="a14bf058-050e-4245-ab42-1b74cb6174ea" xsi:type="ApplicationFunction">
      <name xml:lang="en">method 1</name>
    </element>
    <element identifier="id-32dbce09-12ec-4cca-91a6-e90c07f0d173" xsi:type="ApplicationFunction">
      <name xml:lang="en">method 2</name>
    </element>
    <element identifier="id-64a8419b-bf3d-46d0-8acf-cba39b8bafb6" xsi:type="ApplicationComponent">
      <name xml:lang="en">concrete class B</name>
    </element>
    <element identifier="id-6b66e191-cc06-4c0c-a5d0-ec66f85c9fa5" xsi:type="ApplicationFunction">
      <name xml:lang="en">method 1</name>
    </element>
    <element identifier="id-3e02f491-ace0-4de6-8491-9177b55c4968" xsi:type="ApplicationFunction">
      <name xml:lang="en">method 2</name>
    </element>
    <element identifier="id-937f35ab-b650-47b9-a1db-88636176d721" xsi:type="ApplicationComponent">
      <name xml:lang="en">class with algo</name>
    </element>
    <element identifier="be7e3255-09cb-4ede-9b6f-ecc536c1058d" xsi:type="DataObject">
      <name xml:lang="en">ref to strategy</name>
    </element>
    <element identifier="e3ef13b1-a208-41c1-b701-5568c65beadf" xsi:type="ApplicationProcess">
      <name xml:lang="en">put class A into classWithAlgo</name>
    </element>
    <element identifier="d0e45bc3-9eff-4d25-9484-c0f31fb4b2e3" xsi:type="ApplicationProcess">
      <name xml:lang="en">call template method (lambda1, lambda2)</name>
    </element>
    <element identifier="id-45b71199-3c61-4c2a-9dd7-18bc945363c7" xsi:type="ApplicationProcess">
      <name xml:lang="en">create method1 as lambda</name>
    </element>
    <element identifier="id-014f2fef-fb94-44ef-81a7-8e7bafbebebb" xsi:type="ApplicationProcess">
      <name xml:lang="en">create method2 as lambda</name>
    </element>
    <element identifier="id-3e6a0e6a-1a23-4078-856d-e8a9e362037c" xsi:type="ApplicationInterface">
      <name xml:lang="en">abstract class</name>
    </element>
    <element identifier="e3d8fea0-623e-4fba-a0a7-3ca6c06d55d3" xsi:type="ApplicationFunction">
      <name xml:lang="en">method 1</name>
    </element>
    <element identifier="bfd9fd4b-6136-4132-a831-7219cffe8ddf" xsi:type="ApplicationFunction">
      <name xml:lang="en">method 2</name>
    </element>
    <element identifier="afab0f5c-a3d9-479f-b964-db130d439a76" xsi:type="ApplicationComponent">
      <name xml:lang="en">concrete class A</name>
    </element>
    <element identifier="d2d43a0f-1ff8-44de-bf31-7e0293305a66" xsi:type="ApplicationFunction">
      <name xml:lang="en">method 1</name>
    </element>
    <element identifier="id-44c8ec2e-ce4c-4a87-af11-bcf8a1c987ad" xsi:type="ApplicationFunction">
      <name xml:lang="en">method 2</name>
    </element>
    <element identifier="a1de479e-9802-49d4-a5da-c713011196df" xsi:type="ApplicationComponent">
      <name xml:lang="en">concrete class B</name>
    </element>
    <element identifier="id-0acff186-cfe5-4064-829d-fa995de75090" xsi:type="ApplicationFunction">
      <name xml:lang="en">method 1</name>
    </element>
    <element identifier="c1c59ebc-269e-41f3-835b-f051740dfcc3" xsi:type="ApplicationFunction">
      <name xml:lang="en">method 2</name>
    </element>
    <element identifier="id-4e59b009-dd13-43bf-81a4-9db8e6b036c2" xsi:type="ApplicationComponent">
      <name xml:lang="en">class with algo</name>
    </element>
    <element identifier="id-3d85270b-babd-44f1-85bb-d275ed633398" xsi:type="DataObject">
      <name xml:lang="en">ref to strategy</name>
    </element>
    <element identifier="id-7984336b-6317-4df4-9c94-9d3f60794137" xsi:type="ApplicationFunction">
      <name xml:lang="en">algo (ref to method1,ref to method2)</name>
      <documentation xml:lang="en">здесь может быть парсер, разбирающий одно какое либо дерево и получающий с одним и тем же алгоритмом разные выходные объекты</documentation>
    </element>
    <element identifier="id-5de2d6ce-ee21-407d-8ab2-9bb74b944abf" xsi:type="ApplicationProcess">
      <name xml:lang="en">step</name>
    </element>
    <element identifier="abd9d16e-b41f-4717-bf59-19602cc9fc03" xsi:type="ApplicationProcess">
      <name xml:lang="en">step</name>
    </element>
  </elements>
  <relationships>
    <relationship identifier="ff2738c4" source="fa148266" target="id-48b23faf" xsi:type="Serving" />
    <relationship identifier="id-0dd3df2d" source="e71df415" target="id-0f15f359" xsi:type="Serving" />
    <relationship identifier="id-7635b9b8" source="id-17e74844" target="id-48b23faf" xsi:type="Flow" />
    <relationship identifier="id-5680e89b" source="fa148266" target="id-78eecdfe" xsi:type="Realization" />
    <relationship identifier="c84450ac" source="be5a9855" target="id-2411ebfd" xsi:type="Assignment" />
    <relationship identifier="id-0778bd78" source="efaf0601" target="id-33bb4047" xsi:type="Association" />
    <relationship identifier="bb0f813b" source="id-78eecdfe" target="id-53cc3895" xsi:type="Flow" />
    <relationship identifier="id-75061ba0" source="c89a34ea" target="efaf0601" xsi:type="Realization" />
    <relationship identifier="id-91c0a6f1" source="fa148266" target="id-53cc3895" xsi:type="Realization" />
    <relationship identifier="id-15caecee" source="be5a9855" target="efaf0601" xsi:type="Realization" />
    <relationship identifier="f1ca4f51" source="id-9f0a9b2b" target="id-035e90d1" xsi:type="Association">
      <name xml:lang="en">new DIRECTOR(instance A)</name>
    </relationship>
    <relationship identifier="b07f4cbb" source="id-48b23faf" target="id-0f15f359" xsi:type="Flow" />
    <relationship identifier="id-3c7576cf" source="c89a34ea" target="id-28db4948" xsi:type="Assignment" />
    <relationship identifier="id-587dd278" source="be5a9855" target="ec2acf9a" xsi:type="Assignment" />
    <relationship identifier="e94877cc" source="be5a9855" target="id-0c5ee796" xsi:type="Assignment" />
    <relationship identifier="ee2bb936" source="efaf0601" target="id-31b6699e" xsi:type="Association" />
    <relationship identifier="c2005e14" source="c89a34ea" target="id-37ee1620" xsi:type="Assignment" />
    <relationship identifier="id-9f0a9b2b" source="id-4fd062d6" target="id-17e74844" xsi:type="Serving" />
    <relationship identifier="id-05665c1d" source="c89a34ea" target="cb303104" xsi:type="Assignment" />
    <relationship identifier="id-2118c9dc" source="id-4fd062d6" target="fa148266" xsi:type="Assignment" />
    <relationship identifier="id-4936a3ab" source="be5a9855" target="e71df415" xsi:type="Assignment" />
    <relationship identifier="id-3b19c671" source="id-31b6699e" target="id-78eecdfe" xsi:type="Serving" />
    <relationship identifier="id-928893dd" source="f817c139" target="id-53cc3895" xsi:type="Serving">
      <name xml:lang="en">work throught interface</name>
    </relationship>
    <relationship identifier="id-43bb764b" source="c89a34ea" target="id-0627102b" xsi:type="Assignment" />
    <relationship identifier="id-77ec37b4" source="d497f058" target="id-17e74844" xsi:type="Flow" />
    <relationship identifier="a2c967b3" source="efaf0601" target="f817c139" xsi:type="Association" />
    <relationship identifier="id-83bf39f7" source="d497f058" target="id-035e90d1" xsi:type="Access" accessType="Write" />
    <relationship identifier="id-6850ee22" source="id-035e90d1" target="be5a9855" xsi:type="Association">
      <name xml:lang="en">instance of class A</name>
    </relationship>
    <relationship identifier="c553f8c5" source="id-78eecdfe" target="d301c11f" xsi:type="Flow" />
    <relationship identifier="id-3ea92de2" source="id-53cc3895" target="c56b24cb" xsi:type="Flow" />
    <relationship identifier="id-56845bab" source="b1982144" target="c56b24cb" xsi:type="Association" />
    <relationship identifier="b39c00a0" source="b1982144" target="d301c11f" xsi:type="Association" />
    <relationship identifier="e9a48fe8" source="b1982144" target="fa148266" xsi:type="Association" />
    <relationship identifier="id-04231405" source="id-9852126a" target="id-33bb4047" xsi:type="Assignment" />
    <relationship identifier="eeb376ce" source="id-9852126a" target="f817c139" xsi:type="Assignment" />
    <relationship identifier="fdc607d9" source="id-9852126a" target="id-31b6699e" xsi:type="Assignment" />
    <relationship identifier="id-58c3b7c6" source="id-9852126a" target="b1982144" xsi:type="Realization" />
    <relationship identifier="d7f26581" source="id-33bb4047" target="c56b24cb" xsi:type="Realization" />
    <relationship identifier="id-01b915e3" source="f817c139" target="d301c11f" xsi:type="Realization" />
    <relationship identifier="id-8ab66592" source="id-9852126a" target="d497f058" xsi:type="Serving" />
    <relationship identifier="f7a6ee8d" source="fa148266" target="id-17e74844" xsi:type="Serving" />
    <relationship identifier="b839c3c0" source="id-0fdb8e84" target="id-8e08efa2" xsi:type="Assignment" />
    <relationship identifier="d51da7dd" source="id-0fdb8e84" target="id-3a472666" xsi:type="Assignment" />
    <relationship identifier="bd7ef10a" source="id-0fdb8e84" target="b1982144" xsi:type="Realization" />
    <relationship identifier="bf924a4f" source="d301c11f" target="f817c139" xsi:type="Flow" />
    <relationship identifier="id-574d289e" source="c56b24cb" target="id-33bb4047" xsi:type="Flow" />
    <relationship identifier="id-17ae5652-0ec0-45a8-a34b-c65030a39949" source="id-0b697655-4c01-4d4a-a084-cfa6b5a64666" target="id-6b2699ae-9908-4dfd-b587-a0feb0b37800" xsi:type="Assignment" />
    <relationship identifier="id-2c44ad7b-f1eb-41c8-b28a-29466bb1765b" source="c8107a72-56bd-42a3-8176-65eec977bfc0" target="id-0cec38ca-8574-4f6c-8329-8be1c948c2ac" xsi:type="Serving" />
    <relationship identifier="id-049f6ed1-7b7c-4ac6-84b5-7e77d196ffcc" source="id-4bb83e92-6e18-498f-9d05-0df0de96c2b5" target="c8e54703-7c23-4068-be80-077321532214" xsi:type="Flow" />
    <relationship identifier="id-364c3080-3fc6-4e6e-967a-089c958cfde8" source="c8107a72-56bd-42a3-8176-65eec977bfc0" target="aa3da1cd-fb7c-461c-af55-8dae1ea83970" xsi:type="Realization" />
    <relationship identifier="fa674c06-a2fe-427a-aec1-9b868f286159" source="id-11757107-2007-403f-bed6-d1608846fc71" target="id-1052e6d4-4d38-4dbf-9bad-084b0a264c62" xsi:type="Assignment" />
    <relationship identifier="id-85eb0ba2-61b7-4c8d-ae5a-5dd993d293dd" source="e1d08db1-14d9-40ff-8eee-1e53b17012d0" target="id-4bb83e92-6e18-498f-9d05-0df0de96c2b5" xsi:type="Flow" />
    <relationship identifier="id-035e8201-78b0-4341-8abf-16a22d04cdbc" source="aa3da1cd-fb7c-461c-af55-8dae1ea83970" target="id-621d0fe9-b4fb-431a-bec4-0ee3b5c80efb" xsi:type="Flow" />
    <relationship identifier="id-4bff3c4c-df8b-4a7c-9212-6c1bb0059f6d" source="id-0b697655-4c01-4d4a-a084-cfa6b5a64666" target="afbc9a34-8dfc-4fbe-bcae-f8d0c925cb49" xsi:type="Realization" />
    <relationship identifier="id-3737d228-0cb5-4b8a-93ef-081ea76d6834" source="id-621d0fe9-b4fb-431a-bec4-0ee3b5c80efb" target="id-6b2699ae-9908-4dfd-b587-a0feb0b37800" xsi:type="Flow" />
    <relationship identifier="id-17b23dfb-295b-4e2d-9fbd-40f8e8de1832" source="e1d08db1-14d9-40ff-8eee-1e53b17012d0" target="aa3da1cd-fb7c-461c-af55-8dae1ea83970" xsi:type="Flow" />
    <relationship identifier="id-96ae566c-23b8-4fe5-bb8d-d4c3688ed1ab" source="c8107a72-56bd-42a3-8176-65eec977bfc0" target="e1d08db1-14d9-40ff-8eee-1e53b17012d0" xsi:type="Realization" />
    <relationship identifier="id-79ac9071-6cdd-441c-a8b7-468079e180d5" source="id-0b697655-4c01-4d4a-a084-cfa6b5a64666" target="id-853fa38c-f1cb-4c9b-9a58-25fd6f4aba81" xsi:type="Serving" />
    <relationship identifier="id-0b689498-bd2b-4c98-a8da-6597ffc68731" source="id-11757107-2007-403f-bed6-d1608846fc71" target="afbc9a34-8dfc-4fbe-bcae-f8d0c925cb49" xsi:type="Realization" />
    <relationship identifier="id-132960c2-c1e8-4ef6-b86a-f86ddc3ca546" source="afbc9a34-8dfc-4fbe-bcae-f8d0c925cb49" target="id-621d0fe9-b4fb-431a-bec4-0ee3b5c80efb" xsi:type="Association" />
    <relationship identifier="id-075f097c-482e-4202-b4cd-8856f1f8f49c" source="id-0b697655-4c01-4d4a-a084-cfa6b5a64666" target="c8e54703-7c23-4068-be80-077321532214" xsi:type="Assignment" />
    <relationship identifier="id-85c4eab2-a8d2-4165-8f19-79a371e62e36" source="afbc9a34-8dfc-4fbe-bcae-f8d0c925cb49" target="c8107a72-56bd-42a3-8176-65eec977bfc0" xsi:type="Association" />
    <relationship identifier="id-7442be88-bd3d-4ce3-9d5a-7047d88ca558" source="id-853fa38c-f1cb-4c9b-9a58-25fd6f4aba81" target="id-0cec38ca-8574-4f6c-8329-8be1c948c2ac" xsi:type="Flow" />
    <relationship identifier="id-1fecd7a4-3f7e-425f-833c-1a196de12793" source="afbc9a34-8dfc-4fbe-bcae-f8d0c925cb49" target="id-4bb83e92-6e18-498f-9d05-0df0de96c2b5" xsi:type="Association" />
    <relationship identifier="aa6c9697-003b-47ab-9242-1f00b1cc58c5" source="id-11757107-2007-403f-bed6-d1608846fc71" target="id-2059e39f-3f4d-4570-96bf-eac5f9657810" xsi:type="Assignment" />
    <relationship identifier="id-37af35ad-4a02-4815-b879-c9258a2209a5" source="b6996df8-6bdd-4ac8-9c04-95f7d40e281c" target="a14bf058-050e-4245-ab42-1b74cb6174ea" xsi:type="Assignment" />
    <relationship identifier="id-54122d7f-b6f6-4c04-9a6e-dc24f9aad888" source="b5fadd70-8dc7-4c40-9980-6139678e15d3" target="e539387e-3d7f-4421-a341-a90a5d2840c2" xsi:type="Serving" />
    <relationship identifier="id-83232415-86ed-4333-88f6-f4b8b3103330" source="id-2b469dfb-2103-45d2-8b3b-cb395634672d" target="id-32dbce09-12ec-4cca-91a6-e90c07f0d173" xsi:type="Flow" />
    <relationship identifier="f8beac0d-faed-4f5a-9c4d-835b4641572d" source="b5fadd70-8dc7-4c40-9980-6139678e15d3" target="a79ffe21-3af9-4e04-9629-764bc142b89f" xsi:type="Realization" />
    <relationship identifier="e484e6b4-8b3f-4cd1-af14-c4b929830d0d" source="id-64a8419b-bf3d-46d0-8acf-cba39b8bafb6" target="id-3e02f491-ace0-4de6-8491-9177b55c4968" xsi:type="Assignment" />
    <relationship identifier="f8d936d8-21e3-490e-9632-1e3563f283e3" source="id-36c99748-9f0c-4477-9c64-2eed2c61f252" target="id-2b469dfb-2103-45d2-8b3b-cb395634672d" xsi:type="Flow" />
    <relationship identifier="a6ac6ce7-719a-465f-a43b-245745d21d3b" source="a79ffe21-3af9-4e04-9629-764bc142b89f" target="id-7e40bf5b-ac39-4d46-aa15-bdf77993ab04" xsi:type="Flow" />
    <relationship identifier="a1d09bac-d31d-4816-95cc-2c6515fcdba8" source="b6996df8-6bdd-4ac8-9c04-95f7d40e281c" target="id-80daea95-5aae-43dc-b4d6-4091bb0647a1" xsi:type="Realization" />
    <relationship identifier="id-52428ef2-1a35-447d-b043-684b21e7bc99" source="id-7e40bf5b-ac39-4d46-aa15-bdf77993ab04" target="a14bf058-050e-4245-ab42-1b74cb6174ea" xsi:type="Flow" />
    <relationship identifier="e84db7ca-45ae-4ce2-a2c5-6190a0f0c699" source="id-36c99748-9f0c-4477-9c64-2eed2c61f252" target="a79ffe21-3af9-4e04-9629-764bc142b89f" xsi:type="Flow" />
    <relationship identifier="id-393eb295-5e32-450e-8a9f-62c60790cc00" source="b5fadd70-8dc7-4c40-9980-6139678e15d3" target="id-36c99748-9f0c-4477-9c64-2eed2c61f252" xsi:type="Realization" />
    <relationship identifier="aa016921-5c81-4f57-8d9b-61c6965295f4" source="b6996df8-6bdd-4ac8-9c04-95f7d40e281c" target="id-1863521d-04a0-46ab-9a30-980584326444" xsi:type="Serving" />
    <relationship identifier="c4cbd61a-2345-4c26-9b5e-e80a1da6d4cb" source="id-64a8419b-bf3d-46d0-8acf-cba39b8bafb6" target="id-80daea95-5aae-43dc-b4d6-4091bb0647a1" xsi:type="Realization" />
    <relationship identifier="fa9b07db-1f2b-46f0-a9ec-7866af0e918c" source="id-80daea95-5aae-43dc-b4d6-4091bb0647a1" target="id-7e40bf5b-ac39-4d46-aa15-bdf77993ab04" xsi:type="Association" />
    <relationship identifier="b7849050-03f6-4591-b3f2-99f91d53b04b" source="b6996df8-6bdd-4ac8-9c04-95f7d40e281c" target="id-32dbce09-12ec-4cca-91a6-e90c07f0d173" xsi:type="Assignment" />
    <relationship identifier="id-36bbf8e3-b20a-4192-9e02-d143d418dc94" source="id-1863521d-04a0-46ab-9a30-980584326444" target="e3ef13b1-a208-41c1-b701-5568c65beadf" xsi:type="Flow" />
    <relationship identifier="id-98db6122-a6b8-46bf-ab83-4c5124490b99" source="id-80daea95-5aae-43dc-b4d6-4091bb0647a1" target="id-2b469dfb-2103-45d2-8b3b-cb395634672d" xsi:type="Association" />
    <relationship identifier="a779ce9c-c391-46b9-84cf-85b61ecddd9e" source="id-64a8419b-bf3d-46d0-8acf-cba39b8bafb6" target="id-6b66e191-cc06-4c0c-a5d0-ec66f85c9fa5" xsi:type="Assignment" />
    <relationship identifier="id-2fe871ee-fe34-4d86-bc19-19701af081cf" source="id-937f35ab-b650-47b9-a1db-88636176d721" target="be7e3255-09cb-4ede-9b6f-ecc536c1058d" xsi:type="Access" accessType="Write" />
    <relationship identifier="c5f0bd49-1068-4eca-aef7-d94947a12aaa" source="id-80daea95-5aae-43dc-b4d6-4091bb0647a1" target="be7e3255-09cb-4ede-9b6f-ecc536c1058d" xsi:type="Association" />
    <relationship identifier="cc1daa6a-9fd3-4cc2-95ce-351d153115e8" source="id-937f35ab-b650-47b9-a1db-88636176d721" target="b5fadd70-8dc7-4c40-9980-6139678e15d3" xsi:type="Assignment" />
    <relationship identifier="id-42d7ddc5-8987-4d68-8908-9022d44445cc" source="e3ef13b1-a208-41c1-b701-5568c65beadf" target="e539387e-3d7f-4421-a341-a90a5d2840c2" xsi:type="Flow" />
    <relationship identifier="id-6d722284-268f-4dd8-b35e-66b85260906d" source="id-5de2d6ce-ee21-407d-8ab2-9bb74b944abf" target="abd9d16e-b41f-4717-bf59-19602cc9fc03" xsi:type="Flow" />
    <relationship identifier="id-08d1455f-df90-4a8f-8153-c524e5a381fd" source="id-014f2fef-fb94-44ef-81a7-8e7bafbebebb" target="d0e45bc3-9eff-4d25-9484-c0f31fb4b2e3" xsi:type="Flow" />
    <relationship identifier="f4c14fee-4f4b-48ca-8cd4-60f03bdeb890" source="id-7984336b-6317-4df4-9c94-9d3f60794137" target="id-5de2d6ce-ee21-407d-8ab2-9bb74b944abf" xsi:type="Realization" />
    <relationship identifier="id-17e52be7-340e-41e8-91bb-eaf783aaed78" source="a1de479e-9802-49d4-a5da-c713011196df" target="id-3e6a0e6a-1a23-4078-856d-e8a9e362037c" xsi:type="Realization" />
    <relationship identifier="id-70009b99-8ec6-4b73-9e70-4e6167ce49ed" source="id-4e59b009-dd13-43bf-81a4-9db8e6b036c2" target="id-3d85270b-babd-44f1-85bb-d275ed633398" xsi:type="Access" accessType="Write" />
    <relationship identifier="e7ed9a80-bebf-4f03-a7b0-8ca281d77209" source="id-3e6a0e6a-1a23-4078-856d-e8a9e362037c" target="bfd9fd4b-6136-4132-a831-7219cffe8ddf" xsi:type="Association" />
    <relationship identifier="id-1de8aa4c-49f4-483e-b4cc-6b9c9d29e1a1" source="id-45b71199-3c61-4c2a-9dd7-18bc945363c7" target="d2d43a0f-1ff8-44de-bf31-7e0293305a66" xsi:type="Flow" />
    <relationship identifier="id-0520eb9a-4d7e-4e71-9716-4a6e94f65105" source="abd9d16e-b41f-4717-bf59-19602cc9fc03" target="id-44c8ec2e-ce4c-4a87-af11-bcf8a1c987ad" xsi:type="Flow" />
    <relationship identifier="id-7d259d64-d9ed-47bc-8d11-2592a3e521d9" source="id-3e6a0e6a-1a23-4078-856d-e8a9e362037c" target="id-3d85270b-babd-44f1-85bb-d275ed633398" xsi:type="Association" />
    <relationship identifier="fd561e6a-d78c-493f-b6b9-64fabca5b42e" source="id-7984336b-6317-4df4-9c94-9d3f60794137" target="d0e45bc3-9eff-4d25-9484-c0f31fb4b2e3" xsi:type="Serving" />
    <relationship identifier="id-5c18acec-1322-4870-9d00-c0fc463d7144" source="id-5de2d6ce-ee21-407d-8ab2-9bb74b944abf" target="d2d43a0f-1ff8-44de-bf31-7e0293305a66" xsi:type="Flow" />
    <relationship identifier="id-060d63aa-52bd-4a6e-810f-42c46986daff" source="id-4e59b009-dd13-43bf-81a4-9db8e6b036c2" target="id-7984336b-6317-4df4-9c94-9d3f60794137" xsi:type="Assignment" />
    <relationship identifier="c2636637-1818-4943-b6af-2459819fdea9" source="afab0f5c-a3d9-479f-b964-db130d439a76" target="d2d43a0f-1ff8-44de-bf31-7e0293305a66" xsi:type="Assignment" />
    <relationship identifier="id-5817e0c8-84c9-41e6-bb73-19012983b9c7" source="id-3e6a0e6a-1a23-4078-856d-e8a9e362037c" target="e3d8fea0-623e-4fba-a0a7-3ca6c06d55d3" xsi:type="Association" />
    <relationship identifier="id-7cc9118c-bfae-45de-ab10-eee6e74b244d" source="afab0f5c-a3d9-479f-b964-db130d439a76" target="id-45b71199-3c61-4c2a-9dd7-18bc945363c7" xsi:type="Serving" />
    <relationship identifier="id-6f42f069-7078-4131-a384-00a5b7b96e01" source="id-7984336b-6317-4df4-9c94-9d3f60794137" target="abd9d16e-b41f-4717-bf59-19602cc9fc03" xsi:type="Realization" />
    <relationship identifier="id-2da993d7-4ae1-4f8b-be33-0385e4469e82" source="id-014f2fef-fb94-44ef-81a7-8e7bafbebebb" target="id-44c8ec2e-ce4c-4a87-af11-bcf8a1c987ad" xsi:type="Flow" />
    <relationship identifier="id-2a023c49-771c-45c4-bb8b-0b6d117afe06" source="afab0f5c-a3d9-479f-b964-db130d439a76" target="id-3e6a0e6a-1a23-4078-856d-e8a9e362037c" xsi:type="Realization" />
    <relationship identifier="id-12c64d01-b26e-452a-bc3e-7fce4e11dffa" source="afab0f5c-a3d9-479f-b964-db130d439a76" target="id-44c8ec2e-ce4c-4a87-af11-bcf8a1c987ad" xsi:type="Assignment" />
    <relationship identifier="dd6d1650-0e0d-40f6-886a-5d08e1e8a689" source="a1de479e-9802-49d4-a5da-c713011196df" target="id-0acff186-cfe5-4064-829d-fa995de75090" xsi:type="Assignment" />
    <relationship identifier="ef00f6f5-2a87-426c-992a-60cd23c032a9" source="a1de479e-9802-49d4-a5da-c713011196df" target="c1c59ebc-269e-41f3-835b-f051740dfcc3" xsi:type="Assignment" />
    <relationship identifier="bad82117-b322-4743-8da1-b45e73976eb7" source="id-45b71199-3c61-4c2a-9dd7-18bc945363c7" target="d0e45bc3-9eff-4d25-9484-c0f31fb4b2e3" xsi:type="Flow" />
  </relationships>
  <organizations>
    <item>
      <label xml:lang="en">Application</label>
      <item identifierRef="id-4fd062d6" />
      <item identifierRef="fa148266" />
      <item identifierRef="id-78eecdfe" />
      <item identifierRef="id-53cc3895" />
      <item identifierRef="ec2acf9a" />
      <item identifierRef="id-2411ebfd" />
      <item identifierRef="id-0c5ee796" />
      <item identifierRef="be5a9855" />
      <item identifierRef="e71df415" />
      <item identifierRef="efaf0601" />
      <item identifierRef="id-33bb4047" />
      <item identifierRef="f817c139" />
      <item identifierRef="id-31b6699e" />
      <item identifierRef="id-035e90d1" />
      <item identifierRef="id-17e74844" />
      <item identifierRef="d497f058" />
      <item identifierRef="id-0f15f359" />
      <item identifierRef="id-48b23faf" />
      <item identifierRef="id-28db4948" />
      <item identifierRef="id-0627102b" />
      <item identifierRef="cb303104" />
      <item identifierRef="c89a34ea" />
      <item identifierRef="id-37ee1620" />
      <item identifierRef="b1982144" />
      <item identifierRef="id-9852126a" />
      <item identifierRef="c56b24cb" />
      <item identifierRef="d301c11f" />
      <item identifierRef="id-3a472666" />
      <item identifierRef="id-8e08efa2" />
      <item identifierRef="id-0fdb8e84" />
      <item identifierRef="id-0cec38ca-8574-4f6c-8329-8be1c948c2ac" />
      <item identifierRef="id-853fa38c-f1cb-4c9b-9a58-25fd6f4aba81" />
      <item identifierRef="afbc9a34-8dfc-4fbe-bcae-f8d0c925cb49" />
      <item identifierRef="id-621d0fe9-b4fb-431a-bec4-0ee3b5c80efb" />
      <item identifierRef="id-4bb83e92-6e18-498f-9d05-0df0de96c2b5" />
      <item identifierRef="c8107a72-56bd-42a3-8176-65eec977bfc0" />
      <item identifierRef="e1d08db1-14d9-40ff-8eee-1e53b17012d0" />
      <item identifierRef="aa3da1cd-fb7c-461c-af55-8dae1ea83970" />
      <item identifierRef="id-0b697655-4c01-4d4a-a084-cfa6b5a64666" />
      <item identifierRef="id-6b2699ae-9908-4dfd-b587-a0feb0b37800" />
      <item identifierRef="c8e54703-7c23-4068-be80-077321532214" />
      <item identifierRef="id-11757107-2007-403f-bed6-d1608846fc71" />
      <item identifierRef="id-2059e39f-3f4d-4570-96bf-eac5f9657810" />
      <item identifierRef="id-1052e6d4-4d38-4dbf-9bad-084b0a264c62" />
      <item identifierRef="e539387e-3d7f-4421-a341-a90a5d2840c2" />
      <item identifierRef="id-1863521d-04a0-46ab-9a30-980584326444" />
      <item identifierRef="id-80daea95-5aae-43dc-b4d6-4091bb0647a1" />
      <item identifierRef="id-7e40bf5b-ac39-4d46-aa15-bdf77993ab04" />
      <item identifierRef="id-2b469dfb-2103-45d2-8b3b-cb395634672d" />
      <item identifierRef="b5fadd70-8dc7-4c40-9980-6139678e15d3" />
      <item identifierRef="id-36c99748-9f0c-4477-9c64-2eed2c61f252" />
      <item identifierRef="a79ffe21-3af9-4e04-9629-764bc142b89f" />
      <item identifierRef="b6996df8-6bdd-4ac8-9c04-95f7d40e281c" />
      <item identifierRef="a14bf058-050e-4245-ab42-1b74cb6174ea" />
      <item identifierRef="id-32dbce09-12ec-4cca-91a6-e90c07f0d173" />
      <item identifierRef="id-64a8419b-bf3d-46d0-8acf-cba39b8bafb6" />
      <item identifierRef="id-6b66e191-cc06-4c0c-a5d0-ec66f85c9fa5" />
      <item identifierRef="id-3e02f491-ace0-4de6-8491-9177b55c4968" />
      <item identifierRef="id-937f35ab-b650-47b9-a1db-88636176d721" />
      <item identifierRef="be7e3255-09cb-4ede-9b6f-ecc536c1058d" />
      <item identifierRef="e3ef13b1-a208-41c1-b701-5568c65beadf" />
      <item identifierRef="d0e45bc3-9eff-4d25-9484-c0f31fb4b2e3" />
      <item identifierRef="id-45b71199-3c61-4c2a-9dd7-18bc945363c7" />
      <item identifierRef="id-014f2fef-fb94-44ef-81a7-8e7bafbebebb" />
      <item identifierRef="id-3e6a0e6a-1a23-4078-856d-e8a9e362037c" />
      <item identifierRef="e3d8fea0-623e-4fba-a0a7-3ca6c06d55d3" />
      <item identifierRef="bfd9fd4b-6136-4132-a831-7219cffe8ddf" />
      <item identifierRef="afab0f5c-a3d9-479f-b964-db130d439a76" />
      <item identifierRef="d2d43a0f-1ff8-44de-bf31-7e0293305a66" />
      <item identifierRef="id-44c8ec2e-ce4c-4a87-af11-bcf8a1c987ad" />
      <item identifierRef="a1de479e-9802-49d4-a5da-c713011196df" />
      <item identifierRef="id-0acff186-cfe5-4064-829d-fa995de75090" />
      <item identifierRef="c1c59ebc-269e-41f3-835b-f051740dfcc3" />
      <item identifierRef="id-4e59b009-dd13-43bf-81a4-9db8e6b036c2" />
      <item identifierRef="id-3d85270b-babd-44f1-85bb-d275ed633398" />
      <item identifierRef="id-7984336b-6317-4df4-9c94-9d3f60794137" />
      <item identifierRef="id-5de2d6ce-ee21-407d-8ab2-9bb74b944abf" />
      <item identifierRef="abd9d16e-b41f-4717-bf59-19602cc9fc03" />
    </item>
    <item>
      <label xml:lang="en">Relations</label>
      <item identifierRef="ff2738c4" />
      <item identifierRef="id-0dd3df2d" />
      <item identifierRef="id-7635b9b8" />
      <item identifierRef="id-5680e89b" />
      <item identifierRef="c84450ac" />
      <item identifierRef="id-0778bd78" />
      <item identifierRef="bb0f813b" />
      <item identifierRef="id-75061ba0" />
      <item identifierRef="id-91c0a6f1" />
      <item identifierRef="id-15caecee" />
      <item identifierRef="f1ca4f51" />
      <item identifierRef="b07f4cbb" />
      <item identifierRef="id-3c7576cf" />
      <item identifierRef="id-587dd278" />
      <item identifierRef="e94877cc" />
      <item identifierRef="ee2bb936" />
      <item identifierRef="c2005e14" />
      <item identifierRef="id-9f0a9b2b" />
      <item identifierRef="id-05665c1d" />
      <item identifierRef="id-2118c9dc" />
      <item identifierRef="id-4936a3ab" />
      <item identifierRef="id-3b19c671" />
      <item identifierRef="id-928893dd" />
      <item identifierRef="id-43bb764b" />
      <item identifierRef="id-77ec37b4" />
      <item identifierRef="a2c967b3" />
      <item identifierRef="id-83bf39f7" />
      <item identifierRef="id-6850ee22" />
      <item identifierRef="c553f8c5" />
      <item identifierRef="id-3ea92de2" />
      <item identifierRef="id-56845bab" />
      <item identifierRef="b39c00a0" />
      <item identifierRef="e9a48fe8" />
      <item identifierRef="id-04231405" />
      <item identifierRef="eeb376ce" />
      <item identifierRef="fdc607d9" />
      <item identifierRef="id-58c3b7c6" />
      <item identifierRef="d7f26581" />
      <item identifierRef="id-01b915e3" />
      <item identifierRef="id-8ab66592" />
      <item identifierRef="f7a6ee8d" />
      <item identifierRef="b839c3c0" />
      <item identifierRef="d51da7dd" />
      <item identifierRef="bd7ef10a" />
      <item identifierRef="bf924a4f" />
      <item identifierRef="id-574d289e" />
      <item identifierRef="id-17ae5652-0ec0-45a8-a34b-c65030a39949" />
      <item identifierRef="id-2c44ad7b-f1eb-41c8-b28a-29466bb1765b" />
      <item identifierRef="id-049f6ed1-7b7c-4ac6-84b5-7e77d196ffcc" />
      <item identifierRef="id-364c3080-3fc6-4e6e-967a-089c958cfde8" />
      <item identifierRef="fa674c06-a2fe-427a-aec1-9b868f286159" />
      <item identifierRef="id-85eb0ba2-61b7-4c8d-ae5a-5dd993d293dd" />
      <item identifierRef="id-035e8201-78b0-4341-8abf-16a22d04cdbc" />
      <item identifierRef="id-4bff3c4c-df8b-4a7c-9212-6c1bb0059f6d" />
      <item identifierRef="id-3737d228-0cb5-4b8a-93ef-081ea76d6834" />
      <item identifierRef="id-17b23dfb-295b-4e2d-9fbd-40f8e8de1832" />
      <item identifierRef="id-96ae566c-23b8-4fe5-bb8d-d4c3688ed1ab" />
      <item identifierRef="id-79ac9071-6cdd-441c-a8b7-468079e180d5" />
      <item identifierRef="id-0b689498-bd2b-4c98-a8da-6597ffc68731" />
      <item identifierRef="id-132960c2-c1e8-4ef6-b86a-f86ddc3ca546" />
      <item identifierRef="id-075f097c-482e-4202-b4cd-8856f1f8f49c" />
      <item identifierRef="id-85c4eab2-a8d2-4165-8f19-79a371e62e36" />
      <item identifierRef="id-7442be88-bd3d-4ce3-9d5a-7047d88ca558" />
      <item identifierRef="id-1fecd7a4-3f7e-425f-833c-1a196de12793" />
      <item identifierRef="aa6c9697-003b-47ab-9242-1f00b1cc58c5" />
      <item identifierRef="id-37af35ad-4a02-4815-b879-c9258a2209a5" />
      <item identifierRef="id-54122d7f-b6f6-4c04-9a6e-dc24f9aad888" />
      <item identifierRef="id-83232415-86ed-4333-88f6-f4b8b3103330" />
      <item identifierRef="f8beac0d-faed-4f5a-9c4d-835b4641572d" />
      <item identifierRef="e484e6b4-8b3f-4cd1-af14-c4b929830d0d" />
      <item identifierRef="f8d936d8-21e3-490e-9632-1e3563f283e3" />
      <item identifierRef="a6ac6ce7-719a-465f-a43b-245745d21d3b" />
      <item identifierRef="a1d09bac-d31d-4816-95cc-2c6515fcdba8" />
      <item identifierRef="id-52428ef2-1a35-447d-b043-684b21e7bc99" />
      <item identifierRef="e84db7ca-45ae-4ce2-a2c5-6190a0f0c699" />
      <item identifierRef="id-393eb295-5e32-450e-8a9f-62c60790cc00" />
      <item identifierRef="aa016921-5c81-4f57-8d9b-61c6965295f4" />
      <item identifierRef="c4cbd61a-2345-4c26-9b5e-e80a1da6d4cb" />
      <item identifierRef="fa9b07db-1f2b-46f0-a9ec-7866af0e918c" />
      <item identifierRef="b7849050-03f6-4591-b3f2-99f91d53b04b" />
      <item identifierRef="id-36bbf8e3-b20a-4192-9e02-d143d418dc94" />
      <item identifierRef="id-98db6122-a6b8-46bf-ab83-4c5124490b99" />
      <item identifierRef="a779ce9c-c391-46b9-84cf-85b61ecddd9e" />
      <item identifierRef="id-2fe871ee-fe34-4d86-bc19-19701af081cf" />
      <item identifierRef="c5f0bd49-1068-4eca-aef7-d94947a12aaa" />
      <item identifierRef="cc1daa6a-9fd3-4cc2-95ce-351d153115e8" />
      <item identifierRef="id-42d7ddc5-8987-4d68-8908-9022d44445cc" />
      <item identifierRef="id-6d722284-268f-4dd8-b35e-66b85260906d" />
      <item identifierRef="id-08d1455f-df90-4a8f-8153-c524e5a381fd" />
      <item identifierRef="f4c14fee-4f4b-48ca-8cd4-60f03bdeb890" />
      <item identifierRef="id-17e52be7-340e-41e8-91bb-eaf783aaed78" />
      <item identifierRef="id-70009b99-8ec6-4b73-9e70-4e6167ce49ed" />
      <item identifierRef="e7ed9a80-bebf-4f03-a7b0-8ca281d77209" />
      <item identifierRef="id-1de8aa4c-49f4-483e-b4cc-6b9c9d29e1a1" />
      <item identifierRef="id-0520eb9a-4d7e-4e71-9716-4a6e94f65105" />
      <item identifierRef="id-7d259d64-d9ed-47bc-8d11-2592a3e521d9" />
      <item identifierRef="fd561e6a-d78c-493f-b6b9-64fabca5b42e" />
      <item identifierRef="id-5c18acec-1322-4870-9d00-c0fc463d7144" />
      <item identifierRef="id-060d63aa-52bd-4a6e-810f-42c46986daff" />
      <item identifierRef="c2636637-1818-4943-b6af-2459819fdea9" />
      <item identifierRef="id-5817e0c8-84c9-41e6-bb73-19012983b9c7" />
      <item identifierRef="id-7cc9118c-bfae-45de-ab10-eee6e74b244d" />
      <item identifierRef="id-6f42f069-7078-4131-a384-00a5b7b96e01" />
      <item identifierRef="id-2da993d7-4ae1-4f8b-be33-0385e4469e82" />
      <item identifierRef="id-2a023c49-771c-45c4-bb8b-0b6d117afe06" />
      <item identifierRef="id-12c64d01-b26e-452a-bc3e-7fce4e11dffa" />
      <item identifierRef="dd6d1650-0e0d-40f6-886a-5d08e1e8a689" />
      <item identifierRef="ef00f6f5-2a87-426c-992a-60cd23c032a9" />
      <item identifierRef="bad82117-b322-4743-8da1-b45e73976eb7" />
    </item>
    <item>
      <label xml:lang="en">Views</label>
      <item identifierRef="id-5db4a1de" />
      <item identifierRef="id-9b5de60a" />
      <item identifierRef="id-1eb67abd-3d2a-4c3f-ac9e-fae865195b6e" />
    </item>
  </organizations>
  <views>
    <diagrams>
      <view identifier="id-5db4a1de" xsi:type="Diagram">
        <name xml:lang="en">template</name>
        <node identifier="d644a9d6" x="319" y="181" w="549" h="190" xsi:type="Container">
          <label xml:lang="en">programm</label>
          <style>
            <fillColor r="210" g="215" b="215" a="100" />
            <lineColor r="92" g="92" b="92" a="100" />
            <font name="Lucida Grande" size="12">
              <color r="0" g="0" b="0" />
            </font>
          </style>
          <node identifier="id-372f9896" elementRef="id-17e74844" xsi:type="Element" x="593" y="251" w="120" h="55">
            <style>
              <fillColor r="181" g="255" b="255" a="100" />
              <lineColor r="92" g="92" b="92" a="100" />
              <font name="Lucida Grande" size="12">
                <color r="0" g="0" b="0" />
              </font>
            </style>
          </node>
          <node identifier="ef39cbf1" elementRef="d497f058" xsi:type="Element" x="353" y="251" w="120" h="55">
            <style>
              <fillColor r="181" g="255" b="255" a="100" />
              <lineColor r="92" g="92" b="92" a="100" />
              <font name="Lucida Grande" size="12">
                <color r="0" g="0" b="0" />
              </font>
            </style>
          </node>
        </node>
        <node identifier="id-869610a8" xsi:type="Label" x="355" y="375" w="117" h="41">
          <label xml:lang="en">select:  A or B &#xD;
(for example A)</label>
          <style>
            <fillColor r="255" g="255" b="255" a="100" />
            <lineColor r="92" g="92" b="92" a="100" />
            <font name="Lucida Grande" size="12">
              <color r="255" g="0" b="0" />
            </font>
          </style>
        </node>
        <node identifier="id-71bb97b7" elementRef="b1982144" xsi:type="Element" x="319" y="415" w="550" h="290">
          <style>
            <fillColor r="181" g="255" b="255" a="100" />
            <lineColor r="92" g="92" b="92" a="100" />
            <font name="Lucida Grande" size="12">
              <color r="0" g="0" b="0" />
            </font>
          </style>
          <node identifier="id-278aaf73" elementRef="c56b24cb" xsi:type="Element" x="654" y="570" w="120" h="55">
            <style>
              <fillColor r="181" g="255" b="255" a="100" />
              <lineColor r="92" g="92" b="92" a="100" />
              <font name="Lucida Grande" size="12">
                <color r="0" g="0" b="0" />
              </font>
            </style>
          </node>
          <node identifier="e95a5c28" elementRef="d301c11f" xsi:type="Element" x="654" y="640" w="120" h="55">
            <style>
              <fillColor r="181" g="255" b="255" a="100" />
              <lineColor r="92" g="92" b="92" a="100" />
              <font name="Lucida Grande" size="12">
                <color r="0" g="0" b="0" />
              </font>
            </style>
          </node>
          <node identifier="id-8352b03b" elementRef="fa148266" xsi:type="Element" x="488" y="450" w="350" h="100">
            <style>
              <fillColor r="181" g="255" b="255" a="100" />
              <lineColor r="92" g="92" b="92" a="100" />
              <font name="Lucida Grande" size="12">
                <color r="255" g="0" b="0" />
              </font>
            </style>
            <node identifier="id-4f02ee31" elementRef="id-78eecdfe" xsi:type="Element" x="508" y="480" w="120" h="55">
              <style>
                <fillColor r="181" g="255" b="255" a="100" />
                <lineColor r="92" g="92" b="92" a="100" />
                <font name="Lucida Grande" size="12">
                  <color r="0" g="0" b="0" />
                </font>
              </style>
            </node>
            <node identifier="c8c7437e" elementRef="id-53cc3895" xsi:type="Element" x="698" y="480" w="120" h="55">
              <style>
                <fillColor r="181" g="255" b="255" a="100" />
                <lineColor r="92" g="92" b="92" a="100" />
                <font name="Lucida Grande" size="12">
                  <color r="0" g="0" b="0" />
                </font>
              </style>
            </node>
          </node>
        </node>
        <node identifier="id-0b2c7b1c" elementRef="id-9852126a" xsi:type="Element" x="319" y="735" w="549" h="290">
          <style>
            <fillColor r="181" g="255" b="255" a="100" />
            <lineColor r="92" g="92" b="92" a="100" />
            <font name="Lucida Grande" size="12">
              <color r="0" g="0" b="0" />
            </font>
          </style>
          <node identifier="id-1b216c3b" elementRef="id-33bb4047" xsi:type="Element" x="634" y="880" w="120" h="55">
            <style>
              <fillColor r="181" g="255" b="255" a="100" />
              <lineColor r="92" g="92" b="92" a="100" />
              <font name="Lucida Grande" size="12">
                <color r="0" g="0" b="0" />
              </font>
            </style>
          </node>
          <node identifier="id-906ff4da" elementRef="f817c139" xsi:type="Element" x="634" y="950" w="120" h="55">
            <style>
              <fillColor r="181" g="255" b="255" a="100" />
              <lineColor r="92" g="92" b="92" a="100" />
              <font name="Lucida Grande" size="12">
                <color r="0" g="0" b="0" />
              </font>
            </style>
          </node>
        </node>
        <node identifier="b649239d" elementRef="id-0fdb8e84" xsi:type="Element" x="319" y="1060" w="549" h="290">
          <style>
            <fillColor r="181" g="255" b="255" a="100" />
            <lineColor r="92" g="92" b="92" a="100" />
            <font name="Lucida Grande" size="12">
              <color r="0" g="0" b="0" />
            </font>
          </style>
          <node identifier="id-79845f28" elementRef="id-3a472666" xsi:type="Element" x="639" y="1200" w="120" h="55">
            <style>
              <fillColor r="181" g="255" b="255" a="100" />
              <lineColor r="92" g="92" b="92" a="100" />
              <font name="Lucida Grande" size="12">
                <color r="0" g="0" b="0" />
              </font>
            </style>
          </node>
          <node identifier="id-68ec6ecd" elementRef="id-8e08efa2" xsi:type="Element" x="639" y="1270" w="120" h="55">
            <style>
              <fillColor r="181" g="255" b="255" a="100" />
              <lineColor r="92" g="92" b="92" a="100" />
              <font name="Lucida Grande" size="12">
                <color r="0" g="0" b="0" />
              </font>
            </style>
          </node>
        </node>
        <node identifier="id-6454fd52" xsi:type="Label" x="820" y="460" w="185" h="80">
          <label xml:lang="en">The method which is fully realized in terms of other methods</label>
          <style>
            <fillColor r="255" g="255" b="255" a="100" />
            <lineColor r="92" g="92" b="92" a="100" />
            <font name="Lucida Grande" size="12">
              <color r="255" g="0" b="0" />
            </font>
          </style>
        </node>
        <connection identifier="id-2857e647" relationshipRef="id-77ec37b4" xsi:type="Relationship" source="ef39cbf1" target="id-372f9896">
          <style>
            <lineColor r="0" g="0" b="0" />
            <font name="Lucida Grande" size="12">
              <color r="0" g="0" b="0" />
            </font>
          </style>
        </connection>
        <connection identifier="id-2856f4c0" relationshipRef="id-574d289e" xsi:type="Relationship" source="id-278aaf73" target="id-1b216c3b">
          <style>
            <lineColor r="255" g="0" b="0" />
            <font name="Lucida Grande" size="12">
              <color r="0" g="0" b="0" />
            </font>
          </style>
          <bendpoint x="735" y="755" />
        </connection>
        <connection identifier="b79bfc43" relationshipRef="bf924a4f" xsi:type="Relationship" source="e95a5c28" target="id-906ff4da">
          <style>
            <lineColor r="255" g="0" b="0" />
            <font name="Lucida Grande" size="12">
              <color r="0" g="0" b="0" />
            </font>
          </style>
          <bendpoint x="675" y="815" />
        </connection>
        <connection identifier="id-3be65f1a" relationshipRef="f7a6ee8d" xsi:type="Relationship" source="id-8352b03b" target="id-372f9896">
          <style>
            <lineColor r="255" g="0" b="0" />
            <font name="Lucida Grande" size="12">
              <color r="0" g="0" b="0" />
            </font>
          </style>
        </connection>
        <connection identifier="f509c519" relationshipRef="bb0f813b" xsi:type="Relationship" source="id-4f02ee31" target="c8c7437e">
          <style>
            <lineColor r="255" g="0" b="0" />
            <font name="Lucida Grande" size="12">
              <color r="0" g="0" b="0" />
            </font>
          </style>
        </connection>
        <connection identifier="id-4af51580" relationshipRef="c553f8c5" xsi:type="Relationship" source="id-4f02ee31" target="e95a5c28">
          <style>
            <lineColor r="255" g="0" b="0" />
            <font name="Lucida Grande" size="12">
              <color r="0" g="0" b="0" />
            </font>
          </style>
          <bendpoint x="624" y="670" />
        </connection>
        <connection identifier="id-65b17d22" relationshipRef="id-3ea92de2" xsi:type="Relationship" source="c8c7437e" target="id-278aaf73">
          <style>
            <lineColor r="255" g="0" b="0" />
            <font name="Lucida Grande" size="12">
              <color r="0" g="0" b="0" />
            </font>
          </style>
        </connection>
        <connection identifier="id-20d28ca7" relationshipRef="id-58c3b7c6" xsi:type="Relationship" source="id-0b2c7b1c" target="id-71bb97b7">
          <style>
            <lineColor r="0" g="0" b="255" />
            <font name="Lucida Grande" size="12">
              <color r="0" g="0" b="0" />
            </font>
          </style>
          <bendpoint x="375" y="729" />
        </connection>
        <connection identifier="e301c0bb" relationshipRef="id-8ab66592" xsi:type="Relationship" source="id-0b2c7b1c" target="ef39cbf1">
          <style>
            <lineColor r="0" g="0" b="0" />
            <font name="Lucida Grande" size="12">
              <color r="0" g="0" b="0" />
            </font>
          </style>
          <bendpoint x="390" y="520" />
        </connection>
        <connection identifier="c1bdefe8" relationshipRef="bd7ef10a" xsi:type="Relationship" source="b649239d" target="id-71bb97b7">
          <style>
            <lineColor r="0" g="0" b="255" />
            <font name="Lucida Grande" size="12">
              <color r="0" g="0" b="0" />
            </font>
          </style>
          <bendpoint x="345" y="864" />
        </connection>
      </view>
      <view identifier="id-9b5de60a" xsi:type="Diagram">
        <name xml:lang="en">uml</name>
        <node identifier="id-6aab347c" x="319" y="415" w="550" h="290" xsi:type="Container">
          <label xml:lang="en">class abstract</label>
          <documentation xml:lang="en">алгоритм работы зашит в отдельном классе</documentation>
          <style>
            <fillColor r="210" g="215" b="215" a="100" />
            <lineColor r="92" g="92" b="92" a="100" />
            <font name="Lucida Grande" size="12">
              <color r="0" g="0" b="0" />
            </font>
          </style>
          <node identifier="id-633ced09" elementRef="fa148266" xsi:type="Element" x="484" y="595" w="350" h="100">
            <style>
              <fillColor r="181" g="255" b="255" a="100" />
              <lineColor r="92" g="92" b="92" a="100" />
              <font name="Lucida Grande" size="12">
                <color r="0" g="0" b="0" />
              </font>
            </style>
            <node identifier="id-1212e085" xsi:type="Label" x="584" y="615" w="151" h="76">
              <label xml:lang="en">..&#xD;
method 1 ( )&#xD;
..&#xD;
method 2 ( )&#xD;
..</label>
              <style>
                <fillColor r="255" g="255" b="255" a="100" />
                <lineColor r="92" g="92" b="92" a="100" />
                <font name="Lucida Grande" size="12">
                  <color r="255" g="0" b="0" />
                </font>
              </style>
            </node>
          </node>
          <node identifier="ef2d0325" elementRef="b1982144" xsi:type="Element" x="334" y="445" w="120" h="55">
            <style>
              <fillColor r="181" g="255" b="255" a="100" />
              <lineColor r="92" g="92" b="92" a="100" />
              <font name="Lucida Grande" size="12">
                <color r="0" g="0" b="0" />
              </font>
            </style>
          </node>
          <node identifier="id-5c49f187" elementRef="c56b24cb" xsi:type="Element" x="484" y="445" w="120" h="55">
            <style>
              <fillColor r="181" g="255" b="255" a="100" />
              <lineColor r="92" g="92" b="92" a="100" />
              <font name="Lucida Grande" size="12">
                <color r="0" g="0" b="0" />
              </font>
            </style>
          </node>
          <node identifier="id-08905724" elementRef="d301c11f" xsi:type="Element" x="484" y="515" w="120" h="55">
            <style>
              <fillColor r="181" g="255" b="255" a="100" />
              <lineColor r="92" g="92" b="92" a="100" />
              <font name="Lucida Grande" size="12">
                <color r="0" g="0" b="0" />
              </font>
            </style>
          </node>
        </node>
        <node identifier="id-68754aaa" x="319" y="735" w="549" h="290" xsi:type="Container">
          <label xml:lang="en">class concrete A</label>
          <style>
            <fillColor r="210" g="215" b="215" a="100" />
            <lineColor r="128" g="128" b="128" a="100" />
            <font name="Lucida Grande" size="12">
              <color r="0" g="0" b="0" />
            </font>
          </style>
          <node identifier="id-52c1bf38" elementRef="id-33bb4047" xsi:type="Element" x="499" y="815" w="120" h="55">
            <style>
              <fillColor r="181" g="255" b="255" a="100" />
              <lineColor r="92" g="92" b="92" a="100" />
              <font name="Lucida Grande" size="12">
                <color r="0" g="0" b="0" />
              </font>
            </style>
          </node>
          <node identifier="fc12d516" elementRef="f817c139" xsi:type="Element" x="499" y="885" w="120" h="55">
            <style>
              <fillColor r="181" g="255" b="255" a="100" />
              <lineColor r="92" g="92" b="92" a="100" />
              <font name="Lucida Grande" size="12">
                <color r="0" g="0" b="0" />
              </font>
            </style>
          </node>
          <node identifier="fc50e11c" elementRef="id-9852126a" xsi:type="Element" x="334" y="765" w="120" h="55">
            <style>
              <fillColor r="181" g="255" b="255" a="100" />
              <lineColor r="92" g="92" b="92" a="100" />
              <font name="Lucida Grande" size="12">
                <color r="0" g="0" b="0" />
              </font>
            </style>
          </node>
        </node>
        <connection identifier="id-5afff8be" relationshipRef="id-56845bab" xsi:type="Relationship" source="ef2d0325" target="id-5c49f187">
          <style>
            <lineColor r="128" g="128" b="128" />
            <font name="Lucida Grande" size="12">
              <color r="0" g="0" b="0" />
            </font>
          </style>
        </connection>
        <connection identifier="id-38701fbf" relationshipRef="b39c00a0" xsi:type="Relationship" source="ef2d0325" target="id-08905724">
          <style>
            <lineColor r="128" g="128" b="128" />
            <font name="Lucida Grande" size="12">
              <color r="0" g="0" b="0" />
            </font>
          </style>
        </connection>
        <connection identifier="fe5410f9" relationshipRef="e9a48fe8" xsi:type="Relationship" source="ef2d0325" target="id-633ced09">
          <style>
            <lineColor r="128" g="128" b="128" />
            <font name="Lucida Grande" size="12">
              <color r="0" g="0" b="0" />
            </font>
          </style>
        </connection>
        <connection identifier="id-67697dfd" relationshipRef="id-04231405" xsi:type="Relationship" source="fc50e11c" target="id-52c1bf38">
          <style>
            <lineColor r="128" g="128" b="128" />
            <font name="Lucida Grande" size="12">
              <color r="0" g="0" b="0" />
            </font>
          </style>
        </connection>
        <connection identifier="id-6dd8f81e" relationshipRef="eeb376ce" xsi:type="Relationship" source="fc50e11c" target="fc12d516">
          <style>
            <lineColor r="128" g="128" b="128" />
            <font name="Lucida Grande" size="12">
              <color r="0" g="0" b="0" />
            </font>
          </style>
        </connection>
        <connection identifier="id-7027fdfc" relationshipRef="id-58c3b7c6" xsi:type="Relationship" source="fc50e11c" target="ef2d0325">
          <style>
            <lineColor r="0" g="0" b="0" />
            <font name="Lucida Grande" size="12">
              <color r="0" g="0" b="0" />
            </font>
          </style>
        </connection>
      </view>
      <view identifier="id-1eb67abd-3d2a-4c3f-ac9e-fae865195b6e" xsi:type="Diagram">
        <name xml:lang="en">difference between template method and strategy patterns</name>
        <node identifier="dfea1731-a683-43c7-b19c-65641a374208" x="170" y="176" w="549" h="190" xsi:type="Container">
          <label xml:lang="en">programm</label>
          <style>
            <fillColor r="210" g="215" b="215" a="100" />
            <lineColor r="92" g="92" b="92" a="100" />
            <font name="Lucida Grande" size="12">
              <color r="0" g="0" b="0" />
            </font>
          </style>
          <node identifier="aaf648fd-256b-407c-9ae3-15846e154860" elementRef="id-0cec38ca-8574-4f6c-8329-8be1c948c2ac" xsi:type="Element" x="444" y="246" w="120" h="55">
            <style>
              <fillColor r="181" g="255" b="255" a="100" />
              <lineColor r="92" g="92" b="92" a="100" />
              <font name="Lucida Grande" size="12">
                <color r="0" g="0" b="0" />
              </font>
            </style>
          </node>
          <node identifier="f9175b29-a286-4372-b9c6-554509fe97e8" elementRef="id-853fa38c-f1cb-4c9b-9a58-25fd6f4aba81" xsi:type="Element" x="204" y="246" w="120" h="55">
            <style>
              <fillColor r="181" g="255" b="255" a="100" />
              <lineColor r="92" g="92" b="92" a="100" />
              <font name="Lucida Grande" size="12">
                <color r="0" g="0" b="0" />
              </font>
            </style>
          </node>
        </node>
        <node identifier="id-11afce0a-c25a-4d89-ba83-c643e6e7458b" xsi:type="Label" x="206" y="370" w="117" h="41">
          <label xml:lang="en">select:  A or B &#xD;
(for example A)</label>
          <style>
            <fillColor r="255" g="255" b="255" a="100" />
            <lineColor r="92" g="92" b="92" a="100" />
            <font name="Lucida Grande" size="12">
              <color r="255" g="0" b="0" />
            </font>
          </style>
        </node>
        <node identifier="id-4a5596c6-5386-4789-973d-cd5cf5c40ba1" elementRef="afbc9a34-8dfc-4fbe-bcae-f8d0c925cb49" xsi:type="Element" x="170" y="410" w="550" h="290">
          <style>
            <fillColor r="181" g="255" b="255" a="100" />
            <lineColor r="92" g="92" b="92" a="100" />
            <font name="Lucida Grande" size="12">
              <color r="0" g="0" b="0" />
            </font>
          </style>
          <node identifier="d702ae7c-d06d-4d2a-adc7-f6eec2a70c59" elementRef="id-621d0fe9-b4fb-431a-bec4-0ee3b5c80efb" xsi:type="Element" x="505" y="565" w="120" h="55">
            <style>
              <fillColor r="181" g="255" b="255" a="100" />
              <lineColor r="92" g="92" b="92" a="100" />
              <font name="Lucida Grande" size="12">
                <color r="0" g="0" b="0" />
              </font>
            </style>
          </node>
          <node identifier="b8e51496-8364-4cd4-b5a3-fa7f9a2443ae" elementRef="id-4bb83e92-6e18-498f-9d05-0df0de96c2b5" xsi:type="Element" x="505" y="635" w="120" h="55">
            <style>
              <fillColor r="181" g="255" b="255" a="100" />
              <lineColor r="92" g="92" b="92" a="100" />
              <font name="Lucida Grande" size="12">
                <color r="0" g="0" b="0" />
              </font>
            </style>
          </node>
          <node identifier="eea9732b-54a2-4660-8d63-6cf40b0dd1a5" elementRef="c8107a72-56bd-42a3-8176-65eec977bfc0" xsi:type="Element" x="339" y="445" w="350" h="100">
            <style>
              <fillColor r="181" g="255" b="255" a="100" />
              <lineColor r="92" g="92" b="92" a="100" />
              <font name="Lucida Grande" size="12">
                <color r="255" g="0" b="0" />
              </font>
            </style>
            <node identifier="d49f01b4-b391-416c-9b9f-aba0c3023389" elementRef="e1d08db1-14d9-40ff-8eee-1e53b17012d0" xsi:type="Element" x="359" y="475" w="120" h="55">
              <style>
                <fillColor r="181" g="255" b="255" a="100" />
                <lineColor r="92" g="92" b="92" a="100" />
                <font name="Lucida Grande" size="12">
                  <color r="0" g="0" b="0" />
                </font>
              </style>
            </node>
            <node identifier="id-9365382f-1f72-4176-a2cc-e1d2ac823fd4" elementRef="aa3da1cd-fb7c-461c-af55-8dae1ea83970" xsi:type="Element" x="549" y="475" w="120" h="55">
              <style>
                <fillColor r="181" g="255" b="255" a="100" />
                <lineColor r="92" g="92" b="92" a="100" />
                <font name="Lucida Grande" size="12">
                  <color r="0" g="0" b="0" />
                </font>
              </style>
            </node>
          </node>
        </node>
        <node identifier="id-87bb0cb5-6f8e-4cc7-88c8-cce2adfda84b" elementRef="id-0b697655-4c01-4d4a-a084-cfa6b5a64666" xsi:type="Element" x="170" y="730" w="549" h="290">
          <style>
            <fillColor r="181" g="255" b="255" a="100" />
            <lineColor r="92" g="92" b="92" a="100" />
            <font name="Lucida Grande" size="12">
              <color r="0" g="0" b="0" />
            </font>
          </style>
          <node identifier="b7e0c810-143c-47b8-a839-a7543909eeb2" elementRef="id-6b2699ae-9908-4dfd-b587-a0feb0b37800" xsi:type="Element" x="485" y="875" w="120" h="55">
            <style>
              <fillColor r="181" g="255" b="255" a="100" />
              <lineColor r="92" g="92" b="92" a="100" />
              <font name="Lucida Grande" size="12">
                <color r="0" g="0" b="0" />
              </font>
            </style>
          </node>
          <node identifier="id-936cd317-a14f-4cb7-8ef6-1a898dcd5154" elementRef="c8e54703-7c23-4068-be80-077321532214" xsi:type="Element" x="485" y="945" w="120" h="55">
            <style>
              <fillColor r="181" g="255" b="255" a="100" />
              <lineColor r="92" g="92" b="92" a="100" />
              <font name="Lucida Grande" size="12">
                <color r="0" g="0" b="0" />
              </font>
            </style>
          </node>
        </node>
        <node identifier="c5c0d878-9a1b-4cd6-9e20-bac1ad8361da" elementRef="id-11757107-2007-403f-bed6-d1608846fc71" xsi:type="Element" x="170" y="1055" w="549" h="290">
          <style>
            <fillColor r="181" g="255" b="255" a="100" />
            <lineColor r="92" g="92" b="92" a="100" />
            <font name="Lucida Grande" size="12">
              <color r="0" g="0" b="0" />
            </font>
          </style>
          <node identifier="f319aa71-923b-468f-a509-d02974c1ac53" elementRef="id-2059e39f-3f4d-4570-96bf-eac5f9657810" xsi:type="Element" x="490" y="1195" w="120" h="55">
            <style>
              <fillColor r="181" g="255" b="255" a="100" />
              <lineColor r="92" g="92" b="92" a="100" />
              <font name="Lucida Grande" size="12">
                <color r="0" g="0" b="0" />
              </font>
            </style>
          </node>
          <node identifier="id-0404b677-1abe-44bb-b80a-d4223085eed3" elementRef="id-1052e6d4-4d38-4dbf-9bad-084b0a264c62" xsi:type="Element" x="490" y="1265" w="120" h="55">
            <style>
              <fillColor r="181" g="255" b="255" a="100" />
              <lineColor r="92" g="92" b="92" a="100" />
              <font name="Lucida Grande" size="12">
                <color r="0" g="0" b="0" />
              </font>
            </style>
          </node>
        </node>
        <node identifier="id-2c570ab3-1b9b-4e3d-86d2-50e1ff719a15" xsi:type="Label" x="671" y="455" w="185" h="80">
          <label xml:lang="en">The method which is fully realized in terms of other methods</label>
          <style>
            <fillColor r="255" g="255" b="255" a="100" />
            <lineColor r="92" g="92" b="92" a="100" />
            <font name="Lucida Grande" size="12">
              <color r="255" g="0" b="0" />
            </font>
          </style>
        </node>
        <node identifier="id-5aeb3682-99c9-49b2-a591-1a43039fcda1" x="1030" y="159" w="1190" h="190" xsi:type="Container">
          <label xml:lang="en">programm</label>
          <style>
            <fillColor r="210" g="215" b="215" a="100" />
            <lineColor r="92" g="92" b="92" a="100" />
            <font name="Lucida Grande" size="12">
              <color r="0" g="0" b="0" />
            </font>
          </style>
          <node identifier="e57598e3-f228-42d6-ac67-df5089bc15d6" elementRef="e539387e-3d7f-4421-a341-a90a5d2840c2" xsi:type="Element" x="1380" y="229" w="120" h="55">
            <style>
              <fillColor r="181" g="255" b="255" a="100" />
              <lineColor r="92" g="92" b="92" a="100" />
              <font name="Lucida Grande" size="12">
                <color r="0" g="0" b="0" />
              </font>
            </style>
          </node>
          <node identifier="eab651f8-1283-47d1-ae4d-f369c2ddf521" elementRef="id-1863521d-04a0-46ab-9a30-980584326444" xsi:type="Element" x="1030" y="229" w="120" h="55">
            <style>
              <fillColor r="181" g="255" b="255" a="100" />
              <lineColor r="92" g="92" b="92" a="100" />
              <font name="Lucida Grande" size="12">
                <color r="0" g="0" b="0" />
              </font>
            </style>
          </node>
          <node identifier="id-4e1bbd9e-e739-4d01-be1c-0d1f83f33504" elementRef="e3ef13b1-a208-41c1-b701-5568c65beadf" xsi:type="Element" x="1210" y="229" w="120" h="55">
            <style>
              <fillColor r="181" g="255" b="255" a="100" />
              <lineColor r="92" g="92" b="92" a="100" />
              <font name="Lucida Grande" size="12">
                <color r="0" g="0" b="0" />
              </font>
            </style>
          </node>
        </node>
        <node identifier="id-1cbf122a-8884-4aeb-9671-dbff1a913477" elementRef="id-80daea95-5aae-43dc-b4d6-4091bb0647a1" xsi:type="Element" x="1670" y="410" w="550" h="290">
          <style>
            <fillColor r="181" g="255" b="255" a="100" />
            <lineColor r="92" g="92" b="92" a="100" />
            <font name="Lucida Grande" size="12">
              <color r="0" g="0" b="0" />
            </font>
          </style>
          <node identifier="id-43bebb3b-3a3c-4963-92e1-7f09959524c3" elementRef="id-7e40bf5b-ac39-4d46-aa15-bdf77993ab04" xsi:type="Element" x="2005" y="565" w="120" h="55">
            <style>
              <fillColor r="181" g="255" b="255" a="100" />
              <lineColor r="92" g="92" b="92" a="100" />
              <font name="Lucida Grande" size="12">
                <color r="0" g="0" b="0" />
              </font>
            </style>
          </node>
          <node identifier="c688efe8-fbc7-4130-b4ad-e6e3409fd255" elementRef="id-2b469dfb-2103-45d2-8b3b-cb395634672d" xsi:type="Element" x="2005" y="635" w="120" h="55">
            <style>
              <fillColor r="181" g="255" b="255" a="100" />
              <lineColor r="92" g="92" b="92" a="100" />
              <font name="Lucida Grande" size="12">
                <color r="0" g="0" b="0" />
              </font>
            </style>
          </node>
          <node identifier="id-53af9d07-0731-4a80-a696-92c2348749bb" xsi:type="Label" x="1836" y="454" w="185" h="80">
            <label xml:lang="en">this abstract class can be reused for different algorithms requiring the same steps</label>
            <style>
              <fillColor r="255" g="255" b="255" a="100" />
              <lineColor r="92" g="92" b="92" a="100" />
              <font name="Lucida Grande" size="12">
                <color r="255" g="38" b="0" />
              </font>
            </style>
          </node>
        </node>
        <node identifier="id-0256d12b-43ef-4d12-8ae6-970814464827" elementRef="b6996df8-6bdd-4ac8-9c04-95f7d40e281c" xsi:type="Element" x="1670" y="730" w="549" h="290">
          <style>
            <fillColor r="181" g="255" b="255" a="100" />
            <lineColor r="92" g="92" b="92" a="100" />
            <font name="Lucida Grande" size="12">
              <color r="0" g="0" b="0" />
            </font>
          </style>
          <node identifier="df88cc03-a5e4-45f6-adba-ff8131404d07" elementRef="a14bf058-050e-4245-ab42-1b74cb6174ea" xsi:type="Element" x="1985" y="875" w="120" h="55">
            <style>
              <fillColor r="181" g="255" b="255" a="100" />
              <lineColor r="92" g="92" b="92" a="100" />
              <font name="Lucida Grande" size="12">
                <color r="0" g="0" b="0" />
              </font>
            </style>
          </node>
          <node identifier="fac30ba1-5761-4274-bd09-90f3d01aecd3" elementRef="id-32dbce09-12ec-4cca-91a6-e90c07f0d173" xsi:type="Element" x="1985" y="945" w="120" h="55">
            <style>
              <fillColor r="181" g="255" b="255" a="100" />
              <lineColor r="92" g="92" b="92" a="100" />
              <font name="Lucida Grande" size="12">
                <color r="0" g="0" b="0" />
              </font>
            </style>
          </node>
        </node>
        <node identifier="id-1365befd-8481-43fb-ad44-4f295bb809c6" elementRef="id-64a8419b-bf3d-46d0-8acf-cba39b8bafb6" xsi:type="Element" x="1670" y="1055" w="549" h="290">
          <style>
            <fillColor r="181" g="255" b="255" a="100" />
            <lineColor r="92" g="92" b="92" a="100" />
            <font name="Lucida Grande" size="12">
              <color r="0" g="0" b="0" />
            </font>
          </style>
          <node identifier="id-11854e30-12bf-4fcd-87df-c499950a47b9" elementRef="id-6b66e191-cc06-4c0c-a5d0-ec66f85c9fa5" xsi:type="Element" x="1990" y="1195" w="120" h="55">
            <style>
              <fillColor r="181" g="255" b="255" a="100" />
              <lineColor r="92" g="92" b="92" a="100" />
              <font name="Lucida Grande" size="12">
                <color r="0" g="0" b="0" />
              </font>
            </style>
          </node>
          <node identifier="id-10cecc7c-fdf4-44f7-97c7-98a86eaf264e" elementRef="id-3e02f491-ace0-4de6-8491-9177b55c4968" xsi:type="Element" x="1990" y="1265" w="120" h="55">
            <style>
              <fillColor r="181" g="255" b="255" a="100" />
              <lineColor r="92" g="92" b="92" a="100" />
              <font name="Lucida Grande" size="12">
                <color r="0" g="0" b="0" />
              </font>
            </style>
          </node>
        </node>
        <node identifier="id-274e16dd-fa4a-4c53-952c-3c3f8ee1463f" xsi:type="Label" x="718" y="30" w="185" h="80">
          <label xml:lang="en">difference between template method and strategy patterns</label>
          <style>
            <fillColor r="255" g="255" b="255" a="100" />
            <lineColor r="92" g="92" b="92" a="100" />
            <font name="Lucida Grande" size="12">
              <color r="255" g="0" b="0" />
            </font>
          </style>
        </node>
        <node identifier="id-6e4cce87-ac24-4698-acca-781963f6760f" elementRef="id-937f35ab-b650-47b9-a1db-88636176d721" xsi:type="Element" x="1036" y="425" w="550" h="290">
          <style>
            <fillColor r="181" g="255" b="255" a="100" />
            <lineColor r="92" g="92" b="92" a="100" />
            <font name="Lucida Grande" size="12">
              <color r="0" g="0" b="0" />
            </font>
          </style>
          <node identifier="id-5ba0edbe-6f78-49b8-b008-5882e0c513ba" elementRef="be7e3255-09cb-4ede-9b6f-ecc536c1058d" xsi:type="Element" x="1426" y="455" w="120" h="55">
            <style>
              <fillColor r="181" g="255" b="255" a="100" />
              <lineColor r="92" g="92" b="92" a="100" />
              <font name="Lucida Grande" size="12">
                <color r="0" g="0" b="0" />
              </font>
            </style>
          </node>
          <node identifier="id-94702b6d-0629-41c3-a43e-2225c687ab25" elementRef="b5fadd70-8dc7-4c40-9980-6139678e15d3" xsi:type="Element" x="1086" y="565" w="350" h="100">
            <style>
              <fillColor r="181" g="255" b="255" a="100" />
              <lineColor r="92" g="92" b="92" a="100" />
              <font name="Lucida Grande" size="12">
                <color r="255" g="0" b="0" />
              </font>
            </style>
            <node identifier="id-49c73371-6f5a-4023-b2f4-9960f7ae3a18" elementRef="id-36c99748-9f0c-4477-9c64-2eed2c61f252" xsi:type="Element" x="1106" y="595" w="120" h="55">
              <style>
                <fillColor r="181" g="255" b="255" a="100" />
                <lineColor r="92" g="92" b="92" a="100" />
                <font name="Lucida Grande" size="12">
                  <color r="0" g="0" b="0" />
                </font>
              </style>
            </node>
            <node identifier="id-03587508-f863-4fca-a147-5ef3b25cc132" elementRef="a79ffe21-3af9-4e04-9629-764bc142b89f" xsi:type="Element" x="1296" y="595" w="120" h="55">
              <style>
                <fillColor r="181" g="255" b="255" a="100" />
                <lineColor r="92" g="92" b="92" a="100" />
                <font name="Lucida Grande" size="12">
                  <color r="0" g="0" b="0" />
                </font>
              </style>
            </node>
          </node>
        </node>
        <node identifier="dad4233c-ed1a-42a4-a330-ddfa4888d1fc" xsi:type="Label" x="1080" y="360" w="117" h="41">
          <label xml:lang="en">select:  A or B &#xD;
(for example A)</label>
          <style>
            <fillColor r="255" g="255" b="255" a="100" />
            <lineColor r="92" g="92" b="92" a="100" />
            <font name="Lucida Grande" size="12">
              <color r="255" g="0" b="0" />
            </font>
          </style>
        </node>
        <node identifier="id-01a790bf-05da-4d53-9226-1bae822b22da" xsi:type="Label" x="138" y="80" w="383" h="60">
          <label xml:lang="en">Varian1) template method</label>
          <style>
            <fillColor r="255" g="255" b="255" a="100" />
            <lineColor r="92" g="92" b="92" a="100" />
            <font name="Lucida Grande" size="24">
              <color r="0" g="0" b="0" />
            </font>
          </style>
        </node>
        <node identifier="cee4457f-be60-468d-b6be-cd1dd9dacc3a" xsi:type="Label" x="990" y="79" w="383" h="60">
          <label xml:lang="en">Varian2) strategy</label>
          <style>
            <fillColor r="255" g="255" b="255" a="100" />
            <lineColor r="92" g="92" b="92" a="100" />
            <font name="Lucida Grande" size="24">
              <color r="0" g="0" b="0" />
            </font>
          </style>
        </node>
        <node identifier="f29602c1-9662-44ff-bcec-c37eac693933" xsi:type="Label" x="138" y="1490" w="383" h="100">
          <label xml:lang="en">Varian3) lambdas as input parameters</label>
          <style>
            <fillColor r="255" g="255" b="255" a="100" />
            <lineColor r="92" g="92" b="92" a="100" />
            <font name="Lucida Grande" size="24">
              <color r="0" g="0" b="0" />
            </font>
          </style>
        </node>
        <node identifier="id-975be1d0-aa88-499d-869e-1442fcecf96f" x="170" y="1639" w="560" h="190" xsi:type="Container">
          <label xml:lang="en">programm</label>
          <style>
            <fillColor r="210" g="215" b="215" a="100" />
            <lineColor r="92" g="92" b="92" a="100" />
            <font name="Lucida Grande" size="12">
              <color r="0" g="0" b="0" />
            </font>
          </style>
          <node identifier="id-5305ca17-3c58-41c2-b9aa-9b54b7041425" elementRef="d0e45bc3-9eff-4d25-9484-c0f31fb4b2e3" xsi:type="Element" x="570" y="1709" w="120" h="55">
            <style>
              <fillColor r="181" g="255" b="255" a="100" />
              <lineColor r="92" g="92" b="92" a="100" />
              <font name="Lucida Grande" size="12">
                <color r="0" g="0" b="0" />
              </font>
            </style>
          </node>
          <node identifier="id-07618441-d699-4834-891f-8f09456f574a" elementRef="id-45b71199-3c61-4c2a-9dd7-18bc945363c7" xsi:type="Element" x="200" y="1709" w="120" h="55">
            <style>
              <fillColor r="181" g="255" b="255" a="100" />
              <lineColor r="92" g="92" b="92" a="100" />
              <font name="Lucida Grande" size="12">
                <color r="0" g="0" b="0" />
              </font>
            </style>
          </node>
          <node identifier="id-067c7d25-35b4-4297-9340-00deb4c4ec24" elementRef="id-014f2fef-fb94-44ef-81a7-8e7bafbebebb" xsi:type="Element" x="390" y="1709" w="120" h="55">
            <style>
              <fillColor r="181" g="255" b="255" a="100" />
              <lineColor r="92" g="92" b="92" a="100" />
              <font name="Lucida Grande" size="12">
                <color r="0" g="0" b="0" />
              </font>
            </style>
          </node>
        </node>
        <node identifier="afb43624-be08-4133-8698-a594850b9ec2" elementRef="id-4e59b009-dd13-43bf-81a4-9db8e6b036c2" xsi:type="Element" x="180" y="1950" w="550" h="290">
          <style>
            <fillColor r="181" g="255" b="255" a="100" />
            <lineColor r="92" g="92" b="92" a="100" />
            <font name="Lucida Grande" size="12">
              <color r="0" g="0" b="0" />
            </font>
          </style>
          <node identifier="id-3b9c5a87-d5c1-4f47-9104-cc0d82ffb1c7" elementRef="id-7984336b-6317-4df4-9c94-9d3f60794137" xsi:type="Element" x="230" y="2090" w="350" h="100">
            <style>
              <fillColor r="181" g="255" b="255" a="100" />
              <lineColor r="92" g="92" b="92" a="100" />
              <font name="Lucida Grande" size="12">
                <color r="255" g="0" b="0" />
              </font>
            </style>
            <node identifier="d23192ee-bc94-4a3d-9ea4-10b5883f1db8" elementRef="id-5de2d6ce-ee21-407d-8ab2-9bb74b944abf" xsi:type="Element" x="250" y="2120" w="120" h="55">
              <style>
                <fillColor r="181" g="255" b="255" a="100" />
                <lineColor r="92" g="92" b="92" a="100" />
                <font name="Lucida Grande" size="12">
                  <color r="0" g="0" b="0" />
                </font>
              </style>
            </node>
            <node identifier="bde1db2d-fdb6-4495-9a6c-84bcdce3b471" elementRef="abd9d16e-b41f-4717-bf59-19602cc9fc03" xsi:type="Element" x="440" y="2120" w="120" h="55">
              <style>
                <fillColor r="181" g="255" b="255" a="100" />
                <lineColor r="92" g="92" b="92" a="100" />
                <font name="Lucida Grande" size="12">
                  <color r="0" g="0" b="0" />
                </font>
              </style>
            </node>
          </node>
        </node>
        <node identifier="id-9bf4269f-a5ff-4a8d-bda0-ef643c360984" elementRef="d2d43a0f-1ff8-44de-bf31-7e0293305a66" xsi:type="Element" x="204" y="1840" w="120" h="55">
          <style>
            <fillColor r="181" g="255" b="255" a="100" />
            <lineColor r="92" g="92" b="92" a="100" />
            <font name="Lucida Grande" size="12">
              <color r="0" g="0" b="0" />
            </font>
          </style>
        </node>
        <node identifier="id-42ef1dba-cb36-4289-a83a-5c64ae0255fc" elementRef="id-44c8ec2e-ce4c-4a87-af11-bcf8a1c987ad" xsi:type="Element" x="380" y="1840" w="120" h="55">
          <style>
            <fillColor r="181" g="255" b="255" a="100" />
            <lineColor r="92" g="92" b="92" a="100" />
            <font name="Lucida Grande" size="12">
              <color r="0" g="0" b="0" />
            </font>
          </style>
        </node>
        <connection identifier="c4f6eb93-d9c3-4984-85cd-1cf77bd32c33" relationshipRef="id-7442be88-bd3d-4ce3-9d5a-7047d88ca558" xsi:type="Relationship" source="f9175b29-a286-4372-b9c6-554509fe97e8" target="aaf648fd-256b-407c-9ae3-15846e154860">
          <style>
            <lineColor r="0" g="0" b="0" />
            <font name="Lucida Grande" size="12">
              <color r="0" g="0" b="0" />
            </font>
          </style>
        </connection>
        <connection identifier="id-51f632ae-8ea9-44d4-a897-e9b884f7be3f" relationshipRef="id-3737d228-0cb5-4b8a-93ef-081ea76d6834" xsi:type="Relationship" source="d702ae7c-d06d-4d2a-adc7-f6eec2a70c59" target="b7e0c810-143c-47b8-a839-a7543909eeb2">
          <style>
            <lineColor r="255" g="0" b="0" />
            <font name="Lucida Grande" size="12">
              <color r="0" g="0" b="0" />
            </font>
          </style>
          <bendpoint x="586" y="750" />
        </connection>
        <connection identifier="id-5111f4e7-0da8-41a3-abcd-e08e710066b3" relationshipRef="id-049f6ed1-7b7c-4ac6-84b5-7e77d196ffcc" xsi:type="Relationship" source="b8e51496-8364-4cd4-b5a3-fa7f9a2443ae" target="id-936cd317-a14f-4cb7-8ef6-1a898dcd5154">
          <style>
            <lineColor r="255" g="0" b="0" />
            <font name="Lucida Grande" size="12">
              <color r="0" g="0" b="0" />
            </font>
          </style>
          <bendpoint x="526" y="810" />
        </connection>
        <connection identifier="id-3661d073-83ee-48d3-8788-34fee25df418" relationshipRef="id-2c44ad7b-f1eb-41c8-b28a-29466bb1765b" xsi:type="Relationship" source="eea9732b-54a2-4660-8d63-6cf40b0dd1a5" target="aaf648fd-256b-407c-9ae3-15846e154860">
          <style>
            <lineColor r="255" g="0" b="0" />
            <font name="Lucida Grande" size="12">
              <color r="0" g="0" b="0" />
            </font>
          </style>
        </connection>
        <connection identifier="id-186cf6f2-a7fd-41c1-bcd2-d647331b6718" relationshipRef="id-17b23dfb-295b-4e2d-9fbd-40f8e8de1832" xsi:type="Relationship" source="d49f01b4-b391-416c-9b9f-aba0c3023389" target="id-9365382f-1f72-4176-a2cc-e1d2ac823fd4">
          <style>
            <lineColor r="255" g="0" b="0" />
            <font name="Lucida Grande" size="12">
              <color r="0" g="0" b="0" />
            </font>
          </style>
        </connection>
        <connection identifier="id-455cd9c2-91cc-4386-9b6a-73d09ba2057b" relationshipRef="id-85eb0ba2-61b7-4c8d-ae5a-5dd993d293dd" xsi:type="Relationship" source="d49f01b4-b391-416c-9b9f-aba0c3023389" target="b8e51496-8364-4cd4-b5a3-fa7f9a2443ae">
          <style>
            <lineColor r="255" g="0" b="0" />
            <font name="Lucida Grande" size="12">
              <color r="0" g="0" b="0" />
            </font>
          </style>
          <bendpoint x="475" y="665" />
        </connection>
        <connection identifier="c02a971a-2eb5-4109-9cdf-39a05315c68e" relationshipRef="id-035e8201-78b0-4341-8abf-16a22d04cdbc" xsi:type="Relationship" source="id-9365382f-1f72-4176-a2cc-e1d2ac823fd4" target="d702ae7c-d06d-4d2a-adc7-f6eec2a70c59">
          <style>
            <lineColor r="255" g="0" b="0" />
            <font name="Lucida Grande" size="12">
              <color r="0" g="0" b="0" />
            </font>
          </style>
        </connection>
        <connection identifier="id-8992e182-61cd-466a-aa35-2fb90ebd2ff2" relationshipRef="id-79ac9071-6cdd-441c-a8b7-468079e180d5" xsi:type="Relationship" source="id-87bb0cb5-6f8e-4cc7-88c8-cce2adfda84b" target="f9175b29-a286-4372-b9c6-554509fe97e8">
          <style>
            <lineColor r="0" g="0" b="0" />
            <font name="Lucida Grande" size="12">
              <color r="0" g="0" b="0" />
            </font>
          </style>
          <bendpoint x="241" y="515" />
        </connection>
        <connection identifier="id-994b444c-ca2e-44bc-af9d-d93bbecbacd2" relationshipRef="id-4bff3c4c-df8b-4a7c-9212-6c1bb0059f6d" xsi:type="Relationship" source="id-87bb0cb5-6f8e-4cc7-88c8-cce2adfda84b" target="id-4a5596c6-5386-4789-973d-cd5cf5c40ba1">
          <style>
            <lineColor r="0" g="0" b="255" />
            <font name="Lucida Grande" size="12">
              <color r="0" g="0" b="0" />
            </font>
          </style>
          <bendpoint x="226" y="724" />
        </connection>
        <connection identifier="id-6ea2a7bd-2362-49ca-96ce-256ea3cd02d8" relationshipRef="id-0b689498-bd2b-4c98-a8da-6597ffc68731" xsi:type="Relationship" source="c5c0d878-9a1b-4cd6-9e20-bac1ad8361da" target="id-4a5596c6-5386-4789-973d-cd5cf5c40ba1">
          <style>
            <lineColor r="0" g="0" b="255" />
            <font name="Lucida Grande" size="12">
              <color r="0" g="0" b="0" />
            </font>
          </style>
          <bendpoint x="196" y="859" />
        </connection>
        <connection identifier="id-324e648e-cea4-4b87-b95d-6f046e252c0d" relationshipRef="id-36bbf8e3-b20a-4192-9e02-d143d418dc94" xsi:type="Relationship" source="eab651f8-1283-47d1-ae4d-f369c2ddf521" target="id-4e1bbd9e-e739-4d01-be1c-0d1f83f33504">
          <style>
            <lineColor r="0" g="0" b="0" />
            <font name="Lucida Grande" size="12">
              <color r="0" g="0" b="0" />
            </font>
          </style>
        </connection>
        <connection identifier="be14faa7-0a59-43ac-adaa-cccf8736d640" relationshipRef="id-42d7ddc5-8987-4d68-8908-9022d44445cc" xsi:type="Relationship" source="id-4e1bbd9e-e739-4d01-be1c-0d1f83f33504" target="e57598e3-f228-42d6-ac67-df5089bc15d6">
          <style>
            <lineColor r="0" g="0" b="0" />
            <font name="Lucida Grande" size="12">
              <color r="0" g="0" b="0" />
            </font>
          </style>
        </connection>
        <connection identifier="d19e3b06-314d-446b-a448-f7a77dbda256" relationshipRef="c5f0bd49-1068-4eca-aef7-d94947a12aaa" xsi:type="Relationship" source="id-1cbf122a-8884-4aeb-9671-dbff1a913477" target="id-5ba0edbe-6f78-49b8-b008-5882e0c513ba">
          <style>
            <lineColor r="0" g="0" b="0" />
            <font name="Lucida Grande" size="12">
              <color r="0" g="0" b="0" />
            </font>
          </style>
        </connection>
        <connection identifier="id-601ff5c7-f555-4145-92bd-9880c9e7c68b" relationshipRef="id-52428ef2-1a35-447d-b043-684b21e7bc99" xsi:type="Relationship" source="id-43bebb3b-3a3c-4963-92e1-7f09959524c3" target="df88cc03-a5e4-45f6-adba-ff8131404d07">
          <style>
            <lineColor r="255" g="0" b="0" />
            <font name="Lucida Grande" size="12">
              <color r="0" g="0" b="0" />
            </font>
          </style>
          <bendpoint x="2086" y="750" />
        </connection>
        <connection identifier="id-33b19015-1c0d-41d5-ba4a-434a86e5c5cd" relationshipRef="id-83232415-86ed-4333-88f6-f4b8b3103330" xsi:type="Relationship" source="c688efe8-fbc7-4130-b4ad-e6e3409fd255" target="fac30ba1-5761-4274-bd09-90f3d01aecd3">
          <style>
            <lineColor r="255" g="0" b="0" />
            <font name="Lucida Grande" size="12">
              <color r="0" g="0" b="0" />
            </font>
          </style>
          <bendpoint x="2026" y="810" />
        </connection>
        <connection identifier="id-9e44ff05-24b7-45cb-ba5d-76b575246666" relationshipRef="aa016921-5c81-4f57-8d9b-61c6965295f4" xsi:type="Relationship" source="id-0256d12b-43ef-4d12-8ae6-970814464827" target="eab651f8-1283-47d1-ae4d-f369c2ddf521">
          <style>
            <lineColor r="0" g="0" b="0" />
            <font name="Lucida Grande" size="12">
              <color r="0" g="0" b="0" />
            </font>
          </style>
          <bendpoint x="1800" y="369" />
          <bendpoint x="1129" y="369" />
        </connection>
        <connection identifier="d412224d-144c-4e13-a46d-225879e1ed72" relationshipRef="a1d09bac-d31d-4816-95cc-2c6515fcdba8" xsi:type="Relationship" source="id-0256d12b-43ef-4d12-8ae6-970814464827" target="id-1cbf122a-8884-4aeb-9671-dbff1a913477">
          <style>
            <lineColor r="0" g="0" b="255" />
            <font name="Lucida Grande" size="12">
              <color r="0" g="0" b="0" />
            </font>
          </style>
          <bendpoint x="1726" y="724" />
        </connection>
        <connection identifier="id-40be869b-6d2a-4549-adf0-a914478b34d1" relationshipRef="c4cbd61a-2345-4c26-9b5e-e80a1da6d4cb" xsi:type="Relationship" source="id-1365befd-8481-43fb-ad44-4f295bb809c6" target="id-1cbf122a-8884-4aeb-9671-dbff1a913477">
          <style>
            <lineColor r="0" g="0" b="255" />
            <font name="Lucida Grande" size="12">
              <color r="0" g="0" b="0" />
            </font>
          </style>
          <bendpoint x="1696" y="859" />
        </connection>
        <connection identifier="id-5a91a365-93a9-4e55-94bb-b1021f32d55d" relationshipRef="id-54122d7f-b6f6-4c04-9a6e-dc24f9aad888" xsi:type="Relationship" source="id-94702b6d-0629-41c3-a43e-2225c687ab25" target="e57598e3-f228-42d6-ac67-df5089bc15d6">
          <style>
            <lineColor r="255" g="0" b="0" />
            <font name="Lucida Grande" size="12">
              <color r="0" g="0" b="0" />
            </font>
          </style>
        </connection>
        <connection identifier="c55b7f16-49cc-4a90-937c-7411712ed43b" relationshipRef="e84db7ca-45ae-4ce2-a2c5-6190a0f0c699" xsi:type="Relationship" source="id-49c73371-6f5a-4023-b2f4-9960f7ae3a18" target="id-03587508-f863-4fca-a147-5ef3b25cc132">
          <style>
            <lineColor r="255" g="0" b="0" />
            <font name="Lucida Grande" size="12">
              <color r="0" g="0" b="0" />
            </font>
          </style>
        </connection>
        <connection identifier="id-859ff4f9-23db-4f63-a332-982f4c8e765d" relationshipRef="f8d936d8-21e3-490e-9632-1e3563f283e3" xsi:type="Relationship" source="id-49c73371-6f5a-4023-b2f4-9960f7ae3a18" target="c688efe8-fbc7-4130-b4ad-e6e3409fd255">
          <style>
            <lineColor r="255" g="0" b="0" />
            <font name="Lucida Grande" size="12">
              <color r="0" g="0" b="0" />
            </font>
          </style>
        </connection>
        <connection identifier="d9244f67-e99e-4af7-9e4c-4ffc7f48cfc3" relationshipRef="a6ac6ce7-719a-465f-a43b-245745d21d3b" xsi:type="Relationship" source="id-03587508-f863-4fca-a147-5ef3b25cc132" target="id-43bebb3b-3a3c-4963-92e1-7f09959524c3">
          <style>
            <lineColor r="255" g="0" b="0" />
            <font name="Lucida Grande" size="12">
              <color r="0" g="0" b="0" />
            </font>
          </style>
        </connection>
        <connection identifier="fadf5449-de63-4031-9d3f-fcab4cffcfca" relationshipRef="bad82117-b322-4743-8da1-b45e73976eb7" xsi:type="Relationship" source="id-07618441-d699-4834-891f-8f09456f574a" target="id-5305ca17-3c58-41c2-b9aa-9b54b7041425">
          <style>
            <lineColor r="0" g="0" b="0" />
            <font name="Lucida Grande" size="12">
              <color r="0" g="0" b="0" />
            </font>
          </style>
          <bendpoint x="445" y="1749" />
        </connection>
        <connection identifier="id-369923cd-a8d5-4dda-9225-36536e74a33c" relationshipRef="id-1de8aa4c-49f4-483e-b4cc-6b9c9d29e1a1" xsi:type="Relationship" source="id-07618441-d699-4834-891f-8f09456f574a" target="id-9bf4269f-a5ff-4a8d-bda0-ef643c360984">
          <style>
            <lineColor r="255" g="0" b="0" />
            <font name="Lucida Grande" size="12">
              <color r="0" g="0" b="0" />
            </font>
          </style>
        </connection>
        <connection identifier="e45d66b0-b309-4f9e-af71-6c3f26e29ec1" relationshipRef="id-08d1455f-df90-4a8f-8153-c524e5a381fd" xsi:type="Relationship" source="id-067c7d25-35b4-4297-9340-00deb4c4ec24" target="id-5305ca17-3c58-41c2-b9aa-9b54b7041425">
          <style>
            <lineColor r="0" g="0" b="0" />
            <font name="Lucida Grande" size="12">
              <color r="0" g="0" b="0" />
            </font>
          </style>
        </connection>
        <connection identifier="id-106ca3ad-9b46-4683-af4e-a1ea07aeafe8" relationshipRef="id-2da993d7-4ae1-4f8b-be33-0385e4469e82" xsi:type="Relationship" source="id-067c7d25-35b4-4297-9340-00deb4c4ec24" target="id-42ef1dba-cb36-4289-a83a-5c64ae0255fc">
          <style>
            <lineColor r="255" g="0" b="0" />
            <font name="Lucida Grande" size="12">
              <color r="0" g="0" b="0" />
            </font>
          </style>
          <bendpoint x="450" y="1800" />
        </connection>
        <connection identifier="e8d97590-2901-4571-bab6-773347b3b9a5" relationshipRef="fd561e6a-d78c-493f-b6b9-64fabca5b42e" xsi:type="Relationship" source="id-3b9c5a87-d5c1-4f47-9104-cc0d82ffb1c7" target="id-5305ca17-3c58-41c2-b9aa-9b54b7041425">
          <style>
            <lineColor r="255" g="0" b="0" />
            <font name="Lucida Grande" size="12">
              <color r="0" g="0" b="0" />
            </font>
          </style>
        </connection>
        <connection identifier="id-874bdca0-8c3c-443b-b92d-859e65a85e20" relationshipRef="id-6d722284-268f-4dd8-b35e-66b85260906d" xsi:type="Relationship" source="d23192ee-bc94-4a3d-9ea4-10b5883f1db8" target="bde1db2d-fdb6-4495-9a6c-84bcdce3b471">
          <style>
            <lineColor r="255" g="0" b="0" />
            <font name="Lucida Grande" size="12">
              <color r="0" g="0" b="0" />
            </font>
          </style>
        </connection>
        <connection identifier="d555e217-3bee-4741-a450-ad2d82473057" relationshipRef="id-5c18acec-1322-4870-9d00-c0fc463d7144" xsi:type="Relationship" source="d23192ee-bc94-4a3d-9ea4-10b5883f1db8" target="id-9bf4269f-a5ff-4a8d-bda0-ef643c360984">
          <style>
            <lineColor r="255" g="0" b="0" />
            <font name="Lucida Grande" size="12">
              <color r="0" g="0" b="0" />
            </font>
          </style>
          <bendpoint x="260" y="1991" />
        </connection>
        <connection identifier="a0296c0f-1b84-42ce-bbbf-23ac94fa2009" relationshipRef="id-0520eb9a-4d7e-4e71-9716-4a6e94f65105" xsi:type="Relationship" source="bde1db2d-fdb6-4495-9a6c-84bcdce3b471" target="id-42ef1dba-cb36-4289-a83a-5c64ae0255fc">
          <style>
            <lineColor r="255" g="0" b="0" />
            <font name="Lucida Grande" size="12">
              <color r="0" g="0" b="0" />
            </font>
          </style>
          <bendpoint x="450" y="2001" />
        </connection>
      </view>
    </diagrams>
  </views>
</model>
