{"identifier":"https://me.big.tuwien.ac.at/EAModelSet/id-0b5805b6","archimateId":"id-0b5805b6","name":"Template Method","description":"","formats":["XML","CSV","JSON","ARCHIMATE"],"source":"GitHub","sourceFile":"raw-data/github/xml/10_template_method_v1.xml","sourceFormat":"XML","timestamp":"29-06-2023 09:26:34","tags":["WARNING"],"duplicates":[],"language":"en","elements":[{"id":"id-4fd062d6","name":"director","type":"ApplicationComponent","layer":"application"},{"id":"fa148266","name":"template method","type":"ApplicationFunction","layer":"application"},{"id":"id-78eecdfe","name":"step","type":"ApplicationProcess","layer":"application"},{"id":"id-53cc3895","name":"step","type":"ApplicationProcess","layer":"application"},{"id":"ec2acf9a","name":"build part 1","type":"ApplicationFunction","layer":"application"},{"id":"id-2411ebfd","name":"build part 3","type":"ApplicationFunction","layer":"application"},{"id":"id-0c5ee796","name":"build part 2","type":"ApplicationFunction","layer":"application"},{"id":"be5a9855","name":"builder A","type":"ApplicationComponent","layer":"application"},{"id":"e71df415","name":"getResult A","type":"ApplicationFunction","layer":"application"},{"id":"efaf0601","name":"builder","type":"ApplicationInterface","layer":"application"},{"id":"id-33bb4047","name":"method 1","type":"ApplicationFunction","layer":"application"},{"id":"f817c139","name":"method 2","type":"ApplicationFunction","layer":"application"},{"id":"id-31b6699e","name":"method 3","type":"ApplicationFunction","layer":"application"},{"id":"id-035e90d1","name":"instance A","type":"DataObject","layer":"application"},{"id":"id-17e74844","name":"call template method","type":"ApplicationProcess","layer":"application"},{"id":"d497f058","name":"create A","type":"ApplicationProcess","layer":"application"},{"id":"id-0f15f359","name":"get specific result A","type":"ApplicationProcess","layer":"application"},{"id":"id-48b23faf","name":"construct some object","type":"ApplicationProcess","layer":"application"},{"id":"id-28db4948","name":"build part 1","type":"ApplicationFunction","layer":"application"},{"id":"id-0627102b","name":"build part 3","type":"ApplicationFunction","layer":"application"},{"id":"cb303104","name":"build part 2","type":"ApplicationFunction","layer":"application"},{"id":"c89a34ea","name":"builder B","type":"ApplicationComponent","layer":"application"},{"id":"id-37ee1620","name":"getResult B","type":"ApplicationFunction","layer":"application"},{"id":"b1982144","name":"abstract class","type":"ApplicationInterface","layer":"application"},{"id":"id-9852126a","name":"concrete class A","type":"ApplicationComponent","layer":"application"},{"id":"c56b24cb","name":"method 1","type":"ApplicationFunction","layer":"application"},{"id":"d301c11f","name":"method 2","type":"ApplicationFunction","layer":"application"},{"id":"id-3a472666","name":"method 1","type":"ApplicationFunction","layer":"application"},{"id":"id-8e08efa2","name":"method 2","type":"ApplicationFunction","layer":"application"},{"id":"id-0fdb8e84","name":"concrete class B","type":"ApplicationComponent","layer":"application"},{"id":"id-0cec38ca-8574-4f6c-8329-8be1c948c2ac","name":"call template method","type":"ApplicationProcess","layer":"application"},{"id":"id-853fa38c-f1cb-4c9b-9a58-25fd6f4aba81","name":"create A","type":"ApplicationProcess","layer":"application"},{"id":"afbc9a34-8dfc-4fbe-bcae-f8d0c925cb49","name":"abstract class","type":"ApplicationInterface","layer":"application"},{"id":"id-621d0fe9-b4fb-431a-bec4-0ee3b5c80efb","name":"method 1","type":"ApplicationFunction","layer":"application"},{"id":"id-4bb83e92-6e18-498f-9d05-0df0de96c2b5","name":"method 2","type":"ApplicationFunction","layer":"application"},{"id":"c8107a72-56bd-42a3-8176-65eec977bfc0","name":"template method","type":"ApplicationFunction","layer":"application"},{"id":"e1d08db1-14d9-40ff-8eee-1e53b17012d0","name":"step","type":"ApplicationProcess","layer":"application"},{"id":"aa3da1cd-fb7c-461c-af55-8dae1ea83970","name":"step","type":"ApplicationProcess","layer":"application"},{"id":"id-0b697655-4c01-4d4a-a084-cfa6b5a64666","name":"concrete class A","type":"ApplicationComponent","layer":"application"},{"id":"id-6b2699ae-9908-4dfd-b587-a0feb0b37800","name":"method 1","type":"ApplicationFunction","layer":"application"},{"id":"c8e54703-7c23-4068-be80-077321532214","name":"method 2","type":"ApplicationFunction","layer":"application"},{"id":"id-11757107-2007-403f-bed6-d1608846fc71","name":"concrete class B","type":"ApplicationComponent","layer":"application"},{"id":"id-2059e39f-3f4d-4570-96bf-eac5f9657810","name":"method 1","type":"ApplicationFunction","layer":"application"},{"id":"id-1052e6d4-4d38-4dbf-9bad-084b0a264c62","name":"method 2","type":"ApplicationFunction","layer":"application"},{"id":"e539387e-3d7f-4421-a341-a90a5d2840c2","name":"call template method","type":"ApplicationProcess","layer":"application"},{"id":"id-1863521d-04a0-46ab-9a30-980584326444","name":"create A","type":"ApplicationProcess","layer":"application"},{"id":"id-80daea95-5aae-43dc-b4d6-4091bb0647a1","name":"abstract class","type":"ApplicationInterface","layer":"application"},{"id":"id-7e40bf5b-ac39-4d46-aa15-bdf77993ab04","name":"method 1","type":"ApplicationFunction","layer":"application"},{"id":"id-2b469dfb-2103-45d2-8b3b-cb395634672d","name":"method 2","type":"ApplicationFunction","layer":"application"},{"id":"b5fadd70-8dc7-4c40-9980-6139678e15d3","name":"algo","type":"ApplicationFunction","layer":"application"},{"id":"id-36c99748-9f0c-4477-9c64-2eed2c61f252","name":"step","type":"ApplicationProcess","layer":"application"},{"id":"a79ffe21-3af9-4e04-9629-764bc142b89f","name":"step","type":"ApplicationProcess","layer":"application"},{"id":"b6996df8-6bdd-4ac8-9c04-95f7d40e281c","name":"concrete class A","type":"ApplicationComponent","layer":"application"},{"id":"a14bf058-050e-4245-ab42-1b74cb6174ea","name":"method 1","type":"ApplicationFunction","layer":"application"},{"id":"id-32dbce09-12ec-4cca-91a6-e90c07f0d173","name":"method 2","type":"ApplicationFunction","layer":"application"},{"id":"id-64a8419b-bf3d-46d0-8acf-cba39b8bafb6","name":"concrete class B","type":"ApplicationComponent","layer":"application"},{"id":"id-6b66e191-cc06-4c0c-a5d0-ec66f85c9fa5","name":"method 1","type":"ApplicationFunction","layer":"application"},{"id":"id-3e02f491-ace0-4de6-8491-9177b55c4968","name":"method 2","type":"ApplicationFunction","layer":"application"},{"id":"id-937f35ab-b650-47b9-a1db-88636176d721","name":"class with algo","type":"ApplicationComponent","layer":"application"},{"id":"be7e3255-09cb-4ede-9b6f-ecc536c1058d","name":"ref to strategy","type":"DataObject","layer":"application"},{"id":"e3ef13b1-a208-41c1-b701-5568c65beadf","name":"put class A into classWithAlgo","type":"ApplicationProcess","layer":"application"},{"id":"d0e45bc3-9eff-4d25-9484-c0f31fb4b2e3","name":"call template method (lambda1, lambda2)","type":"ApplicationProcess","layer":"application"},{"id":"id-45b71199-3c61-4c2a-9dd7-18bc945363c7","name":"create method1 as lambda","type":"ApplicationProcess","layer":"application"},{"id":"id-014f2fef-fb94-44ef-81a7-8e7bafbebebb","name":"create method2 as lambda","type":"ApplicationProcess","layer":"application"},{"id":"id-3e6a0e6a-1a23-4078-856d-e8a9e362037c","name":"abstract class","type":"ApplicationInterface","layer":"application"},{"id":"e3d8fea0-623e-4fba-a0a7-3ca6c06d55d3","name":"method 1","type":"ApplicationFunction","layer":"application"},{"id":"bfd9fd4b-6136-4132-a831-7219cffe8ddf","name":"method 2","type":"ApplicationFunction","layer":"application"},{"id":"afab0f5c-a3d9-479f-b964-db130d439a76","name":"concrete class A","type":"ApplicationComponent","layer":"application"},{"id":"d2d43a0f-1ff8-44de-bf31-7e0293305a66","name":"method 1","type":"ApplicationFunction","layer":"application"},{"id":"id-44c8ec2e-ce4c-4a87-af11-bcf8a1c987ad","name":"method 2","type":"ApplicationFunction","layer":"application"},{"id":"a1de479e-9802-49d4-a5da-c713011196df","name":"concrete class B","type":"ApplicationComponent","layer":"application"},{"id":"id-0acff186-cfe5-4064-829d-fa995de75090","name":"method 1","type":"ApplicationFunction","layer":"application"},{"id":"c1c59ebc-269e-41f3-835b-f051740dfcc3","name":"method 2","type":"ApplicationFunction","layer":"application"},{"id":"id-4e59b009-dd13-43bf-81a4-9db8e6b036c2","name":"class with algo","type":"ApplicationComponent","layer":"application"},{"id":"id-3d85270b-babd-44f1-85bb-d275ed633398","name":"ref to strategy","type":"DataObject","layer":"application"},{"id":"id-7984336b-6317-4df4-9c94-9d3f60794137","name":"algo (ref to method1,ref to method2)","type":"ApplicationFunction","layer":"application"},{"id":"id-5de2d6ce-ee21-407d-8ab2-9bb74b944abf","name":"step","type":"ApplicationProcess","layer":"application"},{"id":"abd9d16e-b41f-4717-bf59-19602cc9fc03","name":"step","type":"ApplicationProcess","layer":"application"}],"relationships":[{"id":"ff2738c4","sourceId":"fa148266","targetId":"id-48b23faf","type":"Serving"},{"id":"id-0dd3df2d","sourceId":"e71df415","targetId":"id-0f15f359","type":"Serving"},{"id":"id-7635b9b8","sourceId":"id-17e74844","targetId":"id-48b23faf","type":"Flow"},{"id":"id-5680e89b","sourceId":"fa148266","targetId":"id-78eecdfe","type":"Realization"},{"id":"c84450ac","sourceId":"be5a9855","targetId":"id-2411ebfd","type":"Assignment"},{"id":"id-0778bd78","sourceId":"efaf0601","targetId":"id-33bb4047","type":"Association"},{"id":"bb0f813b","sourceId":"id-78eecdfe","targetId":"id-53cc3895","type":"Flow"},{"id":"id-75061ba0","sourceId":"c89a34ea","targetId":"efaf0601","type":"Realization"},{"id":"id-91c0a6f1","sourceId":"fa148266","targetId":"id-53cc3895","type":"Realization"},{"id":"id-15caecee","sourceId":"be5a9855","targetId":"efaf0601","type":"Realization"},{"id":"b07f4cbb","sourceId":"id-48b23faf","targetId":"id-0f15f359","type":"Flow"},{"id":"id-3c7576cf","sourceId":"c89a34ea","targetId":"id-28db4948","type":"Assignment"},{"id":"id-587dd278","sourceId":"be5a9855","targetId":"ec2acf9a","type":"Assignment"},{"id":"e94877cc","sourceId":"be5a9855","targetId":"id-0c5ee796","type":"Assignment"},{"id":"ee2bb936","sourceId":"efaf0601","targetId":"id-31b6699e","type":"Association"},{"id":"c2005e14","sourceId":"c89a34ea","targetId":"id-37ee1620","type":"Assignment"},{"id":"id-9f0a9b2b","sourceId":"id-4fd062d6","targetId":"id-17e74844","type":"Serving"},{"id":"id-05665c1d","sourceId":"c89a34ea","targetId":"cb303104","type":"Assignment"},{"id":"id-2118c9dc","sourceId":"id-4fd062d6","targetId":"fa148266","type":"Assignment"},{"id":"id-4936a3ab","sourceId":"be5a9855","targetId":"e71df415","type":"Assignment"},{"id":"id-3b19c671","sourceId":"id-31b6699e","targetId":"id-78eecdfe","type":"Serving"},{"id":"id-928893dd","sourceId":"f817c139","targetId":"id-53cc3895","type":"Serving"},{"id":"id-43bb764b","sourceId":"c89a34ea","targetId":"id-0627102b","type":"Assignment"},{"id":"id-77ec37b4","sourceId":"d497f058","targetId":"id-17e74844","type":"Flow"},{"id":"a2c967b3","sourceId":"efaf0601","targetId":"f817c139","type":"Association"},{"id":"id-83bf39f7","sourceId":"d497f058","targetId":"id-035e90d1","type":"Access"},{"id":"id-6850ee22","sourceId":"id-035e90d1","targetId":"be5a9855","type":"Association"},{"id":"c553f8c5","sourceId":"id-78eecdfe","targetId":"d301c11f","type":"Flow"},{"id":"id-3ea92de2","sourceId":"id-53cc3895","targetId":"c56b24cb","type":"Flow"},{"id":"id-56845bab","sourceId":"b1982144","targetId":"c56b24cb","type":"Association"},{"id":"b39c00a0","sourceId":"b1982144","targetId":"d301c11f","type":"Association"},{"id":"e9a48fe8","sourceId":"b1982144","targetId":"fa148266","type":"Association"},{"id":"id-04231405","sourceId":"id-9852126a","targetId":"id-33bb4047","type":"Assignment"},{"id":"eeb376ce","sourceId":"id-9852126a","targetId":"f817c139","type":"Assignment"},{"id":"fdc607d9","sourceId":"id-9852126a","targetId":"id-31b6699e","type":"Assignment"},{"id":"id-58c3b7c6","sourceId":"id-9852126a","targetId":"b1982144","type":"Realization"},{"id":"d7f26581","sourceId":"id-33bb4047","targetId":"c56b24cb","type":"Realization"},{"id":"id-01b915e3","sourceId":"f817c139","targetId":"d301c11f","type":"Realization"},{"id":"id-8ab66592","sourceId":"id-9852126a","targetId":"d497f058","type":"Serving"},{"id":"f7a6ee8d","sourceId":"fa148266","targetId":"id-17e74844","type":"Serving"},{"id":"b839c3c0","sourceId":"id-0fdb8e84","targetId":"id-8e08efa2","type":"Assignment"},{"id":"d51da7dd","sourceId":"id-0fdb8e84","targetId":"id-3a472666","type":"Assignment"},{"id":"bd7ef10a","sourceId":"id-0fdb8e84","targetId":"b1982144","type":"Realization"},{"id":"bf924a4f","sourceId":"d301c11f","targetId":"f817c139","type":"Flow"},{"id":"id-574d289e","sourceId":"c56b24cb","targetId":"id-33bb4047","type":"Flow"},{"id":"id-17ae5652-0ec0-45a8-a34b-c65030a39949","sourceId":"id-0b697655-4c01-4d4a-a084-cfa6b5a64666","targetId":"id-6b2699ae-9908-4dfd-b587-a0feb0b37800","type":"Assignment"},{"id":"id-2c44ad7b-f1eb-41c8-b28a-29466bb1765b","sourceId":"c8107a72-56bd-42a3-8176-65eec977bfc0","targetId":"id-0cec38ca-8574-4f6c-8329-8be1c948c2ac","type":"Serving"},{"id":"id-049f6ed1-7b7c-4ac6-84b5-7e77d196ffcc","sourceId":"id-4bb83e92-6e18-498f-9d05-0df0de96c2b5","targetId":"c8e54703-7c23-4068-be80-077321532214","type":"Flow"},{"id":"id-364c3080-3fc6-4e6e-967a-089c958cfde8","sourceId":"c8107a72-56bd-42a3-8176-65eec977bfc0","targetId":"aa3da1cd-fb7c-461c-af55-8dae1ea83970","type":"Realization"},{"id":"fa674c06-a2fe-427a-aec1-9b868f286159","sourceId":"id-11757107-2007-403f-bed6-d1608846fc71","targetId":"id-1052e6d4-4d38-4dbf-9bad-084b0a264c62","type":"Assignment"},{"id":"id-85eb0ba2-61b7-4c8d-ae5a-5dd993d293dd","sourceId":"e1d08db1-14d9-40ff-8eee-1e53b17012d0","targetId":"id-4bb83e92-6e18-498f-9d05-0df0de96c2b5","type":"Flow"},{"id":"id-035e8201-78b0-4341-8abf-16a22d04cdbc","sourceId":"aa3da1cd-fb7c-461c-af55-8dae1ea83970","targetId":"id-621d0fe9-b4fb-431a-bec4-0ee3b5c80efb","type":"Flow"},{"id":"id-4bff3c4c-df8b-4a7c-9212-6c1bb0059f6d","sourceId":"id-0b697655-4c01-4d4a-a084-cfa6b5a64666","targetId":"afbc9a34-8dfc-4fbe-bcae-f8d0c925cb49","type":"Realization"},{"id":"id-3737d228-0cb5-4b8a-93ef-081ea76d6834","sourceId":"id-621d0fe9-b4fb-431a-bec4-0ee3b5c80efb","targetId":"id-6b2699ae-9908-4dfd-b587-a0feb0b37800","type":"Flow"},{"id":"id-17b23dfb-295b-4e2d-9fbd-40f8e8de1832","sourceId":"e1d08db1-14d9-40ff-8eee-1e53b17012d0","targetId":"aa3da1cd-fb7c-461c-af55-8dae1ea83970","type":"Flow"},{"id":"id-96ae566c-23b8-4fe5-bb8d-d4c3688ed1ab","sourceId":"c8107a72-56bd-42a3-8176-65eec977bfc0","targetId":"e1d08db1-14d9-40ff-8eee-1e53b17012d0","type":"Realization"},{"id":"id-79ac9071-6cdd-441c-a8b7-468079e180d5","sourceId":"id-0b697655-4c01-4d4a-a084-cfa6b5a64666","targetId":"id-853fa38c-f1cb-4c9b-9a58-25fd6f4aba81","type":"Serving"},{"id":"id-0b689498-bd2b-4c98-a8da-6597ffc68731","sourceId":"id-11757107-2007-403f-bed6-d1608846fc71","targetId":"afbc9a34-8dfc-4fbe-bcae-f8d0c925cb49","type":"Realization"},{"id":"id-132960c2-c1e8-4ef6-b86a-f86ddc3ca546","sourceId":"afbc9a34-8dfc-4fbe-bcae-f8d0c925cb49","targetId":"id-621d0fe9-b4fb-431a-bec4-0ee3b5c80efb","type":"Association"},{"id":"id-075f097c-482e-4202-b4cd-8856f1f8f49c","sourceId":"id-0b697655-4c01-4d4a-a084-cfa6b5a64666","targetId":"c8e54703-7c23-4068-be80-077321532214","type":"Assignment"},{"id":"id-85c4eab2-a8d2-4165-8f19-79a371e62e36","sourceId":"afbc9a34-8dfc-4fbe-bcae-f8d0c925cb49","targetId":"c8107a72-56bd-42a3-8176-65eec977bfc0","type":"Association"},{"id":"id-7442be88-bd3d-4ce3-9d5a-7047d88ca558","sourceId":"id-853fa38c-f1cb-4c9b-9a58-25fd6f4aba81","targetId":"id-0cec38ca-8574-4f6c-8329-8be1c948c2ac","type":"Flow"},{"id":"id-1fecd7a4-3f7e-425f-833c-1a196de12793","sourceId":"afbc9a34-8dfc-4fbe-bcae-f8d0c925cb49","targetId":"id-4bb83e92-6e18-498f-9d05-0df0de96c2b5","type":"Association"},{"id":"aa6c9697-003b-47ab-9242-1f00b1cc58c5","sourceId":"id-11757107-2007-403f-bed6-d1608846fc71","targetId":"id-2059e39f-3f4d-4570-96bf-eac5f9657810","type":"Assignment"},{"id":"id-37af35ad-4a02-4815-b879-c9258a2209a5","sourceId":"b6996df8-6bdd-4ac8-9c04-95f7d40e281c","targetId":"a14bf058-050e-4245-ab42-1b74cb6174ea","type":"Assignment"},{"id":"id-54122d7f-b6f6-4c04-9a6e-dc24f9aad888","sourceId":"b5fadd70-8dc7-4c40-9980-6139678e15d3","targetId":"e539387e-3d7f-4421-a341-a90a5d2840c2","type":"Serving"},{"id":"id-83232415-86ed-4333-88f6-f4b8b3103330","sourceId":"id-2b469dfb-2103-45d2-8b3b-cb395634672d","targetId":"id-32dbce09-12ec-4cca-91a6-e90c07f0d173","type":"Flow"},{"id":"f8beac0d-faed-4f5a-9c4d-835b4641572d","sourceId":"b5fadd70-8dc7-4c40-9980-6139678e15d3","targetId":"a79ffe21-3af9-4e04-9629-764bc142b89f","type":"Realization"},{"id":"e484e6b4-8b3f-4cd1-af14-c4b929830d0d","sourceId":"id-64a8419b-bf3d-46d0-8acf-cba39b8bafb6","targetId":"id-3e02f491-ace0-4de6-8491-9177b55c4968","type":"Assignment"},{"id":"f8d936d8-21e3-490e-9632-1e3563f283e3","sourceId":"id-36c99748-9f0c-4477-9c64-2eed2c61f252","targetId":"id-2b469dfb-2103-45d2-8b3b-cb395634672d","type":"Flow"},{"id":"a6ac6ce7-719a-465f-a43b-245745d21d3b","sourceId":"a79ffe21-3af9-4e04-9629-764bc142b89f","targetId":"id-7e40bf5b-ac39-4d46-aa15-bdf77993ab04","type":"Flow"},{"id":"a1d09bac-d31d-4816-95cc-2c6515fcdba8","sourceId":"b6996df8-6bdd-4ac8-9c04-95f7d40e281c","targetId":"id-80daea95-5aae-43dc-b4d6-4091bb0647a1","type":"Realization"},{"id":"id-52428ef2-1a35-447d-b043-684b21e7bc99","sourceId":"id-7e40bf5b-ac39-4d46-aa15-bdf77993ab04","targetId":"a14bf058-050e-4245-ab42-1b74cb6174ea","type":"Flow"},{"id":"e84db7ca-45ae-4ce2-a2c5-6190a0f0c699","sourceId":"id-36c99748-9f0c-4477-9c64-2eed2c61f252","targetId":"a79ffe21-3af9-4e04-9629-764bc142b89f","type":"Flow"},{"id":"id-393eb295-5e32-450e-8a9f-62c60790cc00","sourceId":"b5fadd70-8dc7-4c40-9980-6139678e15d3","targetId":"id-36c99748-9f0c-4477-9c64-2eed2c61f252","type":"Realization"},{"id":"aa016921-5c81-4f57-8d9b-61c6965295f4","sourceId":"b6996df8-6bdd-4ac8-9c04-95f7d40e281c","targetId":"id-1863521d-04a0-46ab-9a30-980584326444","type":"Serving"},{"id":"c4cbd61a-2345-4c26-9b5e-e80a1da6d4cb","sourceId":"id-64a8419b-bf3d-46d0-8acf-cba39b8bafb6","targetId":"id-80daea95-5aae-43dc-b4d6-4091bb0647a1","type":"Realization"},{"id":"fa9b07db-1f2b-46f0-a9ec-7866af0e918c","sourceId":"id-80daea95-5aae-43dc-b4d6-4091bb0647a1","targetId":"id-7e40bf5b-ac39-4d46-aa15-bdf77993ab04","type":"Association"},{"id":"b7849050-03f6-4591-b3f2-99f91d53b04b","sourceId":"b6996df8-6bdd-4ac8-9c04-95f7d40e281c","targetId":"id-32dbce09-12ec-4cca-91a6-e90c07f0d173","type":"Assignment"},{"id":"id-36bbf8e3-b20a-4192-9e02-d143d418dc94","sourceId":"id-1863521d-04a0-46ab-9a30-980584326444","targetId":"e3ef13b1-a208-41c1-b701-5568c65beadf","type":"Flow"},{"id":"id-98db6122-a6b8-46bf-ab83-4c5124490b99","sourceId":"id-80daea95-5aae-43dc-b4d6-4091bb0647a1","targetId":"id-2b469dfb-2103-45d2-8b3b-cb395634672d","type":"Association"},{"id":"a779ce9c-c391-46b9-84cf-85b61ecddd9e","sourceId":"id-64a8419b-bf3d-46d0-8acf-cba39b8bafb6","targetId":"id-6b66e191-cc06-4c0c-a5d0-ec66f85c9fa5","type":"Assignment"},{"id":"id-2fe871ee-fe34-4d86-bc19-19701af081cf","sourceId":"id-937f35ab-b650-47b9-a1db-88636176d721","targetId":"be7e3255-09cb-4ede-9b6f-ecc536c1058d","type":"Access"},{"id":"c5f0bd49-1068-4eca-aef7-d94947a12aaa","sourceId":"id-80daea95-5aae-43dc-b4d6-4091bb0647a1","targetId":"be7e3255-09cb-4ede-9b6f-ecc536c1058d","type":"Association"},{"id":"cc1daa6a-9fd3-4cc2-95ce-351d153115e8","sourceId":"id-937f35ab-b650-47b9-a1db-88636176d721","targetId":"b5fadd70-8dc7-4c40-9980-6139678e15d3","type":"Assignment"},{"id":"id-42d7ddc5-8987-4d68-8908-9022d44445cc","sourceId":"e3ef13b1-a208-41c1-b701-5568c65beadf","targetId":"e539387e-3d7f-4421-a341-a90a5d2840c2","type":"Flow"},{"id":"id-6d722284-268f-4dd8-b35e-66b85260906d","sourceId":"id-5de2d6ce-ee21-407d-8ab2-9bb74b944abf","targetId":"abd9d16e-b41f-4717-bf59-19602cc9fc03","type":"Flow"},{"id":"id-08d1455f-df90-4a8f-8153-c524e5a381fd","sourceId":"id-014f2fef-fb94-44ef-81a7-8e7bafbebebb","targetId":"d0e45bc3-9eff-4d25-9484-c0f31fb4b2e3","type":"Flow"},{"id":"f4c14fee-4f4b-48ca-8cd4-60f03bdeb890","sourceId":"id-7984336b-6317-4df4-9c94-9d3f60794137","targetId":"id-5de2d6ce-ee21-407d-8ab2-9bb74b944abf","type":"Realization"},{"id":"id-17e52be7-340e-41e8-91bb-eaf783aaed78","sourceId":"a1de479e-9802-49d4-a5da-c713011196df","targetId":"id-3e6a0e6a-1a23-4078-856d-e8a9e362037c","type":"Realization"},{"id":"id-70009b99-8ec6-4b73-9e70-4e6167ce49ed","sourceId":"id-4e59b009-dd13-43bf-81a4-9db8e6b036c2","targetId":"id-3d85270b-babd-44f1-85bb-d275ed633398","type":"Access"},{"id":"e7ed9a80-bebf-4f03-a7b0-8ca281d77209","sourceId":"id-3e6a0e6a-1a23-4078-856d-e8a9e362037c","targetId":"bfd9fd4b-6136-4132-a831-7219cffe8ddf","type":"Association"},{"id":"id-1de8aa4c-49f4-483e-b4cc-6b9c9d29e1a1","sourceId":"id-45b71199-3c61-4c2a-9dd7-18bc945363c7","targetId":"d2d43a0f-1ff8-44de-bf31-7e0293305a66","type":"Flow"},{"id":"id-0520eb9a-4d7e-4e71-9716-4a6e94f65105","sourceId":"abd9d16e-b41f-4717-bf59-19602cc9fc03","targetId":"id-44c8ec2e-ce4c-4a87-af11-bcf8a1c987ad","type":"Flow"},{"id":"id-7d259d64-d9ed-47bc-8d11-2592a3e521d9","sourceId":"id-3e6a0e6a-1a23-4078-856d-e8a9e362037c","targetId":"id-3d85270b-babd-44f1-85bb-d275ed633398","type":"Association"},{"id":"fd561e6a-d78c-493f-b6b9-64fabca5b42e","sourceId":"id-7984336b-6317-4df4-9c94-9d3f60794137","targetId":"d0e45bc3-9eff-4d25-9484-c0f31fb4b2e3","type":"Serving"},{"id":"id-5c18acec-1322-4870-9d00-c0fc463d7144","sourceId":"id-5de2d6ce-ee21-407d-8ab2-9bb74b944abf","targetId":"d2d43a0f-1ff8-44de-bf31-7e0293305a66","type":"Flow"},{"id":"id-060d63aa-52bd-4a6e-810f-42c46986daff","sourceId":"id-4e59b009-dd13-43bf-81a4-9db8e6b036c2","targetId":"id-7984336b-6317-4df4-9c94-9d3f60794137","type":"Assignment"},{"id":"c2636637-1818-4943-b6af-2459819fdea9","sourceId":"afab0f5c-a3d9-479f-b964-db130d439a76","targetId":"d2d43a0f-1ff8-44de-bf31-7e0293305a66","type":"Assignment"},{"id":"id-5817e0c8-84c9-41e6-bb73-19012983b9c7","sourceId":"id-3e6a0e6a-1a23-4078-856d-e8a9e362037c","targetId":"e3d8fea0-623e-4fba-a0a7-3ca6c06d55d3","type":"Association"},{"id":"id-7cc9118c-bfae-45de-ab10-eee6e74b244d","sourceId":"afab0f5c-a3d9-479f-b964-db130d439a76","targetId":"id-45b71199-3c61-4c2a-9dd7-18bc945363c7","type":"Serving"},{"id":"id-6f42f069-7078-4131-a384-00a5b7b96e01","sourceId":"id-7984336b-6317-4df4-9c94-9d3f60794137","targetId":"abd9d16e-b41f-4717-bf59-19602cc9fc03","type":"Realization"},{"id":"id-2da993d7-4ae1-4f8b-be33-0385e4469e82","sourceId":"id-014f2fef-fb94-44ef-81a7-8e7bafbebebb","targetId":"id-44c8ec2e-ce4c-4a87-af11-bcf8a1c987ad","type":"Flow"},{"id":"id-2a023c49-771c-45c4-bb8b-0b6d117afe06","sourceId":"afab0f5c-a3d9-479f-b964-db130d439a76","targetId":"id-3e6a0e6a-1a23-4078-856d-e8a9e362037c","type":"Realization"},{"id":"id-12c64d01-b26e-452a-bc3e-7fce4e11dffa","sourceId":"afab0f5c-a3d9-479f-b964-db130d439a76","targetId":"id-44c8ec2e-ce4c-4a87-af11-bcf8a1c987ad","type":"Assignment"},{"id":"dd6d1650-0e0d-40f6-886a-5d08e1e8a689","sourceId":"a1de479e-9802-49d4-a5da-c713011196df","targetId":"id-0acff186-cfe5-4064-829d-fa995de75090","type":"Assignment"},{"id":"ef00f6f5-2a87-426c-992a-60cd23c032a9","sourceId":"a1de479e-9802-49d4-a5da-c713011196df","targetId":"c1c59ebc-269e-41f3-835b-f051740dfcc3","type":"Assignment"},{"id":"bad82117-b322-4743-8da1-b45e73976eb7","sourceId":"id-45b71199-3c61-4c2a-9dd7-18bc945363c7","targetId":"d0e45bc3-9eff-4d25-9484-c0f31fb4b2e3","type":"Flow"}],"views":[{"id":"id-5db4a1de","name":"template","viewpoint":""},{"id":"id-9b5de60a","name":"uml","viewpoint":""},{"id":"id-1eb67abd-3d2a-4c3f-ac9e-fae865195b6e","name":"difference between template method and strategy patterns","viewpoint":""}]}