{"identifier":"https://me.big.tuwien.ac.at/EAModelSet/id-55d5ef7a83cc49bb8ed47978945fbdbc","archimateId":"id-55d5ef7a83cc49bb8ed47978945fbdbc","name":"(new model)","description":"","formats":["XML","CSV","JSON","ARCHIMATE"],"source":"GitHub","repository":"DanielVyazhev/Repository-DanielVyazhev","license":"Not found","sourceFile":"raw-data/github/archimate/motivation.archimate","sourceFormat":"ARCHIMATE","timestamp":"2023-07-06T09:29:17","tags":[],"duplicates":[],"language":"en","elements":[{"id":"id-1a6a36fdabef4e19ab8f76d76a873683","name":"customer","type":"BusinessRole","layer":"business"},{"id":"id-f6dd9a394b8b41b78bc9014b6aa7d154","name":"Business Interface","type":"BusinessInterface","layer":"business"},{"id":"id-83608a0d2d0e467ca253c2ff68be9b71","name":"Transformation and expansion of the application range","type":"Driver","layer":"motivation"},{"id":"id-cf8df08f648f40039eb4891501c72341","name":"Chief Executive Officer","type":"Stakeholder","layer":"motivation"},{"id":"id-be3898809c8444aea5848a146beac98a","name":"Lost Customers","type":"Assessment","layer":"motivation"},{"id":"id-7affa94c42714f8984edcb1ef4a85570","name":"CVM is not very efficient","type":"Assessment","layer":"motivation"},{"id":"id-efb4ca7aff8b4cd9862db17d96577fca","name":"Shopping platform updates","type":"Assessment","layer":"motivation"},{"id":"id-417d9a04d66b47b0a99634e27118c1e2","name":"Incomplete and inconsistent information","type":"Assessment","layer":"motivation"},{"id":"id-ac208f3354874bb497b54358ee1b546a","name":"Insufficient interaction with customers","type":"Assessment","layer":"motivation"},{"id":"id-4c882f6bb5e7455aab8c9aa687f07314","name":"lack of personalized promotions and rebates","type":"Assessment","layer":"motivation"},{"id":"id-bb31c0d559fa477b9cf6a88b310e8a08","name":"not enough good quality products for affordable prices","type":"Assessment","layer":"motivation"},{"id":"id-99bf918b3b8c41ad816b8ae48b17886c","name":"Product price increases","type":"Assessment","layer":"motivation"},{"id":"id-1f19d4fbc8a84cccb60a626e487174d4","name":"Hard and software updates for offline shops","type":"Goal","layer":"motivation"},{"id":"id-f72e6bf8606646a098b3b1fc98119202","name":"Express business scales up","type":"Goal","layer":"motivation"},{"id":"id-cef2ea8382cb49788d4fb773aba7a537","name":"Improving online shopping systems","type":"Goal","layer":"motivation"},{"id":"id-b770c9005ff1451f88fb68f724c5c670","name":"Helpdesk technical support","type":"Goal","layer":"motivation"},{"id":"id-62f39e2b274448658d009158e1f9a849","name":"\"improving the quality of our own products and expanding the range","type":"Goal","layer":"motivation"},{"id":"id-2719f93263144927ba6f639c11dd10c8","name":"Balancing price and quality","type":"Goal","layer":"motivation"},{"id":"id-1329f669a9a641e1b1d39baa13fd762d","name":"to create personalized offers and discounts based on purchase history and customer preferences","type":"Goal","layer":"motivation"},{"id":"id-e6efffbce8ff4ef1809e50d066631b18","name":"Improvement of data consistency","type":"Goal","layer":"motivation"},{"id":"id-186f678b609c49b59628050b2bf2f07a","name":"Omni-channel personalised communication","type":"Goal","layer":"motivation"},{"id":"id-ff4fd5029d6148cc8e47e61be374be74","name":"10% reduction in lost customers within 6 months","type":"Outcome","layer":"motivation"},{"id":"id-dbd4976df5fe4788a737dfa6b2d2226f","name":"10% increase in CVM efficiency in 6 months","type":"Outcome","layer":"motivation"},{"id":"id-52ba5289986e4ddd81a92f8af43292f5","name":"5% increase in revenue within one year","type":"Outcome","layer":"motivation"},{"id":"id-7624d7183716424384bc23bb75d1d8da","name":"Single system of  record for each data element","type":"Principle","layer":"motivation"},{"id":"id-fffd478587be4ca8951fae1fc398cf56","name":"App should run on all mobile platforms","type":"Requirement","layer":"motivation"},{"id":"id-cd3a4622e86543e3824884959dfa5209","name":"The help received is valuable","type":"Requirement","layer":"motivation"},{"id":"id-e535d2db641845bca20c6ed5642caf33","name":"Serving customers wherever they are and running smoothly","type":"Principle","layer":"motivation"},{"id":"id-ea1518445aa647f6b8ebf7256ecf9812","name":"common use of applications","type":"Requirement","layer":"motivation"},{"id":"id-763e27e627bd414f84ff761fd3d2bf7a","name":"Chief Executive Officer","type":"Stakeholder","layer":"motivation"},{"id":"id-2c603db18c4842a797d53c1609729943","name":"Chief Technical Officer","type":"Stakeholder","layer":"motivation"},{"id":"id-dd25b2dca71942ffa220b162ab86e030","name":"Business success(profit, market share, ability to grow...)","type":"Driver","layer":"motivation"},{"id":"id-fff3231c15c7435a9673aa41164e4358","name":"Higher labour costs","type":"Assessment","layer":"motivation"},{"id":"id-7e3c3bfee919492891172b9deda15bc1","name":"Higher application costs","type":"Assessment","layer":"motivation"},{"id":"id-f1201aff8f314a22b9dc9add0a6d7d3a","name":"Need for more investment cooperation","type":"Assessment","layer":"motivation"},{"id":"id-1b2043e7f99c4fff9302e7f2280fc36b","name":"High staff turnover","type":"Assessment","layer":"motivation"},{"id":"id-b4be593ff16045deada291f99b111bf0","name":"Low qualification of employees","type":"Assessment","layer":"motivation"},{"id":"id-f55da9a2a9944aba89a6c1dad1f382a8","name":"Specialist talent is in short supply","type":"Assessment","layer":"motivation"},{"id":"id-a35e93e5b13d4554b8907fdd9fe51244","name":"Support “employer brand” to attract talent","type":"Goal","layer":"motivation"},{"id":"id-668bfbb3be8246699327b4bbde294c50","name":" shop director entrepreneurial motivation programme ","type":"Goal","layer":"motivation"},{"id":"id-d41ba6541dac4aeebd625f56f4367518","name":"Staff Knowledge Learning Programme","type":"Goal","layer":"motivation"},{"id":"id-be916b0fb8b3402f84a263e5aeeef9c1","name":"Reduced staff manual workload","type":"Goal","layer":"motivation"},{"id":"id-c1d3a5c420854fea9587dca06ee7f818","name":"5% increase in employee engagement within 6 months","type":"Outcome","layer":"motivation"},{"id":"id-106d36b523494196bd409f97cf5a4c5d","name":"1% increase in the proportion of 1 year specialist staff","type":"Outcome","layer":"motivation"},{"id":"id-1e6a01c28f2f468898515516cfc06414","name":" capex for new openings and refurbishments","type":"Assessment","layer":"motivation"},{"id":"id-cf2c079e89854d1381508050a65e80b7","name":"Transport efficiency in DCs needs to be improved","type":"Assessment","layer":"motivation"},{"id":"id-7e9cfc8cb4b1435580cb8145826ec71c","name":"Online system maintenance and updates","type":"Assessment","layer":"motivation"},{"id":"id-280b1f648ac54790bc5caaf66a7192e7","name":" rollout of new CVP to optimise capex","type":"Goal","layer":"motivation"},{"id":"id-87dabb89e7514dfa934533bb8befa5c9","name":"Development of multilayer logistics infrastructure","type":"Goal","layer":"motivation"},{"id":"id-0f1b8dd8653d41baba580320bb33df9a","name":"Reduce maintenance costs and develop data tools","type":"Goal","layer":"motivation"},{"id":"id-b6bd77acd48446108da4936ba93d3b69","name":"Providing quality customer service ","type":"Principle","layer":"motivation"},{"id":"id-fd8a594802414525a8a571afc1a2b9dc","name":" Use of talent management systems to improve staff productivity","type":"Requirement","layer":"motivation"},{"id":"id-bf0e618c0e164cdaa5999d6dd330477d","name":"Seeking ecosystem partnerships to investment and cooperation in green and efficient projects","type":"Goal","layer":"motivation"},{"id":"id-9765bcc9be9540bba5b32d2a0614961b","name":"Development of two sustainable development projects within 1 year","type":"Outcome","layer":"motivation"},{"id":"id-4d459ac1844e42a0819cb3c24e560c5a","name":"implement customer-seeking development strategies","type":"Principle","layer":"motivation"},{"id":"id-8c893bdcf3ba49cb9480429975cd7831","name":"Business and IT alignment","type":"Driver","layer":"motivation"},{"id":"id-e313ac79576143fa95323754839d0ccf","name":"Losing our data due to a security breach","type":"Assessment","layer":"motivation"},{"id":"id-d8a7c224cd09453ba91201f61e564dcf","name":"Invest in further automation and data-driven tools ","type":"Goal","layer":"motivation"},{"id":"id-192ed5e327a14c819023179d29f06ebf","name":"Create a private cloud account","type":"Goal","layer":"motivation"},{"id":"id-da09acd4a85c42c5b2b9f5cfd7704e91","name":"Technical equipment is insufficient for industrial operation","type":"Assessment","layer":"motivation"},{"id":"id-f6d9fc2b4d364988ac1f3a4af0bfcc9f","name":"Collecting and transferring information systems and key products to a private cloud Salt within 1 year","type":"Outcome","layer":"motivation"},{"id":"id-aa6eef1fd9db4a12b66f6c4140abae1f","name":"The service has to be personalised","type":"Requirement","layer":"motivation"},{"id":"id-377b4c162f0a40549a4dd72fbb8a4f18","name":"achieve sustainable cost savings and reduce exposure to higher costs as a result of labour shortage","type":"Principle","layer":"motivation"},{"id":"id-306d0fc4bb434b13918006160cf6b050","name":"Chief Financial Officer ","type":"Stakeholder","layer":"motivation"},{"id":"id-ee41689bcfdb4047a4d5c533657ae1c0","name":"Costs","type":"Driver","layer":"motivation"},{"id":"id-ca11f9aafcdf49969f2b78465b50570b","name":"Business success(profit, market share, ability to grow...) (copy)","type":"Driver","layer":"motivation"},{"id":"id-e5282351e126401cb4445028e24472dc","name":"Business success(profit, market share, ability to grow...) (copy)","type":"Driver","layer":"motivation"},{"id":"id-14d1692f998c41e695dd91e27d4df545","name":"Need for more investment cooperation","type":"Assessment","layer":"motivation"},{"id":"id-190d79afe80647fdba448ddbaa039d11","name":"Seeking ecosystem partnerships to investment and cooperation in green and efficient projects","type":"Goal","layer":"motivation"},{"id":"id-b3059567deb840b39479ce269a1150cb","name":"Development of two sustainable development projects within 1 year","type":"Outcome","layer":"motivation"},{"id":"id-2757afd276424f40aeb727363d52fb79","name":"implement customer-seeking development strategies","type":"Principle","layer":"motivation"},{"id":"id-d5551e8988d644708d76493ede972b7d","name":"Incompleteness of the complaints process","type":"Assessment","layer":"motivation"},{"id":"id-3f320dc43fd94c648e9a960734a2629e","name":"Improving complaint application facilities","type":"Goal","layer":"motivation"},{"id":"id-762deb399ebe4bceb8e2313dd5ae49e0","name":"Forecasting service software using our own cloud platform","type":"Requirement","layer":"motivation"},{"id":"id-56f2d57e71cc4fdc9949f26293d0cfc0","name":"5% increase in revenue within one year","type":"Outcome","layer":"motivation"},{"id":"id-fe13c5a0f1294baaa3a6634c76a1955a","name":"Working together on our own created cloud platform ","type":"Goal","layer":"motivation"},{"id":"id-4bee1d815da14670bc6e8ac60415241f","name":"Expanded infrastructure applications for logistics 5% in 2 years","type":"Outcome","layer":"motivation"},{"id":"id-852ba990e42c4bdeb9a997ad1b82f8ef","name":"Expansion of logistics network coverage 5% within 2 years","type":"Outcome","layer":"motivation"},{"id":"id-06dcd765848b46fd82c78d2bb2dba864","name":"Increase satisfaction with self-service shopping 5% within one year","type":"Outcome","layer":"motivation"},{"id":"id-1b2432a000fd476a8d4c952a91a45a34","name":"Improve efficiency of complaint handling 2% within one year","type":"Outcome","layer":"motivation"},{"id":"id-85994c62c5bd4c0ebb2992a301040cf1","name":"Applying our own system for improving the efficiency of our employees' collaborative work within two years","type":"Outcome","layer":"motivation"},{"id":"id-0b57d235de374eb6943874444de0a885","name":"achieve sustainable cost savings and reduce exposure to higher costs as a result of labour shortage","type":"Principle","layer":"motivation"},{"id":"id-7befd63bc9da4e91902a15460015507d","name":"Ability to perform predictive analytics","type":"Principle","layer":"motivation"},{"id":"id-17dc9f9bff5948b0bc4e871cec9d330a","name":"Software built from A/B test platform, AI and BI platform","type":"Constraint","layer":"motivation"},{"id":"id-5704e37f60be4526b482338c87e42fca","name":"Keeping customer accounts secure during collection and migration","type":"Principle","layer":"motivation"},{"id":"id-5f32b9f49fb64c959ef86c4531a73822","name":"Use of CDP technology","type":"Constraint","layer":"motivation"},{"id":"id-b3a4121bbac74ac1a1f71f5f34cfc761","name":"Ability to improve the efficiency of logistics and transport","type":"Principle","layer":"motivation"},{"id":"id-0b2a6ff2147e445f9c9fa019e6fe4da5","name":"Ability to import data into our own systems","type":"Requirement","layer":"motivation"},{"id":"id-50f05ab920324cafb40fd742de0b8348","name":"Use of drones and cameras capable of real-time monitoring","type":"Constraint","layer":"motivation"},{"id":"id-0cbf30f099e4480b957550d795cf7294","name":"Use of IoT and neural network technology","type":"Constraint","layer":"motivation"},{"id":"id-b316f3ae1720417f8f424efd57e975f7","name":"","type":"Requirement","layer":"motivation"},{"id":"id-223230a7f0e84229820e27edf95f4eb0","name":"Demand for more suppliers to ensure product availability","type":"Goal","layer":"motivation"},{"id":"id-ff91ce1638874f7baec2c55436edde02","name":"Increase the number of products and expand the product range by 2% in one year","type":"Outcome","layer":"motivation"},{"id":"id-065305b7b07945ca91fd83319f025ee4","name":"Efficient complaint handling process","type":"Principle","layer":"motivation"},{"id":"id-f2d928df8d7542d387fb568543b5993a","name":"Introduction of nfc technology and electronic counters","type":"Constraint","layer":"motivation"},{"id":"id-d809375bbb914ca58c226bdccba7448f","name":"Introduction of nfc technology and electronic counters","type":"Requirement","layer":"motivation"},{"id":"id-b90a07e805204b17b9985e638725de5d","name":"Director of CRM","type":"Stakeholder","layer":"motivation"},{"id":"id-f6162c7f481149ada32b42cce6d409b1","name":"Manager of Market Development","type":"Stakeholder","layer":"motivation"},{"id":"id-fc4e4fdd3e974a7b8766de0bfeb50e9a","name":"market share","type":"Driver","layer":"motivation"},{"id":"id-4eb2f1ad26c44965a9464a2ffe010a82","name":"Manager of Production","type":"Stakeholder","layer":"motivation"},{"id":"id-35fb350c05c842f1b2bcd682217ede31","name":"Production and sales of products","type":"Driver","layer":"motivation"},{"id":"id-b349cd81e8d14fb281cd58200c7f0518","name":"Customer Loyalty","type":"Driver","layer":"motivation"},{"id":"id-8dae274162294ffa8c196478a14c90ab","name":"Manager of Facilities","type":"Stakeholder","layer":"motivation"}],"relationships":[{"id":"id-93eb815bb3f4477abb2f8ee639c2ddac","sourceId":"id-83608a0d2d0e467ca253c2ff68be9b71","targetId":"id-1a6a36fdabef4e19ab8f76d76a873683","type":"AssociationRelationship"},{"id":"id-5b6dc6fa265546d1936ed854fe776afc","sourceId":"id-83608a0d2d0e467ca253c2ff68be9b71","targetId":"id-cf8df08f648f40039eb4891501c72341","type":"AssociationRelationship"},{"id":"id-359a2a87d0174f9ab564daf01f8a31be","sourceId":"id-83608a0d2d0e467ca253c2ff68be9b71","targetId":"id-be3898809c8444aea5848a146beac98a","type":"AssociationRelationship"},{"id":"id-d277a09392ac4ad9a8d0c19c6712b3e9","sourceId":"id-83608a0d2d0e467ca253c2ff68be9b71","targetId":"id-7affa94c42714f8984edcb1ef4a85570","type":"AssociationRelationship"},{"id":"id-af4f58cce3da4e58963853ced7acbf99","sourceId":"id-83608a0d2d0e467ca253c2ff68be9b71","targetId":"id-efb4ca7aff8b4cd9862db17d96577fca","type":"AssociationRelationship"},{"id":"id-b3ec034557884c5fa485267048664eef","sourceId":"id-be3898809c8444aea5848a146beac98a","targetId":"id-bb31c0d559fa477b9cf6a88b310e8a08","type":"AggregationRelationship"},{"id":"id-b5cfc1c36b5f4f2fa66dc13990b0be1b","sourceId":"id-be3898809c8444aea5848a146beac98a","targetId":"id-99bf918b3b8c41ad816b8ae48b17886c","type":"AggregationRelationship"},{"id":"id-f018502d48574a9ba98284ac3ce87eb7","sourceId":"id-be3898809c8444aea5848a146beac98a","targetId":"id-4c882f6bb5e7455aab8c9aa687f07314","type":"AggregationRelationship"},{"id":"id-26690503c6914804a3bebe8cd1f41c08","sourceId":"id-7affa94c42714f8984edcb1ef4a85570","targetId":"id-417d9a04d66b47b0a99634e27118c1e2","type":"AggregationRelationship"},{"id":"id-a1cc31a5f10248e298ca8a661da01aa0","sourceId":"id-7affa94c42714f8984edcb1ef4a85570","targetId":"id-ac208f3354874bb497b54358ee1b546a","type":"AggregationRelationship"},{"id":"id-e98a3e1f5d0c40e4b5d2444cd8a90530","sourceId":"id-be3898809c8444aea5848a146beac98a","targetId":"id-99bf918b3b8c41ad816b8ae48b17886c","type":"AggregationRelationship"},{"id":"id-0a0b8e1e3bca44dea60739ad3947c66d","sourceId":"id-efb4ca7aff8b4cd9862db17d96577fca","targetId":"id-f72e6bf8606646a098b3b1fc98119202","type":"AssociationRelationship"},{"id":"id-a88b3979e1ef4bb08a200cb048db8349","sourceId":"id-efb4ca7aff8b4cd9862db17d96577fca","targetId":"id-cef2ea8382cb49788d4fb773aba7a537","type":"AssociationRelationship"},{"id":"id-48dbea5b7b334651b44afe6b072a1fff","sourceId":"id-efb4ca7aff8b4cd9862db17d96577fca","targetId":"id-b770c9005ff1451f88fb68f724c5c670","type":"AssociationRelationship"},{"id":"id-1036935b7fcf4515ba851a03e858f4c5","sourceId":"id-efb4ca7aff8b4cd9862db17d96577fca","targetId":"id-1f19d4fbc8a84cccb60a626e487174d4","type":"AssociationRelationship"},{"id":"id-f0e2b0a12a684eabb2b7f094cc02b469","sourceId":"id-4c882f6bb5e7455aab8c9aa687f07314","targetId":"id-1329f669a9a641e1b1d39baa13fd762d","type":"AssociationRelationship"},{"id":"id-c3665e420c904384838d59618c36790f","sourceId":"id-bb31c0d559fa477b9cf6a88b310e8a08","targetId":"id-62f39e2b274448658d009158e1f9a849","type":"AssociationRelationship"},{"id":"id-294cc33a89214fbdbb521f0aa894e4f4","sourceId":"id-99bf918b3b8c41ad816b8ae48b17886c","targetId":"id-2719f93263144927ba6f639c11dd10c8","type":"AssociationRelationship"},{"id":"id-7cd44875aa5e4d8aa25fc761b5201e42","sourceId":"id-417d9a04d66b47b0a99634e27118c1e2","targetId":"id-e6efffbce8ff4ef1809e50d066631b18","type":"AssociationRelationship"},{"id":"id-1f3354bc5c3d429d9792091f3308e41e","sourceId":"id-ac208f3354874bb497b54358ee1b546a","targetId":"id-186f678b609c49b59628050b2bf2f07a","type":"AssociationRelationship"},{"id":"id-54c5bd257d7441f298da2787988d4109","sourceId":"id-ff4fd5029d6148cc8e47e61be374be74","targetId":"id-1329f669a9a641e1b1d39baa13fd762d","type":"RealizationRelationship"},{"id":"id-970bb2946cdb48a7b18294d5b4f9b503","sourceId":"id-ff4fd5029d6148cc8e47e61be374be74","targetId":"id-62f39e2b274448658d009158e1f9a849","type":"RealizationRelationship"},{"id":"id-16f8edf7c668470e90440e6203ae8b7e","sourceId":"id-b770c9005ff1451f88fb68f724c5c670","targetId":"id-ff4fd5029d6148cc8e47e61be374be74","type":"AssociationRelationship"},{"id":"id-0872435e97e94b1689bc9bc7d6cd125a","sourceId":"id-ff4fd5029d6148cc8e47e61be374be74","targetId":"id-2719f93263144927ba6f639c11dd10c8","type":"RealizationRelationship"},{"id":"id-a7d663b3373242fd89f068db8026a6e6","sourceId":"id-dbd4976df5fe4788a737dfa6b2d2226f","targetId":"id-186f678b609c49b59628050b2bf2f07a","type":"RealizationRelationship"},{"id":"id-c7d16face1f543328983f9b0ffcfb5ba","sourceId":"id-dbd4976df5fe4788a737dfa6b2d2226f","targetId":"id-e6efffbce8ff4ef1809e50d066631b18","type":"RealizationRelationship"},{"id":"id-7a725501ee9d4d178efd99f647904d2f","sourceId":"id-52ba5289986e4ddd81a92f8af43292f5","targetId":"id-f72e6bf8606646a098b3b1fc98119202","type":"RealizationRelationship"},{"id":"id-97abcad2992e40bc8712a8ea65389fd1","sourceId":"id-52ba5289986e4ddd81a92f8af43292f5","targetId":"id-1f19d4fbc8a84cccb60a626e487174d4","type":"RealizationRelationship"},{"id":"id-519a21767a53452690a030ab7fb9849b","sourceId":"id-52ba5289986e4ddd81a92f8af43292f5","targetId":"id-cef2ea8382cb49788d4fb773aba7a537","type":"RealizationRelationship"},{"id":"id-7b223b87aada41608db2dddbfddb5567","sourceId":"id-7624d7183716424384bc23bb75d1d8da","targetId":"id-e6efffbce8ff4ef1809e50d066631b18","type":"RealizationRelationship"},{"id":"id-ef2be8b58f204c7ca6f2891ad9decec4","sourceId":"id-b770c9005ff1451f88fb68f724c5c670","targetId":"id-e535d2db641845bca20c6ed5642caf33","type":"AssociationRelationship"},{"id":"id-3ce6a994f1da46b3b9d3d49f3cccd482","sourceId":"id-cd3a4622e86543e3824884959dfa5209","targetId":"id-b770c9005ff1451f88fb68f724c5c670","type":"RealizationRelationship"},{"id":"id-8b88c9bf9229480e9c2a3c832addedfc","sourceId":"id-ea1518445aa647f6b8ebf7256ecf9812","targetId":"id-e535d2db641845bca20c6ed5642caf33","type":"RealizationRelationship"},{"id":"id-ef13738bed5f477596af3c4d78b3424a","sourceId":"id-fffd478587be4ca8951fae1fc398cf56","targetId":"id-e535d2db641845bca20c6ed5642caf33","type":"RealizationRelationship"},{"id":"id-c725a65e57c349f9afb515e6c3725b9f","sourceId":"id-763e27e627bd414f84ff761fd3d2bf7a","targetId":"id-dd25b2dca71942ffa220b162ab86e030","type":"AssociationRelationship"},{"id":"id-3449a59dc93b45fb97ad0b96f195ab9c","sourceId":"id-ee41689bcfdb4047a4d5c533657ae1c0","targetId":"id-fff3231c15c7435a9673aa41164e4358","type":"AssociationRelationship"},{"id":"id-caddf210517744fda99795ba3569466e","sourceId":"id-ee41689bcfdb4047a4d5c533657ae1c0","targetId":"id-7e3c3bfee919492891172b9deda15bc1","type":"AssociationRelationship"},{"id":"id-359d82891c4a43ca95b11d6ef6fe8e42","sourceId":"id-dd25b2dca71942ffa220b162ab86e030","targetId":"id-f1201aff8f314a22b9dc9add0a6d7d3a","type":"AssociationRelationship"},{"id":"id-b2b4034bff3943668264dcc9d617004c","sourceId":"id-fff3231c15c7435a9673aa41164e4358","targetId":"id-1b2043e7f99c4fff9302e7f2280fc36b","type":"AggregationRelationship"},{"id":"id-0a9413770bb34fa985181394042da46c","sourceId":"id-fff3231c15c7435a9673aa41164e4358","targetId":"id-b4be593ff16045deada291f99b111bf0","type":"AggregationRelationship"},{"id":"id-24e4e1cb5c694643b2686f9437bcc704","sourceId":"id-fff3231c15c7435a9673aa41164e4358","targetId":"id-f55da9a2a9944aba89a6c1dad1f382a8","type":"AggregationRelationship"},{"id":"id-75a90ca1a18f47c1974eeeb2425159a8","sourceId":"id-1b2043e7f99c4fff9302e7f2280fc36b","targetId":"id-be916b0fb8b3402f84a263e5aeeef9c1","type":"AssociationRelationship"},{"id":"id-116c192c519d49e0b09b48989aadf6c3","sourceId":"id-1b2043e7f99c4fff9302e7f2280fc36b","targetId":"id-668bfbb3be8246699327b4bbde294c50","type":"AssociationRelationship"},{"id":"id-bd030e2d1c3b4ec887d23067e4c0adfa","sourceId":"id-b4be593ff16045deada291f99b111bf0","targetId":"id-d41ba6541dac4aeebd625f56f4367518","type":"AssociationRelationship"},{"id":"id-87858253d4ca4e2f940aeaf98a6de188","sourceId":"id-f55da9a2a9944aba89a6c1dad1f382a8","targetId":"id-a35e93e5b13d4554b8907fdd9fe51244","type":"AssociationRelationship"},{"id":"id-457890d415714bf990ee4e2464ff3675","sourceId":"id-c1d3a5c420854fea9587dca06ee7f818","targetId":"id-668bfbb3be8246699327b4bbde294c50","type":"RealizationRelationship"},{"id":"id-ee2383a17cd4490d946e49de075af77a","sourceId":"id-c1d3a5c420854fea9587dca06ee7f818","targetId":"id-be916b0fb8b3402f84a263e5aeeef9c1","type":"RealizationRelationship"},{"id":"id-7d07cd91270d4ac8883e17de14b4a8a0","sourceId":"id-c1d3a5c420854fea9587dca06ee7f818","targetId":"id-d41ba6541dac4aeebd625f56f4367518","type":"RealizationRelationship"},{"id":"id-b57f2f9a5f1a459599f4acd46c4f8eba","sourceId":"id-106d36b523494196bd409f97cf5a4c5d","targetId":"id-a35e93e5b13d4554b8907fdd9fe51244","type":"RealizationRelationship"},{"id":"id-ee9cddb0bf344283916075c1bd679123","sourceId":"id-1e6a01c28f2f468898515516cfc06414","targetId":"id-280b1f648ac54790bc5caaf66a7192e7","type":"AssociationRelationship"},{"id":"id-d7961853b569401494ba814062736e6e","sourceId":"id-7e3c3bfee919492891172b9deda15bc1","targetId":"id-1e6a01c28f2f468898515516cfc06414","type":"AggregationRelationship"},{"id":"id-27f27cadeabf491f87510466359cdd27","sourceId":"id-7e3c3bfee919492891172b9deda15bc1","targetId":"id-cf2c079e89854d1381508050a65e80b7","type":"AggregationRelationship"},{"id":"id-a68c4217b8304d33931e1927ccd33f09","sourceId":"id-7e3c3bfee919492891172b9deda15bc1","targetId":"id-7e9cfc8cb4b1435580cb8145826ec71c","type":"AggregationRelationship"},{"id":"id-d79fcce21e774f889c8939650585ea7c","sourceId":"id-cf2c079e89854d1381508050a65e80b7","targetId":"id-87dabb89e7514dfa934533bb8befa5c9","type":"AssociationRelationship"},{"id":"id-47b014245827460e9a50485e90819818","sourceId":"id-7e9cfc8cb4b1435580cb8145826ec71c","targetId":"id-0f1b8dd8653d41baba580320bb33df9a","type":"AssociationRelationship"},{"id":"id-5aac7c592a914936ba17742393d54eb4","sourceId":"id-52ba5289986e4ddd81a92f8af43292f5","targetId":"id-280b1f648ac54790bc5caaf66a7192e7","type":"RealizationRelationship"},{"id":"id-64fc9d9f412d450299c1a89806b24e0d","sourceId":"id-52ba5289986e4ddd81a92f8af43292f5","targetId":"id-87dabb89e7514dfa934533bb8befa5c9","type":"RealizationRelationship"},{"id":"id-7b9698f7f48f410a93b09a6daaffcfbb","sourceId":"id-52ba5289986e4ddd81a92f8af43292f5","targetId":"id-0f1b8dd8653d41baba580320bb33df9a","type":"RealizationRelationship"},{"id":"id-3b7b6a690b5a4badbef20b40d2c84873","sourceId":"id-c1d3a5c420854fea9587dca06ee7f818","targetId":"id-b6bd77acd48446108da4936ba93d3b69","type":"AssociationRelationship"},{"id":"id-f42fc4457da34b2c862f8f50489c1f10","sourceId":"id-106d36b523494196bd409f97cf5a4c5d","targetId":"id-b6bd77acd48446108da4936ba93d3b69","type":"AssociationRelationship"},{"id":"id-c0aed8fb2de54f868945d413262c9ca4","sourceId":"id-fd8a594802414525a8a571afc1a2b9dc","targetId":"id-b6bd77acd48446108da4936ba93d3b69","type":"RealizationRelationship"},{"id":"id-302379e50eb54724a21562eb86229b08","sourceId":"id-f1201aff8f314a22b9dc9add0a6d7d3a","targetId":"id-bf0e618c0e164cdaa5999d6dd330477d","type":"AssociationRelationship"},{"id":"id-364fdbe934d34989a3a8c1aa4491722b","sourceId":"id-9765bcc9be9540bba5b32d2a0614961b","targetId":"id-bf0e618c0e164cdaa5999d6dd330477d","type":"RealizationRelationship"},{"id":"id-441e5caf111f42a9a1b37022783e4c44","sourceId":"id-9765bcc9be9540bba5b32d2a0614961b","targetId":"id-4d459ac1844e42a0819cb3c24e560c5a","type":"AssociationRelationship"},{"id":"id-bc29ab2b1ce14ea399f10f617b822d5b","sourceId":"id-2c603db18c4842a797d53c1609729943","targetId":"id-8c893bdcf3ba49cb9480429975cd7831","type":"AssociationRelationship"},{"id":"id-26577942baee412fa35d3b4e1f26403c","sourceId":"id-e535d2db641845bca20c6ed5642caf33","targetId":"id-52ba5289986e4ddd81a92f8af43292f5","type":"AssociationRelationship"},{"id":"id-6df15fed085e4194b03a3c88a9c20066","sourceId":"id-8c893bdcf3ba49cb9480429975cd7831","targetId":"id-e313ac79576143fa95323754839d0ccf","type":"AssociationRelationship"},{"id":"id-cdd19bb32eb24b17bdf62076a3397853","sourceId":"id-e313ac79576143fa95323754839d0ccf","targetId":"id-192ed5e327a14c819023179d29f06ebf","type":"AssociationRelationship"},{"id":"id-e3cf84e9619b410f92bcb67b88eecfd6","sourceId":"id-da09acd4a85c42c5b2b9f5cfd7704e91","targetId":"id-d8a7c224cd09453ba91201f61e564dcf","type":"AssociationRelationship"},{"id":"id-97569c30bde94a96b443ba6d84818ed6","sourceId":"id-f6d9fc2b4d364988ac1f3a4af0bfcc9f","targetId":"id-192ed5e327a14c819023179d29f06ebf","type":"RealizationRelationship"},{"id":"id-1ac2d47fc1764455b258abd8f0a404e2","sourceId":"id-f6d9fc2b4d364988ac1f3a4af0bfcc9f","targetId":"id-e535d2db641845bca20c6ed5642caf33","type":"AssociationRelationship"},{"id":"id-122d7273019847fca836df65e3167c22","sourceId":"id-aa6eef1fd9db4a12b66f6c4140abae1f","targetId":"id-e535d2db641845bca20c6ed5642caf33","type":"RealizationRelationship"},{"id":"id-2dc5c071dbba4c4b900c4b7ad3ee30d9","sourceId":"id-52ba5289986e4ddd81a92f8af43292f5","targetId":"id-d8a7c224cd09453ba91201f61e564dcf","type":"RealizationRelationship"},{"id":"id-610ec16555e44df4a0b17ad57569706f","sourceId":"id-d8a7c224cd09453ba91201f61e564dcf","targetId":"id-377b4c162f0a40549a4dd72fbb8a4f18","type":"AssociationRelationship"},{"id":"id-535c206a52774fe6a76b59e97a5c2692","sourceId":"id-306d0fc4bb434b13918006160cf6b050","targetId":"id-ee41689bcfdb4047a4d5c533657ae1c0","type":"AssociationRelationship"},{"id":"id-5f6a9f5eab5543f08befabf0bcc66540","sourceId":"id-14d1692f998c41e695dd91e27d4df545","targetId":"id-190d79afe80647fdba448ddbaa039d11","type":"AssociationRelationship"},{"id":"id-cfec756d015949a08dfaef040a0a6fa5","sourceId":"id-b3059567deb840b39479ce269a1150cb","targetId":"id-2757afd276424f40aeb727363d52fb79","type":"AssociationRelationship"},{"id":"id-e2cde345b11541c8874fd8e2f2866268","sourceId":"id-e5282351e126401cb4445028e24472dc","targetId":"id-14d1692f998c41e695dd91e27d4df545","type":"AssociationRelationship"},{"id":"id-c0aa810ee00f4b149394214588e2797b","sourceId":"id-b3059567deb840b39479ce269a1150cb","targetId":"id-190d79afe80647fdba448ddbaa039d11","type":"RealizationRelationship"},{"id":"id-9fc0adc757dd453997f1285be2cb0afa","sourceId":"id-83608a0d2d0e467ca253c2ff68be9b71","targetId":"id-14d1692f998c41e695dd91e27d4df545","type":"AssociationRelationship"},{"id":"id-8f158add8c6e4bdca52d2d4050a49d6c","sourceId":"id-d5551e8988d644708d76493ede972b7d","targetId":"id-3f320dc43fd94c648e9a960734a2629e","type":"AssociationRelationship"},{"id":"id-1b51704163234d9db2293eb39bf31806","sourceId":"id-dbd4976df5fe4788a737dfa6b2d2226f","targetId":"id-3f320dc43fd94c648e9a960734a2629e","type":"RealizationRelationship"},{"id":"id-d8635c9c3aa54cb5bf565f7c019f1845","sourceId":"id-dbd4976df5fe4788a737dfa6b2d2226f","targetId":"id-3f320dc43fd94c648e9a960734a2629e","type":"RealizationRelationship"},{"id":"id-6e789667e63043e8be364fae0e173197","sourceId":"id-8c893bdcf3ba49cb9480429975cd7831","targetId":"id-da09acd4a85c42c5b2b9f5cfd7704e91","type":"AssociationRelationship"},{"id":"id-449dc490b7664f599dcd1bb4e6cc64aa","sourceId":"id-fe13c5a0f1294baaa3a6634c76a1955a","targetId":"id-192ed5e327a14c819023179d29f06ebf","type":"AssociationRelationship"},{"id":"id-588a7eeb591f429a8630f786699c0690","sourceId":"id-da09acd4a85c42c5b2b9f5cfd7704e91","targetId":"id-fe13c5a0f1294baaa3a6634c76a1955a","type":"AssociationRelationship"},{"id":"id-ee49e5069a8c4916b4cae53202043d59","sourceId":"id-7affa94c42714f8984edcb1ef4a85570","targetId":"id-d5551e8988d644708d76493ede972b7d","type":"AggregationRelationship"},{"id":"id-3e1fa53484904f37821c97174a2f84d7","sourceId":"id-1b2432a000fd476a8d4c952a91a45a34","targetId":"id-3f320dc43fd94c648e9a960734a2629e","type":"RealizationRelationship"},{"id":"id-cb931169d73444bc98a3c5dda9b4ae75","sourceId":"id-1b2432a000fd476a8d4c952a91a45a34","targetId":"id-dbd4976df5fe4788a737dfa6b2d2226f","type":"InfluenceRelationship"},{"id":"id-d65f2d40b6dc4a56add3e428b02b48c0","sourceId":"id-06dcd765848b46fd82c78d2bb2dba864","targetId":"id-1f19d4fbc8a84cccb60a626e487174d4","type":"RealizationRelationship"},{"id":"id-18581e47aff445dd904209d98336a1a8","sourceId":"id-4bee1d815da14670bc6e8ac60415241f","targetId":"id-f72e6bf8606646a098b3b1fc98119202","type":"RealizationRelationship"},{"id":"id-c525cc068c8540b4887d320afed19222","sourceId":"id-852ba990e42c4bdeb9a997ad1b82f8ef","targetId":"id-f72e6bf8606646a098b3b1fc98119202","type":"RealizationRelationship"},{"id":"id-ddde87a4aad6408fa74c9f63067b4e14","sourceId":"id-ee41689bcfdb4047a4d5c533657ae1c0","targetId":"id-fff3231c15c7435a9673aa41164e4358","type":"AssociationRelationship"},{"id":"id-98135dabd6b149fbbe17aefbbbb231a6","sourceId":"id-85994c62c5bd4c0ebb2992a301040cf1","targetId":"id-a35e93e5b13d4554b8907fdd9fe51244","type":"RealizationRelationship"},{"id":"id-8a5bc4a5370a4f7faf6e753bec4b017f","sourceId":"id-85994c62c5bd4c0ebb2992a301040cf1","targetId":"id-0f1b8dd8653d41baba580320bb33df9a","type":"RealizationRelationship"},{"id":"id-73065ed294ef47b28c81ce7c54f97cd5","sourceId":"id-85994c62c5bd4c0ebb2992a301040cf1","targetId":"id-d8a7c224cd09453ba91201f61e564dcf","type":"RealizationRelationship"},{"id":"id-ef909e9e181d491ab2ce389a24d454f7","sourceId":"id-85994c62c5bd4c0ebb2992a301040cf1","targetId":"id-fe13c5a0f1294baaa3a6634c76a1955a","type":"RealizationRelationship"},{"id":"id-32f890c949364f86958dd4cd5f6259d0","sourceId":"id-f6d9fc2b4d364988ac1f3a4af0bfcc9f","targetId":"id-85994c62c5bd4c0ebb2992a301040cf1","type":"InfluenceRelationship"},{"id":"id-b1984cfbfe664da19921f4ba313027b0","sourceId":"id-106d36b523494196bd409f97cf5a4c5d","targetId":"id-85994c62c5bd4c0ebb2992a301040cf1","type":"InfluenceRelationship"},{"id":"id-181c88504a1f4aaca8880f63d5bd6cd3","sourceId":"id-4bee1d815da14670bc6e8ac60415241f","targetId":"id-87dabb89e7514dfa934533bb8befa5c9","type":"RealizationRelationship"},{"id":"id-d8b71e268bd249709970e5f947157112","sourceId":"id-06dcd765848b46fd82c78d2bb2dba864","targetId":"id-280b1f648ac54790bc5caaf66a7192e7","type":"RealizationRelationship"},{"id":"id-c57cd109ce8f45e2a867d689f2d4c658","sourceId":"id-06dcd765848b46fd82c78d2bb2dba864","targetId":"id-cef2ea8382cb49788d4fb773aba7a537","type":"RealizationRelationship"},{"id":"id-e806c8eabd0749989ce1e930c3e4f86d","sourceId":"id-56f2d57e71cc4fdc9949f26293d0cfc0","targetId":"id-85994c62c5bd4c0ebb2992a301040cf1","type":"InfluenceRelationship"},{"id":"id-e797aa6fd27f497784cfe0a9de626778","sourceId":"id-56f2d57e71cc4fdc9949f26293d0cfc0","targetId":"id-06dcd765848b46fd82c78d2bb2dba864","type":"InfluenceRelationship"},{"id":"id-b400372d8ca04f129f7c410113f53758","sourceId":"id-85994c62c5bd4c0ebb2992a301040cf1","targetId":"id-56f2d57e71cc4fdc9949f26293d0cfc0","type":"InfluenceRelationship"},{"id":"id-d4eb46d2a8c846169d420aa06f7419ba","sourceId":"id-852ba990e42c4bdeb9a997ad1b82f8ef","targetId":"id-56f2d57e71cc4fdc9949f26293d0cfc0","type":"InfluenceRelationship"},{"id":"id-8a4eb4a055644323a80fb316529fb2f8","sourceId":"id-4bee1d815da14670bc6e8ac60415241f","targetId":"id-56f2d57e71cc4fdc9949f26293d0cfc0","type":"InfluenceRelationship"},{"id":"id-a96005feeb854d8d8b27bd1e7f4e09ad","sourceId":"id-06dcd765848b46fd82c78d2bb2dba864","targetId":"id-56f2d57e71cc4fdc9949f26293d0cfc0","type":"InfluenceRelationship"},{"id":"id-0e95d61800ca4e2092ba8b11cab6c341","sourceId":"id-7befd63bc9da4e91902a15460015507d","targetId":"id-85994c62c5bd4c0ebb2992a301040cf1","type":"AssociationRelationship"},{"id":"id-6497408fdae940fe8b9ad55fb02a1e57","sourceId":"id-0b57d235de374eb6943874444de0a885","targetId":"id-85994c62c5bd4c0ebb2992a301040cf1","type":"AssociationRelationship"},{"id":"id-5d028d2ef07e4cb694049adb6496631c","sourceId":"id-762deb399ebe4bceb8e2313dd5ae49e0","targetId":"id-7befd63bc9da4e91902a15460015507d","type":"RealizationRelationship"},{"id":"id-65be336cac464fd4964f2e2b0df5acd5","sourceId":"id-17dc9f9bff5948b0bc4e871cec9d330a","targetId":"id-7befd63bc9da4e91902a15460015507d","type":"RealizationRelationship"},{"id":"id-aa3167fb79fa4715b5457504b50d7996","sourceId":"id-f6d9fc2b4d364988ac1f3a4af0bfcc9f","targetId":"id-5704e37f60be4526b482338c87e42fca","type":"AssociationRelationship"},{"id":"id-865b8c2b2dc64af7bc587539d44ad308","sourceId":"id-5f32b9f49fb64c959ef86c4531a73822","targetId":"id-5704e37f60be4526b482338c87e42fca","type":"RealizationRelationship"},{"id":"id-250015e5ffa94ec39de0c6aa8ef03695","sourceId":"id-56f2d57e71cc4fdc9949f26293d0cfc0","targetId":"id-e535d2db641845bca20c6ed5642caf33","type":"AssociationRelationship"},{"id":"id-a32c6b52fa6f4f2ba6c0b53699cba975","sourceId":"id-0b2a6ff2147e445f9c9fa019e6fe4da5","targetId":"id-b3a4121bbac74ac1a1f71f5f34cfc761","type":"RealizationRelationship"},{"id":"id-2d09320abda244b1bf880c4fde467dab","sourceId":"id-50f05ab920324cafb40fd742de0b8348","targetId":"id-b3a4121bbac74ac1a1f71f5f34cfc761","type":"RealizationRelationship"},{"id":"id-041537c4bdc84b0f89ff8dfd38da9bef","sourceId":"id-0cbf30f099e4480b957550d795cf7294","targetId":"id-b3a4121bbac74ac1a1f71f5f34cfc761","type":"RealizationRelationship"},{"id":"id-6e8e23292add4f1c805841a11795c58f","sourceId":"id-4bee1d815da14670bc6e8ac60415241f","targetId":"id-b3a4121bbac74ac1a1f71f5f34cfc761","type":"AssociationRelationship"},{"id":"id-31dcf7eb021f48c98a4def42fcdca0ee","sourceId":"id-852ba990e42c4bdeb9a997ad1b82f8ef","targetId":"id-b3a4121bbac74ac1a1f71f5f34cfc761","type":"AssociationRelationship"},{"id":"id-96a4f2c2f06a465c8565b9993a15ffba","sourceId":"id-14d1692f998c41e695dd91e27d4df545","targetId":"id-223230a7f0e84229820e27edf95f4eb0","type":"AssociationRelationship"},{"id":"id-22a7927ce6b04639a8c6dc3440265a4b","sourceId":"id-ff91ce1638874f7baec2c55436edde02","targetId":"id-223230a7f0e84229820e27edf95f4eb0","type":"RealizationRelationship"},{"id":"id-9462b927a4a44e378f49e40e7a29fe09","sourceId":"id-1b2432a000fd476a8d4c952a91a45a34","targetId":"id-065305b7b07945ca91fd83319f025ee4","type":"AssociationRelationship"},{"id":"id-d8ce258a84f74363aaa994229c14461a","sourceId":"id-d809375bbb914ca58c226bdccba7448f","targetId":"id-065305b7b07945ca91fd83319f025ee4","type":"RealizationRelationship"},{"id":"id-fbd07a9a0600415ca0a1bd71c738fe09","sourceId":"id-f6162c7f481149ada32b42cce6d409b1","targetId":"id-fc4e4fdd3e974a7b8766de0bfeb50e9a","type":"AssociationRelationship"},{"id":"id-8180497fd3324c0b94f5725fa953499e","sourceId":"id-fc4e4fdd3e974a7b8766de0bfeb50e9a","targetId":"id-14d1692f998c41e695dd91e27d4df545","type":"AssociationRelationship"},{"id":"id-0928f30a2cad492485d9369d0111ceaf","sourceId":"id-b90a07e805204b17b9985e638725de5d","targetId":"id-b349cd81e8d14fb281cd58200c7f0518","type":"AssociationRelationship"},{"id":"id-b1330b56b67c49fc8bb3ac7a64bc3dbe","sourceId":"id-b349cd81e8d14fb281cd58200c7f0518","targetId":"id-7affa94c42714f8984edcb1ef4a85570","type":"AssociationRelationship"},{"id":"id-3768f5bc5701442db55cb4f826fcc3c2","sourceId":"id-4eb2f1ad26c44965a9464a2ffe010a82","targetId":"id-35fb350c05c842f1b2bcd682217ede31","type":"AssociationRelationship"},{"id":"id-5ddb4931594d4e2881e2aae016af6629","sourceId":"id-35fb350c05c842f1b2bcd682217ede31","targetId":"id-be3898809c8444aea5848a146beac98a","type":"AssociationRelationship"},{"id":"id-5cca2131a03248b8bb14d7682da314a8","sourceId":"id-efb4ca7aff8b4cd9862db17d96577fca","targetId":"id-35fb350c05c842f1b2bcd682217ede31","type":"AssociationRelationship"},{"id":"id-e01becc4ddc647b59ce7f297062ec93c","sourceId":"id-efb4ca7aff8b4cd9862db17d96577fca","targetId":"id-8c893bdcf3ba49cb9480429975cd7831","type":"AssociationRelationship"},{"id":"id-651fd7afb8624aaeb19308a90defd6ac","sourceId":"id-4eb2f1ad26c44965a9464a2ffe010a82","targetId":"id-cf8df08f648f40039eb4891501c72341","type":"AssociationRelationship"},{"id":"id-98efb52c12474470825b9a848406a5fe","sourceId":"id-b90a07e805204b17b9985e638725de5d","targetId":"id-cf8df08f648f40039eb4891501c72341","type":"AssociationRelationship"},{"id":"id-3202e02b1d184e9cb728305366455843","sourceId":"id-f6162c7f481149ada32b42cce6d409b1","targetId":"id-cf8df08f648f40039eb4891501c72341","type":"AssociationRelationship"}],"views":[{"id":"id-6b47a82da04a418883fbdeea3f90565f","name":"Motivation model","viewpoint":""}]}