<?xml version="1.0" encoding="UTF-8"?><model xmlns="http://www.opengroup.org/xsd/archimate/3.0/" xmlns:xsi="http://www.w3.org/2001/XMLSchema-instance" identifier="_ay028PGjEeqygJczXaaxEQ">  <name xml:lang="en">payments-arch</name>  <elements>    <element xsi:type="ApplicationService" identifier="_nntn8NPREDiUdI4HmtuzBA">      <name xml:lang="en">WebForm Custom</name>      <documentation/>    </element>    <element xsi:type="ApplicationService" identifier="_tJ9IgNPREDiUdI4HmtuzBA">      <name xml:lang="en">WebHook Public Node</name>      <documentation/>    </element>    <element xsi:type="ApplicationService" identifier="_7kHE8NPREDiUdI4HmtuzBA">      <name xml:lang="en">CloudPayments</name>      <documentation/>    </element>    <element xsi:type="ApplicationService" identifier="_9wT2wNPREDiUdI4HmtuzBA">      <name xml:lang="en">others</name>      <documentation/>    </element>    <element xsi:type="SystemSoftware" identifier="_NZlRsNPSEDiUdI4HmtuzBA">      <name xml:lang="en">Software</name>      <documentation/>    </element>    <element xsi:type="BusinessCollaboration" identifier="_OrvdINPSEDiUdI4HmtuzBA">      <name xml:lang="en">Collaboration</name>      <documentation/>    </element>    <element xsi:type="SystemSoftware" identifier="_Qzw5kNPSEDiUdI4HmtuzBA">      <name xml:lang="en">Event Pub\Sub Bus</name>      <documentation/>    </element>    <element xsi:type="ApplicationService" identifier="_YGh8kNPSEDiUdI4HmtuzBA">      <name xml:lang="en">App</name>      <documentation/>    </element>    <element xsi:type="TechnologyCollaboration" identifier="_lszlANPSEDiUdI4HmtuzBA">      <name xml:lang="en">General Store</name>      <documentation/>    </element>    <element xsi:type="TechnologyCollaboration" identifier="_pYxgcNPSEDiUdI4HmtuzBA">      <name xml:lang="en">Internal Store</name>      <documentation/>    </element>    <element xsi:type="TechnologyCollaboration" identifier="_sg350NPSEDiUdI4HmtuzBA">      <name xml:lang="en">Collaboration</name>      <documentation/>    </element>    <element xsi:type="ApplicationService" identifier="_u3o84NPSEDiUdI4HmtuzBA">      <name xml:lang="en">Core Service</name>      <documentation/>    </element>    <element xsi:type="TechnologyCollaboration" identifier="_wp2hYNPSEDiUdI4HmtuzBA">      <name xml:lang="en">Internal store</name>      <documentation/>    </element>    <element xsi:type="ApplicationService" identifier="_0a8NYNPSEDiUdI4HmtuzBA">      <name xml:lang="en">Http Adapter service</name>      <documentation/>    </element>    <element xsi:type="ApplicationService" identifier="_FHK6INPTEDiUdI4HmtuzBA">      <name xml:lang="en">Api Adapter service</name>      <documentation/>    </element>    <element xsi:type="ApplicationService" identifier="_LzyjINPTEDiUdI4HmtuzBA">      <name xml:lang="en">Event Bus Adapter</name>      <documentation/>    </element>    <element xsi:type="ApplicationService" identifier="_1q9uANPWEDiUdI4HmtuzBA">      <name xml:lang="en">Service</name>      <documentation/>    </element>    <element xsi:type="ApplicationService" identifier="_3Q-CgNPWEDiUdI4HmtuzBA">      <name xml:lang="en">Http Form Service</name>      <documentation/>    </element>  </elements>  <relationships>    <relationship xsi:type="Serving" identifier="_EbQr0NPSEDiUdI4HmtuzBA" source="_7kHE8NPREDiUdI4HmtuzBA" target="_tJ9IgNPREDiUdI4HmtuzBA">      <name xml:lang="en">Notifications</name>      <documentation/>    </relationship>    <relationship xsi:type="Serving" identifier="_2hXHUNPSEDiUdI4HmtuzBA" source="_tJ9IgNPREDiUdI4HmtuzBA" target="_0a8NYNPSEDiUdI4HmtuzBA">      <name xml:lang="en"/>      <documentation/>    </relationship>    <relationship xsi:type="Serving" identifier="_27I5QNPSEDiUdI4HmtuzBA" source="_nntn8NPREDiUdI4HmtuzBA" target="_0a8NYNPSEDiUdI4HmtuzBA">      <name xml:lang="en"/>      <documentation/>    </relationship>    <relationship xsi:type="Serving" identifier="_3r_HYNPSEDiUdI4HmtuzBA" source="_0a8NYNPSEDiUdI4HmtuzBA" target="_u3o84NPSEDiUdI4HmtuzBA">      <name xml:lang="en"/>      <documentation/>    </relationship>    <relationship xsi:type="Serving" identifier="_4xn5wNPSEDiUdI4HmtuzBA" source="_u3o84NPSEDiUdI4HmtuzBA" target="_0a8NYNPSEDiUdI4HmtuzBA">      <name xml:lang="en"/>      <documentation/>    </relationship>    <relationship xsi:type="Serving" identifier="_7SwZwNPSEDiUdI4HmtuzBA" source="_0a8NYNPSEDiUdI4HmtuzBA" target="_nntn8NPREDiUdI4HmtuzBA">      <name xml:lang="en"/>      <documentation/>    </relationship>    <relationship xsi:type="Serving" identifier="___pmsNPSEDiUdI4HmtuzBA" source="_u3o84NPSEDiUdI4HmtuzBA" target="_wp2hYNPSEDiUdI4HmtuzBA">      <name xml:lang="en"/>      <documentation/>    </relationship>    <relationship xsi:type="Serving" identifier="_AeT4oNPTEDiUdI4HmtuzBA" source="_wp2hYNPSEDiUdI4HmtuzBA" target="_u3o84NPSEDiUdI4HmtuzBA">      <name xml:lang="en"/>      <documentation/>    </relationship>    <relationship xsi:type="Serving" identifier="_B1qtINPTEDiUdI4HmtuzBA" source="_u3o84NPSEDiUdI4HmtuzBA" target="_lszlANPSEDiUdI4HmtuzBA">      <name xml:lang="en"/>      <documentation/>    </relationship>    <relationship xsi:type="Serving" identifier="_CTMWoNPTEDiUdI4HmtuzBA" source="_lszlANPSEDiUdI4HmtuzBA" target="_u3o84NPSEDiUdI4HmtuzBA">      <name xml:lang="en"/>      <documentation/>    </relationship>    <relationship xsi:type="Serving" identifier="_GkeloNPTEDiUdI4HmtuzBA" source="_YGh8kNPSEDiUdI4HmtuzBA" target="_FHK6INPTEDiUdI4HmtuzBA">      <name xml:lang="en"/>      <documentation/>    </relationship>    <relationship xsi:type="Serving" identifier="_H1apENPTEDiUdI4HmtuzBA" source="_FHK6INPTEDiUdI4HmtuzBA" target="_YGh8kNPSEDiUdI4HmtuzBA">      <name xml:lang="en"/>      <documentation/>    </relationship>    <relationship xsi:type="Serving" identifier="_JDjQINPTEDiUdI4HmtuzBA" source="_FHK6INPTEDiUdI4HmtuzBA" target="_u3o84NPSEDiUdI4HmtuzBA">      <name xml:lang="en"></name>      <documentation/>    </relationship>    <relationship xsi:type="Serving" identifier="_Jb9JENPTEDiUdI4HmtuzBA" source="_u3o84NPSEDiUdI4HmtuzBA" target="_FHK6INPTEDiUdI4HmtuzBA">      <name xml:lang="en"/>      <documentation/>    </relationship>    <relationship xsi:type="Serving" identifier="_NyIfINPTEDiUdI4HmtuzBA" source="_u3o84NPSEDiUdI4HmtuzBA" target="_LzyjINPTEDiUdI4HmtuzBA">      <name xml:lang="en"/>      <documentation/>    </relationship>    <relationship xsi:type="Serving" identifier="_ONEHoNPTEDiUdI4HmtuzBA" source="_LzyjINPTEDiUdI4HmtuzBA" target="_Qzw5kNPSEDiUdI4HmtuzBA">      <name xml:lang="en"/>      <documentation/>    </relationship>    <relationship xsi:type="Serving" identifier="_fBKW8NPTEDiUdI4HmtuzBA" source="_Qzw5kNPSEDiUdI4HmtuzBA" target="_YGh8kNPSEDiUdI4HmtuzBA">      <name xml:lang="en"/>      <documentation/>    </relationship>    <relationship xsi:type="Serving" identifier="_zRYH0NPTEDiUdI4HmtuzBA" source="_u3o84NPSEDiUdI4HmtuzBA" target="_7kHE8NPREDiUdI4HmtuzBA">      <name xml:lang="en"/>      <documentation/>    </relationship>    <relationship xsi:type="Serving" identifier="_8Ey94NPWEDiUdI4HmtuzBA" source="_nntn8NPREDiUdI4HmtuzBA" target="_3Q-CgNPWEDiUdI4HmtuzBA">      <name xml:lang="en"/>      <documentation/>    </relationship>    <relationship xsi:type="Serving" identifier="_8mcSYNPWEDiUdI4HmtuzBA" source="_3Q-CgNPWEDiUdI4HmtuzBA" target="_u3o84NPSEDiUdI4HmtuzBA">      <name xml:lang="en"/>      <documentation/>    </relationship>  </relationships>  <views>    <diagrams>      <view identifier="_ay028_GjEeqygJczXaaxEQ">        <name xml:lang="en">archimate-diagram</name>        <node xsi:type="Container" identifier="_mlKl0NPREDiUdI4HmtuzBA" h="160" w="410" x="193" y="57">          <label xml:lang="en">https://pay.briskly.online</label>          <node xsi:type="Element" identifier="_nn3Y8NPREDiUdI4HmtuzBA" h="60" w="130" x="223" y="107" elementRef="_nntn8NPREDiUdI4HmtuzBA"/>          <node xsi:type="Element" identifier="_tKNnMNPREDiUdI4HmtuzBA" h="60" w="130" x="430" y="105" elementRef="_tJ9IgNPREDiUdI4HmtuzBA"/>        </node>        <node xsi:type="Container" identifier="_z4onANPREDiUdI4HmtuzBA" h="280" w="447" x="193" y="260">          <label xml:lang="en">Payment Briskly Service</label>          <node xsi:type="Element" identifier="_u38e4NPSEDiUdI4HmtuzBA" h="60" w="130" x="360" y="411" elementRef="_u3o84NPSEDiUdI4HmtuzBA"/>          <node xsi:type="Element" identifier="_wqKDYNPSEDiUdI4HmtuzBA" h="60" w="130" x="510" y="411" elementRef="_wp2hYNPSEDiUdI4HmtuzBA"/>          <node xsi:type="Element" identifier="_0bMsENPSEDiUdI4HmtuzBA" h="60" w="120" x="490" y="301" elementRef="_0a8NYNPSEDiUdI4HmtuzBA"/>          <node xsi:type="Element" identifier="_FHVSMNPTEDiUdI4HmtuzBA" h="60" w="130" x="210" y="420" elementRef="_FHK6INPTEDiUdI4HmtuzBA"/>          <node xsi:type="Element" identifier="_L0GFINPTEDiUdI4HmtuzBA" h="60" w="130" x="210" y="320" elementRef="_LzyjINPTEDiUdI4HmtuzBA"/>          <node xsi:type="Element" identifier="_3RNTENPWEDiUdI4HmtuzBA" h="60" w="110" x="370" y="300" elementRef="_3Q-CgNPWEDiUdI4HmtuzBA"/>        </node>        <node xsi:type="Container" identifier="_2wtnYNPREDiUdI4HmtuzBA" h="240" w="170" x="650" y="230">          <label xml:lang="en">Payment Merchant</label>          <node xsi:type="Element" identifier="_7kXjoNPREDiUdI4HmtuzBA" h="60" w="130" x="670" y="280" elementRef="_7kHE8NPREDiUdI4HmtuzBA"/>          <node xsi:type="Element" identifier="_9we14NPREDiUdI4HmtuzBA" h="60" w="130" x="680" y="370" elementRef="_9wT2wNPREDiUdI4HmtuzBA"/>        </node>        <node xsi:type="Element" identifier="_Qz7RoNPSEDiUdI4HmtuzBA" h="240" w="130" x="11" y="100" elementRef="_Qzw5kNPSEDiUdI4HmtuzBA"/>        <node xsi:type="Container" identifier="_WVfcwNPSEDiUdI4HmtuzBA" h="120" w="150" x="20" y="420">          <label xml:lang="en">Clients</label>          <node xsi:type="Element" identifier="_YGzCUNPSEDiUdI4HmtuzBA" h="60" w="130" x="30" y="460" elementRef="_YGh8kNPSEDiUdI4HmtuzBA"/>        </node>        <node xsi:type="Container" identifier="_dKEu8NPSEDiUdI4HmtuzBA" h="140" w="280" x="238" y="588">          <label xml:lang="en">Store Layer</label>          <node xsi:type="Element" identifier="_ltRfENPSEDiUdI4HmtuzBA" h="60" w="130" x="300" y="640" elementRef="_lszlANPSEDiUdI4HmtuzBA"/>        </node>        <connection xsi:type="Relationship" identifier="_EbhxkNPSEDiUdI4HmtuzBA" source="_7kXjoNPREDiUdI4HmtuzBA" target="_tKNnMNPREDiUdI4HmtuzBA" relationshipRef="_EbQr0NPSEDiUdI4HmtuzBA">          <bendpoint x="730" y="130"/>        </connection>        <connection xsi:type="Relationship" identifier="_2hfqMNPSEDiUdI4HmtuzBA" source="_tKNnMNPREDiUdI4HmtuzBA" target="_0bMsENPSEDiUdI4HmtuzBA" relationshipRef="_2hXHUNPSEDiUdI4HmtuzBA"/>        <connection xsi:type="Relationship" identifier="_3sHDMNPSEDiUdI4HmtuzBA" source="_0bMsENPSEDiUdI4HmtuzBA" target="_u38e4NPSEDiUdI4HmtuzBA" relationshipRef="_3r_HYNPSEDiUdI4HmtuzBA"/>        <connection xsi:type="Relationship" identifier="___3CENPSEDiUdI4HmtuzBA" source="_u38e4NPSEDiUdI4HmtuzBA" target="_wqKDYNPSEDiUdI4HmtuzBA" relationshipRef="___pmsNPSEDiUdI4HmtuzBA"/>        <connection xsi:type="Relationship" identifier="_B1z3ENPTEDiUdI4HmtuzBA" source="_u38e4NPSEDiUdI4HmtuzBA" target="_ltRfENPSEDiUdI4HmtuzBA" relationshipRef="_B1qtINPTEDiUdI4HmtuzBA"/>        <connection xsi:type="Relationship" identifier="_GknvkNPTEDiUdI4HmtuzBA" source="_YGzCUNPSEDiUdI4HmtuzBA" target="_FHVSMNPTEDiUdI4HmtuzBA" relationshipRef="_GkeloNPTEDiUdI4HmtuzBA"/>        <connection xsi:type="Relationship" identifier="_JDwEcNPTEDiUdI4HmtuzBA" source="_FHVSMNPTEDiUdI4HmtuzBA" target="_u38e4NPSEDiUdI4HmtuzBA" relationshipRef="_JDjQINPTEDiUdI4HmtuzBA"/>        <connection xsi:type="Relationship" identifier="_JcFE4NPTEDiUdI4HmtuzBA" source="_u38e4NPSEDiUdI4HmtuzBA" target="_FHVSMNPTEDiUdI4HmtuzBA" relationshipRef="_Jb9JENPTEDiUdI4HmtuzBA"/>        <connection xsi:type="Relationship" identifier="_NyZk4NPTEDiUdI4HmtuzBA" source="_u38e4NPSEDiUdI4HmtuzBA" target="_L0GFINPTEDiUdI4HmtuzBA" relationshipRef="_NyIfINPTEDiUdI4HmtuzBA"/>        <connection xsi:type="Relationship" identifier="_ONPt0NPTEDiUdI4HmtuzBA" source="_L0GFINPTEDiUdI4HmtuzBA" target="_Qz7RoNPSEDiUdI4HmtuzBA" relationshipRef="_ONEHoNPTEDiUdI4HmtuzBA"/>        <connection xsi:type="Relationship" identifier="_fBYZYNPTEDiUdI4HmtuzBA" source="_Qz7RoNPSEDiUdI4HmtuzBA" target="_YGzCUNPSEDiUdI4HmtuzBA" relationshipRef="_fBKW8NPTEDiUdI4HmtuzBA"/>        <connection xsi:type="Relationship" identifier="_zRomgNPTEDiUdI4HmtuzBA" source="_u38e4NPSEDiUdI4HmtuzBA" target="_7kXjoNPREDiUdI4HmtuzBA" relationshipRef="_zRYH0NPTEDiUdI4HmtuzBA"/>        <connection xsi:type="Relationship" identifier="_8E99ANPWEDiUdI4HmtuzBA" source="_nn3Y8NPREDiUdI4HmtuzBA" target="_3RNTENPWEDiUdI4HmtuzBA" relationshipRef="_8Ey94NPWEDiUdI4HmtuzBA"/>        <connection xsi:type="Relationship" identifier="_8mmDYNPWEDiUdI4HmtuzBA" source="_3RNTENPWEDiUdI4HmtuzBA" target="_u38e4NPSEDiUdI4HmtuzBA" relationshipRef="_8mcSYNPWEDiUdI4HmtuzBA"/>      </view>    </diagrams>  </views></model>
