<?xml version="1.0" encoding="UTF-8"?>
<model xmlns="http://www.opengroup.org/xsd/archimate/3.0/" xmlns:xsi="http://www.w3.org/2001/XMLSchema-instance" xsi:schemaLocation="http://www.opengroup.org/xsd/archimate/3.0/ http://www.opengroup.org/xsd/archimate/3.1/archimate3_Diagram.xsd" identifier="id-40c7f23970b84e5e968194f90a287c31">
  <name>AplicacionGuiada</name>
  <elements>
    <element identifier="id-36cdf9c783de4c35a286dea7b593a131" xsi:type="BusinessObject">
      <name>Business Object</name>
    </element>
    <element identifier="id-3c3d5f11ebfc41308e07e1a731206636" xsi:type="Product">
      <name>Product</name>
    </element>
    <element identifier="id-2f1318ac9f9048bb8c6c4eb82a4fa2e8" xsi:type="BusinessCollaboration">
      <name>DespachoMercancia</name>
    </element>
    <element identifier="id-99713038c1b9476d84c7918889e0d2fe" xsi:type="BusinessActor">
      <name>Propietario</name>
    </element>
    <element identifier="id-fab9f478ad40452eb3becf8cf4f55285" xsi:type="BusinessRole">
      <name>Tendero</name>
    </element>
    <element identifier="id-d60d3ce6d0ca446e8acb8b0667868bff" xsi:type="BusinessInterface">
      <name>Pagina web</name>
    </element>
    <element identifier="id-7f5ea45e6f6d4855b3b0ad059efccabf" xsi:type="BusinessActor">
      <name>Empleado</name>
    </element>
    <element identifier="id-c83c42317b3c405faabd6a0d0de097a8" xsi:type="BusinessRole">
      <name>Domiciliario</name>
    </element>
    <element identifier="id-df99a842b3504515b792fe3c686617bb" xsi:type="BusinessService">
      <name>Solicitar Pedido</name>
    </element>
    <element identifier="id-fb8da73937a44396861923a83b65485b" xsi:type="BusinessFunction">
      <name>Despacho Pedidos</name>
    </element>
    <element identifier="id-603589ddc2df4f94891302f4a19fe537" xsi:type="BusinessFunction">
      <name>Entrega Pedidos</name>
    </element>
    <element identifier="id-5f693bf6300f45228a82cd0e8057152d" xsi:type="BusinessFunction">
      <name>Gestion de Inventarios</name>
    </element>
    <element identifier="id-f7b6291fac2143b1a30b0d935bfa40ec" xsi:type="BusinessFunction">
      <name>Gestion de Clientes</name>
    </element>
    <element identifier="id-9421467ac13d47138177ed58c7161709" xsi:type="BusinessFunction">
      <name>Pagos</name>
    </element>
    <element identifier="id-b3bcfdb5ce8c440e93e0131237f20254" xsi:type="BusinessProcess">
      <name>Venta de productos</name>
    </element>
    <element identifier="id-68bb84da234e47eea3f37bf791d0816d" xsi:type="BusinessProcess">
      <name>Despacho Pedido</name>
    </element>
    <element identifier="id-e95cca1162c44ec18a69f69d9868c31f" xsi:type="BusinessProcess">
      <name>Recepcion Pedido</name>
    </element>
    <element identifier="id-0bc2297f593d43ac9e867e16bf98c00a" xsi:type="BusinessProcess">
      <name>Preparacion Pedido</name>
    </element>
    <element identifier="id-c5b6313b0b964f5f9af67127394b33dd" xsi:type="BusinessService">
      <name>Vender Productos</name>
    </element>
    <element identifier="id-508afce5e79c4f6d87abb2d3b031cc45" xsi:type="BusinessEvent">
      <name>Recepcion de Pedido</name>
    </element>
    <element identifier="id-5919e9158ffe423583d827978f1bee12" xsi:type="BusinessEvent">
      <name>Entregar Venta</name>
    </element>
    <element identifier="id-e6de0468b7fa47d79e371b8b3c42578e" xsi:type="Product">
      <name>Pedidos en Linea</name>
    </element>
    <element identifier="id-7f5b515538b04b2c8b2032fe3bb9e335" xsi:type="Contract">
      <name>Acceso al Sistema</name>
    </element>
    <element identifier="id-d8e10c47907842bdaad127609c6f6eb2" xsi:type="ApplicationInterface">
      <name>Registro de Pedidos</name>
    </element>
    <element identifier="id-d0fa23ed054e401c8e86f5b55b60ff3d" xsi:type="ApplicationComponent">
      <name>Pedidos</name>
    </element>
    <element identifier="id-54ea6403e9134e8bb4b1f908cbc2b8b1" xsi:type="ApplicationComponent">
      <name>GUI Tienda Web</name>
    </element>
    <element identifier="id-6cdecb26917446a8a5c8455db366182a" xsi:type="ApplicationComponent">
      <name>Control de Acceso</name>
    </element>
    <element identifier="id-6a3529404c1648d18f25e91411c94d99" xsi:type="ApplicationComponent">
      <name>Gestor de envios</name>
    </element>
    <element identifier="id-eac68ef5ad44439391701859561f107d" xsi:type="ApplicationComponent">
      <name>Gestor de Usuarios</name>
    </element>
    <element identifier="id-c9d3e856e0fb4db2b76487d1c1727dfd" xsi:type="ApplicationComponent">
      <name>Gestor de Pedidos</name>
    </element>
    <element identifier="id-cd4a03215fa34c6d9a82bee9a28395f4" xsi:type="ApplicationComponent">
      <name>Gestor de Inventarios</name>
    </element>
    <element identifier="id-56e22509390f4f00834d2f9d0f8f7f99" xsi:type="ApplicationFunction">
      <name>Control de Acceso</name>
    </element>
    <element identifier="id-91006a3437df4127a056999512a5480d" xsi:type="ApplicationFunction">
      <name>Consultar Estado del Pedido</name>
    </element>
    <element identifier="id-73711d572abe426b9f673a86a3bbbd31" xsi:type="ApplicationFunction">
      <name>Historial Pedidos</name>
    </element>
    <element identifier="id-46676feaee4c4f76af66c358cb96f1ab" xsi:type="ApplicationFunction">
      <name>Realizar Pedido</name>
    </element>
    <element identifier="id-443bf0d678884e03915f14bb118af143" xsi:type="ApplicationFunction">
      <name>Actualizacion de Inventario</name>
    </element>
    <element identifier="id-8ff334811250408aa2eb92d072aba28e" xsi:type="ApplicationInterface">
      <name>Administracion</name>
    </element>
    <element identifier="id-f9ed13bc48d74287848804d7032182b9" xsi:type="ApplicationInterface">
      <name>Venta</name>
    </element>
    <element identifier="id-4851f8944cb54890992b6ea24db95c2a" xsi:type="ApplicationInterface">
      <name>Validacion</name>
    </element>
    <element identifier="id-6f229983afe048169da29df326458443" xsi:type="ApplicationInterface">
      <name>Envios</name>
    </element>
    <element identifier="id-a676c8f5f37b46b0b3838fac1933114d" xsi:type="ApplicationInterface">
      <name>Actualizacion</name>
    </element>
    <element identifier="id-08174f5e6e674ac687939258d57fcc23" xsi:type="ApplicationService">
      <name>Gestionar Pedidos</name>
    </element>
    <element identifier="id-464ad678be844d9c9cc0dfb3f2ed4ac8" xsi:type="ApplicationService">
      <name>Gestionar Estados de Pedidos</name>
    </element>
    <element identifier="id-5cbf456f1c1248288b558b808a63f5e6" xsi:type="Value">
      <name>Confianza en la entrega del producto</name>
    </element>
    <element identifier="id-6c8ffb95bd60498595e43a75e7e197a8" xsi:type="Value">
      <name>Registro de Pedido</name>
    </element>
    <element identifier="id-872154e832014b388d5ef1032be005be" xsi:type="Location">
      <name>Tienda</name>
    </element>
    <element identifier="id-d8b54fddf5c648f39b6759bd99b3b31c" xsi:type="Location">
      <name>Front Office</name>
    </element>
    <element identifier="id-e0fdb3744a9a4987b1ab980d3f68a940" xsi:type="Location">
      <name>Back Office</name>
    </element>
  </elements>
  <relationships>
    <relationship identifier="id-66c309a9702648d5bfeaa1f111ec7347" source="id-2f1318ac9f9048bb8c6c4eb82a4fa2e8" target="id-fab9f478ad40452eb3becf8cf4f55285" xsi:type="Aggregation" />
    <relationship identifier="id-0bb72ce7db3248f18a6aaa766fd78be1" source="id-fab9f478ad40452eb3becf8cf4f55285" target="id-d60d3ce6d0ca446e8acb8b0667868bff" xsi:type="Association" />
    <relationship identifier="id-c248b07563e64b438ad1a22dcd36f292" source="id-fab9f478ad40452eb3becf8cf4f55285" target="id-99713038c1b9476d84c7918889e0d2fe" xsi:type="Association" />
    <relationship identifier="id-2ce92d82b0bb4f6186df2f4077011fd6" source="id-fab9f478ad40452eb3becf8cf4f55285" target="id-7f5ea45e6f6d4855b3b0ad059efccabf" xsi:type="Association" />
    <relationship identifier="id-112a0b48b8554267b9c03a5be6738a0b" source="id-2f1318ac9f9048bb8c6c4eb82a4fa2e8" target="id-c83c42317b3c405faabd6a0d0de097a8" xsi:type="Aggregation" />
    <relationship identifier="id-82b2aa6f08ab4019b2a689ea8663f81e" source="id-7f5ea45e6f6d4855b3b0ad059efccabf" target="id-c83c42317b3c405faabd6a0d0de097a8" xsi:type="Association" />
    <relationship identifier="id-e3827a8de8a740c7978f0f90647dd398" source="id-df99a842b3504515b792fe3c686617bb" target="id-d60d3ce6d0ca446e8acb8b0667868bff" xsi:type="Association" />
    <relationship identifier="id-d8a527b611da4f7ebaa2b7c3a3cc891f" source="id-d0fa23ed054e401c8e86f5b55b60ff3d" target="id-d8e10c47907842bdaad127609c6f6eb2" xsi:type="Composition" />
    <relationship identifier="id-aab033b5513f47469a98f1281dbe790a" source="id-d8e10c47907842bdaad127609c6f6eb2" target="id-df99a842b3504515b792fe3c686617bb" xsi:type="Association" />
    <relationship identifier="id-5ecf4894a81749d09bfe718e4cf908e6" source="id-fb8da73937a44396861923a83b65485b" target="id-603589ddc2df4f94891302f4a19fe537" xsi:type="Serving" />
    <relationship identifier="id-454f2dc36bfc485087f063e8179c36cd" source="id-fab9f478ad40452eb3becf8cf4f55285" target="id-f7b6291fac2143b1a30b0d935bfa40ec" xsi:type="Association" />
    <relationship identifier="id-8d51c6dd05c14dffa93b2ab3049f300c" source="id-fab9f478ad40452eb3becf8cf4f55285" target="id-9421467ac13d47138177ed58c7161709" xsi:type="Association" />
    <relationship identifier="id-b4c0f8f2d3e34c7a92bb3071e8fb6cf4" source="id-fab9f478ad40452eb3becf8cf4f55285" target="id-5f693bf6300f45228a82cd0e8057152d" xsi:type="Association" />
    <relationship identifier="id-4427860a725b44439c35d908fc69e780" source="id-fab9f478ad40452eb3becf8cf4f55285" target="id-fb8da73937a44396861923a83b65485b" xsi:type="Association" />
    <relationship identifier="id-67dd247483be461583fdb7544dfb3fb7" source="id-9421467ac13d47138177ed58c7161709" target="id-c83c42317b3c405faabd6a0d0de097a8" xsi:type="Association" />
    <relationship identifier="id-a030c9a4ed0d43eeac461e8c39516d3e" source="id-c83c42317b3c405faabd6a0d0de097a8" target="id-603589ddc2df4f94891302f4a19fe537" xsi:type="Association" />
    <relationship identifier="id-42027c980c1e4f55970f2b59225e0c4f" source="id-b3bcfdb5ce8c440e93e0131237f20254" target="id-68bb84da234e47eea3f37bf791d0816d" xsi:type="Composition" />
    <relationship identifier="id-d1e4f488f4e646028d3fb595f85aa571" source="id-b3bcfdb5ce8c440e93e0131237f20254" target="id-0bc2297f593d43ac9e867e16bf98c00a" xsi:type="Composition" />
    <relationship identifier="id-7ee754dab1f54163ace4963e9b3d6551" source="id-b3bcfdb5ce8c440e93e0131237f20254" target="id-e95cca1162c44ec18a69f69d9868c31f" xsi:type="Composition" />
    <relationship identifier="id-21d8cfb2198b4dcf960fc884bc83c8ea" source="id-e95cca1162c44ec18a69f69d9868c31f" target="id-68bb84da234e47eea3f37bf791d0816d" xsi:type="Triggering" />
    <relationship identifier="id-04512cfe9c65447ca5fe99c7290aa987" source="id-68bb84da234e47eea3f37bf791d0816d" target="id-0bc2297f593d43ac9e867e16bf98c00a" xsi:type="Triggering" />
    <relationship identifier="id-52f3b6a37f844bfcb390999e5e488bba" source="id-b3bcfdb5ce8c440e93e0131237f20254" target="id-c5b6313b0b964f5f9af67127394b33dd" xsi:type="Realization" />
    <relationship identifier="id-3d38fc1c142f426f8773f13a5ab30bbe" source="id-b3bcfdb5ce8c440e93e0131237f20254" target="id-508afce5e79c4f6d87abb2d3b031cc45" xsi:type="Triggering" />
    <relationship identifier="id-f66817b5266843ee9538f562bbc69714" source="id-508afce5e79c4f6d87abb2d3b031cc45" target="id-b3bcfdb5ce8c440e93e0131237f20254" xsi:type="Triggering" />
    <relationship identifier="id-8f7060d56e95472cad9a9abf7326751e" source="id-b3bcfdb5ce8c440e93e0131237f20254" target="id-5919e9158ffe423583d827978f1bee12" xsi:type="Triggering" />
    <relationship identifier="id-0ef1c0456f40496d9e0d2fda76c25971" source="id-fab9f478ad40452eb3becf8cf4f55285" target="id-b3bcfdb5ce8c440e93e0131237f20254" xsi:type="Association" />
    <relationship identifier="id-9c4b616b0a924e5cb23e17108cd32976" source="id-c83c42317b3c405faabd6a0d0de097a8" target="id-0bc2297f593d43ac9e867e16bf98c00a" xsi:type="Association" />
    <relationship identifier="id-93ae0961808048b7bc77b77b5a426f41" source="id-e6de0468b7fa47d79e371b8b3c42578e" target="id-c5b6313b0b964f5f9af67127394b33dd" xsi:type="Association" />
    <relationship identifier="id-4a8dc32545e34f8f8ffa44064163735e" source="id-e6de0468b7fa47d79e371b8b3c42578e" target="id-c5b6313b0b964f5f9af67127394b33dd" xsi:type="Aggregation" />
    <relationship identifier="id-254432fbe2f64dce844a1d4d33998e54" source="id-6c8ffb95bd60498595e43a75e7e197a8" target="id-e6de0468b7fa47d79e371b8b3c42578e" xsi:type="Association" />
    <relationship identifier="id-3d2d7df3464a41feb35f626142b4d2aa" source="id-5cbf456f1c1248288b558b808a63f5e6" target="id-e6de0468b7fa47d79e371b8b3c42578e" xsi:type="Association" />
    <relationship identifier="id-53272934cd474483bb7c89b944d05e59" source="id-e6de0468b7fa47d79e371b8b3c42578e" target="id-7f5b515538b04b2c8b2032fe3bb9e335" xsi:type="Aggregation" />
    <relationship identifier="id-e0c8f4f1cb0d40088d125d4097d38b4b" source="id-6cdecb26917446a8a5c8455db366182a" target="id-56e22509390f4f00834d2f9d0f8f7f99" xsi:type="Association" />
    <relationship identifier="id-5f98bed00f5b41e6914f30e0c0f3ef04" source="id-c9d3e856e0fb4db2b76487d1c1727dfd" target="id-91006a3437df4127a056999512a5480d" xsi:type="Association" />
    <relationship identifier="id-88f4090d2d1b4645ab88614354dfc5a8" source="id-eac68ef5ad44439391701859561f107d" target="id-73711d572abe426b9f673a86a3bbbd31" xsi:type="Association" />
    <relationship identifier="id-fd55325dcc784162abc57c56697b29da" source="id-c9d3e856e0fb4db2b76487d1c1727dfd" target="id-73711d572abe426b9f673a86a3bbbd31" xsi:type="Association" />
    <relationship identifier="id-14092cc265054bd69f9e154dad07d274" source="id-c9d3e856e0fb4db2b76487d1c1727dfd" target="id-46676feaee4c4f76af66c358cb96f1ab" xsi:type="Association" />
    <relationship identifier="id-46c87fb91b904e2289fed8dfebe5da2b" source="id-cd4a03215fa34c6d9a82bee9a28395f4" target="id-443bf0d678884e03915f14bb118af143" xsi:type="Association" />
    <relationship identifier="id-f73a732825774b62aa60d9669141cbc3" source="id-c9d3e856e0fb4db2b76487d1c1727dfd" target="id-443bf0d678884e03915f14bb118af143" xsi:type="Association" />
    <relationship identifier="id-a8bfdb18e923499aa863aa8d8bf9476f" source="id-6a3529404c1648d18f25e91411c94d99" target="id-91006a3437df4127a056999512a5480d" xsi:type="Association" />
    <relationship identifier="id-fdb9abc335504cc8834048aacc909343" source="id-54ea6403e9134e8bb4b1f908cbc2b8b1" target="id-6cdecb26917446a8a5c8455db366182a" xsi:type="Flow" />
    <relationship identifier="id-a2b4bcf12f894bb19bf00060b6a75a2f" source="id-54ea6403e9134e8bb4b1f908cbc2b8b1" target="id-6cdecb26917446a8a5c8455db366182a" xsi:type="Realization" />
    <relationship identifier="id-1695408166bf4147976b93062dc211de" source="id-6cdecb26917446a8a5c8455db366182a" target="id-54ea6403e9134e8bb4b1f908cbc2b8b1" xsi:type="Realization" />
    <relationship identifier="id-05d90dbd01c14b3b896448e4daa55778" source="id-c9d3e856e0fb4db2b76487d1c1727dfd" target="id-6cdecb26917446a8a5c8455db366182a" xsi:type="Serving" />
    <relationship identifier="id-29cb65130f4342ddaf3b836b463fcb01" source="id-6a3529404c1648d18f25e91411c94d99" target="id-6cdecb26917446a8a5c8455db366182a" xsi:type="Serving" />
    <relationship identifier="id-6daeee210c8a4d45a6a2e0bf0e53bc4c" source="id-e0fdb3744a9a4987b1ab980d3f68a940" target="id-d8b54fddf5c648f39b6759bd99b3b31c" xsi:type="Specialization" />
    <relationship identifier="id-169168920a7e4cae9c355bfeb49bb093" source="id-d8b54fddf5c648f39b6759bd99b3b31c" target="id-54ea6403e9134e8bb4b1f908cbc2b8b1" xsi:type="Composition" />
    <relationship identifier="id-59aa99ec1ab74561b731c5ccc0b011f3" source="id-e0fdb3744a9a4987b1ab980d3f68a940" target="id-6a3529404c1648d18f25e91411c94d99" xsi:type="Composition" />
    <relationship identifier="id-76c9f966fc7e4d29bd9b46e5013e0494" source="id-e0fdb3744a9a4987b1ab980d3f68a940" target="id-cd4a03215fa34c6d9a82bee9a28395f4" xsi:type="Composition" />
    <relationship identifier="id-f3b81b9e26af4b3485c4c7550d42a75d" source="id-e0fdb3744a9a4987b1ab980d3f68a940" target="id-c9d3e856e0fb4db2b76487d1c1727dfd" xsi:type="Composition" />
    <relationship identifier="id-f0650525e9e84f8bb05feb9bed77a84b" source="id-e0fdb3744a9a4987b1ab980d3f68a940" target="id-eac68ef5ad44439391701859561f107d" xsi:type="Composition" />
    <relationship identifier="id-114fbd6ed43643b0af47a2c11bcb527f" source="id-e0fdb3744a9a4987b1ab980d3f68a940" target="id-6cdecb26917446a8a5c8455db366182a" xsi:type="Composition" />
    <relationship identifier="id-3d5242ef327a4a21b2ab68d512a1dfcd" source="id-eac68ef5ad44439391701859561f107d" target="id-6cdecb26917446a8a5c8455db366182a" xsi:type="Triggering" />
    <relationship identifier="id-a18ad84c527549908a496c3ffb20ce13" source="id-eac68ef5ad44439391701859561f107d" target="id-6cdecb26917446a8a5c8455db366182a" xsi:type="Serving" />
    <relationship identifier="id-9db97e62ed7941d5aca96bfd90364719" source="id-54ea6403e9134e8bb4b1f908cbc2b8b1" target="id-8ff334811250408aa2eb92d072aba28e" xsi:type="Association" />
    <relationship identifier="id-aa239b4ef80c449397fbcb3995fd889e" source="id-eac68ef5ad44439391701859561f107d" target="id-8ff334811250408aa2eb92d072aba28e" xsi:type="Association" />
    <relationship identifier="id-4750330e094d4b2f8bc6eee94fb8d6ea" source="id-c9d3e856e0fb4db2b76487d1c1727dfd" target="id-f9ed13bc48d74287848804d7032182b9" xsi:type="Association" />
    <relationship identifier="id-c95fc9ee72644bf7ac54299d1e3a81b7" source="id-f9ed13bc48d74287848804d7032182b9" target="id-54ea6403e9134e8bb4b1f908cbc2b8b1" xsi:type="Association" />
    <relationship identifier="id-53f692af0eb045b5bf1b582f08612645" source="id-6cdecb26917446a8a5c8455db366182a" target="id-4851f8944cb54890992b6ea24db95c2a" xsi:type="Association" />
    <relationship identifier="id-f2f8660c4810468097b58d35d9072f3b" source="id-4851f8944cb54890992b6ea24db95c2a" target="id-54ea6403e9134e8bb4b1f908cbc2b8b1" xsi:type="Association" />
    <relationship identifier="id-cbda95d35614413badb4ba4551382b52" source="id-54ea6403e9134e8bb4b1f908cbc2b8b1" target="id-6f229983afe048169da29df326458443" xsi:type="Association" />
    <relationship identifier="id-02c3ea79ea1f417a8dcf42694df0df61" source="id-6f229983afe048169da29df326458443" target="id-6a3529404c1648d18f25e91411c94d99" xsi:type="Association" />
    <relationship identifier="id-53381ed90b3c4d3aa7591c7f13bb70c5" source="id-cd4a03215fa34c6d9a82bee9a28395f4" target="id-a676c8f5f37b46b0b3838fac1933114d" xsi:type="Association" />
    <relationship identifier="id-114332883b8a44d0a17d7dbf20b873c4" source="id-a676c8f5f37b46b0b3838fac1933114d" target="id-54ea6403e9134e8bb4b1f908cbc2b8b1" xsi:type="Association" />
    <relationship identifier="id-916dc9ac01bb406687650970535d12cf" source="id-c83c42317b3c405faabd6a0d0de097a8" target="id-b3bcfdb5ce8c440e93e0131237f20254" xsi:type="Association" />
    <relationship identifier="id-66624b94b03f4c9eb79ec5c5b8c3ff6b" source="id-68bb84da234e47eea3f37bf791d0816d" target="id-fab9f478ad40452eb3becf8cf4f55285" xsi:type="Association" />
    <relationship identifier="id-6e47f0eb7e8b4a37a646e9ed5699beab" source="id-c9d3e856e0fb4db2b76487d1c1727dfd" target="id-08174f5e6e674ac687939258d57fcc23" xsi:type="Realization" />
    <relationship identifier="id-8782551d6a7447eeb6a85d4cd285198b" source="id-6a3529404c1648d18f25e91411c94d99" target="id-464ad678be844d9c9cc0dfb3f2ed4ac8" xsi:type="Realization" />
    <relationship identifier="id-9cc25220437f48e09f69011592508020" source="id-08174f5e6e674ac687939258d57fcc23" target="id-b3bcfdb5ce8c440e93e0131237f20254" xsi:type="Association" />
    <relationship identifier="id-6373aced36e84f7c88346d9a5f386877" source="id-464ad678be844d9c9cc0dfb3f2ed4ac8" target="id-68bb84da234e47eea3f37bf791d0816d" xsi:type="Association" />
  </relationships>
  <views>
    <diagrams>
      <view identifier="id-a5f75a97b57c4bd78cd12abae438b361" xsi:type="Diagram">
        <name>Organizacion</name>
        <node identifier="id-5134722ac70c45658321728b887ba7a8" elementRef="id-872154e832014b388d5ef1032be005be" xsi:type="Element" x="84" y="84" w="685" h="397">
          <style>
            <fillColor r="237" g="207" b="226" a="100" />
            <lineColor r="92" g="92" b="92" a="100" />
            <font name="Lucida Grande" size="12">
              <color r="0" g="0" b="0" />
            </font>
          </style>
          <node identifier="id-fcc79ae752cb4d84b8848ac4e87f80e5" elementRef="id-df99a842b3504515b792fe3c686617bb" xsi:type="Element" x="600" y="228" w="120" h="55">
            <style>
              <fillColor r="255" g="255" b="181" a="100" />
              <lineColor r="92" g="92" b="92" a="100" />
              <font name="Lucida Grande" size="12">
                <color r="0" g="0" b="0" />
              </font>
            </style>
          </node>
          <node identifier="id-f692392cfa8841a0ad2d40a77d7216f9" elementRef="id-7f5ea45e6f6d4855b3b0ad059efccabf" xsi:type="Element" x="432" y="228" w="120" h="55">
            <style>
              <fillColor r="255" g="255" b="181" a="100" />
              <lineColor r="92" g="92" b="92" a="100" />
              <font name="Lucida Grande" size="12">
                <color r="0" g="0" b="0" />
              </font>
            </style>
          </node>
          <node identifier="id-297e2e6641174bbfb620742362947e94" elementRef="id-99713038c1b9476d84c7918889e0d2fe" xsi:type="Element" x="252" y="228" w="120" h="55">
            <style>
              <fillColor r="255" g="255" b="181" a="100" />
              <lineColor r="92" g="92" b="92" a="100" />
              <font name="Lucida Grande" size="12">
                <color r="0" g="0" b="0" />
              </font>
            </style>
          </node>
        </node>
        <node identifier="id-bb47930ab21f4231a55887c8799c6d32" elementRef="id-2f1318ac9f9048bb8c6c4eb82a4fa2e8" xsi:type="Element" x="120" y="132" w="173" h="55">
          <style>
            <fillColor r="255" g="255" b="181" a="100" />
            <lineColor r="92" g="92" b="92" a="100" />
            <font name="Lucida Grande" size="12">
              <color r="0" g="0" b="0" />
            </font>
          </style>
        </node>
        <node identifier="id-2585d63406114ae18795d1308626c695" elementRef="id-fab9f478ad40452eb3becf8cf4f55285" xsi:type="Element" x="360" y="132" w="120" h="55">
          <style>
            <fillColor r="255" g="255" b="181" a="100" />
            <lineColor r="92" g="92" b="92" a="100" />
            <font name="Lucida Grande" size="12">
              <color r="0" g="0" b="0" />
            </font>
          </style>
        </node>
        <node identifier="id-0c741dd57746454bae469dc7d3cba6c5" elementRef="id-d60d3ce6d0ca446e8acb8b0667868bff" xsi:type="Element" x="552" y="132" w="120" h="55">
          <style>
            <fillColor r="255" g="255" b="181" a="100" />
            <lineColor r="92" g="92" b="92" a="100" />
            <font name="Lucida Grande" size="12">
              <color r="0" g="0" b="0" />
            </font>
          </style>
        </node>
        <node identifier="id-128f4e550cbb4d9288db4315e522b138" elementRef="id-c83c42317b3c405faabd6a0d0de097a8" xsi:type="Element" x="132" y="336" w="120" h="55">
          <style>
            <fillColor r="255" g="255" b="181" a="100" />
            <lineColor r="92" g="92" b="92" a="100" />
            <font name="Lucida Grande" size="12">
              <color r="0" g="0" b="0" />
            </font>
          </style>
        </node>
        <connection identifier="id-61fd7b4d97514955a7c08d06c235e507" relationshipRef="id-e3827a8de8a740c7978f0f90647dd398" xsi:type="Relationship" source="id-fcc79ae752cb4d84b8848ac4e87f80e5" target="id-0c741dd57746454bae469dc7d3cba6c5">
          <style>
            <lineColor r="0" g="0" b="0" />
            <font name="Lucida Grande" size="12">
              <color r="0" g="0" b="0" />
            </font>
          </style>
        </connection>
        <connection identifier="id-ea9fb69323d9460b9f040bb0384c9dc7" relationshipRef="id-82b2aa6f08ab4019b2a689ea8663f81e" xsi:type="Relationship" source="id-f692392cfa8841a0ad2d40a77d7216f9" target="id-128f4e550cbb4d9288db4315e522b138">
          <style>
            <lineColor r="0" g="0" b="0" />
            <font name="Lucida Grande" size="12">
              <color r="0" g="0" b="0" />
            </font>
          </style>
        </connection>
        <connection identifier="id-706565701db6419f8c0543a257868f77" relationshipRef="id-66c309a9702648d5bfeaa1f111ec7347" xsi:type="Relationship" source="id-bb47930ab21f4231a55887c8799c6d32" target="id-2585d63406114ae18795d1308626c695">
          <style>
            <lineColor r="0" g="0" b="0" />
            <font name="Lucida Grande" size="12">
              <color r="0" g="0" b="0" />
            </font>
          </style>
        </connection>
        <connection identifier="id-014ca8b853d84ca698e515354a2d42bd" relationshipRef="id-112a0b48b8554267b9c03a5be6738a0b" xsi:type="Relationship" source="id-bb47930ab21f4231a55887c8799c6d32" target="id-128f4e550cbb4d9288db4315e522b138">
          <style>
            <lineColor r="0" g="0" b="0" />
            <font name="Lucida Grande" size="12">
              <color r="0" g="0" b="0" />
            </font>
          </style>
        </connection>
        <connection identifier="id-27b8d5a0d0474eae92eff4b21448ac8d" relationshipRef="id-0bb72ce7db3248f18a6aaa766fd78be1" xsi:type="Relationship" source="id-2585d63406114ae18795d1308626c695" target="id-0c741dd57746454bae469dc7d3cba6c5">
          <style>
            <lineColor r="0" g="0" b="0" />
            <font name="Lucida Grande" size="12">
              <color r="0" g="0" b="0" />
            </font>
          </style>
        </connection>
        <connection identifier="id-428a2347437f469586e37af48a96cb24" relationshipRef="id-c248b07563e64b438ad1a22dcd36f292" xsi:type="Relationship" source="id-2585d63406114ae18795d1308626c695" target="id-297e2e6641174bbfb620742362947e94">
          <style>
            <lineColor r="0" g="0" b="0" />
            <font name="Lucida Grande" size="12">
              <color r="0" g="0" b="0" />
            </font>
          </style>
        </connection>
        <connection identifier="id-594ff8d3e497490ba20c0a4d644edb7a" relationshipRef="id-2ce92d82b0bb4f6186df2f4077011fd6" xsi:type="Relationship" source="id-2585d63406114ae18795d1308626c695" target="id-f692392cfa8841a0ad2d40a77d7216f9">
          <style>
            <lineColor r="0" g="0" b="0" />
            <font name="Lucida Grande" size="12">
              <color r="0" g="0" b="0" />
            </font>
          </style>
        </connection>
      </view>
      <view identifier="id-6a08331541f54f8999f4b1d2e8648078" xsi:type="Diagram">
        <name>Actores del negocio</name>
        <node identifier="id-82a5eaae9cf347bbbdd3cde812132fa0" elementRef="id-872154e832014b388d5ef1032be005be" xsi:type="Element" x="94" y="94" w="925" h="397">
          <style>
            <fillColor r="237" g="207" b="226" a="100" />
            <lineColor r="92" g="92" b="92" a="100" />
            <font name="Lucida Grande" size="12">
              <color r="0" g="0" b="0" />
            </font>
          </style>
          <node identifier="id-4209d3c4c71c4e3a902668955b357fe5" elementRef="id-df99a842b3504515b792fe3c686617bb" xsi:type="Element" x="610" y="238" w="120" h="55">
            <style>
              <fillColor r="255" g="255" b="181" a="100" />
              <lineColor r="92" g="92" b="92" a="100" />
              <font name="Lucida Grande" size="12">
                <color r="0" g="0" b="0" />
              </font>
            </style>
          </node>
          <node identifier="id-d1d1c850c14f41a3812f4b7621df9abf" elementRef="id-7f5ea45e6f6d4855b3b0ad059efccabf" xsi:type="Element" x="442" y="238" w="120" h="55">
            <style>
              <fillColor r="255" g="255" b="181" a="100" />
              <lineColor r="92" g="92" b="92" a="100" />
              <font name="Lucida Grande" size="12">
                <color r="0" g="0" b="0" />
              </font>
            </style>
          </node>
          <node identifier="id-eb9b27c8ac3442109eeef7c2f5b1e85c" elementRef="id-d8e10c47907842bdaad127609c6f6eb2" xsi:type="Element" x="802" y="238" w="120" h="55">
            <style>
              <fillColor r="181" g="255" b="255" a="100" />
              <lineColor r="92" g="92" b="92" a="100" />
              <font name="Lucida Grande" size="12">
                <color r="0" g="0" b="0" />
              </font>
            </style>
          </node>
          <node identifier="id-5d627543b88346e696fca2f4296433d8" elementRef="id-99713038c1b9476d84c7918889e0d2fe" xsi:type="Element" x="262" y="238" w="120" h="55">
            <style>
              <fillColor r="255" g="255" b="181" a="100" />
              <lineColor r="92" g="92" b="92" a="100" />
              <font name="Lucida Grande" size="12">
                <color r="0" g="0" b="0" />
              </font>
            </style>
          </node>
          <node identifier="id-4e4fc5842f924e35b5a9f7c56d5c7f70" elementRef="id-d0fa23ed054e401c8e86f5b55b60ff3d" xsi:type="Element" x="802" y="142" w="120" h="55">
            <style>
              <fillColor r="181" g="255" b="255" a="100" />
              <lineColor r="92" g="92" b="92" a="100" />
              <font name="Lucida Grande" size="12">
                <color r="0" g="0" b="0" />
              </font>
            </style>
          </node>
        </node>
        <node identifier="id-3cd78b70b1354fab9fc95337e7eb3b58" elementRef="id-2f1318ac9f9048bb8c6c4eb82a4fa2e8" xsi:type="Element" x="130" y="142" w="173" h="55">
          <style>
            <fillColor r="255" g="255" b="181" a="100" />
            <lineColor r="92" g="92" b="92" a="100" />
            <font name="Lucida Grande" size="12">
              <color r="0" g="0" b="0" />
            </font>
          </style>
        </node>
        <node identifier="id-8227301734174555b07e14746464bb4f" elementRef="id-fab9f478ad40452eb3becf8cf4f55285" xsi:type="Element" x="370" y="142" w="120" h="55">
          <style>
            <fillColor r="255" g="255" b="181" a="100" />
            <lineColor r="92" g="92" b="92" a="100" />
            <font name="Lucida Grande" size="12">
              <color r="0" g="0" b="0" />
            </font>
          </style>
        </node>
        <node identifier="id-ec559c4868284b20b5aa7c01df14e359" elementRef="id-d60d3ce6d0ca446e8acb8b0667868bff" xsi:type="Element" x="562" y="142" w="120" h="55">
          <style>
            <fillColor r="255" g="255" b="181" a="100" />
            <lineColor r="92" g="92" b="92" a="100" />
            <font name="Lucida Grande" size="12">
              <color r="0" g="0" b="0" />
            </font>
          </style>
        </node>
        <node identifier="id-e8a44da66fd145608f971b1847e12be3" elementRef="id-c83c42317b3c405faabd6a0d0de097a8" xsi:type="Element" x="142" y="346" w="120" h="55">
          <style>
            <fillColor r="255" g="255" b="181" a="100" />
            <lineColor r="92" g="92" b="92" a="100" />
            <font name="Lucida Grande" size="12">
              <color r="0" g="0" b="0" />
            </font>
          </style>
        </node>
        <connection identifier="id-946d2c79caed4693913a1a83e6f09cfd" relationshipRef="id-e3827a8de8a740c7978f0f90647dd398" xsi:type="Relationship" source="id-4209d3c4c71c4e3a902668955b357fe5" target="id-ec559c4868284b20b5aa7c01df14e359">
          <style>
            <lineColor r="0" g="0" b="0" />
            <font name="Lucida Grande" size="12">
              <color r="0" g="0" b="0" />
            </font>
          </style>
        </connection>
        <connection identifier="id-47d01f8917694b2a91d56b9fce5a0f1d" relationshipRef="id-82b2aa6f08ab4019b2a689ea8663f81e" xsi:type="Relationship" source="id-d1d1c850c14f41a3812f4b7621df9abf" target="id-e8a44da66fd145608f971b1847e12be3">
          <style>
            <lineColor r="0" g="0" b="0" />
            <font name="Lucida Grande" size="12">
              <color r="0" g="0" b="0" />
            </font>
          </style>
        </connection>
        <connection identifier="id-d204df96b1d04560a7d6c87269becea1" relationshipRef="id-aab033b5513f47469a98f1281dbe790a" xsi:type="Relationship" source="id-eb9b27c8ac3442109eeef7c2f5b1e85c" target="id-4209d3c4c71c4e3a902668955b357fe5">
          <style>
            <lineColor r="0" g="0" b="0" />
            <font name="Lucida Grande" size="12">
              <color r="0" g="0" b="0" />
            </font>
          </style>
        </connection>
        <connection identifier="id-0aef351ab02649c585cc78fd02815c58" relationshipRef="id-d8a527b611da4f7ebaa2b7c3a3cc891f" xsi:type="Relationship" source="id-4e4fc5842f924e35b5a9f7c56d5c7f70" target="id-eb9b27c8ac3442109eeef7c2f5b1e85c">
          <style>
            <lineColor r="0" g="0" b="0" />
            <font name="Lucida Grande" size="12">
              <color r="0" g="0" b="0" />
            </font>
          </style>
        </connection>
        <connection identifier="id-75ac528ff8ac4af1932f5e6b8840a1df" relationshipRef="id-66c309a9702648d5bfeaa1f111ec7347" xsi:type="Relationship" source="id-3cd78b70b1354fab9fc95337e7eb3b58" target="id-8227301734174555b07e14746464bb4f">
          <style>
            <lineColor r="0" g="0" b="0" />
            <font name="Lucida Grande" size="12">
              <color r="0" g="0" b="0" />
            </font>
          </style>
        </connection>
        <connection identifier="id-6d26659b7b564aa78158ec765ff7ef57" relationshipRef="id-112a0b48b8554267b9c03a5be6738a0b" xsi:type="Relationship" source="id-3cd78b70b1354fab9fc95337e7eb3b58" target="id-e8a44da66fd145608f971b1847e12be3">
          <style>
            <lineColor r="0" g="0" b="0" />
            <font name="Lucida Grande" size="12">
              <color r="0" g="0" b="0" />
            </font>
          </style>
        </connection>
        <connection identifier="id-ebd5ca88aabd4b2eb718f8782584e86c" relationshipRef="id-c248b07563e64b438ad1a22dcd36f292" xsi:type="Relationship" source="id-8227301734174555b07e14746464bb4f" target="id-5d627543b88346e696fca2f4296433d8">
          <style>
            <lineColor r="0" g="0" b="0" />
            <font name="Lucida Grande" size="12">
              <color r="0" g="0" b="0" />
            </font>
          </style>
        </connection>
        <connection identifier="id-2ca0f695540a4b53a464312e66406297" relationshipRef="id-0bb72ce7db3248f18a6aaa766fd78be1" xsi:type="Relationship" source="id-8227301734174555b07e14746464bb4f" target="id-ec559c4868284b20b5aa7c01df14e359">
          <style>
            <lineColor r="0" g="0" b="0" />
            <font name="Lucida Grande" size="12">
              <color r="0" g="0" b="0" />
            </font>
          </style>
        </connection>
        <connection identifier="id-ae17dc06327e4d20b954936f643e7487" relationshipRef="id-2ce92d82b0bb4f6186df2f4077011fd6" xsi:type="Relationship" source="id-8227301734174555b07e14746464bb4f" target="id-d1d1c850c14f41a3812f4b7621df9abf">
          <style>
            <lineColor r="0" g="0" b="0" />
            <font name="Lucida Grande" size="12">
              <color r="0" g="0" b="0" />
            </font>
          </style>
        </connection>
      </view>
      <view identifier="id-1ddf352e82ed43ee953283449bc3cd38" xsi:type="Diagram">
        <name>Funciones del Negocio</name>
        <node identifier="id-7d7f9eb0d1d74f6bb36390e86de01e9b" elementRef="id-c83c42317b3c405faabd6a0d0de097a8" xsi:type="Element" x="288" y="312" w="120" h="55">
          <style>
            <fillColor r="255" g="255" b="181" a="100" />
            <lineColor r="92" g="92" b="92" a="100" />
            <font name="Lucida Grande" size="12">
              <color r="0" g="0" b="0" />
            </font>
          </style>
        </node>
        <node identifier="id-0900a496603149f38ea04eb1ce46b25a" elementRef="id-fab9f478ad40452eb3becf8cf4f55285" xsi:type="Element" x="744" y="300" w="120" h="55">
          <style>
            <fillColor r="255" g="255" b="181" a="100" />
            <lineColor r="92" g="92" b="92" a="100" />
            <font name="Lucida Grande" size="12">
              <color r="0" g="0" b="0" />
            </font>
          </style>
        </node>
        <node identifier="id-c071b7d66e884f319a5db03ce86fc55f" elementRef="id-603589ddc2df4f94891302f4a19fe537" xsi:type="Element" x="276" y="468" w="120" h="55">
          <style>
            <fillColor r="255" g="255" b="181" a="100" />
            <lineColor r="92" g="92" b="92" a="100" />
            <font name="Lucida Grande" size="12">
              <color r="0" g="0" b="0" />
            </font>
          </style>
        </node>
        <node identifier="id-a9a0b47dc43e4c73ae58d15340cd7e75" elementRef="id-5f693bf6300f45228a82cd0e8057152d" xsi:type="Element" x="732" y="468" w="120" h="55">
          <style>
            <fillColor r="255" g="255" b="181" a="100" />
            <lineColor r="92" g="92" b="92" a="100" />
            <font name="Lucida Grande" size="12">
              <color r="0" g="0" b="0" />
            </font>
          </style>
        </node>
        <node identifier="id-7adebc6fd8d542aab19c87f00917fff1" elementRef="id-f7b6291fac2143b1a30b0d935bfa40ec" xsi:type="Element" x="948" y="300" w="120" h="55">
          <style>
            <fillColor r="255" g="255" b="181" a="100" />
            <lineColor r="92" g="92" b="92" a="100" />
            <font name="Lucida Grande" size="12">
              <color r="0" g="0" b="0" />
            </font>
          </style>
        </node>
        <node identifier="id-e416227de9e54b0a8002fdbf0ae322dd" elementRef="id-9421467ac13d47138177ed58c7161709" xsi:type="Element" x="528" y="300" w="120" h="55">
          <style>
            <fillColor r="255" g="255" b="181" a="100" />
            <lineColor r="92" g="92" b="92" a="100" />
            <font name="Lucida Grande" size="12">
              <color r="0" g="0" b="0" />
            </font>
          </style>
        </node>
        <node identifier="id-a0febe4800bd4b589f18230383034b14" elementRef="id-fb8da73937a44396861923a83b65485b" xsi:type="Element" x="528" y="468" w="120" h="55">
          <style>
            <fillColor r="255" g="255" b="181" a="100" />
            <lineColor r="92" g="92" b="92" a="100" />
            <font name="Lucida Grande" size="12">
              <color r="0" g="0" b="0" />
            </font>
          </style>
        </node>
        <connection identifier="id-09d237cd06ce41288b3ede1d338d3ca9" relationshipRef="id-a030c9a4ed0d43eeac461e8c39516d3e" xsi:type="Relationship" source="id-7d7f9eb0d1d74f6bb36390e86de01e9b" target="id-c071b7d66e884f319a5db03ce86fc55f">
          <style>
            <lineColor r="0" g="0" b="0" />
            <font name="Lucida Grande" size="12">
              <color r="0" g="0" b="0" />
            </font>
          </style>
        </connection>
        <connection identifier="id-4c655f57e9c94d37a4ed674b580b0cb0" relationshipRef="id-454f2dc36bfc485087f063e8179c36cd" xsi:type="Relationship" source="id-0900a496603149f38ea04eb1ce46b25a" target="id-7adebc6fd8d542aab19c87f00917fff1">
          <style>
            <lineColor r="0" g="0" b="0" />
            <font name="Lucida Grande" size="12">
              <color r="0" g="0" b="0" />
            </font>
          </style>
        </connection>
        <connection identifier="id-ce1d42ad4d57427c83f20bebfd35fc1f" relationshipRef="id-8d51c6dd05c14dffa93b2ab3049f300c" xsi:type="Relationship" source="id-0900a496603149f38ea04eb1ce46b25a" target="id-e416227de9e54b0a8002fdbf0ae322dd">
          <style>
            <lineColor r="0" g="0" b="0" />
            <font name="Lucida Grande" size="12">
              <color r="0" g="0" b="0" />
            </font>
          </style>
        </connection>
        <connection identifier="id-0feffd9ad3b84ee7aa265491eb18df9c" relationshipRef="id-b4c0f8f2d3e34c7a92bb3071e8fb6cf4" xsi:type="Relationship" source="id-0900a496603149f38ea04eb1ce46b25a" target="id-a9a0b47dc43e4c73ae58d15340cd7e75">
          <style>
            <lineColor r="0" g="0" b="0" />
            <font name="Lucida Grande" size="12">
              <color r="0" g="0" b="0" />
            </font>
          </style>
        </connection>
        <connection identifier="id-306dcc6b49804d0b9d0fe4c7aa8ef6da" relationshipRef="id-4427860a725b44439c35d908fc69e780" xsi:type="Relationship" source="id-0900a496603149f38ea04eb1ce46b25a" target="id-a0febe4800bd4b589f18230383034b14">
          <style>
            <lineColor r="0" g="0" b="0" />
            <font name="Lucida Grande" size="12">
              <color r="0" g="0" b="0" />
            </font>
          </style>
        </connection>
        <connection identifier="id-4c6b8d7a7bdb4cc48488445cc78dd8f2" relationshipRef="id-67dd247483be461583fdb7544dfb3fb7" xsi:type="Relationship" source="id-e416227de9e54b0a8002fdbf0ae322dd" target="id-7d7f9eb0d1d74f6bb36390e86de01e9b">
          <style>
            <lineColor r="0" g="0" b="0" />
            <font name="Lucida Grande" size="12">
              <color r="0" g="0" b="0" />
            </font>
          </style>
        </connection>
        <connection identifier="id-36d855baf63c4a50b652205cdf313ee6" relationshipRef="id-5ecf4894a81749d09bfe718e4cf908e6" xsi:type="Relationship" source="id-a0febe4800bd4b589f18230383034b14" target="id-c071b7d66e884f319a5db03ce86fc55f">
          <style>
            <lineColor r="0" g="0" b="0" />
            <font name="Lucida Grande" size="12">
              <color r="0" g="0" b="0" />
            </font>
          </style>
        </connection>
      </view>
      <view identifier="id-5c632e345fd142a8b3b32a9da4d0d891" xsi:type="Diagram">
        <name>Procesos de Negocio</name>
        <node identifier="id-c4f83116477241188523233e3062c8c6" elementRef="id-b3bcfdb5ce8c440e93e0131237f20254" xsi:type="Element" x="264" y="180" w="673" h="145">
          <style>
            <fillColor r="255" g="255" b="181" a="100" />
            <lineColor r="92" g="92" b="92" a="100" />
            <font name="Lucida Grande" size="12">
              <color r="0" g="0" b="0" />
            </font>
          </style>
          <node identifier="id-fabe812fc258488b96922b353f3cc805" elementRef="id-68bb84da234e47eea3f37bf791d0816d" xsi:type="Element" x="552" y="240" w="120" h="55">
            <style>
              <fillColor r="255" g="255" b="181" a="100" />
              <lineColor r="92" g="92" b="92" a="100" />
              <font name="Lucida Grande" size="12">
                <color r="0" g="0" b="0" />
              </font>
            </style>
          </node>
          <node identifier="id-fecb853899014c2380853b63a2e78279" elementRef="id-0bc2297f593d43ac9e867e16bf98c00a" xsi:type="Element" x="768" y="240" w="120" h="55">
            <style>
              <fillColor r="255" g="255" b="181" a="100" />
              <lineColor r="92" g="92" b="92" a="100" />
              <font name="Lucida Grande" size="12">
                <color r="0" g="0" b="0" />
              </font>
            </style>
          </node>
          <node identifier="id-88d6dab35460479b83fdb728b796a668" elementRef="id-e95cca1162c44ec18a69f69d9868c31f" xsi:type="Element" x="324" y="240" w="120" h="55">
            <style>
              <fillColor r="255" g="255" b="181" a="100" />
              <lineColor r="92" g="92" b="92" a="100" />
              <font name="Lucida Grande" size="12">
                <color r="0" g="0" b="0" />
              </font>
            </style>
          </node>
        </node>
        <node identifier="id-90a497af87a24e7293c326021f0a4831" elementRef="id-c5b6313b0b964f5f9af67127394b33dd" xsi:type="Element" x="324" y="408" w="120" h="55">
          <style>
            <fillColor r="255" g="255" b="181" a="100" />
            <lineColor r="92" g="92" b="92" a="100" />
            <font name="Lucida Grande" size="12">
              <color r="0" g="0" b="0" />
            </font>
          </style>
        </node>
        <node identifier="id-8896f978766c4b8687a4643191f656c2" elementRef="id-508afce5e79c4f6d87abb2d3b031cc45" xsi:type="Element" x="541" y="408" w="120" h="55">
          <style>
            <fillColor r="255" g="255" b="181" a="100" />
            <lineColor r="92" g="92" b="92" a="100" />
            <font name="Lucida Grande" size="12">
              <color r="0" g="0" b="0" />
            </font>
          </style>
        </node>
        <node identifier="id-c924eabbd5b9438295ba83b4f7ff7265" elementRef="id-5919e9158ffe423583d827978f1bee12" xsi:type="Element" x="768" y="408" w="120" h="55">
          <style>
            <fillColor r="255" g="255" b="181" a="100" />
            <lineColor r="92" g="92" b="92" a="100" />
            <font name="Lucida Grande" size="12">
              <color r="0" g="0" b="0" />
            </font>
          </style>
        </node>
        <connection identifier="id-121137ef5f9945c0b56d407411b1fe09" relationshipRef="id-52f3b6a37f844bfcb390999e5e488bba" xsi:type="Relationship" source="id-c4f83116477241188523233e3062c8c6" target="id-90a497af87a24e7293c326021f0a4831">
          <style>
            <lineColor r="0" g="0" b="0" />
            <font name="Lucida Grande" size="12">
              <color r="0" g="0" b="0" />
            </font>
          </style>
        </connection>
        <connection identifier="id-7f6d7f8d59504f0a8f6096758c568e28" relationshipRef="id-8f7060d56e95472cad9a9abf7326751e" xsi:type="Relationship" source="id-c4f83116477241188523233e3062c8c6" target="id-c924eabbd5b9438295ba83b4f7ff7265">
          <style>
            <lineColor r="0" g="0" b="0" />
            <font name="Lucida Grande" size="12">
              <color r="0" g="0" b="0" />
            </font>
          </style>
        </connection>
        <connection identifier="id-c9579498e8d04b57b65bcfc1b3d3d7d3" relationshipRef="id-04512cfe9c65447ca5fe99c7290aa987" xsi:type="Relationship" source="id-fabe812fc258488b96922b353f3cc805" target="id-fecb853899014c2380853b63a2e78279">
          <style>
            <lineColor r="0" g="0" b="0" />
            <font name="Lucida Grande" size="12">
              <color r="0" g="0" b="0" />
            </font>
          </style>
        </connection>
        <connection identifier="id-2ea92dee10124bebadaf7bbe2585c062" relationshipRef="id-21d8cfb2198b4dcf960fc884bc83c8ea" xsi:type="Relationship" source="id-88d6dab35460479b83fdb728b796a668" target="id-fabe812fc258488b96922b353f3cc805">
          <style>
            <lineColor r="0" g="0" b="0" />
            <font name="Lucida Grande" size="12">
              <color r="0" g="0" b="0" />
            </font>
          </style>
        </connection>
        <connection identifier="id-fa058dc9634249cc9496656b4e5ed616" relationshipRef="id-f66817b5266843ee9538f562bbc69714" xsi:type="Relationship" source="id-8896f978766c4b8687a4643191f656c2" target="id-c4f83116477241188523233e3062c8c6">
          <style>
            <lineColor r="0" g="0" b="0" />
            <font name="Lucida Grande" size="12">
              <color r="0" g="0" b="0" />
            </font>
          </style>
        </connection>
      </view>
      <view identifier="id-60e288ffba0444de8d1f9bdc8b9e91e7" xsi:type="Diagram">
        <name>Cooperacion del Proceso de Negocio</name>
        <node identifier="id-9dff3db8ffff4f2ca711bfc0feaa5f73" elementRef="id-fab9f478ad40452eb3becf8cf4f55285" xsi:type="Element" x="348" y="204" w="120" h="55">
          <style>
            <fillColor r="255" g="255" b="181" a="100" />
            <lineColor r="92" g="92" b="92" a="100" />
            <font name="Lucida Grande" size="12">
              <color r="0" g="0" b="0" />
            </font>
          </style>
        </node>
        <node identifier="id-133e42ced691403cb5c24b5b2678f03f" elementRef="id-c83c42317b3c405faabd6a0d0de097a8" xsi:type="Element" x="696" y="204" w="120" h="55">
          <style>
            <fillColor r="255" g="255" b="181" a="100" />
            <lineColor r="92" g="92" b="92" a="100" />
            <font name="Lucida Grande" size="12">
              <color r="0" g="0" b="0" />
            </font>
          </style>
        </node>
        <node identifier="id-785e224dfaa24b1ebbeb6e8528f109c3" elementRef="id-2f1318ac9f9048bb8c6c4eb82a4fa2e8" xsi:type="Element" x="516" y="84" w="120" h="55">
          <style>
            <fillColor r="255" g="255" b="181" a="100" />
            <lineColor r="92" g="92" b="92" a="100" />
            <font name="Lucida Grande" size="12">
              <color r="0" g="0" b="0" />
            </font>
          </style>
        </node>
        <node identifier="id-6bf0a07ed02b4908b7eb9636c74583cf" elementRef="id-b3bcfdb5ce8c440e93e0131237f20254" xsi:type="Element" x="204" y="324" w="661" h="157">
          <style>
            <fillColor r="255" g="255" b="181" a="100" />
            <lineColor r="92" g="92" b="92" a="100" />
            <font name="Lucida Grande" size="12">
              <color r="0" g="0" b="0" />
            </font>
          </style>
          <node identifier="id-26e5e23cf6ea4185b0aafda80f6f5ed9" elementRef="id-0bc2297f593d43ac9e867e16bf98c00a" xsi:type="Element" x="696" y="390" w="120" h="55">
            <style>
              <fillColor r="255" g="255" b="181" a="100" />
              <lineColor r="92" g="92" b="92" a="100" />
              <font name="Lucida Grande" size="12">
                <color r="0" g="0" b="0" />
              </font>
            </style>
          </node>
          <node identifier="id-d653ded1aa1e40e3a61007909f83a795" elementRef="id-68bb84da234e47eea3f37bf791d0816d" xsi:type="Element" x="468" y="390" w="120" h="55">
            <style>
              <fillColor r="255" g="255" b="181" a="100" />
              <lineColor r="92" g="92" b="92" a="100" />
              <font name="Lucida Grande" size="12">
                <color r="0" g="0" b="0" />
              </font>
            </style>
          </node>
          <node identifier="id-1a7d8940a16a45e1ab1934cb59df8af7" elementRef="id-e95cca1162c44ec18a69f69d9868c31f" xsi:type="Element" x="240" y="390" w="120" h="55">
            <style>
              <fillColor r="255" g="255" b="181" a="100" />
              <lineColor r="92" g="92" b="92" a="100" />
              <font name="Lucida Grande" size="12">
                <color r="0" g="0" b="0" />
              </font>
            </style>
          </node>
        </node>
        <node identifier="id-1117a5947b944b62a393dc0e7aecb501" elementRef="id-c5b6313b0b964f5f9af67127394b33dd" xsi:type="Element" x="36" y="408" w="120" h="55">
          <style>
            <fillColor r="255" g="255" b="181" a="100" />
            <lineColor r="92" g="92" b="92" a="100" />
            <font name="Lucida Grande" size="12">
              <color r="0" g="0" b="0" />
            </font>
          </style>
        </node>
        <connection identifier="id-3fd73e30ed1e48da9e9877413c88041c" relationshipRef="id-0ef1c0456f40496d9e0d2fda76c25971" xsi:type="Relationship" source="id-9dff3db8ffff4f2ca711bfc0feaa5f73" target="id-6bf0a07ed02b4908b7eb9636c74583cf">
          <style>
            <lineColor r="0" g="0" b="0" />
            <font name="Lucida Grande" size="12">
              <color r="0" g="0" b="0" />
            </font>
          </style>
        </connection>
        <connection identifier="id-279a008ca7fd41a0a15ad9750a0cc5d5" relationshipRef="id-9c4b616b0a924e5cb23e17108cd32976" xsi:type="Relationship" source="id-133e42ced691403cb5c24b5b2678f03f" target="id-26e5e23cf6ea4185b0aafda80f6f5ed9">
          <style>
            <lineColor r="0" g="0" b="0" />
            <font name="Lucida Grande" size="12">
              <color r="0" g="0" b="0" />
            </font>
          </style>
        </connection>
        <connection identifier="id-639a01cd1b1b4f1eb67088f33238d5d2" relationshipRef="id-66c309a9702648d5bfeaa1f111ec7347" xsi:type="Relationship" source="id-785e224dfaa24b1ebbeb6e8528f109c3" target="id-9dff3db8ffff4f2ca711bfc0feaa5f73">
          <style>
            <lineColor r="0" g="0" b="0" />
            <font name="Lucida Grande" size="12">
              <color r="0" g="0" b="0" />
            </font>
          </style>
        </connection>
        <connection identifier="id-b684c5cf73794dbf978bbd3e40e2243e" relationshipRef="id-112a0b48b8554267b9c03a5be6738a0b" xsi:type="Relationship" source="id-785e224dfaa24b1ebbeb6e8528f109c3" target="id-133e42ced691403cb5c24b5b2678f03f">
          <style>
            <lineColor r="0" g="0" b="0" />
            <font name="Lucida Grande" size="12">
              <color r="0" g="0" b="0" />
            </font>
          </style>
        </connection>
        <connection identifier="id-20a3a9d28808448dbdde702f0220a3d1" relationshipRef="id-52f3b6a37f844bfcb390999e5e488bba" xsi:type="Relationship" source="id-6bf0a07ed02b4908b7eb9636c74583cf" target="id-1117a5947b944b62a393dc0e7aecb501">
          <style>
            <lineColor r="0" g="0" b="0" />
            <font name="Lucida Grande" size="12">
              <color r="0" g="0" b="0" />
            </font>
          </style>
        </connection>
        <connection identifier="id-b81796558f3d4433a43df8be8f4c3041" relationshipRef="id-04512cfe9c65447ca5fe99c7290aa987" xsi:type="Relationship" source="id-d653ded1aa1e40e3a61007909f83a795" target="id-26e5e23cf6ea4185b0aafda80f6f5ed9">
          <style>
            <lineColor r="0" g="0" b="0" />
            <font name="Lucida Grande" size="12">
              <color r="0" g="0" b="0" />
            </font>
          </style>
        </connection>
        <connection identifier="id-db25eb3bf1d94fdd9c31a96bbef32a38" relationshipRef="id-21d8cfb2198b4dcf960fc884bc83c8ea" xsi:type="Relationship" source="id-1a7d8940a16a45e1ab1934cb59df8af7" target="id-d653ded1aa1e40e3a61007909f83a795">
          <style>
            <lineColor r="0" g="0" b="0" />
            <font name="Lucida Grande" size="12">
              <color r="0" g="0" b="0" />
            </font>
          </style>
        </connection>
      </view>
      <view identifier="id-e0b05097b41d48678f6c21704a396e4e" xsi:type="Diagram">
        <name>Producto</name>
        <node identifier="id-a13f5eb8d40543f783618c10a07d0334" elementRef="id-b3bcfdb5ce8c440e93e0131237f20254" xsi:type="Element" x="240" y="276" w="120" h="55">
          <style>
            <fillColor r="255" g="255" b="181" a="100" />
            <lineColor r="92" g="92" b="92" a="100" />
            <font name="Lucida Grande" size="12">
              <color r="0" g="0" b="0" />
            </font>
          </style>
        </node>
        <node identifier="id-6ab17514518e456f931ae2296c8d44e6" elementRef="id-c5b6313b0b964f5f9af67127394b33dd" xsi:type="Element" x="240" y="156" w="120" h="55">
          <style>
            <fillColor r="255" g="255" b="181" a="100" />
            <lineColor r="92" g="92" b="92" a="100" />
            <font name="Lucida Grande" size="12">
              <color r="0" g="0" b="0" />
            </font>
          </style>
        </node>
        <node identifier="id-25a41a85bfb441c4ba80a5e1b5b856fe" elementRef="id-e6de0468b7fa47d79e371b8b3c42578e" xsi:type="Element" x="468" y="156" w="120" h="55">
          <style>
            <fillColor r="255" g="255" b="181" a="100" />
            <lineColor r="92" g="92" b="92" a="100" />
            <font name="Lucida Grande" size="12">
              <color r="0" g="0" b="0" />
            </font>
          </style>
        </node>
        <node identifier="id-fcfc9e33c59a463db1ab458740401bfc" elementRef="id-5cbf456f1c1248288b558b808a63f5e6" xsi:type="Element" x="396" y="276" w="120" h="55">
          <style>
            <fillColor r="204" g="204" b="255" a="100" />
            <lineColor r="92" g="92" b="92" a="100" />
            <font name="Lucida Grande" size="12">
              <color r="0" g="0" b="0" />
            </font>
          </style>
        </node>
        <node identifier="id-907078fe0a1c47caa73433ebe2544e20" elementRef="id-6c8ffb95bd60498595e43a75e7e197a8" xsi:type="Element" x="540" y="276" w="120" h="55">
          <style>
            <fillColor r="204" g="204" b="255" a="100" />
            <lineColor r="92" g="92" b="92" a="100" />
            <font name="Lucida Grande" size="12">
              <color r="0" g="0" b="0" />
            </font>
          </style>
        </node>
        <node identifier="id-8518a0beb7e74af3809647f35a066305" elementRef="id-7f5b515538b04b2c8b2032fe3bb9e335" xsi:type="Element" x="684" y="156" w="120" h="55">
          <style>
            <fillColor r="255" g="255" b="181" a="100" />
            <lineColor r="92" g="92" b="92" a="100" />
            <font name="Lucida Grande" size="12">
              <color r="0" g="0" b="0" />
            </font>
          </style>
        </node>
        <connection identifier="id-1bc4ac8803be4de3aa7df6677dcec9a7" relationshipRef="id-52f3b6a37f844bfcb390999e5e488bba" xsi:type="Relationship" source="id-a13f5eb8d40543f783618c10a07d0334" target="id-6ab17514518e456f931ae2296c8d44e6">
          <style>
            <lineColor r="0" g="0" b="0" />
            <font name="Lucida Grande" size="12">
              <color r="0" g="0" b="0" />
            </font>
          </style>
        </connection>
        <connection identifier="id-61360faa95564f2ebb115f5b203c3b1f" relationshipRef="id-4a8dc32545e34f8f8ffa44064163735e" xsi:type="Relationship" source="id-25a41a85bfb441c4ba80a5e1b5b856fe" target="id-6ab17514518e456f931ae2296c8d44e6">
          <style>
            <lineColor r="0" g="0" b="0" />
            <font name="Lucida Grande" size="12">
              <color r="0" g="0" b="0" />
            </font>
          </style>
        </connection>
        <connection identifier="id-eeee784ee2614531811032358d9bf30a" relationshipRef="id-53272934cd474483bb7c89b944d05e59" xsi:type="Relationship" source="id-25a41a85bfb441c4ba80a5e1b5b856fe" target="id-8518a0beb7e74af3809647f35a066305">
          <style>
            <lineColor r="0" g="0" b="0" />
            <font name="Lucida Grande" size="12">
              <color r="0" g="0" b="0" />
            </font>
          </style>
        </connection>
        <connection identifier="id-9de0999a4eac4942a950307b02c88e1a" relationshipRef="id-3d2d7df3464a41feb35f626142b4d2aa" xsi:type="Relationship" source="id-fcfc9e33c59a463db1ab458740401bfc" target="id-25a41a85bfb441c4ba80a5e1b5b856fe">
          <style>
            <lineColor r="0" g="0" b="0" />
            <font name="Lucida Grande" size="12">
              <color r="0" g="0" b="0" />
            </font>
          </style>
        </connection>
        <connection identifier="id-308bcc72f97d441384313f8d86bef230" relationshipRef="id-254432fbe2f64dce844a1d4d33998e54" xsi:type="Relationship" source="id-907078fe0a1c47caa73433ebe2544e20" target="id-25a41a85bfb441c4ba80a5e1b5b856fe">
          <style>
            <lineColor r="0" g="0" b="0" />
            <font name="Lucida Grande" size="12">
              <color r="0" g="0" b="0" />
            </font>
          </style>
        </connection>
      </view>
      <view identifier="id-2ee2cd582d354adaba4784d5c46a54af" xsi:type="Diagram">
        <name>Comportamiento de Aplicacion</name>
        <node identifier="id-65927c0fdc624103ad80b4e70b906c33" elementRef="id-54ea6403e9134e8bb4b1f908cbc2b8b1" xsi:type="Element" x="504" y="108" w="120" h="55">
          <style>
            <fillColor r="181" g="255" b="255" a="100" />
            <lineColor r="92" g="92" b="92" a="100" />
            <font name="Lucida Grande" size="12">
              <color r="0" g="0" b="0" />
            </font>
          </style>
        </node>
        <node identifier="id-53e3da40ceef489aa29c6fa532639a7c" elementRef="id-6cdecb26917446a8a5c8455db366182a" xsi:type="Element" x="672" y="108" w="120" h="55">
          <style>
            <fillColor r="181" g="255" b="255" a="100" />
            <lineColor r="92" g="92" b="92" a="100" />
            <font name="Lucida Grande" size="12">
              <color r="0" g="0" b="0" />
            </font>
          </style>
        </node>
        <node identifier="id-dc1934a33d084d0eb45de14c6fbeb71e" elementRef="id-6a3529404c1648d18f25e91411c94d99" xsi:type="Element" x="528" y="234" w="120" h="55">
          <style>
            <fillColor r="181" g="255" b="255" a="100" />
            <lineColor r="92" g="92" b="92" a="100" />
            <font name="Lucida Grande" size="12">
              <color r="0" g="0" b="0" />
            </font>
          </style>
        </node>
        <node identifier="id-9cbeb1ea511d4ccdad8001d2ffdc2c32" elementRef="id-eac68ef5ad44439391701859561f107d" xsi:type="Element" x="840" y="234" w="120" h="55">
          <style>
            <fillColor r="181" g="255" b="255" a="100" />
            <lineColor r="92" g="92" b="92" a="100" />
            <font name="Lucida Grande" size="12">
              <color r="0" g="0" b="0" />
            </font>
          </style>
        </node>
        <node identifier="id-ddec6c8d7cca4753b261a817e6331da4" elementRef="id-c9d3e856e0fb4db2b76487d1c1727dfd" xsi:type="Element" x="672" y="234" w="120" h="55">
          <style>
            <fillColor r="181" g="255" b="255" a="100" />
            <lineColor r="92" g="92" b="92" a="100" />
            <font name="Lucida Grande" size="12">
              <color r="0" g="0" b="0" />
            </font>
          </style>
        </node>
        <node identifier="id-e67fcf63125049228e26ed3274fbdf03" elementRef="id-cd4a03215fa34c6d9a82bee9a28395f4" xsi:type="Element" x="372" y="234" w="120" h="55">
          <style>
            <fillColor r="181" g="255" b="255" a="100" />
            <lineColor r="92" g="92" b="92" a="100" />
            <font name="Lucida Grande" size="12">
              <color r="0" g="0" b="0" />
            </font>
          </style>
        </node>
        <node identifier="id-3129d00216b34ce8a593d3fe62fda1ac" elementRef="id-56e22509390f4f00834d2f9d0f8f7f99" xsi:type="Element" x="840" y="108" w="120" h="55">
          <style>
            <fillColor r="181" g="255" b="255" a="100" />
            <lineColor r="92" g="92" b="92" a="100" />
            <font name="Lucida Grande" size="12">
              <color r="0" g="0" b="0" />
            </font>
          </style>
        </node>
        <node identifier="id-5a02dcb702984a5c86691bf2f924a3e1" elementRef="id-91006a3437df4127a056999512a5480d" xsi:type="Element" x="528" y="348" w="120" h="55">
          <style>
            <fillColor r="181" g="255" b="255" a="100" />
            <lineColor r="92" g="92" b="92" a="100" />
            <font name="Lucida Grande" size="12">
              <color r="0" g="0" b="0" />
            </font>
          </style>
        </node>
        <node identifier="id-1501f9c1ce15440ea20f6e74849f82dd" elementRef="id-73711d572abe426b9f673a86a3bbbd31" xsi:type="Element" x="840" y="348" w="120" h="55">
          <style>
            <fillColor r="181" g="255" b="255" a="100" />
            <lineColor r="92" g="92" b="92" a="100" />
            <font name="Lucida Grande" size="12">
              <color r="0" g="0" b="0" />
            </font>
          </style>
        </node>
        <node identifier="id-10f9198fa95c4944b5ca8c4c68e42992" elementRef="id-443bf0d678884e03915f14bb118af143" xsi:type="Element" x="372" y="348" w="120" h="55">
          <style>
            <fillColor r="181" g="255" b="255" a="100" />
            <lineColor r="92" g="92" b="92" a="100" />
            <font name="Lucida Grande" size="12">
              <color r="0" g="0" b="0" />
            </font>
          </style>
        </node>
        <node identifier="id-8d4b489e910842079d22b2dadda1418b" elementRef="id-46676feaee4c4f76af66c358cb96f1ab" xsi:type="Element" x="683" y="348" w="120" h="55">
          <style>
            <fillColor r="181" g="255" b="255" a="100" />
            <lineColor r="92" g="92" b="92" a="100" />
            <font name="Lucida Grande" size="12">
              <color r="0" g="0" b="0" />
            </font>
          </style>
        </node>
        <connection identifier="id-04ed1f56f01e46c9857447d6990241f4" relationshipRef="id-e0c8f4f1cb0d40088d125d4097d38b4b" xsi:type="Relationship" source="id-53e3da40ceef489aa29c6fa532639a7c" target="id-3129d00216b34ce8a593d3fe62fda1ac">
          <style>
            <lineColor r="0" g="0" b="0" />
            <font name="Lucida Grande" size="12">
              <color r="0" g="0" b="0" />
            </font>
          </style>
        </connection>
        <connection identifier="id-4aa493b970ef4f418541251b0556baea" relationshipRef="id-1695408166bf4147976b93062dc211de" xsi:type="Relationship" source="id-53e3da40ceef489aa29c6fa532639a7c" target="id-65927c0fdc624103ad80b4e70b906c33">
          <style>
            <lineColor r="0" g="0" b="0" />
            <font name="Lucida Grande" size="12">
              <color r="0" g="0" b="0" />
            </font>
          </style>
        </connection>
        <connection identifier="id-e8f93d7dd91e4b399a71bcb03f93f300" relationshipRef="id-a8bfdb18e923499aa863aa8d8bf9476f" xsi:type="Relationship" source="id-dc1934a33d084d0eb45de14c6fbeb71e" target="id-5a02dcb702984a5c86691bf2f924a3e1">
          <style>
            <lineColor r="0" g="0" b="0" />
            <font name="Lucida Grande" size="12">
              <color r="0" g="0" b="0" />
            </font>
          </style>
        </connection>
        <connection identifier="id-f8cca95259b3492687d00449e9a0c2d0" relationshipRef="id-29cb65130f4342ddaf3b836b463fcb01" xsi:type="Relationship" source="id-dc1934a33d084d0eb45de14c6fbeb71e" target="id-53e3da40ceef489aa29c6fa532639a7c">
          <style>
            <lineColor r="0" g="0" b="0" />
            <font name="Lucida Grande" size="12">
              <color r="0" g="0" b="0" />
            </font>
          </style>
        </connection>
        <connection identifier="id-ddac628e03db4e7a8be2201f706e03d0" relationshipRef="id-88f4090d2d1b4645ab88614354dfc5a8" xsi:type="Relationship" source="id-9cbeb1ea511d4ccdad8001d2ffdc2c32" target="id-1501f9c1ce15440ea20f6e74849f82dd">
          <style>
            <lineColor r="0" g="0" b="0" />
            <font name="Lucida Grande" size="12">
              <color r="0" g="0" b="0" />
            </font>
          </style>
        </connection>
        <connection identifier="id-ded0b026520c4527825e43d61054773d" relationshipRef="id-5f98bed00f5b41e6914f30e0c0f3ef04" xsi:type="Relationship" source="id-ddec6c8d7cca4753b261a817e6331da4" target="id-5a02dcb702984a5c86691bf2f924a3e1">
          <style>
            <lineColor r="0" g="0" b="0" />
            <font name="Lucida Grande" size="12">
              <color r="0" g="0" b="0" />
            </font>
          </style>
        </connection>
        <connection identifier="id-c6e945433d564552b088ef492648e538" relationshipRef="id-fd55325dcc784162abc57c56697b29da" xsi:type="Relationship" source="id-ddec6c8d7cca4753b261a817e6331da4" target="id-1501f9c1ce15440ea20f6e74849f82dd">
          <style>
            <lineColor r="0" g="0" b="0" />
            <font name="Lucida Grande" size="12">
              <color r="0" g="0" b="0" />
            </font>
          </style>
        </connection>
        <connection identifier="id-390b9af8e7934d668f15b169de8e7ec9" relationshipRef="id-14092cc265054bd69f9e154dad07d274" xsi:type="Relationship" source="id-ddec6c8d7cca4753b261a817e6331da4" target="id-8d4b489e910842079d22b2dadda1418b">
          <style>
            <lineColor r="0" g="0" b="0" />
            <font name="Lucida Grande" size="12">
              <color r="0" g="0" b="0" />
            </font>
          </style>
        </connection>
        <connection identifier="id-3c247cb42317430f898e3ab85508ac4f" relationshipRef="id-f73a732825774b62aa60d9669141cbc3" xsi:type="Relationship" source="id-ddec6c8d7cca4753b261a817e6331da4" target="id-10f9198fa95c4944b5ca8c4c68e42992">
          <style>
            <lineColor r="0" g="0" b="0" />
            <font name="Lucida Grande" size="12">
              <color r="0" g="0" b="0" />
            </font>
          </style>
        </connection>
        <connection identifier="id-b4194197e9054d0c8a2a17e0ab6b89a2" relationshipRef="id-05d90dbd01c14b3b896448e4daa55778" xsi:type="Relationship" source="id-ddec6c8d7cca4753b261a817e6331da4" target="id-53e3da40ceef489aa29c6fa532639a7c">
          <style>
            <lineColor r="0" g="0" b="0" />
            <font name="Lucida Grande" size="12">
              <color r="0" g="0" b="0" />
            </font>
          </style>
        </connection>
        <connection identifier="id-fc3d4c79caab4557b3a6abe87806aac8" relationshipRef="id-46c87fb91b904e2289fed8dfebe5da2b" xsi:type="Relationship" source="id-e67fcf63125049228e26ed3274fbdf03" target="id-10f9198fa95c4944b5ca8c4c68e42992">
          <style>
            <lineColor r="0" g="0" b="0" />
            <font name="Lucida Grande" size="12">
              <color r="0" g="0" b="0" />
            </font>
          </style>
        </connection>
      </view>
      <view identifier="id-69355b62677a4bcdbcb60e12cecc993b" xsi:type="Diagram">
        <name>Cooperacion de Aplicacion</name>
        <node identifier="id-8da4eaf84dc144bf8146cedc1c2245b1" elementRef="id-d8b54fddf5c648f39b6759bd99b3b31c" xsi:type="Element" x="72" y="132" w="421" h="241">
          <style>
            <fillColor r="237" g="207" b="226" a="100" />
            <lineColor r="92" g="92" b="92" a="100" />
            <font name="Lucida Grande" size="12">
              <color r="0" g="0" b="0" />
            </font>
          </style>
          <node identifier="id-5922f64013be4ff8ade557bf85f40f2f" elementRef="id-54ea6403e9134e8bb4b1f908cbc2b8b1" xsi:type="Element" x="180" y="288" w="120" h="55">
            <style>
              <fillColor r="181" g="255" b="255" a="100" />
              <lineColor r="92" g="92" b="92" a="100" />
              <font name="Lucida Grande" size="12">
                <color r="0" g="0" b="0" />
              </font>
            </style>
          </node>
        </node>
        <node identifier="id-9bb1caed0925412bbb141084d12b6430" elementRef="id-e0fdb3744a9a4987b1ab980d3f68a940" xsi:type="Element" x="552" y="132" w="505" h="241">
          <style>
            <fillColor r="237" g="207" b="226" a="100" />
            <lineColor r="92" g="92" b="92" a="100" />
            <font name="Lucida Grande" size="12">
              <color r="0" g="0" b="0" />
            </font>
          </style>
          <node identifier="id-569c084ef6c84418a4b1bb3ad4729278" elementRef="id-6a3529404c1648d18f25e91411c94d99" xsi:type="Element" x="613" y="157" w="120" h="55">
            <style>
              <fillColor r="181" g="255" b="255" a="100" />
              <lineColor r="92" g="92" b="92" a="100" />
              <font name="Lucida Grande" size="12">
                <color r="0" g="0" b="0" />
              </font>
            </style>
          </node>
          <node identifier="id-d28e3940f3fa481abee3f80213cd5511" elementRef="id-cd4a03215fa34c6d9a82bee9a28395f4" xsi:type="Element" x="840" y="157" w="120" h="55">
            <style>
              <fillColor r="181" g="255" b="255" a="100" />
              <lineColor r="92" g="92" b="92" a="100" />
              <font name="Lucida Grande" size="12">
                <color r="0" g="0" b="0" />
              </font>
            </style>
          </node>
          <node identifier="id-60b43c56a4bd44e7a1fcd6f5dd9197a8" elementRef="id-c9d3e856e0fb4db2b76487d1c1727dfd" xsi:type="Element" x="612" y="240" w="120" h="55">
            <style>
              <fillColor r="181" g="255" b="255" a="100" />
              <lineColor r="92" g="92" b="92" a="100" />
              <font name="Lucida Grande" size="12">
                <color r="0" g="0" b="0" />
              </font>
            </style>
          </node>
          <node identifier="id-d19a606767c84f89ad65dcc949b2ed22" elementRef="id-eac68ef5ad44439391701859561f107d" xsi:type="Element" x="612" y="312" w="120" h="55">
            <style>
              <fillColor r="181" g="255" b="255" a="100" />
              <lineColor r="92" g="92" b="92" a="100" />
              <font name="Lucida Grande" size="12">
                <color r="0" g="0" b="0" />
              </font>
            </style>
          </node>
          <node identifier="id-41c3323bec4f452bbe91da36a25db9cb" elementRef="id-6cdecb26917446a8a5c8455db366182a" xsi:type="Element" x="840" y="240" w="120" h="55">
            <style>
              <fillColor r="181" g="255" b="255" a="100" />
              <lineColor r="92" g="92" b="92" a="100" />
              <font name="Lucida Grande" size="12">
                <color r="0" g="0" b="0" />
              </font>
            </style>
          </node>
        </node>
        <connection identifier="id-eba8c186d7c44cbfb88d01319488085a" relationshipRef="id-6daeee210c8a4d45a6a2e0bf0e53bc4c" xsi:type="Relationship" source="id-9bb1caed0925412bbb141084d12b6430" target="id-8da4eaf84dc144bf8146cedc1c2245b1">
          <style>
            <lineColor r="0" g="0" b="0" />
            <font name="Lucida Grande" size="12">
              <color r="0" g="0" b="0" />
            </font>
          </style>
        </connection>
        <connection identifier="id-026562797c3b4ca59a10a00546c8366f" relationshipRef="id-29cb65130f4342ddaf3b836b463fcb01" xsi:type="Relationship" source="id-569c084ef6c84418a4b1bb3ad4729278" target="id-41c3323bec4f452bbe91da36a25db9cb">
          <style>
            <lineColor r="0" g="0" b="0" />
            <font name="Lucida Grande" size="12">
              <color r="0" g="0" b="0" />
            </font>
          </style>
        </connection>
        <connection identifier="id-6b7ea2879f964783bcfe7bbafae70a54" relationshipRef="id-05d90dbd01c14b3b896448e4daa55778" xsi:type="Relationship" source="id-60b43c56a4bd44e7a1fcd6f5dd9197a8" target="id-41c3323bec4f452bbe91da36a25db9cb">
          <style>
            <lineColor r="0" g="0" b="0" />
            <font name="Lucida Grande" size="12">
              <color r="0" g="0" b="0" />
            </font>
          </style>
        </connection>
        <connection identifier="id-27e1d257b6aa428db8652a5f6cb01587" relationshipRef="id-a18ad84c527549908a496c3ffb20ce13" xsi:type="Relationship" source="id-d19a606767c84f89ad65dcc949b2ed22" target="id-41c3323bec4f452bbe91da36a25db9cb">
          <style>
            <lineColor r="0" g="0" b="0" />
            <font name="Lucida Grande" size="12">
              <color r="0" g="0" b="0" />
            </font>
          </style>
        </connection>
      </view>
      <view identifier="id-2b5129b5feb74ae2bb3793ee1394856f" xsi:type="Diagram">
        <name>Estructura de Aplicacion</name>
        <node identifier="id-3e6ed4cbb61645cd9d1c0c1f673ebecd" elementRef="id-6cdecb26917446a8a5c8455db366182a" xsi:type="Element" x="480" y="132" w="120" h="55">
          <style>
            <fillColor r="181" g="255" b="255" a="100" />
            <lineColor r="92" g="92" b="92" a="100" />
            <font name="Lucida Grande" size="12">
              <color r="0" g="0" b="0" />
            </font>
          </style>
        </node>
        <node identifier="id-b7b9d2ecb64648618d822e8235d03a24" elementRef="id-6a3529404c1648d18f25e91411c94d99" xsi:type="Element" x="661" y="132" w="120" h="55">
          <style>
            <fillColor r="181" g="255" b="255" a="100" />
            <lineColor r="92" g="92" b="92" a="100" />
            <font name="Lucida Grande" size="12">
              <color r="0" g="0" b="0" />
            </font>
          </style>
        </node>
        <node identifier="id-5f6d7867c72f435db023ff22ea1d1df8" elementRef="id-cd4a03215fa34c6d9a82bee9a28395f4" xsi:type="Element" x="311" y="132" w="120" h="55">
          <style>
            <fillColor r="181" g="255" b="255" a="100" />
            <lineColor r="92" g="92" b="92" a="100" />
            <font name="Lucida Grande" size="12">
              <color r="0" g="0" b="0" />
            </font>
          </style>
        </node>
        <node identifier="id-d11c1c4162eb404491f1f26a181d8064" elementRef="id-c9d3e856e0fb4db2b76487d1c1727dfd" xsi:type="Element" x="311" y="468" w="120" h="55">
          <style>
            <fillColor r="181" g="255" b="255" a="100" />
            <lineColor r="92" g="92" b="92" a="100" />
            <font name="Lucida Grande" size="12">
              <color r="0" g="0" b="0" />
            </font>
          </style>
        </node>
        <node identifier="id-3cca9cd6c69948d985bb7e361f0d0254" elementRef="id-eac68ef5ad44439391701859561f107d" xsi:type="Element" x="661" y="468" w="120" h="55">
          <style>
            <fillColor r="181" g="255" b="255" a="100" />
            <lineColor r="92" g="92" b="92" a="100" />
            <font name="Lucida Grande" size="12">
              <color r="0" g="0" b="0" />
            </font>
          </style>
        </node>
        <node identifier="id-b6d044e5e59d425f8dd679e277f08522" elementRef="id-54ea6403e9134e8bb4b1f908cbc2b8b1" xsi:type="Element" x="480" y="360" w="120" h="55">
          <style>
            <fillColor r="181" g="255" b="255" a="100" />
            <lineColor r="92" g="92" b="92" a="100" />
            <font name="Lucida Grande" size="12">
              <color r="0" g="0" b="0" />
            </font>
          </style>
        </node>
        <node identifier="id-82b3959df3f44dce98b8b8e0c26ba860" elementRef="id-8ff334811250408aa2eb92d072aba28e" xsi:type="Element" x="661" y="360" w="120" h="55">
          <style>
            <fillColor r="181" g="255" b="255" a="100" />
            <lineColor r="92" g="92" b="92" a="100" />
            <font name="Lucida Grande" size="12">
              <color r="0" g="0" b="0" />
            </font>
          </style>
        </node>
        <node identifier="id-e6fe1d87a9624152909ce6f83127772c" elementRef="id-f9ed13bc48d74287848804d7032182b9" xsi:type="Element" x="311" y="360" w="120" h="55">
          <style>
            <fillColor r="181" g="255" b="255" a="100" />
            <lineColor r="92" g="92" b="92" a="100" />
            <font name="Lucida Grande" size="12">
              <color r="0" g="0" b="0" />
            </font>
          </style>
        </node>
        <node identifier="id-157abb0b2fb34f1e89992845a0820b27" elementRef="id-4851f8944cb54890992b6ea24db95c2a" xsi:type="Element" x="480" y="252" w="120" h="55">
          <style>
            <fillColor r="181" g="255" b="255" a="100" />
            <lineColor r="92" g="92" b="92" a="100" />
            <font name="Lucida Grande" size="12">
              <color r="0" g="0" b="0" />
            </font>
          </style>
        </node>
        <node identifier="id-7a4cdf50ae394fbd88ca36a1803a03e5" elementRef="id-6f229983afe048169da29df326458443" xsi:type="Element" x="661" y="252" w="120" h="55">
          <style>
            <fillColor r="181" g="255" b="255" a="100" />
            <lineColor r="92" g="92" b="92" a="100" />
            <font name="Lucida Grande" size="12">
              <color r="0" g="0" b="0" />
            </font>
          </style>
        </node>
        <node identifier="id-916370282a83446d8f46483657e8731b" elementRef="id-a676c8f5f37b46b0b3838fac1933114d" xsi:type="Element" x="311" y="252" w="120" h="55">
          <style>
            <fillColor r="181" g="255" b="255" a="100" />
            <lineColor r="92" g="92" b="92" a="100" />
            <font name="Lucida Grande" size="12">
              <color r="0" g="0" b="0" />
            </font>
          </style>
        </node>
        <connection identifier="id-ab825e3e80004d65bdc6755824f69e55" relationshipRef="id-53f692af0eb045b5bf1b582f08612645" xsi:type="Relationship" source="id-3e6ed4cbb61645cd9d1c0c1f673ebecd" target="id-157abb0b2fb34f1e89992845a0820b27">
          <style>
            <lineColor r="0" g="0" b="0" />
            <font name="Lucida Grande" size="12">
              <color r="0" g="0" b="0" />
            </font>
          </style>
        </connection>
        <connection identifier="id-29dcbdc868634e19ad3cd7f91d0ff367" relationshipRef="id-53381ed90b3c4d3aa7591c7f13bb70c5" xsi:type="Relationship" source="id-5f6d7867c72f435db023ff22ea1d1df8" target="id-916370282a83446d8f46483657e8731b">
          <style>
            <lineColor r="0" g="0" b="0" />
            <font name="Lucida Grande" size="12">
              <color r="0" g="0" b="0" />
            </font>
          </style>
        </connection>
        <connection identifier="id-5385a1328cf34f5c81b81a3a5a950693" relationshipRef="id-4750330e094d4b2f8bc6eee94fb8d6ea" xsi:type="Relationship" source="id-d11c1c4162eb404491f1f26a181d8064" target="id-e6fe1d87a9624152909ce6f83127772c">
          <style>
            <lineColor r="0" g="0" b="0" />
            <font name="Lucida Grande" size="12">
              <color r="0" g="0" b="0" />
            </font>
          </style>
        </connection>
        <connection identifier="id-7b384f83fcf9451a953847e87b960922" relationshipRef="id-aa239b4ef80c449397fbcb3995fd889e" xsi:type="Relationship" source="id-3cca9cd6c69948d985bb7e361f0d0254" target="id-82b3959df3f44dce98b8b8e0c26ba860">
          <style>
            <lineColor r="0" g="0" b="0" />
            <font name="Lucida Grande" size="12">
              <color r="0" g="0" b="0" />
            </font>
          </style>
        </connection>
        <connection identifier="id-b2b2e4340695451fba4c8eecb39d302f" relationshipRef="id-9db97e62ed7941d5aca96bfd90364719" xsi:type="Relationship" source="id-b6d044e5e59d425f8dd679e277f08522" target="id-82b3959df3f44dce98b8b8e0c26ba860">
          <style>
            <lineColor r="0" g="0" b="0" />
            <font name="Lucida Grande" size="12">
              <color r="0" g="0" b="0" />
            </font>
          </style>
        </connection>
        <connection identifier="id-aa8839c82bc94580a7a3755fc56a77ee" relationshipRef="id-cbda95d35614413badb4ba4551382b52" xsi:type="Relationship" source="id-b6d044e5e59d425f8dd679e277f08522" target="id-7a4cdf50ae394fbd88ca36a1803a03e5">
          <style>
            <lineColor r="0" g="0" b="0" />
            <font name="Lucida Grande" size="12">
              <color r="0" g="0" b="0" />
            </font>
          </style>
        </connection>
        <connection identifier="id-4bd30e43c82643c89d26a98ca48d87a3" relationshipRef="id-c95fc9ee72644bf7ac54299d1e3a81b7" xsi:type="Relationship" source="id-e6fe1d87a9624152909ce6f83127772c" target="id-b6d044e5e59d425f8dd679e277f08522">
          <style>
            <lineColor r="0" g="0" b="0" />
            <font name="Lucida Grande" size="12">
              <color r="0" g="0" b="0" />
            </font>
          </style>
        </connection>
        <connection identifier="id-6acb999b60f94b2d880f3bedaea642a2" relationshipRef="id-f2f8660c4810468097b58d35d9072f3b" xsi:type="Relationship" source="id-157abb0b2fb34f1e89992845a0820b27" target="id-b6d044e5e59d425f8dd679e277f08522">
          <style>
            <lineColor r="0" g="0" b="0" />
            <font name="Lucida Grande" size="12">
              <color r="0" g="0" b="0" />
            </font>
          </style>
        </connection>
        <connection identifier="id-cc70bd7e07904ca3801a241f53e9f0f1" relationshipRef="id-02c3ea79ea1f417a8dcf42694df0df61" xsi:type="Relationship" source="id-7a4cdf50ae394fbd88ca36a1803a03e5" target="id-b7b9d2ecb64648618d822e8235d03a24">
          <style>
            <lineColor r="0" g="0" b="0" />
            <font name="Lucida Grande" size="12">
              <color r="0" g="0" b="0" />
            </font>
          </style>
        </connection>
        <connection identifier="id-63f9f81385494b51af808e209f7c3cd3" relationshipRef="id-114332883b8a44d0a17d7dbf20b873c4" xsi:type="Relationship" source="id-916370282a83446d8f46483657e8731b" target="id-b6d044e5e59d425f8dd679e277f08522">
          <style>
            <lineColor r="0" g="0" b="0" />
            <font name="Lucida Grande" size="12">
              <color r="0" g="0" b="0" />
            </font>
          </style>
        </connection>
      </view>
      <view identifier="id-9d06466102b34117b34be1d65df0ae54" xsi:type="Diagram">
        <name>Uso de Aplicacion</name>
        <node identifier="id-e32b0015ebad4c2aa089fbfcde9d6bba" elementRef="id-b3bcfdb5ce8c440e93e0131237f20254" xsi:type="Element" x="264" y="276" w="120" h="55">
          <style>
            <fillColor r="255" g="255" b="181" a="100" />
            <lineColor r="92" g="92" b="92" a="100" />
            <font name="Lucida Grande" size="12">
              <color r="0" g="0" b="0" />
            </font>
          </style>
        </node>
        <node identifier="id-c1ae925949014a0fafe2254759911861" elementRef="id-68bb84da234e47eea3f37bf791d0816d" xsi:type="Element" x="528" y="276" w="120" h="55">
          <style>
            <fillColor r="255" g="255" b="181" a="100" />
            <lineColor r="92" g="92" b="92" a="100" />
            <font name="Lucida Grande" size="12">
              <color r="0" g="0" b="0" />
            </font>
          </style>
        </node>
        <node identifier="id-9bb4610f4f7b43a8acb3c9426e2d5db4" elementRef="id-c83c42317b3c405faabd6a0d0de097a8" xsi:type="Element" x="264" y="180" w="120" h="55">
          <style>
            <fillColor r="255" g="255" b="181" a="100" />
            <lineColor r="92" g="92" b="92" a="100" />
            <font name="Lucida Grande" size="12">
              <color r="0" g="0" b="0" />
            </font>
          </style>
        </node>
        <node identifier="id-9a0cbfbc2383428793281c447832a123" elementRef="id-fab9f478ad40452eb3becf8cf4f55285" xsi:type="Element" x="528" y="180" w="120" h="55">
          <style>
            <fillColor r="255" g="255" b="181" a="100" />
            <lineColor r="92" g="92" b="92" a="100" />
            <font name="Lucida Grande" size="12">
              <color r="0" g="0" b="0" />
            </font>
          </style>
        </node>
        <node identifier="id-d361a932ab784ea58e20bb57cb046899" elementRef="id-2f1318ac9f9048bb8c6c4eb82a4fa2e8" xsi:type="Element" x="396" y="96" w="120" h="55">
          <style>
            <fillColor r="255" g="255" b="181" a="100" />
            <lineColor r="92" g="92" b="92" a="100" />
            <font name="Lucida Grande" size="12">
              <color r="0" g="0" b="0" />
            </font>
          </style>
        </node>
        <node identifier="id-14ea8d0fd36b499bbd68dd4185c6ad2d" elementRef="id-c9d3e856e0fb4db2b76487d1c1727dfd" xsi:type="Element" x="264" y="492" w="120" h="55">
          <style>
            <fillColor r="181" g="255" b="255" a="100" />
            <lineColor r="92" g="92" b="92" a="100" />
            <font name="Lucida Grande" size="12">
              <color r="0" g="0" b="0" />
            </font>
          </style>
        </node>
        <node identifier="id-743916e4061b4187af5ed89d74a93e71" elementRef="id-6a3529404c1648d18f25e91411c94d99" xsi:type="Element" x="528" y="492" w="120" h="55">
          <style>
            <fillColor r="181" g="255" b="255" a="100" />
            <lineColor r="92" g="92" b="92" a="100" />
            <font name="Lucida Grande" size="12">
              <color r="0" g="0" b="0" />
            </font>
          </style>
        </node>
        <node identifier="id-253654e9bbd246c08003564b64e6a897" elementRef="id-08174f5e6e674ac687939258d57fcc23" xsi:type="Element" x="264" y="386" w="120" h="55">
          <style>
            <fillColor r="181" g="255" b="255" a="100" />
            <lineColor r="92" g="92" b="92" a="100" />
            <font name="Lucida Grande" size="12">
              <color r="0" g="0" b="0" />
            </font>
          </style>
        </node>
        <node identifier="id-0f94b9027ceb4cc7a8c407d714b54b6e" elementRef="id-464ad678be844d9c9cc0dfb3f2ed4ac8" xsi:type="Element" x="528" y="386" w="120" h="55">
          <style>
            <fillColor r="181" g="255" b="255" a="100" />
            <lineColor r="92" g="92" b="92" a="100" />
            <font name="Lucida Grande" size="12">
              <color r="0" g="0" b="0" />
            </font>
          </style>
        </node>
        <connection identifier="id-8c56b7c0061b46e1a2d4b7154996f64e" relationshipRef="id-42027c980c1e4f55970f2b59225e0c4f" xsi:type="Relationship" source="id-e32b0015ebad4c2aa089fbfcde9d6bba" target="id-c1ae925949014a0fafe2254759911861">
          <style>
            <lineColor r="0" g="0" b="0" />
            <font name="Lucida Grande" size="12">
              <color r="0" g="0" b="0" />
            </font>
          </style>
        </connection>
        <connection identifier="id-cd4f1e7f61814acaa39687a73c16cc62" relationshipRef="id-66624b94b03f4c9eb79ec5c5b8c3ff6b" xsi:type="Relationship" source="id-c1ae925949014a0fafe2254759911861" target="id-9a0cbfbc2383428793281c447832a123">
          <style>
            <lineColor r="0" g="0" b="0" />
            <font name="Lucida Grande" size="12">
              <color r="0" g="0" b="0" />
            </font>
          </style>
        </connection>
        <connection identifier="id-71119a05e83946ef95fcfbe714d60c1d" relationshipRef="id-916dc9ac01bb406687650970535d12cf" xsi:type="Relationship" source="id-9bb4610f4f7b43a8acb3c9426e2d5db4" target="id-e32b0015ebad4c2aa089fbfcde9d6bba">
          <style>
            <lineColor r="0" g="0" b="0" />
            <font name="Lucida Grande" size="12">
              <color r="0" g="0" b="0" />
            </font>
          </style>
        </connection>
        <connection identifier="id-89f8ce24c1c842efae22651e1be4ab8e" relationshipRef="id-66c309a9702648d5bfeaa1f111ec7347" xsi:type="Relationship" source="id-d361a932ab784ea58e20bb57cb046899" target="id-9a0cbfbc2383428793281c447832a123">
          <style>
            <lineColor r="0" g="0" b="0" />
            <font name="Lucida Grande" size="12">
              <color r="0" g="0" b="0" />
            </font>
          </style>
        </connection>
        <connection identifier="id-cf5f7e21058d4253b1e7524fc5c74ed3" relationshipRef="id-112a0b48b8554267b9c03a5be6738a0b" xsi:type="Relationship" source="id-d361a932ab784ea58e20bb57cb046899" target="id-9bb4610f4f7b43a8acb3c9426e2d5db4">
          <style>
            <lineColor r="0" g="0" b="0" />
            <font name="Lucida Grande" size="12">
              <color r="0" g="0" b="0" />
            </font>
          </style>
        </connection>
        <connection identifier="id-7ccbb9533aae4111ab72209137be6a75" relationshipRef="id-6e47f0eb7e8b4a37a646e9ed5699beab" xsi:type="Relationship" source="id-14ea8d0fd36b499bbd68dd4185c6ad2d" target="id-253654e9bbd246c08003564b64e6a897">
          <style>
            <lineColor r="0" g="0" b="0" />
            <font name="Lucida Grande" size="12">
              <color r="0" g="0" b="0" />
            </font>
          </style>
        </connection>
        <connection identifier="id-67a4c94ac7b64fc08d1e56c702dd423a" relationshipRef="id-8782551d6a7447eeb6a85d4cd285198b" xsi:type="Relationship" source="id-743916e4061b4187af5ed89d74a93e71" target="id-0f94b9027ceb4cc7a8c407d714b54b6e">
          <style>
            <lineColor r="0" g="0" b="0" />
            <font name="Lucida Grande" size="12">
              <color r="0" g="0" b="0" />
            </font>
          </style>
        </connection>
        <connection identifier="id-2e6a2e7215024436a1ada47a36234d6a" relationshipRef="id-9cc25220437f48e09f69011592508020" xsi:type="Relationship" source="id-253654e9bbd246c08003564b64e6a897" target="id-e32b0015ebad4c2aa089fbfcde9d6bba">
          <style>
            <lineColor r="0" g="0" b="0" />
            <font name="Lucida Grande" size="12">
              <color r="0" g="0" b="0" />
            </font>
          </style>
        </connection>
        <connection identifier="id-0f1e178972c14513894621975c5bf645" relationshipRef="id-6373aced36e84f7c88346d9a5f386877" xsi:type="Relationship" source="id-0f94b9027ceb4cc7a8c407d714b54b6e" target="id-c1ae925949014a0fafe2254759911861">
          <style>
            <lineColor r="0" g="0" b="0" />
            <font name="Lucida Grande" size="12">
              <color r="0" g="0" b="0" />
            </font>
          </style>
        </connection>
      </view>
    </diagrams>
  </views>
</model>
