{"identifier":"https://me.big.tuwien.ac.at/EAModelSet/id-40c7f23970b84e5e968194f90a287c31","archimateId":"id-40c7f23970b84e5e968194f90a287c31","name":"AplicacionGuiada","description":"","formats":["XML","CSV","JSON","ARCHIMATE"],"source":"GitHub","repository":"andresdte8a/CapasLaTiendecita","license":"Not found","sourceFile":"raw-data/github/archimate/aplicaciontienda.archimate","sourceFormat":"ARCHIMATE","timestamp":"2023-07-06T09:29:17","tags":[],"duplicates":[],"language":"es","elements":[{"id":"id-36cdf9c783de4c35a286dea7b593a131","name":"Business Object","type":"BusinessObject","layer":"business"},{"id":"id-3c3d5f11ebfc41308e07e1a731206636","name":"Product","type":"Product","layer":"business"},{"id":"id-2f1318ac9f9048bb8c6c4eb82a4fa2e8","name":"DespachoMercancia","type":"BusinessCollaboration","layer":"business"},{"id":"id-99713038c1b9476d84c7918889e0d2fe","name":"Propietario","type":"BusinessActor","layer":"business"},{"id":"id-fab9f478ad40452eb3becf8cf4f55285","name":"Tendero","type":"BusinessRole","layer":"business"},{"id":"id-d60d3ce6d0ca446e8acb8b0667868bff","name":"Pagina web","type":"BusinessInterface","layer":"business"},{"id":"id-7f5ea45e6f6d4855b3b0ad059efccabf","name":"Empleado","type":"BusinessActor","layer":"business"},{"id":"id-c83c42317b3c405faabd6a0d0de097a8","name":"Domiciliario","type":"BusinessRole","layer":"business"},{"id":"id-df99a842b3504515b792fe3c686617bb","name":"Solicitar Pedido","type":"BusinessService","layer":"business"},{"id":"id-fb8da73937a44396861923a83b65485b","name":"Despacho Pedidos","type":"BusinessFunction","layer":"business"},{"id":"id-603589ddc2df4f94891302f4a19fe537","name":"Entrega Pedidos","type":"BusinessFunction","layer":"business"},{"id":"id-5f693bf6300f45228a82cd0e8057152d","name":"Gestion de Inventarios","type":"BusinessFunction","layer":"business"},{"id":"id-f7b6291fac2143b1a30b0d935bfa40ec","name":"Gestion de Clientes","type":"BusinessFunction","layer":"business"},{"id":"id-9421467ac13d47138177ed58c7161709","name":"Pagos","type":"BusinessFunction","layer":"business"},{"id":"id-b3bcfdb5ce8c440e93e0131237f20254","name":"Venta de productos","type":"BusinessProcess","layer":"business"},{"id":"id-68bb84da234e47eea3f37bf791d0816d","name":"Despacho Pedido","type":"BusinessProcess","layer":"business"},{"id":"id-e95cca1162c44ec18a69f69d9868c31f","name":"Recepcion Pedido","type":"BusinessProcess","layer":"business"},{"id":"id-0bc2297f593d43ac9e867e16bf98c00a","name":"Preparacion Pedido","type":"BusinessProcess","layer":"business"},{"id":"id-c5b6313b0b964f5f9af67127394b33dd","name":"Vender Productos","type":"BusinessService","layer":"business"},{"id":"id-508afce5e79c4f6d87abb2d3b031cc45","name":"Recepcion de Pedido","type":"BusinessEvent","layer":"business"},{"id":"id-5919e9158ffe423583d827978f1bee12","name":"Entregar Venta","type":"BusinessEvent","layer":"business"},{"id":"id-e6de0468b7fa47d79e371b8b3c42578e","name":"Pedidos en Linea","type":"Product","layer":"business"},{"id":"id-7f5b515538b04b2c8b2032fe3bb9e335","name":"Acceso al Sistema","type":"Contract","layer":"business"},{"id":"id-d8e10c47907842bdaad127609c6f6eb2","name":"Registro de Pedidos","type":"ApplicationInterface","layer":"application"},{"id":"id-d0fa23ed054e401c8e86f5b55b60ff3d","name":"Pedidos","type":"ApplicationComponent","layer":"application"},{"id":"id-54ea6403e9134e8bb4b1f908cbc2b8b1","name":"GUI Tienda Web","type":"ApplicationComponent","layer":"application"},{"id":"id-6cdecb26917446a8a5c8455db366182a","name":"Control de Acceso","type":"ApplicationComponent","layer":"application"},{"id":"id-6a3529404c1648d18f25e91411c94d99","name":"Gestor de envios","type":"ApplicationComponent","layer":"application"},{"id":"id-eac68ef5ad44439391701859561f107d","name":"Gestor de Usuarios","type":"ApplicationComponent","layer":"application"},{"id":"id-c9d3e856e0fb4db2b76487d1c1727dfd","name":"Gestor de Pedidos","type":"ApplicationComponent","layer":"application"},{"id":"id-cd4a03215fa34c6d9a82bee9a28395f4","name":"Gestor de Inventarios","type":"ApplicationComponent","layer":"application"},{"id":"id-56e22509390f4f00834d2f9d0f8f7f99","name":"Control de Acceso","type":"ApplicationFunction","layer":"application"},{"id":"id-91006a3437df4127a056999512a5480d","name":"Consultar Estado del Pedido","type":"ApplicationFunction","layer":"application"},{"id":"id-73711d572abe426b9f673a86a3bbbd31","name":"Historial Pedidos","type":"ApplicationFunction","layer":"application"},{"id":"id-46676feaee4c4f76af66c358cb96f1ab","name":"Realizar Pedido","type":"ApplicationFunction","layer":"application"},{"id":"id-443bf0d678884e03915f14bb118af143","name":"Actualizacion de Inventario","type":"ApplicationFunction","layer":"application"},{"id":"id-8ff334811250408aa2eb92d072aba28e","name":"Administracion","type":"ApplicationInterface","layer":"application"},{"id":"id-f9ed13bc48d74287848804d7032182b9","name":"Venta","type":"ApplicationInterface","layer":"application"},{"id":"id-4851f8944cb54890992b6ea24db95c2a","name":"Validacion","type":"ApplicationInterface","layer":"application"},{"id":"id-6f229983afe048169da29df326458443","name":"Envios","type":"ApplicationInterface","layer":"application"},{"id":"id-a676c8f5f37b46b0b3838fac1933114d","name":"Actualizacion","type":"ApplicationInterface","layer":"application"},{"id":"id-08174f5e6e674ac687939258d57fcc23","name":"Gestionar Pedidos","type":"ApplicationService","layer":"application"},{"id":"id-464ad678be844d9c9cc0dfb3f2ed4ac8","name":"Gestionar Estados de Pedidos","type":"ApplicationService","layer":"application"},{"id":"id-5cbf456f1c1248288b558b808a63f5e6","name":"Confianza en la entrega del producto","type":"Value","layer":"motivation"},{"id":"id-6c8ffb95bd60498595e43a75e7e197a8","name":"Registro de Pedido","type":"Value","layer":"motivation"},{"id":"id-872154e832014b388d5ef1032be005be","name":"Tienda","type":"Location","layer":"other"},{"id":"id-d8b54fddf5c648f39b6759bd99b3b31c","name":"Front Office","type":"Location","layer":"other"},{"id":"id-e0fdb3744a9a4987b1ab980d3f68a940","name":"Back Office","type":"Location","layer":"other"}],"relationships":[{"id":"id-66c309a9702648d5bfeaa1f111ec7347","sourceId":"id-2f1318ac9f9048bb8c6c4eb82a4fa2e8","targetId":"id-fab9f478ad40452eb3becf8cf4f55285","type":"AggregationRelationship"},{"id":"id-0bb72ce7db3248f18a6aaa766fd78be1","sourceId":"id-fab9f478ad40452eb3becf8cf4f55285","targetId":"id-d60d3ce6d0ca446e8acb8b0667868bff","type":"AssociationRelationship"},{"id":"id-c248b07563e64b438ad1a22dcd36f292","sourceId":"id-fab9f478ad40452eb3becf8cf4f55285","targetId":"id-99713038c1b9476d84c7918889e0d2fe","type":"AssociationRelationship"},{"id":"id-2ce92d82b0bb4f6186df2f4077011fd6","sourceId":"id-fab9f478ad40452eb3becf8cf4f55285","targetId":"id-7f5ea45e6f6d4855b3b0ad059efccabf","type":"AssociationRelationship"},{"id":"id-112a0b48b8554267b9c03a5be6738a0b","sourceId":"id-2f1318ac9f9048bb8c6c4eb82a4fa2e8","targetId":"id-c83c42317b3c405faabd6a0d0de097a8","type":"AggregationRelationship"},{"id":"id-82b2aa6f08ab4019b2a689ea8663f81e","sourceId":"id-7f5ea45e6f6d4855b3b0ad059efccabf","targetId":"id-c83c42317b3c405faabd6a0d0de097a8","type":"AssociationRelationship"},{"id":"id-e3827a8de8a740c7978f0f90647dd398","sourceId":"id-df99a842b3504515b792fe3c686617bb","targetId":"id-d60d3ce6d0ca446e8acb8b0667868bff","type":"AssociationRelationship"},{"id":"id-d8a527b611da4f7ebaa2b7c3a3cc891f","sourceId":"id-d0fa23ed054e401c8e86f5b55b60ff3d","targetId":"id-d8e10c47907842bdaad127609c6f6eb2","type":"CompositionRelationship"},{"id":"id-aab033b5513f47469a98f1281dbe790a","sourceId":"id-d8e10c47907842bdaad127609c6f6eb2","targetId":"id-df99a842b3504515b792fe3c686617bb","type":"AssociationRelationship"},{"id":"id-5ecf4894a81749d09bfe718e4cf908e6","sourceId":"id-fb8da73937a44396861923a83b65485b","targetId":"id-603589ddc2df4f94891302f4a19fe537","type":"ServingRelationship"},{"id":"id-454f2dc36bfc485087f063e8179c36cd","sourceId":"id-fab9f478ad40452eb3becf8cf4f55285","targetId":"id-f7b6291fac2143b1a30b0d935bfa40ec","type":"AssociationRelationship"},{"id":"id-8d51c6dd05c14dffa93b2ab3049f300c","sourceId":"id-fab9f478ad40452eb3becf8cf4f55285","targetId":"id-9421467ac13d47138177ed58c7161709","type":"AssociationRelationship"},{"id":"id-b4c0f8f2d3e34c7a92bb3071e8fb6cf4","sourceId":"id-fab9f478ad40452eb3becf8cf4f55285","targetId":"id-5f693bf6300f45228a82cd0e8057152d","type":"AssociationRelationship"},{"id":"id-4427860a725b44439c35d908fc69e780","sourceId":"id-fab9f478ad40452eb3becf8cf4f55285","targetId":"id-fb8da73937a44396861923a83b65485b","type":"AssociationRelationship"},{"id":"id-67dd247483be461583fdb7544dfb3fb7","sourceId":"id-9421467ac13d47138177ed58c7161709","targetId":"id-c83c42317b3c405faabd6a0d0de097a8","type":"AssociationRelationship"},{"id":"id-a030c9a4ed0d43eeac461e8c39516d3e","sourceId":"id-c83c42317b3c405faabd6a0d0de097a8","targetId":"id-603589ddc2df4f94891302f4a19fe537","type":"AssociationRelationship"},{"id":"id-42027c980c1e4f55970f2b59225e0c4f","sourceId":"id-b3bcfdb5ce8c440e93e0131237f20254","targetId":"id-68bb84da234e47eea3f37bf791d0816d","type":"CompositionRelationship"},{"id":"id-d1e4f488f4e646028d3fb595f85aa571","sourceId":"id-b3bcfdb5ce8c440e93e0131237f20254","targetId":"id-0bc2297f593d43ac9e867e16bf98c00a","type":"CompositionRelationship"},{"id":"id-7ee754dab1f54163ace4963e9b3d6551","sourceId":"id-b3bcfdb5ce8c440e93e0131237f20254","targetId":"id-e95cca1162c44ec18a69f69d9868c31f","type":"CompositionRelationship"},{"id":"id-21d8cfb2198b4dcf960fc884bc83c8ea","sourceId":"id-e95cca1162c44ec18a69f69d9868c31f","targetId":"id-68bb84da234e47eea3f37bf791d0816d","type":"TriggeringRelationship"},{"id":"id-04512cfe9c65447ca5fe99c7290aa987","sourceId":"id-68bb84da234e47eea3f37bf791d0816d","targetId":"id-0bc2297f593d43ac9e867e16bf98c00a","type":"TriggeringRelationship"},{"id":"id-52f3b6a37f844bfcb390999e5e488bba","sourceId":"id-b3bcfdb5ce8c440e93e0131237f20254","targetId":"id-c5b6313b0b964f5f9af67127394b33dd","type":"RealizationRelationship"},{"id":"id-3d38fc1c142f426f8773f13a5ab30bbe","sourceId":"id-b3bcfdb5ce8c440e93e0131237f20254","targetId":"id-508afce5e79c4f6d87abb2d3b031cc45","type":"TriggeringRelationship"},{"id":"id-f66817b5266843ee9538f562bbc69714","sourceId":"id-508afce5e79c4f6d87abb2d3b031cc45","targetId":"id-b3bcfdb5ce8c440e93e0131237f20254","type":"TriggeringRelationship"},{"id":"id-8f7060d56e95472cad9a9abf7326751e","sourceId":"id-b3bcfdb5ce8c440e93e0131237f20254","targetId":"id-5919e9158ffe423583d827978f1bee12","type":"TriggeringRelationship"},{"id":"id-0ef1c0456f40496d9e0d2fda76c25971","sourceId":"id-fab9f478ad40452eb3becf8cf4f55285","targetId":"id-b3bcfdb5ce8c440e93e0131237f20254","type":"AssociationRelationship"},{"id":"id-9c4b616b0a924e5cb23e17108cd32976","sourceId":"id-c83c42317b3c405faabd6a0d0de097a8","targetId":"id-0bc2297f593d43ac9e867e16bf98c00a","type":"AssociationRelationship"},{"id":"id-93ae0961808048b7bc77b77b5a426f41","sourceId":"id-e6de0468b7fa47d79e371b8b3c42578e","targetId":"id-c5b6313b0b964f5f9af67127394b33dd","type":"AssociationRelationship"},{"id":"id-4a8dc32545e34f8f8ffa44064163735e","sourceId":"id-e6de0468b7fa47d79e371b8b3c42578e","targetId":"id-c5b6313b0b964f5f9af67127394b33dd","type":"AggregationRelationship"},{"id":"id-254432fbe2f64dce844a1d4d33998e54","sourceId":"id-6c8ffb95bd60498595e43a75e7e197a8","targetId":"id-e6de0468b7fa47d79e371b8b3c42578e","type":"AssociationRelationship"},{"id":"id-3d2d7df3464a41feb35f626142b4d2aa","sourceId":"id-5cbf456f1c1248288b558b808a63f5e6","targetId":"id-e6de0468b7fa47d79e371b8b3c42578e","type":"AssociationRelationship"},{"id":"id-53272934cd474483bb7c89b944d05e59","sourceId":"id-e6de0468b7fa47d79e371b8b3c42578e","targetId":"id-7f5b515538b04b2c8b2032fe3bb9e335","type":"AggregationRelationship"},{"id":"id-e0c8f4f1cb0d40088d125d4097d38b4b","sourceId":"id-6cdecb26917446a8a5c8455db366182a","targetId":"id-56e22509390f4f00834d2f9d0f8f7f99","type":"AssociationRelationship"},{"id":"id-5f98bed00f5b41e6914f30e0c0f3ef04","sourceId":"id-c9d3e856e0fb4db2b76487d1c1727dfd","targetId":"id-91006a3437df4127a056999512a5480d","type":"AssociationRelationship"},{"id":"id-88f4090d2d1b4645ab88614354dfc5a8","sourceId":"id-eac68ef5ad44439391701859561f107d","targetId":"id-73711d572abe426b9f673a86a3bbbd31","type":"AssociationRelationship"},{"id":"id-fd55325dcc784162abc57c56697b29da","sourceId":"id-c9d3e856e0fb4db2b76487d1c1727dfd","targetId":"id-73711d572abe426b9f673a86a3bbbd31","type":"AssociationRelationship"},{"id":"id-14092cc265054bd69f9e154dad07d274","sourceId":"id-c9d3e856e0fb4db2b76487d1c1727dfd","targetId":"id-46676feaee4c4f76af66c358cb96f1ab","type":"AssociationRelationship"},{"id":"id-46c87fb91b904e2289fed8dfebe5da2b","sourceId":"id-cd4a03215fa34c6d9a82bee9a28395f4","targetId":"id-443bf0d678884e03915f14bb118af143","type":"AssociationRelationship"},{"id":"id-f73a732825774b62aa60d9669141cbc3","sourceId":"id-c9d3e856e0fb4db2b76487d1c1727dfd","targetId":"id-443bf0d678884e03915f14bb118af143","type":"AssociationRelationship"},{"id":"id-a8bfdb18e923499aa863aa8d8bf9476f","sourceId":"id-6a3529404c1648d18f25e91411c94d99","targetId":"id-91006a3437df4127a056999512a5480d","type":"AssociationRelationship"},{"id":"id-fdb9abc335504cc8834048aacc909343","sourceId":"id-54ea6403e9134e8bb4b1f908cbc2b8b1","targetId":"id-6cdecb26917446a8a5c8455db366182a","type":"FlowRelationship"},{"id":"id-a2b4bcf12f894bb19bf00060b6a75a2f","sourceId":"id-54ea6403e9134e8bb4b1f908cbc2b8b1","targetId":"id-6cdecb26917446a8a5c8455db366182a","type":"RealizationRelationship"},{"id":"id-1695408166bf4147976b93062dc211de","sourceId":"id-6cdecb26917446a8a5c8455db366182a","targetId":"id-54ea6403e9134e8bb4b1f908cbc2b8b1","type":"RealizationRelationship"},{"id":"id-05d90dbd01c14b3b896448e4daa55778","sourceId":"id-c9d3e856e0fb4db2b76487d1c1727dfd","targetId":"id-6cdecb26917446a8a5c8455db366182a","type":"ServingRelationship"},{"id":"id-29cb65130f4342ddaf3b836b463fcb01","sourceId":"id-6a3529404c1648d18f25e91411c94d99","targetId":"id-6cdecb26917446a8a5c8455db366182a","type":"ServingRelationship"},{"id":"id-6daeee210c8a4d45a6a2e0bf0e53bc4c","sourceId":"id-e0fdb3744a9a4987b1ab980d3f68a940","targetId":"id-d8b54fddf5c648f39b6759bd99b3b31c","type":"SpecializationRelationship"},{"id":"id-169168920a7e4cae9c355bfeb49bb093","sourceId":"id-d8b54fddf5c648f39b6759bd99b3b31c","targetId":"id-54ea6403e9134e8bb4b1f908cbc2b8b1","type":"CompositionRelationship"},{"id":"id-59aa99ec1ab74561b731c5ccc0b011f3","sourceId":"id-e0fdb3744a9a4987b1ab980d3f68a940","targetId":"id-6a3529404c1648d18f25e91411c94d99","type":"CompositionRelationship"},{"id":"id-76c9f966fc7e4d29bd9b46e5013e0494","sourceId":"id-e0fdb3744a9a4987b1ab980d3f68a940","targetId":"id-cd4a03215fa34c6d9a82bee9a28395f4","type":"CompositionRelationship"},{"id":"id-f3b81b9e26af4b3485c4c7550d42a75d","sourceId":"id-e0fdb3744a9a4987b1ab980d3f68a940","targetId":"id-c9d3e856e0fb4db2b76487d1c1727dfd","type":"CompositionRelationship"},{"id":"id-f0650525e9e84f8bb05feb9bed77a84b","sourceId":"id-e0fdb3744a9a4987b1ab980d3f68a940","targetId":"id-eac68ef5ad44439391701859561f107d","type":"CompositionRelationship"},{"id":"id-114fbd6ed43643b0af47a2c11bcb527f","sourceId":"id-e0fdb3744a9a4987b1ab980d3f68a940","targetId":"id-6cdecb26917446a8a5c8455db366182a","type":"CompositionRelationship"},{"id":"id-3d5242ef327a4a21b2ab68d512a1dfcd","sourceId":"id-eac68ef5ad44439391701859561f107d","targetId":"id-6cdecb26917446a8a5c8455db366182a","type":"TriggeringRelationship"},{"id":"id-a18ad84c527549908a496c3ffb20ce13","sourceId":"id-eac68ef5ad44439391701859561f107d","targetId":"id-6cdecb26917446a8a5c8455db366182a","type":"ServingRelationship"},{"id":"id-9db97e62ed7941d5aca96bfd90364719","sourceId":"id-54ea6403e9134e8bb4b1f908cbc2b8b1","targetId":"id-8ff334811250408aa2eb92d072aba28e","type":"AssociationRelationship"},{"id":"id-aa239b4ef80c449397fbcb3995fd889e","sourceId":"id-eac68ef5ad44439391701859561f107d","targetId":"id-8ff334811250408aa2eb92d072aba28e","type":"AssociationRelationship"},{"id":"id-4750330e094d4b2f8bc6eee94fb8d6ea","sourceId":"id-c9d3e856e0fb4db2b76487d1c1727dfd","targetId":"id-f9ed13bc48d74287848804d7032182b9","type":"AssociationRelationship"},{"id":"id-c95fc9ee72644bf7ac54299d1e3a81b7","sourceId":"id-f9ed13bc48d74287848804d7032182b9","targetId":"id-54ea6403e9134e8bb4b1f908cbc2b8b1","type":"AssociationRelationship"},{"id":"id-53f692af0eb045b5bf1b582f08612645","sourceId":"id-6cdecb26917446a8a5c8455db366182a","targetId":"id-4851f8944cb54890992b6ea24db95c2a","type":"AssociationRelationship"},{"id":"id-f2f8660c4810468097b58d35d9072f3b","sourceId":"id-4851f8944cb54890992b6ea24db95c2a","targetId":"id-54ea6403e9134e8bb4b1f908cbc2b8b1","type":"AssociationRelationship"},{"id":"id-cbda95d35614413badb4ba4551382b52","sourceId":"id-54ea6403e9134e8bb4b1f908cbc2b8b1","targetId":"id-6f229983afe048169da29df326458443","type":"AssociationRelationship"},{"id":"id-02c3ea79ea1f417a8dcf42694df0df61","sourceId":"id-6f229983afe048169da29df326458443","targetId":"id-6a3529404c1648d18f25e91411c94d99","type":"AssociationRelationship"},{"id":"id-53381ed90b3c4d3aa7591c7f13bb70c5","sourceId":"id-cd4a03215fa34c6d9a82bee9a28395f4","targetId":"id-a676c8f5f37b46b0b3838fac1933114d","type":"AssociationRelationship"},{"id":"id-114332883b8a44d0a17d7dbf20b873c4","sourceId":"id-a676c8f5f37b46b0b3838fac1933114d","targetId":"id-54ea6403e9134e8bb4b1f908cbc2b8b1","type":"AssociationRelationship"},{"id":"id-916dc9ac01bb406687650970535d12cf","sourceId":"id-c83c42317b3c405faabd6a0d0de097a8","targetId":"id-b3bcfdb5ce8c440e93e0131237f20254","type":"AssociationRelationship"},{"id":"id-66624b94b03f4c9eb79ec5c5b8c3ff6b","sourceId":"id-68bb84da234e47eea3f37bf791d0816d","targetId":"id-fab9f478ad40452eb3becf8cf4f55285","type":"AssociationRelationship"},{"id":"id-6e47f0eb7e8b4a37a646e9ed5699beab","sourceId":"id-c9d3e856e0fb4db2b76487d1c1727dfd","targetId":"id-08174f5e6e674ac687939258d57fcc23","type":"RealizationRelationship"},{"id":"id-8782551d6a7447eeb6a85d4cd285198b","sourceId":"id-6a3529404c1648d18f25e91411c94d99","targetId":"id-464ad678be844d9c9cc0dfb3f2ed4ac8","type":"RealizationRelationship"},{"id":"id-9cc25220437f48e09f69011592508020","sourceId":"id-08174f5e6e674ac687939258d57fcc23","targetId":"id-b3bcfdb5ce8c440e93e0131237f20254","type":"AssociationRelationship"},{"id":"id-6373aced36e84f7c88346d9a5f386877","sourceId":"id-464ad678be844d9c9cc0dfb3f2ed4ac8","targetId":"id-68bb84da234e47eea3f37bf791d0816d","type":"AssociationRelationship"}],"views":[{"id":"id-a5f75a97b57c4bd78cd12abae438b361","name":"Organizacion","viewpoint":""},{"id":"id-6a08331541f54f8999f4b1d2e8648078","name":"Actores del negocio","viewpoint":""},{"id":"id-1ddf352e82ed43ee953283449bc3cd38","name":"Funciones del Negocio","viewpoint":""},{"id":"id-5c632e345fd142a8b3b32a9da4d0d891","name":"Procesos de Negocio","viewpoint":""},{"id":"id-60e288ffba0444de8d1f9bdc8b9e91e7","name":"Cooperacion del Proceso de Negocio","viewpoint":""},{"id":"id-e0b05097b41d48678f6c21704a396e4e","name":"Producto","viewpoint":""},{"id":"id-2ee2cd582d354adaba4784d5c46a54af","name":"Comportamiento de Aplicacion","viewpoint":""},{"id":"id-69355b62677a4bcdbcb60e12cecc993b","name":"Cooperacion de Aplicacion","viewpoint":""},{"id":"id-2b5129b5feb74ae2bb3793ee1394856f","name":"Estructura de Aplicacion","viewpoint":""},{"id":"id-9d06466102b34117b34be1d65df0ae54","name":"Uso de Aplicacion","viewpoint":""}]}