"ID","Type","Name","Documentation","Source","Target","Specialization"
"id-bb339fafa0f949caa8a59405bd221a90","AccessRelationship","","","id-61bad150474d4ca3b2f43be60dd8114d","id-934f2193a552406bbadaef82f716afaa",""
"id-1a4b00d3377644d0937a585f67dd8a71","AccessRelationship","","","id-9ce52cb1399e4305aaab428e3c9207c9","id-e727140b71fe4bda86bfe15f2a679150",""
"id-851c394572444f2292132f99278e5d23","AccessRelationship","","","id-bb4e11548fa046549b8e737b633d9258","id-610046d15dda4fd08391fd2cbc901779",""
"id-5ad123725987457d99fb85638f3128bd","AccessRelationship","","","id-fdb26e6a5c224727b4e0139513878980","id-610046d15dda4fd08391fd2cbc901779",""
"id-ee1ded3763dd44b09ec27b12f3fc85e3","AccessRelationship","","","id-11961d1cfa9f47df8b0801edb79d22a2","id-934f2193a552406bbadaef82f716afaa",""
"id-f5ec64dc37ae4b7ba8bd707baa102dde","AccessRelationship","","","id-30a3db74809a42d9a3a18649c2fe9679","id-daf82902cd504a12b654896c32aa7185",""
"id-3517c40c322a4ce8ab1eab8f5d9d7e2a","AccessRelationship","","","id-f5779f551d0e4043b6fdba8f4aff388f","id-daf82902cd504a12b654896c32aa7185",""
"id-591e1dcf221f4d36884b29e16cb653ed","AccessRelationship","","","id-f5779f551d0e4043b6fdba8f4aff388f","id-12f2d0c1d08b4fc7809248e1f4b408f0",""
"id-3afe1280303f4fe78ea8c0b4bb9f0138","AccessRelationship","","","id-00bd8c49b5a5434ca5efd76daf2d2ffa","id-daf82902cd504a12b654896c32aa7185",""
"id-bd5a858c86074610ae4d064d839c4d58","AccessRelationship","","","id-00bd8c49b5a5434ca5efd76daf2d2ffa","id-12f2d0c1d08b4fc7809248e1f4b408f0",""
"id-d63836c94b3d4a06b6bf5a5c84419567","AccessRelationship","","","id-30a3db74809a42d9a3a18649c2fe9679","id-934f2193a552406bbadaef82f716afaa",""
"id-31044110876e47abb9891deb8e35349e","AccessRelationship","","","id-1fbfd8f143134512bb72510e4fae2c83","id-dd7725ea23934370a74114c7e3739785",""
"id-acc85aa0d1b24aacb33e3949c7fbe698","AccessRelationship","","","id-9f5a07f7f6794001b7ea3f5ea5920ef5","id-dd7725ea23934370a74114c7e3739785",""
"id-9d9bd75003974941aca08cdcaa658654","AccessRelationship","","","id-f69c226516b6402b9693c0855322d69a","id-934f2193a552406bbadaef82f716afaa",""
"id-bdbb536cd34545ac9fdf3bbf485d1420","AccessRelationship","","","id-18f7093478584cd7891a08c389ce8b5a","id-8ccef3c1ffd54dcf827d85cb3d9f576d",""
"id-1ae6aad177804e41b9b8d9564e52a046","AccessRelationship","","","id-0f8d9ef35f96481bb7b39cd3775d7675","id-8ccef3c1ffd54dcf827d85cb3d9f576d",""
"id-244cfa2f13d145878748b1144a88578d","AccessRelationship","","","id-6b5104d52a914f5a86ced9454d9d05cb","id-e13462b0f0cc4bdaa0055368ad6a3138",""
"id-b3daf6ce8fd847ab9231573f3cab0ea6","AccessRelationship","","","id-dc68223acaa840e4bcea13891c022339","id-e64c2130a22e4421b0b2a75288be4369",""
"id-74f9b66121ce455ca641bc29d9a1afd7","AccessRelationship","","","id-a077349feda8451ca3ceb3f85ec5a24d","id-610046d15dda4fd08391fd2cbc901779",""
"id-3d591a82a08146e3807284ba12473ee5","AccessRelationship","","","id-ea63bc2a6c1a4813a3228e065a856802","id-e727140b71fe4bda86bfe15f2a679150",""
"id-99974e99c7e5482883ffaeee281260c8","AccessRelationship","","","id-f5556ba4d9ee407495f2b407ff19fcc0","id-e64c2130a22e4421b0b2a75288be4369",""
"id-14ba3dbfe0c8432f909562ac52c64269","AccessRelationship","","","id-000bf1e652c04d36b7073c0ef75d33bd","id-12f2d0c1d08b4fc7809248e1f4b408f0",""
"id-678d2daf8e7b4a05a43c86149465c934","AccessRelationship","","","id-9d0df8df018e45ed9911b396f4f803a2","id-daf82902cd504a12b654896c32aa7185",""
"id-f266632a1ddc40a4b6f105ab3263e50d","AccessRelationship","","","id-000bf1e652c04d36b7073c0ef75d33bd","id-daf82902cd504a12b654896c32aa7185",""
"id-71bd57065bb0437d8941021d6638af22","AccessRelationship","","","id-9d0df8df018e45ed9911b396f4f803a2","id-12f2d0c1d08b4fc7809248e1f4b408f0",""
"id-c7dbf0cee49f4fd9841ffe42422461ea","AccessRelationship","","","id-054503b05e3640a095663713605a6a22","id-dd7725ea23934370a74114c7e3739785",""
"id-d67d1ac7a7aa48eabb6394ed71dd40de","AccessRelationship","","","id-054503b05e3640a095663713605a6a22","id-934f2193a552406bbadaef82f716afaa",""
"id-b7ff62c809ca4fdea99b3bf4b8ad5c7e","AccessRelationship","","","id-c3add5029d384f06971fc1ebbc20820f","id-dd7725ea23934370a74114c7e3739785",""
"id-fe363012f3ee4d9c95b9c7db716905ff","AccessRelationship","","","id-c3add5029d384f06971fc1ebbc20820f","id-934f2193a552406bbadaef82f716afaa",""
"id-3d75242527414832af012839f446c9f3","AccessRelationship","","","id-f407507a9a664adca56fa53d51186b4d","id-610046d15dda4fd08391fd2cbc901779",""
"id-01d2115a6728485eb078f27437d61712","AccessRelationship","","","id-f407507a9a664adca56fa53d51186b4d","id-934f2193a552406bbadaef82f716afaa",""
"id-023dd983cb1c402f834ae92c9d06f441","AccessRelationship","","","id-ea63bc2a6c1a4813a3228e065a856802","id-934f2193a552406bbadaef82f716afaa",""
"id-216aadb04f864510bed82fd99179e209","AccessRelationship","","","id-811bf2a42445440c846eecbb2343c750","id-4a5a3d6f64384faea071e7afdf066e22",""
"id-9fce425bdbc94c0294ad6cbd9867e298","AccessRelationship","","","id-1189b8ecdc394e4e8b52da58907509b3","id-4a5a3d6f64384faea071e7afdf066e22",""
"id-dad685d53d334cc4a568891b90410445","AccessRelationship","","","id-9a7ac36d5b1444b69a8cc3b2cd2cf7bb","id-9af99e90dece4ca88b1e6652474ba79f",""
"id-ffd0ed16b25946efb23fcaf2e9ee5bb7","AccessRelationship","","","id-5ae4174cc66e433a8255ac1a3394b23b","id-9af99e90dece4ca88b1e6652474ba79f",""
"id-fa69e8808fee4dc5b334a016dae581f8","AccessRelationship","","","id-c008332fa99d4a1aa9677da98f2644fe","id-9af99e90dece4ca88b1e6652474ba79f",""
"id-50645e1ceca942c29d95ec47609a698a","AccessRelationship","","","id-8716fe72cada49ac8cb650450d117339","id-8704af93d687470a9b2e5d3930a08dac",""
"id-770beb568ca94ac7995b436d9efecd82","AccessRelationship","","","id-d040746a93354bf8bcd6c2b28394b7da","id-8704af93d687470a9b2e5d3930a08dac",""
"id-7639c5cc24954dff92811e16b71c96ce","AccessRelationship","","","id-1c13c535ba3147dd8186fc5e1352af67","id-8704af93d687470a9b2e5d3930a08dac",""
"id-2eeac32a435647119d84fed4cea5cda7","AccessRelationship","","","id-365f582bc36a45bf9504e23c783375f5","id-8704af93d687470a9b2e5d3930a08dac",""
"id-1a930a662a774ead8208042d4c470530","AccessRelationship","","","id-672fe82f264d4409819674859294508f","id-5a6442cf8f3345399df5a4edf9a689bb",""
"id-40cefed7f50e404e8c8fc4ec57e54292","AccessRelationship","","","id-811bf2a42445440c846eecbb2343c750","id-5a6442cf8f3345399df5a4edf9a689bb",""
"id-cf76a667ff124cc3a52cd6a10b1f5633","AccessRelationship","","","id-365f582bc36a45bf9504e23c783375f5","id-5a6442cf8f3345399df5a4edf9a689bb",""
"id-bcb3c115bd7f4577b7193586b93c4aa8","AccessRelationship","","","id-8a8cee09f104434f90a1fdf9502e6e5e","id-e727140b71fe4bda86bfe15f2a679150",""
"id-ca01d3f6d2b0496b9e743013c8a7f67f","AccessRelationship","","","id-8a8cee09f104434f90a1fdf9502e6e5e","id-934f2193a552406bbadaef82f716afaa",""
"id-b1bc333232e04d3385a735b587e3a62e","AccessRelationship","","","id-1fbfd8f143134512bb72510e4fae2c83","id-934f2193a552406bbadaef82f716afaa",""
"id-166d014f064e424a98e9fc82025d072b","AccessRelationship","","","id-bb4e11548fa046549b8e737b633d9258","id-934f2193a552406bbadaef82f716afaa",""
"id-9759f8cf4a004054a249cf2166c91460","AccessRelationship","","","id-00bd8c49b5a5434ca5efd76daf2d2ffa","id-e64c2130a22e4421b0b2a75288be4369",""
"id-c9ffe747ac0844af943dfaebe1e841d1","AccessRelationship","","","id-00bd8c49b5a5434ca5efd76daf2d2ffa","id-2afc7d819a0b4b7fa59d18531e90ae2d",""
"id-d1709195706b4040abe2ba33fe473b76","AccessRelationship","","","id-00bd8c49b5a5434ca5efd76daf2d2ffa","id-e727140b71fe4bda86bfe15f2a679150",""
"id-2a0293cd55644a13b43053c4f360b1d0","AccessRelationship","","","id-bb4e11548fa046549b8e737b633d9258","id-e727140b71fe4bda86bfe15f2a679150",""
"id-b30aa83530c34a7da73fd8b1e38802cc","AccessRelationship","","","id-1fbfd8f143134512bb72510e4fae2c83","id-e727140b71fe4bda86bfe15f2a679150",""
"id-4449b5cd8d3344beace7ef560e2adfb6","AccessRelationship","","","id-00bd8c49b5a5434ca5efd76daf2d2ffa","id-934f2193a552406bbadaef82f716afaa",""
"id-0f0a5af32705438e85354ac91c788a95","AccessRelationship","","","id-caa60d39520f4fd1b7b4d99609bc523a","id-5a6442cf8f3345399df5a4edf9a689bb",""
"id-877e9a084db143018c1b9657ea27621c","AggregationRelationship","","","id-50cff53e299b4bc48cf98077607e3cbf","id-f407507a9a664adca56fa53d51186b4d",""
"id-97346527ffea433eafe0c62cec6977ed","AggregationRelationship","","","id-50cff53e299b4bc48cf98077607e3cbf","id-96cbc6a9d6f84926aec41fb096486e32",""
"id-d6a87047bd4844659f7dd1207631496c","AggregationRelationship","","","id-77e31926f9b74a7da3ce828d9f7b5d8c","id-ea63bc2a6c1a4813a3228e065a856802",""
"id-73ae5da8e5b845c0a1bfc6471dbc8987","AggregationRelationship","","","id-04070efd1fd7468891d99a7799ae6c33","id-c3add5029d384f06971fc1ebbc20820f",""
"id-ccc979f7b4fa4f0ebbd819a7506124f2","AggregationRelationship","","","id-04070efd1fd7468891d99a7799ae6c33","id-054503b05e3640a095663713605a6a22",""
"id-b8c98ccfa89e45b798a7cde3d3377531","AggregationRelationship","","","id-c1e23937bf244e7ba0a63dba62199338","id-f407507a9a664adca56fa53d51186b4d",""
"id-c5c2ce2444c64d7397eb10c3e5c98b90","AggregationRelationship","","","id-c1e23937bf244e7ba0a63dba62199338","id-a077349feda8451ca3ceb3f85ec5a24d",""
"id-ce217250312e4a9f9e766acd4a84108e","AggregationRelationship","","","id-08b889d56d5a4e18a6bc0d247579da2c","id-000bf1e652c04d36b7073c0ef75d33bd",""
"id-072beb282e6341be9429df3895fd516f","AggregationRelationship","","","id-08b889d56d5a4e18a6bc0d247579da2c","id-9d0df8df018e45ed9911b396f4f803a2",""
"id-e9a13442e28a479ea346c5c635c49fac","AggregationRelationship","","","id-08b889d56d5a4e18a6bc0d247579da2c","id-f5556ba4d9ee407495f2b407ff19fcc0",""
"id-0f117dc41dad41ccb156637c11a35dd1","AggregationRelationship","","","id-61f984fa9bc4427fa0b462f0574ecabb","id-8a8cee09f104434f90a1fdf9502e6e5e",""
"id-9e60cf5bee304ba18e1ee3e667b8f4d0","AggregationRelationship","","","id-61f984fa9bc4427fa0b462f0574ecabb","id-00bd8c49b5a5434ca5efd76daf2d2ffa",""
"id-5412f649b91648f79dfa6efe43f42f00","AggregationRelationship","","","id-61f984fa9bc4427fa0b462f0574ecabb","id-bb4e11548fa046549b8e737b633d9258",""
"id-6bdc9fee893e44e084440234f7bfc09b","AggregationRelationship","","","id-61f984fa9bc4427fa0b462f0574ecabb","id-1fbfd8f143134512bb72510e4fae2c83",""
"id-257f46a39b274174950b96e0218b2adc","AggregationRelationship","","","id-61f984fa9bc4427fa0b462f0574ecabb","id-b11b2abd8b0c499aab9802892b289dfa",""
"id-2eea8bebb32c452591fcb0ada01a001d","AggregationRelationship","","","id-d8fbaa81a1d34f4481ab16f2a2a53b0f","id-6d31d1546ad646e9b634d1239001404b",""
"id-94c95cf96e5b465ba1b8143a35e27b86","AggregationRelationship","","","id-d8fbaa81a1d34f4481ab16f2a2a53b0f","id-d5f6992f1c4448a7b07e05605f5fe890",""
"id-e25442c8df6549ba8f278217295c90fe","AggregationRelationship","","","id-d8fbaa81a1d34f4481ab16f2a2a53b0f","id-a4fd25e3c2c64b8ea4efce6b9e3ccb5c",""
"id-899f29ff66104f188d62e9d2a32c43b7","AggregationRelationship","","","id-b3b4aa9c2b3747ef98474854a1e4ff6b","id-25f74a9f0d5a4969977fa05f739fd45e",""
"id-3b326fe99b264f05a3e9ddef730f2b01","AggregationRelationship","","","id-b3b4aa9c2b3747ef98474854a1e4ff6b","id-619c9dcae40f4900abb32f9a16f5cd8b",""
"id-ba7d5407c5924f30b9e71db0e112d448","AggregationRelationship","","","id-d8fbaa81a1d34f4481ab16f2a2a53b0f","id-1097d76b9a6a409287519a452762938f",""
"id-fb4d2b395c6349449298c710c58604fb","AggregationRelationship","","","id-b3b4aa9c2b3747ef98474854a1e4ff6b","id-a2db94248be646658e02b32a90f8c1f4",""
"id-e192b4fe598f4c31970b63719e1d9117","AggregationRelationship","","","id-b3b4aa9c2b3747ef98474854a1e4ff6b","id-e5daf229ec3c486f8179a572a35857a7",""
"id-f3dcb86a08f74693a78f6c0dcf82f4d1","AggregationRelationship","","","id-b3b4aa9c2b3747ef98474854a1e4ff6b","id-df91b1646167452ba87aea91e7133dbc",""
"id-7b9f1959bc9c444aacfe478a2b9f5af0","AggregationRelationship","","","id-b3b4aa9c2b3747ef98474854a1e4ff6b","id-f555a51fdafe4ef0bd47e5a596e9ec58",""
"id-0ba089be90084b56bf3b64a317f112dd","AggregationRelationship","","","id-b3b4aa9c2b3747ef98474854a1e4ff6b","id-365f582bc36a45bf9504e23c783375f5",""
"id-7dd7622d75214765bcb3f6993ac7b75e","AggregationRelationship","","","id-3d403b650be4482280ef7b063712b148","id-b1c76dfc6b894a15b07e29337d87c6db",""
"id-9e94976432d0461eb84f4cc216ea90f1","AssignmentRelationship","","","id-b6c089f979b74d6491f2c8ab8fbef47c","id-5fae5bc58ac04edb96210e11d265dc88",""
"id-9425be00920b4d1aaa28520df13ca290","AssignmentRelationship","","","id-ea63bc2a6c1a4813a3228e065a856802","id-b6c089f979b74d6491f2c8ab8fbef47c",""
"id-526ed11292434c349054219b93b49b75","AssignmentRelationship","","","id-77e31926f9b74a7da3ce828d9f7b5d8c","id-b6c089f979b74d6491f2c8ab8fbef47c",""
"id-066c73d1fabf4aa59698b3447b9182e6","AssignmentRelationship","","","id-f407507a9a664adca56fa53d51186b4d","id-8a2e9e958fd042af8fa8b888df9f70b8",""
"id-6a7db4ee765c49fe935df167cd576bcb","AssignmentRelationship","","","id-a077349feda8451ca3ceb3f85ec5a24d","id-8a2e9e958fd042af8fa8b888df9f70b8",""
"id-1d1e8a9e258b4897921aaada0cd8bf0c","AssignmentRelationship","","","id-8a2e9e958fd042af8fa8b888df9f70b8","id-11961d1cfa9f47df8b0801edb79d22a2",""
"id-21d10fbd36a74e2f86000441c4d4aa65","AssignmentRelationship","","","id-04070efd1fd7468891d99a7799ae6c33","id-b1974c24ebee4317962b9cbbd00a3d15",""
"id-692b8e9614274eb5b626c62fd831561a","AssignmentRelationship","","","id-b1974c24ebee4317962b9cbbd00a3d15","id-ea8c65c2825043c79ebafaea883baf3b",""
"id-2021b8abef494f04bf04770bbefb216a","AssignmentRelationship","","","id-c3add5029d384f06971fc1ebbc20820f","id-cf393f7021744d8a90473b00a8454781",""
"id-3c21271f49694a6b87311468a750e519","AssignmentRelationship","","","id-054503b05e3640a095663713605a6a22","id-cf393f7021744d8a90473b00a8454781",""
"id-25abf22267224153b7f4a7701742e7e5","AssignmentRelationship","","","id-cf393f7021744d8a90473b00a8454781","id-2a036f6b21874a5a98b0f099ca2f88cb",""
"id-0467791a6a164493b018c9234d4bcb9b","AssignmentRelationship","","","id-cf393f7021744d8a90473b00a8454781","id-9f5a07f7f6794001b7ea3f5ea5920ef5",""
"id-2ff5441b4cfd418eb5048744d9ba2f38","AssignmentRelationship","","","id-04070efd1fd7468891d99a7799ae6c33","id-cf393f7021744d8a90473b00a8454781",""
"id-70e5b9f0e760497294139fffc158c340","AssignmentRelationship","","","id-08b889d56d5a4e18a6bc0d247579da2c","id-5fe0c9beedc04ef8b8483cc260e85c01",""
"id-07f9ad6e89e44daa8500e3e9cd29633e","AssignmentRelationship","","","id-9d0df8df018e45ed9911b396f4f803a2","id-6d2947160c05439d975f63fa1d981239",""
"id-8161ebcd58f84a01824e58822b4c6d3c","AssignmentRelationship","","","id-5fe0c9beedc04ef8b8483cc260e85c01","id-6b5104d52a914f5a86ced9454d9d05cb",""
"id-c970b7e6382448cf9e635e392f6ffdb0","AssignmentRelationship","","","id-6d2947160c05439d975f63fa1d981239","id-6b5104d52a914f5a86ced9454d9d05cb",""
"id-cb61b30621ab489c9ce626c65598195e","AssignmentRelationship","","","id-50cff53e299b4bc48cf98077607e3cbf","id-75d7f6e8bfce42be8e3519ca511b241c",""
"id-cf570b79318b4a8c86611b1458520057","AssignmentRelationship","","","id-f407507a9a664adca56fa53d51186b4d","id-f69c226516b6402b9693c0855322d69a",""
"id-f729977622594e50ab254d98397fe7df","AssignmentRelationship","","","id-8dec84289b5845b89590df5399a9ff7a","id-53babb88737446239279c9b4e5f74f21",""
"id-ba4b85a29a80438b9712b7078af268a6","AssignmentRelationship","","","id-53babb88737446239279c9b4e5f74f21","id-0f8d9ef35f96481bb7b39cd3775d7675",""
"id-b62f3813e96f48d3b26a24fd88375a17","AssignmentRelationship","","","id-000bf1e652c04d36b7073c0ef75d33bd","id-f6e0318896de40ed8ee27e57fe868ffd",""
"id-44f6d4d5ac714a1692830f01b7bf2b87","AssignmentRelationship","","","id-f6e0318896de40ed8ee27e57fe868ffd","id-30a3db74809a42d9a3a18649c2fe9679",""
"id-e4a22f6371f8419eb7cb53f0305c96e6","AssignmentRelationship","","","id-f5556ba4d9ee407495f2b407ff19fcc0","id-ecb129ddfa6d4807a93a80f3ba66a3ed",""
"id-9cf3f6abc2c744b588c0e28cd0c9c999","AssignmentRelationship","","","id-ecb129ddfa6d4807a93a80f3ba66a3ed","id-5e8b4e228895462b88cb7f3f2c850918",""
"id-dc41a6fa40a64350b2cc305be9d2b152","AssignmentRelationship","","","id-a077349feda8451ca3ceb3f85ec5a24d","id-ea02aaa40bc7427fadd67f7109a78b40",""
"id-5d99818524774750abee3cd28143ca7d","AssignmentRelationship","","","id-c1e23937bf244e7ba0a63dba62199338","id-ea02aaa40bc7427fadd67f7109a78b40",""
"id-eef706f0d3e84026a9d30bde0a69361e","AssignmentRelationship","","","id-ea02aaa40bc7427fadd67f7109a78b40","id-fdb26e6a5c224727b4e0139513878980",""
"id-da8231cd44374dcf9b083dd1e4dac5be","AssignmentRelationship","","","id-ea63bc2a6c1a4813a3228e065a856802","id-07b414a80457440d88a409d14f004bc1",""
"id-f417ec4263d2455b8369659791f6321a","AssignmentRelationship","","","id-77e31926f9b74a7da3ce828d9f7b5d8c","id-07b414a80457440d88a409d14f004bc1",""
"id-8e6446ddee3f4191af34c869b282b2c8","AssignmentRelationship","","","id-a2998b18e1d7495391e14c9690e9a200","id-1b8984e6027d46968b5326a6f28668a2",""
"id-456e8cc00c164f9e847956f9fb7dadfa","AssignmentRelationship","","","id-8dec84289b5845b89590df5399a9ff7a","id-67dd695e7ee24c58afc409361002e7e6",""
"id-d106ed3cfbb54b95b867b38875e1f74e","AssignmentRelationship","","","id-000bf1e652c04d36b7073c0ef75d33bd","id-ec7a3fbd302248579bb5572d401511eb",""
"id-295ce0f6ea044983bfe73caaa9a9ed20","AssignmentRelationship","","","id-f5556ba4d9ee407495f2b407ff19fcc0","id-3d1ec025815644438e74e699c2d0ff93",""
"id-331844991e734928a0367d99bb2a667a","AssignmentRelationship","","","id-9d0df8df018e45ed9911b396f4f803a2","id-3d1ec025815644438e74e699c2d0ff93",""
"id-867d2a6d6c624477bed692614144d54a","AssignmentRelationship","","","id-08b889d56d5a4e18a6bc0d247579da2c","id-3d1ec025815644438e74e699c2d0ff93",""
"id-e8545af57c444123a51714f2ee0ed1c4","AssignmentRelationship","","","id-04070efd1fd7468891d99a7799ae6c33","id-45a843db1a134de2a29d5631981618b3",""
"id-e15c9563f93144e1a89a002e1dc29d65","AssignmentRelationship","","","id-054503b05e3640a095663713605a6a22","id-45a843db1a134de2a29d5631981618b3",""
"id-06ce5bf1c507455fa622a3b3006c0a0c","AssignmentRelationship","","","id-c3add5029d384f06971fc1ebbc20820f","id-45a843db1a134de2a29d5631981618b3",""
"id-9b0690046bb54b9daff56eaf0f7895b8","AssignmentRelationship","","","id-c1e23937bf244e7ba0a63dba62199338","id-76e5c63d7a5d42b39a2449072412b7f3",""
"id-3f58bf63b4094116a7406ee3ceaa2ee9","AssignmentRelationship","","","id-a077349feda8451ca3ceb3f85ec5a24d","id-76e5c63d7a5d42b39a2449072412b7f3",""
"id-67ed5a4e1ce1486abf87173d1307aa06","AssignmentRelationship","","","id-f407507a9a664adca56fa53d51186b4d","id-59d32ae50015497899cd3d907a4fef08",""
"id-91fac4b3bdf5403d9f044e95f4962e72","AssignmentRelationship","","","id-a077349feda8451ca3ceb3f85ec5a24d","id-59d32ae50015497899cd3d907a4fef08",""
"id-3c1098b404d94c31af138db839f9e264","AssignmentRelationship","","","id-b6c089f979b74d6491f2c8ab8fbef47c","id-5ae4174cc66e433a8255ac1a3394b23b",""
"id-63574c704ac141508dcd8870d24a0152","AssignmentRelationship","","","id-8dec84289b5845b89590df5399a9ff7a","id-0dd29873dc1948c9ab0fb60b577a3aca",""
"id-ac950ed49f114b399256f3ff2e924b18","AssignmentRelationship","","","id-8dec84289b5845b89590df5399a9ff7a","id-0a92469e2140421498f3ef88c216f5e6",""
"id-0eca5e734a4e447f825a5c4f9e401ecb","AssignmentRelationship","","","id-0dd29873dc1948c9ab0fb60b577a3aca","id-337c775d7f84419a852b0efdca7bdc4e",""
"id-08a6525fe920446badb4d0b67eae64f0","AssignmentRelationship","","","id-0a92469e2140421498f3ef88c216f5e6","id-1c13c535ba3147dd8186fc5e1352af67",""
"id-47e630389e69410ebc0abef4b7c3adc6","AssociationRelationship","","","id-619c9dcae40f4900abb32f9a16f5cd8b","id-934f2193a552406bbadaef82f716afaa",""
"id-ee51fbdb400643678bd0d7d9d43a0464","AssociationRelationship","","","id-25f74a9f0d5a4969977fa05f739fd45e","id-934f2193a552406bbadaef82f716afaa",""
"id-05c15ce1bb9c43779042a64875eab1b2","AssociationRelationship","","","id-e727140b71fe4bda86bfe15f2a679150","id-a4fd25e3c2c64b8ea4efce6b9e3ccb5c",""
"id-102e531d93de4b1a9363831ea46e691d","AssociationRelationship","","","id-610046d15dda4fd08391fd2cbc901779","id-11961d1cfa9f47df8b0801edb79d22a2",""
"id-6c00b7470c0340d4a9191f977c13cd39","AssociationRelationship","","","id-daf82902cd504a12b654896c32aa7185","id-d5f6992f1c4448a7b07e05605f5fe890",""
"id-073df0f7d3934298885d66abb6a44c34","AssociationRelationship","","","id-dd7725ea23934370a74114c7e3739785","id-25f74a9f0d5a4969977fa05f739fd45e",""
"id-6021cad82a5e47f187db10289b9d01b0","AssociationRelationship","","","id-e64c2130a22e4421b0b2a75288be4369","id-d5f6992f1c4448a7b07e05605f5fe890",""
"id-20332288625d44a49f9d03afc12ba84b","AssociationRelationship","","","id-8ccef3c1ffd54dcf827d85cb3d9f576d","id-6d31d1546ad646e9b634d1239001404b",""
"id-aa3a11eabf9f4274a36b91d109f229aa","AssociationRelationship","","","id-8ccef3c1ffd54dcf827d85cb3d9f576d","id-d5f6992f1c4448a7b07e05605f5fe890",""
"id-a7134c5ef82349408ea3615660470530","AssociationRelationship","","","id-12f2d0c1d08b4fc7809248e1f4b408f0","id-d5f6992f1c4448a7b07e05605f5fe890",""
"id-ab5b2f96bd74493d9090d5509c930379","AssociationRelationship","","","id-610046d15dda4fd08391fd2cbc901779","id-1097d76b9a6a409287519a452762938f",""
"id-5171dac1e4e243de89b007c736c4da4d","AssociationRelationship","","","id-934f2193a552406bbadaef82f716afaa","id-365f582bc36a45bf9504e23c783375f5",""
"id-271ab34a0e9c4ec7ac022110f0bb025d","AssociationRelationship","","","id-b1c76dfc6b894a15b07e29337d87c6db","id-9af99e90dece4ca88b1e6652474ba79f",""
"id-da0c69cd2ada4763a8b819f6c35ee1f7","AssociationRelationship","","","id-8704af93d687470a9b2e5d3930a08dac","id-a2db94248be646658e02b32a90f8c1f4",""
"id-0689cac29a3d4cf0bdd97d809468fec2","AssociationRelationship","","","id-dd7725ea23934370a74114c7e3739785","id-a2db94248be646658e02b32a90f8c1f4",""
"id-a7db59275a654d769da2c837764bb406","AssociationRelationship","","","id-e64c2130a22e4421b0b2a75288be4369","id-a2db94248be646658e02b32a90f8c1f4",""
"id-82e8ddf841b84641b01052783ded7119","AssociationRelationship","","","id-e727140b71fe4bda86bfe15f2a679150","id-b1c76dfc6b894a15b07e29337d87c6db",""
"id-02f17bce9d9540b0a39c6c4f26f8bd12","AssociationRelationship","","","id-610046d15dda4fd08391fd2cbc901779","id-f555a51fdafe4ef0bd47e5a596e9ec58",""
"id-45982ab0a57f4b5fa832afaebe6b0004","AssociationRelationship","","","id-daf82902cd504a12b654896c32aa7185","id-365f582bc36a45bf9504e23c783375f5",""
"id-da2ff3e441544148a452eeda3f1e21ff","AssociationRelationship","","","id-12f2d0c1d08b4fc7809248e1f4b408f0","id-365f582bc36a45bf9504e23c783375f5",""
"id-13ccfd16ebce41dda9534bd2259bd082","AssociationRelationship","","","id-b1c76dfc6b894a15b07e29337d87c6db","id-00e630880fce4f829eefdf0629e7446f",""
"id-a04765e6545e4aeca4eb18ac7e222f35","AssociationRelationship","","","id-00e630880fce4f829eefdf0629e7446f","id-b1c76dfc6b894a15b07e29337d87c6db",""
"id-8483cfaebe4e4902963890e170709093","CompositionRelationship","","","id-8a8cee09f104434f90a1fdf9502e6e5e","id-61bad150474d4ca3b2f43be60dd8114d",""
"id-2fb4a7ea4c6440249c7400abc9ccabe4","CompositionRelationship","","","id-8a8cee09f104434f90a1fdf9502e6e5e","id-9ce52cb1399e4305aaab428e3c9207c9",""
"id-08cbbf9867a14ab5b0a4beddd9167353","CompositionRelationship","","","id-8a8cee09f104434f90a1fdf9502e6e5e","id-5fae5bc58ac04edb96210e11d265dc88",""
"id-cf141cacc14647e888c5c6fe7365cb05","CompositionRelationship","","","id-8a8cee09f104434f90a1fdf9502e6e5e","id-4f92d1edeaf4421db894a99a53205551",""
"id-edb42d92978345b2b625cde2832aa207","CompositionRelationship","","","id-bb4e11548fa046549b8e737b633d9258","id-fdb26e6a5c224727b4e0139513878980",""
"id-0782d81d12af4a9fb06bef05a7d70322","CompositionRelationship","","","id-bb4e11548fa046549b8e737b633d9258","id-7f772df278324bf9be0c6c0b31553666",""
"id-33467fff59df41008fd2a909e3329e48","CompositionRelationship","","","id-bb4e11548fa046549b8e737b633d9258","id-11961d1cfa9f47df8b0801edb79d22a2",""
"id-e61a0f428dac4dbea6508f454f2a74a4","CompositionRelationship","","","id-00bd8c49b5a5434ca5efd76daf2d2ffa","id-30a3db74809a42d9a3a18649c2fe9679",""
"id-9c22142686b44224bcc7def62d68ceb6","CompositionRelationship","","","id-00bd8c49b5a5434ca5efd76daf2d2ffa","id-6e107709ca464ab4b7278ac3b992fc96",""
"id-ed9b0510170f4bb881352d8d1bba82cf","CompositionRelationship","","","id-00bd8c49b5a5434ca5efd76daf2d2ffa","id-f5779f551d0e4043b6fdba8f4aff388f",""
"id-308fc719be2243cdba1579d58cea926d","CompositionRelationship","","","id-1fbfd8f143134512bb72510e4fae2c83","id-30a3db74809a42d9a3a18649c2fe9679",""
"id-9ff23dd976f640119b5360628d751cd0","CompositionRelationship","","","id-1fbfd8f143134512bb72510e4fae2c83","id-2a036f6b21874a5a98b0f099ca2f88cb",""
"id-475dff88a1d5448e8a9ad407f3a1be76","CompositionRelationship","","","id-1fbfd8f143134512bb72510e4fae2c83","id-ea8c65c2825043c79ebafaea883baf3b",""
"id-07483dc633da45f1982f81d310a02e59","CompositionRelationship","","","id-1fbfd8f143134512bb72510e4fae2c83","id-9f5a07f7f6794001b7ea3f5ea5920ef5",""
"id-bc3e9eca140e4244898c8912de301aa8","CompositionRelationship","","","id-00bd8c49b5a5434ca5efd76daf2d2ffa","id-6b5104d52a914f5a86ced9454d9d05cb",""
"id-18d8a12845c94c32acd88e30b9ca8f17","CompositionRelationship","","","id-00bd8c49b5a5434ca5efd76daf2d2ffa","id-5e8b4e228895462b88cb7f3f2c850918",""
"id-4f38cee918b84374a969e3c85198c501","CompositionRelationship","","","id-00bd8c49b5a5434ca5efd76daf2d2ffa","id-dc68223acaa840e4bcea13891c022339",""
"id-e064dc2d6336498ebfe66b5d1626c60c","CompositionRelationship","","","id-bb4e11548fa046549b8e737b633d9258","id-75d7f6e8bfce42be8e3519ca511b241c",""
"id-fa45c900bafd42fbb3d87f71b5efeb15","CompositionRelationship","","","id-bb4e11548fa046549b8e737b633d9258","id-f69c226516b6402b9693c0855322d69a",""
"id-413b042082cb4431b63e1cda9386f7a0","CompositionRelationship","","","id-b11b2abd8b0c499aab9802892b289dfa","id-0f8d9ef35f96481bb7b39cd3775d7675",""
"id-bd3cbf0b7a554fb386595ff9ced952d6","CompositionRelationship","","","id-b11b2abd8b0c499aab9802892b289dfa","id-18f7093478584cd7891a08c389ce8b5a",""
"id-55a85ce910ee4a4c886429c305568dc5","CompositionRelationship","","","id-b11b2abd8b0c499aab9802892b289dfa","id-6ff9a27e96b047f299e379df48f0716b",""
"id-194486e7fdd34d27b069f83056f060e1","CompositionRelationship","","","id-57e97f686a154b8297d6a866232aa723","id-b1c5d979dae648bab1c5023c091ee6d6",""
"id-4f7062bc72514820b012cc1e23e3f513","CompositionRelationship","","","id-57e97f686a154b8297d6a866232aa723","id-c7b6e24e3e2e477cb36f6143602f6b9d",""
"id-9f3fcc1f42714887a0325fa9a47c5977","CompositionRelationship","","","id-57e97f686a154b8297d6a866232aa723","id-237af857881d467489afb3c0711e8eb9",""
"id-4225f5e5b0dd47fb9b8cbbe877ed052a","CompositionRelationship","","","id-57e97f686a154b8297d6a866232aa723","id-6ec22406d63d4a75ac8b5b35e2594918",""
"id-e60520b222544b548b258ac821dba4de","CompositionRelationship","","","id-57e97f686a154b8297d6a866232aa723","id-35ddd8b0773747468e3b358d67912b61",""
"id-7703ddfc4d974717a105f3d9fde43c93","CompositionRelationship","","","id-05278a82c12d4fe19278be838cf0ea34","id-811bf2a42445440c846eecbb2343c750",""
"id-d6d1d741b2f14b529ea1e35ecbba1457","CompositionRelationship","","","id-cd4a220f60fe41d3801429c727667416","id-4a5a3d6f64384faea071e7afdf066e22",""
"id-b66d493456b8499a9569cef54682b4de","CompositionRelationship","","","id-6c0607ddeeb54593bf26b23ef217bf53","id-0e83bc743b494947a3b86afbb351fc10",""
"id-8d16b218ed0d45eab66e09471a3fd776","CompositionRelationship","","","id-6c0607ddeeb54593bf26b23ef217bf53","id-db7a371e83364cae9bb221c098f69f92",""
"id-c2fc8593dd604734805bc14b4b49e4e3","CompositionRelationship","","","id-6c0607ddeeb54593bf26b23ef217bf53","id-1189b8ecdc394e4e8b52da58907509b3",""
"id-5b7bb7b2fa3b489987b7e03d972a9e11","CompositionRelationship","","","id-8a8cee09f104434f90a1fdf9502e6e5e","id-2ddfa499d4584107ad766db64fcdadbd",""
"id-e7bd8b860167486789d69a98a9c8841d","CompositionRelationship","","","id-8a8cee09f104434f90a1fdf9502e6e5e","id-5ae4174cc66e433a8255ac1a3394b23b",""
"id-0ff031cbe12a448ebf9b4b4a5b628ce6","CompositionRelationship","","","id-8a8cee09f104434f90a1fdf9502e6e5e","id-9a7ac36d5b1444b69a8cc3b2cd2cf7bb",""
"id-80b303be4bcb4745827d44c66233a7e7","CompositionRelationship","","","id-b11b2abd8b0c499aab9802892b289dfa","id-1c13c535ba3147dd8186fc5e1352af67",""
"id-35e57bda709349c693397d3f815a296d","CompositionRelationship","","","id-b11b2abd8b0c499aab9802892b289dfa","id-337c775d7f84419a852b0efdca7bdc4e",""
"id-84f0eca60bea4e57a485cbb5cb77cd19","RealizationRelationship","","","id-8a8cee09f104434f90a1fdf9502e6e5e","id-07b414a80457440d88a409d14f004bc1",""
"id-30f784681b644cf880c40c36deb9a9ec","RealizationRelationship","","","id-6df4e902447141da9105becf54029b70","id-610046d15dda4fd08391fd2cbc901779",""
"id-5463c10abbc548409bf577f50d1890a6","RealizationRelationship","","","id-bb4e11548fa046549b8e737b633d9258","id-76e5c63d7a5d42b39a2449072412b7f3",""
"id-47f26a666967450ebd4847a914332237","RealizationRelationship","","","id-bb4e11548fa046549b8e737b633d9258","id-59d32ae50015497899cd3d907a4fef08",""
"id-868cc95cf2784e6996978fe5b9af8791","RealizationRelationship","","","id-00bd8c49b5a5434ca5efd76daf2d2ffa","id-ec7a3fbd302248579bb5572d401511eb",""
"id-4062d2f3326c433da23d3610eb509d6f","RealizationRelationship","","","id-e13462b0f0cc4bdaa0055368ad6a3138","id-12f2d0c1d08b4fc7809248e1f4b408f0",""
"id-7d2a29903c0846d69757bd273d4c64d8","RealizationRelationship","","","id-1fbfd8f143134512bb72510e4fae2c83","id-45a843db1a134de2a29d5631981618b3",""
"id-606a41322d4f4553b45f4b2e775dced0","RealizationRelationship","","","id-00bd8c49b5a5434ca5efd76daf2d2ffa","id-3d1ec025815644438e74e699c2d0ff93",""
"id-2922d038c35746abacb4cf537688ef36","RealizationRelationship","","","id-b11b2abd8b0c499aab9802892b289dfa","id-67dd695e7ee24c58afc409361002e7e6",""
"id-505f2842184f4964b4fb464aa8f1f30c","RealizationRelationship","","","id-61f984fa9bc4427fa0b462f0574ecabb","id-1b8984e6027d46968b5326a6f28668a2",""
"id-50c35cf87aa841f79e395a9b06c5a7c5","RealizationRelationship","","","id-b11b2abd8b0c499aab9802892b289dfa","id-60712ac77e974fdfb115742c7d5efa2c",""
"id-2441a8a896f54bd9a5b1f40fe8ab1d25","RealizationRelationship","","","id-df91b1646167452ba87aea91e7133dbc","id-ec3b9939665a44568cfa4595d34b9ac2",""
"id-bd1e434c5feb45d6819777871cd9ddae","RealizationRelationship","","","id-df91b1646167452ba87aea91e7133dbc","id-4899bfe1b83e4ed0ac1d2c5e7ea54280",""
"id-3aebf7233258407cbf6f3d2d34b34bd6","RealizationRelationship","","","id-df91b1646167452ba87aea91e7133dbc","id-672fe82f264d4409819674859294508f",""
"id-282cb1fc46904e5a9508e2f523026e14","RealizationRelationship","","","id-e5daf229ec3c486f8179a572a35857a7","id-c7b6e24e3e2e477cb36f6143602f6b9d",""
"id-9c82a5027cae4ad6a890d878599d0ef3","RealizationRelationship","","","id-e5daf229ec3c486f8179a572a35857a7","id-811bf2a42445440c846eecbb2343c750",""
"id-165dbd1573244f53a4867d40685f208d","RealizationRelationship","","","id-df91b1646167452ba87aea91e7133dbc","id-cea1d2526b8448e68bbc15cf42e17185",""
"id-7e15fe5406cd4434b014276b88e72f62","RealizationRelationship","","","id-df91b1646167452ba87aea91e7133dbc","id-de39afa3af7d4710bd9e6551c08ce633",""
"id-1f78e5fbb6c44b78810e6fb1803aed90","RealizationRelationship","","","id-b1c76dfc6b894a15b07e29337d87c6db","id-03eca15b8c65439399cee2acd55a98aa",""
"id-d01eb7c4cb0a4ef4a160baccbf3223f0","RealizationRelationship","","","id-df91b1646167452ba87aea91e7133dbc","id-d97e3cfee4164dfa86120eefb5783894",""
"id-b2ab5219780b48fc8d723bf4d3c45cf1","RealizationRelationship","","","id-d97e3cfee4164dfa86120eefb5783894","id-811bf2a42445440c846eecbb2343c750",""
"id-1c9efcf0ec4049c98e5e8e76d73df00d","RealizationRelationship","","","id-365f582bc36a45bf9504e23c783375f5","id-caa60d39520f4fd1b7b4d99609bc523a",""
"id-f0ada36eeccd4f1da5f4f10731ec310b","ServingRelationship","","","id-7f772df278324bf9be0c6c0b31553666","id-96cbc6a9d6f84926aec41fb096486e32",""
"id-a2fbeb42086c46c6997966114a2be7f9","ServingRelationship","","","id-bb4e11548fa046549b8e737b633d9258","id-459f3e52762743b5bea35f359f6a969b",""
"id-6e8490891eee49ca921cff3be2924761","ServingRelationship","","","id-1fbfd8f143134512bb72510e4fae2c83","id-459f3e52762743b5bea35f359f6a969b",""
"id-78a9af0bd65c42f38ec4702e1fdb0fdb","ServingRelationship","","","id-00bd8c49b5a5434ca5efd76daf2d2ffa","id-459f3e52762743b5bea35f359f6a969b",""
"id-bfc8d2bbbc964c50a73c21639c985cb5","ServingRelationship","","","id-25f74a9f0d5a4969977fa05f739fd45e","id-33e877a113504151bd6f0f5d6f888bad",""
"id-01bba0a4c3ba40d6ab220394eb851327","ServingRelationship","","","id-a4fd25e3c2c64b8ea4efce6b9e3ccb5c","id-c7e824a6227c49dca32b0e633ce8953f",""
"id-6a189b9f4c0640daa26b455fdd185d51","ServingRelationship","","","id-d5f6992f1c4448a7b07e05605f5fe890","id-1454f4fd898543ad9cf34897b55f448c",""
"id-dc9ba2ca075c4878a981c6e9f79212a0","ServingRelationship","","","id-bcf97430049b4f4a97badd4d260c2cc0","id-548eab41220546c0a349ce883ef366b3",""
"id-3292012565944caa829ffc1b61a6dc84","ServingRelationship","","","id-619c9dcae40f4900abb32f9a16f5cd8b","id-bcf97430049b4f4a97badd4d260c2cc0",""
"id-1d91723c17814c7d987c74ae2908c103","ServingRelationship","","","id-548eab41220546c0a349ce883ef366b3","id-bb4e11548fa046549b8e737b633d9258",""
"id-dc63cc818b164b309375faffbd33ac2b","ServingRelationship","","","id-c7e824a6227c49dca32b0e633ce8953f","id-8a8cee09f104434f90a1fdf9502e6e5e",""
"id-2aa3297a1fe046c586ddb9fc444bda90","ServingRelationship","","","id-5826f8ba85d04b9fb3b1cf3f923862a7","id-1fbfd8f143134512bb72510e4fae2c83",""
"id-3dff030cc78d48baba7bb1f04671392d","ServingRelationship","","","id-1454f4fd898543ad9cf34897b55f448c","id-00bd8c49b5a5434ca5efd76daf2d2ffa",""
"id-ca49da9862ef439eaa519c47aaade92b","ServingRelationship","","","id-5826f8ba85d04b9fb3b1cf3f923862a7","id-8a8cee09f104434f90a1fdf9502e6e5e",""
"id-a5949dd5f2654a72bee66667e37c88df","ServingRelationship","","","id-548eab41220546c0a349ce883ef366b3","id-8a8cee09f104434f90a1fdf9502e6e5e",""
"id-633e9874ffc04c5f994efa009a77df34","ServingRelationship","","","id-33e877a113504151bd6f0f5d6f888bad","id-5826f8ba85d04b9fb3b1cf3f923862a7",""
"id-7861a3589d474e49b72c1ab0ea512392","ServingRelationship","","","id-c7b6e24e3e2e477cb36f6143602f6b9d","id-6ec22406d63d4a75ac8b5b35e2594918",""
"id-b4fb24743d584216bcd02566feb4f8e8","ServingRelationship","","","id-c7b6e24e3e2e477cb36f6143602f6b9d","id-237af857881d467489afb3c0711e8eb9",""
"id-5ad0d49a0f7f49cb80a6b0889e6fedf9","ServingRelationship","","","id-c7b6e24e3e2e477cb36f6143602f6b9d","id-b1c5d979dae648bab1c5023c091ee6d6",""
"id-715a9478806e4f68965bf3cbb9cc6b23","ServingRelationship","","","id-c7b6e24e3e2e477cb36f6143602f6b9d","id-35ddd8b0773747468e3b358d67912b61",""
"id-ff0b01bd1ea94665abc318cfdbc739cd","ServingRelationship","","","id-6ec22406d63d4a75ac8b5b35e2594918","id-a077349feda8451ca3ceb3f85ec5a24d",""
"id-3d49b0207fc84d3a8b5667893c8a5021","ServingRelationship","","","id-237af857881d467489afb3c0711e8eb9","id-f5556ba4d9ee407495f2b407ff19fcc0",""
"id-93ca91138f454f66b725677e0b267a55","ServingRelationship","","","id-b1c5d979dae648bab1c5023c091ee6d6","id-ea63bc2a6c1a4813a3228e065a856802",""
"id-04776c9d26ac492a8d047cafc04f9bca","ServingRelationship","","","id-35ddd8b0773747468e3b358d67912b61","id-054503b05e3640a095663713605a6a22",""
"id-96a04ebfd0c4449ab88bcf21a9f3c2d6","ServingRelationship","","","id-0e83bc743b494947a3b86afbb351fc10","id-c7b6e24e3e2e477cb36f6143602f6b9d",""
"id-14c4d48ca1af4b65b87bd884fb222734","ServingRelationship","","","id-0e83bc743b494947a3b86afbb351fc10","id-db7a371e83364cae9bb221c098f69f92",""
"id-59ce0a2a816047a4ae84f7407ad630df","ServingRelationship","","","id-811bf2a42445440c846eecbb2343c750","id-db7a371e83364cae9bb221c098f69f92",""
"id-36aef0c858854aa2ac279a0ef4d39b65","ServingRelationship","","","id-db7a371e83364cae9bb221c098f69f92","id-c7b6e24e3e2e477cb36f6143602f6b9d",""
"id-f3e1c4cd9fa84d958a2a5f682dcaffee","ServingRelationship","","","id-1189b8ecdc394e4e8b52da58907509b3","id-811bf2a42445440c846eecbb2343c750",""
"id-cd90ac68e8774d25acce151fe970d075","ServingRelationship","","","id-03eca15b8c65439399cee2acd55a98aa","id-bb4e11548fa046549b8e737b633d9258",""
"id-6c6679bca84d46d29e3ce3a16237602a","ServingRelationship","","","id-03eca15b8c65439399cee2acd55a98aa","id-1fbfd8f143134512bb72510e4fae2c83",""
"id-1da51a247f6447e682b139f01a6bff80","ServingRelationship","","","id-03eca15b8c65439399cee2acd55a98aa","id-00bd8c49b5a5434ca5efd76daf2d2ffa",""
"id-ff7af790f31a49dabb554ef53673b72f","ServingRelationship","","","id-03eca15b8c65439399cee2acd55a98aa","id-8a8cee09f104434f90a1fdf9502e6e5e",""
"id-83e3707047294c2e8c8acedef229bf88","ServingRelationship","","","id-ec3b9939665a44568cfa4595d34b9ac2","id-c7b6e24e3e2e477cb36f6143602f6b9d",""
"id-15ea5b0fc34443249ba3ae0db854b838","ServingRelationship","","","id-4899bfe1b83e4ed0ac1d2c5e7ea54280","id-c7b6e24e3e2e477cb36f6143602f6b9d",""
"id-2ea5cb95c51e4d569a393fa0dbfb1622","ServingRelationship","","","id-672fe82f264d4409819674859294508f","id-811bf2a42445440c846eecbb2343c750",""
"id-f072637bb02b425cb6edd135a70569e7","ServingRelationship","","","id-4899bfe1b83e4ed0ac1d2c5e7ea54280","id-811bf2a42445440c846eecbb2343c750",""
"id-4117ea7628ea4a86bff90c901a2e991e","ServingRelationship","","","id-de39afa3af7d4710bd9e6551c08ce633","id-bb4e11548fa046549b8e737b633d9258",""
"id-43ca77fa60ef4f17bd84816ee56da41a","ServingRelationship","","","id-de39afa3af7d4710bd9e6551c08ce633","id-1fbfd8f143134512bb72510e4fae2c83",""
"id-336c63087d50470a9e9347fbca21d65a","ServingRelationship","","","id-de39afa3af7d4710bd9e6551c08ce633","id-00bd8c49b5a5434ca5efd76daf2d2ffa",""
"id-7020d6bd393c4cee9b0eee8806a19956","ServingRelationship","","","id-de39afa3af7d4710bd9e6551c08ce633","id-8a8cee09f104434f90a1fdf9502e6e5e",""
"id-2159d2d7f109445193e3b628733c8229","ServingRelationship","","","id-cea1d2526b8448e68bbc15cf42e17185","id-de39afa3af7d4710bd9e6551c08ce633",""
"id-d7b03af9e5714aefae3cfae9a50d8ea3","ServingRelationship","","","id-811bf2a42445440c846eecbb2343c750","id-c7b6e24e3e2e477cb36f6143602f6b9d",""
"id-dd0ba52acfe94026b4afea655e3abc32","ServingRelationship","","","id-c7b6e24e3e2e477cb36f6143602f6b9d","id-bb4e11548fa046549b8e737b633d9258",""
"id-f8f16e33c83b4a938f5ab95c0ca4a45a","ServingRelationship","","","id-c7b6e24e3e2e477cb36f6143602f6b9d","id-8a8cee09f104434f90a1fdf9502e6e5e",""
"id-fd919ab614784fada7deb20bd4c0a204","ServingRelationship","","","id-c7b6e24e3e2e477cb36f6143602f6b9d","id-00bd8c49b5a5434ca5efd76daf2d2ffa",""
"id-32ecdf195ec34f5187c67d6c2bd3c1ae","ServingRelationship","","","id-c7b6e24e3e2e477cb36f6143602f6b9d","id-1fbfd8f143134512bb72510e4fae2c83",""
"id-f761555829dc4378b078712c9246d419","ServingRelationship","","","id-de39afa3af7d4710bd9e6551c08ce633","id-b31c0cc78197480e8b015eb61b461208",""
"id-3967705b954d43518e8bc4c62b9a00f7","SpecializationRelationship","","","id-d5f6992f1c4448a7b07e05605f5fe890","id-6d31d1546ad646e9b634d1239001404b",""
"id-9685bae5937e46e88c762784f8e1e510","TriggeringRelationship","","","id-9ce52cb1399e4305aaab428e3c9207c9","id-4f92d1edeaf4421db894a99a53205551",""
"id-cbade617390c4929a171ce7d43b40c86","TriggeringRelationship","","","id-9ce52cb1399e4305aaab428e3c9207c9","id-61bad150474d4ca3b2f43be60dd8114d",""
"id-9d877b9b22494fb2b53bc864f9f2eafb","TriggeringRelationship","","","id-5fae5bc58ac04edb96210e11d265dc88","id-9ce52cb1399e4305aaab428e3c9207c9",""
"id-78e71220b1f949cabc9c5892b906f7f0","TriggeringRelationship","","","id-63a92237d21c43759b5142fb42c5dbdb","id-7a13f1941c9344f698147969b0339944",""
"id-4e92988480864fe0a655b89c1094cdd5","TriggeringRelationship","","","id-63a92237d21c43759b5142fb42c5dbdb","id-1ec627fdc0f34af8816fc091cd384363",""
"id-b85f8fd931954c59bc8e6547985c1503","TriggeringRelationship","","","id-1ec627fdc0f34af8816fc091cd384363","id-5fae5bc58ac04edb96210e11d265dc88",""
"id-f0c88670832743ffaddbe17eee4c64ae","TriggeringRelationship","","","id-7a13f1941c9344f698147969b0339944","id-5fae5bc58ac04edb96210e11d265dc88",""
"id-18c3dff3ba1d4203868a74336561d506","TriggeringRelationship","","","id-4f92d1edeaf4421db894a99a53205551","id-68581da32dda48888d1d8401fa6b125a",""
"id-109af2fe8743456d8241691d0ecd1bde","TriggeringRelationship","","","id-1ff648c76bd4428590b8918d87d63777","id-fdb26e6a5c224727b4e0139513878980",""
"id-c40014c677824489bbe4f940632d7847","TriggeringRelationship","","","id-a2998b18e1d7495391e14c9690e9a200","id-1ff648c76bd4428590b8918d87d63777",""
"id-83390c4c2d174dd984188524a62bc24e","TriggeringRelationship","","","id-11961d1cfa9f47df8b0801edb79d22a2","id-7f772df278324bf9be0c6c0b31553666",""
"id-a34370f41cb9493398c41b776975bfe6","TriggeringRelationship","","","id-4ecdeba535824522a08b0639f63ab0da","id-30a3db74809a42d9a3a18649c2fe9679",""
"id-c4062a4825b64f9896e18b94cfab1e9d","TriggeringRelationship","","","id-30a3db74809a42d9a3a18649c2fe9679","id-6e107709ca464ab4b7278ac3b992fc96",""
"id-bdb6a2e09a494e7aa1599adcb3111afe","TriggeringRelationship","","","id-6e107709ca464ab4b7278ac3b992fc96","id-f5779f551d0e4043b6fdba8f4aff388f",""
"id-2a39fa9db95f4919a496d1d4e72e7252","TriggeringRelationship","","","id-2a036f6b21874a5a98b0f099ca2f88cb","id-ea8c65c2825043c79ebafaea883baf3b",""
"id-12d9baac9602492cbe1b6efb1278f6d5","TriggeringRelationship","","","id-30a3db74809a42d9a3a18649c2fe9679","id-2a036f6b21874a5a98b0f099ca2f88cb",""
"id-522e39b14dd04f6d8fbbfdafb4ea500e","TriggeringRelationship","","","id-ea8c65c2825043c79ebafaea883baf3b","id-9f5a07f7f6794001b7ea3f5ea5920ef5",""
"id-5de02ed7de2e4cc9a87dc2f95dc89b6e","TriggeringRelationship","","","id-5e8b4e228895462b88cb7f3f2c850918","id-dc68223acaa840e4bcea13891c022339",""
"id-c47869f51fa1437badbac1117ac9f302","TriggeringRelationship","","","id-ec7a3fbd302248579bb5572d401511eb","id-6b5104d52a914f5a86ced9454d9d05cb",""
"id-05d4de978f2e474597b8a07a62237d2e","TriggeringRelationship","","","id-6b5104d52a914f5a86ced9454d9d05cb","id-5e8b4e228895462b88cb7f3f2c850918",""
"id-23f970fcbae34964a8276de51dd2a0d1","TriggeringRelationship","","","id-59bd25020bca4a3cb5abd82d06db7646","id-ec7a3fbd302248579bb5572d401511eb",""
"id-7762927a07cb446e84af00c7b7fe8476","TriggeringRelationship","","","id-75d7f6e8bfce42be8e3519ca511b241c","id-f69c226516b6402b9693c0855322d69a",""
"id-fcc8524ccc2540a3baf6ac23987c5871","TriggeringRelationship","","","id-f69c226516b6402b9693c0855322d69a","id-45a843db1a134de2a29d5631981618b3",""
"id-7170faee273f45ea92cfa11b14c922e6","TriggeringRelationship","","","id-0f8d9ef35f96481bb7b39cd3775d7675","id-6ff9a27e96b047f299e379df48f0716b",""
"id-8cd485cf3c344878a1e87b964daf009d","TriggeringRelationship","","","id-6ff9a27e96b047f299e379df48f0716b","id-18f7093478584cd7891a08c389ce8b5a",""
"id-098f952ae0b641d6b41a73a269fe00c0","TriggeringRelationship","","","id-2ddfa499d4584107ad766db64fcdadbd","id-f06a9a6486b34af6a2da086803670288",""
"id-ead14a2a19c9497683de94d183f479bb","TriggeringRelationship","","","id-7a13f1941c9344f698147969b0339944","id-c008332fa99d4a1aa9677da98f2644fe",""
"id-03e19c63990c44c892871d9fecf93588","TriggeringRelationship","","","id-1ec627fdc0f34af8816fc091cd384363","id-5ae4174cc66e433a8255ac1a3394b23b",""
"id-c5c2b9d8270940e993f8e7b610c0d552","TriggeringRelationship","","","id-c008332fa99d4a1aa9677da98f2644fe","id-9a7ac36d5b1444b69a8cc3b2cd2cf7bb",""
"id-1bdbc37b05b34e73b015b8db2273d934","TriggeringRelationship","","","id-5ae4174cc66e433a8255ac1a3394b23b","id-9a7ac36d5b1444b69a8cc3b2cd2cf7bb",""
"id-9dbd2cabb5f2497191f319a0b77ab6d8","TriggeringRelationship","","","id-9a7ac36d5b1444b69a8cc3b2cd2cf7bb","id-2ddfa499d4584107ad766db64fcdadbd",""
"id-b61e97b771aa4887898dd3a76b5f3c5d","TriggeringRelationship","","","id-9a7ac36d5b1444b69a8cc3b2cd2cf7bb","id-61bad150474d4ca3b2f43be60dd8114d",""
"id-fcd06e328e934319b2c1db26637a195e","TriggeringRelationship","","","id-75b0aa617f3a4d1e8481c791af68a106","id-8716fe72cada49ac8cb650450d117339",""
"id-0e156cb71d6f42828b86fbed2aeae7bb","TriggeringRelationship","","","id-337c775d7f84419a852b0efdca7bdc4e","id-d040746a93354bf8bcd6c2b28394b7da",""
"id-3be9fd9e91f545649343080048ef68be","TriggeringRelationship","","","id-1c13c535ba3147dd8186fc5e1352af67","id-f3b5a892cc4047bebea4108d148e1c8f",""
"id-061d185539dd499e898d497663031441","TriggeringRelationship","","","id-03eca15b8c65439399cee2acd55a98aa","id-00bd8c49b5a5434ca5efd76daf2d2ffa",""