{"identifier":"https://me.big.tuwien.ac.at/EAModelSet/c9bc22e1","archimateId":"c9bc22e1","name":"4b Inheritance Mappers","description":"","formats":["XML","CSV","JSON","ARCHIMATE"],"source":"GitHub","repository":"wilmerkrisp/patterns","license":"Other","sourceFile":"raw-data/github/xml/inheritance_mappers.xml","sourceFormat":"XML","timestamp":"2023-07-06T09:29:17","tags":["DUPLICATE"],"duplicates":["raw-data/github/archimate/inheritance_mappers.archimate"],"language":"en","elements":[{"id":"id-4a231cc7","name":"class type 1","type":"ApplicationComponent","layer":"application"},{"id":"id-7c40803e","name":"class subtype 2","type":"ApplicationComponent","layer":"application"},{"id":"fd2bbfb2","name":"class subtype 3","type":"ApplicationComponent","layer":"application"},{"id":"id-761bf9ca","name":"entity 1","type":"DataObject","layer":"application"},{"id":"fdf1bce4","name":"columns for type 1","type":"DataObject","layer":"application"},{"id":"c6c82c88","name":"entity 2","type":"DataObject","layer":"application"},{"id":"id-69e64ad3","name":"columns for type 2","type":"DataObject","layer":"application"},{"id":"id-6e3825c7","name":"columns for type 1","type":"DataObject","layer":"application"},{"id":"id-8b3e9061","name":"entity 3","type":"DataObject","layer":"application"},{"id":"id-49809783","name":"columns for type 3","type":"DataObject","layer":"application"},{"id":"id-8a483709","name":"columns for type 2","type":"DataObject","layer":"application"},{"id":"id-3673bd45","name":"columns for type 1","type":"DataObject","layer":"application"},{"id":"af4bcad7","name":"class mapper 1","type":"ApplicationComponent","layer":"application"},{"id":"id-104cf938","name":"Create/insert (v_object)","type":"ApplicationFunction","layer":"application"},{"id":"id-9ca8db73","name":"factory (props)","type":"ApplicationFunction","layer":"application"},{"id":"id-5bc857d0","name":"Update (v_object)","type":"ApplicationFunction","layer":"application"},{"id":"id-260a976f","name":"Delete (id)","type":"ApplicationFunction","layer":"application"},{"id":"ce7c03a3","name":"Read(id)","type":"ApplicationFunction","layer":"application"},{"id":"e91377c1","name":"Find(parameters)","type":"ApplicationFunction","layer":"application"},{"id":"id-1464ec95","name":"class mapper 2","type":"ApplicationComponent","layer":"application"},{"id":"id-7498e9b4","name":"Create/insert (v_object)","type":"ApplicationFunction","layer":"application"},{"id":"id-9fe1eaff","name":"factory (props)","type":"ApplicationFunction","layer":"application"},{"id":"id-777665e2","name":"Update (v_object)","type":"ApplicationFunction","layer":"application"},{"id":"id-262e8a41","name":"Delete (id)","type":"ApplicationFunction","layer":"application"},{"id":"id-965999cd","name":"Read(id)","type":"ApplicationFunction","layer":"application"},{"id":"id-9815df41","name":"Find(parameters)","type":"ApplicationFunction","layer":"application"},{"id":"id-3059fba0","name":"class mapper 3","type":"ApplicationComponent","layer":"application"},{"id":"b32803bb","name":"Create/insert (v_object)","type":"ApplicationFunction","layer":"application"},{"id":"id-49fdd06d","name":"factory (props)","type":"ApplicationFunction","layer":"application"},{"id":"id-6f41fd93","name":"Update (v_object)","type":"ApplicationFunction","layer":"application"},{"id":"id-7c3ddd4d","name":"Delete (id)","type":"ApplicationFunction","layer":"application"},{"id":"id-232b6a57","name":"Read(id)","type":"ApplicationFunction","layer":"application"},{"id":"id-043289f6","name":"Find(parameters)","type":"ApplicationFunction","layer":"application"},{"id":"id-90928534","name":"entity 1","type":"DataObject","layer":"application"},{"id":"c57c5b92","name":"entity 2","type":"DataObject","layer":"application"},{"id":"id-3a5f6c83","name":"entity 3","type":"DataObject","layer":"application"},{"id":"d8519c78","name":"entity 4","type":"DataObject","layer":"application"},{"id":"ea279fd6","name":"entity 5","type":"DataObject","layer":"application"},{"id":"id-55439e95","name":"entity 6","type":"DataObject","layer":"application"}],"relationships":[{"id":"e4116a0b","sourceId":"id-761bf9ca","targetId":"fdf1bce4","type":"Composition"},{"id":"id-314be1c0","sourceId":"af4bcad7","targetId":"id-260a976f","type":"Assignment"},{"id":"id-8c0a8666","sourceId":"id-3059fba0","targetId":"id-6f41fd93","type":"Assignment"},{"id":"f7cb42f3","sourceId":"id-7c40803e","targetId":"id-4a231cc7","type":"Specialization"},{"id":"id-658081ec","sourceId":"id-8b3e9061","targetId":"id-3673bd45","type":"Composition"},{"id":"id-77c3ce4b","sourceId":"id-1464ec95","targetId":"id-262e8a41","type":"Assignment"},{"id":"id-45f04a72","sourceId":"id-1464ec95","targetId":"c6c82c88","type":"Access"},{"id":"b15bea1f","sourceId":"c6c82c88","targetId":"id-6e3825c7","type":"Composition"},{"id":"id-8c414db3","sourceId":"af4bcad7","targetId":"id-104cf938","type":"Assignment"},{"id":"id-50f79694","sourceId":"id-3059fba0","targetId":"id-043289f6","type":"Assignment"},{"id":"cd57aa0a","sourceId":"af4bcad7","targetId":"ce7c03a3","type":"Assignment"},{"id":"a9b5aabe","sourceId":"id-3059fba0","targetId":"b32803bb","type":"Assignment"},{"id":"id-1229514b","sourceId":"c6c82c88","targetId":"id-69e64ad3","type":"Composition"},{"id":"d7a8681b","sourceId":"id-8b3e9061","targetId":"id-49809783","type":"Composition"},{"id":"dc5a1a13","sourceId":"id-1464ec95","targetId":"id-7498e9b4","type":"Assignment"},{"id":"id-07253ec0","sourceId":"id-3059fba0","targetId":"id-8b3e9061","type":"Access"},{"id":"id-1b5e6295","sourceId":"id-8b3e9061","targetId":"id-8a483709","type":"Composition"},{"id":"id-6a49eb0a","sourceId":"id-1464ec95","targetId":"id-9815df41","type":"Assignment"},{"id":"fb32fbeb","sourceId":"fd2bbfb2","targetId":"id-3059fba0","type":"Serving"},{"id":"id-3377e7c6","sourceId":"af4bcad7","targetId":"id-9ca8db73","type":"Assignment"},{"id":"id-45d86842","sourceId":"id-1464ec95","targetId":"id-965999cd","type":"Assignment"},{"id":"id-52fd8aa8","sourceId":"af4bcad7","targetId":"id-5bc857d0","type":"Assignment"},{"id":"id-2ad66765","sourceId":"af4bcad7","targetId":"e91377c1","type":"Assignment"},{"id":"id-53533076","sourceId":"id-3059fba0","targetId":"id-232b6a57","type":"Assignment"},{"id":"d061a68b","sourceId":"id-1464ec95","targetId":"id-777665e2","type":"Assignment"},{"id":"id-6586fbe9","sourceId":"id-3059fba0","targetId":"id-49fdd06d","type":"Assignment"},{"id":"e897db4f","sourceId":"id-1464ec95","targetId":"id-9fe1eaff","type":"Assignment"},{"id":"id-2445531f","sourceId":"id-7c40803e","targetId":"id-1464ec95","type":"Serving"},{"id":"id-395ea135","sourceId":"af4bcad7","targetId":"id-761bf9ca","type":"Access"},{"id":"id-685107a6","sourceId":"id-3059fba0","targetId":"id-7c3ddd4d","type":"Assignment"},{"id":"id-0e76b74e","sourceId":"id-4a231cc7","targetId":"af4bcad7","type":"Serving"},{"id":"id-61aeed8f","sourceId":"fd2bbfb2","targetId":"id-7c40803e","type":"Specialization"},{"id":"id-67b25df7","sourceId":"id-90928534","targetId":"c57c5b92","type":"Association"},{"id":"id-29196e58","sourceId":"c57c5b92","targetId":"id-3a5f6c83","type":"Association"},{"id":"c1b9eae2","sourceId":"d8519c78","targetId":"id-3a5f6c83","type":"Association"},{"id":"id-832c728d","sourceId":"id-55439e95","targetId":"ea279fd6","type":"Association"},{"id":"id-537cc847","sourceId":"id-90928534","targetId":"id-55439e95","type":"Association"},{"id":"id-34e54914","sourceId":"ea279fd6","targetId":"d8519c78","type":"Association"},{"id":"c2e650f3","sourceId":"id-55439e95","targetId":"id-3a5f6c83","type":"Association"},{"id":"id-30344987","sourceId":"id-90928534","targetId":"d8519c78","type":"Association"}],"views":[{"id":"id-0976a022","name":"Inheritance Mappers","viewpoint":""}]}