<?xml version="1.0" encoding="UTF-8"?>
<model xmlns="http://www.opengroup.org/xsd/archimate/3.0/" xmlns:xsi="http://www.w3.org/2001/XMLSchema-instance" xsi:schemaLocation="http://www.opengroup.org/xsd/archimate/3.0/ http://www.opengroup.org/xsd/archimate/3.1/archimate3_Diagram.xsd" identifier="c9bc22e1">
  <name xml:lang="en">4b Inheritance Mappers</name>
  <elements>
    <element identifier="id-4a231cc7" xsi:type="ApplicationComponent">
      <name xml:lang="en">class type 1</name>
    </element>
    <element identifier="id-7c40803e" xsi:type="ApplicationComponent">
      <name xml:lang="en">class subtype 2</name>
    </element>
    <element identifier="fd2bbfb2" xsi:type="ApplicationComponent">
      <name xml:lang="en">class subtype 3</name>
    </element>
    <element identifier="id-761bf9ca" xsi:type="DataObject">
      <name xml:lang="en">entity 1</name>
    </element>
    <element identifier="fdf1bce4" xsi:type="DataObject">
      <name xml:lang="en">columns for type 1</name>
    </element>
    <element identifier="c6c82c88" xsi:type="DataObject">
      <name xml:lang="en">entity 2</name>
    </element>
    <element identifier="id-69e64ad3" xsi:type="DataObject">
      <name xml:lang="en">columns for type 2</name>
    </element>
    <element identifier="id-6e3825c7" xsi:type="DataObject">
      <name xml:lang="en">columns for type 1</name>
    </element>
    <element identifier="id-8b3e9061" xsi:type="DataObject">
      <name xml:lang="en">entity 3</name>
    </element>
    <element identifier="id-49809783" xsi:type="DataObject">
      <name xml:lang="en">columns for type 3</name>
    </element>
    <element identifier="id-8a483709" xsi:type="DataObject">
      <name xml:lang="en">columns for type 2</name>
    </element>
    <element identifier="id-3673bd45" xsi:type="DataObject">
      <name xml:lang="en">columns for type 1</name>
    </element>
    <element identifier="af4bcad7" xsi:type="ApplicationComponent">
      <name xml:lang="en">class mapper 1</name>
    </element>
    <element identifier="id-104cf938" xsi:type="ApplicationFunction">
      <name xml:lang="en">Create/insert (v_object)</name>
    </element>
    <element identifier="id-9ca8db73" xsi:type="ApplicationFunction">
      <name xml:lang="en">factory (props)</name>
    </element>
    <element identifier="id-5bc857d0" xsi:type="ApplicationFunction">
      <name xml:lang="en">Update (v_object)</name>
    </element>
    <element identifier="id-260a976f" xsi:type="ApplicationFunction">
      <name xml:lang="en">Delete (id)</name>
    </element>
    <element identifier="ce7c03a3" xsi:type="ApplicationFunction">
      <name xml:lang="en">Read(id)</name>
    </element>
    <element identifier="e91377c1" xsi:type="ApplicationFunction">
      <name xml:lang="en">Find(parameters)</name>
    </element>
    <element identifier="id-1464ec95" xsi:type="ApplicationComponent">
      <name xml:lang="en">class mapper 2</name>
    </element>
    <element identifier="id-7498e9b4" xsi:type="ApplicationFunction">
      <name xml:lang="en">Create/insert (v_object)</name>
    </element>
    <element identifier="id-9fe1eaff" xsi:type="ApplicationFunction">
      <name xml:lang="en">factory (props)</name>
    </element>
    <element identifier="id-777665e2" xsi:type="ApplicationFunction">
      <name xml:lang="en">Update (v_object)</name>
    </element>
    <element identifier="id-262e8a41" xsi:type="ApplicationFunction">
      <name xml:lang="en">Delete (id)</name>
    </element>
    <element identifier="id-965999cd" xsi:type="ApplicationFunction">
      <name xml:lang="en">Read(id)</name>
    </element>
    <element identifier="id-9815df41" xsi:type="ApplicationFunction">
      <name xml:lang="en">Find(parameters)</name>
    </element>
    <element identifier="id-3059fba0" xsi:type="ApplicationComponent">
      <name xml:lang="en">class mapper 3</name>
    </element>
    <element identifier="b32803bb" xsi:type="ApplicationFunction">
      <name xml:lang="en">Create/insert (v_object)</name>
    </element>
    <element identifier="id-49fdd06d" xsi:type="ApplicationFunction">
      <name xml:lang="en">factory (props)</name>
    </element>
    <element identifier="id-6f41fd93" xsi:type="ApplicationFunction">
      <name xml:lang="en">Update (v_object)</name>
    </element>
    <element identifier="id-7c3ddd4d" xsi:type="ApplicationFunction">
      <name xml:lang="en">Delete (id)</name>
    </element>
    <element identifier="id-232b6a57" xsi:type="ApplicationFunction">
      <name xml:lang="en">Read(id)</name>
    </element>
    <element identifier="id-043289f6" xsi:type="ApplicationFunction">
      <name xml:lang="en">Find(parameters)</name>
    </element>
    <element identifier="id-90928534" xsi:type="DataObject">
      <name xml:lang="en">entity 1</name>
    </element>
    <element identifier="c57c5b92" xsi:type="DataObject">
      <name xml:lang="en">entity 2</name>
    </element>
    <element identifier="id-3a5f6c83" xsi:type="DataObject">
      <name xml:lang="en">entity 3</name>
    </element>
    <element identifier="d8519c78" xsi:type="DataObject">
      <name xml:lang="en">entity 4</name>
    </element>
    <element identifier="ea279fd6" xsi:type="DataObject">
      <name xml:lang="en">entity 5</name>
    </element>
    <element identifier="id-55439e95" xsi:type="DataObject">
      <name xml:lang="en">entity 6</name>
    </element>
  </elements>
  <relationships>
    <relationship identifier="e4116a0b" source="id-761bf9ca" target="fdf1bce4" xsi:type="Composition" />
    <relationship identifier="id-314be1c0" source="af4bcad7" target="id-260a976f" xsi:type="Assignment" />
    <relationship identifier="id-8c0a8666" source="id-3059fba0" target="id-6f41fd93" xsi:type="Assignment" />
    <relationship identifier="f7cb42f3" source="id-7c40803e" target="id-4a231cc7" xsi:type="Specialization" />
    <relationship identifier="id-658081ec" source="id-8b3e9061" target="id-3673bd45" xsi:type="Composition" />
    <relationship identifier="id-77c3ce4b" source="id-1464ec95" target="id-262e8a41" xsi:type="Assignment" />
    <relationship identifier="id-45f04a72" source="id-1464ec95" target="c6c82c88" xsi:type="Access" accessType="Write" />
    <relationship identifier="b15bea1f" source="c6c82c88" target="id-6e3825c7" xsi:type="Composition" />
    <relationship identifier="id-8c414db3" source="af4bcad7" target="id-104cf938" xsi:type="Assignment" />
    <relationship identifier="id-50f79694" source="id-3059fba0" target="id-043289f6" xsi:type="Assignment" />
    <relationship identifier="cd57aa0a" source="af4bcad7" target="ce7c03a3" xsi:type="Assignment" />
    <relationship identifier="a9b5aabe" source="id-3059fba0" target="b32803bb" xsi:type="Assignment" />
    <relationship identifier="id-1229514b" source="c6c82c88" target="id-69e64ad3" xsi:type="Composition" />
    <relationship identifier="d7a8681b" source="id-8b3e9061" target="id-49809783" xsi:type="Composition" />
    <relationship identifier="dc5a1a13" source="id-1464ec95" target="id-7498e9b4" xsi:type="Assignment" />
    <relationship identifier="id-07253ec0" source="id-3059fba0" target="id-8b3e9061" xsi:type="Access" accessType="Write" />
    <relationship identifier="id-1b5e6295" source="id-8b3e9061" target="id-8a483709" xsi:type="Composition" />
    <relationship identifier="id-6a49eb0a" source="id-1464ec95" target="id-9815df41" xsi:type="Assignment" />
    <relationship identifier="fb32fbeb" source="fd2bbfb2" target="id-3059fba0" xsi:type="Serving" />
    <relationship identifier="id-3377e7c6" source="af4bcad7" target="id-9ca8db73" xsi:type="Assignment" />
    <relationship identifier="id-45d86842" source="id-1464ec95" target="id-965999cd" xsi:type="Assignment" />
    <relationship identifier="id-52fd8aa8" source="af4bcad7" target="id-5bc857d0" xsi:type="Assignment" />
    <relationship identifier="id-2ad66765" source="af4bcad7" target="e91377c1" xsi:type="Assignment" />
    <relationship identifier="id-53533076" source="id-3059fba0" target="id-232b6a57" xsi:type="Assignment" />
    <relationship identifier="d061a68b" source="id-1464ec95" target="id-777665e2" xsi:type="Assignment" />
    <relationship identifier="id-6586fbe9" source="id-3059fba0" target="id-49fdd06d" xsi:type="Assignment" />
    <relationship identifier="e897db4f" source="id-1464ec95" target="id-9fe1eaff" xsi:type="Assignment" />
    <relationship identifier="id-2445531f" source="id-7c40803e" target="id-1464ec95" xsi:type="Serving" />
    <relationship identifier="id-395ea135" source="af4bcad7" target="id-761bf9ca" xsi:type="Access" accessType="Write" />
    <relationship identifier="id-685107a6" source="id-3059fba0" target="id-7c3ddd4d" xsi:type="Assignment" />
    <relationship identifier="id-0e76b74e" source="id-4a231cc7" target="af4bcad7" xsi:type="Serving" />
    <relationship identifier="id-61aeed8f" source="fd2bbfb2" target="id-7c40803e" xsi:type="Specialization" />
    <relationship identifier="id-67b25df7" source="id-90928534" target="c57c5b92" xsi:type="Association" />
    <relationship identifier="id-29196e58" source="c57c5b92" target="id-3a5f6c83" xsi:type="Association" />
    <relationship identifier="c1b9eae2" source="d8519c78" target="id-3a5f6c83" xsi:type="Association" />
    <relationship identifier="id-832c728d" source="id-55439e95" target="ea279fd6" xsi:type="Association" />
    <relationship identifier="id-537cc847" source="id-90928534" target="id-55439e95" xsi:type="Association" />
    <relationship identifier="id-34e54914" source="ea279fd6" target="d8519c78" xsi:type="Association" />
    <relationship identifier="c2e650f3" source="id-55439e95" target="id-3a5f6c83" xsi:type="Association" />
    <relationship identifier="id-30344987" source="id-90928534" target="d8519c78" xsi:type="Association" />
  </relationships>
  <organizations>
    <item>
      <label xml:lang="en">Application</label>
      <item identifierRef="id-4a231cc7" />
      <item identifierRef="id-7c40803e" />
      <item identifierRef="fd2bbfb2" />
      <item identifierRef="id-761bf9ca" />
      <item identifierRef="fdf1bce4" />
      <item identifierRef="c6c82c88" />
      <item identifierRef="id-69e64ad3" />
      <item identifierRef="id-6e3825c7" />
      <item identifierRef="id-8b3e9061" />
      <item identifierRef="id-49809783" />
      <item identifierRef="id-8a483709" />
      <item identifierRef="id-3673bd45" />
      <item identifierRef="af4bcad7" />
      <item identifierRef="id-104cf938" />
      <item identifierRef="id-9ca8db73" />
      <item identifierRef="id-5bc857d0" />
      <item identifierRef="id-260a976f" />
      <item identifierRef="ce7c03a3" />
      <item identifierRef="e91377c1" />
      <item identifierRef="id-1464ec95" />
      <item identifierRef="id-7498e9b4" />
      <item identifierRef="id-9fe1eaff" />
      <item identifierRef="id-777665e2" />
      <item identifierRef="id-262e8a41" />
      <item identifierRef="id-965999cd" />
      <item identifierRef="id-9815df41" />
      <item identifierRef="id-3059fba0" />
      <item identifierRef="b32803bb" />
      <item identifierRef="id-49fdd06d" />
      <item identifierRef="id-6f41fd93" />
      <item identifierRef="id-7c3ddd4d" />
      <item identifierRef="id-232b6a57" />
      <item identifierRef="id-043289f6" />
      <item identifierRef="id-90928534" />
      <item identifierRef="c57c5b92" />
      <item identifierRef="id-3a5f6c83" />
      <item identifierRef="d8519c78" />
      <item identifierRef="ea279fd6" />
      <item identifierRef="id-55439e95" />
    </item>
    <item>
      <label xml:lang="en">Relations</label>
      <item identifierRef="e4116a0b" />
      <item identifierRef="id-314be1c0" />
      <item identifierRef="id-8c0a8666" />
      <item identifierRef="f7cb42f3" />
      <item identifierRef="id-658081ec" />
      <item identifierRef="id-77c3ce4b" />
      <item identifierRef="id-45f04a72" />
      <item identifierRef="b15bea1f" />
      <item identifierRef="id-8c414db3" />
      <item identifierRef="id-50f79694" />
      <item identifierRef="cd57aa0a" />
      <item identifierRef="a9b5aabe" />
      <item identifierRef="id-1229514b" />
      <item identifierRef="d7a8681b" />
      <item identifierRef="dc5a1a13" />
      <item identifierRef="id-07253ec0" />
      <item identifierRef="id-1b5e6295" />
      <item identifierRef="id-6a49eb0a" />
      <item identifierRef="fb32fbeb" />
      <item identifierRef="id-3377e7c6" />
      <item identifierRef="id-45d86842" />
      <item identifierRef="id-52fd8aa8" />
      <item identifierRef="id-2ad66765" />
      <item identifierRef="id-53533076" />
      <item identifierRef="d061a68b" />
      <item identifierRef="id-6586fbe9" />
      <item identifierRef="e897db4f" />
      <item identifierRef="id-2445531f" />
      <item identifierRef="id-395ea135" />
      <item identifierRef="id-685107a6" />
      <item identifierRef="id-0e76b74e" />
      <item identifierRef="id-61aeed8f" />
      <item identifierRef="id-67b25df7" />
      <item identifierRef="id-29196e58" />
      <item identifierRef="c1b9eae2" />
      <item identifierRef="id-832c728d" />
      <item identifierRef="id-537cc847" />
      <item identifierRef="id-34e54914" />
      <item identifierRef="c2e650f3" />
      <item identifierRef="id-30344987" />
    </item>
    <item>
      <label xml:lang="en">Views</label>
      <item identifierRef="id-0976a022" />
    </item>
  </organizations>
  <views>
    <diagrams>
      <view identifier="id-0976a022" xsi:type="Diagram">
        <name xml:lang="en">Inheritance Mappers</name>
        <node identifier="ef6947c7" x="262" y="247" w="1966" h="791" xsi:type="Container">
          <label xml:lang="en">presentation</label>
          <style>
            <fillColor r="199" g="225" b="226" a="100" />
            <lineColor r="92" g="92" b="92" a="100" />
            <font name="Lucida Grande" size="12">
              <color r="0" g="0" b="0" />
            </font>
          </style>
        </node>
        <node identifier="e47d6293" x="262" y="1092" w="1966" h="791" xsi:type="Container">
          <label xml:lang="en">domain</label>
          <style>
            <fillColor r="206" g="219" b="211" a="100" />
            <lineColor r="92" g="92" b="92" a="100" />
            <font name="Lucida Grande" size="12">
              <color r="0" g="0" b="0" />
            </font>
          </style>
          <node identifier="id-0a9e6171" elementRef="id-4a231cc7" xsi:type="Element" x="1112" y="1332" w="120" h="55">
            <style>
              <fillColor r="181" g="255" b="255" a="100" />
              <lineColor r="92" g="92" b="92" a="100" />
              <font name="Lucida Grande" size="12">
                <color r="0" g="0" b="0" />
              </font>
            </style>
          </node>
          <node identifier="f1a9e3bb" elementRef="id-7c40803e" xsi:type="Element" x="1197" y="1452" w="120" h="55">
            <style>
              <fillColor r="181" g="255" b="255" a="100" />
              <lineColor r="92" g="92" b="92" a="100" />
              <font name="Lucida Grande" size="12">
                <color r="0" g="0" b="0" />
              </font>
            </style>
          </node>
          <node identifier="e30d04ce" elementRef="fd2bbfb2" xsi:type="Element" x="1277" y="1562" w="120" h="55">
            <style>
              <fillColor r="181" g="255" b="255" a="100" />
              <lineColor r="92" g="92" b="92" a="100" />
              <font name="Lucida Grande" size="12">
                <color r="0" g="0" b="0" />
              </font>
            </style>
          </node>
          <node identifier="f0eebd5d" xsi:type="Label" x="1054" y="1772" w="405" h="86">
            <label xml:lang="en">- if we have a class hierarchy inheritance&#xD;
- each domain class has a it's own mapper</label>
            <style>
              <fillColor r="255" g="255" b="255" a="100" />
              <lineColor r="92" g="92" b="92" a="100" />
              <font name="Lucida Grande" size="12">
                <color r="255" g="0" b="0" />
              </font>
            </style>
          </node>
        </node>
        <node identifier="a5ea6fd4" x="262" y="1956" w="1966" h="1107" xsi:type="Container">
          <label xml:lang="en">data source</label>
          <style>
            <fillColor r="216" g="209" b="215" a="100" />
            <lineColor r="92" g="92" b="92" a="100" />
            <font name="Lucida Grande" size="12">
              <color r="0" g="0" b="0" />
            </font>
          </style>
          <node identifier="id-287b0dae" x="297" y="2711" w="1916" h="306" xsi:type="Container">
            <label xml:lang="en">database</label>
            <documentation xml:lang="en">gang of four classic design pattern</documentation>
            <style>
              <fillColor r="187" g="174" b="185" a="100" />
              <lineColor r="192" g="192" b="192" a="100" />
              <font name="Lucida Grande" size="12">
                <color r="0" g="0" b="0" />
              </font>
            </style>
            <node identifier="id-8c4a17ce" xsi:type="Label" x="2002" y="2801" w="185" h="80">
              <label xml:lang="en">entity -relationship model</label>
              <style>
                <fillColor r="255" g="255" b="255" a="100" />
                <lineColor r="92" g="92" b="92" a="100" />
                <font name="Lucida Grande" size="12">
                  <color r="255" g="0" b="0" />
                </font>
              </style>
            </node>
            <node identifier="id-76b1e4ed" elementRef="id-90928534" xsi:type="Element" x="903" y="2932" w="120" h="55">
              <style>
                <fillColor r="181" g="255" b="255" a="100" />
                <lineColor r="92" g="92" b="92" a="100" />
                <font name="Lucida Grande" size="12">
                  <color r="0" g="0" b="0" />
                </font>
              </style>
            </node>
            <node identifier="id-253bd94a" elementRef="c57c5b92" xsi:type="Element" x="1017" y="2836" w="120" h="55">
              <style>
                <fillColor r="181" g="255" b="255" a="100" />
                <lineColor r="92" g="92" b="92" a="100" />
                <font name="Lucida Grande" size="12">
                  <color r="0" g="0" b="0" />
                </font>
              </style>
            </node>
            <node identifier="id-66889b72" elementRef="id-3a5f6c83" xsi:type="Element" x="1193" y="2752" w="120" h="55">
              <style>
                <fillColor r="181" g="255" b="255" a="100" />
                <lineColor r="92" g="92" b="92" a="100" />
                <font name="Lucida Grande" size="12">
                  <color r="0" g="0" b="0" />
                </font>
              </style>
            </node>
            <node identifier="ca08cbc7" elementRef="d8519c78" xsi:type="Element" x="1362" y="2836" w="120" h="55">
              <style>
                <fillColor r="181" g="255" b="255" a="100" />
                <lineColor r="92" g="92" b="92" a="100" />
                <font name="Lucida Grande" size="12">
                  <color r="0" g="0" b="0" />
                </font>
              </style>
            </node>
            <node identifier="id-40f6ccd2" elementRef="ea279fd6" xsi:type="Element" x="1327" y="2951" w="120" h="55">
              <style>
                <fillColor r="181" g="255" b="255" a="100" />
                <lineColor r="92" g="92" b="92" a="100" />
                <font name="Lucida Grande" size="12">
                  <color r="0" g="0" b="0" />
                </font>
              </style>
            </node>
            <node identifier="id-2b43369e" elementRef="id-55439e95" xsi:type="Element" x="1157" y="2946" w="120" h="55">
              <style>
                <fillColor r="181" g="255" b="255" a="100" />
                <lineColor r="92" g="92" b="92" a="100" />
                <font name="Lucida Grande" size="12">
                  <color r="0" g="0" b="0" />
                </font>
              </style>
            </node>
          </node>
          <node identifier="id-3df99e70" x="297" y="1996" w="1916" h="566" xsi:type="Container">
            <label xml:lang="en">Fowler pattern: mapper</label>
            <documentation xml:lang="en">Patterns of Enterprise Application Architecture</documentation>
            <style>
              <fillColor r="210" g="215" b="215" a="100" />
              <lineColor r="92" g="92" b="92" a="100" />
              <font name="Lucida Grande" size="12">
                <color r="0" g="0" b="0" />
              </font>
            </style>
            <node identifier="e01ede2d" elementRef="af4bcad7" xsi:type="Element" x="717" y="2161" w="331" h="277">
              <style>
                <fillColor r="181" g="255" b="255" a="100" />
                <lineColor r="92" g="92" b="92" a="100" />
                <font name="Lucida Grande" size="12">
                  <color r="0" g="0" b="0" />
                </font>
              </style>
              <node identifier="id-34bf5be5" elementRef="id-104cf938" xsi:type="Element" x="737" y="2206" w="120" h="55">
                <style>
                  <fillColor r="181" g="255" b="255" a="100" />
                  <lineColor r="92" g="92" b="92" a="100" />
                  <font name="Lucida Grande" size="12">
                    <color r="0" g="0" b="0" />
                  </font>
                </style>
              </node>
              <node identifier="id-591a71fe" elementRef="id-9ca8db73" xsi:type="Element" x="893" y="2355" w="120" h="55">
                <style>
                  <fillColor r="181" g="255" b="255" a="100" />
                  <lineColor r="92" g="92" b="92" a="100" />
                  <font name="Lucida Grande" size="12">
                    <color r="0" g="0" b="0" />
                  </font>
                </style>
              </node>
              <node identifier="d307923c" elementRef="id-5bc857d0" xsi:type="Element" x="737" y="2281" w="120" h="55">
                <style>
                  <fillColor r="181" g="255" b="255" a="100" />
                  <lineColor r="92" g="92" b="92" a="100" />
                  <font name="Lucida Grande" size="12">
                    <color r="0" g="0" b="0" />
                  </font>
                </style>
              </node>
              <node identifier="id-2f1d54a0" elementRef="id-260a976f" xsi:type="Element" x="737" y="2355" w="120" h="55">
                <style>
                  <fillColor r="181" g="255" b="255" a="100" />
                  <lineColor r="92" g="92" b="92" a="100" />
                  <font name="Lucida Grande" size="12">
                    <color r="0" g="0" b="0" />
                  </font>
                </style>
              </node>
              <node identifier="d065fdec" elementRef="ce7c03a3" xsi:type="Element" x="893" y="2206" w="120" h="55">
                <style>
                  <fillColor r="181" g="255" b="255" a="100" />
                  <lineColor r="92" g="92" b="92" a="100" />
                  <font name="Lucida Grande" size="12">
                    <color r="0" g="0" b="0" />
                  </font>
                </style>
              </node>
              <node identifier="id-44b80dd1" elementRef="e91377c1" xsi:type="Element" x="893" y="2281" w="120" h="55">
                <style>
                  <fillColor r="181" g="255" b="255" a="100" />
                  <lineColor r="92" g="92" b="92" a="100" />
                  <font name="Lucida Grande" size="12">
                    <color r="0" g="0" b="0" />
                  </font>
                </style>
              </node>
            </node>
            <node identifier="id-14c8ed3c" elementRef="id-1464ec95" xsi:type="Element" x="1137" y="2161" w="331" h="277">
              <style>
                <fillColor r="181" g="255" b="255" a="100" />
                <lineColor r="92" g="92" b="92" a="100" />
                <font name="Lucida Grande" size="12">
                  <color r="0" g="0" b="0" />
                </font>
              </style>
              <node identifier="e547f546" elementRef="id-7498e9b4" xsi:type="Element" x="1157" y="2206" w="120" h="55">
                <style>
                  <fillColor r="181" g="255" b="255" a="100" />
                  <lineColor r="92" g="92" b="92" a="100" />
                  <font name="Lucida Grande" size="12">
                    <color r="0" g="0" b="0" />
                  </font>
                </style>
              </node>
              <node identifier="id-81fe1862" elementRef="id-9fe1eaff" xsi:type="Element" x="1313" y="2355" w="120" h="55">
                <style>
                  <fillColor r="181" g="255" b="255" a="100" />
                  <lineColor r="92" g="92" b="92" a="100" />
                  <font name="Lucida Grande" size="12">
                    <color r="0" g="0" b="0" />
                  </font>
                </style>
              </node>
              <node identifier="id-885d72ed" elementRef="id-777665e2" xsi:type="Element" x="1157" y="2281" w="120" h="55">
                <style>
                  <fillColor r="181" g="255" b="255" a="100" />
                  <lineColor r="92" g="92" b="92" a="100" />
                  <font name="Lucida Grande" size="12">
                    <color r="0" g="0" b="0" />
                  </font>
                </style>
              </node>
              <node identifier="fb231a96" elementRef="id-262e8a41" xsi:type="Element" x="1157" y="2355" w="120" h="55">
                <style>
                  <fillColor r="181" g="255" b="255" a="100" />
                  <lineColor r="92" g="92" b="92" a="100" />
                  <font name="Lucida Grande" size="12">
                    <color r="0" g="0" b="0" />
                  </font>
                </style>
              </node>
              <node identifier="cb5bafc1" elementRef="id-965999cd" xsi:type="Element" x="1313" y="2206" w="120" h="55">
                <style>
                  <fillColor r="181" g="255" b="255" a="100" />
                  <lineColor r="92" g="92" b="92" a="100" />
                  <font name="Lucida Grande" size="12">
                    <color r="0" g="0" b="0" />
                  </font>
                </style>
              </node>
              <node identifier="id-3cfe1bf6" elementRef="id-9815df41" xsi:type="Element" x="1313" y="2281" w="120" h="55">
                <style>
                  <fillColor r="181" g="255" b="255" a="100" />
                  <lineColor r="92" g="92" b="92" a="100" />
                  <font name="Lucida Grande" size="12">
                    <color r="0" g="0" b="0" />
                  </font>
                </style>
              </node>
            </node>
            <node identifier="id-39092d17" elementRef="id-3059fba0" xsi:type="Element" x="1527" y="2161" w="331" h="277">
              <style>
                <fillColor r="181" g="255" b="255" a="100" />
                <lineColor r="92" g="92" b="92" a="100" />
                <font name="Lucida Grande" size="12">
                  <color r="0" g="0" b="0" />
                </font>
              </style>
              <node identifier="a46c67cf" elementRef="b32803bb" xsi:type="Element" x="1547" y="2206" w="120" h="55">
                <style>
                  <fillColor r="181" g="255" b="255" a="100" />
                  <lineColor r="92" g="92" b="92" a="100" />
                  <font name="Lucida Grande" size="12">
                    <color r="0" g="0" b="0" />
                  </font>
                </style>
              </node>
              <node identifier="d6865e7f" elementRef="id-49fdd06d" xsi:type="Element" x="1703" y="2355" w="120" h="55">
                <style>
                  <fillColor r="181" g="255" b="255" a="100" />
                  <lineColor r="92" g="92" b="92" a="100" />
                  <font name="Lucida Grande" size="12">
                    <color r="0" g="0" b="0" />
                  </font>
                </style>
              </node>
              <node identifier="id-41e07e9d" elementRef="id-6f41fd93" xsi:type="Element" x="1547" y="2281" w="120" h="55">
                <style>
                  <fillColor r="181" g="255" b="255" a="100" />
                  <lineColor r="92" g="92" b="92" a="100" />
                  <font name="Lucida Grande" size="12">
                    <color r="0" g="0" b="0" />
                  </font>
                </style>
              </node>
              <node identifier="id-52ad6962" elementRef="id-7c3ddd4d" xsi:type="Element" x="1547" y="2355" w="120" h="55">
                <style>
                  <fillColor r="181" g="255" b="255" a="100" />
                  <lineColor r="92" g="92" b="92" a="100" />
                  <font name="Lucida Grande" size="12">
                    <color r="0" g="0" b="0" />
                  </font>
                </style>
              </node>
              <node identifier="id-29d6511c" elementRef="id-232b6a57" xsi:type="Element" x="1703" y="2206" w="120" h="55">
                <style>
                  <fillColor r="181" g="255" b="255" a="100" />
                  <lineColor r="92" g="92" b="92" a="100" />
                  <font name="Lucida Grande" size="12">
                    <color r="0" g="0" b="0" />
                  </font>
                </style>
              </node>
              <node identifier="id-66eaa2c8" elementRef="id-043289f6" xsi:type="Element" x="1703" y="2281" w="120" h="55">
                <style>
                  <fillColor r="181" g="255" b="255" a="100" />
                  <lineColor r="92" g="92" b="92" a="100" />
                  <font name="Lucida Grande" size="12">
                    <color r="0" g="0" b="0" />
                  </font>
                </style>
              </node>
            </node>
          </node>
        </node>
        <connection identifier="ab38b39c" relationshipRef="id-0e76b74e" xsi:type="Relationship" source="id-0a9e6171" target="e01ede2d">
          <style>
            <lineColor r="255" g="0" b="0" />
            <font name="Lucida Grande" size="12">
              <color r="0" g="0" b="0" />
            </font>
          </style>
        </connection>
        <connection identifier="id-62b7c299" relationshipRef="id-2445531f" xsi:type="Relationship" source="f1a9e3bb" target="id-14c8ed3c">
          <style>
            <lineColor r="255" g="0" b="0" />
            <font name="Lucida Grande" size="12">
              <color r="0" g="0" b="0" />
            </font>
          </style>
        </connection>
        <connection identifier="id-32f8344b" relationshipRef="f7cb42f3" xsi:type="Relationship" source="f1a9e3bb" target="id-0a9e6171">
          <style>
            <lineColor r="0" g="0" b="255" />
            <font name="Lucida Grande" size="12">
              <color r="0" g="0" b="0" />
            </font>
          </style>
        </connection>
        <connection identifier="id-3ee01007" relationshipRef="id-61aeed8f" xsi:type="Relationship" source="e30d04ce" target="f1a9e3bb">
          <style>
            <lineColor r="0" g="0" b="255" />
            <font name="Lucida Grande" size="12">
              <color r="0" g="0" b="0" />
            </font>
          </style>
        </connection>
        <connection identifier="id-8eaf397e" relationshipRef="fb32fbeb" xsi:type="Relationship" source="e30d04ce" target="id-39092d17">
          <style>
            <lineColor r="255" g="0" b="0" />
            <font name="Lucida Grande" size="12">
              <color r="0" g="0" b="0" />
            </font>
          </style>
        </connection>
        <connection identifier="d66c915a" relationshipRef="id-537cc847" xsi:type="Relationship" source="id-76b1e4ed" target="id-2b43369e">
          <style>
            <lineColor r="192" g="192" b="192" />
            <font name="Lucida Grande" size="12">
              <color r="0" g="0" b="0" />
            </font>
          </style>
        </connection>
        <connection identifier="id-58ed24ea" relationshipRef="id-30344987" xsi:type="Relationship" source="id-76b1e4ed" target="ca08cbc7">
          <style>
            <lineColor r="192" g="192" b="192" />
            <font name="Lucida Grande" size="12">
              <color r="0" g="0" b="0" />
            </font>
          </style>
        </connection>
        <connection identifier="id-18565d74" relationshipRef="id-67b25df7" xsi:type="Relationship" source="id-76b1e4ed" target="id-253bd94a">
          <style>
            <lineColor r="192" g="192" b="192" />
            <font name="Lucida Grande" size="12">
              <color r="0" g="0" b="0" />
            </font>
          </style>
        </connection>
        <connection identifier="id-4f4be9af" relationshipRef="id-29196e58" xsi:type="Relationship" source="id-253bd94a" target="id-66889b72">
          <style>
            <lineColor r="192" g="192" b="192" />
            <font name="Lucida Grande" size="12">
              <color r="0" g="0" b="0" />
            </font>
          </style>
        </connection>
        <connection identifier="id-62bc506a" relationshipRef="c1b9eae2" xsi:type="Relationship" source="ca08cbc7" target="id-66889b72">
          <style>
            <lineColor r="192" g="192" b="192" />
            <font name="Lucida Grande" size="12">
              <color r="0" g="0" b="0" />
            </font>
          </style>
        </connection>
        <connection identifier="be085325" relationshipRef="id-34e54914" xsi:type="Relationship" source="id-40f6ccd2" target="ca08cbc7">
          <style>
            <lineColor r="192" g="192" b="192" />
            <font name="Lucida Grande" size="12">
              <color r="0" g="0" b="0" />
            </font>
          </style>
        </connection>
        <connection identifier="id-321919be" relationshipRef="c2e650f3" xsi:type="Relationship" source="id-2b43369e" target="id-66889b72">
          <style>
            <lineColor r="192" g="192" b="192" />
            <font name="Lucida Grande" size="12">
              <color r="0" g="0" b="0" />
            </font>
          </style>
        </connection>
        <connection identifier="d12a8619" relationshipRef="id-832c728d" xsi:type="Relationship" source="id-2b43369e" target="id-40f6ccd2">
          <style>
            <lineColor r="192" g="192" b="192" />
            <font name="Lucida Grande" size="12">
              <color r="0" g="0" b="0" />
            </font>
          </style>
        </connection>
        <connection identifier="e09f51c5" xsi:type="Line" source="id-3df99e70" target="id-287b0dae">
          <style>
            <lineColor r="0" g="0" b="0" />
            <font name="Lucida Grande" size="12">
              <color r="0" g="0" b="0" />
            </font>
          </style>
        </connection>
      </view>
    </diagrams>
  </views>
</model>
