<?xml version="1.0" encoding="UTF-8"?><model xmlns="http://www.opengroup.org/xsd/archimate/3.0/" xmlns:xsi="http://www.w3.org/2001/XMLSchema-instance" identifier="_SwXeYFl9EeiyA_1nwijzkg">  <name>최상위 관리자</name>  <elements>    <element xsi:type="BusinessActor" identifier="_jWXJgDurEDaniqiksw2sNg">      <name xml:lang="en">최상위 관리자</name>      <documentation/>    </element>    <element xsi:type="BusinessActor" identifier="_pn71QDurEDaniqiksw2sNg">      <name xml:lang="en">경영관리자(오너)</name>      <documentation/>    </element>    <element xsi:type="BusinessActor" identifier="_wvtJMTurEDaniqiksw2sNg">      <name xml:lang="en">공장관리자</name>      <documentation/>    </element>    <element xsi:type="WorkPackage" identifier="_GfXTkDusEDaniqiksw2sNg">      <name xml:lang="en">회사추가/관리</name>      <documentation/>    </element>    <element xsi:type="WorkPackage" identifier="_PUvY0TusEDaniqiksw2sNg">      <name xml:lang="en">회사별 공장관리</name>      <documentation/>    </element>    <element xsi:type="WorkPackage" identifier="_SBq5ITusEDaniqiksw2sNg">      <name xml:lang="en">사용현황 통계</name>      <documentation/>    </element>    <element xsi:type="WorkPackage" identifier="_7ov54DusEDaniqiksw2sNg">      <name xml:lang="en">회사별 추가/관리</name>      <documentation/>    </element>    <element xsi:type="WorkPackage" identifier="_HvAhEDutEDaniqiksw2sNg">      <name xml:lang="en">공장별 추가/관리</name>      <documentation/>    </element>    <element xsi:type="WorkPackage" identifier="_IUxrIDuuEDaniqiksw2sNg">      <name xml:lang="en">회원관리 : 회원 추가, 삭제, 수정 및 등급 지정관리</name>      <documentation/>    </element>    <element xsi:type="WorkPackage" identifier="_VTlp8Du5EDaniqiksw2sNg">      <name xml:lang="en">팀별 관리 : 팀별 회원관리</name>      <documentation/>    </element>    <element xsi:type="WorkPackage" identifier="_dKD28Du5EDaniqiksw2sNg">      <name xml:lang="en">금형 매칭 및 초기값 세팅</name>      <documentation/>    </element>    <element xsi:type="WorkPackage" identifier="_feND0Du5EDaniqiksw2sNg">      <name xml:lang="en">기기추가관리</name>      <documentation/>    </element>    <element xsi:type="WorkPackage" identifier="_ki8JADu5EDaniqiksw2sNg">      <name xml:lang="en">알림 기능 : 로그로 남김</name>      <documentation/>    </element>    <element xsi:type="WorkPackage" identifier="_XgWnADu6EDaniqiksw2sNg">      <name xml:lang="en">알림확인 및 작업지시서</name>      <documentation/>    </element>    <element xsi:type="WorkPackage" identifier="_tUV3wDu6EDaniqiksw2sNg">      <name xml:lang="en">통계</name>      <documentation/>    </element>    <element xsi:type="BusinessActor" identifier="_3PQBsDu6EDaniqiksw2sNg">      <name xml:lang="en">팀장&amp;직원</name>      <documentation/>    </element>    <element xsi:type="WorkPackage" identifier="_79UBYDu8EDaniqiksw2sNg">      <name xml:lang="en">통계</name>      <documentation/>    </element>    <element xsi:type="WorkPackage" identifier="_DkjDEDu-EDaniqiksw2sNg">      <name xml:lang="en">금형추가관리</name>      <documentation/>    </element>  </elements>  <relationships>    <relationship xsi:type="Association" identifier="_dW8vUjusEDaniqiksw2sNg" source="_jWXJgDurEDaniqiksw2sNg" target="_GfXTkDusEDaniqiksw2sNg">      <name xml:lang="en"/>      <documentation/>    </relationship>    <relationship xsi:type="Association" identifier="_dzStETusEDaniqiksw2sNg" source="_jWXJgDurEDaniqiksw2sNg" target="_PUvY0TusEDaniqiksw2sNg">      <name xml:lang="en"/>      <documentation/>    </relationship>    <relationship xsi:type="Association" identifier="_ejeM0jusEDaniqiksw2sNg" source="_jWXJgDurEDaniqiksw2sNg" target="_SBq5ITusEDaniqiksw2sNg">      <name xml:lang="en"/>      <documentation/>    </relationship>    <relationship xsi:type="Association" identifier="_FpJAwTutEDaniqiksw2sNg" source="_pn71QDurEDaniqiksw2sNg" target="_7ov54DusEDaniqiksw2sNg">      <name xml:lang="en"/>      <documentation/>    </relationship>    <relationship xsi:type="Association" identifier="_Lx_F8ju7EDaniqiksw2sNg" source="_wvtJMTurEDaniqiksw2sNg" target="_3PQBsDu6EDaniqiksw2sNg">      <name xml:lang="en"/>      <documentation/>    </relationship>    <relationship xsi:type="Association" identifier="_bbGv4ju7EDaniqiksw2sNg" source="_3PQBsDu6EDaniqiksw2sNg" target="_IUxrIDuuEDaniqiksw2sNg">      <name xml:lang="en"/>      <documentation/>    </relationship>    <relationship xsi:type="Association" identifier="_ccWKcDu7EDaniqiksw2sNg" source="_3PQBsDu6EDaniqiksw2sNg" target="_VTlp8Du5EDaniqiksw2sNg">      <name xml:lang="en"/>      <documentation/>    </relationship>    <relationship xsi:type="Association" identifier="_eaPagDu7EDaniqiksw2sNg" source="_3PQBsDu6EDaniqiksw2sNg" target="_ki8JADu5EDaniqiksw2sNg">      <name xml:lang="en"/>      <documentation/>    </relationship>    <relationship xsi:type="Association" identifier="_i29dcju7EDaniqiksw2sNg" source="_3PQBsDu6EDaniqiksw2sNg" target="_tUV3wDu6EDaniqiksw2sNg">      <name xml:lang="en"/>      <documentation/>    </relationship>    <relationship xsi:type="Association" identifier="_QiCfIju8EDaniqiksw2sNg" source="_PUvY0TusEDaniqiksw2sNg" target="_pn71QDurEDaniqiksw2sNg">      <name xml:lang="en"/>      <documentation/>    </relationship>    <relationship xsi:type="Association" identifier="_jy4dsDu8EDaniqiksw2sNg" source="_7ov54DusEDaniqiksw2sNg" target="_HvAhEDutEDaniqiksw2sNg">      <name xml:lang="en"/>      <documentation/>    </relationship>    <relationship xsi:type="Association" identifier="_qgHKsju8EDaniqiksw2sNg" source="_HvAhEDutEDaniqiksw2sNg" target="_wvtJMTurEDaniqiksw2sNg">      <name xml:lang="en"/>      <documentation/>    </relationship>    <relationship xsi:type="Association" identifier="_YVMc8zu9EDaniqiksw2sNg" source="_pn71QDurEDaniqiksw2sNg" target="_79UBYDu8EDaniqiksw2sNg">      <name xml:lang="en"/>      <documentation/>    </relationship>  </relationships>  <views>    <diagrams>      <view identifier="_SwXeYll9EeiyA_1nwijzkg">        <name xml:lang="en">archimate-diagram</name>        <node xsi:type="Element" identifier="_jWXwkDurEDaniqiksw2sNg" h="40" w="130" x="20" y="32" elementRef="_jWXJgDurEDaniqiksw2sNg"/>        <node xsi:type="Element" identifier="_pn8cUTurEDaniqiksw2sNg" h="40" w="140" x="284" y="137" elementRef="_pn71QDurEDaniqiksw2sNg"/>        <node xsi:type="Element" identifier="_wvuXUDurEDaniqiksw2sNg" h="40" w="130" x="710" y="191" elementRef="_wvtJMTurEDaniqiksw2sNg"/>        <node xsi:type="Element" identifier="_GfX6ojusEDaniqiksw2sNg" h="40" w="140" x="120" y="84" elementRef="_GfXTkDusEDaniqiksw2sNg"/>        <node xsi:type="Element" identifier="_PUwm8DusEDaniqiksw2sNg" h="40" w="140" x="120" y="137" elementRef="_PUvY0TusEDaniqiksw2sNg"/>        <node xsi:type="Element" identifier="_SBsuUDusEDaniqiksw2sNg" h="40" w="140" x="120" y="191" elementRef="_SBq5ITusEDaniqiksw2sNg"/>        <node xsi:type="Element" identifier="_7oxIATusEDaniqiksw2sNg" h="40" w="140" x="380" y="191" elementRef="_7ov54DusEDaniqiksw2sNg"/>        <node xsi:type="Element" identifier="_HvAhEjutEDaniqiksw2sNg" h="40" w="140" x="540" y="191" elementRef="_HvAhEDutEDaniqiksw2sNg"/>        <node xsi:type="Element" identifier="_IUySMTuuEDaniqiksw2sNg" h="70" w="210" x="820" y="311" elementRef="_IUxrIDuuEDaniqiksw2sNg"/>        <node xsi:type="Element" identifier="_VTlp8ju5EDaniqiksw2sNg" h="40" w="210" x="820" y="388" elementRef="_VTlp8Du5EDaniqiksw2sNg"/>        <node xsi:type="Element" identifier="_dKD28ju5EDaniqiksw2sNg" h="40" w="210" x="820" y="576" elementRef="_dKD28Du5EDaniqiksw2sNg"/>        <node xsi:type="Element" identifier="_feNq4Tu5EDaniqiksw2sNg" h="40" w="210" x="820" y="622" elementRef="_feND0Du5EDaniqiksw2sNg"/>        <node xsi:type="Element" identifier="_ki8JAju5EDaniqiksw2sNg" h="40" w="210" x="820" y="432" elementRef="_ki8JADu5EDaniqiksw2sNg"/>        <node xsi:type="Element" identifier="_XgWnAju6EDaniqiksw2sNg" h="40" w="210" x="820" y="528" elementRef="_XgWnADu6EDaniqiksw2sNg"/>        <node xsi:type="Element" identifier="_tUV3wju6EDaniqiksw2sNg" h="40" w="210" x="820" y="482" elementRef="_tUV3wDu6EDaniqiksw2sNg"/>        <node xsi:type="Element" identifier="_3PQBsju6EDaniqiksw2sNg" h="40" w="130" x="710" y="251" elementRef="_3PQBsDu6EDaniqiksw2sNg"/>        <node xsi:type="Element" identifier="_79UBYju8EDaniqiksw2sNg" h="40" w="140" x="380" y="240" elementRef="_79UBYDu8EDaniqiksw2sNg"/>        <node xsi:type="Element" identifier="_DkjDEju-EDaniqiksw2sNg" h="40" w="210" x="820" y="670" elementRef="_DkjDEDu-EDaniqiksw2sNg"/>        <connection xsi:type="Relationship" identifier="_dW99cjusEDaniqiksw2sNg" source="_jWXwkDurEDaniqiksw2sNg" target="_GfX6ojusEDaniqiksw2sNg" relationshipRef="_dW8vUjusEDaniqiksw2sNg">          <bendpoint x="85" y="104"/>        </connection>        <connection xsi:type="Relationship" identifier="_dzUiQDusEDaniqiksw2sNg" source="_jWXwkDurEDaniqiksw2sNg" target="_PUwm8DusEDaniqiksw2sNg" relationshipRef="_dzStETusEDaniqiksw2sNg">          <bendpoint x="85" y="157"/>        </connection>        <connection xsi:type="Relationship" identifier="_ejgCADusEDaniqiksw2sNg" source="_jWXwkDurEDaniqiksw2sNg" target="_SBsuUDusEDaniqiksw2sNg" relationshipRef="_ejeM0jusEDaniqiksw2sNg">          <bendpoint x="85" y="211"/>        </connection>        <connection xsi:type="Relationship" identifier="_FpK18TutEDaniqiksw2sNg" source="_pn8cUTurEDaniqiksw2sNg" target="_7oxIATusEDaniqiksw2sNg" relationshipRef="_FpJAwTutEDaniqiksw2sNg">          <bendpoint x="354" y="211"/>        </connection>        <connection xsi:type="Relationship" identifier="_LyA7Iju7EDaniqiksw2sNg" source="_wvuXUDurEDaniqiksw2sNg" target="_3PQBsju6EDaniqiksw2sNg" relationshipRef="_Lx_F8ju7EDaniqiksw2sNg"/>        <connection xsi:type="Relationship" identifier="_bbJMITu7EDaniqiksw2sNg" source="_3PQBsju6EDaniqiksw2sNg" target="_IUySMTuuEDaniqiksw2sNg" relationshipRef="_bbGv4ju7EDaniqiksw2sNg">          <bendpoint x="775" y="346"/>        </connection>        <connection xsi:type="Relationship" identifier="_ccYmsTu7EDaniqiksw2sNg" source="_3PQBsju6EDaniqiksw2sNg" target="_VTlp8ju5EDaniqiksw2sNg" relationshipRef="_ccWKcDu7EDaniqiksw2sNg">          <bendpoint x="775" y="408"/>        </connection>        <connection xsi:type="Relationship" identifier="_eaR2wTu7EDaniqiksw2sNg" source="_3PQBsju6EDaniqiksw2sNg" target="_ki8JAju5EDaniqiksw2sNg" relationshipRef="_eaPagDu7EDaniqiksw2sNg">          <bendpoint x="775" y="452"/>        </connection>        <connection xsi:type="Relationship" identifier="_i3AgwDu7EDaniqiksw2sNg" source="_3PQBsju6EDaniqiksw2sNg" target="_tUV3wju6EDaniqiksw2sNg" relationshipRef="_i29dcju7EDaniqiksw2sNg">          <bendpoint x="775" y="502"/>        </connection>        <connection xsi:type="Relationship" identifier="_QiFicDu8EDaniqiksw2sNg" source="_PUwm8DusEDaniqiksw2sNg" target="_pn8cUTurEDaniqiksw2sNg" relationshipRef="_QiCfIju8EDaniqiksw2sNg"/>        <connection xsi:type="Relationship" identifier="_jy658Du8EDaniqiksw2sNg" source="_7oxIATusEDaniqiksw2sNg" target="_HvAhEjutEDaniqiksw2sNg" relationshipRef="_jy4dsDu8EDaniqiksw2sNg"/>        <connection xsi:type="Relationship" identifier="_qgJm8Tu8EDaniqiksw2sNg" source="_HvAhEjutEDaniqiksw2sNg" target="_wvuXUDurEDaniqiksw2sNg" relationshipRef="_qgHKsju8EDaniqiksw2sNg"/>        <connection xsi:type="Relationship" identifier="_YVPgQju9EDaniqiksw2sNg" source="_pn8cUTurEDaniqiksw2sNg" target="_79UBYju8EDaniqiksw2sNg" relationshipRef="_YVMc8zu9EDaniqiksw2sNg">          <bendpoint x="354" y="260"/>        </connection>      </view>    </diagrams>  </views></model>
