{"identifier":"https://me.big.tuwien.ac.at/EAModelSet/_SwXeYFl9EeiyA_1nwijzkg","archimateId":"_SwXeYFl9EeiyA_1nwijzkg","name":"최상위 관리자","description":"","formats":["XML","CSV","JSON","ARCHIMATE"],"source":"GenMyModel","repository":"","license":"","sourceFile":"raw-data/genmymodel/_swxeyfl9eeiya_1nwijzkg.xml","sourceFormat":"XML","timestamp":"2023-07-06T10:01:17","tags":[],"duplicates":[],"language":"ko","elements":[{"id":"_jWXJgDurEDaniqiksw2sNg","name":"최상위 관리자","type":"BusinessActor","layer":"business"},{"id":"_pn71QDurEDaniqiksw2sNg","name":"경영관리자(오너)","type":"BusinessActor","layer":"business"},{"id":"_wvtJMTurEDaniqiksw2sNg","name":"공장관리자","type":"BusinessActor","layer":"business"},{"id":"_GfXTkDusEDaniqiksw2sNg","name":"회사추가/관리","type":"WorkPackage","layer":"implementation_migration"},{"id":"_PUvY0TusEDaniqiksw2sNg","name":"회사별 공장관리","type":"WorkPackage","layer":"implementation_migration"},{"id":"_SBq5ITusEDaniqiksw2sNg","name":"사용현황 통계","type":"WorkPackage","layer":"implementation_migration"},{"id":"_7ov54DusEDaniqiksw2sNg","name":"회사별 추가/관리","type":"WorkPackage","layer":"implementation_migration"},{"id":"_HvAhEDutEDaniqiksw2sNg","name":"공장별 추가/관리","type":"WorkPackage","layer":"implementation_migration"},{"id":"_IUxrIDuuEDaniqiksw2sNg","name":"회원관리 : 회원 추가, 삭제, 수정 및 등급 지정관리","type":"WorkPackage","layer":"implementation_migration"},{"id":"_VTlp8Du5EDaniqiksw2sNg","name":"팀별 관리 : 팀별 회원관리","type":"WorkPackage","layer":"implementation_migration"},{"id":"_dKD28Du5EDaniqiksw2sNg","name":"금형 매칭 및 초기값 세팅","type":"WorkPackage","layer":"implementation_migration"},{"id":"_feND0Du5EDaniqiksw2sNg","name":"기기추가관리","type":"WorkPackage","layer":"implementation_migration"},{"id":"_ki8JADu5EDaniqiksw2sNg","name":"알림 기능 : 로그로 남김","type":"WorkPackage","layer":"implementation_migration"},{"id":"_XgWnADu6EDaniqiksw2sNg","name":"알림확인 및 작업지시서","type":"WorkPackage","layer":"implementation_migration"},{"id":"_tUV3wDu6EDaniqiksw2sNg","name":"통계","type":"WorkPackage","layer":"implementation_migration"},{"id":"_3PQBsDu6EDaniqiksw2sNg","name":"팀장&직원","type":"BusinessActor","layer":"business"},{"id":"_79UBYDu8EDaniqiksw2sNg","name":"통계","type":"WorkPackage","layer":"implementation_migration"},{"id":"_DkjDEDu-EDaniqiksw2sNg","name":"금형추가관리","type":"WorkPackage","layer":"implementation_migration"}],"relationships":[{"id":"_dW8vUjusEDaniqiksw2sNg","sourceId":"_jWXJgDurEDaniqiksw2sNg","targetId":"_GfXTkDusEDaniqiksw2sNg","type":"Association"},{"id":"_dzStETusEDaniqiksw2sNg","sourceId":"_jWXJgDurEDaniqiksw2sNg","targetId":"_PUvY0TusEDaniqiksw2sNg","type":"Association"},{"id":"_ejeM0jusEDaniqiksw2sNg","sourceId":"_jWXJgDurEDaniqiksw2sNg","targetId":"_SBq5ITusEDaniqiksw2sNg","type":"Association"},{"id":"_FpJAwTutEDaniqiksw2sNg","sourceId":"_pn71QDurEDaniqiksw2sNg","targetId":"_7ov54DusEDaniqiksw2sNg","type":"Association"},{"id":"_Lx_F8ju7EDaniqiksw2sNg","sourceId":"_wvtJMTurEDaniqiksw2sNg","targetId":"_3PQBsDu6EDaniqiksw2sNg","type":"Association"},{"id":"_bbGv4ju7EDaniqiksw2sNg","sourceId":"_3PQBsDu6EDaniqiksw2sNg","targetId":"_IUxrIDuuEDaniqiksw2sNg","type":"Association"},{"id":"_ccWKcDu7EDaniqiksw2sNg","sourceId":"_3PQBsDu6EDaniqiksw2sNg","targetId":"_VTlp8Du5EDaniqiksw2sNg","type":"Association"},{"id":"_eaPagDu7EDaniqiksw2sNg","sourceId":"_3PQBsDu6EDaniqiksw2sNg","targetId":"_ki8JADu5EDaniqiksw2sNg","type":"Association"},{"id":"_i29dcju7EDaniqiksw2sNg","sourceId":"_3PQBsDu6EDaniqiksw2sNg","targetId":"_tUV3wDu6EDaniqiksw2sNg","type":"Association"},{"id":"_QiCfIju8EDaniqiksw2sNg","sourceId":"_PUvY0TusEDaniqiksw2sNg","targetId":"_pn71QDurEDaniqiksw2sNg","type":"Association"},{"id":"_jy4dsDu8EDaniqiksw2sNg","sourceId":"_7ov54DusEDaniqiksw2sNg","targetId":"_HvAhEDutEDaniqiksw2sNg","type":"Association"},{"id":"_qgHKsju8EDaniqiksw2sNg","sourceId":"_HvAhEDutEDaniqiksw2sNg","targetId":"_wvtJMTurEDaniqiksw2sNg","type":"Association"},{"id":"_YVMc8zu9EDaniqiksw2sNg","sourceId":"_pn71QDurEDaniqiksw2sNg","targetId":"_79UBYDu8EDaniqiksw2sNg","type":"Association"}],"views":[{"id":"_SwXeYll9EeiyA_1nwijzkg","name":"archimate-diagram","viewpoint":""}]}