<?xml version="1.0" encoding="UTF-8"?><model xmlns="http://www.opengroup.org/xsd/archimate/3.0/" xmlns:xsi="http://www.w3.org/2001/XMLSchema-instance" identifier="_viXHACfbEeuxZMUIY-ihGw">  <name xml:lang="en">payments-arch1</name>  <elements>    <element xsi:type="ApplicationService" identifier="_viZjjSfbEeuxZMUIY-ihGw">      <name xml:lang="en">WebForm Custom</name>      <documentation/>    </element>    <element xsi:type="ApplicationService" identifier="_viZjjyfbEeuxZMUIY-ihGw">      <name xml:lang="en">WebHook Public Node</name>      <documentation/>    </element>    <element xsi:type="ApplicationService" identifier="_viZjkSfbEeuxZMUIY-ihGw">      <name xml:lang="en">CloudPayments</name>      <documentation/>    </element>    <element xsi:type="ApplicationService" identifier="_viZjkyfbEeuxZMUIY-ihGw">      <name xml:lang="en">others</name>      <documentation/>    </element>    <element xsi:type="SystemSoftware" identifier="_viZjlSfbEeuxZMUIY-ihGw">      <name xml:lang="en">Software</name>      <documentation/>    </element>    <element xsi:type="BusinessCollaboration" identifier="_viZjlyfbEeuxZMUIY-ihGw">      <name xml:lang="en">Collaboration</name>      <documentation/>    </element>    <element xsi:type="SystemSoftware" identifier="_viZjmSfbEeuxZMUIY-ihGw">      <name xml:lang="en">Event Pub\Sub Bus</name>      <documentation/>    </element>    <element xsi:type="ApplicationService" identifier="_viZjmyfbEeuxZMUIY-ihGw">      <name xml:lang="en">App</name>      <documentation/>    </element>    <element xsi:type="TechnologyCollaboration" identifier="_viZjnSfbEeuxZMUIY-ihGw">      <name xml:lang="en">General Store</name>      <documentation/>    </element>    <element xsi:type="TechnologyCollaboration" identifier="_viZjnyfbEeuxZMUIY-ihGw">      <name xml:lang="en">Internal Store</name>      <documentation/>    </element>    <element xsi:type="TechnologyCollaboration" identifier="_viZjoSfbEeuxZMUIY-ihGw">      <name xml:lang="en">Collaboration</name>      <documentation/>    </element>    <element xsi:type="ApplicationService" identifier="_viZjoyfbEeuxZMUIY-ihGw">      <name xml:lang="en">Core Service</name>      <documentation/>    </element>    <element xsi:type="TechnologyCollaboration" identifier="_viZjpSfbEeuxZMUIY-ihGw">      <name xml:lang="en">Internal store</name>      <documentation/>    </element>    <element xsi:type="ApplicationService" identifier="_viZjpyfbEeuxZMUIY-ihGw">      <name xml:lang="en">Http Adapter service</name>      <documentation/>    </element>    <element xsi:type="ApplicationService" identifier="_viZjqyfbEeuxZMUIY-ihGw">      <name xml:lang="en">Event Bus Adapter</name>      <documentation/>    </element>    <element xsi:type="ApplicationService" identifier="_viZjrSfbEeuxZMUIY-ihGw">      <name xml:lang="en">Service</name>      <documentation/>    </element>    <element xsi:type="ApplicationService" identifier="_viZjryfbEeuxZMUIY-ihGw">      <name xml:lang="en">Http Form Service</name>      <documentation/>    </element>  </elements>  <relationships>    <relationship xsi:type="Serving" identifier="_viZjsSfbEeuxZMUIY-ihGw" source="_viZjkSfbEeuxZMUIY-ihGw" target="_viZjjyfbEeuxZMUIY-ihGw">      <name xml:lang="en">Notifications</name>      <documentation/>    </relationship>    <relationship xsi:type="Serving" identifier="_viZjsyfbEeuxZMUIY-ihGw" source="_viZjjyfbEeuxZMUIY-ihGw" target="_viZjpyfbEeuxZMUIY-ihGw">      <name xml:lang="en"/>      <documentation/>    </relationship>    <relationship xsi:type="Serving" identifier="_viZjtSfbEeuxZMUIY-ihGw" source="_viZjjSfbEeuxZMUIY-ihGw" target="_viZjpyfbEeuxZMUIY-ihGw">      <name xml:lang="en"/>      <documentation/>    </relationship>    <relationship xsi:type="Serving" identifier="_viZjtyfbEeuxZMUIY-ihGw" source="_viZjpyfbEeuxZMUIY-ihGw" target="_viZjoyfbEeuxZMUIY-ihGw">      <name xml:lang="en"/>      <documentation/>    </relationship>    <relationship xsi:type="Serving" identifier="_viZjuSfbEeuxZMUIY-ihGw" source="_viZjoyfbEeuxZMUIY-ihGw" target="_viZjpyfbEeuxZMUIY-ihGw">      <name xml:lang="en"/>      <documentation/>    </relationship>    <relationship xsi:type="Serving" identifier="_viZjuyfbEeuxZMUIY-ihGw" source="_viZjpyfbEeuxZMUIY-ihGw" target="_viZjjSfbEeuxZMUIY-ihGw">      <name xml:lang="en"/>      <documentation/>    </relationship>    <relationship xsi:type="Serving" identifier="_viZjvSfbEeuxZMUIY-ihGw" source="_viZjoyfbEeuxZMUIY-ihGw" target="_viZjpSfbEeuxZMUIY-ihGw">      <name xml:lang="en"/>      <documentation/>    </relationship>    <relationship xsi:type="Serving" identifier="_viZjvyfbEeuxZMUIY-ihGw" source="_viZjpSfbEeuxZMUIY-ihGw" target="_viZjoyfbEeuxZMUIY-ihGw">      <name xml:lang="en"/>      <documentation/>    </relationship>    <relationship xsi:type="Serving" identifier="_viZjwSfbEeuxZMUIY-ihGw" source="_viZjoyfbEeuxZMUIY-ihGw" target="_viZjnSfbEeuxZMUIY-ihGw">      <name xml:lang="en"/>      <documentation/>    </relationship>    <relationship xsi:type="Serving" identifier="_viZjwyfbEeuxZMUIY-ihGw" source="_viZjnSfbEeuxZMUIY-ihGw" target="_viZjoyfbEeuxZMUIY-ihGw">      <name xml:lang="en"/>      <documentation/>    </relationship>    <relationship xsi:type="Serving" identifier="_viZjzSfbEeuxZMUIY-ihGw" source="_viZjoyfbEeuxZMUIY-ihGw" target="_viZjqyfbEeuxZMUIY-ihGw">      <name xml:lang="en"/>      <documentation/>    </relationship>    <relationship xsi:type="Serving" identifier="_viZjzyfbEeuxZMUIY-ihGw" source="_viZjqyfbEeuxZMUIY-ihGw" target="_viZjmSfbEeuxZMUIY-ihGw">      <name xml:lang="en"/>      <documentation/>    </relationship>    <relationship xsi:type="Serving" identifier="_viZj0SfbEeuxZMUIY-ihGw" source="_viZjmSfbEeuxZMUIY-ihGw" target="_viZjmyfbEeuxZMUIY-ihGw">      <name xml:lang="en"/>      <documentation/>    </relationship>    <relationship xsi:type="Serving" identifier="_viZj0yfbEeuxZMUIY-ihGw" source="_viZjoyfbEeuxZMUIY-ihGw" target="_viZjkSfbEeuxZMUIY-ihGw">      <name xml:lang="en"/>      <documentation/>    </relationship>    <relationship xsi:type="Serving" identifier="_viZj1SfbEeuxZMUIY-ihGw" source="_viZjjSfbEeuxZMUIY-ihGw" target="_viZjryfbEeuxZMUIY-ihGw">      <name xml:lang="en"/>      <documentation/>    </relationship>    <relationship xsi:type="Serving" identifier="_viZj1yfbEeuxZMUIY-ihGw" source="_viZjryfbEeuxZMUIY-ihGw" target="_viZjoyfbEeuxZMUIY-ihGw">      <name xml:lang="en"/>      <documentation/>    </relationship>  </relationships>  <views>    <diagrams>      <view identifier="_viZjQCfbEeuxZMUIY-ihGw">        <name xml:lang="en">archimate-diagram</name>        <node xsi:type="Container" identifier="_viZjQifbEeuxZMUIY-ihGw" h="160" w="410" x="193" y="57">          <label xml:lang="en">https://pay.briskly.online</label>          <node xsi:type="Element" identifier="_viZjQyfbEeuxZMUIY-ihGw" h="60" w="130" x="223" y="107" elementRef="_viZjjSfbEeuxZMUIY-ihGw"/>          <node xsi:type="Element" identifier="_viZjRCfbEeuxZMUIY-ihGw" h="60" w="130" x="430" y="105" elementRef="_viZjjyfbEeuxZMUIY-ihGw"/>        </node>        <node xsi:type="Container" identifier="_viZjRSfbEeuxZMUIY-ihGw" h="395" w="628" x="12" y="145">          <label xml:lang="en">Payment Briskly Service</label>          <node xsi:type="Element" identifier="_viZjVCfbEeuxZMUIY-ihGw" h="60" w="130" x="360" y="411" elementRef="_viZjoyfbEeuxZMUIY-ihGw"/>          <node xsi:type="Element" identifier="_viZjVSfbEeuxZMUIY-ihGw" h="60" w="130" x="399" y="150" elementRef="_viZjpSfbEeuxZMUIY-ihGw"/>          <node xsi:type="Element" identifier="_viZjVifbEeuxZMUIY-ihGw" h="60" w="120" x="490" y="301" elementRef="_viZjpyfbEeuxZMUIY-ihGw"/>          <node xsi:type="Element" identifier="_viZjgyfbEeuxZMUIY-ihGw" h="90" w="201" x="279" y="300" elementRef="_viZjryfbEeuxZMUIY-ihGw">            <node xsi:type="Element" identifier="_viZjcifbEeuxZMUIY-ihGw" h="60" w="130" x="284" y="320" elementRef="_viZjqyfbEeuxZMUIY-ihGw"/>          </node>        </node>        <node xsi:type="Container" identifier="_viZjRifbEeuxZMUIY-ihGw" h="240" w="170" x="650" y="230">          <label xml:lang="en">Payment Merchant</label>          <node xsi:type="Element" identifier="_viZjRyfbEeuxZMUIY-ihGw" h="60" w="130" x="670" y="280" elementRef="_viZjkSfbEeuxZMUIY-ihGw"/>          <node xsi:type="Element" identifier="_viZjSCfbEeuxZMUIY-ihGw" h="60" w="130" x="680" y="370" elementRef="_viZjkyfbEeuxZMUIY-ihGw"/>        </node>        <node xsi:type="Element" identifier="_viZjTyfbEeuxZMUIY-ihGw" h="240" w="130" x="11" y="100" elementRef="_viZjmSfbEeuxZMUIY-ihGw"/>        <node xsi:type="Container" identifier="_viZjUCfbEeuxZMUIY-ihGw" h="120" w="150" x="20" y="420">          <label xml:lang="en">Clients</label>          <node xsi:type="Element" identifier="_viZjUSfbEeuxZMUIY-ihGw" h="60" w="130" x="30" y="460" elementRef="_viZjmyfbEeuxZMUIY-ihGw"/>        </node>        <node xsi:type="Container" identifier="_viZjUifbEeuxZMUIY-ihGw" h="140" w="280" x="238" y="588">          <label xml:lang="en">Store Layer</label>          <node xsi:type="Element" identifier="_viZjUyfbEeuxZMUIY-ihGw" h="60" w="130" x="300" y="640" elementRef="_viZjnSfbEeuxZMUIY-ihGw"/>        </node>        <connection xsi:type="Relationship" identifier="_viZjSSfbEeuxZMUIY-ihGw" source="_viZjRyfbEeuxZMUIY-ihGw" target="_viZjRCfbEeuxZMUIY-ihGw" relationshipRef="_viZjsSfbEeuxZMUIY-ihGw">          <bendpoint x="730" y="130"/>        </connection>        <connection xsi:type="Relationship" identifier="_viZjVyfbEeuxZMUIY-ihGw" source="_viZjRCfbEeuxZMUIY-ihGw" target="_viZjVifbEeuxZMUIY-ihGw" relationshipRef="_viZjsyfbEeuxZMUIY-ihGw"/>        <connection xsi:type="Relationship" identifier="_viZjWyfbEeuxZMUIY-ihGw" source="_viZjVifbEeuxZMUIY-ihGw" target="_viZjVCfbEeuxZMUIY-ihGw" relationshipRef="_viZjtyfbEeuxZMUIY-ihGw"/>        <connection xsi:type="Relationship" identifier="_viZjXyfbEeuxZMUIY-ihGw" source="_viZjVCfbEeuxZMUIY-ihGw" target="_viZjVSfbEeuxZMUIY-ihGw" relationshipRef="_viZjvSfbEeuxZMUIY-ihGw"/>        <connection xsi:type="Relationship" identifier="_viZjYifbEeuxZMUIY-ihGw" source="_viZjVCfbEeuxZMUIY-ihGw" target="_viZjUyfbEeuxZMUIY-ihGw" relationshipRef="_viZjwSfbEeuxZMUIY-ihGw"/>        <connection xsi:type="Relationship" identifier="_viZjcyfbEeuxZMUIY-ihGw" source="_viZjVCfbEeuxZMUIY-ihGw" target="_viZjcifbEeuxZMUIY-ihGw" relationshipRef="_viZjzSfbEeuxZMUIY-ihGw"/>        <connection xsi:type="Relationship" identifier="_viZjdyfbEeuxZMUIY-ihGw" source="_viZjcifbEeuxZMUIY-ihGw" target="_viZjTyfbEeuxZMUIY-ihGw" relationshipRef="_viZjzyfbEeuxZMUIY-ihGw"/>        <connection xsi:type="Relationship" identifier="_viZjeyfbEeuxZMUIY-ihGw" source="_viZjTyfbEeuxZMUIY-ihGw" target="_viZjUSfbEeuxZMUIY-ihGw" relationshipRef="_viZj0SfbEeuxZMUIY-ihGw"/>        <connection xsi:type="Relationship" identifier="_viZjfyfbEeuxZMUIY-ihGw" source="_viZjVCfbEeuxZMUIY-ihGw" target="_viZjRyfbEeuxZMUIY-ihGw" relationshipRef="_viZj0yfbEeuxZMUIY-ihGw"/>        <connection xsi:type="Relationship" identifier="_viZjhCfbEeuxZMUIY-ihGw" source="_viZjQyfbEeuxZMUIY-ihGw" target="_viZjgyfbEeuxZMUIY-ihGw" relationshipRef="_viZj1SfbEeuxZMUIY-ihGw"/>        <connection xsi:type="Relationship" identifier="_viZjiCfbEeuxZMUIY-ihGw" source="_viZjgyfbEeuxZMUIY-ihGw" target="_viZjVCfbEeuxZMUIY-ihGw" relationshipRef="_viZj1yfbEeuxZMUIY-ihGw"/>      </view>    </diagrams>  </views></model>
