{"identifier":"https://me.big.tuwien.ac.at/EAModelSet/id-5e13b46b","archimateId":"id-5e13b46b","name":"10 Plugin","description":"","formats":["XML","CSV","JSON","ARCHIMATE"],"source":"GitHub","sourceFile":"raw-data/github/xml/plugin.xml","sourceFormat":"XML","timestamp":"29-06-2023 09:27:06","tags":[],"duplicates":[],"language":"en","elements":[{"id":"id-96201963-0ab8-4086-b4ad-0f981ddd46a8","name":"class implementation 1","type":"ApplicationComponent","layer":"application"},{"id":"e26acc70-edf2-407a-bd45-2768ede294c2","name":"some func","type":"ApplicationFunction","layer":"application"},{"id":"id-640d5af3-9c6c-4907-990a-dea5947bcf32","name":"class 1","type":"ApplicationComponent","layer":"application"},{"id":"id-9ccb143f-44cc-4c11-adf9-e98fb69520d6","name":"call func","type":"ApplicationFunction","layer":"application"},{"id":"e07baa8e-0357-472c-b547-0b38fb8acc73","name":"separated interface","type":"ApplicationInterface","layer":"application"},{"id":"id-0966f63a-d3c1-45d9-9cd5-03cc0017f652","name":"some func","type":"ApplicationFunction","layer":"application"},{"id":"id-5736bc9f-2c98-44b3-a117-4ed98b1fa488","name":"class implementation 2","type":"ApplicationComponent","layer":"application"},{"id":"id-259a9876-2ba5-4b8f-b386-70ce12be1878","name":"some func","type":"ApplicationFunction","layer":"application"},{"id":"id-2a53b16f-45b8-4d60-bcb4-97f3e309cd7c","name":"get plugin","type":"ApplicationFunction","layer":"application"},{"id":"aab57b3a-6d6d-4108-b71b-9affc5fe6b38","name":"some process","type":"ApplicationProcess","layer":"application"},{"id":"id-75c6b851-07b4-41b5-b390-edcb1b7443f3","name":"Application Procclasss","type":"ApplicationProcess","layer":"application"},{"id":"id-5914c052-bfe5-46c3-bc63-18793bdcdfca","name":"constructor","type":"ApplicationFunction","layer":"application"},{"id":"id-75abacf0-bb26-4b6f-add1-4bb6bf1c6d27","name":"create supertype","type":"ApplicationProcess","layer":"application"},{"id":"id-24ee9d85-6c07-42aa-ae3e-23a6b706bfd2","name":"call some func","type":"ApplicationProcess","layer":"application"},{"id":"id-625047a2-a54a-4d96-9a10-1afb7f974f4e","name":"get object","type":"ApplicationProcess","layer":"application"},{"id":"id-24352bc2-df4f-4ebe-b484-c27e98047ec4","name":"Application Process","type":"ApplicationProcess","layer":"application"},{"id":"da1ed746-ffb1-43eb-94bd-eab46139a241","name":"Application Process","type":"ApplicationProcess","layer":"application"},{"id":"id-26b4a88c-b33f-4bf9-9684-6132a0ebc8c7","name":"plugin factory","type":"ApplicationComponent","layer":"application"},{"id":"id-0005b03e-4ce0-4221-8331-62e4269e3460","name":"get plugin","type":"ApplicationFunction","layer":"application"},{"id":"id-94be7219-cdc3-4aec-85af-9b00f416bf62","name":"Application Function","type":"ApplicationFunction","layer":"application"},{"id":"id-6a9616f5-1e4c-48eb-9a2e-57dd9f873550","name":"get current configuration","type":"ApplicationProcess","layer":"application"},{"id":"id-4728dd96-ff70-4113-a783-c7f4bd3db310","name":"create an instance of class by class name","type":"ApplicationProcess","layer":"application"},{"id":"cf0830c2-9964-405a-a44e-5deb5674b099","name":"current plugin class name","type":"DataObject","layer":"application"},{"id":"a7c0f7da-4838-44e6-9825-ede570bf8468","name":"properties file","type":"Artifact","layer":"technology"}],"relationships":[{"id":"id-6d7a9f39-f5c1-48e4-baff-cf9f07d4ba0f","sourceId":"id-96201963-0ab8-4086-b4ad-0f981ddd46a8","targetId":"e07baa8e-0357-472c-b547-0b38fb8acc73","type":"Realization"},{"id":"ae96f06b-7379-43a7-bfe4-e08bd1034e73","sourceId":"id-9ccb143f-44cc-4c11-adf9-e98fb69520d6","targetId":"id-0966f63a-d3c1-45d9-9cd5-03cc0017f652","type":"Triggering"},{"id":"id-6e0c6f28-8762-4b7a-9e8e-50d87f5bb60e","sourceId":"id-0966f63a-d3c1-45d9-9cd5-03cc0017f652","targetId":"e26acc70-edf2-407a-bd45-2768ede294c2","type":"Triggering"},{"id":"c3f3399d-c965-4c65-ba9a-db833b9eec32","sourceId":"id-640d5af3-9c6c-4907-990a-dea5947bcf32","targetId":"id-9ccb143f-44cc-4c11-adf9-e98fb69520d6","type":"Assignment"},{"id":"id-2d81878e-7e57-43e1-8c8a-9eae32e19279","sourceId":"id-96201963-0ab8-4086-b4ad-0f981ddd46a8","targetId":"e26acc70-edf2-407a-bd45-2768ede294c2","type":"Assignment"},{"id":"a193fd69-474e-41da-9a3e-3a86dcce8982","sourceId":"id-5736bc9f-2c98-44b3-a117-4ed98b1fa488","targetId":"id-259a9876-2ba5-4b8f-b386-70ce12be1878","type":"Assignment"},{"id":"id-9eec2b3d-1f13-4f78-8f78-ebddd34ed9c0","sourceId":"id-5736bc9f-2c98-44b3-a117-4ed98b1fa488","targetId":"e07baa8e-0357-472c-b547-0b38fb8acc73","type":"Realization"},{"id":"id-2760bf48-19eb-4e95-aa9b-164c08ffba0b","sourceId":"aab57b3a-6d6d-4108-b71b-9affc5fe6b38","targetId":"id-75abacf0-bb26-4b6f-add1-4bb6bf1c6d27","type":"Composition"},{"id":"id-5e5ed402-72b5-434d-bfd4-bb3a7923f1f0","sourceId":"aab57b3a-6d6d-4108-b71b-9affc5fe6b38","targetId":"id-24ee9d85-6c07-42aa-ae3e-23a6b706bfd2","type":"Composition"},{"id":"id-7a079984-e69f-45c2-b718-dd46b05bfad2","sourceId":"id-75abacf0-bb26-4b6f-add1-4bb6bf1c6d27","targetId":"id-5914c052-bfe5-46c3-bc63-18793bdcdfca","type":"Triggering"},{"id":"id-367fa95a-5fbc-44b0-92c0-d2ef9cb8d1ff","sourceId":"id-75abacf0-bb26-4b6f-add1-4bb6bf1c6d27","targetId":"id-24ee9d85-6c07-42aa-ae3e-23a6b706bfd2","type":"Triggering"},{"id":"id-028cd3f3-4157-4877-8c0c-401b0e1ff972","sourceId":"id-24ee9d85-6c07-42aa-ae3e-23a6b706bfd2","targetId":"id-0966f63a-d3c1-45d9-9cd5-03cc0017f652","type":"Triggering"},{"id":"a5fa35b6-68ee-46d9-a62a-7c22bc60c4ef","sourceId":"id-5914c052-bfe5-46c3-bc63-18793bdcdfca","targetId":"id-625047a2-a54a-4d96-9a10-1afb7f974f4e","type":"Composition"},{"id":"eaa2a403-f740-49e9-a246-334f5ea007ef","sourceId":"id-2a53b16f-45b8-4d60-bcb4-97f3e309cd7c","targetId":"id-24352bc2-df4f-4ebe-b484-c27e98047ec4","type":"Composition"},{"id":"id-21c56a81-f0af-4fb7-ba39-9ed05283e635","sourceId":"id-2a53b16f-45b8-4d60-bcb4-97f3e309cd7c","targetId":"da1ed746-ffb1-43eb-94bd-eab46139a241","type":"Composition"},{"id":"id-5a00f600-1352-4d8e-a496-093a81c5f193","sourceId":"id-26b4a88c-b33f-4bf9-9684-6132a0ebc8c7","targetId":"id-0005b03e-4ce0-4221-8331-62e4269e3460","type":"Assignment"},{"id":"id-5e454d89-739a-4e14-aaa2-42766db5445b","sourceId":"id-26b4a88c-b33f-4bf9-9684-6132a0ebc8c7","targetId":"id-94be7219-cdc3-4aec-85af-9b00f416bf62","type":"Assignment"},{"id":"b3cf4bf2-69ab-46b1-95d2-85b37db5fbaa","sourceId":"id-0005b03e-4ce0-4221-8331-62e4269e3460","targetId":"id-6a9616f5-1e4c-48eb-9a2e-57dd9f873550","type":"Composition"},{"id":"id-58a06456-dbf8-4567-a3f9-8cee112d6b14","sourceId":"id-0005b03e-4ce0-4221-8331-62e4269e3460","targetId":"id-4728dd96-ff70-4113-a783-c7f4bd3db310","type":"Composition"},{"id":"fa34cdcb-b802-4bd4-8fa7-95d678a36faa","sourceId":"a7c0f7da-4838-44e6-9825-ede570bf8468","targetId":"cf0830c2-9964-405a-a44e-5deb5674b099","type":"Access"},{"id":"id-4d5ed732-3ea3-460c-86da-13873f277819","sourceId":"id-6a9616f5-1e4c-48eb-9a2e-57dd9f873550","targetId":"cf0830c2-9964-405a-a44e-5deb5674b099","type":"Access"},{"id":"id-39a26664-0e40-48c8-928e-f39821aa8ec7","sourceId":"id-6a9616f5-1e4c-48eb-9a2e-57dd9f873550","targetId":"id-4728dd96-ff70-4113-a783-c7f4bd3db310","type":"Flow"},{"id":"id-8e2f79cd-b8e8-4b65-a58b-2882bfdc0e26","sourceId":"id-625047a2-a54a-4d96-9a10-1afb7f974f4e","targetId":"id-0005b03e-4ce0-4221-8331-62e4269e3460","type":"Flow"}],"views":[{"id":"a2efde0b","name":"Plugin","viewpoint":""}]}