<?xml version="1.0" encoding="UTF-8"?>
<model xmlns="http://www.opengroup.org/xsd/archimate/3.0/" xmlns:xsi="http://www.w3.org/2001/XMLSchema-instance" xsi:schemaLocation="http://www.opengroup.org/xsd/archimate/3.0/ http://www.opengroup.org/xsd/archimate/3.1/archimate3_Diagram.xsd" identifier="id-5e13b46b">
  <name xml:lang="en">10 Plugin</name>
  <elements>
    <element identifier="id-96201963-0ab8-4086-b4ad-0f981ddd46a8" xsi:type="ApplicationComponent">
      <name xml:lang="en">class implementation 1</name>
    </element>
    <element identifier="e26acc70-edf2-407a-bd45-2768ede294c2" xsi:type="ApplicationFunction">
      <name xml:lang="en">some func</name>
    </element>
    <element identifier="id-640d5af3-9c6c-4907-990a-dea5947bcf32" xsi:type="ApplicationComponent">
      <name xml:lang="en">class 1</name>
    </element>
    <element identifier="id-9ccb143f-44cc-4c11-adf9-e98fb69520d6" xsi:type="ApplicationFunction">
      <name xml:lang="en">call func</name>
    </element>
    <element identifier="e07baa8e-0357-472c-b547-0b38fb8acc73" xsi:type="ApplicationInterface">
      <name xml:lang="en">separated interface</name>
    </element>
    <element identifier="id-0966f63a-d3c1-45d9-9cd5-03cc0017f652" xsi:type="ApplicationFunction">
      <name xml:lang="en">some func</name>
    </element>
    <element identifier="id-5736bc9f-2c98-44b3-a117-4ed98b1fa488" xsi:type="ApplicationComponent">
      <name xml:lang="en">class implementation 2</name>
    </element>
    <element identifier="id-259a9876-2ba5-4b8f-b386-70ce12be1878" xsi:type="ApplicationFunction">
      <name xml:lang="en">some func</name>
    </element>
    <element identifier="id-2a53b16f-45b8-4d60-bcb4-97f3e309cd7c" xsi:type="ApplicationFunction">
      <name xml:lang="en">get plugin</name>
    </element>
    <element identifier="aab57b3a-6d6d-4108-b71b-9affc5fe6b38" xsi:type="ApplicationProcess">
      <name xml:lang="en">some process</name>
    </element>
    <element identifier="id-75c6b851-07b4-41b5-b390-edcb1b7443f3" xsi:type="ApplicationProcess">
      <name xml:lang="en">Application Procclasss</name>
    </element>
    <element identifier="id-5914c052-bfe5-46c3-bc63-18793bdcdfca" xsi:type="ApplicationFunction">
      <name xml:lang="en">constructor</name>
    </element>
    <element identifier="id-75abacf0-bb26-4b6f-add1-4bb6bf1c6d27" xsi:type="ApplicationProcess">
      <name xml:lang="en">create supertype</name>
    </element>
    <element identifier="id-24ee9d85-6c07-42aa-ae3e-23a6b706bfd2" xsi:type="ApplicationProcess">
      <name xml:lang="en">call some func</name>
    </element>
    <element identifier="id-625047a2-a54a-4d96-9a10-1afb7f974f4e" xsi:type="ApplicationProcess">
      <name xml:lang="en">get object</name>
    </element>
    <element identifier="id-24352bc2-df4f-4ebe-b484-c27e98047ec4" xsi:type="ApplicationProcess">
      <name xml:lang="en">Application Process</name>
    </element>
    <element identifier="da1ed746-ffb1-43eb-94bd-eab46139a241" xsi:type="ApplicationProcess">
      <name xml:lang="en">Application Process</name>
    </element>
    <element identifier="id-26b4a88c-b33f-4bf9-9684-6132a0ebc8c7" xsi:type="ApplicationComponent">
      <name xml:lang="en">plugin factory</name>
    </element>
    <element identifier="id-0005b03e-4ce0-4221-8331-62e4269e3460" xsi:type="ApplicationFunction">
      <name xml:lang="en">get plugin</name>
    </element>
    <element identifier="id-94be7219-cdc3-4aec-85af-9b00f416bf62" xsi:type="ApplicationFunction">
      <name xml:lang="en">Application Function</name>
    </element>
    <element identifier="id-6a9616f5-1e4c-48eb-9a2e-57dd9f873550" xsi:type="ApplicationProcess">
      <name xml:lang="en">get current configuration</name>
    </element>
    <element identifier="id-4728dd96-ff70-4113-a783-c7f4bd3db310" xsi:type="ApplicationProcess">
      <name xml:lang="en">create an instance of class by class name</name>
    </element>
    <element identifier="cf0830c2-9964-405a-a44e-5deb5674b099" xsi:type="DataObject">
      <name xml:lang="en">current plugin class name</name>
    </element>
    <element identifier="a7c0f7da-4838-44e6-9825-ede570bf8468" xsi:type="Artifact">
      <name xml:lang="en">properties file</name>
    </element>
  </elements>
  <relationships>
    <relationship identifier="id-6d7a9f39-f5c1-48e4-baff-cf9f07d4ba0f" source="id-96201963-0ab8-4086-b4ad-0f981ddd46a8" target="e07baa8e-0357-472c-b547-0b38fb8acc73" xsi:type="Realization" />
    <relationship identifier="ae96f06b-7379-43a7-bfe4-e08bd1034e73" source="id-9ccb143f-44cc-4c11-adf9-e98fb69520d6" target="id-0966f63a-d3c1-45d9-9cd5-03cc0017f652" xsi:type="Triggering" />
    <relationship identifier="id-6e0c6f28-8762-4b7a-9e8e-50d87f5bb60e" source="id-0966f63a-d3c1-45d9-9cd5-03cc0017f652" target="e26acc70-edf2-407a-bd45-2768ede294c2" xsi:type="Triggering" />
    <relationship identifier="c3f3399d-c965-4c65-ba9a-db833b9eec32" source="id-640d5af3-9c6c-4907-990a-dea5947bcf32" target="id-9ccb143f-44cc-4c11-adf9-e98fb69520d6" xsi:type="Assignment" />
    <relationship identifier="id-2d81878e-7e57-43e1-8c8a-9eae32e19279" source="id-96201963-0ab8-4086-b4ad-0f981ddd46a8" target="e26acc70-edf2-407a-bd45-2768ede294c2" xsi:type="Assignment" />
    <relationship identifier="a193fd69-474e-41da-9a3e-3a86dcce8982" source="id-5736bc9f-2c98-44b3-a117-4ed98b1fa488" target="id-259a9876-2ba5-4b8f-b386-70ce12be1878" xsi:type="Assignment" />
    <relationship identifier="id-9eec2b3d-1f13-4f78-8f78-ebddd34ed9c0" source="id-5736bc9f-2c98-44b3-a117-4ed98b1fa488" target="e07baa8e-0357-472c-b547-0b38fb8acc73" xsi:type="Realization" />
    <relationship identifier="id-2760bf48-19eb-4e95-aa9b-164c08ffba0b" source="aab57b3a-6d6d-4108-b71b-9affc5fe6b38" target="id-75abacf0-bb26-4b6f-add1-4bb6bf1c6d27" xsi:type="Composition" />
    <relationship identifier="id-5e5ed402-72b5-434d-bfd4-bb3a7923f1f0" source="aab57b3a-6d6d-4108-b71b-9affc5fe6b38" target="id-24ee9d85-6c07-42aa-ae3e-23a6b706bfd2" xsi:type="Composition" />
    <relationship identifier="id-7a079984-e69f-45c2-b718-dd46b05bfad2" source="id-75abacf0-bb26-4b6f-add1-4bb6bf1c6d27" target="id-5914c052-bfe5-46c3-bc63-18793bdcdfca" xsi:type="Triggering" />
    <relationship identifier="id-367fa95a-5fbc-44b0-92c0-d2ef9cb8d1ff" source="id-75abacf0-bb26-4b6f-add1-4bb6bf1c6d27" target="id-24ee9d85-6c07-42aa-ae3e-23a6b706bfd2" xsi:type="Triggering" />
    <relationship identifier="id-028cd3f3-4157-4877-8c0c-401b0e1ff972" source="id-24ee9d85-6c07-42aa-ae3e-23a6b706bfd2" target="id-0966f63a-d3c1-45d9-9cd5-03cc0017f652" xsi:type="Triggering" />
    <relationship identifier="a5fa35b6-68ee-46d9-a62a-7c22bc60c4ef" source="id-5914c052-bfe5-46c3-bc63-18793bdcdfca" target="id-625047a2-a54a-4d96-9a10-1afb7f974f4e" xsi:type="Composition" />
    <relationship identifier="eaa2a403-f740-49e9-a246-334f5ea007ef" source="id-2a53b16f-45b8-4d60-bcb4-97f3e309cd7c" target="id-24352bc2-df4f-4ebe-b484-c27e98047ec4" xsi:type="Composition" />
    <relationship identifier="id-21c56a81-f0af-4fb7-ba39-9ed05283e635" source="id-2a53b16f-45b8-4d60-bcb4-97f3e309cd7c" target="da1ed746-ffb1-43eb-94bd-eab46139a241" xsi:type="Composition" />
    <relationship identifier="id-5a00f600-1352-4d8e-a496-093a81c5f193" source="id-26b4a88c-b33f-4bf9-9684-6132a0ebc8c7" target="id-0005b03e-4ce0-4221-8331-62e4269e3460" xsi:type="Assignment" />
    <relationship identifier="id-5e454d89-739a-4e14-aaa2-42766db5445b" source="id-26b4a88c-b33f-4bf9-9684-6132a0ebc8c7" target="id-94be7219-cdc3-4aec-85af-9b00f416bf62" xsi:type="Assignment" />
    <relationship identifier="b3cf4bf2-69ab-46b1-95d2-85b37db5fbaa" source="id-0005b03e-4ce0-4221-8331-62e4269e3460" target="id-6a9616f5-1e4c-48eb-9a2e-57dd9f873550" xsi:type="Composition" />
    <relationship identifier="id-58a06456-dbf8-4567-a3f9-8cee112d6b14" source="id-0005b03e-4ce0-4221-8331-62e4269e3460" target="id-4728dd96-ff70-4113-a783-c7f4bd3db310" xsi:type="Composition" />
    <relationship identifier="fa34cdcb-b802-4bd4-8fa7-95d678a36faa" source="a7c0f7da-4838-44e6-9825-ede570bf8468" target="cf0830c2-9964-405a-a44e-5deb5674b099" xsi:type="Access" accessType="Write" />
    <relationship identifier="id-4d5ed732-3ea3-460c-86da-13873f277819" source="id-6a9616f5-1e4c-48eb-9a2e-57dd9f873550" target="cf0830c2-9964-405a-a44e-5deb5674b099" xsi:type="Access" accessType="Write" />
    <relationship identifier="id-39a26664-0e40-48c8-928e-f39821aa8ec7" source="id-6a9616f5-1e4c-48eb-9a2e-57dd9f873550" target="id-4728dd96-ff70-4113-a783-c7f4bd3db310" xsi:type="Flow" />
    <relationship identifier="id-8e2f79cd-b8e8-4b65-a58b-2882bfdc0e26" source="id-625047a2-a54a-4d96-9a10-1afb7f974f4e" target="id-0005b03e-4ce0-4221-8331-62e4269e3460" xsi:type="Flow" />
  </relationships>
  <organizations>
    <item>
      <label xml:lang="en">Application</label>
      <item identifierRef="id-96201963-0ab8-4086-b4ad-0f981ddd46a8" />
      <item identifierRef="e26acc70-edf2-407a-bd45-2768ede294c2" />
      <item identifierRef="id-640d5af3-9c6c-4907-990a-dea5947bcf32" />
      <item identifierRef="id-9ccb143f-44cc-4c11-adf9-e98fb69520d6" />
      <item identifierRef="e07baa8e-0357-472c-b547-0b38fb8acc73" />
      <item identifierRef="id-0966f63a-d3c1-45d9-9cd5-03cc0017f652" />
      <item identifierRef="id-5736bc9f-2c98-44b3-a117-4ed98b1fa488" />
      <item identifierRef="id-259a9876-2ba5-4b8f-b386-70ce12be1878" />
      <item identifierRef="id-2a53b16f-45b8-4d60-bcb4-97f3e309cd7c" />
      <item identifierRef="aab57b3a-6d6d-4108-b71b-9affc5fe6b38" />
      <item identifierRef="id-75c6b851-07b4-41b5-b390-edcb1b7443f3" />
      <item identifierRef="id-5914c052-bfe5-46c3-bc63-18793bdcdfca" />
      <item identifierRef="id-75abacf0-bb26-4b6f-add1-4bb6bf1c6d27" />
      <item identifierRef="id-24ee9d85-6c07-42aa-ae3e-23a6b706bfd2" />
      <item identifierRef="id-625047a2-a54a-4d96-9a10-1afb7f974f4e" />
      <item identifierRef="id-24352bc2-df4f-4ebe-b484-c27e98047ec4" />
      <item identifierRef="da1ed746-ffb1-43eb-94bd-eab46139a241" />
      <item identifierRef="id-26b4a88c-b33f-4bf9-9684-6132a0ebc8c7" />
      <item identifierRef="id-0005b03e-4ce0-4221-8331-62e4269e3460" />
      <item identifierRef="id-94be7219-cdc3-4aec-85af-9b00f416bf62" />
      <item identifierRef="id-6a9616f5-1e4c-48eb-9a2e-57dd9f873550" />
      <item identifierRef="id-4728dd96-ff70-4113-a783-c7f4bd3db310" />
      <item identifierRef="cf0830c2-9964-405a-a44e-5deb5674b099" />
    </item>
    <item>
      <label xml:lang="en">Technology &amp; Physical</label>
      <item identifierRef="a7c0f7da-4838-44e6-9825-ede570bf8468" />
    </item>
    <item>
      <label xml:lang="en">Relations</label>
      <item identifierRef="id-6d7a9f39-f5c1-48e4-baff-cf9f07d4ba0f" />
      <item identifierRef="ae96f06b-7379-43a7-bfe4-e08bd1034e73" />
      <item identifierRef="id-6e0c6f28-8762-4b7a-9e8e-50d87f5bb60e" />
      <item identifierRef="c3f3399d-c965-4c65-ba9a-db833b9eec32" />
      <item identifierRef="id-2d81878e-7e57-43e1-8c8a-9eae32e19279" />
      <item identifierRef="a193fd69-474e-41da-9a3e-3a86dcce8982" />
      <item identifierRef="id-9eec2b3d-1f13-4f78-8f78-ebddd34ed9c0" />
      <item identifierRef="id-2760bf48-19eb-4e95-aa9b-164c08ffba0b" />
      <item identifierRef="id-5e5ed402-72b5-434d-bfd4-bb3a7923f1f0" />
      <item identifierRef="id-7a079984-e69f-45c2-b718-dd46b05bfad2" />
      <item identifierRef="id-367fa95a-5fbc-44b0-92c0-d2ef9cb8d1ff" />
      <item identifierRef="id-028cd3f3-4157-4877-8c0c-401b0e1ff972" />
      <item identifierRef="a5fa35b6-68ee-46d9-a62a-7c22bc60c4ef" />
      <item identifierRef="eaa2a403-f740-49e9-a246-334f5ea007ef" />
      <item identifierRef="id-21c56a81-f0af-4fb7-ba39-9ed05283e635" />
      <item identifierRef="id-5a00f600-1352-4d8e-a496-093a81c5f193" />
      <item identifierRef="id-5e454d89-739a-4e14-aaa2-42766db5445b" />
      <item identifierRef="b3cf4bf2-69ab-46b1-95d2-85b37db5fbaa" />
      <item identifierRef="id-58a06456-dbf8-4567-a3f9-8cee112d6b14" />
      <item identifierRef="fa34cdcb-b802-4bd4-8fa7-95d678a36faa" />
      <item identifierRef="id-4d5ed732-3ea3-460c-86da-13873f277819" />
      <item identifierRef="id-39a26664-0e40-48c8-928e-f39821aa8ec7" />
      <item identifierRef="id-8e2f79cd-b8e8-4b65-a58b-2882bfdc0e26" />
    </item>
    <item>
      <label xml:lang="en">Views</label>
      <item identifierRef="a2efde0b" />
    </item>
  </organizations>
  <views>
    <diagrams>
      <view identifier="a2efde0b" xsi:type="Diagram">
        <name xml:lang="en">Plugin</name>
        <node identifier="ea06d23c-ad0e-483b-8bf9-d713460e20b5" x="1092" y="490" w="589" h="390" xsi:type="Container">
          <label xml:lang="en">plugin 1</label>
          <style>
            <fillColor r="210" g="215" b="215" a="100" />
            <lineColor r="92" g="92" b="92" a="100" />
            <font name="Lucida Grande" size="12">
              <color r="0" g="0" b="0" />
            </font>
          </style>
          <node identifier="f3a417c9-0263-49aa-85e9-54ee9f1fe9af" elementRef="id-96201963-0ab8-4086-b4ad-0f981ddd46a8" xsi:type="Element" x="1252" y="540" w="280" h="260">
            <style>
              <fillColor r="181" g="255" b="255" a="100" />
              <lineColor r="92" g="92" b="92" a="100" />
              <font name="Lucida Grande" size="12">
                <color r="0" g="0" b="0" />
              </font>
            </style>
            <node identifier="id-609f84ce-1603-44aa-955f-d00a18a81fca" elementRef="e26acc70-edf2-407a-bd45-2768ede294c2" xsi:type="Element" x="1322" y="680" w="180" h="100">
              <style>
                <fillColor r="181" g="255" b="255" a="100" />
                <lineColor r="92" g="92" b="92" a="100" />
                <font name="Lucida Grande" size="12">
                  <color r="0" g="0" b="0" />
                </font>
              </style>
            </node>
          </node>
        </node>
        <node identifier="id-0a85cb5c-9917-49e9-b739-2524ee20585d" x="402" y="895" w="589" h="390" xsi:type="Container">
          <label xml:lang="en">plugin factory</label>
          <style>
            <fillColor r="210" g="215" b="215" a="100" />
            <lineColor r="92" g="92" b="92" a="100" />
            <font name="Lucida Grande" size="12">
              <color r="0" g="0" b="0" />
            </font>
          </style>
          <node identifier="acee6b46-aa2f-4616-afad-e874a113cce0" elementRef="id-26b4a88c-b33f-4bf9-9684-6132a0ebc8c7" xsi:type="Element" x="512" y="955" w="280" h="260">
            <style>
              <fillColor r="181" g="255" b="255" a="100" />
              <lineColor r="92" g="92" b="92" a="100" />
              <font name="Lucida Grande" size="12">
                <color r="0" g="0" b="0" />
              </font>
            </style>
            <node identifier="be6bce51-5337-4231-8fe1-884ac3c3218c" elementRef="id-0005b03e-4ce0-4221-8331-62e4269e3460" xsi:type="Element" x="592" y="1005" w="180" h="190">
              <style>
                <fillColor r="181" g="255" b="255" a="100" />
                <lineColor r="92" g="92" b="92" a="100" />
                <font name="Lucida Grande" size="12">
                  <color r="0" g="0" b="0" />
                </font>
              </style>
              <node identifier="id-257f397a-559b-4e02-9ee2-bbaaf46e33f5" elementRef="id-6a9616f5-1e4c-48eb-9a2e-57dd9f873550" xsi:type="Element" x="622" y="1055" w="140" h="55">
                <style>
                  <fillColor r="181" g="255" b="255" a="100" />
                  <lineColor r="92" g="92" b="92" a="100" />
                  <font name="Lucida Grande" size="12">
                    <color r="0" g="0" b="0" />
                  </font>
                </style>
              </node>
              <node identifier="aaf5f0df-f527-4ecd-bda8-8d32417a7e59" elementRef="id-4728dd96-ff70-4113-a783-c7f4bd3db310" xsi:type="Element" x="622" y="1122" w="140" h="55">
                <style>
                  <fillColor r="181" g="255" b="255" a="100" />
                  <lineColor r="92" g="92" b="92" a="100" />
                  <font name="Lucida Grande" size="12">
                    <color r="0" g="0" b="0" />
                  </font>
                </style>
              </node>
            </node>
          </node>
        </node>
        <node identifier="faf81e4e-eb39-4dc9-bd26-1711e730cdcf" x="402" y="490" w="589" h="390" xsi:type="Container">
          <label xml:lang="en">Fowler pattern: separated interface, gateway</label>
          <style>
            <fillColor r="210" g="215" b="215" a="100" />
            <lineColor r="92" g="92" b="92" a="100" />
            <font name="Lucida Grande" size="12">
              <color r="0" g="0" b="0" />
            </font>
          </style>
          <node identifier="id-5e7dde4e-dc3f-43c9-870b-73b24defee84" elementRef="e07baa8e-0357-472c-b547-0b38fb8acc73" xsi:type="Element" x="512" y="540" w="280" h="260">
            <style>
              <fillColor r="181" g="255" b="255" a="100" />
              <lineColor r="92" g="92" b="92" a="100" />
              <font name="Lucida Grande" size="12">
                <color r="0" g="0" b="0" />
              </font>
            </style>
            <node identifier="bc9e8044-b17c-4a8a-b985-ebefb63ccae4" elementRef="id-0966f63a-d3c1-45d9-9cd5-03cc0017f652" xsi:type="Element" x="582" y="690" w="180" h="100">
              <style>
                <fillColor r="181" g="255" b="255" a="100" />
                <lineColor r="92" g="92" b="92" a="100" />
                <font name="Lucida Grande" size="12">
                  <color r="0" g="0" b="0" />
                </font>
              </style>
            </node>
            <node identifier="f9e64c9b-870d-4850-9073-9c1b25755d4e" elementRef="id-5914c052-bfe5-46c3-bc63-18793bdcdfca" xsi:type="Element" x="582" y="580" w="180" h="100">
              <style>
                <fillColor r="181" g="255" b="255" a="100" />
                <lineColor r="92" g="92" b="92" a="100" />
                <font name="Lucida Grande" size="12">
                  <color r="0" g="0" b="0" />
                </font>
              </style>
              <node identifier="id-99ef4f02-9113-4475-b5de-4ce82876126f" elementRef="id-625047a2-a54a-4d96-9a10-1afb7f974f4e" xsi:type="Element" x="632" y="620" w="120" h="55">
                <style>
                  <fillColor r="181" g="255" b="255" a="100" />
                  <lineColor r="92" g="92" b="92" a="100" />
                  <font name="Lucida Grande" size="12">
                    <color r="0" g="0" b="0" />
                  </font>
                </style>
              </node>
            </node>
          </node>
        </node>
        <node identifier="cda5344d-1620-4c25-b839-6ba589125757" x="1092" y="895" w="589" h="390" xsi:type="Container">
          <label xml:lang="en">plugin 2</label>
          <style>
            <fillColor r="210" g="215" b="215" a="100" />
            <lineColor r="92" g="92" b="92" a="100" />
            <font name="Lucida Grande" size="12">
              <color r="0" g="0" b="0" />
            </font>
          </style>
          <node identifier="id-4cf632c0-883f-4ee2-88f3-a70a1d3352ec" elementRef="id-5736bc9f-2c98-44b3-a117-4ed98b1fa488" xsi:type="Element" x="1252" y="965" w="280" h="260">
            <style>
              <fillColor r="181" g="255" b="255" a="100" />
              <lineColor r="92" g="92" b="92" a="100" />
              <font name="Lucida Grande" size="12">
                <color r="0" g="0" b="0" />
              </font>
            </style>
            <node identifier="id-24c006f0-5d68-46ab-af62-9eb952c5baf0" elementRef="id-259a9876-2ba5-4b8f-b386-70ce12be1878" xsi:type="Element" x="1322" y="1085" w="180" h="100">
              <style>
                <fillColor r="181" g="255" b="255" a="100" />
                <lineColor r="92" g="92" b="92" a="100" />
                <font name="Lucida Grande" size="12">
                  <color r="0" g="0" b="0" />
                </font>
              </style>
            </node>
          </node>
        </node>
        <node identifier="e6bad433-d735-404e-af8c-bac4b16c0400" elementRef="aab57b3a-6d6d-4108-b71b-9affc5fe6b38" xsi:type="Element" x="390" y="140" w="1088" h="220">
          <style>
            <fillColor r="181" g="255" b="255" a="100" />
            <lineColor r="92" g="92" b="92" a="100" />
            <font name="Lucida Grande" size="12">
              <color r="0" g="0" b="0" />
            </font>
          </style>
          <node identifier="id-75e2f424-e5bf-44ee-8470-d37694d6a2fa" elementRef="id-75abacf0-bb26-4b6f-add1-4bb6bf1c6d27" xsi:type="Element" x="470" y="240" w="120" h="55">
            <style>
              <fillColor r="181" g="255" b="255" a="100" />
              <lineColor r="92" g="92" b="92" a="100" />
              <font name="Lucida Grande" size="12">
                <color r="0" g="0" b="0" />
              </font>
            </style>
          </node>
          <node identifier="id-5bc98cf2-9f11-4336-977e-bea1cf6188a9" elementRef="id-24ee9d85-6c07-42aa-ae3e-23a6b706bfd2" xsi:type="Element" x="700" y="240" w="120" h="55">
            <style>
              <fillColor r="181" g="255" b="255" a="100" />
              <lineColor r="92" g="92" b="92" a="100" />
              <font name="Lucida Grande" size="12">
                <color r="0" g="0" b="0" />
              </font>
            </style>
          </node>
        </node>
        <node identifier="id-540e66c2-0d20-4307-aec5-e1f4448d5427" xsi:type="Label" x="452" y="100" w="380" h="102">
          <label xml:lang="en">GoF pattern: bridge
- It will automatically create an instance of the desired subclass (specified in the configuration file)
-plugin is determined dynamically 
    - during a properties file reading 
    - during a call supertype constructor</label>
          <style>
            <fillColor r="255" g="255" b="255" a="100" />
            <lineColor r="92" g="92" b="92" a="100" />
            <font name="Lucida Grande" size="12">
              <color r="255" g="0" b="0" />
            </font>
          </style>
        </node>
        <node identifier="e16bda7c-d16e-4209-8605-13a33bc67bd8" elementRef="a7c0f7da-4838-44e6-9825-ede570bf8468" xsi:type="Element" x="82" y="1020" w="240" h="120">
          <style>
            <fillColor r="201" g="231" b="183" a="100" />
            <lineColor r="92" g="92" b="92" a="100" />
            <font name="Lucida Grande" size="12">
              <color r="0" g="0" b="0" />
            </font>
          </style>
          <node identifier="ea792551-d537-49e2-b2e9-cf193d0f725a" elementRef="cf0830c2-9964-405a-a44e-5deb5674b099" xsi:type="Element" x="142" y="1070" w="120" h="55">
            <style>
              <fillColor r="181" g="255" b="255" a="100" />
              <lineColor r="92" g="92" b="92" a="100" />
              <font name="Lucida Grande" size="12">
                <color r="0" g="0" b="0" />
              </font>
            </style>
          </node>
        </node>
        <node identifier="id-986e5de2-4cc0-4687-b21f-dbd2aee5529f" xsi:type="Label" x="72" y="1139" w="215" h="102">
          <label xml:lang="en">for example, current plugin = class implementation 1</label>
          <style>
            <fillColor r="255" g="255" b="255" a="100" />
            <lineColor r="92" g="92" b="92" a="100" />
            <font name="Lucida Grande" size="12">
              <color r="255" g="0" b="0" />
            </font>
          </style>
        </node>
        <connection identifier="id-9361d0a2-3ad2-445b-ac15-9309f7cd1910" relationshipRef="id-6d7a9f39-f5c1-48e4-baff-cf9f07d4ba0f" xsi:type="Relationship" source="f3a417c9-0263-49aa-85e9-54ee9f1fe9af" target="id-5e7dde4e-dc3f-43c9-870b-73b24defee84">
          <style>
            <lineColor r="0" g="0" b="255" />
            <font name="Lucida Grande" size="12">
              <color r="0" g="0" b="0" />
            </font>
          </style>
          <bendpoint x="970" y="676" />
        </connection>
        <connection identifier="id-00a52153-01ef-49c5-a00c-cf195f1dd625" relationshipRef="id-4d5ed732-3ea3-460c-86da-13873f277819" xsi:type="Relationship" source="id-257f397a-559b-4e02-9ee2-bbaaf46e33f5" target="ea792551-d537-49e2-b2e9-cf193d0f725a">
          <style>
            <lineColor r="0" g="0" b="0" />
            <font name="Lucida Grande" size="12">
              <color r="0" g="0" b="0" />
            </font>
          </style>
        </connection>
        <connection identifier="f7306f9e-9bb8-4e22-85aa-51b4dd539e05" relationshipRef="id-39a26664-0e40-48c8-928e-f39821aa8ec7" xsi:type="Relationship" source="id-257f397a-559b-4e02-9ee2-bbaaf46e33f5" target="aaf5f0df-f527-4ecd-bda8-8d32417a7e59">
          <style>
            <lineColor r="0" g="0" b="0" />
            <font name="Lucida Grande" size="12">
              <color r="0" g="0" b="0" />
            </font>
          </style>
        </connection>
        <connection identifier="id-5816fdd7-ef59-4c95-ae2c-8ffeb7473d61" relationshipRef="id-6e0c6f28-8762-4b7a-9e8e-50d87f5bb60e" xsi:type="Relationship" source="bc9e8044-b17c-4a8a-b985-ebefb63ccae4" target="id-609f84ce-1603-44aa-955f-d00a18a81fca">
          <style>
            <lineColor r="255" g="0" b="0" />
            <font name="Lucida Grande" size="12">
              <color r="255" g="0" b="0" />
            </font>
          </style>
          <bendpoint x="1059" y="735" />
        </connection>
        <connection identifier="id-93dc9743-66a0-4c9d-9782-078918446536" relationshipRef="id-8e2f79cd-b8e8-4b65-a58b-2882bfdc0e26" xsi:type="Relationship" source="id-99ef4f02-9113-4475-b5de-4ce82876126f" target="be6bce51-5337-4231-8fe1-884ac3c3218c">
          <style>
            <lineColor r="0" g="0" b="0" />
            <font name="Lucida Grande" size="12">
              <color r="0" g="0" b="0" />
            </font>
          </style>
        </connection>
        <connection identifier="e0978a59-4c27-4a38-a685-634e55ee0f33" relationshipRef="id-9eec2b3d-1f13-4f78-8f78-ebddd34ed9c0" xsi:type="Relationship" source="id-4cf632c0-883f-4ee2-88f3-a70a1d3352ec" target="id-5e7dde4e-dc3f-43c9-870b-73b24defee84">
          <style>
            <lineColor r="0" g="0" b="255" />
            <font name="Lucida Grande" size="12">
              <color r="0" g="0" b="0" />
            </font>
          </style>
        </connection>
        <connection identifier="f42a47ba-c7ee-4ed8-8553-8346ba24ccad" relationshipRef="id-7a079984-e69f-45c2-b718-dd46b05bfad2" xsi:type="Relationship" source="id-75e2f424-e5bf-44ee-8470-d37694d6a2fa" target="f9e64c9b-870d-4850-9073-9c1b25755d4e">
          <style>
            <lineColor r="0" g="0" b="0" />
            <font name="Lucida Grande" size="12">
              <color r="0" g="0" b="0" />
            </font>
          </style>
        </connection>
        <connection identifier="id-506f419c-ba11-461a-bce8-b2cdd351c766" relationshipRef="id-367fa95a-5fbc-44b0-92c0-d2ef9cb8d1ff" xsi:type="Relationship" source="id-75e2f424-e5bf-44ee-8470-d37694d6a2fa" target="id-5bc98cf2-9f11-4336-977e-bea1cf6188a9">
          <style>
            <lineColor r="0" g="0" b="0" />
            <font name="Lucida Grande" size="12">
              <color r="0" g="0" b="0" />
            </font>
          </style>
        </connection>
        <connection identifier="id-80b7a1a2-e38a-436e-bc9b-13f47a433015" relationshipRef="id-028cd3f3-4157-4877-8c0c-401b0e1ff972" xsi:type="Relationship" source="id-5bc98cf2-9f11-4336-977e-bea1cf6188a9" target="bc9e8044-b17c-4a8a-b985-ebefb63ccae4">
          <style>
            <lineColor r="255" g="0" b="0" />
            <font name="Lucida Grande" size="12">
              <color r="0" g="0" b="0" />
            </font>
          </style>
        </connection>
      </view>
    </diagrams>
  </views>
</model>
