<?xml version="1.0" encoding="UTF-8"?>
<model xmlns="http://www.opengroup.org/xsd/archimate/3.0/" xmlns:xsi="http://www.w3.org/2001/XMLSchema-instance" xsi:schemaLocation="http://www.opengroup.org/xsd/archimate/3.0/ http://www.opengroup.org/xsd/archimate/3.1/archimate3_Diagram.xsd" identifier="id-225eff63-035e-479a-be23-84c6a33e696d">
  <name xml:lang="en">12 Association Patterns</name>
  <elements>
    <element identifier="id-34b38af4" xsi:type="BusinessObject">
      <name xml:lang="en">employee</name>
    </element>
    <element identifier="id-5e29f24e" xsi:type="BusinessObject">
      <name xml:lang="en">organization</name>
    </element>
    <element identifier="id-75e1a92b" xsi:type="BusinessObject">
      <name xml:lang="en">employee</name>
    </element>
    <element identifier="eb054864" xsi:type="BusinessObject">
      <name xml:lang="en">organization</name>
    </element>
    <element identifier="id-98b9e0e6" xsi:type="BusinessObject">
      <name xml:lang="en">employee</name>
    </element>
    <element identifier="id-89ed14f5" xsi:type="BusinessObject">
      <name xml:lang="en">organization</name>
    </element>
    <element identifier="id-260b3804" xsi:type="ApplicationComponent">
      <name xml:lang="en">class employee</name>
    </element>
    <element identifier="id-3dfa7b28" xsi:type="DataObject">
      <name xml:lang="en">pointer to organization</name>
    </element>
    <element identifier="id-68472db1" xsi:type="ApplicationComponent">
      <name xml:lang="en">class organization</name>
    </element>
    <element identifier="ae146af0" xsi:type="ApplicationComponent">
      <name xml:lang="en">class employee</name>
    </element>
    <element identifier="id-286992a7" xsi:type="DataObject">
      <name xml:lang="en">array of references to the employees</name>
    </element>
    <element identifier="ca1f0964" xsi:type="ApplicationComponent">
      <name xml:lang="en">class organization</name>
    </element>
    <element identifier="id-62c1a502" xsi:type="ApplicationComponent">
      <name xml:lang="en">class employee</name>
    </element>
    <element identifier="id-46fa67ed" xsi:type="ApplicationComponent">
      <name xml:lang="en">class organization</name>
    </element>
    <element identifier="f4f73189" xsi:type="DataObject">
      <name xml:lang="en">ordered list of references</name>
    </element>
  </elements>
  <relationships>
    <relationship identifier="id-993b03b9" source="id-68472db1" target="id-5e29f24e" xsi:type="Association" />
    <relationship identifier="b877c858" source="id-260b3804" target="id-3dfa7b28" xsi:type="Access" accessType="Write" />
    <relationship identifier="id-66d7116c" source="id-260b3804" target="id-34b38af4" xsi:type="Association" />
    <relationship identifier="id-6e76130e" source="id-3dfa7b28" target="id-68472db1" xsi:type="Association" />
    <relationship identifier="c5a3a671" source="id-34b38af4" target="id-5e29f24e" xsi:type="Association">
      <name xml:lang="en">N|0 - 1 employer</name>
    </relationship>
    <relationship identifier="id-29eae3f8" source="ca1f0964" target="eb054864" xsi:type="Association" />
    <relationship identifier="fcde38fc" source="ae146af0" target="id-286992a7" xsi:type="Access" accessType="Write" />
    <relationship identifier="aed74a9f" source="ae146af0" target="id-75e1a92b" xsi:type="Association" />
    <relationship identifier="id-7a997433" source="id-286992a7" target="ca1f0964" xsi:type="Association" />
    <relationship identifier="fa799719" source="id-75e1a92b" target="eb054864" xsi:type="Association">
      <name xml:lang="en">N|0 - 1 employer</name>
    </relationship>
    <relationship identifier="id-75c95347" source="ca1f0964" target="id-286992a7" xsi:type="Access" accessType="Write" />
    <relationship identifier="dcdeb337" source="id-286992a7" target="ae146af0" xsi:type="Association" />
    <relationship identifier="f4e38060" source="id-62c1a502" target="id-98b9e0e6" xsi:type="Association" />
    <relationship identifier="id-99da6de6" source="f4f73189" target="id-62c1a502" xsi:type="Association" />
    <relationship identifier="id-4ae9fd24" source="id-98b9e0e6" target="id-89ed14f5" xsi:type="Association">
      <name xml:lang="en">N|0 - 1 employer [ordered list]</name>
    </relationship>
    <relationship identifier="b24e0e2a" source="f4f73189" target="id-46fa67ed" xsi:type="Association" />
    <relationship identifier="id-1047a0f2" source="id-46fa67ed" target="id-89ed14f5" xsi:type="Association" />
    <relationship identifier="id-3552446a" source="id-46fa67ed" target="f4f73189" xsi:type="Access" accessType="Write" />
  </relationships>
  <organizations>
    <item>
      <label xml:lang="en">Business</label>
      <item identifierRef="id-34b38af4" />
      <item identifierRef="id-5e29f24e" />
      <item identifierRef="id-75e1a92b" />
      <item identifierRef="eb054864" />
      <item identifierRef="id-98b9e0e6" />
      <item identifierRef="id-89ed14f5" />
    </item>
    <item>
      <label xml:lang="en">Application</label>
      <item identifierRef="id-260b3804" />
      <item identifierRef="id-3dfa7b28" />
      <item identifierRef="id-68472db1" />
      <item identifierRef="ae146af0" />
      <item identifierRef="id-286992a7" />
      <item identifierRef="ca1f0964" />
      <item identifierRef="id-62c1a502" />
      <item identifierRef="id-46fa67ed" />
      <item identifierRef="f4f73189" />
    </item>
    <item>
      <label xml:lang="en">Relations</label>
      <item identifierRef="id-993b03b9" />
      <item identifierRef="b877c858" />
      <item identifierRef="id-66d7116c" />
      <item identifierRef="id-6e76130e" />
      <item identifierRef="c5a3a671" />
      <item identifierRef="id-29eae3f8" />
      <item identifierRef="fcde38fc" />
      <item identifierRef="aed74a9f" />
      <item identifierRef="id-7a997433" />
      <item identifierRef="fa799719" />
      <item identifierRef="id-75c95347" />
      <item identifierRef="dcdeb337" />
      <item identifierRef="f4e38060" />
      <item identifierRef="id-99da6de6" />
      <item identifierRef="id-4ae9fd24" />
      <item identifierRef="b24e0e2a" />
      <item identifierRef="id-1047a0f2" />
      <item identifierRef="id-3552446a" />
    </item>
    <item>
      <label xml:lang="en">Views</label>
      <item identifierRef="e823b254-9c49-41a0-aa07-b524fbcc5b02" />
      <item identifierRef="id-6d65206e-ad8a-46d0-a6e0-2aec3b8aae99" />
      <item identifierRef="id-7eab36f5-bce7-4f4d-ab0c-b87b4a162347" />
      <item identifierRef="b92aac6e-0266-4b7f-b54a-819e9fa4cef0" />
    </item>
  </organizations>
  <views>
    <diagrams>
      <view identifier="e823b254-9c49-41a0-aa07-b524fbcc5b02" xsi:type="Diagram">
        <name xml:lang="en">Association Patterns</name>
      </view>
      <view identifier="id-6d65206e-ad8a-46d0-a6e0-2aec3b8aae99" xsi:type="Diagram">
        <name xml:lang="en">1 Associative Type</name>
      </view>
      <view identifier="id-7eab36f5-bce7-4f4d-ab0c-b87b4a162347" xsi:type="Diagram">
        <name xml:lang="en">2 Keyed Mapping</name>
      </view>
      <view identifier="b92aac6e-0266-4b7f-b54a-819e9fa4cef0" xsi:type="Diagram">
        <name xml:lang="en">3 Historic Mapping</name>
      </view>
    </diagrams>
  </views>
</model>
