{"identifier":"https://me.big.tuwien.ac.at/EAModelSet/id-225eff63-035e-479a-be23-84c6a33e696d","archimateId":"id-225eff63-035e-479a-be23-84c6a33e696d","name":"12 Association Patterns","description":"","formats":["XML","CSV","JSON","ARCHIMATE"],"source":"GitHub","sourceFile":"raw-data/github/xml/12_association_patterns.xml","sourceFormat":"XML","timestamp":"29-06-2023 09:26:50","tags":[],"duplicates":[],"language":"en","elements":[{"id":"id-34b38af4","name":"employee","type":"BusinessObject","layer":"business"},{"id":"id-5e29f24e","name":"organization","type":"BusinessObject","layer":"business"},{"id":"id-75e1a92b","name":"employee","type":"BusinessObject","layer":"business"},{"id":"eb054864","name":"organization","type":"BusinessObject","layer":"business"},{"id":"id-98b9e0e6","name":"employee","type":"BusinessObject","layer":"business"},{"id":"id-89ed14f5","name":"organization","type":"BusinessObject","layer":"business"},{"id":"id-260b3804","name":"class employee","type":"ApplicationComponent","layer":"application"},{"id":"id-3dfa7b28","name":"pointer to organization","type":"DataObject","layer":"application"},{"id":"id-68472db1","name":"class organization","type":"ApplicationComponent","layer":"application"},{"id":"ae146af0","name":"class employee","type":"ApplicationComponent","layer":"application"},{"id":"id-286992a7","name":"array of references to the employees","type":"DataObject","layer":"application"},{"id":"ca1f0964","name":"class organization","type":"ApplicationComponent","layer":"application"},{"id":"id-62c1a502","name":"class employee","type":"ApplicationComponent","layer":"application"},{"id":"id-46fa67ed","name":"class organization","type":"ApplicationComponent","layer":"application"},{"id":"f4f73189","name":"ordered list of references","type":"DataObject","layer":"application"}],"relationships":[{"id":"id-993b03b9","sourceId":"id-68472db1","targetId":"id-5e29f24e","type":"Association"},{"id":"b877c858","sourceId":"id-260b3804","targetId":"id-3dfa7b28","type":"Access"},{"id":"id-66d7116c","sourceId":"id-260b3804","targetId":"id-34b38af4","type":"Association"},{"id":"id-6e76130e","sourceId":"id-3dfa7b28","targetId":"id-68472db1","type":"Association"},{"id":"c5a3a671","sourceId":"id-34b38af4","targetId":"id-5e29f24e","type":"Association"},{"id":"id-29eae3f8","sourceId":"ca1f0964","targetId":"eb054864","type":"Association"},{"id":"fcde38fc","sourceId":"ae146af0","targetId":"id-286992a7","type":"Access"},{"id":"aed74a9f","sourceId":"ae146af0","targetId":"id-75e1a92b","type":"Association"},{"id":"id-7a997433","sourceId":"id-286992a7","targetId":"ca1f0964","type":"Association"},{"id":"fa799719","sourceId":"id-75e1a92b","targetId":"eb054864","type":"Association"},{"id":"id-75c95347","sourceId":"ca1f0964","targetId":"id-286992a7","type":"Access"},{"id":"dcdeb337","sourceId":"id-286992a7","targetId":"ae146af0","type":"Association"},{"id":"f4e38060","sourceId":"id-62c1a502","targetId":"id-98b9e0e6","type":"Association"},{"id":"id-99da6de6","sourceId":"f4f73189","targetId":"id-62c1a502","type":"Association"},{"id":"id-4ae9fd24","sourceId":"id-98b9e0e6","targetId":"id-89ed14f5","type":"Association"},{"id":"b24e0e2a","sourceId":"f4f73189","targetId":"id-46fa67ed","type":"Association"},{"id":"id-1047a0f2","sourceId":"id-46fa67ed","targetId":"id-89ed14f5","type":"Association"},{"id":"id-3552446a","sourceId":"id-46fa67ed","targetId":"f4f73189","type":"Access"}],"views":[{"id":"e823b254-9c49-41a0-aa07-b524fbcc5b02","name":"Association Patterns","viewpoint":""},{"id":"id-6d65206e-ad8a-46d0-a6e0-2aec3b8aae99","name":"1 Associative Type","viewpoint":""},{"id":"id-7eab36f5-bce7-4f4d-ab0c-b87b4a162347","name":"2 Keyed Mapping","viewpoint":""},{"id":"b92aac6e-0266-4b7f-b54a-819e9fa4cef0","name":"3 Historic Mapping","viewpoint":""}]}