"ID","Type","Name","Documentation","Source","Target","Specialization"
"id-3284015b","AccessRelationship","","","b50db0e5","f1701007",""
"id-30b2f660","AccessRelationship","","","c4e21ad8","f1701007",""
"id-3ed68378","AccessRelationship","","","id-3f1163b1","ee1ee414",""
"d0805405","AccessRelationship","","","a30437c0","f1701007",""
"cf647814","AccessRelationship","","","d23ab3db","f1701007",""
"id-8f857739","AccessRelationship","","","id-0c7d8b7c","ee1ee414",""
"id-8d89564d","AccessRelationship","","","id-5be1626b","ee1ee414",""
"b40afc37","AccessRelationship","","","c9bfe78a","f1701007",""
"fe4268a0","AccessRelationship","","","id-68432368","e4c43526",""
"id-862914ff","AccessRelationship","","","ec5fd4dd","id-2e7905d6",""
"id-0ec1fc47","AccessRelationship","","","id-825ad3cf","id-419416fc",""
"b4e087da","AccessRelationship","","","ec5fd4dd","e4c43526",""
"id-95b6f5ce","AccessRelationship","","","id-825ad3cf","id-2e7905d6",""
"id-303b086f","AccessRelationship","","","id-825ad3cf","e4c43526",""
"bbe166a5","AssignmentRelationship","","","id-68432368","c4e21ad8",""
"d598acbf","AssignmentRelationship","","","id-68432368","id-4188ebf9",""
"a4e14133","AssignmentRelationship","","","id-68432368","id-22564600",""
"id-741740ef","AssignmentRelationship","","","id-68432368","b370d7a7",""
"a8c3b26d","AssignmentRelationship","","","id-0c7d8b7c","id-3fa3823d",""
"d1510c97","AssignmentRelationship","","","id-0c7d8b7c","id-5be1626b",""
"fe02d47a","AssignmentRelationship","","","id-68432368","b043ae20",""
"id-434a3726","AssignmentRelationship","","","id-68432368","id-8ba1eca9",""
"id-8b9d0965","AssignmentRelationship","","","id-68432368","id-0bfa0eba",""
"ff8ead2c","AssignmentRelationship","","","ec5fd4dd","id-6f960ee2",""
"id-5fa377fc","AssignmentRelationship","","","ec5fd4dd","id-71be4489",""
"d6217bbd","AssignmentRelationship","","","ec5fd4dd","id-05281eb0",""
"e6455302","AssignmentRelationship","","","ec5fd4dd","c1e3bde5",""
"b75ce349","AssignmentRelationship","","","ec5fd4dd","id-2fc8a571",""
"id-3eda3a73","AssignmentRelationship","","","ec5fd4dd","ad79ca79",""
"id-1041866e","AssignmentRelationship","","","id-825ad3cf","fdffb322",""
"b7a6884f","AssignmentRelationship","","","id-825ad3cf","id-5b3544f6",""
"id-72bd01f6","AssignmentRelationship","","","id-825ad3cf","id-557b6fe9",""
"id-25ff6b90","AssignmentRelationship","","","id-825ad3cf","id-49f391a0",""
"id-3c22839a","AssignmentRelationship","","","id-825ad3cf","id-44581ea3",""
"dbd63a93","AssignmentRelationship","","","id-825ad3cf","id-3273b067",""
"id-34eab69d","AssociationRelationship","","","id-29ca205c","c51778df",""
"id-7e16dc05","AssociationRelationship","","","b0fe2c99","id-29ca205c",""
"e29858f1","AssociationRelationship","","","f1701007","id-29ca205c",""
"id-459ebf45","AssociationRelationship","","","id-6aa9c90a","c51778df",""
"ab7a050f","CompositionRelationship","","","c4e21ad8","b5092ee6",""
"e1dbbece","CompositionRelationship","","","d053fa8a","d4cd85ec",""
"id-6559bc48","CompositionRelationship","","","b043ae20","c9bfe78a",""
"id-43fb19cd","CompositionRelationship","","","id-8ba1eca9","id-12f83529",""
"ddac2594","CompositionRelationship","","","b043ae20","id-62a7f301",""
"id-99ee8bfc","CompositionRelationship","","","id-22564600","c0ae5b85",""
"id-0e3567b1","CompositionRelationship","","","d053fa8a","id-4d240beb",""
"fd66beec","CompositionRelationship","","","id-22564600","b50db0e5",""
"id-98c560bf","CompositionRelationship","","","b370d7a7","id-5d9d73cf",""
"id-7861533d","CompositionRelationship","","","c4e21ad8","id-0a1d07a1",""
"id-25b68d73","CompositionRelationship","","","id-4188ebf9","d23ab3db",""
"id-03985575","CompositionRelationship","","","id-8ba1eca9","a30437c0",""
"a11b06e0","CompositionRelationship","","","d053fa8a","id-46b1b6b7",""
"b0aec483","CompositionRelationship","","","b370d7a7","id-5bfe5fb3",""
"aa23a367","CompositionRelationship","","","d053fa8a","id-3f1163b1",""
"e7ef5f67","CompositionRelationship","","","id-4188ebf9","id-20841a6f",""
"b590974d","CompositionRelationship","","","f1701007","f08656f1",""
"id-8da833e4","CompositionRelationship","","","f1701007","id-939e4e36",""
"b032d91a","CompositionRelationship","","","f1701007","e4c43526",""
"f7585b9e","CompositionRelationship","","","f1701007","id-2e7905d6",""
"ada61d6f","CompositionRelationship","","","f1701007","id-419416fc",""
"id-97870d05","FlowRelationship","","","id-5d9d73cf","id-5bfe5fb3",""
"deb76f95","FlowRelationship","","","id-3f1163b1","id-46b1b6b7",""
"f82c3ea9","FlowRelationship","","","a30437c0","id-12f83529",""
"cf8eb617","FlowRelationship","","","c9bfe78a","id-62a7f301",""
"id-5b027d69","FlowRelationship","","","id-4d240beb","d4cd85ec",""
"aebcf2c7","FlowRelationship","","","id-20841a6f","d23ab3db",""
"id-692ea35f","FlowRelationship","","","id-0a1d07a1","b5092ee6",""
"id-50a9116c","FlowRelationship","","","c0ae5b85","b50db0e5",""
"id-8862b194","FlowRelationship","","","d4cd85ec","id-3f1163b1",""
"ad3084b0","ServingRelationship","","","id-43a07c76","b0fe2c99",""
"id-938b1758","ServingRelationship","","","b370d7a7","id-12f83529",""
"id-25955bf0","ServingRelationship","","","b043ae20","id-4d240beb",""
"e5efcdb1","ServingRelationship","","","id-22564600","id-46b1b6b7",""
"id-2ec21361","ServingRelationship","","","id-5be1626b","d4cd85ec",""
"e0a9dd48","ServingRelationship","","","c742c168","id-6aa9c90a",""
"dda4ed23","ServingRelationship","","","id-0c7d8b7c","id-68432368",""
"a4a68bff","ServingRelationship","","","id-43a07c76","ec5fd4dd",""
"e13879bb","ServingRelationship","","","c742c168","id-825ad3cf",""
"id-0f571f29","ServingRelationship","query results transmitted to the factory, and it returns an object","","b370d7a7","id-62a7f301",""
"aa7c6278","SpecializationRelationship","","","id-43a07c76","id-0c7d8b7c",""
"id-64713c43","SpecializationRelationship","","","c742c168","id-43a07c76",""