<?xml version="1.0" encoding="UTF-8"?>
<model xmlns="http://www.opengroup.org/xsd/archimate/3.0/" xmlns:xsi="http://www.w3.org/2001/XMLSchema-instance" xsi:schemaLocation="http://www.opengroup.org/xsd/archimate/3.0/ http://www.opengroup.org/xsd/archimate/3.1/archimate3_Diagram.xsd" identifier="id-230783fc-69df-4957-b653-2fbb7395fe3e">
  <name>(new model)</name>
  <elements>
    <element identifier="id-69732968-dfbc-4270-ab8e-df0e0dd5ae71" xsi:type="BusinessActor">
      <name>Conselho Executivo (CE)</name>
    </element>
    <element identifier="ca6f8f71-36b7-4b8d-aae8-385ca3790cfd" xsi:type="BusinessRole">
      <name>Decisões Estratégicas de expansão em várias cidades</name>
    </element>
    <element identifier="fc03555a-d925-4738-af4c-3d3a0cd19797" xsi:type="BusinessActor">
      <name>Funcionário CE</name>
    </element>
    <element identifier="b0877a1d-7d28-4f0b-9c29-fbd2c6fab361" xsi:type="BusinessActor">
      <name>Departamento Comercial (DC)</name>
    </element>
    <element identifier="a69d5bdc-e6af-4a44-8931-ab0cdeaeb0dd" xsi:type="BusinessRole">
      <name>Acções de promoção e divulgação</name>
    </element>
    <element identifier="d92c8459-bd7d-48f6-b9b2-d38a91d2548f" xsi:type="BusinessActor">
      <name>Business Actor</name>
    </element>
    <element identifier="b67d994f-c024-49f0-80c2-ab65af7bad36" xsi:type="BusinessActor">
      <name>Funcionário DC</name>
    </element>
    <element identifier="id-25ed5c60-ae0b-4cbb-bde2-59db856edf5a" xsi:type="BusinessActor">
      <name>Coordenador DC</name>
    </element>
    <element identifier="a9685f3b-dd25-4930-81d2-10429b33868a" xsi:type="BusinessActor">
      <name>Departamento de Oferta e Marketing (DOM)</name>
    </element>
    <element identifier="id-8087c64d-5c33-47ee-b503-4b2481f155c0" xsi:type="BusinessRole">
      <name>Definição da Oferta</name>
    </element>
    <element identifier="id-4cc11d21-3863-4827-9d84-15a555a44b76" xsi:type="BusinessActor">
      <name>Funcionário DOM</name>
    </element>
    <element identifier="b0cf8fd0-d21b-4a78-9d19-ba7ce32a55f0" xsi:type="BusinessActor">
      <name>Coordenador DOM</name>
    </element>
    <element identifier="id-89786c70-d238-49b0-b5fc-1749c823945c" xsi:type="BusinessActor">
      <name>Departamento Financeiro (DF)</name>
    </element>
    <element identifier="id-28c32152-82b7-4e10-a746-eff59bccb3b5" xsi:type="BusinessActor">
      <name>Funcionários</name>
    </element>
    <element identifier="id-8218ac6a-4f9b-4601-ae28-72c5dec669a1" xsi:type="BusinessActor">
      <name>Funcionário DF</name>
    </element>
    <element identifier="id-620e147a-d70b-4283-ad77-e802e4e710d3" xsi:type="BusinessActor">
      <name>Coordenador DF</name>
    </element>
    <element identifier="id-438e2fcf-29f7-4c14-a6a2-48e43a00a374" xsi:type="BusinessActor">
      <name>Departamento de Apoio ao Cliente (DAC)</name>
    </element>
    <element identifier="e276cc5d-1a3a-412b-9bf2-665d19a56e28" xsi:type="BusinessActor">
      <name>Funcionário DAC</name>
    </element>
    <element identifier="c0a2aa7a-823e-4811-8d01-f1493326dc9c" xsi:type="BusinessActor">
      <name>Coordenador DAC</name>
    </element>
    <element identifier="id-90416759-9b77-490b-8276-eddf96b8e112" xsi:type="BusinessActor">
      <name>Departamento de Manutenção (DM)</name>
    </element>
    <element identifier="id-59f31332-db58-41ee-b9e4-44310cd9f9c6" xsi:type="BusinessActor">
      <name>Funcionário DM</name>
    </element>
    <element identifier="id-639b32c1-abe8-4443-ac1a-bcfce60fc748" xsi:type="BusinessActor">
      <name>Coordenador DM</name>
    </element>
    <element identifier="e85c38f4-b4d3-479c-8aad-7b90ffc65c4d" xsi:type="BusinessRole">
      <name>Relacionamento com os clientes</name>
    </element>
    <element identifier="abed450b-1aec-46ca-bb42-cee887994c3e" xsi:type="BusinessRole">
      <name>Estabelecimento do plano de marketing</name>
    </element>
    <element identifier="c61fbf40-a4d5-448b-a456-4ca5d7035b77" xsi:type="BusinessRole">
      <name>Apoiar os clientes ao longo das interações que têm com a BAIK</name>
    </element>
    <element identifier="id-7d10d365-dda9-4c0e-90d7-2927ee00756f" xsi:type="BusinessRole">
      <name>Garantir o bom estado de funcionamento das bicicletas</name>
    </element>
    <element identifier="id-223b881d-29bb-4c61-906b-63991688dc65" xsi:type="BusinessActor">
      <name>Departamento de Sistemas de Informação (DSI)</name>
    </element>
    <element identifier="aa475ce7-ba2b-468a-9ee0-f963bcb94195" xsi:type="BusinessRole">
      <name>Desenvolvimento, operação e manutenção dos Sistemas de Informação</name>
    </element>
    <element identifier="id-0bb86e23-9eda-4ae4-9c18-3251527d61a1" xsi:type="BusinessActor">
      <name>Equipa de Desenvolvimento (ED)</name>
    </element>
    <element identifier="id-2ceecb6e-91ef-4e45-b7a9-03b08a64e130" xsi:type="BusinessActor">
      <name>Equipa de Infraestrutura (EInf)</name>
    </element>
    <element identifier="id-07186b04-9293-443d-8e3b-b61f7cb37d90" xsi:type="BusinessActor">
      <name>Equipa de Suporte (ES)</name>
    </element>
    <element identifier="id-3805da74-fa87-4455-876f-847b8da14d72" xsi:type="BusinessActor">
      <name>Funcionário EInf</name>
    </element>
    <element identifier="id-1dbd9da6-6f5d-4e2c-879d-1e15840a484d" xsi:type="BusinessActor">
      <name>Coordenador EInf</name>
    </element>
    <element identifier="id-20738755-354b-4f46-8fd3-15bccf21c587" xsi:type="BusinessActor">
      <name>Funcionário ES</name>
    </element>
    <element identifier="id-02251939-318f-46c7-aa58-c9604dbb5973" xsi:type="BusinessActor">
      <name>Coordenador ES</name>
    </element>
    <element identifier="id-3c6b8822-4807-450b-8a74-99d10614b71d" xsi:type="BusinessActor">
      <name>Funcionário ED</name>
    </element>
    <element identifier="fbacfa2c-01d5-40c5-b5d9-98686516b652" xsi:type="BusinessActor">
      <name>Coordenador ED</name>
    </element>
    <element identifier="id-6b53694e-87f3-45ed-93fd-cc03e2804c91" xsi:type="BusinessActor">
      <name>Funcionário (copy)</name>
    </element>
    <element identifier="bb915f59-e75f-448b-bbf9-fff164391915" xsi:type="BusinessActor">
      <name>Coordenador (copy) (copy)</name>
    </element>
    <element identifier="id-6b233515-5609-4459-8587-eed9690ce504" xsi:type="BusinessRole">
      <name>Funções administrativas, financeiras e recursos humanos</name>
    </element>
    <element identifier="id-1da60a60-29ac-4030-8083-2deb72ddb7f0" xsi:type="BusinessRole">
      <name>Responsabilidade por BAIK-ERP</name>
    </element>
    <element identifier="id-6347848c-c424-4aa9-bba2-62ca209b50d7" xsi:type="BusinessActor">
      <name>BAIK</name>
    </element>
    <element identifier="d03e8820-5d35-4715-b140-58e048625759" xsi:type="BusinessActor">
      <name>BAIK</name>
    </element>
    <element identifier="id-783da36d-70c9-42e7-a9fa-e1d58ff139d9" xsi:type="BusinessRole">
      <name>Definição e construção técnica das aplicações informáticas</name>
    </element>
    <element identifier="id-0d56118c-5caa-4485-b451-dd31413a39af" xsi:type="BusinessRole">
      <name>Definir as alterações necessárias sempre que ocorre uma alteração na oferta de negócio</name>
    </element>
    <element identifier="id-5d6ffae2-ce7a-4227-a8a3-a0840186eec2" xsi:type="BusinessRole">
      <name>Manutenção de serviço a nível da tecnologia usada</name>
    </element>
    <element identifier="id-88d6d7b6-bad5-40d5-86ea-b50fc02f7067" xsi:type="BusinessService">
      <name>Assegurar a continuidade de serviço ao nível das aplicações de software usadas pela empresa</name>
    </element>
    <element identifier="id-33b61e3d-808f-4d29-ab5b-0cc7086321d6" xsi:type="BusinessRole">
      <name>Manutenção de serviço a nível do sotware usado</name>
    </element>
    <element identifier="ff559be0-81b0-47f8-b512-66705de1da5e" xsi:type="BusinessRole">
      <name>Responsabilidade por BAIK-TAXAÇÃO</name>
    </element>
    <element identifier="b807a86d-9d56-443c-a108-422c9508a4dc" xsi:type="BusinessRole">
      <name>Desenvolvimento dos SI</name>
    </element>
    <element identifier="id-7a810be5-02c3-48a5-9a94-50e5c8727c78" xsi:type="BusinessRole">
      <name>Manutenção dos SI</name>
    </element>
    <element identifier="eda0ae10-451e-4c8e-8373-3920b4454c4b" xsi:type="BusinessRole">
      <name>Operação dos SI</name>
    </element>
  </elements>
  <relationships>
    <relationship identifier="id-21a56af9-1e0c-4b53-8abd-a43f3be3b72b" source="fc03555a-d925-4738-af4c-3d3a0cd19797" target="id-69732968-dfbc-4270-ab8e-df0e0dd5ae71" xsi:type="Specialization" />
    <relationship identifier="fd8e4ecc-ef3e-486b-a49c-d1e74ab4b6f6" source="id-69732968-dfbc-4270-ab8e-df0e0dd5ae71" target="ca6f8f71-36b7-4b8d-aae8-385ca3790cfd" xsi:type="Assignment" />
    <relationship identifier="id-9fa713a5-f923-4b2a-8fc3-1dce734ade51" source="b0877a1d-7d28-4f0b-9c29-fbd2c6fab361" target="a69d5bdc-e6af-4a44-8931-ab0cdeaeb0dd" xsi:type="Assignment" />
    <relationship identifier="a951e8b2-ee44-4643-9f56-fa7b3c71432a" source="id-69732968-dfbc-4270-ab8e-df0e0dd5ae71" target="ca6f8f71-36b7-4b8d-aae8-385ca3790cfd" xsi:type="Association" />
    <relationship identifier="id-2d075085-30b3-4209-95ba-5308365c2062" source="b67d994f-c024-49f0-80c2-ab65af7bad36" target="b0877a1d-7d28-4f0b-9c29-fbd2c6fab361" xsi:type="Specialization" />
    <relationship identifier="id-101f68b7-6e3b-4a40-bd8d-2b66c89b70c0" source="id-25ed5c60-ae0b-4cbb-bde2-59db856edf5a" target="b0877a1d-7d28-4f0b-9c29-fbd2c6fab361" xsi:type="Specialization" />
    <relationship identifier="id-6736935e-20fd-4961-97df-62632c157482" source="a9685f3b-dd25-4930-81d2-10429b33868a" target="id-8087c64d-5c33-47ee-b503-4b2481f155c0" xsi:type="Association" />
    <relationship identifier="id-0709001a-4233-4e8f-ba8a-ce210b355bf1" source="id-4cc11d21-3863-4827-9d84-15a555a44b76" target="a9685f3b-dd25-4930-81d2-10429b33868a" xsi:type="Specialization" />
    <relationship identifier="aa4c8681-bcec-48fc-aa6f-b4887a705080" source="b0cf8fd0-d21b-4a78-9d19-ba7ce32a55f0" target="a9685f3b-dd25-4930-81d2-10429b33868a" xsi:type="Specialization" />
    <relationship identifier="id-34fc7900-7a21-4713-977d-fdeb95e09895" source="id-8218ac6a-4f9b-4601-ae28-72c5dec669a1" target="id-89786c70-d238-49b0-b5fc-1749c823945c" xsi:type="Specialization" />
    <relationship identifier="id-99bee0b3-5928-4a7c-bc0e-c273a4b1033f" source="id-620e147a-d70b-4283-ad77-e802e4e710d3" target="id-89786c70-d238-49b0-b5fc-1749c823945c" xsi:type="Specialization" />
    <relationship identifier="fa262a52-5aa5-4dec-aebe-6ed7c37903d6" source="e276cc5d-1a3a-412b-9bf2-665d19a56e28" target="id-438e2fcf-29f7-4c14-a6a2-48e43a00a374" xsi:type="Specialization" />
    <relationship identifier="f3346483-8ced-498c-a3a3-5a5b0cc7d914" source="c0a2aa7a-823e-4811-8d01-f1493326dc9c" target="id-438e2fcf-29f7-4c14-a6a2-48e43a00a374" xsi:type="Specialization" />
    <relationship identifier="id-0153f8be-d58b-41f2-8288-836683ceb2bc" source="id-639b32c1-abe8-4443-ac1a-bcfce60fc748" target="id-90416759-9b77-490b-8276-eddf96b8e112" xsi:type="Specialization" />
    <relationship identifier="id-5aa39336-d68d-4117-a481-ed78a01aa357" source="id-59f31332-db58-41ee-b9e4-44310cd9f9c6" target="id-90416759-9b77-490b-8276-eddf96b8e112" xsi:type="Specialization" />
    <relationship identifier="ab3dd107-7729-4438-be22-b5715a4b8ac3" source="b0877a1d-7d28-4f0b-9c29-fbd2c6fab361" target="e85c38f4-b4d3-479c-8aad-7b90ffc65c4d" xsi:type="Assignment" />
    <relationship identifier="id-07b424d8-de17-43a0-9ae6-62844d1010a4" source="b0877a1d-7d28-4f0b-9c29-fbd2c6fab361" target="a69d5bdc-e6af-4a44-8931-ab0cdeaeb0dd" xsi:type="Association" />
    <relationship identifier="bf232a7a-7885-4acd-aee5-7f19557bf809" source="b0877a1d-7d28-4f0b-9c29-fbd2c6fab361" target="e85c38f4-b4d3-479c-8aad-7b90ffc65c4d" xsi:type="Association" />
    <relationship identifier="f3096dc4-dc85-49f5-8000-a60d993ea246" source="a9685f3b-dd25-4930-81d2-10429b33868a" target="abed450b-1aec-46ca-bb42-cee887994c3e" xsi:type="Association" />
    <relationship identifier="c3086c7c-8b2b-459a-b028-ac2f5088b1ff" source="c61fbf40-a4d5-448b-a456-4ca5d7035b77" target="id-438e2fcf-29f7-4c14-a6a2-48e43a00a374" xsi:type="Association" />
    <relationship identifier="c2f0e028-4257-43fa-b3d8-d21567233147" source="id-90416759-9b77-490b-8276-eddf96b8e112" target="id-7d10d365-dda9-4c0e-90d7-2927ee00756f" xsi:type="Association" />
    <relationship identifier="cabacb89-8302-4663-9faa-5635fa91b7f0" source="aa475ce7-ba2b-468a-9ee0-f963bcb94195" target="id-223b881d-29bb-4c61-906b-63991688dc65" xsi:type="Association" />
    <relationship identifier="id-17818611-64df-4f06-8198-d743244544fa" source="id-0bb86e23-9eda-4ae4-9c18-3251527d61a1" target="id-223b881d-29bb-4c61-906b-63991688dc65" xsi:type="Specialization" />
    <relationship identifier="id-5a752dd7-c957-4f2d-8a10-778afe22e703" source="id-2ceecb6e-91ef-4e45-b7a9-03b08a64e130" target="id-223b881d-29bb-4c61-906b-63991688dc65" xsi:type="Specialization" />
    <relationship identifier="id-73138eac-1cf3-4c60-b34b-c2ff50cca2c8" source="id-07186b04-9293-443d-8e3b-b61f7cb37d90" target="id-223b881d-29bb-4c61-906b-63991688dc65" xsi:type="Specialization" />
    <relationship identifier="id-123d5652-1dc6-4077-81d0-e473b590a183" source="id-1dbd9da6-6f5d-4e2c-879d-1e15840a484d" target="id-2ceecb6e-91ef-4e45-b7a9-03b08a64e130" xsi:type="Specialization" />
    <relationship identifier="id-2a865996-fb4a-442e-a3fb-15fcc6eeb56d" source="id-3805da74-fa87-4455-876f-847b8da14d72" target="id-2ceecb6e-91ef-4e45-b7a9-03b08a64e130" xsi:type="Specialization" />
    <relationship identifier="id-918b3865-abd9-43da-9b0e-e6f746bea5e7" source="id-02251939-318f-46c7-aa58-c9604dbb5973" target="id-07186b04-9293-443d-8e3b-b61f7cb37d90" xsi:type="Specialization" />
    <relationship identifier="f8e2eebf-5135-476b-8409-3ee5ee86b157" source="id-20738755-354b-4f46-8fd3-15bccf21c587" target="id-07186b04-9293-443d-8e3b-b61f7cb37d90" xsi:type="Specialization" />
    <relationship identifier="aefaefdd-ca8d-494e-9336-787789a2f4ba" source="fbacfa2c-01d5-40c5-b5d9-98686516b652" target="id-0bb86e23-9eda-4ae4-9c18-3251527d61a1" xsi:type="Specialization" />
    <relationship identifier="id-055561fc-e403-43bd-8512-67e8b140b24e" source="id-3c6b8822-4807-450b-8a74-99d10614b71d" target="id-0bb86e23-9eda-4ae4-9c18-3251527d61a1" xsi:type="Specialization" />
    <relationship identifier="id-04dcc835-30af-47a3-8abd-115a31a99d1a" source="id-223b881d-29bb-4c61-906b-63991688dc65" target="bb915f59-e75f-448b-bbf9-fff164391915" xsi:type="Specialization" />
    <relationship identifier="id-0fba3b8d-d182-4727-af8c-6c8d84496402" source="id-223b881d-29bb-4c61-906b-63991688dc65" target="id-6b53694e-87f3-45ed-93fd-cc03e2804c91" xsi:type="Specialization" />
    <relationship identifier="id-25bcd3a4-ae46-49b0-a763-5098ec9d5662" source="b0877a1d-7d28-4f0b-9c29-fbd2c6fab361" target="b67d994f-c024-49f0-80c2-ab65af7bad36" xsi:type="Composition" />
    <relationship identifier="id-5cb04037-d22b-4746-b6a4-b7241530cfd3" source="b0877a1d-7d28-4f0b-9c29-fbd2c6fab361" target="id-25ed5c60-ae0b-4cbb-bde2-59db856edf5a" xsi:type="Composition" />
    <relationship identifier="id-5dc94828-7ae9-4c00-bb9b-255bcbbd8a57" source="b0877a1d-7d28-4f0b-9c29-fbd2c6fab361" target="e85c38f4-b4d3-479c-8aad-7b90ffc65c4d" xsi:type="Assignment" />
    <relationship identifier="id-9d87df0a-a09f-4037-8e40-51d4a466d2a0" source="id-89786c70-d238-49b0-b5fc-1749c823945c" target="id-620e147a-d70b-4283-ad77-e802e4e710d3" xsi:type="Composition" />
    <relationship identifier="id-0e03fdc6-cac4-49a6-88af-589581ad1908" source="id-89786c70-d238-49b0-b5fc-1749c823945c" target="id-8218ac6a-4f9b-4601-ae28-72c5dec669a1" xsi:type="Composition" />
    <relationship identifier="id-5c5c7969-e7f6-474a-bbeb-78aa34d19d63" source="id-69732968-dfbc-4270-ab8e-df0e0dd5ae71" target="fc03555a-d925-4738-af4c-3d3a0cd19797" xsi:type="Composition" />
    <relationship identifier="id-97e66c6a-58f9-4a65-86be-6b72d0547c16" source="id-90416759-9b77-490b-8276-eddf96b8e112" target="id-59f31332-db58-41ee-b9e4-44310cd9f9c6" xsi:type="Composition" />
    <relationship identifier="ec595ffa-1f9b-4fae-a5dc-98be317a773c" source="id-90416759-9b77-490b-8276-eddf96b8e112" target="id-639b32c1-abe8-4443-ac1a-bcfce60fc748" xsi:type="Composition" />
    <relationship identifier="id-1d68e1f9-42ff-4c39-83ef-2eed3643de65" source="id-90416759-9b77-490b-8276-eddf96b8e112" target="id-7d10d365-dda9-4c0e-90d7-2927ee00756f" xsi:type="Assignment" />
    <relationship identifier="a8bb8e15-8b9a-4314-a36d-f58dbd67a6c2" source="id-2ceecb6e-91ef-4e45-b7a9-03b08a64e130" target="id-1dbd9da6-6f5d-4e2c-879d-1e15840a484d" xsi:type="Composition" />
    <relationship identifier="b5fb866c-ad27-40c2-95f0-1585ae677c72" source="id-2ceecb6e-91ef-4e45-b7a9-03b08a64e130" target="id-3805da74-fa87-4455-876f-847b8da14d72" xsi:type="Composition" />
    <relationship identifier="id-1b452f59-f370-4a99-8f5c-c5158f262ce6" source="id-07186b04-9293-443d-8e3b-b61f7cb37d90" target="id-02251939-318f-46c7-aa58-c9604dbb5973" xsi:type="Composition" />
    <relationship identifier="id-4fa6dac2-a36f-46ca-9c61-7ad5ebd51f87" source="id-07186b04-9293-443d-8e3b-b61f7cb37d90" target="id-20738755-354b-4f46-8fd3-15bccf21c587" xsi:type="Composition" />
    <relationship identifier="id-74a7d81c-8eb5-4e6c-b939-ae928efab738" source="id-438e2fcf-29f7-4c14-a6a2-48e43a00a374" target="c0a2aa7a-823e-4811-8d01-f1493326dc9c" xsi:type="Composition" />
    <relationship identifier="id-0665ea98-b517-4f04-bf26-ad6ae38cc507" source="id-438e2fcf-29f7-4c14-a6a2-48e43a00a374" target="c61fbf40-a4d5-448b-a456-4ca5d7035b77" xsi:type="Assignment" />
    <relationship identifier="c7ea829d-eff0-4516-b247-673a5312addd" source="id-438e2fcf-29f7-4c14-a6a2-48e43a00a374" target="e276cc5d-1a3a-412b-9bf2-665d19a56e28" xsi:type="Composition" />
    <relationship identifier="f841a01b-66f6-46e0-b211-5b9ae88d6338" source="id-0bb86e23-9eda-4ae4-9c18-3251527d61a1" target="fbacfa2c-01d5-40c5-b5d9-98686516b652" xsi:type="Composition" />
    <relationship identifier="eb4541b3-c614-4b47-8c26-eced8cfd1921" source="id-0bb86e23-9eda-4ae4-9c18-3251527d61a1" target="id-3c6b8822-4807-450b-8a74-99d10614b71d" xsi:type="Composition" />
    <relationship identifier="aa67bdf4-681c-49bb-85e6-72fe80ff26b8" source="id-223b881d-29bb-4c61-906b-63991688dc65" target="id-07186b04-9293-443d-8e3b-b61f7cb37d90" xsi:type="Composition" />
    <relationship identifier="id-7c7b325b-7730-4bc1-9345-63ad257e1e94" source="id-223b881d-29bb-4c61-906b-63991688dc65" target="id-2ceecb6e-91ef-4e45-b7a9-03b08a64e130" xsi:type="Composition" />
    <relationship identifier="id-9bbe18c8-cc6c-44d0-8478-6bec9a2ce855" source="a9685f3b-dd25-4930-81d2-10429b33868a" target="b0cf8fd0-d21b-4a78-9d19-ba7ce32a55f0" xsi:type="Composition" />
    <relationship identifier="b39960b3-8576-4b65-be32-a18cd0d7b283" source="a9685f3b-dd25-4930-81d2-10429b33868a" target="id-4cc11d21-3863-4827-9d84-15a555a44b76" xsi:type="Composition" />
    <relationship identifier="e8511e96-e1a0-456b-a101-e75ab95c1a05" source="a9685f3b-dd25-4930-81d2-10429b33868a" target="abed450b-1aec-46ca-bb42-cee887994c3e" xsi:type="Assignment" />
    <relationship identifier="id-323cd85f-b2f3-401b-afb3-cfaba8a68893" source="a9685f3b-dd25-4930-81d2-10429b33868a" target="id-8087c64d-5c33-47ee-b503-4b2481f155c0" xsi:type="Assignment" />
    <relationship identifier="id-89d42cf7-6447-400d-8c1e-a4745adac5f2" source="id-223b881d-29bb-4c61-906b-63991688dc65" target="id-6b53694e-87f3-45ed-93fd-cc03e2804c91" xsi:type="Composition" />
    <relationship identifier="id-50ac58ad-0d23-40b7-b6c2-47a41d914ba5" source="id-223b881d-29bb-4c61-906b-63991688dc65" target="bb915f59-e75f-448b-bbf9-fff164391915" xsi:type="Composition" />
    <relationship identifier="id-9aa77fa2-7180-4465-950a-18f839518066" source="id-223b881d-29bb-4c61-906b-63991688dc65" target="aa475ce7-ba2b-468a-9ee0-f963bcb94195" xsi:type="Assignment" />
    <relationship identifier="id-66f17e07-d6ab-49a0-9e8d-bbb5d63a4bfe" source="id-223b881d-29bb-4c61-906b-63991688dc65" target="id-0bb86e23-9eda-4ae4-9c18-3251527d61a1" xsi:type="Composition" />
    <relationship identifier="id-80cb0b1e-8268-4641-9c6e-eea952945f4d" source="id-89786c70-d238-49b0-b5fc-1749c823945c" target="id-1da60a60-29ac-4030-8083-2deb72ddb7f0" xsi:type="Assignment" />
    <relationship identifier="dc21eece-50f3-473a-8e42-d22e4292045d" source="id-89786c70-d238-49b0-b5fc-1749c823945c" target="id-6b233515-5609-4459-8587-eed9690ce504" xsi:type="Assignment" />
    <relationship identifier="id-5bb3e408-2bfc-4209-a7f9-c9c0ec7c70ec" source="d03e8820-5d35-4715-b140-58e048625759" target="b0877a1d-7d28-4f0b-9c29-fbd2c6fab361" xsi:type="Composition" />
    <relationship identifier="ee6ba4b2-2157-44f7-8042-b8d4cfdbfff1" source="d03e8820-5d35-4715-b140-58e048625759" target="id-438e2fcf-29f7-4c14-a6a2-48e43a00a374" xsi:type="Composition" />
    <relationship identifier="bfab873e-22a4-4c98-89b7-9211d58bf0a1" source="d03e8820-5d35-4715-b140-58e048625759" target="id-90416759-9b77-490b-8276-eddf96b8e112" xsi:type="Composition" />
    <relationship identifier="id-011205c9-7b09-42dc-98ca-76758c2e8a91" source="d03e8820-5d35-4715-b140-58e048625759" target="id-223b881d-29bb-4c61-906b-63991688dc65" xsi:type="Composition" />
    <relationship identifier="a312fd6c-b685-433b-ab95-1588dbc53d23" source="d03e8820-5d35-4715-b140-58e048625759" target="fc03555a-d925-4738-af4c-3d3a0cd19797" xsi:type="Composition" />
    <relationship identifier="id-314517a8-de7e-42e5-bb54-2724303f80f6" source="d03e8820-5d35-4715-b140-58e048625759" target="id-69732968-dfbc-4270-ab8e-df0e0dd5ae71" xsi:type="Composition" />
    <relationship identifier="id-76c3ad1e-6916-4567-9fc9-86001acc939f" source="d03e8820-5d35-4715-b140-58e048625759" target="a9685f3b-dd25-4930-81d2-10429b33868a" xsi:type="Composition" />
    <relationship identifier="id-7fe77646-f7c2-4132-a95d-4dfbf80eefdd" source="d03e8820-5d35-4715-b140-58e048625759" target="id-89786c70-d238-49b0-b5fc-1749c823945c" xsi:type="Composition" />
    <relationship identifier="id-8165df3b-f7ba-4207-90fa-1f8b132561bd" source="id-0bb86e23-9eda-4ae4-9c18-3251527d61a1" target="id-783da36d-70c9-42e7-a9fa-e1d58ff139d9" xsi:type="Assignment" />
    <relationship identifier="id-9f0abd47-1547-47f7-b944-f45b3e08eb06" source="id-0bb86e23-9eda-4ae4-9c18-3251527d61a1" target="id-0d56118c-5caa-4485-b451-dd31413a39af" xsi:type="Assignment" />
    <relationship identifier="id-3d39d323-144e-4c1b-bfc1-473309894552" source="id-07186b04-9293-443d-8e3b-b61f7cb37d90" target="id-5d6ffae2-ce7a-4227-a8a3-a0840186eec2" xsi:type="Assignment" />
    <relationship identifier="id-25ff601a-9e05-427b-bb1d-2f1e0e40ca73" source="id-2ceecb6e-91ef-4e45-b7a9-03b08a64e130" target="id-5d6ffae2-ce7a-4227-a8a3-a0840186eec2" xsi:type="Assignment" />
    <relationship identifier="e4180edf-159b-4f65-88ce-8b800aa83c52" source="id-07186b04-9293-443d-8e3b-b61f7cb37d90" target="id-33b61e3d-808f-4d29-ab5b-0cc7086321d6" xsi:type="Assignment" />
    <relationship identifier="id-47bb6c96-6fec-4c4d-a1c5-57310ddef6ee" source="id-2ceecb6e-91ef-4e45-b7a9-03b08a64e130" target="aa475ce7-ba2b-468a-9ee0-f963bcb94195" xsi:type="Assignment" />
    <relationship identifier="de99ed53-b68a-4942-b3a6-bf598c98a83f" source="d03e8820-5d35-4715-b140-58e048625759" target="ff559be0-81b0-47f8-b512-66705de1da5e" xsi:type="Assignment" />
    <relationship identifier="id-46f2ea05-df59-47e0-82c3-3ad4579c0a40" source="id-89786c70-d238-49b0-b5fc-1749c823945c" target="ff559be0-81b0-47f8-b512-66705de1da5e" xsi:type="Assignment" />
    <relationship identifier="ef508e7f-3c30-4dd6-981b-20423076801a" source="id-223b881d-29bb-4c61-906b-63991688dc65" target="b807a86d-9d56-443c-a108-422c9508a4dc" xsi:type="Assignment" />
    <relationship identifier="b935438b-18c6-4b18-bb31-8fc01da7f001" source="id-223b881d-29bb-4c61-906b-63991688dc65" target="id-7a810be5-02c3-48a5-9a94-50e5c8727c78" xsi:type="Assignment" />
    <relationship identifier="id-934d9b3a-2330-4f4d-828d-ea5534a93402" source="id-223b881d-29bb-4c61-906b-63991688dc65" target="eda0ae10-451e-4c8e-8373-3920b4454c4b" xsi:type="Assignment" />
    <relationship identifier="id-901bedcb-9f25-48bf-adf4-230003b80b05" source="id-2ceecb6e-91ef-4e45-b7a9-03b08a64e130" target="b807a86d-9d56-443c-a108-422c9508a4dc" xsi:type="Assignment" />
    <relationship identifier="c4956549-34ef-4b40-9a13-7c5e3fa37b5a" source="id-2ceecb6e-91ef-4e45-b7a9-03b08a64e130" target="eda0ae10-451e-4c8e-8373-3920b4454c4b" xsi:type="Assignment" />
    <relationship identifier="d90a180d-4095-4757-80fa-327f00f37a4d" source="id-2ceecb6e-91ef-4e45-b7a9-03b08a64e130" target="id-7a810be5-02c3-48a5-9a94-50e5c8727c78" xsi:type="Assignment" />
  </relationships>
  <views>
    <diagrams>
      <view identifier="id-33844670-6832-4dbc-9dbd-a563bf883cdf" xsi:type="Diagram">
        <name>Default View</name>
        <node identifier="id-8169ff84-fc7a-4b27-adce-c5b023ca86c8" elementRef="d03e8820-5d35-4715-b140-58e048625759" xsi:type="Element" x="36" y="36" w="901" h="997">
          <style>
            <fillColor r="255" g="255" b="181" a="100" />
            <lineColor r="92" g="92" b="92" a="100" />
            <font name="Lucida Grande" size="12">
              <color r="0" g="0" b="0" />
            </font>
          </style>
          <node identifier="b4b4c57b-c6f3-41a0-a455-53324580e71b" elementRef="id-69732968-dfbc-4270-ab8e-df0e0dd5ae71" xsi:type="Element" x="396" y="286" w="179" h="73">
            <style>
              <fillColor r="255" g="255" b="181" a="100" />
              <lineColor r="92" g="92" b="92" a="100" />
              <font name="Lucida Grande" size="12">
                <color r="0" g="0" b="0" />
              </font>
            </style>
            <node identifier="e80dad54-1895-4391-a2f4-068dc918c075" elementRef="fc03555a-d925-4738-af4c-3d3a0cd19797" xsi:type="Element" x="420" y="322" w="133" h="27">
              <style>
                <fillColor r="255" g="255" b="181" a="100" />
                <lineColor r="92" g="92" b="92" a="100" />
                <font name="Lucida Grande" size="12">
                  <color r="0" g="0" b="0" />
                </font>
              </style>
            </node>
          </node>
          <node identifier="id-9a5cc851-e908-4fb7-ad48-ac1892442946" elementRef="ca6f8f71-36b7-4b8d-aae8-385ca3790cfd" xsi:type="Element" x="408" y="384" w="156" h="62">
            <style>
              <fillColor r="255" g="255" b="181" a="100" />
              <lineColor r="92" g="92" b="92" a="100" />
              <font name="Lucida Grande" size="12">
                <color r="0" g="0" b="0" />
              </font>
            </style>
          </node>
          <node identifier="id-3768d31d-95fe-4834-a139-23b50203858d" elementRef="b0877a1d-7d28-4f0b-9c29-fbd2c6fab361" xsi:type="Element" x="558" y="84" w="295" h="73">
            <style>
              <fillColor r="255" g="255" b="181" a="100" />
              <lineColor r="92" g="92" b="92" a="100" />
              <font name="Lucida Grande" size="12">
                <color r="0" g="0" b="0" />
              </font>
            </style>
            <node identifier="id-74dcf5f1-faff-4fbe-9909-2f1fe12e669c" elementRef="b67d994f-c024-49f0-80c2-ab65af7bad36" xsi:type="Element" x="568" y="120" w="123" h="29">
              <style>
                <fillColor r="255" g="255" b="181" a="100" />
                <lineColor r="92" g="92" b="92" a="100" />
                <font name="Lucida Grande" size="12">
                  <color r="0" g="0" b="0" />
                </font>
              </style>
            </node>
            <node identifier="id-70663c21-ac4f-4970-a478-a4ed71756347" elementRef="id-25ed5c60-ae0b-4cbb-bde2-59db856edf5a" xsi:type="Element" x="702" y="121" w="133" h="27">
              <style>
                <fillColor r="255" g="255" b="181" a="100" />
                <lineColor r="92" g="92" b="92" a="100" />
                <font name="Lucida Grande" size="12">
                  <color r="0" g="0" b="0" />
                </font>
              </style>
            </node>
          </node>
          <node identifier="fd444b2b-bb50-46ac-8236-b44092e559be" elementRef="a69d5bdc-e6af-4a44-8931-ab0cdeaeb0dd" xsi:type="Element" x="696" y="192" w="163" h="45">
            <style>
              <fillColor r="255" g="255" b="181" a="100" />
              <lineColor r="92" g="92" b="92" a="100" />
              <font name="Lucida Grande" size="12">
                <color r="0" g="0" b="0" />
              </font>
            </style>
          </node>
          <node identifier="id-6024338a-ca2f-4dc4-82b7-ed6b22967f9e" elementRef="e85c38f4-b4d3-479c-8aad-7b90ffc65c4d" xsi:type="Element" x="540" y="192" w="127" h="45">
            <style>
              <fillColor r="255" g="255" b="181" a="100" />
              <lineColor r="92" g="92" b="92" a="100" />
              <font name="Lucida Grande" size="12">
                <color r="0" g="0" b="0" />
              </font>
            </style>
          </node>
          <node identifier="id-5d83dd2d-17e0-467e-b77e-0beae6280da9" elementRef="id-89786c70-d238-49b0-b5fc-1749c823945c" xsi:type="Element" x="612" y="287" w="276" h="71">
            <style>
              <fillColor r="255" g="255" b="181" a="100" />
              <lineColor r="92" g="92" b="92" a="100" />
              <font name="Lucida Grande" size="12">
                <color r="0" g="0" b="0" />
              </font>
            </style>
            <node identifier="id-23522474-0c64-49b1-beb3-0a1f30cfc35b" elementRef="id-8218ac6a-4f9b-4601-ae28-72c5dec669a1" xsi:type="Element" x="624" y="322" w="120" h="27">
              <style>
                <fillColor r="255" g="255" b="181" a="100" />
                <lineColor r="92" g="92" b="92" a="100" />
                <font name="Lucida Grande" size="12">
                  <color r="0" g="0" b="0" />
                </font>
              </style>
            </node>
            <node identifier="d4add8d4-83dc-453c-83cf-b31f23504615" elementRef="id-620e147a-d70b-4283-ad77-e802e4e710d3" xsi:type="Element" x="756" y="323" w="121" h="26">
              <style>
                <fillColor r="255" g="255" b="181" a="100" />
                <lineColor r="92" g="92" b="92" a="100" />
                <font name="Lucida Grande" size="12">
                  <color r="0" g="0" b="0" />
                </font>
              </style>
            </node>
          </node>
          <node identifier="id-6115687c-61ae-4941-ad7b-1d8ab1c9e194" elementRef="id-6b233515-5609-4459-8587-eed9690ce504" xsi:type="Element" x="768" y="468" w="145" h="76">
            <style>
              <fillColor r="255" g="255" b="181" a="100" />
              <lineColor r="92" g="92" b="92" a="100" />
              <font name="Lucida Grande" size="12">
                <color r="0" g="0" b="0" />
              </font>
            </style>
          </node>
          <node identifier="id-3a89cad8-0209-4337-a93f-044d60de9655" elementRef="id-1da60a60-29ac-4030-8083-2deb72ddb7f0" xsi:type="Element" x="535" y="484" w="143" h="43">
            <style>
              <fillColor r="255" g="255" b="181" a="100" />
              <lineColor r="92" g="92" b="92" a="100" />
              <font name="Lucida Grande" size="12">
                <color r="0" g="0" b="0" />
              </font>
            </style>
          </node>
          <node identifier="b609cb5e-c95d-48e0-87ce-744d4a70c855" elementRef="id-90416759-9b77-490b-8276-eddf96b8e112" xsi:type="Element" x="72" y="284" w="277" h="77">
            <style>
              <fillColor r="255" g="255" b="181" a="100" />
              <lineColor r="92" g="92" b="92" a="100" />
              <font name="Lucida Grande" size="12">
                <color r="0" g="0" b="0" />
              </font>
            </style>
            <node identifier="id-9e62065c-dafd-44c0-ac5d-2cf9db89f382" elementRef="id-59f31332-db58-41ee-b9e4-44310cd9f9c6" xsi:type="Element" x="84" y="320" w="121" h="27">
              <style>
                <fillColor r="255" g="255" b="181" a="100" />
                <lineColor r="92" g="92" b="92" a="100" />
                <font name="Lucida Grande" size="12">
                  <color r="0" g="0" b="0" />
                </font>
              </style>
            </node>
            <node identifier="b446f17a-c990-4cc2-ab04-0b2d6e350b4c" elementRef="id-639b32c1-abe8-4443-ac1a-bcfce60fc748" xsi:type="Element" x="216" y="321" w="133" h="26">
              <style>
                <fillColor r="255" g="255" b="181" a="100" />
                <lineColor r="92" g="92" b="92" a="100" />
                <font name="Lucida Grande" size="12">
                  <color r="0" g="0" b="0" />
                </font>
              </style>
            </node>
          </node>
          <node identifier="fba6e9b5-7a60-4a9d-aaa5-478c84ecfac3" elementRef="id-7d10d365-dda9-4c0e-90d7-2927ee00756f" xsi:type="Element" x="132" y="408" w="145" h="70">
            <style>
              <fillColor r="255" g="255" b="181" a="100" />
              <lineColor r="92" g="92" b="92" a="100" />
              <font name="Lucida Grande" size="12">
                <color r="0" g="0" b="0" />
              </font>
            </style>
          </node>
          <node identifier="id-775e4bf0-24d9-4845-a201-09ad070bb519" elementRef="a9685f3b-dd25-4930-81d2-10429b33868a" xsi:type="Element" x="81" y="80" w="319" h="81">
            <style>
              <fillColor r="255" g="255" b="181" a="100" />
              <lineColor r="92" g="92" b="92" a="100" />
              <font name="Lucida Grande" size="12">
                <color r="0" g="0" b="0" />
              </font>
            </style>
            <node identifier="af8b4eaf-b4aa-4ae6-be0d-b7904b8cff28" elementRef="id-4cc11d21-3863-4827-9d84-15a555a44b76" xsi:type="Element" x="93" y="116" w="145" h="27">
              <style>
                <fillColor r="255" g="255" b="181" a="100" />
                <lineColor r="92" g="92" b="92" a="100" />
                <font name="Lucida Grande" size="12">
                  <color r="0" g="0" b="0" />
                </font>
              </style>
            </node>
            <node identifier="f0f2288c-e8b4-4fff-a25a-5effbf1e37ac" elementRef="b0cf8fd0-d21b-4a78-9d19-ba7ce32a55f0" xsi:type="Element" x="249" y="117" w="145" h="26">
              <style>
                <fillColor r="255" g="255" b="181" a="100" />
                <lineColor r="92" g="92" b="92" a="100" />
                <font name="Lucida Grande" size="12">
                  <color r="0" g="0" b="0" />
                </font>
              </style>
            </node>
          </node>
          <node identifier="id-9b478ded-237f-4944-b84e-c075884754ad" elementRef="abed450b-1aec-46ca-bb42-cee887994c3e" xsi:type="Element" x="264" y="192" w="133" h="64">
            <style>
              <fillColor r="255" g="255" b="181" a="100" />
              <lineColor r="92" g="92" b="92" a="100" />
              <font name="Lucida Grande" size="12">
                <color r="0" g="0" b="0" />
              </font>
            </style>
          </node>
          <node identifier="id-19259ead-2780-4f90-ae77-6794fb318eeb" elementRef="id-8087c64d-5c33-47ee-b503-4b2481f155c0" xsi:type="Element" x="81" y="216" w="144" h="31">
            <style>
              <fillColor r="255" g="255" b="181" a="100" />
              <lineColor r="92" g="92" b="92" a="100" />
              <font name="Lucida Grande" size="12">
                <color r="0" g="0" b="0" />
              </font>
            </style>
          </node>
          <node identifier="id-7ac81ce1-98d9-4c1c-b7e4-40b7e8b6eef9" elementRef="id-438e2fcf-29f7-4c14-a6a2-48e43a00a374" xsi:type="Element" x="72" y="543" w="301" h="77">
            <style>
              <fillColor r="255" g="255" b="181" a="100" />
              <lineColor r="92" g="92" b="92" a="100" />
              <font name="Lucida Grande" size="12">
                <color r="0" g="0" b="0" />
              </font>
            </style>
            <node identifier="id-2e7400a7-4f2b-4700-9abd-c8b86a62afbc" elementRef="e276cc5d-1a3a-412b-9bf2-665d19a56e28" xsi:type="Element" x="84" y="579" w="133" h="27">
              <style>
                <fillColor r="255" g="255" b="181" a="100" />
                <lineColor r="92" g="92" b="92" a="100" />
                <font name="Lucida Grande" size="12">
                  <color r="0" g="0" b="0" />
                </font>
              </style>
            </node>
            <node identifier="id-34900fde-23e0-45ae-bdcf-bf4322fc1711" elementRef="c0a2aa7a-823e-4811-8d01-f1493326dc9c" xsi:type="Element" x="228" y="580" w="133" h="26">
              <style>
                <fillColor r="255" g="255" b="181" a="100" />
                <lineColor r="92" g="92" b="92" a="100" />
                <font name="Lucida Grande" size="12">
                  <color r="0" g="0" b="0" />
                </font>
              </style>
            </node>
          </node>
          <node identifier="e7dea29e-d30b-4e63-b770-6eebb844e30f" elementRef="c61fbf40-a4d5-448b-a456-4ca5d7035b77" xsi:type="Element" x="480" y="560" w="157" h="61">
            <style>
              <fillColor r="255" g="255" b="181" a="100" />
              <lineColor r="92" g="92" b="92" a="100" />
              <font name="Lucida Grande" size="12">
                <color r="0" g="0" b="0" />
              </font>
            </style>
          </node>
          <node identifier="id-09547751-020b-4217-b389-adf3a49e0401" elementRef="id-223b881d-29bb-4c61-906b-63991688dc65" xsi:type="Element" x="60" y="648" w="817" h="348">
            <style>
              <fillColor r="255" g="255" b="181" a="100" />
              <lineColor r="92" g="92" b="92" a="100" />
              <font name="Lucida Grande" size="12">
                <color r="0" g="0" b="0" />
              </font>
            </style>
            <node identifier="a38baf11-f250-417a-b293-fda2aa7cc2d0" elementRef="id-2ceecb6e-91ef-4e45-b7a9-03b08a64e130" xsi:type="Element" x="78" y="717" w="163" h="168">
              <style>
                <fillColor r="255" g="255" b="181" a="100" />
                <lineColor r="92" g="92" b="92" a="100" />
                <font name="Lucida Grande" size="12">
                  <color r="0" g="0" b="0" />
                </font>
              </style>
              <node identifier="f96a2031-2500-4724-8318-88b3f85fd854" elementRef="id-3805da74-fa87-4455-876f-847b8da14d72" xsi:type="Element" x="97" y="789" w="120" h="27">
                <style>
                  <fillColor r="255" g="255" b="181" a="100" />
                  <lineColor r="92" g="92" b="92" a="100" />
                  <font name="Lucida Grande" size="12">
                    <color r="0" g="0" b="0" />
                  </font>
                </style>
              </node>
              <node identifier="id-0e0428e5-ea10-47e2-97f5-c68ebff5994b" elementRef="id-1dbd9da6-6f5d-4e2c-879d-1e15840a484d" xsi:type="Element" x="90" y="837" w="133" h="26">
                <style>
                  <fillColor r="255" g="255" b="181" a="100" />
                  <lineColor r="92" g="92" b="92" a="100" />
                  <font name="Lucida Grande" size="12">
                    <color r="0" g="0" b="0" />
                  </font>
                </style>
              </node>
            </node>
            <node identifier="id-2bb99765-8b7d-4e49-ae2d-9cdb20d84938" elementRef="id-07186b04-9293-443d-8e3b-b61f7cb37d90" xsi:type="Element" x="422" y="708" w="287" h="73">
              <style>
                <fillColor r="255" g="255" b="181" a="100" />
                <lineColor r="92" g="92" b="92" a="100" />
                <font name="Lucida Grande" size="12">
                  <color r="0" g="0" b="0" />
                </font>
              </style>
              <node identifier="bb8a6bfc-7998-4753-896b-8c17b06058c8" elementRef="id-20738755-354b-4f46-8fd3-15bccf21c587" xsi:type="Element" x="434" y="744" w="120" h="27">
                <style>
                  <fillColor r="255" g="255" b="181" a="100" />
                  <lineColor r="92" g="92" b="92" a="100" />
                  <font name="Lucida Grande" size="12">
                    <color r="0" g="0" b="0" />
                  </font>
                </style>
              </node>
              <node identifier="id-701c3504-9388-4a57-95d8-f7e03b2fca1d" elementRef="id-02251939-318f-46c7-aa58-c9604dbb5973" xsi:type="Element" x="566" y="745" w="133" h="26">
                <style>
                  <fillColor r="255" g="255" b="181" a="100" />
                  <lineColor r="92" g="92" b="92" a="100" />
                  <font name="Lucida Grande" size="12">
                    <color r="0" g="0" b="0" />
                  </font>
                </style>
              </node>
            </node>
            <node identifier="id-8819b3b5-b545-4710-95c7-b7d56484392b" elementRef="id-33b61e3d-808f-4d29-ab5b-0cc7086321d6" xsi:type="Element" x="744" y="702" w="120" h="85">
              <style>
                <fillColor r="255" g="255" b="181" a="100" />
                <lineColor r="92" g="92" b="92" a="100" />
                <font name="Lucida Grande" size="12">
                  <color r="0" g="0" b="0" />
                </font>
              </style>
            </node>
            <node identifier="id-13b00201-86f5-44a9-b51c-57993945c83b" elementRef="id-5d6ffae2-ce7a-4227-a8a3-a0840186eec2" xsi:type="Element" x="78" y="924" w="169" h="61">
              <style>
                <fillColor r="255" g="255" b="181" a="100" />
                <lineColor r="92" g="92" b="92" a="100" />
                <font name="Lucida Grande" size="12">
                  <color r="0" g="0" b="0" />
                </font>
              </style>
            </node>
            <node identifier="f670c8d0-f090-48ee-8a07-ee3ddb8b7909" elementRef="id-0bb86e23-9eda-4ae4-9c18-3251527d61a1" xsi:type="Element" x="422" y="812" w="309" h="73">
              <style>
                <fillColor r="255" g="255" b="181" a="100" />
                <lineColor r="92" g="92" b="92" a="100" />
                <font name="Lucida Grande" size="12">
                  <color r="0" g="0" b="0" />
                </font>
              </style>
              <node identifier="id-7522531f-229e-4e23-9afc-b67e4137328b" elementRef="id-3c6b8822-4807-450b-8a74-99d10614b71d" xsi:type="Element" x="434" y="848" w="120" h="27">
                <style>
                  <fillColor r="255" g="255" b="181" a="100" />
                  <lineColor r="92" g="92" b="92" a="100" />
                  <font name="Lucida Grande" size="12">
                    <color r="0" g="0" b="0" />
                  </font>
                </style>
              </node>
              <node identifier="af93b7f6-5358-4ec7-896c-57beb758cf68" elementRef="fbacfa2c-01d5-40c5-b5d9-98686516b652" xsi:type="Element" x="578" y="849" w="128" h="26">
                <style>
                  <fillColor r="255" g="255" b="181" a="100" />
                  <lineColor r="92" g="92" b="92" a="100" />
                  <font name="Lucida Grande" size="12">
                    <color r="0" g="0" b="0" />
                  </font>
                </style>
              </node>
            </node>
            <node identifier="id-5c729054-5f5c-4c20-b871-f1ba61ab3cd5" elementRef="id-0d56118c-5caa-4485-b451-dd31413a39af" xsi:type="Element" x="576" y="911" w="169" h="75">
              <style>
                <fillColor r="255" g="255" b="181" a="100" />
                <lineColor r="92" g="92" b="92" a="100" />
                <font name="Lucida Grande" size="12">
                  <color r="0" g="0" b="0" />
                </font>
              </style>
            </node>
            <node identifier="e6531d1b-93c1-40d7-a133-4b0d02634eef" elementRef="id-783da36d-70c9-42e7-a9fa-e1d58ff139d9" xsi:type="Element" x="404" y="912" w="145" h="73">
              <style>
                <fillColor r="255" g="255" b="181" a="100" />
                <lineColor r="92" g="92" b="92" a="100" />
                <font name="Lucida Grande" size="12">
                  <color r="0" g="0" b="0" />
                </font>
              </style>
            </node>
            <node identifier="dd64ca98-931e-405b-ad72-2dc8de3aa20b" elementRef="b807a86d-9d56-443c-a108-422c9508a4dc" xsi:type="Element" x="271" y="726" w="134" h="37">
              <style>
                <fillColor r="255" g="255" b="181" a="100" />
                <lineColor r="92" g="92" b="92" a="100" />
                <font name="Lucida Grande" size="12">
                  <color r="0" g="0" b="0" />
                </font>
              </style>
            </node>
            <node identifier="fffeb9d3-ded0-4c23-909b-820b1a04e7da" elementRef="id-7a810be5-02c3-48a5-9a94-50e5c8727c78" xsi:type="Element" x="278" y="828" w="120" h="46">
              <style>
                <fillColor r="255" g="255" b="181" a="100" />
                <lineColor r="92" g="92" b="92" a="100" />
                <font name="Lucida Grande" size="12">
                  <color r="0" g="0" b="0" />
                </font>
              </style>
            </node>
            <node identifier="id-65437979-2b5c-41b0-b68d-ae876b8b88a1" elementRef="eda0ae10-451e-4c8e-8373-3920b4454c4b" xsi:type="Element" x="278" y="771" w="120" h="44">
              <style>
                <fillColor r="255" g="255" b="181" a="100" />
                <lineColor r="92" g="92" b="92" a="100" />
                <font name="Lucida Grande" size="12">
                  <color r="0" g="0" b="0" />
                </font>
              </style>
            </node>
          </node>
          <node identifier="fe4284c9-e8d9-4301-a64f-3ad0f9668281" elementRef="ff559be0-81b0-47f8-b512-66705de1da5e" xsi:type="Element" x="666" y="408" w="120" h="55">
            <style>
              <fillColor r="255" g="255" b="181" a="100" />
              <lineColor r="92" g="92" b="92" a="100" />
              <font name="Lucida Grande" size="12">
                <color r="0" g="0" b="0" />
              </font>
            </style>
          </node>
        </node>
        <connection identifier="b0915a81-7e97-4500-80f3-16eb709718ff" relationshipRef="fd8e4ecc-ef3e-486b-a49c-d1e74ab4b6f6" xsi:type="Relationship" source="b4b4c57b-c6f3-41a0-a455-53324580e71b" target="id-9a5cc851-e908-4fb7-ad48-ac1892442946">
          <style>
            <lineColor r="0" g="0" b="0" />
            <font name="Lucida Grande" size="12">
              <color r="0" g="0" b="0" />
            </font>
          </style>
        </connection>
        <connection identifier="a6538209-c960-42f3-a193-651235727ea6" relationshipRef="ab3dd107-7729-4438-be22-b5715a4b8ac3" xsi:type="Relationship" source="id-3768d31d-95fe-4834-a139-23b50203858d" target="id-6024338a-ca2f-4dc4-82b7-ed6b22967f9e">
          <style>
            <lineColor r="0" g="0" b="0" />
            <font name="Lucida Grande" size="12">
              <color r="0" g="0" b="0" />
            </font>
          </style>
        </connection>
        <connection identifier="e49994f2-0224-4ef6-9671-5c1f0985e461" relationshipRef="id-9fa713a5-f923-4b2a-8fc3-1dce734ade51" xsi:type="Relationship" source="id-3768d31d-95fe-4834-a139-23b50203858d" target="fd444b2b-bb50-46ac-8236-b44092e559be">
          <style>
            <lineColor r="0" g="0" b="0" />
            <font name="Lucida Grande" size="12">
              <color r="0" g="0" b="0" />
            </font>
          </style>
        </connection>
        <connection identifier="id-87e9702c-6626-47ed-a501-48109576f9ac" relationshipRef="id-80cb0b1e-8268-4641-9c6e-eea952945f4d" xsi:type="Relationship" source="id-5d83dd2d-17e0-467e-b77e-0beae6280da9" target="id-3a89cad8-0209-4337-a93f-044d60de9655">
          <style>
            <lineColor r="0" g="0" b="0" />
            <font name="Lucida Grande" size="12">
              <color r="0" g="0" b="0" />
            </font>
          </style>
        </connection>
        <connection identifier="id-57749c1e-a9c5-4e7f-a838-a8c21b72e686" relationshipRef="dc21eece-50f3-473a-8e42-d22e4292045d" xsi:type="Relationship" source="id-5d83dd2d-17e0-467e-b77e-0beae6280da9" target="id-6115687c-61ae-4941-ad7b-1d8ab1c9e194">
          <style>
            <lineColor r="0" g="0" b="0" />
            <font name="Lucida Grande" size="12">
              <color r="0" g="0" b="0" />
            </font>
          </style>
        </connection>
        <connection identifier="f4d9dd73-51f8-4c30-bb87-39f6c8b0ea47" relationshipRef="id-46f2ea05-df59-47e0-82c3-3ad4579c0a40" xsi:type="Relationship" source="id-5d83dd2d-17e0-467e-b77e-0beae6280da9" target="fe4284c9-e8d9-4301-a64f-3ad0f9668281">
          <style>
            <lineColor r="0" g="0" b="0" />
            <font name="Lucida Grande" size="12">
              <color r="0" g="0" b="0" />
            </font>
          </style>
        </connection>
        <connection identifier="bdab5a3e-7e3e-4c2b-976f-6f75fa5e16fd" relationshipRef="id-1d68e1f9-42ff-4c39-83ef-2eed3643de65" xsi:type="Relationship" source="b609cb5e-c95d-48e0-87ce-744d4a70c855" target="fba6e9b5-7a60-4a9d-aaa5-478c84ecfac3">
          <style>
            <lineColor r="0" g="0" b="0" />
            <font name="Lucida Grande" size="12">
              <color r="0" g="0" b="0" />
            </font>
          </style>
        </connection>
        <connection identifier="a7f6b214-3202-421f-b2fb-10448264e3f2" relationshipRef="e8511e96-e1a0-456b-a101-e75ab95c1a05" xsi:type="Relationship" source="id-775e4bf0-24d9-4845-a201-09ad070bb519" target="id-9b478ded-237f-4944-b84e-c075884754ad">
          <style>
            <lineColor r="0" g="0" b="0" />
            <font name="Lucida Grande" size="12">
              <color r="0" g="0" b="0" />
            </font>
          </style>
        </connection>
        <connection identifier="id-6aacb999-0e45-4a0b-8eca-124b62973793" relationshipRef="id-323cd85f-b2f3-401b-afb3-cfaba8a68893" xsi:type="Relationship" source="id-775e4bf0-24d9-4845-a201-09ad070bb519" target="id-19259ead-2780-4f90-ae77-6794fb318eeb">
          <style>
            <lineColor r="0" g="0" b="0" />
            <font name="Lucida Grande" size="12">
              <color r="0" g="0" b="0" />
            </font>
          </style>
        </connection>
        <connection identifier="be674dc3-e407-4434-bb1b-fa465a938312" relationshipRef="id-0665ea98-b517-4f04-bf26-ad6ae38cc507" xsi:type="Relationship" source="id-7ac81ce1-98d9-4c1c-b7e4-40b7e8b6eef9" target="e7dea29e-d30b-4e63-b770-6eebb844e30f">
          <style>
            <lineColor r="0" g="0" b="0" />
            <font name="Lucida Grande" size="12">
              <color r="0" g="0" b="0" />
            </font>
          </style>
        </connection>
        <connection identifier="id-42d9148b-0302-47a0-a4aa-1ae81c22239c" relationshipRef="id-25ff601a-9e05-427b-bb1d-2f1e0e40ca73" xsi:type="Relationship" source="a38baf11-f250-417a-b293-fda2aa7cc2d0" target="id-13b00201-86f5-44a9-b51c-57993945c83b">
          <style>
            <lineColor r="0" g="0" b="0" />
            <font name="Lucida Grande" size="12">
              <color r="0" g="0" b="0" />
            </font>
          </style>
        </connection>
        <connection identifier="id-595587a1-dbee-4c73-95ba-ca2393f380a6" relationshipRef="id-901bedcb-9f25-48bf-adf4-230003b80b05" xsi:type="Relationship" source="a38baf11-f250-417a-b293-fda2aa7cc2d0" target="dd64ca98-931e-405b-ad72-2dc8de3aa20b">
          <style>
            <lineColor r="0" g="0" b="0" />
            <font name="Lucida Grande" size="12">
              <color r="0" g="0" b="0" />
            </font>
          </style>
        </connection>
        <connection identifier="id-36930613-fc58-451b-83c5-eee00f01965e" relationshipRef="c4956549-34ef-4b40-9a13-7c5e3fa37b5a" xsi:type="Relationship" source="a38baf11-f250-417a-b293-fda2aa7cc2d0" target="id-65437979-2b5c-41b0-b68d-ae876b8b88a1">
          <style>
            <lineColor r="0" g="0" b="0" />
            <font name="Lucida Grande" size="12">
              <color r="0" g="0" b="0" />
            </font>
          </style>
        </connection>
        <connection identifier="id-40631ee8-873f-4c08-99b4-634a348b6f3a" relationshipRef="d90a180d-4095-4757-80fa-327f00f37a4d" xsi:type="Relationship" source="a38baf11-f250-417a-b293-fda2aa7cc2d0" target="fffeb9d3-ded0-4c23-909b-820b1a04e7da">
          <style>
            <lineColor r="0" g="0" b="0" />
            <font name="Lucida Grande" size="12">
              <color r="0" g="0" b="0" />
            </font>
          </style>
        </connection>
        <connection identifier="id-63b0a000-a52f-46e2-89e8-36987f118de5" relationshipRef="e4180edf-159b-4f65-88ce-8b800aa83c52" xsi:type="Relationship" source="id-2bb99765-8b7d-4e49-ae2d-9cdb20d84938" target="id-8819b3b5-b545-4710-95c7-b7d56484392b">
          <style>
            <lineColor r="0" g="0" b="0" />
            <font name="Lucida Grande" size="12">
              <color r="0" g="0" b="0" />
            </font>
          </style>
        </connection>
        <connection identifier="id-67b013c4-8af8-4421-aa6a-e3164644ddd7" relationshipRef="id-8165df3b-f7ba-4207-90fa-1f8b132561bd" xsi:type="Relationship" source="f670c8d0-f090-48ee-8a07-ee3ddb8b7909" target="e6531d1b-93c1-40d7-a133-4b0d02634eef">
          <style>
            <lineColor r="0" g="0" b="0" />
            <font name="Lucida Grande" size="12">
              <color r="0" g="0" b="0" />
            </font>
          </style>
        </connection>
        <connection identifier="d8c2e214-f262-4f75-9e6b-5fa6e5480ad1" relationshipRef="id-9f0abd47-1547-47f7-b944-f45b3e08eb06" xsi:type="Relationship" source="f670c8d0-f090-48ee-8a07-ee3ddb8b7909" target="id-5c729054-5f5c-4c20-b871-f1ba61ab3cd5">
          <style>
            <lineColor r="0" g="0" b="0" />
            <font name="Lucida Grande" size="12">
              <color r="0" g="0" b="0" />
            </font>
          </style>
        </connection>
      </view>
    </diagrams>
  </views>
</model>
