{"identifier":"https://me.big.tuwien.ac.at/EAModelSet/_xE2gADsMEeufTvxJgLajhw","archimateId":"_xE2gADsMEeufTvxJgLajhw","name":"MaaSLABSPlanung3.0","description":"","formats":["XML","CSV","JSON","ARCHIMATE"],"source":"GenMyModel","sourceFile":"raw-data/genmymodel/_xe2gadsmeeuftvxjglajhw.xml","sourceFormat":"XML","timestamp":"29-06-2023 09:25:51","tags":[],"duplicates":[],"language":"de","elements":[{"id":"_xE7_uTsMEeufTvxJgLajhw","name":"Basidaten bereitstellen","type":"ApplicationService","layer":"application"},{"id":"_xE7_uzsMEeufTvxJgLajhw","name":"PlanB","type":"ApplicationComponent","layer":"application"},{"id":"_xE7_vTsMEeufTvxJgLajhw","name":"GIS","type":"ApplicationComponent","layer":"application"},{"id":"_xE7_vzsMEeufTvxJgLajhw","name":"Nachfragedaten berechnen und bereitstellen","type":"ApplicationService","layer":"application"},{"id":"_xE7_wTsMEeufTvxJgLajhw","name":"Nachfrage Schätzung","type":"ApplicationComponent","layer":"application"},{"id":"_xE7_wzsMEeufTvxJgLajhw","name":"Nachfrage Schätzer","type":"ApplicationComponent","layer":"application"},{"id":"_xE7_xTsMEeufTvxJgLajhw","name":"MATSim","type":"ApplicationComponent","layer":"application"},{"id":"_xE7_xzsMEeufTvxJgLajhw","name":"Visum","type":"ApplicationComponent","layer":"application"},{"id":"_xE7_yTsMEeufTvxJgLajhw","name":"Szenarien entwickeln","type":"BusinessService","layer":"business"},{"id":"_xE7_yzsMEeufTvxJgLajhw","name":"Initiale Übersichten und Planungsgrundlagen","type":"Outcome","layer":"motivation"},{"id":"_xE7_zTsMEeufTvxJgLajhw","name":"ÖPNV zentrierte Szenarien entwicklen","type":"BusinessService","layer":"business"},{"id":"_xE7_zzsMEeufTvxJgLajhw","name":"Globele Szenarien entwicken","type":"BusinessService","layer":"business"},{"id":"_xE7_0TsMEeufTvxJgLajhw","name":"Visione und Strategien mit Stakeholdern  entwickeln","type":"BusinessService","layer":"business"},{"id":"_xE7_0zsMEeufTvxJgLajhw","name":"Grobplanung der möglichen Angebotsformen","type":"BusinessService","layer":"business"},{"id":"_xE7_1TsMEeufTvxJgLajhw","name":"Ziele und KPI's festlegen","type":"BusinessService","layer":"business"},{"id":"_xE7_1zsMEeufTvxJgLajhw","name":"Maßnahmen integrieert für Planungsgebiet planen","type":"BusinessService","layer":"business"},{"id":"_xE7_2TsMEeufTvxJgLajhw","name":"Betriebskonzepte für Maßnahmen planen","type":"BusinessService","layer":"business"},{"id":"_xE7_2zsMEeufTvxJgLajhw","name":"Maßnahmen im Betrieb monitoren","type":"BusinessService","layer":"business"},{"id":"_xE7_3TsMEeufTvxJgLajhw","name":"Ist-Daten bereitstellen","type":"BusinessService","layer":"business"},{"id":"_xE7_3zsMEeufTvxJgLajhw","name":"Ist-Daten bereitstellen","type":"ApplicationService","layer":"application"},{"id":"_xE7_4TsMEeufTvxJgLajhw","name":"Managemnt Systeme","type":"ApplicationComponent","layer":"application"},{"id":"_xE7_4zsMEeufTvxJgLajhw","name":"ITCS","type":"ApplicationComponent","layer":"application"},{"id":"_xE7_5TsMEeufTvxJgLajhw","name":"VSMR","type":"ApplicationComponent","layer":"application"},{"id":"_xE7_5zsMEeufTvxJgLajhw","name":"Maßnahmen integriert für Planungsgebiet planen","type":"ApplicationService","layer":"application"},{"id":"_xE7_6TsMEeufTvxJgLajhw","name":"Mobilitätsservices betreiben","type":"BusinessService","layer":"business"},{"id":"_xE7_6zsMEeufTvxJgLajhw","name":"Mobilitätsservices betreiben","type":"ApplicationService","layer":"application"},{"id":"_xE7_7TsMEeufTvxJgLajhw","name":"Maßnahmenkategorien (\"Services\")auswählen ","type":"BusinessService","layer":"business"},{"id":"_xE7_7zsMEeufTvxJgLajhw","name":"Liniengebundenen Verkehr planen","type":"BusinessService","layer":"business"},{"id":"_xE7_8TsMEeufTvxJgLajhw","name":"DRT planen","type":"BusinessService","layer":"business"},{"id":"_xE7_8zsMEeufTvxJgLajhw","name":"Liniengebundenen Verkehrs planen","type":"ApplicationService","layer":"application"},{"id":"_xE7_9TsMEeufTvxJgLajhw","name":"DRT planen","type":"ApplicationService","layer":"application"},{"id":"_xE7_9zsMEeufTvxJgLajhw","name":"Sumo","type":"ApplicationComponent","layer":"application"},{"id":"_xE7_-TsMEeufTvxJgLajhw","name":"TAPAS","type":"ApplicationComponent","layer":"application"},{"id":"_xE7_-zsMEeufTvxJgLajhw","name":"Maßahmen analysieren und bewerten","type":"BusinessService","layer":"business"},{"id":"_xE7__TsMEeufTvxJgLajhw","name":"Maßnahmen analysieren und bewerten","type":"ApplicationService","layer":"application"},{"id":"_xE7__zsMEeufTvxJgLajhw","name":"Sumo Analyse","type":"ApplicationComponent","layer":"application"},{"id":"_xE8AATsMEeufTvxJgLajhw","name":"Sumo Planung (DRT)","type":"ApplicationComponent","layer":"application"},{"id":"_xE8AAzsMEeufTvxJgLajhw","name":"Hier sind wir noch nicht so wirklich richtig gut","type":"Meaning","layer":"motivation"},{"id":"_xE8ABTsMEeufTvxJgLajhw","name":"Fahrplanung","type":"BusinessService","layer":"business"},{"id":"_xE8ABzsMEeufTvxJgLajhw","name":"Netzplanung","type":"BusinessService","layer":"business"},{"id":"_xE8ACTsMEeufTvxJgLajhw","name":"Umlaufplanung","type":"BusinessService","layer":"business"},{"id":"_xE8ACzsMEeufTvxJgLajhw","name":"Fahrplanung Linie","type":"ApplicationService","layer":"application"},{"id":"_xE8ADTsMEeufTvxJgLajhw","name":"Dienstplanung","type":"BusinessService","layer":"business"},{"id":"_xE8ADzsMEeufTvxJgLajhw","name":"Umlaufplanung Linie","type":"ApplicationService","layer":"application"},{"id":"_xE8AETsMEeufTvxJgLajhw","name":"Dienstplanung DRT","type":"ApplicationService","layer":"application"},{"id":"_xE8AEzsMEeufTvxJgLajhw","name":"Fahrplanung DRT","type":"ApplicationService","layer":"application"},{"id":"_xE8AFTsMEeufTvxJgLajhw","name":"Umlaufplanung DRT","type":"ApplicationService","layer":"application"},{"id":"_xE8AFzsMEeufTvxJgLajhw","name":"Dienstplanung Linie","type":"ApplicationService","layer":"application"},{"id":"_xE8AGTsMEeufTvxJgLajhw","name":"Infrastruktur","type":"BusinessService","layer":"business"},{"id":"_xE8AGzsMEeufTvxJgLajhw","name":"Untersuchungsgebiet","type":"Goal","layer":"motivation"},{"id":"_xE8AHTsMEeufTvxJgLajhw","name":"Last Mile in Ergänzung zur Linie","type":"Goal","layer":"motivation"},{"id":"_xE8AHzsMEeufTvxJgLajhw","name":"Planungsdimension Framework festlegen","type":"Goal","layer":"motivation"},{"id":"_xE8AITsMEeufTvxJgLajhw","name":"Grouping","type":"Grouping","layer":"other"},{"id":"_xE8AIzsMEeufTvxJgLajhw","name":"Planungsauftrag","type":"BusinessEvent","layer":"business"},{"id":"_xE8AJTsMEeufTvxJgLajhw","name":"Basisdaten bereitstellen","type":"BusinessService","layer":"business"},{"id":"_xE8AJzsMEeufTvxJgLajhw","name":"Erzeugung","type":"BusinessService","layer":"business"},{"id":"_xE8AKTsMEeufTvxJgLajhw","name":"Nachfragedaten bereitstellen und berechnen","type":"BusinessService","layer":"business"},{"id":"_xE8AKzsMEeufTvxJgLajhw","name":"Verteilung","type":"BusinessService","layer":"business"},{"id":"_xE8ALTsMEeufTvxJgLajhw","name":"Grouping","type":"Grouping","layer":"other"},{"id":"_xE8ALzsMEeufTvxJgLajhw","name":"Grouping","type":"Grouping","layer":"other"},{"id":"_xE8AMTsMEeufTvxJgLajhw","name":"Grouping","type":"Grouping","layer":"other"},{"id":"_xE8AMzsMEeufTvxJgLajhw","name":"Netzplanung","type":"ApplicationService","layer":"application"},{"id":"_xE8ANTsMEeufTvxJgLajhw","name":"Pflege un Bereitstellung von Betriebsdaten durch PlanB","type":"Goal","layer":"motivation"},{"id":"_xE8ANzsMEeufTvxJgLajhw","name":"DRT Planung (DLR) wird mit PlanB gekoppelt","type":"Goal","layer":"motivation"},{"id":"_xE8AOTsMEeufTvxJgLajhw","name":"DLR Vorschag für Nachfrageschätzung","type":"Goal","layer":"motivation"},{"id":"_xE8AOzsMEeufTvxJgLajhw","name":"Basisdaten und Visulaisierzng für nachfrage und Visualsierung in PlanB","type":"Goal","layer":"motivation"},{"id":"_xE8APTsMEeufTvxJgLajhw","name":"Qulitätsmanagement von Fahrplanmit Sumo. Überlager Soll-Ist in PlanB","type":"Goal","layer":"motivation"},{"id":"_xE8APzsMEeufTvxJgLajhw","name":"Simulation des Verkehrsfluss in Sumo mit ÖPNV Daten aus PlanB","type":"Goal","layer":"motivation"}],"relationships":[{"id":"_xE8AQTsMEeufTvxJgLajhw","sourceId":"_xE8AJTsMEeufTvxJgLajhw","targetId":"_xE8AKTsMEeufTvxJgLajhw","type":"Flow"},{"id":"_xE8AQzsMEeufTvxJgLajhw","sourceId":"_xE7_vTsMEeufTvxJgLajhw","targetId":"_xE7_uTsMEeufTvxJgLajhw","type":"Realization"},{"id":"_xE8ARTsMEeufTvxJgLajhw","sourceId":"_xE7_uTsMEeufTvxJgLajhw","targetId":"_xE8AJTsMEeufTvxJgLajhw","type":"Realization"},{"id":"_xE8ARzsMEeufTvxJgLajhw","sourceId":"_xE7_vzsMEeufTvxJgLajhw","targetId":"_xE8AKTsMEeufTvxJgLajhw","type":"Realization"},{"id":"_xE8ASTsMEeufTvxJgLajhw","sourceId":"_xE7_wTsMEeufTvxJgLajhw","targetId":"_xE7_vzsMEeufTvxJgLajhw","type":"Realization"},{"id":"_xE8ASzsMEeufTvxJgLajhw","sourceId":"_xE7_wzsMEeufTvxJgLajhw","targetId":"_xE7_wTsMEeufTvxJgLajhw","type":"Specialization"},{"id":"_xE8ATTsMEeufTvxJgLajhw","sourceId":"_xE7_xTsMEeufTvxJgLajhw","targetId":"_xE7_wTsMEeufTvxJgLajhw","type":"Specialization"},{"id":"_xE8ATzsMEeufTvxJgLajhw","sourceId":"_xE7_xzsMEeufTvxJgLajhw","targetId":"_xE7_wTsMEeufTvxJgLajhw","type":"Specialization"},{"id":"_xE8AUTsMEeufTvxJgLajhw","sourceId":"_xE8AKTsMEeufTvxJgLajhw","targetId":"_xE7_yTsMEeufTvxJgLajhw","type":"Flow"},{"id":"_xE8AUzsMEeufTvxJgLajhw","sourceId":"_xE8AKTsMEeufTvxJgLajhw","targetId":"_xE7_yzsMEeufTvxJgLajhw","type":"Realization"},{"id":"_xE8AVTsMEeufTvxJgLajhw","sourceId":"_xE8AJTsMEeufTvxJgLajhw","targetId":"_xE7_yzsMEeufTvxJgLajhw","type":"Realization"},{"id":"_xE8AVzsMEeufTvxJgLajhw","sourceId":"_xE7_zTsMEeufTvxJgLajhw","targetId":"_xE7_yTsMEeufTvxJgLajhw","type":"Specialization"},{"id":"_xE8AWTsMEeufTvxJgLajhw","sourceId":"_xE7_zzsMEeufTvxJgLajhw","targetId":"_xE7_yTsMEeufTvxJgLajhw","type":"Specialization"},{"id":"_xE8AWzsMEeufTvxJgLajhw","sourceId":"_xE7_yTsMEeufTvxJgLajhw","targetId":"_xE7_0TsMEeufTvxJgLajhw","type":"Flow"},{"id":"_xE8AXTsMEeufTvxJgLajhw","sourceId":"_xE7_0zsMEeufTvxJgLajhw","targetId":"_xE7_0TsMEeufTvxJgLajhw","type":"Specialization"},{"id":"_xE8AXzsMEeufTvxJgLajhw","sourceId":"_xE7_0TsMEeufTvxJgLajhw","targetId":"_xE7_1TsMEeufTvxJgLajhw","type":"Flow"},{"id":"_xE8AYTsMEeufTvxJgLajhw","sourceId":"_xE7_1TsMEeufTvxJgLajhw","targetId":"_xE7_1zsMEeufTvxJgLajhw","type":"Flow"},{"id":"_xE8AYzsMEeufTvxJgLajhw","sourceId":"_xE7_1zsMEeufTvxJgLajhw","targetId":"_xE7_2TsMEeufTvxJgLajhw","type":"Flow"},{"id":"_xE8AZTsMEeufTvxJgLajhw","sourceId":"_xE7_2TsMEeufTvxJgLajhw","targetId":"_xE7_2zsMEeufTvxJgLajhw","type":"Flow"},{"id":"_xE8AZzsMEeufTvxJgLajhw","sourceId":"_xE7_3TsMEeufTvxJgLajhw","targetId":"_xE7_2zsMEeufTvxJgLajhw","type":"Flow"},{"id":"_xE8AaTsMEeufTvxJgLajhw","sourceId":"_xE7_3zsMEeufTvxJgLajhw","targetId":"_xE7_3TsMEeufTvxJgLajhw","type":"Realization"},{"id":"_xE8AazsMEeufTvxJgLajhw","sourceId":"_xE7_4TsMEeufTvxJgLajhw","targetId":"_xE7_3zsMEeufTvxJgLajhw","type":"Realization"},{"id":"_xE8AbTsMEeufTvxJgLajhw","sourceId":"_xE7_4zsMEeufTvxJgLajhw","targetId":"_xE7_4TsMEeufTvxJgLajhw","type":"Specialization"},{"id":"_xE8AbzsMEeufTvxJgLajhw","sourceId":"_xE7_5TsMEeufTvxJgLajhw","targetId":"_xE7_4TsMEeufTvxJgLajhw","type":"Specialization"},{"id":"_xE8AcTsMEeufTvxJgLajhw","sourceId":"_xE7_6zsMEeufTvxJgLajhw","targetId":"_xE7_6TsMEeufTvxJgLajhw","type":"Realization"},{"id":"_xE8AczsMEeufTvxJgLajhw","sourceId":"_xE7_4TsMEeufTvxJgLajhw","targetId":"_xE7_6zsMEeufTvxJgLajhw","type":"Realization"},{"id":"_xE8AdTsMEeufTvxJgLajhw","sourceId":"_xE7_3TsMEeufTvxJgLajhw","targetId":"_xE7_6TsMEeufTvxJgLajhw","type":"Aggregation"},{"id":"_xE8AdzsMEeufTvxJgLajhw","sourceId":"_xE7_7TsMEeufTvxJgLajhw","targetId":"_xE7_0TsMEeufTvxJgLajhw","type":"Specialization"},{"id":"_xE8AeTsMEeufTvxJgLajhw","sourceId":"_xE7_7zsMEeufTvxJgLajhw","targetId":"_xE7_1zsMEeufTvxJgLajhw","type":"Specialization"},{"id":"_xE8AezsMEeufTvxJgLajhw","sourceId":"_xE7_8TsMEeufTvxJgLajhw","targetId":"_xE7_1zsMEeufTvxJgLajhw","type":"Specialization"},{"id":"_xE8AfTsMEeufTvxJgLajhw","sourceId":"_xE7_5zsMEeufTvxJgLajhw","targetId":"_xE7_1zsMEeufTvxJgLajhw","type":"Realization"},{"id":"_xE8AfzsMEeufTvxJgLajhw","sourceId":"_xE7_8zsMEeufTvxJgLajhw","targetId":"_xE7_7zsMEeufTvxJgLajhw","type":"Realization"},{"id":"_xE8AgTsMEeufTvxJgLajhw","sourceId":"_xE7_9TsMEeufTvxJgLajhw","targetId":"_xE7_8TsMEeufTvxJgLajhw","type":"Realization"},{"id":"_xE8AgzsMEeufTvxJgLajhw","sourceId":"_xE7_8zsMEeufTvxJgLajhw","targetId":"_xE7_5zsMEeufTvxJgLajhw","type":"Specialization"},{"id":"_xE8AhTsMEeufTvxJgLajhw","sourceId":"_xE7_9TsMEeufTvxJgLajhw","targetId":"_xE7_5zsMEeufTvxJgLajhw","type":"Specialization"},{"id":"_xE8AhzsMEeufTvxJgLajhw","sourceId":"_xE7_xTsMEeufTvxJgLajhw","targetId":"_xE7_9TsMEeufTvxJgLajhw","type":"Realization"},{"id":"_xE8AiTsMEeufTvxJgLajhw","sourceId":"_xE7_xzsMEeufTvxJgLajhw","targetId":"_xE7_8zsMEeufTvxJgLajhw","type":"Realization"},{"id":"_xE8AizsMEeufTvxJgLajhw","sourceId":"_xE7_9zsMEeufTvxJgLajhw","targetId":"_xE7_9TsMEeufTvxJgLajhw","type":"Realization"},{"id":"_xE8AjTsMEeufTvxJgLajhw","sourceId":"_xE7_-TsMEeufTvxJgLajhw","targetId":"_xE7_wTsMEeufTvxJgLajhw","type":"Specialization"},{"id":"_xE8AjzsMEeufTvxJgLajhw","sourceId":"_xE8AJzsMEeufTvxJgLajhw","targetId":"_xE8AKTsMEeufTvxJgLajhw","type":"Specialization"},{"id":"_xE8AkTsMEeufTvxJgLajhw","sourceId":"_xE8AKzsMEeufTvxJgLajhw","targetId":"_xE8AKTsMEeufTvxJgLajhw","type":"Specialization"},{"id":"_xE8AkzsMEeufTvxJgLajhw","sourceId":"_xE7_-zsMEeufTvxJgLajhw","targetId":"_xE7_1zsMEeufTvxJgLajhw","type":"Specialization"},{"id":"_xE8AlTsMEeufTvxJgLajhw","sourceId":"_xE7_xzsMEeufTvxJgLajhw","targetId":"_xE7_9TsMEeufTvxJgLajhw","type":"Realization"},{"id":"_xE8moDsMEeufTvxJgLajhw","sourceId":"_xE7__TsMEeufTvxJgLajhw","targetId":"_xE7_-zsMEeufTvxJgLajhw","type":"Realization"},{"id":"_xE8mojsMEeufTvxJgLajhw","sourceId":"_xE7_xTsMEeufTvxJgLajhw","targetId":"_xE7__TsMEeufTvxJgLajhw","type":"Realization"},{"id":"_xE8mpDsMEeufTvxJgLajhw","sourceId":"_xE7_9zsMEeufTvxJgLajhw","targetId":"_xE7__TsMEeufTvxJgLajhw","type":"Realization"},{"id":"_xE8mpjsMEeufTvxJgLajhw","sourceId":"_xE7__zsMEeufTvxJgLajhw","targetId":"_xE7_9zsMEeufTvxJgLajhw","type":"Specialization"},{"id":"_xE8mqDsMEeufTvxJgLajhw","sourceId":"_xE8AATsMEeufTvxJgLajhw","targetId":"_xE7__zsMEeufTvxJgLajhw","type":"Flow"},{"id":"_xE8mqjsMEeufTvxJgLajhw","sourceId":"_xE8ABTsMEeufTvxJgLajhw","targetId":"_xE7_2TsMEeufTvxJgLajhw","type":"Specialization"},{"id":"_xE8mrDsMEeufTvxJgLajhw","sourceId":"_xE7_2TsMEeufTvxJgLajhw","targetId":"_xE7_1zsMEeufTvxJgLajhw","type":"Flow"},{"id":"_xE8mrjsMEeufTvxJgLajhw","sourceId":"_xE8ABzsMEeufTvxJgLajhw","targetId":"_xE7_2TsMEeufTvxJgLajhw","type":"Association"},{"id":"_xE8msDsMEeufTvxJgLajhw","sourceId":"_xE8ABzsMEeufTvxJgLajhw","targetId":"_xE7_1zsMEeufTvxJgLajhw","type":"Association"},{"id":"_xE8msjsMEeufTvxJgLajhw","sourceId":"_xE8ACTsMEeufTvxJgLajhw","targetId":"_xE7_2TsMEeufTvxJgLajhw","type":"Specialization"},{"id":"_xE8mtDsMEeufTvxJgLajhw","sourceId":"_xE8ACzsMEeufTvxJgLajhw","targetId":"_xE8ABTsMEeufTvxJgLajhw","type":"Realization"},{"id":"_xE8mtjsMEeufTvxJgLajhw","sourceId":"_xE8ADTsMEeufTvxJgLajhw","targetId":"_xE7_2TsMEeufTvxJgLajhw","type":"Specialization"},{"id":"_xE8muDsMEeufTvxJgLajhw","sourceId":"_xE8ADzsMEeufTvxJgLajhw","targetId":"_xE8ACTsMEeufTvxJgLajhw","type":"Realization"},{"id":"_xE8mujsMEeufTvxJgLajhw","sourceId":"_xE8AETsMEeufTvxJgLajhw","targetId":"_xE8ADTsMEeufTvxJgLajhw","type":"Realization"},{"id":"_xE8mvDsMEeufTvxJgLajhw","sourceId":"_xE8AFzsMEeufTvxJgLajhw","targetId":"_xE8ADTsMEeufTvxJgLajhw","type":"Realization"},{"id":"_xE8mvjsMEeufTvxJgLajhw","sourceId":"_xE8AGTsMEeufTvxJgLajhw","targetId":"_xE7_2TsMEeufTvxJgLajhw","type":"Specialization"},{"id":"_xE8mwDsMEeufTvxJgLajhw","sourceId":"_xE7_uzsMEeufTvxJgLajhw","targetId":"_xE8AFzsMEeufTvxJgLajhw","type":"Realization"},{"id":"_xE8mwjsMEeufTvxJgLajhw","sourceId":"_xE7_uzsMEeufTvxJgLajhw","targetId":"_xE8ADzsMEeufTvxJgLajhw","type":"Realization"},{"id":"_xE8mxDsMEeufTvxJgLajhw","sourceId":"_xE8AATsMEeufTvxJgLajhw","targetId":"_xE8AEzsMEeufTvxJgLajhw","type":"Realization"},{"id":"_xE8mxjsMEeufTvxJgLajhw","sourceId":"_xE8AATsMEeufTvxJgLajhw","targetId":"_xE8AFTsMEeufTvxJgLajhw","type":"Realization"},{"id":"_xE8myDsMEeufTvxJgLajhw","sourceId":"_xE7_uzsMEeufTvxJgLajhw","targetId":"_xE8ACzsMEeufTvxJgLajhw","type":"Realization"},{"id":"_xE8myjsMEeufTvxJgLajhw","sourceId":"_xE8AGzsMEeufTvxJgLajhw","targetId":"_xE7_yTsMEeufTvxJgLajhw","type":"Association"},{"id":"_xE8mzDsMEeufTvxJgLajhw","sourceId":"_xE8AHTsMEeufTvxJgLajhw","targetId":"_xE7_zTsMEeufTvxJgLajhw","type":"Association"},{"id":"_xE8mzjsMEeufTvxJgLajhw","sourceId":"_xE8AIzsMEeufTvxJgLajhw","targetId":"_xE8AJTsMEeufTvxJgLajhw","type":"Triggering"},{"id":"_xE8m0DsMEeufTvxJgLajhw","sourceId":"_xE8AHzsMEeufTvxJgLajhw","targetId":"_xE8AIzsMEeufTvxJgLajhw","type":"Association"},{"id":"_xE8m0jsMEeufTvxJgLajhw","sourceId":"_xE8AEzsMEeufTvxJgLajhw","targetId":"_xE8ABTsMEeufTvxJgLajhw","type":"Realization"},{"id":"_xE8m1DsMEeufTvxJgLajhw","sourceId":"_xE8AFTsMEeufTvxJgLajhw","targetId":"_xE8ACTsMEeufTvxJgLajhw","type":"Realization"},{"id":"_xE8m1jsMEeufTvxJgLajhw","sourceId":"_xE8AMzsMEeufTvxJgLajhw","targetId":"_xE8ABzsMEeufTvxJgLajhw","type":"Realization"},{"id":"_xE8m2DsMEeufTvxJgLajhw","sourceId":"_xE7_uzsMEeufTvxJgLajhw","targetId":"_xE8AMzsMEeufTvxJgLajhw","type":"Realization"},{"id":"_xE8m2jsMEeufTvxJgLajhw","sourceId":"_xE7_uzsMEeufTvxJgLajhw","targetId":"_xE8AATsMEeufTvxJgLajhw","type":"Aggregation"},{"id":"_xE8m3DsMEeufTvxJgLajhw","sourceId":"_xE7_uzsMEeufTvxJgLajhw","targetId":"_xE8AATsMEeufTvxJgLajhw","type":"Flow"},{"id":"_xE8m3jsMEeufTvxJgLajhw","sourceId":"_xE7_uzsMEeufTvxJgLajhw","targetId":"_xE7_wzsMEeufTvxJgLajhw","type":"Aggregation"},{"id":"_xE8m4DsMEeufTvxJgLajhw","sourceId":"_xE8APzsMEeufTvxJgLajhw","targetId":"_xE8APTsMEeufTvxJgLajhw","type":"Influence"}],"views":[{"id":"_xE6xcDsMEeufTvxJgLajhw","name":"archimate-diagram","viewpoint":""}]}