<?xml version="1.0" encoding="UTF-8"?><model xmlns="http://www.opengroup.org/xsd/archimate/3.0/" xmlns:xsi="http://www.w3.org/2001/XMLSchema-instance" identifier="_oOEk0LbvEeqEM7mFKilpXw">  <name xml:lang="en">Übung 3 Gruppe 4</name>  <elements>    <element xsi:type="Product" identifier="_oOKrzrbvEeqEM7mFKilpXw">      <name xml:lang="en">Quartier Paket Hubs</name>      <documentation>&lt;p>Umfasst die Folgen &amp;quot;Outcomes&amp;quot;&lt;/p>&lt;ul>	&lt;li>Angebot unterschiedlicher Pl&amp;auml;ne&lt;/li>	&lt;li>Anskunft und Buchung&lt;/li>	&lt;li>DRT&lt;/li>	&lt;li>Sharing&lt;/li>	&lt;li>.......&lt;/li>&lt;/ul></documentation>    </element>    <element xsi:type="BusinessService" identifier="_oOKr0LbvEeqEM7mFKilpXw">      <name xml:lang="en">Datendrehscheibe (Server)</name>      <documentation/>    </element>    <element xsi:type="BusinessService" identifier="_oOKr0rbvEeqEM7mFKilpXw">      <name xml:lang="en">Service ist optional</name>      <documentation/>    </element>    <element xsi:type="BusinessService" identifier="_oOKr1LbvEeqEM7mFKilpXw">      <name xml:lang="en">Informationsportal Angebot</name>      <documentation/>    </element>    <element xsi:type="BusinessService" identifier="_oOKr1rbvEeqEM7mFKilpXw">      <name xml:lang="en">Kunden- und Lizenzverwaltung</name>      <documentation/>    </element>    <element xsi:type="BusinessService" identifier="_oOKr2LbvEeqEM7mFKilpXw">      <name xml:lang="en">Buchungsmanager</name>      <documentation/>    </element>    <element xsi:type="BusinessService" identifier="_oOKr2rbvEeqEM7mFKilpXw">      <name xml:lang="en">Intermodale Auskunft</name>      <documentation/>    </element>    <element xsi:type="BusinessService" identifier="_oOKsObbvEeqEM7mFKilpXw">      <name xml:lang="en">Liefermanagementsystem</name>      <documentation>&lt;p>DRT ist Teil der von uns gew&amp;auml;hlten Produktdefinition, muss aber ggf. nicht in allen Quatrtieren angeboten werden.&lt;/p></documentation>    </element>    <element xsi:type="BusinessRole" identifier="_oOKsrLbvEeqEM7mFKilpXw">      <name xml:lang="en">Lieferdienstleister</name>      <documentation/>    </element>    <element xsi:type="BusinessRole" identifier="_oOKsrrbvEeqEM7mFKilpXw">      <name xml:lang="en">Kunden</name>      <documentation/>    </element>    <element xsi:type="BusinessRole" identifier="_oOKssLbvEeqEM7mFKilpXw">      <name xml:lang="en">Zahlungsdienstleister</name>      <documentation/>    </element>    <element xsi:type="BusinessService" identifier="_oOKssrbvEeqEM7mFKilpXw">      <name xml:lang="en">Zahlungssystem</name>      <documentation/>    </element>    <element xsi:type="BusinessActor" identifier="_oOKstrbvEeqEM7mFKilpXw">      <name xml:lang="en">Deutsche Post </name>      <documentation/>    </element>    <element xsi:type="BusinessActor" identifier="_oOKsuLbvEeqEM7mFKilpXw">      <name xml:lang="en">Lieferanten</name>      <documentation/>    </element>    <element xsi:type="BusinessProcess" identifier="_oOKsurbvEeqEM7mFKilpXw">      <name xml:lang="en">Initiale Buchung</name>      <documentation/>    </element>    <element xsi:type="BusinessProcess" identifier="_oOKsvLbvEeqEM7mFKilpXw">      <name xml:lang="en">Umbuchen</name>      <documentation/>    </element>    <element xsi:type="BusinessProcess" identifier="_oOKsvrbvEeqEM7mFKilpXw">      <name xml:lang="en">Integration von Daten</name>      <documentation/>    </element>    <element xsi:type="BusinessProcess" identifier="_oOKswLbvEeqEM7mFKilpXw">      <name xml:lang="en">Geokodierung von Adressen oder POI</name>      <documentation/>    </element>    <element xsi:type="BusinessProcess" identifier="_oOKswrbvEeqEM7mFKilpXw">      <name xml:lang="en">Auskunft ÖPNV</name>      <documentation/>    </element>    <element xsi:type="BusinessProcess" identifier="_oOKsxLbvEeqEM7mFKilpXw">      <name xml:lang="en">Auskunft IV</name>      <documentation/>    </element>    <element xsi:type="BusinessProcess" identifier="_oOKsxrbvEeqEM7mFKilpXw">      <name xml:lang="en">Darstellung Karte / Map</name>      <documentation/>    </element>    <element xsi:type="BusinessObject" identifier="_oOKsyLbvEeqEM7mFKilpXw">      <name xml:lang="en">Straßennetz</name>      <documentation/>    </element>    <element xsi:type="BusinessObject" identifier="_oOKsyrbvEeqEM7mFKilpXw">      <name xml:lang="en">Adressdaten</name>      <documentation/>    </element>    <element xsi:type="BusinessObject" identifier="_oOKszLbvEeqEM7mFKilpXw">      <name xml:lang="en">Soll- und Ist-Fahrplan</name>      <documentation/>    </element>    <element xsi:type="BusinessObject" identifier="_oOKszrbvEeqEM7mFKilpXw">      <name xml:lang="en">Aktuelle Verkehrslage</name>      <documentation/>    </element>    <element xsi:type="BusinessRole" identifier="_oOKs0LbvEeqEM7mFKilpXw">      <name xml:lang="en">Auskunftsdatenverantwortlichen</name>      <documentation/>    </element>    <element xsi:type="BusinessRole" identifier="_oOKs0rbvEeqEM7mFKilpXw">      <name xml:lang="en">Nutzer*in</name>      <documentation/>    </element>    <element xsi:type="BusinessRole" identifier="_oOKs1LbvEeqEM7mFKilpXw">      <name xml:lang="en">Liefernder</name>      <documentation/>    </element>    <element xsi:type="BusinessRole" identifier="_oOKs1rbvEeqEM7mFKilpXw">      <name xml:lang="en">Buchender</name>      <documentation/>    </element>    <element xsi:type="BusinessRole" identifier="_oOKs2LbvEeqEM7mFKilpXw">      <name xml:lang="en">Zahlender</name>      <documentation/>    </element>    <element xsi:type="BusinessActor" identifier="_oOKs2rbvEeqEM7mFKilpXw">      <name xml:lang="en">Extern beauftragter Dienstleister</name>      <documentation/>    </element>    <element xsi:type="BusinessActor" identifier="_oOKs3LbvEeqEM7mFKilpXw">      <name xml:lang="en">Versanddienstleister</name>      <documentation/>    </element>    <element xsi:type="BusinessRole" identifier="_oOKs3rbvEeqEM7mFKilpXw">      <name xml:lang="en">Empfänger</name>      <documentation/>    </element>    <element xsi:type="BusinessService" identifier="_oOKs4LbvEeqEM7mFKilpXw">      <name xml:lang="en">Sendungsverfolgung</name>      <documentation/>    </element>    <element xsi:type="BusinessRole" identifier="_oOKs4rbvEeqEM7mFKilpXw">      <name xml:lang="en">Hub-Nutzungslizenzen</name>      <documentation/>    </element>    <element xsi:type="BusinessActor" identifier="_oOKs5LbvEeqEM7mFKilpXw">      <name xml:lang="en">DHL</name>      <documentation/>    </element>    <element xsi:type="BusinessActor" identifier="_oOKs5rbvEeqEM7mFKilpXw">      <name xml:lang="en">Andere</name>      <documentation/>    </element>    <element xsi:type="BusinessProcess" identifier="_oOKs6LbvEeqEM7mFKilpXw">      <name xml:lang="en">Darstellung Lieferzustand</name>      <documentation/>    </element>    <element xsi:type="BusinessService" identifier="_oOKs6rbvEeqEM7mFKilpXw">      <name xml:lang="en">Liefermanagementsystem</name>      <documentation/>    </element>    <element xsi:type="BusinessProcess" identifier="_oOKs7LbvEeqEM7mFKilpXw">      <name xml:lang="en">Lieferroutenplanung</name>      <documentation/>    </element>    <element xsi:type="BusinessProcess" identifier="_oOKs7rbvEeqEM7mFKilpXw">      <name xml:lang="en">Verteilung derTransportmittel-kapazitäten</name>      <documentation/>    </element>    <element xsi:type="BusinessProcess" identifier="_oOKs8LbvEeqEM7mFKilpXw">      <name xml:lang="en">Integration von Daten</name>      <documentation/>    </element>    <element xsi:type="BusinessObject" identifier="_oOKs8rbvEeqEM7mFKilpXw">      <name xml:lang="en">Straßennetz, Radnetz</name>      <documentation/>    </element>    <element xsi:type="BusinessObject" identifier="_oOKs9LbvEeqEM7mFKilpXw">      <name xml:lang="en">Lieferadressen</name>      <documentation/>    </element>    <element xsi:type="BusinessObject" identifier="_oOKs9rbvEeqEM7mFKilpXw">      <name xml:lang="en">Aktuelle Verkehrslage</name>      <documentation/>    </element>    <element xsi:type="BusinessObject" identifier="_oOKs-LbvEeqEM7mFKilpXw">      <name xml:lang="en">Zustell Informationen</name>      <documentation/>    </element>    <element xsi:type="BusinessProcess" identifier="_oOKs-rbvEeqEM7mFKilpXw">      <name xml:lang="en">Darstellung Karte/ Maps</name>      <documentation/>    </element>    <element xsi:type="BusinessObject" identifier="_oOKs_LbvEeqEM7mFKilpXw">      <name xml:lang="en">Paket Größe,Gewicht, Eigenschaften,..</name>      <documentation/>    </element>    <element xsi:type="BusinessObject" identifier="_oOKs_rbvEeqEM7mFKilpXw">      <name xml:lang="en">Verfügbare Lieferanten</name>      <documentation/>    </element>    <element xsi:type="BusinessProcess" identifier="_oOKtALbvEeqEM7mFKilpXw">      <name xml:lang="en">Verteilung der Lieferanten</name>      <documentation/>    </element>    <element xsi:type="Value" identifier="_oOKtArbvEeqEM7mFKilpXw">      <name xml:lang="en">Value</name>      <documentation/>    </element>    <element xsi:type="Value" identifier="_oOLSlbbvEeqEM7mFKilpXw">      <name xml:lang="en">Value</name>      <documentation/>    </element>    <element xsi:type="Stakeholder" identifier="_oOLSl7bvEeqEM7mFKilpXw">      <name xml:lang="en">Stakeholder</name>      <documentation/>    </element>    <element xsi:type="Driver" identifier="_oOLSmbbvEeqEM7mFKilpXw">      <name xml:lang="en">Klimawandel</name>      <documentation/>    </element>    <element xsi:type="Driver" identifier="_oOLSm7bvEeqEM7mFKilpXw">      <name xml:lang="en">Verkehrszunahme</name>      <documentation/>    </element>    <element xsi:type="Driver" identifier="_oOLSnbbvEeqEM7mFKilpXw">      <name xml:lang="en">CO2 Grenzwerte</name>      <documentation/>    </element>    <element xsi:type="Requirement" identifier="_oOLSn7bvEeqEM7mFKilpXw">      <name xml:lang="en">Gesetze</name>      <documentation/>    </element>    <element xsi:type="Goal" identifier="_oOLSobbvEeqEM7mFKilpXw">      <name xml:lang="en">Umwelt</name>      <documentation/>    </element>    <element xsi:type="Goal" identifier="_oOLSo7bvEeqEM7mFKilpXw">      <name xml:lang="en">Klima</name>      <documentation/>    </element>    <element xsi:type="Goal" identifier="_oOLSpbbvEeqEM7mFKilpXw">      <name xml:lang="en">weniger Immission</name>      <documentation/>    </element>    <element xsi:type="Goal" identifier="_oOLSp7bvEeqEM7mFKilpXw">      <name xml:lang="en">Weniger Verkehr (Verkehrsverlagerung)</name>      <documentation/>    </element>    <element xsi:type="Goal" identifier="_oOLSqbbvEeqEM7mFKilpXw">      <name xml:lang="en">weniger Flächeninanspruchnahme</name>      <documentation/>    </element>    <element xsi:type="Driver" identifier="_oOLSq7bvEeqEM7mFKilpXw">      <name xml:lang="en">Klimaschutzgesetze</name>      <documentation/>    </element>    <element xsi:type="Goal" identifier="_oOLSrbbvEeqEM7mFKilpXw">      <name xml:lang="en">Alternative Transportmittel</name>      <documentation/>    </element>  </elements>  <relationships>    <relationship xsi:type="Composition" identifier="_oOLSr7bvEeqEM7mFKilpXw" source="_oOKrzrbvEeqEM7mFKilpXw" target="_oOKr0LbvEeqEM7mFKilpXw">      <name xml:lang="en"/>      <documentation/>    </relationship>    <relationship xsi:type="Aggregation" identifier="_oOLSsbbvEeqEM7mFKilpXw" source="_oOKrzrbvEeqEM7mFKilpXw" target="_oOKr0rbvEeqEM7mFKilpXw">      <name xml:lang="en"/>      <documentation/>    </relationship>    <relationship xsi:type="Composition" identifier="_oOLSs7bvEeqEM7mFKilpXw" source="_oOKrzrbvEeqEM7mFKilpXw" target="_oOKr1LbvEeqEM7mFKilpXw">      <name xml:lang="en"/>      <documentation/>    </relationship>    <relationship xsi:type="Composition" identifier="_oOLStbbvEeqEM7mFKilpXw" source="_oOKrzrbvEeqEM7mFKilpXw" target="_oOKr1rbvEeqEM7mFKilpXw">      <name xml:lang="en"/>      <documentation/>    </relationship>    <relationship xsi:type="Composition" identifier="_oOLSt7bvEeqEM7mFKilpXw" source="_oOKrzrbvEeqEM7mFKilpXw" target="_oOKr2LbvEeqEM7mFKilpXw">      <name xml:lang="en"/>      <documentation/>    </relationship>    <relationship xsi:type="Assignment" identifier="_oOLSubbvEeqEM7mFKilpXw" source="_oOKsrLbvEeqEM7mFKilpXw" target="_oOKsObbvEeqEM7mFKilpXw">      <name xml:lang="en"/>      <documentation/>    </relationship>    <relationship xsi:type="Assignment" identifier="_oOLSu7bvEeqEM7mFKilpXw" source="_oOKsrrbvEeqEM7mFKilpXw" target="_oOKr1rbvEeqEM7mFKilpXw">      <name xml:lang="en"/>      <documentation/>    </relationship>    <relationship xsi:type="Assignment" identifier="_oOLSvbbvEeqEM7mFKilpXw" source="_oOKssLbvEeqEM7mFKilpXw" target="_oOKssrbvEeqEM7mFKilpXw">      <name xml:lang="en"/>      <documentation/>    </relationship>    <relationship xsi:type="Assignment" identifier="_oOLSv7bvEeqEM7mFKilpXw" source="_oOKstrbvEeqEM7mFKilpXw" target="_oOKsrrbvEeqEM7mFKilpXw">      <name xml:lang="en"/>      <documentation/>    </relationship>    <relationship xsi:type="Assignment" identifier="_oOLSwbbvEeqEM7mFKilpXw" source="_oOKsuLbvEeqEM7mFKilpXw" target="_oOKsrLbvEeqEM7mFKilpXw">      <name xml:lang="en"/>      <documentation/>    </relationship>    <relationship xsi:type="Realization" identifier="_oOLSw7bvEeqEM7mFKilpXw" source="_oOKsurbvEeqEM7mFKilpXw" target="_oOKr2LbvEeqEM7mFKilpXw">      <name xml:lang="en"/>      <documentation/>    </relationship>    <relationship xsi:type="Composition" identifier="_oOLSxbbvEeqEM7mFKilpXw" source="_oOKr2rbvEeqEM7mFKilpXw" target="_oOKr2rbvEeqEM7mFKilpXw">      <name xml:lang="en"/>      <documentation/>    </relationship>    <relationship xsi:type="Realization" identifier="_oOLSx7bvEeqEM7mFKilpXw" source="_oOKsvLbvEeqEM7mFKilpXw" target="_oOKr2LbvEeqEM7mFKilpXw">      <name xml:lang="en"/>      <documentation/>    </relationship>    <relationship xsi:type="Realization" identifier="_oOLSybbvEeqEM7mFKilpXw" source="_oOKsvrbvEeqEM7mFKilpXw" target="_oOKr2rbvEeqEM7mFKilpXw">      <name xml:lang="en"/>      <documentation/>    </relationship>    <relationship xsi:type="Realization" identifier="_oOLSy7bvEeqEM7mFKilpXw" source="_oOKswLbvEeqEM7mFKilpXw" target="_oOKr2rbvEeqEM7mFKilpXw">      <name xml:lang="en"/>      <documentation/>    </relationship>    <relationship xsi:type="Realization" identifier="_oOLSzbbvEeqEM7mFKilpXw" source="_oOKswrbvEeqEM7mFKilpXw" target="_oOKr2rbvEeqEM7mFKilpXw">      <name xml:lang="en"/>      <documentation/>    </relationship>    <relationship xsi:type="Realization" identifier="_oOLSz7bvEeqEM7mFKilpXw" source="_oOKsxLbvEeqEM7mFKilpXw" target="_oOKr2rbvEeqEM7mFKilpXw">      <name xml:lang="en"/>      <documentation/>    </relationship>    <relationship xsi:type="Realization" identifier="_oOLS0bbvEeqEM7mFKilpXw" source="_oOKsxrbvEeqEM7mFKilpXw" target="_oOKr2rbvEeqEM7mFKilpXw">      <name xml:lang="en"/>      <documentation/>    </relationship>    <relationship xsi:type="Association" identifier="_oOLS07bvEeqEM7mFKilpXw" source="_oOKsyLbvEeqEM7mFKilpXw" target="_oOKsvrbvEeqEM7mFKilpXw">      <name xml:lang="en"/>      <documentation/>    </relationship>    <relationship xsi:type="Association" identifier="_oOLS1bbvEeqEM7mFKilpXw" source="_oOKsyrbvEeqEM7mFKilpXw" target="_oOKsvrbvEeqEM7mFKilpXw">      <name xml:lang="en"/>      <documentation/>    </relationship>    <relationship xsi:type="Association" identifier="_oOLS17bvEeqEM7mFKilpXw" source="_oOKszLbvEeqEM7mFKilpXw" target="_oOKsvrbvEeqEM7mFKilpXw">      <name xml:lang="en"/>      <documentation/>    </relationship>    <relationship xsi:type="Association" identifier="_oOLS2bbvEeqEM7mFKilpXw" source="_oOKszrbvEeqEM7mFKilpXw" target="_oOKsvrbvEeqEM7mFKilpXw">      <name xml:lang="en"/>      <documentation/>    </relationship>    <relationship xsi:type="Assignment" identifier="_oOLS27bvEeqEM7mFKilpXw" source="_oOKs0LbvEeqEM7mFKilpXw" target="_oOKsvrbvEeqEM7mFKilpXw">      <name xml:lang="en"/>      <documentation/>    </relationship>    <relationship xsi:type="Association" identifier="_oOLS3bbvEeqEM7mFKilpXw" source="_oOKs0rbvEeqEM7mFKilpXw" target="_oOKrzrbvEeqEM7mFKilpXw">      <name xml:lang="en"/>      <documentation/>    </relationship>    <relationship xsi:type="Specialization" identifier="_oOLS37bvEeqEM7mFKilpXw" source="_oOKs0rbvEeqEM7mFKilpXw" target="_oOKs1LbvEeqEM7mFKilpXw">      <name xml:lang="en"/>      <documentation/>    </relationship>    <relationship xsi:type="Specialization" identifier="_oOLS4bbvEeqEM7mFKilpXw" source="_oOKs0rbvEeqEM7mFKilpXw" target="_oOKs1rbvEeqEM7mFKilpXw">      <name xml:lang="en"/>      <documentation/>    </relationship>    <relationship xsi:type="Specialization" identifier="_oOLS47bvEeqEM7mFKilpXw" source="_oOKs0rbvEeqEM7mFKilpXw" target="_oOKs2LbvEeqEM7mFKilpXw">      <name xml:lang="en"/>      <documentation/>    </relationship>    <relationship xsi:type="Assignment" identifier="_oOLS5bbvEeqEM7mFKilpXw" source="_oOKs2rbvEeqEM7mFKilpXw" target="_oOKs1LbvEeqEM7mFKilpXw">      <name xml:lang="en"/>      <documentation/>    </relationship>    <relationship xsi:type="Assignment" identifier="_oOLS57bvEeqEM7mFKilpXw" source="_oOKs3LbvEeqEM7mFKilpXw" target="_oOKs1rbvEeqEM7mFKilpXw">      <name xml:lang="en"/>      <documentation/>    </relationship>    <relationship xsi:type="Assignment" identifier="_oOLS6bbvEeqEM7mFKilpXw" source="_oOKs3LbvEeqEM7mFKilpXw" target="_oOKs2LbvEeqEM7mFKilpXw">      <name xml:lang="en"/>      <documentation/>    </relationship>    <relationship xsi:type="Composition" identifier="_oOLS67bvEeqEM7mFKilpXw" source="_oOKrzrbvEeqEM7mFKilpXw" target="_oOKssrbvEeqEM7mFKilpXw">      <name xml:lang="en"/>      <documentation/>    </relationship>    <relationship xsi:type="Assignment" identifier="_oOLS7bbvEeqEM7mFKilpXw" source="_oOKs3LbvEeqEM7mFKilpXw" target="_oOKs1LbvEeqEM7mFKilpXw">      <name xml:lang="en"/>      <documentation/>    </relationship>    <relationship xsi:type="Association" identifier="_oOLS77bvEeqEM7mFKilpXw" source="_oOKr0LbvEeqEM7mFKilpXw" target="_oOKs3LbvEeqEM7mFKilpXw">      <name xml:lang="en"/>      <documentation/>    </relationship>    <relationship xsi:type="Association" identifier="_oOLS8bbvEeqEM7mFKilpXw" source="_oOKr0LbvEeqEM7mFKilpXw" target="_oOKsObbvEeqEM7mFKilpXw">      <name xml:lang="en"/>      <documentation/>    </relationship>    <relationship xsi:type="Specialization" identifier="_oOLS87bvEeqEM7mFKilpXw" source="_oOKs0rbvEeqEM7mFKilpXw" target="_oOKs3rbvEeqEM7mFKilpXw">      <name xml:lang="en"/>      <documentation/>    </relationship>    <relationship xsi:type="Association" identifier="_oOLS9bbvEeqEM7mFKilpXw" source="_oOKs3rbvEeqEM7mFKilpXw" target="_oOKs4LbvEeqEM7mFKilpXw">      <name xml:lang="en"/>      <documentation/>    </relationship>    <relationship xsi:type="Assignment" identifier="_oOLS97bvEeqEM7mFKilpXw" source="_oOKs5LbvEeqEM7mFKilpXw" target="_oOKsrrbvEeqEM7mFKilpXw">      <name xml:lang="en"/>      <documentation/>    </relationship>    <relationship xsi:type="Assignment" identifier="_oOLS-bbvEeqEM7mFKilpXw" source="_oOKs5rbvEeqEM7mFKilpXw" target="_oOKsrrbvEeqEM7mFKilpXw">      <name xml:lang="en"/>      <documentation/>    </relationship>    <relationship xsi:type="Assignment" identifier="_oOLS-7bvEeqEM7mFKilpXw" source="_oOKs4rbvEeqEM7mFKilpXw" target="_oOKr1rbvEeqEM7mFKilpXw">      <name xml:lang="en"/>      <documentation/>    </relationship>    <relationship xsi:type="Association" identifier="_oOLS_bbvEeqEM7mFKilpXw" source="_oOKs4LbvEeqEM7mFKilpXw" target="_oOKsuLbvEeqEM7mFKilpXw">      <name xml:lang="en"/>      <documentation/>    </relationship>    <relationship xsi:type="Composition" identifier="_oOLS_7bvEeqEM7mFKilpXw" source="_oOKrzrbvEeqEM7mFKilpXw" target="_oOKsObbvEeqEM7mFKilpXw">      <name xml:lang="en"/>      <documentation/>    </relationship>    <relationship xsi:type="Association" identifier="_oOLTAbbvEeqEM7mFKilpXw" source="_oOKs3LbvEeqEM7mFKilpXw" target="_oOKs4LbvEeqEM7mFKilpXw">      <name xml:lang="en"/>      <documentation/>    </relationship>    <relationship xsi:type="Composition" identifier="_oOLTA7bvEeqEM7mFKilpXw" source="_oOKsObbvEeqEM7mFKilpXw" target="_oOKs6rbvEeqEM7mFKilpXw">      <name xml:lang="en"/>      <documentation/>    </relationship>    <relationship xsi:type="Realization" identifier="_oOLTBbbvEeqEM7mFKilpXw" source="_oOKs6LbvEeqEM7mFKilpXw" target="_oOKs6rbvEeqEM7mFKilpXw">      <name xml:lang="en"/>      <documentation/>    </relationship>    <relationship xsi:type="Realization" identifier="_oOLTB7bvEeqEM7mFKilpXw" source="_oOKs7LbvEeqEM7mFKilpXw" target="_oOKs6rbvEeqEM7mFKilpXw">      <name xml:lang="en"/>      <documentation/>    </relationship>    <relationship xsi:type="Realization" identifier="_oOLTCbbvEeqEM7mFKilpXw" source="_oOKs7rbvEeqEM7mFKilpXw" target="_oOKs6rbvEeqEM7mFKilpXw">      <name xml:lang="en"/>      <documentation/>    </relationship>    <relationship xsi:type="Realization" identifier="_oOLTC7bvEeqEM7mFKilpXw" source="_oOKs8LbvEeqEM7mFKilpXw" target="_oOKs6rbvEeqEM7mFKilpXw">      <name xml:lang="en"/>      <documentation/>    </relationship>    <relationship xsi:type="Association" identifier="_oOLTDbbvEeqEM7mFKilpXw" source="_oOKs-LbvEeqEM7mFKilpXw" target="_oOKs8LbvEeqEM7mFKilpXw">      <name xml:lang="en"/>      <documentation/>    </relationship>    <relationship xsi:type="Association" identifier="_oOLTD7bvEeqEM7mFKilpXw" source="_oOKsObbvEeqEM7mFKilpXw" target="_oOKs-LbvEeqEM7mFKilpXw">      <name xml:lang="en"/>      <documentation/>    </relationship>    <relationship xsi:type="Association" identifier="_oOLTEbbvEeqEM7mFKilpXw" source="_oOKsObbvEeqEM7mFKilpXw" target="_oOKs8LbvEeqEM7mFKilpXw">      <name xml:lang="en"/>      <documentation/>    </relationship>    <relationship xsi:type="Association" identifier="_oOLTE7bvEeqEM7mFKilpXw" source="_oOKsObbvEeqEM7mFKilpXw" target="_oOKs-LbvEeqEM7mFKilpXw">      <name xml:lang="en"/>      <documentation/>    </relationship>    <relationship xsi:type="Association" identifier="_oOLTFbbvEeqEM7mFKilpXw" source="_oOKs8rbvEeqEM7mFKilpXw" target="_oOKs8LbvEeqEM7mFKilpXw">      <name xml:lang="en"/>      <documentation/>    </relationship>    <relationship xsi:type="Association" identifier="_oOLTF7bvEeqEM7mFKilpXw" source="_oOKs9LbvEeqEM7mFKilpXw" target="_oOKs8LbvEeqEM7mFKilpXw">      <name xml:lang="en"/>      <documentation/>    </relationship>    <relationship xsi:type="Association" identifier="_oOLTGbbvEeqEM7mFKilpXw" source="_oOKs9rbvEeqEM7mFKilpXw" target="_oOKs8LbvEeqEM7mFKilpXw">      <name xml:lang="en"/>      <documentation/>    </relationship>    <relationship xsi:type="Association" identifier="_oOLTG7bvEeqEM7mFKilpXw" source="_oOKs-rbvEeqEM7mFKilpXw" target="_oOKs7LbvEeqEM7mFKilpXw">      <name xml:lang="en"/>      <documentation/>    </relationship>    <relationship xsi:type="Association" identifier="_oOLTHbbvEeqEM7mFKilpXw" source="_oOKs_LbvEeqEM7mFKilpXw" target="_oOKs8LbvEeqEM7mFKilpXw">      <name xml:lang="en"/>      <documentation/>    </relationship>    <relationship xsi:type="Association" identifier="_oOLTH7bvEeqEM7mFKilpXw" source="_oOKs_rbvEeqEM7mFKilpXw" target="_oOKs8LbvEeqEM7mFKilpXw">      <name xml:lang="en"/>      <documentation/>    </relationship>    <relationship xsi:type="Realization" identifier="_oOLTIbbvEeqEM7mFKilpXw" source="_oOKtALbvEeqEM7mFKilpXw" target="_oOKs6rbvEeqEM7mFKilpXw">      <name xml:lang="en"/>      <documentation/>    </relationship>    <relationship xsi:type="Association" identifier="_oOLTI7bvEeqEM7mFKilpXw" source="_oOKsObbvEeqEM7mFKilpXw" target="_oOKs4LbvEeqEM7mFKilpXw">      <name xml:lang="en"/>      <documentation/>    </relationship>    <relationship xsi:type="Composition" identifier="_oOLTJbbvEeqEM7mFKilpXw" source="_oOKrzrbvEeqEM7mFKilpXw" target="_oOKs4LbvEeqEM7mFKilpXw">      <name xml:lang="en"/>      <documentation/>    </relationship>    <relationship xsi:type="Association" identifier="_oOLTJ7bvEeqEM7mFKilpXw" source="_oOKtArbvEeqEM7mFKilpXw" target="_oOKrzrbvEeqEM7mFKilpXw">      <name xml:lang="en"/>      <documentation/>    </relationship>    <relationship xsi:type="Composition" identifier="_oOLTKbbvEeqEM7mFKilpXw" source="_oOKtArbvEeqEM7mFKilpXw" target="_oOLSlbbvEeqEM7mFKilpXw">      <name xml:lang="en"/>      <documentation/>    </relationship>    <relationship xsi:type="Association" identifier="_oOLTK7bvEeqEM7mFKilpXw" source="_oOLSlbbvEeqEM7mFKilpXw" target="_oOLSl7bvEeqEM7mFKilpXw">      <name xml:lang="en"/>      <documentation/>    </relationship>    <relationship xsi:type="Association" identifier="_oOLTLbbvEeqEM7mFKilpXw" source="_oOLSl7bvEeqEM7mFKilpXw" target="_oOLSnbbvEeqEM7mFKilpXw">      <name xml:lang="en"/>      <documentation/>    </relationship>    <relationship xsi:type="Association" identifier="_oOLTL7bvEeqEM7mFKilpXw" source="_oOLSl7bvEeqEM7mFKilpXw" target="_oOLSmbbvEeqEM7mFKilpXw">      <name xml:lang="en"/>      <documentation/>    </relationship>    <relationship xsi:type="Association" identifier="_oOLTMbbvEeqEM7mFKilpXw" source="_oOLSm7bvEeqEM7mFKilpXw" target="_oOLSl7bvEeqEM7mFKilpXw">      <name xml:lang="en"/>      <documentation/>    </relationship>    <relationship xsi:type="Influence" identifier="_oOLTM7bvEeqEM7mFKilpXw" source="_oOLSn7bvEeqEM7mFKilpXw" target="_oOLSobbvEeqEM7mFKilpXw">      <name xml:lang="en"/>      <documentation/>    </relationship>    <relationship xsi:type="Specialization" identifier="_oOLTNbbvEeqEM7mFKilpXw" source="_oOLSo7bvEeqEM7mFKilpXw" target="_oOLSobbvEeqEM7mFKilpXw">      <name xml:lang="en"/>      <documentation/>    </relationship>    <relationship xsi:type="Specialization" identifier="_oOLTN7bvEeqEM7mFKilpXw" source="_oOLSpbbvEeqEM7mFKilpXw" target="_oOLSobbvEeqEM7mFKilpXw">      <name xml:lang="en"/>      <documentation/>    </relationship>    <relationship xsi:type="Specialization" identifier="_oOLTObbvEeqEM7mFKilpXw" source="_oOLSqbbvEeqEM7mFKilpXw" target="_oOLSobbvEeqEM7mFKilpXw">      <name xml:lang="en"/>      <documentation/>    </relationship>    <relationship xsi:type="Influence" identifier="_oOLTO7bvEeqEM7mFKilpXw" source="_oOLSn7bvEeqEM7mFKilpXw" target="_oOLSnbbvEeqEM7mFKilpXw">      <name xml:lang="en"/>      <documentation/>    </relationship>    <relationship xsi:type="Association" identifier="_oOLTPbbvEeqEM7mFKilpXw" source="_oOLSl7bvEeqEM7mFKilpXw" target="_oOLSq7bvEeqEM7mFKilpXw">      <name xml:lang="en"/>      <documentation/>    </relationship>    <relationship xsi:type="Influence" identifier="_oOLTP7bvEeqEM7mFKilpXw" source="_oOLSn7bvEeqEM7mFKilpXw" target="_oOLSq7bvEeqEM7mFKilpXw">      <name xml:lang="en"/>      <documentation/>    </relationship>    <relationship xsi:type="Association" identifier="_oOLTQbbvEeqEM7mFKilpXw" source="_oOLSrbbvEeqEM7mFKilpXw" target="_oOLSo7bvEeqEM7mFKilpXw">      <name xml:lang="en"/>      <documentation/>    </relationship>    <relationship xsi:type="Association" identifier="_oOLTQ7bvEeqEM7mFKilpXw" source="_oOLSrbbvEeqEM7mFKilpXw" target="_oOLSp7bvEeqEM7mFKilpXw">      <name xml:lang="en"/>      <documentation/>    </relationship>    <relationship xsi:type="Specialization" identifier="_oOLTRbbvEeqEM7mFKilpXw" source="_oOLSp7bvEeqEM7mFKilpXw" target="_oOLSobbvEeqEM7mFKilpXw">      <name xml:lang="en"/>      <documentation/>    </relationship>    <relationship xsi:type="Association" identifier="_oOLTR7bvEeqEM7mFKilpXw" source="_oOLSrbbvEeqEM7mFKilpXw" target="_oOLSpbbvEeqEM7mFKilpXw">      <name xml:lang="en"/>      <documentation/>    </relationship>    <relationship xsi:type="Association" identifier="_oOLTSbbvEeqEM7mFKilpXw" source="_oOLSrbbvEeqEM7mFKilpXw" target="_oOLSqbbvEeqEM7mFKilpXw">      <name xml:lang="en"/>      <documentation/>    </relationship>  </relationships>  <views>    <diagrams>      <view identifier="_oOJdULbvEeqEM7mFKilpXw">        <name xml:lang="en">archimate-diagram</name>        <node xsi:type="Element" identifier="_oOJdUrbvEeqEM7mFKilpXw" h="60" w="870" x="279" y="353" elementRef="_oOKrzrbvEeqEM7mFKilpXw"/>        <node xsi:type="Element" identifier="_oOJdU7bvEeqEM7mFKilpXw" h="60" w="130" x="1416" y="335" elementRef="_oOKr0LbvEeqEM7mFKilpXw"/>        <node xsi:type="Element" identifier="_oOJdXLbvEeqEM7mFKilpXw" h="60" w="130" x="31" y="389" elementRef="_oOKr0rbvEeqEM7mFKilpXw"/>        <node xsi:type="Element" identifier="_oOJdZbbvEeqEM7mFKilpXw" h="60" w="130" x="175" y="537" elementRef="_oOKr1LbvEeqEM7mFKilpXw"/>        <node xsi:type="Element" identifier="_oOJdbrbvEeqEM7mFKilpXw" h="60" w="130" x="315" y="537" elementRef="_oOKr1rbvEeqEM7mFKilpXw"/>        <node xsi:type="Element" identifier="_oOJdd7bvEeqEM7mFKilpXw" h="60" w="130" x="691" y="549" elementRef="_oOKr2LbvEeqEM7mFKilpXw"/>        <node xsi:type="Element" identifier="_oOJdgLbvEeqEM7mFKilpXw" h="60" w="160" x="891" y="537" elementRef="_oOKsObbvEeqEM7mFKilpXw"/>        <node xsi:type="Element" identifier="_oOJdgbbvEeqEM7mFKilpXw" h="60" w="130" x="912" y="694" elementRef="_oOKsrLbvEeqEM7mFKilpXw"/>        <node xsi:type="Element" identifier="_oOJdirbvEeqEM7mFKilpXw" h="60" w="130" x="192" y="694" elementRef="_oOKsrrbvEeqEM7mFKilpXw"/>        <node xsi:type="Element" identifier="_oOJdk7bvEeqEM7mFKilpXw" h="60" w="130" x="508" y="694" elementRef="_oOKssLbvEeqEM7mFKilpXw"/>        <node xsi:type="Element" identifier="_oOJdlLbvEeqEM7mFKilpXw" h="60" w="130" x="448" y="537" elementRef="_oOKssrbvEeqEM7mFKilpXw"/>        <node xsi:type="Element" identifier="_oOJdnbbvEeqEM7mFKilpXw" h="60" w="130" x="246" y="912" elementRef="_oOKstrbvEeqEM7mFKilpXw"/>        <node xsi:type="Element" identifier="_oOJdprbvEeqEM7mFKilpXw" h="60" w="130" x="912" y="818" elementRef="_oOKsuLbvEeqEM7mFKilpXw"/>        <node xsi:type="Element" identifier="_oOJdr7bvEeqEM7mFKilpXw" h="60" w="130" x="649" y="763" elementRef="_oOKsurbvEeqEM7mFKilpXw"/>        <node xsi:type="Element" identifier="_oOJduLbvEeqEM7mFKilpXw" h="60" w="130" x="753" y="865" elementRef="_oOKsvLbvEeqEM7mFKilpXw"/>        <node xsi:type="Element" identifier="_oOJdwbbvEeqEM7mFKilpXw" h="60" w="130" x="649" y="219" elementRef="_oOKs0rbvEeqEM7mFKilpXw"/>        <node xsi:type="Element" identifier="_oOJdyrbvEeqEM7mFKilpXw" h="60" w="130" x="864" y="122" elementRef="_oOKs1LbvEeqEM7mFKilpXw"/>        <node xsi:type="Element" identifier="_oOJdy7bvEeqEM7mFKilpXw" h="60" w="130" x="649" y="104" elementRef="_oOKs1rbvEeqEM7mFKilpXw"/>        <node xsi:type="Element" identifier="_oOJdzLbvEeqEM7mFKilpXw" h="60" w="130" x="497" y="104" elementRef="_oOKs2LbvEeqEM7mFKilpXw"/>        <node xsi:type="Element" identifier="_oOJd5bbvEeqEM7mFKilpXw" h="60" w="130" x="864" y="36" elementRef="_oOKs2rbvEeqEM7mFKilpXw"/>        <node xsi:type="Element" identifier="_oOJd7rbvEeqEM7mFKilpXw" h="60" w="130" x="582" y="0" elementRef="_oOKs3LbvEeqEM7mFKilpXw"/>        <node xsi:type="Element" identifier="_oOJeH7bvEeqEM7mFKilpXw" h="60" w="130" x="906" y="230" elementRef="_oOKs3rbvEeqEM7mFKilpXw"/>        <node xsi:type="Element" identifier="_oOKEZrbvEeqEM7mFKilpXw" h="60" w="130" x="1119" y="219" elementRef="_oOKs4LbvEeqEM7mFKilpXw"/>        <node xsi:type="Element" identifier="_oOKrdbbvEeqEM7mFKilpXw" h="60" w="130" x="341" y="694" elementRef="_oOKs4rbvEeqEM7mFKilpXw"/>        <node xsi:type="Element" identifier="_oOKrdrbvEeqEM7mFKilpXw" h="60" w="130" x="79" y="818" elementRef="_oOKs5LbvEeqEM7mFKilpXw"/>        <node xsi:type="Element" identifier="_oOKrf7bvEeqEM7mFKilpXw" h="60" w="130" x="130" y="1020" elementRef="_oOKs5rbvEeqEM7mFKilpXw"/>        <node xsi:type="Element" identifier="_oOKruLbvEeqEM7mFKilpXw" h="60" w="130" x="292" y="104" elementRef="_oOKtArbvEeqEM7mFKilpXw"/>        <connection xsi:type="Relationship" identifier="_oOJdVbbvEeqEM7mFKilpXw" source="_oOJdUrbvEeqEM7mFKilpXw" target="_oOJdU7bvEeqEM7mFKilpXw" relationshipRef="_oOLSr7bvEeqEM7mFKilpXw">          <bendpoint x="1282" y="374"/>          <bendpoint x="1283" y="374"/>        </connection>        <connection xsi:type="Relationship" identifier="_oOJdXrbvEeqEM7mFKilpXw" source="_oOJdUrbvEeqEM7mFKilpXw" target="_oOJdXLbvEeqEM7mFKilpXw" relationshipRef="_oOLSsbbvEeqEM7mFKilpXw">          <bendpoint x="220" y="401"/>          <bendpoint x="220" y="401"/>        </connection>        <connection xsi:type="Relationship" identifier="_oOJdZ7bvEeqEM7mFKilpXw" source="_oOJdUrbvEeqEM7mFKilpXw" target="_oOJdZbbvEeqEM7mFKilpXw" relationshipRef="_oOLSs7bvEeqEM7mFKilpXw">          <bendpoint x="292" y="475"/>          <bendpoint x="292" y="475"/>        </connection>        <connection xsi:type="Relationship" identifier="_oOJdcLbvEeqEM7mFKilpXw" source="_oOJdUrbvEeqEM7mFKilpXw" target="_oOJdbrbvEeqEM7mFKilpXw" relationshipRef="_oOLStbbvEeqEM7mFKilpXw">          <bendpoint x="380" y="475"/>          <bendpoint x="380" y="475"/>        </connection>        <connection xsi:type="Relationship" identifier="_oOJdebbvEeqEM7mFKilpXw" source="_oOJdUrbvEeqEM7mFKilpXw" target="_oOJdd7bvEeqEM7mFKilpXw" relationshipRef="_oOLSt7bvEeqEM7mFKilpXw">          <bendpoint x="756" y="481"/>          <bendpoint x="756" y="481"/>        </connection>        <connection xsi:type="Relationship" identifier="_oOJdg7bvEeqEM7mFKilpXw" source="_oOJdgbbvEeqEM7mFKilpXw" target="_oOJdgLbvEeqEM7mFKilpXw" relationshipRef="_oOLSubbvEeqEM7mFKilpXw">          <bendpoint x="977" y="645"/>          <bendpoint x="977" y="646"/>        </connection>        <connection xsi:type="Relationship" identifier="_oOJdjLbvEeqEM7mFKilpXw" source="_oOJdirbvEeqEM7mFKilpXw" target="_oOJdbrbvEeqEM7mFKilpXw" relationshipRef="_oOLSu7bvEeqEM7mFKilpXw">          <bendpoint x="329" y="724"/>          <bendpoint x="329" y="646"/>        </connection>        <connection xsi:type="Relationship" identifier="_oOJdlrbvEeqEM7mFKilpXw" source="_oOJdk7bvEeqEM7mFKilpXw" target="_oOJdlLbvEeqEM7mFKilpXw" relationshipRef="_oOLSvbbvEeqEM7mFKilpXw">          <bendpoint x="543" y="645"/>          <bendpoint x="543" y="646"/>        </connection>        <connection xsi:type="Relationship" identifier="_oOJdn7bvEeqEM7mFKilpXw" source="_oOJdnbbvEeqEM7mFKilpXw" target="_oOJdirbvEeqEM7mFKilpXw" relationshipRef="_oOLSv7bvEeqEM7mFKilpXw">          <bendpoint x="284" y="833"/>          <bendpoint x="284" y="833"/>        </connection>        <connection xsi:type="Relationship" identifier="_oOJdqLbvEeqEM7mFKilpXw" source="_oOJdprbvEeqEM7mFKilpXw" target="_oOJdgbbvEeqEM7mFKilpXw" relationshipRef="_oOLSwbbvEeqEM7mFKilpXw">          <bendpoint x="977" y="786"/>          <bendpoint x="977" y="786"/>        </connection>        <connection xsi:type="Relationship" identifier="_oOJdsbbvEeqEM7mFKilpXw" source="_oOJdr7bvEeqEM7mFKilpXw" target="_oOJdd7bvEeqEM7mFKilpXw" relationshipRef="_oOLSw7bvEeqEM7mFKilpXw">          <bendpoint x="735" y="686"/>          <bendpoint x="735" y="686"/>        </connection>        <connection xsi:type="Relationship" identifier="_oOJdurbvEeqEM7mFKilpXw" source="_oOJduLbvEeqEM7mFKilpXw" target="_oOJdd7bvEeqEM7mFKilpXw" relationshipRef="_oOLSx7bvEeqEM7mFKilpXw">          <bendpoint x="805" y="737"/>          <bendpoint x="805" y="737"/>        </connection>        <connection xsi:type="Relationship" identifier="_oOJdw7bvEeqEM7mFKilpXw" source="_oOJdwbbvEeqEM7mFKilpXw" target="_oOJdUrbvEeqEM7mFKilpXw" relationshipRef="_oOLS3bbvEeqEM7mFKilpXw">          <bendpoint x="714" y="316"/>          <bendpoint x="714" y="316"/>        </connection>        <connection xsi:type="Relationship" identifier="_oOJdzrbvEeqEM7mFKilpXw" source="_oOJdwbbvEeqEM7mFKilpXw" target="_oOJdyrbvEeqEM7mFKilpXw" relationshipRef="_oOLS37bvEeqEM7mFKilpXw">          <bendpoint x="746" y="200"/>          <bendpoint x="929" y="201"/>        </connection>        <connection xsi:type="Relationship" identifier="_oOJd1rbvEeqEM7mFKilpXw" source="_oOJdwbbvEeqEM7mFKilpXw" target="_oOJdy7bvEeqEM7mFKilpXw" relationshipRef="_oOLS4bbvEeqEM7mFKilpXw">          <bendpoint x="714" y="191"/>          <bendpoint x="714" y="192"/>        </connection>        <connection xsi:type="Relationship" identifier="_oOJd3rbvEeqEM7mFKilpXw" source="_oOJdwbbvEeqEM7mFKilpXw" target="_oOJdzLbvEeqEM7mFKilpXw" relationshipRef="_oOLS47bvEeqEM7mFKilpXw">          <bendpoint x="681" y="191"/>          <bendpoint x="562" y="192"/>        </connection>        <connection xsi:type="Relationship" identifier="_oOJd57bvEeqEM7mFKilpXw" source="_oOJd5bbvEeqEM7mFKilpXw" target="_oOJdyrbvEeqEM7mFKilpXw" relationshipRef="_oOLS5bbvEeqEM7mFKilpXw">          <bendpoint x="929" y="109"/>          <bendpoint x="929" y="109"/>        </connection>        <connection xsi:type="Relationship" identifier="_oOJd8LbvEeqEM7mFKilpXw" source="_oOJd7rbvEeqEM7mFKilpXw" target="_oOJdy7bvEeqEM7mFKilpXw" relationshipRef="_oOLS57bvEeqEM7mFKilpXw">          <bendpoint x="680" y="82"/>          <bendpoint x="680" y="82"/>        </connection>        <connection xsi:type="Relationship" identifier="_oOJd-LbvEeqEM7mFKilpXw" source="_oOJd7rbvEeqEM7mFKilpXw" target="_oOJdzLbvEeqEM7mFKilpXw" relationshipRef="_oOLS6bbvEeqEM7mFKilpXw">          <bendpoint x="604" y="82"/>          <bendpoint x="604" y="82"/>        </connection>        <connection xsi:type="Relationship" identifier="_oOJeALbvEeqEM7mFKilpXw" source="_oOJdUrbvEeqEM7mFKilpXw" target="_oOJdlLbvEeqEM7mFKilpXw" relationshipRef="_oOLS67bvEeqEM7mFKilpXw">          <bendpoint x="513" y="475"/>          <bendpoint x="513" y="475"/>        </connection>        <connection xsi:type="Relationship" identifier="_oOJeCLbvEeqEM7mFKilpXw" source="_oOJd7rbvEeqEM7mFKilpXw" target="_oOJdyrbvEeqEM7mFKilpXw" relationshipRef="_oOLS7bbvEeqEM7mFKilpXw">          <bendpoint x="788" y="15"/>          <bendpoint x="788" y="152"/>        </connection>        <connection xsi:type="Relationship" identifier="_oOJeELbvEeqEM7mFKilpXw" source="_oOJdU7bvEeqEM7mFKilpXw" target="_oOJd7rbvEeqEM7mFKilpXw" relationshipRef="_oOLS77bvEeqEM7mFKilpXw">          <bendpoint x="1488" y="315"/>          <bendpoint x="1488" y="16"/>        </connection>        <connection xsi:type="Relationship" identifier="_oOJeGLbvEeqEM7mFKilpXw" source="_oOJdU7bvEeqEM7mFKilpXw" target="_oOJdgLbvEeqEM7mFKilpXw" relationshipRef="_oOLS8bbvEeqEM7mFKilpXw">          <bendpoint x="1492" y="415"/>          <bendpoint x="1492" y="577"/>        </connection>        <connection xsi:type="Relationship" identifier="_oOJeIbbvEeqEM7mFKilpXw" source="_oOJdwbbvEeqEM7mFKilpXw" target="_oOJeH7bvEeqEM7mFKilpXw" relationshipRef="_oOLS87bvEeqEM7mFKilpXw">          <bendpoint x="842" y="254"/>          <bendpoint x="843" y="254"/>        </connection>        <connection xsi:type="Relationship" identifier="_oOKEaLbvEeqEM7mFKilpXw" source="_oOJeH7bvEeqEM7mFKilpXw" target="_oOKEZrbvEeqEM7mFKilpXw" relationshipRef="_oOLS9bbvEeqEM7mFKilpXw">          <bendpoint x="1077" y="254"/>          <bendpoint x="1078" y="254"/>        </connection>        <connection xsi:type="Relationship" identifier="_oOKreLbvEeqEM7mFKilpXw" source="_oOKrdrbvEeqEM7mFKilpXw" target="_oOJdirbvEeqEM7mFKilpXw" relationshipRef="_oOLS97bvEeqEM7mFKilpXw">          <bendpoint x="200" y="786"/>          <bendpoint x="200" y="786"/>        </connection>        <connection xsi:type="Relationship" identifier="_oOKrgbbvEeqEM7mFKilpXw" source="_oOKrf7bvEeqEM7mFKilpXw" target="_oOJdirbvEeqEM7mFKilpXw" relationshipRef="_oOLS-bbvEeqEM7mFKilpXw">          <bendpoint x="226" y="887"/>          <bendpoint x="226" y="887"/>        </connection>        <connection xsi:type="Relationship" identifier="_oOKribbvEeqEM7mFKilpXw" source="_oOKrdbbvEeqEM7mFKilpXw" target="_oOJdbrbvEeqEM7mFKilpXw" relationshipRef="_oOLS-7bvEeqEM7mFKilpXw">          <bendpoint x="393" y="645"/>          <bendpoint x="393" y="646"/>        </connection>        <connection xsi:type="Relationship" identifier="_oOKrkbbvEeqEM7mFKilpXw" source="_oOKEZrbvEeqEM7mFKilpXw" target="_oOJdprbvEeqEM7mFKilpXw" relationshipRef="_oOLS_bbvEeqEM7mFKilpXw">          <bendpoint x="1298" y="238"/>          <bendpoint x="1297" y="848"/>        </connection>        <connection xsi:type="Relationship" identifier="_oOKrmbbvEeqEM7mFKilpXw" source="_oOJdUrbvEeqEM7mFKilpXw" target="_oOJdgLbvEeqEM7mFKilpXw" relationshipRef="_oOLS_7bvEeqEM7mFKilpXw">          <bendpoint x="971" y="475"/>          <bendpoint x="971" y="475"/>        </connection>        <connection xsi:type="Relationship" identifier="_oOKrobbvEeqEM7mFKilpXw" source="_oOJd7rbvEeqEM7mFKilpXw" target="_oOKEZrbvEeqEM7mFKilpXw" relationshipRef="_oOLTAbbvEeqEM7mFKilpXw">          <bendpoint x="1181" y="11"/>          <bendpoint x="1181" y="199"/>        </connection>        <connection xsi:type="Relationship" identifier="_oOKrqbbvEeqEM7mFKilpXw" source="_oOJdgLbvEeqEM7mFKilpXw" target="_oOKEZrbvEeqEM7mFKilpXw" relationshipRef="_oOLTI7bvEeqEM7mFKilpXw">          <bendpoint x="1234" y="557"/>          <bendpoint x="1234" y="299"/>        </connection>        <connection xsi:type="Relationship" identifier="_oOKrsbbvEeqEM7mFKilpXw" source="_oOJdUrbvEeqEM7mFKilpXw" target="_oOKEZrbvEeqEM7mFKilpXw" relationshipRef="_oOLTJbbvEeqEM7mFKilpXw">          <bendpoint x="1134" y="316"/>          <bendpoint x="1134" y="316"/>        </connection>        <connection xsi:type="Relationship" identifier="_oOKrurbvEeqEM7mFKilpXw" source="_oOKruLbvEeqEM7mFKilpXw" target="_oOJdUrbvEeqEM7mFKilpXw" relationshipRef="_oOLTJ7bvEeqEM7mFKilpXw">          <bendpoint x="357" y="259"/>          <bendpoint x="357" y="258"/>        </connection>      </view>      <view identifier="_oOKrwbbvEeqEM7mFKilpXw">        <name xml:lang="en">archimate-diagram2</name>        <node xsi:type="Element" identifier="_oOKrw7bvEeqEM7mFKilpXw" h="60" w="350" x="396" y="158" elementRef="_oOKrzrbvEeqEM7mFKilpXw"/>        <node xsi:type="Element" identifier="_oOKry7bvEeqEM7mFKilpXw" h="60" w="130" x="495" y="321" elementRef="_oOKr0rbvEeqEM7mFKilpXw"/>        <connection xsi:type="Relationship" identifier="_oOKrxbbvEeqEM7mFKilpXw" source="_oOKrw7bvEeqEM7mFKilpXw" target="_oOKry7bvEeqEM7mFKilpXw" relationshipRef="_oOLSsbbvEeqEM7mFKilpXw">          <bendpoint x="560" y="270"/>          <bendpoint x="560" y="269"/>        </connection>      </view>    </diagrams>  </views></model>
