{"identifier":"https://me.big.tuwien.ac.at/EAModelSet/_oOEk0LbvEeqEM7mFKilpXw","archimateId":"_oOEk0LbvEeqEM7mFKilpXw","name":"Übung 3 Gruppe 4","description":"","formats":["XML","CSV","JSON","ARCHIMATE"],"source":"GenMyModel","repository":"","license":"","sourceFile":"raw-data/genmymodel/_ooek0lbveeqem7mfkilpxw.xml","sourceFormat":"XML","timestamp":"2023-07-06T10:01:17","tags":[],"duplicates":[],"language":"de","elements":[{"id":"_oOKrzrbvEeqEM7mFKilpXw","name":"Quartier Paket Hubs","type":"Product","layer":"business"},{"id":"_oOKr0LbvEeqEM7mFKilpXw","name":"Datendrehscheibe (Server)","type":"BusinessService","layer":"business"},{"id":"_oOKr0rbvEeqEM7mFKilpXw","name":"Service ist optional","type":"BusinessService","layer":"business"},{"id":"_oOKr1LbvEeqEM7mFKilpXw","name":"Informationsportal Angebot","type":"BusinessService","layer":"business"},{"id":"_oOKr1rbvEeqEM7mFKilpXw","name":"Kunden- und Lizenzverwaltung","type":"BusinessService","layer":"business"},{"id":"_oOKr2LbvEeqEM7mFKilpXw","name":"Buchungsmanager","type":"BusinessService","layer":"business"},{"id":"_oOKr2rbvEeqEM7mFKilpXw","name":"Intermodale Auskunft","type":"BusinessService","layer":"business"},{"id":"_oOKsObbvEeqEM7mFKilpXw","name":"Liefermanagementsystem","type":"BusinessService","layer":"business"},{"id":"_oOKsrLbvEeqEM7mFKilpXw","name":"Lieferdienstleister","type":"BusinessRole","layer":"business"},{"id":"_oOKsrrbvEeqEM7mFKilpXw","name":"Kunden","type":"BusinessRole","layer":"business"},{"id":"_oOKssLbvEeqEM7mFKilpXw","name":"Zahlungsdienstleister","type":"BusinessRole","layer":"business"},{"id":"_oOKssrbvEeqEM7mFKilpXw","name":"Zahlungssystem","type":"BusinessService","layer":"business"},{"id":"_oOKstrbvEeqEM7mFKilpXw","name":"Deutsche Post ","type":"BusinessActor","layer":"business"},{"id":"_oOKsuLbvEeqEM7mFKilpXw","name":"Lieferanten","type":"BusinessActor","layer":"business"},{"id":"_oOKsurbvEeqEM7mFKilpXw","name":"Initiale Buchung","type":"BusinessProcess","layer":"business"},{"id":"_oOKsvLbvEeqEM7mFKilpXw","name":"Umbuchen","type":"BusinessProcess","layer":"business"},{"id":"_oOKsvrbvEeqEM7mFKilpXw","name":"Integration von Daten","type":"BusinessProcess","layer":"business"},{"id":"_oOKswLbvEeqEM7mFKilpXw","name":"Geokodierung von Adressen oder POI","type":"BusinessProcess","layer":"business"},{"id":"_oOKswrbvEeqEM7mFKilpXw","name":"Auskunft ÖPNV","type":"BusinessProcess","layer":"business"},{"id":"_oOKsxLbvEeqEM7mFKilpXw","name":"Auskunft IV","type":"BusinessProcess","layer":"business"},{"id":"_oOKsxrbvEeqEM7mFKilpXw","name":"Darstellung Karte / Map","type":"BusinessProcess","layer":"business"},{"id":"_oOKsyLbvEeqEM7mFKilpXw","name":"Straßennetz","type":"BusinessObject","layer":"business"},{"id":"_oOKsyrbvEeqEM7mFKilpXw","name":"Adressdaten","type":"BusinessObject","layer":"business"},{"id":"_oOKszLbvEeqEM7mFKilpXw","name":"Soll- und Ist-Fahrplan","type":"BusinessObject","layer":"business"},{"id":"_oOKszrbvEeqEM7mFKilpXw","name":"Aktuelle Verkehrslage","type":"BusinessObject","layer":"business"},{"id":"_oOKs0LbvEeqEM7mFKilpXw","name":"Auskunftsdatenverantwortlichen","type":"BusinessRole","layer":"business"},{"id":"_oOKs0rbvEeqEM7mFKilpXw","name":"Nutzer*in","type":"BusinessRole","layer":"business"},{"id":"_oOKs1LbvEeqEM7mFKilpXw","name":"Liefernder","type":"BusinessRole","layer":"business"},{"id":"_oOKs1rbvEeqEM7mFKilpXw","name":"Buchender","type":"BusinessRole","layer":"business"},{"id":"_oOKs2LbvEeqEM7mFKilpXw","name":"Zahlender","type":"BusinessRole","layer":"business"},{"id":"_oOKs2rbvEeqEM7mFKilpXw","name":"Extern beauftragter Dienstleister","type":"BusinessActor","layer":"business"},{"id":"_oOKs3LbvEeqEM7mFKilpXw","name":"Versanddienstleister","type":"BusinessActor","layer":"business"},{"id":"_oOKs3rbvEeqEM7mFKilpXw","name":"Empfänger","type":"BusinessRole","layer":"business"},{"id":"_oOKs4LbvEeqEM7mFKilpXw","name":"Sendungsverfolgung","type":"BusinessService","layer":"business"},{"id":"_oOKs4rbvEeqEM7mFKilpXw","name":"Hub-Nutzungslizenzen","type":"BusinessRole","layer":"business"},{"id":"_oOKs5LbvEeqEM7mFKilpXw","name":"DHL","type":"BusinessActor","layer":"business"},{"id":"_oOKs5rbvEeqEM7mFKilpXw","name":"Andere","type":"BusinessActor","layer":"business"},{"id":"_oOKs6LbvEeqEM7mFKilpXw","name":"Darstellung Lieferzustand","type":"BusinessProcess","layer":"business"},{"id":"_oOKs6rbvEeqEM7mFKilpXw","name":"Liefermanagementsystem","type":"BusinessService","layer":"business"},{"id":"_oOKs7LbvEeqEM7mFKilpXw","name":"Lieferroutenplanung","type":"BusinessProcess","layer":"business"},{"id":"_oOKs7rbvEeqEM7mFKilpXw","name":"Verteilung derTransportmittel-kapazitäten","type":"BusinessProcess","layer":"business"},{"id":"_oOKs8LbvEeqEM7mFKilpXw","name":"Integration von Daten","type":"BusinessProcess","layer":"business"},{"id":"_oOKs8rbvEeqEM7mFKilpXw","name":"Straßennetz, Radnetz","type":"BusinessObject","layer":"business"},{"id":"_oOKs9LbvEeqEM7mFKilpXw","name":"Lieferadressen","type":"BusinessObject","layer":"business"},{"id":"_oOKs9rbvEeqEM7mFKilpXw","name":"Aktuelle Verkehrslage","type":"BusinessObject","layer":"business"},{"id":"_oOKs-LbvEeqEM7mFKilpXw","name":"Zustell Informationen","type":"BusinessObject","layer":"business"},{"id":"_oOKs-rbvEeqEM7mFKilpXw","name":"Darstellung Karte/ Maps","type":"BusinessProcess","layer":"business"},{"id":"_oOKs_LbvEeqEM7mFKilpXw","name":"Paket Größe,Gewicht, Eigenschaften,..","type":"BusinessObject","layer":"business"},{"id":"_oOKs_rbvEeqEM7mFKilpXw","name":"Verfügbare Lieferanten","type":"BusinessObject","layer":"business"},{"id":"_oOKtALbvEeqEM7mFKilpXw","name":"Verteilung der Lieferanten","type":"BusinessProcess","layer":"business"},{"id":"_oOKtArbvEeqEM7mFKilpXw","name":"Value","type":"Value","layer":"motivation"},{"id":"_oOLSlbbvEeqEM7mFKilpXw","name":"Value","type":"Value","layer":"motivation"},{"id":"_oOLSl7bvEeqEM7mFKilpXw","name":"Stakeholder","type":"Stakeholder","layer":"motivation"},{"id":"_oOLSmbbvEeqEM7mFKilpXw","name":"Klimawandel","type":"Driver","layer":"motivation"},{"id":"_oOLSm7bvEeqEM7mFKilpXw","name":"Verkehrszunahme","type":"Driver","layer":"motivation"},{"id":"_oOLSnbbvEeqEM7mFKilpXw","name":"CO2 Grenzwerte","type":"Driver","layer":"motivation"},{"id":"_oOLSn7bvEeqEM7mFKilpXw","name":"Gesetze","type":"Requirement","layer":"motivation"},{"id":"_oOLSobbvEeqEM7mFKilpXw","name":"Umwelt","type":"Goal","layer":"motivation"},{"id":"_oOLSo7bvEeqEM7mFKilpXw","name":"Klima","type":"Goal","layer":"motivation"},{"id":"_oOLSpbbvEeqEM7mFKilpXw","name":"weniger Immission","type":"Goal","layer":"motivation"},{"id":"_oOLSp7bvEeqEM7mFKilpXw","name":"Weniger Verkehr (Verkehrsverlagerung)","type":"Goal","layer":"motivation"},{"id":"_oOLSqbbvEeqEM7mFKilpXw","name":"weniger Flächeninanspruchnahme","type":"Goal","layer":"motivation"},{"id":"_oOLSq7bvEeqEM7mFKilpXw","name":"Klimaschutzgesetze","type":"Driver","layer":"motivation"},{"id":"_oOLSrbbvEeqEM7mFKilpXw","name":"Alternative Transportmittel","type":"Goal","layer":"motivation"}],"relationships":[{"id":"_oOLSr7bvEeqEM7mFKilpXw","sourceId":"_oOKrzrbvEeqEM7mFKilpXw","targetId":"_oOKr0LbvEeqEM7mFKilpXw","type":"Composition"},{"id":"_oOLSsbbvEeqEM7mFKilpXw","sourceId":"_oOKrzrbvEeqEM7mFKilpXw","targetId":"_oOKr0rbvEeqEM7mFKilpXw","type":"Aggregation"},{"id":"_oOLSs7bvEeqEM7mFKilpXw","sourceId":"_oOKrzrbvEeqEM7mFKilpXw","targetId":"_oOKr1LbvEeqEM7mFKilpXw","type":"Composition"},{"id":"_oOLStbbvEeqEM7mFKilpXw","sourceId":"_oOKrzrbvEeqEM7mFKilpXw","targetId":"_oOKr1rbvEeqEM7mFKilpXw","type":"Composition"},{"id":"_oOLSt7bvEeqEM7mFKilpXw","sourceId":"_oOKrzrbvEeqEM7mFKilpXw","targetId":"_oOKr2LbvEeqEM7mFKilpXw","type":"Composition"},{"id":"_oOLSubbvEeqEM7mFKilpXw","sourceId":"_oOKsrLbvEeqEM7mFKilpXw","targetId":"_oOKsObbvEeqEM7mFKilpXw","type":"Assignment"},{"id":"_oOLSu7bvEeqEM7mFKilpXw","sourceId":"_oOKsrrbvEeqEM7mFKilpXw","targetId":"_oOKr1rbvEeqEM7mFKilpXw","type":"Assignment"},{"id":"_oOLSvbbvEeqEM7mFKilpXw","sourceId":"_oOKssLbvEeqEM7mFKilpXw","targetId":"_oOKssrbvEeqEM7mFKilpXw","type":"Assignment"},{"id":"_oOLSv7bvEeqEM7mFKilpXw","sourceId":"_oOKstrbvEeqEM7mFKilpXw","targetId":"_oOKsrrbvEeqEM7mFKilpXw","type":"Assignment"},{"id":"_oOLSwbbvEeqEM7mFKilpXw","sourceId":"_oOKsuLbvEeqEM7mFKilpXw","targetId":"_oOKsrLbvEeqEM7mFKilpXw","type":"Assignment"},{"id":"_oOLSw7bvEeqEM7mFKilpXw","sourceId":"_oOKsurbvEeqEM7mFKilpXw","targetId":"_oOKr2LbvEeqEM7mFKilpXw","type":"Realization"},{"id":"_oOLSxbbvEeqEM7mFKilpXw","sourceId":"_oOKr2rbvEeqEM7mFKilpXw","targetId":"_oOKr2rbvEeqEM7mFKilpXw","type":"Composition"},{"id":"_oOLSx7bvEeqEM7mFKilpXw","sourceId":"_oOKsvLbvEeqEM7mFKilpXw","targetId":"_oOKr2LbvEeqEM7mFKilpXw","type":"Realization"},{"id":"_oOLSybbvEeqEM7mFKilpXw","sourceId":"_oOKsvrbvEeqEM7mFKilpXw","targetId":"_oOKr2rbvEeqEM7mFKilpXw","type":"Realization"},{"id":"_oOLSy7bvEeqEM7mFKilpXw","sourceId":"_oOKswLbvEeqEM7mFKilpXw","targetId":"_oOKr2rbvEeqEM7mFKilpXw","type":"Realization"},{"id":"_oOLSzbbvEeqEM7mFKilpXw","sourceId":"_oOKswrbvEeqEM7mFKilpXw","targetId":"_oOKr2rbvEeqEM7mFKilpXw","type":"Realization"},{"id":"_oOLSz7bvEeqEM7mFKilpXw","sourceId":"_oOKsxLbvEeqEM7mFKilpXw","targetId":"_oOKr2rbvEeqEM7mFKilpXw","type":"Realization"},{"id":"_oOLS0bbvEeqEM7mFKilpXw","sourceId":"_oOKsxrbvEeqEM7mFKilpXw","targetId":"_oOKr2rbvEeqEM7mFKilpXw","type":"Realization"},{"id":"_oOLS07bvEeqEM7mFKilpXw","sourceId":"_oOKsyLbvEeqEM7mFKilpXw","targetId":"_oOKsvrbvEeqEM7mFKilpXw","type":"Association"},{"id":"_oOLS1bbvEeqEM7mFKilpXw","sourceId":"_oOKsyrbvEeqEM7mFKilpXw","targetId":"_oOKsvrbvEeqEM7mFKilpXw","type":"Association"},{"id":"_oOLS17bvEeqEM7mFKilpXw","sourceId":"_oOKszLbvEeqEM7mFKilpXw","targetId":"_oOKsvrbvEeqEM7mFKilpXw","type":"Association"},{"id":"_oOLS2bbvEeqEM7mFKilpXw","sourceId":"_oOKszrbvEeqEM7mFKilpXw","targetId":"_oOKsvrbvEeqEM7mFKilpXw","type":"Association"},{"id":"_oOLS27bvEeqEM7mFKilpXw","sourceId":"_oOKs0LbvEeqEM7mFKilpXw","targetId":"_oOKsvrbvEeqEM7mFKilpXw","type":"Assignment"},{"id":"_oOLS3bbvEeqEM7mFKilpXw","sourceId":"_oOKs0rbvEeqEM7mFKilpXw","targetId":"_oOKrzrbvEeqEM7mFKilpXw","type":"Association"},{"id":"_oOLS37bvEeqEM7mFKilpXw","sourceId":"_oOKs0rbvEeqEM7mFKilpXw","targetId":"_oOKs1LbvEeqEM7mFKilpXw","type":"Specialization"},{"id":"_oOLS4bbvEeqEM7mFKilpXw","sourceId":"_oOKs0rbvEeqEM7mFKilpXw","targetId":"_oOKs1rbvEeqEM7mFKilpXw","type":"Specialization"},{"id":"_oOLS47bvEeqEM7mFKilpXw","sourceId":"_oOKs0rbvEeqEM7mFKilpXw","targetId":"_oOKs2LbvEeqEM7mFKilpXw","type":"Specialization"},{"id":"_oOLS5bbvEeqEM7mFKilpXw","sourceId":"_oOKs2rbvEeqEM7mFKilpXw","targetId":"_oOKs1LbvEeqEM7mFKilpXw","type":"Assignment"},{"id":"_oOLS57bvEeqEM7mFKilpXw","sourceId":"_oOKs3LbvEeqEM7mFKilpXw","targetId":"_oOKs1rbvEeqEM7mFKilpXw","type":"Assignment"},{"id":"_oOLS6bbvEeqEM7mFKilpXw","sourceId":"_oOKs3LbvEeqEM7mFKilpXw","targetId":"_oOKs2LbvEeqEM7mFKilpXw","type":"Assignment"},{"id":"_oOLS67bvEeqEM7mFKilpXw","sourceId":"_oOKrzrbvEeqEM7mFKilpXw","targetId":"_oOKssrbvEeqEM7mFKilpXw","type":"Composition"},{"id":"_oOLS7bbvEeqEM7mFKilpXw","sourceId":"_oOKs3LbvEeqEM7mFKilpXw","targetId":"_oOKs1LbvEeqEM7mFKilpXw","type":"Assignment"},{"id":"_oOLS77bvEeqEM7mFKilpXw","sourceId":"_oOKr0LbvEeqEM7mFKilpXw","targetId":"_oOKs3LbvEeqEM7mFKilpXw","type":"Association"},{"id":"_oOLS8bbvEeqEM7mFKilpXw","sourceId":"_oOKr0LbvEeqEM7mFKilpXw","targetId":"_oOKsObbvEeqEM7mFKilpXw","type":"Association"},{"id":"_oOLS87bvEeqEM7mFKilpXw","sourceId":"_oOKs0rbvEeqEM7mFKilpXw","targetId":"_oOKs3rbvEeqEM7mFKilpXw","type":"Specialization"},{"id":"_oOLS9bbvEeqEM7mFKilpXw","sourceId":"_oOKs3rbvEeqEM7mFKilpXw","targetId":"_oOKs4LbvEeqEM7mFKilpXw","type":"Association"},{"id":"_oOLS97bvEeqEM7mFKilpXw","sourceId":"_oOKs5LbvEeqEM7mFKilpXw","targetId":"_oOKsrrbvEeqEM7mFKilpXw","type":"Assignment"},{"id":"_oOLS-bbvEeqEM7mFKilpXw","sourceId":"_oOKs5rbvEeqEM7mFKilpXw","targetId":"_oOKsrrbvEeqEM7mFKilpXw","type":"Assignment"},{"id":"_oOLS-7bvEeqEM7mFKilpXw","sourceId":"_oOKs4rbvEeqEM7mFKilpXw","targetId":"_oOKr1rbvEeqEM7mFKilpXw","type":"Assignment"},{"id":"_oOLS_bbvEeqEM7mFKilpXw","sourceId":"_oOKs4LbvEeqEM7mFKilpXw","targetId":"_oOKsuLbvEeqEM7mFKilpXw","type":"Association"},{"id":"_oOLS_7bvEeqEM7mFKilpXw","sourceId":"_oOKrzrbvEeqEM7mFKilpXw","targetId":"_oOKsObbvEeqEM7mFKilpXw","type":"Composition"},{"id":"_oOLTAbbvEeqEM7mFKilpXw","sourceId":"_oOKs3LbvEeqEM7mFKilpXw","targetId":"_oOKs4LbvEeqEM7mFKilpXw","type":"Association"},{"id":"_oOLTA7bvEeqEM7mFKilpXw","sourceId":"_oOKsObbvEeqEM7mFKilpXw","targetId":"_oOKs6rbvEeqEM7mFKilpXw","type":"Composition"},{"id":"_oOLTBbbvEeqEM7mFKilpXw","sourceId":"_oOKs6LbvEeqEM7mFKilpXw","targetId":"_oOKs6rbvEeqEM7mFKilpXw","type":"Realization"},{"id":"_oOLTB7bvEeqEM7mFKilpXw","sourceId":"_oOKs7LbvEeqEM7mFKilpXw","targetId":"_oOKs6rbvEeqEM7mFKilpXw","type":"Realization"},{"id":"_oOLTCbbvEeqEM7mFKilpXw","sourceId":"_oOKs7rbvEeqEM7mFKilpXw","targetId":"_oOKs6rbvEeqEM7mFKilpXw","type":"Realization"},{"id":"_oOLTC7bvEeqEM7mFKilpXw","sourceId":"_oOKs8LbvEeqEM7mFKilpXw","targetId":"_oOKs6rbvEeqEM7mFKilpXw","type":"Realization"},{"id":"_oOLTDbbvEeqEM7mFKilpXw","sourceId":"_oOKs-LbvEeqEM7mFKilpXw","targetId":"_oOKs8LbvEeqEM7mFKilpXw","type":"Association"},{"id":"_oOLTD7bvEeqEM7mFKilpXw","sourceId":"_oOKsObbvEeqEM7mFKilpXw","targetId":"_oOKs-LbvEeqEM7mFKilpXw","type":"Association"},{"id":"_oOLTEbbvEeqEM7mFKilpXw","sourceId":"_oOKsObbvEeqEM7mFKilpXw","targetId":"_oOKs8LbvEeqEM7mFKilpXw","type":"Association"},{"id":"_oOLTE7bvEeqEM7mFKilpXw","sourceId":"_oOKsObbvEeqEM7mFKilpXw","targetId":"_oOKs-LbvEeqEM7mFKilpXw","type":"Association"},{"id":"_oOLTFbbvEeqEM7mFKilpXw","sourceId":"_oOKs8rbvEeqEM7mFKilpXw","targetId":"_oOKs8LbvEeqEM7mFKilpXw","type":"Association"},{"id":"_oOLTF7bvEeqEM7mFKilpXw","sourceId":"_oOKs9LbvEeqEM7mFKilpXw","targetId":"_oOKs8LbvEeqEM7mFKilpXw","type":"Association"},{"id":"_oOLTGbbvEeqEM7mFKilpXw","sourceId":"_oOKs9rbvEeqEM7mFKilpXw","targetId":"_oOKs8LbvEeqEM7mFKilpXw","type":"Association"},{"id":"_oOLTG7bvEeqEM7mFKilpXw","sourceId":"_oOKs-rbvEeqEM7mFKilpXw","targetId":"_oOKs7LbvEeqEM7mFKilpXw","type":"Association"},{"id":"_oOLTHbbvEeqEM7mFKilpXw","sourceId":"_oOKs_LbvEeqEM7mFKilpXw","targetId":"_oOKs8LbvEeqEM7mFKilpXw","type":"Association"},{"id":"_oOLTH7bvEeqEM7mFKilpXw","sourceId":"_oOKs_rbvEeqEM7mFKilpXw","targetId":"_oOKs8LbvEeqEM7mFKilpXw","type":"Association"},{"id":"_oOLTIbbvEeqEM7mFKilpXw","sourceId":"_oOKtALbvEeqEM7mFKilpXw","targetId":"_oOKs6rbvEeqEM7mFKilpXw","type":"Realization"},{"id":"_oOLTI7bvEeqEM7mFKilpXw","sourceId":"_oOKsObbvEeqEM7mFKilpXw","targetId":"_oOKs4LbvEeqEM7mFKilpXw","type":"Association"},{"id":"_oOLTJbbvEeqEM7mFKilpXw","sourceId":"_oOKrzrbvEeqEM7mFKilpXw","targetId":"_oOKs4LbvEeqEM7mFKilpXw","type":"Composition"},{"id":"_oOLTJ7bvEeqEM7mFKilpXw","sourceId":"_oOKtArbvEeqEM7mFKilpXw","targetId":"_oOKrzrbvEeqEM7mFKilpXw","type":"Association"},{"id":"_oOLTKbbvEeqEM7mFKilpXw","sourceId":"_oOKtArbvEeqEM7mFKilpXw","targetId":"_oOLSlbbvEeqEM7mFKilpXw","type":"Composition"},{"id":"_oOLTK7bvEeqEM7mFKilpXw","sourceId":"_oOLSlbbvEeqEM7mFKilpXw","targetId":"_oOLSl7bvEeqEM7mFKilpXw","type":"Association"},{"id":"_oOLTLbbvEeqEM7mFKilpXw","sourceId":"_oOLSl7bvEeqEM7mFKilpXw","targetId":"_oOLSnbbvEeqEM7mFKilpXw","type":"Association"},{"id":"_oOLTL7bvEeqEM7mFKilpXw","sourceId":"_oOLSl7bvEeqEM7mFKilpXw","targetId":"_oOLSmbbvEeqEM7mFKilpXw","type":"Association"},{"id":"_oOLTMbbvEeqEM7mFKilpXw","sourceId":"_oOLSm7bvEeqEM7mFKilpXw","targetId":"_oOLSl7bvEeqEM7mFKilpXw","type":"Association"},{"id":"_oOLTM7bvEeqEM7mFKilpXw","sourceId":"_oOLSn7bvEeqEM7mFKilpXw","targetId":"_oOLSobbvEeqEM7mFKilpXw","type":"Influence"},{"id":"_oOLTNbbvEeqEM7mFKilpXw","sourceId":"_oOLSo7bvEeqEM7mFKilpXw","targetId":"_oOLSobbvEeqEM7mFKilpXw","type":"Specialization"},{"id":"_oOLTN7bvEeqEM7mFKilpXw","sourceId":"_oOLSpbbvEeqEM7mFKilpXw","targetId":"_oOLSobbvEeqEM7mFKilpXw","type":"Specialization"},{"id":"_oOLTObbvEeqEM7mFKilpXw","sourceId":"_oOLSqbbvEeqEM7mFKilpXw","targetId":"_oOLSobbvEeqEM7mFKilpXw","type":"Specialization"},{"id":"_oOLTO7bvEeqEM7mFKilpXw","sourceId":"_oOLSn7bvEeqEM7mFKilpXw","targetId":"_oOLSnbbvEeqEM7mFKilpXw","type":"Influence"},{"id":"_oOLTPbbvEeqEM7mFKilpXw","sourceId":"_oOLSl7bvEeqEM7mFKilpXw","targetId":"_oOLSq7bvEeqEM7mFKilpXw","type":"Association"},{"id":"_oOLTP7bvEeqEM7mFKilpXw","sourceId":"_oOLSn7bvEeqEM7mFKilpXw","targetId":"_oOLSq7bvEeqEM7mFKilpXw","type":"Influence"},{"id":"_oOLTQbbvEeqEM7mFKilpXw","sourceId":"_oOLSrbbvEeqEM7mFKilpXw","targetId":"_oOLSo7bvEeqEM7mFKilpXw","type":"Association"},{"id":"_oOLTQ7bvEeqEM7mFKilpXw","sourceId":"_oOLSrbbvEeqEM7mFKilpXw","targetId":"_oOLSp7bvEeqEM7mFKilpXw","type":"Association"},{"id":"_oOLTRbbvEeqEM7mFKilpXw","sourceId":"_oOLSp7bvEeqEM7mFKilpXw","targetId":"_oOLSobbvEeqEM7mFKilpXw","type":"Specialization"},{"id":"_oOLTR7bvEeqEM7mFKilpXw","sourceId":"_oOLSrbbvEeqEM7mFKilpXw","targetId":"_oOLSpbbvEeqEM7mFKilpXw","type":"Association"},{"id":"_oOLTSbbvEeqEM7mFKilpXw","sourceId":"_oOLSrbbvEeqEM7mFKilpXw","targetId":"_oOLSqbbvEeqEM7mFKilpXw","type":"Association"}],"views":[{"id":"_oOJdULbvEeqEM7mFKilpXw","name":"archimate-diagram","viewpoint":""},{"id":"_oOKrwbbvEeqEM7mFKilpXw","name":"archimate-diagram2","viewpoint":""}]}