"ID","Key","Value"
"_nwKHwLuzEDiHT5Pb8wdm4w","Directed","false"
"_w75ekLuzEDiHT5Pb8wdm4w","Directed","false"
"_xSsN8LuzEDiHT5Pb8wdm4w","Directed","false"
"_76UT8LuzEDiHT5Pb8wdm4w","Directed","false"
"_D6RNELu0EDiHT5Pb8wdm4w","Directed","false"
"_ERxHELu0EDiHT5Pb8wdm4w","Directed","false"
"_TeKYwLu0EDiHT5Pb8wdm4w","Directed","false"
"_TwPAMLu0EDiHT5Pb8wdm4w","Directed","false"
"_c7aWULu0EDiHT5Pb8wdm4w","Directed","false"
"_umvIkLu0EDiHT5Pb8wdm4w","Directed","false"
"_zqVlULu0EDiHT5Pb8wdm4w","Directed","false"
"_0AGZ8Lu0EDiHT5Pb8wdm4w","Directed","false"
"_3vbycLu0EDiHT5Pb8wdm4w","Directed","false"
"_4BxfoLu0EDiHT5Pb8wdm4w","Directed","false"
"_-E11ULu0EDiHT5Pb8wdm4w","Directed","false"
"_LKjHULu1EDiHT5Pb8wdm4w","Directed","false"
"_LdfRcLu1EDiHT5Pb8wdm4w","Directed","false"