"ID","Type","Name","Documentation","Specialization"
"_P9TPcGUoEeqK2M3E1LfZ7Q","ArchimateModel","CU20","",""
"_MM94sUkZEDiTSNg-Ix8jTQ","BusinessObject","Object","",""
"_TPk4cEkcEDiTSNg-Ix8jTQ","ApplicationComponent","APISEG","",""
"_PGGjgfeMEDeB3fe8sUTDyQ","ApplicationComponent","CRM","",""
"__n4M4PeJEDeB3fe8sUTDyQ","ApplicationComponent","CU20 Admin","",""
"_CJOvUfeKEDeB3fe8sUTDyQ","ApplicationComponent","CU20 API","",""
"_9GX5cPeJEDeB3fe8sUTDyQ","ApplicationComponent","CU20 Captura","",""
"_wD8dkPeMEDeB3fe8sUTDyQ","ApplicationComponent","Generador de Catalogos (Exportador)","",""
"_QQX-QfeMEDeB3fe8sUTDyQ","ApplicationComponent","Portal empleados","",""
"_IRV9EfeKEDeB3fe8sUTDyQ","ApplicationComponent","Sistema contable","",""
"_GQmicfeMEDeB3fe8sUTDyQ","ApplicationComponent","Sistema de gestión de envíos","",""
"_LedZUfeKEDeB3fe8sUTDyQ","ApplicationComponent","Sistema de gestión de inventario","",""
"_Nb4vUfeKEDeB3fe8sUTDyQ","ApplicationComponent","Sistema de gestión de pedidos","",""
"_JTqq0feMEDeB3fe8sUTDyQ","ApplicationComponent","Sistema de gestión de producción","",""
"_LOzh0feMEDeB3fe8sUTDyQ","ApplicationComponent","Sistema de gestión de ventas","",""
"_s8XBkfeMEDeB3fe8sUTDyQ","ApplicationComponent","Transformer (Importador)","",""
"_e-RbkUkZEDiTSNg-Ix8jTQ","ApplicationInterface","Interface","",""
"_qaPDEfeMEDeB3fe8sUTDyQ","Artifact",".NET Core Console Application","",""
"_iEf0kEk4EDiTSNg-Ix8jTQ","Artifact","ASP.NET API REST","",""
"_MX3REPeLEDeB3fe8sUTDyQ","Artifact","ASP.NET Core API REST","",""
"_jY0rQfeLEDeB3fe8sUTDyQ","Artifact","DB Engine","",""
"_XHsGQfeKEDeB3fe8sUTDyQ","Artifact","MVC ASP.NET Web Application","",""
"_aavUGEkbEDiTSNg-Ix8jTQ","Artifact","MVC ASP.NET Web Application","",""
"_2YDK0feKEDeB3fe8sUTDyQ","CommunicationNetwork","Network","",""
"_FgDrEEk1EDiTSNg-Ix8jTQ","Node","Cluster DB - CU20 ; APISEG","",""
"_gtZ24UkZEDiTSNg-Ix8jTQ","Node","DB CLUSTER - CU20 ; APISEG","",""
"_pPlTUEkZEDiTSNg-Ix8jTQ","Node","DB CLUSTER - CU20 SNAPSHOT","",""
"_PucwgEkbEDiTSNg-Ix8jTQ","Node","LOAD BALANCE","",""
"_aautAEkbEDiTSNg-Ix8jTQ","Node","LOAD BALANCE","",""
"_HOSHcEk1EDiTSNg-Ix8jTQ","Node","MEDIA SERVER","",""
"_04kVEfeKEDeB3fe8sUTDyQ","Node","Node","",""
"_70gXAfeLEDeB3fe8sUTDyQ","Node","Servidor de aplicaciones - Redhat Enterprise Linux 5","",""
"_PmM1UPeLEDeB3fe8sUTDyQ","Node","Servidor de aplicaciones Windows Server 2015","",""
"_Y_DbEPeLEDeB3fe8sUTDyQ","Node","Servidor de aplicaciones Windows Server 2015","",""
"_kZGAAfeMEDeB3fe8sUTDyQ","Node","Servidor de aplicaciones Windows Server 2015","",""
"_Muu3EEkbEDiTSNg-Ix8jTQ","Node","Servidor de aplicaciones Windows Server 2015","",""
"_aavUEEkbEDiTSNg-Ix8jTQ","Node","Servidor de aplicaciones Windows Server 2015","",""
"_aavUFEkbEDiTSNg-Ix8jTQ","Node","Servidor de aplicaciones Windows Server 2015","",""
"_uzkQQfeLEDeB3fe8sUTDyQ","Node","Servidor de Base de Datos","",""
"_IdAOEEkZEDiTSNg-Ix8jTQ","Node","Servidor de Base de Datos","",""
"_pPlTUkkZEDiTSNg-Ix8jTQ","Node","Servidor de Base de Datos","",""
"_pPlTVkkZEDiTSNg-Ix8jTQ","Node","Servidor de Base de Datos","",""
"_FgDrEkk1EDiTSNg-Ix8jTQ","Node","Servidor de Base de Datos","",""
"_FgESIEk1EDiTSNg-Ix8jTQ","Node","Servidor de Base de Datos","",""
"_0CrYwUk1EDiTSNg-Ix8jTQ","Node","Web Server","",""
"_89mGAfeLEDeB3fe8sUTDyQ","SystemSoftware","Compiere 3.4 Enterprise Edition (ERP)","",""
"_HOSugUk1EDiTSNg-Ix8jTQ","SystemSoftware","FileSystem","",""
"_zQRhkfeKEDeB3fe8sUTDyQ","SystemSoftware","IBM Websphere Portal 8.0","",""
"_SDNDQfeLEDeB3fe8sUTDyQ","SystemSoftware","Internet Information Server 7","",""
"_Z3Uf0feLEDeB3fe8sUTDyQ","SystemSoftware","Internet Information Server 7","",""
"_Muu3EkkbEDiTSNg-Ix8jTQ","SystemSoftware","Internet Information Server 7","",""
"_aavUEkkbEDiTSNg-Ix8jTQ","SystemSoftware","Internet Information Server 7","",""
"_aavUFkkbEDiTSNg-Ix8jTQ","SystemSoftware","Internet Information Server 7","",""
"_vluF8feLEDeB3fe8sUTDyQ","SystemSoftware","SQL Server 2015","",""
"_IdAOEkkZEDiTSNg-Ix8jTQ","SystemSoftware","SQL Server 2015","",""
"_pPlTVEkZEDiTSNg-Ix8jTQ","SystemSoftware","SQL Server 2015","",""
"_pPl6YUkZEDiTSNg-Ix8jTQ","SystemSoftware","SQL Server 2015","",""
"_FgDrFEk1EDiTSNg-Ix8jTQ","SystemSoftware","SQL Server 2015","",""
"_FgESIkk1EDiTSNg-Ix8jTQ","SystemSoftware","SQL Server 2015","",""
"_kvFeIfeMEDeB3fe8sUTDyQ","SystemSoftware","Windows Service Host","",""