{"identifier":"https://me.big.tuwien.ac.at/EAModelSet/_ZL-wUHOJEeuCM8KqVoRWiA","archimateId":"_ZL-wUHOJEeuCM8KqVoRWiA","name":"MetrologyCertification","description":"","formats":["XML","CSV","JSON","ARCHIMATE"],"source":"GenMyModel","repository":"","license":"","sourceFile":"raw-data/genmymodel/_zl-wuhojeeucm8kqvorwia.xml","sourceFormat":"XML","timestamp":"2023-07-06T10:01:17","tags":[],"duplicates":[],"language":"en","elements":[{"id":"_eZNMYFW3EDmebKMSuzoSJQ","name":"Certification object: measuring equipment, measuring devices, instrumentation","type":"BusinessObject","layer":"business"},{"id":"_Zm3XYFW6EDmebKMSuzoSJQ","name":"Devices certification of which isn't required","type":"BusinessObject","layer":"business"},{"id":"_bEBR4FW6EDmebKMSuzoSJQ","name":"Measurement devices related to 43/2016","type":"BusinessObject","layer":"business"},{"id":"_uIjaIFW3EDmebKMSuzoSJQ","name":"Metrology certification","type":"BusinessProcess","layer":"business"},{"id":"_s4lnEFW3EDmebKMSuzoSJQ","name":"Calibration","type":"BusinessFunction","layer":"business"},{"id":"_AYbq8FW4EDmebKMSuzoSJQ","name":"Initial national obligatory certification in Hungary","type":"BusinessFunction","layer":"business"},{"id":"_B3ZjUFW4EDmebKMSuzoSJQ","name":"Periodical update of national certification","type":"BusinessFunction","layer":"business"},{"id":"_qpnkEFc2EDmaDagGO6GngQ","name":"Declaratoin of conformity to requirements of Decree 43/2016 (EU certification)","type":"BusinessFunction","layer":"business"},{"id":"_6X3loFc2EDmaDagGO6GngQ","name":"Periodical metrology verification","type":"BusinessFunction","layer":"business"},{"id":"_bx5WcFW4EDmebKMSuzoSJQ","name":"Act XLV 1991 on metrology","type":"Representation","layer":"business"},{"id":"_m41OoFW4EDmebKMSuzoSJQ","name":"Government Decree 127/1991 (X.9)","type":"Representation","layer":"business"},{"id":"_ysH2gFW4EDmebKMSuzoSJQ","name":"Dosimeters for radiation protection dosimetry, for medical use; for detection of  surface contamination","type":"BusinessObject","layer":"business"},{"id":"_MeBR0FW6EDmebKMSuzoSJQ","name":"Ministerial Decree 43/2016 (XI. 23.)","type":"Representation","layer":"business"},{"id":"_vbd-wFcQEDmaDagGO6GngQ","name":"Certification object: software for data processing and presentation of results (measurement data)","type":"BusinessObject","layer":"business"},{"id":"_4ZbYQFcQEDmaDagGO6GngQ","name":"Certification object: documentation related to measurements","type":"BusinessObject","layer":"business"},{"id":"__TM3MFc2EDmaDagGO6GngQ","name":"Measurement type","type":"Product","layer":"business"},{"id":"_A3mpMFc3EDmaDagGO6GngQ","name":"Measurement type","type":"Product","layer":"business"},{"id":"_F4d7AFc3EDmaDagGO6GngQ","name":"Each measurement item","type":"Product","layer":"business"},{"id":"_ID0YQFc3EDmaDagGO6GngQ","name":"Measurement type","type":"Product","layer":"business"},{"id":"_PX4bwFc3EDmaDagGO6GngQ","name":"Each measurement item","type":"Product","layer":"business"}],"relationships":[{"id":"_xfPYEFc2EDmaDagGO6GngQ","sourceId":"_bEBR4FW6EDmebKMSuzoSJQ","targetId":"_qpnkEFc2EDmaDagGO6GngQ","type":"Association"},{"id":"_pHtEgFW5EDmebKMSuzoSJQ","sourceId":"_AYbq8FW4EDmebKMSuzoSJQ","targetId":"_B3ZjUFW4EDmebKMSuzoSJQ","type":"Triggering"},{"id":"_7jFbkFc2EDmaDagGO6GngQ","sourceId":"_s4lnEFW3EDmebKMSuzoSJQ","targetId":"_6X3loFc2EDmaDagGO6GngQ","type":"Triggering"},{"id":"_CPwu8Fc3EDmaDagGO6GngQ","sourceId":"_AYbq8FW4EDmebKMSuzoSJQ","targetId":"_A3mpMFc3EDmaDagGO6GngQ","type":"Association"},{"id":"_C5g2kFc3EDmaDagGO6GngQ","sourceId":"_qpnkEFc2EDmaDagGO6GngQ","targetId":"__TM3MFc2EDmaDagGO6GngQ","type":"Association"},{"id":"_L0so4Fc3EDmaDagGO6GngQ","sourceId":"_qpnkEFc2EDmaDagGO6GngQ","targetId":"_AYbq8FW4EDmebKMSuzoSJQ","type":"Triggering"},{"id":"_O8F3oFc3EDmaDagGO6GngQ","sourceId":"_s4lnEFW3EDmebKMSuzoSJQ","targetId":"_F4d7AFc3EDmaDagGO6GngQ","type":"Association"},{"id":"_Q-NgYFc3EDmaDagGO6GngQ","sourceId":"_6X3loFc2EDmaDagGO6GngQ","targetId":"_PX4bwFc3EDmaDagGO6GngQ","type":"Association"},{"id":"_VG_ToFc3EDmaDagGO6GngQ","sourceId":"_B3ZjUFW4EDmebKMSuzoSJQ","targetId":"_ID0YQFc3EDmaDagGO6GngQ","type":"Association"},{"id":"_CWZXAFW5EDmebKMSuzoSJQ","sourceId":"_ysH2gFW4EDmebKMSuzoSJQ","targetId":"_bx5WcFW4EDmebKMSuzoSJQ","type":"Association"},{"id":"_CtuR4FW5EDmebKMSuzoSJQ","sourceId":"_ysH2gFW4EDmebKMSuzoSJQ","targetId":"_m41OoFW4EDmebKMSuzoSJQ","type":"Association"},{"id":"_EytBYFW5EDmebKMSuzoSJQ","sourceId":"_ysH2gFW4EDmebKMSuzoSJQ","targetId":"_AYbq8FW4EDmebKMSuzoSJQ","type":"Association"},{"id":"_crsaUFW6EDmebKMSuzoSJQ","sourceId":"_MeBR0FW6EDmebKMSuzoSJQ","targetId":"_bEBR4FW6EDmebKMSuzoSJQ","type":"Association"},{"id":"_Jr2iUFcREDmaDagGO6GngQ","sourceId":"_eZNMYFW3EDmebKMSuzoSJQ","targetId":"_s4lnEFW3EDmebKMSuzoSJQ","type":"Association"},{"id":"_tSXu0FcREDmaDagGO6GngQ","sourceId":"_eZNMYFW3EDmebKMSuzoSJQ","targetId":"_4ZbYQFcQEDmaDagGO6GngQ","type":"Composition"},{"id":"_t1DlIFcREDmaDagGO6GngQ","sourceId":"_eZNMYFW3EDmebKMSuzoSJQ","targetId":"_vbd-wFcQEDmaDagGO6GngQ","type":"Composition"}],"views":[{"id":"_ZL-wU3OJEeuCM8KqVoRWiA","name":"archimate-diagram","viewpoint":""}]}