<?xml version="1.0" encoding="UTF-8"?><model xmlns="http://www.opengroup.org/xsd/archimate/3.0/" xmlns:xsi="http://www.w3.org/2001/XMLSchema-instance" identifier="_ZL-wUHOJEeuCM8KqVoRWiA">  <name xml:lang="en">MetrologyCertification</name>  <elements>    <element xsi:type="BusinessObject" identifier="_eZNMYFW3EDmebKMSuzoSJQ">      <name xml:lang="en">Certification object: measuring equipment, measuring devices, instrumentation</name>      <documentation/>    </element>    <element xsi:type="BusinessObject" identifier="_Zm3XYFW6EDmebKMSuzoSJQ">      <name xml:lang="en">Devices certification of which isn't required</name>      <documentation/>    </element>    <element xsi:type="BusinessObject" identifier="_bEBR4FW6EDmebKMSuzoSJQ">      <name xml:lang="en">Measurement devices related to 43/2016</name>      <documentation/>    </element>    <element xsi:type="BusinessProcess" identifier="_uIjaIFW3EDmebKMSuzoSJQ">      <name xml:lang="en">Metrology certification</name>      <documentation/>    </element>    <element xsi:type="BusinessFunction" identifier="_s4lnEFW3EDmebKMSuzoSJQ">      <name xml:lang="en">Calibration</name>      <documentation/>    </element>    <element xsi:type="BusinessFunction" identifier="_AYbq8FW4EDmebKMSuzoSJQ">      <name xml:lang="en">Initial national obligatory certification in Hungary</name>      <documentation/>    </element>    <element xsi:type="BusinessFunction" identifier="_B3ZjUFW4EDmebKMSuzoSJQ">      <name xml:lang="en">Periodical update of national certification</name>      <documentation/>    </element>    <element xsi:type="BusinessFunction" identifier="_qpnkEFc2EDmaDagGO6GngQ">      <name xml:lang="en">Declaratoin of conformity to requirements of Decree 43/2016 (EU certification)</name>      <documentation/>    </element>    <element xsi:type="BusinessFunction" identifier="_6X3loFc2EDmaDagGO6GngQ">      <name xml:lang="en">Periodical metrology verification</name>      <documentation/>    </element>    <element xsi:type="Representation" identifier="_bx5WcFW4EDmebKMSuzoSJQ">      <name xml:lang="en">Act XLV 1991 on metrology</name>      <documentation/>    </element>    <element xsi:type="Representation" identifier="_m41OoFW4EDmebKMSuzoSJQ">      <name xml:lang="en">Government Decree 127/1991 (X.9)</name>      <documentation/>    </element>    <element xsi:type="BusinessObject" identifier="_ysH2gFW4EDmebKMSuzoSJQ">      <name xml:lang="en">Dosimeters for radiation protection dosimetry, for medical use; for detection of  surface contamination</name>      <documentation/>    </element>    <element xsi:type="Representation" identifier="_MeBR0FW6EDmebKMSuzoSJQ">      <name xml:lang="en">Ministerial Decree 43/2016 (XI. 23.)</name>      <documentation/>    </element>    <element xsi:type="BusinessObject" identifier="_vbd-wFcQEDmaDagGO6GngQ">      <name xml:lang="en">Certification object: software for data processing and presentation of results (measurement data)</name>      <documentation/>    </element>    <element xsi:type="BusinessObject" identifier="_4ZbYQFcQEDmaDagGO6GngQ">      <name xml:lang="en">Certification object: documentation related to measurements</name>      <documentation/>    </element>    <element xsi:type="Product" identifier="__TM3MFc2EDmaDagGO6GngQ">      <name xml:lang="en">Measurement type</name>      <documentation/>    </element>    <element xsi:type="Product" identifier="_A3mpMFc3EDmaDagGO6GngQ">      <name xml:lang="en">Measurement type</name>      <documentation/>    </element>    <element xsi:type="Product" identifier="_F4d7AFc3EDmaDagGO6GngQ">      <name xml:lang="en">Each measurement item</name>      <documentation/>    </element>    <element xsi:type="Product" identifier="_ID0YQFc3EDmaDagGO6GngQ">      <name xml:lang="en">Measurement type</name>      <documentation/>    </element>    <element xsi:type="Product" identifier="_PX4bwFc3EDmaDagGO6GngQ">      <name xml:lang="en">Each measurement item</name>      <documentation/>    </element>  </elements>  <relationships>    <relationship xsi:type="Association" identifier="_xfPYEFc2EDmaDagGO6GngQ" source="_bEBR4FW6EDmebKMSuzoSJQ" target="_qpnkEFc2EDmaDagGO6GngQ">      <name xml:lang="en"/>      <documentation/>    </relationship>    <relationship xsi:type="Triggering" identifier="_pHtEgFW5EDmebKMSuzoSJQ" source="_AYbq8FW4EDmebKMSuzoSJQ" target="_B3ZjUFW4EDmebKMSuzoSJQ">      <name xml:lang="en"/>      <documentation/>    </relationship>    <relationship xsi:type="Triggering" identifier="_7jFbkFc2EDmaDagGO6GngQ" source="_s4lnEFW3EDmebKMSuzoSJQ" target="_6X3loFc2EDmaDagGO6GngQ">      <name xml:lang="en"/>      <documentation/>    </relationship>    <relationship xsi:type="Association" identifier="_CPwu8Fc3EDmaDagGO6GngQ" source="_AYbq8FW4EDmebKMSuzoSJQ" target="_A3mpMFc3EDmaDagGO6GngQ">      <name xml:lang="en"/>      <documentation/>    </relationship>    <relationship xsi:type="Association" identifier="_C5g2kFc3EDmaDagGO6GngQ" source="_qpnkEFc2EDmaDagGO6GngQ" target="__TM3MFc2EDmaDagGO6GngQ">      <name xml:lang="en"/>      <documentation/>    </relationship>    <relationship xsi:type="Triggering" identifier="_L0so4Fc3EDmaDagGO6GngQ" source="_qpnkEFc2EDmaDagGO6GngQ" target="_AYbq8FW4EDmebKMSuzoSJQ">      <name xml:lang="en"/>      <documentation/>    </relationship>    <relationship xsi:type="Association" identifier="_O8F3oFc3EDmaDagGO6GngQ" source="_s4lnEFW3EDmebKMSuzoSJQ" target="_F4d7AFc3EDmaDagGO6GngQ">      <name xml:lang="en"/>      <documentation/>    </relationship>    <relationship xsi:type="Association" identifier="_Q-NgYFc3EDmaDagGO6GngQ" source="_6X3loFc2EDmaDagGO6GngQ" target="_PX4bwFc3EDmaDagGO6GngQ">      <name xml:lang="en"/>      <documentation/>    </relationship>    <relationship xsi:type="Association" identifier="_VG_ToFc3EDmaDagGO6GngQ" source="_B3ZjUFW4EDmebKMSuzoSJQ" target="_ID0YQFc3EDmaDagGO6GngQ">      <name xml:lang="en"/>      <documentation/>    </relationship>    <relationship xsi:type="Association" identifier="_CWZXAFW5EDmebKMSuzoSJQ" source="_ysH2gFW4EDmebKMSuzoSJQ" target="_bx5WcFW4EDmebKMSuzoSJQ">      <name xml:lang="en"/>      <documentation/>    </relationship>    <relationship xsi:type="Association" identifier="_CtuR4FW5EDmebKMSuzoSJQ" source="_ysH2gFW4EDmebKMSuzoSJQ" target="_m41OoFW4EDmebKMSuzoSJQ">      <name xml:lang="en"/>      <documentation/>    </relationship>    <relationship xsi:type="Association" identifier="_EytBYFW5EDmebKMSuzoSJQ" source="_ysH2gFW4EDmebKMSuzoSJQ" target="_AYbq8FW4EDmebKMSuzoSJQ">      <name xml:lang="en"/>      <documentation/>    </relationship>    <relationship xsi:type="Association" identifier="_crsaUFW6EDmebKMSuzoSJQ" source="_MeBR0FW6EDmebKMSuzoSJQ" target="_bEBR4FW6EDmebKMSuzoSJQ">      <name xml:lang="en"/>      <documentation/>    </relationship>    <relationship xsi:type="Association" identifier="_Jr2iUFcREDmaDagGO6GngQ" source="_eZNMYFW3EDmebKMSuzoSJQ" target="_s4lnEFW3EDmebKMSuzoSJQ">      <name xml:lang="en"/>      <documentation/>    </relationship>    <relationship xsi:type="Composition" identifier="_tSXu0FcREDmaDagGO6GngQ" source="_eZNMYFW3EDmebKMSuzoSJQ" target="_4ZbYQFcQEDmaDagGO6GngQ">      <name xml:lang="en"/>      <documentation/>    </relationship>    <relationship xsi:type="Composition" identifier="_t1DlIFcREDmaDagGO6GngQ" source="_eZNMYFW3EDmebKMSuzoSJQ" target="_vbd-wFcQEDmaDagGO6GngQ">      <name xml:lang="en"/>      <documentation/>    </relationship>  </relationships>  <views>    <diagrams>      <view identifier="_ZL-wU3OJEeuCM8KqVoRWiA">        <name xml:lang="en">archimate-diagram</name>        <node xsi:type="Element" identifier="_uItyMFW3EDmebKMSuzoSJQ" h="771" w="960" x="36" y="10" elementRef="_uIjaIFW3EDmebKMSuzoSJQ">          <node xsi:type="Element" identifier="_eZrtgFW3EDmebKMSuzoSJQ" h="271" w="510" x="51" y="50" elementRef="_eZNMYFW3EDmebKMSuzoSJQ">            <node xsi:type="Element" identifier="_byGKwFW4EDmebKMSuzoSJQ" h="60" w="130" x="414" y="151" elementRef="_bx5WcFW4EDmebKMSuzoSJQ"/>            <node xsi:type="Element" identifier="_m5D4IFW4EDmebKMSuzoSJQ" h="70" w="140" x="254" y="151" elementRef="_m41OoFW4EDmebKMSuzoSJQ"/>            <node xsi:type="Element" identifier="_ysRngFW4EDmebKMSuzoSJQ" h="60" w="168" x="317" y="236" elementRef="_ysH2gFW4EDmebKMSuzoSJQ"/>            <node xsi:type="Element" identifier="_MeRJcFW6EDmebKMSuzoSJQ" h="90" w="150" x="77" y="151" elementRef="_MeBR0FW6EDmebKMSuzoSJQ"/>            <node xsi:type="Element" identifier="_ZnBIYFW6EDmebKMSuzoSJQ" h="49" w="210" x="201" y="81" elementRef="_Zm3XYFW6EDmebKMSuzoSJQ"/>            <node xsi:type="Element" identifier="_bEM4EFW6EDmebKMSuzoSJQ" h="47" w="140" x="82" y="254" elementRef="_bEBR4FW6EDmebKMSuzoSJQ"/>          </node>          <node xsi:type="Element" identifier="_s43T4FW3EDmebKMSuzoSJQ" h="100" w="230" x="536" y="368" elementRef="_s4lnEFW3EDmebKMSuzoSJQ"/>          <node xsi:type="Element" identifier="_AYnRIFW4EDmebKMSuzoSJQ" h="80" w="198" x="302" y="579" elementRef="_AYbq8FW4EDmebKMSuzoSJQ"/>          <node xsi:type="Element" identifier="_B3lJgFW4EDmebKMSuzoSJQ" h="80" w="130" x="586" y="579" elementRef="_B3ZjUFW4EDmebKMSuzoSJQ"/>          <node xsi:type="Element" identifier="_vboW0FcQEDmaDagGO6GngQ" h="101" w="220" x="714" y="226" elementRef="_vbd-wFcQEDmaDagGO6GngQ"/>          <node xsi:type="Element" identifier="_4Zj7IFcQEDmaDagGO6GngQ" h="90" w="220" x="714" y="81" elementRef="_4ZbYQFcQEDmaDagGO6GngQ"/>          <node xsi:type="Element" identifier="_qpwG8Fc2EDmaDagGO6GngQ" h="80" w="190" x="57" y="579" elementRef="_qpnkEFc2EDmaDagGO6GngQ"/>          <node xsi:type="Element" identifier="_6X9FMFc2EDmaDagGO6GngQ" h="100" w="130" x="837" y="368" elementRef="_6X3loFc2EDmaDagGO6GngQ"/>          <node xsi:type="Element" identifier="__TS90Fc2EDmaDagGO6GngQ" h="60" w="130" x="87" y="690" elementRef="__TM3MFc2EDmaDagGO6GngQ"/>          <node xsi:type="Element" identifier="_A3sIwFc3EDmaDagGO6GngQ" h="60" w="130" x="336" y="690" elementRef="_A3mpMFc3EDmaDagGO6GngQ"/>          <node xsi:type="Element" identifier="_F4md4Fc3EDmaDagGO6GngQ" h="60" w="130" x="586" y="490" elementRef="_F4d7AFc3EDmaDagGO6GngQ"/>          <node xsi:type="Element" identifier="_IECasFc3EDmaDagGO6GngQ" h="60" w="130" x="586" y="690" elementRef="_ID0YQFc3EDmaDagGO6GngQ"/>          <node xsi:type="Element" identifier="_PX_wgFc3EDmaDagGO6GngQ" h="60" w="130" x="837" y="490" elementRef="_PX4bwFc3EDmaDagGO6GngQ"/>        </node>        <connection xsi:type="Relationship" identifier="_CWmyYFW5EDmebKMSuzoSJQ" source="_ysRngFW4EDmebKMSuzoSJQ" target="_byGKwFW4EDmebKMSuzoSJQ" relationshipRef="_CWZXAFW5EDmebKMSuzoSJQ"/>        <connection xsi:type="Relationship" identifier="_CtzKYFW5EDmebKMSuzoSJQ" source="_ysRngFW4EDmebKMSuzoSJQ" target="_m5D4IFW4EDmebKMSuzoSJQ" relationshipRef="_CtuR4FW5EDmebKMSuzoSJQ"/>        <connection xsi:type="Relationship" identifier="_Ey6cwFW5EDmebKMSuzoSJQ" source="_ysRngFW4EDmebKMSuzoSJQ" target="_AYnRIFW4EDmebKMSuzoSJQ" relationshipRef="_EytBYFW5EDmebKMSuzoSJQ"/>        <connection xsi:type="Relationship" identifier="_pH1AUFW5EDmebKMSuzoSJQ" source="_AYnRIFW4EDmebKMSuzoSJQ" target="_B3lJgFW4EDmebKMSuzoSJQ" relationshipRef="_pHtEgFW5EDmebKMSuzoSJQ"/>        <connection xsi:type="Relationship" identifier="_cr51sFW6EDmebKMSuzoSJQ" source="_MeRJcFW6EDmebKMSuzoSJQ" target="_bEM4EFW6EDmebKMSuzoSJQ" relationshipRef="_crsaUFW6EDmebKMSuzoSJQ"/>        <connection xsi:type="Relationship" identifier="_JsATUFcREDmaDagGO6GngQ" source="_eZrtgFW3EDmebKMSuzoSJQ" target="_s43T4FW3EDmebKMSuzoSJQ" relationshipRef="_Jr2iUFcREDmaDagGO6GngQ"/>        <connection xsi:type="Relationship" identifier="_tSbZMFcREDmaDagGO6GngQ" source="_eZrtgFW3EDmebKMSuzoSJQ" target="_4Zj7IFcQEDmaDagGO6GngQ" relationshipRef="_tSXu0FcREDmaDagGO6GngQ"/>        <connection xsi:type="Relationship" identifier="_t1GocFcREDmaDagGO6GngQ" source="_eZrtgFW3EDmebKMSuzoSJQ" target="_vboW0FcQEDmaDagGO6GngQ" relationshipRef="_t1DlIFcREDmaDagGO6GngQ"/>        <connection xsi:type="Relationship" identifier="_xfTpgFc2EDmaDagGO6GngQ" source="_bEM4EFW6EDmebKMSuzoSJQ" target="_qpwG8Fc2EDmaDagGO6GngQ" relationshipRef="_xfPYEFc2EDmaDagGO6GngQ"/>        <connection xsi:type="Relationship" identifier="_7jLiMFc2EDmaDagGO6GngQ" source="_s43T4FW3EDmebKMSuzoSJQ" target="_6X9FMFc2EDmaDagGO6GngQ" relationshipRef="_7jFbkFc2EDmaDagGO6GngQ"/>        <connection xsi:type="Relationship" identifier="_CPykIFc3EDmaDagGO6GngQ" source="_AYnRIFW4EDmebKMSuzoSJQ" target="_A3sIwFc3EDmaDagGO6GngQ" relationshipRef="_CPwu8Fc3EDmaDagGO6GngQ"/>        <connection xsi:type="Relationship" identifier="_C5irwFc3EDmaDagGO6GngQ" source="_qpwG8Fc2EDmaDagGO6GngQ" target="__TS90Fc2EDmaDagGO6GngQ" relationshipRef="_C5g2kFc3EDmaDagGO6GngQ"/>        <connection xsi:type="Relationship" identifier="_L0w6UFc3EDmaDagGO6GngQ" source="_qpwG8Fc2EDmaDagGO6GngQ" target="_AYnRIFW4EDmebKMSuzoSJQ" relationshipRef="_L0so4Fc3EDmaDagGO6GngQ"/>        <connection xsi:type="Relationship" identifier="_O8KwIFc3EDmaDagGO6GngQ" source="_s43T4FW3EDmebKMSuzoSJQ" target="_F4md4Fc3EDmaDagGO6GngQ" relationshipRef="_O8F3oFc3EDmaDagGO6GngQ"/>        <connection xsi:type="Relationship" identifier="_Q-SY4Fc3EDmaDagGO6GngQ" source="_6X9FMFc2EDmaDagGO6GngQ" target="_PX_wgFc3EDmaDagGO6GngQ" relationshipRef="_Q-NgYFc3EDmaDagGO6GngQ"/>        <connection xsi:type="Relationship" identifier="_VHEzMFc3EDmaDagGO6GngQ" source="_B3lJgFW4EDmebKMSuzoSJQ" target="_IECasFc3EDmaDagGO6GngQ" relationshipRef="_VG_ToFc3EDmaDagGO6GngQ"/>      </view>    </diagrams>  </views></model>
