"ID","Key","Value"
"_P_96MJjvEDiL0qm7ZD90Cw","Directed","false"
"_azcq45jvEDiL0qm7ZD90Cw","Directed","false"
"_wlVNYZjwEDiL0qm7ZD90Cw","Directed","false"
"_9-TZoJjwEDiL0qm7ZD90Cw","Directed","false"
"_ZWAxoZjxEDiL0qm7ZD90Cw","Directed","false"
"_aihoEpjxEDiL0qm7ZD90Cw","Directed","false"
"_nwSp4ZjxEDiL0qm7ZD90Cw","Directed","false"
"_rn_7Q5jxEDiL0qm7ZD90Cw","Directed","false"
"_s8Y7UJjxEDiL0qm7ZD90Cw","Directed","false"
"_tnGFMpjxEDiL0qm7ZD90Cw","Directed","false"
"_uXdyM5jxEDiL0qm7ZD90Cw","Directed","false"
"_6Ea6MZlBEDiL0qm7ZD90Cw","Directed","false"
"_6uS9oZlBEDiL0qm7ZD90Cw","Directed","false"
"_M3k3MJlCEDi7wfKwXHHVTw","Directed","false"
"_N4kaIJlCEDi7wfKwXHHVTw","Directed","false"
"_ZlJ9EJlCEDi7wfKwXHHVTw","Directed","false"
"_sgoIkplCEDi7wfKwXHHVTw","Directed","false"