{"identifier":"https://me.big.tuwien.ac.at/EAModelSet/id-10b44d99","archimateId":"id-10b44d99","name":"6b Transform View","description":"","formats":["XML","CSV","JSON","ARCHIMATE"],"source":"GitHub","sourceFile":"raw-data/github/xml/transform_view.xml","sourceFormat":"XML","timestamp":"29-06-2023 09:27:24","tags":[],"duplicates":[],"language":"en","elements":[{"id":"id-09df2d6a-2e30-42ec-b5e2-d1555731d2a0","name":"UI event","type":"ApplicationEvent","layer":"application"},{"id":"id-6a2b90ea-8abd-49b4-a558-c808a016dcdb","name":"UI event","type":"ApplicationEvent","layer":"application"},{"id":"id-3e5801df-5b96-45b5-9cd6-dcec382db8cb","name":"UI event","type":"ApplicationEvent","layer":"application"},{"id":"id-0afceb14-fb93-49f6-8648-511722ce26e3","name":"UI view representation","type":"DataObject","layer":"application"},{"id":"d4efcbd1-6ee4-4aa2-9c59-c0e9fa984133","name":"HTML","type":"DataObject","layer":"application"},{"id":"id-08699b68-d403-46a6-a846-264cbf38d668","name":"screen view","type":"DataObject","layer":"application"},{"id":"ee26c8fb-beff-425b-a077-e1b073e9cc04","name":"entity 1","type":"DataObject","layer":"application"},{"id":"id-8522a503-1674-4403-9580-0dc92623372b","name":"entity 2","type":"DataObject","layer":"application"},{"id":"c4669be6-96f6-4852-825f-70f9a1ca3af8","name":"entity 3","type":"DataObject","layer":"application"},{"id":"b9c1bebf-eda9-440f-a082-370ffbcf5dbf","name":"entity 4","type":"DataObject","layer":"application"},{"id":"id-17b8d15f-83a7-48dd-b933-a1115b2195b3","name":"entity 5","type":"DataObject","layer":"application"},{"id":"id-64f94b5b-0fbd-4b80-a330-e90d03073774","name":"entity 6","type":"DataObject","layer":"application"},{"id":"id-56aa8d2a-b1ef-47fb-adbb-e44c06f31ec9","name":"UI event","type":"ApplicationEvent","layer":"application"},{"id":"c4285dc8-eb87-4dc1-aef9-b71b8337ba5b","name":"HTML","type":"DataObject","layer":"application"},{"id":"e3504565-b380-4586-91d3-97f102c128b0","name":"TEMPLATE VIEW (static HTML with markers)","type":"DataObject","layer":"application"},{"id":"id-06161e82-9961-456e-bd8f-7178ed05b2b4","name":"marker - scriptlet","type":"ApplicationFunction","layer":"application"},{"id":"c8b084de-e6a6-4ff8-a47c-e051e7a6f0f1","name":"call helper method","type":"ApplicationProcess","layer":"application"},{"id":"b38b784f-341e-43b4-925a-d4b73ec89578","name":"controller","type":"ApplicationComponent","layer":"application"},{"id":"id-22fdcc80-3c51-4be3-903b-d8573a61138c","name":"handle 1(request)","type":"ApplicationFunction","layer":"application"},{"id":"e08ebb86-cc7c-4672-9bb9-af68a2a632bc","name":"get name from request.param","type":"ApplicationProcess","layer":"application"},{"id":"af203d1b-1944-435e-a28d-b5f3dedf3cca","name":"find object  by name","type":"ApplicationProcess","layer":"application"},{"id":"id-315ad713-7c97-40bd-ad87-7cfa08ddc530","name":"call transform view","type":"ApplicationProcess","layer":"application"},{"id":"df4790f4-45d5-4959-861c-8a5b52876ed1","name":"helper 1","type":"ApplicationComponent","layer":"application"},{"id":"id-726e2535-3811-4e3d-b94c-02d5521cc4f3","name":"getSomeDomainData()","type":"ApplicationFunction","layer":"application"},{"id":"fcf4e7dd-cd7f-4d51-b07d-99a7ac79063a","name":"create some part of HTML code with object props","type":"ApplicationProcess","layer":"application"},{"id":"id-1598b15c-2d7b-459f-9048-7a97537a13d3","name":"return HTML","type":"ApplicationProcess","layer":"application"},{"id":"id-6ce26eac-2d60-475e-89cc-a2adc3cae7ce","name":"ref to obj of type 1","type":"DataObject","layer":"application"},{"id":"id-1e2d7a18-dea0-4e2a-bd42-c3cf715e4136","name":"class type1","type":"ApplicationComponent","layer":"application"},{"id":"a4695830-7027-4942-a606-51e558855158","name":"findByName(name)","type":"ApplicationFunction","layer":"application"},{"id":"a25e633f-28c7-4635-a6ef-6803a1a2cc29","name":"return object of type 1","type":"ApplicationProcess","layer":"application"},{"id":"e5f6243a-41b9-4733-9c85-7b6291b11837","name":"entity 1","type":"DataObject","layer":"application"},{"id":"id-5b5a0e44-3a32-4b41-b9ca-d7c44fe72456","name":"entity 2","type":"DataObject","layer":"application"},{"id":"id-14231f39-7277-44d7-9e26-226d6e2505b2","name":"entity 3","type":"DataObject","layer":"application"},{"id":"id-1243671b-9a11-4672-9156-69143c180235","name":"entity 4","type":"DataObject","layer":"application"},{"id":"d5141a75-20d8-4faa-bb77-17d40c9eed3e","name":"entity 5","type":"DataObject","layer":"application"},{"id":"id-5a17b928-4d86-456d-9cf3-8f8c59a8f093","name":"entity 6","type":"DataObject","layer":"application"},{"id":"e90b0d16-7612-43c7-beda-a529f723a0a2","name":"transform (XSLT file, object)","type":"ApplicationFunction","layer":"application"},{"id":"id-80fdc619-1241-4008-8019-835e670795d6","name":"transform view 1","type":"ApplicationComponent","layer":"application"},{"id":"id-4865b773-74e3-485e-b4e5-15ae3f02bf1a","name":"convert object to xml","type":"ApplicationProcess","layer":"application"},{"id":"id-6c8bae2e-c35c-4bca-b361-712343ecee8e","name":"XSLT transform","type":"ApplicationProcess","layer":"application"},{"id":"abd377e6-97d7-4861-88ef-18f4eca2d18e","name":"show HTML","type":"ApplicationProcess","layer":"application"},{"id":"id-9109c0a1-28ec-4d6e-b47c-3570125697f2","name":"Application Process","type":"ApplicationProcess","layer":"application"},{"id":"id-082dacbe-3978-47ae-b241-f7787db2e557","name":"Views","type":"Grouping","layer":"other"},{"id":"id-8c465b87-be50-48de-bb49-2523c489cb55","name":"Controllers","type":"Grouping","layer":"other"},{"id":"id-6efce0ca-797b-42a4-94eb-48c332a34d17","name":"Model","type":"Grouping","layer":"other"},{"id":"abf66f45-17b6-4375-94f9-5b84ef138d84","name":"some mapping classes","type":"Grouping","layer":"other"},{"id":"d35a453a-a6df-4855-8fcd-ebfc55a449f6","name":"database","type":"Grouping","layer":"other"},{"id":"ef208824-3e7f-4611-aa3d-055c498add6c","name":"Model","type":"Grouping","layer":"other"},{"id":"id-6429b3c3-be25-4aa7-9ef2-6d3af6763237","name":"some mapping classes","type":"Grouping","layer":"other"},{"id":"cd072bbf-d997-4454-bdd3-1bfa3accdb03","name":"database","type":"Grouping","layer":"other"}],"relationships":[{"id":"id-92b03404-d42f-4dbe-a20e-4075b1da42a6","sourceId":"ee26c8fb-beff-425b-a077-e1b073e9cc04","targetId":"id-8522a503-1674-4403-9580-0dc92623372b","type":"Association"},{"id":"dadfadfe-b434-45aa-a257-ca2e601c56c1","sourceId":"id-64f94b5b-0fbd-4b80-a330-e90d03073774","targetId":"id-17b8d15f-83a7-48dd-b933-a1115b2195b3","type":"Association"},{"id":"id-80172cb9-80a9-4d68-9c7b-663fe83e148c","sourceId":"id-8c465b87-be50-48de-bb49-2523c489cb55","targetId":"id-082dacbe-3978-47ae-b241-f7787db2e557","type":"Access"},{"id":"id-6b0b4b83-67c5-416f-b652-2b3d0e8f216e","sourceId":"b9c1bebf-eda9-440f-a082-370ffbcf5dbf","targetId":"c4669be6-96f6-4852-825f-70f9a1ca3af8","type":"Association"},{"id":"c671f448-09bb-45d0-8f6a-48b2d60a51e3","sourceId":"id-3e5801df-5b96-45b5-9cd6-dcec382db8cb","targetId":"id-8c465b87-be50-48de-bb49-2523c489cb55","type":"Triggering"},{"id":"id-6335ab18-1b21-4521-a792-4149c23750db","sourceId":"ee26c8fb-beff-425b-a077-e1b073e9cc04","targetId":"b9c1bebf-eda9-440f-a082-370ffbcf5dbf","type":"Association"},{"id":"id-3cb8871e-e89e-4f51-a070-0622103f3d04","sourceId":"d35a453a-a6df-4855-8fcd-ebfc55a449f6","targetId":"ee26c8fb-beff-425b-a077-e1b073e9cc04","type":"Composition"},{"id":"id-4740a70c-a9b7-436d-a84e-4b0b6faaf27b","sourceId":"d35a453a-a6df-4855-8fcd-ebfc55a449f6","targetId":"b9c1bebf-eda9-440f-a082-370ffbcf5dbf","type":"Composition"},{"id":"e1ffae7f-1de7-4e8f-b65f-e2e0d20ecc6c","sourceId":"d35a453a-a6df-4855-8fcd-ebfc55a449f6","targetId":"id-8522a503-1674-4403-9580-0dc92623372b","type":"Composition"},{"id":"fd7de0a6-85d4-468a-91c5-ba477dd56bf6","sourceId":"id-17b8d15f-83a7-48dd-b933-a1115b2195b3","targetId":"b9c1bebf-eda9-440f-a082-370ffbcf5dbf","type":"Association"},{"id":"a706f156-4903-47e6-b9be-72f9e06c52f7","sourceId":"id-6a2b90ea-8abd-49b4-a558-c808a016dcdb","targetId":"id-8c465b87-be50-48de-bb49-2523c489cb55","type":"Triggering"},{"id":"id-1d8b4a8b-2fad-48af-84ee-07eab360e188","sourceId":"ee26c8fb-beff-425b-a077-e1b073e9cc04","targetId":"id-64f94b5b-0fbd-4b80-a330-e90d03073774","type":"Association"},{"id":"a460e2e9-fcad-4b29-870b-756e6df59647","sourceId":"id-8c465b87-be50-48de-bb49-2523c489cb55","targetId":"id-6efce0ca-797b-42a4-94eb-48c332a34d17","type":"Access"},{"id":"cb857a3b-d669-46ec-a113-f9f323554aa5","sourceId":"d35a453a-a6df-4855-8fcd-ebfc55a449f6","targetId":"id-17b8d15f-83a7-48dd-b933-a1115b2195b3","type":"Composition"},{"id":"id-4874a3ef-12ec-4902-8250-c363b2e868cb","sourceId":"id-082dacbe-3978-47ae-b241-f7787db2e557","targetId":"id-0afceb14-fb93-49f6-8648-511722ce26e3","type":"Triggering"},{"id":"e65f6e56-1c86-4492-a128-1488bce91183","sourceId":"id-082dacbe-3978-47ae-b241-f7787db2e557","targetId":"id-8c465b87-be50-48de-bb49-2523c489cb55","type":"Access"},{"id":"cc014cd2-1941-45c3-8369-2d0153c3cdae","sourceId":"id-082dacbe-3978-47ae-b241-f7787db2e557","targetId":"id-6efce0ca-797b-42a4-94eb-48c332a34d17","type":"Access"},{"id":"id-55afe091-1748-4c32-95a2-43bc5dcb0aa8","sourceId":"d35a453a-a6df-4855-8fcd-ebfc55a449f6","targetId":"id-64f94b5b-0fbd-4b80-a330-e90d03073774","type":"Composition"},{"id":"e13c5ea9-997c-4fcf-8fac-397acb0f08cc","sourceId":"id-6efce0ca-797b-42a4-94eb-48c332a34d17","targetId":"abf66f45-17b6-4375-94f9-5b84ef138d84","type":"Access"},{"id":"id-35856e55-8e78-4424-90d3-4861168b539f","sourceId":"id-8522a503-1674-4403-9580-0dc92623372b","targetId":"c4669be6-96f6-4852-825f-70f9a1ca3af8","type":"Association"},{"id":"id-2b22148f-7806-461e-99d8-a3eacb02c99d","sourceId":"id-64f94b5b-0fbd-4b80-a330-e90d03073774","targetId":"c4669be6-96f6-4852-825f-70f9a1ca3af8","type":"Association"},{"id":"cfb0d44e-563a-42e3-aa87-d7f549f4c5e9","sourceId":"id-082dacbe-3978-47ae-b241-f7787db2e557","targetId":"id-08699b68-d403-46a6-a846-264cbf38d668","type":"Triggering"},{"id":"c26dfe6f-eabd-432c-a2e8-212c8e3d5df3","sourceId":"id-09df2d6a-2e30-42ec-b5e2-d1555731d2a0","targetId":"id-8c465b87-be50-48de-bb49-2523c489cb55","type":"Triggering"},{"id":"id-560456b6-cc08-4b85-9b4f-aae650db1b70","sourceId":"abf66f45-17b6-4375-94f9-5b84ef138d84","targetId":"d35a453a-a6df-4855-8fcd-ebfc55a449f6","type":"Access"},{"id":"id-9428b0fc-65e6-4f33-a542-0c51576be413","sourceId":"d35a453a-a6df-4855-8fcd-ebfc55a449f6","targetId":"c4669be6-96f6-4852-825f-70f9a1ca3af8","type":"Composition"},{"id":"f5d06487-7cec-47c9-9654-f24868b03d86","sourceId":"id-082dacbe-3978-47ae-b241-f7787db2e557","targetId":"d4efcbd1-6ee4-4aa2-9c59-c0e9fa984133","type":"Triggering"},{"id":"id-7964989b-fb97-47bf-8107-6d9329b63143","sourceId":"b38b784f-341e-43b4-925a-d4b73ec89578","targetId":"id-22fdcc80-3c51-4be3-903b-d8573a61138c","type":"Assignment"},{"id":"da6a0c2c-d233-4b88-9f39-4a016568a0dc","sourceId":"e5f6243a-41b9-4733-9c85-7b6291b11837","targetId":"id-5b5a0e44-3a32-4b41-b9ca-d7c44fe72456","type":"Association"},{"id":"a72cf2b7-3d79-4591-b4a1-1c57e944fdd3","sourceId":"id-5a17b928-4d86-456d-9cf3-8f8c59a8f093","targetId":"d5141a75-20d8-4faa-bb77-17d40c9eed3e","type":"Association"},{"id":"id-6b656990-218b-47f6-95c2-aa9b7f34c8ec","sourceId":"id-726e2535-3811-4e3d-b94c-02d5521cc4f3","targetId":"id-1598b15c-2d7b-459f-9048-7a97537a13d3","type":"Composition"},{"id":"e852f034-bdd6-4e66-8b7a-f31c5f4fef5d","sourceId":"id-22fdcc80-3c51-4be3-903b-d8573a61138c","targetId":"af203d1b-1944-435e-a28d-b5f3dedf3cca","type":"Composition"},{"id":"c97073de-092f-4a0b-acb7-72808371d5ae","sourceId":"c8b084de-e6a6-4ff8-a47c-e051e7a6f0f1","targetId":"id-726e2535-3811-4e3d-b94c-02d5521cc4f3","type":"Flow"},{"id":"id-74ceb810-0a2a-4321-9ef1-0ee80414a48f","sourceId":"id-22fdcc80-3c51-4be3-903b-d8573a61138c","targetId":"id-315ad713-7c97-40bd-ad87-7cfa08ddc530","type":"Composition"},{"id":"id-5735c5ba-df53-4c0b-b192-75b5e9f2e753","sourceId":"id-22fdcc80-3c51-4be3-903b-d8573a61138c","targetId":"e08ebb86-cc7c-4672-9bb9-af68a2a632bc","type":"Composition"},{"id":"id-511a07a1-14c1-44c5-ba05-05c11c244031","sourceId":"id-06161e82-9961-456e-bd8f-7178ed05b2b4","targetId":"c8b084de-e6a6-4ff8-a47c-e051e7a6f0f1","type":"Composition"},{"id":"b7e98e5f-3a16-4f5d-b64c-feaed9e9da51","sourceId":"df4790f4-45d5-4959-861c-8a5b52876ed1","targetId":"id-6ce26eac-2d60-475e-89cc-a2adc3cae7ce","type":"Access"},{"id":"id-5b69bf3a-9904-4640-81b1-7104850e5def","sourceId":"id-1243671b-9a11-4672-9156-69143c180235","targetId":"id-14231f39-7277-44d7-9e26-226d6e2505b2","type":"Association"},{"id":"e80e45a6-47e9-4e00-94b7-42cf0487ee3d","sourceId":"e5f6243a-41b9-4733-9c85-7b6291b11837","targetId":"id-1243671b-9a11-4672-9156-69143c180235","type":"Association"},{"id":"id-93166518-9693-41e2-953d-f8a93016e9e1","sourceId":"df4790f4-45d5-4959-861c-8a5b52876ed1","targetId":"id-726e2535-3811-4e3d-b94c-02d5521cc4f3","type":"Assignment"},{"id":"id-0c629112-af1f-4dec-b2dd-b5e28f2d1375","sourceId":"cd072bbf-d997-4454-bdd3-1bfa3accdb03","targetId":"e5f6243a-41b9-4733-9c85-7b6291b11837","type":"Composition"},{"id":"be5ce2b7-acc4-4de3-a703-1d20d7d52988","sourceId":"cd072bbf-d997-4454-bdd3-1bfa3accdb03","targetId":"id-1243671b-9a11-4672-9156-69143c180235","type":"Composition"},{"id":"a4ebb43a-b5a1-46f1-8332-7e7304e1a7e0","sourceId":"cd072bbf-d997-4454-bdd3-1bfa3accdb03","targetId":"id-5b5a0e44-3a32-4b41-b9ca-d7c44fe72456","type":"Composition"},{"id":"id-1ef2f699-432b-4f10-974b-84bac9f25d1b","sourceId":"fcf4e7dd-cd7f-4d51-b07d-99a7ac79063a","targetId":"id-6ce26eac-2d60-475e-89cc-a2adc3cae7ce","type":"Access"},{"id":"id-10051af4-4cf8-4867-9b1c-1b61e27895f5","sourceId":"af203d1b-1944-435e-a28d-b5f3dedf3cca","targetId":"id-6ce26eac-2d60-475e-89cc-a2adc3cae7ce","type":"Access"},{"id":"id-8850979f-c690-400a-abfa-175ffd919c2b","sourceId":"d5141a75-20d8-4faa-bb77-17d40c9eed3e","targetId":"id-1243671b-9a11-4672-9156-69143c180235","type":"Association"},{"id":"b19fe7fa-4030-4ab7-abcb-9376a259f872","sourceId":"id-726e2535-3811-4e3d-b94c-02d5521cc4f3","targetId":"fcf4e7dd-cd7f-4d51-b07d-99a7ac79063a","type":"Composition"},{"id":"id-4a89e31b-fef2-473c-b382-13e4b631dd16","sourceId":"af203d1b-1944-435e-a28d-b5f3dedf3cca","targetId":"id-315ad713-7c97-40bd-ad87-7cfa08ddc530","type":"Flow"},{"id":"id-8eb12357-3e3c-4ddd-babf-cb8b652b5171","sourceId":"af203d1b-1944-435e-a28d-b5f3dedf3cca","targetId":"a4695830-7027-4942-a606-51e558855158","type":"Flow"},{"id":"id-784d5cbb-cd17-4fb4-9b80-585fc150727a","sourceId":"e5f6243a-41b9-4733-9c85-7b6291b11837","targetId":"id-5a17b928-4d86-456d-9cf3-8f8c59a8f093","type":"Association"},{"id":"c1b00a9c-f343-4e36-80f2-574d8651b099","sourceId":"cd072bbf-d997-4454-bdd3-1bfa3accdb03","targetId":"d5141a75-20d8-4faa-bb77-17d40c9eed3e","type":"Composition"},{"id":"id-402e328d-e4e6-4739-85be-f6eae9a436eb","sourceId":"ef208824-3e7f-4611-aa3d-055c498add6c","targetId":"id-1e2d7a18-dea0-4e2a-bd42-c3cf715e4136","type":"Composition"},{"id":"b2532951-6cd1-44c0-ae8f-11434672d27b","sourceId":"cd072bbf-d997-4454-bdd3-1bfa3accdb03","targetId":"id-5a17b928-4d86-456d-9cf3-8f8c59a8f093","type":"Composition"},{"id":"id-73444f61-84e5-485c-8334-4e51dc84b830","sourceId":"fcf4e7dd-cd7f-4d51-b07d-99a7ac79063a","targetId":"id-1598b15c-2d7b-459f-9048-7a97537a13d3","type":"Flow"},{"id":"id-28d20d3e-7fd4-400e-aa01-c2e1c6cb8746","sourceId":"ef208824-3e7f-4611-aa3d-055c498add6c","targetId":"id-6429b3c3-be25-4aa7-9ef2-6d3af6763237","type":"Access"},{"id":"id-311455c7-df3d-4753-a3b0-19059312a8a3","sourceId":"id-5b5a0e44-3a32-4b41-b9ca-d7c44fe72456","targetId":"id-14231f39-7277-44d7-9e26-226d6e2505b2","type":"Association"},{"id":"id-32807191-4282-4bb1-94f3-ffa19a29c53e","sourceId":"id-5a17b928-4d86-456d-9cf3-8f8c59a8f093","targetId":"id-14231f39-7277-44d7-9e26-226d6e2505b2","type":"Association"},{"id":"id-4ca81fb0-6876-43c9-9c42-49149b4b428e","sourceId":"id-1e2d7a18-dea0-4e2a-bd42-c3cf715e4136","targetId":"a4695830-7027-4942-a606-51e558855158","type":"Assignment"},{"id":"id-5e69f835-dbf6-478b-9aa1-f92b89d7bd07","sourceId":"e08ebb86-cc7c-4672-9bb9-af68a2a632bc","targetId":"af203d1b-1944-435e-a28d-b5f3dedf3cca","type":"Flow"},{"id":"c222433e-e13e-4aeb-bb4c-b494c935b549","sourceId":"id-56aa8d2a-b1ef-47fb-adbb-e44c06f31ec9","targetId":"id-22fdcc80-3c51-4be3-903b-d8573a61138c","type":"Triggering"},{"id":"id-7fdc3bf9-cef0-41d3-b1c5-579424cfdecb","sourceId":"a4695830-7027-4942-a606-51e558855158","targetId":"a25e633f-28c7-4635-a6ef-6803a1a2cc29","type":"Composition"},{"id":"id-6b1b4614-16dd-4d39-b7c7-4f733f8ffe99","sourceId":"id-6429b3c3-be25-4aa7-9ef2-6d3af6763237","targetId":"cd072bbf-d997-4454-bdd3-1bfa3accdb03","type":"Access"},{"id":"id-59304636-1f52-4dcc-a4e1-2ac5a26d0e7d","sourceId":"cd072bbf-d997-4454-bdd3-1bfa3accdb03","targetId":"id-14231f39-7277-44d7-9e26-226d6e2505b2","type":"Composition"},{"id":"id-859c5d22-a58d-417e-931c-ffcedcada76d","sourceId":"e3504565-b380-4586-91d3-97f102c128b0","targetId":"c4285dc8-eb87-4dc1-aef9-b71b8337ba5b","type":"Association"},{"id":"id-8284c5e9-5bf7-4b51-ae5b-9e2dead64a49","sourceId":"id-80fdc619-1241-4008-8019-835e670795d6","targetId":"e90b0d16-7612-43c7-beda-a529f723a0a2","type":"Assignment"},{"id":"c85c8d0e-9101-41b5-a00f-852383704eca","sourceId":"e90b0d16-7612-43c7-beda-a529f723a0a2","targetId":"id-4865b773-74e3-485e-b4e5-15ae3f02bf1a","type":"Composition"},{"id":"id-114d1e22-dc03-4701-8707-25211f2a581e","sourceId":"e90b0d16-7612-43c7-beda-a529f723a0a2","targetId":"id-6c8bae2e-c35c-4bca-b361-712343ecee8e","type":"Composition"},{"id":"id-80ff05d9-31c6-46ec-b0be-3f8efbfd4c20","sourceId":"e90b0d16-7612-43c7-beda-a529f723a0a2","targetId":"abd377e6-97d7-4861-88ef-18f4eca2d18e","type":"Composition"},{"id":"id-0a5e454d-fd7b-4caa-b2c1-ed345d4ce3fa","sourceId":"id-4865b773-74e3-485e-b4e5-15ae3f02bf1a","targetId":"id-9109c0a1-28ec-4d6e-b47c-3570125697f2","type":"Composition"},{"id":"id-7f64e096-b2e0-476a-8d65-76b4e98fd821","sourceId":"id-315ad713-7c97-40bd-ad87-7cfa08ddc530","targetId":"id-4865b773-74e3-485e-b4e5-15ae3f02bf1a","type":"Flow"},{"id":"id-10fee04a-1e9b-4bfb-8b6e-76cee8dcd270","sourceId":"id-4865b773-74e3-485e-b4e5-15ae3f02bf1a","targetId":"id-6c8bae2e-c35c-4bca-b361-712343ecee8e","type":"Flow"},{"id":"f5d06258-db2e-40d2-8381-2421b125cdcd","sourceId":"id-6c8bae2e-c35c-4bca-b361-712343ecee8e","targetId":"abd377e6-97d7-4861-88ef-18f4eca2d18e","type":"Flow"},{"id":"id-12abbc83-6208-46a1-9b76-03d3a1275f60","sourceId":"abd377e6-97d7-4861-88ef-18f4eca2d18e","targetId":"c4285dc8-eb87-4dc1-aef9-b71b8337ba5b","type":"Access"}],"views":[{"id":"id-27848347","name":"Transform View","viewpoint":""}]}