<?xml version="1.0" encoding="UTF-8"?>
<model xmlns="http://www.opengroup.org/xsd/archimate/3.0/" xmlns:xsi="http://www.w3.org/2001/XMLSchema-instance" xsi:schemaLocation="http://www.opengroup.org/xsd/archimate/3.0/ http://www.opengroup.org/xsd/archimate/3.1/archimate3_Diagram.xsd" identifier="id-10b44d99">
  <name xml:lang="en">6b Transform View</name>
  <elements>
    <element identifier="id-09df2d6a-2e30-42ec-b5e2-d1555731d2a0" xsi:type="ApplicationEvent">
      <name xml:lang="en">UI event</name>
    </element>
    <element identifier="id-6a2b90ea-8abd-49b4-a558-c808a016dcdb" xsi:type="ApplicationEvent">
      <name xml:lang="en">UI event</name>
    </element>
    <element identifier="id-3e5801df-5b96-45b5-9cd6-dcec382db8cb" xsi:type="ApplicationEvent">
      <name xml:lang="en">UI event</name>
    </element>
    <element identifier="id-0afceb14-fb93-49f6-8648-511722ce26e3" xsi:type="DataObject">
      <name xml:lang="en">UI view representation</name>
    </element>
    <element identifier="d4efcbd1-6ee4-4aa2-9c59-c0e9fa984133" xsi:type="DataObject">
      <name xml:lang="en">HTML</name>
    </element>
    <element identifier="id-08699b68-d403-46a6-a846-264cbf38d668" xsi:type="DataObject">
      <name xml:lang="en">screen view</name>
    </element>
    <element identifier="ee26c8fb-beff-425b-a077-e1b073e9cc04" xsi:type="DataObject">
      <name xml:lang="en">entity 1</name>
    </element>
    <element identifier="id-8522a503-1674-4403-9580-0dc92623372b" xsi:type="DataObject">
      <name xml:lang="en">entity 2</name>
    </element>
    <element identifier="c4669be6-96f6-4852-825f-70f9a1ca3af8" xsi:type="DataObject">
      <name xml:lang="en">entity 3</name>
    </element>
    <element identifier="b9c1bebf-eda9-440f-a082-370ffbcf5dbf" xsi:type="DataObject">
      <name xml:lang="en">entity 4</name>
    </element>
    <element identifier="id-17b8d15f-83a7-48dd-b933-a1115b2195b3" xsi:type="DataObject">
      <name xml:lang="en">entity 5</name>
    </element>
    <element identifier="id-64f94b5b-0fbd-4b80-a330-e90d03073774" xsi:type="DataObject">
      <name xml:lang="en">entity 6</name>
    </element>
    <element identifier="id-56aa8d2a-b1ef-47fb-adbb-e44c06f31ec9" xsi:type="ApplicationEvent">
      <name xml:lang="en">UI event</name>
    </element>
    <element identifier="c4285dc8-eb87-4dc1-aef9-b71b8337ba5b" xsi:type="DataObject">
      <name xml:lang="en">HTML</name>
    </element>
    <element identifier="e3504565-b380-4586-91d3-97f102c128b0" xsi:type="DataObject">
      <name xml:lang="en">TEMPLATE VIEW (static HTML with markers)</name>
    </element>
    <element identifier="id-06161e82-9961-456e-bd8f-7178ed05b2b4" xsi:type="ApplicationFunction">
      <name xml:lang="en">marker - scriptlet</name>
    </element>
    <element identifier="c8b084de-e6a6-4ff8-a47c-e051e7a6f0f1" xsi:type="ApplicationProcess">
      <name xml:lang="en">call helper method</name>
    </element>
    <element identifier="b38b784f-341e-43b4-925a-d4b73ec89578" xsi:type="ApplicationComponent">
      <name xml:lang="en">controller</name>
    </element>
    <element identifier="id-22fdcc80-3c51-4be3-903b-d8573a61138c" xsi:type="ApplicationFunction">
      <name xml:lang="en">handle 1(request)</name>
    </element>
    <element identifier="e08ebb86-cc7c-4672-9bb9-af68a2a632bc" xsi:type="ApplicationProcess">
      <name xml:lang="en">get name from request.param</name>
    </element>
    <element identifier="af203d1b-1944-435e-a28d-b5f3dedf3cca" xsi:type="ApplicationProcess">
      <name xml:lang="en">find object  by name</name>
    </element>
    <element identifier="id-315ad713-7c97-40bd-ad87-7cfa08ddc530" xsi:type="ApplicationProcess">
      <name xml:lang="en">call transform view</name>
    </element>
    <element identifier="df4790f4-45d5-4959-861c-8a5b52876ed1" xsi:type="ApplicationComponent">
      <name xml:lang="en">helper 1</name>
    </element>
    <element identifier="id-726e2535-3811-4e3d-b94c-02d5521cc4f3" xsi:type="ApplicationFunction">
      <name xml:lang="en">getSomeDomainData()</name>
    </element>
    <element identifier="fcf4e7dd-cd7f-4d51-b07d-99a7ac79063a" xsi:type="ApplicationProcess">
      <name xml:lang="en">create some part of HTML code with object props</name>
    </element>
    <element identifier="id-1598b15c-2d7b-459f-9048-7a97537a13d3" xsi:type="ApplicationProcess">
      <name xml:lang="en">return HTML</name>
    </element>
    <element identifier="id-6ce26eac-2d60-475e-89cc-a2adc3cae7ce" xsi:type="DataObject">
      <name xml:lang="en">ref to obj of type 1</name>
    </element>
    <element identifier="id-1e2d7a18-dea0-4e2a-bd42-c3cf715e4136" xsi:type="ApplicationComponent">
      <name xml:lang="en">class type1</name>
    </element>
    <element identifier="a4695830-7027-4942-a606-51e558855158" xsi:type="ApplicationFunction">
      <name xml:lang="en">findByName(name)</name>
    </element>
    <element identifier="a25e633f-28c7-4635-a6ef-6803a1a2cc29" xsi:type="ApplicationProcess">
      <name xml:lang="en">return object of type 1</name>
    </element>
    <element identifier="e5f6243a-41b9-4733-9c85-7b6291b11837" xsi:type="DataObject">
      <name xml:lang="en">entity 1</name>
    </element>
    <element identifier="id-5b5a0e44-3a32-4b41-b9ca-d7c44fe72456" xsi:type="DataObject">
      <name xml:lang="en">entity 2</name>
    </element>
    <element identifier="id-14231f39-7277-44d7-9e26-226d6e2505b2" xsi:type="DataObject">
      <name xml:lang="en">entity 3</name>
    </element>
    <element identifier="id-1243671b-9a11-4672-9156-69143c180235" xsi:type="DataObject">
      <name xml:lang="en">entity 4</name>
    </element>
    <element identifier="d5141a75-20d8-4faa-bb77-17d40c9eed3e" xsi:type="DataObject">
      <name xml:lang="en">entity 5</name>
    </element>
    <element identifier="id-5a17b928-4d86-456d-9cf3-8f8c59a8f093" xsi:type="DataObject">
      <name xml:lang="en">entity 6</name>
    </element>
    <element identifier="e90b0d16-7612-43c7-beda-a529f723a0a2" xsi:type="ApplicationFunction">
      <name xml:lang="en">transform (XSLT file, object)</name>
    </element>
    <element identifier="id-80fdc619-1241-4008-8019-835e670795d6" xsi:type="ApplicationComponent">
      <name xml:lang="en">transform view 1</name>
    </element>
    <element identifier="id-4865b773-74e3-485e-b4e5-15ae3f02bf1a" xsi:type="ApplicationProcess">
      <name xml:lang="en">convert object to xml</name>
    </element>
    <element identifier="id-6c8bae2e-c35c-4bca-b361-712343ecee8e" xsi:type="ApplicationProcess">
      <name xml:lang="en">XSLT transform</name>
    </element>
    <element identifier="abd377e6-97d7-4861-88ef-18f4eca2d18e" xsi:type="ApplicationProcess">
      <name xml:lang="en">show HTML</name>
    </element>
    <element identifier="id-9109c0a1-28ec-4d6e-b47c-3570125697f2" xsi:type="ApplicationProcess">
      <name xml:lang="en">Application Process</name>
    </element>
    <element identifier="id-082dacbe-3978-47ae-b241-f7787db2e557" xsi:type="Grouping">
      <name xml:lang="en">Views</name>
    </element>
    <element identifier="id-8c465b87-be50-48de-bb49-2523c489cb55" xsi:type="Grouping">
      <name xml:lang="en">Controllers</name>
    </element>
    <element identifier="id-6efce0ca-797b-42a4-94eb-48c332a34d17" xsi:type="Grouping">
      <name xml:lang="en">Model</name>
    </element>
    <element identifier="abf66f45-17b6-4375-94f9-5b84ef138d84" xsi:type="Grouping">
      <name xml:lang="en">some mapping classes</name>
    </element>
    <element identifier="d35a453a-a6df-4855-8fcd-ebfc55a449f6" xsi:type="Grouping">
      <name xml:lang="en">database</name>
    </element>
    <element identifier="ef208824-3e7f-4611-aa3d-055c498add6c" xsi:type="Grouping">
      <name xml:lang="en">Model</name>
    </element>
    <element identifier="id-6429b3c3-be25-4aa7-9ef2-6d3af6763237" xsi:type="Grouping">
      <name xml:lang="en">some mapping classes</name>
    </element>
    <element identifier="cd072bbf-d997-4454-bdd3-1bfa3accdb03" xsi:type="Grouping">
      <name xml:lang="en">database</name>
    </element>
  </elements>
  <relationships>
    <relationship identifier="id-92b03404-d42f-4dbe-a20e-4075b1da42a6" source="ee26c8fb-beff-425b-a077-e1b073e9cc04" target="id-8522a503-1674-4403-9580-0dc92623372b" xsi:type="Association" />
    <relationship identifier="dadfadfe-b434-45aa-a257-ca2e601c56c1" source="id-64f94b5b-0fbd-4b80-a330-e90d03073774" target="id-17b8d15f-83a7-48dd-b933-a1115b2195b3" xsi:type="Association" />
    <relationship identifier="id-80172cb9-80a9-4d68-9c7b-663fe83e148c" source="id-8c465b87-be50-48de-bb49-2523c489cb55" target="id-082dacbe-3978-47ae-b241-f7787db2e557" xsi:type="Access" accessType="Write">
      <name xml:lang="en">command for update view</name>
    </relationship>
    <relationship identifier="id-6b0b4b83-67c5-416f-b652-2b3d0e8f216e" source="b9c1bebf-eda9-440f-a082-370ffbcf5dbf" target="c4669be6-96f6-4852-825f-70f9a1ca3af8" xsi:type="Association" />
    <relationship identifier="c671f448-09bb-45d0-8f6a-48b2d60a51e3" source="id-3e5801df-5b96-45b5-9cd6-dcec382db8cb" target="id-8c465b87-be50-48de-bb49-2523c489cb55" xsi:type="Triggering" />
    <relationship identifier="id-6335ab18-1b21-4521-a792-4149c23750db" source="ee26c8fb-beff-425b-a077-e1b073e9cc04" target="b9c1bebf-eda9-440f-a082-370ffbcf5dbf" xsi:type="Association" />
    <relationship identifier="id-3cb8871e-e89e-4f51-a070-0622103f3d04" source="d35a453a-a6df-4855-8fcd-ebfc55a449f6" target="ee26c8fb-beff-425b-a077-e1b073e9cc04" xsi:type="Composition" />
    <relationship identifier="id-4740a70c-a9b7-436d-a84e-4b0b6faaf27b" source="d35a453a-a6df-4855-8fcd-ebfc55a449f6" target="b9c1bebf-eda9-440f-a082-370ffbcf5dbf" xsi:type="Composition" />
    <relationship identifier="e1ffae7f-1de7-4e8f-b65f-e2e0d20ecc6c" source="d35a453a-a6df-4855-8fcd-ebfc55a449f6" target="id-8522a503-1674-4403-9580-0dc92623372b" xsi:type="Composition" />
    <relationship identifier="fd7de0a6-85d4-468a-91c5-ba477dd56bf6" source="id-17b8d15f-83a7-48dd-b933-a1115b2195b3" target="b9c1bebf-eda9-440f-a082-370ffbcf5dbf" xsi:type="Association" />
    <relationship identifier="a706f156-4903-47e6-b9be-72f9e06c52f7" source="id-6a2b90ea-8abd-49b4-a558-c808a016dcdb" target="id-8c465b87-be50-48de-bb49-2523c489cb55" xsi:type="Triggering" />
    <relationship identifier="id-1d8b4a8b-2fad-48af-84ee-07eab360e188" source="ee26c8fb-beff-425b-a077-e1b073e9cc04" target="id-64f94b5b-0fbd-4b80-a330-e90d03073774" xsi:type="Association" />
    <relationship identifier="a460e2e9-fcad-4b29-870b-756e6df59647" source="id-8c465b87-be50-48de-bb49-2523c489cb55" target="id-6efce0ca-797b-42a4-94eb-48c332a34d17" xsi:type="Access" accessType="Write" />
    <relationship identifier="cb857a3b-d669-46ec-a113-f9f323554aa5" source="d35a453a-a6df-4855-8fcd-ebfc55a449f6" target="id-17b8d15f-83a7-48dd-b933-a1115b2195b3" xsi:type="Composition" />
    <relationship identifier="id-4874a3ef-12ec-4902-8250-c363b2e868cb" source="id-082dacbe-3978-47ae-b241-f7787db2e557" target="id-0afceb14-fb93-49f6-8648-511722ce26e3" xsi:type="Triggering" />
    <relationship identifier="e65f6e56-1c86-4492-a128-1488bce91183" source="id-082dacbe-3978-47ae-b241-f7787db2e557" target="id-8c465b87-be50-48de-bb49-2523c489cb55" xsi:type="Access" accessType="Write" />
    <relationship identifier="cc014cd2-1941-45c3-8369-2d0153c3cdae" source="id-082dacbe-3978-47ae-b241-f7787db2e557" target="id-6efce0ca-797b-42a4-94eb-48c332a34d17" xsi:type="Access" accessType="Write" />
    <relationship identifier="id-55afe091-1748-4c32-95a2-43bc5dcb0aa8" source="d35a453a-a6df-4855-8fcd-ebfc55a449f6" target="id-64f94b5b-0fbd-4b80-a330-e90d03073774" xsi:type="Composition" />
    <relationship identifier="e13c5ea9-997c-4fcf-8fac-397acb0f08cc" source="id-6efce0ca-797b-42a4-94eb-48c332a34d17" target="abf66f45-17b6-4375-94f9-5b84ef138d84" xsi:type="Access" accessType="Write" />
    <relationship identifier="id-35856e55-8e78-4424-90d3-4861168b539f" source="id-8522a503-1674-4403-9580-0dc92623372b" target="c4669be6-96f6-4852-825f-70f9a1ca3af8" xsi:type="Association" />
    <relationship identifier="id-2b22148f-7806-461e-99d8-a3eacb02c99d" source="id-64f94b5b-0fbd-4b80-a330-e90d03073774" target="c4669be6-96f6-4852-825f-70f9a1ca3af8" xsi:type="Association" />
    <relationship identifier="cfb0d44e-563a-42e3-aa87-d7f549f4c5e9" source="id-082dacbe-3978-47ae-b241-f7787db2e557" target="id-08699b68-d403-46a6-a846-264cbf38d668" xsi:type="Triggering" />
    <relationship identifier="c26dfe6f-eabd-432c-a2e8-212c8e3d5df3" source="id-09df2d6a-2e30-42ec-b5e2-d1555731d2a0" target="id-8c465b87-be50-48de-bb49-2523c489cb55" xsi:type="Triggering" />
    <relationship identifier="id-560456b6-cc08-4b85-9b4f-aae650db1b70" source="abf66f45-17b6-4375-94f9-5b84ef138d84" target="d35a453a-a6df-4855-8fcd-ebfc55a449f6" xsi:type="Access" accessType="Write" />
    <relationship identifier="id-9428b0fc-65e6-4f33-a542-0c51576be413" source="d35a453a-a6df-4855-8fcd-ebfc55a449f6" target="c4669be6-96f6-4852-825f-70f9a1ca3af8" xsi:type="Composition" />
    <relationship identifier="f5d06487-7cec-47c9-9654-f24868b03d86" source="id-082dacbe-3978-47ae-b241-f7787db2e557" target="d4efcbd1-6ee4-4aa2-9c59-c0e9fa984133" xsi:type="Triggering" />
    <relationship identifier="id-7964989b-fb97-47bf-8107-6d9329b63143" source="b38b784f-341e-43b4-925a-d4b73ec89578" target="id-22fdcc80-3c51-4be3-903b-d8573a61138c" xsi:type="Assignment" />
    <relationship identifier="da6a0c2c-d233-4b88-9f39-4a016568a0dc" source="e5f6243a-41b9-4733-9c85-7b6291b11837" target="id-5b5a0e44-3a32-4b41-b9ca-d7c44fe72456" xsi:type="Association" />
    <relationship identifier="a72cf2b7-3d79-4591-b4a1-1c57e944fdd3" source="id-5a17b928-4d86-456d-9cf3-8f8c59a8f093" target="d5141a75-20d8-4faa-bb77-17d40c9eed3e" xsi:type="Association" />
    <relationship identifier="id-6b656990-218b-47f6-95c2-aa9b7f34c8ec" source="id-726e2535-3811-4e3d-b94c-02d5521cc4f3" target="id-1598b15c-2d7b-459f-9048-7a97537a13d3" xsi:type="Composition" />
    <relationship identifier="e852f034-bdd6-4e66-8b7a-f31c5f4fef5d" source="id-22fdcc80-3c51-4be3-903b-d8573a61138c" target="af203d1b-1944-435e-a28d-b5f3dedf3cca" xsi:type="Composition" />
    <relationship identifier="c97073de-092f-4a0b-acb7-72808371d5ae" source="c8b084de-e6a6-4ff8-a47c-e051e7a6f0f1" target="id-726e2535-3811-4e3d-b94c-02d5521cc4f3" xsi:type="Flow" />
    <relationship identifier="id-74ceb810-0a2a-4321-9ef1-0ee80414a48f" source="id-22fdcc80-3c51-4be3-903b-d8573a61138c" target="id-315ad713-7c97-40bd-ad87-7cfa08ddc530" xsi:type="Composition" />
    <relationship identifier="id-5735c5ba-df53-4c0b-b192-75b5e9f2e753" source="id-22fdcc80-3c51-4be3-903b-d8573a61138c" target="e08ebb86-cc7c-4672-9bb9-af68a2a632bc" xsi:type="Composition" />
    <relationship identifier="id-511a07a1-14c1-44c5-ba05-05c11c244031" source="id-06161e82-9961-456e-bd8f-7178ed05b2b4" target="c8b084de-e6a6-4ff8-a47c-e051e7a6f0f1" xsi:type="Composition" />
    <relationship identifier="b7e98e5f-3a16-4f5d-b64c-feaed9e9da51" source="df4790f4-45d5-4959-861c-8a5b52876ed1" target="id-6ce26eac-2d60-475e-89cc-a2adc3cae7ce" xsi:type="Access" accessType="Write" />
    <relationship identifier="id-5b69bf3a-9904-4640-81b1-7104850e5def" source="id-1243671b-9a11-4672-9156-69143c180235" target="id-14231f39-7277-44d7-9e26-226d6e2505b2" xsi:type="Association" />
    <relationship identifier="e80e45a6-47e9-4e00-94b7-42cf0487ee3d" source="e5f6243a-41b9-4733-9c85-7b6291b11837" target="id-1243671b-9a11-4672-9156-69143c180235" xsi:type="Association" />
    <relationship identifier="id-93166518-9693-41e2-953d-f8a93016e9e1" source="df4790f4-45d5-4959-861c-8a5b52876ed1" target="id-726e2535-3811-4e3d-b94c-02d5521cc4f3" xsi:type="Assignment" />
    <relationship identifier="id-0c629112-af1f-4dec-b2dd-b5e28f2d1375" source="cd072bbf-d997-4454-bdd3-1bfa3accdb03" target="e5f6243a-41b9-4733-9c85-7b6291b11837" xsi:type="Composition" />
    <relationship identifier="be5ce2b7-acc4-4de3-a703-1d20d7d52988" source="cd072bbf-d997-4454-bdd3-1bfa3accdb03" target="id-1243671b-9a11-4672-9156-69143c180235" xsi:type="Composition" />
    <relationship identifier="a4ebb43a-b5a1-46f1-8332-7e7304e1a7e0" source="cd072bbf-d997-4454-bdd3-1bfa3accdb03" target="id-5b5a0e44-3a32-4b41-b9ca-d7c44fe72456" xsi:type="Composition" />
    <relationship identifier="id-1ef2f699-432b-4f10-974b-84bac9f25d1b" source="fcf4e7dd-cd7f-4d51-b07d-99a7ac79063a" target="id-6ce26eac-2d60-475e-89cc-a2adc3cae7ce" xsi:type="Access" accessType="Write" />
    <relationship identifier="id-10051af4-4cf8-4867-9b1c-1b61e27895f5" source="af203d1b-1944-435e-a28d-b5f3dedf3cca" target="id-6ce26eac-2d60-475e-89cc-a2adc3cae7ce" xsi:type="Access" accessType="Write" />
    <relationship identifier="id-8850979f-c690-400a-abfa-175ffd919c2b" source="d5141a75-20d8-4faa-bb77-17d40c9eed3e" target="id-1243671b-9a11-4672-9156-69143c180235" xsi:type="Association" />
    <relationship identifier="b19fe7fa-4030-4ab7-abcb-9376a259f872" source="id-726e2535-3811-4e3d-b94c-02d5521cc4f3" target="fcf4e7dd-cd7f-4d51-b07d-99a7ac79063a" xsi:type="Composition" />
    <relationship identifier="id-4a89e31b-fef2-473c-b382-13e4b631dd16" source="af203d1b-1944-435e-a28d-b5f3dedf3cca" target="id-315ad713-7c97-40bd-ad87-7cfa08ddc530" xsi:type="Flow" />
    <relationship identifier="id-8eb12357-3e3c-4ddd-babf-cb8b652b5171" source="af203d1b-1944-435e-a28d-b5f3dedf3cca" target="a4695830-7027-4942-a606-51e558855158" xsi:type="Flow" />
    <relationship identifier="id-784d5cbb-cd17-4fb4-9b80-585fc150727a" source="e5f6243a-41b9-4733-9c85-7b6291b11837" target="id-5a17b928-4d86-456d-9cf3-8f8c59a8f093" xsi:type="Association" />
    <relationship identifier="c1b00a9c-f343-4e36-80f2-574d8651b099" source="cd072bbf-d997-4454-bdd3-1bfa3accdb03" target="d5141a75-20d8-4faa-bb77-17d40c9eed3e" xsi:type="Composition" />
    <relationship identifier="id-402e328d-e4e6-4739-85be-f6eae9a436eb" source="ef208824-3e7f-4611-aa3d-055c498add6c" target="id-1e2d7a18-dea0-4e2a-bd42-c3cf715e4136" xsi:type="Composition" />
    <relationship identifier="b2532951-6cd1-44c0-ae8f-11434672d27b" source="cd072bbf-d997-4454-bdd3-1bfa3accdb03" target="id-5a17b928-4d86-456d-9cf3-8f8c59a8f093" xsi:type="Composition" />
    <relationship identifier="id-73444f61-84e5-485c-8334-4e51dc84b830" source="fcf4e7dd-cd7f-4d51-b07d-99a7ac79063a" target="id-1598b15c-2d7b-459f-9048-7a97537a13d3" xsi:type="Flow" />
    <relationship identifier="id-28d20d3e-7fd4-400e-aa01-c2e1c6cb8746" source="ef208824-3e7f-4611-aa3d-055c498add6c" target="id-6429b3c3-be25-4aa7-9ef2-6d3af6763237" xsi:type="Access" accessType="Write" />
    <relationship identifier="id-311455c7-df3d-4753-a3b0-19059312a8a3" source="id-5b5a0e44-3a32-4b41-b9ca-d7c44fe72456" target="id-14231f39-7277-44d7-9e26-226d6e2505b2" xsi:type="Association" />
    <relationship identifier="id-32807191-4282-4bb1-94f3-ffa19a29c53e" source="id-5a17b928-4d86-456d-9cf3-8f8c59a8f093" target="id-14231f39-7277-44d7-9e26-226d6e2505b2" xsi:type="Association" />
    <relationship identifier="id-4ca81fb0-6876-43c9-9c42-49149b4b428e" source="id-1e2d7a18-dea0-4e2a-bd42-c3cf715e4136" target="a4695830-7027-4942-a606-51e558855158" xsi:type="Assignment" />
    <relationship identifier="id-5e69f835-dbf6-478b-9aa1-f92b89d7bd07" source="e08ebb86-cc7c-4672-9bb9-af68a2a632bc" target="af203d1b-1944-435e-a28d-b5f3dedf3cca" xsi:type="Flow" />
    <relationship identifier="c222433e-e13e-4aeb-bb4c-b494c935b549" source="id-56aa8d2a-b1ef-47fb-adbb-e44c06f31ec9" target="id-22fdcc80-3c51-4be3-903b-d8573a61138c" xsi:type="Triggering" />
    <relationship identifier="id-7fdc3bf9-cef0-41d3-b1c5-579424cfdecb" source="a4695830-7027-4942-a606-51e558855158" target="a25e633f-28c7-4635-a6ef-6803a1a2cc29" xsi:type="Composition" />
    <relationship identifier="id-6b1b4614-16dd-4d39-b7c7-4f733f8ffe99" source="id-6429b3c3-be25-4aa7-9ef2-6d3af6763237" target="cd072bbf-d997-4454-bdd3-1bfa3accdb03" xsi:type="Access" accessType="Write" />
    <relationship identifier="id-59304636-1f52-4dcc-a4e1-2ac5a26d0e7d" source="cd072bbf-d997-4454-bdd3-1bfa3accdb03" target="id-14231f39-7277-44d7-9e26-226d6e2505b2" xsi:type="Composition" />
    <relationship identifier="id-859c5d22-a58d-417e-931c-ffcedcada76d" source="e3504565-b380-4586-91d3-97f102c128b0" target="c4285dc8-eb87-4dc1-aef9-b71b8337ba5b" xsi:type="Association" />
    <relationship identifier="id-8284c5e9-5bf7-4b51-ae5b-9e2dead64a49" source="id-80fdc619-1241-4008-8019-835e670795d6" target="e90b0d16-7612-43c7-beda-a529f723a0a2" xsi:type="Assignment" />
    <relationship identifier="c85c8d0e-9101-41b5-a00f-852383704eca" source="e90b0d16-7612-43c7-beda-a529f723a0a2" target="id-4865b773-74e3-485e-b4e5-15ae3f02bf1a" xsi:type="Composition" />
    <relationship identifier="id-114d1e22-dc03-4701-8707-25211f2a581e" source="e90b0d16-7612-43c7-beda-a529f723a0a2" target="id-6c8bae2e-c35c-4bca-b361-712343ecee8e" xsi:type="Composition" />
    <relationship identifier="id-80ff05d9-31c6-46ec-b0be-3f8efbfd4c20" source="e90b0d16-7612-43c7-beda-a529f723a0a2" target="abd377e6-97d7-4861-88ef-18f4eca2d18e" xsi:type="Composition" />
    <relationship identifier="id-0a5e454d-fd7b-4caa-b2c1-ed345d4ce3fa" source="id-4865b773-74e3-485e-b4e5-15ae3f02bf1a" target="id-9109c0a1-28ec-4d6e-b47c-3570125697f2" xsi:type="Composition" />
    <relationship identifier="id-7f64e096-b2e0-476a-8d65-76b4e98fd821" source="id-315ad713-7c97-40bd-ad87-7cfa08ddc530" target="id-4865b773-74e3-485e-b4e5-15ae3f02bf1a" xsi:type="Flow">
      <name xml:lang="en">call its own transformation with ref to obj</name>
    </relationship>
    <relationship identifier="id-10fee04a-1e9b-4bfb-8b6e-76cee8dcd270" source="id-4865b773-74e3-485e-b4e5-15ae3f02bf1a" target="id-6c8bae2e-c35c-4bca-b361-712343ecee8e" xsi:type="Flow" />
    <relationship identifier="f5d06258-db2e-40d2-8381-2421b125cdcd" source="id-6c8bae2e-c35c-4bca-b361-712343ecee8e" target="abd377e6-97d7-4861-88ef-18f4eca2d18e" xsi:type="Flow" />
    <relationship identifier="id-12abbc83-6208-46a1-9b76-03d3a1275f60" source="abd377e6-97d7-4861-88ef-18f4eca2d18e" target="c4285dc8-eb87-4dc1-aef9-b71b8337ba5b" xsi:type="Access" accessType="Write" />
  </relationships>
  <organizations>
    <item>
      <label xml:lang="en">Application</label>
      <item identifierRef="id-09df2d6a-2e30-42ec-b5e2-d1555731d2a0" />
      <item identifierRef="id-6a2b90ea-8abd-49b4-a558-c808a016dcdb" />
      <item identifierRef="id-3e5801df-5b96-45b5-9cd6-dcec382db8cb" />
      <item identifierRef="id-0afceb14-fb93-49f6-8648-511722ce26e3" />
      <item identifierRef="d4efcbd1-6ee4-4aa2-9c59-c0e9fa984133" />
      <item identifierRef="id-08699b68-d403-46a6-a846-264cbf38d668" />
      <item identifierRef="ee26c8fb-beff-425b-a077-e1b073e9cc04" />
      <item identifierRef="id-8522a503-1674-4403-9580-0dc92623372b" />
      <item identifierRef="c4669be6-96f6-4852-825f-70f9a1ca3af8" />
      <item identifierRef="b9c1bebf-eda9-440f-a082-370ffbcf5dbf" />
      <item identifierRef="id-17b8d15f-83a7-48dd-b933-a1115b2195b3" />
      <item identifierRef="id-64f94b5b-0fbd-4b80-a330-e90d03073774" />
      <item identifierRef="id-56aa8d2a-b1ef-47fb-adbb-e44c06f31ec9" />
      <item identifierRef="c4285dc8-eb87-4dc1-aef9-b71b8337ba5b" />
      <item identifierRef="e3504565-b380-4586-91d3-97f102c128b0" />
      <item identifierRef="id-06161e82-9961-456e-bd8f-7178ed05b2b4" />
      <item identifierRef="c8b084de-e6a6-4ff8-a47c-e051e7a6f0f1" />
      <item identifierRef="b38b784f-341e-43b4-925a-d4b73ec89578" />
      <item identifierRef="id-22fdcc80-3c51-4be3-903b-d8573a61138c" />
      <item identifierRef="e08ebb86-cc7c-4672-9bb9-af68a2a632bc" />
      <item identifierRef="af203d1b-1944-435e-a28d-b5f3dedf3cca" />
      <item identifierRef="id-315ad713-7c97-40bd-ad87-7cfa08ddc530" />
      <item identifierRef="df4790f4-45d5-4959-861c-8a5b52876ed1" />
      <item identifierRef="id-726e2535-3811-4e3d-b94c-02d5521cc4f3" />
      <item identifierRef="fcf4e7dd-cd7f-4d51-b07d-99a7ac79063a" />
      <item identifierRef="id-1598b15c-2d7b-459f-9048-7a97537a13d3" />
      <item identifierRef="id-6ce26eac-2d60-475e-89cc-a2adc3cae7ce" />
      <item identifierRef="id-1e2d7a18-dea0-4e2a-bd42-c3cf715e4136" />
      <item identifierRef="a4695830-7027-4942-a606-51e558855158" />
      <item identifierRef="a25e633f-28c7-4635-a6ef-6803a1a2cc29" />
      <item identifierRef="e5f6243a-41b9-4733-9c85-7b6291b11837" />
      <item identifierRef="id-5b5a0e44-3a32-4b41-b9ca-d7c44fe72456" />
      <item identifierRef="id-14231f39-7277-44d7-9e26-226d6e2505b2" />
      <item identifierRef="id-1243671b-9a11-4672-9156-69143c180235" />
      <item identifierRef="d5141a75-20d8-4faa-bb77-17d40c9eed3e" />
      <item identifierRef="id-5a17b928-4d86-456d-9cf3-8f8c59a8f093" />
      <item identifierRef="e90b0d16-7612-43c7-beda-a529f723a0a2" />
      <item identifierRef="id-80fdc619-1241-4008-8019-835e670795d6" />
      <item identifierRef="id-4865b773-74e3-485e-b4e5-15ae3f02bf1a" />
      <item identifierRef="id-6c8bae2e-c35c-4bca-b361-712343ecee8e" />
      <item identifierRef="abd377e6-97d7-4861-88ef-18f4eca2d18e" />
      <item identifierRef="id-9109c0a1-28ec-4d6e-b47c-3570125697f2" />
    </item>
    <item>
      <label xml:lang="en">Other</label>
      <item identifierRef="id-082dacbe-3978-47ae-b241-f7787db2e557" />
      <item identifierRef="id-8c465b87-be50-48de-bb49-2523c489cb55" />
      <item identifierRef="id-6efce0ca-797b-42a4-94eb-48c332a34d17" />
      <item identifierRef="abf66f45-17b6-4375-94f9-5b84ef138d84" />
      <item identifierRef="d35a453a-a6df-4855-8fcd-ebfc55a449f6" />
      <item identifierRef="ef208824-3e7f-4611-aa3d-055c498add6c" />
      <item identifierRef="id-6429b3c3-be25-4aa7-9ef2-6d3af6763237" />
      <item identifierRef="cd072bbf-d997-4454-bdd3-1bfa3accdb03" />
    </item>
    <item>
      <label xml:lang="en">Relations</label>
      <item identifierRef="id-92b03404-d42f-4dbe-a20e-4075b1da42a6" />
      <item identifierRef="dadfadfe-b434-45aa-a257-ca2e601c56c1" />
      <item identifierRef="id-80172cb9-80a9-4d68-9c7b-663fe83e148c" />
      <item identifierRef="id-6b0b4b83-67c5-416f-b652-2b3d0e8f216e" />
      <item identifierRef="c671f448-09bb-45d0-8f6a-48b2d60a51e3" />
      <item identifierRef="id-6335ab18-1b21-4521-a792-4149c23750db" />
      <item identifierRef="id-3cb8871e-e89e-4f51-a070-0622103f3d04" />
      <item identifierRef="id-4740a70c-a9b7-436d-a84e-4b0b6faaf27b" />
      <item identifierRef="e1ffae7f-1de7-4e8f-b65f-e2e0d20ecc6c" />
      <item identifierRef="fd7de0a6-85d4-468a-91c5-ba477dd56bf6" />
      <item identifierRef="a706f156-4903-47e6-b9be-72f9e06c52f7" />
      <item identifierRef="id-1d8b4a8b-2fad-48af-84ee-07eab360e188" />
      <item identifierRef="a460e2e9-fcad-4b29-870b-756e6df59647" />
      <item identifierRef="cb857a3b-d669-46ec-a113-f9f323554aa5" />
      <item identifierRef="id-4874a3ef-12ec-4902-8250-c363b2e868cb" />
      <item identifierRef="e65f6e56-1c86-4492-a128-1488bce91183" />
      <item identifierRef="cc014cd2-1941-45c3-8369-2d0153c3cdae" />
      <item identifierRef="id-55afe091-1748-4c32-95a2-43bc5dcb0aa8" />
      <item identifierRef="e13c5ea9-997c-4fcf-8fac-397acb0f08cc" />
      <item identifierRef="id-35856e55-8e78-4424-90d3-4861168b539f" />
      <item identifierRef="id-2b22148f-7806-461e-99d8-a3eacb02c99d" />
      <item identifierRef="cfb0d44e-563a-42e3-aa87-d7f549f4c5e9" />
      <item identifierRef="c26dfe6f-eabd-432c-a2e8-212c8e3d5df3" />
      <item identifierRef="id-560456b6-cc08-4b85-9b4f-aae650db1b70" />
      <item identifierRef="id-9428b0fc-65e6-4f33-a542-0c51576be413" />
      <item identifierRef="f5d06487-7cec-47c9-9654-f24868b03d86" />
      <item identifierRef="id-7964989b-fb97-47bf-8107-6d9329b63143" />
      <item identifierRef="da6a0c2c-d233-4b88-9f39-4a016568a0dc" />
      <item identifierRef="a72cf2b7-3d79-4591-b4a1-1c57e944fdd3" />
      <item identifierRef="id-6b656990-218b-47f6-95c2-aa9b7f34c8ec" />
      <item identifierRef="e852f034-bdd6-4e66-8b7a-f31c5f4fef5d" />
      <item identifierRef="c97073de-092f-4a0b-acb7-72808371d5ae" />
      <item identifierRef="id-74ceb810-0a2a-4321-9ef1-0ee80414a48f" />
      <item identifierRef="id-5735c5ba-df53-4c0b-b192-75b5e9f2e753" />
      <item identifierRef="id-511a07a1-14c1-44c5-ba05-05c11c244031" />
      <item identifierRef="b7e98e5f-3a16-4f5d-b64c-feaed9e9da51" />
      <item identifierRef="id-5b69bf3a-9904-4640-81b1-7104850e5def" />
      <item identifierRef="e80e45a6-47e9-4e00-94b7-42cf0487ee3d" />
      <item identifierRef="id-93166518-9693-41e2-953d-f8a93016e9e1" />
      <item identifierRef="id-0c629112-af1f-4dec-b2dd-b5e28f2d1375" />
      <item identifierRef="be5ce2b7-acc4-4de3-a703-1d20d7d52988" />
      <item identifierRef="a4ebb43a-b5a1-46f1-8332-7e7304e1a7e0" />
      <item identifierRef="id-1ef2f699-432b-4f10-974b-84bac9f25d1b" />
      <item identifierRef="id-10051af4-4cf8-4867-9b1c-1b61e27895f5" />
      <item identifierRef="id-8850979f-c690-400a-abfa-175ffd919c2b" />
      <item identifierRef="b19fe7fa-4030-4ab7-abcb-9376a259f872" />
      <item identifierRef="id-4a89e31b-fef2-473c-b382-13e4b631dd16" />
      <item identifierRef="id-8eb12357-3e3c-4ddd-babf-cb8b652b5171" />
      <item identifierRef="id-784d5cbb-cd17-4fb4-9b80-585fc150727a" />
      <item identifierRef="c1b00a9c-f343-4e36-80f2-574d8651b099" />
      <item identifierRef="id-402e328d-e4e6-4739-85be-f6eae9a436eb" />
      <item identifierRef="b2532951-6cd1-44c0-ae8f-11434672d27b" />
      <item identifierRef="id-73444f61-84e5-485c-8334-4e51dc84b830" />
      <item identifierRef="id-28d20d3e-7fd4-400e-aa01-c2e1c6cb8746" />
      <item identifierRef="id-311455c7-df3d-4753-a3b0-19059312a8a3" />
      <item identifierRef="id-32807191-4282-4bb1-94f3-ffa19a29c53e" />
      <item identifierRef="id-4ca81fb0-6876-43c9-9c42-49149b4b428e" />
      <item identifierRef="id-5e69f835-dbf6-478b-9aa1-f92b89d7bd07" />
      <item identifierRef="c222433e-e13e-4aeb-bb4c-b494c935b549" />
      <item identifierRef="id-7fdc3bf9-cef0-41d3-b1c5-579424cfdecb" />
      <item identifierRef="id-6b1b4614-16dd-4d39-b7c7-4f733f8ffe99" />
      <item identifierRef="id-59304636-1f52-4dcc-a4e1-2ac5a26d0e7d" />
      <item identifierRef="id-859c5d22-a58d-417e-931c-ffcedcada76d" />
      <item identifierRef="id-8284c5e9-5bf7-4b51-ae5b-9e2dead64a49" />
      <item identifierRef="c85c8d0e-9101-41b5-a00f-852383704eca" />
      <item identifierRef="id-114d1e22-dc03-4701-8707-25211f2a581e" />
      <item identifierRef="id-80ff05d9-31c6-46ec-b0be-3f8efbfd4c20" />
      <item identifierRef="id-0a5e454d-fd7b-4caa-b2c1-ed345d4ce3fa" />
      <item identifierRef="id-7f64e096-b2e0-476a-8d65-76b4e98fd821" />
      <item identifierRef="id-10fee04a-1e9b-4bfb-8b6e-76cee8dcd270" />
      <item identifierRef="f5d06258-db2e-40d2-8381-2421b125cdcd" />
      <item identifierRef="id-12abbc83-6208-46a1-9b76-03d3a1275f60" />
    </item>
    <item>
      <label xml:lang="en">Views</label>
      <item identifierRef="id-27848347" />
    </item>
  </organizations>
  <views>
    <diagrams>
      <view identifier="id-27848347" xsi:type="Diagram">
        <name xml:lang="en">Transform View</name>
        <node identifier="id-6e8e2409-4964-4745-9f2a-a1712153a449" x="716" y="307" w="1966" h="917" xsi:type="Container">
          <label xml:lang="en">presentation</label>
          <style>
            <fillColor r="199" g="225" b="226" a="100" />
            <lineColor r="255" g="0" b="0" a="100" />
            <font name="Lucida Grande" size="12">
              <color r="255" g="0" b="0" />
            </font>
          </style>
          <node identifier="ceccb9a1-4ec1-493f-b045-95998b340a9f" elementRef="id-56aa8d2a-b1ef-47fb-adbb-e44c06f31ec9" xsi:type="Element" x="2091" y="387" w="120" h="55">
            <style>
              <fillColor r="181" g="255" b="255" a="100" />
              <lineColor r="92" g="92" b="92" a="100" />
              <font name="Lucida Grande" size="12">
                <color r="0" g="0" b="0" />
              </font>
            </style>
          </node>
          <node identifier="id-3ec86d75-f0b2-476d-9ae7-55e2ae6aa46d" elementRef="c4285dc8-eb87-4dc1-aef9-b71b8337ba5b" xsi:type="Element" x="1076" y="377" w="120" h="55">
            <style>
              <fillColor r="181" g="255" b="255" a="100" />
              <lineColor r="92" g="92" b="92" a="100" />
              <font name="Lucida Grande" size="12">
                <color r="0" g="0" b="0" />
              </font>
            </style>
          </node>
          <node identifier="id-5d3ccdc1-7b67-425d-bbac-1feca86c1332" x="951" y="507" w="630" h="600" xsi:type="Container">
            <label xml:lang="en">transform view</label>
            <documentation xml:lang="en">gang of four classic design pattern</documentation>
            <style>
              <fillColor r="210" g="215" b="215" a="100" />
              <lineColor r="92" g="92" b="92" a="100" />
              <font name="Lucida Grande" size="12">
                <color r="0" g="0" b="0" />
              </font>
            </style>
            <node identifier="e1defdaa-ea4f-40b6-979b-ee4bc5b4ca5f" elementRef="id-80fdc619-1241-4008-8019-835e670795d6" xsi:type="Element" x="1001" y="677" w="520" h="230">
              <style>
                <fillColor r="181" g="255" b="255" a="100" />
                <lineColor r="92" g="92" b="92" a="100" />
                <font name="Lucida Grande" size="12">
                  <color r="255" g="0" b="0" />
                </font>
              </style>
              <node identifier="id-921b3945-6551-40f7-8580-bd9a64fe9cbf" elementRef="e90b0d16-7612-43c7-beda-a529f723a0a2" xsi:type="Element" x="1021" y="707" w="480" h="180">
                <style>
                  <fillColor r="181" g="255" b="255" a="100" />
                  <lineColor r="92" g="92" b="92" a="100" />
                  <font name="Lucida Grande" size="12">
                    <color r="255" g="0" b="0" />
                  </font>
                </style>
                <node identifier="id-437a1590-4e00-4a59-9418-e4dcfc3e3169" elementRef="id-4865b773-74e3-485e-b4e5-15ae3f02bf1a" xsi:type="Element" x="1361" y="773" w="120" h="55">
                  <style>
                    <fillColor r="181" g="255" b="255" a="100" />
                    <lineColor r="92" g="92" b="92" a="100" />
                    <font name="Lucida Grande" size="12">
                      <color r="0" g="0" b="0" />
                    </font>
                  </style>
                </node>
                <node identifier="id-59d4a281-e48a-4cfa-ac5e-50f8d765ee4b" elementRef="id-6c8bae2e-c35c-4bca-b361-712343ecee8e" xsi:type="Element" x="1211" y="773" w="120" h="55">
                  <style>
                    <fillColor r="181" g="255" b="255" a="100" />
                    <lineColor r="92" g="92" b="92" a="100" />
                    <font name="Lucida Grande" size="12">
                      <color r="0" g="0" b="0" />
                    </font>
                  </style>
                </node>
                <node identifier="id-082283f3-c0f1-4c5e-b120-dea66097da97" elementRef="abd377e6-97d7-4861-88ef-18f4eca2d18e" xsi:type="Element" x="1051" y="773" w="120" h="55">
                  <style>
                    <fillColor r="181" g="255" b="255" a="100" />
                    <lineColor r="92" g="92" b="92" a="100" />
                    <font name="Lucida Grande" size="12">
                      <color r="0" g="0" b="0" />
                    </font>
                  </style>
                </node>
              </node>
            </node>
            <node identifier="cc57438d-fc5a-430f-a360-daec62631927" xsi:type="Label" x="1131" y="567" w="241" h="90">
              <label xml:lang="en">XSLT transformation into HTML with given XSLT file and input XML representation of object</label>
              <style>
                <fillColor r="255" g="255" b="255" a="100" />
                <lineColor r="92" g="92" b="92" a="100" />
                <font name="Lucida Grande" size="12">
                  <color r="255" g="0" b="0" />
                </font>
              </style>
            </node>
          </node>
          <node identifier="ec2d9c1d-767a-435d-a0e8-d8517ed96dc0" x="1836" y="507" w="630" h="600" xsi:type="Container">
            <label xml:lang="en">controller (for example front or page controller)</label>
            <documentation xml:lang="en">gang of four classic design pattern</documentation>
            <style>
              <fillColor r="210" g="215" b="215" a="100" />
              <lineColor r="92" g="92" b="92" a="100" />
              <font name="Lucida Grande" size="12">
                <color r="0" g="0" b="0" />
              </font>
            </style>
            <node identifier="id-4a598648-6688-44f6-a261-03c9156fcca1" elementRef="b38b784f-341e-43b4-925a-d4b73ec89578" xsi:type="Element" x="1896" y="677" w="520" h="230">
              <style>
                <fillColor r="181" g="255" b="255" a="100" />
                <lineColor r="92" g="92" b="92" a="100" />
                <font name="Lucida Grande" size="12">
                  <color r="0" g="0" b="0" />
                </font>
              </style>
              <node identifier="id-8f972476-e5e4-4604-94ad-5d4a2534c032" elementRef="id-22fdcc80-3c51-4be3-903b-d8573a61138c" xsi:type="Element" x="1916" y="727" w="460" h="151">
                <style>
                  <fillColor r="181" g="255" b="255" a="100" />
                  <lineColor r="92" g="92" b="92" a="100" />
                  <font name="Lucida Grande" size="12">
                    <color r="0" g="0" b="0" />
                  </font>
                </style>
                <node identifier="id-327c5d41-d1e1-496d-9f84-06cef249e76d" elementRef="e08ebb86-cc7c-4672-9bb9-af68a2a632bc" xsi:type="Element" x="2226" y="777" w="133" h="55">
                  <style>
                    <fillColor r="181" g="255" b="255" a="100" />
                    <lineColor r="92" g="92" b="92" a="100" />
                    <font name="Lucida Grande" size="12">
                      <color r="0" g="0" b="0" />
                    </font>
                  </style>
                </node>
                <node identifier="fbb43045-1d27-41bd-9136-4cd674843439" elementRef="af203d1b-1944-435e-a28d-b5f3dedf3cca" xsi:type="Element" x="2085" y="777" w="120" h="55">
                  <style>
                    <fillColor r="181" g="255" b="255" a="100" />
                    <lineColor r="92" g="92" b="92" a="100" />
                    <font name="Lucida Grande" size="12">
                      <color r="0" g="0" b="0" />
                    </font>
                  </style>
                </node>
                <node identifier="aff3b321-1f02-43a9-9210-71a940e7bd3c" elementRef="id-315ad713-7c97-40bd-ad87-7cfa08ddc530" xsi:type="Element" x="1936" y="777" w="120" h="55">
                  <style>
                    <fillColor r="181" g="255" b="255" a="100" />
                    <lineColor r="92" g="92" b="92" a="100" />
                    <font name="Lucida Grande" size="12">
                      <color r="0" g="0" b="0" />
                    </font>
                  </style>
                </node>
              </node>
            </node>
          </node>
        </node>
        <node identifier="id-3589cd1b-56b5-4567-820f-e89b5169dff5" x="716" y="1279" w="1966" h="791" xsi:type="Container">
          <label xml:lang="en">domain</label>
          <style>
            <fillColor r="206" g="219" b="211" a="100" />
            <lineColor r="92" g="92" b="92" a="100" />
            <font name="Lucida Grande" size="12">
              <color r="0" g="0" b="0" />
            </font>
          </style>
          <node identifier="ddff4107-84ca-4014-aeaa-2677e95c638a" elementRef="ef208824-3e7f-4611-aa3d-055c498add6c" xsi:type="Element" x="2056" y="1519" w="404" h="370">
            <style>
              <fillColor r="255" g="255" b="255" a="100" />
              <lineColor r="92" g="92" b="92" a="100" />
              <font name="Lucida Grande" size="12">
                <color r="0" g="0" b="0" />
              </font>
            </style>
            <node identifier="b1e968b3-31e3-4769-bea0-8fcd314f2f04" elementRef="id-1e2d7a18-dea0-4e2a-bd42-c3cf715e4136" xsi:type="Element" x="2106" y="1579" w="300" h="210">
              <style>
                <fillColor r="181" g="255" b="255" a="100" />
                <lineColor r="92" g="92" b="92" a="100" />
                <font name="Lucida Grande" size="12">
                  <color r="0" g="0" b="0" />
                </font>
              </style>
              <node identifier="e6f8db04-9f6c-4b46-88bf-a9f11db0dcfb" elementRef="a4695830-7027-4942-a606-51e558855158" xsi:type="Element" x="2156" y="1629" w="210" h="120">
                <style>
                  <fillColor r="181" g="255" b="255" a="100" />
                  <lineColor r="92" g="92" b="92" a="100" />
                  <font name="Lucida Grande" size="12">
                    <color r="0" g="0" b="0" />
                  </font>
                </style>
                <node identifier="adf45ed2-7ba1-4a6c-bbe5-c5c0d13c1fae" elementRef="a25e633f-28c7-4635-a6ef-6803a1a2cc29" xsi:type="Element" x="2223" y="1687" w="120" h="55">
                  <style>
                    <fillColor r="181" g="255" b="255" a="100" />
                    <lineColor r="92" g="92" b="92" a="100" />
                    <font name="Lucida Grande" size="12">
                      <color r="0" g="0" b="0" />
                    </font>
                  </style>
                </node>
              </node>
            </node>
          </node>
        </node>
        <node identifier="id-0817cbba-0caf-487a-a826-2b147bc4aa66" x="716" y="2129" w="1966" h="791" xsi:type="Container">
          <label xml:lang="en">data source</label>
          <style>
            <fillColor r="216" g="209" b="215" a="100" />
            <lineColor r="0" g="0" b="0" a="100" />
            <font name="Lucida Grande" size="12">
              <color r="0" g="0" b="0" />
            </font>
          </style>
          <node identifier="id-00a2b665-b340-40e9-8f47-ad4145a47c09" elementRef="id-6429b3c3-be25-4aa7-9ef2-6d3af6763237" xsi:type="Element" x="776" y="2179" w="1856" h="340">
            <style>
              <fillColor r="255" g="255" b="255" a="100" />
              <lineColor r="92" g="92" b="92" a="100" />
              <font name="Lucida Grande" size="12">
                <color r="0" g="0" b="0" />
              </font>
            </style>
          </node>
          <node identifier="id-27e6f861-26bf-4f5b-b8d4-1030b4db4cc2" elementRef="cd072bbf-d997-4454-bdd3-1bfa3accdb03" xsi:type="Element" x="776" y="2559" w="1856" h="340">
            <style>
              <fillColor r="255" g="255" b="255" a="100" />
              <lineColor r="92" g="92" b="92" a="100" />
              <font name="Lucida Grande" size="12">
                <color r="0" g="0" b="0" />
              </font>
            </style>
            <node identifier="id-24205ac2-5aaf-4121-89d8-3966e9f8e060" elementRef="e5f6243a-41b9-4733-9c85-7b6291b11837" xsi:type="Element" x="1322" y="2785" w="120" h="55">
              <style>
                <fillColor r="181" g="255" b="255" a="100" />
                <lineColor r="92" g="92" b="92" a="100" />
                <font name="Lucida Grande" size="12">
                  <color r="0" g="0" b="0" />
                </font>
              </style>
            </node>
            <node identifier="id-92059d2e-5779-4b20-8c97-3462785592d4" elementRef="id-5b5a0e44-3a32-4b41-b9ca-d7c44fe72456" xsi:type="Element" x="1436" y="2689" w="120" h="55">
              <style>
                <fillColor r="181" g="255" b="255" a="100" />
                <lineColor r="92" g="92" b="92" a="100" />
                <font name="Lucida Grande" size="12">
                  <color r="0" g="0" b="0" />
                </font>
              </style>
            </node>
            <node identifier="id-467b37e5-72dd-486d-8521-4f651067303f" elementRef="id-14231f39-7277-44d7-9e26-226d6e2505b2" xsi:type="Element" x="1612" y="2605" w="120" h="55">
              <style>
                <fillColor r="181" g="255" b="255" a="100" />
                <lineColor r="92" g="92" b="92" a="100" />
                <font name="Lucida Grande" size="12">
                  <color r="0" g="0" b="0" />
                </font>
              </style>
            </node>
            <node identifier="id-35c00255-c661-40a9-812e-17dc823bc48d" elementRef="id-1243671b-9a11-4672-9156-69143c180235" xsi:type="Element" x="1781" y="2689" w="120" h="55">
              <style>
                <fillColor r="181" g="255" b="255" a="100" />
                <lineColor r="92" g="92" b="92" a="100" />
                <font name="Lucida Grande" size="12">
                  <color r="0" g="0" b="0" />
                </font>
              </style>
            </node>
            <node identifier="db1f4237-31e5-4281-9421-c1e25f304026" elementRef="d5141a75-20d8-4faa-bb77-17d40c9eed3e" xsi:type="Element" x="1746" y="2804" w="120" h="55">
              <style>
                <fillColor r="181" g="255" b="255" a="100" />
                <lineColor r="92" g="92" b="92" a="100" />
                <font name="Lucida Grande" size="12">
                  <color r="0" g="0" b="0" />
                </font>
              </style>
            </node>
            <node identifier="df92a84c-a563-4478-aa9a-e9315814cb41" elementRef="id-5a17b928-4d86-456d-9cf3-8f8c59a8f093" xsi:type="Element" x="1576" y="2799" w="120" h="55">
              <style>
                <fillColor r="181" g="255" b="255" a="100" />
                <lineColor r="92" g="92" b="92" a="100" />
                <font name="Lucida Grande" size="12">
                  <color r="0" g="0" b="0" />
                </font>
              </style>
            </node>
          </node>
        </node>
        <connection identifier="id-45ae0eef-34d2-45f3-b6f1-816cb3c9f22a" relationshipRef="c222433e-e13e-4aeb-bb4c-b494c935b549" xsi:type="Relationship" source="ceccb9a1-4ec1-493f-b045-95998b340a9f" target="id-8f972476-e5e4-4604-94ad-5d4a2534c032">
          <style>
            <lineColor r="0" g="0" b="0" />
            <font name="Lucida Grande" size="12">
              <color r="0" g="0" b="0" />
            </font>
          </style>
        </connection>
        <connection identifier="aefea7c5-3e31-4786-be0e-38e9bbc355ce" relationshipRef="id-10fee04a-1e9b-4bfb-8b6e-76cee8dcd270" xsi:type="Relationship" source="id-437a1590-4e00-4a59-9418-e4dcfc3e3169" target="id-59d4a281-e48a-4cfa-ac5e-50f8d765ee4b">
          <style>
            <lineColor r="0" g="0" b="0" />
            <font name="Lucida Grande" size="12">
              <color r="0" g="0" b="0" />
            </font>
          </style>
        </connection>
        <connection identifier="id-060e1324-f2f6-4573-9c3b-74333503004a" relationshipRef="f5d06258-db2e-40d2-8381-2421b125cdcd" xsi:type="Relationship" source="id-59d4a281-e48a-4cfa-ac5e-50f8d765ee4b" target="id-082283f3-c0f1-4c5e-b120-dea66097da97">
          <style>
            <lineColor r="0" g="0" b="0" />
            <font name="Lucida Grande" size="12">
              <color r="0" g="0" b="0" />
            </font>
          </style>
        </connection>
        <connection identifier="id-1823cca5-6ada-44b2-9352-4afc398a012e" relationshipRef="id-12abbc83-6208-46a1-9b76-03d3a1275f60" xsi:type="Relationship" source="id-082283f3-c0f1-4c5e-b120-dea66097da97" target="id-3ec86d75-f0b2-476d-9ae7-55e2ae6aa46d">
          <style>
            <lineColor r="0" g="0" b="0" />
            <font name="Lucida Grande" size="12">
              <color r="0" g="0" b="0" />
            </font>
          </style>
        </connection>
        <connection identifier="id-909a1de1-f1b4-4585-b987-5449c076c3b8" relationshipRef="id-5e69f835-dbf6-478b-9aa1-f92b89d7bd07" xsi:type="Relationship" source="id-327c5d41-d1e1-496d-9f84-06cef249e76d" target="fbb43045-1d27-41bd-9136-4cd674843439">
          <style>
            <lineColor r="0" g="0" b="0" />
            <font name="Lucida Grande" size="12">
              <color r="0" g="0" b="0" />
            </font>
          </style>
        </connection>
        <connection identifier="id-5e538d02-dcd7-46f0-9b74-1b695bc9a713" relationshipRef="id-4a89e31b-fef2-473c-b382-13e4b631dd16" xsi:type="Relationship" source="fbb43045-1d27-41bd-9136-4cd674843439" target="aff3b321-1f02-43a9-9210-71a940e7bd3c">
          <style>
            <lineColor r="0" g="0" b="0" />
            <font name="Lucida Grande" size="12">
              <color r="0" g="0" b="0" />
            </font>
          </style>
        </connection>
        <connection identifier="id-831b6c93-1b66-434e-91e3-4a5a495970fe" relationshipRef="id-8eb12357-3e3c-4ddd-babf-cb8b652b5171" xsi:type="Relationship" source="fbb43045-1d27-41bd-9136-4cd674843439" target="e6f8db04-9f6c-4b46-88bf-a9f11db0dcfb">
          <style>
            <lineColor r="0" g="0" b="0" />
            <font name="Lucida Grande" size="12">
              <color r="0" g="0" b="0" />
            </font>
          </style>
        </connection>
        <connection identifier="id-5e00556a-6522-4399-bba2-078fb36b4ffb" relationshipRef="id-7f64e096-b2e0-476a-8d65-76b4e98fd821" xsi:type="Relationship" source="aff3b321-1f02-43a9-9210-71a940e7bd3c" target="id-437a1590-4e00-4a59-9418-e4dcfc3e3169">
          <style>
            <lineColor r="0" g="0" b="0" />
            <font name="Lucida Grande" size="12">
              <color r="0" g="0" b="0" />
            </font>
          </style>
        </connection>
        <connection identifier="id-19ccca07-00ed-4dfc-85ce-32f41acc9fdf" relationshipRef="id-28d20d3e-7fd4-400e-aa01-c2e1c6cb8746" xsi:type="Relationship" source="ddff4107-84ca-4014-aeaa-2677e95c638a" target="id-00a2b665-b340-40e9-8f47-ad4145a47c09">
          <style>
            <lineColor r="0" g="0" b="0" />
            <font name="Lucida Grande" size="12">
              <color r="0" g="0" b="0" />
            </font>
          </style>
          <bendpoint x="2180" y="2020" />
        </connection>
        <connection identifier="dfa84df5-3168-4a7b-a217-8fd08b9ce74a" relationshipRef="id-6b1b4614-16dd-4d39-b7c7-4f733f8ffe99" xsi:type="Relationship" source="id-00a2b665-b340-40e9-8f47-ad4145a47c09" target="id-27e6f861-26bf-4f5b-b8d4-1030b4db4cc2">
          <style>
            <lineColor r="0" g="0" b="0" />
            <font name="Lucida Grande" size="12">
              <color r="0" g="0" b="0" />
            </font>
          </style>
          <bendpoint x="2160" y="2541" />
        </connection>
        <connection identifier="id-4085df02-2f72-48d5-8abd-4d11581dea5e" relationshipRef="da6a0c2c-d233-4b88-9f39-4a016568a0dc" xsi:type="Relationship" source="id-24205ac2-5aaf-4121-89d8-3966e9f8e060" target="id-92059d2e-5779-4b20-8c97-3462785592d4">
          <style>
            <lineColor r="192" g="192" b="192" />
            <font name="Lucida Grande" size="12">
              <color r="0" g="0" b="0" />
            </font>
          </style>
        </connection>
        <connection identifier="id-50ff7829-1684-4d18-a158-980ca3b031c0" relationshipRef="id-784d5cbb-cd17-4fb4-9b80-585fc150727a" xsi:type="Relationship" source="id-24205ac2-5aaf-4121-89d8-3966e9f8e060" target="df92a84c-a563-4478-aa9a-e9315814cb41">
          <style>
            <lineColor r="192" g="192" b="192" />
            <font name="Lucida Grande" size="12">
              <color r="0" g="0" b="0" />
            </font>
          </style>
        </connection>
        <connection identifier="d82ac039-413d-49a0-a3a9-abe3b1c7ed83" relationshipRef="e80e45a6-47e9-4e00-94b7-42cf0487ee3d" xsi:type="Relationship" source="id-24205ac2-5aaf-4121-89d8-3966e9f8e060" target="id-35c00255-c661-40a9-812e-17dc823bc48d">
          <style>
            <lineColor r="192" g="192" b="192" />
            <font name="Lucida Grande" size="12">
              <color r="0" g="0" b="0" />
            </font>
          </style>
        </connection>
        <connection identifier="a678e30b-058a-4f57-9bbd-426acc36ac1f" relationshipRef="id-311455c7-df3d-4753-a3b0-19059312a8a3" xsi:type="Relationship" source="id-92059d2e-5779-4b20-8c97-3462785592d4" target="id-467b37e5-72dd-486d-8521-4f651067303f">
          <style>
            <lineColor r="192" g="192" b="192" />
            <font name="Lucida Grande" size="12">
              <color r="0" g="0" b="0" />
            </font>
          </style>
        </connection>
        <connection identifier="c2bfb9ef-4aa4-4fbb-a505-1c4b47cc5509" relationshipRef="id-5b69bf3a-9904-4640-81b1-7104850e5def" xsi:type="Relationship" source="id-35c00255-c661-40a9-812e-17dc823bc48d" target="id-467b37e5-72dd-486d-8521-4f651067303f">
          <style>
            <lineColor r="192" g="192" b="192" />
            <font name="Lucida Grande" size="12">
              <color r="0" g="0" b="0" />
            </font>
          </style>
        </connection>
        <connection identifier="fd2d15d1-0816-41b5-9f3f-6ca5a8bd6e1d" relationshipRef="id-8850979f-c690-400a-abfa-175ffd919c2b" xsi:type="Relationship" source="db1f4237-31e5-4281-9421-c1e25f304026" target="id-35c00255-c661-40a9-812e-17dc823bc48d">
          <style>
            <lineColor r="192" g="192" b="192" />
            <font name="Lucida Grande" size="12">
              <color r="0" g="0" b="0" />
            </font>
          </style>
        </connection>
        <connection identifier="d3d242fa-7301-4d13-9918-3d70f195b696" relationshipRef="a72cf2b7-3d79-4591-b4a1-1c57e944fdd3" xsi:type="Relationship" source="df92a84c-a563-4478-aa9a-e9315814cb41" target="db1f4237-31e5-4281-9421-c1e25f304026">
          <style>
            <lineColor r="192" g="192" b="192" />
            <font name="Lucida Grande" size="12">
              <color r="0" g="0" b="0" />
            </font>
          </style>
        </connection>
        <connection identifier="a0e0a289-7389-4cdc-a83d-9e54bc85df04" relationshipRef="id-32807191-4282-4bb1-94f3-ffa19a29c53e" xsi:type="Relationship" source="df92a84c-a563-4478-aa9a-e9315814cb41" target="id-467b37e5-72dd-486d-8521-4f651067303f">
          <style>
            <lineColor r="192" g="192" b="192" />
            <font name="Lucida Grande" size="12">
              <color r="0" g="0" b="0" />
            </font>
          </style>
        </connection>
      </view>
    </diagrams>
  </views>
</model>
