{"identifier":"https://me.big.tuwien.ac.at/EAModelSet/_rOZKILSdEeqEM7mFKilpXw","archimateId":"_rOZKILSdEeqEM7mFKilpXw","name":"test1","description":"","formats":["XML","CSV","JSON","ARCHIMATE"],"source":"GenMyModel","sourceFile":"raw-data/genmymodel/_rozkilsdeeqem7mfkilpxw.xml","sourceFormat":"XML","timestamp":"29-06-2023 09:25:09","tags":[],"duplicates":[],"language":"de","elements":[{"id":"_rOa_l7SdEeqEM7mFKilpXw","name":"Integrierter Mobilitätsmanagement","type":"BusinessObject","layer":"business"},{"id":"_rOa_mbSdEeqEM7mFKilpXw","name":"Service muss angeboten werden","type":"BusinessService","layer":"business"},{"id":"_rOa_m7SdEeqEM7mFKilpXw","name":"Integrierter Mobilitätsmanagement","type":"Product","layer":"business"},{"id":"_rOa_nbSdEeqEM7mFKilpXw","name":"Service","type":"BusinessService","layer":"business"},{"id":"_rOa_n7SdEeqEM7mFKilpXw","name":"Informationsportal Angebot","type":"BusinessService","layer":"business"},{"id":"_rOa_obSdEeqEM7mFKilpXw","name":"Kunden - und Vertragsverwaltung","type":"BusinessService","layer":"business"},{"id":"_rOa_o7SdEeqEM7mFKilpXw","name":"Intermodale Auskunft","type":"BusinessService","layer":"business"},{"id":"_rOa_vrSdEeqEM7mFKilpXw","name":"DRT disponieren","type":"BusinessService","layer":"business"},{"id":"_rOa_wLSdEeqEM7mFKilpXw","name":"Buchungsmanager","type":"BusinessService","layer":"business"},{"id":"_rOa_wrSdEeqEM7mFKilpXw","name":"Service kann angeboten werden","type":"BusinessService","layer":"business"},{"id":"_rOa_xLSdEeqEM7mFKilpXw","name":"Zugangsverwaltung Sharing","type":"BusinessService","layer":"business"},{"id":"_rOa_xrSdEeqEM7mFKilpXw","name":"Mobilititätsdienstleister Sharing","type":"BusinessRole","layer":"business"},{"id":"_rOa_yLSdEeqEM7mFKilpXw","name":"Mobilitätsdienstleister","type":"BusinessRole","layer":"business"},{"id":"_rOa_yrSdEeqEM7mFKilpXw","name":"Auskunftsgeber","type":"BusinessRole","layer":"business"},{"id":"_rOa_zLSdEeqEM7mFKilpXw","name":"Kundenvertragspartner","type":"BusinessRole","layer":"business"},{"id":"_rOa_zrSdEeqEM7mFKilpXw","name":"Zahlungssystem","type":"BusinessService","layer":"business"},{"id":"_rOa_0LSdEeqEM7mFKilpXw","name":"Zahlungsdienstleister","type":"BusinessRole","layer":"business"},{"id":"_rOa_0rSdEeqEM7mFKilpXw","name":"VBB","type":"BusinessActor","layer":"business"},{"id":"_rOa_1LSdEeqEM7mFKilpXw","name":"ViP","type":"BusinessActor","layer":"business"},{"id":"_rOa_1rSdEeqEM7mFKilpXw","name":"Service Privat","type":"BusinessActor","layer":"business"},{"id":"_rOa_2LSdEeqEM7mFKilpXw","name":"Initiale Buchung","type":"BusinessProcess","layer":"business"},{"id":"_rOa_2rSdEeqEM7mFKilpXw","name":"Umbuchen","type":"BusinessProcess","layer":"business"},{"id":"_rOa_3LSdEeqEM7mFKilpXw","name":"Integration von Daten","type":"BusinessProcess","layer":"business"},{"id":"_rOa_3rSdEeqEM7mFKilpXw","name":"Geokodierung von Adressen","type":"BusinessProcess","layer":"business"},{"id":"_rOa_4LSdEeqEM7mFKilpXw","name":"Auskunft ÖPNV","type":"BusinessProcess","layer":"business"},{"id":"_rOa_4rSdEeqEM7mFKilpXw","name":"Process","type":"BusinessProcess","layer":"business"},{"id":"_rOa_5LSdEeqEM7mFKilpXw","name":"Process","type":"BusinessProcess","layer":"business"},{"id":"_rOa_5rSdEeqEM7mFKilpXw","name":"Process","type":"BusinessProcess","layer":"business"}],"relationships":[{"id":"_rOa_6LSdEeqEM7mFKilpXw","sourceId":"_rOa_mbSdEeqEM7mFKilpXw","targetId":"_rOa_l7SdEeqEM7mFKilpXw","type":"Access"},{"id":"_rOa_6rSdEeqEM7mFKilpXw","sourceId":"_rOa_m7SdEeqEM7mFKilpXw","targetId":"_rOa_mbSdEeqEM7mFKilpXw","type":"Composition"},{"id":"_rOa_7LSdEeqEM7mFKilpXw","sourceId":"_rOa_m7SdEeqEM7mFKilpXw","targetId":"_rOa_wrSdEeqEM7mFKilpXw","type":"Aggregation"},{"id":"_rOa_7rSdEeqEM7mFKilpXw","sourceId":"_rOa_m7SdEeqEM7mFKilpXw","targetId":"_rOa_n7SdEeqEM7mFKilpXw","type":"Composition"},{"id":"_rOa_8LSdEeqEM7mFKilpXw","sourceId":"_rOa_m7SdEeqEM7mFKilpXw","targetId":"_rOa_obSdEeqEM7mFKilpXw","type":"Composition"},{"id":"_rOa_8rSdEeqEM7mFKilpXw","sourceId":"_rOa_m7SdEeqEM7mFKilpXw","targetId":"_rOa_wLSdEeqEM7mFKilpXw","type":"Composition"},{"id":"_rOa_9LSdEeqEM7mFKilpXw","sourceId":"_rOa_m7SdEeqEM7mFKilpXw","targetId":"_rOa_xLSdEeqEM7mFKilpXw","type":"Composition"},{"id":"_rOa_9rSdEeqEM7mFKilpXw","sourceId":"_rOa_m7SdEeqEM7mFKilpXw","targetId":"_rOa_vrSdEeqEM7mFKilpXw","type":"Aggregation"},{"id":"_rOa_-LSdEeqEM7mFKilpXw","sourceId":"_rOa_zLSdEeqEM7mFKilpXw","targetId":"_rOa_obSdEeqEM7mFKilpXw","type":"Assignment"},{"id":"_rOa_-rSdEeqEM7mFKilpXw","sourceId":"_rOa_yrSdEeqEM7mFKilpXw","targetId":"_rOa_o7SdEeqEM7mFKilpXw","type":"Assignment"},{"id":"_rOa__LSdEeqEM7mFKilpXw","sourceId":"_rOa_yLSdEeqEM7mFKilpXw","targetId":"_rOa_vrSdEeqEM7mFKilpXw","type":"Assignment"},{"id":"_rOa__rSdEeqEM7mFKilpXw","sourceId":"_rOa_xrSdEeqEM7mFKilpXw","targetId":"_rOa_xLSdEeqEM7mFKilpXw","type":"Assignment"},{"id":"_rObAALSdEeqEM7mFKilpXw","sourceId":"_rOa_0LSdEeqEM7mFKilpXw","targetId":"_rOa_zrSdEeqEM7mFKilpXw","type":"Assignment"},{"id":"_rObAArSdEeqEM7mFKilpXw","sourceId":"_rOa_0rSdEeqEM7mFKilpXw","targetId":"_rOa_zLSdEeqEM7mFKilpXw","type":"Assignment"},{"id":"_rObABLSdEeqEM7mFKilpXw","sourceId":"_rOa_0rSdEeqEM7mFKilpXw","targetId":"_rOa_yrSdEeqEM7mFKilpXw","type":"Assignment"},{"id":"_rObABrSdEeqEM7mFKilpXw","sourceId":"_rOa_1LSdEeqEM7mFKilpXw","targetId":"_rOa_yLSdEeqEM7mFKilpXw","type":"Assignment"},{"id":"_rObACLSdEeqEM7mFKilpXw","sourceId":"_rOa_1rSdEeqEM7mFKilpXw","targetId":"_rOa_xrSdEeqEM7mFKilpXw","type":"Assignment"},{"id":"_rObACrSdEeqEM7mFKilpXw","sourceId":"_rOa_1rSdEeqEM7mFKilpXw","targetId":"_rOa_yrSdEeqEM7mFKilpXw","type":"Assignment"},{"id":"_rObADLSdEeqEM7mFKilpXw","sourceId":"_rOa_2LSdEeqEM7mFKilpXw","targetId":"_rOa_wLSdEeqEM7mFKilpXw","type":"Realization"},{"id":"_rObADrSdEeqEM7mFKilpXw","sourceId":"_rOa_o7SdEeqEM7mFKilpXw","targetId":"_rOa_o7SdEeqEM7mFKilpXw","type":"Composition"},{"id":"_rObAELSdEeqEM7mFKilpXw","sourceId":"_rOa_2rSdEeqEM7mFKilpXw","targetId":"_rOa_wLSdEeqEM7mFKilpXw","type":"Realization"},{"id":"_rObAErSdEeqEM7mFKilpXw","sourceId":"_rOa_3LSdEeqEM7mFKilpXw","targetId":"_rOa_o7SdEeqEM7mFKilpXw","type":"Realization"},{"id":"_rObAFLSdEeqEM7mFKilpXw","sourceId":"_rOa_3rSdEeqEM7mFKilpXw","targetId":"_rOa_o7SdEeqEM7mFKilpXw","type":"Realization"}],"views":[{"id":"_rOaYQLSdEeqEM7mFKilpXw","name":"archimate-diagram","viewpoint":""}]}