<?xml version="1.0" encoding="UTF-8"?><model xmlns="http://www.opengroup.org/xsd/archimate/3.0/" xmlns:xsi="http://www.w3.org/2001/XMLSchema-instance" identifier="_rOZKILSdEeqEM7mFKilpXw">  <name xml:lang="en">test1</name>  <elements>    <element xsi:type="BusinessObject" identifier="_rOa_l7SdEeqEM7mFKilpXw">      <name xml:lang="en">Integrierter Mobilitätsmanagement</name>      <documentation/>    </element>    <element xsi:type="BusinessService" identifier="_rOa_mbSdEeqEM7mFKilpXw">      <name xml:lang="en">Service muss angeboten werden</name>      <documentation/>    </element>    <element xsi:type="Product" identifier="_rOa_m7SdEeqEM7mFKilpXw">      <name xml:lang="en">Integrierter Mobilitätsmanagement</name>      <documentation/>    </element>    <element xsi:type="BusinessService" identifier="_rOa_nbSdEeqEM7mFKilpXw">      <name xml:lang="en">Service</name>      <documentation/>    </element>    <element xsi:type="BusinessService" identifier="_rOa_n7SdEeqEM7mFKilpXw">      <name xml:lang="en">Informationsportal Angebot</name>      <documentation/>    </element>    <element xsi:type="BusinessService" identifier="_rOa_obSdEeqEM7mFKilpXw">      <name xml:lang="en">Kunden - und Vertragsverwaltung</name>      <documentation/>    </element>    <element xsi:type="BusinessService" identifier="_rOa_o7SdEeqEM7mFKilpXw">      <name xml:lang="en">Intermodale Auskunft</name>      <documentation/>    </element>    <element xsi:type="BusinessService" identifier="_rOa_vrSdEeqEM7mFKilpXw">      <name xml:lang="en">DRT disponieren</name>      <documentation/>    </element>    <element xsi:type="BusinessService" identifier="_rOa_wLSdEeqEM7mFKilpXw">      <name xml:lang="en">Buchungsmanager</name>      <documentation/>    </element>    <element xsi:type="BusinessService" identifier="_rOa_wrSdEeqEM7mFKilpXw">      <name xml:lang="en">Service kann angeboten werden</name>      <documentation/>    </element>    <element xsi:type="BusinessService" identifier="_rOa_xLSdEeqEM7mFKilpXw">      <name xml:lang="en">Zugangsverwaltung Sharing</name>      <documentation/>    </element>    <element xsi:type="BusinessRole" identifier="_rOa_xrSdEeqEM7mFKilpXw">      <name xml:lang="en">Mobilititätsdienstleister Sharing</name>      <documentation/>    </element>    <element xsi:type="BusinessRole" identifier="_rOa_yLSdEeqEM7mFKilpXw">      <name xml:lang="en">Mobilitätsdienstleister</name>      <documentation/>    </element>    <element xsi:type="BusinessRole" identifier="_rOa_yrSdEeqEM7mFKilpXw">      <name xml:lang="en">Auskunftsgeber</name>      <documentation/>    </element>    <element xsi:type="BusinessRole" identifier="_rOa_zLSdEeqEM7mFKilpXw">      <name xml:lang="en">Kundenvertragspartner</name>      <documentation/>    </element>    <element xsi:type="BusinessService" identifier="_rOa_zrSdEeqEM7mFKilpXw">      <name xml:lang="en">Zahlungssystem</name>      <documentation/>    </element>    <element xsi:type="BusinessRole" identifier="_rOa_0LSdEeqEM7mFKilpXw">      <name xml:lang="en">Zahlungsdienstleister</name>      <documentation/>    </element>    <element xsi:type="BusinessActor" identifier="_rOa_0rSdEeqEM7mFKilpXw">      <name xml:lang="en">VBB</name>      <documentation/>    </element>    <element xsi:type="BusinessActor" identifier="_rOa_1LSdEeqEM7mFKilpXw">      <name xml:lang="en">ViP</name>      <documentation/>    </element>    <element xsi:type="BusinessActor" identifier="_rOa_1rSdEeqEM7mFKilpXw">      <name xml:lang="en">Service Privat</name>      <documentation/>    </element>    <element xsi:type="BusinessProcess" identifier="_rOa_2LSdEeqEM7mFKilpXw">      <name xml:lang="en">Initiale Buchung</name>      <documentation/>    </element>    <element xsi:type="BusinessProcess" identifier="_rOa_2rSdEeqEM7mFKilpXw">      <name xml:lang="en">Umbuchen</name>      <documentation/>    </element>    <element xsi:type="BusinessProcess" identifier="_rOa_3LSdEeqEM7mFKilpXw">      <name xml:lang="en">Integration von Daten</name>      <documentation/>    </element>    <element xsi:type="BusinessProcess" identifier="_rOa_3rSdEeqEM7mFKilpXw">      <name xml:lang="en">Geokodierung von Adressen</name>      <documentation/>    </element>    <element xsi:type="BusinessProcess" identifier="_rOa_4LSdEeqEM7mFKilpXw">      <name xml:lang="en">Auskunft ÖPNV</name>      <documentation/>    </element>    <element xsi:type="BusinessProcess" identifier="_rOa_4rSdEeqEM7mFKilpXw">      <name xml:lang="en">Process</name>      <documentation/>    </element>    <element xsi:type="BusinessProcess" identifier="_rOa_5LSdEeqEM7mFKilpXw">      <name xml:lang="en">Process</name>      <documentation/>    </element>    <element xsi:type="BusinessProcess" identifier="_rOa_5rSdEeqEM7mFKilpXw">      <name xml:lang="en">Process</name>      <documentation/>    </element>  </elements>  <relationships>    <relationship xsi:type="Access" identifier="_rOa_6LSdEeqEM7mFKilpXw" source="_rOa_mbSdEeqEM7mFKilpXw" target="_rOa_l7SdEeqEM7mFKilpXw" accessType="Access">      <name xml:lang="en"/>      <documentation/>    </relationship>    <relationship xsi:type="Composition" identifier="_rOa_6rSdEeqEM7mFKilpXw" source="_rOa_m7SdEeqEM7mFKilpXw" target="_rOa_mbSdEeqEM7mFKilpXw">      <name xml:lang="en"/>      <documentation/>    </relationship>    <relationship xsi:type="Aggregation" identifier="_rOa_7LSdEeqEM7mFKilpXw" source="_rOa_m7SdEeqEM7mFKilpXw" target="_rOa_wrSdEeqEM7mFKilpXw">      <name xml:lang="en"/>      <documentation/>    </relationship>    <relationship xsi:type="Composition" identifier="_rOa_7rSdEeqEM7mFKilpXw" source="_rOa_m7SdEeqEM7mFKilpXw" target="_rOa_n7SdEeqEM7mFKilpXw">      <name xml:lang="en"/>      <documentation/>    </relationship>    <relationship xsi:type="Composition" identifier="_rOa_8LSdEeqEM7mFKilpXw" source="_rOa_m7SdEeqEM7mFKilpXw" target="_rOa_obSdEeqEM7mFKilpXw">      <name xml:lang="en"/>      <documentation/>    </relationship>    <relationship xsi:type="Composition" identifier="_rOa_8rSdEeqEM7mFKilpXw" source="_rOa_m7SdEeqEM7mFKilpXw" target="_rOa_wLSdEeqEM7mFKilpXw">      <name xml:lang="en"/>      <documentation/>    </relationship>    <relationship xsi:type="Composition" identifier="_rOa_9LSdEeqEM7mFKilpXw" source="_rOa_m7SdEeqEM7mFKilpXw" target="_rOa_xLSdEeqEM7mFKilpXw">      <name xml:lang="en"/>      <documentation/>    </relationship>    <relationship xsi:type="Aggregation" identifier="_rOa_9rSdEeqEM7mFKilpXw" source="_rOa_m7SdEeqEM7mFKilpXw" target="_rOa_vrSdEeqEM7mFKilpXw">      <name xml:lang="en"/>      <documentation/>    </relationship>    <relationship xsi:type="Assignment" identifier="_rOa_-LSdEeqEM7mFKilpXw" source="_rOa_zLSdEeqEM7mFKilpXw" target="_rOa_obSdEeqEM7mFKilpXw">      <name xml:lang="en"/>      <documentation/>    </relationship>    <relationship xsi:type="Assignment" identifier="_rOa_-rSdEeqEM7mFKilpXw" source="_rOa_yrSdEeqEM7mFKilpXw" target="_rOa_o7SdEeqEM7mFKilpXw">      <name xml:lang="en"/>      <documentation/>    </relationship>    <relationship xsi:type="Assignment" identifier="_rOa__LSdEeqEM7mFKilpXw" source="_rOa_yLSdEeqEM7mFKilpXw" target="_rOa_vrSdEeqEM7mFKilpXw">      <name xml:lang="en"/>      <documentation/>    </relationship>    <relationship xsi:type="Assignment" identifier="_rOa__rSdEeqEM7mFKilpXw" source="_rOa_xrSdEeqEM7mFKilpXw" target="_rOa_xLSdEeqEM7mFKilpXw">      <name xml:lang="en"/>      <documentation/>    </relationship>    <relationship xsi:type="Assignment" identifier="_rObAALSdEeqEM7mFKilpXw" source="_rOa_0LSdEeqEM7mFKilpXw" target="_rOa_zrSdEeqEM7mFKilpXw">      <name xml:lang="en"/>      <documentation/>    </relationship>    <relationship xsi:type="Assignment" identifier="_rObAArSdEeqEM7mFKilpXw" source="_rOa_0rSdEeqEM7mFKilpXw" target="_rOa_zLSdEeqEM7mFKilpXw">      <name xml:lang="en"/>      <documentation/>    </relationship>    <relationship xsi:type="Assignment" identifier="_rObABLSdEeqEM7mFKilpXw" source="_rOa_0rSdEeqEM7mFKilpXw" target="_rOa_yrSdEeqEM7mFKilpXw">      <name xml:lang="en"/>      <documentation/>    </relationship>    <relationship xsi:type="Assignment" identifier="_rObABrSdEeqEM7mFKilpXw" source="_rOa_1LSdEeqEM7mFKilpXw" target="_rOa_yLSdEeqEM7mFKilpXw">      <name xml:lang="en"/>      <documentation/>    </relationship>    <relationship xsi:type="Assignment" identifier="_rObACLSdEeqEM7mFKilpXw" source="_rOa_1rSdEeqEM7mFKilpXw" target="_rOa_xrSdEeqEM7mFKilpXw">      <name xml:lang="en"/>      <documentation/>    </relationship>    <relationship xsi:type="Assignment" identifier="_rObACrSdEeqEM7mFKilpXw" source="_rOa_1rSdEeqEM7mFKilpXw" target="_rOa_yrSdEeqEM7mFKilpXw">      <name xml:lang="en"/>      <documentation/>    </relationship>    <relationship xsi:type="Realization" identifier="_rObADLSdEeqEM7mFKilpXw" source="_rOa_2LSdEeqEM7mFKilpXw" target="_rOa_wLSdEeqEM7mFKilpXw">      <name xml:lang="en"/>      <documentation/>    </relationship>    <relationship xsi:type="Composition" identifier="_rObADrSdEeqEM7mFKilpXw" source="_rOa_o7SdEeqEM7mFKilpXw" target="_rOa_o7SdEeqEM7mFKilpXw">      <name xml:lang="en"/>      <documentation/>    </relationship>    <relationship xsi:type="Realization" identifier="_rObAELSdEeqEM7mFKilpXw" source="_rOa_2rSdEeqEM7mFKilpXw" target="_rOa_wLSdEeqEM7mFKilpXw">      <name xml:lang="en"/>      <documentation/>    </relationship>    <relationship xsi:type="Realization" identifier="_rObAErSdEeqEM7mFKilpXw" source="_rOa_3LSdEeqEM7mFKilpXw" target="_rOa_o7SdEeqEM7mFKilpXw">      <name xml:lang="en"/>      <documentation/>    </relationship>    <relationship xsi:type="Realization" identifier="_rObAFLSdEeqEM7mFKilpXw" source="_rOa_3rSdEeqEM7mFKilpXw" target="_rOa_o7SdEeqEM7mFKilpXw">      <name xml:lang="en"/>      <documentation/>    </relationship>  </relationships>  <views>    <diagrams>      <view identifier="_rOaYQLSdEeqEM7mFKilpXw">        <name xml:lang="en">archimate-diagram</name>        <node xsi:type="Element" identifier="_rOaYQrSdEeqEM7mFKilpXw" h="60" w="130" x="228" y="348" elementRef="_rOa_mbSdEeqEM7mFKilpXw"/>        <node xsi:type="Element" identifier="_rOaYQ7SdEeqEM7mFKilpXw" h="188" w="1090" x="415" y="228" elementRef="_rOa_m7SdEeqEM7mFKilpXw"/>        <node xsi:type="Element" identifier="_rOaYTLSdEeqEM7mFKilpXw" h="60" w="130" x="415" y="490" elementRef="_rOa_n7SdEeqEM7mFKilpXw"/>        <node xsi:type="Element" identifier="_rOaYTbSdEeqEM7mFKilpXw" h="60" w="130" x="577" y="490" elementRef="_rOa_obSdEeqEM7mFKilpXw"/>        <node xsi:type="Element" identifier="_rOaYTrSdEeqEM7mFKilpXw" h="60" w="130" x="889" y="490" elementRef="_rOa_o7SdEeqEM7mFKilpXw"/>        <node xsi:type="Element" identifier="_rOaYT7SdEeqEM7mFKilpXw" h="60" w="130" x="1034" y="490" elementRef="_rOa_vrSdEeqEM7mFKilpXw"/>        <node xsi:type="Element" identifier="_rOaYULSdEeqEM7mFKilpXw" h="60" w="130" x="735" y="925" elementRef="_rOa_wLSdEeqEM7mFKilpXw"/>        <node xsi:type="Element" identifier="_rOaYUbSdEeqEM7mFKilpXw" h="60" w="130" x="228" y="245" elementRef="_rOa_wrSdEeqEM7mFKilpXw"/>        <node xsi:type="Element" identifier="_rOaYWrSdEeqEM7mFKilpXw" h="60" w="130" x="1198" y="490" elementRef="_rOa_xLSdEeqEM7mFKilpXw"/>        <node xsi:type="Element" identifier="_rOaYg7SdEeqEM7mFKilpXw" h="60" w="130" x="1198" y="611" elementRef="_rOa_xrSdEeqEM7mFKilpXw"/>        <node xsi:type="Element" identifier="_rOaYhLSdEeqEM7mFKilpXw" h="60" w="130" x="1034" y="611" elementRef="_rOa_yLSdEeqEM7mFKilpXw"/>        <node xsi:type="Element" identifier="_rOaYhbSdEeqEM7mFKilpXw" h="60" w="130" x="889" y="611" elementRef="_rOa_yrSdEeqEM7mFKilpXw"/>        <node xsi:type="Element" identifier="_rOaYhrSdEeqEM7mFKilpXw" h="60" w="130" x="577" y="611" elementRef="_rOa_zLSdEeqEM7mFKilpXw"/>        <node xsi:type="Element" identifier="_rOaYh7SdEeqEM7mFKilpXw" h="60" w="130" x="1366" y="490" elementRef="_rOa_zrSdEeqEM7mFKilpXw"/>        <node xsi:type="Element" identifier="_rOaYiLSdEeqEM7mFKilpXw" h="60" w="130" x="1366" y="611" elementRef="_rOa_0LSdEeqEM7mFKilpXw"/>        <node xsi:type="Element" identifier="_rOa_WbSdEeqEM7mFKilpXw" h="60" w="130" x="577" y="773" elementRef="_rOa_0rSdEeqEM7mFKilpXw"/>        <node xsi:type="Element" identifier="_rOa_arSdEeqEM7mFKilpXw" h="60" w="130" x="1034" y="711" elementRef="_rOa_1LSdEeqEM7mFKilpXw"/>        <node xsi:type="Element" identifier="_rOa_a7SdEeqEM7mFKilpXw" h="60" w="130" x="1034" y="809" elementRef="_rOa_1rSdEeqEM7mFKilpXw"/>        <node xsi:type="Element" identifier="_rOa_hLSdEeqEM7mFKilpXw" h="60" w="130" x="650" y="1049" elementRef="_rOa_2LSdEeqEM7mFKilpXw"/>        <node xsi:type="Element" identifier="_rOa_hbSdEeqEM7mFKilpXw" h="60" w="130" x="815" y="1049" elementRef="_rOa_2rSdEeqEM7mFKilpXw"/>        <connection xsi:type="Relationship" identifier="_rOaYRbSdEeqEM7mFKilpXw" source="_rOaYQ7SdEeqEM7mFKilpXw" target="_rOaYQrSdEeqEM7mFKilpXw" relationshipRef="_rOa_6rSdEeqEM7mFKilpXw">          <bendpoint x="387" y="378"/>          <bendpoint x="386" y="378"/>        </connection>        <connection xsi:type="Relationship" identifier="_rOaYU7SdEeqEM7mFKilpXw" source="_rOaYQ7SdEeqEM7mFKilpXw" target="_rOaYUbSdEeqEM7mFKilpXw" relationshipRef="_rOa_7LSdEeqEM7mFKilpXw">          <bendpoint x="387" y="275"/>          <bendpoint x="386" y="275"/>        </connection>        <connection xsi:type="Relationship" identifier="_rOaYXLSdEeqEM7mFKilpXw" source="_rOaYQ7SdEeqEM7mFKilpXw" target="_rOaYTLSdEeqEM7mFKilpXw" relationshipRef="_rOa_7rSdEeqEM7mFKilpXw">          <bendpoint x="480" y="453"/>          <bendpoint x="480" y="453"/>        </connection>        <connection xsi:type="Relationship" identifier="_rOaYZLSdEeqEM7mFKilpXw" source="_rOaYQ7SdEeqEM7mFKilpXw" target="_rOaYTbSdEeqEM7mFKilpXw" relationshipRef="_rOa_8LSdEeqEM7mFKilpXw">          <bendpoint x="642" y="453"/>          <bendpoint x="642" y="453"/>        </connection>        <connection xsi:type="Relationship" identifier="_rOaYbLSdEeqEM7mFKilpXw" source="_rOaYQ7SdEeqEM7mFKilpXw" target="_rOaYULSdEeqEM7mFKilpXw" relationshipRef="_rOa_8rSdEeqEM7mFKilpXw">          <bendpoint x="800" y="671"/>          <bendpoint x="800" y="670"/>        </connection>        <connection xsi:type="Relationship" identifier="_rOaYdLSdEeqEM7mFKilpXw" source="_rOaYQ7SdEeqEM7mFKilpXw" target="_rOaYWrSdEeqEM7mFKilpXw" relationshipRef="_rOa_9LSdEeqEM7mFKilpXw">          <bendpoint x="1263" y="453"/>          <bendpoint x="1263" y="453"/>        </connection>        <connection xsi:type="Relationship" identifier="_rOaYfLSdEeqEM7mFKilpXw" source="_rOaYQ7SdEeqEM7mFKilpXw" target="_rOaYT7SdEeqEM7mFKilpXw" relationshipRef="_rOa_9rSdEeqEM7mFKilpXw">          <bendpoint x="1099" y="453"/>          <bendpoint x="1099" y="453"/>        </connection>        <connection xsi:type="Relationship" identifier="_rOaYirSdEeqEM7mFKilpXw" source="_rOaYhrSdEeqEM7mFKilpXw" target="_rOaYTbSdEeqEM7mFKilpXw" relationshipRef="_rOa_-LSdEeqEM7mFKilpXw">          <bendpoint x="642" y="580"/>          <bendpoint x="642" y="581"/>        </connection>        <connection xsi:type="Relationship" identifier="_rOaYkrSdEeqEM7mFKilpXw" source="_rOaYhbSdEeqEM7mFKilpXw" target="_rOaYTrSdEeqEM7mFKilpXw" relationshipRef="_rOa_-rSdEeqEM7mFKilpXw">          <bendpoint x="954" y="580"/>          <bendpoint x="954" y="581"/>        </connection>        <connection xsi:type="Relationship" identifier="_rOaYmrSdEeqEM7mFKilpXw" source="_rOaYhLSdEeqEM7mFKilpXw" target="_rOaYT7SdEeqEM7mFKilpXw" relationshipRef="_rOa__LSdEeqEM7mFKilpXw">          <bendpoint x="1099" y="580"/>          <bendpoint x="1099" y="581"/>        </connection>        <connection xsi:type="Relationship" identifier="_rOaYorSdEeqEM7mFKilpXw" source="_rOaYg7SdEeqEM7mFKilpXw" target="_rOaYWrSdEeqEM7mFKilpXw" relationshipRef="_rOa__rSdEeqEM7mFKilpXw">          <bendpoint x="1263" y="580"/>          <bendpoint x="1263" y="581"/>        </connection>        <connection xsi:type="Relationship" identifier="_rOa_UrSdEeqEM7mFKilpXw" source="_rOaYiLSdEeqEM7mFKilpXw" target="_rOaYh7SdEeqEM7mFKilpXw" relationshipRef="_rObAALSdEeqEM7mFKilpXw">          <bendpoint x="1431" y="580"/>          <bendpoint x="1431" y="581"/>        </connection>        <connection xsi:type="Relationship" identifier="_rOa_W7SdEeqEM7mFKilpXw" source="_rOa_WbSdEeqEM7mFKilpXw" target="_rOaYhrSdEeqEM7mFKilpXw" relationshipRef="_rObAArSdEeqEM7mFKilpXw">          <bendpoint x="642" y="722"/>          <bendpoint x="642" y="722"/>        </connection>        <connection xsi:type="Relationship" identifier="_rOa_Y7SdEeqEM7mFKilpXw" source="_rOa_WbSdEeqEM7mFKilpXw" target="_rOaYhbSdEeqEM7mFKilpXw" relationshipRef="_rObABLSdEeqEM7mFKilpXw">          <bendpoint x="798" y="803"/>          <bendpoint x="798" y="641"/>        </connection>        <connection xsi:type="Relationship" identifier="_rOa_bbSdEeqEM7mFKilpXw" source="_rOa_arSdEeqEM7mFKilpXw" target="_rOaYhLSdEeqEM7mFKilpXw" relationshipRef="_rObABrSdEeqEM7mFKilpXw">          <bendpoint x="1099" y="691"/>          <bendpoint x="1099" y="691"/>        </connection>        <connection xsi:type="Relationship" identifier="_rOa_dbSdEeqEM7mFKilpXw" source="_rOa_a7SdEeqEM7mFKilpXw" target="_rOaYg7SdEeqEM7mFKilpXw" relationshipRef="_rObACLSdEeqEM7mFKilpXw">          <bendpoint x="1181" y="839"/>          <bendpoint x="1181" y="641"/>        </connection>        <connection xsi:type="Relationship" identifier="_rOa_fbSdEeqEM7mFKilpXw" source="_rOa_a7SdEeqEM7mFKilpXw" target="_rOaYhbSdEeqEM7mFKilpXw" relationshipRef="_rObACrSdEeqEM7mFKilpXw">          <bendpoint x="1027" y="839"/>          <bendpoint x="1026" y="641"/>        </connection>        <connection xsi:type="Relationship" identifier="_rOa_h7SdEeqEM7mFKilpXw" source="_rOa_hLSdEeqEM7mFKilpXw" target="_rOaYULSdEeqEM7mFKilpXw" relationshipRef="_rObADLSdEeqEM7mFKilpXw">          <bendpoint x="757" y="1017"/>          <bendpoint x="757" y="1017"/>        </connection>        <connection xsi:type="Relationship" identifier="_rOa_j7SdEeqEM7mFKilpXw" source="_rOa_hbSdEeqEM7mFKilpXw" target="_rOaYULSdEeqEM7mFKilpXw" relationshipRef="_rObAELSdEeqEM7mFKilpXw">          <bendpoint x="840" y="1017"/>          <bendpoint x="840" y="1017"/>        </connection>      </view>    </diagrams>  </views></model>
