<?xml version="1.0" encoding="UTF-8"?><model xmlns="http://www.opengroup.org/xsd/archimate/3.0/" xmlns:xsi="http://www.w3.org/2001/XMLSchema-instance" identifier="_xE2gADsMEeufTvxJgLajhw">  <name xml:lang="en">MaaSLABSPlanung3.0</name>  <elements>    <element xsi:type="ApplicationService" identifier="_xE7_uTsMEeufTvxJgLajhw">      <name xml:lang="en">Basidaten bereitstellen</name>      <documentation/>    </element>    <element xsi:type="ApplicationComponent" identifier="_xE7_uzsMEeufTvxJgLajhw">      <name xml:lang="en">PlanB</name>      <documentation/>    </element>    <element xsi:type="ApplicationComponent" identifier="_xE7_vTsMEeufTvxJgLajhw">      <name xml:lang="en">GIS</name>      <documentation/>    </element>    <element xsi:type="ApplicationService" identifier="_xE7_vzsMEeufTvxJgLajhw">      <name xml:lang="en">Nachfragedaten berechnen und bereitstellen</name>      <documentation/>    </element>    <element xsi:type="ApplicationComponent" identifier="_xE7_wTsMEeufTvxJgLajhw">      <name xml:lang="en">Nachfrage Schätzung</name>      <documentation/>    </element>    <element xsi:type="ApplicationComponent" identifier="_xE7_wzsMEeufTvxJgLajhw">      <name xml:lang="en">Nachfrage Schätzer</name>      <documentation/>    </element>    <element xsi:type="ApplicationComponent" identifier="_xE7_xTsMEeufTvxJgLajhw">      <name xml:lang="en">MATSim</name>      <documentation/>    </element>    <element xsi:type="ApplicationComponent" identifier="_xE7_xzsMEeufTvxJgLajhw">      <name xml:lang="en">Visum</name>      <documentation/>    </element>    <element xsi:type="BusinessService" identifier="_xE7_yTsMEeufTvxJgLajhw">      <name xml:lang="en">Szenarien entwickeln</name>      <documentation>&lt;p>Die Formulierung der Ziele sollte ber&amp;uuml;cksichtigen, inwieweit Belange der Daseinsvorsorge zu ber&amp;uuml;cksichtigen und somit eine gemeinwirtschaftliche Finanzierung zum Tragen kommt.&lt;/p>&lt;p>Die Probleme oder Ausl&amp;ouml;ser k&amp;ouml;nnen Teil eines Umfassenden Stadtentwicklungsprozesse oder lokale gegrenzt sein&amp;nbsp;&lt;/p></documentation>    </element>    <element xsi:type="Outcome" identifier="_xE7_yzsMEeufTvxJgLajhw">      <name xml:lang="en">Initiale Übersichten und Planungsgrundlagen</name>      <documentation/>    </element>    <element xsi:type="BusinessService" identifier="_xE7_zTsMEeufTvxJgLajhw">      <name xml:lang="en">ÖPNV zentrierte Szenarien entwicklen</name>      <documentation>&lt;ul>	&lt;li>	&lt;p>Transformation des gesamten Mobilit&amp;auml;tssystems: Umfassende Neuplanung in einem Bediengebietes incl. neuer Mobilit&amp;auml;tskonzeptes in Kombination mit neuen Fahrzeugkonzepten.&lt;/p>	&lt;/li>	&lt;li>	&lt;p>Transformation eines Teilgebietes: Neuplanung eins Teilgebietes, das spezifische Problemlage aufweist oder Pilotfunktion hat.&lt;/p>	&lt;/li>	&lt;li>	&lt;p>Linienbezogene Erweiterung des bestehenden Angebotes: Erg&amp;auml;nzung eines axialen Netzes auf die Zentren ausgerichteten Netzes durch tangentiale Verbindungen.&lt;/p>	&lt;/li>	&lt;li>	&lt;p>Optimierung einer Linie: Einsatz alternativer Bedienformen zur Optimierung des Betriebs einer bestehenden Linie.&lt;/p>	&lt;/li>	&lt;li>	&lt;p>&lt;span style=&quot;color:#ff0000&quot;>&lt;strong>Erreichbarkeit von Quartieren: Erg&amp;auml;nzung des Angebotes einer Linie durch ein Last-Mile-Angebot zur Verbesserung der.&lt;/strong>&lt;/span>&lt;/p>	&lt;/li>	&lt;li>	&lt;p>Verbesserung der Erreichbarkeit in der Fl&amp;auml;che: Schaffung eines in der Fl&amp;auml;che wirkenden Angebotes&lt;/p>	&lt;/li>&lt;/ul>&lt;p>Intermodal mit MIV-Anteilen: Schaffung von Verkn&amp;uuml;pfungspunkten f&amp;uuml;r sehr nachfrageschwache R&amp;auml;ume&lt;/p></documentation>    </element>    <element xsi:type="BusinessService" identifier="_xE7_zzsMEeufTvxJgLajhw">      <name xml:lang="en">Globele Szenarien entwicken</name>      <documentation>&lt;p>&lt;strong>Basis2019&lt;/strong>: Aktueller Stand vor Corona. Der hamburgweite Modalanteil des MIV liegt bei 36% (MiD), der des &amp;Ouml;V bei 22% der Wege.&lt;/p>&lt;p>&lt;strong>RealLab2030&lt;/strong>: Die Nachfrage, d.h. die Anzahl der Wege und die Quelle-Ziel Beziehungen bleibt konstant, aber es werden die erkennbar verkehrsrelevanten TPs auf den gesamten Raum von Hamburg erweitert.&lt;/p>&lt;p>&lt;strong>RealLab2030plus&lt;/strong>: Die Nachfrage, d.h. die Anzahl der Wege und die Quelle-Ziel Beziehungenbleibt konstant, aber es werden die erkennbar verkehrsrelevanten TPs auf den gesamten Raum von Hamburg erweitert, und es wird der geplante Hamburgtakt eingef&amp;uuml;hrt.&lt;/p>&lt;p>&lt;strong>ProKlima2030&lt;/strong>: Zus&amp;auml;tzlich zu RealLab2030 werden Ma&amp;szlig;nahmen ergriffen, die darauf abzielen, die Attraktivit&amp;auml;t des MIV weiter zu reduzieren.&amp;nbsp; Dazu geh&amp;ouml;rt vor allem eine Parkraumbewirtschaftung&amp;nbsp;, eine Umwandlung von Stra&amp;szlig;enraum in Fu&amp;szlig;g&amp;auml;ngerzonen oder Radwege, sowie eine konsequente Umgestaltung des Verkehrsraums in Bezug auf die Erh&amp;ouml;hung der Verkehrssicherheit und die Erh&amp;ouml;hung der Aufenthaltsqualit&amp;auml;t der Stadtr&amp;auml;ume.&lt;/p>&lt;p>&lt;strong>DRT2030&lt;/strong>&amp;nbsp;&amp;nbsp;: &amp;nbsp;&amp;nbsp;Das hier ist das Szenario mit der st&amp;auml;rksten denkbaren Digitalisierung: der gesamte MIV wird durch einen DRT-Service ersetzt mit verschieden gro&amp;szlig;en automatisch fahrenden Fahrzeugen, von Einzelpersonen bis zu normalen Bussen, da wo sich eine Nachfrage entsprechend b&amp;uuml;ndeln l&amp;auml;sst.&lt;/p></documentation>    </element>    <element xsi:type="BusinessService" identifier="_xE7_0TsMEeufTvxJgLajhw">      <name xml:lang="en">Visione und Strategien mit Stakeholdern  entwickeln</name>      <documentation/>    </element>    <element xsi:type="BusinessService" identifier="_xE7_0zsMEeufTvxJgLajhw">      <name xml:lang="en">Grobplanung der möglichen Angebotsformen</name>      <documentation/>    </element>    <element xsi:type="BusinessService" identifier="_xE7_1TsMEeufTvxJgLajhw">      <name xml:lang="en">Ziele und KPI's festlegen</name>      <documentation>&lt;p>Zielsetzung und KPI&amp;#39;s sollten auf die spezifische lokale Situation reagieren und k&amp;ouml;nne nicht globel festgelegt werden.&lt;/p></documentation>    </element>    <element xsi:type="BusinessService" identifier="_xE7_1zsMEeufTvxJgLajhw">      <name xml:lang="en">Maßnahmen integrieert für Planungsgebiet planen</name>      <documentation>&lt;p>Anzahl und (ungef&amp;auml;hre Lage der Haltestellen) entsprechend der planerischen Vorgaben.&lt;/p></documentation>    </element>    <element xsi:type="BusinessService" identifier="_xE7_2TsMEeufTvxJgLajhw">      <name xml:lang="en">Betriebskonzepte für Maßnahmen planen</name>      <documentation></documentation>    </element>    <element xsi:type="BusinessService" identifier="_xE7_2zsMEeufTvxJgLajhw">      <name xml:lang="en">Maßnahmen im Betrieb monitoren</name>      <documentation/>    </element>    <element xsi:type="BusinessService" identifier="_xE7_3TsMEeufTvxJgLajhw">      <name xml:lang="en">Ist-Daten bereitstellen</name>      <documentation/>    </element>    <element xsi:type="ApplicationService" identifier="_xE7_3zsMEeufTvxJgLajhw">      <name xml:lang="en">Ist-Daten bereitstellen</name>      <documentation/>    </element>    <element xsi:type="ApplicationComponent" identifier="_xE7_4TsMEeufTvxJgLajhw">      <name xml:lang="en">Managemnt Systeme</name>      <documentation/>    </element>    <element xsi:type="ApplicationComponent" identifier="_xE7_4zsMEeufTvxJgLajhw">      <name xml:lang="en">ITCS</name>      <documentation/>    </element>    <element xsi:type="ApplicationComponent" identifier="_xE7_5TsMEeufTvxJgLajhw">      <name xml:lang="en">VSMR</name>      <documentation/>    </element>    <element xsi:type="ApplicationService" identifier="_xE7_5zsMEeufTvxJgLajhw">      <name xml:lang="en">Maßnahmen integriert für Planungsgebiet planen</name>      <documentation/>    </element>    <element xsi:type="BusinessService" identifier="_xE7_6TsMEeufTvxJgLajhw">      <name xml:lang="en">Mobilitätsservices betreiben</name>      <documentation/>    </element>    <element xsi:type="ApplicationService" identifier="_xE7_6zsMEeufTvxJgLajhw">      <name xml:lang="en">Mobilitätsservices betreiben</name>      <documentation/>    </element>    <element xsi:type="BusinessService" identifier="_xE7_7TsMEeufTvxJgLajhw">      <name xml:lang="en">Maßnahmenkategorien (&quot;Services&quot;)auswählen </name>      <documentation/>    </element>    <element xsi:type="BusinessService" identifier="_xE7_7zsMEeufTvxJgLajhw">      <name xml:lang="en">Liniengebundenen Verkehr planen</name>      <documentation>&lt;ul>	&lt;li>	&lt;p>Klassischer Linienverkehr&lt;/p>	&lt;/li>	&lt;li>	&lt;p>Bedarfslinien&lt;/p>	&lt;/li>	&lt;li>	&lt;p>Richtungsband-Betrieb&lt;/p>	&lt;/li>&lt;/ul></documentation>    </element>    <element xsi:type="BusinessService" identifier="_xE7_8TsMEeufTvxJgLajhw">      <name xml:lang="en">DRT planen</name>      <documentation>&lt;ul>	&lt;li>	&lt;p>&lt;strong>Sektor Betrieb (Start und Ziel der Bedienung an einer Haltestelle des Linienverkehrs)&lt;/strong>&lt;/p>	&lt;/li>	&lt;li>	&lt;p>Freier Fl&amp;auml;chenverkehr &amp;ndash; Door2Door&lt;/p>	&lt;/li>	&lt;li>	&lt;p>Ride Hailing&lt;/p>	&lt;/li>	&lt;li>	&lt;p>Ride Pooling&lt;/p>	&lt;/li>	&lt;li>	&lt;p>Fahrdienste, die auf spezielle Nutzergruppen zugeschnitten sind,&lt;/p>	&lt;/li>	&lt;li>Ride Sharing&lt;/li>&lt;/ul></documentation>    </element>    <element xsi:type="ApplicationService" identifier="_xE7_8zsMEeufTvxJgLajhw">      <name xml:lang="en">Liniengebundenen Verkehrs planen</name>      <documentation/>    </element>    <element xsi:type="ApplicationService" identifier="_xE7_9TsMEeufTvxJgLajhw">      <name xml:lang="en">DRT planen</name>      <documentation/>    </element>    <element xsi:type="ApplicationComponent" identifier="_xE7_9zsMEeufTvxJgLajhw">      <name xml:lang="en">Sumo</name>      <documentation/>    </element>    <element xsi:type="ApplicationComponent" identifier="_xE7_-TsMEeufTvxJgLajhw">      <name xml:lang="en">TAPAS</name>      <documentation/>    </element>    <element xsi:type="BusinessService" identifier="_xE7_-zsMEeufTvxJgLajhw">      <name xml:lang="en">Maßahmen analysieren und bewerten</name>      <documentation>&lt;p>Die geplanten ma&amp;szlig;nahmen m&amp;uuml;ssen hinsichtlich der &amp;quot;Akzeptanz&amp;quot; sowie ihrer Wirkungen auf das Verkehrs- und Mobilit&amp;auml;tssystem, Umwelt, Klima, St&amp;auml;dtebau bewertet werden&lt;/p></documentation>    </element>    <element xsi:type="ApplicationService" identifier="_xE7__TsMEeufTvxJgLajhw">      <name xml:lang="en">Maßnahmen analysieren und bewerten</name>      <documentation/>    </element>    <element xsi:type="ApplicationComponent" identifier="_xE7__zsMEeufTvxJgLajhw">      <name xml:lang="en">Sumo Analyse</name>      <documentation/>    </element>    <element xsi:type="ApplicationComponent" identifier="_xE8AATsMEeufTvxJgLajhw">      <name xml:lang="en">Sumo Planung (DRT)</name>      <documentation/>    </element>    <element xsi:type="Meaning" identifier="_xE8AAzsMEeufTvxJgLajhw">      <name xml:lang="en">Hier sind wir noch nicht so wirklich richtig gut</name>      <documentation/>    </element>    <element xsi:type="BusinessService" identifier="_xE8ABTsMEeufTvxJgLajhw">      <name xml:lang="en">Fahrplanung</name>      <documentation>&lt;p>Fahrplan: Zeitliche Ausgestaltung des Angebotes, sowohl aus Sicht des Kunden als aus Sicht des Betriebes. Der Fahrplan nimmt hier eine Schnittstellenfunktion ein.&amp;nbsp;&amp;nbsp;&lt;/p>&lt;p>&lt;strong>Linie&lt;/strong>&lt;/p>&lt;ul>	&lt;li>	&lt;p>Festlegung der Linienrouten und der Fahrwege (&amp;Uuml;bernahme aus Verkehrsplanung, Linienf&amp;uuml;hrung ist zumeist abgestimmt; generell kann der Weg zwischen den Haltestellen aus geroutet werden)&lt;/p>	&lt;/li>	&lt;li>	&lt;p>Situationsplanung / Verwaltung von Linienvarianten&lt;/p>	&lt;/li>	&lt;li>	&lt;p>Frage: Wer bestimmt die Linien / Linienvarianten&lt;/p>	&lt;/li>	&lt;li>(Routing nur f&amp;uuml;r die Wegstrecke und Fahrzeit)&lt;/li>	&lt;li>	&lt;p>Berechnung der Fahrzeiten als Grundlage f&amp;uuml;r die Fahrplanbildung&lt;/p>	&lt;/li>	&lt;li>	&lt;p>Erstellung eines initialen Fahrplans (Frage: Nur Taktfahrplan? Wie geht man mit den Schwankungen der Nachfrage um?)&lt;/p>	&lt;/li>	&lt;li>	&lt;p>Anpassung von Fahr- und Wartezeiten (unter welchen Kriterien: Anschlusssicherung, Verkehrslage -&amp;gt; QM, Simulation&amp;hellip;.)&lt;/p>	&lt;/li>	&lt;li>	&lt;p>Anschlussbeziehungen / Anschlusssicherung&amp;nbsp;&amp;nbsp;&amp;nbsp;&lt;/p>	&lt;/li>&lt;/ul>&lt;p>&lt;strong>DRT&lt;/strong>&lt;/p>&lt;ul>	&lt;li>	&lt;p>Bedienzeiten&lt;/p>	&lt;/li>	&lt;li>Ggf. Synchronisierung mit dem fahrplangebundenen Verkehr an Verkn&amp;uuml;pfungspunkten.&amp;nbsp;&lt;/li>&lt;/ul>&lt;p>&amp;nbsp;&lt;/p></documentation>    </element>    <element xsi:type="BusinessService" identifier="_xE8ABzsMEeufTvxJgLajhw">      <name xml:lang="en">Netzplanung</name>      <documentation>&lt;p>Netzplanung und Haltestellenplanung: Welche Netzelemente werden auf Grundlage der Nachfrage bedient.&lt;/p>&lt;p>&lt;strong>Linie&lt;/strong>&lt;/p>&lt;ul>	&lt;li>&amp;Uuml;bernahme: Anzahl und (ungef&amp;auml;hre Lage der Haltestellen) entsprechend der planerischen Vorgaben.&lt;/li>&lt;/ul>&lt;p>&lt;strong>DRT&lt;/strong>&lt;/p>&lt;ul>	&lt;li>	&lt;p>Auf den Netzelement sind richtungsbezogene &lt;strong>Haltestellen-Abschnitte&lt;/strong>, die sich f&amp;uuml;r die Anlage von (virtuelle) Haltestellen oder Bedarfshalten eignen:&lt;/p>	&lt;/li>	&lt;li>	&lt;p>Abschnitt an der &amp;bdquo;Bordsteinkante&amp;ldquo;: Fahrzeug kann zwischen x1/y1 und x2/y2 halten.&lt;/p>	&lt;/li>	&lt;li>	&lt;p>(virtuelle) Haltepunkt: x/y&lt;/p>	&lt;/li>	&lt;li>	&lt;p>Haltestelle: Zusammenfassung von Haltestellestelleabschnitten und Haltepunkten.&lt;/p>	&lt;/li>	&lt;li>	&lt;p>Im Linienverkehr noch Haltestellenbereich: fahrtrichtungsbezogene Zusammenfassung von mindestens zwei Haltepunkten.&lt;/p>	&lt;/li>&lt;/ul></documentation>    </element>    <element xsi:type="BusinessService" identifier="_xE8ACTsMEeufTvxJgLajhw">      <name xml:lang="en">Umlaufplanung</name>      <documentation>&lt;p>Umlaufplan: Umsetzung der Linien und des Fahrplanes durch die Fahrzeuge und deren Einsatzplanung.&lt;/p>&lt;p>&lt;strong>Linie&lt;/strong>&lt;/p>&lt;ul>	&lt;li>	&lt;p>Erstellung und Pr&amp;uuml;fung der Uml&amp;auml;ufe (Drag &amp;amp; Drop)&lt;/p>	&lt;/li>	&lt;li>	&lt;p>Automatisierte Umlaufplanung&lt;/p>	&lt;ul>		&lt;li>		&lt;p>einfache kostenbasierte Parametrisierung&lt;/p>		&lt;/li>		&lt;li>		&lt;p>Ber&amp;uuml;cksichtigung von vorgegebenen Fahrt- und Linienverknüpfungen&amp;nbsp;&lt;/p>		&lt;/li>		&lt;li>		&lt;p>Zwischenspeicherung von Einstellungen und Ergebnissen&lt;/p>		&lt;/li>		&lt;li>		&lt;p>Nachoptimierung von manuell erstellten Umläufen&amp;nbsp;&lt;/p>		&lt;/li>		&lt;li>		&lt;p>Vorgelagerte Sensitivitätsanalyse&amp;nbsp;&lt;/p>		&lt;/li>	&lt;/ul>	&lt;/li>&lt;/ul>&lt;p>&lt;strong>DRT&lt;/strong>&lt;/p>&lt;ul>	&lt;li>	&lt;p>Minimierung des Fuhrparks unter voller Bedienung der Nachfrage (keine Ablehnung) und Erf&amp;uuml;llung der Nebenbedingungen:&lt;/p>	&lt;ul>		&lt;li>		&lt;p>In der Nachfrageberechnung k&amp;ouml;nnte man von einem optimalen Angebot ausgehen?&lt;/p>		&lt;/li>		&lt;li>		&lt;p>Wie sieht das optimale Angebot aus? -&amp;gt; &amp;bdquo;Kostenfunktion&amp;ldquo; f&amp;uuml;r die Berechnung der Verkehrsmittelwahl und ggf. auch der Zielwahl.&lt;/p>		&lt;/li>		&lt;li>		&lt;p>Nebenbedingungen m&amp;uuml;ssen insbesondere die Bedienqualit&amp;auml;t als Input f&amp;uuml;r die Nachfrage / Verkehrsmittelwahl liefern.&lt;/p>		&lt;/li>		&lt;li>		&lt;p>Nebenbedingungen sind dann auch in der betrieblichen Planung abzubilden.&amp;nbsp;&amp;nbsp;&amp;nbsp;&lt;/p>		&lt;/li>		&lt;li>		&lt;p>Maximierung (m&amp;ouml;glichst weitgehende Befriedigung) der Nachfrage (Ablehnung m&amp;ouml;glich) mit einem bestimmten Fuhrpark (feste Anzahl Fahrzeuge) unter Erf&amp;uuml;llung der Nebenbedingungen. Die Methoden zur L&amp;ouml;sung des DARP h&amp;auml;ngen von den Eigenschaften des Problems ab und k&amp;ouml;nnen zu einer optimalen L&amp;ouml;sung (exakte Methode) oder N&amp;auml;herungsl&amp;ouml;sung (Approximationsmethoden) f&amp;uuml;hren.&lt;/p>		&lt;/li>		&lt;li>		&lt;p>Hier k&amp;ouml;nnen die Rahmenbedingungen / Kostenfunktion an die Planung &amp;uuml;bergeben werden.&lt;/p>		&lt;/li>		&lt;li>Es kann festgestellt werden, ob sich unter diesen Rahmenbedingungen eine bestimmte		&lt;p>&amp;nbsp;&lt;/p>		&lt;/li>	&lt;/ul>	&lt;/li>&lt;/ul></documentation>    </element>    <element xsi:type="ApplicationService" identifier="_xE8ACzsMEeufTvxJgLajhw">      <name xml:lang="en">Fahrplanung Linie</name>      <documentation/>    </element>    <element xsi:type="BusinessService" identifier="_xE8ADTsMEeufTvxJgLajhw">      <name xml:lang="en">Dienstplanung</name>      <documentation>&lt;p>Dienstplan: Einsatz der Fahrer zur Umsetzung der Uml&amp;auml;ufe&lt;/p>&lt;p>&lt;strong>Linie&lt;/strong>&lt;/p>&lt;ul>	&lt;li>	&lt;p>Dienstplanung und kurzfristige Einsatzplanung (Frage: Genaue Def?)&lt;/p>	&lt;/li>&lt;/ul>&lt;p>&lt;strong>DRT&lt;/strong>&lt;/p>&lt;ul>	&lt;li>	&lt;p>Dienstplanung und kurzfristige Einsatzplanung (Frage: Genaue Def?)&lt;/p>	&lt;/li>	&lt;li>	&lt;p>Wie ber&amp;uuml;cksichtige Pausenzeiten.&lt;/p>	&lt;/li>&lt;/ul>&lt;p>&amp;nbsp;&lt;/p></documentation>    </element>    <element xsi:type="ApplicationService" identifier="_xE8ADzsMEeufTvxJgLajhw">      <name xml:lang="en">Umlaufplanung Linie</name>      <documentation/>    </element>    <element xsi:type="ApplicationService" identifier="_xE8AETsMEeufTvxJgLajhw">      <name xml:lang="en">Dienstplanung DRT</name>      <documentation/>    </element>    <element xsi:type="ApplicationService" identifier="_xE8AEzsMEeufTvxJgLajhw">      <name xml:lang="en">Fahrplanung DRT</name>      <documentation/>    </element>    <element xsi:type="ApplicationService" identifier="_xE8AFTsMEeufTvxJgLajhw">      <name xml:lang="en">Umlaufplanung DRT</name>      <documentation/>    </element>    <element xsi:type="ApplicationService" identifier="_xE8AFzsMEeufTvxJgLajhw">      <name xml:lang="en">Dienstplanung Linie</name>      <documentation/>    </element>    <element xsi:type="BusinessService" identifier="_xE8AGTsMEeufTvxJgLajhw">      <name xml:lang="en">Infrastruktur</name>      <documentation>&lt;p>Welche Eigenschaften hat das Infrastruktursystem und welchen Einfluss hat diese Information auf die Konstruktion des Fahrplanes.&lt;/p>&lt;p>Qualit&amp;auml;tssicherung&lt;/p></documentation>    </element>    <element xsi:type="Goal" identifier="_xE8AGzsMEeufTvxJgLajhw">      <name xml:lang="en">Untersuchungsgebiet</name>      <documentation/>    </element>    <element xsi:type="Goal" identifier="_xE8AHTsMEeufTvxJgLajhw">      <name xml:lang="en">Last Mile in Ergänzung zur Linie</name>      <documentation/>    </element>    <element xsi:type="Goal" identifier="_xE8AHzsMEeufTvxJgLajhw">      <name xml:lang="en">Planungsdimension Framework festlegen</name>      <documentation>&lt;p>Um welche Dimensionen geht es bei der Planung: von der Gesamtvison 2060 oder die Einf&amp;uuml;hung eines DRT Sektorbetriben f&amp;uuml;r ein eng umfasstes Planungsgebite.&lt;/p>&lt;p>Entsprechend dieser Dimnesion sind die nachfolgenden Schritte auszufifferenzien.&amp;nbsp;&lt;/p></documentation>    </element>    <element xsi:type="Grouping" identifier="_xE8AITsMEeufTvxJgLajhw">      <name xml:lang="en">Grouping</name>      <documentation/>    </element>    <element xsi:type="BusinessEvent" identifier="_xE8AIzsMEeufTvxJgLajhw">      <name xml:lang="en">Planungsauftrag</name>      <documentation/>    </element>    <element xsi:type="BusinessService" identifier="_xE8AJTsMEeufTvxJgLajhw">      <name xml:lang="en">Basisdaten bereitstellen</name>      <documentation/>    </element>    <element xsi:type="BusinessService" identifier="_xE8AJzsMEeufTvxJgLajhw">      <name xml:lang="en">Erzeugung</name>      <documentation/>    </element>    <element xsi:type="BusinessService" identifier="_xE8AKTsMEeufTvxJgLajhw">      <name xml:lang="en">Nachfragedaten bereitstellen und berechnen</name>      <documentation>&lt;p>F&amp;uuml;r die Planung des Angebotes an neuen Mobilit&amp;auml;tsservices ist die Nachfrage abzusch&amp;auml;ten. Aufgrund der Abh&amp;auml;ngigkeiten von Angebot und Nachfrage kann dies in mherer Iterationsschritten erfolgen. Diese k&amp;ouml;nnen an die Phasen im Planungsprzozess gekoppelt sein und somit unterschiedlichen methodischen Ans&amp;auml;tzen folgen.&lt;/p>&lt;ol>	&lt;li>	&lt;p>Z&amp;auml;hlungen spiegeln nur den Status-Quo wider und nicht einen angestrebten Zustand.&lt;/p>	&lt;/li>	&lt;li>	&lt;p>Sch&amp;auml;tzungen oder Modellannahmen muss ein Planungszustand sowie eine &amp;bdquo;Nutzfunktion&amp;ldquo; f&amp;uuml;r die Wahlentscheidung zugrunde gelegt werden.&amp;nbsp;&lt;/p>	&lt;/li>	&lt;li>	&lt;p>Die gesamte nachfolgende Kette kann auch mehrmals iterativ durchlaufen werden.&lt;/p>	&lt;/li>	&lt;li>	&lt;p>Alternativ k&amp;ouml;nnte ein &amp;bdquo;politischer&amp;ldquo; Modal Split genutzt werden: Mein Ziel ist, dass der Anteil &amp;Ouml;V z.B. 50% betr&amp;auml;gt.&amp;nbsp;&lt;/p>	&lt;/li>&lt;/ol>&lt;p>&lt;strong>Vorgehnsweisen&lt;/strong>&lt;/p>&lt;ul>	&lt;li>	&lt;p>Erfahrungswerte&lt;/p>	&lt;/li>	&lt;li>	&lt;p>Z&amp;auml;hlungen &amp;ndash; Stichprobe&lt;/p>	&lt;/li>	&lt;li>	&lt;p>Z&amp;auml;hlungen &amp;ndash; Automatisiert (Vollst&amp;auml;ndig, ggf. unvollst&amp;auml;ndig, wenn nicht alle Fahrzeuge ausgestattet) &amp;nbsp;&lt;/p>	&lt;/li>	&lt;li>	&lt;p>Einfache Absch&amp;auml;tzung des Verkehrsaufkommens pro Gebiet &lt;strong>ohne&lt;/strong>&amp;nbsp;Zielwahl. -&amp;gt; Kleines Model mit jeweils direkter Schnittstelle zu PlanB und Sumo. D&amp;uuml;rfte in vielen f&amp;uuml;r eine erste Absch&amp;auml;tzung der Angebotsform ausreichen. Unter Einbeziehung der Altersstruktur k&amp;ouml;nnen ggf. Zielgruppenspezifische Angebote generiert werden.&lt;/p>	&lt;/li>	&lt;li>	&lt;p>Bev&amp;ouml;lkerung gesamt * Modal Split (Prim&amp;auml;rerhebungen in der Stadt, MID, SrV, ggf. unter Ber&amp;uuml;cksichtigung der Urban / L&amp;auml;ndlich)&lt;/p>	&lt;/li>	&lt;li>	&lt;p>Bev&amp;ouml;lkerung nach Alterskassen * Modal Split&lt;/p>	&lt;/li>	&lt;li>	&lt;p>Auf der Grundlage der &amp;ldquo;Hinweise zur Sch&amp;auml;tzung des&amp;nbsp;Verkehrsaufkommens von Gebietstypen&amp;rdquo;)&lt;/p>	&lt;/li>	&lt;li>	&lt;p>Modell mit Verkehrserzeugung (Verkehrsaufkommens pro Gebiet/Zelle) &lt;strong>und&lt;/strong>&amp;nbsp;Zielwahl: OD Matrix oder Str&amp;ouml;me&amp;nbsp;&amp;nbsp;&lt;/p>	&lt;/li>&lt;/ul>&lt;p>Modell mit Verkehrserzeugung, Zielwahl und modalen Effekten.&lt;/p>&lt;p>&amp;nbsp;&lt;/p></documentation>    </element>    <element xsi:type="BusinessService" identifier="_xE8AKzsMEeufTvxJgLajhw">      <name xml:lang="en">Verteilung</name>      <documentation/>    </element>    <element xsi:type="Grouping" identifier="_xE8ALTsMEeufTvxJgLajhw">      <name xml:lang="en">Grouping</name>      <documentation/>    </element>    <element xsi:type="Grouping" identifier="_xE8ALzsMEeufTvxJgLajhw">      <name xml:lang="en">Grouping</name>      <documentation/>    </element>    <element xsi:type="Grouping" identifier="_xE8AMTsMEeufTvxJgLajhw">      <name xml:lang="en">Grouping</name>      <documentation/>    </element>    <element xsi:type="ApplicationService" identifier="_xE8AMzsMEeufTvxJgLajhw">      <name xml:lang="en">Netzplanung</name>      <documentation/>    </element>    <element xsi:type="Goal" identifier="_xE8ANTsMEeufTvxJgLajhw">      <name xml:lang="en">Pflege un Bereitstellung von Betriebsdaten durch PlanB</name>      <documentation/>    </element>    <element xsi:type="Goal" identifier="_xE8ANzsMEeufTvxJgLajhw">      <name xml:lang="en">DRT Planung (DLR) wird mit PlanB gekoppelt</name>      <documentation/>    </element>    <element xsi:type="Goal" identifier="_xE8AOTsMEeufTvxJgLajhw">      <name xml:lang="en">DLR Vorschag für Nachfrageschätzung</name>      <documentation/>    </element>    <element xsi:type="Goal" identifier="_xE8AOzsMEeufTvxJgLajhw">      <name xml:lang="en">Basisdaten und Visulaisierzng für nachfrage und Visualsierung in PlanB</name>      <documentation/>    </element>    <element xsi:type="Goal" identifier="_xE8APTsMEeufTvxJgLajhw">      <name xml:lang="en">Qulitätsmanagement von Fahrplanmit Sumo. Überlager Soll-Ist in PlanB</name>      <documentation/>    </element>    <element xsi:type="Goal" identifier="_xE8APzsMEeufTvxJgLajhw">      <name xml:lang="en">Simulation des Verkehrsfluss in Sumo mit ÖPNV Daten aus PlanB</name>      <documentation/>    </element>  </elements>  <relationships>    <relationship xsi:type="Flow" identifier="_xE8AQTsMEeufTvxJgLajhw" source="_xE8AJTsMEeufTvxJgLajhw" target="_xE8AKTsMEeufTvxJgLajhw">      <name xml:lang="en"/>      <documentation/>    </relationship>    <relationship xsi:type="Realization" identifier="_xE8AQzsMEeufTvxJgLajhw" source="_xE7_vTsMEeufTvxJgLajhw" target="_xE7_uTsMEeufTvxJgLajhw">      <name xml:lang="en"/>      <documentation/>    </relationship>    <relationship xsi:type="Realization" identifier="_xE8ARTsMEeufTvxJgLajhw" source="_xE7_uTsMEeufTvxJgLajhw" target="_xE8AJTsMEeufTvxJgLajhw">      <name xml:lang="en"/>      <documentation/>    </relationship>    <relationship xsi:type="Realization" identifier="_xE8ARzsMEeufTvxJgLajhw" source="_xE7_vzsMEeufTvxJgLajhw" target="_xE8AKTsMEeufTvxJgLajhw">      <name xml:lang="en"/>      <documentation/>    </relationship>    <relationship xsi:type="Realization" identifier="_xE8ASTsMEeufTvxJgLajhw" source="_xE7_wTsMEeufTvxJgLajhw" target="_xE7_vzsMEeufTvxJgLajhw">      <name xml:lang="en"/>      <documentation/>    </relationship>    <relationship xsi:type="Specialization" identifier="_xE8ASzsMEeufTvxJgLajhw" source="_xE7_wzsMEeufTvxJgLajhw" target="_xE7_wTsMEeufTvxJgLajhw">      <name xml:lang="en"/>      <documentation/>    </relationship>    <relationship xsi:type="Specialization" identifier="_xE8ATTsMEeufTvxJgLajhw" source="_xE7_xTsMEeufTvxJgLajhw" target="_xE7_wTsMEeufTvxJgLajhw">      <name xml:lang="en"/>      <documentation/>    </relationship>    <relationship xsi:type="Specialization" identifier="_xE8ATzsMEeufTvxJgLajhw" source="_xE7_xzsMEeufTvxJgLajhw" target="_xE7_wTsMEeufTvxJgLajhw">      <name xml:lang="en"/>      <documentation/>    </relationship>    <relationship xsi:type="Flow" identifier="_xE8AUTsMEeufTvxJgLajhw" source="_xE8AKTsMEeufTvxJgLajhw" target="_xE7_yTsMEeufTvxJgLajhw">      <name xml:lang="en"/>      <documentation/>    </relationship>    <relationship xsi:type="Realization" identifier="_xE8AUzsMEeufTvxJgLajhw" source="_xE8AKTsMEeufTvxJgLajhw" target="_xE7_yzsMEeufTvxJgLajhw">      <name xml:lang="en"/>      <documentation/>    </relationship>    <relationship xsi:type="Realization" identifier="_xE8AVTsMEeufTvxJgLajhw" source="_xE8AJTsMEeufTvxJgLajhw" target="_xE7_yzsMEeufTvxJgLajhw">      <name xml:lang="en"/>      <documentation/>    </relationship>    <relationship xsi:type="Specialization" identifier="_xE8AVzsMEeufTvxJgLajhw" source="_xE7_zTsMEeufTvxJgLajhw" target="_xE7_yTsMEeufTvxJgLajhw">      <name xml:lang="en"/>      <documentation/>    </relationship>    <relationship xsi:type="Specialization" identifier="_xE8AWTsMEeufTvxJgLajhw" source="_xE7_zzsMEeufTvxJgLajhw" target="_xE7_yTsMEeufTvxJgLajhw">      <name xml:lang="en"/>      <documentation/>    </relationship>    <relationship xsi:type="Flow" identifier="_xE8AWzsMEeufTvxJgLajhw" source="_xE7_yTsMEeufTvxJgLajhw" target="_xE7_0TsMEeufTvxJgLajhw">      <name xml:lang="en"/>      <documentation/>    </relationship>    <relationship xsi:type="Specialization" identifier="_xE8AXTsMEeufTvxJgLajhw" source="_xE7_0zsMEeufTvxJgLajhw" target="_xE7_0TsMEeufTvxJgLajhw">      <name xml:lang="en"/>      <documentation/>    </relationship>    <relationship xsi:type="Flow" identifier="_xE8AXzsMEeufTvxJgLajhw" source="_xE7_0TsMEeufTvxJgLajhw" target="_xE7_1TsMEeufTvxJgLajhw">      <name xml:lang="en"/>      <documentation/>    </relationship>    <relationship xsi:type="Flow" identifier="_xE8AYTsMEeufTvxJgLajhw" source="_xE7_1TsMEeufTvxJgLajhw" target="_xE7_1zsMEeufTvxJgLajhw">      <name xml:lang="en"/>      <documentation/>    </relationship>    <relationship xsi:type="Flow" identifier="_xE8AYzsMEeufTvxJgLajhw" source="_xE7_1zsMEeufTvxJgLajhw" target="_xE7_2TsMEeufTvxJgLajhw">      <name xml:lang="en"/>      <documentation/>    </relationship>    <relationship xsi:type="Flow" identifier="_xE8AZTsMEeufTvxJgLajhw" source="_xE7_2TsMEeufTvxJgLajhw" target="_xE7_2zsMEeufTvxJgLajhw">      <name xml:lang="en"/>      <documentation/>    </relationship>    <relationship xsi:type="Flow" identifier="_xE8AZzsMEeufTvxJgLajhw" source="_xE7_3TsMEeufTvxJgLajhw" target="_xE7_2zsMEeufTvxJgLajhw">      <name xml:lang="en"/>      <documentation/>    </relationship>    <relationship xsi:type="Realization" identifier="_xE8AaTsMEeufTvxJgLajhw" source="_xE7_3zsMEeufTvxJgLajhw" target="_xE7_3TsMEeufTvxJgLajhw">      <name xml:lang="en"/>      <documentation/>    </relationship>    <relationship xsi:type="Realization" identifier="_xE8AazsMEeufTvxJgLajhw" source="_xE7_4TsMEeufTvxJgLajhw" target="_xE7_3zsMEeufTvxJgLajhw">      <name xml:lang="en"/>      <documentation/>    </relationship>    <relationship xsi:type="Specialization" identifier="_xE8AbTsMEeufTvxJgLajhw" source="_xE7_4zsMEeufTvxJgLajhw" target="_xE7_4TsMEeufTvxJgLajhw">      <name xml:lang="en"/>      <documentation/>    </relationship>    <relationship xsi:type="Specialization" identifier="_xE8AbzsMEeufTvxJgLajhw" source="_xE7_5TsMEeufTvxJgLajhw" target="_xE7_4TsMEeufTvxJgLajhw">      <name xml:lang="en"/>      <documentation/>    </relationship>    <relationship xsi:type="Realization" identifier="_xE8AcTsMEeufTvxJgLajhw" source="_xE7_6zsMEeufTvxJgLajhw" target="_xE7_6TsMEeufTvxJgLajhw">      <name xml:lang="en"/>      <documentation/>    </relationship>    <relationship xsi:type="Realization" identifier="_xE8AczsMEeufTvxJgLajhw" source="_xE7_4TsMEeufTvxJgLajhw" target="_xE7_6zsMEeufTvxJgLajhw">      <name xml:lang="en"/>      <documentation/>    </relationship>    <relationship xsi:type="Aggregation" identifier="_xE8AdTsMEeufTvxJgLajhw" source="_xE7_3TsMEeufTvxJgLajhw" target="_xE7_6TsMEeufTvxJgLajhw">      <name xml:lang="en"/>      <documentation/>    </relationship>    <relationship xsi:type="Specialization" identifier="_xE8AdzsMEeufTvxJgLajhw" source="_xE7_7TsMEeufTvxJgLajhw" target="_xE7_0TsMEeufTvxJgLajhw">      <name xml:lang="en"/>      <documentation/>    </relationship>    <relationship xsi:type="Specialization" identifier="_xE8AeTsMEeufTvxJgLajhw" source="_xE7_7zsMEeufTvxJgLajhw" target="_xE7_1zsMEeufTvxJgLajhw">      <name xml:lang="en"/>      <documentation/>    </relationship>    <relationship xsi:type="Specialization" identifier="_xE8AezsMEeufTvxJgLajhw" source="_xE7_8TsMEeufTvxJgLajhw" target="_xE7_1zsMEeufTvxJgLajhw">      <name xml:lang="en"/>      <documentation/>    </relationship>    <relationship xsi:type="Realization" identifier="_xE8AfTsMEeufTvxJgLajhw" source="_xE7_5zsMEeufTvxJgLajhw" target="_xE7_1zsMEeufTvxJgLajhw">      <name xml:lang="en"/>      <documentation/>    </relationship>    <relationship xsi:type="Realization" identifier="_xE8AfzsMEeufTvxJgLajhw" source="_xE7_8zsMEeufTvxJgLajhw" target="_xE7_7zsMEeufTvxJgLajhw">      <name xml:lang="en"/>      <documentation/>    </relationship>    <relationship xsi:type="Realization" identifier="_xE8AgTsMEeufTvxJgLajhw" source="_xE7_9TsMEeufTvxJgLajhw" target="_xE7_8TsMEeufTvxJgLajhw">      <name xml:lang="en"/>      <documentation/>    </relationship>    <relationship xsi:type="Specialization" identifier="_xE8AgzsMEeufTvxJgLajhw" source="_xE7_8zsMEeufTvxJgLajhw" target="_xE7_5zsMEeufTvxJgLajhw">      <name xml:lang="en"/>      <documentation/>    </relationship>    <relationship xsi:type="Specialization" identifier="_xE8AhTsMEeufTvxJgLajhw" source="_xE7_9TsMEeufTvxJgLajhw" target="_xE7_5zsMEeufTvxJgLajhw">      <name xml:lang="en"/>      <documentation/>    </relationship>    <relationship xsi:type="Realization" identifier="_xE8AhzsMEeufTvxJgLajhw" source="_xE7_xTsMEeufTvxJgLajhw" target="_xE7_9TsMEeufTvxJgLajhw">      <name xml:lang="en"/>      <documentation/>    </relationship>    <relationship xsi:type="Realization" identifier="_xE8AiTsMEeufTvxJgLajhw" source="_xE7_xzsMEeufTvxJgLajhw" target="_xE7_8zsMEeufTvxJgLajhw">      <name xml:lang="en"/>      <documentation/>    </relationship>    <relationship xsi:type="Realization" identifier="_xE8AizsMEeufTvxJgLajhw" source="_xE7_9zsMEeufTvxJgLajhw" target="_xE7_9TsMEeufTvxJgLajhw">      <name xml:lang="en"/>      <documentation/>    </relationship>    <relationship xsi:type="Specialization" identifier="_xE8AjTsMEeufTvxJgLajhw" source="_xE7_-TsMEeufTvxJgLajhw" target="_xE7_wTsMEeufTvxJgLajhw">      <name xml:lang="en"/>      <documentation/>    </relationship>    <relationship xsi:type="Specialization" identifier="_xE8AjzsMEeufTvxJgLajhw" source="_xE8AJzsMEeufTvxJgLajhw" target="_xE8AKTsMEeufTvxJgLajhw">      <name xml:lang="en"/>      <documentation/>    </relationship>    <relationship xsi:type="Specialization" identifier="_xE8AkTsMEeufTvxJgLajhw" source="_xE8AKzsMEeufTvxJgLajhw" target="_xE8AKTsMEeufTvxJgLajhw">      <name xml:lang="en"/>      <documentation/>    </relationship>    <relationship xsi:type="Specialization" identifier="_xE8AkzsMEeufTvxJgLajhw" source="_xE7_-zsMEeufTvxJgLajhw" target="_xE7_1zsMEeufTvxJgLajhw">      <name xml:lang="en"/>      <documentation/>    </relationship>    <relationship xsi:type="Realization" identifier="_xE8AlTsMEeufTvxJgLajhw" source="_xE7_xzsMEeufTvxJgLajhw" target="_xE7_9TsMEeufTvxJgLajhw">      <name xml:lang="en"/>      <documentation/>    </relationship>    <relationship xsi:type="Realization" identifier="_xE8moDsMEeufTvxJgLajhw" source="_xE7__TsMEeufTvxJgLajhw" target="_xE7_-zsMEeufTvxJgLajhw">      <name xml:lang="en"/>      <documentation/>    </relationship>    <relationship xsi:type="Realization" identifier="_xE8mojsMEeufTvxJgLajhw" source="_xE7_xTsMEeufTvxJgLajhw" target="_xE7__TsMEeufTvxJgLajhw">      <name xml:lang="en"/>      <documentation/>    </relationship>    <relationship xsi:type="Realization" identifier="_xE8mpDsMEeufTvxJgLajhw" source="_xE7_9zsMEeufTvxJgLajhw" target="_xE7__TsMEeufTvxJgLajhw">      <name xml:lang="en"/>      <documentation/>    </relationship>    <relationship xsi:type="Specialization" identifier="_xE8mpjsMEeufTvxJgLajhw" source="_xE7__zsMEeufTvxJgLajhw" target="_xE7_9zsMEeufTvxJgLajhw">      <name xml:lang="en"/>      <documentation/>    </relationship>    <relationship xsi:type="Flow" identifier="_xE8mqDsMEeufTvxJgLajhw" source="_xE8AATsMEeufTvxJgLajhw" target="_xE7__zsMEeufTvxJgLajhw">      <name xml:lang="en"/>      <documentation/>    </relationship>    <relationship xsi:type="Specialization" identifier="_xE8mqjsMEeufTvxJgLajhw" source="_xE8ABTsMEeufTvxJgLajhw" target="_xE7_2TsMEeufTvxJgLajhw">      <name xml:lang="en"/>      <documentation/>    </relationship>    <relationship xsi:type="Flow" identifier="_xE8mrDsMEeufTvxJgLajhw" source="_xE7_2TsMEeufTvxJgLajhw" target="_xE7_1zsMEeufTvxJgLajhw">      <name xml:lang="en">teilweise Bereitstellung von Informationen über Fahrplan u.s.w.</name>      <documentation/>    </relationship>    <relationship xsi:type="Association" identifier="_xE8mrjsMEeufTvxJgLajhw" source="_xE8ABzsMEeufTvxJgLajhw" target="_xE7_2TsMEeufTvxJgLajhw">      <name xml:lang="en"/>      <documentation/>    </relationship>    <relationship xsi:type="Association" identifier="_xE8msDsMEeufTvxJgLajhw" source="_xE8ABzsMEeufTvxJgLajhw" target="_xE7_1zsMEeufTvxJgLajhw">      <name xml:lang="en"/>      <documentation/>    </relationship>    <relationship xsi:type="Specialization" identifier="_xE8msjsMEeufTvxJgLajhw" source="_xE8ACTsMEeufTvxJgLajhw" target="_xE7_2TsMEeufTvxJgLajhw">      <name xml:lang="en"/>      <documentation/>    </relationship>    <relationship xsi:type="Realization" identifier="_xE8mtDsMEeufTvxJgLajhw" source="_xE8ACzsMEeufTvxJgLajhw" target="_xE8ABTsMEeufTvxJgLajhw">      <name xml:lang="en"/>      <documentation/>    </relationship>    <relationship xsi:type="Specialization" identifier="_xE8mtjsMEeufTvxJgLajhw" source="_xE8ADTsMEeufTvxJgLajhw" target="_xE7_2TsMEeufTvxJgLajhw">      <name xml:lang="en"/>      <documentation>&lt;p>Dienstplan: Einsatz der Fahrer zur Umsetzung der Uml&amp;auml;ufe&lt;/p>&lt;p>&lt;strong>Linie&lt;/strong>&lt;/p>&lt;ul>	&lt;li>	&lt;p>Dienstplan: Einsatz der Fahrer zur Umsetzung der Uml&amp;auml;ufe&lt;/p>	&lt;/li>&lt;/ul>&lt;p>&lt;strong>DRT&lt;/strong>&lt;/p>&lt;ul>	&lt;li>	&lt;p>Dienstplan: Einsatz der Fahrer zur Umsetzung der Uml&amp;auml;ufe&lt;/p>	&lt;/li>&lt;/ul></documentation>    </relationship>    <relationship xsi:type="Realization" identifier="_xE8muDsMEeufTvxJgLajhw" source="_xE8ADzsMEeufTvxJgLajhw" target="_xE8ACTsMEeufTvxJgLajhw">      <name xml:lang="en"/>      <documentation/>    </relationship>    <relationship xsi:type="Realization" identifier="_xE8mujsMEeufTvxJgLajhw" source="_xE8AETsMEeufTvxJgLajhw" target="_xE8ADTsMEeufTvxJgLajhw">      <name xml:lang="en"/>      <documentation/>    </relationship>    <relationship xsi:type="Realization" identifier="_xE8mvDsMEeufTvxJgLajhw" source="_xE8AFzsMEeufTvxJgLajhw" target="_xE8ADTsMEeufTvxJgLajhw">      <name xml:lang="en"/>      <documentation/>    </relationship>    <relationship xsi:type="Specialization" identifier="_xE8mvjsMEeufTvxJgLajhw" source="_xE8AGTsMEeufTvxJgLajhw" target="_xE7_2TsMEeufTvxJgLajhw">      <name xml:lang="en"/>      <documentation>&lt;p>Wie kann ein bestimmtes Angebot infrastrukturseitig umgesetzt werden. -&amp;gt;z.B.&amp;nbsp; Bahnbetrieb.&lt;/p></documentation>    </relationship>    <relationship xsi:type="Realization" identifier="_xE8mwDsMEeufTvxJgLajhw" source="_xE7_uzsMEeufTvxJgLajhw" target="_xE8AFzsMEeufTvxJgLajhw">      <name xml:lang="en"/>      <documentation/>    </relationship>    <relationship xsi:type="Realization" identifier="_xE8mwjsMEeufTvxJgLajhw" source="_xE7_uzsMEeufTvxJgLajhw" target="_xE8ADzsMEeufTvxJgLajhw">      <name xml:lang="en"/>      <documentation/>    </relationship>    <relationship xsi:type="Realization" identifier="_xE8mxDsMEeufTvxJgLajhw" source="_xE8AATsMEeufTvxJgLajhw" target="_xE8AEzsMEeufTvxJgLajhw">      <name xml:lang="en"/>      <documentation/>    </relationship>    <relationship xsi:type="Realization" identifier="_xE8mxjsMEeufTvxJgLajhw" source="_xE8AATsMEeufTvxJgLajhw" target="_xE8AFTsMEeufTvxJgLajhw">      <name xml:lang="en"/>      <documentation/>    </relationship>    <relationship xsi:type="Realization" identifier="_xE8myDsMEeufTvxJgLajhw" source="_xE7_uzsMEeufTvxJgLajhw" target="_xE8ACzsMEeufTvxJgLajhw">      <name xml:lang="en"/>      <documentation/>    </relationship>    <relationship xsi:type="Association" identifier="_xE8myjsMEeufTvxJgLajhw" source="_xE8AGzsMEeufTvxJgLajhw" target="_xE7_yTsMEeufTvxJgLajhw">      <name xml:lang="en"/>      <documentation/>    </relationship>    <relationship xsi:type="Association" identifier="_xE8mzDsMEeufTvxJgLajhw" source="_xE8AHTsMEeufTvxJgLajhw" target="_xE7_zTsMEeufTvxJgLajhw">      <name xml:lang="en"/>      <documentation/>    </relationship>    <relationship xsi:type="Triggering" identifier="_xE8mzjsMEeufTvxJgLajhw" source="_xE8AIzsMEeufTvxJgLajhw" target="_xE8AJTsMEeufTvxJgLajhw">      <name xml:lang="en"/>      <documentation/>    </relationship>    <relationship xsi:type="Association" identifier="_xE8m0DsMEeufTvxJgLajhw" source="_xE8AHzsMEeufTvxJgLajhw" target="_xE8AIzsMEeufTvxJgLajhw">      <name xml:lang="en"/>      <documentation/>    </relationship>    <relationship xsi:type="Realization" identifier="_xE8m0jsMEeufTvxJgLajhw" source="_xE8AEzsMEeufTvxJgLajhw" target="_xE8ABTsMEeufTvxJgLajhw">      <name xml:lang="en"/>      <documentation/>    </relationship>    <relationship xsi:type="Realization" identifier="_xE8m1DsMEeufTvxJgLajhw" source="_xE8AFTsMEeufTvxJgLajhw" target="_xE8ACTsMEeufTvxJgLajhw">      <name xml:lang="en"/>      <documentation/>    </relationship>    <relationship xsi:type="Realization" identifier="_xE8m1jsMEeufTvxJgLajhw" source="_xE8AMzsMEeufTvxJgLajhw" target="_xE8ABzsMEeufTvxJgLajhw">      <name xml:lang="en"/>      <documentation/>    </relationship>    <relationship xsi:type="Realization" identifier="_xE8m2DsMEeufTvxJgLajhw" source="_xE7_uzsMEeufTvxJgLajhw" target="_xE8AMzsMEeufTvxJgLajhw">      <name xml:lang="en"/>      <documentation/>    </relationship>    <relationship xsi:type="Aggregation" identifier="_xE8m2jsMEeufTvxJgLajhw" source="_xE7_uzsMEeufTvxJgLajhw" target="_xE8AATsMEeufTvxJgLajhw">      <name xml:lang="en"/>      <documentation/>    </relationship>    <relationship xsi:type="Flow" identifier="_xE8m3DsMEeufTvxJgLajhw" source="_xE7_uzsMEeufTvxJgLajhw" target="_xE8AATsMEeufTvxJgLajhw">      <name xml:lang="en"/>      <documentation/>    </relationship>    <relationship xsi:type="Aggregation" identifier="_xE8m3jsMEeufTvxJgLajhw" source="_xE7_uzsMEeufTvxJgLajhw" target="_xE7_wzsMEeufTvxJgLajhw">      <name xml:lang="en"/>      <documentation/>    </relationship>    <relationship xsi:type="Influence" identifier="_xE8m4DsMEeufTvxJgLajhw" source="_xE8APzsMEeufTvxJgLajhw" target="_xE8APTsMEeufTvxJgLajhw">      <name xml:lang="en"/>      <documentation/>    </relationship>  </relationships>  <views>    <diagrams>      <view identifier="_xE6xcDsMEeufTvxJgLajhw">        <name xml:lang="en">archimate-diagram</name>        <node xsi:type="Element" identifier="_xE6xeDsMEeufTvxJgLajhw" h="60" w="130" x="872" y="231" elementRef="_xE7_uTsMEeufTvxJgLajhw"/>        <node xsi:type="Element" identifier="_xE6xeTsMEeufTvxJgLajhw" h="60" w="130" x="1677" y="1534" elementRef="_xE7_uzsMEeufTvxJgLajhw"/>        <node xsi:type="Element" identifier="_xE6xejsMEeufTvxJgLajhw" h="60" w="130" x="1102" y="231" elementRef="_xE7_vTsMEeufTvxJgLajhw"/>        <node xsi:type="Element" identifier="_xE6xgzsMEeufTvxJgLajhw" h="60" w="130" x="876" y="419" elementRef="_xE7_vzsMEeufTvxJgLajhw"/>        <node xsi:type="Element" identifier="_xE6xiDsMEeufTvxJgLajhw" h="60" w="130" x="1106" y="419" elementRef="_xE7_wTsMEeufTvxJgLajhw"/>        <node xsi:type="Element" identifier="_xE6xjTsMEeufTvxJgLajhw" h="60" w="130" x="1864" y="298" elementRef="_xE7_wzsMEeufTvxJgLajhw"/>        <node xsi:type="Element" identifier="_xE6xkjsMEeufTvxJgLajhw" h="60" w="130" x="1433" y="1163" elementRef="_xE7_xTsMEeufTvxJgLajhw"/>        <node xsi:type="Element" identifier="_xE6xlzsMEeufTvxJgLajhw" h="60" w="130" x="1433" y="1036" elementRef="_xE7_xzsMEeufTvxJgLajhw"/>        <node xsi:type="Element" identifier="_xE6xnDsMEeufTvxJgLajhw" h="60" w="130" x="429" y="631" elementRef="_xE7_yTsMEeufTvxJgLajhw"/>        <node xsi:type="Element" identifier="_xE6xoTsMEeufTvxJgLajhw" h="60" w="130" x="109" y="330" elementRef="_xE7_yzsMEeufTvxJgLajhw"/>        <node xsi:type="Element" identifier="_xE6xqjsMEeufTvxJgLajhw" h="60" w="130" x="670" y="560" elementRef="_xE7_zTsMEeufTvxJgLajhw"/>        <node xsi:type="Element" identifier="_xE6xrzsMEeufTvxJgLajhw" h="60" w="130" x="670" y="659" elementRef="_xE7_zzsMEeufTvxJgLajhw"/>        <node xsi:type="Element" identifier="_xE6xtDsMEeufTvxJgLajhw" h="60" w="130" x="429" y="826" elementRef="_xE7_0TsMEeufTvxJgLajhw"/>        <node xsi:type="Element" identifier="_xE6xuTsMEeufTvxJgLajhw" h="60" w="130" x="670" y="789" elementRef="_xE7_0zsMEeufTvxJgLajhw"/>        <node xsi:type="Element" identifier="_xE6xvjsMEeufTvxJgLajhw" h="60" w="130" x="429" y="958" elementRef="_xE7_1TsMEeufTvxJgLajhw"/>        <node xsi:type="Element" identifier="_xE6xwzsMEeufTvxJgLajhw" h="60" w="130" x="429" y="1096" elementRef="_xE7_1zsMEeufTvxJgLajhw"/>        <node xsi:type="Element" identifier="_xE6xyDsMEeufTvxJgLajhw" h="60" w="130" x="427" y="1510" elementRef="_xE7_2TsMEeufTvxJgLajhw"/>        <node xsi:type="Element" identifier="_xE7YgzsMEeufTvxJgLajhw" h="60" w="130" x="426" y="1771" elementRef="_xE7_2zsMEeufTvxJgLajhw"/>        <node xsi:type="Element" identifier="_xE7YiDsMEeufTvxJgLajhw" h="60" w="130" x="426" y="1866" elementRef="_xE7_3TsMEeufTvxJgLajhw"/>        <node xsi:type="Element" identifier="_xE7YjTsMEeufTvxJgLajhw" h="60" w="130" x="744" y="1866" elementRef="_xE7_3zsMEeufTvxJgLajhw"/>        <node xsi:type="Element" identifier="_xE7YkjsMEeufTvxJgLajhw" h="60" w="130" x="1022" y="1908" elementRef="_xE7_4TsMEeufTvxJgLajhw"/>        <node xsi:type="Element" identifier="_xE7YlzsMEeufTvxJgLajhw" h="60" w="130" x="1320" y="1866" elementRef="_xE7_4zsMEeufTvxJgLajhw"/>        <node xsi:type="Element" identifier="_xE7YnDsMEeufTvxJgLajhw" h="60" w="130" x="1320" y="1956" elementRef="_xE7_5TsMEeufTvxJgLajhw"/>        <node xsi:type="Element" identifier="_xE7YoTsMEeufTvxJgLajhw" h="60" w="130" x="845" y="1096" elementRef="_xE7_5zsMEeufTvxJgLajhw"/>        <node xsi:type="Element" identifier="_xE7YojsMEeufTvxJgLajhw" h="60" w="130" x="426" y="1971" elementRef="_xE7_6TsMEeufTvxJgLajhw"/>        <node xsi:type="Element" identifier="_xE7YozsMEeufTvxJgLajhw" h="60" w="130" x="744" y="1971" elementRef="_xE7_6zsMEeufTvxJgLajhw"/>        <node xsi:type="Element" identifier="_xE7YsDsMEeufTvxJgLajhw" h="60" w="130" x="670" y="882" elementRef="_xE7_7TsMEeufTvxJgLajhw"/>        <node xsi:type="Element" identifier="_xE7YtTsMEeufTvxJgLajhw" h="60" w="130" x="670" y="1036" elementRef="_xE7_7zsMEeufTvxJgLajhw"/>        <node xsi:type="Element" identifier="_xE7YtjsMEeufTvxJgLajhw" h="60" w="130" x="670" y="1163" elementRef="_xE7_8TsMEeufTvxJgLajhw"/>        <node xsi:type="Element" identifier="_xE7YwzsMEeufTvxJgLajhw" h="60" w="130" x="1082" y="1036" elementRef="_xE7_8zsMEeufTvxJgLajhw"/>        <node xsi:type="Element" identifier="_xE7YxDsMEeufTvxJgLajhw" h="60" w="130" x="1082" y="1163" elementRef="_xE7_9TsMEeufTvxJgLajhw"/>        <node xsi:type="Element" identifier="_xE7Y5TsMEeufTvxJgLajhw" h="60" w="130" x="1433" y="1243" elementRef="_xE7_9zsMEeufTvxJgLajhw"/>        <node xsi:type="Element" identifier="_xE7Y6jsMEeufTvxJgLajhw" h="60" w="130" x="1345" y="367" elementRef="_xE7_-TsMEeufTvxJgLajhw"/>        <node xsi:type="Element" identifier="_xE7Y-TsMEeufTvxJgLajhw" h="60" w="130" x="670" y="1243" elementRef="_xE7_-zsMEeufTvxJgLajhw"/>        <node xsi:type="Element" identifier="_xE7ZAjsMEeufTvxJgLajhw" h="60" w="130" x="1082" y="1243" elementRef="_xE7__TsMEeufTvxJgLajhw"/>        <node xsi:type="Element" identifier="_xE7ZDzsMEeufTvxJgLajhw" h="60" w="130" x="1677" y="1243" elementRef="_xE7__zsMEeufTvxJgLajhw"/>        <node xsi:type="Element" identifier="_xE7ZFDsMEeufTvxJgLajhw" h="60" w="130" x="1677" y="1422" elementRef="_xE8AATsMEeufTvxJgLajhw"/>        <node xsi:type="Element" identifier="_xE7ZGTsMEeufTvxJgLajhw" h="80" w="160" x="1067" y="717" elementRef="_xE8AAzsMEeufTvxJgLajhw"/>        <node xsi:type="Element" identifier="_xE7ZGjsMEeufTvxJgLajhw" h="60" w="130" x="670" y="1459" elementRef="_xE8ABTsMEeufTvxJgLajhw"/>        <node xsi:type="Element" identifier="_xE7ZJzsMEeufTvxJgLajhw" h="60" w="130" x="625" y="1352" elementRef="_xE8ABzsMEeufTvxJgLajhw"/>        <node xsi:type="Element" identifier="_xE7ZMDsMEeufTvxJgLajhw" h="60" w="130" x="670" y="1534" elementRef="_xE8ACTsMEeufTvxJgLajhw"/>        <node xsi:type="Element" identifier="_xE7ZNTsMEeufTvxJgLajhw" h="60" w="130" x="1082" y="1385" elementRef="_xE8ACzsMEeufTvxJgLajhw"/>        <node xsi:type="Element" identifier="_xE7ZOjsMEeufTvxJgLajhw" h="60" w="130" x="670" y="1614" elementRef="_xE8ADTsMEeufTvxJgLajhw"/>        <node xsi:type="Element" identifier="_xE7ZPzsMEeufTvxJgLajhw" h="60" w="130" x="1082" y="1534" elementRef="_xE8ADzsMEeufTvxJgLajhw"/>        <node xsi:type="Element" identifier="_xE7ZRDsMEeufTvxJgLajhw" h="60" w="130" x="1082" y="1749" elementRef="_xE8AETsMEeufTvxJgLajhw"/>        <node xsi:type="Element" identifier="_xE7ZSTsMEeufTvxJgLajhw" h="60" w="130" x="1082" y="1459" elementRef="_xE8AEzsMEeufTvxJgLajhw"/>        <node xsi:type="Element" identifier="_xE7ZSjsMEeufTvxJgLajhw" h="60" w="130" x="1082" y="1603" elementRef="_xE8AFTsMEeufTvxJgLajhw"/>        <node xsi:type="Element" identifier="_xE7ZSzsMEeufTvxJgLajhw" h="60" w="130" x="1082" y="1677" elementRef="_xE8AFzsMEeufTvxJgLajhw"/>        <node xsi:type="Element" identifier="_xE7ZUDsMEeufTvxJgLajhw" h="60" w="130" x="675" y="1718" elementRef="_xE8AGTsMEeufTvxJgLajhw"/>        <node xsi:type="Element" identifier="_xE7ZdTsMEeufTvxJgLajhw" h="60" w="130" x="109" y="631" elementRef="_xE8AGzsMEeufTvxJgLajhw"/>        <node xsi:type="Element" identifier="_xE7ZejsMEeufTvxJgLajhw" h="60" w="130" x="109" y="560" elementRef="_xE8AHTsMEeufTvxJgLajhw"/>        <node xsi:type="Element" identifier="_xE7ZfzsMEeufTvxJgLajhw" h="60" w="130" x="179" y="87" elementRef="_xE8AHzsMEeufTvxJgLajhw"/>        <node xsi:type="Element" identifier="_xE7ZiTsMEeufTvxJgLajhw" h="500" w="449" x="387" y="37" elementRef="_xE8AITsMEeufTvxJgLajhw">          <node xsi:type="Element" identifier="_xE6xcjsMEeufTvxJgLajhw" h="60" w="130" x="426" y="227" elementRef="_xE8AJTsMEeufTvxJgLajhw"/>          <node xsi:type="Element" identifier="_xE6xczsMEeufTvxJgLajhw" h="60" w="130" x="426" y="419" elementRef="_xE8AKTsMEeufTvxJgLajhw"/>          <node xsi:type="Element" identifier="_xE7Y7zsMEeufTvxJgLajhw" h="60" w="130" x="667" y="367" elementRef="_xE8AJzsMEeufTvxJgLajhw"/>          <node xsi:type="Element" identifier="_xE7Y8DsMEeufTvxJgLajhw" h="60" w="130" x="667" y="464" elementRef="_xE8AKzsMEeufTvxJgLajhw"/>          <node xsi:type="Element" identifier="_xE7ZgDsMEeufTvxJgLajhw" h="60" w="130" x="426" y="87" elementRef="_xE8AIzsMEeufTvxJgLajhw"/>        </node>        <node xsi:type="Element" identifier="_xE7ZijsMEeufTvxJgLajhw" h="60" w="130" x="872" y="47" elementRef="_xE8ALTsMEeufTvxJgLajhw"/>        <node xsi:type="Element" identifier="_xE7ZizsMEeufTvxJgLajhw" h="60" w="130" x="1033" y="47" elementRef="_xE8ALzsMEeufTvxJgLajhw"/>        <node xsi:type="Element" identifier="_xE7ZjDsMEeufTvxJgLajhw" h="60" w="130" x="1190" y="47" elementRef="_xE8AMTsMEeufTvxJgLajhw"/>        <node xsi:type="Element" identifier="_xE7ZlTsMEeufTvxJgLajhw" h="60" w="130" x="1082" y="1316" elementRef="_xE8AMzsMEeufTvxJgLajhw"/>        <node xsi:type="Element" identifier="_xE7_rjsMEeufTvxJgLajhw" h="60" w="210" x="2090" y="1510" elementRef="_xE8ANTsMEeufTvxJgLajhw"/>        <node xsi:type="Element" identifier="_xE7_rzsMEeufTvxJgLajhw" h="60" w="210" x="2090" y="1433" elementRef="_xE8ANzsMEeufTvxJgLajhw"/>        <node xsi:type="Element" identifier="_xE7_sDsMEeufTvxJgLajhw" h="60" w="210" x="2090" y="1352" elementRef="_xE8AOTsMEeufTvxJgLajhw"/>        <node xsi:type="Element" identifier="_xE7_sTsMEeufTvxJgLajhw" h="60" w="210" x="2090" y="1273" elementRef="_xE8AOzsMEeufTvxJgLajhw"/>        <node xsi:type="Element" identifier="_xE7_sjsMEeufTvxJgLajhw" h="60" w="210" x="2090" y="1590" elementRef="_xE8APTsMEeufTvxJgLajhw"/>        <node xsi:type="Element" identifier="_xE7_szsMEeufTvxJgLajhw" h="60" w="210" x="2090" y="1677" elementRef="_xE8APzsMEeufTvxJgLajhw"/>        <connection xsi:type="Relationship" identifier="_xE6xdDsMEeufTvxJgLajhw" source="_xE6xcjsMEeufTvxJgLajhw" target="_xE6xczsMEeufTvxJgLajhw" relationshipRef="_xE8AQTsMEeufTvxJgLajhw"/>        <connection xsi:type="Relationship" identifier="_xE6xezsMEeufTvxJgLajhw" source="_xE6xejsMEeufTvxJgLajhw" target="_xE6xeDsMEeufTvxJgLajhw" relationshipRef="_xE8AQzsMEeufTvxJgLajhw"/>        <connection xsi:type="Relationship" identifier="_xE6xfzsMEeufTvxJgLajhw" source="_xE6xeDsMEeufTvxJgLajhw" target="_xE6xcjsMEeufTvxJgLajhw" relationshipRef="_xE8ARTsMEeufTvxJgLajhw"/>        <connection xsi:type="Relationship" identifier="_xE6xhDsMEeufTvxJgLajhw" source="_xE6xgzsMEeufTvxJgLajhw" target="_xE6xczsMEeufTvxJgLajhw" relationshipRef="_xE8ARzsMEeufTvxJgLajhw"/>        <connection xsi:type="Relationship" identifier="_xE6xiTsMEeufTvxJgLajhw" source="_xE6xiDsMEeufTvxJgLajhw" target="_xE6xgzsMEeufTvxJgLajhw" relationshipRef="_xE8ASTsMEeufTvxJgLajhw"/>        <connection xsi:type="Relationship" identifier="_xE6xjjsMEeufTvxJgLajhw" source="_xE6xjTsMEeufTvxJgLajhw" target="_xE6xiDsMEeufTvxJgLajhw" relationshipRef="_xE8ASzsMEeufTvxJgLajhw">          <bendpoint x="1179" y="328"/>          <bendpoint x="1179" y="399"/>        </connection>        <connection xsi:type="Relationship" identifier="_xE6xkzsMEeufTvxJgLajhw" source="_xE6xkjsMEeufTvxJgLajhw" target="_xE6xiDsMEeufTvxJgLajhw" relationshipRef="_xE8ATTsMEeufTvxJgLajhw">          <bendpoint x="1646" y="1193"/>          <bendpoint x="1645" y="455"/>        </connection>        <connection xsi:type="Relationship" identifier="_xE6xmDsMEeufTvxJgLajhw" source="_xE6xlzsMEeufTvxJgLajhw" target="_xE6xiDsMEeufTvxJgLajhw" relationshipRef="_xE8ATzsMEeufTvxJgLajhw">          <bendpoint x="1627" y="1066"/>          <bendpoint x="1626" y="472"/>        </connection>        <connection xsi:type="Relationship" identifier="_xE6xnTsMEeufTvxJgLajhw" source="_xE6xczsMEeufTvxJgLajhw" target="_xE6xnDsMEeufTvxJgLajhw" relationshipRef="_xE8AUTsMEeufTvxJgLajhw"/>        <connection xsi:type="Relationship" identifier="_xE6xojsMEeufTvxJgLajhw" source="_xE6xczsMEeufTvxJgLajhw" target="_xE6xoTsMEeufTvxJgLajhw" relationshipRef="_xE8AUzsMEeufTvxJgLajhw"/>        <connection xsi:type="Relationship" identifier="_xE6xpjsMEeufTvxJgLajhw" source="_xE6xcjsMEeufTvxJgLajhw" target="_xE6xoTsMEeufTvxJgLajhw" relationshipRef="_xE8AVTsMEeufTvxJgLajhw"/>        <connection xsi:type="Relationship" identifier="_xE6xqzsMEeufTvxJgLajhw" source="_xE6xqjsMEeufTvxJgLajhw" target="_xE6xnDsMEeufTvxJgLajhw" relationshipRef="_xE8AVzsMEeufTvxJgLajhw"/>        <connection xsi:type="Relationship" identifier="_xE6xsDsMEeufTvxJgLajhw" source="_xE6xrzsMEeufTvxJgLajhw" target="_xE6xnDsMEeufTvxJgLajhw" relationshipRef="_xE8AWTsMEeufTvxJgLajhw"/>        <connection xsi:type="Relationship" identifier="_xE6xtTsMEeufTvxJgLajhw" source="_xE6xnDsMEeufTvxJgLajhw" target="_xE6xtDsMEeufTvxJgLajhw" relationshipRef="_xE8AWzsMEeufTvxJgLajhw"/>        <connection xsi:type="Relationship" identifier="_xE6xujsMEeufTvxJgLajhw" source="_xE6xuTsMEeufTvxJgLajhw" target="_xE6xtDsMEeufTvxJgLajhw" relationshipRef="_xE8AXTsMEeufTvxJgLajhw"/>        <connection xsi:type="Relationship" identifier="_xE6xvzsMEeufTvxJgLajhw" source="_xE6xtDsMEeufTvxJgLajhw" target="_xE6xvjsMEeufTvxJgLajhw" relationshipRef="_xE8AXzsMEeufTvxJgLajhw"/>        <connection xsi:type="Relationship" identifier="_xE6xxDsMEeufTvxJgLajhw" source="_xE6xvjsMEeufTvxJgLajhw" target="_xE6xwzsMEeufTvxJgLajhw" relationshipRef="_xE8AYTsMEeufTvxJgLajhw"/>        <connection xsi:type="Relationship" identifier="_xE6xyTsMEeufTvxJgLajhw" source="_xE6xwzsMEeufTvxJgLajhw" target="_xE6xyDsMEeufTvxJgLajhw" relationshipRef="_xE8AYzsMEeufTvxJgLajhw"/>        <connection xsi:type="Relationship" identifier="_xE7YhDsMEeufTvxJgLajhw" source="_xE6xyDsMEeufTvxJgLajhw" target="_xE7YgzsMEeufTvxJgLajhw" relationshipRef="_xE8AZTsMEeufTvxJgLajhw"/>        <connection xsi:type="Relationship" identifier="_xE7YiTsMEeufTvxJgLajhw" source="_xE7YiDsMEeufTvxJgLajhw" target="_xE7YgzsMEeufTvxJgLajhw" relationshipRef="_xE8AZzsMEeufTvxJgLajhw"/>        <connection xsi:type="Relationship" identifier="_xE7YjjsMEeufTvxJgLajhw" source="_xE7YjTsMEeufTvxJgLajhw" target="_xE7YiDsMEeufTvxJgLajhw" relationshipRef="_xE8AaTsMEeufTvxJgLajhw"/>        <connection xsi:type="Relationship" identifier="_xE7YkzsMEeufTvxJgLajhw" source="_xE7YkjsMEeufTvxJgLajhw" target="_xE7YjTsMEeufTvxJgLajhw" relationshipRef="_xE8AazsMEeufTvxJgLajhw"/>        <connection xsi:type="Relationship" identifier="_xE7YmDsMEeufTvxJgLajhw" source="_xE7YlzsMEeufTvxJgLajhw" target="_xE7YkjsMEeufTvxJgLajhw" relationshipRef="_xE8AbTsMEeufTvxJgLajhw"/>        <connection xsi:type="Relationship" identifier="_xE7YnTsMEeufTvxJgLajhw" source="_xE7YnDsMEeufTvxJgLajhw" target="_xE7YkjsMEeufTvxJgLajhw" relationshipRef="_xE8AbzsMEeufTvxJgLajhw"/>        <connection xsi:type="Relationship" identifier="_xE7YpDsMEeufTvxJgLajhw" source="_xE7YozsMEeufTvxJgLajhw" target="_xE7YojsMEeufTvxJgLajhw" relationshipRef="_xE8AcTsMEeufTvxJgLajhw"/>        <connection xsi:type="Relationship" identifier="_xE7YqDsMEeufTvxJgLajhw" source="_xE7YkjsMEeufTvxJgLajhw" target="_xE7YozsMEeufTvxJgLajhw" relationshipRef="_xE8AczsMEeufTvxJgLajhw"/>        <connection xsi:type="Relationship" identifier="_xE7YrDsMEeufTvxJgLajhw" source="_xE7YiDsMEeufTvxJgLajhw" target="_xE7YojsMEeufTvxJgLajhw" relationshipRef="_xE8AdTsMEeufTvxJgLajhw"/>        <connection xsi:type="Relationship" identifier="_xE7YsTsMEeufTvxJgLajhw" source="_xE7YsDsMEeufTvxJgLajhw" target="_xE6xtDsMEeufTvxJgLajhw" relationshipRef="_xE8AdzsMEeufTvxJgLajhw"/>        <connection xsi:type="Relationship" identifier="_xE7YtzsMEeufTvxJgLajhw" source="_xE7YtTsMEeufTvxJgLajhw" target="_xE6xwzsMEeufTvxJgLajhw" relationshipRef="_xE8AeTsMEeufTvxJgLajhw"/>        <connection xsi:type="Relationship" identifier="_xE7YuzsMEeufTvxJgLajhw" source="_xE7YtjsMEeufTvxJgLajhw" target="_xE6xwzsMEeufTvxJgLajhw" relationshipRef="_xE8AezsMEeufTvxJgLajhw"/>        <connection xsi:type="Relationship" identifier="_xE7YvzsMEeufTvxJgLajhw" source="_xE7YoTsMEeufTvxJgLajhw" target="_xE6xwzsMEeufTvxJgLajhw" relationshipRef="_xE8AfTsMEeufTvxJgLajhw"/>        <connection xsi:type="Relationship" identifier="_xE7YxTsMEeufTvxJgLajhw" source="_xE7YwzsMEeufTvxJgLajhw" target="_xE7YtTsMEeufTvxJgLajhw" relationshipRef="_xE8AfzsMEeufTvxJgLajhw"/>        <connection xsi:type="Relationship" identifier="_xE7YyTsMEeufTvxJgLajhw" source="_xE7YxDsMEeufTvxJgLajhw" target="_xE7YtjsMEeufTvxJgLajhw" relationshipRef="_xE8AgTsMEeufTvxJgLajhw"/>        <connection xsi:type="Relationship" identifier="_xE7YzTsMEeufTvxJgLajhw" source="_xE7YwzsMEeufTvxJgLajhw" target="_xE7YoTsMEeufTvxJgLajhw" relationshipRef="_xE8AgzsMEeufTvxJgLajhw"/>        <connection xsi:type="Relationship" identifier="_xE7Y0TsMEeufTvxJgLajhw" source="_xE7YxDsMEeufTvxJgLajhw" target="_xE7YoTsMEeufTvxJgLajhw" relationshipRef="_xE8AhTsMEeufTvxJgLajhw"/>        <connection xsi:type="Relationship" identifier="_xE7Y2TsMEeufTvxJgLajhw" source="_xE6xkjsMEeufTvxJgLajhw" target="_xE7YxDsMEeufTvxJgLajhw" relationshipRef="_xE8AhzsMEeufTvxJgLajhw"/>        <connection xsi:type="Relationship" identifier="_xE7Y3TsMEeufTvxJgLajhw" source="_xE6xlzsMEeufTvxJgLajhw" target="_xE7YwzsMEeufTvxJgLajhw" relationshipRef="_xE8AiTsMEeufTvxJgLajhw"/>        <connection xsi:type="Relationship" identifier="_xE7Y5jsMEeufTvxJgLajhw" source="_xE7Y5TsMEeufTvxJgLajhw" target="_xE7YxDsMEeufTvxJgLajhw" relationshipRef="_xE8AizsMEeufTvxJgLajhw"/>        <connection xsi:type="Relationship" identifier="_xE7Y6zsMEeufTvxJgLajhw" source="_xE7Y6jsMEeufTvxJgLajhw" target="_xE6xiDsMEeufTvxJgLajhw" relationshipRef="_xE8AjTsMEeufTvxJgLajhw"/>        <connection xsi:type="Relationship" identifier="_xE7Y8TsMEeufTvxJgLajhw" source="_xE7Y7zsMEeufTvxJgLajhw" target="_xE6xczsMEeufTvxJgLajhw" relationshipRef="_xE8AjzsMEeufTvxJgLajhw"/>        <connection xsi:type="Relationship" identifier="_xE7Y9TsMEeufTvxJgLajhw" source="_xE7Y8DsMEeufTvxJgLajhw" target="_xE6xczsMEeufTvxJgLajhw" relationshipRef="_xE8AkTsMEeufTvxJgLajhw"/>        <connection xsi:type="Relationship" identifier="_xE7Y-jsMEeufTvxJgLajhw" source="_xE7Y-TsMEeufTvxJgLajhw" target="_xE6xwzsMEeufTvxJgLajhw" relationshipRef="_xE8AkzsMEeufTvxJgLajhw"/>        <connection xsi:type="Relationship" identifier="_xE7Y_jsMEeufTvxJgLajhw" source="_xE6xlzsMEeufTvxJgLajhw" target="_xE7YxDsMEeufTvxJgLajhw" relationshipRef="_xE8AlTsMEeufTvxJgLajhw"/>        <connection xsi:type="Relationship" identifier="_xE7ZAzsMEeufTvxJgLajhw" source="_xE7ZAjsMEeufTvxJgLajhw" target="_xE7Y-TsMEeufTvxJgLajhw" relationshipRef="_xE8moDsMEeufTvxJgLajhw"/>        <connection xsi:type="Relationship" identifier="_xE7ZBzsMEeufTvxJgLajhw" source="_xE6xkjsMEeufTvxJgLajhw" target="_xE7ZAjsMEeufTvxJgLajhw" relationshipRef="_xE8mojsMEeufTvxJgLajhw"/>        <connection xsi:type="Relationship" identifier="_xE7ZCzsMEeufTvxJgLajhw" source="_xE7Y5TsMEeufTvxJgLajhw" target="_xE7ZAjsMEeufTvxJgLajhw" relationshipRef="_xE8mpDsMEeufTvxJgLajhw"/>        <connection xsi:type="Relationship" identifier="_xE7ZEDsMEeufTvxJgLajhw" source="_xE7ZDzsMEeufTvxJgLajhw" target="_xE7Y5TsMEeufTvxJgLajhw" relationshipRef="_xE8mpjsMEeufTvxJgLajhw"/>        <connection xsi:type="Relationship" identifier="_xE7ZFTsMEeufTvxJgLajhw" source="_xE7ZFDsMEeufTvxJgLajhw" target="_xE7ZDzsMEeufTvxJgLajhw" relationshipRef="_xE8mqDsMEeufTvxJgLajhw"/>        <connection xsi:type="Relationship" identifier="_xE7ZGzsMEeufTvxJgLajhw" source="_xE7ZGjsMEeufTvxJgLajhw" target="_xE6xyDsMEeufTvxJgLajhw" relationshipRef="_xE8mqjsMEeufTvxJgLajhw"/>        <connection xsi:type="Relationship" identifier="_xE7ZHzsMEeufTvxJgLajhw" source="_xE6xyDsMEeufTvxJgLajhw" target="_xE6xwzsMEeufTvxJgLajhw" relationshipRef="_xE8mrDsMEeufTvxJgLajhw">          <bendpoint x="341" y="1539"/>          <bendpoint x="341" y="1128"/>        </connection>        <connection xsi:type="Relationship" identifier="_xE7ZKDsMEeufTvxJgLajhw" source="_xE7ZJzsMEeufTvxJgLajhw" target="_xE6xyDsMEeufTvxJgLajhw" relationshipRef="_xE8mrjsMEeufTvxJgLajhw"/>        <connection xsi:type="Relationship" identifier="_xE7ZLDsMEeufTvxJgLajhw" source="_xE7ZJzsMEeufTvxJgLajhw" target="_xE6xwzsMEeufTvxJgLajhw" relationshipRef="_xE8msDsMEeufTvxJgLajhw"/>        <connection xsi:type="Relationship" identifier="_xE7ZMTsMEeufTvxJgLajhw" source="_xE7ZMDsMEeufTvxJgLajhw" target="_xE6xyDsMEeufTvxJgLajhw" relationshipRef="_xE8msjsMEeufTvxJgLajhw"/>        <connection xsi:type="Relationship" identifier="_xE7ZNjsMEeufTvxJgLajhw" source="_xE7ZNTsMEeufTvxJgLajhw" target="_xE7ZGjsMEeufTvxJgLajhw" relationshipRef="_xE8mtDsMEeufTvxJgLajhw"/>        <connection xsi:type="Relationship" identifier="_xE7ZOzsMEeufTvxJgLajhw" source="_xE7ZOjsMEeufTvxJgLajhw" target="_xE6xyDsMEeufTvxJgLajhw" relationshipRef="_xE8mtjsMEeufTvxJgLajhw"/>        <connection xsi:type="Relationship" identifier="_xE7ZQDsMEeufTvxJgLajhw" source="_xE7ZPzsMEeufTvxJgLajhw" target="_xE7ZMDsMEeufTvxJgLajhw" relationshipRef="_xE8muDsMEeufTvxJgLajhw"/>        <connection xsi:type="Relationship" identifier="_xE7ZRTsMEeufTvxJgLajhw" source="_xE7ZRDsMEeufTvxJgLajhw" target="_xE7ZOjsMEeufTvxJgLajhw" relationshipRef="_xE8mujsMEeufTvxJgLajhw"/>        <connection xsi:type="Relationship" identifier="_xE7ZTDsMEeufTvxJgLajhw" source="_xE7ZSzsMEeufTvxJgLajhw" target="_xE7ZOjsMEeufTvxJgLajhw" relationshipRef="_xE8mvDsMEeufTvxJgLajhw"/>        <connection xsi:type="Relationship" identifier="_xE7ZUTsMEeufTvxJgLajhw" source="_xE7ZUDsMEeufTvxJgLajhw" target="_xE6xyDsMEeufTvxJgLajhw" relationshipRef="_xE8mvjsMEeufTvxJgLajhw"/>        <connection xsi:type="Relationship" identifier="_xE7ZVTsMEeufTvxJgLajhw" source="_xE6xeTsMEeufTvxJgLajhw" target="_xE7ZSzsMEeufTvxJgLajhw" relationshipRef="_xE8mwDsMEeufTvxJgLajhw">          <bendpoint x="1742" y="1614"/>          <bendpoint x="1742" y="1707"/>        </connection>        <connection xsi:type="Relationship" identifier="_xE7ZWTsMEeufTvxJgLajhw" source="_xE6xeTsMEeufTvxJgLajhw" target="_xE7ZPzsMEeufTvxJgLajhw" relationshipRef="_xE8mwjsMEeufTvxJgLajhw">          <bendpoint x="1445" y="1564"/>          <bendpoint x="1444" y="1564"/>        </connection>        <connection xsi:type="Relationship" identifier="_xE7ZXTsMEeufTvxJgLajhw" source="_xE7ZFDsMEeufTvxJgLajhw" target="_xE7ZSTsMEeufTvxJgLajhw" relationshipRef="_xE8mxDsMEeufTvxJgLajhw"/>        <connection xsi:type="Relationship" identifier="_xE7ZYTsMEeufTvxJgLajhw" source="_xE7ZFDsMEeufTvxJgLajhw" target="_xE7ZSjsMEeufTvxJgLajhw" relationshipRef="_xE8mxjsMEeufTvxJgLajhw"/>        <connection xsi:type="Relationship" identifier="_xE7ZZTsMEeufTvxJgLajhw" source="_xE6xeTsMEeufTvxJgLajhw" target="_xE7ZNTsMEeufTvxJgLajhw" relationshipRef="_xE8myDsMEeufTvxJgLajhw">          <bendpoint x="1429" y="1547"/>          <bendpoint x="1428" y="1405"/>        </connection>        <connection xsi:type="Relationship" identifier="_xE7ZdjsMEeufTvxJgLajhw" source="_xE7ZdTsMEeufTvxJgLajhw" target="_xE6xnDsMEeufTvxJgLajhw" relationshipRef="_xE8myjsMEeufTvxJgLajhw"/>        <connection xsi:type="Relationship" identifier="_xE7ZezsMEeufTvxJgLajhw" source="_xE7ZejsMEeufTvxJgLajhw" target="_xE6xqjsMEeufTvxJgLajhw" relationshipRef="_xE8mzDsMEeufTvxJgLajhw"/>        <connection xsi:type="Relationship" identifier="_xE7ZgTsMEeufTvxJgLajhw" source="_xE7ZgDsMEeufTvxJgLajhw" target="_xE6xcjsMEeufTvxJgLajhw" relationshipRef="_xE8mzjsMEeufTvxJgLajhw"/>        <connection xsi:type="Relationship" identifier="_xE7ZhTsMEeufTvxJgLajhw" source="_xE7ZfzsMEeufTvxJgLajhw" target="_xE7ZgDsMEeufTvxJgLajhw" relationshipRef="_xE8m0DsMEeufTvxJgLajhw"/>        <connection xsi:type="Relationship" identifier="_xE7ZjTsMEeufTvxJgLajhw" source="_xE7ZSTsMEeufTvxJgLajhw" target="_xE7ZGjsMEeufTvxJgLajhw" relationshipRef="_xE8m0jsMEeufTvxJgLajhw"/>        <connection xsi:type="Relationship" identifier="_xE7ZkTsMEeufTvxJgLajhw" source="_xE7ZSjsMEeufTvxJgLajhw" target="_xE7ZMDsMEeufTvxJgLajhw" relationshipRef="_xE8m1DsMEeufTvxJgLajhw"/>        <connection xsi:type="Relationship" identifier="_xE7ZljsMEeufTvxJgLajhw" source="_xE7ZlTsMEeufTvxJgLajhw" target="_xE7ZJzsMEeufTvxJgLajhw" relationshipRef="_xE8m1jsMEeufTvxJgLajhw"/>        <connection xsi:type="Relationship" identifier="_xE7_kjsMEeufTvxJgLajhw" source="_xE6xeTsMEeufTvxJgLajhw" target="_xE7ZlTsMEeufTvxJgLajhw" relationshipRef="_xE8m2DsMEeufTvxJgLajhw"/>        <connection xsi:type="Relationship" identifier="_xE7_ljsMEeufTvxJgLajhw" source="_xE6xeTsMEeufTvxJgLajhw" target="_xE7ZFDsMEeufTvxJgLajhw" relationshipRef="_xE8m2jsMEeufTvxJgLajhw"/>        <connection xsi:type="Relationship" identifier="_xE7_mjsMEeufTvxJgLajhw" source="_xE6xeTsMEeufTvxJgLajhw" target="_xE7ZFDsMEeufTvxJgLajhw" relationshipRef="_xE8m3DsMEeufTvxJgLajhw">          <bendpoint x="1870" y="1564"/>          <bendpoint x="1870" y="1450"/>        </connection>        <connection xsi:type="Relationship" identifier="_xE7_pjsMEeufTvxJgLajhw" source="_xE6xeTsMEeufTvxJgLajhw" target="_xE6xjTsMEeufTvxJgLajhw" relationshipRef="_xE8m3jsMEeufTvxJgLajhw">          <bendpoint x="1963" y="1577"/>          <bendpoint x="1963" y="378"/>        </connection>        <connection xsi:type="Relationship" identifier="_xE7_tDsMEeufTvxJgLajhw" source="_xE7_szsMEeufTvxJgLajhw" target="_xE7_sjsMEeufTvxJgLajhw" relationshipRef="_xE8m4DsMEeufTvxJgLajhw"/>      </view>    </diagrams>  </views></model>
