{"identifier":"https://me.big.tuwien.ac.at/EAModelSet/_JxXMUNIuEeqgY5yD8SByCQ","archimateId":"_JxXMUNIuEeqgY5yD8SByCQ","name":"Группа ПИР","description":"","formats":["XML","CSV","JSON","ARCHIMATE"],"source":"GenMyModel","sourceFile":"raw-data/genmymodel/_jxxmuniueeqgy5yd8sbycq.xml","sourceFormat":"XML","timestamp":"29-06-2023 09:25:44","tags":[],"duplicates":[],"language":"ru","elements":[{"id":"_wyxUkLRcEDiPbanE8nGR-A","name":"Группа системной инженерии)","type":"Grouping","layer":"other"},{"id":"_NrFd4GSMEDm8Rr5dx2FKJA","name":"Системный архитектор","type":"BusinessRole","layer":"business"},{"id":"_SFZGAGSMEDm8Rr5dx2FKJA","name":"Инженер по требованиям","type":"BusinessRole","layer":"business"},{"id":"_UAYzEGSMEDm8Rr5dx2FKJA","name":"Архитектор","type":"BusinessRole","layer":"business"},{"id":"_j6SOgGSNEDm8Rr5dx2FKJA","name":"Инженер конфигурации","type":"BusinessRole","layer":"business"},{"id":"_DBOGwGSNEDm8Rr5dx2FKJA","name":"Проектировщик","type":"BusinessRole","layer":"business"},{"id":"_EsfVwGSNEDm8Rr5dx2FKJA","name":"Проектировщик","type":"BusinessRole","layer":"business"},{"id":"_IE3m0GSNEDm8Rr5dx2FKJA","name":"Инженер по надежности","type":"BusinessRole","layer":"business"},{"id":"_KjEuoGSNEDm8Rr5dx2FKJA","name":"Инженер по кибербезопасности","type":"BusinessRole","layer":"business"},{"id":"_SeA8oLRcEDiPbanE8nGR-A","name":"Системный инженер (Глень Д.)","type":"BusinessActor","layer":"business"},{"id":"_OcaIYLRcEDiPbanE8nGR-A","name":"Системный менеджер Ряснянский С.","type":"BusinessActor","layer":"business"},{"id":"_g2UqEGSUEDm8Rr5dx2FKJA","name":"Инженер по требованиям","type":"BusinessRole","layer":"business"},{"id":"_qbnv0LRdEDiPbanE8nGR-A","name":"Группа разработки оборудования","type":"Grouping","layer":"other"},{"id":"_DiyBgLReEDiPbanE8nGR-A","name":"МВ-22/MV-22","type":"Grouping","layer":"other"},{"id":"_DiyokbReEDiPbanE8nGR-A","name":"Системный инженер (Калинкин А.)","type":"BusinessActor","layer":"business"},{"id":"_oEMNsGSOEDm8Rr5dx2FKJA","name":"Инженер конфигурации","type":"BusinessRole","layer":"business"},{"id":"_ppUYcGSOEDm8Rr5dx2FKJA","name":"Инженер по требованиям","type":"BusinessRole","layer":"business"},{"id":"_tcMNIGSOEDm8Rr5dx2FKJA","name":"Конструктор-механик","type":"BusinessRole","layer":"business"},{"id":"_5dSgIGSREDm8Rr5dx2FKJA","name":"Архитектор","type":"BusinessRole","layer":"business"},{"id":"_WVay8GSbEDm8Rr5dx2FKJA","name":"Инженер-схемотехник (Ахметзянов Р.В.)","type":"BusinessActor","layer":"business"},{"id":"_D90-wLReEDiPbanE8nGR-A","name":"СГГ-102/SGGM-102","type":"Grouping","layer":"other"},{"id":"_D90-wrReEDiPbanE8nGR-A","name":"Системный инженер (Эйдельштейн В.)","type":"BusinessActor","layer":"business"},{"id":"_I7SmkGSPEDm8Rr5dx2FKJA","name":"Инженер конфигурации","type":"BusinessRole","layer":"business"},{"id":"_Kqbo8GSPEDm8Rr5dx2FKJA","name":"Инженер по требованиям","type":"BusinessRole","layer":"business"},{"id":"_NGRZQGSPEDm8Rr5dx2FKJA","name":"Инженер-электронщик","type":"BusinessRole","layer":"business"},{"id":"_PwuNUGSPEDm8Rr5dx2FKJA","name":"Конструктор-механик","type":"BusinessRole","layer":"business"},{"id":"_8JY6AGSREDm8Rr5dx2FKJA","name":"Архитектор","type":"BusinessRole","layer":"business"},{"id":"_Ea3gELReEDiPbanE8nGR-A","name":"СГЖ-102/SGLM-102","type":"Grouping","layer":"other"},{"id":"_Ea3gErReEDiPbanE8nGR-A","name":"Системный инженер (Талдыгин И.)","type":"BusinessActor","layer":"business"},{"id":"_UoRLEGSPEDm8Rr5dx2FKJA","name":"Инженер конфигурации","type":"BusinessRole","layer":"business"},{"id":"_WY-6wGSPEDm8Rr5dx2FKJA","name":"Инженер по требованиям","type":"BusinessRole","layer":"business"},{"id":"_ZFCRUGSPEDm8Rr5dx2FKJA","name":"Инженер-электронщик","type":"BusinessRole","layer":"business"},{"id":"_bV7V4GSPEDm8Rr5dx2FKJA","name":"Конструктор-механик","type":"BusinessRole","layer":"business"},{"id":"_-PecwGSREDm8Rr5dx2FKJA","name":"Архитектор","type":"BusinessRole","layer":"business"},{"id":"_t-_v8LRdEDiPbanE8nGR-A","name":"ПТК ВУ + Simulator","type":"Grouping","layer":"other"},{"id":"_wrqxkLRdEDiPbanE8nGR-A","name":"Системный инженер (Бернер Д.)","type":"BusinessActor","layer":"business"},{"id":"_BMdvIGSOEDm8Rr5dx2FKJA","name":"Инженер по требованиям","type":"BusinessRole","layer":"business"},{"id":"_CexEgGSOEDm8Rr5dx2FKJA","name":"Инженер конфигурации","type":"BusinessRole","layer":"business"},{"id":"_STbQEGSOEDm8Rr5dx2FKJA","name":"Инженер-электронщик","type":"BusinessRole","layer":"business"},{"id":"_WobhcGSOEDm8Rr5dx2FKJA","name":"Инженер-электронщик","type":"BusinessRole","layer":"business"},{"id":"_ZIJFIGSOEDm8Rr5dx2FKJA","name":"Конструктор-механик","type":"BusinessRole","layer":"business"},{"id":"_b7LNcGSOEDm8Rr5dx2FKJA","name":"Конструктор-механик","type":"BusinessRole","layer":"business"},{"id":"_y_L0QGSREDm8Rr5dx2FKJA","name":"Архитектор","type":"BusinessRole","layer":"business"},{"id":"_UN17gLRcEDiPbanE8nGR-A","name":"Системный менеджер (Волчков А.)","type":"BusinessActor","layer":"business"},{"id":"_1zJRAGSOEDm8Rr5dx2FKJA","name":"Общие ресурсы","type":"Grouping","layer":"other"},{"id":"_0an-4GSOEDm8Rr5dx2FKJA","name":"Технолог","type":"BusinessRole","layer":"business"},{"id":"_x5kXYGSOEDm8Rr5dx2FKJA","name":"Инженер-электронщик","type":"BusinessRole","layer":"business"},{"id":"_6nOrEGSOEDm8Rr5dx2FKJA","name":"Технолог","type":"BusinessRole","layer":"business"},{"id":"_EYPSIGSPEDm8Rr5dx2FKJA","name":"Физик-спектрометрист (Моисеенко Д.)","type":"BusinessActor","layer":"business"},{"id":"_gtBf8GSbEDm8Rr5dx2FKJA","name":"Математик (Поляков А.)","type":"BusinessActor","layer":"business"},{"id":"_h7XmALRdEDiPbanE8nGR-A","name":"Группа разработки ПО устройств НУ и системного ПО RADSYS-RMS","type":"Grouping","layer":"other"},{"id":"_WUis0LRdEDiPbanE8nGR-A","name":"Embedded software (firmware)","type":"Grouping","layer":"other"},{"id":"_h7YNFLRdEDiPbanE8nGR-A","name":"Программист (Шпилёв В.)","type":"BusinessActor","layer":"business"},{"id":"_fz45gGSQEDm8Rr5dx2FKJA","name":"Программист","type":"BusinessRole","layer":"business"},{"id":"_hQTNIGSQEDm8Rr5dx2FKJA","name":"Программист","type":"BusinessRole","layer":"business"},{"id":"_imWaEGSQEDm8Rr5dx2FKJA","name":"Тестировщик","type":"BusinessRole","layer":"business"},{"id":"_h7YNELRdEDiPbanE8nGR-A","name":"Системный менеджер (Бурлакин Д.)","type":"BusinessActor","layer":"business"},{"id":"_qy1asGSNEDm8Rr5dx2FKJA","name":"Системный инженер","type":"BusinessRole","layer":"business"},{"id":"_61_qYGSPEDm8Rr5dx2FKJA","name":"Аналитик","type":"BusinessRole","layer":"business"},{"id":"_7_4DkGSPEDm8Rr5dx2FKJA","name":"Инженер по требованиям","type":"BusinessRole","layer":"business"},{"id":"_3EgnsGSNEDm8Rr5dx2FKJA","name":"RADSYS-RMS","type":"Grouping","layer":"other"},{"id":"__vOVEGSNEDm8Rr5dx2FKJA","name":"Программист","type":"BusinessRole","layer":"business"},{"id":"_JpbCcGSQEDm8Rr5dx2FKJA","name":"Программист","type":"BusinessRole","layer":"business"},{"id":"_azBAoGSQEDm8Rr5dx2FKJA","name":"Тестировщик","type":"BusinessRole","layer":"business"},{"id":"_eBgV4GSQEDm8Rr5dx2FKJA","name":"Программист","type":"BusinessRole","layer":"business"},{"id":"_y95swGSPEDm8Rr5dx2FKJA","name":"Инженер конфигурации","type":"BusinessRole","layer":"business"},{"id":"_PqKc4GSQEDm8Rr5dx2FKJA","name":"Архитектор","type":"BusinessRole","layer":"business"},{"id":"_VtG58GSUEDm8Rr5dx2FKJA","name":"Инженер по требованиям","type":"BusinessRole","layer":"business"},{"id":"_ju1HsLRdEDiPbanE8nGR-A","name":"Системное ПО RADSYS-PDS","type":"Grouping","layer":"other"},{"id":"_zr5y8LReEDiPbanE8nGR-A","name":"Системный менеджер (Крячко М.)","type":"BusinessActor","layer":"business"},{"id":"_N7yPgGSQEDm8Rr5dx2FKJA","name":"Инженер конфигурации","type":"BusinessRole","layer":"business"},{"id":"_r61dMGSQEDm8Rr5dx2FKJA","name":"Тестировщик","type":"BusinessRole","layer":"business"},{"id":"_uYvDAGSQEDm8Rr5dx2FKJA","name":"Программист","type":"BusinessRole","layer":"business"},{"id":"_vU6-cGSQEDm8Rr5dx2FKJA","name":"Программист","type":"BusinessRole","layer":"business"},{"id":"_2nWDMGSQEDm8Rr5dx2FKJA","name":"Системный инженер","type":"BusinessRole","layer":"business"},{"id":"_4qAegGSQEDm8Rr5dx2FKJA","name":"Аналитик","type":"BusinessRole","layer":"business"},{"id":"_5s5e4GSQEDm8Rr5dx2FKJA","name":"Инженер по требованиям","type":"BusinessRole","layer":"business"},{"id":"_8HuikGSQEDm8Rr5dx2FKJA","name":"Программист (Седых А.)","type":"BusinessActor","layer":"business"},{"id":"_nVhpgGSREDm8Rr5dx2FKJA","name":"Архитектор","type":"BusinessRole","layer":"business"},{"id":"_bdJl8GSUEDm8Rr5dx2FKJA","name":"Инженер по требованиям","type":"BusinessRole","layer":"business"},{"id":"_nesCAGSQEDm8Rr5dx2FKJA","name":"Общие ресурсы","type":"Grouping","layer":"other"},{"id":"_h7YNFrRdEDiPbanE8nGR-A","name":"Программист БД","type":"BusinessActor","layer":"business"},{"id":"_TB8eMLReEDiPbanE8nGR-A","name":"Технический писатель","type":"BusinessActor","layer":"business"},{"id":"_bgmJQGSZEDm8Rr5dx2FKJA","name":"Инженер инфраструктуры разработки","type":"BusinessRole","layer":"business"}],"relationships":[{"id":"_OhX6wGSOEDm8Rr5dx2FKJA","sourceId":"_UN17gLRcEDiPbanE8nGR-A","targetId":"_t-_v8LRdEDiPbanE8nGR-A","type":"Association"},{"id":"_frSzoGSPEDm8Rr5dx2FKJA","sourceId":"_UN17gLRcEDiPbanE8nGR-A","targetId":"_D90-wLReEDiPbanE8nGR-A","type":"Association"},{"id":"_iSFPsGSPEDm8Rr5dx2FKJA","sourceId":"_UN17gLRcEDiPbanE8nGR-A","targetId":"_DiyBgLReEDiPbanE8nGR-A","type":"Association"},{"id":"_kJrqgGSPEDm8Rr5dx2FKJA","sourceId":"_UN17gLRcEDiPbanE8nGR-A","targetId":"_Ea3gELReEDiPbanE8nGR-A","type":"Association"},{"id":"_yRIYQGSNEDm8Rr5dx2FKJA","sourceId":"_h7YNELRdEDiPbanE8nGR-A","targetId":"_qy1asGSNEDm8Rr5dx2FKJA","type":"Association"},{"id":"_JPueIGSSEDm8Rr5dx2FKJA","sourceId":"_zr5y8LReEDiPbanE8nGR-A","targetId":"_2nWDMGSQEDm8Rr5dx2FKJA","type":"Association"},{"id":"_LmuAIGSREDm8Rr5dx2FKJA","sourceId":"_OcaIYLRcEDiPbanE8nGR-A","targetId":"_SeA8oLRcEDiPbanE8nGR-A","type":"Association"}],"views":[{"id":"_JxXMU9IuEeqgY5yD8SByCQ","name":"archimate-diagram","viewpoint":""}]}