{"identifier":"https://me.big.tuwien.ac.at/EAModelSet/aa3ad428","archimateId":"aa3ad428","name":"6b Two Step View","description":"","formats":["XML","CSV","JSON","ARCHIMATE"],"source":"GitHub","sourceFile":"raw-data/github/xml/two_step_view.xml","sourceFormat":"XML","timestamp":"29-06-2023 09:26:31","tags":["DUPLICATE"],"duplicates":["raw-data/github/archimate/two_step_view.archimate"],"language":"en","elements":[{"id":"id-730637ee-11fe-4ee9-8de4-e0890767594d","name":"UI event","type":"ApplicationEvent","layer":"application"},{"id":"ad308758-d483-4470-818c-b1a7a366f802","name":"UI event","type":"ApplicationEvent","layer":"application"},{"id":"b48d7f01-e543-4f9f-b0d4-ec9df5d77494","name":"UI event","type":"ApplicationEvent","layer":"application"},{"id":"id-0b83d961-e4e4-40c3-b647-e3ae39c19602","name":"UI view representation","type":"DataObject","layer":"application"},{"id":"id-5a1b2c41-6a91-400e-94bf-f1502afc9084","name":"HTML","type":"DataObject","layer":"application"},{"id":"c44fc1fb-6c97-4edf-aac3-e706268e80cd","name":"screen view","type":"DataObject","layer":"application"},{"id":"de56e412-4531-490c-b1a7-f6b3e36c8341","name":"entity 1","type":"DataObject","layer":"application"},{"id":"id-61a2b18b-b1f1-4987-975e-16a680839795","name":"entity 2","type":"DataObject","layer":"application"},{"id":"a2a8b12a-3a43-4b9b-a7fc-2a2c64c5c6eb","name":"entity 3","type":"DataObject","layer":"application"},{"id":"f0490712-98be-4c0c-a837-f33856a47dd7","name":"entity 4","type":"DataObject","layer":"application"},{"id":"id-876bf4b7-33ca-4531-bbed-22928e5a9659","name":"entity 5","type":"DataObject","layer":"application"},{"id":"id-7dd1fab6-144f-4344-b3ee-af670f2e1f2e","name":"entity 6","type":"DataObject","layer":"application"},{"id":"dff093b6","name":"UI event 1","type":"ApplicationEvent","layer":"application"},{"id":"df37fbc0","name":"HTML","type":"DataObject","layer":"application"},{"id":"id-7fed2b30","name":"transform view 1","type":"ApplicationComponent","layer":"application"},{"id":"id-30bb64ab","name":"transform to XML (XSLT file, object)","type":"ApplicationFunction","layer":"application"},{"id":"c721281c","name":"convert object to xml","type":"ApplicationProcess","layer":"application"},{"id":"c30fc753","name":"XSLT transform","type":"ApplicationProcess","layer":"application"},{"id":"id-38269dc3","name":"show HTML","type":"ApplicationProcess","layer":"application"},{"id":"adefa150","name":"controller","type":"ApplicationComponent","layer":"application"},{"id":"id-0e21b59a","name":"handle 1(request)","type":"ApplicationFunction","layer":"application"},{"id":"id-04e86115","name":"get name from request.param","type":"ApplicationProcess","layer":"application"},{"id":"e647a686","name":"find object  by name","type":"ApplicationProcess","layer":"application"},{"id":"id-2597a620","name":"call transform view","type":"ApplicationProcess","layer":"application"},{"id":"eb1e4634","name":"class type1","type":"ApplicationComponent","layer":"application"},{"id":"id-86b1fae6","name":"findByName(name)","type":"ApplicationFunction","layer":"application"},{"id":"id-32c9760b","name":"return object of type 1","type":"ApplicationProcess","layer":"application"},{"id":"id-4edd35d9","name":"entity 1","type":"DataObject","layer":"application"},{"id":"id-6d1c5d04","name":"entity 2","type":"DataObject","layer":"application"},{"id":"id-0cd5961e","name":"entity 3","type":"DataObject","layer":"application"},{"id":"id-9ecdc4d1","name":"entity 4","type":"DataObject","layer":"application"},{"id":"id-160afa73","name":"entity 5","type":"DataObject","layer":"application"},{"id":"e6aeb08b","name":"entity 6","type":"DataObject","layer":"application"},{"id":"id-01a6b416","name":"handle 2(request)","type":"ApplicationFunction","layer":"application"},{"id":"e8779483","name":"UI event 2","type":"ApplicationEvent","layer":"application"},{"id":"id-3ead2558","name":"transform view 2","type":"ApplicationComponent","layer":"application"},{"id":"id-7ec8017b","name":"transform to XML (XSLT file, object)","type":"ApplicationFunction","layer":"application"},{"id":"c8ef9695","name":"transform two step view","type":"ApplicationComponent","layer":"application"},{"id":"id-10393a75","name":"transform to HTML (XSLT file, XML)","type":"ApplicationFunction","layer":"application"},{"id":"id-2c1cb96e","name":"class type2","type":"ApplicationComponent","layer":"application"},{"id":"f65fd084-9517-4660-bbd4-50f497d6aa1a","name":"Views","type":"Grouping","layer":"other"},{"id":"id-1f04d0fd-9548-405b-abd7-7d20da8ff766","name":"Controllers","type":"Grouping","layer":"other"},{"id":"id-23d49c3b-c34c-46ca-ac53-eff71f9d36a0","name":"Model","type":"Grouping","layer":"other"},{"id":"id-51267344-3666-4423-a8d3-d026c2c2fc71","name":"some mapping classes","type":"Grouping","layer":"other"},{"id":"id-9a4051cb-1a35-417a-9df5-9e35e5032b9d","name":"database","type":"Grouping","layer":"other"},{"id":"id-6d2d9f3c","name":"Model","type":"Grouping","layer":"other"},{"id":"a7f027c8","name":"some mapping classes","type":"Grouping","layer":"other"},{"id":"id-9a3e6236","name":"database","type":"Grouping","layer":"other"}],"relationships":[{"id":"d038decc-8601-4d03-bb25-38a1f93bb2fe","sourceId":"de56e412-4531-490c-b1a7-f6b3e36c8341","targetId":"id-61a2b18b-b1f1-4987-975e-16a680839795","type":"Association"},{"id":"b15a2533-7c54-4b79-ab77-56a5d27be7be","sourceId":"id-7dd1fab6-144f-4344-b3ee-af670f2e1f2e","targetId":"id-876bf4b7-33ca-4531-bbed-22928e5a9659","type":"Association"},{"id":"id-9f102b75-bc6d-4b27-96f2-7b8233a11533","sourceId":"id-1f04d0fd-9548-405b-abd7-7d20da8ff766","targetId":"f65fd084-9517-4660-bbd4-50f497d6aa1a","type":"Access"},{"id":"id-97399ffd-fa59-421e-8328-112ff76b0c9a","sourceId":"f0490712-98be-4c0c-a837-f33856a47dd7","targetId":"a2a8b12a-3a43-4b9b-a7fc-2a2c64c5c6eb","type":"Association"},{"id":"b59cd116-42c7-407d-a3c6-b9e8a9ecef31","sourceId":"b48d7f01-e543-4f9f-b0d4-ec9df5d77494","targetId":"id-1f04d0fd-9548-405b-abd7-7d20da8ff766","type":"Triggering"},{"id":"a2156e39-911d-4b3e-839c-6314dd870c10","sourceId":"de56e412-4531-490c-b1a7-f6b3e36c8341","targetId":"f0490712-98be-4c0c-a837-f33856a47dd7","type":"Association"},{"id":"id-88fa535d-227f-4f1c-ae4a-46acc0230600","sourceId":"id-9a4051cb-1a35-417a-9df5-9e35e5032b9d","targetId":"de56e412-4531-490c-b1a7-f6b3e36c8341","type":"Composition"},{"id":"id-821fa6bc-c72a-415f-b918-b16d3ef468b7","sourceId":"id-9a4051cb-1a35-417a-9df5-9e35e5032b9d","targetId":"f0490712-98be-4c0c-a837-f33856a47dd7","type":"Composition"},{"id":"e294b819-e5cf-45da-8459-54ade9a595b2","sourceId":"id-9a4051cb-1a35-417a-9df5-9e35e5032b9d","targetId":"id-61a2b18b-b1f1-4987-975e-16a680839795","type":"Composition"},{"id":"id-77dbf64b-1f29-467c-a7d0-31704442665a","sourceId":"id-876bf4b7-33ca-4531-bbed-22928e5a9659","targetId":"f0490712-98be-4c0c-a837-f33856a47dd7","type":"Association"},{"id":"b311151e-322a-4fe2-be69-bb7bf712864e","sourceId":"ad308758-d483-4470-818c-b1a7a366f802","targetId":"id-1f04d0fd-9548-405b-abd7-7d20da8ff766","type":"Triggering"},{"id":"id-117ddcdf-fe24-4f3f-ae81-5fe2c7022b19","sourceId":"de56e412-4531-490c-b1a7-f6b3e36c8341","targetId":"id-7dd1fab6-144f-4344-b3ee-af670f2e1f2e","type":"Association"},{"id":"id-204f627b-c808-4933-86cd-9b1d06e8181f","sourceId":"id-1f04d0fd-9548-405b-abd7-7d20da8ff766","targetId":"id-23d49c3b-c34c-46ca-ac53-eff71f9d36a0","type":"Access"},{"id":"b41b7596-c060-4a6e-9889-4eee26d763ec","sourceId":"id-9a4051cb-1a35-417a-9df5-9e35e5032b9d","targetId":"id-876bf4b7-33ca-4531-bbed-22928e5a9659","type":"Composition"},{"id":"id-37a04364-047d-469a-bdb6-2eea576ad8f8","sourceId":"f65fd084-9517-4660-bbd4-50f497d6aa1a","targetId":"id-0b83d961-e4e4-40c3-b647-e3ae39c19602","type":"Triggering"},{"id":"bbd2ca06-ad59-4a73-a784-734043a743e4","sourceId":"f65fd084-9517-4660-bbd4-50f497d6aa1a","targetId":"id-1f04d0fd-9548-405b-abd7-7d20da8ff766","type":"Access"},{"id":"f5518495-d6eb-4bf0-b702-c5c1ec5a6e3a","sourceId":"f65fd084-9517-4660-bbd4-50f497d6aa1a","targetId":"id-23d49c3b-c34c-46ca-ac53-eff71f9d36a0","type":"Access"},{"id":"id-0e545e94-55da-4bf9-ade1-f86380f87226","sourceId":"id-9a4051cb-1a35-417a-9df5-9e35e5032b9d","targetId":"id-7dd1fab6-144f-4344-b3ee-af670f2e1f2e","type":"Composition"},{"id":"id-25c9fe6a-3cb6-4d42-9f4d-164a5eb3476d","sourceId":"id-23d49c3b-c34c-46ca-ac53-eff71f9d36a0","targetId":"id-51267344-3666-4423-a8d3-d026c2c2fc71","type":"Access"},{"id":"b4429926-5cb0-4871-ab8a-bca76551403c","sourceId":"id-61a2b18b-b1f1-4987-975e-16a680839795","targetId":"a2a8b12a-3a43-4b9b-a7fc-2a2c64c5c6eb","type":"Association"},{"id":"id-880f41b1-ba81-4906-ae8f-9b6f2dafed41","sourceId":"id-7dd1fab6-144f-4344-b3ee-af670f2e1f2e","targetId":"a2a8b12a-3a43-4b9b-a7fc-2a2c64c5c6eb","type":"Association"},{"id":"eadab213-b778-46db-a99a-46279cbbbbc6","sourceId":"f65fd084-9517-4660-bbd4-50f497d6aa1a","targetId":"c44fc1fb-6c97-4edf-aac3-e706268e80cd","type":"Triggering"},{"id":"bbdcdd54-ddb3-4fcf-bf62-2c3ceef3535f","sourceId":"id-730637ee-11fe-4ee9-8de4-e0890767594d","targetId":"id-1f04d0fd-9548-405b-abd7-7d20da8ff766","type":"Triggering"},{"id":"c56cad52-9510-4af4-a891-db42c64d30e7","sourceId":"id-51267344-3666-4423-a8d3-d026c2c2fc71","targetId":"id-9a4051cb-1a35-417a-9df5-9e35e5032b9d","type":"Access"},{"id":"ab883279-3e67-4b12-807c-0fe325e0f43a","sourceId":"id-9a4051cb-1a35-417a-9df5-9e35e5032b9d","targetId":"a2a8b12a-3a43-4b9b-a7fc-2a2c64c5c6eb","type":"Composition"},{"id":"id-5e2c7b12-6309-49ca-b9e1-39e526f0d611","sourceId":"f65fd084-9517-4660-bbd4-50f497d6aa1a","targetId":"id-5a1b2c41-6a91-400e-94bf-f1502afc9084","type":"Triggering"},{"id":"id-7f8a004f","sourceId":"id-9ecdc4d1","targetId":"id-0cd5961e","type":"Association"},{"id":"id-7da08a48","sourceId":"id-160afa73","targetId":"id-9ecdc4d1","type":"Association"},{"id":"id-375f3f87","sourceId":"id-6d2d9f3c","targetId":"eb1e4634","type":"Composition"},{"id":"d57d2350","sourceId":"eb1e4634","targetId":"id-86b1fae6","type":"Assignment"},{"id":"id-9741edc5","sourceId":"id-10393a75","targetId":"df37fbc0","type":"Access"},{"id":"id-72b46ec4","sourceId":"id-0e21b59a","targetId":"eb1e4634","type":"Flow"},{"id":"a420b396","sourceId":"id-4edd35d9","targetId":"e6aeb08b","type":"Association"},{"id":"id-808ebeaf","sourceId":"id-30bb64ab","targetId":"c30fc753","type":"Composition"},{"id":"id-16397258","sourceId":"dff093b6","targetId":"id-0e21b59a","type":"Triggering"},{"id":"id-0d2e4d13","sourceId":"id-4edd35d9","targetId":"id-6d1c5d04","type":"Association"},{"id":"id-9f9447ae","sourceId":"id-0e21b59a","targetId":"e647a686","type":"Composition"},{"id":"id-0acdda4e","sourceId":"a7f027c8","targetId":"id-9a3e6236","type":"Access"},{"id":"aedb4b24","sourceId":"id-6d2d9f3c","targetId":"a7f027c8","type":"Access"},{"id":"id-981a30e0","sourceId":"e6aeb08b","targetId":"id-160afa73","type":"Association"},{"id":"id-2ab9ce4b","sourceId":"id-9a3e6236","targetId":"e6aeb08b","type":"Composition"},{"id":"id-5d21fe0f","sourceId":"id-30bb64ab","targetId":"id-38269dc3","type":"Composition"},{"id":"f35dfbe7","sourceId":"adefa150","targetId":"id-0e21b59a","type":"Assignment"},{"id":"e77eb987","sourceId":"id-9a3e6236","targetId":"id-160afa73","type":"Composition"},{"id":"id-94d9de1f","sourceId":"id-9a3e6236","targetId":"id-0cd5961e","type":"Composition"},{"id":"ab6dad9e","sourceId":"c30fc753","targetId":"id-38269dc3","type":"Flow"},{"id":"b9c5ed53","sourceId":"e6aeb08b","targetId":"id-0cd5961e","type":"Association"},{"id":"e0fc5177","sourceId":"id-0e21b59a","targetId":"id-30bb64ab","type":"Flow"},{"id":"f27e0a5b","sourceId":"id-7fed2b30","targetId":"id-30bb64ab","type":"Assignment"},{"id":"id-13e80eae","sourceId":"id-86b1fae6","targetId":"id-32c9760b","type":"Composition"},{"id":"id-05134a08","sourceId":"id-9a3e6236","targetId":"id-9ecdc4d1","type":"Composition"},{"id":"a1c7e09a","sourceId":"id-0e21b59a","targetId":"id-04e86115","type":"Composition"},{"id":"id-6e7c215c","sourceId":"id-04e86115","targetId":"e647a686","type":"Flow"},{"id":"d90675d4","sourceId":"e647a686","targetId":"id-2597a620","type":"Flow"},{"id":"ae355361","sourceId":"c721281c","targetId":"c30fc753","type":"Flow"},{"id":"id-33de9230","sourceId":"id-30bb64ab","targetId":"c721281c","type":"Composition"},{"id":"id-242d99ff","sourceId":"id-4edd35d9","targetId":"id-9ecdc4d1","type":"Association"},{"id":"b9bcb880","sourceId":"id-0e21b59a","targetId":"id-2597a620","type":"Composition"},{"id":"id-5695a4a3","sourceId":"id-9a3e6236","targetId":"id-6d1c5d04","type":"Composition"},{"id":"id-5acce3aa","sourceId":"id-9a3e6236","targetId":"id-4edd35d9","type":"Composition"},{"id":"id-571a1542","sourceId":"id-6d1c5d04","targetId":"id-0cd5961e","type":"Association"},{"id":"f3344ec8","sourceId":"adefa150","targetId":"id-01a6b416","type":"Assignment"},{"id":"id-5dc89e13","sourceId":"e8779483","targetId":"id-01a6b416","type":"Triggering"},{"id":"id-3f4a72e1","sourceId":"id-01a6b416","targetId":"id-2c1cb96e","type":"Flow"},{"id":"id-7458c54b","sourceId":"id-3ead2558","targetId":"id-7ec8017b","type":"Assignment"},{"id":"id-658c3e7b","sourceId":"c8ef9695","targetId":"id-10393a75","type":"Assignment"},{"id":"id-85ee6472","sourceId":"id-01a6b416","targetId":"id-7ec8017b","type":"Flow"},{"id":"id-79de6ab5","sourceId":"id-30bb64ab","targetId":"id-10393a75","type":"Flow"},{"id":"id-6d086c4d","sourceId":"id-7ec8017b","targetId":"id-10393a75","type":"Flow"},{"id":"id-06e49731","sourceId":"id-6d2d9f3c","targetId":"id-2c1cb96e","type":"Composition"}],"views":[{"id":"id-808e9a0f","name":"Two Step View","viewpoint":""}]}