{"identifier":"https://me.big.tuwien.ac.at/EAModelSet/e207ad9e","archimateId":"e207ad9e","name":"The application layer coordinates the work between contexts","description":"","formats":["XML","CSV","JSON","ARCHIMATE"],"source":"GitHub","repository":"wilmerkrisp/patterns","license":"Other","sourceFile":"raw-data/github/xml/the_application_layer_coordinates_the_work_between_contexts.xml","sourceFormat":"XML","timestamp":"2023-07-06T09:29:17","tags":["DUPLICATE"],"duplicates":["raw-data/github/archimate/the_application_layer_coordinates_the_work_between_contexts.archimate"],"language":"en","elements":[{"id":"id-171afaa6","name":"entity 6","type":"BusinessObject","layer":"business"},{"id":"id-9de65f1f","name":"entity 2","type":"BusinessObject","layer":"business"},{"id":"id-08520a4c","name":"entity 1","type":"BusinessObject","layer":"business"},{"id":"id-02a24164","name":"entity 3","type":"BusinessObject","layer":"business"},{"id":"e795f8b6","name":"entity 4","type":"BusinessObject","layer":"business"},{"id":"id-5bdedd00","name":"entity 5","type":"BusinessObject","layer":"business"},{"id":"cae6f4d2","name":"table 6","type":"DataObject","layer":"application"},{"id":"id-4db5bf4b","name":"table 1","type":"DataObject","layer":"application"},{"id":"d968ddac","name":"table 2","type":"DataObject","layer":"application"},{"id":"b306d1d8","name":"table 2","type":"DataObject","layer":"application"},{"id":"id-9cf24c7d","name":"table 5","type":"DataObject","layer":"application"},{"id":"id-5356d4f7","name":"database 4","type":"Node","layer":"technology"},{"id":"f86054fa","name":"database 1","type":"Node","layer":"technology"},{"id":"id-5ab193a0","name":"database 2","type":"Node","layer":"technology"},{"id":"id-27ef86e9","name":"database 3","type":"Node","layer":"technology"},{"id":"edcce5a8","name":"generic subdomain 2 and Bounded context 4","type":"Grouping","layer":"other"},{"id":"ce17e1fa","name":"aggregate 6","type":"Grouping","layer":"other"},{"id":"d813da67","name":"application service 2","type":"Grouping","layer":"other"},{"id":"id-932679bd","name":"service 2","type":"Grouping","layer":"other"},{"id":"id-9aa7efca","name":"application service 2","type":"Grouping","layer":"other"},{"id":"id-61954c34","name":"core domain and Bounded context 1","type":"Grouping","layer":"other"},{"id":"a17277f8","name":"aggregate 2","type":"Grouping","layer":"other"},{"id":"id-6e5e69db","name":"aggregate 1","type":"Grouping","layer":"other"},{"id":"id-9c34fbbf","name":"application service 1","type":"Grouping","layer":"other"},{"id":"id-1928b57b","name":"service 2","type":"Grouping","layer":"other"},{"id":"id-11b67a9f","name":"application service 2","type":"Grouping","layer":"other"},{"id":"id-7a047e23","name":"temp package and Bounded context 2","type":"Grouping","layer":"other"},{"id":"id-8c0ea9ab","name":"aggregate 3","type":"Grouping","layer":"other"},{"id":"id-0d133a6d","name":"application service 1","type":"Grouping","layer":"other"},{"id":"id-2a3c369a","name":"service 2","type":"Grouping","layer":"other"},{"id":"id-2fa64e3c","name":"application service 2","type":"Grouping","layer":"other"},{"id":"id-6d84a1d2","name":"generic subdomain 1 and Bounded context 3","type":"Grouping","layer":"other"},{"id":"id-097ff142","name":"aggregate 5","type":"Grouping","layer":"other"},{"id":"id-5de30fd4","name":"application service 2","type":"Grouping","layer":"other"},{"id":"id-098d3999","name":"service 2","type":"Grouping","layer":"other"},{"id":"d219b315","name":"application service 2","type":"Grouping","layer":"other"},{"id":"id-6eb221f9","name":"UI","type":"Grouping","layer":"other"},{"id":"id-3426b1b2","name":"coordination and orchestration (Fowler's pattern: Service layer)","type":"Grouping","layer":"other"},{"id":"id-68a3da43","name":"translator 1-2","type":"Grouping","layer":"other"},{"id":"f9792ce3","name":"translator 2-3","type":"Grouping","layer":"other"},{"id":"id-3cd347a5","name":"translator 3-4","type":"Grouping","layer":"other"}],"relationships":[{"id":"id-3c9bd50b","sourceId":"id-9aa7efca","targetId":"ce17e1fa","type":"Association"},{"id":"id-5bb978ef","sourceId":"id-4db5bf4b","targetId":"f86054fa","type":"Association"},{"id":"a6ff64db","sourceId":"edcce5a8","targetId":"id-932679bd","type":"Composition"},{"id":"id-57d6ecde","sourceId":"id-02a24164","targetId":"e795f8b6","type":"Association"},{"id":"c976b659","sourceId":"id-08520a4c","targetId":"id-6e5e69db","type":"Association"},{"id":"id-2a0d9540","sourceId":"id-9de65f1f","targetId":"id-08520a4c","type":"Association"},{"id":"id-022bedc8","sourceId":"id-6eb221f9","targetId":"id-3426b1b2","type":"Association"},{"id":"id-81929cf5","sourceId":"a17277f8","targetId":"id-11b67a9f","type":"Association"},{"id":"dc4bdd35","sourceId":"id-2fa64e3c","targetId":"id-8c0ea9ab","type":"Association"},{"id":"id-00ba1180","sourceId":"id-7a047e23","targetId":"id-2fa64e3c","type":"Composition"},{"id":"id-4f77f75e","sourceId":"id-02a24164","targetId":"id-9de65f1f","type":"Association"},{"id":"id-5b394198","sourceId":"id-098d3999","targetId":"id-9cf24c7d","type":"Association"},{"id":"id-587bccba","sourceId":"id-6d84a1d2","targetId":"id-27ef86e9","type":"Composition"},{"id":"c0bb95ca","sourceId":"id-7a047e23","targetId":"id-8c0ea9ab","type":"Composition"},{"id":"id-8c610ec5","sourceId":"id-2a3c369a","targetId":"b306d1d8","type":"Association"},{"id":"d8b25089","sourceId":"edcce5a8","targetId":"ce17e1fa","type":"Composition"},{"id":"id-5af0678d","sourceId":"d813da67","targetId":"ce17e1fa","type":"Association"},{"id":"id-81daeff5","sourceId":"id-3426b1b2","targetId":"f9792ce3","type":"Composition"},{"id":"id-7ee5bdb7","sourceId":"id-02a24164","targetId":"id-5bdedd00","type":"Association"},{"id":"id-1ae06a8a","sourceId":"id-7a047e23","targetId":"b306d1d8","type":"Composition"},{"id":"id-679ca61a","sourceId":"id-7a047e23","targetId":"id-0d133a6d","type":"Composition"},{"id":"id-37b5d458","sourceId":"id-6d84a1d2","targetId":"d219b315","type":"Composition"},{"id":"b6a7e979","sourceId":"edcce5a8","targetId":"id-171afaa6","type":"Composition"},{"id":"fa5cf17c","sourceId":"b306d1d8","targetId":"id-5ab193a0","type":"Association"},{"id":"id-336127a5","sourceId":"id-08520a4c","targetId":"id-02a24164","type":"Association"},{"id":"a3d62d64","sourceId":"id-171afaa6","targetId":"ce17e1fa","type":"Association"},{"id":"bf6b9261","sourceId":"id-6d84a1d2","targetId":"id-5de30fd4","type":"Composition"},{"id":"fbc4e10a","sourceId":"id-3426b1b2","targetId":"id-3cd347a5","type":"Composition"},{"id":"e2f55905","sourceId":"id-5bdedd00","targetId":"id-097ff142","type":"Association"},{"id":"id-63027c67","sourceId":"edcce5a8","targetId":"cae6f4d2","type":"Composition"},{"id":"bc747228","sourceId":"id-61954c34","targetId":"a17277f8","type":"Composition"},{"id":"id-64580642","sourceId":"d968ddac","targetId":"f86054fa","type":"Association"},{"id":"id-3832367a","sourceId":"id-7a047e23","targetId":"id-02a24164","type":"Composition"},{"id":"ff2afcf4","sourceId":"edcce5a8","targetId":"d813da67","type":"Composition"},{"id":"id-3f997960","sourceId":"id-11b67a9f","targetId":"id-1928b57b","type":"Association"},{"id":"id-86881dc4","sourceId":"id-5bdedd00","targetId":"id-171afaa6","type":"Association"},{"id":"id-2c73a94b","sourceId":"id-7a047e23","targetId":"id-5ab193a0","type":"Composition"},{"id":"id-3cd708bc","sourceId":"id-9aa7efca","targetId":"id-932679bd","type":"Association"},{"id":"id-084fae53","sourceId":"id-3426b1b2","targetId":"id-68a3da43","type":"Association"},{"id":"c6396412","sourceId":"id-6d84a1d2","targetId":"id-098d3999","type":"Composition"},{"id":"id-7eea93b9","sourceId":"id-6d84a1d2","targetId":"id-9cf24c7d","type":"Composition"},{"id":"caad891b","sourceId":"id-3426b1b2","targetId":"id-9c34fbbf","type":"Association"},{"id":"f6ef2b49","sourceId":"id-7a047e23","targetId":"e795f8b6","type":"Composition"},{"id":"d3a6b868","sourceId":"id-9c34fbbf","targetId":"a17277f8","type":"Association"},{"id":"id-3de383bb","sourceId":"edcce5a8","targetId":"id-9aa7efca","type":"Composition"},{"id":"id-5399cfa2","sourceId":"id-1928b57b","targetId":"d968ddac","type":"Association"},{"id":"id-026134ae","sourceId":"id-7a047e23","targetId":"id-2a3c369a","type":"Composition"},{"id":"id-677fb382","sourceId":"id-0d133a6d","targetId":"id-8c0ea9ab","type":"Association"},{"id":"id-8d605f57","sourceId":"id-61954c34","targetId":"id-9c34fbbf","type":"Composition"},{"id":"b781b1bf","sourceId":"cae6f4d2","targetId":"id-5356d4f7","type":"Association"},{"id":"id-22ac2c94","sourceId":"id-3426b1b2","targetId":"d813da67","type":"Association"},{"id":"id-6c341094","sourceId":"id-6d84a1d2","targetId":"id-5bdedd00","type":"Composition"},{"id":"id-6d5c20b9","sourceId":"id-61954c34","targetId":"id-6e5e69db","type":"Composition"},{"id":"id-1c16b5db","sourceId":"e795f8b6","targetId":"id-8c0ea9ab","type":"Association"},{"id":"id-4c9e39d2","sourceId":"id-61954c34","targetId":"d968ddac","type":"Composition"},{"id":"id-2b764c2d","sourceId":"d219b315","targetId":"id-098d3999","type":"Association"},{"id":"id-7b5961ea","sourceId":"id-61954c34","targetId":"id-08520a4c","type":"Composition"},{"id":"id-4df5528f","sourceId":"id-6e5e69db","targetId":"id-11b67a9f","type":"Association"},{"id":"id-7483b745","sourceId":"a17277f8","targetId":"id-6e5e69db","type":"Association"},{"id":"f35328ea","sourceId":"id-5de30fd4","targetId":"id-097ff142","type":"Association"},{"id":"id-54c226df","sourceId":"id-61954c34","targetId":"id-11b67a9f","type":"Composition"},{"id":"a53530e7","sourceId":"id-61954c34","targetId":"id-1928b57b","type":"Composition"},{"id":"id-27148839","sourceId":"edcce5a8","targetId":"ce17e1fa","type":"Association"},{"id":"id-9730966c","sourceId":"id-9cf24c7d","targetId":"id-27ef86e9","type":"Association"},{"id":"c1cb655d","sourceId":"id-3426b1b2","targetId":"id-5de30fd4","type":"Association"},{"id":"e7bed00d","sourceId":"id-2fa64e3c","targetId":"id-2a3c369a","type":"Association"},{"id":"c0694ae0","sourceId":"id-3426b1b2","targetId":"f9792ce3","type":"Association"},{"id":"id-5c8a1cc1","sourceId":"edcce5a8","targetId":"id-5356d4f7","type":"Composition"},{"id":"id-54691b40","sourceId":"id-02a24164","targetId":"id-8c0ea9ab","type":"Association"},{"id":"c7f3c9f6","sourceId":"id-61954c34","targetId":"f86054fa","type":"Composition"},{"id":"id-2210253d","sourceId":"id-9de65f1f","targetId":"a17277f8","type":"Association"},{"id":"id-90bd19dd","sourceId":"id-6d84a1d2","targetId":"id-097ff142","type":"Composition"},{"id":"id-023159bd","sourceId":"id-61954c34","targetId":"id-9de65f1f","type":"Composition"},{"id":"id-7392f0be","sourceId":"id-61954c34","targetId":"id-4db5bf4b","type":"Composition"},{"id":"id-9a56ab9a","sourceId":"d219b315","targetId":"id-097ff142","type":"Association"},{"id":"id-1a10c9bf","sourceId":"id-3426b1b2","targetId":"id-0d133a6d","type":"Association"},{"id":"id-4ee8aee2","sourceId":"id-3426b1b2","targetId":"id-68a3da43","type":"Composition"},{"id":"id-952463b2","sourceId":"id-932679bd","targetId":"cae6f4d2","type":"Association"},{"id":"id-22311905","sourceId":"id-3426b1b2","targetId":"id-3cd347a5","type":"Association"},{"id":"id-1db1bfc2","sourceId":"id-9c34fbbf","targetId":"id-6e5e69db","type":"Association"},{"id":"id-2a3a6bfc","sourceId":"id-1928b57b","targetId":"id-4db5bf4b","type":"Association"}],"views":[{"id":"id-2aebcf25","name":"The application layer coordinates the work between contexts","viewpoint":""}]}