<?xml version="1.0" encoding="UTF-8"?><model xmlns="http://www.opengroup.org/xsd/archimate/3.0/" xmlns:xsi="http://www.w3.org/2001/XMLSchema-instance" identifier="_LgtawLIIEeqEM7mFKilpXw">  <name xml:lang="en">test</name>  <elements>    <element xsi:type="BusinessObject" identifier="_x4Ix4JQ2EDiHm_WklM7L5g">      <name xml:lang="en">Integrierter Mobilitätsmanagement</name>      <documentation/>    </element>    <element xsi:type="BusinessService" identifier="_SJBp4ZQ4EDiHm_WklM7L5g">      <name xml:lang="en">Service</name>      <documentation/>    </element>    <element xsi:type="BusinessProcess" identifier="_JL_ykJQ6EDiHm_WklM7L5g">      <name xml:lang="en">Integration von Daten</name>      <documentation/>    </element>    <element xsi:type="BusinessProcess" identifier="_JO0dEZQ6EDiHm_WklM7L5g">      <name xml:lang="en">Geokodierung von Adressen</name>      <documentation/>    </element>    <element xsi:type="BusinessProcess" identifier="_eMtMQZQ6EDiHm_WklM7L5g">      <name xml:lang="en">Auskunft ÖPNV</name>      <documentation/>    </element>    <element xsi:type="BusinessProcess" identifier="_eTkpQJQ6EDiHm_WklM7L5g">      <name xml:lang="en">Process</name>      <documentation/>    </element>    <element xsi:type="BusinessProcess" identifier="_emTYAZQ6EDiHm_WklM7L5g">      <name xml:lang="en">Process</name>      <documentation/>    </element>    <element xsi:type="BusinessProcess" identifier="_e2tykZQ6EDiHm_WklM7L5g">      <name xml:lang="en">Process</name>      <documentation/>    </element>    <element xsi:type="Product" identifier="_4n8cgJk-EDibSv5RpJCVGg">      <name xml:lang="en">Itermodales Veknüpfung Portal</name>      <documentation/>    </element>    <element xsi:type="BusinessService" identifier="_HLXpsJk_EDibSv5RpJCVGg">      <name xml:lang="en">MobilityHub App</name>      <documentation/>    </element>    <element xsi:type="BusinessService" identifier="_NBV-kJk_EDibSv5RpJCVGg">      <name xml:lang="en">Website</name>      <documentation/>    </element>    <element xsi:type="BusinessService" identifier="_PxkqgZk_EDibSv5RpJCVGg">      <name xml:lang="en">(semi-) automatisierte Telefonzentrale</name>      <documentation/>    </element>    <element xsi:type="BusinessService" identifier="_Y5aYwJk_EDibSv5RpJCVGg">      <name xml:lang="en">Buchungsmanager</name>      <documentation/>    </element>    <element xsi:type="BusinessService" identifier="_arCucJk_EDibSv5RpJCVGg">      <name xml:lang="en">Zahlungsmanager</name>      <documentation/>    </element>    <element xsi:type="BusinessInteraction" identifier="_-Ju0oJk_EDibSv5RpJCVGg">      <name xml:lang="en">Datenaustausch: Live Auskunft von Mobilitätsservices</name>      <documentation/>    </element>    <element xsi:type="BusinessInteraction" identifier="_OacqEJlAEDibSv5RpJCVGg">      <name xml:lang="en">Datenaustausch: Vermittlung der Buchungen zu den Mobilitätsservices</name>      <documentation/>    </element>    <element xsi:type="Product" identifier="_gVf6YZlAEDibSv5RpJCVGg">      <name xml:lang="en">Bike Sharing</name>      <documentation/>    </element>    <element xsi:type="Product" identifier="_hbVhEJlAEDibSv5RpJCVGg">      <name xml:lang="en">Product</name>      <documentation/>    </element>    <element xsi:type="Product" identifier="_5R01EJlAEDibSv5RpJCVGg">      <name xml:lang="en">Shuttle</name>      <documentation/>    </element>    <element xsi:type="Product" identifier="_7uz04JlAEDibSv5RpJCVGg">      <name xml:lang="en">Smart Garage - Pkw</name>      <documentation/>    </element>    <element xsi:type="Product" identifier="_-CK-oJlAEDibSv5RpJCVGg">      <name xml:lang="en">Smart Garage - Fahrrad</name>      <documentation/>    </element>    <element xsi:type="BusinessService" identifier="_HZAyMJlBEDibSv5RpJCVGg">      <name xml:lang="en">Besetzungsgrad Monitor</name>      <documentation/>    </element>    <element xsi:type="BusinessService" identifier="_HfyvoZlBEDibSv5RpJCVGg">      <name xml:lang="en">Security System</name>      <documentation/>    </element>    <element xsi:type="BusinessService" identifier="_HjLa0ZlBEDibSv5RpJCVGg">      <name xml:lang="en">Entsperrungssystem</name>      <documentation/>    </element>    <element xsi:type="BusinessService" identifier="_Ir7yoZlBEDibSv5RpJCVGg">      <name xml:lang="en">Buchungsmanager pro Service</name>      <documentation/>    </element>    <element xsi:type="BusinessService" identifier="_IxqAIZlBEDibSv5RpJCVGg">      <name xml:lang="en">Live Auskunft pro Service</name>      <documentation/>    </element>    <element xsi:type="BusinessRole" identifier="_o_ZdgJlCEDibSv5RpJCVGg">      <name xml:lang="en">Kundenvertragspartner</name>      <documentation/>    </element>    <element xsi:type="BusinessService" identifier="_o_ZdgplCEDibSv5RpJCVGg">      <name xml:lang="en">Kunden - und Vertragsverwaltung</name>      <documentation/>    </element>    <element xsi:type="BusinessActor" identifier="_o_aEkJlCEDibSv5RpJCVGg">      <name xml:lang="en">VBB</name>      <documentation/>    </element>    <element xsi:type="BusinessRole" identifier="_0Rgq8JlCEDibSv5RpJCVGg">      <name xml:lang="en">Zahlungsdienstleister</name>      <documentation/>    </element>    <element xsi:type="BusinessObject" identifier="_5KSiUZlDEDibSv5RpJCVGg">      <name xml:lang="en">Mobilitätsservices</name>      <documentation/>    </element>    <element xsi:type="Product" identifier="_zBEE0JlEEDibSv5RpJCVGg">      <name xml:lang="en">Car Sharing</name>      <documentation/>    </element>    <element xsi:type="BusinessRole" identifier="_MjIw4JlFEDibSv5RpJCVGg">      <name xml:lang="en">Mobilititätsdienstleister</name>      <documentation/>    </element>    <element xsi:type="BusinessActor" identifier="_aefRcJlFEDibSv5RpJCVGg">      <name xml:lang="en">Private Mobilitätanbieter</name>      <documentation/>    </element>    <element xsi:type="BusinessService" identifier="_YB42sJlGEDibSv5RpJCVGg">      <name xml:lang="en">Live Auskunft</name>      <documentation/>    </element>    <element xsi:type="BusinessRole" identifier="_mFKkMZlGEDiNxt8jEylImg">      <name xml:lang="en">Auskunftsgeber</name>      <documentation/>    </element>    <element xsi:type="BusinessRole" identifier="_w8tVgJlGEDiNxt8jEylImg">      <name xml:lang="en">Auskunftsdaten-verantwortlicher</name>      <documentation/>    </element>    <element xsi:type="BusinessRole" identifier="_9IrjIJlGEDiNxt8jEylImg">      <name xml:lang="en">Web-Dienstleister</name>      <documentation/>    </element>    <element xsi:type="BusinessRole" identifier="__0N8UJlGEDiNxt8jEylImg">      <name xml:lang="en">App- Dienstleister</name>      <documentation/>    </element>    <element xsi:type="BusinessRole" identifier="_TAN3IJlHEDiNxt8jEylImg">      <name xml:lang="en">Buchungs-Dienstleister</name>      <documentation/>    </element>    <element xsi:type="BusinessRole" identifier="_sdeUoJlHEDiNxt8jEylImg">      <name xml:lang="en">Kundenservice- Dienstleister</name>      <documentation/>    </element>    <element xsi:type="BusinessActor" identifier="_yH0oUJlHEDiNxt8jEylImg">      <name xml:lang="en">Verkehrsbetrieb Potsdam (in house)oder private Argenturen</name>      <documentation/>    </element>    <element xsi:type="BusinessRole" identifier="_JdypMJlIEDiNxt8jEylImg">      <name xml:lang="en">Auskunftsdaten-verantwortlicher</name>      <documentation/>    </element>    <element xsi:type="BusinessRole" identifier="_1sfzgJlIEDiNxt8jEylImg">      <name xml:lang="en">Buchungs-Dienstleister</name>      <documentation/>    </element>    <element xsi:type="Goal" identifier="_WSXdAJlKEDiNxt8jEylImg">      <name xml:lang="en">Verbesserung des intermodalen Angebots vom MobilityHub </name>      <documentation/>    </element>    <element xsi:type="Stakeholder" identifier="_r0gIwJlKEDiNxt8jEylImg">      <name xml:lang="en">Verkehrs-teilnehmer*innen</name>      <documentation/>    </element>    <element xsi:type="Stakeholder" identifier="_vul_wJlKEDiNxt8jEylImg">      <name xml:lang="en">Anwohner*innen</name>      <documentation/>    </element>    <element xsi:type="Stakeholder" identifier="_xycG0JlKEDiNxt8jEylImg">      <name xml:lang="en">Arbeitsgeber im Kiez</name>      <documentation/>    </element>    <element xsi:type="Stakeholder" identifier="_jL43sJlLEDiNxt8jEylImg">      <name xml:lang="en">Stadt Potsdam</name>      <documentation/>    </element>    <element xsi:type="Stakeholder" identifier="_khrl8JlLEDiNxt8jEylImg">      <name xml:lang="en">Mobilitätsanbierter</name>      <documentation/>    </element>    <element xsi:type="Goal" identifier="_yT-bsJlMEDiNxt8jEylImg">      <name xml:lang="en">besseres First/Last Mile Anbindung</name>      <documentation/>    </element>    <element xsi:type="Goal" identifier="_yWCRMJlMEDiNxt8jEylImg">      <name xml:lang="en">weniger Lärm</name>      <documentation/>    </element>    <element xsi:type="Goal" identifier="_yXUqoJlMEDiNxt8jEylImg">      <name xml:lang="en">weniger ruhender Verkehr im öffentlichen Raum</name>      <documentation/>    </element>    <element xsi:type="Goal" identifier="_yf5X0JlMEDiNxt8jEylImg">      <name xml:lang="en">weniger CO2</name>      <documentation/>    </element>    <element xsi:type="Goal" identifier="_ONeSIJlNEDiNxt8jEylImg">      <name xml:lang="en">schnellere und billigere Mobilität</name>      <documentation/>    </element>  </elements>  <relationships>    <relationship xsi:type="Composition" identifier="_vixyUZk_EDibSv5RpJCVGg" source="_4n8cgJk-EDibSv5RpJCVGg" target="_arCucJk_EDibSv5RpJCVGg">      <name xml:lang="en"/>      <documentation/>    </relationship>    <relationship xsi:type="Composition" identifier="_wMGcI5k_EDibSv5RpJCVGg" source="_4n8cgJk-EDibSv5RpJCVGg" target="_Y5aYwJk_EDibSv5RpJCVGg">      <name xml:lang="en"/>      <documentation/>    </relationship>    <relationship xsi:type="Aggregation" identifier="_xc4ukJk_EDibSv5RpJCVGg" source="_4n8cgJk-EDibSv5RpJCVGg" target="_PxkqgZk_EDibSv5RpJCVGg">      <name xml:lang="en"/>      <documentation/>    </relationship>    <relationship xsi:type="Composition" identifier="_ypu8MZk_EDibSv5RpJCVGg" source="_4n8cgJk-EDibSv5RpJCVGg" target="_HLXpsJk_EDibSv5RpJCVGg">      <name xml:lang="en"/>      <documentation/>    </relationship>    <relationship xsi:type="Composition" identifier="_y3ymUZk_EDibSv5RpJCVGg" source="_4n8cgJk-EDibSv5RpJCVGg" target="_NBV-kJk_EDibSv5RpJCVGg">      <name xml:lang="en"/>      <documentation/>    </relationship>    <relationship xsi:type="Assignment" identifier="_o_aEkplCEDibSv5RpJCVGg" source="_o_ZdgJlCEDibSv5RpJCVGg" target="_o_ZdgplCEDibSv5RpJCVGg">      <name xml:lang="en"/>      <documentation/>    </relationship>    <relationship xsi:type="Assignment" identifier="_o_aElJlCEDibSv5RpJCVGg" source="_o_aEkJlCEDibSv5RpJCVGg" target="_o_ZdgJlCEDibSv5RpJCVGg">      <name xml:lang="en"/>      <documentation/>    </relationship>    <relationship xsi:type="Composition" identifier="_xXOEE5lCEDibSv5RpJCVGg" source="_4n8cgJk-EDibSv5RpJCVGg" target="_o_ZdgplCEDibSv5RpJCVGg">      <name xml:lang="en"/>      <documentation/>    </relationship>    <relationship xsi:type="Composition" identifier="_sP6hIJlEEDibSv5RpJCVGg" source="_5R01EJlAEDibSv5RpJCVGg" target="_HfyvoZlBEDibSv5RpJCVGg">      <name xml:lang="en"/>      <documentation/>    </relationship>    <relationship xsi:type="Composition" identifier="_soCtQ5lEEDibSv5RpJCVGg" source="_5R01EJlAEDibSv5RpJCVGg" target="_HZAyMJlBEDibSv5RpJCVGg">      <name xml:lang="en"/>      <documentation/>    </relationship>    <relationship xsi:type="Composition" identifier="_s1QC05lEEDibSv5RpJCVGg" source="_5R01EJlAEDibSv5RpJCVGg" target="_HjLa0ZlBEDibSv5RpJCVGg">      <name xml:lang="en"/>      <documentation/>    </relationship>    <relationship xsi:type="Assignment" identifier="_P50_4plFEDibSv5RpJCVGg" source="_MjIw4JlFEDibSv5RpJCVGg" target="_HfyvoZlBEDibSv5RpJCVGg">      <name xml:lang="en"/>      <documentation/>    </relationship>    <relationship xsi:type="Assignment" identifier="_QK3Fg5lFEDibSv5RpJCVGg" source="_MjIw4JlFEDibSv5RpJCVGg" target="_HZAyMJlBEDibSv5RpJCVGg">      <name xml:lang="en"/>      <documentation/>    </relationship>    <relationship xsi:type="Assignment" identifier="_QXw5E5lFEDibSv5RpJCVGg" source="_MjIw4JlFEDibSv5RpJCVGg" target="_HjLa0ZlBEDibSv5RpJCVGg">      <name xml:lang="en"/>      <documentation/>    </relationship>    <relationship xsi:type="Assignment" identifier="_dqlaAplFEDibSv5RpJCVGg" source="_aefRcJlFEDibSv5RpJCVGg" target="_MjIw4JlFEDibSv5RpJCVGg">      <name xml:lang="en"/>      <documentation/>    </relationship>    <relationship xsi:type="Composition" identifier="_Y5Inw5lGEDibSv5RpJCVGg" source="_4n8cgJk-EDibSv5RpJCVGg" target="_YB42sJlGEDibSv5RpJCVGg">      <name xml:lang="en"/>      <documentation/>    </relationship>    <relationship xsi:type="Assignment" identifier="_uwptoJlGEDiNxt8jEylImg" source="_mFKkMZlGEDiNxt8jEylImg" target="_YB42sJlGEDibSv5RpJCVGg">      <name xml:lang="en"/>      <documentation/>    </relationship>    <relationship xsi:type="Assignment" identifier="_x9VFAplGEDiNxt8jEylImg" source="_w8tVgJlGEDiNxt8jEylImg" target="_YB42sJlGEDibSv5RpJCVGg">      <name xml:lang="en"/>      <documentation/>    </relationship>    <relationship xsi:type="Assignment" identifier="_rX0UIJlHEDiNxt8jEylImg" source="_0Rgq8JlCEDibSv5RpJCVGg" target="_arCucJk_EDibSv5RpJCVGg">      <name xml:lang="en"/>      <documentation/>    </relationship>    <relationship xsi:type="Assignment" identifier="_rlinEZlHEDiNxt8jEylImg" source="_TAN3IJlHEDiNxt8jEylImg" target="_Y5aYwJk_EDibSv5RpJCVGg">      <name xml:lang="en"/>      <documentation/>    </relationship>    <relationship xsi:type="Assignment" identifier="_rwxmsJlHEDiNxt8jEylImg" source="__0N8UJlGEDiNxt8jEylImg" target="_HLXpsJk_EDibSv5RpJCVGg">      <name xml:lang="en"/>      <documentation/>    </relationship>    <relationship xsi:type="Assignment" identifier="_r7AgwZlHEDiNxt8jEylImg" source="_9IrjIJlGEDiNxt8jEylImg" target="_NBV-kJk_EDibSv5RpJCVGg">      <name xml:lang="en"/>      <documentation/>    </relationship>    <relationship xsi:type="Assignment" identifier="_4EuEkZlHEDiNxt8jEylImg" source="_yH0oUJlHEDiNxt8jEylImg" target="_0Rgq8JlCEDibSv5RpJCVGg">      <name xml:lang="en"/>      <documentation/>    </relationship>    <relationship xsi:type="Assignment" identifier="_4PyFE5lHEDiNxt8jEylImg" source="_yH0oUJlHEDiNxt8jEylImg" target="_TAN3IJlHEDiNxt8jEylImg">      <name xml:lang="en"/>      <documentation/>    </relationship>    <relationship xsi:type="Assignment" identifier="_4aL-QZlHEDiNxt8jEylImg" source="_yH0oUJlHEDiNxt8jEylImg" target="_sdeUoJlHEDiNxt8jEylImg">      <name xml:lang="en"/>      <documentation/>    </relationship>    <relationship xsi:type="Assignment" identifier="_4kaRQ5lHEDiNxt8jEylImg" source="_yH0oUJlHEDiNxt8jEylImg" target="__0N8UJlGEDiNxt8jEylImg">      <name xml:lang="en"/>      <documentation/>    </relationship>    <relationship xsi:type="Assignment" identifier="_4ssqkplHEDiNxt8jEylImg" source="_yH0oUJlHEDiNxt8jEylImg" target="_9IrjIJlGEDiNxt8jEylImg">      <name xml:lang="en"/>      <documentation/>    </relationship>    <relationship xsi:type="Assignment" identifier="_4-dwA5lHEDiNxt8jEylImg" source="_yH0oUJlHEDiNxt8jEylImg" target="_mFKkMZlGEDiNxt8jEylImg">      <name xml:lang="en"/>      <documentation/>    </relationship>    <relationship xsi:type="Assignment" identifier="_6lEhcplHEDiNxt8jEylImg" source="_yH0oUJlHEDiNxt8jEylImg" target="_w8tVgJlGEDiNxt8jEylImg">      <name xml:lang="en"/>      <documentation/>    </relationship>    <relationship xsi:type="Composition" identifier="_TZDYcplIEDiNxt8jEylImg" source="_5R01EJlAEDibSv5RpJCVGg" target="_IxqAIZlBEDibSv5RpJCVGg">      <name xml:lang="en"/>      <documentation/>    </relationship>    <relationship xsi:type="Assignment" identifier="_YUNq45lIEDiNxt8jEylImg" source="_JdypMJlIEDiNxt8jEylImg" target="_IxqAIZlBEDibSv5RpJCVGg">      <name xml:lang="en"/>      <documentation/>    </relationship>    <relationship xsi:type="Serving" identifier="_aWiH8plIEDiNxt8jEylImg" source="_JdypMJlIEDiNxt8jEylImg" target="_-Ju0oJk_EDibSv5RpJCVGg">      <name xml:lang="en"/>      <documentation/>    </relationship>    <relationship xsi:type="Serving" identifier="_b3CRYZlIEDiNxt8jEylImg" source="_-Ju0oJk_EDibSv5RpJCVGg" target="_w8tVgJlGEDiNxt8jEylImg">      <name xml:lang="en"/>      <documentation/>    </relationship>    <relationship xsi:type="Composition" identifier="_y1z6QJlIEDiNxt8jEylImg" source="_5R01EJlAEDibSv5RpJCVGg" target="_Ir7yoZlBEDibSv5RpJCVGg">      <name xml:lang="en"/>      <documentation/>    </relationship>    <relationship xsi:type="Assignment" identifier="_8RnGUplIEDiNxt8jEylImg" source="_1sfzgJlIEDiNxt8jEylImg" target="_Ir7yoZlBEDibSv5RpJCVGg">      <name xml:lang="en"/>      <documentation/>    </relationship>    <relationship xsi:type="Serving" identifier="_91Vi4JlIEDiNxt8jEylImg" source="_OacqEJlAEDibSv5RpJCVGg" target="_1sfzgJlIEDiNxt8jEylImg">      <name xml:lang="en"/>      <documentation/>    </relationship>    <relationship xsi:type="Serving" identifier="__RTKk5lIEDiNxt8jEylImg" source="_TAN3IJlHEDiNxt8jEylImg" target="_OacqEJlAEDibSv5RpJCVGg">      <name xml:lang="en"/>      <documentation/>    </relationship>    <relationship xsi:type="Assignment" identifier="_HlKeMZlJEDiNxt8jEylImg" source="_aefRcJlFEDibSv5RpJCVGg" target="_1sfzgJlIEDiNxt8jEylImg">      <name xml:lang="en"/>      <documentation/>    </relationship>    <relationship xsi:type="Assignment" identifier="_IU7HMplJEDiNxt8jEylImg" source="_aefRcJlFEDibSv5RpJCVGg" target="_JdypMJlIEDiNxt8jEylImg">      <name xml:lang="en"/>      <documentation/>    </relationship>    <relationship xsi:type="Association" identifier="_nf2nQplLEDiNxt8jEylImg" source="_r0gIwJlKEDiNxt8jEylImg" target="_WSXdAJlKEDiNxt8jEylImg">      <name xml:lang="en"/>      <documentation/>    </relationship>    <relationship xsi:type="Association" identifier="_nuSr4plLEDiNxt8jEylImg" source="_vul_wJlKEDiNxt8jEylImg" target="_WSXdAJlKEDiNxt8jEylImg">      <name xml:lang="en"/>      <documentation/>    </relationship>    <relationship xsi:type="Association" identifier="_ohxXQplLEDiNxt8jEylImg" source="_xycG0JlKEDiNxt8jEylImg" target="_WSXdAJlKEDiNxt8jEylImg">      <name xml:lang="en"/>      <documentation/>    </relationship>    <relationship xsi:type="Association" identifier="_oss04JlLEDiNxt8jEylImg" source="_jL43sJlLEDiNxt8jEylImg" target="_WSXdAJlKEDiNxt8jEylImg">      <name xml:lang="en"/>      <documentation/>    </relationship>    <relationship xsi:type="Association" identifier="_o4nJ85lLEDiNxt8jEylImg" source="_khrl8JlLEDiNxt8jEylImg" target="_WSXdAJlKEDiNxt8jEylImg">      <name xml:lang="en"/>      <documentation/>    </relationship>    <relationship xsi:type="Association" identifier="_Qa5zAZlNEDiNxt8jEylImg" source="_WSXdAJlKEDiNxt8jEylImg" target="_ONeSIJlNEDiNxt8jEylImg">      <name xml:lang="en"/>      <documentation/>    </relationship>    <relationship xsi:type="Association" identifier="_Q-H00ZlNEDiNxt8jEylImg" source="_WSXdAJlKEDiNxt8jEylImg" target="_yXUqoJlMEDiNxt8jEylImg">      <name xml:lang="en"/>      <documentation/>    </relationship>    <relationship xsi:type="Association" identifier="_RiMLMJlNEDiNxt8jEylImg" source="_WSXdAJlKEDiNxt8jEylImg" target="_yT-bsJlMEDiNxt8jEylImg">      <name xml:lang="en"/>      <documentation/>    </relationship>    <relationship xsi:type="Association" identifier="_R_hAYplNEDiNxt8jEylImg" source="_WSXdAJlKEDiNxt8jEylImg" target="_yf5X0JlMEDiNxt8jEylImg">      <name xml:lang="en"/>      <documentation/>    </relationship>    <relationship xsi:type="Association" identifier="_SIZPkplNEDiNxt8jEylImg" source="_WSXdAJlKEDiNxt8jEylImg" target="_yWCRMJlMEDiNxt8jEylImg">      <name xml:lang="en"/>      <documentation/>    </relationship>    <relationship xsi:type="Association" identifier="_TmOfgZlNEDiNxt8jEylImg" source="_WSXdAJlKEDiNxt8jEylImg" target="_4n8cgJk-EDibSv5RpJCVGg">      <name xml:lang="en"/>      <documentation/>    </relationship>  </relationships>  <views>    <diagrams>      <view identifier="_Lgtaw7IIEeqEM7mFKilpXw">        <name xml:lang="en">archimate-diagram</name>        <node xsi:type="Element" identifier="_4oPXcJk-EDibSv5RpJCVGg" h="80" w="1300" x="440" y="742" elementRef="_4n8cgJk-EDibSv5RpJCVGg"/>        <node xsi:type="Element" identifier="_HLp9kZk_EDibSv5RpJCVGg" h="60" w="130" x="1117" y="895" elementRef="_HLXpsJk_EDibSv5RpJCVGg"/>        <node xsi:type="Element" identifier="_NBWloJk_EDibSv5RpJCVGg" h="60" w="130" x="1276" y="895" elementRef="_NBV-kJk_EDibSv5RpJCVGg"/>        <node xsi:type="Element" identifier="_PxtNYZk_EDibSv5RpJCVGg" h="60" w="130" x="960" y="895" elementRef="_PxkqgZk_EDibSv5RpJCVGg"/>        <node xsi:type="Element" identifier="_Y5aYwpk_EDibSv5RpJCVGg" h="60" w="130" x="807" y="895" elementRef="_Y5aYwJk_EDibSv5RpJCVGg"/>        <node xsi:type="Element" identifier="_arCucpk_EDibSv5RpJCVGg" h="60" w="130" x="645" y="895" elementRef="_arCucJk_EDibSv5RpJCVGg"/>        <node xsi:type="Element" identifier="_-KEL1Jk_EDibSv5RpJCVGg" h="80" w="170" x="1921" y="1012" elementRef="_-Ju0oJk_EDibSv5RpJCVGg"/>        <node xsi:type="Element" identifier="_Oad4MJlAEDibSv5RpJCVGg" h="90" w="161" x="696" y="1312" elementRef="_OacqEJlAEDibSv5RpJCVGg"/>        <node xsi:type="Element" identifier="_HZR38plBEDibSv5RpJCVGg" h="60" w="130" x="1439" y="1628" elementRef="_HZAyMJlBEDibSv5RpJCVGg"/>        <node xsi:type="Element" identifier="_Hf9uwJlBEDibSv5RpJCVGg" h="60" w="130" x="1296" y="1628" elementRef="_HfyvoZlBEDibSv5RpJCVGg"/>        <node xsi:type="Element" identifier="_HjQ6YZlBEDibSv5RpJCVGg" h="60" w="130" x="1591" y="1628" elementRef="_HjLa0ZlBEDibSv5RpJCVGg"/>        <node xsi:type="Element" identifier="_IsCgVJlBEDibSv5RpJCVGg" h="60" w="130" x="1167" y="1502" elementRef="_Ir7yoZlBEDibSv5RpJCVGg"/>        <node xsi:type="Element" identifier="_IxuRmJlBEDibSv5RpJCVGg" h="60" w="130" x="1757" y="1502" elementRef="_IxqAIZlBEDibSv5RpJCVGg"/>        <node xsi:type="Element" identifier="_o_aroJlCEDibSv5RpJCVGg" h="60" w="130" x="481" y="1012" elementRef="_o_ZdgJlCEDibSv5RpJCVGg"/>        <node xsi:type="Element" identifier="_o_aroZlCEDibSv5RpJCVGg" h="60" w="130" x="481" y="895" elementRef="_o_ZdgplCEDibSv5RpJCVGg"/>        <node xsi:type="Element" identifier="_o_aroplCEDibSv5RpJCVGg" h="60" w="130" x="481" y="1129" elementRef="_o_aEkJlCEDibSv5RpJCVGg"/>        <node xsi:type="Element" identifier="_0Rgq8plCEDibSv5RpJCVGg" h="60" w="130" x="645" y="1012" elementRef="_0Rgq8JlCEDibSv5RpJCVGg"/>        <node xsi:type="Element" identifier="_5KsyAJlDEDibSv5RpJCVGg" h="279" w="343" x="1362" y="1293" elementRef="_5KSiUZlDEDibSv5RpJCVGg">          <node xsi:type="Element" identifier="_gVxAIJlAEDibSv5RpJCVGg" h="80" w="170" x="1362" y="1333" elementRef="_gVf6YZlAEDibSv5RpJCVGg"/>          <node xsi:type="Element" identifier="_5R2DMJlAEDibSv5RpJCVGg" h="77" w="340" x="1362" y="1493" elementRef="_5R01EJlAEDibSv5RpJCVGg"/>          <node xsi:type="Element" identifier="_7uz04plAEDibSv5RpJCVGg" h="77" w="170" x="1362" y="1414" elementRef="_7uz04JlAEDibSv5RpJCVGg"/>          <node xsi:type="Element" identifier="_-CMMwZlAEDibSv5RpJCVGg" h="77" w="170" x="1535" y="1415" elementRef="_-CK-oJlAEDibSv5RpJCVGg"/>          <node xsi:type="Element" identifier="_zBEE0plEEDibSv5RpJCVGg" h="80" w="170" x="1535" y="1333" elementRef="_zBEE0JlEEDibSv5RpJCVGg"/>        </node>        <node xsi:type="Element" identifier="_MjIw4plFEDibSv5RpJCVGg" h="60" w="427" x="1292" y="1735" elementRef="_MjIw4JlFEDibSv5RpJCVGg"/>        <node xsi:type="Element" identifier="_aef4gZlFEDibSv5RpJCVGg" h="60" w="429" x="1292" y="1852" elementRef="_aefRcJlFEDibSv5RpJCVGg"/>        <node xsi:type="Element" identifier="_YB5dwZlGEDibSv5RpJCVGg" h="60" w="130" x="1455" y="895" elementRef="_YB42sJlGEDibSv5RpJCVGg"/>        <node xsi:type="Element" identifier="_mFkz4JlGEDiNxt8jEylImg" h="60" w="130" x="1455" y="1012" elementRef="_mFKkMZlGEDiNxt8jEylImg"/>        <node xsi:type="Element" identifier="_w8tVgplGEDiNxt8jEylImg" h="60" w="130" x="1614" y="1012" elementRef="_w8tVgJlGEDiNxt8jEylImg"/>        <node xsi:type="Element" identifier="_9IsxQZlGEDiNxt8jEylImg" h="60" w="130" x="1276" y="1012" elementRef="_9IrjIJlGEDiNxt8jEylImg"/>        <node xsi:type="Element" identifier="__0PKcJlGEDiNxt8jEylImg" h="60" w="130" x="1117" y="1012" elementRef="__0N8UJlGEDiNxt8jEylImg"/>        <node xsi:type="Element" identifier="_TAOeMZlHEDiNxt8jEylImg" h="60" w="130" x="807" y="1012" elementRef="_TAN3IJlHEDiNxt8jEylImg"/>        <node xsi:type="Element" identifier="_sdeUoplHEDiNxt8jEylImg" h="60" w="130" x="960" y="1012" elementRef="_sdeUoJlHEDiNxt8jEylImg"/>        <node xsi:type="Element" identifier="_yH12cJlHEDiNxt8jEylImg" h="81" w="1100" x="645" y="1129" elementRef="_yH0oUJlHEDiNxt8jEylImg"/>        <node xsi:type="Element" identifier="_Jdz3UZlIEDiNxt8jEylImg" h="60" w="130" x="1996" y="1502" elementRef="_JdypMJlIEDiNxt8jEylImg"/>        <node xsi:type="Element" identifier="_1sgakZlIEDiNxt8jEylImg" h="60" w="130" x="952" y="1502" elementRef="_1sfzgJlIEDiNxt8jEylImg"/>        <node xsi:type="Element" identifier="_WSxFoJlKEDiNxt8jEylImg" h="110" w="310" x="840" y="608" elementRef="_WSXdAJlKEDiNxt8jEylImg"/>        <node xsi:type="Element" identifier="_r05KUJlKEDiNxt8jEylImg" h="60" w="130" x="635" y="633" elementRef="_r0gIwJlKEDiNxt8jEylImg"/>        <node xsi:type="Element" identifier="_vumm0ZlKEDiNxt8jEylImg" h="60" w="130" x="666" y="566" elementRef="_vul_wJlKEDiNxt8jEylImg"/>        <node xsi:type="Element" identifier="_xydU8JlKEDiNxt8jEylImg" h="60" w="130" x="712" y="498" elementRef="_xycG0JlKEDiNxt8jEylImg"/>        <node xsi:type="Element" identifier="_jL5ewZlLEDiNxt8jEylImg" h="60" w="130" x="749" y="430" elementRef="_jL43sJlLEDiNxt8jEylImg"/>        <node xsi:type="Element" identifier="_khsNAJlLEDiNxt8jEylImg" h="60" w="130" x="807" y="365" elementRef="_khrl8JlLEDiNxt8jEylImg"/>        <node xsi:type="Element" identifier="_yT_p0ZlMEDiNxt8jEylImg" h="60" w="130" x="1117" y="517" elementRef="_yT-bsJlMEDiNxt8jEylImg"/>        <node xsi:type="Element" identifier="_yWC4QZlMEDiNxt8jEylImg" h="60" w="130" x="998" y="365" elementRef="_yWCRMJlMEDiNxt8jEylImg"/>        <node xsi:type="Element" identifier="_yXVRsZlMEDiNxt8jEylImg" h="90" w="140" x="1162" y="594" elementRef="_yXUqoJlMEDiNxt8jEylImg"/>        <node xsi:type="Element" identifier="_yf5-4JlMEDiNxt8jEylImg" h="60" w="130" x="1074" y="447" elementRef="_yf5X0JlMEDiNxt8jEylImg"/>        <node xsi:type="Element" identifier="_ONfgQZlNEDiNxt8jEylImg" h="60" w="130" x="906" y="296" elementRef="_ONeSIJlNEDiNxt8jEylImg"/>        <connection xsi:type="Relationship" identifier="_vjBC4Jk_EDibSv5RpJCVGg" source="_4oPXcJk-EDibSv5RpJCVGg" target="_arCucpk_EDibSv5RpJCVGg" relationshipRef="_vixyUZk_EDibSv5RpJCVGg">          <bendpoint x="710" y="859"/>          <bendpoint x="710" y="858"/>        </connection>        <connection xsi:type="Relationship" identifier="_wML7spk_EDibSv5RpJCVGg" source="_4oPXcJk-EDibSv5RpJCVGg" target="_Y5aYwpk_EDibSv5RpJCVGg" relationshipRef="_wMGcI5k_EDibSv5RpJCVGg">          <bendpoint x="872" y="859"/>          <bendpoint x="872" y="858"/>        </connection>        <connection xsi:type="Relationship" identifier="_xc8Y9Zk_EDibSv5RpJCVGg" source="_4oPXcJk-EDibSv5RpJCVGg" target="_PxtNYZk_EDibSv5RpJCVGg" relationshipRef="_xc4ukJk_EDibSv5RpJCVGg">          <bendpoint x="1025" y="859"/>          <bendpoint x="1025" y="858"/>        </connection>        <connection xsi:type="Relationship" identifier="_ypxYdZk_EDibSv5RpJCVGg" source="_4oPXcJk-EDibSv5RpJCVGg" target="_HLp9kZk_EDibSv5RpJCVGg" relationshipRef="_ypu8MZk_EDibSv5RpJCVGg">          <bendpoint x="1182" y="859"/>          <bendpoint x="1182" y="858"/>        </connection>        <connection xsi:type="Relationship" identifier="_y31popk_EDibSv5RpJCVGg" source="_4oPXcJk-EDibSv5RpJCVGg" target="_NBWloJk_EDibSv5RpJCVGg" relationshipRef="_y3ymUZk_EDibSv5RpJCVGg">          <bendpoint x="1341" y="859"/>          <bendpoint x="1341" y="858"/>        </connection>        <connection xsi:type="Relationship" identifier="_o_aro5lCEDibSv5RpJCVGg" source="_o_aroJlCEDibSv5RpJCVGg" target="_o_aroZlCEDibSv5RpJCVGg" relationshipRef="_o_aEkplCEDibSv5RpJCVGg">          <bendpoint x="546" y="983"/>          <bendpoint x="546" y="984"/>        </connection>        <connection xsi:type="Relationship" identifier="_o_cg1JlCEDibSv5RpJCVGg" source="_o_aroplCEDibSv5RpJCVGg" target="_o_aroJlCEDibSv5RpJCVGg" relationshipRef="_o_aElJlCEDibSv5RpJCVGg">          <bendpoint x="546" y="1100"/>          <bendpoint x="546" y="1101"/>        </connection>        <connection xsi:type="Relationship" identifier="_xXdUoplCEDibSv5RpJCVGg" source="_4oPXcJk-EDibSv5RpJCVGg" target="_o_aroZlCEDibSv5RpJCVGg" relationshipRef="_xXOEE5lCEDibSv5RpJCVGg">          <bendpoint x="546" y="859"/>          <bendpoint x="546" y="858"/>        </connection>        <connection xsi:type="Relationship" identifier="_sQRGcZlEEDibSv5RpJCVGg" source="_5R2DMJlAEDibSv5RpJCVGg" target="_Hf9uwJlBEDibSv5RpJCVGg" relationshipRef="_sP6hIJlEEDibSv5RpJCVGg">          <bendpoint x="1394" y="1599"/>          <bendpoint x="1394" y="1599"/>        </connection>        <connection xsi:type="Relationship" identifier="_soKpEJlEEDibSv5RpJCVGg" source="_5R2DMJlAEDibSv5RpJCVGg" target="_HZR38plBEDibSv5RpJCVGg" relationshipRef="_soCtQ5lEEDibSv5RpJCVGg">          <bendpoint x="1504" y="1599"/>          <bendpoint x="1504" y="1599"/>        </connection>        <connection xsi:type="Relationship" identifier="_s1UURplEEDibSv5RpJCVGg" source="_5R2DMJlAEDibSv5RpJCVGg" target="_HjQ6YZlBEDibSv5RpJCVGg" relationshipRef="_s1QC05lEEDibSv5RpJCVGg">          <bendpoint x="1646" y="1599"/>          <bendpoint x="1646" y="1599"/>        </connection>        <connection xsi:type="Relationship" identifier="_P6HTw5lFEDibSv5RpJCVGg" source="_MjIw4plFEDibSv5RpJCVGg" target="_Hf9uwJlBEDibSv5RpJCVGg" relationshipRef="_P50_4plFEDibSv5RpJCVGg">          <bendpoint x="1361" y="1711"/>          <bendpoint x="1361" y="1712"/>        </connection>        <connection xsi:type="Relationship" identifier="_QK9MIZlFEDibSv5RpJCVGg" source="_MjIw4plFEDibSv5RpJCVGg" target="_HZR38plBEDibSv5RpJCVGg" relationshipRef="_QK3Fg5lFEDibSv5RpJCVGg">          <bendpoint x="1504" y="1711"/>          <bendpoint x="1504" y="1712"/>        </connection>        <connection xsi:type="Relationship" identifier="_QX2YpJlFEDibSv5RpJCVGg" source="_MjIw4plFEDibSv5RpJCVGg" target="_HjQ6YZlBEDibSv5RpJCVGg" relationshipRef="_QXw5E5lFEDibSv5RpJCVGg">          <bendpoint x="1655" y="1711"/>          <bendpoint x="1655" y="1712"/>        </connection>        <connection xsi:type="Relationship" identifier="_dqodVplFEDibSv5RpJCVGg" source="_aef4gZlFEDibSv5RpJCVGg" target="_MjIw4plFEDibSv5RpJCVGg" relationshipRef="_dqlaAplFEDibSv5RpJCVGg">          <bendpoint x="1505" y="1823"/>          <bendpoint x="1505" y="1824"/>        </connection>        <connection xsi:type="Relationship" identifier="_Y5aUkZlGEDibSv5RpJCVGg" source="_4oPXcJk-EDibSv5RpJCVGg" target="_YB5dwZlGEDibSv5RpJCVGg" relationshipRef="_Y5Inw5lGEDibSv5RpJCVGg">          <bendpoint x="1520" y="859"/>          <bendpoint x="1520" y="858"/>        </connection>        <connection xsi:type="Relationship" identifier="_uwwbVJlGEDiNxt8jEylImg" source="_mFkz4JlGEDiNxt8jEylImg" target="_YB5dwZlGEDibSv5RpJCVGg" relationshipRef="_uwptoJlGEDiNxt8jEylImg">          <bendpoint x="1520" y="983"/>          <bendpoint x="1520" y="984"/>        </connection>        <connection xsi:type="Relationship" identifier="_x9ZWdJlGEDiNxt8jEylImg" source="_w8tVgplGEDiNxt8jEylImg" target="_YB5dwZlGEDibSv5RpJCVGg" relationshipRef="_x9VFAplGEDiNxt8jEylImg">          <bendpoint x="1600" y="1042"/>          <bendpoint x="1599" y="925"/>        </connection>        <connection xsi:type="Relationship" identifier="_rYIdMZlHEDiNxt8jEylImg" source="_0Rgq8plCEDibSv5RpJCVGg" target="_arCucpk_EDibSv5RpJCVGg" relationshipRef="_rX0UIJlHEDiNxt8jEylImg">          <bendpoint x="710" y="983"/>          <bendpoint x="710" y="984"/>        </connection>        <connection xsi:type="Relationship" identifier="_rlp71JlHEDiNxt8jEylImg" source="_TAOeMZlHEDiNxt8jEylImg" target="_Y5aYwpk_EDibSv5RpJCVGg" relationshipRef="_rlinEZlHEDiNxt8jEylImg">          <bendpoint x="872" y="983"/>          <bendpoint x="872" y="984"/>        </connection>        <connection xsi:type="Relationship" identifier="_rw3tUplHEDiNxt8jEylImg" source="__0PKcJlGEDiNxt8jEylImg" target="_HLp9kZk_EDibSv5RpJCVGg" relationshipRef="_rwxmsJlHEDiNxt8jEylImg">          <bendpoint x="1182" y="983"/>          <bendpoint x="1182" y="984"/>        </connection>        <connection xsi:type="Relationship" identifier="_r7DkFJlHEDiNxt8jEylImg" source="_9IsxQZlGEDiNxt8jEylImg" target="_NBWloJk_EDibSv5RpJCVGg" relationshipRef="_r7AgwZlHEDiNxt8jEylImg">          <bendpoint x="1341" y="983"/>          <bendpoint x="1341" y="984"/>        </connection>        <connection xsi:type="Relationship" identifier="_4FA_gZlHEDiNxt8jEylImg" source="_yH12cJlHEDiNxt8jEylImg" target="_0Rgq8plCEDibSv5RpJCVGg" relationshipRef="_4EuEkZlHEDiNxt8jEylImg">          <bendpoint x="710" y="1100"/>          <bendpoint x="710" y="1101"/>        </connection>        <connection xsi:type="Relationship" identifier="_4P3kpJlHEDiNxt8jEylImg" source="_yH12cJlHEDiNxt8jEylImg" target="_TAOeMZlHEDiNxt8jEylImg" relationshipRef="_4PyFE5lHEDiNxt8jEylImg">          <bendpoint x="872" y="1100"/>          <bendpoint x="872" y="1101"/>        </connection>        <connection xsi:type="Relationship" identifier="_4aSr9JlHEDiNxt8jEylImg" source="_yH12cJlHEDiNxt8jEylImg" target="_sdeUoplHEDiNxt8jEylImg" relationshipRef="_4aL-QZlHEDiNxt8jEylImg">          <bendpoint x="1025" y="1100"/>          <bendpoint x="1025" y="1101"/>        </connection>        <connection xsi:type="Relationship" identifier="_4keitJlHEDiNxt8jEylImg" source="_yH12cJlHEDiNxt8jEylImg" target="__0PKcJlGEDiNxt8jEylImg" relationshipRef="_4kaRQ5lHEDiNxt8jEylImg">          <bendpoint x="1182" y="1100"/>          <bendpoint x="1182" y="1101"/>        </connection>        <connection xsi:type="Relationship" identifier="_4swU9JlHEDiNxt8jEylImg" source="_yH12cJlHEDiNxt8jEylImg" target="_9IsxQZlGEDiNxt8jEylImg" relationshipRef="_4ssqkplHEDiNxt8jEylImg">          <bendpoint x="1341" y="1100"/>          <bendpoint x="1341" y="1101"/>        </connection>        <connection xsi:type="Relationship" identifier="_4-haY5lHEDiNxt8jEylImg" source="_yH12cJlHEDiNxt8jEylImg" target="_mFkz4JlGEDiNxt8jEylImg" relationshipRef="_4-dwA5lHEDiNxt8jEylImg">          <bendpoint x="1520" y="1100"/>          <bendpoint x="1520" y="1101"/>        </connection>        <connection xsi:type="Relationship" identifier="_6lG9tJlHEDiNxt8jEylImg" source="_yH12cJlHEDiNxt8jEylImg" target="_w8tVgplGEDiNxt8jEylImg" relationshipRef="_6lEhcplHEDiNxt8jEylImg">          <bendpoint x="1679" y="1100"/>          <bendpoint x="1679" y="1101"/>        </connection>        <connection xsi:type="Relationship" identifier="_TZak0plIEDiNxt8jEylImg" source="_5R2DMJlAEDibSv5RpJCVGg" target="_IxuRmJlBEDibSv5RpJCVGg" relationshipRef="_TZDYcplIEDiNxt8jEylImg">          <bendpoint x="1729" y="1532"/>          <bendpoint x="1730" y="1532"/>        </connection>        <connection xsi:type="Relationship" identifier="_YUVmsJlIEDiNxt8jEylImg" source="_Jdz3UZlIEDiNxt8jEylImg" target="_IxuRmJlBEDibSv5RpJCVGg" relationshipRef="_YUNq45lIEDiNxt8jEylImg">          <bendpoint x="1942" y="1532"/>          <bendpoint x="1941" y="1532"/>        </connection>        <connection xsi:type="Relationship" identifier="_aWnAcplIEDiNxt8jEylImg" source="_Jdz3UZlIEDiNxt8jEylImg" target="_-KEL1Jk_EDibSv5RpJCVGg" relationshipRef="_aWiH8plIEDiNxt8jEylImg">          <bendpoint x="2043" y="1297"/>          <bendpoint x="2043" y="1297"/>        </connection>        <connection xsi:type="Relationship" identifier="_b3F7wplIEDiNxt8jEylImg" source="_-KEL1Jk_EDibSv5RpJCVGg" target="_w8tVgplGEDiNxt8jEylImg" relationshipRef="_b3CRYZlIEDiNxt8jEylImg">          <bendpoint x="1833" y="1042"/>          <bendpoint x="1832" y="1042"/>        </connection>        <connection xsi:type="Relationship" identifier="_y2Ni4plIEDiNxt8jEylImg" source="_5R2DMJlAEDibSv5RpJCVGg" target="_IsCgVJlBEDibSv5RpJCVGg" relationshipRef="_y1z6QJlIEDiNxt8jEylImg">          <bendpoint x="1330" y="1532"/>          <bendpoint x="1329" y="1532"/>        </connection>        <connection xsi:type="Relationship" identifier="_8SDyQJlIEDiNxt8jEylImg" source="_1sgakZlIEDiNxt8jEylImg" target="_IsCgVJlBEDibSv5RpJCVGg" relationshipRef="_8RnGUplIEDiNxt8jEylImg">          <bendpoint x="1124" y="1532"/>          <bendpoint x="1125" y="1532"/>        </connection>        <connection xsi:type="Relationship" identifier="_91f68plIEDiNxt8jEylImg" source="_Oad4MJlAEDibSv5RpJCVGg" target="_1sgakZlIEDiNxt8jEylImg" relationshipRef="_91Vi4JlIEDiNxt8jEylImg">          <bendpoint x="904" y="1357"/>          <bendpoint x="905" y="1532"/>        </connection>        <connection xsi:type="Relationship" identifier="__RYqKZlIEDiNxt8jEylImg" source="_TAOeMZlHEDiNxt8jEylImg" target="_Oad4MJlAEDibSv5RpJCVGg" relationshipRef="__RTKk5lIEDiNxt8jEylImg">          <bendpoint x="832" y="1192"/>          <bendpoint x="832" y="1192"/>        </connection>        <connection xsi:type="Relationship" identifier="_Hlkt4plJEDiNxt8jEylImg" source="_aef4gZlFEDibSv5RpJCVGg" target="_1sgakZlIEDiNxt8jEylImg" relationshipRef="_HlKeMZlJEDiNxt8jEylImg">          <bendpoint x="1026" y="1879"/>          <bendpoint x="1026" y="1582"/>        </connection>        <connection xsi:type="Relationship" identifier="_IVE4MJlJEDiNxt8jEylImg" source="_aef4gZlFEDibSv5RpJCVGg" target="_Jdz3UZlIEDiNxt8jEylImg" relationshipRef="_IU7HMplJEDiNxt8jEylImg">          <bendpoint x="2056" y="1879"/>          <bendpoint x="2056" y="1582"/>        </connection>        <connection xsi:type="Relationship" identifier="_ngI7IJlLEDiNxt8jEylImg" source="_r05KUJlKEDiNxt8jEylImg" target="_WSxFoJlKEDiNxt8jEylImg" relationshipRef="_nf2nQplLEDiNxt8jEylImg">          <bendpoint x="802" y="663"/>          <bendpoint x="803" y="663"/>        </connection>        <connection xsi:type="Relationship" identifier="_nuaApJlLEDiNxt8jEylImg" source="_vumm0ZlKEDiNxt8jEylImg" target="_WSxFoJlKEDiNxt8jEylImg" relationshipRef="_nuSr4plLEDiNxt8jEylImg">          <bendpoint x="818" y="617"/>          <bendpoint x="818" y="617"/>        </connection>        <connection xsi:type="Relationship" identifier="_oh220plLEDiNxt8jEylImg" source="_xydU8JlKEDiNxt8jEylImg" target="_WSxFoJlKEDiNxt8jEylImg" relationshipRef="_ohxXQplLEDiNxt8jEylImg">          <bendpoint x="841" y="583"/>          <bendpoint x="841" y="583"/>        </connection>        <connection xsi:type="Relationship" identifier="_osuqG5lLEDiNxt8jEylImg" source="_jL5ewZlLEDiNxt8jEylImg" target="_WSxFoJlKEDiNxt8jEylImg" relationshipRef="_oss04JlLEDiNxt8jEylImg">          <bendpoint x="859" y="549"/>          <bendpoint x="859" y="549"/>        </connection>        <connection xsi:type="Relationship" identifier="_o4qNQplLEDiNxt8jEylImg" source="_khsNAJlLEDiNxt8jEylImg" target="_WSxFoJlKEDiNxt8jEylImg" relationshipRef="_o4nJ85lLEDiNxt8jEylImg">          <bendpoint x="888" y="517"/>          <bendpoint x="888" y="516"/>        </connection>        <connection xsi:type="Relationship" identifier="_QbMG4ZlNEDiNxt8jEylImg" source="_WSxFoJlKEDiNxt8jEylImg" target="_ONfgQZlNEDiNxt8jEylImg" relationshipRef="_Qa5zAZlNEDiNxt8jEylImg">          <bendpoint x="971" y="482"/>          <bendpoint x="971" y="482"/>        </connection>        <connection xsi:type="Relationship" identifier="_Q-NUYZlNEDiNxt8jEylImg" source="_WSxFoJlKEDiNxt8jEylImg" target="_yXVRsZlMEDiNxt8jEylImg" relationshipRef="_Q-H00ZlNEDiNxt8jEylImg">          <bendpoint x="1156" y="646"/>          <bendpoint x="1156" y="646"/>        </connection>        <connection xsi:type="Relationship" identifier="_RiUHA5lNEDiNxt8jEylImg" source="_WSxFoJlKEDiNxt8jEylImg" target="_yT_p0ZlMEDiNxt8jEylImg" relationshipRef="_RiMLMJlNEDiNxt8jEylImg">          <bendpoint x="1133" y="592"/>          <bendpoint x="1133" y="593"/>        </connection>        <connection xsi:type="Relationship" identifier="_R_jcrJlNEDiNxt8jEylImg" source="_WSxFoJlKEDiNxt8jEylImg" target="_yf5-4JlMEDiNxt8jEylImg" relationshipRef="_R_hAYplNEDiNxt8jEylImg">          <bendpoint x="1112" y="557"/>          <bendpoint x="1112" y="558"/>        </connection>        <connection xsi:type="Relationship" identifier="_SIbr15lNEDiNxt8jEylImg" source="_WSxFoJlKEDiNxt8jEylImg" target="_yWC4QZlMEDiNxt8jEylImg" relationshipRef="_SIZPkplNEDiNxt8jEylImg">          <bendpoint x="1063" y="516"/>          <bendpoint x="1063" y="517"/>        </connection>        <connection xsi:type="Relationship" identifier="_TmQ7zZlNEDiNxt8jEylImg" source="_WSxFoJlKEDiNxt8jEylImg" target="_4oPXcJk-EDibSv5RpJCVGg" relationshipRef="_TmOfgZlNEDiNxt8jEylImg">          <bendpoint x="995" y="730"/>          <bendpoint x="995" y="730"/>        </connection>      </view>    </diagrams>  </views></model>
