<?xml version="1.0" encoding="UTF-8"?>
<model xmlns="http://www.opengroup.org/xsd/archimate/3.0/" xmlns:xsi="http://www.w3.org/2001/XMLSchema-instance" xsi:schemaLocation="http://www.opengroup.org/xsd/archimate/3.0/ http://www.opengroup.org/xsd/archimate/3.1/archimate3_Diagram.xsd" identifier="id-372288bf">
  <name xml:lang="en">4b Single Table Inheritance</name>
  <elements>
    <element identifier="d053fa8a" xsi:type="ApplicationProcess">
      <name xml:lang="en">some process</name>
    </element>
    <element identifier="id-4d240beb" xsi:type="ApplicationProcess">
      <name xml:lang="en">find some data objects</name>
    </element>
    <element identifier="id-46b1b6b7" xsi:type="ApplicationProcess">
      <name xml:lang="en">update 1 object</name>
    </element>
    <element identifier="id-3f1163b1" xsi:type="ApplicationProcess">
      <name xml:lang="en">change some object some properties for update</name>
    </element>
    <element identifier="d4cd85ec" xsi:type="ApplicationProcess">
      <name xml:lang="en">some business logic on object</name>
    </element>
    <element identifier="id-0c7d8b7c" xsi:type="ApplicationComponent">
      <name xml:lang="en">class type 1</name>
    </element>
    <element identifier="ee1ee414" xsi:type="DataObject">
      <name xml:lang="en">properties (corresponds to table columns)</name>
    </element>
    <element identifier="id-5be1626b" xsi:type="ApplicationFunction">
      <name xml:lang="en">some business logic function 1</name>
    </element>
    <element identifier="id-3fa3823d" xsi:type="ApplicationFunction">
      <name xml:lang="en">some business logic function 2</name>
    </element>
    <element identifier="id-43a07c76" xsi:type="ApplicationComponent">
      <name xml:lang="en">class subtype 2</name>
    </element>
    <element identifier="c742c168" xsi:type="ApplicationComponent">
      <name xml:lang="en">class subtype 3</name>
    </element>
    <element identifier="f1701007" xsi:type="DataObject">
      <name xml:lang="en">table</name>
    </element>
    <element identifier="id-29ca205c" xsi:type="DataObject">
      <name xml:lang="en">entity 2</name>
    </element>
    <element identifier="c51778df" xsi:type="DataObject">
      <name xml:lang="en">entity 3</name>
    </element>
    <element identifier="id-68432368" xsi:type="ApplicationComponent">
      <name xml:lang="en">class mapper 1</name>
    </element>
    <element identifier="id-4188ebf9" xsi:type="ApplicationFunction">
      <name xml:lang="en">Create/insert (v_object)</name>
    </element>
    <element identifier="id-20841a6f" xsi:type="ApplicationProcess">
      <name xml:lang="en">get props from v_object for use in insert</name>
    </element>
    <element identifier="d23ab3db" xsi:type="ApplicationProcess">
      <name xml:lang="en">SQL insert 1 row statement</name>
    </element>
    <element identifier="b370d7a7" xsi:type="ApplicationFunction">
      <name xml:lang="en">factory (props)</name>
    </element>
    <element identifier="id-5d9d73cf" xsi:type="ApplicationProcess">
      <name xml:lang="en">create obj and fill properties acording with input args</name>
    </element>
    <element identifier="id-5bfe5fb3" xsi:type="ApplicationProcess">
      <name xml:lang="en">return created object of type 'class type 1'</name>
    </element>
    <element identifier="id-22564600" xsi:type="ApplicationFunction">
      <name xml:lang="en">Update (v_object)</name>
    </element>
    <element identifier="c0ae5b85" xsi:type="ApplicationProcess">
      <name xml:lang="en">get props from v_object for use in update</name>
    </element>
    <element identifier="b50db0e5" xsi:type="ApplicationProcess">
      <name xml:lang="en">SQL update 1 row statement</name>
    </element>
    <element identifier="c4e21ad8" xsi:type="ApplicationFunction">
      <name xml:lang="en">Delete (id)</name>
    </element>
    <element identifier="id-0a1d07a1" xsi:type="ApplicationProcess">
      <name xml:lang="en">get id</name>
    </element>
    <element identifier="b5092ee6" xsi:type="ApplicationProcess">
      <name xml:lang="en">SQL delete 1 row statement</name>
    </element>
    <element identifier="id-8ba1eca9" xsi:type="ApplicationFunction">
      <name xml:lang="en">Read(id)</name>
    </element>
    <element identifier="a30437c0" xsi:type="ApplicationProcess">
      <name xml:lang="en">SQL select 1 row statement</name>
    </element>
    <element identifier="id-12f83529" xsi:type="ApplicationProcess">
      <name xml:lang="en">return object of type 'class type 1'</name>
    </element>
    <element identifier="b043ae20" xsi:type="ApplicationFunction">
      <name xml:lang="en">Find(parameters)</name>
    </element>
    <element identifier="c9bfe78a" xsi:type="ApplicationProcess">
      <name xml:lang="en">SQL select rows statement</name>
    </element>
    <element identifier="id-62a7f301" xsi:type="ApplicationProcess">
      <name xml:lang="en">return array of objects of type 'class type 1'</name>
    </element>
    <element identifier="b0fe2c99" xsi:type="ApplicationComponent">
      <name xml:lang="en">class mapper 2</name>
    </element>
    <element identifier="id-6aa9c90a" xsi:type="ApplicationComponent">
      <name xml:lang="en">class mapper 3</name>
    </element>
    <element identifier="id-0bfa0eba" xsi:type="ApplicationFunction">
      <name xml:lang="en">Application Function</name>
    </element>
    <element identifier="ec5fd4dd" xsi:type="ApplicationComponent">
      <name xml:lang="en">class mapper 2</name>
    </element>
    <element identifier="id-2fc8a571" xsi:type="ApplicationFunction">
      <name xml:lang="en">Create/insert (v_object)</name>
    </element>
    <element identifier="id-71be4489" xsi:type="ApplicationFunction">
      <name xml:lang="en">factory (props)</name>
    </element>
    <element identifier="c1e3bde5" xsi:type="ApplicationFunction">
      <name xml:lang="en">Update (v_object)</name>
    </element>
    <element identifier="ad79ca79" xsi:type="ApplicationFunction">
      <name xml:lang="en">Delete (id)</name>
    </element>
    <element identifier="id-6f960ee2" xsi:type="ApplicationFunction">
      <name xml:lang="en">Read(id)</name>
    </element>
    <element identifier="id-05281eb0" xsi:type="ApplicationFunction">
      <name xml:lang="en">Find(parameters)</name>
    </element>
    <element identifier="id-825ad3cf" xsi:type="ApplicationComponent">
      <name xml:lang="en">class mapper 3</name>
    </element>
    <element identifier="id-3273b067" xsi:type="ApplicationFunction">
      <name xml:lang="en">Create/insert (v_object)</name>
    </element>
    <element identifier="id-44581ea3" xsi:type="ApplicationFunction">
      <name xml:lang="en">factory (props)</name>
    </element>
    <element identifier="id-49f391a0" xsi:type="ApplicationFunction">
      <name xml:lang="en">Update (v_object)</name>
    </element>
    <element identifier="fdffb322" xsi:type="ApplicationFunction">
      <name xml:lang="en">Delete (id)</name>
    </element>
    <element identifier="id-557b6fe9" xsi:type="ApplicationFunction">
      <name xml:lang="en">Read(id)</name>
    </element>
    <element identifier="id-5b3544f6" xsi:type="ApplicationFunction">
      <name xml:lang="en">Find(parameters)</name>
    </element>
    <element identifier="f08656f1" xsi:type="DataObject">
      <name xml:lang="en">Primary Key</name>
    </element>
    <element identifier="id-939e4e36" xsi:type="DataObject">
      <name xml:lang="en">clas type</name>
    </element>
    <element identifier="e4c43526" xsi:type="DataObject">
      <name xml:lang="en">columns for type 1</name>
    </element>
    <element identifier="id-2e7905d6" xsi:type="DataObject">
      <name xml:lang="en">columns for type 2</name>
    </element>
    <element identifier="id-419416fc" xsi:type="DataObject">
      <name xml:lang="en">columns for type 3</name>
    </element>
  </elements>
  <relationships>
    <relationship identifier="bbe166a5" source="id-68432368" target="c4e21ad8" xsi:type="Assignment" />
    <relationship identifier="ab7a050f" source="c4e21ad8" target="b5092ee6" xsi:type="Composition" />
    <relationship identifier="id-34eab69d" source="id-29ca205c" target="c51778df" xsi:type="Association" />
    <relationship identifier="e1dbbece" source="d053fa8a" target="d4cd85ec" xsi:type="Composition" />
    <relationship identifier="id-3284015b" source="b50db0e5" target="f1701007" xsi:type="Access" accessType="Write" />
    <relationship identifier="id-6559bc48" source="b043ae20" target="c9bfe78a" xsi:type="Composition" />
    <relationship identifier="d598acbf" source="id-68432368" target="id-4188ebf9" xsi:type="Assignment" />
    <relationship identifier="id-0f571f29" source="b370d7a7" target="id-62a7f301" xsi:type="Serving">
      <name xml:lang="en">query results transmitted to the factory, and it returns an object</name>
    </relationship>
    <relationship identifier="ad3084b0" source="id-43a07c76" target="b0fe2c99" xsi:type="Serving" />
    <relationship identifier="id-97870d05" source="id-5d9d73cf" target="id-5bfe5fb3" xsi:type="Flow" />
    <relationship identifier="id-43fb19cd" source="id-8ba1eca9" target="id-12f83529" xsi:type="Composition" />
    <relationship identifier="id-7e16dc05" source="b0fe2c99" target="id-29ca205c" xsi:type="Association" />
    <relationship identifier="e29858f1" source="f1701007" target="id-29ca205c" xsi:type="Association" />
    <relationship identifier="a4e14133" source="id-68432368" target="id-22564600" xsi:type="Assignment" />
    <relationship identifier="id-938b1758" source="b370d7a7" target="id-12f83529" xsi:type="Serving" />
    <relationship identifier="id-30b2f660" source="c4e21ad8" target="f1701007" xsi:type="Access" accessType="Write" />
    <relationship identifier="id-25955bf0" source="b043ae20" target="id-4d240beb" xsi:type="Serving" />
    <relationship identifier="id-3ed68378" source="id-3f1163b1" target="ee1ee414" xsi:type="Access" accessType="Write" />
    <relationship identifier="e5efcdb1" source="id-22564600" target="id-46b1b6b7" xsi:type="Serving" />
    <relationship identifier="id-459ebf45" source="id-6aa9c90a" target="c51778df" xsi:type="Association" />
    <relationship identifier="deb76f95" source="id-3f1163b1" target="id-46b1b6b7" xsi:type="Flow" />
    <relationship identifier="d0805405" source="a30437c0" target="f1701007" xsi:type="Access" accessType="Write" />
    <relationship identifier="id-741740ef" source="id-68432368" target="b370d7a7" xsi:type="Assignment" />
    <relationship identifier="ddac2594" source="b043ae20" target="id-62a7f301" xsi:type="Composition" />
    <relationship identifier="id-99ee8bfc" source="id-22564600" target="c0ae5b85" xsi:type="Composition" />
    <relationship identifier="cf647814" source="d23ab3db" target="f1701007" xsi:type="Access" accessType="Write" />
    <relationship identifier="a8c3b26d" source="id-0c7d8b7c" target="id-3fa3823d" xsi:type="Assignment" />
    <relationship identifier="f82c3ea9" source="a30437c0" target="id-12f83529" xsi:type="Flow" />
    <relationship identifier="d1510c97" source="id-0c7d8b7c" target="id-5be1626b" xsi:type="Assignment" />
    <relationship identifier="cf8eb617" source="c9bfe78a" target="id-62a7f301" xsi:type="Flow" />
    <relationship identifier="fe02d47a" source="id-68432368" target="b043ae20" xsi:type="Assignment" />
    <relationship identifier="id-0e3567b1" source="d053fa8a" target="id-4d240beb" xsi:type="Composition" />
    <relationship identifier="id-8f857739" source="id-0c7d8b7c" target="ee1ee414" xsi:type="Access" accessType="Write" />
    <relationship identifier="id-5b027d69" source="id-4d240beb" target="d4cd85ec" xsi:type="Flow" />
    <relationship identifier="fd66beec" source="id-22564600" target="b50db0e5" xsi:type="Composition" />
    <relationship identifier="id-98c560bf" source="b370d7a7" target="id-5d9d73cf" xsi:type="Composition" />
    <relationship identifier="id-8d89564d" source="id-5be1626b" target="ee1ee414" xsi:type="Access" accessType="Write" />
    <relationship identifier="id-434a3726" source="id-68432368" target="id-8ba1eca9" xsi:type="Assignment" />
    <relationship identifier="id-7861533d" source="c4e21ad8" target="id-0a1d07a1" xsi:type="Composition" />
    <relationship identifier="b40afc37" source="c9bfe78a" target="f1701007" xsi:type="Access" accessType="Write" />
    <relationship identifier="aebcf2c7" source="id-20841a6f" target="d23ab3db" xsi:type="Flow" />
    <relationship identifier="id-25b68d73" source="id-4188ebf9" target="d23ab3db" xsi:type="Composition" />
    <relationship identifier="id-03985575" source="id-8ba1eca9" target="a30437c0" xsi:type="Composition" />
    <relationship identifier="id-692ea35f" source="id-0a1d07a1" target="b5092ee6" xsi:type="Flow" />
    <relationship identifier="a11b06e0" source="d053fa8a" target="id-46b1b6b7" xsi:type="Composition" />
    <relationship identifier="b0aec483" source="b370d7a7" target="id-5bfe5fb3" xsi:type="Composition" />
    <relationship identifier="id-50a9116c" source="c0ae5b85" target="b50db0e5" xsi:type="Flow" />
    <relationship identifier="id-2ec21361" source="id-5be1626b" target="d4cd85ec" xsi:type="Serving" />
    <relationship identifier="aa23a367" source="d053fa8a" target="id-3f1163b1" xsi:type="Composition" />
    <relationship identifier="id-8862b194" source="d4cd85ec" target="id-3f1163b1" xsi:type="Flow" />
    <relationship identifier="e0a9dd48" source="c742c168" target="id-6aa9c90a" xsi:type="Serving" />
    <relationship identifier="e7ef5f67" source="id-4188ebf9" target="id-20841a6f" xsi:type="Composition" />
    <relationship identifier="dda4ed23" source="id-0c7d8b7c" target="id-68432368" xsi:type="Serving" />
    <relationship identifier="aa7c6278" source="id-43a07c76" target="id-0c7d8b7c" xsi:type="Specialization" />
    <relationship identifier="id-64713c43" source="c742c168" target="id-43a07c76" xsi:type="Specialization" />
    <relationship identifier="id-8b9d0965" source="id-68432368" target="id-0bfa0eba" xsi:type="Assignment" />
    <relationship identifier="ff8ead2c" source="ec5fd4dd" target="id-6f960ee2" xsi:type="Assignment" />
    <relationship identifier="id-5fa377fc" source="ec5fd4dd" target="id-71be4489" xsi:type="Assignment" />
    <relationship identifier="d6217bbd" source="ec5fd4dd" target="id-05281eb0" xsi:type="Assignment" />
    <relationship identifier="e6455302" source="ec5fd4dd" target="c1e3bde5" xsi:type="Assignment" />
    <relationship identifier="b75ce349" source="ec5fd4dd" target="id-2fc8a571" xsi:type="Assignment" />
    <relationship identifier="id-3eda3a73" source="ec5fd4dd" target="ad79ca79" xsi:type="Assignment" />
    <relationship identifier="id-1041866e" source="id-825ad3cf" target="fdffb322" xsi:type="Assignment" />
    <relationship identifier="b7a6884f" source="id-825ad3cf" target="id-5b3544f6" xsi:type="Assignment" />
    <relationship identifier="id-72bd01f6" source="id-825ad3cf" target="id-557b6fe9" xsi:type="Assignment" />
    <relationship identifier="id-25ff6b90" source="id-825ad3cf" target="id-49f391a0" xsi:type="Assignment" />
    <relationship identifier="id-3c22839a" source="id-825ad3cf" target="id-44581ea3" xsi:type="Assignment" />
    <relationship identifier="dbd63a93" source="id-825ad3cf" target="id-3273b067" xsi:type="Assignment" />
    <relationship identifier="a4a68bff" source="id-43a07c76" target="ec5fd4dd" xsi:type="Serving" />
    <relationship identifier="e13879bb" source="c742c168" target="id-825ad3cf" xsi:type="Serving" />
    <relationship identifier="b590974d" source="f1701007" target="f08656f1" xsi:type="Composition" />
    <relationship identifier="id-8da833e4" source="f1701007" target="id-939e4e36" xsi:type="Composition" />
    <relationship identifier="b032d91a" source="f1701007" target="e4c43526" xsi:type="Composition" />
    <relationship identifier="f7585b9e" source="f1701007" target="id-2e7905d6" xsi:type="Composition" />
    <relationship identifier="ada61d6f" source="f1701007" target="id-419416fc" xsi:type="Composition" />
    <relationship identifier="fe4268a0" source="id-68432368" target="e4c43526" xsi:type="Access" accessType="Write" />
    <relationship identifier="id-862914ff" source="ec5fd4dd" target="id-2e7905d6" xsi:type="Access" accessType="Write" />
    <relationship identifier="id-0ec1fc47" source="id-825ad3cf" target="id-419416fc" xsi:type="Access" accessType="Write" />
    <relationship identifier="b4e087da" source="ec5fd4dd" target="e4c43526" xsi:type="Access" accessType="Write" />
    <relationship identifier="id-95b6f5ce" source="id-825ad3cf" target="id-2e7905d6" xsi:type="Access" accessType="Write" />
    <relationship identifier="id-303b086f" source="id-825ad3cf" target="e4c43526" xsi:type="Access" accessType="Write" />
  </relationships>
  <organizations>
    <item>
      <label xml:lang="en">Application</label>
      <item identifierRef="d053fa8a" />
      <item identifierRef="id-4d240beb" />
      <item identifierRef="id-46b1b6b7" />
      <item identifierRef="id-3f1163b1" />
      <item identifierRef="d4cd85ec" />
      <item identifierRef="id-0c7d8b7c" />
      <item identifierRef="ee1ee414" />
      <item identifierRef="id-5be1626b" />
      <item identifierRef="id-3fa3823d" />
      <item identifierRef="id-43a07c76" />
      <item identifierRef="c742c168" />
      <item identifierRef="f1701007" />
      <item identifierRef="id-29ca205c" />
      <item identifierRef="c51778df" />
      <item identifierRef="id-68432368" />
      <item identifierRef="id-4188ebf9" />
      <item identifierRef="id-20841a6f" />
      <item identifierRef="d23ab3db" />
      <item identifierRef="b370d7a7" />
      <item identifierRef="id-5d9d73cf" />
      <item identifierRef="id-5bfe5fb3" />
      <item identifierRef="id-22564600" />
      <item identifierRef="c0ae5b85" />
      <item identifierRef="b50db0e5" />
      <item identifierRef="c4e21ad8" />
      <item identifierRef="id-0a1d07a1" />
      <item identifierRef="b5092ee6" />
      <item identifierRef="id-8ba1eca9" />
      <item identifierRef="a30437c0" />
      <item identifierRef="id-12f83529" />
      <item identifierRef="b043ae20" />
      <item identifierRef="c9bfe78a" />
      <item identifierRef="id-62a7f301" />
      <item identifierRef="b0fe2c99" />
      <item identifierRef="id-6aa9c90a" />
      <item identifierRef="id-0bfa0eba" />
      <item identifierRef="ec5fd4dd" />
      <item identifierRef="id-2fc8a571" />
      <item identifierRef="id-71be4489" />
      <item identifierRef="c1e3bde5" />
      <item identifierRef="ad79ca79" />
      <item identifierRef="id-6f960ee2" />
      <item identifierRef="id-05281eb0" />
      <item identifierRef="id-825ad3cf" />
      <item identifierRef="id-3273b067" />
      <item identifierRef="id-44581ea3" />
      <item identifierRef="id-49f391a0" />
      <item identifierRef="fdffb322" />
      <item identifierRef="id-557b6fe9" />
      <item identifierRef="id-5b3544f6" />
      <item identifierRef="f08656f1" />
      <item identifierRef="id-939e4e36" />
      <item identifierRef="e4c43526" />
      <item identifierRef="id-2e7905d6" />
      <item identifierRef="id-419416fc" />
    </item>
    <item>
      <label xml:lang="en">Relations</label>
      <item identifierRef="bbe166a5" />
      <item identifierRef="ab7a050f" />
      <item identifierRef="id-34eab69d" />
      <item identifierRef="e1dbbece" />
      <item identifierRef="id-3284015b" />
      <item identifierRef="id-6559bc48" />
      <item identifierRef="d598acbf" />
      <item identifierRef="id-0f571f29" />
      <item identifierRef="ad3084b0" />
      <item identifierRef="id-97870d05" />
      <item identifierRef="id-43fb19cd" />
      <item identifierRef="id-7e16dc05" />
      <item identifierRef="e29858f1" />
      <item identifierRef="a4e14133" />
      <item identifierRef="id-938b1758" />
      <item identifierRef="id-30b2f660" />
      <item identifierRef="id-25955bf0" />
      <item identifierRef="id-3ed68378" />
      <item identifierRef="e5efcdb1" />
      <item identifierRef="id-459ebf45" />
      <item identifierRef="deb76f95" />
      <item identifierRef="d0805405" />
      <item identifierRef="id-741740ef" />
      <item identifierRef="ddac2594" />
      <item identifierRef="id-99ee8bfc" />
      <item identifierRef="cf647814" />
      <item identifierRef="a8c3b26d" />
      <item identifierRef="f82c3ea9" />
      <item identifierRef="d1510c97" />
      <item identifierRef="cf8eb617" />
      <item identifierRef="fe02d47a" />
      <item identifierRef="id-0e3567b1" />
      <item identifierRef="id-8f857739" />
      <item identifierRef="id-5b027d69" />
      <item identifierRef="fd66beec" />
      <item identifierRef="id-98c560bf" />
      <item identifierRef="id-8d89564d" />
      <item identifierRef="id-434a3726" />
      <item identifierRef="id-7861533d" />
      <item identifierRef="b40afc37" />
      <item identifierRef="aebcf2c7" />
      <item identifierRef="id-25b68d73" />
      <item identifierRef="id-03985575" />
      <item identifierRef="id-692ea35f" />
      <item identifierRef="a11b06e0" />
      <item identifierRef="b0aec483" />
      <item identifierRef="id-50a9116c" />
      <item identifierRef="id-2ec21361" />
      <item identifierRef="aa23a367" />
      <item identifierRef="id-8862b194" />
      <item identifierRef="e0a9dd48" />
      <item identifierRef="e7ef5f67" />
      <item identifierRef="dda4ed23" />
      <item identifierRef="aa7c6278" />
      <item identifierRef="id-64713c43" />
      <item identifierRef="id-8b9d0965" />
      <item identifierRef="ff8ead2c" />
      <item identifierRef="id-5fa377fc" />
      <item identifierRef="d6217bbd" />
      <item identifierRef="e6455302" />
      <item identifierRef="b75ce349" />
      <item identifierRef="id-3eda3a73" />
      <item identifierRef="id-1041866e" />
      <item identifierRef="b7a6884f" />
      <item identifierRef="id-72bd01f6" />
      <item identifierRef="id-25ff6b90" />
      <item identifierRef="id-3c22839a" />
      <item identifierRef="dbd63a93" />
      <item identifierRef="a4a68bff" />
      <item identifierRef="e13879bb" />
      <item identifierRef="b590974d" />
      <item identifierRef="id-8da833e4" />
      <item identifierRef="b032d91a" />
      <item identifierRef="f7585b9e" />
      <item identifierRef="ada61d6f" />
      <item identifierRef="fe4268a0" />
      <item identifierRef="id-862914ff" />
      <item identifierRef="id-0ec1fc47" />
      <item identifierRef="b4e087da" />
      <item identifierRef="id-95b6f5ce" />
      <item identifierRef="id-303b086f" />
    </item>
    <item>
      <label xml:lang="en">Views</label>
      <item identifierRef="f6a09000" />
    </item>
  </organizations>
  <views>
    <diagrams>
      <view identifier="f6a09000" xsi:type="Diagram">
        <name xml:lang="en">Single Table Inheritance</name>
        <node identifier="id-1f0080dc" x="690" y="315" w="1966" h="791" xsi:type="Container">
          <label xml:lang="en">presentation</label>
          <style>
            <fillColor r="199" g="225" b="226" a="100" />
            <lineColor r="92" g="92" b="92" a="100" />
            <font name="Lucida Grande" size="12">
              <color r="0" g="0" b="0" />
            </font>
          </style>
        </node>
        <node identifier="id-3cc6fcee" x="690" y="1160" w="1966" h="791" xsi:type="Container">
          <label xml:lang="en">domain</label>
          <style>
            <fillColor r="206" g="219" b="211" a="100" />
            <lineColor r="92" g="92" b="92" a="100" />
            <font name="Lucida Grande" size="12">
              <color r="0" g="0" b="0" />
            </font>
          </style>
          <node identifier="id-7216cef0" elementRef="id-0c7d8b7c" xsi:type="Element" x="1540" y="1400" w="120" h="55">
            <style>
              <fillColor r="181" g="255" b="255" a="100" />
              <lineColor r="92" g="92" b="92" a="100" />
              <font name="Lucida Grande" size="12">
                <color r="0" g="0" b="0" />
              </font>
            </style>
          </node>
          <node identifier="id-10cb3891" elementRef="id-43a07c76" xsi:type="Element" x="1625" y="1520" w="120" h="55">
            <style>
              <fillColor r="181" g="255" b="255" a="100" />
              <lineColor r="92" g="92" b="92" a="100" />
              <font name="Lucida Grande" size="12">
                <color r="0" g="0" b="0" />
              </font>
            </style>
          </node>
          <node identifier="id-7d4f90d9" elementRef="c742c168" xsi:type="Element" x="1705" y="1630" w="120" h="55">
            <style>
              <fillColor r="181" g="255" b="255" a="100" />
              <lineColor r="92" g="92" b="92" a="100" />
              <font name="Lucida Grande" size="12">
                <color r="0" g="0" b="0" />
              </font>
            </style>
          </node>
        </node>
        <node identifier="id-191a74e7" x="690" y="2024" w="1966" h="1107" xsi:type="Container">
          <label xml:lang="en">data source</label>
          <style>
            <fillColor r="216" g="209" b="215" a="100" />
            <lineColor r="92" g="92" b="92" a="100" />
            <font name="Lucida Grande" size="12">
              <color r="0" g="0" b="0" />
            </font>
          </style>
          <node identifier="f0530961" x="725" y="2779" w="1916" h="306" xsi:type="Container">
            <label xml:lang="en">database</label>
            <documentation xml:lang="en">gang of four classic design pattern</documentation>
            <style>
              <fillColor r="187" g="174" b="185" a="100" />
              <lineColor r="192" g="192" b="192" a="100" />
              <font name="Lucida Grande" size="12">
                <color r="0" g="0" b="0" />
              </font>
            </style>
            <node identifier="id-679745ab" xsi:type="Label" x="2430" y="2869" w="185" h="80">
              <label xml:lang="en">entity -relationship model</label>
              <style>
                <fillColor r="255" g="255" b="255" a="100" />
                <lineColor r="92" g="92" b="92" a="100" />
                <font name="Lucida Grande" size="12">
                  <color r="255" g="0" b="0" />
                </font>
              </style>
            </node>
            <node identifier="f2b195d4" elementRef="f1701007" xsi:type="Element" x="1330" y="2804" w="861" h="277">
              <style>
                <fillColor r="181" g="255" b="255" a="100" />
                <lineColor r="92" g="92" b="92" a="100" />
                <font name="Lucida Grande" size="12">
                  <color r="0" g="0" b="0" />
                </font>
              </style>
              <node identifier="id-5587c906" elementRef="f08656f1" xsi:type="Element" x="1363" y="2894" w="120" h="55">
                <style>
                  <fillColor r="181" g="255" b="255" a="100" />
                  <lineColor r="92" g="92" b="92" a="100" />
                  <font name="Lucida Grande" size="12">
                    <color r="0" g="0" b="0" />
                  </font>
                </style>
              </node>
              <node identifier="b732afe9" elementRef="id-939e4e36" xsi:type="Element" x="1523" y="2894" w="120" h="55">
                <style>
                  <fillColor r="181" g="255" b="255" a="100" />
                  <lineColor r="92" g="92" b="92" a="100" />
                  <font name="Lucida Grande" size="12">
                    <color r="0" g="0" b="0" />
                  </font>
                </style>
              </node>
              <node identifier="d0ddd7c3" elementRef="e4c43526" xsi:type="Element" x="1699" y="2959" w="120" h="55">
                <style>
                  <fillColor r="181" g="255" b="255" a="100" />
                  <lineColor r="92" g="92" b="92" a="100" />
                  <font name="Lucida Grande" size="12">
                    <color r="0" g="0" b="0" />
                  </font>
                </style>
              </node>
              <node identifier="fdcf39aa" elementRef="id-2e7905d6" xsi:type="Element" x="1855" y="2959" w="120" h="55">
                <style>
                  <fillColor r="181" g="255" b="255" a="100" />
                  <lineColor r="92" g="92" b="92" a="100" />
                  <font name="Lucida Grande" size="12">
                    <color r="0" g="0" b="0" />
                  </font>
                </style>
              </node>
              <node identifier="id-7f67d639" elementRef="id-419416fc" xsi:type="Element" x="2015" y="2959" w="120" h="55">
                <style>
                  <fillColor r="181" g="255" b="255" a="100" />
                  <lineColor r="92" g="92" b="92" a="100" />
                  <font name="Lucida Grande" size="12">
                    <color r="0" g="0" b="0" />
                  </font>
                </style>
              </node>
            </node>
          </node>
          <node identifier="ad237553" x="725" y="2064" w="1916" h="706" xsi:type="Container">
            <label xml:lang="en">Fowler pattern: mapper, inheritance mappers</label>
            <documentation xml:lang="en">Patterns of Enterprise Application Architecture</documentation>
            <style>
              <fillColor r="210" g="215" b="215" a="100" />
              <lineColor r="92" g="92" b="92" a="100" />
              <font name="Lucida Grande" size="12">
                <color r="0" g="0" b="0" />
              </font>
            </style>
            <node identifier="id-76b8e21a" elementRef="id-68432368" xsi:type="Element" x="1145" y="2229" w="331" h="277">
              <style>
                <fillColor r="181" g="255" b="255" a="100" />
                <lineColor r="92" g="92" b="92" a="100" />
                <font name="Lucida Grande" size="12">
                  <color r="0" g="0" b="0" />
                </font>
              </style>
              <node identifier="fb965359" elementRef="id-4188ebf9" xsi:type="Element" x="1165" y="2274" w="120" h="55">
                <style>
                  <fillColor r="181" g="255" b="255" a="100" />
                  <lineColor r="92" g="92" b="92" a="100" />
                  <font name="Lucida Grande" size="12">
                    <color r="0" g="0" b="0" />
                  </font>
                </style>
              </node>
              <node identifier="id-7bb33c7b" elementRef="b370d7a7" xsi:type="Element" x="1321" y="2423" w="120" h="55">
                <style>
                  <fillColor r="181" g="255" b="255" a="100" />
                  <lineColor r="92" g="92" b="92" a="100" />
                  <font name="Lucida Grande" size="12">
                    <color r="0" g="0" b="0" />
                  </font>
                </style>
              </node>
              <node identifier="id-33450240" elementRef="id-22564600" xsi:type="Element" x="1165" y="2349" w="120" h="55">
                <style>
                  <fillColor r="181" g="255" b="255" a="100" />
                  <lineColor r="92" g="92" b="92" a="100" />
                  <font name="Lucida Grande" size="12">
                    <color r="0" g="0" b="0" />
                  </font>
                </style>
              </node>
              <node identifier="f96d9703" elementRef="c4e21ad8" xsi:type="Element" x="1165" y="2423" w="120" h="55">
                <style>
                  <fillColor r="181" g="255" b="255" a="100" />
                  <lineColor r="92" g="92" b="92" a="100" />
                  <font name="Lucida Grande" size="12">
                    <color r="0" g="0" b="0" />
                  </font>
                </style>
              </node>
              <node identifier="a8ac6de7" elementRef="id-8ba1eca9" xsi:type="Element" x="1321" y="2274" w="120" h="55">
                <style>
                  <fillColor r="181" g="255" b="255" a="100" />
                  <lineColor r="92" g="92" b="92" a="100" />
                  <font name="Lucida Grande" size="12">
                    <color r="0" g="0" b="0" />
                  </font>
                </style>
              </node>
              <node identifier="id-9c87b991" elementRef="b043ae20" xsi:type="Element" x="1321" y="2349" w="120" h="55">
                <style>
                  <fillColor r="181" g="255" b="255" a="100" />
                  <lineColor r="92" g="92" b="92" a="100" />
                  <font name="Lucida Grande" size="12">
                    <color r="0" g="0" b="0" />
                  </font>
                </style>
              </node>
            </node>
            <node identifier="e990bd6f" elementRef="ec5fd4dd" xsi:type="Element" x="1565" y="2229" w="331" h="277">
              <style>
                <fillColor r="181" g="255" b="255" a="100" />
                <lineColor r="92" g="92" b="92" a="100" />
                <font name="Lucida Grande" size="12">
                  <color r="0" g="0" b="0" />
                </font>
              </style>
              <node identifier="e9617f84" elementRef="id-2fc8a571" xsi:type="Element" x="1585" y="2274" w="120" h="55">
                <style>
                  <fillColor r="181" g="255" b="255" a="100" />
                  <lineColor r="92" g="92" b="92" a="100" />
                  <font name="Lucida Grande" size="12">
                    <color r="0" g="0" b="0" />
                  </font>
                </style>
              </node>
              <node identifier="id-31dbde8f" elementRef="id-71be4489" xsi:type="Element" x="1741" y="2423" w="120" h="55">
                <style>
                  <fillColor r="181" g="255" b="255" a="100" />
                  <lineColor r="92" g="92" b="92" a="100" />
                  <font name="Lucida Grande" size="12">
                    <color r="0" g="0" b="0" />
                  </font>
                </style>
              </node>
              <node identifier="fba1a40e" elementRef="c1e3bde5" xsi:type="Element" x="1585" y="2349" w="120" h="55">
                <style>
                  <fillColor r="181" g="255" b="255" a="100" />
                  <lineColor r="92" g="92" b="92" a="100" />
                  <font name="Lucida Grande" size="12">
                    <color r="0" g="0" b="0" />
                  </font>
                </style>
              </node>
              <node identifier="bbc2037d" elementRef="ad79ca79" xsi:type="Element" x="1585" y="2423" w="120" h="55">
                <style>
                  <fillColor r="181" g="255" b="255" a="100" />
                  <lineColor r="92" g="92" b="92" a="100" />
                  <font name="Lucida Grande" size="12">
                    <color r="0" g="0" b="0" />
                  </font>
                </style>
              </node>
              <node identifier="fb57465b" elementRef="id-6f960ee2" xsi:type="Element" x="1741" y="2274" w="120" h="55">
                <style>
                  <fillColor r="181" g="255" b="255" a="100" />
                  <lineColor r="92" g="92" b="92" a="100" />
                  <font name="Lucida Grande" size="12">
                    <color r="0" g="0" b="0" />
                  </font>
                </style>
              </node>
              <node identifier="id-097af807" elementRef="id-05281eb0" xsi:type="Element" x="1741" y="2349" w="120" h="55">
                <style>
                  <fillColor r="181" g="255" b="255" a="100" />
                  <lineColor r="92" g="92" b="92" a="100" />
                  <font name="Lucida Grande" size="12">
                    <color r="0" g="0" b="0" />
                  </font>
                </style>
              </node>
            </node>
            <node identifier="id-94dc9e2f" elementRef="id-825ad3cf" xsi:type="Element" x="1955" y="2229" w="331" h="277">
              <style>
                <fillColor r="181" g="255" b="255" a="100" />
                <lineColor r="92" g="92" b="92" a="100" />
                <font name="Lucida Grande" size="12">
                  <color r="0" g="0" b="0" />
                </font>
              </style>
              <node identifier="id-7d69a76e" elementRef="id-3273b067" xsi:type="Element" x="1975" y="2274" w="120" h="55">
                <style>
                  <fillColor r="181" g="255" b="255" a="100" />
                  <lineColor r="92" g="92" b="92" a="100" />
                  <font name="Lucida Grande" size="12">
                    <color r="0" g="0" b="0" />
                  </font>
                </style>
              </node>
              <node identifier="id-68a332e1" elementRef="id-44581ea3" xsi:type="Element" x="2131" y="2423" w="120" h="55">
                <style>
                  <fillColor r="181" g="255" b="255" a="100" />
                  <lineColor r="92" g="92" b="92" a="100" />
                  <font name="Lucida Grande" size="12">
                    <color r="0" g="0" b="0" />
                  </font>
                </style>
              </node>
              <node identifier="ee1dd3a7" elementRef="id-49f391a0" xsi:type="Element" x="1975" y="2349" w="120" h="55">
                <style>
                  <fillColor r="181" g="255" b="255" a="100" />
                  <lineColor r="92" g="92" b="92" a="100" />
                  <font name="Lucida Grande" size="12">
                    <color r="0" g="0" b="0" />
                  </font>
                </style>
              </node>
              <node identifier="f93b61f9" elementRef="fdffb322" xsi:type="Element" x="1975" y="2423" w="120" h="55">
                <style>
                  <fillColor r="181" g="255" b="255" a="100" />
                  <lineColor r="92" g="92" b="92" a="100" />
                  <font name="Lucida Grande" size="12">
                    <color r="0" g="0" b="0" />
                  </font>
                </style>
              </node>
              <node identifier="e8f4141f" elementRef="id-557b6fe9" xsi:type="Element" x="2131" y="2274" w="120" h="55">
                <style>
                  <fillColor r="181" g="255" b="255" a="100" />
                  <lineColor r="92" g="92" b="92" a="100" />
                  <font name="Lucida Grande" size="12">
                    <color r="0" g="0" b="0" />
                  </font>
                </style>
              </node>
              <node identifier="id-7f729c05" elementRef="id-5b3544f6" xsi:type="Element" x="2131" y="2349" w="120" h="55">
                <style>
                  <fillColor r="181" g="255" b="255" a="100" />
                  <lineColor r="92" g="92" b="92" a="100" />
                  <font name="Lucida Grande" size="12">
                    <color r="0" g="0" b="0" />
                  </font>
                </style>
              </node>
            </node>
            <node identifier="id-6abb6c32" xsi:type="Label" x="1505" y="2644" w="631" h="86">
              <label xml:lang="en">one table to save any class of the hierarchy.&#xD;
those. each instance is equal to one row of the table.&#xD;
type of object stored in the line can be found in the type of column.&#xD;
each class has its own set of columns in the same table</label>
              <style>
                <fillColor r="255" g="255" b="255" a="100" />
                <lineColor r="92" g="92" b="92" a="100" />
                <font name="Lucida Grande" size="12">
                  <color r="255" g="0" b="0" />
                </font>
              </style>
            </node>
          </node>
        </node>
        <connection identifier="b523c7d7" relationshipRef="dda4ed23" xsi:type="Relationship" source="id-7216cef0" target="id-76b8e21a">
          <style>
            <lineColor r="0" g="0" b="0" />
            <font name="Lucida Grande" size="12">
              <color r="0" g="0" b="0" />
            </font>
          </style>
        </connection>
        <connection identifier="id-7755c8df" relationshipRef="aa7c6278" xsi:type="Relationship" source="id-10cb3891" target="id-7216cef0">
          <style>
            <lineColor r="0" g="0" b="255" />
            <font name="Lucida Grande" size="12">
              <color r="0" g="0" b="0" />
            </font>
          </style>
        </connection>
        <connection identifier="id-73dc32b2" relationshipRef="a4a68bff" xsi:type="Relationship" source="id-10cb3891" target="e990bd6f">
          <style>
            <lineColor r="0" g="0" b="0" />
            <font name="Lucida Grande" size="12">
              <color r="0" g="0" b="0" />
            </font>
          </style>
        </connection>
        <connection identifier="d5f5adb3" relationshipRef="id-64713c43" xsi:type="Relationship" source="id-7d4f90d9" target="id-10cb3891">
          <style>
            <lineColor r="0" g="0" b="255" />
            <font name="Lucida Grande" size="12">
              <color r="0" g="0" b="0" />
            </font>
          </style>
        </connection>
        <connection identifier="id-0aee938a" relationshipRef="e13879bb" xsi:type="Relationship" source="id-7d4f90d9" target="id-94dc9e2f">
          <style>
            <lineColor r="0" g="0" b="0" />
            <font name="Lucida Grande" size="12">
              <color r="0" g="0" b="0" />
            </font>
          </style>
        </connection>
        <connection identifier="id-7afd3b53" relationshipRef="fe4268a0" xsi:type="Relationship" source="id-76b8e21a" target="d0ddd7c3">
          <style>
            <lineColor r="0" g="0" b="0" />
            <font name="Lucida Grande" size="12">
              <color r="0" g="0" b="0" />
            </font>
          </style>
        </connection>
        <connection identifier="a1e8a786" relationshipRef="id-862914ff" xsi:type="Relationship" source="e990bd6f" target="fdcf39aa">
          <style>
            <lineColor r="0" g="0" b="0" />
            <font name="Lucida Grande" size="12">
              <color r="0" g="0" b="0" />
            </font>
          </style>
        </connection>
        <connection identifier="id-64ab3e9e" relationshipRef="b4e087da" xsi:type="Relationship" source="e990bd6f" target="d0ddd7c3">
          <style>
            <lineColor r="0" g="0" b="0" />
            <font name="Lucida Grande" size="12">
              <color r="0" g="0" b="0" />
            </font>
          </style>
        </connection>
        <connection identifier="ecadc356" relationshipRef="id-0ec1fc47" xsi:type="Relationship" source="id-94dc9e2f" target="id-7f67d639">
          <style>
            <lineColor r="0" g="0" b="0" />
            <font name="Lucida Grande" size="12">
              <color r="0" g="0" b="0" />
            </font>
          </style>
        </connection>
        <connection identifier="a8501f61" relationshipRef="id-95b6f5ce" xsi:type="Relationship" source="id-94dc9e2f" target="fdcf39aa">
          <style>
            <lineColor r="0" g="0" b="0" />
            <font name="Lucida Grande" size="12">
              <color r="0" g="0" b="0" />
            </font>
          </style>
        </connection>
        <connection identifier="b2fa3ac5" relationshipRef="id-303b086f" xsi:type="Relationship" source="id-94dc9e2f" target="d0ddd7c3">
          <style>
            <lineColor r="0" g="0" b="0" />
            <font name="Lucida Grande" size="12">
              <color r="0" g="0" b="0" />
            </font>
          </style>
        </connection>
      </view>
    </diagrams>
  </views>
</model>
