{"identifier":"https://me.big.tuwien.ac.at/EAModelSet/id-372288bf","archimateId":"id-372288bf","name":"4b Single Table Inheritance","description":"","formats":["XML","CSV","JSON","ARCHIMATE"],"source":"GitHub","sourceFile":"raw-data/github/xml/single_table_inheritance.xml","sourceFormat":"XML","timestamp":"29-06-2023 09:27:23","tags":[],"duplicates":[],"language":"en","elements":[{"id":"d053fa8a","name":"some process","type":"ApplicationProcess","layer":"application"},{"id":"id-4d240beb","name":"find some data objects","type":"ApplicationProcess","layer":"application"},{"id":"id-46b1b6b7","name":"update 1 object","type":"ApplicationProcess","layer":"application"},{"id":"id-3f1163b1","name":"change some object some properties for update","type":"ApplicationProcess","layer":"application"},{"id":"d4cd85ec","name":"some business logic on object","type":"ApplicationProcess","layer":"application"},{"id":"id-0c7d8b7c","name":"class type 1","type":"ApplicationComponent","layer":"application"},{"id":"ee1ee414","name":"properties (corresponds to table columns)","type":"DataObject","layer":"application"},{"id":"id-5be1626b","name":"some business logic function 1","type":"ApplicationFunction","layer":"application"},{"id":"id-3fa3823d","name":"some business logic function 2","type":"ApplicationFunction","layer":"application"},{"id":"id-43a07c76","name":"class subtype 2","type":"ApplicationComponent","layer":"application"},{"id":"c742c168","name":"class subtype 3","type":"ApplicationComponent","layer":"application"},{"id":"f1701007","name":"table","type":"DataObject","layer":"application"},{"id":"id-29ca205c","name":"entity 2","type":"DataObject","layer":"application"},{"id":"c51778df","name":"entity 3","type":"DataObject","layer":"application"},{"id":"id-68432368","name":"class mapper 1","type":"ApplicationComponent","layer":"application"},{"id":"id-4188ebf9","name":"Create/insert (v_object)","type":"ApplicationFunction","layer":"application"},{"id":"id-20841a6f","name":"get props from v_object for use in insert","type":"ApplicationProcess","layer":"application"},{"id":"d23ab3db","name":"SQL insert 1 row statement","type":"ApplicationProcess","layer":"application"},{"id":"b370d7a7","name":"factory (props)","type":"ApplicationFunction","layer":"application"},{"id":"id-5d9d73cf","name":"create obj and fill properties acording with input args","type":"ApplicationProcess","layer":"application"},{"id":"id-5bfe5fb3","name":"return created object of type 'class type 1'","type":"ApplicationProcess","layer":"application"},{"id":"id-22564600","name":"Update (v_object)","type":"ApplicationFunction","layer":"application"},{"id":"c0ae5b85","name":"get props from v_object for use in update","type":"ApplicationProcess","layer":"application"},{"id":"b50db0e5","name":"SQL update 1 row statement","type":"ApplicationProcess","layer":"application"},{"id":"c4e21ad8","name":"Delete (id)","type":"ApplicationFunction","layer":"application"},{"id":"id-0a1d07a1","name":"get id","type":"ApplicationProcess","layer":"application"},{"id":"b5092ee6","name":"SQL delete 1 row statement","type":"ApplicationProcess","layer":"application"},{"id":"id-8ba1eca9","name":"Read(id)","type":"ApplicationFunction","layer":"application"},{"id":"a30437c0","name":"SQL select 1 row statement","type":"ApplicationProcess","layer":"application"},{"id":"id-12f83529","name":"return object of type 'class type 1'","type":"ApplicationProcess","layer":"application"},{"id":"b043ae20","name":"Find(parameters)","type":"ApplicationFunction","layer":"application"},{"id":"c9bfe78a","name":"SQL select rows statement","type":"ApplicationProcess","layer":"application"},{"id":"id-62a7f301","name":"return array of objects of type 'class type 1'","type":"ApplicationProcess","layer":"application"},{"id":"b0fe2c99","name":"class mapper 2","type":"ApplicationComponent","layer":"application"},{"id":"id-6aa9c90a","name":"class mapper 3","type":"ApplicationComponent","layer":"application"},{"id":"id-0bfa0eba","name":"Application Function","type":"ApplicationFunction","layer":"application"},{"id":"ec5fd4dd","name":"class mapper 2","type":"ApplicationComponent","layer":"application"},{"id":"id-2fc8a571","name":"Create/insert (v_object)","type":"ApplicationFunction","layer":"application"},{"id":"id-71be4489","name":"factory (props)","type":"ApplicationFunction","layer":"application"},{"id":"c1e3bde5","name":"Update (v_object)","type":"ApplicationFunction","layer":"application"},{"id":"ad79ca79","name":"Delete (id)","type":"ApplicationFunction","layer":"application"},{"id":"id-6f960ee2","name":"Read(id)","type":"ApplicationFunction","layer":"application"},{"id":"id-05281eb0","name":"Find(parameters)","type":"ApplicationFunction","layer":"application"},{"id":"id-825ad3cf","name":"class mapper 3","type":"ApplicationComponent","layer":"application"},{"id":"id-3273b067","name":"Create/insert (v_object)","type":"ApplicationFunction","layer":"application"},{"id":"id-44581ea3","name":"factory (props)","type":"ApplicationFunction","layer":"application"},{"id":"id-49f391a0","name":"Update (v_object)","type":"ApplicationFunction","layer":"application"},{"id":"fdffb322","name":"Delete (id)","type":"ApplicationFunction","layer":"application"},{"id":"id-557b6fe9","name":"Read(id)","type":"ApplicationFunction","layer":"application"},{"id":"id-5b3544f6","name":"Find(parameters)","type":"ApplicationFunction","layer":"application"},{"id":"f08656f1","name":"Primary Key","type":"DataObject","layer":"application"},{"id":"id-939e4e36","name":"clas type","type":"DataObject","layer":"application"},{"id":"e4c43526","name":"columns for type 1","type":"DataObject","layer":"application"},{"id":"id-2e7905d6","name":"columns for type 2","type":"DataObject","layer":"application"},{"id":"id-419416fc","name":"columns for type 3","type":"DataObject","layer":"application"}],"relationships":[{"id":"bbe166a5","sourceId":"id-68432368","targetId":"c4e21ad8","type":"Assignment"},{"id":"ab7a050f","sourceId":"c4e21ad8","targetId":"b5092ee6","type":"Composition"},{"id":"id-34eab69d","sourceId":"id-29ca205c","targetId":"c51778df","type":"Association"},{"id":"e1dbbece","sourceId":"d053fa8a","targetId":"d4cd85ec","type":"Composition"},{"id":"id-3284015b","sourceId":"b50db0e5","targetId":"f1701007","type":"Access"},{"id":"id-6559bc48","sourceId":"b043ae20","targetId":"c9bfe78a","type":"Composition"},{"id":"d598acbf","sourceId":"id-68432368","targetId":"id-4188ebf9","type":"Assignment"},{"id":"id-0f571f29","sourceId":"b370d7a7","targetId":"id-62a7f301","type":"Serving"},{"id":"ad3084b0","sourceId":"id-43a07c76","targetId":"b0fe2c99","type":"Serving"},{"id":"id-97870d05","sourceId":"id-5d9d73cf","targetId":"id-5bfe5fb3","type":"Flow"},{"id":"id-43fb19cd","sourceId":"id-8ba1eca9","targetId":"id-12f83529","type":"Composition"},{"id":"id-7e16dc05","sourceId":"b0fe2c99","targetId":"id-29ca205c","type":"Association"},{"id":"e29858f1","sourceId":"f1701007","targetId":"id-29ca205c","type":"Association"},{"id":"a4e14133","sourceId":"id-68432368","targetId":"id-22564600","type":"Assignment"},{"id":"id-938b1758","sourceId":"b370d7a7","targetId":"id-12f83529","type":"Serving"},{"id":"id-30b2f660","sourceId":"c4e21ad8","targetId":"f1701007","type":"Access"},{"id":"id-25955bf0","sourceId":"b043ae20","targetId":"id-4d240beb","type":"Serving"},{"id":"id-3ed68378","sourceId":"id-3f1163b1","targetId":"ee1ee414","type":"Access"},{"id":"e5efcdb1","sourceId":"id-22564600","targetId":"id-46b1b6b7","type":"Serving"},{"id":"id-459ebf45","sourceId":"id-6aa9c90a","targetId":"c51778df","type":"Association"},{"id":"deb76f95","sourceId":"id-3f1163b1","targetId":"id-46b1b6b7","type":"Flow"},{"id":"d0805405","sourceId":"a30437c0","targetId":"f1701007","type":"Access"},{"id":"id-741740ef","sourceId":"id-68432368","targetId":"b370d7a7","type":"Assignment"},{"id":"ddac2594","sourceId":"b043ae20","targetId":"id-62a7f301","type":"Composition"},{"id":"id-99ee8bfc","sourceId":"id-22564600","targetId":"c0ae5b85","type":"Composition"},{"id":"cf647814","sourceId":"d23ab3db","targetId":"f1701007","type":"Access"},{"id":"a8c3b26d","sourceId":"id-0c7d8b7c","targetId":"id-3fa3823d","type":"Assignment"},{"id":"f82c3ea9","sourceId":"a30437c0","targetId":"id-12f83529","type":"Flow"},{"id":"d1510c97","sourceId":"id-0c7d8b7c","targetId":"id-5be1626b","type":"Assignment"},{"id":"cf8eb617","sourceId":"c9bfe78a","targetId":"id-62a7f301","type":"Flow"},{"id":"fe02d47a","sourceId":"id-68432368","targetId":"b043ae20","type":"Assignment"},{"id":"id-0e3567b1","sourceId":"d053fa8a","targetId":"id-4d240beb","type":"Composition"},{"id":"id-8f857739","sourceId":"id-0c7d8b7c","targetId":"ee1ee414","type":"Access"},{"id":"id-5b027d69","sourceId":"id-4d240beb","targetId":"d4cd85ec","type":"Flow"},{"id":"fd66beec","sourceId":"id-22564600","targetId":"b50db0e5","type":"Composition"},{"id":"id-98c560bf","sourceId":"b370d7a7","targetId":"id-5d9d73cf","type":"Composition"},{"id":"id-8d89564d","sourceId":"id-5be1626b","targetId":"ee1ee414","type":"Access"},{"id":"id-434a3726","sourceId":"id-68432368","targetId":"id-8ba1eca9","type":"Assignment"},{"id":"id-7861533d","sourceId":"c4e21ad8","targetId":"id-0a1d07a1","type":"Composition"},{"id":"b40afc37","sourceId":"c9bfe78a","targetId":"f1701007","type":"Access"},{"id":"aebcf2c7","sourceId":"id-20841a6f","targetId":"d23ab3db","type":"Flow"},{"id":"id-25b68d73","sourceId":"id-4188ebf9","targetId":"d23ab3db","type":"Composition"},{"id":"id-03985575","sourceId":"id-8ba1eca9","targetId":"a30437c0","type":"Composition"},{"id":"id-692ea35f","sourceId":"id-0a1d07a1","targetId":"b5092ee6","type":"Flow"},{"id":"a11b06e0","sourceId":"d053fa8a","targetId":"id-46b1b6b7","type":"Composition"},{"id":"b0aec483","sourceId":"b370d7a7","targetId":"id-5bfe5fb3","type":"Composition"},{"id":"id-50a9116c","sourceId":"c0ae5b85","targetId":"b50db0e5","type":"Flow"},{"id":"id-2ec21361","sourceId":"id-5be1626b","targetId":"d4cd85ec","type":"Serving"},{"id":"aa23a367","sourceId":"d053fa8a","targetId":"id-3f1163b1","type":"Composition"},{"id":"id-8862b194","sourceId":"d4cd85ec","targetId":"id-3f1163b1","type":"Flow"},{"id":"e0a9dd48","sourceId":"c742c168","targetId":"id-6aa9c90a","type":"Serving"},{"id":"e7ef5f67","sourceId":"id-4188ebf9","targetId":"id-20841a6f","type":"Composition"},{"id":"dda4ed23","sourceId":"id-0c7d8b7c","targetId":"id-68432368","type":"Serving"},{"id":"aa7c6278","sourceId":"id-43a07c76","targetId":"id-0c7d8b7c","type":"Specialization"},{"id":"id-64713c43","sourceId":"c742c168","targetId":"id-43a07c76","type":"Specialization"},{"id":"id-8b9d0965","sourceId":"id-68432368","targetId":"id-0bfa0eba","type":"Assignment"},{"id":"ff8ead2c","sourceId":"ec5fd4dd","targetId":"id-6f960ee2","type":"Assignment"},{"id":"id-5fa377fc","sourceId":"ec5fd4dd","targetId":"id-71be4489","type":"Assignment"},{"id":"d6217bbd","sourceId":"ec5fd4dd","targetId":"id-05281eb0","type":"Assignment"},{"id":"e6455302","sourceId":"ec5fd4dd","targetId":"c1e3bde5","type":"Assignment"},{"id":"b75ce349","sourceId":"ec5fd4dd","targetId":"id-2fc8a571","type":"Assignment"},{"id":"id-3eda3a73","sourceId":"ec5fd4dd","targetId":"ad79ca79","type":"Assignment"},{"id":"id-1041866e","sourceId":"id-825ad3cf","targetId":"fdffb322","type":"Assignment"},{"id":"b7a6884f","sourceId":"id-825ad3cf","targetId":"id-5b3544f6","type":"Assignment"},{"id":"id-72bd01f6","sourceId":"id-825ad3cf","targetId":"id-557b6fe9","type":"Assignment"},{"id":"id-25ff6b90","sourceId":"id-825ad3cf","targetId":"id-49f391a0","type":"Assignment"},{"id":"id-3c22839a","sourceId":"id-825ad3cf","targetId":"id-44581ea3","type":"Assignment"},{"id":"dbd63a93","sourceId":"id-825ad3cf","targetId":"id-3273b067","type":"Assignment"},{"id":"a4a68bff","sourceId":"id-43a07c76","targetId":"ec5fd4dd","type":"Serving"},{"id":"e13879bb","sourceId":"c742c168","targetId":"id-825ad3cf","type":"Serving"},{"id":"b590974d","sourceId":"f1701007","targetId":"f08656f1","type":"Composition"},{"id":"id-8da833e4","sourceId":"f1701007","targetId":"id-939e4e36","type":"Composition"},{"id":"b032d91a","sourceId":"f1701007","targetId":"e4c43526","type":"Composition"},{"id":"f7585b9e","sourceId":"f1701007","targetId":"id-2e7905d6","type":"Composition"},{"id":"ada61d6f","sourceId":"f1701007","targetId":"id-419416fc","type":"Composition"},{"id":"fe4268a0","sourceId":"id-68432368","targetId":"e4c43526","type":"Access"},{"id":"id-862914ff","sourceId":"ec5fd4dd","targetId":"id-2e7905d6","type":"Access"},{"id":"id-0ec1fc47","sourceId":"id-825ad3cf","targetId":"id-419416fc","type":"Access"},{"id":"b4e087da","sourceId":"ec5fd4dd","targetId":"e4c43526","type":"Access"},{"id":"id-95b6f5ce","sourceId":"id-825ad3cf","targetId":"id-2e7905d6","type":"Access"},{"id":"id-303b086f","sourceId":"id-825ad3cf","targetId":"e4c43526","type":"Access"}],"views":[{"id":"f6a09000","name":"Single Table Inheritance","viewpoint":""}]}