"ID","Key","Value"
"_HjaZMCd8EDmtaKsIHhXkbg","Directed","false"
"_KEU2wCd8EDmtaKsIHhXkbg","Directed","false"
"_PJuDQCd8EDmtaKsIHhXkbg","Directed","false"
"_aL-PwCd8EDmtaKsIHhXkbg","Directed","false"
"_aguXwCd8EDmtaKsIHhXkbg","Directed","false"
"_a8twMCd8EDmtaKsIHhXkbg","Directed","false"
"_O2VXwCd9EDmtaKsIHhXkbg","Directed","false"
"_P1u_QCd9EDmtaKsIHhXkbg","Directed","false"
"_QSa7QCd9EDmtaKsIHhXkbg","Directed","false"
"_RzTfMCd9EDmtaKsIHhXkbg","Directed","false"
"_SLVksCd9EDmtaKsIHhXkbg","Directed","false"
"_SfVewCd9EDmtaKsIHhXkbg","Directed","false"
"_S2SmMCd9EDmtaKsIHhXkbg","Directed","false"
"_TJ6FwCd9EDmtaKsIHhXkbg","Directed","false"
"_Te4QMCd9EDmtaKsIHhXkbg","Directed","false"
"_T2EoMCd9EDmtaKsIHhXkbg","Directed","false"
"_HbLYUCd-EDmtaKsIHhXkbg","Directed","false"
"_NmS2wCd-EDmtaKsIHhXkbg","Directed","false"
"_VX4jwCd-EDmtaKsIHhXkbg","Directed","false"
"_XuVdwCd-EDmtaKsIHhXkbg","Directed","false"
"_Za-lwCd-EDmtaKsIHhXkbg","Directed","false"
"_werK4Cd-EDmtaKsIHhXkbg","Directed","false"
"_6PDf0Cd-EDmtaKsIHhXkbg","Directed","false"
"_7wBjUCd-EDmtaKsIHhXkbg","Directed","false"
"_9k6oYCd-EDmtaKsIHhXkbg","Directed","false"
"__YLVwCd-EDmtaKsIHhXkbg","Directed","false"
"_BgvkwCd_EDmtaKsIHhXkbg","Directed","false"
"_R7oC0Cd_EDmtaKsIHhXkbg","Directed","false"
"_aQYHQCd_EDmtaKsIHhXkbg","Directed","false"
"_g-iBUCd_EDmtaKsIHhXkbg","Directed","false"
"_myxQ0Cd_EDmtaKsIHhXkbg","Directed","false"
"_07_OQCd_EDmtaKsIHhXkbg","Directed","false"
"_1VZMwCd_EDmtaKsIHhXkbg","Directed","false"