<?xml version="1.0" encoding="UTF-8"?>
<model xmlns="http://www.opengroup.org/xsd/archimate/3.0/" xmlns:xsi="http://www.w3.org/2001/XMLSchema-instance" xsi:schemaLocation="http://www.opengroup.org/xsd/archimate/3.0/ http://www.opengroup.org/xsd/archimate/3.1/archimate3_Diagram.xsd" identifier="id-79e36aa1">
  <name>2 Row Data Gateway</name>
  <elements>
    <element identifier="c139fa80" xsi:type="DataObject">
      <name>entity 1</name>
    </element>
    <element identifier="id-70f7bb3b" xsi:type="DataObject">
      <name>entity 2</name>
    </element>
    <element identifier="f9bd0f1a" xsi:type="DataObject">
      <name>entity 3</name>
    </element>
    <element identifier="a934be87" xsi:type="ApplicationComponent">
      <name>class row data gateway 1</name>
    </element>
    <element identifier="id-073dbd0e" xsi:type="ApplicationFunction">
      <name>Create/insert (parameters)</name>
    </element>
    <element identifier="e1342f63" xsi:type="ApplicationProcess">
      <name>get props for use in insert</name>
    </element>
    <element identifier="id-1a0d2623" xsi:type="ApplicationFunction">
      <name>STATIC factory (props)</name>
    </element>
    <element identifier="id-1aa3382e" xsi:type="ApplicationProcess">
      <name>SQL select statement</name>
    </element>
    <element identifier="id-5c64df80" xsi:type="ApplicationProcess">
      <name>create obj and fill properties acording with object input args</name>
    </element>
    <element identifier="id-36629222" xsi:type="ApplicationFunction">
      <name>Update (parameters)</name>
    </element>
    <element identifier="efe8d146" xsi:type="ApplicationProcess">
      <name>get props for use in update</name>
    </element>
    <element identifier="id-1a80703a" xsi:type="ApplicationFunction">
      <name>Delete (id)</name>
    </element>
    <element identifier="id-47aa5229" xsi:type="ApplicationProcess">
      <name>get id</name>
    </element>
    <element identifier="id-4e2c458d" xsi:type="ApplicationFunction">
      <name>Find(parameters)</name>
    </element>
    <element identifier="aded4921" xsi:type="ApplicationProcess">
      <name>SQL select statement</name>
    </element>
    <element identifier="id-5133fe78" xsi:type="ApplicationProcess">
      <name>return array of objects with data inside</name>
    </element>
    <element identifier="b40be0cf" xsi:type="ApplicationComponent">
      <name>class row data gateway 2</name>
    </element>
    <element identifier="cb2c8355" xsi:type="ApplicationComponent">
      <name>class row data gateway 3</name>
    </element>
    <element identifier="bf9be400" xsi:type="DataObject">
      <name>properties (corresponds to table columns)</name>
    </element>
    <element identifier="id-1d9892b7" xsi:type="ApplicationComponent">
      <name>class finder 1</name>
    </element>
    <element identifier="id-4efded49" xsi:type="ApplicationFunction">
      <name>Create (parameters) (copy)</name>
    </element>
    <element identifier="id-522cc572" xsi:type="ApplicationProcess">
      <name>SQL insert statement (copy)</name>
    </element>
    <element identifier="id-115d6212" xsi:type="ApplicationFunction">
      <name>STATIC Read(id)</name>
    </element>
    <element identifier="id-4fda0d83" xsi:type="ApplicationProcess">
      <name>SQL select 1 row statement</name>
    </element>
    <element identifier="id-3feac482" xsi:type="ApplicationProcess">
      <name>return object of type 'class row data gateway 1'</name>
    </element>
    <element identifier="id-1b722f3c" xsi:type="ApplicationFunction">
      <name>Update (parameters) (copy)</name>
    </element>
    <element identifier="id-58e47ff7" xsi:type="ApplicationProcess">
      <name>SQL update statement (copy)</name>
    </element>
    <element identifier="id-8eeae1e1" xsi:type="ApplicationFunction">
      <name>Delete (id) (copy)</name>
    </element>
    <element identifier="id-06f5248a" xsi:type="ApplicationProcess">
      <name>SQL delete statement (copy)</name>
    </element>
    <element identifier="id-06e728ae" xsi:type="ApplicationFunction">
      <name>STATIC Find(parameters)</name>
    </element>
    <element identifier="a88ff541" xsi:type="ApplicationProcess">
      <name>SQL select rows statement</name>
    </element>
    <element identifier="id-9c4fa095" xsi:type="ApplicationProcess">
      <name>return array of objects of type 'class row data gateway 1'</name>
    </element>
    <element identifier="id-3d789493" xsi:type="DataObject">
      <name>properties (corresponds to table columns) (copy)</name>
    </element>
    <element identifier="a6800795" xsi:type="ApplicationProcess">
      <name>SQL insert 1 row statement</name>
    </element>
    <element identifier="id-3cf2409f" xsi:type="ApplicationProcess">
      <name>SQL update 1 row statement</name>
    </element>
    <element identifier="id-9138979b" xsi:type="ApplicationProcess">
      <name>SQL delete 1 row statement</name>
    </element>
    <element identifier="id-3c9f538e" xsi:type="ApplicationProcess">
      <name>some process</name>
    </element>
    <element identifier="adf97774" xsi:type="ApplicationProcess">
      <name>find some data objects</name>
    </element>
    <element identifier="id-394678fe" xsi:type="ApplicationProcess">
      <name>update 1 object</name>
    </element>
    <element identifier="b9fd7d5c" xsi:type="ApplicationComponent">
      <name>class finder 2</name>
    </element>
    <element identifier="id-35a8f4bc" xsi:type="ApplicationComponent">
      <name>class finder 3</name>
    </element>
    <element identifier="id-565e2f14" xsi:type="ApplicationProcess">
      <name>change some object some properties for update</name>
    </element>
    <element identifier="id-3694722f" xsi:type="ApplicationProcess">
      <name>return created object of type 'class row data gateway 1'</name>
    </element>
  </elements>
  <relationships>
    <relationship identifier="id-96c718e8" source="id-4e2c458d" target="id-5133fe78" xsi:type="Composition" />
    <relationship identifier="id-112ded95" source="a934be87" target="id-4e2c458d" xsi:type="Assignment" />
    <relationship identifier="d0e1b4c6" source="id-073dbd0e" target="e1342f63" xsi:type="Composition" />
    <relationship identifier="fb913c5d" source="id-4e2c458d" target="aded4921" xsi:type="Composition" />
    <relationship identifier="e5ccbbbe" source="id-36629222" target="efe8d146" xsi:type="Composition" />
    <relationship identifier="fcc5b6f3" source="aded4921" target="id-5133fe78" xsi:type="Flow" />
    <relationship identifier="id-670ffb5a" source="c139fa80" target="id-70f7bb3b" xsi:type="Association" />
    <relationship identifier="id-287400f3" source="id-70f7bb3b" target="f9bd0f1a" xsi:type="Association" />
    <relationship identifier="b7dcdde5" source="id-1aa3382e" target="id-5c64df80" xsi:type="Flow" />
    <relationship identifier="id-42ee99a3" source="b40be0cf" target="id-70f7bb3b" xsi:type="Association" />
    <relationship identifier="id-599970bf" source="a934be87" target="b40be0cf" xsi:type="Association" />
    <relationship identifier="id-85bbc7c9" source="cb2c8355" target="f9bd0f1a" xsi:type="Association" />
    <relationship identifier="f7deb9fe" source="id-1a0d2623" target="id-5c64df80" xsi:type="Composition" />
    <relationship identifier="d39d8dae" source="a934be87" target="id-1a80703a" xsi:type="Assignment" />
    <relationship identifier="e0485f2f" source="id-1a80703a" target="id-47aa5229" xsi:type="Composition" />
    <relationship identifier="d33f5f07" source="a934be87" target="id-36629222" xsi:type="Assignment" />
    <relationship identifier="id-7b2d7029" source="a934be87" target="c139fa80" xsi:type="Association" />
    <relationship identifier="id-12a1bea4" source="a934be87" target="id-073dbd0e" xsi:type="Assignment" />
    <relationship identifier="id-362ee6aa" source="b40be0cf" target="cb2c8355" xsi:type="Association" />
    <relationship identifier="id-9d6ca169" source="id-1a0d2623" target="id-1aa3382e" xsi:type="Composition" />
    <relationship identifier="d6f437fe" source="a934be87" target="id-1a0d2623" xsi:type="Assignment" />
    <relationship identifier="db9ccba3" source="a934be87" target="bf9be400" xsi:type="Access" accessType="Write" />
    <relationship identifier="id-01a773b1" source="id-1b722f3c" target="id-58e47ff7" xsi:type="Composition" />
    <relationship identifier="f456837b" source="id-1d9892b7" target="id-4efded49" xsi:type="Assignment" />
    <relationship identifier="id-4ea72ead" source="id-4efded49" target="id-522cc572" xsi:type="Composition" />
    <relationship identifier="a6ec8755" source="id-1d9892b7" target="id-115d6212" xsi:type="Assignment" />
    <relationship identifier="id-8abb56d9" source="id-4fda0d83" target="id-3feac482" xsi:type="Flow" />
    <relationship identifier="id-33c6f47c" source="id-1d9892b7" target="id-1b722f3c" xsi:type="Assignment" />
    <relationship identifier="id-0bcd6910" source="id-06e728ae" target="a88ff541" xsi:type="Composition" />
    <relationship identifier="fb0b67ec" source="id-06e728ae" target="id-9c4fa095" xsi:type="Composition" />
    <relationship identifier="id-06c9ad8a" source="id-115d6212" target="id-3feac482" xsi:type="Composition" />
    <relationship identifier="a5384ccb" source="a88ff541" target="id-9c4fa095" xsi:type="Flow" />
    <relationship identifier="be3250ec" source="id-8eeae1e1" target="id-06f5248a" xsi:type="Composition" />
    <relationship identifier="id-3105614a" source="id-115d6212" target="id-4fda0d83" xsi:type="Composition" />
    <relationship identifier="id-43119ff1" source="id-1d9892b7" target="id-06e728ae" xsi:type="Assignment" />
    <relationship identifier="id-523b49ca" source="id-1d9892b7" target="id-3d789493" xsi:type="Access" accessType="Write" />
    <relationship identifier="id-9e5e2222" source="id-1d9892b7" target="id-8eeae1e1" xsi:type="Assignment" />
    <relationship identifier="id-643309ab" source="id-073dbd0e" target="a6800795" xsi:type="Composition" />
    <relationship identifier="c15a8c63" source="id-36629222" target="id-3cf2409f" xsi:type="Composition" />
    <relationship identifier="id-15db839c" source="id-1a80703a" target="id-9138979b" xsi:type="Composition" />
    <relationship identifier="id-069450e2" source="e1342f63" target="a6800795" xsi:type="Flow" />
    <relationship identifier="c351d01d" source="efe8d146" target="id-3cf2409f" xsi:type="Flow" />
    <relationship identifier="id-2cb8b9b6" source="id-47aa5229" target="id-9138979b" xsi:type="Flow" />
    <relationship identifier="id-1217c879" source="e1342f63" target="bf9be400" xsi:type="Access" accessType="Write" />
    <relationship identifier="id-8deb8cbe" source="efe8d146" target="bf9be400" xsi:type="Access" accessType="Write" />
    <relationship identifier="id-5fd8ab19" source="id-47aa5229" target="bf9be400" xsi:type="Access" accessType="Write" />
    <relationship identifier="c76b56b6" source="id-5c64df80" target="bf9be400" xsi:type="Access" accessType="Write" />
    <relationship identifier="c9b13647" source="a6800795" target="c139fa80" xsi:type="Access" accessType="Write" />
    <relationship identifier="id-649544e3" source="id-3cf2409f" target="c139fa80" xsi:type="Access" accessType="Write" />
    <relationship identifier="id-24d9d956" source="id-1a80703a" target="c139fa80" xsi:type="Access" accessType="Write" />
    <relationship identifier="b58d65c7" source="id-4fda0d83" target="c139fa80" xsi:type="Access" accessType="Write" />
    <relationship identifier="id-03eb5d00" source="a88ff541" target="c139fa80" xsi:type="Access" accessType="Write" />
    <relationship identifier="eaeeacff" source="adf97774" target="id-394678fe" xsi:type="Flow" />
    <relationship identifier="f9745ea6" source="id-3c9f538e" target="id-394678fe" xsi:type="Composition" />
    <relationship identifier="id-7b452277" source="id-3c9f538e" target="adf97774" xsi:type="Composition" />
    <relationship identifier="daf2bd79" source="id-06e728ae" target="adf97774" xsi:type="Serving" />
    <relationship identifier="id-858f2a0e" source="id-36629222" target="id-394678fe" xsi:type="Serving" />
    <relationship identifier="bd2a0016" source="id-70f7bb3b" target="b9fd7d5c" xsi:type="Association" />
    <relationship identifier="e5966eda" source="f9bd0f1a" target="id-35a8f4bc" xsi:type="Association" />
    <relationship identifier="e4a664a5" source="id-3c9f538e" target="id-565e2f14" xsi:type="Composition" />
    <relationship identifier="id-3eb127b0" source="adf97774" target="id-565e2f14" xsi:type="Flow" />
    <relationship identifier="a2a98636" source="id-565e2f14" target="id-394678fe" xsi:type="Flow" />
    <relationship identifier="id-77bf621f" source="id-565e2f14" target="bf9be400" xsi:type="Access" accessType="Write" />
    <relationship identifier="id-932bccc1" source="id-1a0d2623" target="id-3694722f" xsi:type="Composition" />
    <relationship identifier="id-30d80743" source="id-5c64df80" target="id-3694722f" xsi:type="Flow" />
    <relationship identifier="id-21cc4db9" source="id-3feac482" target="id-1a0d2623" xsi:type="Flow">
      <name>query results transmitted factory, and it returns an object</name>
    </relationship>
    <relationship identifier="a80734cf" source="id-9c4fa095" target="id-1a0d2623" xsi:type="Flow" />
    <relationship identifier="fa194862" source="id-1a0d2623" target="id-3feac482" xsi:type="Serving">
      <name>query results transmitted factory, and it returns an object</name>
    </relationship>
    <relationship identifier="id-111f2502" source="id-1a0d2623" target="id-9c4fa095" xsi:type="Serving" />
  </relationships>
  <views>
    <diagrams>
      <view identifier="id-70b574fd" xsi:type="Diagram">
        <name>Row Data Gateway</name>
        <node identifier="id-9d3f7e38" x="236" y="226" w="1966" h="791" xsi:type="Container">
          <label>presentation</label>
          <style>
            <fillColor r="199" g="225" b="226" a="100" />
            <lineColor r="92" g="92" b="92" a="100" />
            <font name="Lucida Grande" size="12">
              <color r="0" g="0" b="0" />
            </font>
          </style>
        </node>
        <node identifier="dea14b9b" x="236" y="1071" w="1966" h="791" xsi:type="Container">
          <label>domain</label>
          <style>
            <fillColor r="206" g="219" b="211" a="100" />
            <lineColor r="92" g="92" b="92" a="100" />
            <font name="Lucida Grande" size="12">
              <color r="0" g="0" b="0" />
            </font>
          </style>
          <node identifier="id-5df59906" elementRef="id-3c9f538e" xsi:type="Element" x="321" y="1621" w="600" h="97">
            <style>
              <fillColor r="181" g="255" b="255" a="100" />
              <lineColor r="92" g="92" b="92" a="100" />
              <font name="Lucida Grande" size="12">
                <color r="0" g="0" b="0" />
              </font>
            </style>
            <node identifier="id-50f8699b" elementRef="adf97774" xsi:type="Element" x="741" y="1656" w="120" h="55">
              <style>
                <fillColor r="181" g="255" b="255" a="100" />
                <lineColor r="92" g="92" b="92" a="100" />
                <font name="Lucida Grande" size="12">
                  <color r="0" g="0" b="0" />
                </font>
              </style>
            </node>
            <node identifier="bb5a183b" elementRef="id-394678fe" xsi:type="Element" x="356" y="1656" w="120" h="55">
              <style>
                <fillColor r="181" g="255" b="255" a="100" />
                <lineColor r="92" g="92" b="92" a="100" />
                <font name="Lucida Grande" size="12">
                  <color r="0" g="0" b="0" />
                </font>
              </style>
            </node>
            <node identifier="id-62a95909" elementRef="id-565e2f14" xsi:type="Element" x="541" y="1656" w="153" h="55">
              <style>
                <fillColor r="181" g="255" b="255" a="100" />
                <lineColor r="92" g="92" b="92" a="100" />
                <font name="Lucida Grande" size="12">
                  <color r="0" g="0" b="0" />
                </font>
              </style>
            </node>
          </node>
        </node>
        <node identifier="c8287f6f" x="236" y="1921" w="1966" h="1107" xsi:type="Container">
          <label>data source</label>
          <style>
            <fillColor r="216" g="209" b="215" a="100" />
            <lineColor r="92" g="92" b="92" a="100" />
            <font name="Lucida Grande" size="12">
              <color r="0" g="0" b="0" />
            </font>
          </style>
          <node identifier="fbafcfe5" x="271" y="2676" w="1916" h="306" xsi:type="Container">
            <label>database</label>
            <documentation>gang of four classic design pattern</documentation>
            <style>
              <fillColor r="187" g="174" b="185" a="100" />
              <lineColor r="192" g="192" b="192" a="100" />
              <font name="Lucida Grande" size="12">
                <color r="0" g="0" b="0" />
              </font>
            </style>
            <node identifier="id-7ec37c71" xsi:type="Label" x="1976" y="2766" w="185" h="80">
              <label>entity -relationship model</label>
              <style>
                <fillColor r="255" g="255" b="255" a="100" />
                <lineColor r="92" g="92" b="92" a="100" />
                <font name="Lucida Grande" size="12">
                  <color r="255" g="0" b="0" />
                </font>
              </style>
            </node>
            <node identifier="e2a53e57" elementRef="c139fa80" xsi:type="Element" x="556" y="2766" w="120" h="55">
              <style>
                <fillColor r="181" g="255" b="255" a="100" />
                <lineColor r="92" g="92" b="92" a="100" />
                <font name="Lucida Grande" size="12">
                  <color r="0" g="0" b="0" />
                </font>
              </style>
            </node>
            <node identifier="c6893441" elementRef="id-70f7bb3b" xsi:type="Element" x="1361" y="2788" w="120" h="55">
              <style>
                <fillColor r="181" g="255" b="255" a="100" />
                <lineColor r="92" g="92" b="92" a="100" />
                <font name="Lucida Grande" size="12">
                  <color r="0" g="0" b="0" />
                </font>
              </style>
            </node>
            <node identifier="da36dea0" elementRef="f9bd0f1a" xsi:type="Element" x="1811" y="2836" w="120" h="55">
              <style>
                <fillColor r="181" g="255" b="255" a="100" />
                <lineColor r="92" g="92" b="92" a="100" />
                <font name="Lucida Grande" size="12">
                  <color r="0" g="0" b="0" />
                </font>
              </style>
            </node>
          </node>
          <node identifier="ccfe6482" elementRef="a934be87" xsi:type="Element" x="271" y="1986" w="416" h="641">
            <style>
              <fillColor r="181" g="255" b="255" a="100" />
              <lineColor r="92" g="92" b="92" a="100" />
              <font name="Lucida Grande" size="12">
                <color r="0" g="0" b="0" />
              </font>
            </style>
            <node identifier="id-2230810e" elementRef="id-073dbd0e" xsi:type="Element" x="361" y="2126" w="301" h="86">
              <style>
                <fillColor r="181" g="255" b="255" a="100" />
                <lineColor r="92" g="92" b="92" a="100" />
                <font name="Lucida Grande" size="12">
                  <color r="0" g="0" b="0" />
                </font>
              </style>
              <node identifier="id-9743e516" elementRef="e1342f63" xsi:type="Element" x="401" y="2156" w="120" h="55">
                <style>
                  <fillColor r="181" g="255" b="255" a="100" />
                  <lineColor r="92" g="92" b="92" a="100" />
                  <font name="Lucida Grande" size="12">
                    <color r="0" g="0" b="0" />
                  </font>
                </style>
              </node>
              <node identifier="id-6414baa9" elementRef="a6800795" xsi:type="Element" x="541" y="2156" w="120" h="55">
                <style>
                  <fillColor r="181" g="255" b="255" a="100" />
                  <lineColor r="92" g="92" b="92" a="100" />
                  <font name="Lucida Grande" size="12">
                    <color r="0" g="0" b="0" />
                  </font>
                </style>
              </node>
            </node>
            <node identifier="id-026d633d" elementRef="id-1a0d2623" xsi:type="Element" x="361" y="2421" w="301" h="111">
              <style>
                <fillColor r="181" g="255" b="255" a="100" />
                <lineColor r="92" g="92" b="92" a="100" />
                <font name="Lucida Grande" size="12">
                  <color r="0" g="0" b="0" />
                </font>
              </style>
              <node identifier="id-8878a7f6" elementRef="id-5c64df80" xsi:type="Element" x="401" y="2451" w="120" h="80">
                <style>
                  <fillColor r="181" g="255" b="255" a="100" />
                  <lineColor r="92" g="92" b="92" a="100" />
                  <font name="Lucida Grande" size="12">
                    <color r="0" g="0" b="0" />
                  </font>
                </style>
              </node>
              <node identifier="id-2b5002eb" elementRef="id-3694722f" xsi:type="Element" x="541" y="2451" w="120" h="80">
                <style>
                  <fillColor r="181" g="255" b="255" a="100" />
                  <lineColor r="92" g="92" b="92" a="100" />
                  <font name="Lucida Grande" size="12">
                    <color r="0" g="0" b="0" />
                  </font>
                </style>
              </node>
            </node>
            <node identifier="id-227c4bfa" elementRef="id-36629222" xsi:type="Element" x="361" y="2231" w="301" h="86">
              <style>
                <fillColor r="181" g="255" b="255" a="100" />
                <lineColor r="92" g="92" b="92" a="100" />
                <font name="Lucida Grande" size="12">
                  <color r="0" g="0" b="0" />
                </font>
              </style>
              <node identifier="e41a0484" elementRef="efe8d146" xsi:type="Element" x="401" y="2261" w="120" h="55">
                <style>
                  <fillColor r="181" g="255" b="255" a="100" />
                  <lineColor r="92" g="92" b="92" a="100" />
                  <font name="Lucida Grande" size="12">
                    <color r="0" g="0" b="0" />
                  </font>
                </style>
              </node>
              <node identifier="id-7580f06c" elementRef="id-3cf2409f" xsi:type="Element" x="541" y="2261" w="120" h="55">
                <style>
                  <fillColor r="181" g="255" b="255" a="100" />
                  <lineColor r="92" g="92" b="92" a="100" />
                  <font name="Lucida Grande" size="12">
                    <color r="0" g="0" b="0" />
                  </font>
                </style>
              </node>
            </node>
            <node identifier="id-893416c8" elementRef="id-1a80703a" xsi:type="Element" x="361" y="2326" w="301" h="86">
              <style>
                <fillColor r="181" g="255" b="255" a="100" />
                <lineColor r="92" g="92" b="92" a="100" />
                <font name="Lucida Grande" size="12">
                  <color r="0" g="0" b="0" />
                </font>
              </style>
              <node identifier="fdfdbd25" elementRef="id-47aa5229" xsi:type="Element" x="401" y="2356" w="120" h="55">
                <style>
                  <fillColor r="181" g="255" b="255" a="100" />
                  <lineColor r="92" g="92" b="92" a="100" />
                  <font name="Lucida Grande" size="12">
                    <color r="0" g="0" b="0" />
                  </font>
                </style>
              </node>
              <node identifier="id-207e978f" elementRef="id-9138979b" xsi:type="Element" x="541" y="2356" w="120" h="55">
                <style>
                  <fillColor r="181" g="255" b="255" a="100" />
                  <lineColor r="92" g="92" b="92" a="100" />
                  <font name="Lucida Grande" size="12">
                    <color r="0" g="0" b="0" />
                  </font>
                </style>
              </node>
            </node>
            <node identifier="id-74eef220" elementRef="bf9be400" xsi:type="Element" x="361" y="2031" w="120" h="61">
              <style>
                <fillColor r="181" g="255" b="255" a="100" />
                <lineColor r="92" g="92" b="92" a="100" />
                <font name="Lucida Grande" size="12">
                  <color r="0" g="0" b="0" />
                </font>
              </style>
            </node>
          </node>
          <node identifier="d171ecb1" elementRef="b40be0cf" xsi:type="Element" x="1351" y="2089" w="120" h="55">
            <style>
              <fillColor r="181" g="255" b="255" a="100" />
              <lineColor r="92" g="92" b="92" a="100" />
              <font name="Lucida Grande" size="12">
                <color r="0" g="0" b="0" />
              </font>
            </style>
          </node>
          <node identifier="da7733c1" elementRef="cb2c8355" xsi:type="Element" x="1781" y="2143" w="120" h="55">
            <style>
              <fillColor r="181" g="255" b="255" a="100" />
              <lineColor r="92" g="92" b="92" a="100" />
              <font name="Lucida Grande" size="12">
                <color r="0" g="0" b="0" />
              </font>
            </style>
          </node>
          <node identifier="c81c4207" elementRef="id-1d9892b7" xsi:type="Element" x="746" y="1986" w="416" h="641">
            <style>
              <fillColor r="181" g="255" b="255" a="100" />
              <lineColor r="92" g="92" b="92" a="100" />
              <font name="Lucida Grande" size="12">
                <color r="0" g="0" b="0" />
              </font>
            </style>
            <node identifier="id-62a2d932" elementRef="id-115d6212" xsi:type="Element" x="806" y="2126" w="341" h="86">
              <style>
                <fillColor r="181" g="255" b="255" a="100" />
                <lineColor r="92" g="92" b="92" a="100" />
                <font name="Lucida Grande" size="12">
                  <color r="0" g="0" b="0" />
                </font>
              </style>
              <node identifier="id-3efd8fe0" elementRef="id-4fda0d83" xsi:type="Element" x="846" y="2156" w="120" h="55">
                <style>
                  <fillColor r="181" g="255" b="255" a="100" />
                  <lineColor r="92" g="92" b="92" a="100" />
                  <font name="Lucida Grande" size="12">
                    <color r="0" g="0" b="0" />
                  </font>
                </style>
              </node>
              <node identifier="e3f9287c" elementRef="id-3feac482" xsi:type="Element" x="986" y="2156" w="161" h="55">
                <style>
                  <fillColor r="181" g="255" b="255" a="100" />
                  <lineColor r="92" g="92" b="92" a="100" />
                  <font name="Lucida Grande" size="12">
                    <color r="0" g="0" b="0" />
                  </font>
                </style>
              </node>
            </node>
            <node identifier="c20a75d1" elementRef="id-06e728ae" xsi:type="Element" x="806" y="2226" w="341" h="86">
              <style>
                <fillColor r="181" g="255" b="255" a="100" />
                <lineColor r="92" g="92" b="92" a="100" />
                <font name="Lucida Grande" size="12">
                  <color r="0" g="0" b="0" />
                </font>
              </style>
              <node identifier="f0c1cda5" elementRef="a88ff541" xsi:type="Element" x="846" y="2256" w="120" h="55">
                <style>
                  <fillColor r="181" g="255" b="255" a="100" />
                  <lineColor r="92" g="92" b="92" a="100" />
                  <font name="Lucida Grande" size="12">
                    <color r="0" g="0" b="0" />
                  </font>
                </style>
              </node>
              <node identifier="id-7e0b2eba" elementRef="id-9c4fa095" xsi:type="Element" x="986" y="2256" w="161" h="55">
                <style>
                  <fillColor r="181" g="255" b="255" a="100" />
                  <lineColor r="92" g="92" b="92" a="100" />
                  <font name="Lucida Grande" size="12">
                    <color r="0" g="0" b="0" />
                  </font>
                </style>
              </node>
            </node>
          </node>
          <node identifier="c9923a92" elementRef="b9fd7d5c" xsi:type="Element" x="1481" y="2089" w="120" h="55">
            <style>
              <fillColor r="181" g="255" b="255" a="100" />
              <lineColor r="92" g="92" b="92" a="100" />
              <font name="Lucida Grande" size="12">
                <color r="0" g="0" b="0" />
              </font>
            </style>
          </node>
          <node identifier="cc25d14b" elementRef="id-35a8f4bc" xsi:type="Element" x="1916" y="2143" w="120" h="55">
            <style>
              <fillColor r="181" g="255" b="255" a="100" />
              <lineColor r="92" g="92" b="92" a="100" />
              <font name="Lucida Grande" size="12">
                <color r="0" g="0" b="0" />
              </font>
            </style>
          </node>
        </node>
        <node identifier="d8e414fb" xsi:type="Label" x="105" y="2010" w="185" h="80">
          <label>- Class is a data record, no business logic&#xD;
- one instance of the class represented by one row in the table</label>
          <style>
            <fillColor r="255" g="255" b="255" a="100" />
            <lineColor r="92" g="92" b="92" a="100" />
            <font name="Lucida Grande" size="12">
              <color r="255" g="0" b="0" />
            </font>
          </style>
        </node>
        <connection identifier="f860e029" relationshipRef="id-3eb127b0" xsi:type="Relationship" source="id-50f8699b" target="id-62a95909">
          <style>
            <lineColor r="0" g="0" b="0" />
            <font name="Lucida Grande" size="12">
              <color r="0" g="0" b="0" />
            </font>
          </style>
        </connection>
        <connection identifier="id-2317ebc5" relationshipRef="a2a98636" xsi:type="Relationship" source="id-62a95909" target="bb5a183b">
          <style>
            <lineColor r="0" g="0" b="0" />
            <font name="Lucida Grande" size="12">
              <color r="0" g="0" b="0" />
            </font>
          </style>
        </connection>
        <connection identifier="id-0a655999" relationshipRef="id-77bf621f" xsi:type="Relationship" source="id-62a95909" target="id-74eef220">
          <style>
            <lineColor r="0" g="0" b="0" />
            <font name="Lucida Grande" size="12">
              <color r="0" g="0" b="0" />
            </font>
          </style>
        </connection>
        <connection identifier="id-2e39e1f2" relationshipRef="id-670ffb5a" xsi:type="Relationship" source="e2a53e57" target="c6893441">
          <style>
            <lineColor r="192" g="192" b="192" />
            <font name="Lucida Grande" size="12">
              <color r="0" g="0" b="0" />
            </font>
          </style>
        </connection>
        <connection identifier="a920ce2f" relationshipRef="id-287400f3" xsi:type="Relationship" source="c6893441" target="da36dea0">
          <style>
            <lineColor r="192" g="192" b="192" />
            <font name="Lucida Grande" size="12">
              <color r="0" g="0" b="0" />
            </font>
          </style>
        </connection>
        <connection identifier="f3bbb8a7" relationshipRef="bd2a0016" xsi:type="Relationship" source="c6893441" target="c9923a92">
          <style>
            <lineColor r="0" g="0" b="0" />
            <font name="Lucida Grande" size="12">
              <color r="0" g="0" b="0" />
            </font>
          </style>
        </connection>
        <connection identifier="id-884b9b08" relationshipRef="e5966eda" xsi:type="Relationship" source="da36dea0" target="cc25d14b">
          <style>
            <lineColor r="0" g="0" b="0" />
            <font name="Lucida Grande" size="12">
              <color r="0" g="0" b="0" />
            </font>
          </style>
        </connection>
        <connection identifier="id-0bc3344c" relationshipRef="id-069450e2" xsi:type="Relationship" source="id-9743e516" target="id-6414baa9">
          <style>
            <lineColor r="0" g="0" b="0" />
            <font name="Lucida Grande" size="12">
              <color r="0" g="0" b="0" />
            </font>
          </style>
        </connection>
        <connection identifier="def06d9d" relationshipRef="id-1217c879" xsi:type="Relationship" source="id-9743e516" target="id-74eef220">
          <style>
            <lineColor r="0" g="0" b="0" />
            <font name="Lucida Grande" size="12">
              <color r="0" g="0" b="0" />
            </font>
          </style>
          <bendpoint x="395" y="2125" />
        </connection>
        <connection identifier="id-5d54cc32" relationshipRef="c9b13647" xsi:type="Relationship" source="id-6414baa9" target="e2a53e57">
          <style>
            <lineColor r="0" g="0" b="0" />
            <font name="Lucida Grande" size="12">
              <color r="0" g="0" b="0" />
            </font>
          </style>
          <bendpoint x="570" y="2485" />
        </connection>
        <connection identifier="id-5bbc5c7a" relationshipRef="fa194862" xsi:type="Relationship" source="id-026d633d" target="e3f9287c">
          <style>
            <lineColor r="153" g="102" b="51" />
            <font name="Lucida Grande" size="12">
              <color r="153" g="102" b="51" />
            </font>
          </style>
          <bendpoint x="1030" y="2480" />
        </connection>
        <connection identifier="b4975c26" relationshipRef="id-111f2502" xsi:type="Relationship" source="id-026d633d" target="id-7e0b2eba">
          <style>
            <lineColor r="153" g="102" b="51" />
            <font name="Lucida Grande" size="12">
              <color r="0" g="0" b="0" />
            </font>
          </style>
          <bendpoint x="1050" y="2500" />
        </connection>
        <connection identifier="id-8ddcd061" relationshipRef="id-30d80743" xsi:type="Relationship" source="id-8878a7f6" target="id-2b5002eb">
          <style>
            <lineColor r="0" g="0" b="0" />
            <font name="Lucida Grande" size="12">
              <color r="0" g="0" b="0" />
            </font>
          </style>
        </connection>
        <connection identifier="id-5cf4e1f9" relationshipRef="id-858f2a0e" xsi:type="Relationship" source="id-227c4bfa" target="bb5a183b">
          <style>
            <lineColor r="0" g="0" b="0" />
            <font name="Lucida Grande" size="12">
              <color r="0" g="0" b="0" />
            </font>
          </style>
          <bendpoint x="374" y="1975" />
        </connection>
        <connection identifier="id-87f24c11" relationshipRef="c351d01d" xsi:type="Relationship" source="e41a0484" target="id-7580f06c">
          <style>
            <lineColor r="0" g="0" b="0" />
            <font name="Lucida Grande" size="12">
              <color r="0" g="0" b="0" />
            </font>
          </style>
        </connection>
        <connection identifier="id-391f3594" relationshipRef="id-8deb8cbe" xsi:type="Relationship" source="e41a0484" target="id-74eef220">
          <style>
            <lineColor r="0" g="0" b="0" />
            <font name="Lucida Grande" size="12">
              <color r="0" g="0" b="0" />
            </font>
          </style>
          <bendpoint x="430" y="2175" />
        </connection>
        <connection identifier="id-90e9d51a" relationshipRef="id-649544e3" xsi:type="Relationship" source="id-7580f06c" target="e2a53e57">
          <style>
            <lineColor r="0" g="0" b="0" />
            <font name="Lucida Grande" size="12">
              <color r="0" g="0" b="0" />
            </font>
          </style>
          <bendpoint x="600" y="2540" />
        </connection>
        <connection identifier="id-541d3c35" relationshipRef="id-24d9d956" xsi:type="Relationship" source="id-893416c8" target="e2a53e57">
          <style>
            <lineColor r="0" g="0" b="0" />
            <font name="Lucida Grande" size="12">
              <color r="0" g="0" b="0" />
            </font>
          </style>
          <bendpoint x="630" y="2590" />
        </connection>
        <connection identifier="id-8110db27" relationshipRef="id-2cb8b9b6" xsi:type="Relationship" source="fdfdbd25" target="id-207e978f">
          <style>
            <lineColor r="0" g="0" b="0" />
            <font name="Lucida Grande" size="12">
              <color r="0" g="0" b="0" />
            </font>
          </style>
        </connection>
        <connection identifier="c254e8bc" relationshipRef="id-5fd8ab19" xsi:type="Relationship" source="fdfdbd25" target="id-74eef220">
          <style>
            <lineColor r="0" g="0" b="0" />
            <font name="Lucida Grande" size="12">
              <color r="0" g="0" b="0" />
            </font>
          </style>
          <bendpoint x="455" y="2225" />
        </connection>
        <connection identifier="id-1a02e65e" relationshipRef="id-42ee99a3" xsi:type="Relationship" source="d171ecb1" target="c6893441">
          <style>
            <lineColor r="0" g="0" b="0" />
            <font name="Lucida Grande" size="12">
              <color r="0" g="0" b="0" />
            </font>
          </style>
        </connection>
        <connection identifier="id-905885ee" relationshipRef="id-85bbc7c9" xsi:type="Relationship" source="da7733c1" target="da36dea0">
          <style>
            <lineColor r="0" g="0" b="0" />
            <font name="Lucida Grande" size="12">
              <color r="0" g="0" b="0" />
            </font>
          </style>
        </connection>
        <connection identifier="id-8b348bf7" relationshipRef="id-8abb56d9" xsi:type="Relationship" source="id-3efd8fe0" target="e3f9287c">
          <style>
            <lineColor r="0" g="0" b="0" />
            <font name="Lucida Grande" size="12">
              <color r="0" g="0" b="0" />
            </font>
          </style>
        </connection>
        <connection identifier="d46d18a8" relationshipRef="b58d65c7" xsi:type="Relationship" source="id-3efd8fe0" target="e2a53e57">
          <style>
            <lineColor r="0" g="0" b="0" />
            <font name="Lucida Grande" size="12">
              <color r="0" g="0" b="0" />
            </font>
          </style>
          <bendpoint x="655" y="2725" />
        </connection>
        <connection identifier="id-317aeb85" relationshipRef="daf2bd79" xsi:type="Relationship" source="c20a75d1" target="id-50f8699b">
          <style>
            <lineColor r="0" g="0" b="0" />
            <font name="Lucida Grande" size="12">
              <color r="0" g="0" b="0" />
            </font>
          </style>
        </connection>
        <connection identifier="id-26c2f1ae" relationshipRef="a5384ccb" xsi:type="Relationship" source="f0c1cda5" target="id-7e0b2eba">
          <style>
            <lineColor r="0" g="0" b="0" />
            <font name="Lucida Grande" size="12">
              <color r="0" g="0" b="0" />
            </font>
          </style>
        </connection>
        <connection identifier="id-16324cac" relationshipRef="id-03eb5d00" xsi:type="Relationship" source="f0c1cda5" target="e2a53e57">
          <style>
            <lineColor r="0" g="0" b="0" />
            <font name="Lucida Grande" size="12">
              <color r="0" g="0" b="0" />
            </font>
          </style>
        </connection>
      </view>
    </diagrams>
  </views>
</model>
