{"identifier":"https://me.big.tuwien.ac.at/EAModelSet/79e36aa1","archimateId":"79e36aa1","name":"2 Row Data Gateway","description":"","formats":["XML","CSV","JSON","ARCHIMATE"],"source":"GitHub","repository":"wilmerkrisp/patterns","license":"Other","sourceFile":"raw-data/github/archimate/row_data_gateway.archimate","sourceFormat":"ARCHIMATE","timestamp":"2023-07-06T09:29:17","tags":[],"duplicates":[],"language":"en","elements":[{"id":"c139fa80","name":"entity 1","type":"DataObject","layer":"application"},{"id":"70f7bb3b","name":"entity 2","type":"DataObject","layer":"application"},{"id":"f9bd0f1a","name":"entity 3","type":"DataObject","layer":"application"},{"id":"a934be87","name":"class row data gateway 1","type":"ApplicationComponent","layer":"application"},{"id":"073dbd0e","name":"Create/insert (parameters)","type":"ApplicationFunction","layer":"application"},{"id":"e1342f63","name":"get props for use in insert","type":"ApplicationProcess","layer":"application"},{"id":"1a0d2623","name":"STATIC factory (props)","type":"ApplicationFunction","layer":"application"},{"id":"1aa3382e","name":"SQL select statement","type":"ApplicationProcess","layer":"application"},{"id":"5c64df80","name":"create obj and fill properties acording with object input args","type":"ApplicationProcess","layer":"application"},{"id":"36629222","name":"Update (parameters)","type":"ApplicationFunction","layer":"application"},{"id":"efe8d146","name":"get props for use in update","type":"ApplicationProcess","layer":"application"},{"id":"1a80703a","name":"Delete (id)","type":"ApplicationFunction","layer":"application"},{"id":"47aa5229","name":"get id","type":"ApplicationProcess","layer":"application"},{"id":"4e2c458d","name":"Find(parameters)","type":"ApplicationFunction","layer":"application"},{"id":"aded4921","name":"SQL select statement","type":"ApplicationProcess","layer":"application"},{"id":"5133fe78","name":"return array of objects with data inside","type":"ApplicationProcess","layer":"application"},{"id":"b40be0cf","name":"class row data gateway 2","type":"ApplicationComponent","layer":"application"},{"id":"cb2c8355","name":"class row data gateway 3","type":"ApplicationComponent","layer":"application"},{"id":"bf9be400","name":"properties (corresponds to table columns)","type":"DataObject","layer":"application"},{"id":"1d9892b7","name":"class finder 1","type":"ApplicationComponent","layer":"application"},{"id":"4efded49","name":"Create (parameters) (copy)","type":"ApplicationFunction","layer":"application"},{"id":"522cc572","name":"SQL insert statement (copy)","type":"ApplicationProcess","layer":"application"},{"id":"115d6212","name":"STATIC Read(id)","type":"ApplicationFunction","layer":"application"},{"id":"4fda0d83","name":"SQL select 1 row statement","type":"ApplicationProcess","layer":"application"},{"id":"3feac482","name":"return object of type 'class row data gateway 1'","type":"ApplicationProcess","layer":"application"},{"id":"1b722f3c","name":"Update (parameters) (copy)","type":"ApplicationFunction","layer":"application"},{"id":"58e47ff7","name":"SQL update statement (copy)","type":"ApplicationProcess","layer":"application"},{"id":"8eeae1e1","name":"Delete (id) (copy)","type":"ApplicationFunction","layer":"application"},{"id":"06f5248a","name":"SQL delete statement (copy)","type":"ApplicationProcess","layer":"application"},{"id":"06e728ae","name":"STATIC Find(parameters)","type":"ApplicationFunction","layer":"application"},{"id":"a88ff541","name":"SQL select rows statement","type":"ApplicationProcess","layer":"application"},{"id":"9c4fa095","name":"return array of objects of type 'class row data gateway 1'","type":"ApplicationProcess","layer":"application"},{"id":"3d789493","name":"properties (corresponds to table columns) (copy)","type":"DataObject","layer":"application"},{"id":"a6800795","name":"SQL insert 1 row statement","type":"ApplicationProcess","layer":"application"},{"id":"3cf2409f","name":"SQL update 1 row statement","type":"ApplicationProcess","layer":"application"},{"id":"9138979b","name":"SQL delete 1 row statement","type":"ApplicationProcess","layer":"application"},{"id":"3c9f538e","name":"some process","type":"ApplicationProcess","layer":"application"},{"id":"adf97774","name":"find some data objects","type":"ApplicationProcess","layer":"application"},{"id":"394678fe","name":"update 1 object","type":"ApplicationProcess","layer":"application"},{"id":"b9fd7d5c","name":"class finder 2","type":"ApplicationComponent","layer":"application"},{"id":"35a8f4bc","name":"class finder 3","type":"ApplicationComponent","layer":"application"},{"id":"565e2f14","name":"change some object some properties for update","type":"ApplicationProcess","layer":"application"},{"id":"3694722f","name":"return created object of type 'class row data gateway 1'","type":"ApplicationProcess","layer":"application"}],"relationships":[{"id":"96c718e8","sourceId":"4e2c458d","targetId":"5133fe78","type":"CompositionRelationship"},{"id":"112ded95","sourceId":"a934be87","targetId":"4e2c458d","type":"AssignmentRelationship"},{"id":"d0e1b4c6","sourceId":"073dbd0e","targetId":"e1342f63","type":"CompositionRelationship"},{"id":"fb913c5d","sourceId":"4e2c458d","targetId":"aded4921","type":"CompositionRelationship"},{"id":"e5ccbbbe","sourceId":"36629222","targetId":"efe8d146","type":"CompositionRelationship"},{"id":"fcc5b6f3","sourceId":"aded4921","targetId":"5133fe78","type":"FlowRelationship"},{"id":"670ffb5a","sourceId":"c139fa80","targetId":"70f7bb3b","type":"AssociationRelationship"},{"id":"287400f3","sourceId":"70f7bb3b","targetId":"f9bd0f1a","type":"AssociationRelationship"},{"id":"b7dcdde5","sourceId":"1aa3382e","targetId":"5c64df80","type":"FlowRelationship"},{"id":"42ee99a3","sourceId":"b40be0cf","targetId":"70f7bb3b","type":"AssociationRelationship"},{"id":"599970bf","sourceId":"a934be87","targetId":"b40be0cf","type":"AssociationRelationship"},{"id":"85bbc7c9","sourceId":"cb2c8355","targetId":"f9bd0f1a","type":"AssociationRelationship"},{"id":"f7deb9fe","sourceId":"1a0d2623","targetId":"5c64df80","type":"CompositionRelationship"},{"id":"d39d8dae","sourceId":"a934be87","targetId":"1a80703a","type":"AssignmentRelationship"},{"id":"e0485f2f","sourceId":"1a80703a","targetId":"47aa5229","type":"CompositionRelationship"},{"id":"d33f5f07","sourceId":"a934be87","targetId":"36629222","type":"AssignmentRelationship"},{"id":"7b2d7029","sourceId":"a934be87","targetId":"c139fa80","type":"AssociationRelationship"},{"id":"12a1bea4","sourceId":"a934be87","targetId":"073dbd0e","type":"AssignmentRelationship"},{"id":"362ee6aa","sourceId":"b40be0cf","targetId":"cb2c8355","type":"AssociationRelationship"},{"id":"9d6ca169","sourceId":"1a0d2623","targetId":"1aa3382e","type":"CompositionRelationship"},{"id":"d6f437fe","sourceId":"a934be87","targetId":"1a0d2623","type":"AssignmentRelationship"},{"id":"db9ccba3","sourceId":"a934be87","targetId":"bf9be400","type":"AccessRelationship"},{"id":"01a773b1","sourceId":"1b722f3c","targetId":"58e47ff7","type":"CompositionRelationship"},{"id":"f456837b","sourceId":"1d9892b7","targetId":"4efded49","type":"AssignmentRelationship"},{"id":"4ea72ead","sourceId":"4efded49","targetId":"522cc572","type":"CompositionRelationship"},{"id":"a6ec8755","sourceId":"1d9892b7","targetId":"115d6212","type":"AssignmentRelationship"},{"id":"8abb56d9","sourceId":"4fda0d83","targetId":"3feac482","type":"FlowRelationship"},{"id":"33c6f47c","sourceId":"1d9892b7","targetId":"1b722f3c","type":"AssignmentRelationship"},{"id":"0bcd6910","sourceId":"06e728ae","targetId":"a88ff541","type":"CompositionRelationship"},{"id":"fb0b67ec","sourceId":"06e728ae","targetId":"9c4fa095","type":"CompositionRelationship"},{"id":"06c9ad8a","sourceId":"115d6212","targetId":"3feac482","type":"CompositionRelationship"},{"id":"a5384ccb","sourceId":"a88ff541","targetId":"9c4fa095","type":"FlowRelationship"},{"id":"be3250ec","sourceId":"8eeae1e1","targetId":"06f5248a","type":"CompositionRelationship"},{"id":"3105614a","sourceId":"115d6212","targetId":"4fda0d83","type":"CompositionRelationship"},{"id":"43119ff1","sourceId":"1d9892b7","targetId":"06e728ae","type":"AssignmentRelationship"},{"id":"523b49ca","sourceId":"1d9892b7","targetId":"3d789493","type":"AccessRelationship"},{"id":"9e5e2222","sourceId":"1d9892b7","targetId":"8eeae1e1","type":"AssignmentRelationship"},{"id":"643309ab","sourceId":"073dbd0e","targetId":"a6800795","type":"CompositionRelationship"},{"id":"c15a8c63","sourceId":"36629222","targetId":"3cf2409f","type":"CompositionRelationship"},{"id":"15db839c","sourceId":"1a80703a","targetId":"9138979b","type":"CompositionRelationship"},{"id":"069450e2","sourceId":"e1342f63","targetId":"a6800795","type":"FlowRelationship"},{"id":"c351d01d","sourceId":"efe8d146","targetId":"3cf2409f","type":"FlowRelationship"},{"id":"2cb8b9b6","sourceId":"47aa5229","targetId":"9138979b","type":"FlowRelationship"},{"id":"1217c879","sourceId":"e1342f63","targetId":"bf9be400","type":"AccessRelationship"},{"id":"8deb8cbe","sourceId":"efe8d146","targetId":"bf9be400","type":"AccessRelationship"},{"id":"5fd8ab19","sourceId":"47aa5229","targetId":"bf9be400","type":"AccessRelationship"},{"id":"c76b56b6","sourceId":"5c64df80","targetId":"bf9be400","type":"AccessRelationship"},{"id":"c9b13647","sourceId":"a6800795","targetId":"c139fa80","type":"AccessRelationship"},{"id":"649544e3","sourceId":"3cf2409f","targetId":"c139fa80","type":"AccessRelationship"},{"id":"24d9d956","sourceId":"1a80703a","targetId":"c139fa80","type":"AccessRelationship"},{"id":"b58d65c7","sourceId":"4fda0d83","targetId":"c139fa80","type":"AccessRelationship"},{"id":"03eb5d00","sourceId":"a88ff541","targetId":"c139fa80","type":"AccessRelationship"},{"id":"eaeeacff","sourceId":"adf97774","targetId":"394678fe","type":"FlowRelationship"},{"id":"f9745ea6","sourceId":"3c9f538e","targetId":"394678fe","type":"CompositionRelationship"},{"id":"7b452277","sourceId":"3c9f538e","targetId":"adf97774","type":"CompositionRelationship"},{"id":"daf2bd79","sourceId":"06e728ae","targetId":"adf97774","type":"ServingRelationship"},{"id":"858f2a0e","sourceId":"36629222","targetId":"394678fe","type":"ServingRelationship"},{"id":"bd2a0016","sourceId":"70f7bb3b","targetId":"b9fd7d5c","type":"AssociationRelationship"},{"id":"e5966eda","sourceId":"f9bd0f1a","targetId":"35a8f4bc","type":"AssociationRelationship"},{"id":"e4a664a5","sourceId":"3c9f538e","targetId":"565e2f14","type":"CompositionRelationship"},{"id":"3eb127b0","sourceId":"adf97774","targetId":"565e2f14","type":"FlowRelationship"},{"id":"a2a98636","sourceId":"565e2f14","targetId":"394678fe","type":"FlowRelationship"},{"id":"77bf621f","sourceId":"565e2f14","targetId":"bf9be400","type":"AccessRelationship"},{"id":"932bccc1","sourceId":"1a0d2623","targetId":"3694722f","type":"CompositionRelationship"},{"id":"30d80743","sourceId":"5c64df80","targetId":"3694722f","type":"FlowRelationship"},{"id":"21cc4db9","sourceId":"3feac482","targetId":"1a0d2623","type":"FlowRelationship"},{"id":"a80734cf","sourceId":"9c4fa095","targetId":"1a0d2623","type":"FlowRelationship"},{"id":"fa194862","sourceId":"1a0d2623","targetId":"3feac482","type":"ServingRelationship"},{"id":"111f2502","sourceId":"1a0d2623","targetId":"9c4fa095","type":"ServingRelationship"}],"views":[{"id":"70b574fd","name":"Row Data Gateway","viewpoint":""}]}