<?xml version="1.0" encoding="UTF-8"?>
<model xmlns="http://www.opengroup.org/xsd/archimate/3.0/" xmlns:xsi="http://www.w3.org/2001/XMLSchema-instance" xsi:schemaLocation="http://www.opengroup.org/xsd/archimate/3.0/ http://www.opengroup.org/xsd/archimate/3.1/archimate3_Diagram.xsd" identifier="bdc28fbc">
  <name xml:lang="en">1 ubiquitous language</name>
  <elements>
    <element identifier="id-7fe75443" xsi:type="BusinessObject">
      <name xml:lang="en">domain models</name>
    </element>
    <element identifier="ccfdbe8e" xsi:type="Representation">
      <name xml:lang="en">diagram</name>
    </element>
    <element identifier="id-402a2aac" xsi:type="Representation">
      <name xml:lang="en">Dictionary</name>
    </element>
    <element identifier="id-968fa584" xsi:type="Representation">
      <name xml:lang="en">UML diagramm</name>
    </element>
    <element identifier="id-879565e5" xsi:type="BusinessActor">
      <name xml:lang="en">Domain specialist</name>
    </element>
    <element identifier="id-7021aa79" xsi:type="BusinessActor">
      <name xml:lang="en">Program developer</name>
    </element>
    <element identifier="b31396c9" xsi:type="BusinessInteraction">
      <name xml:lang="en">To create a common language for interaction between programmers and specialists in the subject area</name>
    </element>
    <element identifier="cf9acdf1" xsi:type="BusinessCollaboration">
      <name xml:lang="en">Business Collaboration</name>
    </element>
    <element identifier="id-2de80534" xsi:type="BusinessObject">
      <name xml:lang="en">entities names</name>
    </element>
    <element identifier="fd0e4fa2" xsi:type="BusinessObject">
      <name xml:lang="en">operations names</name>
    </element>
    <element identifier="f5548fc6" xsi:type="BusinessObject">
      <name xml:lang="en">rules</name>
    </element>
    <element identifier="id-483b5aca" xsi:type="BusinessObject">
      <name xml:lang="en">DDD terms</name>
    </element>
    <element identifier="id-1901bc1c" xsi:type="BusinessObject">
      <name xml:lang="en">business patterns names</name>
    </element>
    <element identifier="id-329cffb8" xsi:type="Representation">
      <name xml:lang="en">Representation</name>
    </element>
    <element identifier="id-704a5b7a" xsi:type="BusinessObject">
      <name xml:lang="en">names of bounded contexts</name>
    </element>
    <element identifier="id-383d1bab" xsi:type="BusinessObject">
      <name xml:lang="en">entity 2</name>
    </element>
    <element identifier="id-8c66934d" xsi:type="BusinessObject">
      <name xml:lang="en">entity 1</name>
    </element>
    <element identifier="id-62dfec70" xsi:type="BusinessObject">
      <name xml:lang="en">entity 3</name>
    </element>
    <element identifier="id-8ec19a70" xsi:type="BusinessObject">
      <name xml:lang="en">entity 4</name>
    </element>
    <element identifier="id-5055779b" xsi:type="Requirement">
      <name xml:lang="en">Unambiguous interpretation of concepts and terms</name>
    </element>
    <element identifier="dd6c2a25" xsi:type="Requirement">
      <name xml:lang="en">The concepts should not contradict each other</name>
    </element>
    <element identifier="id-4e9dd03b" xsi:type="Requirement">
      <name xml:lang="en">Terms cover all the phenomena of the domain associated with the program being implemented</name>
    </element>
    <element identifier="id-4a1138e1" xsi:type="Outcome">
      <name xml:lang="en">A shared language removes the need to translate from business speak into technical language and vice versa.  Without a shared language, you cannot create a shared model.</name>
    </element>
    <element identifier="f461e93a" xsi:type="Grouping">
      <name xml:lang="en">ubiquitous language</name>
    </element>
    <element identifier="id-73a1f396" xsi:type="Grouping">
      <name xml:lang="en">Language of technical specialists</name>
    </element>
    <element identifier="id-675f32c7" xsi:type="Grouping">
      <name xml:lang="en">Language of specialists in the subject area</name>
    </element>
    <element identifier="id-2251aca1" xsi:type="Grouping">
      <name xml:lang="en">model 1</name>
    </element>
    <element identifier="id-539fe0d1" xsi:type="Grouping">
      <name xml:lang="en">aggregate 2</name>
    </element>
    <element identifier="feda2a85" xsi:type="Grouping">
      <name xml:lang="en">aggregate 1</name>
    </element>
    <element identifier="id-223ca0c4" xsi:type="Grouping">
      <name xml:lang="en">aggregate 3</name>
    </element>
    <element identifier="e811a5a1" xsi:type="Grouping">
      <name xml:lang="en">service 1</name>
    </element>
  </elements>
  <relationships>
    <relationship identifier="id-17876c9e" source="ccfdbe8e" target="id-7fe75443" xsi:type="Realization" />
    <relationship identifier="id-1021e67b" source="id-402a2aac" target="id-7fe75443" xsi:type="Realization">
      <name xml:lang="en">The model should be the basis for the language</name>
    </relationship>
    <relationship identifier="id-76518add" source="id-968fa584" target="ccfdbe8e" xsi:type="Specialization" />
    <relationship identifier="abb7cde6" source="cf9acdf1" target="id-879565e5" xsi:type="Aggregation" />
    <relationship identifier="id-0b09012d" source="cf9acdf1" target="id-7021aa79" xsi:type="Aggregation" />
    <relationship identifier="id-15d35c7a" source="cf9acdf1" target="b31396c9" xsi:type="Assignment" />
    <relationship identifier="id-3933572a" source="b31396c9" target="f461e93a" xsi:type="Assignment" />
    <relationship identifier="ea8f0347" source="f461e93a" target="ccfdbe8e" xsi:type="Composition" />
    <relationship identifier="id-831cccaa" source="f461e93a" target="id-968fa584" xsi:type="Composition" />
    <relationship identifier="id-5a98404b" source="f461e93a" target="id-402a2aac" xsi:type="Composition" />
    <relationship identifier="f1a4ffe3" source="f461e93a" target="id-2de80534" xsi:type="Composition" />
    <relationship identifier="d698e6b8" source="f461e93a" target="fd0e4fa2" xsi:type="Composition" />
    <relationship identifier="id-42c88d37" source="f461e93a" target="f5548fc6" xsi:type="Composition" />
    <relationship identifier="c0d88106" source="f461e93a" target="id-483b5aca" xsi:type="Composition" />
    <relationship identifier="ef41f2e7" source="f461e93a" target="id-1901bc1c" xsi:type="Composition" />
    <relationship identifier="id-3ddd0f89" source="id-402a2aac" target="id-2de80534" xsi:type="Realization" />
    <relationship identifier="c303a8e9" source="id-402a2aac" target="fd0e4fa2" xsi:type="Realization" />
    <relationship identifier="d7795b71" source="id-402a2aac" target="f5548fc6" xsi:type="Realization" />
    <relationship identifier="c8cbb195" source="id-402a2aac" target="id-483b5aca" xsi:type="Realization" />
    <relationship identifier="id-60e306fc" source="id-402a2aac" target="id-1901bc1c" xsi:type="Realization" />
    <relationship identifier="e73be9b6" source="f461e93a" target="id-5055779b" xsi:type="Association" />
    <relationship identifier="id-78ac350f" source="dd6c2a25" target="f461e93a" xsi:type="Association" />
    <relationship identifier="f2d20183" source="f461e93a" target="id-4e9dd03b" xsi:type="Association" />
    <relationship identifier="id-990c5235" source="f461e93a" target="id-73a1f396" xsi:type="Specialization" />
    <relationship identifier="e8387827" source="f461e93a" target="id-675f32c7" xsi:type="Specialization" />
    <relationship identifier="id-1b5fe184" source="id-402a2aac" target="id-704a5b7a" xsi:type="Realization" />
    <relationship identifier="id-040febb9" source="id-383d1bab" target="id-539fe0d1" xsi:type="Association" />
    <relationship identifier="id-8f80b387" source="id-383d1bab" target="id-8c66934d" xsi:type="Association" />
    <relationship identifier="id-0a46bab9" source="id-8ec19a70" target="id-223ca0c4" xsi:type="Association" />
    <relationship identifier="id-227ca927" source="id-62dfec70" target="id-8ec19a70" xsi:type="Association" />
    <relationship identifier="ac9a37b8" source="id-8c66934d" target="feda2a85" xsi:type="Association" />
    <relationship identifier="id-9d1da9eb" source="id-2251aca1" target="id-62dfec70" xsi:type="Composition" />
    <relationship identifier="id-3c069043" source="id-2251aca1" target="id-8ec19a70" xsi:type="Composition" />
    <relationship identifier="id-84891797" source="id-2251aca1" target="id-539fe0d1" xsi:type="Composition" />
    <relationship identifier="id-949dc019" source="id-539fe0d1" target="feda2a85" xsi:type="Association" />
    <relationship identifier="f6b76a83" source="id-223ca0c4" target="e811a5a1" xsi:type="Association" />
    <relationship identifier="a7550e2a" source="id-2251aca1" target="id-223ca0c4" xsi:type="Composition" />
    <relationship identifier="fed79884" source="id-2251aca1" target="id-8c66934d" xsi:type="Composition" />
    <relationship identifier="f56154ff" source="id-8c66934d" target="id-62dfec70" xsi:type="Association" />
    <relationship identifier="b0c7bfa9" source="id-62dfec70" target="id-223ca0c4" xsi:type="Association" />
    <relationship identifier="id-360a07e3" source="feda2a85" target="e811a5a1" xsi:type="Association" />
    <relationship identifier="c2e875f6" source="id-62dfec70" target="id-383d1bab" xsi:type="Association" />
    <relationship identifier="id-692052ae" source="id-2251aca1" target="id-383d1bab" xsi:type="Composition" />
    <relationship identifier="id-6c68d2a1" source="id-2251aca1" target="feda2a85" xsi:type="Composition" />
    <relationship identifier="bc451e41" source="id-223ca0c4" target="id-539fe0d1" xsi:type="Association" />
    <relationship identifier="id-0f5b21d9" source="id-2251aca1" target="e811a5a1" xsi:type="Composition" />
    <relationship identifier="aab51810" source="feda2a85" target="id-223ca0c4" xsi:type="Association" />
    <relationship identifier="dca6a8d3" source="b31396c9" target="id-4a1138e1" xsi:type="Realization" />
  </relationships>
  <organizations>
    <item>
      <label xml:lang="en">Business</label>
      <item identifierRef="id-7fe75443" />
      <item identifierRef="ccfdbe8e" />
      <item identifierRef="id-402a2aac" />
      <item identifierRef="id-968fa584" />
      <item identifierRef="id-879565e5" />
      <item identifierRef="id-7021aa79" />
      <item identifierRef="b31396c9" />
      <item identifierRef="cf9acdf1" />
      <item identifierRef="id-2de80534" />
      <item identifierRef="fd0e4fa2" />
      <item identifierRef="f5548fc6" />
      <item identifierRef="id-483b5aca" />
      <item identifierRef="id-1901bc1c" />
      <item identifierRef="id-329cffb8" />
      <item identifierRef="id-704a5b7a" />
      <item identifierRef="id-383d1bab" />
      <item identifierRef="id-8c66934d" />
      <item identifierRef="id-62dfec70" />
      <item identifierRef="id-8ec19a70" />
    </item>
    <item>
      <label xml:lang="en">Motivation</label>
      <item identifierRef="id-5055779b" />
      <item identifierRef="dd6c2a25" />
      <item identifierRef="id-4e9dd03b" />
      <item identifierRef="id-4a1138e1" />
    </item>
    <item>
      <label xml:lang="en">Other</label>
      <item identifierRef="f461e93a" />
      <item identifierRef="id-73a1f396" />
      <item identifierRef="id-675f32c7" />
      <item identifierRef="id-2251aca1" />
      <item identifierRef="id-539fe0d1" />
      <item identifierRef="feda2a85" />
      <item identifierRef="id-223ca0c4" />
      <item identifierRef="e811a5a1" />
    </item>
    <item>
      <label xml:lang="en">Relations</label>
      <item identifierRef="id-17876c9e" />
      <item identifierRef="id-1021e67b" />
      <item identifierRef="id-76518add" />
      <item identifierRef="abb7cde6" />
      <item identifierRef="id-0b09012d" />
      <item identifierRef="id-15d35c7a" />
      <item identifierRef="id-3933572a" />
      <item identifierRef="ea8f0347" />
      <item identifierRef="id-831cccaa" />
      <item identifierRef="id-5a98404b" />
      <item identifierRef="f1a4ffe3" />
      <item identifierRef="d698e6b8" />
      <item identifierRef="id-42c88d37" />
      <item identifierRef="c0d88106" />
      <item identifierRef="ef41f2e7" />
      <item identifierRef="id-3ddd0f89" />
      <item identifierRef="c303a8e9" />
      <item identifierRef="d7795b71" />
      <item identifierRef="c8cbb195" />
      <item identifierRef="id-60e306fc" />
      <item identifierRef="e73be9b6" />
      <item identifierRef="id-78ac350f" />
      <item identifierRef="f2d20183" />
      <item identifierRef="id-990c5235" />
      <item identifierRef="e8387827" />
      <item identifierRef="id-1b5fe184" />
      <item identifierRef="id-040febb9" />
      <item identifierRef="id-8f80b387" />
      <item identifierRef="id-0a46bab9" />
      <item identifierRef="id-227ca927" />
      <item identifierRef="ac9a37b8" />
      <item identifierRef="id-9d1da9eb" />
      <item identifierRef="id-3c069043" />
      <item identifierRef="id-84891797" />
      <item identifierRef="id-949dc019" />
      <item identifierRef="f6b76a83" />
      <item identifierRef="a7550e2a" />
      <item identifierRef="fed79884" />
      <item identifierRef="f56154ff" />
      <item identifierRef="b0c7bfa9" />
      <item identifierRef="id-360a07e3" />
      <item identifierRef="c2e875f6" />
      <item identifierRef="id-692052ae" />
      <item identifierRef="id-6c68d2a1" />
      <item identifierRef="bc451e41" />
      <item identifierRef="id-0f5b21d9" />
      <item identifierRef="aab51810" />
      <item identifierRef="dca6a8d3" />
    </item>
    <item>
      <label xml:lang="en">Views</label>
      <item identifierRef="b8ca96b5" />
    </item>
  </organizations>
  <views>
    <diagrams>
      <view identifier="b8ca96b5" xsi:type="Diagram">
        <name xml:lang="en">ubiquitous language</name>
        <node identifier="id-32cbf290" elementRef="id-7fe75443" xsi:type="Element" x="770" y="0" w="406" h="461">
          <style>
            <fillColor r="255" g="255" b="181" a="100" />
            <lineColor r="92" g="92" b="92" a="100" />
            <font name="Segoe UI" size="9">
              <color r="0" g="0" b="0" />
            </font>
          </style>
        </node>
        <node identifier="id-4740ada8" elementRef="b31396c9" xsi:type="Element" x="305" y="770" w="171" h="191">
          <style>
            <fillColor r="255" g="255" b="181" a="100" />
            <lineColor r="92" g="92" b="92" a="100" />
            <font name="Segoe UI" size="9">
              <color r="0" g="0" b="0" />
            </font>
          </style>
        </node>
        <node identifier="d85a7317" elementRef="cf9acdf1" xsi:type="Element" x="65" y="770" w="171" h="191">
          <style>
            <fillColor r="255" g="255" b="181" a="100" />
            <lineColor r="92" g="92" b="92" a="100" />
            <font name="Segoe UI" size="9">
              <color r="0" g="0" b="0" />
            </font>
          </style>
          <node identifier="e5c8f6e7" elementRef="id-879565e5" xsi:type="Element" x="90" y="815" w="120" h="55">
            <style>
              <fillColor r="255" g="255" b="181" a="100" />
              <lineColor r="92" g="92" b="92" a="100" />
              <font name="Segoe UI" size="9">
                <color r="0" g="0" b="0" />
              </font>
            </style>
          </node>
          <node identifier="id-94545887" elementRef="id-7021aa79" xsi:type="Element" x="90" y="885" w="120" h="55">
            <style>
              <fillColor r="255" g="255" b="181" a="100" />
              <lineColor r="92" g="92" b="92" a="100" />
              <font name="Segoe UI" size="9">
                <color r="0" g="0" b="0" />
              </font>
            </style>
          </node>
        </node>
        <node identifier="a735083c" elementRef="f461e93a" xsi:type="Element" x="550" y="544" w="726" h="613">
          <style>
            <fillColor r="255" g="255" b="255" a="100" />
            <lineColor r="92" g="92" b="92" a="100" />
            <font name="Segoe UI" size="9">
              <color r="255" g="0" b="0" />
            </font>
          </style>
          <node identifier="id-1c9049de" elementRef="ccfdbe8e" xsi:type="Element" x="820" y="609" w="120" h="55">
            <style>
              <fillColor r="255" g="255" b="181" a="100" />
              <lineColor r="92" g="92" b="92" a="100" />
              <font name="Segoe UI" size="9">
                <color r="0" g="0" b="0" />
              </font>
            </style>
          </node>
          <node identifier="id-2fdfbf01" elementRef="id-402a2aac" xsi:type="Element" x="965" y="609" w="170" h="480">
            <style>
              <fillColor r="255" g="255" b="181" a="100" />
              <lineColor r="92" g="92" b="92" a="100" />
              <font name="Segoe UI" size="9">
                <color r="0" g="0" b="0" />
              </font>
            </style>
            <node identifier="id-8061c3cf" elementRef="id-2de80534" xsi:type="Element" x="990" y="649" w="120" h="55">
              <style>
                <fillColor r="255" g="255" b="181" a="100" />
                <lineColor r="92" g="92" b="92" a="100" />
                <font name="Segoe UI" size="9">
                  <color r="0" g="0" b="0" />
                </font>
              </style>
            </node>
            <node identifier="id-438c36c1" elementRef="fd0e4fa2" xsi:type="Element" x="990" y="717" w="120" h="55">
              <style>
                <fillColor r="255" g="255" b="181" a="100" />
                <lineColor r="92" g="92" b="92" a="100" />
                <font name="Segoe UI" size="9">
                  <color r="0" g="0" b="0" />
                </font>
              </style>
            </node>
            <node identifier="id-94da117b" elementRef="f5548fc6" xsi:type="Element" x="990" y="784" w="120" h="55">
              <style>
                <fillColor r="255" g="255" b="181" a="100" />
                <lineColor r="92" g="92" b="92" a="100" />
                <font name="Segoe UI" size="9">
                  <color r="0" g="0" b="0" />
                </font>
              </style>
            </node>
            <node identifier="id-574085b2" elementRef="id-483b5aca" xsi:type="Element" x="990" y="859" w="120" h="55">
              <style>
                <fillColor r="255" g="255" b="181" a="100" />
                <lineColor r="92" g="92" b="92" a="100" />
                <font name="Segoe UI" size="9">
                  <color r="0" g="0" b="0" />
                </font>
              </style>
            </node>
            <node identifier="id-03137bfc" elementRef="id-1901bc1c" xsi:type="Element" x="990" y="929" w="120" h="55">
              <style>
                <fillColor r="255" g="255" b="181" a="100" />
                <lineColor r="92" g="92" b="92" a="100" />
                <font name="Segoe UI" size="9">
                  <color r="0" g="0" b="0" />
                </font>
              </style>
            </node>
            <node identifier="d1d0dcd7" elementRef="id-704a5b7a" xsi:type="Element" x="990" y="1004" w="120" h="55">
              <style>
                <fillColor r="255" g="255" b="181" a="100" />
                <lineColor r="92" g="92" b="92" a="100" />
                <font name="Segoe UI" size="9">
                  <color r="0" g="0" b="0" />
                </font>
              </style>
            </node>
          </node>
          <node identifier="id-943f418b" xsi:type="Label" x="665" y="754" w="234" h="91">
            <label xml:lang="en">In conversation, documents, code, everyone should use a single terminology of the ubiquitous language</label>
            <style>
              <fillColor r="255" g="255" b="255" a="100" />
              <lineColor r="92" g="92" b="92" a="100" />
              <font name="Segoe UI" size="9">
                <color r="255" g="0" b="0" />
              </font>
            </style>
          </node>
        </node>
        <node identifier="id-6204e87d" elementRef="id-5055779b" xsi:type="Element" x="1375" y="604" w="211" h="76">
          <style>
            <fillColor r="204" g="204" b="255" a="100" />
            <lineColor r="92" g="92" b="92" a="100" />
            <font name="Segoe UI" size="9">
              <color r="0" g="0" b="0" />
            </font>
          </style>
        </node>
        <node identifier="b17c314b" elementRef="dd6c2a25" xsi:type="Element" x="1375" y="723" w="211" h="76">
          <style>
            <fillColor r="204" g="204" b="255" a="100" />
            <lineColor r="92" g="92" b="92" a="100" />
            <font name="Segoe UI" size="9">
              <color r="0" g="0" b="0" />
            </font>
          </style>
        </node>
        <node identifier="id-87be70c7" elementRef="id-4e9dd03b" xsi:type="Element" x="1375" y="845" w="211" h="76">
          <style>
            <fillColor r="204" g="204" b="255" a="100" />
            <lineColor r="92" g="92" b="92" a="100" />
            <font name="Segoe UI" size="9">
              <color r="0" g="0" b="0" />
            </font>
          </style>
        </node>
        <node identifier="a2175642" elementRef="id-73a1f396" xsi:type="Element" x="495" y="406" w="229" h="55">
          <style>
            <fillColor r="255" g="255" b="255" a="100" />
            <lineColor r="92" g="92" b="92" a="100" />
            <font name="Segoe UI" size="9">
              <color r="0" g="0" b="0" />
            </font>
          </style>
        </node>
        <node identifier="id-2e0dca59" elementRef="id-675f32c7" xsi:type="Element" x="200" y="406" w="229" h="55">
          <style>
            <fillColor r="255" g="255" b="255" a="100" />
            <lineColor r="92" g="92" b="92" a="100" />
            <font name="Segoe UI" size="9">
              <color r="0" g="0" b="0" />
            </font>
          </style>
        </node>
        <node identifier="e83606ac" elementRef="id-4a1138e1" xsi:type="Element" x="65" y="604" w="411" h="106">
          <style>
            <fillColor r="204" g="204" b="255" a="100" />
            <lineColor r="92" g="92" b="92" a="100" />
            <font name="Segoe UI" size="9">
              <color r="0" g="0" b="0" />
            </font>
          </style>
        </node>
        <connection identifier="id-13cffc69" relationshipRef="id-3933572a" xsi:type="Relationship" source="id-4740ada8" target="a735083c">
          <style>
            <lineColor r="0" g="0" b="0" />
            <font name="Segoe UI" size="9">
              <color r="0" g="0" b="0" />
            </font>
          </style>
        </connection>
        <connection identifier="id-23c9d7d9" relationshipRef="dca6a8d3" xsi:type="Relationship" source="id-4740ada8" target="e83606ac">
          <style>
            <lineColor r="0" g="0" b="0" />
            <font name="Segoe UI" size="9">
              <color r="0" g="0" b="0" />
            </font>
          </style>
        </connection>
        <connection identifier="id-5cb5a31a" relationshipRef="id-15d35c7a" xsi:type="Relationship" source="d85a7317" target="id-4740ada8">
          <style>
            <lineColor r="0" g="0" b="0" />
            <font name="Segoe UI" size="9">
              <color r="0" g="0" b="0" />
            </font>
          </style>
        </connection>
        <connection identifier="id-42508f04" relationshipRef="e73be9b6" xsi:type="Relationship" source="a735083c" target="id-6204e87d">
          <style>
            <lineColor r="0" g="0" b="0" />
            <font name="Segoe UI" size="9">
              <color r="0" g="0" b="0" />
            </font>
          </style>
        </connection>
        <connection identifier="id-2fd98319" relationshipRef="f2d20183" xsi:type="Relationship" source="a735083c" target="id-87be70c7">
          <style>
            <lineColor r="0" g="0" b="0" />
            <font name="Segoe UI" size="9">
              <color r="0" g="0" b="0" />
            </font>
          </style>
        </connection>
        <connection identifier="id-38943ebc" relationshipRef="id-990c5235" xsi:type="Relationship" source="a735083c" target="a2175642">
          <style>
            <lineColor r="0" g="0" b="0" />
            <font name="Segoe UI" size="9">
              <color r="0" g="0" b="0" />
            </font>
          </style>
        </connection>
        <connection identifier="bc9d1826" relationshipRef="e8387827" xsi:type="Relationship" source="a735083c" target="id-2e0dca59">
          <style>
            <lineColor r="0" g="0" b="0" />
            <font name="Segoe UI" size="9">
              <color r="0" g="0" b="0" />
            </font>
          </style>
        </connection>
        <connection identifier="id-7e3c9c11" relationshipRef="id-17876c9e" xsi:type="Relationship" source="id-1c9049de" target="id-32cbf290">
          <style>
            <lineColor r="0" g="0" b="0" />
            <font name="Segoe UI" size="9">
              <color r="0" g="0" b="0" />
            </font>
          </style>
        </connection>
        <connection identifier="id-6310b9d4" relationshipRef="id-1021e67b" xsi:type="Relationship" source="id-2fdfbf01" target="id-32cbf290">
          <style>
            <lineColor r="0" g="0" b="0" />
            <font name="Segoe UI" size="9">
              <color r="0" g="0" b="0" />
            </font>
          </style>
        </connection>
        <connection identifier="cdd6face" relationshipRef="id-78ac350f" xsi:type="Relationship" source="b17c314b" target="a735083c">
          <style>
            <lineColor r="0" g="0" b="0" />
            <font name="Segoe UI" size="9">
              <color r="0" g="0" b="0" />
            </font>
          </style>
        </connection>
      </view>
    </diagrams>
  </views>
</model>
