{"identifier":"https://me.big.tuwien.ac.at/EAModelSet/bdc28fbc","archimateId":"bdc28fbc","name":"1 ubiquitous language","description":"","formats":["XML","CSV","JSON","ARCHIMATE"],"source":"GitHub","repository":"Ayad-Mihidabi-Khan-Jitu/Workspace-Learning","license":"MIT License","sourceFile":"raw-data/github/xml/1_ubiquitous_language.xml","sourceFormat":"XML","timestamp":"2023-07-06T09:29:17","tags":["DUPLICATE"],"duplicates":["raw-data/github/archimate/1_ubiquitous_language.archimate"],"language":"en","elements":[{"id":"id-7fe75443","name":"domain models","type":"BusinessObject","layer":"business"},{"id":"ccfdbe8e","name":"diagram","type":"Representation","layer":"business"},{"id":"id-402a2aac","name":"Dictionary","type":"Representation","layer":"business"},{"id":"id-968fa584","name":"UML diagramm","type":"Representation","layer":"business"},{"id":"id-879565e5","name":"Domain specialist","type":"BusinessActor","layer":"business"},{"id":"id-7021aa79","name":"Program developer","type":"BusinessActor","layer":"business"},{"id":"b31396c9","name":"To create a common language for interaction between programmers and specialists in the subject area","type":"BusinessInteraction","layer":"business"},{"id":"cf9acdf1","name":"Business Collaboration","type":"BusinessCollaboration","layer":"business"},{"id":"id-2de80534","name":"entities names","type":"BusinessObject","layer":"business"},{"id":"fd0e4fa2","name":"operations names","type":"BusinessObject","layer":"business"},{"id":"f5548fc6","name":"rules","type":"BusinessObject","layer":"business"},{"id":"id-483b5aca","name":"DDD terms","type":"BusinessObject","layer":"business"},{"id":"id-1901bc1c","name":"business patterns names","type":"BusinessObject","layer":"business"},{"id":"id-329cffb8","name":"Representation","type":"Representation","layer":"business"},{"id":"id-704a5b7a","name":"names of bounded contexts","type":"BusinessObject","layer":"business"},{"id":"id-383d1bab","name":"entity 2","type":"BusinessObject","layer":"business"},{"id":"id-8c66934d","name":"entity 1","type":"BusinessObject","layer":"business"},{"id":"id-62dfec70","name":"entity 3","type":"BusinessObject","layer":"business"},{"id":"id-8ec19a70","name":"entity 4","type":"BusinessObject","layer":"business"},{"id":"id-5055779b","name":"Unambiguous interpretation of concepts and terms","type":"Requirement","layer":"motivation"},{"id":"dd6c2a25","name":"The concepts should not contradict each other","type":"Requirement","layer":"motivation"},{"id":"id-4e9dd03b","name":"Terms cover all the phenomena of the domain associated with the program being implemented","type":"Requirement","layer":"motivation"},{"id":"id-4a1138e1","name":"A shared language removes the need to translate from business speak into technical language and vice versa.  Without a shared language, you cannot create a shared model.","type":"Outcome","layer":"motivation"},{"id":"f461e93a","name":"ubiquitous language","type":"Grouping","layer":"other"},{"id":"id-73a1f396","name":"Language of technical specialists","type":"Grouping","layer":"other"},{"id":"id-675f32c7","name":"Language of specialists in the subject area","type":"Grouping","layer":"other"},{"id":"id-2251aca1","name":"model 1","type":"Grouping","layer":"other"},{"id":"id-539fe0d1","name":"aggregate 2","type":"Grouping","layer":"other"},{"id":"feda2a85","name":"aggregate 1","type":"Grouping","layer":"other"},{"id":"id-223ca0c4","name":"aggregate 3","type":"Grouping","layer":"other"},{"id":"e811a5a1","name":"service 1","type":"Grouping","layer":"other"}],"relationships":[{"id":"id-17876c9e","sourceId":"ccfdbe8e","targetId":"id-7fe75443","type":"Realization"},{"id":"id-1021e67b","sourceId":"id-402a2aac","targetId":"id-7fe75443","type":"Realization"},{"id":"id-76518add","sourceId":"id-968fa584","targetId":"ccfdbe8e","type":"Specialization"},{"id":"abb7cde6","sourceId":"cf9acdf1","targetId":"id-879565e5","type":"Aggregation"},{"id":"id-0b09012d","sourceId":"cf9acdf1","targetId":"id-7021aa79","type":"Aggregation"},{"id":"id-15d35c7a","sourceId":"cf9acdf1","targetId":"b31396c9","type":"Assignment"},{"id":"id-3933572a","sourceId":"b31396c9","targetId":"f461e93a","type":"Assignment"},{"id":"ea8f0347","sourceId":"f461e93a","targetId":"ccfdbe8e","type":"Composition"},{"id":"id-831cccaa","sourceId":"f461e93a","targetId":"id-968fa584","type":"Composition"},{"id":"id-5a98404b","sourceId":"f461e93a","targetId":"id-402a2aac","type":"Composition"},{"id":"f1a4ffe3","sourceId":"f461e93a","targetId":"id-2de80534","type":"Composition"},{"id":"d698e6b8","sourceId":"f461e93a","targetId":"fd0e4fa2","type":"Composition"},{"id":"id-42c88d37","sourceId":"f461e93a","targetId":"f5548fc6","type":"Composition"},{"id":"c0d88106","sourceId":"f461e93a","targetId":"id-483b5aca","type":"Composition"},{"id":"ef41f2e7","sourceId":"f461e93a","targetId":"id-1901bc1c","type":"Composition"},{"id":"id-3ddd0f89","sourceId":"id-402a2aac","targetId":"id-2de80534","type":"Realization"},{"id":"c303a8e9","sourceId":"id-402a2aac","targetId":"fd0e4fa2","type":"Realization"},{"id":"d7795b71","sourceId":"id-402a2aac","targetId":"f5548fc6","type":"Realization"},{"id":"c8cbb195","sourceId":"id-402a2aac","targetId":"id-483b5aca","type":"Realization"},{"id":"id-60e306fc","sourceId":"id-402a2aac","targetId":"id-1901bc1c","type":"Realization"},{"id":"e73be9b6","sourceId":"f461e93a","targetId":"id-5055779b","type":"Association"},{"id":"id-78ac350f","sourceId":"dd6c2a25","targetId":"f461e93a","type":"Association"},{"id":"f2d20183","sourceId":"f461e93a","targetId":"id-4e9dd03b","type":"Association"},{"id":"id-990c5235","sourceId":"f461e93a","targetId":"id-73a1f396","type":"Specialization"},{"id":"e8387827","sourceId":"f461e93a","targetId":"id-675f32c7","type":"Specialization"},{"id":"id-1b5fe184","sourceId":"id-402a2aac","targetId":"id-704a5b7a","type":"Realization"},{"id":"id-040febb9","sourceId":"id-383d1bab","targetId":"id-539fe0d1","type":"Association"},{"id":"id-8f80b387","sourceId":"id-383d1bab","targetId":"id-8c66934d","type":"Association"},{"id":"id-0a46bab9","sourceId":"id-8ec19a70","targetId":"id-223ca0c4","type":"Association"},{"id":"id-227ca927","sourceId":"id-62dfec70","targetId":"id-8ec19a70","type":"Association"},{"id":"ac9a37b8","sourceId":"id-8c66934d","targetId":"feda2a85","type":"Association"},{"id":"id-9d1da9eb","sourceId":"id-2251aca1","targetId":"id-62dfec70","type":"Composition"},{"id":"id-3c069043","sourceId":"id-2251aca1","targetId":"id-8ec19a70","type":"Composition"},{"id":"id-84891797","sourceId":"id-2251aca1","targetId":"id-539fe0d1","type":"Composition"},{"id":"id-949dc019","sourceId":"id-539fe0d1","targetId":"feda2a85","type":"Association"},{"id":"f6b76a83","sourceId":"id-223ca0c4","targetId":"e811a5a1","type":"Association"},{"id":"a7550e2a","sourceId":"id-2251aca1","targetId":"id-223ca0c4","type":"Composition"},{"id":"fed79884","sourceId":"id-2251aca1","targetId":"id-8c66934d","type":"Composition"},{"id":"f56154ff","sourceId":"id-8c66934d","targetId":"id-62dfec70","type":"Association"},{"id":"b0c7bfa9","sourceId":"id-62dfec70","targetId":"id-223ca0c4","type":"Association"},{"id":"id-360a07e3","sourceId":"feda2a85","targetId":"e811a5a1","type":"Association"},{"id":"c2e875f6","sourceId":"id-62dfec70","targetId":"id-383d1bab","type":"Association"},{"id":"id-692052ae","sourceId":"id-2251aca1","targetId":"id-383d1bab","type":"Composition"},{"id":"id-6c68d2a1","sourceId":"id-2251aca1","targetId":"feda2a85","type":"Composition"},{"id":"bc451e41","sourceId":"id-223ca0c4","targetId":"id-539fe0d1","type":"Association"},{"id":"id-0f5b21d9","sourceId":"id-2251aca1","targetId":"e811a5a1","type":"Composition"},{"id":"aab51810","sourceId":"feda2a85","targetId":"id-223ca0c4","type":"Association"},{"id":"dca6a8d3","sourceId":"b31396c9","targetId":"id-4a1138e1","type":"Realization"}],"views":[{"id":"b8ca96b5","name":"ubiquitous language","viewpoint":""}]}