"ID","Key","Value"
"_oOLS07bvEeqEM7mFKilpXw","Directed","false"
"_oOLS1bbvEeqEM7mFKilpXw","Directed","false"
"_oOLS17bvEeqEM7mFKilpXw","Directed","false"
"_oOLS2bbvEeqEM7mFKilpXw","Directed","false"
"_oOLS3bbvEeqEM7mFKilpXw","Directed","false"
"_oOLS77bvEeqEM7mFKilpXw","Directed","false"
"_oOLS8bbvEeqEM7mFKilpXw","Directed","false"
"_oOLS9bbvEeqEM7mFKilpXw","Directed","false"
"_oOLS_bbvEeqEM7mFKilpXw","Directed","false"
"_oOLTAbbvEeqEM7mFKilpXw","Directed","false"
"_oOLTDbbvEeqEM7mFKilpXw","Directed","false"
"_oOLTD7bvEeqEM7mFKilpXw","Directed","false"
"_oOLTEbbvEeqEM7mFKilpXw","Directed","false"
"_oOLTE7bvEeqEM7mFKilpXw","Directed","false"
"_oOLTFbbvEeqEM7mFKilpXw","Directed","false"
"_oOLTF7bvEeqEM7mFKilpXw","Directed","false"
"_oOLTGbbvEeqEM7mFKilpXw","Directed","false"
"_oOLTG7bvEeqEM7mFKilpXw","Directed","false"
"_oOLTHbbvEeqEM7mFKilpXw","Directed","false"
"_oOLTH7bvEeqEM7mFKilpXw","Directed","false"
"_oOLTI7bvEeqEM7mFKilpXw","Directed","false"
"_oOLTJ7bvEeqEM7mFKilpXw","Directed","false"
"_oOLTK7bvEeqEM7mFKilpXw","Directed","false"
"_oOLTLbbvEeqEM7mFKilpXw","Directed","false"
"_oOLTL7bvEeqEM7mFKilpXw","Directed","false"
"_oOLTMbbvEeqEM7mFKilpXw","Directed","false"
"_oOLTPbbvEeqEM7mFKilpXw","Directed","false"
"_oOLTQbbvEeqEM7mFKilpXw","Directed","false"
"_oOLTQ7bvEeqEM7mFKilpXw","Directed","false"
"_oOLTR7bvEeqEM7mFKilpXw","Directed","false"
"_oOLTSbbvEeqEM7mFKilpXw","Directed","false"