{"identifier":"https://me.big.tuwien.ac.at/EAModelSet/id-4895e6f2-67db-4bc3-914f-1fae17d11ef5","archimateId":"id-4895e6f2-67db-4bc3-914f-1fae17d11ef5","name":"5 Inventory and Accounting","description":"","formats":["XML","CSV","JSON","ARCHIMATE"],"source":"GitHub","sourceFile":"raw-data/github/xml/5_inventory_and_accounting.xml","sourceFormat":"XML","timestamp":"29-06-2023 09:26:54","tags":[],"duplicates":[],"language":"en","elements":[{"id":"cf6b5dbb","name":"superinterface 2","type":"BusinessObject","layer":"business"},{"id":"aef8aa83","name":"supeinterface 1","type":"BusinessObject","layer":"business"},{"id":"id-79a4b2fe","name":"superclass","type":"BusinessObject","layer":"business"},{"id":"id-8a35ab08","name":"subclass 1","type":"BusinessObject","layer":"business"},{"id":"c6e581a8","name":"subclass 2","type":"BusinessObject","layer":"business"},{"id":"id-3affe047","name":"no interface","type":"BusinessObject","layer":"business"},{"id":"dad8b791","name":"class","type":"BusinessObject","layer":"business"},{"id":"id-2b0828b4","name":"class","type":"BusinessObject","layer":"business"},{"id":"e17fce08","name":"var1","type":"BusinessObject","layer":"business"},{"id":"id-67d661c5","name":"var2","type":"BusinessObject","layer":"business"},{"id":"b63e79be","name":"var3","type":"BusinessObject","layer":"business"},{"id":"id-9115d0b5","name":"class A","type":"BusinessObject","layer":"business"},{"id":"id-9ddd1f3e","name":"class B","type":"BusinessObject","layer":"business"},{"id":"c7401f91","name":"class A","type":"BusinessObject","layer":"business"},{"id":"id-4c33c1c8","name":"class B","type":"BusinessObject","layer":"business"},{"id":"id-4abe35d8","name":"account","type":"BusinessObject","layer":"business"},{"id":"id-41cb1d6f","name":"entry","type":"BusinessObject","layer":"business"},{"id":"id-2ebea742","name":"balance","type":"BusinessObject","layer":"business"},{"id":"d35f90fe","name":"amount","type":"BusinessObject","layer":"business"},{"id":"id-6dc08154","name":"when charged","type":"BusinessObject","layer":"business"},{"id":"id-62fab540","name":"when booked","type":"BusinessObject","layer":"business"},{"id":"id-4523f300","name":"quantity","type":"BusinessObject","layer":"business"},{"id":"c1e831ca","name":"transaction","type":"BusinessObject","layer":"business"},{"id":"id-1f134be4","name":"summary account","type":"BusinessObject","layer":"business"},{"id":"id-961a2aaf","name":"memo account","type":"BusinessObject","layer":"business"},{"id":"id-38d58b23","name":"posting rule","type":"BusinessObject","layer":"business"},{"id":"id-9fb2ef2e","name":"method","type":"BusinessObject","layer":"business"},{"id":"id-6b032830","name":"posting rule execution","type":"BusinessProcess","layer":"business"},{"id":"e5c0ea8a","name":"for all unprocessed entries","type":"BusinessProcess","layer":"business"},{"id":"e65ce6c6","name":"Business Process","type":"BusinessProcess","layer":"business"},{"id":"id-4e745ee2","name":"Business Process","type":"BusinessProcess","layer":"business"},{"id":"id-140ae5f0","name":"for each account","type":"BusinessProcess","layer":"business"},{"id":"id-7da1d71b","name":"find matching posting rules","type":"BusinessProcess","layer":"business"},{"id":"id-88b9823c","name":"execute posting rule (and mark entry as processed)","type":"BusinessProcess","layer":"business"},{"id":"id-3f32e35f","name":"every time period","type":"BusinessEvent","layer":"business"},{"id":"acf19e8a","name":"account type","type":"BusinessObject","layer":"business"},{"id":"id-62c3a9f9","name":"party","type":"BusinessObject","layer":"business"},{"id":"id-2abff12f-0f34-49a3-88ec-21708552ba73","name":"choosing entries","type":"BusinessProcess","layer":"business"},{"id":"id-4992d4d2-a738-4959-bf75-6d8ee20812fb","name":"account returns all the entries","type":"BusinessProcess","layer":"business"},{"id":"a097248a-8cde-4fb6-a3c3-f525b1075b22","name":"select the entries","type":"BusinessProcess","layer":"business"},{"id":"id-92a9e7df-f4ac-4d8f-b6e6-94bab14b04a2","name":"Business Process","type":"BusinessProcess","layer":"business"},{"id":"id-7ebafa4b-9243-4a92-a3da-d1befed497ec","name":"accounting practice","type":"BusinessObject","layer":"business"},{"id":"id-6de9645b-1c72-45cf-806f-804295f64eab","name":"accounting practice type","type":"BusinessObject","layer":"business"},{"id":"id-3a0e7bac-e3f9-4124-90d8-9bfe57f4a7dd","name":"balance sheet account","type":"BusinessObject","layer":"business"},{"id":"id-56f01ffb-10b4-4e64-9096-a0d2df02ff41","name":"income statement account","type":"BusinessObject","layer":"business"},{"id":"b110b586-e11b-4dd1-8dd3-3c75a0b94da2","name":"asset account","type":"BusinessObject","layer":"business"},{"id":"id-28a84efd-cc54-428e-ba07-181fedbc95f7","name":"liability account","type":"BusinessObject","layer":"business"},{"id":"id-84bfc525-50d4-4505-854f-dfe2149e6121","name":"income account","type":"BusinessObject","layer":"business"},{"id":"id-73de877f-edf9-49e9-94a2-a44e8568a47f","name":"expense account","type":"BusinessObject","layer":"business"},{"id":"id-4c21c1eb-4b4b-4838-8650-f8453e9b295e","name":"account","type":"BusinessObject","layer":"business"},{"id":"f713e822-9d66-4294-a8e4-676dc40dfc3a","name":"entry","type":"BusinessObject","layer":"business"},{"id":"d17d3844-ec9a-44c8-a813-ddba41bc0460","name":"transaction","type":"BusinessObject","layer":"business"},{"id":"id-29edbc5f-560c-4a51-ad6c-5a32e5a0fb13","name":"holding","type":"BusinessObject","layer":"business"},{"id":"c6f5d212-3413-464f-a6ac-5cfdfb02f7fe","name":"inventory entry","type":"BusinessObject","layer":"business"},{"id":"id-5943a7b3-fd21-4c84-96bb-4c2f9bab8df4","name":"transfer","type":"BusinessObject","layer":"business"},{"id":"id-9daa708f-b32c-4a6c-be03-74a6133f4b9c","name":"item type","type":"BusinessObject","layer":"business"},{"id":"id-4c297ed4-37b3-4a4d-bcdc-b7dc8dfe8192","name":"location","type":"BusinessObject","layer":"business"},{"id":"id-0ab999d2-214f-49ca-9ce1-da7f6302238a","name":"account detail","type":"BusinessObject","layer":"business"},{"id":"id-7c07380c-0c0c-4a8f-95f6-5030f5b5103c","name":"derived account","type":"BusinessObject","layer":"business"},{"id":"acb47cf1-c491-46dc-b346-0615a15937c5","name":"account filter","type":"BusinessObject","layer":"business"},{"id":"id-03be063a-67bd-4bb4-b179-72c1e8a4caaf","name":"is included (entry)","type":"BusinessFunction","layer":"business"},{"id":"f0f164b5-3fff-4ca5-9b81-7723970e3fa2","name":"account","type":"BusinessObject","layer":"business"},{"id":"id-9a13aa8b-4ea4-4cd6-9800-fd72281c02a2","name":"summary account","type":"BusinessObject","layer":"business"},{"id":"id-1a4f5ba2-fad2-4b36-9690-69564a01ffab","name":"detail account","type":"BusinessObject","layer":"business"},{"id":"id-02a8b61f-43a8-4879-850e-d94989521154","name":"posting rule","type":"BusinessObject","layer":"business"},{"id":"id-8e4e11e0-a5a9-4c66-8b74-213624004b2c","name":"method","type":"BusinessObject","layer":"business"},{"id":"id-17cbbdbc-0c7b-4c1e-9a0c-5245873fde4f","name":"accounting practice","type":"BusinessObject","layer":"business"},{"id":"b717bec0-6d1a-4b79-92c3-4dc24e547f0d","name":"entry","type":"BusinessObject","layer":"business"},{"id":"id-3af9d5fa-18dc-44a3-81d0-e873e762c515","name":"transaction","type":"BusinessObject","layer":"business"},{"id":"id-79ee6de6-a24c-460c-b23c-cda04fce2031","name":"object","type":"BusinessObject","layer":"business"},{"id":"dea5d05a-b503-4963-b064-2dd8c5a9c2c5","name":"phone service","type":"BusinessObject","layer":"business"},{"id":"id-9f309929-3120-460b-b972-1f5e59d9d7d8","name":"customer","type":"BusinessObject","layer":"business"},{"id":"id-444ea174-5d85-479b-b2b1-3e449b5e386c","name":"Business Object","type":"BusinessObject","layer":"business"},{"id":"id-11932093-b887-4bf0-9917-5f8fb4785af2","name":"phone line","type":"BusinessObject","layer":"business"},{"id":"id-618bf7ea-3a72-48ce-b3f7-42f93bc6e790","name":"service account","type":"BusinessObject","layer":"business"},{"id":"c3ca751d-58be-4182-a4fb-866e69f729fd","name":"amount","type":"BusinessObject","layer":"business"},{"id":"e36f3584-c6db-402c-a75c-d9c72162c95b","name":"when charged","type":"BusinessObject","layer":"business"},{"id":"id-2f2ae7eb-7256-4996-b094-a2864eafd8c2","name":"when booked","type":"BusinessObject","layer":"business"},{"id":"id-7f8bd280-fe35-4a54-a8b9-848bc13ddea1","name":"money","type":"BusinessObject","layer":"business"},{"id":"id-93df0192","name":"tax","type":"ApplicationComponent","layer":"application"},{"id":"eaa94201","name":"calculate for (posting rule)","type":"ApplicationFunction","layer":"application"},{"id":"id-1d1b0741","name":"balance == sum (entries.amount)","type":"Constraint","layer":"motivation"},{"id":"id-23b590d5","name":"sum (entries.amount) == 0","type":"Constraint","layer":"motivation"},{"id":"c0adf9eb","name":"not for MEMO accounts","type":"Requirement","layer":"motivation"},{"id":"id-274bac11","name":"N|2 - 1  for nonMEMO accounts","type":"Constraint","layer":"motivation"},{"id":"id-77190192","name":"posting rules must be reversible","type":"Requirement","layer":"motivation"},{"id":"d36080f3-4fea-4471-9a28-27342e9feb77","name":"symmetric: If account x is a correspondent of account y then account y must be a correspondent of account x.","type":"Requirement","layer":"motivation"},{"id":"id-10bc3b29-114f-42b5-bf6e-0ca651bfa0fd","name":"Transitivity indicates that if account y is a correspondent of account x and account z is a correspondent of account y, then account z is a correspondent of account x.","type":"Requirement","layer":"motivation"},{"id":"d418fdb1-1477-47c6-a18c-c845cf5d6767","name":"self.item type == self.account.item","type":"Constraint","layer":"motivation"},{"id":"id-6df8294f-0090-407c-908c-18e425623c19","name":"sum(entries.amount)==0","type":"Constraint","layer":"motivation"},{"id":"id-2292622c-f6c2-4eb1-a1e1-c238fc70ee15","name":"entry[x].item type = entry[y].item type","type":"Constraint","layer":"motivation"},{"id":"ff785bde-1849-4bae-85ed-b0ed5f1ab5d6","name":"overload: includes only entries, accountFilter.isIncluded(entry)==TRUE","type":"Constraint","layer":"motivation"},{"id":"id-799ce60e","name":"Junction","type":"OrJunction","layer":"other"},{"id":"id-9c393e60-d633-472f-93fb-ddb5513e51b5","name":"Junction","type":"OrJunction","layer":"other"},{"id":"id-00de75a5-51c8-4d75-8319-1b5d9eadb997","name":"account","type":"Grouping","layer":"other"},{"id":"id-19f3e81e-a760-4f39-8d7b-8c96cebb23d7","name":"phone service","type":"Grouping","layer":"other"}],"relationships":[{"id":"b37abdb1","sourceId":"id-799ce60e","targetId":"aef8aa83","type":"Realization"},{"id":"a6a1abab","sourceId":"id-79a4b2fe","targetId":"c6e581a8","type":"Specialization"},{"id":"d1167fb0","sourceId":"id-799ce60e","targetId":"id-3affe047","type":"Realization"},{"id":"id-1a8679ce","sourceId":"id-79a4b2fe","targetId":"id-8a35ab08","type":"Specialization"},{"id":"f8e18117","sourceId":"dad8b791","targetId":"id-799ce60e","type":"Realization"},{"id":"id-1bfcb288","sourceId":"id-2b0828b4","targetId":"b63e79be","type":"Composition"},{"id":"id-335d5b5c","sourceId":"id-799ce60e","targetId":"cf6b5dbb","type":"Realization"},{"id":"f6e6a429","sourceId":"id-2b0828b4","targetId":"id-67d661c5","type":"Composition"},{"id":"id-63630daf","sourceId":"c7401f91","targetId":"id-4c33c1c8","type":"Association"},{"id":"id-45f9b6ff","sourceId":"id-2b0828b4","targetId":"e17fce08","type":"Composition"},{"id":"b17b4d51","sourceId":"id-9115d0b5","targetId":"id-9ddd1f3e","type":"Association"},{"id":"fe6f0df9","sourceId":"id-4abe35d8","targetId":"id-2ebea742","type":"Composition"},{"id":"id-08824d29","sourceId":"id-41cb1d6f","targetId":"d35f90fe","type":"Composition"},{"id":"id-8068715f","sourceId":"id-41cb1d6f","targetId":"id-6dc08154","type":"Composition"},{"id":"id-0feb3a83","sourceId":"id-41cb1d6f","targetId":"id-62fab540","type":"Composition"},{"id":"id-2528ab5a","sourceId":"id-41cb1d6f","targetId":"id-0ab999d2-214f-49ca-9ce1-da7f6302238a","type":"Association"},{"id":"id-1cfb89a5","sourceId":"id-2ebea742","targetId":"id-4523f300","type":"Aggregation"},{"id":"e91f60ab","sourceId":"d35f90fe","targetId":"id-4523f300","type":"Aggregation"},{"id":"d0d66354","sourceId":"id-1d1b0741","targetId":"id-2ebea742","type":"Association"},{"id":"id-9c8e5ea2","sourceId":"d35f90fe","targetId":"id-1d1b0741","type":"Association"},{"id":"d375bb72","sourceId":"id-41cb1d6f","targetId":"c1e831ca","type":"Association"},{"id":"id-0c4af6b8","sourceId":"c0adf9eb","targetId":"c1e831ca","type":"Association"},{"id":"id-27b3597f","sourceId":"c0adf9eb","targetId":"d35f90fe","type":"Association"},{"id":"id-962be6e0","sourceId":"id-4abe35d8","targetId":"id-4abe35d8","type":"Association"},{"id":"a6aac275","sourceId":"c0adf9eb","targetId":"id-23b590d5","type":"Association"},{"id":"id-151c3bb1","sourceId":"id-274bac11","targetId":"d375bb72","type":"Association"},{"id":"d23ce868","sourceId":"id-4abe35d8","targetId":"id-961a2aaf","type":"Specialization"},{"id":"id-628fea92","sourceId":"id-38d58b23","targetId":"acf19e8a","type":"Association"},{"id":"id-57b5445b","sourceId":"id-38d58b23","targetId":"acf19e8a","type":"Association"},{"id":"id-57dfa6bf","sourceId":"id-38d58b23","targetId":"id-9fb2ef2e","type":"Association"},{"id":"dd29ddbf","sourceId":"id-38d58b23","targetId":"id-77190192","type":"Association"},{"id":"a9cf5a1e","sourceId":"id-93df0192","targetId":"eaa94201","type":"Assignment"},{"id":"c0adeb21","sourceId":"eaa94201","targetId":"id-9fb2ef2e","type":"Association"},{"id":"f34c61b2","sourceId":"id-6b032830","targetId":"id-140ae5f0","type":"Composition"},{"id":"id-48c4d6d4","sourceId":"id-140ae5f0","targetId":"id-7da1d71b","type":"Composition"},{"id":"id-2a52e8eb","sourceId":"id-3f32e35f","targetId":"id-140ae5f0","type":"Association"},{"id":"id-468337e6","sourceId":"id-7da1d71b","targetId":"e5c0ea8a","type":"Composition"},{"id":"id-1ff6519e","sourceId":"e5c0ea8a","targetId":"id-88b9823c","type":"Composition"},{"id":"e029e622","sourceId":"id-140ae5f0","targetId":"id-4abe35d8","type":"Access"},{"id":"id-9c6e5bba","sourceId":"id-7da1d71b","targetId":"id-38d58b23","type":"Access"},{"id":"cb54e844","sourceId":"e5c0ea8a","targetId":"id-41cb1d6f","type":"Access"},{"id":"id-35d8083b","sourceId":"id-38d58b23","targetId":"id-9fb2ef2e","type":"Association"},{"id":"ccb2ed04","sourceId":"id-38d58b23","targetId":"id-9fb2ef2e","type":"Association"},{"id":"id-0e2a0b46","sourceId":"id-4abe35d8","targetId":"acf19e8a","type":"Association"},{"id":"id-9ed8d4b0","sourceId":"id-4abe35d8","targetId":"id-62c3a9f9","type":"Association"},{"id":"ec6e18bc-e8a1-4706-8aa4-235b956d07bd","sourceId":"id-2abff12f-0f34-49a3-88ec-21708552ba73","targetId":"id-4992d4d2-a738-4959-bf75-6d8ee20812fb","type":"Composition"},{"id":"fffec027-1400-43d0-a6c1-30a7a3d4ee04","sourceId":"id-2abff12f-0f34-49a3-88ec-21708552ba73","targetId":"a097248a-8cde-4fb6-a3c3-f525b1075b22","type":"Composition"},{"id":"id-4d485372-0051-4e17-9aa3-35693114e61a","sourceId":"id-4992d4d2-a738-4959-bf75-6d8ee20812fb","targetId":"id-92a9e7df-f4ac-4d8f-b6e6-94bab14b04a2","type":"Composition"},{"id":"id-27b80225-9a18-4598-a1d2-d3eed351edea","sourceId":"id-4992d4d2-a738-4959-bf75-6d8ee20812fb","targetId":"id-4abe35d8","type":"Access"},{"id":"a662c763-1234-4b7c-914c-5da0a4008806","sourceId":"id-4992d4d2-a738-4959-bf75-6d8ee20812fb","targetId":"a097248a-8cde-4fb6-a3c3-f525b1075b22","type":"Flow"},{"id":"id-12b68742-a7db-4f37-8348-6a312eae1ef2","sourceId":"id-38d58b23","targetId":"id-7ebafa4b-9243-4a92-a3da-d1befed497ec","type":"Association"},{"id":"id-9a297754-29ca-4bf0-af7d-7c8fb56731cb","sourceId":"id-7ebafa4b-9243-4a92-a3da-d1befed497ec","targetId":"id-6de9645b-1c72-45cf-806f-804295f64eab","type":"Association"},{"id":"adc2803b-b6d8-469f-a3a2-10047ec4d4ac","sourceId":"id-62c3a9f9","targetId":"id-7ebafa4b-9243-4a92-a3da-d1befed497ec","type":"Association"},{"id":"id-0b625a55-2623-4798-9d63-d230bb750d91","sourceId":"c1e831ca","targetId":"id-41cb1d6f","type":"Association"},{"id":"a83af952-6f27-46f3-aacb-c74dc50c033f","sourceId":"c1e831ca","targetId":"id-38d58b23","type":"Association"},{"id":"da3d1d77-a78f-4382-82ca-957400fadb18","sourceId":"id-4abe35d8","targetId":"id-3a0e7bac-e3f9-4124-90d8-9bfe57f4a7dd","type":"Composition"},{"id":"e88e36eb-d0d5-406e-aa11-ff5287ffc028","sourceId":"id-4abe35d8","targetId":"id-56f01ffb-10b4-4e64-9096-a0d2df02ff41","type":"Composition"},{"id":"id-71bba05a-0006-4f2b-ac6c-527aed98723e","sourceId":"id-3a0e7bac-e3f9-4124-90d8-9bfe57f4a7dd","targetId":"b110b586-e11b-4dd1-8dd3-3c75a0b94da2","type":"Composition"},{"id":"id-6551d6f2-10c5-4ece-b445-dbb8eb0d9f05","sourceId":"id-28a84efd-cc54-428e-ba07-181fedbc95f7","targetId":"id-3a0e7bac-e3f9-4124-90d8-9bfe57f4a7dd","type":"Specialization"},{"id":"id-315a1192-c08c-40cd-bcf6-71547c535015","sourceId":"id-84bfc525-50d4-4505-854f-dfe2149e6121","targetId":"id-56f01ffb-10b4-4e64-9096-a0d2df02ff41","type":"Specialization"},{"id":"ca790b80-ea45-4650-b19b-b779dcf28972","sourceId":"id-73de877f-edf9-49e9-94a2-a44e8568a47f","targetId":"id-56f01ffb-10b4-4e64-9096-a0d2df02ff41","type":"Specialization"},{"id":"e2b765ac-d89c-4d74-9257-773cf34e2252","sourceId":"id-4abe35d8","targetId":"id-4abe35d8","type":"Association"},{"id":"b0490846-5cae-467d-a958-6fa54e866e18","sourceId":"e2b765ac-d89c-4d74-9257-773cf34e2252","targetId":"d36080f3-4fea-4471-9a28-27342e9feb77","type":"Association"},{"id":"id-37a49e6a-24f8-4955-b61f-4d9df1c28c8e","sourceId":"e2b765ac-d89c-4d74-9257-773cf34e2252","targetId":"id-10bc3b29-114f-42b5-bf6e-0ca651bfa0fd","type":"Association"},{"id":"id-643916b3-7305-4215-8f0a-46b7d175099a","sourceId":"id-3a0e7bac-e3f9-4124-90d8-9bfe57f4a7dd","targetId":"id-62c3a9f9","type":"Association"},{"id":"cb270b7b-fcde-4ff4-a07a-8c49dd740c10","sourceId":"id-29edbc5f-560c-4a51-ad6c-5a32e5a0fb13","targetId":"id-4c21c1eb-4b4b-4838-8650-f8453e9b295e","type":"Specialization"},{"id":"id-8d37ff10-8f34-410f-af1d-5a05acc90f25","sourceId":"c6f5d212-3413-464f-a6ac-5cfdfb02f7fe","targetId":"f713e822-9d66-4294-a8e4-676dc40dfc3a","type":"Specialization"},{"id":"id-561f1fac-f77e-4c33-92d9-6f2556483e80","sourceId":"id-5943a7b3-fd21-4c84-96bb-4c2f9bab8df4","targetId":"d17d3844-ec9a-44c8-a813-ddba41bc0460","type":"Specialization"},{"id":"id-93af19fc-7b3f-456b-b618-b71ecce006bc","sourceId":"f713e822-9d66-4294-a8e4-676dc40dfc3a","targetId":"id-4c21c1eb-4b4b-4838-8650-f8453e9b295e","type":"Association"},{"id":"cf854eee-d2cc-4a9d-973e-ca32bd2a064b","sourceId":"f713e822-9d66-4294-a8e4-676dc40dfc3a","targetId":"d17d3844-ec9a-44c8-a813-ddba41bc0460","type":"Association"},{"id":"e9bbc0a1-3089-45d1-8b03-a5b6b9443f4a","sourceId":"id-29edbc5f-560c-4a51-ad6c-5a32e5a0fb13","targetId":"id-9daa708f-b32c-4a6c-be03-74a6133f4b9c","type":"Association"},{"id":"f4cd8295-147a-4947-86fe-f850a686cc4b","sourceId":"c6f5d212-3413-464f-a6ac-5cfdfb02f7fe","targetId":"id-9daa708f-b32c-4a6c-be03-74a6133f4b9c","type":"Association"},{"id":"dcaddd45-fe68-461d-b3db-94fdd9e009ca","sourceId":"id-29edbc5f-560c-4a51-ad6c-5a32e5a0fb13","targetId":"id-4c297ed4-37b3-4a4d-bcdc-b7dc8dfe8192","type":"Association"},{"id":"id-2e224398-5794-41d5-b90c-1f8d25e555ef","sourceId":"id-5943a7b3-fd21-4c84-96bb-4c2f9bab8df4","targetId":"id-2292622c-f6c2-4eb1-a1e1-c238fc70ee15","type":"Association"},{"id":"id-50674a93-08bf-4820-b79b-40244c562b88","sourceId":"d17d3844-ec9a-44c8-a813-ddba41bc0460","targetId":"id-6df8294f-0090-407c-908c-18e425623c19","type":"Association"},{"id":"id-9ad76b92-cdc3-470c-8e13-b9329a792281","sourceId":"c6f5d212-3413-464f-a6ac-5cfdfb02f7fe","targetId":"d418fdb1-1477-47c6-a18c-c845cf5d6767","type":"Association"},{"id":"id-8d66e6ea-c3f5-4a45-959c-cebd77e636bc","sourceId":"id-4abe35d8","targetId":"id-9c393e60-d633-472f-93fb-ddb5513e51b5","type":"Realization"},{"id":"id-40cf04a0-5bd2-47d5-b2c6-20914b80a36f","sourceId":"id-9c393e60-d633-472f-93fb-ddb5513e51b5","targetId":"id-1f134be4","type":"Realization"},{"id":"id-3529022e-21bd-4edf-9470-a7f0700a32ed","sourceId":"id-9c393e60-d633-472f-93fb-ddb5513e51b5","targetId":"id-0ab999d2-214f-49ca-9ce1-da7f6302238a","type":"Realization"},{"id":"id-1bce8900-b6ef-4f8b-b909-6eeee11af715","sourceId":"id-1f134be4","targetId":"id-4abe35d8","type":"Association"},{"id":"a62efae5-122c-46ba-8ed7-725281ee9ad8","sourceId":"id-9c393e60-d633-472f-93fb-ddb5513e51b5","targetId":"id-7c07380c-0c0c-4a8f-95f6-5030f5b5103c","type":"Realization"},{"id":"id-31147025-ce0f-4609-80da-0dda3dbcf396","sourceId":"id-7c07380c-0c0c-4a8f-95f6-5030f5b5103c","targetId":"acb47cf1-c491-46dc-b346-0615a15937c5","type":"Association"},{"id":"b3674692-ffc1-489e-abb5-212cc297652e","sourceId":"acb47cf1-c491-46dc-b346-0615a15937c5","targetId":"id-03be063a-67bd-4bb4-b179-72c1e8a4caaf","type":"Association"},{"id":"id-34d62a20-6703-4bfd-b36a-13bc89c42995","sourceId":"id-7c07380c-0c0c-4a8f-95f6-5030f5b5103c","targetId":"ff785bde-1849-4bae-85ed-b0ed5f1ab5d6","type":"Association"},{"id":"e0ef9301-fd25-44bc-801f-e173a6e63ad2","sourceId":"id-00de75a5-51c8-4d75-8319-1b5d9eadb997","targetId":"f0f164b5-3fff-4ca5-9b81-7723970e3fa2","type":"Composition"},{"id":"eda13b3a-ce2e-440d-9ba4-f6eb17ea3a54","sourceId":"id-9a13aa8b-4ea4-4cd6-9800-fd72281c02a2","targetId":"f0f164b5-3fff-4ca5-9b81-7723970e3fa2","type":"Specialization"},{"id":"cf6183f9-723f-4282-be88-d422de5d7b4e","sourceId":"id-1a4f5ba2-fad2-4b36-9690-69564a01ffab","targetId":"f0f164b5-3fff-4ca5-9b81-7723970e3fa2","type":"Specialization"},{"id":"id-610e0543-d684-4c08-8046-b84c49b242dc","sourceId":"id-00de75a5-51c8-4d75-8319-1b5d9eadb997","targetId":"id-02a8b61f-43a8-4879-850e-d94989521154","type":"Composition"},{"id":"a40a73f3-ac6a-4ff2-a554-1e17b77995f9","sourceId":"id-00de75a5-51c8-4d75-8319-1b5d9eadb997","targetId":"id-8e4e11e0-a5a9-4c66-8b74-213624004b2c","type":"Composition"},{"id":"d32e1534-86e3-418d-9795-95a73af75ee0","sourceId":"id-00de75a5-51c8-4d75-8319-1b5d9eadb997","targetId":"id-17cbbdbc-0c7b-4c1e-9a0c-5245873fde4f","type":"Composition"},{"id":"f3ea589d-086a-47a6-9481-58341d6a37b5","sourceId":"id-00de75a5-51c8-4d75-8319-1b5d9eadb997","targetId":"b717bec0-6d1a-4b79-92c3-4dc24e547f0d","type":"Composition"},{"id":"id-95c49c6d-d351-4694-95ff-01e3a38cf23d","sourceId":"id-00de75a5-51c8-4d75-8319-1b5d9eadb997","targetId":"id-3af9d5fa-18dc-44a3-81d0-e873e762c515","type":"Composition"},{"id":"cb740e78-c89e-4906-b328-286d3d71335c","sourceId":"id-00de75a5-51c8-4d75-8319-1b5d9eadb997","targetId":"id-79ee6de6-a24c-460c-b23c-cda04fce2031","type":"Composition"},{"id":"id-8139321e-fbfb-4405-a4ca-e6ea76a869dc","sourceId":"id-19f3e81e-a760-4f39-8d7b-8c96cebb23d7","targetId":"dea5d05a-b503-4963-b064-2dd8c5a9c2c5","type":"Composition"},{"id":"e726962b-e4c7-42c1-acbc-54a31a16e23c","sourceId":"id-19f3e81e-a760-4f39-8d7b-8c96cebb23d7","targetId":"id-9f309929-3120-460b-b972-1f5e59d9d7d8","type":"Composition"},{"id":"id-460266a1-f165-4db3-a0cd-0790ad1d6750","sourceId":"id-19f3e81e-a760-4f39-8d7b-8c96cebb23d7","targetId":"id-444ea174-5d85-479b-b2b1-3e449b5e386c","type":"Composition"},{"id":"id-55370942-61a1-48dc-a2a7-012c875ea555","sourceId":"id-19f3e81e-a760-4f39-8d7b-8c96cebb23d7","targetId":"id-11932093-b887-4bf0-9917-5f8fb4785af2","type":"Composition"},{"id":"id-7fe32af7-6ea9-4f9a-b9bf-321c388e84fb","sourceId":"id-19f3e81e-a760-4f39-8d7b-8c96cebb23d7","targetId":"id-618bf7ea-3a72-48ce-b3f7-42f93bc6e790","type":"Composition"},{"id":"bc3cb9d9-766d-464d-984e-c02425028e27","sourceId":"id-17cbbdbc-0c7b-4c1e-9a0c-5245873fde4f","targetId":"id-02a8b61f-43a8-4879-850e-d94989521154","type":"Association"},{"id":"id-5caf1be4-2dea-4f77-b550-c0e25b4e9f6e","sourceId":"id-02a8b61f-43a8-4879-850e-d94989521154","targetId":"f0f164b5-3fff-4ca5-9b81-7723970e3fa2","type":"Association"},{"id":"id-21a7ae5e-72d4-4714-b0f2-d6314b11a349","sourceId":"id-02a8b61f-43a8-4879-850e-d94989521154","targetId":"f0f164b5-3fff-4ca5-9b81-7723970e3fa2","type":"Association"},{"id":"fd9b8e50-fa7d-42de-9b77-a3b669e05430","sourceId":"id-02a8b61f-43a8-4879-850e-d94989521154","targetId":"f0f164b5-3fff-4ca5-9b81-7723970e3fa2","type":"Association"},{"id":"a5cbdc7e-69be-4d75-aae9-9274b9434d03","sourceId":"id-02a8b61f-43a8-4879-850e-d94989521154","targetId":"id-8e4e11e0-a5a9-4c66-8b74-213624004b2c","type":"Association"},{"id":"id-99db5649-c7fe-4464-8046-89b6ec3814c7","sourceId":"id-3af9d5fa-18dc-44a3-81d0-e873e762c515","targetId":"id-02a8b61f-43a8-4879-850e-d94989521154","type":"Association"},{"id":"ad4f3627-3d57-464d-9066-b20be6c074ba","sourceId":"b717bec0-6d1a-4b79-92c3-4dc24e547f0d","targetId":"id-3af9d5fa-18dc-44a3-81d0-e873e762c515","type":"Association"},{"id":"ab18390f-aecd-47c6-ac58-97d4efaeff5d","sourceId":"b717bec0-6d1a-4b79-92c3-4dc24e547f0d","targetId":"id-3af9d5fa-18dc-44a3-81d0-e873e762c515","type":"Association"},{"id":"id-8ea554c0-7fc4-4a1b-aaaf-3125d564ff06","sourceId":"b717bec0-6d1a-4b79-92c3-4dc24e547f0d","targetId":"id-1a4f5ba2-fad2-4b36-9690-69564a01ffab","type":"Association"},{"id":"id-5b88e0c1-2402-4edf-bdd0-5eb60d40b686","sourceId":"id-79ee6de6-a24c-460c-b23c-cda04fce2031","targetId":"id-1a4f5ba2-fad2-4b36-9690-69564a01ffab","type":"Association"},{"id":"c1e64865-fdb5-48a4-98b8-d34fd5b65839","sourceId":"f0f164b5-3fff-4ca5-9b81-7723970e3fa2","targetId":"id-9a13aa8b-4ea4-4cd6-9800-fd72281c02a2","type":"Association"},{"id":"id-6127e5aa-f314-4cfe-96fd-0015971d28cb","sourceId":"f0f164b5-3fff-4ca5-9b81-7723970e3fa2","targetId":"id-9a13aa8b-4ea4-4cd6-9800-fd72281c02a2","type":"Association"},{"id":"ddab4b71-3e18-4f1f-938e-dc195e894d7b","sourceId":"id-9a13aa8b-4ea4-4cd6-9800-fd72281c02a2","targetId":"f0f164b5-3fff-4ca5-9b81-7723970e3fa2","type":"Composition"},{"id":"id-7cff0290-8153-4afa-b831-4ea7d1ad665f","sourceId":"id-00de75a5-51c8-4d75-8319-1b5d9eadb997","targetId":"id-9a13aa8b-4ea4-4cd6-9800-fd72281c02a2","type":"Composition"},{"id":"cd8cd5ad-e5fa-4963-a36f-94027801e743","sourceId":"dea5d05a-b503-4963-b064-2dd8c5a9c2c5","targetId":"id-618bf7ea-3a72-48ce-b3f7-42f93bc6e790","type":"Association"},{"id":"id-2ef92f91-c1b8-43c4-a87a-fd8d0f6fc0dc","sourceId":"dea5d05a-b503-4963-b064-2dd8c5a9c2c5","targetId":"id-11932093-b887-4bf0-9917-5f8fb4785af2","type":"Association"},{"id":"id-8d20a9ec-8dd0-4938-9f80-e73ba49ff1b6","sourceId":"dea5d05a-b503-4963-b064-2dd8c5a9c2c5","targetId":"id-9f309929-3120-460b-b972-1f5e59d9d7d8","type":"Association"},{"id":"id-41abeb5c-02f5-41e4-935d-588cddd628a6","sourceId":"id-17cbbdbc-0c7b-4c1e-9a0c-5245873fde4f","targetId":"dea5d05a-b503-4963-b064-2dd8c5a9c2c5","type":"Association"},{"id":"id-0018c845-3785-4580-a3a7-25719e54dbae","sourceId":"id-618bf7ea-3a72-48ce-b3f7-42f93bc6e790","targetId":"id-1a4f5ba2-fad2-4b36-9690-69564a01ffab","type":"Specialization"},{"id":"id-38927e94-a07e-430f-be09-0da0b4ceeac9","sourceId":"id-00de75a5-51c8-4d75-8319-1b5d9eadb997","targetId":"c3ca751d-58be-4182-a4fb-866e69f729fd","type":"Composition"},{"id":"id-9b6313da-1f00-485f-b44a-103f9bc5acf8","sourceId":"id-00de75a5-51c8-4d75-8319-1b5d9eadb997","targetId":"e36f3584-c6db-402c-a75c-d9c72162c95b","type":"Composition"},{"id":"id-2c52a22f-26c5-42f8-8888-efdf61b69c8e","sourceId":"id-00de75a5-51c8-4d75-8319-1b5d9eadb997","targetId":"id-2f2ae7eb-7256-4996-b094-a2864eafd8c2","type":"Composition"},{"id":"id-897594da-7b89-4ecf-8d72-e5b75c3cda74","sourceId":"f0f164b5-3fff-4ca5-9b81-7723970e3fa2","targetId":"c3ca751d-58be-4182-a4fb-866e69f729fd","type":"Composition"},{"id":"id-8d486471-a9a5-476b-9434-acc58e8bf1ca","sourceId":"f0f164b5-3fff-4ca5-9b81-7723970e3fa2","targetId":"e36f3584-c6db-402c-a75c-d9c72162c95b","type":"Composition"},{"id":"ee78e22f-6c93-4455-833e-b69e4939f70a","sourceId":"f0f164b5-3fff-4ca5-9b81-7723970e3fa2","targetId":"id-2f2ae7eb-7256-4996-b094-a2864eafd8c2","type":"Composition"},{"id":"id-70cae195-201e-4899-a934-9262aaa79110","sourceId":"id-00de75a5-51c8-4d75-8319-1b5d9eadb997","targetId":"id-7f8bd280-fe35-4a54-a8b9-848bc13ddea1","type":"Composition"},{"id":"id-62031351-bbaa-4452-bc26-c070e37e32a6","sourceId":"c3ca751d-58be-4182-a4fb-866e69f729fd","targetId":"id-7f8bd280-fe35-4a54-a8b9-848bc13ddea1","type":"Aggregation"}],"views":[{"id":"id-1840cfdc-d6a8-46db-8323-9491283f40b9","name":"Inventory and Accounting","viewpoint":""},{"id":"fe661c00-8cbf-41f3-b024-cd2a9565aaa3","name":"1 Account","viewpoint":""},{"id":"d2222255-6c2f-4049-adcb-1afb0409af4b","name":"2 Transactions","viewpoint":""},{"id":"id-11b457d6-aa6b-49cd-b84d-55e19dc094ad","name":"3 Summary Account","viewpoint":""},{"id":"id-556b04a6-3292-4fdb-a4da-3046af1da710","name":"4 Memo Account","viewpoint":""},{"id":"f34aae0c-1a60-41ec-9f69-c7b91a3fafe4","name":"5 Posting Rules","viewpoint":""},{"id":"id-34a0e427-cf93-4041-a455-b4b2b9291f22","name":"6 Individual Instance Method","viewpoint":""},{"id":"a5e7ede9-120b-4539-913b-8a9bb59fc54f","name":"7 Posting Rule Execution","viewpoint":""},{"id":"id-5a439c89-5143-4fbb-8945-562dc52ed006","name":"8 Posting Rules for Many Accounts","viewpoint":""},{"id":"id-5ede9508-27f5-4cf1-9fc7-89fe5c014b58","name":"9 Choosing Entries","viewpoint":""},{"id":"d83df660-43cd-4ed9-abec-e28828bea96c","name":"10 Accounting Practice","viewpoint":""},{"id":"afb49818-cc55-4a89-80c3-479ff4afb79a","name":"11 Sources of an Entry","viewpoint":""},{"id":"bf6bdfca-13de-42ff-95be-bf7f0e7cd290","name":"12 Balance Sheet and Income Statement","viewpoint":""},{"id":"id-3805cb55-b29d-48ef-9448-0a2151ad04b3","name":"13 Corresponding Account","viewpoint":""},{"id":"id-24f8beea-644b-434c-9867-b9a841c73839","name":"14 Specialized Account Model (inventory example)","viewpoint":""},{"id":"a1fd45b6-b84c-4be5-99be-f61e410c72cc","name":"15 Booking Entries to Multiple Accounts","viewpoint":""},{"id":"id-712e3953-b21d-45ad-b541-92485a128f8a","name":"14 Specialized Account Model (billing example)","viewpoint":""}]}