{"identifier":"https://me.big.tuwien.ac.at/EAModelSet/6f2432c1","archimateId":"6f2432c1","name":"Practice","description":"","formats":["XML","CSV","JSON","ARCHIMATE"],"source":"GitHub","sourceFile":"raw-data/github/archimate/scheme.archimate","sourceFormat":"ARCHIMATE","timestamp":"29-06-2023 09:31:40","tags":[],"duplicates":[],"language":"ru","elements":[{"id":"3905eed4","name":"Загруженный модуль ToDo Model","type":"ApplicationComponent","layer":"application"},{"id":"f1f3e01e","name":"Объект Tag","type":"ApplicationComponent","layer":"application"},{"id":"052b306b","name":"Объект ToDo","type":"ApplicationComponent","layer":"application"},{"id":"41664be4","name":"Загруженный модуль ToDo Services","type":"ApplicationComponent","layer":"application"},{"id":"b64f702f","name":"Загруженный модуль  TodoServiceFactory","type":"ApplicationComponent","layer":"application"},{"id":"c1c47a8a","name":"Объект myTodoServiceImpl","type":"ApplicationComponent","layer":"application"},{"id":"c4ffff56","name":"Загруженный модуль First Bundle","type":"ApplicationComponent","layer":"application"},{"id":"e7a9f7f0","name":"Объект My Thread","type":"ApplicationComponent","layer":"application"},{"id":"88e2dcf1","name":"ToDo (copy)","type":"ApplicationComponent","layer":"application"},{"id":"a6f8269f","name":" IToDoService","type":"ApplicationInterface","layer":"application"},{"id":"40f814ff","name":"equinox","type":"ApplicationComponent","layer":"application"},{"id":"de81d1c9","name":"Модульная система","type":"ApplicationComponent","layer":"application"},{"id":"b4bff7b5","name":"Запущенный экземпляр модульной системы","type":"ApplicationComponent","layer":"application"},{"id":"6f115770","name":"Модульная система","type":"ApplicationComponent","layer":"application"},{"id":"f48736ec","name":"Модуль ToDo Model","type":"ApplicationComponent","layer":"application"},{"id":"73a543c2","name":"Класс Tag","type":"ApplicationComponent","layer":"application"},{"id":"23f2b87d","name":"Класс ToDo","type":"ApplicationComponent","layer":"application"},{"id":"0ada21f3","name":"Модуль  First Bundle","type":"ApplicationComponent","layer":"application"},{"id":"88a66f4c","name":"Класс My Thread","type":"ApplicationComponent","layer":"application"},{"id":"5fe1e981","name":"Модуль  ToDo Services","type":"ApplicationComponent","layer":"application"},{"id":"472ddd8a","name":"Класс TodoServiceFactory","type":"ApplicationComponent","layer":"application"},{"id":"0cf5b636","name":"Класс myTodoServiceImpl","type":"ApplicationComponent","layer":"application"},{"id":"29b452e4","name":"Интерфейс IToDoService","type":"ApplicationInterface","layer":"application"},{"id":"5d70b441","name":"Рабочий компьютер","type":"Device","layer":"technology"},{"id":"8966ce5b","name":" JAVA VM","type":"SystemSoftware","layer":"technology"},{"id":"f9ae1c73","name":"Загрузка библиотек jar","type":"TechnologyService","layer":"technology"},{"id":"379f28ba","name":"набор JAR equinox","type":"Artifact","layer":"technology"},{"id":"e97a6ca7","name":"equinox","type":"SystemSoftware","layer":"technology"},{"id":"3315658d","name":"Модульная система","type":"SystemSoftware","layer":"technology"},{"id":"a19fcbc1","name":"набор JAR Модульной системы","type":"Artifact","layer":"technology"},{"id":"d85d5eb3","name":"Операционная система","type":"SystemSoftware","layer":"technology"},{"id":"acf5a824","name":"Файлы конфигурации модульной системы","type":"Artifact","layer":"technology"},{"id":"73cb08f1","name":"Набор аргументов командной строки модульной системы","type":"Artifact","layer":"technology"}],"relationships":[{"id":"84db4798","sourceId":"c1c47a8a","targetId":"f1f3e01e","type":"CompositionRelationship"},{"id":"a5df622a","sourceId":"c1c47a8a","targetId":"052b306b","type":"CompositionRelationship"},{"id":"da67040e","sourceId":"3905eed4","targetId":"a6f8269f","type":"CompositionRelationship"},{"id":"31b4baca","sourceId":"a6f8269f","targetId":"c1c47a8a","type":"UsedByRelationship"},{"id":"4008e24a","sourceId":"5d70b441","targetId":"8966ce5b","type":"CompositionRelationship"},{"id":"b8de37e8","sourceId":"5d70b441","targetId":"f9ae1c73","type":"AssignmentRelationship"},{"id":"d3116b15","sourceId":"8966ce5b","targetId":"f9ae1c73","type":"RealisationRelationship"},{"id":"c1c35bd8","sourceId":"5d70b441","targetId":"379f28ba","type":"AssignmentRelationship"},{"id":"1858857a","sourceId":"379f28ba","targetId":"40f814ff","type":"RealisationRelationship"},{"id":"33e7a638","sourceId":"8966ce5b","targetId":"e97a6ca7","type":"CompositionRelationship"},{"id":"e0db8daa","sourceId":"8966ce5b","targetId":"3315658d","type":"CompositionRelationship"},{"id":"b5ac31e8","sourceId":"5d70b441","targetId":"a19fcbc1","type":"AssignmentRelationship"},{"id":"14fe36f5","sourceId":"a19fcbc1","targetId":"de81d1c9","type":"RealisationRelationship"},{"id":"c1a9e0d1","sourceId":"379f28ba","targetId":"e97a6ca7","type":"RealisationRelationship"},{"id":"c6a0c45e","sourceId":"a19fcbc1","targetId":"3315658d","type":"RealisationRelationship"},{"id":"a7046c6a","sourceId":"5d70b441","targetId":"d85d5eb3","type":"CompositionRelationship"},{"id":"34bcde7b","sourceId":"d85d5eb3","targetId":"8966ce5b","type":"CompositionRelationship"},{"id":"925c3234","sourceId":"d85d5eb3","targetId":"a19fcbc1","type":"AssignmentRelationship"},{"id":"1fd34203","sourceId":"d85d5eb3","targetId":"379f28ba","type":"AssignmentRelationship"},{"id":"80a70e4e","sourceId":"d85d5eb3","targetId":"f9ae1c73","type":"AssignmentRelationship"},{"id":"f8374d4d","sourceId":"b4bff7b5","targetId":"3905eed4","type":"CompositionRelationship"},{"id":"d50a4123","sourceId":"b4bff7b5","targetId":"c4ffff56","type":"CompositionRelationship"},{"id":"86cad02d","sourceId":"b4bff7b5","targetId":"41664be4","type":"CompositionRelationship"},{"id":"273ad2cf","sourceId":"6f115770","targetId":"29b452e4","type":"CompositionRelationship"},{"id":"ac670850","sourceId":"f48736ec","targetId":"29b452e4","type":"CompositionRelationship"},{"id":"c985139b","sourceId":"0cf5b636","targetId":"29b452e4","type":"UsedByRelationship"},{"id":"514b9248","sourceId":"29b452e4","targetId":"0cf5b636","type":"UsedByRelationship"},{"id":"e74a1781","sourceId":"b64f702f","targetId":"c1c47a8a","type":"CompositionRelationship"},{"id":"41752aac","sourceId":"c4ffff56","targetId":"41664be4","type":"CompositionRelationship"},{"id":"aa76bbb5","sourceId":"b4bff7b5","targetId":"b64f702f","type":"CompositionRelationship"},{"id":"64163579","sourceId":"b4bff7b5","targetId":"052b306b","type":"CompositionRelationship"},{"id":"4c07f6c0","sourceId":"b4bff7b5","targetId":"f1f3e01e","type":"CompositionRelationship"},{"id":"5ce6c680","sourceId":"f48736ec","targetId":"73a543c2","type":"CompositionRelationship"},{"id":"71fdb091","sourceId":"0ada21f3","targetId":"29b452e4","type":"UsedByRelationship"},{"id":"0fc8798a","sourceId":"29b452e4","targetId":"88a66f4c","type":"UsedByRelationship"},{"id":"66694e6b","sourceId":"472ddd8a","targetId":"88a66f4c","type":"AssociationRelationship"},{"id":"57f4fd2d","sourceId":"472ddd8a","targetId":"88a66f4c","type":"UsedByRelationship"},{"id":"609417dd","sourceId":"e97a6ca7","targetId":"3315658d","type":"CompositionRelationship"},{"id":"c850712c","sourceId":"d85d5eb3","targetId":"acf5a824","type":"AssignmentRelationship"},{"id":"23bf1c37","sourceId":"d85d5eb3","targetId":"73cb08f1","type":"AssignmentRelationship"},{"id":"7549f84c","sourceId":"acf5a824","targetId":"3315658d","type":"RealisationRelationship"},{"id":"318ad7b2","sourceId":"73cb08f1","targetId":"3315658d","type":"RealisationRelationship"},{"id":"b4973460","sourceId":"acf5a824","targetId":"de81d1c9","type":"RealisationRelationship"},{"id":"fa1056de","sourceId":"73cb08f1","targetId":"de81d1c9","type":"RealisationRelationship"}],"views":[{"id":"50995a6b","name":"Default View","viewpoint":""},{"id":"b6235e0e","name":"Компонентная диаграмма","viewpoint":""},{"id":"41c6fa34","name":"Модульная диграмма","viewpoint":""},{"id":"68569aa8","name":"Развертывание","viewpoint":""}]}