<?xml version="1.0" encoding="UTF-8"?><model xmlns="http://www.opengroup.org/xsd/archimate/3.0/" xmlns:xsi="http://www.w3.org/2001/XMLSchema-instance" identifier="_K8uH4DDcEey1FOYlnOh8Hw">  <name xml:lang="en">buhService</name>  <elements>    <element xsi:type="DataObject" identifier="_K82DuzDcEey1FOYlnOh8Hw">      <name xml:lang="en">Кредит  Магазин- Дебит &quot;CloudPayments&quot;Сумма - 100Тип - Оплата товара клиентомВалюта  - ТенгеExID CP-ID-1</name>      <documentation/>    </element>    <element xsi:type="DataObject" identifier="_K82DvTDcEey1FOYlnOh8Hw">      <name xml:lang="en">Кредит &quot;CloudPayments&quot;Дебит МагазинCумма - 100Тип - Отправка средств мерчуВалюта ТенгеExID CP-ID-1</name>      <documentation/>    </element>    <element xsi:type="DataObject" identifier="_K82DvzDcEey1FOYlnOh8Hw">      <name xml:lang="en">Кредит &quot;Магазин&quot;Дебит &quot;брискли&quot;Сумма 9Тип - Коммисия брисклиВалюта тенгеExID CP-ID-1</name>      <documentation/>    </element>    <element xsi:type="BusinessService" identifier="_K82DwTDcEey1FOYlnOh8Hw">      <name xml:lang="en">Оплата клиентом товара &quot;Магазина&quot;Сумма: 100 тенгеПлатформа: СРExternal ID Transaction: CP-ID-1</name>      <documentation></documentation>    </element>    <element xsi:type="ApplicationEvent" identifier="_K82DwzDcEey1FOYlnOh8Hw">      <name xml:lang="en">Event</name>      <documentation/>    </element>    <element xsi:type="BusinessService" identifier="_K82DxTDcEey1FOYlnOh8Hw">      <name xml:lang="en">Оплата клиентом товара &quot;The Dragstore&quot;Сумма: 100 USDПлатформа: STRIPEExternal ID Transaction: ST-ID-1Платеж делится на части:94$ уходит магазину, 6; на аккаунт брискли и с этих 6; еще коммисия сервиса</name>      <documentation></documentation>    </element>    <element xsi:type="BusinessService" identifier="_K82DxzDcEey1FOYlnOh8Hw">      <name xml:lang="en">Оплата клиентом товара &quot;Магазина&quot;Сумма: 100 тенгеПлатформа: СРExternal ID Transaction: CP-ID-1</name>      <documentation></documentation>    </element>    <element xsi:type="ApplicationEvent" identifier="_K82DyTDcEey1FOYlnOh8Hw">      <name xml:lang="en">Event</name>      <documentation/>    </element>    <element xsi:type="DataObject" identifier="_K82DyzDcEey1FOYlnOh8Hw">      <name xml:lang="en">Кредит: StripeДебит: The DragstoreСумма: 94$Тип: Оплата товара клиентомВалюта: USDExID: ST-ID-1</name>      <documentation/>    </element>    <element xsi:type="DataObject" identifier="_K82DzTDcEey1FOYlnOh8Hw">      <name xml:lang="en">Кредит: StripeДебит: БрисклиСумма: 6$Тип: Коммисия брисклиВалюта: USDExID: ST-ID-1</name>      <documentation/>    </element>    <element xsi:type="ApplicationEvent" identifier="_K82DzzDcEey1FOYlnOh8Hw">      <name xml:lang="en">Кредит: БрисклиДебит: StripeСумма: 5.6$Тип: Коммисия страйпа за платежВалюта: USDExID: ST-ID-1</name>      <documentation/>    </element>    <element xsi:type="ApplicationEvent" identifier="_K82D0TDcEey1FOYlnOh8Hw">      <name xml:lang="en">Кредит: БрисклиДебит: StripeСумма: 5.6$Тип: Коммисия страйпа за платежВалюта: USDExID: ST-ID-1</name>      <documentation/>    </element>    <element xsi:type="DataObject" identifier="_K82D0zDcEey1FOYlnOh8Hw">      <name xml:lang="en">Кредит: БрисклиДебит: StripeСумма: 5.6$Тип: Коммисия страйпа за платежВалюта: USDExID: ST-ID-1</name>      <documentation/>    </element>    <element xsi:type="DataObject" identifier="_K82D1TDcEey1FOYlnOh8Hw">      <name xml:lang="en">Кредит: StripeДебит: БрисклиСумма: 5.6$Тип: Коммисия страйпа за платежВалюта: USDExID: ST-ID-1</name>      <documentation/>    </element>    <element xsi:type="BusinessService" identifier="_K82D1zDcEey1FOYlnOh8Hw">      <name xml:lang="en">Перевод средст с аккаунта страйпа на счет брисклиСумма: 100 USDПлатформа: STRIPEExternal ID Transaction: ST-ID-2Возможна комиссия</name>      <documentation></documentation>    </element>    <element xsi:type="ApplicationEvent" identifier="_K82D2TDcEey1FOYlnOh8Hw">      <name xml:lang="en">Event</name>      <documentation/>    </element>    <element xsi:type="DataObject" identifier="_K82D2zDcEey1FOYlnOh8Hw">      <name xml:lang="en">Кредит: BrisklyДебит: StripeСумма: 99$Тип: Вывод средст на счет брисклиВалюта: USDExID: ST-ID-2</name>      <documentation/>    </element>    <element xsi:type="DataObject" identifier="_K82D3TDcEey1FOYlnOh8Hw">      <name xml:lang="en">Кредит: StripeДебит: BrisklyСумма: 1$Тип: Коммисия за вывод средствВалюта: USDExID: ST-ID-2</name>      <documentation/>    </element>    <element xsi:type="ApplicationEvent" identifier="_K82D3zDcEey1FOYlnOh8Hw">      <name xml:lang="en">Pay Event</name>      <documentation/>    </element>    <element xsi:type="ApplicationProcess" identifier="_K82D4TDcEey1FOYlnOh8Hw">      <name xml:lang="en">Process</name>      <documentation/>    </element>    <element xsi:type="TechnologyService" identifier="_K82D4zDcEey1FOYlnOh8Hw">      <name xml:lang="en">Pub/Sub Service</name>      <documentation/>    </element>    <element xsi:type="Grouping" identifier="_K82D5TDcEey1FOYlnOh8Hw">      <name xml:lang="en">External Service</name>      <documentation/>    </element>    <element xsi:type="ApplicationService" identifier="_K82D5zDcEey1FOYlnOh8Hw">      <name xml:lang="en">Service PCI DSS</name>      <documentation/>    </element>    <element xsi:type="ApplicationService" identifier="_K82D6TDcEey1FOYlnOh8Hw">      <name xml:lang="en">Payment Service</name>      <documentation/>    </element>    <element xsi:type="Grouping" identifier="_K82D7TDcEey1FOYlnOh8Hw">      <name xml:lang="en">Buh Service</name>      <documentation/>    </element>    <element xsi:type="ApplicationService" identifier="_K82D7zDcEey1FOYlnOh8Hw">      <name xml:lang="en">Subscriber Service</name>      <documentation/>    </element>    <element xsi:type="ApplicationProcess" identifier="_K82D8TDcEey1FOYlnOh8Hw">      <name xml:lang="en">Process</name>      <documentation/>    </element>    <element xsi:type="ApplicationFunction" identifier="_K82D8zDcEey1FOYlnOh8Hw">      <name xml:lang="en">Сохранение информации о полученом событии</name>      <documentation/>    </element>    <element xsi:type="ApplicationFunction" identifier="_K82D9TDcEey1FOYlnOh8Hw">      <name xml:lang="en">Проверка на дублирование события</name>      <documentation/>    </element>    <element xsi:type="ApplicationProcess" identifier="_K82D9zDcEey1FOYlnOh8Hw">      <name xml:lang="en">Проверка события. Оно не должно быть обработаным или обрабытваться уже другим процессом</name>      <documentation/>    </element>    <element xsi:type="ApplicationProcess" identifier="_K82D-TDcEey1FOYlnOh8Hw">      <name xml:lang="en">Сбор необходимой информации на основе данных события</name>      <documentation/>    </element>    <element xsi:type="ApplicationProcess" identifier="_K82D-zDcEey1FOYlnOh8Hw">      <name xml:lang="en">Формирование записей в сервис</name>      <documentation/>    </element>    <element xsi:type="DataObject" identifier="_K82D_TDcEey1FOYlnOh8Hw">      <name xml:lang="en">Кредит-Дебит</name>      <documentation/>    </element>    <element xsi:type="ApplicationService" identifier="_K82D_zDcEey1FOYlnOh8Hw">      <name xml:lang="en">EventDispatcher</name>      <documentation/>    </element>    <element xsi:type="ApplicationEvent" identifier="_K82EDTDcEey1FOYlnOh8Hw">      <name xml:lang="en">Confirmation Event</name>      <documentation/>    </element>    <element xsi:type="ApplicationService" identifier="_K82EDzDcEey1FOYlnOh8Hw">      <name xml:lang="en">Сервис контроля доставки и обработки события</name>      <documentation/>    </element>    <element xsi:type="DataObject" identifier="_K82EETDcEey1FOYlnOh8Hw">      <name xml:lang="en">Кредит CloudPayments - Дебит &quot;Брискли&quot;Сумма - 1Тип - Комиссия ср за транзакциюВалюта  - РубльExID CP-ID-1</name>      <documentation/>    </element>  </elements>  <relationships>    <relationship xsi:type="Triggering" identifier="_K82D6zDcEey1FOYlnOh8Hw" source="_K82D6TDcEey1FOYlnOh8Hw" target="_K82D3zDcEey1FOYlnOh8Hw">      <name xml:lang="en"/>      <documentation/>    </relationship>    <relationship xsi:type="Triggering" identifier="_K82EATDcEey1FOYlnOh8Hw" source="_K82D7zDcEey1FOYlnOh8Hw" target="_K82D9zDcEey1FOYlnOh8Hw">      <name xml:lang="en"/>      <documentation/>    </relationship>    <relationship xsi:type="Triggering" identifier="_K82EAzDcEey1FOYlnOh8Hw" source="_K82D9zDcEey1FOYlnOh8Hw" target="_K82D-TDcEey1FOYlnOh8Hw">      <name xml:lang="en"/>      <documentation/>    </relationship>    <relationship xsi:type="Triggering" identifier="_K82EBTDcEey1FOYlnOh8Hw" source="_K82D-TDcEey1FOYlnOh8Hw" target="_K82D-zDcEey1FOYlnOh8Hw">      <name xml:lang="en"/>      <documentation/>    </relationship>    <relationship xsi:type="Triggering" identifier="_K82EBzDcEey1FOYlnOh8Hw" source="_K82D-zDcEey1FOYlnOh8Hw" target="_K82D_zDcEey1FOYlnOh8Hw">      <name xml:lang="en"/>      <documentation/>    </relationship>    <relationship xsi:type="Triggering" identifier="_K82ECTDcEey1FOYlnOh8Hw" source="_K82D_zDcEey1FOYlnOh8Hw" target="_K82D4zDcEey1FOYlnOh8Hw">      <name xml:lang="en"/>      <documentation/>    </relationship>    <relationship xsi:type="Triggering" identifier="_K82ECzDcEey1FOYlnOh8Hw" source="_K82D_zDcEey1FOYlnOh8Hw" target="_K82EDTDcEey1FOYlnOh8Hw">      <name xml:lang="en"/>      <documentation/>    </relationship>    <relationship xsi:type="Specialization" identifier="_K82EEzDcEey1FOYlnOh8Hw" source="_K82DuzDcEey1FOYlnOh8Hw" target="_K82DvTDcEey1FOYlnOh8Hw">      <name xml:lang="en"/>      <documentation/>    </relationship>    <relationship xsi:type="Specialization" identifier="_K82EFTDcEey1FOYlnOh8Hw" source="_K82DuzDcEey1FOYlnOh8Hw" target="_K82DvzDcEey1FOYlnOh8Hw">      <name xml:lang="en"/>      <documentation/>    </relationship>    <relationship xsi:type="Serving" identifier="_K82EFzDcEey1FOYlnOh8Hw" source="_K82DwTDcEey1FOYlnOh8Hw" target="_K82DwzDcEey1FOYlnOh8Hw">      <name xml:lang="en"/>      <documentation/>    </relationship>    <relationship xsi:type="Association" identifier="_K82EGTDcEey1FOYlnOh8Hw" source="_K82DwzDcEey1FOYlnOh8Hw" target="_K82DuzDcEey1FOYlnOh8Hw">      <name xml:lang="en"/>      <documentation/>    </relationship>    <relationship xsi:type="Triggering" identifier="_K82EGzDcEey1FOYlnOh8Hw" source="_K82DxTDcEey1FOYlnOh8Hw" target="_K82DyTDcEey1FOYlnOh8Hw">      <name xml:lang="en"/>      <documentation/>    </relationship>    <relationship xsi:type="Specialization" identifier="_K82EHTDcEey1FOYlnOh8Hw" source="_K82DzTDcEey1FOYlnOh8Hw" target="_K82D0zDcEey1FOYlnOh8Hw">      <name xml:lang="en"/>      <documentation/>    </relationship>    <relationship xsi:type="Association" identifier="_K82EHzDcEey1FOYlnOh8Hw" source="_K82DyTDcEey1FOYlnOh8Hw" target="_K82DyzDcEey1FOYlnOh8Hw">      <name xml:lang="en"/>      <documentation/>    </relationship>    <relationship xsi:type="Association" identifier="_K82EITDcEey1FOYlnOh8Hw" source="_K82DyTDcEey1FOYlnOh8Hw" target="_K82DzTDcEey1FOYlnOh8Hw">      <name xml:lang="en"/>      <documentation/>    </relationship>    <relationship xsi:type="Specialization" identifier="_K82EIzDcEey1FOYlnOh8Hw" source="_K82D0zDcEey1FOYlnOh8Hw" target="_K82D1TDcEey1FOYlnOh8Hw">      <name xml:lang="en"/>      <documentation/>    </relationship>    <relationship xsi:type="Association" identifier="_K82EJTDcEey1FOYlnOh8Hw" source="_K82D2TDcEey1FOYlnOh8Hw" target="_K82D2zDcEey1FOYlnOh8Hw">      <name xml:lang="en"/>      <documentation/>    </relationship>    <relationship xsi:type="Specialization" identifier="_K82EJzDcEey1FOYlnOh8Hw" source="_K82D2zDcEey1FOYlnOh8Hw" target="_K82D3TDcEey1FOYlnOh8Hw">      <name xml:lang="en"/>      <documentation/>    </relationship>    <relationship xsi:type="Triggering" identifier="_K82EKTDcEey1FOYlnOh8Hw" source="_K82D5zDcEey1FOYlnOh8Hw" target="_K82D3zDcEey1FOYlnOh8Hw">      <name xml:lang="en"/>      <documentation/>    </relationship>    <relationship xsi:type="Triggering" identifier="_K82EKzDcEey1FOYlnOh8Hw" source="_K82D3zDcEey1FOYlnOh8Hw" target="_K82D7zDcEey1FOYlnOh8Hw">      <name xml:lang="en"/>      <documentation/>    </relationship>    <relationship xsi:type="Triggering" identifier="_K82ELTDcEey1FOYlnOh8Hw" source="_K82EDTDcEey1FOYlnOh8Hw" target="_K82EDzDcEey1FOYlnOh8Hw">      <name xml:lang="en"/>      <documentation/>    </relationship>    <relationship xsi:type="Triggering" identifier="_K82ELzDcEey1FOYlnOh8Hw" source="_K82D5TDcEey1FOYlnOh8Hw" target="_K82EDzDcEey1FOYlnOh8Hw">      <name xml:lang="en"/>      <documentation/>    </relationship>    <relationship xsi:type="Triggering" identifier="_K82EMTDcEey1FOYlnOh8Hw" source="_K82EDzDcEey1FOYlnOh8Hw" target="_K82D5TDcEey1FOYlnOh8Hw">      <name xml:lang="en"/>      <documentation/>    </relationship>    <relationship xsi:type="Triggering" identifier="_K82EMzDcEey1FOYlnOh8Hw" source="_K82D1zDcEey1FOYlnOh8Hw" target="_K82D2TDcEey1FOYlnOh8Hw">      <name xml:lang="en"/>      <documentation/>    </relationship>    <relationship xsi:type="Triggering" identifier="_K82ENTDcEey1FOYlnOh8Hw" source="_K82D5TDcEey1FOYlnOh8Hw" target="_K82D3zDcEey1FOYlnOh8Hw">      <name xml:lang="en"/>      <documentation/>    </relationship>    <relationship xsi:type="Specialization" identifier="_K82ENzDcEey1FOYlnOh8Hw" source="_K82DuzDcEey1FOYlnOh8Hw" target="_K82EETDcEey1FOYlnOh8Hw">      <name xml:lang="en"/>      <documentation/>    </relationship>  </relationships>  <views>    <diagrams>      <view identifier="_K8zncDDcEey1FOYlnOh8Hw">        <name xml:lang="en">Описание событий</name>        <node xsi:type="Container" identifier="_K8zncjDcEey1FOYlnOh8Hw" h="310" w="570" x="21" y="31">          <label xml:lang="en">Запись в сервисе учета</label>          <node xsi:type="Label" identifier="_K8znczDcEey1FOYlnOh8Hw" h="260" w="540" x="36" y="67">            <label xml:lang="en">- Дебит -- Фирма/или клиент (напр. Брискли)- Кредит -- Фирма/или клиент (напр. ИП Кайыркенова )- Сумма- Валюта- Тип (комисия брискли/сервиса, оплата товара клиентом, и др)- Описание- Дата платежа- Платформа (cp, tinkoff, stripe, 1c)- Files- External ID Transaction- Internal ID Transaction- Дата создания- Additional data (чеки, клиент, маска карты/зорро и пр.)</label>          </node>        </node>        <node xsi:type="Container" identifier="_K8zndDDcEey1FOYlnOh8Hw" h="360" w="420" x="21" y="813">          <label xml:lang="en">Сформированные записи</label>          <node xsi:type="Element" identifier="_K8zndTDcEey1FOYlnOh8Hw" h="90" w="190" x="27" y="847" elementRef="_K82DuzDcEey1FOYlnOh8Hw"/>          <node xsi:type="Element" identifier="_K8zndjDcEey1FOYlnOh8Hw" h="90" w="160" x="259" y="847" elementRef="_K82DvTDcEey1FOYlnOh8Hw"/>          <node xsi:type="Element" identifier="_K81cpTDcEey1FOYlnOh8Hw" h="90" w="160" x="259" y="951" elementRef="_K82DvzDcEey1FOYlnOh8Hw"/>          <node xsi:type="Label" identifier="_K81crjDcEey1FOYlnOh8Hw" h="100" w="230" x="191" y="1050">            <label xml:lang="en">По итогу:Баланс между ср и магазином равен 0.У магазина перед брискли пораждается задолженость в виде коммисии брискли.</label>          </node>          <node xsi:type="Element" identifier="_K81dDDDcEey1FOYlnOh8Hw" h="110" w="150" x="27" y="1004" elementRef="_K82EETDcEey1FOYlnOh8Hw"/>        </node>        <node xsi:type="Element" identifier="_K81crzDcEey1FOYlnOh8Hw" h="80" w="390" x="36" y="360" elementRef="_K82DwTDcEey1FOYlnOh8Hw"/>        <node xsi:type="Container" identifier="_K81csDDcEey1FOYlnOh8Hw" h="300" w="420" x="21" y="486">          <label xml:lang="en">События</label>          <node xsi:type="Label" identifier="_K81csTDcEey1FOYlnOh8Hw" h="170" w="290" x="40" y="530">            <label xml:lang="en">Status: SuccessOperation: Pay from ClientPlatform: CloudPaymentsAmount: 100Currency: KZInternalId: InID-CP-1Recipiens: - ID: ID_OF_MERCHANT - Amount: 100- Fee: 0- TransactionId: CP-ID-1</label>          </node>          <node xsi:type="Element" identifier="_K81csjDcEey1FOYlnOh8Hw" h="40" w="80" x="234" y="541" elementRef="_K82DwzDcEey1FOYlnOh8Hw"/>        </node>        <node xsi:type="Element" identifier="_K81cwzDcEey1FOYlnOh8Hw" h="110" w="390" x="507" y="360" elementRef="_K82DxTDcEey1FOYlnOh8Hw"/>        <node xsi:type="Container" identifier="_K81cxDDcEey1FOYlnOh8Hw" h="300" w="438" x="512" y="486">          <label xml:lang="en">События</label>          <node xsi:type="Label" identifier="_K81cxTDcEey1FOYlnOh8Hw" h="250" w="290" x="520" y="520">            <label xml:lang="en">Status: SuccessOperation: Pay from ClientPlatform: StripeAmount: 100Currency: USDInternalId: InID-CP-1Recipiens: - ID: ID_OF_MERCHANT - Amount: 94- Fee: 0- TransactionId: ST-ID-1-------------------------------- - ID: ID_OF_BRISKLY_IN_STRIPE - Amount: 6- Fee: 5.6- TransactionId: ST-ID-1--------------------------------</label>          </node>          <node xsi:type="Element" identifier="_K81cxjDcEey1FOYlnOh8Hw" h="40" w="80" x="681" y="531" elementRef="_K82DyTDcEey1FOYlnOh8Hw"/>        </node>        <node xsi:type="Container" identifier="_K81cxzDcEey1FOYlnOh8Hw" h="400" w="450" x="510" y="813">          <label xml:lang="en">Сформированые записи</label>          <node xsi:type="Element" identifier="_K81c0DDcEey1FOYlnOh8Hw" h="100" w="200" x="528" y="847" elementRef="_K82DyzDcEey1FOYlnOh8Hw"/>          <node xsi:type="Element" identifier="_K81c0TDcEey1FOYlnOh8Hw" h="100" w="200" x="749" y="847" elementRef="_K82DzTDcEey1FOYlnOh8Hw"/>          <node xsi:type="Element" identifier="_K81c0jDcEey1FOYlnOh8Hw" h="100" w="200" x="749" y="978" elementRef="_K82D0zDcEey1FOYlnOh8Hw"/>          <node xsi:type="Label" identifier="_K81c6zDcEey1FOYlnOh8Hw" h="90" w="420" x="530" y="1102">            <label xml:lang="en">По итогу:На учетка страйпа аккаунта магазина 94$На учетке страйпа аккаунта брискли 0.4$Коммисия страйпа сразу же снимается с той части платежа что принадлежит брискли</label>          </node>        </node>        <node xsi:type="Element" identifier="_K81c7DDcEey1FOYlnOh8Hw" h="110" w="390" x="1021" y="360" elementRef="_K82D1zDcEey1FOYlnOh8Hw"/>        <node xsi:type="Container" identifier="_K81c7TDcEey1FOYlnOh8Hw" h="300" w="400" x="1015" y="486">          <label xml:lang="en">События</label>          <node xsi:type="Label" identifier="_K81c7jDcEey1FOYlnOh8Hw" h="180" w="300" x="1021" y="521">            <label xml:lang="en">Status: SuccessOperation: PayoutPlatform: StripeAmount: 100Currency: USDInternalId: InID-ST-2Recipiens: - ID: ID_OF_BRISKLY_BANK_ACC - Amount: 100- Fee: 1- TransactionId: ST-ID-2--------------------------------</label>          </node>          <node xsi:type="Element" identifier="_K81c7zDcEey1FOYlnOh8Hw" h="40" w="80" x="1227" y="531" elementRef="_K82D2TDcEey1FOYlnOh8Hw"/>        </node>        <node xsi:type="Container" identifier="_K81c8DDcEey1FOYlnOh8Hw" h="370" w="400" x="1015" y="813">          <label xml:lang="en">Сформированые записи</label>          <node xsi:type="Element" identifier="_K81c8TDcEey1FOYlnOh8Hw" h="110" w="200" x="1115" y="842" elementRef="_K82D2zDcEey1FOYlnOh8Hw"/>          <node xsi:type="Element" identifier="_K81c8jDcEey1FOYlnOh8Hw" h="90" w="200" x="1115" y="1004" elementRef="_K82D3TDcEey1FOYlnOh8Hw"/>          <node xsi:type="Label" identifier="_K81dAzDcEey1FOYlnOh8Hw" h="60" w="350" x="1040" y="1102">            <label xml:lang="en">По итогу:Получаем что в банке у брискли должно быть 99$Коммисия страйпа за перевод 1$</label>          </node>        </node>        <connection xsi:type="Relationship" identifier="_K8zndzDcEey1FOYlnOh8Hw" source="_K8zndTDcEey1FOYlnOh8Hw" target="_K8zndjDcEey1FOYlnOh8Hw" relationshipRef="_K82EEzDcEey1FOYlnOh8Hw">          <bendpoint x="238" y="892"/>          <bendpoint x="238" y="892"/>        </connection>        <connection xsi:type="Relationship" identifier="_K81cpjDcEey1FOYlnOh8Hw" source="_K8zndTDcEey1FOYlnOh8Hw" target="_K81cpTDcEey1FOYlnOh8Hw" relationshipRef="_K82EFTDcEey1FOYlnOh8Hw">          <bendpoint x="238" y="892"/>          <bendpoint x="238" y="996"/>        </connection>        <connection xsi:type="Relationship" identifier="_K81cszDcEey1FOYlnOh8Hw" source="_K81crzDcEey1FOYlnOh8Hw" target="_K81csjDcEey1FOYlnOh8Hw" relationshipRef="_K82EFzDcEey1FOYlnOh8Hw">          <bendpoint x="274" y="491"/>          <bendpoint x="274" y="490"/>        </connection>        <connection xsi:type="Relationship" identifier="_K81cuzDcEey1FOYlnOh8Hw" source="_K81csjDcEey1FOYlnOh8Hw" target="_K8zndTDcEey1FOYlnOh8Hw" relationshipRef="_K82EGTDcEey1FOYlnOh8Hw">          <bendpoint x="226" y="561"/>          <bendpoint x="225" y="892"/>        </connection>        <connection xsi:type="Relationship" identifier="_K81cyDDcEey1FOYlnOh8Hw" source="_K81cwzDcEey1FOYlnOh8Hw" target="_K81cxjDcEey1FOYlnOh8Hw" relationshipRef="_K82EGzDcEey1FOYlnOh8Hw">          <bendpoint x="721" y="501"/>          <bendpoint x="721" y="500"/>        </connection>        <connection xsi:type="Relationship" identifier="_K81c0zDcEey1FOYlnOh8Hw" source="_K81c0TDcEey1FOYlnOh8Hw" target="_K81c0jDcEey1FOYlnOh8Hw" relationshipRef="_K82EHTDcEey1FOYlnOh8Hw">          <bendpoint x="849" y="963"/>          <bendpoint x="849" y="962"/>        </connection>        <connection xsi:type="Relationship" identifier="_K81c2zDcEey1FOYlnOh8Hw" source="_K81cxjDcEey1FOYlnOh8Hw" target="_K81c0DDcEey1FOYlnOh8Hw" relationshipRef="_K82EHzDcEey1FOYlnOh8Hw">          <bendpoint x="704" y="709"/>          <bendpoint x="704" y="709"/>        </connection>        <connection xsi:type="Relationship" identifier="_K81c4zDcEey1FOYlnOh8Hw" source="_K81cxjDcEey1FOYlnOh8Hw" target="_K81c0TDcEey1FOYlnOh8Hw" relationshipRef="_K82EITDcEey1FOYlnOh8Hw">          <bendpoint x="755" y="709"/>          <bendpoint x="755" y="709"/>        </connection>        <connection xsi:type="Relationship" identifier="_K81c8zDcEey1FOYlnOh8Hw" source="_K81c7zDcEey1FOYlnOh8Hw" target="_K81c8TDcEey1FOYlnOh8Hw" relationshipRef="_K82EJTDcEey1FOYlnOh8Hw">          <bendpoint x="1267" y="707"/>          <bendpoint x="1267" y="706"/>        </connection>        <connection xsi:type="Relationship" identifier="_K81c-zDcEey1FOYlnOh8Hw" source="_K81c8TDcEey1FOYlnOh8Hw" target="_K81c8jDcEey1FOYlnOh8Hw" relationshipRef="_K82EJzDcEey1FOYlnOh8Hw">          <bendpoint x="1215" y="978"/>          <bendpoint x="1215" y="978"/>        </connection>        <connection xsi:type="Relationship" identifier="_K81dBDDcEey1FOYlnOh8Hw" source="_K81c7DDcEey1FOYlnOh8Hw" target="_K81c7zDcEey1FOYlnOh8Hw" relationshipRef="_K82EMzDcEey1FOYlnOh8Hw">          <bendpoint x="1267" y="501"/>          <bendpoint x="1267" y="500"/>        </connection>        <connection xsi:type="Relationship" identifier="_K81dDTDcEey1FOYlnOh8Hw" source="_K8zndTDcEey1FOYlnOh8Hw" target="_K81dDDDcEey1FOYlnOh8Hw" relationshipRef="_K82ENzDcEey1FOYlnOh8Hw">          <bendpoint x="102" y="971"/>          <bendpoint x="102" y="970"/>        </connection>      </view>      <view identifier="_K81dFTDcEey1FOYlnOh8Hw">        <name xml:lang="en">Архитектура макро</name>        <node xsi:type="Element" identifier="_K81dGTDcEey1FOYlnOh8Hw" h="120" w="740" x="121" y="198" elementRef="_K82D4zDcEey1FOYlnOh8Hw">          <node xsi:type="Element" identifier="_K81dGDDcEey1FOYlnOh8Hw" h="50" w="150" x="156" y="233" elementRef="_K82D3zDcEey1FOYlnOh8Hw"/>          <node xsi:type="Element" identifier="_K81dTDDcEey1FOYlnOh8Hw" h="60" w="250" x="480" y="230" elementRef="_K82EDTDcEey1FOYlnOh8Hw"/>        </node>        <node xsi:type="Element" identifier="_K81dGjDcEey1FOYlnOh8Hw" h="120" w="370" x="61" y="21" elementRef="_K82D5TDcEey1FOYlnOh8Hw">          <node xsi:type="Element" identifier="_K81dFzDcEey1FOYlnOh8Hw" h="60" w="130" x="71" y="69" elementRef="_K82D5zDcEey1FOYlnOh8Hw"/>          <node xsi:type="Element" identifier="_K81dGzDcEey1FOYlnOh8Hw" h="60" w="130" x="224" y="69" elementRef="_K82D6TDcEey1FOYlnOh8Hw"/>        </node>        <node xsi:type="Element" identifier="_K81dHDDcEey1FOYlnOh8Hw" h="280" w="900" x="61" y="364" elementRef="_K82D7TDcEey1FOYlnOh8Hw">          <node xsi:type="Element" identifier="_K81dHTDcEey1FOYlnOh8Hw" h="104" w="250" x="71" y="403" elementRef="_K82D7zDcEey1FOYlnOh8Hw"/>          <node xsi:type="Element" identifier="_K81dJzDcEey1FOYlnOh8Hw" h="100" w="250" x="366" y="405" elementRef="_K82D9zDcEey1FOYlnOh8Hw"/>          <node xsi:type="Element" identifier="_K81dMDDcEey1FOYlnOh8Hw" h="100" w="250" x="366" y="527" elementRef="_K82D-TDcEey1FOYlnOh8Hw"/>          <node xsi:type="Element" identifier="_K81dOTDcEey1FOYlnOh8Hw" h="102" w="250" x="648" y="527" elementRef="_K82D-zDcEey1FOYlnOh8Hw">            <node xsi:type="Element" identifier="_K81dOjDcEey1FOYlnOh8Hw" h="60" w="130" x="708" y="559" elementRef="_K82D_TDcEey1FOYlnOh8Hw"/>          </node>          <node xsi:type="Element" identifier="_K81dQzDcEey1FOYlnOh8Hw" h="90" w="250" x="648" y="405" elementRef="_K82D_zDcEey1FOYlnOh8Hw"/>        </node>        <node xsi:type="Label" identifier="_K81dJjDcEey1FOYlnOh8Hw" h="70" w="450" x="718" y="64">          <label xml:lang="en">Необходимо обеспечить идемпотентность для обработчика событийНа каждое событие должно приходить &quot;подтверждение&quot; обработкиСобытие на которое не получено подтверждение от необходимо сервиса должно прокинуться еще раз.</label>        </node>        <node xsi:type="Element" identifier="_K81dVTDcEey1FOYlnOh8Hw" h="70" w="230" x="480" y="64" elementRef="_K82EDzDcEey1FOYlnOh8Hw"/>        <connection xsi:type="Relationship" identifier="_K81dHjDcEey1FOYlnOh8Hw" source="_K81dGDDcEey1FOYlnOh8Hw" target="_K81dHTDcEey1FOYlnOh8Hw" relationshipRef="_K82EKzDcEey1FOYlnOh8Hw">          <bendpoint x="231" y="343"/>          <bendpoint x="231" y="343"/>        </connection>        <connection xsi:type="Relationship" identifier="_K81dKDDcEey1FOYlnOh8Hw" source="_K81dHTDcEey1FOYlnOh8Hw" target="_K81dJzDcEey1FOYlnOh8Hw" relationshipRef="_K82EATDcEey1FOYlnOh8Hw">          <bendpoint x="343" y="455"/>          <bendpoint x="344" y="455"/>        </connection>        <connection xsi:type="Relationship" identifier="_K81dMTDcEey1FOYlnOh8Hw" source="_K81dJzDcEey1FOYlnOh8Hw" target="_K81dMDDcEey1FOYlnOh8Hw" relationshipRef="_K82EAzDcEey1FOYlnOh8Hw">          <bendpoint x="491" y="516"/>          <bendpoint x="491" y="516"/>        </connection>        <connection xsi:type="Relationship" identifier="_K81dOzDcEey1FOYlnOh8Hw" source="_K81dMDDcEey1FOYlnOh8Hw" target="_K81dOTDcEey1FOYlnOh8Hw" relationshipRef="_K82EBTDcEey1FOYlnOh8Hw">          <bendpoint x="632" y="577"/>          <bendpoint x="632" y="577"/>        </connection>        <connection xsi:type="Relationship" identifier="_K81dRDDcEey1FOYlnOh8Hw" source="_K81dOTDcEey1FOYlnOh8Hw" target="_K81dQzDcEey1FOYlnOh8Hw" relationshipRef="_K82EBzDcEey1FOYlnOh8Hw">          <bendpoint x="773" y="511"/>          <bendpoint x="773" y="511"/>        </connection>        <connection xsi:type="Relationship" identifier="_K81dTTDcEey1FOYlnOh8Hw" source="_K81dQzDcEey1FOYlnOh8Hw" target="_K81dTDDcEey1FOYlnOh8Hw" relationshipRef="_K82ECzDcEey1FOYlnOh8Hw">          <bendpoint x="689" y="347"/>          <bendpoint x="689" y="348"/>        </connection>        <connection xsi:type="Relationship" identifier="_K81dVjDcEey1FOYlnOh8Hw" source="_K81dTDDcEey1FOYlnOh8Hw" target="_K81dVTDcEey1FOYlnOh8Hw" relationshipRef="_K82ELTDcEey1FOYlnOh8Hw">          <bendpoint x="595" y="182"/>          <bendpoint x="595" y="182"/>        </connection>        <connection xsi:type="Relationship" identifier="_K81dXjDcEey1FOYlnOh8Hw" source="_K81dGjDcEey1FOYlnOh8Hw" target="_K81dVTDcEey1FOYlnOh8Hw" relationshipRef="_K82ELzDcEey1FOYlnOh8Hw">          <bendpoint x="455" y="99"/>          <bendpoint x="456" y="99"/>        </connection>        <connection xsi:type="Relationship" identifier="_K81dZjDcEey1FOYlnOh8Hw" source="_K81dVTDcEey1FOYlnOh8Hw" target="_K81dGjDcEey1FOYlnOh8Hw" relationshipRef="_K82EMTDcEey1FOYlnOh8Hw">          <bendpoint x="456" y="99"/>          <bendpoint x="455" y="99"/>        </connection>        <connection xsi:type="Relationship" identifier="_K82DsjDcEey1FOYlnOh8Hw" source="_K81dGjDcEey1FOYlnOh8Hw" target="_K81dGDDcEey1FOYlnOh8Hw" relationshipRef="_K82ENTDcEey1FOYlnOh8Hw">          <bendpoint x="231" y="187"/>          <bendpoint x="231" y="187"/>        </connection>      </view>    </diagrams>  </views></model>
