{"identifier":"https://me.big.tuwien.ac.at/EAModelSet/_K8uH4DDcEey1FOYlnOh8Hw","archimateId":"_K8uH4DDcEey1FOYlnOh8Hw","name":"buhService","description":"","formats":["XML","CSV","JSON","ARCHIMATE"],"source":"GenMyModel","repository":"","license":"","sourceFile":"raw-data/genmymodel/_k8uh4ddceey1foylnoh8hw.xml","sourceFormat":"XML","timestamp":"2023-07-06T10:01:17","tags":[],"duplicates":[],"language":"ru","elements":[{"id":"_K82DuzDcEey1FOYlnOh8Hw","name":"Кредит  Магазин- Дебит \"CloudPayments\"Сумма - 100Тип - Оплата товара клиентомВалюта  - ТенгеExID CP-ID-1","type":"DataObject","layer":"application"},{"id":"_K82DvTDcEey1FOYlnOh8Hw","name":"Кредит \"CloudPayments\"Дебит МагазинCумма - 100Тип - Отправка средств мерчуВалюта ТенгеExID CP-ID-1","type":"DataObject","layer":"application"},{"id":"_K82DvzDcEey1FOYlnOh8Hw","name":"Кредит \"Магазин\"Дебит \"брискли\"Сумма 9Тип - Коммисия брисклиВалюта тенгеExID CP-ID-1","type":"DataObject","layer":"application"},{"id":"_K82DwTDcEey1FOYlnOh8Hw","name":"Оплата клиентом товара \"Магазина\"Сумма: 100 тенгеПлатформа: СРExternal ID Transaction: CP-ID-1","type":"BusinessService","layer":"business"},{"id":"_K82DwzDcEey1FOYlnOh8Hw","name":"Event","type":"ApplicationEvent","layer":"application"},{"id":"_K82DxTDcEey1FOYlnOh8Hw","name":"Оплата клиентом товара \"The Dragstore\"Сумма: 100 USDПлатформа: STRIPEExternal ID Transaction: ST-ID-1Платеж делится на части:94$ уходит магазину, 6; на аккаунт брискли и с этих 6; еще коммисия сервиса","type":"BusinessService","layer":"business"},{"id":"_K82DxzDcEey1FOYlnOh8Hw","name":"Оплата клиентом товара \"Магазина\"Сумма: 100 тенгеПлатформа: СРExternal ID Transaction: CP-ID-1","type":"BusinessService","layer":"business"},{"id":"_K82DyTDcEey1FOYlnOh8Hw","name":"Event","type":"ApplicationEvent","layer":"application"},{"id":"_K82DyzDcEey1FOYlnOh8Hw","name":"Кредит: StripeДебит: The DragstoreСумма: 94$Тип: Оплата товара клиентомВалюта: USDExID: ST-ID-1","type":"DataObject","layer":"application"},{"id":"_K82DzTDcEey1FOYlnOh8Hw","name":"Кредит: StripeДебит: БрисклиСумма: 6$Тип: Коммисия брисклиВалюта: USDExID: ST-ID-1","type":"DataObject","layer":"application"},{"id":"_K82DzzDcEey1FOYlnOh8Hw","name":"Кредит: БрисклиДебит: StripeСумма: 5.6$Тип: Коммисия страйпа за платежВалюта: USDExID: ST-ID-1","type":"ApplicationEvent","layer":"application"},{"id":"_K82D0TDcEey1FOYlnOh8Hw","name":"Кредит: БрисклиДебит: StripeСумма: 5.6$Тип: Коммисия страйпа за платежВалюта: USDExID: ST-ID-1","type":"ApplicationEvent","layer":"application"},{"id":"_K82D0zDcEey1FOYlnOh8Hw","name":"Кредит: БрисклиДебит: StripeСумма: 5.6$Тип: Коммисия страйпа за платежВалюта: USDExID: ST-ID-1","type":"DataObject","layer":"application"},{"id":"_K82D1TDcEey1FOYlnOh8Hw","name":"Кредит: StripeДебит: БрисклиСумма: 5.6$Тип: Коммисия страйпа за платежВалюта: USDExID: ST-ID-1","type":"DataObject","layer":"application"},{"id":"_K82D1zDcEey1FOYlnOh8Hw","name":"Перевод средст с аккаунта страйпа на счет брисклиСумма: 100 USDПлатформа: STRIPEExternal ID Transaction: ST-ID-2Возможна комиссия","type":"BusinessService","layer":"business"},{"id":"_K82D2TDcEey1FOYlnOh8Hw","name":"Event","type":"ApplicationEvent","layer":"application"},{"id":"_K82D2zDcEey1FOYlnOh8Hw","name":"Кредит: BrisklyДебит: StripeСумма: 99$Тип: Вывод средст на счет брисклиВалюта: USDExID: ST-ID-2","type":"DataObject","layer":"application"},{"id":"_K82D3TDcEey1FOYlnOh8Hw","name":"Кредит: StripeДебит: BrisklyСумма: 1$Тип: Коммисия за вывод средствВалюта: USDExID: ST-ID-2","type":"DataObject","layer":"application"},{"id":"_K82D3zDcEey1FOYlnOh8Hw","name":"Pay Event","type":"ApplicationEvent","layer":"application"},{"id":"_K82D4TDcEey1FOYlnOh8Hw","name":"Process","type":"ApplicationProcess","layer":"application"},{"id":"_K82D4zDcEey1FOYlnOh8Hw","name":"Pub/Sub Service","type":"TechnologyService","layer":"technology"},{"id":"_K82D5TDcEey1FOYlnOh8Hw","name":"External Service","type":"Grouping","layer":"other"},{"id":"_K82D5zDcEey1FOYlnOh8Hw","name":"Service PCI DSS","type":"ApplicationService","layer":"application"},{"id":"_K82D6TDcEey1FOYlnOh8Hw","name":"Payment Service","type":"ApplicationService","layer":"application"},{"id":"_K82D7TDcEey1FOYlnOh8Hw","name":"Buh Service","type":"Grouping","layer":"other"},{"id":"_K82D7zDcEey1FOYlnOh8Hw","name":"Subscriber Service","type":"ApplicationService","layer":"application"},{"id":"_K82D8TDcEey1FOYlnOh8Hw","name":"Process","type":"ApplicationProcess","layer":"application"},{"id":"_K82D8zDcEey1FOYlnOh8Hw","name":"Сохранение информации о полученом событии","type":"ApplicationFunction","layer":"application"},{"id":"_K82D9TDcEey1FOYlnOh8Hw","name":"Проверка на дублирование события","type":"ApplicationFunction","layer":"application"},{"id":"_K82D9zDcEey1FOYlnOh8Hw","name":"Проверка события. Оно не должно быть обработаным или обрабытваться уже другим процессом","type":"ApplicationProcess","layer":"application"},{"id":"_K82D-TDcEey1FOYlnOh8Hw","name":"Сбор необходимой информации на основе данных события","type":"ApplicationProcess","layer":"application"},{"id":"_K82D-zDcEey1FOYlnOh8Hw","name":"Формирование записей в сервис","type":"ApplicationProcess","layer":"application"},{"id":"_K82D_TDcEey1FOYlnOh8Hw","name":"Кредит-Дебит","type":"DataObject","layer":"application"},{"id":"_K82D_zDcEey1FOYlnOh8Hw","name":"EventDispatcher","type":"ApplicationService","layer":"application"},{"id":"_K82EDTDcEey1FOYlnOh8Hw","name":"Confirmation Event","type":"ApplicationEvent","layer":"application"},{"id":"_K82EDzDcEey1FOYlnOh8Hw","name":"Сервис контроля доставки и обработки события","type":"ApplicationService","layer":"application"},{"id":"_K82EETDcEey1FOYlnOh8Hw","name":"Кредит CloudPayments - Дебит \"Брискли\"Сумма - 1Тип - Комиссия ср за транзакциюВалюта  - РубльExID CP-ID-1","type":"DataObject","layer":"application"}],"relationships":[{"id":"_K82D6zDcEey1FOYlnOh8Hw","sourceId":"_K82D6TDcEey1FOYlnOh8Hw","targetId":"_K82D3zDcEey1FOYlnOh8Hw","type":"Triggering"},{"id":"_K82EATDcEey1FOYlnOh8Hw","sourceId":"_K82D7zDcEey1FOYlnOh8Hw","targetId":"_K82D9zDcEey1FOYlnOh8Hw","type":"Triggering"},{"id":"_K82EAzDcEey1FOYlnOh8Hw","sourceId":"_K82D9zDcEey1FOYlnOh8Hw","targetId":"_K82D-TDcEey1FOYlnOh8Hw","type":"Triggering"},{"id":"_K82EBTDcEey1FOYlnOh8Hw","sourceId":"_K82D-TDcEey1FOYlnOh8Hw","targetId":"_K82D-zDcEey1FOYlnOh8Hw","type":"Triggering"},{"id":"_K82EBzDcEey1FOYlnOh8Hw","sourceId":"_K82D-zDcEey1FOYlnOh8Hw","targetId":"_K82D_zDcEey1FOYlnOh8Hw","type":"Triggering"},{"id":"_K82ECTDcEey1FOYlnOh8Hw","sourceId":"_K82D_zDcEey1FOYlnOh8Hw","targetId":"_K82D4zDcEey1FOYlnOh8Hw","type":"Triggering"},{"id":"_K82ECzDcEey1FOYlnOh8Hw","sourceId":"_K82D_zDcEey1FOYlnOh8Hw","targetId":"_K82EDTDcEey1FOYlnOh8Hw","type":"Triggering"},{"id":"_K82EEzDcEey1FOYlnOh8Hw","sourceId":"_K82DuzDcEey1FOYlnOh8Hw","targetId":"_K82DvTDcEey1FOYlnOh8Hw","type":"Specialization"},{"id":"_K82EFTDcEey1FOYlnOh8Hw","sourceId":"_K82DuzDcEey1FOYlnOh8Hw","targetId":"_K82DvzDcEey1FOYlnOh8Hw","type":"Specialization"},{"id":"_K82EFzDcEey1FOYlnOh8Hw","sourceId":"_K82DwTDcEey1FOYlnOh8Hw","targetId":"_K82DwzDcEey1FOYlnOh8Hw","type":"Serving"},{"id":"_K82EGTDcEey1FOYlnOh8Hw","sourceId":"_K82DwzDcEey1FOYlnOh8Hw","targetId":"_K82DuzDcEey1FOYlnOh8Hw","type":"Association"},{"id":"_K82EGzDcEey1FOYlnOh8Hw","sourceId":"_K82DxTDcEey1FOYlnOh8Hw","targetId":"_K82DyTDcEey1FOYlnOh8Hw","type":"Triggering"},{"id":"_K82EHTDcEey1FOYlnOh8Hw","sourceId":"_K82DzTDcEey1FOYlnOh8Hw","targetId":"_K82D0zDcEey1FOYlnOh8Hw","type":"Specialization"},{"id":"_K82EHzDcEey1FOYlnOh8Hw","sourceId":"_K82DyTDcEey1FOYlnOh8Hw","targetId":"_K82DyzDcEey1FOYlnOh8Hw","type":"Association"},{"id":"_K82EITDcEey1FOYlnOh8Hw","sourceId":"_K82DyTDcEey1FOYlnOh8Hw","targetId":"_K82DzTDcEey1FOYlnOh8Hw","type":"Association"},{"id":"_K82EIzDcEey1FOYlnOh8Hw","sourceId":"_K82D0zDcEey1FOYlnOh8Hw","targetId":"_K82D1TDcEey1FOYlnOh8Hw","type":"Specialization"},{"id":"_K82EJTDcEey1FOYlnOh8Hw","sourceId":"_K82D2TDcEey1FOYlnOh8Hw","targetId":"_K82D2zDcEey1FOYlnOh8Hw","type":"Association"},{"id":"_K82EJzDcEey1FOYlnOh8Hw","sourceId":"_K82D2zDcEey1FOYlnOh8Hw","targetId":"_K82D3TDcEey1FOYlnOh8Hw","type":"Specialization"},{"id":"_K82EKTDcEey1FOYlnOh8Hw","sourceId":"_K82D5zDcEey1FOYlnOh8Hw","targetId":"_K82D3zDcEey1FOYlnOh8Hw","type":"Triggering"},{"id":"_K82EKzDcEey1FOYlnOh8Hw","sourceId":"_K82D3zDcEey1FOYlnOh8Hw","targetId":"_K82D7zDcEey1FOYlnOh8Hw","type":"Triggering"},{"id":"_K82ELTDcEey1FOYlnOh8Hw","sourceId":"_K82EDTDcEey1FOYlnOh8Hw","targetId":"_K82EDzDcEey1FOYlnOh8Hw","type":"Triggering"},{"id":"_K82ELzDcEey1FOYlnOh8Hw","sourceId":"_K82D5TDcEey1FOYlnOh8Hw","targetId":"_K82EDzDcEey1FOYlnOh8Hw","type":"Triggering"},{"id":"_K82EMTDcEey1FOYlnOh8Hw","sourceId":"_K82EDzDcEey1FOYlnOh8Hw","targetId":"_K82D5TDcEey1FOYlnOh8Hw","type":"Triggering"},{"id":"_K82EMzDcEey1FOYlnOh8Hw","sourceId":"_K82D1zDcEey1FOYlnOh8Hw","targetId":"_K82D2TDcEey1FOYlnOh8Hw","type":"Triggering"},{"id":"_K82ENTDcEey1FOYlnOh8Hw","sourceId":"_K82D5TDcEey1FOYlnOh8Hw","targetId":"_K82D3zDcEey1FOYlnOh8Hw","type":"Triggering"},{"id":"_K82ENzDcEey1FOYlnOh8Hw","sourceId":"_K82DuzDcEey1FOYlnOh8Hw","targetId":"_K82EETDcEey1FOYlnOh8Hw","type":"Specialization"}],"views":[{"id":"_K8zncDDcEey1FOYlnOh8Hw","name":"Описание событий","viewpoint":""},{"id":"_K81dFTDcEey1FOYlnOh8Hw","name":"Архитектура макро","viewpoint":""}]}