{"identifier":"https://me.big.tuwien.ac.at/EAModelSet/96aceaff-5266-4de1-badd-e53ff65915d8","archimateId":"96aceaff-5266-4de1-badd-e53ff65915d8","name":"Academic ViewPoints","description":"","formats":["XML","CSV","JSON","ARCHIMATE"],"source":"GitHub","sourceFile":"raw-data/github/archimate/cooperacionaplicacion.archimate","sourceFormat":"ARCHIMATE","timestamp":"29-06-2023 09:29:41","tags":["DUPLICATE"],"duplicates":["raw-data/github/archimate/businessfunctionviewpoint.archimate"],"language":"es","elements":[{"id":"062ebe49-1eda-4345-9d3f-76e399e5dbb0","name":"Estudiante","type":"BusinessRole","layer":"business"},{"id":"cbb2a31e-90e8-41b9-a97f-5c1da784ccd1","name":"Docente","type":"BusinessRole","layer":"business"},{"id":"c14fd623-1fc8-490e-a5f5-19f2a66c48ee","name":"Coordinador","type":"BusinessRole","layer":"business"},{"id":"c306461d-4940-4046-9b5d-0afeb9e0526c","name":"Gestion Horarios","type":"BusinessFunction","layer":"business"},{"id":"a0ea2a44-9106-40ca-940f-02f966bc30ff","name":"Gestion Notas","type":"BusinessFunction","layer":"business"},{"id":"49ff30f0-0900-4cbf-8eb1-0ecd660c3466","name":"Gestion Plan de Estudios","type":"BusinessFunction","layer":"business"},{"id":"a71c7464-24e4-46a0-aa5b-da99b5cc09b3","name":"Vicerrectoria Académica","type":"BusinessRole","layer":"business"},{"id":"da653743-ece5-4cae-985f-9bca4c8473cc","name":"Gestion Academica ","type":"BusinessRole","layer":"business"},{"id":"a260424b-b9ef-42cb-9d34-ba771bfececc","name":"Gestion Docente","type":"BusinessFunction","layer":"business"},{"id":"eb08d808-2f6b-4ef1-87ad-497c9e4b9d87","name":"Planeación","type":"BusinessRole","layer":"business"},{"id":"133b07b7-be70-404a-a403-ea87de6f056d","name":"Evaluación Docente","type":"BusinessFunction","layer":"business"},{"id":"e08a74ba-1b35-446d-b475-9f0ef4b8dea9","name":"Decano","type":"BusinessRole","layer":"business"},{"id":"49197df3-a3a4-4b1b-90fa-b998bf9a15da","name":"Docencia","type":"BusinessRole","layer":"business"},{"id":"c6303165-37c1-4f82-9214-2fecee396d34","name":"Validacion Cumplido Docente","type":"BusinessFunction","layer":"business"},{"id":"141854aa-612d-47b3-87ae-c4365c2f69e5","name":"Tesoreria","type":"BusinessRole","layer":"business"},{"id":"08e2a5ec-9e82-4cf7-bb54-387e3ac413f5","name":"Banco","type":"BusinessRole","layer":"business"},{"id":"2e0d3fde-5243-4ac9-9acd-7b57ce4ca19e","name":"Gestion Documentos","type":"BusinessFunction","layer":"business"},{"id":"6ffea38a-d5c0-442e-b4d6-192c180b19f9","name":"Bienestar Insitucional","type":"BusinessRole","layer":"business"},{"id":"6a50da01-8e70-42ca-b76f-d106552381ac","name":"Gestion Admisiones","type":"BusinessFunction","layer":"business"},{"id":"a28e1463-956b-4c2d-bb79-86898dd1fc02","name":"Aspirante","type":"BusinessRole","layer":"business"},{"id":"0d166af5-3afd-4651-bf2e-6e09d86ad0af","name":"Gestion Recibos","type":"BusinessFunction","layer":"business"},{"id":"febf9a5a-3fa6-4536-b0bb-1e7a864b04b9","name":"Gestion Estudiantes","type":"BusinessFunction","layer":"business"},{"id":"6ecaef8a-8a97-4f8a-990a-3aca7d5c7924","name":"Movilidad Academica","type":"BusinessFunction","layer":"business"},{"id":"ee7f2619-25a0-4c90-9d71-42fba879fb41","name":"Gestion Trabajos de Grado","type":"BusinessFunction","layer":"business"},{"id":"f2a69448-2b23-444e-9d59-b3442bb88d35","name":"Descuentos","type":"BusinessFunction","layer":"business"},{"id":"725f3f72-c5b4-4638-b911-b8b34385a22c","name":"Gestion Monitorias","type":"BusinessFunction","layer":"business"},{"id":"f2e555e6-69be-4b2c-8ffc-ac85919a56e0","name":"Vicerrectoria Academica","type":"BusinessRole","layer":"business"},{"id":"71a52650-633d-4778-9040-a8d8601a4192","name":"Empresa","type":"BusinessRole","layer":"business"},{"id":"c4d6c85d-ab97-459c-9dfe-1a759d3c3d42","name":"Business Object","type":"BusinessObject","layer":"business"},{"id":"c284afd1-c38d-4f30-afe8-94b19a603fec","name":"Admisiones","type":"ApplicationComponent","layer":"application"},{"id":"80440ba6-093e-40f0-89f9-c6812c9328a1","name":"Inscripcion de Horarios","type":"ApplicationComponent","layer":"application"},{"id":"f57e2faf-a5c2-4a70-8da4-fab29316d5bb","name":"Aplicacion SGA","type":"ApplicationComponent","layer":"application"},{"id":"ab96c681-e410-4cac-b2b1-6422fd7da498","name":"Configuracion Centralizada","type":"ApplicationComponent","layer":"application"},{"id":"966fc878-d5c1-40f7-8194-ea76ab02d470","name":"Plan de Estudios","type":"ApplicationComponent","layer":"application"},{"id":"7a0f6573-f22f-4b2e-b4dc-487322a81239","name":"Horarios","type":"ApplicationComponent","layer":"application"},{"id":"0664b79b-5650-4077-abd9-f902f0858bf1","name":"Monitorias","type":"ApplicationComponent","layer":"application"},{"id":"82488302-6233-4ec3-a341-0cf21ca8f704","name":"Docentes","type":"ApplicationComponent","layer":"application"},{"id":"e36dd635-65f8-475f-8511-10bc9e9afcad","name":"Recibos ","type":"ApplicationComponent","layer":"application"},{"id":"fc266ceb-495a-4723-999d-ca6e35b38756","name":"Validaciones","type":"ApplicationComponent","layer":"application"},{"id":"55063aa1-a2e7-4b76-9512-2b493b7fa091","name":"Proyecto Curricular","type":"ApplicationComponent","layer":"application"},{"id":"d6c211e1-0d60-41ee-a4f7-668a429fb8c4","name":"Trabajos de Grado","type":"ApplicationComponent","layer":"application"},{"id":"30a6aef7-f495-4ea9-ab44-6752483875a5","name":"Notas","type":"ApplicationComponent","layer":"application"},{"id":"22717376-48dd-425e-be9f-2add63a4d5e5","name":"Centralizacion de Mensajes","type":"ApplicationComponent","layer":"application"},{"id":"957f22ba-b885-436b-96bf-a2224023556d","name":"Sistema de Banco","type":"ApplicationComponent","layer":"application"},{"id":"ed6fb05e-bcc4-405e-ad45-f1b79f26fd53","name":"Pagos","type":"ApplicationComponent","layer":"application"},{"id":"16099cc0-ac11-41cd-9ff9-dfe118043746","name":"Carga Documentacion","type":"ApplicationComponent","layer":"application"},{"id":"fcb56dd9-3de8-4980-8d30-5e7085bedecc","name":"Recursos Financieros","type":"ApplicationComponent","layer":"application"},{"id":"5c5b451e-4c2e-40d9-9ae5-0ded1623e091","name":"Recursos Fisicos","type":"ApplicationComponent","layer":"application"},{"id":"2ee8e576-77e8-4885-b4a0-a87ed304db60","name":"Recursos Humanos","type":"ApplicationComponent","layer":"application"},{"id":"e6e68d1c-9da0-4fbf-a3da-960fa0e16714","name":"Autenticacion","type":"ApplicationComponent","layer":"application"},{"id":"16a94f2f-46eb-4b50-a80f-f53654f3eedb","name":"Calendario Academico","type":"ApplicationComponent","layer":"application"},{"id":"17f39d9a-c5f3-443f-ae96-de79a077c729","name":"Movilidad Academica","type":"ApplicationComponent","layer":"application"},{"id":"5bfd98c2-6300-47a1-91b7-8572730d65ff","name":"Cumplido Docente","type":"ApplicationComponent","layer":"application"},{"id":"ac8c2e3e-feee-4848-bfa2-a2c6d34b0c5c","name":"Datos Personales","type":"ApplicationComponent","layer":"application"},{"id":"e5694833-28aa-4ea2-ba71-63a4c23ea42b","name":"Evaluacion Docente","type":"ApplicationComponent","layer":"application"},{"id":"3f784d50-ff28-47ca-8b4d-76e5c92d3ccc","name":"Reporte Problemas","type":"ApplicationComponent","layer":"application"},{"id":"56e3ddd5-dba7-4f69-a103-68974b115b68","name":"Certificados","type":"ApplicationComponent","layer":"application"},{"id":"2fc86019-c09b-44ea-ae52-fddd790b3b0a","name":"Historial Academico","type":"ApplicationComponent","layer":"application"},{"id":"bf7546c2-5ea6-4a91-b65d-da878b065bce","name":"Prestamo Biblioteca","type":"ApplicationComponent","layer":"application"},{"id":"12d0f1bb-c195-41c8-b1e5-8f35cb6833ea","name":"Admisiones","type":"ApplicationComponent","layer":"application"},{"id":"a56dca43-0834-4cee-b932-39f850efd8cc","name":"Descuentos","type":"ApplicationComponent","layer":"application"},{"id":"6d4d4d76-3989-41c1-b712-695346d92a8a","name":"Vacacionales","type":"ApplicationComponent","layer":"application"},{"id":"ae429bd2-a14a-4272-a255-9ab0f865ab1c","name":"API Gateway","type":"ApplicationService","layer":"application"},{"id":"2d65da00-70b5-4389-847c-50ccb515dae7","name":"REST ","type":"ApplicationInterface","layer":"application"},{"id":"64440545-8910-4ea1-88aa-112114f8faa8","name":"API Gateway","type":"ApplicationComponent","layer":"application"},{"id":"3a2182fb-4ad0-45c2-821e-579fb0e801f2","name":"ELK","type":"ApplicationComponent","layer":"application"},{"id":"8c9808d4-d023-44fc-8781-ffcf12b80477","name":"Recursos Virtuales","type":"ApplicationComponent","layer":"application"},{"id":"98f92e9f-063c-4063-b716-f1c5a12cb229","name":"Lambda","type":"ApplicationComponent","layer":"application"},{"id":"548beb6e-e2dd-4485-a03e-78db6602af87","name":"Lambda (copy)","type":"ApplicationComponent","layer":"application"},{"id":"335191b2-3eae-4bcd-ba8d-e677bcd53f24","name":"Reintegros","type":"ApplicationComponent","layer":"application"},{"id":"6264028f-fc1c-438b-a06e-5760bec09bbd","name":"Application Component","type":"ApplicationComponent","layer":"application"},{"id":"26e9807a-eef4-4798-a4ba-4d501635c5c2","name":"Registro Criterios Evaluacion Docente","type":"ApplicationComponent","layer":"application"},{"id":"0eb9983e-90f2-45f2-8bf2-4c241129ca4e","name":"Notas Evaluacion Docente","type":"ApplicationComponent","layer":"application"},{"id":"fdabd866-3e7d-4c9c-898b-504ca3e2c8b9","name":"Prestamo Material Bibliotecario","type":"ApplicationComponent","layer":"application"},{"id":"86f59b6c-ab18-4ee0-a6d7-7092a8712a4c","name":"Recursos Bibliotecarios","type":"ApplicationComponent","layer":"application"},{"id":"f01a30d9-a342-47df-ba89-5b5da8a6096c","name":"Inscripcion Espacios Academicos","type":"ApplicationComponent","layer":"application"},{"id":"fc5ab949-ac0d-4015-890e-679898a2d104","name":"Soportes Documentos","type":"ApplicationComponent","layer":"application"},{"id":"713cf60b-9dd2-4ba5-b530-44b69a93be4d","name":"Cierre Notas","type":"ApplicationComponent","layer":"application"},{"id":"93a168a8-2293-44e2-b4cc-3680f1b276ad","name":"Observaciones","type":"ApplicationComponent","layer":"application"},{"id":"a4e1e29b-e4a3-4d55-992d-9b65df514c4e","name":"Historico Pagos","type":"ApplicationComponent","layer":"application"},{"id":"2e2f7dc4-27e3-4946-b0a4-128ae9049837","name":"Validacion Documentos","type":"ApplicationComponent","layer":"application"},{"id":"40fbdcdb-6a68-4359-b514-f6916185c570","name":"Calculo Promedios","type":"ApplicationComponent","layer":"application"},{"id":"a116dfea-61ba-4a15-a40e-60b2471b3100","name":"Categorizacion Docente","type":"ApplicationComponent","layer":"application"},{"id":"79b50d44-9050-4745-8cb1-a18210457563","name":"Criterios Admision (Ranking)","type":"ApplicationComponent","layer":"application"},{"id":"c006934e-da10-4221-a762-fd987ed79314","name":"Criterios Reliquidacion","type":"ApplicationComponent","layer":"application"},{"id":"9ee52c6a-103c-4f90-a1c1-e8a675162815","name":"Preinscripcion Materias","type":"ApplicationComponent","layer":"application"},{"id":"19ca0025-d5b7-4728-bea9-4f95875b208a","name":"Derechos Pecunarios","type":"ApplicationComponent","layer":"application"},{"id":"65f14393-f14b-4f9c-a263-c1a2723c6453","name":"Consejerias","type":"ApplicationComponent","layer":"application"},{"id":"82c1d7ac-4e2f-496c-b72f-8ea6852a9f55","name":"Cancelacion Materias","type":"ApplicationComponent","layer":"application"},{"id":"7168b0cc-658e-45ff-832a-e8ac5ab58edf","name":"API Gateway","type":"Node","layer":"technology"},{"id":"8a05169f-d6cf-4610-a499-7b14b9237613","name":"Technology Function","type":"TechnologyFunction","layer":"technology"},{"id":"bac2cb5a-e8ae-4508-ab22-65a04e4be19e","name":"Microservicios","type":"Grouping","layer":"other"},{"id":"175c2f98-a70b-4a6b-a550-4abeb1d66ebd","name":"Integracion","type":"Grouping","layer":"other"},{"id":"64bd102f-8927-42b5-ad68-3c2001e5a9e0","name":"AWS Lambda Operation","type":"Grouping","layer":"other"}],"relationships":[{"id":"45d0df34-0b81-46bf-9300-bcde2735ffff","sourceId":"da653743-ece5-4cae-985f-9bca4c8473cc","targetId":"a0ea2a44-9106-40ca-940f-02f966bc30ff","type":"AssignmentRelationship"},{"id":"816afc6f-1857-41cf-a6dd-5a54c630b5e6","sourceId":"da653743-ece5-4cae-985f-9bca4c8473cc","targetId":"a260424b-b9ef-42cb-9d34-ba771bfececc","type":"AssignmentRelationship"},{"id":"d11e4f57-7a3a-4a25-9d99-95e767ab6ad5","sourceId":"c306461d-4940-4046-9b5d-0afeb9e0526c","targetId":"a260424b-b9ef-42cb-9d34-ba771bfececc","type":"FlowRelationship"},{"id":"07333fdf-f53d-4e2a-a699-649c25753332","sourceId":"c306461d-4940-4046-9b5d-0afeb9e0526c","targetId":"49ff30f0-0900-4cbf-8eb1-0ecd660c3466","type":"FlowRelationship"},{"id":"e70748a3-f658-4945-bf58-ca3567799115","sourceId":"a260424b-b9ef-42cb-9d34-ba771bfececc","targetId":"c306461d-4940-4046-9b5d-0afeb9e0526c","type":"FlowRelationship"},{"id":"ae24130a-d279-47d3-a365-f1591d81017b","sourceId":"49ff30f0-0900-4cbf-8eb1-0ecd660c3466","targetId":"c306461d-4940-4046-9b5d-0afeb9e0526c","type":"FlowRelationship"},{"id":"78f33b93-977d-4d68-bb59-6864afdb7ce4","sourceId":"c14fd623-1fc8-490e-a5f5-19f2a66c48ee","targetId":"c306461d-4940-4046-9b5d-0afeb9e0526c","type":"FlowRelationship"},{"id":"22a9036f-f711-4fa1-aa32-38b9b3234fce","sourceId":"da653743-ece5-4cae-985f-9bca4c8473cc","targetId":"133b07b7-be70-404a-a403-ea87de6f056d","type":"AssignmentRelationship"},{"id":"0fa5822d-a4ae-4cc6-b70f-fcc116faccaa","sourceId":"a260424b-b9ef-42cb-9d34-ba771bfececc","targetId":"133b07b7-be70-404a-a403-ea87de6f056d","type":"FlowRelationship"},{"id":"7d965bff-6100-4258-8464-e3d5f3889dcc","sourceId":"133b07b7-be70-404a-a403-ea87de6f056d","targetId":"49197df3-a3a4-4b1b-90fa-b998bf9a15da","type":"FlowRelationship"},{"id":"0f4a061c-4c5e-4903-ac1e-288056582516","sourceId":"e08a74ba-1b35-446d-b475-9f0ef4b8dea9","targetId":"133b07b7-be70-404a-a403-ea87de6f056d","type":"FlowRelationship"},{"id":"bf4082e2-6652-4266-9f67-4b1f6eb92352","sourceId":"da653743-ece5-4cae-985f-9bca4c8473cc","targetId":"c6303165-37c1-4f82-9214-2fecee396d34","type":"AssignmentRelationship"},{"id":"ec4608d2-643a-4d54-8dba-3db9e1a13797","sourceId":"c6303165-37c1-4f82-9214-2fecee396d34","targetId":"e08a74ba-1b35-446d-b475-9f0ef4b8dea9","type":"FlowRelationship"},{"id":"fee72670-0581-47c8-a5dc-2d04fe67196c","sourceId":"e08a74ba-1b35-446d-b475-9f0ef4b8dea9","targetId":"141854aa-612d-47b3-87ae-c4365c2f69e5","type":"FlowRelationship"},{"id":"8d346891-ae0d-4309-b8bc-b76d8843f5bf","sourceId":"08e2a5ec-9e82-4cf7-bb54-387e3ac413f5","targetId":"cbb2a31e-90e8-41b9-a97f-5c1da784ccd1","type":"FlowRelationship"},{"id":"4d3b1580-5302-4adc-839e-1a308202b10d","sourceId":"cbb2a31e-90e8-41b9-a97f-5c1da784ccd1","targetId":"08e2a5ec-9e82-4cf7-bb54-387e3ac413f5","type":"FlowRelationship"},{"id":"7565cbc4-9b2d-41b6-98fe-5acbe92f9a23","sourceId":"a71c7464-24e4-46a0-aa5b-da99b5cc09b3","targetId":"133b07b7-be70-404a-a403-ea87de6f056d","type":"FlowRelationship"},{"id":"f414eeb7-282d-4e60-9651-20a0034fd279","sourceId":"49197df3-a3a4-4b1b-90fa-b998bf9a15da","targetId":"cbb2a31e-90e8-41b9-a97f-5c1da784ccd1","type":"FlowRelationship"},{"id":"2b70340a-f1b0-4463-8a9d-8d7cf1554b1d","sourceId":"da653743-ece5-4cae-985f-9bca4c8473cc","targetId":"2e0d3fde-5243-4ac9-9acd-7b57ce4ca19e","type":"AssignmentRelationship"},{"id":"33793b98-0954-4a94-9775-947612f421e8","sourceId":"cbb2a31e-90e8-41b9-a97f-5c1da784ccd1","targetId":"a260424b-b9ef-42cb-9d34-ba771bfececc","type":"FlowRelationship"},{"id":"b9daf6dc-30fe-4673-8a1b-5d2dd0839abd","sourceId":"2e0d3fde-5243-4ac9-9acd-7b57ce4ca19e","targetId":"c6303165-37c1-4f82-9214-2fecee396d34","type":"FlowRelationship"},{"id":"9e9c718a-0371-4762-98ab-0d48904455ae","sourceId":"da653743-ece5-4cae-985f-9bca4c8473cc","targetId":"6a50da01-8e70-42ca-b76f-d106552381ac","type":"AssignmentRelationship"},{"id":"c41c406e-aa87-493d-98ec-8e1314a4a33e","sourceId":"a28e1463-956b-4c2d-bb79-86898dd1fc02","targetId":"6a50da01-8e70-42ca-b76f-d106552381ac","type":"FlowRelationship"},{"id":"8c08ee01-88c9-4b62-933d-1b761458e8e3","sourceId":"a28e1463-956b-4c2d-bb79-86898dd1fc02","targetId":"08e2a5ec-9e82-4cf7-bb54-387e3ac413f5","type":"FlowRelationship"},{"id":"e35fb7a8-effb-483c-a880-403bf246ad36","sourceId":"6a50da01-8e70-42ca-b76f-d106552381ac","targetId":"2e0d3fde-5243-4ac9-9acd-7b57ce4ca19e","type":"AssociationRelationship"},{"id":"27546de1-70a2-4246-9edd-4178faa14238","sourceId":"a260424b-b9ef-42cb-9d34-ba771bfececc","targetId":"2e0d3fde-5243-4ac9-9acd-7b57ce4ca19e","type":"AssociationRelationship"},{"id":"a5a95086-4026-4ccb-a2ba-956b5a858a04","sourceId":"da653743-ece5-4cae-985f-9bca4c8473cc","targetId":"0d166af5-3afd-4651-bf2e-6e09d86ad0af","type":"AssignmentRelationship"},{"id":"370929a7-c9d3-4384-a6dd-2461b43a543f","sourceId":"6a50da01-8e70-42ca-b76f-d106552381ac","targetId":"0d166af5-3afd-4651-bf2e-6e09d86ad0af","type":"AssociationRelationship"},{"id":"495458fa-1eca-4ad6-b5e2-5ca51198d381","sourceId":"0d166af5-3afd-4651-bf2e-6e09d86ad0af","targetId":"08e2a5ec-9e82-4cf7-bb54-387e3ac413f5","type":"AssociationRelationship"},{"id":"e19ccf89-4336-4dd2-aac9-769cb5a934c7","sourceId":"141854aa-612d-47b3-87ae-c4365c2f69e5","targetId":"08e2a5ec-9e82-4cf7-bb54-387e3ac413f5","type":"AssociationRelationship"},{"id":"46f071a9-3ae6-4ab8-8c08-4e549a170827","sourceId":"da653743-ece5-4cae-985f-9bca4c8473cc","targetId":"febf9a5a-3fa6-4536-b0bb-1e7a864b04b9","type":"AssignmentRelationship"},{"id":"7f39f800-a510-4383-987e-481af313327b","sourceId":"6a50da01-8e70-42ca-b76f-d106552381ac","targetId":"febf9a5a-3fa6-4536-b0bb-1e7a864b04b9","type":"AssociationRelationship"},{"id":"a8462ea8-79fc-4787-94b0-c390c26f66e0","sourceId":"062ebe49-1eda-4345-9d3f-76e399e5dbb0","targetId":"febf9a5a-3fa6-4536-b0bb-1e7a864b04b9","type":"AssociationRelationship"},{"id":"31316e5d-685d-44fa-8e67-4125044b905b","sourceId":"eb08d808-2f6b-4ef1-87ad-497c9e4b9d87","targetId":"49ff30f0-0900-4cbf-8eb1-0ecd660c3466","type":"AssociationRelationship"},{"id":"bb02d4f8-95bc-479d-9eeb-b1a993e3ecf5","sourceId":"a0ea2a44-9106-40ca-940f-02f966bc30ff","targetId":"febf9a5a-3fa6-4536-b0bb-1e7a864b04b9","type":"AssociationRelationship"},{"id":"cad1cc64-decc-4c31-8a14-0c4d5e32e3be","sourceId":"febf9a5a-3fa6-4536-b0bb-1e7a864b04b9","targetId":"49ff30f0-0900-4cbf-8eb1-0ecd660c3466","type":"AssociationRelationship"},{"id":"8e05b6a2-c818-44fa-b1fb-6f4cfff4f495","sourceId":"c306461d-4940-4046-9b5d-0afeb9e0526c","targetId":"febf9a5a-3fa6-4536-b0bb-1e7a864b04b9","type":"AssociationRelationship"},{"id":"436021b3-356e-4a2f-ab43-138a3ff6f4bb","sourceId":"062ebe49-1eda-4345-9d3f-76e399e5dbb0","targetId":"a0ea2a44-9106-40ca-940f-02f966bc30ff","type":"FlowRelationship"},{"id":"703378fc-b3f3-4088-b054-09f4ba663569","sourceId":"a0ea2a44-9106-40ca-940f-02f966bc30ff","targetId":"062ebe49-1eda-4345-9d3f-76e399e5dbb0","type":"FlowRelationship"},{"id":"43ad8505-f8f5-48bc-8572-5b3901aa54ec","sourceId":"c306461d-4940-4046-9b5d-0afeb9e0526c","targetId":"062ebe49-1eda-4345-9d3f-76e399e5dbb0","type":"AssociationRelationship"},{"id":"7c142f60-d2af-4095-9c6c-530753539880","sourceId":"a28e1463-956b-4c2d-bb79-86898dd1fc02","targetId":"6ecaef8a-8a97-4f8a-990a-3aca7d5c7924","type":"FlowRelationship"},{"id":"735675a5-6fdc-464e-bdab-da1696fa5565","sourceId":"6ecaef8a-8a97-4f8a-990a-3aca7d5c7924","targetId":"6a50da01-8e70-42ca-b76f-d106552381ac","type":"AssociationRelationship"},{"id":"2542cefd-b557-498a-82f1-a5d022f21ab9","sourceId":"a260424b-b9ef-42cb-9d34-ba771bfececc","targetId":"a0ea2a44-9106-40ca-940f-02f966bc30ff","type":"FlowRelationship"},{"id":"a2151428-6165-4d05-9a9e-e2e538073bbc","sourceId":"ee7f2619-25a0-4c90-9d71-42fba879fb41","targetId":"49ff30f0-0900-4cbf-8eb1-0ecd660c3466","type":"FlowRelationship"},{"id":"dd793d60-b905-44e7-b31a-b7f55a535664","sourceId":"ee7f2619-25a0-4c90-9d71-42fba879fb41","targetId":"c306461d-4940-4046-9b5d-0afeb9e0526c","type":"FlowRelationship"},{"id":"0b365937-b421-4d16-b856-32281f1357c3","sourceId":"c14fd623-1fc8-490e-a5f5-19f2a66c48ee","targetId":"ee7f2619-25a0-4c90-9d71-42fba879fb41","type":"FlowRelationship"},{"id":"60a5ffe4-1d53-441f-af54-154fa5a65564","sourceId":"ee7f2619-25a0-4c90-9d71-42fba879fb41","targetId":"a260424b-b9ef-42cb-9d34-ba771bfececc","type":"FlowRelationship"},{"id":"3d36b785-6522-49ce-ac73-4bde2477fd63","sourceId":"062ebe49-1eda-4345-9d3f-76e399e5dbb0","targetId":"ee7f2619-25a0-4c90-9d71-42fba879fb41","type":"AssociationRelationship"},{"id":"a5e4cada-04d6-47a0-b703-2efef10c34d9","sourceId":"c14fd623-1fc8-490e-a5f5-19f2a66c48ee","targetId":"a260424b-b9ef-42cb-9d34-ba771bfececc","type":"FlowRelationship"},{"id":"cbe0d2a8-7eb5-4263-b31e-f9d60764f4ad","sourceId":"a0ea2a44-9106-40ca-940f-02f966bc30ff","targetId":"2e0d3fde-5243-4ac9-9acd-7b57ce4ca19e","type":"FlowRelationship"},{"id":"f5089873-a509-41be-8bc3-d456c06a7a35","sourceId":"febf9a5a-3fa6-4536-b0bb-1e7a864b04b9","targetId":"2e0d3fde-5243-4ac9-9acd-7b57ce4ca19e","type":"AssociationRelationship"},{"id":"00d9c42c-5f7f-48a4-9529-3d12998084d3","sourceId":"062ebe49-1eda-4345-9d3f-76e399e5dbb0","targetId":"08e2a5ec-9e82-4cf7-bb54-387e3ac413f5","type":"FlowRelationship"},{"id":"4832346e-c976-45af-b7e8-1d72f5f5944f","sourceId":"2e0d3fde-5243-4ac9-9acd-7b57ce4ca19e","targetId":"f2a69448-2b23-444e-9d59-b3442bb88d35","type":"FlowRelationship"},{"id":"5ddfb9a0-94e4-4889-9740-87a3d39dafda","sourceId":"f2a69448-2b23-444e-9d59-b3442bb88d35","targetId":"0d166af5-3afd-4651-bf2e-6e09d86ad0af","type":"FlowRelationship"},{"id":"68f5f018-d128-4b30-b13f-4ad58303f4df","sourceId":"062ebe49-1eda-4345-9d3f-76e399e5dbb0","targetId":"6ffea38a-d5c0-442e-b4d6-192c180b19f9","type":"FlowRelationship"},{"id":"4ff9dfcc-2e7b-4dd4-ab63-ea4ddfb822c6","sourceId":"141854aa-612d-47b3-87ae-c4365c2f69e5","targetId":"6ffea38a-d5c0-442e-b4d6-192c180b19f9","type":"AssociationRelationship"},{"id":"389b4d68-67bf-4a7a-8788-dafcccebfef4","sourceId":"f2a69448-2b23-444e-9d59-b3442bb88d35","targetId":"141854aa-612d-47b3-87ae-c4365c2f69e5","type":"AssociationRelationship"},{"id":"600d5624-92d9-47df-aa3d-0b2b4a55aa15","sourceId":"f2a69448-2b23-444e-9d59-b3442bb88d35","targetId":"0d166af5-3afd-4651-bf2e-6e09d86ad0af","type":"AssociationRelationship"},{"id":"06e332ef-dab2-4b43-b85c-a98c45148160","sourceId":"f2a69448-2b23-444e-9d59-b3442bb88d35","targetId":"2e0d3fde-5243-4ac9-9acd-7b57ce4ca19e","type":"AssociationRelationship"},{"id":"715ef8ea-fab8-478e-97e6-41e236c13486","sourceId":"062ebe49-1eda-4345-9d3f-76e399e5dbb0","targetId":"725f3f72-c5b4-4638-b911-b8b34385a22c","type":"FlowRelationship"},{"id":"d725f5d7-58a7-4806-b28a-39fa3b089188","sourceId":"725f3f72-c5b4-4638-b911-b8b34385a22c","targetId":"062ebe49-1eda-4345-9d3f-76e399e5dbb0","type":"FlowRelationship"},{"id":"9d856ece-d1e1-463f-8bab-d8e986b9dd9a","sourceId":"725f3f72-c5b4-4638-b911-b8b34385a22c","targetId":"49ff30f0-0900-4cbf-8eb1-0ecd660c3466","type":"AssociationRelationship"},{"id":"5447662c-3e25-4bd6-8647-b09f6842d72e","sourceId":"725f3f72-c5b4-4638-b911-b8b34385a22c","targetId":"c306461d-4940-4046-9b5d-0afeb9e0526c","type":"AssociationRelationship"},{"id":"134d5aa1-3f86-4b1c-9521-fddc39a434ba","sourceId":"725f3f72-c5b4-4638-b911-b8b34385a22c","targetId":"febf9a5a-3fa6-4536-b0bb-1e7a864b04b9","type":"AssociationRelationship"},{"id":"ed99a044-8960-4ddf-bd95-1b84e32d85fc","sourceId":"a260424b-b9ef-42cb-9d34-ba771bfececc","targetId":"725f3f72-c5b4-4638-b911-b8b34385a22c","type":"FlowRelationship"},{"id":"effd7dc4-3895-476e-866e-44555abf7e3c","sourceId":"f2e555e6-69be-4b2c-8ffc-ac85919a56e0","targetId":"ee7f2619-25a0-4c90-9d71-42fba879fb41","type":"AssociationRelationship"},{"id":"8050a95a-d7b1-4174-be9f-19e03f13ed3c","sourceId":"f2e555e6-69be-4b2c-8ffc-ac85919a56e0","targetId":"71a52650-633d-4778-9040-a8d8601a4192","type":"AssociationRelationship"},{"id":"b50df276-06d1-4f7b-bd3a-9b241c7d57f5","sourceId":"c6303165-37c1-4f82-9214-2fecee396d34","targetId":"c14fd623-1fc8-490e-a5f5-19f2a66c48ee","type":"AssociationRelationship"},{"id":"9e9a742d-ac1f-4221-84f6-e3a57898e6f6","sourceId":"c14fd623-1fc8-490e-a5f5-19f2a66c48ee","targetId":"ee7f2619-25a0-4c90-9d71-42fba879fb41","type":"AssociationRelationship"},{"id":"7c14f953-0501-4fb9-bea7-0927ac54dddf","sourceId":"175c2f98-a70b-4a6b-a550-4abeb1d66ebd","targetId":"bac2cb5a-e8ae-4508-ab22-65a04e4be19e","type":"TriggeringRelationship"},{"id":"e505c6b1-2cd0-4d41-b697-59b59247cf86","sourceId":"f57e2faf-a5c2-4a70-8da4-fab29316d5bb","targetId":"175c2f98-a70b-4a6b-a550-4abeb1d66ebd","type":"TriggeringRelationship"},{"id":"24387775-3ffe-4157-9406-1c767d6e0f3b","sourceId":"64440545-8910-4ea1-88aa-112114f8faa8","targetId":"2d65da00-70b5-4389-847c-50ccb515dae7","type":"TriggeringRelationship"},{"id":"4fc08e9d-a0be-40aa-965b-3e785fe4ca73","sourceId":"2d65da00-70b5-4389-847c-50ccb515dae7","targetId":"bac2cb5a-e8ae-4508-ab22-65a04e4be19e","type":"TriggeringRelationship"},{"id":"8f50b666-6d2d-497e-9608-d10bcc6c6066","sourceId":"957f22ba-b885-436b-96bf-a2224023556d","targetId":"fcb56dd9-3de8-4980-8d30-5e7085bedecc","type":"ServingRelationship"},{"id":"e7036108-611a-4112-af69-20bad6abab1b","sourceId":"bac2cb5a-e8ae-4508-ab22-65a04e4be19e","targetId":"64bd102f-8927-42b5-ad68-3c2001e5a9e0","type":"TriggeringRelationship"}],"views":[{"id":"16567643-2184-47ad-b73f-fe69b14968ed","name":"Business Functions","viewpoint":""},{"id":"f079ee59-8c20-4df6-a0b3-3949a5c43b39","name":"New ArchiMate View","viewpoint":""},{"id":"827063ff-f93a-4be9-b301-c9a7638f7bef","name":"Vista Cooperacion de Aplicaciones","viewpoint":""}]}