"ID","Type","Name","Documentation","Specialization"
"id-4990f2be-7474-419a-844b-1cbf92e903b3","ArchimateModel","MyWorkspace","",""
"id-1e36daa5-38c7-4bee-9c6c-321681bd7c97","Resource","Resource","",""
"id-77471ba8-9491-4087-a558-df7fbd46c0b0","BusinessActor","AWS","",""
"id-6be854d5-1703-434f-a083-09d425f9336c","BusinessActor","Azure","",""
"ebffa6fb-e033-473d-835a-a19b222bd2f6","BusinessActor","Business Analyst","",""
"id-5857c93f-d2f7-4628-975b-78bc322d8ff0","BusinessActor","Business Analyst (copy)","",""
"id-9670712e-ca8d-407c-923f-bfb522a5259f","BusinessActor","Client","",""
"id-347e0e13-78b9-45b0-80ac-8e4bd060f414","BusinessActor","Data analyst","",""
"id-9a5d7b81-3c75-48fa-8362-b3dab63674b6","BusinessActor","Data Scientist","",""
"f11b9c33-c801-4696-9268-60415a563952","BusinessActor","DEV (Python)","",""
"df588983-a71e-40d6-af50-99f19be92a41","BusinessActor","DEVOPS","",""
"eb98c681-d4c6-45cf-bc48-99acf6eddbe4","BusinessActor","Google","",""
"id-746ac68d-ed60-4d81-9816-0e2e5508fa9a","BusinessActor","Product Manager","",""
"id-17e74bd6-7b97-4f43-ba3f-6875ab2d9c46","BusinessActor","Product Owner","",""
"cbaf2df3-77e5-47c3-9350-6bbf3abbba05","BusinessActor","QA","",""
"a4508412-0f01-4797-b601-3f107882b0c4","BusinessInterface","Connectors Service","",""
"id-02309626-77ef-4457-9fd0-2d4e7eecc2b0","BusinessObject","Connector Configuration","",""
"id-1da66bc7-c2bd-4a75-9519-0d9ddf2cafb7","BusinessProcess","Access","",""
"c5b404ee-6a24-4371-a59e-61d79de06286","BusinessProcess","Aggregate","",""
"ed91e35a-d083-4d2d-a1de-d739e6cc6700","BusinessProcess","Business Process","",""
"id-50da73f7-310a-4e74-ad6a-08f907d98967","BusinessProcess","Business Process","",""
"c9c42f8f-36ba-4915-ae0c-ceceacf71a30","BusinessProcess","Clean","",""
"id-99adfcbc-3982-4618-a993-12969df0a0d4","BusinessProcess","Collect","",""
"id-58742daf-e95f-491a-9c58-2ca626b2d39a","BusinessProcess","Collect Data","",""
"id-04d58dbc-0929-4703-b41e-7fe58c94037a","BusinessProcess","Compute","",""
"id-4b8a42ad-5b88-4f96-a8bd-a4f3a2e8cf00","BusinessProcess","Compute","",""
"e0d2b5f5-0ac8-4a36-945e-0df795d7734b","BusinessProcess","Create Rule","",""
"id-94c2b51e-987b-44ab-9cf4-f29065fd446a","BusinessProcess","Create View","",""
"d7e05351-e025-4d36-8158-325d5add661a","BusinessProcess","Create Workflow","",""
"id-019ad5e0-9192-409b-b09b-ef081428ce65","BusinessProcess","Explore","",""
"d73f5cd2-d37f-4765-90ad-d5247890afb6","BusinessProcess","Filter","",""
"id-7da48457-1672-4137-88dc-af06f2abd340","BusinessProcess","Prepare Data for Visualization","",""
"id-34aa9252-f24f-47d1-b613-32963b86839e","BusinessProcess","Read Configuration","",""
"d1785f8b-0724-4f97-b82d-6082e54d0c6d","BusinessProcess","Run Workflow","",""
"id-118bf9ff-7fce-40e7-8ec0-f4c2176bd395","BusinessProcess","Run Workflow (copy)","",""
"id-00b7b519-dc5f-452b-9e2f-68f7566b0dac","BusinessProcess","Schedule Job","",""
"id-9b007f30-6030-4d69-a4e1-a61da6c88589","BusinessProcess","Schedule Workflow","",""
"b6e292a4-e4be-4b8c-801f-3a0826d26e4d","BusinessProcess","Schedule Workflow (copy)","",""
"id-9e23a43c-e216-4061-bf5e-175fafffb9e3","BusinessProcess","Store Data","",""
"b35b2ff2-2e0a-4144-98ca-85c49f695141","BusinessProcess","Store Views","",""
"id-0d144941-8b19-4322-8545-1d2e8f1c9676","BusinessProcess","Validate","",""
"id-7e8a1418-0090-49ad-ab16-99b54efc33a4","BusinessProcess","View","",""
"id-8e17bc49-dc44-45a2-9067-083f014329c7","BusinessProcess","Visualize","",""
"id-285ed132-1f8e-43d5-80fc-13fde4490a70","BusinessRole","Business Role","",""
"ea84c7b8-579c-49e7-aaf0-53f049b2fb92","BusinessRole","Business Stakeholder","",""
"a61b333f-f226-4c05-80ef-e5160f6135a6","BusinessRole","Data Consumer","",""
"id-76a9f57c-4cdb-4306-84c8-2ee54aad4a5d","BusinessRole","System Configurator","",""
"c81bfc23-ba6b-4e39-b610-af0cfef6ad3e","BusinessService","Analytics","Interactive
Batch
Stream",""
"ea162186-e3d6-4f3f-b33b-9faa0933f81d","BusinessService","Business Service","",""
"id-92cf7ca5-fb02-4e9f-8f34-8c81a83e1911","BusinessService","Business Service","",""
"id-0730acb7-604e-4f70-ba84-22ea81bc89ca","BusinessService","Configuration Management","",""
"f6e6a456-743b-46ec-9935-fcf36fa67e8b","BusinessService","Data Collection","",""
"id-4fdf571f-8674-4de7-8de5-0eae13d3e314","BusinessService","Preparation","",""
"d9154453-150e-4e09-bd9e-511acd46a46c","BusinessService","Rules Management","",""
"ecba8b24-83cd-4399-b222-d4077aa7ae51","BusinessService","Visualization","",""
"id-5206e57c-b616-486c-9b9e-c568c7cdf8a3","BusinessService","Workflow Management","",""
"id-873beb31-7d6c-4f63-8407-5150ea1e4578","Contract","Contract","",""
"id-05ad6cb9-0bfb-497e-8bdd-5727f4e39fc7","Product","Product","",""
"e8358d4b-4938-4711-9e37-f81641228cf2","Representation","Configuration","",""
"id-0d13dfdc-2ff8-4203-bef5-458fa8e36097","Representation","Connector Configuration","",""
"id-949f7ed1-0e2a-4b22-b23e-7ad0c0bbb26d","ApplicationComponent","Access Management","",""
"id-7c68ee72-fc0e-4d66-ab6c-8959e835a658","ApplicationComponent","Artifact Repository","",""
"id-5d46d158-502e-45df-ad2b-f7e9a9212805","ApplicationComponent","Batch Analytics","",""
"id-60284131-3e90-44f3-adf3-80aa9974bfb2","ApplicationComponent","BI","",""
"f96833d6-2ee3-45e3-bb01-61e628639eae","ApplicationComponent","CI","",""
"ccd2bceb-833b-4b4f-98c9-d910a2a00d71","ApplicationComponent","Connector","",""
"id-3dab42d2-81ab-4d3a-8b8b-3a97b4202237","ApplicationComponent","Data Lake","",""
"id-7689610a-65dc-4a1e-8042-62f11446e0c6","ApplicationComponent","Interactive Analytics","",""
"id-4a1b27cd-6edf-44ed-8975-788f8175dd25","ApplicationComponent","Notebook","",""
"id-76edd61e-3d0d-45d2-a693-bc8fececca5c","ApplicationComponent","Real Time Analytics","",""
"id-0b12ee7c-b205-43df-93dd-fab166769935","ApplicationComponent","Transformation Engine","",""
"id-39898f24-d55b-4fd2-85e1-8c8fd3c9798e","ApplicationComponent","UI App","",""
"id-4cd54dd1-6e88-45e5-99f9-efaf422fabf8","ApplicationComponent","Web Portal","",""
"e3e69e7e-0e84-46b8-af6e-b0cc543071a4","ApplicationComponent","Workflow","",""
"f8d3cf1e-620d-4c63-9a5d-a58b812aec59","ApplicationEvent","Scheduled Event","",""
"id-567fffb1-5a93-4cdc-a904-8dea9896455d","ApplicationFunction","Application Function","",""
"dbdd3667-1b01-4a8e-80be-ecb046f4d1e5","ApplicationFunction","Application Function","",""
"id-6097908c-8710-4458-bfd5-80dfa8186bb2","ApplicationProcess","","",""
"id-5d22ecb9-f893-4cfe-86b5-41d5d083f43f","ApplicationProcess","Aggregate","",""
"d267e76e-3b8a-4609-8e78-411cf6442636","ApplicationProcess","Aggregate","",""
"id-38fd1e82-b630-4de9-8539-9ab33cd401d2","ApplicationProcess","Application Process","",""
"id-06ed2f45-c67b-4569-b6d1-7a0b5d7ce0fb","ApplicationProcess","Clean","",""
"id-67853256-7944-4049-9066-3b1755e25a28","ApplicationProcess","Close Connector Resources","",""
"id-109c2481-6b40-4e4f-9d07-404da4b933ae","ApplicationProcess","Collect","",""
"id-6fa16bf6-ef2c-4e56-8491-69c93d0107e5","ApplicationProcess","Collect Data","",""
"id-0727f504-a67a-47ec-852e-12b408b39b10","ApplicationProcess","Compute","",""
"id-324401e1-92dd-471d-8064-2f3966de0395","ApplicationProcess","Connect","",""
"f1206b33-d8e2-4564-b7ce-f46cfbb10377","ApplicationProcess","Create Connector Container","",""
"id-7edf56f4-4be3-4834-8102-f3a991fa86ab","ApplicationProcess","Create Workflow","",""
"id-9c255822-4a29-425b-9b5a-2c46f8074b25","ApplicationProcess","Extract","",""
"id-8fed0264-70aa-4240-9950-29ab88ef1fd1","ApplicationProcess","Filter","",""
"d9e375a7-752b-43f7-aa81-aea30ea45286","ApplicationProcess","Generate Data","",""
"id-2953c63e-855c-41e6-8143-96ecbdb45ead","ApplicationProcess","PrepareData for Visualization","",""
"id-6ac09b73-f78b-43b4-b528-d8a2b33e1f74","ApplicationProcess","Read Connector Configuration","",""
"id-3c6c0a10-72ea-4b24-924d-2b7e125a5262","ApplicationProcess","Run Connector","",""
"id-9a3f83f8-dbd7-481f-81b1-f8b1ca389949","ApplicationProcess","Run workflow","",""
"id-79d9ec73-ace1-46d6-99c4-6faed79121ee","ApplicationProcess","Schedule Workflow","",""
"id-33ac127b-41a4-42ab-b372-bf3419e3c200","ApplicationProcess","START","",""
"id-09cd1d13-c625-42be-8ce3-0c37edbf1531","ApplicationProcess","Start Connector Container","",""
"id-97b33d45-1cdd-45bd-ad1e-e7b8440a5aaa","ApplicationProcess","STOP","",""
"aaf5ef8b-3dbe-4568-8d14-968656fc1650","ApplicationProcess","Store","",""
"id-7bf6891f-1792-4777-9718-cbdf7c261db3","ApplicationProcess","Store for Batch","",""
"a119490e-e708-4b49-8ea7-4b2ffffea455","ApplicationProcess","Store for View","",""
"id-277452f9-dddd-4860-aabd-265ccf6d0d11","ApplicationProcess","Terminate Connector Container","",""
"id-5a802ecb-f886-4f25-adfd-03465fb3536e","ApplicationProcess","Transform","",""
"ed6c0d38-c7fe-4eec-8205-2fe6641fb79a","ApplicationProcess","Update Connector Status","",""
"id-0336e4f9-0e12-403a-9283-5b58b0d93dcf","ApplicationProcess","Validate","",""
"id-0d2b1919-0ad0-4ea6-88be-6e5f77ac7ab8","ApplicationProcess","Validate","",""
"id-7aa1aa75-a62f-49fc-ab46-0c08d1378425","ApplicationProcess","Visualize","",""
"id-42fc04a2-bdcd-4899-b9aa-c0bb6e3a6c1c","ApplicationService","Configuration Service","",""
"id-2d2c99e6-f7f8-4e2e-b8a3-eec7f0427c55","ApplicationService","Connector Service","",""
"bffeb35a-3606-4332-9df0-b854764f10f4","ApplicationService","Workflow Service","",""
"id-647c38e6-fa6e-4527-81ec-de58f11ee2b8","DataObject","","",""
"id-0a41d0a6-e1d2-479d-b84b-2197c0772d3b","DataObject","Aggregated Data","",""
"id-8432f380-0abe-4f19-8d39-58a36b1536e4","DataObject","Configuration","",""
"id-4ec1cd0a-1865-4598-9fc5-c657157cabb2","DataObject","Connector Configuration","",""
"id-7b043fe5-9dba-4bca-b0c4-db511a2ac43a","DataObject","Output Data","",""
"id-2043a94c-b053-42eb-89f3-4a56143c444b","DataObject","Raw Data (Avro)","",""
"id-25977211-fdbb-4881-a40c-6e2964475f0b","DataObject","Rules","",""
"id-22ba36ee-2656-44e8-81ea-2665116ef1ba","DataObject","Structured Data","",""
"id-240007cf-3853-4711-be28-b71dc604ed36","DataObject","Valid Data","",""
"id-5bd56b0e-2c24-427b-8cd2-6bc8ac1d0880","CommunicationNetwork","Public LAN","",""
"e5c330cd-4d3e-4474-ae90-8f82b704e8d6","Device","CentOS/RHEL","",""
"dc492beb-22dc-4569-ae34-0f4d0ec69c01","Node","Compute Engine","",""
"id-3c426914-b11a-4bd1-9fbf-87598cf83cfd","Node","Connector","",""
"id-364925a3-bb8a-444e-ba3a-16a3c3adb64f","Node","Data Lake","",""
"id-8d3ef5dc-8950-4da5-8f90-f3ebd9085f4c","Node","Docker Container","",""
"id-361a34ce-91f4-4e0e-a517-de73e52ce584","Node","Docker Container","",""
"dbd7086a-d903-4977-a2b6-13b712f6e97c","Node","Jenkins","",""
"f460b0c2-f4ea-4933-90eb-e9742f7e94bf","Node","Message Queue","",""
"id-18fb347c-413b-42ff-bf06-b0a060855762","Node","Monitoring","",""
"cdab4a3d-a501-4353-9ae5-5a517f51d33d","Node","Nexus","",""
"d9ea4f51-0a23-4a1c-a158-03c2e000a4c3","Node","Node JS","",""
"c4abbef3-b49f-4bf9-a25e-dc90d58de672","Node","Notebook","",""
"bcae4f81-368b-41cb-9d38-fa4d19b3fcd6","Node","PIP REPO","",""
"id-33d4fe45-922f-4087-9d5a-0f869828314a","Node","Repo","",""
"id-28c27c2a-08af-4b05-8888-228beb524623","Node","SCM","",""
"ce22cda5-6713-4c64-9fa4-2707928584da","Node","Serving Layer","",""
"bf2eec3e-17a8-4ab0-b57e-89e1a5c59b5f","Node","Streaming Engine","",""
"id-5a63620b-05be-4bd3-bc82-2907f0674f53","Node","Workflow Manager","",""
"id-3e4e62fe-c33f-473f-b2d7-d3d9d5bea7b8","SystemSoftware","Airflow","",""
"b4a0a041-e679-4419-94dc-6a4cc0a2a9b1","SystemSoftware","Airflow","",""
"id-52b269ad-5982-4f7c-b8ed-44f690de0384","SystemSoftware","AWS S3","",""
"f8b14b9b-9dd5-4529-91b2-dfcf2b5420d3","SystemSoftware","AWS/Google/Azure (Kubernetes/Docker)","",""
"id-4af8c846-9846-4367-b635-041338983ffd","SystemSoftware","Azure Blob","",""
"id-543a30d2-94e3-4389-9c65-43b26db026bc","SystemSoftware","Beam","",""
"id-0c7aa922-cd19-40b9-bd6e-24b212a5c49d","SystemSoftware","Cassandra","",""
"id-2bbcedbc-0706-424b-b84f-0b31d6cc00f4","SystemSoftware","ElasticSearch","",""
"id-393e08da-ceb5-4053-bb3d-a4ec94118c82","SystemSoftware","ELK","",""
"id-08c8a865-1492-4072-af49-f7c486f80259","SystemSoftware","Flume","",""
"id-69a89ff3-bb33-4e4c-af9a-32504064db11","SystemSoftware","Google Storage","",""
"de7b31d9-bcb1-4157-a1aa-477ef639aab2","SystemSoftware","Kafka","",""
"id-68e8b353-5fb9-44cf-a56c-4ef534abe538","SystemSoftware","Logstash","",""
"id-5eabd456-4888-4960-bd9f-5b26634f1f02","SystemSoftware","Minio","",""
"d839be5f-06b3-485b-a56e-24b171b8f552","SystemSoftware","Parquet","",""
"d48668bf-effd-4bde-a40a-594680b68dae","SystemSoftware","Python","",""
"id-64aebee4-728f-4c1f-bf67-9e3a5e280897","SystemSoftware","Spark","",""
"id-6b57605a-ba1d-4d00-b376-3256d60a63cd","SystemSoftware","Spark Driver","",""
"id-578fe8c4-f162-4117-8a97-5372c91e469e","SystemSoftware","Spark Worker","",""
"id-959b076e-cd57-4ca7-8b29-02cae7530e0e","SystemSoftware","Sqoop","",""
"id-228f9dc6-45e2-4174-806b-5a6805b8487d","SystemSoftware","Sqoop (copy)","",""
"ad5f67ca-a345-420a-8a64-941dfcdba4d5","SystemSoftware","Zeppelin","",""
"b8067fa4-505e-4e57-840a-b79b60dfc41f","TechnologyInterface","Technology Interface","",""
"eaa413e8-66a9-4d7e-b89b-ca50a59dcf8d","TechnologyService","Data Storage","",""
"ec35b18e-d478-43f0-b538-e3c05eb79863","TechnologyService","Microservice","",""
"id-6a036e54-97d6-4ac5-93d8-eb1e49ec22fc","Grouping","Application","",""
"id-3e46b8ce-da4a-42c2-8d42-9d5ff11dae01","Grouping","Business","",""
"id-4a24718b-98b8-4e8f-bada-b23eab1dd053","Grouping","Compute Node","",""
"dfddafdc-5352-4047-96ed-03a0e4976bbd","Grouping","DENTSU","",""
"id-9b5020d9-1a30-42de-ba8c-93f1ba6d133d","Grouping","ENDAVA","",""
"id-26191db3-9330-46ee-84f2-c02ef55f2032","Grouping","Grouping","",""
"id-711c32a9-3f64-4817-82ed-4856ab764d43","Grouping","Infrastructure","",""
"fc735c59-6f01-46eb-80b7-fe1266683349","Location","Backend","",""
"id-89d48543-a486-4953-bd14-6f242893c9b5","Location","Front End","",""