"ID","Key","Value"
"41698acf-bc06-42c0-9d9e-62a8f0760866","aliases","Quote"
"44d92bf9-9086-41b8-9e9e-2cd5750e933f","see_also","https://schema.org/OrderItem"
"44d92bf9-9086-41b8-9e9e-2cd5750e933f","aliases","OrderLine, ItemLine"
"a769c03c-efa2-4ca8-b865-761141327217","see_also","https://schema.org/Order"
"987a2008-d454-4a79-a0e0-cc9d283b779b","status","review"
"987a2008-d454-4a79-a0e0-cc9d283b779b","status_comment","The BaT business requirements are vague on how the review system would work"
"e5235603-c852-4b71-9f0c-a4929557de4e","aliases","Lot"
"3ac7ce29-fb91-41ef-aaab-ba0ed34e45d7","status","review"
"3ac7ce29-fb91-41ef-aaab-ba0ed34e45d7","status_comment","Although the concept is fairly clear, there is a lack of understanding of its shape and types."
"b775e9c3-52f6-4832-832c-7da49ceea4ec","aliases","Cart"
"b775e9c3-52f6-4832-832c-7da49ceea4ec","states","Open, Saved, Selected, Closed"
"21a4d8d6-f85b-44bf-b484-582c3b7bbe91","status","review"
"21a4d8d6-f85b-44bf-b484-582c3b7bbe91","status_comment","Should this be ""Bid"" instead of ""Bid status""?"
"0439e0a6-2dee-4004-ba49-29ded1e4e5b3","see_also","https://schema.org/OrderItem"
"0439e0a6-2dee-4004-ba49-29ded1e4e5b3","aliases","InvoiceLine, ItemLine"
"29f88f9d-c9c7-4697-95e1-3451d57d6354","status","review"
"29f88f9d-c9c7-4697-95e1-3451d57d6354","status_comment","Is this the same as ""Agreement Contract""?"
"9daf84b7-e93f-4aa5-9085-5473127b0daa","status","review"
"9daf84b7-e93f-4aa5-9085-5473127b0daa","status_comment","It is unclear if this information will be available at all."
"8ddb7ee1-710e-4d81-9e07-ae842ce6bc7e","status","review"
"8ddb7ee1-710e-4d81-9e07-ae842ce6bc7e","status_comment","There is a lot of confusion between Buyer and Customer. Most of the time CCS people use ""Buyer"" to mean ""the person that wants to procure something, which this model calls Customer"""
"3bbae3ea-aaa4-4f77-b567-85584ff6717f","status","review"
"3bbae3ea-aaa4-4f77-b567-85584ff6717f","status_comment","Depending on how FaT turns out to be, this will need refining. It is here because at some point we considered search results as able to be saved"
"22fcd1be-1e6c-47c1-9343-08af2d15ee24","status","review"
"22fcd1be-1e6c-47c1-9343-08af2d15ee24","status_comment","This depends on how Order is used at CCS and how it will the Order will be modelled."
"c1d32046-a52b-4e51-a582-57cb474db452","types","Framework"
"47755ae9-5d1d-49cb-9f73-1d3ffb9011c2","see_also","https://schema.org/Invoice"
"46b19d1f-01fa-4fe5-af1d-54253b06af16","status","review"
"46b19d1f-01fa-4fe5-af1d-54253b06af16","status_comment","This concept may be more complex as Suppliers pay in bulk some times. Check with business"
"2ec706fb-2d17-4c7f-b7f3-96164eb19d4b","status","review"
"2ec706fb-2d17-4c7f-b7f3-96164eb19d4b","status_comment","Needs description"
"4f436ef3-3ff0-413b-a15b-a1a44e51b4d0","status","review"
"4f436ef3-3ff0-413b-a15b-a1a44e51b4d0","status_comment","Is the right name for the concept?"
"9ca32459-ab70-4fa0-82ae-5cb00c8dd66a","status","review"
"9ca32459-ab70-4fa0-82ae-5cb00c8dd66a","status_comment","It is unclear how this relates to Framework Lot and to Commercial Agreement"
"e232341b-21e0-4489-9628-7e95d9c3c7d4","see_also","https://schema.org/Offer"
"e232341b-21e0-4489-9628-7e95d9c3c7d4","status","review"
"e232341b-21e0-4489-9628-7e95d9c3c7d4","status_comment","The definition of Item is too vague. Needs refinining."
"e232341b-21e0-4489-9628-7e95d9c3c7d4","types","Product, Service"
"e232341b-21e0-4489-9628-7e95d9c3c7d4","aliases","Catalogue Item"
"27b06e67-3542-4345-b28f-0ea2ea2e4e2b","status","review"
"27b06e67-3542-4345-b28f-0ea2ea2e4e2b","status_comment","Needs refining and check with business on what kind of proofs do we need (e.g. Further Competition may be different than Direct Award or eAuction)"
"11b8a577-e20a-499d-b7b9-410e0255f51e","Access_Type","Read"
"5668300b-cf23-4ed4-90d2-355b2b99997f","Directed","false"
"fa8cd62e-de58-45c4-8653-3093543fdcb9","Directed","false"
"8645d947-c6a5-45b9-826f-10e1c45ff5de","Access_Type","Write"
"d6ad4f2c-7e95-4b0f-9854-450049d17a8b","Directed","false"
"7a646f76-b8ac-415f-a400-58e0684b426b","Directed","false"
"8b8231b8-66ac-41e2-8d3e-aad3c642defa","Access_Type","Read"
"fbe25bff-dba7-40e0-9715-315064c847d1","Directed","false"
"2afb4d70-4e7f-445d-8d8a-2fefe277ba6e","Access_Type","Read"
"9e2cde7a-b255-4001-822e-4f94ec40b399","Access_Type","Read"
"449d1e43-62e6-4d17-8307-d8093c3b1e88","Directed","false"
"45b4d9d0-c70a-407b-a78f-3e8dbcfd26b7","Access_Type","Write"
"82ce8d41-0d12-49ae-920d-79acd3e35ddc","Directed","false"
"52471875-ef71-4ac2-88fc-c567d7c33a87","Access_Type","Write"
"a5f14710-08a8-40d2-88b9-075deff91e66","Access_Type","Read"
"76c59e59-8245-4062-9566-ca165cd2de99","Directed","false"
"141831eb-771c-422d-92c6-130824b4f3e9","Directed","false"
"58d7573d-5899-4542-95c5-b7ceb0ee0747","Directed","false"
"1cbbf8c5-c3b8-4e9c-8270-1987f718ed95","Access_Type","ReadWrite"
"0a2daab9-21b7-40e5-b95c-44bb9f60995a","Directed","false"
"347df477-1a4c-46f4-b7de-51e6925dc265","Access_Type","ReadWrite"
"2b2de55a-aa27-4e17-a785-408156338bc2","Access_Type","Read"
"c0707ef2-13b9-4642-b4c3-813fea0d433b","Access_Type","Read"
"8a4f3bb2-320a-4c2a-9a6a-cb944cae4d85","Directed","false"
"142a76a9-c84f-455c-be9c-8a2746f5db68","Access_Type","Write"
"ba07cdb3-a55b-41a4-9c8a-0b1c50decb30","Directed","false"
"c14534a6-8c79-462d-a5f9-de1b598d4cc1","Access_Type","Write"
"41ce2118-13ce-443c-9497-a65090053e11","Access_Type","Write"
"379579b9-5bbc-45c8-ab34-1042dfdbe912","Access_Type","Read"
"2ae1e18d-8589-4c1b-b516-c313f87cda2e","Access_Type","Read"
"6c41cb1f-4c53-4619-a68f-3305b5bb1f1a","Access_Type","Read"
"a2bc29e8-3bfd-4c38-9e32-b5c9d00e06f8","Access_Type","Write"
"300724d3-8d38-4245-9538-ba8ebf2936a8","Access_Type","Write"
"c4200d18-67ca-4972-858c-f5555ed7240f","Access_Type","ReadWrite"
"f2727a6d-dff1-4151-944b-dfc1f3757454","Directed","false"
"dda175f4-2a43-4162-b75b-add27699392b","Access_Type","Read"
"1d109232-9933-42d6-9814-69283edd2c1e","Access_Type","Read"
"5356815d-af56-43fe-b5bd-75ce95825820","Access_Type","ReadWrite"
"1bbdac62-afe9-4aab-9d01-cf2ed992ac0e","Access_Type","Read"
"b7f58f6a-20bd-4eba-a015-72a0b3d3378c","Access_Type","ReadWrite"
"7c46cd46-81ff-40e6-b5b1-5652d3b4c3a5","Directed","false"
"a936c8fb-471b-4ccb-be45-d267e6ea451f","Access_Type","Write"
"8e20b59d-1eaa-4eb1-be0b-d0d49c5c7f1b","Access_Type","Read"
"c72d2cd8-c5e2-454d-8808-895bfca5a065","Access_Type","Write"
"3772b60a-b130-41c8-982b-1ad5f794186b","Directed","false"
"0a041965-594b-4668-be9c-175e4dfbc158","Access_Type","Read"
"7d5e5a76-1011-4600-b3be-39e447d76c00","Directed","false"
"4f2017fe-bc98-493c-9ec3-d62a5cf34284","Directed","false"
"18027ba8-1222-465d-ade9-411f3078825f","Directed","false"
"94b8ebe8-3567-47b2-bedf-9a15467c13cc","Directed","false"
"fadb26fe-dc4b-4822-ac44-28bd29d0699b","Directed","false"
"241806c7-809a-418a-bd7c-b6b929a038eb","Directed","false"
"254ea270-52de-4c91-811f-07e12b2d68bb","Directed","false"
"c4e255b2-4507-4ffe-b2d8-fa792d453728","Directed","false"
"eca440a5-db94-411d-8df5-0c27a63c6980","Access_Type","ReadWrite"
"7015e453-ee69-4e07-82e7-4bc11314ed9e","Access_Type","Write"
"d382d2a6-79c1-4ab2-b939-72737a9abf54","Access_Type","Read"
"20b909d7-50b1-4494-8d85-8d4c026c69ba","Directed","false"
"c36080a1-5b1a-4cfc-8ddd-458fe63a43b3","Access_Type","Write"
"501a9377-8ac7-4f5e-aaa6-745344c5c2ed","Directed","false"
"635a90d0-dc58-4345-b445-8333ab33b65c","Access_Type","Write"
"9c413768-c487-4ab1-b5ba-bd4f3eec38af","Directed","false"
"9ede0001-7041-4351-ab26-6ecfb3a8af2c","Access_Type","Read"
"73c02c1a-0483-4178-8625-38b348b1ab03","Access_Type","Write"
"7802455c-c63f-4ccd-882f-bfbe158e9204","Directed","false"
"0849cb28-4dc4-49c6-874c-68a569490b34","Directed","false"
"b99acc9f-388d-4a9e-b8d0-a43790f9c0c7","Directed","false"
"384f61b9-0d6a-48ea-90f2-1ad331eb331c","Access_Type","Write"
"8e99bd63-ad27-43b7-bd39-81f902c2c732","Access_Type","Read"
"b341cc8a-5851-44d6-bf09-16ef9a2999ff","Access_Type","ReadWrite"
"ee8f86ce-0eb6-41a3-a166-c0c43cc9c26c","Access_Type","Write"
"71f870e4-af5d-4283-aa7f-75a9b3e98dc1","Directed","false"
"d9ccc691-0cad-45c9-9c30-61d8bb0b9bd6","Directed","false"
"27115e87-8abd-4998-ae3c-73985696beb0","Directed","false"
"74b18c35-788f-4c57-bd05-6216489b75ab","Directed","false"
"abaf7d21-3caa-4f4f-a67e-e514948faff5","Access_Type","Write"
"3505bada-da66-4a19-a3d5-e3cffe8b29b4","Access_Type","Read"
"0da48c7c-5f3c-4ef5-b212-139603fe4928","Directed","false"
"5efe83f3-cad2-4adf-b3cb-206bfc6fed48","Access_Type","Write"
"3b1bf369-a83f-45b0-92b7-ea75ebc4bf7d","Directed","false"
"05e98ef4-a348-45a0-9bf8-a9d5f07858ac","Access_Type","Read"
"014aef39-4f09-4356-b1e2-344da6526969","Access_Type","Write"
"05556433-3ef0-4bb5-b172-0910e4f2fa5c","Directed","false"
"9e3ccc08-a36f-48ec-a9ac-45576d6f8935","Access_Type","Write"
"45685914-33ad-438b-b988-9fbd6d1dbef1","Access_Type","Write"
"88c2406c-1ee8-4f58-8183-833b1e23302c","Directed","false"
"ac89eaff-52b4-4b5a-8b37-2d304b21aaec","Access_Type","Write"
"826b11e2-4193-4c80-a8bc-36a7ce9b4958","Directed","false"
"d6c2bdc9-d80e-4da2-b8a9-6229a1757993","Access_Type","Write"
"3d6c4e24-b0f1-49da-a111-81c0cd2fd737","Directed","false"