"ID","Type","Name","Documentation","Source","Target","Specialization"
"11b8a577-e20a-499d-b7b9-410e0255f51e","AccessRelationship","","","7b7667d3-6c0b-47e7-a10d-75bdd6e4132d","3e33d096-87d9-429c-98ac-ec142c94cb72",""
"8645d947-c6a5-45b9-826f-10e1c45ff5de","AccessRelationship","","","56ef58f8-9594-4b5c-bda6-0722bd145997","4ecc1230-eafc-455e-a187-050430f33789",""
"8b8231b8-66ac-41e2-8d3e-aad3c642defa","AccessRelationship","","","86aec6cc-892f-4792-8847-85b948a9ce40","9569e3ff-e97f-48be-8fba-4326a662aeeb",""
"2afb4d70-4e7f-445d-8d8a-2fefe277ba6e","AccessRelationship","","","7b7667d3-6c0b-47e7-a10d-75bdd6e4132d","f70a73e8-4ba9-4a8d-a4a4-3cacb7a15d72",""
"9e2cde7a-b255-4001-822e-4f94ec40b399","AccessRelationship","","","7b7667d3-6c0b-47e7-a10d-75bdd6e4132d","6daadeb3-fc2e-47ba-80ef-d9103c988a70",""
"45b4d9d0-c70a-407b-a78f-3e8dbcfd26b7","AccessRelationship","","","8c810450-22d2-4aa8-b095-fea174c4982c","a769c03c-efa2-4ca8-b865-761141327217",""
"52471875-ef71-4ac2-88fc-c567d7c33a87","AccessRelationship","","","9f3ce312-9810-4b9e-b2a4-d552ea17a7f3","41698acf-bc06-42c0-9d9e-62a8f0760866",""
"a5f14710-08a8-40d2-88b9-075deff91e66","AccessRelationship","","","f6a8e581-939b-4023-bb51-1ce89f56780a","58210d45-7a27-4ce9-b20b-ad91fef00658",""
"1cbbf8c5-c3b8-4e9c-8270-1987f718ed95","AccessRelationship","","","637fee94-9c8b-4d48-9823-8866740c832e","fce73782-b449-4f37-9129-997ca2237cc0",""
"347df477-1a4c-46f4-b7de-51e6925dc265","AccessRelationship","","","5a19bb34-7cd6-4380-88f1-14dd6f642715","ae1be267-d55d-4a65-b119-722499b69bca",""
"2b2de55a-aa27-4e17-a785-408156338bc2","AccessRelationship","","","637fee94-9c8b-4d48-9823-8866740c832e","f70a73e8-4ba9-4a8d-a4a4-3cacb7a15d72",""
"c0707ef2-13b9-4642-b4c3-813fea0d433b","AccessRelationship","","","7b7667d3-6c0b-47e7-a10d-75bdd6e4132d","20fe5abf-d84f-4ae7-be82-3f2394e2a843",""
"142a76a9-c84f-455c-be9c-8a2746f5db68","AccessRelationship","","","c704b2e3-3922-45a4-a272-0c470cfd8b51","6df10fc3-7d33-40ab-9ee6-c7c7def82220",""
"c14534a6-8c79-462d-a5f9-de1b598d4cc1","AccessRelationship","","","30d41aa8-bd04-4e04-9e4a-05b67a03c90c","cc6f448d-5544-49cf-b82a-c2945e18e861",""
"41ce2118-13ce-443c-9497-a65090053e11","AccessRelationship","","","c2341f39-57e2-448c-984d-2eb16f034c15","70e78337-7b3d-411b-874e-8fa9fcf7ea54",""
"379579b9-5bbc-45c8-ab34-1042dfdbe912","AccessRelationship","","","d9aa3649-5694-4ded-a1f0-fe68dca700bb","3e33d096-87d9-429c-98ac-ec142c94cb72",""
"2ae1e18d-8589-4c1b-b516-c313f87cda2e","AccessRelationship","","","7b7667d3-6c0b-47e7-a10d-75bdd6e4132d","9569e3ff-e97f-48be-8fba-4326a662aeeb",""
"6c41cb1f-4c53-4619-a68f-3305b5bb1f1a","AccessRelationship","","","7b7667d3-6c0b-47e7-a10d-75bdd6e4132d","79bbcdf4-4a6c-4124-ac62-2fe4cb8d8e53",""
"a2bc29e8-3bfd-4c38-9e32-b5c9d00e06f8","AccessRelationship","","","ab948e09-2a45-498b-bcb9-ebd3de19e3f6","be628ee8-eba2-4288-9660-3c3fdba2455b",""
"300724d3-8d38-4245-9538-ba8ebf2936a8","AccessRelationship","","","d53f4f79-7139-4447-b1b9-195351b8f9a4","41698acf-bc06-42c0-9d9e-62a8f0760866",""
"c4200d18-67ca-4972-858c-f5555ed7240f","AccessRelationship","","","d9aa3649-5694-4ded-a1f0-fe68dca700bb","168c86ca-7fe1-4019-a9cd-7cca68e2994a",""
"dda175f4-2a43-4162-b75b-add27699392b","AccessRelationship","","","970cf1fc-e8c0-4775-8779-a5ed87df8a6a","20fe5abf-d84f-4ae7-be82-3f2394e2a843",""
"1d109232-9933-42d6-9814-69283edd2c1e","AccessRelationship","","","637fee94-9c8b-4d48-9823-8866740c832e","58210d45-7a27-4ce9-b20b-ad91fef00658",""
"5356815d-af56-43fe-b5bd-75ce95825820","AccessRelationship","","","f6a8e581-939b-4023-bb51-1ce89f56780a","b2479c2b-71a9-48c2-b8a0-c521e15d1e7a",""
"1bbdac62-afe9-4aab-9d01-cf2ed992ac0e","AccessRelationship","","","7b7667d3-6c0b-47e7-a10d-75bdd6e4132d","cb03b6de-4275-4f10-9ed2-ccb72519e361",""
"b7f58f6a-20bd-4eba-a015-72a0b3d3378c","AccessRelationship","","","637fee94-9c8b-4d48-9823-8866740c832e","b8f8831f-2896-4355-87fd-bf22e361d16c",""
"a936c8fb-471b-4ccb-be45-d267e6ea451f","AccessRelationship","","","733e645e-0f9b-4b83-900e-8e5c8bc3f1e3","13a850da-f5f1-4359-a3be-121e9cdb3c5c",""
"8e20b59d-1eaa-4eb1-be0b-d0d49c5c7f1b","AccessRelationship","","","46009005-4c69-426f-a5a2-d8a51ab3bb42","9569e3ff-e97f-48be-8fba-4326a662aeeb",""
"c72d2cd8-c5e2-454d-8808-895bfca5a065","AccessRelationship","","","2e3bdfce-6938-48d1-be7a-f76d6bce9bff","a769c03c-efa2-4ca8-b865-761141327217",""
"0a041965-594b-4668-be9c-175e4dfbc158","AccessRelationship","","","f6a8e581-939b-4023-bb51-1ce89f56780a","20fe5abf-d84f-4ae7-be82-3f2394e2a843",""
"eca440a5-db94-411d-8df5-0c27a63c6980","AccessRelationship","","","3ae601bb-74e6-4853-814f-ef726b172bda","79bbcdf4-4a6c-4124-ac62-2fe4cb8d8e53",""
"7015e453-ee69-4e07-82e7-4bc11314ed9e","AccessRelationship","","","af467d76-feaa-41ec-8136-506192d120f9","b2b2bfae-1161-4f45-b9c4-77ae11624124",""
"d382d2a6-79c1-4ab2-b939-72737a9abf54","AccessRelationship","","","7b7667d3-6c0b-47e7-a10d-75bdd6e4132d","ae1be267-d55d-4a65-b119-722499b69bca",""
"c36080a1-5b1a-4cfc-8ddd-458fe63a43b3","AccessRelationship","","","4eec94ca-eab6-4a3d-89e0-4c85778e1e79","6df10fc3-7d33-40ab-9ee6-c7c7def82220",""
"635a90d0-dc58-4345-b445-8333ab33b65c","AccessRelationship","","","733e645e-0f9b-4b83-900e-8e5c8bc3f1e3","def460aa-cfff-4c8a-96ba-2ebb3cd7ed75",""
"9ede0001-7041-4351-ab26-6ecfb3a8af2c","AccessRelationship","","","970cf1fc-e8c0-4775-8779-a5ed87df8a6a","6daadeb3-fc2e-47ba-80ef-d9103c988a70",""
"73c02c1a-0483-4178-8625-38b348b1ab03","AccessRelationship","","","733e645e-0f9b-4b83-900e-8e5c8bc3f1e3","c1d32046-a52b-4e51-a582-57cb474db452",""
"384f61b9-0d6a-48ea-90f2-1ad331eb331c","AccessRelationship","","","8c810450-22d2-4aa8-b095-fea174c4982c","b775e9c3-52f6-4832-832c-7da49ceea4ec",""
"8e99bd63-ad27-43b7-bd39-81f902c2c732","AccessRelationship","","","86aec6cc-892f-4792-8847-85b948a9ce40","f70a73e8-4ba9-4a8d-a4a4-3cacb7a15d72",""
"b341cc8a-5851-44d6-bf09-16ef9a2999ff","AccessRelationship","","","637fee94-9c8b-4d48-9823-8866740c832e","445f69a8-4fca-4b0f-9461-d9d7f87f2364",""
"ee8f86ce-0eb6-41a3-a166-c0c43cc9c26c","AccessRelationship","","","733e645e-0f9b-4b83-900e-8e5c8bc3f1e3","521b9ec6-7454-4f8a-b20f-2288cf3e56a4",""
"abaf7d21-3caa-4f4f-a67e-e514948faff5","AccessRelationship","","","8f65cdfa-12bd-4d36-88d3-33771b83c90b","a769c03c-efa2-4ca8-b865-761141327217",""
"3505bada-da66-4a19-a3d5-e3cffe8b29b4","AccessRelationship","","","637fee94-9c8b-4d48-9823-8866740c832e","3e33d096-87d9-429c-98ac-ec142c94cb72",""
"5efe83f3-cad2-4adf-b3cb-206bfc6fed48","AccessRelationship","","","7d304612-76eb-4063-80e3-bdf614063e36","cc6f448d-5544-49cf-b82a-c2945e18e861",""
"05e98ef4-a348-45a0-9bf8-a9d5f07858ac","AccessRelationship","","","e74b6512-df77-4626-aecd-330dec38f8d7","ae1be267-d55d-4a65-b119-722499b69bca",""
"014aef39-4f09-4356-b1e2-344da6526969","AccessRelationship","","","92e78f1b-15d8-42d4-94b9-53bed771d271","a9de5745-cd86-423a-bafb-6224d8668059",""
"9e3ccc08-a36f-48ec-a9ac-45576d6f8935","AccessRelationship","","","6a3cb87b-63a1-43f1-a110-86cb4498b937","6f90c18b-9a70-4ee8-9ccd-ada954b50dbf",""
"45685914-33ad-438b-b988-9fbd6d1dbef1","AccessRelationship","","","076443de-f802-4ffd-9aaa-f0e5252c004d","b775e9c3-52f6-4832-832c-7da49ceea4ec",""
"ac89eaff-52b4-4b5a-8b37-2d304b21aaec","AccessRelationship","","","2120be4c-a234-4b07-bc63-900b125bf9d8","a769c03c-efa2-4ca8-b865-761141327217",""
"d6c2bdc9-d80e-4da2-b8a9-6229a1757993","AccessRelationship","","","ab948e09-2a45-498b-bcb9-ebd3de19e3f6","0880a48e-a7da-434d-aa06-c7074203f0e2",""
"e77db32b-101e-4f3e-9bae-8d5f3e751fa9","AggregationRelationship","","","885d9339-5e6a-4ba4-9a77-6d8c7be04169","ec28878a-0db6-4ef5-8850-45f8d6152c04",""
"2d29d7c2-cf68-4df9-a1eb-7bb399177293","AggregationRelationship","","","885d9339-5e6a-4ba4-9a77-6d8c7be04169","e78d5cf5-262a-4564-aef9-d471b6d15f6d",""
"e1eba6c8-4d55-42b0-90fb-3de32a0168cf","AggregationRelationship","","","f6d1af54-1642-4dc1-9844-e0d18c4fa196","1c4f8d7d-fac2-43b6-a404-1aab9327e6f8",""
"51c3f72d-4d9d-4cfc-8bab-84a1bd57b283","AggregationRelationship","","","8abedaa1-6b3c-49ac-8c69-9a5e02f887bc","73e87fa6-d825-4f27-a03b-3f090c16da50",""
"6543752d-b5ec-4ffe-8ae3-6ac7938a5ff1","AggregationRelationship","","","2b20e2bb-af25-4172-b4c0-2b4cc7ab0ad2","b1bee0d6-69ee-4e8d-b508-78ad95f814d4",""
"bc241f87-b635-4e50-bf43-cb2dd15b7661","AggregationRelationship","","","41a58000-4fa2-4a97-b6f2-47752b81c1c9","da749846-caab-4169-8eea-91ae6d5de16d",""
"af24c005-f666-4de3-93be-fe6e32b300a6","AggregationRelationship","","","9291c72b-008b-4983-9766-b866315801d1","885d9339-5e6a-4ba4-9a77-6d8c7be04169",""
"a6fc8cc8-201c-4e1f-bdb9-fc807d805c3e","AggregationRelationship","","","76b5ce01-54f0-4057-b019-9fc8352b58fe","92e78f1b-15d8-42d4-94b9-53bed771d271",""
"4299dcfb-2e9c-4281-b25e-05ba797e4a28","AggregationRelationship","","","41a58000-4fa2-4a97-b6f2-47752b81c1c9","278ac7c2-1658-41b5-b828-f44e5eef13c7",""
"fc460775-2acb-4ea0-8adc-0439b7fc3d54","AggregationRelationship","","","885d9339-5e6a-4ba4-9a77-6d8c7be04169","a2a29e8f-476e-4f5e-9eb5-5bdf1dbaf2fb",""
"6fe41ceb-3038-4da5-9763-eb7145a13989","AggregationRelationship","","","9291c72b-008b-4983-9766-b866315801d1","60bdaa55-82d5-4329-af71-bfd4f5d4906a",""
"84e3759f-db81-4e84-9cf6-a146f285ee5b","AggregationRelationship","","","885d9339-5e6a-4ba4-9a77-6d8c7be04169","1d48701a-f5e1-465b-9a75-3b2e17dd13f1",""
"36713fd3-bf34-4575-a207-22bd601b217f","AggregationRelationship","","","27b06e67-3542-4345-b28f-0ea2ea2e4e2b","b775e9c3-52f6-4832-832c-7da49ceea4ec",""
"db38453b-a891-468e-bcb4-853415df513a","AggregationRelationship","","","8abedaa1-6b3c-49ac-8c69-9a5e02f887bc","41a58000-4fa2-4a97-b6f2-47752b81c1c9",""
"80503b1b-cdf4-44f4-8012-fcbeeec65090","AggregationRelationship","","","2b20e2bb-af25-4172-b4c0-2b4cc7ab0ad2","e14aa2a7-349f-48ce-aab9-ac3f51e058e0",""
"d14cad32-df31-4aef-8faa-4320e76164f1","AggregationRelationship","","","9291c72b-008b-4983-9766-b866315801d1","cda14bb9-08eb-4642-822c-f6c2c4f2081c",""
"162e5df3-3ef1-437f-9498-4cdb4500a7a1","AggregationRelationship","","","8abedaa1-6b3c-49ac-8c69-9a5e02f887bc","ebdad14f-cb42-4304-b043-37c12a49cd20",""
"72d34248-51d1-4961-9228-85ed1fa3e8e5","AggregationRelationship","","","41a58000-4fa2-4a97-b6f2-47752b81c1c9","d734c36e-db78-4e30-9c1d-a9c705aab43c",""
"131d3a3f-c402-41b8-8ebe-4cb162052a2d","AggregationRelationship","","","2b20e2bb-af25-4172-b4c0-2b4cc7ab0ad2","c668129a-7de2-4688-97dc-17ed8bf4d48b",""
"0e99428d-cab9-44f9-911b-0f7181e24e91","AggregationRelationship","","","27b06e67-3542-4345-b28f-0ea2ea2e4e2b","333d84fb-3d32-4879-bfe1-8593d8dcb85c",""
"d9dc3cd3-3314-4dc1-95c9-a99254b3466b","AggregationRelationship","","","885d9339-5e6a-4ba4-9a77-6d8c7be04169","888e3333-be25-40a8-9aed-3ef5881b7bd5",""
"83787507-7901-472b-9886-4370775bdd04","AggregationRelationship","","","885d9339-5e6a-4ba4-9a77-6d8c7be04169","b5d2b11d-4d1c-4a96-9e18-78b4fb7d6a83",""
"2be1b68d-d697-4b2a-93db-1b5b56460cbd","AggregationRelationship","","","885d9339-5e6a-4ba4-9a77-6d8c7be04169","8964a45b-1447-4e2f-93ca-f7c768674c0f",""
"76810ccb-b5fd-49b9-b3e6-27324c566df9","AggregationRelationship","","","9291c72b-008b-4983-9766-b866315801d1","4329f9a0-9c6f-47e1-9759-c26036586459",""
"c8c06478-0ba1-4196-9b12-22698644ef84","AggregationRelationship","","","9291c72b-008b-4983-9766-b866315801d1","fff9c93d-f262-490c-91fc-b6b269418adf",""
"6e0406bd-86da-414e-8bf3-3dfae5f2aec2","AggregationRelationship","","","885d9339-5e6a-4ba4-9a77-6d8c7be04169","580ea444-c8f0-4628-adab-23355d793a80",""
"489bde13-278c-4e1a-9dbb-98e2dff26735","AggregationRelationship","","","8abedaa1-6b3c-49ac-8c69-9a5e02f887bc","363fa399-3b82-4d1e-9a1a-0e68dbaf59fb",""
"e66b50df-1c2f-4860-8190-f2363714f2c6","AggregationRelationship","","","9291c72b-008b-4983-9766-b866315801d1","6983ffe4-ff9e-46cb-a3ad-8cae480b0bf4",""
"146e94c6-7a69-4ea9-9f0d-3eaaa104663c","AggregationRelationship","","","2b20e2bb-af25-4172-b4c0-2b4cc7ab0ad2","acd11c42-ab43-4d19-b870-24a7726fd054",""
"19f5dae3-0517-4419-8784-44e41cbf7cef","AssignmentRelationship","","","8d253c00-e7ee-4f9c-9592-47429d5a275d","127596f7-ad0f-4ad3-8b55-1055bb7981e5",""
"0a705391-feff-41ff-8e79-10f0567c8ddd","AssignmentRelationship","","","47728b6e-4cec-47c9-a30a-0184aab26f8c","e14aa2a7-349f-48ce-aab9-ac3f51e058e0",""
"a46731c6-123c-42ff-949b-8302bcba6fb0","AssignmentRelationship","","","61cc9169-0f43-4d2b-bb0b-e9d8c5b0e21a","fd7dffaa-488d-447a-abed-bc499b15a437",""
"dba1b192-78db-400e-8a2a-bd443bf2dca0","AssignmentRelationship","","","6bf17149-806c-46fe-887e-7832300c82e0","e14aa2a7-349f-48ce-aab9-ac3f51e058e0",""
"11e7db8b-441a-4c1b-811f-df3a20ac6af8","AssignmentRelationship","","","e97a9b78-6175-4943-8329-ec5101e9ca2e","e14aa2a7-349f-48ce-aab9-ac3f51e058e0",""
"f3d3adc8-8475-436e-aeae-83e4073d815a","AssignmentRelationship","","","88d43b89-b334-4fd2-ab50-e40f2e32be34","e14aa2a7-349f-48ce-aab9-ac3f51e058e0",""
"88fc61a9-214b-43ca-a8da-856160f480ac","AssignmentRelationship","","","672578a4-b85b-46e7-9ff5-96547990f1d6","07f04d3d-1ae2-404e-b9ac-daeb9eef8a7a",""
"565b6d7d-d376-4190-b694-3e9236cbac89","AssignmentRelationship","","","33ca2c1c-06d4-40a3-9f95-71fa52322a92","7c8fa9e5-f15c-47a1-8698-ee93c7c81ab9",""
"e4033a6e-c7e5-4ceb-9fa2-f865bf0c8977","AssignmentRelationship","","","df333189-a988-451b-8bbd-b28a877e2ea8","fd7dffaa-488d-447a-abed-bc499b15a437",""
"7f3d4301-d73f-4b0e-a8c4-6555e3d44d3d","AssignmentRelationship","","","387442e6-de8c-46b9-bad7-717b7c7a318d","e14aa2a7-349f-48ce-aab9-ac3f51e058e0",""
"6a1dbb44-6a4e-4ef3-a916-c9f6b9bf0a3b","AssignmentRelationship","","","f32f6eef-bc2c-43ba-8a23-38124bf7c721","01460f65-0053-4a95-80a7-3da6b0f3fbda",""
"9b820265-5221-4bb3-aafb-f89ea5276c6d","AssignmentRelationship","","","e3e115af-6c7f-4a73-b96d-e58885eb406e","8e12263e-f8e4-41e0-bf8e-b3f2407b9613",""
"f60640b4-751b-4c96-9799-68923fdef4b2","AssignmentRelationship","","","6c6b970c-6b34-4b79-b557-929b52d46269","4ecc1230-eafc-455e-a187-050430f33789",""
"a3ac2dcd-ce18-4ca2-8565-beeea0b5d83c","AssignmentRelationship","","","68564d09-1a66-4f98-8c5c-e989c86e1614","885d9339-5e6a-4ba4-9a77-6d8c7be04169",""
"ebe86bc5-d1a3-4958-8dc9-f5fd1a55f089","AssignmentRelationship","","","8d253c00-e7ee-4f9c-9592-47429d5a275d","a07a9f1f-bd98-4632-a7be-1794b3e8aa91",""
"1aaeedc3-b4e9-4b4c-9237-0c5641290946","AssignmentRelationship","","","076443de-f802-4ffd-9aaa-f0e5252c004d","1a21fc60-c72c-4884-a595-95b94f0044c9",""
"0f9d04d5-c4d0-44b3-a267-90aea10c435a","AssignmentRelationship","","","efd68013-7393-4933-bced-f50d00fcc0e2","e14aa2a7-349f-48ce-aab9-ac3f51e058e0",""
"7523c8bf-7159-4288-a11f-7f727d6c08e4","AssignmentRelationship","","","33ca2c1c-06d4-40a3-9f95-71fa52322a92","c2341f39-57e2-448c-984d-2eb16f034c15",""
"91503980-57c6-4622-ad3a-1959546dd34d","AssignmentRelationship","","","33ca2c1c-06d4-40a3-9f95-71fa52322a92","9982a78e-d224-479b-8dbd-705c8849b269",""
"d3dab5de-62c3-4435-babc-3c7099532ab1","AssignmentRelationship","","","f32f6eef-bc2c-43ba-8a23-38124bf7c721","1a21fc60-c72c-4884-a595-95b94f0044c9",""
"dfccff67-7719-46ab-8992-637a711f2cf6","AssignmentRelationship","","","e6758ada-f4f2-4dff-95bf-8b3d687e519f","fd7dffaa-488d-447a-abed-bc499b15a437",""
"441f9ed5-9efb-4c70-8109-a2a3501a96d9","AssignmentRelationship","","","2120be4c-a234-4b07-bc63-900b125bf9d8","01460f65-0053-4a95-80a7-3da6b0f3fbda",""
"035ea5a9-816c-47e3-8497-e744c9aba166","AssignmentRelationship","","","8d253c00-e7ee-4f9c-9592-47429d5a275d","925e2b85-e903-4891-9663-b801ad8c3edd",""
"fbeff56c-8c20-4004-8a5c-0c5c0c61453d","AssignmentRelationship","","","8d253c00-e7ee-4f9c-9592-47429d5a275d","7d304612-76eb-4063-80e3-bdf614063e36",""
"3258bc53-e853-4e1c-9db3-f3e752a9cb29","AssignmentRelationship","","","33ca2c1c-06d4-40a3-9f95-71fa52322a92","90d6206c-c7ef-483b-9a25-53bdae3b516b",""
"a9ff50d5-c580-4cd4-9cea-654cf3586cd2","AssignmentRelationship","","","33ca2c1c-06d4-40a3-9f95-71fa52322a92","f151bb08-644a-4ae6-800c-3d75a52e2629",""
"3bf53e0e-72ce-4604-b1a5-cb328b88b54c","AssignmentRelationship","","","33ca2c1c-06d4-40a3-9f95-71fa52322a92","8f65cdfa-12bd-4d36-88d3-33771b83c90b",""
"6417bae2-1e71-4881-8ef9-5f4ac48b4a5b","AssignmentRelationship","","","8a5e31c5-a235-49b5-80e5-03c32949b04f","e14aa2a7-349f-48ce-aab9-ac3f51e058e0",""
"d72fc85c-ffd0-4be4-8184-ed5bd5d24385","AssignmentRelationship","","","85fec24b-2589-4cb4-83b7-7f91e72210a3","8e12263e-f8e4-41e0-bf8e-b3f2407b9613",""
"d9959425-c780-470c-b26c-095441dd76aa","AssignmentRelationship","","","8d253c00-e7ee-4f9c-9592-47429d5a275d","30d41aa8-bd04-4e04-9e4a-05b67a03c90c",""
"073bc579-f26d-4578-a71b-f33cb6c26729","AssignmentRelationship","","","33ca2c1c-06d4-40a3-9f95-71fa52322a92","4eec94ca-eab6-4a3d-89e0-4c85778e1e79",""
"5ba11057-1616-4a26-84cf-2ee40d741d35","AssignmentRelationship","","","8d253c00-e7ee-4f9c-9592-47429d5a275d","9f3ce312-9810-4b9e-b2a4-d552ea17a7f3",""
"58ec3823-6140-4cb7-bf94-0b0bf10c128e","AssignmentRelationship","","","bad76d27-841e-46b1-8841-95664953493f","69de8563-fec8-43d9-bdb0-f3cf3d392760",""
"cf41ebc6-b8fb-44c0-8abe-4fe9c79dd07f","AssignmentRelationship","","","998ce102-a4bb-4411-ba0f-43e7521a4cd9","192adb08-97a3-42ed-9247-66a121fdcaec",""
"23b38be7-5bd5-4415-bb50-36e9b82a2b84","AssignmentRelationship","","","fc946777-cd1f-4b9b-ad61-412be36b0ee5","fd7dffaa-488d-447a-abed-bc499b15a437",""
"e3498a7e-4391-4f2a-b3fc-977607127037","AssignmentRelationship","","","18a1456a-0841-4058-b1aa-374eb9e2b582","e14aa2a7-349f-48ce-aab9-ac3f51e058e0",""
"fd2d74b7-774e-4684-83d8-1e653c36229d","AssignmentRelationship","","","8d253c00-e7ee-4f9c-9592-47429d5a275d","c704b2e3-3922-45a4-a272-0c470cfd8b51",""
"36667456-2fef-4a62-b04e-b73f60576e0a","AssignmentRelationship","","","2b077aae-524a-4fd1-bd50-5b740284f5f3","fd7dffaa-488d-447a-abed-bc499b15a437",""
"df94eb03-b8b8-4d1b-a425-488e456c79fd","AssignmentRelationship","","","33ca2c1c-06d4-40a3-9f95-71fa52322a92","d53f4f79-7139-4447-b1b9-195351b8f9a4",""
"1e0c586b-00c7-4c9e-8951-87f8b531f22a","AssignmentRelationship","","","8d253c00-e7ee-4f9c-9592-47429d5a275d","b3035868-300e-4dc1-9c4c-38a9574ec28c",""
"f1dd6f18-56f2-42f1-ba5e-fb202cc50c1f","AssignmentRelationship","","","038ea2a3-1eba-497e-b0fe-e534719b688a","e14aa2a7-349f-48ce-aab9-ac3f51e058e0",""
"a1666b5b-b924-4f9e-ba6a-9f78eb84112d","AssignmentRelationship","","","45d35d94-9cda-46e8-be09-c02f72ceacb0","8e12263e-f8e4-41e0-bf8e-b3f2407b9613",""
"3aeb7c9e-f410-40f2-8131-664b25a3e718","AssignmentRelationship","","","ddcfb320-40fe-492e-994d-9ee8564b7634","8e12263e-f8e4-41e0-bf8e-b3f2407b9613",""
"8053c627-e90f-4df6-832c-68ea1c64c1af","AssignmentRelationship","","","67156ec5-925d-423d-90c0-e600e143890b","e14aa2a7-349f-48ce-aab9-ac3f51e058e0",""
"27169d0a-5dbd-42a5-b104-e7461389ca69","AssignmentRelationship","","","44bc7c8c-fab9-4690-8baf-e4399832f50e","fd7dffaa-488d-447a-abed-bc499b15a437",""
"95ef6d89-ae5e-41e9-8de1-3a330e8f8714","AssignmentRelationship","","","2eebaaaf-a899-40b5-bd5e-5aa0e7052ecf","69de8563-fec8-43d9-bdb0-f3cf3d392760",""
"2308d3d1-7e31-4699-9919-c601431094ca","AssignmentRelationship","","","33ca2c1c-06d4-40a3-9f95-71fa52322a92","af467d76-feaa-41ec-8136-506192d120f9",""
"2cc59277-bf22-4abe-96d4-ac685428bc0f","AssignmentRelationship","assigned to","","f06373d7-b6a1-4c24-8542-d5b66e605a89","63fd5825-0c94-454a-b27b-346d79b29b0c",""
"4c38bef5-7ade-4c4f-aef5-6e3473c5f86b","AssignmentRelationship","deploys","","998ce102-a4bb-4411-ba0f-43e7521a4cd9","a773f0de-5998-4b12-bb7b-b06b929a1ca0",""
"ab6b375f-645a-4245-9bb3-8dc6643dc2c2","AssignmentRelationship","optional deployment for development","","9b2efe10-f973-4650-aa21-5f01f9d92df4","42715cda-a9cc-4dfc-9664-be61ef082b56",""
"5668300b-cf23-4ed4-90d2-355b2b99997f","AssociationRelationship","","","c1d32046-a52b-4e51-a582-57cb474db452","a58be463-776a-4af3-9299-31c9abc23646",""
"fa8cd62e-de58-45c4-8653-3093543fdcb9","AssociationRelationship","","","56ef58f8-9594-4b5c-bda6-0722bd145997","3a889453-1952-43bc-be24-5f17eb69bbab",""
"d6ad4f2c-7e95-4b0f-9854-450049d17a8b","AssociationRelationship","","","4f436ef3-3ff0-413b-a15b-a1a44e51b4d0","f807ed59-e209-4475-8692-3421f7df47ae",""
"7a646f76-b8ac-415f-a400-58e0684b426b","AssociationRelationship","","","d7bb347b-44e2-469b-a698-0a1b1e94cb10","aba48f6e-ad8e-42ff-9761-e3bf0b162bc5",""
"fbe25bff-dba7-40e0-9715-315064c847d1","AssociationRelationship","","","13dd89a6-ae0f-42fc-ae96-09f62b3bb04f","987a2008-d454-4a79-a0e0-cc9d283b779b",""
"449d1e43-62e6-4d17-8307-d8093c3b1e88","AssociationRelationship","","","44d92bf9-9086-41b8-9e9e-2cd5750e933f","e232341b-21e0-4489-9628-7e95d9c3c7d4",""
"82ce8d41-0d12-49ae-920d-79acd3e35ddc","AssociationRelationship","","","333d84fb-3d32-4879-bfe1-8593d8dcb85c","b775e9c3-52f6-4832-832c-7da49ceea4ec",""
"76c59e59-8245-4062-9566-ca165cd2de99","AssociationRelationship","","","13dd89a6-ae0f-42fc-ae96-09f62b3bb04f","3bbae3ea-aaa4-4f77-b567-85584ff6717f",""
"141831eb-771c-422d-92c6-130824b4f3e9","AssociationRelationship","","","987a2008-d454-4a79-a0e0-cc9d283b779b","e232341b-21e0-4489-9628-7e95d9c3c7d4",""
"58d7573d-5899-4542-95c5-b7ceb0ee0747","AssociationRelationship","","","c1d32046-a52b-4e51-a582-57cb474db452","d8fe06e0-db6c-4d51-b020-163771dcc59f",""
"0a2daab9-21b7-40e5-b95c-44bb9f60995a","AssociationRelationship","","","13dd89a6-ae0f-42fc-ae96-09f62b3bb04f","2ec706fb-2d17-4c7f-b7f3-96164eb19d4b",""
"8a4f3bb2-320a-4c2a-9a6a-cb944cae4d85","AssociationRelationship","","","968df71f-8618-453e-81ab-59d31e042c49","0c5203fe-c440-4276-b76d-f2bf774ca19b",""
"f2727a6d-dff1-4151-944b-dfc1f3757454","AssociationRelationship","","","f807ed59-e209-4475-8692-3421f7df47ae","e232341b-21e0-4489-9628-7e95d9c3c7d4",""
"7c46cd46-81ff-40e6-b5b1-5652d3b4c3a5","AssociationRelationship","","","aba48f6e-ad8e-42ff-9761-e3bf0b162bc5","aba48f6e-ad8e-42ff-9761-e3bf0b162bc5",""
"3772b60a-b130-41c8-982b-1ad5f794186b","AssociationRelationship","","","46b19d1f-01fa-4fe5-af1d-54253b06af16","61ec5643-b063-450c-bd55-783066448354",""
"7d5e5a76-1011-4600-b3be-39e447d76c00","AssociationRelationship","","","d8fe06e0-db6c-4d51-b020-163771dcc59f","70ada3e9-b341-4ca6-804e-ec9da9bc3118",""
"4f2017fe-bc98-493c-9ec3-d62a5cf34284","AssociationRelationship","","","21a4d8d6-f85b-44bf-b484-582c3b7bbe91","992b33bc-a975-4f71-9dab-4ddbbcd2e69b",""
"18027ba8-1222-465d-ade9-411f3078825f","AssociationRelationship","","","70ada3e9-b341-4ca6-804e-ec9da9bc3118","695e0477-3edf-4bb5-b214-6df3d3849d9f",""
"94b8ebe8-3567-47b2-bedf-9a15467c13cc","AssociationRelationship","","","2ec706fb-2d17-4c7f-b7f3-96164eb19d4b","d8fe06e0-db6c-4d51-b020-163771dcc59f",""
"fadb26fe-dc4b-4822-ac44-28bd29d0699b","AssociationRelationship","","","13dd89a6-ae0f-42fc-ae96-09f62b3bb04f","b775e9c3-52f6-4832-832c-7da49ceea4ec",""
"241806c7-809a-418a-bd7c-b6b929a038eb","AssociationRelationship","","","ec34bce0-fb9c-4bfd-8112-52bc031e92ee","d7bb347b-44e2-469b-a698-0a1b1e94cb10",""
"254ea270-52de-4c91-811f-07e12b2d68bb","AssociationRelationship","","","ec34bce0-fb9c-4bfd-8112-52bc031e92ee","535f767f-be16-45f0-b957-2e5a59ccc68a",""
"c4e255b2-4507-4ffe-b2d8-fa792d453728","AssociationRelationship","","","aba48f6e-ad8e-42ff-9761-e3bf0b162bc5","13dd89a6-ae0f-42fc-ae96-09f62b3bb04f",""
"20b909d7-50b1-4494-8d85-8d4c026c69ba","AssociationRelationship","","","f807ed59-e209-4475-8692-3421f7df47ae","e5235603-c852-4b71-9f0c-a4929557de4e",""
"501a9377-8ac7-4f5e-aaa6-745344c5c2ed","AssociationRelationship","","","61ec5643-b063-450c-bd55-783066448354","47755ae9-5d1d-49cb-9f73-1d3ffb9011c2",""
"9c413768-c487-4ab1-b5ba-bd4f3eec38af","AssociationRelationship","","","8ddb7ee1-710e-4d81-9e07-ae842ce6bc7e","d8fe06e0-db6c-4d51-b020-163771dcc59f",""
"7802455c-c63f-4ccd-882f-bfbe158e9204","AssociationRelationship","","","41698acf-bc06-42c0-9d9e-62a8f0760866","a769c03c-efa2-4ca8-b865-761141327217",""
"0849cb28-4dc4-49c6-874c-68a569490b34","AssociationRelationship","","","f807ed59-e209-4475-8692-3421f7df47ae","695e0477-3edf-4bb5-b214-6df3d3849d9f",""
"b99acc9f-388d-4a9e-b8d0-a43790f9c0c7","AssociationRelationship","","","695e0477-3edf-4bb5-b214-6df3d3849d9f","992b33bc-a975-4f71-9dab-4ddbbcd2e69b",""
"71f870e4-af5d-4283-aa7f-75a9b3e98dc1","AssociationRelationship","","","13dd89a6-ae0f-42fc-ae96-09f62b3bb04f","333d84fb-3d32-4879-bfe1-8593d8dcb85c",""
"d9ccc691-0cad-45c9-9c30-61d8bb0b9bd6","AssociationRelationship","","","a769c03c-efa2-4ca8-b865-761141327217","47755ae9-5d1d-49cb-9f73-1d3ffb9011c2",""
"27115e87-8abd-4998-ae3c-73985696beb0","AssociationRelationship","","","968df71f-8618-453e-81ab-59d31e042c49","d7bb347b-44e2-469b-a698-0a1b1e94cb10",""
"74b18c35-788f-4c57-bd05-6216489b75ab","AssociationRelationship","","","9daf84b7-e93f-4aa5-9085-5473127b0daa","61ec5643-b063-450c-bd55-783066448354",""
"0da48c7c-5f3c-4ef5-b212-139603fe4928","AssociationRelationship","","","ccbd7e88-b368-42b8-8e3b-d1aa89fb93d8","aba48f6e-ad8e-42ff-9761-e3bf0b162bc5",""
"3b1bf369-a83f-45b0-92b7-ea75ebc4bf7d","AssociationRelationship","","","b775e9c3-52f6-4832-832c-7da49ceea4ec","a769c03c-efa2-4ca8-b865-761141327217",""
"05556433-3ef0-4bb5-b172-0910e4f2fa5c","AssociationRelationship","","","0c5203fe-c440-4276-b76d-f2bf774ca19b","ec34bce0-fb9c-4bfd-8112-52bc031e92ee",""
"88c2406c-1ee8-4f58-8183-833b1e23302c","AssociationRelationship","","","aba48f6e-ad8e-42ff-9761-e3bf0b162bc5","d8fe06e0-db6c-4d51-b020-163771dcc59f",""
"826b11e2-4193-4c80-a8bc-36a7ce9b4958","AssociationRelationship","","","a769c03c-efa2-4ca8-b865-761141327217","521b9ec6-7454-4f8a-b20f-2288cf3e56a4",""
"3d6c4e24-b0f1-49da-a111-81c0cd2fd737","AssociationRelationship","","","f807ed59-e209-4475-8692-3421f7df47ae","21a4d8d6-f85b-44bf-b484-582c3b7bbe91",""
"ba07cdb3-a55b-41a4-9c8a-0b1c50decb30","AssociationRelationship","n .. m","","be628ee8-eba2-4288-9660-3c3fdba2455b","0880a48e-a7da-434d-aa06-c7074203f0e2",""
"13735f8c-e21b-4243-b910-715d96f46428","CompositionRelationship","","","9d3b55ac-059e-49fc-affc-31d549c10669","e0a9beaf-ae1e-49e4-a2bf-f6f74a06bf23",""
"6071ec98-2344-451d-93d0-beae4ce8cfc7","CompositionRelationship","","","f952733b-2b9f-4a3a-9d90-0d69a8d9c5c0","efcf290e-157a-4439-97a2-d118d217f99c",""
"beab6253-1b66-4c1f-a646-6752ded22ebf","CompositionRelationship","","","e5235603-c852-4b71-9f0c-a4929557de4e","b9cb371e-193a-420d-b809-ffd17b772ff2",""
"a5f1c27e-a314-4a62-8c7b-f23be04f3f51","CompositionRelationship","","","21b80064-0391-4f1f-89ce-45475b653dc7","69b6367f-1590-4f6d-a280-46006dae44ba",""
"71ec2296-7b6d-49e7-8c39-265d99650cf0","CompositionRelationship","","","c1d32046-a52b-4e51-a582-57cb474db452","e5235603-c852-4b71-9f0c-a4929557de4e",""
"6654a18f-d3da-4422-a9a1-81089fb4e19a","CompositionRelationship","","","6983ffe4-ff9e-46cb-a3ad-8cae480b0bf4","1d48701a-f5e1-465b-9a75-3b2e17dd13f1",""
"5bdb9bf6-c755-4c2a-a921-df5abe95ca6d","CompositionRelationship","","","9d3b55ac-059e-49fc-affc-31d549c10669","8a1bb487-e05a-4dce-8946-9f75dabc6f69",""
"a9bdf4d6-bb0a-458f-9025-db0e3725412a","CompositionRelationship","","","9d3b55ac-059e-49fc-affc-31d549c10669","0c04299f-bc61-4063-83bb-92138982d768",""
"3f564b9d-3010-4840-b96e-c2349e56fb27","CompositionRelationship","","","8e12263e-f8e4-41e0-bf8e-b3f2407b9613","1f582adb-64d5-4280-acfa-be60c60df8f9",""
"fcc789c6-e8a1-441c-ae83-da9abc0f866d","CompositionRelationship","","","3bbae3ea-aaa4-4f77-b567-85584ff6717f","e232341b-21e0-4489-9628-7e95d9c3c7d4",""
"9126df1a-f72b-4ba7-a492-61d2b1c000da","CompositionRelationship","","","8e12263e-f8e4-41e0-bf8e-b3f2407b9613","970cf1fc-e8c0-4775-8779-a5ed87df8a6a",""
"ec69ae36-c909-4aff-bb0e-1bd63af5bacd","CompositionRelationship","","","69de8563-fec8-43d9-bdb0-f3cf3d392760","02c39184-31c6-4645-8b30-5122e9678bfd",""
"897469cf-9bab-4397-9e55-653e7ddffdc3","CompositionRelationship","","","2513a4ec-24ea-4594-843e-e83281d02517","83267d8b-e273-4e56-8899-bd9db68e5352",""
"162f06c9-aca3-4978-9e17-7457153cc0e9","CompositionRelationship","","","40ce67d4-bbd3-4f3a-a33d-cc189395b978","4a25b280-b3e4-4ae9-8c6d-d5aff3e098e0",""
"54d40bbd-b614-4026-aba5-71dc7d23ab62","CompositionRelationship","","","acd11c42-ab43-4d19-b870-24a7726fd054","e1ab51f7-33bf-460c-a5fb-0acd5adce8d2",""
"cdbe6e9e-6d95-4c48-bb04-c53d601a423d","CompositionRelationship","","","ab948e09-2a45-498b-bcb9-ebd3de19e3f6","b9d0a1e3-4c4a-4b91-8d44-47f8d2c430de",""
"e3d4625a-1ea0-4240-8eb9-357b3ced11ed","CompositionRelationship","","","ab948e09-2a45-498b-bcb9-ebd3de19e3f6","7a3f8ae4-067c-4cb1-be20-b439dbd00087",""
"8146f894-d731-4891-bf59-6ac8606d1c3b","CompositionRelationship","","","8e12263e-f8e4-41e0-bf8e-b3f2407b9613","982819ff-fc69-4193-bcec-ce8536dd8367",""
"dba2a52a-4131-4461-be48-f1d56cab8b7e","CompositionRelationship","","","4ecc1230-eafc-455e-a187-050430f33789","7a5197df-e24b-4108-a2c0-617405039c0b",""
"c0213d13-9e30-4131-a065-825f8a660046","CompositionRelationship","","","cce66aa9-e97c-44aa-8ae1-1e7986cf7686","68564d09-1a66-4f98-8c5c-e989c86e1614",""
"b15b25fb-c74c-4ca3-bbc4-3ea0b5bd6d51","CompositionRelationship","","","02c39184-31c6-4645-8b30-5122e9678bfd","83267d8b-e273-4e56-8899-bd9db68e5352",""
"c4f19452-9f0b-480d-80fb-6f1d030f04ba","CompositionRelationship","","","fff9c93d-f262-490c-91fc-b6b269418adf","4dc4c738-877a-46e8-882b-8d2b7d0b731c",""
"c8719201-d326-45ea-b8b0-f34db908720f","CompositionRelationship","","","4ecc1230-eafc-455e-a187-050430f33789","f5b085e6-8a2d-4fce-a435-5437355efdd6",""
"82c25ebe-4bd3-47ec-a727-d795cf97bf44","CompositionRelationship","","","e5235603-c852-4b71-9f0c-a4929557de4e","3ac7ce29-fb91-41ef-aaab-ba0ed34e45d7",""
"d9496743-56c4-4564-bcb4-b128adeb82c5","CompositionRelationship","","","4ecc1230-eafc-455e-a187-050430f33789","42715cda-a9cc-4dfc-9664-be61ef082b56",""
"ab63deb3-fbcc-4fb9-9ec1-28f3f004cde8","CompositionRelationship","","","429329a1-a624-4fbb-b709-7882d24e98c0","e9bae57d-a849-4e9b-95f8-a5b961b5b931",""
"0d2e0993-282c-4f59-8aec-2d0a2858a603","CompositionRelationship","","","6696ae1f-1db3-4f30-996d-daf68e1c5e52","fb6638b9-352c-4279-8e47-b71e2860c332",""
"cf0f7077-9ce5-4f0f-ace8-290a071f458f","CompositionRelationship","","","b9cb371e-193a-420d-b809-ffd17b772ff2","e232341b-21e0-4489-9628-7e95d9c3c7d4",""
"fdd0b51a-f1a7-4e52-93ea-d74ce10648d3","CompositionRelationship","","","b246c9de-7440-4f65-b207-bd60a60d60d0","6dee11e6-4da2-41f6-8fdd-d72315c16f1b",""
"31043c40-c8f7-4c31-99cd-d31392347dd6","CompositionRelationship","","","40ce67d4-bbd3-4f3a-a33d-cc189395b978","5390a84e-98c9-4b83-bdc5-162712757606",""
"23d86f82-13d4-42e6-b634-cd98f82e1c3f","CompositionRelationship","","","2002b6bc-5b1c-4f1c-94e7-3126c003d0a2","f5b085e6-8a2d-4fce-a435-5437355efdd6",""
"6bdd8e6f-0f09-403d-935e-e81807a77fc8","CompositionRelationship","","","e5235603-c852-4b71-9f0c-a4929557de4e","a58be463-776a-4af3-9299-31c9abc23646",""
"1af95f94-35f1-46ff-87be-a0a56b30999a","CompositionRelationship","","","fff9c93d-f262-490c-91fc-b6b269418adf","6696ae1f-1db3-4f30-996d-daf68e1c5e52",""
"1866382f-5f94-4446-9816-dc88bd53087e","CompositionRelationship","","","69de8563-fec8-43d9-bdb0-f3cf3d392760","2513a4ec-24ea-4594-843e-e83281d02517",""
"448df3d7-a8ec-4a1d-8240-c4924d56822c","CompositionRelationship","","","8e12263e-f8e4-41e0-bf8e-b3f2407b9613","ed9eea11-03c3-4d70-a117-a8cb49b41b7a",""
"1005661e-2799-4bb6-8871-f2f8e336feda","CompositionRelationship","","","d0fdb39d-98f8-4ac1-ab79-a26422fb426e","61ed788a-b46b-4f89-8b9b-fb9b6229bbdb",""
"54e2d826-e866-49bd-a6fc-6c95e1995de4","CompositionRelationship","","","60bdaa55-82d5-4329-af71-bfd4f5d4906a","580ea444-c8f0-4628-adab-23355d793a80",""
"6203e098-1e19-4960-8287-19ab0a54f5e6","CompositionRelationship","","","f952733b-2b9f-4a3a-9d90-0d69a8d9c5c0","429329a1-a624-4fbb-b709-7882d24e98c0",""
"2c4641da-6148-4df1-9eff-3463626d9a58","CompositionRelationship","","","21b80064-0391-4f1f-89ce-45475b653dc7","c4e09438-755f-4ecf-972f-8fbb2b4bb591",""
"71bd7c76-d091-4b79-bd2b-aab4739a9a74","CompositionRelationship","","","acd11c42-ab43-4d19-b870-24a7726fd054","91c72ad5-9ca8-4d8c-aa19-07cc7b80b2b1",""
"45c654e3-2487-41f3-902e-4f082e4bf870","CompositionRelationship","","","192adb08-97a3-42ed-9247-66a121fdcaec","2002b6bc-5b1c-4f1c-94e7-3126c003d0a2",""
"8929d886-a57d-4be4-8004-28a694153366","CompositionRelationship","","","8e12263e-f8e4-41e0-bf8e-b3f2407b9613","e8da126d-afe2-42da-8ba1-f379ee97937d",""
"a5492495-c369-4514-bf43-4bae3d1def91","CompositionRelationship","","","fff9c93d-f262-490c-91fc-b6b269418adf","8964a45b-1447-4e2f-93ca-f7c768674c0f",""
"b3091b6a-1d3e-45f2-a144-e79f9d0a2719","CompositionRelationship","","","69de8563-fec8-43d9-bdb0-f3cf3d392760","07f04d3d-1ae2-404e-b9ac-daeb9eef8a7a",""
"a9198c74-3339-4291-be03-d05810226fed","CompositionRelationship","","","09d27972-c45d-4901-88b8-a37992446d60","6a3cb87b-63a1-43f1-a110-86cb4498b937",""
"4b1fff46-4393-457f-8b58-8c9046be45be","CompositionRelationship","","","21b80064-0391-4f1f-89ce-45475b653dc7","fb6d97c6-73ad-43b6-9eba-bf66ae5b4c78",""
"892b2630-367d-4d64-b381-3e446511e8ef","CompositionRelationship","","","df155d5b-ebf5-4fcb-8fbc-e24f3ff7d1d0","cd647393-1349-4304-88d4-8c212469f5a3",""
"83ecf151-b46d-44f0-a9ad-48291b557c03","CompositionRelationship","","","c1d32046-a52b-4e51-a582-57cb474db452","3ac7ce29-fb91-41ef-aaab-ba0ed34e45d7",""
"ee2eb79b-c063-4130-a6f2-fd84b36be4a6","CompositionRelationship","","","a769c03c-efa2-4ca8-b865-761141327217","44d92bf9-9086-41b8-9e9e-2cd5750e933f",""
"a8f57a5f-8008-4b62-9c1d-014bbfc0f9d3","CompositionRelationship","","","9d3b55ac-059e-49fc-affc-31d549c10669","fbd07ec1-ca73-4e45-bc4e-33870dc68cff",""
"90c3f538-5d17-4ce2-9224-28313e51828a","CompositionRelationship","","","6c6b970c-6b34-4b79-b557-929b52d46269","30bb6d9a-c990-406d-9c5a-0a3784c2a6d8",""
"2d43c77e-c21c-4731-a0af-838d182b27ad","CompositionRelationship","","","69de8563-fec8-43d9-bdb0-f3cf3d392760","970cf1fc-e8c0-4775-8779-a5ed87df8a6a",""
"a7e9ea92-38f9-4a94-9829-fee7ba09a1be","CompositionRelationship","","","e5235603-c852-4b71-9f0c-a4929557de4e","9ca32459-ab70-4fa0-82ae-5cb00c8dd66a",""
"109dda95-717a-4d2b-a0d9-ad6b8d061823","CompositionRelationship","","","6696ae1f-1db3-4f30-996d-daf68e1c5e52","43797fd3-2a27-43ed-8796-34437fea8241",""
"4422adcc-4976-4cc8-97cd-99a761707f7b","CompositionRelationship","","","09d27972-c45d-4901-88b8-a37992446d60","61ed788a-b46b-4f89-8b9b-fb9b6229bbdb",""
"354c76b4-f7bd-48df-b9b5-cf7e10be8f75","CompositionRelationship","","","40ce67d4-bbd3-4f3a-a33d-cc189395b978","d8405a89-91cc-4082-b59f-9bba46691037",""
"b2615b12-2a55-483e-96e1-2378740242a5","CompositionRelationship","","","21b80064-0391-4f1f-89ce-45475b653dc7","aa2f2d74-726b-4518-8f40-4304252ad207",""
"4c054862-d403-45ac-bcdc-ca6c001323af","CompositionRelationship","","","acd11c42-ab43-4d19-b870-24a7726fd054","e0ea7ba9-fed7-42c4-81e5-896a29eb0731",""
"d3580ae3-91c8-4d70-b65f-d45f0b01d73a","CompositionRelationship","","","69de8563-fec8-43d9-bdb0-f3cf3d392760","83267d8b-e273-4e56-8899-bd9db68e5352",""
"9b827e5d-b8b3-4970-a487-4a3250dd1c0b","CompositionRelationship","","","df155d5b-ebf5-4fcb-8fbc-e24f3ff7d1d0","28e8dc08-64cf-4691-b94f-22c66771b71b",""
"4bcb37fd-9063-4d3e-a18d-24addf641a3e","CompositionRelationship","","","8e12263e-f8e4-41e0-bf8e-b3f2407b9613","07f04d3d-1ae2-404e-b9ac-daeb9eef8a7a",""
"51f84099-1265-40b4-b750-4e1df5b9ab7b","CompositionRelationship","","","b775e9c3-52f6-4832-832c-7da49ceea4ec","e232341b-21e0-4489-9628-7e95d9c3c7d4",""
"5d123833-a012-43cf-b67a-91aa772bef50","CompositionRelationship","","","8e12263e-f8e4-41e0-bf8e-b3f2407b9613","a937f64c-70e4-4a5f-9b21-305e2772aebc",""
"8e1342f1-16bf-443f-b5b8-9bbbec273088","CompositionRelationship","","","9d3b55ac-059e-49fc-affc-31d549c10669","d7851b20-65f5-47ba-8cd5-020164874592",""
"d264c62c-aba9-4d89-a3b7-faeaa45bbc74","CompositionRelationship","?","If there is a notion of related items, either items need to be classified, explicitly connected or some business logic based on other attributes.","e232341b-21e0-4489-9628-7e95d9c3c7d4","a58be463-776a-4af3-9299-31c9abc23646",""
"c88b5d4c-64cc-4593-87f0-c7a6e332ba07","FlowRelationship","","","4eec94ca-eab6-4a3d-89e0-4c85778e1e79","c704b2e3-3922-45a4-a272-0c470cfd8b51",""
"c7488dae-5541-4f0d-877e-35bd10bdb052","FlowRelationship","","","c2341f39-57e2-448c-984d-2eb16f034c15","b3035868-300e-4dc1-9c4c-38a9574ec28c",""
"4680e676-9891-4165-9bd7-4c0a122bda6c","FlowRelationship","","","90d6206c-c7ef-483b-9a25-53bdae3b516b","c2341f39-57e2-448c-984d-2eb16f034c15",""
"08f3f3df-e7f1-4690-aa69-f1af573edf03","FlowRelationship","","","8f65cdfa-12bd-4d36-88d3-33771b83c90b","127596f7-ad0f-4ad3-8b55-1055bb7981e5",""
"18d2a4db-d6f1-4b8b-9fe5-f931bd9df897","FlowRelationship","","","7b7667d3-6c0b-47e7-a10d-75bdd6e4132d","e74b6512-df77-4626-aecd-330dec38f8d7",""
"09e187cf-a180-4e95-a89d-68cc0514551a","FlowRelationship","","","af467d76-feaa-41ec-8136-506192d120f9","925e2b85-e903-4891-9663-b801ad8c3edd",""
"e1affbbd-fea5-400c-b50c-5301dc0a51a3","FlowRelationship","","","b9d0a1e3-4c4a-4b91-8d44-47f8d2c430de","7a3f8ae4-067c-4cb1-be20-b439dbd00087",""
"3e38104c-4b32-4df6-87c4-154d2af906a7","FlowRelationship","","","7b7667d3-6c0b-47e7-a10d-75bdd6e4132d","86aec6cc-892f-4792-8847-85b948a9ce40",""
"3eb5fa0f-7358-43b7-bea7-91edc7de814c","FlowRelationship","","","9982a78e-d224-479b-8dbd-705c8849b269","90d6206c-c7ef-483b-9a25-53bdae3b516b",""
"08dab077-0555-4a41-8d4f-7fe790ebe3dc","FlowRelationship","","","a07a9f1f-bd98-4632-a7be-1794b3e8aa91","7d304612-76eb-4063-80e3-bdf614063e36",""
"e6af4a17-4ac5-40c2-9cb5-85e8bf1abb50","FlowRelationship","","","30d41aa8-bd04-4e04-9e4a-05b67a03c90c","7c8fa9e5-f15c-47a1-8698-ee93c7c81ab9",""
"6f45fe92-f146-439b-afa0-0cef42ed3c34","FlowRelationship","","","a07a9f1f-bd98-4632-a7be-1794b3e8aa91","30d41aa8-bd04-4e04-9e4a-05b67a03c90c",""
"f8fa2700-19d6-48d7-827a-1360a3948072","FlowRelationship","","","127596f7-ad0f-4ad3-8b55-1055bb7981e5","a07a9f1f-bd98-4632-a7be-1794b3e8aa91",""
"452aecc6-9134-4962-a20e-643996ae6281","FlowRelationship","","","9f3ce312-9810-4b9e-b2a4-d552ea17a7f3","d53f4f79-7139-4447-b1b9-195351b8f9a4",""
"118fa921-5ca6-4ea3-a7d3-3aa00d5c7e57","FlowRelationship","","","fbd07ec1-ca73-4e45-bc4e-33870dc68cff","0c04299f-bc61-4063-83bb-92138982d768",""
"d9c3f526-1fd0-4996-bf3e-b8dca1a3f308","FlowRelationship","","","7d304612-76eb-4063-80e3-bdf614063e36","9982a78e-d224-479b-8dbd-705c8849b269",""
"f8a18878-c3a4-4ef0-934d-3aed67c09e43","FlowRelationship","","","ea274e7d-8af7-48f8-84ea-1c366c398826","7ae5cb5d-74c4-405f-a210-213faceb754f",""
"d9345806-73cb-411d-8c69-0ba05177fab9","FlowRelationship","","","7b7667d3-6c0b-47e7-a10d-75bdd6e4132d","46009005-4c69-426f-a5a2-d8a51ab3bb42",""
"fdc5f3ef-2e73-46fe-854b-bb47813b7fb8","FlowRelationship","","","90d6206c-c7ef-483b-9a25-53bdae3b516b","f151bb08-644a-4ae6-800c-3d75a52e2629",""
"f6098bbb-e58e-4a4b-9abe-cf798b830564","FlowRelationship","","","ea274e7d-8af7-48f8-84ea-1c366c398826","21093d5c-460b-4a08-bade-85442e944e47",""
"1be435e4-a8c9-4fa6-8b8e-c071a3336280","FlowRelationship","","","925e2b85-e903-4891-9663-b801ad8c3edd","a07a9f1f-bd98-4632-a7be-1794b3e8aa91",""
"3fe9e234-509e-41dc-8fa1-596a4961edcc","FlowRelationship","","","e37c5e0e-e2c7-43ab-ad13-d650de2edd50","bc17f352-0428-43d8-94b2-1533e78cc089",""
"7087e82c-f169-4a38-b425-c722e4c1cbb4","FlowRelationship","","","90d6206c-c7ef-483b-9a25-53bdae3b516b","af467d76-feaa-41ec-8136-506192d120f9",""
"1ab28f8d-5503-45e6-9b28-52daf943b60d","RealizationRelationship","","","6696ae1f-1db3-4f30-996d-daf68e1c5e52","3ab6006b-1372-4194-a1ee-1533a9a9eb85",""
"ed217f62-5348-46f8-b5c5-bcac2d6e0e39","RealizationRelationship","","","63fd5825-0c94-454a-b27b-346d79b29b0c","b624391f-60ae-4eb0-a524-d6a8811ba662",""
"f307d67c-ac89-4d8d-9fc7-c386bf02c216","RealizationRelationship","","","192adb08-97a3-42ed-9247-66a121fdcaec","56ef58f8-9594-4b5c-bda6-0722bd145997",""
"4c35eb25-232a-41af-bcf3-86bb5571e000","RealizationRelationship","","","ced9469f-b60a-40db-b8c4-6e5f9ff07c93","92e78f1b-15d8-42d4-94b9-53bed771d271",""
"32313902-6435-4cff-8227-508495a52e27","RealizationRelationship","","","7da0707b-f6bc-444b-9ee5-14bcad8beeb5","8028ecfe-1b40-4120-ae0b-9fb5317ee7eb",""
"849b24a3-d533-4f2c-9e74-0f918e668ebc","RealizationRelationship","","","732be34a-af21-4b89-975a-1cae24a1a9e1","4034f44f-71a5-4302-8ca3-ddf3b6e3f397",""
"e8f53155-7c99-4fce-aa54-587b6846dbc1","RealizationRelationship","","","8e12263e-f8e4-41e0-bf8e-b3f2407b9613","733e645e-0f9b-4b83-900e-8e5c8bc3f1e3",""
"67e5db84-b26f-41b3-a1a3-0f1b19ed86ce","RealizationRelationship","","","9291c72b-008b-4983-9766-b866315801d1","ced9469f-b60a-40db-b8c4-6e5f9ff07c93",""
"9ce6b3e1-baf9-4759-b33a-10afc917f1c6","RealizationRelationship","","","d6f3117d-d823-4266-b776-0638b66d3445","417c1a48-625e-4b66-b2c2-ce80754fee5f",""
"c7cfd02a-f538-4d41-9d23-d03012736842","RealizationRelationship","","","b624391f-60ae-4eb0-a524-d6a8811ba662","ced9469f-b60a-40db-b8c4-6e5f9ff07c93",""
"320c384a-555f-442c-b116-06452752d375","RealizationRelationship","","","5390a84e-98c9-4b83-bdc5-162712757606","38c55285-21e5-4653-b889-3fe830ed5910",""
"77335ec9-ef85-437c-bfd5-4e4d33793e01","RealizationRelationship","","","fd7dffaa-488d-447a-abed-bc499b15a437","d92b1bf5-8eff-4018-a59c-1c60b6923bf5",""
"c9fcd488-74d5-45bb-aadc-99b26334906b","RealizationRelationship","","","f06373d7-b6a1-4c24-8542-d5b66e605a89","6696ae1f-1db3-4f30-996d-daf68e1c5e52",""
"d884524a-1a7f-4c19-8671-033d0aa2ba7f","RealizationRelationship","","","45ed5db3-1eb1-4977-9fdb-c59b1107c735","3ab6006b-1372-4194-a1ee-1533a9a9eb85",""
"543eea3a-a6db-47a2-b981-aceccc77c79b","RealizationRelationship","","","63fd5825-0c94-454a-b27b-346d79b29b0c","56ef58f8-9594-4b5c-bda6-0722bd145997",""
"875ba814-9392-413f-8a7f-a9c9ccba2bb9","RealizationRelationship","","","a39063d3-527f-4146-af55-e928635a0450","3ab6006b-1372-4194-a1ee-1533a9a9eb85",""
"3d8fb010-d653-49ba-86cf-a3e94a1e1061","RealizationRelationship","","","42715cda-a9cc-4dfc-9664-be61ef082b56","6f90c18b-9a70-4ee8-9ccd-ada954b50dbf",""
"d36b04a5-61a0-4b79-9450-17ca53418489","RealizationRelationship","","","42715cda-a9cc-4dfc-9664-be61ef082b56","6a3cb87b-63a1-43f1-a110-86cb4498b937",""
"47ad8d24-9e0f-4284-8541-669cbd2ebffb","RealizationRelationship","","","7924c55a-804f-41ea-a515-5d0697cf1212","a769c03c-efa2-4ca8-b865-761141327217",""
"84f28bea-9468-4877-807c-e68f9b93eecf","RealizationRelationship","","","4dc4c738-877a-46e8-882b-8d2b7d0b731c","e1ab51f7-33bf-460c-a5fb-0acd5adce8d2",""
"2c3811ec-787b-4d08-8c3f-feb663a0745f","RealizationRelationship","","","69de8563-fec8-43d9-bdb0-f3cf3d392760","5659835f-1f92-4fa8-89a7-8b6174b021e1",""
"b6a2b79f-1541-48f0-851a-c7176ca27ef6","RealizationRelationship","","","f5b085e6-8a2d-4fce-a435-5437355efdd6","09d27972-c45d-4901-88b8-a37992446d60",""
"1371751a-1510-4331-a67b-831300c5116f","RealizationRelationship","","","9a0e5266-6e12-44b2-8bd8-eab4734ff7dd","8028ecfe-1b40-4120-ae0b-9fb5317ee7eb",""
"7f486daa-55a9-493e-8253-7cf684f961bd","RealizationRelationship","","","6696ae1f-1db3-4f30-996d-daf68e1c5e52","91c72ad5-9ca8-4d8c-aa19-07cc7b80b2b1",""
"615bbca8-fec6-43dc-9237-cedb9957d4fc","RealizationRelationship","","","222efb15-04af-4e8a-b0cd-fd4fa23e25bf","8028ecfe-1b40-4120-ae0b-9fb5317ee7eb",""
"23fd019b-79bf-4074-906b-1079bafa2163","RealizationRelationship","","","970cf1fc-e8c0-4775-8779-a5ed87df8a6a","d92b1bf5-8eff-4018-a59c-1c60b6923bf5",""
"b257c900-305e-4e2d-8408-74360b5861a1","RealizationRelationship","","","6c6b970c-6b34-4b79-b557-929b52d46269","b5d2b11d-4d1c-4a96-9e18-78b4fb7d6a83",""
"e07bd49e-ef61-4131-a319-c376d7614739","RealizationRelationship","","","40ce67d4-bbd3-4f3a-a33d-cc189395b978","38c55285-21e5-4653-b889-3fe830ed5910",""
"00a3dd86-fc88-4006-a376-c7a755c52217","RealizationRelationship","","","44bc7c8c-fab9-4690-8baf-e4399832f50e","d92b1bf5-8eff-4018-a59c-1c60b6923bf5",""
"d4a5ea27-03bb-452b-993b-139e81838dd9","RealizationRelationship","","","fff9bede-46fa-4101-8fd7-8d02b774847a","29d01ab9-7251-471b-be5f-ffcd9a89012c",""
"4dfdfd5e-1894-4d15-9888-eb27debc1db6","RealizationRelationship","","","9f566c5d-d737-48e1-88f3-742de35eaa0e","21093d5c-460b-4a08-bade-85442e944e47",""
"e7a550fd-1625-4fe6-b5fa-1cd206231323","RealizationRelationship","","","8d534677-5a75-4615-af84-28dc53a63bbc","ea274e7d-8af7-48f8-84ea-1c366c398826",""
"0e349739-4d22-411c-86b5-a8114addf463","RealizationRelationship","","","9b2efe10-f973-4650-aa21-5f01f9d92df4","4dc4c738-877a-46e8-882b-8d2b7d0b731c",""
"83e8736d-66dc-4d8d-899b-ef143fca822a","RealizationRelationship","","","15887fb6-2fdd-4adb-93c4-352758d8acc0","bc17f352-0428-43d8-94b2-1533e78cc089",""
"15d9853c-72d5-4723-a058-5614e0e2a09f","RealizationRelationship","","","9a0e5266-6e12-44b2-8bd8-eab4734ff7dd","4034f44f-71a5-4302-8ca3-ddf3b6e3f397",""
"49c483fb-7ad1-44b2-ada7-0dc062e5d3e1","RealizationRelationship","","","f125ed98-5523-43bb-bf73-dba5923c9e60","ced9469f-b60a-40db-b8c4-6e5f9ff07c93",""
"d93dc5cc-07a1-4524-b4dd-c3720113e8c4","RealizationRelationship","","","222efb15-04af-4e8a-b0cd-fd4fa23e25bf","4034f44f-71a5-4302-8ca3-ddf3b6e3f397",""
"d7f1be0a-0d7c-40d9-8726-4ef54d2e01f0","RealizationRelationship","","","4a25b280-b3e4-4ae9-8c6d-d5aff3e098e0","38c55285-21e5-4653-b889-3fe830ed5910",""
"e827e0a5-a8cd-4837-b1a2-7e86823aa1a4","RealizationRelationship","","","b624391f-60ae-4eb0-a524-d6a8811ba662","3ab6006b-1372-4194-a1ee-1533a9a9eb85",""
"0bc6139e-54db-43d3-880d-0fc36b86fcae","RealizationRelationship","","","0fb4cefb-f48a-40c2-b936-4066d3878eb4","ced9469f-b60a-40db-b8c4-6e5f9ff07c93",""
"608de0fc-9ed3-455e-8492-6d8c420b8952","RealizationRelationship","","","07f04d3d-1ae2-404e-b9ac-daeb9eef8a7a","d92b1bf5-8eff-4018-a59c-1c60b6923bf5",""
"b6483aa1-518a-4f7e-8151-71f2df755359","RealizationRelationship","","","a157c4cd-693b-47fe-a5d3-2802ffdd42e2","3ab6006b-1372-4194-a1ee-1533a9a9eb85",""
"b7e16529-3c67-495d-899a-c3cb01f1dd00","RealizationRelationship","","","415c98f1-94a3-4355-839d-19f54472dc5e","4f436ef3-3ff0-413b-a15b-a1a44e51b4d0",""
"3c568999-8d81-46c2-8ea4-be5394774330","RealizationRelationship","","","7a5197df-e24b-4108-a2c0-617405039c0b","61ed788a-b46b-4f89-8b9b-fb9b6229bbdb",""
"6a71804d-a157-4a50-a6f6-09ded94b1ccc","RealizationRelationship","","","970cf1fc-e8c0-4775-8779-a5ed87df8a6a","5659835f-1f92-4fa8-89a7-8b6174b021e1",""
"4d9f5157-c2ae-4ba2-aab9-4f6af936e6e7","RealizationRelationship","","","a39063d3-527f-4146-af55-e928635a0450","ced9469f-b60a-40db-b8c4-6e5f9ff07c93",""
"b2202c55-5b88-4658-b747-2ce42f7856f9","RealizationRelationship","","","732be34a-af21-4b89-975a-1cae24a1a9e1","8028ecfe-1b40-4120-ae0b-9fb5317ee7eb",""
"2f48bb19-9a5b-4b65-9943-ed4e7bf22d62","RealizationRelationship","","","507bfdc1-c38c-486f-b387-4bf643403bb3","7ae5cb5d-74c4-405f-a210-213faceb754f",""
"1f06a803-0229-4f4b-9c88-9b72587f1567","RealizationRelationship","","","df333189-a988-451b-8bbd-b28a877e2ea8","5659835f-1f92-4fa8-89a7-8b6174b021e1",""
"80f43f44-0bd4-4d94-b452-7f2234991254","RealizationRelationship","","","b5179300-539b-4a52-9db4-3033af8abc14","e37c5e0e-e2c7-43ab-ad13-d650de2edd50",""
"d32e33b2-4b4a-4829-a70e-b443e94e75fb","RealizationRelationship","","","d8405a89-91cc-4082-b59f-9bba46691037","38c55285-21e5-4653-b889-3fe830ed5910",""
"4d2ca49e-883c-4c6e-a0f3-6200ca57e529","RealizationRelationship","","","fff9bede-46fa-4101-8fd7-8d02b774847a","0065c312-9be9-4c8f-91ab-f05029f397e8",""
"b0526b57-8350-41bf-8d05-320e3f02c978","RealizationRelationship","","","7da0707b-f6bc-444b-9ee5-14bcad8beeb5","4034f44f-71a5-4302-8ca3-ddf3b6e3f397",""
"6b954630-c577-4f11-8756-71cb98a5fcf0","RealizationRelationship","","","60bdaa55-82d5-4329-af71-bfd4f5d4906a","c668129a-7de2-4688-97dc-17ed8bf4d48b",""
"e09287ea-1f34-490a-b0d8-c86e3f1c9fbd","RealizationRelationship","","","8964a45b-1447-4e2f-93ca-f7c768674c0f","e0ea7ba9-fed7-42c4-81e5-896a29eb0731",""
"3b67dbc2-918d-479a-991d-547ff8754699","RealizationRelationship","provisions","","a773f0de-5998-4b12-bb7b-b06b929a1ca0","30bb6d9a-c990-406d-9c5a-0a3784c2a6d8",""
"23ef1799-7ad8-4fa0-a1c4-e41f1a49c589","RealizationRelationship","via CodeBuild Pipleline","","2002b6bc-5b1c-4f1c-94e7-3126c003d0a2","d0fdb39d-98f8-4ac1-ab79-a26422fb426e",""
"d610eac2-83fb-4d77-9594-682b41e2586b","ServingRelationship","","","09eb9f0e-e3b5-4ab7-9ab2-063d7b84279a","8d253c00-e7ee-4f9c-9592-47429d5a275d",""
"763e2a9c-9943-449b-93cb-089dc5c1f191","ServingRelationship","","","2a47ab3c-33b3-425f-a7b9-ad1e62817a0b","33ca2c1c-06d4-40a3-9f95-71fa52322a92",""
"9a0fc87c-94be-41c9-9813-b8a4b9a37915","ServingRelationship","","","ab948e09-2a45-498b-bcb9-ebd3de19e3f6","1a21fc60-c72c-4884-a595-95b94f0044c9",""
"8141648b-6ddd-40b4-8680-4a926a231c21","ServingRelationship","","","0165e142-dff4-4c43-a73b-20cf871e0fba","8feb83ce-7f2b-4e7e-bb1d-1261db47d180",""
"590bb1a5-1023-4e1b-b90f-aa1735600ccf","ServingRelationship","","","29e9d915-08ee-4d5c-bedc-d6072f795e53","07f04d3d-1ae2-404e-b9ac-daeb9eef8a7a",""
"d4848781-fc1c-46c2-96ab-4c936d9fedd7","ServingRelationship","","","3ab6006b-1372-4194-a1ee-1533a9a9eb85","acd11c42-ab43-4d19-b870-24a7726fd054",""
"3678a8a1-1412-4f2f-bb4e-11e959dbc153","ServingRelationship","","","acd11c42-ab43-4d19-b870-24a7726fd054","ebdad14f-cb42-4304-b043-37c12a49cd20",""
"7dac4d3d-8158-449d-9695-0fbafef932e9","ServingRelationship","","","322fec14-cef8-4913-b55f-8008e836f93c","8d253c00-e7ee-4f9c-9592-47429d5a275d",""
"b75cb292-db28-4352-886b-c7766eb392b7","ServingRelationship","","","316364ae-9639-46c2-b11c-f8f1c735dfa2","e14aa2a7-349f-48ce-aab9-ac3f51e058e0",""
"132ca7fa-002b-4a7f-8280-b943ff7fe974","ServingRelationship","","","7a3f8ae4-067c-4cb1-be20-b439dbd00087","076443de-f802-4ffd-9aaa-f0e5252c004d",""
"ada3d05d-4702-4ac9-b023-1daa07097813","ServingRelationship","","","3ab6006b-1372-4194-a1ee-1533a9a9eb85","d734c36e-db78-4e30-9c1d-a9c705aab43c",""
"ee73ba6f-0001-45c7-8c1b-f9b6a3ae0fdd","ServingRelationship","","","41a58000-4fa2-4a97-b6f2-47752b81c1c9","ebdad14f-cb42-4304-b043-37c12a49cd20",""
"7aa95ec7-b026-43d7-9777-0a59149170d4","ServingRelationship","","","8028ecfe-1b40-4120-ae0b-9fb5317ee7eb","8e12263e-f8e4-41e0-bf8e-b3f2407b9613",""
"cc322e78-ed4c-4b74-a512-c2e99bbd2215","ServingRelationship","","","ecb24050-f6a4-4323-89ea-9e370dab1051","abeced9a-c250-4e00-8e27-8b800f9153c0",""
"0cb7b5c6-744d-47ee-a953-129de168565f","ServingRelationship","","","6a3cb87b-63a1-43f1-a110-86cb4498b937","8d534677-5a75-4615-af84-28dc53a63bbc",""
"7bcc5bc2-2f97-4d81-9cee-4a899b832207","ServingRelationship","","","6dee11e6-4da2-41f6-8fdd-d72315c16f1b","0daf5ef8-7ca7-451f-90a1-dd6b315f64c3",""
"556153a7-ccd2-4144-b43e-8f091ce551b8","ServingRelationship","","","69de8563-fec8-43d9-bdb0-f3cf3d392760","e14aa2a7-349f-48ce-aab9-ac3f51e058e0",""
"fe2b3e63-a964-463a-9175-34e9bd0e1637","ServingRelationship","","","bc17f352-0428-43d8-94b2-1533e78cc089","e0a9beaf-ae1e-49e4-a2bf-f6f74a06bf23",""
"4974b6bd-9f64-4a39-87ac-ec229c0a0aac","ServingRelationship","","","f6d1af54-1642-4dc1-9844-e0d18c4fa196","76b5ce01-54f0-4057-b019-9fc8352b58fe",""
"89b05260-0b9a-4a72-a644-a96e3fd6ebae","ServingRelationship","","","e78d5cf5-262a-4564-aef9-d471b6d15f6d","e14aa2a7-349f-48ce-aab9-ac3f51e058e0",""
"71dfb5cb-3d39-4b31-afc3-48219308ae9e","ServingRelationship","","","09eb9f0e-e3b5-4ab7-9ab2-063d7b84279a","33ca2c1c-06d4-40a3-9f95-71fa52322a92",""
"238e9f96-9d0a-47d3-817f-f70ec7133dac","ServingRelationship","","","42f34968-3e32-4f63-983f-553ac07726d9","e9bae57d-a849-4e9b-95f8-a5b961b5b931",""
"e84a964d-1429-4181-837b-c9d4976afcd1","ServingRelationship","","","abeced9a-c250-4e00-8e27-8b800f9153c0","c52d00f6-383b-49f4-86af-f5b9b1902bd7",""
"ca60b291-9fd9-4519-abb5-cb50cc95615d","ServingRelationship","","","d46826fc-c364-4549-95c3-a1ce71dd3022","8269d1e2-876a-4e94-b9b7-48fa08e20e3e",""
"f0cfc7a9-d4b4-431b-8ae3-df110e515e17","ServingRelationship","","","07f04d3d-1ae2-404e-b9ac-daeb9eef8a7a","67156ec5-925d-423d-90c0-e600e143890b",""
"f78b2b50-1e7b-45f7-85d9-f6b755be0efb","ServingRelationship","","","e37c5e0e-e2c7-43ab-ad13-d650de2edd50","0c04299f-bc61-4063-83bb-92138982d768",""
"936bebfe-44f9-4bff-81be-727b42cdff8a","ServingRelationship","","","4317583d-3d62-4c33-86d6-bfd078d9f442","33ca2c1c-06d4-40a3-9f95-71fa52322a92",""
"761950df-e244-481e-8355-dc046bc9718a","ServingRelationship","","","7da0707b-f6bc-444b-9ee5-14bcad8beeb5","507bfdc1-c38c-486f-b387-4bf643403bb3",""
"68d31c43-216a-4a49-a620-16ac25db04ad","ServingRelationship","","","b9d0a1e3-4c4a-4b91-8d44-47f8d2c430de","f32f6eef-bc2c-43ba-8a23-38124bf7c721",""
"fa1077c2-badd-4cab-a545-0f517c4a346e","ServingRelationship","","","18a1456a-0841-4058-b1aa-374eb9e2b582","df333189-a988-451b-8bbd-b28a877e2ea8",""
"b090e8b1-9241-4a71-92f0-0c5a6aeb3915","ServingRelationship","","","69de8563-fec8-43d9-bdb0-f3cf3d392760","18a1456a-0841-4058-b1aa-374eb9e2b582",""
"7f6e91f2-9d0b-4858-a27a-ee7809e353f3","ServingRelationship","","","8e12263e-f8e4-41e0-bf8e-b3f2407b9613","e14aa2a7-349f-48ce-aab9-ac3f51e058e0",""
"f05caf95-81f9-41dc-8f38-3c5fdff9b759","ServingRelationship","","","e1ec54a1-98d8-47d2-a29f-61d0c90f33e9","15887fb6-2fdd-4adb-93c4-352758d8acc0",""
"ca906a6f-e6c1-453f-8b78-793fd1350407","ServingRelationship","","","6696ae1f-1db3-4f30-996d-daf68e1c5e52","45ed5db3-1eb1-4977-9fdb-c59b1107c735",""
"3623c293-4851-45e9-b928-a2fd4099b03d","ServingRelationship","","","6a3cb87b-63a1-43f1-a110-86cb4498b937","9f566c5d-d737-48e1-88f3-742de35eaa0e",""
"8bf291fc-8b01-470e-adc8-e2a22015ac77","ServingRelationship","","","0065c312-9be9-4c8f-91ab-f05029f397e8","2b20e2bb-af25-4172-b4c0-2b4cc7ab0ad2",""
"7413470c-e067-40f7-abc5-27966a7692eb","ServingRelationship","","","40ce67d4-bbd3-4f3a-a33d-cc189395b978","038ea2a3-1eba-497e-b0fe-e534719b688a",""
"93e4c633-e64e-4f6f-90bb-6e2b1962a4fa","ServingRelationship","","","bf3ceb08-5c69-46d3-9451-42ed61193c06","8269d1e2-876a-4e94-b9b7-48fa08e20e3e",""
"7c05a304-b326-4c90-91c1-883cbfaba0ab","ServingRelationship","","","d46826fc-c364-4549-95c3-a1ce71dd3022","33ca2c1c-06d4-40a3-9f95-71fa52322a92",""
"0f540c56-21fa-440a-884a-ac69803f269c","ServingRelationship","","","bc17f352-0428-43d8-94b2-1533e78cc089","9d3b55ac-059e-49fc-affc-31d549c10669",""
"fd0f7def-fd2a-4c03-9ea5-1667fec7508d","ServingRelationship","","","e37c5e0e-e2c7-43ab-ad13-d650de2edd50","9d3b55ac-059e-49fc-affc-31d549c10669",""
"42a5b264-5b84-4284-8628-ad2d5f6e2eb5","ServingRelationship","","","bc17f352-0428-43d8-94b2-1533e78cc089","8a1bb487-e05a-4dce-8946-9f75dabc6f69",""
"de107980-64c0-4fc4-8f5d-7d18515b2c18","ServingRelationship","","","18478940-73ea-4c63-8f67-669fc81c5f13","33ca2c1c-06d4-40a3-9f95-71fa52322a92",""
"9f3884dc-2984-48ac-b487-c59dc4ac80ea","ServingRelationship","","","15f39200-c055-4b72-aac7-41df3f3f9b3c","33ca2c1c-06d4-40a3-9f95-71fa52322a92",""
"a24150a4-4702-4a93-8a49-c857aa6114d2","ServingRelationship","","","038ea2a3-1eba-497e-b0fe-e534719b688a","3ae601bb-74e6-4853-814f-ef726b172bda",""
"5055059c-d778-49d2-b97e-cc96b97e1f7a","ServingRelationship","","","07f04d3d-1ae2-404e-b9ac-daeb9eef8a7a","970cf1fc-e8c0-4775-8779-a5ed87df8a6a",""
"d6dce12f-ac6b-4e5b-acdf-6866955d9f7e","ServingRelationship","","","18478940-73ea-4c63-8f67-669fc81c5f13","8d253c00-e7ee-4f9c-9592-47429d5a275d",""
"9241b7e4-7129-4fb3-960a-446d96f07a25","ServingRelationship","","","6a3cb87b-63a1-43f1-a110-86cb4498b937","0daf5ef8-7ca7-451f-90a1-dd6b315f64c3",""
"4375b1e0-6222-46c4-a0b7-9e5ef1cec536","ServingRelationship","","","dddd467b-ca0a-45cb-8e6c-c5eef55095ec","33ca2c1c-06d4-40a3-9f95-71fa52322a92",""
"2f4702ce-806e-4498-a685-7903cee5e7b3","ServingRelationship","","","18478940-73ea-4c63-8f67-669fc81c5f13","8269d1e2-876a-4e94-b9b7-48fa08e20e3e",""
"8fbc2c29-99a8-4329-a6e8-7791cf1e349e","ServingRelationship","","","9291c72b-008b-4983-9766-b866315801d1","0fb4cefb-f48a-40c2-b936-4066d3878eb4",""
"4be96df7-a13a-4049-8af1-7f3f76a98c68","ServingRelationship","","","e14aa2a7-349f-48ce-aab9-ac3f51e058e0","e29b6276-04e0-425a-94f6-2a3055a6d54a",""
"2ed7397d-a8f6-477b-95b1-e6d8b4267d81","ServingRelationship","","","29d01ab9-7251-471b-be5f-ffcd9a89012c","3f38dc20-79c9-4218-af30-4edbeb1a66e3",""
"760fb728-f2cd-42b5-92e6-ded447226e8e","ServingRelationship","","","07f04d3d-1ae2-404e-b9ac-daeb9eef8a7a","733e645e-0f9b-4b83-900e-8e5c8bc3f1e3",""
"8a368749-ce20-4187-b4bb-7c9226059bf3","ServingRelationship","","","eb22de0c-e913-494f-95cf-270fe7602103","9d3b55ac-059e-49fc-affc-31d549c10669",""
"5230cd3d-b020-4bf0-91c0-f2855d71a2e0","ServingRelationship","","","93c79fd8-79a4-40ad-bc39-1b81c0155667","33ca2c1c-06d4-40a3-9f95-71fa52322a92",""
"5be219c6-6868-445d-9762-8508c41f1dde","ServingRelationship","","","e97a9b78-6175-4943-8329-ec5101e9ca2e","86aec6cc-892f-4792-8847-85b948a9ce40",""
"62baf2bf-000e-423e-83d1-e996d93e52a4","ServingRelationship","","","41e9a7d0-9986-486e-a144-dc403a53243e","8d253c00-e7ee-4f9c-9592-47429d5a275d",""
"df586993-5548-40bf-b14b-2d5cfbc3d542","ServingRelationship","","","1c4f8d7d-fac2-43b6-a404-1aab9327e6f8","92e78f1b-15d8-42d4-94b9-53bed771d271",""
"4a0b0311-60de-4fd2-9266-fab01ef377bb","ServingRelationship","","","44bc7c8c-fab9-4690-8baf-e4399832f50e","076443de-f802-4ffd-9aaa-f0e5252c004d",""
"73338646-b561-4914-84b7-fb4b789a1d6b","ServingRelationship","","","e14aa2a7-349f-48ce-aab9-ac3f51e058e0","9993d413-20d4-4000-b477-9bd370768dfb",""
"86679afe-1f04-436b-9ac0-fe6a76d28662","ServingRelationship","","","07f04d3d-1ae2-404e-b9ac-daeb9eef8a7a","7b7667d3-6c0b-47e7-a10d-75bdd6e4132d",""
"02fcad00-7d67-4b58-a16c-728e8a395574","ServingRelationship","","","c81d1a74-0184-4e57-ad10-3bade360cd24","b5179300-539b-4a52-9db4-3033af8abc14",""
"f2ec298b-6412-42ae-a32e-e63ca812aaf8","ServingRelationship","","","733e645e-0f9b-4b83-900e-8e5c8bc3f1e3","076443de-f802-4ffd-9aaa-f0e5252c004d",""
"6c1bcc93-63ca-400d-8741-a4a2ed44613f","ServingRelationship","","","40ce67d4-bbd3-4f3a-a33d-cc189395b978","e14aa2a7-349f-48ce-aab9-ac3f51e058e0",""
"3634496e-bfcf-45b6-9396-3f98eeb44b97","ServingRelationship","","","e97a9b78-6175-4943-8329-ec5101e9ca2e","e74b6512-df77-4626-aecd-330dec38f8d7",""
"5a76ce45-3282-4a01-b6f8-48de119ea8cb","ServingRelationship","","","3c553a8f-8791-4a5e-abc9-b00faf26db29","8d534677-5a75-4615-af84-28dc53a63bbc",""
"1548f3fe-5d5d-4b6c-ae15-906312bfc43b","ServingRelationship","","","05f48299-4a39-440b-9427-575523f7c2b5","363fa399-3b82-4d1e-9a1a-0e68dbaf59fb",""
"e2a6dbfe-d094-4f04-8952-806f9f134b6c","ServingRelationship","","","b1f30dbf-f4f6-422a-aaae-3f3e995a3055","da749846-caab-4169-8eea-91ae6d5de16d",""
"52ef7ce5-4afd-40ad-8f80-71cc015d6c23","ServingRelationship","","","18a1456a-0841-4058-b1aa-374eb9e2b582","637fee94-9c8b-4d48-9823-8866740c832e",""
"fe4cefb7-6856-4541-a4c7-057ffa0b261b","ServingRelationship","","","69841537-7de8-44cd-aa7a-62ed738a2ab5","8d253c00-e7ee-4f9c-9592-47429d5a275d",""
"8a891849-f7d0-4f5a-8218-c14b6ab4dcef","ServingRelationship","","","9291c72b-008b-4983-9766-b866315801d1","f125ed98-5523-43bb-bf73-dba5923c9e60",""
"8e906d36-d1c9-419a-8a1f-86aed03c7cc8","ServingRelationship","","","d46826fc-c364-4549-95c3-a1ce71dd3022","8d253c00-e7ee-4f9c-9592-47429d5a275d",""
"9c7584bb-9d5f-4d99-8cc4-acfe4070da58","ServingRelationship","","","ed0cf6ae-baaa-4b5a-b1ed-f57384a97c21","8d253c00-e7ee-4f9c-9592-47429d5a275d",""
"18172007-e61e-44d1-8317-71d937c2ae5d","ServingRelationship","","","07f04d3d-1ae2-404e-b9ac-daeb9eef8a7a","d92b1bf5-8eff-4018-a59c-1c60b6923bf5",""
"811c4418-92c7-43cf-ba75-375ed4dd72ed","ServingRelationship","","","fd7dffaa-488d-447a-abed-bc499b15a437","2120be4c-a234-4b07-bc63-900b125bf9d8",""
"e5d92c1c-641b-4bba-85af-fd4367c8ded0","ServingRelationship","","","efd68013-7393-4933-bced-f50d00fcc0e2","f6a8e581-939b-4023-bb51-1ce89f56780a",""
"ae238d29-2d15-4eeb-987f-2ec35a6ea573","ServingRelationship","","","efd68013-7393-4933-bced-f50d00fcc0e2","d9aa3649-5694-4ded-a1f0-fe68dca700bb",""
"579a9ba1-c773-41df-9982-f480c431bf0a","ServingRelationship","","","c52d00f6-383b-49f4-86af-f5b9b1902bd7","07f04d3d-1ae2-404e-b9ac-daeb9eef8a7a",""
"c79939d1-6a95-496c-866e-27db807be27d","ServingRelationship","","","69841537-7de8-44cd-aa7a-62ed738a2ab5","8269d1e2-876a-4e94-b9b7-48fa08e20e3e",""
"06cf655f-6594-410a-8fe1-b9b237627932","ServingRelationship","","","9993d413-20d4-4000-b477-9bd370768dfb","076443de-f802-4ffd-9aaa-f0e5252c004d",""
"6225f054-12b8-4013-a100-38c134a332ff","ServingRelationship","","","9291c72b-008b-4983-9766-b866315801d1","a39063d3-527f-4146-af55-e928635a0450",""
"aa569285-b6be-4461-a9f0-1fbbe0f9fd1d","ServingRelationship","","","732be34a-af21-4b89-975a-1cae24a1a9e1","507bfdc1-c38c-486f-b387-4bf643403bb3",""
"fe1b9885-aaed-4c4b-94e5-b9440752acc3","ServingRelationship","","","970cf1fc-e8c0-4775-8779-a5ed87df8a6a","88d43b89-b334-4fd2-ab50-e40f2e32be34",""
"30fc8294-f182-4f1f-8c09-986abddf4bc1","ServingRelationship","","","e29b6276-04e0-425a-94f6-2a3055a6d54a","2120be4c-a234-4b07-bc63-900b125bf9d8",""
"95be495c-1411-4dee-9d35-70ca04b33331","ServingRelationship","","","8e12263e-f8e4-41e0-bf8e-b3f2407b9613","efd68013-7393-4933-bced-f50d00fcc0e2",""
"50aee73a-6625-466f-aabb-0e76bec201f1","ServingRelationship","","","4317583d-3d62-4c33-86d6-bfd078d9f442","8269d1e2-876a-4e94-b9b7-48fa08e20e3e",""
"71b156c0-ed05-4be2-89e4-8982640ddc45","ServingRelationship","","","5a19bb34-7cd6-4380-88f1-14dd6f642715","970cf1fc-e8c0-4775-8779-a5ed87df8a6a",""
"214c1539-1cb5-4ac4-970d-df02e495ec1f","ServingRelationship","","","580ea444-c8f0-4628-adab-23355d793a80","e14aa2a7-349f-48ce-aab9-ac3f51e058e0",""
"eaa926e5-75d6-4f67-bc1e-6573939393bd","ServingRelationship","","","63fd5825-0c94-454a-b27b-346d79b29b0c","6696ae1f-1db3-4f30-996d-daf68e1c5e52",""
"7ac5c125-e684-47d0-9dbc-f8e728c2f2f4","ServingRelationship","","","e37c5e0e-e2c7-43ab-ad13-d650de2edd50","d7851b20-65f5-47ba-8cd5-020164874592",""
"6ecbea15-c995-4e8e-984c-87be0d724d5f","ServingRelationship","","","888e3333-be25-40a8-9aed-3ef5881b7bd5","e14aa2a7-349f-48ce-aab9-ac3f51e058e0",""
"3759100a-5dc8-48a7-a5ff-035f4f9f57ff","ServingRelationship","","","5659835f-1f92-4fa8-89a7-8b6174b021e1","076443de-f802-4ffd-9aaa-f0e5252c004d",""
"b73b02d8-78b0-4d91-85c8-c6ebed38a38b","ServingRelationship","","","0065c312-9be9-4c8f-91ab-f05029f397e8","85e8b249-f577-46c5-9227-b2cb503bbefa",""
"8a2eb067-432c-45dd-b021-44b4cc314a4a","ServingRelationship","","","5684cf73-8c93-4ae3-8545-fa9f9b813822","b5179300-539b-4a52-9db4-3033af8abc14",""
"932abf35-395b-4638-91b6-7953117308d3","ServingRelationship","","","93c79fd8-79a4-40ad-bc39-1b81c0155667","8d253c00-e7ee-4f9c-9592-47429d5a275d",""
"e5711590-869e-4071-9e45-7656ffefecde","ServingRelationship","","","253d0c88-303b-4364-88d3-272e2e354ece","33ca2c1c-06d4-40a3-9f95-71fa52322a92",""
"f43c639f-c508-468b-9676-321f518df1da","ServingRelationship","","","2b20e2bb-af25-4172-b4c0-2b4cc7ab0ad2","0065c312-9be9-4c8f-91ab-f05029f397e8",""
"fae83cd9-d8e7-477b-b090-297bc73f5457","ServingRelationship","","","e97a9b78-6175-4943-8329-ec5101e9ca2e","46009005-4c69-426f-a5a2-d8a51ab3bb42",""
"6ce62fb8-ee82-47f8-8b0e-85b4df0c7ca8","ServingRelationship","","","41e9a7d0-9986-486e-a144-dc403a53243e","8269d1e2-876a-4e94-b9b7-48fa08e20e3e",""
"09e9dd47-d93a-4ac2-8afc-947897967782","ServingRelationship","","","322fec14-cef8-4913-b55f-8008e836f93c","8269d1e2-876a-4e94-b9b7-48fa08e20e3e",""
"7b3b0691-6f5b-404a-b95d-697688f307c0","ServingRelationship","","","89285e46-fb62-4efc-a8a0-a31bf88dd4fa","8269d1e2-876a-4e94-b9b7-48fa08e20e3e",""
"f146f6a5-b8be-4e02-931d-e6c8c46b1a7f","ServingRelationship","","","5a1a55d9-05c3-4428-a1af-082392ece365","abeced9a-c250-4e00-8e27-8b800f9153c0",""
"c6609cd4-2807-49f9-b5c8-41d408b4122e","ServingRelationship","","","ac584d22-c1b5-49a6-ba43-1353163e9317","b5179300-539b-4a52-9db4-3033af8abc14",""
"625ce0e8-fc19-4262-9494-7fe61154401a","ServingRelationship","","","a30d4c5e-3870-4a60-8439-c0b159a03092","278ac7c2-1658-41b5-b828-f44e5eef13c7",""
"22780419-980c-430f-bccb-ca79a20a4eeb","ServingRelationship","","","316364ae-9639-46c2-b11c-f8f1c735dfa2","e97a9b78-6175-4943-8329-ec5101e9ca2e",""
"d24b7217-23ac-4f1e-9b87-75c6b69e6ebc","ServingRelationship","","","5a19bb34-7cd6-4380-88f1-14dd6f642715","6bf17149-806c-46fe-887e-7832300c82e0",""
"b35b7f4f-fc9e-4235-bbfd-d24e14921ab1","ServingRelationship","","","6696ae1f-1db3-4f30-996d-daf68e1c5e52","68564d09-1a66-4f98-8c5c-e989c86e1614",""
"262e6cb3-8fc2-4013-b750-4257d13b9e7a","ServingRelationship","","","b5d2b11d-4d1c-4a96-9e18-78b4fb7d6a83","e14aa2a7-349f-48ce-aab9-ac3f51e058e0",""
"5e0b3832-59d4-466c-a0d3-e9ddde33c52f","ServingRelationship","","","a30d4c5e-3870-4a60-8439-c0b159a03092","73e87fa6-d825-4f27-a03b-3f090c16da50",""
"1f6116aa-cf88-4b7f-ada7-f1797d65bc45","ServingRelationship","","","29d01ab9-7251-471b-be5f-ffcd9a89012c","2b20e2bb-af25-4172-b4c0-2b4cc7ab0ad2",""
"710058be-6cf2-413b-9f21-7a64a48bbee5","ServingRelationship","","","8a5e31c5-a235-49b5-80e5-03c32949b04f","44bc7c8c-fab9-4690-8baf-e4399832f50e",""
"22d361f8-3559-4f12-a56c-53f46919800c","ServingRelationship","","","9291c72b-008b-4983-9766-b866315801d1","b624391f-60ae-4eb0-a524-d6a8811ba662",""
"f1c0e253-fedd-47d4-b432-24b1b6efb254","ServingRelationship","","","e14aa2a7-349f-48ce-aab9-ac3f51e058e0","fd7dffaa-488d-447a-abed-bc499b15a437",""
"f48e2ca3-7c40-4af6-a351-97b74616ece6","ServingRelationship","","","316364ae-9639-46c2-b11c-f8f1c735dfa2","abeced9a-c250-4e00-8e27-8b800f9153c0",""
"960830c4-c32e-4bfc-bc32-a292891c56df","ServingRelationship","","","9291c72b-008b-4983-9766-b866315801d1","ced9469f-b60a-40db-b8c4-6e5f9ff07c93",""
"edf6577e-af38-4669-84b1-7002691d9d35","ServingRelationship","","","9291c72b-008b-4983-9766-b866315801d1","a157c4cd-693b-47fe-a5d3-2802ffdd42e2",""
"9b1ae5f0-58e6-4469-be91-7dd66f28b6de","ServingRelationship","","","e37c5e0e-e2c7-43ab-ad13-d650de2edd50","fbd07ec1-ca73-4e45-bc4e-33870dc68cff",""
"0b4a80aa-71a7-407d-af88-7fbb474c9404","ServingRelationship","","","ed0cf6ae-baaa-4b5a-b1ed-f57384a97c21","8269d1e2-876a-4e94-b9b7-48fa08e20e3e",""
"a48bf2b1-e6b7-440f-9545-0cb214f6aa75","ServingRelationship","","","9a0e5266-6e12-44b2-8bd8-eab4734ff7dd","507bfdc1-c38c-486f-b387-4bf643403bb3",""
"9e4b0f22-d19b-4911-9022-8559e58ae668","ServingRelationship","","","2b20e2bb-af25-4172-b4c0-2b4cc7ab0ad2","29d01ab9-7251-471b-be5f-ffcd9a89012c",""
"6cc28313-6d8c-4d5f-8323-0bd9514d86c8","ServingRelationship","","","c4ba542d-882e-426a-8946-ab87d3f888fa","9f566c5d-d737-48e1-88f3-742de35eaa0e",""
"0c9523a3-be66-42e3-9679-4e04dc755987","ServingRelationship","","","2a47ab3c-33b3-425f-a7b9-ad1e62817a0b","8d253c00-e7ee-4f9c-9592-47429d5a275d",""
"0f9dd76b-346b-49d5-88f8-df39a7f808f6","ServingRelationship","","","1452650a-1793-413d-a635-37b6f7d4b1c2","9d3b55ac-059e-49fc-affc-31d549c10669",""
"fd6df1a0-26a7-489e-a37a-3c542ac204cd","ServingRelationship","","","fd7dffaa-488d-447a-abed-bc499b15a437","076443de-f802-4ffd-9aaa-f0e5252c004d",""
"6c154ce5-e332-4f24-a3eb-1f4a0a505f0d","ServingRelationship","","","d92b1bf5-8eff-4018-a59c-1c60b6923bf5","076443de-f802-4ffd-9aaa-f0e5252c004d",""
"509c515e-313d-4ae7-b9f1-77c3976df25d","ServingRelationship","","","bf3ceb08-5c69-46d3-9451-42ed61193c06","8d253c00-e7ee-4f9c-9592-47429d5a275d",""
"c2a2c700-386e-40e3-9c9a-031b859abf6e","ServingRelationship","","","322fec14-cef8-4913-b55f-8008e836f93c","33ca2c1c-06d4-40a3-9f95-71fa52322a92",""
"118224db-5a32-4597-938c-9dd4feefb6dc","ServingRelationship","","","970cf1fc-e8c0-4775-8779-a5ed87df8a6a","e14aa2a7-349f-48ce-aab9-ac3f51e058e0",""
"9d48cbea-5300-4421-aa4b-94f3f6b34e28","ServingRelationship","commits to","","4dc4c738-877a-46e8-882b-8d2b7d0b731c","f06373d7-b6a1-4c24-8542-d5b66e605a89",""
"63d3fde1-886b-47aa-858f-fff70dd82cc9","ServingRelationship","uses","","998ce102-a4bb-4411-ba0f-43e7521a4cd9","6696ae1f-1db3-4f30-996d-daf68e1c5e52",""
"43479933-1559-4a25-9d34-5e96f890e3e5","SpecializationRelationship","type of","","695e0477-3edf-4bb5-b214-6df3d3849d9f","29f88f9d-c9c7-4697-95e1-3451d57d6354",""
"e9f1d953-3734-4ab5-965e-cddd94abd517","SpecializationRelationship","type of","","13dd89a6-ae0f-42fc-ae96-09f62b3bb04f","968df71f-8618-453e-81ab-59d31e042c49",""
"ec1c18c3-b8a9-44ed-8801-aab21bd35251","SpecializationRelationship","type of","","c1d32046-a52b-4e51-a582-57cb474db452","29f88f9d-c9c7-4697-95e1-3451d57d6354",""
"d58c6880-c325-4189-a0da-7a0ec121b6a5","SpecializationRelationship","type of","","8ddb7ee1-710e-4d81-9e07-ae842ce6bc7e","968df71f-8618-453e-81ab-59d31e042c49",""
"74e2a05a-44b5-4d93-8881-39011402af31","SpecializationRelationship","type of","","e5235603-c852-4b71-9f0c-a4929557de4e","29f88f9d-c9c7-4697-95e1-3451d57d6354",""
"ed90999d-ee0d-45bd-9cbb-eb89ade73bf2","TriggeringRelationship","","","fc946777-cd1f-4b9b-ad61-412be36b0ee5","d9aa3649-5694-4ded-a1f0-fe68dca700bb",""
"c2333349-b2b3-4d99-b9cd-07c22252397c","TriggeringRelationship","","","29d01ab9-7251-471b-be5f-ffcd9a89012c","2b20e2bb-af25-4172-b4c0-2b4cc7ab0ad2",""
"89a571a0-a0e1-4842-a35c-ec2e935b07c2","TriggeringRelationship","","","2120be4c-a234-4b07-bc63-900b125bf9d8","b9d0a1e3-4c4a-4b91-8d44-47f8d2c430de",""
"b7832eac-8390-4523-91da-11bee8eb5766","TriggeringRelationship","","","f2519774-d724-4d15-bea9-f20cdb9b6184","7cb70669-d4cc-4713-9ae9-af27215c2d80",""
"0a678e6a-93bb-4320-bd65-dad300b0cb9e","TriggeringRelationship","","","0c04299f-bc61-4063-83bb-92138982d768","d7851b20-65f5-47ba-8cd5-020164874592",""
"61e3efcf-cf73-4987-bdd3-1f1b8ab6a806","TriggeringRelationship","","","4e19fa38-0519-419d-a43d-39d9f5a6be98","21b80064-0391-4f1f-89ce-45475b653dc7",""
"298c3a24-018d-41ce-a541-8f3f1e13b645","TriggeringRelationship","","","f32f6eef-bc2c-43ba-8a23-38124bf7c721","7a3f8ae4-067c-4cb1-be20-b439dbd00087",""
"40b464eb-f99f-4143-8f1d-b6d88d5b0537","TriggeringRelationship","","","2e3bdfce-6938-48d1-be7a-f76d6bce9bff","2120be4c-a234-4b07-bc63-900b125bf9d8",""
"85fe79cf-8149-4c19-967e-ec15345b524e","TriggeringRelationship","","","61cc9169-0f43-4d2b-bb0b-e9d8c5b0e21a","637fee94-9c8b-4d48-9823-8866740c832e",""
"9312b12b-3612-4072-b9d4-b6cc9aaf9994","TriggeringRelationship","","","076443de-f802-4ffd-9aaa-f0e5252c004d","e97a9b78-6175-4943-8329-ec5101e9ca2e",""
"6d170f80-ab10-4d7c-ae2e-f49b977e99aa","TriggeringRelationship","","","429329a1-a624-4fbb-b709-7882d24e98c0","7ec162ab-7752-43e9-822e-368f18f9ab67",""
"b48eb081-fcab-4e13-a92f-f2c060b725f2","TriggeringRelationship","","","01460f65-0053-4a95-80a7-3da6b0f3fbda","ab948e09-2a45-498b-bcb9-ebd3de19e3f6",""
"f69cd825-9b8c-41c9-b7af-4f0918c03e3e","TriggeringRelationship","","","c704b2e3-3922-45a4-a272-0c470cfd8b51","9f3ce312-9810-4b9e-b2a4-d552ea17a7f3",""
"f8c1c20f-112a-4f55-8165-95a28db644a6","TriggeringRelationship","","","d7851b20-65f5-47ba-8cd5-020164874592","8a1bb487-e05a-4dce-8946-9f75dabc6f69",""
"f0ddb5d3-2e6b-4d61-a02a-b4adb3a25c63","TriggeringRelationship","","","fc946777-cd1f-4b9b-ad61-412be36b0ee5","f6a8e581-939b-4023-bb51-1ce89f56780a",""
"8403bffa-5e5b-4ea5-8829-31793204ca86","TriggeringRelationship","","","61cc9169-0f43-4d2b-bb0b-e9d8c5b0e21a","d9aa3649-5694-4ded-a1f0-fe68dca700bb",""
"5bdf97e1-c468-450d-af94-9a6ce93a5fa6","TriggeringRelationship","","","076443de-f802-4ffd-9aaa-f0e5252c004d","8c810450-22d2-4aa8-b095-fea174c4982c",""
"6401695f-e324-4782-ade7-91dc97ab035b","TriggeringRelationship","","","8c810450-22d2-4aa8-b095-fea174c4982c","2e3bdfce-6938-48d1-be7a-f76d6bce9bff",""
"5bb6f761-853c-4928-9c9a-37cbea0f05af","TriggeringRelationship","","","9d3b55ac-059e-49fc-affc-31d549c10669","5e2022e7-8ab9-46f2-a838-c5da85b9b2e7",""
"5caa801d-5d72-4b92-ab46-a98c99547660","TriggeringRelationship","","","61cc9169-0f43-4d2b-bb0b-e9d8c5b0e21a","3ae601bb-74e6-4853-814f-ef726b172bda",""
"53072976-fc33-4ff2-9027-b3ce214c27af","TriggeringRelationship","","","44bc7c8c-fab9-4690-8baf-e4399832f50e","46009005-4c69-426f-a5a2-d8a51ab3bb42",""
"0e0cd6d2-1fa5-466f-8cec-69813b4e2982","TriggeringRelationship","","","efcf290e-157a-4439-97a2-d118d217f99c","429329a1-a624-4fbb-b709-7882d24e98c0",""
"899c307d-fd79-41da-b1e2-aaaa5df34d64","TriggeringRelationship","","","0df8ee59-9000-4711-9d00-2016c5819137","3a889453-1952-43bc-be24-5f17eb69bbab",""
"cd8cb49b-afd5-4870-8a62-4172e782e6ce","TriggeringRelationship","","","44bc7c8c-fab9-4690-8baf-e4399832f50e","7b7667d3-6c0b-47e7-a10d-75bdd6e4132d",""
"6c70cb67-0fad-4930-9a2a-37953ba69227","TriggeringRelationship","","","df333189-a988-451b-8bbd-b28a877e2ea8","637fee94-9c8b-4d48-9823-8866740c832e",""
"ce1dfb2d-075b-493f-a25a-5ab2a72871b4","TriggeringRelationship","","","44bc7c8c-fab9-4690-8baf-e4399832f50e","e74b6512-df77-4626-aecd-330dec38f8d7",""
"7fc4094e-97e7-46a7-81f0-1e79f886e8b2","TriggeringRelationship","","","7ec162ab-7752-43e9-822e-368f18f9ab67","9d3b55ac-059e-49fc-affc-31d549c10669",""
"90a63a2b-f43a-4fef-be13-c44ac89f386a","TriggeringRelationship","","","8a1bb487-e05a-4dce-8946-9f75dabc6f69","e0a9beaf-ae1e-49e4-a2bf-f6f74a06bf23",""
"702a3cb0-5698-44bb-ba1a-f563956bb8ce","TriggeringRelationship","","","076443de-f802-4ffd-9aaa-f0e5252c004d","672578a4-b85b-46e7-9ff5-96547990f1d6",""
"8530338f-7b8b-493b-91dd-07b0f5a8ed08","TriggeringRelationship","","","44bc7c8c-fab9-4690-8baf-e4399832f50e","86aec6cc-892f-4792-8847-85b948a9ce40",""
"f4e5801d-32f9-48d5-ba5b-469da3681ce1","TriggeringRelationship","","","61cc9169-0f43-4d2b-bb0b-e9d8c5b0e21a","f6a8e581-939b-4023-bb51-1ce89f56780a",""
"9c9016a7-f2c4-4f4a-a7ae-4fb4a96c90c7","TriggeringRelationship","","","0df8ee59-9000-4711-9d00-2016c5819137","6a3cb87b-63a1-43f1-a110-86cb4498b937",""
"496d51ce-f816-4fb6-a422-04bd322a26fe","TriggeringRelationship","","","672578a4-b85b-46e7-9ff5-96547990f1d6","7b7667d3-6c0b-47e7-a10d-75bdd6e4132d",""
"5bb09ba1-de6c-46e4-8660-042bf26aac94","TriggeringRelationship","DG1","","c4e09438-755f-4ecf-972f-8fbb2b4bb591","aa2f2d74-726b-4518-8f40-4304252ad207",""
"7c197dbd-108e-4bd6-a84f-1e1886698e24","TriggeringRelationship","DG2","","aa2f2d74-726b-4518-8f40-4304252ad207","69b6367f-1590-4f6d-a280-46006dae44ba",""
"2855b300-2895-444e-884b-9d7299b7837d","TriggeringRelationship","DG3","","69b6367f-1590-4f6d-a280-46006dae44ba","fb6d97c6-73ad-43b6-9eba-bf66ae5b4c78",""
"1699367c-5cc6-40d8-9130-d5f63f4722ca","TriggeringRelationship","DG4","","fb6d97c6-73ad-43b6-9eba-bf66ae5b4c78","f2519774-d724-4d15-bea9-f20cdb9b6184",""
"1e578977-c2b5-4bc8-acb7-0c824828a634","TriggeringRelationship","invokes","","60ddbb4a-e325-4be6-963a-ce8cf08fe664","3a889453-1952-43bc-be24-5f17eb69bbab",""
"a2a215dc-89cb-462a-9348-cac344baac77","TriggeringRelationship","triggers (on check-in)","","60ddbb4a-e325-4be6-963a-ce8cf08fe664","6696ae1f-1db3-4f30-996d-daf68e1c5e52",""