<?xml version="1.0" encoding="UTF-8"?>
<model xmlns="http://www.opengroup.org/xsd/archimate/3.0/" xmlns:xsi="http://www.w3.org/2001/XMLSchema-instance" xsi:schemaLocation="http://www.opengroup.org/xsd/archimate/3.0/ http://www.opengroup.org/xsd/archimate/3.1/archimate3_Diagram.xsd" identifier="id-1284174a">
  <name xml:lang="en">dependency Inversion</name>
  <elements>
    <element identifier="d28ad12d" xsi:type="BusinessActor">
      <name xml:lang="en">user</name>
    </element>
    <element identifier="id-3f369c39" xsi:type="BusinessActor">
      <name xml:lang="en">user</name>
    </element>
    <element identifier="f4ba3365" xsi:type="ApplicationInterface">
      <name xml:lang="en">system 1</name>
    </element>
    <element identifier="id-4dc1171a" xsi:type="ApplicationInterface">
      <name xml:lang="en">system 2</name>
    </element>
    <element identifier="feb23efe" xsi:type="ApplicationInterface">
      <name xml:lang="en">system 1</name>
    </element>
    <element identifier="a8c3f906" xsi:type="ApplicationInterface">
      <name xml:lang="en">system 2</name>
    </element>
    <element identifier="id-267db0b4" xsi:type="ApplicationInterface">
      <name xml:lang="en">Interface</name>
    </element>
    <element identifier="a03cd844" xsi:type="ApplicationInterface">
      <name xml:lang="en">Interface</name>
    </element>
    <element identifier="id-2718b58f" xsi:type="ApplicationInterface">
      <name xml:lang="en">Interface</name>
    </element>
    <element identifier="id-96284c72" xsi:type="ApplicationInterface">
      <name xml:lang="en">Interface</name>
    </element>
    <element identifier="e7aea970" xsi:type="ApplicationInterface">
      <name xml:lang="en">Interface</name>
    </element>
    <element identifier="id-0b61d68c" xsi:type="Node">
      <name xml:lang="en">database</name>
    </element>
    <element identifier="id-6a0cce40" xsi:type="Node">
      <name xml:lang="en">database</name>
    </element>
    <element identifier="id-6861ab69" xsi:type="Grouping">
      <name xml:lang="en">application service</name>
      <documentation xml:lang="en">Application Services that orchestrate use cases&#xD;
and manage transactions;</documentation>
    </element>
    <element identifier="id-15296e85" xsi:type="Grouping">
      <name xml:lang="en">domain model</name>
    </element>
    <element identifier="id-27cdd9bc" xsi:type="Grouping">
      <name xml:lang="en">application service</name>
      <documentation xml:lang="en">Application Services that orchestrate use cases&#xD;
and manage transactions;</documentation>
    </element>
    <element identifier="ca921aac" xsi:type="Grouping">
      <name xml:lang="en">output adapter</name>
      <documentation xml:lang="en">Input Adapters , such as user interface&#xD;
controllers, REST endpoints, and message listeners;</documentation>
    </element>
    <element identifier="id-70ae674b" xsi:type="Grouping">
      <name xml:lang="en">application service</name>
      <documentation xml:lang="en">Application Services that orchestrate use cases&#xD;
and manage transactions;</documentation>
    </element>
    <element identifier="id-131d46d2" xsi:type="Grouping">
      <name xml:lang="en">input adapter</name>
      <documentation xml:lang="en">Input Adapters , such as user interface&#xD;
controllers, REST endpoints, and message listeners;</documentation>
    </element>
    <element identifier="id-5bc1aebd" xsi:type="Grouping">
      <name xml:lang="en">application service</name>
      <documentation xml:lang="en">Application Services that orchestrate use cases&#xD;
and manage transactions;</documentation>
    </element>
    <element identifier="dee3b146" xsi:type="Grouping">
      <name xml:lang="en">input adapter</name>
      <documentation xml:lang="en">Input Adapters , such as user interface&#xD;
controllers, REST endpoints, and message listeners;</documentation>
    </element>
    <element identifier="id-906e1365" xsi:type="Grouping">
      <name xml:lang="en">output adapter</name>
      <documentation xml:lang="en">Output Adapters such&#xD;
as persistence management and message senders.</documentation>
    </element>
    <element identifier="id-796bea66" xsi:type="Grouping">
      <name xml:lang="en">application service</name>
      <documentation xml:lang="en">Application Services that orchestrate use cases&#xD;
and manage transactions;</documentation>
    </element>
    <element identifier="id-3bd509df" xsi:type="Grouping">
      <name xml:lang="en">domain model</name>
    </element>
    <element identifier="ebc7e90b" xsi:type="Grouping">
      <name xml:lang="en">application service</name>
      <documentation xml:lang="en">Application Services that orchestrate use cases&#xD;
and manage transactions;</documentation>
    </element>
    <element identifier="a876f8f3" xsi:type="Grouping">
      <name xml:lang="en">output adapter</name>
      <documentation xml:lang="en">Input Adapters , such as user interface&#xD;
controllers, REST endpoints, and message listeners;</documentation>
    </element>
    <element identifier="ee5b7e67" xsi:type="Grouping">
      <name xml:lang="en">application service</name>
      <documentation xml:lang="en">Application Services that orchestrate use cases&#xD;
and manage transactions;</documentation>
    </element>
    <element identifier="id-50ff08cd" xsi:type="Grouping">
      <name xml:lang="en">input adapter</name>
      <documentation xml:lang="en">Input Adapters , such as user interface&#xD;
controllers, REST endpoints, and message listeners;</documentation>
    </element>
    <element identifier="id-275e5e84" xsi:type="Grouping">
      <name xml:lang="en">application service</name>
      <documentation xml:lang="en">Application Services that orchestrate use cases&#xD;
and manage transactions;</documentation>
    </element>
    <element identifier="id-3dbbf43e" xsi:type="Grouping">
      <name xml:lang="en">input adapter</name>
      <documentation xml:lang="en">Input Adapters , such as user interface&#xD;
controllers, REST endpoints, and message listeners;</documentation>
    </element>
    <element identifier="id-3b535dc6" xsi:type="Grouping">
      <name xml:lang="en">output adapter</name>
      <documentation xml:lang="en">Output Adapters such&#xD;
as persistence management and message senders.</documentation>
    </element>
  </elements>
  <relationships>
    <relationship identifier="dd68e55f" source="id-15296e85" target="id-6861ab69" xsi:type="Association" />
    <relationship identifier="id-179c1790" source="id-15296e85" target="id-27cdd9bc" xsi:type="Association" />
    <relationship identifier="id-557f29d3" source="d28ad12d" target="id-131d46d2" xsi:type="Association" />
    <relationship identifier="b6d19fa9" source="id-5bc1aebd" target="id-15296e85" xsi:type="Association" />
    <relationship identifier="dd35519b" source="id-906e1365" target="id-0b61d68c" xsi:type="Association" />
    <relationship identifier="id-7b2d2652" source="id-15296e85" target="id-70ae674b" xsi:type="Association" />
    <relationship identifier="d7d04387" source="id-70ae674b" target="dee3b146" xsi:type="Association" />
    <relationship identifier="cca5b19c" source="id-6861ab69" target="id-906e1365" xsi:type="Association" />
    <relationship identifier="id-8b24b733" source="id-27cdd9bc" target="ca921aac" xsi:type="Association" />
    <relationship identifier="a788ca99" source="id-131d46d2" target="id-5bc1aebd" xsi:type="Association" />
    <relationship identifier="id-6c545d32" source="id-131d46d2" target="id-5bc1aebd" xsi:type="Flow" />
    <relationship identifier="id-6708559d" source="d28ad12d" target="id-131d46d2" xsi:type="Flow" />
    <relationship identifier="id-01cd30a7" source="dee3b146" target="id-70ae674b" xsi:type="Flow" />
    <relationship identifier="id-393a3475" source="id-27cdd9bc" target="ca921aac" xsi:type="Flow" />
    <relationship identifier="id-2388f03e" source="id-6861ab69" target="id-906e1365" xsi:type="Flow" />
    <relationship identifier="ed5404b4" source="id-906e1365" target="id-0b61d68c" xsi:type="Flow" />
    <relationship identifier="eb2e264e" source="id-4dc1171a" target="dee3b146" xsi:type="Flow" />
    <relationship identifier="id-19fff7ea" source="ca921aac" target="f4ba3365" xsi:type="Flow" />
    <relationship identifier="e37f1ad6" source="id-3bd509df" target="id-796bea66" xsi:type="Association" />
    <relationship identifier="id-1b04c065" source="ebc7e90b" target="a876f8f3" xsi:type="Flow" />
    <relationship identifier="bcd78d4c" source="id-275e5e84" target="id-3bd509df" xsi:type="Association" />
    <relationship identifier="id-52fe9481" source="id-3bd509df" target="ee5b7e67" xsi:type="Association" />
    <relationship identifier="c039a1b7" source="id-3dbbf43e" target="ee5b7e67" xsi:type="Flow" />
    <relationship identifier="id-1c35ab11" source="id-796bea66" target="id-3b535dc6" xsi:type="Flow" />
    <relationship identifier="id-2ee6997e" source="id-3f369c39" target="id-50ff08cd" xsi:type="Flow" />
    <relationship identifier="id-1093357e" source="a8c3f906" target="id-3dbbf43e" xsi:type="Flow" />
    <relationship identifier="id-6a0c0e1c" source="id-50ff08cd" target="id-275e5e84" xsi:type="Flow" />
    <relationship identifier="id-17b1109d" source="id-3bd509df" target="ebc7e90b" xsi:type="Association" />
    <relationship identifier="id-2f3d25fa" source="a876f8f3" target="feb23efe" xsi:type="Flow" />
    <relationship identifier="d5271ce3" source="id-3b535dc6" target="id-6a0cce40" xsi:type="Flow" />
    <relationship identifier="dc17812e" source="feb23efe" target="a876f8f3" xsi:type="Flow" />
    <relationship identifier="ab0cd6dd" source="a876f8f3" target="ebc7e90b" xsi:type="Flow" />
    <relationship identifier="a96e8542" source="id-6a0cce40" target="id-3b535dc6" xsi:type="Flow">
      <name xml:lang="en">free from specifc frameworks or technical jargon</name>
    </relationship>
    <relationship identifier="id-1e0dacc3" source="id-3b535dc6" target="id-796bea66" xsi:type="Flow" />
    <relationship identifier="id-0450c75a" source="id-3b535dc6" target="id-267db0b4" xsi:type="Realization">
      <name xml:lang="en">App service free from specifc frameworks or technical jargon</name>
    </relationship>
    <relationship identifier="id-45795757" source="id-796bea66" target="id-267db0b4" xsi:type="Association" />
    <relationship identifier="id-2da38c55" source="dee3b146" target="id-4dc1171a" xsi:type="Association" />
    <relationship identifier="id-9ee173de" source="ca921aac" target="f4ba3365" xsi:type="Association" />
    <relationship identifier="f5c37dd2" source="id-3f369c39" target="id-50ff08cd" xsi:type="Association" />
    <relationship identifier="id-146a3c69" source="id-3dbbf43e" target="a8c3f906" xsi:type="Association" />
    <relationship identifier="cced81eb" source="id-3b535dc6" target="id-6a0cce40" xsi:type="Association" />
    <relationship identifier="id-6efd8571" source="a876f8f3" target="feb23efe" xsi:type="Association" />
    <relationship identifier="id-4131c4a4" source="id-275e5e84" target="a03cd844" xsi:type="Association" />
    <relationship identifier="c26f592c" source="id-50ff08cd" target="a03cd844" xsi:type="Realization">
      <name xml:lang="en">The external resources must adapt to the interfaces</name>
    </relationship>
    <relationship identifier="ec4f2b2a" source="ee5b7e67" target="id-2718b58f" xsi:type="Association" />
    <relationship identifier="abdca007" source="ebc7e90b" target="e7aea970" xsi:type="Association" />
    <relationship identifier="id-720f632d" source="id-3dbbf43e" target="id-2718b58f" xsi:type="Realization" />
    <relationship identifier="id-6c372344" source="a876f8f3" target="e7aea970" xsi:type="Realization" />
  </relationships>
  <organizations>
    <item>
      <label xml:lang="en">Business</label>
      <item identifierRef="d28ad12d" />
      <item identifierRef="id-3f369c39" />
    </item>
    <item>
      <label xml:lang="en">Application</label>
      <item identifierRef="f4ba3365" />
      <item identifierRef="id-4dc1171a" />
      <item identifierRef="feb23efe" />
      <item identifierRef="a8c3f906" />
      <item identifierRef="id-267db0b4" />
      <item identifierRef="a03cd844" />
      <item identifierRef="id-2718b58f" />
      <item identifierRef="id-96284c72" />
      <item identifierRef="e7aea970" />
    </item>
    <item>
      <label xml:lang="en">Technology &amp; Physical</label>
      <item identifierRef="id-0b61d68c" />
      <item identifierRef="id-6a0cce40" />
    </item>
    <item>
      <label xml:lang="en">Other</label>
      <item identifierRef="id-6861ab69" />
      <item identifierRef="id-15296e85" />
      <item identifierRef="id-27cdd9bc" />
      <item identifierRef="ca921aac" />
      <item identifierRef="id-70ae674b" />
      <item identifierRef="id-131d46d2" />
      <item identifierRef="id-5bc1aebd" />
      <item identifierRef="dee3b146" />
      <item identifierRef="id-906e1365" />
      <item identifierRef="id-796bea66" />
      <item identifierRef="id-3bd509df" />
      <item identifierRef="ebc7e90b" />
      <item identifierRef="a876f8f3" />
      <item identifierRef="ee5b7e67" />
      <item identifierRef="id-50ff08cd" />
      <item identifierRef="id-275e5e84" />
      <item identifierRef="id-3dbbf43e" />
      <item identifierRef="id-3b535dc6" />
    </item>
    <item>
      <label xml:lang="en">Relations</label>
      <item identifierRef="dd68e55f" />
      <item identifierRef="id-179c1790" />
      <item identifierRef="id-557f29d3" />
      <item identifierRef="b6d19fa9" />
      <item identifierRef="dd35519b" />
      <item identifierRef="id-7b2d2652" />
      <item identifierRef="d7d04387" />
      <item identifierRef="cca5b19c" />
      <item identifierRef="id-8b24b733" />
      <item identifierRef="a788ca99" />
      <item identifierRef="id-6c545d32" />
      <item identifierRef="id-6708559d" />
      <item identifierRef="id-01cd30a7" />
      <item identifierRef="id-393a3475" />
      <item identifierRef="id-2388f03e" />
      <item identifierRef="ed5404b4" />
      <item identifierRef="eb2e264e" />
      <item identifierRef="id-19fff7ea" />
      <item identifierRef="e37f1ad6" />
      <item identifierRef="id-1b04c065" />
      <item identifierRef="bcd78d4c" />
      <item identifierRef="id-52fe9481" />
      <item identifierRef="c039a1b7" />
      <item identifierRef="id-1c35ab11" />
      <item identifierRef="id-2ee6997e" />
      <item identifierRef="id-1093357e" />
      <item identifierRef="id-6a0c0e1c" />
      <item identifierRef="id-17b1109d" />
      <item identifierRef="id-2f3d25fa" />
      <item identifierRef="d5271ce3" />
      <item identifierRef="dc17812e" />
      <item identifierRef="ab0cd6dd" />
      <item identifierRef="a96e8542" />
      <item identifierRef="id-1e0dacc3" />
      <item identifierRef="id-0450c75a" />
      <item identifierRef="id-45795757" />
      <item identifierRef="id-2da38c55" />
      <item identifierRef="id-9ee173de" />
      <item identifierRef="f5c37dd2" />
      <item identifierRef="id-146a3c69" />
      <item identifierRef="cced81eb" />
      <item identifierRef="id-6efd8571" />
      <item identifierRef="id-4131c4a4" />
      <item identifierRef="c26f592c" />
      <item identifierRef="ec4f2b2a" />
      <item identifierRef="abdca007" />
      <item identifierRef="id-720f632d" />
      <item identifierRef="id-6c372344" />
    </item>
    <item>
      <label xml:lang="en">Views</label>
      <item identifierRef="db490bd6" />
    </item>
  </organizations>
  <views>
    <diagrams>
      <view identifier="db490bd6" xsi:type="Diagram">
        <name xml:lang="en">dependency Inversion</name>
        <node identifier="cea2b99e" xsi:type="Label" x="225" y="205" w="900" h="820">
          <label xml:lang="en">infrastructure / presentation layer</label>
          <style>
            <fillColor r="247" g="255" b="255" a="100" />
            <lineColor r="92" g="92" b="92" a="100" />
            <font name="Lucida Grande" size="12">
              <color r="0" g="0" b="0" />
            </font>
          </style>
        </node>
        <node identifier="id-84a8dc6d" xsi:type="Label" x="388" y="388" w="540" h="476">
          <label xml:lang="en">application service layer</label>
          <style>
            <fillColor r="247" g="255" b="255" a="100" />
            <lineColor r="92" g="92" b="92" a="100" />
            <font name="Lucida Grande" size="12">
              <color r="255" g="0" b="0" />
            </font>
          </style>
        </node>
        <node identifier="f9a97805" xsi:type="Label" x="569" y="563" w="187" h="170">
          <label xml:lang="en">domain layer</label>
          <style>
            <fillColor r="247" g="255" b="255" a="100" />
            <lineColor r="92" g="92" b="92" a="100" />
            <font name="Lucida Grande" size="12">
              <color r="0" g="0" b="0" />
            </font>
          </style>
        </node>
        <node identifier="c9ece8d2" elementRef="id-6861ab69" xsi:type="Element" x="603" y="773" w="120" h="55">
          <style>
            <fillColor r="255" g="255" b="255" a="100" />
            <lineColor r="92" g="92" b="92" a="100" />
            <font name="Lucida Grande" size="12">
              <color r="0" g="0" b="0" />
            </font>
          </style>
        </node>
        <node identifier="id-46c5377e" elementRef="id-15296e85" xsi:type="Element" x="603" y="595" w="120" h="106">
          <style>
            <fillColor r="255" g="255" b="255" a="100" />
            <lineColor r="92" g="92" b="92" a="100" />
            <font name="Lucida Grande" size="12">
              <color r="0" g="0" b="0" />
            </font>
          </style>
        </node>
        <node identifier="f4154c09" elementRef="id-27cdd9bc" xsi:type="Element" x="409" y="613" w="120" h="55">
          <style>
            <fillColor r="255" g="255" b="255" a="100" />
            <lineColor r="92" g="92" b="92" a="100" />
            <font name="Lucida Grande" size="12">
              <color r="0" g="0" b="0" />
            </font>
          </style>
        </node>
        <node identifier="id-87bfbb10" elementRef="ca921aac" xsi:type="Element" x="248" y="613" w="120" h="55">
          <style>
            <fillColor r="255" g="255" b="255" a="100" />
            <lineColor r="92" g="92" b="92" a="100" />
            <font name="Lucida Grande" size="12">
              <color r="0" g="0" b="0" />
            </font>
          </style>
        </node>
        <node identifier="id-04c2c30c" xsi:type="Label" x="259" y="239" w="310" h="102">
          <label xml:lang="en">The domain layer does not depend on other layers.&#xD;
On the one side of the application layer, the input adapters are located (the direction of the connections go inward), and on the other the output adapters (the direction of the connections go outward).</label>
          <style>
            <fillColor r="255" g="255" b="255" a="100" />
            <lineColor r="92" g="92" b="92" a="100" />
            <font name="Lucida Grande" size="12">
              <color r="255" g="0" b="0" />
            </font>
          </style>
        </node>
        <node identifier="id-0865c358" elementRef="d28ad12d" xsi:type="Element" x="603" y="75" w="120" h="55">
          <style>
            <fillColor r="255" g="255" b="181" a="100" />
            <lineColor r="92" g="92" b="92" a="100" />
            <font name="Lucida Grande" size="12">
              <color r="0" g="0" b="0" />
            </font>
          </style>
        </node>
        <node identifier="id-3d43fcd4" elementRef="id-0b61d68c" xsi:type="Element" x="603" y="1080" w="120" h="55">
          <style>
            <fillColor r="201" g="231" b="183" a="100" />
            <lineColor r="92" g="92" b="92" a="100" />
            <font name="Lucida Grande" size="12">
              <color r="0" g="0" b="0" />
            </font>
          </style>
        </node>
        <node identifier="aa545c13" elementRef="id-70ae674b" xsi:type="Element" x="778" y="613" w="120" h="55">
          <style>
            <fillColor r="255" g="255" b="255" a="100" />
            <lineColor r="92" g="92" b="92" a="100" />
            <font name="Lucida Grande" size="12">
              <color r="0" g="0" b="0" />
            </font>
          </style>
        </node>
        <node identifier="c7b5a3bd" elementRef="id-131d46d2" xsi:type="Element" x="603" y="275" w="120" h="55">
          <style>
            <fillColor r="255" g="255" b="255" a="100" />
            <lineColor r="92" g="92" b="92" a="100" />
            <font name="Lucida Grande" size="12">
              <color r="0" g="0" b="0" />
            </font>
          </style>
        </node>
        <node identifier="id-7902dfc4" elementRef="id-5bc1aebd" xsi:type="Element" x="603" y="453" w="120" h="55">
          <style>
            <fillColor r="255" g="255" b="255" a="100" />
            <lineColor r="92" g="92" b="92" a="100" />
            <font name="Lucida Grande" size="12">
              <color r="0" g="0" b="0" />
            </font>
          </style>
        </node>
        <node identifier="id-2d62b932" elementRef="dee3b146" xsi:type="Element" x="973" y="613" w="120" h="55">
          <style>
            <fillColor r="255" g="255" b="255" a="100" />
            <lineColor r="92" g="92" b="92" a="100" />
            <font name="Lucida Grande" size="12">
              <color r="0" g="0" b="0" />
            </font>
          </style>
        </node>
        <node identifier="b78df6fb" elementRef="id-906e1365" xsi:type="Element" x="603" y="925" w="120" h="55">
          <style>
            <fillColor r="255" g="255" b="255" a="100" />
            <lineColor r="92" g="92" b="92" a="100" />
            <font name="Lucida Grande" size="12">
              <color r="0" g="0" b="0" />
            </font>
          </style>
        </node>
        <node identifier="b6d60557" elementRef="f4ba3365" xsi:type="Element" x="44" y="613" w="120" h="55">
          <style>
            <fillColor r="181" g="255" b="255" a="100" />
            <lineColor r="92" g="92" b="92" a="100" />
            <font name="Lucida Grande" size="12">
              <color r="0" g="0" b="0" />
            </font>
          </style>
        </node>
        <node identifier="d7abea55" elementRef="id-4dc1171a" xsi:type="Element" x="1164" y="613" w="120" h="55">
          <style>
            <fillColor r="181" g="255" b="255" a="100" />
            <lineColor r="92" g="92" b="92" a="100" />
            <font name="Lucida Grande" size="12">
              <color r="0" g="0" b="0" />
            </font>
          </style>
        </node>
        <node identifier="ef158625" xsi:type="Label" x="1619" y="205" w="900" h="820">
          <label xml:lang="en">infrastructure / presentation layer</label>
          <style>
            <fillColor r="247" g="255" b="255" a="100" />
            <lineColor r="92" g="92" b="92" a="100" />
            <font name="Lucida Grande" size="12">
              <color r="0" g="0" b="0" />
            </font>
          </style>
        </node>
        <node identifier="id-50a9c775" xsi:type="Label" x="1780" y="391" w="553" h="498">
          <label xml:lang="en">application service layer</label>
          <style>
            <fillColor r="247" g="255" b="255" a="100" />
            <lineColor r="255" g="0" b="0" a="100" />
            <font name="Lucida Grande" size="12">
              <color r="255" g="0" b="0" />
            </font>
          </style>
        </node>
        <node identifier="id-526376cf" xsi:type="Label" x="1963" y="563" w="187" h="170">
          <label xml:lang="en">domain layer</label>
          <style>
            <fillColor r="247" g="255" b="255" a="100" />
            <lineColor r="92" g="92" b="92" a="100" />
            <font name="Lucida Grande" size="12">
              <color r="0" g="0" b="0" />
            </font>
          </style>
        </node>
        <node identifier="a44663f8" elementRef="id-796bea66" xsi:type="Element" x="1997" y="745" w="120" h="55">
          <style>
            <fillColor r="255" g="255" b="255" a="100" />
            <lineColor r="92" g="92" b="92" a="100" />
            <font name="Lucida Grande" size="12">
              <color r="0" g="0" b="0" />
            </font>
          </style>
        </node>
        <node identifier="fdfbeed4" elementRef="id-3bd509df" xsi:type="Element" x="1997" y="595" w="120" h="106">
          <style>
            <fillColor r="255" g="255" b="255" a="100" />
            <lineColor r="92" g="92" b="92" a="100" />
            <font name="Lucida Grande" size="12">
              <color r="0" g="0" b="0" />
            </font>
          </style>
        </node>
        <node identifier="bbcba8b5" elementRef="ebc7e90b" xsi:type="Element" x="1829" y="580" w="120" h="55">
          <style>
            <fillColor r="255" g="255" b="255" a="100" />
            <lineColor r="92" g="92" b="92" a="100" />
            <font name="Lucida Grande" size="12">
              <color r="0" g="0" b="0" />
            </font>
          </style>
        </node>
        <node identifier="id-2e1cc481" elementRef="a876f8f3" xsi:type="Element" x="1642" y="613" w="120" h="55">
          <style>
            <fillColor r="255" g="255" b="255" a="100" />
            <lineColor r="92" g="92" b="92" a="100" />
            <font name="Lucida Grande" size="12">
              <color r="0" g="0" b="0" />
            </font>
          </style>
        </node>
        <node identifier="id-58ab8737" xsi:type="Label" x="1653" y="239" w="292" h="102">
          <label xml:lang="en">Dependency inversion within a layered architecture (Now all the lines of connections go inward). &#xD;
The domain layer does not depend on other layers. &#xD;
The layer of app services does not depend on the higher layers (it is dependent only on the domain layer).</label>
          <style>
            <fillColor r="255" g="255" b="255" a="100" />
            <lineColor r="92" g="92" b="92" a="100" />
            <font name="Lucida Grande" size="12">
              <color r="255" g="0" b="0" />
            </font>
          </style>
        </node>
        <node identifier="id-978911ac" elementRef="id-3f369c39" xsi:type="Element" x="1997" y="75" w="120" h="55">
          <style>
            <fillColor r="255" g="255" b="181" a="100" />
            <lineColor r="92" g="92" b="92" a="100" />
            <font name="Lucida Grande" size="12">
              <color r="0" g="0" b="0" />
            </font>
          </style>
        </node>
        <node identifier="id-4f50065f" elementRef="id-6a0cce40" xsi:type="Element" x="1997" y="1080" w="120" h="55">
          <style>
            <fillColor r="201" g="231" b="183" a="100" />
            <lineColor r="92" g="92" b="92" a="100" />
            <font name="Lucida Grande" size="12">
              <color r="0" g="0" b="0" />
            </font>
          </style>
        </node>
        <node identifier="dba00a62" elementRef="ee5b7e67" xsi:type="Element" x="2172" y="575" w="120" h="55">
          <style>
            <fillColor r="255" g="255" b="255" a="100" />
            <lineColor r="92" g="92" b="92" a="100" />
            <font name="Lucida Grande" size="12">
              <color r="0" g="0" b="0" />
            </font>
          </style>
        </node>
        <node identifier="b15cdaeb" elementRef="id-50ff08cd" xsi:type="Element" x="1997" y="275" w="120" h="55">
          <style>
            <fillColor r="255" g="255" b="255" a="100" />
            <lineColor r="92" g="92" b="92" a="100" />
            <font name="Lucida Grande" size="12">
              <color r="0" g="0" b="0" />
            </font>
          </style>
        </node>
        <node identifier="e06e144f" elementRef="id-275e5e84" xsi:type="Element" x="1997" y="485" w="120" h="55">
          <style>
            <fillColor r="255" g="255" b="255" a="100" />
            <lineColor r="92" g="92" b="92" a="100" />
            <font name="Lucida Grande" size="12">
              <color r="0" g="0" b="0" />
            </font>
          </style>
        </node>
        <node identifier="id-5f0fbb61" elementRef="id-3dbbf43e" xsi:type="Element" x="2367" y="613" w="120" h="55">
          <style>
            <fillColor r="255" g="255" b="255" a="100" />
            <lineColor r="92" g="92" b="92" a="100" />
            <font name="Lucida Grande" size="12">
              <color r="0" g="0" b="0" />
            </font>
          </style>
        </node>
        <node identifier="id-85c75bd4" elementRef="id-3b535dc6" xsi:type="Element" x="1997" y="925" w="120" h="55">
          <style>
            <fillColor r="255" g="255" b="255" a="100" />
            <lineColor r="92" g="92" b="92" a="100" />
            <font name="Lucida Grande" size="12">
              <color r="0" g="0" b="0" />
            </font>
          </style>
        </node>
        <node identifier="e633946e" elementRef="feb23efe" xsi:type="Element" x="1438" y="613" w="120" h="55">
          <style>
            <fillColor r="181" g="255" b="255" a="100" />
            <lineColor r="92" g="92" b="92" a="100" />
            <font name="Lucida Grande" size="12">
              <color r="0" g="0" b="0" />
            </font>
          </style>
        </node>
        <node identifier="id-09f1fad0" elementRef="a8c3f906" xsi:type="Element" x="2558" y="613" w="120" h="55">
          <style>
            <fillColor r="181" g="255" b="255" a="100" />
            <lineColor r="92" g="92" b="92" a="100" />
            <font name="Lucida Grande" size="12">
              <color r="0" g="0" b="0" />
            </font>
          </style>
        </node>
        <node identifier="id-82344363" elementRef="id-267db0b4" xsi:type="Element" x="1997" y="809" w="120" h="55">
          <style>
            <fillColor r="181" g="255" b="255" a="100" />
            <lineColor r="92" g="92" b="92" a="100" />
            <font name="Lucida Grande" size="12">
              <color r="0" g="0" b="0" />
            </font>
          </style>
        </node>
        <node identifier="id-2cc34534" elementRef="a03cd844" xsi:type="Element" x="1997" y="413" w="120" h="55">
          <style>
            <fillColor r="181" g="255" b="255" a="100" />
            <lineColor r="92" g="92" b="92" a="100" />
            <font name="Lucida Grande" size="12">
              <color r="0" g="0" b="0" />
            </font>
          </style>
        </node>
        <node identifier="id-3e9479a0" elementRef="id-2718b58f" xsi:type="Element" x="2199" y="646" w="120" h="55">
          <style>
            <fillColor r="181" g="255" b="255" a="100" />
            <lineColor r="92" g="92" b="92" a="100" />
            <font name="Lucida Grande" size="12">
              <color r="0" g="0" b="0" />
            </font>
          </style>
        </node>
        <node identifier="e192358e" elementRef="e7aea970" xsi:type="Element" x="1799" y="646" w="120" h="55">
          <style>
            <fillColor r="181" g="255" b="255" a="100" />
            <lineColor r="92" g="92" b="92" a="100" />
            <font name="Lucida Grande" size="12">
              <color r="0" g="0" b="0" />
            </font>
          </style>
        </node>
        <connection identifier="id-442c1204" relationshipRef="id-2388f03e" xsi:type="Relationship" source="c9ece8d2" target="b78df6fb">
          <style lineWidth="3">
            <lineColor r="255" g="0" b="0" />
            <font name="Lucida Grande" size="12">
              <color r="0" g="0" b="0" />
            </font>
          </style>
          <bendpoint x="663" y="871" />
        </connection>
        <connection identifier="id-6f2ec702" relationshipRef="id-7b2d2652" xsi:type="Relationship" source="id-46c5377e" target="aa545c13">
          <style>
            <lineColor r="0" g="0" b="0" />
            <font name="Lucida Grande" size="12">
              <color r="0" g="0" b="0" />
            </font>
          </style>
          <bendpoint x="754" y="645" />
        </connection>
        <connection identifier="fb6224bd" relationshipRef="dd68e55f" xsi:type="Relationship" source="id-46c5377e" target="c9ece8d2">
          <style>
            <lineColor r="0" g="0" b="0" />
            <font name="Lucida Grande" size="12">
              <color r="0" g="0" b="0" />
            </font>
          </style>
          <bendpoint x="663" y="734" />
        </connection>
        <connection identifier="id-4e3e5636" relationshipRef="id-179c1790" xsi:type="Relationship" source="id-46c5377e" target="f4154c09">
          <style>
            <lineColor r="0" g="0" b="0" />
            <font name="Lucida Grande" size="12">
              <color r="0" g="0" b="0" />
            </font>
          </style>
          <bendpoint x="563" y="644" />
        </connection>
        <connection identifier="id-165dc748" relationshipRef="id-393a3475" xsi:type="Relationship" source="f4154c09" target="id-87bfbb10">
          <style lineWidth="3">
            <lineColor r="255" g="0" b="0" />
            <font name="Lucida Grande" size="12">
              <color r="0" g="0" b="0" />
            </font>
          </style>
          <bendpoint x="389" y="644" />
        </connection>
        <connection identifier="b4d6d241" relationshipRef="id-9ee173de" xsi:type="Relationship" source="id-87bfbb10" target="b6d60557">
          <style>
            <lineColor r="0" g="0" b="0" />
            <font name="Lucida Grande" size="12">
              <color r="0" g="0" b="0" />
            </font>
          </style>
        </connection>
        <connection identifier="id-60cfd616" relationshipRef="id-557f29d3" xsi:type="Relationship" source="id-0865c358" target="c7b5a3bd">
          <style>
            <lineColor r="0" g="0" b="0" />
            <font name="Lucida Grande" size="12">
              <color r="0" g="0" b="0" />
            </font>
          </style>
        </connection>
        <connection identifier="id-1d91056f" relationshipRef="id-6c545d32" xsi:type="Relationship" source="c7b5a3bd" target="id-7902dfc4">
          <style lineWidth="3">
            <lineColor r="255" g="0" b="0" />
            <font name="Lucida Grande" size="12">
              <color r="0" g="0" b="0" />
            </font>
          </style>
          <bendpoint x="659" y="389" />
        </connection>
        <connection identifier="c7932ae3" relationshipRef="b6d19fa9" xsi:type="Relationship" source="id-7902dfc4" target="id-46c5377e">
          <style>
            <lineColor r="0" g="0" b="0" />
            <font name="Lucida Grande" size="12">
              <color r="0" g="0" b="0" />
            </font>
          </style>
          <bendpoint x="659" y="544" />
        </connection>
        <connection identifier="id-39e33ce4" relationshipRef="id-01cd30a7" xsi:type="Relationship" source="id-2d62b932" target="aa545c13">
          <style lineWidth="3">
            <lineColor r="255" g="0" b="0" />
            <font name="Lucida Grande" size="12">
              <color r="0" g="0" b="0" />
            </font>
          </style>
          <bendpoint x="939" y="645" />
        </connection>
        <connection identifier="id-53b8e887" relationshipRef="id-2da38c55" xsi:type="Relationship" source="id-2d62b932" target="d7abea55">
          <style>
            <lineColor r="0" g="0" b="0" />
            <font name="Lucida Grande" size="12">
              <color r="0" g="0" b="0" />
            </font>
          </style>
        </connection>
        <connection identifier="id-75268612" relationshipRef="dd35519b" xsi:type="Relationship" source="b78df6fb" target="id-3d43fcd4">
          <style>
            <lineColor r="0" g="0" b="0" />
            <font name="Lucida Grande" size="12">
              <color r="0" g="0" b="0" />
            </font>
          </style>
        </connection>
        <connection identifier="id-4db3fe7c" relationshipRef="id-45795757" xsi:type="Relationship" source="a44663f8" target="id-82344363">
          <style>
            <lineColor r="0" g="0" b="0" />
            <font name="Lucida Grande" size="12">
              <color r="0" g="0" b="0" />
            </font>
          </style>
        </connection>
        <connection identifier="id-4be897c0" relationshipRef="id-52fe9481" xsi:type="Relationship" source="fdfbeed4" target="dba00a62">
          <style>
            <lineColor r="0" g="0" b="0" />
            <font name="Lucida Grande" size="12">
              <color r="0" g="0" b="0" />
            </font>
          </style>
          <bendpoint x="2148" y="626" />
        </connection>
        <connection identifier="id-0850c707" relationshipRef="e37f1ad6" xsi:type="Relationship" source="fdfbeed4" target="a44663f8">
          <style>
            <lineColor r="0" g="0" b="0" />
            <font name="Lucida Grande" size="12">
              <color r="0" g="0" b="0" />
            </font>
          </style>
          <bendpoint x="2057" y="720" />
        </connection>
        <connection identifier="bba41ee2" relationshipRef="id-17b1109d" xsi:type="Relationship" source="fdfbeed4" target="bbcba8b5">
          <style>
            <lineColor r="0" g="0" b="0" />
            <font name="Lucida Grande" size="12">
              <color r="0" g="0" b="0" />
            </font>
          </style>
          <bendpoint x="1970" y="627" />
        </connection>
        <connection identifier="db8e5a35" relationshipRef="abdca007" xsi:type="Relationship" source="bbcba8b5" target="e192358e">
          <style>
            <lineColor r="0" g="0" b="0" />
            <font name="Lucida Grande" size="12">
              <color r="0" g="0" b="0" />
            </font>
          </style>
        </connection>
        <connection identifier="id-238977cd" relationshipRef="id-6efd8571" xsi:type="Relationship" source="id-2e1cc481" target="e633946e">
          <style>
            <lineColor r="0" g="0" b="0" />
            <font name="Lucida Grande" size="12">
              <color r="0" g="0" b="0" />
            </font>
          </style>
        </connection>
        <connection identifier="id-6a77ed15" relationshipRef="id-6c372344" xsi:type="Relationship" source="id-2e1cc481" target="e192358e">
          <style lineWidth="3">
            <lineColor r="255" g="0" b="0" />
            <font name="Lucida Grande" size="12">
              <color r="255" g="0" b="0" />
            </font>
          </style>
        </connection>
        <connection identifier="c6b484da" relationshipRef="f5c37dd2" xsi:type="Relationship" source="id-978911ac" target="b15cdaeb">
          <style>
            <lineColor r="0" g="0" b="0" />
            <font name="Lucida Grande" size="12">
              <color r="0" g="0" b="0" />
            </font>
          </style>
        </connection>
        <connection identifier="id-7161a983" relationshipRef="ec4f2b2a" xsi:type="Relationship" source="dba00a62" target="id-3e9479a0">
          <style>
            <lineColor r="0" g="0" b="0" />
            <font name="Lucida Grande" size="12">
              <color r="0" g="0" b="0" />
            </font>
          </style>
        </connection>
        <connection identifier="id-5a07ed28" relationshipRef="c26f592c" xsi:type="Relationship" source="b15cdaeb" target="id-2cc34534">
          <style lineWidth="3">
            <lineColor r="255" g="0" b="0" />
            <font name="Lucida Grande" size="12">
              <color r="255" g="0" b="0" />
            </font>
          </style>
        </connection>
        <connection identifier="id-324ad201" relationshipRef="bcd78d4c" xsi:type="Relationship" source="e06e144f" target="fdfbeed4">
          <style>
            <lineColor r="0" g="0" b="0" />
            <font name="Lucida Grande" size="12">
              <color r="0" g="0" b="0" />
            </font>
          </style>
          <bendpoint x="2053" y="560" />
        </connection>
        <connection identifier="id-8dd721db" relationshipRef="id-4131c4a4" xsi:type="Relationship" source="e06e144f" target="id-2cc34534">
          <style>
            <lineColor r="0" g="0" b="0" />
            <font name="Lucida Grande" size="12">
              <color r="0" g="0" b="0" />
            </font>
          </style>
        </connection>
        <connection identifier="id-6b0faa54" relationshipRef="id-146a3c69" xsi:type="Relationship" source="id-5f0fbb61" target="id-09f1fad0">
          <style>
            <lineColor r="0" g="0" b="0" />
            <font name="Lucida Grande" size="12">
              <color r="0" g="0" b="0" />
            </font>
          </style>
        </connection>
        <connection identifier="a1d7990c" relationshipRef="id-720f632d" xsi:type="Relationship" source="id-5f0fbb61" target="id-3e9479a0">
          <style lineWidth="3">
            <lineColor r="255" g="0" b="0" />
            <font name="Lucida Grande" size="12">
              <color r="255" g="0" b="0" />
            </font>
          </style>
        </connection>
        <connection identifier="a2b06967" relationshipRef="id-0450c75a" xsi:type="Relationship" source="id-85c75bd4" target="id-82344363">
          <style lineWidth="3">
            <lineColor r="255" g="0" b="0" />
            <font name="Lucida Grande" size="12">
              <color r="255" g="0" b="0" />
            </font>
          </style>
        </connection>
        <connection identifier="c24d9f2c" relationshipRef="cced81eb" xsi:type="Relationship" source="id-85c75bd4" target="id-4f50065f">
          <style>
            <lineColor r="0" g="0" b="0" />
            <font name="Lucida Grande" size="12">
              <color r="0" g="0" b="0" />
            </font>
          </style>
        </connection>
      </view>
    </diagrams>
  </views>
</model>
