{"identifier":"https://me.big.tuwien.ac.at/EAModelSet/id-1284174a","archimateId":"id-1284174a","name":"dependency Inversion","description":"","formats":["XML","CSV","JSON","ARCHIMATE"],"source":"GitHub","sourceFile":"raw-data/github/xml/5_dependency_inversion.xml","sourceFormat":"XML","timestamp":"29-06-2023 09:26:49","tags":[],"duplicates":[],"language":"en","elements":[{"id":"d28ad12d","name":"user","type":"BusinessActor","layer":"business"},{"id":"id-3f369c39","name":"user","type":"BusinessActor","layer":"business"},{"id":"f4ba3365","name":"system 1","type":"ApplicationInterface","layer":"application"},{"id":"id-4dc1171a","name":"system 2","type":"ApplicationInterface","layer":"application"},{"id":"feb23efe","name":"system 1","type":"ApplicationInterface","layer":"application"},{"id":"a8c3f906","name":"system 2","type":"ApplicationInterface","layer":"application"},{"id":"id-267db0b4","name":"Interface","type":"ApplicationInterface","layer":"application"},{"id":"a03cd844","name":"Interface","type":"ApplicationInterface","layer":"application"},{"id":"id-2718b58f","name":"Interface","type":"ApplicationInterface","layer":"application"},{"id":"id-96284c72","name":"Interface","type":"ApplicationInterface","layer":"application"},{"id":"e7aea970","name":"Interface","type":"ApplicationInterface","layer":"application"},{"id":"id-0b61d68c","name":"database","type":"Node","layer":"technology"},{"id":"id-6a0cce40","name":"database","type":"Node","layer":"technology"},{"id":"id-6861ab69","name":"application service","type":"Grouping","layer":"other"},{"id":"id-15296e85","name":"domain model","type":"Grouping","layer":"other"},{"id":"id-27cdd9bc","name":"application service","type":"Grouping","layer":"other"},{"id":"ca921aac","name":"output adapter","type":"Grouping","layer":"other"},{"id":"id-70ae674b","name":"application service","type":"Grouping","layer":"other"},{"id":"id-131d46d2","name":"input adapter","type":"Grouping","layer":"other"},{"id":"id-5bc1aebd","name":"application service","type":"Grouping","layer":"other"},{"id":"dee3b146","name":"input adapter","type":"Grouping","layer":"other"},{"id":"id-906e1365","name":"output adapter","type":"Grouping","layer":"other"},{"id":"id-796bea66","name":"application service","type":"Grouping","layer":"other"},{"id":"id-3bd509df","name":"domain model","type":"Grouping","layer":"other"},{"id":"ebc7e90b","name":"application service","type":"Grouping","layer":"other"},{"id":"a876f8f3","name":"output adapter","type":"Grouping","layer":"other"},{"id":"ee5b7e67","name":"application service","type":"Grouping","layer":"other"},{"id":"id-50ff08cd","name":"input adapter","type":"Grouping","layer":"other"},{"id":"id-275e5e84","name":"application service","type":"Grouping","layer":"other"},{"id":"id-3dbbf43e","name":"input adapter","type":"Grouping","layer":"other"},{"id":"id-3b535dc6","name":"output adapter","type":"Grouping","layer":"other"}],"relationships":[{"id":"dd68e55f","sourceId":"id-15296e85","targetId":"id-6861ab69","type":"Association"},{"id":"id-179c1790","sourceId":"id-15296e85","targetId":"id-27cdd9bc","type":"Association"},{"id":"id-557f29d3","sourceId":"d28ad12d","targetId":"id-131d46d2","type":"Association"},{"id":"b6d19fa9","sourceId":"id-5bc1aebd","targetId":"id-15296e85","type":"Association"},{"id":"dd35519b","sourceId":"id-906e1365","targetId":"id-0b61d68c","type":"Association"},{"id":"id-7b2d2652","sourceId":"id-15296e85","targetId":"id-70ae674b","type":"Association"},{"id":"d7d04387","sourceId":"id-70ae674b","targetId":"dee3b146","type":"Association"},{"id":"cca5b19c","sourceId":"id-6861ab69","targetId":"id-906e1365","type":"Association"},{"id":"id-8b24b733","sourceId":"id-27cdd9bc","targetId":"ca921aac","type":"Association"},{"id":"a788ca99","sourceId":"id-131d46d2","targetId":"id-5bc1aebd","type":"Association"},{"id":"id-6c545d32","sourceId":"id-131d46d2","targetId":"id-5bc1aebd","type":"Flow"},{"id":"id-6708559d","sourceId":"d28ad12d","targetId":"id-131d46d2","type":"Flow"},{"id":"id-01cd30a7","sourceId":"dee3b146","targetId":"id-70ae674b","type":"Flow"},{"id":"id-393a3475","sourceId":"id-27cdd9bc","targetId":"ca921aac","type":"Flow"},{"id":"id-2388f03e","sourceId":"id-6861ab69","targetId":"id-906e1365","type":"Flow"},{"id":"ed5404b4","sourceId":"id-906e1365","targetId":"id-0b61d68c","type":"Flow"},{"id":"eb2e264e","sourceId":"id-4dc1171a","targetId":"dee3b146","type":"Flow"},{"id":"id-19fff7ea","sourceId":"ca921aac","targetId":"f4ba3365","type":"Flow"},{"id":"e37f1ad6","sourceId":"id-3bd509df","targetId":"id-796bea66","type":"Association"},{"id":"id-1b04c065","sourceId":"ebc7e90b","targetId":"a876f8f3","type":"Flow"},{"id":"bcd78d4c","sourceId":"id-275e5e84","targetId":"id-3bd509df","type":"Association"},{"id":"id-52fe9481","sourceId":"id-3bd509df","targetId":"ee5b7e67","type":"Association"},{"id":"c039a1b7","sourceId":"id-3dbbf43e","targetId":"ee5b7e67","type":"Flow"},{"id":"id-1c35ab11","sourceId":"id-796bea66","targetId":"id-3b535dc6","type":"Flow"},{"id":"id-2ee6997e","sourceId":"id-3f369c39","targetId":"id-50ff08cd","type":"Flow"},{"id":"id-1093357e","sourceId":"a8c3f906","targetId":"id-3dbbf43e","type":"Flow"},{"id":"id-6a0c0e1c","sourceId":"id-50ff08cd","targetId":"id-275e5e84","type":"Flow"},{"id":"id-17b1109d","sourceId":"id-3bd509df","targetId":"ebc7e90b","type":"Association"},{"id":"id-2f3d25fa","sourceId":"a876f8f3","targetId":"feb23efe","type":"Flow"},{"id":"d5271ce3","sourceId":"id-3b535dc6","targetId":"id-6a0cce40","type":"Flow"},{"id":"dc17812e","sourceId":"feb23efe","targetId":"a876f8f3","type":"Flow"},{"id":"ab0cd6dd","sourceId":"a876f8f3","targetId":"ebc7e90b","type":"Flow"},{"id":"a96e8542","sourceId":"id-6a0cce40","targetId":"id-3b535dc6","type":"Flow"},{"id":"id-1e0dacc3","sourceId":"id-3b535dc6","targetId":"id-796bea66","type":"Flow"},{"id":"id-0450c75a","sourceId":"id-3b535dc6","targetId":"id-267db0b4","type":"Realization"},{"id":"id-45795757","sourceId":"id-796bea66","targetId":"id-267db0b4","type":"Association"},{"id":"id-2da38c55","sourceId":"dee3b146","targetId":"id-4dc1171a","type":"Association"},{"id":"id-9ee173de","sourceId":"ca921aac","targetId":"f4ba3365","type":"Association"},{"id":"f5c37dd2","sourceId":"id-3f369c39","targetId":"id-50ff08cd","type":"Association"},{"id":"id-146a3c69","sourceId":"id-3dbbf43e","targetId":"a8c3f906","type":"Association"},{"id":"cced81eb","sourceId":"id-3b535dc6","targetId":"id-6a0cce40","type":"Association"},{"id":"id-6efd8571","sourceId":"a876f8f3","targetId":"feb23efe","type":"Association"},{"id":"id-4131c4a4","sourceId":"id-275e5e84","targetId":"a03cd844","type":"Association"},{"id":"c26f592c","sourceId":"id-50ff08cd","targetId":"a03cd844","type":"Realization"},{"id":"ec4f2b2a","sourceId":"ee5b7e67","targetId":"id-2718b58f","type":"Association"},{"id":"abdca007","sourceId":"ebc7e90b","targetId":"e7aea970","type":"Association"},{"id":"id-720f632d","sourceId":"id-3dbbf43e","targetId":"id-2718b58f","type":"Realization"},{"id":"id-6c372344","sourceId":"a876f8f3","targetId":"e7aea970","type":"Realization"}],"views":[{"id":"db490bd6","name":"dependency Inversion","viewpoint":""}]}