<?xml version="1.0" encoding="UTF-8"?><model xmlns="http://www.opengroup.org/xsd/archimate/3.0/" xmlns:xsi="http://www.w3.org/2001/XMLSchema-instance" identifier="_oNnyMKCSEey6N7ehWr0kcg">  <name xml:lang="en">AiRo Tech Solutions Inc.</name>  <elements>    <element xsi:type="BusinessActor" identifier="_BdZ9oILBEDqvXsqI7EugmQ">      <name xml:lang="en">President/CEO</name>      <documentation/>    </element>    <element xsi:type="BusinessActor" identifier="_GC9zgILBEDqvXsqI7EugmQ">      <name xml:lang="en">CTO</name>      <documentation/>    </element>    <element xsi:type="BusinessActor" identifier="_IFHRcILBEDqvXsqI7EugmQ">      <name xml:lang="en">COO</name>      <documentation/>    </element>    <element xsi:type="BusinessActor" identifier="_kVYMoILCEDqvXsqI7EugmQ">      <name xml:lang="en">Product Development/Project Manager</name>      <documentation/>    </element>    <element xsi:type="BusinessActor" identifier="_zdHn0ILCEDqvXsqI7EugmQ">      <name xml:lang="en">Infrastructure Engineer</name>      <documentation/>    </element>    <element xsi:type="BusinessActor" identifier="_ZctkgILDEDqvXsqI7EugmQ">      <name xml:lang="en">Sr. WP developer/architect</name>      <documentation/>    </element>    <element xsi:type="BusinessActor" identifier="_zf8c4ILDEDqvXsqI7EugmQ">      <name xml:lang="en">Sr. Blockchain developer</name>      <documentation/>    </element>    <element xsi:type="BusinessActor" identifier="_IRPhkILEEDqvXsqI7EugmQ">      <name xml:lang="en">UI/UX designer</name>      <documentation/>    </element>    <element xsi:type="BusinessActor" identifier="_NWI-0ILEEDqvXsqI7EugmQ">      <name xml:lang="en">Sr. backend developer</name>      <documentation/>    </element>    <element xsi:type="BusinessActor" identifier="_2XJBkILFEDqvXsqI7EugmQ">      <name xml:lang="en">Sr. hybrid mobile developer</name>      <documentation/>    </element>    <element xsi:type="BusinessActor" identifier="_d8CIIILGEDqvXsqI7EugmQ">      <name xml:lang="en">Sr. frontend developer</name>      <documentation/>    </element>    <element xsi:type="BusinessActor" identifier="_fgGr4IMnEDqvXsqI7EugmQ">      <name xml:lang="en">full stack developers</name>      <documentation/>    </element>    <element xsi:type="BusinessActor" identifier="_mlidgIMnEDqvXsqI7EugmQ">      <name xml:lang="en">QA/ Testers</name>      <documentation/>    </element>    <element xsi:type="BusinessActor" identifier="_EnqNUIMoEDqvXsqI7EugmQ">      <name xml:lang="en">Solutions Analyst</name>      <documentation/>    </element>    <element xsi:type="BusinessActor" identifier="_3wQnoIMoEDqvXsqI7EugmQ">      <name xml:lang="en">human resources</name>      <documentation/>    </element>    <element xsi:type="BusinessActor" identifier="_86ZKMIMoEDqvXsqI7EugmQ">      <name xml:lang="en">compliance</name>      <documentation/>    </element>    <element xsi:type="BusinessActor" identifier="__ctV8IMoEDqvXsqI7EugmQ">      <name xml:lang="en">accounting &amp; finance</name>      <documentation/>    </element>    <element xsi:type="BusinessActor" identifier="_AjbGYIMpEDqvXsqI7EugmQ">      <name xml:lang="en">COO</name>      <documentation/>    </element>    <element xsi:type="BusinessActor" identifier="_A-kKQIMpEDqvXsqI7EugmQ">      <name xml:lang="en">legal</name>      <documentation/>    </element>    <element xsi:type="BusinessActor" identifier="_DfB74IMpEDqvXsqI7EugmQ">      <name xml:lang="en">business development</name>      <documentation/>    </element>  </elements>  <relationships>    <relationship xsi:type="Flow" identifier="_LNv7EIMpEDqvXsqI7EugmQ" source="_AjbGYIMpEDqvXsqI7EugmQ" target="_3wQnoIMoEDqvXsqI7EugmQ">      <name xml:lang="en"/>      <documentation/>    </relationship>    <relationship xsi:type="Flow" identifier="_L0kDcIMpEDqvXsqI7EugmQ" source="_AjbGYIMpEDqvXsqI7EugmQ" target="_86ZKMIMoEDqvXsqI7EugmQ">      <name xml:lang="en"/>      <documentation/>    </relationship>    <relationship xsi:type="Flow" identifier="_NvI5wIMpEDqvXsqI7EugmQ" source="_AjbGYIMpEDqvXsqI7EugmQ" target="_DfB74IMpEDqvXsqI7EugmQ">      <name xml:lang="en"/>      <documentation/>    </relationship>    <relationship xsi:type="Flow" identifier="_ONAhgIMpEDqvXsqI7EugmQ" source="_AjbGYIMpEDqvXsqI7EugmQ" target="__ctV8IMoEDqvXsqI7EugmQ">      <name xml:lang="en"/>      <documentation/>    </relationship>    <relationship xsi:type="Flow" identifier="_PZUjoIMpEDqvXsqI7EugmQ" source="_AjbGYIMpEDqvXsqI7EugmQ" target="_A-kKQIMpEDqvXsqI7EugmQ">      <name xml:lang="en"/>      <documentation/>    </relationship>    <relationship xsi:type="Flow" identifier="_JIchQILCEDqvXsqI7EugmQ" source="_BdZ9oILBEDqvXsqI7EugmQ" target="_IFHRcILBEDqvXsqI7EugmQ">      <name xml:lang="en"/>      <documentation/>    </relationship>    <relationship xsi:type="Flow" identifier="_Jy3XQILCEDqvXsqI7EugmQ" source="_BdZ9oILBEDqvXsqI7EugmQ" target="_GC9zgILBEDqvXsqI7EugmQ">      <name xml:lang="en"/>      <documentation/>    </relationship>    <relationship xsi:type="Flow" identifier="_VN2XYILDEDqvXsqI7EugmQ" source="_GC9zgILBEDqvXsqI7EugmQ" target="_kVYMoILCEDqvXsqI7EugmQ">      <name xml:lang="en"/>      <documentation/>    </relationship>    <relationship xsi:type="Flow" identifier="_XeEtkILDEDqvXsqI7EugmQ" source="_GC9zgILBEDqvXsqI7EugmQ" target="_zdHn0ILCEDqvXsqI7EugmQ">      <name xml:lang="en"/>      <documentation/>    </relationship>    <relationship xsi:type="Association" identifier="_YijpYILDEDqvXsqI7EugmQ" source="_kVYMoILCEDqvXsqI7EugmQ" target="_zdHn0ILCEDqvXsqI7EugmQ">      <name xml:lang="en"/>      <documentation/>    </relationship>    <relationship xsi:type="Flow" identifier="_yYdQYILDEDqvXsqI7EugmQ" source="_GC9zgILBEDqvXsqI7EugmQ" target="_ZctkgILDEDqvXsqI7EugmQ">      <name xml:lang="en"/>      <documentation/>    </relationship>    <relationship xsi:type="Flow" identifier="_EySucILEEDqvXsqI7EugmQ" source="_GC9zgILBEDqvXsqI7EugmQ" target="_zf8c4ILDEDqvXsqI7EugmQ">      <name xml:lang="en"/>      <documentation/>    </relationship>    <relationship xsi:type="Association" identifier="_GqPukILEEDqvXsqI7EugmQ" source="_zdHn0ILCEDqvXsqI7EugmQ" target="_ZctkgILDEDqvXsqI7EugmQ">      <name xml:lang="en"/>      <documentation/>    </relationship>    <relationship xsi:type="Association" identifier="_HSbv8ILEEDqvXsqI7EugmQ" source="_ZctkgILDEDqvXsqI7EugmQ" target="_zf8c4ILDEDqvXsqI7EugmQ">      <name xml:lang="en"/>      <documentation/>    </relationship>    <relationship xsi:type="Flow" identifier="_K7TUEILEEDqvXsqI7EugmQ" source="_ZctkgILDEDqvXsqI7EugmQ" target="_IRPhkILEEDqvXsqI7EugmQ">      <name xml:lang="en"/>      <documentation/>    </relationship>    <relationship xsi:type="Flow" identifier="_jPPHIILGEDqvXsqI7EugmQ" source="_GC9zgILBEDqvXsqI7EugmQ" target="_2XJBkILFEDqvXsqI7EugmQ">      <name xml:lang="en"/>      <documentation/>    </relationship>    <relationship xsi:type="Association" identifier="_lgmFwILGEDqvXsqI7EugmQ" source="_zf8c4ILDEDqvXsqI7EugmQ" target="_2XJBkILFEDqvXsqI7EugmQ">      <name xml:lang="en"/>      <documentation/>    </relationship>    <relationship xsi:type="Flow" identifier="_hxBloIMnEDqvXsqI7EugmQ" source="_2XJBkILFEDqvXsqI7EugmQ" target="_fgGr4IMnEDqvXsqI7EugmQ">      <name xml:lang="en"/>      <documentation/>    </relationship>    <relationship xsi:type="Flow" identifier="_pUIKsIMnEDqvXsqI7EugmQ" source="_kVYMoILCEDqvXsqI7EugmQ" target="_mlidgIMnEDqvXsqI7EugmQ">      <name xml:lang="en"/>      <documentation/>    </relationship>    <relationship xsi:type="Flow" identifier="_JKffUIMoEDqvXsqI7EugmQ" source="_kVYMoILCEDqvXsqI7EugmQ" target="_EnqNUIMoEDqvXsqI7EugmQ">      <name xml:lang="en"/>      <documentation/>    </relationship>  </relationships>  <views>    <diagrams>      <view identifier="_oNnyM6CSEey6N7ehWr0kcg">        <name xml:lang="en">archimate-diagram</name>        <node xsi:type="Element" identifier="_BdzmQILBEDqvXsqI7EugmQ" h="50" w="110" x="957" y="28" elementRef="_BdZ9oILBEDqvXsqI7EugmQ"/>        <node xsi:type="Element" identifier="_GC9zgoLBEDqvXsqI7EugmQ" h="50" w="110" x="273" y="145" elementRef="_GC9zgILBEDqvXsqI7EugmQ"/>        <node xsi:type="Element" identifier="_IFH4gILBEDqvXsqI7EugmQ" h="50" w="110" x="1729" y="174" elementRef="_IFHRcILBEDqvXsqI7EugmQ"/>        <node xsi:type="Element" identifier="_kVYzsYLCEDqvXsqI7EugmQ" h="50" w="110" x="97" y="258" elementRef="_kVYMoILCEDqvXsqI7EugmQ"/>        <node xsi:type="Element" identifier="_zdIO4YLCEDqvXsqI7EugmQ" h="50" w="110" x="273" y="258" elementRef="_zdHn0ILCEDqvXsqI7EugmQ"/>        <node xsi:type="Element" identifier="_ZcuLkYLDEDqvXsqI7EugmQ" h="50" w="110" x="453" y="258" elementRef="_ZctkgILDEDqvXsqI7EugmQ"/>        <node xsi:type="Element" identifier="_zf8c4oLDEDqvXsqI7EugmQ" h="50" w="110" x="624" y="258" elementRef="_zf8c4ILDEDqvXsqI7EugmQ"/>        <node xsi:type="Element" identifier="_IRPhkoLEEDqvXsqI7EugmQ" h="50" w="110" x="453" y="371" elementRef="_IRPhkILEEDqvXsqI7EugmQ"/>        <node xsi:type="Element" identifier="_NWJl4YLEEDqvXsqI7EugmQ" h="50" w="110" x="1007" y="258" elementRef="_NWI-0ILEEDqvXsqI7EugmQ"/>        <node xsi:type="Element" identifier="_2XJooYLFEDqvXsqI7EugmQ" h="50" w="110" x="795" y="258" elementRef="_2XJBkILFEDqvXsqI7EugmQ"/>        <node xsi:type="Element" identifier="_d8CIIoLGEDqvXsqI7EugmQ" h="50" w="110" x="1167" y="258" elementRef="_d8CIIILGEDqvXsqI7EugmQ"/>        <node xsi:type="Element" identifier="_fgHS8YMnEDqvXsqI7EugmQ" h="50" w="110" x="795" y="371" elementRef="_fgGr4IMnEDqvXsqI7EugmQ"/>        <node xsi:type="Element" identifier="_mljEkIMnEDqvXsqI7EugmQ" h="50" w="110" x="10" y="371" elementRef="_mlidgIMnEDqvXsqI7EugmQ"/>        <node xsi:type="Element" identifier="_Enq0YYMoEDqvXsqI7EugmQ" h="50" w="110" x="97" y="474" elementRef="_EnqNUIMoEDqvXsqI7EugmQ"/>        <node xsi:type="Element" identifier="_3wQnooMoEDqvXsqI7EugmQ" h="50" w="110" x="1465" y="258" elementRef="_3wQnoIMoEDqvXsqI7EugmQ"/>        <node xsi:type="Element" identifier="_86ZxQYMoEDqvXsqI7EugmQ" h="50" w="110" x="1596" y="258" elementRef="_86ZKMIMoEDqvXsqI7EugmQ"/>        <node xsi:type="Element" identifier="__ct9AIMoEDqvXsqI7EugmQ" h="50" w="110" x="1862" y="258" elementRef="__ctV8IMoEDqvXsqI7EugmQ"/>        <node xsi:type="Element" identifier="_AjbtcYMpEDqvXsqI7EugmQ" h="50" w="110" x="1729" y="174" elementRef="_AjbGYIMpEDqvXsqI7EugmQ"/>        <node xsi:type="Element" identifier="_A-kKQoMpEDqvXsqI7EugmQ" h="50" w="110" x="1997" y="258" elementRef="_A-kKQIMpEDqvXsqI7EugmQ"/>        <node xsi:type="Element" identifier="_DfCi8IMpEDqvXsqI7EugmQ" h="50" w="110" x="1729" y="258" elementRef="_DfB74IMpEDqvXsqI7EugmQ"/>        <connection xsi:type="Relationship" identifier="_JIkdEILCEDqvXsqI7EugmQ" source="_BdzmQILBEDqvXsqI7EugmQ" target="_IFH4gILBEDqvXsqI7EugmQ" relationshipRef="_JIchQILCEDqvXsqI7EugmQ">          <bendpoint x="1788" y="53"/>          <bendpoint x="1788" y="154"/>        </connection>        <connection xsi:type="Relationship" identifier="_Jy9d4ILCEDqvXsqI7EugmQ" source="_BdzmQILBEDqvXsqI7EugmQ" target="_GC9zgoLBEDqvXsqI7EugmQ" relationshipRef="_Jy3XQILCEDqvXsqI7EugmQ">          <bendpoint x="331" y="53"/>          <bendpoint x="331" y="125"/>        </connection>        <connection xsi:type="Relationship" identifier="_VOGPAILDEDqvXsqI7EugmQ" source="_GC9zgoLBEDqvXsqI7EugmQ" target="_kVYzsYLCEDqvXsqI7EugmQ" relationshipRef="_VN2XYILDEDqvXsqI7EugmQ">          <bendpoint x="154" y="171"/>          <bendpoint x="154" y="238"/>        </connection>        <connection xsi:type="Relationship" identifier="_XeMpYILDEDqvXsqI7EugmQ" source="_GC9zgoLBEDqvXsqI7EugmQ" target="_zdIO4YLCEDqvXsqI7EugmQ" relationshipRef="_XeEtkILDEDqvXsqI7EugmQ">          <bendpoint x="328" y="227"/>          <bendpoint x="328" y="226"/>        </connection>        <connection xsi:type="Relationship" identifier="_Yiq-IILDEDqvXsqI7EugmQ" source="_kVYzsYLCEDqvXsqI7EugmQ" target="_zdIO4YLCEDqvXsqI7EugmQ" relationshipRef="_YijpYILDEDqvXsqI7EugmQ">          <bendpoint x="240" y="283"/>          <bendpoint x="240" y="283"/>        </connection>        <connection xsi:type="Relationship" identifier="_yYrS0ILDEDqvXsqI7EugmQ" source="_GC9zgoLBEDqvXsqI7EugmQ" target="_ZcuLkYLDEDqvXsqI7EugmQ" relationshipRef="_yYdQYILDEDqvXsqI7EugmQ">          <bendpoint x="512" y="170"/>          <bendpoint x="512" y="238"/>        </connection>        <connection xsi:type="Relationship" identifier="_Eyb4YILEEDqvXsqI7EugmQ" source="_GC9zgoLBEDqvXsqI7EugmQ" target="_zf8c4oLDEDqvXsqI7EugmQ" relationshipRef="_EySucILEEDqvXsqI7EugmQ">          <bendpoint x="680" y="170"/>          <bendpoint x="680" y="238"/>        </connection>        <connection xsi:type="Relationship" identifier="_GqYRcILEEDqvXsqI7EugmQ" source="_zdIO4YLCEDqvXsqI7EugmQ" target="_ZcuLkYLDEDqvXsqI7EugmQ" relationshipRef="_GqPukILEEDqvXsqI7EugmQ">          <bendpoint x="418" y="283"/>          <bendpoint x="418" y="283"/>        </connection>        <connection xsi:type="Relationship" identifier="_HSjrwILEEDqvXsqI7EugmQ" source="_ZcuLkYLDEDqvXsqI7EugmQ" target="_zf8c4oLDEDqvXsqI7EugmQ" relationshipRef="_HSbv8ILEEDqvXsqI7EugmQ">          <bendpoint x="593" y="283"/>          <bendpoint x="594" y="283"/>        </connection>        <connection xsi:type="Relationship" identifier="_K7ao0ILEEDqvXsqI7EugmQ" source="_ZcuLkYLDEDqvXsqI7EugmQ" target="_IRPhkoLEEDqvXsqI7EugmQ" relationshipRef="_K7TUEILEEDqvXsqI7EugmQ">          <bendpoint x="508" y="340"/>          <bendpoint x="508" y="339"/>        </connection>        <connection xsi:type="Relationship" identifier="_jPZfMILGEDqvXsqI7EugmQ" source="_GC9zgoLBEDqvXsqI7EugmQ" target="_2XJooYLFEDqvXsqI7EugmQ" relationshipRef="_jPPHIILGEDqvXsqI7EugmQ">          <bendpoint x="851" y="170"/>          <bendpoint x="851" y="238"/>        </connection>        <connection xsi:type="Relationship" identifier="_lgvPsILGEDqvXsqI7EugmQ" source="_zf8c4oLDEDqvXsqI7EugmQ" target="_2XJooYLFEDqvXsqI7EugmQ" relationshipRef="_lgmFwILGEDqvXsqI7EugmQ">          <bendpoint x="764" y="283"/>          <bendpoint x="765" y="283"/>        </connection>        <connection xsi:type="Relationship" identifier="_hxLWoIMnEDqvXsqI7EugmQ" source="_2XJooYLFEDqvXsqI7EugmQ" target="_fgHS8YMnEDqvXsqI7EugmQ" relationshipRef="_hxBloIMnEDqvXsqI7EugmQ">          <bendpoint x="850" y="340"/>          <bendpoint x="850" y="339"/>        </connection>        <connection xsi:type="Relationship" identifier="_pUORUIMnEDqvXsqI7EugmQ" source="_kVYzsYLCEDqvXsqI7EugmQ" target="_mljEkIMnEDqvXsqI7EugmQ" relationshipRef="_pUIKsIMnEDqvXsqI7EugmQ">          <bendpoint x="108" y="340"/>          <bendpoint x="108" y="339"/>        </connection>        <connection xsi:type="Relationship" identifier="_JKopQIMoEDqvXsqI7EugmQ" source="_kVYzsYLCEDqvXsqI7EugmQ" target="_Enq0YYMoEDqvXsqI7EugmQ" relationshipRef="_JKffUIMoEDqvXsqI7EugmQ">          <bendpoint x="152" y="391"/>          <bendpoint x="152" y="391"/>        </connection>        <connection xsi:type="Relationship" identifier="_LN3P0IMpEDqvXsqI7EugmQ" source="_AjbtcYMpEDqvXsqI7EugmQ" target="_3wQnooMoEDqvXsqI7EugmQ" relationshipRef="_LNv7EIMpEDqvXsqI7EugmQ">          <bendpoint x="1522" y="199"/>          <bendpoint x="1522" y="238"/>        </connection>        <connection xsi:type="Relationship" identifier="_L0nGwIMpEDqvXsqI7EugmQ" source="_AjbtcYMpEDqvXsqI7EugmQ" target="_86ZxQYMoEDqvXsqI7EugmQ" relationshipRef="_L0kDcIMpEDqvXsqI7EugmQ">          <bendpoint x="1651" y="199"/>          <bendpoint x="1651" y="238"/>        </connection>        <connection xsi:type="Relationship" identifier="_NvL9EIMpEDqvXsqI7EugmQ" source="_AjbtcYMpEDqvXsqI7EugmQ" target="_DfCi8IMpEDqvXsqI7EugmQ" relationshipRef="_NvI5wIMpEDqvXsqI7EugmQ">          <bendpoint x="1784" y="241"/>          <bendpoint x="1784" y="241"/>        </connection>        <connection xsi:type="Relationship" identifier="_ONEy8IMpEDqvXsqI7EugmQ" source="_AjbtcYMpEDqvXsqI7EugmQ" target="__ct9AIMoEDqvXsqI7EugmQ" relationshipRef="_ONAhgIMpEDqvXsqI7EugmQ">          <bendpoint x="1917" y="199"/>          <bendpoint x="1917" y="238"/>        </connection>        <connection xsi:type="Relationship" identifier="_PZaDMIMpEDqvXsqI7EugmQ" source="_AjbtcYMpEDqvXsqI7EugmQ" target="_A-kKQoMpEDqvXsqI7EugmQ" relationshipRef="_PZUjoIMpEDqvXsqI7EugmQ">          <bendpoint x="2053" y="199"/>          <bendpoint x="2053" y="238"/>        </connection>      </view>    </diagrams>  </views></model>
