{"identifier":"https://me.big.tuwien.ac.at/EAModelSet/47233919","archimateId":"47233919","name":"Iterator","description":"","formats":["XML","CSV","JSON","ARCHIMATE"],"source":"GitHub","sourceFile":"raw-data/github/archimate/4_iterator_v1.archimate","sourceFormat":"ARCHIMATE","timestamp":"29-06-2023 09:30:23","tags":[],"duplicates":[],"language":"en","elements":[{"id":"3d74c0be","name":"get iterator from aggregate","type":"ApplicationProcess","layer":"application"},{"id":"39e16f4f","name":"next item in iterator","type":"ApplicationProcess","layer":"application"},{"id":"eddc9a3a","name":"creator","type":"ApplicationComponent","layer":"application"},{"id":"4e17cc0f","name":"create iterator","type":"ApplicationFunction","layer":"application"},{"id":"f37e5d1c","name":"construct algoritm","type":"ApplicationFunction","layer":"application"},{"id":"4d9a4134","name":"step","type":"ApplicationProcess","layer":"application"},{"id":"af0ce369","name":"step","type":"ApplicationProcess","layer":"application"},{"id":"c0482ce5","name":"call fabric","type":"ApplicationProcess","layer":"application"},{"id":"9912acc6","name":"subclass concrete aggregate A","type":"ApplicationComponent","layer":"application"},{"id":"313fd5ef","name":"create iterator","type":"ApplicationFunction","layer":"application"},{"id":"f7864475","name":"create concrete iterator A (this)","type":"ApplicationProcess","layer":"application"},{"id":"41032782","name":"constructor (AGGREGATE)","type":"ApplicationFunction","layer":"application"},{"id":"fc182f7f","name":"next","type":"ApplicationFunction","layer":"application"},{"id":"8683eaec","name":"first","type":"ApplicationFunction","layer":"application"},{"id":"5245d9ca","name":"subclass product concrete iterator A","type":"ApplicationComponent","layer":"application"},{"id":"a840b94a","name":" interface iterator","type":"ApplicationInterface","layer":"application"},{"id":"f5277413","name":"constructor (AGGREGATE)","type":"ApplicationFunction","layer":"application"},{"id":"a00d26b2","name":"first","type":"ApplicationFunction","layer":"application"},{"id":"8df90b12","name":"next","type":"ApplicationFunction","layer":"application"},{"id":"2739bdf6","name":" subclass concrete aggregate B","type":"ApplicationComponent","layer":"application"},{"id":"6cbab361","name":"create iterator","type":"ApplicationFunction","layer":"application"},{"id":"aff5c846","name":"create concrete iterator B","type":"ApplicationProcess","layer":"application"},{"id":"411e9964","name":"constructor (AGGREGATE)","type":"ApplicationFunction","layer":"application"},{"id":"5ec4146f","name":"next","type":"ApplicationFunction","layer":"application"},{"id":"5c92c2f4","name":"first","type":"ApplicationFunction","layer":"application"},{"id":"c3a9d7ce","name":"concrete iterator B","type":"ApplicationComponent","layer":"application"},{"id":"265f513d","name":" interface aggregate","type":"ApplicationInterface","layer":"application"},{"id":"dcc3afe9","name":"return iterator","type":"ApplicationProcess","layer":"application"},{"id":"6ce034fa","name":"return iterator","type":"ApplicationProcess","layer":"application"},{"id":"22423687","name":"return iterator","type":"ApplicationProcess","layer":"application"},{"id":"3df1c490","name":"is Done","type":"ApplicationFunction","layer":"application"},{"id":"3130837a","name":"is Done","type":"ApplicationFunction","layer":"application"},{"id":"4ee812a2","name":"is Done","type":"ApplicationFunction","layer":"application"},{"id":"5da79910","name":"current item","type":"ApplicationFunction","layer":"application"},{"id":"1bbe1ae5","name":"current item","type":"ApplicationFunction","layer":"application"},{"id":"a19b93e1","name":"current item","type":"ApplicationFunction","layer":"application"},{"id":"e4a83c13","name":"Data Object","type":"DataObject","layer":"application"},{"id":"f18a18bd","name":"REF to aggregate","type":"DataObject","layer":"application"},{"id":"9076dac3","name":"current position","type":"DataObject","layer":"application"},{"id":"29724a65","name":"REF to aggregate","type":"DataObject","layer":"application"},{"id":"af2b23f0","name":"set REF=input parameter","type":"ApplicationProcess","layer":"application"},{"id":"9661cd10","name":"set POSITION=0","type":"ApplicationProcess","layer":"application"},{"id":"5ac8cba6","name":"POSITION++","type":"ApplicationProcess","layer":"application"},{"id":"5dc648ed","name":"IF POSITION  >= REF.count return TRUE","type":"ApplicationProcess","layer":"application"},{"id":"ba829b0e","name":"return REF[POSITION]","type":"ApplicationProcess","layer":"application"},{"id":"d785305e","name":"constructor (AGGREGATE)","type":"ApplicationFunction","layer":"application"},{"id":"9ac8fc67","name":"set REF=input parameter","type":"ApplicationProcess","layer":"application"},{"id":"97b22207","name":"next","type":"ApplicationFunction","layer":"application"},{"id":"7aa6fe87","name":"POSITION++","type":"ApplicationProcess","layer":"application"},{"id":"024b800e","name":"first","type":"ApplicationFunction","layer":"application"},{"id":"54b1354b","name":"set POSITION=0","type":"ApplicationProcess","layer":"application"},{"id":"1272e1ab","name":"subclass product  concrete iterator B","type":"ApplicationComponent","layer":"application"},{"id":"1118db4c","name":"is Done","type":"ApplicationFunction","layer":"application"},{"id":"6b3ecb17","name":"IF POSITION  >= REF.count return TRUE","type":"ApplicationProcess","layer":"application"},{"id":"3daaa51c","name":"current item","type":"ApplicationFunction","layer":"application"},{"id":"a112836c","name":"return REF[POSITION]","type":"ApplicationProcess","layer":"application"},{"id":"2ce1aab1","name":"current position","type":"DataObject","layer":"application"},{"id":"9a1b2f27","name":"REF to aggregate","type":"DataObject","layer":"application"},{"id":"875579ab","name":"if not end","type":"ApplicationFunction","layer":"application"},{"id":"ce171db8","name":"some operation on get item","type":"ApplicationProcess","layer":"application"},{"id":"7f7c450f","name":"client","type":"ApplicationComponent","layer":"application"},{"id":"816c1ae9","name":"create iterator A (this) (copy)","type":"ApplicationProcess","layer":"application"}],"relationships":[{"id":"adc5b480","sourceId":"5245d9ca","targetId":"fc182f7f","type":"AssignmentRelationship"},{"id":"76245b56","sourceId":"313fd5ef","targetId":"f7864475","type":"CompositionRelationship"},{"id":"ecc948d3","sourceId":"5245d9ca","targetId":"a840b94a","type":"RealizationRelationship"},{"id":"7720efe6","sourceId":"a00d26b2","targetId":"af0ce369","type":"ServingRelationship"},{"id":"f9cbc684","sourceId":"eddc9a3a","targetId":"4e17cc0f","type":"AssignmentRelationship"},{"id":"e511977a","sourceId":"f37e5d1c","targetId":"4d9a4134","type":"RealizationRelationship"},{"id":"6b1c6d89","sourceId":"9912acc6","targetId":"3d74c0be","type":"ServingRelationship"},{"id":"77d4fc71","sourceId":"2739bdf6","targetId":"eddc9a3a","type":"SpecializationRelationship"},{"id":"e3232b7a","sourceId":"c3a9d7ce","targetId":"411e9964","type":"AssignmentRelationship"},{"id":"503a8ede","sourceId":"4e17cc0f","targetId":"c0482ce5","type":"ServingRelationship"},{"id":"019bc5ea","sourceId":"a840b94a","targetId":"f5277413","type":"AssociationRelationship"},{"id":"9ef468e9","sourceId":"2739bdf6","targetId":"6cbab361","type":"AssignmentRelationship"},{"id":"489570f7","sourceId":"c3a9d7ce","targetId":"aff5c846","type":"ServingRelationship"},{"id":"7668561e","sourceId":"8df90b12","targetId":"4d9a4134","type":"ServingRelationship"},{"id":"05ce8544","sourceId":"c3a9d7ce","targetId":"5c92c2f4","type":"AssignmentRelationship"},{"id":"d045a047","sourceId":"f37e5d1c","targetId":"c0482ce5","type":"CompositionRelationship"},{"id":"dd5452fa","sourceId":"5245d9ca","targetId":"8683eaec","type":"AssignmentRelationship"},{"id":"d218e84b","sourceId":"f37e5d1c","targetId":"39e16f4f","type":"ServingRelationship"},{"id":"c5f6833b","sourceId":"9912acc6","targetId":"eddc9a3a","type":"SpecializationRelationship"},{"id":"f3080808","sourceId":"a840b94a","targetId":"8df90b12","type":"AssociationRelationship"},{"id":"d42717ca","sourceId":"4d9a4134","targetId":"af0ce369","type":"FlowRelationship"},{"id":"0bec52eb","sourceId":"6cbab361","targetId":"aff5c846","type":"CompositionRelationship"},{"id":"68af1099","sourceId":"9912acc6","targetId":"313fd5ef","type":"AssignmentRelationship"},{"id":"742c2184","sourceId":"c0482ce5","targetId":"4d9a4134","type":"FlowRelationship"},{"id":"0dd804cf","sourceId":"5245d9ca","targetId":"41032782","type":"AssignmentRelationship"},{"id":"fdd916b6","sourceId":"f37e5d1c","targetId":"af0ce369","type":"RealizationRelationship"},{"id":"6ec2cb94","sourceId":"c3a9d7ce","targetId":"a840b94a","type":"RealizationRelationship"},{"id":"1406b99e","sourceId":"c3a9d7ce","targetId":"5ec4146f","type":"AssignmentRelationship"},{"id":"9e1e49fd","sourceId":"a840b94a","targetId":"a00d26b2","type":"AssociationRelationship"},{"id":"e7347737","sourceId":"5245d9ca","targetId":"f7864475","type":"ServingRelationship"},{"id":"ada96bd0","sourceId":"eddc9a3a","targetId":"f37e5d1c","type":"AssignmentRelationship"},{"id":"47287201","sourceId":"9912acc6","targetId":"265f513d","type":"RealizationRelationship"},{"id":"e08c7363","sourceId":"2739bdf6","targetId":"265f513d","type":"RealizationRelationship"},{"id":"2f467422","sourceId":"265f513d","targetId":"4e17cc0f","type":"AssociationRelationship"},{"id":"574dcf9c","sourceId":"265f513d","targetId":"f37e5d1c","type":"AssociationRelationship"},{"id":"2de4e321","sourceId":"313fd5ef","targetId":"dcc3afe9","type":"CompositionRelationship"},{"id":"c05a79a5","sourceId":"6cbab361","targetId":"6ce034fa","type":"CompositionRelationship"},{"id":"37991f78","sourceId":"f7864475","targetId":"dcc3afe9","type":"FlowRelationship"},{"id":"b6315259","sourceId":"aff5c846","targetId":"6ce034fa","type":"FlowRelationship"},{"id":"4485c12f","sourceId":"4e17cc0f","targetId":"22423687","type":"CompositionRelationship"},{"id":"457bcd99","sourceId":"a840b94a","targetId":"3df1c490","type":"AssociationRelationship"},{"id":"b93fae20","sourceId":"5245d9ca","targetId":"3130837a","type":"AssignmentRelationship"},{"id":"e13948dd","sourceId":"c3a9d7ce","targetId":"4ee812a2","type":"AssignmentRelationship"},{"id":"724c555e","sourceId":"a840b94a","targetId":"22423687","type":"ServingRelationship"},{"id":"be6aefaa","sourceId":"5245d9ca","targetId":"1bbe1ae5","type":"AssignmentRelationship"},{"id":"c54fb504","sourceId":"c3a9d7ce","targetId":"a19b93e1","type":"AssignmentRelationship"},{"id":"501b7027","sourceId":"a840b94a","targetId":"5da79910","type":"AssociationRelationship"},{"id":"d5fec6e4","sourceId":"41032782","targetId":"f18a18bd","type":"AccessRelationship"},{"id":"d58cc304","sourceId":"f5277413","targetId":"22423687","type":"ServingRelationship"},{"id":"48390a37","sourceId":"f5277413","targetId":"f18a18bd","type":"AccessRelationship"},{"id":"1700ad41","sourceId":"265f513d","targetId":"f18a18bd","type":"AssociationRelationship"},{"id":"04d66a00","sourceId":"41032782","targetId":"af2b23f0","type":"CompositionRelationship"},{"id":"48ab9bfe","sourceId":"8683eaec","targetId":"9661cd10","type":"CompositionRelationship"},{"id":"c544526d","sourceId":"fc182f7f","targetId":"5ac8cba6","type":"CompositionRelationship"},{"id":"e3aa9b00","sourceId":"3130837a","targetId":"5dc648ed","type":"CompositionRelationship"},{"id":"2cf6f93a","sourceId":"1bbe1ae5","targetId":"ba829b0e","type":"CompositionRelationship"},{"id":"52b40476","sourceId":"af2b23f0","targetId":"29724a65","type":"AccessRelationship"},{"id":"0c89b5b9","sourceId":"5ac8cba6","targetId":"9076dac3","type":"AccessRelationship"},{"id":"4d142de5","sourceId":"9661cd10","targetId":"9076dac3","type":"AccessRelationship"},{"id":"b8d0a023","sourceId":"5dc648ed","targetId":"29724a65","type":"AccessRelationship"},{"id":"4d302c21","sourceId":"5dc648ed","targetId":"9076dac3","type":"AccessRelationship"},{"id":"09ffc863","sourceId":"ba829b0e","targetId":"9076dac3","type":"AccessRelationship"},{"id":"7e800b33","sourceId":"ba829b0e","targetId":"29724a65","type":"AccessRelationship"},{"id":"babe76b6","sourceId":"3daaa51c","targetId":"a112836c","type":"CompositionRelationship"},{"id":"143eeee6","sourceId":"024b800e","targetId":"54b1354b","type":"CompositionRelationship"},{"id":"ef2ad925","sourceId":"54b1354b","targetId":"2ce1aab1","type":"AccessRelationship"},{"id":"61bb2cfc","sourceId":"6b3ecb17","targetId":"9a1b2f27","type":"AccessRelationship"},{"id":"c63064fa","sourceId":"6b3ecb17","targetId":"2ce1aab1","type":"AccessRelationship"},{"id":"52fe9774","sourceId":"1272e1ab","targetId":"97b22207","type":"AssignmentRelationship"},{"id":"4debd6fd","sourceId":"9ac8fc67","targetId":"9a1b2f27","type":"AccessRelationship"},{"id":"5c571135","sourceId":"a112836c","targetId":"9a1b2f27","type":"AccessRelationship"},{"id":"5ad30639","sourceId":"1272e1ab","targetId":"d785305e","type":"AssignmentRelationship"},{"id":"fb5101c9","sourceId":"1272e1ab","targetId":"024b800e","type":"AssignmentRelationship"},{"id":"d7399b45","sourceId":"97b22207","targetId":"7aa6fe87","type":"CompositionRelationship"},{"id":"bba0848a","sourceId":"1272e1ab","targetId":"1118db4c","type":"AssignmentRelationship"},{"id":"c048d2f5","sourceId":"1118db4c","targetId":"6b3ecb17","type":"CompositionRelationship"},{"id":"4c25cc45","sourceId":"d785305e","targetId":"9ac8fc67","type":"CompositionRelationship"},{"id":"c5c421d4","sourceId":"7aa6fe87","targetId":"2ce1aab1","type":"AccessRelationship"},{"id":"31994a2b","sourceId":"1272e1ab","targetId":"3daaa51c","type":"AssignmentRelationship"},{"id":"7c37577a","sourceId":"a112836c","targetId":"2ce1aab1","type":"AccessRelationship"},{"id":"0a7d635f","sourceId":"1272e1ab","targetId":"a840b94a","type":"RealizationRelationship"},{"id":"0d6b3906","sourceId":"1272e1ab","targetId":"aff5c846","type":"ServingRelationship"},{"id":"9ed0d63a","sourceId":"22423687","targetId":"3d74c0be","type":"ServingRelationship"},{"id":"b5833744","sourceId":"39e16f4f","targetId":"875579ab","type":"CompositionRelationship"},{"id":"ac1e8ba0","sourceId":"875579ab","targetId":"ce171db8","type":"CompositionRelationship"},{"id":"941c78fa","sourceId":"3d74c0be","targetId":"39e16f4f","type":"FlowRelationship"},{"id":"9ecf8d8a","sourceId":"8df90b12","targetId":"39e16f4f","type":"ServingRelationship"},{"id":"e365a190","sourceId":"3df1c490","targetId":"875579ab","type":"ServingRelationship"},{"id":"c5236a30","sourceId":"5da79910","targetId":"ce171db8","type":"ServingRelationship"},{"id":"4fe46fe5","sourceId":"265f513d","targetId":"7f7c450f","type":"ServingRelationship"},{"id":"3b32c9e5","sourceId":"a840b94a","targetId":"7f7c450f","type":"ServingRelationship"},{"id":"16199de9","sourceId":"5245d9ca","targetId":"313fd5ef","type":"ServingRelationship"},{"id":"888250e5","sourceId":"9912acc6","targetId":"5245d9ca","type":"ServingRelationship"},{"id":"3c8c068c","sourceId":"a840b94a","targetId":"f18a18bd","type":"AccessRelationship"},{"id":"6a3855ba","sourceId":"5245d9ca","targetId":"29724a65","type":"AccessRelationship"},{"id":"16e05a7c","sourceId":"5245d9ca","targetId":"9076dac3","type":"AccessRelationship"},{"id":"d71c8c11","sourceId":"1272e1ab","targetId":"9a1b2f27","type":"AccessRelationship"},{"id":"05a20e82","sourceId":"1272e1ab","targetId":"2ce1aab1","type":"AccessRelationship"},{"id":"469252fc","sourceId":"22423687","targetId":"a840b94a","type":"FlowRelationship"},{"id":"dafdadb1","sourceId":"4e17cc0f","targetId":"816c1ae9","type":"CompositionRelationship"},{"id":"dcbe5edc","sourceId":"f7864475","targetId":"5245d9ca","type":"FlowRelationship"},{"id":"6cdad9d8","sourceId":"aff5c846","targetId":"1272e1ab","type":"FlowRelationship"},{"id":"b6e434f7","sourceId":"8df90b12","targetId":"fc182f7f","type":"FlowRelationship"},{"id":"6c02bbb0","sourceId":"3df1c490","targetId":"3130837a","type":"FlowRelationship"},{"id":"e290626b","sourceId":"5da79910","targetId":"1bbe1ae5","type":"FlowRelationship"}],"views":[{"id":"5b004a8e","name":"iter","viewpoint":""},{"id":"6e7565ec","name":"uml","viewpoint":""}]}