"ID","Type","Name","Documentation","Source","Target","Specialization"
"fa499cad-7f46-4bcb-b9f0-c7df92ab58ca","AccessRelationship","Accesses","","4772186d-4a57-46f3-ba7b-c4ab4ac0b0b7","d9421c96-81ad-42b0-a7e1-ee2e38cf0d0e",""
"6777fe5e-c122-4be8-b455-39dc3311e355","AggregationRelationship","","","dbef24a1-597a-433b-aa0c-36babd20fb70","75138264-69dd-414d-b141-a64a53c7fa93",""
"2f2e104e-1b57-4f53-b75b-e0466e892154","AggregationRelationship","","","dbef24a1-597a-433b-aa0c-36babd20fb70","a48b242e-9cb7-4446-9294-cb013bd88a1f",""
"86175e4e-018b-4eeb-8c9f-fca38f42c275","AggregationRelationship","","","518cc30c-f7e3-478b-b6b6-8bd16eae7d55","ed7386c0-c47c-4ac1-8567-301953828b6e",""
"e20c6854-133d-48f9-af9c-d2c6ab5134bb","AggregationRelationship","","","c1c42b44-4801-4435-82d2-c74248616209","83db111b-c8e9-46de-95d5-560b3018f125",""
"359759ac-c676-4b6c-9040-9ca4aa7256a0","AggregationRelationship","","","3fd0d0fd-5183-48e0-aaa7-d746e2656e5d","036c7ca4-0d0e-408f-8c70-36a0b46ddab1",""
"4f095fc1-d65c-4ac7-8b28-1c143d11457b","AggregationRelationship","","","3fd0d0fd-5183-48e0-aaa7-d746e2656e5d","342a4cfc-d73e-4fd9-95ce-af63196faf63",""
"21e8fccf-4aeb-45bc-af29-1fc25aa7b157","AggregationRelationship","","","57464700-47c0-4fb6-9004-ef190ca45e67","13502aa7-ebe0-4bf8-9178-56c14dc12624",""
"7ea4e955-cb66-4142-9782-de865fe9f150","AggregationRelationship","","","c1c42b44-4801-4435-82d2-c74248616209","53236950-e7f2-405f-8c76-bf00674700d4",""
"ae401587-a791-41e5-932d-02df561e44f5","AggregationRelationship","","","419b8650-e155-4386-9fbe-8c3659a4f88d","fe12ac81-58f9-485d-9ebe-719668662807",""
"04c21140-5ed0-401b-894f-1cb2d6ed6a33","AggregationRelationship","","","3fd0d0fd-5183-48e0-aaa7-d746e2656e5d","1acdf08d-97f7-49ce-913f-00ae661bbd22",""
"89b702eb-fd5f-4deb-8401-eca6ba38a72e","AggregationRelationship","","","3fd0d0fd-5183-48e0-aaa7-d746e2656e5d","368de115-887b-49f2-824c-2bd6a63f8b78",""
"b4b5e2a1-685d-4f80-8b90-a8f34b440094","AggregationRelationship","","","3fd0d0fd-5183-48e0-aaa7-d746e2656e5d","3026e0e6-4bfc-40b6-b719-6f09ee3e69a0",""
"d32d0486-8de2-4a68-9e76-3408d812fc30","AggregationRelationship","","","3fd0d0fd-5183-48e0-aaa7-d746e2656e5d","3c2e60ea-a922-46c7-9e10-574ee84d97a5",""
"4101832a-b3f0-4070-a899-e063bd5b555f","AggregationRelationship","","","861db336-50f4-462e-8373-0702403a36c7","2ddf5826-f4fe-4336-ae50-961382a96bb3",""
"d3020d75-076d-4956-b07f-b7e8fce011e0","AggregationRelationship","","","861db336-50f4-462e-8373-0702403a36c7","9c534ce2-d566-4e02-86ac-0c0d77d277a5",""
"c5a21a9f-a88d-4da5-afdd-9ea31d5ceb9a","AggregationRelationship","","","3fd0d0fd-5183-48e0-aaa7-d746e2656e5d","cc248455-aedd-49fb-aafa-9702c5a57cb5",""
"ce794a8d-e150-489c-a965-9c565e383cb8","AggregationRelationship","","","3fd0d0fd-5183-48e0-aaa7-d746e2656e5d","017ba257-a665-4086-93b9-383a43d9abf9",""
"86717df4-9f32-4c52-9f19-6935eb7650c3","AggregationRelationship","","","57464700-47c0-4fb6-9004-ef190ca45e67","b7140d49-47a5-48c8-acf5-fab1b4f0606e",""
"32d4dfc9-a17c-4b1c-a207-06274f1375b6","AggregationRelationship","","","3fd0d0fd-5183-48e0-aaa7-d746e2656e5d","f63e8be0-db09-4e5f-b9c9-379663a9cda7",""
"adc9e3bc-ddee-41a4-a342-05c64d4643ea","AggregationRelationship","","","dbef24a1-597a-433b-aa0c-36babd20fb70","072d50c3-37b7-437e-8b81-7833042a23c3",""
"83edd759-0d36-4edf-92df-28523d83d7fc","AggregationRelationship","","","419b8650-e155-4386-9fbe-8c3659a4f88d","9f159c5b-456c-40b2-9485-41c03d8351bd",""
"09f1230c-80e6-45f3-be0f-0db1498357a6","AggregationRelationship","","","3fd0d0fd-5183-48e0-aaa7-d746e2656e5d","6018a5a2-95d0-4aa8-a7bb-de3dd027a2f2",""
"7df181b9-3bac-4585-8b31-bf8b835f40ff","AggregationRelationship","","","419b8650-e155-4386-9fbe-8c3659a4f88d","b066b6d6-407e-431d-b30d-ad3e162a64f7",""
"0e5dcc11-cf25-4726-a7c7-840953aecaf4","AssignmentRelationship","","","5ef71001-343b-4c22-b079-a52d69110da1","5a824ee9-f715-4b48-be12-e531c7978ed5",""
"b3ccb7ea-b5a5-440b-8b91-df4587454a7e","AssignmentRelationship","Assigned","","c95fff0d-8163-45f8-b9c3-3f21f075017e","4772186d-4a57-46f3-ba7b-c4ab4ac0b0b7",""
"29c0d1ee-6790-4e52-93eb-a7bd3f4db4d6","AssignmentRelationship","Assigned","","c1c42b44-4801-4435-82d2-c74248616209","c95fff0d-8163-45f8-b9c3-3f21f075017e",""
"2cbe19c4-b50b-4a57-88fd-2c423c4e6360","AssociationRelationship","","","283315dd-fa65-4f6f-b0bb-013b0599409f","f5f9ca5d-8a35-4971-af65-00ced73617c6",""
"db1c2127-be9c-4adb-b806-adb810ef38d8","AssociationRelationship","","","283315dd-fa65-4f6f-b0bb-013b0599409f","20a94f8c-df3b-4981-b12c-7415ceb792f2",""
"9f36cd1a-7302-4ca3-b0b3-fb12b55f507a","AssociationRelationship","","","283315dd-fa65-4f6f-b0bb-013b0599409f","fb4a8d82-7e4b-418f-a7c5-3f0a17543e98",""
"d74148d3-e79a-4406-afef-843116afad9a","AssociationRelationship","","","fe12ac81-58f9-485d-9ebe-719668662807","a2e46ff4-4826-4eaa-b421-dd74ac50876b",""
"d4a9fd9d-b2a5-41d3-8594-f5dfc8b60f3c","AssociationRelationship","","","283315dd-fa65-4f6f-b0bb-013b0599409f","f5455c03-edfc-4ea8-ac05-486e3b61fb76",""
"02cabf27-3f63-485b-a20e-6dc9a81fdb7c","AssociationRelationship","","","fe12ac81-58f9-485d-9ebe-719668662807","85fede06-312f-43af-a1f4-f440618835c8",""
"6a33a3c2-37c8-473c-844f-98c002697766","AssociationRelationship","","","283315dd-fa65-4f6f-b0bb-013b0599409f","27c03f66-6d6f-4910-93a5-b6049e12c466",""
"ab5235e4-895b-471c-ade5-621bb58bd54c","AssociationRelationship","","","283315dd-fa65-4f6f-b0bb-013b0599409f","f6b0e8c6-68e0-411c-952e-1cc55d324b7a",""
"cb1f5ff8-f2ed-488d-b44f-c0e05c40b76b","AssociationRelationship","","","c1565724-3a6d-4680-8baa-96275b064c44","b066b6d6-407e-431d-b30d-ad3e162a64f7",""
"4798affd-f483-4d64-a17a-b17851776a84","AssociationRelationship","Associated","","5a364d99-82f5-4162-9f5f-ff3e59542af5","5f14361d-d299-4f2a-8240-65ee2f1b1cb4",""
"fb1e2389-fa8a-48e1-a117-21adc65e06ad","AssociationRelationship","Associated","","861db336-50f4-462e-8373-0702403a36c7","419b8650-e155-4386-9fbe-8c3659a4f88d",""
"0c53d244-2792-4f95-80d5-aeee7bd9745d","AssociationRelationship","Associated","","1f0e4acf-7170-416e-b5ca-3fa9babc918d","fe12ac81-58f9-485d-9ebe-719668662807",""
"d0cebd15-6a98-45cd-ae73-29ee0a6f6d81","AssociationRelationship","Associated","","fe12ac81-58f9-485d-9ebe-719668662807","20a6f1f3-a402-4f0b-8660-0097af0f1a1a",""
"6c8921ee-a621-4d86-b3c5-5b9d8e671ce5","AssociationRelationship","Associated","","861db336-50f4-462e-8373-0702403a36c7","ea6a4b15-1570-4b7e-9a09-9e2590a0f9d3",""
"fd687e91-cd7b-4507-8ea2-ff0c9c5d115c","AssociationRelationship","Associated","","dbef24a1-597a-433b-aa0c-36babd20fb70","5a364d99-82f5-4162-9f5f-ff3e59542af5",""
"a3c25035-58fd-47c9-b5c7-2410aa245fc4","AssociationRelationship","Associated","","194f459a-11e5-4604-b253-3bf2f782972d","9f159c5b-456c-40b2-9485-41c03d8351bd",""
"e969289d-016f-42a7-a4f4-a9cb02a7f5e5","AssociationRelationship","Associated","","419b8650-e155-4386-9fbe-8c3659a4f88d","dbef24a1-597a-433b-aa0c-36babd20fb70",""
"1871eff2-1d47-482f-b0de-4efe3466f703","AssociationRelationship","Associated","","6ddf8773-898b-43b3-b63a-1453bf2a1fb9","20a6f1f3-a402-4f0b-8660-0097af0f1a1a",""
"da3478b3-5110-4f78-8f65-28dc8e5a13f4","AssociationRelationship","Associated","","5f14361d-d299-4f2a-8240-65ee2f1b1cb4","ea6a4b15-1570-4b7e-9a09-9e2590a0f9d3",""
"92e9a1e6-ea87-4eab-955f-8312e466a598","AssociationRelationship","Associated","","6ddf8773-898b-43b3-b63a-1453bf2a1fb9","b066b6d6-407e-431d-b30d-ad3e162a64f7",""
"6c1ede9f-9609-4af4-abd9-12b334092ea3","CompositionRelationship","","","81563f5e-aaa9-47d8-b36b-9dcfea93bcb3","96a27c1f-cb4c-43f7-8665-461b2788cac2",""
"210f21ea-f3e0-49d3-aa96-674e657ae952","CompositionRelationship","","","81563f5e-aaa9-47d8-b36b-9dcfea93bcb3","8c9e1393-3e08-4fa2-ad38-fc5972f2de42",""
"bea1dbde-3206-4aa4-930c-221ba836ab8f","CompositionRelationship","","","81563f5e-aaa9-47d8-b36b-9dcfea93bcb3","da2ac53e-f72e-462f-8acb-f18c750523b2",""
"17ba3807-dc56-4cb2-8d6d-53a5cb71a87f","CompositionRelationship","","","81563f5e-aaa9-47d8-b36b-9dcfea93bcb3","7225ef56-9c6e-4f47-a262-bce4a28136d6",""
"6b5f7de8-87bb-4dd0-b3c7-941d8a01d15e","CompositionRelationship","Composed","","c95fff0d-8163-45f8-b9c3-3f21f075017e","5ef71001-343b-4c22-b079-a52d69110da1",""
"21ef05cb-eb59-4158-b737-f18f56b3352c","FlowRelationship","","","55b03488-b57b-4ead-afd7-573dde7f7032","a22773d4-cb2e-4880-80dc-6305d68daac5",""
"e2ad8112-db83-4778-8784-a655abefb031","FlowRelationship","","","886bb32d-dc5a-42cb-be61-dc03d9231911","55b03488-b57b-4ead-afd7-573dde7f7032",""
"1687be97-8c50-4318-8bc3-bd0a722128a4","FlowRelationship","","","ef5e72e3-8631-4434-8eff-510e99981018","cdc82eb9-e43b-469e-b5a9-32749b0e4d72",""
"f9d0a049-ac99-439d-b242-5f7143cfc7ef","FlowRelationship","","","a22773d4-cb2e-4880-80dc-6305d68daac5","ef5e72e3-8631-4434-8eff-510e99981018",""
"ab449647-133b-4c14-ac9f-c699a13e2c2a","FlowRelationship","","","55b03488-b57b-4ead-afd7-573dde7f7032","e4276857-5fd3-4d79-bc95-39196e50a5d6",""
"c98dd8a5-88d8-4571-995a-65c522690972","FlowRelationship","","","e4935a5c-ac5b-4848-b819-5900826b2fa4","283315dd-fa65-4f6f-b0bb-013b0599409f",""
"08b30b9c-0eaa-4898-ae62-c50e433c8b92","FlowRelationship","","","737a343d-0f2f-435b-a407-94c79d4d8b6f","886bb32d-dc5a-42cb-be61-dc03d9231911",""
"ce7bdf8b-0255-4988-981c-7ba4b129a736","FlowRelationship","","","283315dd-fa65-4f6f-b0bb-013b0599409f","737a343d-0f2f-435b-a407-94c79d4d8b6f",""
"ad8ce5b7-288f-4955-b587-3275d4580929","FlowRelationship","","","e4276857-5fd3-4d79-bc95-39196e50a5d6","ef5e72e3-8631-4434-8eff-510e99981018",""
"dbfdb26f-46eb-43cc-89b8-5ed660c01601","InfluenceRelationship","","","283315dd-fa65-4f6f-b0bb-013b0599409f","85fede06-312f-43af-a1f4-f440618835c8",""
"34342cbb-f3ba-4692-8fd5-70b42ab40bc2","InfluenceRelationship","","","fe12ac81-58f9-485d-9ebe-719668662807","c5860ba7-c7cf-440c-bb42-7a7f2ced7142",""
"575af573-f673-4c19-8418-49f9fefdcd70","InfluenceRelationship","","","85fede06-312f-43af-a1f4-f440618835c8","f5f9ca5d-8a35-4971-af65-00ced73617c6",""
"d9cff512-1379-4516-8dcb-9f90347535bf","InfluenceRelationship","","","fe12ac81-58f9-485d-9ebe-719668662807","17c23ce9-1990-4651-955a-0aa998dc5ca6",""
"fe6c0c7b-0f1e-4a28-b405-607ef7e12587","InfluenceRelationship","Influences","","9f159c5b-456c-40b2-9485-41c03d8351bd","f63e8be0-db09-4e5f-b9c9-379663a9cda7",""
"077b4645-fda7-45a2-9810-521573aa2e40","InfluenceRelationship","Influences","","b066b6d6-407e-431d-b30d-ad3e162a64f7","3026e0e6-4bfc-40b6-b719-6f09ee3e69a0",""
"924ff8c0-65be-4924-aac3-d6aa5abd0280","InfluenceRelationship","Influences","","fe12ac81-58f9-485d-9ebe-719668662807","3026e0e6-4bfc-40b6-b719-6f09ee3e69a0",""
"58e5b41b-46a0-4528-88f9-5c13b729180e","RealizationRelationship","","","f6b0e8c6-68e0-411c-952e-1cc55d324b7a","329da8ba-3fa9-422b-a1a2-e24d4cf9594e",""
"58abe543-d7c3-42e7-8ec2-11c1f52185c4","RealizationRelationship","","","27c03f66-6d6f-4910-93a5-b6049e12c466","329da8ba-3fa9-422b-a1a2-e24d4cf9594e",""
"39c93acb-f497-4433-80ab-0cb19d7d6d88","RealizationRelationship","","","fb4a8d82-7e4b-418f-a7c5-3f0a17543e98","329da8ba-3fa9-422b-a1a2-e24d4cf9594e",""
"279780fb-519c-4bb2-ab6d-1eefb1f19444","RealizationRelationship","","","f5f9ca5d-8a35-4971-af65-00ced73617c6","329da8ba-3fa9-422b-a1a2-e24d4cf9594e",""
"d1749580-8fa5-47dc-a921-4c7e5773bbc9","RealizationRelationship","","","f5455c03-edfc-4ea8-ac05-486e3b61fb76","329da8ba-3fa9-422b-a1a2-e24d4cf9594e",""
"d39c0761-ba75-40fe-ab26-1782799ffadd","RealizationRelationship","","","20a94f8c-df3b-4981-b12c-7415ceb792f2","329da8ba-3fa9-422b-a1a2-e24d4cf9594e",""
"e8c186ee-8146-4db6-801b-c28ec4d12368","RealizationRelationship","","","57464700-47c0-4fb6-9004-ef190ca45e67","5f14361d-d299-4f2a-8240-65ee2f1b1cb4",""
"7fe57db0-c4c7-42b9-ad9b-505e7d891240","RealizationRelationship","Realizes","","20a6f1f3-a402-4f0b-8660-0097af0f1a1a","c5860ba7-c7cf-440c-bb42-7a7f2ced7142",""
"cff6d1c6-a33b-470b-a82c-fa8d01c16b0e","RealizationRelationship","Realizes","","3fd0d0fd-5183-48e0-aaa7-d746e2656e5d","5f14361d-d299-4f2a-8240-65ee2f1b1cb4",""
"8b4cf31c-0efe-4494-bf76-ed86a14aa88a","RealizationRelationship","Realizes","","57464700-47c0-4fb6-9004-ef190ca45e67","518cc30c-f7e3-478b-b6b6-8bd16eae7d55",""
"36bbda8a-67f4-4a97-a8b1-0b6847125976","RealizationRelationship","Realizes","","4772186d-4a57-46f3-ba7b-c4ab4ac0b0b7","5a824ee9-f715-4b48-be12-e531c7978ed5",""
"49ef096b-bb7c-4f60-a7f7-e4ec7518e251","RealizationRelationship","Realizes","","518cc30c-f7e3-478b-b6b6-8bd16eae7d55","5f14361d-d299-4f2a-8240-65ee2f1b1cb4",""
"8a8879e3-eecd-4c89-967d-5c41b186957c","RealizationRelationship","Realizes","","20a6f1f3-a402-4f0b-8660-0097af0f1a1a","17c23ce9-1990-4651-955a-0aa998dc5ca6",""
"c36e09eb-7116-4ad2-a34c-bfd5eab7d2a3","RealizationRelationship","Realizes","","5f14361d-d299-4f2a-8240-65ee2f1b1cb4","861db336-50f4-462e-8373-0702403a36c7",""
"e06bf27d-a126-40a5-96ba-8f6a676881c9","SpecializationRelationship","Specializes","","3fd0d0fd-5183-48e0-aaa7-d746e2656e5d","57464700-47c0-4fb6-9004-ef190ca45e67",""