{"identifier":"https://me.big.tuwien.ac.at/EAModelSet/_2Y_6IKlUEeqEM7mFKilpXw","archimateId":"_2Y_6IKlUEeqEM7mFKilpXw","name":"UASSISTER1920GENAPKLSANIM1810511053","description":"","formats":["XML","CSV","JSON","ARCHIMATE"],"source":"GenMyModel","sourceFile":"raw-data/genmymodel/_2y_6iklueeqem7mfkilpxw.xml","sourceFormat":"XML","timestamp":"29-06-2023 09:25:42","tags":[],"duplicates":[],"language":"id","elements":[{"id":"_2ZJsy6lUEeqEM7mFKilpXw","name":"Software","type":"SystemSoftware","layer":"technology"},{"id":"_2ZJszalUEeqEM7mFKilpXw","name":"SI Digital Library","type":"ApplicationService","layer":"application"},{"id":"_2ZJsz6lUEeqEM7mFKilpXw","name":"E – Learning","type":"ApplicationService","layer":"application"},{"id":"_2ZJs0alUEeqEM7mFKilpXw","name":"SI Mahasiswa","type":"ApplicationService","layer":"application"},{"id":"_2ZJs06lUEeqEM7mFKilpXw","name":"SI Alumni","type":"ApplicationService","layer":"application"},{"id":"_2ZJs1alUEeqEM7mFKilpXw","name":"SI PPM","type":"ApplicationService","layer":"application"},{"id":"_2ZJs16lUEeqEM7mFKilpXw","name":"SI Akuntansi Keuangan","type":"ApplicationService","layer":"application"},{"id":"_2ZJs2alUEeqEM7mFKilpXw","name":"SI Kepegawaian","type":"ApplicationService","layer":"application"},{"id":"_2ZJs26lUEeqEM7mFKilpXw","name":"SI Inventori","type":"ApplicationService","layer":"application"},{"id":"_2ZJs3alUEeqEM7mFKilpXw","name":"SI Administrasi Umum","type":"ApplicationService","layer":"application"},{"id":"_2ZJs36lUEeqEM7mFKilpXw","name":"SI Unit Bisnis","type":"ApplicationService","layer":"application"},{"id":"_2ZJs4alUEeqEM7mFKilpXw","name":"SI Kerjasama","type":"ApplicationService","layer":"application"},{"id":"_2ZJs46lUEeqEM7mFKilpXw","name":"SI Monitoring Data","type":"ApplicationService","layer":"application"},{"id":"_2ZJs5alUEeqEM7mFKilpXw","name":"SI SATKER","type":"ApplicationService","layer":"application"},{"id":"_2ZJs56lUEeqEM7mFKilpXw","name":"SI Akademik","type":"ApplicationService","layer":"application"},{"id":"_2ZJs6alUEeqEM7mFKilpXw","name":"SI Penmaru","type":"ApplicationService","layer":"application"},{"id":"_2ZJs66lUEeqEM7mFKilpXw","name":"Webapp Penmaru - penmaru","type":"ApplicationComponent","layer":"application"},{"id":"_2ZJs7alUEeqEM7mFKilpXw","name":"DesktopApp Unissys","type":"ApplicationComponent","layer":"application"},{"id":"_2ZJs76lUEeqEM7mFKilpXw","name":"WebApp Mahasiswa - Simawa","type":"ApplicationComponent","layer":"application"},{"id":"_2ZJs8alUEeqEM7mFKilpXw","name":"WebApp Alumni - Tracer","type":"ApplicationComponent","layer":"application"},{"id":"_2ZJs86lUEeqEM7mFKilpXw","name":"Web Moodle 3.0 - Elearning40","type":"ApplicationComponent","layer":"application"},{"id":"_2ZJs9alUEeqEM7mFKilpXw","name":"Web SLIMS - Library","type":"ApplicationComponent","layer":"application"},{"id":"_2ZJs96lUEeqEM7mFKilpXw","name":"WebKepegawaian","type":"ApplicationComponent","layer":"application"},{"id":"_2ZJs-alUEeqEM7mFKilpXw","name":"DesktopApp Akuntansi - Siska","type":"ApplicationComponent","layer":"application"},{"id":"_2ZJs-6lUEeqEM7mFKilpXw","name":"WebApp Litabmas Simlitabmas","type":"ApplicationComponent","layer":"application"},{"id":"_2ZJs_alUEeqEM7mFKilpXw","name":"Websvr Penmaru","type":"Node","layer":"technology"},{"id":"_2ZJs_6lUEeqEM7mFKilpXw","name":"WebBrowser Penmaru","type":"TechnologyService","layer":"technology"},{"id":"_2ZJtAalUEeqEM7mFKilpXw","name":"DesktopApp  Penmaru","type":"ApplicationComponent","layer":"application"},{"id":"_2ZJtA6lUEeqEM7mFKilpXw","name":"Webapp Eprints.org - Repository","type":"ApplicationComponent","layer":"application"},{"id":"_2ZJtBalUEeqEM7mFKilpXw","name":"PC Client Unissys","type":"TechnologyService","layer":"technology"},{"id":"_2ZJtB6lUEeqEM7mFKilpXw","name":"Webapp Dosen - Dosen","type":"ApplicationComponent","layer":"application"},{"id":"_2ZJtCalUEeqEM7mFKilpXw","name":"Webapp Akademik - Akademik","type":"ApplicationComponent","layer":"application"},{"id":"_2ZJtC6lUEeqEM7mFKilpXw","name":"Webapp Mahasiswa - Presma","type":"ApplicationComponent","layer":"application"},{"id":"_2ZJtDalUEeqEM7mFKilpXw","name":"Webapp Persuratan - Etakah","type":"ApplicationComponent","layer":"application"},{"id":"_2ZJtD6lUEeqEM7mFKilpXw","name":"Webapp OJS - Ejournal","type":"ApplicationComponent","layer":"application"},{"id":"_2ZJtEalUEeqEM7mFKilpXw","name":"Webapp OJS - Conference","type":"ApplicationComponent","layer":"application"},{"id":"_2ZJtE6lUEeqEM7mFKilpXw","name":"Webapp OCS - OCS","type":"ApplicationComponent","layer":"application"},{"id":"_2ZJtFalUEeqEM7mFKilpXw","name":"WebBrowser Akademik","type":"TechnologyService","layer":"technology"},{"id":"_2ZJtF6lUEeqEM7mFKilpXw","name":"PC Client Penmaru","type":"TechnologyService","layer":"technology"},{"id":"_2ZJtGalUEeqEM7mFKilpXw","name":"WebBrowser Presma","type":"TechnologyService","layer":"technology"},{"id":"_2ZJtG6lUEeqEM7mFKilpXw","name":"WebBrowser Simawa","type":"TechnologyService","layer":"technology"},{"id":"_2ZJtHalUEeqEM7mFKilpXw","name":"WebBrowser Tracer","type":"TechnologyService","layer":"technology"},{"id":"_2ZJtH6lUEeqEM7mFKilpXw","name":"WebBrowser Elearning40","type":"TechnologyService","layer":"technology"},{"id":"_2ZJtIalUEeqEM7mFKilpXw","name":"WebBrowser Library","type":"TechnologyService","layer":"technology"},{"id":"_2ZJtI6lUEeqEM7mFKilpXw","name":"WebBrowser Repository","type":"TechnologyService","layer":"technology"},{"id":"_2ZJtJalUEeqEM7mFKilpXw","name":"WebBrowser Sevima","type":"TechnologyService","layer":"technology"},{"id":"_2ZJtJ6lUEeqEM7mFKilpXw","name":"WebBrowser Ejournal","type":"TechnologyService","layer":"technology"},{"id":"_2ZJtKalUEeqEM7mFKilpXw","name":"WebBrowser OCS","type":"TechnologyService","layer":"technology"},{"id":"_2ZJtK6lUEeqEM7mFKilpXw","name":"WebBrowser Conference","type":"TechnologyService","layer":"technology"},{"id":"_2ZJtLalUEeqEM7mFKilpXw","name":"PC Siska","type":"TechnologyService","layer":"technology"},{"id":"_2ZJtL6lUEeqEM7mFKilpXw","name":"WebBrowser Etakah","type":"TechnologyService","layer":"technology"},{"id":"_2ZJtMalUEeqEM7mFKilpXw","name":"PHP 6.x","type":"SystemSoftware","layer":"technology"},{"id":"_2ZJtM6lUEeqEM7mFKilpXw","name":"PHP 7.x","type":"SystemSoftware","layer":"technology"},{"id":"_2ZJtNalUEeqEM7mFKilpXw","name":"Postgresql 8.x","type":"SystemSoftware","layer":"technology"},{"id":"_2ZJtN6lUEeqEM7mFKilpXw","name":"Postgresql 6.x","type":"SystemSoftware","layer":"technology"},{"id":"_2ZJtOalUEeqEM7mFKilpXw","name":"DBsvr Unisys","type":"Node","layer":"technology"},{"id":"_2ZKSMalUEeqEM7mFKilpXw","name":"Websvr Kemahasiswaan","type":"Node","layer":"technology"},{"id":"_2ZKSM6lUEeqEM7mFKilpXw","name":"Websvr Akademik","type":"Node","layer":"technology"},{"id":"_2ZKSNalUEeqEM7mFKilpXw","name":"PHP 7.x","type":"SystemSoftware","layer":"technology"},{"id":"_2ZKSN6lUEeqEM7mFKilpXw","name":"Postgresql 6.x","type":"SystemSoftware","layer":"technology"},{"id":"_2ZKSOalUEeqEM7mFKilpXw","name":"Websvr Tracer","type":"Node","layer":"technology"},{"id":"_2ZKSO6lUEeqEM7mFKilpXw","name":"Python 3.x","type":"SystemSoftware","layer":"technology"},{"id":"_2ZKSPalUEeqEM7mFKilpXw","name":"Postgresql 6.x","type":"SystemSoftware","layer":"technology"},{"id":"_2ZKSP6lUEeqEM7mFKilpXw","name":"Websvr Tracer","type":"Node","layer":"technology"},{"id":"_2ZKSQalUEeqEM7mFKilpXw","name":"DBsvr Tracer","type":"Node","layer":"technology"},{"id":"_2ZKSQ6lUEeqEM7mFKilpXw","name":"PHP 7.x","type":"SystemSoftware","layer":"technology"},{"id":"_2ZKSRalUEeqEM7mFKilpXw","name":"Postgresql 9.x","type":"SystemSoftware","layer":"technology"},{"id":"_2ZKSR6lUEeqEM7mFKilpXw","name":"Websvr Tracer","type":"Node","layer":"technology"},{"id":"_2ZKSSalUEeqEM7mFKilpXw","name":"Postgresql 9.x","type":"SystemSoftware","layer":"technology"},{"id":"_2ZKSS6lUEeqEM7mFKilpXw","name":"PHP 7.x","type":"SystemSoftware","layer":"technology"},{"id":"_2ZKSTalUEeqEM7mFKilpXw","name":"Websvr Repository","type":"Node","layer":"technology"},{"id":"_2ZKST6lUEeqEM7mFKilpXw","name":"PHP 7.x","type":"SystemSoftware","layer":"technology"},{"id":"_2ZKSUalUEeqEM7mFKilpXw","name":"Postgresql 9.x","type":"SystemSoftware","layer":"technology"},{"id":"_2ZKSU6lUEeqEM7mFKilpXw","name":"Websvr Repository","type":"Node","layer":"technology"},{"id":"_2ZKSValUEeqEM7mFKilpXw","name":"PHP 7.x","type":"SystemSoftware","layer":"technology"},{"id":"_2ZKSV6lUEeqEM7mFKilpXw","name":"Postgresql 9.x","type":"SystemSoftware","layer":"technology"},{"id":"_2ZKSWalUEeqEM7mFKilpXw","name":"Websvr Ejournal","type":"Node","layer":"technology"},{"id":"_2ZKSW6lUEeqEM7mFKilpXw","name":"PHP 6.x","type":"SystemSoftware","layer":"technology"},{"id":"_2ZKSXalUEeqEM7mFKilpXw","name":"MySQL 8.x","type":"SystemSoftware","layer":"technology"},{"id":"_2ZKSX6lUEeqEM7mFKilpXw","name":"Websvr OCS","type":"Node","layer":"technology"},{"id":"_2ZKSYalUEeqEM7mFKilpXw","name":"PHP 6.x","type":"SystemSoftware","layer":"technology"},{"id":"_2ZKSY6lUEeqEM7mFKilpXw","name":"MySQL 8.x","type":"SystemSoftware","layer":"technology"},{"id":"_2ZKSZalUEeqEM7mFKilpXw","name":"Websvr Conference","type":"Node","layer":"technology"},{"id":"_2ZKSZ6lUEeqEM7mFKilpXw","name":"MySQL 8.x","type":"SystemSoftware","layer":"technology"},{"id":"_2ZKSaalUEeqEM7mFKilpXw","name":"PHP 6.x","type":"SystemSoftware","layer":"technology"},{"id":"_2ZKSa6lUEeqEM7mFKilpXw","name":"DBsvr Siska","type":"Node","layer":"technology"},{"id":"_2ZKSbalUEeqEM7mFKilpXw","name":"Oracle 9.x","type":"SystemSoftware","layer":"technology"},{"id":"_2ZKSb6lUEeqEM7mFKilpXw","name":"Websvr Etakah","type":"Node","layer":"technology"},{"id":"_2ZKScalUEeqEM7mFKilpXw","name":"MySQL 8.x","type":"SystemSoftware","layer":"technology"},{"id":"_2ZKSc6lUEeqEM7mFKilpXw","name":"PHP 6.x","type":"SystemSoftware","layer":"technology"},{"id":"_2ZKSdalUEeqEM7mFKilpXw","name":"Pelaporan Kesiapan Akreditasi Semester","type":"BusinessProcess","layer":"business"},{"id":"_2ZKSd6lUEeqEM7mFKilpXw","name":"Pelaporan Ormawa Semester","type":"BusinessProcess","layer":"business"},{"id":"_2ZKSealUEeqEM7mFKilpXw","name":"Perencanaan Keuangan Bulanan","type":"BusinessProcess","layer":"business"},{"id":"_2ZKSe6lUEeqEM7mFKilpXw","name":"Pelaporan Keuangan Bulanan","type":"BusinessProcess","layer":"business"},{"id":"_2ZKSfalUEeqEM7mFKilpXw","name":"Perencanaan Inovasi Semester","type":"BusinessProcess","layer":"business"},{"id":"_2ZKSf6lUEeqEM7mFKilpXw","name":"Perencanaan Kerjasama Bulanan","type":"BusinessProcess","layer":"business"},{"id":"_2ZKSgalUEeqEM7mFKilpXw","name":"Pelaporan Akademik Bulanan","type":"BusinessProcess","layer":"business"},{"id":"_2ZKSg6lUEeqEM7mFKilpXw","name":"Perencanaan  Ormawa Semester","type":"BusinessProcess","layer":"business"},{"id":"_2ZKShalUEeqEM7mFKilpXw","name":"Perencanaan Akademik Bulanan","type":"BusinessProcess","layer":"business"},{"id":"_2ZKSh6lUEeqEM7mFKilpXw","name":"Perencanaan Kesiapan Akreditasi Semester","type":"BusinessProcess","layer":"business"},{"id":"_2ZKSialUEeqEM7mFKilpXw","name":"Pelaporan Inovasi Semester","type":"BusinessProcess","layer":"business"},{"id":"_2ZKSi6lUEeqEM7mFKilpXw","name":"Pelaporan Kerjasama Bulanan","type":"BusinessProcess","layer":"business"},{"id":"_2ZKSjalUEeqEM7mFKilpXw","name":"Central Authentication 1234567890","type":"ApplicationService","layer":"application"},{"id":"_2ZKSj6lUEeqEM7mFKilpXw","name":"OAuth Server 1234567890","type":"ApplicationComponent","layer":"application"},{"id":"_91vOkIwuEDiHutvYZ8Mr4A","name":"Function","type":"TechnologyFunction","layer":"technology"}],"relationships":[{"id":"_2ZKSkalUEeqEM7mFKilpXw","sourceId":"_2ZJs-alUEeqEM7mFKilpXw","targetId":"_2ZJs16lUEeqEM7mFKilpXw","type":"Realization"},{"id":"_2ZKSk6lUEeqEM7mFKilpXw","sourceId":"_2ZJs9alUEeqEM7mFKilpXw","targetId":"_2ZJszalUEeqEM7mFKilpXw","type":"Realization"},{"id":"_2ZKSlalUEeqEM7mFKilpXw","sourceId":"_2ZJs86lUEeqEM7mFKilpXw","targetId":"_2ZJsz6lUEeqEM7mFKilpXw","type":"Realization"},{"id":"_2ZKSl6lUEeqEM7mFKilpXw","sourceId":"_2ZJs8alUEeqEM7mFKilpXw","targetId":"_2ZJs06lUEeqEM7mFKilpXw","type":"Realization"},{"id":"_2ZKSmalUEeqEM7mFKilpXw","sourceId":"_2ZJs76lUEeqEM7mFKilpXw","targetId":"_2ZJs0alUEeqEM7mFKilpXw","type":"Realization"},{"id":"_2ZKSm6lUEeqEM7mFKilpXw","sourceId":"_2ZJs66lUEeqEM7mFKilpXw","targetId":"_2ZJs6alUEeqEM7mFKilpXw","type":"Realization"},{"id":"_2ZKSnalUEeqEM7mFKilpXw","sourceId":"_2ZJtAalUEeqEM7mFKilpXw","targetId":"_2ZJs6alUEeqEM7mFKilpXw","type":"Realization"},{"id":"_2ZKSn6lUEeqEM7mFKilpXw","sourceId":"_2ZJs-6lUEeqEM7mFKilpXw","targetId":"_2ZJs1alUEeqEM7mFKilpXw","type":"Realization"},{"id":"_2ZKSoalUEeqEM7mFKilpXw","sourceId":"_2ZJs96lUEeqEM7mFKilpXw","targetId":"_2ZJs2alUEeqEM7mFKilpXw","type":"Realization"},{"id":"_2ZKSo6lUEeqEM7mFKilpXw","sourceId":"_2ZJtA6lUEeqEM7mFKilpXw","targetId":"_2ZJszalUEeqEM7mFKilpXw","type":"Realization"},{"id":"_2ZKSpalUEeqEM7mFKilpXw","sourceId":"_2ZJtC6lUEeqEM7mFKilpXw","targetId":"_2ZJs0alUEeqEM7mFKilpXw","type":"Realization"},{"id":"_2ZKSp6lUEeqEM7mFKilpXw","sourceId":"_2ZJtDalUEeqEM7mFKilpXw","targetId":"_2ZJs3alUEeqEM7mFKilpXw","type":"Realization"},{"id":"_2ZKSqalUEeqEM7mFKilpXw","sourceId":"_2ZJtCalUEeqEM7mFKilpXw","targetId":"_2ZJs56lUEeqEM7mFKilpXw","type":"Realization"},{"id":"_2ZKSq6lUEeqEM7mFKilpXw","sourceId":"_2ZJtB6lUEeqEM7mFKilpXw","targetId":"_2ZJs56lUEeqEM7mFKilpXw","type":"Realization"},{"id":"_2ZKSralUEeqEM7mFKilpXw","sourceId":"_2ZJs_6lUEeqEM7mFKilpXw","targetId":"_2ZJs66lUEeqEM7mFKilpXw","type":"Serving"},{"id":"_2ZKSr6lUEeqEM7mFKilpXw","sourceId":"_2ZJtFalUEeqEM7mFKilpXw","targetId":"_2ZJtCalUEeqEM7mFKilpXw","type":"Serving"},{"id":"_2ZKSsalUEeqEM7mFKilpXw","sourceId":"_2ZJtFalUEeqEM7mFKilpXw","targetId":"_2ZJtB6lUEeqEM7mFKilpXw","type":"Serving"},{"id":"_2ZKSs6lUEeqEM7mFKilpXw","sourceId":"_2ZJtG6lUEeqEM7mFKilpXw","targetId":"_2ZJs76lUEeqEM7mFKilpXw","type":"Serving"},{"id":"_2ZKStalUEeqEM7mFKilpXw","sourceId":"_2ZJtGalUEeqEM7mFKilpXw","targetId":"_2ZJtC6lUEeqEM7mFKilpXw","type":"Serving"},{"id":"_2ZKSt6lUEeqEM7mFKilpXw","sourceId":"_2ZJtBalUEeqEM7mFKilpXw","targetId":"_2ZJs7alUEeqEM7mFKilpXw","type":"Serving"},{"id":"_2ZKSualUEeqEM7mFKilpXw","sourceId":"_2ZJtF6lUEeqEM7mFKilpXw","targetId":"_2ZJtAalUEeqEM7mFKilpXw","type":"Serving"},{"id":"_2ZKSu6lUEeqEM7mFKilpXw","sourceId":"_2ZJtH6lUEeqEM7mFKilpXw","targetId":"_2ZJs86lUEeqEM7mFKilpXw","type":"Serving"},{"id":"_2ZKSvalUEeqEM7mFKilpXw","sourceId":"_2ZJtIalUEeqEM7mFKilpXw","targetId":"_2ZJs9alUEeqEM7mFKilpXw","type":"Serving"},{"id":"_2ZKSv6lUEeqEM7mFKilpXw","sourceId":"_2ZJtI6lUEeqEM7mFKilpXw","targetId":"_2ZJtA6lUEeqEM7mFKilpXw","type":"Serving"},{"id":"_2ZKSwalUEeqEM7mFKilpXw","sourceId":"_2ZJtJalUEeqEM7mFKilpXw","targetId":"_2ZJs96lUEeqEM7mFKilpXw","type":"Serving"},{"id":"_2ZKSw6lUEeqEM7mFKilpXw","sourceId":"_2ZJtJalUEeqEM7mFKilpXw","targetId":"_2ZJs-6lUEeqEM7mFKilpXw","type":"Serving"},{"id":"_2ZKSxalUEeqEM7mFKilpXw","sourceId":"_2ZJtLalUEeqEM7mFKilpXw","targetId":"_2ZJs-alUEeqEM7mFKilpXw","type":"Serving"},{"id":"_2ZKSx6lUEeqEM7mFKilpXw","sourceId":"_2ZJtK6lUEeqEM7mFKilpXw","targetId":"_2ZJtEalUEeqEM7mFKilpXw","type":"Serving"},{"id":"_2ZKSyalUEeqEM7mFKilpXw","sourceId":"_2ZJtKalUEeqEM7mFKilpXw","targetId":"_2ZJtE6lUEeqEM7mFKilpXw","type":"Serving"},{"id":"_2ZKSy6lUEeqEM7mFKilpXw","sourceId":"_2ZJtJ6lUEeqEM7mFKilpXw","targetId":"_2ZJtD6lUEeqEM7mFKilpXw","type":"Serving"},{"id":"_2ZKSzalUEeqEM7mFKilpXw","sourceId":"_2ZJtL6lUEeqEM7mFKilpXw","targetId":"_2ZJtDalUEeqEM7mFKilpXw","type":"Serving"},{"id":"_2ZKSz6lUEeqEM7mFKilpXw","sourceId":"_2ZJs_alUEeqEM7mFKilpXw","targetId":"_2ZJtMalUEeqEM7mFKilpXw","type":"Aggregation"},{"id":"_2ZKS0alUEeqEM7mFKilpXw","sourceId":"_2ZJs_alUEeqEM7mFKilpXw","targetId":"_2ZJs_6lUEeqEM7mFKilpXw","type":"Realization"},{"id":"_2ZKS06lUEeqEM7mFKilpXw","sourceId":"_2ZJtOalUEeqEM7mFKilpXw","targetId":"_2ZJtN6lUEeqEM7mFKilpXw","type":"Aggregation"},{"id":"_2ZKS1alUEeqEM7mFKilpXw","sourceId":"_2ZJtOalUEeqEM7mFKilpXw","targetId":"_2ZJtBalUEeqEM7mFKilpXw","type":"Realization"},{"id":"_2ZKS16lUEeqEM7mFKilpXw","sourceId":"_2ZKSM6lUEeqEM7mFKilpXw","targetId":"_2ZJtFalUEeqEM7mFKilpXw","type":"Realization"},{"id":"_2ZKS2alUEeqEM7mFKilpXw","sourceId":"_2ZJtOalUEeqEM7mFKilpXw","targetId":"_2ZKSM6lUEeqEM7mFKilpXw","type":"Serving"},{"id":"_2ZKS26lUEeqEM7mFKilpXw","sourceId":"_2ZKSM6lUEeqEM7mFKilpXw","targetId":"_2ZJtM6lUEeqEM7mFKilpXw","type":"Aggregation"},{"id":"_2ZKS3alUEeqEM7mFKilpXw","sourceId":"_2ZKSMalUEeqEM7mFKilpXw","targetId":"_2ZJtGalUEeqEM7mFKilpXw","type":"Realization"},{"id":"_2ZKS36lUEeqEM7mFKilpXw","sourceId":"_2ZKSMalUEeqEM7mFKilpXw","targetId":"_2ZKSNalUEeqEM7mFKilpXw","type":"Aggregation"},{"id":"_2ZKS4alUEeqEM7mFKilpXw","sourceId":"_2ZJtHalUEeqEM7mFKilpXw","targetId":"_2ZJs8alUEeqEM7mFKilpXw","type":"Serving"},{"id":"_2ZKS46lUEeqEM7mFKilpXw","sourceId":"_2ZKSOalUEeqEM7mFKilpXw","targetId":"_2ZJtHalUEeqEM7mFKilpXw","type":"Realization"},{"id":"_2ZKS5alUEeqEM7mFKilpXw","sourceId":"_2ZKSOalUEeqEM7mFKilpXw","targetId":"_2ZKSO6lUEeqEM7mFKilpXw","type":"Aggregation"},{"id":"_2ZKS56lUEeqEM7mFKilpXw","sourceId":"_2ZKSMalUEeqEM7mFKilpXw","targetId":"_2ZJtG6lUEeqEM7mFKilpXw","type":"Realization"},{"id":"_2ZKS6alUEeqEM7mFKilpXw","sourceId":"_2ZKSQalUEeqEM7mFKilpXw","targetId":"_2ZKSP6lUEeqEM7mFKilpXw","type":"Serving"},{"id":"_2ZKS66lUEeqEM7mFKilpXw","sourceId":"_2ZKSP6lUEeqEM7mFKilpXw","targetId":"_2ZKSQ6lUEeqEM7mFKilpXw","type":"Aggregation"},{"id":"_2ZKS7alUEeqEM7mFKilpXw","sourceId":"_2ZKSQalUEeqEM7mFKilpXw","targetId":"_2ZKSRalUEeqEM7mFKilpXw","type":"Aggregation"},{"id":"_2ZKS76lUEeqEM7mFKilpXw","sourceId":"_2ZKSP6lUEeqEM7mFKilpXw","targetId":"_2ZJtH6lUEeqEM7mFKilpXw","type":"Realization"},{"id":"_2ZKS8alUEeqEM7mFKilpXw","sourceId":"_2ZJs_alUEeqEM7mFKilpXw","targetId":"_2ZJtF6lUEeqEM7mFKilpXw","type":"Realization"},{"id":"_2ZKS86lUEeqEM7mFKilpXw","sourceId":"_2ZJs_alUEeqEM7mFKilpXw","targetId":"_2ZJtNalUEeqEM7mFKilpXw","type":"Aggregation"},{"id":"_2ZKS9alUEeqEM7mFKilpXw","sourceId":"_2ZKSMalUEeqEM7mFKilpXw","targetId":"_2ZKSN6lUEeqEM7mFKilpXw","type":"Aggregation"},{"id":"_2ZKS96lUEeqEM7mFKilpXw","sourceId":"_2ZKSOalUEeqEM7mFKilpXw","targetId":"_2ZKSPalUEeqEM7mFKilpXw","type":"Aggregation"},{"id":"_2ZKS-alUEeqEM7mFKilpXw","sourceId":"_2ZKSR6lUEeqEM7mFKilpXw","targetId":"_2ZJtIalUEeqEM7mFKilpXw","type":"Realization"},{"id":"_2ZKS-6lUEeqEM7mFKilpXw","sourceId":"_2ZKSR6lUEeqEM7mFKilpXw","targetId":"_2ZKSS6lUEeqEM7mFKilpXw","type":"Aggregation"},{"id":"_2ZKS_alUEeqEM7mFKilpXw","sourceId":"_2ZKSR6lUEeqEM7mFKilpXw","targetId":"_2ZKSSalUEeqEM7mFKilpXw","type":"Aggregation"},{"id":"_2ZKS_6lUEeqEM7mFKilpXw","sourceId":"_2ZKSTalUEeqEM7mFKilpXw","targetId":"_2ZKST6lUEeqEM7mFKilpXw","type":"Aggregation"},{"id":"_2ZKTAalUEeqEM7mFKilpXw","sourceId":"_2ZKSTalUEeqEM7mFKilpXw","targetId":"_2ZKSUalUEeqEM7mFKilpXw","type":"Aggregation"},{"id":"_2ZKTA6lUEeqEM7mFKilpXw","sourceId":"_2ZKSTalUEeqEM7mFKilpXw","targetId":"_2ZJtI6lUEeqEM7mFKilpXw","type":"Realization"},{"id":"_2ZKTBalUEeqEM7mFKilpXw","sourceId":"_2ZKSU6lUEeqEM7mFKilpXw","targetId":"_2ZKSValUEeqEM7mFKilpXw","type":"Aggregation"},{"id":"_2ZKTB6lUEeqEM7mFKilpXw","sourceId":"_2ZKSU6lUEeqEM7mFKilpXw","targetId":"_2ZKSV6lUEeqEM7mFKilpXw","type":"Aggregation"},{"id":"_2ZKTCalUEeqEM7mFKilpXw","sourceId":"_2ZKSU6lUEeqEM7mFKilpXw","targetId":"_2ZJtJalUEeqEM7mFKilpXw","type":"Realization"},{"id":"_2ZKTC6lUEeqEM7mFKilpXw","sourceId":"_2ZKSWalUEeqEM7mFKilpXw","targetId":"_2ZKSW6lUEeqEM7mFKilpXw","type":"Aggregation"},{"id":"_2ZKTDalUEeqEM7mFKilpXw","sourceId":"_2ZKSWalUEeqEM7mFKilpXw","targetId":"_2ZKSXalUEeqEM7mFKilpXw","type":"Aggregation"},{"id":"_2ZKTD6lUEeqEM7mFKilpXw","sourceId":"_2ZKSX6lUEeqEM7mFKilpXw","targetId":"_2ZKSYalUEeqEM7mFKilpXw","type":"Aggregation"},{"id":"_2ZKTEalUEeqEM7mFKilpXw","sourceId":"_2ZKSX6lUEeqEM7mFKilpXw","targetId":"_2ZKSY6lUEeqEM7mFKilpXw","type":"Aggregation"},{"id":"_2ZKTE6lUEeqEM7mFKilpXw","sourceId":"_2ZKSZalUEeqEM7mFKilpXw","targetId":"_2ZKSaalUEeqEM7mFKilpXw","type":"Aggregation"},{"id":"_2ZKTFalUEeqEM7mFKilpXw","sourceId":"_2ZKSZalUEeqEM7mFKilpXw","targetId":"_2ZKSZ6lUEeqEM7mFKilpXw","type":"Aggregation"},{"id":"_2ZKTF6lUEeqEM7mFKilpXw","sourceId":"_2ZKSZalUEeqEM7mFKilpXw","targetId":"_2ZJtK6lUEeqEM7mFKilpXw","type":"Realization"},{"id":"_2ZKTGalUEeqEM7mFKilpXw","sourceId":"_2ZKSX6lUEeqEM7mFKilpXw","targetId":"_2ZJtKalUEeqEM7mFKilpXw","type":"Realization"},{"id":"_2ZKTG6lUEeqEM7mFKilpXw","sourceId":"_2ZKSWalUEeqEM7mFKilpXw","targetId":"_2ZJtJ6lUEeqEM7mFKilpXw","type":"Realization"},{"id":"_2ZKTHalUEeqEM7mFKilpXw","sourceId":"_2ZKSa6lUEeqEM7mFKilpXw","targetId":"_2ZKSbalUEeqEM7mFKilpXw","type":"Aggregation"},{"id":"_2ZKTH6lUEeqEM7mFKilpXw","sourceId":"_2ZKSa6lUEeqEM7mFKilpXw","targetId":"_2ZJtLalUEeqEM7mFKilpXw","type":"Realization"},{"id":"_2ZKTIalUEeqEM7mFKilpXw","sourceId":"_2ZJtD6lUEeqEM7mFKilpXw","targetId":"_2ZJs1alUEeqEM7mFKilpXw","type":"Realization"},{"id":"_2ZKTI6lUEeqEM7mFKilpXw","sourceId":"_2ZKSb6lUEeqEM7mFKilpXw","targetId":"_2ZKSc6lUEeqEM7mFKilpXw","type":"Aggregation"},{"id":"_2ZKTJalUEeqEM7mFKilpXw","sourceId":"_2ZKSb6lUEeqEM7mFKilpXw","targetId":"_2ZKScalUEeqEM7mFKilpXw","type":"Aggregation"},{"id":"_2ZKTJ6lUEeqEM7mFKilpXw","sourceId":"_2ZKSb6lUEeqEM7mFKilpXw","targetId":"_2ZJtL6lUEeqEM7mFKilpXw","type":"Realization"},{"id":"_2ZKTKalUEeqEM7mFKilpXw","sourceId":"_2ZJs6alUEeqEM7mFKilpXw","targetId":"_2ZKSdalUEeqEM7mFKilpXw","type":"Serving"},{"id":"_2ZKTK6lUEeqEM7mFKilpXw","sourceId":"_2ZJs56lUEeqEM7mFKilpXw","targetId":"_2ZKSdalUEeqEM7mFKilpXw","type":"Serving"},{"id":"_2ZKTLalUEeqEM7mFKilpXw","sourceId":"_2ZJs0alUEeqEM7mFKilpXw","targetId":"_2ZKSdalUEeqEM7mFKilpXw","type":"Serving"},{"id":"_2ZKTL6lUEeqEM7mFKilpXw","sourceId":"_2ZJs06lUEeqEM7mFKilpXw","targetId":"_2ZKSdalUEeqEM7mFKilpXw","type":"Serving"},{"id":"_2ZKTMalUEeqEM7mFKilpXw","sourceId":"_2ZJsz6lUEeqEM7mFKilpXw","targetId":"_2ZKSdalUEeqEM7mFKilpXw","type":"Serving"},{"id":"_2ZKTM6lUEeqEM7mFKilpXw","sourceId":"_2ZJszalUEeqEM7mFKilpXw","targetId":"_2ZKSdalUEeqEM7mFKilpXw","type":"Serving"},{"id":"_2ZKTNalUEeqEM7mFKilpXw","sourceId":"_2ZJs2alUEeqEM7mFKilpXw","targetId":"_2ZKSdalUEeqEM7mFKilpXw","type":"Serving"},{"id":"_2ZKTN6lUEeqEM7mFKilpXw","sourceId":"_2ZJs1alUEeqEM7mFKilpXw","targetId":"_2ZKSdalUEeqEM7mFKilpXw","type":"Serving"},{"id":"_2ZKTOalUEeqEM7mFKilpXw","sourceId":"_2ZJs16lUEeqEM7mFKilpXw","targetId":"_2ZKSdalUEeqEM7mFKilpXw","type":"Serving"},{"id":"_2ZKTO6lUEeqEM7mFKilpXw","sourceId":"_2ZJs3alUEeqEM7mFKilpXw","targetId":"_2ZKSdalUEeqEM7mFKilpXw","type":"Serving"},{"id":"_2ZKTPalUEeqEM7mFKilpXw","sourceId":"_2ZJs26lUEeqEM7mFKilpXw","targetId":"_2ZKSdalUEeqEM7mFKilpXw","type":"Serving"},{"id":"_2ZKTP6lUEeqEM7mFKilpXw","sourceId":"_2ZJs4alUEeqEM7mFKilpXw","targetId":"_2ZKSdalUEeqEM7mFKilpXw","type":"Serving"},{"id":"_2ZKTQalUEeqEM7mFKilpXw","sourceId":"_2ZJs36lUEeqEM7mFKilpXw","targetId":"_2ZKSdalUEeqEM7mFKilpXw","type":"Serving"},{"id":"_2ZKTQ6lUEeqEM7mFKilpXw","sourceId":"_2ZJtE6lUEeqEM7mFKilpXw","targetId":"_2ZJs1alUEeqEM7mFKilpXw","type":"Realization"},{"id":"_2ZKTRalUEeqEM7mFKilpXw","sourceId":"_2ZJtEalUEeqEM7mFKilpXw","targetId":"_2ZJs1alUEeqEM7mFKilpXw","type":"Realization"},{"id":"_2ZKTR6lUEeqEM7mFKilpXw","sourceId":"_2ZJs46lUEeqEM7mFKilpXw","targetId":"_2ZKSdalUEeqEM7mFKilpXw","type":"Serving"},{"id":"_2ZKTSalUEeqEM7mFKilpXw","sourceId":"_2ZJs5alUEeqEM7mFKilpXw","targetId":"_2ZKSdalUEeqEM7mFKilpXw","type":"Serving"},{"id":"_2ZKTS6lUEeqEM7mFKilpXw","sourceId":"_2ZKSj6lUEeqEM7mFKilpXw","targetId":"_2ZKSjalUEeqEM7mFKilpXw","type":"Realization"},{"id":"_87X-sYuXEDiT8vZ-18VQgA","sourceId":"_2ZKSj6lUEeqEM7mFKilpXw","targetId":"_2ZKSj6lUEeqEM7mFKilpXw","type":"Realization"},{"id":"_-dUSkouXEDiT8vZ-18VQgA","sourceId":"_2ZJtB6lUEeqEM7mFKilpXw","targetId":"_2ZKSj6lUEeqEM7mFKilpXw","type":"Realization"},{"id":"__l-jwouXEDiT8vZ-18VQgA","sourceId":"_2ZJs7alUEeqEM7mFKilpXw","targetId":"_2ZKSj6lUEeqEM7mFKilpXw","type":"Realization"},{"id":"_C-uBM4uYEDiT8vZ-18VQgA","sourceId":"_2ZJtC6lUEeqEM7mFKilpXw","targetId":"_2ZKSj6lUEeqEM7mFKilpXw","type":"Realization"},{"id":"_OtiYwIuYEDiT8vZ-18VQgA","sourceId":"_2ZJs76lUEeqEM7mFKilpXw","targetId":"_2ZKSj6lUEeqEM7mFKilpXw","type":"Realization"},{"id":"_QLXosIuYEDiT8vZ-18VQgA","sourceId":"_2ZJs8alUEeqEM7mFKilpXw","targetId":"_2ZKSj6lUEeqEM7mFKilpXw","type":"Realization"},{"id":"_Uk4moIuYEDiT8vZ-18VQgA","sourceId":"_2ZKSj6lUEeqEM7mFKilpXw","targetId":"_2ZJtB6lUEeqEM7mFKilpXw","type":"Realization"},{"id":"_5FDigIuZEDicE5oekKh3YQ","sourceId":"_2ZKSj6lUEeqEM7mFKilpXw","targetId":"_2ZJs7alUEeqEM7mFKilpXw","type":"Realization"},{"id":"_wPSHUIwrEDiHutvYZ8Mr4A","sourceId":"_2ZKSj6lUEeqEM7mFKilpXw","targetId":"_2ZJs8alUEeqEM7mFKilpXw","type":"Realization"},{"id":"_yovSAIwrEDiHutvYZ8Mr4A","sourceId":"_2ZJs86lUEeqEM7mFKilpXw","targetId":"_2ZKSj6lUEeqEM7mFKilpXw","type":"Realization"},{"id":"_0R190owrEDiHutvYZ8Mr4A","sourceId":"_2ZKSj6lUEeqEM7mFKilpXw","targetId":"_2ZJs86lUEeqEM7mFKilpXw","type":"Realization"},{"id":"_PcwagYwtEDiHutvYZ8Mr4A","sourceId":"_2ZKSh6lUEeqEM7mFKilpXw","targetId":"_2ZKSdalUEeqEM7mFKilpXw","type":"Serving"},{"id":"_YjA0YIwtEDiHutvYZ8Mr4A","sourceId":"_2ZJs3alUEeqEM7mFKilpXw","targetId":"_2ZKSe6lUEeqEM7mFKilpXw","type":"Serving"},{"id":"_aOwkgowtEDiHutvYZ8Mr4A","sourceId":"_2ZKSealUEeqEM7mFKilpXw","targetId":"_2ZKSe6lUEeqEM7mFKilpXw","type":"Triggering"},{"id":"_eFeXYowtEDiHutvYZ8Mr4A","sourceId":"_2ZKShalUEeqEM7mFKilpXw","targetId":"_2ZKSgalUEeqEM7mFKilpXw","type":"Serving"},{"id":"_gAU6gYwtEDiHutvYZ8Mr4A","sourceId":"_2ZKSgalUEeqEM7mFKilpXw","targetId":"_2ZKSdalUEeqEM7mFKilpXw","type":"Serving"},{"id":"_iMiTYYwtEDiHutvYZ8Mr4A","sourceId":"_2ZKSg6lUEeqEM7mFKilpXw","targetId":"_2ZKSd6lUEeqEM7mFKilpXw","type":"Serving"},{"id":"_qsErgIwtEDiHutvYZ8Mr4A","sourceId":"_2ZKSfalUEeqEM7mFKilpXw","targetId":"_2ZKSialUEeqEM7mFKilpXw","type":"Serving"},{"id":"__8YncIwtEDiHutvYZ8Mr4A","sourceId":"_2ZJs1alUEeqEM7mFKilpXw","targetId":"_2ZKSialUEeqEM7mFKilpXw","type":"Serving"},{"id":"_LiP3UIwuEDiHutvYZ8Mr4A","sourceId":"_2ZJs4alUEeqEM7mFKilpXw","targetId":"_2ZKSi6lUEeqEM7mFKilpXw","type":"Serving"},{"id":"_SXAvsYwuEDiHutvYZ8Mr4A","sourceId":"_2ZJs36lUEeqEM7mFKilpXw","targetId":"_2ZKSd6lUEeqEM7mFKilpXw","type":"Serving"},{"id":"__icykIwvEDiHutvYZ8Mr4A","sourceId":"_2ZKSf6lUEeqEM7mFKilpXw","targetId":"_2ZKSi6lUEeqEM7mFKilpXw","type":"Serving"},{"id":"_M1CqAIwwEDiHutvYZ8Mr4A","sourceId":"_2ZJsz6lUEeqEM7mFKilpXw","targetId":"_2ZKSgalUEeqEM7mFKilpXw","type":"Serving"},{"id":"_PrUTkYwwEDiHutvYZ8Mr4A","sourceId":"_2ZJs0alUEeqEM7mFKilpXw","targetId":"_2ZKSgalUEeqEM7mFKilpXw","type":"Serving"}],"views":[{"id":"_2ZIdAKlUEeqEM7mFKilpXw","name":"ApplicationComponents","viewpoint":""},{"id":"_2ZJsx6lUEeqEM7mFKilpXw","name":"Technology","viewpoint":""}]}