<?xml version="1.0" encoding="UTF-8"?>
<model xmlns="http://www.opengroup.org/xsd/archimate/3.0/" xmlns:xsi="http://www.w3.org/2001/XMLSchema-instance" xsi:schemaLocation="http://www.opengroup.org/xsd/archimate/3.0/ http://www.opengroup.org/xsd/archimate/3.1/archimate3_Diagram.xsd" identifier="id-5f935242">
  <name>the same physical entity in different contexts</name>
  <elements>
    <element identifier="id-9acf1739" xsi:type="BusinessObject">
      <name>entity 1A</name>
    </element>
    <element identifier="bbf0a735" xsi:type="BusinessObject">
      <name>entity 1</name>
    </element>
    <element identifier="id-9e2140ae" xsi:type="BusinessObject">
      <name>entity 3</name>
    </element>
    <element identifier="id-3b60ca25" xsi:type="BusinessObject">
      <name>entity 4</name>
    </element>
    <element identifier="b6b27588" xsi:type="BusinessObject">
      <name>entity 5</name>
    </element>
    <element identifier="ed7458b6" xsi:type="BusinessObject">
      <name>entity 6</name>
    </element>
    <element identifier="ef408eed" xsi:type="BusinessObject">
      <name>entity 2 (copy)</name>
    </element>
    <element identifier="id-40fb8b33" xsi:type="BusinessObject">
      <name>entity 1B</name>
    </element>
    <element identifier="id-01a48132" xsi:type="BusinessObject">
      <name>entity 1C</name>
    </element>
    <element identifier="id-9edf54af" xsi:type="DataObject">
      <name>data 1A</name>
    </element>
    <element identifier="c3c90480" xsi:type="DataObject">
      <name>data 1B</name>
    </element>
    <element identifier="id-10ea5dc0" xsi:type="DataObject">
      <name>data 1C</name>
    </element>
    <element identifier="f46044e1" xsi:type="Node">
      <name>database</name>
    </element>
    <element identifier="id-42a6bc85" xsi:type="Node">
      <name>database</name>
    </element>
    <element identifier="b4fde012" xsi:type="Node">
      <name>database</name>
    </element>
    <element identifier="df3a98e0" xsi:type="Meaning">
      <name>meaning 1A</name>
    </element>
    <element identifier="a1a63b02" xsi:type="Meaning">
      <name>meaning 1B</name>
    </element>
    <element identifier="d1ad0eaa" xsi:type="Meaning">
      <name>meaning 1C</name>
    </element>
    <element identifier="id-8782c2a7" xsi:type="Meaning">
      <name>All bounded contexts store the data locally, even though it’s the same data</name>
    </element>
    <element identifier="id-5dee04b1" xsi:type="Outcome">
      <name>to reduce the coupling between contexts</name>
    </element>
    <element identifier="id-4e08efb6" xsi:type="Grouping">
      <name>Bounded context A</name>
    </element>
    <element identifier="id-1dc2f8b6" xsi:type="Grouping">
      <name>aggregate 1A</name>
    </element>
    <element identifier="fcec8adf" xsi:type="Grouping">
      <name>aggregate 1</name>
    </element>
    <element identifier="id-0460fb9a" xsi:type="Grouping">
      <name>Bounded context 2</name>
    </element>
    <element identifier="id-6eca19fd" xsi:type="Grouping">
      <name>aggregate 3</name>
    </element>
    <element identifier="id-578d12d6" xsi:type="Grouping">
      <name>service 1</name>
    </element>
    <element identifier="id-610f7ad3" xsi:type="Grouping">
      <name>Bounded context 3</name>
    </element>
    <element identifier="bbbb2dfb" xsi:type="Grouping">
      <name>aggregate 5</name>
    </element>
    <element identifier="id-0b8e36bb" xsi:type="Grouping">
      <name>Bounded context 4</name>
    </element>
    <element identifier="id-1ecd0f02" xsi:type="Grouping">
      <name>aggregate 6</name>
    </element>
    <element identifier="id-7985eb45" xsi:type="Grouping">
      <name>Module 1</name>
    </element>
    <element identifier="id-4312df64" xsi:type="Grouping">
      <name>Module 2</name>
    </element>
    <element identifier="id-7ec77965" xsi:type="Grouping">
      <name>Module 3</name>
    </element>
    <element identifier="id-0b770bd1" xsi:type="Grouping">
      <name>Module 4</name>
    </element>
    <element identifier="id-403b0d67" xsi:type="Grouping">
      <name>Bounded context 1 (copy)</name>
    </element>
    <element identifier="id-1eafd22d" xsi:type="Grouping">
      <name>Module 1 (copy)</name>
    </element>
    <element identifier="adef6bcb" xsi:type="Grouping">
      <name>aggregate 1 (copy)</name>
    </element>
    <element identifier="id-56a261e6" xsi:type="Grouping">
      <name>Bounded context B</name>
    </element>
    <element identifier="id-14bb6236" xsi:type="Grouping">
      <name>aggregate 1B</name>
    </element>
    <element identifier="id-44c28699" xsi:type="Grouping">
      <name>Bounded context C</name>
    </element>
    <element identifier="b3321988" xsi:type="Grouping">
      <name>aggregate 1C</name>
    </element>
    <element identifier="id-6154d779" xsi:type="Grouping">
      <name>translator A-B</name>
    </element>
    <element identifier="id-007761c4" xsi:type="Grouping">
      <name>translator B-C</name>
    </element>
  </elements>
  <relationships>
    <relationship identifier="id-4820eb83" source="id-0b8e36bb" target="ed7458b6" xsi:type="Composition" />
    <relationship identifier="id-030053d3" source="id-9acf1739" target="id-1dc2f8b6" xsi:type="Association" />
    <relationship identifier="id-9f86e6d1" source="id-0460fb9a" target="id-6eca19fd" xsi:type="Composition" />
    <relationship identifier="id-4e010186" source="b6b27588" target="bbbb2dfb" xsi:type="Association" />
    <relationship identifier="id-33bbf84f" source="id-6eca19fd" target="bbbb2dfb" xsi:type="Association" />
    <relationship identifier="id-8bce5463" source="fcec8adf" target="id-6eca19fd" xsi:type="Association" />
    <relationship identifier="ddb28270" source="id-6eca19fd" target="id-578d12d6" xsi:type="Association" />
    <relationship identifier="id-3d7623bf" source="bbf0a735" target="fcec8adf" xsi:type="Association" />
    <relationship identifier="id-1943735e" source="id-9e2140ae" target="id-9acf1739" xsi:type="Association" />
    <relationship identifier="id-1daf7627" source="ed7458b6" target="id-1ecd0f02" xsi:type="Association" />
    <relationship identifier="id-614364b2" source="id-3b60ca25" target="id-6eca19fd" xsi:type="Association" />
    <relationship identifier="id-81390849" source="id-1dc2f8b6" target="fcec8adf" xsi:type="Association" />
    <relationship identifier="id-9c941571" source="fcec8adf" target="id-578d12d6" xsi:type="Association" />
    <relationship identifier="f9628461" source="id-9e2140ae" target="id-3b60ca25" xsi:type="Association" />
    <relationship identifier="id-6857a647" source="id-610f7ad3" target="b6b27588" xsi:type="Composition" />
    <relationship identifier="id-09849a86" source="id-4e08efb6" target="fcec8adf" xsi:type="Composition" />
    <relationship identifier="id-383a98de" source="id-0460fb9a" target="id-9e2140ae" xsi:type="Composition" />
    <relationship identifier="id-2e072c45" source="id-0460fb9a" target="id-578d12d6" xsi:type="Composition" />
    <relationship identifier="id-17f74ae6" source="id-9e2140ae" target="id-6eca19fd" xsi:type="Association" />
    <relationship identifier="id-508ef168" source="id-4e08efb6" target="id-9acf1739" xsi:type="Composition" />
    <relationship identifier="e144ff4b" source="bbbb2dfb" target="id-1ecd0f02" xsi:type="Association" />
    <relationship identifier="id-7d319d0b" source="b6b27588" target="ed7458b6" xsi:type="Association" />
    <relationship identifier="id-6beee282" source="id-610f7ad3" target="bbbb2dfb" xsi:type="Composition" />
    <relationship identifier="b9ee5911" source="id-0460fb9a" target="id-3b60ca25" xsi:type="Composition" />
    <relationship identifier="cda4ab58" source="id-9e2140ae" target="b6b27588" xsi:type="Association" />
    <relationship identifier="id-2b11f21c" source="id-0b8e36bb" target="id-1ecd0f02" xsi:type="Composition" />
    <relationship identifier="id-70437f57" source="bbf0a735" target="id-9e2140ae" xsi:type="Association" />
    <relationship identifier="id-69cb7c6d" source="id-9acf1739" target="bbf0a735" xsi:type="Specialization" />
    <relationship identifier="id-9f40041a" source="id-403b0d67" target="ef408eed" xsi:type="Composition" />
    <relationship identifier="id-2ebcd794" source="ef408eed" target="adef6bcb" xsi:type="Association" />
    <relationship identifier="id-16c8d43e" source="id-1eafd22d" target="adef6bcb" xsi:type="Composition" />
    <relationship identifier="id-16876b76" source="id-4e08efb6" target="id-1dc2f8b6" xsi:type="Composition" />
    <relationship identifier="id-210b55d0" source="id-56a261e6" target="id-40fb8b33" xsi:type="Composition" />
    <relationship identifier="b0492abd" source="id-56a261e6" target="id-14bb6236" xsi:type="Composition" />
    <relationship identifier="id-375b1226" source="id-40fb8b33" target="id-14bb6236" xsi:type="Association" />
    <relationship identifier="b05f65b0" source="id-44c28699" target="id-01a48132" xsi:type="Composition" />
    <relationship identifier="acd07c90" source="id-44c28699" target="b3321988" xsi:type="Composition" />
    <relationship identifier="id-9054890a" source="id-01a48132" target="b3321988" xsi:type="Association" />
    <relationship identifier="id-3dde8edb" source="id-40fb8b33" target="bbf0a735" xsi:type="Specialization" />
    <relationship identifier="id-12597332" source="id-01a48132" target="bbf0a735" xsi:type="Specialization" />
    <relationship identifier="id-06be0824" source="id-1dc2f8b6" target="id-6154d779" xsi:type="Association" />
    <relationship identifier="id-70d9ca6b" source="id-6154d779" target="id-14bb6236" xsi:type="Association" />
    <relationship identifier="id-823a43be" source="id-14bb6236" target="id-007761c4" xsi:type="Association" />
    <relationship identifier="ca991b84" source="id-007761c4" target="b3321988" xsi:type="Association" />
    <relationship identifier="id-16e7cf78" source="id-4e08efb6" target="df3a98e0" xsi:type="Composition" />
    <relationship identifier="eff62ac2" source="id-56a261e6" target="a1a63b02" xsi:type="Composition" />
    <relationship identifier="bf063510" source="id-44c28699" target="d1ad0eaa" xsi:type="Composition" />
    <relationship identifier="dd6bec5b" source="id-4e08efb6" target="id-9edf54af" xsi:type="Composition" />
    <relationship identifier="b63d0efd" source="id-44c28699" target="id-10ea5dc0" xsi:type="Composition" />
    <relationship identifier="d57844b7" source="id-1dc2f8b6" target="id-9edf54af" xsi:type="Association" />
    <relationship identifier="id-36d99351" source="id-14bb6236" target="c3c90480" xsi:type="Association" />
    <relationship identifier="id-6ae078cf" source="b3321988" target="id-10ea5dc0" xsi:type="Association" />
    <relationship identifier="id-9077f5f9" source="f46044e1" target="id-8782c2a7" xsi:type="Association" />
    <relationship identifier="id-51a09b8f" source="id-42a6bc85" target="id-8782c2a7" xsi:type="Association" />
    <relationship identifier="c30d8323" source="b4fde012" target="id-8782c2a7" xsi:type="Association" />
    <relationship identifier="e5d2bd39" source="id-4e08efb6" target="f46044e1" xsi:type="Composition" />
    <relationship identifier="id-3da11fd0" source="id-56a261e6" target="id-42a6bc85" xsi:type="Composition" />
    <relationship identifier="id-4f8b5cbf" source="id-44c28699" target="b4fde012" xsi:type="Composition" />
    <relationship identifier="bf1dd258" source="id-9edf54af" target="f46044e1" xsi:type="Association" />
    <relationship identifier="id-500b976a" source="c3c90480" target="id-42a6bc85" xsi:type="Association" />
    <relationship identifier="id-3e3ff5ef" source="id-10ea5dc0" target="b4fde012" xsi:type="Association" />
    <relationship identifier="id-5b356cc7" source="id-8782c2a7" target="id-5dee04b1" xsi:type="Influence" />
  </relationships>
  <views>
    <diagrams>
      <view identifier="id-3189cd47" xsi:type="Diagram">
        <name>the same physical entity in different contexts</name>
        <node identifier="fae1c4f1" xsi:type="Label" x="240" y="230" w="355" h="80">
          <label>Example&#xD;
The same physical entity in the problem domain mean different things in different contexts (with its own set of attributes and aspects of behavior).</label>
          <style>
            <fillColor r="255" g="255" b="255" a="100" />
            <lineColor r="92" g="92" b="92" a="100" />
            <font name="Lucida Grande" size="12">
              <color r="255" g="0" b="0" />
            </font>
          </style>
        </node>
        <node identifier="cc740ded" elementRef="id-4e08efb6" xsi:type="Element" x="392" y="350" w="296" h="776">
          <style>
            <fillColor r="247" g="255" b="255" a="100" />
            <lineColor r="92" g="92" b="92" a="100" />
            <font name="Lucida Grande" size="12">
              <color r="255" g="0" b="0" />
            </font>
          </style>
          <node identifier="id-2a5be395" elementRef="id-9acf1739" xsi:type="Element" x="462" y="465" w="160" h="89">
            <style>
              <fillColor r="255" g="255" b="181" a="100" />
              <lineColor r="92" g="92" b="92" a="100" />
              <font name="Lucida Grande" size="12">
                <color r="0" g="0" b="0" />
              </font>
            </style>
            <node identifier="ddf05ab5" elementRef="df3a98e0" xsi:type="Element" x="487" y="495" w="120" h="55">
              <style>
                <fillColor r="204" g="204" b="255" a="100" />
                <lineColor r="92" g="92" b="92" a="100" />
                <font name="Lucida Grande" size="12">
                  <color r="0" g="0" b="0" />
                </font>
              </style>
            </node>
          </node>
          <node identifier="id-77aa427c" elementRef="id-1dc2f8b6" xsi:type="Element" x="462" y="655" w="160" h="89">
            <style>
              <fillColor r="255" g="255" b="255" a="100" />
              <lineColor r="92" g="92" b="92" a="100" />
              <font name="Lucida Grande" size="12">
                <color r="0" g="0" b="0" />
              </font>
            </style>
          </node>
          <node identifier="id-76b73f74" elementRef="id-9edf54af" xsi:type="Element" x="482" y="855" w="120" h="55">
            <style>
              <fillColor r="181" g="255" b="255" a="100" />
              <lineColor r="92" g="92" b="92" a="100" />
              <font name="Lucida Grande" size="12">
                <color r="0" g="0" b="0" />
              </font>
            </style>
          </node>
          <node identifier="id-31535a80" elementRef="f46044e1" xsi:type="Element" x="482" y="1030" w="120" h="55">
            <style>
              <fillColor r="201" g="231" b="183" a="100" />
              <lineColor r="92" g="92" b="92" a="100" />
              <font name="Lucida Grande" size="12">
                <color r="0" g="0" b="0" />
              </font>
            </style>
          </node>
        </node>
        <node identifier="c9dd4e04" elementRef="bbf0a735" xsi:type="Element" x="945" y="160" w="160" h="89">
          <style>
            <fillColor r="255" g="255" b="181" a="100" />
            <lineColor r="92" g="92" b="92" a="100" />
            <font name="Lucida Grande" size="12">
              <color r="0" g="0" b="0" />
            </font>
          </style>
        </node>
        <node identifier="a4786d1c" elementRef="id-56a261e6" xsi:type="Element" x="890" y="350" w="296" h="776">
          <style>
            <fillColor r="247" g="255" b="255" a="100" />
            <lineColor r="92" g="92" b="92" a="100" />
            <font name="Lucida Grande" size="12">
              <color r="255" g="0" b="0" />
            </font>
          </style>
          <node identifier="c16497c3" elementRef="id-40fb8b33" xsi:type="Element" x="960" y="465" w="160" h="89">
            <style>
              <fillColor r="255" g="255" b="181" a="100" />
              <lineColor r="92" g="92" b="92" a="100" />
              <font name="Lucida Grande" size="12">
                <color r="0" g="0" b="0" />
              </font>
            </style>
            <node identifier="id-87429c88" elementRef="a1a63b02" xsi:type="Element" x="980" y="495" w="120" h="55">
              <style>
                <fillColor r="204" g="204" b="255" a="100" />
                <lineColor r="92" g="92" b="92" a="100" />
                <font name="Lucida Grande" size="12">
                  <color r="0" g="0" b="0" />
                </font>
              </style>
            </node>
          </node>
          <node identifier="de673486" elementRef="id-14bb6236" xsi:type="Element" x="960" y="655" w="160" h="89">
            <style>
              <fillColor r="255" g="255" b="255" a="100" />
              <lineColor r="92" g="92" b="92" a="100" />
              <font name="Lucida Grande" size="12">
                <color r="0" g="0" b="0" />
              </font>
            </style>
          </node>
          <node identifier="id-2115f630" elementRef="c3c90480" xsi:type="Element" x="982" y="857" w="120" h="55">
            <style>
              <fillColor r="181" g="255" b="255" a="100" />
              <lineColor r="92" g="92" b="92" a="100" />
              <font name="Lucida Grande" size="12">
                <color r="0" g="0" b="0" />
              </font>
            </style>
          </node>
          <node identifier="b42051a0" elementRef="id-42a6bc85" xsi:type="Element" x="982" y="1030" w="120" h="55">
            <style>
              <fillColor r="201" g="231" b="183" a="100" />
              <lineColor r="92" g="92" b="92" a="100" />
              <font name="Lucida Grande" size="12">
                <color r="0" g="0" b="0" />
              </font>
            </style>
          </node>
        </node>
        <node identifier="id-333801b8" elementRef="id-44c28699" xsi:type="Element" x="1375" y="350" w="296" h="776">
          <style>
            <fillColor r="247" g="255" b="255" a="100" />
            <lineColor r="92" g="92" b="92" a="100" />
            <font name="Lucida Grande" size="12">
              <color r="255" g="0" b="0" />
            </font>
          </style>
          <node identifier="id-63b93578" elementRef="id-01a48132" xsi:type="Element" x="1445" y="465" w="160" h="89">
            <style>
              <fillColor r="255" g="255" b="181" a="100" />
              <lineColor r="92" g="92" b="92" a="100" />
              <font name="Lucida Grande" size="12">
                <color r="0" g="0" b="0" />
              </font>
            </style>
            <node identifier="fdfa8ab4" elementRef="d1ad0eaa" xsi:type="Element" x="1470" y="495" w="120" h="55">
              <style>
                <fillColor r="204" g="204" b="255" a="100" />
                <lineColor r="92" g="92" b="92" a="100" />
                <font name="Lucida Grande" size="12">
                  <color r="0" g="0" b="0" />
                </font>
              </style>
            </node>
          </node>
          <node identifier="id-12b23d58" elementRef="b3321988" xsi:type="Element" x="1445" y="655" w="160" h="89">
            <style>
              <fillColor r="255" g="255" b="255" a="100" />
              <lineColor r="92" g="92" b="92" a="100" />
              <font name="Lucida Grande" size="12">
                <color r="0" g="0" b="0" />
              </font>
            </style>
          </node>
          <node identifier="id-4d4dc3ca" elementRef="id-10ea5dc0" xsi:type="Element" x="1470" y="870" w="120" h="55">
            <style>
              <fillColor r="181" g="255" b="255" a="100" />
              <lineColor r="92" g="92" b="92" a="100" />
              <font name="Lucida Grande" size="12">
                <color r="0" g="0" b="0" />
              </font>
            </style>
          </node>
          <node identifier="id-1d2ea5a3" elementRef="b4fde012" xsi:type="Element" x="1465" y="1035" w="120" h="55">
            <style>
              <fillColor r="201" g="231" b="183" a="100" />
              <lineColor r="92" g="92" b="92" a="100" />
              <font name="Lucida Grande" size="12">
                <color r="0" g="0" b="0" />
              </font>
            </style>
          </node>
        </node>
        <node identifier="a824617e" elementRef="id-6154d779" xsi:type="Element" x="710" y="660" w="160" h="89">
          <style>
            <fillColor r="255" g="255" b="255" a="100" />
            <lineColor r="92" g="92" b="92" a="100" />
            <font name="Lucida Grande" size="12">
              <color r="0" g="0" b="0" />
            </font>
          </style>
        </node>
        <node identifier="id-45fa361d" elementRef="id-007761c4" xsi:type="Element" x="1200" y="660" w="160" h="89">
          <style>
            <fillColor r="255" g="255" b="255" a="100" />
            <lineColor r="92" g="92" b="92" a="100" />
            <font name="Lucida Grande" size="12">
              <color r="0" g="0" b="0" />
            </font>
          </style>
        </node>
        <node identifier="id-5c2325d4" elementRef="id-8782c2a7" xsi:type="Element" x="956" y="1275" w="160" h="89">
          <style>
            <fillColor r="204" g="204" b="255" a="100" />
            <lineColor r="92" g="92" b="92" a="100" />
            <font name="Lucida Grande" size="12">
              <color r="0" g="0" b="0" />
            </font>
          </style>
        </node>
        <node identifier="d0629d96" elementRef="id-5dee04b1" xsi:type="Element" x="956" y="1435" w="160" h="89">
          <style>
            <fillColor r="204" g="204" b="255" a="100" />
            <lineColor r="92" g="92" b="92" a="100" />
            <font name="Lucida Grande" size="12">
              <color r="0" g="0" b="0" />
            </font>
          </style>
        </node>
        <connection identifier="cc0dba99" relationshipRef="id-030053d3" xsi:type="Relationship" source="id-2a5be395" target="id-77aa427c">
          <style>
            <lineColor r="192" g="192" b="192" />
            <font name="Lucida Grande" size="12">
              <color r="0" g="0" b="0" />
            </font>
          </style>
        </connection>
        <connection identifier="d0536d43" relationshipRef="id-69cb7c6d" xsi:type="Relationship" source="id-2a5be395" target="c9dd4e04">
          <style>
            <lineColor r="0" g="0" b="0" />
            <font name="Lucida Grande" size="12">
              <color r="0" g="0" b="0" />
            </font>
          </style>
        </connection>
        <connection identifier="ff6f54ac" relationshipRef="id-06be0824" xsi:type="Relationship" source="id-77aa427c" target="a824617e">
          <style>
            <lineColor r="0" g="0" b="0" />
            <font name="Lucida Grande" size="12">
              <color r="0" g="0" b="0" />
            </font>
          </style>
        </connection>
        <connection identifier="f333926b" relationshipRef="d57844b7" xsi:type="Relationship" source="id-77aa427c" target="id-76b73f74">
          <style>
            <lineColor r="192" g="192" b="192" />
            <font name="Lucida Grande" size="12">
              <color r="0" g="0" b="0" />
            </font>
          </style>
        </connection>
        <connection identifier="id-8893e40b" relationshipRef="bf1dd258" xsi:type="Relationship" source="id-76b73f74" target="id-31535a80">
          <style>
            <lineColor r="192" g="192" b="192" />
            <font name="Lucida Grande" size="12">
              <color r="0" g="0" b="0" />
            </font>
          </style>
        </connection>
        <connection identifier="id-05c660f8" relationshipRef="id-9077f5f9" xsi:type="Relationship" source="id-31535a80" target="id-5c2325d4">
          <style>
            <lineColor r="0" g="0" b="0" />
            <font name="Lucida Grande" size="12">
              <color r="0" g="0" b="0" />
            </font>
          </style>
        </connection>
        <connection identifier="id-21695a3e" relationshipRef="id-375b1226" xsi:type="Relationship" source="c16497c3" target="de673486">
          <style>
            <lineColor r="192" g="192" b="192" />
            <font name="Lucida Grande" size="12">
              <color r="0" g="0" b="0" />
            </font>
          </style>
        </connection>
        <connection identifier="id-9697d7b5" relationshipRef="id-3dde8edb" xsi:type="Relationship" source="c16497c3" target="c9dd4e04">
          <style>
            <lineColor r="0" g="0" b="0" />
            <font name="Lucida Grande" size="12">
              <color r="0" g="0" b="0" />
            </font>
          </style>
        </connection>
        <connection identifier="id-665b6a37" relationshipRef="id-823a43be" xsi:type="Relationship" source="de673486" target="id-45fa361d">
          <style>
            <lineColor r="0" g="0" b="0" />
            <font name="Lucida Grande" size="12">
              <color r="0" g="0" b="0" />
            </font>
          </style>
        </connection>
        <connection identifier="id-6ab6f503" relationshipRef="id-36d99351" xsi:type="Relationship" source="de673486" target="id-2115f630">
          <style>
            <lineColor r="192" g="192" b="192" />
            <font name="Lucida Grande" size="12">
              <color r="0" g="0" b="0" />
            </font>
          </style>
        </connection>
        <connection identifier="e80bb487" relationshipRef="id-500b976a" xsi:type="Relationship" source="id-2115f630" target="b42051a0">
          <style>
            <lineColor r="192" g="192" b="192" />
            <font name="Lucida Grande" size="12">
              <color r="0" g="0" b="0" />
            </font>
          </style>
        </connection>
        <connection identifier="dcb5bd92" relationshipRef="id-51a09b8f" xsi:type="Relationship" source="b42051a0" target="id-5c2325d4">
          <style>
            <lineColor r="0" g="0" b="0" />
            <font name="Lucida Grande" size="12">
              <color r="0" g="0" b="0" />
            </font>
          </style>
        </connection>
        <connection identifier="id-182dfb89" relationshipRef="id-9054890a" xsi:type="Relationship" source="id-63b93578" target="id-12b23d58">
          <style>
            <lineColor r="192" g="192" b="192" />
            <font name="Lucida Grande" size="12">
              <color r="0" g="0" b="0" />
            </font>
          </style>
        </connection>
        <connection identifier="ceda8fb5" relationshipRef="id-12597332" xsi:type="Relationship" source="id-63b93578" target="c9dd4e04">
          <style>
            <lineColor r="0" g="0" b="0" />
            <font name="Lucida Grande" size="12">
              <color r="0" g="0" b="0" />
            </font>
          </style>
        </connection>
        <connection identifier="id-90cf96c8" relationshipRef="id-6ae078cf" xsi:type="Relationship" source="id-12b23d58" target="id-4d4dc3ca">
          <style>
            <lineColor r="192" g="192" b="192" />
            <font name="Lucida Grande" size="12">
              <color r="0" g="0" b="0" />
            </font>
          </style>
        </connection>
        <connection identifier="id-1348bfcb" relationshipRef="id-3e3ff5ef" xsi:type="Relationship" source="id-4d4dc3ca" target="id-1d2ea5a3">
          <style>
            <lineColor r="192" g="192" b="192" />
            <font name="Lucida Grande" size="12">
              <color r="0" g="0" b="0" />
            </font>
          </style>
        </connection>
        <connection identifier="id-71c61f55" relationshipRef="c30d8323" xsi:type="Relationship" source="id-1d2ea5a3" target="id-5c2325d4">
          <style>
            <lineColor r="0" g="0" b="0" />
            <font name="Lucida Grande" size="12">
              <color r="0" g="0" b="0" />
            </font>
          </style>
        </connection>
        <connection identifier="e3408dee" relationshipRef="id-70d9ca6b" xsi:type="Relationship" source="a824617e" target="de673486">
          <style>
            <lineColor r="0" g="0" b="0" />
            <font name="Lucida Grande" size="12">
              <color r="0" g="0" b="0" />
            </font>
          </style>
        </connection>
        <connection identifier="id-701f788c" relationshipRef="ca991b84" xsi:type="Relationship" source="id-45fa361d" target="id-12b23d58">
          <style>
            <lineColor r="0" g="0" b="0" />
            <font name="Lucida Grande" size="12">
              <color r="0" g="0" b="0" />
            </font>
          </style>
        </connection>
        <connection identifier="b27b3bbe" relationshipRef="id-5b356cc7" xsi:type="Relationship" source="id-5c2325d4" target="d0629d96">
          <style>
            <lineColor r="0" g="0" b="0" />
            <font name="Lucida Grande" size="12">
              <color r="0" g="0" b="0" />
            </font>
          </style>
        </connection>
      </view>
    </diagrams>
  </views>
</model>
