{"identifier":"https://me.big.tuwien.ac.at/EAModelSet/_oNnyMKCSEey6N7ehWr0kcg","archimateId":"_oNnyMKCSEey6N7ehWr0kcg","name":"AiRo Tech Solutions Inc.","description":"","formats":["XML","CSV","JSON","ARCHIMATE"],"source":"GenMyModel","repository":"","license":"","sourceFile":"raw-data/genmymodel/_onnymkcseey6n7ehwr0kcg.xml","sourceFormat":"XML","timestamp":"2023-07-06T10:01:17","tags":[],"duplicates":[],"language":"en","elements":[{"id":"_BdZ9oILBEDqvXsqI7EugmQ","name":"President/CEO","type":"BusinessActor","layer":"business"},{"id":"_GC9zgILBEDqvXsqI7EugmQ","name":"CTO","type":"BusinessActor","layer":"business"},{"id":"_IFHRcILBEDqvXsqI7EugmQ","name":"COO","type":"BusinessActor","layer":"business"},{"id":"_kVYMoILCEDqvXsqI7EugmQ","name":"Product Development/Project Manager","type":"BusinessActor","layer":"business"},{"id":"_zdHn0ILCEDqvXsqI7EugmQ","name":"Infrastructure Engineer","type":"BusinessActor","layer":"business"},{"id":"_ZctkgILDEDqvXsqI7EugmQ","name":"Sr. WP developer/architect","type":"BusinessActor","layer":"business"},{"id":"_zf8c4ILDEDqvXsqI7EugmQ","name":"Sr. Blockchain developer","type":"BusinessActor","layer":"business"},{"id":"_IRPhkILEEDqvXsqI7EugmQ","name":"UI/UX designer","type":"BusinessActor","layer":"business"},{"id":"_NWI-0ILEEDqvXsqI7EugmQ","name":"Sr. backend developer","type":"BusinessActor","layer":"business"},{"id":"_2XJBkILFEDqvXsqI7EugmQ","name":"Sr. hybrid mobile developer","type":"BusinessActor","layer":"business"},{"id":"_d8CIIILGEDqvXsqI7EugmQ","name":"Sr. frontend developer","type":"BusinessActor","layer":"business"},{"id":"_fgGr4IMnEDqvXsqI7EugmQ","name":"full stack developers","type":"BusinessActor","layer":"business"},{"id":"_mlidgIMnEDqvXsqI7EugmQ","name":"QA/ Testers","type":"BusinessActor","layer":"business"},{"id":"_EnqNUIMoEDqvXsqI7EugmQ","name":"Solutions Analyst","type":"BusinessActor","layer":"business"},{"id":"_3wQnoIMoEDqvXsqI7EugmQ","name":"human resources","type":"BusinessActor","layer":"business"},{"id":"_86ZKMIMoEDqvXsqI7EugmQ","name":"compliance","type":"BusinessActor","layer":"business"},{"id":"__ctV8IMoEDqvXsqI7EugmQ","name":"accounting & finance","type":"BusinessActor","layer":"business"},{"id":"_AjbGYIMpEDqvXsqI7EugmQ","name":"COO","type":"BusinessActor","layer":"business"},{"id":"_A-kKQIMpEDqvXsqI7EugmQ","name":"legal","type":"BusinessActor","layer":"business"},{"id":"_DfB74IMpEDqvXsqI7EugmQ","name":"business development","type":"BusinessActor","layer":"business"}],"relationships":[{"id":"_LNv7EIMpEDqvXsqI7EugmQ","sourceId":"_AjbGYIMpEDqvXsqI7EugmQ","targetId":"_3wQnoIMoEDqvXsqI7EugmQ","type":"Flow"},{"id":"_L0kDcIMpEDqvXsqI7EugmQ","sourceId":"_AjbGYIMpEDqvXsqI7EugmQ","targetId":"_86ZKMIMoEDqvXsqI7EugmQ","type":"Flow"},{"id":"_NvI5wIMpEDqvXsqI7EugmQ","sourceId":"_AjbGYIMpEDqvXsqI7EugmQ","targetId":"_DfB74IMpEDqvXsqI7EugmQ","type":"Flow"},{"id":"_ONAhgIMpEDqvXsqI7EugmQ","sourceId":"_AjbGYIMpEDqvXsqI7EugmQ","targetId":"__ctV8IMoEDqvXsqI7EugmQ","type":"Flow"},{"id":"_PZUjoIMpEDqvXsqI7EugmQ","sourceId":"_AjbGYIMpEDqvXsqI7EugmQ","targetId":"_A-kKQIMpEDqvXsqI7EugmQ","type":"Flow"},{"id":"_JIchQILCEDqvXsqI7EugmQ","sourceId":"_BdZ9oILBEDqvXsqI7EugmQ","targetId":"_IFHRcILBEDqvXsqI7EugmQ","type":"Flow"},{"id":"_Jy3XQILCEDqvXsqI7EugmQ","sourceId":"_BdZ9oILBEDqvXsqI7EugmQ","targetId":"_GC9zgILBEDqvXsqI7EugmQ","type":"Flow"},{"id":"_VN2XYILDEDqvXsqI7EugmQ","sourceId":"_GC9zgILBEDqvXsqI7EugmQ","targetId":"_kVYMoILCEDqvXsqI7EugmQ","type":"Flow"},{"id":"_XeEtkILDEDqvXsqI7EugmQ","sourceId":"_GC9zgILBEDqvXsqI7EugmQ","targetId":"_zdHn0ILCEDqvXsqI7EugmQ","type":"Flow"},{"id":"_YijpYILDEDqvXsqI7EugmQ","sourceId":"_kVYMoILCEDqvXsqI7EugmQ","targetId":"_zdHn0ILCEDqvXsqI7EugmQ","type":"Association"},{"id":"_yYdQYILDEDqvXsqI7EugmQ","sourceId":"_GC9zgILBEDqvXsqI7EugmQ","targetId":"_ZctkgILDEDqvXsqI7EugmQ","type":"Flow"},{"id":"_EySucILEEDqvXsqI7EugmQ","sourceId":"_GC9zgILBEDqvXsqI7EugmQ","targetId":"_zf8c4ILDEDqvXsqI7EugmQ","type":"Flow"},{"id":"_GqPukILEEDqvXsqI7EugmQ","sourceId":"_zdHn0ILCEDqvXsqI7EugmQ","targetId":"_ZctkgILDEDqvXsqI7EugmQ","type":"Association"},{"id":"_HSbv8ILEEDqvXsqI7EugmQ","sourceId":"_ZctkgILDEDqvXsqI7EugmQ","targetId":"_zf8c4ILDEDqvXsqI7EugmQ","type":"Association"},{"id":"_K7TUEILEEDqvXsqI7EugmQ","sourceId":"_ZctkgILDEDqvXsqI7EugmQ","targetId":"_IRPhkILEEDqvXsqI7EugmQ","type":"Flow"},{"id":"_jPPHIILGEDqvXsqI7EugmQ","sourceId":"_GC9zgILBEDqvXsqI7EugmQ","targetId":"_2XJBkILFEDqvXsqI7EugmQ","type":"Flow"},{"id":"_lgmFwILGEDqvXsqI7EugmQ","sourceId":"_zf8c4ILDEDqvXsqI7EugmQ","targetId":"_2XJBkILFEDqvXsqI7EugmQ","type":"Association"},{"id":"_hxBloIMnEDqvXsqI7EugmQ","sourceId":"_2XJBkILFEDqvXsqI7EugmQ","targetId":"_fgGr4IMnEDqvXsqI7EugmQ","type":"Flow"},{"id":"_pUIKsIMnEDqvXsqI7EugmQ","sourceId":"_kVYMoILCEDqvXsqI7EugmQ","targetId":"_mlidgIMnEDqvXsqI7EugmQ","type":"Flow"},{"id":"_JKffUIMoEDqvXsqI7EugmQ","sourceId":"_kVYMoILCEDqvXsqI7EugmQ","targetId":"_EnqNUIMoEDqvXsqI7EugmQ","type":"Flow"}],"views":[{"id":"_oNnyM6CSEey6N7ehWr0kcg","name":"archimate-diagram","viewpoint":""}]}