"ID","Type","Name","Documentation","Source","Target","Specialization"
"bd383ccf-ec89-4483-8ed5-7dc3e8c5c997","AccessRelationship","","","c509333c-6eca-4177-98d1-005d49d02ae4","32e6523c-997c-4aa8-a32c-79db22edd35f",""
"f6e22f10-96c9-429b-be3e-dfe04e5abc4c","AccessRelationship","","","69031ec9-ecf2-4fd5-9993-9ef25ded9433","fd94d1a4-c9c6-4127-b90d-aa06018cb45b",""
"556c9456-be8a-4b94-a115-d041c7bb186e","AccessRelationship","","","cb39b778-fe92-4398-9f19-aa012c83006c","e8b6075a-3ec6-4d6c-8cdc-97ca71bf71a2",""
"a5ee2e0f-2aa1-4782-afb8-95f4e5260781","AccessRelationship","","","4a978318-677b-46b2-bea1-adf5e821fcd4","1ed9fa32-5675-405d-a9c1-bb5b5b206856",""
"89df9550-83b0-4199-9543-65945f64d971","AccessRelationship","","","abe0f2b4-3d82-405e-96f9-0d18d0225299","17c20007-e1d4-4cfd-b83b-62fd51bd790c",""
"c4e4204a-052a-4e54-a5b9-3822a8f9d661","AccessRelationship","","","926752af-fe20-41bb-a0cd-3416c538722c","719c9c43-23e6-4909-890b-bb9fc5c00984",""
"1df4ea52-445b-47ce-9a64-9aa633188ce4","AccessRelationship","","","068653c5-b739-485d-a48f-a46348ccd64e","a1aa06bd-cfc4-445b-9ce7-ec866ae4b71f",""
"9555e054-ad00-41c3-b755-e8a257ef935c","AccessRelationship","","","3a581744-30a5-4b9c-a037-dba0459e65e4","49fb9b31-2e7a-4c6a-ade6-1fff8ec5d13f",""
"0047b7ba-652f-49d9-8d22-4fdb1a6112b5","AccessRelationship","","","068653c5-b739-485d-a48f-a46348ccd64e","7538b318-c1df-437e-a355-9646dfa1063f",""
"8a86135a-5196-4a02-a7e2-959dcae99121","AccessRelationship","","","a1524166-1076-4b5e-ad0a-aee927926f91","49fb9b31-2e7a-4c6a-ade6-1fff8ec5d13f",""
"e562adaf-736d-489f-a29a-89906cf675ba","AccessRelationship","","","69031ec9-ecf2-4fd5-9993-9ef25ded9433","b3739529-122b-49af-8c11-e70142de0511",""
"5807100d-8213-4d65-afa9-139a1e2f85c1","AccessRelationship","","","a1524166-1076-4b5e-ad0a-aee927926f91","b3943df2-48bc-4c29-a065-4028bb80f28d",""
"b9428916-e32e-4515-a3e4-2e55844f356b","AccessRelationship","","","a1524166-1076-4b5e-ad0a-aee927926f91","ab36f6ff-aef8-4fed-bb4c-d46bb6c16834",""
"d8408aca-4fa3-4475-895f-4709fcd9f8fd","AccessRelationship","","","69031ec9-ecf2-4fd5-9993-9ef25ded9433","bbf98d20-588a-4d44-8917-5c96dde72952",""
"be698888-f269-4c31-8263-7261ed7ad568","AccessRelationship","","","52206ec1-2f6b-4a69-9379-1d22010b243f","48969d52-c1d5-4296-8b56-334dbd1c17bb",""
"2be83b93-ddac-4031-9100-82707be7e6c6","AccessRelationship","","","f3ae2096-b0f5-493a-85a2-8f7fb38669bc","d2d6fe06-fe0b-4ff6-85ce-73f4a0c3bb21",""
"6924f4ce-1369-40bb-ac3e-91f4327a510a","AccessRelationship","","","f802b9ba-c39f-42b3-a2f9-e450050f5de3","1ed9fa32-5675-405d-a9c1-bb5b5b206856",""
"7d9dace8-a7e9-43ab-b9e7-48899e30dfba","AccessRelationship","","","52206ec1-2f6b-4a69-9379-1d22010b243f","d57aa81f-83d1-4855-8a00-2b54e54ca3f6",""
"943a7ace-1847-4344-9db4-fbcd1246f828","AccessRelationship","","","a6e3d074-5085-49c2-ba4b-1b86fba796f5","c45f89bc-4e27-46a8-ae63-31e7c49297b8",""
"db395578-98c4-41b3-8c10-92bd83ca7367","AccessRelationship","","","882c8c26-581a-482a-a891-b438dd6100c7","5e939ae4-b625-43ef-85cb-e61b0490973c",""
"caf8a01c-1a49-4b12-9b13-64c756aeb9a4","AccessRelationship","","","812dcace-8662-4d7f-a865-4a1c8ec95c33","573a485b-4877-4289-a255-94e9416d25ee",""
"8da44515-5912-4466-bd8a-ab86902e189c","AccessRelationship","","","0acfb329-c2cc-4e52-8778-567d9e657921","a45faf86-d49a-4ec0-ac9d-dc3d3ad22924",""
"666938ef-441a-4e7c-9401-9daf997459a6","AccessRelationship","","","abe0f2b4-3d82-405e-96f9-0d18d0225299","45130499-13e2-42bc-abf0-e7554f451ff2",""
"aba01b01-a530-438a-8aeb-31db244aa8f2","AccessRelationship","","","3e31d8a3-eb8f-4e96-a6ea-425ff3a8453d","fecff2c6-7fca-4b1f-8292-2d0a28753058",""
"d51d89b3-53df-4d0c-8079-891652bd02d2","AccessRelationship","","","bd7940b4-3744-49aa-a3db-392ccda85951","1ed9fa32-5675-405d-a9c1-bb5b5b206856",""
"1d2a71e0-1206-4e9f-bac3-5312cca0826b","AccessRelationship","","","b4cd65d0-d8f9-4c0d-b2d4-a40a89a7f70a","573a485b-4877-4289-a255-94e9416d25ee",""
"047a3ffd-6ec9-4a99-bdbd-e863e29105d2","AccessRelationship","","","51f37791-9f37-42e6-8721-ecb8e739c8e1","0520ef25-bb0e-4b3d-a1b3-847c8a6defeb",""
"36ce4431-376f-40a9-b5ae-dc3dd375ed60","AccessRelationship","","","601540d1-c25d-409f-9895-4d0663da6ef5","f181ebe4-a86a-42f2-ad78-d7c047ef12c3",""
"feb28540-6fb8-486d-9928-0fcadcf4d915","AccessRelationship","","","1732b7a2-953d-4cb2-aa97-2d1913bc720a","bc6c46ef-c329-49ce-839c-b6b3eb702edb",""
"20a5d6d9-afad-4ad0-abf5-8e86d263f0de","AccessRelationship","","","37ec56a9-e680-407a-8a30-662b368e10d6","c45f89bc-4e27-46a8-ae63-31e7c49297b8",""
"1c799a5d-0c04-41cc-a927-c92412e74b27","AccessRelationship","","","77e3a9a2-f8a4-429f-a651-2ed23fb13139","2f603bef-1e6c-4f8b-bdca-3c5f8f44eb72",""
"4c3a0cfc-0d9d-49e9-8665-5784868534d9","AccessRelationship","","","d9556d3e-7e4c-40a6-83a1-b4d59b6c2276","1ed9fa32-5675-405d-a9c1-bb5b5b206856",""
"45e54f18-d746-47f1-aa27-903fc15de181","AccessRelationship","","","7c8a6049-35c5-44a6-8cb9-e43fdd96382c","d21cba55-cbce-4f95-b8f2-27a6a224191b",""
"7bfa508b-2f1c-410f-bd51-9fd752e72548","AccessRelationship","","","77e3a9a2-f8a4-429f-a651-2ed23fb13139","28156b50-6692-4f9a-86d7-33bb7fe80fb6",""
"f378abb0-ced2-4b05-9dac-46ab0a0080d7","AccessRelationship","","","f9f5ede4-d7e7-42d9-94e5-7d3b1246bc16","c49c6c3e-3eb9-4c1b-8bf3-92f9de17a70c",""
"0fe9e343-7348-44f8-aa7a-04606ed26394","AccessRelationship","","","3a581744-30a5-4b9c-a037-dba0459e65e4","ab36f6ff-aef8-4fed-bb4c-d46bb6c16834",""
"3cccaf6e-74ff-43d1-9660-ead1104a5688","AccessRelationship","","","449825a6-10e5-4ce9-8c05-1f38b5383d1f","bbf98d20-588a-4d44-8917-5c96dde72952",""
"382d3968-484c-43a0-ba0f-0b43425ad9a2","AccessRelationship","","","f5c2b5f8-cfcb-4e19-8c08-05575fe30152","286637ae-fecf-4868-9c35-3443515030e4",""
"194cec2a-ab29-4438-aa72-f1b3e7eedfd1","AccessRelationship","","","d360d867-0f73-4fd2-b812-87a3cea4d9ff","1ed9fa32-5675-405d-a9c1-bb5b5b206856",""
"e420db4b-efbe-4e65-a4b5-43567cc97a32","AccessRelationship","","","0ad47a27-ff49-45ec-b8f2-307b0b430dd1","8989d6f5-81ac-4333-8d1f-305c2d68926f",""
"cf6e85e9-f0b7-40e2-a53a-21daf2961d75","AccessRelationship","","","1323a158-7099-431f-b95d-5f06dd9e07bb","48969d52-c1d5-4296-8b56-334dbd1c17bb",""
"ccba1ef1-eba6-46b4-bd24-6c8a28853f72","AccessRelationship","","","0ad47a27-ff49-45ec-b8f2-307b0b430dd1","f6b6d046-2fd4-4426-9697-d81784f495eb",""
"5659389b-b666-4b85-81a4-bde74bd8c084","AccessRelationship","","","6b113142-7a63-47c9-954b-f15ac438046d","d21cba55-cbce-4f95-b8f2-27a6a224191b",""
"a1ac2c29-eb56-4884-9ef9-4b7cb5fa615d","AccessRelationship","","","4611a019-5d9b-4d32-bfac-68c2849e8655","f181ebe4-a86a-42f2-ad78-d7c047ef12c3",""
"9ce7bfe6-7f70-4e5f-b8fd-a2cb9acf40d9","AccessRelationship","Pull","","068653c5-b739-485d-a48f-a46348ccd64e","2f603bef-1e6c-4f8b-bdca-3c5f8f44eb72",""
"2225f2e3-bf2d-4282-8911-24d15eb7560e","AccessRelationship","Pull","","77e3a9a2-f8a4-429f-a651-2ed23fb13139","f6b6d046-2fd4-4426-9697-d81784f495eb",""
"7d727c1b-4878-428b-9ce6-46713db64334","AccessRelationship","Push","","77e3a9a2-f8a4-429f-a651-2ed23fb13139","8989d6f5-81ac-4333-8d1f-305c2d68926f",""
"af252282-f77a-46e5-a869-b50aa5934a9f","AccessRelationship","Push","","068653c5-b739-485d-a48f-a46348ccd64e","28156b50-6692-4f9a-86d7-33bb7fe80fb6",""
"57cd617d-b81c-476f-a70a-88d32f45966c","AggregationRelationship","","","ab1c0d14-c5ef-426f-b180-ad58e1e490a0","5d420fa6-2414-4b56-98b7-371454140b22",""
"463074cc-8db2-4ac4-898c-597753d13e40","AggregationRelationship","","","8a0a2f3b-8ede-463c-96b4-064c29c035b3","1920f4bd-6225-41f0-bfa2-7cafedd8d6df",""
"295f8e88-80b5-44ac-a90f-a71cb0a34bc5","AggregationRelationship","","","c8088619-6f2a-4eaf-b6a5-6ebd483588b0","8c60d13e-ae35-42b6-8c00-c1df57015c36",""
"c1609019-a978-48c9-a5a7-3250b4054af3","AggregationRelationship","","","663a3011-bbc9-40e0-a787-862307137088","7e7f8571-d895-42b4-b9dc-63aa22e3483e",""
"00f6488c-3e6e-42e7-ad20-d22162504f45","AggregationRelationship","","","5ebd12c6-6b9b-4b40-9b79-5bb7392cf206","84f1e2b4-1680-44dc-8ccf-537022774c88",""
"b9d2c532-2d0e-4058-a158-559759055d40","AggregationRelationship","","","09badc13-f351-4146-bf84-c5cababf2f38","f802b9ba-c39f-42b3-a2f9-e450050f5de3",""
"ff298c42-d652-4a69-a692-ee9ebb5019f7","AggregationRelationship","","","ec312f0a-ff2d-46bf-bebc-4797ff2c6b78","ab764eb8-6465-4b46-ae90-941169412829",""
"fd7e091b-0bcb-43fe-b2b2-0cccb10cef49","AggregationRelationship","","","a1b7edb1-88a4-45e2-81ad-ce90d3a1af66","e7698648-565d-4f59-bb12-7a3b6a13a263",""
"2d04a874-faed-435a-8c16-1589985fa414","AggregationRelationship","","","cca02dd6-98bc-490d-b955-246765063d99","2f67996d-2841-4c79-8145-7d0526445443",""
"4eaf511b-8b69-4d69-9a63-2051f3911c0f","AggregationRelationship","","","c8088619-6f2a-4eaf-b6a5-6ebd483588b0","a8fb755b-faf2-4d62-8be2-dfacd8642347",""
"6c254d16-b1a3-4588-83af-f5f60a4cb315","AggregationRelationship","","","41d97fdc-4620-43c8-a495-35ed77512e5e","27886c41-acbb-41f2-88ee-5368d2e2de72",""
"4c98adc4-b56c-4345-950c-57b1936ed7c2","AggregationRelationship","","","663a3011-bbc9-40e0-a787-862307137088","7086a9bb-cf8a-44e1-af1b-eb312a955059",""
"dffd47db-ffa8-4e4c-b147-ae12a97ca9ce","AggregationRelationship","","","ec312f0a-ff2d-46bf-bebc-4797ff2c6b78","616664e1-844d-47c7-9abc-3ba2c6748dd4",""
"0c4468fd-a6cf-4790-8284-372f8deae29c","AggregationRelationship","","","81ca9578-c335-451c-b3ed-b58fcd06bad8","812dcace-8662-4d7f-a865-4a1c8ec95c33",""
"112424af-6215-44a0-82e3-959cdad5dac1","AggregationRelationship","","","41d97fdc-4620-43c8-a495-35ed77512e5e","f802b9ba-c39f-42b3-a2f9-e450050f5de3",""
"6cf07f32-aadb-420f-9a5b-bdc7b65b7841","AggregationRelationship","","","41d97fdc-4620-43c8-a495-35ed77512e5e","d360d867-0f73-4fd2-b812-87a3cea4d9ff",""
"b708dcfb-9435-4f6e-9b67-aa3a044d8790","AggregationRelationship","","","8a0a2f3b-8ede-463c-96b4-064c29c035b3","0b467128-ce0f-4ce7-a4f3-eb270d9b739e",""
"485813c4-ca45-4e17-91a8-fa476ae39ede","AggregationRelationship","","","ab1c0d14-c5ef-426f-b180-ad58e1e490a0","1483a31d-f827-4a71-a628-2d61ddf28f4a",""
"c2301596-51bc-4594-b79f-0c39fa4869bc","AggregationRelationship","","","ab1c0d14-c5ef-426f-b180-ad58e1e490a0","ce217885-5f92-4864-afea-be6eb5de2303",""
"4f717aaf-1da9-403f-ac3c-7aa3a3691ec3","AggregationRelationship","","","663a3011-bbc9-40e0-a787-862307137088","dfe7917d-e240-4e9d-ae5c-8d31d1c32396",""
"c64abe34-b86d-4adf-93f3-3ac45af3674a","AggregationRelationship","","","41d97fdc-4620-43c8-a495-35ed77512e5e","09badc13-f351-4146-bf84-c5cababf2f38",""
"138cb6e6-f5cc-44d2-961f-3201b5162bab","AggregationRelationship","","","ec312f0a-ff2d-46bf-bebc-4797ff2c6b78","a4973568-774d-4d2f-b56c-c40797b0c478",""
"777b2151-e1c9-4fb8-ba74-6994e616fec6","AggregationRelationship","","","81ca9578-c335-451c-b3ed-b58fcd06bad8","28c0c9c5-2723-4fa6-a846-7ab00321e9d8",""
"d712f956-0ecd-4716-b409-acc1517c058d","AggregationRelationship","","","cca02dd6-98bc-490d-b955-246765063d99","1a532254-2af2-4557-8e33-1d4de58f160f",""
"8d091571-025f-432c-805f-1250d0c72e49","AggregationRelationship","","","cca02dd6-98bc-490d-b955-246765063d99","fbcdf7da-63a5-4023-8d29-95f1fd7d4827",""
"484e57c5-7a2c-4e22-a6ec-0b53088055b5","AggregationRelationship","","","ec312f0a-ff2d-46bf-bebc-4797ff2c6b78","6a781d4b-2bf4-459b-b7fa-2e9a86ba1ef7",""
"6fc3ed16-f7c9-4b03-97e6-042158aef04a","AggregationRelationship","","","81ca9578-c335-451c-b3ed-b58fcd06bad8","60a2470c-56a4-4535-ab9e-c943e140d313",""
"cb36d9dc-1585-48c2-9fc7-963e846b75b6","AggregationRelationship","","","663a3011-bbc9-40e0-a787-862307137088","bd719515-8de9-4fc9-95d8-1e429305baf6",""
"49046d80-4adf-4834-922b-5ef5da8ad9e9","AggregationRelationship","","","5ebd12c6-6b9b-4b40-9b79-5bb7392cf206","a0e4c2d8-a18c-48b7-b7a8-00e81c401dda",""
"69047dbf-a6e7-4d9c-ba0f-c9b80352dd54","AggregationRelationship","","","5ebd12c6-6b9b-4b40-9b79-5bb7392cf206","583bb584-6d13-4f3b-9961-4a2540c9db2c",""
"9e444127-cb07-48d2-8fcf-c7f99963eb73","AggregationRelationship","","","5ebd12c6-6b9b-4b40-9b79-5bb7392cf206","4a978318-677b-46b2-bea1-adf5e821fcd4",""
"9ab26ff8-bd19-484b-9655-a406bc21107b","AggregationRelationship","","","41d97fdc-4620-43c8-a495-35ed77512e5e","d9556d3e-7e4c-40a6-83a1-b4d59b6c2276",""
"78ed5b3a-e50e-4f1f-b39d-4255a8c74893","AggregationRelationship","","","75388415-c806-4156-a398-e94fcd4c1f90","c03e7e9b-9dd3-4fad-b986-c0e5448b6bc1",""
"83fb61d3-89d4-40a7-abba-8b2494ba07c3","AggregationRelationship","","","09badc13-f351-4146-bf84-c5cababf2f38","d9556d3e-7e4c-40a6-83a1-b4d59b6c2276",""
"a8dcdf1c-83e4-4a0c-9588-4541c2491058","AggregationRelationship","","","41d97fdc-4620-43c8-a495-35ed77512e5e","7d96309a-475b-4be0-a3d2-57df9b3e0390",""
"a8c27a6e-7389-4f7f-8699-2185fd53fd61","AggregationRelationship","","","097baf07-12f8-443e-808b-5921fd8711ff","f8b3eb4d-127f-4403-8278-bc7e9097f88e",""
"85799a01-d42d-40ea-aa0e-d329a95ca849","AggregationRelationship","","","41d97fdc-4620-43c8-a495-35ed77512e5e","e3f7275c-4fe8-4533-8094-4e51a97e8d6f",""
"c94d7945-ab20-4d46-a4b2-f1e7b33b8e71","AggregationRelationship","","","cca02dd6-98bc-490d-b955-246765063d99","461cd174-5f33-4e1c-977e-e189e97040f5",""
"8f954dbc-60a6-4fa8-a842-b6af2923d922","AggregationRelationship","","","663a3011-bbc9-40e0-a787-862307137088","52adc898-eeaf-40f2-ba2c-06e3c17adfc4",""
"5ddd5264-e1fc-4efc-8876-c9d1bde1793d","AggregationRelationship","","","41d97fdc-4620-43c8-a495-35ed77512e5e","2bccac5b-6772-4a09-a692-0380f1332dec",""
"2ad308e4-3c51-4ebf-a599-b40f0b680718","AggregationRelationship","","","663a3011-bbc9-40e0-a787-862307137088","44d79306-be79-48dd-805f-8a2115450899",""
"50052f9c-5e2d-4db1-b4ba-329f0aba933e","AggregationRelationship","","","cca02dd6-98bc-490d-b955-246765063d99","78d347ff-40ac-467f-b2df-bde5d2eaef03",""
"8e5b8331-df23-4b62-9bd2-04e359d4d422","AggregationRelationship","","","81ca9578-c335-451c-b3ed-b58fcd06bad8","529be9ae-58e1-419b-b7df-ad072bba8d2a",""
"02b37306-2c3e-4dd9-a671-7d7483fff8e5","AggregationRelationship","","","cca02dd6-98bc-490d-b955-246765063d99","14bad75f-9145-4d40-b45e-d86607ee4032",""
"605688b3-f62d-456d-86cf-9615691c545c","AggregationRelationship","","","ec312f0a-ff2d-46bf-bebc-4797ff2c6b78","c4790b02-03d0-495f-b349-78ac9d38c1ce",""
"5a6ca891-5022-4951-a78c-02c5312a8d9c","AggregationRelationship","","","c8088619-6f2a-4eaf-b6a5-6ebd483588b0","23b19265-8251-4e5d-95e6-b28aa9e94acc",""
"ff7a37a3-e257-46ab-a627-ff043cc78e81","AggregationRelationship","","","cca02dd6-98bc-490d-b955-246765063d99","a0f4ebb2-5cbc-4d43-be70-b94dacffb2f6",""
"89d62111-49d1-4efe-bdb9-dca347c367b8","AggregationRelationship","","","127f4eb0-393a-4980-a61b-5c9fcca5d93f","f8415ef9-ca3f-4fde-a0c5-2f957f93f23c",""
"4585504d-a6d0-45d7-82cd-1b74b298bc0c","AggregationRelationship","","","ec312f0a-ff2d-46bf-bebc-4797ff2c6b78","3df8bc7d-1233-44d5-bcd0-a3d6ebbedb42",""
"92ffaa8e-6de2-4e76-a693-eedc2c35e21b","AssignmentRelationship","","","c6233b6f-c807-4a60-b55f-7e37ff12d2b6","869ac5b0-6d03-431f-9b95-e5aed2d23c00",""
"d4965873-09dd-4ee4-b7ca-405e6986e331","AssignmentRelationship","","","49ad9364-4645-4cf2-babc-cdeeb6d5f79b","fa3ae290-4168-48b5-9fe6-1a9f8211c47f",""
"4c21e4e0-64d3-4a2c-9738-8afcdba83668","AssignmentRelationship","","","ab3c331c-f7c4-4a05-b23c-580f1fac1b36","926752af-fe20-41bb-a0cd-3416c538722c",""
"63fc3367-63c2-49cb-aafb-b0ef6e967a7d","AssignmentRelationship","","","52609cd1-871d-4430-91d6-122bd9a120d3","615e46b9-14a7-4b7e-a843-6a7c755255b9",""
"48406b02-414f-42c0-9366-132e8976414c","AssignmentRelationship","","","c6233b6f-c807-4a60-b55f-7e37ff12d2b6","1497ff1f-f774-4785-9d94-0bff92c3601c",""
"2baa1b35-4a7b-4448-bcd4-6eec36d77b08","AssignmentRelationship","","","63bd1b15-7050-4821-afd3-3a73563e96e9","a9548ea8-b820-420f-925b-8c7e5f245d44",""
"5f2e38a7-81d9-418d-b5dd-40c362aabef4","AssignmentRelationship","","","cf7b27c6-8609-4b6b-a29a-cd422fdab45f","50dc02ee-bb82-4bca-8e38-af7a15b5e813",""
"6a32c857-a849-4872-97f9-c04d75338e95","AssignmentRelationship","","","c7a34032-cb09-4f17-bc04-706cad3a8c07","c509333c-6eca-4177-98d1-005d49d02ae4",""
"bc23e078-cb59-486d-a17e-f3293241c6e1","AssignmentRelationship","","","c52e817e-dc9a-4df4-ba36-082ae6569982","5b7d231a-2eb3-45fe-a4fc-16c7a7f58fff",""
"81c448b8-a2e0-436a-9f7e-58e0bee02326","AssignmentRelationship","","","7368de74-699f-4521-b8df-9b90d175a7bd","abe0f2b4-3d82-405e-96f9-0d18d0225299",""
"f5e8d817-6cc8-4920-80f7-282539308207","AssignmentRelationship","","","b3ae3521-8d1b-4d88-97d4-06a945678764","8b7348e9-5a96-4207-ac5f-99da54064a9d",""
"4c0f21f0-6e6e-4a62-b6fb-1500a8654e2c","AssignmentRelationship","","","12c3996b-6910-4e73-9c94-12f40e7e631f","28c0c9c5-2723-4fa6-a846-7ab00321e9d8",""
"24b25573-468f-491b-80a7-fc51c592162f","AssignmentRelationship","","","6c35a1f8-29a1-4479-bfe4-86f085667f21","720f1dba-4a29-45b1-91e0-a34b538afcaf",""
"4b7b7d25-7b48-4443-b3eb-e1792a2144dd","AssignmentRelationship","","","cefadfc5-3fc3-4979-87b0-90789913edee","812dcace-8662-4d7f-a865-4a1c8ec95c33",""
"6daedf64-241b-4e9a-b977-da332905a9c2","AssignmentRelationship","","","12c3996b-6910-4e73-9c94-12f40e7e631f","60a2470c-56a4-4535-ab9e-c943e140d313",""
"6a48645c-93e7-4fd9-958c-1f823ee77b98","AssignmentRelationship","","","93f4daa4-425d-46a5-b975-8254ec0b7e79","5f64bd13-7ef3-4c94-8b6b-274e88c64df9",""
"5ba3b198-5cca-4dfb-9cf2-3291303dc7d1","AssignmentRelationship","","","6aace0ba-5bb7-46f0-ac1c-e96f6762f9d0","3c1136ef-ccb7-402d-8a78-445ae94c8582",""
"9e46b5c0-e082-4aa1-b3a3-d809250100fd","AssignmentRelationship","","","c52e817e-dc9a-4df4-ba36-082ae6569982","a504bacb-f007-42a4-a8d2-37961bcef6b3",""
"f1bda304-02f9-43fe-837f-2e9333280a37","AssignmentRelationship","","","cefadfc5-3fc3-4979-87b0-90789913edee","529be9ae-58e1-419b-b7df-ad072bba8d2a",""
"4579ddae-a74f-4efa-be34-13650728f807","AssignmentRelationship","","","eba5c4e2-4e4e-4b8a-b8b7-2531bfc3d7b9","615e46b9-14a7-4b7e-a843-6a7c755255b9",""
"97e44e37-faa4-4700-9197-6fa51d8707d8","AssignmentRelationship","","","6aace0ba-5bb7-46f0-ac1c-e96f6762f9d0","55b0cff9-1250-4124-9710-504602bd409e",""
"51933327-6964-4944-863e-7e5a3e7b2e7e","AssignmentRelationship","","","3d5ad4a8-1f4f-4cae-8140-7e46a542c947","acdf08af-d6a3-4829-bed4-6bb4bb4a2ed0",""
"41147771-6057-4bfd-825c-a6e7593ea8eb","AssignmentRelationship","","","6456354e-66fe-4e28-8e92-8326b961c780","04bc3c90-d49d-4066-ad61-268c4b8d3027",""
"a1be27d5-002e-45ea-8a0b-02d9b001b90c","AssignmentRelationship","","","cf7b27c6-8609-4b6b-a29a-cd422fdab45f","59d3821f-1373-44b1-855c-c7e8c3d40ea2",""
"cae6c745-7b66-4cf3-a596-03dc6836d4b4","AssignmentRelationship","","","615e46b9-14a7-4b7e-a843-6a7c755255b9","a372d8fb-ec79-47c0-936f-a83acff13a3f",""
"fa8335a8-093f-4e53-92c1-a7185368b0b2","AssignmentRelationship","","","6aace0ba-5bb7-46f0-ac1c-e96f6762f9d0","0ec2ef5c-d6af-490e-af38-9444ca8365ee",""
"5ef7bcdf-f421-4aad-ad71-554c001dacfe","AssignmentRelationship","","","16ad0bd4-cb34-4e31-9fa2-f6985bd56264","fa422b3d-d43b-4b7b-8a2f-209c914a997f",""
"4762cf1e-7681-4f73-87c4-7402523acc3f","AssignmentRelationship","","","d6e41ac8-3d12-4f6d-a7d4-4bf9f28229f0","3264b79f-9e39-47fb-ab44-1940c910edbc",""
"59cfb1e6-16bf-4165-83ec-771e1dfb98b6","AssignmentRelationship","","","edbc41bd-ce3a-497d-82df-7886f0b52498","39cce4c6-28d8-406f-af61-d8bd08d1a956",""
"1b62a117-2605-4da9-9f61-6ad4936fb878","AssignmentRelationship","","","38b1c81e-79a5-4f2b-ab77-4ab453236d1c","449825a6-10e5-4ce9-8c05-1f38b5383d1f",""
"fe524910-6620-4c99-b4e2-62d2f10ca1b7","AssignmentRelationship","","","34dc783e-7640-42d5-84f5-c6e796dd0780","e1e4bdb6-ace0-4b08-a01c-13ea8a823e9c",""
"1a473699-52a4-45d5-94ee-5700ff31b927","AssignmentRelationship","","","974cf1b3-96c5-4194-99b8-89663abe0ad5","4fa18d12-4f5c-4128-a873-8d65f0250ece",""
"d602ed82-e1f0-4237-bb37-778ad93d6ed8","AssignmentRelationship","","","1aa64fc9-80cd-4c80-abf4-4f151ae7b7de","566d9241-2537-420e-8138-7c2aa04ee2ef",""
"1caeb2a2-247a-4ac3-a915-208a96bac1af","AssignmentRelationship","","","6aace0ba-5bb7-46f0-ac1c-e96f6762f9d0","bf2965da-97fb-4889-9de8-3b1ff69dfb68",""
"68fd7153-c7fe-41bf-b992-388520fc114f","AssignmentRelationship","","","1aa64fc9-80cd-4c80-abf4-4f151ae7b7de","ebfa0e4b-9850-4025-945c-3f403b5fa718",""
"dbd93107-2f13-476f-8804-e3e2f78bc1e6","AssociationRelationship","","","583bb584-6d13-4f3b-9961-4a2540c9db2c","037dc08a-596a-4b1d-9d90-e47443f0ebcd",""
"1cf64906-417a-4b82-afa5-8221cdcb9b45","AssociationRelationship","","","33be630e-c083-4945-a80d-3527da10cbd7","4a978318-677b-46b2-bea1-adf5e821fcd4",""
"5087ca83-7083-49bc-9aca-3076761515ac","AssociationRelationship","","","2b8606a7-a50e-4b70-9d31-90e6bc4f9b13","7eb03c76-8af4-4488-890b-21ce1eced466",""
"52cab9ef-1e85-49fd-9fcc-058bcaef010b","AssociationRelationship","","","7ecf88a0-e9d8-4f03-8091-52cd524dcf33","cdc375fb-9e7b-4c41-9f0b-76735f69f252",""
"17546c18-71cc-41ae-ac15-a68aeac44d79","AssociationRelationship","","","a0e4c2d8-a18c-48b7-b7a8-00e81c401dda","037dc08a-596a-4b1d-9d90-e47443f0ebcd",""
"4b1c9833-6a61-45ef-b0a7-e78d6a989756","AssociationRelationship","","","c49c6c3e-3eb9-4c1b-8bf3-92f9de17a70c","8c60d13e-ae35-42b6-8c00-c1df57015c36",""
"6eea9a51-4cbb-47fd-95fa-36ae82bc2a82","AssociationRelationship","","","84f1e2b4-1680-44dc-8ccf-537022774c88","037dc08a-596a-4b1d-9d90-e47443f0ebcd",""
"0fe35d41-a277-42bd-b37b-8034e3c3e2d7","AssociationRelationship","","","a368b268-4c86-43e5-9b18-61a4d24e2180","fdf9b0cd-7332-4599-ab76-e20359ba7dcb",""
"41e5b16d-2cdd-4b55-8928-20f2d20d8891","AssociationRelationship","","","f714a496-815c-4a9c-8e3b-7cf19156db03","7eb03c76-8af4-4488-890b-21ce1eced466",""
"cf52396c-69f2-4dc0-8645-d7d5a0056ff3","AssociationRelationship","","","6f7d071d-de79-4de1-b3cd-31f4bba9c64b","41913bd0-2b6b-4833-8743-0e495fd32f2e",""
"d993e897-7ca4-4477-bf33-913bb2ae852c","AssociationRelationship","","","2eec2887-29e0-469f-8336-02454c012fde","cdc375fb-9e7b-4c41-9f0b-76735f69f252",""
"9027b7c2-9081-47ad-8866-c538bac07968","AssociationRelationship","","","7eb03c76-8af4-4488-890b-21ce1eced466","a5aac153-b356-422b-ad63-4977d253053b",""
"7eb2b86e-c514-470e-b52e-d70779eeb891","CompositionRelationship","","","fa422b3d-d43b-4b7b-8a2f-209c914a997f","926752af-fe20-41bb-a0cd-3416c538722c",""
"3dc2705d-e7f8-4441-a1c7-6288103861c4","CompositionRelationship","","","acdf08af-d6a3-4829-bed4-6bb4bb4a2ed0","1732b7a2-953d-4cb2-aa97-2d1913bc720a",""
"03bc89e3-8a19-421b-a899-8cd42dc8437d","CompositionRelationship","","","acdf08af-d6a3-4829-bed4-6bb4bb4a2ed0","5f64bd13-7ef3-4c94-8b6b-274e88c64df9",""
"4d2be5d3-f94e-4976-b02d-38000850480a","CompositionRelationship","","","a372d8fb-ec79-47c0-936f-a83acff13a3f","ebfa0e4b-9850-4025-945c-3f403b5fa718",""
"6112a0fc-db44-42a4-825b-b899ae097ea0","CompositionRelationship","","","b4cd65d0-d8f9-4c0d-b2d4-a40a89a7f70a","acdf08af-d6a3-4829-bed4-6bb4bb4a2ed0",""
"6bc006b5-7f91-42bc-9386-ba207daac3f5","CompositionRelationship","","","fa3ae290-4168-48b5-9fe6-1a9f8211c47f","4fa18d12-4f5c-4128-a873-8d65f0250ece",""
"d4a1c5be-5283-424a-9674-c9de0e8cdefc","CompositionRelationship","","","fa3ae290-4168-48b5-9fe6-1a9f8211c47f","a9548ea8-b820-420f-925b-8c7e5f245d44",""
"dda23e50-8e92-4c51-9617-985d4497d13c","CompositionRelationship","","","b4cd65d0-d8f9-4c0d-b2d4-a40a89a7f70a","76cd9e5f-6355-4d40-93d3-efb8264c18a9",""
"17adc673-8296-4488-a109-ad8debc1d7ac","CompositionRelationship","","","acdf08af-d6a3-4829-bed4-6bb4bb4a2ed0","69031ec9-ecf2-4fd5-9993-9ef25ded9433",""
"47adbc29-ec61-4617-b276-a48991e83b63","CompositionRelationship","","","68a0d339-b356-4b82-b4b4-0ec86a288205","1965b003-75df-4098-9111-bc61b178a555",""
"73fa040a-4829-4e8b-a20c-36991daa2979","CompositionRelationship","","","a372d8fb-ec79-47c0-936f-a83acff13a3f","50dc02ee-bb82-4bca-8e38-af7a15b5e813",""
"0a2f82da-c32f-4a05-9701-9e88260fcd2f","CompositionRelationship","","","acdf08af-d6a3-4829-bed4-6bb4bb4a2ed0","abe0f2b4-3d82-405e-96f9-0d18d0225299",""
"015eaf84-d1ce-4124-aeb7-fa7f7aeeea71","CompositionRelationship","","","a372d8fb-ec79-47c0-936f-a83acff13a3f","869ac5b0-6d03-431f-9b95-e5aed2d23c00",""
"5c114f93-02e3-42db-9c3f-43736160af83","CompositionRelationship","","","f714a496-815c-4a9c-8e3b-7cf19156db03","097baf07-12f8-443e-808b-5921fd8711ff",""
"40d58032-a7b8-4565-aff3-df84f82bef3e","CompositionRelationship","","","b4cd65d0-d8f9-4c0d-b2d4-a40a89a7f70a","449825a6-10e5-4ce9-8c05-1f38b5383d1f",""
"c83b1be1-260a-42bc-95ee-f66b8dff5e28","CompositionRelationship","","","acdf08af-d6a3-4829-bed4-6bb4bb4a2ed0","c509333c-6eca-4177-98d1-005d49d02ae4",""
"ea7186bd-13b1-4339-9c3b-3340087e5559","CompositionRelationship","","","acdf08af-d6a3-4829-bed4-6bb4bb4a2ed0","e1e4bdb6-ace0-4b08-a01c-13ea8a823e9c",""
"f306ddb4-6217-4c72-864a-0631de31a738","CompositionRelationship","","","fa3ae290-4168-48b5-9fe6-1a9f8211c47f","8b7348e9-5a96-4207-ac5f-99da54064a9d",""
"32ec32c1-d429-4b80-8f52-15e0bd346562","CompositionRelationship","","","b4cd65d0-d8f9-4c0d-b2d4-a40a89a7f70a","720f1dba-4a29-45b1-91e0-a34b538afcaf",""
"a2f132d7-d860-42ff-9e45-3904f26d49d2","CompositionRelationship","","","980c3d26-596c-4726-b5d8-98ecc3aa45f8","0ee2afe2-577a-49f4-89f6-8e9e0708dcd7",""
"64763cde-4400-4466-bb53-cef773746d99","FlowRelationship","","","9db6242e-1b0b-48ef-a95a-a57dbda77a8d","d6869371-9f29-402c-b45d-93438c8467fc",""
"2eecc538-2bf4-4264-8000-ff2e50ecfab7","FlowRelationship","","","d6869371-9f29-402c-b45d-93438c8467fc","fd9752e5-a1aa-4a0f-a7a9-f029c5ba19f4",""
"58b52a79-a36e-4342-8755-12b7e2e62bb6","FlowRelationship","","","5c7eae75-a387-4695-9920-a5fd5d6c616d","fdf9b0cd-7332-4599-ab76-e20359ba7dcb",""
"2c203d04-f5fb-4220-9b53-0ba5b9560aa1","FlowRelationship","","","76b00c82-89bb-41a7-96fc-4074d6a8dfbf","ea611bdd-19f2-4212-8c29-f7af9066075b",""
"fcc2067d-a852-4458-a141-d3fa9ce5c088","FlowRelationship","","","ea611bdd-19f2-4212-8c29-f7af9066075b","5c7eae75-a387-4695-9920-a5fd5d6c616d",""
"ada6f8d6-9d12-48f7-9f6a-640f7cafb5cd","FlowRelationship","","","c3879217-7bda-4c3b-9910-cca65f31df9d","ea611bdd-19f2-4212-8c29-f7af9066075b",""
"f87ed193-951d-4d85-92cf-11882bc7fdc8","FlowRelationship","","","cb39b778-fe92-4398-9f19-aa012c83006c","a1524166-1076-4b5e-ad0a-aee927926f91",""
"b325c317-da83-40df-bd70-8a58570a99f5","FlowRelationship","","","e5090bb2-4731-4c5b-b8c8-c9d3896bec9d","5219080c-ed95-4e3a-bb4f-7abc20d196fd",""
"ecdfd5c6-4792-455e-9b8c-f7c20a1aa514","FlowRelationship","","","3608f06f-503d-42fe-b10f-f4f17141c1aa","3e31d8a3-eb8f-4e96-a6ea-425ff3a8453d",""
"4b61a97b-b9b4-4490-af8c-88ac0ff4229d","FlowRelationship","","","a6e3d074-5085-49c2-ba4b-1b86fba796f5","51f37791-9f37-42e6-8721-ecb8e739c8e1",""
"6c6ea575-d98b-497a-b777-1e8249e35f52","FlowRelationship","","","fdf9b0cd-7332-4599-ab76-e20359ba7dcb","5c7eae75-a387-4695-9920-a5fd5d6c616d",""
"f2eda89a-55d0-42f2-bbfc-2703ed46f13b","FlowRelationship","","","7e321c31-c5d3-4893-ae0f-adb76392fb36","d6869371-9f29-402c-b45d-93438c8467fc",""
"df8cb5c8-0639-44c1-8d1c-67cadb30ade9","FlowRelationship","","","b31732b3-8f22-47a9-9d9b-26c8346de13f","4a978318-677b-46b2-bea1-adf5e821fcd4",""
"1900c830-5678-4c07-94be-f3f8d9ed95c2","FlowRelationship","","","204b23ac-c046-4414-acab-51eeaa5cc5f3","ea611bdd-19f2-4212-8c29-f7af9066075b",""
"61a51ead-8ee8-4b0c-905c-58ce04c56a5c","FlowRelationship","","","5c7eae75-a387-4695-9920-a5fd5d6c616d","41913bd0-2b6b-4833-8743-0e495fd32f2e",""
"085d292a-4e61-43be-822a-7f84426f76fb","FlowRelationship","","","f5c2b5f8-cfcb-4e19-8c08-05575fe30152","52206ec1-2f6b-4a69-9379-1d22010b243f",""
"15b7ee04-4b46-4d76-aec9-d814740a330e","FlowRelationship","","","3608f06f-503d-42fe-b10f-f4f17141c1aa","6c4e7c96-a67e-4cc0-8ffe-44dddedac4d8",""
"59491567-fc04-47ac-ab0b-622dcdfdb7de","FlowRelationship","","","bd7940b4-3744-49aa-a3db-392ccda85951","a05903ec-b735-4c46-bfb2-31b9c01efc15",""
"c90627d9-3fbf-4e2b-b4ee-451ab3059bb0","FlowRelationship","","","51f37791-9f37-42e6-8721-ecb8e739c8e1","a6e3d074-5085-49c2-ba4b-1b86fba796f5",""
"1ba12b73-2b6a-43da-85e4-268bfef633bb","FlowRelationship","","","b31732b3-8f22-47a9-9d9b-26c8346de13f","f37444a8-54a4-425d-92b9-daea83be5e09",""
"be46015c-2c30-45bc-9977-c9e240415dc9","FlowRelationship","","","1323a158-7099-431f-b95d-5f06dd9e07bb","0acfb329-c2cc-4e52-8778-567d9e657921",""
"3b9ec28c-1e05-48b1-9560-92db262bd9df","FlowRelationship","","","03742b4c-90da-46ec-ab32-b5092a27ea67","c3879217-7bda-4c3b-9910-cca65f31df9d",""
"96f02cb4-909b-4307-8618-aaaa5bfc8efc","FlowRelationship","","","03742b4c-90da-46ec-ab32-b5092a27ea67","204b23ac-c046-4414-acab-51eeaa5cc5f3",""
"45b90b27-c428-4bb7-8931-062929b6f94d","FlowRelationship","","","51f37791-9f37-42e6-8721-ecb8e739c8e1","d79b53a1-3a7a-42d7-b4cd-f6228b2f3852",""
"517aca74-f2f1-4504-97e6-b4e8d87b7e6d","FlowRelationship","","","a05903ec-b735-4c46-bfb2-31b9c01efc15","b31732b3-8f22-47a9-9d9b-26c8346de13f",""
"32d641fc-8cb1-4b08-ac18-655d7481fb44","FlowRelationship","","","d9956bf4-1bd0-43cd-b87d-f395b77b5230","ab1c0d14-c5ef-426f-b180-ad58e1e490a0",""
"f942c524-7b3d-44dc-a54c-a09ba62311a0","FlowRelationship","","","b642720e-b17c-449b-b78e-36ad52ae534b","d6869371-9f29-402c-b45d-93438c8467fc",""
"aab8243e-8fb2-4826-abfc-62bd8d7e1d92","FlowRelationship","","","d6869371-9f29-402c-b45d-93438c8467fc","3a62682e-d199-40ac-be85-4c6a626d5bf7",""
"3b632c20-8e3f-4e93-b076-0dc74831f08b","FlowRelationship","","","35aa6f82-79c8-4eb9-9e6d-379cf57ffc9c","03742b4c-90da-46ec-ab32-b5092a27ea67",""
"1ff166b2-e823-4a9f-9456-e5262064cdf5","FlowRelationship","","","d79b53a1-3a7a-42d7-b4cd-f6228b2f3852","51f37791-9f37-42e6-8721-ecb8e739c8e1",""
"d5f08b6b-9ece-4fe4-b45f-a0cdf29fbe1d","FlowRelationship","","","03742b4c-90da-46ec-ab32-b5092a27ea67","76b00c82-89bb-41a7-96fc-4074d6a8dfbf",""
"fdb3666b-95d8-4804-b214-fd380f58d204","FlowRelationship","","","41913bd0-2b6b-4833-8743-0e495fd32f2e","5c7eae75-a387-4695-9920-a5fd5d6c616d",""
"a6cc24ee-681d-4c0e-a7df-3ffc840d0501","FlowRelationship","","","d6869371-9f29-402c-b45d-93438c8467fc","35aa6f82-79c8-4eb9-9e6d-379cf57ffc9c",""
"c1dac12a-c7ee-4bdf-a9ce-3c42e0129ff2","InfluenceRelationship","","","20194244-21a6-41aa-9eba-e0184769858e","89246c48-a92d-4c0e-858a-908f60028d4b",""
"35167a76-500b-4f4d-a415-390df18b01d3","InfluenceRelationship","","","99510fb0-ff4c-4f28-a1dc-5a84cbc7554e","8a0a2f3b-8ede-463c-96b4-064c29c035b3",""
"f2e47d88-5992-41cf-a260-d1f228e0fbb3","InfluenceRelationship","","","54d5bbb4-6153-4bbf-9c5a-753d2011df6f","82679021-def5-4193-96b1-a95627a69706",""
"67a349f2-3023-486f-a637-9044e99c9366","RealizationRelationship","","","a5aac153-b356-422b-ad63-4977d253053b","0aea4728-7ef9-4595-adfb-01bfcc09be59",""
"e3b4f27d-bc5c-4e71-8452-fa2211b402d8","RealizationRelationship","","","63335740-8dc5-4b25-b5c2-45442251440e","e46c46cc-bc99-4699-b561-3d27a6b7a804",""
"fcea203b-cdad-4441-9ef4-9a206e709e83","RealizationRelationship","","","e46c46cc-bc99-4699-b561-3d27a6b7a804","f8b3eb4d-127f-4403-8278-bc7e9097f88e",""
"d62aa46f-b2c5-4639-a466-c67b8141333c","RealizationRelationship","","","a160fa62-da37-4ce5-b11a-e6f0fa132440","08b9537d-f02e-4b77-a0a4-cc1add3265c5",""
"248ae01c-66c3-4492-b7f3-4bd1b051ef5c","RealizationRelationship","","","37024dcf-5fe8-44ae-9a36-43b32abec9b9","1ed9fa32-5675-405d-a9c1-bb5b5b206856",""
"e9e2c985-a56b-46c3-9d02-a8233943fe98","RealizationRelationship","","","88b3564b-ef79-4edb-a221-c6e4e22134cf","6456354e-66fe-4e28-8e92-8326b961c780",""
"b08f6135-d24c-4416-ba4a-15b0c26e584e","RealizationRelationship","","","c23be58e-f62c-4791-81c7-5fce04952541","1ed9fa32-5675-405d-a9c1-bb5b5b206856",""
"c05ecbd6-da94-4ce9-84be-243ccaa00c6c","RealizationRelationship","","","5ebd12c6-6b9b-4b40-9b79-5bb7392cf206","037dc08a-596a-4b1d-9d90-e47443f0ebcd",""
"1790947d-d3fc-44e0-9079-36534f4086e6","RealizationRelationship","","","fa422b3d-d43b-4b7b-8a2f-209c914a997f","301f84b3-4fc6-4d70-a631-a3d49a89ab5a",""
"2410ec03-9dfb-4088-8117-414c627e820c","RealizationRelationship","","","7f9b8ec4-e182-4116-a679-1401b87e82ed","78c36fa8-6a70-4dcf-9e53-253954d8ede3",""
"ef2022f1-6b2d-45c4-9b09-242eb0aadf02","RealizationRelationship","","","a5aac153-b356-422b-ad63-4977d253053b","21e06758-8615-4d3a-a1cc-88cb4dbbd6e7",""
"a7e1f116-ff96-426a-92c5-d4622be416d7","RealizationRelationship","","","04bc3c90-d49d-4066-ad61-268c4b8d3027","8a0a2f3b-8ede-463c-96b4-064c29c035b3",""
"3f290812-45b1-4207-8607-b9ba8c98d8a2","RealizationRelationship","","","e6ec889d-58c2-4326-bfe2-b43185706b37","6ce1d333-362e-438d-9d35-6861a9be0a52",""
"f6640e09-ca16-4e4e-a926-b39fda1896a8","RealizationRelationship","","","a70956c0-25d8-4e8d-8508-fe68b8465c89","5219080c-ed95-4e3a-bb4f-7abc20d196fd",""
"9bbdcfc8-d017-4243-a88c-6e8d219a6ff9","RealizationRelationship","","","62b1a662-fa3b-4f42-bd7e-d974a43ff7ef","694deacf-a89c-4a0d-8e80-779eff63df91",""
"83824566-1f32-42f8-9776-db8c438a6358","RealizationRelationship","","","f8b3eb4d-127f-4403-8278-bc7e9097f88e","04bc3c90-d49d-4066-ad61-268c4b8d3027",""
"8f0458fb-8acf-42b6-b091-5b49464f1f6d","RealizationRelationship","","","a70956c0-25d8-4e8d-8508-fe68b8465c89","bd7940b4-3744-49aa-a3db-392ccda85951",""
"462a133f-612f-488e-b390-550c2c809986","RealizationRelationship","","","b30edff1-d33c-4a3d-9e44-69225be5db12","4cb5df94-09c1-4fe2-befc-d35e32b19edf",""
"eb63afd5-a937-4901-9d01-31462228270a","RealizationRelationship","","","5db7cdbf-94c7-4b6e-9be3-2b98418e0d6e","63335740-8dc5-4b25-b5c2-45442251440e",""
"987c3ca6-87b4-4e3b-b775-7df72934e4f1","RealizationRelationship","","","4e63f148-9c81-4af6-997a-d45929e18531","694deacf-a89c-4a0d-8e80-779eff63df91",""
"51609d3c-7fbe-4fb9-8e90-f2c1ee8eda4e","RealizationRelationship","","","04bc3c90-d49d-4066-ad61-268c4b8d3027","3426621d-c1a6-4b40-bc5a-5031f432d46f",""
"7d0784f9-e61c-407f-bc18-0134865d8c4c","RealizationRelationship","","","097baf07-12f8-443e-808b-5921fd8711ff","04bc3c90-d49d-4066-ad61-268c4b8d3027",""
"35bbef0a-0144-4915-ad95-465b1d97c3c5","RealizationRelationship","","","3426621d-c1a6-4b40-bc5a-5031f432d46f","54d5bbb4-6153-4bbf-9c5a-753d2011df6f",""
"ec29dd24-d0cc-48a4-9cf7-f44271fa6c1d","RealizationRelationship","","","a6e3d074-5085-49c2-ba4b-1b86fba796f5","a504bacb-f007-42a4-a8d2-37961bcef6b3",""
"aac9e09a-6a24-41c5-9bd4-208631f97bbe","RealizationRelationship","","","e170b900-4717-47b4-aedc-95363dc1256f","8a0a2f3b-8ede-463c-96b4-064c29c035b3",""
"bee8dbfc-c6b2-4795-a4e5-83832d8972d4","RealizationRelationship","","","a70956c0-25d8-4e8d-8508-fe68b8465c89","984b1854-3618-4509-abc3-1f2535166540",""
"7d22e8c1-2a9d-4334-b64c-1e6eb8867950","RealizationRelationship","","","5ebd12c6-6b9b-4b40-9b79-5bb7392cf206","33be630e-c083-4945-a80d-3527da10cbd7",""
"b5009ca7-f41f-4d79-a74b-710265746829","RealizationRelationship","","","0a56bc4b-fadf-4876-9c13-782b3a360a33","1ed9fa32-5675-405d-a9c1-bb5b5b206856",""
"60372df3-4806-45ea-bb0f-595edd57fb55","RealizationRelationship","","","d79b53a1-3a7a-42d7-b4cd-f6228b2f3852","39cce4c6-28d8-406f-af61-d8bd08d1a956",""
"6a468664-4511-4d8a-9c82-4b2d24a2ea1a","RealizationRelationship","","","b4cd65d0-d8f9-4c0d-b2d4-a40a89a7f70a","622b2ff5-cb88-4603-85a5-312ab2d7d20a",""
"c5d7c356-4c65-4eec-afc2-fc3e6c80152a","RealizationRelationship","","","35b4123f-9e53-43af-b890-588a3adf87a9","09badc13-f351-4146-bf84-c5cababf2f38",""
"f3834b7e-4a97-4aee-b028-2d15f9600e22","RealizationRelationship","","","a5aac153-b356-422b-ad63-4977d253053b","f714a496-815c-4a9c-8e3b-7cf19156db03",""
"bfa4e9ae-5fe0-4780-86b0-954f16e9a289","RealizationRelationship","","","af2b5522-187c-4053-8b49-40895e1322c6","3264b79f-9e39-47fb-ab44-1940c910edbc",""
"d9ffe8cf-8a78-4144-8d98-f418265f8ceb","RealizationRelationship","","","7f9b8ec4-e182-4116-a679-1401b87e82ed","abaf5762-8844-4584-be25-62bbc1c73dd3",""
"f937599b-2ae2-4cfe-a02c-f62c461450eb","RealizationRelationship","","","3e31d8a3-eb8f-4e96-a6ea-425ff3a8453d","f37444a8-54a4-425d-92b9-daea83be5e09",""
"abbf0119-da30-4924-9aa4-99c79205f6f1","RealizationRelationship","","","3ef04a1c-034f-41f5-950f-535a3949dd15","4cb5df94-09c1-4fe2-befc-d35e32b19edf",""
"451c1080-ed7f-40f1-a058-f51a6749567d","RealizationRelationship","","","6e344970-ba8d-454f-b31a-89be12ada400","1732b7a2-953d-4cb2-aa97-2d1913bc720a",""
"62c4fc3d-4af7-429a-aaa2-4d56ea0564fe","RealizationRelationship","","","ad0f1f48-4c05-47db-a67e-70d86d8abe0c","54d5bbb4-6153-4bbf-9c5a-753d2011df6f",""
"514a33df-c685-4f41-96bc-0db16a7b8893","RealizationRelationship","","","f3ae2096-b0f5-493a-85a2-8f7fb38669bc","39cce4c6-28d8-406f-af61-d8bd08d1a956",""
"60a2a116-e2de-48fc-b33e-086456de4407","RealizationRelationship","","","f3ae2096-b0f5-493a-85a2-8f7fb38669bc","3264b79f-9e39-47fb-ab44-1940c910edbc",""
"ab691b14-c017-4856-b36a-50150737e788","RealizationRelationship","","","9c7a6dbd-95f7-41a9-a223-997909e32685","ab764eb8-6465-4b46-ae90-941169412829",""
"63405723-18ee-4682-9ab1-023c336e01bf","RealizationRelationship","","","e170b900-4717-47b4-aedc-95363dc1256f","3426621d-c1a6-4b40-bc5a-5031f432d46f",""
"31a2b672-45e9-4f02-9e77-ff02744e3cc4","RealizationRelationship","","","21e06758-8615-4d3a-a1cc-88cb4dbbd6e7","f8b3eb4d-127f-4403-8278-bc7e9097f88e",""
"294cad62-b71c-40e2-ac3b-783cd57ac501","RealizationRelationship","","","097baf07-12f8-443e-808b-5921fd8711ff","e46c46cc-bc99-4699-b561-3d27a6b7a804",""
"5223d118-68cd-48ab-b887-f64dacbaca87","RealizationRelationship","","","097baf07-12f8-443e-808b-5921fd8711ff","6456354e-66fe-4e28-8e92-8326b961c780",""
"1773d66d-9d48-4275-9dcf-16b7805e61e8","RealizationRelationship","","","f714a496-815c-4a9c-8e3b-7cf19156db03","ad0f1f48-4c05-47db-a67e-70d86d8abe0c",""
"65c42795-ade6-4ec7-8530-60966f03377e","RealizationRelationship","","","9c7a6dbd-95f7-41a9-a223-997909e32685","d360d867-0f73-4fd2-b812-87a3cea4d9ff",""
"a45249f7-d9f3-49f4-a161-edbd70e11d7f","RealizationRelationship","","","88b3564b-ef79-4edb-a221-c6e4e22134cf","04bc3c90-d49d-4066-ad61-268c4b8d3027",""
"efaca06d-a692-4ba6-825a-5715dfd64aa2","RealizationRelationship","","","a160fa62-da37-4ce5-b11a-e6f0fa132440","ef2d3105-bd6b-495a-94cf-5d548f3b34ae",""
"378b6c9b-bed7-4c67-8094-2cdfa3ac403e","RealizationRelationship","","","ec0cb1d0-5ac5-49b2-8bd8-3a3cb5e8db57","6ce1d333-362e-438d-9d35-6861a9be0a52",""
"d1808b65-37d7-4136-8237-accf72b55cd7","RealizationRelationship","","","81ca9578-c335-451c-b3ed-b58fcd06bad8","dc6ce01d-bb35-4a6e-9385-f591e52255ee",""
"534a8631-ffd1-47f4-9011-f322ee578dd1","RealizationRelationship","","","7f9b8ec4-e182-4116-a679-1401b87e82ed","5e683f83-b14d-4b24-9c54-a3d67459ea37",""
"ee248937-6b19-4c62-8a2a-d39d95f851b0","RealizationRelationship","","","fecff2c6-7fca-4b1f-8292-2d0a28753058","1ed9fa32-5675-405d-a9c1-bb5b5b206856",""
"4b3a9f43-3a37-4831-8138-696b17c44e68","RealizationRelationship","","","0aea4728-7ef9-4595-adfb-01bfcc09be59","097baf07-12f8-443e-808b-5921fd8711ff",""
"c30a536d-32ed-4cac-8a1a-6a8b62d14bbd","ServingRelationship","","","b5a2784a-21ec-42f1-ae94-0b9912fca9ff","3df8bc7d-1233-44d5-bcd0-a3d6ebbedb42",""
"dd11b492-49de-46d4-a5fa-dc5d2b3b33ff","ServingRelationship","","","301f84b3-4fc6-4d70-a631-a3d49a89ab5a","7618ad6c-2831-494b-bb04-70599f63f48c",""
"9a64de5f-e4a5-4dfa-b88c-9fd95a16203c","ServingRelationship","","","9fd9c395-0bcc-4863-a5f6-206aefbe6211","d9556d3e-7e4c-40a6-83a1-b4d59b6c2276",""
"f21698d5-d243-43f2-8d10-c60e9e248c2a","ServingRelationship","","","4cb5df94-09c1-4fe2-befc-d35e32b19edf","a9548ea8-b820-420f-925b-8c7e5f245d44",""
"0e4eaa0f-a167-49a6-84d7-5bdddf844dd3","ServingRelationship","","","c6915fdf-b569-495b-b138-25234a7afa1e","8c60d13e-ae35-42b6-8c00-c1df57015c36",""
"d1894ba8-3040-48cb-a29a-e8752b674e8c","ServingRelationship","","","f3ae2096-b0f5-493a-85a2-8f7fb38669bc","882c8c26-581a-482a-a891-b438dd6100c7",""
"f87e14b3-d2b7-4b9c-bf66-a82058532656","ServingRelationship","","","f802b9ba-c39f-42b3-a2f9-e450050f5de3","33be630e-c083-4945-a80d-3527da10cbd7",""
"8dc31c36-268b-476a-a37d-bc8820106d9e","ServingRelationship","","","1965b003-75df-4098-9111-bc61b178a555","6e344970-ba8d-454f-b31a-89be12ada400",""
"8cc8aa23-1358-4462-a679-db81337be6c5","ServingRelationship","","","c03e7e9b-9dd3-4fad-b986-c0e5448b6bc1","3df8bc7d-1233-44d5-bcd0-a3d6ebbedb42",""
"ca222f83-98cb-4d6f-868c-88fb24150c53","ServingRelationship","","","622b2ff5-cb88-4603-85a5-312ab2d7d20a","7618ad6c-2831-494b-bb04-70599f63f48c",""
"e9a0c25f-bfc5-4291-9a7a-0c013781271d","ServingRelationship","","","ab1c0d14-c5ef-426f-b180-ad58e1e490a0","8c60d13e-ae35-42b6-8c00-c1df57015c36",""
"4c15a974-9d07-4a62-a836-65142dd9d985","ServingRelationship","","","cdc375fb-9e7b-4c41-9f0b-76735f69f252","938fd263-f1b5-4b45-b148-b93c5f1bab80",""
"a660815b-7295-4174-88e8-981bf2e262f2","ServingRelationship","","","566d9241-2537-420e-8138-7c2aa04ee2ef","ebfa0e4b-9850-4025-945c-3f403b5fa718",""
"7f8bf58c-e8d3-4ad5-bf4c-3756b0ac49d7","ServingRelationship","","","694deacf-a89c-4a0d-8e80-779eff63df91","4fa18d12-4f5c-4128-a873-8d65f0250ece",""
"163dd130-ab6d-45d6-9d45-7f548e4e44ba","ServingRelationship","","","77e3a9a2-f8a4-429f-a651-2ed23fb13139","566d9241-2537-420e-8138-7c2aa04ee2ef",""
"d9f2931b-5d6f-43a6-ac4b-3a9698a0d5f7","ServingRelationship","","","9fd9c395-0bcc-4863-a5f6-206aefbe6211","09badc13-f351-4146-bf84-c5cababf2f38",""
"20223744-91d3-4fae-96a1-8c3eb8815bc5","ServingRelationship","","","b62408a1-b540-4eff-a080-b70f7a2ff955","09badc13-f351-4146-bf84-c5cababf2f38",""
"feb3a414-a6bb-4747-9520-bc8ed19e1fa1","ServingRelationship","","","a4973568-774d-4d2f-b56c-c40797b0c478","d360d867-0f73-4fd2-b812-87a3cea4d9ff",""
"ae648864-226f-4a46-9bf3-a0fd7adc0ce8","ServingRelationship","","","6ce1d333-362e-438d-9d35-6861a9be0a52","8b7348e9-5a96-4207-ac5f-99da54064a9d",""
"2ad1f836-b3bd-4fb7-83c6-a4dea69af7ce","ServingRelationship","","","4a978318-677b-46b2-bea1-adf5e821fcd4","ea10b316-ec4f-4c66-bbca-0d96765b9b8d",""
"6097d3df-30be-45ab-8eaf-9d6c8af6a0cb","ServingRelationship","","","f802b9ba-c39f-42b3-a2f9-e450050f5de3","5219080c-ed95-4e3a-bb4f-7abc20d196fd",""
"2d59a0bc-a075-4c89-bdc4-e5198fe3de5d","ServingRelationship","","","dfe7917d-e240-4e9d-ae5c-8d31d1c32396","52adc898-eeaf-40f2-ba2c-06e3c17adfc4",""
"b2bcd34a-089b-4ee1-9dca-a3042509185a","ServingRelationship","","","b62408a1-b540-4eff-a080-b70f7a2ff955","a8fb755b-faf2-4d62-8be2-dfacd8642347",""
"d35830dc-e5e2-4605-8051-7a6b5da9d606","ServingRelationship","","","33be630e-c083-4945-a80d-3527da10cbd7","d9ae012a-cfa2-4984-b208-4323659bc061",""
"db0eb518-ba1a-480a-bdad-b2b63efe881a","ServingRelationship","","","52206ec1-2f6b-4a69-9379-1d22010b243f","070da9b3-fa89-4cd9-a36a-d6ae53d6272c",""
"161de7a0-51e7-4c9e-9d8d-4a6c1eda5a40","ServingRelationship","","","52adc898-eeaf-40f2-ba2c-06e3c17adfc4","44d79306-be79-48dd-805f-8a2115450899",""
"ebb91c32-3dfd-4d3f-aad1-1ddd644adfc8","ServingRelationship","","","b62408a1-b540-4eff-a080-b70f7a2ff955","d9556d3e-7e4c-40a6-83a1-b4d59b6c2276",""
"99ae141a-05a8-401e-8983-fbebb351f71d","ServingRelationship","","","d360d867-0f73-4fd2-b812-87a3cea4d9ff","33be630e-c083-4945-a80d-3527da10cbd7",""
"9b880459-b145-4b6e-bf02-b00da9842d32","ServingRelationship","","","8181d082-e07a-4175-9362-bf0af4a3e5a7","6e344970-ba8d-454f-b31a-89be12ada400",""
"378bc121-94fa-4ade-a7d0-12fda70d1b75","ServingRelationship","","","b62408a1-b540-4eff-a080-b70f7a2ff955","d360d867-0f73-4fd2-b812-87a3cea4d9ff",""
"6c11f1f8-1bc3-4c5f-b1f8-a147a53b7eae","ServingRelationship","","","d360d867-0f73-4fd2-b812-87a3cea4d9ff","5219080c-ed95-4e3a-bb4f-7abc20d196fd",""
"d10dd171-906e-42f9-acb2-0d833cdb19da","ServingRelationship","","","068653c5-b739-485d-a48f-a46348ccd64e","59d3821f-1373-44b1-855c-c7e8c3d40ea2",""
"0c96d770-ccf5-4110-b399-90ef8dae6ad7","ServingRelationship","","","0ad47a27-ff49-45ec-b8f2-307b0b430dd1","1497ff1f-f774-4785-9d94-0bff92c3601c",""
"0acb3ad1-ed3e-49c3-b7b4-f89e57c88f19","ServingRelationship","","","234be382-6a40-4c80-9399-60117aa31136","47d4655a-d35c-41d7-8760-7b90514be177",""
"9f959161-02d4-49ab-811d-5f063527f596","ServingRelationship","","","16280f34-e358-40b7-a13e-1391ad95e90f","78d347ff-40ac-467f-b2df-bde5d2eaef03",""
"6de45113-f345-4ce9-b2e6-4cd37315b5cf","ServingRelationship","","","e6a83d21-ae4b-47c2-b58a-14e12579639d","c4790b02-03d0-495f-b349-78ac9d38c1ce",""
"8ede2f45-d361-4c62-a4d8-4261021a7b5c","ServingRelationship","","","1497ff1f-f774-4785-9d94-0bff92c3601c","869ac5b0-6d03-431f-9b95-e5aed2d23c00",""
"1b35a468-0f02-4772-a8ae-cfa52f2b3ace","ServingRelationship","","","9fd9c395-0bcc-4863-a5f6-206aefbe6211","f802b9ba-c39f-42b3-a2f9-e450050f5de3",""
"31dee7c7-061a-4414-8594-b7144223698f","ServingRelationship","","","b62408a1-b540-4eff-a080-b70f7a2ff955","f802b9ba-c39f-42b3-a2f9-e450050f5de3",""
"1e63e838-bed9-4bf8-8f40-7749805965cb","ServingRelationship","","","dc6ce01d-bb35-4a6e-9385-f591e52255ee","7618ad6c-2831-494b-bb04-70599f63f48c",""
"c423bad1-b906-4d3b-933e-f2de82b28681","ServingRelationship","","","bc8d020b-daf9-44d5-a261-40c521d484a4","9c7a6dbd-95f7-41a9-a223-997909e32685",""
"a340b11b-7f1c-422a-8d2a-33b6c26daac6","ServingRelationship","","","938fd263-f1b5-4b45-b148-b93c5f1bab80","d4292365-5318-4f05-9acd-02b1227d6415",""
"8229a1a2-fe2f-4d4d-8877-642a8f2ff644","ServingRelationship","","","097baf07-12f8-443e-808b-5921fd8711ff","88b3564b-ef79-4edb-a221-c6e4e22134cf",""
"8a1430f9-68e2-4224-aa58-81f31da367a6","ServingRelationship","","","6a781d4b-2bf4-459b-b7fa-2e9a86ba1ef7","d360d867-0f73-4fd2-b812-87a3cea4d9ff",""
"ecdc32d4-6444-43f5-b7a4-cc4ea4f42de1","ServingRelationship","","","16280f34-e358-40b7-a13e-1391ad95e90f","14bad75f-9145-4d40-b45e-d86607ee4032",""
"feb608ca-cfe9-4038-aa45-80ff7d904f42","ServingRelationship","","","d9556d3e-7e4c-40a6-83a1-b4d59b6c2276","33be630e-c083-4945-a80d-3527da10cbd7",""
"d51de91e-4047-4d18-944e-964872154a77","ServingRelationship","","","59d3821f-1373-44b1-855c-c7e8c3d40ea2","50dc02ee-bb82-4bca-8e38-af7a15b5e813",""
"b7fa48cf-e64d-4ae0-9328-a75686f1cb84","ServingRelationship","","","e5090bb2-4731-4c5b-b8c8-c9d3896bec9d","234be382-6a40-4c80-9399-60117aa31136",""
"cce096a5-5712-4cd1-b494-5fcaba06ca82","ServingRelationship","","","a1524166-1076-4b5e-ad0a-aee927926f91","cd61b664-1cd2-4b43-950d-5ef30d76c839",""
"3bbdf192-1e6d-4d6f-97b9-2fd27e3b2436","ServingRelationship","","","a4973568-774d-4d2f-b56c-c40797b0c478","461cd174-5f33-4e1c-977e-e189e97040f5",""
"f1425860-4086-4dee-b2e3-55ec92314f0b","ServingRelationship","","","4c18f30c-4d30-401a-8be0-bb789751c1fe","9c7a6dbd-95f7-41a9-a223-997909e32685",""
"a1f6988f-1d6c-4cfe-9d76-76baa2a54b3b","ServingRelationship","","","ab1c0d14-c5ef-426f-b180-ad58e1e490a0","d9556d3e-7e4c-40a6-83a1-b4d59b6c2276",""
"7e188392-da28-4399-b46e-305710650f9c","ServingRelationship","","","dfe7917d-e240-4e9d-ae5c-8d31d1c32396","cdc375fb-9e7b-4c41-9f0b-76735f69f252",""
"079be577-ff0d-4644-b5d1-699559c4b620","ServingRelationship","","","16280f34-e358-40b7-a13e-1391ad95e90f","fbcdf7da-63a5-4023-8d29-95f1fd7d4827",""
"725c162d-f0e4-4c26-9f9a-94394ed5e07d","ServingRelationship","","","d9556d3e-7e4c-40a6-83a1-b4d59b6c2276","5219080c-ed95-4e3a-bb4f-7abc20d196fd",""
"0eaa9fee-fbb6-4823-868d-5261bdd00a8e","ServingRelationship","","","9fd9c395-0bcc-4863-a5f6-206aefbe6211","d360d867-0f73-4fd2-b812-87a3cea4d9ff",""
"75b95086-2d8d-4a5a-9db8-ddb66397d322","ServingRelationship","","","1c5f0d95-e6e6-4a65-af1e-56808d4de8d4","616664e1-844d-47c7-9abc-3ba2c6748dd4",""
"bc29fa41-cd0b-4391-bfe7-1c65fd2290ce","SpecializationRelationship","","","1eebd3ad-d2c2-4892-b6d0-2123a535fc53","9fd9c395-0bcc-4863-a5f6-206aefbe6211",""
"97875b04-72fb-41a0-8769-bd9baf3b21a7","SpecializationRelationship","","","be4458d4-1008-4649-a13e-2b2249020e33","ad0f1f48-4c05-47db-a67e-70d86d8abe0c",""
"5737288c-7ede-4c7c-bcef-0ef1baa4747d","SpecializationRelationship","","","e3f7275c-4fe8-4533-8094-4e51a97e8d6f","d9556d3e-7e4c-40a6-83a1-b4d59b6c2276",""
"569b3062-108d-40ca-8fbb-ebe5652747db","SpecializationRelationship","","","a0f4ebb2-5cbc-4d43-be70-b94dacffb2f6","461cd174-5f33-4e1c-977e-e189e97040f5",""
"fff7d99c-a458-423d-bf2e-69de55d403b6","SpecializationRelationship","","","936d8000-7bc0-4254-91de-bbdce8b3842e","ad0f1f48-4c05-47db-a67e-70d86d8abe0c",""
"3012f8f4-93cb-44af-af20-05da9f5c8640","SpecializationRelationship","","","7d96309a-475b-4be0-a3d2-57df9b3e0390","f802b9ba-c39f-42b3-a2f9-e450050f5de3",""
"602e9b9b-fd7d-4fbd-8b63-29bd4bb200c0","SpecializationRelationship","","","2bccac5b-6772-4a09-a692-0380f1332dec","f802b9ba-c39f-42b3-a2f9-e450050f5de3",""
"4cd87d00-ed07-4ec2-a9fc-76a997d7ae88","SpecializationRelationship","","","c45f89bc-4e27-46a8-ae63-31e7c49297b8","d2d6fe06-fe0b-4ff6-85ce-73f4a0c3bb21",""
"69c83dd9-d6f8-4eff-a60a-ac7466c27fa7","SpecializationRelationship","","","52ba57a9-cf3e-4c38-903b-524d3bc9ecd0","ad0f1f48-4c05-47db-a67e-70d86d8abe0c",""
"714a9e53-704d-4799-8f4e-c9b78e831480","SpecializationRelationship","","","27886c41-acbb-41f2-88ee-5368d2e2de72","d9556d3e-7e4c-40a6-83a1-b4d59b6c2276",""
"a6758bc2-1939-485d-a0af-6bd959a2d917","SpecializationRelationship","","","b6044320-9805-4d8a-9e35-fbe86f9276e4","9fd9c395-0bcc-4863-a5f6-206aefbe6211",""
"9cedc622-7345-4b74-8e24-3b5adbb09ab4","SpecializationRelationship","","","6a781d4b-2bf4-459b-b7fa-2e9a86ba1ef7","ab764eb8-6465-4b46-ae90-941169412829",""
"4626363f-9517-4bd1-97c0-26851355276f","SpecializationRelationship","","","2f67996d-2841-4c79-8145-7d0526445443","461cd174-5f33-4e1c-977e-e189e97040f5",""
"60720ed6-6348-4074-bce0-beaf9cb8533d","SpecializationRelationship","","","5e939ae4-b625-43ef-85cb-e61b0490973c","d2d6fe06-fe0b-4ff6-85ce-73f4a0c3bb21",""
"3440ab06-a0fe-4df5-b108-724ce79bd5dc","SpecializationRelationship","","","1a532254-2af2-4557-8e33-1d4de58f160f","14bad75f-9145-4d40-b45e-d86607ee4032",""
"3af27b40-5212-4e54-8d25-73006ce47914","TriggeringRelationship","","","449825a6-10e5-4ce9-8c05-1f38b5383d1f","acdf08af-d6a3-4829-bed4-6bb4bb4a2ed0",""
"f8088635-a9cf-4dd4-856e-397d5bd56166","TriggeringRelationship","","","ebfa0e4b-9850-4025-945c-3f403b5fa718","50dc02ee-bb82-4bca-8e38-af7a15b5e813",""
"e2acd6b3-6f52-46be-883a-8d4fb9adcc58","TriggeringRelationship","","","7c8a6049-35c5-44a6-8cb9-e43fdd96382c","f985a2a2-8831-4e42-b547-f9f67eab19b1",""
"8d217ec2-220a-4b8f-abc2-c8655b847576","TriggeringRelationship","","","10b8038d-45d6-4310-9c7f-4cc62f7a91b2","52206ec1-2f6b-4a69-9379-1d22010b243f",""
"abc692ac-0075-4759-b258-c970391cd44c","TriggeringRelationship","","","6b113142-7a63-47c9-954b-f15ac438046d","776655c4-e421-4fbe-a931-16fa1626315e",""
"53ed4462-9ce2-4f76-a159-7837316b304a","TriggeringRelationship","","","776655c4-e421-4fbe-a931-16fa1626315e","a1524166-1076-4b5e-ad0a-aee927926f91",""
"f736790e-4ff4-4721-b070-5eee356f2945","TriggeringRelationship","","","529be9ae-58e1-419b-b7df-ad072bba8d2a","28c0c9c5-2723-4fa6-a846-7ab00321e9d8",""
"5811abb2-03e0-4c4b-bce1-f3f1598306ea","TriggeringRelationship","","","60a2470c-56a4-4535-ab9e-c943e140d313","529be9ae-58e1-419b-b7df-ad072bba8d2a",""
"54863bcb-558b-4003-a762-222fe9f52911","TriggeringRelationship","","","acdf08af-d6a3-4829-bed4-6bb4bb4a2ed0","720f1dba-4a29-45b1-91e0-a34b538afcaf",""
"87eafb26-d859-46bd-a597-bb22e161c890","TriggeringRelationship","","","28c0c9c5-2723-4fa6-a846-7ab00321e9d8","812dcace-8662-4d7f-a865-4a1c8ec95c33",""
"9564b353-3155-47e4-a32f-a5a68d39f07d","TriggeringRelationship","","","720f1dba-4a29-45b1-91e0-a34b538afcaf","76cd9e5f-6355-4d40-93d3-efb8264c18a9",""
"f68fa5c4-0828-4031-9814-ccf0fbdc8870","TriggeringRelationship","","","a9548ea8-b820-420f-925b-8c7e5f245d44","8b7348e9-5a96-4207-ac5f-99da54064a9d",""
"f0d6b339-5758-4921-b354-eb9e00c7aa54","TriggeringRelationship","","","070da9b3-fa89-4cd9-a36a-d6ae53d6272c","601540d1-c25d-409f-9895-4d0663da6ef5",""
"b0bd640a-d626-434d-8dd7-1010e55ac765","TriggeringRelationship","","","8b7348e9-5a96-4207-ac5f-99da54064a9d","4fa18d12-4f5c-4128-a873-8d65f0250ece",""
"c2b77cca-1702-4b3f-b0d1-6cd7d0333629","TriggeringRelationship","","","4611a019-5d9b-4d32-bfac-68c2849e8655","027b7f39-ff10-4cd9-a26e-1dff9b585e40",""
"3dc1c119-4c48-4e35-9f40-d90b1b01fa45","TriggeringRelationship","","","601540d1-c25d-409f-9895-4d0663da6ef5","10b8038d-45d6-4310-9c7f-4cc62f7a91b2",""
"dcd40199-f094-499e-b73d-5cfde9d2fc8e","TriggeringRelationship","","","869ac5b0-6d03-431f-9b95-e5aed2d23c00","ebfa0e4b-9850-4025-945c-3f403b5fa718",""
"f6422fe6-d5a6-4dca-aa07-330ad7ea43ad","TriggeringRelationship","","","cd61b664-1cd2-4b43-950d-5ef30d76c839","6b113142-7a63-47c9-954b-f15ac438046d",""