<?xml version="1.0" encoding="UTF-8"?>
<model xmlns="http://www.opengroup.org/xsd/archimate/3.0/" xmlns:dc="http://purl.org/dc/elements/1.1/" xmlns:xsi="http://www.w3.org/2001/XMLSchema-instance" xsi:schemaLocation="http://www.opengroup.org/xsd/archimate/3.0/ http://www.opengroup.org/xsd/archimate/3.1/archimate3_Diagram.xsd http://purl.org/dc/elements/1.1/ http://www.opengroup.org/xsd/archimate/3.1/dc.xsd" identifier="id-65ad485f-e159-4e69-91f1-eac09ebb9903">
  <name xml:lang="en">Interoperability testing snippet-6</name>
  <metadata>
    <schema>Dublin Core</schema>
    <schemaversion>1.1</schemaversion>
    <dc:title>The Open Group Interoperability Test Snippet 6</dc:title>
    <dc:creator>The Open Group</dc:creator>
    <dc:subject>The Open Group Interoperabillity testing</dc:subject>
    <dc:description>A supporting model for the ArchiMate Exchange File Format</dc:description>
    <dc:publisher>The Open Group</dc:publisher>
    <dc:contributor>The Open Group</dc:contributor>
    <dc:date>November 2019</dc:date>
    <dc:format>The Open Group ArchiMate Exchange File Format V3.1</dc:format>
    <dc:identifier>3.1-2019-11-15</dc:identifier>
    <dc:rights>Copyright The Open Group. See Copyright notice for permissions.</dc:rights>
  </metadata>
  <elements>
    <element identifier="id-0a9af55b-df91-4142-a48a-0ba72d304fe8" xsi:type="Goal">
      <name xml:lang="en">Improve Customer interaction</name>
    </element>
    <element identifier="id-5ada7fba-30b4-4fee-814d-d8bea9bde849" xsi:type="Deliverable">
      <name xml:lang="en">Integrated back-office system</name>
    </element>
    <element identifier="id-dabb729b-001f-4bb5-85fa-049d110eec7b" xsi:type="Deliverable">
      <name xml:lang="en">Software</name>
    </element>
    <element identifier="id-f9471304-3cea-4be3-8fac-1411f61c9ba3" xsi:type="Deliverable">
      <name xml:lang="en">Hardware</name>
    </element>
    <element identifier="id-6eb9940b-a9a8-4b99-87d7-0f434c9e1ce0" xsi:type="Plateau">
      <name xml:lang="en">Baseline</name>
    </element>
    <element identifier="id-67b38222-e0da-423b-ba99-d080a3b5b7b7" xsi:type="Plateau">
      <name xml:lang="en">Transition 1</name>
    </element>
    <element identifier="id-a382d11f-4a23-46f1-b510-70579fb56651" xsi:type="Plateau">
      <name xml:lang="en">Transition 2 Alternative A</name>
    </element>
    <element identifier="id-6874b8a9-cb1b-4af6-ab5c-0d71581f5a33" xsi:type="Plateau">
      <name xml:lang="en">Transition 2 Alternative B</name>
    </element>
    <element identifier="id-fd215a76-510b-465e-9d94-5426bf653b17" xsi:type="Plateau">
      <name xml:lang="en">Transition 3</name>
    </element>
    <element identifier="id-871e9414-7101-48c3-85a1-a6754297ae23" xsi:type="Plateau">
      <name xml:lang="en">Target</name>
    </element>
    <element identifier="id-fd967091-4d84-4bff-b5a5-73fca2d99f76" xsi:type="ImplementationEvent">
      <name xml:lang="en">Customer Testing</name>
    </element>
    <element identifier="id-72980e5e-4db6-43be-bd20-087ffe3ef029" xsi:type="Deliverable">
      <name xml:lang="en">Proposed Final Deliverable</name>
    </element>
    <element identifier="id-e88265ca-d8da-4b9b-a217-54faba13de9d" xsi:type="WorkPackage">
      <name xml:lang="en">Program Application Portfolio Rationalization</name>
    </element>
    <element identifier="id-329be108-1128-4508-9b52-534896e003b5" xsi:type="WorkPackage">
      <name xml:lang="en">Project Back-office system integration</name>
    </element>
    <element identifier="id-b7ede0b1-23fb-4c08-967a-faf713472af4" xsi:type="WorkPackage">
      <name xml:lang="en">Project CRM system integration</name>
    </element>
    <element identifier="id-82744b6d-42a8-4a46-b0ef-6583809035ea" xsi:type="WorkPackage">
      <name xml:lang="en">Customer Enhancement Program</name>
    </element>
    <element identifier="id-8162a46e-7ba1-42fb-882d-89f553e28b6e" xsi:type="Deliverable">
      <name xml:lang="en">Retire Legacy System</name>
    </element>
    <element identifier="id-d5b6273e-b2d0-4fcc-bcfb-b4a5f85a8cf7" xsi:type="Deliverable">
      <name xml:lang="en">Implement New CRM</name>
    </element>
    <element identifier="id-5ab1b9aa-4bbc-48d8-828c-415e50338222" xsi:type="WorkPackage">
      <name xml:lang="en">Customer Service Project</name>
    </element>
    <element identifier="id-fe17ef4b-63ac-4423-8dc3-b85dc02a09c2" xsi:type="AndJunction">
      <name xml:lang="en">And Junction Transition 1</name>
    </element>
    <element identifier="id-83c07500-6779-4997-ac16-8a4c59a28b5e" xsi:type="AndJunction">
      <name xml:lang="en">And junction transition 2</name>
    </element>
  </elements>
  <relationships>
    <relationship identifier="id-24be5579-4250-4188-bd38-f9f97d294f81" source="id-5ada7fba-30b4-4fee-814d-d8bea9bde849" target="id-dabb729b-001f-4bb5-85fa-049d110eec7b" xsi:type="Aggregation" />
    <relationship identifier="id-fb17c87e-228d-4322-b31a-10a5cc48e1bb" source="id-5ada7fba-30b4-4fee-814d-d8bea9bde849" target="id-f9471304-3cea-4be3-8fac-1411f61c9ba3" xsi:type="Aggregation" />
    <relationship identifier="id-1432e098-7adf-4156-b943-6b5cb93b5832" source="id-6874b8a9-cb1b-4af6-ab5c-0d71581f5a33" target="id-83c07500-6779-4997-ac16-8a4c59a28b5e" xsi:type="Triggering" />
    <relationship identifier="id-1e82489e-d5e8-485e-acdd-300561feca02" source="id-fd215a76-510b-465e-9d94-5426bf653b17" target="id-871e9414-7101-48c3-85a1-a6754297ae23" xsi:type="Triggering" />
    <relationship identifier="id-1ca6f0f3-977f-4670-a0c0-722448001daa" source="id-fe17ef4b-63ac-4423-8dc3-b85dc02a09c2" target="id-a382d11f-4a23-46f1-b510-70579fb56651" xsi:type="Triggering" />
    <relationship identifier="id-f2d37cae-2b21-4f0c-8f8a-2df884d6bfab" source="id-6eb9940b-a9a8-4b99-87d7-0f434c9e1ce0" target="id-67b38222-e0da-423b-ba99-d080a3b5b7b7" xsi:type="Triggering" />
    <relationship identifier="id-33984f7d-832a-404d-aecf-ab6aadbc5dca" source="id-83c07500-6779-4997-ac16-8a4c59a28b5e" target="id-fd215a76-510b-465e-9d94-5426bf653b17" xsi:type="Triggering" />
    <relationship identifier="id-f341f52f-df93-4f3d-93e3-c796f3017a9c" source="id-a382d11f-4a23-46f1-b510-70579fb56651" target="id-83c07500-6779-4997-ac16-8a4c59a28b5e" xsi:type="Triggering" />
    <relationship identifier="id-f17cfee8-5760-4ea6-8ab7-1f7eb33b0d3c" source="id-fe17ef4b-63ac-4423-8dc3-b85dc02a09c2" target="id-6874b8a9-cb1b-4af6-ab5c-0d71581f5a33" xsi:type="Triggering" />
    <relationship identifier="id-53a84d54-8908-47ab-a67e-706f0bb0ab71" source="id-67b38222-e0da-423b-ba99-d080a3b5b7b7" target="id-fe17ef4b-63ac-4423-8dc3-b85dc02a09c2" xsi:type="Triggering" />
    <relationship identifier="id-e5c9d4bd-55a6-46eb-8174-da9ff773b2eb" source="id-fd967091-4d84-4bff-b5a5-73fca2d99f76" target="id-72980e5e-4db6-43be-bd20-087ffe3ef029" xsi:type="Access" accessType="Read" />
    <relationship identifier="id-6db7fb36-e135-469f-a496-781ac9ae23bf" source="id-e88265ca-d8da-4b9b-a217-54faba13de9d" target="id-329be108-1128-4508-9b52-534896e003b5" xsi:type="Composition" />
    <relationship identifier="id-72770d38-3b14-4f14-80b1-8b7eb81c2b4d" source="id-329be108-1128-4508-9b52-534896e003b5" target="id-b7ede0b1-23fb-4c08-967a-faf713472af4" xsi:type="Triggering" />
    <relationship identifier="id-21afdbca-f150-4a0e-a74e-6a52638dda51" source="id-e88265ca-d8da-4b9b-a217-54faba13de9d" target="id-b7ede0b1-23fb-4c08-967a-faf713472af4" xsi:type="Composition" />
    <relationship identifier="id-e2a78a05-eb5a-49f9-bbb2-fae000f4802e" source="id-82744b6d-42a8-4a46-b0ef-6583809035ea" target="id-d5b6273e-b2d0-4fcc-bcfb-b4a5f85a8cf7" xsi:type="Realization" />
    <relationship identifier="id-eada9546-9f9d-4c97-8480-1cbda20cfd42" source="id-82744b6d-42a8-4a46-b0ef-6583809035ea" target="id-5ab1b9aa-4bbc-48d8-828c-415e50338222" xsi:type="Composition" />
    <relationship identifier="id-9cd0f961-2cdd-4bea-9280-46ce5c5a2c74" source="id-5ab1b9aa-4bbc-48d8-828c-415e50338222" target="id-8162a46e-7ba1-42fb-882d-89f553e28b6e" xsi:type="Realization" />
    <relationship identifier="id-140f264f-2e26-4855-be98-0fa654a5ffce" source="id-82744b6d-42a8-4a46-b0ef-6583809035ea" target="id-8162a46e-7ba1-42fb-882d-89f553e28b6e" xsi:type="Realization" />
    <relationship identifier="id-7fd0510d-9cb8-47de-94da-adfb67d898cb" source="id-5ab1b9aa-4bbc-48d8-828c-415e50338222" target="id-d5b6273e-b2d0-4fcc-bcfb-b4a5f85a8cf7" xsi:type="Realization" />
    <relationship identifier="id-2a470d2e-175f-425b-9b70-759f1a96a56b" source="id-82744b6d-42a8-4a46-b0ef-6583809035ea" target="id-0a9af55b-df91-4142-a48a-0ba72d304fe8" xsi:type="Realization" />
  </relationships>
  <organizations>
    <item>
      <label xml:lang="en">Motivation</label>
      <item identifierRef="id-0a9af55b-df91-4142-a48a-0ba72d304fe8" />
    </item>
    <item>
      <label xml:lang="en">Implementation &amp; Migration</label>
      <item identifierRef="id-5ada7fba-30b4-4fee-814d-d8bea9bde849" />
      <item identifierRef="id-dabb729b-001f-4bb5-85fa-049d110eec7b" />
      <item identifierRef="id-f9471304-3cea-4be3-8fac-1411f61c9ba3" />
      <item identifierRef="id-6eb9940b-a9a8-4b99-87d7-0f434c9e1ce0" />
      <item identifierRef="id-67b38222-e0da-423b-ba99-d080a3b5b7b7" />
      <item identifierRef="id-a382d11f-4a23-46f1-b510-70579fb56651" />
      <item identifierRef="id-6874b8a9-cb1b-4af6-ab5c-0d71581f5a33" />
      <item identifierRef="id-fd215a76-510b-465e-9d94-5426bf653b17" />
      <item identifierRef="id-871e9414-7101-48c3-85a1-a6754297ae23" />
      <item identifierRef="id-fd967091-4d84-4bff-b5a5-73fca2d99f76" />
      <item identifierRef="id-72980e5e-4db6-43be-bd20-087ffe3ef029" />
      <item identifierRef="id-e88265ca-d8da-4b9b-a217-54faba13de9d" />
      <item identifierRef="id-329be108-1128-4508-9b52-534896e003b5" />
      <item identifierRef="id-b7ede0b1-23fb-4c08-967a-faf713472af4" />
      <item identifierRef="id-82744b6d-42a8-4a46-b0ef-6583809035ea" />
      <item identifierRef="id-8162a46e-7ba1-42fb-882d-89f553e28b6e" />
      <item identifierRef="id-d5b6273e-b2d0-4fcc-bcfb-b4a5f85a8cf7" />
      <item identifierRef="id-5ab1b9aa-4bbc-48d8-828c-415e50338222" />
    </item>
    <item>
      <label xml:lang="en">Other</label>
      <item identifierRef="id-fe17ef4b-63ac-4423-8dc3-b85dc02a09c2" />
      <item identifierRef="id-83c07500-6779-4997-ac16-8a4c59a28b5e" />
    </item>
    <item>
      <label xml:lang="en">Relations</label>
      <item identifierRef="id-24be5579-4250-4188-bd38-f9f97d294f81" />
      <item identifierRef="id-fb17c87e-228d-4322-b31a-10a5cc48e1bb" />
      <item identifierRef="id-1432e098-7adf-4156-b943-6b5cb93b5832" />
      <item identifierRef="id-1e82489e-d5e8-485e-acdd-300561feca02" />
      <item identifierRef="id-1ca6f0f3-977f-4670-a0c0-722448001daa" />
      <item identifierRef="id-f2d37cae-2b21-4f0c-8f8a-2df884d6bfab" />
      <item identifierRef="id-33984f7d-832a-404d-aecf-ab6aadbc5dca" />
      <item identifierRef="id-f341f52f-df93-4f3d-93e3-c796f3017a9c" />
      <item identifierRef="id-f17cfee8-5760-4ea6-8ab7-1f7eb33b0d3c" />
      <item identifierRef="id-53a84d54-8908-47ab-a67e-706f0bb0ab71" />
      <item identifierRef="id-e5c9d4bd-55a6-46eb-8174-da9ff773b2eb" />
      <item identifierRef="id-6db7fb36-e135-469f-a496-781ac9ae23bf" />
      <item identifierRef="id-72770d38-3b14-4f14-80b1-8b7eb81c2b4d" />
      <item identifierRef="id-21afdbca-f150-4a0e-a74e-6a52638dda51" />
      <item identifierRef="id-e2a78a05-eb5a-49f9-bbb2-fae000f4802e" />
      <item identifierRef="id-eada9546-9f9d-4c97-8480-1cbda20cfd42" />
      <item identifierRef="id-9cd0f961-2cdd-4bea-9280-46ce5c5a2c74" />
      <item identifierRef="id-140f264f-2e26-4855-be98-0fa654a5ffce" />
      <item identifierRef="id-7fd0510d-9cb8-47de-94da-adfb67d898cb" />
      <item identifierRef="id-2a470d2e-175f-425b-9b70-759f1a96a56b" />
    </item>
    <item>
      <label xml:lang="en">Views</label>
      <item identifierRef="id-a5572591-9a02-4a3b-b218-b1f4dbb7d37f" />
    </item>
  </organizations>
  <views>
    <diagrams>
      <view identifier="id-a5572591-9a02-4a3b-b218-b1f4dbb7d37f" xsi:type="Diagram">
        <name xml:lang="en">Default View</name>
        <node identifier="id-3257a73e-fc11-4315-9bc4-6cb1016b5eb1" elementRef="id-5ada7fba-30b4-4fee-814d-d8bea9bde849" xsi:type="Element" x="168" y="60" w="120" h="55">
          <style>
            <fillColor r="255" g="224" b="224" a="100" />
            <lineColor r="92" g="92" b="92" a="100" />
            <font name="Arial" size="12">
              <color r="0" g="0" b="0" />
            </font>
          </style>
        </node>
        <node identifier="id-2ef036dc-7ffe-425a-b834-e89e3013c744" elementRef="id-dabb729b-001f-4bb5-85fa-049d110eec7b" xsi:type="Element" x="60" y="168" w="120" h="55">
          <style>
            <fillColor r="255" g="224" b="224" a="100" />
            <lineColor r="92" g="92" b="92" a="100" />
            <font name="Arial" size="12">
              <color r="0" g="0" b="0" />
            </font>
          </style>
        </node>
        <node identifier="id-c9b11080-a02c-49e0-89ae-c527c0404695" elementRef="id-f9471304-3cea-4be3-8fac-1411f61c9ba3" xsi:type="Element" x="276" y="168" w="120" h="55">
          <style>
            <fillColor r="255" g="224" b="224" a="100" />
            <lineColor r="92" g="92" b="92" a="100" />
            <font name="Arial" size="12">
              <color r="0" g="0" b="0" />
            </font>
          </style>
        </node>
        <node identifier="id-84321bd3-9946-4e01-b0b5-4f47d7e83064" elementRef="id-6eb9940b-a9a8-4b99-87d7-0f434c9e1ce0" xsi:type="Element" x="60" y="300" w="120" h="55">
          <style>
            <fillColor r="224" g="255" b="224" a="100" />
            <lineColor r="92" g="92" b="92" a="100" />
            <font name="Arial" size="12">
              <color r="0" g="0" b="0" />
            </font>
          </style>
        </node>
        <node identifier="id-2a063235-bf5b-4abb-90eb-b1e035c5b318" elementRef="id-67b38222-e0da-423b-ba99-d080a3b5b7b7" xsi:type="Element" x="204" y="299" w="120" h="55">
          <style>
            <fillColor r="224" g="255" b="224" a="100" />
            <lineColor r="92" g="92" b="92" a="100" />
            <font name="Arial" size="12">
              <color r="0" g="0" b="0" />
            </font>
          </style>
        </node>
        <node identifier="id-b2bf22c7-a7a7-4a31-b19b-5b0ea1ba34d3" elementRef="id-fe17ef4b-63ac-4423-8dc3-b85dc02a09c2" xsi:type="Element" x="348" y="319" w="15" h="15">
          <style>
            <fillColor r="0" g="0" b="0" a="100" />
            <lineColor r="92" g="92" b="92" a="100" />
            <font name="Arial" size="12">
              <color r="0" g="0" b="0" />
            </font>
          </style>
        </node>
        <node identifier="id-59311831-b5df-4892-be7c-f9a6f336d397" elementRef="id-a382d11f-4a23-46f1-b510-70579fb56651" xsi:type="Element" x="408" y="245" w="157" h="55">
          <style>
            <fillColor r="224" g="255" b="224" a="100" />
            <lineColor r="92" g="92" b="92" a="100" />
            <font name="Arial" size="12">
              <color r="0" g="0" b="0" />
            </font>
          </style>
        </node>
        <node identifier="id-cb64ecef-beaa-4eef-9d69-895c3f3a0030" elementRef="id-6874b8a9-cb1b-4af6-ab5c-0d71581f5a33" xsi:type="Element" x="408" y="353" w="157" h="55">
          <style>
            <fillColor r="224" g="255" b="224" a="100" />
            <lineColor r="92" g="92" b="92" a="100" />
            <font name="Arial" size="12">
              <color r="0" g="0" b="0" />
            </font>
          </style>
        </node>
        <node identifier="id-fb22ee6f-ca86-439b-baa8-75c2357ffb45" elementRef="id-fd215a76-510b-465e-9d94-5426bf653b17" xsi:type="Element" x="648" y="300" w="120" h="55">
          <style>
            <fillColor r="224" g="255" b="224" a="100" />
            <lineColor r="92" g="92" b="92" a="100" />
            <font name="Arial" size="12">
              <color r="0" g="0" b="0" />
            </font>
          </style>
        </node>
        <node identifier="id-47814f47-7a38-4dee-a1e1-1aa9c6914cf1" elementRef="id-871e9414-7101-48c3-85a1-a6754297ae23" xsi:type="Element" x="792" y="300" w="120" h="55">
          <style>
            <fillColor r="224" g="255" b="224" a="100" />
            <lineColor r="92" g="92" b="92" a="100" />
            <font name="Arial" size="12">
              <color r="0" g="0" b="0" />
            </font>
          </style>
        </node>
        <node identifier="id-a2cb7602-9f34-4be1-a980-1bb700237c28" elementRef="id-83c07500-6779-4997-ac16-8a4c59a28b5e" xsi:type="Element" x="609" y="320" w="15" h="15">
          <style>
            <fillColor r="0" g="0" b="0" a="100" />
            <lineColor r="92" g="92" b="92" a="100" />
            <font name="Arial" size="12">
              <color r="0" g="0" b="0" />
            </font>
          </style>
        </node>
        <node identifier="id-dbd530ef-8f82-4454-90ad-2e7999af1360" elementRef="id-fd967091-4d84-4bff-b5a5-73fca2d99f76" xsi:type="Element" x="708" y="96" w="120" h="55">
          <style>
            <fillColor r="255" g="224" b="224" a="100" />
            <lineColor r="92" g="92" b="92" a="100" />
            <font name="Arial" size="12">
              <color r="0" g="0" b="0" />
            </font>
          </style>
        </node>
        <node identifier="id-f431f3dd-4143-407c-a0a8-9cc6adb3d8cc" elementRef="id-72980e5e-4db6-43be-bd20-087ffe3ef029" xsi:type="Element" x="456" y="96" w="120" h="55">
          <style>
            <fillColor r="255" g="224" b="224" a="100" />
            <lineColor r="92" g="92" b="92" a="100" />
            <font name="Arial" size="12">
              <color r="0" g="0" b="0" />
            </font>
          </style>
        </node>
        <node identifier="id-8daa4712-b81d-49eb-8d4e-3f19659ffca4" elementRef="id-e88265ca-d8da-4b9b-a217-54faba13de9d" xsi:type="Element" x="108" y="540" w="361" h="145">
          <style>
            <fillColor r="255" g="224" b="224" a="100" />
            <lineColor r="92" g="92" b="92" a="100" />
            <font name="Arial" size="12">
              <color r="0" g="0" b="0" />
            </font>
          </style>
          <node identifier="id-e699021a-38da-433b-a486-d2eff7d0b924" elementRef="id-329be108-1128-4508-9b52-534896e003b5" xsi:type="Element" x="132" y="600" w="120" h="55">
            <style>
              <fillColor r="255" g="224" b="224" a="100" />
              <lineColor r="92" g="92" b="92" a="100" />
              <font name="Arial" size="12">
                <color r="0" g="0" b="0" />
              </font>
            </style>
          </node>
          <node identifier="id-87102820-15aa-4e9c-88aa-41278633b3a0" elementRef="id-b7ede0b1-23fb-4c08-967a-faf713472af4" xsi:type="Element" x="324" y="600" w="120" h="55">
            <style>
              <fillColor r="255" g="224" b="224" a="100" />
              <lineColor r="92" g="92" b="92" a="100" />
              <font name="Arial" size="12">
                <color r="0" g="0" b="0" />
              </font>
            </style>
          </node>
        </node>
        <node identifier="id-0638c774-b132-4fac-a7c5-45774bf70062" elementRef="id-82744b6d-42a8-4a46-b0ef-6583809035ea" xsi:type="Element" x="553" y="480" w="361" h="233">
          <style>
            <fillColor r="255" g="224" b="224" a="100" />
            <lineColor r="92" g="92" b="92" a="100" />
            <font name="Arial" size="12">
              <color r="0" g="0" b="0" />
            </font>
          </style>
          <node identifier="id-163caa08-f54b-43ed-98ee-fc2e0163ea2a" elementRef="id-8162a46e-7ba1-42fb-882d-89f553e28b6e" xsi:type="Element" x="565" y="540" w="120" h="55">
            <style>
              <fillColor r="255" g="224" b="224" a="100" />
              <lineColor r="92" g="92" b="92" a="100" />
              <font name="Arial" size="12">
                <color r="0" g="0" b="0" />
              </font>
            </style>
          </node>
          <node identifier="id-a11ce435-39c1-4fcc-8b88-b808a6b46bb0" elementRef="id-d5b6273e-b2d0-4fcc-bcfb-b4a5f85a8cf7" xsi:type="Element" x="769" y="540" w="120" h="55">
            <style>
              <fillColor r="255" g="224" b="224" a="100" />
              <lineColor r="92" g="92" b="92" a="100" />
              <font name="Arial" size="12">
                <color r="0" g="0" b="0" />
              </font>
            </style>
          </node>
          <node identifier="id-9971cb1b-8492-4187-8f16-c959a2755409" elementRef="id-5ab1b9aa-4bbc-48d8-828c-415e50338222" xsi:type="Element" x="661" y="636" w="145" h="55">
            <style>
              <fillColor r="255" g="224" b="224" a="100" />
              <lineColor r="92" g="92" b="92" a="100" />
              <font name="Arial" size="12">
                <color r="0" g="0" b="0" />
              </font>
            </style>
          </node>
        </node>
        <node identifier="id-acdd0359-6ca3-40b0-831f-2537be7db377" elementRef="id-0a9af55b-df91-4142-a48a-0ba72d304fe8" xsi:type="Element" x="673" y="384" w="120" h="55">
          <style>
            <fillColor r="204" g="204" b="255" a="100" />
            <lineColor r="92" g="92" b="92" a="100" />
            <font name="Arial" size="12">
              <color r="0" g="0" b="0" />
            </font>
          </style>
        </node>
        <connection identifier="id-ff6775f5-0b2b-4106-b812-4723051d3d92" relationshipRef="id-fb17c87e-228d-4322-b31a-10a5cc48e1bb" xsi:type="Relationship" source="id-3257a73e-fc11-4315-9bc4-6cb1016b5eb1" target="id-c9b11080-a02c-49e0-89ae-c527c0404695">
          <style>
            <lineColor r="0" g="0" b="0" />
            <font name="Arial" size="12">
              <color r="0" g="0" b="0" />
            </font>
          </style>
        </connection>
        <connection identifier="id-78c0257a-f00f-4b31-8002-f21342334e48" relationshipRef="id-24be5579-4250-4188-bd38-f9f97d294f81" xsi:type="Relationship" source="id-3257a73e-fc11-4315-9bc4-6cb1016b5eb1" target="id-2ef036dc-7ffe-425a-b834-e89e3013c744">
          <style>
            <lineColor r="0" g="0" b="0" />
            <font name="Arial" size="12">
              <color r="0" g="0" b="0" />
            </font>
          </style>
        </connection>
        <connection identifier="id-f2c0129d-fa03-44a1-b4b7-4de8f5ff9e49" relationshipRef="id-f2d37cae-2b21-4f0c-8f8a-2df884d6bfab" xsi:type="Relationship" source="id-84321bd3-9946-4e01-b0b5-4f47d7e83064" target="id-2a063235-bf5b-4abb-90eb-b1e035c5b318">
          <style>
            <lineColor r="0" g="0" b="0" />
            <font name="Arial" size="12">
              <color r="0" g="0" b="0" />
            </font>
          </style>
        </connection>
        <connection identifier="id-dd7b8c2e-524c-4c26-b453-263f8afe6aaf" relationshipRef="id-53a84d54-8908-47ab-a67e-706f0bb0ab71" xsi:type="Relationship" source="id-2a063235-bf5b-4abb-90eb-b1e035c5b318" target="id-b2bf22c7-a7a7-4a31-b19b-5b0ea1ba34d3">
          <style>
            <lineColor r="0" g="0" b="0" />
            <font name="Arial" size="12">
              <color r="0" g="0" b="0" />
            </font>
          </style>
        </connection>
        <connection identifier="id-c9c6d926-8e61-4f32-aea5-e6f17a115384" relationshipRef="id-f17cfee8-5760-4ea6-8ab7-1f7eb33b0d3c" xsi:type="Relationship" source="id-b2bf22c7-a7a7-4a31-b19b-5b0ea1ba34d3" target="id-cb64ecef-beaa-4eef-9d69-895c3f3a0030">
          <style>
            <lineColor r="0" g="0" b="0" />
            <font name="Arial" size="12">
              <color r="0" g="0" b="0" />
            </font>
          </style>
          <bendpoint x="378" y="377" />
        </connection>
        <connection identifier="id-b890d56f-25e6-4351-9d88-e289d77412e6" relationshipRef="id-1ca6f0f3-977f-4670-a0c0-722448001daa" xsi:type="Relationship" source="id-b2bf22c7-a7a7-4a31-b19b-5b0ea1ba34d3" target="id-59311831-b5df-4892-be7c-f9a6f336d397">
          <style>
            <lineColor r="0" g="0" b="0" />
            <font name="Arial" size="12">
              <color r="0" g="0" b="0" />
            </font>
          </style>
          <bendpoint x="384" y="269" />
        </connection>
        <connection identifier="id-a7ba0337-94ec-4fa7-a890-170d260bf7d6" relationshipRef="id-f341f52f-df93-4f3d-93e3-c796f3017a9c" xsi:type="Relationship" source="id-59311831-b5df-4892-be7c-f9a6f336d397" target="id-a2cb7602-9f34-4be1-a980-1bb700237c28">
          <style>
            <lineColor r="0" g="0" b="0" />
            <font name="Arial" size="12">
              <color r="0" g="0" b="0" />
            </font>
          </style>
          <bendpoint x="576" y="264" />
        </connection>
        <connection identifier="id-21393a35-fb9d-4216-99d3-b3c5bd701885" relationshipRef="id-1432e098-7adf-4156-b943-6b5cb93b5832" xsi:type="Relationship" source="id-cb64ecef-beaa-4eef-9d69-895c3f3a0030" target="id-a2cb7602-9f34-4be1-a980-1bb700237c28">
          <style>
            <lineColor r="0" g="0" b="0" />
            <font name="Arial" size="12">
              <color r="0" g="0" b="0" />
            </font>
          </style>
          <bendpoint x="576" y="372" />
        </connection>
        <connection identifier="id-fb637b68-17b9-4d58-a8ef-b1c7a9a90490" relationshipRef="id-1e82489e-d5e8-485e-acdd-300561feca02" xsi:type="Relationship" source="id-fb22ee6f-ca86-439b-baa8-75c2357ffb45" target="id-47814f47-7a38-4dee-a1e1-1aa9c6914cf1">
          <style>
            <lineColor r="0" g="0" b="0" />
            <font name="Arial" size="12">
              <color r="0" g="0" b="0" />
            </font>
          </style>
        </connection>
        <connection identifier="id-d6a69599-ff61-4c00-9c0a-c4ff641a6cc9" relationshipRef="id-33984f7d-832a-404d-aecf-ab6aadbc5dca" xsi:type="Relationship" source="id-a2cb7602-9f34-4be1-a980-1bb700237c28" target="id-fb22ee6f-ca86-439b-baa8-75c2357ffb45">
          <style>
            <lineColor r="0" g="0" b="0" />
            <font name="Arial" size="12">
              <color r="0" g="0" b="0" />
            </font>
          </style>
        </connection>
        <connection identifier="id-62c980ec-82dd-43c2-b2f9-d2c456ef0159" relationshipRef="id-e5c9d4bd-55a6-46eb-8174-da9ff773b2eb" xsi:type="Relationship" source="id-dbd530ef-8f82-4454-90ad-2e7999af1360" target="id-f431f3dd-4143-407c-a0a8-9cc6adb3d8cc">
          <style>
            <lineColor r="0" g="0" b="0" />
            <font name="Arial" size="12">
              <color r="0" g="0" b="0" />
            </font>
          </style>
        </connection>
        <connection identifier="id-d49fa71d-3d99-41a5-a9e4-9e2c845b47eb" relationshipRef="id-72770d38-3b14-4f14-80b1-8b7eb81c2b4d" xsi:type="Relationship" source="id-e699021a-38da-433b-a486-d2eff7d0b924" target="id-87102820-15aa-4e9c-88aa-41278633b3a0">
          <style>
            <lineColor r="0" g="0" b="0" />
            <font name="Arial" size="12">
              <color r="0" g="0" b="0" />
            </font>
          </style>
        </connection>
        <connection identifier="id-6d715706-0e53-4661-9b40-5597b8bfd1cc" relationshipRef="id-2a470d2e-175f-425b-9b70-759f1a96a56b" xsi:type="Relationship" source="id-0638c774-b132-4fac-a7c5-45774bf70062" target="id-acdd0359-6ca3-40b0-831f-2537be7db377">
          <style>
            <lineColor r="0" g="0" b="0" />
            <font name="Arial" size="12">
              <color r="0" g="0" b="0" />
            </font>
          </style>
        </connection>
        <connection identifier="id-a4a7ab16-9f00-4734-ae4e-93ab3f21a6f7" relationshipRef="id-7fd0510d-9cb8-47de-94da-adfb67d898cb" xsi:type="Relationship" source="id-9971cb1b-8492-4187-8f16-c959a2755409" target="id-a11ce435-39c1-4fcc-8b88-b808a6b46bb0">
          <style>
            <lineColor r="0" g="0" b="0" />
            <font name="Arial" size="12">
              <color r="0" g="0" b="0" />
            </font>
          </style>
        </connection>
        <connection identifier="id-9dc48029-8dde-4f4b-a51f-757d0a2095c8" relationshipRef="id-9cd0f961-2cdd-4bea-9280-46ce5c5a2c74" xsi:type="Relationship" source="id-9971cb1b-8492-4187-8f16-c959a2755409" target="id-163caa08-f54b-43ed-98ee-fc2e0163ea2a">
          <style>
            <lineColor r="0" g="0" b="0" />
            <font name="Arial" size="12">
              <color r="0" g="0" b="0" />
            </font>
          </style>
          <bendpoint x="697" y="624" />
          <bendpoint x="601" y="624" />
          <bendpoint x="598" y="600" />
        </connection>
      </view>
    </diagrams>
  </views>
</model>
