"ID","Type","Name","Documentation","Source","Target","Specialization"
"id-eaed0f50d82d40bb92a4c5ff0c4f4447","AssignmentRelationship","","","id-7b8d5887daa74de7931bb4916e5b46f6","id-8e94fef3ad6740ebb5bcb21c8ba11cd6",""
"id-a374bab791404007be2e7c5c40a68862","AssociationRelationship","","","id-f2f451bd40f344f98f650f12a5d8ca34","id-5cd7dfd010f34932b637dd7cf7c5c22c",""
"id-d306175cb70e4e47862ce81cf3d9b37b","AssociationRelationship","","","id-7b8d5887daa74de7931bb4916e5b46f6","id-e133a0241fb34717a6dec5ad3e17b703",""
"id-d8fca6d4d6f849b1b1b1a9fceca02ad5","AssociationRelationship","","","id-8eb3a7a68ddb481c9b701767fbb200bd","id-1f8e8ca606c04706bbd6e214351a1c99",""
"id-bd0ba19776d54a2590945f082a013644","AssociationRelationship","","","id-8eb3a7a68ddb481c9b701767fbb200bd","id-76e2c78b0e224e0cbdfff3934aa41f6e",""
"id-8322c1ba22ee4504bbea52efc90a2081","AssociationRelationship","","","id-3c39011552364617ae9f9e623e98c32a","id-db94192cdec74c6aa8e0034b8e91e159",""
"id-3b50b8d0027647d0ba7cff01c22efc89","AssociationRelationship","","","id-5cd7dfd010f34932b637dd7cf7c5c22c","id-7b8d5887daa74de7931bb4916e5b46f6",""
"id-10d627aa341e4d3786739b962c7c8371","AssociationRelationship","","","id-200af1ee8f6241fd8221f29c74c51969","id-3c39011552364617ae9f9e623e98c32a",""
"id-180debdbab0e40929236bfe0b51e9f1e","AssociationRelationship","","","id-db94192cdec74c6aa8e0034b8e91e159","id-47f84b932c0a4d38af3279b7880fa468",""
"id-af4ed48a5c8b4e2c91bf7dba3e4a8f06","AssociationRelationship","","","id-76e2c78b0e224e0cbdfff3934aa41f6e","id-e133a0241fb34717a6dec5ad3e17b703",""
"id-fe2721c7295d4f6e80fe2e6191e50fe9","AssociationRelationship","","","id-ff38ba2ecd9641fb9e3afded3a872494","id-8cd38fe503cc4da8a8c926f45d35858d",""
"id-1828d3ce2de34d7794142b1c14e001be","AssociationRelationship","","","id-ef44af213243439fb13cdbec47d2e494","id-47f84b932c0a4d38af3279b7880fa468",""
"id-c6460feafbd84766a2f399fdf029e992","AssociationRelationship","","","id-76e2c78b0e224e0cbdfff3934aa41f6e","id-47f84b932c0a4d38af3279b7880fa468",""
"id-941b3454360346a7973b7b3b9e72a3ce","AssociationRelationship","","","id-ef44af213243439fb13cdbec47d2e494","id-8cd38fe503cc4da8a8c926f45d35858d",""
"id-2fe0679d1ee742b7a714d52957f222bc","AssociationRelationship","","","id-a10245c7116a4d3caa3a29d25f74f38f","id-38da07b76f9445f1b38a6dc9e5be5090",""
"id-f12bc826b84a42248f094a59d5a20dc8","CompositionRelationship","","","id-7db18aa2016a437c8e2d41c254f44924","id-3c39011552364617ae9f9e623e98c32a",""
"id-471fb7d7c1b344199d1fb865178dbbc4","CompositionRelationship","","","id-ff38ba2ecd9641fb9e3afded3a872494","id-8cd38fe503cc4da8a8c926f45d35858d",""
"id-33ff8d454ab747acab459ed109b568e0","CompositionRelationship","","","id-f2f451bd40f344f98f650f12a5d8ca34","id-8eb3a7a68ddb481c9b701767fbb200bd",""
"id-43c99fc6d0824b5f8286f48766c18fc6","CompositionRelationship","","","id-7db18aa2016a437c8e2d41c254f44924","id-ef44af213243439fb13cdbec47d2e494",""
"id-87b1679dd11b4adc8b0af4a2c02e1e95","CompositionRelationship","","","id-7db18aa2016a437c8e2d41c254f44924","id-db94192cdec74c6aa8e0034b8e91e159",""
"id-0c3ded99cf8c4d4cb8b2088098c45e05","CompositionRelationship","","","id-7db18aa2016a437c8e2d41c254f44924","id-ff38ba2ecd9641fb9e3afded3a872494",""
"id-be3f1961124f41eabb0e726969e5d2f0","CompositionRelationship","","","id-8e94fef3ad6740ebb5bcb21c8ba11cd6","id-e133a0241fb34717a6dec5ad3e17b703",""
"id-fc3d2aae7d5c4b11805172aef3bafbe2","CompositionRelationship","","","id-7b8d5887daa74de7931bb4916e5b46f6","id-e133a0241fb34717a6dec5ad3e17b703",""
"id-d2fb3b3d56714583b670c7a5faf4c4e0","CompositionRelationship","","","id-200af1ee8f6241fd8221f29c74c51969","id-3c39011552364617ae9f9e623e98c32a",""
"id-58712863b5904a4388fda870a1f492e7","CompositionRelationship","","","id-7db18aa2016a437c8e2d41c254f44924","id-200af1ee8f6241fd8221f29c74c51969",""
"id-91b52d12af184ef884f0064392337e16","CompositionRelationship","","","id-8e94fef3ad6740ebb5bcb21c8ba11cd6","id-7b8d5887daa74de7931bb4916e5b46f6",""
"id-cf9837e5b6434b7c9a7e2d1d6a23ffc4","CompositionRelationship","","","id-8e94fef3ad6740ebb5bcb21c8ba11cd6","id-76e2c78b0e224e0cbdfff3934aa41f6e",""
"id-43c3277ec058407a9fd820e957659cfb","CompositionRelationship","","","id-7db18aa2016a437c8e2d41c254f44924","id-8cd38fe503cc4da8a8c926f45d35858d",""
"id-295b0dbbf460427db069f7cafb65e932","InfluenceRelationship","","","id-f2f451bd40f344f98f650f12a5d8ca34","id-2499f1b7a87144ebb13487c0f29a78e7",""
"id-20a0d3aee0f844fc87e1fb35f10f9c48","RealizationRelationship","","","id-f2f451bd40f344f98f650f12a5d8ca34","id-38da07b76f9445f1b38a6dc9e5be5090",""
"id-de5ed685c31e464582219ba3d31c215e","RealizationRelationship","","","id-7b8d5887daa74de7931bb4916e5b46f6","id-e133a0241fb34717a6dec5ad3e17b703",""
"id-d659a83fcb154b3ab0bff8263fb1da6b","RealizationRelationship","","","id-200af1ee8f6241fd8221f29c74c51969","id-3c39011552364617ae9f9e623e98c32a",""
"id-979a0fa5d56a4a45be7feb38aed83f0d","RealizationRelationship","","","id-ff38ba2ecd9641fb9e3afded3a872494","id-8cd38fe503cc4da8a8c926f45d35858d",""
"id-7a4e94184012425f82c56c358507a908","ServingRelationship","","","id-f2f451bd40f344f98f650f12a5d8ca34","id-1f8e8ca606c04706bbd6e214351a1c99",""
"id-b567a61cb75940938fca3036efd00a7b","ServingRelationship","","","id-200af1ee8f6241fd8221f29c74c51969","id-3c39011552364617ae9f9e623e98c32a",""
"id-571aa8163f5348ec947b083a5eb50893","ServingRelationship","","","id-5c207fd3a4674c53a28ebc39d4b34c4a","id-ff38ba2ecd9641fb9e3afded3a872494",""
"id-f143e4c5faee4084b025e5e990dc2bc7","ServingRelationship","","","id-200af1ee8f6241fd8221f29c74c51969","id-f2f451bd40f344f98f650f12a5d8ca34",""
"id-9d0094de252c4e4e916784463762945b","ServingRelationship","","","id-8e94fef3ad6740ebb5bcb21c8ba11cd6","id-f2f451bd40f344f98f650f12a5d8ca34",""
"id-42290f77bf6c4216ba9e532b2a8d0f30","ServingRelationship","","","id-7db18aa2016a437c8e2d41c254f44924","id-f2f451bd40f344f98f650f12a5d8ca34",""