<?xml version="1.0" encoding="UTF-8"?>
<model xmlns="http://www.opengroup.org/xsd/archimate/3.0/" xmlns:dc="http://purl.org/dc/elements/1.1/" xmlns:xsi="http://www.w3.org/2001/XMLSchema-instance" xsi:schemaLocation="http://www.opengroup.org/xsd/archimate/3.0/ http://www.opengroup.org/xsd/archimate/3.1/archimate3_Diagram.xsd http://purl.org/dc/elements/1.1/ http://www.opengroup.org/xsd/archimate/3.1/dc.xsd" identifier="EAPK_B38EE707_FE6B_4a3f_BB6C_FABD6E8098C5">
  <name xml:lang="nl">OOTS - Emrex</name>
  <metadata>
    <schema>Dublin Core</schema>
    <schemaversion>1.1</schemaversion>
    <dc:title>OOTS en Emrex</dc:title>
    <dc:creator>Gerald Groot Roessink</dc:creator>
  </metadata>
  <elements>
    <element identifier="EAID_E7E5F907_39F6_4a6b_96B0_FFF9B162194F" xsi:type="BusinessActor">
      <name xml:lang="nl">User</name>
      <properties>
        <property propertyDefinitionRef="propid-3">
          <value xml:lang="nl">standard</value>
        </property>
      </properties>
    </element>
    <element identifier="EAID_3DEC6160_D4B7_4580_B4B5_695C6E2987C0" xsi:type="BusinessFunction">
      <name xml:lang="nl">Evidence exchange</name>
      <properties>
        <property propertyDefinitionRef="propid-1">
          <value xml:lang="nl">false</value>
        </property>
        <property propertyDefinitionRef="propid-4">
          <value xml:lang="nl">up</value>
        </property>
        <property propertyDefinitionRef="propid-2">
          <value xml:lang="nl">true</value>
        </property>
      </properties>
    </element>
    <element identifier="EAID_6FB8F8E5_F63A_4a73_99BC_DA5EDE682A73" xsi:type="BusinessFunction">
      <name xml:lang="nl">Establish identity</name>
      <properties>
        <property propertyDefinitionRef="propid-1">
          <value xml:lang="nl">false</value>
        </property>
        <property propertyDefinitionRef="propid-4">
          <value xml:lang="nl">up</value>
        </property>
        <property propertyDefinitionRef="propid-2">
          <value xml:lang="nl">true</value>
        </property>
      </properties>
    </element>
    <element identifier="EAID_5B0F3531_C78E_48d8_8807_7FB4CA71E820" xsi:type="BusinessProcess">
      <name xml:lang="nl">Online data provision</name>
      <properties>
        <property propertyDefinitionRef="propid-1">
          <value xml:lang="nl">false</value>
        </property>
        <property propertyDefinitionRef="propid-2">
          <value xml:lang="nl">true</value>
        </property>
      </properties>
    </element>
    <element identifier="EAID_7D097470_0EA9_4fa8_9A99_3C025A618ABA" xsi:type="BusinessProcess">
      <name xml:lang="nl">Once-only evidence exchange</name>
      <properties>
        <property propertyDefinitionRef="propid-1">
          <value xml:lang="nl">false</value>
        </property>
        <property propertyDefinitionRef="propid-2">
          <value xml:lang="nl">true</value>
        </property>
      </properties>
    </element>
    <element identifier="EAID_9BD15294_7F13_4e5e_8790_A5E170B2878D" xsi:type="BusinessProcess">
      <name xml:lang="nl">Online public procedure</name>
      <properties>
        <property propertyDefinitionRef="propid-1">
          <value xml:lang="nl">false</value>
        </property>
        <property propertyDefinitionRef="propid-2">
          <value xml:lang="nl">true</value>
        </property>
      </properties>
    </element>
    <element identifier="EAID_40F4DDF7_F12F_46d1_AF39_59D2BC8548A0" xsi:type="BusinessRole">
      <name xml:lang="nl">Evidence provider</name>
    </element>
    <element identifier="EAID_49A74298_FC80_4eff_A28E_3313A240DFA8" xsi:type="BusinessRole">
      <name xml:lang="nl">Evidence provider</name>
    </element>
    <element identifier="EAID_A27DC043_DF17_4629_AE35_D88E3E9E65F3" xsi:type="BusinessRole">
      <name xml:lang="nl">Evidence requester</name>
    </element>
    <element identifier="EAID_28C06457_F2EF_4354_9778_9ED90F9FCA86" xsi:type="BusinessEvent">
      <name xml:lang="nl">Evidence required</name>
    </element>
    <element identifier="EAID_FD02D3F4_BC71_4f6c_BF36_852AC51B3BC7" xsi:type="BusinessEvent">
      <name xml:lang="nl">Evidence provided</name>
    </element>
    <element identifier="EAID_880821B8_B817_48f1_BB59_48C111862295" xsi:type="BusinessProcess">
      <name xml:lang="nl">Lookup provider</name>
      <properties>
        <property propertyDefinitionRef="propid-1">
          <value xml:lang="nl">false</value>
        </property>
        <property propertyDefinitionRef="propid-2">
          <value xml:lang="nl">true</value>
        </property>
      </properties>
    </element>
    <element identifier="EAID_B62624D4_6442_4c25_BE26_451689224D3D" xsi:type="BusinessProcess">
      <name xml:lang="nl">Complete exchange</name>
      <properties>
        <property propertyDefinitionRef="propid-1">
          <value xml:lang="nl">false</value>
        </property>
        <property propertyDefinitionRef="propid-2">
          <value xml:lang="nl">true</value>
        </property>
      </properties>
    </element>
    <element identifier="EAID_11623D91_6AEE_4f75_8B5B_BA93CB87EE91" xsi:type="BusinessRole">
      <name xml:lang="nl">Evidence Requester</name>
    </element>
    <element identifier="EAID_1F6E1843_5BE7_442d_94F6_5B6A8C9D902B" xsi:type="BusinessProcess">
      <name xml:lang="nl">Approve exchange</name>
      <properties>
        <property propertyDefinitionRef="propid-1">
          <value xml:lang="nl">false</value>
        </property>
        <property propertyDefinitionRef="propid-2">
          <value xml:lang="nl">true</value>
        </property>
      </properties>
    </element>
    <element identifier="EAID_B5A1D773_4E58_45cc_81F7_CF3AEEB5E6D4" xsi:type="BusinessProcess">
      <name xml:lang="nl">Preview evidence</name>
      <properties>
        <property propertyDefinitionRef="propid-1">
          <value xml:lang="nl">false</value>
        </property>
        <property propertyDefinitionRef="propid-2">
          <value xml:lang="nl">true</value>
        </property>
      </properties>
    </element>
    <element identifier="EAID_C4B9CB69_CE87_4dec_A69F_D2BB68672405" xsi:type="BusinessObject">
      <name xml:lang="nl">Evidence</name>
      <documentation xml:lang="nl">LIke diploma</documentation>
    </element>
    <element identifier="EAID_F8136C56_4130_4a08_9206_C2DE5E0338DE" xsi:type="BusinessObject">
      <name xml:lang="nl">Consent</name>
    </element>
    <element identifier="EAID_019013F2_88BA_460c_B373_9926BC5A3194" xsi:type="ApplicationComponent">
      <name xml:lang="nl">Online procedure portal</name>
    </element>
    <element identifier="EAID_6732130F_E7B0_483a_A11A_E14AA1DE1A76" xsi:type="ApplicationComponent">
      <name xml:lang="nl">Online provider portal</name>
    </element>
    <element identifier="id-bb3c718384fe439abf5f5e87a7aa936f" xsi:type="ApplicationComponent">
      <name xml:lang="nl">Mobility Plugin</name>
    </element>
  </elements>
  <relationships>
    <relationship identifier="EAID_374FB8B7_2F1C_4e4c_B79B_1712AD3378F4" source="EAID_B5A1D773_4E58_45cc_81F7_CF3AEEB5E6D4" target="EAID_C4B9CB69_CE87_4dec_A69F_D2BB68672405" xsi:type="Access" accessType="Write" />
    <relationship identifier="EAID_772A90F7_9DDB_4572_96C9_59B431B86B3B" source="EAID_1F6E1843_5BE7_442d_94F6_5B6A8C9D902B" target="EAID_F8136C56_4130_4a08_9206_C2DE5E0338DE" xsi:type="Access" accessType="Write" />
    <relationship identifier="EAID_318B7AC9_A231_4bee_B9AB_A15386787DC8" source="EAID_11623D91_6AEE_4f75_8B5B_BA93CB87EE91" target="EAID_880821B8_B817_48f1_BB59_48C111862295" xsi:type="Assignment" />
    <relationship identifier="EAID_3FFDA285_1AD0_40ba_A3F3_94F42F18D223" source="EAID_E7E5F907_39F6_4a6b_96B0_FFF9B162194F" target="EAID_7D097470_0EA9_4fa8_9A99_3C025A618ABA" xsi:type="Assignment" />
    <relationship identifier="EAID_41BE9A45_E065_49e4_883A_3703202A6D84" source="EAID_E7E5F907_39F6_4a6b_96B0_FFF9B162194F" target="EAID_6FB8F8E5_F63A_4a73_99BC_DA5EDE682A73" xsi:type="Assignment" />
    <relationship identifier="EAID_871D5E74_2A87_497e_98FA_5377EFD8DA48" source="EAID_49A74298_FC80_4eff_A28E_3313A240DFA8" target="EAID_5B0F3531_C78E_48d8_8807_7FB4CA71E820" xsi:type="Assignment" />
    <relationship identifier="EAID_9CD79BC1_D8E4_444f_BBD7_9C4BE193330E" source="EAID_11623D91_6AEE_4f75_8B5B_BA93CB87EE91" target="EAID_B62624D4_6442_4c25_BE26_451689224D3D" xsi:type="Assignment" />
    <relationship identifier="EAID_A9D5CD64_EAC8_453e_9653_E1F087EA0919" source="EAID_40F4DDF7_F12F_46d1_AF39_59D2BC8548A0" target="EAID_B5A1D773_4E58_45cc_81F7_CF3AEEB5E6D4" xsi:type="Assignment" />
    <relationship identifier="EAID_ECC1336E_C6A6_42cc_95CF_CD8DD515A7EB" source="EAID_A27DC043_DF17_4629_AE35_D88E3E9E65F3" target="EAID_9BD15294_7F13_4e5e_8790_A5E170B2878D" xsi:type="Assignment" />
    <relationship identifier="EAID_5E3F887D_8FDC_4566_B2EE_B668CA323B15" source="EAID_6FB8F8E5_F63A_4a73_99BC_DA5EDE682A73" target="EAID_9BD15294_7F13_4e5e_8790_A5E170B2878D" xsi:type="Serving" />
    <relationship identifier="EAID_736C229F_0326_4169_BE28_1DC7A8567638" source="EAID_6732130F_E7B0_483a_A11A_E14AA1DE1A76" target="EAID_5B0F3531_C78E_48d8_8807_7FB4CA71E820" xsi:type="Serving" />
    <relationship identifier="EAID_7D37C167_DB33_4933_A084_56A23BF0211F" source="EAID_019013F2_88BA_460c_B373_9926BC5A3194" target="EAID_9BD15294_7F13_4e5e_8790_A5E170B2878D" xsi:type="Serving" />
    <relationship identifier="EAID_C5A0A1E4_30F0_4942_AA00_61C3EEBD5F3D" source="EAID_6732130F_E7B0_483a_A11A_E14AA1DE1A76" target="EAID_40F4DDF7_F12F_46d1_AF39_59D2BC8548A0" xsi:type="Serving" />
    <relationship identifier="EAID_ED4E06A2_561C_4301_A86C_D3316F129FB8" source="EAID_6FB8F8E5_F63A_4a73_99BC_DA5EDE682A73" target="EAID_5B0F3531_C78E_48d8_8807_7FB4CA71E820" xsi:type="Serving" />
    <relationship identifier="EAID_329CC05B_6720_464a_99DE_CF7D792EB9BD" source="EAID_E7E5F907_39F6_4a6b_96B0_FFF9B162194F" target="EAID_9BD15294_7F13_4e5e_8790_A5E170B2878D" xsi:type="Triggering" />
    <relationship identifier="EAID_4D153DF4_F592_43a1_892B_30DDF5D36196" source="EAID_1F6E1843_5BE7_442d_94F6_5B6A8C9D902B" target="EAID_B62624D4_6442_4c25_BE26_451689224D3D" xsi:type="Triggering" />
    <relationship identifier="EAID_63EC3024_A782_4db1_84FB_2A82D85467E8" source="EAID_880821B8_B817_48f1_BB59_48C111862295" target="EAID_B5A1D773_4E58_45cc_81F7_CF3AEEB5E6D4" xsi:type="Triggering" />
    <relationship identifier="EAID_84F38519_060A_4650_8F74_F398F74D1096" source="EAID_B62624D4_6442_4c25_BE26_451689224D3D" target="EAID_FD02D3F4_BC71_4f6c_BF36_852AC51B3BC7" xsi:type="Triggering" />
    <relationship identifier="EAID_C017C8E4_3134_485e_99ED_D337D961A27F" source="EAID_28C06457_F2EF_4354_9778_9ED90F9FCA86" target="EAID_880821B8_B817_48f1_BB59_48C111862295" xsi:type="Triggering" />
    <relationship identifier="EAID_F20C9580_8937_4006_BF6F_7F13247F0B96" source="EAID_B5A1D773_4E58_45cc_81F7_CF3AEEB5E6D4" target="EAID_1F6E1843_5BE7_442d_94F6_5B6A8C9D902B" xsi:type="Triggering" />
    <relationship identifier="id-062f57a8a1d8419982871bbdd2024893" source="id-bb3c718384fe439abf5f5e87a7aa936f" target="EAID_019013F2_88BA_460c_B373_9926BC5A3194" xsi:type="Serving" />
  </relationships>
  <organizations>
    <item>
      <label xml:lang="nl">Business</label>
      <item>
        <item>
          <item identifierRef="EAID_1F6E1843_5BE7_442d_94F6_5B6A8C9D902B" />
          <item identifierRef="EAID_B5A1D773_4E58_45cc_81F7_CF3AEEB5E6D4" />
        </item>
        <item identifierRef="EAID_28C06457_F2EF_4354_9778_9ED90F9FCA86" />
        <item identifierRef="EAID_FD02D3F4_BC71_4f6c_BF36_852AC51B3BC7" />
        <item identifierRef="EAID_880821B8_B817_48f1_BB59_48C111862295" />
        <item identifierRef="EAID_B62624D4_6442_4c25_BE26_451689224D3D" />
        <item identifierRef="EAID_11623D91_6AEE_4f75_8B5B_BA93CB87EE91" />
      </item>
      <item>
        <label xml:lang="nl">Bedrijfsobjecten</label>
        <item identifierRef="EAID_C4B9CB69_CE87_4dec_A69F_D2BB68672405" />
        <item identifierRef="EAID_F8136C56_4130_4a08_9206_C2DE5E0338DE" />
      </item>
      <item identifierRef="EAID_E7E5F907_39F6_4a6b_96B0_FFF9B162194F" />
      <item identifierRef="EAID_3DEC6160_D4B7_4580_B4B5_695C6E2987C0" />
      <item identifierRef="EAID_6FB8F8E5_F63A_4a73_99BC_DA5EDE682A73" />
      <item identifierRef="EAID_5B0F3531_C78E_48d8_8807_7FB4CA71E820" />
      <item identifierRef="EAID_7D097470_0EA9_4fa8_9A99_3C025A618ABA" />
      <item identifierRef="EAID_9BD15294_7F13_4e5e_8790_A5E170B2878D" />
      <item identifierRef="EAID_40F4DDF7_F12F_46d1_AF39_59D2BC8548A0" />
      <item identifierRef="EAID_49A74298_FC80_4eff_A28E_3313A240DFA8" />
      <item identifierRef="EAID_A27DC043_DF17_4629_AE35_D88E3E9E65F3" />
    </item>
    <item>
      <label xml:lang="nl">Application</label>
      <item identifierRef="EAID_019013F2_88BA_460c_B373_9926BC5A3194" />
      <item identifierRef="EAID_6732130F_E7B0_483a_A11A_E14AA1DE1A76" />
      <item identifierRef="id-bb3c718384fe439abf5f5e87a7aa936f" />
    </item>
    <item>
      <label xml:lang="nl">Relations</label>
      <item identifierRef="EAID_374FB8B7_2F1C_4e4c_B79B_1712AD3378F4" />
      <item identifierRef="EAID_772A90F7_9DDB_4572_96C9_59B431B86B3B" />
      <item identifierRef="EAID_318B7AC9_A231_4bee_B9AB_A15386787DC8" />
      <item identifierRef="EAID_3FFDA285_1AD0_40ba_A3F3_94F42F18D223" />
      <item identifierRef="EAID_41BE9A45_E065_49e4_883A_3703202A6D84" />
      <item identifierRef="EAID_871D5E74_2A87_497e_98FA_5377EFD8DA48" />
      <item identifierRef="EAID_9CD79BC1_D8E4_444f_BBD7_9C4BE193330E" />
      <item identifierRef="EAID_A9D5CD64_EAC8_453e_9653_E1F087EA0919" />
      <item identifierRef="EAID_ECC1336E_C6A6_42cc_95CF_CD8DD515A7EB" />
      <item identifierRef="EAID_5E3F887D_8FDC_4566_B2EE_B668CA323B15" />
      <item identifierRef="EAID_736C229F_0326_4169_BE28_1DC7A8567638" />
      <item identifierRef="EAID_7D37C167_DB33_4933_A084_56A23BF0211F" />
      <item identifierRef="EAID_C5A0A1E4_30F0_4942_AA00_61C3EEBD5F3D" />
      <item identifierRef="EAID_ED4E06A2_561C_4301_A86C_D3316F129FB8" />
      <item identifierRef="EAID_329CC05B_6720_464a_99DE_CF7D792EB9BD" />
      <item identifierRef="EAID_4D153DF4_F592_43a1_892B_30DDF5D36196" />
      <item identifierRef="EAID_63EC3024_A782_4db1_84FB_2A82D85467E8" />
      <item identifierRef="EAID_84F38519_060A_4650_8F74_F398F74D1096" />
      <item identifierRef="EAID_C017C8E4_3134_485e_99ED_D337D961A27F" />
      <item identifierRef="EAID_F20C9580_8937_4006_BF6F_7F13247F0B96" />
      <item identifierRef="id-062f57a8a1d8419982871bbdd2024893" />
    </item>
    <item>
      <label xml:lang="nl">Views</label>
      <item identifierRef="EAID_7E2037C6_7A08_4182_81E3_23C81A150C67" />
    </item>
  </organizations>
  <propertyDefinitions>
    <propertyDefinition identifier="propid-3" type="string">
      <name>actorkind</name>
    </propertyDefinition>
    <propertyDefinition identifier="propid-1" type="string">
      <name>atomic</name>
    </propertyDefinition>
    <propertyDefinition identifier="propid-4" type="string">
      <name>rotation</name>
    </propertyDefinition>
    <propertyDefinition identifier="propid-2" type="string">
      <name>showdecoration</name>
    </propertyDefinition>
  </propertyDefinitions>
  <views>
    <diagrams>
      <view identifier="EAID_7E2037C6_7A08_4182_81E3_23C81A150C67" xsi:type="Diagram">
        <name xml:lang="nl">ArchiMate 2.0 Business Layer Diagram</name>
        <node identifier="EAID_DN000000_39F6_4a6b_96B0_FFF9B162194F" elementRef="EAID_E7E5F907_39F6_4a6b_96B0_FFF9B162194F" xsi:type="Element" x="65" y="60" w="120" h="55">
          <style>
            <fillColor r="255" g="255" b="181" a="100" />
            <lineColor r="92" g="92" b="92" a="100" />
            <font name="Segoe UI" size="9">
              <color r="0" g="0" b="0" />
            </font>
          </style>
        </node>
        <node identifier="EAID_DN000000_C78E_48d8_8807_7FB4CA71E820" elementRef="EAID_5B0F3531_C78E_48d8_8807_7FB4CA71E820" xsi:type="Element" x="228" y="311" w="409" h="144">
          <style>
            <fillColor r="255" g="255" b="181" a="100" />
            <lineColor r="92" g="92" b="92" a="100" />
            <font name="Segoe UI" size="9">
              <color r="0" g="0" b="0" />
            </font>
          </style>
          <node identifier="EAID_DN000000_4E58_45cc_81F7_CF3AEEB5E6D4" elementRef="EAID_B5A1D773_4E58_45cc_81F7_CF3AEEB5E6D4" xsi:type="Element" x="289" y="372" w="120" h="55">
            <style>
              <fillColor r="255" g="255" b="181" a="100" />
              <lineColor r="92" g="92" b="92" a="100" />
              <font name="Segoe UI" size="9">
                <color r="0" g="0" b="0" />
              </font>
            </style>
          </node>
          <node identifier="EAID_DN000000_5BE7_442d_94F6_5B6A8C9D902B" elementRef="EAID_1F6E1843_5BE7_442d_94F6_5B6A8C9D902B" xsi:type="Element" x="468" y="376" w="120" h="55">
            <style>
              <fillColor r="255" g="255" b="181" a="100" />
              <lineColor r="92" g="92" b="92" a="100" />
              <font name="Segoe UI" size="9">
                <color r="0" g="0" b="0" />
              </font>
            </style>
          </node>
        </node>
        <node identifier="EAID_DN000000_CE87_4dec_A69F_D2BB68672405" elementRef="EAID_C4B9CB69_CE87_4dec_A69F_D2BB68672405" xsi:type="Element" x="289" y="514" w="120" h="55">
          <style>
            <fillColor r="255" g="255" b="181" a="100" />
            <lineColor r="92" g="92" b="92" a="100" />
            <font name="Segoe UI" size="9">
              <color r="0" g="0" b="0" />
            </font>
          </style>
        </node>
        <node identifier="EAID_DN000000_4130_4a08_9206_C2DE5E0338DE" elementRef="EAID_F8136C56_4130_4a08_9206_C2DE5E0338DE" xsi:type="Element" x="461" y="513" w="120" h="55">
          <style>
            <fillColor r="255" g="255" b="181" a="100" />
            <lineColor r="92" g="92" b="92" a="100" />
            <font name="Segoe UI" size="9">
              <color r="0" g="0" b="0" />
            </font>
          </style>
        </node>
        <node identifier="EAID_DN000000_F63A_4a73_99BC_DA5EDE682A73" elementRef="EAID_6FB8F8E5_F63A_4a73_99BC_DA5EDE682A73" xsi:type="Element" x="65" y="169" w="120" h="55">
          <style>
            <fillColor r="255" g="255" b="181" a="100" />
            <lineColor r="92" g="92" b="92" a="100" />
            <font name="Segoe UI" size="9">
              <color r="0" g="0" b="0" />
            </font>
          </style>
        </node>
        <node identifier="EAID_DN000000_88BA_460c_B373_9926BC5A3194" elementRef="EAID_019013F2_88BA_460c_B373_9926BC5A3194" xsi:type="Element" x="696" y="72" w="120" h="55">
          <style>
            <fillColor r="181" g="255" b="255" a="100" />
            <lineColor r="92" g="92" b="92" a="100" />
            <font name="Segoe UI" size="9">
              <color r="0" g="0" b="0" />
            </font>
          </style>
        </node>
        <node identifier="EAID_DN000000_E7B0_483a_A11A_E14AA1DE1A76" elementRef="EAID_6732130F_E7B0_483a_A11A_E14AA1DE1A76" xsi:type="Element" x="704" y="390" w="120" h="55">
          <style>
            <fillColor r="181" g="255" b="255" a="100" />
            <lineColor r="92" g="92" b="92" a="100" />
            <font name="Segoe UI" size="9">
              <color r="0" g="0" b="0" />
            </font>
          </style>
        </node>
        <node identifier="EAID_DN000000_7F13_4e5e_8790_A5E170B2878D" elementRef="EAID_9BD15294_7F13_4e5e_8790_A5E170B2878D" xsi:type="Element" x="227" y="30" w="410" h="262">
          <style>
            <fillColor r="255" g="255" b="181" a="100" />
            <lineColor r="92" g="92" b="92" a="100" />
            <font name="Segoe UI" size="9">
              <color r="0" g="0" b="0" />
            </font>
          </style>
          <node identifier="EAID_DN000000_6442_4c25_BE26_451689224D3D" elementRef="EAID_B62624D4_6442_4c25_BE26_451689224D3D" xsi:type="Element" x="456" y="190" w="120" h="55">
            <style>
              <fillColor r="255" g="255" b="181" a="100" />
              <lineColor r="92" g="92" b="92" a="100" />
              <font name="Segoe UI" size="9">
                <color r="0" g="0" b="0" />
              </font>
            </style>
          </node>
          <node identifier="EAID_DN000000_B817_48f1_BB59_48C111862295" elementRef="EAID_880821B8_B817_48f1_BB59_48C111862295" xsi:type="Element" x="283" y="191" w="120" h="55">
            <style>
              <fillColor r="255" g="255" b="181" a="100" />
              <lineColor r="92" g="92" b="92" a="100" />
              <font name="Segoe UI" size="9">
                <color r="0" g="0" b="0" />
              </font>
            </style>
          </node>
          <node identifier="EAID_DN000000_BC71_4f6c_BF36_852AC51B3BC7" elementRef="EAID_FD02D3F4_BC71_4f6c_BF36_852AC51B3BC7" xsi:type="Element" x="456" y="81" w="120" h="55">
            <style>
              <fillColor r="255" g="255" b="181" a="100" />
              <lineColor r="92" g="92" b="92" a="100" />
              <font name="Segoe UI" size="9">
                <color r="0" g="0" b="0" />
              </font>
            </style>
          </node>
          <node identifier="EAID_DN000000_F2EF_4354_9778_9ED90F9FCA86" elementRef="EAID_28C06457_F2EF_4354_9778_9ED90F9FCA86" xsi:type="Element" x="274" y="81" w="120" h="55">
            <style>
              <fillColor r="255" g="255" b="181" a="100" />
              <lineColor r="92" g="92" b="92" a="100" />
              <font name="Segoe UI" size="9">
                <color r="0" g="0" b="0" />
              </font>
            </style>
          </node>
        </node>
        <node identifier="EAID_DN000000_DF17_4629_AE35_D88E3E9E65F3" elementRef="EAID_A27DC043_DF17_4629_AE35_D88E3E9E65F3" xsi:type="Element" x="698" y="171" w="120" h="55">
          <style>
            <fillColor r="255" g="255" b="181" a="100" />
            <lineColor r="92" g="92" b="92" a="100" />
            <font name="Segoe UI" size="9">
              <color r="0" g="0" b="0" />
            </font>
          </style>
        </node>
        <node identifier="EAID_DN000000_FC80_4eff_A28E_3313A240DFA8" elementRef="EAID_49A74298_FC80_4eff_A28E_3313A240DFA8" xsi:type="Element" x="705" y="303" w="120" h="55">
          <style>
            <fillColor r="255" g="255" b="181" a="100" />
            <lineColor r="92" g="92" b="92" a="100" />
            <font name="Segoe UI" size="9">
              <color r="0" g="0" b="0" />
            </font>
          </style>
        </node>
        <node identifier="id-64dd04bcbd1c41488d98a277ed2ebb7d" elementRef="id-bb3c718384fe439abf5f5e87a7aa936f" xsi:type="Element" x="864" y="72" w="120" h="55">
          <style>
            <fillColor r="181" g="255" b="255" a="100" />
            <lineColor r="92" g="92" b="92" a="100" />
            <font name="Segoe UI" size="9">
              <color r="0" g="0" b="0" />
            </font>
          </style>
        </node>
        <connection identifier="EAID_DC000000_6720_464a_99DE_CF7D792EB9BD" relationshipRef="EAID_329CC05B_6720_464a_99DE_CF7D792EB9BD" xsi:type="Relationship" source="EAID_DN000000_39F6_4a6b_96B0_FFF9B162194F" target="EAID_DN000000_7F13_4e5e_8790_A5E170B2878D">
          <style>
            <lineColor r="105" g="105" b="105" />
            <font name="Segoe UI" size="9">
              <color r="0" g="0" b="0" />
            </font>
          </style>
        </connection>
        <connection identifier="EAID_DC000000_E065_49e4_883A_3703202A6D84" relationshipRef="EAID_41BE9A45_E065_49e4_883A_3703202A6D84" xsi:type="Relationship" source="EAID_DN000000_39F6_4a6b_96B0_FFF9B162194F" target="EAID_DN000000_F63A_4a73_99BC_DA5EDE682A73">
          <style>
            <lineColor r="105" g="105" b="105" />
            <font name="Segoe UI" size="9">
              <color r="0" g="0" b="0" />
            </font>
          </style>
        </connection>
        <connection identifier="EAID_DC000000_2F1C_4e4c_B79B_1712AD3378F4" relationshipRef="EAID_374FB8B7_2F1C_4e4c_B79B_1712AD3378F4" xsi:type="Relationship" source="EAID_DN000000_4E58_45cc_81F7_CF3AEEB5E6D4" target="EAID_DN000000_CE87_4dec_A69F_D2BB68672405">
          <style>
            <lineColor r="105" g="105" b="105" />
            <font name="Segoe UI" size="9">
              <color r="0" g="0" b="0" />
            </font>
          </style>
        </connection>
        <connection identifier="EAID_DC000000_8937_4006_BF6F_7F13247F0B96" relationshipRef="EAID_F20C9580_8937_4006_BF6F_7F13247F0B96" xsi:type="Relationship" source="EAID_DN000000_4E58_45cc_81F7_CF3AEEB5E6D4" target="EAID_DN000000_5BE7_442d_94F6_5B6A8C9D902B">
          <style>
            <lineColor r="105" g="105" b="105" />
            <font name="Segoe UI" size="9">
              <color r="0" g="0" b="0" />
            </font>
          </style>
        </connection>
        <connection identifier="EAID_DC000000_F592_43a1_892B_30DDF5D36196" relationshipRef="EAID_4D153DF4_F592_43a1_892B_30DDF5D36196" xsi:type="Relationship" source="EAID_DN000000_5BE7_442d_94F6_5B6A8C9D902B" target="EAID_DN000000_6442_4c25_BE26_451689224D3D">
          <style>
            <lineColor r="105" g="105" b="105" />
            <font name="Segoe UI" size="9">
              <color r="0" g="0" b="0" />
            </font>
          </style>
        </connection>
        <connection identifier="EAID_DC000000_9DDB_4572_96C9_59B431B86B3B" relationshipRef="EAID_772A90F7_9DDB_4572_96C9_59B431B86B3B" xsi:type="Relationship" source="EAID_DN000000_5BE7_442d_94F6_5B6A8C9D902B" target="EAID_DN000000_4130_4a08_9206_C2DE5E0338DE">
          <style>
            <lineColor r="105" g="105" b="105" />
            <font name="Segoe UI" size="9">
              <color r="0" g="0" b="0" />
            </font>
          </style>
        </connection>
        <connection identifier="EAID_DC000000_561C_4301_A86C_D3316F129FB8" relationshipRef="EAID_ED4E06A2_561C_4301_A86C_D3316F129FB8" xsi:type="Relationship" source="EAID_DN000000_F63A_4a73_99BC_DA5EDE682A73" target="EAID_DN000000_C78E_48d8_8807_7FB4CA71E820">
          <style>
            <lineColor r="105" g="105" b="105" />
            <font name="Segoe UI" size="9">
              <color r="0" g="0" b="0" />
            </font>
          </style>
          <bendpoint x="138" y="385" />
        </connection>
        <connection identifier="EAID_DC000000_8FDC_4566_B2EE_B668CA323B15" relationshipRef="EAID_5E3F887D_8FDC_4566_B2EE_B668CA323B15" xsi:type="Relationship" source="EAID_DN000000_F63A_4a73_99BC_DA5EDE682A73" target="EAID_DN000000_7F13_4e5e_8790_A5E170B2878D">
          <style>
            <lineColor r="105" g="105" b="105" />
            <font name="Segoe UI" size="9">
              <color r="0" g="0" b="0" />
            </font>
          </style>
        </connection>
        <connection identifier="EAID_DC000000_DB33_4933_A084_56A23BF0211F" relationshipRef="EAID_7D37C167_DB33_4933_A084_56A23BF0211F" xsi:type="Relationship" source="EAID_DN000000_88BA_460c_B373_9926BC5A3194" target="EAID_DN000000_7F13_4e5e_8790_A5E170B2878D">
          <style>
            <lineColor r="105" g="105" b="105" />
            <font name="Segoe UI" size="9">
              <color r="0" g="0" b="0" />
            </font>
          </style>
        </connection>
        <connection identifier="EAID_DC000000_0326_4169_BE28_1DC7A8567638" relationshipRef="EAID_736C229F_0326_4169_BE28_1DC7A8567638" xsi:type="Relationship" source="EAID_DN000000_E7B0_483a_A11A_E14AA1DE1A76" target="EAID_DN000000_C78E_48d8_8807_7FB4CA71E820">
          <style>
            <lineColor r="105" g="105" b="105" />
            <font name="Segoe UI" size="9">
              <color r="0" g="0" b="0" />
            </font>
          </style>
        </connection>
        <connection identifier="EAID_DC000000_060A_4650_8F74_F398F74D1096" relationshipRef="EAID_84F38519_060A_4650_8F74_F398F74D1096" xsi:type="Relationship" source="EAID_DN000000_6442_4c25_BE26_451689224D3D" target="EAID_DN000000_BC71_4f6c_BF36_852AC51B3BC7">
          <style>
            <lineColor r="105" g="105" b="105" />
            <font name="Segoe UI" size="9">
              <color r="0" g="0" b="0" />
            </font>
          </style>
        </connection>
        <connection identifier="EAID_DC000000_A782_4db1_84FB_2A82D85467E8" relationshipRef="EAID_63EC3024_A782_4db1_84FB_2A82D85467E8" xsi:type="Relationship" source="EAID_DN000000_B817_48f1_BB59_48C111862295" target="EAID_DN000000_4E58_45cc_81F7_CF3AEEB5E6D4">
          <style>
            <lineColor r="105" g="105" b="105" />
            <font name="Segoe UI" size="9">
              <color r="0" g="0" b="0" />
            </font>
          </style>
        </connection>
        <connection identifier="EAID_DC000000_3134_485e_99ED_D337D961A27F" relationshipRef="EAID_C017C8E4_3134_485e_99ED_D337D961A27F" xsi:type="Relationship" source="EAID_DN000000_F2EF_4354_9778_9ED90F9FCA86" target="EAID_DN000000_B817_48f1_BB59_48C111862295">
          <style>
            <lineColor r="105" g="105" b="105" />
            <font name="Segoe UI" size="9">
              <color r="0" g="0" b="0" />
            </font>
          </style>
        </connection>
        <connection identifier="EAID_DC000000_C6A6_42cc_95CF_CD8DD515A7EB" relationshipRef="EAID_ECC1336E_C6A6_42cc_95CF_CD8DD515A7EB" xsi:type="Relationship" source="EAID_DN000000_DF17_4629_AE35_D88E3E9E65F3" target="EAID_DN000000_7F13_4e5e_8790_A5E170B2878D">
          <style>
            <lineColor r="105" g="105" b="105" />
            <font name="Segoe UI" size="9">
              <color r="0" g="0" b="0" />
            </font>
          </style>
        </connection>
        <connection identifier="EAID_DC000000_2A87_497e_98FA_5377EFD8DA48" relationshipRef="EAID_871D5E74_2A87_497e_98FA_5377EFD8DA48" xsi:type="Relationship" source="EAID_DN000000_FC80_4eff_A28E_3313A240DFA8" target="EAID_DN000000_C78E_48d8_8807_7FB4CA71E820">
          <style>
            <lineColor r="105" g="105" b="105" />
            <font name="Segoe UI" size="9">
              <color r="0" g="0" b="0" />
            </font>
          </style>
        </connection>
        <connection identifier="id-0addadbc85184b5bad9d6e58311faa8d" relationshipRef="id-062f57a8a1d8419982871bbdd2024893" xsi:type="Relationship" source="id-64dd04bcbd1c41488d98a277ed2ebb7d" target="EAID_DN000000_88BA_460c_B373_9926BC5A3194">
          <style>
            <lineColor r="0" g="0" b="0" />
            <font name="Segoe UI" size="9">
              <color r="0" g="0" b="0" />
            </font>
          </style>
        </connection>
      </view>
    </diagrams>
  </views>
</model>
