{"identifier":"https://me.big.tuwien.ac.at/EAModelSet/EAPK_B38EE707_FE6B_4a3f_BB6C_FABD6E8098C5","archimateId":"EAPK_B38EE707_FE6B_4a3f_BB6C_FABD6E8098C5","name":"OOTS - Emrex","description":"","formats":["XML","CSV","JSON","ARCHIMATE"],"source":"GitHub","sourceFile":"raw-data/github/xml/oots_-_emrex.xml","sourceFormat":"XML","timestamp":"29-06-2023 09:26:24","tags":[],"duplicates":[],"language":"en","elements":[{"id":"EAID_E7E5F907_39F6_4a6b_96B0_FFF9B162194F","name":"User","type":"BusinessActor","layer":"business"},{"id":"EAID_3DEC6160_D4B7_4580_B4B5_695C6E2987C0","name":"Evidence exchange","type":"BusinessFunction","layer":"business"},{"id":"EAID_6FB8F8E5_F63A_4a73_99BC_DA5EDE682A73","name":"Establish identity","type":"BusinessFunction","layer":"business"},{"id":"EAID_5B0F3531_C78E_48d8_8807_7FB4CA71E820","name":"Online data provision","type":"BusinessProcess","layer":"business"},{"id":"EAID_7D097470_0EA9_4fa8_9A99_3C025A618ABA","name":"Once-only evidence exchange","type":"BusinessProcess","layer":"business"},{"id":"EAID_9BD15294_7F13_4e5e_8790_A5E170B2878D","name":"Online public procedure","type":"BusinessProcess","layer":"business"},{"id":"EAID_40F4DDF7_F12F_46d1_AF39_59D2BC8548A0","name":"Evidence provider","type":"BusinessRole","layer":"business"},{"id":"EAID_49A74298_FC80_4eff_A28E_3313A240DFA8","name":"Evidence provider","type":"BusinessRole","layer":"business"},{"id":"EAID_A27DC043_DF17_4629_AE35_D88E3E9E65F3","name":"Evidence requester","type":"BusinessRole","layer":"business"},{"id":"EAID_28C06457_F2EF_4354_9778_9ED90F9FCA86","name":"Evidence required","type":"BusinessEvent","layer":"business"},{"id":"EAID_FD02D3F4_BC71_4f6c_BF36_852AC51B3BC7","name":"Evidence provided","type":"BusinessEvent","layer":"business"},{"id":"EAID_880821B8_B817_48f1_BB59_48C111862295","name":"Lookup provider","type":"BusinessProcess","layer":"business"},{"id":"EAID_B62624D4_6442_4c25_BE26_451689224D3D","name":"Complete exchange","type":"BusinessProcess","layer":"business"},{"id":"EAID_11623D91_6AEE_4f75_8B5B_BA93CB87EE91","name":"Evidence Requester","type":"BusinessRole","layer":"business"},{"id":"EAID_1F6E1843_5BE7_442d_94F6_5B6A8C9D902B","name":"Approve exchange","type":"BusinessProcess","layer":"business"},{"id":"EAID_B5A1D773_4E58_45cc_81F7_CF3AEEB5E6D4","name":"Preview evidence","type":"BusinessProcess","layer":"business"},{"id":"EAID_C4B9CB69_CE87_4dec_A69F_D2BB68672405","name":"Evidence","type":"BusinessObject","layer":"business"},{"id":"EAID_F8136C56_4130_4a08_9206_C2DE5E0338DE","name":"Consent","type":"BusinessObject","layer":"business"},{"id":"EAID_019013F2_88BA_460c_B373_9926BC5A3194","name":"Online procedure portal","type":"ApplicationComponent","layer":"application"},{"id":"EAID_6732130F_E7B0_483a_A11A_E14AA1DE1A76","name":"Online provider portal","type":"ApplicationComponent","layer":"application"},{"id":"id-bb3c718384fe439abf5f5e87a7aa936f","name":"Mobility Plugin","type":"ApplicationComponent","layer":"application"}],"relationships":[{"id":"EAID_374FB8B7_2F1C_4e4c_B79B_1712AD3378F4","sourceId":"EAID_B5A1D773_4E58_45cc_81F7_CF3AEEB5E6D4","targetId":"EAID_C4B9CB69_CE87_4dec_A69F_D2BB68672405","type":"Access"},{"id":"EAID_772A90F7_9DDB_4572_96C9_59B431B86B3B","sourceId":"EAID_1F6E1843_5BE7_442d_94F6_5B6A8C9D902B","targetId":"EAID_F8136C56_4130_4a08_9206_C2DE5E0338DE","type":"Access"},{"id":"EAID_318B7AC9_A231_4bee_B9AB_A15386787DC8","sourceId":"EAID_11623D91_6AEE_4f75_8B5B_BA93CB87EE91","targetId":"EAID_880821B8_B817_48f1_BB59_48C111862295","type":"Assignment"},{"id":"EAID_3FFDA285_1AD0_40ba_A3F3_94F42F18D223","sourceId":"EAID_E7E5F907_39F6_4a6b_96B0_FFF9B162194F","targetId":"EAID_7D097470_0EA9_4fa8_9A99_3C025A618ABA","type":"Assignment"},{"id":"EAID_41BE9A45_E065_49e4_883A_3703202A6D84","sourceId":"EAID_E7E5F907_39F6_4a6b_96B0_FFF9B162194F","targetId":"EAID_6FB8F8E5_F63A_4a73_99BC_DA5EDE682A73","type":"Assignment"},{"id":"EAID_871D5E74_2A87_497e_98FA_5377EFD8DA48","sourceId":"EAID_49A74298_FC80_4eff_A28E_3313A240DFA8","targetId":"EAID_5B0F3531_C78E_48d8_8807_7FB4CA71E820","type":"Assignment"},{"id":"EAID_9CD79BC1_D8E4_444f_BBD7_9C4BE193330E","sourceId":"EAID_11623D91_6AEE_4f75_8B5B_BA93CB87EE91","targetId":"EAID_B62624D4_6442_4c25_BE26_451689224D3D","type":"Assignment"},{"id":"EAID_A9D5CD64_EAC8_453e_9653_E1F087EA0919","sourceId":"EAID_40F4DDF7_F12F_46d1_AF39_59D2BC8548A0","targetId":"EAID_B5A1D773_4E58_45cc_81F7_CF3AEEB5E6D4","type":"Assignment"},{"id":"EAID_ECC1336E_C6A6_42cc_95CF_CD8DD515A7EB","sourceId":"EAID_A27DC043_DF17_4629_AE35_D88E3E9E65F3","targetId":"EAID_9BD15294_7F13_4e5e_8790_A5E170B2878D","type":"Assignment"},{"id":"EAID_5E3F887D_8FDC_4566_B2EE_B668CA323B15","sourceId":"EAID_6FB8F8E5_F63A_4a73_99BC_DA5EDE682A73","targetId":"EAID_9BD15294_7F13_4e5e_8790_A5E170B2878D","type":"Serving"},{"id":"EAID_736C229F_0326_4169_BE28_1DC7A8567638","sourceId":"EAID_6732130F_E7B0_483a_A11A_E14AA1DE1A76","targetId":"EAID_5B0F3531_C78E_48d8_8807_7FB4CA71E820","type":"Serving"},{"id":"EAID_7D37C167_DB33_4933_A084_56A23BF0211F","sourceId":"EAID_019013F2_88BA_460c_B373_9926BC5A3194","targetId":"EAID_9BD15294_7F13_4e5e_8790_A5E170B2878D","type":"Serving"},{"id":"EAID_C5A0A1E4_30F0_4942_AA00_61C3EEBD5F3D","sourceId":"EAID_6732130F_E7B0_483a_A11A_E14AA1DE1A76","targetId":"EAID_40F4DDF7_F12F_46d1_AF39_59D2BC8548A0","type":"Serving"},{"id":"EAID_ED4E06A2_561C_4301_A86C_D3316F129FB8","sourceId":"EAID_6FB8F8E5_F63A_4a73_99BC_DA5EDE682A73","targetId":"EAID_5B0F3531_C78E_48d8_8807_7FB4CA71E820","type":"Serving"},{"id":"EAID_329CC05B_6720_464a_99DE_CF7D792EB9BD","sourceId":"EAID_E7E5F907_39F6_4a6b_96B0_FFF9B162194F","targetId":"EAID_9BD15294_7F13_4e5e_8790_A5E170B2878D","type":"Triggering"},{"id":"EAID_4D153DF4_F592_43a1_892B_30DDF5D36196","sourceId":"EAID_1F6E1843_5BE7_442d_94F6_5B6A8C9D902B","targetId":"EAID_B62624D4_6442_4c25_BE26_451689224D3D","type":"Triggering"},{"id":"EAID_63EC3024_A782_4db1_84FB_2A82D85467E8","sourceId":"EAID_880821B8_B817_48f1_BB59_48C111862295","targetId":"EAID_B5A1D773_4E58_45cc_81F7_CF3AEEB5E6D4","type":"Triggering"},{"id":"EAID_84F38519_060A_4650_8F74_F398F74D1096","sourceId":"EAID_B62624D4_6442_4c25_BE26_451689224D3D","targetId":"EAID_FD02D3F4_BC71_4f6c_BF36_852AC51B3BC7","type":"Triggering"},{"id":"EAID_C017C8E4_3134_485e_99ED_D337D961A27F","sourceId":"EAID_28C06457_F2EF_4354_9778_9ED90F9FCA86","targetId":"EAID_880821B8_B817_48f1_BB59_48C111862295","type":"Triggering"},{"id":"EAID_F20C9580_8937_4006_BF6F_7F13247F0B96","sourceId":"EAID_B5A1D773_4E58_45cc_81F7_CF3AEEB5E6D4","targetId":"EAID_1F6E1843_5BE7_442d_94F6_5B6A8C9D902B","type":"Triggering"},{"id":"id-062f57a8a1d8419982871bbdd2024893","sourceId":"id-bb3c718384fe439abf5f5e87a7aa936f","targetId":"EAID_019013F2_88BA_460c_B373_9926BC5A3194","type":"Serving"}],"views":[{"id":"EAID_7E2037C6_7A08_4182_81E3_23C81A150C67","name":"ArchiMate 2.0 Business Layer Diagram","viewpoint":""}]}