<?xml version="1.0" encoding="UTF-8"?><model xmlns="http://www.opengroup.org/xsd/archimate/3.0/" xmlns:xsi="http://www.w3.org/2001/XMLSchema-instance" identifier="_4gxjUDSbEeuxZMUIY-ihGw">  <name xml:lang="en">Сервис-временная упаковка продукции</name>  <elements>    <element xsi:type="BusinessService" identifier="_7Z_VYBbJEDmuu6G1ngxmxg">      <name xml:lang="en">Сервис &quot;Временная упаковка продукции&quot;</name>      <documentation/>    </element>    <element xsi:type="BusinessService" identifier="_e9Hb8BnFEDmyp5OdSvOL2w">      <name xml:lang="en">Операционный контроль</name>      <documentation/>    </element>    <element xsi:type="BusinessFunction" identifier="_RXi_kBbPEDmuu6G1ngxmxg">      <name xml:lang="en">Прием и обработка запроса</name>      <documentation/>    </element>    <element xsi:type="BusinessFunction" identifier="_TvWkcBbPEDmuu6G1ngxmxg">      <name xml:lang="en">Подбор конфигурации</name>      <documentation/>    </element>    <element xsi:type="BusinessFunction" identifier="_VFPZUBbPEDmuu6G1ngxmxg">      <name xml:lang="en">Комплектация из пополняемого запаса</name>      <documentation/>    </element>    <element xsi:type="BusinessFunction" identifier="_k11kQBbPEDmuu6G1ngxmxg">      <name xml:lang="en">Упаковка</name>      <documentation/>    </element>    <element xsi:type="BusinessFunction" identifier="_AyeY0BbREDmuu6G1ngxmxg">      <name xml:lang="en">Предъявление на контроль</name>      <documentation/>    </element>    <element xsi:type="Representation" identifier="_9GDs0BnCEDmyp5OdSvOL2w">      <name xml:lang="en">евро-палет/картонные коробки/их комбинация</name>      <documentation/>    </element>    <element xsi:type="Product" identifier="_Toq-IBnDEDmyp5OdSvOL2w">      <name xml:lang="en">Упакованная продукция</name>      <documentation/>    </element>    <element xsi:type="BusinessFunction" identifier="_dEUZMBnDEDmyp5OdSvOL2w">      <name xml:lang="en">Получение продукции от заказчика</name>      <documentation/>    </element>    <element xsi:type="Product" identifier="_yEX2IBnEEDmyp5OdSvOL2w">      <name xml:lang="en">Неупакованная продукция</name>      <documentation/>    </element>    <element xsi:type="Product" identifier="_2I0jABnEEDmyp5OdSvOL2w">      <name xml:lang="en">Материалы для упаковки</name>      <documentation/>    </element>    <element xsi:type="BusinessFunction" identifier="_h5cDIBnFEDmyp5OdSvOL2w">      <name xml:lang="en">Передача автору запроса</name>      <documentation/>    </element>    <element xsi:type="Representation" identifier="_r4DBUBnFEDmyp5OdSvOL2w">      <name xml:lang="en">Технологическая документация</name>      <documentation/>    </element>    <element xsi:type="BusinessRole" identifier="_3mzugBnFEDmyp5OdSvOL2w">      <name xml:lang="en">Упаковщик</name>      <documentation/>    </element>    <element xsi:type="BusinessRole" identifier="__w7QQBnFEDmyp5OdSvOL2w">      <name xml:lang="en">Упаковщик</name>      <documentation/>    </element>    <element xsi:type="BusinessCollaboration" identifier="_CC89QBnGEDmyp5OdSvOL2w">      <name xml:lang="en">ОТК</name>      <documentation/>    </element>    <element xsi:type="BusinessRole" identifier="_Dl2TYBnGEDmyp5OdSvOL2w">      <name xml:lang="en">Упаковщик</name>      <documentation/>    </element>    <element xsi:type="BusinessRole" identifier="_FUUAUBnGEDmyp5OdSvOL2w">      <name xml:lang="en">Упаковщик</name>      <documentation/>    </element>    <element xsi:type="Representation" identifier="_NsTmABnGEDmyp5OdSvOL2w">      <name xml:lang="en">Технологическая документация</name>      <documentation/>    </element>    <element xsi:type="Product" identifier="_SSl0oBnGEDmyp5OdSvOL2w">      <name xml:lang="en">Упакованная продукция</name>      <documentation/>    </element>    <element xsi:type="BusinessEvent" identifier="_W0OMwBnGEDmyp5OdSvOL2w">      <name xml:lang="en">Запрос закрыт</name>      <documentation/>    </element>    <element xsi:type="BusinessEvent" identifier="_ZTwxUBnGEDmyp5OdSvOL2w">      <name xml:lang="en">Запрос на временную упаковку продукции</name>      <documentation/>    </element>    <element xsi:type="BusinessRole" identifier="_z95zcBqcEDmSHpubU6c5sQ">      <name xml:lang="en">Заказчик</name>      <documentation/>    </element>  </elements>  <relationships>    <relationship xsi:type="Triggering" identifier="_mMRKQBnFEDmyp5OdSvOL2w" source="_e9Hb8BnFEDmyp5OdSvOL2w" target="_h5cDIBnFEDmyp5OdSvOL2w">      <name xml:lang="en"/>      <documentation/>    </relationship>    <relationship xsi:type="Association" identifier="_oIj30BnFEDmyp5OdSvOL2w" source="_e9Hb8BnFEDmyp5OdSvOL2w" target="_Toq-IBnDEDmyp5OdSvOL2w">      <name xml:lang="en"/>      <documentation/>    </relationship>    <relationship xsi:type="Association" identifier="_RHsHwBnGEDmyp5OdSvOL2w" source="_e9Hb8BnFEDmyp5OdSvOL2w" target="_NsTmABnGEDmyp5OdSvOL2w">      <name xml:lang="en"/>      <documentation/>    </relationship>    <relationship xsi:type="Triggering" identifier="_YtoxcBbREDmuu6G1ngxmxg" source="_RXi_kBbPEDmuu6G1ngxmxg" target="_TvWkcBbPEDmuu6G1ngxmxg">      <name xml:lang="en"/>      <documentation/>    </relationship>    <relationship xsi:type="Triggering" identifier="_ZFBWsBbREDmuu6G1ngxmxg" source="_TvWkcBbPEDmuu6G1ngxmxg" target="_VFPZUBbPEDmuu6G1ngxmxg">      <name xml:lang="en"/>      <documentation/>    </relationship>    <relationship xsi:type="Triggering" identifier="_aIqlABbREDmuu6G1ngxmxg" source="_k11kQBbPEDmuu6G1ngxmxg" target="_AyeY0BbREDmuu6G1ngxmxg">      <name xml:lang="en"/>      <documentation/>    </relationship>    <relationship xsi:type="Association" identifier="_BBKQcBnDEDmyp5OdSvOL2w" source="_TvWkcBbPEDmuu6G1ngxmxg" target="_9GDs0BnCEDmyp5OdSvOL2w">      <name xml:lang="en"/>      <documentation/>    </relationship>    <relationship xsi:type="Triggering" identifier="_NG7IYBnDEDmyp5OdSvOL2w" source="_VFPZUBbPEDmuu6G1ngxmxg" target="_k11kQBbPEDmuu6G1ngxmxg">      <name xml:lang="en"/>      <documentation/>    </relationship>    <relationship xsi:type="Association" identifier="_Xa5SkBnDEDmyp5OdSvOL2w" source="_k11kQBbPEDmuu6G1ngxmxg" target="_Toq-IBnDEDmyp5OdSvOL2w">      <name xml:lang="en"/>      <documentation/>    </relationship>    <relationship xsi:type="Triggering" identifier="_gW154BnDEDmyp5OdSvOL2w" source="_TvWkcBbPEDmuu6G1ngxmxg" target="_dEUZMBnDEDmyp5OdSvOL2w">      <name xml:lang="en"/>      <documentation/>    </relationship>    <relationship xsi:type="Triggering" identifier="_gy_DUBnDEDmyp5OdSvOL2w" source="_dEUZMBnDEDmyp5OdSvOL2w" target="_k11kQBbPEDmuu6G1ngxmxg">      <name xml:lang="en"/>      <documentation/>    </relationship>    <relationship xsi:type="Association" identifier="_1xTa4BnEEDmyp5OdSvOL2w" source="_yEX2IBnEEDmyp5OdSvOL2w" target="_dEUZMBnDEDmyp5OdSvOL2w">      <name xml:lang="en"/>      <documentation/>    </relationship>    <relationship xsi:type="Association" identifier="_4GdUYBnEEDmyp5OdSvOL2w" source="_VFPZUBbPEDmuu6G1ngxmxg" target="_2I0jABnEEDmyp5OdSvOL2w">      <name xml:lang="en"/>      <documentation/>    </relationship>    <relationship xsi:type="Association" identifier="_aLXkMBnFEDmyp5OdSvOL2w" source="_9GDs0BnCEDmyp5OdSvOL2w" target="_2I0jABnEEDmyp5OdSvOL2w">      <name xml:lang="en"/>      <documentation/>    </relationship>    <relationship xsi:type="Triggering" identifier="_hUzFABnFEDmyp5OdSvOL2w" source="_AyeY0BbREDmuu6G1ngxmxg" target="_e9Hb8BnFEDmyp5OdSvOL2w">      <name xml:lang="en"/>      <documentation/>    </relationship>    <relationship xsi:type="Association" identifier="_nq5rcBnFEDmyp5OdSvOL2w" source="_AyeY0BbREDmuu6G1ngxmxg" target="_Toq-IBnDEDmyp5OdSvOL2w">      <name xml:lang="en"/>      <documentation/>    </relationship>    <relationship xsi:type="Association" identifier="_u2RtABnFEDmyp5OdSvOL2w" source="_k11kQBbPEDmuu6G1ngxmxg" target="_r4DBUBnFEDmyp5OdSvOL2w">      <name xml:lang="en"/>      <documentation/>    </relationship>    <relationship xsi:type="Association" identifier="_5bBeIBnFEDmyp5OdSvOL2w" source="_3mzugBnFEDmyp5OdSvOL2w" target="_TvWkcBbPEDmuu6G1ngxmxg">      <name xml:lang="en"/>      <documentation/>    </relationship>    <relationship xsi:type="Association" identifier="_6JyBkBnFEDmyp5OdSvOL2w" source="_3mzugBnFEDmyp5OdSvOL2w" target="_VFPZUBbPEDmuu6G1ngxmxg">      <name xml:lang="en"/>      <documentation/>    </relationship>    <relationship xsi:type="Association" identifier="_9l3G4BnFEDmyp5OdSvOL2w" source="_3mzugBnFEDmyp5OdSvOL2w" target="_k11kQBbPEDmuu6G1ngxmxg">      <name xml:lang="en"/>      <documentation/>    </relationship>    <relationship xsi:type="Association" identifier="_BGNBIBnGEDmyp5OdSvOL2w" source="__w7QQBnFEDmyp5OdSvOL2w" target="_AyeY0BbREDmuu6G1ngxmxg">      <name xml:lang="en"/>      <documentation/>    </relationship>    <relationship xsi:type="Association" identifier="_DNHDQBnGEDmyp5OdSvOL2w" source="_CC89QBnGEDmyp5OdSvOL2w" target="_e9Hb8BnFEDmyp5OdSvOL2w">      <name xml:lang="en"/>      <documentation/>    </relationship>    <relationship xsi:type="Association" identifier="_E3-CkBnGEDmyp5OdSvOL2w" source="_Dl2TYBnGEDmyp5OdSvOL2w" target="_h5cDIBnFEDmyp5OdSvOL2w">      <name xml:lang="en"/>      <documentation/>    </relationship>    <relationship xsi:type="Association" identifier="_F8VpoBnGEDmyp5OdSvOL2w" source="_FUUAUBnGEDmyp5OdSvOL2w" target="_RXi_kBbPEDmuu6G1ngxmxg">      <name xml:lang="en"/>      <documentation/>    </relationship>    <relationship xsi:type="Association" identifier="_Lat94BnGEDmyp5OdSvOL2w" source="_k11kQBbPEDmuu6G1ngxmxg" target="_2I0jABnEEDmyp5OdSvOL2w">      <name xml:lang="en"/>      <documentation/>    </relationship>    <relationship xsi:type="Association" identifier="_UCzOABnGEDmyp5OdSvOL2w" source="_h5cDIBnFEDmyp5OdSvOL2w" target="_SSl0oBnGEDmyp5OdSvOL2w">      <name xml:lang="en"/>      <documentation/>    </relationship>    <relationship xsi:type="Triggering" identifier="_YPTDoBnGEDmyp5OdSvOL2w" source="_h5cDIBnFEDmyp5OdSvOL2w" target="_W0OMwBnGEDmyp5OdSvOL2w">      <name xml:lang="en"/>      <documentation/>    </relationship>    <relationship xsi:type="Triggering" identifier="_dGQykBnGEDmyp5OdSvOL2w" source="_ZTwxUBnGEDmyp5OdSvOL2w" target="_RXi_kBbPEDmuu6G1ngxmxg">      <name xml:lang="en"/>      <documentation/>    </relationship>    <relationship xsi:type="Association" identifier="_13pjUBqcEDmSHpubU6c5sQ" source="_z95zcBqcEDmSHpubU6c5sQ" target="_ZTwxUBnGEDmyp5OdSvOL2w">      <name xml:lang="en"/>      <documentation/>    </relationship>  </relationships>  <views>    <diagrams>      <view identifier="_4gxjUzSbEeuxZMUIY-ihGw">        <name xml:lang="en">archimate-diagram</name>        <node xsi:type="Element" identifier="_7adPcBbJEDmuu6G1ngxmxg" h="520" w="1524" x="60" y="59" elementRef="_7Z_VYBbJEDmuu6G1ngxmxg">          <node xsi:type="Element" identifier="_RXxpEBbPEDmuu6G1ngxmxg" h="60" w="130" x="232" y="326" elementRef="_RXi_kBbPEDmuu6G1ngxmxg"/>          <node xsi:type="Element" identifier="_TvaO0BbPEDmuu6G1ngxmxg" h="60" w="130" x="384" y="326" elementRef="_TvWkcBbPEDmuu6G1ngxmxg"/>          <node xsi:type="Element" identifier="_VFf4ABbPEDmuu6G1ngxmxg" h="60" w="130" x="533" y="326" elementRef="_VFPZUBbPEDmuu6G1ngxmxg"/>          <node xsi:type="Element" identifier="_k2E00BbPEDmuu6G1ngxmxg" h="60" w="130" x="691" y="326" elementRef="_k11kQBbPEDmuu6G1ngxmxg"/>          <node xsi:type="Element" identifier="_AyzI8BbREDmuu6G1ngxmxg" h="60" w="130" x="849" y="326" elementRef="_AyeY0BbREDmuu6G1ngxmxg"/>          <node xsi:type="Element" identifier="_9GSWUBnCEDmyp5OdSvOL2w" h="110" w="130" x="384" y="417" elementRef="_9GDs0BnCEDmyp5OdSvOL2w"/>          <node xsi:type="Element" identifier="_Toxr0BnDEDmyp5OdSvOL2w" h="60" w="130" x="914" y="442" elementRef="_Toq-IBnDEDmyp5OdSvOL2w"/>          <node xsi:type="Element" identifier="_dEkQ0BnDEDmyp5OdSvOL2w" h="60" w="130" x="533" y="162" elementRef="_dEUZMBnDEDmyp5OdSvOL2w"/>          <node xsi:type="Element" identifier="_yEi1QBnEEDmyp5OdSvOL2w" h="60" w="130" x="533" y="80" elementRef="_yEX2IBnEEDmyp5OdSvOL2w"/>          <node xsi:type="Element" identifier="_2I6CkBnEEDmyp5OdSvOL2w" h="60" w="130" x="533" y="442" elementRef="_2I0jABnEEDmyp5OdSvOL2w"/>          <node xsi:type="Element" identifier="_e9P-0BnFEDmyp5OdSvOL2w" h="60" w="130" x="1011" y="326" elementRef="_e9Hb8BnFEDmyp5OdSvOL2w"/>          <node xsi:type="Element" identifier="_h5iJwBnFEDmyp5OdSvOL2w" h="60" w="130" x="1220" y="326" elementRef="_h5cDIBnFEDmyp5OdSvOL2w"/>          <node xsi:type="Element" identifier="_r4SR4BnFEDmyp5OdSvOL2w" h="60" w="130" x="691" y="442" elementRef="_r4DBUBnFEDmyp5OdSvOL2w"/>          <node xsi:type="Element" identifier="_3m9fgBnFEDmyp5OdSvOL2w" h="37" w="100" x="548" y="260" elementRef="_3mzugBnFEDmyp5OdSvOL2w"/>          <node xsi:type="Element" identifier="__xAv0BnFEDmyp5OdSvOL2w" h="60" w="130" x="849" y="235" elementRef="__w7QQBnFEDmyp5OdSvOL2w"/>          <node xsi:type="Element" identifier="_CDESABnGEDmyp5OdSvOL2w" h="60" w="130" x="1011" y="235" elementRef="_CC89QBnGEDmyp5OdSvOL2w"/>          <node xsi:type="Element" identifier="_Dl9oIBnGEDmyp5OdSvOL2w" h="60" w="130" x="1220" y="235" elementRef="_Dl2TYBnGEDmyp5OdSvOL2w"/>          <node xsi:type="Element" identifier="_FUY40BnGEDmyp5OdSvOL2w" h="60" w="130" x="232" y="216" elementRef="_FUUAUBnGEDmyp5OdSvOL2w"/>          <node xsi:type="Element" identifier="_NsYegBnGEDmyp5OdSvOL2w" h="60" w="130" x="1060" y="442" elementRef="_NsTmABnGEDmyp5OdSvOL2w"/>          <node xsi:type="Element" identifier="_SSuXgBnGEDmyp5OdSvOL2w" h="60" w="130" x="1220" y="442" elementRef="_SSl0oBnGEDmyp5OdSvOL2w"/>          <node xsi:type="Element" identifier="_W0eEYBnGEDmyp5OdSvOL2w" h="60" w="130" x="1392" y="326" elementRef="_W0OMwBnGEDmyp5OdSvOL2w"/>          <node xsi:type="Element" identifier="_ZT_a0BnGEDmyp5OdSvOL2w" h="60" w="130" x="71" y="326" elementRef="_ZTwxUBnGEDmyp5OdSvOL2w"/>          <node xsi:type="Element" identifier="_z-iFkBqcEDmSHpubU6c5sQ" h="60" w="130" x="71" y="216" elementRef="_z95zcBqcEDmSHpubU6c5sQ"/>        </node>        <connection xsi:type="Relationship" identifier="_YtuRABbREDmuu6G1ngxmxg" source="_RXxpEBbPEDmuu6G1ngxmxg" target="_TvaO0BbPEDmuu6G1ngxmxg" relationshipRef="_YtoxcBbREDmuu6G1ngxmxg"/>        <connection xsi:type="Relationship" identifier="_ZFEaABbREDmuu6G1ngxmxg" source="_TvaO0BbPEDmuu6G1ngxmxg" target="_VFf4ABbPEDmuu6G1ngxmxg" relationshipRef="_ZFBWsBbREDmuu6G1ngxmxg"/>        <connection xsi:type="Relationship" identifier="_aItBQBbREDmuu6G1ngxmxg" source="_k2E00BbPEDmuu6G1ngxmxg" target="_AyzI8BbREDmuu6G1ngxmxg" relationshipRef="_aIqlABbREDmuu6G1ngxmxg"/>        <connection xsi:type="Relationship" identifier="_BBOh4BnDEDmyp5OdSvOL2w" source="_TvaO0BbPEDmuu6G1ngxmxg" target="_9GSWUBnCEDmyp5OdSvOL2w" relationshipRef="_BBKQcBnDEDmyp5OdSvOL2w"/>        <connection xsi:type="Relationship" identifier="_NHGHgBnDEDmyp5OdSvOL2w" source="_VFf4ABbPEDmuu6G1ngxmxg" target="_k2E00BbPEDmuu6G1ngxmxg" relationshipRef="_NG7IYBnDEDmyp5OdSvOL2w"/>        <connection xsi:type="Relationship" identifier="_XbDDkBnDEDmyp5OdSvOL2w" source="_k2E00BbPEDmuu6G1ngxmxg" target="_Toxr0BnDEDmyp5OdSvOL2w" relationshipRef="_Xa5SkBnDEDmyp5OdSvOL2w"/>        <connection xsi:type="Relationship" identifier="_gW91sBnDEDmyp5OdSvOL2w" source="_TvaO0BbPEDmuu6G1ngxmxg" target="_dEkQ0BnDEDmyp5OdSvOL2w" relationshipRef="_gW154BnDEDmyp5OdSvOL2w"/>        <connection xsi:type="Relationship" identifier="_gzCtsBnDEDmyp5OdSvOL2w" source="_dEkQ0BnDEDmyp5OdSvOL2w" target="_k2E00BbPEDmuu6G1ngxmxg" relationshipRef="_gy_DUBnDEDmyp5OdSvOL2w"/>        <connection xsi:type="Relationship" identifier="_1xdL4BnEEDmyp5OdSvOL2w" source="_yEi1QBnEEDmyp5OdSvOL2w" target="_dEkQ0BnDEDmyp5OdSvOL2w" relationshipRef="_1xTa4BnEEDmyp5OdSvOL2w"/>        <connection xsi:type="Relationship" identifier="_4GphoBnEEDmyp5OdSvOL2w" source="_VFf4ABbPEDmuu6G1ngxmxg" target="_2I6CkBnEEDmyp5OdSvOL2w" relationshipRef="_4GdUYBnEEDmyp5OdSvOL2w"/>        <connection xsi:type="Relationship" identifier="_aLbOkBnFEDmyp5OdSvOL2w" source="_9GSWUBnCEDmyp5OdSvOL2w" target="_2I6CkBnEEDmyp5OdSvOL2w" relationshipRef="_aLXkMBnFEDmyp5OdSvOL2w"/>        <connection xsi:type="Relationship" identifier="_hU-rMBnFEDmyp5OdSvOL2w" source="_AyzI8BbREDmuu6G1ngxmxg" target="_e9P-0BnFEDmyp5OdSvOL2w" relationshipRef="_hUzFABnFEDmyp5OdSvOL2w"/>        <connection xsi:type="Relationship" identifier="_mMX38BnFEDmyp5OdSvOL2w" source="_e9P-0BnFEDmyp5OdSvOL2w" target="_h5iJwBnFEDmyp5OdSvOL2w" relationshipRef="_mMRKQBnFEDmyp5OdSvOL2w"/>        <connection xsi:type="Relationship" identifier="_nrEqkBnFEDmyp5OdSvOL2w" source="_AyzI8BbREDmuu6G1ngxmxg" target="_Toxr0BnDEDmyp5OdSvOL2w" relationshipRef="_nq5rcBnFEDmyp5OdSvOL2w"/>        <connection xsi:type="Relationship" identifier="_oImUEBnFEDmyp5OdSvOL2w" source="_e9P-0BnFEDmyp5OdSvOL2w" target="_Toxr0BnDEDmyp5OdSvOL2w" relationshipRef="_oIj30BnFEDmyp5OdSvOL2w"/>        <connection xsi:type="Relationship" identifier="_u2ZBwBnFEDmyp5OdSvOL2w" source="_k2E00BbPEDmuu6G1ngxmxg" target="_r4SR4BnFEDmyp5OdSvOL2w" relationshipRef="_u2RtABnFEDmyp5OdSvOL2w"/>        <connection xsi:type="Relationship" identifier="_5bNrYBnFEDmyp5OdSvOL2w" source="_3m9fgBnFEDmyp5OdSvOL2w" target="_TvaO0BbPEDmuu6G1ngxmxg" relationshipRef="_5bBeIBnFEDmyp5OdSvOL2w"/>        <connection xsi:type="Relationship" identifier="_6J2TABnFEDmyp5OdSvOL2w" source="_3m9fgBnFEDmyp5OdSvOL2w" target="_VFf4ABbPEDmuu6G1ngxmxg" relationshipRef="_6JyBkBnFEDmyp5OdSvOL2w"/>        <connection xsi:type="Relationship" identifier="_9mEiQBnFEDmyp5OdSvOL2w" source="_3m9fgBnFEDmyp5OdSvOL2w" target="_k2E00BbPEDmuu6G1ngxmxg" relationshipRef="_9l3G4BnFEDmyp5OdSvOL2w"/>        <connection xsi:type="Relationship" identifier="_BGWLEBnGEDmyp5OdSvOL2w" source="__xAv0BnFEDmyp5OdSvOL2w" target="_AyzI8BbREDmuu6G1ngxmxg" relationshipRef="_BGNBIBnGEDmyp5OdSvOL2w"/>        <connection xsi:type="Relationship" identifier="_DNPmIBnGEDmyp5OdSvOL2w" source="_CDESABnGEDmyp5OdSvOL2w" target="_e9P-0BnFEDmyp5OdSvOL2w" relationshipRef="_DNHDQBnGEDmyp5OdSvOL2w"/>        <connection xsi:type="Relationship" identifier="_E4Bs8BnGEDmyp5OdSvOL2w" source="_Dl9oIBnGEDmyp5OdSvOL2w" target="_h5iJwBnFEDmyp5OdSvOL2w" relationshipRef="_E3-CkBnGEDmyp5OdSvOL2w"/>        <connection xsi:type="Relationship" identifier="_F8gowBnGEDmyp5OdSvOL2w" source="_FUY40BnGEDmyp5OdSvOL2w" target="_RXxpEBbPEDmuu6G1ngxmxg" relationshipRef="_F8VpoBnGEDmyp5OdSvOL2w"/>        <connection xsi:type="Relationship" identifier="_La4V8BnGEDmyp5OdSvOL2w" source="_k2E00BbPEDmuu6G1ngxmxg" target="_2I6CkBnEEDmyp5OdSvOL2w" relationshipRef="_Lat94BnGEDmyp5OdSvOL2w"/>        <connection xsi:type="Relationship" identifier="_RHyOYBnGEDmyp5OdSvOL2w" source="_e9P-0BnFEDmyp5OdSvOL2w" target="_NsYegBnGEDmyp5OdSvOL2w" relationshipRef="_RHsHwBnGEDmyp5OdSvOL2w"/>        <connection xsi:type="Relationship" identifier="_UC8X8BnGEDmyp5OdSvOL2w" source="_h5iJwBnFEDmyp5OdSvOL2w" target="_SSuXgBnGEDmyp5OdSvOL2w" relationshipRef="_UCzOABnGEDmyp5OdSvOL2w"/>        <connection xsi:type="Relationship" identifier="_YPXVEBnGEDmyp5OdSvOL2w" source="_h5iJwBnFEDmyp5OdSvOL2w" target="_W0eEYBnGEDmyp5OdSvOL2w" relationshipRef="_YPTDoBnGEDmyp5OdSvOL2w"/>        <connection xsi:type="Relationship" identifier="_dGVrEBnGEDmyp5OdSvOL2w" source="_ZT_a0BnGEDmyp5OdSvOL2w" target="_RXxpEBbPEDmuu6G1ngxmxg" relationshipRef="_dGQykBnGEDmyp5OdSvOL2w"/>        <connection xsi:type="Relationship" identifier="_13_hkBqcEDmSHpubU6c5sQ" source="_z-iFkBqcEDmSHpubU6c5sQ" target="_ZT_a0BnGEDmyp5OdSvOL2w" relationshipRef="_13pjUBqcEDmSHpubU6c5sQ"/>      </view>    </diagrams>  </views></model>
