{"identifier":"https://me.big.tuwien.ac.at/EAModelSet/67201797","archimateId":"67201797","name":"9 Database Session State","description":"","formats":["XML","CSV","JSON","ARCHIMATE"],"source":"GitHub","repository":"wilmerkrisp/patterns","license":"Other","sourceFile":"raw-data/github/archimate/database_session_state.archimate","sourceFormat":"ARCHIMATE","timestamp":"2023-07-06T09:29:17","tags":[],"duplicates":[],"language":"en","elements":[{"id":"d8128cd3","name":"Application Process","type":"ApplicationProcess","layer":"application"},{"id":"96872508","name":"some operation","type":"ApplicationProcess","layer":"application"},{"id":"572e96d8","name":"some operation","type":"ApplicationProcess","layer":"application"},{"id":"7ede2781","name":"some operation","type":"ApplicationProcess","layer":"application"},{"id":"b91e1149","name":"session state data","type":"DataObject","layer":"application"},{"id":"8099732e","name":"some query to server","type":"ApplicationEvent","layer":"application"},{"id":"2e4e48ec","name":"some query to server","type":"ApplicationEvent","layer":"application"},{"id":"bbd47587","name":"some query to server","type":"ApplicationEvent","layer":"application"},{"id":"5852c8af","name":"some response from server","type":"ApplicationEvent","layer":"application"},{"id":"d87a46a4","name":"some response from server","type":"ApplicationEvent","layer":"application"},{"id":"87157a60","name":"some response from server","type":"ApplicationEvent","layer":"application"},{"id":"7f15c132","name":"the request is processed independently of other queries","type":"ApplicationProcess","layer":"application"},{"id":"84b39eee","name":"the request is processed independently of other queries","type":"ApplicationProcess","layer":"application"},{"id":"3279aa12","name":"the request is processed independently of other queries","type":"ApplicationProcess","layer":"application"},{"id":"06191b63","name":"clients process","type":"ApplicationProcess","layer":"application"},{"id":"618bcf77","name":"some operation","type":"ApplicationProcess","layer":"application"},{"id":"6016e5c6","name":"some operation","type":"ApplicationProcess","layer":"application"},{"id":"b77840c8","name":"some operation","type":"ApplicationProcess","layer":"application"},{"id":"ce8bd337","name":"only session ID","type":"DataObject","layer":"application"},{"id":"486d7ea2","name":"process","type":"ApplicationProcess","layer":"application"},{"id":"50628796","name":"continue process","type":"ApplicationProcess","layer":"application"},{"id":"5e830608","name":"finish process","type":"ApplicationProcess","layer":"application"},{"id":"e0d3f8f4","name":"clients session state data","type":"DataObject","layer":"application"},{"id":"bc20c93d","name":"clients session state data (copy)","type":"DataObject","layer":"application"},{"id":"6001f206","name":"entity 1","type":"DataObject","layer":"application"},{"id":"23ef2936","name":"entity 2","type":"DataObject","layer":"application"},{"id":"1f5d5cf7","name":"entity 3","type":"DataObject","layer":"application"},{"id":"f0bd47a2","name":"entity 4","type":"DataObject","layer":"application"},{"id":"f6fbff20","name":"entity 5","type":"DataObject","layer":"application"},{"id":"5361da50","name":"entity 6","type":"DataObject","layer":"application"},{"id":"478791c4","name":"entity 1 (copy)","type":"DataObject","layer":"application"},{"id":"81073d0e","name":"entity 2 (copy)","type":"DataObject","layer":"application"},{"id":"f7bb9c16","name":"entity 3 (copy)","type":"DataObject","layer":"application"},{"id":"178dae8e","name":"entity 4 (copy)","type":"DataObject","layer":"application"},{"id":"7d96416e","name":"entity 5 (copy)","type":"DataObject","layer":"application"},{"id":"34af3427","name":"entity 6 (copy)","type":"DataObject","layer":"application"},{"id":"24587e88","name":"commit","type":"ApplicationEvent","layer":"application"},{"id":"68221bec","name":"a copy of a database to store temporary session data","type":"Grouping","layer":"other"},{"id":"020c4f6f","name":"database","type":"Grouping","layer":"other"},{"id":"d7d34a2d","name":"domain logic","type":"Grouping","layer":"other"}],"relationships":[{"id":"3eaa015f","sourceId":"7f15c132","targetId":"5852c8af","type":"TriggeringRelationship"},{"id":"1d0aa3b5","sourceId":"5852c8af","targetId":"96872508","type":"TriggeringRelationship"},{"id":"8a2e93a1","sourceId":"bbd47587","targetId":"3279aa12","type":"TriggeringRelationship"},{"id":"6d55ba6c","sourceId":"d8128cd3","targetId":"7ede2781","type":"CompositionRelationship"},{"id":"ea1abd09","sourceId":"d8128cd3","targetId":"96872508","type":"CompositionRelationship"},{"id":"47a7e06c","sourceId":"3279aa12","targetId":"87157a60","type":"TriggeringRelationship"},{"id":"1cc4c778","sourceId":"7ede2781","targetId":"bbd47587","type":"TriggeringRelationship"},{"id":"4f464c5a","sourceId":"d8128cd3","targetId":"572e96d8","type":"CompositionRelationship"},{"id":"d5759e27","sourceId":"d8128cd3","targetId":"b91e1149","type":"AccessRelationship"},{"id":"e28fedbb","sourceId":"96872508","targetId":"b91e1149","type":"AccessRelationship"},{"id":"d66f55f3","sourceId":"87157a60","targetId":"7ede2781","type":"TriggeringRelationship"},{"id":"fb993893","sourceId":"572e96d8","targetId":"2e4e48ec","type":"TriggeringRelationship"},{"id":"4bf3637d","sourceId":"84b39eee","targetId":"d87a46a4","type":"TriggeringRelationship"},{"id":"d5215201","sourceId":"572e96d8","targetId":"b91e1149","type":"AccessRelationship"},{"id":"f43648c7","sourceId":"2e4e48ec","targetId":"84b39eee","type":"TriggeringRelationship"},{"id":"81444871","sourceId":"d87a46a4","targetId":"572e96d8","type":"TriggeringRelationship"},{"id":"09a4f477","sourceId":"96872508","targetId":"8099732e","type":"TriggeringRelationship"},{"id":"d836dc19","sourceId":"7ede2781","targetId":"b91e1149","type":"AccessRelationship"},{"id":"0d2fd0cd","sourceId":"8099732e","targetId":"7f15c132","type":"TriggeringRelationship"},{"id":"89244a1d","sourceId":"6016e5c6","targetId":"ce8bd337","type":"AccessRelationship"},{"id":"e943bf44","sourceId":"06191b63","targetId":"b77840c8","type":"CompositionRelationship"},{"id":"673f4388","sourceId":"50628796","targetId":"68221bec","type":"AccessRelationship"},{"id":"85752bda","sourceId":"b77840c8","targetId":"5e830608","type":"TriggeringRelationship"},{"id":"7d69719f","sourceId":"06191b63","targetId":"618bcf77","type":"CompositionRelationship"},{"id":"ff17a5f2","sourceId":"5e830608","targetId":"68221bec","type":"AccessRelationship"},{"id":"92ad4bac","sourceId":"06191b63","targetId":"ce8bd337","type":"AccessRelationship"},{"id":"4f194f60","sourceId":"06191b63","targetId":"6016e5c6","type":"CompositionRelationship"},{"id":"4bfc534d","sourceId":"486d7ea2","targetId":"618bcf77","type":"TriggeringRelationship"},{"id":"1f9e1d24","sourceId":"618bcf77","targetId":"ce8bd337","type":"AccessRelationship"},{"id":"2a166072","sourceId":"5e830608","targetId":"b77840c8","type":"TriggeringRelationship"},{"id":"5357e282","sourceId":"b77840c8","targetId":"ce8bd337","type":"AccessRelationship"},{"id":"294def0a","sourceId":"50628796","targetId":"6016e5c6","type":"TriggeringRelationship"},{"id":"f711f161","sourceId":"486d7ea2","targetId":"68221bec","type":"AccessRelationship"},{"id":"becd6199","sourceId":"6016e5c6","targetId":"50628796","type":"TriggeringRelationship"},{"id":"af2f24a4","sourceId":"618bcf77","targetId":"486d7ea2","type":"TriggeringRelationship"},{"id":"08a2468e","sourceId":"5361da50","targetId":"1f5d5cf7","type":"AssociationRelationship"},{"id":"b9daa3d5","sourceId":"f6fbff20","targetId":"f0bd47a2","type":"AssociationRelationship"},{"id":"ee775bec","sourceId":"5361da50","targetId":"f6fbff20","type":"AssociationRelationship"},{"id":"3d6c194c","sourceId":"6001f206","targetId":"5361da50","type":"AssociationRelationship"},{"id":"7bb42043","sourceId":"6001f206","targetId":"f0bd47a2","type":"AssociationRelationship"},{"id":"cf876536","sourceId":"6001f206","targetId":"23ef2936","type":"AssociationRelationship"},{"id":"fa786a37","sourceId":"23ef2936","targetId":"1f5d5cf7","type":"AssociationRelationship"},{"id":"f2562b5a","sourceId":"f0bd47a2","targetId":"1f5d5cf7","type":"AssociationRelationship"},{"id":"6b8d5a7e","sourceId":"81073d0e","targetId":"f7bb9c16","type":"AssociationRelationship"},{"id":"7c3d6062","sourceId":"478791c4","targetId":"81073d0e","type":"AssociationRelationship"},{"id":"fbd790f7","sourceId":"7d96416e","targetId":"178dae8e","type":"AssociationRelationship"},{"id":"32288030","sourceId":"478791c4","targetId":"178dae8e","type":"AssociationRelationship"},{"id":"4e0630ee","sourceId":"34af3427","targetId":"7d96416e","type":"AssociationRelationship"},{"id":"e5366755","sourceId":"178dae8e","targetId":"f7bb9c16","type":"AssociationRelationship"},{"id":"b593b812","sourceId":"478791c4","targetId":"34af3427","type":"AssociationRelationship"},{"id":"77c60b53","sourceId":"34af3427","targetId":"f7bb9c16","type":"AssociationRelationship"},{"id":"f5717130","sourceId":"68221bec","targetId":"478791c4","type":"CompositionRelationship"},{"id":"b4b65a94","sourceId":"68221bec","targetId":"81073d0e","type":"CompositionRelationship"},{"id":"1b182aa2","sourceId":"68221bec","targetId":"f7bb9c16","type":"CompositionRelationship"},{"id":"4de61a0a","sourceId":"68221bec","targetId":"34af3427","type":"CompositionRelationship"},{"id":"15bdc9fd","sourceId":"68221bec","targetId":"7d96416e","type":"CompositionRelationship"},{"id":"5c42b509","sourceId":"68221bec","targetId":"178dae8e","type":"CompositionRelationship"},{"id":"345ca822","sourceId":"020c4f6f","targetId":"1f5d5cf7","type":"CompositionRelationship"},{"id":"925accba","sourceId":"020c4f6f","targetId":"23ef2936","type":"CompositionRelationship"},{"id":"b5e9c6a7","sourceId":"020c4f6f","targetId":"6001f206","type":"CompositionRelationship"},{"id":"3eed55da","sourceId":"020c4f6f","targetId":"5361da50","type":"CompositionRelationship"},{"id":"9f66e40c","sourceId":"020c4f6f","targetId":"f6fbff20","type":"CompositionRelationship"},{"id":"88cf3a50","sourceId":"020c4f6f","targetId":"f0bd47a2","type":"CompositionRelationship"},{"id":"8ba9875d","sourceId":"d7d34a2d","targetId":"24587e88","type":"CompositionRelationship"},{"id":"268a723b","sourceId":"5e830608","targetId":"24587e88","type":"FlowRelationship"},{"id":"65589c5f","sourceId":"24587e88","targetId":"020c4f6f","type":"AccessRelationship"}],"views":[{"id":"3d1fb9bb","name":"Database Session State","viewpoint":""}]}