<?xml version="1.0" encoding="UTF-8"?>
<model xmlns="http://www.opengroup.org/xsd/archimate/3.0/" xmlns:xsi="http://www.w3.org/2001/XMLSchema-instance" xsi:schemaLocation="http://www.opengroup.org/xsd/archimate/3.0/ http://www.opengroup.org/xsd/archimate/3.1/archimate3_Diagram.xsd" identifier="id-67201797">
  <name>9 Database Session State</name>
  <elements>
    <element identifier="d8128cd3" xsi:type="ApplicationProcess">
      <name>Application Process</name>
    </element>
    <element identifier="id-96872508" xsi:type="ApplicationProcess">
      <name>some operation</name>
    </element>
    <element identifier="id-572e96d8" xsi:type="ApplicationProcess">
      <name>some operation</name>
    </element>
    <element identifier="id-7ede2781" xsi:type="ApplicationProcess">
      <name>some operation</name>
    </element>
    <element identifier="b91e1149" xsi:type="DataObject">
      <name>session state data</name>
    </element>
    <element identifier="id-8099732e" xsi:type="ApplicationEvent">
      <name>some query to server</name>
    </element>
    <element identifier="id-2e4e48ec" xsi:type="ApplicationEvent">
      <name>some query to server</name>
    </element>
    <element identifier="bbd47587" xsi:type="ApplicationEvent">
      <name>some query to server</name>
    </element>
    <element identifier="id-5852c8af" xsi:type="ApplicationEvent">
      <name>some response from server</name>
    </element>
    <element identifier="d87a46a4" xsi:type="ApplicationEvent">
      <name>some response from server</name>
    </element>
    <element identifier="id-87157a60" xsi:type="ApplicationEvent">
      <name>some response from server</name>
    </element>
    <element identifier="id-7f15c132" xsi:type="ApplicationProcess">
      <name>the request is processed independently of other queries</name>
    </element>
    <element identifier="id-84b39eee" xsi:type="ApplicationProcess">
      <name>the request is processed independently of other queries</name>
    </element>
    <element identifier="id-3279aa12" xsi:type="ApplicationProcess">
      <name>the request is processed independently of other queries</name>
    </element>
    <element identifier="id-06191b63" xsi:type="ApplicationProcess">
      <name>clients process</name>
    </element>
    <element identifier="id-618bcf77" xsi:type="ApplicationProcess">
      <name>some operation</name>
    </element>
    <element identifier="id-6016e5c6" xsi:type="ApplicationProcess">
      <name>some operation</name>
    </element>
    <element identifier="b77840c8" xsi:type="ApplicationProcess">
      <name>some operation</name>
    </element>
    <element identifier="ce8bd337" xsi:type="DataObject">
      <name>only session ID</name>
    </element>
    <element identifier="id-486d7ea2" xsi:type="ApplicationProcess">
      <name>process</name>
    </element>
    <element identifier="id-50628796" xsi:type="ApplicationProcess">
      <name>continue process</name>
    </element>
    <element identifier="id-5e830608" xsi:type="ApplicationProcess">
      <name>finish process</name>
    </element>
    <element identifier="e0d3f8f4" xsi:type="DataObject">
      <name>clients session state data</name>
    </element>
    <element identifier="bc20c93d" xsi:type="DataObject">
      <name>clients session state data (copy)</name>
    </element>
    <element identifier="id-6001f206" xsi:type="DataObject">
      <name>entity 1</name>
    </element>
    <element identifier="id-23ef2936" xsi:type="DataObject">
      <name>entity 2</name>
    </element>
    <element identifier="id-1f5d5cf7" xsi:type="DataObject">
      <name>entity 3</name>
    </element>
    <element identifier="f0bd47a2" xsi:type="DataObject">
      <name>entity 4</name>
    </element>
    <element identifier="f6fbff20" xsi:type="DataObject">
      <name>entity 5</name>
    </element>
    <element identifier="id-5361da50" xsi:type="DataObject">
      <name>entity 6</name>
    </element>
    <element identifier="id-478791c4" xsi:type="DataObject">
      <name>entity 1 (copy)</name>
    </element>
    <element identifier="id-81073d0e" xsi:type="DataObject">
      <name>entity 2 (copy)</name>
    </element>
    <element identifier="f7bb9c16" xsi:type="DataObject">
      <name>entity 3 (copy)</name>
    </element>
    <element identifier="id-178dae8e" xsi:type="DataObject">
      <name>entity 4 (copy)</name>
    </element>
    <element identifier="id-7d96416e" xsi:type="DataObject">
      <name>entity 5 (copy)</name>
    </element>
    <element identifier="id-34af3427" xsi:type="DataObject">
      <name>entity 6 (copy)</name>
    </element>
    <element identifier="id-24587e88" xsi:type="ApplicationEvent">
      <name>commit</name>
    </element>
    <element identifier="id-68221bec" xsi:type="Grouping">
      <name>a copy of a database to store temporary session data</name>
    </element>
    <element identifier="id-020c4f6f" xsi:type="Grouping">
      <name>database</name>
    </element>
    <element identifier="d7d34a2d" xsi:type="Grouping">
      <name>domain logic</name>
    </element>
  </elements>
  <relationships>
    <relationship identifier="id-3eaa015f" source="id-7f15c132" target="id-5852c8af" xsi:type="Triggering" />
    <relationship identifier="id-1d0aa3b5" source="id-5852c8af" target="id-96872508" xsi:type="Triggering" />
    <relationship identifier="id-8a2e93a1" source="bbd47587" target="id-3279aa12" xsi:type="Triggering" />
    <relationship identifier="id-6d55ba6c" source="d8128cd3" target="id-7ede2781" xsi:type="Composition" />
    <relationship identifier="ea1abd09" source="d8128cd3" target="id-96872508" xsi:type="Composition" />
    <relationship identifier="id-47a7e06c" source="id-3279aa12" target="id-87157a60" xsi:type="Triggering" />
    <relationship identifier="id-1cc4c778" source="id-7ede2781" target="bbd47587" xsi:type="Triggering" />
    <relationship identifier="id-4f464c5a" source="d8128cd3" target="id-572e96d8" xsi:type="Composition" />
    <relationship identifier="d5759e27" source="d8128cd3" target="b91e1149" xsi:type="Access" accessType="Write" />
    <relationship identifier="e28fedbb" source="id-96872508" target="b91e1149" xsi:type="Access" accessType="Write" />
    <relationship identifier="d66f55f3" source="id-87157a60" target="id-7ede2781" xsi:type="Triggering" />
    <relationship identifier="fb993893" source="id-572e96d8" target="id-2e4e48ec" xsi:type="Triggering" />
    <relationship identifier="id-4bf3637d" source="id-84b39eee" target="d87a46a4" xsi:type="Triggering" />
    <relationship identifier="d5215201" source="id-572e96d8" target="b91e1149" xsi:type="Access" accessType="Write" />
    <relationship identifier="f43648c7" source="id-2e4e48ec" target="id-84b39eee" xsi:type="Triggering" />
    <relationship identifier="id-81444871" source="d87a46a4" target="id-572e96d8" xsi:type="Triggering" />
    <relationship identifier="id-09a4f477" source="id-96872508" target="id-8099732e" xsi:type="Triggering" />
    <relationship identifier="d836dc19" source="id-7ede2781" target="b91e1149" xsi:type="Access" accessType="Write" />
    <relationship identifier="id-0d2fd0cd" source="id-8099732e" target="id-7f15c132" xsi:type="Triggering" />
    <relationship identifier="id-89244a1d" source="id-6016e5c6" target="ce8bd337" xsi:type="Access" accessType="Write" />
    <relationship identifier="e943bf44" source="id-06191b63" target="b77840c8" xsi:type="Composition" />
    <relationship identifier="id-673f4388" source="id-50628796" target="id-68221bec" xsi:type="Access" accessType="Write" />
    <relationship identifier="id-85752bda" source="b77840c8" target="id-5e830608" xsi:type="Triggering">
      <name>request</name>
      <documentation>session state data (and session ID)</documentation>
    </relationship>
    <relationship identifier="id-7d69719f" source="id-06191b63" target="id-618bcf77" xsi:type="Composition" />
    <relationship identifier="ff17a5f2" source="id-5e830608" target="id-68221bec" xsi:type="Access" accessType="Write" />
    <relationship identifier="id-92ad4bac" source="id-06191b63" target="ce8bd337" xsi:type="Access" accessType="Write" />
    <relationship identifier="id-4f194f60" source="id-06191b63" target="id-6016e5c6" xsi:type="Composition" />
    <relationship identifier="id-4bfc534d" source="id-486d7ea2" target="id-618bcf77" xsi:type="Triggering">
      <name>response from server</name>
    </relationship>
    <relationship identifier="id-1f9e1d24" source="id-618bcf77" target="ce8bd337" xsi:type="Access" accessType="Write" />
    <relationship identifier="id-2a166072" source="id-5e830608" target="b77840c8" xsi:type="Triggering">
      <name>response</name>
    </relationship>
    <relationship identifier="id-5357e282" source="b77840c8" target="ce8bd337" xsi:type="Access" accessType="Write" />
    <relationship identifier="id-294def0a" source="id-50628796" target="id-6016e5c6" xsi:type="Triggering">
      <name>response</name>
    </relationship>
    <relationship identifier="f711f161" source="id-486d7ea2" target="id-68221bec" xsi:type="Access" accessType="Write" />
    <relationship identifier="becd6199" source="id-6016e5c6" target="id-50628796" xsi:type="Triggering">
      <name>request</name>
    </relationship>
    <relationship identifier="af2f24a4" source="id-618bcf77" target="id-486d7ea2" xsi:type="Triggering">
      <name>request from client</name>
    </relationship>
    <relationship identifier="id-08a2468e" source="id-5361da50" target="id-1f5d5cf7" xsi:type="Association" />
    <relationship identifier="b9daa3d5" source="f6fbff20" target="f0bd47a2" xsi:type="Association" />
    <relationship identifier="ee775bec" source="id-5361da50" target="f6fbff20" xsi:type="Association" />
    <relationship identifier="id-3d6c194c" source="id-6001f206" target="id-5361da50" xsi:type="Association" />
    <relationship identifier="id-7bb42043" source="id-6001f206" target="f0bd47a2" xsi:type="Association" />
    <relationship identifier="cf876536" source="id-6001f206" target="id-23ef2936" xsi:type="Association" />
    <relationship identifier="fa786a37" source="id-23ef2936" target="id-1f5d5cf7" xsi:type="Association" />
    <relationship identifier="f2562b5a" source="f0bd47a2" target="id-1f5d5cf7" xsi:type="Association" />
    <relationship identifier="id-6b8d5a7e" source="id-81073d0e" target="f7bb9c16" xsi:type="Association" />
    <relationship identifier="id-7c3d6062" source="id-478791c4" target="id-81073d0e" xsi:type="Association" />
    <relationship identifier="fbd790f7" source="id-7d96416e" target="id-178dae8e" xsi:type="Association" />
    <relationship identifier="id-32288030" source="id-478791c4" target="id-178dae8e" xsi:type="Association" />
    <relationship identifier="id-4e0630ee" source="id-34af3427" target="id-7d96416e" xsi:type="Association" />
    <relationship identifier="e5366755" source="id-178dae8e" target="f7bb9c16" xsi:type="Association" />
    <relationship identifier="b593b812" source="id-478791c4" target="id-34af3427" xsi:type="Association" />
    <relationship identifier="id-77c60b53" source="id-34af3427" target="f7bb9c16" xsi:type="Association" />
    <relationship identifier="f5717130" source="id-68221bec" target="id-478791c4" xsi:type="Composition" />
    <relationship identifier="b4b65a94" source="id-68221bec" target="id-81073d0e" xsi:type="Composition" />
    <relationship identifier="id-1b182aa2" source="id-68221bec" target="f7bb9c16" xsi:type="Composition" />
    <relationship identifier="id-4de61a0a" source="id-68221bec" target="id-34af3427" xsi:type="Composition" />
    <relationship identifier="id-15bdc9fd" source="id-68221bec" target="id-7d96416e" xsi:type="Composition" />
    <relationship identifier="id-5c42b509" source="id-68221bec" target="id-178dae8e" xsi:type="Composition" />
    <relationship identifier="id-345ca822" source="id-020c4f6f" target="id-1f5d5cf7" xsi:type="Composition" />
    <relationship identifier="id-925accba" source="id-020c4f6f" target="id-23ef2936" xsi:type="Composition" />
    <relationship identifier="b5e9c6a7" source="id-020c4f6f" target="id-6001f206" xsi:type="Composition" />
    <relationship identifier="id-3eed55da" source="id-020c4f6f" target="id-5361da50" xsi:type="Composition" />
    <relationship identifier="id-9f66e40c" source="id-020c4f6f" target="f6fbff20" xsi:type="Composition" />
    <relationship identifier="id-88cf3a50" source="id-020c4f6f" target="f0bd47a2" xsi:type="Composition" />
    <relationship identifier="id-8ba9875d" source="d7d34a2d" target="id-24587e88" xsi:type="Composition" />
    <relationship identifier="id-268a723b" source="id-5e830608" target="id-24587e88" xsi:type="Flow" />
    <relationship identifier="id-65589c5f" source="id-24587e88" target="id-020c4f6f" xsi:type="Access" accessType="Write">
      <name>during commit the fixation of temporary data into permanent</name>
    </relationship>
  </relationships>
  <views>
    <diagrams>
      <view identifier="id-3d1fb9bb" xsi:type="Diagram">
        <name>Database Session State</name>
        <node identifier="e534eafc" x="288" y="337" w="1966" h="885" xsi:type="Container">
          <label>presentation</label>
          <style>
            <fillColor r="199" g="225" b="226" a="100" />
            <lineColor r="92" g="92" b="92" a="100" />
            <font name="Lucida Grande" size="12">
              <color r="0" g="0" b="0" />
            </font>
          </style>
          <node identifier="id-440afcb0" xsi:type="Label" x="308" y="397" w="1927" h="796">
            <label>timeline -&gt;</label>
            <style>
              <fillColor r="255" g="255" b="255" a="100" />
              <lineColor r="92" g="92" b="92" a="100" />
              <font name="Segoe UI" size="18">
                <color r="255" g="0" b="0" />
              </font>
            </style>
          </node>
          <node identifier="a5e7e2e4" x="333" y="442" w="1876" h="266" xsi:type="Container">
            <label>client side</label>
            <documentation>gang of four classic design pattern</documentation>
            <style>
              <fillColor r="210" g="215" b="215" a="100" />
              <lineColor r="92" g="92" b="92" a="100" />
              <font name="Lucida Grande" size="12">
                <color r="0" g="0" b="0" />
              </font>
            </style>
            <node identifier="id-7fd3c41d" elementRef="id-06191b63" xsi:type="Element" x="393" y="492" w="1751" h="186">
              <style>
                <fillColor r="181" g="255" b="255" a="100" />
                <lineColor r="92" g="92" b="92" a="100" />
                <font name="Lucida Grande" size="12">
                  <color r="0" g="0" b="0" />
                </font>
              </style>
              <node identifier="id-7f7767e3" elementRef="id-618bcf77" xsi:type="Element" x="658" y="612" w="120" h="55">
                <style>
                  <fillColor r="181" g="255" b="255" a="100" />
                  <lineColor r="92" g="92" b="92" a="100" />
                  <font name="Lucida Grande" size="12">
                    <color r="0" g="0" b="0" />
                  </font>
                </style>
              </node>
              <node identifier="id-5874940e" elementRef="id-6016e5c6" xsi:type="Element" x="1198" y="612" w="120" h="55">
                <style>
                  <fillColor r="181" g="255" b="255" a="100" />
                  <lineColor r="92" g="92" b="92" a="100" />
                  <font name="Lucida Grande" size="12">
                    <color r="0" g="0" b="0" />
                  </font>
                </style>
              </node>
              <node identifier="id-714d1bf6" elementRef="b77840c8" xsi:type="Element" x="1708" y="612" w="120" h="55">
                <style>
                  <fillColor r="181" g="255" b="255" a="100" />
                  <lineColor r="92" g="92" b="92" a="100" />
                  <font name="Lucida Grande" size="12">
                    <color r="0" g="0" b="0" />
                  </font>
                </style>
              </node>
              <node identifier="e51f59cd" elementRef="ce8bd337" xsi:type="Element" x="1198" y="527" w="120" h="55">
                <style>
                  <fillColor r="181" g="255" b="255" a="100" />
                  <lineColor r="92" g="92" b="92" a="100" />
                  <font name="Lucida Grande" size="12">
                    <color r="0" g="0" b="0" />
                  </font>
                </style>
              </node>
              <node identifier="e81d4a9a" xsi:type="Label" x="1423" y="502" w="185" h="80">
                <label>- data is stored on the client-side&#xD;
- client session state</label>
                <style>
                  <fillColor r="255" g="255" b="255" a="100" />
                  <lineColor r="92" g="92" b="92" a="100" />
                  <font name="Lucida Grande" size="12">
                    <color r="255" g="0" b="0" />
                  </font>
                </style>
              </node>
            </node>
          </node>
          <node identifier="id-4eaa51b3" x="333" y="902" w="1876" h="266" xsi:type="Container">
            <label>server side</label>
            <documentation>Patterns of Enterprise Application Architecture</documentation>
            <style>
              <fillColor r="210" g="215" b="215" a="100" />
              <lineColor r="92" g="92" b="92" a="100" />
              <font name="Lucida Grande" size="12">
                <color r="0" g="0" b="0" />
              </font>
            </style>
            <node identifier="b21d868f" elementRef="id-486d7ea2" xsi:type="Element" x="608" y="1002" w="196" h="55">
              <style>
                <fillColor r="181" g="255" b="255" a="100" />
                <lineColor r="92" g="92" b="92" a="100" />
                <font name="Lucida Grande" size="12">
                  <color r="0" g="0" b="0" />
                </font>
              </style>
            </node>
            <node identifier="id-33039d6a" elementRef="id-50628796" xsi:type="Element" x="1203" y="1002" w="196" h="55">
              <style>
                <fillColor r="181" g="255" b="255" a="100" />
                <lineColor r="92" g="92" b="92" a="100" />
                <font name="Lucida Grande" size="12">
                  <color r="0" g="0" b="0" />
                </font>
              </style>
            </node>
            <node identifier="b4ff639f" elementRef="id-5e830608" xsi:type="Element" x="1693" y="1002" w="196" h="55">
              <style>
                <fillColor r="181" g="255" b="255" a="100" />
                <lineColor r="92" g="92" b="92" a="100" />
                <font name="Lucida Grande" size="12">
                  <color r="0" g="0" b="0" />
                </font>
              </style>
            </node>
          </node>
          <node identifier="id-27b6c220" xsi:type="Label" x="698" y="767" w="120" h="55">
            <label>session ID</label>
            <style>
              <fillColor r="0" g="0" b="0" a="100" />
              <lineColor r="92" g="92" b="92" a="100" />
              <font name="Lucida Grande" size="12">
                <color r="255" g="255" b="255" />
              </font>
            </style>
          </node>
          <node identifier="bcf8b6fc" xsi:type="Label" x="1143" y="767" w="120" h="55">
            <label>session state data (and session ID)</label>
            <style>
              <fillColor r="0" g="0" b="0" a="100" />
              <lineColor r="92" g="92" b="92" a="100" />
              <font name="Lucida Grande" size="12">
                <color r="255" g="255" b="255" />
              </font>
            </style>
          </node>
          <node identifier="bb3f29c3" xsi:type="Label" x="1678" y="767" w="120" h="55">
            <label>additional session state data (and session ID)</label>
            <style>
              <fillColor r="0" g="0" b="0" a="100" />
              <lineColor r="92" g="92" b="92" a="100" />
              <font name="Lucida Grande" size="12">
                <color r="255" g="255" b="255" />
              </font>
            </style>
          </node>
          <node identifier="cc23f0e5" xsi:type="Label" x="708" y="847" w="1215" h="53">
            <label>- With each request the server receives session ID and some new session data from the client&#xD;
-The server stores the data from the client&#xD;
- With each request from the client, the server finds its previous data on the client</label>
            <style>
              <fillColor r="255" g="255" b="255" a="100" />
              <lineColor r="92" g="92" b="92" a="100" />
              <font name="Lucida Grande" size="12">
                <color r="255" g="0" b="0" />
              </font>
            </style>
          </node>
        </node>
        <node identifier="id-3890e6bd" x="288" y="1275" w="1966" h="791" xsi:type="Container">
          <label>domain</label>
          <style>
            <fillColor r="206" g="219" b="211" a="100" />
            <lineColor r="92" g="92" b="92" a="100" />
            <font name="Lucida Grande" size="12">
              <color r="0" g="0" b="0" />
            </font>
          </style>
          <node identifier="f52cda1b" elementRef="d7d34a2d" xsi:type="Element" x="353" y="1360" w="1856" h="606">
            <style>
              <fillColor r="255" g="255" b="255" a="100" />
              <lineColor r="92" g="92" b="92" a="100" />
              <font name="Lucida Grande" size="12">
                <color r="0" g="0" b="0" />
              </font>
            </style>
          </node>
        </node>
        <node identifier="id-61e5442c" x="288" y="2125" w="1966" h="791" xsi:type="Container">
          <label>data source</label>
          <style>
            <fillColor r="216" g="209" b="215" a="100" />
            <lineColor r="92" g="92" b="92" a="100" />
            <font name="Lucida Grande" size="12">
              <color r="0" g="0" b="0" />
            </font>
          </style>
          <node identifier="id-2f35de54" elementRef="id-68221bec" xsi:type="Element" x="343" y="2170" w="1856" h="340">
            <style>
              <fillColor r="255" g="255" b="255" a="100" />
              <lineColor r="92" g="92" b="92" a="100" />
              <font name="Lucida Grande" size="12">
                <color r="0" g="0" b="0" />
              </font>
            </style>
            <node identifier="id-5ca8b3a9" elementRef="id-478791c4" xsi:type="Element" x="909" y="2386" w="120" h="55">
              <style>
                <fillColor r="181" g="255" b="255" a="100" />
                <lineColor r="92" g="92" b="92" a="100" />
                <font name="Lucida Grande" size="12">
                  <color r="0" g="0" b="0" />
                </font>
              </style>
            </node>
            <node identifier="d40f1362" elementRef="id-81073d0e" xsi:type="Element" x="1023" y="2290" w="120" h="55">
              <style>
                <fillColor r="181" g="255" b="255" a="100" />
                <lineColor r="92" g="92" b="92" a="100" />
                <font name="Lucida Grande" size="12">
                  <color r="0" g="0" b="0" />
                </font>
              </style>
            </node>
            <node identifier="id-31be3700" elementRef="f7bb9c16" xsi:type="Element" x="1199" y="2206" w="120" h="55">
              <style>
                <fillColor r="181" g="255" b="255" a="100" />
                <lineColor r="92" g="92" b="92" a="100" />
                <font name="Lucida Grande" size="12">
                  <color r="0" g="0" b="0" />
                </font>
              </style>
            </node>
            <node identifier="id-690542c1" elementRef="id-34af3427" xsi:type="Element" x="1163" y="2400" w="120" h="55">
              <style>
                <fillColor r="181" g="255" b="255" a="100" />
                <lineColor r="92" g="92" b="92" a="100" />
                <font name="Lucida Grande" size="12">
                  <color r="0" g="0" b="0" />
                </font>
              </style>
            </node>
            <node identifier="id-38a6d239" elementRef="id-7d96416e" xsi:type="Element" x="1333" y="2405" w="120" h="55">
              <style>
                <fillColor r="181" g="255" b="255" a="100" />
                <lineColor r="92" g="92" b="92" a="100" />
                <font name="Lucida Grande" size="12">
                  <color r="0" g="0" b="0" />
                </font>
              </style>
            </node>
            <node identifier="id-334e9f4e" elementRef="id-178dae8e" xsi:type="Element" x="1368" y="2290" w="120" h="55">
              <style>
                <fillColor r="181" g="255" b="255" a="100" />
                <lineColor r="92" g="92" b="92" a="100" />
                <font name="Lucida Grande" size="12">
                  <color r="0" g="0" b="0" />
                </font>
              </style>
            </node>
            <node identifier="id-244d04ca" xsi:type="Label" x="1518" y="2325" w="217" h="101">
              <label>- exact copies of these tables (each table included additional session ID field)&#xD;
- data validation is not applied to the copy of the data</label>
              <style>
                <fillColor r="255" g="255" b="255" a="100" />
                <lineColor r="92" g="92" b="92" a="100" />
                <font name="Lucida Grande" size="12">
                  <color r="255" g="0" b="0" />
                </font>
              </style>
            </node>
          </node>
          <node identifier="id-49c059c9" elementRef="id-020c4f6f" xsi:type="Element" x="343" y="2540" w="1856" h="340">
            <style>
              <fillColor r="255" g="255" b="255" a="100" />
              <lineColor r="92" g="92" b="92" a="100" />
              <font name="Lucida Grande" size="12">
                <color r="0" g="0" b="0" />
              </font>
            </style>
            <node identifier="e64c5a43" elementRef="id-1f5d5cf7" xsi:type="Element" x="1179" y="2591" w="120" h="55">
              <style>
                <fillColor r="181" g="255" b="255" a="100" />
                <lineColor r="92" g="92" b="92" a="100" />
                <font name="Lucida Grande" size="12">
                  <color r="0" g="0" b="0" />
                </font>
              </style>
            </node>
            <node identifier="id-1424a3a9" elementRef="id-23ef2936" xsi:type="Element" x="1003" y="2675" w="120" h="55">
              <style>
                <fillColor r="181" g="255" b="255" a="100" />
                <lineColor r="92" g="92" b="92" a="100" />
                <font name="Lucida Grande" size="12">
                  <color r="0" g="0" b="0" />
                </font>
              </style>
            </node>
            <node identifier="id-921c63c0" elementRef="id-6001f206" xsi:type="Element" x="889" y="2771" w="120" h="55">
              <style>
                <fillColor r="181" g="255" b="255" a="100" />
                <lineColor r="92" g="92" b="92" a="100" />
                <font name="Lucida Grande" size="12">
                  <color r="0" g="0" b="0" />
                </font>
              </style>
            </node>
            <node identifier="id-91b2a8c7" elementRef="id-5361da50" xsi:type="Element" x="1143" y="2785" w="120" h="55">
              <style>
                <fillColor r="181" g="255" b="255" a="100" />
                <lineColor r="92" g="92" b="92" a="100" />
                <font name="Lucida Grande" size="12">
                  <color r="0" g="0" b="0" />
                </font>
              </style>
            </node>
            <node identifier="id-0b1006ab" elementRef="f6fbff20" xsi:type="Element" x="1313" y="2790" w="120" h="55">
              <style>
                <fillColor r="181" g="255" b="255" a="100" />
                <lineColor r="92" g="92" b="92" a="100" />
                <font name="Lucida Grande" size="12">
                  <color r="0" g="0" b="0" />
                </font>
              </style>
            </node>
            <node identifier="c326b82e" elementRef="f0bd47a2" xsi:type="Element" x="1348" y="2675" w="120" h="55">
              <style>
                <fillColor r="181" g="255" b="255" a="100" />
                <lineColor r="92" g="92" b="92" a="100" />
                <font name="Lucida Grande" size="12">
                  <color r="0" g="0" b="0" />
                </font>
              </style>
            </node>
          </node>
        </node>
        <node identifier="id-73621cfd" elementRef="id-24587e88" xsi:type="Element" x="1835" y="2080" w="120" h="55">
          <style>
            <fillColor r="181" g="255" b="255" a="100" />
            <lineColor r="92" g="92" b="92" a="100" />
            <font name="Lucida Grande" size="12">
              <color r="0" g="0" b="0" />
            </font>
          </style>
        </node>
        <connection identifier="b9618f2d" relationshipRef="af2f24a4" xsi:type="Relationship" source="id-7f7767e3" target="b21d868f">
          <style>
            <lineColor r="0" g="0" b="0" />
            <font name="Lucida Grande" size="12">
              <color r="0" g="0" b="0" />
            </font>
          </style>
          <bendpoint x="670" y="829" />
        </connection>
        <connection identifier="ed227999" relationshipRef="id-1f9e1d24" xsi:type="Relationship" source="id-7f7767e3" target="e51f59cd">
          <style>
            <lineColor r="0" g="0" b="0" />
            <font name="Lucida Grande" size="12">
              <color r="0" g="0" b="0" />
            </font>
          </style>
        </connection>
        <connection identifier="id-0fb1af31" relationshipRef="becd6199" xsi:type="Relationship" source="id-5874940e" target="id-33039d6a">
          <style>
            <lineColor r="0" g="0" b="0" />
            <font name="Lucida Grande" size="12">
              <color r="0" g="0" b="0" />
            </font>
          </style>
          <bendpoint x="1246" y="833" />
        </connection>
        <connection identifier="id-0de5cc40" relationshipRef="id-89244a1d" xsi:type="Relationship" source="id-5874940e" target="e51f59cd">
          <style>
            <lineColor r="0" g="0" b="0" />
            <font name="Lucida Grande" size="12">
              <color r="0" g="0" b="0" />
            </font>
          </style>
        </connection>
        <connection identifier="id-56a387f7" relationshipRef="id-5357e282" xsi:type="Relationship" source="id-714d1bf6" target="e51f59cd">
          <style>
            <lineColor r="0" g="0" b="0" />
            <font name="Lucida Grande" size="12">
              <color r="0" g="0" b="0" />
            </font>
          </style>
        </connection>
        <connection identifier="id-5785686e" relationshipRef="id-85752bda" xsi:type="Relationship" source="id-714d1bf6" target="b4ff639f">
          <style>
            <lineColor r="0" g="0" b="0" />
            <font name="Lucida Grande" size="12">
              <color r="0" g="0" b="0" />
            </font>
          </style>
          <bendpoint x="1746" y="943" />
        </connection>
        <connection identifier="id-95a01499" relationshipRef="id-4bfc534d" xsi:type="Relationship" source="b21d868f" target="id-7f7767e3">
          <style>
            <lineColor r="0" g="0" b="0" />
            <font name="Lucida Grande" size="12">
              <color r="0" g="0" b="0" />
            </font>
          </style>
          <bendpoint x="755" y="839" />
        </connection>
        <connection identifier="de200ae0" relationshipRef="f711f161" xsi:type="Relationship" source="b21d868f" target="id-2f35de54">
          <style>
            <lineColor r="255" g="0" b="0" />
            <font name="Lucida Grande" size="12">
              <color r="0" g="0" b="0" />
            </font>
          </style>
        </connection>
        <connection identifier="id-781ed532" relationshipRef="id-294def0a" xsi:type="Relationship" source="id-33039d6a" target="id-5874940e">
          <style>
            <lineColor r="0" g="0" b="0" />
            <font name="Lucida Grande" size="12">
              <color r="0" g="0" b="0" />
            </font>
          </style>
          <bendpoint x="1311" y="833" />
        </connection>
        <connection identifier="id-486c5366" relationshipRef="id-673f4388" xsi:type="Relationship" source="id-33039d6a" target="id-2f35de54">
          <style>
            <lineColor r="255" g="0" b="0" />
            <font name="Lucida Grande" size="12">
              <color r="0" g="0" b="0" />
            </font>
          </style>
        </connection>
        <connection identifier="bdb63dae" relationshipRef="id-2a166072" xsi:type="Relationship" source="b4ff639f" target="id-714d1bf6">
          <style>
            <lineColor r="0" g="0" b="0" />
            <font name="Lucida Grande" size="12">
              <color r="0" g="0" b="0" />
            </font>
          </style>
          <bendpoint x="1826" y="953" />
        </connection>
        <connection identifier="id-3e2e12a3" relationshipRef="ff17a5f2" xsi:type="Relationship" source="b4ff639f" target="id-2f35de54">
          <style>
            <lineColor r="255" g="0" b="0" />
            <font name="Lucida Grande" size="12">
              <color r="0" g="0" b="0" />
            </font>
          </style>
        </connection>
        <connection identifier="a9b2fea8" relationshipRef="id-268a723b" xsi:type="Relationship" source="b4ff639f" target="id-73621cfd">
          <style>
            <lineColor r="0" g="0" b="0" />
            <font name="Lucida Grande" size="12">
              <color r="0" g="0" b="0" />
            </font>
          </style>
          <bendpoint x="1884" y="1566" />
        </connection>
        <connection identifier="id-6255f34b" relationshipRef="b593b812" xsi:type="Relationship" source="id-5ca8b3a9" target="id-690542c1">
          <style>
            <lineColor r="192" g="192" b="192" />
            <font name="Lucida Grande" size="12">
              <color r="0" g="0" b="0" />
            </font>
          </style>
        </connection>
        <connection identifier="id-38921fa1" relationshipRef="id-32288030" xsi:type="Relationship" source="id-5ca8b3a9" target="id-334e9f4e">
          <style>
            <lineColor r="192" g="192" b="192" />
            <font name="Lucida Grande" size="12">
              <color r="0" g="0" b="0" />
            </font>
          </style>
        </connection>
        <connection identifier="b00c7c24" relationshipRef="id-7c3d6062" xsi:type="Relationship" source="id-5ca8b3a9" target="d40f1362">
          <style>
            <lineColor r="192" g="192" b="192" />
            <font name="Lucida Grande" size="12">
              <color r="0" g="0" b="0" />
            </font>
          </style>
        </connection>
        <connection identifier="id-2f6e137a" relationshipRef="id-6b8d5a7e" xsi:type="Relationship" source="d40f1362" target="id-31be3700">
          <style>
            <lineColor r="192" g="192" b="192" />
            <font name="Lucida Grande" size="12">
              <color r="0" g="0" b="0" />
            </font>
          </style>
        </connection>
        <connection identifier="id-4bd30bb5" relationshipRef="id-77c60b53" xsi:type="Relationship" source="id-690542c1" target="id-31be3700">
          <style>
            <lineColor r="192" g="192" b="192" />
            <font name="Lucida Grande" size="12">
              <color r="0" g="0" b="0" />
            </font>
          </style>
        </connection>
        <connection identifier="ea44797b" relationshipRef="id-4e0630ee" xsi:type="Relationship" source="id-690542c1" target="id-38a6d239">
          <style>
            <lineColor r="192" g="192" b="192" />
            <font name="Lucida Grande" size="12">
              <color r="0" g="0" b="0" />
            </font>
          </style>
        </connection>
        <connection identifier="id-9c98cea8" relationshipRef="fbd790f7" xsi:type="Relationship" source="id-38a6d239" target="id-334e9f4e">
          <style>
            <lineColor r="192" g="192" b="192" />
            <font name="Lucida Grande" size="12">
              <color r="0" g="0" b="0" />
            </font>
          </style>
        </connection>
        <connection identifier="id-96f9becb" relationshipRef="e5366755" xsi:type="Relationship" source="id-334e9f4e" target="id-31be3700">
          <style>
            <lineColor r="192" g="192" b="192" />
            <font name="Lucida Grande" size="12">
              <color r="0" g="0" b="0" />
            </font>
          </style>
        </connection>
        <connection identifier="id-1a806e63" relationshipRef="fa786a37" xsi:type="Relationship" source="id-1424a3a9" target="e64c5a43">
          <style>
            <lineColor r="192" g="192" b="192" />
            <font name="Lucida Grande" size="12">
              <color r="0" g="0" b="0" />
            </font>
          </style>
        </connection>
        <connection identifier="id-797a29af" relationshipRef="cf876536" xsi:type="Relationship" source="id-921c63c0" target="id-1424a3a9">
          <style>
            <lineColor r="192" g="192" b="192" />
            <font name="Lucida Grande" size="12">
              <color r="0" g="0" b="0" />
            </font>
          </style>
        </connection>
        <connection identifier="e2e5ab55" relationshipRef="id-3d6c194c" xsi:type="Relationship" source="id-921c63c0" target="id-91b2a8c7">
          <style>
            <lineColor r="192" g="192" b="192" />
            <font name="Lucida Grande" size="12">
              <color r="0" g="0" b="0" />
            </font>
          </style>
        </connection>
        <connection identifier="fdaedbb6" relationshipRef="id-7bb42043" xsi:type="Relationship" source="id-921c63c0" target="c326b82e">
          <style>
            <lineColor r="192" g="192" b="192" />
            <font name="Lucida Grande" size="12">
              <color r="0" g="0" b="0" />
            </font>
          </style>
        </connection>
        <connection identifier="id-8a1acd1d" relationshipRef="id-08a2468e" xsi:type="Relationship" source="id-91b2a8c7" target="e64c5a43">
          <style>
            <lineColor r="192" g="192" b="192" />
            <font name="Lucida Grande" size="12">
              <color r="0" g="0" b="0" />
            </font>
          </style>
        </connection>
        <connection identifier="id-56b2a26e" relationshipRef="ee775bec" xsi:type="Relationship" source="id-91b2a8c7" target="id-0b1006ab">
          <style>
            <lineColor r="192" g="192" b="192" />
            <font name="Lucida Grande" size="12">
              <color r="0" g="0" b="0" />
            </font>
          </style>
        </connection>
        <connection identifier="id-24587454" relationshipRef="b9daa3d5" xsi:type="Relationship" source="id-0b1006ab" target="c326b82e">
          <style>
            <lineColor r="192" g="192" b="192" />
            <font name="Lucida Grande" size="12">
              <color r="0" g="0" b="0" />
            </font>
          </style>
        </connection>
        <connection identifier="bfe3033e" relationshipRef="f2562b5a" xsi:type="Relationship" source="c326b82e" target="e64c5a43">
          <style>
            <lineColor r="192" g="192" b="192" />
            <font name="Lucida Grande" size="12">
              <color r="0" g="0" b="0" />
            </font>
          </style>
        </connection>
        <connection identifier="d74d60bd" relationshipRef="id-65589c5f" xsi:type="Relationship" source="id-73621cfd" target="id-49c059c9">
          <style>
            <lineColor r="0" g="0" b="0" />
            <font name="Lucida Grande" size="12">
              <color r="255" g="0" b="0" />
            </font>
          </style>
          <bendpoint x="1941" y="2534" />
        </connection>
      </view>
    </diagrams>
  </views>
</model>
