{"identifier":"https://me.big.tuwien.ac.at/EAModelSet/id-1aab120d","archimateId":"id-1aab120d","name":"Facade","description":"","formats":["XML","CSV","JSON","ARCHIMATE"],"source":"GitHub","sourceFile":"raw-data/github/xml/5_facade_v1.xml","sourceFormat":"XML","timestamp":"29-06-2023 09:26:47","tags":[],"duplicates":[],"language":"en","elements":[{"id":"id-3c30c966-50de-4386-9e58-72e09222d5ba","name":"Business Actor 1","type":"BusinessActor","layer":"business"},{"id":"id-7bcaa0a7-e65c-4fe4-8c71-4d40ffd83119","name":"Business Actor 2","type":"BusinessActor","layer":"business"},{"id":"id-562b60f7-18bb-4aee-8356-3748e556b59d","name":"Business Actor 3","type":"BusinessActor","layer":"business"},{"id":"b11916b6","name":"call facade methods","type":"ApplicationFunction","layer":"application"},{"id":"id-234ee456","name":"facade 1","type":"ApplicationComponent","layer":"application"},{"id":"id-16614440","name":"class A","type":"ApplicationComponent","layer":"application"},{"id":"bbc56006","name":"class B","type":"ApplicationComponent","layer":"application"},{"id":"id-094e5326","name":"class C","type":"ApplicationComponent","layer":"application"},{"id":"id-7ff10f7a","name":"facade 2","type":"ApplicationComponent","layer":"application"},{"id":"id-777bdf70","name":"class D","type":"ApplicationComponent","layer":"application"},{"id":"id-96517add","name":"class E","type":"ApplicationComponent","layer":"application"},{"id":"id-4c46e3f3","name":"class F","type":"ApplicationComponent","layer":"application"},{"id":"d27db187","name":"facade 3","type":"ApplicationComponent","layer":"application"},{"id":"aae699da","name":"class G","type":"ApplicationComponent","layer":"application"},{"id":"id-9a601a94","name":"class H","type":"ApplicationComponent","layer":"application"},{"id":"ea819aef","name":"class J","type":"ApplicationComponent","layer":"application"},{"id":"id-6c664ac3-1fea-409a-a51c-fc8f7ee76b69","name":"implementation","type":"ApplicationComponent","layer":"application"},{"id":"b6a41168-75ad-49b8-a566-bd25091242e8","name":"class1","type":"ApplicationComponent","layer":"application"},{"id":"id-5d65e795-dba2-4bf8-8aed-9a7abec57836","name":"class2","type":"ApplicationComponent","layer":"application"},{"id":"f144e054-12d0-4ed8-ae57-a233e1de29b1","name":"class3","type":"ApplicationComponent","layer":"application"},{"id":"id-8f496190-b941-402f-b281-b2a59019f6fd","name":"ref to class1","type":"DataObject","layer":"application"},{"id":"id-23beebaf-a756-4620-a93b-6e4d67381a52","name":"ref to class2","type":"DataObject","layer":"application"},{"id":"id-8834324d-1673-4914-8c46-4cbcc0ca6fdd","name":"ref to class3","type":"DataObject","layer":"application"},{"id":"id-18938d92-12f6-4a39-aead-ab01efae0f2d","name":"func1","type":"ApplicationFunction","layer":"application"},{"id":"e0d56197-52cf-4cbd-a6fa-0db155f9f7af","name":"func2","type":"ApplicationFunction","layer":"application"},{"id":"id-6101dff4-ba62-4169-a5e4-ac583b9c4c56","name":"func3","type":"ApplicationFunction","layer":"application"},{"id":"eecf1dca-3c31-4906-b66a-620fba48db5a","name":"func1","type":"ApplicationFunction","layer":"application"},{"id":"df90ccd1-bbb2-4640-b583-c4d0f333e935","name":"func2","type":"ApplicationFunction","layer":"application"},{"id":"id-26a80d55-0a75-428b-a2f9-08dc1db5b94c","name":"func3","type":"ApplicationFunction","layer":"application"},{"id":"id-7c368494-fd4f-49a9-8bc0-aa146ab5e88c","name":"facade class (copy)","type":"ApplicationComponent","layer":"application"},{"id":"id-70693d2b-6b64-47ec-ad65-a9a94b43bb2c","name":"ref to class1 (copy)","type":"DataObject","layer":"application"},{"id":"ebe4431c-f97c-419a-b0c1-46da8c18e011","name":"ref to class2 (copy)","type":"DataObject","layer":"application"},{"id":"id-60225d76-00a7-49fd-92f4-544856c4ab86","name":"ref to class3 (copy)","type":"DataObject","layer":"application"},{"id":"id-2cdd3986-b341-4fe5-b74c-dae63beadc11","name":"func1 (copy)","type":"ApplicationFunction","layer":"application"},{"id":"a1e6411e-785b-427e-8848-b820dbec301c","name":"func2 (copy)","type":"ApplicationFunction","layer":"application"},{"id":"a22ca9a3-6845-4a75-9230-00168ec1efe1","name":"func3 (copy)","type":"ApplicationFunction","layer":"application"},{"id":"feaf9095-2cb7-4995-ada4-54e4729f45df","name":"class1 (copy)","type":"ApplicationComponent","layer":"application"},{"id":"a064f3c0-dfbf-45db-b19e-7b9f59721427","name":"func1 (copy)","type":"ApplicationFunction","layer":"application"},{"id":"id-92322e0d-beed-4df2-b8a3-72309d5beba9","name":"class2 (copy)","type":"ApplicationComponent","layer":"application"},{"id":"cdef99ad-8d80-4719-bd7a-677c0be4e813","name":"func2 (copy)","type":"ApplicationFunction","layer":"application"},{"id":"id-479f67c6-71ba-4ebf-919f-0d66b86571c3","name":"class3 (copy)","type":"ApplicationComponent","layer":"application"},{"id":"f9464959-82f1-4c93-8073-c29312d49902","name":"func3 (copy)","type":"ApplicationFunction","layer":"application"},{"id":"id-60096ad5-0927-4b8d-840a-8cdd5bbccd4b","name":"interface1","type":"ApplicationInterface","layer":"application"},{"id":"a3389527-ee7c-4a80-878e-e87ea7078e2a","name":"interface2","type":"ApplicationInterface","layer":"application"},{"id":"a761f745-75df-4ada-94f0-994d28e1371b","name":"interface3","type":"ApplicationInterface","layer":"application"}],"relationships":[{"id":"id-11fc4894","sourceId":"id-16614440","targetId":"id-234ee456","type":"Serving"},{"id":"id-1852f1a4","sourceId":"bbc56006","targetId":"id-234ee456","type":"Serving"},{"id":"id-0edd63f4","sourceId":"id-094e5326","targetId":"id-234ee456","type":"Serving"},{"id":"id-27448ad1","sourceId":"id-234ee456","targetId":"b11916b6","type":"Serving"},{"id":"id-6fa9f3d7","sourceId":"id-4c46e3f3","targetId":"id-7ff10f7a","type":"Serving"},{"id":"id-0d9597c7","sourceId":"id-777bdf70","targetId":"id-7ff10f7a","type":"Serving"},{"id":"id-5e3d46f7","sourceId":"id-96517add","targetId":"id-7ff10f7a","type":"Serving"},{"id":"id-9d06d7c1","sourceId":"ea819aef","targetId":"d27db187","type":"Serving"},{"id":"ab629cd4","sourceId":"aae699da","targetId":"d27db187","type":"Serving"},{"id":"edff22fd","sourceId":"id-9a601a94","targetId":"d27db187","type":"Serving"},{"id":"id-416739d3","sourceId":"id-7ff10f7a","targetId":"id-094e5326","type":"Serving"},{"id":"d8555ef7","sourceId":"id-7ff10f7a","targetId":"id-16614440","type":"Serving"},{"id":"bd101cda","sourceId":"d27db187","targetId":"id-4c46e3f3","type":"Serving"},{"id":"id-06835f7a-245b-4323-9c3c-6dbfe83ac69b","sourceId":"id-6c664ac3-1fea-409a-a51c-fc8f7ee76b69","targetId":"id-8f496190-b941-402f-b281-b2a59019f6fd","type":"Access"},{"id":"c571f4de-bf17-4efe-a6a9-15f770d5eb7f","sourceId":"id-6c664ac3-1fea-409a-a51c-fc8f7ee76b69","targetId":"id-23beebaf-a756-4620-a93b-6e4d67381a52","type":"Access"},{"id":"id-94f60e98-5489-4b72-a912-03f8c5f585fd","sourceId":"id-6c664ac3-1fea-409a-a51c-fc8f7ee76b69","targetId":"id-8834324d-1673-4914-8c46-4cbcc0ca6fdd","type":"Access"},{"id":"a96800c3-0922-4cb7-908f-e0ac0aaa1e96","sourceId":"id-6c664ac3-1fea-409a-a51c-fc8f7ee76b69","targetId":"id-18938d92-12f6-4a39-aead-ab01efae0f2d","type":"Assignment"},{"id":"ebbc7c89-581b-4294-a71e-ba7bfec72309","sourceId":"id-6c664ac3-1fea-409a-a51c-fc8f7ee76b69","targetId":"e0d56197-52cf-4cbd-a6fa-0db155f9f7af","type":"Assignment"},{"id":"bb8047e4-45ac-45b9-8933-824168d7f60c","sourceId":"id-6c664ac3-1fea-409a-a51c-fc8f7ee76b69","targetId":"id-6101dff4-ba62-4169-a5e4-ac583b9c4c56","type":"Assignment"},{"id":"db272cff-6e21-46b7-8fea-06dfcb2581fa","sourceId":"b6a41168-75ad-49b8-a566-bd25091242e8","targetId":"eecf1dca-3c31-4906-b66a-620fba48db5a","type":"Assignment"},{"id":"id-7fb164f3-f066-4297-8374-8c4b7377af4e","sourceId":"id-5d65e795-dba2-4bf8-8aed-9a7abec57836","targetId":"df90ccd1-bbb2-4640-b583-c4d0f333e935","type":"Assignment"},{"id":"db65393f-ff95-4a6d-9e47-412396d8288b","sourceId":"f144e054-12d0-4ed8-ae57-a233e1de29b1","targetId":"id-26a80d55-0a75-428b-a2f9-08dc1db5b94c","type":"Assignment"},{"id":"id-7a2b6268-cd10-42de-b81e-4d135474d63b","sourceId":"id-8f496190-b941-402f-b281-b2a59019f6fd","targetId":"b6a41168-75ad-49b8-a566-bd25091242e8","type":"Association"},{"id":"f05767e0-533c-403a-8646-e4fee73279cf","sourceId":"id-23beebaf-a756-4620-a93b-6e4d67381a52","targetId":"id-5d65e795-dba2-4bf8-8aed-9a7abec57836","type":"Association"},{"id":"id-4f1e375c-46c8-4429-98d0-d1808aa760af","sourceId":"id-8834324d-1673-4914-8c46-4cbcc0ca6fdd","targetId":"f144e054-12d0-4ed8-ae57-a233e1de29b1","type":"Association"},{"id":"id-99a89f70-9abd-42bc-ac23-f141a9d44252","sourceId":"id-18938d92-12f6-4a39-aead-ab01efae0f2d","targetId":"eecf1dca-3c31-4906-b66a-620fba48db5a","type":"Flow"},{"id":"id-8e2038ac-7103-43fb-ab1f-a050b34458b2","sourceId":"e0d56197-52cf-4cbd-a6fa-0db155f9f7af","targetId":"df90ccd1-bbb2-4640-b583-c4d0f333e935","type":"Flow"},{"id":"id-7bf5fcd5-9c34-49be-b1fb-f79074515f8c","sourceId":"id-6101dff4-ba62-4169-a5e4-ac583b9c4c56","targetId":"id-26a80d55-0a75-428b-a2f9-08dc1db5b94c","type":"Flow"},{"id":"id-6f50e664-6bb6-49aa-8f6c-e6b1b7b4d32d","sourceId":"id-70693d2b-6b64-47ec-ad65-a9a94b43bb2c","targetId":"feaf9095-2cb7-4995-ada4-54e4729f45df","type":"Association"},{"id":"b0614c08-2681-4386-84ae-bbcb1862e5dd","sourceId":"id-92322e0d-beed-4df2-b8a3-72309d5beba9","targetId":"cdef99ad-8d80-4719-bd7a-677c0be4e813","type":"Assignment"},{"id":"fa22bd0c-d8f9-4aff-a1fc-4aab36db4d58","sourceId":"feaf9095-2cb7-4995-ada4-54e4729f45df","targetId":"a064f3c0-dfbf-45db-b19e-7b9f59721427","type":"Assignment"},{"id":"af94377e-89a4-487a-a3b1-da74ea02ead5","sourceId":"id-7c368494-fd4f-49a9-8bc0-aa146ab5e88c","targetId":"id-2cdd3986-b341-4fe5-b74c-dae63beadc11","type":"Assignment"},{"id":"id-7c74371d-eb56-45e3-8814-d9e41b963712","sourceId":"id-7c368494-fd4f-49a9-8bc0-aa146ab5e88c","targetId":"id-70693d2b-6b64-47ec-ad65-a9a94b43bb2c","type":"Access"},{"id":"id-12f03759-cf8a-4133-a4e2-4c5d1133d5b5","sourceId":"a1e6411e-785b-427e-8848-b820dbec301c","targetId":"cdef99ad-8d80-4719-bd7a-677c0be4e813","type":"Flow"},{"id":"id-3a8f40d5-cb10-4ef3-90dc-f109e381a714","sourceId":"id-479f67c6-71ba-4ebf-919f-0d66b86571c3","targetId":"f9464959-82f1-4c93-8073-c29312d49902","type":"Assignment"},{"id":"id-5ae47a31-a626-416a-8446-87477c035c52","sourceId":"id-7c368494-fd4f-49a9-8bc0-aa146ab5e88c","targetId":"a22ca9a3-6845-4a75-9230-00168ec1efe1","type":"Assignment"},{"id":"dda4acae-f180-4aa4-a1ee-dc2e19851be9","sourceId":"id-60225d76-00a7-49fd-92f4-544856c4ab86","targetId":"id-479f67c6-71ba-4ebf-919f-0d66b86571c3","type":"Association"},{"id":"id-6511cce1-f388-4768-a82b-5fbb85cb452a","sourceId":"id-7c368494-fd4f-49a9-8bc0-aa146ab5e88c","targetId":"ebe4431c-f97c-419a-b0c1-46da8c18e011","type":"Access"},{"id":"id-9ab132f0-f16c-4470-9989-25176a8d5669","sourceId":"id-2cdd3986-b341-4fe5-b74c-dae63beadc11","targetId":"a064f3c0-dfbf-45db-b19e-7b9f59721427","type":"Flow"},{"id":"d0e98e0c-fe40-4e66-9631-98cec8fb4b66","sourceId":"id-7c368494-fd4f-49a9-8bc0-aa146ab5e88c","targetId":"id-60225d76-00a7-49fd-92f4-544856c4ab86","type":"Access"},{"id":"id-718fd285-8da1-4bb1-a65e-847ca69f8a05","sourceId":"id-7c368494-fd4f-49a9-8bc0-aa146ab5e88c","targetId":"a1e6411e-785b-427e-8848-b820dbec301c","type":"Assignment"},{"id":"ed7698f9-c997-4fd4-8391-63b5f24bc213","sourceId":"a22ca9a3-6845-4a75-9230-00168ec1efe1","targetId":"f9464959-82f1-4c93-8073-c29312d49902","type":"Flow"},{"id":"c5a82400-c975-4003-ba0e-7a1b1223219d","sourceId":"ebe4431c-f97c-419a-b0c1-46da8c18e011","targetId":"id-92322e0d-beed-4df2-b8a3-72309d5beba9","type":"Association"},{"id":"id-943e8a5e-3921-4017-884e-fcb6961c0125","sourceId":"id-6c664ac3-1fea-409a-a51c-fc8f7ee76b69","targetId":"id-60096ad5-0927-4b8d-840a-8cdd5bbccd4b","type":"Realization"},{"id":"a4a42660-dbbb-436f-90de-58c2aa11b26e","sourceId":"id-6c664ac3-1fea-409a-a51c-fc8f7ee76b69","targetId":"a3389527-ee7c-4a80-878e-e87ea7078e2a","type":"Realization"},{"id":"b7be9484-7783-4f70-a77d-d42cfb6cb339","sourceId":"id-6c664ac3-1fea-409a-a51c-fc8f7ee76b69","targetId":"a761f745-75df-4ada-94f0-994d28e1371b","type":"Realization"},{"id":"d67ec4bd-ee5c-45cd-8485-a3b1fe9944d7","sourceId":"id-60096ad5-0927-4b8d-840a-8cdd5bbccd4b","targetId":"id-3c30c966-50de-4386-9e58-72e09222d5ba","type":"Serving"},{"id":"id-0eb7487d-1e78-4176-8e92-9eadfafd3397","sourceId":"a3389527-ee7c-4a80-878e-e87ea7078e2a","targetId":"id-7bcaa0a7-e65c-4fe4-8c71-4d40ffd83119","type":"Serving"},{"id":"id-1f83d245-ad97-496a-b286-d2338801206e","sourceId":"a761f745-75df-4ada-94f0-994d28e1371b","targetId":"id-562b60f7-18bb-4aee-8356-3748e556b59d","type":"Serving"}],"views":[{"id":"id-79615b10","name":"facad","viewpoint":""},{"id":"id-33e0041e","name":"uml","viewpoint":""},{"id":"id-883f3cd5-1c1b-491b-93b3-aec54e82295a","name":"facad classes","viewpoint":""}]}