<?xml version="1.0" encoding="UTF-8"?>
<model xmlns="http://www.opengroup.org/xsd/archimate/3.0/" xmlns:xsi="http://www.w3.org/2001/XMLSchema-instance" xsi:schemaLocation="http://www.opengroup.org/xsd/archimate/3.0/ http://www.opengroup.org/xsd/archimate/3.1/archimate3_Diagram.xsd" identifier="id-1aab120d">
  <name xml:lang="en">Facade</name>
  <elements>
    <element identifier="id-3c30c966-50de-4386-9e58-72e09222d5ba" xsi:type="BusinessActor">
      <name xml:lang="en">Business Actor 1</name>
    </element>
    <element identifier="id-7bcaa0a7-e65c-4fe4-8c71-4d40ffd83119" xsi:type="BusinessActor">
      <name xml:lang="en">Business Actor 2</name>
    </element>
    <element identifier="id-562b60f7-18bb-4aee-8356-3748e556b59d" xsi:type="BusinessActor">
      <name xml:lang="en">Business Actor 3</name>
    </element>
    <element identifier="b11916b6" xsi:type="ApplicationFunction">
      <name xml:lang="en">call facade methods</name>
    </element>
    <element identifier="id-234ee456" xsi:type="ApplicationComponent">
      <name xml:lang="en">facade 1</name>
    </element>
    <element identifier="id-16614440" xsi:type="ApplicationComponent">
      <name xml:lang="en">class A</name>
    </element>
    <element identifier="bbc56006" xsi:type="ApplicationComponent">
      <name xml:lang="en">class B</name>
    </element>
    <element identifier="id-094e5326" xsi:type="ApplicationComponent">
      <name xml:lang="en">class C</name>
    </element>
    <element identifier="id-7ff10f7a" xsi:type="ApplicationComponent">
      <name xml:lang="en">facade 2</name>
    </element>
    <element identifier="id-777bdf70" xsi:type="ApplicationComponent">
      <name xml:lang="en">class D</name>
    </element>
    <element identifier="id-96517add" xsi:type="ApplicationComponent">
      <name xml:lang="en">class E</name>
    </element>
    <element identifier="id-4c46e3f3" xsi:type="ApplicationComponent">
      <name xml:lang="en">class F</name>
    </element>
    <element identifier="d27db187" xsi:type="ApplicationComponent">
      <name xml:lang="en">facade 3</name>
    </element>
    <element identifier="aae699da" xsi:type="ApplicationComponent">
      <name xml:lang="en">class G</name>
    </element>
    <element identifier="id-9a601a94" xsi:type="ApplicationComponent">
      <name xml:lang="en">class H</name>
    </element>
    <element identifier="ea819aef" xsi:type="ApplicationComponent">
      <name xml:lang="en">class J</name>
    </element>
    <element identifier="id-6c664ac3-1fea-409a-a51c-fc8f7ee76b69" xsi:type="ApplicationComponent">
      <name xml:lang="en">implementation</name>
    </element>
    <element identifier="b6a41168-75ad-49b8-a566-bd25091242e8" xsi:type="ApplicationComponent">
      <name xml:lang="en">class1</name>
    </element>
    <element identifier="id-5d65e795-dba2-4bf8-8aed-9a7abec57836" xsi:type="ApplicationComponent">
      <name xml:lang="en">class2</name>
    </element>
    <element identifier="f144e054-12d0-4ed8-ae57-a233e1de29b1" xsi:type="ApplicationComponent">
      <name xml:lang="en">class3</name>
    </element>
    <element identifier="id-8f496190-b941-402f-b281-b2a59019f6fd" xsi:type="DataObject">
      <name xml:lang="en">ref to class1</name>
    </element>
    <element identifier="id-23beebaf-a756-4620-a93b-6e4d67381a52" xsi:type="DataObject">
      <name xml:lang="en">ref to class2</name>
    </element>
    <element identifier="id-8834324d-1673-4914-8c46-4cbcc0ca6fdd" xsi:type="DataObject">
      <name xml:lang="en">ref to class3</name>
    </element>
    <element identifier="id-18938d92-12f6-4a39-aead-ab01efae0f2d" xsi:type="ApplicationFunction">
      <name xml:lang="en">func1</name>
    </element>
    <element identifier="e0d56197-52cf-4cbd-a6fa-0db155f9f7af" xsi:type="ApplicationFunction">
      <name xml:lang="en">func2</name>
    </element>
    <element identifier="id-6101dff4-ba62-4169-a5e4-ac583b9c4c56" xsi:type="ApplicationFunction">
      <name xml:lang="en">func3</name>
    </element>
    <element identifier="eecf1dca-3c31-4906-b66a-620fba48db5a" xsi:type="ApplicationFunction">
      <name xml:lang="en">func1</name>
    </element>
    <element identifier="df90ccd1-bbb2-4640-b583-c4d0f333e935" xsi:type="ApplicationFunction">
      <name xml:lang="en">func2</name>
    </element>
    <element identifier="id-26a80d55-0a75-428b-a2f9-08dc1db5b94c" xsi:type="ApplicationFunction">
      <name xml:lang="en">func3</name>
    </element>
    <element identifier="id-7c368494-fd4f-49a9-8bc0-aa146ab5e88c" xsi:type="ApplicationComponent">
      <name xml:lang="en">facade class (copy)</name>
    </element>
    <element identifier="id-70693d2b-6b64-47ec-ad65-a9a94b43bb2c" xsi:type="DataObject">
      <name xml:lang="en">ref to class1 (copy)</name>
    </element>
    <element identifier="ebe4431c-f97c-419a-b0c1-46da8c18e011" xsi:type="DataObject">
      <name xml:lang="en">ref to class2 (copy)</name>
    </element>
    <element identifier="id-60225d76-00a7-49fd-92f4-544856c4ab86" xsi:type="DataObject">
      <name xml:lang="en">ref to class3 (copy)</name>
    </element>
    <element identifier="id-2cdd3986-b341-4fe5-b74c-dae63beadc11" xsi:type="ApplicationFunction">
      <name xml:lang="en">func1 (copy)</name>
    </element>
    <element identifier="a1e6411e-785b-427e-8848-b820dbec301c" xsi:type="ApplicationFunction">
      <name xml:lang="en">func2 (copy)</name>
    </element>
    <element identifier="a22ca9a3-6845-4a75-9230-00168ec1efe1" xsi:type="ApplicationFunction">
      <name xml:lang="en">func3 (copy)</name>
    </element>
    <element identifier="feaf9095-2cb7-4995-ada4-54e4729f45df" xsi:type="ApplicationComponent">
      <name xml:lang="en">class1 (copy)</name>
    </element>
    <element identifier="a064f3c0-dfbf-45db-b19e-7b9f59721427" xsi:type="ApplicationFunction">
      <name xml:lang="en">func1 (copy)</name>
    </element>
    <element identifier="id-92322e0d-beed-4df2-b8a3-72309d5beba9" xsi:type="ApplicationComponent">
      <name xml:lang="en">class2 (copy)</name>
    </element>
    <element identifier="cdef99ad-8d80-4719-bd7a-677c0be4e813" xsi:type="ApplicationFunction">
      <name xml:lang="en">func2 (copy)</name>
    </element>
    <element identifier="id-479f67c6-71ba-4ebf-919f-0d66b86571c3" xsi:type="ApplicationComponent">
      <name xml:lang="en">class3 (copy)</name>
    </element>
    <element identifier="f9464959-82f1-4c93-8073-c29312d49902" xsi:type="ApplicationFunction">
      <name xml:lang="en">func3 (copy)</name>
    </element>
    <element identifier="id-60096ad5-0927-4b8d-840a-8cdd5bbccd4b" xsi:type="ApplicationInterface">
      <name xml:lang="en">interface1</name>
    </element>
    <element identifier="a3389527-ee7c-4a80-878e-e87ea7078e2a" xsi:type="ApplicationInterface">
      <name xml:lang="en">interface2</name>
    </element>
    <element identifier="a761f745-75df-4ada-94f0-994d28e1371b" xsi:type="ApplicationInterface">
      <name xml:lang="en">interface3</name>
    </element>
  </elements>
  <relationships>
    <relationship identifier="id-11fc4894" source="id-16614440" target="id-234ee456" xsi:type="Serving" />
    <relationship identifier="id-1852f1a4" source="bbc56006" target="id-234ee456" xsi:type="Serving">
      <name xml:lang="en">use  some methods of classes</name>
    </relationship>
    <relationship identifier="id-0edd63f4" source="id-094e5326" target="id-234ee456" xsi:type="Serving" />
    <relationship identifier="id-27448ad1" source="id-234ee456" target="b11916b6" xsi:type="Serving">
      <name xml:lang="en">access between the layers only through facades</name>
    </relationship>
    <relationship identifier="id-6fa9f3d7" source="id-4c46e3f3" target="id-7ff10f7a" xsi:type="Serving" />
    <relationship identifier="id-0d9597c7" source="id-777bdf70" target="id-7ff10f7a" xsi:type="Serving" />
    <relationship identifier="id-5e3d46f7" source="id-96517add" target="id-7ff10f7a" xsi:type="Serving">
      <name xml:lang="en">use  some methods of classes</name>
    </relationship>
    <relationship identifier="id-9d06d7c1" source="ea819aef" target="d27db187" xsi:type="Serving" />
    <relationship identifier="ab629cd4" source="aae699da" target="d27db187" xsi:type="Serving" />
    <relationship identifier="edff22fd" source="id-9a601a94" target="d27db187" xsi:type="Serving">
      <name xml:lang="en">use  some methods of classes</name>
    </relationship>
    <relationship identifier="id-416739d3" source="id-7ff10f7a" target="id-094e5326" xsi:type="Serving" />
    <relationship identifier="d8555ef7" source="id-7ff10f7a" target="id-16614440" xsi:type="Serving">
      <name xml:lang="en">access between the layers only through facades</name>
    </relationship>
    <relationship identifier="bd101cda" source="d27db187" target="id-4c46e3f3" xsi:type="Serving">
      <name xml:lang="en">access between the layers only through facades</name>
    </relationship>
    <relationship identifier="id-06835f7a-245b-4323-9c3c-6dbfe83ac69b" source="id-6c664ac3-1fea-409a-a51c-fc8f7ee76b69" target="id-8f496190-b941-402f-b281-b2a59019f6fd" xsi:type="Access" accessType="Write" />
    <relationship identifier="c571f4de-bf17-4efe-a6a9-15f770d5eb7f" source="id-6c664ac3-1fea-409a-a51c-fc8f7ee76b69" target="id-23beebaf-a756-4620-a93b-6e4d67381a52" xsi:type="Access" accessType="Write" />
    <relationship identifier="id-94f60e98-5489-4b72-a912-03f8c5f585fd" source="id-6c664ac3-1fea-409a-a51c-fc8f7ee76b69" target="id-8834324d-1673-4914-8c46-4cbcc0ca6fdd" xsi:type="Access" accessType="Write" />
    <relationship identifier="a96800c3-0922-4cb7-908f-e0ac0aaa1e96" source="id-6c664ac3-1fea-409a-a51c-fc8f7ee76b69" target="id-18938d92-12f6-4a39-aead-ab01efae0f2d" xsi:type="Assignment" />
    <relationship identifier="ebbc7c89-581b-4294-a71e-ba7bfec72309" source="id-6c664ac3-1fea-409a-a51c-fc8f7ee76b69" target="e0d56197-52cf-4cbd-a6fa-0db155f9f7af" xsi:type="Assignment" />
    <relationship identifier="bb8047e4-45ac-45b9-8933-824168d7f60c" source="id-6c664ac3-1fea-409a-a51c-fc8f7ee76b69" target="id-6101dff4-ba62-4169-a5e4-ac583b9c4c56" xsi:type="Assignment" />
    <relationship identifier="db272cff-6e21-46b7-8fea-06dfcb2581fa" source="b6a41168-75ad-49b8-a566-bd25091242e8" target="eecf1dca-3c31-4906-b66a-620fba48db5a" xsi:type="Assignment" />
    <relationship identifier="id-7fb164f3-f066-4297-8374-8c4b7377af4e" source="id-5d65e795-dba2-4bf8-8aed-9a7abec57836" target="df90ccd1-bbb2-4640-b583-c4d0f333e935" xsi:type="Assignment" />
    <relationship identifier="db65393f-ff95-4a6d-9e47-412396d8288b" source="f144e054-12d0-4ed8-ae57-a233e1de29b1" target="id-26a80d55-0a75-428b-a2f9-08dc1db5b94c" xsi:type="Assignment" />
    <relationship identifier="id-7a2b6268-cd10-42de-b81e-4d135474d63b" source="id-8f496190-b941-402f-b281-b2a59019f6fd" target="b6a41168-75ad-49b8-a566-bd25091242e8" xsi:type="Association" />
    <relationship identifier="f05767e0-533c-403a-8646-e4fee73279cf" source="id-23beebaf-a756-4620-a93b-6e4d67381a52" target="id-5d65e795-dba2-4bf8-8aed-9a7abec57836" xsi:type="Association" />
    <relationship identifier="id-4f1e375c-46c8-4429-98d0-d1808aa760af" source="id-8834324d-1673-4914-8c46-4cbcc0ca6fdd" target="f144e054-12d0-4ed8-ae57-a233e1de29b1" xsi:type="Association" />
    <relationship identifier="id-99a89f70-9abd-42bc-ac23-f141a9d44252" source="id-18938d92-12f6-4a39-aead-ab01efae0f2d" target="eecf1dca-3c31-4906-b66a-620fba48db5a" xsi:type="Flow" />
    <relationship identifier="id-8e2038ac-7103-43fb-ab1f-a050b34458b2" source="e0d56197-52cf-4cbd-a6fa-0db155f9f7af" target="df90ccd1-bbb2-4640-b583-c4d0f333e935" xsi:type="Flow" />
    <relationship identifier="id-7bf5fcd5-9c34-49be-b1fb-f79074515f8c" source="id-6101dff4-ba62-4169-a5e4-ac583b9c4c56" target="id-26a80d55-0a75-428b-a2f9-08dc1db5b94c" xsi:type="Flow" />
    <relationship identifier="id-6f50e664-6bb6-49aa-8f6c-e6b1b7b4d32d" source="id-70693d2b-6b64-47ec-ad65-a9a94b43bb2c" target="feaf9095-2cb7-4995-ada4-54e4729f45df" xsi:type="Association" />
    <relationship identifier="b0614c08-2681-4386-84ae-bbcb1862e5dd" source="id-92322e0d-beed-4df2-b8a3-72309d5beba9" target="cdef99ad-8d80-4719-bd7a-677c0be4e813" xsi:type="Assignment" />
    <relationship identifier="fa22bd0c-d8f9-4aff-a1fc-4aab36db4d58" source="feaf9095-2cb7-4995-ada4-54e4729f45df" target="a064f3c0-dfbf-45db-b19e-7b9f59721427" xsi:type="Assignment" />
    <relationship identifier="af94377e-89a4-487a-a3b1-da74ea02ead5" source="id-7c368494-fd4f-49a9-8bc0-aa146ab5e88c" target="id-2cdd3986-b341-4fe5-b74c-dae63beadc11" xsi:type="Assignment" />
    <relationship identifier="id-7c74371d-eb56-45e3-8814-d9e41b963712" source="id-7c368494-fd4f-49a9-8bc0-aa146ab5e88c" target="id-70693d2b-6b64-47ec-ad65-a9a94b43bb2c" xsi:type="Access" accessType="Write" />
    <relationship identifier="id-12f03759-cf8a-4133-a4e2-4c5d1133d5b5" source="a1e6411e-785b-427e-8848-b820dbec301c" target="cdef99ad-8d80-4719-bd7a-677c0be4e813" xsi:type="Flow" />
    <relationship identifier="id-3a8f40d5-cb10-4ef3-90dc-f109e381a714" source="id-479f67c6-71ba-4ebf-919f-0d66b86571c3" target="f9464959-82f1-4c93-8073-c29312d49902" xsi:type="Assignment" />
    <relationship identifier="id-5ae47a31-a626-416a-8446-87477c035c52" source="id-7c368494-fd4f-49a9-8bc0-aa146ab5e88c" target="a22ca9a3-6845-4a75-9230-00168ec1efe1" xsi:type="Assignment" />
    <relationship identifier="dda4acae-f180-4aa4-a1ee-dc2e19851be9" source="id-60225d76-00a7-49fd-92f4-544856c4ab86" target="id-479f67c6-71ba-4ebf-919f-0d66b86571c3" xsi:type="Association" />
    <relationship identifier="id-6511cce1-f388-4768-a82b-5fbb85cb452a" source="id-7c368494-fd4f-49a9-8bc0-aa146ab5e88c" target="ebe4431c-f97c-419a-b0c1-46da8c18e011" xsi:type="Access" accessType="Write" />
    <relationship identifier="id-9ab132f0-f16c-4470-9989-25176a8d5669" source="id-2cdd3986-b341-4fe5-b74c-dae63beadc11" target="a064f3c0-dfbf-45db-b19e-7b9f59721427" xsi:type="Flow" />
    <relationship identifier="d0e98e0c-fe40-4e66-9631-98cec8fb4b66" source="id-7c368494-fd4f-49a9-8bc0-aa146ab5e88c" target="id-60225d76-00a7-49fd-92f4-544856c4ab86" xsi:type="Access" accessType="Write" />
    <relationship identifier="id-718fd285-8da1-4bb1-a65e-847ca69f8a05" source="id-7c368494-fd4f-49a9-8bc0-aa146ab5e88c" target="a1e6411e-785b-427e-8848-b820dbec301c" xsi:type="Assignment" />
    <relationship identifier="ed7698f9-c997-4fd4-8391-63b5f24bc213" source="a22ca9a3-6845-4a75-9230-00168ec1efe1" target="f9464959-82f1-4c93-8073-c29312d49902" xsi:type="Flow" />
    <relationship identifier="c5a82400-c975-4003-ba0e-7a1b1223219d" source="ebe4431c-f97c-419a-b0c1-46da8c18e011" target="id-92322e0d-beed-4df2-b8a3-72309d5beba9" xsi:type="Association" />
    <relationship identifier="id-943e8a5e-3921-4017-884e-fcb6961c0125" source="id-6c664ac3-1fea-409a-a51c-fc8f7ee76b69" target="id-60096ad5-0927-4b8d-840a-8cdd5bbccd4b" xsi:type="Realization" />
    <relationship identifier="a4a42660-dbbb-436f-90de-58c2aa11b26e" source="id-6c664ac3-1fea-409a-a51c-fc8f7ee76b69" target="a3389527-ee7c-4a80-878e-e87ea7078e2a" xsi:type="Realization" />
    <relationship identifier="b7be9484-7783-4f70-a77d-d42cfb6cb339" source="id-6c664ac3-1fea-409a-a51c-fc8f7ee76b69" target="a761f745-75df-4ada-94f0-994d28e1371b" xsi:type="Realization" />
    <relationship identifier="d67ec4bd-ee5c-45cd-8485-a3b1fe9944d7" source="id-60096ad5-0927-4b8d-840a-8cdd5bbccd4b" target="id-3c30c966-50de-4386-9e58-72e09222d5ba" xsi:type="Serving" />
    <relationship identifier="id-0eb7487d-1e78-4176-8e92-9eadfafd3397" source="a3389527-ee7c-4a80-878e-e87ea7078e2a" target="id-7bcaa0a7-e65c-4fe4-8c71-4d40ffd83119" xsi:type="Serving" />
    <relationship identifier="id-1f83d245-ad97-496a-b286-d2338801206e" source="a761f745-75df-4ada-94f0-994d28e1371b" target="id-562b60f7-18bb-4aee-8356-3748e556b59d" xsi:type="Serving" />
  </relationships>
  <organizations>
    <item>
      <label xml:lang="en">Business</label>
      <item identifierRef="id-3c30c966-50de-4386-9e58-72e09222d5ba" />
      <item identifierRef="id-7bcaa0a7-e65c-4fe4-8c71-4d40ffd83119" />
      <item identifierRef="id-562b60f7-18bb-4aee-8356-3748e556b59d" />
    </item>
    <item>
      <label xml:lang="en">Application</label>
      <item identifierRef="b11916b6" />
      <item identifierRef="id-234ee456" />
      <item identifierRef="id-16614440" />
      <item identifierRef="bbc56006" />
      <item identifierRef="id-094e5326" />
      <item identifierRef="id-7ff10f7a" />
      <item identifierRef="id-777bdf70" />
      <item identifierRef="id-96517add" />
      <item identifierRef="id-4c46e3f3" />
      <item identifierRef="d27db187" />
      <item identifierRef="aae699da" />
      <item identifierRef="id-9a601a94" />
      <item identifierRef="ea819aef" />
      <item identifierRef="id-6c664ac3-1fea-409a-a51c-fc8f7ee76b69" />
      <item identifierRef="b6a41168-75ad-49b8-a566-bd25091242e8" />
      <item identifierRef="id-5d65e795-dba2-4bf8-8aed-9a7abec57836" />
      <item identifierRef="f144e054-12d0-4ed8-ae57-a233e1de29b1" />
      <item identifierRef="id-8f496190-b941-402f-b281-b2a59019f6fd" />
      <item identifierRef="id-23beebaf-a756-4620-a93b-6e4d67381a52" />
      <item identifierRef="id-8834324d-1673-4914-8c46-4cbcc0ca6fdd" />
      <item identifierRef="id-18938d92-12f6-4a39-aead-ab01efae0f2d" />
      <item identifierRef="e0d56197-52cf-4cbd-a6fa-0db155f9f7af" />
      <item identifierRef="id-6101dff4-ba62-4169-a5e4-ac583b9c4c56" />
      <item identifierRef="eecf1dca-3c31-4906-b66a-620fba48db5a" />
      <item identifierRef="df90ccd1-bbb2-4640-b583-c4d0f333e935" />
      <item identifierRef="id-26a80d55-0a75-428b-a2f9-08dc1db5b94c" />
      <item identifierRef="id-7c368494-fd4f-49a9-8bc0-aa146ab5e88c" />
      <item identifierRef="id-70693d2b-6b64-47ec-ad65-a9a94b43bb2c" />
      <item identifierRef="ebe4431c-f97c-419a-b0c1-46da8c18e011" />
      <item identifierRef="id-60225d76-00a7-49fd-92f4-544856c4ab86" />
      <item identifierRef="id-2cdd3986-b341-4fe5-b74c-dae63beadc11" />
      <item identifierRef="a1e6411e-785b-427e-8848-b820dbec301c" />
      <item identifierRef="a22ca9a3-6845-4a75-9230-00168ec1efe1" />
      <item identifierRef="feaf9095-2cb7-4995-ada4-54e4729f45df" />
      <item identifierRef="a064f3c0-dfbf-45db-b19e-7b9f59721427" />
      <item identifierRef="id-92322e0d-beed-4df2-b8a3-72309d5beba9" />
      <item identifierRef="cdef99ad-8d80-4719-bd7a-677c0be4e813" />
      <item identifierRef="id-479f67c6-71ba-4ebf-919f-0d66b86571c3" />
      <item identifierRef="f9464959-82f1-4c93-8073-c29312d49902" />
      <item identifierRef="id-60096ad5-0927-4b8d-840a-8cdd5bbccd4b" />
      <item identifierRef="a3389527-ee7c-4a80-878e-e87ea7078e2a" />
      <item identifierRef="a761f745-75df-4ada-94f0-994d28e1371b" />
    </item>
    <item>
      <label xml:lang="en">Relations</label>
      <item identifierRef="id-11fc4894" />
      <item identifierRef="id-1852f1a4" />
      <item identifierRef="id-0edd63f4" />
      <item identifierRef="id-27448ad1" />
      <item identifierRef="id-6fa9f3d7" />
      <item identifierRef="id-0d9597c7" />
      <item identifierRef="id-5e3d46f7" />
      <item identifierRef="id-9d06d7c1" />
      <item identifierRef="ab629cd4" />
      <item identifierRef="edff22fd" />
      <item identifierRef="id-416739d3" />
      <item identifierRef="d8555ef7" />
      <item identifierRef="bd101cda" />
      <item identifierRef="id-06835f7a-245b-4323-9c3c-6dbfe83ac69b" />
      <item identifierRef="c571f4de-bf17-4efe-a6a9-15f770d5eb7f" />
      <item identifierRef="id-94f60e98-5489-4b72-a912-03f8c5f585fd" />
      <item identifierRef="a96800c3-0922-4cb7-908f-e0ac0aaa1e96" />
      <item identifierRef="ebbc7c89-581b-4294-a71e-ba7bfec72309" />
      <item identifierRef="bb8047e4-45ac-45b9-8933-824168d7f60c" />
      <item identifierRef="db272cff-6e21-46b7-8fea-06dfcb2581fa" />
      <item identifierRef="id-7fb164f3-f066-4297-8374-8c4b7377af4e" />
      <item identifierRef="db65393f-ff95-4a6d-9e47-412396d8288b" />
      <item identifierRef="id-7a2b6268-cd10-42de-b81e-4d135474d63b" />
      <item identifierRef="f05767e0-533c-403a-8646-e4fee73279cf" />
      <item identifierRef="id-4f1e375c-46c8-4429-98d0-d1808aa760af" />
      <item identifierRef="id-99a89f70-9abd-42bc-ac23-f141a9d44252" />
      <item identifierRef="id-8e2038ac-7103-43fb-ab1f-a050b34458b2" />
      <item identifierRef="id-7bf5fcd5-9c34-49be-b1fb-f79074515f8c" />
      <item identifierRef="id-6f50e664-6bb6-49aa-8f6c-e6b1b7b4d32d" />
      <item identifierRef="b0614c08-2681-4386-84ae-bbcb1862e5dd" />
      <item identifierRef="fa22bd0c-d8f9-4aff-a1fc-4aab36db4d58" />
      <item identifierRef="af94377e-89a4-487a-a3b1-da74ea02ead5" />
      <item identifierRef="id-7c74371d-eb56-45e3-8814-d9e41b963712" />
      <item identifierRef="id-12f03759-cf8a-4133-a4e2-4c5d1133d5b5" />
      <item identifierRef="id-3a8f40d5-cb10-4ef3-90dc-f109e381a714" />
      <item identifierRef="id-5ae47a31-a626-416a-8446-87477c035c52" />
      <item identifierRef="dda4acae-f180-4aa4-a1ee-dc2e19851be9" />
      <item identifierRef="id-6511cce1-f388-4768-a82b-5fbb85cb452a" />
      <item identifierRef="id-9ab132f0-f16c-4470-9989-25176a8d5669" />
      <item identifierRef="d0e98e0c-fe40-4e66-9631-98cec8fb4b66" />
      <item identifierRef="id-718fd285-8da1-4bb1-a65e-847ca69f8a05" />
      <item identifierRef="ed7698f9-c997-4fd4-8391-63b5f24bc213" />
      <item identifierRef="c5a82400-c975-4003-ba0e-7a1b1223219d" />
      <item identifierRef="id-943e8a5e-3921-4017-884e-fcb6961c0125" />
      <item identifierRef="a4a42660-dbbb-436f-90de-58c2aa11b26e" />
      <item identifierRef="b7be9484-7783-4f70-a77d-d42cfb6cb339" />
      <item identifierRef="d67ec4bd-ee5c-45cd-8485-a3b1fe9944d7" />
      <item identifierRef="id-0eb7487d-1e78-4176-8e92-9eadfafd3397" />
      <item identifierRef="id-1f83d245-ad97-496a-b286-d2338801206e" />
    </item>
    <item>
      <label xml:lang="en">Views</label>
      <item identifierRef="id-79615b10" />
      <item identifierRef="id-33e0041e" />
      <item identifierRef="id-883f3cd5-1c1b-491b-93b3-aec54e82295a" />
    </item>
  </organizations>
  <views>
    <diagrams>
      <view identifier="id-79615b10" xsi:type="Diagram">
        <name xml:lang="en">facad</name>
        <node identifier="b80f9a1c" x="439" y="150" w="592" h="140" xsi:type="Container">
          <label xml:lang="en">programm</label>
          <style>
            <fillColor r="210" g="215" b="215" a="100" />
            <lineColor r="92" g="92" b="92" a="100" />
            <font name="Lucida Grande" size="12">
              <color r="0" g="0" b="0" />
            </font>
          </style>
          <node identifier="f4facd09" elementRef="b11916b6" xsi:type="Element" x="669" y="200" w="120" h="55">
            <style>
              <fillColor r="181" g="255" b="255" a="100" />
              <lineColor r="92" g="92" b="92" a="100" />
              <font name="Lucida Grande" size="12">
                <color r="0" g="0" b="0" />
              </font>
            </style>
          </node>
        </node>
        <node identifier="bf361ea7" x="439" y="339" w="593" h="250" xsi:type="Container">
          <label xml:lang="en">layer 1 (subsystem/module/package)</label>
          <style>
            <fillColor r="145" g="145" b="0" a="100" />
            <lineColor r="92" g="92" b="92" a="100" />
            <font name="Lucida Grande" size="12">
              <color r="255" g="0" b="0" />
            </font>
          </style>
          <node identifier="id-638a9f3d" elementRef="id-234ee456" xsi:type="Element" x="674" y="384" w="120" h="55">
            <style>
              <fillColor r="181" g="255" b="255" a="100" />
              <lineColor r="92" g="92" b="92" a="100" />
              <font name="Lucida Grande" size="12">
                <color r="255" g="0" b="0" />
              </font>
            </style>
          </node>
          <node identifier="id-0b82c1b7" elementRef="id-16614440" xsi:type="Element" x="499" y="509" w="120" h="55">
            <style>
              <fillColor r="181" g="255" b="255" a="100" />
              <lineColor r="92" g="92" b="92" a="100" />
              <font name="Lucida Grande" size="12">
                <color r="0" g="0" b="0" />
              </font>
            </style>
          </node>
          <node identifier="id-309a9f25" elementRef="bbc56006" xsi:type="Element" x="674" y="509" w="120" h="55">
            <style>
              <fillColor r="181" g="255" b="255" a="100" />
              <lineColor r="92" g="92" b="92" a="100" />
              <font name="Lucida Grande" size="12">
                <color r="0" g="0" b="0" />
              </font>
            </style>
          </node>
          <node identifier="a8cc8f1c" elementRef="id-094e5326" xsi:type="Element" x="869" y="509" w="120" h="55">
            <style>
              <fillColor r="181" g="255" b="255" a="100" />
              <lineColor r="92" g="92" b="92" a="100" />
              <font name="Lucida Grande" size="12">
                <color r="0" g="0" b="0" />
              </font>
            </style>
          </node>
        </node>
        <node identifier="e34e742a" x="439" y="645" w="593" h="250" xsi:type="Container">
          <label xml:lang="en">layer 2 (subsystem/module/package)</label>
          <style>
            <fillColor r="221" g="221" b="0" a="100" />
            <lineColor r="92" g="92" b="92" a="100" />
            <font name="Lucida Grande" size="12">
              <color r="255" g="0" b="0" />
            </font>
          </style>
          <node identifier="d000f527" xsi:type="Label" x="836" y="690" w="185" h="190">
            <label xml:lang="en">You can change the inner layer classes without fear affects other layers</label>
            <style>
              <fillColor r="255" g="255" b="255" a="100" />
              <lineColor r="92" g="92" b="92" a="100" />
              <font name="Lucida Grande" size="12">
                <color r="255" g="0" b="0" />
              </font>
            </style>
          </node>
          <node identifier="c2be4b82" elementRef="id-7ff10f7a" xsi:type="Element" x="674" y="690" w="120" h="55">
            <style>
              <fillColor r="181" g="255" b="255" a="100" />
              <lineColor r="92" g="92" b="92" a="100" />
              <font name="Lucida Grande" size="12">
                <color r="255" g="0" b="0" />
              </font>
            </style>
          </node>
          <node identifier="id-87b2c09e" elementRef="id-777bdf70" xsi:type="Element" x="499" y="815" w="120" h="55">
            <style>
              <fillColor r="181" g="255" b="255" a="100" />
              <lineColor r="92" g="92" b="92" a="100" />
              <font name="Lucida Grande" size="12">
                <color r="0" g="0" b="0" />
              </font>
            </style>
          </node>
          <node identifier="id-6b70d028" elementRef="id-96517add" xsi:type="Element" x="674" y="815" w="120" h="55">
            <style>
              <fillColor r="181" g="255" b="255" a="100" />
              <lineColor r="92" g="92" b="92" a="100" />
              <font name="Lucida Grande" size="12">
                <color r="0" g="0" b="0" />
              </font>
            </style>
          </node>
          <node identifier="id-56dc4939" elementRef="id-4c46e3f3" xsi:type="Element" x="869" y="815" w="120" h="55">
            <style>
              <fillColor r="181" g="255" b="255" a="100" />
              <lineColor r="92" g="92" b="92" a="100" />
              <font name="Lucida Grande" size="12">
                <color r="0" g="0" b="0" />
              </font>
            </style>
          </node>
        </node>
        <node identifier="id-531a4282" x="439" y="945" w="593" h="250" xsi:type="Container">
          <label xml:lang="en">layer 3 (subsystem/module/package)</label>
          <style>
            <fillColor r="255" g="255" b="23" a="100" />
            <lineColor r="92" g="92" b="92" a="100" />
            <font name="Lucida Grande" size="12">
              <color r="255" g="0" b="0" />
            </font>
          </style>
          <node identifier="id-605ca835" elementRef="d27db187" xsi:type="Element" x="674" y="990" w="120" h="55">
            <style>
              <fillColor r="181" g="255" b="255" a="100" />
              <lineColor r="92" g="92" b="92" a="100" />
              <font name="Lucida Grande" size="12">
                <color r="255" g="0" b="0" />
              </font>
            </style>
          </node>
          <node identifier="d0c5c851" elementRef="aae699da" xsi:type="Element" x="499" y="1115" w="120" h="55">
            <style>
              <fillColor r="181" g="255" b="255" a="100" />
              <lineColor r="92" g="92" b="92" a="100" />
              <font name="Lucida Grande" size="12">
                <color r="0" g="0" b="0" />
              </font>
            </style>
          </node>
          <node identifier="id-0234bbc6" elementRef="id-9a601a94" xsi:type="Element" x="674" y="1115" w="120" h="55">
            <style>
              <fillColor r="181" g="255" b="255" a="100" />
              <lineColor r="92" g="92" b="92" a="100" />
              <font name="Lucida Grande" size="12">
                <color r="0" g="0" b="0" />
              </font>
            </style>
          </node>
          <node identifier="e717c1b2" elementRef="ea819aef" xsi:type="Element" x="869" y="1115" w="120" h="55">
            <style>
              <fillColor r="181" g="255" b="255" a="100" />
              <lineColor r="92" g="92" b="92" a="100" />
              <font name="Lucida Grande" size="12">
                <color r="0" g="0" b="0" />
              </font>
            </style>
          </node>
        </node>
        <node identifier="d1d7f316" xsi:type="Label" x="1050" y="350" w="206" h="239">
          <label xml:lang="en">facade created absolutly new interface&#xD;
- only one point (class/interface)&#xD;
- simplified (short)&#xD;
- default&#xD;
- common&#xD;
- for most frequent cases&#xD;
&#xD;
if I want use all possibilities, I use directly all classes

one-way calls. facade sends requests subsystem classes</label>
          <style>
            <fillColor r="255" g="255" b="255" a="100" />
            <lineColor r="92" g="92" b="92" a="100" />
            <font name="Lucida Grande" size="12">
              <color r="255" g="0" b="0" />
            </font>
          </style>
        </node>
        <node identifier="id-8b2f54cd-1162-41cd-bbcd-16eb49d1f90d" xsi:type="Label" x="1050" y="660" w="185" h="80">
          <label xml:lang="en">antipattern: if the facade is a class (not an interface) then all clients will transitively depend on all classes behind the facade</label>
          <style>
            <fillColor r="255" g="255" b="255" a="100" />
            <lineColor r="92" g="92" b="92" a="100" />
            <font name="Lucida Grande" size="12">
              <color r="0" g="0" b="0" />
            </font>
          </style>
        </node>
        <connection identifier="id-339247cf" relationshipRef="id-27448ad1" xsi:type="Relationship" source="id-638a9f3d" target="f4facd09">
          <style>
            <lineColor r="255" g="0" b="0" />
            <font name="Lucida Grande" size="12">
              <color r="255" g="0" b="0" />
            </font>
          </style>
        </connection>
        <connection identifier="id-43cb4996" relationshipRef="id-11fc4894" xsi:type="Relationship" source="id-0b82c1b7" target="id-638a9f3d">
          <style>
            <lineColor r="0" g="0" b="0" />
            <font name="Lucida Grande" size="12">
              <color r="0" g="0" b="0" />
            </font>
          </style>
        </connection>
        <connection identifier="id-85f2fc95" relationshipRef="id-1852f1a4" xsi:type="Relationship" source="id-309a9f25" target="id-638a9f3d">
          <style>
            <lineColor r="0" g="0" b="0" />
            <font name="Lucida Grande" size="12">
              <color r="0" g="0" b="0" />
            </font>
          </style>
        </connection>
        <connection identifier="id-8463a795" relationshipRef="id-0edd63f4" xsi:type="Relationship" source="a8cc8f1c" target="id-638a9f3d">
          <style>
            <lineColor r="0" g="0" b="0" />
            <font name="Lucida Grande" size="12">
              <color r="0" g="0" b="0" />
            </font>
          </style>
        </connection>
        <connection identifier="cf88a066" relationshipRef="id-416739d3" xsi:type="Relationship" source="c2be4b82" target="a8cc8f1c">
          <style>
            <lineColor r="255" g="0" b="0" />
            <font name="Lucida Grande" size="12">
              <color r="255" g="0" b="0" />
            </font>
          </style>
        </connection>
        <connection identifier="id-0e749b25" relationshipRef="d8555ef7" xsi:type="Relationship" source="c2be4b82" target="id-0b82c1b7">
          <style>
            <lineColor r="255" g="0" b="0" />
            <font name="Lucida Grande" size="12">
              <color r="255" g="0" b="0" />
            </font>
          </style>
        </connection>
        <connection identifier="id-9eb19b32" relationshipRef="id-0d9597c7" xsi:type="Relationship" source="id-87b2c09e" target="c2be4b82">
          <style>
            <lineColor r="0" g="0" b="0" />
            <font name="Lucida Grande" size="12">
              <color r="0" g="0" b="0" />
            </font>
          </style>
        </connection>
        <connection identifier="id-47a20e04" relationshipRef="id-5e3d46f7" xsi:type="Relationship" source="id-6b70d028" target="c2be4b82">
          <style>
            <lineColor r="0" g="0" b="0" />
            <font name="Lucida Grande" size="12">
              <color r="0" g="0" b="0" />
            </font>
          </style>
        </connection>
        <connection identifier="dd451c44" relationshipRef="id-6fa9f3d7" xsi:type="Relationship" source="id-56dc4939" target="c2be4b82">
          <style>
            <lineColor r="0" g="0" b="0" />
            <font name="Lucida Grande" size="12">
              <color r="0" g="0" b="0" />
            </font>
          </style>
        </connection>
        <connection identifier="cc84863e" relationshipRef="bd101cda" xsi:type="Relationship" source="id-605ca835" target="id-56dc4939">
          <style>
            <lineColor r="255" g="0" b="0" />
            <font name="Lucida Grande" size="12">
              <color r="255" g="0" b="0" />
            </font>
          </style>
        </connection>
        <connection identifier="eb9a2ade" relationshipRef="ab629cd4" xsi:type="Relationship" source="d0c5c851" target="id-605ca835">
          <style>
            <lineColor r="0" g="0" b="0" />
            <font name="Lucida Grande" size="12">
              <color r="0" g="0" b="0" />
            </font>
          </style>
        </connection>
        <connection identifier="aa02a901" relationshipRef="edff22fd" xsi:type="Relationship" source="id-0234bbc6" target="id-605ca835">
          <style>
            <lineColor r="0" g="0" b="0" />
            <font name="Lucida Grande" size="12">
              <color r="0" g="0" b="0" />
            </font>
          </style>
        </connection>
        <connection identifier="id-8f631bda" relationshipRef="id-9d06d7c1" xsi:type="Relationship" source="e717c1b2" target="id-605ca835">
          <style>
            <lineColor r="0" g="0" b="0" />
            <font name="Lucida Grande" size="12">
              <color r="0" g="0" b="0" />
            </font>
          </style>
        </connection>
      </view>
      <view identifier="id-33e0041e" xsi:type="Diagram">
        <name xml:lang="en">uml</name>
        <node identifier="id-930294f4" x="439" y="645" w="593" h="250" xsi:type="Container">
          <label xml:lang="en">module/package</label>
          <style>
            <fillColor r="221" g="221" b="0" a="100" />
            <lineColor r="92" g="92" b="92" a="100" />
            <font name="Lucida Grande" size="12">
              <color r="255" g="0" b="0" />
            </font>
          </style>
          <node identifier="be71b462" elementRef="id-7ff10f7a" xsi:type="Element" x="674" y="690" w="120" h="55">
            <style>
              <fillColor r="181" g="255" b="255" a="100" />
              <lineColor r="92" g="92" b="92" a="100" />
              <font name="Lucida Grande" size="12">
                <color r="255" g="0" b="0" />
              </font>
            </style>
          </node>
        </node>
        <node identifier="id-649b14a9" elementRef="id-16614440" xsi:type="Element" x="475" y="470" w="120" h="55">
          <style>
            <fillColor r="181" g="255" b="255" a="100" />
            <lineColor r="92" g="92" b="92" a="100" />
            <font name="Lucida Grande" size="12">
              <color r="0" g="0" b="0" />
            </font>
          </style>
        </node>
        <connection identifier="id-30c444d9" relationshipRef="d8555ef7" xsi:type="Relationship" source="be71b462" target="id-649b14a9">
          <style>
            <lineColor r="255" g="0" b="0" />
            <font name="Lucida Grande" size="12">
              <color r="255" g="0" b="0" />
            </font>
          </style>
        </connection>
      </view>
      <view identifier="id-883f3cd5-1c1b-491b-93b3-aec54e82295a" xsi:type="Diagram">
        <name xml:lang="en">facad classes</name>
        <node identifier="e5d49ebf-2379-4d0c-b6c5-41fa6979746a" elementRef="id-6c664ac3-1fea-409a-a51c-fc8f7ee76b69" xsi:type="Element" x="660" y="1030" w="561" h="291">
          <style>
            <fillColor r="181" g="255" b="255" a="100" />
            <lineColor r="92" g="92" b="92" a="100" />
            <font name="Lucida Grande" size="12">
              <color r="0" g="0" b="0" />
            </font>
          </style>
          <node identifier="id-8aafe0de-a65f-4547-9f83-81afd583b625" elementRef="id-8f496190-b941-402f-b281-b2a59019f6fd" xsi:type="Element" x="693" y="1210" w="120" h="55">
            <style>
              <fillColor r="181" g="255" b="255" a="100" />
              <lineColor r="92" g="92" b="92" a="100" />
              <font name="Lucida Grande" size="12">
                <color r="0" g="0" b="0" />
              </font>
            </style>
          </node>
          <node identifier="id-1e4cef25-a60c-4aa0-9d88-ae740e3a28f2" elementRef="id-23beebaf-a756-4620-a93b-6e4d67381a52" xsi:type="Element" x="860" y="1210" w="120" h="55">
            <style>
              <fillColor r="181" g="255" b="255" a="100" />
              <lineColor r="92" g="92" b="92" a="100" />
              <font name="Lucida Grande" size="12">
                <color r="0" g="0" b="0" />
              </font>
            </style>
          </node>
          <node identifier="e2d99235-43f9-4fe9-a83e-eccf29554121" elementRef="id-8834324d-1673-4914-8c46-4cbcc0ca6fdd" xsi:type="Element" x="1030" y="1210" w="120" h="55">
            <style>
              <fillColor r="181" g="255" b="255" a="100" />
              <lineColor r="92" g="92" b="92" a="100" />
              <font name="Lucida Grande" size="12">
                <color r="0" g="0" b="0" />
              </font>
            </style>
          </node>
          <node identifier="c54dad08-44c6-4383-ba74-d64cf2ddd378" elementRef="id-18938d92-12f6-4a39-aead-ab01efae0f2d" xsi:type="Element" x="693" y="1100" w="120" h="55">
            <style>
              <fillColor r="181" g="255" b="255" a="100" />
              <lineColor r="92" g="92" b="92" a="100" />
              <font name="Lucida Grande" size="12">
                <color r="0" g="0" b="0" />
              </font>
            </style>
          </node>
          <node identifier="id-46f8825f-51b8-4212-8bd5-5726783b2948" elementRef="e0d56197-52cf-4cbd-a6fa-0db155f9f7af" xsi:type="Element" x="860" y="1100" w="120" h="55">
            <style>
              <fillColor r="181" g="255" b="255" a="100" />
              <lineColor r="92" g="92" b="92" a="100" />
              <font name="Lucida Grande" size="12">
                <color r="0" g="0" b="0" />
              </font>
            </style>
          </node>
          <node identifier="ac830305-b739-4898-8d1a-8337b3a6c485" elementRef="id-6101dff4-ba62-4169-a5e4-ac583b9c4c56" xsi:type="Element" x="1030" y="1100" w="120" h="55">
            <style>
              <fillColor r="181" g="255" b="255" a="100" />
              <lineColor r="92" g="92" b="92" a="100" />
              <font name="Lucida Grande" size="12">
                <color r="0" g="0" b="0" />
              </font>
            </style>
          </node>
        </node>
        <node identifier="id-68c45c5c-6eb1-4280-ad03-436d7c536e66" xsi:type="Label" x="270" y="620" w="221" h="121">
          <label xml:lang="en">It is dangerous to create dependencies on modules that contain more than you need. The diagram shows that the interfaces are separated and changing one will not affect the client of the other interface</label>
          <style>
            <fillColor r="255" g="255" b="255" a="100" />
            <lineColor r="92" g="92" b="92" a="100" />
            <font name="Lucida Grande" size="12">
              <color r="255" g="38" b="0" />
            </font>
          </style>
        </node>
        <node identifier="id-1d85b250-873c-400b-a915-b6e108e9bdc5" xsi:type="Label" x="270" y="761" w="185" h="80">
          <label xml:lang="en">This pattern as a counterbalance to the facade pattern (which on the contrary may contain too many responsibilities)</label>
          <style>
            <fillColor r="255" g="255" b="255" a="100" />
            <lineColor r="92" g="92" b="92" a="100" />
            <font name="Lucida Grande" size="12">
              <color r="0" g="0" b="0" />
            </font>
          </style>
        </node>
        <node identifier="id-04c8ed0f-a1d6-4551-b2d7-04d98e9d17b5" x="360" y="260" w="1191" h="236" xsi:type="Container">
          <label xml:lang="en">Conceptual domain model (business layer)</label>
          <style>
            <fillColor r="210" g="215" b="215" a="100" />
            <lineColor r="92" g="92" b="92" a="100" />
            <font name="Lucida Grande" size="12">
              <color r="0" g="0" b="0" />
            </font>
          </style>
          <node identifier="id-9771ac49-501f-48c1-af74-701d81bd1d47" elementRef="id-3c30c966-50de-4386-9e58-72e09222d5ba" xsi:type="Element" x="590" y="340" w="120" h="55">
            <style>
              <fillColor r="255" g="255" b="181" a="100" />
              <lineColor r="92" g="92" b="92" a="100" />
              <font name="Lucida Grande" size="12">
                <color r="0" g="0" b="0" />
              </font>
            </style>
          </node>
          <node identifier="a15079fc-691f-47c8-979f-5f29e3dc3180" elementRef="id-7bcaa0a7-e65c-4fe4-8c71-4d40ffd83119" xsi:type="Element" x="880" y="340" w="120" h="55">
            <style>
              <fillColor r="255" g="255" b="181" a="100" />
              <lineColor r="92" g="92" b="92" a="100" />
              <font name="Lucida Grande" size="12">
                <color r="0" g="0" b="0" />
              </font>
            </style>
          </node>
          <node identifier="c9c60a98-1093-474a-ae54-76cd8e19c1d2" elementRef="id-562b60f7-18bb-4aee-8356-3748e556b59d" xsi:type="Element" x="1160" y="340" w="120" h="55">
            <style>
              <fillColor r="255" g="255" b="181" a="100" />
              <lineColor r="92" g="92" b="92" a="100" />
              <font name="Lucida Grande" size="12">
                <color r="0" g="0" b="0" />
              </font>
            </style>
          </node>
        </node>
        <node identifier="e038a706-9b71-4108-a49e-737872cecffd" elementRef="id-60096ad5-0927-4b8d-840a-8cdd5bbccd4b" xsi:type="Element" x="558" y="630" w="211" h="211">
          <style>
            <fillColor r="181" g="255" b="255" a="100" />
            <lineColor r="92" g="92" b="92" a="100" />
            <font name="Lucida Grande" size="12">
              <color r="0" g="0" b="0" />
            </font>
          </style>
          <node identifier="eebe0511-7137-4f61-bfcb-e55a393b38d6" elementRef="eecf1dca-3c31-4906-b66a-620fba48db5a" xsi:type="Element" x="598" y="710" w="120" h="55">
            <style>
              <fillColor r="181" g="255" b="255" a="100" />
              <lineColor r="92" g="92" b="92" a="100" />
              <font name="Lucida Grande" size="12">
                <color r="0" g="0" b="0" />
              </font>
            </style>
          </node>
        </node>
        <node identifier="id-680c3647-94e2-448a-b524-50a6ccafacac" elementRef="a3389527-ee7c-4a80-878e-e87ea7078e2a" xsi:type="Element" x="830" y="630" w="211" h="211">
          <style>
            <fillColor r="181" g="255" b="255" a="100" />
            <lineColor r="92" g="92" b="92" a="100" />
            <font name="Lucida Grande" size="12">
              <color r="0" g="0" b="0" />
            </font>
          </style>
          <node identifier="d50d1664-3c62-48be-b752-c6ca50a24ea1" elementRef="df90ccd1-bbb2-4640-b583-c4d0f333e935" xsi:type="Element" x="870" y="710" w="120" h="55">
            <style>
              <fillColor r="181" g="255" b="255" a="100" />
              <lineColor r="92" g="92" b="92" a="100" />
              <font name="Lucida Grande" size="12">
                <color r="0" g="0" b="0" />
              </font>
            </style>
          </node>
        </node>
        <node identifier="id-74f0f5e2-0a57-492c-8ff3-4f3bf7063411" elementRef="a761f745-75df-4ada-94f0-994d28e1371b" xsi:type="Element" x="1110" y="630" w="211" h="211">
          <style>
            <fillColor r="181" g="255" b="255" a="100" />
            <lineColor r="92" g="92" b="92" a="100" />
            <font name="Lucida Grande" size="12">
              <color r="0" g="0" b="0" />
            </font>
          </style>
          <node identifier="id-132f18a4-7f98-41c6-aba9-feed33094cc0" elementRef="id-26a80d55-0a75-428b-a2f9-08dc1db5b94c" xsi:type="Element" x="1150" y="700" w="120" h="55">
            <style>
              <fillColor r="181" g="255" b="255" a="100" />
              <lineColor r="92" g="92" b="92" a="100" />
              <font name="Lucida Grande" size="12">
                <color r="0" g="0" b="0" />
              </font>
            </style>
          </node>
        </node>
        <connection identifier="b88cd0fd-b30a-4430-889d-75448a91caca" relationshipRef="id-943e8a5e-3921-4017-884e-fcb6961c0125" xsi:type="Relationship" source="e5d49ebf-2379-4d0c-b6c5-41fa6979746a" target="e038a706-9b71-4108-a49e-737872cecffd">
          <style>
            <lineColor r="0" g="0" b="0" />
            <font name="Lucida Grande" size="12">
              <color r="0" g="0" b="0" />
            </font>
          </style>
          <bendpoint x="662" y="930" />
        </connection>
        <connection identifier="id-458c20e7-c75c-47b4-ab4c-b954722e1f5d" relationshipRef="b7be9484-7783-4f70-a77d-d42cfb6cb339" xsi:type="Relationship" source="e5d49ebf-2379-4d0c-b6c5-41fa6979746a" target="id-74f0f5e2-0a57-492c-8ff3-4f3bf7063411">
          <style>
            <lineColor r="0" g="0" b="0" />
            <font name="Lucida Grande" size="12">
              <color r="0" g="0" b="0" />
            </font>
          </style>
          <bendpoint x="1222" y="940" />
        </connection>
        <connection identifier="a56d9ab6-1446-4e65-9b8f-a2e9803f4914" relationshipRef="a4a42660-dbbb-436f-90de-58c2aa11b26e" xsi:type="Relationship" source="e5d49ebf-2379-4d0c-b6c5-41fa6979746a" target="id-680c3647-94e2-448a-b524-50a6ccafacac">
          <style>
            <lineColor r="0" g="0" b="0" />
            <font name="Lucida Grande" size="12">
              <color r="0" g="0" b="0" />
            </font>
          </style>
        </connection>
        <connection identifier="b84f100e-5dc1-4194-bf13-2af1e68704ab" relationshipRef="d67ec4bd-ee5c-45cd-8485-a3b1fe9944d7" xsi:type="Relationship" source="e038a706-9b71-4108-a49e-737872cecffd" target="id-9771ac49-501f-48c1-af74-701d81bd1d47">
          <style>
            <lineColor r="0" g="0" b="0" />
            <font name="Lucida Grande" size="12">
              <color r="0" g="0" b="0" />
            </font>
          </style>
        </connection>
        <connection identifier="e0c8ebba-bf38-464d-a9e1-7dcf4a7fa8a7" relationshipRef="id-0eb7487d-1e78-4176-8e92-9eadfafd3397" xsi:type="Relationship" source="id-680c3647-94e2-448a-b524-50a6ccafacac" target="a15079fc-691f-47c8-979f-5f29e3dc3180">
          <style>
            <lineColor r="0" g="0" b="0" />
            <font name="Lucida Grande" size="12">
              <color r="0" g="0" b="0" />
            </font>
          </style>
        </connection>
        <connection identifier="id-814efbcf-57ac-439b-b36d-5ad6efe52550" relationshipRef="id-1f83d245-ad97-496a-b286-d2338801206e" xsi:type="Relationship" source="id-74f0f5e2-0a57-492c-8ff3-4f3bf7063411" target="c9c60a98-1093-474a-ae54-76cd8e19c1d2">
          <style>
            <lineColor r="0" g="0" b="0" />
            <font name="Lucida Grande" size="12">
              <color r="0" g="0" b="0" />
            </font>
          </style>
        </connection>
      </view>
    </diagrams>
  </views>
</model>
