{"identifier":"https://me.big.tuwien.ac.at/EAModelSet/id-97ef82576b87499e88a3d368d4573d4b","archimateId":"id-97ef82576b87499e88a3d368d4573d4b","name":"SwHelpDesk","description":"","formats":["XML","CSV","JSON","ARCHIMATE"],"source":"GitHub","repository":"","license":"","sourceFile":"raw-data/github/archimate/swheldesk.archimate","sourceFormat":"ARCHIMATE","timestamp":"2023-07-06T09:29:17","tags":[],"duplicates":[],"language":"pt","elements":[{"id":"id-94a2ad950b3c422197da0ac63f64c6d1","name":"Registrar chamado","type":"BusinessProcess","layer":"business"},{"id":"id-9d23b5417c1446efb9e78b367a59f859","name":"","type":"BusinessProcess","layer":"business"},{"id":"id-8312f8659ee54aefaa17199e7c9db29a","name":"Cliente entra em contato pedindo suporte","type":"BusinessEvent","layer":"business"},{"id":"id-48cce882a9804529844358e092f455e3","name":"Confirmar contrato de suporte com o cliente","type":"BusinessFunction","layer":"business"},{"id":"id-c1c1ff519bd545518f27133c9ae6b837","name":"Encerrar atendimento por falta de contrato ","type":"BusinessFunction","layer":"business"},{"id":"id-c8436d5514f44b1893f7411eb2bd4166","name":"Registrar dados do contatante ( Nome, E-mail..)","type":"BusinessFunction","layer":"business"},{"id":"id-b4251f1fd3a045c6ba5fd6ac028f087b","name":"Atendimento cancelado","type":"BusinessEvent","layer":"business"},{"id":"id-b9787181c44d46bc9c580e7b1c1755ed","name":"Documentar descrição do sintoma do problema ","type":"BusinessFunction","layer":"business"},{"id":"id-1d33365795df4a1bbfbfb384c3009b3c","name":"Pesquisar base de soluções conhecidas com base na descrição do sintoma","type":"BusinessFunction","layer":"business"},{"id":"id-fc949fe24da744c6952d561bffb2318e","name":"Aplicar solução encontrada","type":"BusinessFunction","layer":"business"},{"id":"id-901c02bcfdb44c23bf0863fb96408773","name":"Encerrar atendimento com sucesso","type":"BusinessFunction","layer":"business"},{"id":"id-c5f7ba26cc7f4fb7b40a50bd6d232912","name":"Classificar a especialidade necessaria para resolver o chamado ","type":"BusinessFunction","layer":"business"},{"id":"id-1682288ee8f24545baee638cbbb9bb03","name":"Colocar chamada na fila de atendimento por especialidade","type":"BusinessFunction","layer":"business"},{"id":"id-70dae95b79534bd9b6cfa21f324782f2","name":"Chamado solucionado","type":"BusinessEvent","layer":"business"},{"id":"id-4f5427045e0b4067bc7a3549c5d6920a","name":"Chamado em fila de atendimento","type":"BusinessEvent","layer":"business"},{"id":"id-88eda6f2094f40b8b5c03c8a020ad5f7","name":"Pesquisar satisfação do cliente","type":"BusinessProcess","layer":"business"},{"id":"id-91d39bce21ec44f788d963de7e969026","name":"Enviar e-mail de pesquisa para o endereço do cliente com as opções de notas","type":"BusinessFunction","layer":"business"},{"id":"id-6cf2702aa4764f5fbaef8a26cd30a2e2","name":"Recolher a devolutiva do cliente","type":"BusinessFunction","layer":"business"},{"id":"id-8351dbf0dea94da7a12d7d030386e061","name":"Pesquisa avaliada","type":"BusinessEvent","layer":"business"},{"id":"id-1e7fa182248042ec8b7d2fa1ecece2fe","name":"Pesquisa disparada","type":"BusinessEvent","layer":"business"},{"id":"id-522340a8abae46dfbc263044c9451494","name":"Solução da fila de chamada","type":"BusinessProcess","layer":"business"},{"id":"id-78e87a4922604689a558a465596ad814","name":"Filtrar chamados por uma especialidade informada, sequenciados por data e prioridade","type":"BusinessFunction","layer":"business"},{"id":"id-83aa14b4947f47349d439ee7dbaad6a7","name":"Pegar o primeiro chamado da fila para resolver ","type":"BusinessFunction","layer":"business"},{"id":"id-40819ddd16774648a5f90ada09550239","name":"Registrar a ação corretiva que foi tentada","type":"BusinessFunction","layer":"business"},{"id":"id-ed9a0ea9d1f049708f343a31122282b6","name":"Aplicar solução encontrada (copy)","type":"BusinessFunction","layer":"business"},{"id":"id-84706a60c4934d1dbce752322608b908","name":"Encerrar atendimento com sucesso","type":"BusinessFunction","layer":"business"},{"id":"id-9d214c0ef7994ccfb252dd0277de7e49","name":"Avaliar necessidade de mudança de especialista","type":"BusinessFunction","layer":"business"},{"id":"id-b1ab91b496c44c7dab3c941ed78873d8","name":"Transferir chamado para outro especialista","type":"BusinessFunction","layer":"business"},{"id":"id-c01adba7eedf4da5af4cf56104be334d","name":"Chamado em fila de atendimento (copy)","type":"BusinessEvent","layer":"business"},{"id":"id-ccf308b104ba43f7a1e2d16d542f8e66","name":"Ponto único de contato do cliente","type":"BusinessRole","layer":"business"},{"id":"id-ffface30f31f438aab06cdc8bbe3c388","name":"Analista de help desk","type":"BusinessActor","layer":"business"},{"id":"id-fae6f5f6fbde4b269eef4648c613d745","name":"Solucionador no 1o contato","type":"BusinessRole","layer":"business"},{"id":"id-5068f0fc199549e9a419734b2f100282","name":"Cliente","type":"BusinessActor","layer":"business"},{"id":"id-aa2938fb302949cfbe3dcfa53f4610de","name":"Avaliador","type":"BusinessRole","layer":"business"},{"id":"id-b484dae79ba54eea9a2e023ba51bbc2a","name":"Solucionador ","type":"BusinessRole","layer":"business"},{"id":"id-8a5104f36fa341ca89319d5b6fe6036d","name":"Solucionador de fila de chamados","type":"BusinessRole","layer":"business"},{"id":"id-a48c2d6c427849ca84f14be33ba7500f","name":"DBA","type":"BusinessActor","layer":"business"},{"id":"id-ffa295b0d9cc4102b9fd94ff5a13a15c","name":"Analista de segurança","type":"BusinessActor","layer":"business"},{"id":"id-2fd1bc5d7c3141a3a65603d52ea02bfb","name":"Analista de rede","type":"BusinessActor","layer":"business"},{"id":"id-00bfa864edbd4c66a35526b8302a7f1f","name":"Desenvolvedor de app","type":"BusinessActor","layer":"business"},{"id":"id-4c57abb5deba47b5b4cc1df8e10881fc","name":"Gerar protocolo de atendimento","type":"BusinessFunction","layer":"business"},{"id":"id-bb93baefa2984ed1a1579b6f06f6171e","name":"Complementar base de soluções conhecidas","type":"BusinessFunction","layer":"business"},{"id":"id-aeb399326c584dde967a5e21ded72806","name":"Tela de consulta de contratos (legado)","type":"ApplicationComponent","layer":"application"},{"id":"id-f80c0f7c0a3342598f3041f8ca33ecdd","name":"Interface WEB","type":"ApplicationInterface","layer":"application"},{"id":"id-7a956d8246cc42198cc8b6134e07481c","name":"Frontend de consulta de contratos","type":"ApplicationComponent","layer":"application"},{"id":"id-0d20ec1560fa42ff8dd898afcdf0552f","name":"Backend de consulta de contrato","type":"ApplicationComponent","layer":"application"},{"id":"id-0d740ec58b3c4760befb42298b03638f","name":"Contrato de suporte","type":"DataObject","layer":"application"},{"id":"id-1d91b5edf3924d1a84da10240257ce69","name":"JSON no transporte de dados","type":"ApplicationInteraction","layer":"application"},{"id":"id-952c0a0939ec4eeb87a202af285ddec2","name":"Tela de registro de chamado","type":"ApplicationComponent","layer":"application"},{"id":"id-07f0cb3ae80e46d19fbf137edb1b2df1","name":"Backend geração de protocolo","type":"ApplicationComponent","layer":"application"},{"id":"id-3bc57c77964148af993234fe5fe98a3a","name":"Backend de gravação de novo chamado","type":"ApplicationComponent","layer":"application"},{"id":"id-02910d33ce6f4277bb569296e7a51fb5","name":"JSON no transporte de dados","type":"ApplicationInteraction","layer":"application"},{"id":"id-828dab313b24450e8b7d3347981dad0b","name":"JSON no transporte de dados","type":"ApplicationInteraction","layer":"application"},{"id":"id-4dcaf7d473aa4e0ca0a9213238b15627","name":"Controle de numeracao de chamado","type":"DataObject","layer":"application"},{"id":"id-d7e247efde6d4aaa965459122e6724bf","name":"Registro de chamado de suporte","type":"DataObject","layer":"application"},{"id":"id-144f0cd48119494285d0565c7435db52","name":"Janela de consulta de soluções conhecidas","type":"ApplicationComponent","layer":"application"},{"id":"id-15566945e3314d8d924d6cd38ada1ce8","name":"Popup para pesquisar soluções com base no sintoma informado","type":"ApplicationCollaboration","layer":"application"},{"id":"id-90418ed4182d41eaa90ca0ac20287744","name":"Chamada com parâmetros","type":"ApplicationCollaboration","layer":"application"},{"id":"id-6dfb1b7a748141c49f1ad935f9ad2c8c","name":"Buscar último nro usado e criar novo protocolo somando 1, atualizando o BD ao final","type":"ApplicationFunction","layer":"application"},{"id":"id-cba34d89bcf44fedb909fc1d4139a240","name":"Camada de interface com usuário","type":"ApplicationService","layer":"application"},{"id":"id-a37508dec51649c48c33f85da533a89d","name":"Camada de regras de negócio e acesso dados","type":"ApplicationService","layer":"application"},{"id":"id-a1b0b7d0d5cc4da4812b1e29bedcb560","name":"Facility","type":"Facility","layer":"technology"},{"id":"id-715b0eb3d1d8496984950ea86924d94b","name":"Desktop/Notebook remoto (configuração por conta do proprietário)","type":"Device","layer":"technology"},{"id":"id-4a3495ebf60c45f2a9962a67a29e1be7","name":"Desktop/notebook local (Processador Intel Core I5, 8 Gb RAM, 1 Tb HD, Interface de rede ethernet 10/100mbps","type":"Device","layer":"technology"},{"id":"id-1648b4df9cde4eafba503742e201a4e0","name":"Windows11, Chrome","type":"SystemSoftware","layer":"technology"},{"id":"id-a4fec43fed1e4d53b2117cc9062769aa","name":"Internet","type":"CommunicationNetwork","layer":"technology"},{"id":"id-24db5ad24f1c43e79494a5d62dde3aa8","name":"WiFi","type":"Path","layer":"technology"},{"id":"id-ad8481b4f868402a9891b10807d92822","name":"Firewall (PIX CISCO) com 1 porta interface fibra (FCAL) e 2 portas ethernet 10/100/1000mbps em load balance","type":"Node","layer":"technology"},{"id":"id-4ef5fc0d39054405bde8502873fb409e","name":"Cabo fibra ótica","type":"Path","layer":"technology"},{"id":"id-431b34abf824453ebda433e2f09b7eb6","name":"Ethernet LAN","type":"CommunicationNetwork","layer":"technology"},{"id":"id-b1c90af03cc848c0b7402bf551b85ca5","name":"Cabo metálico par trançado Cat5e","type":"Path","layer":"technology"},{"id":"id-47d17ad24da846fc87af662dcd8cca42","name":"Router Cisco Catalyst 6500","type":"Node","layer":"technology"},{"id":"id-e4256faefed34f96a71a46879ba4a5b2","name":"Servidor de aplicação (20Gbd RAM, 1Tb HD interno, Discos em array com RAID 1, Discos hot swap, Dual Core I7, Dual port ethernet 10/100/100mbps, fontes de energia duais redundantes)","type":"Node","layer":"technology"},{"id":"id-77ff7bf02403448188d87f750ea928b6","name":"Console de gerenciamento","type":"Device","layer":"technology"},{"id":"id-0629f4be50a2451e9362467acd679c78","name":"Cabo metálico par trançado Cat5e ","type":"Path","layer":"technology"},{"id":"id-632bc662b809413584e78a211e0b0f6b","name":"Linux Redhat, Appache","type":"SystemSoftware","layer":"technology"},{"id":"id-0fc720791d6f44f89be9bb5dbde6d33c","name":"Storage EMC2 (14Tb HD em array com Raid5,duas fontes de energia redundantes, 24 porta FCAL conexão de servidores)","type":"Node","layer":"technology"},{"id":"id-4a9a4ecab2e748938d371e6a6afc8fa0","name":"Dono da softwarehouse","type":"Stakeholder","layer":"motivation"},{"id":"id-8c3462cd9be54ffd84b42ceba8ff54e2","name":"Garantir a satisfação do cliente","type":"Driver","layer":"motivation"},{"id":"id-04736be842c941a2916b5e5219df8667","name":"Formalizar e controlar o atendimento","type":"Driver","layer":"motivation"},{"id":"id-d75e725620ce48379ac00123a3e16a20","name":"Registro de atendimentos em sistema de informação","type":"Assessment","layer":"motivation"},{"id":"id-f5eac3eb0c504fe9bd8537eac612708b","name":"Controlar o tempo de ciclo do  chamado até a cnclusão do atendimento","type":"Assessment","layer":"motivation"},{"id":"id-09eed347c1b24e488b4a753067f2ece9","name":"Registrar os atendimentos de forma digital","type":"Goal","layer":"motivation"},{"id":"id-a48e169367d6467f88a52ce353d46b7f","name":"calcular o tempo decorrido entre o registro da demanda e a solução via software","type":"Goal","layer":"motivation"},{"id":"id-974a4ddb3f3a4d8d81c5a6128bc4d819","name":"Premitir a avaliação pelo cliente do atendimento recebido com registro em software","type":"Goal","layer":"motivation"},{"id":"id-37093090bd3549ca90604298b9cfc2ba","name":"Contruir base de soluçoes conhecidas para problemas, de forma a agilizar o atendimento","type":"Goal","layer":"motivation"},{"id":"id-1845bb6f25704f7a8a238e8d17e38f28","name":"100% dos chamados precisam disparar uma pesquisa de satisfação","type":"Principle","layer":"motivation"},{"id":"id-e6637f6ccd3842fb96a365ce1ca179e5","name":"A avaliação pelo cliente é opcional","type":"Principle","layer":"motivation"},{"id":"id-34f82879b9f644e18d54409a15bdca58","name":"Quando encontrada uma solução para um problema novo, adicionar na base","type":"Principle","layer":"motivation"},{"id":"id-1723bcc6bbeb4a72b6d661750fe1397d","name":"Consultars empre a base de soluções no momento do registro de um, novo chamdo","type":"Principle","layer":"motivation"},{"id":"id-ddb02cacd5b2469280497c36613c0655","name":"100% dos atendimentos precisam de registro no sistema","type":"Principle","layer":"motivation"},{"id":"id-56a1ce0432f44451828bb1b2d080f139","name":"Cadastrar novo chamado","type":"Requirement","layer":"motivation"},{"id":"id-cb83e888e3bb4f24929eda0cc8272c05","name":"Registrar encerramento de atendimento com a solução","type":"Requirement","layer":"motivation"},{"id":"id-8958835305344ab7a7e5150567939a1c","name":"Registrar tratamento feito por especialista no atendimento do chamado","type":"Requirement","layer":"motivation"},{"id":"id-3c9d17ac59d94e86a52c694a0aba2baa","name":"Transferir chamado para outro especialista","type":"Requirement","layer":"motivation"},{"id":"id-2e82e81ee64046c4a914e7139c196fdd","name":"Consultar base de soluções conhecidas","type":"Requirement","layer":"motivation"},{"id":"id-259dc4efb97947339ec3e49985fcc7b9","name":"Definição das especialidades da equipe de suporte","type":"Requirement","layer":"motivation"},{"id":"id-fdbddd5ba1fd4add8050ba598f2c7bf7","name":"Requirement","type":"Requirement","layer":"motivation"},{"id":"id-f0cded1e568149b9981c55fb8afe9ca5","name":"Gerenciar fila de chamados pendentes de solução por especialidade","type":"Requirement","layer":"motivation"},{"id":"id-b6a07645da6f42148e0015732a995be1","name":"Disparar a pesquisa de satisfação","type":"Requirement","layer":"motivation"},{"id":"id-3fe662e6d0494778bb8665defd7a59a8","name":"Coletar retorno de pesquisa","type":"Requirement","layer":"motivation"},{"id":"id-79f219da7e8b469ba352ed5caecb1023","name":"Alimentar base de solução","type":"Requirement","layer":"motivation"},{"id":"id-3b42bd8a4cc0462594adb656ccdcb094","name":"eMail para o cliente com opções de notas de avaliação para ele escolher e responder no próprio eMail","type":"Constraint","layer":"motivation"},{"id":"id-3d8088e57bba408d9d386b8f5b92f390","name":"Coletar notas dos emails respondidos pelos clientes, totalizamdo por nota","type":"Constraint","layer":"motivation"},{"id":"id-64557cf68c83413b83fc45fa4abc5ff2","name":"Ocorre sempre que um chamado é encerrado com uma solução nova para um problema e deve conter: descrição do sintoma e da solução desenvolvida","type":"Constraint","layer":"motivation"},{"id":"id-6e22291a179d4440ab6b6d70deb251cc","name":"Pesquisa com base nas palavras que constam na descrição do sintoma do problema documentada no chamado em aberto","type":"Constraint","layer":"motivation"},{"id":"id-158ff6a598da4a5698517eba2e96d34b","name":"Vincular membros da equipe de TI com especialidade de trabalho: informar IdFuncional, IdEspecialidade, criando grupos","type":"Constraint","layer":"motivation"},{"id":"id-cface0ef7079446fb6a5d73611b69347","name":"Listar  chamdo por ordem de data, e dentro da data, por prioridade- baixa, média e alta","type":"Constraint","layer":"motivation"},{"id":"id-2dbb77fb00da4550a783219cf621ce80","name":"Guardar: Protocolo (IdChamada), data da abertura, prioridade, descrição do sintoma, IdCliente, telefone de contato, eMail, IdAtendente","type":"Constraint","layer":"motivation"},{"id":"id-14db5320aa104242a307dbad6de3bf0f","name":"Log com: IdResponsável, Data, Descrição da ação realizada","type":"Constraint","layer":"motivation"},{"id":"id-9678237e82a3433f878190dd5646c71e","name":"Identificar a especialidade para qual o chamado irá","type":"Constraint","layer":"motivation"},{"id":"id-26d9b3531bc14515bfe9f1fea17aa129","name":"Informar: descrição da solução para guardar no chamado e na base de soluções, data e hora do encerramento e calcular o tempo total do atendimento do chamado","type":"Constraint","layer":"motivation"},{"id":"id-70852a1335bd4c668fabb919af83d29c","name":"Controlar cliente com direito ao suporte","type":"Requirement","layer":"motivation"},{"id":"id-15ad1dc09c7146f7ba5c8506edd93d35","name":"Deve possuir um NroContrato vigente","type":"Constraint","layer":"motivation"},{"id":"id-b9dd70b3ee43442d8774a8315f73d1f8","name":"Meaning","type":"Meaning","layer":"motivation"},{"id":"id-e543c0df1a04489384d3a634365402c0","name":"Na casa do cliente","type":"Location","layer":"other"},{"id":"id-83584d33a9414204ae58ad647d7f9070","name":"Sede da empresa","type":"Location","layer":"other"},{"id":"id-907aa180313840cc9f1fa91a314bbb5b","name":"Home office","type":"Location","layer":"other"},{"id":"id-73b4f435d0a0421eb965a0808c6e5cb7","name":"Escritorios operacionais onde existe equipe de TI da empresa","type":"Location","layer":"other"}],"relationships":[{"id":"id-1ef1cd8af9d54524a369e85174a18c4e","sourceId":"id-4a9a4ecab2e748938d371e6a6afc8fa0","targetId":"id-8c3462cd9be54ffd84b42ceba8ff54e2","type":"InfluenceRelationship"},{"id":"id-00640dd5fb5143c39c099e505597974c","sourceId":"id-4a9a4ecab2e748938d371e6a6afc8fa0","targetId":"id-04736be842c941a2916b5e5219df8667","type":"InfluenceRelationship"},{"id":"id-4f8fd314562b4f7c8f670385692cff4e","sourceId":"id-8c3462cd9be54ffd84b42ceba8ff54e2","targetId":"id-f5eac3eb0c504fe9bd8537eac612708b","type":"AssociationRelationship"},{"id":"id-5e58a81435234e4ca81229284a0e7865","sourceId":"id-04736be842c941a2916b5e5219df8667","targetId":"id-d75e725620ce48379ac00123a3e16a20","type":"AssociationRelationship"},{"id":"id-5a8514b60a124cc08837bcc0aa915965","sourceId":"id-d75e725620ce48379ac00123a3e16a20","targetId":"id-09eed347c1b24e488b4a753067f2ece9","type":"AssociationRelationship"},{"id":"id-6df764a152a14ba7a0bf7d8c8520cfa3","sourceId":"id-f5eac3eb0c504fe9bd8537eac612708b","targetId":"id-a48e169367d6467f88a52ce353d46b7f","type":"AssociationRelationship"},{"id":"id-4d80cb968b924cc5b748287165a40c03","sourceId":"id-f5eac3eb0c504fe9bd8537eac612708b","targetId":"id-974a4ddb3f3a4d8d81c5a6128bc4d819","type":"AssociationRelationship"},{"id":"id-7cd8af4d4f68488284a8ab4f6357f014","sourceId":"id-f5eac3eb0c504fe9bd8537eac612708b","targetId":"id-37093090bd3549ca90604298b9cfc2ba","type":"AssociationRelationship"},{"id":"id-a7ecd21558ef4fdca1f5bb2c4b5040d4","sourceId":"id-d75e725620ce48379ac00123a3e16a20","targetId":"id-37093090bd3549ca90604298b9cfc2ba","type":"AssociationRelationship"},{"id":"id-edf870b78507421c8b4c4ff6edb4a1c9","sourceId":"id-974a4ddb3f3a4d8d81c5a6128bc4d819","targetId":"id-1845bb6f25704f7a8a238e8d17e38f28","type":"AssociationRelationship"},{"id":"id-0dcb1715e424430d961a24b89958a678","sourceId":"id-974a4ddb3f3a4d8d81c5a6128bc4d819","targetId":"id-e6637f6ccd3842fb96a365ce1ca179e5","type":"AssociationRelationship"},{"id":"id-e6cb8d770ba74f1099c533ae398a1a37","sourceId":"id-37093090bd3549ca90604298b9cfc2ba","targetId":"id-34f82879b9f644e18d54409a15bdca58","type":"AssociationRelationship"},{"id":"id-4633b6f146fd4266a7a8c6cbd63bfa3d","sourceId":"id-37093090bd3549ca90604298b9cfc2ba","targetId":"id-1723bcc6bbeb4a72b6d661750fe1397d","type":"AssociationRelationship"},{"id":"id-4049a8be1d9e413d807bb6955af857a3","sourceId":"id-09eed347c1b24e488b4a753067f2ece9","targetId":"id-ddb02cacd5b2469280497c36613c0655","type":"AssociationRelationship"},{"id":"id-fa0b549a5c3f400487c2bf0274280b0b","sourceId":"id-09eed347c1b24e488b4a753067f2ece9","targetId":"id-56a1ce0432f44451828bb1b2d080f139","type":"AssociationRelationship"},{"id":"id-87812a9ad4234e298e9fdaa0c7245e2d","sourceId":"id-09eed347c1b24e488b4a753067f2ece9","targetId":"id-8958835305344ab7a7e5150567939a1c","type":"AssociationRelationship"},{"id":"id-8640b9ec20234207b39cc24442ab925f","sourceId":"id-09eed347c1b24e488b4a753067f2ece9","targetId":"id-3c9d17ac59d94e86a52c694a0aba2baa","type":"AssociationRelationship"},{"id":"id-12c547b9767740d4b2b4d70d5dae0e87","sourceId":"id-09eed347c1b24e488b4a753067f2ece9","targetId":"id-cb83e888e3bb4f24929eda0cc8272c05","type":"AssociationRelationship"},{"id":"id-8c714505bb714842b71751459711a766","sourceId":"id-37093090bd3549ca90604298b9cfc2ba","targetId":"id-2e82e81ee64046c4a914e7139c196fdd","type":"AssociationRelationship"},{"id":"id-148ad723cf3e4d82842af1089500703d","sourceId":"id-a48e169367d6467f88a52ce353d46b7f","targetId":"id-8958835305344ab7a7e5150567939a1c","type":"AssociationRelationship"},{"id":"id-02fd9c17ad8d4376beeaa79fc4ad574c","sourceId":"id-a48e169367d6467f88a52ce353d46b7f","targetId":"id-cb83e888e3bb4f24929eda0cc8272c05","type":"AssociationRelationship"},{"id":"id-98006b6b2131467c880a7c1764373e80","sourceId":"id-09eed347c1b24e488b4a753067f2ece9","targetId":"id-2e82e81ee64046c4a914e7139c196fdd","type":"AssociationRelationship"},{"id":"id-4f8078a48f6147eb87b6431a6b3cc5be","sourceId":"id-974a4ddb3f3a4d8d81c5a6128bc4d819","targetId":"id-259dc4efb97947339ec3e49985fcc7b9","type":"AssociationRelationship"},{"id":"id-7f28683050b34785be041b477b0aa681","sourceId":"id-974a4ddb3f3a4d8d81c5a6128bc4d819","targetId":"id-b6a07645da6f42148e0015732a995be1","type":"AssociationRelationship"},{"id":"id-a02dc69a566b44c38d485c8a05b08a28","sourceId":"id-974a4ddb3f3a4d8d81c5a6128bc4d819","targetId":"id-3fe662e6d0494778bb8665defd7a59a8","type":"AssociationRelationship"},{"id":"id-8f901fd115a043b781f32a007a4e218f","sourceId":"id-09eed347c1b24e488b4a753067f2ece9","targetId":"id-f0cded1e568149b9981c55fb8afe9ca5","type":"AssociationRelationship"},{"id":"id-b4c3635500494af5b4b5c75bdcecd04a","sourceId":"id-09eed347c1b24e488b4a753067f2ece9","targetId":"id-259dc4efb97947339ec3e49985fcc7b9","type":"AssociationRelationship"},{"id":"id-28e0b7588e754b4a957ec9dbc9a01e33","sourceId":"id-37093090bd3549ca90604298b9cfc2ba","targetId":"id-79f219da7e8b469ba352ed5caecb1023","type":"AssociationRelationship"},{"id":"id-b652b2cb071544f79ad91d1089118dc1","sourceId":"id-b6a07645da6f42148e0015732a995be1","targetId":"id-3b42bd8a4cc0462594adb656ccdcb094","type":"AssociationRelationship"},{"id":"id-20b29b5ab4af431a8ff7e7bae8bbcd17","sourceId":"id-3fe662e6d0494778bb8665defd7a59a8","targetId":"id-3d8088e57bba408d9d386b8f5b92f390","type":"AssociationRelationship"},{"id":"id-c236ddd585444ab48236302415df8bb1","sourceId":"id-79f219da7e8b469ba352ed5caecb1023","targetId":"id-64557cf68c83413b83fc45fa4abc5ff2","type":"AssociationRelationship"},{"id":"id-2a08caec63fc4c3f88df7c476d63be1f","sourceId":"id-2e82e81ee64046c4a914e7139c196fdd","targetId":"id-6e22291a179d4440ab6b6d70deb251cc","type":"AssociationRelationship"},{"id":"id-9b164a20c7f74867bd1cd441570d165e","sourceId":"id-8958835305344ab7a7e5150567939a1c","targetId":"id-14db5320aa104242a307dbad6de3bf0f","type":"AssociationRelationship"},{"id":"id-89b554b7ae1d4f08ae02146bada3a885","sourceId":"id-56a1ce0432f44451828bb1b2d080f139","targetId":"id-2dbb77fb00da4550a783219cf621ce80","type":"AssociationRelationship"},{"id":"id-b16774210fd14a52b1a48cc0f551d552","sourceId":"id-259dc4efb97947339ec3e49985fcc7b9","targetId":"id-158ff6a598da4a5698517eba2e96d34b","type":"AssociationRelationship"},{"id":"id-a2cf6008772d4c3dad646b489813ea1d","sourceId":"id-f0cded1e568149b9981c55fb8afe9ca5","targetId":"id-cface0ef7079446fb6a5d73611b69347","type":"AssociationRelationship"},{"id":"id-72604bd7d202489eb20dd6512548de1c","sourceId":"id-3c9d17ac59d94e86a52c694a0aba2baa","targetId":"id-9678237e82a3433f878190dd5646c71e","type":"AssociationRelationship"},{"id":"id-b9e222f1e9c246be89bb92856c386cf9","sourceId":"id-cb83e888e3bb4f24929eda0cc8272c05","targetId":"id-26d9b3531bc14515bfe9f1fea17aa129","type":"AssociationRelationship"},{"id":"id-232b17cb71934db7826ff2a826895b25","sourceId":"id-70852a1335bd4c668fabb919af83d29c","targetId":"id-09eed347c1b24e488b4a753067f2ece9","type":"AssociationRelationship"},{"id":"id-a44de58e325d405ab124a9145c9fa0c6","sourceId":"id-15ad1dc09c7146f7ba5c8506edd93d35","targetId":"id-70852a1335bd4c668fabb919af83d29c","type":"AssociationRelationship"},{"id":"id-fd7ba467bee14cf98917addc817097a7","sourceId":"id-94a2ad950b3c422197da0ac63f64c6d1","targetId":"id-48cce882a9804529844358e092f455e3","type":"CompositionRelationship"},{"id":"id-70df0e9882584a09af133b44f32a535d","sourceId":"id-8312f8659ee54aefaa17199e7c9db29a","targetId":"id-48cce882a9804529844358e092f455e3","type":"TriggeringRelationship"},{"id":"id-69b3bd697c994320967d6dc057931286","sourceId":"id-94a2ad950b3c422197da0ac63f64c6d1","targetId":"id-c1c1ff519bd545518f27133c9ae6b837","type":"CompositionRelationship"},{"id":"id-47c17de8e4c54a1a834dee8cb16f3a86","sourceId":"id-48cce882a9804529844358e092f455e3","targetId":"id-c1c1ff519bd545518f27133c9ae6b837","type":"FlowRelationship"},{"id":"id-f63a96b73e0a41e095e7c3415b1e80ef","sourceId":"id-48cce882a9804529844358e092f455e3","targetId":"id-c8436d5514f44b1893f7411eb2bd4166","type":"FlowRelationship"},{"id":"id-d74155049da74757926928c6d44aec51","sourceId":"id-c1c1ff519bd545518f27133c9ae6b837","targetId":"id-b4251f1fd3a045c6ba5fd6ac028f087b","type":"TriggeringRelationship"},{"id":"id-5b190a525c8c46e28f5e555d9e40330a","sourceId":"id-94a2ad950b3c422197da0ac63f64c6d1","targetId":"id-b9787181c44d46bc9c580e7b1c1755ed","type":"CompositionRelationship"},{"id":"id-59cad77419d3459e94847fe9f94957a2","sourceId":"id-c8436d5514f44b1893f7411eb2bd4166","targetId":"id-b9787181c44d46bc9c580e7b1c1755ed","type":"FlowRelationship"},{"id":"id-9b5007005be441f5a008d5659696db81","sourceId":"id-94a2ad950b3c422197da0ac63f64c6d1","targetId":"id-1d33365795df4a1bbfbfb384c3009b3c","type":"CompositionRelationship"},{"id":"id-c56e1f8011f64085bc4ac7457ee576fc","sourceId":"id-b9787181c44d46bc9c580e7b1c1755ed","targetId":"id-1d33365795df4a1bbfbfb384c3009b3c","type":"FlowRelationship"},{"id":"id-61ac77781e8445e799a54add84582eb0","sourceId":"id-1d33365795df4a1bbfbfb384c3009b3c","targetId":"id-fc949fe24da744c6952d561bffb2318e","type":"FlowRelationship"},{"id":"id-fe251a67f88e43ba906e0dbf7aa8c5da","sourceId":"id-fc949fe24da744c6952d561bffb2318e","targetId":"id-1d33365795df4a1bbfbfb384c3009b3c","type":"FlowRelationship"},{"id":"id-96e28a45e5624ed391d9b56c0b40f986","sourceId":"id-fc949fe24da744c6952d561bffb2318e","targetId":"id-901c02bcfdb44c23bf0863fb96408773","type":"FlowRelationship"},{"id":"id-ac8b205245a24a61aeb413e29d33dfc6","sourceId":"id-1d33365795df4a1bbfbfb384c3009b3c","targetId":"id-c5f7ba26cc7f4fb7b40a50bd6d232912","type":"FlowRelationship"},{"id":"id-211578c7f2ef45f084e88a5e3e13c5dc","sourceId":"id-c5f7ba26cc7f4fb7b40a50bd6d232912","targetId":"id-1682288ee8f24545baee638cbbb9bb03","type":"FlowRelationship"},{"id":"id-bc15dd3eb51143c4ab6253cc02efec41","sourceId":"id-901c02bcfdb44c23bf0863fb96408773","targetId":"id-70dae95b79534bd9b6cfa21f324782f2","type":"TriggeringRelationship"},{"id":"id-61788b46d7b54e668aca5621f6402a48","sourceId":"id-1682288ee8f24545baee638cbbb9bb03","targetId":"id-4f5427045e0b4067bc7a3549c5d6920a","type":"TriggeringRelationship"},{"id":"id-e96f705d4be84933bc7f9a61b7c5e10d","sourceId":"id-88eda6f2094f40b8b5c03c8a020ad5f7","targetId":"id-6cf2702aa4764f5fbaef8a26cd30a2e2","type":"AggregationRelationship"},{"id":"id-1433faa4e65046bf96c412b4fe57c8a3","sourceId":"id-91d39bce21ec44f788d963de7e969026","targetId":"id-6cf2702aa4764f5fbaef8a26cd30a2e2","type":"FlowRelationship"},{"id":"id-3e97554b607742bab76bf0adc24b61ef","sourceId":"id-70dae95b79534bd9b6cfa21f324782f2","targetId":"id-91d39bce21ec44f788d963de7e969026","type":"TriggeringRelationship"},{"id":"id-b9cc0631e9144be3b9237fa03aeda205","sourceId":"id-6cf2702aa4764f5fbaef8a26cd30a2e2","targetId":"id-8351dbf0dea94da7a12d7d030386e061","type":"TriggeringRelationship"},{"id":"id-4aadb123bf7643b28dcb488455eed5dc","sourceId":"id-91d39bce21ec44f788d963de7e969026","targetId":"id-1e7fa182248042ec8b7d2fa1ecece2fe","type":"TriggeringRelationship"},{"id":"id-4e64d2b66b8f4f8b9bac02a3842e2b10","sourceId":"id-522340a8abae46dfbc263044c9451494","targetId":"id-78e87a4922604689a558a465596ad814","type":"CompositionRelationship"},{"id":"id-c0619bbb2467465581fff6df541963ca","sourceId":"id-4f5427045e0b4067bc7a3549c5d6920a","targetId":"id-78e87a4922604689a558a465596ad814","type":"TriggeringRelationship"},{"id":"id-7fc0e02bf9e04ceab276957f31e69d65","sourceId":"id-78e87a4922604689a558a465596ad814","targetId":"id-83aa14b4947f47349d439ee7dbaad6a7","type":"FlowRelationship"},{"id":"id-6a261d12d6684fb9bb85c3698bcdb982","sourceId":"id-83aa14b4947f47349d439ee7dbaad6a7","targetId":"id-40819ddd16774648a5f90ada09550239","type":"FlowRelationship"},{"id":"id-3c9191aabbaa47f78df0f5e6dc38f00d","sourceId":"id-40819ddd16774648a5f90ada09550239","targetId":"id-ed9a0ea9d1f049708f343a31122282b6","type":"FlowRelationship"},{"id":"id-0a7d4e6c36f84138bf2eb87f1c4d8ea7","sourceId":"id-84706a60c4934d1dbce752322608b908","targetId":"id-70dae95b79534bd9b6cfa21f324782f2","type":"TriggeringRelationship"},{"id":"id-d918113bae9745a28ebc78c0f2ccef73","sourceId":"id-40819ddd16774648a5f90ada09550239","targetId":"id-9d214c0ef7994ccfb252dd0277de7e49","type":"FlowRelationship"},{"id":"id-3a1496d3694c4fcd8f9456da287094ce","sourceId":"id-9d214c0ef7994ccfb252dd0277de7e49","targetId":"id-40819ddd16774648a5f90ada09550239","type":"FlowRelationship"},{"id":"id-a3e66804115f4febbc502ced8fe13435","sourceId":"id-9d214c0ef7994ccfb252dd0277de7e49","targetId":"id-b1ab91b496c44c7dab3c941ed78873d8","type":"FlowRelationship"},{"id":"id-9fde180e74434a75b0a142f7aa6baf9a","sourceId":"id-b1ab91b496c44c7dab3c941ed78873d8","targetId":"id-c01adba7eedf4da5af4cf56104be334d","type":"TriggeringRelationship"},{"id":"id-d167ec1e3ac243d4a136f4c089285eec","sourceId":"id-ccf308b104ba43f7a1e2d16d542f8e66","targetId":"id-ffface30f31f438aab06cdc8bbe3c388","type":"AssociationRelationship"},{"id":"id-5c2f6f3ad75a49ac946b3df503567748","sourceId":"id-ffface30f31f438aab06cdc8bbe3c388","targetId":"id-ccf308b104ba43f7a1e2d16d542f8e66","type":"AssignmentRelationship"},{"id":"id-0d53fb03b920498595331481db716c6d","sourceId":"id-ccf308b104ba43f7a1e2d16d542f8e66","targetId":"id-1d33365795df4a1bbfbfb384c3009b3c","type":"AssociationRelationship"},{"id":"id-71455e3dac4d4608bc30e1c9bb131e38","sourceId":"id-ccf308b104ba43f7a1e2d16d542f8e66","targetId":"id-c5f7ba26cc7f4fb7b40a50bd6d232912","type":"AssociationRelationship"},{"id":"id-aea7dd5d0c3a4718832ecaaaed46f203","sourceId":"id-ccf308b104ba43f7a1e2d16d542f8e66","targetId":"id-fc949fe24da744c6952d561bffb2318e","type":"AssociationRelationship"},{"id":"id-ed1ead883bd84f649f29d00c617185bf","sourceId":"id-ffface30f31f438aab06cdc8bbe3c388","targetId":"id-fae6f5f6fbde4b269eef4648c613d745","type":"AssignmentRelationship"},{"id":"id-6f885da9ba5e429e9f365e1645095a09","sourceId":"id-5068f0fc199549e9a419734b2f100282","targetId":"id-aa2938fb302949cfbe3dcfa53f4610de","type":"AssignmentRelationship"},{"id":"id-c84d6f601918443fa5d1d05fd36b729a","sourceId":"id-00bfa864edbd4c66a35526b8302a7f1f","targetId":"id-8a5104f36fa341ca89319d5b6fe6036d","type":"AssignmentRelationship"},{"id":"id-a0cbb3a9e40845c28af9a35ceff664e0","sourceId":"id-2fd1bc5d7c3141a3a65603d52ea02bfb","targetId":"id-8a5104f36fa341ca89319d5b6fe6036d","type":"AssignmentRelationship"},{"id":"id-3bb778bc8a8447b0a35abb19aa6fb520","sourceId":"id-a48c2d6c427849ca84f14be33ba7500f","targetId":"id-8a5104f36fa341ca89319d5b6fe6036d","type":"AssignmentRelationship"},{"id":"id-f0c66dc837324d3b95882e7eaf42eeb6","sourceId":"id-ffa295b0d9cc4102b9fd94ff5a13a15c","targetId":"id-8a5104f36fa341ca89319d5b6fe6036d","type":"AssignmentRelationship"},{"id":"id-b87f41896713436c83156c28cd1849a1","sourceId":"id-8a5104f36fa341ca89319d5b6fe6036d","targetId":"id-522340a8abae46dfbc263044c9451494","type":"ServingRelationship"},{"id":"id-efba03b995464df1887820b2a36576e9","sourceId":"id-e543c0df1a04489384d3a634365402c0","targetId":"id-88eda6f2094f40b8b5c03c8a020ad5f7","type":"AssociationRelationship"},{"id":"id-9814edc929fc4c30a225b8aa06b2c972","sourceId":"id-83584d33a9414204ae58ad647d7f9070","targetId":"id-94a2ad950b3c422197da0ac63f64c6d1","type":"AssociationRelationship"},{"id":"id-9e08a359f0ae4b9ca75282c5fc38ab28","sourceId":"id-907aa180313840cc9f1fa91a314bbb5b","targetId":"id-522340a8abae46dfbc263044c9451494","type":"AssociationRelationship"},{"id":"id-65c494fac1dd47069161e1477144486e","sourceId":"id-73b4f435d0a0421eb965a0808c6e5cb7","targetId":"id-522340a8abae46dfbc263044c9451494","type":"AssociationRelationship"},{"id":"id-1eec8dfba16d41bdba70d9e349a65a88","sourceId":"id-ccf308b104ba43f7a1e2d16d542f8e66","targetId":"id-48cce882a9804529844358e092f455e3","type":"ServingRelationship"},{"id":"id-73f80fcb122045f69c07c169f2245ce0","sourceId":"id-94a2ad950b3c422197da0ac63f64c6d1","targetId":"id-4c57abb5deba47b5b4cc1df8e10881fc","type":"CompositionRelationship"},{"id":"id-0338fd2f958d4d318c406ed262ef22a2","sourceId":"id-48cce882a9804529844358e092f455e3","targetId":"id-4c57abb5deba47b5b4cc1df8e10881fc","type":"TriggeringRelationship"},{"id":"id-dd5e120fc33a4f98aa925144f4cbebdb","sourceId":"id-4c57abb5deba47b5b4cc1df8e10881fc","targetId":"id-c8436d5514f44b1893f7411eb2bd4166","type":"FlowRelationship"},{"id":"id-6526734784fc41b4a82b2dc295f3993f","sourceId":"id-ccf308b104ba43f7a1e2d16d542f8e66","targetId":"id-4c57abb5deba47b5b4cc1df8e10881fc","type":"ServingRelationship"},{"id":"id-97e7293ec0874255bd3fb235ca2f257f","sourceId":"id-ccf308b104ba43f7a1e2d16d542f8e66","targetId":"id-c8436d5514f44b1893f7411eb2bd4166","type":"ServingRelationship"},{"id":"id-8e328d6fc2a1484c80076ac971b96fb4","sourceId":"id-ccf308b104ba43f7a1e2d16d542f8e66","targetId":"id-c1c1ff519bd545518f27133c9ae6b837","type":"ServingRelationship"},{"id":"id-dfb11f64628843059687ad1f8fe30fe5","sourceId":"id-ccf308b104ba43f7a1e2d16d542f8e66","targetId":"id-b9787181c44d46bc9c580e7b1c1755ed","type":"ServingRelationship"},{"id":"id-3f1b7564f3a746e2ab7b4e1b4b79c1a7","sourceId":"id-fae6f5f6fbde4b269eef4648c613d745","targetId":"id-1d33365795df4a1bbfbfb384c3009b3c","type":"ServingRelationship"},{"id":"id-a26a1b773f0545858ee3ffc75bf74460","sourceId":"id-fae6f5f6fbde4b269eef4648c613d745","targetId":"id-fc949fe24da744c6952d561bffb2318e","type":"ServingRelationship"},{"id":"id-172dda25a1894790a84d175a5483e2cc","sourceId":"id-fae6f5f6fbde4b269eef4648c613d745","targetId":"id-c5f7ba26cc7f4fb7b40a50bd6d232912","type":"ServingRelationship"},{"id":"id-f2805685aca543b39f49e559e7b6ca8c","sourceId":"id-fae6f5f6fbde4b269eef4648c613d745","targetId":"id-901c02bcfdb44c23bf0863fb96408773","type":"ServingRelationship"},{"id":"id-40188e133b08425f89c125a1a8262493","sourceId":"id-fae6f5f6fbde4b269eef4648c613d745","targetId":"id-1682288ee8f24545baee638cbbb9bb03","type":"ServingRelationship"},{"id":"id-c103e48b7e8b4c7e9f2d2c807beadc59","sourceId":"id-aa2938fb302949cfbe3dcfa53f4610de","targetId":"id-88eda6f2094f40b8b5c03c8a020ad5f7","type":"ServingRelationship"},{"id":"id-fce94f20429b449cb52d7c9f30f1dd0b","sourceId":"id-522340a8abae46dfbc263044c9451494","targetId":"id-bb93baefa2984ed1a1579b6f06f6171e","type":"AggregationRelationship"},{"id":"id-9b8ed8750fbb467f9e5ca31bc03def4d","sourceId":"id-ed9a0ea9d1f049708f343a31122282b6","targetId":"id-bb93baefa2984ed1a1579b6f06f6171e","type":"FlowRelationship"},{"id":"id-17feea9ab388494fa4fdf46612ca38c9","sourceId":"id-bb93baefa2984ed1a1579b6f06f6171e","targetId":"id-84706a60c4934d1dbce752322608b908","type":"FlowRelationship"},{"id":"id-024c6e05d9114e82a4130ddf80fec2bf","sourceId":"id-aeb399326c584dde967a5e21ded72806","targetId":"id-48cce882a9804529844358e092f455e3","type":"RealizationRelationship"},{"id":"id-9089ebed433c4e999163a438ac8d8ecc","sourceId":"id-0d20ec1560fa42ff8dd898afcdf0552f","targetId":"id-0d740ec58b3c4760befb42298b03638f","type":"AccessRelationship"},{"id":"id-87fb5d3e6a4f43bb84f22499715ca5cb","sourceId":"id-7a956d8246cc42198cc8b6134e07481c","targetId":"id-1d91b5edf3924d1a84da10240257ce69","type":"AssociationRelationship"},{"id":"id-f4a31e39d36f45899f2394b1d15640f9","sourceId":"id-1d91b5edf3924d1a84da10240257ce69","targetId":"id-0d20ec1560fa42ff8dd898afcdf0552f","type":"AssociationRelationship"},{"id":"id-cd028f5987d74cb68cb70e3e7e634453","sourceId":"id-7a956d8246cc42198cc8b6134e07481c","targetId":"id-48cce882a9804529844358e092f455e3","type":"RealizationRelationship"},{"id":"id-7ff3f9972f7141948f09cb81a6844282","sourceId":"id-952c0a0939ec4eeb87a202af285ddec2","targetId":"id-02910d33ce6f4277bb569296e7a51fb5","type":"AssociationRelationship"},{"id":"id-37b38d967d8c477896c5700a3d18b55e","sourceId":"id-952c0a0939ec4eeb87a202af285ddec2","targetId":"id-828dab313b24450e8b7d3347981dad0b","type":"AssociationRelationship"},{"id":"id-a63d1ff6112847ef994406678d2022fb","sourceId":"id-02910d33ce6f4277bb569296e7a51fb5","targetId":"id-07f0cb3ae80e46d19fbf137edb1b2df1","type":"AssociationRelationship"},{"id":"id-ba0bccc3155241aa9fdd5ea95ac79ab1","sourceId":"id-828dab313b24450e8b7d3347981dad0b","targetId":"id-3bc57c77964148af993234fe5fe98a3a","type":"AssociationRelationship"},{"id":"id-5e89e00b2c3b4562b9e3541a76b0d6c9","sourceId":"id-07f0cb3ae80e46d19fbf137edb1b2df1","targetId":"id-4dcaf7d473aa4e0ca0a9213238b15627","type":"AccessRelationship"},{"id":"id-bd246f2f64af4f61a47d52925cc3572b","sourceId":"id-3bc57c77964148af993234fe5fe98a3a","targetId":"id-d7e247efde6d4aaa965459122e6724bf","type":"AccessRelationship"},{"id":"id-b2986f2cfd9d4190943fd03b80b24303","sourceId":"id-952c0a0939ec4eeb87a202af285ddec2","targetId":"id-4c57abb5deba47b5b4cc1df8e10881fc","type":"RealizationRelationship"},{"id":"id-0cfc00b621794d50bd87092351c123bc","sourceId":"id-952c0a0939ec4eeb87a202af285ddec2","targetId":"id-c8436d5514f44b1893f7411eb2bd4166","type":"RealizationRelationship"},{"id":"id-c04b48d0a3574cfc853e6c0997649c2a","sourceId":"id-952c0a0939ec4eeb87a202af285ddec2","targetId":"id-b9787181c44d46bc9c580e7b1c1755ed","type":"RealizationRelationship"},{"id":"id-f33a7dea7eab42eba2706cd1c50b2dc4","sourceId":"id-952c0a0939ec4eeb87a202af285ddec2","targetId":"id-15566945e3314d8d924d6cd38ada1ce8","type":"AssociationRelationship"},{"id":"id-590a1f5434f9483bb2b93d3815a74b8f","sourceId":"id-15566945e3314d8d924d6cd38ada1ce8","targetId":"id-144f0cd48119494285d0565c7435db52","type":"AssociationRelationship"},{"id":"id-6b1ebafd5bc8464485467507cc7d8767","sourceId":"id-3bc57c77964148af993234fe5fe98a3a","targetId":"id-90418ed4182d41eaa90ca0ac20287744","type":"AssociationRelationship"},{"id":"id-f584dccb19dd4b28b8cfb2d056bc31ed","sourceId":"id-90418ed4182d41eaa90ca0ac20287744","targetId":"id-07f0cb3ae80e46d19fbf137edb1b2df1","type":"AssociationRelationship"},{"id":"id-4d56f988e93c446da4d4ae4732cc64ab","sourceId":"id-07f0cb3ae80e46d19fbf137edb1b2df1","targetId":"id-6dfb1b7a748141c49f1ad935f9ad2c8c","type":"RealizationRelationship"},{"id":"id-10336c91baed4b5a9a868105c6f10075","sourceId":"id-a37508dec51649c48c33f85da533a89d","targetId":"id-d7e247efde6d4aaa965459122e6724bf","type":"AccessRelationship"},{"id":"id-3d74eae89c624edfbb9032126ac15d8f","sourceId":"id-a37508dec51649c48c33f85da533a89d","targetId":"id-4dcaf7d473aa4e0ca0a9213238b15627","type":"AccessRelationship"},{"id":"id-a98a6e4fa1244bfda8c50497de6b72ce","sourceId":"id-a37508dec51649c48c33f85da533a89d","targetId":"id-0d740ec58b3c4760befb42298b03638f","type":"AccessRelationship"},{"id":"id-989d2e29df3043369270917d78e7b655","sourceId":"id-f80c0f7c0a3342598f3041f8ca33ecdd","targetId":"id-cba34d89bcf44fedb909fc1d4139a240","type":"AssociationRelationship"},{"id":"id-1077982a50b449fa8607e35c6e9fe1fe","sourceId":"id-715b0eb3d1d8496984950ea86924d94b","targetId":"id-cba34d89bcf44fedb909fc1d4139a240","type":"ServingRelationship"},{"id":"id-7a28b4a6039b4633b5d8d46f9a43af52","sourceId":"id-4a3495ebf60c45f2a9962a67a29e1be7","targetId":"id-cba34d89bcf44fedb909fc1d4139a240","type":"ServingRelationship"},{"id":"id-aaa4916661c24d3ca8405be77317e595","sourceId":"id-4a3495ebf60c45f2a9962a67a29e1be7","targetId":"id-1648b4df9cde4eafba503742e201a4e0","type":"AggregationRelationship"},{"id":"id-5497c95b985141d09a2afb1f1ea05d24","sourceId":"id-715b0eb3d1d8496984950ea86924d94b","targetId":"id-24db5ad24f1c43e79494a5d62dde3aa8","type":"AssociationRelationship"},{"id":"id-fc1b33837c494c97a9cd316750c63747","sourceId":"id-24db5ad24f1c43e79494a5d62dde3aa8","targetId":"id-a4fec43fed1e4d53b2117cc9062769aa","type":"AssociationRelationship"},{"id":"id-18289036929d4e97987d7287098b9e2d","sourceId":"id-4ef5fc0d39054405bde8502873fb409e","targetId":"id-a4fec43fed1e4d53b2117cc9062769aa","type":"AssociationRelationship"},{"id":"id-6a8a4c68c61048ba9dbc96a037ed80da","sourceId":"id-4ef5fc0d39054405bde8502873fb409e","targetId":"id-ad8481b4f868402a9891b10807d92822","type":"AssociationRelationship"},{"id":"id-6b6424766b824b5e8f0e5b17be9c9bd5","sourceId":"id-b1c90af03cc848c0b7402bf551b85ca5","targetId":"id-ad8481b4f868402a9891b10807d92822","type":"AssociationRelationship"},{"id":"id-36899414cc3e40fca553b19bc1bb9da7","sourceId":"id-431b34abf824453ebda433e2f09b7eb6","targetId":"id-b1c90af03cc848c0b7402bf551b85ca5","type":"AssociationRelationship"},{"id":"id-061e30515f2f4ff9bff207321b8121a9","sourceId":"id-47d17ad24da846fc87af662dcd8cca42","targetId":"id-431b34abf824453ebda433e2f09b7eb6","type":"AssociationRelationship"},{"id":"id-552ab6de3e684619a24720b81f75edc3","sourceId":"id-e4256faefed34f96a71a46879ba4a5b2","targetId":"id-77ff7bf02403448188d87f750ea928b6","type":"AssociationRelationship"},{"id":"id-357f0215f6b84ce8906fc1a4f502f204","sourceId":"id-e4256faefed34f96a71a46879ba4a5b2","targetId":"id-431b34abf824453ebda433e2f09b7eb6","type":"AssociationRelationship"},{"id":"id-1ed25b6019c94f85a4a8961991b1c69c","sourceId":"id-4a3495ebf60c45f2a9962a67a29e1be7","targetId":"id-0629f4be50a2451e9362467acd679c78","type":"AssociationRelationship"},{"id":"id-c8b960bf88c54ead95bd9b46f88a52aa","sourceId":"id-431b34abf824453ebda433e2f09b7eb6","targetId":"id-0629f4be50a2451e9362467acd679c78","type":"AssociationRelationship"},{"id":"id-eb875cfd1a404464af8ddbcb08ea25a4","sourceId":"id-e4256faefed34f96a71a46879ba4a5b2","targetId":"id-a37508dec51649c48c33f85da533a89d","type":"ServingRelationship"},{"id":"id-1338c5b6c0d24d61b6ef24dcefccb078","sourceId":"id-e4256faefed34f96a71a46879ba4a5b2","targetId":"id-632bc662b809413584e78a211e0b0f6b","type":"AggregationRelationship"},{"id":"id-b22ed256c3874bb8a9e580b9d1cf73ad","sourceId":"id-0fc720791d6f44f89be9bb5dbde6d33c","targetId":"id-e4256faefed34f96a71a46879ba4a5b2","type":"AssociationRelationship"}],"views":[{"id":"id-0c21412116404c319f1d1f570a97d2ac","name":"Default View","viewpoint":""}]}