"ID","Key","Value"
"_dW8vUjusEDaniqiksw2sNg","Directed","false"
"_dzStETusEDaniqiksw2sNg","Directed","false"
"_ejeM0jusEDaniqiksw2sNg","Directed","false"
"_FpJAwTutEDaniqiksw2sNg","Directed","false"
"_Lx_F8ju7EDaniqiksw2sNg","Directed","false"
"_bbGv4ju7EDaniqiksw2sNg","Directed","false"
"_ccWKcDu7EDaniqiksw2sNg","Directed","false"
"_eaPagDu7EDaniqiksw2sNg","Directed","false"
"_i29dcju7EDaniqiksw2sNg","Directed","false"
"_QiCfIju8EDaniqiksw2sNg","Directed","false"
"_jy4dsDu8EDaniqiksw2sNg","Directed","false"
"_qgHKsju8EDaniqiksw2sNg","Directed","false"
"_YVMc8zu9EDaniqiksw2sNg","Directed","false"