"ID","Type","Name","Documentation","Source","Target","Specialization"
"_dW8vUjusEDaniqiksw2sNg","AssociationRelationship","","","_jWXJgDurEDaniqiksw2sNg","_GfXTkDusEDaniqiksw2sNg",""
"_dzStETusEDaniqiksw2sNg","AssociationRelationship","","","_jWXJgDurEDaniqiksw2sNg","_PUvY0TusEDaniqiksw2sNg",""
"_ejeM0jusEDaniqiksw2sNg","AssociationRelationship","","","_jWXJgDurEDaniqiksw2sNg","_SBq5ITusEDaniqiksw2sNg",""
"_FpJAwTutEDaniqiksw2sNg","AssociationRelationship","","","_pn71QDurEDaniqiksw2sNg","_7ov54DusEDaniqiksw2sNg",""
"_Lx_F8ju7EDaniqiksw2sNg","AssociationRelationship","","","_wvtJMTurEDaniqiksw2sNg","_3PQBsDu6EDaniqiksw2sNg",""
"_bbGv4ju7EDaniqiksw2sNg","AssociationRelationship","","","_3PQBsDu6EDaniqiksw2sNg","_IUxrIDuuEDaniqiksw2sNg",""
"_ccWKcDu7EDaniqiksw2sNg","AssociationRelationship","","","_3PQBsDu6EDaniqiksw2sNg","_VTlp8Du5EDaniqiksw2sNg",""
"_eaPagDu7EDaniqiksw2sNg","AssociationRelationship","","","_3PQBsDu6EDaniqiksw2sNg","_ki8JADu5EDaniqiksw2sNg",""
"_i29dcju7EDaniqiksw2sNg","AssociationRelationship","","","_3PQBsDu6EDaniqiksw2sNg","_tUV3wDu6EDaniqiksw2sNg",""
"_QiCfIju8EDaniqiksw2sNg","AssociationRelationship","","","_PUvY0TusEDaniqiksw2sNg","_pn71QDurEDaniqiksw2sNg",""
"_jy4dsDu8EDaniqiksw2sNg","AssociationRelationship","","","_7ov54DusEDaniqiksw2sNg","_HvAhEDutEDaniqiksw2sNg",""
"_qgHKsju8EDaniqiksw2sNg","AssociationRelationship","","","_HvAhEDutEDaniqiksw2sNg","_wvtJMTurEDaniqiksw2sNg",""
"_YVMc8zu9EDaniqiksw2sNg","AssociationRelationship","","","_pn71QDurEDaniqiksw2sNg","_79UBYDu8EDaniqiksw2sNg",""