{"identifier":"https://me.big.tuwien.ac.at/EAModelSet/_lL5PANpYEeyR_KDGOPNL5w","archimateId":"_lL5PANpYEeyR_KDGOPNL5w","name":"Surgepay Merchant Account","description":"","formats":["XML","CSV","JSON","ARCHIMATE"],"source":"GenMyModel","repository":"","license":"","sourceFile":"raw-data/genmymodel/_ll5panpyeeyr_kdgopnl5w.xml","sourceFormat":"XML","timestamp":"2023-07-06T10:01:17","tags":[],"duplicates":[],"language":"en","elements":[{"id":"_tt2LMLyGEDqIY4S2Lu-Asg","name":"surgepay merchant","type":"SystemSoftware","layer":"technology"},{"id":"_2Y86ILyGEDqIY4S2Lu-Asg","name":"level_1 Merchant","type":"BusinessActor","layer":"business"},{"id":"_6FKGILyGEDqIY4S2Lu-Asg","name":"level_2 Merchant","type":"BusinessActor","layer":"business"},{"id":"_6psWkLyGEDqIY4S2Lu-Asg","name":"level_3 Merchant","type":"BusinessActor","layer":"business"},{"id":"_FeD4ELyHEDqIY4S2Lu-Asg","name":"add credits","type":"TechnologyFunction","layer":"technology"},{"id":"_MYEc0LyHEDqIY4S2Lu-Asg","name":"via cryptocurrency (sdx)","type":"ApplicationProcess","layer":"application"},{"id":"_N_aOELyHEDqIY4S2Lu-Asg","name":"via bank txn (pesonet/instapay)","type":"ApplicationProcess","layer":"application"},{"id":"_R0jToLyHEDqIY4S2Lu-Asg","name":"transfer within surgepay","type":"ApplicationProcess","layer":"application"},{"id":"_lrpZ4LyHEDqIY4S2Lu-Asg","name":"via mobile","type":"ApplicationProcess","layer":"application"},{"id":"_n-niELyHEDqIY4S2Lu-Asg","name":"via email","type":"ApplicationProcess","layer":"application"},{"id":"_pgb6ILyHEDqIY4S2Lu-Asg","name":"via QR code","type":"ApplicationProcess","layer":"application"},{"id":"_hLSXoLyIEDqIY4S2Lu-Asg","name":"over the counter services","type":"ApplicationFunction","layer":"application"},{"id":"_qMkK4LyIEDqIY4S2Lu-Asg","name":"wallet top up","type":"ApplicationService","layer":"application"},{"id":"_vrstELyIEDqIY4S2Lu-Asg","name":"token exchange (p2p)","type":"ApplicationService","layer":"application"},{"id":"_zHllILyIEDqIY4S2Lu-Asg","name":"surge remit","type":"ApplicationService","layer":"application"},{"id":"_retSwLyJEDqIY4S2Lu-Asg","name":"Merchant's QR code","type":"ApplicationComponent","layer":"application"},{"id":"_CxSBYLyKEDqIY4S2Lu-Asg","name":"Bills Payment","type":"ApplicationFunction","layer":"application"},{"id":"_LwoiALyKEDqIY4S2Lu-Asg","name":"Billers","type":"ApplicationCollaboration","layer":"application"},{"id":"_YmqZQLyKEDqIY4S2Lu-Asg","name":"Transaction History (active/inactive/pending)","type":"ApplicationFunction","layer":"application"},{"id":"_nq_UELyKEDqIY4S2Lu-Asg","name":"e-loading","type":"ApplicationFunction","layer":"application"},{"id":"_vvumkLyKEDqIY4S2Lu-Asg","name":"load providers","type":"ApplicationCollaboration","layer":"application"},{"id":"_1G6GoLyKEDqIY4S2Lu-Asg","name":"token exchange","type":"ApplicationFunction","layer":"application"},{"id":"_vzLtwLyLEDqIY4S2Lu-Asg","name":"cash out requests ","type":"ApplicationService","layer":"application"},{"id":"_MKivcLyNEDqIY4S2Lu-Asg","name":"via otp","type":"ApplicationProcess","layer":"application"},{"id":"_OwCyELyNEDqIY4S2Lu-Asg","name":"via qr code","type":"ApplicationProcess","layer":"application"},{"id":"_YPKX4LyNEDqIY4S2Lu-Asg","name":"featured merchant","type":"ApplicationCollaboration","layer":"application"}],"relationships":[{"id":"_IbqRoLyHEDqIY4S2Lu-Asg","sourceId":"_6FKGILyGEDqIY4S2Lu-Asg","targetId":"_FeD4ELyHEDqIY4S2Lu-Asg","type":"Triggering"},{"id":"_I59XMLyHEDqIY4S2Lu-Asg","sourceId":"_2Y86ILyGEDqIY4S2Lu-Asg","targetId":"_FeD4ELyHEDqIY4S2Lu-Asg","type":"Triggering"},{"id":"_JXBtsLyHEDqIY4S2Lu-Asg","sourceId":"_6psWkLyGEDqIY4S2Lu-Asg","targetId":"_FeD4ELyHEDqIY4S2Lu-Asg","type":"Triggering"},{"id":"_U-dD0LyHEDqIY4S2Lu-Asg","sourceId":"_FeD4ELyHEDqIY4S2Lu-Asg","targetId":"_N_aOELyHEDqIY4S2Lu-Asg","type":"Association"},{"id":"_VmbCwLyHEDqIY4S2Lu-Asg","sourceId":"_FeD4ELyHEDqIY4S2Lu-Asg","targetId":"_R0jToLyHEDqIY4S2Lu-Asg","type":"Association"},{"id":"_WJ3HALyHEDqIY4S2Lu-Asg","sourceId":"_FeD4ELyHEDqIY4S2Lu-Asg","targetId":"_MYEc0LyHEDqIY4S2Lu-Asg","type":"Association"},{"id":"_ZXdEYLyHEDqIY4S2Lu-Asg","sourceId":"_N_aOELyHEDqIY4S2Lu-Asg","targetId":"_tt2LMLyGEDqIY4S2Lu-Asg","type":"Flow"},{"id":"_Zw6tQLyHEDqIY4S2Lu-Asg","sourceId":"_R0jToLyHEDqIY4S2Lu-Asg","targetId":"_tt2LMLyGEDqIY4S2Lu-Asg","type":"Flow"},{"id":"_aTmjkLyHEDqIY4S2Lu-Asg","sourceId":"_MYEc0LyHEDqIY4S2Lu-Asg","targetId":"_tt2LMLyGEDqIY4S2Lu-Asg","type":"Flow"},{"id":"_m9SLcLyIEDqIY4S2Lu-Asg","sourceId":"_tt2LMLyGEDqIY4S2Lu-Asg","targetId":"_hLSXoLyIEDqIY4S2Lu-Asg","type":"Triggering"},{"id":"_RwQXkLyJEDqIY4S2Lu-Asg","sourceId":"_qMkK4LyIEDqIY4S2Lu-Asg","targetId":"_n-niELyHEDqIY4S2Lu-Asg","type":"Serving"},{"id":"_SqkDsLyJEDqIY4S2Lu-Asg","sourceId":"_qMkK4LyIEDqIY4S2Lu-Asg","targetId":"_lrpZ4LyHEDqIY4S2Lu-Asg","type":"Serving"},{"id":"_TLu3ELyJEDqIY4S2Lu-Asg","sourceId":"_qMkK4LyIEDqIY4S2Lu-Asg","targetId":"_pgb6ILyHEDqIY4S2Lu-Asg","type":"Serving"},{"id":"_gsnCILyJEDqIY4S2Lu-Asg","sourceId":"_hLSXoLyIEDqIY4S2Lu-Asg","targetId":"_qMkK4LyIEDqIY4S2Lu-Asg","type":"Flow"},{"id":"_iToDQLyJEDqIY4S2Lu-Asg","sourceId":"_hLSXoLyIEDqIY4S2Lu-Asg","targetId":"_vrstELyIEDqIY4S2Lu-Asg","type":"Flow"},{"id":"_inmIILyJEDqIY4S2Lu-Asg","sourceId":"_hLSXoLyIEDqIY4S2Lu-Asg","targetId":"_zHllILyIEDqIY4S2Lu-Asg","type":"Flow"},{"id":"_65Q8QLyJEDqIY4S2Lu-Asg","sourceId":"_tt2LMLyGEDqIY4S2Lu-Asg","targetId":"_retSwLyJEDqIY4S2Lu-Asg","type":"Association"},{"id":"_ILBGMLyKEDqIY4S2Lu-Asg","sourceId":"_tt2LMLyGEDqIY4S2Lu-Asg","targetId":"_CxSBYLyKEDqIY4S2Lu-Asg","type":"Triggering"},{"id":"_Ogh2wLyKEDqIY4S2Lu-Asg","sourceId":"_CxSBYLyKEDqIY4S2Lu-Asg","targetId":"_LwoiALyKEDqIY4S2Lu-Asg","type":"Serving"},{"id":"_dmd7ILyKEDqIY4S2Lu-Asg","sourceId":"_tt2LMLyGEDqIY4S2Lu-Asg","targetId":"_YmqZQLyKEDqIY4S2Lu-Asg","type":"Realization"},{"id":"_todYELyKEDqIY4S2Lu-Asg","sourceId":"_tt2LMLyGEDqIY4S2Lu-Asg","targetId":"_nq_UELyKEDqIY4S2Lu-Asg","type":"Triggering"},{"id":"_yFwCwLyKEDqIY4S2Lu-Asg","sourceId":"_nq_UELyKEDqIY4S2Lu-Asg","targetId":"_vvumkLyKEDqIY4S2Lu-Asg","type":"Serving"},{"id":"_GhLlILyLEDqIY4S2Lu-Asg","sourceId":"_tt2LMLyGEDqIY4S2Lu-Asg","targetId":"_1G6GoLyKEDqIY4S2Lu-Asg","type":"Triggering"},{"id":"_x9_YcLyLEDqIY4S2Lu-Asg","sourceId":"_YmqZQLyKEDqIY4S2Lu-Asg","targetId":"_vzLtwLyLEDqIY4S2Lu-Asg","type":"Triggering"},{"id":"_SNrWkLyNEDqIY4S2Lu-Asg","sourceId":"_vzLtwLyLEDqIY4S2Lu-Asg","targetId":"_MKivcLyNEDqIY4S2Lu-Asg","type":"Serving"},{"id":"_S3d6cLyNEDqIY4S2Lu-Asg","sourceId":"_vzLtwLyLEDqIY4S2Lu-Asg","targetId":"_OwCyELyNEDqIY4S2Lu-Asg","type":"Serving"},{"id":"_awRpwLyNEDqIY4S2Lu-Asg","sourceId":"_CxSBYLyKEDqIY4S2Lu-Asg","targetId":"_YPKX4LyNEDqIY4S2Lu-Asg","type":"Serving"}],"views":[{"id":"_lL5PA9pYEeyR_KDGOPNL5w","name":"archimate-diagram","viewpoint":""}]}