<?xml version="1.0" encoding="UTF-8"?>
<model xmlns="http://www.opengroup.org/xsd/archimate/3.0/" xmlns:xsi="http://www.w3.org/2001/XMLSchema-instance" xsi:schemaLocation="http://www.opengroup.org/xsd/archimate/3.0/ http://www.opengroup.org/xsd/archimate/3.1/archimate3_Diagram.xsd" identifier="aa3ad428">
  <name xml:lang="en">6b Two Step View</name>
  <elements>
    <element identifier="id-730637ee-11fe-4ee9-8de4-e0890767594d" xsi:type="ApplicationEvent">
      <name xml:lang="en">UI event</name>
    </element>
    <element identifier="ad308758-d483-4470-818c-b1a7a366f802" xsi:type="ApplicationEvent">
      <name xml:lang="en">UI event</name>
    </element>
    <element identifier="b48d7f01-e543-4f9f-b0d4-ec9df5d77494" xsi:type="ApplicationEvent">
      <name xml:lang="en">UI event</name>
    </element>
    <element identifier="id-0b83d961-e4e4-40c3-b647-e3ae39c19602" xsi:type="DataObject">
      <name xml:lang="en">UI view representation</name>
    </element>
    <element identifier="id-5a1b2c41-6a91-400e-94bf-f1502afc9084" xsi:type="DataObject">
      <name xml:lang="en">HTML</name>
    </element>
    <element identifier="c44fc1fb-6c97-4edf-aac3-e706268e80cd" xsi:type="DataObject">
      <name xml:lang="en">screen view</name>
    </element>
    <element identifier="de56e412-4531-490c-b1a7-f6b3e36c8341" xsi:type="DataObject">
      <name xml:lang="en">entity 1</name>
    </element>
    <element identifier="id-61a2b18b-b1f1-4987-975e-16a680839795" xsi:type="DataObject">
      <name xml:lang="en">entity 2</name>
    </element>
    <element identifier="a2a8b12a-3a43-4b9b-a7fc-2a2c64c5c6eb" xsi:type="DataObject">
      <name xml:lang="en">entity 3</name>
    </element>
    <element identifier="f0490712-98be-4c0c-a837-f33856a47dd7" xsi:type="DataObject">
      <name xml:lang="en">entity 4</name>
    </element>
    <element identifier="id-876bf4b7-33ca-4531-bbed-22928e5a9659" xsi:type="DataObject">
      <name xml:lang="en">entity 5</name>
    </element>
    <element identifier="id-7dd1fab6-144f-4344-b3ee-af670f2e1f2e" xsi:type="DataObject">
      <name xml:lang="en">entity 6</name>
    </element>
    <element identifier="dff093b6" xsi:type="ApplicationEvent">
      <name xml:lang="en">UI event 1</name>
    </element>
    <element identifier="df37fbc0" xsi:type="DataObject">
      <name xml:lang="en">HTML</name>
    </element>
    <element identifier="id-7fed2b30" xsi:type="ApplicationComponent">
      <name xml:lang="en">transform view 1</name>
    </element>
    <element identifier="id-30bb64ab" xsi:type="ApplicationFunction">
      <name xml:lang="en">transform to XML (XSLT file, object)</name>
    </element>
    <element identifier="c721281c" xsi:type="ApplicationProcess">
      <name xml:lang="en">convert object to xml</name>
    </element>
    <element identifier="c30fc753" xsi:type="ApplicationProcess">
      <name xml:lang="en">XSLT transform</name>
    </element>
    <element identifier="id-38269dc3" xsi:type="ApplicationProcess">
      <name xml:lang="en">show HTML</name>
    </element>
    <element identifier="adefa150" xsi:type="ApplicationComponent">
      <name xml:lang="en">controller</name>
    </element>
    <element identifier="id-0e21b59a" xsi:type="ApplicationFunction">
      <name xml:lang="en">handle 1(request)</name>
    </element>
    <element identifier="id-04e86115" xsi:type="ApplicationProcess">
      <name xml:lang="en">get name from request.param</name>
    </element>
    <element identifier="e647a686" xsi:type="ApplicationProcess">
      <name xml:lang="en">find object  by name</name>
    </element>
    <element identifier="id-2597a620" xsi:type="ApplicationProcess">
      <name xml:lang="en">call transform view</name>
    </element>
    <element identifier="eb1e4634" xsi:type="ApplicationComponent">
      <name xml:lang="en">class type1</name>
    </element>
    <element identifier="id-86b1fae6" xsi:type="ApplicationFunction">
      <name xml:lang="en">findByName(name)</name>
    </element>
    <element identifier="id-32c9760b" xsi:type="ApplicationProcess">
      <name xml:lang="en">return object of type 1</name>
    </element>
    <element identifier="id-4edd35d9" xsi:type="DataObject">
      <name xml:lang="en">entity 1</name>
    </element>
    <element identifier="id-6d1c5d04" xsi:type="DataObject">
      <name xml:lang="en">entity 2</name>
    </element>
    <element identifier="id-0cd5961e" xsi:type="DataObject">
      <name xml:lang="en">entity 3</name>
    </element>
    <element identifier="id-9ecdc4d1" xsi:type="DataObject">
      <name xml:lang="en">entity 4</name>
    </element>
    <element identifier="id-160afa73" xsi:type="DataObject">
      <name xml:lang="en">entity 5</name>
    </element>
    <element identifier="e6aeb08b" xsi:type="DataObject">
      <name xml:lang="en">entity 6</name>
    </element>
    <element identifier="id-01a6b416" xsi:type="ApplicationFunction">
      <name xml:lang="en">handle 2(request)</name>
    </element>
    <element identifier="e8779483" xsi:type="ApplicationEvent">
      <name xml:lang="en">UI event 2</name>
    </element>
    <element identifier="id-3ead2558" xsi:type="ApplicationComponent">
      <name xml:lang="en">transform view 2</name>
    </element>
    <element identifier="id-7ec8017b" xsi:type="ApplicationFunction">
      <name xml:lang="en">transform to XML (XSLT file, object)</name>
    </element>
    <element identifier="c8ef9695" xsi:type="ApplicationComponent">
      <name xml:lang="en">transform two step view</name>
    </element>
    <element identifier="id-10393a75" xsi:type="ApplicationFunction">
      <name xml:lang="en">transform to HTML (XSLT file, XML)</name>
    </element>
    <element identifier="id-2c1cb96e" xsi:type="ApplicationComponent">
      <name xml:lang="en">class type2</name>
    </element>
    <element identifier="f65fd084-9517-4660-bbd4-50f497d6aa1a" xsi:type="Grouping">
      <name xml:lang="en">Views</name>
    </element>
    <element identifier="id-1f04d0fd-9548-405b-abd7-7d20da8ff766" xsi:type="Grouping">
      <name xml:lang="en">Controllers</name>
    </element>
    <element identifier="id-23d49c3b-c34c-46ca-ac53-eff71f9d36a0" xsi:type="Grouping">
      <name xml:lang="en">Model</name>
    </element>
    <element identifier="id-51267344-3666-4423-a8d3-d026c2c2fc71" xsi:type="Grouping">
      <name xml:lang="en">some mapping classes</name>
    </element>
    <element identifier="id-9a4051cb-1a35-417a-9df5-9e35e5032b9d" xsi:type="Grouping">
      <name xml:lang="en">database</name>
    </element>
    <element identifier="id-6d2d9f3c" xsi:type="Grouping">
      <name xml:lang="en">Model</name>
    </element>
    <element identifier="a7f027c8" xsi:type="Grouping">
      <name xml:lang="en">some mapping classes</name>
    </element>
    <element identifier="id-9a3e6236" xsi:type="Grouping">
      <name xml:lang="en">database</name>
    </element>
  </elements>
  <relationships>
    <relationship identifier="d038decc-8601-4d03-bb25-38a1f93bb2fe" source="de56e412-4531-490c-b1a7-f6b3e36c8341" target="id-61a2b18b-b1f1-4987-975e-16a680839795" xsi:type="Association" />
    <relationship identifier="b15a2533-7c54-4b79-ab77-56a5d27be7be" source="id-7dd1fab6-144f-4344-b3ee-af670f2e1f2e" target="id-876bf4b7-33ca-4531-bbed-22928e5a9659" xsi:type="Association" />
    <relationship identifier="id-9f102b75-bc6d-4b27-96f2-7b8233a11533" source="id-1f04d0fd-9548-405b-abd7-7d20da8ff766" target="f65fd084-9517-4660-bbd4-50f497d6aa1a" xsi:type="Access" accessType="Write">
      <name xml:lang="en">command for update view</name>
    </relationship>
    <relationship identifier="id-97399ffd-fa59-421e-8328-112ff76b0c9a" source="f0490712-98be-4c0c-a837-f33856a47dd7" target="a2a8b12a-3a43-4b9b-a7fc-2a2c64c5c6eb" xsi:type="Association" />
    <relationship identifier="b59cd116-42c7-407d-a3c6-b9e8a9ecef31" source="b48d7f01-e543-4f9f-b0d4-ec9df5d77494" target="id-1f04d0fd-9548-405b-abd7-7d20da8ff766" xsi:type="Triggering" />
    <relationship identifier="a2156e39-911d-4b3e-839c-6314dd870c10" source="de56e412-4531-490c-b1a7-f6b3e36c8341" target="f0490712-98be-4c0c-a837-f33856a47dd7" xsi:type="Association" />
    <relationship identifier="id-88fa535d-227f-4f1c-ae4a-46acc0230600" source="id-9a4051cb-1a35-417a-9df5-9e35e5032b9d" target="de56e412-4531-490c-b1a7-f6b3e36c8341" xsi:type="Composition" />
    <relationship identifier="id-821fa6bc-c72a-415f-b918-b16d3ef468b7" source="id-9a4051cb-1a35-417a-9df5-9e35e5032b9d" target="f0490712-98be-4c0c-a837-f33856a47dd7" xsi:type="Composition" />
    <relationship identifier="e294b819-e5cf-45da-8459-54ade9a595b2" source="id-9a4051cb-1a35-417a-9df5-9e35e5032b9d" target="id-61a2b18b-b1f1-4987-975e-16a680839795" xsi:type="Composition" />
    <relationship identifier="id-77dbf64b-1f29-467c-a7d0-31704442665a" source="id-876bf4b7-33ca-4531-bbed-22928e5a9659" target="f0490712-98be-4c0c-a837-f33856a47dd7" xsi:type="Association" />
    <relationship identifier="b311151e-322a-4fe2-be69-bb7bf712864e" source="ad308758-d483-4470-818c-b1a7a366f802" target="id-1f04d0fd-9548-405b-abd7-7d20da8ff766" xsi:type="Triggering" />
    <relationship identifier="id-117ddcdf-fe24-4f3f-ae81-5fe2c7022b19" source="de56e412-4531-490c-b1a7-f6b3e36c8341" target="id-7dd1fab6-144f-4344-b3ee-af670f2e1f2e" xsi:type="Association" />
    <relationship identifier="id-204f627b-c808-4933-86cd-9b1d06e8181f" source="id-1f04d0fd-9548-405b-abd7-7d20da8ff766" target="id-23d49c3b-c34c-46ca-ac53-eff71f9d36a0" xsi:type="Access" accessType="Write" />
    <relationship identifier="b41b7596-c060-4a6e-9889-4eee26d763ec" source="id-9a4051cb-1a35-417a-9df5-9e35e5032b9d" target="id-876bf4b7-33ca-4531-bbed-22928e5a9659" xsi:type="Composition" />
    <relationship identifier="id-37a04364-047d-469a-bdb6-2eea576ad8f8" source="f65fd084-9517-4660-bbd4-50f497d6aa1a" target="id-0b83d961-e4e4-40c3-b647-e3ae39c19602" xsi:type="Triggering" />
    <relationship identifier="bbd2ca06-ad59-4a73-a784-734043a743e4" source="f65fd084-9517-4660-bbd4-50f497d6aa1a" target="id-1f04d0fd-9548-405b-abd7-7d20da8ff766" xsi:type="Access" accessType="Write" />
    <relationship identifier="f5518495-d6eb-4bf0-b702-c5c1ec5a6e3a" source="f65fd084-9517-4660-bbd4-50f497d6aa1a" target="id-23d49c3b-c34c-46ca-ac53-eff71f9d36a0" xsi:type="Access" accessType="Write" />
    <relationship identifier="id-0e545e94-55da-4bf9-ade1-f86380f87226" source="id-9a4051cb-1a35-417a-9df5-9e35e5032b9d" target="id-7dd1fab6-144f-4344-b3ee-af670f2e1f2e" xsi:type="Composition" />
    <relationship identifier="id-25c9fe6a-3cb6-4d42-9f4d-164a5eb3476d" source="id-23d49c3b-c34c-46ca-ac53-eff71f9d36a0" target="id-51267344-3666-4423-a8d3-d026c2c2fc71" xsi:type="Access" accessType="Write" />
    <relationship identifier="b4429926-5cb0-4871-ab8a-bca76551403c" source="id-61a2b18b-b1f1-4987-975e-16a680839795" target="a2a8b12a-3a43-4b9b-a7fc-2a2c64c5c6eb" xsi:type="Association" />
    <relationship identifier="id-880f41b1-ba81-4906-ae8f-9b6f2dafed41" source="id-7dd1fab6-144f-4344-b3ee-af670f2e1f2e" target="a2a8b12a-3a43-4b9b-a7fc-2a2c64c5c6eb" xsi:type="Association" />
    <relationship identifier="eadab213-b778-46db-a99a-46279cbbbbc6" source="f65fd084-9517-4660-bbd4-50f497d6aa1a" target="c44fc1fb-6c97-4edf-aac3-e706268e80cd" xsi:type="Triggering" />
    <relationship identifier="bbdcdd54-ddb3-4fcf-bf62-2c3ceef3535f" source="id-730637ee-11fe-4ee9-8de4-e0890767594d" target="id-1f04d0fd-9548-405b-abd7-7d20da8ff766" xsi:type="Triggering" />
    <relationship identifier="c56cad52-9510-4af4-a891-db42c64d30e7" source="id-51267344-3666-4423-a8d3-d026c2c2fc71" target="id-9a4051cb-1a35-417a-9df5-9e35e5032b9d" xsi:type="Access" accessType="Write" />
    <relationship identifier="ab883279-3e67-4b12-807c-0fe325e0f43a" source="id-9a4051cb-1a35-417a-9df5-9e35e5032b9d" target="a2a8b12a-3a43-4b9b-a7fc-2a2c64c5c6eb" xsi:type="Composition" />
    <relationship identifier="id-5e2c7b12-6309-49ca-b9e1-39e526f0d611" source="f65fd084-9517-4660-bbd4-50f497d6aa1a" target="id-5a1b2c41-6a91-400e-94bf-f1502afc9084" xsi:type="Triggering" />
    <relationship identifier="id-7f8a004f" source="id-9ecdc4d1" target="id-0cd5961e" xsi:type="Association" />
    <relationship identifier="id-7da08a48" source="id-160afa73" target="id-9ecdc4d1" xsi:type="Association" />
    <relationship identifier="id-375f3f87" source="id-6d2d9f3c" target="eb1e4634" xsi:type="Composition" />
    <relationship identifier="d57d2350" source="eb1e4634" target="id-86b1fae6" xsi:type="Assignment" />
    <relationship identifier="id-9741edc5" source="id-10393a75" target="df37fbc0" xsi:type="Access" accessType="Write" />
    <relationship identifier="id-72b46ec4" source="id-0e21b59a" target="eb1e4634" xsi:type="Flow" />
    <relationship identifier="a420b396" source="id-4edd35d9" target="e6aeb08b" xsi:type="Association" />
    <relationship identifier="id-808ebeaf" source="id-30bb64ab" target="c30fc753" xsi:type="Composition" />
    <relationship identifier="id-16397258" source="dff093b6" target="id-0e21b59a" xsi:type="Triggering" />
    <relationship identifier="id-0d2e4d13" source="id-4edd35d9" target="id-6d1c5d04" xsi:type="Association" />
    <relationship identifier="id-9f9447ae" source="id-0e21b59a" target="e647a686" xsi:type="Composition" />
    <relationship identifier="id-0acdda4e" source="a7f027c8" target="id-9a3e6236" xsi:type="Access" accessType="Write" />
    <relationship identifier="aedb4b24" source="id-6d2d9f3c" target="a7f027c8" xsi:type="Access" accessType="Write" />
    <relationship identifier="id-981a30e0" source="e6aeb08b" target="id-160afa73" xsi:type="Association" />
    <relationship identifier="id-2ab9ce4b" source="id-9a3e6236" target="e6aeb08b" xsi:type="Composition" />
    <relationship identifier="id-5d21fe0f" source="id-30bb64ab" target="id-38269dc3" xsi:type="Composition" />
    <relationship identifier="f35dfbe7" source="adefa150" target="id-0e21b59a" xsi:type="Assignment" />
    <relationship identifier="e77eb987" source="id-9a3e6236" target="id-160afa73" xsi:type="Composition" />
    <relationship identifier="id-94d9de1f" source="id-9a3e6236" target="id-0cd5961e" xsi:type="Composition" />
    <relationship identifier="ab6dad9e" source="c30fc753" target="id-38269dc3" xsi:type="Flow" />
    <relationship identifier="b9c5ed53" source="e6aeb08b" target="id-0cd5961e" xsi:type="Association" />
    <relationship identifier="e0fc5177" source="id-0e21b59a" target="id-30bb64ab" xsi:type="Flow">
      <name xml:lang="en">call its own transformation with ref to obj</name>
    </relationship>
    <relationship identifier="f27e0a5b" source="id-7fed2b30" target="id-30bb64ab" xsi:type="Assignment" />
    <relationship identifier="id-13e80eae" source="id-86b1fae6" target="id-32c9760b" xsi:type="Composition" />
    <relationship identifier="id-05134a08" source="id-9a3e6236" target="id-9ecdc4d1" xsi:type="Composition" />
    <relationship identifier="a1c7e09a" source="id-0e21b59a" target="id-04e86115" xsi:type="Composition" />
    <relationship identifier="id-6e7c215c" source="id-04e86115" target="e647a686" xsi:type="Flow" />
    <relationship identifier="d90675d4" source="e647a686" target="id-2597a620" xsi:type="Flow" />
    <relationship identifier="ae355361" source="c721281c" target="c30fc753" xsi:type="Flow" />
    <relationship identifier="id-33de9230" source="id-30bb64ab" target="c721281c" xsi:type="Composition" />
    <relationship identifier="id-242d99ff" source="id-4edd35d9" target="id-9ecdc4d1" xsi:type="Association" />
    <relationship identifier="b9bcb880" source="id-0e21b59a" target="id-2597a620" xsi:type="Composition" />
    <relationship identifier="id-5695a4a3" source="id-9a3e6236" target="id-6d1c5d04" xsi:type="Composition" />
    <relationship identifier="id-5acce3aa" source="id-9a3e6236" target="id-4edd35d9" xsi:type="Composition" />
    <relationship identifier="id-571a1542" source="id-6d1c5d04" target="id-0cd5961e" xsi:type="Association" />
    <relationship identifier="f3344ec8" source="adefa150" target="id-01a6b416" xsi:type="Assignment" />
    <relationship identifier="id-5dc89e13" source="e8779483" target="id-01a6b416" xsi:type="Triggering" />
    <relationship identifier="id-3f4a72e1" source="id-01a6b416" target="id-2c1cb96e" xsi:type="Flow" />
    <relationship identifier="id-7458c54b" source="id-3ead2558" target="id-7ec8017b" xsi:type="Assignment" />
    <relationship identifier="id-658c3e7b" source="c8ef9695" target="id-10393a75" xsi:type="Assignment" />
    <relationship identifier="id-85ee6472" source="id-01a6b416" target="id-7ec8017b" xsi:type="Flow" />
    <relationship identifier="id-79de6ab5" source="id-30bb64ab" target="id-10393a75" xsi:type="Flow" />
    <relationship identifier="id-6d086c4d" source="id-7ec8017b" target="id-10393a75" xsi:type="Flow" />
    <relationship identifier="id-06e49731" source="id-6d2d9f3c" target="id-2c1cb96e" xsi:type="Composition" />
  </relationships>
  <organizations>
    <item>
      <label xml:lang="en">Application</label>
      <item identifierRef="id-730637ee-11fe-4ee9-8de4-e0890767594d" />
      <item identifierRef="ad308758-d483-4470-818c-b1a7a366f802" />
      <item identifierRef="b48d7f01-e543-4f9f-b0d4-ec9df5d77494" />
      <item identifierRef="id-0b83d961-e4e4-40c3-b647-e3ae39c19602" />
      <item identifierRef="id-5a1b2c41-6a91-400e-94bf-f1502afc9084" />
      <item identifierRef="c44fc1fb-6c97-4edf-aac3-e706268e80cd" />
      <item identifierRef="de56e412-4531-490c-b1a7-f6b3e36c8341" />
      <item identifierRef="id-61a2b18b-b1f1-4987-975e-16a680839795" />
      <item identifierRef="a2a8b12a-3a43-4b9b-a7fc-2a2c64c5c6eb" />
      <item identifierRef="f0490712-98be-4c0c-a837-f33856a47dd7" />
      <item identifierRef="id-876bf4b7-33ca-4531-bbed-22928e5a9659" />
      <item identifierRef="id-7dd1fab6-144f-4344-b3ee-af670f2e1f2e" />
      <item identifierRef="dff093b6" />
      <item identifierRef="df37fbc0" />
      <item identifierRef="id-7fed2b30" />
      <item identifierRef="id-30bb64ab" />
      <item identifierRef="c721281c" />
      <item identifierRef="c30fc753" />
      <item identifierRef="id-38269dc3" />
      <item identifierRef="adefa150" />
      <item identifierRef="id-0e21b59a" />
      <item identifierRef="id-04e86115" />
      <item identifierRef="e647a686" />
      <item identifierRef="id-2597a620" />
      <item identifierRef="eb1e4634" />
      <item identifierRef="id-86b1fae6" />
      <item identifierRef="id-32c9760b" />
      <item identifierRef="id-4edd35d9" />
      <item identifierRef="id-6d1c5d04" />
      <item identifierRef="id-0cd5961e" />
      <item identifierRef="id-9ecdc4d1" />
      <item identifierRef="id-160afa73" />
      <item identifierRef="e6aeb08b" />
      <item identifierRef="id-01a6b416" />
      <item identifierRef="e8779483" />
      <item identifierRef="id-3ead2558" />
      <item identifierRef="id-7ec8017b" />
      <item identifierRef="c8ef9695" />
      <item identifierRef="id-10393a75" />
      <item identifierRef="id-2c1cb96e" />
    </item>
    <item>
      <label xml:lang="en">Other</label>
      <item identifierRef="f65fd084-9517-4660-bbd4-50f497d6aa1a" />
      <item identifierRef="id-1f04d0fd-9548-405b-abd7-7d20da8ff766" />
      <item identifierRef="id-23d49c3b-c34c-46ca-ac53-eff71f9d36a0" />
      <item identifierRef="id-51267344-3666-4423-a8d3-d026c2c2fc71" />
      <item identifierRef="id-9a4051cb-1a35-417a-9df5-9e35e5032b9d" />
      <item identifierRef="id-6d2d9f3c" />
      <item identifierRef="a7f027c8" />
      <item identifierRef="id-9a3e6236" />
    </item>
    <item>
      <label xml:lang="en">Relations</label>
      <item identifierRef="d038decc-8601-4d03-bb25-38a1f93bb2fe" />
      <item identifierRef="b15a2533-7c54-4b79-ab77-56a5d27be7be" />
      <item identifierRef="id-9f102b75-bc6d-4b27-96f2-7b8233a11533" />
      <item identifierRef="id-97399ffd-fa59-421e-8328-112ff76b0c9a" />
      <item identifierRef="b59cd116-42c7-407d-a3c6-b9e8a9ecef31" />
      <item identifierRef="a2156e39-911d-4b3e-839c-6314dd870c10" />
      <item identifierRef="id-88fa535d-227f-4f1c-ae4a-46acc0230600" />
      <item identifierRef="id-821fa6bc-c72a-415f-b918-b16d3ef468b7" />
      <item identifierRef="e294b819-e5cf-45da-8459-54ade9a595b2" />
      <item identifierRef="id-77dbf64b-1f29-467c-a7d0-31704442665a" />
      <item identifierRef="b311151e-322a-4fe2-be69-bb7bf712864e" />
      <item identifierRef="id-117ddcdf-fe24-4f3f-ae81-5fe2c7022b19" />
      <item identifierRef="id-204f627b-c808-4933-86cd-9b1d06e8181f" />
      <item identifierRef="b41b7596-c060-4a6e-9889-4eee26d763ec" />
      <item identifierRef="id-37a04364-047d-469a-bdb6-2eea576ad8f8" />
      <item identifierRef="bbd2ca06-ad59-4a73-a784-734043a743e4" />
      <item identifierRef="f5518495-d6eb-4bf0-b702-c5c1ec5a6e3a" />
      <item identifierRef="id-0e545e94-55da-4bf9-ade1-f86380f87226" />
      <item identifierRef="id-25c9fe6a-3cb6-4d42-9f4d-164a5eb3476d" />
      <item identifierRef="b4429926-5cb0-4871-ab8a-bca76551403c" />
      <item identifierRef="id-880f41b1-ba81-4906-ae8f-9b6f2dafed41" />
      <item identifierRef="eadab213-b778-46db-a99a-46279cbbbbc6" />
      <item identifierRef="bbdcdd54-ddb3-4fcf-bf62-2c3ceef3535f" />
      <item identifierRef="c56cad52-9510-4af4-a891-db42c64d30e7" />
      <item identifierRef="ab883279-3e67-4b12-807c-0fe325e0f43a" />
      <item identifierRef="id-5e2c7b12-6309-49ca-b9e1-39e526f0d611" />
      <item identifierRef="id-7f8a004f" />
      <item identifierRef="id-7da08a48" />
      <item identifierRef="id-375f3f87" />
      <item identifierRef="d57d2350" />
      <item identifierRef="id-9741edc5" />
      <item identifierRef="id-72b46ec4" />
      <item identifierRef="a420b396" />
      <item identifierRef="id-808ebeaf" />
      <item identifierRef="id-16397258" />
      <item identifierRef="id-0d2e4d13" />
      <item identifierRef="id-9f9447ae" />
      <item identifierRef="id-0acdda4e" />
      <item identifierRef="aedb4b24" />
      <item identifierRef="id-981a30e0" />
      <item identifierRef="id-2ab9ce4b" />
      <item identifierRef="id-5d21fe0f" />
      <item identifierRef="f35dfbe7" />
      <item identifierRef="e77eb987" />
      <item identifierRef="id-94d9de1f" />
      <item identifierRef="ab6dad9e" />
      <item identifierRef="b9c5ed53" />
      <item identifierRef="e0fc5177" />
      <item identifierRef="f27e0a5b" />
      <item identifierRef="id-13e80eae" />
      <item identifierRef="id-05134a08" />
      <item identifierRef="a1c7e09a" />
      <item identifierRef="id-6e7c215c" />
      <item identifierRef="d90675d4" />
      <item identifierRef="ae355361" />
      <item identifierRef="id-33de9230" />
      <item identifierRef="id-242d99ff" />
      <item identifierRef="b9bcb880" />
      <item identifierRef="id-5695a4a3" />
      <item identifierRef="id-5acce3aa" />
      <item identifierRef="id-571a1542" />
      <item identifierRef="f3344ec8" />
      <item identifierRef="id-5dc89e13" />
      <item identifierRef="id-3f4a72e1" />
      <item identifierRef="id-7458c54b" />
      <item identifierRef="id-658c3e7b" />
      <item identifierRef="id-85ee6472" />
      <item identifierRef="id-79de6ab5" />
      <item identifierRef="id-6d086c4d" />
      <item identifierRef="id-06e49731" />
    </item>
    <item>
      <label xml:lang="en">Views</label>
      <item identifierRef="id-808e9a0f" />
    </item>
  </organizations>
  <views>
    <diagrams>
      <view identifier="id-808e9a0f" xsi:type="Diagram">
        <name xml:lang="en">Two Step View</name>
        <node identifier="id-53533647" x="445" y="146" w="1966" h="917" xsi:type="Container">
          <label xml:lang="en">presentation</label>
          <style>
            <fillColor r="199" g="225" b="226" a="100" />
            <lineColor r="255" g="0" b="0" a="100" />
            <font name="Lucida Grande" size="12">
              <color r="255" g="0" b="0" />
            </font>
          </style>
          <node identifier="id-84e95356" elementRef="dff093b6" xsi:type="Element" x="1720" y="216" w="120" h="55">
            <style>
              <fillColor r="181" g="255" b="255" a="100" />
              <lineColor r="92" g="92" b="92" a="100" />
              <font name="Lucida Grande" size="12">
                <color r="0" g="0" b="0" />
              </font>
            </style>
          </node>
          <node identifier="id-4c1258e8" elementRef="df37fbc0" xsi:type="Element" x="910" y="216" w="120" h="55">
            <style>
              <fillColor r="181" g="255" b="255" a="100" />
              <lineColor r="92" g="92" b="92" a="100" />
              <font name="Lucida Grande" size="12">
                <color r="0" g="0" b="0" />
              </font>
            </style>
          </node>
          <node identifier="a5f6c688" x="680" y="346" w="630" h="600" xsi:type="Container">
            <label xml:lang="en">transform view</label>
            <documentation xml:lang="en">gang of four classic design pattern</documentation>
            <style>
              <fillColor r="210" g="215" b="215" a="100" />
              <lineColor r="92" g="92" b="92" a="100" />
              <font name="Lucida Grande" size="12">
                <color r="0" g="0" b="0" />
              </font>
            </style>
            <node identifier="c1744421" elementRef="id-7fed2b30" xsi:type="Element" x="736" y="561" w="520" h="166">
              <style>
                <fillColor r="181" g="255" b="255" a="100" />
                <lineColor r="92" g="92" b="92" a="100" />
                <font name="Lucida Grande" size="12">
                  <color r="0" g="0" b="0" />
                </font>
              </style>
              <node identifier="id-71334ff4" elementRef="id-30bb64ab" xsi:type="Element" x="916" y="621" w="120" h="55">
                <style>
                  <fillColor r="181" g="255" b="255" a="100" />
                  <lineColor r="92" g="92" b="92" a="100" />
                  <font name="Lucida Grande" size="12">
                    <color r="0" g="0" b="0" />
                  </font>
                </style>
              </node>
              <node identifier="fb095def" xsi:type="Label" x="1071" y="596" w="185" h="80">
                <label xml:lang="en">The first transformation converts the domain objects in XML logical view of the page without formatting</label>
                <style>
                  <fillColor r="255" g="255" b="255" a="100" />
                  <lineColor r="92" g="92" b="92" a="100" />
                  <font name="Lucida Grande" size="12">
                    <color r="255" g="0" b="0" />
                  </font>
                </style>
              </node>
            </node>
            <node identifier="id-29cb28e5" elementRef="id-3ead2558" xsi:type="Element" x="736" y="751" w="520" h="166">
              <style>
                <fillColor r="181" g="255" b="255" a="100" />
                <lineColor r="92" g="92" b="92" a="100" />
                <font name="Lucida Grande" size="12">
                  <color r="0" g="0" b="0" />
                </font>
              </style>
              <node identifier="id-03798fd0" elementRef="id-7ec8017b" xsi:type="Element" x="921" y="826" w="120" h="55">
                <style>
                  <fillColor r="181" g="255" b="255" a="100" />
                  <lineColor r="92" g="92" b="92" a="100" />
                  <font name="Lucida Grande" size="12">
                    <color r="0" g="0" b="0" />
                  </font>
                </style>
              </node>
            </node>
            <node identifier="id-1cfe4698" elementRef="c8ef9695" xsi:type="Element" x="736" y="376" w="520" h="166">
              <style>
                <fillColor r="181" g="255" b="255" a="100" />
                <lineColor r="92" g="92" b="92" a="100" />
                <font name="Lucida Grande" size="12">
                  <color r="255" g="0" b="0" />
                </font>
              </style>
              <node identifier="id-85c7651e" elementRef="id-10393a75" xsi:type="Element" x="916" y="431" w="120" h="55">
                <style>
                  <fillColor r="181" g="255" b="255" a="100" />
                  <lineColor r="92" g="92" b="92" a="100" />
                  <font name="Lucida Grande" size="12">
                    <color r="255" g="0" b="0" />
                  </font>
                </style>
              </node>
              <node identifier="id-0c303a22" xsi:type="Label" x="1066" y="414" w="177" h="90">
                <label xml:lang="en">graphic design in general all forms of changes only at one place</label>
                <style>
                  <fillColor r="255" g="255" b="255" a="100" />
                  <lineColor r="92" g="92" b="92" a="100" />
                  <font name="Lucida Grande" size="12">
                    <color r="255" g="0" b="0" />
                  </font>
                </style>
              </node>
            </node>
          </node>
          <node identifier="id-9614bd97" x="1565" y="346" w="630" h="600" xsi:type="Container">
            <label xml:lang="en">controller (for example front or page controller)</label>
            <documentation xml:lang="en">gang of four classic design pattern</documentation>
            <style>
              <fillColor r="210" g="215" b="215" a="100" />
              <lineColor r="92" g="92" b="92" a="100" />
              <font name="Lucida Grande" size="12">
                <color r="0" g="0" b="0" />
              </font>
            </style>
            <node identifier="f639f48e" elementRef="adefa150" xsi:type="Element" x="1625" y="681" w="520" h="166">
              <style>
                <fillColor r="181" g="255" b="255" a="100" />
                <lineColor r="92" g="92" b="92" a="100" />
                <font name="Lucida Grande" size="12">
                  <color r="0" g="0" b="0" />
                </font>
              </style>
              <node identifier="id-0d28175d" elementRef="id-0e21b59a" xsi:type="Element" x="1720" y="736" w="120" h="55">
                <style>
                  <fillColor r="181" g="255" b="255" a="100" />
                  <lineColor r="92" g="92" b="92" a="100" />
                  <font name="Lucida Grande" size="12">
                    <color r="0" g="0" b="0" />
                  </font>
                </style>
              </node>
              <node identifier="ef0c8e0b" elementRef="id-01a6b416" xsi:type="Element" x="1930" y="736" w="120" h="55">
                <style>
                  <fillColor r="181" g="255" b="255" a="100" />
                  <lineColor r="92" g="92" b="92" a="100" />
                  <font name="Lucida Grande" size="12">
                    <color r="0" g="0" b="0" />
                  </font>
                </style>
              </node>
            </node>
          </node>
          <node identifier="id-7ebbfa50" elementRef="e8779483" xsi:type="Element" x="1905" y="216" w="120" h="55">
            <style>
              <fillColor r="181" g="255" b="255" a="100" />
              <lineColor r="92" g="92" b="92" a="100" />
              <font name="Lucida Grande" size="12">
                <color r="0" g="0" b="0" />
              </font>
            </style>
          </node>
        </node>
        <node identifier="db337bd2" x="445" y="1118" w="1966" h="791" xsi:type="Container">
          <label xml:lang="en">domain</label>
          <style>
            <fillColor r="206" g="219" b="211" a="100" />
            <lineColor r="92" g="92" b="92" a="100" />
            <font name="Lucida Grande" size="12">
              <color r="0" g="0" b="0" />
            </font>
          </style>
          <node identifier="c741843d" elementRef="id-6d2d9f3c" xsi:type="Element" x="1680" y="1358" w="404" h="370">
            <style>
              <fillColor r="255" g="255" b="255" a="100" />
              <lineColor r="92" g="92" b="92" a="100" />
              <font name="Lucida Grande" size="12">
                <color r="0" g="0" b="0" />
              </font>
            </style>
            <node identifier="id-7d6295de" elementRef="eb1e4634" xsi:type="Element" x="1735" y="1518" w="120" h="55">
              <style>
                <fillColor r="181" g="255" b="255" a="100" />
                <lineColor r="92" g="92" b="92" a="100" />
                <font name="Lucida Grande" size="12">
                  <color r="0" g="0" b="0" />
                </font>
              </style>
            </node>
            <node identifier="id-706dabf6" elementRef="id-2c1cb96e" xsi:type="Element" x="1920" y="1518" w="120" h="55">
              <style>
                <fillColor r="181" g="255" b="255" a="100" />
                <lineColor r="92" g="92" b="92" a="100" />
                <font name="Lucida Grande" size="12">
                  <color r="0" g="0" b="0" />
                </font>
              </style>
            </node>
          </node>
        </node>
        <node identifier="id-120f56d2" x="445" y="1968" w="1966" h="791" xsi:type="Container">
          <label xml:lang="en">data source</label>
          <style>
            <fillColor r="216" g="209" b="215" a="100" />
            <lineColor r="0" g="0" b="0" a="100" />
            <font name="Lucida Grande" size="12">
              <color r="0" g="0" b="0" />
            </font>
          </style>
          <node identifier="id-5d18e18d" elementRef="a7f027c8" xsi:type="Element" x="505" y="2018" w="1856" h="340">
            <style>
              <fillColor r="255" g="255" b="255" a="100" />
              <lineColor r="92" g="92" b="92" a="100" />
              <font name="Lucida Grande" size="12">
                <color r="0" g="0" b="0" />
              </font>
            </style>
          </node>
          <node identifier="e9fbebd7" elementRef="id-9a3e6236" xsi:type="Element" x="505" y="2398" w="1856" h="340">
            <style>
              <fillColor r="255" g="255" b="255" a="100" />
              <lineColor r="92" g="92" b="92" a="100" />
              <font name="Lucida Grande" size="12">
                <color r="0" g="0" b="0" />
              </font>
            </style>
            <node identifier="id-5e1488f2" elementRef="id-4edd35d9" xsi:type="Element" x="1051" y="2624" w="120" h="55">
              <style>
                <fillColor r="181" g="255" b="255" a="100" />
                <lineColor r="92" g="92" b="92" a="100" />
                <font name="Lucida Grande" size="12">
                  <color r="0" g="0" b="0" />
                </font>
              </style>
            </node>
            <node identifier="id-4ce61f3b" elementRef="id-6d1c5d04" xsi:type="Element" x="1165" y="2528" w="120" h="55">
              <style>
                <fillColor r="181" g="255" b="255" a="100" />
                <lineColor r="92" g="92" b="92" a="100" />
                <font name="Lucida Grande" size="12">
                  <color r="0" g="0" b="0" />
                </font>
              </style>
            </node>
            <node identifier="id-2d59e3ca" elementRef="id-0cd5961e" xsi:type="Element" x="1341" y="2444" w="120" h="55">
              <style>
                <fillColor r="181" g="255" b="255" a="100" />
                <lineColor r="92" g="92" b="92" a="100" />
                <font name="Lucida Grande" size="12">
                  <color r="0" g="0" b="0" />
                </font>
              </style>
            </node>
            <node identifier="id-26d0b4e5" elementRef="id-9ecdc4d1" xsi:type="Element" x="1510" y="2528" w="120" h="55">
              <style>
                <fillColor r="181" g="255" b="255" a="100" />
                <lineColor r="92" g="92" b="92" a="100" />
                <font name="Lucida Grande" size="12">
                  <color r="0" g="0" b="0" />
                </font>
              </style>
            </node>
            <node identifier="id-6dea2544" elementRef="id-160afa73" xsi:type="Element" x="1475" y="2643" w="120" h="55">
              <style>
                <fillColor r="181" g="255" b="255" a="100" />
                <lineColor r="92" g="92" b="92" a="100" />
                <font name="Lucida Grande" size="12">
                  <color r="0" g="0" b="0" />
                </font>
              </style>
            </node>
            <node identifier="id-74c17aed" elementRef="e6aeb08b" xsi:type="Element" x="1305" y="2638" w="120" h="55">
              <style>
                <fillColor r="181" g="255" b="255" a="100" />
                <lineColor r="92" g="92" b="92" a="100" />
                <font name="Lucida Grande" size="12">
                  <color r="0" g="0" b="0" />
                </font>
              </style>
            </node>
          </node>
        </node>
        <connection identifier="d3ff8a2c" relationshipRef="id-16397258" xsi:type="Relationship" source="id-84e95356" target="id-0d28175d">
          <style>
            <lineColor r="255" g="0" b="0" />
            <font name="Lucida Grande" size="12">
              <color r="0" g="0" b="0" />
            </font>
          </style>
        </connection>
        <connection identifier="id-4f34f5c7" relationshipRef="id-79de6ab5" xsi:type="Relationship" source="id-71334ff4" target="id-85c7651e">
          <style>
            <lineColor r="255" g="0" b="0" />
            <font name="Lucida Grande" size="12">
              <color r="0" g="0" b="0" />
            </font>
          </style>
          <bendpoint x="995" y="549" />
        </connection>
        <connection identifier="id-5b12547a" relationshipRef="id-6d086c4d" xsi:type="Relationship" source="id-03798fd0" target="id-85c7651e">
          <style>
            <lineColor r="0" g="0" b="0" />
            <font name="Lucida Grande" size="12">
              <color r="0" g="0" b="0" />
            </font>
          </style>
          <bendpoint x="958" y="650" />
        </connection>
        <connection identifier="id-91f63554" relationshipRef="id-9741edc5" xsi:type="Relationship" source="id-85c7651e" target="id-4c1258e8">
          <style>
            <lineColor r="255" g="0" b="0" />
            <font name="Lucida Grande" size="12">
              <color r="0" g="0" b="0" />
            </font>
          </style>
        </connection>
        <connection identifier="id-0b2a45ff" relationshipRef="id-72b46ec4" xsi:type="Relationship" source="id-0d28175d" target="id-7d6295de">
          <style>
            <lineColor r="0" g="0" b="0" />
            <font name="Lucida Grande" size="12">
              <color r="0" g="0" b="0" />
            </font>
          </style>
        </connection>
        <connection identifier="d683461d" relationshipRef="e0fc5177" xsi:type="Relationship" source="id-0d28175d" target="id-71334ff4">
          <style>
            <lineColor r="255" g="0" b="0" />
            <font name="Lucida Grande" size="12">
              <color r="0" g="0" b="0" />
            </font>
          </style>
        </connection>
        <connection identifier="id-91be99ab" relationshipRef="id-85ee6472" xsi:type="Relationship" source="ef0c8e0b" target="id-03798fd0">
          <style>
            <lineColor r="0" g="0" b="0" />
            <font name="Lucida Grande" size="12">
              <color r="0" g="0" b="0" />
            </font>
          </style>
        </connection>
        <connection identifier="id-5705bff8" relationshipRef="id-3f4a72e1" xsi:type="Relationship" source="ef0c8e0b" target="id-706dabf6">
          <style>
            <lineColor r="0" g="0" b="0" />
            <font name="Lucida Grande" size="12">
              <color r="0" g="0" b="0" />
            </font>
          </style>
        </connection>
        <connection identifier="d0c1d5ba" relationshipRef="id-5dc89e13" xsi:type="Relationship" source="id-7ebbfa50" target="ef0c8e0b">
          <style>
            <lineColor r="0" g="0" b="0" />
            <font name="Lucida Grande" size="12">
              <color r="0" g="0" b="0" />
            </font>
          </style>
        </connection>
        <connection identifier="a4db86a3" relationshipRef="aedb4b24" xsi:type="Relationship" source="c741843d" target="id-5d18e18d">
          <style>
            <lineColor r="0" g="0" b="0" />
            <font name="Lucida Grande" size="12">
              <color r="0" g="0" b="0" />
            </font>
          </style>
          <bendpoint x="1857" y="1859" />
        </connection>
        <connection identifier="id-7416b54b" relationshipRef="id-0acdda4e" xsi:type="Relationship" source="id-5d18e18d" target="e9fbebd7">
          <style>
            <lineColor r="0" g="0" b="0" />
            <font name="Lucida Grande" size="12">
              <color r="0" g="0" b="0" />
            </font>
          </style>
          <bendpoint x="1889" y="2380" />
        </connection>
        <connection identifier="fb276153" relationshipRef="a420b396" xsi:type="Relationship" source="id-5e1488f2" target="id-74c17aed">
          <style>
            <lineColor r="192" g="192" b="192" />
            <font name="Lucida Grande" size="12">
              <color r="0" g="0" b="0" />
            </font>
          </style>
        </connection>
        <connection identifier="decd44e8" relationshipRef="id-0d2e4d13" xsi:type="Relationship" source="id-5e1488f2" target="id-4ce61f3b">
          <style>
            <lineColor r="192" g="192" b="192" />
            <font name="Lucida Grande" size="12">
              <color r="0" g="0" b="0" />
            </font>
          </style>
        </connection>
        <connection identifier="id-61a6368d" relationshipRef="id-242d99ff" xsi:type="Relationship" source="id-5e1488f2" target="id-26d0b4e5">
          <style>
            <lineColor r="192" g="192" b="192" />
            <font name="Lucida Grande" size="12">
              <color r="0" g="0" b="0" />
            </font>
          </style>
        </connection>
        <connection identifier="id-5e0aebd6" relationshipRef="id-571a1542" xsi:type="Relationship" source="id-4ce61f3b" target="id-2d59e3ca">
          <style>
            <lineColor r="192" g="192" b="192" />
            <font name="Lucida Grande" size="12">
              <color r="0" g="0" b="0" />
            </font>
          </style>
        </connection>
        <connection identifier="f499670c" relationshipRef="id-7f8a004f" xsi:type="Relationship" source="id-26d0b4e5" target="id-2d59e3ca">
          <style>
            <lineColor r="192" g="192" b="192" />
            <font name="Lucida Grande" size="12">
              <color r="0" g="0" b="0" />
            </font>
          </style>
        </connection>
        <connection identifier="b868ca88" relationshipRef="id-7da08a48" xsi:type="Relationship" source="id-6dea2544" target="id-26d0b4e5">
          <style>
            <lineColor r="192" g="192" b="192" />
            <font name="Lucida Grande" size="12">
              <color r="0" g="0" b="0" />
            </font>
          </style>
        </connection>
        <connection identifier="e58c8828" relationshipRef="b9c5ed53" xsi:type="Relationship" source="id-74c17aed" target="id-2d59e3ca">
          <style>
            <lineColor r="192" g="192" b="192" />
            <font name="Lucida Grande" size="12">
              <color r="0" g="0" b="0" />
            </font>
          </style>
        </connection>
        <connection identifier="id-04598b95" relationshipRef="id-981a30e0" xsi:type="Relationship" source="id-74c17aed" target="id-6dea2544">
          <style>
            <lineColor r="192" g="192" b="192" />
            <font name="Lucida Grande" size="12">
              <color r="0" g="0" b="0" />
            </font>
          </style>
        </connection>
      </view>
    </diagrams>
  </views>
</model>
