{"identifier":"https://me.big.tuwien.ac.at/EAModelSet/id-741e360e","archimateId":"id-741e360e","name":"Return Freight","description":"","formats":["XML","CSV","JSON","ARCHIMATE"],"source":"GitHub","sourceFile":"raw-data/github/xml/return_freight.xml","sourceFormat":"XML","timestamp":"29-06-2023 09:27:51","tags":[],"duplicates":[],"language":"cs","elements":[{"id":"id-0c0cb63c","name":"Zákazník","type":"BusinessActor","layer":"business"},{"id":"id-33e09e99","name":"Účetní","type":"BusinessActor","layer":"business"},{"id":"id-30bff620","name":"Plánovač","type":"BusinessActor","layer":"business"},{"id":"id-508427c4","name":"Přihlášení do systému","type":"BusinessProcess","layer":"business"},{"id":"id-321eefc3","name":"Vyplní registraci zakázky","type":"BusinessProcess","layer":"business"},{"id":"id-89f0778e","name":"Zakázka","type":"BusinessObject","layer":"business"},{"id":"id-1fe99186","name":"Vystaví fakturu","type":"BusinessProcess","layer":"business"},{"id":"id-890cc266","name":"Faktura","type":"BusinessObject","layer":"business"},{"id":"id-6a4679f8","name":"Přiřadí nové zakázky k jízdám","type":"BusinessProcess","layer":"business"},{"id":"id-38c60fac","name":"Jízda","type":"BusinessObject","layer":"business"},{"id":"db6523fc","name":"Informace o naplánované jízdě","type":"BusinessObject","layer":"business"},{"id":"e7df00ee","name":"Řidič","type":"BusinessActor","layer":"business"},{"id":"b43fb283","name":"Řidič","type":"BusinessActor","layer":"business"},{"id":"cf93e7d1","name":"Return Freight","type":"ApplicationComponent","layer":"application"},{"id":"id-8628fbe1","name":"Přihlášení zákazníka","type":"ApplicationService","layer":"application"},{"id":"id-6dff7f0c","name":"Registrace zakázky","type":"ApplicationService","layer":"application"},{"id":"id-91b7f123","name":"Výpočet ceny faktury","type":"ApplicationFunction","layer":"application"},{"id":"id-4c3fc23b","name":"Zobrazení faktury","type":"ApplicationFunction","layer":"application"},{"id":"d7e438c8","name":"Zobrazení faktury","type":"ApplicationService","layer":"application"},{"id":"a21bfdf0","name":"Přiřazení zakázky k existující jízdě","type":"ApplicationService","layer":"application"},{"id":"id-4b2bb330","name":"Vytvoření nové jízdy","type":"ApplicationService","layer":"application"},{"id":"d815c0ed","name":"E-mail klient","type":"ApplicationService","layer":"application"},{"id":"id-798b76e1","name":"Navigační systém nákladního auta","type":"ApplicationComponent","layer":"application"},{"id":"id-1d3ff0f7","name":"Naplánovaná jízda","type":"DataObject","layer":"application"},{"id":"id-8e507679","name":"Odeslání SMS zprávy","type":"ApplicationFunction","layer":"application"},{"id":"id-0e32e9be","name":"Statistický systém Ministerstva životního prostredí pro sledování emisí","type":"ApplicationComponent","layer":"application"},{"id":"id-0d9524fe","name":"Informace o naplánovaných kilometrech","type":"DataObject","layer":"application"},{"id":"id-26ed38a6","name":"Odeslání e-mail zprávy","type":"ApplicationFunction","layer":"application"},{"id":"cf2ef1de","name":"SMS klient","type":"ApplicationService","layer":"application"},{"id":"id-9d71c4aa","name":"Registruj kilometry","type":"ApplicationService","layer":"application"},{"id":"f65dc67e","name":"Aplikační server","type":"Node","layer":"technology"},{"id":"ff96afda","name":"Windows Server","type":"SystemSoftware","layer":"technology"},{"id":"c2f085ab","name":"ADO.NET","type":"SystemSoftware","layer":"technology"},{"id":"a01c3ba9","name":"MS SQL","type":"SystemSoftware","layer":"technology"},{"id":"id-24cf3c88","name":"C# .NET","type":"SystemSoftware","layer":"technology"},{"id":"c7f85bc6","name":"Webová služba","type":"TechnologyService","layer":"technology"},{"id":"id-88b14c05","name":"Počítačová síť veřejné správy","type":"CommunicationNetwork","layer":"technology"},{"id":"id-8a2e857d","name":"SMS klient","type":"TechnologyService","layer":"technology"},{"id":"c19d3c56","name":"E-mail klient","type":"TechnologyService","layer":"technology"},{"id":"id-67864f21","name":"Web service","type":"TechnologyService","layer":"technology"},{"id":"id-1d4adc67","name":"XML","type":"Artifact","layer":"technology"},{"id":"id-608571bd","name":"Web service","type":"TechnologyService","layer":"technology"}],"relationships":[{"id":"id-1818c51a","sourceId":"id-0c0cb63c","targetId":"id-508427c4","type":"Assignment"},{"id":"id-304d7e9e","sourceId":"cf93e7d1","targetId":"id-8628fbe1","type":"Realization"},{"id":"a4f3b437","sourceId":"id-8628fbe1","targetId":"id-508427c4","type":"Serving"},{"id":"f10c88e1","sourceId":"cf93e7d1","targetId":"id-6dff7f0c","type":"Realization"},{"id":"id-1932a115","sourceId":"id-0c0cb63c","targetId":"id-321eefc3","type":"Assignment"},{"id":"ee9e4b72","sourceId":"id-508427c4","targetId":"id-321eefc3","type":"Flow"},{"id":"id-2fbe6a41","sourceId":"id-6dff7f0c","targetId":"id-321eefc3","type":"Serving"},{"id":"bd003fa1","sourceId":"id-321eefc3","targetId":"id-89f0778e","type":"Access"},{"id":"id-6b40bc23","sourceId":"cf93e7d1","targetId":"id-89f0778e","type":"Access"},{"id":"id-8341bd70","sourceId":"cf93e7d1","targetId":"id-91b7f123","type":"Assignment"},{"id":"id-4a14743a","sourceId":"id-33e09e99","targetId":"id-1fe99186","type":"Assignment"},{"id":"id-8e7fc1eb","sourceId":"cf93e7d1","targetId":"id-4c3fc23b","type":"Assignment"},{"id":"a8a70d8f","sourceId":"id-321eefc3","targetId":"id-1fe99186","type":"Flow"},{"id":"id-246bc8af","sourceId":"cf93e7d1","targetId":"d7e438c8","type":"Realization"},{"id":"b44d22aa","sourceId":"d7e438c8","targetId":"id-1fe99186","type":"Serving"},{"id":"id-1c938a27","sourceId":"id-1fe99186","targetId":"id-890cc266","type":"Access"},{"id":"id-640c2a68","sourceId":"id-30bff620","targetId":"id-6a4679f8","type":"Assignment"},{"id":"d38bdb22","sourceId":"id-6a4679f8","targetId":"id-38c60fac","type":"Access"},{"id":"e358dacc","sourceId":"a21bfdf0","targetId":"id-6a4679f8","type":"Serving"},{"id":"id-4ed33a71","sourceId":"id-4b2bb330","targetId":"id-6a4679f8","type":"Serving"},{"id":"id-3c7c5a30","sourceId":"cf93e7d1","targetId":"a21bfdf0","type":"Realization"},{"id":"id-5d490d80","sourceId":"cf93e7d1","targetId":"id-4b2bb330","type":"Realization"},{"id":"bc5355ef","sourceId":"cf93e7d1","targetId":"d815c0ed","type":"Realization"},{"id":"c358e999","sourceId":"d815c0ed","targetId":"db6523fc","type":"Access"},{"id":"ca20ca0f","sourceId":"id-0c0cb63c","targetId":"db6523fc","type":"Access"},{"id":"id-3bd0bb10","sourceId":"cf93e7d1","targetId":"id-1d3ff0f7","type":"Access"},{"id":"ccabb1dd","sourceId":"id-798b76e1","targetId":"id-1d3ff0f7","type":"Access"},{"id":"ceb7cee2","sourceId":"cf93e7d1","targetId":"id-8e507679","type":"Assignment"},{"id":"id-8b2ede84","sourceId":"cf93e7d1","targetId":"id-0d9524fe","type":"Access"},{"id":"id-5f0d67cc","sourceId":"id-0e32e9be","targetId":"id-0d9524fe","type":"Access"},{"id":"id-8033d7c0","sourceId":"cf93e7d1","targetId":"id-26ed38a6","type":"Assignment"},{"id":"id-42f0020e","sourceId":"b43fb283","targetId":"db6523fc","type":"Access"},{"id":"id-9f7e66ec","sourceId":"cf93e7d1","targetId":"cf2ef1de","type":"Realization"},{"id":"id-695d973a","sourceId":"cf2ef1de","targetId":"db6523fc","type":"Access"},{"id":"cf0427d5","sourceId":"id-0e32e9be","targetId":"id-9d71c4aa","type":"Realization"},{"id":"id-1a680f99","sourceId":"id-9d71c4aa","targetId":"id-0d9524fe","type":"Access"},{"id":"id-97775cff","sourceId":"id-6dff7f0c","targetId":"id-89f0778e","type":"Access"},{"id":"id-049e4501","sourceId":"f65dc67e","targetId":"cf93e7d1","type":"Realization"},{"id":"id-1ba4c21e","sourceId":"f65dc67e","targetId":"ff96afda","type":"Composition"},{"id":"id-4c4dcf98","sourceId":"f65dc67e","targetId":"c2f085ab","type":"Composition"},{"id":"id-9ba32593","sourceId":"f65dc67e","targetId":"a01c3ba9","type":"Composition"},{"id":"id-47861e27","sourceId":"f65dc67e","targetId":"id-24cf3c88","type":"Composition"},{"id":"a2b5fb2c","sourceId":"id-88b14c05","targetId":"c7f85bc6","type":"Association"},{"id":"ccd3edce","sourceId":"c7f85bc6","targetId":"id-0e32e9be","type":"Serving"},{"id":"id-0d3c1eac","sourceId":"f65dc67e","targetId":"id-88b14c05","type":"Association"},{"id":"id-5e2aa239","sourceId":"f65dc67e","targetId":"id-8a2e857d","type":"Realization"},{"id":"id-71a2379b","sourceId":"f65dc67e","targetId":"c19d3c56","type":"Realization"},{"id":"id-18eb6747","sourceId":"id-67864f21","targetId":"id-9d71c4aa","type":"Serving"},{"id":"id-18247b7c","sourceId":"id-88b14c05","targetId":"id-67864f21","type":"Association"},{"id":"da3d1a32","sourceId":"id-1d4adc67","targetId":"id-0d9524fe","type":"Realization"},{"id":"id-2994df7b","sourceId":"id-8a2e857d","targetId":"cf93e7d1","type":"Serving"},{"id":"id-6e2f4b22","sourceId":"c19d3c56","targetId":"cf93e7d1","type":"Serving"},{"id":"id-1721a617","sourceId":"id-608571bd","targetId":"id-91b7f123","type":"Serving"},{"id":"a7e1357f","sourceId":"f65dc67e","targetId":"id-608571bd","type":"Realization"}],"views":[{"id":"id-0d45050b","name":"Application View","viewpoint":""},{"id":"e072f17b","name":"Implementation View","viewpoint":""}]}