<?xml version="1.0" encoding="UTF-8"?>
<model xmlns="http://www.opengroup.org/xsd/archimate/3.0/" xmlns:xsi="http://www.w3.org/2001/XMLSchema-instance" xsi:schemaLocation="http://www.opengroup.org/xsd/archimate/3.0/ http://www.opengroup.org/xsd/archimate/3.1/archimate3_Diagram.xsd" identifier="id-741e360e">
  <name xml:lang="en">Return Freight</name>
  <elements>
    <element identifier="id-0c0cb63c" xsi:type="BusinessActor">
      <name xml:lang="en">Zákazník</name>
    </element>
    <element identifier="id-33e09e99" xsi:type="BusinessActor">
      <name xml:lang="en">Účetní</name>
    </element>
    <element identifier="id-30bff620" xsi:type="BusinessActor">
      <name xml:lang="en">Plánovač</name>
    </element>
    <element identifier="id-508427c4" xsi:type="BusinessProcess">
      <name xml:lang="en">Přihlášení do systému</name>
    </element>
    <element identifier="id-321eefc3" xsi:type="BusinessProcess">
      <name xml:lang="en">Vyplní registraci zakázky</name>
    </element>
    <element identifier="id-89f0778e" xsi:type="BusinessObject">
      <name xml:lang="en">Zakázka</name>
      <documentation xml:lang="en">Identifikace&#xD;
Trasa prepravy (odkud - kam)&#xD;
Cas kdy bude zboží pripraveno k vyzvednutí&#xD;
Cas kdy musí být zboží nejpozdeji dopraveno do cíle</documentation>
    </element>
    <element identifier="id-1fe99186" xsi:type="BusinessProcess">
      <name xml:lang="en">Vystaví fakturu</name>
    </element>
    <element identifier="id-890cc266" xsi:type="BusinessObject">
      <name xml:lang="en">Faktura</name>
    </element>
    <element identifier="id-6a4679f8" xsi:type="BusinessProcess">
      <name xml:lang="en">Přiřadí nové zakázky k jízdám</name>
    </element>
    <element identifier="id-38c60fac" xsi:type="BusinessObject">
      <name xml:lang="en">Jízda</name>
    </element>
    <element identifier="db6523fc" xsi:type="BusinessObject">
      <name xml:lang="en">Informace o naplánované jízdě</name>
    </element>
    <element identifier="e7df00ee" xsi:type="BusinessActor">
      <name xml:lang="en">Řidič</name>
    </element>
    <element identifier="b43fb283" xsi:type="BusinessActor">
      <name xml:lang="en">Řidič</name>
    </element>
    <element identifier="cf93e7d1" xsi:type="ApplicationComponent">
      <name xml:lang="en">Return Freight</name>
    </element>
    <element identifier="id-8628fbe1" xsi:type="ApplicationService">
      <name xml:lang="en">Přihlášení zákazníka</name>
    </element>
    <element identifier="id-6dff7f0c" xsi:type="ApplicationService">
      <name xml:lang="en">Registrace zakázky</name>
    </element>
    <element identifier="id-91b7f123" xsi:type="ApplicationFunction">
      <name xml:lang="en">Výpočet ceny faktury</name>
      <documentation xml:lang="en">Základní sazba 2000 korun + 10*pocet kilometru - 20% sleva v prípade využití systému Return freight</documentation>
    </element>
    <element identifier="id-4c3fc23b" xsi:type="ApplicationFunction">
      <name xml:lang="en">Zobrazení faktury</name>
      <documentation xml:lang="en">Systém zobrazí fakturacní údaje (zákazník, zakázka, cena) na obrazovku</documentation>
    </element>
    <element identifier="d7e438c8" xsi:type="ApplicationService">
      <name xml:lang="en">Zobrazení faktury</name>
    </element>
    <element identifier="a21bfdf0" xsi:type="ApplicationService">
      <name xml:lang="en">Přiřazení zakázky k existující jízdě</name>
    </element>
    <element identifier="id-4b2bb330" xsi:type="ApplicationService">
      <name xml:lang="en">Vytvoření nové jízdy</name>
    </element>
    <element identifier="d815c0ed" xsi:type="ApplicationService">
      <name xml:lang="en">E-mail klient</name>
    </element>
    <element identifier="id-798b76e1" xsi:type="ApplicationComponent">
      <name xml:lang="en">Navigační systém nákladního auta</name>
    </element>
    <element identifier="id-1d3ff0f7" xsi:type="DataObject">
      <name xml:lang="en">Naplánovaná jízda</name>
    </element>
    <element identifier="id-8e507679" xsi:type="ApplicationFunction">
      <name xml:lang="en">Odeslání SMS zprávy</name>
    </element>
    <element identifier="id-0e32e9be" xsi:type="ApplicationComponent">
      <name xml:lang="en">Statistický systém Ministerstva životního prostredí pro sledování emisí</name>
    </element>
    <element identifier="id-0d9524fe" xsi:type="DataObject">
      <name xml:lang="en">Informace o naplánovaných kilometrech</name>
    </element>
    <element identifier="id-26ed38a6" xsi:type="ApplicationFunction">
      <name xml:lang="en">Odeslání e-mail zprávy</name>
    </element>
    <element identifier="cf2ef1de" xsi:type="ApplicationService">
      <name xml:lang="en">SMS klient</name>
    </element>
    <element identifier="id-9d71c4aa" xsi:type="ApplicationService">
      <name xml:lang="en">Registruj kilometry</name>
    </element>
    <element identifier="f65dc67e" xsi:type="Node">
      <name xml:lang="en">Aplikační server</name>
    </element>
    <element identifier="ff96afda" xsi:type="SystemSoftware">
      <name xml:lang="en">Windows Server</name>
    </element>
    <element identifier="c2f085ab" xsi:type="SystemSoftware">
      <name xml:lang="en">ADO.NET</name>
    </element>
    <element identifier="a01c3ba9" xsi:type="SystemSoftware">
      <name xml:lang="en">MS SQL</name>
    </element>
    <element identifier="id-24cf3c88" xsi:type="SystemSoftware">
      <name xml:lang="en">C# .NET</name>
    </element>
    <element identifier="c7f85bc6" xsi:type="TechnologyService">
      <name xml:lang="en">Webová služba</name>
    </element>
    <element identifier="id-88b14c05" xsi:type="CommunicationNetwork">
      <name xml:lang="en">Počítačová síť veřejné správy</name>
    </element>
    <element identifier="id-8a2e857d" xsi:type="TechnologyService">
      <name xml:lang="en">SMS klient</name>
    </element>
    <element identifier="c19d3c56" xsi:type="TechnologyService">
      <name xml:lang="en">E-mail klient</name>
    </element>
    <element identifier="id-67864f21" xsi:type="TechnologyService">
      <name xml:lang="en">Web service</name>
    </element>
    <element identifier="id-1d4adc67" xsi:type="Artifact">
      <name xml:lang="en">XML</name>
    </element>
    <element identifier="id-608571bd" xsi:type="TechnologyService">
      <name xml:lang="en">Web service</name>
    </element>
  </elements>
  <relationships>
    <relationship identifier="id-1818c51a" source="id-0c0cb63c" target="id-508427c4" xsi:type="Assignment" />
    <relationship identifier="id-304d7e9e" source="cf93e7d1" target="id-8628fbe1" xsi:type="Realization" />
    <relationship identifier="a4f3b437" source="id-8628fbe1" target="id-508427c4" xsi:type="Serving" />
    <relationship identifier="f10c88e1" source="cf93e7d1" target="id-6dff7f0c" xsi:type="Realization" />
    <relationship identifier="id-1932a115" source="id-0c0cb63c" target="id-321eefc3" xsi:type="Assignment" />
    <relationship identifier="ee9e4b72" source="id-508427c4" target="id-321eefc3" xsi:type="Flow" />
    <relationship identifier="id-2fbe6a41" source="id-6dff7f0c" target="id-321eefc3" xsi:type="Serving" />
    <relationship identifier="bd003fa1" source="id-321eefc3" target="id-89f0778e" xsi:type="Access" accessType="Write" />
    <relationship identifier="id-6b40bc23" source="cf93e7d1" target="id-89f0778e" xsi:type="Access" accessType="Read" />
    <relationship identifier="id-8341bd70" source="cf93e7d1" target="id-91b7f123" xsi:type="Assignment" />
    <relationship identifier="id-4a14743a" source="id-33e09e99" target="id-1fe99186" xsi:type="Assignment" />
    <relationship identifier="id-8e7fc1eb" source="cf93e7d1" target="id-4c3fc23b" xsi:type="Assignment" />
    <relationship identifier="a8a70d8f" source="id-321eefc3" target="id-1fe99186" xsi:type="Flow" />
    <relationship identifier="id-246bc8af" source="cf93e7d1" target="d7e438c8" xsi:type="Realization" />
    <relationship identifier="b44d22aa" source="d7e438c8" target="id-1fe99186" xsi:type="Serving" />
    <relationship identifier="id-1c938a27" source="id-1fe99186" target="id-890cc266" xsi:type="Access" accessType="Write" />
    <relationship identifier="id-640c2a68" source="id-30bff620" target="id-6a4679f8" xsi:type="Assignment" />
    <relationship identifier="d38bdb22" source="id-6a4679f8" target="id-38c60fac" xsi:type="Access" accessType="Write" />
    <relationship identifier="e358dacc" source="a21bfdf0" target="id-6a4679f8" xsi:type="Serving" />
    <relationship identifier="id-4ed33a71" source="id-4b2bb330" target="id-6a4679f8" xsi:type="Serving" />
    <relationship identifier="id-3c7c5a30" source="cf93e7d1" target="a21bfdf0" xsi:type="Realization" />
    <relationship identifier="id-5d490d80" source="cf93e7d1" target="id-4b2bb330" xsi:type="Realization" />
    <relationship identifier="bc5355ef" source="cf93e7d1" target="d815c0ed" xsi:type="Realization" />
    <relationship identifier="c358e999" source="d815c0ed" target="db6523fc" xsi:type="Access" accessType="Write" />
    <relationship identifier="ca20ca0f" source="id-0c0cb63c" target="db6523fc" xsi:type="Access" accessType="Read" />
    <relationship identifier="id-3bd0bb10" source="cf93e7d1" target="id-1d3ff0f7" xsi:type="Access" accessType="Write" />
    <relationship identifier="ccabb1dd" source="id-798b76e1" target="id-1d3ff0f7" xsi:type="Access" accessType="Read" />
    <relationship identifier="ceb7cee2" source="cf93e7d1" target="id-8e507679" xsi:type="Assignment" />
    <relationship identifier="id-8b2ede84" source="cf93e7d1" target="id-0d9524fe" xsi:type="Access" accessType="Write" />
    <relationship identifier="id-5f0d67cc" source="id-0e32e9be" target="id-0d9524fe" xsi:type="Access" accessType="Read" />
    <relationship identifier="id-8033d7c0" source="cf93e7d1" target="id-26ed38a6" xsi:type="Assignment" />
    <relationship identifier="id-42f0020e" source="b43fb283" target="db6523fc" xsi:type="Access" accessType="Read" />
    <relationship identifier="id-9f7e66ec" source="cf93e7d1" target="cf2ef1de" xsi:type="Realization" />
    <relationship identifier="id-695d973a" source="cf2ef1de" target="db6523fc" xsi:type="Access" accessType="Write" />
    <relationship identifier="cf0427d5" source="id-0e32e9be" target="id-9d71c4aa" xsi:type="Realization" />
    <relationship identifier="id-1a680f99" source="id-9d71c4aa" target="id-0d9524fe" xsi:type="Access" accessType="Read" />
    <relationship identifier="id-97775cff" source="id-6dff7f0c" target="id-89f0778e" xsi:type="Access" accessType="Read" />
    <relationship identifier="id-049e4501" source="f65dc67e" target="cf93e7d1" xsi:type="Realization" />
    <relationship identifier="id-1ba4c21e" source="f65dc67e" target="ff96afda" xsi:type="Composition" />
    <relationship identifier="id-4c4dcf98" source="f65dc67e" target="c2f085ab" xsi:type="Composition" />
    <relationship identifier="id-9ba32593" source="f65dc67e" target="a01c3ba9" xsi:type="Composition" />
    <relationship identifier="id-47861e27" source="f65dc67e" target="id-24cf3c88" xsi:type="Composition" />
    <relationship identifier="a2b5fb2c" source="id-88b14c05" target="c7f85bc6" xsi:type="Association" />
    <relationship identifier="ccd3edce" source="c7f85bc6" target="id-0e32e9be" xsi:type="Serving" />
    <relationship identifier="id-0d3c1eac" source="f65dc67e" target="id-88b14c05" xsi:type="Association" />
    <relationship identifier="id-5e2aa239" source="f65dc67e" target="id-8a2e857d" xsi:type="Realization" />
    <relationship identifier="id-71a2379b" source="f65dc67e" target="c19d3c56" xsi:type="Realization" />
    <relationship identifier="id-18eb6747" source="id-67864f21" target="id-9d71c4aa" xsi:type="Serving" />
    <relationship identifier="id-18247b7c" source="id-88b14c05" target="id-67864f21" xsi:type="Association" />
    <relationship identifier="da3d1a32" source="id-1d4adc67" target="id-0d9524fe" xsi:type="Realization" />
    <relationship identifier="id-2994df7b" source="id-8a2e857d" target="cf93e7d1" xsi:type="Serving" />
    <relationship identifier="id-6e2f4b22" source="c19d3c56" target="cf93e7d1" xsi:type="Serving" />
    <relationship identifier="id-1721a617" source="id-608571bd" target="id-91b7f123" xsi:type="Serving" />
    <relationship identifier="a7e1357f" source="f65dc67e" target="id-608571bd" xsi:type="Realization" />
  </relationships>
  <organizations>
    <item>
      <label xml:lang="en">Business</label>
      <item identifierRef="id-0c0cb63c" />
      <item identifierRef="id-33e09e99" />
      <item identifierRef="id-30bff620" />
      <item identifierRef="id-508427c4" />
      <item identifierRef="id-321eefc3" />
      <item identifierRef="id-89f0778e" />
      <item identifierRef="id-1fe99186" />
      <item identifierRef="id-890cc266" />
      <item identifierRef="id-6a4679f8" />
      <item identifierRef="id-38c60fac" />
      <item identifierRef="db6523fc" />
      <item identifierRef="e7df00ee" />
      <item identifierRef="b43fb283" />
    </item>
    <item>
      <label xml:lang="en">Application</label>
      <item identifierRef="cf93e7d1" />
      <item identifierRef="id-8628fbe1" />
      <item identifierRef="id-6dff7f0c" />
      <item identifierRef="id-91b7f123" />
      <item identifierRef="id-4c3fc23b" />
      <item identifierRef="d7e438c8" />
      <item identifierRef="a21bfdf0" />
      <item identifierRef="id-4b2bb330" />
      <item identifierRef="d815c0ed" />
      <item identifierRef="id-798b76e1" />
      <item identifierRef="id-1d3ff0f7" />
      <item identifierRef="id-8e507679" />
      <item identifierRef="id-0e32e9be" />
      <item identifierRef="id-0d9524fe" />
      <item identifierRef="id-26ed38a6" />
      <item identifierRef="cf2ef1de" />
      <item identifierRef="id-9d71c4aa" />
    </item>
    <item>
      <label xml:lang="en">Technology &amp; Physical</label>
      <item identifierRef="f65dc67e" />
      <item identifierRef="ff96afda" />
      <item identifierRef="c2f085ab" />
      <item identifierRef="a01c3ba9" />
      <item identifierRef="id-24cf3c88" />
      <item identifierRef="c7f85bc6" />
      <item identifierRef="id-88b14c05" />
      <item identifierRef="id-8a2e857d" />
      <item identifierRef="c19d3c56" />
      <item identifierRef="id-67864f21" />
      <item identifierRef="id-1d4adc67" />
      <item identifierRef="id-608571bd" />
    </item>
    <item>
      <label xml:lang="en">Relations</label>
      <item identifierRef="id-1818c51a" />
      <item identifierRef="id-304d7e9e" />
      <item identifierRef="a4f3b437" />
      <item identifierRef="f10c88e1" />
      <item identifierRef="id-1932a115" />
      <item identifierRef="ee9e4b72" />
      <item identifierRef="id-2fbe6a41" />
      <item identifierRef="bd003fa1" />
      <item identifierRef="id-6b40bc23" />
      <item identifierRef="id-8341bd70" />
      <item identifierRef="id-4a14743a" />
      <item identifierRef="id-8e7fc1eb" />
      <item identifierRef="a8a70d8f" />
      <item identifierRef="id-246bc8af" />
      <item identifierRef="b44d22aa" />
      <item identifierRef="id-1c938a27" />
      <item identifierRef="id-640c2a68" />
      <item identifierRef="d38bdb22" />
      <item identifierRef="e358dacc" />
      <item identifierRef="id-4ed33a71" />
      <item identifierRef="id-3c7c5a30" />
      <item identifierRef="id-5d490d80" />
      <item identifierRef="bc5355ef" />
      <item identifierRef="c358e999" />
      <item identifierRef="ca20ca0f" />
      <item identifierRef="id-3bd0bb10" />
      <item identifierRef="ccabb1dd" />
      <item identifierRef="ceb7cee2" />
      <item identifierRef="id-8b2ede84" />
      <item identifierRef="id-5f0d67cc" />
      <item identifierRef="id-8033d7c0" />
      <item identifierRef="id-42f0020e" />
      <item identifierRef="id-9f7e66ec" />
      <item identifierRef="id-695d973a" />
      <item identifierRef="cf0427d5" />
      <item identifierRef="id-1a680f99" />
      <item identifierRef="id-97775cff" />
      <item identifierRef="id-049e4501" />
      <item identifierRef="id-1ba4c21e" />
      <item identifierRef="id-4c4dcf98" />
      <item identifierRef="id-9ba32593" />
      <item identifierRef="id-47861e27" />
      <item identifierRef="a2b5fb2c" />
      <item identifierRef="ccd3edce" />
      <item identifierRef="id-0d3c1eac" />
      <item identifierRef="id-5e2aa239" />
      <item identifierRef="id-71a2379b" />
      <item identifierRef="id-18eb6747" />
      <item identifierRef="id-18247b7c" />
      <item identifierRef="da3d1a32" />
      <item identifierRef="id-2994df7b" />
      <item identifierRef="id-6e2f4b22" />
      <item identifierRef="id-1721a617" />
      <item identifierRef="a7e1357f" />
    </item>
    <item>
      <label xml:lang="en">Views</label>
      <item identifierRef="id-0d45050b" />
      <item identifierRef="e072f17b" />
    </item>
  </organizations>
  <views>
    <diagrams>
      <view identifier="id-0d45050b" xsi:type="Diagram">
        <name xml:lang="en">Application View</name>
        <node identifier="b598febd" elementRef="id-0c0cb63c" xsi:type="Element" x="60" y="68" w="325" h="50">
          <style>
            <fillColor r="255" g="255" b="181" a="100" />
            <lineColor r="92" g="92" b="92" a="100" />
            <font name="Lucida Grande" size="12">
              <color r="0" g="0" b="0" />
            </font>
          </style>
        </node>
        <node identifier="id-60098b64" elementRef="id-33e09e99" xsi:type="Element" x="631" y="68" w="120" h="50">
          <style>
            <fillColor r="255" g="255" b="181" a="100" />
            <lineColor r="92" g="92" b="92" a="100" />
            <font name="Lucida Grande" size="12">
              <color r="0" g="0" b="0" />
            </font>
          </style>
        </node>
        <node identifier="id-4255a015" elementRef="id-30bff620" xsi:type="Element" x="931" y="68" w="120" h="50">
          <style>
            <fillColor r="255" g="255" b="181" a="100" />
            <lineColor r="92" g="92" b="92" a="100" />
            <font name="Lucida Grande" size="12">
              <color r="0" g="0" b="0" />
            </font>
          </style>
        </node>
        <node identifier="b54d063a" elementRef="cf93e7d1" xsi:type="Element" x="48" y="420" w="1081" h="121">
          <style>
            <fillColor r="181" g="255" b="255" a="100" />
            <lineColor r="92" g="92" b="92" a="100" />
            <font name="Lucida Grande" size="12">
              <color r="0" g="0" b="0" />
            </font>
          </style>
          <node identifier="id-346ac1fc" elementRef="id-91b7f123" xsi:type="Element" x="84" y="456" w="109" h="61">
            <style>
              <fillColor r="181" g="255" b="255" a="100" />
              <lineColor r="92" g="92" b="92" a="100" />
              <font name="Lucida Grande" size="12">
                <color r="0" g="0" b="0" />
              </font>
            </style>
          </node>
          <node identifier="id-10b73b33" elementRef="id-8e507679" xsi:type="Element" x="216" y="456" w="109" h="61">
            <style>
              <fillColor r="181" g="255" b="255" a="100" />
              <lineColor r="92" g="92" b="92" a="100" />
              <font name="Lucida Grande" size="12">
                <color r="0" g="0" b="0" />
              </font>
            </style>
          </node>
          <node identifier="id-6cd03815" elementRef="id-26ed38a6" xsi:type="Element" x="360" y="456" w="145" h="61">
            <style>
              <fillColor r="181" g="255" b="255" a="100" />
              <lineColor r="92" g="92" b="92" a="100" />
              <font name="Lucida Grande" size="12">
                <color r="0" g="0" b="0" />
              </font>
            </style>
          </node>
        </node>
        <node identifier="id-1a582f92" elementRef="id-508427c4" xsi:type="Element" x="61" y="157" w="120" h="54">
          <style>
            <fillColor r="255" g="255" b="181" a="100" />
            <lineColor r="92" g="92" b="92" a="100" />
            <font name="Lucida Grande" size="12">
              <color r="0" g="0" b="0" />
            </font>
          </style>
        </node>
        <node identifier="id-73f45b6e" elementRef="id-8628fbe1" xsi:type="Element" x="60" y="324" w="121" h="49">
          <style>
            <fillColor r="181" g="255" b="255" a="100" />
            <lineColor r="92" g="92" b="92" a="100" />
            <font name="Lucida Grande" size="12">
              <color r="0" g="0" b="0" />
            </font>
          </style>
        </node>
        <node identifier="ecc79ee4" elementRef="id-6dff7f0c" xsi:type="Element" x="228" y="324" w="133" h="49">
          <style>
            <fillColor r="181" g="255" b="255" a="100" />
            <lineColor r="92" g="92" b="92" a="100" />
            <font name="Lucida Grande" size="12">
              <color r="0" g="0" b="0" />
            </font>
          </style>
        </node>
        <node identifier="id-4a1f46d9" elementRef="id-321eefc3" xsi:type="Element" x="228" y="157" w="133" h="54">
          <style>
            <fillColor r="255" g="255" b="181" a="100" />
            <lineColor r="92" g="92" b="92" a="100" />
            <font name="Lucida Grande" size="12">
              <color r="0" g="0" b="0" />
            </font>
          </style>
        </node>
        <node identifier="id-1b430135" elementRef="id-89f0778e" xsi:type="Element" x="168" y="240" w="109" h="53">
          <style>
            <fillColor r="255" g="255" b="181" a="100" />
            <lineColor r="92" g="92" b="92" a="100" />
            <font name="Lucida Grande" size="12">
              <color r="0" g="0" b="0" />
            </font>
          </style>
        </node>
        <node identifier="id-089651c2" elementRef="id-1fe99186" xsi:type="Element" x="624" y="157" w="133" h="54">
          <style>
            <fillColor r="255" g="255" b="181" a="100" />
            <lineColor r="92" g="92" b="92" a="100" />
            <font name="Lucida Grande" size="12">
              <color r="0" g="0" b="0" />
            </font>
          </style>
        </node>
        <node identifier="id-7ebbbeec" elementRef="d7e438c8" xsi:type="Element" x="612" y="324" w="169" h="49">
          <style>
            <fillColor r="181" g="255" b="255" a="100" />
            <lineColor r="92" g="92" b="92" a="100" />
            <font name="Lucida Grande" size="12">
              <color r="0" g="0" b="0" />
            </font>
          </style>
        </node>
        <node identifier="id-1d3604f4" elementRef="id-890cc266" xsi:type="Element" x="708" y="240" w="109" h="53">
          <style>
            <fillColor r="255" g="255" b="181" a="100" />
            <lineColor r="92" g="92" b="92" a="100" />
            <font name="Lucida Grande" size="12">
              <color r="0" g="0" b="0" />
            </font>
          </style>
        </node>
        <node identifier="id-4bddae21" elementRef="id-6a4679f8" xsi:type="Element" x="864" y="157" w="253" h="54">
          <style>
            <fillColor r="255" g="255" b="181" a="100" />
            <lineColor r="92" g="92" b="92" a="100" />
            <font name="Lucida Grande" size="12">
              <color r="0" g="0" b="0" />
            </font>
          </style>
        </node>
        <node identifier="b0f750e0" elementRef="id-38c60fac" xsi:type="Element" x="1152" y="157" w="109" h="54">
          <style>
            <fillColor r="255" g="255" b="181" a="100" />
            <lineColor r="92" g="92" b="92" a="100" />
            <font name="Lucida Grande" size="12">
              <color r="0" g="0" b="0" />
            </font>
          </style>
        </node>
        <node identifier="id-1bb59309" elementRef="a21bfdf0" xsi:type="Element" x="816" y="324" w="149" h="49">
          <style>
            <fillColor r="181" g="255" b="255" a="100" />
            <lineColor r="92" g="92" b="92" a="100" />
            <font name="Lucida Grande" size="12">
              <color r="0" g="0" b="0" />
            </font>
          </style>
        </node>
        <node identifier="a552e3db" elementRef="id-4b2bb330" xsi:type="Element" x="984" y="324" w="145" h="49">
          <style>
            <fillColor r="181" g="255" b="255" a="100" />
            <lineColor r="92" g="92" b="92" a="100" />
            <font name="Lucida Grande" size="12">
              <color r="0" g="0" b="0" />
            </font>
          </style>
        </node>
        <node identifier="id-90261663" elementRef="d815c0ed" xsi:type="Element" x="396" y="324" w="85" h="49">
          <style>
            <fillColor r="181" g="255" b="255" a="100" />
            <lineColor r="92" g="92" b="92" a="100" />
            <font name="Lucida Grande" size="12">
              <color r="0" g="0" b="0" />
            </font>
          </style>
        </node>
        <node identifier="id-0eb4ede5" elementRef="db6523fc" xsi:type="Element" x="408" y="240" w="186" h="53">
          <style>
            <fillColor r="255" g="255" b="181" a="100" />
            <lineColor r="92" g="92" b="92" a="100" />
            <font name="Lucida Grande" size="12">
              <color r="0" g="0" b="0" />
            </font>
          </style>
        </node>
        <node identifier="id-883713a7" elementRef="id-798b76e1" xsi:type="Element" x="48" y="660" w="168" h="85">
          <style>
            <fillColor r="181" g="255" b="255" a="100" />
            <lineColor r="92" g="92" b="92" a="100" />
            <font name="Lucida Grande" size="12">
              <color r="0" g="0" b="0" />
            </font>
          </style>
        </node>
        <node identifier="id-13d2a4bb" elementRef="id-1d3ff0f7" xsi:type="Element" x="72" y="576" w="120" h="55">
          <style>
            <fillColor r="181" g="255" b="255" a="100" />
            <lineColor r="92" g="92" b="92" a="100" />
            <font name="Lucida Grande" size="12">
              <color r="0" g="0" b="0" />
            </font>
          </style>
        </node>
        <node identifier="id-978d00d4" elementRef="id-0e32e9be" xsi:type="Element" x="552" y="660" w="253" h="85">
          <style>
            <fillColor r="181" g="255" b="255" a="100" />
            <lineColor r="92" g="92" b="92" a="100" />
            <font name="Lucida Grande" size="12">
              <color r="0" g="0" b="0" />
            </font>
          </style>
        </node>
        <node identifier="id-55107d64" elementRef="id-0d9524fe" xsi:type="Element" x="351" y="576" w="210" h="55">
          <style>
            <fillColor r="181" g="255" b="255" a="100" />
            <lineColor r="92" g="92" b="92" a="100" />
            <font name="Lucida Grande" size="12">
              <color r="0" g="0" b="0" />
            </font>
          </style>
        </node>
        <node identifier="aad9bef5" elementRef="b43fb283" xsi:type="Element" x="440" y="68" w="121" h="50">
          <style>
            <fillColor r="255" g="255" b="181" a="100" />
            <lineColor r="92" g="92" b="92" a="100" />
            <font name="Lucida Grande" size="12">
              <color r="0" g="0" b="0" />
            </font>
          </style>
        </node>
        <node identifier="cf099a9d" elementRef="cf2ef1de" xsi:type="Element" x="502" y="324" w="87" h="49">
          <style>
            <fillColor r="181" g="255" b="255" a="100" />
            <lineColor r="92" g="92" b="92" a="100" />
            <font name="Lucida Grande" size="12">
              <color r="0" g="0" b="0" />
            </font>
          </style>
        </node>
        <node identifier="id-65affef3" elementRef="id-9d71c4aa" xsi:type="Element" x="619" y="576" w="120" h="55">
          <style>
            <fillColor r="181" g="255" b="255" a="100" />
            <lineColor r="92" g="92" b="92" a="100" />
            <font name="Lucida Grande" size="12">
              <color r="0" g="0" b="0" />
            </font>
          </style>
        </node>
        <connection identifier="id-466bfc6f" relationshipRef="id-1818c51a" xsi:type="Relationship" source="b598febd" target="id-1a582f92">
          <style>
            <lineColor r="0" g="0" b="0" />
            <font name="Lucida Grande" size="12">
              <color r="0" g="0" b="0" />
            </font>
          </style>
        </connection>
        <connection identifier="id-7cd76e85" relationshipRef="id-1932a115" xsi:type="Relationship" source="b598febd" target="id-4a1f46d9">
          <style>
            <lineColor r="0" g="0" b="0" />
            <font name="Lucida Grande" size="12">
              <color r="0" g="0" b="0" />
            </font>
          </style>
        </connection>
        <connection identifier="b45acbc8" relationshipRef="ca20ca0f" xsi:type="Relationship" source="b598febd" target="id-0eb4ede5">
          <style>
            <lineColor r="0" g="0" b="0" />
            <font name="Lucida Grande" size="12">
              <color r="0" g="0" b="0" />
            </font>
          </style>
        </connection>
        <connection identifier="id-22ffc6eb" relationshipRef="id-4a14743a" xsi:type="Relationship" source="id-60098b64" target="id-089651c2">
          <style>
            <lineColor r="0" g="0" b="0" />
            <font name="Lucida Grande" size="12">
              <color r="0" g="0" b="0" />
            </font>
          </style>
        </connection>
        <connection identifier="fe178e5f" relationshipRef="id-640c2a68" xsi:type="Relationship" source="id-4255a015" target="id-4bddae21">
          <style>
            <lineColor r="0" g="0" b="0" />
            <font name="Lucida Grande" size="12">
              <color r="0" g="0" b="0" />
            </font>
          </style>
        </connection>
        <connection identifier="id-2432004e" relationshipRef="id-304d7e9e" xsi:type="Relationship" source="b54d063a" target="id-73f45b6e">
          <style>
            <lineColor r="0" g="0" b="0" />
            <font name="Lucida Grande" size="12">
              <color r="0" g="0" b="0" />
            </font>
          </style>
        </connection>
        <connection identifier="ec513a0f" relationshipRef="f10c88e1" xsi:type="Relationship" source="b54d063a" target="ecc79ee4">
          <style>
            <lineColor r="0" g="0" b="0" />
            <font name="Lucida Grande" size="12">
              <color r="0" g="0" b="0" />
            </font>
          </style>
        </connection>
        <connection identifier="id-18b33250" relationshipRef="id-246bc8af" xsi:type="Relationship" source="b54d063a" target="id-7ebbbeec">
          <style>
            <lineColor r="0" g="0" b="0" />
            <font name="Lucida Grande" size="12">
              <color r="0" g="0" b="0" />
            </font>
          </style>
        </connection>
        <connection identifier="id-8f455a61" relationshipRef="id-3c7c5a30" xsi:type="Relationship" source="b54d063a" target="id-1bb59309">
          <style>
            <lineColor r="0" g="0" b="0" />
            <font name="Lucida Grande" size="12">
              <color r="0" g="0" b="0" />
            </font>
          </style>
        </connection>
        <connection identifier="id-54fbb70a" relationshipRef="id-5d490d80" xsi:type="Relationship" source="b54d063a" target="a552e3db">
          <style>
            <lineColor r="0" g="0" b="0" />
            <font name="Lucida Grande" size="12">
              <color r="0" g="0" b="0" />
            </font>
          </style>
        </connection>
        <connection identifier="ce6cf397" relationshipRef="bc5355ef" xsi:type="Relationship" source="b54d063a" target="id-90261663">
          <style>
            <lineColor r="0" g="0" b="0" />
            <font name="Lucida Grande" size="12">
              <color r="0" g="0" b="0" />
            </font>
          </style>
        </connection>
        <connection identifier="id-42b6f1c6" relationshipRef="id-3bd0bb10" xsi:type="Relationship" source="b54d063a" target="id-13d2a4bb">
          <style>
            <lineColor r="0" g="0" b="0" />
            <font name="Lucida Grande" size="12">
              <color r="0" g="0" b="0" />
            </font>
          </style>
        </connection>
        <connection identifier="id-99952afb" relationshipRef="id-8b2ede84" xsi:type="Relationship" source="b54d063a" target="id-55107d64">
          <style>
            <lineColor r="0" g="0" b="0" />
            <font name="Lucida Grande" size="12">
              <color r="0" g="0" b="0" />
            </font>
          </style>
        </connection>
        <connection identifier="id-752b908e" relationshipRef="id-9f7e66ec" xsi:type="Relationship" source="b54d063a" target="cf099a9d">
          <style>
            <lineColor r="0" g="0" b="0" />
            <font name="Lucida Grande" size="12">
              <color r="0" g="0" b="0" />
            </font>
          </style>
        </connection>
        <connection identifier="id-1d76ab64" relationshipRef="ee9e4b72" xsi:type="Relationship" source="id-1a582f92" target="id-4a1f46d9">
          <style>
            <lineColor r="0" g="0" b="0" />
            <font name="Lucida Grande" size="12">
              <color r="0" g="0" b="0" />
            </font>
          </style>
        </connection>
        <connection identifier="id-9b43a5d7" relationshipRef="a4f3b437" xsi:type="Relationship" source="id-73f45b6e" target="id-1a582f92">
          <style>
            <lineColor r="0" g="0" b="0" />
            <font name="Lucida Grande" size="12">
              <color r="0" g="0" b="0" />
            </font>
          </style>
        </connection>
        <connection identifier="id-21b85571" relationshipRef="id-2fbe6a41" xsi:type="Relationship" source="ecc79ee4" target="id-4a1f46d9">
          <style>
            <lineColor r="0" g="0" b="0" />
            <font name="Lucida Grande" size="12">
              <color r="0" g="0" b="0" />
            </font>
          </style>
        </connection>
        <connection identifier="ef5eb6f6" relationshipRef="id-97775cff" xsi:type="Relationship" source="ecc79ee4" target="id-1b430135">
          <style>
            <lineColor r="0" g="0" b="0" />
            <font name="Lucida Grande" size="12">
              <color r="0" g="0" b="0" />
            </font>
          </style>
        </connection>
        <connection identifier="e467c3de" relationshipRef="bd003fa1" xsi:type="Relationship" source="id-4a1f46d9" target="id-1b430135">
          <style>
            <lineColor r="0" g="0" b="0" />
            <font name="Lucida Grande" size="12">
              <color r="0" g="0" b="0" />
            </font>
          </style>
        </connection>
        <connection identifier="id-8db92569" relationshipRef="a8a70d8f" xsi:type="Relationship" source="id-4a1f46d9" target="id-089651c2">
          <style>
            <lineColor r="0" g="0" b="0" />
            <font name="Lucida Grande" size="12">
              <color r="0" g="0" b="0" />
            </font>
          </style>
        </connection>
        <connection identifier="c49441bb" relationshipRef="id-1c938a27" xsi:type="Relationship" source="id-089651c2" target="id-1d3604f4">
          <style>
            <lineColor r="0" g="0" b="0" />
            <font name="Lucida Grande" size="12">
              <color r="0" g="0" b="0" />
            </font>
          </style>
        </connection>
        <connection identifier="id-43a8e13f" relationshipRef="b44d22aa" xsi:type="Relationship" source="id-7ebbbeec" target="id-089651c2">
          <style>
            <lineColor r="0" g="0" b="0" />
            <font name="Lucida Grande" size="12">
              <color r="0" g="0" b="0" />
            </font>
          </style>
        </connection>
        <connection identifier="id-042d7311" relationshipRef="d38bdb22" xsi:type="Relationship" source="id-4bddae21" target="b0f750e0">
          <style>
            <lineColor r="0" g="0" b="0" />
            <font name="Lucida Grande" size="12">
              <color r="0" g="0" b="0" />
            </font>
          </style>
        </connection>
        <connection identifier="id-744316d2" relationshipRef="e358dacc" xsi:type="Relationship" source="id-1bb59309" target="id-4bddae21">
          <style>
            <lineColor r="0" g="0" b="0" />
            <font name="Lucida Grande" size="12">
              <color r="0" g="0" b="0" />
            </font>
          </style>
        </connection>
        <connection identifier="id-0d73888e" relationshipRef="id-4ed33a71" xsi:type="Relationship" source="a552e3db" target="id-4bddae21">
          <style>
            <lineColor r="0" g="0" b="0" />
            <font name="Lucida Grande" size="12">
              <color r="0" g="0" b="0" />
            </font>
          </style>
        </connection>
        <connection identifier="id-361e4607" relationshipRef="c358e999" xsi:type="Relationship" source="id-90261663" target="id-0eb4ede5">
          <style>
            <lineColor r="0" g="0" b="0" />
            <font name="Lucida Grande" size="12">
              <color r="0" g="0" b="0" />
            </font>
          </style>
        </connection>
        <connection identifier="id-03dc113e" relationshipRef="ccabb1dd" xsi:type="Relationship" source="id-883713a7" target="id-13d2a4bb">
          <style>
            <lineColor r="0" g="0" b="0" />
            <font name="Lucida Grande" size="12">
              <color r="0" g="0" b="0" />
            </font>
          </style>
        </connection>
        <connection identifier="de0ad6b2" relationshipRef="cf0427d5" xsi:type="Relationship" source="id-978d00d4" target="id-65affef3">
          <style>
            <lineColor r="0" g="0" b="0" />
            <font name="Lucida Grande" size="12">
              <color r="0" g="0" b="0" />
            </font>
          </style>
        </connection>
        <connection identifier="ffa1350b" relationshipRef="id-42f0020e" xsi:type="Relationship" source="aad9bef5" target="id-0eb4ede5">
          <style>
            <lineColor r="0" g="0" b="0" />
            <font name="Lucida Grande" size="12">
              <color r="0" g="0" b="0" />
            </font>
          </style>
        </connection>
        <connection identifier="fe3459a5" relationshipRef="id-695d973a" xsi:type="Relationship" source="cf099a9d" target="id-0eb4ede5">
          <style>
            <lineColor r="0" g="0" b="0" />
            <font name="Lucida Grande" size="12">
              <color r="0" g="0" b="0" />
            </font>
          </style>
        </connection>
        <connection identifier="id-0a36fd2e" relationshipRef="id-1a680f99" xsi:type="Relationship" source="id-65affef3" target="id-55107d64">
          <style>
            <lineColor r="0" g="0" b="0" />
            <font name="Lucida Grande" size="12">
              <color r="0" g="0" b="0" />
            </font>
          </style>
        </connection>
      </view>
      <view identifier="e072f17b" xsi:type="Diagram">
        <name xml:lang="en">Implementation View</name>
        <node identifier="f4b6b391" elementRef="cf93e7d1" xsi:type="Element" x="396" y="84" w="253" h="109">
          <style>
            <fillColor r="181" g="255" b="255" a="100" />
            <lineColor r="92" g="92" b="92" a="100" />
            <font name="Lucida Grande" size="12">
              <color r="0" g="0" b="0" />
            </font>
          </style>
        </node>
        <node identifier="id-384a7942" elementRef="f65dc67e" xsi:type="Element" x="372" y="300" w="325" h="193">
          <style>
            <fillColor r="201" g="231" b="183" a="100" />
            <lineColor r="92" g="92" b="92" a="100" />
            <font name="Lucida Grande" size="12">
              <color r="0" g="0" b="0" />
            </font>
          </style>
          <node identifier="id-5ec76ac6" elementRef="ff96afda" xsi:type="Element" x="396" y="348" w="120" h="55">
            <style>
              <fillColor r="201" g="231" b="183" a="100" />
              <lineColor r="92" g="92" b="92" a="100" />
              <font name="Lucida Grande" size="12">
                <color r="0" g="0" b="0" />
              </font>
            </style>
          </node>
          <node identifier="id-8ad57131" elementRef="c2f085ab" xsi:type="Element" x="398" y="422" w="120" h="55">
            <style>
              <fillColor r="201" g="231" b="183" a="100" />
              <lineColor r="92" g="92" b="92" a="100" />
              <font name="Lucida Grande" size="12">
                <color r="0" g="0" b="0" />
              </font>
            </style>
          </node>
          <node identifier="id-8fc27ac2" elementRef="a01c3ba9" xsi:type="Element" x="540" y="348" w="120" h="55">
            <style>
              <fillColor r="201" g="231" b="183" a="100" />
              <lineColor r="92" g="92" b="92" a="100" />
              <font name="Lucida Grande" size="12">
                <color r="0" g="0" b="0" />
              </font>
            </style>
          </node>
          <node identifier="id-7512c513" elementRef="id-24cf3c88" xsi:type="Element" x="540" y="422" w="120" h="55">
            <style>
              <fillColor r="201" g="231" b="183" a="100" />
              <lineColor r="92" g="92" b="92" a="100" />
              <font name="Lucida Grande" size="12">
                <color r="0" g="0" b="0" />
              </font>
            </style>
          </node>
        </node>
        <node identifier="ab6db19b" elementRef="id-0e32e9be" xsi:type="Element" x="1091" y="84" w="217" h="109">
          <style>
            <fillColor r="181" g="255" b="255" a="100" />
            <lineColor r="92" g="92" b="92" a="100" />
            <font name="Lucida Grande" size="12">
              <color r="0" g="0" b="0" />
            </font>
          </style>
        </node>
        <node identifier="id-943435f2" elementRef="id-88b14c05" xsi:type="Element" x="1008" y="408" w="247" h="61">
          <style>
            <fillColor r="201" g="231" b="183" a="100" />
            <lineColor r="92" g="92" b="92" a="100" />
            <font name="Lucida Grande" size="12">
              <color r="0" g="0" b="0" />
            </font>
          </style>
        </node>
        <node identifier="f7f74eeb" elementRef="id-0d9524fe" xsi:type="Element" x="815" y="228" w="133" h="67">
          <style>
            <fillColor r="181" g="255" b="255" a="100" />
            <lineColor r="92" g="92" b="92" a="100" />
            <font name="Lucida Grande" size="12">
              <color r="0" g="0" b="0" />
            </font>
          </style>
        </node>
        <node identifier="id-14b3583d" elementRef="id-8a2e857d" xsi:type="Element" x="396" y="228" w="109" h="49">
          <style>
            <fillColor r="201" g="231" b="183" a="100" />
            <lineColor r="92" g="92" b="92" a="100" />
            <font name="Lucida Grande" size="12">
              <color r="0" g="0" b="0" />
            </font>
          </style>
        </node>
        <node identifier="id-46afb2af" elementRef="c19d3c56" xsi:type="Element" x="540" y="228" w="109" h="49">
          <style>
            <fillColor r="201" g="231" b="183" a="100" />
            <lineColor r="92" g="92" b="92" a="100" />
            <font name="Lucida Grande" size="12">
              <color r="0" g="0" b="0" />
            </font>
          </style>
        </node>
        <node identifier="d93fa26e" elementRef="id-9d71c4aa" xsi:type="Element" x="1140" y="240" w="120" h="55">
          <style>
            <fillColor r="181" g="255" b="255" a="100" />
            <lineColor r="92" g="92" b="92" a="100" />
            <font name="Lucida Grande" size="12">
              <color r="0" g="0" b="0" />
            </font>
          </style>
        </node>
        <node identifier="b4d87360" elementRef="id-67864f21" xsi:type="Element" x="1140" y="324" w="120" h="49">
          <style>
            <fillColor r="201" g="231" b="183" a="100" />
            <lineColor r="92" g="92" b="92" a="100" />
            <font name="Lucida Grande" size="12">
              <color r="0" g="0" b="0" />
            </font>
          </style>
        </node>
        <node identifier="id-3c84334c" elementRef="id-1d4adc67" xsi:type="Element" x="840" y="324" w="108" h="49">
          <style>
            <fillColor r="201" g="231" b="183" a="100" />
            <lineColor r="92" g="92" b="92" a="100" />
            <font name="Lucida Grande" size="12">
              <color r="0" g="0" b="0" />
            </font>
          </style>
        </node>
        <node identifier="ef0ff895" elementRef="id-91b7f123" xsi:type="Element" x="216" y="111" w="120" h="55">
          <style>
            <fillColor r="181" g="255" b="255" a="100" />
            <lineColor r="92" g="92" b="92" a="100" />
            <font name="Lucida Grande" size="12">
              <color r="0" g="0" b="0" />
            </font>
          </style>
        </node>
        <node identifier="id-768eb14a" elementRef="id-608571bd" xsi:type="Element" x="227" y="228" w="109" h="49">
          <style>
            <fillColor r="201" g="231" b="183" a="100" />
            <lineColor r="92" g="92" b="92" a="100" />
            <font name="Lucida Grande" size="12">
              <color r="0" g="0" b="0" />
            </font>
          </style>
        </node>
        <connection identifier="id-9cfbd802" relationshipRef="id-8b2ede84" xsi:type="Relationship" source="f4b6b391" target="f7f74eeb">
          <style>
            <lineColor r="0" g="0" b="0" />
            <font name="Lucida Grande" size="12">
              <color r="0" g="0" b="0" />
            </font>
          </style>
        </connection>
        <connection identifier="id-4637990c" relationshipRef="id-8341bd70" xsi:type="Relationship" source="f4b6b391" target="ef0ff895">
          <style>
            <lineColor r="0" g="0" b="0" />
            <font name="Lucida Grande" size="12">
              <color r="0" g="0" b="0" />
            </font>
          </style>
        </connection>
        <connection identifier="id-5141fc2b" relationshipRef="id-049e4501" xsi:type="Relationship" source="id-384a7942" target="f4b6b391">
          <style>
            <lineColor r="0" g="0" b="0" />
            <font name="Lucida Grande" size="12">
              <color r="0" g="0" b="0" />
            </font>
          </style>
        </connection>
        <connection identifier="fe7d3b28" relationshipRef="id-0d3c1eac" xsi:type="Relationship" source="id-384a7942" target="id-943435f2">
          <style>
            <lineColor r="0" g="0" b="0" />
            <font name="Lucida Grande" size="12">
              <color r="0" g="0" b="0" />
            </font>
          </style>
        </connection>
        <connection identifier="id-37e3477c" relationshipRef="id-5e2aa239" xsi:type="Relationship" source="id-384a7942" target="id-14b3583d">
          <style>
            <lineColor r="0" g="0" b="0" />
            <font name="Lucida Grande" size="12">
              <color r="0" g="0" b="0" />
            </font>
          </style>
        </connection>
        <connection identifier="id-16f5dc9f" relationshipRef="id-71a2379b" xsi:type="Relationship" source="id-384a7942" target="id-46afb2af">
          <style>
            <lineColor r="0" g="0" b="0" />
            <font name="Lucida Grande" size="12">
              <color r="0" g="0" b="0" />
            </font>
          </style>
        </connection>
        <connection identifier="e8b35fe3" relationshipRef="a7e1357f" xsi:type="Relationship" source="id-384a7942" target="id-768eb14a">
          <style>
            <lineColor r="0" g="0" b="0" />
            <font name="Lucida Grande" size="12">
              <color r="0" g="0" b="0" />
            </font>
          </style>
        </connection>
        <connection identifier="e8a0d197" relationshipRef="cf0427d5" xsi:type="Relationship" source="ab6db19b" target="d93fa26e">
          <style>
            <lineColor r="0" g="0" b="0" />
            <font name="Lucida Grande" size="12">
              <color r="0" g="0" b="0" />
            </font>
          </style>
        </connection>
        <connection identifier="id-07ce4b52" relationshipRef="id-18247b7c" xsi:type="Relationship" source="id-943435f2" target="b4d87360">
          <style>
            <lineColor r="0" g="0" b="0" />
            <font name="Lucida Grande" size="12">
              <color r="0" g="0" b="0" />
            </font>
          </style>
        </connection>
        <connection identifier="id-19726d33" relationshipRef="id-2994df7b" xsi:type="Relationship" source="id-14b3583d" target="f4b6b391">
          <style>
            <lineColor r="0" g="0" b="0" />
            <font name="Lucida Grande" size="12">
              <color r="0" g="0" b="0" />
            </font>
          </style>
        </connection>
        <connection identifier="eecffe99" relationshipRef="id-6e2f4b22" xsi:type="Relationship" source="id-46afb2af" target="f4b6b391">
          <style>
            <lineColor r="0" g="0" b="0" />
            <font name="Lucida Grande" size="12">
              <color r="0" g="0" b="0" />
            </font>
          </style>
        </connection>
        <connection identifier="id-9a1994b5" relationshipRef="id-1a680f99" xsi:type="Relationship" source="d93fa26e" target="f7f74eeb">
          <style>
            <lineColor r="0" g="0" b="0" />
            <font name="Lucida Grande" size="12">
              <color r="0" g="0" b="0" />
            </font>
          </style>
        </connection>
        <connection identifier="id-8ab96989" relationshipRef="id-18eb6747" xsi:type="Relationship" source="b4d87360" target="d93fa26e">
          <style>
            <lineColor r="0" g="0" b="0" />
            <font name="Lucida Grande" size="12">
              <color r="0" g="0" b="0" />
            </font>
          </style>
        </connection>
        <connection identifier="id-2be78b33" relationshipRef="da3d1a32" xsi:type="Relationship" source="id-3c84334c" target="f7f74eeb">
          <style>
            <lineColor r="0" g="0" b="0" />
            <font name="Lucida Grande" size="12">
              <color r="0" g="0" b="0" />
            </font>
          </style>
        </connection>
        <connection identifier="e1b1b6fe" relationshipRef="id-1721a617" xsi:type="Relationship" source="id-768eb14a" target="ef0ff895">
          <style>
            <lineColor r="0" g="0" b="0" />
            <font name="Lucida Grande" size="12">
              <color r="0" g="0" b="0" />
            </font>
          </style>
        </connection>
      </view>
    </diagrams>
  </views>
</model>
