{"identifier":"https://me.big.tuwien.ac.at/EAModelSet/id-60bd15bf","archimateId":"id-60bd15bf","name":"PSN ModelMate for API Analysis","description":"","formats":["XML","CSV","JSON","ARCHIMATE"],"source":"GitHub","repository":"mwherman2000/PSN.ModelMate","license":"MIT License","sourceFile":"raw-data/github/xml/psn_modelmate_for_api_analysis5.xml","sourceFormat":"XML","timestamp":"2023-07-06T09:29:17","tags":["DUPLICATE"],"duplicates":["raw-data/github/xml/psn_modelmate_for_api_analysis3.xml","raw-data/github/xml/psn_modelmate_for_api_analysis.xml"],"language":"en","elements":[{"id":"df39801b","name":"Application Component","type":"ApplicationComponent","layer":"application"},{"id":"id-5e100dcd","name":"Application Interface","type":"ApplicationInterface","layer":"application"},{"id":"id-4c71f639","name":"Application Function","type":"ApplicationFunction","layer":"application"},{"id":"a0f4734c","name":"Data Object","type":"DataObject","layer":"application"},{"id":"id-718159d0","name":"Application Service","type":"ApplicationService","layer":"application"},{"id":"id-208c7762","name":"VetContext1.TestWinForms1.exe","type":"ApplicationComponent","layer":"application"},{"id":"id-7a213639","name":"VetContextHelper.dll","type":"ApplicationComponent","layer":"application"},{"id":"id-899c17c6","name":"VetContext1.Helpers","type":"ApplicationInterface","layer":"application"},{"id":"id-23804f16","name":"VetContext1.TestWinForms1.MainForm1","type":"ApplicationInterface","layer":"application"},{"id":"bf6ec06a","name":"VetContext1.TestWinForms1.NewPatientForm","type":"ApplicationInterface","layer":"application"},{"id":"id-3026ff95","name":"VetContext1.TestWinForms1.Program","type":"ApplicationInterface","layer":"application"},{"id":"id-9c88897c","name":"System.Data.dll","type":"Artifact","layer":"technology"},{"id":"bc216ad8","name":"File (.exe or .dll)","type":"Artifact","layer":"technology"},{"id":"id-7ba8856c","name":"MethodDefinition (ctors & methods)","type":"Artifact","layer":"technology"},{"id":"f5d11a99","name":"CilWorker","type":"Artifact","layer":"technology"},{"id":"id-53cd0dc7","name":"Instructions","type":"Artifact","layer":"technology"},{"id":"dd75be03","name":"AssemblyDefinition","type":"Artifact","layer":"technology"},{"id":"id-1bf0f3be","name":"ModuleDefinition (MainModule)","type":"Artifact","layer":"technology"},{"id":"f5b54d05","name":"TypeDefinition","type":"Artifact","layer":"technology"},{"id":"id-205040a8","name":"Types","type":"Artifact","layer":"technology"},{"id":"bb846386","name":"Body","type":"Artifact","layer":"technology"},{"id":"id-6213384b","name":"FieldDefinition","type":"Artifact","layer":"technology"},{"id":"id-2a1db38c","name":"PropertyDefinition","type":"Artifact","layer":"technology"},{"id":"d2e2e609","name":"Methods, Constructors","type":"Artifact","layer":"technology"},{"id":"id-8ca64896","name":"Fields","type":"Artifact","layer":"technology"},{"id":"id-97f41098","name":"Properties","type":"Artifact","layer":"technology"},{"id":"bb2697a4","name":"AssemblyReferences","type":"Artifact","layer":"technology"},{"id":"id-9c8e95d8","name":"Instruction","type":"Artifact","layer":"technology"},{"id":"id-51c4570e","name":"Instruction (instruction.OpCode == OpCodes.Call)","type":"Artifact","layer":"technology"},{"id":"id-3238bb02","name":"MethodReference","type":"Artifact","layer":"technology"},{"id":"id-7f30b0ad","name":"Instruction (instruction.OpCode == OpCodes.Ldfld)","type":"Artifact","layer":"technology"},{"id":"id-5960c797","name":"FieldReference","type":"Artifact","layer":"technology"},{"id":"df853636","name":"ReturnType (e.g. System.Void)","type":"Artifact","layer":"technology"},{"id":"d046beea","name":"Artifact","type":"Artifact","layer":"technology"},{"id":"id-89291244","name":"System Software","type":"SystemSoftware","layer":"technology"},{"id":"id-45fc24a1","name":"Infrastructure Function","type":"TechnologyFunction","layer":"technology"},{"id":"id-14a56e98","name":"Infrastructure Interface","type":"TechnologyInterface","layer":"technology"},{"id":"id-7f01bbd5","name":"Infrastructure Service","type":"TechnologyService","layer":"technology"},{"id":"id-619c352e","name":"System.Data.Entity.Utilities.ByteExtensions","type":"TechnologyInterface","layer":"technology"},{"id":"cb4c73fc","name":"EntityFramework.dll","type":"SystemSoftware","layer":"technology"},{"id":"cd247a08","name":"mscorlib.dll","type":"SystemSoftware","layer":"technology"},{"id":"c6109bf3","name":"EntityFramework.dll","type":"Artifact","layer":"technology"},{"id":"id-6bb4e7ef","name":"mscorlib.dll","type":"Artifact","layer":"technology"},{"id":"bf5a75bb","name":"VetContext1.TestWinForms1.exe","type":"Artifact","layer":"technology"},{"id":"id-6a431902","name":"VetContextHelper.dll","type":"Artifact","layer":"technology"}],"relationships":[{"id":"id-6db01ebf","sourceId":"id-619c352e","targetId":"cb4c73fc","type":"Serving"},{"id":"id-5c0b4cad","sourceId":"id-619c352e","targetId":"bf6ec06a","type":"Serving"},{"id":"id-2a3f207f","sourceId":"id-23804f16","targetId":"id-208c7762","type":"Serving"},{"id":"id-67712dd2","sourceId":"id-3026ff95","targetId":"id-208c7762","type":"Serving"},{"id":"f2c54739","sourceId":"bf6ec06a","targetId":"id-208c7762","type":"Serving"},{"id":"id-55349e38","sourceId":"id-899c17c6","targetId":"id-7a213639","type":"Serving"},{"id":"id-283c5f09","sourceId":"cb4c73fc","targetId":"id-208c7762","type":"Serving"},{"id":"b8850043","sourceId":"id-7a213639","targetId":"id-208c7762","type":"Serving"},{"id":"ed158ea0","sourceId":"cd247a08","targetId":"cb4c73fc","type":"Serving"},{"id":"id-461df286","sourceId":"c6109bf3","targetId":"cb4c73fc","type":"Realization"},{"id":"id-34ee475a","sourceId":"id-6bb4e7ef","targetId":"cd247a08","type":"Realization"},{"id":"ad353354","sourceId":"bf5a75bb","targetId":"id-208c7762","type":"Realization"},{"id":"id-496136cb","sourceId":"id-6a431902","targetId":"id-7a213639","type":"Realization"},{"id":"id-1a928853","sourceId":"id-9c88897c","targetId":"id-619c352e","type":"Realization"},{"id":"id-7d360b96","sourceId":"bc216ad8","targetId":"id-1bf0f3be","type":"Association"},{"id":"id-608d8467","sourceId":"d2e2e609","targetId":"id-7ba8856c","type":"Aggregation"},{"id":"id-6ee86b94","sourceId":"bc216ad8","targetId":"dd75be03","type":"Association"},{"id":"id-63f9f159","sourceId":"id-1bf0f3be","targetId":"id-205040a8","type":"Association"},{"id":"id-1b9a49e8","sourceId":"id-205040a8","targetId":"f5b54d05","type":"Aggregation"},{"id":"id-7b706ee2","sourceId":"bb846386","targetId":"f5d11a99","type":"Association"},{"id":"id-404c005c","sourceId":"id-7ba8856c","targetId":"bb846386","type":"Association"},{"id":"id-54fbda4e","sourceId":"bb846386","targetId":"id-53cd0dc7","type":"Association"},{"id":"d55845eb","sourceId":"id-8ca64896","targetId":"id-6213384b","type":"Aggregation"},{"id":"dbea7ee9","sourceId":"id-97f41098","targetId":"id-2a1db38c","type":"Aggregation"},{"id":"id-94f1e1c3","sourceId":"f5b54d05","targetId":"d2e2e609","type":"Association"},{"id":"id-21837b00","sourceId":"id-2a1db38c","targetId":"id-7ba8856c","type":"Aggregation"},{"id":"eb15c67b","sourceId":"f5b54d05","targetId":"id-8ca64896","type":"Association"},{"id":"f24ca19d","sourceId":"f5b54d05","targetId":"id-97f41098","type":"Association"},{"id":"b382bd78","sourceId":"id-1bf0f3be","targetId":"bb2697a4","type":"Association"},{"id":"ffa65782","sourceId":"id-53cd0dc7","targetId":"id-9c8e95d8","type":"Aggregation"},{"id":"id-22d3799d","sourceId":"id-9c8e95d8","targetId":"id-51c4570e","type":"Association"},{"id":"f259f122","sourceId":"id-51c4570e","targetId":"id-3238bb02","type":"Association"},{"id":"c5bc7b59","sourceId":"id-7f30b0ad","targetId":"id-5960c797","type":"Association"},{"id":"id-2fb87559","sourceId":"id-9c8e95d8","targetId":"id-7f30b0ad","type":"Association"},{"id":"id-9088624e","sourceId":"dd75be03","targetId":"id-1bf0f3be","type":"Association"},{"id":"c76e6047","sourceId":"id-6213384b","targetId":"a0f4734c","type":"Association"},{"id":"id-3f87435f","sourceId":"id-5960c797","targetId":"a0f4734c","type":"Association"},{"id":"id-1ab8a888","sourceId":"bc216ad8","targetId":"d046beea","type":"Association"},{"id":"id-9d0d4ec7","sourceId":"id-3238bb02","targetId":"id-14a56e98","type":"Association"},{"id":"fcad7b7f","sourceId":"id-1bf0f3be","targetId":"id-4c71f639","type":"Association"},{"id":"df1a6376","sourceId":"id-1bf0f3be","targetId":"id-45fc24a1","type":"Association"},{"id":"e9daafe0","sourceId":"f5b54d05","targetId":"id-7f01bbd5","type":"Association"},{"id":"d7b3db05","sourceId":"f5b54d05","targetId":"id-718159d0","type":"Association"},{"id":"id-8e61a519","sourceId":"df853636","targetId":"id-14a56e98","type":"Association"},{"id":"b177fb86","sourceId":"df853636","targetId":"id-5e100dcd","type":"Association"},{"id":"id-619d7e21","sourceId":"id-7ba8856c","targetId":"id-14a56e98","type":"Association"},{"id":"id-73e76e72","sourceId":"id-7ba8856c","targetId":"id-5e100dcd","type":"Association"},{"id":"id-121ffd67","sourceId":"d046beea","targetId":"df39801b","type":"Realization"},{"id":"id-846a612a","sourceId":"d046beea","targetId":"id-89291244","type":"Realization"},{"id":"id-6ae18086","sourceId":"id-14a56e98","targetId":"id-5e100dcd","type":"Serving"},{"id":"id-126d1196","sourceId":"id-3238bb02","targetId":"id-5e100dcd","type":"Association"},{"id":"id-18ba669d","sourceId":"id-89291244","targetId":"id-45fc24a1","type":"Serving"},{"id":"id-84dfd505","sourceId":"df39801b","targetId":"id-4c71f639","type":"Serving"},{"id":"id-6052fa43","sourceId":"id-45fc24a1","targetId":"id-7f01bbd5","type":"Realization"},{"id":"id-650c1f7e","sourceId":"id-4c71f639","targetId":"id-718159d0","type":"Realization"},{"id":"id-92172e54","sourceId":"dd75be03","targetId":"df39801b","type":"Association"},{"id":"b7120d96","sourceId":"dd75be03","targetId":"id-89291244","type":"Association"},{"id":"f62a0232","sourceId":"id-718159d0","targetId":"id-14a56e98","type":"Association"},{"id":"id-0385abfe","sourceId":"id-7f01bbd5","targetId":"id-5e100dcd","type":"Association"}],"views":[{"id":"id-900060fa","name":"ModelMateSample1","viewpoint":""},{"id":"id-015ee199","name":"Cecil OM","viewpoint":""}]}