<?xml version="1.0" encoding="UTF-8"?><model xmlns="http://www.opengroup.org/xsd/archimate/3.0/" xmlns:xsi="http://www.w3.org/2001/XMLSchema-instance" identifier="_nDgqMHirEeyzq6ra3GZCdA">  <name xml:lang="en">Hausarbeit3</name>  <elements>    <element xsi:type="Goal" identifier="_S7jbkF9LEDq77q5UQ6mAVg">      <name xml:lang="en">Absicherung eines autonomen Busses</name>      <documentation/>    </element>    <element xsi:type="Driver" identifier="_X7lm8F9LEDq77q5UQ6mAVg">      <name xml:lang="en">Digitalisierung des Verkehrs</name>      <documentation/>    </element>    <element xsi:type="Driver" identifier="_mkAo4F9LEDq77q5UQ6mAVg">      <name xml:lang="en">Mehr Kapazitäten im ÖPNV wegen des Klimawandels</name>      <documentation/>    </element>    <element xsi:type="Outcome" identifier="_NSazYF9MEDq77q5UQ6mAVg">      <name xml:lang="en">Priorisierung am Knotenpunkt</name>      <documentation/>    </element>    <element xsi:type="Outcome" identifier="_NnnnUF9MEDq77q5UQ6mAVg">      <name xml:lang="en">Monitoring des Knotenpunktbereiches</name>      <documentation/>    </element>    <element xsi:type="Outcome" identifier="_N1MwUF9MEDq77q5UQ6mAVg">      <name xml:lang="en">Monitoring des Haltestellenbereiches</name>      <documentation/>    </element>    <element xsi:type="BusinessService" identifier="_jzAEYF9MEDq77q5UQ6mAVg">      <name xml:lang="en">ÖPNV Priorisation Service</name>      <documentation/>    </element>    <element xsi:type="BusinessService" identifier="_rtMTwF9MEDq77q5UQ6mAVg">      <name xml:lang="en">Knotenpunkt Pilot</name>      <documentation/>    </element>    <element xsi:type="BusinessService" identifier="_v9BxQF9MEDq77q5UQ6mAVg">      <name xml:lang="en">Haltestellen Monitor</name>      <documentation/>    </element>    <element xsi:type="BusinessRole" identifier="_G2Qy0F9NEDq77q5UQ6mAVg">      <name xml:lang="en">Verkehrsbetriebe</name>      <documentation/>    </element>    <element xsi:type="BusinessRole" identifier="_p3mOoF9NEDq77q5UQ6mAVg">      <name xml:lang="en">Infrastrukturbetreiber</name>      <documentation/>    </element>    <element xsi:type="BusinessProcess" identifier="_B8lRoF9OEDq77q5UQ6mAVg">      <name xml:lang="en">Prio anfordern</name>      <documentation/>    </element>    <element xsi:type="BusinessProcess" identifier="_CRt0IF9OEDq77q5UQ6mAVg">      <name xml:lang="en">Steuerung</name>      <documentation/>    </element>    <element xsi:type="ApplicationService" identifier="_RlYygF9OEDq77q5UQ6mAVg">      <name xml:lang="en">ÖPNV Flotte betreiben</name>      <documentation/>    </element>    <element xsi:type="BusinessProcess" identifier="_DeD2AF9PEDq77q5UQ6mAVg">      <name xml:lang="en">Bereitstellung im Fahrzeug</name>      <documentation/>    </element>    <element xsi:type="ApplicationService" identifier="_NONhcF9PEDq77q5UQ6mAVg">      <name xml:lang="en">Verkehrsmanagemnet System betreiben</name>      <documentation/>    </element>    <element xsi:type="ApplicationProcess" identifier="_TY9McF9PEDq77q5UQ6mAVg">      <name xml:lang="en">ÖPNV Prio anfordern im Feld</name>      <documentation/>    </element>    <element xsi:type="ApplicationProcess" identifier="_T7R2YF9PEDq77q5UQ6mAVg">      <name xml:lang="en">LSA Steuerung ausschließlich im Feld</name>      <documentation/>    </element>    <element xsi:type="ApplicationInterface" identifier="_XepPcF9PEDq77q5UQ6mAVg">      <name xml:lang="en">SRRM</name>      <documentation/>    </element>    <element xsi:type="ApplicationInterface" identifier="_YClC8F9PEDq77q5UQ6mAVg">      <name xml:lang="en">SSEM</name>      <documentation/>    </element>    <element xsi:type="Goal" identifier="_vC2UQF-JEDq5GtE6hmBTaQ">      <name xml:lang="en">Verkehr früzeitig managen und Staubildung vermeiden, Verkehrsnetz bestmöglich ausnutzen</name>      <documentation/>    </element>    <element xsi:type="ApplicationInterface" identifier="_ri-KQGAcEDqWTfhAh_XT0w">      <name xml:lang="en">SPAT MAP</name>      <documentation/>    </element>    <element xsi:type="Node" identifier="_vpBZoGAcEDqWTfhAh_XT0w">      <name xml:lang="en">Fahrzeug</name>      <documentation/>    </element>    <element xsi:type="Node" identifier="_1naDoGAcEDqWTfhAh_XT0w">      <name xml:lang="en">Steuergerät RSU</name>      <documentation/>    </element>    <element xsi:type="Device" identifier="_3NyyoGAcEDqWTfhAh_XT0w">      <name xml:lang="en">Signalgeber</name>      <documentation/>    </element>    <element xsi:type="Device" identifier="__GP8oGAcEDqWTfhAh_XT0w">      <name xml:lang="en">WLAN / ETSI G% KOM</name>      <documentation/>    </element>    <element xsi:type="Driver" identifier="_0iQHgGAeEDqWTfhAh_XT0w">      <name xml:lang="en">Infrastruktur unterstützen durch Automatisierten </name>      <documentation/>    </element>    <element xsi:type="Driver" identifier="__WdQ8GAeEDqWTfhAh_XT0w">      <name xml:lang="en">Mobilität effizienter, sicherer, umweltverträglicher machen</name>      <documentation/>    </element>    <element xsi:type="Driver" identifier="_PrPRkGAgEDqwtezu6Q8IGw">      <name xml:lang="en">Verkehrsteilnehmer vorwarnen um Stau zu vermeiden</name>      <documentation/>    </element>    <element xsi:type="Driver" identifier="_uC260GAhEDqwtezu6Q8IGw">      <name xml:lang="en">Gesamtverkehr möglichst wenig belasten</name>      <documentation/>    </element>    <element xsi:type="BusinessRole" identifier="_3RX40GAhEDqwtezu6Q8IGw">      <name xml:lang="en">Role</name>      <documentation/>    </element>    <element xsi:type="Outcome" identifier="_CMmQQGAiEDqwtezu6Q8IGw">      <name xml:lang="en">Verkehrsteilnehmer werden über Störung informiert</name>      <documentation/>    </element>    <element xsi:type="Outcome" identifier="_Z05-UGAiEDqwtezu6Q8IGw">      <name xml:lang="en">Umleitung durchführen</name>      <documentation/>    </element>    <element xsi:type="BusinessRole" identifier="_kCcwYGAiEDqwtezu6Q8IGw">      <name xml:lang="en">Role</name>      <documentation/>    </element>    <element xsi:type="BusinessService" identifier="_m1uJQGAiEDqwtezu6Q8IGw">      <name xml:lang="en">Anzeigen informieren Verkehrsteilnehmer</name>      <documentation/>    </element>    <element xsi:type="BusinessService" identifier="_yegKQGAiEDqwtezu6Q8IGw">      <name xml:lang="en">Fahrbahnsperrung</name>      <documentation/>    </element>    <element xsi:type="BusinessService" identifier="_OLt4MGAjEDqwtezu6Q8IGw">      <name xml:lang="en">Spurfreigabe</name>      <documentation/>    </element>    <element xsi:type="BusinessRole" identifier="_tW9MMGAjEDqwtezu6Q8IGw">      <name xml:lang="en">Infrastrukturbetreiber</name>      <documentation/>    </element>    <element xsi:type="BusinessService" identifier="_D1GNMGAkEDqwtezu6Q8IGw">      <name xml:lang="en">Radiofunk informiert Verkehrsteilnehmer</name>      <documentation/>    </element>    <element xsi:type="BusinessRole" identifier="_Leg1oGAkEDqwtezu6Q8IGw">      <name xml:lang="en">Radio Broadcaster</name>      <documentation/>    </element>    <element xsi:type="BusinessProcess" identifier="_fCfyoGAkEDqwtezu6Q8IGw">      <name xml:lang="en">Unfallmeldung wird bereitgestellt</name>      <documentation/>    </element>    <element xsi:type="BusinessProcess" identifier="_4eYXIGAkEDqwtezu6Q8IGw">      <name xml:lang="en">Dynamische Beschilderung entlang der Straße</name>      <documentation/>    </element>    <element xsi:type="BusinessProcess" identifier="_EOoSEGAlEDqwtezu6Q8IGw">      <name xml:lang="en">Spurfreigabe und Fahrbahnsperrung </name>      <documentation/>    </element>    <element xsi:type="BusinessService" identifier="_jTc1AGAlEDqwtezu6Q8IGw">      <name xml:lang="en">Navigationssysteme informieren oder zeigen andere Route</name>      <documentation/>    </element>    <element xsi:type="BusinessRole" identifier="_uNF4EGAlEDqwtezu6Q8IGw">      <name xml:lang="en"></name>      <documentation/>    </element>    <element xsi:type="BusinessProcess" identifier="_zufEEGAlEDqwtezu6Q8IGw">      <name xml:lang="en">Navi wählt neue Route</name>      <documentation/>    </element>    <element xsi:type="ApplicationService" identifier="_AfOWMGAnEDqwtezu6Q8IGw">      <name xml:lang="en">Navigations App</name>      <documentation/>    </element>    <element xsi:type="ApplicationService" identifier="_DvOuYGAnEDqwtezu6Q8IGw">      <name xml:lang="en">Verkehrsmanagemnet System betreiben</name>      <documentation/>    </element>    <element xsi:type="ApplicationProcess" identifier="_F_IUcGAnEDqwtezu6Q8IGw">      <name xml:lang="en">Process</name>      <documentation/>    </element>    <element xsi:type="ApplicationProcess" identifier="_Ga974GAnEDqwtezu6Q8IGw">      <name xml:lang="en">Process</name>      <documentation/>    </element>    <element xsi:type="Device" identifier="_I4598GAnEDqwtezu6Q8IGw">      <name xml:lang="en">Device</name>      <documentation/>    </element>    <element xsi:type="Node" identifier="_J6YCAGAnEDqwtezu6Q8IGw">      <name xml:lang="en">Node</name>      <documentation/>    </element>    <element xsi:type="ApplicationService" identifier="_8EKNMGAzEDqwtezu6Q8IGw">      <name xml:lang="en">Service</name>      <documentation/>    </element>    <element xsi:type="ApplicationInterface" identifier="_Ip9QEGA0EDqwtezu6Q8IGw">      <name xml:lang="en">Karte die Routenwahl anzeigt</name>      <documentation/>    </element>    <element xsi:type="Node" identifier="_T9h2EGA0EDqwtezu6Q8IGw">      <name xml:lang="en">Rechenzentrum eines Service Providers</name>      <documentation/>    </element>    <element xsi:type="Device" identifier="_WIw-kGA0EDqwtezu6Q8IGw">      <name xml:lang="en">Smartphone</name>      <documentation/>    </element>    <element xsi:type="Device" identifier="_X4w8kGA0EDqwtezu6Q8IGw">      <name xml:lang="en">Navi</name>      <documentation/>    </element>    <element xsi:type="Driver" identifier="_RKFPYGHnEDqAFo21dRht4w">      <name xml:lang="en">ÖPNV Netz erweitern</name>      <documentation/>    </element>    <element xsi:type="Outcome" identifier="_lzysEGHsEDqAFo21dRht4w">      <name xml:lang="en">Begleitendes Personal</name>      <documentation/>    </element>    <element xsi:type="BusinessService" identifier="_8vevQGHtEDqAFo21dRht4w">      <name xml:lang="en">Begleitendes Personal zur Fahrgastunterstützung</name>      <documentation/>    </element>    <element xsi:type="Node" identifier="_40hRYGH0EDqAFo21dRht4w">      <name xml:lang="en">VNZ</name>      <documentation/>    </element>    <element xsi:type="Node" identifier="_6RQ8MGH0EDqAFo21dRht4w">      <name xml:lang="en">RSU</name>      <documentation/>    </element>    <element xsi:type="Device" identifier="_7pKjQGH0EDqAFo21dRht4w">      <name xml:lang="en">Sensor</name>      <documentation/>    </element>    <element xsi:type="Driver" identifier="_r61FUGH4EDq9k-vR0SiRgQ">      <name xml:lang="en"> Verkehr umleiten</name>      <documentation/>    </element>    <element xsi:type="Driver" identifier="_b6l-QGIsEDqp7YaXCIK21g">      <name xml:lang="en">Emissionen reduzieren</name>      <documentation/>    </element>    <element xsi:type="Driver" identifier="_qgAvgGIsEDqp7YaXCIK21g">      <name xml:lang="en">Sicherung der Unfallstelle und der Rettungs- und Aufräumarbeiten</name>      <documentation/>    </element>    <element xsi:type="Outcome" identifier="_9dJu8GIsEDqp7YaXCIK21g">      <name xml:lang="en">Monitoring der Verkehrslage</name>      <documentation/>    </element>    <element xsi:type="Outcome" identifier="_6CeiYGItEDqp7YaXCIK21g">      <name xml:lang="en">Outcome</name>      <documentation/>    </element>    <element xsi:type="BusinessService" identifier="_4zpiUGIuEDqp7YaXCIK21g">      <name xml:lang="en">Verkehrsüberwachung mit Kameras und Sensoren </name>      <documentation/>    </element>    <element xsi:type="BusinessProcess" identifier="_eNvlQGIvEDqp7YaXCIK21g">      <name xml:lang="en">Detektion mit stationärer und mobilen Elementen</name>      <documentation/>    </element>    <element xsi:type="BusinessService" identifier="_7Pp1QGIvEDqp7YaXCIK21g">      <name xml:lang="en">Service</name>      <documentation/>    </element>    <element xsi:type="ApplicationInterface" identifier="_DQWVQGIwEDqp7YaXCIK21g">      <name xml:lang="en">Fahrassistenz-System</name>      <documentation/>    </element>    <element xsi:type="ApplicationProcess" identifier="_FtRqsGIwEDqp7YaXCIK21g">      <name xml:lang="en">Process</name>      <documentation/>    </element>    <element xsi:type="Node" identifier="_keuJMGIxEDqp7YaXCIK21g">      <name xml:lang="en">Fahrzeuge</name>      <documentation/>    </element>    <element xsi:type="Device" identifier="_8yHboGIxEDqp7YaXCIK21g">      <name xml:lang="en">Sensoren</name>      <documentation/>    </element>    <element xsi:type="Device" identifier="_E_25IGIyEDqp7YaXCIK21g">      <name xml:lang="en">Kameras</name>      <documentation/>    </element>    <element xsi:type="Node" identifier="_cHHvoGIyEDqp7YaXCIK21g">      <name xml:lang="en">RSU</name>      <documentation/>    </element>    <element xsi:type="Node" identifier="_m860gGIyEDqp7YaXCIK21g">      <name xml:lang="en">Verkehrsrechnerzentralen</name>      <documentation/>    </element>    <element xsi:type="Device" identifier="_LzU7kGIzEDqp7YaXCIK21g">      <name xml:lang="en">WLAN / ETSI </name>      <documentation/>    </element>    <element xsi:type="ApplicationService" identifier="_qPotAGIzEDqp7YaXCIK21g">      <name xml:lang="en">Verkehrsmanagemnet System betreiben</name>      <documentation/>    </element>    <element xsi:type="BusinessRole" identifier="_CczUQGI3EDqp7YaXCIK21g">      <name xml:lang="en">Role</name>      <documentation/>    </element>    <element xsi:type="BusinessRole" identifier="_PoiVwGI3EDqp7YaXCIK21g">      <name xml:lang="en">Verkehrsteilnehmer</name>      <documentation/>    </element>    <element xsi:type="ApplicationInterface" identifier="_MpacwGI4EDqp7YaXCIK21g">      <name xml:lang="en">Fahrassistenz-System</name>      <documentation/>    </element>    <element xsi:type="ApplicationService" identifier="_SVBUsGI4EDqp7YaXCIK21g">      <name xml:lang="en">Service</name>      <documentation/>    </element>    <element xsi:type="TechnologyInterface" identifier="_eix-IGJQEDqp7YaXCIK21g">      <name xml:lang="en">WLAN / ETSI </name>      <documentation/>    </element>    <element xsi:type="TechnologyInterface" identifier="_qXrIgGJQEDqp7YaXCIK21g">      <name xml:lang="en">WLAN / ETSI G% KOM</name>      <documentation/>    </element>    <element xsi:type="BusinessRole" identifier="_AvthgGJREDqp7YaXCIK21g">      <name xml:lang="en">Navigations Server Provider</name>      <documentation/>    </element>    <element xsi:type="ApplicationInterface" identifier="_O43NgGJREDqp7YaXCIK21g">      <name xml:lang="en">Anzeige von Infrastruktur</name>      <documentation/>    </element>  </elements>  <relationships>    <relationship xsi:type="Influence" identifier="_gHM9gF9LEDq77q5UQ6mAVg" source="_X7lm8F9LEDq77q5UQ6mAVg" target="_S7jbkF9LEDq77q5UQ6mAVg">      <name xml:lang="en"/>      <documentation/>    </relationship>    <relationship xsi:type="Influence" identifier="_sZxiYF9LEDq77q5UQ6mAVg" source="_mkAo4F9LEDq77q5UQ6mAVg" target="_S7jbkF9LEDq77q5UQ6mAVg">      <name xml:lang="en"/>      <documentation/>    </relationship>    <relationship xsi:type="Influence" identifier="_U1C3UF9MEDq77q5UQ6mAVg" source="_S7jbkF9LEDq77q5UQ6mAVg" target="_NSazYF9MEDq77q5UQ6mAVg">      <name xml:lang="en"/>      <documentation/>    </relationship>    <relationship xsi:type="Influence" identifier="_VXh5UF9MEDq77q5UQ6mAVg" source="_S7jbkF9LEDq77q5UQ6mAVg" target="_NnnnUF9MEDq77q5UQ6mAVg">      <name xml:lang="en"/>      <documentation/>    </relationship>    <relationship xsi:type="Influence" identifier="_WIcY4F9MEDq77q5UQ6mAVg" source="_S7jbkF9LEDq77q5UQ6mAVg" target="_N1MwUF9MEDq77q5UQ6mAVg">      <name xml:lang="en"/>      <documentation/>    </relationship>    <relationship xsi:type="Realization" identifier="_lKRZUF9MEDq77q5UQ6mAVg" source="_jzAEYF9MEDq77q5UQ6mAVg" target="_NSazYF9MEDq77q5UQ6mAVg">      <name xml:lang="en"/>      <documentation/>    </relationship>    <relationship xsi:type="Realization" identifier="_tEVF0F9MEDq77q5UQ6mAVg" source="_rtMTwF9MEDq77q5UQ6mAVg" target="_NnnnUF9MEDq77q5UQ6mAVg">      <name xml:lang="en"/>      <documentation/>    </relationship>    <relationship xsi:type="Realization" identifier="_xt21sF9MEDq77q5UQ6mAVg" source="_v9BxQF9MEDq77q5UQ6mAVg" target="_N1MwUF9MEDq77q5UQ6mAVg">      <name xml:lang="en"/>      <documentation/>    </relationship>    <relationship xsi:type="Association" identifier="_jmEmMF9NEDq77q5UQ6mAVg" source="_G2Qy0F9NEDq77q5UQ6mAVg" target="_jzAEYF9MEDq77q5UQ6mAVg">      <name xml:lang="en"/>      <documentation/>    </relationship>    <relationship xsi:type="Association" identifier="_rwiGMF9NEDq77q5UQ6mAVg" source="_p3mOoF9NEDq77q5UQ6mAVg" target="_rtMTwF9MEDq77q5UQ6mAVg">      <name xml:lang="en"/>      <documentation/>    </relationship>    <relationship xsi:type="Association" identifier="_votRoF9NEDq77q5UQ6mAVg" source="_p3mOoF9NEDq77q5UQ6mAVg" target="_jzAEYF9MEDq77q5UQ6mAVg">      <name xml:lang="en"/>      <documentation/>    </relationship>    <relationship xsi:type="Association" identifier="_2dbGsF9NEDq77q5UQ6mAVg" source="_p3mOoF9NEDq77q5UQ6mAVg" target="_v9BxQF9MEDq77q5UQ6mAVg">      <name xml:lang="en"/>      <documentation/>    </relationship>    <relationship xsi:type="Realization" identifier="_JY-KsF9OEDq77q5UQ6mAVg" source="_B8lRoF9OEDq77q5UQ6mAVg" target="_jzAEYF9MEDq77q5UQ6mAVg">      <name xml:lang="en"/>      <documentation/>    </relationship>    <relationship xsi:type="Realization" identifier="_CPyFAF9PEDq77q5UQ6mAVg" source="_CRt0IF9OEDq77q5UQ6mAVg" target="_jzAEYF9MEDq77q5UQ6mAVg">      <name xml:lang="en"/>      <documentation/>    </relationship>    <relationship xsi:type="Realization" identifier="_Hxs1cF9PEDq77q5UQ6mAVg" source="_DeD2AF9PEDq77q5UQ6mAVg" target="_jzAEYF9MEDq77q5UQ6mAVg">      <name xml:lang="en"/>      <documentation/>    </relationship>    <relationship xsi:type="Realization" identifier="_LttYAF9PEDq77q5UQ6mAVg" source="_RlYygF9OEDq77q5UQ6mAVg" target="_jzAEYF9MEDq77q5UQ6mAVg">      <name xml:lang="en"/>      <documentation/>    </relationship>    <relationship xsi:type="Realization" identifier="_Q4IOcF9PEDq77q5UQ6mAVg" source="_NONhcF9PEDq77q5UQ6mAVg" target="_jzAEYF9MEDq77q5UQ6mAVg">      <name xml:lang="en"/>      <documentation/>    </relationship>    <relationship xsi:type="Realization" identifier="_gSNnsGAcEDqWTfhAh_XT0w" source="_TY9McF9PEDq77q5UQ6mAVg" target="_B8lRoF9OEDq77q5UQ6mAVg">      <name xml:lang="en"/>      <documentation/>    </relationship>    <relationship xsi:type="Association" identifier="_jH3mMGAcEDqWTfhAh_XT0w" source="_XepPcF9PEDq77q5UQ6mAVg" target="_TY9McF9PEDq77q5UQ6mAVg">      <name xml:lang="en"/>      <documentation/>    </relationship>    <relationship xsi:type="Association" identifier="_kilQsGAcEDqWTfhAh_XT0w" source="_YClC8F9PEDq77q5UQ6mAVg" target="_TY9McF9PEDq77q5UQ6mAVg">      <name xml:lang="en"/>      <documentation/>    </relationship>    <relationship xsi:type="Association" identifier="_pGLXsGAcEDqWTfhAh_XT0w" source="_YClC8F9PEDq77q5UQ6mAVg" target="_T7R2YF9PEDq77q5UQ6mAVg">      <name xml:lang="en"/>      <documentation/>    </relationship>    <relationship xsi:type="Association" identifier="_pw-BIGAcEDqWTfhAh_XT0w" source="_XepPcF9PEDq77q5UQ6mAVg" target="_T7R2YF9PEDq77q5UQ6mAVg">      <name xml:lang="en"/>      <documentation/>    </relationship>    <relationship xsi:type="Association" identifier="_twaSMGAcEDqWTfhAh_XT0w" source="_ri-KQGAcEDqWTfhAh_XT0w" target="_TY9McF9PEDq77q5UQ6mAVg">      <name xml:lang="en"/>      <documentation/>    </relationship>    <relationship xsi:type="Association" identifier="_uOn4MGAcEDqWTfhAh_XT0w" source="_ri-KQGAcEDqWTfhAh_XT0w" target="_T7R2YF9PEDq77q5UQ6mAVg">      <name xml:lang="en"/>      <documentation/>    </relationship>    <relationship xsi:type="Realization" identifier="_xaaewGAcEDqWTfhAh_XT0w" source="_vpBZoGAcEDqWTfhAh_XT0w" target="_TY9McF9PEDq77q5UQ6mAVg">      <name xml:lang="en"/>      <documentation/>    </relationship>    <relationship xsi:type="Realization" identifier="_5BPGMGAcEDqWTfhAh_XT0w" source="_1naDoGAcEDqWTfhAh_XT0w" target="_T7R2YF9PEDq77q5UQ6mAVg">      <name xml:lang="en"/>      <documentation/>    </relationship>    <relationship xsi:type="Association" identifier="_56cmIGAcEDqWTfhAh_XT0w" source="_3NyyoGAcEDqWTfhAh_XT0w" target="_1naDoGAcEDqWTfhAh_XT0w">      <name xml:lang="en"/>      <documentation/>    </relationship>    <relationship xsi:type="Association" identifier="_EeQjIGAdEDqWTfhAh_XT0w" source="__GP8oGAcEDqWTfhAh_XT0w" target="_1naDoGAcEDqWTfhAh_XT0w">      <name xml:lang="en"/>      <documentation/>    </relationship>    <relationship xsi:type="Influence" identifier="_2cF-AGAeEDqWTfhAh_XT0w" source="_0iQHgGAeEDqWTfhAh_XT0w" target="_S7jbkF9LEDq77q5UQ6mAVg">      <name xml:lang="en"/>      <documentation/>    </relationship>    <relationship xsi:type="Influence" identifier="_AnCIAGAfEDqWTfhAh_XT0w" source="__WdQ8GAeEDqWTfhAh_XT0w" target="_S7jbkF9LEDq77q5UQ6mAVg">      <name xml:lang="en"/>      <documentation/>    </relationship>    <relationship xsi:type="Influence" identifier="_mffFcGAgEDqwtezu6Q8IGw" source="_PrPRkGAgEDqwtezu6Q8IGw" target="_vC2UQF-JEDq5GtE6hmBTaQ">      <name xml:lang="en"/>      <documentation/>    </relationship>    <relationship xsi:type="Influence" identifier="_uiNwUGAhEDqwtezu6Q8IGw" source="_uC260GAhEDqwtezu6Q8IGw" target="_vC2UQF-JEDq5GtE6hmBTaQ">      <name xml:lang="en"/>      <documentation/>    </relationship>    <relationship xsi:type="Influence" identifier="_es3LwGAiEDqwtezu6Q8IGw" source="_vC2UQF-JEDq5GtE6hmBTaQ" target="_CMmQQGAiEDqwtezu6Q8IGw">      <name xml:lang="en"/>      <documentation/>    </relationship>    <relationship xsi:type="Influence" identifier="_fYRgQGAiEDqwtezu6Q8IGw" source="_vC2UQF-JEDq5GtE6hmBTaQ" target="_Z05-UGAiEDqwtezu6Q8IGw">      <name xml:lang="en"/>      <documentation/>    </relationship>    <relationship xsi:type="Influence" identifier="_jrEVsGAjEDqwtezu6Q8IGw" source="_yegKQGAiEDqwtezu6Q8IGw" target="_Z05-UGAiEDqwtezu6Q8IGw">      <name xml:lang="en"/>      <documentation/>    </relationship>    <relationship xsi:type="Influence" identifier="_mM4yMGAjEDqwtezu6Q8IGw" source="_m1uJQGAiEDqwtezu6Q8IGw" target="_Z05-UGAiEDqwtezu6Q8IGw">      <name xml:lang="en"/>      <documentation/>    </relationship>    <relationship xsi:type="Influence" identifier="_m9fIsGAjEDqwtezu6Q8IGw" source="_OLt4MGAjEDqwtezu6Q8IGw" target="_Z05-UGAiEDqwtezu6Q8IGw">      <name xml:lang="en"/>      <documentation/>    </relationship>    <relationship xsi:type="Influence" identifier="_nlT9sGAjEDqwtezu6Q8IGw" source="_m1uJQGAiEDqwtezu6Q8IGw" target="_CMmQQGAiEDqwtezu6Q8IGw">      <name xml:lang="en"/>      <documentation/>    </relationship>    <relationship xsi:type="Realization" identifier="_2ZMowGAjEDqwtezu6Q8IGw" source="_tW9MMGAjEDqwtezu6Q8IGw" target="_m1uJQGAiEDqwtezu6Q8IGw">      <name xml:lang="en"/>      <documentation/>    </relationship>    <relationship xsi:type="Realization" identifier="_5s-GoGAjEDqwtezu6Q8IGw" source="_m1uJQGAiEDqwtezu6Q8IGw" target="_CMmQQGAiEDqwtezu6Q8IGw">      <name xml:lang="en"/>      <documentation/>    </relationship>    <relationship xsi:type="Realization" identifier="_6PxRsGAjEDqwtezu6Q8IGw" source="_m1uJQGAiEDqwtezu6Q8IGw" target="_Z05-UGAiEDqwtezu6Q8IGw">      <name xml:lang="en"/>      <documentation/>    </relationship>    <relationship xsi:type="Realization" identifier="_6tTiQGAjEDqwtezu6Q8IGw" source="_OLt4MGAjEDqwtezu6Q8IGw" target="_Z05-UGAiEDqwtezu6Q8IGw">      <name xml:lang="en"/>      <documentation/>    </relationship>    <relationship xsi:type="Realization" identifier="_7O3XMGAjEDqwtezu6Q8IGw" source="_yegKQGAiEDqwtezu6Q8IGw" target="_Z05-UGAiEDqwtezu6Q8IGw">      <name xml:lang="en"/>      <documentation/>    </relationship>    <relationship xsi:type="Realization" identifier="_9v_QIGAjEDqwtezu6Q8IGw" source="_tW9MMGAjEDqwtezu6Q8IGw" target="_OLt4MGAjEDqwtezu6Q8IGw">      <name xml:lang="en"/>      <documentation/>    </relationship>    <relationship xsi:type="Realization" identifier="_-YDVsGAjEDqwtezu6Q8IGw" source="_tW9MMGAjEDqwtezu6Q8IGw" target="_yegKQGAiEDqwtezu6Q8IGw">      <name xml:lang="en"/>      <documentation/>    </relationship>    <relationship xsi:type="Realization" identifier="_IKQ2oGAkEDqwtezu6Q8IGw" source="_D1GNMGAkEDqwtezu6Q8IGw" target="_CMmQQGAiEDqwtezu6Q8IGw">      <name xml:lang="en"/>      <documentation/>    </relationship>    <relationship xsi:type="Realization" identifier="_I4RzMGAkEDqwtezu6Q8IGw" source="_D1GNMGAkEDqwtezu6Q8IGw" target="_Z05-UGAiEDqwtezu6Q8IGw">      <name xml:lang="en"/>      <documentation/>    </relationship>    <relationship xsi:type="Realization" identifier="_gwSxMGAkEDqwtezu6Q8IGw" source="_Leg1oGAkEDqwtezu6Q8IGw" target="_D1GNMGAkEDqwtezu6Q8IGw">      <name xml:lang="en"/>      <documentation/>    </relationship>    <relationship xsi:type="Realization" identifier="_3c_yoGAkEDqwtezu6Q8IGw" source="_fCfyoGAkEDqwtezu6Q8IGw" target="_D1GNMGAkEDqwtezu6Q8IGw">      <name xml:lang="en"/>      <documentation/>    </relationship>    <relationship xsi:type="Realization" identifier="__B68oGAkEDqwtezu6Q8IGw" source="_4eYXIGAkEDqwtezu6Q8IGw" target="_m1uJQGAiEDqwtezu6Q8IGw">      <name xml:lang="en"/>      <documentation/>    </relationship>    <relationship xsi:type="Realization" identifier="_SqVGoGAlEDqwtezu6Q8IGw" source="_EOoSEGAlEDqwtezu6Q8IGw" target="_OLt4MGAjEDqwtezu6Q8IGw">      <name xml:lang="en"/>      <documentation/>    </relationship>    <relationship xsi:type="Realization" identifier="_TIEykGAlEDqwtezu6Q8IGw" source="_EOoSEGAlEDqwtezu6Q8IGw" target="_yegKQGAiEDqwtezu6Q8IGw">      <name xml:lang="en"/>      <documentation/>    </relationship>    <relationship xsi:type="Realization" identifier="_4CDyEGAlEDqwtezu6Q8IGw" source="_zufEEGAlEDqwtezu6Q8IGw" target="_jTc1AGAlEDqwtezu6Q8IGw">      <name xml:lang="en"/>      <documentation/>    </relationship>    <relationship xsi:type="Realization" identifier="_4kUKkGAlEDqwtezu6Q8IGw" source="_jTc1AGAlEDqwtezu6Q8IGw" target="_CMmQQGAiEDqwtezu6Q8IGw">      <name xml:lang="en"/>      <documentation/>    </relationship>    <relationship xsi:type="Realization" identifier="_5o07kGAlEDqwtezu6Q8IGw" source="_jTc1AGAlEDqwtezu6Q8IGw" target="_Z05-UGAiEDqwtezu6Q8IGw">      <name xml:lang="en"/>      <documentation/>    </relationship>    <relationship xsi:type="Serving" identifier="_gfLOMGAzEDqwtezu6Q8IGw" source="_DvOuYGAnEDqwtezu6Q8IGw" target="_EOoSEGAlEDqwtezu6Q8IGw">      <name xml:lang="en"/>      <documentation/>    </relationship>    <relationship xsi:type="Association" identifier="_iKvYIGAzEDqwtezu6Q8IGw" source="_DvOuYGAnEDqwtezu6Q8IGw" target="_EOoSEGAlEDqwtezu6Q8IGw">      <name xml:lang="en"/>      <documentation/>    </relationship>    <relationship xsi:type="Triggering" identifier="_jDkdkGAzEDqwtezu6Q8IGw" source="_DvOuYGAnEDqwtezu6Q8IGw" target="_EOoSEGAlEDqwtezu6Q8IGw">      <name xml:lang="en"/>      <documentation/>    </relationship>    <relationship xsi:type="Realization" identifier="_niYLMGAzEDqwtezu6Q8IGw" source="_DvOuYGAnEDqwtezu6Q8IGw" target="_OLt4MGAjEDqwtezu6Q8IGw">      <name xml:lang="en"/>      <documentation/>    </relationship>    <relationship xsi:type="Realization" identifier="_qCvPIGAzEDqwtezu6Q8IGw" source="_DvOuYGAnEDqwtezu6Q8IGw" target="_yegKQGAiEDqwtezu6Q8IGw">      <name xml:lang="en"/>      <documentation/>    </relationship>    <relationship xsi:type="Realization" identifier="_r1Y4gGAzEDqwtezu6Q8IGw" source="_DvOuYGAnEDqwtezu6Q8IGw" target="_m1uJQGAiEDqwtezu6Q8IGw">      <name xml:lang="en"/>      <documentation/>    </relationship>    <relationship xsi:type="Realization" identifier="_638RsGAzEDqwtezu6Q8IGw" source="_AfOWMGAnEDqwtezu6Q8IGw" target="_jTc1AGAlEDqwtezu6Q8IGw">      <name xml:lang="en"/>      <documentation/>    </relationship>    <relationship xsi:type="Association" identifier="_MZrDEGA0EDqwtezu6Q8IGw" source="_Ip9QEGA0EDqwtezu6Q8IGw" target="_AfOWMGAnEDqwtezu6Q8IGw">      <name xml:lang="en"/>      <documentation/>    </relationship>    <relationship xsi:type="Realization" identifier="_OlKDMGA0EDqwtezu6Q8IGw" source="_Ga974GAnEDqwtezu6Q8IGw" target="_AfOWMGAnEDqwtezu6Q8IGw">      <name xml:lang="en"/>      <documentation/>    </relationship>    <relationship xsi:type="Serving" identifier="_bVVKEGA0EDqwtezu6Q8IGw" source="_T9h2EGA0EDqwtezu6Q8IGw" target="_WIw-kGA0EDqwtezu6Q8IGw">      <name xml:lang="en"/>      <documentation/>    </relationship>    <relationship xsi:type="Serving" identifier="_cQntoGA0EDqwtezu6Q8IGw" source="_T9h2EGA0EDqwtezu6Q8IGw" target="_X4w8kGA0EDqwtezu6Q8IGw">      <name xml:lang="en"/>      <documentation/>    </relationship>    <relationship xsi:type="Serving" identifier="_d_7IEGA0EDqwtezu6Q8IGw" source="_WIw-kGA0EDqwtezu6Q8IGw" target="_AfOWMGAnEDqwtezu6Q8IGw">      <name xml:lang="en"/>      <documentation/>    </relationship>    <relationship xsi:type="Serving" identifier="_e4ZBIGA0EDqwtezu6Q8IGw" source="_X4w8kGA0EDqwtezu6Q8IGw" target="_AfOWMGAnEDqwtezu6Q8IGw">      <name xml:lang="en"/>      <documentation/>    </relationship>    <relationship xsi:type="Realization" identifier="_NYNiMGAkEDqwtezu6Q8IGw" source="_Leg1oGAkEDqwtezu6Q8IGw" target="_D1GNMGAkEDqwtezu6Q8IGw">      <name xml:lang="en"/>      <documentation/>    </relationship>    <relationship xsi:type="Influence" identifier="_WnCAQGHnEDqAFo21dRht4w" source="_RKFPYGHnEDqAFo21dRht4w" target="_S7jbkF9LEDq77q5UQ6mAVg">      <name xml:lang="en"/>      <documentation/>    </relationship>    <relationship xsi:type="Influence" identifier="_3Qt18GHsEDqAFo21dRht4w" source="_S7jbkF9LEDq77q5UQ6mAVg" target="_lzysEGHsEDqAFo21dRht4w">      <name xml:lang="en"/>      <documentation/>    </relationship>    <relationship xsi:type="Realization" identifier="_ajYc4GHuEDqAFo21dRht4w" source="_G2Qy0F9NEDq77q5UQ6mAVg" target="_8vevQGHtEDqAFo21dRht4w">      <name xml:lang="en"/>      <documentation/>    </relationship>    <relationship xsi:type="Realization" identifier="_iyoWQGHuEDqAFo21dRht4w" source="_8vevQGHtEDqAFo21dRht4w" target="_lzysEGHsEDqAFo21dRht4w">      <name xml:lang="en"/>      <documentation/>    </relationship>    <relationship xsi:type="Serving" identifier="_yIwywGHuEDqAFo21dRht4w" source="_G2Qy0F9NEDq77q5UQ6mAVg" target="_8vevQGHtEDqAFo21dRht4w">      <name xml:lang="en"/>      <documentation/>    </relationship>    <relationship xsi:type="Influence" identifier="_sHOIcGItEDqp7YaXCIK21g" source="_r61FUGH4EDq9k-vR0SiRgQ" target="_vC2UQF-JEDq5GtE6hmBTaQ">      <name xml:lang="en"/>      <documentation/>    </relationship>    <relationship xsi:type="Influence" identifier="_ssEh8GItEDqp7YaXCIK21g" source="_qgAvgGIsEDqp7YaXCIK21g" target="_vC2UQF-JEDq5GtE6hmBTaQ">      <name xml:lang="en"/>      <documentation/>    </relationship>    <relationship xsi:type="Influence" identifier="_tP19YGItEDqp7YaXCIK21g" source="_b6l-QGIsEDqp7YaXCIK21g" target="_vC2UQF-JEDq5GtE6hmBTaQ">      <name xml:lang="en"/>      <documentation/>    </relationship>    <relationship xsi:type="Influence" identifier="_v8uaYGItEDqp7YaXCIK21g" source="_vC2UQF-JEDq5GtE6hmBTaQ" target="_9dJu8GIsEDqp7YaXCIK21g">      <name xml:lang="en"/>      <documentation/>    </relationship>    <relationship xsi:type="Realization" identifier="_OOy1QGIvEDqp7YaXCIK21g" source="_4zpiUGIuEDqp7YaXCIK21g" target="_9dJu8GIsEDqp7YaXCIK21g">      <name xml:lang="en"/>      <documentation/>    </relationship>    <relationship xsi:type="Realization" identifier="_PxXbQGIvEDqp7YaXCIK21g" source="_tW9MMGAjEDqwtezu6Q8IGw" target="_4zpiUGIuEDqp7YaXCIK21g">      <name xml:lang="en"/>      <documentation/>    </relationship>    <relationship xsi:type="Realization" identifier="_j7vC0GIvEDqp7YaXCIK21g" source="_eNvlQGIvEDqp7YaXCIK21g" target="_4zpiUGIuEDqp7YaXCIK21g">      <name xml:lang="en"/>      <documentation/>    </relationship>    <relationship xsi:type="Serving" identifier="_Wk22YGIxEDqp7YaXCIK21g" source="_tW9MMGAjEDqwtezu6Q8IGw" target="_eNvlQGIvEDqp7YaXCIK21g">      <name xml:lang="en"/>      <documentation/>    </relationship>    <relationship xsi:type="Triggering" identifier="_X_7GMGIxEDqp7YaXCIK21g" source="_tW9MMGAjEDqwtezu6Q8IGw" target="_eNvlQGIvEDqp7YaXCIK21g">      <name xml:lang="en"/>      <documentation/>    </relationship>    <relationship xsi:type="Realization" identifier="_wAZcoGIxEDqp7YaXCIK21g" source="_keuJMGIxEDqp7YaXCIK21g" target="_eNvlQGIvEDqp7YaXCIK21g">      <name xml:lang="en"/>      <documentation/>    </relationship>    <relationship xsi:type="Association" identifier="_CK76cGIyEDqp7YaXCIK21g" source="_8yHboGIxEDqp7YaXCIK21g" target="_keuJMGIxEDqp7YaXCIK21g">      <name xml:lang="en"/>      <documentation/>    </relationship>    <relationship xsi:type="Association" identifier="_Go56kGIyEDqp7YaXCIK21g" source="_E_25IGIyEDqp7YaXCIK21g" target="_keuJMGIxEDqp7YaXCIK21g">      <name xml:lang="en"/>      <documentation/>    </relationship>    <relationship xsi:type="Association" identifier="_fQ6LEGIyEDqp7YaXCIK21g" source="_8yHboGIxEDqp7YaXCIK21g" target="_cHHvoGIyEDqp7YaXCIK21g">      <name xml:lang="en"/>      <documentation/>    </relationship>    <relationship xsi:type="Association" identifier="_7MPNgGIyEDqp7YaXCIK21g" source="_T9h2EGA0EDqwtezu6Q8IGw" target="_WIw-kGA0EDqwtezu6Q8IGw">      <name xml:lang="en"/>      <documentation/>    </relationship>    <relationship xsi:type="Association" identifier="_8ZiHEGIyEDqp7YaXCIK21g" source="_T9h2EGA0EDqwtezu6Q8IGw" target="_X4w8kGA0EDqwtezu6Q8IGw">      <name xml:lang="en"/>      <documentation/>    </relationship>    <relationship xsi:type="Association" identifier="_9faKAGIyEDqp7YaXCIK21g" source="_m860gGIyEDqp7YaXCIK21g" target="_cHHvoGIyEDqp7YaXCIK21g">      <name xml:lang="en"/>      <documentation/>    </relationship>    <relationship xsi:type="Association" identifier="_NpWpEGIzEDqp7YaXCIK21g" source="_LzU7kGIzEDqp7YaXCIK21g" target="_keuJMGIxEDqp7YaXCIK21g">      <name xml:lang="en"/>      <documentation/>    </relationship>    <relationship xsi:type="Association" identifier="_OL58gGIzEDqp7YaXCIK21g" source="_LzU7kGIzEDqp7YaXCIK21g" target="_cHHvoGIyEDqp7YaXCIK21g">      <name xml:lang="en"/>      <documentation/>    </relationship>    <relationship xsi:type="Realization" identifier="_uoducGIzEDqp7YaXCIK21g" source="_qPotAGIzEDqp7YaXCIK21g" target="_m1uJQGAiEDqwtezu6Q8IGw">      <name xml:lang="en"/>      <documentation/>    </relationship>    <relationship xsi:type="Realization" identifier="_vYYvgGIzEDqp7YaXCIK21g" source="_qPotAGIzEDqp7YaXCIK21g" target="_OLt4MGAjEDqwtezu6Q8IGw">      <name xml:lang="en"/>      <documentation/>    </relationship>    <relationship xsi:type="Realization" identifier="_wKlogGIzEDqp7YaXCIK21g" source="_qPotAGIzEDqp7YaXCIK21g" target="_yegKQGAiEDqwtezu6Q8IGw">      <name xml:lang="en"/>      <documentation/>    </relationship>    <relationship xsi:type="Realization" identifier="_wyfWAGIzEDqp7YaXCIK21g" source="_qPotAGIzEDqp7YaXCIK21g" target="_4zpiUGIuEDqp7YaXCIK21g">      <name xml:lang="en"/>      <documentation/>    </relationship>    <relationship xsi:type="Association" identifier="_AteMAGI0EDqp7YaXCIK21g" source="_AfOWMGAnEDqwtezu6Q8IGw" target="_DQWVQGIwEDqp7YaXCIK21g">      <name xml:lang="en"/>      <documentation/>    </relationship>    <relationship xsi:type="Association" identifier="_GKhDgGI0EDqp7YaXCIK21g" source="_cHHvoGIyEDqp7YaXCIK21g" target="_qPotAGIzEDqp7YaXCIK21g">      <name xml:lang="en"/>      <documentation/>    </relationship>    <relationship xsi:type="Association" identifier="_V2FkgGI0EDqp7YaXCIK21g" source="__GP8oGAcEDqWTfhAh_XT0w" target="_vpBZoGAcEDqWTfhAh_XT0w">      <name xml:lang="en"/>      <documentation/>    </relationship>    <relationship xsi:type="Association" identifier="_ZrhlAGI0EDqp7YaXCIK21g" source="_7pKjQGH0EDqAFo21dRht4w" target="_6RQ8MGH0EDqAFo21dRht4w">      <name xml:lang="en"/>      <documentation/>    </relationship>    <relationship xsi:type="Association" identifier="_bjYegGI0EDqp7YaXCIK21g" source="_7pKjQGH0EDqAFo21dRht4w" target="_1naDoGAcEDqWTfhAh_XT0w">      <name xml:lang="en"/>      <documentation/>    </relationship>    <relationship xsi:type="Association" identifier="_G8-T0GI3EDqp7YaXCIK21g" source="_AfOWMGAnEDqwtezu6Q8IGw" target="_zufEEGAlEDqwtezu6Q8IGw">      <name xml:lang="en"/>      <documentation/>    </relationship>    <relationship xsi:type="Association" identifier="_KRq-wGI3EDqp7YaXCIK21g" source="_T9h2EGA0EDqwtezu6Q8IGw" target="_m860gGIyEDqp7YaXCIK21g">      <name xml:lang="en"/>      <documentation/>    </relationship>    <relationship xsi:type="Association" identifier="_Tn5uUGI3EDqp7YaXCIK21g" source="_PoiVwGI3EDqp7YaXCIK21g" target="_jTc1AGAlEDqwtezu6Q8IGw">      <name xml:lang="en"/>      <documentation/>    </relationship>    <relationship xsi:type="Association" identifier="_W4fVUGI3EDqp7YaXCIK21g" source="_PoiVwGI3EDqp7YaXCIK21g" target="_jTc1AGAlEDqwtezu6Q8IGw">      <name xml:lang="en"/>      <documentation/>    </relationship>    <relationship xsi:type="Association" identifier="_YEeAQGI3EDqp7YaXCIK21g" source="_PoiVwGI3EDqp7YaXCIK21g" target="_D1GNMGAkEDqwtezu6Q8IGw">      <name xml:lang="en"/>      <documentation/>    </relationship>    <relationship xsi:type="Association" identifier="_PV54MGI4EDqp7YaXCIK21g" source="_MpacwGI4EDqp7YaXCIK21g" target="_AfOWMGAnEDqwtezu6Q8IGw">      <name xml:lang="en"/>      <documentation/>    </relationship>    <relationship xsi:type="Serving" identifier="_YiVeoGJQEDqp7YaXCIK21g" source="_m860gGIyEDqp7YaXCIK21g" target="_qPotAGIzEDqp7YaXCIK21g">      <name xml:lang="en"/>      <documentation/>    </relationship>    <relationship xsi:type="Association" identifier="_jIzuEGJQEDqp7YaXCIK21g" source="_eix-IGJQEDqp7YaXCIK21g" target="_cHHvoGIyEDqp7YaXCIK21g">      <name xml:lang="en"/>      <documentation/>    </relationship>    <relationship xsi:type="Association" identifier="_kCLmEGJQEDqp7YaXCIK21g" source="_eix-IGJQEDqp7YaXCIK21g" target="_keuJMGIxEDqp7YaXCIK21g">      <name xml:lang="en"/>      <documentation/>    </relationship>    <relationship xsi:type="Association" identifier="_tB-LkGJQEDqp7YaXCIK21g" source="_vpBZoGAcEDqWTfhAh_XT0w" target="_qXrIgGJQEDqp7YaXCIK21g">      <name xml:lang="en"/>      <documentation/>    </relationship>    <relationship xsi:type="Association" identifier="_tlrVkGJQEDqp7YaXCIK21g" source="_qXrIgGJQEDqp7YaXCIK21g" target="_1naDoGAcEDqWTfhAh_XT0w">      <name xml:lang="en"/>      <documentation/>    </relationship>    <relationship xsi:type="Realization" identifier="_DGP7EGJREDqp7YaXCIK21g" source="_AvthgGJREDqp7YaXCIK21g" target="_jTc1AGAlEDqwtezu6Q8IGw">      <name xml:lang="en"/>      <documentation/>    </relationship>    <relationship xsi:type="Association" identifier="_R-s9EGJREDqp7YaXCIK21g" source="_O43NgGJREDqp7YaXCIK21g" target="_AfOWMGAnEDqwtezu6Q8IGw">      <name xml:lang="en"/>      <documentation/>    </relationship>  </relationships>  <views>    <diagrams>      <view identifier="_nDgqM3irEeyzq6ra3GZCdA">        <name xml:lang="en">Autonomes Fahren</name>        <node xsi:type="Element" identifier="_S8GOIF9LEDq77q5UQ6mAVg" h="60" w="130" x="650" y="165" elementRef="_S7jbkF9LEDq77q5UQ6mAVg"/>        <node xsi:type="Element" identifier="_X7uw4F9LEDq77q5UQ6mAVg" h="70" w="130" x="910" y="155" elementRef="_X7lm8F9LEDq77q5UQ6mAVg"/>        <node xsi:type="Element" identifier="_mkMPEF9LEDq77q5UQ6mAVg" h="60" w="130" x="372" y="165" elementRef="_mkAo4F9LEDq77q5UQ6mAVg"/>        <node xsi:type="Element" identifier="_NSoOwF9MEDq77q5UQ6mAVg" h="60" w="130" x="372" y="355" elementRef="_NSazYF9MEDq77q5UQ6mAVg"/>        <node xsi:type="Element" identifier="_NnxYUF9MEDq77q5UQ6mAVg" h="60" w="130" x="650" y="355" elementRef="_NnnnUF9MEDq77q5UQ6mAVg"/>        <node xsi:type="Element" identifier="_N1VTMF9MEDq77q5UQ6mAVg" h="60" w="130" x="910" y="355" elementRef="_N1MwUF9MEDq77q5UQ6mAVg"/>        <node xsi:type="Element" identifier="_jzM4sF9MEDq77q5UQ6mAVg" h="60" w="130" x="372" y="492" elementRef="_jzAEYF9MEDq77q5UQ6mAVg"/>        <node xsi:type="Element" identifier="_rtX58F9MEDq77q5UQ6mAVg" h="60" w="130" x="650" y="492" elementRef="_rtMTwF9MEDq77q5UQ6mAVg"/>        <node xsi:type="Element" identifier="_v9JtEF9MEDq77q5UQ6mAVg" h="60" w="130" x="910" y="492" elementRef="_v9BxQF9MEDq77q5UQ6mAVg"/>        <node xsi:type="Element" identifier="_G2gDYF9NEDq77q5UQ6mAVg" h="60" w="130" x="116" y="492" elementRef="_G2Qy0F9NEDq77q5UQ6mAVg"/>        <node xsi:type="Element" identifier="_p3xNwF9NEDq77q5UQ6mAVg" h="60" w="130" x="650" y="625" elementRef="_p3mOoF9NEDq77q5UQ6mAVg"/>        <node xsi:type="Element" identifier="_B80iMF9OEDq77q5UQ6mAVg" h="60" w="130" x="256" y="718" elementRef="_B8lRoF9OEDq77q5UQ6mAVg"/>        <node xsi:type="Element" identifier="_CR1I4F9OEDq77q5UQ6mAVg" h="60" w="130" x="689" y="813" elementRef="_CRt0IF9OEDq77q5UQ6mAVg"/>        <node xsi:type="Element" identifier="_RlrtcF9OEDq77q5UQ6mAVg" h="60" w="130" x="350" y="880" elementRef="_RlYygF9OEDq77q5UQ6mAVg"/>        <node xsi:type="Element" identifier="_DeTGkF9PEDq77q5UQ6mAVg" h="60" w="130" x="910" y="750" elementRef="_DeD2AF9PEDq77q5UQ6mAVg"/>        <node xsi:type="Element" identifier="_NOaVwF9PEDq77q5UQ6mAVg" h="60" w="130" x="513" y="901" elementRef="_NONhcF9PEDq77q5UQ6mAVg"/>        <node xsi:type="Element" identifier="_TZGWYF9PEDq77q5UQ6mAVg" h="60" w="130" x="225" y="1000" elementRef="_TY9McF9PEDq77q5UQ6mAVg"/>        <node xsi:type="Element" identifier="_T7ZLIF9PEDq77q5UQ6mAVg" h="60" w="130" x="870" y="1000" elementRef="_T7R2YF9PEDq77q5UQ6mAVg"/>        <node xsi:type="Element" identifier="_XezngF9PEDq77q5UQ6mAVg" h="60" w="130" x="476" y="1000" elementRef="_XepPcF9PEDq77q5UQ6mAVg"/>        <node xsi:type="Element" identifier="_YCtl0F9PEDq77q5UQ6mAVg" h="60" w="130" x="476" y="1083" elementRef="_YClC8F9PEDq77q5UQ6mAVg"/>        <node xsi:type="Element" identifier="_rjMzwGAcEDqWTfhAh_XT0w" h="60" w="130" x="476" y="1159" elementRef="_ri-KQGAcEDqWTfhAh_XT0w"/>        <node xsi:type="Element" identifier="_vpIHUGAcEDqWTfhAh_XT0w" h="60" w="130" x="256" y="1331" elementRef="_vpBZoGAcEDqWTfhAh_XT0w"/>        <node xsi:type="Element" identifier="_1nhYYGAcEDqWTfhAh_XT0w" h="60" w="130" x="730" y="1331" elementRef="_1naDoGAcEDqWTfhAh_XT0w"/>        <node xsi:type="Element" identifier="_3OAOAGAcEDqWTfhAh_XT0w" h="60" w="130" x="730" y="1460" elementRef="_3NyyoGAcEDqWTfhAh_XT0w"/>        <node xsi:type="Element" identifier="_0iafkGAeEDqWTfhAh_XT0w" h="60" w="180" x="347" y="51" elementRef="_0iQHgGAeEDqWTfhAh_XT0w"/>        <node xsi:type="Element" identifier="__WklsGAeEDqWTfhAh_XT0w" h="60" w="130" x="910" y="51" elementRef="__WdQ8GAeEDqWTfhAh_XT0w"/>        <node xsi:type="Element" identifier="_RKllsGHnEDqAFo21dRht4w" h="60" w="130" x="650" y="51" elementRef="_RKFPYGHnEDqAFo21dRht4w"/>        <node xsi:type="Element" identifier="_l0MUsGHsEDqAFo21dRht4w" h="60" w="130" x="1209" y="355" elementRef="_lzysEGHsEDqAFo21dRht4w"/>        <node xsi:type="Element" identifier="_8v3JwGHtEDqAFo21dRht4w" h="60" w="130" x="1209" y="492" elementRef="_8vevQGHtEDqAFo21dRht4w"/>        <node xsi:type="Element" identifier="_7pU7UGH0EDqAFo21dRht4w" h="60" w="130" x="947" y="1402" elementRef="_7pKjQGH0EDqAFo21dRht4w"/>        <node xsi:type="Element" identifier="_qX-qgGJQEDqp7YaXCIK21g" h="60" w="130" x="476" y="1331" elementRef="_qXrIgGJQEDqp7YaXCIK21g"/>        <connection xsi:type="Relationship" identifier="_gHZx0F9LEDq77q5UQ6mAVg" source="_X7uw4F9LEDq77q5UQ6mAVg" target="_S8GOIF9LEDq77q5UQ6mAVg" relationshipRef="_gHM9gF9LEDq77q5UQ6mAVg">          <bendpoint x="845" y="195"/>          <bendpoint x="845" y="195"/>        </connection>        <connection xsi:type="Relationship" identifier="_sZ4QEF9LEDq77q5UQ6mAVg" source="_mkMPEF9LEDq77q5UQ6mAVg" target="_S8GOIF9LEDq77q5UQ6mAVg" relationshipRef="_sZxiYF9LEDq77q5UQ6mAVg">          <bendpoint x="576" y="195"/>          <bendpoint x="576" y="195"/>        </connection>        <connection xsi:type="Relationship" identifier="_U1N2cF9MEDq77q5UQ6mAVg" source="_S8GOIF9LEDq77q5UQ6mAVg" target="_NSoOwF9MEDq77q5UQ6mAVg" relationshipRef="_U1C3UF9MEDq77q5UQ6mAVg">          <bendpoint x="715" y="278"/>          <bendpoint x="488" y="278"/>        </connection>        <connection xsi:type="Relationship" identifier="_VXsRYF9MEDq77q5UQ6mAVg" source="_S8GOIF9LEDq77q5UQ6mAVg" target="_NnxYUF9MEDq77q5UQ6mAVg" relationshipRef="_VXh5UF9MEDq77q5UQ6mAVg">          <bendpoint x="715" y="290"/>          <bendpoint x="715" y="290"/>        </connection>        <connection xsi:type="Relationship" identifier="_WIkUsF9MEDq77q5UQ6mAVg" source="_S8GOIF9LEDq77q5UQ6mAVg" target="_N1VTMF9MEDq77q5UQ6mAVg" relationshipRef="_WIcY4F9MEDq77q5UQ6mAVg">          <bendpoint x="715" y="279"/>          <bendpoint x="960" y="279"/>        </connection>        <connection xsi:type="Relationship" identifier="_lKZVIF9MEDq77q5UQ6mAVg" source="_jzM4sF9MEDq77q5UQ6mAVg" target="_NSoOwF9MEDq77q5UQ6mAVg" relationshipRef="_lKRZUF9MEDq77q5UQ6mAVg">          <bendpoint x="437" y="453"/>          <bendpoint x="437" y="454"/>        </connection>        <connection xsi:type="Relationship" identifier="_tEhTEF9MEDq77q5UQ6mAVg" source="_rtX58F9MEDq77q5UQ6mAVg" target="_NnxYUF9MEDq77q5UQ6mAVg" relationshipRef="_tEVF0F9MEDq77q5UQ6mAVg">          <bendpoint x="715" y="453"/>          <bendpoint x="715" y="454"/>        </connection>        <connection xsi:type="Relationship" identifier="_xt8VQF9MEDq77q5UQ6mAVg" source="_v9JtEF9MEDq77q5UQ6mAVg" target="_N1VTMF9MEDq77q5UQ6mAVg" relationshipRef="_xt21sF9MEDq77q5UQ6mAVg">          <bendpoint x="975" y="453"/>          <bendpoint x="975" y="454"/>        </connection>        <connection xsi:type="Relationship" identifier="_jmRagF9NEDq77q5UQ6mAVg" source="_G2gDYF9NEDq77q5UQ6mAVg" target="_jzM4sF9MEDq77q5UQ6mAVg" relationshipRef="_jmEmMF9NEDq77q5UQ6mAVg">          <bendpoint x="309" y="522"/>          <bendpoint x="309" y="522"/>        </connection>        <connection xsi:type="Relationship" identifier="_rwqCAF9NEDq77q5UQ6mAVg" source="_p3xNwF9NEDq77q5UQ6mAVg" target="_rtX58F9MEDq77q5UQ6mAVg" relationshipRef="_rwiGMF9NEDq77q5UQ6mAVg">          <bendpoint x="715" y="588"/>          <bendpoint x="715" y="589"/>        </connection>        <connection xsi:type="Relationship" identifier="_vo5e4F9NEDq77q5UQ6mAVg" source="_p3xNwF9NEDq77q5UQ6mAVg" target="_jzM4sF9MEDq77q5UQ6mAVg" relationshipRef="_votRoF9NEDq77q5UQ6mAVg">          <bendpoint x="448" y="662"/>          <bendpoint x="448" y="572"/>        </connection>        <connection xsi:type="Relationship" identifier="_2doiEF9NEDq77q5UQ6mAVg" source="_p3xNwF9NEDq77q5UQ6mAVg" target="_v9JtEF9MEDq77q5UQ6mAVg" relationshipRef="_2dbGsF9NEDq77q5UQ6mAVg">          <bendpoint x="974" y="655"/>          <bendpoint x="974" y="572"/>        </connection>        <connection xsi:type="Relationship" identifier="_JZM0MF9OEDq77q5UQ6mAVg" source="_B80iMF9OEDq77q5UQ6mAVg" target="_jzM4sF9MEDq77q5UQ6mAVg" relationshipRef="_JY-KsF9OEDq77q5UQ6mAVg">          <bendpoint x="379" y="635"/>          <bendpoint x="379" y="635"/>        </connection>        <connection xsi:type="Relationship" identifier="_CP9rMF9PEDq77q5UQ6mAVg" source="_CR1I4F9OEDq77q5UQ6mAVg" target="_jzM4sF9MEDq77q5UQ6mAVg" relationshipRef="_CPyFAF9PEDq77q5UQ6mAVg">          <bendpoint x="754" y="744"/>          <bendpoint x="464" y="745"/>        </connection>        <connection xsi:type="Relationship" identifier="_Hx2mcF9PEDq77q5UQ6mAVg" source="_DeTGkF9PEDq77q5UQ6mAVg" target="_jzM4sF9MEDq77q5UQ6mAVg" relationshipRef="_Hxs1cF9PEDq77q5UQ6mAVg">          <bendpoint x="484" y="780"/>          <bendpoint x="484" y="572"/>        </connection>        <connection xsi:type="Relationship" identifier="_Lt6zYF9PEDq77q5UQ6mAVg" source="_RlrtcF9OEDq77q5UQ6mAVg" target="_jzM4sF9MEDq77q5UQ6mAVg" relationshipRef="_LttYAF9PEDq77q5UQ6mAVg">          <bendpoint x="426" y="716"/>          <bendpoint x="426" y="716"/>        </connection>        <connection xsi:type="Relationship" identifier="_Q4WQ4F9PEDq77q5UQ6mAVg" source="_NOaVwF9PEDq77q5UQ6mAVg" target="_jzM4sF9MEDq77q5UQ6mAVg" relationshipRef="_Q4IOcF9PEDq77q5UQ6mAVg">          <bendpoint x="508" y="931"/>          <bendpoint x="507" y="522"/>        </connection>        <connection xsi:type="Relationship" identifier="_gSkNAGAcEDqWTfhAh_XT0w" source="_TZGWYF9PEDq77q5UQ6mAVg" target="_B80iMF9OEDq77q5UQ6mAVg" relationshipRef="_gSNnsGAcEDqWTfhAh_XT0w">          <bendpoint x="305" y="889"/>          <bendpoint x="305" y="889"/>        </connection>        <connection xsi:type="Relationship" identifier="_jIAwIGAcEDqWTfhAh_XT0w" source="_XezngF9PEDq77q5UQ6mAVg" target="_TZGWYF9PEDq77q5UQ6mAVg" relationshipRef="_jH3mMGAcEDqWTfhAh_XT0w">          <bendpoint x="416" y="1030"/>          <bendpoint x="415" y="1030"/>        </connection>        <connection xsi:type="Relationship" identifier="_kiwP0GAcEDqWTfhAh_XT0w" source="_YCtl0F9PEDq77q5UQ6mAVg" target="_TZGWYF9PEDq77q5UQ6mAVg" relationshipRef="_kilQsGAcEDqWTfhAh_XT0w">          <bendpoint x="416" y="1113"/>          <bendpoint x="415" y="1030"/>        </connection>        <connection xsi:type="Relationship" identifier="_pGUhoGAcEDqWTfhAh_XT0w" source="_YCtl0F9PEDq77q5UQ6mAVg" target="_T7ZLIF9PEDq77q5UQ6mAVg" relationshipRef="_pGLXsGAcEDqWTfhAh_XT0w">          <bendpoint x="738" y="1113"/>          <bendpoint x="738" y="1030"/>        </connection>        <connection xsi:type="Relationship" identifier="_pxHLEGAcEDqWTfhAh_XT0w" source="_XezngF9PEDq77q5UQ6mAVg" target="_T7ZLIF9PEDq77q5UQ6mAVg" relationshipRef="_pw-BIGAcEDqWTfhAh_XT0w">          <bendpoint x="738" y="1030"/>          <bendpoint x="738" y="1030"/>        </connection>        <connection xsi:type="Relationship" identifier="_two7sGAcEDqWTfhAh_XT0w" source="_rjMzwGAcEDqWTfhAh_XT0w" target="_TZGWYF9PEDq77q5UQ6mAVg" relationshipRef="_twaSMGAcEDqWTfhAh_XT0w">          <bendpoint x="416" y="1189"/>          <bendpoint x="415" y="1030"/>        </connection>        <connection xsi:type="Relationship" identifier="_uOyQQGAcEDqWTfhAh_XT0w" source="_rjMzwGAcEDqWTfhAh_XT0w" target="_T7ZLIF9PEDq77q5UQ6mAVg" relationshipRef="_uOn4MGAcEDqWTfhAh_XT0w">          <bendpoint x="738" y="1189"/>          <bendpoint x="738" y="1030"/>        </connection>        <connection xsi:type="Relationship" identifier="_xapIQGAcEDqWTfhAh_XT0w" source="_vpIHUGAcEDqWTfhAh_XT0w" target="_TZGWYF9PEDq77q5UQ6mAVg" relationshipRef="_xaaewGAcEDqWTfhAh_XT0w">          <bendpoint x="305" y="1195"/>          <bendpoint x="305" y="1196"/>        </connection>        <connection xsi:type="Relationship" identifier="_5BZeQGAcEDqWTfhAh_XT0w" source="_1nhYYGAcEDqWTfhAh_XT0w" target="_T7ZLIF9PEDq77q5UQ6mAVg" relationshipRef="_5BPGMGAcEDqWTfhAh_XT0w">          <bendpoint x="865" y="1361"/>          <bendpoint x="865" y="1030"/>        </connection>        <connection xsi:type="Relationship" identifier="_56lwEGAcEDqWTfhAh_XT0w" source="_3OAOAGAcEDqWTfhAh_XT0w" target="_1nhYYGAcEDqWTfhAh_XT0w" relationshipRef="_56cmIGAcEDqWTfhAh_XT0w">          <bendpoint x="795" y="1425"/>          <bendpoint x="795" y="1426"/>        </connection>        <connection xsi:type="Relationship" identifier="_2cPH8GAeEDqWTfhAh_XT0w" source="_0iafkGAeEDqWTfhAh_XT0w" target="_S8GOIF9LEDq77q5UQ6mAVg" relationshipRef="_2cF-AGAeEDqWTfhAh_XT0w">          <bendpoint x="588" y="81"/>          <bendpoint x="589" y="195"/>        </connection>        <connection xsi:type="Relationship" identifier="_AnKq4GAfEDqWTfhAh_XT0w" source="__WklsGAeEDqWTfhAh_XT0w" target="_S8GOIF9LEDq77q5UQ6mAVg" relationshipRef="_AnCIAGAfEDqWTfhAh_XT0w">          <bendpoint x="845" y="81"/>          <bendpoint x="845" y="195"/>        </connection>        <connection xsi:type="Relationship" identifier="_WnyOMGHnEDqAFo21dRht4w" source="_RKllsGHnEDqAFo21dRht4w" target="_S8GOIF9LEDq77q5UQ6mAVg" relationshipRef="_WnCAQGHnEDqAFo21dRht4w">          <bendpoint x="715" y="138"/>          <bendpoint x="715" y="138"/>        </connection>        <connection xsi:type="Relationship" identifier="_3RMXEGHsEDqAFo21dRht4w" source="_S8GOIF9LEDq77q5UQ6mAVg" target="_l0MUsGHsEDqAFo21dRht4w" relationshipRef="_3Qt18GHsEDqAFo21dRht4w">          <bendpoint x="716" y="279"/>          <bendpoint x="1274" y="279"/>        </connection>        <connection xsi:type="Relationship" identifier="_izJToGHuEDqAFo21dRht4w" source="_8v3JwGHtEDqAFo21dRht4w" target="_l0MUsGHsEDqAFo21dRht4w" relationshipRef="_iyoWQGHuEDqAFo21dRht4w">          <bendpoint x="1274" y="453"/>          <bendpoint x="1274" y="454"/>        </connection>        <connection xsi:type="Relationship" identifier="_yJUMYGHuEDqAFo21dRht4w" source="_G2gDYF9NEDq77q5UQ6mAVg" target="_8v3JwGHtEDqAFo21dRht4w" relationshipRef="_yIwywGHuEDqAFo21dRht4w">          <bendpoint x="181" y="591"/>          <bendpoint x="1276" y="591"/>        </connection>        <connection xsi:type="Relationship" identifier="_bkAwoGI0EDqp7YaXCIK21g" source="_7pU7UGH0EDqAFo21dRht4w" target="_1nhYYGAcEDqWTfhAh_XT0w" relationshipRef="_bjYegGI0EDqp7YaXCIK21g">          <bendpoint x="904" y="1432"/>          <bendpoint x="903" y="1361"/>        </connection>        <connection xsi:type="Relationship" identifier="_tCmdsGJQEDqp7YaXCIK21g" source="_vpIHUGAcEDqWTfhAh_XT0w" target="_qX-qgGJQEDqp7YaXCIK21g" relationshipRef="_tB-LkGJQEDqp7YaXCIK21g">          <bendpoint x="431" y="1361"/>          <bendpoint x="431" y="1361"/>        </connection>        <connection xsi:type="Relationship" identifier="_tmRLcGJQEDqp7YaXCIK21g" source="_qX-qgGJQEDqp7YaXCIK21g" target="_1nhYYGAcEDqWTfhAh_XT0w" relationshipRef="_tlrVkGJQEDqp7YaXCIK21g">          <bendpoint x="668" y="1361"/>          <bendpoint x="668" y="1361"/>        </connection>      </view>      <view identifier="_yR8OoF9WEDq5GtE6hmBTaQ">        <name xml:lang="en">Konkretisierung der Maßnahmenkategorien </name>        <node xsi:type="Element" identifier="_vDcKIF-JEDq5GtE6hmBTaQ" h="60" w="230" x="604" y="129" elementRef="_vC2UQF-JEDq5GtE6hmBTaQ"/>        <node xsi:type="Element" identifier="_Pro6MGAgEDqwtezu6Q8IGw" h="60" w="162" x="320" y="129" elementRef="_PrPRkGAgEDqwtezu6Q8IGw"/>        <node xsi:type="Element" identifier="_uDXRIGAhEDqwtezu6Q8IGw" h="60" w="130" x="998" y="129" elementRef="_uC260GAhEDqwtezu6Q8IGw"/>        <node xsi:type="Element" identifier="_CM0SsGAiEDqwtezu6Q8IGw" h="60" w="130" x="381" y="296" elementRef="_CMmQQGAiEDqwtezu6Q8IGw"/>        <node xsi:type="Element" identifier="_Z1MSMGAiEDqwtezu6Q8IGw" h="60" w="130" x="654" y="296" elementRef="_Z05-UGAiEDqwtezu6Q8IGw"/>        <node xsi:type="Element" identifier="_m17koGAiEDqwtezu6Q8IGw" h="60" w="130" x="654" y="500" elementRef="_m1uJQGAiEDqwtezu6Q8IGw"/>        <node xsi:type="Element" identifier="_yezsQGAiEDqwtezu6Q8IGw" h="60" w="130" x="1086" y="485" elementRef="_yegKQGAiEDqwtezu6Q8IGw"/>        <node xsi:type="Element" identifier="_OL_lAGAjEDqwtezu6Q8IGw" h="60" w="130" x="831" y="485" elementRef="_OLt4MGAjEDqwtezu6Q8IGw"/>        <node xsi:type="Element" identifier="_tXL1sGAjEDqwtezu6Q8IGw" h="60" w="130" x="1067" y="671" elementRef="_tW9MMGAjEDqwtezu6Q8IGw"/>        <node xsi:type="Element" identifier="_D1XS8GAkEDqwtezu6Q8IGw" h="60" w="130" x="428" y="500" elementRef="_D1GNMGAkEDqwtezu6Q8IGw"/>        <node xsi:type="Element" identifier="_LezwkGAkEDqwtezu6Q8IGw" h="60" w="130" x="336" y="659" elementRef="_Leg1oGAkEDqwtezu6Q8IGw"/>        <node xsi:type="Element" identifier="_fCytkGAkEDqwtezu6Q8IGw" h="60" w="130" x="474" y="750" elementRef="_fCfyoGAkEDqwtezu6Q8IGw"/>        <node xsi:type="Element" identifier="_4esgMGAkEDqwtezu6Q8IGw" h="60" w="130" x="691" y="750" elementRef="_4eYXIGAkEDqwtezu6Q8IGw"/>        <node xsi:type="Element" identifier="_EO6l8GAlEDqwtezu6Q8IGw" h="60" w="130" x="890" y="750" elementRef="_EOoSEGAlEDqwtezu6Q8IGw"/>        <node xsi:type="Element" identifier="_jTvI4GAlEDqwtezu6Q8IGw" h="60" w="130" x="122" y="440" elementRef="_jTc1AGAlEDqwtezu6Q8IGw"/>        <node xsi:type="Element" identifier="_zusfcGAlEDqwtezu6Q8IGw" h="60" w="130" x="199" y="761" elementRef="_zufEEGAlEDqwtezu6Q8IGw"/>        <node xsi:type="Element" identifier="_Afol4GAnEDqwtezu6Q8IGw" h="60" w="130" x="336" y="904" elementRef="_AfOWMGAnEDqwtezu6Q8IGw"/>        <node xsi:type="Element" identifier="_IqO84GA0EDqwtezu6Q8IGw" h="60" w="130" x="542" y="904" elementRef="_Ip9QEGA0EDqwtezu6Q8IGw"/>        <node xsi:type="Element" identifier="_T9s1MGA0EDqwtezu6Q8IGw" h="60" w="130" x="691" y="1223" elementRef="_T9h2EGA0EDqwtezu6Q8IGw"/>        <node xsi:type="Element" identifier="_WI6IgGA0EDqwtezu6Q8IGw" h="60" w="130" x="404" y="1145" elementRef="_WIw-kGA0EDqwtezu6Q8IGw"/>        <node xsi:type="Element" identifier="_X5A0MGA0EDqwtezu6Q8IGw" h="60" w="130" x="223" y="1189" elementRef="_X4w8kGA0EDqwtezu6Q8IGw"/>        <node xsi:type="Element" identifier="_r7lTQGH4EDq9k-vR0SiRgQ" h="60" w="110" x="348" y="18" elementRef="_r61FUGH4EDq9k-vR0SiRgQ"/>        <node xsi:type="Element" identifier="_b7Tv8GIsEDqp7YaXCIK21g" h="60" w="130" x="998" y="18" elementRef="_b6l-QGIsEDqp7YaXCIK21g"/>        <node xsi:type="Element" identifier="_qgTqcGIsEDqp7YaXCIK21g" h="60" w="180" x="629" y="18" elementRef="_qgAvgGIsEDqp7YaXCIK21g"/>        <node xsi:type="Element" identifier="_9ddQ8GIsEDqp7YaXCIK21g" h="60" w="130" x="1196" y="296" elementRef="_9dJu8GIsEDqp7YaXCIK21g"/>        <node xsi:type="Element" identifier="_4z9rYGIuEDqp7YaXCIK21g" h="60" w="160" x="1300" y="440" elementRef="_4zpiUGIuEDqp7YaXCIK21g"/>        <node xsi:type="Element" identifier="_eN-10GIvEDqp7YaXCIK21g" h="60" w="130" x="1330" y="600" elementRef="_eNvlQGIvEDqp7YaXCIK21g"/>        <node xsi:type="Element" identifier="_ke-n4GIxEDqp7YaXCIK21g" h="60" w="130" x="1209" y="936" elementRef="_keuJMGIxEDqp7YaXCIK21g"/>        <node xsi:type="Element" identifier="_8yU3AGIxEDqp7YaXCIK21g" h="60" w="130" x="890" y="1155" elementRef="_8yHboGIxEDqp7YaXCIK21g"/>        <node xsi:type="Element" identifier="_FAAqIGIyEDqp7YaXCIK21g" h="60" w="130" x="1219" y="1155" elementRef="_E_25IGIyEDqp7YaXCIK21g"/>        <node xsi:type="Element" identifier="_cHSuwGIyEDqp7YaXCIK21g" h="60" w="130" x="890" y="973" elementRef="_cHHvoGIyEDqp7YaXCIK21g"/>        <node xsi:type="Element" identifier="_m9DXYGIyEDqp7YaXCIK21g" h="60" w="130" x="707" y="1055" elementRef="_m860gGIyEDqp7YaXCIK21g"/>        <node xsi:type="Element" identifier="_qPx28GIzEDqp7YaXCIK21g" h="60" w="130" x="720" y="890" elementRef="_qPotAGIzEDqp7YaXCIK21g"/>        <node xsi:type="Element" identifier="_PowYMGI3EDqp7YaXCIK21g" h="60" w="130" x="31" y="575" elementRef="_PoiVwGI3EDqp7YaXCIK21g"/>        <node xsi:type="Element" identifier="_ejAnoGJQEDqp7YaXCIK21g" h="60" w="130" x="1053" y="1207" elementRef="_eix-IGJQEDqp7YaXCIK21g"/>        <node xsi:type="Element" identifier="_AwDfwGJREDqp7YaXCIK21g" h="60" w="130" x="31" y="344" elementRef="_AvthgGJREDqp7YaXCIK21g"/>        <node xsi:type="Element" identifier="_O5JhYGJREDqp7YaXCIK21g" h="60" w="130" x="542" y="973" elementRef="_O43NgGJREDqp7YaXCIK21g"/>        <connection xsi:type="Relationship" identifier="_mf8_gGAgEDqwtezu6Q8IGw" source="_Pro6MGAgEDqwtezu6Q8IGw" target="_vDcKIF-JEDq5GtE6hmBTaQ" relationshipRef="_mffFcGAgEDqwtezu6Q8IGw">          <bendpoint x="543" y="159"/>          <bendpoint x="543" y="159"/>        </connection>        <connection xsi:type="Relationship" identifier="_uijHgGAhEDqwtezu6Q8IGw" source="_uDXRIGAhEDqwtezu6Q8IGw" target="_vDcKIF-JEDq5GtE6hmBTaQ" relationshipRef="_uiNwUGAhEDqwtezu6Q8IGw">          <bendpoint x="916" y="159"/>          <bendpoint x="916" y="159"/>        </connection>        <connection xsi:type="Relationship" identifier="_etNxEGAiEDqwtezu6Q8IGw" source="_vDcKIF-JEDq5GtE6hmBTaQ" target="_CM0SsGAiEDqwtezu6Q8IGw" relationshipRef="_es3LwGAiEDqwtezu6Q8IGw">          <bendpoint x="719" y="252"/>          <bendpoint x="448" y="251"/>        </connection>        <connection xsi:type="Relationship" identifier="_fYimAGAiEDqwtezu6Q8IGw" source="_vDcKIF-JEDq5GtE6hmBTaQ" target="_Z1MSMGAiEDqwtezu6Q8IGw" relationshipRef="_fYRgQGAiEDqwtezu6Q8IGw">          <bendpoint x="719" y="243"/>          <bendpoint x="719" y="242"/>        </connection>        <connection xsi:type="Relationship" identifier="_2Zgx0GAjEDqwtezu6Q8IGw" source="_tXL1sGAjEDqwtezu6Q8IGw" target="_m17koGAiEDqwtezu6Q8IGw" relationshipRef="_2ZMowGAjEDqwtezu6Q8IGw">          <bendpoint x="772" y="701"/>          <bendpoint x="772" y="580"/>        </connection>        <connection xsi:type="Relationship" identifier="_5tPMYGAjEDqwtezu6Q8IGw" source="_m17koGAiEDqwtezu6Q8IGw" target="_CM0SsGAiEDqwtezu6Q8IGw" relationshipRef="_5s-GoGAjEDqwtezu6Q8IGw">          <bendpoint x="583" y="530"/>          <bendpoint x="582" y="326"/>        </connection>        <connection xsi:type="Relationship" identifier="_6QIeEGAjEDqwtezu6Q8IGw" source="_m17koGAiEDqwtezu6Q8IGw" target="_Z1MSMGAiEDqwtezu6Q8IGw" relationshipRef="_6PxRsGAjEDqwtezu6Q8IGw">          <bendpoint x="719" y="428"/>          <bendpoint x="719" y="428"/>        </connection>        <connection xsi:type="Relationship" identifier="_6tr8wGAjEDqwtezu6Q8IGw" source="_OL_lAGAjEDqwtezu6Q8IGw" target="_Z1MSMGAiEDqwtezu6Q8IGw" relationshipRef="_6tTiQGAjEDqwtezu6Q8IGw">          <bendpoint x="808" y="515"/>          <bendpoint x="807" y="326"/>        </connection>        <connection xsi:type="Relationship" identifier="_7PJEAGAjEDqwtezu6Q8IGw" source="_yezsQGAiEDqwtezu6Q8IGw" target="_Z1MSMGAiEDqwtezu6Q8IGw" relationshipRef="_7O3XMGAjEDqwtezu6Q8IGw">          <bendpoint x="1098" y="465"/>          <bendpoint x="1098" y="326"/>        </connection>        <connection xsi:type="Relationship" identifier="_9wVOYGAjEDqwtezu6Q8IGw" source="_tXL1sGAjEDqwtezu6Q8IGw" target="_OL_lAGAjEDqwtezu6Q8IGw" relationshipRef="_9v_QIGAjEDqwtezu6Q8IGw">          <bendpoint x="1014" y="701"/>          <bendpoint x="1014" y="515"/>        </connection>        <connection xsi:type="Relationship" identifier="_-YYF0GAjEDqwtezu6Q8IGw" source="_tXL1sGAjEDqwtezu6Q8IGw" target="_yezsQGAiEDqwtezu6Q8IGw" relationshipRef="_-YDVsGAjEDqwtezu6Q8IGw">          <bendpoint x="1141" y="608"/>          <bendpoint x="1141" y="608"/>        </connection>        <connection xsi:type="Relationship" identifier="_IKkYoGAkEDqwtezu6Q8IGw" source="_D1XS8GAkEDqwtezu6Q8IGw" target="_CM0SsGAiEDqwtezu6Q8IGw" relationshipRef="_IKQ2oGAkEDqwtezu6Q8IGw">          <bendpoint x="469" y="428"/>          <bendpoint x="469" y="428"/>        </connection>        <connection xsi:type="Relationship" identifier="_I4kHEGAkEDqwtezu6Q8IGw" source="_D1XS8GAkEDqwtezu6Q8IGw" target="_Z1MSMGAiEDqwtezu6Q8IGw" relationshipRef="_I4RzMGAkEDqwtezu6Q8IGw">          <bendpoint x="606" y="530"/>          <bendpoint x="606" y="326"/>        </connection>        <connection xsi:type="Relationship" identifier="_gwtn8GAkEDqwtezu6Q8IGw" source="_LezwkGAkEDqwtezu6Q8IGw" target="_D1XS8GAkEDqwtezu6Q8IGw" relationshipRef="_gwSxMGAkEDqwtezu6Q8IGw">          <bendpoint x="447" y="609"/>          <bendpoint x="447" y="610"/>        </connection>        <connection xsi:type="Relationship" identifier="_3dXmEGAkEDqwtezu6Q8IGw" source="_fCytkGAkEDqwtezu6Q8IGw" target="_D1XS8GAkEDqwtezu6Q8IGw" relationshipRef="_3c_yoGAkEDqwtezu6Q8IGw">          <bendpoint x="516" y="655"/>          <bendpoint x="516" y="655"/>        </connection>        <connection xsi:type="Relationship" identifier="__CRh8GAkEDqwtezu6Q8IGw" source="_4esgMGAkEDqwtezu6Q8IGw" target="_m17koGAiEDqwtezu6Q8IGw" relationshipRef="__B68oGAkEDqwtezu6Q8IGw">          <bendpoint x="737" y="655"/>          <bendpoint x="737" y="655"/>        </connection>        <connection xsi:type="Relationship" identifier="_Sqqd0GAlEDqwtezu6Q8IGw" source="_EO6l8GAlEDqwtezu6Q8IGw" target="_OL_lAGAjEDqwtezu6Q8IGw" relationshipRef="_SqVGoGAlEDqwtezu6Q8IGw">          <bendpoint x="925" y="647"/>          <bendpoint x="925" y="648"/>        </connection>        <connection xsi:type="Relationship" identifier="_TIbX4GAlEDqwtezu6Q8IGw" source="_EO6l8GAlEDqwtezu6Q8IGw" target="_yezsQGAiEDqwtezu6Q8IGw" relationshipRef="_TIEykGAlEDqwtezu6Q8IGw">          <bendpoint x="1053" y="780"/>          <bendpoint x="1053" y="515"/>        </connection>        <connection xsi:type="Relationship" identifier="_4CfP4GAlEDqwtezu6Q8IGw" source="_zusfcGAlEDqwtezu6Q8IGw" target="_jTvI4GAlEDqwtezu6Q8IGw" relationshipRef="_4CDyEGAlEDqwtezu6Q8IGw">          <bendpoint x="225" y="630"/>          <bendpoint x="225" y="631"/>        </connection>        <connection xsi:type="Relationship" identifier="_4ktzMGAlEDqwtezu6Q8IGw" source="_jTvI4GAlEDqwtezu6Q8IGw" target="_CM0SsGAiEDqwtezu6Q8IGw" relationshipRef="_4kUKkGAlEDqwtezu6Q8IGw">          <bendpoint x="316" y="470"/>          <bendpoint x="317" y="326"/>        </connection>        <connection xsi:type="Relationship" identifier="_5pKSwGAlEDqwtezu6Q8IGw" source="_jTvI4GAlEDqwtezu6Q8IGw" target="_Z1MSMGAiEDqwtezu6Q8IGw" relationshipRef="_5o07kGAlEDqwtezu6Q8IGw">          <bendpoint x="706" y="471"/>          <bendpoint x="706" y="376"/>        </connection>        <connection xsi:type="Relationship" identifier="_64aLwGAzEDqwtezu6Q8IGw" source="_Afol4GAnEDqwtezu6Q8IGw" target="_jTvI4GAlEDqwtezu6Q8IGw" relationshipRef="_638RsGAzEDqwtezu6Q8IGw">          <bendpoint x="402" y="571"/>          <bendpoint x="244" y="571"/>        </connection>        <connection xsi:type="Relationship" identifier="_MaIWEGA0EDqwtezu6Q8IGw" source="_IqO84GA0EDqwtezu6Q8IGw" target="_Afol4GAnEDqwtezu6Q8IGw" relationshipRef="_MZrDEGA0EDqwtezu6Q8IGw">          <bendpoint x="504" y="934"/>          <bendpoint x="504" y="934"/>        </connection>        <connection xsi:type="Relationship" identifier="_eAV-0GA0EDqwtezu6Q8IGw" source="_WI6IgGA0EDqwtezu6Q8IGw" target="_Afol4GAnEDqwtezu6Q8IGw" relationshipRef="_d_7IEGA0EDqwtezu6Q8IGw">          <bendpoint x="435" y="1054"/>          <bendpoint x="435" y="1055"/>        </connection>        <connection xsi:type="Relationship" identifier="_e4xboGA0EDqwtezu6Q8IGw" source="_X5A0MGA0EDqwtezu6Q8IGw" target="_Afol4GAnEDqwtezu6Q8IGw" relationshipRef="_e4ZBIGA0EDqwtezu6Q8IGw">          <bendpoint x="344" y="1076"/>          <bendpoint x="344" y="1077"/>        </connection>        <connection xsi:type="Relationship" identifier="_NYoY8GAkEDqwtezu6Q8IGw" source="_LezwkGAkEDqwtezu6Q8IGw" target="_D1XS8GAkEDqwtezu6Q8IGw" relationshipRef="_NYNiMGAkEDqwtezu6Q8IGw">          <bendpoint x="447" y="609"/>          <bendpoint x="447" y="610"/>        </connection>        <connection xsi:type="Relationship" identifier="_sH8hMGItEDqp7YaXCIK21g" source="_r7lTQGH4EDq9k-vR0SiRgQ" target="_vDcKIF-JEDq5GtE6hmBTaQ" relationshipRef="_sHOIcGItEDqp7YaXCIK21g">          <bendpoint x="531" y="48"/>          <bendpoint x="531" y="159"/>        </connection>        <connection xsi:type="Relationship" identifier="_ssrl8GItEDqp7YaXCIK21g" source="_qgTqcGIsEDqp7YaXCIK21g" target="_vDcKIF-JEDq5GtE6hmBTaQ" relationshipRef="_ssEh8GItEDqp7YaXCIK21g">          <bendpoint x="719" y="104"/>          <bendpoint x="719" y="103"/>        </connection>        <connection xsi:type="Relationship" identifier="_tQT3cGItEDqp7YaXCIK21g" source="_b7Tv8GIsEDqp7YaXCIK21g" target="_vDcKIF-JEDq5GtE6hmBTaQ" relationshipRef="_tP19YGItEDqp7YaXCIK21g">          <bendpoint x="916" y="48"/>          <bendpoint x="916" y="159"/>        </connection>        <connection xsi:type="Relationship" identifier="_v9G04GItEDqp7YaXCIK21g" source="_vDcKIF-JEDq5GtE6hmBTaQ" target="_9ddQ8GIsEDqp7YaXCIK21g" relationshipRef="_v8uaYGItEDqp7YaXCIK21g">          <bendpoint x="719" y="251"/>          <bendpoint x="1261" y="250"/>        </connection>        <connection xsi:type="Relationship" identifier="_OPQIQGIvEDqp7YaXCIK21g" source="_4z9rYGIuEDqp7YaXCIK21g" target="_9ddQ8GIsEDqp7YaXCIK21g" relationshipRef="_OOy1QGIvEDqp7YaXCIK21g">          <bendpoint x="1313" y="398"/>          <bendpoint x="1313" y="398"/>        </connection>        <connection xsi:type="Relationship" identifier="_Px604GIvEDqp7YaXCIK21g" source="_tXL1sGAjEDqwtezu6Q8IGw" target="_4z9rYGIuEDqp7YaXCIK21g" relationshipRef="_PxXbQGIvEDqp7YaXCIK21g">          <bendpoint x="1248" y="701"/>          <bendpoint x="1249" y="470"/>        </connection>        <connection xsi:type="Relationship" identifier="_j8JSgGIvEDqp7YaXCIK21g" source="_eN-10GIvEDqp7YaXCIK21g" target="_4z9rYGIuEDqp7YaXCIK21g" relationshipRef="_j7vC0GIvEDqp7YaXCIK21g">          <bendpoint x="1395" y="550"/>          <bendpoint x="1395" y="550"/>        </connection>        <connection xsi:type="Relationship" identifier="_wA5L4GIxEDqp7YaXCIK21g" source="_ke-n4GIxEDqp7YaXCIK21g" target="_eN-10GIvEDqp7YaXCIK21g" relationshipRef="_wAZcoGIxEDqp7YaXCIK21g">          <bendpoint x="1334" y="798"/>          <bendpoint x="1334" y="798"/>        </connection>        <connection xsi:type="Relationship" identifier="_CLeF8GIyEDqp7YaXCIK21g" source="_8yU3AGIxEDqp7YaXCIK21g" target="_ke-n4GIxEDqp7YaXCIK21g" relationshipRef="_CK76cGIyEDqp7YaXCIK21g">          <bendpoint x="1114" y="1185"/>          <bendpoint x="1115" y="966"/>        </connection>        <connection xsi:type="Relationship" identifier="_GpYbsGIyEDqp7YaXCIK21g" source="_FAAqIGIyEDqp7YaXCIK21g" target="_ke-n4GIxEDqp7YaXCIK21g" relationshipRef="_Go56kGIyEDqp7YaXCIK21g">          <bendpoint x="1279" y="1075"/>          <bendpoint x="1279" y="1076"/>        </connection>        <connection xsi:type="Relationship" identifier="_fRc9oGIyEDqp7YaXCIK21g" source="_8yU3AGIxEDqp7YaXCIK21g" target="_cHSuwGIyEDqp7YaXCIK21g" relationshipRef="_fQ6LEGIyEDqp7YaXCIK21g">          <bendpoint x="955" y="1094"/>          <bendpoint x="955" y="1094"/>        </connection>        <connection xsi:type="Relationship" identifier="_7MnoAGIyEDqp7YaXCIK21g" source="_T9s1MGA0EDqwtezu6Q8IGw" target="_WI6IgGA0EDqwtezu6Q8IGw" relationshipRef="_7MPNgGIyEDqp7YaXCIK21g">          <bendpoint x="626" y="1229"/>          <bendpoint x="625" y="1175"/>        </connection>        <connection xsi:type="Relationship" identifier="_8aESkGIyEDqp7YaXCIK21g" source="_T9s1MGA0EDqwtezu6Q8IGw" target="_X5A0MGA0EDqwtezu6Q8IGw" relationshipRef="_8ZiHEGIyEDqp7YaXCIK21g">          <bendpoint x="522" y="1236"/>          <bendpoint x="522" y="1236"/>        </connection>        <connection xsi:type="Relationship" identifier="_9f1AwGIyEDqp7YaXCIK21g" source="_m9DXYGIyEDqp7YaXCIK21g" target="_cHSuwGIyEDqp7YaXCIK21g" relationshipRef="_9faKAGIyEDqp7YaXCIK21g">          <bendpoint x="863" y="1085"/>          <bendpoint x="864" y="1003"/>        </connection>        <connection xsi:type="Relationship" identifier="_uo1h4GIzEDqp7YaXCIK21g" source="_qPx28GIzEDqp7YaXCIK21g" target="_m17koGAiEDqwtezu6Q8IGw" relationshipRef="_uoducGIzEDqp7YaXCIK21g">          <bendpoint x="752" y="725"/>          <bendpoint x="752" y="725"/>        </connection>        <connection xsi:type="Relationship" identifier="_vY2CgGIzEDqp7YaXCIK21g" source="_qPx28GIzEDqp7YaXCIK21g" target="_OL_lAGAjEDqwtezu6Q8IGw" relationshipRef="_vYYvgGIzEDqp7YaXCIK21g">          <bendpoint x="840" y="717"/>          <bendpoint x="840" y="718"/>        </connection>        <connection xsi:type="Relationship" identifier="_wK-DAGIzEDqp7YaXCIK21g" source="_qPx28GIzEDqp7YaXCIK21g" target="_yezsQGAiEDqwtezu6Q8IGw" relationshipRef="_wKlogGIzEDqp7YaXCIK21g">          <bendpoint x="968" y="920"/>          <bendpoint x="968" y="515"/>        </connection>        <connection xsi:type="Relationship" identifier="_wzCvoGIzEDqp7YaXCIK21g" source="_qPx28GIzEDqp7YaXCIK21g" target="_4z9rYGIuEDqp7YaXCIK21g" relationshipRef="_wyfWAGIzEDqp7YaXCIK21g">          <bendpoint x="1315" y="920"/>          <bendpoint x="1315" y="520"/>        </connection>        <connection xsi:type="Relationship" identifier="_GLAywGI0EDqp7YaXCIK21g" source="_cHSuwGIyEDqp7YaXCIK21g" target="_qPx28GIzEDqp7YaXCIK21g" relationshipRef="_GKhDgGI0EDqp7YaXCIK21g">          <bendpoint x="870" y="1003"/>          <bendpoint x="870" y="920"/>        </connection>        <connection xsi:type="Relationship" identifier="_G9fRMGI3EDqp7YaXCIK21g" source="_Afol4GAnEDqwtezu6Q8IGw" target="_zusfcGAlEDqwtezu6Q8IGw" relationshipRef="_G8-T0GI3EDqp7YaXCIK21g">          <bendpoint x="333" y="934"/>          <bendpoint x="332" y="791"/>        </connection>        <connection xsi:type="Relationship" identifier="_KSMjMGI3EDqp7YaXCIK21g" source="_T9s1MGA0EDqwtezu6Q8IGw" target="_m9DXYGIyEDqp7YaXCIK21g" relationshipRef="_KRq-wGI3EDqp7YaXCIK21g">          <bendpoint x="764" y="1169"/>          <bendpoint x="764" y="1169"/>        </connection>        <connection xsi:type="Relationship" identifier="_W5EkIGI3EDqp7YaXCIK21g" source="_PowYMGI3EDqp7YaXCIK21g" target="_jTvI4GAlEDqwtezu6Q8IGw" relationshipRef="_W4fVUGI3EDqp7YaXCIK21g">          <bendpoint x="141" y="537"/>          <bendpoint x="141" y="538"/>        </connection>        <connection xsi:type="Relationship" identifier="_YFHggGI3EDqp7YaXCIK21g" source="_PowYMGI3EDqp7YaXCIK21g" target="_D1XS8GAkEDqwtezu6Q8IGw" relationshipRef="_YEeAQGI3EDqp7YaXCIK21g">          <bendpoint x="294" y="605"/>          <bendpoint x="295" y="530"/>        </connection>        <connection xsi:type="Relationship" identifier="_YikIIGJQEDqp7YaXCIK21g" source="_m9DXYGIyEDqp7YaXCIK21g" target="_qPx28GIzEDqp7YaXCIK21g" relationshipRef="_YiVeoGJQEDqp7YaXCIK21g">          <bendpoint x="778" y="1002"/>          <bendpoint x="778" y="1003"/>        </connection>        <connection xsi:type="Relationship" identifier="_jJXuwGJQEDqp7YaXCIK21g" source="_ejAnoGJQEDqp7YaXCIK21g" target="_cHSuwGIyEDqp7YaXCIK21g" relationshipRef="_jIzuEGJQEDqp7YaXCIK21g">          <bendpoint x="1037" y="1237"/>          <bendpoint x="1036" y="1003"/>        </connection>        <connection xsi:type="Relationship" identifier="_kCr8YGJQEDqp7YaXCIK21g" source="_ejAnoGJQEDqp7YaXCIK21g" target="_ke-n4GIxEDqp7YaXCIK21g" relationshipRef="_kCLmEGJQEDqp7YaXCIK21g">          <bendpoint x="1196" y="1237"/>          <bendpoint x="1196" y="966"/>        </connection>        <connection xsi:type="Relationship" identifier="_DG-64GJREDqp7YaXCIK21g" source="_AwDfwGJREDqp7YaXCIK21g" target="_jTvI4GAlEDqwtezu6Q8IGw" relationshipRef="_DGP7EGJREDqp7YaXCIK21g">          <bendpoint x="141" y="422"/>          <bendpoint x="141" y="422"/>        </connection>        <connection xsi:type="Relationship" identifier="_R_qmYGJREDqp7YaXCIK21g" source="_O5JhYGJREDqp7YaXCIK21g" target="_Afol4GAnEDqwtezu6Q8IGw" relationshipRef="_R-s9EGJREDqp7YaXCIK21g">          <bendpoint x="504" y="1003"/>          <bendpoint x="504" y="934"/>        </connection>      </view>    </diagrams>  </views></model>
