{"identifier":"https://me.big.tuwien.ac.at/EAModelSet/_nDgqMHirEeyzq6ra3GZCdA","archimateId":"_nDgqMHirEeyzq6ra3GZCdA","name":"Hausarbeit3","description":"","formats":["XML","CSV","JSON","ARCHIMATE"],"source":"GenMyModel","repository":"","license":"","sourceFile":"raw-data/genmymodel/_ndgqmhireeyzq6ra3gzcda.xml","sourceFormat":"XML","timestamp":"2023-07-06T10:01:17","tags":[],"duplicates":[],"language":"de","elements":[{"id":"_S7jbkF9LEDq77q5UQ6mAVg","name":"Absicherung eines autonomen Busses","type":"Goal","layer":"motivation"},{"id":"_X7lm8F9LEDq77q5UQ6mAVg","name":"Digitalisierung des Verkehrs","type":"Driver","layer":"motivation"},{"id":"_mkAo4F9LEDq77q5UQ6mAVg","name":"Mehr Kapazitäten im ÖPNV wegen des Klimawandels","type":"Driver","layer":"motivation"},{"id":"_NSazYF9MEDq77q5UQ6mAVg","name":"Priorisierung am Knotenpunkt","type":"Outcome","layer":"motivation"},{"id":"_NnnnUF9MEDq77q5UQ6mAVg","name":"Monitoring des Knotenpunktbereiches","type":"Outcome","layer":"motivation"},{"id":"_N1MwUF9MEDq77q5UQ6mAVg","name":"Monitoring des Haltestellenbereiches","type":"Outcome","layer":"motivation"},{"id":"_jzAEYF9MEDq77q5UQ6mAVg","name":"ÖPNV Priorisation Service","type":"BusinessService","layer":"business"},{"id":"_rtMTwF9MEDq77q5UQ6mAVg","name":"Knotenpunkt Pilot","type":"BusinessService","layer":"business"},{"id":"_v9BxQF9MEDq77q5UQ6mAVg","name":"Haltestellen Monitor","type":"BusinessService","layer":"business"},{"id":"_G2Qy0F9NEDq77q5UQ6mAVg","name":"Verkehrsbetriebe","type":"BusinessRole","layer":"business"},{"id":"_p3mOoF9NEDq77q5UQ6mAVg","name":"Infrastrukturbetreiber","type":"BusinessRole","layer":"business"},{"id":"_B8lRoF9OEDq77q5UQ6mAVg","name":"Prio anfordern","type":"BusinessProcess","layer":"business"},{"id":"_CRt0IF9OEDq77q5UQ6mAVg","name":"Steuerung","type":"BusinessProcess","layer":"business"},{"id":"_RlYygF9OEDq77q5UQ6mAVg","name":"ÖPNV Flotte betreiben","type":"ApplicationService","layer":"application"},{"id":"_DeD2AF9PEDq77q5UQ6mAVg","name":"Bereitstellung im Fahrzeug","type":"BusinessProcess","layer":"business"},{"id":"_NONhcF9PEDq77q5UQ6mAVg","name":"Verkehrsmanagemnet System betreiben","type":"ApplicationService","layer":"application"},{"id":"_TY9McF9PEDq77q5UQ6mAVg","name":"ÖPNV Prio anfordern im Feld","type":"ApplicationProcess","layer":"application"},{"id":"_T7R2YF9PEDq77q5UQ6mAVg","name":"LSA Steuerung ausschließlich im Feld","type":"ApplicationProcess","layer":"application"},{"id":"_XepPcF9PEDq77q5UQ6mAVg","name":"SRRM","type":"ApplicationInterface","layer":"application"},{"id":"_YClC8F9PEDq77q5UQ6mAVg","name":"SSEM","type":"ApplicationInterface","layer":"application"},{"id":"_vC2UQF-JEDq5GtE6hmBTaQ","name":"Verkehr früzeitig managen und Staubildung vermeiden, Verkehrsnetz bestmöglich ausnutzen","type":"Goal","layer":"motivation"},{"id":"_ri-KQGAcEDqWTfhAh_XT0w","name":"SPAT MAP","type":"ApplicationInterface","layer":"application"},{"id":"_vpBZoGAcEDqWTfhAh_XT0w","name":"Fahrzeug","type":"Node","layer":"technology"},{"id":"_1naDoGAcEDqWTfhAh_XT0w","name":"Steuergerät RSU","type":"Node","layer":"technology"},{"id":"_3NyyoGAcEDqWTfhAh_XT0w","name":"Signalgeber","type":"Device","layer":"technology"},{"id":"__GP8oGAcEDqWTfhAh_XT0w","name":"WLAN / ETSI G% KOM","type":"Device","layer":"technology"},{"id":"_0iQHgGAeEDqWTfhAh_XT0w","name":"Infrastruktur unterstützen durch Automatisierten ","type":"Driver","layer":"motivation"},{"id":"__WdQ8GAeEDqWTfhAh_XT0w","name":"Mobilität effizienter, sicherer, umweltverträglicher machen","type":"Driver","layer":"motivation"},{"id":"_PrPRkGAgEDqwtezu6Q8IGw","name":"Verkehrsteilnehmer vorwarnen um Stau zu vermeiden","type":"Driver","layer":"motivation"},{"id":"_uC260GAhEDqwtezu6Q8IGw","name":"Gesamtverkehr möglichst wenig belasten","type":"Driver","layer":"motivation"},{"id":"_3RX40GAhEDqwtezu6Q8IGw","name":"Role","type":"BusinessRole","layer":"business"},{"id":"_CMmQQGAiEDqwtezu6Q8IGw","name":"Verkehrsteilnehmer werden über Störung informiert","type":"Outcome","layer":"motivation"},{"id":"_Z05-UGAiEDqwtezu6Q8IGw","name":"Umleitung durchführen","type":"Outcome","layer":"motivation"},{"id":"_kCcwYGAiEDqwtezu6Q8IGw","name":"Role","type":"BusinessRole","layer":"business"},{"id":"_m1uJQGAiEDqwtezu6Q8IGw","name":"Anzeigen informieren Verkehrsteilnehmer","type":"BusinessService","layer":"business"},{"id":"_yegKQGAiEDqwtezu6Q8IGw","name":"Fahrbahnsperrung","type":"BusinessService","layer":"business"},{"id":"_OLt4MGAjEDqwtezu6Q8IGw","name":"Spurfreigabe","type":"BusinessService","layer":"business"},{"id":"_tW9MMGAjEDqwtezu6Q8IGw","name":"Infrastrukturbetreiber","type":"BusinessRole","layer":"business"},{"id":"_D1GNMGAkEDqwtezu6Q8IGw","name":"Radiofunk informiert Verkehrsteilnehmer","type":"BusinessService","layer":"business"},{"id":"_Leg1oGAkEDqwtezu6Q8IGw","name":"Radio Broadcaster","type":"BusinessRole","layer":"business"},{"id":"_fCfyoGAkEDqwtezu6Q8IGw","name":"Unfallmeldung wird bereitgestellt","type":"BusinessProcess","layer":"business"},{"id":"_4eYXIGAkEDqwtezu6Q8IGw","name":"Dynamische Beschilderung entlang der Straße","type":"BusinessProcess","layer":"business"},{"id":"_EOoSEGAlEDqwtezu6Q8IGw","name":"Spurfreigabe und Fahrbahnsperrung ","type":"BusinessProcess","layer":"business"},{"id":"_jTc1AGAlEDqwtezu6Q8IGw","name":"Navigationssysteme informieren oder zeigen andere Route","type":"BusinessService","layer":"business"},{"id":"_uNF4EGAlEDqwtezu6Q8IGw","name":"","type":"BusinessRole","layer":"business"},{"id":"_zufEEGAlEDqwtezu6Q8IGw","name":"Navi wählt neue Route","type":"BusinessProcess","layer":"business"},{"id":"_AfOWMGAnEDqwtezu6Q8IGw","name":"Navigations App","type":"ApplicationService","layer":"application"},{"id":"_DvOuYGAnEDqwtezu6Q8IGw","name":"Verkehrsmanagemnet System betreiben","type":"ApplicationService","layer":"application"},{"id":"_F_IUcGAnEDqwtezu6Q8IGw","name":"Process","type":"ApplicationProcess","layer":"application"},{"id":"_Ga974GAnEDqwtezu6Q8IGw","name":"Process","type":"ApplicationProcess","layer":"application"},{"id":"_I4598GAnEDqwtezu6Q8IGw","name":"Device","type":"Device","layer":"technology"},{"id":"_J6YCAGAnEDqwtezu6Q8IGw","name":"Node","type":"Node","layer":"technology"},{"id":"_8EKNMGAzEDqwtezu6Q8IGw","name":"Service","type":"ApplicationService","layer":"application"},{"id":"_Ip9QEGA0EDqwtezu6Q8IGw","name":"Karte die Routenwahl anzeigt","type":"ApplicationInterface","layer":"application"},{"id":"_T9h2EGA0EDqwtezu6Q8IGw","name":"Rechenzentrum eines Service Providers","type":"Node","layer":"technology"},{"id":"_WIw-kGA0EDqwtezu6Q8IGw","name":"Smartphone","type":"Device","layer":"technology"},{"id":"_X4w8kGA0EDqwtezu6Q8IGw","name":"Navi","type":"Device","layer":"technology"},{"id":"_RKFPYGHnEDqAFo21dRht4w","name":"ÖPNV Netz erweitern","type":"Driver","layer":"motivation"},{"id":"_lzysEGHsEDqAFo21dRht4w","name":"Begleitendes Personal","type":"Outcome","layer":"motivation"},{"id":"_8vevQGHtEDqAFo21dRht4w","name":"Begleitendes Personal zur Fahrgastunterstützung","type":"BusinessService","layer":"business"},{"id":"_40hRYGH0EDqAFo21dRht4w","name":"VNZ","type":"Node","layer":"technology"},{"id":"_6RQ8MGH0EDqAFo21dRht4w","name":"RSU","type":"Node","layer":"technology"},{"id":"_7pKjQGH0EDqAFo21dRht4w","name":"Sensor","type":"Device","layer":"technology"},{"id":"_r61FUGH4EDq9k-vR0SiRgQ","name":" Verkehr umleiten","type":"Driver","layer":"motivation"},{"id":"_b6l-QGIsEDqp7YaXCIK21g","name":"Emissionen reduzieren","type":"Driver","layer":"motivation"},{"id":"_qgAvgGIsEDqp7YaXCIK21g","name":"Sicherung der Unfallstelle und der Rettungs- und Aufräumarbeiten","type":"Driver","layer":"motivation"},{"id":"_9dJu8GIsEDqp7YaXCIK21g","name":"Monitoring der Verkehrslage","type":"Outcome","layer":"motivation"},{"id":"_6CeiYGItEDqp7YaXCIK21g","name":"Outcome","type":"Outcome","layer":"motivation"},{"id":"_4zpiUGIuEDqp7YaXCIK21g","name":"Verkehrsüberwachung mit Kameras und Sensoren ","type":"BusinessService","layer":"business"},{"id":"_eNvlQGIvEDqp7YaXCIK21g","name":"Detektion mit stationärer und mobilen Elementen","type":"BusinessProcess","layer":"business"},{"id":"_7Pp1QGIvEDqp7YaXCIK21g","name":"Service","type":"BusinessService","layer":"business"},{"id":"_DQWVQGIwEDqp7YaXCIK21g","name":"Fahrassistenz-System","type":"ApplicationInterface","layer":"application"},{"id":"_FtRqsGIwEDqp7YaXCIK21g","name":"Process","type":"ApplicationProcess","layer":"application"},{"id":"_keuJMGIxEDqp7YaXCIK21g","name":"Fahrzeuge","type":"Node","layer":"technology"},{"id":"_8yHboGIxEDqp7YaXCIK21g","name":"Sensoren","type":"Device","layer":"technology"},{"id":"_E_25IGIyEDqp7YaXCIK21g","name":"Kameras","type":"Device","layer":"technology"},{"id":"_cHHvoGIyEDqp7YaXCIK21g","name":"RSU","type":"Node","layer":"technology"},{"id":"_m860gGIyEDqp7YaXCIK21g","name":"Verkehrsrechnerzentralen","type":"Node","layer":"technology"},{"id":"_LzU7kGIzEDqp7YaXCIK21g","name":"WLAN / ETSI ","type":"Device","layer":"technology"},{"id":"_qPotAGIzEDqp7YaXCIK21g","name":"Verkehrsmanagemnet System betreiben","type":"ApplicationService","layer":"application"},{"id":"_CczUQGI3EDqp7YaXCIK21g","name":"Role","type":"BusinessRole","layer":"business"},{"id":"_PoiVwGI3EDqp7YaXCIK21g","name":"Verkehrsteilnehmer","type":"BusinessRole","layer":"business"},{"id":"_MpacwGI4EDqp7YaXCIK21g","name":"Fahrassistenz-System","type":"ApplicationInterface","layer":"application"},{"id":"_SVBUsGI4EDqp7YaXCIK21g","name":"Service","type":"ApplicationService","layer":"application"},{"id":"_eix-IGJQEDqp7YaXCIK21g","name":"WLAN / ETSI ","type":"TechnologyInterface","layer":"technology"},{"id":"_qXrIgGJQEDqp7YaXCIK21g","name":"WLAN / ETSI G% KOM","type":"TechnologyInterface","layer":"technology"},{"id":"_AvthgGJREDqp7YaXCIK21g","name":"Navigations Server Provider","type":"BusinessRole","layer":"business"},{"id":"_O43NgGJREDqp7YaXCIK21g","name":"Anzeige von Infrastruktur","type":"ApplicationInterface","layer":"application"}],"relationships":[{"id":"_gHM9gF9LEDq77q5UQ6mAVg","sourceId":"_X7lm8F9LEDq77q5UQ6mAVg","targetId":"_S7jbkF9LEDq77q5UQ6mAVg","type":"Influence"},{"id":"_sZxiYF9LEDq77q5UQ6mAVg","sourceId":"_mkAo4F9LEDq77q5UQ6mAVg","targetId":"_S7jbkF9LEDq77q5UQ6mAVg","type":"Influence"},{"id":"_U1C3UF9MEDq77q5UQ6mAVg","sourceId":"_S7jbkF9LEDq77q5UQ6mAVg","targetId":"_NSazYF9MEDq77q5UQ6mAVg","type":"Influence"},{"id":"_VXh5UF9MEDq77q5UQ6mAVg","sourceId":"_S7jbkF9LEDq77q5UQ6mAVg","targetId":"_NnnnUF9MEDq77q5UQ6mAVg","type":"Influence"},{"id":"_WIcY4F9MEDq77q5UQ6mAVg","sourceId":"_S7jbkF9LEDq77q5UQ6mAVg","targetId":"_N1MwUF9MEDq77q5UQ6mAVg","type":"Influence"},{"id":"_lKRZUF9MEDq77q5UQ6mAVg","sourceId":"_jzAEYF9MEDq77q5UQ6mAVg","targetId":"_NSazYF9MEDq77q5UQ6mAVg","type":"Realization"},{"id":"_tEVF0F9MEDq77q5UQ6mAVg","sourceId":"_rtMTwF9MEDq77q5UQ6mAVg","targetId":"_NnnnUF9MEDq77q5UQ6mAVg","type":"Realization"},{"id":"_xt21sF9MEDq77q5UQ6mAVg","sourceId":"_v9BxQF9MEDq77q5UQ6mAVg","targetId":"_N1MwUF9MEDq77q5UQ6mAVg","type":"Realization"},{"id":"_jmEmMF9NEDq77q5UQ6mAVg","sourceId":"_G2Qy0F9NEDq77q5UQ6mAVg","targetId":"_jzAEYF9MEDq77q5UQ6mAVg","type":"Association"},{"id":"_rwiGMF9NEDq77q5UQ6mAVg","sourceId":"_p3mOoF9NEDq77q5UQ6mAVg","targetId":"_rtMTwF9MEDq77q5UQ6mAVg","type":"Association"},{"id":"_votRoF9NEDq77q5UQ6mAVg","sourceId":"_p3mOoF9NEDq77q5UQ6mAVg","targetId":"_jzAEYF9MEDq77q5UQ6mAVg","type":"Association"},{"id":"_2dbGsF9NEDq77q5UQ6mAVg","sourceId":"_p3mOoF9NEDq77q5UQ6mAVg","targetId":"_v9BxQF9MEDq77q5UQ6mAVg","type":"Association"},{"id":"_JY-KsF9OEDq77q5UQ6mAVg","sourceId":"_B8lRoF9OEDq77q5UQ6mAVg","targetId":"_jzAEYF9MEDq77q5UQ6mAVg","type":"Realization"},{"id":"_CPyFAF9PEDq77q5UQ6mAVg","sourceId":"_CRt0IF9OEDq77q5UQ6mAVg","targetId":"_jzAEYF9MEDq77q5UQ6mAVg","type":"Realization"},{"id":"_Hxs1cF9PEDq77q5UQ6mAVg","sourceId":"_DeD2AF9PEDq77q5UQ6mAVg","targetId":"_jzAEYF9MEDq77q5UQ6mAVg","type":"Realization"},{"id":"_LttYAF9PEDq77q5UQ6mAVg","sourceId":"_RlYygF9OEDq77q5UQ6mAVg","targetId":"_jzAEYF9MEDq77q5UQ6mAVg","type":"Realization"},{"id":"_Q4IOcF9PEDq77q5UQ6mAVg","sourceId":"_NONhcF9PEDq77q5UQ6mAVg","targetId":"_jzAEYF9MEDq77q5UQ6mAVg","type":"Realization"},{"id":"_gSNnsGAcEDqWTfhAh_XT0w","sourceId":"_TY9McF9PEDq77q5UQ6mAVg","targetId":"_B8lRoF9OEDq77q5UQ6mAVg","type":"Realization"},{"id":"_jH3mMGAcEDqWTfhAh_XT0w","sourceId":"_XepPcF9PEDq77q5UQ6mAVg","targetId":"_TY9McF9PEDq77q5UQ6mAVg","type":"Association"},{"id":"_kilQsGAcEDqWTfhAh_XT0w","sourceId":"_YClC8F9PEDq77q5UQ6mAVg","targetId":"_TY9McF9PEDq77q5UQ6mAVg","type":"Association"},{"id":"_pGLXsGAcEDqWTfhAh_XT0w","sourceId":"_YClC8F9PEDq77q5UQ6mAVg","targetId":"_T7R2YF9PEDq77q5UQ6mAVg","type":"Association"},{"id":"_pw-BIGAcEDqWTfhAh_XT0w","sourceId":"_XepPcF9PEDq77q5UQ6mAVg","targetId":"_T7R2YF9PEDq77q5UQ6mAVg","type":"Association"},{"id":"_twaSMGAcEDqWTfhAh_XT0w","sourceId":"_ri-KQGAcEDqWTfhAh_XT0w","targetId":"_TY9McF9PEDq77q5UQ6mAVg","type":"Association"},{"id":"_uOn4MGAcEDqWTfhAh_XT0w","sourceId":"_ri-KQGAcEDqWTfhAh_XT0w","targetId":"_T7R2YF9PEDq77q5UQ6mAVg","type":"Association"},{"id":"_xaaewGAcEDqWTfhAh_XT0w","sourceId":"_vpBZoGAcEDqWTfhAh_XT0w","targetId":"_TY9McF9PEDq77q5UQ6mAVg","type":"Realization"},{"id":"_5BPGMGAcEDqWTfhAh_XT0w","sourceId":"_1naDoGAcEDqWTfhAh_XT0w","targetId":"_T7R2YF9PEDq77q5UQ6mAVg","type":"Realization"},{"id":"_56cmIGAcEDqWTfhAh_XT0w","sourceId":"_3NyyoGAcEDqWTfhAh_XT0w","targetId":"_1naDoGAcEDqWTfhAh_XT0w","type":"Association"},{"id":"_EeQjIGAdEDqWTfhAh_XT0w","sourceId":"__GP8oGAcEDqWTfhAh_XT0w","targetId":"_1naDoGAcEDqWTfhAh_XT0w","type":"Association"},{"id":"_2cF-AGAeEDqWTfhAh_XT0w","sourceId":"_0iQHgGAeEDqWTfhAh_XT0w","targetId":"_S7jbkF9LEDq77q5UQ6mAVg","type":"Influence"},{"id":"_AnCIAGAfEDqWTfhAh_XT0w","sourceId":"__WdQ8GAeEDqWTfhAh_XT0w","targetId":"_S7jbkF9LEDq77q5UQ6mAVg","type":"Influence"},{"id":"_mffFcGAgEDqwtezu6Q8IGw","sourceId":"_PrPRkGAgEDqwtezu6Q8IGw","targetId":"_vC2UQF-JEDq5GtE6hmBTaQ","type":"Influence"},{"id":"_uiNwUGAhEDqwtezu6Q8IGw","sourceId":"_uC260GAhEDqwtezu6Q8IGw","targetId":"_vC2UQF-JEDq5GtE6hmBTaQ","type":"Influence"},{"id":"_es3LwGAiEDqwtezu6Q8IGw","sourceId":"_vC2UQF-JEDq5GtE6hmBTaQ","targetId":"_CMmQQGAiEDqwtezu6Q8IGw","type":"Influence"},{"id":"_fYRgQGAiEDqwtezu6Q8IGw","sourceId":"_vC2UQF-JEDq5GtE6hmBTaQ","targetId":"_Z05-UGAiEDqwtezu6Q8IGw","type":"Influence"},{"id":"_jrEVsGAjEDqwtezu6Q8IGw","sourceId":"_yegKQGAiEDqwtezu6Q8IGw","targetId":"_Z05-UGAiEDqwtezu6Q8IGw","type":"Influence"},{"id":"_mM4yMGAjEDqwtezu6Q8IGw","sourceId":"_m1uJQGAiEDqwtezu6Q8IGw","targetId":"_Z05-UGAiEDqwtezu6Q8IGw","type":"Influence"},{"id":"_m9fIsGAjEDqwtezu6Q8IGw","sourceId":"_OLt4MGAjEDqwtezu6Q8IGw","targetId":"_Z05-UGAiEDqwtezu6Q8IGw","type":"Influence"},{"id":"_nlT9sGAjEDqwtezu6Q8IGw","sourceId":"_m1uJQGAiEDqwtezu6Q8IGw","targetId":"_CMmQQGAiEDqwtezu6Q8IGw","type":"Influence"},{"id":"_2ZMowGAjEDqwtezu6Q8IGw","sourceId":"_tW9MMGAjEDqwtezu6Q8IGw","targetId":"_m1uJQGAiEDqwtezu6Q8IGw","type":"Realization"},{"id":"_5s-GoGAjEDqwtezu6Q8IGw","sourceId":"_m1uJQGAiEDqwtezu6Q8IGw","targetId":"_CMmQQGAiEDqwtezu6Q8IGw","type":"Realization"},{"id":"_6PxRsGAjEDqwtezu6Q8IGw","sourceId":"_m1uJQGAiEDqwtezu6Q8IGw","targetId":"_Z05-UGAiEDqwtezu6Q8IGw","type":"Realization"},{"id":"_6tTiQGAjEDqwtezu6Q8IGw","sourceId":"_OLt4MGAjEDqwtezu6Q8IGw","targetId":"_Z05-UGAiEDqwtezu6Q8IGw","type":"Realization"},{"id":"_7O3XMGAjEDqwtezu6Q8IGw","sourceId":"_yegKQGAiEDqwtezu6Q8IGw","targetId":"_Z05-UGAiEDqwtezu6Q8IGw","type":"Realization"},{"id":"_9v_QIGAjEDqwtezu6Q8IGw","sourceId":"_tW9MMGAjEDqwtezu6Q8IGw","targetId":"_OLt4MGAjEDqwtezu6Q8IGw","type":"Realization"},{"id":"_-YDVsGAjEDqwtezu6Q8IGw","sourceId":"_tW9MMGAjEDqwtezu6Q8IGw","targetId":"_yegKQGAiEDqwtezu6Q8IGw","type":"Realization"},{"id":"_IKQ2oGAkEDqwtezu6Q8IGw","sourceId":"_D1GNMGAkEDqwtezu6Q8IGw","targetId":"_CMmQQGAiEDqwtezu6Q8IGw","type":"Realization"},{"id":"_I4RzMGAkEDqwtezu6Q8IGw","sourceId":"_D1GNMGAkEDqwtezu6Q8IGw","targetId":"_Z05-UGAiEDqwtezu6Q8IGw","type":"Realization"},{"id":"_gwSxMGAkEDqwtezu6Q8IGw","sourceId":"_Leg1oGAkEDqwtezu6Q8IGw","targetId":"_D1GNMGAkEDqwtezu6Q8IGw","type":"Realization"},{"id":"_3c_yoGAkEDqwtezu6Q8IGw","sourceId":"_fCfyoGAkEDqwtezu6Q8IGw","targetId":"_D1GNMGAkEDqwtezu6Q8IGw","type":"Realization"},{"id":"__B68oGAkEDqwtezu6Q8IGw","sourceId":"_4eYXIGAkEDqwtezu6Q8IGw","targetId":"_m1uJQGAiEDqwtezu6Q8IGw","type":"Realization"},{"id":"_SqVGoGAlEDqwtezu6Q8IGw","sourceId":"_EOoSEGAlEDqwtezu6Q8IGw","targetId":"_OLt4MGAjEDqwtezu6Q8IGw","type":"Realization"},{"id":"_TIEykGAlEDqwtezu6Q8IGw","sourceId":"_EOoSEGAlEDqwtezu6Q8IGw","targetId":"_yegKQGAiEDqwtezu6Q8IGw","type":"Realization"},{"id":"_4CDyEGAlEDqwtezu6Q8IGw","sourceId":"_zufEEGAlEDqwtezu6Q8IGw","targetId":"_jTc1AGAlEDqwtezu6Q8IGw","type":"Realization"},{"id":"_4kUKkGAlEDqwtezu6Q8IGw","sourceId":"_jTc1AGAlEDqwtezu6Q8IGw","targetId":"_CMmQQGAiEDqwtezu6Q8IGw","type":"Realization"},{"id":"_5o07kGAlEDqwtezu6Q8IGw","sourceId":"_jTc1AGAlEDqwtezu6Q8IGw","targetId":"_Z05-UGAiEDqwtezu6Q8IGw","type":"Realization"},{"id":"_gfLOMGAzEDqwtezu6Q8IGw","sourceId":"_DvOuYGAnEDqwtezu6Q8IGw","targetId":"_EOoSEGAlEDqwtezu6Q8IGw","type":"Serving"},{"id":"_iKvYIGAzEDqwtezu6Q8IGw","sourceId":"_DvOuYGAnEDqwtezu6Q8IGw","targetId":"_EOoSEGAlEDqwtezu6Q8IGw","type":"Association"},{"id":"_jDkdkGAzEDqwtezu6Q8IGw","sourceId":"_DvOuYGAnEDqwtezu6Q8IGw","targetId":"_EOoSEGAlEDqwtezu6Q8IGw","type":"Triggering"},{"id":"_niYLMGAzEDqwtezu6Q8IGw","sourceId":"_DvOuYGAnEDqwtezu6Q8IGw","targetId":"_OLt4MGAjEDqwtezu6Q8IGw","type":"Realization"},{"id":"_qCvPIGAzEDqwtezu6Q8IGw","sourceId":"_DvOuYGAnEDqwtezu6Q8IGw","targetId":"_yegKQGAiEDqwtezu6Q8IGw","type":"Realization"},{"id":"_r1Y4gGAzEDqwtezu6Q8IGw","sourceId":"_DvOuYGAnEDqwtezu6Q8IGw","targetId":"_m1uJQGAiEDqwtezu6Q8IGw","type":"Realization"},{"id":"_638RsGAzEDqwtezu6Q8IGw","sourceId":"_AfOWMGAnEDqwtezu6Q8IGw","targetId":"_jTc1AGAlEDqwtezu6Q8IGw","type":"Realization"},{"id":"_MZrDEGA0EDqwtezu6Q8IGw","sourceId":"_Ip9QEGA0EDqwtezu6Q8IGw","targetId":"_AfOWMGAnEDqwtezu6Q8IGw","type":"Association"},{"id":"_OlKDMGA0EDqwtezu6Q8IGw","sourceId":"_Ga974GAnEDqwtezu6Q8IGw","targetId":"_AfOWMGAnEDqwtezu6Q8IGw","type":"Realization"},{"id":"_bVVKEGA0EDqwtezu6Q8IGw","sourceId":"_T9h2EGA0EDqwtezu6Q8IGw","targetId":"_WIw-kGA0EDqwtezu6Q8IGw","type":"Serving"},{"id":"_cQntoGA0EDqwtezu6Q8IGw","sourceId":"_T9h2EGA0EDqwtezu6Q8IGw","targetId":"_X4w8kGA0EDqwtezu6Q8IGw","type":"Serving"},{"id":"_d_7IEGA0EDqwtezu6Q8IGw","sourceId":"_WIw-kGA0EDqwtezu6Q8IGw","targetId":"_AfOWMGAnEDqwtezu6Q8IGw","type":"Serving"},{"id":"_e4ZBIGA0EDqwtezu6Q8IGw","sourceId":"_X4w8kGA0EDqwtezu6Q8IGw","targetId":"_AfOWMGAnEDqwtezu6Q8IGw","type":"Serving"},{"id":"_NYNiMGAkEDqwtezu6Q8IGw","sourceId":"_Leg1oGAkEDqwtezu6Q8IGw","targetId":"_D1GNMGAkEDqwtezu6Q8IGw","type":"Realization"},{"id":"_WnCAQGHnEDqAFo21dRht4w","sourceId":"_RKFPYGHnEDqAFo21dRht4w","targetId":"_S7jbkF9LEDq77q5UQ6mAVg","type":"Influence"},{"id":"_3Qt18GHsEDqAFo21dRht4w","sourceId":"_S7jbkF9LEDq77q5UQ6mAVg","targetId":"_lzysEGHsEDqAFo21dRht4w","type":"Influence"},{"id":"_ajYc4GHuEDqAFo21dRht4w","sourceId":"_G2Qy0F9NEDq77q5UQ6mAVg","targetId":"_8vevQGHtEDqAFo21dRht4w","type":"Realization"},{"id":"_iyoWQGHuEDqAFo21dRht4w","sourceId":"_8vevQGHtEDqAFo21dRht4w","targetId":"_lzysEGHsEDqAFo21dRht4w","type":"Realization"},{"id":"_yIwywGHuEDqAFo21dRht4w","sourceId":"_G2Qy0F9NEDq77q5UQ6mAVg","targetId":"_8vevQGHtEDqAFo21dRht4w","type":"Serving"},{"id":"_sHOIcGItEDqp7YaXCIK21g","sourceId":"_r61FUGH4EDq9k-vR0SiRgQ","targetId":"_vC2UQF-JEDq5GtE6hmBTaQ","type":"Influence"},{"id":"_ssEh8GItEDqp7YaXCIK21g","sourceId":"_qgAvgGIsEDqp7YaXCIK21g","targetId":"_vC2UQF-JEDq5GtE6hmBTaQ","type":"Influence"},{"id":"_tP19YGItEDqp7YaXCIK21g","sourceId":"_b6l-QGIsEDqp7YaXCIK21g","targetId":"_vC2UQF-JEDq5GtE6hmBTaQ","type":"Influence"},{"id":"_v8uaYGItEDqp7YaXCIK21g","sourceId":"_vC2UQF-JEDq5GtE6hmBTaQ","targetId":"_9dJu8GIsEDqp7YaXCIK21g","type":"Influence"},{"id":"_OOy1QGIvEDqp7YaXCIK21g","sourceId":"_4zpiUGIuEDqp7YaXCIK21g","targetId":"_9dJu8GIsEDqp7YaXCIK21g","type":"Realization"},{"id":"_PxXbQGIvEDqp7YaXCIK21g","sourceId":"_tW9MMGAjEDqwtezu6Q8IGw","targetId":"_4zpiUGIuEDqp7YaXCIK21g","type":"Realization"},{"id":"_j7vC0GIvEDqp7YaXCIK21g","sourceId":"_eNvlQGIvEDqp7YaXCIK21g","targetId":"_4zpiUGIuEDqp7YaXCIK21g","type":"Realization"},{"id":"_Wk22YGIxEDqp7YaXCIK21g","sourceId":"_tW9MMGAjEDqwtezu6Q8IGw","targetId":"_eNvlQGIvEDqp7YaXCIK21g","type":"Serving"},{"id":"_X_7GMGIxEDqp7YaXCIK21g","sourceId":"_tW9MMGAjEDqwtezu6Q8IGw","targetId":"_eNvlQGIvEDqp7YaXCIK21g","type":"Triggering"},{"id":"_wAZcoGIxEDqp7YaXCIK21g","sourceId":"_keuJMGIxEDqp7YaXCIK21g","targetId":"_eNvlQGIvEDqp7YaXCIK21g","type":"Realization"},{"id":"_CK76cGIyEDqp7YaXCIK21g","sourceId":"_8yHboGIxEDqp7YaXCIK21g","targetId":"_keuJMGIxEDqp7YaXCIK21g","type":"Association"},{"id":"_Go56kGIyEDqp7YaXCIK21g","sourceId":"_E_25IGIyEDqp7YaXCIK21g","targetId":"_keuJMGIxEDqp7YaXCIK21g","type":"Association"},{"id":"_fQ6LEGIyEDqp7YaXCIK21g","sourceId":"_8yHboGIxEDqp7YaXCIK21g","targetId":"_cHHvoGIyEDqp7YaXCIK21g","type":"Association"},{"id":"_7MPNgGIyEDqp7YaXCIK21g","sourceId":"_T9h2EGA0EDqwtezu6Q8IGw","targetId":"_WIw-kGA0EDqwtezu6Q8IGw","type":"Association"},{"id":"_8ZiHEGIyEDqp7YaXCIK21g","sourceId":"_T9h2EGA0EDqwtezu6Q8IGw","targetId":"_X4w8kGA0EDqwtezu6Q8IGw","type":"Association"},{"id":"_9faKAGIyEDqp7YaXCIK21g","sourceId":"_m860gGIyEDqp7YaXCIK21g","targetId":"_cHHvoGIyEDqp7YaXCIK21g","type":"Association"},{"id":"_NpWpEGIzEDqp7YaXCIK21g","sourceId":"_LzU7kGIzEDqp7YaXCIK21g","targetId":"_keuJMGIxEDqp7YaXCIK21g","type":"Association"},{"id":"_OL58gGIzEDqp7YaXCIK21g","sourceId":"_LzU7kGIzEDqp7YaXCIK21g","targetId":"_cHHvoGIyEDqp7YaXCIK21g","type":"Association"},{"id":"_uoducGIzEDqp7YaXCIK21g","sourceId":"_qPotAGIzEDqp7YaXCIK21g","targetId":"_m1uJQGAiEDqwtezu6Q8IGw","type":"Realization"},{"id":"_vYYvgGIzEDqp7YaXCIK21g","sourceId":"_qPotAGIzEDqp7YaXCIK21g","targetId":"_OLt4MGAjEDqwtezu6Q8IGw","type":"Realization"},{"id":"_wKlogGIzEDqp7YaXCIK21g","sourceId":"_qPotAGIzEDqp7YaXCIK21g","targetId":"_yegKQGAiEDqwtezu6Q8IGw","type":"Realization"},{"id":"_wyfWAGIzEDqp7YaXCIK21g","sourceId":"_qPotAGIzEDqp7YaXCIK21g","targetId":"_4zpiUGIuEDqp7YaXCIK21g","type":"Realization"},{"id":"_AteMAGI0EDqp7YaXCIK21g","sourceId":"_AfOWMGAnEDqwtezu6Q8IGw","targetId":"_DQWVQGIwEDqp7YaXCIK21g","type":"Association"},{"id":"_GKhDgGI0EDqp7YaXCIK21g","sourceId":"_cHHvoGIyEDqp7YaXCIK21g","targetId":"_qPotAGIzEDqp7YaXCIK21g","type":"Association"},{"id":"_V2FkgGI0EDqp7YaXCIK21g","sourceId":"__GP8oGAcEDqWTfhAh_XT0w","targetId":"_vpBZoGAcEDqWTfhAh_XT0w","type":"Association"},{"id":"_ZrhlAGI0EDqp7YaXCIK21g","sourceId":"_7pKjQGH0EDqAFo21dRht4w","targetId":"_6RQ8MGH0EDqAFo21dRht4w","type":"Association"},{"id":"_bjYegGI0EDqp7YaXCIK21g","sourceId":"_7pKjQGH0EDqAFo21dRht4w","targetId":"_1naDoGAcEDqWTfhAh_XT0w","type":"Association"},{"id":"_G8-T0GI3EDqp7YaXCIK21g","sourceId":"_AfOWMGAnEDqwtezu6Q8IGw","targetId":"_zufEEGAlEDqwtezu6Q8IGw","type":"Association"},{"id":"_KRq-wGI3EDqp7YaXCIK21g","sourceId":"_T9h2EGA0EDqwtezu6Q8IGw","targetId":"_m860gGIyEDqp7YaXCIK21g","type":"Association"},{"id":"_Tn5uUGI3EDqp7YaXCIK21g","sourceId":"_PoiVwGI3EDqp7YaXCIK21g","targetId":"_jTc1AGAlEDqwtezu6Q8IGw","type":"Association"},{"id":"_W4fVUGI3EDqp7YaXCIK21g","sourceId":"_PoiVwGI3EDqp7YaXCIK21g","targetId":"_jTc1AGAlEDqwtezu6Q8IGw","type":"Association"},{"id":"_YEeAQGI3EDqp7YaXCIK21g","sourceId":"_PoiVwGI3EDqp7YaXCIK21g","targetId":"_D1GNMGAkEDqwtezu6Q8IGw","type":"Association"},{"id":"_PV54MGI4EDqp7YaXCIK21g","sourceId":"_MpacwGI4EDqp7YaXCIK21g","targetId":"_AfOWMGAnEDqwtezu6Q8IGw","type":"Association"},{"id":"_YiVeoGJQEDqp7YaXCIK21g","sourceId":"_m860gGIyEDqp7YaXCIK21g","targetId":"_qPotAGIzEDqp7YaXCIK21g","type":"Serving"},{"id":"_jIzuEGJQEDqp7YaXCIK21g","sourceId":"_eix-IGJQEDqp7YaXCIK21g","targetId":"_cHHvoGIyEDqp7YaXCIK21g","type":"Association"},{"id":"_kCLmEGJQEDqp7YaXCIK21g","sourceId":"_eix-IGJQEDqp7YaXCIK21g","targetId":"_keuJMGIxEDqp7YaXCIK21g","type":"Association"},{"id":"_tB-LkGJQEDqp7YaXCIK21g","sourceId":"_vpBZoGAcEDqWTfhAh_XT0w","targetId":"_qXrIgGJQEDqp7YaXCIK21g","type":"Association"},{"id":"_tlrVkGJQEDqp7YaXCIK21g","sourceId":"_qXrIgGJQEDqp7YaXCIK21g","targetId":"_1naDoGAcEDqWTfhAh_XT0w","type":"Association"},{"id":"_DGP7EGJREDqp7YaXCIK21g","sourceId":"_AvthgGJREDqp7YaXCIK21g","targetId":"_jTc1AGAlEDqwtezu6Q8IGw","type":"Realization"},{"id":"_R-s9EGJREDqp7YaXCIK21g","sourceId":"_O43NgGJREDqp7YaXCIK21g","targetId":"_AfOWMGAnEDqwtezu6Q8IGw","type":"Association"}],"views":[{"id":"_nDgqM3irEeyzq6ra3GZCdA","name":"Autonomes Fahren","viewpoint":""},{"id":"_yR8OoF9WEDq5GtE6hmBTaQ","name":"Konkretisierung der Maßnahmenkategorien ","viewpoint":""}]}