{"identifier":"https://me.big.tuwien.ac.at/EAModelSet/_4yvX0BVbEeqDmNBP3mfLQg","archimateId":"_4yvX0BVbEeqDmNBP3mfLQg","name":"Arquitectura de Infraestructura de TI Triarii taller5","description":"","formats":["XML","CSV","JSON","ARCHIMATE"],"source":"GenMyModel","sourceFile":"raw-data/genmymodel/_4yvx0bvbeeqdmnbp3mflqg.xml","sourceFormat":"XML","timestamp":"29-06-2023 09:26:06","tags":[],"duplicates":[],"language":"es","elements":[{"id":"_9GX5cPeJEDeB3fe8sUTDyQ","name":"Portal Clientes","type":"ApplicationComponent","layer":"application"},{"id":"__n4M4PeJEDeB3fe8sUTDyQ","name":"Portal Proveedores","type":"ApplicationComponent","layer":"application"},{"id":"_CJOvUfeKEDeB3fe8sUTDyQ","name":"Aplicación POS","type":"ApplicationComponent","layer":"application"},{"id":"_FWCpkfeKEDeB3fe8sUTDyQ","name":"Sistema de gestión de crédito","type":"ApplicationComponent","layer":"application"},{"id":"_IRV9EfeKEDeB3fe8sUTDyQ","name":"Sistema contable","type":"ApplicationComponent","layer":"application"},{"id":"_LedZUfeKEDeB3fe8sUTDyQ","name":"Sistema de gestión de inventario","type":"ApplicationComponent","layer":"application"},{"id":"_Nb4vUfeKEDeB3fe8sUTDyQ","name":"Sistema de gestión de pedidos","type":"ApplicationComponent","layer":"application"},{"id":"_XHsGQfeKEDeB3fe8sUTDyQ","name":"Portlet-jsr168","type":"Artifact","layer":"technology"},{"id":"_zQRhkfeKEDeB3fe8sUTDyQ","name":"IBM Websphere Portal 8.0","type":"SystemSoftware","layer":"technology"},{"id":"_04kVEfeKEDeB3fe8sUTDyQ","name":"Node","type":"Node","layer":"technology"},{"id":"_2YDK0feKEDeB3fe8sUTDyQ","name":"Network","type":"CommunicationNetwork","layer":"technology"},{"id":"_MX3REPeLEDeB3fe8sUTDyQ","name":"Java Swing Application","type":"Artifact","layer":"technology"},{"id":"_PmM1UPeLEDeB3fe8sUTDyQ","name":"Computador personal - Windows 10","type":"Node","layer":"technology"},{"id":"_SDNDQfeLEDeB3fe8sUTDyQ","name":"JRE 6.0","type":"SystemSoftware","layer":"technology"},{"id":"_Y_DbEPeLEDeB3fe8sUTDyQ","name":"Servidor de aplicaciones - Redhat Enterprise Linux 5","type":"Node","layer":"technology"},{"id":"_Z3Uf0feLEDeB3fe8sUTDyQ","name":"IBM Websphere Portal 8.0","type":"SystemSoftware","layer":"technology"},{"id":"_jY0rQfeLEDeB3fe8sUTDyQ","name":"JEE5.0","type":"Artifact","layer":"technology"},{"id":"_uzkQQfeLEDeB3fe8sUTDyQ","name":"Servidor de aplicaciones - Redhat Enterprise Linux 5","type":"Node","layer":"technology"},{"id":"_vluF8feLEDeB3fe8sUTDyQ","name":"JBoss Application Server 5","type":"SystemSoftware","layer":"technology"},{"id":"_70gXAfeLEDeB3fe8sUTDyQ","name":"Servidor de aplicaciones - Redhat Enterprise Linux 5","type":"Node","layer":"technology"},{"id":"_89mGAfeLEDeB3fe8sUTDyQ","name":"Compiere 3.4 Enterprise Edition (ERP)","type":"SystemSoftware","layer":"technology"},{"id":"_GQmicfeMEDeB3fe8sUTDyQ","name":"Sistema de gestión de envíos","type":"ApplicationComponent","layer":"application"},{"id":"_JTqq0feMEDeB3fe8sUTDyQ","name":"Sistema de gestión de producción","type":"ApplicationComponent","layer":"application"},{"id":"_LOzh0feMEDeB3fe8sUTDyQ","name":"Sistema de gestión de ventas","type":"ApplicationComponent","layer":"application"},{"id":"_PGGjgfeMEDeB3fe8sUTDyQ","name":"CRM","type":"ApplicationComponent","layer":"application"},{"id":"_QQX-QfeMEDeB3fe8sUTDyQ","name":"Portal empleados","type":"ApplicationComponent","layer":"application"},{"id":"_kZGAAfeMEDeB3fe8sUTDyQ","name":"Servidor de aplicaciones - Redhat Enterprise Linux 5","type":"Node","layer":"technology"},{"id":"_kvFeIfeMEDeB3fe8sUTDyQ","name":"IBM Websphere ESB 8.0","type":"SystemSoftware","layer":"technology"},{"id":"_qaPDEfeMEDeB3fe8sUTDyQ","name":"XSLT","type":"Artifact","layer":"technology"},{"id":"_s8XBkfeMEDeB3fe8sUTDyQ","name":"Adaptador mensajería canal ","type":"ApplicationComponent","layer":"application"},{"id":"_wD8dkPeMEDeB3fe8sUTDyQ","name":"Adaptador mensajería proveedor","type":"ApplicationComponent","layer":"application"}],"relationships":[{"id":"_rkwAU_eKEDeB3fe8sUTDyQ","sourceId":"_XHsGQfeKEDeB3fe8sUTDyQ","targetId":"__n4M4PeJEDeB3fe8sUTDyQ","type":"Realization"},{"id":"_tLetk_eKEDeB3fe8sUTDyQ","sourceId":"_XHsGQfeKEDeB3fe8sUTDyQ","targetId":"_9GX5cPeJEDeB3fe8sUTDyQ","type":"Realization"},{"id":"_2LMakfeKEDeB3fe8sUTDyQ","sourceId":"_zQRhkfeKEDeB3fe8sUTDyQ","targetId":"_04kVEfeKEDeB3fe8sUTDyQ","type":"Composition"},{"id":"_4WhCo_eKEDeB3fe8sUTDyQ","sourceId":"_04kVEfeKEDeB3fe8sUTDyQ","targetId":"_zQRhkfeKEDeB3fe8sUTDyQ","type":"Composition"},{"id":"_J9ti0veLEDeB3fe8sUTDyQ","sourceId":"_zQRhkfeKEDeB3fe8sUTDyQ","targetId":"_XHsGQfeKEDeB3fe8sUTDyQ","type":"Assignment"},{"id":"_O1kCkfeLEDeB3fe8sUTDyQ","sourceId":"_MX3REPeLEDeB3fe8sUTDyQ","targetId":"_CJOvUfeKEDeB3fe8sUTDyQ","type":"Realization"},{"id":"_SDO4cPeLEDeB3fe8sUTDyQ","sourceId":"_PmM1UPeLEDeB3fe8sUTDyQ","targetId":"_SDNDQfeLEDeB3fe8sUTDyQ","type":"Composition"},{"id":"_Z3Vt9veLEDeB3fe8sUTDyQ","sourceId":"_Y_DbEPeLEDeB3fe8sUTDyQ","targetId":"_Z3Uf0feLEDeB3fe8sUTDyQ","type":"Composition"},{"id":"_ejIusfeLEDeB3fe8sUTDyQ","sourceId":"_Z3Uf0feLEDeB3fe8sUTDyQ","targetId":"_XHsGQfeKEDeB3fe8sUTDyQ","type":"Assignment"},{"id":"_g9w-EveLEDeB3fe8sUTDyQ","sourceId":"_SDNDQfeLEDeB3fe8sUTDyQ","targetId":"_MX3REPeLEDeB3fe8sUTDyQ","type":"Assignment"},{"id":"_t7nUkfeLEDeB3fe8sUTDyQ","sourceId":"_jY0rQfeLEDeB3fe8sUTDyQ","targetId":"_FWCpkfeKEDeB3fe8sUTDyQ","type":"Realization"},{"id":"_vlyXYPeLEDeB3fe8sUTDyQ","sourceId":"_uzkQQfeLEDeB3fe8sUTDyQ","targetId":"_vluF8feLEDeB3fe8sUTDyQ","type":"Composition"},{"id":"_6s4nofeLEDeB3fe8sUTDyQ","sourceId":"_vluF8feLEDeB3fe8sUTDyQ","targetId":"_jY0rQfeLEDeB3fe8sUTDyQ","type":"Assignment"},{"id":"_89n7MveLEDeB3fe8sUTDyQ","sourceId":"_70gXAfeLEDeB3fe8sUTDyQ","targetId":"_89mGAfeLEDeB3fe8sUTDyQ","type":"Composition"},{"id":"_WJTgg_eMEDeB3fe8sUTDyQ","sourceId":"_GQmicfeMEDeB3fe8sUTDyQ","targetId":"_89mGAfeLEDeB3fe8sUTDyQ","type":"Association"},{"id":"_aBwYwPeMEDeB3fe8sUTDyQ","sourceId":"_JTqq0feMEDeB3fe8sUTDyQ","targetId":"_89mGAfeLEDeB3fe8sUTDyQ","type":"Association"},{"id":"_asewwveMEDeB3fe8sUTDyQ","sourceId":"_QQX-QfeMEDeB3fe8sUTDyQ","targetId":"_89mGAfeLEDeB3fe8sUTDyQ","type":"Association"},{"id":"_bNLDAveMEDeB3fe8sUTDyQ","sourceId":"_PGGjgfeMEDeB3fe8sUTDyQ","targetId":"_89mGAfeLEDeB3fe8sUTDyQ","type":"Association"},{"id":"_bjobM_eMEDeB3fe8sUTDyQ","sourceId":"_LOzh0feMEDeB3fe8sUTDyQ","targetId":"_89mGAfeLEDeB3fe8sUTDyQ","type":"Association"},{"id":"_eJqCQ_eMEDeB3fe8sUTDyQ","sourceId":"_IRV9EfeKEDeB3fe8sUTDyQ","targetId":"_89mGAfeLEDeB3fe8sUTDyQ","type":"Association"},{"id":"_eomBA_eMEDeB3fe8sUTDyQ","sourceId":"_LedZUfeKEDeB3fe8sUTDyQ","targetId":"_89mGAfeLEDeB3fe8sUTDyQ","type":"Association"},{"id":"_fPPKQ_eMEDeB3fe8sUTDyQ","sourceId":"_Nb4vUfeKEDeB3fe8sUTDyQ","targetId":"_89mGAfeLEDeB3fe8sUTDyQ","type":"Association"},{"id":"_kvHTVPeMEDeB3fe8sUTDyQ","sourceId":"_kZGAAfeMEDeB3fe8sUTDyQ","targetId":"_kvFeIfeMEDeB3fe8sUTDyQ","type":"Composition"},{"id":"_yIhkcPeMEDeB3fe8sUTDyQ","sourceId":"_kvFeIfeMEDeB3fe8sUTDyQ","targetId":"_qaPDEfeMEDeB3fe8sUTDyQ","type":"Assignment"},{"id":"_0GPOUfeMEDeB3fe8sUTDyQ","sourceId":"_qaPDEfeMEDeB3fe8sUTDyQ","targetId":"_s8XBkfeMEDeB3fe8sUTDyQ","type":"Flow"},{"id":"_0bvkQ_eMEDeB3fe8sUTDyQ","sourceId":"_qaPDEfeMEDeB3fe8sUTDyQ","targetId":"_wD8dkPeMEDeB3fe8sUTDyQ","type":"Flow"}],"views":[{"id":"_4yv-4RVbEeqDmNBP3mfLQg","name":"archimate-diagram","viewpoint":""}]}