<?xml version="1.0" encoding="UTF-8"?><model xmlns="http://www.opengroup.org/xsd/archimate/3.0/" xmlns:xsi="http://www.w3.org/2001/XMLSchema-instance" identifier="_4yvX0BVbEeqDmNBP3mfLQg">  <name xml:lang="en">Arquitectura de Infraestructura de TI Triarii taller5</name>  <elements>    <element xsi:type="ApplicationComponent" identifier="_9GX5cPeJEDeB3fe8sUTDyQ">      <name xml:lang="en">Portal Clientes</name>      <documentation/>    </element>    <element xsi:type="ApplicationComponent" identifier="__n4M4PeJEDeB3fe8sUTDyQ">      <name xml:lang="en">Portal Proveedores</name>      <documentation/>    </element>    <element xsi:type="ApplicationComponent" identifier="_CJOvUfeKEDeB3fe8sUTDyQ">      <name xml:lang="en">Aplicación POS</name>      <documentation/>    </element>    <element xsi:type="ApplicationComponent" identifier="_FWCpkfeKEDeB3fe8sUTDyQ">      <name xml:lang="en">Sistema de gestión de crédito</name>      <documentation/>    </element>    <element xsi:type="ApplicationComponent" identifier="_IRV9EfeKEDeB3fe8sUTDyQ">      <name xml:lang="en">Sistema contable</name>      <documentation/>    </element>    <element xsi:type="ApplicationComponent" identifier="_LedZUfeKEDeB3fe8sUTDyQ">      <name xml:lang="en">Sistema de gestión de inventario</name>      <documentation/>    </element>    <element xsi:type="ApplicationComponent" identifier="_Nb4vUfeKEDeB3fe8sUTDyQ">      <name xml:lang="en">Sistema de gestión de pedidos</name>      <documentation/>    </element>    <element xsi:type="Artifact" identifier="_XHsGQfeKEDeB3fe8sUTDyQ">      <name xml:lang="en">Portlet-jsr168</name>      <documentation/>    </element>    <element xsi:type="SystemSoftware" identifier="_zQRhkfeKEDeB3fe8sUTDyQ">      <name xml:lang="en">IBM Websphere Portal 8.0</name>      <documentation/>    </element>    <element xsi:type="Node" identifier="_04kVEfeKEDeB3fe8sUTDyQ">      <name xml:lang="en">Node</name>      <documentation/>    </element>    <element xsi:type="CommunicationNetwork" identifier="_2YDK0feKEDeB3fe8sUTDyQ">      <name xml:lang="en">Network</name>      <documentation/>    </element>    <element xsi:type="Artifact" identifier="_MX3REPeLEDeB3fe8sUTDyQ">      <name xml:lang="en">Java Swing Application</name>      <documentation/>    </element>    <element xsi:type="Node" identifier="_PmM1UPeLEDeB3fe8sUTDyQ">      <name xml:lang="en">Computador personal - Windows 10</name>      <documentation/>    </element>    <element xsi:type="SystemSoftware" identifier="_SDNDQfeLEDeB3fe8sUTDyQ">      <name xml:lang="en">JRE 6.0</name>      <documentation/>    </element>    <element xsi:type="Node" identifier="_Y_DbEPeLEDeB3fe8sUTDyQ">      <name xml:lang="en">Servidor de aplicaciones - Redhat Enterprise Linux 5</name>      <documentation/>    </element>    <element xsi:type="SystemSoftware" identifier="_Z3Uf0feLEDeB3fe8sUTDyQ">      <name xml:lang="en">IBM Websphere Portal 8.0</name>      <documentation/>    </element>    <element xsi:type="Artifact" identifier="_jY0rQfeLEDeB3fe8sUTDyQ">      <name xml:lang="en">JEE5.0</name>      <documentation/>    </element>    <element xsi:type="Node" identifier="_uzkQQfeLEDeB3fe8sUTDyQ">      <name xml:lang="en">Servidor de aplicaciones - Redhat Enterprise Linux 5</name>      <documentation/>    </element>    <element xsi:type="SystemSoftware" identifier="_vluF8feLEDeB3fe8sUTDyQ">      <name xml:lang="en">JBoss Application Server 5</name>      <documentation/>    </element>    <element xsi:type="Node" identifier="_70gXAfeLEDeB3fe8sUTDyQ">      <name xml:lang="en">Servidor de aplicaciones - Redhat Enterprise Linux 5</name>      <documentation/>    </element>    <element xsi:type="SystemSoftware" identifier="_89mGAfeLEDeB3fe8sUTDyQ">      <name xml:lang="en">Compiere 3.4 Enterprise Edition (ERP)</name>      <documentation/>    </element>    <element xsi:type="ApplicationComponent" identifier="_GQmicfeMEDeB3fe8sUTDyQ">      <name xml:lang="en">Sistema de gestión de envíos</name>      <documentation/>    </element>    <element xsi:type="ApplicationComponent" identifier="_JTqq0feMEDeB3fe8sUTDyQ">      <name xml:lang="en">Sistema de gestión de producción</name>      <documentation/>    </element>    <element xsi:type="ApplicationComponent" identifier="_LOzh0feMEDeB3fe8sUTDyQ">      <name xml:lang="en">Sistema de gestión de ventas</name>      <documentation/>    </element>    <element xsi:type="ApplicationComponent" identifier="_PGGjgfeMEDeB3fe8sUTDyQ">      <name xml:lang="en">CRM</name>      <documentation/>    </element>    <element xsi:type="ApplicationComponent" identifier="_QQX-QfeMEDeB3fe8sUTDyQ">      <name xml:lang="en">Portal empleados</name>      <documentation/>    </element>    <element xsi:type="Node" identifier="_kZGAAfeMEDeB3fe8sUTDyQ">      <name xml:lang="en">Servidor de aplicaciones - Redhat Enterprise Linux 5</name>      <documentation/>    </element>    <element xsi:type="SystemSoftware" identifier="_kvFeIfeMEDeB3fe8sUTDyQ">      <name xml:lang="en">IBM Websphere ESB 8.0</name>      <documentation/>    </element>    <element xsi:type="Artifact" identifier="_qaPDEfeMEDeB3fe8sUTDyQ">      <name xml:lang="en">XSLT</name>      <documentation/>    </element>    <element xsi:type="ApplicationComponent" identifier="_s8XBkfeMEDeB3fe8sUTDyQ">      <name xml:lang="en">Adaptador mensajería canal </name>      <documentation/>    </element>    <element xsi:type="ApplicationComponent" identifier="_wD8dkPeMEDeB3fe8sUTDyQ">      <name xml:lang="en">Adaptador mensajería proveedor</name>      <documentation/>    </element>  </elements>  <relationships>    <relationship xsi:type="Realization" identifier="_rkwAU_eKEDeB3fe8sUTDyQ" source="_XHsGQfeKEDeB3fe8sUTDyQ" target="__n4M4PeJEDeB3fe8sUTDyQ">      <name xml:lang="en"/>      <documentation/>    </relationship>    <relationship xsi:type="Realization" identifier="_tLetk_eKEDeB3fe8sUTDyQ" source="_XHsGQfeKEDeB3fe8sUTDyQ" target="_9GX5cPeJEDeB3fe8sUTDyQ">      <name xml:lang="en"/>      <documentation/>    </relationship>    <relationship xsi:type="Composition" identifier="_2LMakfeKEDeB3fe8sUTDyQ" source="_zQRhkfeKEDeB3fe8sUTDyQ" target="_04kVEfeKEDeB3fe8sUTDyQ">      <name xml:lang="en"/>      <documentation/>    </relationship>    <relationship xsi:type="Composition" identifier="_4WhCo_eKEDeB3fe8sUTDyQ" source="_04kVEfeKEDeB3fe8sUTDyQ" target="_zQRhkfeKEDeB3fe8sUTDyQ">      <name xml:lang="en"/>      <documentation/>    </relationship>    <relationship xsi:type="Assignment" identifier="_J9ti0veLEDeB3fe8sUTDyQ" source="_zQRhkfeKEDeB3fe8sUTDyQ" target="_XHsGQfeKEDeB3fe8sUTDyQ">      <name xml:lang="en"/>      <documentation/>    </relationship>    <relationship xsi:type="Realization" identifier="_O1kCkfeLEDeB3fe8sUTDyQ" source="_MX3REPeLEDeB3fe8sUTDyQ" target="_CJOvUfeKEDeB3fe8sUTDyQ">      <name xml:lang="en"/>      <documentation/>    </relationship>    <relationship xsi:type="Composition" identifier="_SDO4cPeLEDeB3fe8sUTDyQ" source="_PmM1UPeLEDeB3fe8sUTDyQ" target="_SDNDQfeLEDeB3fe8sUTDyQ">      <name xml:lang="en"/>      <documentation/>    </relationship>    <relationship xsi:type="Composition" identifier="_Z3Vt9veLEDeB3fe8sUTDyQ" source="_Y_DbEPeLEDeB3fe8sUTDyQ" target="_Z3Uf0feLEDeB3fe8sUTDyQ">      <name xml:lang="en"/>      <documentation/>    </relationship>    <relationship xsi:type="Assignment" identifier="_ejIusfeLEDeB3fe8sUTDyQ" source="_Z3Uf0feLEDeB3fe8sUTDyQ" target="_XHsGQfeKEDeB3fe8sUTDyQ">      <name xml:lang="en"/>      <documentation/>    </relationship>    <relationship xsi:type="Assignment" identifier="_g9w-EveLEDeB3fe8sUTDyQ" source="_SDNDQfeLEDeB3fe8sUTDyQ" target="_MX3REPeLEDeB3fe8sUTDyQ">      <name xml:lang="en"/>      <documentation/>    </relationship>    <relationship xsi:type="Realization" identifier="_t7nUkfeLEDeB3fe8sUTDyQ" source="_jY0rQfeLEDeB3fe8sUTDyQ" target="_FWCpkfeKEDeB3fe8sUTDyQ">      <name xml:lang="en"/>      <documentation/>    </relationship>    <relationship xsi:type="Composition" identifier="_vlyXYPeLEDeB3fe8sUTDyQ" source="_uzkQQfeLEDeB3fe8sUTDyQ" target="_vluF8feLEDeB3fe8sUTDyQ">      <name xml:lang="en"/>      <documentation/>    </relationship>    <relationship xsi:type="Assignment" identifier="_6s4nofeLEDeB3fe8sUTDyQ" source="_vluF8feLEDeB3fe8sUTDyQ" target="_jY0rQfeLEDeB3fe8sUTDyQ">      <name xml:lang="en"/>      <documentation/>    </relationship>    <relationship xsi:type="Composition" identifier="_89n7MveLEDeB3fe8sUTDyQ" source="_70gXAfeLEDeB3fe8sUTDyQ" target="_89mGAfeLEDeB3fe8sUTDyQ">      <name xml:lang="en"/>      <documentation/>    </relationship>    <relationship xsi:type="Association" identifier="_WJTgg_eMEDeB3fe8sUTDyQ" source="_GQmicfeMEDeB3fe8sUTDyQ" target="_89mGAfeLEDeB3fe8sUTDyQ">      <name xml:lang="en"/>      <documentation/>    </relationship>    <relationship xsi:type="Association" identifier="_aBwYwPeMEDeB3fe8sUTDyQ" source="_JTqq0feMEDeB3fe8sUTDyQ" target="_89mGAfeLEDeB3fe8sUTDyQ">      <name xml:lang="en"/>      <documentation/>    </relationship>    <relationship xsi:type="Association" identifier="_asewwveMEDeB3fe8sUTDyQ" source="_QQX-QfeMEDeB3fe8sUTDyQ" target="_89mGAfeLEDeB3fe8sUTDyQ">      <name xml:lang="en"/>      <documentation/>    </relationship>    <relationship xsi:type="Association" identifier="_bNLDAveMEDeB3fe8sUTDyQ" source="_PGGjgfeMEDeB3fe8sUTDyQ" target="_89mGAfeLEDeB3fe8sUTDyQ">      <name xml:lang="en"/>      <documentation/>    </relationship>    <relationship xsi:type="Association" identifier="_bjobM_eMEDeB3fe8sUTDyQ" source="_LOzh0feMEDeB3fe8sUTDyQ" target="_89mGAfeLEDeB3fe8sUTDyQ">      <name xml:lang="en"/>      <documentation/>    </relationship>    <relationship xsi:type="Association" identifier="_eJqCQ_eMEDeB3fe8sUTDyQ" source="_IRV9EfeKEDeB3fe8sUTDyQ" target="_89mGAfeLEDeB3fe8sUTDyQ">      <name xml:lang="en"/>      <documentation/>    </relationship>    <relationship xsi:type="Association" identifier="_eomBA_eMEDeB3fe8sUTDyQ" source="_LedZUfeKEDeB3fe8sUTDyQ" target="_89mGAfeLEDeB3fe8sUTDyQ">      <name xml:lang="en"/>      <documentation/>    </relationship>    <relationship xsi:type="Association" identifier="_fPPKQ_eMEDeB3fe8sUTDyQ" source="_Nb4vUfeKEDeB3fe8sUTDyQ" target="_89mGAfeLEDeB3fe8sUTDyQ">      <name xml:lang="en"/>      <documentation/>    </relationship>    <relationship xsi:type="Composition" identifier="_kvHTVPeMEDeB3fe8sUTDyQ" source="_kZGAAfeMEDeB3fe8sUTDyQ" target="_kvFeIfeMEDeB3fe8sUTDyQ">      <name xml:lang="en"/>      <documentation/>    </relationship>    <relationship xsi:type="Assignment" identifier="_yIhkcPeMEDeB3fe8sUTDyQ" source="_kvFeIfeMEDeB3fe8sUTDyQ" target="_qaPDEfeMEDeB3fe8sUTDyQ">      <name xml:lang="en"/>      <documentation/>    </relationship>    <relationship xsi:type="Flow" identifier="_0GPOUfeMEDeB3fe8sUTDyQ" source="_qaPDEfeMEDeB3fe8sUTDyQ" target="_s8XBkfeMEDeB3fe8sUTDyQ">      <name xml:lang="en"/>      <documentation/>    </relationship>    <relationship xsi:type="Flow" identifier="_0bvkQ_eMEDeB3fe8sUTDyQ" source="_qaPDEfeMEDeB3fe8sUTDyQ" target="_wD8dkPeMEDeB3fe8sUTDyQ">      <name xml:lang="en"/>      <documentation/>    </relationship>  </relationships>  <views>    <diagrams>      <view identifier="_4yv-4RVbEeqDmNBP3mfLQg">        <name xml:lang="en">archimate-diagram</name>        <node xsi:type="Element" identifier="_9GZHkPeJEDeB3fe8sUTDyQ" h="60" w="130" x="11" y="56" elementRef="_9GX5cPeJEDeB3fe8sUTDyQ"/>        <node xsi:type="Element" identifier="__n4z8PeJEDeB3fe8sUTDyQ" h="60" w="130" x="160" y="56" elementRef="__n4M4PeJEDeB3fe8sUTDyQ"/>        <node xsi:type="Element" identifier="_CJPWYveKEDeB3fe8sUTDyQ" h="60" w="130" x="308" y="56" elementRef="_CJOvUfeKEDeB3fe8sUTDyQ"/>        <node xsi:type="Element" identifier="_FWDQo_eKEDeB3fe8sUTDyQ" h="60" w="130" x="455" y="56" elementRef="_FWCpkfeKEDeB3fe8sUTDyQ"/>        <node xsi:type="Element" identifier="_IRWkI_eKEDeB3fe8sUTDyQ" h="60" w="130" x="608" y="56" elementRef="_IRV9EfeKEDeB3fe8sUTDyQ"/>        <node xsi:type="Element" identifier="_LeeAZfeKEDeB3fe8sUTDyQ" h="60" w="130" x="760" y="56" elementRef="_LedZUfeKEDeB3fe8sUTDyQ"/>        <node xsi:type="Element" identifier="_Nb5WZveKEDeB3fe8sUTDyQ" h="60" w="130" x="906" y="56" elementRef="_Nb4vUfeKEDeB3fe8sUTDyQ"/>        <node xsi:type="Element" identifier="_XHstV_eKEDeB3fe8sUTDyQ" h="60" w="130" x="75" y="220" elementRef="_XHsGQfeKEDeB3fe8sUTDyQ"/>        <node xsi:type="Element" identifier="_MX5GQPeLEDeB3fe8sUTDyQ" h="60" w="130" x="297" y="220" elementRef="_MX3REPeLEDeB3fe8sUTDyQ"/>        <node xsi:type="Element" identifier="_PmPRkfeLEDeB3fe8sUTDyQ" h="130" w="194" x="265" y="317" elementRef="_PmM1UPeLEDeB3fe8sUTDyQ">          <node xsi:type="Element" identifier="_SDO4cveLEDeB3fe8sUTDyQ" h="60" w="130" x="297" y="376" elementRef="_SDNDQfeLEDeB3fe8sUTDyQ"/>        </node>        <node xsi:type="Element" identifier="_Y_EpM_eLEDeB3fe8sUTDyQ" h="140" w="215" x="33" y="317" elementRef="_Y_DbEPeLEDeB3fe8sUTDyQ">          <node xsi:type="Element" identifier="_Z3WVAPeLEDeB3fe8sUTDyQ" h="60" w="130" x="76" y="382" elementRef="_Z3Uf0feLEDeB3fe8sUTDyQ"/>        </node>        <node xsi:type="Element" identifier="_jY3Hg_eLEDeB3fe8sUTDyQ" h="60" w="130" x="500" y="220" elementRef="_jY0rQfeLEDeB3fe8sUTDyQ"/>        <node xsi:type="Element" identifier="_uzleZveLEDeB3fe8sUTDyQ" h="120" w="170" x="480" y="322" elementRef="_uzkQQfeLEDeB3fe8sUTDyQ">          <node xsi:type="Element" identifier="_vly-cPeLEDeB3fe8sUTDyQ" h="50" w="100" x="515" y="386" elementRef="_vluF8feLEDeB3fe8sUTDyQ"/>        </node>        <node xsi:type="Element" identifier="_70iMMPeLEDeB3fe8sUTDyQ" h="160" w="199" x="837" y="220" elementRef="_70gXAfeLEDeB3fe8sUTDyQ">          <node xsi:type="Element" identifier="_89n7NPeLEDeB3fe8sUTDyQ" h="60" w="130" x="872" y="270" elementRef="_89mGAfeLEDeB3fe8sUTDyQ"/>        </node>        <node xsi:type="Element" identifier="_GQo-sveMEDeB3fe8sUTDyQ" h="60" w="130" x="683" y="220" elementRef="_GQmicfeMEDeB3fe8sUTDyQ"/>        <node xsi:type="Element" identifier="_JTsgCveMEDeB3fe8sUTDyQ" h="60" w="130" x="683" y="295" elementRef="_JTqq0feMEDeB3fe8sUTDyQ"/>        <node xsi:type="Element" identifier="_LO1-EPeMEDeB3fe8sUTDyQ" h="60" w="130" x="998" y="386" elementRef="_LOzh0feMEDeB3fe8sUTDyQ"/>        <node xsi:type="Element" identifier="_PGKN4PeMEDeB3fe8sUTDyQ" h="60" w="130" x="837" y="431" elementRef="_PGGjgfeMEDeB3fe8sUTDyQ"/>        <node xsi:type="Element" identifier="_QQZzc_eMEDeB3fe8sUTDyQ" h="60" w="130" x="683" y="381" elementRef="_QQX-QfeMEDeB3fe8sUTDyQ"/>        <node xsi:type="Element" identifier="_kZIcQPeMEDeB3fe8sUTDyQ" h="160" w="220" x="250" y="530" elementRef="_kZGAAfeMEDeB3fe8sUTDyQ">          <node xsi:type="Element" identifier="_kvH6YPeMEDeB3fe8sUTDyQ" h="60" w="130" x="295" y="596" elementRef="_kvFeIfeMEDeB3fe8sUTDyQ"/>        </node>        <node xsi:type="Element" identifier="_qaRfUfeMEDeB3fe8sUTDyQ" h="60" w="130" x="525" y="596" elementRef="_qaPDEfeMEDeB3fe8sUTDyQ"/>        <node xsi:type="Element" identifier="_s8Y2z_eMEDeB3fe8sUTDyQ" h="60" w="130" x="683" y="530" elementRef="_s8XBkfeMEDeB3fe8sUTDyQ"/>        <node xsi:type="Element" identifier="_wD9EoPeMEDeB3fe8sUTDyQ" h="60" w="130" x="683" y="663" elementRef="_wD8dkPeMEDeB3fe8sUTDyQ"/>        <connection xsi:type="Relationship" identifier="_rkxOcfeKEDeB3fe8sUTDyQ" source="_XHstV_eKEDeB3fe8sUTDyQ" target="__n4z8PeJEDeB3fe8sUTDyQ" relationshipRef="_rkwAU_eKEDeB3fe8sUTDyQ">          <bendpoint x="182" y="168"/>          <bendpoint x="182" y="168"/>        </connection>        <connection xsi:type="Relationship" identifier="_tLgiwveKEDeB3fe8sUTDyQ" source="_XHstV_eKEDeB3fe8sUTDyQ" target="_9GZHkPeJEDeB3fe8sUTDyQ" relationshipRef="_tLetk_eKEDeB3fe8sUTDyQ">          <bendpoint x="108" y="168"/>          <bendpoint x="108" y="168"/>        </connection>        <connection xsi:type="Relationship" identifier="_O1lQtfeLEDeB3fe8sUTDyQ" source="_MX5GQPeLEDeB3fe8sUTDyQ" target="_CJPWYveKEDeB3fe8sUTDyQ" relationshipRef="_O1kCkfeLEDeB3fe8sUTDyQ">          <bendpoint x="367" y="168"/>          <bendpoint x="367" y="168"/>        </connection>        <connection xsi:type="Relationship" identifier="_ejKj6feLEDeB3fe8sUTDyQ" source="_Z3WVAPeLEDeB3fe8sUTDyQ" target="_XHstV_eKEDeB3fe8sUTDyQ" relationshipRef="_ejIusfeLEDeB3fe8sUTDyQ">          <bendpoint x="140" y="331"/>          <bendpoint x="140" y="331"/>        </connection>        <connection xsi:type="Relationship" identifier="_g9yzQveLEDeB3fe8sUTDyQ" source="_SDO4cveLEDeB3fe8sUTDyQ" target="_MX5GQPeLEDeB3fe8sUTDyQ" relationshipRef="_g9w-EveLEDeB3fe8sUTDyQ">          <bendpoint x="362" y="328"/>          <bendpoint x="362" y="328"/>        </connection>        <connection xsi:type="Relationship" identifier="_t7pJxfeLEDeB3fe8sUTDyQ" source="_jY3Hg_eLEDeB3fe8sUTDyQ" target="_FWDQo_eKEDeB3fe8sUTDyQ" relationshipRef="_t7nUkfeLEDeB3fe8sUTDyQ">          <bendpoint x="542" y="168"/>          <bendpoint x="542" y="168"/>        </connection>        <connection xsi:type="Relationship" identifier="_6s51y_eLEDeB3fe8sUTDyQ" source="_vly-cPeLEDeB3fe8sUTDyQ" target="_jY3Hg_eLEDeB3fe8sUTDyQ" relationshipRef="_6s4nofeLEDeB3fe8sUTDyQ">          <bendpoint x="565" y="333"/>          <bendpoint x="565" y="333"/>        </connection>        <connection xsi:type="Relationship" identifier="_WJXK4veMEDeB3fe8sUTDyQ" source="_GQo-sveMEDeB3fe8sUTDyQ" target="_89n7NPeLEDeB3fe8sUTDyQ" relationshipRef="_WJTgg_eMEDeB3fe8sUTDyQ">          <bendpoint x="842" y="275"/>          <bendpoint x="843" y="275"/>        </connection>        <connection xsi:type="Relationship" identifier="_aByN8PeMEDeB3fe8sUTDyQ" source="_JTsgCveMEDeB3fe8sUTDyQ" target="_89n7NPeLEDeB3fe8sUTDyQ" relationshipRef="_aBwYwPeMEDeB3fe8sUTDyQ">          <bendpoint x="842" y="312"/>          <bendpoint x="843" y="312"/>        </connection>        <connection xsi:type="Relationship" identifier="_asgl8feMEDeB3fe8sUTDyQ" source="_QQZzc_eMEDeB3fe8sUTDyQ" target="_89n7NPeLEDeB3fe8sUTDyQ" relationshipRef="_asewwveMEDeB3fe8sUTDyQ">          <bendpoint x="895" y="403"/>          <bendpoint x="895" y="350"/>        </connection>        <connection xsi:type="Relationship" identifier="_bNMRLfeMEDeB3fe8sUTDyQ" source="_PGKN4PeMEDeB3fe8sUTDyQ" target="_89n7NPeLEDeB3fe8sUTDyQ" relationshipRef="_bNLDAveMEDeB3fe8sUTDyQ">          <bendpoint x="919" y="380"/>          <bendpoint x="919" y="381"/>        </connection>        <connection xsi:type="Relationship" identifier="_bjqQYveMEDeB3fe8sUTDyQ" source="_LO1-EPeMEDeB3fe8sUTDyQ" target="_89n7NPeLEDeB3fe8sUTDyQ" relationshipRef="_bjobM_eMEDeB3fe8sUTDyQ">          <bendpoint x="982" y="416"/>          <bendpoint x="982" y="358"/>        </connection>        <connection xsi:type="Relationship" identifier="_eJr3cveMEDeB3fe8sUTDyQ" source="_IRWkI_eKEDeB3fe8sUTDyQ" target="_89n7NPeLEDeB3fe8sUTDyQ" relationshipRef="_eJqCQ_eMEDeB3fe8sUTDyQ">          <bendpoint x="672" y="136"/>          <bendpoint x="672" y="286"/>        </connection>        <connection xsi:type="Relationship" identifier="_eon2MveMEDeB3fe8sUTDyQ" source="_LeeAZfeKEDeB3fe8sUTDyQ" target="_89n7NPeLEDeB3fe8sUTDyQ" relationshipRef="_eomBA_eMEDeB3fe8sUTDyQ">          <bendpoint x="881" y="193"/>          <bendpoint x="881" y="193"/>        </connection>        <connection xsi:type="Relationship" identifier="_fPQ_dfeMEDeB3fe8sUTDyQ" source="_Nb5WZveKEDeB3fe8sUTDyQ" target="_89n7NPeLEDeB3fe8sUTDyQ" relationshipRef="_fPPKQ_eMEDeB3fe8sUTDyQ">          <bendpoint x="954" y="193"/>          <bendpoint x="954" y="193"/>        </connection>        <connection xsi:type="Relationship" identifier="_yIkAsPeMEDeB3fe8sUTDyQ" source="_kvH6YPeMEDeB3fe8sUTDyQ" target="_qaRfUfeMEDeB3fe8sUTDyQ" relationshipRef="_yIhkcPeMEDeB3fe8sUTDyQ">          <bendpoint x="475" y="626"/>          <bendpoint x="475" y="626"/>        </connection>        <connection xsi:type="Relationship" identifier="_0GRDiveMEDeB3fe8sUTDyQ" source="_qaRfUfeMEDeB3fe8sUTDyQ" target="_s8Y2z_eMEDeB3fe8sUTDyQ" relationshipRef="_0GPOUfeMEDeB3fe8sUTDyQ">          <bendpoint x="585" y="576"/>          <bendpoint x="585" y="560"/>        </connection>        <connection xsi:type="Relationship" identifier="_0bxZfPeMEDeB3fe8sUTDyQ" source="_qaRfUfeMEDeB3fe8sUTDyQ" target="_wD9EoPeMEDeB3fe8sUTDyQ" relationshipRef="_0bvkQ_eMEDeB3fe8sUTDyQ">          <bendpoint x="585" y="676"/>          <bendpoint x="585" y="693"/>        </connection>      </view>    </diagrams>  </views></model>
