{"identifier":"https://me.big.tuwien.ac.at/EAModelSet/id-618c3012","archimateId":"id-618c3012","name":"WFL Model","description":"","formats":["XML","CSV","JSON","ARCHIMATE"],"source":"Other","sourceFile":"raw-data/other/wfl/wfl_model.xml","sourceFormat":"XML","timestamp":"29-06-2023 09:24:31","tags":[],"duplicates":[],"language":"en","elements":[{"id":"id-978b79dc","name":"Action Inquiry","type":"BusinessProcess","layer":"business"},{"id":"id-678a31fe","name":"Creating patches","type":"BusinessProcess","layer":"business"},{"id":"id-7b17253a","name":"Stitching the patchwork","type":"BusinessProcess","layer":"business"},{"id":"ff7e3fa5","name":"Submitting assessment","type":"BusinessProcess","layer":"business"},{"id":"id-3daa6e64","name":"Summative assessment","type":"BusinessProcess","layer":"business"},{"id":"id-004c3553","name":"Assessment & awards decisions","type":"BusinessProcess","layer":"business"},{"id":"ec9c3012","name":"Course review and improvement","type":"BusinessProcess","layer":"business"},{"id":"id-5ae3c125","name":"Formative & peer assessment","type":"BusinessProcess","layer":"business"},{"id":"id-685cf735","name":"Student learning support & facilitation","type":"BusinessProcess","layer":"business"},{"id":"id-6e931d89","name":"Student Reseachers","type":"BusinessActor","layer":"business"},{"id":"id-4920581a","name":"Learning Facilitators and Work-Focused Learning Leads","type":"BusinessActor","layer":"business"},{"id":"id-205a7c66","name":"Negotiating action / learning plan","type":"BusinessProcess","layer":"business"},{"id":"id-8f8b0c85","name":"Workplace Advocate","type":"BusinessActor","layer":"business"},{"id":"bce7197d","name":"Induction to the course","type":"BusinessProcess","layer":"business"},{"id":"id-65d23fbd","name":"Recruitment","type":"BusinessProcess","layer":"business"},{"id":"abacd150","name":"Marketing","type":"BusinessProcess","layer":"business"},{"id":"id-4d69eb6d","name":"Business support","type":"BusinessProcess","layer":"business"},{"id":"a29abd2d","name":"Learning and Teaching","type":"BusinessProcess","layer":"business"},{"id":"id-57ac541e","name":"Learner support","type":"BusinessProcess","layer":"business"},{"id":"id-6d4011e2","name":"Market  analysis","type":"BusinessProcess","layer":"business"},{"id":"id-0ab3b66c","name":"Pricing","type":"BusinessProcess","layer":"business"},{"id":"id-11e75a98","name":"Costing","type":"BusinessProcess","layer":"business"},{"id":"id-8073d2ff","name":"Course publicity & info (interactive)","type":"BusinessProcess","layer":"business"},{"id":"id-72e606d8","name":"Recruitment","type":"BusinessProcess","layer":"business"},{"id":"id-767234ca","name":"Application and admissions","type":"BusinessProcess","layer":"business"},{"id":"id-2c732a95","name":"Enrolment","type":"BusinessProcess","layer":"business"},{"id":"c3dd68e0","name":"Pay fees","type":"BusinessProcess","layer":"business"},{"id":"c1259557","name":"Payments and invoicing","type":"BusinessProcess","layer":"business"},{"id":"id-921d9d5f","name":"Finance","type":"BusinessActor","layer":"business"},{"id":"a5e1f0c0","name":"Marketing","type":"BusinessActor","layer":"business"},{"id":"id-39e80eb6","name":"Work-Focused Learning Leads","type":"BusinessActor","layer":"business"},{"id":"aa62101c","name":"Promotion & Administration","type":"BusinessActor","layer":"business"},{"id":"d08d4ceb","name":"Student Record Officer","type":"BusinessActor","layer":"business"},{"id":"b374fee8","name":"Student record keeping","type":"BusinessProcess","layer":"business"},{"id":"id-6b29bf0e","name":"Initial Inquiry: context, opportunity/problem, stakeholders, resources, etc.","type":"BusinessProcess","layer":"business"},{"id":"f2e52556","name":"Plan Actions","type":"BusinessProcess","layer":"business"},{"id":"id-1077fb3c","name":"Carry out Actions","type":"BusinessProcess","layer":"business"},{"id":"id-94556757","name":"Gather info/data","type":"BusinessProcess","layer":"business"},{"id":"id-67a2763a","name":"Compare with desired result","type":"BusinessProcess","layer":"business"},{"id":"id-87a101d7","name":"Reflect / deepen understanding","type":"BusinessProcess","layer":"business"},{"id":"id-03754f1e","name":"Review context","type":"BusinessProcess","layer":"business"},{"id":"ae7a6adb","name":"Student record keeping","type":"BusinessProcess","layer":"business"},{"id":"id-477d3f45","name":"maintaining and improving","type":"BusinessProcess","layer":"business"},{"id":"id-4a491918","name":"Activity description & suppoprting content","type":"ApplicationService","layer":"application"},{"id":"id-527ae710","name":"Online discussion","type":"ApplicationService","layer":"application"},{"id":"id-1cd7b770","name":"Group management","type":"ApplicationService","layer":"application"},{"id":"id-34b97c09","name":"Online community/ies of inquiry","type":"ApplicationService","layer":"application"},{"id":"f227bc48","name":"Patchwork portfolio with commenting","type":"ApplicationService","layer":"application"},{"id":"id-0393b7fb","name":"Student data management","type":"ApplicationService","layer":"application"},{"id":"id-99540ff9","name":"Institutional & course info Web site  (copy)","type":"ApplicationService","layer":"application"},{"id":"id-1d2d0ae1","name":"Finance System","type":"ApplicationService","layer":"application"},{"id":"id-459e8edd","name":"Finance System","type":"ApplicationService","layer":"application"},{"id":"id-3a4c8322","name":"Communication Path","type":"Path","layer":"technology"}],"relationships":[{"id":"e6904e9c","sourceId":"id-978b79dc","targetId":"id-678a31fe","type":"Flow"},{"id":"b6bec640","sourceId":"id-678a31fe","targetId":"id-7b17253a","type":"Flow"},{"id":"c1e740f1","sourceId":"id-7b17253a","targetId":"ff7e3fa5","type":"Flow"},{"id":"b84264fb","sourceId":"ff7e3fa5","targetId":"id-3daa6e64","type":"Flow"},{"id":"c73a521c","sourceId":"id-3daa6e64","targetId":"id-004c3553","type":"Flow"},{"id":"id-5a9a657f","sourceId":"id-004c3553","targetId":"ec9c3012","type":"Flow"},{"id":"da930c73","sourceId":"id-5ae3c125","targetId":"id-678a31fe","type":"Flow"},{"id":"id-00eecdb7","sourceId":"id-5ae3c125","targetId":"id-7b17253a","type":"Flow"},{"id":"id-529121a5","sourceId":"id-3daa6e64","targetId":"ec9c3012","type":"Flow"},{"id":"id-8ca15509","sourceId":"id-5ae3c125","targetId":"ec9c3012","type":"Flow"},{"id":"c4f0f7d4","sourceId":"id-685cf735","targetId":"id-978b79dc","type":"Flow"},{"id":"id-25da0532","sourceId":"id-685cf735","targetId":"id-678a31fe","type":"Flow"},{"id":"afdd4d5f","sourceId":"id-7b17253a","targetId":"id-978b79dc","type":"Flow"},{"id":"id-36f0a690","sourceId":"id-678a31fe","targetId":"id-978b79dc","type":"Flow"},{"id":"id-87ab79cc","sourceId":"ff7e3fa5","targetId":"ec9c3012","type":"Flow"},{"id":"c9cfe459","sourceId":"id-6e931d89","targetId":"id-978b79dc","type":"Assignment"},{"id":"id-77da655b","sourceId":"id-6e931d89","targetId":"id-678a31fe","type":"Assignment"},{"id":"f03c1249","sourceId":"id-6e931d89","targetId":"id-7b17253a","type":"Assignment"},{"id":"be7b4126","sourceId":"id-6e931d89","targetId":"ff7e3fa5","type":"Assignment"},{"id":"d2ab4923","sourceId":"id-6e931d89","targetId":"ec9c3012","type":"Assignment"},{"id":"id-279b4dec","sourceId":"id-4920581a","targetId":"id-685cf735","type":"Assignment"},{"id":"c0650ab4","sourceId":"id-4920581a","targetId":"id-5ae3c125","type":"Assignment"},{"id":"f367f5c6","sourceId":"id-4920581a","targetId":"id-3daa6e64","type":"Assignment"},{"id":"ea1ec967","sourceId":"id-4920581a","targetId":"id-004c3553","type":"Assignment"},{"id":"id-355307a0","sourceId":"id-4920581a","targetId":"ec9c3012","type":"Assignment"},{"id":"id-796120fd","sourceId":"id-205a7c66","targetId":"id-978b79dc","type":"Flow"},{"id":"id-8f9ca6f2","sourceId":"id-6e931d89","targetId":"id-205a7c66","type":"Assignment"},{"id":"id-214200fb","sourceId":"id-4920581a","targetId":"id-205a7c66","type":"Assignment"},{"id":"id-4cd98bcf","sourceId":"id-8f8b0c85","targetId":"id-6e931d89","type":"Association"},{"id":"id-53db32e0","sourceId":"id-8f8b0c85","targetId":"id-205a7c66","type":"Assignment"},{"id":"b59b86cb","sourceId":"bce7197d","targetId":"id-205a7c66","type":"Flow"},{"id":"id-62214c54","sourceId":"id-6e931d89","targetId":"bce7197d","type":"Assignment"},{"id":"id-1cd1d310","sourceId":"id-4920581a","targetId":"bce7197d","type":"Assignment"},{"id":"id-57e4e574","sourceId":"id-34b97c09","targetId":"id-978b79dc","type":"Serving"},{"id":"f66cffcc","sourceId":"id-34b97c09","targetId":"id-205a7c66","type":"Serving"},{"id":"d6aa2b60","sourceId":"id-34b97c09","targetId":"id-685cf735","type":"Serving"},{"id":"id-48b5d95e","sourceId":"id-1cd7b770","targetId":"id-34b97c09","type":"Serving"},{"id":"id-6b8cc127","sourceId":"id-1cd7b770","targetId":"id-527ae710","type":"Serving"},{"id":"fafb21e2","sourceId":"id-527ae710","targetId":"id-978b79dc","type":"Serving"},{"id":"e7a02200","sourceId":"id-527ae710","targetId":"id-678a31fe","type":"Serving"},{"id":"id-26b5fdc5","sourceId":"id-527ae710","targetId":"id-5ae3c125","type":"Serving"},{"id":"id-9411d006","sourceId":"id-527ae710","targetId":"id-685cf735","type":"Serving"},{"id":"d3f6593d","sourceId":"f227bc48","targetId":"id-678a31fe","type":"Serving"},{"id":"id-76975888","sourceId":"f227bc48","targetId":"id-7b17253a","type":"Serving"},{"id":"id-4b975df6","sourceId":"id-4a491918","targetId":"bce7197d","type":"Serving"},{"id":"id-21fde198","sourceId":"id-4a491918","targetId":"id-205a7c66","type":"Serving"},{"id":"id-45a03a51","sourceId":"id-4a491918","targetId":"id-978b79dc","type":"Serving"},{"id":"id-2d79962c","sourceId":"f227bc48","targetId":"id-5ae3c125","type":"Serving"},{"id":"id-425f0eb6","sourceId":"id-1cd7b770","targetId":"id-685cf735","type":"Serving"},{"id":"d13c9373","sourceId":"f227bc48","targetId":"id-3daa6e64","type":"Serving"},{"id":"acc07621","sourceId":"id-4a491918","targetId":"id-685cf735","type":"Serving"},{"id":"e35a5122","sourceId":"abacd150","targetId":"id-65d23fbd","type":"Flow"},{"id":"id-07913dd9","sourceId":"id-65d23fbd","targetId":"a29abd2d","type":"Flow"},{"id":"c82a939a","sourceId":"id-4d69eb6d","targetId":"abacd150","type":"Serving"},{"id":"id-02a47e53","sourceId":"id-4d69eb6d","targetId":"id-65d23fbd","type":"Serving"},{"id":"id-2da2ee66","sourceId":"id-57ac541e","targetId":"a29abd2d","type":"Serving"},{"id":"id-4f0d46f6","sourceId":"a5e1f0c0","targetId":"id-6d4011e2","type":"Assignment"},{"id":"e50c5754","sourceId":"id-921d9d5f","targetId":"id-11e75a98","type":"Assignment"},{"id":"id-0e0e9f0e","sourceId":"id-921d9d5f","targetId":"id-0ab3b66c","type":"Assignment"},{"id":"id-8abc5b9b","sourceId":"id-6d4011e2","targetId":"id-0ab3b66c","type":"Flow"},{"id":"bd1f8244","sourceId":"id-6d4011e2","targetId":"id-11e75a98","type":"Flow"},{"id":"bc1370c9","sourceId":"id-0ab3b66c","targetId":"id-8073d2ff","type":"Flow"},{"id":"id-86d2bea0","sourceId":"id-8073d2ff","targetId":"id-72e606d8","type":"Flow"},{"id":"id-9ce14c61","sourceId":"id-72e606d8","targetId":"id-767234ca","type":"Flow"},{"id":"id-5f61843a","sourceId":"id-767234ca","targetId":"id-2c732a95","type":"Flow"},{"id":"id-67a0c2c4","sourceId":"id-2c732a95","targetId":"c3dd68e0","type":"Flow"},{"id":"id-5daf9c38","sourceId":"c3dd68e0","targetId":"c1259557","type":"Flow"},{"id":"id-38347030","sourceId":"aa62101c","targetId":"id-8073d2ff","type":"Assignment"},{"id":"id-770263ba","sourceId":"aa62101c","targetId":"id-72e606d8","type":"Assignment"},{"id":"id-56ad02b4","sourceId":"d08d4ceb","targetId":"id-767234ca","type":"Assignment"},{"id":"e2d2f324","sourceId":"d08d4ceb","targetId":"id-2c732a95","type":"Assignment"},{"id":"id-7368a070","sourceId":"id-39e80eb6","targetId":"id-921d9d5f","type":"Serving"},{"id":"c879a54f","sourceId":"id-39e80eb6","targetId":"a5e1f0c0","type":"Serving"},{"id":"id-805a711c","sourceId":"id-8073d2ff","targetId":"id-6e931d89","type":"Serving"},{"id":"id-417ab201","sourceId":"id-72e606d8","targetId":"id-6e931d89","type":"Serving"},{"id":"aea687a5","sourceId":"id-767234ca","targetId":"id-6e931d89","type":"Serving"},{"id":"id-948ee733","sourceId":"id-2c732a95","targetId":"id-6e931d89","type":"Serving"},{"id":"id-5c27de12","sourceId":"id-6e931d89","targetId":"c3dd68e0","type":"Assignment"},{"id":"id-7e916926","sourceId":"id-11e75a98","targetId":"id-0ab3b66c","type":"Serving"},{"id":"id-8714a1b6","sourceId":"id-39e80eb6","targetId":"aa62101c","type":"Serving"},{"id":"id-09a39a44","sourceId":"id-0393b7fb","targetId":"id-8073d2ff","type":"Serving"},{"id":"f029f190","sourceId":"id-99540ff9","targetId":"id-8073d2ff","type":"Serving"},{"id":"id-7f176c97","sourceId":"id-0393b7fb","targetId":"id-767234ca","type":"Serving"},{"id":"id-93d1cec7","sourceId":"id-0393b7fb","targetId":"id-2c732a95","type":"Serving"},{"id":"ef848cdd","sourceId":"id-0393b7fb","targetId":"d08d4ceb","type":"Serving"},{"id":"be7dc723","sourceId":"id-1d2d0ae1","targetId":"c1259557","type":"Serving"},{"id":"id-5358999d","sourceId":"id-99540ff9","targetId":"aa62101c","type":"Serving"},{"id":"id-9205898d","sourceId":"id-0393b7fb","targetId":"aa62101c","type":"Serving"},{"id":"id-34cdf851","sourceId":"id-459e8edd","targetId":"id-11e75a98","type":"Serving"},{"id":"id-45ce3275","sourceId":"id-459e8edd","targetId":"id-0ab3b66c","type":"Serving"},{"id":"id-58c34248","sourceId":"id-921d9d5f","targetId":"id-459e8edd","type":"Association"},{"id":"f37d26d7","sourceId":"id-459e8edd","targetId":"id-921d9d5f","type":"Serving"},{"id":"c77af033","sourceId":"id-1d2d0ae1","targetId":"id-921d9d5f","type":"Serving"},{"id":"id-7abd503f","sourceId":"id-921d9d5f","targetId":"c1259557","type":"Assignment"},{"id":"id-9f74eccd","sourceId":"id-0393b7fb","targetId":"id-3daa6e64","type":"Serving"},{"id":"b6f12916","sourceId":"id-0393b7fb","targetId":"id-004c3553","type":"Serving"},{"id":"ddc00307","sourceId":"id-0393b7fb","targetId":"ec9c3012","type":"Serving"},{"id":"f7c74be8","sourceId":"f227bc48","targetId":"ff7e3fa5","type":"Serving"},{"id":"id-8de17124","sourceId":"d08d4ceb","targetId":"b374fee8","type":"Assignment"},{"id":"id-8c3727ec","sourceId":"id-0393b7fb","targetId":"b374fee8","type":"Serving"},{"id":"id-58ee49a2","sourceId":"f2e52556","targetId":"id-1077fb3c","type":"Flow"},{"id":"id-8edfa99c","sourceId":"id-1077fb3c","targetId":"id-94556757","type":"Flow"},{"id":"id-92e21390","sourceId":"id-94556757","targetId":"id-67a2763a","type":"Flow"},{"id":"f64c3cbe","sourceId":"id-67a2763a","targetId":"id-87a101d7","type":"Flow"},{"id":"id-815d88f6","sourceId":"id-87a101d7","targetId":"id-03754f1e","type":"Flow"},{"id":"id-6a70890b","sourceId":"id-03754f1e","targetId":"f2e52556","type":"Triggering"},{"id":"id-5682c4ec","sourceId":"id-205a7c66","targetId":"id-6b29bf0e","type":"Flow"},{"id":"id-66ea2fb4","sourceId":"id-6b29bf0e","targetId":"f2e52556","type":"Flow"},{"id":"id-37238d24","sourceId":"id-1077fb3c","targetId":"id-678a31fe","type":"Flow"},{"id":"id-17dc0643","sourceId":"id-94556757","targetId":"id-678a31fe","type":"Flow"},{"id":"id-53b5e103","sourceId":"id-03754f1e","targetId":"f2e52556","type":"Flow"},{"id":"cc4ce4d4","sourceId":"id-678a31fe","targetId":"id-978b79dc","type":"Flow"},{"id":"id-7a50a4de","sourceId":"d08d4ceb","targetId":"ae7a6adb","type":"Assignment"},{"id":"id-31ce51c5","sourceId":"ae7a6adb","targetId":"id-3daa6e64","type":"Serving"},{"id":"fcf38e77","sourceId":"ae7a6adb","targetId":"id-004c3553","type":"Serving"},{"id":"d3b16ce6","sourceId":"id-678a31fe","targetId":"id-978b79dc","type":"Flow"},{"id":"id-9676ac93","sourceId":"id-477d3f45","targetId":"id-57ac541e","type":"Serving"},{"id":"id-07b974ad","sourceId":"id-477d3f45","targetId":"id-4d69eb6d","type":"Serving"},{"id":"id-378c55b0","sourceId":"id-004c3553","targetId":"b374fee8","type":"Flow"}],"views":[{"id":"c15dee1d","name":"Learning & Teaching","viewpoint":""},{"id":"id-5131f349","name":"Learning & Teaching + IT support","viewpoint":""},{"id":"id-4c26ebbf","name":"Overview","viewpoint":""},{"id":"fb963c3b","name":"Marketing","viewpoint":""},{"id":"ddc22310","name":"Recruitment","viewpoint":""},{"id":"id-6526a60a","name":"Action Inquiry","viewpoint":""}]}