{"identifier":"https://me.big.tuwien.ac.at/EAModelSet/_e2vGYGjtEeqH6JNbB4-uaw","archimateId":"_e2vGYGjtEeqH6JNbB4-uaw","name":"CU20","description":"","formats":["XML","CSV","JSON","ARCHIMATE"],"source":"GenMyModel","repository":"","license":"","sourceFile":"raw-data/genmymodel/_e2vgygjteeqh6jnbb4-uaw.xml","sourceFormat":"XML","timestamp":"2023-07-06T10:01:17","tags":[],"duplicates":[],"language":"es","elements":[{"id":"_9GX5cPeJEDeB3fe8sUTDyQ","name":"CU20 Captura","type":"ApplicationComponent","layer":"application"},{"id":"__n4M4PeJEDeB3fe8sUTDyQ","name":"CU20 Admin","type":"ApplicationComponent","layer":"application"},{"id":"_CJOvUfeKEDeB3fe8sUTDyQ","name":"CU20 API","type":"ApplicationComponent","layer":"application"},{"id":"_IRV9EfeKEDeB3fe8sUTDyQ","name":"Sistema contable","type":"ApplicationComponent","layer":"application"},{"id":"_LedZUfeKEDeB3fe8sUTDyQ","name":"Sistema de gestión de inventario","type":"ApplicationComponent","layer":"application"},{"id":"_Nb4vUfeKEDeB3fe8sUTDyQ","name":"Sistema de gestión de pedidos","type":"ApplicationComponent","layer":"application"},{"id":"_XHsGQfeKEDeB3fe8sUTDyQ","name":"MVC ASP.NET Web Application","type":"Artifact","layer":"technology"},{"id":"_zQRhkfeKEDeB3fe8sUTDyQ","name":"IBM Websphere Portal 8.0","type":"SystemSoftware","layer":"technology"},{"id":"_04kVEfeKEDeB3fe8sUTDyQ","name":"Node","type":"Node","layer":"technology"},{"id":"_2YDK0feKEDeB3fe8sUTDyQ","name":"Network","type":"CommunicationNetwork","layer":"technology"},{"id":"_MX3REPeLEDeB3fe8sUTDyQ","name":"ASP.NET Core API REST","type":"Artifact","layer":"technology"},{"id":"_PmM1UPeLEDeB3fe8sUTDyQ","name":"Servidor de aplicaciones Windows Server 2015","type":"Node","layer":"technology"},{"id":"_SDNDQfeLEDeB3fe8sUTDyQ","name":"Internet Information Server 7","type":"SystemSoftware","layer":"technology"},{"id":"_Y_DbEPeLEDeB3fe8sUTDyQ","name":"Servidor de aplicaciones Windows Server 2015","type":"Node","layer":"technology"},{"id":"_Z3Uf0feLEDeB3fe8sUTDyQ","name":"Internet Information Server 7","type":"SystemSoftware","layer":"technology"},{"id":"_jY0rQfeLEDeB3fe8sUTDyQ","name":"DB Engine","type":"Artifact","layer":"technology"},{"id":"_uzkQQfeLEDeB3fe8sUTDyQ","name":"Servidor de Base de Datos","type":"Node","layer":"technology"},{"id":"_vluF8feLEDeB3fe8sUTDyQ","name":"SQL Server 2015","type":"SystemSoftware","layer":"technology"},{"id":"_70gXAfeLEDeB3fe8sUTDyQ","name":"Servidor de aplicaciones - Redhat Enterprise Linux 5","type":"Node","layer":"technology"},{"id":"_89mGAfeLEDeB3fe8sUTDyQ","name":"Compiere 3.4 Enterprise Edition (ERP)","type":"SystemSoftware","layer":"technology"},{"id":"_GQmicfeMEDeB3fe8sUTDyQ","name":"Sistema de gestión de envíos","type":"ApplicationComponent","layer":"application"},{"id":"_JTqq0feMEDeB3fe8sUTDyQ","name":"Sistema de gestión de producción","type":"ApplicationComponent","layer":"application"},{"id":"_LOzh0feMEDeB3fe8sUTDyQ","name":"Sistema de gestión de ventas","type":"ApplicationComponent","layer":"application"},{"id":"_PGGjgfeMEDeB3fe8sUTDyQ","name":"CRM","type":"ApplicationComponent","layer":"application"},{"id":"_QQX-QfeMEDeB3fe8sUTDyQ","name":"Portal empleados","type":"ApplicationComponent","layer":"application"},{"id":"_kZGAAfeMEDeB3fe8sUTDyQ","name":"Servidor de aplicaciones Windows Server 2015","type":"Node","layer":"technology"},{"id":"_kvFeIfeMEDeB3fe8sUTDyQ","name":"Windows Service Host","type":"SystemSoftware","layer":"technology"},{"id":"_qaPDEfeMEDeB3fe8sUTDyQ","name":".NET Core Console Application","type":"Artifact","layer":"technology"},{"id":"_s8XBkfeMEDeB3fe8sUTDyQ","name":"Transformer (Importador)","type":"ApplicationComponent","layer":"application"},{"id":"_wD8dkPeMEDeB3fe8sUTDyQ","name":"Generador de Catalogos (Exportador)","type":"ApplicationComponent","layer":"application"},{"id":"_IdAOEEkZEDiTSNg-Ix8jTQ","name":"Servidor de Base de Datos","type":"Node","layer":"technology"},{"id":"_IdAOEkkZEDiTSNg-Ix8jTQ","name":"SQL Server 2015","type":"SystemSoftware","layer":"technology"},{"id":"_MM94sUkZEDiTSNg-Ix8jTQ","name":"Object","type":"BusinessObject","layer":"business"},{"id":"_e-RbkUkZEDiTSNg-Ix8jTQ","name":"Interface","type":"ApplicationInterface","layer":"application"},{"id":"_gtZ24UkZEDiTSNg-Ix8jTQ","name":"DB CLUSTER - CU20 ;  APISEG","type":"Node","layer":"technology"},{"id":"_pPlTUEkZEDiTSNg-Ix8jTQ","name":"DB CLUSTER - CU20 SNAPSHOT","type":"Node","layer":"technology"},{"id":"_pPlTUkkZEDiTSNg-Ix8jTQ","name":"Servidor de Base de Datos","type":"Node","layer":"technology"},{"id":"_pPlTVEkZEDiTSNg-Ix8jTQ","name":"SQL Server 2015","type":"SystemSoftware","layer":"technology"},{"id":"_pPlTVkkZEDiTSNg-Ix8jTQ","name":"Servidor de Base de Datos","type":"Node","layer":"technology"},{"id":"_pPl6YUkZEDiTSNg-Ix8jTQ","name":"SQL Server 2015","type":"SystemSoftware","layer":"technology"},{"id":"_Muu3EEkbEDiTSNg-Ix8jTQ","name":"Servidor de aplicaciones Windows Server 2015","type":"Node","layer":"technology"},{"id":"_Muu3EkkbEDiTSNg-Ix8jTQ","name":"Internet Information Server 7","type":"SystemSoftware","layer":"technology"},{"id":"_PucwgEkbEDiTSNg-Ix8jTQ","name":"LOAD BALANCE","type":"Node","layer":"technology"},{"id":"_aautAEkbEDiTSNg-Ix8jTQ","name":"LOAD BALANCE","type":"Node","layer":"technology"},{"id":"_aavUEEkbEDiTSNg-Ix8jTQ","name":"Servidor de aplicaciones Windows Server 2015","type":"Node","layer":"technology"},{"id":"_aavUEkkbEDiTSNg-Ix8jTQ","name":"Internet Information Server 7","type":"SystemSoftware","layer":"technology"},{"id":"_aavUFEkbEDiTSNg-Ix8jTQ","name":"Servidor de aplicaciones Windows Server 2015","type":"Node","layer":"technology"},{"id":"_aavUFkkbEDiTSNg-Ix8jTQ","name":"Internet Information Server 7","type":"SystemSoftware","layer":"technology"},{"id":"_aavUGEkbEDiTSNg-Ix8jTQ","name":"MVC ASP.NET Web Application","type":"Artifact","layer":"technology"},{"id":"_TPk4cEkcEDiTSNg-Ix8jTQ","name":"APISEG","type":"ApplicationComponent","layer":"application"},{"id":"_FgDrEEk1EDiTSNg-Ix8jTQ","name":"Cluster DB - CU20 ;  APISEG","type":"Node","layer":"technology"},{"id":"_FgDrEkk1EDiTSNg-Ix8jTQ","name":"Servidor de Base de Datos","type":"Node","layer":"technology"},{"id":"_FgDrFEk1EDiTSNg-Ix8jTQ","name":"SQL Server 2015","type":"SystemSoftware","layer":"technology"},{"id":"_FgESIEk1EDiTSNg-Ix8jTQ","name":"Servidor de Base de Datos","type":"Node","layer":"technology"},{"id":"_FgESIkk1EDiTSNg-Ix8jTQ","name":"SQL Server 2015","type":"SystemSoftware","layer":"technology"},{"id":"_HOSHcEk1EDiTSNg-Ix8jTQ","name":"MEDIA SERVER","type":"Node","layer":"technology"},{"id":"_HOSugUk1EDiTSNg-Ix8jTQ","name":"FileSystem","type":"SystemSoftware","layer":"technology"},{"id":"_0CrYwUk1EDiTSNg-Ix8jTQ","name":"Web Server","type":"Node","layer":"technology"},{"id":"_iEf0kEk4EDiTSNg-Ix8jTQ","name":"ASP.NET API REST","type":"Artifact","layer":"technology"}],"relationships":[{"id":"_rkwAU_eKEDeB3fe8sUTDyQ","sourceId":"_XHsGQfeKEDeB3fe8sUTDyQ","targetId":"__n4M4PeJEDeB3fe8sUTDyQ","type":"Realization"},{"id":"_tLetk_eKEDeB3fe8sUTDyQ","sourceId":"_XHsGQfeKEDeB3fe8sUTDyQ","targetId":"_9GX5cPeJEDeB3fe8sUTDyQ","type":"Realization"},{"id":"_2LMakfeKEDeB3fe8sUTDyQ","sourceId":"_zQRhkfeKEDeB3fe8sUTDyQ","targetId":"_04kVEfeKEDeB3fe8sUTDyQ","type":"Composition"},{"id":"_4WhCo_eKEDeB3fe8sUTDyQ","sourceId":"_04kVEfeKEDeB3fe8sUTDyQ","targetId":"_zQRhkfeKEDeB3fe8sUTDyQ","type":"Composition"},{"id":"_J9ti0veLEDeB3fe8sUTDyQ","sourceId":"_zQRhkfeKEDeB3fe8sUTDyQ","targetId":"_XHsGQfeKEDeB3fe8sUTDyQ","type":"Assignment"},{"id":"_O1kCkfeLEDeB3fe8sUTDyQ","sourceId":"_MX3REPeLEDeB3fe8sUTDyQ","targetId":"_CJOvUfeKEDeB3fe8sUTDyQ","type":"Realization"},{"id":"_SDO4cPeLEDeB3fe8sUTDyQ","sourceId":"_PmM1UPeLEDeB3fe8sUTDyQ","targetId":"_SDNDQfeLEDeB3fe8sUTDyQ","type":"Composition"},{"id":"_Z3Vt9veLEDeB3fe8sUTDyQ","sourceId":"_Y_DbEPeLEDeB3fe8sUTDyQ","targetId":"_Z3Uf0feLEDeB3fe8sUTDyQ","type":"Composition"},{"id":"_ejIusfeLEDeB3fe8sUTDyQ","sourceId":"_Z3Uf0feLEDeB3fe8sUTDyQ","targetId":"_XHsGQfeKEDeB3fe8sUTDyQ","type":"Assignment"},{"id":"_g9w-EveLEDeB3fe8sUTDyQ","sourceId":"_SDNDQfeLEDeB3fe8sUTDyQ","targetId":"_MX3REPeLEDeB3fe8sUTDyQ","type":"Assignment"},{"id":"_vlyXYPeLEDeB3fe8sUTDyQ","sourceId":"_uzkQQfeLEDeB3fe8sUTDyQ","targetId":"_vluF8feLEDeB3fe8sUTDyQ","type":"Composition"},{"id":"_6s4nofeLEDeB3fe8sUTDyQ","sourceId":"_vluF8feLEDeB3fe8sUTDyQ","targetId":"_jY0rQfeLEDeB3fe8sUTDyQ","type":"Assignment"},{"id":"_89n7MveLEDeB3fe8sUTDyQ","sourceId":"_70gXAfeLEDeB3fe8sUTDyQ","targetId":"_89mGAfeLEDeB3fe8sUTDyQ","type":"Composition"},{"id":"_WJTgg_eMEDeB3fe8sUTDyQ","sourceId":"_GQmicfeMEDeB3fe8sUTDyQ","targetId":"_89mGAfeLEDeB3fe8sUTDyQ","type":"Association"},{"id":"_aBwYwPeMEDeB3fe8sUTDyQ","sourceId":"_JTqq0feMEDeB3fe8sUTDyQ","targetId":"_89mGAfeLEDeB3fe8sUTDyQ","type":"Association"},{"id":"_asewwveMEDeB3fe8sUTDyQ","sourceId":"_QQX-QfeMEDeB3fe8sUTDyQ","targetId":"_89mGAfeLEDeB3fe8sUTDyQ","type":"Association"},{"id":"_bNLDAveMEDeB3fe8sUTDyQ","sourceId":"_PGGjgfeMEDeB3fe8sUTDyQ","targetId":"_89mGAfeLEDeB3fe8sUTDyQ","type":"Association"},{"id":"_bjobM_eMEDeB3fe8sUTDyQ","sourceId":"_LOzh0feMEDeB3fe8sUTDyQ","targetId":"_89mGAfeLEDeB3fe8sUTDyQ","type":"Association"},{"id":"_eJqCQ_eMEDeB3fe8sUTDyQ","sourceId":"_IRV9EfeKEDeB3fe8sUTDyQ","targetId":"_89mGAfeLEDeB3fe8sUTDyQ","type":"Association"},{"id":"_eomBA_eMEDeB3fe8sUTDyQ","sourceId":"_LedZUfeKEDeB3fe8sUTDyQ","targetId":"_89mGAfeLEDeB3fe8sUTDyQ","type":"Association"},{"id":"_fPPKQ_eMEDeB3fe8sUTDyQ","sourceId":"_Nb4vUfeKEDeB3fe8sUTDyQ","targetId":"_89mGAfeLEDeB3fe8sUTDyQ","type":"Association"},{"id":"_kvHTVPeMEDeB3fe8sUTDyQ","sourceId":"_kZGAAfeMEDeB3fe8sUTDyQ","targetId":"_kvFeIfeMEDeB3fe8sUTDyQ","type":"Composition"},{"id":"_yIhkcPeMEDeB3fe8sUTDyQ","sourceId":"_kvFeIfeMEDeB3fe8sUTDyQ","targetId":"_qaPDEfeMEDeB3fe8sUTDyQ","type":"Assignment"},{"id":"_0GPOUfeMEDeB3fe8sUTDyQ","sourceId":"_qaPDEfeMEDeB3fe8sUTDyQ","targetId":"_s8XBkfeMEDeB3fe8sUTDyQ","type":"Flow"},{"id":"_0bvkQ_eMEDeB3fe8sUTDyQ","sourceId":"_qaPDEfeMEDeB3fe8sUTDyQ","targetId":"_wD8dkPeMEDeB3fe8sUTDyQ","type":"Flow"},{"id":"_jXF18EkZEDiTSNg-Ix8jTQ","sourceId":"_gtZ24UkZEDiTSNg-Ix8jTQ","targetId":"_IdAOEEkZEDiTSNg-Ix8jTQ","type":"Composition"},{"id":"_jXJgU0kZEDiTSNg-Ix8jTQ","sourceId":"_gtZ24UkZEDiTSNg-Ix8jTQ","targetId":"_uzkQQfeLEDeB3fe8sUTDyQ","type":"Composition"},{"id":"_ZprgAUkaEDiTSNg-Ix8jTQ","sourceId":"_9GX5cPeJEDeB3fe8sUTDyQ","targetId":"_gtZ24UkZEDiTSNg-Ix8jTQ","type":"Triggering"},{"id":"_aPpT0UkaEDiTSNg-Ix8jTQ","sourceId":"__n4M4PeJEDeB3fe8sUTDyQ","targetId":"_gtZ24UkZEDiTSNg-Ix8jTQ","type":"Triggering"},{"id":"_bBUBUUkaEDiTSNg-Ix8jTQ","sourceId":"_CJOvUfeKEDeB3fe8sUTDyQ","targetId":"_gtZ24UkZEDiTSNg-Ix8jTQ","type":"Triggering"},{"id":"_qp8jEUkaEDiTSNg-Ix8jTQ","sourceId":"_wD8dkPeMEDeB3fe8sUTDyQ","targetId":"_pPlTUEkZEDiTSNg-Ix8jTQ","type":"Serving"},{"id":"_8QimUkkaEDiTSNg-Ix8jTQ","sourceId":"_s8XBkfeMEDeB3fe8sUTDyQ","targetId":"_gtZ24UkZEDiTSNg-Ix8jTQ","type":"Triggering"},{"id":"_TfmG4UkbEDiTSNg-Ix8jTQ","sourceId":"_PucwgEkbEDiTSNg-Ix8jTQ","targetId":"_Muu3EEkbEDiTSNg-Ix8jTQ","type":"Composition"},{"id":"_TfpxQ0kbEDiTSNg-Ix8jTQ","sourceId":"_PucwgEkbEDiTSNg-Ix8jTQ","targetId":"_Y_DbEPeLEDeB3fe8sUTDyQ","type":"Composition"},{"id":"_aavUGkkbEDiTSNg-Ix8jTQ","sourceId":"_aavUFkkbEDiTSNg-Ix8jTQ","targetId":"_aavUGEkbEDiTSNg-Ix8jTQ","type":"Assignment"},{"id":"_-xQaIUkbEDiTSNg-Ix8jTQ","sourceId":"_aautAEkbEDiTSNg-Ix8jTQ","targetId":"_CJOvUfeKEDeB3fe8sUTDyQ","type":"Flow"},{"id":"_AbypU0kcEDiTSNg-Ix8jTQ","sourceId":"_PucwgEkbEDiTSNg-Ix8jTQ","targetId":"_9GX5cPeJEDeB3fe8sUTDyQ","type":"Realization"},{"id":"_BGM4QUkcEDiTSNg-Ix8jTQ","sourceId":"_PucwgEkbEDiTSNg-Ix8jTQ","targetId":"__n4M4PeJEDeB3fe8sUTDyQ","type":"Realization"},{"id":"_Bq45s0kcEDiTSNg-Ix8jTQ","sourceId":"_aautAEkbEDiTSNg-Ix8jTQ","targetId":"_CJOvUfeKEDeB3fe8sUTDyQ","type":"Realization"},{"id":"_ABYncEkrEDiTSNg-Ix8jTQ","sourceId":"_aautAEkbEDiTSNg-Ix8jTQ","targetId":"_aavUFEkbEDiTSNg-Ix8jTQ","type":"Composition"},{"id":"_BRY2w0krEDiTSNg-Ix8jTQ","sourceId":"_aautAEkbEDiTSNg-Ix8jTQ","targetId":"_aavUEEkbEDiTSNg-Ix8jTQ","type":"Composition"},{"id":"_4Z0xcUkwEDiTSNg-Ix8jTQ","sourceId":"_kZGAAfeMEDeB3fe8sUTDyQ","targetId":"_qaPDEfeMEDeB3fe8sUTDyQ","type":"Assignment"},{"id":"_zPePo0k0EDiTSNg-Ix8jTQ","sourceId":"_kZGAAfeMEDeB3fe8sUTDyQ","targetId":"_s8XBkfeMEDeB3fe8sUTDyQ","type":"Flow"},{"id":"_7wWEg0k0EDiTSNg-Ix8jTQ","sourceId":"_kZGAAfeMEDeB3fe8sUTDyQ","targetId":"_s8XBkfeMEDeB3fe8sUTDyQ","type":"Triggering"},{"id":"__Px_00k0EDiTSNg-Ix8jTQ","sourceId":"_kZGAAfeMEDeB3fe8sUTDyQ","targetId":"_wD8dkPeMEDeB3fe8sUTDyQ","type":"Realization"},{"id":"__8nQoEk0EDiTSNg-Ix8jTQ","sourceId":"_kZGAAfeMEDeB3fe8sUTDyQ","targetId":"_s8XBkfeMEDeB3fe8sUTDyQ","type":"Realization"},{"id":"_vDsWQ0k1EDiTSNg-Ix8jTQ","sourceId":"_HOSHcEk1EDiTSNg-Ix8jTQ","targetId":"_HOSugUk1EDiTSNg-Ix8jTQ","type":"Composition"},{"id":"_0CzUmUk1EDiTSNg-Ix8jTQ","sourceId":"_HOSHcEk1EDiTSNg-Ix8jTQ","targetId":"_0CrYwUk1EDiTSNg-Ix8jTQ","type":"Composition"},{"id":"_2RkSM0k1EDiTSNg-Ix8jTQ","sourceId":"_9GX5cPeJEDeB3fe8sUTDyQ","targetId":"_HOSHcEk1EDiTSNg-Ix8jTQ","type":"Serving"},{"id":"_3ZmRQ0k1EDiTSNg-Ix8jTQ","sourceId":"_9GX5cPeJEDeB3fe8sUTDyQ","targetId":"_HOSHcEk1EDiTSNg-Ix8jTQ","type":"Triggering"},{"id":"_fjIrEUk4EDiTSNg-Ix8jTQ","sourceId":"_aautAEkbEDiTSNg-Ix8jTQ","targetId":"_TPk4cEkcEDiTSNg-Ix8jTQ","type":"Realization"}],"views":[{"id":"_4yv-4RVbEeqDmNBP3mfLQg","name":"archimate-diagram","viewpoint":""}]}