"ID","Key","Value"
"_KbkHELU2EDinBL3x_lC9Xg","Directed","false"
"_LOLPwLU2EDinBL3x_lC9Xg","Directed","false"
"_f_W_sLU2EDinBL3x_lC9Xg","Directed","false"
"_nwVBoLU2EDinBL3x_lC9Xg","Directed","false"
"_2-E-MLU2EDinBL3x_lC9Xg","Directed","false"
"_J7zMcLU3EDinBL3x_lC9Xg","Directed","false"
"_SRd24LU3EDinBL3x_lC9Xg","Directed","false"
"_ZLkiQLU3EDinBL3x_lC9Xg","Directed","false"
"_j9a7QLU3EDinBL3x_lC9Xg","Directed","false"
"_t6dMILU3EDinBL3x_lC9Xg","Directed","false"
"_ymwjMLU3EDinBL3x_lC9Xg","Directed","false"
"_AvpwgLU4EDinBL3x_lC9Xg","Directed","false"
"_N42bYLU4EDinBL3x_lC9Xg","Directed","false"
"_UY2ksLU4EDinBL3x_lC9Xg","Directed","false"
"_bUI70LU4EDinBL3x_lC9Xg","Directed","false"
"_Q6ECQLU7EDinBL3x_lC9Xg","Directed","false"