"ID","Type","Name","Documentation","Source","Target","Specialization"
"id-3c9bd50b","AssociationRelationship","","","id-9aa7efca","ce17e1fa",""
"id-5bb978ef","AssociationRelationship","","","id-4db5bf4b","f86054fa",""
"id-57d6ecde","AssociationRelationship","","","id-02a24164","e795f8b6",""
"c976b659","AssociationRelationship","","","id-08520a4c","id-6e5e69db",""
"id-2a0d9540","AssociationRelationship","","","id-9de65f1f","id-08520a4c",""
"id-022bedc8","AssociationRelationship","","","id-6eb221f9","id-3426b1b2",""
"id-81929cf5","AssociationRelationship","","","a17277f8","id-11b67a9f",""
"dc4bdd35","AssociationRelationship","","","id-2fa64e3c","id-8c0ea9ab",""
"id-4f77f75e","AssociationRelationship","","","id-02a24164","id-9de65f1f",""
"id-5b394198","AssociationRelationship","","","id-098d3999","id-9cf24c7d",""
"id-8c610ec5","AssociationRelationship","","","id-2a3c369a","b306d1d8",""
"id-5af0678d","AssociationRelationship","","","d813da67","ce17e1fa",""
"id-7ee5bdb7","AssociationRelationship","","","id-02a24164","id-5bdedd00",""
"fa5cf17c","AssociationRelationship","","","b306d1d8","id-5ab193a0",""
"id-336127a5","AssociationRelationship","","","id-08520a4c","id-02a24164",""
"a3d62d64","AssociationRelationship","","","id-171afaa6","ce17e1fa",""
"e2f55905","AssociationRelationship","","","id-5bdedd00","id-097ff142",""
"id-64580642","AssociationRelationship","","","d968ddac","f86054fa",""
"id-3f997960","AssociationRelationship","","","id-11b67a9f","id-1928b57b",""
"id-86881dc4","AssociationRelationship","","","id-5bdedd00","id-171afaa6",""
"id-3cd708bc","AssociationRelationship","","","id-9aa7efca","id-932679bd",""
"id-084fae53","AssociationRelationship","","","id-3426b1b2","id-68a3da43",""
"caad891b","AssociationRelationship","","","id-3426b1b2","id-9c34fbbf",""
"d3a6b868","AssociationRelationship","","","id-9c34fbbf","a17277f8",""
"id-5399cfa2","AssociationRelationship","","","id-1928b57b","d968ddac",""
"id-677fb382","AssociationRelationship","","","id-0d133a6d","id-8c0ea9ab",""
"b781b1bf","AssociationRelationship","","","cae6f4d2","id-5356d4f7",""
"id-22ac2c94","AssociationRelationship","","","id-3426b1b2","d813da67",""
"id-1c16b5db","AssociationRelationship","","","e795f8b6","id-8c0ea9ab",""
"id-2b764c2d","AssociationRelationship","","","d219b315","id-098d3999",""
"id-4df5528f","AssociationRelationship","","","id-6e5e69db","id-11b67a9f",""
"id-7483b745","AssociationRelationship","","","a17277f8","id-6e5e69db",""
"f35328ea","AssociationRelationship","","","id-5de30fd4","id-097ff142",""
"id-27148839","AssociationRelationship","","","edcce5a8","ce17e1fa",""
"id-9730966c","AssociationRelationship","","","id-9cf24c7d","id-27ef86e9",""
"c1cb655d","AssociationRelationship","","","id-3426b1b2","id-5de30fd4",""
"e7bed00d","AssociationRelationship","","","id-2fa64e3c","id-2a3c369a",""
"c0694ae0","AssociationRelationship","","","id-3426b1b2","f9792ce3",""
"id-54691b40","AssociationRelationship","","","id-02a24164","id-8c0ea9ab",""
"id-2210253d","AssociationRelationship","","","id-9de65f1f","a17277f8",""
"id-9a56ab9a","AssociationRelationship","","","d219b315","id-097ff142",""
"id-1a10c9bf","AssociationRelationship","","","id-3426b1b2","id-0d133a6d",""
"id-952463b2","AssociationRelationship","","","id-932679bd","cae6f4d2",""
"id-22311905","AssociationRelationship","","","id-3426b1b2","id-3cd347a5",""
"id-1db1bfc2","AssociationRelationship","","","id-9c34fbbf","id-6e5e69db",""
"id-2a3a6bfc","AssociationRelationship","","","id-1928b57b","id-4db5bf4b",""
"a6ff64db","CompositionRelationship","","","edcce5a8","id-932679bd",""
"id-00ba1180","CompositionRelationship","","","id-7a047e23","id-2fa64e3c",""
"id-587bccba","CompositionRelationship","","","id-6d84a1d2","id-27ef86e9",""
"c0bb95ca","CompositionRelationship","","","id-7a047e23","id-8c0ea9ab",""
"d8b25089","CompositionRelationship","","","edcce5a8","ce17e1fa",""
"id-81daeff5","CompositionRelationship","","","id-3426b1b2","f9792ce3",""
"id-1ae06a8a","CompositionRelationship","","","id-7a047e23","b306d1d8",""
"id-679ca61a","CompositionRelationship","","","id-7a047e23","id-0d133a6d",""
"id-37b5d458","CompositionRelationship","","","id-6d84a1d2","d219b315",""
"b6a7e979","CompositionRelationship","","","edcce5a8","id-171afaa6",""
"bf6b9261","CompositionRelationship","","","id-6d84a1d2","id-5de30fd4",""
"fbc4e10a","CompositionRelationship","","","id-3426b1b2","id-3cd347a5",""
"id-63027c67","CompositionRelationship","","","edcce5a8","cae6f4d2",""
"bc747228","CompositionRelationship","","","id-61954c34","a17277f8",""
"id-3832367a","CompositionRelationship","","","id-7a047e23","id-02a24164",""
"ff2afcf4","CompositionRelationship","","","edcce5a8","d813da67",""
"id-2c73a94b","CompositionRelationship","","","id-7a047e23","id-5ab193a0",""
"c6396412","CompositionRelationship","","","id-6d84a1d2","id-098d3999",""
"id-7eea93b9","CompositionRelationship","","","id-6d84a1d2","id-9cf24c7d",""
"f6ef2b49","CompositionRelationship","","","id-7a047e23","e795f8b6",""
"id-3de383bb","CompositionRelationship","","","edcce5a8","id-9aa7efca",""
"id-026134ae","CompositionRelationship","","","id-7a047e23","id-2a3c369a",""
"id-8d605f57","CompositionRelationship","","","id-61954c34","id-9c34fbbf",""
"id-6c341094","CompositionRelationship","","","id-6d84a1d2","id-5bdedd00",""
"id-6d5c20b9","CompositionRelationship","","","id-61954c34","id-6e5e69db",""
"id-4c9e39d2","CompositionRelationship","","","id-61954c34","d968ddac",""
"id-7b5961ea","CompositionRelationship","","","id-61954c34","id-08520a4c",""
"id-54c226df","CompositionRelationship","","","id-61954c34","id-11b67a9f",""
"a53530e7","CompositionRelationship","","","id-61954c34","id-1928b57b",""
"id-5c8a1cc1","CompositionRelationship","","","edcce5a8","id-5356d4f7",""
"c7f3c9f6","CompositionRelationship","","","id-61954c34","f86054fa",""
"id-90bd19dd","CompositionRelationship","","","id-6d84a1d2","id-097ff142",""
"id-023159bd","CompositionRelationship","","","id-61954c34","id-9de65f1f",""
"id-7392f0be","CompositionRelationship","","","id-61954c34","id-4db5bf4b",""
"id-4ee8aee2","CompositionRelationship","","","id-3426b1b2","id-68a3da43",""