{"identifier":"https://me.big.tuwien.ac.at/EAModelSet/001bf72f","archimateId":"001bf72f","name":"export.uploader","description":"","formats":["XML","CSV","JSON","ARCHIMATE"],"source":"GitHub","sourceFile":"raw-data/github/archimate/deployment.archimate","sourceFormat":"ARCHIMATE","timestamp":"29-06-2023 09:31:57","tags":[],"duplicates":[],"language":"en","elements":[{"id":"b50b6938","name":"uploader","type":"ApplicationComponent","layer":"application"},{"id":"9948bfc3","name":"Mongo","type":"ApplicationComponent","layer":"application"},{"id":"a6516cda","name":"mongo port","type":"ApplicationInterface","layer":"application"},{"id":"999297fe","name":"Uploaded files Storage","type":"ApplicationService","layer":"application"},{"id":"a0899c71","name":"Order Repository","type":"ApplicationService","layer":"application"},{"id":"d17eb8d8","name":"Order MetaData storage","type":"ApplicationService","layer":"application"},{"id":"d338b9a5","name":"FileStorage","type":"ApplicationService","layer":"application"},{"id":"fdcbfcbb","name":"Application Function","type":"ApplicationFunction","layer":"application"},{"id":"ac9f728b","name":"FileSystem","type":"ApplicationComponent","layer":"application"},{"id":"4b5a3184","name":"UploadView. Show uploaded","type":"ApplicationFunction","layer":"application"},{"id":"9546242f","name":"UploadView. Load/Save/Update","type":"ApplicationFunction","layer":"application"},{"id":"2ec6cb85","name":"UploadView. LoadSaved","type":"ApplicationFunction","layer":"application"},{"id":"2d753f00","name":"UploadView. Uploaded PDF's Icon consumer","type":"ApplicationFunction","layer":"application"},{"id":"92494173","name":"REST images aware","type":"ApplicationService","layer":"application"},{"id":"655ca226","name":"FileSystem","type":"ApplicationComponent","layer":"application"},{"id":"9a1f4fea","name":"read-files-rest","type":"ApplicationComponent","layer":"application"},{"id":"6092013f","name":"Saved files Storage","type":"ApplicationService","layer":"application"},{"id":"4105f712","name":"FileStorage","type":"ApplicationService","layer":"application"},{"id":"8b5e92e1","name":"FileSystem","type":"ApplicationComponent","layer":"application"},{"id":"c6788869","name":"PDF to Icon converter","type":"ApplicationService","layer":"application"},{"id":"54a43dde","name":"imagemagic / ghost","type":"ApplicationComponent","layer":"application"},{"id":"2e296f29","name":"FindView. upload","type":"ApplicationFunction","layer":"application"},{"id":"f1b48347","name":"Barcode from image recognizer","type":"ApplicationService","layer":"application"},{"id":"3a262f21","name":"zbarimg","type":"ApplicationComponent","layer":"application"},{"id":"7c69c460","name":"Storage. Order print","type":"ApplicationFunction","layer":"application"},{"id":"d44eac25","name":"one PDF generator","type":"ApplicationService","layer":"application"},{"id":"f0ba8878","name":"Ghostscript","type":"ApplicationComponent","layer":"application"},{"id":"08ea6a16","name":"REST Merged PDF files aware","type":"ApplicationService","layer":"application"},{"id":"561d1b43","name":"read-files-rest","type":"ApplicationComponent","layer":"application"},{"id":"28aeef00","name":"FileSystem","type":"ApplicationComponent","layer":"application"},{"id":"46313df2","name":"FileStorage","type":"ApplicationService","layer":"application"},{"id":"dbd7f186","name":"FileStorage","type":"ApplicationService","layer":"application"},{"id":"c3beeee1","name":"Print BarCode","type":"ApplicationFunction","layer":"application"},{"id":"f2467fcb","name":"Barcode generator","type":"ApplicationService","layer":"application"},{"id":"089f9b2e","name":"barcode","type":"ApplicationComponent","layer":"application"},{"id":"f91fdd5a","name":"user finder","type":"ApplicationFunction","layer":"application"},{"id":"4786032b","name":"read from datastorage","type":"ApplicationService","layer":"application"},{"id":"062843fe","name":"User Storage","type":"ApplicationService","layer":"application"},{"id":"21291fef","name":"H2 filedatabase","type":"ApplicationComponent","layer":"application"},{"id":"2e14cfd5","name":"bpmn-ui","type":"ApplicationComponent","layer":"application"},{"id":"f913625e","name":"usermanager","type":"ApplicationComponent","layer":"application"},{"id":"0864df40","name":"mongoDB","type":"ApplicationComponent","layer":"application"},{"id":"f603b874","name":"MariaDB","type":"ApplicationComponent","layer":"application"},{"id":"a9d7fcc9","name":"user data","type":"DataObject","layer":"application"},{"id":"79265359","name":"http","type":"ApplicationInterface","layer":"application"},{"id":"185dfdeb","name":"shell","type":"ApplicationInterface","layer":"application"},{"id":"3f114695","name":"Docker container","type":"Node","layer":"technology"},{"id":"7d679f3b","name":"application.properties","type":"Artifact","layer":"technology"},{"id":"6bdfc12c","name":"FileSystem","type":"TechnologyService","layer":"technology"},{"id":"7daff944","name":"Icon","type":"Artifact","layer":"technology"},{"id":"959e2ce6","name":"Original Upload files","type":"Artifact","layer":"technology"},{"id":"52ba25af","name":"Upload files. Temporary","type":"Artifact","layer":"technology"},{"id":"5279de34","name":"merged PDF","type":"Artifact","layer":"technology"},{"id":"ce71f657","name":"usermanager DB file","type":"Artifact","layer":"technology"},{"id":"03c394f9","name":"Mongo FileStorage","type":"Artifact","layer":"technology"},{"id":"37b77eb7","name":"hdocker container","type":"Node","layer":"technology"},{"id":"2eb44014","name":"Document storage permanent","type":"Artifact","layer":"technology"},{"id":"c95e239e","name":"Document storage temporary","type":"Artifact","layer":"technology"},{"id":"4947abc9","name":"Document storage icons","type":"Artifact","layer":"technology"},{"id":"098cddae","name":"application.properties","type":"Artifact","layer":"technology"},{"id":"2bc097b8","name":"docker container","type":"Node","layer":"technology"},{"id":"54afd24b","name":"MariaDB filestorage","type":"Artifact","layer":"technology"}],"relationships":[{"id":"4f19ebd3","sourceId":"9948bfc3","targetId":"a6516cda","type":"AssociationRelationship"},{"id":"255b15e6","sourceId":"b50b6938","targetId":"999297fe","type":"AssignmentRelationship"},{"id":"c982caf9","sourceId":"b50b6938","targetId":"a0899c71","type":"AssignmentRelationship"},{"id":"0e3461b3","sourceId":"a0899c71","targetId":"d17eb8d8","type":"TriggeringRelationship"},{"id":"52f6139f","sourceId":"9948bfc3","targetId":"d17eb8d8","type":"RealisationRelationship"},{"id":"3900dfc3","sourceId":"7d679f3b","targetId":"b50b6938","type":"UsedByRelationship"},{"id":"4c6c8e60","sourceId":"999297fe","targetId":"d338b9a5","type":"TriggeringRelationship"},{"id":"ea5d1683","sourceId":"d338b9a5","targetId":"fdcbfcbb","type":"RealisationRelationship"},{"id":"c2fa0012","sourceId":"ac9f728b","targetId":"d338b9a5","type":"RealisationRelationship"},{"id":"108748ec","sourceId":"999297fe","targetId":"4b5a3184","type":"UsedByRelationship"},{"id":"69558de1","sourceId":"4b5a3184","targetId":"b50b6938","type":"UsedByRelationship"},{"id":"b34f38e1","sourceId":"4b5a3184","targetId":"2d753f00","type":"AggregationRelationship"},{"id":"09d9adb8","sourceId":"92494173","targetId":"2d753f00","type":"UsedByRelationship"},{"id":"9ab41d75","sourceId":"9a1f4fea","targetId":"92494173","type":"RealisationRelationship"},{"id":"0dc3dfd7","sourceId":"655ca226","targetId":"9a1f4fea","type":"UsedByRelationship"},{"id":"9b793f98","sourceId":"6092013f","targetId":"9546242f","type":"UsedByRelationship"},{"id":"442dc1a3","sourceId":"9546242f","targetId":"b50b6938","type":"UsedByRelationship"},{"id":"9a9f06f4","sourceId":"6092013f","targetId":"4105f712","type":"TriggeringRelationship"},{"id":"9d8daf7a","sourceId":"8b5e92e1","targetId":"4105f712","type":"RealisationRelationship"},{"id":"43241e37","sourceId":"a0899c71","targetId":"9546242f","type":"UsedByRelationship"},{"id":"b5bcac12","sourceId":"999297fe","targetId":"9546242f","type":"UsedByRelationship"},{"id":"d3db9729","sourceId":"999297fe","targetId":"c6788869","type":"AggregationRelationship"},{"id":"aa1e49c9","sourceId":"54a43dde","targetId":"c6788869","type":"RealisationRelationship"},{"id":"e5461ce3","sourceId":"54a43dde","targetId":"7daff944","type":"AssociationRelationship"},{"id":"0f11d866","sourceId":"54a43dde","targetId":"655ca226","type":"TriggeringRelationship"},{"id":"680a445a","sourceId":"655ca226","targetId":"7daff944","type":"AssociationRelationship"},{"id":"e017840f","sourceId":"8b5e92e1","targetId":"959e2ce6","type":"AssociationRelationship"},{"id":"1602d20e","sourceId":"ac9f728b","targetId":"52ba25af","type":"AssociationRelationship"},{"id":"34595bd8","sourceId":"f1b48347","targetId":"2e296f29","type":"UsedByRelationship"},{"id":"5041a09f","sourceId":"3a262f21","targetId":"f1b48347","type":"RealisationRelationship"},{"id":"a00285aa","sourceId":"d44eac25","targetId":"7c69c460","type":"UsedByRelationship"},{"id":"d23f5ba4","sourceId":"f0ba8878","targetId":"d44eac25","type":"RealisationRelationship"},{"id":"83449d87","sourceId":"08ea6a16","targetId":"7c69c460","type":"UsedByRelationship"},{"id":"6b06f91e","sourceId":"561d1b43","targetId":"08ea6a16","type":"RealisationRelationship"},{"id":"e648526b","sourceId":"28aeef00","targetId":"561d1b43","type":"UsedByRelationship"},{"id":"fef725b9","sourceId":"f0ba8878","targetId":"5279de34","type":"AssociationRelationship"},{"id":"e4e63181","sourceId":"5279de34","targetId":"28aeef00","type":"AssociationRelationship"},{"id":"5701216f","sourceId":"f0ba8878","targetId":"28aeef00","type":"TriggeringRelationship"},{"id":"ec99a571","sourceId":"655ca226","targetId":"92494173","type":"UsedByRelationship"},{"id":"ff3485fe","sourceId":"28aeef00","targetId":"08ea6a16","type":"UsedByRelationship"},{"id":"de9ed631","sourceId":"655ca226","targetId":"46313df2","type":"UsedByRelationship"},{"id":"05865258","sourceId":"46313df2","targetId":"4b5a3184","type":"UsedByRelationship"},{"id":"53ca917b","sourceId":"28aeef00","targetId":"dbd7f186","type":"UsedByRelationship"},{"id":"0f08b904","sourceId":"dbd7f186","targetId":"7c69c460","type":"UsedByRelationship"},{"id":"eb44de74","sourceId":"f2467fcb","targetId":"c3beeee1","type":"UsedByRelationship"},{"id":"24ad1b66","sourceId":"089f9b2e","targetId":"f2467fcb","type":"RealisationRelationship"},{"id":"2134460d","sourceId":"4786032b","targetId":"f91fdd5a","type":"UsedByRelationship"},{"id":"fcd0fcf8","sourceId":"4786032b","targetId":"062843fe","type":"TriggeringRelationship"},{"id":"2c545447","sourceId":"21291fef","targetId":"062843fe","type":"RealisationRelationship"},{"id":"e40fac47","sourceId":"ce71f657","targetId":"2e14cfd5","type":"UsedByRelationship"},{"id":"7fbcceeb","sourceId":"ce71f657","targetId":"f913625e","type":"UsedByRelationship"},{"id":"2b8fd4f0","sourceId":"2e14cfd5","targetId":"0864df40","type":"TriggeringRelationship"},{"id":"c930a389","sourceId":"03c394f9","targetId":"0864df40","type":"UsedByRelationship"},{"id":"e7df0b5f","sourceId":"c95e239e","targetId":"2e14cfd5","type":"UsedByRelationship"},{"id":"a8325573","sourceId":"4947abc9","targetId":"2e14cfd5","type":"UsedByRelationship"},{"id":"23efd14e","sourceId":"2eb44014","targetId":"2e14cfd5","type":"UsedByRelationship"},{"id":"14c34ac8","sourceId":"098cddae","targetId":"2e14cfd5","type":"UsedByRelationship"},{"id":"f30be1b5","sourceId":"2e14cfd5","targetId":"f603b874","type":"TriggeringRelationship"},{"id":"e0667660","sourceId":"54afd24b","targetId":"f603b874","type":"UsedByRelationship"},{"id":"eea31a82","sourceId":"2e14cfd5","targetId":"a9d7fcc9","type":"AccessRelationship"},{"id":"d1317078","sourceId":"f913625e","targetId":"a9d7fcc9","type":"AccessRelationship"},{"id":"b4c6cd0e","sourceId":"a9d7fcc9","targetId":"f603b874","type":"AssociationRelationship"},{"id":"325bba52","sourceId":"2e14cfd5","targetId":"79265359","type":"AggregationRelationship"},{"id":"149a4f2c","sourceId":"2e14cfd5","targetId":"79265359","type":"CompositionRelationship"},{"id":"30496928","sourceId":"2e14cfd5","targetId":"185dfdeb","type":"CompositionRelationship"}],"views":[{"id":"c4879842","name":"uploader","viewpoint":""},{"id":"07f3fd83","name":"uploader-local","viewpoint":""},{"id":"7581af55","name":"deployment","viewpoint":""}]}