<?xml version="1.0" encoding="UTF-8"?>
<model xmlns="http://www.opengroup.org/xsd/archimate/3.0/" xmlns:xsi="http://www.w3.org/2001/XMLSchema-instance" xsi:schemaLocation="http://www.opengroup.org/xsd/archimate/3.0/ http://www.opengroup.org/xsd/archimate/3.1/archimate3_Diagram.xsd" identifier="id-001bf72f">
  <name>export.uploader</name>
  <elements>
    <element identifier="b50b6938" xsi:type="ApplicationComponent">
      <name>uploader</name>
    </element>
    <element identifier="id-9948bfc3" xsi:type="ApplicationComponent">
      <name>Mongo</name>
    </element>
    <element identifier="a6516cda" xsi:type="ApplicationInterface">
      <name>mongo port</name>
    </element>
    <element identifier="id-999297fe" xsi:type="ApplicationService">
      <name>Uploaded files Storage</name>
    </element>
    <element identifier="a0899c71" xsi:type="ApplicationService">
      <name>Order Repository</name>
    </element>
    <element identifier="d17eb8d8" xsi:type="ApplicationService">
      <name>Order MetaData storage</name>
    </element>
    <element identifier="d338b9a5" xsi:type="ApplicationService">
      <name>FileStorage</name>
    </element>
    <element identifier="fdcbfcbb" xsi:type="ApplicationFunction">
      <name>Application Function</name>
    </element>
    <element identifier="ac9f728b" xsi:type="ApplicationComponent">
      <name>FileSystem</name>
    </element>
    <element identifier="id-4b5a3184" xsi:type="ApplicationFunction">
      <name>UploadView. Show uploaded</name>
    </element>
    <element identifier="id-9546242f" xsi:type="ApplicationFunction">
      <name>UploadView. Load/Save/Update</name>
    </element>
    <element identifier="id-2ec6cb85" xsi:type="ApplicationFunction">
      <name>UploadView. LoadSaved</name>
    </element>
    <element identifier="id-2d753f00" xsi:type="ApplicationFunction">
      <name>UploadView. Uploaded PDF's Icon consumer</name>
    </element>
    <element identifier="id-92494173" xsi:type="ApplicationService">
      <name>REST images aware</name>
    </element>
    <element identifier="id-655ca226" xsi:type="ApplicationComponent">
      <name>FileSystem</name>
    </element>
    <element identifier="id-9a1f4fea" xsi:type="ApplicationComponent">
      <name>read-files-rest</name>
    </element>
    <element identifier="id-6092013f" xsi:type="ApplicationService">
      <name>Saved files Storage</name>
    </element>
    <element identifier="id-4105f712" xsi:type="ApplicationService">
      <name>FileStorage</name>
    </element>
    <element identifier="id-8b5e92e1" xsi:type="ApplicationComponent">
      <name>FileSystem</name>
    </element>
    <element identifier="c6788869" xsi:type="ApplicationService">
      <name>PDF to Icon converter</name>
    </element>
    <element identifier="id-54a43dde" xsi:type="ApplicationComponent">
      <name>imagemagic / ghost</name>
    </element>
    <element identifier="id-2e296f29" xsi:type="ApplicationFunction">
      <name>FindView. upload</name>
    </element>
    <element identifier="f1b48347" xsi:type="ApplicationService">
      <name>Barcode from image recognizer</name>
    </element>
    <element identifier="id-3a262f21" xsi:type="ApplicationComponent">
      <name>zbarimg</name>
    </element>
    <element identifier="id-7c69c460" xsi:type="ApplicationFunction">
      <name>Storage. Order print</name>
    </element>
    <element identifier="d44eac25" xsi:type="ApplicationService">
      <name>one PDF generator</name>
    </element>
    <element identifier="f0ba8878" xsi:type="ApplicationComponent">
      <name>Ghostscript</name>
    </element>
    <element identifier="id-08ea6a16" xsi:type="ApplicationService">
      <name>REST Merged PDF files aware</name>
    </element>
    <element identifier="id-561d1b43" xsi:type="ApplicationComponent">
      <name>read-files-rest</name>
    </element>
    <element identifier="id-28aeef00" xsi:type="ApplicationComponent">
      <name>FileSystem</name>
    </element>
    <element identifier="id-46313df2" xsi:type="ApplicationService">
      <name>FileStorage</name>
    </element>
    <element identifier="dbd7f186" xsi:type="ApplicationService">
      <name>FileStorage</name>
    </element>
    <element identifier="c3beeee1" xsi:type="ApplicationFunction">
      <name>Print BarCode</name>
    </element>
    <element identifier="f2467fcb" xsi:type="ApplicationService">
      <name>Barcode generator</name>
    </element>
    <element identifier="id-089f9b2e" xsi:type="ApplicationComponent">
      <name>barcode</name>
    </element>
    <element identifier="f91fdd5a" xsi:type="ApplicationFunction">
      <name>user finder</name>
    </element>
    <element identifier="id-4786032b" xsi:type="ApplicationService">
      <name>read from datastorage</name>
    </element>
    <element identifier="id-062843fe" xsi:type="ApplicationService">
      <name>User Storage</name>
    </element>
    <element identifier="id-21291fef" xsi:type="ApplicationComponent">
      <name>H2 filedatabase</name>
    </element>
    <element identifier="id-2e14cfd5" xsi:type="ApplicationComponent">
      <name>bpmn-ui</name>
    </element>
    <element identifier="f913625e" xsi:type="ApplicationComponent">
      <name>usermanager</name>
    </element>
    <element identifier="id-0864df40" xsi:type="ApplicationComponent">
      <name>mongoDB</name>
    </element>
    <element identifier="f603b874" xsi:type="ApplicationComponent">
      <name>MariaDB</name>
    </element>
    <element identifier="a9d7fcc9" xsi:type="DataObject">
      <name>user data</name>
    </element>
    <element identifier="id-79265359" xsi:type="ApplicationInterface">
      <name>http</name>
    </element>
    <element identifier="id-185dfdeb" xsi:type="ApplicationInterface">
      <name>shell</name>
    </element>
    <element identifier="id-3f114695" xsi:type="Node">
      <name>Docker container</name>
    </element>
    <element identifier="id-7d679f3b" xsi:type="Artifact">
      <name>application.properties</name>
    </element>
    <element identifier="id-6bdfc12c" xsi:type="TechnologyService">
      <name>FileSystem</name>
    </element>
    <element identifier="id-7daff944" xsi:type="Artifact">
      <name>Icon</name>
    </element>
    <element identifier="id-959e2ce6" xsi:type="Artifact">
      <name>Original Upload files</name>
    </element>
    <element identifier="id-52ba25af" xsi:type="Artifact">
      <name>Upload files. Temporary</name>
    </element>
    <element identifier="id-5279de34" xsi:type="Artifact">
      <name>merged PDF</name>
    </element>
    <element identifier="ce71f657" xsi:type="Artifact">
      <name>usermanager DB file</name>
    </element>
    <element identifier="id-03c394f9" xsi:type="Artifact">
      <name>Mongo FileStorage</name>
    </element>
    <element identifier="id-37b77eb7" xsi:type="Node">
      <name>hdocker container</name>
    </element>
    <element identifier="id-2eb44014" xsi:type="Artifact">
      <name>Document storage permanent</name>
    </element>
    <element identifier="c95e239e" xsi:type="Artifact">
      <name>Document storage temporary</name>
    </element>
    <element identifier="id-4947abc9" xsi:type="Artifact">
      <name>Document storage icons</name>
    </element>
    <element identifier="id-098cddae" xsi:type="Artifact">
      <name>application.properties</name>
    </element>
    <element identifier="id-2bc097b8" xsi:type="Node">
      <name>docker container</name>
    </element>
    <element identifier="id-54afd24b" xsi:type="Artifact">
      <name>MariaDB filestorage</name>
    </element>
  </elements>
  <relationships>
    <relationship identifier="id-4f19ebd3" source="id-9948bfc3" target="a6516cda" xsi:type="Association" />
    <relationship identifier="id-255b15e6" source="b50b6938" target="id-999297fe" xsi:type="Assignment" />
    <relationship identifier="c982caf9" source="b50b6938" target="a0899c71" xsi:type="Assignment" />
    <relationship identifier="id-0e3461b3" source="a0899c71" target="d17eb8d8" xsi:type="Triggering" />
    <relationship identifier="id-52f6139f" source="id-9948bfc3" target="d17eb8d8" xsi:type="Realization" />
    <relationship identifier="id-3900dfc3" source="id-7d679f3b" target="b50b6938" xsi:type="Serving" />
    <relationship identifier="id-4c6c8e60" source="id-999297fe" target="d338b9a5" xsi:type="Triggering" />
    <relationship identifier="ea5d1683" source="d338b9a5" target="fdcbfcbb" xsi:type="Realization" />
    <relationship identifier="c2fa0012" source="ac9f728b" target="d338b9a5" xsi:type="Realization" />
    <relationship identifier="id-108748ec" source="id-999297fe" target="id-4b5a3184" xsi:type="Serving" />
    <relationship identifier="id-69558de1" source="id-4b5a3184" target="b50b6938" xsi:type="Serving" />
    <relationship identifier="b34f38e1" source="id-4b5a3184" target="id-2d753f00" xsi:type="Aggregation" />
    <relationship identifier="id-09d9adb8" source="id-92494173" target="id-2d753f00" xsi:type="Serving" />
    <relationship identifier="id-9ab41d75" source="id-9a1f4fea" target="id-92494173" xsi:type="Realization" />
    <relationship identifier="id-0dc3dfd7" source="id-655ca226" target="id-9a1f4fea" xsi:type="Serving" />
    <relationship identifier="id-9b793f98" source="id-6092013f" target="id-9546242f" xsi:type="Serving" />
    <relationship identifier="id-442dc1a3" source="id-9546242f" target="b50b6938" xsi:type="Serving" />
    <relationship identifier="id-9a9f06f4" source="id-6092013f" target="id-4105f712" xsi:type="Triggering" />
    <relationship identifier="id-9d8daf7a" source="id-8b5e92e1" target="id-4105f712" xsi:type="Realization" />
    <relationship identifier="id-43241e37" source="a0899c71" target="id-9546242f" xsi:type="Serving" />
    <relationship identifier="b5bcac12" source="id-999297fe" target="id-9546242f" xsi:type="Serving" />
    <relationship identifier="d3db9729" source="id-999297fe" target="c6788869" xsi:type="Aggregation" />
    <relationship identifier="aa1e49c9" source="id-54a43dde" target="c6788869" xsi:type="Realization" />
    <relationship identifier="e5461ce3" source="id-54a43dde" target="id-7daff944" xsi:type="Association" />
    <relationship identifier="id-0f11d866" source="id-54a43dde" target="id-655ca226" xsi:type="Triggering" />
    <relationship identifier="id-680a445a" source="id-655ca226" target="id-7daff944" xsi:type="Association" />
    <relationship identifier="e017840f" source="id-8b5e92e1" target="id-959e2ce6" xsi:type="Association" />
    <relationship identifier="id-1602d20e" source="ac9f728b" target="id-52ba25af" xsi:type="Association" />
    <relationship identifier="id-34595bd8" source="f1b48347" target="id-2e296f29" xsi:type="Serving" />
    <relationship identifier="id-5041a09f" source="id-3a262f21" target="f1b48347" xsi:type="Realization" />
    <relationship identifier="a00285aa" source="d44eac25" target="id-7c69c460" xsi:type="Serving" />
    <relationship identifier="d23f5ba4" source="f0ba8878" target="d44eac25" xsi:type="Realization" />
    <relationship identifier="id-83449d87" source="id-08ea6a16" target="id-7c69c460" xsi:type="Serving" />
    <relationship identifier="id-6b06f91e" source="id-561d1b43" target="id-08ea6a16" xsi:type="Realization" />
    <relationship identifier="e648526b" source="id-28aeef00" target="id-561d1b43" xsi:type="Serving" />
    <relationship identifier="fef725b9" source="f0ba8878" target="id-5279de34" xsi:type="Association" />
    <relationship identifier="e4e63181" source="id-5279de34" target="id-28aeef00" xsi:type="Association" />
    <relationship identifier="id-5701216f" source="f0ba8878" target="id-28aeef00" xsi:type="Triggering" />
    <relationship identifier="ec99a571" source="id-655ca226" target="id-92494173" xsi:type="Serving" />
    <relationship identifier="ff3485fe" source="id-28aeef00" target="id-08ea6a16" xsi:type="Serving" />
    <relationship identifier="de9ed631" source="id-655ca226" target="id-46313df2" xsi:type="Serving" />
    <relationship identifier="id-05865258" source="id-46313df2" target="id-4b5a3184" xsi:type="Serving" />
    <relationship identifier="id-53ca917b" source="id-28aeef00" target="dbd7f186" xsi:type="Serving" />
    <relationship identifier="id-0f08b904" source="dbd7f186" target="id-7c69c460" xsi:type="Serving" />
    <relationship identifier="eb44de74" source="f2467fcb" target="c3beeee1" xsi:type="Serving" />
    <relationship identifier="id-24ad1b66" source="id-089f9b2e" target="f2467fcb" xsi:type="Realization" />
    <relationship identifier="id-2134460d" source="id-4786032b" target="f91fdd5a" xsi:type="Serving" />
    <relationship identifier="fcd0fcf8" source="id-4786032b" target="id-062843fe" xsi:type="Triggering" />
    <relationship identifier="id-2c545447" source="id-21291fef" target="id-062843fe" xsi:type="Realization" />
    <relationship identifier="e40fac47" source="ce71f657" target="id-2e14cfd5" xsi:type="Serving" />
    <relationship identifier="id-7fbcceeb" source="ce71f657" target="f913625e" xsi:type="Serving" />
    <relationship identifier="id-2b8fd4f0" source="id-2e14cfd5" target="id-0864df40" xsi:type="Triggering" />
    <relationship identifier="c930a389" source="id-03c394f9" target="id-0864df40" xsi:type="Serving" />
    <relationship identifier="e7df0b5f" source="c95e239e" target="id-2e14cfd5" xsi:type="Serving" />
    <relationship identifier="a8325573" source="id-4947abc9" target="id-2e14cfd5" xsi:type="Serving" />
    <relationship identifier="id-23efd14e" source="id-2eb44014" target="id-2e14cfd5" xsi:type="Serving" />
    <relationship identifier="id-14c34ac8" source="id-098cddae" target="id-2e14cfd5" xsi:type="Serving" />
    <relationship identifier="f30be1b5" source="id-2e14cfd5" target="f603b874" xsi:type="Triggering" />
    <relationship identifier="e0667660" source="id-54afd24b" target="f603b874" xsi:type="Serving" />
    <relationship identifier="eea31a82" source="id-2e14cfd5" target="a9d7fcc9" xsi:type="Access" accessType="Read" />
    <relationship identifier="d1317078" source="f913625e" target="a9d7fcc9" xsi:type="Access" accessType="Write" />
    <relationship identifier="b4c6cd0e" source="a9d7fcc9" target="f603b874" xsi:type="Association" />
    <relationship identifier="id-325bba52" source="id-2e14cfd5" target="id-79265359" xsi:type="Aggregation" />
    <relationship identifier="id-149a4f2c" source="id-2e14cfd5" target="id-79265359" xsi:type="Composition" />
    <relationship identifier="id-30496928" source="id-2e14cfd5" target="id-185dfdeb" xsi:type="Composition" />
  </relationships>
  <views>
    <diagrams>
      <view identifier="c4879842" xsi:type="Diagram">
        <name>uploader</name>
        <node identifier="id-7b6dd95e" elementRef="id-3f114695" xsi:type="Element" x="912" y="607" w="185" h="121">
          <style>
            <fillColor r="201" g="231" b="183" a="100" />
            <lineColor r="92" g="92" b="92" a="100" />
            <font name="Lucida Grande" size="12">
              <color r="0" g="0" b="0" />
            </font>
          </style>
          <node identifier="id-218c3e8e" elementRef="id-9948bfc3" xsi:type="Element" x="924" y="643" w="145" h="61">
            <style>
              <fillColor r="181" g="255" b="255" a="100" />
              <lineColor r="92" g="92" b="92" a="100" />
              <font name="Lucida Grande" size="12">
                <color r="0" g="0" b="0" />
              </font>
            </style>
          </node>
        </node>
        <node identifier="b2f0dd02" elementRef="a6516cda" xsi:type="Element" x="1116" y="648" w="85" h="40">
          <style>
            <fillColor r="181" g="255" b="255" a="100" />
            <lineColor r="92" g="92" b="92" a="100" />
            <font name="Lucida Grande" size="12">
              <color r="0" g="0" b="0" />
            </font>
          </style>
        </node>
        <node identifier="id-01d9d4e2" xsi:type="Label" x="912" y="727" w="185" h="36">
          <label>uploader/src/main/script
create, start, stop</label>
          <style>
            <fillColor r="255" g="255" b="255" a="100" />
            <lineColor r="92" g="92" b="92" a="100" />
            <font name="Lucida Grande" size="12">
              <color r="0" g="0" b="0" />
            </font>
          </style>
        </node>
        <node identifier="id-43c335ba" elementRef="d17eb8d8" xsi:type="Element" x="718" y="628" w="120" h="55">
          <style>
            <fillColor r="181" g="255" b="255" a="100" />
            <lineColor r="92" g="92" b="92" a="100" />
            <font name="Lucida Grande" size="12">
              <color r="0" g="0" b="0" />
            </font>
          </style>
        </node>
        <node identifier="id-1cd886d6" elementRef="id-7d679f3b" xsi:type="Element" x="24" y="72" w="109" h="55">
          <style>
            <fillColor r="144" g="238" b="144" a="100" />
            <lineColor r="92" g="92" b="92" a="100" />
            <font name="Lucida Grande" size="12">
              <color r="0" g="0" b="0" />
            </font>
          </style>
        </node>
        <node identifier="id-65f6e65b" elementRef="d338b9a5" xsi:type="Element" x="718" y="360" w="120" h="55">
          <style>
            <fillColor r="181" g="255" b="255" a="100" />
            <lineColor r="92" g="92" b="92" a="100" />
            <font name="Lucida Grande" size="12">
              <color r="0" g="0" b="0" />
            </font>
          </style>
        </node>
        <node identifier="afe9de09" elementRef="ac9f728b" xsi:type="Element" x="929" y="360" w="120" h="55">
          <style>
            <fillColor r="181" g="255" b="255" a="100" />
            <lineColor r="92" g="92" b="92" a="100" />
            <font name="Lucida Grande" size="12">
              <color r="0" g="0" b="0" />
            </font>
          </style>
        </node>
        <node identifier="id-5fc749f7" xsi:type="Label" x="934" y="414" w="205" h="43">
          <label>Inner files hierarchy:
/{orderId}/{uploded-filename}</label>
          <style>
            <fillColor r="255" g="255" b="255" a="100" />
            <lineColor r="92" g="92" b="92" a="100" />
            <font name="Lucida Grande" size="12">
              <color r="0" g="0" b="0" />
            </font>
          </style>
        </node>
        <node identifier="id-8c902630" elementRef="id-999297fe" xsi:type="Element" x="482" y="366" w="114" h="43">
          <style>
            <fillColor r="181" g="255" b="255" a="100" />
            <lineColor r="92" g="92" b="92" a="100" />
            <font name="Lucida Grande" size="12">
              <color r="0" g="0" b="0" />
            </font>
          </style>
        </node>
        <node identifier="id-9d81bce8" xsi:type="Label" x="492" y="408" w="161" h="31">
          <label>storage.originalfiles.temp</label>
          <style>
            <fillColor r="144" g="238" b="144" a="100" />
            <lineColor r="92" g="92" b="92" a="100" />
            <font name="Lucida Grande" size="12">
              <color r="0" g="0" b="0" />
            </font>
          </style>
        </node>
        <node identifier="d7e9a098" elementRef="a0899c71" xsi:type="Element" x="482" y="631" w="139" h="49">
          <style>
            <fillColor r="181" g="255" b="255" a="100" />
            <lineColor r="92" g="92" b="92" a="100" />
            <font name="Lucida Grande" size="12">
              <color r="0" g="0" b="0" />
            </font>
          </style>
        </node>
        <node identifier="d0659308" xsi:type="Label" x="492" y="679" w="157" h="25">
          <label>spring.data.mongodb.*</label>
          <style>
            <fillColor r="144" g="238" b="144" a="100" />
            <lineColor r="92" g="92" b="92" a="100" />
            <font name="Lucida Grande" size="12">
              <color r="0" g="0" b="0" />
            </font>
          </style>
        </node>
        <node identifier="id-59ae82b6" elementRef="id-4b5a3184" xsi:type="Element" x="215" y="360" w="120" h="55">
          <style>
            <fillColor r="181" g="255" b="255" a="100" />
            <lineColor r="92" g="92" b="92" a="100" />
            <font name="Lucida Grande" size="12">
              <color r="0" g="0" b="0" />
            </font>
          </style>
        </node>
        <node identifier="id-80ba8a57" elementRef="id-9546242f" xsi:type="Element" x="215" y="492" w="120" h="55">
          <style>
            <fillColor r="181" g="255" b="255" a="100" />
            <lineColor r="92" g="92" b="92" a="100" />
            <font name="Lucida Grande" size="12">
              <color r="0" g="0" b="0" />
            </font>
          </style>
        </node>
        <node identifier="id-137c66c7" elementRef="id-2d753f00" xsi:type="Element" x="215" y="72" w="120" h="55">
          <style>
            <fillColor r="181" g="255" b="255" a="100" />
            <lineColor r="92" g="92" b="92" a="100" />
            <font name="Lucida Grande" size="12">
              <color r="0" g="0" b="0" />
            </font>
          </style>
        </node>
        <node identifier="de5ea2a5" elementRef="id-92494173" xsi:type="Element" x="718" y="72" w="120" h="55">
          <style>
            <fillColor r="181" g="255" b="255" a="100" />
            <lineColor r="92" g="92" b="92" a="100" />
            <font name="Lucida Grande" size="12">
              <color r="0" g="0" b="0" />
            </font>
          </style>
        </node>
        <node identifier="b257c067" elementRef="id-655ca226" xsi:type="Element" x="1152" y="72" w="120" h="55">
          <style>
            <fillColor r="181" g="255" b="255" a="100" />
            <lineColor r="92" g="92" b="92" a="100" />
            <font name="Lucida Grande" size="12">
              <color r="0" g="0" b="0" />
            </font>
          </style>
        </node>
        <node identifier="id-2efc7644" elementRef="id-9a1f4fea" xsi:type="Element" x="929" y="72" w="109" h="55">
          <style>
            <fillColor r="181" g="255" b="255" a="100" />
            <lineColor r="92" g="92" b="92" a="100" />
            <font name="Lucida Grande" size="12">
              <color r="0" g="0" b="0" />
            </font>
          </style>
        </node>
        <node identifier="id-3e2c9400" xsi:type="Label" x="938" y="126" w="110" h="55">
          <label>rest-icons.ini
- folder
- port</label>
          <style>
            <fillColor r="255" g="255" b="255" a="100" />
            <lineColor r="92" g="92" b="92" a="100" />
            <font name="Lucida Grande" size="12">
              <color r="0" g="0" b="0" />
            </font>
          </style>
        </node>
        <node identifier="id-1ea85b2e" xsi:type="Label" x="215" y="126" w="97" h="31">
          <label>url.icon_pdf</label>
          <style>
            <fillColor r="144" g="238" b="144" a="100" />
            <lineColor r="92" g="92" b="92" a="100" />
            <font name="Lucida Grande" size="12">
              <color r="0" g="0" b="0" />
            </font>
          </style>
        </node>
        <node identifier="f434cfbd" elementRef="id-6092013f" xsi:type="Element" x="482" y="492" w="126" h="46">
          <style>
            <fillColor r="181" g="255" b="255" a="100" />
            <lineColor r="92" g="92" b="92" a="100" />
            <font name="Lucida Grande" size="12">
              <color r="0" g="0" b="0" />
            </font>
          </style>
        </node>
        <node identifier="id-8ef6424c" xsi:type="Label" x="492" y="537" w="201" h="24">
          <label>storage.originalfiles.permanent</label>
          <style>
            <fillColor r="144" g="238" b="144" a="100" />
            <lineColor r="92" g="92" b="92" a="100" />
            <font name="Lucida Grande" size="12">
              <color r="0" g="0" b="0" />
            </font>
          </style>
        </node>
        <node identifier="id-4a0f313f" elementRef="id-4105f712" xsi:type="Element" x="718" y="483" w="120" h="55">
          <style>
            <fillColor r="181" g="255" b="255" a="100" />
            <lineColor r="92" g="92" b="92" a="100" />
            <font name="Lucida Grande" size="12">
              <color r="0" g="0" b="0" />
            </font>
          </style>
        </node>
        <node identifier="id-72c9f6a6" elementRef="id-8b5e92e1" xsi:type="Element" x="929" y="483" w="120" h="55">
          <style>
            <fillColor r="181" g="255" b="255" a="100" />
            <lineColor r="92" g="92" b="92" a="100" />
            <font name="Lucida Grande" size="12">
              <color r="0" g="0" b="0" />
            </font>
          </style>
        </node>
        <node identifier="id-391e6832" xsi:type="Label" x="934" y="537" w="201" h="41">
          <label>Inner files hierarchy:
/{orderId}/{uploded-filename}</label>
          <style>
            <fillColor r="255" g="255" b="255" a="100" />
            <lineColor r="92" g="92" b="92" a="100" />
            <font name="Lucida Grande" size="12">
              <color r="0" g="0" b="0" />
            </font>
          </style>
        </node>
        <node identifier="id-19a9664e" elementRef="c6788869" xsi:type="Element" x="718" y="204" w="120" h="55">
          <style>
            <fillColor r="181" g="255" b="255" a="100" />
            <lineColor r="92" g="92" b="92" a="100" />
            <font name="Lucida Grande" size="12">
              <color r="0" g="0" b="0" />
            </font>
          </style>
        </node>
        <node identifier="fe280977" elementRef="id-54a43dde" xsi:type="Element" x="929" y="204" w="120" h="55">
          <style>
            <fillColor r="181" g="255" b="255" a="100" />
            <lineColor r="92" g="92" b="92" a="100" />
            <font name="Lucida Grande" size="12">
              <color r="0" g="0" b="0" />
            </font>
          </style>
        </node>
        <node identifier="id-7f7d6fb9" elementRef="id-7daff944" xsi:type="Element" x="1152" y="204" w="120" h="55">
          <style>
            <fillColor r="201" g="231" b="183" a="100" />
            <lineColor r="92" g="92" b="92" a="100" />
            <font name="Lucida Grande" size="12">
              <color r="0" g="0" b="0" />
            </font>
          </style>
        </node>
        <node identifier="id-79dc4466" xsi:type="Label" x="718" y="258" w="149" h="55">
          <label>storage.icons
 ==
readfilesrest.ini:folder</label>
          <style>
            <fillColor r="144" g="238" b="144" a="100" />
            <lineColor r="92" g="92" b="92" a="100" />
            <font name="Lucida Grande" size="12">
              <color r="0" g="0" b="0" />
            </font>
          </style>
        </node>
        <node identifier="b09ab327" elementRef="id-959e2ce6" xsi:type="Element" x="1152" y="483" w="120" h="55">
          <style>
            <fillColor r="201" g="231" b="183" a="100" />
            <lineColor r="92" g="92" b="92" a="100" />
            <font name="Lucida Grande" size="12">
              <color r="0" g="0" b="0" />
            </font>
          </style>
        </node>
        <node identifier="id-5d7520dc" elementRef="id-52ba25af" xsi:type="Element" x="1152" y="360" w="120" h="55">
          <style>
            <fillColor r="201" g="231" b="183" a="100" />
            <lineColor r="92" g="92" b="92" a="100" />
            <font name="Lucida Grande" size="12">
              <color r="0" g="0" b="0" />
            </font>
          </style>
        </node>
        <node identifier="a22cff9a" elementRef="id-2e296f29" xsi:type="Element" x="228" y="804" w="120" h="55">
          <style>
            <fillColor r="181" g="255" b="255" a="100" />
            <lineColor r="92" g="92" b="92" a="100" />
            <font name="Lucida Grande" size="12">
              <color r="0" g="0" b="0" />
            </font>
          </style>
        </node>
        <node identifier="id-2cca31e1" elementRef="f1b48347" xsi:type="Element" x="482" y="804" w="120" h="55">
          <style>
            <fillColor r="181" g="255" b="255" a="100" />
            <lineColor r="92" g="92" b="92" a="100" />
            <font name="Lucida Grande" size="12">
              <color r="0" g="0" b="0" />
            </font>
          </style>
        </node>
        <node identifier="eebfbbf3" elementRef="id-3a262f21" xsi:type="Element" x="934" y="804" w="120" h="55">
          <style>
            <fillColor r="181" g="255" b="255" a="100" />
            <lineColor r="92" g="92" b="92" a="100" />
            <font name="Lucida Grande" size="12">
              <color r="0" g="0" b="0" />
            </font>
          </style>
        </node>
        <node identifier="id-22d7e194" elementRef="id-7c69c460" xsi:type="Element" x="237" y="912" w="120" h="55">
          <style>
            <fillColor r="181" g="255" b="255" a="100" />
            <lineColor r="92" g="92" b="92" a="100" />
            <font name="Lucida Grande" size="12">
              <color r="0" g="0" b="0" />
            </font>
          </style>
        </node>
        <node identifier="abea27a9" elementRef="d44eac25" xsi:type="Element" x="482" y="912" w="120" h="55">
          <style>
            <fillColor r="181" g="255" b="255" a="100" />
            <lineColor r="92" g="92" b="92" a="100" />
            <font name="Lucida Grande" size="12">
              <color r="0" g="0" b="0" />
            </font>
          </style>
        </node>
        <node identifier="id-9389702d" elementRef="f0ba8878" xsi:type="Element" x="932" y="909" w="120" h="55">
          <style>
            <fillColor r="181" g="255" b="255" a="100" />
            <lineColor r="92" g="92" b="92" a="100" />
            <font name="Lucida Grande" size="12">
              <color r="0" g="0" b="0" />
            </font>
          </style>
        </node>
        <node identifier="id-3419887b" xsi:type="Label" x="1053" y="804" w="185" h="37">
          <label>apt install zbar-tool
zbarimg &lt;file&gt;</label>
          <style>
            <fillColor r="255" g="255" b="255" a="100" />
            <lineColor r="92" g="92" b="92" a="100" />
            <font name="Lucida Grande" size="12">
              <color r="0" g="0" b="0" />
            </font>
          </style>
        </node>
        <node identifier="id-2000551c" xsi:type="Label" x="942" y="258" w="319" h="43">
          <label>convert -geometry 400x600 -density 100x100 -quality 100 test-pdf.pdf test-pdf.jpg</label>
          <style>
            <fillColor r="255" g="255" b="255" a="100" />
            <lineColor r="92" g="92" b="92" a="100" />
            <font name="Lucida Grande" size="12">
              <color r="0" g="0" b="0" />
            </font>
          </style>
        </node>
        <node identifier="id-2bf90020" xsi:type="Label" x="1053" y="909" w="185" h="80">
          <label>gs -dBATCH -dNOPAUSE -q -sDEVICE=pdfwrite -sOutputFile=finished.pdf test-pdf2.pdf test-pdf3.pdf test-pdf4.pdf</label>
          <style>
            <fillColor r="255" g="255" b="255" a="100" />
            <lineColor r="92" g="92" b="92" a="100" />
            <font name="Lucida Grande" size="12">
              <color r="0" g="0" b="0" />
            </font>
          </style>
        </node>
        <node identifier="id-902e44d5" elementRef="id-08ea6a16" xsi:type="Element" x="485" y="1080" w="120" h="55">
          <style>
            <fillColor r="181" g="255" b="255" a="100" />
            <lineColor r="92" g="92" b="92" a="100" />
            <font name="Lucida Grande" size="12">
              <color r="0" g="0" b="0" />
            </font>
          </style>
        </node>
        <node identifier="id-8906e35a" elementRef="id-561d1b43" xsi:type="Element" x="934" y="1080" w="120" h="55">
          <style>
            <fillColor r="181" g="255" b="255" a="100" />
            <lineColor r="92" g="92" b="92" a="100" />
            <font name="Lucida Grande" size="12">
              <color r="0" g="0" b="0" />
            </font>
          </style>
        </node>
        <node identifier="id-3088c957" elementRef="id-28aeef00" xsi:type="Element" x="1163" y="1081" w="120" h="55">
          <style>
            <fillColor r="181" g="255" b="255" a="100" />
            <lineColor r="92" g="92" b="92" a="100" />
            <font name="Lucida Grande" size="12">
              <color r="0" g="0" b="0" />
            </font>
          </style>
        </node>
        <node identifier="id-74fd2fe0" xsi:type="Label" x="944" y="1135" w="137" h="53">
          <label>rest-mergedpdf.ini
- folder
- port</label>
          <style>
            <fillColor r="255" g="255" b="255" a="100" />
            <lineColor r="92" g="92" b="92" a="100" />
            <font name="Lucida Grande" size="12">
              <color r="0" g="0" b="0" />
            </font>
          </style>
        </node>
        <node identifier="a62fe20f" elementRef="id-5279de34" xsi:type="Element" x="1176" y="996" w="120" h="55">
          <style>
            <fillColor r="201" g="231" b="183" a="100" />
            <lineColor r="92" g="92" b="92" a="100" />
            <font name="Lucida Grande" size="12">
              <color r="0" g="0" b="0" />
            </font>
          </style>
        </node>
        <node identifier="id-64edcb38" xsi:type="Label" x="501" y="1134" w="104" h="42">
          <label>url.merged_pdf
/{orderId}</label>
          <style>
            <fillColor r="144" g="238" b="144" a="100" />
            <lineColor r="92" g="92" b="92" a="100" />
            <font name="Lucida Grande" size="12">
              <color r="0" g="0" b="0" />
            </font>
          </style>
        </node>
        <node identifier="id-6ddec8fd" xsi:type="Label" x="501" y="966" w="161" h="55">
          <label>storage.mergedpdf
==
rest-mergedpdf.ini:folder</label>
          <style>
            <fillColor r="144" g="238" b="144" a="100" />
            <lineColor r="92" g="92" b="92" a="100" />
            <font name="Lucida Grande" size="12">
              <color r="0" g="0" b="0" />
            </font>
          </style>
        </node>
        <connection identifier="id-6a5b7cef" relationshipRef="id-4f19ebd3" xsi:type="Relationship" source="id-218c3e8e" target="b2f0dd02">
          <style>
            <lineColor r="0" g="0" b="0" />
            <font name="Lucida Grande" size="12">
              <color r="0" g="0" b="0" />
            </font>
          </style>
        </connection>
        <connection identifier="d427b4b2" relationshipRef="id-52f6139f" xsi:type="Relationship" source="id-218c3e8e" target="id-43c335ba">
          <style>
            <lineColor r="0" g="0" b="0" />
            <font name="Lucida Grande" size="12">
              <color r="0" g="0" b="0" />
            </font>
          </style>
        </connection>
        <connection identifier="id-8a378aa2" relationshipRef="c2fa0012" xsi:type="Relationship" source="afe9de09" target="id-65f6e65b">
          <style>
            <lineColor r="0" g="0" b="0" />
            <font name="Lucida Grande" size="12">
              <color r="0" g="0" b="0" />
            </font>
          </style>
        </connection>
        <connection identifier="id-10a4d397" relationshipRef="id-1602d20e" xsi:type="Relationship" source="afe9de09" target="id-5d7520dc">
          <style>
            <lineColor r="0" g="0" b="0" />
            <font name="Lucida Grande" size="12">
              <color r="0" g="0" b="0" />
            </font>
          </style>
        </connection>
        <connection identifier="bfea9743" relationshipRef="id-4c6c8e60" xsi:type="Relationship" source="id-8c902630" target="id-65f6e65b">
          <style>
            <lineColor r="0" g="0" b="0" />
            <font name="Lucida Grande" size="12">
              <color r="0" g="0" b="0" />
            </font>
          </style>
        </connection>
        <connection identifier="c32b8373" relationshipRef="id-108748ec" xsi:type="Relationship" source="id-8c902630" target="id-59ae82b6">
          <style>
            <lineColor r="0" g="0" b="0" />
            <font name="Lucida Grande" size="12">
              <color r="0" g="0" b="0" />
            </font>
          </style>
        </connection>
        <connection identifier="id-81f5169c" relationshipRef="b5bcac12" xsi:type="Relationship" source="id-8c902630" target="id-80ba8a57">
          <style>
            <lineColor r="0" g="0" b="0" />
            <font name="Lucida Grande" size="12">
              <color r="0" g="0" b="0" />
            </font>
          </style>
        </connection>
        <connection identifier="b2b5dae4" relationshipRef="d3db9729" xsi:type="Relationship" source="id-8c902630" target="id-19a9664e">
          <style>
            <lineColor r="0" g="0" b="0" />
            <font name="Lucida Grande" size="12">
              <color r="0" g="0" b="0" />
            </font>
          </style>
          <bendpoint x="527" y="240" />
        </connection>
        <connection identifier="id-2853b521" relationshipRef="id-0e3461b3" xsi:type="Relationship" source="d7e9a098" target="id-43c335ba">
          <style>
            <lineColor r="0" g="0" b="0" />
            <font name="Lucida Grande" size="12">
              <color r="0" g="0" b="0" />
            </font>
          </style>
        </connection>
        <connection identifier="id-16722cd3" relationshipRef="id-43241e37" xsi:type="Relationship" source="d7e9a098" target="id-80ba8a57">
          <style>
            <lineColor r="0" g="0" b="0" />
            <font name="Lucida Grande" size="12">
              <color r="0" g="0" b="0" />
            </font>
          </style>
        </connection>
        <connection identifier="b633c33e" relationshipRef="b34f38e1" xsi:type="Relationship" source="id-59ae82b6" target="id-137c66c7">
          <style>
            <lineColor r="0" g="0" b="0" />
            <font name="Lucida Grande" size="12">
              <color r="0" g="0" b="0" />
            </font>
          </style>
        </connection>
        <connection identifier="id-6e31f1e9" relationshipRef="id-09d9adb8" xsi:type="Relationship" source="de5ea2a5" target="id-137c66c7">
          <style>
            <lineColor r="0" g="0" b="0" />
            <font name="Lucida Grande" size="12">
              <color r="0" g="0" b="0" />
            </font>
          </style>
        </connection>
        <connection identifier="id-7440aa8e" relationshipRef="id-0dc3dfd7" xsi:type="Relationship" source="b257c067" target="id-2efc7644">
          <style>
            <lineColor r="0" g="0" b="0" />
            <font name="Lucida Grande" size="12">
              <color r="0" g="0" b="0" />
            </font>
          </style>
        </connection>
        <connection identifier="id-4c207efb" relationshipRef="id-680a445a" xsi:type="Relationship" source="b257c067" target="id-7f7d6fb9">
          <style>
            <lineColor r="0" g="0" b="0" />
            <font name="Lucida Grande" size="12">
              <color r="0" g="0" b="0" />
            </font>
          </style>
        </connection>
        <connection identifier="id-4e786c48" relationshipRef="id-9ab41d75" xsi:type="Relationship" source="id-2efc7644" target="de5ea2a5">
          <style>
            <lineColor r="0" g="0" b="0" />
            <font name="Lucida Grande" size="12">
              <color r="0" g="0" b="0" />
            </font>
          </style>
        </connection>
        <connection identifier="id-8e9d9a66" relationshipRef="id-9b793f98" xsi:type="Relationship" source="f434cfbd" target="id-80ba8a57">
          <style>
            <lineColor r="0" g="0" b="0" />
            <font name="Lucida Grande" size="12">
              <color r="0" g="0" b="0" />
            </font>
          </style>
        </connection>
        <connection identifier="id-64f6857e" relationshipRef="id-9a9f06f4" xsi:type="Relationship" source="f434cfbd" target="id-4a0f313f">
          <style>
            <lineColor r="0" g="0" b="0" />
            <font name="Lucida Grande" size="12">
              <color r="0" g="0" b="0" />
            </font>
          </style>
        </connection>
        <connection identifier="id-266eaa70" relationshipRef="id-9d8daf7a" xsi:type="Relationship" source="id-72c9f6a6" target="id-4a0f313f">
          <style>
            <lineColor r="0" g="0" b="0" />
            <font name="Lucida Grande" size="12">
              <color r="0" g="0" b="0" />
            </font>
          </style>
        </connection>
        <connection identifier="id-83b7d7ce" relationshipRef="e017840f" xsi:type="Relationship" source="id-72c9f6a6" target="b09ab327">
          <style>
            <lineColor r="0" g="0" b="0" />
            <font name="Lucida Grande" size="12">
              <color r="0" g="0" b="0" />
            </font>
          </style>
        </connection>
        <connection identifier="id-56e1f51a" relationshipRef="aa1e49c9" xsi:type="Relationship" source="fe280977" target="id-19a9664e">
          <style>
            <lineColor r="0" g="0" b="0" />
            <font name="Lucida Grande" size="12">
              <color r="0" g="0" b="0" />
            </font>
          </style>
        </connection>
        <connection identifier="id-2f3be0ad" relationshipRef="e5461ce3" xsi:type="Relationship" source="fe280977" target="id-7f7d6fb9">
          <style>
            <lineColor r="0" g="0" b="0" />
            <font name="Lucida Grande" size="12">
              <color r="0" g="0" b="0" />
            </font>
          </style>
        </connection>
        <connection identifier="id-44ad608f" relationshipRef="id-0f11d866" xsi:type="Relationship" source="fe280977" target="b257c067">
          <style>
            <lineColor r="0" g="0" b="0" />
            <font name="Lucida Grande" size="12">
              <color r="0" g="0" b="0" />
            </font>
          </style>
        </connection>
        <connection identifier="id-2b18c2f7" xsi:type="Line" source="id-79dc4466" target="id-3e2c9400">
          <style>
            <lineColor r="0" g="0" b="0" />
            <font name="Lucida Grande" size="12">
              <color r="0" g="0" b="0" />
            </font>
          </style>
        </connection>
        <connection identifier="id-1b9ee43a" relationshipRef="id-34595bd8" xsi:type="Relationship" source="id-2cca31e1" target="a22cff9a">
          <style>
            <lineColor r="0" g="0" b="0" />
            <font name="Lucida Grande" size="12">
              <color r="0" g="0" b="0" />
            </font>
          </style>
        </connection>
        <connection identifier="id-837c6173" relationshipRef="id-5041a09f" xsi:type="Relationship" source="eebfbbf3" target="id-2cca31e1">
          <style>
            <lineColor r="0" g="0" b="0" />
            <font name="Lucida Grande" size="12">
              <color r="0" g="0" b="0" />
            </font>
          </style>
        </connection>
        <connection identifier="a5b7eb6a" relationshipRef="a00285aa" xsi:type="Relationship" source="abea27a9" target="id-22d7e194">
          <style>
            <lineColor r="0" g="0" b="0" />
            <font name="Lucida Grande" size="12">
              <color r="0" g="0" b="0" />
            </font>
          </style>
        </connection>
        <connection identifier="id-008254d5" relationshipRef="d23f5ba4" xsi:type="Relationship" source="id-9389702d" target="abea27a9">
          <style>
            <lineColor r="0" g="0" b="0" />
            <font name="Lucida Grande" size="12">
              <color r="0" g="0" b="0" />
            </font>
          </style>
        </connection>
        <connection identifier="id-93f15dd1" relationshipRef="fef725b9" xsi:type="Relationship" source="id-9389702d" target="a62fe20f">
          <style>
            <lineColor r="0" g="0" b="0" />
            <font name="Lucida Grande" size="12">
              <color r="0" g="0" b="0" />
            </font>
          </style>
          <bendpoint x="1032" y="1008" />
        </connection>
        <connection identifier="id-2c8e520f" relationshipRef="id-5701216f" xsi:type="Relationship" source="id-9389702d" target="id-3088c957">
          <style>
            <lineColor r="0" g="0" b="0" />
            <font name="Lucida Grande" size="12">
              <color r="0" g="0" b="0" />
            </font>
          </style>
          <bendpoint x="996" y="1020" />
        </connection>
        <connection identifier="afa9a745" relationshipRef="id-83449d87" xsi:type="Relationship" source="id-902e44d5" target="id-22d7e194">
          <style>
            <lineColor r="0" g="0" b="0" />
            <font name="Lucida Grande" size="12">
              <color r="0" g="0" b="0" />
            </font>
          </style>
        </connection>
        <connection identifier="bb5a31dc" relationshipRef="id-6b06f91e" xsi:type="Relationship" source="id-8906e35a" target="id-902e44d5">
          <style>
            <lineColor r="0" g="0" b="0" />
            <font name="Lucida Grande" size="12">
              <color r="0" g="0" b="0" />
            </font>
          </style>
        </connection>
        <connection identifier="id-94215c10" relationshipRef="e648526b" xsi:type="Relationship" source="id-3088c957" target="id-8906e35a">
          <style>
            <lineColor r="0" g="0" b="0" />
            <font name="Lucida Grande" size="12">
              <color r="0" g="0" b="0" />
            </font>
          </style>
        </connection>
        <connection identifier="a51b076a" relationshipRef="e4e63181" xsi:type="Relationship" source="a62fe20f" target="id-3088c957">
          <style>
            <lineColor r="0" g="0" b="0" />
            <font name="Lucida Grande" size="12">
              <color r="0" g="0" b="0" />
            </font>
          </style>
        </connection>
        <connection identifier="id-23a87909" xsi:type="Line" source="id-6ddec8fd" target="id-74fd2fe0">
          <style>
            <lineColor r="0" g="0" b="0" />
            <font name="Lucida Grande" size="12">
              <color r="0" g="0" b="0" />
            </font>
          </style>
          <bendpoint x="797" y="1159" />
        </connection>
      </view>
      <view identifier="id-07f3fd83" xsi:type="Diagram">
        <name>uploader-local</name>
        <node identifier="id-420ab3e4" elementRef="id-3f114695" xsi:type="Element" x="925" y="631" w="185" h="121">
          <style>
            <fillColor r="201" g="231" b="183" a="100" />
            <lineColor r="92" g="92" b="92" a="100" />
            <font name="Lucida Grande" size="12">
              <color r="0" g="0" b="0" />
            </font>
          </style>
          <node identifier="dba36d73" elementRef="id-9948bfc3" xsi:type="Element" x="937" y="667" w="145" h="61">
            <style>
              <fillColor r="181" g="255" b="255" a="100" />
              <lineColor r="92" g="92" b="92" a="100" />
              <font name="Lucida Grande" size="12">
                <color r="0" g="0" b="0" />
              </font>
            </style>
          </node>
        </node>
        <node identifier="id-02d05e22" elementRef="a6516cda" xsi:type="Element" x="1129" y="672" w="85" h="40">
          <style>
            <fillColor r="181" g="255" b="255" a="100" />
            <lineColor r="92" g="92" b="92" a="100" />
            <font name="Lucida Grande" size="12">
              <color r="0" g="0" b="0" />
            </font>
          </style>
        </node>
        <node identifier="id-64100731" xsi:type="Label" x="925" y="751" w="185" h="36">
          <label>uploader/src/main/script
create, start, stop</label>
          <style>
            <fillColor r="255" g="255" b="255" a="100" />
            <lineColor r="92" g="92" b="92" a="100" />
            <font name="Lucida Grande" size="12">
              <color r="0" g="0" b="0" />
            </font>
          </style>
        </node>
        <node identifier="b4d5a80f" elementRef="d17eb8d8" xsi:type="Element" x="731" y="652" w="120" h="55">
          <style>
            <fillColor r="181" g="255" b="255" a="100" />
            <lineColor r="92" g="92" b="92" a="100" />
            <font name="Lucida Grande" size="12">
              <color r="0" g="0" b="0" />
            </font>
          </style>
        </node>
        <node identifier="id-8dd01de3" elementRef="id-7d679f3b" xsi:type="Element" x="37" y="96" w="109" h="55">
          <style>
            <fillColor r="144" g="238" b="144" a="100" />
            <lineColor r="92" g="92" b="92" a="100" />
            <font name="Lucida Grande" size="12">
              <color r="0" g="0" b="0" />
            </font>
          </style>
        </node>
        <node identifier="id-7ac9acbe" elementRef="d338b9a5" xsi:type="Element" x="731" y="384" w="120" h="55">
          <style>
            <fillColor r="181" g="255" b="255" a="100" />
            <lineColor r="92" g="92" b="92" a="100" />
            <font name="Lucida Grande" size="12">
              <color r="0" g="0" b="0" />
            </font>
          </style>
        </node>
        <node identifier="b143382f" elementRef="ac9f728b" xsi:type="Element" x="942" y="384" w="120" h="55">
          <style>
            <fillColor r="181" g="255" b="255" a="100" />
            <lineColor r="92" g="92" b="92" a="100" />
            <font name="Lucida Grande" size="12">
              <color r="0" g="0" b="0" />
            </font>
          </style>
        </node>
        <node identifier="id-4e667c25" xsi:type="Label" x="947" y="438" w="205" h="43">
          <label>Inner files hierarchy:
/{orderId}/{uploded-filename}</label>
          <style>
            <fillColor r="255" g="255" b="255" a="100" />
            <lineColor r="92" g="92" b="92" a="100" />
            <font name="Lucida Grande" size="12">
              <color r="0" g="0" b="0" />
            </font>
          </style>
        </node>
        <node identifier="ce2a06fa" elementRef="id-999297fe" xsi:type="Element" x="495" y="390" w="114" h="43">
          <style>
            <fillColor r="181" g="255" b="255" a="100" />
            <lineColor r="92" g="92" b="92" a="100" />
            <font name="Lucida Grande" size="12">
              <color r="0" g="0" b="0" />
            </font>
          </style>
        </node>
        <node identifier="c32e70fe" xsi:type="Label" x="505" y="432" w="161" h="31">
          <label>storage.originalfiles.temp</label>
          <style>
            <fillColor r="144" g="238" b="144" a="100" />
            <lineColor r="92" g="92" b="92" a="100" />
            <font name="Lucida Grande" size="12">
              <color r="0" g="0" b="0" />
            </font>
          </style>
        </node>
        <node identifier="d2075ccb" elementRef="a0899c71" xsi:type="Element" x="495" y="655" w="139" h="49">
          <style>
            <fillColor r="181" g="255" b="255" a="100" />
            <lineColor r="92" g="92" b="92" a="100" />
            <font name="Lucida Grande" size="12">
              <color r="0" g="0" b="0" />
            </font>
          </style>
        </node>
        <node identifier="f8bffa28" xsi:type="Label" x="505" y="703" w="157" h="25">
          <label>spring.data.mongodb.*</label>
          <style>
            <fillColor r="144" g="238" b="144" a="100" />
            <lineColor r="92" g="92" b="92" a="100" />
            <font name="Lucida Grande" size="12">
              <color r="0" g="0" b="0" />
            </font>
          </style>
        </node>
        <node identifier="d0e183f6" elementRef="id-4b5a3184" xsi:type="Element" x="228" y="384" w="120" h="55">
          <style>
            <fillColor r="181" g="255" b="255" a="100" />
            <lineColor r="92" g="92" b="92" a="100" />
            <font name="Lucida Grande" size="12">
              <color r="0" g="0" b="0" />
            </font>
          </style>
        </node>
        <node identifier="a7afe057" elementRef="id-9546242f" xsi:type="Element" x="228" y="516" w="120" h="55">
          <style>
            <fillColor r="181" g="255" b="255" a="100" />
            <lineColor r="92" g="92" b="92" a="100" />
            <font name="Lucida Grande" size="12">
              <color r="0" g="0" b="0" />
            </font>
          </style>
        </node>
        <node identifier="id-4cebd479" elementRef="id-655ca226" xsi:type="Element" x="1165" y="96" w="120" h="55">
          <style>
            <fillColor r="181" g="255" b="255" a="100" />
            <lineColor r="92" g="92" b="92" a="100" />
            <font name="Lucida Grande" size="12">
              <color r="0" g="0" b="0" />
            </font>
          </style>
        </node>
        <node identifier="id-52c00925" elementRef="id-6092013f" xsi:type="Element" x="495" y="516" w="126" h="46">
          <style>
            <fillColor r="181" g="255" b="255" a="100" />
            <lineColor r="92" g="92" b="92" a="100" />
            <font name="Lucida Grande" size="12">
              <color r="0" g="0" b="0" />
            </font>
          </style>
        </node>
        <node identifier="af2cb913" xsi:type="Label" x="505" y="561" w="201" h="24">
          <label>storage.originalfiles.permanent</label>
          <style>
            <fillColor r="144" g="238" b="144" a="100" />
            <lineColor r="92" g="92" b="92" a="100" />
            <font name="Lucida Grande" size="12">
              <color r="0" g="0" b="0" />
            </font>
          </style>
        </node>
        <node identifier="id-6dfb15fa" elementRef="id-4105f712" xsi:type="Element" x="731" y="507" w="120" h="55">
          <style>
            <fillColor r="181" g="255" b="255" a="100" />
            <lineColor r="92" g="92" b="92" a="100" />
            <font name="Lucida Grande" size="12">
              <color r="0" g="0" b="0" />
            </font>
          </style>
        </node>
        <node identifier="id-59dc0668" elementRef="id-8b5e92e1" xsi:type="Element" x="942" y="507" w="120" h="55">
          <style>
            <fillColor r="181" g="255" b="255" a="100" />
            <lineColor r="92" g="92" b="92" a="100" />
            <font name="Lucida Grande" size="12">
              <color r="0" g="0" b="0" />
            </font>
          </style>
        </node>
        <node identifier="id-97b924bd" xsi:type="Label" x="947" y="561" w="201" h="41">
          <label>Inner files hierarchy:
/{orderId}/{uploded-filename}</label>
          <style>
            <fillColor r="255" g="255" b="255" a="100" />
            <lineColor r="92" g="92" b="92" a="100" />
            <font name="Lucida Grande" size="12">
              <color r="0" g="0" b="0" />
            </font>
          </style>
        </node>
        <node identifier="ad3a8bde" elementRef="c6788869" xsi:type="Element" x="731" y="228" w="120" h="55">
          <style>
            <fillColor r="181" g="255" b="255" a="100" />
            <lineColor r="92" g="92" b="92" a="100" />
            <font name="Lucida Grande" size="12">
              <color r="0" g="0" b="0" />
            </font>
          </style>
        </node>
        <node identifier="id-6c30aa64" elementRef="id-54a43dde" xsi:type="Element" x="942" y="228" w="120" h="55">
          <style>
            <fillColor r="181" g="255" b="255" a="100" />
            <lineColor r="92" g="92" b="92" a="100" />
            <font name="Lucida Grande" size="12">
              <color r="0" g="0" b="0" />
            </font>
          </style>
        </node>
        <node identifier="id-0ff97af7" elementRef="id-7daff944" xsi:type="Element" x="1165" y="228" w="120" h="55">
          <style>
            <fillColor r="201" g="231" b="183" a="100" />
            <lineColor r="92" g="92" b="92" a="100" />
            <font name="Lucida Grande" size="12">
              <color r="0" g="0" b="0" />
            </font>
          </style>
        </node>
        <node identifier="id-646020a2" xsi:type="Label" x="731" y="282" w="149" h="55">
          <label>storage.icons
 ==
readfilesrest.ini:folder</label>
          <style>
            <fillColor r="144" g="238" b="144" a="100" />
            <lineColor r="92" g="92" b="92" a="100" />
            <font name="Lucida Grande" size="12">
              <color r="0" g="0" b="0" />
            </font>
          </style>
        </node>
        <node identifier="id-95546718" elementRef="id-959e2ce6" xsi:type="Element" x="1165" y="507" w="120" h="55">
          <style>
            <fillColor r="201" g="231" b="183" a="100" />
            <lineColor r="92" g="92" b="92" a="100" />
            <font name="Lucida Grande" size="12">
              <color r="0" g="0" b="0" />
            </font>
          </style>
        </node>
        <node identifier="e2cdf42c" elementRef="id-52ba25af" xsi:type="Element" x="1165" y="384" w="120" h="55">
          <style>
            <fillColor r="201" g="231" b="183" a="100" />
            <lineColor r="92" g="92" b="92" a="100" />
            <font name="Lucida Grande" size="12">
              <color r="0" g="0" b="0" />
            </font>
          </style>
        </node>
        <node identifier="id-50d0c9c8" elementRef="id-2e296f29" xsi:type="Element" x="241" y="828" w="120" h="55">
          <style>
            <fillColor r="181" g="255" b="255" a="100" />
            <lineColor r="92" g="92" b="92" a="100" />
            <font name="Lucida Grande" size="12">
              <color r="0" g="0" b="0" />
            </font>
          </style>
        </node>
        <node identifier="id-657315dd" elementRef="f1b48347" xsi:type="Element" x="495" y="828" w="120" h="55">
          <style>
            <fillColor r="181" g="255" b="255" a="100" />
            <lineColor r="92" g="92" b="92" a="100" />
            <font name="Lucida Grande" size="12">
              <color r="0" g="0" b="0" />
            </font>
          </style>
        </node>
        <node identifier="id-49a77a6a" elementRef="id-3a262f21" xsi:type="Element" x="947" y="828" w="120" h="55">
          <style>
            <fillColor r="181" g="255" b="255" a="100" />
            <lineColor r="92" g="92" b="92" a="100" />
            <font name="Lucida Grande" size="12">
              <color r="0" g="0" b="0" />
            </font>
          </style>
        </node>
        <node identifier="f147a679" elementRef="id-7c69c460" xsi:type="Element" x="241" y="1032" w="120" h="55">
          <style>
            <fillColor r="181" g="255" b="255" a="100" />
            <lineColor r="92" g="92" b="92" a="100" />
            <font name="Lucida Grande" size="12">
              <color r="0" g="0" b="0" />
            </font>
          </style>
        </node>
        <node identifier="id-9a88f4f8" elementRef="d44eac25" xsi:type="Element" x="486" y="1032" w="120" h="55">
          <style>
            <fillColor r="181" g="255" b="255" a="100" />
            <lineColor r="92" g="92" b="92" a="100" />
            <font name="Lucida Grande" size="12">
              <color r="0" g="0" b="0" />
            </font>
          </style>
        </node>
        <node identifier="id-0f35f3df" elementRef="f0ba8878" xsi:type="Element" x="936" y="1029" w="120" h="55">
          <style>
            <fillColor r="181" g="255" b="255" a="100" />
            <lineColor r="92" g="92" b="92" a="100" />
            <font name="Lucida Grande" size="12">
              <color r="0" g="0" b="0" />
            </font>
          </style>
        </node>
        <node identifier="id-82d67a89" xsi:type="Label" x="1066" y="828" w="185" h="37">
          <label>apt install zbar-tool
zbarimg &lt;file&gt;</label>
          <style>
            <fillColor r="255" g="255" b="255" a="100" />
            <lineColor r="92" g="92" b="92" a="100" />
            <font name="Lucida Grande" size="12">
              <color r="0" g="0" b="0" />
            </font>
          </style>
        </node>
        <node identifier="e763cd6f" xsi:type="Label" x="955" y="282" w="319" h="43">
          <label>convert -geometry 400x600 -density 100x100 -quality 100 test-pdf.pdf test-pdf.jpg</label>
          <style>
            <fillColor r="255" g="255" b="255" a="100" />
            <lineColor r="92" g="92" b="92" a="100" />
            <font name="Lucida Grande" size="12">
              <color r="0" g="0" b="0" />
            </font>
          </style>
        </node>
        <node identifier="fb1b9668" xsi:type="Label" x="1057" y="1029" w="185" h="80">
          <label>gs -dBATCH -dNOPAUSE -q -sDEVICE=pdfwrite -sOutputFile=finished.pdf test-pdf2.pdf test-pdf3.pdf test-pdf4.pdf</label>
          <style>
            <fillColor r="255" g="255" b="255" a="100" />
            <lineColor r="92" g="92" b="92" a="100" />
            <font name="Lucida Grande" size="12">
              <color r="0" g="0" b="0" />
            </font>
          </style>
        </node>
        <node identifier="ea5beca2" elementRef="id-28aeef00" xsi:type="Element" x="1167" y="1201" w="120" h="55">
          <style>
            <fillColor r="181" g="255" b="255" a="100" />
            <lineColor r="92" g="92" b="92" a="100" />
            <font name="Lucida Grande" size="12">
              <color r="0" g="0" b="0" />
            </font>
          </style>
        </node>
        <node identifier="a81f7ac4" elementRef="id-5279de34" xsi:type="Element" x="1180" y="1116" w="120" h="55">
          <style>
            <fillColor r="201" g="231" b="183" a="100" />
            <lineColor r="92" g="92" b="92" a="100" />
            <font name="Lucida Grande" size="12">
              <color r="0" g="0" b="0" />
            </font>
          </style>
        </node>
        <node identifier="ef690b6b" xsi:type="Label" x="505" y="1086" w="161" h="55">
          <label>storage.mergedpdf
==
rest-mergedpdf.ini:folder</label>
          <style>
            <fillColor r="144" g="238" b="144" a="100" />
            <lineColor r="92" g="92" b="92" a="100" />
            <font name="Lucida Grande" size="12">
              <color r="0" g="0" b="0" />
            </font>
          </style>
        </node>
        <node identifier="ecdfa526" elementRef="id-46313df2" xsi:type="Element" x="731" y="96" w="120" h="55">
          <style>
            <fillColor r="181" g="255" b="255" a="100" />
            <lineColor r="92" g="92" b="92" a="100" />
            <font name="Lucida Grande" size="12">
              <color r="0" g="0" b="0" />
            </font>
          </style>
        </node>
        <node identifier="a51fc85d" xsi:type="Label" x="754" y="150" w="97" h="27">
          <label>storage.icons</label>
          <style>
            <fillColor r="144" g="238" b="144" a="100" />
            <lineColor r="92" g="92" b="92" a="100" />
            <font name="Lucida Grande" size="12">
              <color r="0" g="0" b="0" />
            </font>
          </style>
        </node>
        <node identifier="id-8d5bf212" elementRef="dbd7f186" xsi:type="Element" x="496" y="1201" w="120" h="55">
          <style>
            <fillColor r="181" g="255" b="255" a="100" />
            <lineColor r="92" g="92" b="92" a="100" />
            <font name="Lucida Grande" size="12">
              <color r="0" g="0" b="0" />
            </font>
          </style>
        </node>
        <node identifier="id-45d06782" xsi:type="Label" x="510" y="1255" w="134" h="32">
          <label>storage.mergedpdf</label>
          <style>
            <fillColor r="144" g="238" b="144" a="100" />
            <lineColor r="92" g="92" b="92" a="100" />
            <font name="Lucida Grande" size="12">
              <color r="0" g="0" b="0" />
            </font>
          </style>
        </node>
        <node identifier="a351aa1e" elementRef="c3beeee1" xsi:type="Element" x="241" y="924" w="120" h="55">
          <style>
            <fillColor r="181" g="255" b="255" a="100" />
            <lineColor r="92" g="92" b="92" a="100" />
            <font name="Lucida Grande" size="12">
              <color r="0" g="0" b="0" />
            </font>
          </style>
        </node>
        <node identifier="af814f27" elementRef="f2467fcb" xsi:type="Element" x="492" y="924" w="120" h="55">
          <style>
            <fillColor r="181" g="255" b="255" a="100" />
            <lineColor r="92" g="92" b="92" a="100" />
            <font name="Lucida Grande" size="12">
              <color r="0" g="0" b="0" />
            </font>
          </style>
        </node>
        <node identifier="aaa79d65" elementRef="id-089f9b2e" xsi:type="Element" x="947" y="924" w="120" h="55">
          <style>
            <fillColor r="181" g="255" b="255" a="100" />
            <lineColor r="92" g="92" b="92" a="100" />
            <font name="Lucida Grande" size="12">
              <color r="0" g="0" b="0" />
            </font>
          </style>
        </node>
        <node identifier="id-1434411c" xsi:type="Label" x="1066" y="924" w="243" h="25">
          <label>barcode -b "223344" -o code.jpg</label>
          <style>
            <fillColor r="255" g="255" b="255" a="100" />
            <lineColor r="92" g="92" b="92" a="100" />
            <font name="Lucida Grande" size="12">
              <color r="0" g="0" b="0" />
            </font>
          </style>
        </node>
        <node identifier="id-303ee252" elementRef="f91fdd5a" xsi:type="Element" x="241" y="1344" w="120" h="55">
          <style>
            <fillColor r="181" g="255" b="255" a="100" />
            <lineColor r="92" g="92" b="92" a="100" />
            <font name="Lucida Grande" size="12">
              <color r="0" g="0" b="0" />
            </font>
          </style>
        </node>
        <node identifier="id-9d5803f4" elementRef="id-4786032b" xsi:type="Element" x="505" y="1344" w="120" h="55">
          <style>
            <fillColor r="181" g="255" b="255" a="100" />
            <lineColor r="92" g="92" b="92" a="100" />
            <font name="Lucida Grande" size="12">
              <color r="0" g="0" b="0" />
            </font>
          </style>
        </node>
        <node identifier="b4c0eb2a" elementRef="id-062843fe" xsi:type="Element" x="731" y="1344" w="120" h="55">
          <style>
            <fillColor r="181" g="255" b="255" a="100" />
            <lineColor r="92" g="92" b="92" a="100" />
            <font name="Lucida Grande" size="12">
              <color r="0" g="0" b="0" />
            </font>
          </style>
        </node>
        <node identifier="id-4651fd8f" elementRef="id-21291fef" xsi:type="Element" x="972" y="1344" w="120" h="55">
          <style>
            <fillColor r="181" g="255" b="255" a="100" />
            <lineColor r="92" g="92" b="92" a="100" />
            <font name="Lucida Grande" size="12">
              <color r="0" g="0" b="0" />
            </font>
          </style>
        </node>
        <connection identifier="e94af1c7" relationshipRef="id-52f6139f" xsi:type="Relationship" source="dba36d73" target="b4d5a80f">
          <style>
            <lineColor r="0" g="0" b="0" />
            <font name="Lucida Grande" size="12">
              <color r="0" g="0" b="0" />
            </font>
          </style>
        </connection>
        <connection identifier="id-4d101bb6" relationshipRef="id-4f19ebd3" xsi:type="Relationship" source="dba36d73" target="id-02d05e22">
          <style>
            <lineColor r="0" g="0" b="0" />
            <font name="Lucida Grande" size="12">
              <color r="0" g="0" b="0" />
            </font>
          </style>
        </connection>
        <connection identifier="b0619778" relationshipRef="id-1602d20e" xsi:type="Relationship" source="b143382f" target="e2cdf42c">
          <style>
            <lineColor r="0" g="0" b="0" />
            <font name="Lucida Grande" size="12">
              <color r="0" g="0" b="0" />
            </font>
          </style>
        </connection>
        <connection identifier="b2f75089" relationshipRef="c2fa0012" xsi:type="Relationship" source="b143382f" target="id-7ac9acbe">
          <style>
            <lineColor r="0" g="0" b="0" />
            <font name="Lucida Grande" size="12">
              <color r="0" g="0" b="0" />
            </font>
          </style>
        </connection>
        <connection identifier="d0927375" relationshipRef="b5bcac12" xsi:type="Relationship" source="ce2a06fa" target="a7afe057">
          <style>
            <lineColor r="0" g="0" b="0" />
            <font name="Lucida Grande" size="12">
              <color r="0" g="0" b="0" />
            </font>
          </style>
        </connection>
        <connection identifier="c3218bbc" relationshipRef="id-4c6c8e60" xsi:type="Relationship" source="ce2a06fa" target="id-7ac9acbe">
          <style>
            <lineColor r="0" g="0" b="0" />
            <font name="Lucida Grande" size="12">
              <color r="0" g="0" b="0" />
            </font>
          </style>
        </connection>
        <connection identifier="id-64edaa94" relationshipRef="d3db9729" xsi:type="Relationship" source="ce2a06fa" target="ad3a8bde">
          <style>
            <lineColor r="0" g="0" b="0" />
            <font name="Lucida Grande" size="12">
              <color r="0" g="0" b="0" />
            </font>
          </style>
          <bendpoint x="540" y="264" />
        </connection>
        <connection identifier="id-7c6a9683" relationshipRef="id-108748ec" xsi:type="Relationship" source="ce2a06fa" target="d0e183f6">
          <style>
            <lineColor r="0" g="0" b="0" />
            <font name="Lucida Grande" size="12">
              <color r="0" g="0" b="0" />
            </font>
          </style>
        </connection>
        <connection identifier="id-26de4bdd" relationshipRef="id-43241e37" xsi:type="Relationship" source="d2075ccb" target="a7afe057">
          <style>
            <lineColor r="0" g="0" b="0" />
            <font name="Lucida Grande" size="12">
              <color r="0" g="0" b="0" />
            </font>
          </style>
        </connection>
        <connection identifier="id-0bca7cc4" relationshipRef="id-0e3461b3" xsi:type="Relationship" source="d2075ccb" target="b4d5a80f">
          <style>
            <lineColor r="0" g="0" b="0" />
            <font name="Lucida Grande" size="12">
              <color r="0" g="0" b="0" />
            </font>
          </style>
        </connection>
        <connection identifier="id-6a8f7d4c" relationshipRef="id-680a445a" xsi:type="Relationship" source="id-4cebd479" target="id-0ff97af7">
          <style>
            <lineColor r="0" g="0" b="0" />
            <font name="Lucida Grande" size="12">
              <color r="0" g="0" b="0" />
            </font>
          </style>
        </connection>
        <connection identifier="id-7ac8ea2b" relationshipRef="de9ed631" xsi:type="Relationship" source="id-4cebd479" target="ecdfa526">
          <style>
            <lineColor r="0" g="0" b="0" />
            <font name="Lucida Grande" size="12">
              <color r="0" g="0" b="0" />
            </font>
          </style>
        </connection>
        <connection identifier="dd9423ab" relationshipRef="id-9b793f98" xsi:type="Relationship" source="id-52c00925" target="a7afe057">
          <style>
            <lineColor r="0" g="0" b="0" />
            <font name="Lucida Grande" size="12">
              <color r="0" g="0" b="0" />
            </font>
          </style>
        </connection>
        <connection identifier="id-519837a0" relationshipRef="id-9a9f06f4" xsi:type="Relationship" source="id-52c00925" target="id-6dfb15fa">
          <style>
            <lineColor r="0" g="0" b="0" />
            <font name="Lucida Grande" size="12">
              <color r="0" g="0" b="0" />
            </font>
          </style>
        </connection>
        <connection identifier="id-09299391" relationshipRef="e017840f" xsi:type="Relationship" source="id-59dc0668" target="id-95546718">
          <style>
            <lineColor r="0" g="0" b="0" />
            <font name="Lucida Grande" size="12">
              <color r="0" g="0" b="0" />
            </font>
          </style>
        </connection>
        <connection identifier="id-348f07cd" relationshipRef="id-9d8daf7a" xsi:type="Relationship" source="id-59dc0668" target="id-6dfb15fa">
          <style>
            <lineColor r="0" g="0" b="0" />
            <font name="Lucida Grande" size="12">
              <color r="0" g="0" b="0" />
            </font>
          </style>
        </connection>
        <connection identifier="id-681afe0b" relationshipRef="id-0f11d866" xsi:type="Relationship" source="id-6c30aa64" target="id-4cebd479">
          <style>
            <lineColor r="0" g="0" b="0" />
            <font name="Lucida Grande" size="12">
              <color r="0" g="0" b="0" />
            </font>
          </style>
        </connection>
        <connection identifier="id-4bc79e04" relationshipRef="aa1e49c9" xsi:type="Relationship" source="id-6c30aa64" target="ad3a8bde">
          <style>
            <lineColor r="0" g="0" b="0" />
            <font name="Lucida Grande" size="12">
              <color r="0" g="0" b="0" />
            </font>
          </style>
        </connection>
        <connection identifier="db82688a" relationshipRef="e5461ce3" xsi:type="Relationship" source="id-6c30aa64" target="id-0ff97af7">
          <style>
            <lineColor r="0" g="0" b="0" />
            <font name="Lucida Grande" size="12">
              <color r="0" g="0" b="0" />
            </font>
          </style>
        </connection>
        <connection identifier="c3d2fc84" relationshipRef="id-34595bd8" xsi:type="Relationship" source="id-657315dd" target="id-50d0c9c8">
          <style>
            <lineColor r="0" g="0" b="0" />
            <font name="Lucida Grande" size="12">
              <color r="0" g="0" b="0" />
            </font>
          </style>
        </connection>
        <connection identifier="id-69a13ec2" relationshipRef="id-5041a09f" xsi:type="Relationship" source="id-49a77a6a" target="id-657315dd">
          <style>
            <lineColor r="0" g="0" b="0" />
            <font name="Lucida Grande" size="12">
              <color r="0" g="0" b="0" />
            </font>
          </style>
        </connection>
        <connection identifier="id-95f79b5e" relationshipRef="a00285aa" xsi:type="Relationship" source="id-9a88f4f8" target="f147a679">
          <style>
            <lineColor r="0" g="0" b="0" />
            <font name="Lucida Grande" size="12">
              <color r="0" g="0" b="0" />
            </font>
          </style>
        </connection>
        <connection identifier="id-0ba2302c" relationshipRef="d23f5ba4" xsi:type="Relationship" source="id-0f35f3df" target="id-9a88f4f8">
          <style>
            <lineColor r="0" g="0" b="0" />
            <font name="Lucida Grande" size="12">
              <color r="0" g="0" b="0" />
            </font>
          </style>
        </connection>
        <connection identifier="b7365ff1" relationshipRef="fef725b9" xsi:type="Relationship" source="id-0f35f3df" target="a81f7ac4">
          <style>
            <lineColor r="0" g="0" b="0" />
            <font name="Lucida Grande" size="12">
              <color r="0" g="0" b="0" />
            </font>
          </style>
          <bendpoint x="1036" y="1128" />
        </connection>
        <connection identifier="id-179dc0ea" relationshipRef="id-5701216f" xsi:type="Relationship" source="id-0f35f3df" target="ea5beca2">
          <style>
            <lineColor r="0" g="0" b="0" />
            <font name="Lucida Grande" size="12">
              <color r="0" g="0" b="0" />
            </font>
          </style>
          <bendpoint x="999" y="1128" />
          <bendpoint x="1059" y="1176" />
        </connection>
        <connection identifier="id-5990e704" relationshipRef="id-53ca917b" xsi:type="Relationship" source="ea5beca2" target="id-8d5bf212">
          <style>
            <lineColor r="0" g="0" b="0" />
            <font name="Lucida Grande" size="12">
              <color r="0" g="0" b="0" />
            </font>
          </style>
        </connection>
        <connection identifier="fc8998d5" relationshipRef="e4e63181" xsi:type="Relationship" source="a81f7ac4" target="ea5beca2">
          <style>
            <lineColor r="0" g="0" b="0" />
            <font name="Lucida Grande" size="12">
              <color r="0" g="0" b="0" />
            </font>
          </style>
        </connection>
        <connection identifier="id-33312965" relationshipRef="id-05865258" xsi:type="Relationship" source="ecdfa526" target="d0e183f6">
          <style>
            <lineColor r="0" g="0" b="0" />
            <font name="Lucida Grande" size="12">
              <color r="0" g="0" b="0" />
            </font>
          </style>
          <bendpoint x="300" y="120" />
        </connection>
        <connection identifier="ba95fc43" relationshipRef="id-0f08b904" xsi:type="Relationship" source="id-8d5bf212" target="f147a679">
          <style>
            <lineColor r="0" g="0" b="0" />
            <font name="Lucida Grande" size="12">
              <color r="0" g="0" b="0" />
            </font>
          </style>
          <bendpoint x="303" y="1236" />
        </connection>
        <connection identifier="bf59105f" relationshipRef="eb44de74" xsi:type="Relationship" source="af814f27" target="a351aa1e">
          <style>
            <lineColor r="0" g="0" b="0" />
            <font name="Lucida Grande" size="12">
              <color r="0" g="0" b="0" />
            </font>
          </style>
        </connection>
        <connection identifier="id-32d1edf9" relationshipRef="id-24ad1b66" xsi:type="Relationship" source="aaa79d65" target="af814f27">
          <style>
            <lineColor r="0" g="0" b="0" />
            <font name="Lucida Grande" size="12">
              <color r="0" g="0" b="0" />
            </font>
          </style>
        </connection>
        <connection identifier="id-744e2b7e" relationshipRef="id-2134460d" xsi:type="Relationship" source="id-9d5803f4" target="id-303ee252">
          <style>
            <lineColor r="0" g="0" b="0" />
            <font name="Lucida Grande" size="12">
              <color r="0" g="0" b="0" />
            </font>
          </style>
        </connection>
        <connection identifier="id-5b6db402" relationshipRef="fcd0fcf8" xsi:type="Relationship" source="id-9d5803f4" target="b4c0eb2a">
          <style>
            <lineColor r="0" g="0" b="0" />
            <font name="Lucida Grande" size="12">
              <color r="0" g="0" b="0" />
            </font>
          </style>
        </connection>
        <connection identifier="id-1581b1b7" relationshipRef="id-2c545447" xsi:type="Relationship" source="id-4651fd8f" target="b4c0eb2a">
          <style>
            <lineColor r="0" g="0" b="0" />
            <font name="Lucida Grande" size="12">
              <color r="0" g="0" b="0" />
            </font>
          </style>
        </connection>
      </view>
      <view identifier="id-7581af55" xsi:type="Diagram">
        <name>deployment</name>
        <node identifier="id-4eef7318" elementRef="id-2e14cfd5" xsi:type="Element" x="300" y="248" w="120" h="55">
          <style>
            <fillColor r="181" g="255" b="255" a="100" />
            <lineColor r="92" g="92" b="92" a="100" />
            <font name="Lucida Grande" size="12">
              <color r="0" g="0" b="0" />
            </font>
          </style>
        </node>
        <node identifier="f7695412" elementRef="f913625e" xsi:type="Element" x="792" y="248" w="120" h="55">
          <style>
            <fillColor r="181" g="255" b="255" a="100" />
            <lineColor r="92" g="92" b="92" a="100" />
            <font name="Lucida Grande" size="12">
              <color r="0" g="0" b="0" />
            </font>
          </style>
        </node>
        <node identifier="d4f4ca50" elementRef="id-03c394f9" xsi:type="Element" x="30" y="416" w="120" h="55">
          <style>
            <fillColor r="201" g="231" b="183" a="100" />
            <lineColor r="92" g="92" b="92" a="100" />
            <font name="Lucida Grande" size="12">
              <color r="0" g="0" b="0" />
            </font>
          </style>
        </node>
        <node identifier="b4680a4f" elementRef="id-37b77eb7" xsi:type="Element" x="204" y="372" w="181" h="143">
          <style>
            <fillColor r="201" g="231" b="183" a="100" />
            <lineColor r="92" g="92" b="92" a="100" />
            <font name="Lucida Grande" size="12">
              <color r="0" g="0" b="0" />
            </font>
          </style>
          <node identifier="f421784a" elementRef="id-0864df40" xsi:type="Element" x="228" y="420" w="120" h="55">
            <style>
              <fillColor r="181" g="255" b="255" a="100" />
              <lineColor r="92" g="92" b="92" a="100" />
              <font name="Lucida Grande" size="12">
                <color r="0" g="0" b="0" />
              </font>
            </style>
          </node>
          <node identifier="e17f98f9" xsi:type="Label" x="209" y="474" w="158" h="30">
            <label>spring.data.mongodb.*</label>
            <style>
              <fillColor r="144" g="238" b="144" a="100" />
              <lineColor r="92" g="92" b="92" a="100" />
              <font name="Lucida Grande" size="12">
                <color r="0" g="0" b="0" />
              </font>
            </style>
          </node>
        </node>
        <node identifier="id-86d8d613" elementRef="id-2eb44014" xsi:type="Element" x="120" y="92" w="120" h="55">
          <style>
            <fillColor r="201" g="231" b="183" a="100" />
            <lineColor r="92" g="92" b="92" a="100" />
            <font name="Lucida Grande" size="12">
              <color r="0" g="0" b="0" />
            </font>
          </style>
        </node>
        <node identifier="id-7fde4992" x="276" y="44" w="325" h="121" xsi:type="Container">
          <label>UI purposes</label>
          <style>
            <fillColor r="210" g="215" b="215" a="100" />
            <lineColor r="92" g="92" b="92" a="100" />
            <font name="Lucida Grande" size="12">
              <color r="0" g="0" b="0" />
            </font>
          </style>
          <node identifier="id-284709d3" elementRef="id-4947abc9" xsi:type="Element" x="468" y="96" w="120" h="55">
            <style>
              <fillColor r="201" g="231" b="183" a="100" />
              <lineColor r="92" g="92" b="92" a="100" />
              <font name="Lucida Grande" size="12">
                <color r="0" g="0" b="0" />
              </font>
            </style>
          </node>
          <node identifier="id-346aed1c" elementRef="c95e239e" xsi:type="Element" x="312" y="96" w="120" h="55">
            <style>
              <fillColor r="201" g="231" b="183" a="100" />
              <lineColor r="92" g="92" b="92" a="100" />
              <font name="Lucida Grande" size="12">
                <color r="0" g="0" b="0" />
              </font>
            </style>
          </node>
          <node identifier="id-79447696" xsi:type="Label" x="468" y="68" w="102" h="29">
            <label>storage.icons</label>
            <style>
              <fillColor r="144" g="238" b="144" a="100" />
              <lineColor r="92" g="92" b="92" a="100" />
              <font name="Lucida Grande" size="12">
                <color r="0" g="0" b="0" />
              </font>
            </style>
          </node>
          <node identifier="id-0a3046b2" xsi:type="Label" x="288" y="69" w="172" h="27">
            <label>storage.originalfiles.temp</label>
            <style>
              <fillColor r="144" g="238" b="144" a="100" />
              <lineColor r="92" g="92" b="92" a="100" />
              <font name="Lucida Grande" size="12">
                <color r="0" g="0" b="0" />
              </font>
            </style>
          </node>
        </node>
        <node identifier="id-347c129e" elementRef="id-098cddae" xsi:type="Element" x="24" y="217" w="181" h="37">
          <style>
            <fillColor r="144" g="238" b="144" a="100" />
            <lineColor r="92" g="92" b="92" a="100" />
            <font name="Lucida Grande" size="12">
              <color r="0" g="0" b="0" />
            </font>
          </style>
        </node>
        <node identifier="f365296c" xsi:type="Label" x="60" y="68" w="205" h="25">
          <label>storage.originalfiles.permanent</label>
          <style>
            <fillColor r="144" g="238" b="144" a="100" />
            <lineColor r="92" g="92" b="92" a="100" />
            <font name="Lucida Grande" size="12">
              <color r="0" g="0" b="0" />
            </font>
          </style>
        </node>
        <node identifier="dd7bcd34" xsi:type="Label" x="552" y="223" w="181" h="26">
          <label>datasource.usermanager.*</label>
          <style>
            <fillColor r="144" g="238" b="144" a="100" />
            <lineColor r="92" g="92" b="92" a="100" />
            <font name="Lucida Grande" size="12">
              <color r="0" g="0" b="0" />
            </font>
          </style>
        </node>
        <node identifier="a05ca254" elementRef="id-2bc097b8" xsi:type="Element" x="516" y="372" w="175" h="133">
          <style>
            <fillColor r="201" g="231" b="183" a="100" />
            <lineColor r="92" g="92" b="92" a="100" />
            <font name="Lucida Grande" size="12">
              <color r="0" g="0" b="0" />
            </font>
          </style>
          <node identifier="c06d895e" elementRef="f603b874" xsi:type="Element" x="540" y="408" w="120" h="55">
            <style>
              <fillColor r="181" g="255" b="255" a="100" />
              <lineColor r="92" g="92" b="92" a="100" />
              <font name="Lucida Grande" size="12">
                <color r="0" g="0" b="0" />
              </font>
            </style>
          </node>
          <node identifier="ea2148ae" xsi:type="Label" x="530" y="462" w="140" h="28">
            <label>datasource.activiti.*</label>
            <style>
              <fillColor r="144" g="238" b="144" a="100" />
              <lineColor r="92" g="92" b="92" a="100" />
              <font name="Lucida Grande" size="12">
                <color r="0" g="0" b="0" />
              </font>
            </style>
          </node>
        </node>
        <node identifier="id-87f7ceca" elementRef="id-54afd24b" xsi:type="Element" x="756" y="416" w="120" h="55">
          <style>
            <fillColor r="201" g="231" b="183" a="100" />
            <lineColor r="92" g="92" b="92" a="100" />
            <font name="Lucida Grande" size="12">
              <color r="0" g="0" b="0" />
            </font>
          </style>
        </node>
        <node identifier="id-53dbd5cb" xsi:type="Label" x="204" y="514" w="265" h="63">
          <label>docker pull mongo
docker run -d --name mongo -p 27017:27017 -p 28017:28017 -v /home/technik/temp/export/mongo:/data/db mongo</label>
          <style>
            <fillColor r="255" g="255" b="255" a="100" />
            <lineColor r="92" g="92" b="92" a="100" />
            <font name="Sans" size="7">
              <color r="0" g="0" b="0" />
            </font>
          </style>
        </node>
        <node identifier="id-321d8817" xsi:type="Label" x="516" y="504" w="325" h="81">
          <label>docker pull mariadb

docker run --name mysql-container --volume /home/technik/temp/export/activiti-db:/var/lib/mysql --volume /home/technik/temp/export/activiti-db-init-sql:/docker-entrypoint-initdb.d --publish 3306:3306 --env MYSQL_DATABASE=activitidb --env MYSQL_ROOT_PASSWORD=root --detach mariadb --character-set-server=utf8mb4 --collation-server=utf8mb4_unicode_ci</label>
          <style>
            <fillColor r="255" g="255" b="255" a="100" />
            <lineColor r="92" g="92" b="92" a="100" />
            <font name="Sans" size="7">
              <color r="0" g="0" b="0" />
            </font>
          </style>
        </node>
        <node identifier="cac842ef" elementRef="a9d7fcc9" xsi:type="Element" x="571" y="248" w="120" h="55">
          <style>
            <fillColor r="181" g="255" b="255" a="100" />
            <lineColor r="92" g="92" b="92" a="100" />
            <font name="Lucida Grande" size="12">
              <color r="0" g="0" b="0" />
            </font>
          </style>
        </node>
        <node identifier="afe52202" elementRef="id-79265359" xsi:type="Element" x="83" y="264" w="84" h="25">
          <style>
            <fillColor r="181" g="255" b="255" a="100" />
            <lineColor r="92" g="92" b="92" a="100" />
            <font name="Lucida Grande" size="12">
              <color r="0" g="0" b="0" />
            </font>
          </style>
        </node>
        <node identifier="id-0f5926b0" elementRef="id-185dfdeb" xsi:type="Element" x="84" y="302" w="82" h="24">
          <style>
            <fillColor r="181" g="255" b="255" a="100" />
            <lineColor r="92" g="92" b="92" a="100" />
            <font name="Lucida Grande" size="12">
              <color r="0" g="0" b="0" />
            </font>
          </style>
        </node>
        <connection identifier="id-32ae3503" relationshipRef="id-2b8fd4f0" xsi:type="Relationship" source="id-4eef7318" target="f421784a">
          <style>
            <lineColor r="0" g="0" b="0" />
            <font name="Lucida Grande" size="12">
              <color r="0" g="0" b="0" />
            </font>
          </style>
          <bendpoint x="348" y="336" />
          <bendpoint x="300" y="384" />
        </connection>
        <connection identifier="id-31c05dc3" relationshipRef="f30be1b5" xsi:type="Relationship" source="id-4eef7318" target="c06d895e">
          <style>
            <lineColor r="0" g="0" b="0" />
            <font name="Lucida Grande" size="12">
              <color r="0" g="0" b="0" />
            </font>
          </style>
          <bendpoint x="396" y="332" />
          <bendpoint x="468" y="436" />
        </connection>
        <connection identifier="df345c7e" relationshipRef="eea31a82" xsi:type="Relationship" source="id-4eef7318" target="cac842ef">
          <style>
            <lineColor r="0" g="0" b="0" />
            <font name="Lucida Grande" size="12">
              <color r="0" g="0" b="0" />
            </font>
          </style>
        </connection>
        <connection identifier="id-3a53e639" relationshipRef="id-149a4f2c" xsi:type="Relationship" source="id-4eef7318" target="afe52202">
          <style>
            <lineColor r="0" g="0" b="0" />
            <font name="Lucida Grande" size="12">
              <color r="0" g="0" b="0" />
            </font>
          </style>
          <bendpoint x="224" y="280" />
        </connection>
        <connection identifier="fc66b40f" relationshipRef="id-30496928" xsi:type="Relationship" source="id-4eef7318" target="id-0f5926b0">
          <style>
            <lineColor r="0" g="0" b="0" />
            <font name="Lucida Grande" size="12">
              <color r="0" g="0" b="0" />
            </font>
          </style>
          <bendpoint x="261" y="300" />
          <bendpoint x="228" y="312" />
        </connection>
        <connection identifier="id-77f9cb45" relationshipRef="d1317078" xsi:type="Relationship" source="f7695412" target="cac842ef">
          <style>
            <lineColor r="0" g="0" b="0" />
            <font name="Lucida Grande" size="12">
              <color r="0" g="0" b="0" />
            </font>
          </style>
        </connection>
        <connection identifier="id-942e66b8" relationshipRef="c930a389" xsi:type="Relationship" source="d4f4ca50" target="f421784a">
          <style>
            <lineColor r="0" g="0" b="0" />
            <font name="Lucida Grande" size="12">
              <color r="0" g="0" b="0" />
            </font>
          </style>
        </connection>
        <connection identifier="id-4e0bd03f" relationshipRef="id-23efd14e" xsi:type="Relationship" source="id-86d8d613" target="id-4eef7318">
          <style>
            <lineColor r="0" g="0" b="0" />
            <font name="Lucida Grande" size="12">
              <color r="0" g="0" b="0" />
            </font>
          </style>
          <bendpoint x="192" y="200" />
        </connection>
        <connection identifier="id-27d13265" relationshipRef="a8325573" xsi:type="Relationship" source="id-284709d3" target="id-4eef7318">
          <style>
            <lineColor r="0" g="0" b="0" />
            <font name="Lucida Grande" size="12">
              <color r="0" g="0" b="0" />
            </font>
          </style>
          <bendpoint x="510" y="202" />
        </connection>
        <connection identifier="id-4babb369" relationshipRef="e7df0b5f" xsi:type="Relationship" source="id-346aed1c" target="id-4eef7318">
          <style>
            <lineColor r="0" g="0" b="0" />
            <font name="Lucida Grande" size="12">
              <color r="0" g="0" b="0" />
            </font>
          </style>
        </connection>
        <connection identifier="id-982a5033" relationshipRef="id-14c34ac8" xsi:type="Relationship" source="id-347c129e" target="id-4eef7318">
          <style>
            <lineColor r="0" g="0" b="0" />
            <font name="Lucida Grande" size="12">
              <color r="0" g="0" b="0" />
            </font>
          </style>
          <bendpoint x="264" y="265" />
        </connection>
        <connection identifier="id-8e95a4ec" relationshipRef="e0667660" xsi:type="Relationship" source="id-87f7ceca" target="c06d895e">
          <style>
            <lineColor r="0" g="0" b="0" />
            <font name="Lucida Grande" size="12">
              <color r="0" g="0" b="0" />
            </font>
          </style>
        </connection>
        <connection identifier="id-61b39c30" relationshipRef="b4c6cd0e" xsi:type="Relationship" source="cac842ef" target="c06d895e">
          <style>
            <lineColor r="0" g="0" b="0" />
            <font name="Lucida Grande" size="12">
              <color r="0" g="0" b="0" />
            </font>
          </style>
        </connection>
      </view>
    </diagrams>
  </views>
</model>
