<?xml version="1.0" encoding="UTF-8"?><model xmlns="http://www.opengroup.org/xsd/archimate/3.0/" xmlns:xsi="http://www.w3.org/2001/XMLSchema-instance" identifier="_JIuKcDklEeufTvxJgLajhw">  <name xml:lang="en">PAKS-II. Research and development</name>  <elements>    <element xsi:type="BusinessFunction" identifier="_IRbfUBtTEDmpCuKuMOPkqw">      <name xml:lang="en">УТ1. Разработка требований стейкхолдеров</name>      <documentation/>    </element>    <element xsi:type="BusinessRole" identifier="_K4K4EBtTEDmpCuKuMOPkqw">      <name xml:lang="en">Инженер по управлению требованиями</name>      <documentation/>    </element>    <element xsi:type="Product" identifier="_NG2WIBtTEDmpCuKuMOPkqw">      <name xml:lang="en">Требования стейкхолдеров</name>      <documentation/>    </element>    <element xsi:type="BusinessFunction" identifier="_P5AUsBtTEDmpCuKuMOPkqw">      <name xml:lang="en">ОА1. Определение функциональной архитектуры</name>      <documentation/>    </element>    <element xsi:type="BusinessRole" identifier="_Zh_BIBtTEDmpCuKuMOPkqw">      <name xml:lang="en">Архитектор</name>      <documentation/>    </element>    <element xsi:type="Product" identifier="_a8-YcBtTEDmpCuKuMOPkqw">      <name xml:lang="en">Функциональная диаграмма</name>      <documentation/>    </element>    <element xsi:type="BusinessFunction" identifier="_juvJABtTEDmpCuKuMOPkqw">      <name xml:lang="en">УТ2. Разработка функциональных требований</name>      <documentation/>    </element>    <element xsi:type="BusinessRole" identifier="_DisC0BtUEDmpCuKuMOPkqw">      <name xml:lang="en">Инженер по управлению требованиями</name>      <documentation/>    </element>    <element xsi:type="Product" identifier="_FsnjwBtUEDmpCuKuMOPkqw">      <name xml:lang="en">Функциональные требования</name>      <documentation/>    </element>    <element xsi:type="BusinessFunction" identifier="_JYwB0BtVEDmpCuKuMOPkqw">      <name xml:lang="en">ОА2. Модульный синтез</name>      <documentation/>    </element>    <element xsi:type="BusinessFunction" identifier="_LfFcMBtVEDmpCuKuMOPkqw">      <name xml:lang="en">УТ3. Разработка технических требований</name>      <documentation/>    </element>    <element xsi:type="Product" identifier="_Wpk-sBtVEDmpCuKuMOPkqw">      <name xml:lang="en">Структурная диаграмма</name>      <documentation/>    </element>    <element xsi:type="Product" identifier="_08wCQBtVEDmpCuKuMOPkqw">      <name xml:lang="en">Технические требования</name>      <documentation/>    </element>  </elements>  <relationships>    <relationship xsi:type="Association" identifier="_Mi5UgBtTEDmpCuKuMOPkqw" source="_K4K4EBtTEDmpCuKuMOPkqw" target="_IRbfUBtTEDmpCuKuMOPkqw">      <name xml:lang="en"/>      <documentation/>    </relationship>    <relationship xsi:type="Association" identifier="_PPtgEBtTEDmpCuKuMOPkqw" source="_IRbfUBtTEDmpCuKuMOPkqw" target="_NG2WIBtTEDmpCuKuMOPkqw">      <name xml:lang="en"/>      <documentation/>    </relationship>    <relationship xsi:type="Association" identifier="_aoSh4BtTEDmpCuKuMOPkqw" source="_Zh_BIBtTEDmpCuKuMOPkqw" target="_P5AUsBtTEDmpCuKuMOPkqw">      <name xml:lang="en"/>      <documentation/>    </relationship>    <relationship xsi:type="Association" identifier="_dpNVMBtTEDmpCuKuMOPkqw" source="_P5AUsBtTEDmpCuKuMOPkqw" target="_a8-YcBtTEDmpCuKuMOPkqw">      <name xml:lang="en"/>      <documentation/>    </relationship>    <relationship xsi:type="Association" identifier="_eQrvcBtUEDmpCuKuMOPkqw" source="_juvJABtTEDmpCuKuMOPkqw" target="_DisC0BtUEDmpCuKuMOPkqw">      <name xml:lang="en"/>      <documentation/>    </relationship>    <relationship xsi:type="Association" identifier="_ewB94BtUEDmpCuKuMOPkqw" source="_juvJABtTEDmpCuKuMOPkqw" target="_FsnjwBtUEDmpCuKuMOPkqw">      <name xml:lang="en"/>      <documentation/>    </relationship>    <relationship xsi:type="Flow" identifier="_-uO_4BtUEDmpCuKuMOPkqw" source="_NG2WIBtTEDmpCuKuMOPkqw" target="_P5AUsBtTEDmpCuKuMOPkqw">      <name xml:lang="en"/>      <documentation/>    </relationship>    <relationship xsi:type="Flow" identifier="_A38eYBtVEDmpCuKuMOPkqw" source="_NG2WIBtTEDmpCuKuMOPkqw" target="_juvJABtTEDmpCuKuMOPkqw">      <name xml:lang="en"/>      <documentation/>    </relationship>    <relationship xsi:type="Flow" identifier="_CVjr4BtVEDmpCuKuMOPkqw" source="_a8-YcBtTEDmpCuKuMOPkqw" target="_juvJABtTEDmpCuKuMOPkqw">      <name xml:lang="en"/>      <documentation/>    </relationship>    <relationship xsi:type="Flow" identifier="_Pxsg4BtVEDmpCuKuMOPkqw" source="_a8-YcBtTEDmpCuKuMOPkqw" target="_JYwB0BtVEDmpCuKuMOPkqw">      <name xml:lang="en"/>      <documentation/>    </relationship>    <relationship xsi:type="Flow" identifier="_Rk1ScBtVEDmpCuKuMOPkqw" source="_NG2WIBtTEDmpCuKuMOPkqw" target="_LfFcMBtVEDmpCuKuMOPkqw">      <name xml:lang="en"/>      <documentation/>    </relationship>    <relationship xsi:type="Association" identifier="_fBazYBtVEDmpCuKuMOPkqw" source="_Zh_BIBtTEDmpCuKuMOPkqw" target="_JYwB0BtVEDmpCuKuMOPkqw">      <name xml:lang="en"/>      <documentation/>    </relationship>    <relationship xsi:type="Association" identifier="_f_HKsBtVEDmpCuKuMOPkqw" source="_JYwB0BtVEDmpCuKuMOPkqw" target="_Wpk-sBtVEDmpCuKuMOPkqw">      <name xml:lang="en"/>      <documentation/>    </relationship>    <relationship xsi:type="Flow" identifier="_grIjMBtVEDmpCuKuMOPkqw" source="_Wpk-sBtVEDmpCuKuMOPkqw" target="_LfFcMBtVEDmpCuKuMOPkqw">      <name xml:lang="en"/>      <documentation/>    </relationship>    <relationship xsi:type="Association" identifier="_4WygMBtVEDmpCuKuMOPkqw" source="_DisC0BtUEDmpCuKuMOPkqw" target="_LfFcMBtVEDmpCuKuMOPkqw">      <name xml:lang="en"/>      <documentation/>    </relationship>    <relationship xsi:type="Association" identifier="_6V208BtVEDmpCuKuMOPkqw" source="_08wCQBtVEDmpCuKuMOPkqw" target="_LfFcMBtVEDmpCuKuMOPkqw">      <name xml:lang="en"/>      <documentation/>    </relationship>    <relationship xsi:type="Flow" identifier="_7nqbEBtVEDmpCuKuMOPkqw" source="_FsnjwBtUEDmpCuKuMOPkqw" target="_LfFcMBtVEDmpCuKuMOPkqw">      <name xml:lang="en"/>      <documentation/>    </relationship>  </relationships>  <views>    <diagrams>      <view identifier="_JIuxgjklEeufTvxJgLajhw">        <name xml:lang="en">archimate-diagram</name>        <node xsi:type="Element" identifier="_ISIp8BtTEDmpCuKuMOPkqw" h="60" w="130" x="380" y="135" elementRef="_IRbfUBtTEDmpCuKuMOPkqw"/>        <node xsi:type="Element" identifier="_K4Q-sBtTEDmpCuKuMOPkqw" h="60" w="130" x="380" y="32" elementRef="_K4K4EBtTEDmpCuKuMOPkqw"/>        <node xsi:type="Element" identifier="_NG9q4BtTEDmpCuKuMOPkqw" h="60" w="130" x="609" y="135" elementRef="_NG2WIBtTEDmpCuKuMOPkqw"/>        <node xsi:type="Element" identifier="_P5Mh8BtTEDmpCuKuMOPkqw" h="60" w="130" x="69" y="383" elementRef="_P5AUsBtTEDmpCuKuMOPkqw"/>        <node xsi:type="Element" identifier="_ZiUYUBtTEDmpCuKuMOPkqw" h="60" w="130" x="70" y="644" elementRef="_Zh_BIBtTEDmpCuKuMOPkqw"/>        <node xsi:type="Element" identifier="_a9GUQBtTEDmpCuKuMOPkqw" h="60" w="130" x="240" y="383" elementRef="_a8-YcBtTEDmpCuKuMOPkqw"/>        <node xsi:type="Element" identifier="_ju5hEBtTEDmpCuKuMOPkqw" h="60" w="130" x="417" y="383" elementRef="_juvJABtTEDmpCuKuMOPkqw"/>        <node xsi:type="Label" identifier="_l--tUBtTEDmpCuKuMOPkqw" h="100" w="140" x="60" y="30">          <label xml:lang="en">Продукция: система, оборудование или программное обеспечение</label>        </node>        <node xsi:type="Element" identifier="_Diz-oBtUEDmpCuKuMOPkqw" h="60" w="130" x="574" y="317" elementRef="_DisC0BtUEDmpCuKuMOPkqw"/>        <node xsi:type="Element" identifier="_FsuRcBtUEDmpCuKuMOPkqw" h="60" w="130" x="574" y="470" elementRef="_FsnjwBtUEDmpCuKuMOPkqw"/>        <node xsi:type="Element" identifier="_JY-rUBtVEDmpCuKuMOPkqw" h="60" w="130" x="241" y="644" elementRef="_JYwB0BtVEDmpCuKuMOPkqw"/>        <node xsi:type="Element" identifier="_LfLi0BtVEDmpCuKuMOPkqw" h="60" w="130" x="807" y="644" elementRef="_LfFcMBtVEDmpCuKuMOPkqw"/>        <node xsi:type="Element" identifier="_Wps6gBtVEDmpCuKuMOPkqw" h="60" w="130" x="398" y="644" elementRef="_Wpk-sBtVEDmpCuKuMOPkqw"/>        <node xsi:type="Element" identifier="_083XABtVEDmpCuKuMOPkqw" h="60" w="130" x="574" y="577" elementRef="_08wCQBtVEDmpCuKuMOPkqw"/>        <connection xsi:type="Relationship" identifier="_MjBQUBtTEDmpCuKuMOPkqw" source="_K4Q-sBtTEDmpCuKuMOPkqw" target="_ISIp8BtTEDmpCuKuMOPkqw" relationshipRef="_Mi5UgBtTEDmpCuKuMOPkqw"/>        <connection xsi:type="Relationship" identifier="_PP000BtTEDmpCuKuMOPkqw" source="_ISIp8BtTEDmpCuKuMOPkqw" target="_NG9q4BtTEDmpCuKuMOPkqw" relationshipRef="_PPtgEBtTEDmpCuKuMOPkqw"/>        <connection xsi:type="Relationship" identifier="_aoeIEBtTEDmpCuKuMOPkqw" source="_ZiUYUBtTEDmpCuKuMOPkqw" target="_P5Mh8BtTEDmpCuKuMOPkqw" relationshipRef="_aoSh4BtTEDmpCuKuMOPkqw"/>        <connection xsi:type="Relationship" identifier="_dpVRABtTEDmpCuKuMOPkqw" source="_P5Mh8BtTEDmpCuKuMOPkqw" target="_a9GUQBtTEDmpCuKuMOPkqw" relationshipRef="_dpNVMBtTEDmpCuKuMOPkqw"/>        <connection xsi:type="Relationship" identifier="_eQxPABtUEDmpCuKuMOPkqw" source="_ju5hEBtTEDmpCuKuMOPkqw" target="_Diz-oBtUEDmpCuKuMOPkqw" relationshipRef="_eQrvcBtUEDmpCuKuMOPkqw"/>        <connection xsi:type="Relationship" identifier="_ewG2YBtUEDmpCuKuMOPkqw" source="_ju5hEBtTEDmpCuKuMOPkqw" target="_FsuRcBtUEDmpCuKuMOPkqw" relationshipRef="_ewB94BtUEDmpCuKuMOPkqw"/>        <connection xsi:type="Relationship" identifier="_-uVGgBtUEDmpCuKuMOPkqw" source="_NG9q4BtTEDmpCuKuMOPkqw" target="_P5Mh8BtTEDmpCuKuMOPkqw" relationshipRef="_-uO_4BtUEDmpCuKuMOPkqw"/>        <connection xsi:type="Relationship" identifier="_A4ClABtVEDmpCuKuMOPkqw" source="_NG9q4BtTEDmpCuKuMOPkqw" target="_ju5hEBtTEDmpCuKuMOPkqw" relationshipRef="_A38eYBtVEDmpCuKuMOPkqw"/>        <connection xsi:type="Relationship" identifier="_CVpygBtVEDmpCuKuMOPkqw" source="_a9GUQBtTEDmpCuKuMOPkqw" target="_ju5hEBtTEDmpCuKuMOPkqw" relationshipRef="_CVjr4BtVEDmpCuKuMOPkqw"/>        <connection xsi:type="Relationship" identifier="_PxwyUBtVEDmpCuKuMOPkqw" source="_a9GUQBtTEDmpCuKuMOPkqw" target="_JY-rUBtVEDmpCuKuMOPkqw" relationshipRef="_Pxsg4BtVEDmpCuKuMOPkqw"/>        <connection xsi:type="Relationship" identifier="_Rk6yABtVEDmpCuKuMOPkqw" source="_NG9q4BtTEDmpCuKuMOPkqw" target="_LfLi0BtVEDmpCuKuMOPkqw" relationshipRef="_Rk1ScBtVEDmpCuKuMOPkqw"/>        <connection xsi:type="Relationship" identifier="_fBgS8BtVEDmpCuKuMOPkqw" source="_ZiUYUBtTEDmpCuKuMOPkqw" target="_JY-rUBtVEDmpCuKuMOPkqw" relationshipRef="_fBazYBtVEDmpCuKuMOPkqw"/>        <connection xsi:type="Relationship" identifier="_f_LcIBtVEDmpCuKuMOPkqw" source="_JY-rUBtVEDmpCuKuMOPkqw" target="_Wps6gBtVEDmpCuKuMOPkqw" relationshipRef="_f_HKsBtVEDmpCuKuMOPkqw"/>        <connection xsi:type="Relationship" identifier="_grPQ4BtVEDmpCuKuMOPkqw" source="_Wps6gBtVEDmpCuKuMOPkqw" target="_LfLi0BtVEDmpCuKuMOPkqw" relationshipRef="_grIjMBtVEDmpCuKuMOPkqw"/>        <connection xsi:type="Relationship" identifier="_4W3YsBtVEDmpCuKuMOPkqw" source="_Diz-oBtUEDmpCuKuMOPkqw" target="_LfLi0BtVEDmpCuKuMOPkqw" relationshipRef="_4WygMBtVEDmpCuKuMOPkqw"/>        <connection xsi:type="Relationship" identifier="_6V7tcBtVEDmpCuKuMOPkqw" source="_083XABtVEDmpCuKuMOPkqw" target="_LfLi0BtVEDmpCuKuMOPkqw" relationshipRef="_6V208BtVEDmpCuKuMOPkqw"/>        <connection xsi:type="Relationship" identifier="_7nwhsBtVEDmpCuKuMOPkqw" source="_FsuRcBtUEDmpCuKuMOPkqw" target="_LfLi0BtVEDmpCuKuMOPkqw" relationshipRef="_7nqbEBtVEDmpCuKuMOPkqw"/>      </view>    </diagrams>  </views></model>
