<?xml version="1.0" encoding="UTF-8"?>
<model xmlns="http://www.opengroup.org/xsd/archimate/3.0/" xmlns:xsi="http://www.w3.org/2001/XMLSchema-instance" xsi:schemaLocation="http://www.opengroup.org/xsd/archimate/3.0/ http://www.opengroup.org/xsd/archimate/3.1/archimate3_Diagram.xsd" identifier="id-6f2432c1">
  <name>Practice</name>
  <elements>
    <element identifier="id-3905eed4" xsi:type="ApplicationComponent">
      <name>Загруженный модуль ToDo Model</name>
    </element>
    <element identifier="f1f3e01e" xsi:type="ApplicationComponent">
      <name>Объект Tag</name>
    </element>
    <element identifier="id-052b306b" xsi:type="ApplicationComponent">
      <name>Объект ToDo</name>
    </element>
    <element identifier="id-41664be4" xsi:type="ApplicationComponent">
      <name>Загруженный модуль ToDo Services</name>
    </element>
    <element identifier="b64f702f" xsi:type="ApplicationComponent">
      <name>Загруженный модуль  TodoServiceFactory</name>
    </element>
    <element identifier="c1c47a8a" xsi:type="ApplicationComponent">
      <name>Объект myTodoServiceImpl</name>
    </element>
    <element identifier="c4ffff56" xsi:type="ApplicationComponent">
      <name>Загруженный модуль First Bundle</name>
    </element>
    <element identifier="e7a9f7f0" xsi:type="ApplicationComponent">
      <name>Объект My Thread</name>
    </element>
    <element identifier="id-88e2dcf1" xsi:type="ApplicationComponent">
      <name>ToDo (copy)</name>
    </element>
    <element identifier="a6f8269f" xsi:type="ApplicationInterface">
      <name>IToDoService</name>
    </element>
    <element identifier="id-40f814ff" xsi:type="ApplicationComponent">
      <name>equinox</name>
    </element>
    <element identifier="de81d1c9" xsi:type="ApplicationComponent">
      <name>Модульная система</name>
    </element>
    <element identifier="b4bff7b5" xsi:type="ApplicationComponent">
      <name>Запущенный экземпляр модульной системы</name>
    </element>
    <element identifier="id-6f115770" xsi:type="ApplicationComponent">
      <name>Модульная система</name>
    </element>
    <element identifier="f48736ec" xsi:type="ApplicationComponent">
      <name>Модуль ToDo Model</name>
    </element>
    <element identifier="id-73a543c2" xsi:type="ApplicationComponent">
      <name>Класс Tag</name>
    </element>
    <element identifier="id-23f2b87d" xsi:type="ApplicationComponent">
      <name>Класс ToDo</name>
    </element>
    <element identifier="id-0ada21f3" xsi:type="ApplicationComponent">
      <name>Модуль  First Bundle</name>
    </element>
    <element identifier="id-88a66f4c" xsi:type="ApplicationComponent">
      <name>Класс My Thread</name>
    </element>
    <element identifier="id-5fe1e981" xsi:type="ApplicationComponent">
      <name>Модуль  ToDo Services</name>
    </element>
    <element identifier="id-472ddd8a" xsi:type="ApplicationComponent">
      <name>Класс TodoServiceFactory</name>
    </element>
    <element identifier="id-0cf5b636" xsi:type="ApplicationComponent">
      <name>Класс myTodoServiceImpl</name>
    </element>
    <element identifier="id-29b452e4" xsi:type="ApplicationInterface">
      <name>Интерфейс IToDoService</name>
    </element>
    <element identifier="id-5d70b441" xsi:type="Device">
      <name>Рабочий компьютер</name>
    </element>
    <element identifier="id-8966ce5b" xsi:type="SystemSoftware">
      <name>JAVA VM</name>
    </element>
    <element identifier="f9ae1c73" xsi:type="TechnologyService">
      <name>Загрузка библиотек jar</name>
    </element>
    <element identifier="id-379f28ba" xsi:type="Artifact">
      <name>набор JAR equinox</name>
    </element>
    <element identifier="e97a6ca7" xsi:type="SystemSoftware">
      <name>equinox</name>
    </element>
    <element identifier="id-3315658d" xsi:type="SystemSoftware">
      <name>Модульная система</name>
    </element>
    <element identifier="a19fcbc1" xsi:type="Artifact">
      <name>набор JAR Модульной системы</name>
    </element>
    <element identifier="d85d5eb3" xsi:type="SystemSoftware">
      <name>Операционная система</name>
    </element>
    <element identifier="acf5a824" xsi:type="Artifact">
      <name>Файлы конфигурации модульной системы</name>
    </element>
    <element identifier="id-73cb08f1" xsi:type="Artifact">
      <name>Набор аргументов командной строки модульной системы</name>
    </element>
  </elements>
  <relationships>
    <relationship identifier="id-84db4798" source="c1c47a8a" target="f1f3e01e" xsi:type="Composition" />
    <relationship identifier="a5df622a" source="c1c47a8a" target="id-052b306b" xsi:type="Composition" />
    <relationship identifier="da67040e" source="id-3905eed4" target="a6f8269f" xsi:type="Composition" />
    <relationship identifier="id-31b4baca" source="a6f8269f" target="c1c47a8a" xsi:type="Serving" />
    <relationship identifier="id-4008e24a" source="id-5d70b441" target="id-8966ce5b" xsi:type="Composition" />
    <relationship identifier="b8de37e8" source="id-5d70b441" target="f9ae1c73" xsi:type="Assignment" />
    <relationship identifier="d3116b15" source="id-8966ce5b" target="f9ae1c73" xsi:type="Realization" />
    <relationship identifier="c1c35bd8" source="id-5d70b441" target="id-379f28ba" xsi:type="Assignment" />
    <relationship identifier="id-1858857a" source="id-379f28ba" target="id-40f814ff" xsi:type="Realization" />
    <relationship identifier="id-33e7a638" source="id-8966ce5b" target="e97a6ca7" xsi:type="Composition" />
    <relationship identifier="e0db8daa" source="id-8966ce5b" target="id-3315658d" xsi:type="Composition" />
    <relationship identifier="b5ac31e8" source="id-5d70b441" target="a19fcbc1" xsi:type="Assignment" />
    <relationship identifier="id-14fe36f5" source="a19fcbc1" target="de81d1c9" xsi:type="Realization" />
    <relationship identifier="c1a9e0d1" source="id-379f28ba" target="e97a6ca7" xsi:type="Realization" />
    <relationship identifier="c6a0c45e" source="a19fcbc1" target="id-3315658d" xsi:type="Realization" />
    <relationship identifier="a7046c6a" source="id-5d70b441" target="d85d5eb3" xsi:type="Composition" />
    <relationship identifier="id-34bcde7b" source="d85d5eb3" target="id-8966ce5b" xsi:type="Composition" />
    <relationship identifier="id-925c3234" source="d85d5eb3" target="a19fcbc1" xsi:type="Assignment" />
    <relationship identifier="id-1fd34203" source="d85d5eb3" target="id-379f28ba" xsi:type="Assignment" />
    <relationship identifier="id-80a70e4e" source="d85d5eb3" target="f9ae1c73" xsi:type="Assignment" />
    <relationship identifier="f8374d4d" source="b4bff7b5" target="id-3905eed4" xsi:type="Composition" />
    <relationship identifier="d50a4123" source="b4bff7b5" target="c4ffff56" xsi:type="Composition" />
    <relationship identifier="id-86cad02d" source="b4bff7b5" target="id-41664be4" xsi:type="Composition" />
    <relationship identifier="id-273ad2cf" source="id-6f115770" target="id-29b452e4" xsi:type="Composition" />
    <relationship identifier="ac670850" source="f48736ec" target="id-29b452e4" xsi:type="Composition" />
    <relationship identifier="c985139b" source="id-0cf5b636" target="id-29b452e4" xsi:type="Serving" />
    <relationship identifier="id-514b9248" source="id-29b452e4" target="id-0cf5b636" xsi:type="Serving" />
    <relationship identifier="e74a1781" source="b64f702f" target="c1c47a8a" xsi:type="Composition" />
    <relationship identifier="id-41752aac" source="c4ffff56" target="id-41664be4" xsi:type="Composition" />
    <relationship identifier="aa76bbb5" source="b4bff7b5" target="b64f702f" xsi:type="Composition" />
    <relationship identifier="id-64163579" source="b4bff7b5" target="id-052b306b" xsi:type="Composition" />
    <relationship identifier="id-4c07f6c0" source="b4bff7b5" target="f1f3e01e" xsi:type="Composition" />
    <relationship identifier="id-5ce6c680" source="f48736ec" target="id-73a543c2" xsi:type="Composition" />
    <relationship identifier="id-71fdb091" source="id-0ada21f3" target="id-29b452e4" xsi:type="Serving" />
    <relationship identifier="id-0fc8798a" source="id-29b452e4" target="id-88a66f4c" xsi:type="Serving" />
    <relationship identifier="id-66694e6b" source="id-472ddd8a" target="id-88a66f4c" xsi:type="Association" />
    <relationship identifier="id-57f4fd2d" source="id-472ddd8a" target="id-88a66f4c" xsi:type="Serving" />
    <relationship identifier="id-609417dd" source="e97a6ca7" target="id-3315658d" xsi:type="Composition" />
    <relationship identifier="c850712c" source="d85d5eb3" target="acf5a824" xsi:type="Assignment" />
    <relationship identifier="id-23bf1c37" source="d85d5eb3" target="id-73cb08f1" xsi:type="Assignment" />
    <relationship identifier="id-7549f84c" source="acf5a824" target="id-3315658d" xsi:type="Realization" />
    <relationship identifier="id-318ad7b2" source="id-73cb08f1" target="id-3315658d" xsi:type="Realization" />
    <relationship identifier="b4973460" source="acf5a824" target="de81d1c9" xsi:type="Realization" />
    <relationship identifier="fa1056de" source="id-73cb08f1" target="de81d1c9" xsi:type="Realization" />
  </relationships>
  <views>
    <diagrams>
      <view identifier="id-50995a6b" xsi:type="Diagram">
        <name>Default View</name>
      </view>
      <view identifier="b6235e0e" xsi:type="Diagram">
        <name>Компонентная диаграмма</name>
        <node identifier="id-7797ac1e" elementRef="b4bff7b5" xsi:type="Element" x="72" y="36" w="829" h="421">
          <style>
            <fillColor r="181" g="255" b="255" a="100" />
            <lineColor r="92" g="92" b="92" a="100" />
            <font name="Lucida Grande" size="12">
              <color r="0" g="0" b="0" />
            </font>
          </style>
          <node identifier="id-105451d4" elementRef="id-3905eed4" xsi:type="Element" x="132" y="84" w="337" h="97">
            <style>
              <fillColor r="181" g="255" b="255" a="100" />
              <lineColor r="92" g="92" b="92" a="100" />
              <font name="Lucida Grande" size="12">
                <color r="0" g="0" b="0" />
              </font>
            </style>
          </node>
          <node identifier="id-149259c2" elementRef="c4ffff56" xsi:type="Element" x="132" y="204" w="337" h="193">
            <style>
              <fillColor r="181" g="255" b="255" a="100" />
              <lineColor r="92" g="92" b="92" a="100" />
              <font name="Lucida Grande" size="12">
                <color r="0" g="0" b="0" />
              </font>
            </style>
            <node identifier="b2c1f63a" elementRef="e7a9f7f0" xsi:type="Element" x="204" y="276" w="193" h="85">
              <style>
                <fillColor r="181" g="255" b="255" a="100" />
                <lineColor r="92" g="92" b="92" a="100" />
                <font name="Lucida Grande" size="12">
                  <color r="0" g="0" b="0" />
                </font>
              </style>
            </node>
          </node>
          <node identifier="b1a182a6" elementRef="id-41664be4" xsi:type="Element" x="516" y="84" w="337" h="97">
            <style>
              <fillColor r="181" g="255" b="255" a="100" />
              <lineColor r="92" g="92" b="92" a="100" />
              <font name="Lucida Grande" size="12">
                <color r="0" g="0" b="0" />
              </font>
            </style>
          </node>
          <node identifier="d1db3e7c" elementRef="b64f702f" xsi:type="Element" x="516" y="204" w="337" h="193">
            <style>
              <fillColor r="181" g="255" b="255" a="100" />
              <lineColor r="92" g="92" b="92" a="100" />
              <font name="Lucida Grande" size="12">
                <color r="0" g="0" b="0" />
              </font>
            </style>
            <node identifier="fadd23ee" elementRef="c1c47a8a" xsi:type="Element" x="540" y="264" w="277" h="121">
              <style>
                <fillColor r="181" g="255" b="255" a="100" />
                <lineColor r="92" g="92" b="92" a="100" />
                <font name="Lucida Grande" size="12">
                  <color r="0" g="0" b="0" />
                </font>
              </style>
              <node identifier="id-936ef675" elementRef="f1f3e01e" xsi:type="Element" x="564" y="312" w="109" h="61">
                <style>
                  <fillColor r="181" g="255" b="255" a="100" />
                  <lineColor r="92" g="92" b="92" a="100" />
                  <font name="Lucida Grande" size="12">
                    <color r="0" g="0" b="0" />
                  </font>
                </style>
              </node>
              <node identifier="id-506d5d43" elementRef="id-052b306b" xsi:type="Element" x="696" y="312" w="109" h="61">
                <style>
                  <fillColor r="181" g="255" b="255" a="100" />
                  <lineColor r="92" g="92" b="92" a="100" />
                  <font name="Lucida Grande" size="12">
                    <color r="0" g="0" b="0" />
                  </font>
                </style>
              </node>
            </node>
          </node>
        </node>
      </view>
      <view identifier="id-41c6fa34" xsi:type="Diagram">
        <name>Модульная диграмма</name>
        <node identifier="caae3b35" elementRef="id-6f115770" xsi:type="Element" x="24" y="24" w="865" h="421">
          <style>
            <fillColor r="181" g="255" b="255" a="100" />
            <lineColor r="92" g="92" b="92" a="100" />
            <font name="Lucida Grande" size="12">
              <color r="0" g="0" b="0" />
            </font>
          </style>
          <node identifier="id-745b7dda" elementRef="f48736ec" xsi:type="Element" x="48" y="72" w="421" h="181">
            <style>
              <fillColor r="181" g="255" b="255" a="100" />
              <lineColor r="92" g="92" b="92" a="100" />
              <font name="Lucida Grande" size="12">
                <color r="0" g="0" b="0" />
              </font>
            </style>
            <node identifier="id-7cf2ce2a" elementRef="id-23f2b87d" xsi:type="Element" x="84" y="108" w="193" h="61">
              <style>
                <fillColor r="181" g="255" b="255" a="100" />
                <lineColor r="92" g="92" b="92" a="100" />
                <font name="Lucida Grande" size="12">
                  <color r="0" g="0" b="0" />
                </font>
              </style>
            </node>
            <node identifier="id-46c53b7a" elementRef="id-73a543c2" xsi:type="Element" x="84" y="180" w="193" h="61">
              <style>
                <fillColor r="181" g="255" b="255" a="100" />
                <lineColor r="92" g="92" b="92" a="100" />
                <font name="Lucida Grande" size="12">
                  <color r="0" g="0" b="0" />
                </font>
              </style>
            </node>
            <node identifier="e4e5e0e2" elementRef="id-29b452e4" xsi:type="Element" x="336" y="192" w="121" h="49">
              <style>
                <fillColor r="181" g="255" b="255" a="100" />
                <lineColor r="92" g="92" b="92" a="100" />
                <font name="Lucida Grande" size="12">
                  <color r="0" g="0" b="0" />
                </font>
              </style>
            </node>
          </node>
          <node identifier="id-9b38402f" elementRef="id-0ada21f3" xsi:type="Element" x="48" y="276" w="421" h="145">
            <style>
              <fillColor r="181" g="255" b="255" a="100" />
              <lineColor r="92" g="92" b="92" a="100" />
              <font name="Lucida Grande" size="12">
                <color r="0" g="0" b="0" />
              </font>
            </style>
            <node identifier="id-8c8d3e33" elementRef="id-88a66f4c" xsi:type="Element" x="120" y="324" w="241" h="61">
              <style>
                <fillColor r="181" g="255" b="255" a="100" />
                <lineColor r="92" g="92" b="92" a="100" />
                <font name="Lucida Grande" size="12">
                  <color r="0" g="0" b="0" />
                </font>
              </style>
            </node>
          </node>
          <node identifier="id-299a4f3e" elementRef="id-5fe1e981" xsi:type="Element" x="552" y="72" w="301" h="349">
            <style>
              <fillColor r="181" g="255" b="255" a="100" />
              <lineColor r="92" g="92" b="92" a="100" />
              <font name="Lucida Grande" size="12">
                <color r="0" g="0" b="0" />
              </font>
            </style>
            <node identifier="c8921e1c" elementRef="id-472ddd8a" xsi:type="Element" x="594" y="324" w="241" h="61">
              <style>
                <fillColor r="181" g="255" b="255" a="100" />
                <lineColor r="92" g="92" b="92" a="100" />
                <font name="Lucida Grande" size="12">
                  <color r="0" g="0" b="0" />
                </font>
              </style>
            </node>
            <node identifier="id-91c2851c" elementRef="id-0cf5b636" xsi:type="Element" x="588" y="132" w="253" h="61">
              <style>
                <fillColor r="181" g="255" b="255" a="100" />
                <lineColor r="92" g="92" b="92" a="100" />
                <font name="Lucida Grande" size="12">
                  <color r="0" g="0" b="0" />
                </font>
              </style>
            </node>
          </node>
        </node>
        <connection identifier="f97502d6" relationshipRef="id-514b9248" xsi:type="Relationship" source="e4e5e0e2" target="id-91c2851c">
          <style>
            <lineColor r="0" g="0" b="0" />
            <font name="Lucida Grande" size="12">
              <color r="0" g="0" b="0" />
            </font>
          </style>
        </connection>
        <connection identifier="fd4d9b9e" relationshipRef="id-0fc8798a" xsi:type="Relationship" source="e4e5e0e2" target="id-8c8d3e33">
          <style>
            <lineColor r="0" g="0" b="0" />
            <font name="Lucida Grande" size="12">
              <color r="0" g="0" b="0" />
            </font>
          </style>
        </connection>
        <connection identifier="id-20e3f59e" relationshipRef="id-57f4fd2d" xsi:type="Relationship" source="c8921e1c" target="id-8c8d3e33">
          <style>
            <lineColor r="0" g="0" b="0" />
            <font name="Lucida Grande" size="12">
              <color r="0" g="0" b="0" />
            </font>
          </style>
        </connection>
      </view>
      <view identifier="id-68569aa8" xsi:type="Diagram">
        <name>Развертывание</name>
        <node identifier="bf14919f" elementRef="id-5d70b441" xsi:type="Element" x="72" y="72" w="769" h="445">
          <style>
            <fillColor r="201" g="231" b="183" a="100" />
            <lineColor r="92" g="92" b="92" a="100" />
            <font name="Lucida Grande" size="12">
              <color r="0" g="0" b="0" />
            </font>
          </style>
          <node identifier="id-8dd4e52f" elementRef="d85d5eb3" xsi:type="Element" x="84" y="96" w="733" h="325">
            <style>
              <fillColor r="201" g="231" b="183" a="100" />
              <lineColor r="92" g="92" b="92" a="100" />
              <font name="Lucida Grande" size="12">
                <color r="0" g="0" b="0" />
              </font>
            </style>
            <node identifier="ca6f404e" elementRef="id-8966ce5b" xsi:type="Element" x="96" y="132" w="421" h="265">
              <style>
                <fillColor r="201" g="231" b="183" a="100" />
                <lineColor r="92" g="92" b="92" a="100" />
                <font name="Lucida Grande" size="12">
                  <color r="0" g="0" b="0" />
                </font>
              </style>
              <node identifier="id-749465e3" elementRef="e97a6ca7" xsi:type="Element" x="120" y="168" w="373" h="217">
                <style>
                  <fillColor r="201" g="231" b="183" a="100" />
                  <lineColor r="92" g="92" b="92" a="100" />
                  <font name="Lucida Grande" size="12">
                    <color r="0" g="0" b="0" />
                  </font>
                </style>
                <node identifier="a0f496ad" elementRef="id-3315658d" xsi:type="Element" x="144" y="192" w="325" h="181">
                  <style>
                    <fillColor r="201" g="231" b="183" a="100" />
                    <lineColor r="92" g="92" b="92" a="100" />
                    <font name="Lucida Grande" size="12">
                      <color r="0" g="0" b="0" />
                    </font>
                  </style>
                </node>
              </node>
            </node>
            <node identifier="id-66187883" elementRef="a19fcbc1" xsi:type="Element" x="600" y="240" w="181" h="37">
              <style>
                <fillColor r="201" g="231" b="183" a="100" />
                <lineColor r="92" g="92" b="92" a="100" />
                <font name="Lucida Grande" size="12">
                  <color r="0" g="0" b="0" />
                </font>
              </style>
            </node>
            <node identifier="id-02493bbb" elementRef="id-379f28ba" xsi:type="Element" x="600" y="168" w="181" h="61">
              <style>
                <fillColor r="201" g="231" b="183" a="100" />
                <lineColor r="92" g="92" b="92" a="100" />
                <font name="Lucida Grande" size="12">
                  <color r="0" g="0" b="0" />
                </font>
              </style>
            </node>
            <node identifier="id-5f27c6bb" elementRef="f9ae1c73" xsi:type="Element" x="600" y="120" w="181" h="37">
              <style>
                <fillColor r="201" g="231" b="183" a="100" />
                <lineColor r="92" g="92" b="92" a="100" />
                <font name="Lucida Grande" size="12">
                  <color r="0" g="0" b="0" />
                </font>
              </style>
            </node>
            <node identifier="efef1c35" elementRef="acf5a824" xsi:type="Element" x="600" y="288" w="181" h="49">
              <style>
                <fillColor r="201" g="231" b="183" a="100" />
                <lineColor r="92" g="92" b="92" a="100" />
                <font name="Lucida Grande" size="12">
                  <color r="0" g="0" b="0" />
                </font>
              </style>
            </node>
            <node identifier="ed97346d" elementRef="id-73cb08f1" xsi:type="Element" x="600" y="348" w="181" h="61">
              <style>
                <fillColor r="201" g="231" b="183" a="100" />
                <lineColor r="92" g="92" b="92" a="100" />
                <font name="Lucida Grande" size="12">
                  <color r="0" g="0" b="0" />
                </font>
              </style>
            </node>
          </node>
        </node>
        <node identifier="f0699755" elementRef="id-40f814ff" xsi:type="Element" x="888" y="144" w="133" h="73">
          <style>
            <fillColor r="181" g="255" b="255" a="100" />
            <lineColor r="92" g="92" b="92" a="100" />
            <font name="Lucida Grande" size="12">
              <color r="0" g="0" b="0" />
            </font>
          </style>
        </node>
        <node identifier="f765b0f6" elementRef="de81d1c9" xsi:type="Element" x="888" y="276" w="133" h="73">
          <style>
            <fillColor r="181" g="255" b="255" a="100" />
            <lineColor r="92" g="92" b="92" a="100" />
            <font name="Lucida Grande" size="12">
              <color r="0" g="0" b="0" />
            </font>
          </style>
        </node>
        <connection identifier="id-129c2ec0" relationshipRef="d3116b15" xsi:type="Relationship" source="ca6f404e" target="id-5f27c6bb">
          <style>
            <lineColor r="0" g="0" b="0" />
            <font name="Lucida Grande" size="12">
              <color r="0" g="0" b="0" />
            </font>
          </style>
        </connection>
        <connection identifier="d1da0674" relationshipRef="id-14fe36f5" xsi:type="Relationship" source="id-66187883" target="f765b0f6">
          <style>
            <lineColor r="0" g="0" b="0" />
            <font name="Lucida Grande" size="12">
              <color r="0" g="0" b="0" />
            </font>
          </style>
        </connection>
        <connection identifier="b7f2cde4" relationshipRef="c6a0c45e" xsi:type="Relationship" source="id-66187883" target="a0f496ad">
          <style>
            <lineColor r="0" g="0" b="0" />
            <font name="Lucida Grande" size="12">
              <color r="0" g="0" b="0" />
            </font>
          </style>
        </connection>
        <connection identifier="id-34695f8f" relationshipRef="id-1858857a" xsi:type="Relationship" source="id-02493bbb" target="f0699755">
          <style>
            <lineColor r="0" g="0" b="0" />
            <font name="Lucida Grande" size="12">
              <color r="0" g="0" b="0" />
            </font>
          </style>
        </connection>
        <connection identifier="id-221afe5c" relationshipRef="c1a9e0d1" xsi:type="Relationship" source="id-02493bbb" target="id-749465e3">
          <style>
            <lineColor r="0" g="0" b="0" />
            <font name="Lucida Grande" size="12">
              <color r="0" g="0" b="0" />
            </font>
          </style>
        </connection>
        <connection identifier="fec5a927" relationshipRef="id-7549f84c" xsi:type="Relationship" source="efef1c35" target="a0f496ad">
          <style>
            <lineColor r="0" g="0" b="0" />
            <font name="Lucida Grande" size="12">
              <color r="0" g="0" b="0" />
            </font>
          </style>
        </connection>
        <connection identifier="id-41395e58" relationshipRef="b4973460" xsi:type="Relationship" source="efef1c35" target="f765b0f6">
          <style>
            <lineColor r="0" g="0" b="0" />
            <font name="Lucida Grande" size="12">
              <color r="0" g="0" b="0" />
            </font>
          </style>
        </connection>
        <connection identifier="id-228c2657" relationshipRef="id-318ad7b2" xsi:type="Relationship" source="ed97346d" target="a0f496ad">
          <style>
            <lineColor r="0" g="0" b="0" />
            <font name="Lucida Grande" size="12">
              <color r="0" g="0" b="0" />
            </font>
          </style>
        </connection>
        <connection identifier="id-4a163d36" relationshipRef="fa1056de" xsi:type="Relationship" source="ed97346d" target="f765b0f6">
          <style>
            <lineColor r="0" g="0" b="0" />
            <font name="Lucida Grande" size="12">
              <color r="0" g="0" b="0" />
            </font>
          </style>
        </connection>
      </view>
    </diagrams>
  </views>
</model>
