{"identifier":"https://me.big.tuwien.ac.at/EAModelSet/_FXiqAAewEeu_35Z1GKTxtw","archimateId":"_FXiqAAewEeu_35Z1GKTxtw","name":"Технологии коммуникаций","description":"","formats":["XML","CSV","JSON","ARCHIMATE"],"source":"GenMyModel","sourceFile":"raw-data/genmymodel/_fxiqaaeweeu_35z1gktxtw.xml","sourceFormat":"XML","timestamp":"29-06-2023 09:24:54","tags":[],"duplicates":[],"language":"ru","elements":[{"id":"_HY7cMOneEDiStI-hnMBrqQ","name":"Заказчик","type":"BusinessRole","layer":"business"},{"id":"_H8UdIOneEDiStI-hnMBrqQ","name":"Пользователь","type":"BusinessRole","layer":"business"},{"id":"_IQPesOneEDiStI-hnMBrqQ","name":"Целевая система","type":"BusinessService","layer":"business"},{"id":"_Tkmu4OneEDiStI-hnMBrqQ","name":"Управляет балансом интересов","type":"BusinessFunction","layer":"business"},{"id":"_3DnlMOneEDiStI-hnMBrqQ","name":"Достигает бизнес-целей","type":"BusinessFunction","layer":"business"},{"id":"_5A8NgOneEDiStI-hnMBrqQ","name":"Использует","type":"BusinessFunction","layer":"business"},{"id":"_bkBAAOnfEDiStI-hnMBrqQ","name":"Аналитик","type":"BusinessRole","layer":"business"},{"id":"_kujc8OnfEDiStI-hnMBrqQ","name":"Проектировщик системы","type":"BusinessRole","layer":"business"},{"id":"_p-_b0OnfEDiStI-hnMBrqQ","name":"Бизнес-модель","type":"BusinessObject","layer":"business"},{"id":"_xSDZwOnfEDiStI-hnMBrqQ","name":"Техническое решение ","type":"BusinessObject","layer":"business"},{"id":"_yS_5YOnfEDiStI-hnMBrqQ","name":"План проекта","type":"BusinessObject","layer":"business"},{"id":"_EQn8kOngEDiStI-hnMBrqQ","name":"Объект уровня приложений","type":"Product","layer":"business"},{"id":"_U08qgOngEDiStI-hnMBrqQ","name":"Инициирует создание или изменение","type":"BusinessFunction","layer":"business"},{"id":"_qp7ZwOngEDiStI-hnMBrqQ","name":"Поставшик инфраструктуры","type":"BusinessRole","layer":"business"},{"id":"_0CqaAOn8EDiStI-hnMBrqQ","name":"Менеджер поставщика инфраструктуры","type":"BusinessRole","layer":"business"},{"id":"_3rCO4On8EDiStI-hnMBrqQ","name":"Инженер поставщика инфраструктуры","type":"BusinessRole","layer":"business"},{"id":"_wKGL0OniEDiStI-hnMBrqQ","name":"Проектирования уровня приложений","type":"BusinessFunction","layer":"business"},{"id":"_5A3YMOniEDiStI-hnMBrqQ","name":"Пролектирование уровня инфраструктуры","type":"BusinessFunction","layer":"business"},{"id":"_-0HJMOniEDiStI-hnMBrqQ","name":"Реализация уровня инфраструктуры","type":"BusinessFunction","layer":"business"},{"id":"_JuZsgOnjEDiStI-hnMBrqQ","name":"Реализация уровная приложений","type":"BusinessFunction","layer":"business"},{"id":"_AQPTgOnkEDiStI-hnMBrqQ","name":"Проектирование уровня бизнеса","type":"BusinessFunction","layer":"business"},{"id":"_R1-bIOnkEDiStI-hnMBrqQ","name":"Инженер приложения системы","type":"BusinessRole","layer":"business"},{"id":"_TVFdcOnkEDiStI-hnMBrqQ","name":"Руководитель проекта создания системы","type":"BusinessRole","layer":"business"},{"id":"_QXU2YOnlEDiStI-hnMBrqQ","name":"Управляет реализацией","type":"BusinessFunction","layer":"business"},{"id":"_lNU04OnlEDiStI-hnMBrqQ","name":"Объект уровня инфраструктуры","type":"BusinessObject","layer":"business"},{"id":"_y2DUYOnlEDiStI-hnMBrqQ","name":"Обеспечивает непрерывность","type":"BusinessFunction","layer":"business"},{"id":"_r6WREOnmEDiStI-hnMBrqQ","name":"Руководитель сервиса поддержки системы","type":"BusinessRole","layer":"business"},{"id":"_7X7ZYOnmEDiStI-hnMBrqQ","name":"Инженер инфраструктуры системы","type":"BusinessRole","layer":"business"},{"id":"_17rnkOnwEDiStI-hnMBrqQ","name":"Договор создания информационной системы","type":"BusinessCollaboration","layer":"business"},{"id":"_WiQRIOnxEDiStI-hnMBrqQ","name":"Заказчик","type":"BusinessActor","layer":"business"},{"id":"_eY4PIOnxEDiStI-hnMBrqQ","name":"Договор услуг","type":"BusinessCollaboration","layer":"business"},{"id":"_iNw2AOnxEDiStI-hnMBrqQ","name":"ООО Технологии Коммуникаций","type":"BusinessActor","layer":"business"},{"id":"_lTURsOnxEDiStI-hnMBrqQ","name":"ИП \".......\"","type":"BusinessActor","layer":"business"},{"id":"_qMwzQOn5EDiStI-hnMBrqQ","name":"Лицензионный договор","type":"BusinessCollaboration","layer":"business"},{"id":"_PUwZkOn6EDiStI-hnMBrqQ","name":"Поставщик приложений","type":"BusinessRole","layer":"business"},{"id":"_SScn0On8EDiStI-hnMBrqQ","name":"Менеджер поставщика приложений","type":"BusinessRole","layer":"business"},{"id":"_U_UdwOn8EDiStI-hnMBrqQ","name":"Инженер поддержки приложения","type":"BusinessRole","layer":"business"},{"id":"_9MfXMOn6EDiStI-hnMBrqQ","name":"Договор услуг предоставления инфраструктуры","type":"BusinessCollaboration","layer":"business"},{"id":"_SuhVQOn7EDiStI-hnMBrqQ","name":"Сейл","type":"BusinessRole","layer":"business"},{"id":"_GsWucOn8EDiStI-hnMBrqQ","name":"Договор поддержки приложения","type":"BusinessCollaboration","layer":"business"},{"id":"_9d6zgOn8EDiStI-hnMBrqQ","name":"Каталог услуг","type":"BusinessObject","layer":"business"},{"id":"_FxZsoOn9EDiStI-hnMBrqQ","name":"Журнал услуг","type":"BusinessObject","layer":"business"},{"id":"_RhtKkOoAEDiStI-hnMBrqQ","name":"Экземпляр услуги","type":"BusinessObject","layer":"business"},{"id":"_VkzzoOoAEDiStI-hnMBrqQ","name":"Экземпляр услуги","type":"BusinessObject","layer":"business"},{"id":"_WNFUkOoAEDiStI-hnMBrqQ","name":"Экземпляр услуги","type":"BusinessObject","layer":"business"},{"id":"_XkbCUOn9EDiStI-hnMBrqQ","name":"Система управления услугами","type":"ApplicationComponent","layer":"application"},{"id":"_36S9cOn9EDiStI-hnMBrqQ","name":"Процесс управления каталогом услуг","type":"BusinessProcess","layer":"business"},{"id":"__mNgQOn9EDiStI-hnMBrqQ","name":"Процесс управления услугами","type":"BusinessProcess","layer":"business"},{"id":"_Rqz4sOn_EDiStI-hnMBrqQ","name":"Услуги проектирования","type":"BusinessService","layer":"business"},{"id":"_lc_pwOn_EDiStI-hnMBrqQ","name":"Услуги уровня приложений","type":"BusinessService","layer":"business"},{"id":"_paNGMOn_EDiStI-hnMBrqQ","name":"Услуги уровня инфраструктуры","type":"BusinessService","layer":"business"},{"id":"_wQOcIOtaEDimV-ezZqNQgg","name":"Заказчик","type":"BusinessRole","layer":"business"},{"id":"_wQPDMetaEDimV-ezZqNQgg","name":"Пользователь","type":"BusinessRole","layer":"business"},{"id":"_wQPqQOtaEDimV-ezZqNQgg","name":"Договор создания информационной системы","type":"BusinessCollaboration","layer":"business"},{"id":"_wQQRUOtaEDimV-ezZqNQgg","name":"Заказчик","type":"BusinessActor","layer":"business"},{"id":"_wQQRVutaEDimV-ezZqNQgg","name":"Процесс управления услугами","type":"BusinessProcess","layer":"business"},{"id":"_wQRfcetaEDimV-ezZqNQgg","name":"Лицензионный договор","type":"BusinessCollaboration","layer":"business"},{"id":"_wQRfc-taEDimV-ezZqNQgg","name":"Договор услуг предоставления инфраструктуры","type":"BusinessCollaboration","layer":"business"},{"id":"_wQRfdetaEDimV-ezZqNQgg","name":"Договор поддержки приложения","type":"BusinessCollaboration","layer":"business"},{"id":"_wQSGgetaEDimV-ezZqNQgg","name":"Система управления услугами","type":"ApplicationComponent","layer":"application"},{"id":"_wQSGg-taEDimV-ezZqNQgg","name":"Процесс управления каталогом услуг","type":"BusinessProcess","layer":"business"},{"id":"_wQSGh-taEDimV-ezZqNQgg","name":"Каталог услуг","type":"BusinessObject","layer":"business"},{"id":"_wQTUoOtaEDimV-ezZqNQgg","name":"Журнал услуг","type":"BusinessObject","layer":"business"},{"id":"_wQTUoutaEDimV-ezZqNQgg","name":"Экземпляр услуги","type":"BusinessObject","layer":"business"},{"id":"_wQT7sOtaEDimV-ezZqNQgg","name":"Экземпляр услуги","type":"BusinessObject","layer":"business"},{"id":"_wQT7sutaEDimV-ezZqNQgg","name":"Экземпляр услуги","type":"BusinessObject","layer":"business"},{"id":"_wQT7tOtaEDimV-ezZqNQgg","name":"Поставшик инфраструктуры","type":"BusinessRole","layer":"business"},{"id":"_wQT7tutaEDimV-ezZqNQgg","name":"Менеджер поставщика инфраструктуры","type":"BusinessRole","layer":"business"},{"id":"_wQUiwOtaEDimV-ezZqNQgg","name":"Инженер поставщика инфраструктуры","type":"BusinessRole","layer":"business"},{"id":"_wQUiwutaEDimV-ezZqNQgg","name":"Поставщик приложений","type":"BusinessRole","layer":"business"},{"id":"_wQUixOtaEDimV-ezZqNQgg","name":"Менеджер поставщика приложений","type":"BusinessRole","layer":"business"},{"id":"_wQUixutaEDimV-ezZqNQgg","name":"Инженер поддержки приложения","type":"BusinessRole","layer":"business"},{"id":"_wQXmEutaEDimV-ezZqNQgg","name":"Руководитель проекта создания системы","type":"BusinessRole","layer":"business"},{"id":"_wQXmFOtaEDimV-ezZqNQgg","name":"Инженер-аналитик","type":"BusinessRole","layer":"business"},{"id":"_wQXmFutaEDimV-ezZqNQgg","name":"Руководитель сервиса поддержки системы","type":"BusinessRole","layer":"business"},{"id":"_wQXmGOtaEDimV-ezZqNQgg","name":"Сейл","type":"BusinessRole","layer":"business"},{"id":"_wQbQcetaEDimV-ezZqNQgg","name":"Проектировщик системы","type":"BusinessRole","layer":"business"},{"id":"_wQbQc-taEDimV-ezZqNQgg","name":"Инженер инфраструктуры системы","type":"BusinessRole","layer":"business"},{"id":"_wQb3getaEDimV-ezZqNQgg","name":"Инженер приложения системы","type":"BusinessRole","layer":"business"},{"id":"_wQb3g-taEDimV-ezZqNQgg","name":"Услуги проектирования","type":"BusinessService","layer":"business"},{"id":"_wQcekOtaEDimV-ezZqNQgg","name":"Услуги уровня инфраструктуры","type":"BusinessService","layer":"business"},{"id":"_wQcelOtaEDimV-ezZqNQgg","name":"Услуги уровня приложений","type":"BusinessService","layer":"business"},{"id":"_TBBhkOtbEDimV-ezZqNQgg","name":"Управляющий","type":"BusinessRole","layer":"business"},{"id":"_qIz8gOtbEDimV-ezZqNQgg","name":"Подбор инженерного персонала","type":"BusinessFunction","layer":"business"},{"id":"_1M1DkOtbEDimV-ezZqNQgg","name":"Actor","type":"BusinessActor","layer":"business"},{"id":"_ATl8oOtcEDimV-ezZqNQgg","name":"Решение организационных вопросов офиса","type":"BusinessFunction","layer":"business"},{"id":"_Gf5G0OtcEDimV-ezZqNQgg","name":"Решение методологических вопросов обеспечения услуг и сервисов","type":"BusinessFunction","layer":"business"},{"id":"_l0z7QOtcEDimV-ezZqNQgg","name":"Координация проекта по бизнес-требованиям","type":"BusinessFunction","layer":"business"},{"id":"_tYOCUOtcEDimV-ezZqNQgg","name":"Организация обучения инженерного персонала","type":"BusinessFunction","layer":"business"},{"id":"_iaCBAOtdEDimV-ezZqNQgg","name":"Договор поддержки информационной системы","type":"BusinessCollaboration","layer":"business"},{"id":"_2ZlYUOtgEDimV-ezZqNQgg","name":"Менеджер по работе с поставщиками","type":"BusinessRole","layer":"business"},{"id":"_MLJAIOthEDimV-ezZqNQgg","name":"Технологии коммуникаций (Асталика)","type":"BusinessActor","layer":"business"},{"id":"_wQQRVOtaEDimV-ezZqNQgg","name":"офис москва","type":"BusinessActor","layer":"business"},{"id":"_yTXw4OtgEDimV-ezZqNQgg","name":"Астафьева ЛА","type":"BusinessActor","layer":"business"},{"id":"_9quqsOtgEDimV-ezZqNQgg","name":"Букашин Д.А.","type":"BusinessActor","layer":"business"},{"id":"_wQSGhetaEDimV-ezZqNQgg","name":"офис курск","type":"BusinessActor","layer":"business"},{"id":"_Uwb-0OtdEDimV-ezZqNQgg","name":"Actor","type":"BusinessActor","layer":"business"},{"id":"_703coOtdEDimV-ezZqNQgg","name":"Actor","type":"BusinessActor","layer":"business"},{"id":"_uqUxIOthEDimV-ezZqNQgg","name":"КрафтТолк","type":"BusinessActor","layer":"business"},{"id":"_vUDDkOthEDimV-ezZqNQgg","name":"Ростелл","type":"BusinessActor","layer":"business"},{"id":"_v4vsEOthEDimV-ezZqNQgg","name":"Бипиум","type":"BusinessActor","layer":"business"},{"id":"_-AY8MOthEDimV-ezZqNQgg","name":"Октелл","type":"BusinessActor","layer":"business"},{"id":"_D5I4QOtiEDimV-ezZqNQgg","name":"Договор услуг по управлению","type":"BusinessInteraction","layer":"business"},{"id":"_ZNGlIOtiEDimV-ezZqNQgg","name":"1 cloud","type":"BusinessActor","layer":"business"},{"id":"_Wh-08OtdEDimV-ezZqNQgg","name":"Actor","type":"BusinessActor","layer":"business"}],"relationships":[{"id":"_-dngMOtgEDimV-ezZqNQgg","sourceId":"_9quqsOtgEDimV-ezZqNQgg","targetId":"_wQXmEutaEDimV-ezZqNQgg","type":"Assignment"},{"id":"_BfofsOthEDimV-ezZqNQgg","sourceId":"_yTXw4OtgEDimV-ezZqNQgg","targetId":"_wQXmGOtaEDimV-ezZqNQgg","type":"Assignment"},{"id":"_EWZ4gOthEDimV-ezZqNQgg","sourceId":"_yTXw4OtgEDimV-ezZqNQgg","targetId":"_wQXmFutaEDimV-ezZqNQgg","type":"Assignment"},{"id":"_GF3rAOthEDimV-ezZqNQgg","sourceId":"_yTXw4OtgEDimV-ezZqNQgg","targetId":"_2ZlYUOtgEDimV-ezZqNQgg","type":"Assignment"},{"id":"_VpgU0OtdEDimV-ezZqNQgg","sourceId":"_Uwb-0OtdEDimV-ezZqNQgg","targetId":"_wQXmFOtaEDimV-ezZqNQgg","type":"Assignment"},{"id":"_ZDTiMOtdEDimV-ezZqNQgg","sourceId":"_Wh-08OtdEDimV-ezZqNQgg","targetId":"_wQbQcetaEDimV-ezZqNQgg","type":"Assignment"},{"id":"_-VmUAOtdEDimV-ezZqNQgg","sourceId":"_703coOtdEDimV-ezZqNQgg","targetId":"_wQbQc-taEDimV-ezZqNQgg","type":"Assignment"},{"id":"__IbfIOtdEDimV-ezZqNQgg","sourceId":"_703coOtdEDimV-ezZqNQgg","targetId":"_wQb3getaEDimV-ezZqNQgg","type":"Assignment"},{"id":"_6Gh8kOneEDiStI-hnMBrqQ","sourceId":"_5A8NgOneEDiStI-hnMBrqQ","targetId":"_IQPesOneEDiStI-hnMBrqQ","type":"Realization"},{"id":"_BhFCkOnfEDiStI-hnMBrqQ","sourceId":"_IQPesOneEDiStI-hnMBrqQ","targetId":"_3DnlMOneEDiStI-hnMBrqQ","type":"Flow"},{"id":"_GdD0YOnfEDiStI-hnMBrqQ","sourceId":"_HY7cMOneEDiStI-hnMBrqQ","targetId":"_3DnlMOneEDiStI-hnMBrqQ","type":"Serving"},{"id":"_JHEjkOnfEDiStI-hnMBrqQ","sourceId":"_H8UdIOneEDiStI-hnMBrqQ","targetId":"_5A8NgOneEDiStI-hnMBrqQ","type":"Serving"},{"id":"_WAa_IOngEDiStI-hnMBrqQ","sourceId":"_HY7cMOneEDiStI-hnMBrqQ","targetId":"_U08qgOngEDiStI-hnMBrqQ","type":"Serving"},{"id":"_8s0FgOniEDiStI-hnMBrqQ","sourceId":"_wKGL0OniEDiStI-hnMBrqQ","targetId":"_5A3YMOniEDiStI-hnMBrqQ","type":"Flow"},{"id":"_AevfAOnjEDiStI-hnMBrqQ","sourceId":"_5A3YMOniEDiStI-hnMBrqQ","targetId":"_-0HJMOniEDiStI-hnMBrqQ","type":"Flow"},{"id":"_KiifMOnjEDiStI-hnMBrqQ","sourceId":"_-0HJMOniEDiStI-hnMBrqQ","targetId":"_JuZsgOnjEDiStI-hnMBrqQ","type":"Flow"},{"id":"_0CngEOnjEDiStI-hnMBrqQ","sourceId":"_kujc8OnfEDiStI-hnMBrqQ","targetId":"_wKGL0OniEDiStI-hnMBrqQ","type":"Serving"},{"id":"_0_q-MOnjEDiStI-hnMBrqQ","sourceId":"_kujc8OnfEDiStI-hnMBrqQ","targetId":"_5A3YMOniEDiStI-hnMBrqQ","type":"Serving"},{"id":"_CgCL4OnkEDiStI-hnMBrqQ","sourceId":"_U08qgOngEDiStI-hnMBrqQ","targetId":"_AQPTgOnkEDiStI-hnMBrqQ","type":"Flow"},{"id":"_DF1noOnkEDiStI-hnMBrqQ","sourceId":"_AQPTgOnkEDiStI-hnMBrqQ","targetId":"_wKGL0OniEDiStI-hnMBrqQ","type":"Flow"},{"id":"_LIa-AOnkEDiStI-hnMBrqQ","sourceId":"_bkBAAOnfEDiStI-hnMBrqQ","targetId":"_AQPTgOnkEDiStI-hnMBrqQ","type":"Serving"},{"id":"_d324oOnkEDiStI-hnMBrqQ","sourceId":"_qp7ZwOngEDiStI-hnMBrqQ","targetId":"_5A3YMOniEDiStI-hnMBrqQ","type":"Serving"},{"id":"_hXyjMOnkEDiStI-hnMBrqQ","sourceId":"_qp7ZwOngEDiStI-hnMBrqQ","targetId":"_-0HJMOniEDiStI-hnMBrqQ","type":"Serving"},{"id":"_3LbOoOnkEDiStI-hnMBrqQ","sourceId":"_R1-bIOnkEDiStI-hnMBrqQ","targetId":"_JuZsgOnjEDiStI-hnMBrqQ","type":"Serving"},{"id":"_IRhM4OnlEDiStI-hnMBrqQ","sourceId":"_JuZsgOnjEDiStI-hnMBrqQ","targetId":"_IQPesOneEDiStI-hnMBrqQ","type":"Realization"},{"id":"_V78VgOnlEDiStI-hnMBrqQ","sourceId":"_QXU2YOnlEDiStI-hnMBrqQ","targetId":"_-0HJMOniEDiStI-hnMBrqQ","type":"Specialization"},{"id":"_Wcv8gOnlEDiStI-hnMBrqQ","sourceId":"_QXU2YOnlEDiStI-hnMBrqQ","targetId":"_JuZsgOnjEDiStI-hnMBrqQ","type":"Specialization"},{"id":"_Z8yUwOnlEDiStI-hnMBrqQ","sourceId":"_TVFdcOnkEDiStI-hnMBrqQ","targetId":"_QXU2YOnlEDiStI-hnMBrqQ","type":"Serving"},{"id":"_as8mYOnlEDiStI-hnMBrqQ","sourceId":"_QXU2YOnlEDiStI-hnMBrqQ","targetId":"_yS_5YOnfEDiStI-hnMBrqQ","type":"Association"},{"id":"_l-X3UOnlEDiStI-hnMBrqQ","sourceId":"_qp7ZwOngEDiStI-hnMBrqQ","targetId":"_lNU04OnlEDiStI-hnMBrqQ","type":"Association"},{"id":"_GmCGAOnmEDiStI-hnMBrqQ","sourceId":"_R1-bIOnkEDiStI-hnMBrqQ","targetId":"_y2DUYOnlEDiStI-hnMBrqQ","type":"Serving"},{"id":"_HNBNgOnmEDiStI-hnMBrqQ","sourceId":"_qp7ZwOngEDiStI-hnMBrqQ","targetId":"_y2DUYOnlEDiStI-hnMBrqQ","type":"Serving"},{"id":"_jw1MQOnmEDiStI-hnMBrqQ","sourceId":"_y2DUYOnlEDiStI-hnMBrqQ","targetId":"_IQPesOneEDiStI-hnMBrqQ","type":"Realization"},{"id":"_z87ncOnmEDiStI-hnMBrqQ","sourceId":"_r6WREOnmEDiStI-hnMBrqQ","targetId":"_y2DUYOnlEDiStI-hnMBrqQ","type":"Serving"},{"id":"_-sgvkOnmEDiStI-hnMBrqQ","sourceId":"_7X7ZYOnmEDiStI-hnMBrqQ","targetId":"_-0HJMOniEDiStI-hnMBrqQ","type":"Serving"},{"id":"__YwKgOnmEDiStI-hnMBrqQ","sourceId":"_7X7ZYOnmEDiStI-hnMBrqQ","targetId":"_y2DUYOnlEDiStI-hnMBrqQ","type":"Serving"},{"id":"_OcAHQOnnEDiStI-hnMBrqQ","sourceId":"_Tkmu4OneEDiStI-hnMBrqQ","targetId":"_IQPesOneEDiStI-hnMBrqQ","type":"Realization"},{"id":"_uxrCgOnxEDiStI-hnMBrqQ","sourceId":"_iNw2AOnxEDiStI-hnMBrqQ","targetId":"_eY4PIOnxEDiStI-hnMBrqQ","type":"Serving"},{"id":"_vqRecOnxEDiStI-hnMBrqQ","sourceId":"_lTURsOnxEDiStI-hnMBrqQ","targetId":"_eY4PIOnxEDiStI-hnMBrqQ","type":"Serving"},{"id":"_wVJAYOnxEDiStI-hnMBrqQ","sourceId":"_iNw2AOnxEDiStI-hnMBrqQ","targetId":"_17rnkOnwEDiStI-hnMBrqQ","type":"Serving"},{"id":"_xJcLIOnxEDiStI-hnMBrqQ","sourceId":"_WiQRIOnxEDiStI-hnMBrqQ","targetId":"_17rnkOnwEDiStI-hnMBrqQ","type":"Serving"},{"id":"_r8AjUOn5EDiStI-hnMBrqQ","sourceId":"_iNw2AOnxEDiStI-hnMBrqQ","targetId":"_qMwzQOn5EDiStI-hnMBrqQ","type":"Serving"},{"id":"_Qwq98On6EDiStI-hnMBrqQ","sourceId":"_EQn8kOngEDiStI-hnMBrqQ","targetId":"_PUwZkOn6EDiStI-hnMBrqQ","type":"Association"},{"id":"_SSk1kOn6EDiStI-hnMBrqQ","sourceId":"_PUwZkOn6EDiStI-hnMBrqQ","targetId":"_wKGL0OniEDiStI-hnMBrqQ","type":"Serving"},{"id":"_Vsk3QOn6EDiStI-hnMBrqQ","sourceId":"_PUwZkOn6EDiStI-hnMBrqQ","targetId":"_JuZsgOnjEDiStI-hnMBrqQ","type":"Serving"},{"id":"_WkIKUOn6EDiStI-hnMBrqQ","sourceId":"_PUwZkOn6EDiStI-hnMBrqQ","targetId":"_y2DUYOnlEDiStI-hnMBrqQ","type":"Serving"},{"id":"_ZmehAOn6EDiStI-hnMBrqQ","sourceId":"_kujc8OnfEDiStI-hnMBrqQ","targetId":"_xSDZwOnfEDiStI-hnMBrqQ","type":"Association"},{"id":"_bRTEEOn6EDiStI-hnMBrqQ","sourceId":"_bkBAAOnfEDiStI-hnMBrqQ","targetId":"_p-_b0OnfEDiStI-hnMBrqQ","type":"Association"},{"id":"_mt0xwOn6EDiStI-hnMBrqQ","sourceId":"_PUwZkOn6EDiStI-hnMBrqQ","targetId":"_qMwzQOn5EDiStI-hnMBrqQ","type":"Serving"},{"id":"_ueG3MOn6EDiStI-hnMBrqQ","sourceId":"_HY7cMOneEDiStI-hnMBrqQ","targetId":"_WiQRIOnxEDiStI-hnMBrqQ","type":"Serving"},{"id":"_vG1EEOn6EDiStI-hnMBrqQ","sourceId":"_H8UdIOneEDiStI-hnMBrqQ","targetId":"_WiQRIOnxEDiStI-hnMBrqQ","type":"Serving"},{"id":"_-OHzUOn6EDiStI-hnMBrqQ","sourceId":"_qp7ZwOngEDiStI-hnMBrqQ","targetId":"_9MfXMOn6EDiStI-hnMBrqQ","type":"Serving"},{"id":"__NbUMOn6EDiStI-hnMBrqQ","sourceId":"_iNw2AOnxEDiStI-hnMBrqQ","targetId":"_9MfXMOn6EDiStI-hnMBrqQ","type":"Serving"},{"id":"_ZPaPYOn7EDiStI-hnMBrqQ","sourceId":"_SuhVQOn7EDiStI-hnMBrqQ","targetId":"_Tkmu4OneEDiStI-hnMBrqQ","type":"Serving"},{"id":"_haFx0On7EDiStI-hnMBrqQ","sourceId":"_iNw2AOnxEDiStI-hnMBrqQ","targetId":"_SuhVQOn7EDiStI-hnMBrqQ","type":"Assignment"},{"id":"_JG-WwOn8EDiStI-hnMBrqQ","sourceId":"_iNw2AOnxEDiStI-hnMBrqQ","targetId":"_GsWucOn8EDiStI-hnMBrqQ","type":"Serving"},{"id":"_KN2fQOn8EDiStI-hnMBrqQ","sourceId":"_PUwZkOn6EDiStI-hnMBrqQ","targetId":"_GsWucOn8EDiStI-hnMBrqQ","type":"Serving"},{"id":"_w5VcIOn9EDiStI-hnMBrqQ","sourceId":"_9d6zgOn8EDiStI-hnMBrqQ","targetId":"_eY4PIOnxEDiStI-hnMBrqQ","type":"Association"},{"id":"_zPKEAOn9EDiStI-hnMBrqQ","sourceId":"_XkbCUOn9EDiStI-hnMBrqQ","targetId":"_FxZsoOn9EDiStI-hnMBrqQ","type":"Association"},{"id":"_8bAIgOn9EDiStI-hnMBrqQ","sourceId":"_36S9cOn9EDiStI-hnMBrqQ","targetId":"_9d6zgOn8EDiStI-hnMBrqQ","type":"Association"},{"id":"_AdkmEOn-EDiStI-hnMBrqQ","sourceId":"__mNgQOn9EDiStI-hnMBrqQ","targetId":"_FxZsoOn9EDiStI-hnMBrqQ","type":"Association"},{"id":"_ja2L0On_EDiStI-hnMBrqQ","sourceId":"_kujc8OnfEDiStI-hnMBrqQ","targetId":"_Rqz4sOn_EDiStI-hnMBrqQ","type":"Realization"},{"id":"_miWvUOn_EDiStI-hnMBrqQ","sourceId":"_R1-bIOnkEDiStI-hnMBrqQ","targetId":"_lc_pwOn_EDiStI-hnMBrqQ","type":"Realization"},{"id":"_uhuZoOn_EDiStI-hnMBrqQ","sourceId":"_7X7ZYOnmEDiStI-hnMBrqQ","targetId":"_paNGMOn_EDiStI-hnMBrqQ","type":"Realization"},{"id":"_zWcs4On_EDiStI-hnMBrqQ","sourceId":"_eY4PIOnxEDiStI-hnMBrqQ","targetId":"_FxZsoOn9EDiStI-hnMBrqQ","type":"Association"},{"id":"_wQVw4etaEDimV-ezZqNQgg","sourceId":"_wQOcIOtaEDimV-ezZqNQgg","targetId":"_wQQRUOtaEDimV-ezZqNQgg","type":"Serving"},{"id":"_wQVw4-taEDimV-ezZqNQgg","sourceId":"_wQPDMetaEDimV-ezZqNQgg","targetId":"_wQQRUOtaEDimV-ezZqNQgg","type":"Serving"},{"id":"_wQVw5etaEDimV-ezZqNQgg","sourceId":"_wQQRUOtaEDimV-ezZqNQgg","targetId":"_wQPqQOtaEDimV-ezZqNQgg","type":"Serving"},{"id":"_wQVw5-taEDimV-ezZqNQgg","sourceId":"_wQQRVOtaEDimV-ezZqNQgg","targetId":"_wQPqQOtaEDimV-ezZqNQgg","type":"Serving"},{"id":"_wQYNIetaEDimV-ezZqNQgg","sourceId":"_wQQRVOtaEDimV-ezZqNQgg","targetId":"_wQRfcetaEDimV-ezZqNQgg","type":"Serving"},{"id":"_wQYNI-taEDimV-ezZqNQgg","sourceId":"_wQQRVOtaEDimV-ezZqNQgg","targetId":"_wQRfdetaEDimV-ezZqNQgg","type":"Serving"},{"id":"_wQYNJetaEDimV-ezZqNQgg","sourceId":"_wQQRVOtaEDimV-ezZqNQgg","targetId":"_wQRfc-taEDimV-ezZqNQgg","type":"Serving"},{"id":"_wQZbQOtaEDimV-ezZqNQgg","sourceId":"_wQQRVutaEDimV-ezZqNQgg","targetId":"_wQTUoOtaEDimV-ezZqNQgg","type":"Association"},{"id":"_wQZbQutaEDimV-ezZqNQgg","sourceId":"_wQUiwutaEDimV-ezZqNQgg","targetId":"_wQRfcetaEDimV-ezZqNQgg","type":"Serving"},{"id":"_wQZbROtaEDimV-ezZqNQgg","sourceId":"_wQT7tOtaEDimV-ezZqNQgg","targetId":"_wQRfc-taEDimV-ezZqNQgg","type":"Serving"},{"id":"_wQapYOtaEDimV-ezZqNQgg","sourceId":"_wQUiwutaEDimV-ezZqNQgg","targetId":"_wQRfdetaEDimV-ezZqNQgg","type":"Serving"},{"id":"_wQapYutaEDimV-ezZqNQgg","sourceId":"_wQSGgetaEDimV-ezZqNQgg","targetId":"_wQTUoOtaEDimV-ezZqNQgg","type":"Association"},{"id":"_wQapZOtaEDimV-ezZqNQgg","sourceId":"_wQSGg-taEDimV-ezZqNQgg","targetId":"_wQSGh-taEDimV-ezZqNQgg","type":"Association"},{"id":"_wQb3hetaEDimV-ezZqNQgg","sourceId":"_wQbQcetaEDimV-ezZqNQgg","targetId":"_wQb3g-taEDimV-ezZqNQgg","type":"Realization"},{"id":"_wQcekutaEDimV-ezZqNQgg","sourceId":"_wQbQc-taEDimV-ezZqNQgg","targetId":"_wQcekOtaEDimV-ezZqNQgg","type":"Realization"},{"id":"_wQcelutaEDimV-ezZqNQgg","sourceId":"_wQb3getaEDimV-ezZqNQgg","targetId":"_wQcelOtaEDimV-ezZqNQgg","type":"Realization"},{"id":"_IoJCMOtbEDimV-ezZqNQgg","sourceId":"_wQQRVOtaEDimV-ezZqNQgg","targetId":"_wQSGhetaEDimV-ezZqNQgg","type":"Association"},{"id":"_2yVo0OtbEDimV-ezZqNQgg","sourceId":"_1M1DkOtbEDimV-ezZqNQgg","targetId":"_TBBhkOtbEDimV-ezZqNQgg","type":"Assignment"},{"id":"_uPpkIOtdEDimV-ezZqNQgg","sourceId":"_iaCBAOtdEDimV-ezZqNQgg","targetId":"_wQPqQOtaEDimV-ezZqNQgg","type":"Specialization"},{"id":"_lv9eMOthEDimV-ezZqNQgg","sourceId":"_MLJAIOthEDimV-ezZqNQgg","targetId":"_wQPqQOtaEDimV-ezZqNQgg","type":"Serving"},{"id":"_y48GoOthEDimV-ezZqNQgg","sourceId":"_MLJAIOthEDimV-ezZqNQgg","targetId":"_wQRfcetaEDimV-ezZqNQgg","type":"Serving"},{"id":"_zwnVgOthEDimV-ezZqNQgg","sourceId":"_MLJAIOthEDimV-ezZqNQgg","targetId":"_wQRfdetaEDimV-ezZqNQgg","type":"Serving"},{"id":"_0tz9kOthEDimV-ezZqNQgg","sourceId":"_MLJAIOthEDimV-ezZqNQgg","targetId":"_wQRfc-taEDimV-ezZqNQgg","type":"Serving"},{"id":"_3sricOthEDimV-ezZqNQgg","sourceId":"_uqUxIOthEDimV-ezZqNQgg","targetId":"_wQUiwutaEDimV-ezZqNQgg","type":"Assignment"},{"id":"_4bUKEOthEDimV-ezZqNQgg","sourceId":"_vUDDkOthEDimV-ezZqNQgg","targetId":"_wQUiwutaEDimV-ezZqNQgg","type":"Assignment"},{"id":"_5mEtAOthEDimV-ezZqNQgg","sourceId":"_v4vsEOthEDimV-ezZqNQgg","targetId":"_wQUiwutaEDimV-ezZqNQgg","type":"Assignment"},{"id":"_-3VLQOthEDimV-ezZqNQgg","sourceId":"_-AY8MOthEDimV-ezZqNQgg","targetId":"_wQUiwutaEDimV-ezZqNQgg","type":"Assignment"},{"id":"_HUFVIOtiEDimV-ezZqNQgg","sourceId":"_MLJAIOthEDimV-ezZqNQgg","targetId":"_D5I4QOtiEDimV-ezZqNQgg","type":"Serving"},{"id":"_JhSzkOtiEDimV-ezZqNQgg","sourceId":"_1M1DkOtbEDimV-ezZqNQgg","targetId":"_D5I4QOtiEDimV-ezZqNQgg","type":"Serving"},{"id":"_ceYvsOtiEDimV-ezZqNQgg","sourceId":"_ZNGlIOtiEDimV-ezZqNQgg","targetId":"_wQT7tOtaEDimV-ezZqNQgg","type":"Assignment"},{"id":"_EowpcOuFEDimV-ezZqNQgg","sourceId":"_PUwZkOn6EDiStI-hnMBrqQ","targetId":"_5A3YMOniEDiStI-hnMBrqQ","type":"Serving"}],"views":[{"id":"_FXiqAwewEeu_35Z1GKTxtw","name":"archimate-diagram","viewpoint":""},{"id":"_zCHZcOnwEDiStI-hnMBrqQ","name":"archimate-diagram","viewpoint":""},{"id":"_rqeZAOtaEDimV-ezZqNQgg","name":"archimate-diagram","viewpoint":""}]}