{"identifier":"https://me.big.tuwien.ac.at/EAModelSet/id-6570df4c-498c-4339-bd9e-4be856e4ebd8","archimateId":"id-6570df4c-498c-4339-bd9e-4be856e4ebd8","name":"Archimate recipes","description":"This model is used for the tip and tricks article of the \"Archimate recipes\" on https://orey.github.io/papers/articles/archimate-recipes/","formats":["XML","CSV","JSON","ARCHIMATE"],"source":"GitHub","sourceFile":"raw-data/github/xml/archimate_recipes.xml","sourceFormat":"XML","timestamp":"29-06-2023 09:28:12","tags":[],"duplicates":[],"language":"en","elements":[{"id":"id-7e6edceb-d75f-497a-bd67-bb8ccd16d964","name":"Employee","type":"BusinessActor","layer":"business"},{"id":"f38e3ecf-ccdc-4b95-aae9-04abfeb7d527","name":"Accountant","type":"BusinessRole","layer":"business"},{"id":"id-3c301740-23c6-44e7-a715-61b6160eacf7","name":"(L1) Accounting","type":"BusinessFunction","layer":"business"},{"id":"id-9491fc8a-4cf0-4ee6-90b6-2a862eb743bc","name":"(L2) Closing","type":"BusinessProcess","layer":"business"},{"id":"id-45e38cf1-1f87-4e92-8cf4-3c159aecc670","name":"(L3) Perform centralization","type":"BusinessProcess","layer":"business"},{"id":"c20f0c53-474e-47d1-ac46-dbeb3306d287","name":"(L3) Calculate provisions","type":"BusinessProcess","layer":"business"},{"id":"id-9c719ff2-e9f1-46d3-b210-fc949814c22d","name":"(L3) Validate provisions","type":"BusinessProcess","layer":"business"},{"id":"f8d23074-6841-4c45-b459-bbba2e03ddfc","name":"Business controller","type":"BusinessRole","layer":"business"},{"id":"c392cf59-79af-4942-960b-af2eb63b999c","name":"Sales","type":"BusinessActor","layer":"business"},{"id":"id-83a7ef00-0117-4bef-8d2c-d98353de302e","name":"US Indus","type":"BusinessActor","layer":"business"},{"id":"id-974d0155-cb0a-45c7-a5c8-027de05118b3","name":"FR Indus","type":"BusinessActor","layer":"business"},{"id":"id-382b5035-db13-44fa-a365-eb9cf0cad0f0","name":"Employee","type":"BusinessActor","layer":"business"},{"id":"b51bf695-296b-4c08-ad56-e0d4f1dec325","name":"Accountant","type":"BusinessRole","layer":"business"},{"id":"id-2b3498ad-f98c-406f-b27a-67a7492aa58d","name":"Accounting","type":"BusinessFunction","layer":"business"},{"id":"id-9e1b78e6-11e4-4508-885f-384a0ab2c6bc","name":"Closing","type":"BusinessProcess","layer":"business"},{"id":"id-64fc0a2c-877c-4294-89db-7a708e2fa54e","name":"Accounting system","type":"ApplicationComponent","layer":"application"},{"id":"d5c3083d-23ca-46e0-93c3-f117920672cc","name":"(L1) Accounts payable","type":"ApplicationFunction","layer":"application"},{"id":"id-27eb2878-2128-4cb8-869c-7d297a9ee3b5","name":"(L1) Accounts receivable","type":"ApplicationFunction","layer":"application"},{"id":"id-03e2f2c8-2a43-44e6-88f6-34b363d452db","name":"(L1) Centralization engine","type":"ApplicationFunction","layer":"application"},{"id":"id-8af2da29-5510-44c7-90d0-a2960edabfaf","name":"(L1) General ledger management","type":"ApplicationFunction","layer":"application"},{"id":"id-0a497d0c-c00b-4da7-9912-878b6089754b","name":"(L1) Third party management","type":"ApplicationFunction","layer":"application"},{"id":"a0f5a1b5-0de1-48d8-b4cd-849d98fd741c","name":"(L2) Chart of account management","type":"ApplicationFunction","layer":"application"},{"id":"d90229d0-235c-495d-9cd0-e946c648aee9","name":"(L2) GL account management","type":"ApplicationFunction","layer":"application"},{"id":"db8a0f76-ed71-46f7-bf0c-d5737ae7b782","name":"(L2) Monthly closing management","type":"ApplicationFunction","layer":"application"},{"id":"id-9cd10119-4cd7-46b8-8ce4-64a70278c5cb","name":"(L1) ERP","type":"ApplicationComponent","layer":"application"},{"id":"id-7b06115a-86bb-4e90-8eb6-98d97de19729","name":"(L2) ERP module 1","type":"ApplicationComponent","layer":"application"},{"id":"id-275671d4-1c0c-41eb-804c-15020e37eaea","name":"(L2) ERP module 2","type":"ApplicationComponent","layer":"application"},{"id":"eb337062-f7e0-46d2-9915-09d8696d500e","name":"(L2) ERP module 3","type":"ApplicationComponent","layer":"application"},{"id":"id-124cc967-21c4-4786-9d54-b8e39b995883","name":"(L1)(Corp)(Sales) ERP","type":"ApplicationComponent","layer":"application"},{"id":"e603e160-69bf-4b92-b097-be6d26977fb4","name":"(L1)(FR)(Indus) ERP","type":"ApplicationComponent","layer":"application"},{"id":"id-10fcd96d-839e-4746-8378-4fa7c6e5dad2","name":"(L1)(US)(Indus) ERP","type":"ApplicationComponent","layer":"application"},{"id":"d7d95d5b-574f-4a6a-aa7b-deeba71f23a9","name":"Standard ERP module 3 functions","type":"ApplicationFunction","layer":"application"},{"id":"id-251520ab-4a7f-4dcd-9d4a-7d37a4fede5a","name":"(FR) Customized functions for FR subsidiary","type":"ApplicationFunction","layer":"application"},{"id":"id-36a97346-d208-4f36-8357-8ff97c1c55d0","name":"(L2)(FR) ERP module 3","type":"ApplicationComponent","layer":"application"},{"id":"id-5d97e090-486a-434f-a728-da1166775230","name":"(as-is)(L1) ERP","type":"ApplicationComponent","layer":"application"},{"id":"id-8f5a7d08-9ce5-4e2a-8984-5dbdd0d980ed","name":"(as-is)(L2) ERP module 1","type":"ApplicationComponent","layer":"application"},{"id":"id-9474fdf4-9fb1-4cd3-8bc6-b7c9f0eaf6fa","name":"(as-is)(L2) ERP module 2","type":"ApplicationComponent","layer":"application"},{"id":"f2e5b31a-8de2-4fe2-90c0-0f3e876f7b3b","name":"(as-is)(L2) ERP module 3","type":"ApplicationComponent","layer":"application"},{"id":"id-10f3acf7-2319-49ab-84f8-9a42246100a0","name":"(FR) Customized functions for FR subsidiary","type":"ApplicationFunction","layer":"application"},{"id":"a4f93812-51ab-41c9-b8db-9253294bf3f7","name":"(s1)(L2) ERP module 3 (modified)","type":"ApplicationComponent","layer":"application"},{"id":"e43f30d3-5144-43c9-8c89-4171bbed6d5c","name":"(s2)(L2) ERP module 3 (modified)","type":"ApplicationComponent","layer":"application"},{"id":"c63d60ab-22b0-4973-9dd0-4e37bd621fba","name":"(s2) Access to another component","type":"ApplicationFunction","layer":"application"},{"id":"id-9b35e7ac-8844-4da2-b5f5-02480fa441be","name":"(s2) New component","type":"ApplicationComponent","layer":"application"},{"id":"dacf74ed-7f77-4d60-bfc1-2778d2b93c04","name":"(as-is)(L1) ERP","type":"ApplicationComponent","layer":"application"},{"id":"d32a292f-1a32-4647-a0c1-cbfad9e35e3b","name":"(as-is)(L2) ERP module 1","type":"ApplicationComponent","layer":"application"},{"id":"id-6cb22f03-88d8-4fd4-aee2-f3d88ec705e1","name":"(as-is)(L2) ERP module 2","type":"ApplicationComponent","layer":"application"},{"id":"id-6b4c3f70-1630-46ad-98e0-c3b4e8945ef2","name":"(as-is)(L2) ERP module 3","type":"ApplicationComponent","layer":"application"},{"id":"b2374ca0-8d5b-4194-982b-97521fd6e1ca","name":"(FR) Customized functions for FR subsidiary","type":"ApplicationFunction","layer":"application"},{"id":"id-1188f745-34b2-444e-9c81-930591821855","name":"(s1)(L2) ERP module 3 (modified)","type":"ApplicationComponent","layer":"application"},{"id":"d39d27f0-261a-4b24-8db3-ec45580ad3d8","name":"(s2)(L2) ERP module 3 (modified)","type":"ApplicationComponent","layer":"application"},{"id":"id-226e0043-b1ab-46fd-a244-6c5af9c80a7a","name":"(s2) Access to another component","type":"ApplicationFunction","layer":"application"},{"id":"b70566e2-fa40-43c4-b18c-322edd4f7121","name":"(s2) New component","type":"ApplicationComponent","layer":"application"},{"id":"ffae911a-682e-4543-be5f-db04b65e633e","name":"(to-be)(L1) ERP","type":"ApplicationComponent","layer":"application"},{"id":"id-8ff315a6-5143-4393-9472-ad930cd58e8b","name":"Data Object","type":"DataObject","layer":"application"},{"id":"id-6e9bd9c2-7b52-40c3-9f16-514ca6dd74d4","name":"<<sterotype>> Node","type":"DataObject","layer":"application"},{"id":"id-08179b31-1331-4f07-ad8a-5d4c61a03c0d","name":"<<stereotype>> Relationship","type":"DataObject","layer":"application"},{"id":"id-9f9e52a1-fecd-40d2-9746-bf4f4b94e728","name":"User 1","type":"DataObject","layer":"application"},{"id":"id-069e7ab9-0fc6-44e0-b354-2d37192c3ae0","name":"FOLLOWS 1","type":"DataObject","layer":"application"},{"id":"id-53382cac-e35a-412b-b621-fbebfeac43ab","name":"Node","type":"DataObject","layer":"application"},{"id":"id-841f3852-00c4-4120-8d33-f5fdcca783b6","name":"Relationship","type":"DataObject","layer":"application"},{"id":"id-71e767b7-8259-4cc9-bc58-0dcbbafe0725","name":"User 2","type":"DataObject","layer":"application"},{"id":"f3007fa6-ff44-4132-b82c-781103d8aae5","name":"FOLLOWS 2","type":"DataObject","layer":"application"},{"id":"id-7d4f11ba-e2b0-46c3-b73d-1e8f6037423d","name":"Meaning","type":"Meaning","layer":"motivation"},{"id":"id-88660876-f5d3-4f6e-ae7f-f323f51bfa35","name":"Meaning 2","type":"Meaning","layer":"motivation"},{"id":"id-0da233e6-6bd7-4572-842b-97f244433043","name":"Meaning 1","type":"Meaning","layer":"motivation"},{"id":"id-5044066c-83fb-46e8-aaa4-8f0d5fd6b29c","name":"Meaning 3","type":"Meaning","layer":"motivation"},{"id":"id-59669e84-e59c-4397-b51f-b0e957ea0b43","name":"As-is ERP","type":"Plateau","layer":"implementation_migration"},{"id":"b75b0dbd-5b0b-4d8a-9458-1a2ff8089aa0","name":"To-be ERP","type":"Plateau","layer":"implementation_migration"},{"id":"id-26bd2b6a-00e7-4cbe-81e0-71681e0ca60f","name":"French subsidiary implementation","type":"Gap","layer":"implementation_migration"},{"id":"id-46628f33-2f78-480b-8831-8cc5d012fcde","name":"Head Office","type":"Location","layer":"other"},{"id":"id-811d6343-057c-468b-90b4-85d144d9bec1","name":"US","type":"Location","layer":"other"},{"id":"id-22e7fb01-04c7-4c0d-8d26-8cba8280ab4b","name":"France","type":"Location","layer":"other"}],"relationships":[{"id":"id-8e1dff6f-946d-49e1-8f18-ff1246903851","sourceId":"id-7e6edceb-d75f-497a-bd67-bb8ccd16d964","targetId":"f38e3ecf-ccdc-4b95-aae9-04abfeb7d527","type":"Assignment"},{"id":"b7bc9f0e-fc23-45c1-813b-7cad30e9a4a3","sourceId":"f38e3ecf-ccdc-4b95-aae9-04abfeb7d527","targetId":"id-3c301740-23c6-44e7-a715-61b6160eacf7","type":"Assignment"},{"id":"id-2ee060e8-2e9f-4d08-b515-c3071e2251de","sourceId":"id-3c301740-23c6-44e7-a715-61b6160eacf7","targetId":"id-9491fc8a-4cf0-4ee6-90b6-2a862eb743bc","type":"Composition"},{"id":"faac6b82-6a2e-4d59-98c6-32088719a6d3","sourceId":"f38e3ecf-ccdc-4b95-aae9-04abfeb7d527","targetId":"id-9491fc8a-4cf0-4ee6-90b6-2a862eb743bc","type":"Assignment"},{"id":"id-943bfca4-5aeb-4d23-9d61-53ff4e0bb98b","sourceId":"id-9491fc8a-4cf0-4ee6-90b6-2a862eb743bc","targetId":"id-45e38cf1-1f87-4e92-8cf4-3c159aecc670","type":"Composition"},{"id":"id-9c2f4761-3e1f-48da-8b25-2887c80593dc","sourceId":"id-9491fc8a-4cf0-4ee6-90b6-2a862eb743bc","targetId":"c20f0c53-474e-47d1-ac46-dbeb3306d287","type":"Composition"},{"id":"a0aa1f8d-9c93-477d-8c26-d68fa9c83b6f","sourceId":"id-9491fc8a-4cf0-4ee6-90b6-2a862eb743bc","targetId":"id-9c719ff2-e9f1-46d3-b210-fc949814c22d","type":"Composition"},{"id":"id-26742251-1692-46f7-b231-94aed0173642","sourceId":"f38e3ecf-ccdc-4b95-aae9-04abfeb7d527","targetId":"id-45e38cf1-1f87-4e92-8cf4-3c159aecc670","type":"Assignment"},{"id":"id-5f11dbf6-89f4-4302-a9b5-bf5a18d21738","sourceId":"f38e3ecf-ccdc-4b95-aae9-04abfeb7d527","targetId":"c20f0c53-474e-47d1-ac46-dbeb3306d287","type":"Assignment"},{"id":"id-4076dbe2-eda0-4070-a03d-111eb10f3bfa","sourceId":"f8d23074-6841-4c45-b459-bbba2e03ddfc","targetId":"id-9c719ff2-e9f1-46d3-b210-fc949814c22d","type":"Assignment"},{"id":"id-02d7163c-6f74-40e1-835f-e847bf20f8a0","sourceId":"id-45e38cf1-1f87-4e92-8cf4-3c159aecc670","targetId":"c20f0c53-474e-47d1-ac46-dbeb3306d287","type":"Triggering"},{"id":"f5315b69-fec8-4271-94b6-431e0b85a1db","sourceId":"c20f0c53-474e-47d1-ac46-dbeb3306d287","targetId":"id-9c719ff2-e9f1-46d3-b210-fc949814c22d","type":"Triggering"},{"id":"id-9c0779fa-2cf6-4595-83d0-8b56d1316fdf","sourceId":"id-64fc0a2c-877c-4294-89db-7a708e2fa54e","targetId":"d5c3083d-23ca-46e0-93c3-f117920672cc","type":"Assignment"},{"id":"ec7fae2e-492a-43ca-8f67-816dff9dc81b","sourceId":"id-64fc0a2c-877c-4294-89db-7a708e2fa54e","targetId":"id-27eb2878-2128-4cb8-869c-7d297a9ee3b5","type":"Assignment"},{"id":"dc5e1c38-59f9-4570-9365-d11461211a0c","sourceId":"id-64fc0a2c-877c-4294-89db-7a708e2fa54e","targetId":"id-03e2f2c8-2a43-44e6-88f6-34b363d452db","type":"Assignment"},{"id":"id-831cec04-38ae-4e61-a20e-63d385db5eb0","sourceId":"id-64fc0a2c-877c-4294-89db-7a708e2fa54e","targetId":"id-8af2da29-5510-44c7-90d0-a2960edabfaf","type":"Assignment"},{"id":"id-6cbaca51-9aea-4bc3-8293-2c657a279aa1","sourceId":"id-64fc0a2c-877c-4294-89db-7a708e2fa54e","targetId":"id-0a497d0c-c00b-4da7-9912-878b6089754b","type":"Assignment"},{"id":"d95e62cc-0f11-4d5a-9489-3cd65646470e","sourceId":"id-8af2da29-5510-44c7-90d0-a2960edabfaf","targetId":"a0f5a1b5-0de1-48d8-b4cd-849d98fd741c","type":"Composition"},{"id":"id-02e8bf9b-d202-42b1-b930-dff0a1df1e86","sourceId":"id-8af2da29-5510-44c7-90d0-a2960edabfaf","targetId":"d90229d0-235c-495d-9cd0-e946c648aee9","type":"Composition"},{"id":"b02c0e66-6c24-440b-beea-c777879bdf04","sourceId":"id-8af2da29-5510-44c7-90d0-a2960edabfaf","targetId":"db8a0f76-ed71-46f7-bf0c-d5737ae7b782","type":"Composition"},{"id":"bc433119-d67b-4a66-bede-f1b21a299dff","sourceId":"db8a0f76-ed71-46f7-bf0c-d5737ae7b782","targetId":"id-9491fc8a-4cf0-4ee6-90b6-2a862eb743bc","type":"Serving"},{"id":"b2fd53ce-ad58-46cf-a12f-a61507a97930","sourceId":"id-64fc0a2c-877c-4294-89db-7a708e2fa54e","targetId":"db8a0f76-ed71-46f7-bf0c-d5737ae7b782","type":"Assignment"},{"id":"id-9350536c-0db4-4969-999f-7b6be0f8bcf0","sourceId":"id-9cd10119-4cd7-46b8-8ce4-64a70278c5cb","targetId":"id-7b06115a-86bb-4e90-8eb6-98d97de19729","type":"Composition"},{"id":"d06ed641-109b-4a18-b09b-65acc3b8807a","sourceId":"id-9cd10119-4cd7-46b8-8ce4-64a70278c5cb","targetId":"id-275671d4-1c0c-41eb-804c-15020e37eaea","type":"Composition"},{"id":"da394fce-e0eb-4765-bbe7-fe0ff7f95108","sourceId":"id-9cd10119-4cd7-46b8-8ce4-64a70278c5cb","targetId":"eb337062-f7e0-46d2-9915-09d8696d500e","type":"Composition"},{"id":"id-6904c98d-7d0b-45af-bd06-091b05779559","sourceId":"id-124cc967-21c4-4786-9d54-b8e39b995883","targetId":"id-9cd10119-4cd7-46b8-8ce4-64a70278c5cb","type":"Specialization"},{"id":"id-067abb4f-ba2c-4cce-96ef-c47f6ea39f62","sourceId":"id-10fcd96d-839e-4746-8378-4fa7c6e5dad2","targetId":"id-9cd10119-4cd7-46b8-8ce4-64a70278c5cb","type":"Specialization"},{"id":"f217d756-c72a-47b7-a0fc-88e0577baae1","sourceId":"e603e160-69bf-4b92-b097-be6d26977fb4","targetId":"id-9cd10119-4cd7-46b8-8ce4-64a70278c5cb","type":"Specialization"},{"id":"id-3a4fb59c-5f2a-4d9e-a83c-560e5ae07911","sourceId":"eb337062-f7e0-46d2-9915-09d8696d500e","targetId":"d7d95d5b-574f-4a6a-aa7b-deeba71f23a9","type":"Assignment"},{"id":"id-14fcecdf-ef12-4f42-9e19-81d40073f786","sourceId":"id-36a97346-d208-4f36-8357-8ff97c1c55d0","targetId":"id-251520ab-4a7f-4dcd-9d4a-7d37a4fede5a","type":"Assignment"},{"id":"id-1e26cbb6-a5ce-4ae4-b079-6969ba23af02","sourceId":"id-124cc967-21c4-4786-9d54-b8e39b995883","targetId":"id-7b06115a-86bb-4e90-8eb6-98d97de19729","type":"Composition"},{"id":"d0476963-700c-49dc-a752-c5b7fcb563f3","sourceId":"id-124cc967-21c4-4786-9d54-b8e39b995883","targetId":"id-275671d4-1c0c-41eb-804c-15020e37eaea","type":"Composition"},{"id":"c878f122-5e75-4dbc-9185-33e0a8badd77","sourceId":"id-10fcd96d-839e-4746-8378-4fa7c6e5dad2","targetId":"id-275671d4-1c0c-41eb-804c-15020e37eaea","type":"Composition"},{"id":"id-821322cd-5abb-44b5-aef0-3ea587ef62f6","sourceId":"id-10fcd96d-839e-4746-8378-4fa7c6e5dad2","targetId":"id-7b06115a-86bb-4e90-8eb6-98d97de19729","type":"Composition"},{"id":"cfbd8aaa-3dea-4ee6-ab2d-b93a5a227c71","sourceId":"e603e160-69bf-4b92-b097-be6d26977fb4","targetId":"eb337062-f7e0-46d2-9915-09d8696d500e","type":"Composition"},{"id":"id-9f97bac1-f680-4aaf-a59e-1735f9f3ab6b","sourceId":"e603e160-69bf-4b92-b097-be6d26977fb4","targetId":"id-275671d4-1c0c-41eb-804c-15020e37eaea","type":"Composition"},{"id":"id-667eb5ec-9edb-4579-91c3-6f00d1c8bd3d","sourceId":"e603e160-69bf-4b92-b097-be6d26977fb4","targetId":"id-7b06115a-86bb-4e90-8eb6-98d97de19729","type":"Composition"},{"id":"f86550ab-9b61-4bb9-a84c-04281f9a2d15","sourceId":"id-36a97346-d208-4f36-8357-8ff97c1c55d0","targetId":"eb337062-f7e0-46d2-9915-09d8696d500e","type":"Specialization"},{"id":"id-96705e03-dd12-4e71-b201-e6acfaf4be00","sourceId":"e603e160-69bf-4b92-b097-be6d26977fb4","targetId":"id-36a97346-d208-4f36-8357-8ff97c1c55d0","type":"Composition"},{"id":"id-141c971a-6e8b-4034-ad66-2914acc41eb2","sourceId":"id-10fcd96d-839e-4746-8378-4fa7c6e5dad2","targetId":"eb337062-f7e0-46d2-9915-09d8696d500e","type":"Composition"},{"id":"id-21561220-f0e5-4bb3-9bd4-6116c1d5cd1a","sourceId":"id-36a97346-d208-4f36-8357-8ff97c1c55d0","targetId":"d7d95d5b-574f-4a6a-aa7b-deeba71f23a9","type":"Assignment"},{"id":"id-23878668-80f9-423b-a0f1-82ac2e8b0e49","sourceId":"eb337062-f7e0-46d2-9915-09d8696d500e","targetId":"id-251520ab-4a7f-4dcd-9d4a-7d37a4fede5a","type":"Assignment"},{"id":"e1394e45-337c-4e39-aa7e-512991360357","sourceId":"id-5d97e090-486a-434f-a728-da1166775230","targetId":"id-9474fdf4-9fb1-4cd3-8bc6-b7c9f0eaf6fa","type":"Composition"},{"id":"id-4ee0a12b-82ef-4eb2-9fad-885955b616ac","sourceId":"id-5d97e090-486a-434f-a728-da1166775230","targetId":"id-8f5a7d08-9ce5-4e2a-8984-5dbdd0d980ed","type":"Composition"},{"id":"id-1974ff96-d6c9-4431-ab9f-4f48ff372a76","sourceId":"id-5d97e090-486a-434f-a728-da1166775230","targetId":"f2e5b31a-8de2-4fe2-90c0-0f3e876f7b3b","type":"Composition"},{"id":"id-6ac65fc8-58b2-4fe1-a701-36bc914bc29a","sourceId":"a4f93812-51ab-41c9-b8db-9253294bf3f7","targetId":"id-10f3acf7-2319-49ab-84f8-9a42246100a0","type":"Assignment"},{"id":"f0993186-22a0-4bb6-85ad-f829faeaab39","sourceId":"a4f93812-51ab-41c9-b8db-9253294bf3f7","targetId":"f2e5b31a-8de2-4fe2-90c0-0f3e876f7b3b","type":"Specialization"},{"id":"id-45bc0c28-af82-4f6a-8f04-d1e0208bee01","sourceId":"e43f30d3-5144-43c9-8c89-4171bbed6d5c","targetId":"f2e5b31a-8de2-4fe2-90c0-0f3e876f7b3b","type":"Specialization"},{"id":"d661d717-46f1-43f0-bfad-0e69bfc6fe39","sourceId":"e43f30d3-5144-43c9-8c89-4171bbed6d5c","targetId":"c63d60ab-22b0-4973-9dd0-4e37bd621fba","type":"Assignment"},{"id":"id-110b1ce7-acee-4c5b-ab8a-f1d9b8397f5e","sourceId":"id-10f3acf7-2319-49ab-84f8-9a42246100a0","targetId":"c63d60ab-22b0-4973-9dd0-4e37bd621fba","type":"Serving"},{"id":"aa484eff-d94a-468b-bf87-400500271f1d","sourceId":"id-9b35e7ac-8844-4da2-b5f5-02480fa441be","targetId":"id-10f3acf7-2319-49ab-84f8-9a42246100a0","type":"Assignment"},{"id":"de9582c0-a2ed-4409-b0da-ce2e163860f0","sourceId":"d39d27f0-261a-4b24-8db3-ec45580ad3d8","targetId":"id-226e0043-b1ab-46fd-a244-6c5af9c80a7a","type":"Assignment"},{"id":"fef1c919-f6b7-4049-b519-02629b930b35","sourceId":"id-1188f745-34b2-444e-9c81-930591821855","targetId":"b2374ca0-8d5b-4194-982b-97521fd6e1ca","type":"Assignment"},{"id":"id-836fcb4b-317d-407d-9348-5f810bfcb047","sourceId":"dacf74ed-7f77-4d60-bfc1-2778d2b93c04","targetId":"d32a292f-1a32-4647-a0c1-cbfad9e35e3b","type":"Composition"},{"id":"e480e978-e70b-4e81-8c31-3af6ad6360dc","sourceId":"b70566e2-fa40-43c4-b18c-322edd4f7121","targetId":"b2374ca0-8d5b-4194-982b-97521fd6e1ca","type":"Assignment"},{"id":"id-254f69b8-523a-4f98-a76e-0085d15cf6fb","sourceId":"d39d27f0-261a-4b24-8db3-ec45580ad3d8","targetId":"id-1188f745-34b2-444e-9c81-930591821855","type":"Specialization"},{"id":"id-746b9d6e-e1b1-4a9a-a97f-c6d82e72e071","sourceId":"dacf74ed-7f77-4d60-bfc1-2778d2b93c04","targetId":"id-6cb22f03-88d8-4fd4-aee2-f3d88ec705e1","type":"Composition"},{"id":"id-4f44e2c8-dc54-490f-af4d-9a1c49ba9d72","sourceId":"dacf74ed-7f77-4d60-bfc1-2778d2b93c04","targetId":"id-6b4c3f70-1630-46ad-98e0-c3b4e8945ef2","type":"Composition"},{"id":"ecec25c3-9b8d-4441-a324-1ef8adddc81f","sourceId":"b2374ca0-8d5b-4194-982b-97521fd6e1ca","targetId":"id-226e0043-b1ab-46fd-a244-6c5af9c80a7a","type":"Serving"},{"id":"id-018f0614-45c0-4d0c-84b6-0a7190fa5710","sourceId":"id-1188f745-34b2-444e-9c81-930591821855","targetId":"id-6b4c3f70-1630-46ad-98e0-c3b4e8945ef2","type":"Specialization"},{"id":"id-1588f216-c4da-47e2-828e-a361dad60107","sourceId":"ffae911a-682e-4543-be5f-db04b65e633e","targetId":"d39d27f0-261a-4b24-8db3-ec45580ad3d8","type":"Composition"},{"id":"id-6e3835d0-cb44-4986-a653-bf3b89bedd32","sourceId":"ffae911a-682e-4543-be5f-db04b65e633e","targetId":"d32a292f-1a32-4647-a0c1-cbfad9e35e3b","type":"Composition"},{"id":"id-83a07eb0-4991-44c0-896b-8cb30f8771c3","sourceId":"ffae911a-682e-4543-be5f-db04b65e633e","targetId":"id-6cb22f03-88d8-4fd4-aee2-f3d88ec705e1","type":"Composition"},{"id":"id-29102945-5b63-4081-bd27-e2b42fbc82fa","sourceId":"id-59669e84-e59c-4397-b51f-b0e957ea0b43","targetId":"dacf74ed-7f77-4d60-bfc1-2778d2b93c04","type":"Realization"},{"id":"id-23fdb698-08fb-4b5d-9691-6100ca656ab7","sourceId":"b75b0dbd-5b0b-4d8a-9458-1a2ff8089aa0","targetId":"ffae911a-682e-4543-be5f-db04b65e633e","type":"Realization"},{"id":"id-3caaa0ee-8518-4aa1-8497-951638f8fc8b","sourceId":"id-26bd2b6a-00e7-4cbe-81e0-71681e0ca60f","targetId":"id-59669e84-e59c-4397-b51f-b0e957ea0b43","type":"Association"},{"id":"id-52ea4466-cf33-4084-9e6d-c5a492e60d7e","sourceId":"id-26bd2b6a-00e7-4cbe-81e0-71681e0ca60f","targetId":"b75b0dbd-5b0b-4d8a-9458-1a2ff8089aa0","type":"Association"},{"id":"id-7566c597-2df5-4187-aabf-15c0b6d9a571","sourceId":"id-59669e84-e59c-4397-b51f-b0e957ea0b43","targetId":"b75b0dbd-5b0b-4d8a-9458-1a2ff8089aa0","type":"Triggering"},{"id":"e99b0391-04f5-4454-a537-73d4b783c6dc","sourceId":"id-124cc967-21c4-4786-9d54-b8e39b995883","targetId":"c392cf59-79af-4942-960b-af2eb63b999c","type":"Serving"},{"id":"a5d9a3f9-1048-440b-aaf5-dbbf259d2e2c","sourceId":"id-124cc967-21c4-4786-9d54-b8e39b995883","targetId":"id-46628f33-2f78-480b-8831-8cc5d012fcde","type":"Association"},{"id":"cfdaccf7-8103-4561-81f3-975958157cc0","sourceId":"id-10fcd96d-839e-4746-8378-4fa7c6e5dad2","targetId":"id-811d6343-057c-468b-90b4-85d144d9bec1","type":"Association"},{"id":"id-8036067a-509b-43e0-93c9-212e9ae681db","sourceId":"e603e160-69bf-4b92-b097-be6d26977fb4","targetId":"id-22e7fb01-04c7-4c0d-8d26-8cba8280ab4b","type":"Association"},{"id":"id-6ccf9c15-2427-40ad-be80-3c3269a4d67f","sourceId":"id-10fcd96d-839e-4746-8378-4fa7c6e5dad2","targetId":"id-83a7ef00-0117-4bef-8d2c-d98353de302e","type":"Serving"},{"id":"id-50fcbe76-8634-421f-9da2-a0a8559d51e3","sourceId":"e603e160-69bf-4b92-b097-be6d26977fb4","targetId":"id-974d0155-cb0a-45c7-a5c8-027de05118b3","type":"Serving"},{"id":"d1007e48-1256-496c-869f-3f39d1198d5a","sourceId":"id-6e9bd9c2-7b52-40c3-9f16-514ca6dd74d4","targetId":"id-8ff315a6-5143-4393-9472-ad930cd58e8b","type":"Specialization"},{"id":"e768ece5-4cce-4c45-98fb-22648a978b52","sourceId":"id-08179b31-1331-4f07-ad8a-5d4c61a03c0d","targetId":"id-8ff315a6-5143-4393-9472-ad930cd58e8b","type":"Specialization"},{"id":"id-7a8586a5-372b-42ba-b445-2a550d15b099","sourceId":"id-9f9e52a1-fecd-40d2-9746-bf4f4b94e728","targetId":"id-6e9bd9c2-7b52-40c3-9f16-514ca6dd74d4","type":"Specialization"},{"id":"df161957-962d-43dc-a9d6-e3a12147f7b9","sourceId":"id-069e7ab9-0fc6-44e0-b354-2d37192c3ae0","targetId":"id-08179b31-1331-4f07-ad8a-5d4c61a03c0d","type":"Specialization"},{"id":"id-71344528-8d65-4a8c-b719-d771cde03400","sourceId":"id-71e767b7-8259-4cc9-bc58-0dcbbafe0725","targetId":"id-53382cac-e35a-412b-b621-fbebfeac43ab","type":"Specialization"},{"id":"id-0a9574fc-3aa9-4720-8084-806fee335dc5","sourceId":"f3007fa6-ff44-4132-b82c-781103d8aae5","targetId":"id-841f3852-00c4-4120-8d33-f5fdcca783b6","type":"Specialization"},{"id":"b850bed0-4a1e-4635-ba18-442255015ede","sourceId":"id-53382cac-e35a-412b-b621-fbebfeac43ab","targetId":"id-8ff315a6-5143-4393-9472-ad930cd58e8b","type":"Specialization"},{"id":"b7dbf9a5-7344-4a68-80e4-495f390963f1","sourceId":"id-841f3852-00c4-4120-8d33-f5fdcca783b6","targetId":"id-8ff315a6-5143-4393-9472-ad930cd58e8b","type":"Specialization"},{"id":"a3a75c35-fdb7-4f1d-a9ef-77d9ae397792","sourceId":"id-0da233e6-6bd7-4572-842b-97f244433043","targetId":"id-7d4f11ba-e2b0-46c3-b73d-1e8f6037423d","type":"Specialization"},{"id":"b7435dff-7309-4fd1-9fa9-d634e34e1c1a","sourceId":"id-88660876-f5d3-4f6e-ae7f-f323f51bfa35","targetId":"id-7d4f11ba-e2b0-46c3-b73d-1e8f6037423d","type":"Specialization"},{"id":"a7f44dc8-dec1-4035-a68c-8939fec46e01","sourceId":"id-5044066c-83fb-46e8-aaa4-8f0d5fd6b29c","targetId":"id-7d4f11ba-e2b0-46c3-b73d-1e8f6037423d","type":"Specialization"},{"id":"id-856a68f2-70aa-493d-8c48-ef571fb1474c","sourceId":"id-2b3498ad-f98c-406f-b27a-67a7492aa58d","targetId":"id-9e1b78e6-11e4-4508-885f-384a0ab2c6bc","type":"Composition"},{"id":"id-817aaebb-ab43-4df6-8fe1-ca1bfa80d8ce","sourceId":"id-382b5035-db13-44fa-a365-eb9cf0cad0f0","targetId":"b51bf695-296b-4c08-ad56-e0d4f1dec325","type":"Assignment"},{"id":"c8096a01-02e8-4323-a36b-8126887b2873","sourceId":"b51bf695-296b-4c08-ad56-e0d4f1dec325","targetId":"id-2b3498ad-f98c-406f-b27a-67a7492aa58d","type":"Assignment"},{"id":"bff7ca10-a277-4af3-8f7a-6c95e54638cf","sourceId":"b51bf695-296b-4c08-ad56-e0d4f1dec325","targetId":"id-9e1b78e6-11e4-4508-885f-384a0ab2c6bc","type":"Assignment"},{"id":"d4347324-ee0d-4297-bc1a-c16b198ec37d","sourceId":"id-7d4f11ba-e2b0-46c3-b73d-1e8f6037423d","targetId":"id-2b3498ad-f98c-406f-b27a-67a7492aa58d","type":"Association"},{"id":"ce7eb33e-14a2-4d18-aebb-66215afd0025","sourceId":"id-7d4f11ba-e2b0-46c3-b73d-1e8f6037423d","targetId":"c8096a01-02e8-4323-a36b-8126887b2873","type":"Association"},{"id":"e8ac8ae5-9302-43a6-903b-6e4f46a7b640","sourceId":"id-7d4f11ba-e2b0-46c3-b73d-1e8f6037423d","targetId":"b51bf695-296b-4c08-ad56-e0d4f1dec325","type":"Association"},{"id":"f14dde82-3cda-4cce-971c-ff43f1f64c11","sourceId":"id-7d4f11ba-e2b0-46c3-b73d-1e8f6037423d","targetId":"id-817aaebb-ab43-4df6-8fe1-ca1bfa80d8ce","type":"Association"},{"id":"id-9921de49-40ec-4d4c-a9af-8a68b809bb21","sourceId":"id-7d4f11ba-e2b0-46c3-b73d-1e8f6037423d","targetId":"id-382b5035-db13-44fa-a365-eb9cf0cad0f0","type":"Association"}],"views":[{"id":"id-16cbc7ba-9dd0-434c-8f53-e19e2137f090","name":"Figure-01","viewpoint":""},{"id":"id-331cda17-203c-469d-a6ee-2f010bfb0ff3","name":"Figure-04","viewpoint":""},{"id":"id-6abde054-dc47-4587-bfcf-56255471fd5a","name":"Figure-05","viewpoint":""},{"id":"a413cccc-e62d-4661-98b9-342b4381d512","name":"Figure-06","viewpoint":""},{"id":"f48128a3-52d2-49a9-a9c1-6e3aca214f32","name":"Figure-07","viewpoint":""},{"id":"fb4ee451-f99e-4bae-9a81-d90f5dcb3ff6","name":"Figure-08","viewpoint":""},{"id":"id-5a26c818-6255-4fc9-9bd0-2046fe58887f","name":"Figure-09","viewpoint":""},{"id":"id-2fef3f2e-048e-4af4-beb1-61dc0db17e30","name":"Figure-10","viewpoint":""},{"id":"id-01424516-18f8-4741-8321-0d75adc7c5f9","name":"Figure-11","viewpoint":""},{"id":"id-993cfcf9-1e71-4cf4-88fd-6f9d926b4c92","name":"Figure-12","viewpoint":""},{"id":"id-5fa8b112-270f-49c1-b1a8-473e69535d60","name":"Figure-13","viewpoint":""},{"id":"id-34e69eda-57c4-4b02-bb61-dbc9c8d2686e","name":"Figure-14","viewpoint":""},{"id":"id-896747e6-c4a5-485b-80a2-0bab5b3c3221","name":"Figure-15","viewpoint":""},{"id":"eb9ab898-2e24-498b-8e42-98ab2bf0cad5","name":"Figure-16","viewpoint":""}]}