"ID","Type","Name","Documentation","Source","Target","Specialization"
"_viZjsyfbEeuxZMUIY-ihGw","ServingRelationship","","","_viZjjyfbEeuxZMUIY-ihGw","_viZjpyfbEeuxZMUIY-ihGw",""
"_viZjtSfbEeuxZMUIY-ihGw","ServingRelationship","","","_viZjjSfbEeuxZMUIY-ihGw","_viZjpyfbEeuxZMUIY-ihGw",""
"_viZjtyfbEeuxZMUIY-ihGw","ServingRelationship","","","_viZjpyfbEeuxZMUIY-ihGw","_viZjoyfbEeuxZMUIY-ihGw",""
"_viZjuSfbEeuxZMUIY-ihGw","ServingRelationship","","","_viZjoyfbEeuxZMUIY-ihGw","_viZjpyfbEeuxZMUIY-ihGw",""
"_viZjuyfbEeuxZMUIY-ihGw","ServingRelationship","","","_viZjpyfbEeuxZMUIY-ihGw","_viZjjSfbEeuxZMUIY-ihGw",""
"_viZjvSfbEeuxZMUIY-ihGw","ServingRelationship","","","_viZjoyfbEeuxZMUIY-ihGw","_viZjpSfbEeuxZMUIY-ihGw",""
"_viZjvyfbEeuxZMUIY-ihGw","ServingRelationship","","","_viZjpSfbEeuxZMUIY-ihGw","_viZjoyfbEeuxZMUIY-ihGw",""
"_viZjwSfbEeuxZMUIY-ihGw","ServingRelationship","","","_viZjoyfbEeuxZMUIY-ihGw","_viZjnSfbEeuxZMUIY-ihGw",""
"_viZjwyfbEeuxZMUIY-ihGw","ServingRelationship","","","_viZjnSfbEeuxZMUIY-ihGw","_viZjoyfbEeuxZMUIY-ihGw",""
"_viZjzSfbEeuxZMUIY-ihGw","ServingRelationship","","","_viZjoyfbEeuxZMUIY-ihGw","_viZjqyfbEeuxZMUIY-ihGw",""
"_viZjzyfbEeuxZMUIY-ihGw","ServingRelationship","","","_viZjqyfbEeuxZMUIY-ihGw","_viZjmSfbEeuxZMUIY-ihGw",""
"_viZj0SfbEeuxZMUIY-ihGw","ServingRelationship","","","_viZjmSfbEeuxZMUIY-ihGw","_viZjmyfbEeuxZMUIY-ihGw",""
"_viZj0yfbEeuxZMUIY-ihGw","ServingRelationship","","","_viZjoyfbEeuxZMUIY-ihGw","_viZjkSfbEeuxZMUIY-ihGw",""
"_viZj1SfbEeuxZMUIY-ihGw","ServingRelationship","","","_viZjjSfbEeuxZMUIY-ihGw","_viZjryfbEeuxZMUIY-ihGw",""
"_viZj1yfbEeuxZMUIY-ihGw","ServingRelationship","","","_viZjryfbEeuxZMUIY-ihGw","_viZjoyfbEeuxZMUIY-ihGw",""
"_viZjsSfbEeuxZMUIY-ihGw","ServingRelationship","Notifications","","_viZjkSfbEeuxZMUIY-ihGw","_viZjjyfbEeuxZMUIY-ihGw",""