<?xml version="1.0" encoding="UTF-8"?>
<model xmlns="http://www.opengroup.org/xsd/archimate/3.0/" xmlns:xsi="http://www.w3.org/2001/XMLSchema-instance" xsi:schemaLocation="http://www.opengroup.org/xsd/archimate/3.0/ http://www.opengroup.org/xsd/archimate/3.1/archimate3_Diagram.xsd" identifier="e85fd8e8">
  <name xml:lang="en">whore_parser</name>
  <elements>
    <element identifier="a6acc659" xsi:type="BusinessActor">
      <name xml:lang="en">Developer</name>
    </element>
    <element identifier="f68876d7" xsi:type="BusinessActor">
      <name xml:lang="en">Administrator</name>
    </element>
    <element identifier="id-219e72b2" xsi:type="BusinessRole">
      <name xml:lang="en">spider creator</name>
    </element>
    <element identifier="id-0fe3a9ec" xsi:type="BusinessRole">
      <name xml:lang="en">spider fixer</name>
    </element>
    <element identifier="id-94712d04" xsi:type="BusinessService">
      <name xml:lang="en">Business Service</name>
    </element>
    <element identifier="id-4ede5ef2" xsi:type="BusinessService">
      <name xml:lang="en">parser creation</name>
    </element>
    <element identifier="dddad5da" xsi:type="BusinessService">
      <name xml:lang="en">parser execution</name>
    </element>
    <element identifier="id-368a0574" xsi:type="BusinessRole">
      <name xml:lang="en">executor</name>
    </element>
    <element identifier="id-2c9e6c82" xsi:type="BusinessFunction">
      <name xml:lang="en">find actual resource</name>
    </element>
    <element identifier="id-2ce6f26a" xsi:type="BusinessProcess">
      <name xml:lang="en">Business Process</name>
    </element>
    <element identifier="id-8ef6917a" xsi:type="BusinessRole">
      <name xml:lang="en">Business Role</name>
    </element>
    <element identifier="id-016d244c" xsi:type="BusinessRole">
      <name xml:lang="en">investigator</name>
    </element>
    <element identifier="a31e983d" xsi:type="ApplicationComponent">
      <name xml:lang="en">spider</name>
      <properties>
        <property propertyDefinitionRef="propid-1">
          <value xml:lang="en">true</value>
        </property>
        <property propertyDefinitionRef="propid-2">
          <value xml:lang="en">true</value>
        </property>
      </properties>
    </element>
    <element identifier="id-8cb538ab" xsi:type="ApplicationComponent">
      <name xml:lang="en">reestr</name>
      <documentation xml:lang="en">com.cherkashyn.vitalii.osgi.reestr.SpiderServiceListener</documentation>
      <properties>
        <property propertyDefinitionRef="propid-3">
          <value xml:lang="en">true</value>
        </property>
        <property propertyDefinitionRef="propid-2">
          <value xml:lang="en">true</value>
        </property>
      </properties>
    </element>
    <element identifier="id-96089211" xsi:type="ApplicationComponent">
      <name xml:lang="en">executor</name>
      <properties>
        <property propertyDefinitionRef="propid-1">
          <value xml:lang="en">true</value>
        </property>
        <property propertyDefinitionRef="propid-2">
          <value xml:lang="en">true</value>
        </property>
      </properties>
    </element>
    <element identifier="ec50cae0" xsi:type="ApplicationComponent">
      <name xml:lang="en">GUI</name>
    </element>
    <element identifier="e5ce9a30" xsi:type="ApplicationComponent">
      <name xml:lang="en">image-saver</name>
      <documentation xml:lang="en">com.cherkashyn.vitalii.whore.imagesaver.ImageSaverDisk</documentation>
      <properties>
        <property propertyDefinitionRef="propid-3">
          <value xml:lang="en">true</value>
        </property>
        <property propertyDefinitionRef="propid-2">
          <value xml:lang="en">true</value>
        </property>
      </properties>
    </element>
    <element identifier="id-70ba4346" xsi:type="ApplicationComponent">
      <name xml:lang="en">element-saver</name>
      <documentation xml:lang="en">com.cherkashyn.vitalii.whore.elementsaver.ElementSaverDisk</documentation>
      <properties>
        <property propertyDefinitionRef="propid-3">
          <value xml:lang="en">true</value>
        </property>
        <property propertyDefinitionRef="propid-2">
          <value xml:lang="en">true</value>
        </property>
      </properties>
    </element>
    <element identifier="id-4324e7ec" xsi:type="ApplicationInterface">
      <name xml:lang="en">Application Interface</name>
    </element>
    <element identifier="id-98098168" xsi:type="ApplicationComponent">
      <name xml:lang="en">parser-controller</name>
      <documentation xml:lang="en">com.cherkashyn.vitalii.whore.parsercontroller.ParserControllerDb</documentation>
      <properties>
        <property propertyDefinitionRef="propid-3">
          <value xml:lang="en">true</value>
        </property>
        <property propertyDefinitionRef="propid-2">
          <value xml:lang="en">true</value>
        </property>
      </properties>
    </element>
    <element identifier="id-78fb01f3" xsi:type="ApplicationComponent">
      <name xml:lang="en">interfaces</name>
    </element>
    <element identifier="id-0144e4f5" xsi:type="ApplicationComponent">
      <name xml:lang="en">image-saver-disk</name>
      <properties>
        <property propertyDefinitionRef="propid-3">
          <value xml:lang="en">true</value>
        </property>
        <property propertyDefinitionRef="propid-2">
          <value xml:lang="en">true</value>
        </property>
      </properties>
    </element>
    <element identifier="id-4ef0cc54" xsi:type="ApplicationComponent">
      <name xml:lang="en">web-spider</name>
    </element>
    <element identifier="id-74d80b9e" xsi:type="ApplicationComponent">
      <name xml:lang="en">spider-sexkiev</name>
      <properties>
        <property propertyDefinitionRef="propid-1">
          <value xml:lang="en">true</value>
        </property>
        <property propertyDefinitionRef="propid-3">
          <value xml:lang="en">true</value>
        </property>
        <property propertyDefinitionRef="propid-2">
          <value xml:lang="en">true</value>
        </property>
      </properties>
    </element>
    <element identifier="id-0371d363" xsi:type="Device">
      <name xml:lang="en">Device</name>
    </element>
    <element identifier="id-0f3d56ec" xsi:type="SystemSoftware">
      <name xml:lang="en">File System</name>
    </element>
    <element identifier="fc0a0960" xsi:type="SystemSoftware">
      <name xml:lang="en">JMS</name>
    </element>
    <element identifier="cb08f71a" xsi:type="Artifact">
      <name xml:lang="en">Image</name>
    </element>
    <element identifier="cb86f217" xsi:type="Artifact">
      <name xml:lang="en">XML descriptor</name>
    </element>
    <element identifier="e02bcca7" xsi:type="Artifact">
      <name xml:lang="en">process metadata</name>
    </element>
    <element identifier="ce1c308c" xsi:type="SystemSoftware">
      <name xml:lang="en">DataBase</name>
    </element>
    <element identifier="id-03a035ce" xsi:type="Goal">
      <name xml:lang="en">maintainance</name>
    </element>
    <element identifier="id-54ca17c0" xsi:type="Goal">
      <name xml:lang="en">growing</name>
    </element>
    <element identifier="e436f29f" xsi:type="Deliverable">
      <name xml:lang="en">Deliverable</name>
    </element>
  </elements>
  <relationships>
    <relationship identifier="id-4f35995d" source="a6acc659" target="id-219e72b2" xsi:type="Assignment" />
    <relationship identifier="ee23cae4" source="a6acc659" target="id-0fe3a9ec" xsi:type="Assignment" />
    <relationship identifier="c8ca2229" source="id-0fe3a9ec" target="id-03a035ce" xsi:type="Realization" />
    <relationship identifier="id-5e2e1ed3" source="id-219e72b2" target="id-54ca17c0" xsi:type="Realization" />
    <relationship identifier="id-8707fb1b" source="id-219e72b2" target="id-4ede5ef2" xsi:type="Realization" />
    <relationship identifier="id-682e0d33" source="a6acc659" target="id-368a0574" xsi:type="Assignment" />
    <relationship identifier="id-2e43bb0d" source="f68876d7" target="id-368a0574" xsi:type="Assignment" />
    <relationship identifier="id-6c67517b" source="id-368a0574" target="dddad5da" xsi:type="Realization" />
    <relationship identifier="e53314ba" source="a31e983d" target="id-8cb538ab" xsi:type="Serving" />
    <relationship identifier="id-2fea378d" source="id-8cb538ab" target="id-96089211" xsi:type="Serving" />
    <relationship identifier="id-60f1dda2" source="id-96089211" target="ec50cae0" xsi:type="Serving" />
    <relationship identifier="id-332434d4" source="e5ce9a30" target="a31e983d" xsi:type="Serving" />
    <relationship identifier="id-46806cfb" source="id-70ba4346" target="a31e983d" xsi:type="Serving" />
    <relationship identifier="bca643c5" source="fc0a0960" target="id-70ba4346" xsi:type="Serving" />
    <relationship identifier="c2255374" source="id-0f3d56ec" target="e5ce9a30" xsi:type="Serving" />
    <relationship identifier="ae65ecce" source="cb08f71a" target="id-0f3d56ec" xsi:type="Association" />
    <relationship identifier="id-88f2653b" source="cb86f217" target="fc0a0960" xsi:type="Association" />
    <relationship identifier="id-262918bd" source="cb86f217" target="cb08f71a" xsi:type="Aggregation" />
    <relationship identifier="id-2bf69e12" source="id-98098168" target="a31e983d" xsi:type="Serving" />
    <relationship identifier="id-063aab7e" source="ce1c308c" target="id-98098168" xsi:type="Serving" />
    <relationship identifier="id-079c7a8d" source="ce1c308c" target="e02bcca7" xsi:type="Association" />
    <relationship identifier="id-77f93925" source="cb86f217" target="e02bcca7" xsi:type="Aggregation" />
    <relationship identifier="id-32b49d55" source="id-016d244c" target="id-54ca17c0" xsi:type="Realization" />
    <relationship identifier="c56abf4c" source="id-0144e4f5" target="e5ce9a30" xsi:type="Specialization" />
    <relationship identifier="id-74d1590f" source="id-78fb01f3" target="e5ce9a30" xsi:type="Serving" />
    <relationship identifier="f9e67366" source="id-78fb01f3" target="id-8cb538ab" xsi:type="Serving" />
    <relationship identifier="id-0cc47e5b" source="id-78fb01f3" target="id-4ef0cc54" xsi:type="Serving" />
    <relationship identifier="id-9104623b" source="id-74d80b9e" target="id-4ef0cc54" xsi:type="Specialization" />
    <relationship identifier="id-52b3cf5a" source="id-78fb01f3" target="id-4ef0cc54" xsi:type="Serving" />
    <relationship identifier="a2efa706" source="id-78fb01f3" target="id-98098168" xsi:type="Serving" />
    <relationship identifier="id-4c74dbaf" source="id-78fb01f3" target="id-70ba4346" xsi:type="Serving" />
    <relationship identifier="id-330722a1" source="id-74d80b9e" target="id-8cb538ab" xsi:type="Serving" />
    <relationship identifier="id-00e937d4" source="id-70ba4346" target="id-74d80b9e" xsi:type="Serving" />
    <relationship identifier="id-8aa2b92a" source="id-98098168" target="id-74d80b9e" xsi:type="Serving" />
    <relationship identifier="id-08925eec" source="id-0144e4f5" target="id-74d80b9e" xsi:type="Serving" />
  </relationships>
  <organizations>
    <item>
      <label xml:lang="en">Business</label>
      <item identifierRef="a6acc659" />
      <item identifierRef="f68876d7" />
      <item identifierRef="id-219e72b2" />
      <item identifierRef="id-0fe3a9ec" />
      <item identifierRef="id-94712d04" />
      <item identifierRef="id-4ede5ef2" />
      <item identifierRef="dddad5da" />
      <item identifierRef="id-368a0574" />
      <item identifierRef="id-2c9e6c82" />
      <item identifierRef="id-2ce6f26a" />
      <item identifierRef="id-8ef6917a" />
      <item identifierRef="id-016d244c" />
    </item>
    <item>
      <label xml:lang="en">Application</label>
      <item identifierRef="a31e983d" />
      <item identifierRef="id-8cb538ab" />
      <item identifierRef="id-96089211" />
      <item identifierRef="ec50cae0" />
      <item identifierRef="e5ce9a30" />
      <item identifierRef="id-70ba4346" />
      <item identifierRef="id-4324e7ec" />
      <item identifierRef="id-98098168" />
      <item identifierRef="id-78fb01f3" />
      <item identifierRef="id-0144e4f5" />
      <item identifierRef="id-4ef0cc54" />
      <item identifierRef="id-74d80b9e" />
    </item>
    <item>
      <label xml:lang="en">Technology &amp; Physical</label>
      <item identifierRef="id-0371d363" />
      <item identifierRef="id-0f3d56ec" />
      <item identifierRef="fc0a0960" />
      <item identifierRef="cb08f71a" />
      <item identifierRef="cb86f217" />
      <item identifierRef="e02bcca7" />
      <item identifierRef="ce1c308c" />
    </item>
    <item>
      <label xml:lang="en">Motivation</label>
      <item identifierRef="id-03a035ce" />
      <item identifierRef="id-54ca17c0" />
    </item>
    <item>
      <label xml:lang="en">Implementation &amp; Migration</label>
      <item identifierRef="e436f29f" />
    </item>
    <item>
      <label xml:lang="en">Relations</label>
      <item identifierRef="id-4f35995d" />
      <item identifierRef="ee23cae4" />
      <item identifierRef="c8ca2229" />
      <item identifierRef="id-5e2e1ed3" />
      <item identifierRef="id-8707fb1b" />
      <item identifierRef="id-682e0d33" />
      <item identifierRef="id-2e43bb0d" />
      <item identifierRef="id-6c67517b" />
      <item identifierRef="e53314ba" />
      <item identifierRef="id-2fea378d" />
      <item identifierRef="id-60f1dda2" />
      <item identifierRef="id-332434d4" />
      <item identifierRef="id-46806cfb" />
      <item identifierRef="bca643c5" />
      <item identifierRef="c2255374" />
      <item identifierRef="ae65ecce" />
      <item identifierRef="id-88f2653b" />
      <item identifierRef="id-262918bd" />
      <item identifierRef="id-2bf69e12" />
      <item identifierRef="id-063aab7e" />
      <item identifierRef="id-079c7a8d" />
      <item identifierRef="id-77f93925" />
      <item identifierRef="id-32b49d55" />
      <item identifierRef="c56abf4c" />
      <item identifierRef="id-74d1590f" />
      <item identifierRef="f9e67366" />
      <item identifierRef="id-0cc47e5b" />
      <item identifierRef="id-9104623b" />
      <item identifierRef="id-52b3cf5a" />
      <item identifierRef="a2efa706" />
      <item identifierRef="id-4c74dbaf" />
      <item identifierRef="id-330722a1" />
      <item identifierRef="id-00e937d4" />
      <item identifierRef="id-8aa2b92a" />
      <item identifierRef="id-08925eec" />
    </item>
    <item>
      <label xml:lang="en">Views</label>
      <item identifierRef="id-4bc09c4f" />
      <item identifierRef="id-53f440b1" />
      <item identifierRef="id-7e66bcb3" />
    </item>
  </organizations>
  <propertyDefinitions>
    <propertyDefinition identifier="propid-2" type="string">
      <name>blueprint</name>
    </propertyDefinition>
    <propertyDefinition identifier="propid-1" type="string">
      <name>blueprint-consumer</name>
    </propertyDefinition>
    <propertyDefinition identifier="propid-3" type="string">
      <name>blueprint-provider</name>
    </propertyDefinition>
  </propertyDefinitions>
  <views>
    <diagrams>
      <view identifier="id-4bc09c4f" xsi:type="Diagram">
        <name xml:lang="en">parser_process</name>
        <node identifier="id-861c66ee" elementRef="a6acc659" xsi:type="Element" x="168" y="24" w="120" h="55">
          <style>
            <fillColor r="255" g="255" b="181" a="100" />
            <lineColor r="92" g="92" b="92" a="100" />
            <font name="Lucida Grande" size="12">
              <color r="0" g="0" b="0" />
            </font>
          </style>
        </node>
        <node identifier="d2b49e3e" elementRef="f68876d7" xsi:type="Element" x="516" y="24" w="145" h="55">
          <style>
            <fillColor r="255" g="255" b="181" a="100" />
            <lineColor r="92" g="92" b="92" a="100" />
            <font name="Lucida Grande" size="12">
              <color r="0" g="0" b="0" />
            </font>
          </style>
        </node>
        <node identifier="id-7570cbf3" elementRef="id-219e72b2" xsi:type="Element" x="180" y="114" w="85" h="55">
          <style>
            <fillColor r="255" g="255" b="181" a="100" />
            <lineColor r="92" g="92" b="92" a="100" />
            <font name="Lucida Grande" size="12">
              <color r="0" g="0" b="0" />
            </font>
          </style>
        </node>
        <node identifier="id-221e8b31" elementRef="id-0fe3a9ec" xsi:type="Element" x="216" y="204" w="84" h="55">
          <style>
            <fillColor r="255" g="255" b="181" a="100" />
            <lineColor r="92" g="92" b="92" a="100" />
            <font name="Lucida Grande" size="12">
              <color r="0" g="0" b="0" />
            </font>
          </style>
        </node>
        <node identifier="id-4c731365" elementRef="id-03a035ce" xsi:type="Element" x="12" y="204" w="120" h="55">
          <style>
            <fillColor r="204" g="204" b="255" a="100" />
            <lineColor r="92" g="92" b="92" a="100" />
            <font name="Lucida Grande" size="12">
              <color r="0" g="0" b="0" />
            </font>
          </style>
        </node>
        <node identifier="ea66251e" elementRef="id-54ca17c0" xsi:type="Element" x="12" y="114" w="120" h="55">
          <style>
            <fillColor r="204" g="204" b="255" a="100" />
            <lineColor r="92" g="92" b="92" a="100" />
            <font name="Lucida Grande" size="12">
              <color r="0" g="0" b="0" />
            </font>
          </style>
        </node>
        <node identifier="ea877d64" elementRef="id-4ede5ef2" xsi:type="Element" x="276" y="299" w="96" h="43">
          <style>
            <fillColor r="255" g="255" b="181" a="100" />
            <lineColor r="92" g="92" b="92" a="100" />
            <font name="Lucida Grande" size="12">
              <color r="0" g="0" b="0" />
            </font>
          </style>
        </node>
        <node identifier="id-90950e8c" elementRef="dddad5da" xsi:type="Element" x="536" y="260" w="105" h="40">
          <style>
            <fillColor r="255" g="255" b="181" a="100" />
            <lineColor r="92" g="92" b="92" a="100" />
            <font name="Lucida Grande" size="12">
              <color r="0" g="0" b="0" />
            </font>
          </style>
        </node>
        <node identifier="id-8f254323" elementRef="id-368a0574" xsi:type="Element" x="529" y="144" w="120" h="31">
          <style>
            <fillColor r="255" g="255" b="181" a="100" />
            <lineColor r="92" g="92" b="92" a="100" />
            <font name="Lucida Grande" size="12">
              <color r="0" g="0" b="0" />
            </font>
          </style>
        </node>
        <node identifier="id-3891016b" elementRef="id-2c9e6c82" xsi:type="Element" x="192" y="360" w="120" h="55">
          <style>
            <fillColor r="255" g="255" b="181" a="100" />
            <lineColor r="92" g="92" b="92" a="100" />
            <font name="Lucida Grande" size="12">
              <color r="0" g="0" b="0" />
            </font>
          </style>
        </node>
        <node identifier="id-3e52db88" elementRef="id-016d244c" xsi:type="Element" x="336" y="174" w="120" h="37">
          <style>
            <fillColor r="255" g="255" b="181" a="100" />
            <lineColor r="92" g="92" b="92" a="100" />
            <font name="Lucida Grande" size="12">
              <color r="0" g="0" b="0" />
            </font>
          </style>
        </node>
        <connection identifier="a2df1303" relationshipRef="id-4f35995d" xsi:type="Relationship" source="id-861c66ee" target="id-7570cbf3">
          <style>
            <lineColor r="0" g="0" b="0" />
            <font name="Lucida Grande" size="12">
              <color r="0" g="0" b="0" />
            </font>
          </style>
        </connection>
        <connection identifier="id-189f5f7d" relationshipRef="ee23cae4" xsi:type="Relationship" source="id-861c66ee" target="id-221e8b31">
          <style>
            <lineColor r="0" g="0" b="0" />
            <font name="Lucida Grande" size="12">
              <color r="0" g="0" b="0" />
            </font>
          </style>
          <bendpoint x="288" y="108" />
          <bendpoint x="288" y="168" />
        </connection>
        <connection identifier="id-1fdb52df" relationshipRef="id-682e0d33" xsi:type="Relationship" source="id-861c66ee" target="id-8f254323">
          <style>
            <lineColor r="0" g="0" b="0" />
            <font name="Lucida Grande" size="12">
              <color r="0" g="0" b="0" />
            </font>
          </style>
        </connection>
        <connection identifier="e96f1e97" relationshipRef="id-2e43bb0d" xsi:type="Relationship" source="d2b49e3e" target="id-8f254323">
          <style>
            <lineColor r="0" g="0" b="0" />
            <font name="Lucida Grande" size="12">
              <color r="0" g="0" b="0" />
            </font>
          </style>
        </connection>
        <connection identifier="id-1dc45925" relationshipRef="id-5e2e1ed3" xsi:type="Relationship" source="id-7570cbf3" target="ea66251e">
          <style>
            <lineColor r="0" g="0" b="0" />
            <font name="Lucida Grande" size="12">
              <color r="0" g="0" b="0" />
            </font>
          </style>
        </connection>
        <connection identifier="c84b5f43" relationshipRef="id-8707fb1b" xsi:type="Relationship" source="id-7570cbf3" target="ea877d64">
          <style>
            <lineColor r="0" g="0" b="0" />
            <font name="Lucida Grande" size="12">
              <color r="0" g="0" b="0" />
            </font>
          </style>
          <bendpoint x="324" y="144" />
        </connection>
        <connection identifier="id-84bd50cd" relationshipRef="c8ca2229" xsi:type="Relationship" source="id-221e8b31" target="id-4c731365">
          <style>
            <lineColor r="0" g="0" b="0" />
            <font name="Lucida Grande" size="12">
              <color r="0" g="0" b="0" />
            </font>
          </style>
        </connection>
        <connection identifier="id-20b05b13" relationshipRef="id-6c67517b" xsi:type="Relationship" source="id-8f254323" target="id-90950e8c">
          <style>
            <lineColor r="0" g="0" b="0" />
            <font name="Lucida Grande" size="12">
              <color r="0" g="0" b="0" />
            </font>
          </style>
        </connection>
        <connection identifier="id-7125b09c" relationshipRef="id-32b49d55" xsi:type="Relationship" source="id-3e52db88" target="ea66251e">
          <style>
            <lineColor r="0" g="0" b="0" />
            <font name="Lucida Grande" size="12">
              <color r="0" g="0" b="0" />
            </font>
          </style>
          <bendpoint x="132" y="192" />
        </connection>
      </view>
      <view identifier="id-53f440b1" xsi:type="Diagram">
        <name xml:lang="en">parser_soa</name>
        <node identifier="id-870d2274" elementRef="a31e983d" xsi:type="Element" x="197" y="120" w="120" h="55">
          <style>
            <fillColor r="181" g="255" b="255" a="100" />
            <lineColor r="92" g="92" b="92" a="100" />
            <font name="Lucida Grande" size="12">
              <color r="0" g="0" b="0" />
            </font>
          </style>
        </node>
        <node identifier="f4672209" elementRef="id-8cb538ab" xsi:type="Element" x="684" y="120" w="120" h="55">
          <style>
            <fillColor r="173" g="216" b="230" a="100" />
            <lineColor r="92" g="92" b="92" a="100" />
            <font name="Lucida Grande" size="12">
              <color r="0" g="0" b="0" />
            </font>
          </style>
        </node>
        <node identifier="id-1f82d552" elementRef="id-96089211" xsi:type="Element" x="684" y="240" w="120" h="55">
          <style>
            <fillColor r="181" g="255" b="255" a="100" />
            <lineColor r="92" g="92" b="92" a="100" />
            <font name="Lucida Grande" size="12">
              <color r="0" g="0" b="0" />
            </font>
          </style>
        </node>
        <node identifier="bd45ee22" elementRef="ec50cae0" xsi:type="Element" x="684" y="360" w="120" h="55">
          <style>
            <fillColor r="181" g="255" b="255" a="100" />
            <lineColor r="92" g="92" b="92" a="100" />
            <font name="Lucida Grande" size="12">
              <color r="0" g="0" b="0" />
            </font>
          </style>
        </node>
        <node identifier="id-108eddde" elementRef="e5ce9a30" xsi:type="Element" x="24" y="270" w="120" h="55">
          <style>
            <fillColor r="173" g="216" b="230" a="100" />
            <lineColor r="92" g="92" b="92" a="100" />
            <font name="Lucida Grande" size="12">
              <color r="0" g="0" b="0" />
            </font>
          </style>
        </node>
        <node identifier="a9299faf" elementRef="id-70ba4346" xsi:type="Element" x="492" y="270" w="120" h="55">
          <style>
            <fillColor r="173" g="216" b="230" a="100" />
            <lineColor r="92" g="92" b="92" a="100" />
            <font name="Lucida Grande" size="12">
              <color r="0" g="0" b="0" />
            </font>
          </style>
        </node>
        <node identifier="id-926a77b5" elementRef="id-0f3d56ec" xsi:type="Element" x="41" y="508" w="85" h="55">
          <style>
            <fillColor r="201" g="231" b="183" a="100" />
            <lineColor r="92" g="92" b="92" a="100" />
            <font name="Lucida Grande" size="12">
              <color r="0" g="0" b="0" />
            </font>
          </style>
        </node>
        <node identifier="a6a1780a" elementRef="fc0a0960" xsi:type="Element" x="509" y="516" w="85" h="55">
          <style>
            <fillColor r="201" g="231" b="183" a="100" />
            <lineColor r="92" g="92" b="92" a="100" />
            <font name="Lucida Grande" size="12">
              <color r="0" g="0" b="0" />
            </font>
          </style>
        </node>
        <node identifier="id-57c68ae8" elementRef="cb08f71a" xsi:type="Element" x="108" y="432" w="90" h="55">
          <style>
            <fillColor r="201" g="231" b="183" a="100" />
            <lineColor r="92" g="92" b="92" a="100" />
            <font name="Lucida Grande" size="12">
              <color r="0" g="0" b="0" />
            </font>
          </style>
        </node>
        <node identifier="id-594d2057" elementRef="cb86f217" xsi:type="Element" x="437" y="432" w="102" h="55">
          <style>
            <fillColor r="201" g="231" b="183" a="100" />
            <lineColor r="92" g="92" b="92" a="100" />
            <font name="Lucida Grande" size="12">
              <color r="0" g="0" b="0" />
            </font>
          </style>
        </node>
        <node identifier="id-6fe615fa" elementRef="id-98098168" xsi:type="Element" x="197" y="270" w="120" h="55">
          <style>
            <fillColor r="173" g="216" b="230" a="100" />
            <lineColor r="92" g="92" b="92" a="100" />
            <font name="Lucida Grande" size="12">
              <color r="0" g="0" b="0" />
            </font>
          </style>
        </node>
        <node identifier="id-0855b20f" elementRef="e02bcca7" xsi:type="Element" x="264" y="360" w="109" h="55">
          <style>
            <fillColor r="201" g="231" b="183" a="100" />
            <lineColor r="92" g="92" b="92" a="100" />
            <font name="Lucida Grande" size="12">
              <color r="0" g="0" b="0" />
            </font>
          </style>
        </node>
        <node identifier="a0c96801" elementRef="ce1c308c" xsi:type="Element" x="197" y="508" w="120" h="55">
          <style>
            <fillColor r="201" g="231" b="183" a="100" />
            <lineColor r="92" g="92" b="92" a="100" />
            <font name="Lucida Grande" size="12">
              <color r="0" g="0" b="0" />
            </font>
          </style>
        </node>
        <connection identifier="f7409275" relationshipRef="e53314ba" xsi:type="Relationship" source="id-870d2274" target="f4672209">
          <style>
            <lineColor r="0" g="0" b="0" />
            <font name="Lucida Grande" size="12">
              <color r="0" g="0" b="0" />
            </font>
          </style>
        </connection>
        <connection identifier="id-3660f703" relationshipRef="id-2fea378d" xsi:type="Relationship" source="f4672209" target="id-1f82d552">
          <style>
            <lineColor r="0" g="0" b="0" />
            <font name="Lucida Grande" size="12">
              <color r="0" g="0" b="0" />
            </font>
          </style>
        </connection>
        <connection identifier="id-3086312c" relationshipRef="id-60f1dda2" xsi:type="Relationship" source="id-1f82d552" target="bd45ee22">
          <style>
            <lineColor r="0" g="0" b="0" />
            <font name="Lucida Grande" size="12">
              <color r="0" g="0" b="0" />
            </font>
          </style>
        </connection>
        <connection identifier="id-59f4ce2b" relationshipRef="id-332434d4" xsi:type="Relationship" source="id-108eddde" target="id-870d2274">
          <style>
            <lineColor r="0" g="0" b="0" />
            <font name="Lucida Grande" size="12">
              <color r="0" g="0" b="0" />
            </font>
          </style>
        </connection>
        <connection identifier="id-82ee8a50" relationshipRef="id-46806cfb" xsi:type="Relationship" source="a9299faf" target="id-870d2274">
          <style>
            <lineColor r="0" g="0" b="0" />
            <font name="Lucida Grande" size="12">
              <color r="0" g="0" b="0" />
            </font>
          </style>
        </connection>
        <connection identifier="id-82d90b92" relationshipRef="c2255374" xsi:type="Relationship" source="id-926a77b5" target="id-108eddde">
          <style>
            <lineColor r="0" g="0" b="0" />
            <font name="Lucida Grande" size="12">
              <color r="0" g="0" b="0" />
            </font>
          </style>
        </connection>
        <connection identifier="id-9c1d3666" relationshipRef="bca643c5" xsi:type="Relationship" source="a6a1780a" target="a9299faf">
          <style>
            <lineColor r="0" g="0" b="0" />
            <font name="Lucida Grande" size="12">
              <color r="0" g="0" b="0" />
            </font>
          </style>
        </connection>
        <connection identifier="id-24938981" relationshipRef="ae65ecce" xsi:type="Relationship" source="id-57c68ae8" target="id-926a77b5">
          <style>
            <lineColor r="0" g="0" b="0" />
            <font name="Lucida Grande" size="12">
              <color r="0" g="0" b="0" />
            </font>
          </style>
        </connection>
        <connection identifier="id-51415946" relationshipRef="id-88f2653b" xsi:type="Relationship" source="id-594d2057" target="a6a1780a">
          <style>
            <lineColor r="0" g="0" b="0" />
            <font name="Lucida Grande" size="12">
              <color r="0" g="0" b="0" />
            </font>
          </style>
        </connection>
        <connection identifier="id-7c7fc28b" relationshipRef="id-262918bd" xsi:type="Relationship" source="id-594d2057" target="id-57c68ae8">
          <style>
            <lineColor r="0" g="0" b="0" />
            <font name="Lucida Grande" size="12">
              <color r="0" g="0" b="0" />
            </font>
          </style>
        </connection>
        <connection identifier="id-501be7ca" relationshipRef="id-77f93925" xsi:type="Relationship" source="id-594d2057" target="id-0855b20f">
          <style>
            <lineColor r="0" g="0" b="0" />
            <font name="Lucida Grande" size="12">
              <color r="0" g="0" b="0" />
            </font>
          </style>
          <bendpoint x="384" y="432" />
        </connection>
        <connection identifier="id-84f7d6fa" relationshipRef="id-2bf69e12" xsi:type="Relationship" source="id-6fe615fa" target="id-870d2274">
          <style>
            <lineColor r="0" g="0" b="0" />
            <font name="Lucida Grande" size="12">
              <color r="0" g="0" b="0" />
            </font>
          </style>
        </connection>
        <connection identifier="id-1d3233ab" relationshipRef="id-063aab7e" xsi:type="Relationship" source="a0c96801" target="id-6fe615fa">
          <style>
            <lineColor r="0" g="0" b="0" />
            <font name="Lucida Grande" size="12">
              <color r="0" g="0" b="0" />
            </font>
          </style>
        </connection>
        <connection identifier="bc5fdaf6" relationshipRef="id-079c7a8d" xsi:type="Relationship" source="a0c96801" target="id-0855b20f">
          <style>
            <lineColor r="0" g="0" b="0" />
            <font name="Lucida Grande" size="12">
              <color r="0" g="0" b="0" />
            </font>
          </style>
        </connection>
      </view>
      <view identifier="id-7e66bcb3" xsi:type="Diagram">
        <name xml:lang="en">projects</name>
        <node identifier="c1a8cd65" elementRef="id-78fb01f3" xsi:type="Element" x="384" y="492" w="120" h="55">
          <style>
            <fillColor r="181" g="255" b="255" a="100" />
            <lineColor r="92" g="92" b="92" a="100" />
            <font name="Lucida Grande" size="12">
              <color r="0" g="0" b="0" />
            </font>
          </style>
        </node>
        <node identifier="c157bb0d" elementRef="id-0144e4f5" xsi:type="Element" x="384" y="264" w="120" h="55">
          <style>
            <fillColor r="181" g="255" b="255" a="100" />
            <lineColor r="92" g="92" b="92" a="100" />
            <font name="Lucida Grande" size="12">
              <color r="0" g="0" b="0" />
            </font>
          </style>
        </node>
        <node identifier="id-66cd03b3" elementRef="e5ce9a30" xsi:type="Element" x="384" y="360" w="120" h="55">
          <style>
            <fillColor r="181" g="255" b="255" a="100" />
            <lineColor r="92" g="92" b="92" a="100" />
            <font name="Lucida Grande" size="12">
              <color r="0" g="0" b="0" />
            </font>
          </style>
        </node>
        <node identifier="bd4f6d8a" elementRef="id-8cb538ab" xsi:type="Element" x="516" y="192" w="120" h="55">
          <style>
            <fillColor r="181" g="255" b="255" a="100" />
            <lineColor r="92" g="92" b="92" a="100" />
            <font name="Lucida Grande" size="12">
              <color r="0" g="0" b="0" />
            </font>
          </style>
        </node>
        <node identifier="a48aaf87" elementRef="id-4ef0cc54" xsi:type="Element" x="48" y="336" w="120" h="55">
          <style>
            <fillColor r="181" g="255" b="255" a="100" />
            <lineColor r="92" g="92" b="92" a="100" />
            <font name="Lucida Grande" size="12">
              <color r="0" g="0" b="0" />
            </font>
          </style>
        </node>
        <node identifier="id-57b938ff" elementRef="id-74d80b9e" xsi:type="Element" x="48" y="24" w="120" h="55">
          <style>
            <fillColor r="181" g="255" b="255" a="100" />
            <lineColor r="92" g="92" b="92" a="100" />
            <font name="Lucida Grande" size="12">
              <color r="0" g="0" b="0" />
            </font>
          </style>
        </node>
        <node identifier="id-67042e1a" elementRef="id-98098168" xsi:type="Element" x="252" y="264" w="120" h="55">
          <style>
            <fillColor r="181" g="255" b="255" a="100" />
            <lineColor r="92" g="92" b="92" a="100" />
            <font name="Lucida Grande" size="12">
              <color r="0" g="0" b="0" />
            </font>
          </style>
        </node>
        <node identifier="bb8e1eec" elementRef="id-70ba4346" xsi:type="Element" x="120" y="264" w="120" h="55">
          <style>
            <fillColor r="181" g="255" b="255" a="100" />
            <lineColor r="92" g="92" b="92" a="100" />
            <font name="Lucida Grande" size="12">
              <color r="0" g="0" b="0" />
            </font>
          </style>
        </node>
        <node identifier="id-6399a419" elementRef="id-96089211" xsi:type="Element" x="516" y="120" w="120" h="55">
          <style>
            <fillColor r="181" g="255" b="255" a="100" />
            <lineColor r="92" g="92" b="92" a="100" />
            <font name="Lucida Grande" size="12">
              <color r="0" g="0" b="0" />
            </font>
          </style>
        </node>
        <connection identifier="b70200ee" relationshipRef="f9e67366" xsi:type="Relationship" source="c1a8cd65" target="bd4f6d8a">
          <style>
            <lineColor r="0" g="0" b="0" />
            <font name="Lucida Grande" size="12">
              <color r="0" g="0" b="0" />
            </font>
          </style>
          <bendpoint x="576" y="372" />
        </connection>
        <connection identifier="cd31dcbe" relationshipRef="id-74d1590f" xsi:type="Relationship" source="c1a8cd65" target="id-66cd03b3">
          <style>
            <lineColor r="0" g="0" b="0" />
            <font name="Lucida Grande" size="12">
              <color r="0" g="0" b="0" />
            </font>
          </style>
        </connection>
        <connection identifier="d077da7b" relationshipRef="id-52b3cf5a" xsi:type="Relationship" source="c1a8cd65" target="a48aaf87">
          <style>
            <lineColor r="0" g="0" b="0" />
            <font name="Lucida Grande" size="12">
              <color r="0" g="0" b="0" />
            </font>
          </style>
        </connection>
        <connection identifier="id-99dba93d" relationshipRef="a2efa706" xsi:type="Relationship" source="c1a8cd65" target="id-67042e1a">
          <style>
            <lineColor r="0" g="0" b="0" />
            <font name="Lucida Grande" size="12">
              <color r="0" g="0" b="0" />
            </font>
          </style>
        </connection>
        <connection identifier="baee6ada" relationshipRef="id-4c74dbaf" xsi:type="Relationship" source="c1a8cd65" target="bb8e1eec">
          <style>
            <lineColor r="0" g="0" b="0" />
            <font name="Lucida Grande" size="12">
              <color r="0" g="0" b="0" />
            </font>
          </style>
        </connection>
        <connection identifier="id-4d9f2484" relationshipRef="c56abf4c" xsi:type="Relationship" source="c157bb0d" target="id-66cd03b3">
          <style>
            <lineColor r="0" g="0" b="0" />
            <font name="Lucida Grande" size="12">
              <color r="0" g="0" b="0" />
            </font>
          </style>
        </connection>
        <connection identifier="id-828e647a" relationshipRef="id-08925eec" xsi:type="Relationship" source="c157bb0d" target="id-57b938ff">
          <style>
            <lineColor r="0" g="0" b="0" />
            <font name="Lucida Grande" size="12">
              <color r="0" g="0" b="0" />
            </font>
          </style>
        </connection>
        <connection identifier="id-95cd3ed0" relationshipRef="id-2fea378d" xsi:type="Relationship" source="bd4f6d8a" target="id-6399a419">
          <style>
            <lineColor r="0" g="0" b="0" />
            <font name="Lucida Grande" size="12">
              <color r="0" g="0" b="0" />
            </font>
          </style>
        </connection>
        <connection identifier="id-1ee81e60" relationshipRef="id-9104623b" xsi:type="Relationship" source="id-57b938ff" target="a48aaf87">
          <style>
            <lineColor r="0" g="0" b="0" />
            <font name="Lucida Grande" size="12">
              <color r="0" g="0" b="0" />
            </font>
          </style>
        </connection>
        <connection identifier="id-39f68095" relationshipRef="id-330722a1" xsi:type="Relationship" source="id-57b938ff" target="bd4f6d8a">
          <style>
            <lineColor r="0" g="0" b="0" />
            <font name="Lucida Grande" size="12">
              <color r="0" g="0" b="0" />
            </font>
          </style>
        </connection>
        <connection identifier="id-21089037" relationshipRef="id-8aa2b92a" xsi:type="Relationship" source="id-67042e1a" target="id-57b938ff">
          <style>
            <lineColor r="0" g="0" b="0" />
            <font name="Lucida Grande" size="12">
              <color r="0" g="0" b="0" />
            </font>
          </style>
        </connection>
        <connection identifier="c33afdfc" relationshipRef="id-00e937d4" xsi:type="Relationship" source="bb8e1eec" target="id-57b938ff">
          <style>
            <lineColor r="0" g="0" b="0" />
            <font name="Lucida Grande" size="12">
              <color r="0" g="0" b="0" />
            </font>
          </style>
        </connection>
      </view>
    </diagrams>
  </views>
</model>
