<?xml version="1.0" encoding="UTF-8"?><model xmlns="http://www.opengroup.org/xsd/archimate/3.0/" xmlns:xsi="http://www.w3.org/2001/XMLSchema-instance" identifier="_j_ZO8LVwEeqEM7mFKilpXw">  <name xml:lang="en">Gruppe 4 Übung 3</name>  <elements>    <element xsi:type="Product" identifier="_j_bsKbVwEeqEM7mFKilpXw">      <name xml:lang="en">Intelligente Parkleitsystem</name>      <documentation>&lt;p>Umfasst die Folgen &amp;quot;Outcomes&amp;quot;&lt;/p>&lt;ul>	&lt;li>Angebot unterschiedlicher Pl&amp;auml;ne&lt;/li>	&lt;li>Anskunft und Buchung&lt;/li>	&lt;li>DRT&lt;/li>	&lt;li>Sharing&lt;/li>	&lt;li>.......&lt;/li>&lt;/ul></documentation>    </element>    <element xsi:type="BusinessService" identifier="_j_bsK7VwEeqEM7mFKilpXw">      <name xml:lang="en">Service muss angeboten werden</name>      <documentation/>    </element>    <element xsi:type="BusinessService" identifier="_j_bsLbVwEeqEM7mFKilpXw">      <name xml:lang="en">Service ist optional</name>      <documentation/>    </element>    <element xsi:type="BusinessService" identifier="_j_bsL7VwEeqEM7mFKilpXw">      <name xml:lang="en">Informationsportal Angebot</name>      <documentation/>    </element>    <element xsi:type="BusinessService" identifier="_j_bsMbVwEeqEM7mFKilpXw">      <name xml:lang="en">Kunden- und Vertragsverwaltung</name>      <documentation/>    </element>    <element xsi:type="BusinessService" identifier="_j_bsM7VwEeqEM7mFKilpXw">      <name xml:lang="en">Buchungsmanager</name>      <documentation/>    </element>    <element xsi:type="BusinessService" identifier="_j_bsNbVwEeqEM7mFKilpXw">      <name xml:lang="en">Intermodale Auskunft</name>      <documentation/>    </element>    <element xsi:type="BusinessService" identifier="_j_bslLVwEeqEM7mFKilpXw">      <name xml:lang="en">DRT disponieren</name>      <documentation>&lt;p>DRT ist Teil der von uns gew&amp;auml;hlten Produktdefinition, muss aber ggf. nicht in allen Quatrtieren angeboten werden.&lt;/p></documentation>    </element>    <element xsi:type="BusinessService" identifier="_j_bslrVwEeqEM7mFKilpXw">      <name xml:lang="en">Zugangsverwaltung Sharing</name>      <documentation/>    </element>    <element xsi:type="BusinessRole" identifier="_j_bsmLVwEeqEM7mFKilpXw">      <name xml:lang="en">Auskunftsgeber</name>      <documentation/>    </element>    <element xsi:type="BusinessRole" identifier="_j_bsmrVwEeqEM7mFKilpXw">      <name xml:lang="en">Mobilitätsdienstleister</name>      <documentation/>    </element>    <element xsi:type="BusinessRole" identifier="_j_bsnLVwEeqEM7mFKilpXw">      <name xml:lang="en">Mobilitätsdienstleister Sharing</name>      <documentation/>    </element>    <element xsi:type="BusinessRole" identifier="_j_bsnrVwEeqEM7mFKilpXw">      <name xml:lang="en">Kundenvertragspartner</name>      <documentation/>    </element>    <element xsi:type="BusinessRole" identifier="_j_bsoLVwEeqEM7mFKilpXw">      <name xml:lang="en">Zahlungsdienstleister</name>      <documentation/>    </element>    <element xsi:type="BusinessService" identifier="_j_bsorVwEeqEM7mFKilpXw">      <name xml:lang="en">Zahlungssystem</name>      <documentation/>    </element>    <element xsi:type="BusinessActor" identifier="_j_bspLVwEeqEM7mFKilpXw">      <name xml:lang="en">VBB</name>      <documentation/>    </element>    <element xsi:type="BusinessActor" identifier="_j_bsprVwEeqEM7mFKilpXw">      <name xml:lang="en">Service Privat</name>      <documentation/>    </element>    <element xsi:type="BusinessActor" identifier="_j_bsqLVwEeqEM7mFKilpXw">      <name xml:lang="en">ViP</name>      <documentation/>    </element>    <element xsi:type="BusinessProcess" identifier="_j_bsqrVwEeqEM7mFKilpXw">      <name xml:lang="en">Initiale Buchung</name>      <documentation/>    </element>    <element xsi:type="BusinessProcess" identifier="_j_bsrLVwEeqEM7mFKilpXw">      <name xml:lang="en">Umbuchen</name>      <documentation/>    </element>    <element xsi:type="BusinessProcess" identifier="_j_bsrrVwEeqEM7mFKilpXw">      <name xml:lang="en">Integration von Daten</name>      <documentation/>    </element>    <element xsi:type="BusinessProcess" identifier="_j_bssLVwEeqEM7mFKilpXw">      <name xml:lang="en">Geokodierung von Adressen oder POI</name>      <documentation/>    </element>    <element xsi:type="BusinessProcess" identifier="_j_bssrVwEeqEM7mFKilpXw">      <name xml:lang="en">Auskunft ÖPNV</name>      <documentation/>    </element>    <element xsi:type="BusinessProcess" identifier="_j_bstLVwEeqEM7mFKilpXw">      <name xml:lang="en">Auskunft IV</name>      <documentation/>    </element>    <element xsi:type="BusinessProcess" identifier="_j_bstrVwEeqEM7mFKilpXw">      <name xml:lang="en">Darstellung Karte / Map</name>      <documentation/>    </element>    <element xsi:type="BusinessObject" identifier="_j_bsuLVwEeqEM7mFKilpXw">      <name xml:lang="en">Straßennetz</name>      <documentation/>    </element>    <element xsi:type="BusinessObject" identifier="_j_bsurVwEeqEM7mFKilpXw">      <name xml:lang="en">Adressdaten</name>      <documentation/>    </element>    <element xsi:type="BusinessObject" identifier="_j_bsvLVwEeqEM7mFKilpXw">      <name xml:lang="en">Soll- und Ist-Fahrplan</name>      <documentation/>    </element>    <element xsi:type="BusinessObject" identifier="_j_bsvrVwEeqEM7mFKilpXw">      <name xml:lang="en">Aktuelle Verkehrslage</name>      <documentation/>    </element>    <element xsi:type="BusinessRole" identifier="_j_bswLVwEeqEM7mFKilpXw">      <name xml:lang="en">Auskunftsdatenverantwortlichen</name>      <documentation/>    </element>    <element xsi:type="BusinessRole" identifier="_j_bswrVwEeqEM7mFKilpXw">      <name xml:lang="en">Nutzer*in</name>      <documentation/>    </element>    <element xsi:type="BusinessRole" identifier="_j_bsxLVwEeqEM7mFKilpXw">      <name xml:lang="en">Reisende</name>      <documentation/>    </element>    <element xsi:type="BusinessRole" identifier="_j_bsxrVwEeqEM7mFKilpXw">      <name xml:lang="en">Buchende</name>      <documentation/>    </element>    <element xsi:type="BusinessRole" identifier="_j_bsyLVwEeqEM7mFKilpXw">      <name xml:lang="en">Zahlende</name>      <documentation/>    </element>  </elements>  <relationships>    <relationship xsi:type="Composition" identifier="_j_bszrVwEeqEM7mFKilpXw" source="_j_bsKbVwEeqEM7mFKilpXw" target="_j_bsK7VwEeqEM7mFKilpXw">      <name xml:lang="en"/>      <documentation/>    </relationship>    <relationship xsi:type="Aggregation" identifier="_j_bs0LVwEeqEM7mFKilpXw" source="_j_bsKbVwEeqEM7mFKilpXw" target="_j_bsLbVwEeqEM7mFKilpXw">      <name xml:lang="en"/>      <documentation/>    </relationship>    <relationship xsi:type="Composition" identifier="_j_bs0rVwEeqEM7mFKilpXw" source="_j_bsKbVwEeqEM7mFKilpXw" target="_j_bsL7VwEeqEM7mFKilpXw">      <name xml:lang="en"/>      <documentation/>    </relationship>    <relationship xsi:type="Composition" identifier="_j_bs1LVwEeqEM7mFKilpXw" source="_j_bsKbVwEeqEM7mFKilpXw" target="_j_bsMbVwEeqEM7mFKilpXw">      <name xml:lang="en"/>      <documentation/>    </relationship>    <relationship xsi:type="Composition" identifier="_j_bs1rVwEeqEM7mFKilpXw" source="_j_bsKbVwEeqEM7mFKilpXw" target="_j_bsM7VwEeqEM7mFKilpXw">      <name xml:lang="en"/>      <documentation/>    </relationship>    <relationship xsi:type="Aggregation" identifier="_j_bs2LVwEeqEM7mFKilpXw" source="_j_bsKbVwEeqEM7mFKilpXw" target="_j_bslLVwEeqEM7mFKilpXw">      <name xml:lang="en"/>      <documentation/>    </relationship>    <relationship xsi:type="Composition" identifier="_j_bs2rVwEeqEM7mFKilpXw" source="_j_bsKbVwEeqEM7mFKilpXw" target="_j_bslrVwEeqEM7mFKilpXw">      <name xml:lang="en"/>      <documentation/>    </relationship>    <relationship xsi:type="Assignment" identifier="_j_bs3LVwEeqEM7mFKilpXw" source="_j_bsmLVwEeqEM7mFKilpXw" target="_j_bsNbVwEeqEM7mFKilpXw">      <name xml:lang="en"/>      <documentation/>    </relationship>    <relationship xsi:type="Assignment" identifier="_j_bs3rVwEeqEM7mFKilpXw" source="_j_bsmrVwEeqEM7mFKilpXw" target="_j_bslLVwEeqEM7mFKilpXw">      <name xml:lang="en"/>      <documentation/>    </relationship>    <relationship xsi:type="Assignment" identifier="_j_bs4LVwEeqEM7mFKilpXw" source="_j_bsnLVwEeqEM7mFKilpXw" target="_j_bslrVwEeqEM7mFKilpXw">      <name xml:lang="en"/>      <documentation/>    </relationship>    <relationship xsi:type="Assignment" identifier="_j_bs4rVwEeqEM7mFKilpXw" source="_j_bsnrVwEeqEM7mFKilpXw" target="_j_bsMbVwEeqEM7mFKilpXw">      <name xml:lang="en"/>      <documentation/>    </relationship>    <relationship xsi:type="Assignment" identifier="_j_bs5LVwEeqEM7mFKilpXw" source="_j_bsoLVwEeqEM7mFKilpXw" target="_j_bsorVwEeqEM7mFKilpXw">      <name xml:lang="en"/>      <documentation/>    </relationship>    <relationship xsi:type="Assignment" identifier="_j_bs5rVwEeqEM7mFKilpXw" source="_j_bspLVwEeqEM7mFKilpXw" target="_j_bsnrVwEeqEM7mFKilpXw">      <name xml:lang="en"/>      <documentation/>    </relationship>    <relationship xsi:type="Assignment" identifier="_j_bs6LVwEeqEM7mFKilpXw" source="_j_bspLVwEeqEM7mFKilpXw" target="_j_bsmLVwEeqEM7mFKilpXw">      <name xml:lang="en"/>      <documentation/>    </relationship>    <relationship xsi:type="Assignment" identifier="_j_bs6rVwEeqEM7mFKilpXw" source="_j_bsprVwEeqEM7mFKilpXw" target="_j_bsmLVwEeqEM7mFKilpXw">      <name xml:lang="en"/>      <documentation/>    </relationship>    <relationship xsi:type="Assignment" identifier="_j_cSQLVwEeqEM7mFKilpXw" source="_j_bsprVwEeqEM7mFKilpXw" target="_j_bsnLVwEeqEM7mFKilpXw">      <name xml:lang="en"/>      <documentation/>    </relationship>    <relationship xsi:type="Assignment" identifier="_j_cSQrVwEeqEM7mFKilpXw" source="_j_bsqLVwEeqEM7mFKilpXw" target="_j_bsmrVwEeqEM7mFKilpXw">      <name xml:lang="en"/>      <documentation/>    </relationship>    <relationship xsi:type="Realization" identifier="_j_cSRLVwEeqEM7mFKilpXw" source="_j_bsqrVwEeqEM7mFKilpXw" target="_j_bsM7VwEeqEM7mFKilpXw">      <name xml:lang="en"/>      <documentation/>    </relationship>    <relationship xsi:type="Composition" identifier="_j_cSRrVwEeqEM7mFKilpXw" source="_j_bsNbVwEeqEM7mFKilpXw" target="_j_bsNbVwEeqEM7mFKilpXw">      <name xml:lang="en"/>      <documentation/>    </relationship>    <relationship xsi:type="Realization" identifier="_j_cSSLVwEeqEM7mFKilpXw" source="_j_bsrLVwEeqEM7mFKilpXw" target="_j_bsM7VwEeqEM7mFKilpXw">      <name xml:lang="en"/>      <documentation/>    </relationship>    <relationship xsi:type="Realization" identifier="_j_cSSrVwEeqEM7mFKilpXw" source="_j_bsrrVwEeqEM7mFKilpXw" target="_j_bsNbVwEeqEM7mFKilpXw">      <name xml:lang="en"/>      <documentation/>    </relationship>    <relationship xsi:type="Realization" identifier="_j_cSTLVwEeqEM7mFKilpXw" source="_j_bssLVwEeqEM7mFKilpXw" target="_j_bsNbVwEeqEM7mFKilpXw">      <name xml:lang="en"/>      <documentation/>    </relationship>    <relationship xsi:type="Realization" identifier="_j_cSTrVwEeqEM7mFKilpXw" source="_j_bssrVwEeqEM7mFKilpXw" target="_j_bsNbVwEeqEM7mFKilpXw">      <name xml:lang="en"/>      <documentation/>    </relationship>    <relationship xsi:type="Realization" identifier="_j_cSULVwEeqEM7mFKilpXw" source="_j_bstLVwEeqEM7mFKilpXw" target="_j_bsNbVwEeqEM7mFKilpXw">      <name xml:lang="en"/>      <documentation/>    </relationship>    <relationship xsi:type="Realization" identifier="_j_cSUrVwEeqEM7mFKilpXw" source="_j_bstrVwEeqEM7mFKilpXw" target="_j_bsNbVwEeqEM7mFKilpXw">      <name xml:lang="en"/>      <documentation/>    </relationship>    <relationship xsi:type="Association" identifier="_j_cSVLVwEeqEM7mFKilpXw" source="_j_bsuLVwEeqEM7mFKilpXw" target="_j_bsrrVwEeqEM7mFKilpXw">      <name xml:lang="en"/>      <documentation/>    </relationship>    <relationship xsi:type="Association" identifier="_j_cSVrVwEeqEM7mFKilpXw" source="_j_bsurVwEeqEM7mFKilpXw" target="_j_bsrrVwEeqEM7mFKilpXw">      <name xml:lang="en"/>      <documentation/>    </relationship>    <relationship xsi:type="Association" identifier="_j_cSWLVwEeqEM7mFKilpXw" source="_j_bsvLVwEeqEM7mFKilpXw" target="_j_bsrrVwEeqEM7mFKilpXw">      <name xml:lang="en"/>      <documentation/>    </relationship>    <relationship xsi:type="Association" identifier="_j_cSWrVwEeqEM7mFKilpXw" source="_j_bsvrVwEeqEM7mFKilpXw" target="_j_bsrrVwEeqEM7mFKilpXw">      <name xml:lang="en"/>      <documentation/>    </relationship>    <relationship xsi:type="Assignment" identifier="_j_cSXLVwEeqEM7mFKilpXw" source="_j_bswLVwEeqEM7mFKilpXw" target="_j_bsrrVwEeqEM7mFKilpXw">      <name xml:lang="en"/>      <documentation/>    </relationship>    <relationship xsi:type="Association" identifier="_j_cSXrVwEeqEM7mFKilpXw" source="_j_bswrVwEeqEM7mFKilpXw" target="_j_bsKbVwEeqEM7mFKilpXw">      <name xml:lang="en"/>      <documentation/>    </relationship>    <relationship xsi:type="Specialization" identifier="_j_cSYLVwEeqEM7mFKilpXw" source="_j_bswrVwEeqEM7mFKilpXw" target="_j_bsxLVwEeqEM7mFKilpXw">      <name xml:lang="en"/>      <documentation/>    </relationship>    <relationship xsi:type="Specialization" identifier="_j_cSYrVwEeqEM7mFKilpXw" source="_j_bswrVwEeqEM7mFKilpXw" target="_j_bsxrVwEeqEM7mFKilpXw">      <name xml:lang="en"/>      <documentation/>    </relationship>    <relationship xsi:type="Specialization" identifier="_j_cSZLVwEeqEM7mFKilpXw" source="_j_bswrVwEeqEM7mFKilpXw" target="_j_bsyLVwEeqEM7mFKilpXw">      <name xml:lang="en"/>      <documentation/>    </relationship>  </relationships>  <views>    <diagrams>      <view identifier="_j_brMLVwEeqEM7mFKilpXw">        <name xml:lang="en">archimate-diagram</name>        <node xsi:type="Element" identifier="_j_brMrVwEeqEM7mFKilpXw" h="60" w="870" x="279" y="353" elementRef="_j_bsKbVwEeqEM7mFKilpXw"/>        <node xsi:type="Element" identifier="_j_brM7VwEeqEM7mFKilpXw" h="60" w="130" x="31" y="318" elementRef="_j_bsK7VwEeqEM7mFKilpXw"/>        <node xsi:type="Element" identifier="_j_brPLVwEeqEM7mFKilpXw" h="60" w="130" x="31" y="389" elementRef="_j_bsLbVwEeqEM7mFKilpXw"/>        <node xsi:type="Element" identifier="_j_brRbVwEeqEM7mFKilpXw" h="60" w="130" x="175" y="537" elementRef="_j_bsL7VwEeqEM7mFKilpXw"/>        <node xsi:type="Element" identifier="_j_brTrVwEeqEM7mFKilpXw" h="60" w="130" x="315" y="537" elementRef="_j_bsMbVwEeqEM7mFKilpXw"/>        <node xsi:type="Element" identifier="_j_brV7VwEeqEM7mFKilpXw" h="60" w="130" x="592" y="1126" elementRef="_j_bsM7VwEeqEM7mFKilpXw"/>        <node xsi:type="Element" identifier="_j_brYLVwEeqEM7mFKilpXw" h="60" w="130" x="733" y="537" elementRef="_j_bsNbVwEeqEM7mFKilpXw"/>        <node xsi:type="Element" identifier="_j_brYbVwEeqEM7mFKilpXw" h="60" w="130" x="891" y="537" elementRef="_j_bslLVwEeqEM7mFKilpXw"/>        <node xsi:type="Element" identifier="_j_brarVwEeqEM7mFKilpXw" h="60" w="130" x="1039" y="537" elementRef="_j_bslrVwEeqEM7mFKilpXw"/>        <node xsi:type="Element" identifier="_j_brc7VwEeqEM7mFKilpXw" h="60" w="130" x="733" y="694" elementRef="_j_bsmLVwEeqEM7mFKilpXw"/>        <node xsi:type="Element" identifier="_j_brfLVwEeqEM7mFKilpXw" h="60" w="130" x="912" y="694" elementRef="_j_bsmrVwEeqEM7mFKilpXw"/>        <node xsi:type="Element" identifier="_j_brhbVwEeqEM7mFKilpXw" h="60" w="130" x="1113" y="694" elementRef="_j_bsnLVwEeqEM7mFKilpXw"/>        <node xsi:type="Element" identifier="_j_brjrVwEeqEM7mFKilpXw" h="60" w="130" x="262" y="694" elementRef="_j_bsnrVwEeqEM7mFKilpXw"/>        <node xsi:type="Element" identifier="_j_brl7VwEeqEM7mFKilpXw" h="60" w="130" x="417" y="694" elementRef="_j_bsoLVwEeqEM7mFKilpXw"/>        <node xsi:type="Element" identifier="_j_brmLVwEeqEM7mFKilpXw" h="60" w="130" x="448" y="537" elementRef="_j_bsorVwEeqEM7mFKilpXw"/>        <node xsi:type="Element" identifier="_j_brobVwEeqEM7mFKilpXw" h="60" w="130" x="386" y="926" elementRef="_j_bspLVwEeqEM7mFKilpXw"/>        <node xsi:type="Element" identifier="_j_brsrVwEeqEM7mFKilpXw" h="60" w="130" x="901" y="926" elementRef="_j_bsprVwEeqEM7mFKilpXw"/>        <node xsi:type="Element" identifier="_j_brw7VwEeqEM7mFKilpXw" h="60" w="130" x="912" y="818" elementRef="_j_bsqLVwEeqEM7mFKilpXw"/>        <node xsi:type="Element" identifier="_j_brzLVwEeqEM7mFKilpXw" h="60" w="130" x="521" y="1037" elementRef="_j_bsqrVwEeqEM7mFKilpXw"/>        <node xsi:type="Element" identifier="_j_br1bVwEeqEM7mFKilpXw" h="60" w="130" x="676" y="1037" elementRef="_j_bsrLVwEeqEM7mFKilpXw"/>        <node xsi:type="Element" identifier="_j_br3rVwEeqEM7mFKilpXw" h="60" w="130" x="649" y="219" elementRef="_j_bswrVwEeqEM7mFKilpXw"/>        <node xsi:type="Element" identifier="_j_br57VwEeqEM7mFKilpXw" h="60" w="130" x="794" y="104" elementRef="_j_bsxLVwEeqEM7mFKilpXw"/>        <node xsi:type="Element" identifier="_j_br6LVwEeqEM7mFKilpXw" h="60" w="130" x="649" y="104" elementRef="_j_bsxrVwEeqEM7mFKilpXw"/>        <node xsi:type="Element" identifier="_j_br6bVwEeqEM7mFKilpXw" h="60" w="130" x="497" y="104" elementRef="_j_bsyLVwEeqEM7mFKilpXw"/>        <connection xsi:type="Relationship" identifier="_j_brNbVwEeqEM7mFKilpXw" source="_j_brMrVwEeqEM7mFKilpXw" target="_j_brM7VwEeqEM7mFKilpXw" relationshipRef="_j_bszrVwEeqEM7mFKilpXw">          <bendpoint x="220" y="365"/>          <bendpoint x="220" y="365"/>        </connection>        <connection xsi:type="Relationship" identifier="_j_brPrVwEeqEM7mFKilpXw" source="_j_brMrVwEeqEM7mFKilpXw" target="_j_brPLVwEeqEM7mFKilpXw" relationshipRef="_j_bs0LVwEeqEM7mFKilpXw">          <bendpoint x="220" y="401"/>          <bendpoint x="220" y="401"/>        </connection>        <connection xsi:type="Relationship" identifier="_j_brR7VwEeqEM7mFKilpXw" source="_j_brMrVwEeqEM7mFKilpXw" target="_j_brRbVwEeqEM7mFKilpXw" relationshipRef="_j_bs0rVwEeqEM7mFKilpXw">          <bendpoint x="292" y="475"/>          <bendpoint x="292" y="475"/>        </connection>        <connection xsi:type="Relationship" identifier="_j_brULVwEeqEM7mFKilpXw" source="_j_brMrVwEeqEM7mFKilpXw" target="_j_brTrVwEeqEM7mFKilpXw" relationshipRef="_j_bs1LVwEeqEM7mFKilpXw">          <bendpoint x="380" y="475"/>          <bendpoint x="380" y="475"/>        </connection>        <connection xsi:type="Relationship" identifier="_j_brWbVwEeqEM7mFKilpXw" source="_j_brMrVwEeqEM7mFKilpXw" target="_j_brV7VwEeqEM7mFKilpXw" relationshipRef="_j_bs1rVwEeqEM7mFKilpXw">          <bendpoint x="657" y="770"/>          <bendpoint x="657" y="769"/>        </connection>        <connection xsi:type="Relationship" identifier="_j_brY7VwEeqEM7mFKilpXw" source="_j_brMrVwEeqEM7mFKilpXw" target="_j_brYbVwEeqEM7mFKilpXw" relationshipRef="_j_bs2LVwEeqEM7mFKilpXw">          <bendpoint x="956" y="475"/>          <bendpoint x="956" y="475"/>        </connection>        <connection xsi:type="Relationship" identifier="_j_brbLVwEeqEM7mFKilpXw" source="_j_brMrVwEeqEM7mFKilpXw" target="_j_brarVwEeqEM7mFKilpXw" relationshipRef="_j_bs2rVwEeqEM7mFKilpXw">          <bendpoint x="1094" y="475"/>          <bendpoint x="1094" y="475"/>        </connection>        <connection xsi:type="Relationship" identifier="_j_brdbVwEeqEM7mFKilpXw" source="_j_brc7VwEeqEM7mFKilpXw" target="_j_brYLVwEeqEM7mFKilpXw" relationshipRef="_j_bs3LVwEeqEM7mFKilpXw">          <bendpoint x="798" y="645"/>          <bendpoint x="798" y="646"/>        </connection>        <connection xsi:type="Relationship" identifier="_j_brfrVwEeqEM7mFKilpXw" source="_j_brfLVwEeqEM7mFKilpXw" target="_j_brYbVwEeqEM7mFKilpXw" relationshipRef="_j_bs3rVwEeqEM7mFKilpXw">          <bendpoint x="966" y="645"/>          <bendpoint x="966" y="646"/>        </connection>        <connection xsi:type="Relationship" identifier="_j_brh7VwEeqEM7mFKilpXw" source="_j_brhbVwEeqEM7mFKilpXw" target="_j_brarVwEeqEM7mFKilpXw" relationshipRef="_j_bs4LVwEeqEM7mFKilpXw">          <bendpoint x="1141" y="645"/>          <bendpoint x="1141" y="646"/>        </connection>        <connection xsi:type="Relationship" identifier="_j_brkLVwEeqEM7mFKilpXw" source="_j_brjrVwEeqEM7mFKilpXw" target="_j_brTrVwEeqEM7mFKilpXw" relationshipRef="_j_bs4rVwEeqEM7mFKilpXw">          <bendpoint x="353" y="645"/>          <bendpoint x="353" y="646"/>        </connection>        <connection xsi:type="Relationship" identifier="_j_brmrVwEeqEM7mFKilpXw" source="_j_brl7VwEeqEM7mFKilpXw" target="_j_brmLVwEeqEM7mFKilpXw" relationshipRef="_j_bs5LVwEeqEM7mFKilpXw">          <bendpoint x="497" y="645"/>          <bendpoint x="497" y="646"/>        </connection>        <connection xsi:type="Relationship" identifier="_j_bro7VwEeqEM7mFKilpXw" source="_j_brobVwEeqEM7mFKilpXw" target="_j_brjrVwEeqEM7mFKilpXw" relationshipRef="_j_bs5rVwEeqEM7mFKilpXw">          <bendpoint x="389" y="840"/>          <bendpoint x="389" y="840"/>        </connection>        <connection xsi:type="Relationship" identifier="_j_brq7VwEeqEM7mFKilpXw" source="_j_brobVwEeqEM7mFKilpXw" target="_j_brc7VwEeqEM7mFKilpXw" relationshipRef="_j_bs6LVwEeqEM7mFKilpXw">          <bendpoint x="796" y="956"/>          <bendpoint x="796" y="774"/>        </connection>        <connection xsi:type="Relationship" identifier="_j_brtLVwEeqEM7mFKilpXw" source="_j_brsrVwEeqEM7mFKilpXw" target="_j_brc7VwEeqEM7mFKilpXw" relationshipRef="_j_bs6rVwEeqEM7mFKilpXw">          <bendpoint x="882" y="956"/>          <bendpoint x="882" y="724"/>        </connection>        <connection xsi:type="Relationship" identifier="_j_brvLVwEeqEM7mFKilpXw" source="_j_brsrVwEeqEM7mFKilpXw" target="_j_brhbVwEeqEM7mFKilpXw" relationshipRef="_j_cSQLVwEeqEM7mFKilpXw">          <bendpoint x="1072" y="956"/>          <bendpoint x="1072" y="724"/>        </connection>        <connection xsi:type="Relationship" identifier="_j_brxbVwEeqEM7mFKilpXw" source="_j_brw7VwEeqEM7mFKilpXw" target="_j_brfLVwEeqEM7mFKilpXw" relationshipRef="_j_cSQrVwEeqEM7mFKilpXw">          <bendpoint x="977" y="786"/>          <bendpoint x="977" y="786"/>        </connection>        <connection xsi:type="Relationship" identifier="_j_brzrVwEeqEM7mFKilpXw" source="_j_brzLVwEeqEM7mFKilpXw" target="_j_brV7VwEeqEM7mFKilpXw" relationshipRef="_j_cSRLVwEeqEM7mFKilpXw">          <bendpoint x="621" y="1112"/>          <bendpoint x="621" y="1111"/>        </connection>        <connection xsi:type="Relationship" identifier="_j_br17VwEeqEM7mFKilpXw" source="_j_br1bVwEeqEM7mFKilpXw" target="_j_brV7VwEeqEM7mFKilpXw" relationshipRef="_j_cSSLVwEeqEM7mFKilpXw">          <bendpoint x="699" y="1112"/>          <bendpoint x="699" y="1111"/>        </connection>        <connection xsi:type="Relationship" identifier="_j_br4LVwEeqEM7mFKilpXw" source="_j_br3rVwEeqEM7mFKilpXw" target="_j_brMrVwEeqEM7mFKilpXw" relationshipRef="_j_cSXrVwEeqEM7mFKilpXw">          <bendpoint x="714" y="316"/>          <bendpoint x="714" y="316"/>        </connection>        <connection xsi:type="Relationship" identifier="_j_br67VwEeqEM7mFKilpXw" source="_j_br3rVwEeqEM7mFKilpXw" target="_j_br57VwEeqEM7mFKilpXw" relationshipRef="_j_cSYLVwEeqEM7mFKilpXw">          <bendpoint x="746" y="191"/>          <bendpoint x="859" y="192"/>        </connection>        <connection xsi:type="Relationship" identifier="_j_br87VwEeqEM7mFKilpXw" source="_j_br3rVwEeqEM7mFKilpXw" target="_j_br6LVwEeqEM7mFKilpXw" relationshipRef="_j_cSYrVwEeqEM7mFKilpXw">          <bendpoint x="714" y="191"/>          <bendpoint x="714" y="192"/>        </connection>        <connection xsi:type="Relationship" identifier="_j_br-7VwEeqEM7mFKilpXw" source="_j_br3rVwEeqEM7mFKilpXw" target="_j_br6bVwEeqEM7mFKilpXw" relationshipRef="_j_cSZLVwEeqEM7mFKilpXw">          <bendpoint x="681" y="191"/>          <bendpoint x="562" y="192"/>        </connection>      </view>      <view identifier="_j_bsHLVwEeqEM7mFKilpXw">        <name xml:lang="en">archimate-diagram2</name>        <node xsi:type="Element" identifier="_j_bsHrVwEeqEM7mFKilpXw" h="60" w="350" x="396" y="158" elementRef="_j_bsKbVwEeqEM7mFKilpXw"/>        <node xsi:type="Element" identifier="_j_bsJrVwEeqEM7mFKilpXw" h="60" w="130" x="495" y="321" elementRef="_j_bsLbVwEeqEM7mFKilpXw"/>        <connection xsi:type="Relationship" identifier="_j_bsILVwEeqEM7mFKilpXw" source="_j_bsHrVwEeqEM7mFKilpXw" target="_j_bsJrVwEeqEM7mFKilpXw" relationshipRef="_j_bs0LVwEeqEM7mFKilpXw">          <bendpoint x="560" y="270"/>          <bendpoint x="560" y="269"/>        </connection>      </view>      <view identifier="_qVrdcZehEDiwyrwMJ1T9sg">        <name xml:lang="en">archimate-diagram3</name>      </view>    </diagrams>  </views></model>
