{"identifier":"https://me.big.tuwien.ac.at/EAModelSet/_j_ZO8LVwEeqEM7mFKilpXw","archimateId":"_j_ZO8LVwEeqEM7mFKilpXw","name":"Gruppe 4 Übung 3","description":"","formats":["XML","CSV","JSON","ARCHIMATE"],"source":"GenMyModel","sourceFile":"raw-data/genmymodel/_j_zo8lvweeqem7mfkilpxw.xml","sourceFormat":"XML","timestamp":"29-06-2023 09:25:52","tags":[],"duplicates":[],"language":"de","elements":[{"id":"_j_bsKbVwEeqEM7mFKilpXw","name":"Intelligente Parkleitsystem","type":"Product","layer":"business"},{"id":"_j_bsK7VwEeqEM7mFKilpXw","name":"Service muss angeboten werden","type":"BusinessService","layer":"business"},{"id":"_j_bsLbVwEeqEM7mFKilpXw","name":"Service ist optional","type":"BusinessService","layer":"business"},{"id":"_j_bsL7VwEeqEM7mFKilpXw","name":"Informationsportal Angebot","type":"BusinessService","layer":"business"},{"id":"_j_bsMbVwEeqEM7mFKilpXw","name":"Kunden- und Vertragsverwaltung","type":"BusinessService","layer":"business"},{"id":"_j_bsM7VwEeqEM7mFKilpXw","name":"Buchungsmanager","type":"BusinessService","layer":"business"},{"id":"_j_bsNbVwEeqEM7mFKilpXw","name":"Intermodale Auskunft","type":"BusinessService","layer":"business"},{"id":"_j_bslLVwEeqEM7mFKilpXw","name":"DRT disponieren","type":"BusinessService","layer":"business"},{"id":"_j_bslrVwEeqEM7mFKilpXw","name":"Zugangsverwaltung Sharing","type":"BusinessService","layer":"business"},{"id":"_j_bsmLVwEeqEM7mFKilpXw","name":"Auskunftsgeber","type":"BusinessRole","layer":"business"},{"id":"_j_bsmrVwEeqEM7mFKilpXw","name":"Mobilitätsdienstleister","type":"BusinessRole","layer":"business"},{"id":"_j_bsnLVwEeqEM7mFKilpXw","name":"Mobilitätsdienstleister Sharing","type":"BusinessRole","layer":"business"},{"id":"_j_bsnrVwEeqEM7mFKilpXw","name":"Kundenvertragspartner","type":"BusinessRole","layer":"business"},{"id":"_j_bsoLVwEeqEM7mFKilpXw","name":"Zahlungsdienstleister","type":"BusinessRole","layer":"business"},{"id":"_j_bsorVwEeqEM7mFKilpXw","name":"Zahlungssystem","type":"BusinessService","layer":"business"},{"id":"_j_bspLVwEeqEM7mFKilpXw","name":"VBB","type":"BusinessActor","layer":"business"},{"id":"_j_bsprVwEeqEM7mFKilpXw","name":"Service Privat","type":"BusinessActor","layer":"business"},{"id":"_j_bsqLVwEeqEM7mFKilpXw","name":"ViP","type":"BusinessActor","layer":"business"},{"id":"_j_bsqrVwEeqEM7mFKilpXw","name":"Initiale Buchung","type":"BusinessProcess","layer":"business"},{"id":"_j_bsrLVwEeqEM7mFKilpXw","name":"Umbuchen","type":"BusinessProcess","layer":"business"},{"id":"_j_bsrrVwEeqEM7mFKilpXw","name":"Integration von Daten","type":"BusinessProcess","layer":"business"},{"id":"_j_bssLVwEeqEM7mFKilpXw","name":"Geokodierung von Adressen oder POI","type":"BusinessProcess","layer":"business"},{"id":"_j_bssrVwEeqEM7mFKilpXw","name":"Auskunft ÖPNV","type":"BusinessProcess","layer":"business"},{"id":"_j_bstLVwEeqEM7mFKilpXw","name":"Auskunft IV","type":"BusinessProcess","layer":"business"},{"id":"_j_bstrVwEeqEM7mFKilpXw","name":"Darstellung Karte / Map","type":"BusinessProcess","layer":"business"},{"id":"_j_bsuLVwEeqEM7mFKilpXw","name":"Straßennetz","type":"BusinessObject","layer":"business"},{"id":"_j_bsurVwEeqEM7mFKilpXw","name":"Adressdaten","type":"BusinessObject","layer":"business"},{"id":"_j_bsvLVwEeqEM7mFKilpXw","name":"Soll- und Ist-Fahrplan","type":"BusinessObject","layer":"business"},{"id":"_j_bsvrVwEeqEM7mFKilpXw","name":"Aktuelle Verkehrslage","type":"BusinessObject","layer":"business"},{"id":"_j_bswLVwEeqEM7mFKilpXw","name":"Auskunftsdatenverantwortlichen","type":"BusinessRole","layer":"business"},{"id":"_j_bswrVwEeqEM7mFKilpXw","name":"Nutzer*in","type":"BusinessRole","layer":"business"},{"id":"_j_bsxLVwEeqEM7mFKilpXw","name":"Reisende","type":"BusinessRole","layer":"business"},{"id":"_j_bsxrVwEeqEM7mFKilpXw","name":"Buchende","type":"BusinessRole","layer":"business"},{"id":"_j_bsyLVwEeqEM7mFKilpXw","name":"Zahlende","type":"BusinessRole","layer":"business"}],"relationships":[{"id":"_j_bszrVwEeqEM7mFKilpXw","sourceId":"_j_bsKbVwEeqEM7mFKilpXw","targetId":"_j_bsK7VwEeqEM7mFKilpXw","type":"Composition"},{"id":"_j_bs0LVwEeqEM7mFKilpXw","sourceId":"_j_bsKbVwEeqEM7mFKilpXw","targetId":"_j_bsLbVwEeqEM7mFKilpXw","type":"Aggregation"},{"id":"_j_bs0rVwEeqEM7mFKilpXw","sourceId":"_j_bsKbVwEeqEM7mFKilpXw","targetId":"_j_bsL7VwEeqEM7mFKilpXw","type":"Composition"},{"id":"_j_bs1LVwEeqEM7mFKilpXw","sourceId":"_j_bsKbVwEeqEM7mFKilpXw","targetId":"_j_bsMbVwEeqEM7mFKilpXw","type":"Composition"},{"id":"_j_bs1rVwEeqEM7mFKilpXw","sourceId":"_j_bsKbVwEeqEM7mFKilpXw","targetId":"_j_bsM7VwEeqEM7mFKilpXw","type":"Composition"},{"id":"_j_bs2LVwEeqEM7mFKilpXw","sourceId":"_j_bsKbVwEeqEM7mFKilpXw","targetId":"_j_bslLVwEeqEM7mFKilpXw","type":"Aggregation"},{"id":"_j_bs2rVwEeqEM7mFKilpXw","sourceId":"_j_bsKbVwEeqEM7mFKilpXw","targetId":"_j_bslrVwEeqEM7mFKilpXw","type":"Composition"},{"id":"_j_bs3LVwEeqEM7mFKilpXw","sourceId":"_j_bsmLVwEeqEM7mFKilpXw","targetId":"_j_bsNbVwEeqEM7mFKilpXw","type":"Assignment"},{"id":"_j_bs3rVwEeqEM7mFKilpXw","sourceId":"_j_bsmrVwEeqEM7mFKilpXw","targetId":"_j_bslLVwEeqEM7mFKilpXw","type":"Assignment"},{"id":"_j_bs4LVwEeqEM7mFKilpXw","sourceId":"_j_bsnLVwEeqEM7mFKilpXw","targetId":"_j_bslrVwEeqEM7mFKilpXw","type":"Assignment"},{"id":"_j_bs4rVwEeqEM7mFKilpXw","sourceId":"_j_bsnrVwEeqEM7mFKilpXw","targetId":"_j_bsMbVwEeqEM7mFKilpXw","type":"Assignment"},{"id":"_j_bs5LVwEeqEM7mFKilpXw","sourceId":"_j_bsoLVwEeqEM7mFKilpXw","targetId":"_j_bsorVwEeqEM7mFKilpXw","type":"Assignment"},{"id":"_j_bs5rVwEeqEM7mFKilpXw","sourceId":"_j_bspLVwEeqEM7mFKilpXw","targetId":"_j_bsnrVwEeqEM7mFKilpXw","type":"Assignment"},{"id":"_j_bs6LVwEeqEM7mFKilpXw","sourceId":"_j_bspLVwEeqEM7mFKilpXw","targetId":"_j_bsmLVwEeqEM7mFKilpXw","type":"Assignment"},{"id":"_j_bs6rVwEeqEM7mFKilpXw","sourceId":"_j_bsprVwEeqEM7mFKilpXw","targetId":"_j_bsmLVwEeqEM7mFKilpXw","type":"Assignment"},{"id":"_j_cSQLVwEeqEM7mFKilpXw","sourceId":"_j_bsprVwEeqEM7mFKilpXw","targetId":"_j_bsnLVwEeqEM7mFKilpXw","type":"Assignment"},{"id":"_j_cSQrVwEeqEM7mFKilpXw","sourceId":"_j_bsqLVwEeqEM7mFKilpXw","targetId":"_j_bsmrVwEeqEM7mFKilpXw","type":"Assignment"},{"id":"_j_cSRLVwEeqEM7mFKilpXw","sourceId":"_j_bsqrVwEeqEM7mFKilpXw","targetId":"_j_bsM7VwEeqEM7mFKilpXw","type":"Realization"},{"id":"_j_cSRrVwEeqEM7mFKilpXw","sourceId":"_j_bsNbVwEeqEM7mFKilpXw","targetId":"_j_bsNbVwEeqEM7mFKilpXw","type":"Composition"},{"id":"_j_cSSLVwEeqEM7mFKilpXw","sourceId":"_j_bsrLVwEeqEM7mFKilpXw","targetId":"_j_bsM7VwEeqEM7mFKilpXw","type":"Realization"},{"id":"_j_cSSrVwEeqEM7mFKilpXw","sourceId":"_j_bsrrVwEeqEM7mFKilpXw","targetId":"_j_bsNbVwEeqEM7mFKilpXw","type":"Realization"},{"id":"_j_cSTLVwEeqEM7mFKilpXw","sourceId":"_j_bssLVwEeqEM7mFKilpXw","targetId":"_j_bsNbVwEeqEM7mFKilpXw","type":"Realization"},{"id":"_j_cSTrVwEeqEM7mFKilpXw","sourceId":"_j_bssrVwEeqEM7mFKilpXw","targetId":"_j_bsNbVwEeqEM7mFKilpXw","type":"Realization"},{"id":"_j_cSULVwEeqEM7mFKilpXw","sourceId":"_j_bstLVwEeqEM7mFKilpXw","targetId":"_j_bsNbVwEeqEM7mFKilpXw","type":"Realization"},{"id":"_j_cSUrVwEeqEM7mFKilpXw","sourceId":"_j_bstrVwEeqEM7mFKilpXw","targetId":"_j_bsNbVwEeqEM7mFKilpXw","type":"Realization"},{"id":"_j_cSVLVwEeqEM7mFKilpXw","sourceId":"_j_bsuLVwEeqEM7mFKilpXw","targetId":"_j_bsrrVwEeqEM7mFKilpXw","type":"Association"},{"id":"_j_cSVrVwEeqEM7mFKilpXw","sourceId":"_j_bsurVwEeqEM7mFKilpXw","targetId":"_j_bsrrVwEeqEM7mFKilpXw","type":"Association"},{"id":"_j_cSWLVwEeqEM7mFKilpXw","sourceId":"_j_bsvLVwEeqEM7mFKilpXw","targetId":"_j_bsrrVwEeqEM7mFKilpXw","type":"Association"},{"id":"_j_cSWrVwEeqEM7mFKilpXw","sourceId":"_j_bsvrVwEeqEM7mFKilpXw","targetId":"_j_bsrrVwEeqEM7mFKilpXw","type":"Association"},{"id":"_j_cSXLVwEeqEM7mFKilpXw","sourceId":"_j_bswLVwEeqEM7mFKilpXw","targetId":"_j_bsrrVwEeqEM7mFKilpXw","type":"Assignment"},{"id":"_j_cSXrVwEeqEM7mFKilpXw","sourceId":"_j_bswrVwEeqEM7mFKilpXw","targetId":"_j_bsKbVwEeqEM7mFKilpXw","type":"Association"},{"id":"_j_cSYLVwEeqEM7mFKilpXw","sourceId":"_j_bswrVwEeqEM7mFKilpXw","targetId":"_j_bsxLVwEeqEM7mFKilpXw","type":"Specialization"},{"id":"_j_cSYrVwEeqEM7mFKilpXw","sourceId":"_j_bswrVwEeqEM7mFKilpXw","targetId":"_j_bsxrVwEeqEM7mFKilpXw","type":"Specialization"},{"id":"_j_cSZLVwEeqEM7mFKilpXw","sourceId":"_j_bswrVwEeqEM7mFKilpXw","targetId":"_j_bsyLVwEeqEM7mFKilpXw","type":"Specialization"}],"views":[{"id":"_j_brMLVwEeqEM7mFKilpXw","name":"archimate-diagram","viewpoint":""},{"id":"_j_bsHLVwEeqEM7mFKilpXw","name":"archimate-diagram2","viewpoint":""},{"id":"_qVrdcZehEDiwyrwMJ1T9sg","name":"archimate-diagram3","viewpoint":""}]}