{"identifier":"https://me.big.tuwien.ac.at/EAModelSet/id-4990f2be-7474-419a-844b-1cbf92e903b3","archimateId":"id-4990f2be-7474-419a-844b-1cbf92e903b3","name":"MyWorkspace","description":"","formats":["XML","CSV","JSON","ARCHIMATE"],"source":"GitHub","sourceFile":"raw-data/github/xml/myworkspace.xml","sourceFormat":"XML","timestamp":"29-06-2023 09:27:33","tags":[],"duplicates":[],"language":"en","elements":[{"id":"id-1e36daa5-38c7-4bee-9c6c-321681bd7c97","name":"Resource","type":"Resource","layer":"strategy"},{"id":"ea162186-e3d6-4f3f-b33b-9faa0933f81d","name":"Business Service","type":"BusinessService","layer":"business"},{"id":"a4508412-0f01-4797-b601-3f107882b0c4","name":"Connectors Service","type":"BusinessInterface","layer":"business"},{"id":"id-58742daf-e95f-491a-9c58-2ca626b2d39a","name":"Collect Data","type":"BusinessProcess","layer":"business"},{"id":"id-9e23a43c-e216-4061-bf5e-175fafffb9e3","name":"Store Data","type":"BusinessProcess","layer":"business"},{"id":"id-05ad6cb9-0bfb-497e-8bdd-5727f4e39fc7","name":"Product","type":"Product","layer":"business"},{"id":"id-04d58dbc-0929-4703-b41e-7fe58c94037a","name":"Compute","type":"BusinessProcess","layer":"business"},{"id":"id-00b7b519-dc5f-452b-9e2f-68f7566b0dac","name":"Schedule Job","type":"BusinessProcess","layer":"business"},{"id":"id-5206e57c-b616-486c-9b9e-c568c7cdf8a3","name":"Workflow Management","type":"BusinessService","layer":"business"},{"id":"id-4fdf571f-8674-4de7-8de5-0eae13d3e314","name":"Preparation","type":"BusinessService","layer":"business"},{"id":"b35b2ff2-2e0a-4144-98ca-85c49f695141","name":"Store Views","type":"BusinessProcess","layer":"business"},{"id":"e8358d4b-4938-4711-9e37-f81641228cf2","name":"Configuration","type":"Representation","layer":"business"},{"id":"id-34aa9252-f24f-47d1-b613-32963b86839e","name":"Read Configuration","type":"BusinessProcess","layer":"business"},{"id":"id-0d13dfdc-2ff8-4203-bef5-458fa8e36097","name":"Connector Configuration","type":"Representation","layer":"business"},{"id":"id-7e8a1418-0090-49ad-ab16-99b54efc33a4","name":"View","type":"BusinessProcess","layer":"business"},{"id":"id-9a5d7b81-3c75-48fa-8362-b3dab63674b6","name":"Data Scientist","type":"BusinessActor","layer":"business"},{"id":"id-019ad5e0-9192-409b-b09b-ef081428ce65","name":"Explore","type":"BusinessProcess","layer":"business"},{"id":"id-285ed132-1f8e-43d5-80fc-13fde4490a70","name":"Business Role","type":"BusinessRole","layer":"business"},{"id":"f11b9c33-c801-4696-9268-60415a563952","name":"DEV (Python)","type":"BusinessActor","layer":"business"},{"id":"id-17e74bd6-7b97-4f43-ba3f-6875ab2d9c46","name":"Product Owner","type":"BusinessActor","layer":"business"},{"id":"ebffa6fb-e033-473d-835a-a19b222bd2f6","name":"Business Analyst","type":"BusinessActor","layer":"business"},{"id":"id-5857c93f-d2f7-4628-975b-78bc322d8ff0","name":"Business Analyst (copy)","type":"BusinessActor","layer":"business"},{"id":"id-347e0e13-78b9-45b0-80ac-8e4bd060f414","name":"Data analyst","type":"BusinessActor","layer":"business"},{"id":"id-746ac68d-ed60-4d81-9816-0e2e5508fa9a","name":"Product Manager","type":"BusinessActor","layer":"business"},{"id":"cbaf2df3-77e5-47c3-9350-6bbf3abbba05","name":"QA","type":"BusinessActor","layer":"business"},{"id":"df588983-a71e-40d6-af50-99f19be92a41","name":"DEVOPS","type":"BusinessActor","layer":"business"},{"id":"id-92cf7ca5-fb02-4e9f-8f34-8c81a83e1911","name":"Business Service","type":"BusinessService","layer":"business"},{"id":"a61b333f-f226-4c05-80ef-e5160f6135a6","name":"Data Consumer","type":"BusinessRole","layer":"business"},{"id":"id-9670712e-ca8d-407c-923f-bfb522a5259f","name":"Client","type":"BusinessActor","layer":"business"},{"id":"id-77471ba8-9491-4087-a558-df7fbd46c0b0","name":"AWS","type":"BusinessActor","layer":"business"},{"id":"eb98c681-d4c6-45cf-bc48-99acf6eddbe4","name":"Google","type":"BusinessActor","layer":"business"},{"id":"id-6be854d5-1703-434f-a083-09d425f9336c","name":"Azure","type":"BusinessActor","layer":"business"},{"id":"c81bfc23-ba6b-4e39-b610-af0cfef6ad3e","name":"Analytics","type":"BusinessService","layer":"business"},{"id":"ecba8b24-83cd-4399-b222-d4077aa7ae51","name":"Visualization","type":"BusinessService","layer":"business"},{"id":"f6e6a456-743b-46ec-9935-fcf36fa67e8b","name":"Data Collection","type":"BusinessService","layer":"business"},{"id":"ed91e35a-d083-4d2d-a1de-d739e6cc6700","name":"Business Process","type":"BusinessProcess","layer":"business"},{"id":"id-76a9f57c-4cdb-4306-84c8-2ee54aad4a5d","name":"System Configurator","type":"BusinessRole","layer":"business"},{"id":"ea84c7b8-579c-49e7-aaf0-53f049b2fb92","name":"Business Stakeholder","type":"BusinessRole","layer":"business"},{"id":"id-50da73f7-310a-4e74-ad6a-08f907d98967","name":"Business Process","type":"BusinessProcess","layer":"business"},{"id":"id-99adfcbc-3982-4618-a993-12969df0a0d4","name":"Collect","type":"BusinessProcess","layer":"business"},{"id":"d73f5cd2-d37f-4765-90ad-d5247890afb6","name":"Filter","type":"BusinessProcess","layer":"business"},{"id":"c9c42f8f-36ba-4915-ae0c-ceceacf71a30","name":"Clean","type":"BusinessProcess","layer":"business"},{"id":"id-0d144941-8b19-4322-8545-1d2e8f1c9676","name":"Validate","type":"BusinessProcess","layer":"business"},{"id":"id-4b8a42ad-5b88-4f96-a8bd-a4f3a2e8cf00","name":"Compute","type":"BusinessProcess","layer":"business"},{"id":"c5b404ee-6a24-4371-a59e-61d79de06286","name":"Aggregate","type":"BusinessProcess","layer":"business"},{"id":"id-8e17bc49-dc44-45a2-9067-083f014329c7","name":"Visualize","type":"BusinessProcess","layer":"business"},{"id":"id-1da66bc7-c2bd-4a75-9519-0d9ddf2cafb7","name":"Access","type":"BusinessProcess","layer":"business"},{"id":"d7e05351-e025-4d36-8158-325d5add661a","name":"Create Workflow","type":"BusinessProcess","layer":"business"},{"id":"id-9b007f30-6030-4d69-a4e1-a61da6c88589","name":"Schedule Workflow","type":"BusinessProcess","layer":"business"},{"id":"d1785f8b-0724-4f97-b82d-6082e54d0c6d","name":"Run Workflow","type":"BusinessProcess","layer":"business"},{"id":"id-7da48457-1672-4137-88dc-af06f2abd340","name":"Prepare Data for Visualization","type":"BusinessProcess","layer":"business"},{"id":"id-94c2b51e-987b-44ab-9cf4-f29065fd446a","name":"Create View","type":"BusinessProcess","layer":"business"},{"id":"d9154453-150e-4e09-bd9e-511acd46a46c","name":"Rules Management","type":"BusinessService","layer":"business"},{"id":"e0d2b5f5-0ac8-4a36-945e-0df795d7734b","name":"Create Rule","type":"BusinessProcess","layer":"business"},{"id":"b6e292a4-e4be-4b8c-801f-3a0826d26e4d","name":"Schedule Workflow (copy)","type":"BusinessProcess","layer":"business"},{"id":"id-118bf9ff-7fce-40e7-8ec0-f4c2176bd395","name":"Run Workflow (copy)","type":"BusinessProcess","layer":"business"},{"id":"id-02309626-77ef-4457-9fd0-2d4e7eecc2b0","name":"Connector Configuration","type":"BusinessObject","layer":"business"},{"id":"id-873beb31-7d6c-4f63-8407-5150ea1e4578","name":"Contract","type":"Contract","layer":"business"},{"id":"id-0730acb7-604e-4f70-ba84-22ea81bc89ca","name":"Configuration Management","type":"BusinessService","layer":"business"},{"id":"id-567fffb1-5a93-4cdc-a904-8dea9896455d","name":"Application Function","type":"ApplicationFunction","layer":"application"},{"id":"aaf5ef8b-3dbe-4568-8d14-968656fc1650","name":"Store","type":"ApplicationProcess","layer":"application"},{"id":"id-5d22ecb9-f893-4cfe-86b5-41d5d083f43f","name":"Aggregate","type":"ApplicationProcess","layer":"application"},{"id":"id-0727f504-a67a-47ec-852e-12b408b39b10","name":"Compute","type":"ApplicationProcess","layer":"application"},{"id":"id-2953c63e-855c-41e6-8143-96ecbdb45ead","name":"PrepareData for Visualization","type":"ApplicationProcess","layer":"application"},{"id":"id-7edf56f4-4be3-4834-8102-f3a991fa86ab","name":"Create Workflow","type":"ApplicationProcess","layer":"application"},{"id":"id-79d9ec73-ace1-46d6-99c4-6faed79121ee","name":"Schedule Workflow","type":"ApplicationProcess","layer":"application"},{"id":"id-9a3f83f8-dbd7-481f-81b1-f8b1ca389949","name":"Run workflow","type":"ApplicationProcess","layer":"application"},{"id":"dbdd3667-1b01-4a8e-80be-ecb046f4d1e5","name":"Application Function","type":"ApplicationFunction","layer":"application"},{"id":"ccd2bceb-833b-4b4f-98c9-d910a2a00d71","name":"Connector","type":"ApplicationComponent","layer":"application"},{"id":"id-0b12ee7c-b205-43df-93dd-fab166769935","name":"Transformation Engine","type":"ApplicationComponent","layer":"application"},{"id":"id-5d46d158-502e-45df-ad2b-f7e9a9212805","name":"Batch Analytics","type":"ApplicationComponent","layer":"application"},{"id":"id-76edd61e-3d0d-45d2-a693-bc8fececca5c","name":"Real Time Analytics","type":"ApplicationComponent","layer":"application"},{"id":"id-60284131-3e90-44f3-adf3-80aa9974bfb2","name":"BI","type":"ApplicationComponent","layer":"application"},{"id":"id-39898f24-d55b-4fd2-85e1-8c8fd3c9798e","name":"UI App","type":"ApplicationComponent","layer":"application"},{"id":"id-7689610a-65dc-4a1e-8042-62f11446e0c6","name":"Interactive Analytics","type":"ApplicationComponent","layer":"application"},{"id":"id-4cd54dd1-6e88-45e5-99f9-efaf422fabf8","name":"Web Portal","type":"ApplicationComponent","layer":"application"},{"id":"id-949f7ed1-0e2a-4b22-b23e-7ad0c0bbb26d","name":"Access Management","type":"ApplicationComponent","layer":"application"},{"id":"id-3dab42d2-81ab-4d3a-8b8b-3a97b4202237","name":"Data Lake","type":"ApplicationComponent","layer":"application"},{"id":"id-25977211-fdbb-4881-a40c-6e2964475f0b","name":"Rules","type":"DataObject","layer":"application"},{"id":"id-8432f380-0abe-4f19-8d39-58a36b1536e4","name":"Configuration","type":"DataObject","layer":"application"},{"id":"e3e69e7e-0e84-46b8-af6e-b0cc543071a4","name":"Workflow","type":"ApplicationComponent","layer":"application"},{"id":"id-2043a94c-b053-42eb-89f3-4a56143c444b","name":"Raw Data (Avro)","type":"DataObject","layer":"application"},{"id":"id-7bf6891f-1792-4777-9718-cbdf7c261db3","name":"Store for Batch","type":"ApplicationProcess","layer":"application"},{"id":"id-22ba36ee-2656-44e8-81ea-2665116ef1ba","name":"Structured Data","type":"DataObject","layer":"application"},{"id":"d267e76e-3b8a-4609-8e78-411cf6442636","name":"Aggregate","type":"ApplicationProcess","layer":"application"},{"id":"id-240007cf-3853-4711-be28-b71dc604ed36","name":"Valid Data","type":"DataObject","layer":"application"},{"id":"id-0a41d0a6-e1d2-479d-b84b-2197c0772d3b","name":"Aggregated Data","type":"DataObject","layer":"application"},{"id":"id-7b043fe5-9dba-4bca-b0c4-db511a2ac43a","name":"Output Data","type":"DataObject","layer":"application"},{"id":"a119490e-e708-4b49-8ea7-4b2ffffea455","name":"Store for View","type":"ApplicationProcess","layer":"application"},{"id":"id-647c38e6-fa6e-4527-81ec-de58f11ee2b8","name":"","type":"DataObject","layer":"application"},{"id":"id-97b33d45-1cdd-45bd-ad1e-e7b8440a5aaa","name":"STOP","type":"ApplicationProcess","layer":"application"},{"id":"id-33ac127b-41a4-42ab-b372-bf3419e3c200","name":"START","type":"ApplicationProcess","layer":"application"},{"id":"d9e375a7-752b-43f7-aa81-aea30ea45286","name":"Generate Data","type":"ApplicationProcess","layer":"application"},{"id":"id-38fd1e82-b630-4de9-8539-9ab33cd401d2","name":"Application Process","type":"ApplicationProcess","layer":"application"},{"id":"id-2d2c99e6-f7f8-4e2e-b8a3-eec7f0427c55","name":"Connector Service","type":"ApplicationService","layer":"application"},{"id":"id-42fc04a2-bdcd-4899-b9aa-c0bb6e3a6c1c","name":"Configuration Service","type":"ApplicationService","layer":"application"},{"id":"id-4ec1cd0a-1865-4598-9fc5-c657157cabb2","name":"Connector Configuration","type":"DataObject","layer":"application"},{"id":"bffeb35a-3606-4332-9df0-b854764f10f4","name":"Workflow Service","type":"ApplicationService","layer":"application"},{"id":"f1206b33-d8e2-4564-b7ce-f46cfbb10377","name":"Create Connector Container","type":"ApplicationProcess","layer":"application"},{"id":"id-6ac09b73-f78b-43b4-b528-d8a2b33e1f74","name":"Read Connector Configuration","type":"ApplicationProcess","layer":"application"},{"id":"id-09cd1d13-c625-42be-8ce3-0c37edbf1531","name":"Start Connector Container","type":"ApplicationProcess","layer":"application"},{"id":"id-324401e1-92dd-471d-8064-2f3966de0395","name":"Connect","type":"ApplicationProcess","layer":"application"},{"id":"id-6fa16bf6-ef2c-4e56-8491-69c93d0107e5","name":"Collect Data","type":"ApplicationProcess","layer":"application"},{"id":"ed6c0d38-c7fe-4eec-8205-2fe6641fb79a","name":"Update Connector Status","type":"ApplicationProcess","layer":"application"},{"id":"id-277452f9-dddd-4860-aabd-265ccf6d0d11","name":"Terminate Connector Container","type":"ApplicationProcess","layer":"application"},{"id":"f8d3cf1e-620d-4c63-9a5d-a58b812aec59","name":"Scheduled Event","type":"ApplicationEvent","layer":"application"},{"id":"id-67853256-7944-4049-9066-3b1755e25a28","name":"Close Connector Resources","type":"ApplicationProcess","layer":"application"},{"id":"id-3c6c0a10-72ea-4b24-924d-2b7e125a5262","name":"Run Connector","type":"ApplicationProcess","layer":"application"},{"id":"id-4a1b27cd-6edf-44ed-8975-788f8175dd25","name":"Notebook","type":"ApplicationComponent","layer":"application"},{"id":"id-6097908c-8710-4458-bfd5-80dfa8186bb2","name":"","type":"ApplicationProcess","layer":"application"},{"id":"f96833d6-2ee3-45e3-bb01-61e628639eae","name":"CI","type":"ApplicationComponent","layer":"application"},{"id":"id-7c68ee72-fc0e-4d66-ab6c-8959e835a658","name":"Artifact Repository","type":"ApplicationComponent","layer":"application"},{"id":"id-06ed2f45-c67b-4569-b6d1-7a0b5d7ce0fb","name":"Clean","type":"ApplicationProcess","layer":"application"},{"id":"id-109c2481-6b40-4e4f-9d07-404da4b933ae","name":"Collect","type":"ApplicationProcess","layer":"application"},{"id":"id-9c255822-4a29-425b-9b5a-2c46f8074b25","name":"Extract","type":"ApplicationProcess","layer":"application"},{"id":"id-8fed0264-70aa-4240-9950-29ab88ef1fd1","name":"Filter","type":"ApplicationProcess","layer":"application"},{"id":"id-5a802ecb-f886-4f25-adfd-03465fb3536e","name":"Transform","type":"ApplicationProcess","layer":"application"},{"id":"id-0336e4f9-0e12-403a-9283-5b58b0d93dcf","name":"Validate","type":"ApplicationProcess","layer":"application"},{"id":"id-0d2b1919-0ad0-4ea6-88be-6e5f77ac7ab8","name":"Validate","type":"ApplicationProcess","layer":"application"},{"id":"id-7aa1aa75-a62f-49fc-ab46-0c08d1378425","name":"Visualize","type":"ApplicationProcess","layer":"application"},{"id":"id-3c426914-b11a-4bd1-9fbf-87598cf83cfd","name":"Connector","type":"Node","layer":"technology"},{"id":"b8067fa4-505e-4e57-840a-b79b60dfc41f","name":"Technology Interface","type":"TechnologyInterface","layer":"technology"},{"id":"id-08c8a865-1492-4072-af49-f7c486f80259","name":"Flume","type":"SystemSoftware","layer":"technology"},{"id":"id-68e8b353-5fb9-44cf-a56c-4ef534abe538","name":"Logstash","type":"SystemSoftware","layer":"technology"},{"id":"id-959b076e-cd57-4ca7-8b29-02cae7530e0e","name":"Sqoop","type":"SystemSoftware","layer":"technology"},{"id":"f460b0c2-f4ea-4933-90eb-e9742f7e94bf","name":"Message Queue","type":"Node","layer":"technology"},{"id":"eaa413e8-66a9-4d7e-b89b-ca50a59dcf8d","name":"Data Storage","type":"TechnologyService","layer":"technology"},{"id":"e5c330cd-4d3e-4474-ae90-8f82b704e8d6","name":"CentOS/RHEL","type":"Device","layer":"technology"},{"id":"dc492beb-22dc-4569-ae34-0f4d0ec69c01","name":"Compute Engine","type":"Node","layer":"technology"},{"id":"id-64aebee4-728f-4c1f-bf67-9e3a5e280897","name":"Spark","type":"SystemSoftware","layer":"technology"},{"id":"id-543a30d2-94e3-4389-9c65-43b26db026bc","name":"Beam","type":"SystemSoftware","layer":"technology"},{"id":"id-228f9dc6-45e2-4174-806b-5a6805b8487d","name":"Sqoop (copy)","type":"SystemSoftware","layer":"technology"},{"id":"id-3e4e62fe-c33f-473f-b2d7-d3d9d5bea7b8","name":"Airflow","type":"SystemSoftware","layer":"technology"},{"id":"id-364925a3-bb8a-444e-ba3a-16a3c3adb64f","name":"Data Lake","type":"Node","layer":"technology"},{"id":"id-52b269ad-5982-4f7c-b8ed-44f690de0384","name":"AWS S3","type":"SystemSoftware","layer":"technology"},{"id":"id-4af8c846-9846-4367-b635-041338983ffd","name":"Azure Blob","type":"SystemSoftware","layer":"technology"},{"id":"id-69a89ff3-bb33-4e4c-af9a-32504064db11","name":"Google Storage","type":"SystemSoftware","layer":"technology"},{"id":"id-18fb347c-413b-42ff-bf06-b0a060855762","name":"Monitoring","type":"Node","layer":"technology"},{"id":"id-393e08da-ceb5-4053-bb3d-a4ec94118c82","name":"ELK","type":"SystemSoftware","layer":"technology"},{"id":"de7b31d9-bcb1-4157-a1aa-477ef639aab2","name":"Kafka","type":"SystemSoftware","layer":"technology"},{"id":"ad5f67ca-a345-420a-8a64-941dfcdba4d5","name":"Zeppelin","type":"SystemSoftware","layer":"technology"},{"id":"f8b14b9b-9dd5-4529-91b2-dfcf2b5420d3","name":"AWS/Google/Azure (Kubernetes/Docker)","type":"SystemSoftware","layer":"technology"},{"id":"ce22cda5-6713-4c64-9fa4-2707928584da","name":"Serving Layer","type":"Node","layer":"technology"},{"id":"id-5a63620b-05be-4bd3-bc82-2907f0674f53","name":"Workflow Manager","type":"Node","layer":"technology"},{"id":"c4abbef3-b49f-4bf9-a25e-dc90d58de672","name":"Notebook","type":"Node","layer":"technology"},{"id":"bf2eec3e-17a8-4ab0-b57e-89e1a5c59b5f","name":"Streaming Engine","type":"Node","layer":"technology"},{"id":"id-5bd56b0e-2c24-427b-8cd2-6bc8ac1d0880","name":"Public LAN","type":"CommunicationNetwork","layer":"technology"},{"id":"id-2bbcedbc-0706-424b-b84f-0b31d6cc00f4","name":"ElasticSearch","type":"SystemSoftware","layer":"technology"},{"id":"id-0c7aa922-cd19-40b9-bd6e-24b212a5c49d","name":"Cassandra","type":"SystemSoftware","layer":"technology"},{"id":"d9ea4f51-0a23-4a1c-a158-03c2e000a4c3","name":"Node JS","type":"Node","layer":"technology"},{"id":"id-8d3ef5dc-8950-4da5-8f90-f3ebd9085f4c","name":"Docker Container","type":"Node","layer":"technology"},{"id":"d48668bf-effd-4bde-a40a-594680b68dae","name":"Python","type":"SystemSoftware","layer":"technology"},{"id":"id-5eabd456-4888-4960-bd9f-5b26634f1f02","name":"Minio","type":"SystemSoftware","layer":"technology"},{"id":"ec35b18e-d478-43f0-b538-e3c05eb79863","name":"Microservice","type":"TechnologyService","layer":"technology"},{"id":"d839be5f-06b3-485b-a56e-24b171b8f552","name":"Parquet","type":"SystemSoftware","layer":"technology"},{"id":"id-33d4fe45-922f-4087-9d5a-0f869828314a","name":"Repo","type":"Node","layer":"technology"},{"id":"id-28c27c2a-08af-4b05-8888-228beb524623","name":"SCM","type":"Node","layer":"technology"},{"id":"dbd7086a-d903-4977-a2b6-13b712f6e97c","name":"Jenkins","type":"Node","layer":"technology"},{"id":"bcae4f81-368b-41cb-9d38-fa4d19b3fcd6","name":"PIP REPO","type":"Node","layer":"technology"},{"id":"cdab4a3d-a501-4353-9ae5-5a517f51d33d","name":"Nexus","type":"Node","layer":"technology"},{"id":"id-361a34ce-91f4-4e0e-a517-de73e52ce584","name":"Docker Container","type":"Node","layer":"technology"},{"id":"b4a0a041-e679-4419-94dc-6a4cc0a2a9b1","name":"Airflow","type":"SystemSoftware","layer":"technology"},{"id":"id-578fe8c4-f162-4117-8a97-5372c91e469e","name":"Spark Worker","type":"SystemSoftware","layer":"technology"},{"id":"id-6b57605a-ba1d-4d00-b376-3256d60a63cd","name":"Spark Driver","type":"SystemSoftware","layer":"technology"},{"id":"id-9b5020d9-1a30-42de-ba8c-93f1ba6d133d","name":"ENDAVA","type":"Grouping","layer":"other"},{"id":"dfddafdc-5352-4047-96ed-03a0e4976bbd","name":"DENTSU","type":"Grouping","layer":"other"},{"id":"id-89d48543-a486-4953-bd14-6f242893c9b5","name":"Front End","type":"Location","layer":"other"},{"id":"fc735c59-6f01-46eb-80b7-fe1266683349","name":"Backend","type":"Location","layer":"other"},{"id":"id-26191db3-9330-46ee-84f2-c02ef55f2032","name":"Grouping","type":"Grouping","layer":"other"},{"id":"id-4a24718b-98b8-4e8f-bada-b23eab1dd053","name":"Compute Node","type":"Grouping","layer":"other"},{"id":"id-6a036e54-97d6-4ac5-93d8-eb1e49ec22fc","name":"Application","type":"Grouping","layer":"other"},{"id":"id-711c32a9-3f64-4817-82ed-4856ab764d43","name":"Infrastructure","type":"Grouping","layer":"other"},{"id":"id-3e46b8ce-da4a-42c2-8d42-9d5ff11dae01","name":"Business","type":"Grouping","layer":"other"}],"relationships":[{"id":"id-93b7ea31-5a35-4695-ad2f-26e48dac54cb","sourceId":"id-58742daf-e95f-491a-9c58-2ca626b2d39a","targetId":"id-9e23a43c-e216-4061-bf5e-175fafffb9e3","type":"Flow"},{"id":"id-867e91fd-300c-4b9d-ae13-51f32c77c002","sourceId":"id-3c426914-b11a-4bd1-9fbf-87598cf83cfd","targetId":"b8067fa4-505e-4e57-840a-b79b60dfc41f","type":"Composition"},{"id":"ef02abf8-3622-4b6f-a4fc-b012f2adedb5","sourceId":"id-3c426914-b11a-4bd1-9fbf-87598cf83cfd","targetId":"id-08c8a865-1492-4072-af49-f7c486f80259","type":"Composition"},{"id":"id-12bb0305-6876-4283-8d93-2a10f2e35a98","sourceId":"id-3c426914-b11a-4bd1-9fbf-87598cf83cfd","targetId":"id-68e8b353-5fb9-44cf-a56c-4ef534abe538","type":"Composition"},{"id":"c19871a0-06d4-4336-919d-8611d69d235b","sourceId":"id-3c426914-b11a-4bd1-9fbf-87598cf83cfd","targetId":"id-959b076e-cd57-4ca7-8b29-02cae7530e0e","type":"Composition"},{"id":"e7a70364-d000-4876-8d7e-40e6326e4c6c","sourceId":"dc492beb-22dc-4569-ae34-0f4d0ec69c01","targetId":"id-64aebee4-728f-4c1f-bf67-9e3a5e280897","type":"Composition"},{"id":"b8dc2262-6d56-442d-8a8e-2d1fa1f33928","sourceId":"dc492beb-22dc-4569-ae34-0f4d0ec69c01","targetId":"id-543a30d2-94e3-4389-9c65-43b26db026bc","type":"Composition"},{"id":"id-73009d16-6e39-4e44-a933-acf936c94cf3","sourceId":"dc492beb-22dc-4569-ae34-0f4d0ec69c01","targetId":"id-228f9dc6-45e2-4174-806b-5a6805b8487d","type":"Composition"},{"id":"id-21c14449-c82d-424a-a185-b1d4f2f61f67","sourceId":"id-5a63620b-05be-4bd3-bc82-2907f0674f53","targetId":"id-00b7b519-dc5f-452b-9e2f-68f7566b0dac","type":"Realization"},{"id":"c01b155f-c84c-40a4-b542-6467ab01a444","sourceId":"dc492beb-22dc-4569-ae34-0f4d0ec69c01","targetId":"id-04d58dbc-0929-4703-b41e-7fe58c94037a","type":"Realization"},{"id":"id-26eeb873-15e1-45c8-aa7e-7a6d10a130be","sourceId":"id-3c426914-b11a-4bd1-9fbf-87598cf83cfd","targetId":"id-58742daf-e95f-491a-9c58-2ca626b2d39a","type":"Realization"},{"id":"id-4107af12-1f8f-4416-b010-77f478305c66","sourceId":"id-364925a3-bb8a-444e-ba3a-16a3c3adb64f","targetId":"id-52b269ad-5982-4f7c-b8ed-44f690de0384","type":"Composition"},{"id":"bad7b452-4548-4093-8e60-4ce47e6d62f9","sourceId":"id-00b7b519-dc5f-452b-9e2f-68f7566b0dac","targetId":"id-04d58dbc-0929-4703-b41e-7fe58c94037a","type":"Triggering"},{"id":"id-40064627-7d44-4300-a569-ebf7a410458b","sourceId":"id-364925a3-bb8a-444e-ba3a-16a3c3adb64f","targetId":"id-69a89ff3-bb33-4e4c-af9a-32504064db11","type":"Composition"},{"id":"id-03bb7f14-e2f5-463d-a1ae-f867b132b235","sourceId":"id-364925a3-bb8a-444e-ba3a-16a3c3adb64f","targetId":"id-4af8c846-9846-4367-b635-041338983ffd","type":"Composition"},{"id":"d8637256-a178-4e49-a576-58232fcaa46e","sourceId":"id-00b7b519-dc5f-452b-9e2f-68f7566b0dac","targetId":"id-5206e57c-b616-486c-9b9e-c568c7cdf8a3","type":"Realization"},{"id":"ad6f9fd6-a5e0-419a-af5a-13f128ad29dc","sourceId":"id-04d58dbc-0929-4703-b41e-7fe58c94037a","targetId":"id-4fdf571f-8674-4de7-8de5-0eae13d3e314","type":"Realization"},{"id":"f75aaed8-b15f-4baa-abec-3379a5d94f96","sourceId":"b35b2ff2-2e0a-4144-98ca-85c49f695141","targetId":"id-4fdf571f-8674-4de7-8de5-0eae13d3e314","type":"Realization"},{"id":"id-726c1970-2a2a-49cf-9fae-894c159fc388","sourceId":"id-04d58dbc-0929-4703-b41e-7fe58c94037a","targetId":"b35b2ff2-2e0a-4144-98ca-85c49f695141","type":"Flow"},{"id":"d668f390-f1a0-434b-a102-78c880eb97fc","sourceId":"id-364925a3-bb8a-444e-ba3a-16a3c3adb64f","targetId":"id-9e23a43c-e216-4061-bf5e-175fafffb9e3","type":"Realization"},{"id":"id-539d3132-0009-475b-a6b5-99f1ae54df16","sourceId":"id-364925a3-bb8a-444e-ba3a-16a3c3adb64f","targetId":"b35b2ff2-2e0a-4144-98ca-85c49f695141","type":"Realization"},{"id":"b4468f83-d17a-46ee-88e5-b1a006d40e9a","sourceId":"id-58742daf-e95f-491a-9c58-2ca626b2d39a","targetId":"id-0d13dfdc-2ff8-4203-bef5-458fa8e36097","type":"Access"},{"id":"id-1b1dee9c-c353-4c86-82b7-ab73c9e327e8","sourceId":"eaa413e8-66a9-4d7e-b89b-ca50a59dcf8d","targetId":"id-0d13dfdc-2ff8-4203-bef5-458fa8e36097","type":"Association"},{"id":"id-0efabb9b-5458-4c4c-86c7-292eba7bf201","sourceId":"eaa413e8-66a9-4d7e-b89b-ca50a59dcf8d","targetId":"id-9e23a43c-e216-4061-bf5e-175fafffb9e3","type":"Serving"},{"id":"id-4fe80ef2-130d-4ca7-9a8e-83033a484255","sourceId":"id-08c8a865-1492-4072-af49-f7c486f80259","targetId":"id-58742daf-e95f-491a-9c58-2ca626b2d39a","type":"Realization"},{"id":"b408b450-bc8f-4a36-944e-b9a3041bd891","sourceId":"id-18fb347c-413b-42ff-bf06-b0a060855762","targetId":"id-393e08da-ceb5-4053-bb3d-a4ec94118c82","type":"Composition"},{"id":"id-28401394-1aa8-46da-9936-aaccb1e9abd3","sourceId":"ce22cda5-6713-4c64-9fa4-2707928584da","targetId":"id-7e8a1418-0090-49ad-ab16-99b54efc33a4","type":"Realization"},{"id":"cb294cce-9666-4f70-9293-063046ad3109","sourceId":"id-393e08da-ceb5-4053-bb3d-a4ec94118c82","targetId":"b35b2ff2-2e0a-4144-98ca-85c49f695141","type":"Serving"},{"id":"id-7f85978e-1186-4f47-aaa8-eb3e6d96d8b0","sourceId":"id-3c426914-b11a-4bd1-9fbf-87598cf83cfd","targetId":"f460b0c2-f4ea-4933-90eb-e9742f7e94bf","type":"Flow"},{"id":"id-171262d5-0d30-4de4-a264-5c9a6e49c8a5","sourceId":"f460b0c2-f4ea-4933-90eb-e9742f7e94bf","targetId":"id-364925a3-bb8a-444e-ba3a-16a3c3adb64f","type":"Flow"},{"id":"id-7199fbce-dd58-4cf9-a31a-4c6aa8ffe951","sourceId":"id-7e8a1418-0090-49ad-ab16-99b54efc33a4","targetId":"ad5f67ca-a345-420a-8a64-941dfcdba4d5","type":"Serving"},{"id":"fb70a5e6-3c0a-48b4-851c-49c786f2e3b3","sourceId":"c81bfc23-ba6b-4e39-b610-af0cfef6ad3e","targetId":"id-9a5d7b81-3c75-48fa-8362-b3dab63674b6","type":"Serving"},{"id":"fcf5345e-c6e4-470a-a393-f9d693f50c6c","sourceId":"e5c330cd-4d3e-4474-ae90-8f82b704e8d6","targetId":"f8b14b9b-9dd5-4529-91b2-dfcf2b5420d3","type":"Realization"},{"id":"cd24030f-9b8b-4e64-9754-d84fde4d4cb3","sourceId":"id-364925a3-bb8a-444e-ba3a-16a3c3adb64f","targetId":"ad5f67ca-a345-420a-8a64-941dfcdba4d5","type":"Flow"},{"id":"id-3f072c10-d77b-46c7-8655-6639bc2edcaa","sourceId":"dc492beb-22dc-4569-ae34-0f4d0ec69c01","targetId":"id-364925a3-bb8a-444e-ba3a-16a3c3adb64f","type":"Association"},{"id":"id-7fcae397-1dbe-484c-bd48-9c58e369af33","sourceId":"dc492beb-22dc-4569-ae34-0f4d0ec69c01","targetId":"id-393e08da-ceb5-4053-bb3d-a4ec94118c82","type":"Association"},{"id":"a388756d-af79-45f2-ab2c-d66e48fbd3d3","sourceId":"dc492beb-22dc-4569-ae34-0f4d0ec69c01","targetId":"b35b2ff2-2e0a-4144-98ca-85c49f695141","type":"Realization"},{"id":"id-48384f72-ddef-4efa-95c6-556cda2a7ff5","sourceId":"id-3c426914-b11a-4bd1-9fbf-87598cf83cfd","targetId":"id-9e23a43c-e216-4061-bf5e-175fafffb9e3","type":"Realization"},{"id":"d9d4e7aa-f9df-42e5-bfb8-d9c944b16755","sourceId":"dc492beb-22dc-4569-ae34-0f4d0ec69c01","targetId":"id-364925a3-bb8a-444e-ba3a-16a3c3adb64f","type":"Flow"},{"id":"d45fc499-d17e-4806-a5fd-08449d11de01","sourceId":"id-364925a3-bb8a-444e-ba3a-16a3c3adb64f","targetId":"dc492beb-22dc-4569-ae34-0f4d0ec69c01","type":"Flow"},{"id":"id-814a72d3-5a20-4c87-a1f4-1354cdd44415","sourceId":"ce22cda5-6713-4c64-9fa4-2707928584da","targetId":"id-364925a3-bb8a-444e-ba3a-16a3c3adb64f","type":"Flow"},{"id":"id-59d30394-c5b9-465f-92f8-2def4e8a3387","sourceId":"id-364925a3-bb8a-444e-ba3a-16a3c3adb64f","targetId":"c4abbef3-b49f-4bf9-a25e-dc90d58de672","type":"Flow"},{"id":"b536b55c-fe96-4efc-9563-2423e0331686","sourceId":"c4abbef3-b49f-4bf9-a25e-dc90d58de672","targetId":"dc492beb-22dc-4569-ae34-0f4d0ec69c01","type":"Flow"},{"id":"c01bb20c-b916-4e50-bc0a-982eceb18966","sourceId":"c4abbef3-b49f-4bf9-a25e-dc90d58de672","targetId":"id-019ad5e0-9192-409b-b09b-ef081428ce65","type":"Realization"},{"id":"e21106e7-5086-49ff-8793-c6d29911e8f9","sourceId":"f460b0c2-f4ea-4933-90eb-e9742f7e94bf","targetId":"bf2eec3e-17a8-4ab0-b57e-89e1a5c59b5f","type":"Flow"},{"id":"d664154d-b8ed-4a95-ab13-5d333a50fdf0","sourceId":"bf2eec3e-17a8-4ab0-b57e-89e1a5c59b5f","targetId":"id-04d58dbc-0929-4703-b41e-7fe58c94037a","type":"Realization"},{"id":"id-3ada3985-7cf0-4fcb-8cfb-85ca10eb932b","sourceId":"id-9b5020d9-1a30-42de-ba8c-93f1ba6d133d","targetId":"id-17e74bd6-7b97-4f43-ba3f-6875ab2d9c46","type":"Composition"},{"id":"fd70b13f-ea19-43a0-a39f-d939b272f28f","sourceId":"id-9b5020d9-1a30-42de-ba8c-93f1ba6d133d","targetId":"ebffa6fb-e033-473d-835a-a19b222bd2f6","type":"Composition"},{"id":"id-13f25ace-a0ad-4c9c-97f0-0329c0dca601","sourceId":"id-9b5020d9-1a30-42de-ba8c-93f1ba6d133d","targetId":"f11b9c33-c801-4696-9268-60415a563952","type":"Composition"},{"id":"id-62135b25-5701-4106-921e-1e369f024364","sourceId":"dfddafdc-5352-4047-96ed-03a0e4976bbd","targetId":"id-5857c93f-d2f7-4628-975b-78bc322d8ff0","type":"Composition"},{"id":"f7490a56-b25f-4c45-9e25-6a35d3af1ea9","sourceId":"id-9b5020d9-1a30-42de-ba8c-93f1ba6d133d","targetId":"id-9a5d7b81-3c75-48fa-8362-b3dab63674b6","type":"Composition"},{"id":"eb004e93-a46a-4f6e-9fea-b22f8e981cba","sourceId":"dfddafdc-5352-4047-96ed-03a0e4976bbd","targetId":"id-17e74bd6-7b97-4f43-ba3f-6875ab2d9c46","type":"Composition"},{"id":"b107cd01-09a4-4664-9ee1-b670dda6bc22","sourceId":"id-9b5020d9-1a30-42de-ba8c-93f1ba6d133d","targetId":"cbaf2df3-77e5-47c3-9350-6bbf3abbba05","type":"Composition"},{"id":"id-25b12f22-1d56-43aa-a361-8876aadea241","sourceId":"id-9b5020d9-1a30-42de-ba8c-93f1ba6d133d","targetId":"id-746ac68d-ed60-4d81-9816-0e2e5508fa9a","type":"Composition"},{"id":"id-766d6b7c-3403-429f-8502-bcf6d668fa19","sourceId":"id-9b5020d9-1a30-42de-ba8c-93f1ba6d133d","targetId":"df588983-a71e-40d6-af50-99f19be92a41","type":"Composition"},{"id":"id-24b17bba-372a-461e-af32-ebad17f2c7a9","sourceId":"id-08c8a865-1492-4072-af49-f7c486f80259","targetId":"id-364925a3-bb8a-444e-ba3a-16a3c3adb64f","type":"Flow"},{"id":"id-590a1d32-843f-4e8d-9313-2c30c6311c87","sourceId":"id-3c426914-b11a-4bd1-9fbf-87598cf83cfd","targetId":"de7b31d9-bcb1-4157-a1aa-477ef639aab2","type":"Flow"},{"id":"id-938d9649-cbd2-4988-bf0a-a4c906784793","sourceId":"de7b31d9-bcb1-4157-a1aa-477ef639aab2","targetId":"id-364925a3-bb8a-444e-ba3a-16a3c3adb64f","type":"Flow"},{"id":"id-2ff61720-49bc-4e72-8cd8-ef39912331e1","sourceId":"dfddafdc-5352-4047-96ed-03a0e4976bbd","targetId":"a61b333f-f226-4c05-80ef-e5160f6135a6","type":"Composition"},{"id":"id-6e865818-186d-4c09-89f8-06f4d1b8b318","sourceId":"dfddafdc-5352-4047-96ed-03a0e4976bbd","targetId":"id-9670712e-ca8d-407c-923f-bfb522a5259f","type":"Composition"},{"id":"id-4f34681d-069f-407d-9c68-34ce5718a229","sourceId":"id-9670712e-ca8d-407c-923f-bfb522a5259f","targetId":"a61b333f-f226-4c05-80ef-e5160f6135a6","type":"Assignment"},{"id":"id-45cac81c-0dce-4cbb-921e-f11f049a3fed","sourceId":"id-019ad5e0-9192-409b-b09b-ef081428ce65","targetId":"c81bfc23-ba6b-4e39-b610-af0cfef6ad3e","type":"Serving"},{"id":"id-80ef13c3-e52b-4450-9722-4b53521f3d5f","sourceId":"id-8fed0264-70aa-4240-9950-29ab88ef1fd1","targetId":"f6e6a456-743b-46ec-9935-fcf36fa67e8b","type":"Realization"},{"id":"fab30f25-88b8-4265-bdf8-e9ae700b3a3d","sourceId":"id-0336e4f9-0e12-403a-9283-5b58b0d93dcf","targetId":"id-4fdf571f-8674-4de7-8de5-0eae13d3e314","type":"Realization"},{"id":"id-9b750696-6a50-45e6-9cb2-ca695fe25f04","sourceId":"id-5d22ecb9-f893-4cfe-86b5-41d5d083f43f","targetId":"id-4fdf571f-8674-4de7-8de5-0eae13d3e314","type":"Realization"},{"id":"id-142bbb9b-7c1a-4d84-9f5c-e555d04f5a7d","sourceId":"id-0336e4f9-0e12-403a-9283-5b58b0d93dcf","targetId":"id-5d22ecb9-f893-4cfe-86b5-41d5d083f43f","type":"Flow"},{"id":"id-13b85630-072b-411f-b02a-fb0da8c24579","sourceId":"id-0727f504-a67a-47ec-852e-12b408b39b10","targetId":"c81bfc23-ba6b-4e39-b610-af0cfef6ad3e","type":"Realization"},{"id":"e0cc1559-dad2-492f-b962-b45c15c97561","sourceId":"id-7aa1aa75-a62f-49fc-ab46-0c08d1378425","targetId":"ecba8b24-83cd-4399-b222-d4077aa7ae51","type":"Realization"},{"id":"ccf525f3-086d-438b-9f72-72924a0d9044","sourceId":"id-2953c63e-855c-41e6-8143-96ecbdb45ead","targetId":"c81bfc23-ba6b-4e39-b610-af0cfef6ad3e","type":"Realization"},{"id":"id-8f3eec3f-d3b9-4055-81ed-b5366c9b2540","sourceId":"ecba8b24-83cd-4399-b222-d4077aa7ae51","targetId":"id-9670712e-ca8d-407c-923f-bfb522a5259f","type":"Serving"},{"id":"id-8e16a9ba-d9cb-4084-a728-b789aaa8554a","sourceId":"id-5d22ecb9-f893-4cfe-86b5-41d5d083f43f","targetId":"id-0727f504-a67a-47ec-852e-12b408b39b10","type":"Flow"},{"id":"id-48ec23ba-a078-4883-bbfa-e159a5a7ddc1","sourceId":"id-0727f504-a67a-47ec-852e-12b408b39b10","targetId":"id-2953c63e-855c-41e6-8143-96ecbdb45ead","type":"Flow"},{"id":"c3ded2e3-17d8-4283-a42a-748d14589bf8","sourceId":"id-2953c63e-855c-41e6-8143-96ecbdb45ead","targetId":"id-7aa1aa75-a62f-49fc-ab46-0c08d1378425","type":"Flow"},{"id":"c9606d68-5ded-4175-ab54-b734db467954","sourceId":"id-7edf56f4-4be3-4834-8102-f3a991fa86ab","targetId":"id-5206e57c-b616-486c-9b9e-c568c7cdf8a3","type":"Realization"},{"id":"ac37b2ea-179e-4bdf-85c6-1eab17a1690f","sourceId":"id-79d9ec73-ace1-46d6-99c4-6faed79121ee","targetId":"id-5206e57c-b616-486c-9b9e-c568c7cdf8a3","type":"Realization"},{"id":"id-3b44a87d-55a9-4bfd-83d7-14916dbfd13c","sourceId":"id-9a3f83f8-dbd7-481f-81b1-f8b1ca389949","targetId":"id-5206e57c-b616-486c-9b9e-c568c7cdf8a3","type":"Realization"},{"id":"be17f9db-a904-49b7-81ac-c3253d8860cb","sourceId":"dfddafdc-5352-4047-96ed-03a0e4976bbd","targetId":"ea84c7b8-579c-49e7-aaf0-53f049b2fb92","type":"Composition"},{"id":"id-18977af4-52bf-44ce-828b-6e702600560a","sourceId":"ecba8b24-83cd-4399-b222-d4077aa7ae51","targetId":"a61b333f-f226-4c05-80ef-e5160f6135a6","type":"Serving"},{"id":"id-48d08ebb-efdc-4d5e-a9b3-1b8e92edd225","sourceId":"id-5206e57c-b616-486c-9b9e-c568c7cdf8a3","targetId":"id-76a9f57c-4cdb-4306-84c8-2ee54aad4a5d","type":"Serving"},{"id":"c899f1ab-f623-4b38-86d7-dd58ae98cab5","sourceId":"f6e6a456-743b-46ec-9935-fcf36fa67e8b","targetId":"id-76a9f57c-4cdb-4306-84c8-2ee54aad4a5d","type":"Serving"},{"id":"id-71f61749-f90e-4504-999f-29497a1e6400","sourceId":"f6e6a456-743b-46ec-9935-fcf36fa67e8b","targetId":"f11b9c33-c801-4696-9268-60415a563952","type":"Serving"},{"id":"id-2a24a45c-88ef-4f68-ad0f-71364c5935ae","sourceId":"id-4fdf571f-8674-4de7-8de5-0eae13d3e314","targetId":"f11b9c33-c801-4696-9268-60415a563952","type":"Serving"},{"id":"id-25ff8f4b-edcd-418f-a309-22284b3c53b1","sourceId":"f11b9c33-c801-4696-9268-60415a563952","targetId":"id-4fdf571f-8674-4de7-8de5-0eae13d3e314","type":"Realization"},{"id":"id-4def42b2-08f7-4f81-a23f-66472aa210ed","sourceId":"f11b9c33-c801-4696-9268-60415a563952","targetId":"f6e6a456-743b-46ec-9935-fcf36fa67e8b","type":"Realization"},{"id":"id-9cf8fd73-acfd-4241-bd62-cf38ef0ce362","sourceId":"id-76a9f57c-4cdb-4306-84c8-2ee54aad4a5d","targetId":"f6e6a456-743b-46ec-9935-fcf36fa67e8b","type":"Realization"},{"id":"id-76aa9427-f49b-4c15-b12c-18ebf8b291f0","sourceId":"id-9a5d7b81-3c75-48fa-8362-b3dab63674b6","targetId":"c81bfc23-ba6b-4e39-b610-af0cfef6ad3e","type":"Realization"},{"id":"c86fa395-5b9f-43fb-a03f-20682567670d","sourceId":"id-76a9f57c-4cdb-4306-84c8-2ee54aad4a5d","targetId":"id-5206e57c-b616-486c-9b9e-c568c7cdf8a3","type":"Realization"},{"id":"bb5ea579-8c3b-4b38-9536-7534d72e69d6","sourceId":"f6e6a456-743b-46ec-9935-fcf36fa67e8b","targetId":"id-4fdf571f-8674-4de7-8de5-0eae13d3e314","type":"Flow"},{"id":"e113f1d5-b821-4f9a-9fc0-5fd9276ba8e5","sourceId":"id-4fdf571f-8674-4de7-8de5-0eae13d3e314","targetId":"c81bfc23-ba6b-4e39-b610-af0cfef6ad3e","type":"Flow"},{"id":"id-4d6793b6-f2b1-426f-b50e-aaa2a95ed655","sourceId":"c81bfc23-ba6b-4e39-b610-af0cfef6ad3e","targetId":"ecba8b24-83cd-4399-b222-d4077aa7ae51","type":"Flow"},{"id":"id-9713dbdb-98a7-4564-9e35-51a3662b3bbc","sourceId":"id-9a5d7b81-3c75-48fa-8362-b3dab63674b6","targetId":"ecba8b24-83cd-4399-b222-d4077aa7ae51","type":"Realization"},{"id":"id-7d5f81f4-4aa8-47b8-a118-e936a203280f","sourceId":"id-89d48543-a486-4953-bd14-6f242893c9b5","targetId":"id-60284131-3e90-44f3-adf3-80aa9974bfb2","type":"Composition"},{"id":"f643df91-d63e-4be4-87cb-ee284f3e451f","sourceId":"id-89d48543-a486-4953-bd14-6f242893c9b5","targetId":"id-39898f24-d55b-4fd2-85e1-8c8fd3c9798e","type":"Composition"},{"id":"id-6f022b9e-1b11-48d8-8637-01c07c4ae561","sourceId":"id-89d48543-a486-4953-bd14-6f242893c9b5","targetId":"id-4cd54dd1-6e88-45e5-99f9-efaf422fabf8","type":"Composition"},{"id":"c5a63cdb-26d7-4d9a-86ed-2ecbced54cbe","sourceId":"fc735c59-6f01-46eb-80b7-fe1266683349","targetId":"id-0b12ee7c-b205-43df-93dd-fab166769935","type":"Composition"},{"id":"f896b21f-9354-47a6-94be-53119993da3d","sourceId":"fc735c59-6f01-46eb-80b7-fe1266683349","targetId":"ccd2bceb-833b-4b4f-98c9-d910a2a00d71","type":"Composition"},{"id":"id-7e5a21c9-ff2f-4c7b-b7ae-86d0798f1402","sourceId":"fc735c59-6f01-46eb-80b7-fe1266683349","targetId":"id-5d46d158-502e-45df-ad2b-f7e9a9212805","type":"Composition"},{"id":"b695d7a2-d197-460c-8974-be62dad49802","sourceId":"fc735c59-6f01-46eb-80b7-fe1266683349","targetId":"id-76edd61e-3d0d-45d2-a693-bc8fececca5c","type":"Composition"},{"id":"id-2bbca6b5-3c53-4f4e-b09d-f361a13a75c2","sourceId":"fc735c59-6f01-46eb-80b7-fe1266683349","targetId":"id-7689610a-65dc-4a1e-8042-62f11446e0c6","type":"Composition"},{"id":"c8872c36-9ff6-42a7-adc2-bf19732f235c","sourceId":"fc735c59-6f01-46eb-80b7-fe1266683349","targetId":"id-949f7ed1-0e2a-4b22-b23e-7ad0c0bbb26d","type":"Triggering"},{"id":"id-3fa1f2e8-fa52-4b01-b3d7-140f88701d12","sourceId":"id-949f7ed1-0e2a-4b22-b23e-7ad0c0bbb26d","targetId":"fc735c59-6f01-46eb-80b7-fe1266683349","type":"Flow"},{"id":"id-87b9e45e-0cf7-4e7f-8361-8a64c87c08ca","sourceId":"id-949f7ed1-0e2a-4b22-b23e-7ad0c0bbb26d","targetId":"id-89d48543-a486-4953-bd14-6f242893c9b5","type":"Flow"},{"id":"bc8277a3-01f9-4907-b314-00227a8dfa6f","sourceId":"fc735c59-6f01-46eb-80b7-fe1266683349","targetId":"id-3dab42d2-81ab-4d3a-8b8b-3a97b4202237","type":"Flow"},{"id":"id-3d2f2b90-2c6b-43fd-a0d1-8067d29fda26","sourceId":"id-3dab42d2-81ab-4d3a-8b8b-3a97b4202237","targetId":"id-89d48543-a486-4953-bd14-6f242893c9b5","type":"Flow"},{"id":"id-80a0d10d-d588-40e4-80da-a722b5163a87","sourceId":"id-89d48543-a486-4953-bd14-6f242893c9b5","targetId":"id-25977211-fdbb-4881-a40c-6e2964475f0b","type":"Access"},{"id":"id-6ec635ce-73c0-4c86-82af-f12a20139835","sourceId":"fc735c59-6f01-46eb-80b7-fe1266683349","targetId":"id-25977211-fdbb-4881-a40c-6e2964475f0b","type":"Access"},{"id":"id-46de2806-996d-42ff-b4fa-d13b7bbb83a5","sourceId":"id-5d46d158-502e-45df-ad2b-f7e9a9212805","targetId":"id-0b12ee7c-b205-43df-93dd-fab166769935","type":"Realization"},{"id":"id-9d16ff72-7b22-4e27-9134-7bde755c477f","sourceId":"id-76edd61e-3d0d-45d2-a693-bc8fececca5c","targetId":"id-0b12ee7c-b205-43df-93dd-fab166769935","type":"Realization"},{"id":"d66cafc7-e2e7-4372-987d-443d1a471956","sourceId":"id-7689610a-65dc-4a1e-8042-62f11446e0c6","targetId":"id-0b12ee7c-b205-43df-93dd-fab166769935","type":"Realization"},{"id":"id-41644445-29f1-458f-8d5b-41634f985680","sourceId":"id-89d48543-a486-4953-bd14-6f242893c9b5","targetId":"id-8432f380-0abe-4f19-8d39-58a36b1536e4","type":"Access"},{"id":"id-38fd9fa4-c60a-4cac-9c25-3599eadd8722","sourceId":"fc735c59-6f01-46eb-80b7-fe1266683349","targetId":"id-8432f380-0abe-4f19-8d39-58a36b1536e4","type":"Access"},{"id":"id-5a6126dc-fbf4-400d-b84a-2a3ef2de0c74","sourceId":"id-0b12ee7c-b205-43df-93dd-fab166769935","targetId":"c9c42f8f-36ba-4915-ae0c-ceceacf71a30","type":"Realization"},{"id":"id-8f03e686-f9f1-4e30-bb9f-a23582721e75","sourceId":"id-0b12ee7c-b205-43df-93dd-fab166769935","targetId":"id-0d144941-8b19-4322-8545-1d2e8f1c9676","type":"Realization"},{"id":"id-1bb777a3-cf7f-4e60-ae6e-df74b7ed7ad7","sourceId":"id-0b12ee7c-b205-43df-93dd-fab166769935","targetId":"c5b404ee-6a24-4371-a59e-61d79de06286","type":"Realization"},{"id":"b5517f18-c221-4504-bf84-289b76fdc920","sourceId":"id-0b12ee7c-b205-43df-93dd-fab166769935","targetId":"id-4b8a42ad-5b88-4f96-a8bd-a4f3a2e8cf00","type":"Realization"},{"id":"b48572aa-b672-4725-a761-7129f060b452","sourceId":"id-4a24718b-98b8-4e8f-bada-b23eab1dd053","targetId":"bf2eec3e-17a8-4ab0-b57e-89e1a5c59b5f","type":"Composition"},{"id":"dad9ba84-0969-4e5b-988d-bd99918632d2","sourceId":"id-4a24718b-98b8-4e8f-bada-b23eab1dd053","targetId":"dc492beb-22dc-4569-ae34-0f4d0ec69c01","type":"Composition"},{"id":"id-57f8e8ef-46a7-4e92-b172-b549e6560e91","sourceId":"f460b0c2-f4ea-4933-90eb-e9742f7e94bf","targetId":"id-0b12ee7c-b205-43df-93dd-fab166769935","type":"Realization"},{"id":"d6762d16-0747-4cef-a0f8-32eab4590471","sourceId":"dc492beb-22dc-4569-ae34-0f4d0ec69c01","targetId":"id-0b12ee7c-b205-43df-93dd-fab166769935","type":"Realization"},{"id":"id-9b8d8baa-922b-4f3a-9431-06a1b35e0141","sourceId":"c4abbef3-b49f-4bf9-a25e-dc90d58de672","targetId":"id-0b12ee7c-b205-43df-93dd-fab166769935","type":"Realization"},{"id":"id-7ea84e30-b718-49d3-9730-6b775302451a","sourceId":"id-8d3ef5dc-8950-4da5-8f90-f3ebd9085f4c","targetId":"ccd2bceb-833b-4b4f-98c9-d910a2a00d71","type":"Realization"},{"id":"ab6e6da5-8cb0-4a25-8e77-866d681e568d","sourceId":"f460b0c2-f4ea-4933-90eb-e9742f7e94bf","targetId":"ccd2bceb-833b-4b4f-98c9-d910a2a00d71","type":"Realization"},{"id":"id-53807102-a272-4751-8572-43c78a45aadd","sourceId":"id-364925a3-bb8a-444e-ba3a-16a3c3adb64f","targetId":"id-60284131-3e90-44f3-adf3-80aa9974bfb2","type":"Serving"},{"id":"id-8bed5f1e-9d0c-4629-99e4-f6b70b1d6163","sourceId":"ce22cda5-6713-4c64-9fa4-2707928584da","targetId":"id-39898f24-d55b-4fd2-85e1-8c8fd3c9798e","type":"Serving"},{"id":"id-5595d6fc-3e8c-4b21-bf07-1edac72ddd29","sourceId":"f460b0c2-f4ea-4933-90eb-e9742f7e94bf","targetId":"de7b31d9-bcb1-4157-a1aa-477ef639aab2","type":"Composition"},{"id":"ee657b12-5649-4930-b33b-73b144c6b09f","sourceId":"c4abbef3-b49f-4bf9-a25e-dc90d58de672","targetId":"ad5f67ca-a345-420a-8a64-941dfcdba4d5","type":"Composition"},{"id":"id-633e2f4c-5ca6-4555-b165-a6506e6a0523","sourceId":"id-364925a3-bb8a-444e-ba3a-16a3c3adb64f","targetId":"id-2bbcedbc-0706-424b-b84f-0b31d6cc00f4","type":"Composition"},{"id":"id-7f9791ce-bbeb-4f8a-b260-fd73776f6abf","sourceId":"id-364925a3-bb8a-444e-ba3a-16a3c3adb64f","targetId":"id-0c7aa922-cd19-40b9-bd6e-24b212a5c49d","type":"Composition"},{"id":"id-9f1ad4f6-4448-48ab-b530-40a372ed074c","sourceId":"id-5a63620b-05be-4bd3-bc82-2907f0674f53","targetId":"id-3e4e62fe-c33f-473f-b2d7-d3d9d5bea7b8","type":"Composition"},{"id":"fb99a7a7-2c91-4467-a04b-bbd8d64a9e98","sourceId":"id-5a63620b-05be-4bd3-bc82-2907f0674f53","targetId":"id-0b12ee7c-b205-43df-93dd-fab166769935","type":"Realization"},{"id":"f5451888-13ff-4daa-948f-f1324185ab07","sourceId":"id-5a63620b-05be-4bd3-bc82-2907f0674f53","targetId":"e3e69e7e-0e84-46b8-af6e-b0cc543071a4","type":"Realization"},{"id":"id-338797d5-d854-4261-8f45-8feec100843b","sourceId":"bf2eec3e-17a8-4ab0-b57e-89e1a5c59b5f","targetId":"id-64aebee4-728f-4c1f-bf67-9e3a5e280897","type":"Composition"},{"id":"id-9ca5eb9f-c36d-4198-b054-2c8cfe2dd0e6","sourceId":"id-0b12ee7c-b205-43df-93dd-fab166769935","targetId":"c81bfc23-ba6b-4e39-b610-af0cfef6ad3e","type":"Realization"},{"id":"id-410a10ce-f4e4-40be-95aa-96c440439101","sourceId":"id-0b12ee7c-b205-43df-93dd-fab166769935","targetId":"id-4fdf571f-8674-4de7-8de5-0eae13d3e314","type":"Realization"},{"id":"id-1cf312f2-d73f-4939-b88d-b027c448bf97","sourceId":"ccd2bceb-833b-4b4f-98c9-d910a2a00d71","targetId":"f6e6a456-743b-46ec-9935-fcf36fa67e8b","type":"Realization"},{"id":"a7ccd88d-dc5d-401d-88ad-85df33429374","sourceId":"e3e69e7e-0e84-46b8-af6e-b0cc543071a4","targetId":"id-3e46b8ce-da4a-42c2-8d42-9d5ff11dae01","type":"Serving"},{"id":"id-5f389e8e-1654-4912-9dee-e507f2311534","sourceId":"id-60284131-3e90-44f3-adf3-80aa9974bfb2","targetId":"ecba8b24-83cd-4399-b222-d4077aa7ae51","type":"Realization"},{"id":"fb7bbd85-1a9f-4319-b1fe-dfc476357094","sourceId":"id-39898f24-d55b-4fd2-85e1-8c8fd3c9798e","targetId":"ecba8b24-83cd-4399-b222-d4077aa7ae51","type":"Realization"},{"id":"id-35305867-d3ae-49a0-8f5c-ce41c8deb5d6","sourceId":"ce22cda5-6713-4c64-9fa4-2707928584da","targetId":"d9ea4f51-0a23-4a1c-a158-03c2e000a4c3","type":"Composition"},{"id":"id-7e2cce86-5f1d-4099-a21c-9aab89b00d19","sourceId":"fc735c59-6f01-46eb-80b7-fe1266683349","targetId":"e3e69e7e-0e84-46b8-af6e-b0cc543071a4","type":"Composition"},{"id":"id-4d6f039a-8248-4812-a319-508c25dc28df","sourceId":"id-109c2481-6b40-4e4f-9d07-404da4b933ae","targetId":"id-2043a94c-b053-42eb-89f3-4a56143c444b","type":"Association"},{"id":"id-13afb8de-707a-4c5c-bff8-a5b97380610e","sourceId":"id-7bf6891f-1792-4777-9718-cbdf7c261db3","targetId":"id-2043a94c-b053-42eb-89f3-4a56143c444b","type":"Association"},{"id":"id-604ac30b-b547-4ef1-9792-1079c856c178","sourceId":"id-7bf6891f-1792-4777-9718-cbdf7c261db3","targetId":"id-2043a94c-b053-42eb-89f3-4a56143c444b","type":"Access"},{"id":"id-5b373655-01a1-42cd-9992-4f5380bc3afa","sourceId":"id-109c2481-6b40-4e4f-9d07-404da4b933ae","targetId":"id-2043a94c-b053-42eb-89f3-4a56143c444b","type":"Access"},{"id":"id-32b3a67e-3e0f-4f99-8586-e18732dd02e3","sourceId":"id-9c255822-4a29-425b-9b5a-2c46f8074b25","targetId":"id-2043a94c-b053-42eb-89f3-4a56143c444b","type":"Access"},{"id":"e94ee1e2-0c28-4643-b023-e5ce06fb8e1c","sourceId":"id-9c255822-4a29-425b-9b5a-2c46f8074b25","targetId":"id-22ba36ee-2656-44e8-81ea-2665116ef1ba","type":"Access"},{"id":"b028f66f-b8e6-49f2-9e6d-fc3b43b06387","sourceId":"id-9c255822-4a29-425b-9b5a-2c46f8074b25","targetId":"id-06ed2f45-c67b-4569-b6d1-7a0b5d7ce0fb","type":"Flow"},{"id":"adbd09d1-aa7f-4e77-836b-b8bb08da9a1f","sourceId":"id-06ed2f45-c67b-4569-b6d1-7a0b5d7ce0fb","targetId":"id-22ba36ee-2656-44e8-81ea-2665116ef1ba","type":"Access"},{"id":"id-155980bd-5ad3-45fc-a446-4d3d5ca0eb19","sourceId":"id-06ed2f45-c67b-4569-b6d1-7a0b5d7ce0fb","targetId":"id-0d2b1919-0ad0-4ea6-88be-6e5f77ac7ab8","type":"Flow"},{"id":"id-05b91a6b-a106-4684-9e8c-975ef9fee824","sourceId":"id-0d2b1919-0ad0-4ea6-88be-6e5f77ac7ab8","targetId":"d267e76e-3b8a-4609-8e78-411cf6442636","type":"Flow"},{"id":"fffb2884-1fb1-4772-a134-ea425bbfcd35","sourceId":"id-06ed2f45-c67b-4569-b6d1-7a0b5d7ce0fb","targetId":"id-240007cf-3853-4711-be28-b71dc604ed36","type":"Access"},{"id":"id-56b37215-e297-429c-b82b-263eb81b3145","sourceId":"id-0d2b1919-0ad0-4ea6-88be-6e5f77ac7ab8","targetId":"id-240007cf-3853-4711-be28-b71dc604ed36","type":"Access"},{"id":"e7a0ba1e-d761-43e9-bf31-642b4937e5ab","sourceId":"d267e76e-3b8a-4609-8e78-411cf6442636","targetId":"id-240007cf-3853-4711-be28-b71dc604ed36","type":"Access"},{"id":"id-56bd0f84-a7db-4dc7-a92f-736757905eb2","sourceId":"d267e76e-3b8a-4609-8e78-411cf6442636","targetId":"id-0a41d0a6-e1d2-479d-b84b-2197c0772d3b","type":"Access"},{"id":"f081c89f-2b4c-407e-978d-3aef83c7a245","sourceId":"d267e76e-3b8a-4609-8e78-411cf6442636","targetId":"id-5a802ecb-f886-4f25-adfd-03465fb3536e","type":"Flow"},{"id":"a2e32a52-d2e6-4066-8e78-14534e13c79b","sourceId":"id-5a802ecb-f886-4f25-adfd-03465fb3536e","targetId":"id-0a41d0a6-e1d2-479d-b84b-2197c0772d3b","type":"Access"},{"id":"id-30a76430-c32b-4681-873a-3d191d179ba4","sourceId":"id-109c2481-6b40-4e4f-9d07-404da4b933ae","targetId":"id-7bf6891f-1792-4777-9718-cbdf7c261db3","type":"Flow"},{"id":"id-599a080d-dadd-49b4-892d-588bb8411673","sourceId":"id-7bf6891f-1792-4777-9718-cbdf7c261db3","targetId":"id-9c255822-4a29-425b-9b5a-2c46f8074b25","type":"Flow"},{"id":"id-7b585339-3604-4bda-988c-e4f8630e3149","sourceId":"id-5a802ecb-f886-4f25-adfd-03465fb3536e","targetId":"id-7b043fe5-9dba-4bca-b0c4-db511a2ac43a","type":"Access"},{"id":"id-56da9cbd-011f-440e-b126-b7d716c93b82","sourceId":"id-5a802ecb-f886-4f25-adfd-03465fb3536e","targetId":"a119490e-e708-4b49-8ea7-4b2ffffea455","type":"Flow"},{"id":"c2a15e47-c87f-4274-a990-22f799d72a08","sourceId":"a119490e-e708-4b49-8ea7-4b2ffffea455","targetId":"id-7b043fe5-9dba-4bca-b0c4-db511a2ac43a","type":"Access"},{"id":"ea33de14-c150-4681-bc71-aa88c843cabd","sourceId":"a119490e-e708-4b49-8ea7-4b2ffffea455","targetId":"id-97b33d45-1cdd-45bd-ad1e-e7b8440a5aaa","type":"Flow"},{"id":"id-92274866-3994-49ec-8fc8-44c87a054193","sourceId":"id-33ac127b-41a4-42ab-b372-bf3419e3c200","targetId":"id-109c2481-6b40-4e4f-9d07-404da4b933ae","type":"Flow"},{"id":"f96806bb-3cd6-4128-a29a-5432d7ffdcf3","sourceId":"id-711c32a9-3f64-4817-82ed-4856ab764d43","targetId":"id-364925a3-bb8a-444e-ba3a-16a3c3adb64f","type":"Composition"},{"id":"d5afa4a7-fec7-454d-b7de-c074430eb262","sourceId":"id-711c32a9-3f64-4817-82ed-4856ab764d43","targetId":"id-18fb347c-413b-42ff-bf06-b0a060855762","type":"Composition"},{"id":"id-1044ace9-03a6-4fa4-b8ab-cbc2055a7692","sourceId":"id-711c32a9-3f64-4817-82ed-4856ab764d43","targetId":"f8b14b9b-9dd5-4529-91b2-dfcf2b5420d3","type":"Composition"},{"id":"ace1cb55-2f90-48c1-9c6f-e2df7d816a8f","sourceId":"id-711c32a9-3f64-4817-82ed-4856ab764d43","targetId":"e5c330cd-4d3e-4474-ae90-8f82b704e8d6","type":"Composition"},{"id":"fc6a778e-f861-4f4b-aec6-b56f4d6a24a1","sourceId":"id-58742daf-e95f-491a-9c58-2ca626b2d39a","targetId":"id-02309626-77ef-4457-9fd0-2d4e7eecc2b0","type":"Access"},{"id":"id-416caca3-246b-4ea6-9200-06c985b4834a","sourceId":"id-109c2481-6b40-4e4f-9d07-404da4b933ae","targetId":"id-58742daf-e95f-491a-9c58-2ca626b2d39a","type":"Realization"},{"id":"f8bf5679-52f7-4b51-a4a5-8757257dd199","sourceId":"id-7bf6891f-1792-4777-9718-cbdf7c261db3","targetId":"id-58742daf-e95f-491a-9c58-2ca626b2d39a","type":"Realization"},{"id":"id-02778459-9c9c-4ba5-a71d-a891b10d47a0","sourceId":"id-8d3ef5dc-8950-4da5-8f90-f3ebd9085f4c","targetId":"d48668bf-effd-4bde-a40a-594680b68dae","type":"Composition"},{"id":"id-84cb1a67-d073-4773-a157-76300f05a195","sourceId":"id-8d3ef5dc-8950-4da5-8f90-f3ebd9085f4c","targetId":"id-2d2c99e6-f7f8-4e2e-b8a3-eec7f0427c55","type":"Realization"},{"id":"id-212bf37b-04b8-4098-9cab-8de360724873","sourceId":"id-8d3ef5dc-8950-4da5-8f90-f3ebd9085f4c","targetId":"id-42fc04a2-bdcd-4899-b9aa-c0bb6e3a6c1c","type":"Realization"},{"id":"ca563f38-3a21-4069-b108-236299d998d0","sourceId":"id-4ec1cd0a-1865-4598-9fc5-c657157cabb2","targetId":"id-02309626-77ef-4457-9fd0-2d4e7eecc2b0","type":"Realization"},{"id":"id-39d7d315-9bf4-4377-ad47-aacc7f1959a6","sourceId":"id-42fc04a2-bdcd-4899-b9aa-c0bb6e3a6c1c","targetId":"id-4ec1cd0a-1865-4598-9fc5-c657157cabb2","type":"Access"},{"id":"afeee06c-5f41-473e-aab7-da60489da580","sourceId":"id-42fc04a2-bdcd-4899-b9aa-c0bb6e3a6c1c","targetId":"id-2d2c99e6-f7f8-4e2e-b8a3-eec7f0427c55","type":"Serving"},{"id":"f2dd047a-7ca3-4db3-b396-3457f355b57a","sourceId":"id-2d2c99e6-f7f8-4e2e-b8a3-eec7f0427c55","targetId":"id-42fc04a2-bdcd-4899-b9aa-c0bb6e3a6c1c","type":"Aggregation"},{"id":"efacb89b-fad5-4d18-a803-43d21ab9f0ad","sourceId":"id-2d2c99e6-f7f8-4e2e-b8a3-eec7f0427c55","targetId":"id-58742daf-e95f-491a-9c58-2ca626b2d39a","type":"Serving"},{"id":"id-02da214a-67fb-4921-b61e-8dc88fe977bf","sourceId":"id-42fc04a2-bdcd-4899-b9aa-c0bb6e3a6c1c","targetId":"id-2d2c99e6-f7f8-4e2e-b8a3-eec7f0427c55","type":"Flow"},{"id":"id-9b483f0f-391d-4d49-8056-0cb1f9d995b2","sourceId":"bffeb35a-3606-4332-9df0-b854764f10f4","targetId":"id-2d2c99e6-f7f8-4e2e-b8a3-eec7f0427c55","type":"Aggregation"},{"id":"id-89fa3f70-d6b8-4c17-9f11-6516c071a3b7","sourceId":"id-2d2c99e6-f7f8-4e2e-b8a3-eec7f0427c55","targetId":"f6e6a456-743b-46ec-9935-fcf36fa67e8b","type":"Realization"},{"id":"f0aeb988-ca09-410e-9d4d-8ca0b054574e","sourceId":"id-42fc04a2-bdcd-4899-b9aa-c0bb6e3a6c1c","targetId":"f6e6a456-743b-46ec-9935-fcf36fa67e8b","type":"Serving"},{"id":"id-004fee8f-06df-4448-8592-3136ea35450d","sourceId":"id-42fc04a2-bdcd-4899-b9aa-c0bb6e3a6c1c","targetId":"id-0730acb7-604e-4f70-ba84-22ea81bc89ca","type":"Serving"},{"id":"cbc6e052-5b15-4caf-8de5-77afd9f9bc85","sourceId":"f8d3cf1e-620d-4c63-9a5d-a58b812aec59","targetId":"id-109c2481-6b40-4e4f-9d07-404da4b933ae","type":"Triggering"},{"id":"id-3c0874b9-7b59-4437-aab6-00c3778fb341","sourceId":"e3e69e7e-0e84-46b8-af6e-b0cc543071a4","targetId":"f8d3cf1e-620d-4c63-9a5d-a58b812aec59","type":"Triggering"},{"id":"id-32ca0969-a9f9-49f8-8d32-6189eec19b97","sourceId":"id-3c6c0a10-72ea-4b24-924d-2b7e125a5262","targetId":"id-2d2c99e6-f7f8-4e2e-b8a3-eec7f0427c55","type":"Realization"},{"id":"id-8eb64f89-b2a2-45e4-b4f8-a426d41ab10b","sourceId":"id-6ac09b73-f78b-43b4-b528-d8a2b33e1f74","targetId":"id-42fc04a2-bdcd-4899-b9aa-c0bb6e3a6c1c","type":"Serving"},{"id":"id-8d1bcf54-bf07-4a9f-ba88-47a007a5ce71","sourceId":"id-09cd1d13-c625-42be-8ce3-0c37edbf1531","targetId":"bffeb35a-3606-4332-9df0-b854764f10f4","type":"Realization"},{"id":"dcd3a2a6-5193-4f7f-878c-108a93ce8df9","sourceId":"id-277452f9-dddd-4860-aabd-265ccf6d0d11","targetId":"bffeb35a-3606-4332-9df0-b854764f10f4","type":"Realization"},{"id":"b9c51a8b-918b-412d-82ae-209bc1ffca29","sourceId":"id-3c6c0a10-72ea-4b24-924d-2b7e125a5262","targetId":"bffeb35a-3606-4332-9df0-b854764f10f4","type":"Serving"},{"id":"id-7e58078b-9dab-41e5-848a-b187ab62ec05","sourceId":"id-109c2481-6b40-4e4f-9d07-404da4b933ae","targetId":"bffeb35a-3606-4332-9df0-b854764f10f4","type":"Realization"},{"id":"e1beb9fb-61db-42b5-a835-c10ac2d0dc3e","sourceId":"id-364925a3-bb8a-444e-ba3a-16a3c3adb64f","targetId":"id-5eabd456-4888-4960-bd9f-5b26634f1f02","type":"Composition"},{"id":"b608031f-0c33-4ead-85ed-4abe7f118aa0","sourceId":"id-3c426914-b11a-4bd1-9fbf-87598cf83cfd","targetId":"d48668bf-effd-4bde-a40a-594680b68dae","type":"Composition"},{"id":"id-5e557b79-bb13-471f-88db-5cc78ee5c8cf","sourceId":"id-711c32a9-3f64-4817-82ed-4856ab764d43","targetId":"id-8d3ef5dc-8950-4da5-8f90-f3ebd9085f4c","type":"Composition"},{"id":"c6d9802f-181c-452a-b498-3ba22c288ce9","sourceId":"id-8d3ef5dc-8950-4da5-8f90-f3ebd9085f4c","targetId":"id-0b12ee7c-b205-43df-93dd-fab166769935","type":"Realization"},{"id":"id-6deaa046-7c37-4e38-9ffc-021f0ece172b","sourceId":"id-711c32a9-3f64-4817-82ed-4856ab764d43","targetId":"id-8d3ef5dc-8950-4da5-8f90-f3ebd9085f4c","type":"Flow"},{"id":"e9a9742e-046c-4c76-a3e5-f67986b2e713","sourceId":"id-8d3ef5dc-8950-4da5-8f90-f3ebd9085f4c","targetId":"id-364925a3-bb8a-444e-ba3a-16a3c3adb64f","type":"Flow"},{"id":"d355b7f5-46bd-45c4-bcc4-c1aa190b3c3b","sourceId":"id-18fb347c-413b-42ff-bf06-b0a060855762","targetId":"id-364925a3-bb8a-444e-ba3a-16a3c3adb64f","type":"Flow"},{"id":"d058382c-f73b-40cb-8ce0-39ea978eafb4","sourceId":"id-6a036e54-97d6-4ac5-93d8-eb1e49ec22fc","targetId":"id-4a1b27cd-6edf-44ed-8975-788f8175dd25","type":"Composition"},{"id":"id-67e5157c-2ffa-468f-b278-1de9c8975ae2","sourceId":"id-6a036e54-97d6-4ac5-93d8-eb1e49ec22fc","targetId":"e3e69e7e-0e84-46b8-af6e-b0cc543071a4","type":"Composition"},{"id":"id-4ca4cd3a-ff6e-4454-997d-79448eeff11f","sourceId":"id-711c32a9-3f64-4817-82ed-4856ab764d43","targetId":"id-5a63620b-05be-4bd3-bc82-2907f0674f53","type":"Composition"},{"id":"id-69c50e69-ffc2-4059-b1cf-df8cb047bcc4","sourceId":"id-8d3ef5dc-8950-4da5-8f90-f3ebd9085f4c","targetId":"id-4a1b27cd-6edf-44ed-8975-788f8175dd25","type":"Realization"},{"id":"id-4265a726-afa6-40b5-9274-6dcf93f88ad2","sourceId":"id-4a1b27cd-6edf-44ed-8975-788f8175dd25","targetId":"c81bfc23-ba6b-4e39-b610-af0cfef6ad3e","type":"Realization"},{"id":"c763ecbd-aba8-40c1-bcf7-ebd8eca2e828","sourceId":"id-8d3ef5dc-8950-4da5-8f90-f3ebd9085f4c","targetId":"e3e69e7e-0e84-46b8-af6e-b0cc543071a4","type":"Realization"},{"id":"b81c7715-2a8e-4ed4-bec5-683157689167","sourceId":"id-28c27c2a-08af-4b05-8888-228beb524623","targetId":"dbd7086a-d903-4977-a2b6-13b712f6e97c","type":"Flow"},{"id":"cbec9e24-61aa-40db-b3ce-d82f7007b815","sourceId":"dbd7086a-d903-4977-a2b6-13b712f6e97c","targetId":"cdab4a3d-a501-4353-9ae5-5a517f51d33d","type":"Flow"},{"id":"id-3f7be4de-f145-4241-8eaa-8ab6a527f88a","sourceId":"dbd7086a-d903-4977-a2b6-13b712f6e97c","targetId":"bcae4f81-368b-41cb-9d38-fa4d19b3fcd6","type":"Flow"},{"id":"dafd8708-e8a1-4f8b-bd84-f0221572b424","sourceId":"bcae4f81-368b-41cb-9d38-fa4d19b3fcd6","targetId":"id-361a34ce-91f4-4e0e-a517-de73e52ce584","type":"Flow"},{"id":"ad61a91b-ac77-47d1-811b-1bda10d28b5b","sourceId":"id-361a34ce-91f4-4e0e-a517-de73e52ce584","targetId":"id-8d3ef5dc-8950-4da5-8f90-f3ebd9085f4c","type":"Flow"},{"id":"id-171bbb18-0eec-43de-9820-e2b083ee89a0","sourceId":"id-361a34ce-91f4-4e0e-a517-de73e52ce584","targetId":"id-0b12ee7c-b205-43df-93dd-fab166769935","type":"Realization"},{"id":"d4334049-51c2-41f7-86bf-b7e23c2f24a8","sourceId":"bcae4f81-368b-41cb-9d38-fa4d19b3fcd6","targetId":"id-7c68ee72-fc0e-4d66-ab6c-8959e835a658","type":"Realization"},{"id":"id-1b7d6819-f938-4861-8244-f11caa674edd","sourceId":"dbd7086a-d903-4977-a2b6-13b712f6e97c","targetId":"f96833d6-2ee3-45e3-bb01-61e628639eae","type":"Realization"},{"id":"ac7230d9-44af-4dde-9591-b8d8ebd82b75","sourceId":"id-28c27c2a-08af-4b05-8888-228beb524623","targetId":"f96833d6-2ee3-45e3-bb01-61e628639eae","type":"Serving"},{"id":"id-68ce0e3b-003c-438e-ac24-36aa756482aa","sourceId":"bcae4f81-368b-41cb-9d38-fa4d19b3fcd6","targetId":"f96833d6-2ee3-45e3-bb01-61e628639eae","type":"Serving"},{"id":"ac83f967-cb10-4ba9-80fc-343a67e11005","sourceId":"id-42fc04a2-bdcd-4899-b9aa-c0bb6e3a6c1c","targetId":"id-6ac09b73-f78b-43b4-b528-d8a2b33e1f74","type":"Serving"}],"views":[{"id":"id-6c63e56b-8b9a-48d2-8d09-93e10966d1aa","name":"Overview","viewpoint":"Layered"},{"id":"b4a6f755-62cc-48eb-956d-06e0bd797b0f","name":"Twitter Connector","viewpoint":"Layered"},{"id":"id-1bc4751b-746a-4fa8-92c0-41f4c4b2ff41","name":"Solutions Architecture","viewpoint":"Layered"},{"id":"c4f199b0-3612-4ee2-9a9a-10caefc57de8","name":"Organization","viewpoint":"Organization"},{"id":"id-3b558f68-660a-47f5-b3f4-201e0d2cc79c","name":"Product Viewpoint","viewpoint":"Product"},{"id":"id-3cf9a980-5483-4772-9dc4-85dc8d1a7e02","name":"Business Process Cooperation","viewpoint":"Business Process Cooperation"},{"id":"id-663d39b1-40ee-4ac0-96fa-511d8051f9f0","name":"Technology","viewpoint":"Technology"},{"id":"id-39852d1c-cccd-4f0b-b99d-7ec4a15862f8","name":"Application Cooperation","viewpoint":"Application Cooperation"},{"id":"id-142b4787-6b6f-4a60-bc3a-ddb622a61a89","name":"Application Usage","viewpoint":"Application Usage"},{"id":"id-9d3bdee7-b26b-4f52-a040-553957256f6b","name":"Batch Compute","viewpoint":"Outcome Realization"},{"id":"id-28baecf5-f7c7-4d4f-8667-9d458a71fff2","name":"Testing Pipeline","viewpoint":"Application Cooperation"},{"id":"b6560392-d4a3-4640-b1dd-386a8ddc42eb","name":"Connector","viewpoint":""},{"id":"dc60f992-e2da-41c0-a6d8-b4485b763b46","name":"Data Collection Flow","viewpoint":"Application Cooperation"},{"id":"id-413d37b5-b251-48ab-a13a-d9ca856f1be9","name":"New ArchiMate View","viewpoint":""},{"id":"id-395d1cce-c0ce-4d1e-a4d9-0fc425755ceb","name":"Distribution","viewpoint":""}]}