{"identifier":"https://me.big.tuwien.ac.at/EAModelSet/_4gxjUDSbEeuxZMUIY-ihGw","archimateId":"_4gxjUDSbEeuxZMUIY-ihGw","name":"Сервис-временная упаковка продукции","description":"","formats":["XML","CSV","JSON","ARCHIMATE"],"source":"GenMyModel","sourceFile":"raw-data/genmymodel/_4gxjudsbeeuxzmuiy-ihgw.xml","sourceFormat":"XML","timestamp":"29-06-2023 09:26:13","tags":[],"duplicates":[],"language":"ru","elements":[{"id":"_7Z_VYBbJEDmuu6G1ngxmxg","name":"Сервис \"Временная упаковка продукции\"","type":"BusinessService","layer":"business"},{"id":"_e9Hb8BnFEDmyp5OdSvOL2w","name":"Операционный контроль","type":"BusinessService","layer":"business"},{"id":"_RXi_kBbPEDmuu6G1ngxmxg","name":"Прием и обработка запроса","type":"BusinessFunction","layer":"business"},{"id":"_TvWkcBbPEDmuu6G1ngxmxg","name":"Подбор конфигурации","type":"BusinessFunction","layer":"business"},{"id":"_VFPZUBbPEDmuu6G1ngxmxg","name":"Комплектация из пополняемого запаса","type":"BusinessFunction","layer":"business"},{"id":"_k11kQBbPEDmuu6G1ngxmxg","name":"Упаковка","type":"BusinessFunction","layer":"business"},{"id":"_AyeY0BbREDmuu6G1ngxmxg","name":"Предъявление на контроль","type":"BusinessFunction","layer":"business"},{"id":"_9GDs0BnCEDmyp5OdSvOL2w","name":"евро-палет/картонные коробки/их комбинация","type":"Representation","layer":"business"},{"id":"_Toq-IBnDEDmyp5OdSvOL2w","name":"Упакованная продукция","type":"Product","layer":"business"},{"id":"_dEUZMBnDEDmyp5OdSvOL2w","name":"Получение продукции от заказчика","type":"BusinessFunction","layer":"business"},{"id":"_yEX2IBnEEDmyp5OdSvOL2w","name":"Неупакованная продукция","type":"Product","layer":"business"},{"id":"_2I0jABnEEDmyp5OdSvOL2w","name":"Материалы для упаковки","type":"Product","layer":"business"},{"id":"_h5cDIBnFEDmyp5OdSvOL2w","name":"Передача автору запроса","type":"BusinessFunction","layer":"business"},{"id":"_r4DBUBnFEDmyp5OdSvOL2w","name":"Технологическая документация","type":"Representation","layer":"business"},{"id":"_3mzugBnFEDmyp5OdSvOL2w","name":"Упаковщик","type":"BusinessRole","layer":"business"},{"id":"__w7QQBnFEDmyp5OdSvOL2w","name":"Упаковщик","type":"BusinessRole","layer":"business"},{"id":"_CC89QBnGEDmyp5OdSvOL2w","name":"ОТК","type":"BusinessCollaboration","layer":"business"},{"id":"_Dl2TYBnGEDmyp5OdSvOL2w","name":"Упаковщик","type":"BusinessRole","layer":"business"},{"id":"_FUUAUBnGEDmyp5OdSvOL2w","name":"Упаковщик","type":"BusinessRole","layer":"business"},{"id":"_NsTmABnGEDmyp5OdSvOL2w","name":"Технологическая документация","type":"Representation","layer":"business"},{"id":"_SSl0oBnGEDmyp5OdSvOL2w","name":"Упакованная продукция","type":"Product","layer":"business"},{"id":"_W0OMwBnGEDmyp5OdSvOL2w","name":"Запрос закрыт","type":"BusinessEvent","layer":"business"},{"id":"_ZTwxUBnGEDmyp5OdSvOL2w","name":"Запрос на временную упаковку продукции","type":"BusinessEvent","layer":"business"},{"id":"_z95zcBqcEDmSHpubU6c5sQ","name":"Заказчик","type":"BusinessRole","layer":"business"}],"relationships":[{"id":"_mMRKQBnFEDmyp5OdSvOL2w","sourceId":"_e9Hb8BnFEDmyp5OdSvOL2w","targetId":"_h5cDIBnFEDmyp5OdSvOL2w","type":"Triggering"},{"id":"_oIj30BnFEDmyp5OdSvOL2w","sourceId":"_e9Hb8BnFEDmyp5OdSvOL2w","targetId":"_Toq-IBnDEDmyp5OdSvOL2w","type":"Association"},{"id":"_RHsHwBnGEDmyp5OdSvOL2w","sourceId":"_e9Hb8BnFEDmyp5OdSvOL2w","targetId":"_NsTmABnGEDmyp5OdSvOL2w","type":"Association"},{"id":"_YtoxcBbREDmuu6G1ngxmxg","sourceId":"_RXi_kBbPEDmuu6G1ngxmxg","targetId":"_TvWkcBbPEDmuu6G1ngxmxg","type":"Triggering"},{"id":"_ZFBWsBbREDmuu6G1ngxmxg","sourceId":"_TvWkcBbPEDmuu6G1ngxmxg","targetId":"_VFPZUBbPEDmuu6G1ngxmxg","type":"Triggering"},{"id":"_aIqlABbREDmuu6G1ngxmxg","sourceId":"_k11kQBbPEDmuu6G1ngxmxg","targetId":"_AyeY0BbREDmuu6G1ngxmxg","type":"Triggering"},{"id":"_BBKQcBnDEDmyp5OdSvOL2w","sourceId":"_TvWkcBbPEDmuu6G1ngxmxg","targetId":"_9GDs0BnCEDmyp5OdSvOL2w","type":"Association"},{"id":"_NG7IYBnDEDmyp5OdSvOL2w","sourceId":"_VFPZUBbPEDmuu6G1ngxmxg","targetId":"_k11kQBbPEDmuu6G1ngxmxg","type":"Triggering"},{"id":"_Xa5SkBnDEDmyp5OdSvOL2w","sourceId":"_k11kQBbPEDmuu6G1ngxmxg","targetId":"_Toq-IBnDEDmyp5OdSvOL2w","type":"Association"},{"id":"_gW154BnDEDmyp5OdSvOL2w","sourceId":"_TvWkcBbPEDmuu6G1ngxmxg","targetId":"_dEUZMBnDEDmyp5OdSvOL2w","type":"Triggering"},{"id":"_gy_DUBnDEDmyp5OdSvOL2w","sourceId":"_dEUZMBnDEDmyp5OdSvOL2w","targetId":"_k11kQBbPEDmuu6G1ngxmxg","type":"Triggering"},{"id":"_1xTa4BnEEDmyp5OdSvOL2w","sourceId":"_yEX2IBnEEDmyp5OdSvOL2w","targetId":"_dEUZMBnDEDmyp5OdSvOL2w","type":"Association"},{"id":"_4GdUYBnEEDmyp5OdSvOL2w","sourceId":"_VFPZUBbPEDmuu6G1ngxmxg","targetId":"_2I0jABnEEDmyp5OdSvOL2w","type":"Association"},{"id":"_aLXkMBnFEDmyp5OdSvOL2w","sourceId":"_9GDs0BnCEDmyp5OdSvOL2w","targetId":"_2I0jABnEEDmyp5OdSvOL2w","type":"Association"},{"id":"_hUzFABnFEDmyp5OdSvOL2w","sourceId":"_AyeY0BbREDmuu6G1ngxmxg","targetId":"_e9Hb8BnFEDmyp5OdSvOL2w","type":"Triggering"},{"id":"_nq5rcBnFEDmyp5OdSvOL2w","sourceId":"_AyeY0BbREDmuu6G1ngxmxg","targetId":"_Toq-IBnDEDmyp5OdSvOL2w","type":"Association"},{"id":"_u2RtABnFEDmyp5OdSvOL2w","sourceId":"_k11kQBbPEDmuu6G1ngxmxg","targetId":"_r4DBUBnFEDmyp5OdSvOL2w","type":"Association"},{"id":"_5bBeIBnFEDmyp5OdSvOL2w","sourceId":"_3mzugBnFEDmyp5OdSvOL2w","targetId":"_TvWkcBbPEDmuu6G1ngxmxg","type":"Association"},{"id":"_6JyBkBnFEDmyp5OdSvOL2w","sourceId":"_3mzugBnFEDmyp5OdSvOL2w","targetId":"_VFPZUBbPEDmuu6G1ngxmxg","type":"Association"},{"id":"_9l3G4BnFEDmyp5OdSvOL2w","sourceId":"_3mzugBnFEDmyp5OdSvOL2w","targetId":"_k11kQBbPEDmuu6G1ngxmxg","type":"Association"},{"id":"_BGNBIBnGEDmyp5OdSvOL2w","sourceId":"__w7QQBnFEDmyp5OdSvOL2w","targetId":"_AyeY0BbREDmuu6G1ngxmxg","type":"Association"},{"id":"_DNHDQBnGEDmyp5OdSvOL2w","sourceId":"_CC89QBnGEDmyp5OdSvOL2w","targetId":"_e9Hb8BnFEDmyp5OdSvOL2w","type":"Association"},{"id":"_E3-CkBnGEDmyp5OdSvOL2w","sourceId":"_Dl2TYBnGEDmyp5OdSvOL2w","targetId":"_h5cDIBnFEDmyp5OdSvOL2w","type":"Association"},{"id":"_F8VpoBnGEDmyp5OdSvOL2w","sourceId":"_FUUAUBnGEDmyp5OdSvOL2w","targetId":"_RXi_kBbPEDmuu6G1ngxmxg","type":"Association"},{"id":"_Lat94BnGEDmyp5OdSvOL2w","sourceId":"_k11kQBbPEDmuu6G1ngxmxg","targetId":"_2I0jABnEEDmyp5OdSvOL2w","type":"Association"},{"id":"_UCzOABnGEDmyp5OdSvOL2w","sourceId":"_h5cDIBnFEDmyp5OdSvOL2w","targetId":"_SSl0oBnGEDmyp5OdSvOL2w","type":"Association"},{"id":"_YPTDoBnGEDmyp5OdSvOL2w","sourceId":"_h5cDIBnFEDmyp5OdSvOL2w","targetId":"_W0OMwBnGEDmyp5OdSvOL2w","type":"Triggering"},{"id":"_dGQykBnGEDmyp5OdSvOL2w","sourceId":"_ZTwxUBnGEDmyp5OdSvOL2w","targetId":"_RXi_kBbPEDmuu6G1ngxmxg","type":"Triggering"},{"id":"_13pjUBqcEDmSHpubU6c5sQ","sourceId":"_z95zcBqcEDmSHpubU6c5sQ","targetId":"_ZTwxUBnGEDmyp5OdSvOL2w","type":"Association"}],"views":[{"id":"_4gxjUzSbEeuxZMUIY-ihGw","name":"archimate-diagram","viewpoint":""}]}