<?xml version="1.0" encoding="UTF-8"?>
<model xmlns="http://www.opengroup.org/xsd/archimate/3.0/" xmlns:xsi="http://www.w3.org/2001/XMLSchema-instance" xsi:schemaLocation="http://www.opengroup.org/xsd/archimate/3.0/ http://www.opengroup.org/xsd/archimate/3.1/archimate3_Diagram.xsd" identifier="id-5b89998c">
  <name>Factory Method</name>
  <elements>
    <element identifier="f0178dd6" xsi:type="ApplicationProcess">
      <name>create subclass</name>
      <documentation>- в отличие от строителя здесь ненадо создавать объект класса продукт и затем его передавать в метод алгоритма
- здесь можно сразу создать конкретный подкласс (внутрь которого уже будет зашит создание нужного класса продукта)</documentation>
    </element>
    <element identifier="id-58474efc" xsi:type="ApplicationProcess">
      <name>construct some object</name>
    </element>
    <element identifier="c11a49a4" xsi:type="ApplicationProcess">
      <name>get result</name>
    </element>
    <element identifier="id-332dc3be" xsi:type="ApplicationProcess">
      <name>Application Process</name>
    </element>
    <element identifier="id-65e8c2fb" xsi:type="ApplicationComponent">
      <name>class creator</name>
    </element>
    <element identifier="id-75517e16" xsi:type="ApplicationComponent">
      <name />
    </element>
    <element identifier="id-3438cb90" xsi:type="ApplicationFunction">
      <name>ABSTRACT fabric method</name>
    </element>
    <element identifier="fca74ac2" xsi:type="ApplicationFunction">
      <name>construct algoritm</name>
    </element>
    <element identifier="f57c3dc4" xsi:type="ApplicationFunction">
      <name>construct algoritm</name>
      <documentation>здесь может быть парсер, разбирающий одно какое либо дерево и получающий с одним и тем же алгоритмом разные выходные объекты</documentation>
    </element>
    <element identifier="de51f2fe" xsi:type="ApplicationProcess">
      <name>step</name>
    </element>
    <element identifier="id-23ab14f4" xsi:type="ApplicationProcess">
      <name>step</name>
    </element>
    <element identifier="id-10090f3d" xsi:type="ApplicationComponent">
      <name>subclass concrete creator A</name>
    </element>
    <element identifier="id-15a55d10" xsi:type="ApplicationFunction">
      <name>fabric method</name>
    </element>
    <element identifier="id-4ca8af6e" xsi:type="ApplicationFunction">
      <name>construct algoritm (copy)</name>
      <documentation>здесь может быть парсер, разбирающий одно какое либо дерево и получающий с одним и тем же алгоритмом разные выходные объекты</documentation>
    </element>
    <element identifier="id-426d61c5" xsi:type="ApplicationProcess">
      <name>step (copy)</name>
    </element>
    <element identifier="id-0c9ad89b" xsi:type="ApplicationProcess">
      <name>step (copy)</name>
    </element>
    <element identifier="dd317821" xsi:type="ApplicationFunction">
      <name>method 1</name>
    </element>
    <element identifier="id-86b0b487" xsi:type="ApplicationFunction">
      <name>method 3</name>
    </element>
    <element identifier="id-0ee48ef4" xsi:type="ApplicationFunction">
      <name>method 2</name>
    </element>
    <element identifier="b07d7a0d" xsi:type="ApplicationComponent">
      <name>subclass concrete product A</name>
    </element>
    <element identifier="be7baef4" xsi:type="ApplicationFunction">
      <name>getResult A</name>
    </element>
    <element identifier="id-7193d7a1" xsi:type="ApplicationInterface">
      <name>interface product</name>
    </element>
    <element identifier="id-15a5997e" xsi:type="ApplicationFunction">
      <name>method 1</name>
    </element>
    <element identifier="id-8c065b8e" xsi:type="ApplicationFunction">
      <name>method 2</name>
    </element>
    <element identifier="id-5a812095" xsi:type="ApplicationFunction">
      <name>method 3</name>
    </element>
    <element identifier="d61802f9" xsi:type="ApplicationProcess">
      <name>create concrete product A</name>
    </element>
    <element identifier="id-6498e4ad" xsi:type="ApplicationProcess">
      <name>step (copy)</name>
    </element>
    <element identifier="id-1fc316dc" xsi:type="ApplicationProcess">
      <name>call fabric</name>
    </element>
    <element identifier="a9dc5fcf" xsi:type="ApplicationComponent">
      <name>subclass concrete creator B</name>
    </element>
    <element identifier="id-9c157b91" xsi:type="ApplicationFunction">
      <name>fabric method</name>
    </element>
    <element identifier="id-8353b3d9" xsi:type="ApplicationProcess">
      <name>create concrete product B</name>
    </element>
    <element identifier="id-8030101a" xsi:type="ApplicationFunction">
      <name>method 1</name>
    </element>
    <element identifier="id-242ffb34" xsi:type="ApplicationFunction">
      <name>method 3</name>
    </element>
    <element identifier="d86b17d7" xsi:type="ApplicationFunction">
      <name>method 2</name>
    </element>
    <element identifier="ec8780de" xsi:type="ApplicationComponent">
      <name>subclass concrete product B</name>
    </element>
  </elements>
  <relationships>
    <relationship identifier="id-9708f0d0" source="f57c3dc4" target="id-23ab14f4" xsi:type="Realization" />
    <relationship identifier="id-609e8f54" source="f57c3dc4" target="de51f2fe" xsi:type="Realization" />
    <relationship identifier="afa8bf16" source="de51f2fe" target="id-23ab14f4" xsi:type="Flow" />
    <relationship identifier="id-5aed6700" source="id-65e8c2fb" target="id-3438cb90" xsi:type="Assignment" />
    <relationship identifier="id-812b0741" source="id-65e8c2fb" target="f57c3dc4" xsi:type="Assignment" />
    <relationship identifier="id-720abe53" source="id-10090f3d" target="id-4ca8af6e" xsi:type="Assignment" />
    <relationship identifier="id-27082ac2" source="id-4ca8af6e" target="id-426d61c5" xsi:type="Realization" />
    <relationship identifier="ca149613" source="id-426d61c5" target="id-0c9ad89b" xsi:type="Flow" />
    <relationship identifier="e3ef8e5e" source="id-10090f3d" target="id-15a55d10" xsi:type="Assignment" />
    <relationship identifier="id-0b5d2e3c" source="id-4ca8af6e" target="id-0c9ad89b" xsi:type="Realization" />
    <relationship identifier="id-11fd6307" source="id-10090f3d" target="id-65e8c2fb" xsi:type="Specialization" />
    <relationship identifier="id-932442f2" source="id-15a55d10" target="id-3438cb90" xsi:type="Specialization" />
    <relationship identifier="id-7e182290" source="b07d7a0d" target="id-7193d7a1" xsi:type="Realization" />
    <relationship identifier="id-1ffa31d7" source="id-7193d7a1" target="id-15a5997e" xsi:type="Association" />
    <relationship identifier="fdde9057" source="b07d7a0d" target="dd317821" xsi:type="Assignment" />
    <relationship identifier="id-59c9f4d6" source="id-7193d7a1" target="id-8c065b8e" xsi:type="Association" />
    <relationship identifier="b467239c" source="b07d7a0d" target="id-86b0b487" xsi:type="Assignment" />
    <relationship identifier="c8ff4aac" source="b07d7a0d" target="be7baef4" xsi:type="Assignment" />
    <relationship identifier="e017caa7" source="id-7193d7a1" target="id-5a812095" xsi:type="Association" />
    <relationship identifier="id-836d7a40" source="b07d7a0d" target="id-0ee48ef4" xsi:type="Assignment" />
    <relationship identifier="a7d29e82" source="d61802f9" target="id-6498e4ad" xsi:type="Flow" />
    <relationship identifier="id-2850a0b4" source="id-15a55d10" target="d61802f9" xsi:type="Composition" />
    <relationship identifier="ea031341" source="id-15a55d10" target="id-6498e4ad" xsi:type="Composition" />
    <relationship identifier="ede14cbb" source="id-5a812095" target="de51f2fe" xsi:type="Serving">
      <name>work throught interface</name>
    </relationship>
    <relationship identifier="f41f67c7" source="id-8c065b8e" target="id-23ab14f4" xsi:type="Serving" />
    <relationship identifier="id-3a4e3273" source="b07d7a0d" target="d61802f9" xsi:type="Serving" />
    <relationship identifier="d8c1e366" source="f57c3dc4" target="id-1fc316dc" xsi:type="Composition" />
    <relationship identifier="id-64ac7a87" source="id-1fc316dc" target="de51f2fe" xsi:type="Flow" />
    <relationship identifier="id-229f0c64" source="id-3438cb90" target="id-1fc316dc" xsi:type="Serving" />
    <relationship identifier="id-7701c614" source="id-10090f3d" target="f0178dd6" xsi:type="Serving" />
    <relationship identifier="de7ef2a5" source="f57c3dc4" target="id-58474efc" xsi:type="Serving" />
    <relationship identifier="id-442636ef" source="f57c3dc4" target="c11a49a4" xsi:type="Serving" />
    <relationship identifier="id-7ab9cc92" source="a9dc5fcf" target="id-9c157b91" xsi:type="Assignment" />
    <relationship identifier="df9bc263" source="ec8780de" target="id-8030101a" xsi:type="Assignment" />
    <relationship identifier="b6fbca26" source="ec8780de" target="d86b17d7" xsi:type="Assignment" />
    <relationship identifier="id-3339ff48" source="ec8780de" target="id-242ffb34" xsi:type="Assignment" />
    <relationship identifier="e79f2885" source="ec8780de" target="id-8353b3d9" xsi:type="Serving" />
    <relationship identifier="id-190d221f" source="id-9c157b91" target="id-8353b3d9" xsi:type="Composition" />
    <relationship identifier="e1832044" source="ec8780de" target="id-7193d7a1" xsi:type="Realization" />
    <relationship identifier="a29abed1" source="a9dc5fcf" target="id-65e8c2fb" xsi:type="Specialization" />
    <relationship identifier="efebe453" source="f0178dd6" target="id-58474efc" xsi:type="Flow" />
    <relationship identifier="id-14d245fe" source="b07d7a0d" target="id-10090f3d" xsi:type="Serving" />
    <relationship identifier="ef87ef20" source="id-1fc316dc" target="id-3438cb90" xsi:type="Flow" />
    <relationship identifier="id-87c3c6f4" source="id-3438cb90" target="id-15a55d10" xsi:type="Flow" />
    <relationship identifier="id-27d59870" source="de51f2fe" target="id-5a812095" xsi:type="Flow">
      <name>work throught interface</name>
    </relationship>
    <relationship identifier="ab4e2a40" source="id-23ab14f4" target="id-8c065b8e" xsi:type="Flow" />
    <relationship identifier="id-74f9192b" source="id-5a812095" target="id-86b0b487" xsi:type="Flow" />
    <relationship identifier="a1cd8b4d" source="id-8c065b8e" target="id-0ee48ef4" xsi:type="Flow" />
  </relationships>
  <views>
    <diagrams>
      <view identifier="c5f4a274" xsi:type="Diagram">
        <name>factory</name>
        <node identifier="e9267d08" x="249" y="49" w="1351" h="249" xsi:type="Container">
          <label>programm</label>
          <style>
            <fillColor r="210" g="215" b="215" a="100" />
            <lineColor r="92" g="92" b="92" a="100" />
            <font name="Lucida Grande" size="12">
              <color r="0" g="0" b="0" />
            </font>
          </style>
          <node identifier="id-6b9c45ed" elementRef="f0178dd6" xsi:type="Element" x="309" y="149" w="120" h="55">
            <style>
              <fillColor r="181" g="255" b="255" a="100" />
              <lineColor r="92" g="92" b="92" a="100" />
              <font name="Lucida Grande" size="12">
                <color r="0" g="0" b="0" />
              </font>
            </style>
          </node>
          <node identifier="id-946d2bfa" elementRef="id-58474efc" xsi:type="Element" x="539" y="149" w="120" h="55">
            <style>
              <fillColor r="181" g="255" b="255" a="100" />
              <lineColor r="92" g="92" b="92" a="100" />
              <font name="Lucida Grande" size="12">
                <color r="0" g="0" b="0" />
              </font>
            </style>
          </node>
        </node>
        <node identifier="id-921390e9" xsi:type="Label" x="270" y="305" w="217" h="40">
          <label>select: algo work on  product  A or B&#xD;
(for example select A)</label>
          <style>
            <fillColor r="255" g="255" b="255" a="100" />
            <lineColor r="92" g="92" b="92" a="100" />
            <font name="Lucida Grande" size="12">
              <color r="255" g="0" b="0" />
            </font>
          </style>
        </node>
        <node identifier="dc004368" elementRef="id-7193d7a1" xsi:type="Element" x="959" y="350" w="641" h="386">
          <style>
            <fillColor r="181" g="255" b="255" a="100" />
            <lineColor r="92" g="92" b="92" a="100" />
            <font name="Lucida Grande" size="12">
              <color r="0" g="0" b="0" />
            </font>
          </style>
          <node identifier="ceba42bd" elementRef="id-15a5997e" xsi:type="Element" x="1349" y="425" w="120" h="55">
            <style>
              <fillColor r="181" g="255" b="255" a="100" />
              <lineColor r="92" g="92" b="92" a="100" />
              <font name="Lucida Grande" size="12">
                <color r="0" g="0" b="0" />
              </font>
            </style>
          </node>
          <node identifier="id-5a7c8e1f" elementRef="id-8c065b8e" xsi:type="Element" x="1349" y="495" w="120" h="55">
            <style>
              <fillColor r="181" g="255" b="255" a="100" />
              <lineColor r="92" g="92" b="92" a="100" />
              <font name="Lucida Grande" size="12">
                <color r="0" g="0" b="0" />
              </font>
            </style>
          </node>
          <node identifier="id-6c8d962e" elementRef="id-5a812095" xsi:type="Element" x="1349" y="565" w="120" h="55">
            <style>
              <fillColor r="181" g="255" b="255" a="100" />
              <lineColor r="92" g="92" b="92" a="100" />
              <font name="Lucida Grande" size="12">
                <color r="0" g="0" b="0" />
              </font>
            </style>
          </node>
        </node>
        <node identifier="id-895ae97f" elementRef="b07d7a0d" xsi:type="Element" x="959" y="775" w="639" h="386">
          <style>
            <fillColor r="181" g="255" b="255" a="100" />
            <lineColor r="92" g="92" b="92" a="100" />
            <font name="Lucida Grande" size="12">
              <color r="0" g="0" b="0" />
            </font>
          </style>
          <node identifier="a74efe37" elementRef="dd317821" xsi:type="Element" x="1374" y="865" w="120" h="55">
            <style>
              <fillColor r="181" g="255" b="255" a="100" />
              <lineColor r="92" g="92" b="92" a="100" />
              <font name="Lucida Grande" size="12">
                <color r="0" g="0" b="0" />
              </font>
            </style>
          </node>
          <node identifier="af585c6b" elementRef="id-0ee48ef4" xsi:type="Element" x="1374" y="935" w="120" h="55">
            <style>
              <fillColor r="181" g="255" b="255" a="100" />
              <lineColor r="92" g="92" b="92" a="100" />
              <font name="Lucida Grande" size="12">
                <color r="0" g="0" b="0" />
              </font>
            </style>
          </node>
          <node identifier="id-70ad7fa1" elementRef="id-86b0b487" xsi:type="Element" x="1374" y="1005" w="120" h="55">
            <style>
              <fillColor r="181" g="255" b="255" a="100" />
              <lineColor r="92" g="92" b="92" a="100" />
              <font name="Lucida Grande" size="12">
                <color r="0" g="0" b="0" />
              </font>
            </style>
          </node>
        </node>
        <node identifier="id-15b73b33" elementRef="ec8780de" xsi:type="Element" x="959" y="1220" w="639" h="386">
          <style>
            <fillColor r="181" g="255" b="255" a="100" />
            <lineColor r="92" g="92" b="92" a="100" />
            <font name="Lucida Grande" size="12">
              <color r="0" g="0" b="0" />
            </font>
          </style>
          <node identifier="adbe10dd" elementRef="id-8030101a" xsi:type="Element" x="1359" y="1305" w="120" h="55">
            <style>
              <fillColor r="181" g="255" b="255" a="100" />
              <lineColor r="92" g="92" b="92" a="100" />
              <font name="Lucida Grande" size="12">
                <color r="0" g="0" b="0" />
              </font>
            </style>
          </node>
          <node identifier="id-934e677c" elementRef="d86b17d7" xsi:type="Element" x="1359" y="1375" w="120" h="55">
            <style>
              <fillColor r="181" g="255" b="255" a="100" />
              <lineColor r="92" g="92" b="92" a="100" />
              <font name="Lucida Grande" size="12">
                <color r="0" g="0" b="0" />
              </font>
            </style>
          </node>
          <node identifier="id-0d66803c" elementRef="id-242ffb34" xsi:type="Element" x="1359" y="1445" w="120" h="55">
            <style>
              <fillColor r="181" g="255" b="255" a="100" />
              <lineColor r="92" g="92" b="92" a="100" />
              <font name="Lucida Grande" size="12">
                <color r="0" g="0" b="0" />
              </font>
            </style>
          </node>
        </node>
        <node identifier="id-8ffb75db" elementRef="a9dc5fcf" xsi:type="Element" x="249" y="1220" w="639" h="386">
          <style>
            <fillColor r="181" g="255" b="255" a="100" />
            <lineColor r="92" g="92" b="92" a="100" />
            <font name="Lucida Grande" size="12">
              <color r="0" g="0" b="0" />
            </font>
          </style>
          <node identifier="id-5ba5c24e" elementRef="id-9c157b91" xsi:type="Element" x="309" y="1375" w="540" h="111">
            <style>
              <fillColor r="181" g="255" b="255" a="100" />
              <lineColor r="92" g="92" b="92" a="100" />
              <font name="Lucida Grande" size="12">
                <color r="255" g="0" b="0" />
              </font>
            </style>
            <node identifier="ed9666d5" elementRef="id-8353b3d9" xsi:type="Element" x="704" y="1415" w="120" h="55">
              <style>
                <fillColor r="181" g="255" b="255" a="100" />
                <lineColor r="92" g="92" b="92" a="100" />
                <font name="Lucida Grande" size="12">
                  <color r="0" g="0" b="0" />
                </font>
              </style>
            </node>
          </node>
        </node>
        <node identifier="id-5940de5f" elementRef="id-10090f3d" xsi:type="Element" x="249" y="775" w="639" h="386">
          <style>
            <fillColor r="181" g="255" b="255" a="100" />
            <lineColor r="92" g="92" b="92" a="100" />
            <font name="Lucida Grande" size="12">
              <color r="0" g="0" b="0" />
            </font>
          </style>
          <node identifier="f46ecd7c" elementRef="id-15a55d10" xsi:type="Element" x="319" y="915" w="540" h="111">
            <style>
              <fillColor r="181" g="255" b="255" a="100" />
              <lineColor r="92" g="92" b="92" a="100" />
              <font name="Lucida Grande" size="12">
                <color r="255" g="0" b="0" />
              </font>
            </style>
            <node identifier="bb557660" elementRef="d61802f9" xsi:type="Element" x="714" y="955" w="120" h="55">
              <style>
                <fillColor r="181" g="255" b="255" a="100" />
                <lineColor r="92" g="92" b="92" a="100" />
                <font name="Lucida Grande" size="12">
                  <color r="0" g="0" b="0" />
                </font>
              </style>
            </node>
          </node>
        </node>
        <node identifier="id-451c0ade" elementRef="id-65e8c2fb" xsi:type="Element" x="249" y="350" w="641" h="386">
          <style>
            <fillColor r="181" g="255" b="255" a="100" />
            <lineColor r="92" g="92" b="92" a="100" />
            <font name="Lucida Grande" size="12">
              <color r="0" g="0" b="0" />
            </font>
          </style>
          <node identifier="id-7f63136b" elementRef="id-3438cb90" xsi:type="Element" x="309" y="440" w="540" h="91">
            <style>
              <fillColor r="181" g="255" b="255" a="100" />
              <lineColor r="92" g="92" b="92" a="100" />
              <font name="Lucida Grande" size="12">
                <color r="0" g="0" b="0" />
              </font>
            </style>
          </node>
          <node identifier="id-5410203d" elementRef="f57c3dc4" xsi:type="Element" x="309" y="550" w="540" h="131">
            <style>
              <fillColor r="181" g="255" b="255" a="100" />
              <lineColor r="92" g="92" b="92" a="100" />
              <font name="Lucida Grande" size="12">
                <color r="0" g="0" b="0" />
              </font>
            </style>
            <node identifier="id-947f92e6" elementRef="de51f2fe" xsi:type="Element" x="509" y="600" w="120" h="55">
              <style>
                <fillColor r="181" g="255" b="255" a="100" />
                <lineColor r="92" g="92" b="92" a="100" />
                <font name="Lucida Grande" size="12">
                  <color r="0" g="0" b="0" />
                </font>
              </style>
            </node>
            <node identifier="d59efe47" elementRef="id-23ab14f4" xsi:type="Element" x="699" y="600" w="120" h="55">
              <style>
                <fillColor r="181" g="255" b="255" a="100" />
                <lineColor r="92" g="92" b="92" a="100" />
                <font name="Lucida Grande" size="12">
                  <color r="0" g="0" b="0" />
                </font>
              </style>
            </node>
            <node identifier="id-48202103" elementRef="id-1fc316dc" xsi:type="Element" x="349" y="600" w="120" h="55">
              <style>
                <fillColor r="181" g="255" b="255" a="100" />
                <lineColor r="92" g="92" b="92" a="100" />
                <font name="Lucida Grande" size="12">
                  <color r="0" g="0" b="0" />
                </font>
              </style>
            </node>
          </node>
        </node>
        <connection identifier="id-59306d2d" relationshipRef="efebe453" xsi:type="Relationship" source="id-6b9c45ed" target="id-946d2bfa">
          <style>
            <lineColor r="0" g="0" b="0" />
            <font name="Lucida Grande" size="12">
              <color r="0" g="0" b="0" />
            </font>
          </style>
        </connection>
        <connection identifier="id-725f81f1" relationshipRef="a1cd8b4d" xsi:type="Relationship" source="id-5a7c8e1f" target="af585c6b">
          <style>
            <lineColor r="255" g="0" b="0" />
            <font name="Lucida Grande" size="12">
              <color r="255" g="0" b="0" />
            </font>
          </style>
          <bendpoint x="1445" y="741" />
        </connection>
        <connection identifier="efc8a9d5" relationshipRef="id-74f9192b" xsi:type="Relationship" source="id-6c8d962e" target="id-70ad7fa1">
          <style>
            <lineColor r="255" g="0" b="0" />
            <font name="Lucida Grande" size="12">
              <color r="255" g="0" b="0" />
            </font>
          </style>
        </connection>
        <connection identifier="id-7c9d9071" relationshipRef="id-7e182290" xsi:type="Relationship" source="id-895ae97f" target="dc004368">
          <style>
            <lineColor r="0" g="0" b="255" />
            <font name="Lucida Grande" size="12">
              <color r="0" g="0" b="0" />
            </font>
          </style>
        </connection>
        <connection identifier="e48c7931" relationshipRef="id-3a4e3273" xsi:type="Relationship" source="id-895ae97f" target="bb557660">
          <style>
            <lineColor r="0" g="0" b="0" />
            <font name="Lucida Grande" size="12">
              <color r="0" g="0" b="0" />
            </font>
          </style>
        </connection>
        <connection identifier="edd6e48e" relationshipRef="e79f2885" xsi:type="Relationship" source="id-15b73b33" target="ed9666d5">
          <style>
            <lineColor r="0" g="0" b="0" />
            <font name="Lucida Grande" size="12">
              <color r="0" g="0" b="0" />
            </font>
          </style>
        </connection>
        <connection identifier="d0811157" relationshipRef="e1832044" xsi:type="Relationship" source="id-15b73b33" target="dc004368">
          <style>
            <lineColor r="0" g="0" b="255" />
            <font name="Lucida Grande" size="12">
              <color r="0" g="0" b="0" />
            </font>
          </style>
          <bendpoint x="1259" y="979" />
        </connection>
        <connection identifier="cc5fcf62" relationshipRef="a29abed1" xsi:type="Relationship" source="id-8ffb75db" target="id-451c0ade">
          <style>
            <lineColor r="0" g="0" b="255" />
            <font name="Lucida Grande" size="12">
              <color r="0" g="0" b="0" />
            </font>
          </style>
          <bendpoint x="528" y="977" />
        </connection>
        <connection identifier="id-4aa20f20" relationshipRef="id-11fd6307" xsi:type="Relationship" source="id-5940de5f" target="id-451c0ade">
          <style>
            <lineColor r="0" g="0" b="255" />
            <font name="Lucida Grande" size="12">
              <color r="0" g="0" b="0" />
            </font>
          </style>
        </connection>
        <connection identifier="id-5acb3984" relationshipRef="id-7701c614" xsi:type="Relationship" source="id-5940de5f" target="id-6b9c45ed">
          <style>
            <lineColor r="0" g="0" b="0" />
            <font name="Lucida Grande" size="12">
              <color r="0" g="0" b="0" />
            </font>
          </style>
        </connection>
        <connection identifier="id-75c29822" relationshipRef="id-87c3c6f4" xsi:type="Relationship" source="id-7f63136b" target="f46ecd7c">
          <style>
            <lineColor r="255" g="0" b="0" />
            <font name="Lucida Grande" size="12">
              <color r="0" g="0" b="0" />
            </font>
          </style>
          <bendpoint x="430" y="725" />
        </connection>
        <connection identifier="f90039b6" relationshipRef="de7ef2a5" xsi:type="Relationship" source="id-5410203d" target="id-946d2bfa">
          <style>
            <lineColor r="255" g="0" b="0" />
            <font name="Lucida Grande" size="12">
              <color r="0" g="0" b="0" />
            </font>
          </style>
        </connection>
        <connection identifier="id-028d503e" relationshipRef="afa8bf16" xsi:type="Relationship" source="id-947f92e6" target="d59efe47">
          <style>
            <lineColor r="0" g="0" b="0" />
            <font name="Lucida Grande" size="12">
              <color r="0" g="0" b="0" />
            </font>
          </style>
        </connection>
        <connection identifier="id-09686927" relationshipRef="id-27d59870" xsi:type="Relationship" source="id-947f92e6" target="id-6c8d962e">
          <style>
            <lineColor r="255" g="0" b="0" />
            <font name="Lucida Grande" size="12">
              <color r="255" g="0" b="0" />
            </font>
          </style>
          <bendpoint x="981" y="620" />
        </connection>
        <connection identifier="b6799095" relationshipRef="ab4e2a40" xsi:type="Relationship" source="d59efe47" target="id-5a7c8e1f">
          <style>
            <lineColor r="255" g="0" b="0" />
            <font name="Lucida Grande" size="12">
              <color r="0" g="0" b="0" />
            </font>
          </style>
        </connection>
        <connection identifier="ca576dc3" relationshipRef="id-64ac7a87" xsi:type="Relationship" source="id-48202103" target="id-947f92e6">
          <style>
            <lineColor r="0" g="0" b="0" />
            <font name="Lucida Grande" size="12">
              <color r="0" g="0" b="0" />
            </font>
          </style>
        </connection>
        <connection identifier="ec9a3320" relationshipRef="ef87ef20" xsi:type="Relationship" source="id-48202103" target="id-7f63136b">
          <style>
            <lineColor r="255" g="0" b="0" />
            <font name="Lucida Grande" size="12">
              <color r="0" g="0" b="0" />
            </font>
          </style>
        </connection>
      </view>
      <view identifier="id-394ba2b4" xsi:type="Diagram">
        <name>uml</name>
        <node identifier="e5fc9e15" x="249" y="49" w="1351" h="249" xsi:type="Container">
          <label>programm</label>
          <style>
            <fillColor r="210" g="215" b="215" a="100" />
            <lineColor r="92" g="92" b="92" a="100" />
            <font name="Lucida Grande" size="12">
              <color r="0" g="0" b="0" />
            </font>
          </style>
        </node>
        <node identifier="id-4d3bc03c" x="250" y="350" w="641" h="386" xsi:type="Container">
          <label>class creator</label>
          <documentation>алгоритм работы зашит в отдельном классе</documentation>
          <style>
            <fillColor r="210" g="215" b="215" a="100" />
            <lineColor r="92" g="92" b="92" a="100" />
            <font name="Lucida Grande" size="12">
              <color r="0" g="0" b="0" />
            </font>
          </style>
          <node identifier="ac2739e9" elementRef="id-65e8c2fb" xsi:type="Element" x="260" y="390" w="120" h="55">
            <style>
              <fillColor r="181" g="255" b="255" a="100" />
              <lineColor r="92" g="92" b="92" a="100" />
              <font name="Lucida Grande" size="12">
                <color r="0" g="0" b="0" />
              </font>
            </style>
          </node>
          <node identifier="id-1691f41a" elementRef="id-3438cb90" xsi:type="Element" x="330" y="470" w="540" h="91">
            <style>
              <fillColor r="181" g="255" b="255" a="100" />
              <lineColor r="92" g="92" b="92" a="100" />
              <font name="Lucida Grande" size="12">
                <color r="0" g="0" b="0" />
              </font>
            </style>
          </node>
          <node identifier="ca4b17e0" elementRef="f57c3dc4" xsi:type="Element" x="330" y="580" w="540" h="131">
            <style>
              <fillColor r="181" g="255" b="255" a="100" />
              <lineColor r="92" g="92" b="92" a="100" />
              <font name="Lucida Grande" size="12">
                <color r="0" g="0" b="0" />
              </font>
            </style>
            <node identifier="id-1f688b65" xsi:type="Label" x="510" y="615" w="185" h="80">
              <label>product = fabric method ()</label>
              <style>
                <fillColor r="255" g="255" b="255" a="100" />
                <lineColor r="92" g="92" b="92" a="100" />
                <font name="Lucida Grande" size="12">
                  <color r="255" g="0" b="0" />
                </font>
              </style>
            </node>
          </node>
        </node>
        <node identifier="cd402f0e" x="252" y="775" w="639" h="386" xsi:type="Container">
          <label>subclass creator A</label>
          <style>
            <fillColor r="210" g="215" b="215" a="100" />
            <lineColor r="92" g="92" b="92" a="100" />
            <font name="Lucida Grande" size="12">
              <color r="0" g="0" b="0" />
            </font>
          </style>
          <node identifier="id-8a83bc3b" elementRef="id-10090f3d" xsi:type="Element" x="262" y="815" w="120" h="55">
            <style>
              <fillColor r="181" g="255" b="255" a="100" />
              <lineColor r="92" g="92" b="92" a="100" />
              <font name="Lucida Grande" size="12">
                <color r="0" g="0" b="0" />
              </font>
            </style>
          </node>
          <node identifier="id-5918b18b" elementRef="id-15a55d10" xsi:type="Element" x="332" y="895" w="540" h="111">
            <style>
              <fillColor r="181" g="255" b="255" a="100" />
              <lineColor r="92" g="92" b="92" a="100" />
              <font name="Lucida Grande" size="12">
                <color r="255" g="0" b="0" />
              </font>
            </style>
            <node identifier="id-037670e9" xsi:type="Label" x="518" y="929" w="185" h="66">
              <label>return new Concrete product A</label>
              <style>
                <fillColor r="255" g="255" b="255" a="100" />
                <lineColor r="92" g="92" b="92" a="100" />
                <font name="Lucida Grande" size="12">
                  <color r="255" g="0" b="0" />
                </font>
              </style>
            </node>
          </node>
        </node>
        <node identifier="e7bea22c" x="960" y="775" w="639" h="386" xsi:type="Container">
          <label>subclass product A</label>
          <style>
            <fillColor r="210" g="215" b="215" a="100" />
            <lineColor r="92" g="92" b="92" a="100" />
            <font name="Lucida Grande" size="12">
              <color r="0" g="0" b="0" />
            </font>
          </style>
          <node identifier="c81665ef" elementRef="b07d7a0d" xsi:type="Element" x="980" y="815" w="120" h="55">
            <style>
              <fillColor r="181" g="255" b="255" a="100" />
              <lineColor r="92" g="92" b="92" a="100" />
              <font name="Lucida Grande" size="12">
                <color r="0" g="0" b="0" />
              </font>
            </style>
          </node>
        </node>
        <node identifier="id-341d2423" x="960" y="350" w="641" h="386" xsi:type="Container">
          <label>interface product</label>
          <style>
            <fillColor r="210" g="215" b="215" a="100" />
            <lineColor r="92" g="92" b="92" a="100" />
            <font name="Lucida Grande" size="12">
              <color r="0" g="0" b="0" />
            </font>
          </style>
          <node identifier="id-0a7ef372" elementRef="id-7193d7a1" xsi:type="Element" x="980" y="386" w="120" h="55">
            <style>
              <fillColor r="181" g="255" b="255" a="100" />
              <lineColor r="92" g="92" b="92" a="100" />
              <font name="Lucida Grande" size="12">
                <color r="0" g="0" b="0" />
              </font>
            </style>
          </node>
        </node>
        <connection identifier="id-3e5f302f" relationshipRef="id-5aed6700" xsi:type="Relationship" source="ac2739e9" target="id-1691f41a">
          <style>
            <lineColor r="0" g="0" b="0" />
            <font name="Lucida Grande" size="12">
              <color r="0" g="0" b="0" />
            </font>
          </style>
        </connection>
        <connection identifier="id-40a575b5" relationshipRef="id-812b0741" xsi:type="Relationship" source="ac2739e9" target="ca4b17e0">
          <style>
            <lineColor r="0" g="0" b="0" />
            <font name="Lucida Grande" size="12">
              <color r="0" g="0" b="0" />
            </font>
          </style>
          <bendpoint x="369" y="520" />
        </connection>
        <connection identifier="fd70e777" relationshipRef="e3ef8e5e" xsi:type="Relationship" source="id-8a83bc3b" target="id-5918b18b">
          <style>
            <lineColor r="0" g="0" b="0" />
            <font name="Lucida Grande" size="12">
              <color r="0" g="0" b="0" />
            </font>
          </style>
        </connection>
        <connection identifier="id-31674660" relationshipRef="id-11fd6307" xsi:type="Relationship" source="id-8a83bc3b" target="ac2739e9">
          <style>
            <lineColor r="0" g="0" b="0" />
            <font name="Lucida Grande" size="12">
              <color r="0" g="0" b="0" />
            </font>
          </style>
          <bendpoint x="300" y="621" />
        </connection>
        <connection identifier="id-3ad046ce" relationshipRef="id-7e182290" xsi:type="Relationship" source="c81665ef" target="id-0a7ef372">
          <style>
            <lineColor r="0" g="0" b="0" />
            <font name="Lucida Grande" size="12">
              <color r="0" g="0" b="0" />
            </font>
          </style>
        </connection>
        <connection identifier="id-2a2f95ec" relationshipRef="id-14d245fe" xsi:type="Relationship" source="c81665ef" target="id-8a83bc3b">
          <style>
            <lineColor r="0" g="0" b="0" />
            <font name="Lucida Grande" size="12">
              <color r="0" g="0" b="0" />
            </font>
          </style>
        </connection>
      </view>
    </diagrams>
  </views>
</model>
