<?xml version="1.0" encoding="UTF-8"?><model xmlns="http://www.opengroup.org/xsd/archimate/3.0/" xmlns:xsi="http://www.w3.org/2001/XMLSchema-instance" identifier="_7RWQ8CqVEey-A40W5C_9dw">  <name xml:lang="en">buhService</name>  <elements>    <element xsi:type="DataObject" identifier="_v81U0AzKEDqz_MblWIxtOg">      <name xml:lang="en">Кредит  Магазин- Дебит &quot;CloudPayments&quot;Сумма - 100Тип - Оплата товара клиентомВалюта  - ТенгеExID CP-ID-1</name>      <documentation/>    </element>    <element xsi:type="DataObject" identifier="_NIyc8A1gEDqz_MblWIxtOg">      <name xml:lang="en">Кредит &quot;CloudPayments&quot;Дебит МагазинCумма - 100Тип - Отправка средств мерчуВалюта ТенгеExID CP-ID-1</name>      <documentation/>    </element>    <element xsi:type="DataObject" identifier="_29vPsA1iEDqz_MblWIxtOg">      <name xml:lang="en">Кредит &quot;Магазин&quot;Дебит &quot;брискли&quot;Сумма 9Тип - Коммисия брисклиВалюта тенгеExID CP-ID-1</name>      <documentation/>    </element>    <element xsi:type="BusinessService" identifier="_VYo5oA1oEDqz_MblWIxtOg">      <name xml:lang="en">Оплата клиентом товара &quot;Магазина&quot;Сумма: 100 тенгеПлатформа: СРExternal ID Transaction: CP-ID-1</name>      <documentation></documentation>    </element>    <element xsi:type="ApplicationEvent" identifier="_AF_P0A1yEDqz_MblWIxtOg">      <name xml:lang="en">Event</name>      <documentation/>    </element>    <element xsi:type="BusinessService" identifier="_oEVrUA2KEDqz_MblWIxtOg">      <name xml:lang="en">Оплата клиентом товара &quot;The Dragstore&quot;Сумма: 100 USDПлатформа: STRIPEExternal ID Transaction: ST-ID-1Платеж делится на части:94$ уходит магазину, 6; на аккаунт брискли и с этих 6; еще коммисия сервиса</name>      <documentation></documentation>    </element>    <element xsi:type="BusinessService" identifier="_3u9KEA2KEDqz_MblWIxtOg">      <name xml:lang="en">Оплата клиентом товара &quot;Магазина&quot;Сумма: 100 тенгеПлатформа: СРExternal ID Transaction: CP-ID-1</name>      <documentation></documentation>    </element>    <element xsi:type="ApplicationEvent" identifier="_uoWpkA2YEDqz_MblWIxtOg">      <name xml:lang="en">Event</name>      <documentation/>    </element>    <element xsi:type="DataObject" identifier="_BeSNwA2ZEDqz_MblWIxtOg">      <name xml:lang="en">Кредит: StripeДебит: The DragstoreСумма: 94$Тип: Оплата товара клиентомВалюта: USDExID: ST-ID-1</name>      <documentation/>    </element>    <element xsi:type="DataObject" identifier="_BAMuIA2aEDqz_MblWIxtOg">      <name xml:lang="en">Кредит: StripeДебит: БрисклиСумма: 6$Тип: Коммисия брисклиВалюта: USDExID: ST-ID-1</name>      <documentation/>    </element>    <element xsi:type="ApplicationEvent" identifier="_UV_eIA2aEDqz_MblWIxtOg">      <name xml:lang="en">Кредит: БрисклиДебит: StripeСумма: 5.6$Тип: Коммисия страйпа за платежВалюта: USDExID: ST-ID-1</name>      <documentation/>    </element>    <element xsi:type="ApplicationEvent" identifier="_WZSyoA2aEDqz_MblWIxtOg">      <name xml:lang="en">Кредит: БрисклиДебит: StripeСумма: 5.6$Тип: Коммисия страйпа за платежВалюта: USDExID: ST-ID-1</name>      <documentation/>    </element>    <element xsi:type="DataObject" identifier="_aPzKIA2aEDqz_MblWIxtOg">      <name xml:lang="en">Кредит: БрисклиДебит: StripeСумма: 5.6$Тип: Коммисия страйпа за платежВалюта: USDExID: ST-ID-1</name>      <documentation/>    </element>    <element xsi:type="DataObject" identifier="_h3DPYA2aEDqz_MblWIxtOg">      <name xml:lang="en">Кредит: StripeДебит: БрисклиСумма: 5.6$Тип: Коммисия страйпа за платежВалюта: USDExID: ST-ID-1</name>      <documentation/>    </element>    <element xsi:type="BusinessService" identifier="_lrGd4A2cEDqz_MblWIxtOg">      <name xml:lang="en">Перевод средст с аккаунта страйпа на счет брисклиСумма: 100 USDПлатформа: STRIPEExternal ID Transaction: ST-ID-2Возможна комиссия</name>      <documentation></documentation>    </element>    <element xsi:type="ApplicationEvent" identifier="_iu4H4A2dEDqz_MblWIxtOg">      <name xml:lang="en">Event</name>      <documentation/>    </element>    <element xsi:type="DataObject" identifier="_riJUUA2dEDqz_MblWIxtOg">      <name xml:lang="en">Кредит: BrisklyДебит: StripeСумма: 99$Тип: Вывод средст на счет брисклиВалюта: USDExID: ST-ID-2</name>      <documentation/>    </element>    <element xsi:type="DataObject" identifier="_BZTN0A2eEDqz_MblWIxtOg">      <name xml:lang="en">Кредит: StripeДебит: BrisklyСумма: 1$Тип: Коммисия за вывод средствВалюта: USDExID: ST-ID-2</name>      <documentation/>    </element>    <element xsi:type="ApplicationEvent" identifier="_HwrRQA47EDq7DoulV38TMA">      <name xml:lang="en">Pay Event</name>      <documentation/>    </element>    <element xsi:type="ApplicationProcess" identifier="_f1PdgA47EDq7DoulV38TMA">      <name xml:lang="en">Process</name>      <documentation/>    </element>    <element xsi:type="TechnologyService" identifier="_sYJkcA47EDq7DoulV38TMA">      <name xml:lang="en">Pub/Sub Service</name>      <documentation/>    </element>    <element xsi:type="Grouping" identifier="_z3C-8A47EDq7DoulV38TMA">      <name xml:lang="en">External Service</name>      <documentation/>    </element>    <element xsi:type="ApplicationService" identifier="_0-ngcA46EDq7DoulV38TMA">      <name xml:lang="en">Service PCI DSS</name>      <documentation/>    </element>    <element xsi:type="ApplicationService" identifier="_4J238A47EDq7DoulV38TMA">      <name xml:lang="en">Payment Service</name>      <documentation/>    </element>    <element xsi:type="Grouping" identifier="_9AB8sA47EDq7DoulV38TMA">      <name xml:lang="en">Buh Service</name>      <documentation/>    </element>    <element xsi:type="ApplicationService" identifier="_Kcqg8A48EDq7DoulV38TMA">      <name xml:lang="en">Subscriber Service</name>      <documentation/>    </element>    <element xsi:type="ApplicationProcess" identifier="_yTE1UA48EDq7DoulV38TMA">      <name xml:lang="en">Process</name>      <documentation/>    </element>    <element xsi:type="ApplicationFunction" identifier="_8bRNUA48EDq7DoulV38TMA">      <name xml:lang="en">Сохранение информации о полученом событии</name>      <documentation/>    </element>    <element xsi:type="ApplicationFunction" identifier="_RiKukA49EDq7DoulV38TMA">      <name xml:lang="en">Проверка на дублирование события</name>      <documentation/>    </element>    <element xsi:type="ApplicationProcess" identifier="_ZfWnkA49EDq7DoulV38TMA">      <name xml:lang="en">Проверка события. Оно не должно быть обработаным или обрабытваться уже другим процессом</name>      <documentation/>    </element>    <element xsi:type="ApplicationProcess" identifier="_n3nGkA49EDq7DoulV38TMA">      <name xml:lang="en">Сбор необходимой информации на основе данных события</name>      <documentation/>    </element>    <element xsi:type="ApplicationProcess" identifier="_5Gd_QA49EDq7DoulV38TMA">      <name xml:lang="en">Формирование записей в сервис</name>      <documentation/>    </element>    <element xsi:type="DataObject" identifier="_7JKPwA49EDq7DoulV38TMA">      <name xml:lang="en">Кредит-Дебит</name>      <documentation/>    </element>    <element xsi:type="ApplicationService" identifier="_OPlHAA4-EDq7DoulV38TMA">      <name xml:lang="en">EventDispatcher</name>      <documentation/>    </element>    <element xsi:type="ApplicationEvent" identifier="_S6A10A4-EDq7DoulV38TMA">      <name xml:lang="en">Confirmation Event</name>      <documentation/>    </element>    <element xsi:type="ApplicationService" identifier="_ePv_AA4-EDq7DoulV38TMA">      <name xml:lang="en">Сервис контроля доставки и обработки события</name>      <documentation/>    </element>    <element xsi:type="DataObject" identifier="_TA0_oA_XEDq7DoulV38TMA">      <name xml:lang="en">Кредит CloudPayments - Дебит &quot;Брискли&quot;Сумма - 1Тип - Комиссия ср за транзакциюВалюта  - РубльExID CP-ID-1</name>      <documentation/>    </element>    <element xsi:type="ApplicationCollaboration" identifier="_oFJ8wCXKEDqeZsBuoz9wnQ">      <name xml:lang="en">Event Bus RabbitMQ</name>      <documentation/>    </element>    <element xsi:type="ApplicationComponent" identifier="_qI5WICXKEDqeZsBuoz9wnQ">      <name xml:lang="en">Events Pay</name>      <documentation/>    </element>    <element xsi:type="ApplicationComponent" identifier="_Wzk1UCXMEDqeZsBuoz9wnQ">      <name xml:lang="en">Subscriber</name>      <documentation/>    </element>    <element xsi:type="ApplicationCollaboration" identifier="_ltJcMCXNEDqeZsBuoz9wnQ">      <name xml:lang="en">Queue (допустимо логальная очередь в рамках инстанса приложения)</name>      <documentation/>    </element>    <element xsi:type="ApplicationFunction" identifier="_rfGMsCXNEDqeZsBuoz9wnQ">      <name xml:lang="en"></name>      <documentation/>    </element>    <element xsi:type="ApplicationService" identifier="_tOaOMCXNEDqeZsBuoz9wnQ">      <name xml:lang="en">Event Pay Worker</name>      <documentation/>    </element>    <element xsi:type="ApplicationFunction" identifier="_BjgCkCXPEDqeZsBuoz9wnQ">      <name xml:lang="en">Проверка на индепотентность</name>      <documentation/>    </element>    <element xsi:type="ApplicationService" identifier="_GcYdECXPEDqeZsBuoz9wnQ">      <name xml:lang="en">Сервис обеспечения индепотентности</name>      <documentation/>    </element>    <element xsi:type="ApplicationFunction" identifier="_jWs3UCXPEDqeZsBuoz9wnQ">      <name xml:lang="en">Анализ события и передача в очередь обработки согласно провайдеру платежа</name>      <documentation/>    </element>    <element xsi:type="ApplicationCollaboration" identifier="_Ha3hwCXTEDqeZsBuoz9wnQ">      <name xml:lang="en">Queue Provider Workers</name>      <documentation/>    </element>    <element xsi:type="ApplicationService" identifier="_891FsCXTEDqeZsBuoz9wnQ">      <name xml:lang="en">Provider worker</name>      <documentation/>    </element>    <element xsi:type="ApplicationService" identifier="_s7ZucCXUEDqeZsBuoz9wnQ">      <name xml:lang="en">EventDispatcher</name>      <documentation/>    </element>    <element xsi:type="ApplicationFunction" identifier="_BiQ6MCXUEDqeZsBuoz9wnQ">      <name xml:lang="en">Проверка что есть блокировка по данному событию</name>      <documentation/>    </element>    <element xsi:type="ApplicationFunction" identifier="_NV2dACXUEDqeZsBuoz9wnQ">      <name xml:lang="en">Сбор данных по всем плательщикам указанных в событии</name>      <documentation/>    </element>    <element xsi:type="ApplicationFunction" identifier="_U1Rb8CXUEDqeZsBuoz9wnQ">      <name xml:lang="en">Формирование сущности Transactionhttps://app.genmymodel.com/api/projects/_dTI38EBmEeyo8oS76GR6Gg/diagrams/_dTJfAkBmEeyo8oS76GR6Gg/svg</name>      <documentation/>    </element>    <element xsi:type="ApplicationFunction" identifier="_cF6YACXUEDqeZsBuoz9wnQ">      <name xml:lang="en">! In TransactionПоследовательное сохранение всех проводок и прочей информации о транзакции</name>      <documentation/>    </element>    <element xsi:type="ApplicationFunction" identifier="_iJ7I4CXUEDqeZsBuoz9wnQ">      <name xml:lang="en">Снятие блокировки на обработку события</name>      <documentation/>    </element>    <element xsi:type="ApplicationFunction" identifier="_wCmv8CXUEDqeZsBuoz9wnQ">      <name xml:lang="en">Публикация события о добавлении новой транзакции в сервис</name>      <documentation/>    </element>  </elements>  <relationships>    <relationship xsi:type="Triggering" identifier="_6Y3tMA47EDq7DoulV38TMA" source="_4J238A47EDq7DoulV38TMA" target="_HwrRQA47EDq7DoulV38TMA">      <name xml:lang="en"/>      <documentation/>    </relationship>    <relationship xsi:type="Triggering" identifier="_gHs0kA49EDq7DoulV38TMA" source="_Kcqg8A48EDq7DoulV38TMA" target="_ZfWnkA49EDq7DoulV38TMA">      <name xml:lang="en"/>      <documentation/>    </relationship>    <relationship xsi:type="Triggering" identifier="_1ILkwA49EDq7DoulV38TMA" source="_ZfWnkA49EDq7DoulV38TMA" target="_n3nGkA49EDq7DoulV38TMA">      <name xml:lang="en"/>      <documentation/>    </relationship>    <relationship xsi:type="Triggering" identifier="_CQHEUA4-EDq7DoulV38TMA" source="_n3nGkA49EDq7DoulV38TMA" target="_5Gd_QA49EDq7DoulV38TMA">      <name xml:lang="en"/>      <documentation/>    </relationship>    <relationship xsi:type="Triggering" identifier="_SadzEA4-EDq7DoulV38TMA" source="_5Gd_QA49EDq7DoulV38TMA" target="_OPlHAA4-EDq7DoulV38TMA">      <name xml:lang="en"/>      <documentation/>    </relationship>    <relationship xsi:type="Triggering" identifier="_VYbZAA4-EDq7DoulV38TMA" source="_OPlHAA4-EDq7DoulV38TMA" target="_sYJkcA47EDq7DoulV38TMA">      <name xml:lang="en"/>      <documentation/>    </relationship>    <relationship xsi:type="Triggering" identifier="_Wa4UgA4-EDq7DoulV38TMA" source="_OPlHAA4-EDq7DoulV38TMA" target="_S6A10A4-EDq7DoulV38TMA">      <name xml:lang="en"/>      <documentation/>    </relationship>    <relationship xsi:type="Triggering" identifier="_1i9aICXUEDqeZsBuoz9wnQ" source="_s7ZucCXUEDqeZsBuoz9wnQ" target="_oFJ8wCXKEDqeZsBuoz9wnQ">      <name xml:lang="en"/>      <documentation/>    </relationship>    <relationship xsi:type="Specialization" identifier="_u6nt0A1iEDqz_MblWIxtOg" source="_v81U0AzKEDqz_MblWIxtOg" target="_NIyc8A1gEDqz_MblWIxtOg">      <name xml:lang="en"/>      <documentation/>    </relationship>    <relationship xsi:type="Specialization" identifier="_lfBrMA1kEDqz_MblWIxtOg" source="_v81U0AzKEDqz_MblWIxtOg" target="_29vPsA1iEDqz_MblWIxtOg">      <name xml:lang="en"/>      <documentation/>    </relationship>    <relationship xsi:type="Serving" identifier="_IJDHUA1yEDqz_MblWIxtOg" source="_VYo5oA1oEDqz_MblWIxtOg" target="_AF_P0A1yEDqz_MblWIxtOg">      <name xml:lang="en"/>      <documentation/>    </relationship>    <relationship xsi:type="Association" identifier="_rs5vcA10EDqz_MblWIxtOg" source="_AF_P0A1yEDqz_MblWIxtOg" target="_v81U0AzKEDqz_MblWIxtOg">      <name xml:lang="en"/>      <documentation/>    </relationship>    <relationship xsi:type="Triggering" identifier="_7qDlUA2YEDqz_MblWIxtOg" source="_oEVrUA2KEDqz_MblWIxtOg" target="_uoWpkA2YEDqz_MblWIxtOg">      <name xml:lang="en"/>      <documentation/>    </relationship>    <relationship xsi:type="Specialization" identifier="_dhiAoA2aEDqz_MblWIxtOg" source="_BAMuIA2aEDqz_MblWIxtOg" target="_aPzKIA2aEDqz_MblWIxtOg">      <name xml:lang="en"/>      <documentation/>    </relationship>    <relationship xsi:type="Association" identifier="_eTbXoA2aEDqz_MblWIxtOg" source="_uoWpkA2YEDqz_MblWIxtOg" target="_BeSNwA2ZEDqz_MblWIxtOg">      <name xml:lang="en"/>      <documentation/>    </relationship>    <relationship xsi:type="Association" identifier="_e2oyYA2aEDqz_MblWIxtOg" source="_uoWpkA2YEDqz_MblWIxtOg" target="_BAMuIA2aEDqz_MblWIxtOg">      <name xml:lang="en"/>      <documentation/>    </relationship>    <relationship xsi:type="Specialization" identifier="_lFKxMA2aEDqz_MblWIxtOg" source="_aPzKIA2aEDqz_MblWIxtOg" target="_h3DPYA2aEDqz_MblWIxtOg">      <name xml:lang="en"/>      <documentation/>    </relationship>    <relationship xsi:type="Association" identifier="_LIM8EA2eEDqz_MblWIxtOg" source="_iu4H4A2dEDqz_MblWIxtOg" target="_riJUUA2dEDqz_MblWIxtOg">      <name xml:lang="en"/>      <documentation/>    </relationship>    <relationship xsi:type="Specialization" identifier="_Lu-BIA2eEDqz_MblWIxtOg" source="_riJUUA2dEDqz_MblWIxtOg" target="_BZTN0A2eEDqz_MblWIxtOg">      <name xml:lang="en"/>      <documentation/>    </relationship>    <relationship xsi:type="Triggering" identifier="_oDIsAA47EDq7DoulV38TMA" source="_0-ngcA46EDq7DoulV38TMA" target="_HwrRQA47EDq7DoulV38TMA">      <name xml:lang="en"/>      <documentation/>    </relationship>    <relationship xsi:type="Triggering" identifier="_TLtUsA48EDq7DoulV38TMA" source="_HwrRQA47EDq7DoulV38TMA" target="_Kcqg8A48EDq7DoulV38TMA">      <name xml:lang="en"/>      <documentation/>    </relationship>    <relationship xsi:type="Triggering" identifier="_mHld8A4-EDq7DoulV38TMA" source="_S6A10A4-EDq7DoulV38TMA" target="_ePv_AA4-EDq7DoulV38TMA">      <name xml:lang="en"/>      <documentation/>    </relationship>    <relationship xsi:type="Triggering" identifier="_o-ic8A4-EDq7DoulV38TMA" source="_z3C-8A47EDq7DoulV38TMA" target="_ePv_AA4-EDq7DoulV38TMA">      <name xml:lang="en"/>      <documentation/>    </relationship>    <relationship xsi:type="Triggering" identifier="_pbFPAA4-EDq7DoulV38TMA" source="_ePv_AA4-EDq7DoulV38TMA" target="_z3C-8A47EDq7DoulV38TMA">      <name xml:lang="en"/>      <documentation/>    </relationship>    <relationship xsi:type="Triggering" identifier="_hzmOUA5AEDq7DoulV38TMA" source="_lrGd4A2cEDqz_MblWIxtOg" target="_iu4H4A2dEDqz_MblWIxtOg">      <name xml:lang="en"/>      <documentation/>    </relationship>    <relationship xsi:type="Triggering" identifier="_dvvwkA7_EDq7DoulV38TMA" source="_z3C-8A47EDq7DoulV38TMA" target="_HwrRQA47EDq7DoulV38TMA">      <name xml:lang="en"/>      <documentation/>    </relationship>    <relationship xsi:type="Specialization" identifier="_bto-wA_XEDq7DoulV38TMA" source="_v81U0AzKEDqz_MblWIxtOg" target="_TA0_oA_XEDq7DoulV38TMA">      <name xml:lang="en"/>      <documentation/>    </relationship>    <relationship xsi:type="Triggering" identifier="_GehdACXNEDqeZsBuoz9wnQ" source="_oFJ8wCXKEDqeZsBuoz9wnQ" target="_Wzk1UCXMEDqeZsBuoz9wnQ">      <name xml:lang="en"/>      <documentation/>    </relationship>    <relationship xsi:type="Triggering" identifier="_g0gAUCXPEDqeZsBuoz9wnQ" source="_BjgCkCXPEDqeZsBuoz9wnQ" target="_GcYdECXPEDqeZsBuoz9wnQ">      <name xml:lang="en"/>      <documentation/>    </relationship>    <relationship xsi:type="Triggering" identifier="_oB2X0CXPEDqeZsBuoz9wnQ" source="_BjgCkCXPEDqeZsBuoz9wnQ" target="_jWs3UCXPEDqeZsBuoz9wnQ">      <name xml:lang="en"/>      <documentation/>    </relationship>    <relationship xsi:type="Triggering" identifier="_yzKlUCXPEDqeZsBuoz9wnQ" source="_GcYdECXPEDqeZsBuoz9wnQ" target="_BjgCkCXPEDqeZsBuoz9wnQ">      <name xml:lang="en"/>      <documentation/>    </relationship>    <relationship xsi:type="Triggering" identifier="_ttu_wCXTEDqeZsBuoz9wnQ" source="_jWs3UCXPEDqeZsBuoz9wnQ" target="_Ha3hwCXTEDqeZsBuoz9wnQ">      <name xml:lang="en"/>      <documentation/>    </relationship>    <relationship xsi:type="Triggering" identifier="_FTRtsCXUEDqeZsBuoz9wnQ" source="_BiQ6MCXUEDqeZsBuoz9wnQ" target="_GcYdECXPEDqeZsBuoz9wnQ">      <name xml:lang="en"/>      <documentation/>    </relationship>    <relationship xsi:type="Triggering" identifier="_GHTysCXUEDqeZsBuoz9wnQ" source="_GcYdECXPEDqeZsBuoz9wnQ" target="_BiQ6MCXUEDqeZsBuoz9wnQ">      <name xml:lang="en"/>      <documentation/>    </relationship>    <relationship xsi:type="Triggering" identifier="_Rpy-cCXUEDqeZsBuoz9wnQ" source="_BiQ6MCXUEDqeZsBuoz9wnQ" target="_NV2dACXUEDqeZsBuoz9wnQ">      <name xml:lang="en"/>      <documentation/>    </relationship>    <relationship xsi:type="Triggering" identifier="_ZQ22cCXUEDqeZsBuoz9wnQ" source="_NV2dACXUEDqeZsBuoz9wnQ" target="_U1Rb8CXUEDqeZsBuoz9wnQ">      <name xml:lang="en"/>      <documentation/>    </relationship>    <relationship xsi:type="Triggering" identifier="_lUuQ8CXUEDqeZsBuoz9wnQ" source="_cF6YACXUEDqeZsBuoz9wnQ" target="_iJ7I4CXUEDqeZsBuoz9wnQ">      <name xml:lang="en"/>      <documentation/>    </relationship>    <relationship xsi:type="Triggering" identifier="_lvao4CXUEDqeZsBuoz9wnQ" source="_U1Rb8CXUEDqeZsBuoz9wnQ" target="_891FsCXTEDqeZsBuoz9wnQ">      <name xml:lang="en"/>      <documentation/>    </relationship>    <relationship xsi:type="Triggering" identifier="_m1OaYCXUEDqeZsBuoz9wnQ" source="_U1Rb8CXUEDqeZsBuoz9wnQ" target="_cF6YACXUEDqeZsBuoz9wnQ">      <name xml:lang="en"/>      <documentation/>    </relationship>    <relationship xsi:type="Triggering" identifier="_nfkX4CXUEDqeZsBuoz9wnQ" source="_iJ7I4CXUEDqeZsBuoz9wnQ" target="_GcYdECXPEDqeZsBuoz9wnQ">      <name xml:lang="en"/>      <documentation/>    </relationship>    <relationship xsi:type="Triggering" identifier="_vNY_MCXUEDqeZsBuoz9wnQ" source="_iJ7I4CXUEDqeZsBuoz9wnQ" target="_s7ZucCXUEDqeZsBuoz9wnQ">      <name xml:lang="en"/>      <documentation/>    </relationship>  </relationships>  <views>    <diagrams>      <view identifier="_7RWQ8yqVEey-A40W5C_9dw">        <name xml:lang="en">Описание событий</name>        <node xsi:type="Container" identifier="_8ht14AzDEDqz_MblWIxtOg" h="310" w="570" x="21" y="31">          <label xml:lang="en">Запись в сервисе учета</label>          <node xsi:type="Label" identifier="__2bH4AzDEDqz_MblWIxtOg" h="260" w="540" x="36" y="67">            <label xml:lang="en">- Дебит -- Фирма/или клиент (напр. Брискли)- Кредит -- Фирма/или клиент (напр. ИП Кайыркенова )- Сумма- Валюта- Тип (комисия брискли/сервиса, оплата товара клиентом, и др)- Описание- Дата платежа- Платформа (cp, tinkoff, stripe, 1c)- Files- External ID Transaction- Internal ID Transaction- Дата создания- Additional data (чеки, клиент, маска карты/зорро и пр.)</label>          </node>        </node>        <node xsi:type="Container" identifier="_haGrMAzKEDqz_MblWIxtOg" h="360" w="420" x="21" y="813">          <label xml:lang="en">Сформированные записи</label>          <node xsi:type="Element" identifier="_v8-ewAzKEDqz_MblWIxtOg" h="90" w="190" x="27" y="847" elementRef="_v81U0AzKEDqz_MblWIxtOg"/>          <node xsi:type="Element" identifier="_NJIbMA1gEDqz_MblWIxtOg" h="90" w="170" x="259" y="847" elementRef="_NIyc8A1gEDqz_MblWIxtOg"/>          <node xsi:type="Element" identifier="_298EAA1iEDqz_MblWIxtOg" h="90" w="170" x="259" y="951" elementRef="_29vPsA1iEDqz_MblWIxtOg"/>          <node xsi:type="Label" identifier="_0jlIIA1nEDqz_MblWIxtOg" h="100" w="230" x="191" y="1050">            <label xml:lang="en">По итогу:Баланс между ср и магазином равен 0.У магазина перед брискли пораждается задолженость в виде коммисии брискли.</label>          </node>          <node xsi:type="Element" identifier="_TBDCEA_XEDq7DoulV38TMA" h="110" w="150" x="27" y="1004" elementRef="_TA0_oA_XEDq7DoulV38TMA"/>        </node>        <node xsi:type="Element" identifier="_VY4KMA1oEDqz_MblWIxtOg" h="80" w="390" x="36" y="360" elementRef="_VYo5oA1oEDqz_MblWIxtOg"/>        <node xsi:type="Container" identifier="_T5wcoA1vEDqz_MblWIxtOg" h="300" w="420" x="21" y="486">          <label xml:lang="en">События</label>          <node xsi:type="Label" identifier="_vjo30A1xEDqz_MblWIxtOg" h="210" w="360" x="40" y="530">            <label xml:lang="en">Status: SuccessOperation: Pay from ClientPlatform: CloudPaymentsAmount: 100Currency: KZInternalId: InID-CP-1InvoiceId: inv_1Recipiens: - ID: ID_OF_MERCHANT (TOKEN ТЕРМИНАЛА) - Amount: 100- Fee: 0- TransactionId: CP-ID-1</label>          </node>          <node xsi:type="Element" identifier="_AGiCYA1yEDqz_MblWIxtOg" h="40" w="80" x="234" y="541" elementRef="_AF_P0A1yEDqz_MblWIxtOg"/>        </node>        <node xsi:type="Element" identifier="_oEWSYQ2KEDqz_MblWIxtOg" h="110" w="390" x="507" y="360" elementRef="_oEVrUA2KEDqz_MblWIxtOg"/>        <node xsi:type="Container" identifier="_4qMDQA2KEDqz_MblWIxtOg" h="300" w="438" x="512" y="486">          <label xml:lang="en">События</label>          <node xsi:type="Label" identifier="_7tmJ4A2KEDqz_MblWIxtOg" h="250" w="290" x="520" y="520">            <label xml:lang="en">Status: SuccessOperation: Pay from ClientPlatform: StripeAmount: 100Currency: USDInternalId: InID-CP-1Recipiens: - ID: ID_OF_MERCHANT - Amount: 94- Fee: 0- TransactionId: ST-ID-1-------------------------------- - ID: ID_OF_BRISKLY_IN_STRIPE - Amount: 6- Fee: 5.6- TransactionId: ST-ID-1--------------------------------</label>          </node>          <node xsi:type="Element" identifier="_uot18A2YEDqz_MblWIxtOg" h="40" w="80" x="681" y="531" elementRef="_uoWpkA2YEDqz_MblWIxtOg"/>        </node>        <node xsi:type="Container" identifier="_yUwp4A2YEDqz_MblWIxtOg" h="400" w="450" x="510" y="813">          <label xml:lang="en">Сформированые записи</label>          <node xsi:type="Element" identifier="_BefCEA2ZEDqz_MblWIxtOg" h="100" w="200" x="528" y="847" elementRef="_BeSNwA2ZEDqz_MblWIxtOg"/>          <node xsi:type="Element" identifier="_BAYUUA2aEDqz_MblWIxtOg" h="100" w="200" x="749" y="847" elementRef="_BAMuIA2aEDqz_MblWIxtOg"/>          <node xsi:type="Element" identifier="_aP-wUA2aEDqz_MblWIxtOg" h="100" w="200" x="749" y="978" elementRef="_aPzKIA2aEDqz_MblWIxtOg"/>          <node xsi:type="Label" identifier="_oX8wkA2aEDqz_MblWIxtOg" h="90" w="420" x="530" y="1102">            <label xml:lang="en">По итогу:На учетка страйпа аккаунта магазина 94$На учетке страйпа аккаунта брискли 0.4$Коммисия страйпа сразу же снимается с той части платежа что принадлежит брискли</label>          </node>        </node>        <node xsi:type="Element" identifier="_lrGd4g2cEDqz_MblWIxtOg" h="110" w="390" x="1021" y="360" elementRef="_lrGd4A2cEDqz_MblWIxtOg"/>        <node xsi:type="Container" identifier="_B3y9IA2dEDqz_MblWIxtOg" h="300" w="400" x="1015" y="486">          <label xml:lang="en">События</label>          <node xsi:type="Label" identifier="_Ox1KoA2dEDqz_MblWIxtOg" h="180" w="300" x="1021" y="521">            <label xml:lang="en">Status: SuccessOperation: PayoutPlatform: StripeAmount: 100Currency: USDInternalId: InID-ST-2Recipiens: - ID: ID_OF_BRISKLY_BANK_ACC - Amount: 100- Fee: 1- TransactionId: ST-ID-2--------------------------------</label>          </node>          <node xsi:type="Element" identifier="_ivQiYA2dEDqz_MblWIxtOg" h="40" w="80" x="1227" y="531" elementRef="_iu4H4A2dEDqz_MblWIxtOg"/>        </node>        <node xsi:type="Container" identifier="_lkHPoA2dEDqz_MblWIxtOg" h="370" w="400" x="1015" y="813">          <label xml:lang="en">Сформированые записи</label>          <node xsi:type="Element" identifier="_riXWwA2dEDqz_MblWIxtOg" h="110" w="200" x="1115" y="842" elementRef="_riJUUA2dEDqz_MblWIxtOg"/>          <node xsi:type="Element" identifier="_BZh3UA2eEDqz_MblWIxtOg" h="90" w="200" x="1115" y="1004" elementRef="_BZTN0A2eEDqz_MblWIxtOg"/>          <node xsi:type="Label" identifier="_QMHh4A2eEDqz_MblWIxtOg" h="60" w="350" x="1040" y="1102">            <label xml:lang="en">По итогу:Получаем что в банке у брискли должно быть 99$Коммисия страйпа за перевод 1$</label>          </node>        </node>        <connection xsi:type="Relationship" identifier="_u7BWcA1iEDqz_MblWIxtOg" source="_v8-ewAzKEDqz_MblWIxtOg" target="_NJIbMA1gEDqz_MblWIxtOg" relationshipRef="_u6nt0A1iEDqz_MblWIxtOg">          <bendpoint x="238" y="892"/>          <bendpoint x="238" y="892"/>        </connection>        <connection xsi:type="Relationship" identifier="_lfMDQA1kEDqz_MblWIxtOg" source="_v8-ewAzKEDqz_MblWIxtOg" target="_298EAA1iEDqz_MblWIxtOg" relationshipRef="_lfBrMA1kEDqz_MblWIxtOg">          <bendpoint x="238" y="665"/>          <bendpoint x="238" y="996"/>        </connection>        <connection xsi:type="Relationship" identifier="_IJPUkA1yEDqz_MblWIxtOg" source="_VY4KMA1oEDqz_MblWIxtOg" target="_AGiCYA1yEDqz_MblWIxtOg" relationshipRef="_IJDHUA1yEDqz_MblWIxtOg">          <bendpoint x="274" y="491"/>          <bendpoint x="274" y="490"/>        </connection>        <connection xsi:type="Relationship" identifier="_rthagA10EDqz_MblWIxtOg" source="_AGiCYA1yEDqz_MblWIxtOg" target="_v8-ewAzKEDqz_MblWIxtOg" relationshipRef="_rs5vcA10EDqz_MblWIxtOg">          <bendpoint x="226" y="561"/>          <bendpoint x="225" y="892"/>        </connection>        <connection xsi:type="Relationship" identifier="_7qS14A2YEDqz_MblWIxtOg" source="_oEWSYQ2KEDqz_MblWIxtOg" target="_uot18A2YEDqz_MblWIxtOg" relationshipRef="_7qDlUA2YEDqz_MblWIxtOg">          <bendpoint x="721" y="501"/>          <bendpoint x="721" y="500"/>        </connection>        <connection xsi:type="Relationship" identifier="_dhqjgA2aEDqz_MblWIxtOg" source="_BAYUUA2aEDqz_MblWIxtOg" target="_aP-wUA2aEDqz_MblWIxtOg" relationshipRef="_dhiAoA2aEDqz_MblWIxtOg">          <bendpoint x="849" y="963"/>          <bendpoint x="849" y="962"/>        </connection>        <connection xsi:type="Relationship" identifier="_eTj6gA2aEDqz_MblWIxtOg" source="_uot18A2YEDqz_MblWIxtOg" target="_BefCEA2ZEDqz_MblWIxtOg" relationshipRef="_eTbXoA2aEDqz_MblWIxtOg">          <bendpoint x="704" y="709"/>          <bendpoint x="704" y="709"/>        </connection>        <connection xsi:type="Relationship" identifier="_e20YkA2aEDqz_MblWIxtOg" source="_uot18A2YEDqz_MblWIxtOg" target="_BAYUUA2aEDqz_MblWIxtOg" relationshipRef="_e2oyYA2aEDqz_MblWIxtOg">          <bendpoint x="755" y="709"/>          <bendpoint x="755" y="709"/>        </connection>        <connection xsi:type="Relationship" identifier="_LIa-gA2eEDqz_MblWIxtOg" source="_ivQiYA2dEDqz_MblWIxtOg" target="_riXWwA2dEDqz_MblWIxtOg" relationshipRef="_LIM8EA2eEDqz_MblWIxtOg">          <bendpoint x="1267" y="707"/>          <bendpoint x="1267" y="706"/>        </connection>        <connection xsi:type="Relationship" identifier="_LvTYUA2eEDqz_MblWIxtOg" source="_riXWwA2dEDqz_MblWIxtOg" target="_BZh3UA2eEDqz_MblWIxtOg" relationshipRef="_Lu-BIA2eEDqz_MblWIxtOg">          <bendpoint x="1215" y="978"/>          <bendpoint x="1215" y="978"/>        </connection>        <connection xsi:type="Relationship" identifier="_hzsU8A5AEDq7DoulV38TMA" source="_lrGd4g2cEDqz_MblWIxtOg" target="_ivQiYA2dEDqz_MblWIxtOg" relationshipRef="_hzmOUA5AEDq7DoulV38TMA">          <bendpoint x="1267" y="501"/>          <bendpoint x="1267" y="500"/>        </connection>        <connection xsi:type="Relationship" identifier="_btvscA_XEDq7DoulV38TMA" source="_v8-ewAzKEDqz_MblWIxtOg" target="_TBDCEA_XEDq7DoulV38TMA" relationshipRef="_bto-wA_XEDq7DoulV38TMA">          <bendpoint x="102" y="971"/>          <bendpoint x="102" y="970"/>        </connection>      </view>      <view identifier="_4eSJcA4zEDq7DoulV38TMA">        <name xml:lang="en">Архитектура макро</name>        <node xsi:type="Element" identifier="_sYNO0A47EDq7DoulV38TMA" h="120" w="740" x="121" y="198" elementRef="_sYJkcA47EDq7DoulV38TMA">          <node xsi:type="Element" identifier="_Hwu7oA47EDq7DoulV38TMA" h="50" w="150" x="156" y="233" elementRef="_HwrRQA47EDq7DoulV38TMA"/>          <node xsi:type="Element" identifier="_S6FHQA4-EDq7DoulV38TMA" h="60" w="250" x="480" y="230" elementRef="_S6A10A4-EDq7DoulV38TMA"/>        </node>        <node xsi:type="Element" identifier="_z3GpUA47EDq7DoulV38TMA" h="120" w="370" x="61" y="21" elementRef="_z3C-8A47EDq7DoulV38TMA">          <node xsi:type="Element" identifier="_0_axsA46EDq7DoulV38TMA" h="60" w="130" x="71" y="69" elementRef="_0-ngcA46EDq7DoulV38TMA"/>          <node xsi:type="Element" identifier="_4J57QA47EDq7DoulV38TMA" h="60" w="130" x="224" y="69" elementRef="_4J238A47EDq7DoulV38TMA"/>        </node>        <node xsi:type="Element" identifier="_9ALtsA47EDq7DoulV38TMA" h="280" w="900" x="61" y="364" elementRef="_9AB8sA47EDq7DoulV38TMA">          <node xsi:type="Element" identifier="_KcwnkA48EDq7DoulV38TMA" h="104" w="250" x="71" y="403" elementRef="_Kcqg8A48EDq7DoulV38TMA"/>          <node xsi:type="Element" identifier="_ZfZD0A49EDq7DoulV38TMA" h="100" w="250" x="366" y="405" elementRef="_ZfWnkA49EDq7DoulV38TMA"/>          <node xsi:type="Element" identifier="_n3oUsA49EDq7DoulV38TMA" h="100" w="250" x="366" y="527" elementRef="_n3nGkA49EDq7DoulV38TMA"/>          <node xsi:type="Element" identifier="_5GgbgA49EDq7DoulV38TMA" h="102" w="250" x="648" y="527" elementRef="_5Gd_QA49EDq7DoulV38TMA">            <node xsi:type="Element" identifier="_7JMsAA49EDq7DoulV38TMA" h="60" w="130" x="708" y="559" elementRef="_7JKPwA49EDq7DoulV38TMA"/>          </node>          <node xsi:type="Element" identifier="_OPrNoA4-EDq7DoulV38TMA" h="90" w="250" x="648" y="405" elementRef="_OPlHAA4-EDq7DoulV38TMA"/>        </node>        <node xsi:type="Label" identifier="_hclZUA48EDq7DoulV38TMA" h="70" w="450" x="718" y="64">          <label xml:lang="en">Необходимо обеспечить идемпотентность для обработчика событийНа каждое событие должно приходить &quot;подтверждение&quot; обработкиСобытие на которое не получено подтверждение от необходимо сервиса должно прокинуться еще раз.</label>        </node>        <node xsi:type="Element" identifier="_eP1ekA4-EDq7DoulV38TMA" h="70" w="230" x="480" y="64" elementRef="_ePv_AA4-EDq7DoulV38TMA"/>        <connection xsi:type="Relationship" identifier="_TLxmIA48EDq7DoulV38TMA" source="_Hwu7oA47EDq7DoulV38TMA" target="_KcwnkA48EDq7DoulV38TMA" relationshipRef="_TLtUsA48EDq7DoulV38TMA">          <bendpoint x="231" y="343"/>          <bendpoint x="231" y="343"/>        </connection>        <connection xsi:type="Relationship" identifier="_gHvQ0A49EDq7DoulV38TMA" source="_KcwnkA48EDq7DoulV38TMA" target="_ZfZD0A49EDq7DoulV38TMA" relationshipRef="_gHs0kA49EDq7DoulV38TMA">          <bendpoint x="343" y="455"/>          <bendpoint x="344" y="455"/>        </connection>        <connection xsi:type="Relationship" identifier="_1INZ8A49EDq7DoulV38TMA" source="_ZfZD0A49EDq7DoulV38TMA" target="_n3oUsA49EDq7DoulV38TMA" relationshipRef="_1ILkwA49EDq7DoulV38TMA">          <bendpoint x="491" y="516"/>          <bendpoint x="491" y="516"/>        </connection>        <connection xsi:type="Relationship" identifier="_CQMj4A4-EDq7DoulV38TMA" source="_n3oUsA49EDq7DoulV38TMA" target="_5GgbgA49EDq7DoulV38TMA" relationshipRef="_CQHEUA4-EDq7DoulV38TMA">          <bendpoint x="632" y="577"/>          <bendpoint x="632" y="577"/>        </connection>        <connection xsi:type="Relationship" identifier="_Salu4A4-EDq7DoulV38TMA" source="_5GgbgA49EDq7DoulV38TMA" target="_OPrNoA4-EDq7DoulV38TMA" relationshipRef="_SadzEA4-EDq7DoulV38TMA">          <bendpoint x="773" y="511"/>          <bendpoint x="773" y="511"/>        </connection>        <connection xsi:type="Relationship" identifier="_Wa7-4A4-EDq7DoulV38TMA" source="_OPrNoA4-EDq7DoulV38TMA" target="_S6FHQA4-EDq7DoulV38TMA" relationshipRef="_Wa4UgA4-EDq7DoulV38TMA">          <bendpoint x="689" y="347"/>          <bendpoint x="689" y="348"/>        </connection>        <connection xsi:type="Relationship" identifier="_mHtZwA4-EDq7DoulV38TMA" source="_S6FHQA4-EDq7DoulV38TMA" target="_eP1ekA4-EDq7DoulV38TMA" relationshipRef="_mHld8A4-EDq7DoulV38TMA">          <bendpoint x="595" y="182"/>          <bendpoint x="595" y="182"/>        </connection>        <connection xsi:type="Relationship" identifier="_o-lgQA4-EDq7DoulV38TMA" source="_z3GpUA47EDq7DoulV38TMA" target="_eP1ekA4-EDq7DoulV38TMA" relationshipRef="_o-ic8A4-EDq7DoulV38TMA">          <bendpoint x="455" y="99"/>          <bendpoint x="456" y="99"/>        </connection>        <connection xsi:type="Relationship" identifier="_pbHrQA4-EDq7DoulV38TMA" source="_eP1ekA4-EDq7DoulV38TMA" target="_z3GpUA47EDq7DoulV38TMA" relationshipRef="_pbFPAA4-EDq7DoulV38TMA">          <bendpoint x="456" y="99"/>          <bendpoint x="455" y="99"/>        </connection>        <connection xsi:type="Relationship" identifier="_dv9L8A7_EDq7DoulV38TMA" source="_z3GpUA47EDq7DoulV38TMA" target="_Hwu7oA47EDq7DoulV38TMA" relationshipRef="_dvvwkA7_EDq7DoulV38TMA">          <bendpoint x="231" y="187"/>          <bendpoint x="231" y="187"/>        </connection>      </view>      <view identifier="_TlN2oCLREDqw2IzuZUOYvg">        <name xml:lang="en">archimate-diagram</name>        <node xsi:type="Element" identifier="_oF4VgCXKEDqeZsBuoz9wnQ" h="120" w="1080" x="43" y="32" elementRef="_oFJ8wCXKEDqeZsBuoz9wnQ">          <node xsi:type="Element" identifier="_qI8ZcCXKEDqeZsBuoz9wnQ" h="60" w="130" x="58" y="74" elementRef="_qI5WICXKEDqeZsBuoz9wnQ"/>          <node xsi:type="Label" identifier="_hLbPYCXLEDqeZsBuoz9wnQ" h="60" w="130" x="201" y="74">            <label xml:lang="en">В шину попадают все события с плтаженых сервисов, по разным поставщикам</label>          </node>          <node xsi:type="Label" identifier="_g871gCXNEDqeZsBuoz9wnQ" h="60" w="130" x="339" y="74">            <label xml:lang="en">Используется глобальная шина событий компании</label>          </node>        </node>        <node xsi:type="Element" identifier="_WzvNYCXMEDqeZsBuoz9wnQ" h="148" w="450" x="39" y="181" elementRef="_Wzk1UCXMEDqeZsBuoz9wnQ">          <node xsi:type="Label" identifier="_ljowUCXMEDqeZsBuoz9wnQ" h="90" w="290" x="58" y="225">            <label xml:lang="en">Подписчик лишь валидирует общую структуру события. Убеждается что это деств. платежное событие.Далее создает задачу в очереди первичной обработки события.</label>          </node>        </node>        <node xsi:type="Element" identifier="_ltR_ECXNEDqeZsBuoz9wnQ" h="280" w="450" x="40" y="350" elementRef="_ltJcMCXNEDqeZsBuoz9wnQ">          <node xsi:type="Element" identifier="_tOmbcCXNEDqeZsBuoz9wnQ" h="230" w="420" x="55" y="389" elementRef="_tOaOMCXNEDqeZsBuoz9wnQ">            <node xsi:type="Element" identifier="_Bjtd8CXPEDqeZsBuoz9wnQ" h="60" w="130" x="263" y="424" elementRef="_BjgCkCXPEDqeZsBuoz9wnQ"/>            <node xsi:type="Element" identifier="_jW3PYCXPEDqeZsBuoz9wnQ" h="70" w="180" x="263" y="529" elementRef="_jWs3UCXPEDqeZsBuoz9wnQ"/>            <node xsi:type="Label" identifier="_pkXTcCXPEDqeZsBuoz9wnQ" h="80" w="170" x="70" y="424">              <label xml:lang="en">Если блокировка в сервисе обеспечения индепотетности не прошла то прерываем обработку события</label>            </node>          </node>        </node>        <node xsi:type="Element" identifier="_Gci1ICXPEDqeZsBuoz9wnQ" h="160" w="300" x="592" y="374" elementRef="_GcYdECXPEDqeZsBuoz9wnQ">          <node xsi:type="Label" identifier="_u8fZQCXQEDqeZsBuoz9wnQ" h="90" w="230" x="609" y="413">            <label xml:lang="en">Использовать лучше разработаную нами либу, которая реализует блокировку используя редис</label>          </node>        </node>        <node xsi:type="Element" identifier="_HbLq0CXTEDqeZsBuoz9wnQ" h="700" w="730" x="40" y="650" elementRef="_Ha3hwCXTEDqeZsBuoz9wnQ">          <node xsi:type="Label" identifier="_am2OcCXTEDqeZsBuoz9wnQ" h="60" w="310" x="55" y="682">            <label xml:lang="en">Для разных поставщиков (СР, Тинькоф и т.д.) разные очереди и соотвественно обработчики</label>          </node>          <node xsi:type="Element" identifier="_8-AE0CXTEDqeZsBuoz9wnQ" h="590" w="580" x="100" y="750" elementRef="_891FsCXTEDqeZsBuoz9wnQ">            <node xsi:type="Element" identifier="_BifjsCXUEDqeZsBuoz9wnQ" h="60" w="130" x="325" y="790" elementRef="_BiQ6MCXUEDqeZsBuoz9wnQ"/>            <node xsi:type="Element" identifier="_NWJ_ACXUEDqeZsBuoz9wnQ" h="60" w="130" x="325" y="882" elementRef="_NV2dACXUEDqeZsBuoz9wnQ"/>            <node xsi:type="Element" identifier="_U1jv0CXUEDqeZsBuoz9wnQ" h="60" w="500" x="130" y="960" elementRef="_U1Rb8CXUEDqeZsBuoz9wnQ"/>            <node xsi:type="Element" identifier="_cGRkYCXUEDqeZsBuoz9wnQ" h="70" w="300" x="240" y="1040" elementRef="_cF6YACXUEDqeZsBuoz9wnQ"/>            <node xsi:type="Element" identifier="_iKIkQCXUEDqeZsBuoz9wnQ" h="60" w="300" x="240" y="1130" elementRef="_iJ7I4CXUEDqeZsBuoz9wnQ"/>            <node xsi:type="Element" identifier="_s7cKsCXUEDqeZsBuoz9wnQ" h="120" w="400" x="240" y="1210" elementRef="_s7ZucCXUEDqeZsBuoz9wnQ">              <node xsi:type="Element" identifier="_wC31sCXUEDqeZsBuoz9wnQ" h="60" w="190" x="290" y="1250" elementRef="_wCmv8CXUEDqeZsBuoz9wnQ"/>              <node xsi:type="Label" identifier="_4TlusCXUEDqeZsBuoz9wnQ" h="90" w="130" x="500" y="1230">                <label xml:lang="en">Необходимо для дальнейшего функционала по контролю доставки всех платежных событий</label>              </node>            </node>          </node>        </node>        <connection xsi:type="Relationship" identifier="_GexUoCXNEDqeZsBuoz9wnQ" source="_oF4VgCXKEDqeZsBuoz9wnQ" target="_WzvNYCXMEDqeZsBuoz9wnQ" relationshipRef="_GehdACXNEDqeZsBuoz9wnQ">          <bendpoint x="266" y="167"/>          <bendpoint x="266" y="166"/>        </connection>        <connection xsi:type="Relationship" identifier="_g0tbsCXPEDqeZsBuoz9wnQ" source="_Bjtd8CXPEDqeZsBuoz9wnQ" target="_Gci1ICXPEDqeZsBuoz9wnQ" relationshipRef="_g0gAUCXPEDqeZsBuoz9wnQ">          <bendpoint x="492" y="454"/>          <bendpoint x="493" y="454"/>        </connection>        <connection xsi:type="Relationship" identifier="_oCBW8CXPEDqeZsBuoz9wnQ" source="_Bjtd8CXPEDqeZsBuoz9wnQ" target="_jW3PYCXPEDqeZsBuoz9wnQ" relationshipRef="_oB2X0CXPEDqeZsBuoz9wnQ">          <bendpoint x="328" y="507"/>          <bendpoint x="328" y="506"/>        </connection>        <connection xsi:type="Relationship" identifier="_yzShICXPEDqeZsBuoz9wnQ" source="_Gci1ICXPEDqeZsBuoz9wnQ" target="_Bjtd8CXPEDqeZsBuoz9wnQ" relationshipRef="_yzKlUCXPEDqeZsBuoz9wnQ">          <bendpoint x="493" y="454"/>          <bendpoint x="492" y="454"/>        </connection>        <connection xsi:type="Relationship" identifier="_tt3ioCXTEDqeZsBuoz9wnQ" source="_jW3PYCXPEDqeZsBuoz9wnQ" target="_HbLq0CXTEDqeZsBuoz9wnQ" relationshipRef="_ttu_wCXTEDqeZsBuoz9wnQ">          <bendpoint x="353" y="625"/>          <bendpoint x="353" y="624"/>        </connection>        <connection xsi:type="Relationship" identifier="_FTaQkCXUEDqeZsBuoz9wnQ" source="_BifjsCXUEDqeZsBuoz9wnQ" target="_Gci1ICXPEDqeZsBuoz9wnQ" relationshipRef="_FTRtsCXUEDqeZsBuoz9wnQ">          <bendpoint x="757" y="820"/>          <bendpoint x="757" y="554"/>        </connection>        <connection xsi:type="Relationship" identifier="_RqErQCXUEDqeZsBuoz9wnQ" source="_BifjsCXUEDqeZsBuoz9wnQ" target="_NWJ_ACXUEDqeZsBuoz9wnQ" relationshipRef="_Rpy-cCXUEDqeZsBuoz9wnQ">          <bendpoint x="390" y="866"/>          <bendpoint x="390" y="866"/>        </connection>        <connection xsi:type="Relationship" identifier="_ZRB1kCXUEDqeZsBuoz9wnQ" source="_NWJ_ACXUEDqeZsBuoz9wnQ" target="_U1jv0CXUEDqeZsBuoz9wnQ" relationshipRef="_ZQ22cCXUEDqeZsBuoz9wnQ">          <bendpoint x="390" y="951"/>          <bendpoint x="390" y="951"/>        </connection>        <connection xsi:type="Relationship" identifier="_lVBL4CXUEDqeZsBuoz9wnQ" source="_cGRkYCXUEDqeZsBuoz9wnQ" target="_iKIkQCXUEDqeZsBuoz9wnQ" relationshipRef="_lUuQ8CXUEDqeZsBuoz9wnQ">          <bendpoint x="390" y="1120"/>          <bendpoint x="390" y="1120"/>        </connection>        <connection xsi:type="Relationship" identifier="_m1ZZgCXUEDqeZsBuoz9wnQ" source="_U1jv0CXUEDqeZsBuoz9wnQ" target="_cGRkYCXUEDqeZsBuoz9wnQ" relationshipRef="_m1OaYCXUEDqeZsBuoz9wnQ">          <bendpoint x="390" y="1030"/>          <bendpoint x="390" y="1030"/>        </connection>        <connection xsi:type="Relationship" identifier="_nfuv8CXUEDqeZsBuoz9wnQ" source="_iKIkQCXUEDqeZsBuoz9wnQ" target="_Gci1ICXPEDqeZsBuoz9wnQ" relationshipRef="_nfkX4CXUEDqeZsBuoz9wnQ">          <bendpoint x="796" y="1160"/>          <bendpoint x="796" y="554"/>        </connection>        <connection xsi:type="Relationship" identifier="_vNmakCXUEDqeZsBuoz9wnQ" source="_iKIkQCXUEDqeZsBuoz9wnQ" target="_s7cKsCXUEDqeZsBuoz9wnQ" relationshipRef="_vNY_MCXUEDqeZsBuoz9wnQ">          <bendpoint x="390" y="1200"/>          <bendpoint x="390" y="1200"/>        </connection>        <connection xsi:type="Relationship" identifier="_1jAdcCXUEDqeZsBuoz9wnQ" source="_s7cKsCXUEDqeZsBuoz9wnQ" target="_oF4VgCXKEDqeZsBuoz9wnQ" relationshipRef="_1i9aICXUEDqeZsBuoz9wnQ">          <bendpoint x="1040" y="1270"/>          <bendpoint x="1040" y="681"/>        </connection>      </view>    </diagrams>  </views></model>
