<?xml version="1.0" encoding="UTF-8"?>
<model xmlns="http://www.opengroup.org/xsd/archimate/3.0/" xmlns:xsi="http://www.w3.org/2001/XMLSchema-instance" xsi:schemaLocation="http://www.opengroup.org/xsd/archimate/3.0/ http://www.opengroup.org/xsd/archimate/3.1/archimate3_Diagram.xsd" identifier="id-df2d3843eb53490cb056680f3bad13b0">
  <name>diagrama2</name>
  <elements>
    <element identifier="id-e3face735ace4709832bfcc831e7b148" xsi:type="BusinessProcess">
      <name>Processo de Contrato</name>
    </element>
    <element identifier="id-749c4b787314450b900690b802407e5c" xsi:type="BusinessActor">
      <name>Cliente</name>
    </element>
    <element identifier="id-6a013b0492e548ea8a2efd7ee753228a" xsi:type="BusinessEvent">
      <name>Pede um contrato</name>
    </element>
    <element identifier="id-072b7e794db44e7c9dec01ae3bf51a17" xsi:type="BusinessActor">
      <name>CDep</name>
    </element>
    <element identifier="id-a3117ec86fc8476c95086c147cd30781" xsi:type="BusinessActor">
      <name>LDep</name>
    </element>
    <element identifier="id-7008da62c73147ffb02625cd48092100" xsi:type="BusinessActor">
      <name>TDep</name>
    </element>
    <element identifier="id-a9af5989cd934e579dadd332319fd28d" xsi:type="Contract">
      <name>Contrato</name>
    </element>
    <element identifier="id-aa4886cacd07493bb8dccf43d35103ad" xsi:type="BusinessRole">
      <name>CA</name>
    </element>
    <element identifier="id-b58eb762968b4a49a8cea617a518e20c" xsi:type="BusinessObject">
      <name>Pretensão de contrato</name>
    </element>
    <element identifier="id-66d56a333a3041fe8aca46421858ed37" xsi:type="Product">
      <name>SATX</name>
    </element>
    <element identifier="id-b2c37fd355104273a3e11a3f02710041" xsi:type="BusinessService">
      <name>Gestão de contrato</name>
    </element>
    <element identifier="id-f5b932504f1742789afc9eda81746514" xsi:type="BusinessObject">
      <name>SLA</name>
    </element>
    <element identifier="id-3cae803d3dd6479aa4b62e4cdc5b0198" xsi:type="BusinessService">
      <name>Suporte às operações</name>
    </element>
    <element identifier="id-60ca3c494fd04108855aac17149a3724" xsi:type="BusinessService">
      <name>Análise de dados</name>
    </element>
    <element identifier="id-0c8a4c68ca3445fe87175add09fc30cb" xsi:type="BusinessProcess">
      <name>Análise da estrutura de dados</name>
    </element>
    <element identifier="id-04e963435a14499588ef76c331f07159" xsi:type="BusinessProcess">
      <name>Modificações ao SLA</name>
    </element>
    <element identifier="id-84b368bbe7b74edbbef5cea300ee1ade" xsi:type="BusinessProcess">
      <name>Registo de todos os factos</name>
    </element>
    <element identifier="id-fafeeb9497e74885919aa0dc15b76490" xsi:type="BusinessProcess">
      <name>Envio dos pacotes</name>
    </element>
    <element identifier="id-85df94d0c022433c963968e65a56129c" xsi:type="BusinessProcess">
      <name>Reencaminhamento de resultados</name>
    </element>
    <element identifier="id-c32d60fd0d614860846475802e954e0b" xsi:type="BusinessEvent">
      <name>SLA Modificações</name>
    </element>
    <element identifier="id-f24dfaa6313b453fbb543ad1f802116c" xsi:type="ApplicationComponent">
      <name>SATIS</name>
    </element>
    <element identifier="id-f0483d67ac93462398cde746c34b7313" xsi:type="ApplicationComponent">
      <name>SPXCRM</name>
    </element>
    <element identifier="id-acf9527d578342648df2b5a9b738b5d9" xsi:type="ApplicationFunction">
      <name>Registo de propostas de contratos e contratos em vigor</name>
    </element>
    <element identifier="id-95ffc33793d147f5b859d2c347fdd202" xsi:type="ApplicationService">
      <name>Administração de contratos</name>
    </element>
    <element identifier="id-93f6a8e9be724116aa961fa58b7e0ecd" xsi:type="ApplicationFunction">
      <name>Suporte</name>
    </element>
    <element identifier="id-652fb7cbae8b47308bdf137afefa1068" xsi:type="ApplicationService">
      <name>Serviço de suporte às operações contratadas</name>
    </element>
    <element identifier="id-2e466022e4f14a7d98a3df48a69d2d9b" xsi:type="ApplicationComponent">
      <name>SPXSMT</name>
    </element>
    <element identifier="id-f8e5634d60714c4d9373e2411d92ec56" xsi:type="ApplicationFunction">
      <name>Análise</name>
    </element>
    <element identifier="id-6ddbd95651cd463aa8f09c940825e0b3" xsi:type="ApplicationService">
      <name>Análise de dados</name>
    </element>
    <element identifier="id-50072633884348bc95ed533ced1f5243" xsi:type="ApplicationService">
      <name>Registo dos factos dos pacotes</name>
    </element>
    <element identifier="id-4b3afff939874e6e8378727d0e6b13b4" xsi:type="ApplicationService">
      <name>Envio dos pacotes da estação</name>
    </element>
    <element identifier="id-36a4205026434f54a507a74ac6750926" xsi:type="ApplicationInterface">
      <name>Acesso HTML</name>
    </element>
    <element identifier="id-9031639c1ddc44239c8b2898355d2ee1" xsi:type="ApplicationService">
      <name>Reencaminhamento dos resultados</name>
    </element>
    <element identifier="id-fc2fd4b3d5024cefba34bfdddc53cd1f" xsi:type="ApplicationInterface">
      <name>Acesso mobile app</name>
    </element>
    <element identifier="id-a06a020b32864f339b03f87c055ff0f0" xsi:type="TechnologyInterface">
      <name>Sistema operativo linux</name>
    </element>
    <element identifier="id-d11002c7d9874890b32ac241bbcb0f04" xsi:type="TechnologyInterface">
      <name>Máquina virtual Java</name>
    </element>
    <element identifier="id-7c27eecda38545a687eedcdef72ba7f1" xsi:type="Node">
      <name>Satélite artificial</name>
    </element>
    <element identifier="id-295c043b459946369c5cc34c9ad01593" xsi:type="CommunicationNetwork">
      <name>SATNET</name>
    </element>
    <element identifier="id-77bfcc5cbc244e7b840e152ae32d8eb9" xsi:type="Node">
      <name>Estações terrestres</name>
    </element>
    <element identifier="id-05add16eb8404bcba0872f36a56e35a6" xsi:type="Device">
      <name>HTML online</name>
    </element>
    <element identifier="id-10056fa6554e4481a64408baa2288fab" xsi:type="TechnologyService">
      <name>Serviço web</name>
    </element>
    <element identifier="id-1064c51f6bcf439e86a4f91444cc7cba" xsi:type="SystemSoftware">
      <name>Mobile app</name>
    </element>
    <element identifier="id-5246072bbdf6470f83910c005ed858ba" xsi:type="SystemSoftware">
      <name>Máquina virtual JAVA</name>
    </element>
    <element identifier="id-f9b5647dcd294469a48fbf2d4557ecc8" xsi:type="SystemSoftware">
      <name>Sistema operativo linux</name>
    </element>
    <element identifier="id-a7719212df004943ad8154d06ebc0a2b" xsi:type="CommunicationNetwork">
      <name>Rede Local</name>
    </element>
  </elements>
  <relationships>
    <relationship identifier="id-e44a6bb24620446b80cb58c8f9e0c237" source="id-749c4b787314450b900690b802407e5c" target="id-6a013b0492e548ea8a2efd7ee753228a" xsi:type="Triggering" />
    <relationship identifier="id-7f863e739c634d5dbdcda0c08ccb0749" source="id-7008da62c73147ffb02625cd48092100" target="id-e3face735ace4709832bfcc831e7b148" xsi:type="Assignment" />
    <relationship identifier="id-51110d7e1b7043c189b8bb00489a240c" source="id-072b7e794db44e7c9dec01ae3bf51a17" target="id-e3face735ace4709832bfcc831e7b148" xsi:type="Assignment" />
    <relationship identifier="id-d44e38207a3e45ddb2ae19ba22528f57" source="id-a3117ec86fc8476c95086c147cd30781" target="id-e3face735ace4709832bfcc831e7b148" xsi:type="Assignment" />
    <relationship identifier="id-789952d953364d758cc2d67e51493981" source="id-e3face735ace4709832bfcc831e7b148" target="id-a9af5989cd934e579dadd332319fd28d" xsi:type="Access" accessType="Write" />
    <relationship identifier="id-29f7d8eae11040959338d77057f3cc3b" source="id-aa4886cacd07493bb8dccf43d35103ad" target="id-e3face735ace4709832bfcc831e7b148" xsi:type="Assignment" />
    <relationship identifier="id-6af178924a0546e8a92da51fa6abb6f3" source="id-6a013b0492e548ea8a2efd7ee753228a" target="id-e3face735ace4709832bfcc831e7b148" xsi:type="Triggering" />
    <relationship identifier="id-d9e1d71b10ef49e187d59b77096d9085" source="id-6a013b0492e548ea8a2efd7ee753228a" target="id-b58eb762968b4a49a8cea617a518e20c" xsi:type="Access" accessType="Write" />
    <relationship identifier="id-2f925013777145a392dfa056439b3bac" source="id-e3face735ace4709832bfcc831e7b148" target="id-b58eb762968b4a49a8cea617a518e20c" xsi:type="Access" accessType="Write" />
    <relationship identifier="id-3e29801f6d2044bca6530b5de96fbdd9" source="id-66d56a333a3041fe8aca46421858ed37" target="id-b2c37fd355104273a3e11a3f02710041" xsi:type="Composition" />
    <relationship identifier="id-f5f2485a1f9d4f6fa09d816a33138213" source="id-e3face735ace4709832bfcc831e7b148" target="id-b2c37fd355104273a3e11a3f02710041" xsi:type="Realization" />
    <relationship identifier="id-f2e2b4dcd5374e77a1b725923bd9f9fe" source="id-a9af5989cd934e579dadd332319fd28d" target="id-f5b932504f1742789afc9eda81746514" xsi:type="Composition" />
    <relationship identifier="id-19af7c96b3244195a3e1de0def1fda4f" source="id-66d56a333a3041fe8aca46421858ed37" target="id-3cae803d3dd6479aa4b62e4cdc5b0198" xsi:type="Composition" />
    <relationship identifier="id-ff048a786c0240e195031374780580a1" source="id-66d56a333a3041fe8aca46421858ed37" target="id-a9af5989cd934e579dadd332319fd28d" xsi:type="Composition" />
    <relationship identifier="id-71cdbf7382c14ffe82306ce7c61085a3" source="id-66d56a333a3041fe8aca46421858ed37" target="id-60ca3c494fd04108855aac17149a3724" xsi:type="Composition" />
    <relationship identifier="id-93916fbadeea42269afc75fcf1ae77a3" source="id-f0483d67ac93462398cde746c34b7313" target="id-acf9527d578342648df2b5a9b738b5d9" xsi:type="Assignment" />
    <relationship identifier="id-c483f27908a44cfe80a2256061b75e44" source="id-acf9527d578342648df2b5a9b738b5d9" target="id-95ffc33793d147f5b859d2c347fdd202" xsi:type="Realization" />
    <relationship identifier="id-4c88195bede3436ea08f354ec42732da" source="id-95ffc33793d147f5b859d2c347fdd202" target="id-e3face735ace4709832bfcc831e7b148" xsi:type="Serving" />
    <relationship identifier="id-1284f3d6bc854e5db5e05bef005e643e" source="id-f24dfaa6313b453fbb543ad1f802116c" target="id-93f6a8e9be724116aa961fa58b7e0ecd" xsi:type="Assignment" />
    <relationship identifier="id-388486e199824e7eab7de75d6f00d2ee" source="id-93f6a8e9be724116aa961fa58b7e0ecd" target="id-652fb7cbae8b47308bdf137afefa1068" xsi:type="Realization" />
    <relationship identifier="id-3e5ba341aa9f4458b9f2372571944243" source="id-2e466022e4f14a7d98a3df48a69d2d9b" target="id-f8e5634d60714c4d9373e2411d92ec56" xsi:type="Assignment" />
    <relationship identifier="id-bfd92d6f6fc14699b54edf37ada1ee3f" source="id-f8e5634d60714c4d9373e2411d92ec56" target="id-6ddbd95651cd463aa8f09c940825e0b3" xsi:type="Realization" />
    <relationship identifier="id-4d784f42fe0f46f5bb9473fb2732cb72" source="id-2e466022e4f14a7d98a3df48a69d2d9b" target="id-f24dfaa6313b453fbb543ad1f802116c" xsi:type="Association">
      <name>rede local</name>
    </relationship>
    <relationship identifier="id-3b3c5893e53648e2aa920c1bde7cdcc8" source="id-6ddbd95651cd463aa8f09c940825e0b3" target="id-0c8a4c68ca3445fe87175add09fc30cb" xsi:type="Serving" />
    <relationship identifier="id-ea5eab380ca0474baf3135f52071f0ce" source="id-04e963435a14499588ef76c331f07159" target="id-3cae803d3dd6479aa4b62e4cdc5b0198" xsi:type="Realization" />
    <relationship identifier="id-b535d6a9795b481996382d065d1ca837" source="id-0c8a4c68ca3445fe87175add09fc30cb" target="id-60ca3c494fd04108855aac17149a3724" xsi:type="Realization" />
    <relationship identifier="id-3779d67815f244b7a5741c0e011e674a" source="id-a06a020b32864f339b03f87c055ff0f0" target="id-f24dfaa6313b453fbb543ad1f802116c" xsi:type="Serving" />
    <relationship identifier="id-34aba264a0b34113a2520b29c208a156" source="id-d11002c7d9874890b32ac241bbcb0f04" target="id-f0483d67ac93462398cde746c34b7313" xsi:type="Serving" />
    <relationship identifier="id-c778e2aaa706491fb1302039aa38aa93" source="id-749c4b787314450b900690b802407e5c" target="id-e3face735ace4709832bfcc831e7b148" xsi:type="Assignment" />
    <relationship identifier="id-48a79d6fcb8f42ef960f794297fa8c29" source="id-f0483d67ac93462398cde746c34b7313" target="id-f24dfaa6313b453fbb543ad1f802116c" xsi:type="Flow" />
    <relationship identifier="id-4a4f5a8b53fb4c15a690aaa1b17f28ff" source="id-f24dfaa6313b453fbb543ad1f802116c" target="id-f0483d67ac93462398cde746c34b7313" xsi:type="Flow" />
    <relationship identifier="id-d3b54f6a419241dbb290febc1bfddf7d" source="id-749c4b787314450b900690b802407e5c" target="id-04e963435a14499588ef76c331f07159" xsi:type="Assignment" />
    <relationship identifier="id-6bab22a434f8498aa65f3057b8a8a1d6" source="id-652fb7cbae8b47308bdf137afefa1068" target="id-04e963435a14499588ef76c331f07159" xsi:type="Serving" />
    <relationship identifier="id-aaac40552fa4478991f6beecf09ee05f" source="id-04e963435a14499588ef76c331f07159" target="id-f5b932504f1742789afc9eda81746514" xsi:type="Access" accessType="Write" />
    <relationship identifier="id-2fb4d50304c448c3a58ef528feb95292" source="id-93f6a8e9be724116aa961fa58b7e0ecd" target="id-50072633884348bc95ed533ced1f5243" xsi:type="Realization" />
    <relationship identifier="id-5add75ee672a4ce28c0704d06b2d7158" source="id-749c4b787314450b900690b802407e5c" target="id-84b368bbe7b74edbbef5cea300ee1ade" xsi:type="Assignment" />
    <relationship identifier="id-2583cf5a1de9403f8a7f0a9326b24a7f" source="id-50072633884348bc95ed533ced1f5243" target="id-84b368bbe7b74edbbef5cea300ee1ade" xsi:type="Serving" />
    <relationship identifier="id-ce0ab6ef50f64469ba8ff42d480ce4da" source="id-84b368bbe7b74edbbef5cea300ee1ade" target="id-f5b932504f1742789afc9eda81746514" xsi:type="Access" accessType="Write" />
    <relationship identifier="id-ea216c228e8c437496d385d2ae68cd18" source="id-7c27eecda38545a687eedcdef72ba7f1" target="id-749c4b787314450b900690b802407e5c" xsi:type="Association" />
    <relationship identifier="id-331971265a4c4493a52e1ca89a04e1fc" source="id-7c27eecda38545a687eedcdef72ba7f1" target="id-295c043b459946369c5cc34c9ad01593" xsi:type="Flow" />
    <relationship identifier="id-1203c1b935484cafb4ca5e24d900f716" source="id-295c043b459946369c5cc34c9ad01593" target="id-f24dfaa6313b453fbb543ad1f802116c" xsi:type="Flow" />
    <relationship identifier="id-e0c8030079ad434ea2979026dd6ecdbc" source="id-295c043b459946369c5cc34c9ad01593" target="id-77bfcc5cbc244e7b840e152ae32d8eb9" xsi:type="Aggregation" />
    <relationship identifier="id-42967d8bf4a14b98a212e57fe1bfe584" source="id-84b368bbe7b74edbbef5cea300ee1ade" target="id-3cae803d3dd6479aa4b62e4cdc5b0198" xsi:type="Realization" />
    <relationship identifier="id-a066fc17d7ff4ff8bb695204bedbe00e" source="id-4b3afff939874e6e8378727d0e6b13b4" target="id-fafeeb9497e74885919aa0dc15b76490" xsi:type="Serving" />
    <relationship identifier="id-d0f81997ebb44aa7bc5e9d40e7c1cc16" source="id-fafeeb9497e74885919aa0dc15b76490" target="id-3cae803d3dd6479aa4b62e4cdc5b0198" xsi:type="Realization" />
    <relationship identifier="id-49ca8b0b94544e25ae49e56d393bba7d" source="id-f24dfaa6313b453fbb543ad1f802116c" target="id-2e466022e4f14a7d98a3df48a69d2d9b" xsi:type="Flow" />
    <relationship identifier="id-6e7411010e954bf3875afd3258858319" source="id-93f6a8e9be724116aa961fa58b7e0ecd" target="id-4b3afff939874e6e8378727d0e6b13b4" xsi:type="Realization" />
    <relationship identifier="id-bbc787cc894d434a80f9498060cf2a01" source="id-f24dfaa6313b453fbb543ad1f802116c" target="id-295c043b459946369c5cc34c9ad01593" xsi:type="Flow" />
    <relationship identifier="id-cdff8f329e7d408abeb085199d72fca9" source="id-f24dfaa6313b453fbb543ad1f802116c" target="id-36a4205026434f54a507a74ac6750926" xsi:type="Composition" />
    <relationship identifier="id-0fce68469bb9429ca796590eb8a780df" source="id-36a4205026434f54a507a74ac6750926" target="id-749c4b787314450b900690b802407e5c" xsi:type="Serving" />
    <relationship identifier="id-66d18dc2dc524267a9e3a35bf3e33cc2" source="id-2e466022e4f14a7d98a3df48a69d2d9b" target="id-f24dfaa6313b453fbb543ad1f802116c" xsi:type="Flow">
      <name>resultados da análise</name>
    </relationship>
    <relationship identifier="id-16757dbe217645cfbe1c069bfa213012" source="id-05add16eb8404bcba0872f36a56e35a6" target="id-f24dfaa6313b453fbb543ad1f802116c" xsi:type="Serving" />
    <relationship identifier="id-ed2762e115e54163b7e8a979f006e5d5" source="id-749c4b787314450b900690b802407e5c" target="id-fafeeb9497e74885919aa0dc15b76490" xsi:type="Assignment" />
    <relationship identifier="id-20fa5a69ad6c4563bf10e19b3363564f" source="id-9031639c1ddc44239c8b2898355d2ee1" target="id-85df94d0c022433c963968e65a56129c" xsi:type="Serving" />
    <relationship identifier="id-526cca3fbb35421193bd1baf5aac37b2" source="id-749c4b787314450b900690b802407e5c" target="id-85df94d0c022433c963968e65a56129c" xsi:type="Assignment" />
    <relationship identifier="id-28f8690e3bb94f70808d590b98e4b178" source="id-93f6a8e9be724116aa961fa58b7e0ecd" target="id-9031639c1ddc44239c8b2898355d2ee1" xsi:type="Realization" />
    <relationship identifier="id-4eecd4d8107447ca9a72229a20ccfbf7" source="id-85df94d0c022433c963968e65a56129c" target="id-3cae803d3dd6479aa4b62e4cdc5b0198" xsi:type="Realization" />
    <relationship identifier="id-dd1afdeb01254455bc41c72bcd733079" source="id-10056fa6554e4481a64408baa2288fab" target="id-f24dfaa6313b453fbb543ad1f802116c" xsi:type="Serving" />
    <relationship identifier="id-3cfbbc7995454e1488ba00df83469bd0" source="id-f24dfaa6313b453fbb543ad1f802116c" target="id-fc2fd4b3d5024cefba34bfdddc53cd1f" xsi:type="Composition" />
    <relationship identifier="id-ba8ad00485314209b9848ed6bc3b31e3" source="id-fc2fd4b3d5024cefba34bfdddc53cd1f" target="id-749c4b787314450b900690b802407e5c" xsi:type="Serving" />
    <relationship identifier="id-2e405f67dd7740c3ba3913a3f2753a78" source="id-1064c51f6bcf439e86a4f91444cc7cba" target="id-f24dfaa6313b453fbb543ad1f802116c" xsi:type="Serving" />
    <relationship identifier="id-b52848461dc543f99180a00ee9b9cbe7" source="id-749c4b787314450b900690b802407e5c" target="id-c32d60fd0d614860846475802e954e0b" xsi:type="Triggering" />
    <relationship identifier="id-80cd642eab4c4de59b9781152c4214e6" source="id-c32d60fd0d614860846475802e954e0b" target="id-04e963435a14499588ef76c331f07159" xsi:type="Triggering" />
    <relationship identifier="id-1662851addd54b74ab15e15fa3ca9c5b" source="id-295c043b459946369c5cc34c9ad01593" target="id-7c27eecda38545a687eedcdef72ba7f1" xsi:type="Flow" />
    <relationship identifier="id-9ba3d3d51f8a496fa42d3650251284fd" source="id-5246072bbdf6470f83910c005ed858ba" target="id-f0483d67ac93462398cde746c34b7313" xsi:type="Serving" />
    <relationship identifier="id-efdf11422e544381a0bb5c217344af9e" source="id-f9b5647dcd294469a48fbf2d4557ecc8" target="id-f24dfaa6313b453fbb543ad1f802116c" xsi:type="Serving" />
    <relationship identifier="id-4789a4262af74726b3820dca7837cfa3" source="id-a7719212df004943ad8154d06ebc0a2b" target="id-2e466022e4f14a7d98a3df48a69d2d9b" xsi:type="Serving" />
    <relationship identifier="id-1742e6068452436481b5592a1f8c98ea" source="id-a7719212df004943ad8154d06ebc0a2b" target="id-f24dfaa6313b453fbb543ad1f802116c" xsi:type="Serving" />
  </relationships>
  <views>
    <diagrams>
      <view identifier="id-3a41f63cb5cc4bf085eaeaca7fd3025a" xsi:type="Diagram">
        <name>Default View</name>
        <node identifier="id-f1ad8c22cce64117be726fca9ae33655" elementRef="id-e3face735ace4709832bfcc831e7b148" xsi:type="Element" x="1040" y="121" w="120" h="72">
          <style>
            <fillColor r="255" g="255" b="181" a="100" />
            <lineColor r="92" g="92" b="92" a="100" />
            <font name="Lucida Grande" size="12">
              <color r="0" g="0" b="0" />
            </font>
          </style>
        </node>
        <node identifier="id-feb1a506c27745868f455a9c93ffff3d" elementRef="id-749c4b787314450b900690b802407e5c" xsi:type="Element" x="732" y="340" w="120" h="37">
          <style>
            <fillColor r="255" g="255" b="181" a="100" />
            <lineColor r="92" g="92" b="92" a="100" />
            <font name="Lucida Grande" size="12">
              <color r="0" g="0" b="0" />
            </font>
          </style>
        </node>
        <node identifier="id-b71edc82ead24d7db941c0f7e417deac" elementRef="id-6a013b0492e548ea8a2efd7ee753228a" xsi:type="Element" x="1213" y="129" w="120" h="55">
          <style>
            <fillColor r="255" g="255" b="181" a="100" />
            <lineColor r="92" g="92" b="92" a="100" />
            <font name="Lucida Grande" size="12">
              <color r="0" g="0" b="0" />
            </font>
          </style>
        </node>
        <node identifier="id-1caf44fe5dc940c1b5a66d17728afb7b" elementRef="id-072b7e794db44e7c9dec01ae3bf51a17" xsi:type="Element" x="963" y="21" w="120" h="37">
          <style>
            <fillColor r="255" g="255" b="181" a="100" />
            <lineColor r="92" g="92" b="92" a="100" />
            <font name="Lucida Grande" size="12">
              <color r="0" g="0" b="0" />
            </font>
          </style>
        </node>
        <node identifier="id-630b671957644b06ba5ba512448d5a4c" elementRef="id-a3117ec86fc8476c95086c147cd30781" xsi:type="Element" x="1248" y="81" w="120" h="37">
          <style>
            <fillColor r="255" g="255" b="181" a="100" />
            <lineColor r="92" g="92" b="92" a="100" />
            <font name="Lucida Grande" size="12">
              <color r="0" g="0" b="0" />
            </font>
          </style>
        </node>
        <node identifier="id-ebaa66b71f074bceb5cbed0a9e73d607" elementRef="id-7008da62c73147ffb02625cd48092100" xsi:type="Element" x="1092" y="21" w="120" h="37">
          <style>
            <fillColor r="255" g="255" b="181" a="100" />
            <lineColor r="92" g="92" b="92" a="100" />
            <font name="Lucida Grande" size="12">
              <color r="0" g="0" b="0" />
            </font>
          </style>
        </node>
        <node identifier="id-588117bf6cda4ad0b15723c6b9de672a" elementRef="id-a9af5989cd934e579dadd332319fd28d" xsi:type="Element" x="768" y="45" w="120" h="55">
          <style>
            <fillColor r="255" g="255" b="181" a="100" />
            <lineColor r="92" g="92" b="92" a="100" />
            <font name="Lucida Grande" size="12">
              <color r="0" g="0" b="0" />
            </font>
          </style>
        </node>
        <node identifier="id-6b29b9036ce34709ba92e252622d3f2f" elementRef="id-aa4886cacd07493bb8dccf43d35103ad" xsi:type="Element" x="1248" y="36" w="120" h="37">
          <style>
            <fillColor r="255" g="255" b="181" a="100" />
            <lineColor r="92" g="92" b="92" a="100" />
            <font name="Lucida Grande" size="12">
              <color r="0" g="0" b="0" />
            </font>
          </style>
        </node>
        <node identifier="id-5e3e64d802304ca38594b791b775fe5f" elementRef="id-66d56a333a3041fe8aca46421858ed37" xsi:type="Element" x="528" y="45" w="120" h="55">
          <style>
            <fillColor r="255" g="255" b="181" a="100" />
            <lineColor r="92" g="92" b="92" a="100" />
            <font name="Lucida Grande" size="12">
              <color r="0" g="0" b="0" />
            </font>
          </style>
        </node>
        <node identifier="id-deff6d91f41b47e598c3581feb5e7b1d" elementRef="id-b2c37fd355104273a3e11a3f02710041" xsi:type="Element" x="576" y="138" w="120" h="55">
          <style>
            <fillColor r="255" g="255" b="181" a="100" />
            <lineColor r="92" g="92" b="92" a="100" />
            <font name="Lucida Grande" size="12">
              <color r="0" g="0" b="0" />
            </font>
          </style>
        </node>
        <node identifier="id-b7088caa05234f4a91aa52f2803a166c" elementRef="id-f5b932504f1742789afc9eda81746514" xsi:type="Element" x="732" y="230" w="120" h="55">
          <style>
            <fillColor r="255" g="255" b="181" a="100" />
            <lineColor r="92" g="92" b="92" a="100" />
            <font name="Lucida Grande" size="12">
              <color r="0" g="0" b="0" />
            </font>
          </style>
        </node>
        <node identifier="id-beabe0233c73448e8dfa70f6426e9178" elementRef="id-3cae803d3dd6479aa4b62e4cdc5b0198" xsi:type="Element" x="371" y="138" w="120" h="55">
          <style>
            <fillColor r="255" g="255" b="181" a="100" />
            <lineColor r="92" g="92" b="92" a="100" />
            <font name="Lucida Grande" size="12">
              <color r="0" g="0" b="0" />
            </font>
          </style>
        </node>
        <node identifier="id-831fc8a929ea4fcc987540f08845932e" elementRef="id-60ca3c494fd04108855aac17149a3724" xsi:type="Element" x="13" y="141" w="120" h="49">
          <style>
            <fillColor r="255" g="255" b="181" a="100" />
            <lineColor r="92" g="92" b="92" a="100" />
            <font name="Lucida Grande" size="12">
              <color r="0" g="0" b="0" />
            </font>
          </style>
        </node>
        <node identifier="id-57a8f4b9fc03485ea09ef0fadcfac940" elementRef="id-f24dfaa6313b453fbb543ad1f802116c" xsi:type="Element" x="328" y="781" w="212" h="49">
          <style>
            <fillColor r="181" g="255" b="255" a="100" />
            <lineColor r="92" g="92" b="92" a="100" />
            <font name="Lucida Grande" size="12">
              <color r="0" g="0" b="0" />
            </font>
          </style>
        </node>
        <node identifier="id-f9ce54439a264b9b952e5c8e67a3fec0" elementRef="id-f0483d67ac93462398cde746c34b7313" xsi:type="Element" x="1022" y="779" w="156" h="44">
          <style>
            <fillColor r="181" g="255" b="255" a="100" />
            <lineColor r="92" g="92" b="92" a="100" />
            <font name="Lucida Grande" size="12">
              <color r="0" g="0" b="0" />
            </font>
          </style>
        </node>
        <node identifier="id-31297f85bbef40ada21445b7fd633d86" elementRef="id-acf9527d578342648df2b5a9b738b5d9" xsi:type="Element" x="1008" y="675" w="184" h="55">
          <style>
            <fillColor r="181" g="255" b="255" a="100" />
            <lineColor r="92" g="92" b="92" a="100" />
            <font name="Lucida Grande" size="12">
              <color r="0" g="0" b="0" />
            </font>
          </style>
        </node>
        <node identifier="id-4ef991f8f07d453ca951e6c54169d962" elementRef="id-95ffc33793d147f5b859d2c347fdd202" xsi:type="Element" x="1016" y="573" w="167" h="49">
          <style>
            <fillColor r="181" g="255" b="255" a="100" />
            <lineColor r="92" g="92" b="92" a="100" />
            <font name="Lucida Grande" size="12">
              <color r="0" g="0" b="0" />
            </font>
          </style>
        </node>
        <node identifier="id-63498a036d63499b80aebc68d77887df" elementRef="id-93f6a8e9be724116aa961fa58b7e0ecd" xsi:type="Element" x="371" y="668" w="120" h="49">
          <style>
            <fillColor r="181" g="255" b="255" a="100" />
            <lineColor r="92" g="92" b="92" a="100" />
            <font name="Lucida Grande" size="12">
              <color r="0" g="0" b="0" />
            </font>
          </style>
        </node>
        <node identifier="id-902bab5a366b4fa2aa1c810b0c5f1dcd" elementRef="id-652fb7cbae8b47308bdf137afefa1068" xsi:type="Element" x="227" y="564" w="146" h="55">
          <style>
            <fillColor r="181" g="255" b="255" a="100" />
            <lineColor r="92" g="92" b="92" a="100" />
            <font name="Lucida Grande" size="12">
              <color r="0" g="0" b="0" />
            </font>
          </style>
        </node>
        <node identifier="id-1a942e2d9f74440aa169825a46928972" elementRef="id-2e466022e4f14a7d98a3df48a69d2d9b" xsi:type="Element" x="0" y="781" w="145" h="40">
          <style>
            <fillColor r="181" g="255" b="255" a="100" />
            <lineColor r="92" g="92" b="92" a="100" />
            <font name="Lucida Grande" size="12">
              <color r="0" g="0" b="0" />
            </font>
          </style>
        </node>
        <node identifier="id-77c1ecbd22ce4f51974ceaf268eb630a" elementRef="id-f8e5634d60714c4d9373e2411d92ec56" xsi:type="Element" x="12" y="678" w="120" h="49">
          <style>
            <fillColor r="181" g="255" b="255" a="100" />
            <lineColor r="92" g="92" b="92" a="100" />
            <font name="Lucida Grande" size="12">
              <color r="0" g="0" b="0" />
            </font>
          </style>
        </node>
        <node identifier="id-84a015cce1294905b779f3c3084112af" elementRef="id-6ddbd95651cd463aa8f09c940825e0b3" xsi:type="Element" x="12" y="570" w="120" h="55">
          <style>
            <fillColor r="181" g="255" b="255" a="100" />
            <lineColor r="92" g="92" b="92" a="100" />
            <font name="Lucida Grande" size="12">
              <color r="0" g="0" b="0" />
            </font>
          </style>
        </node>
        <node identifier="id-c815806e888c4f768e9c86d0550c350a" elementRef="id-0c8a4c68ca3445fe87175add09fc30cb" xsi:type="Element" x="12" y="288" w="120" h="55">
          <style>
            <fillColor r="255" g="255" b="181" a="100" />
            <lineColor r="92" g="92" b="92" a="100" />
            <font name="Lucida Grande" size="12">
              <color r="0" g="0" b="0" />
            </font>
          </style>
        </node>
        <node identifier="id-d89b38a2a3b948618a36f26bca9c6ff7" elementRef="id-04e963435a14499588ef76c331f07159" xsi:type="Element" x="240" y="286" w="120" h="55">
          <style>
            <fillColor r="255" g="255" b="181" a="100" />
            <lineColor r="92" g="92" b="92" a="100" />
            <font name="Lucida Grande" size="12">
              <color r="0" g="0" b="0" />
            </font>
          </style>
        </node>
        <node identifier="id-a23eac591d7943f8b8a9de7057b108f2" elementRef="id-50072633884348bc95ed533ced1f5243" xsi:type="Element" x="381" y="564" w="110" h="55">
          <style>
            <fillColor r="181" g="255" b="255" a="100" />
            <lineColor r="92" g="92" b="92" a="100" />
            <font name="Lucida Grande" size="12">
              <color r="0" g="0" b="0" />
            </font>
          </style>
        </node>
        <node identifier="id-69dfa205cbdd4802ab7b7d35bc0eb637" elementRef="id-84b368bbe7b74edbbef5cea300ee1ade" xsi:type="Element" x="371" y="420" w="120" h="55">
          <style>
            <fillColor r="255" g="255" b="181" a="100" />
            <lineColor r="92" g="92" b="92" a="100" />
            <font name="Lucida Grande" size="12">
              <color r="0" g="0" b="0" />
            </font>
          </style>
        </node>
        <node identifier="id-6142127e5214461b87b09fa6cffe34dc" elementRef="id-7c27eecda38545a687eedcdef72ba7f1" xsi:type="Element" x="780" y="1020" w="120" h="55">
          <style>
            <fillColor r="201" g="231" b="183" a="100" />
            <lineColor r="92" g="92" b="92" a="100" />
            <font name="Lucida Grande" size="12">
              <color r="0" g="0" b="0" />
            </font>
          </style>
        </node>
        <node identifier="id-c1c5d1bef49b42c6a7ae6562f291a982" elementRef="id-295c043b459946369c5cc34c9ad01593" xsi:type="Element" x="564" y="912" w="120" h="48">
          <style>
            <fillColor r="201" g="231" b="183" a="100" />
            <lineColor r="92" g="92" b="92" a="100" />
            <font name="Lucida Grande" size="12">
              <color r="0" g="0" b="0" />
            </font>
          </style>
        </node>
        <node identifier="id-3028eeb7a0984b91962d44d70ccb084a" elementRef="id-4b3afff939874e6e8378727d0e6b13b4" xsi:type="Element" x="504" y="564" w="109" h="55">
          <style>
            <fillColor r="181" g="255" b="255" a="100" />
            <lineColor r="92" g="92" b="92" a="100" />
            <font name="Lucida Grande" size="12">
              <color r="0" g="0" b="0" />
            </font>
          </style>
        </node>
        <node identifier="id-52b3b107c61a430b972044b7448b5f03" elementRef="id-77bfcc5cbc244e7b840e152ae32d8eb9" xsi:type="Element" x="564" y="1027" w="120" h="55">
          <style>
            <fillColor r="201" g="231" b="183" a="100" />
            <lineColor r="92" g="92" b="92" a="100" />
            <font name="Lucida Grande" size="12">
              <color r="0" g="0" b="0" />
            </font>
          </style>
        </node>
        <node identifier="id-01f5f86e948345f8b37101c2df364a68" elementRef="id-fafeeb9497e74885919aa0dc15b76490" xsi:type="Element" x="499" y="420" w="120" h="55">
          <style>
            <fillColor r="255" g="255" b="181" a="100" />
            <lineColor r="92" g="92" b="92" a="100" />
            <font name="Lucida Grande" size="12">
              <color r="0" g="0" b="0" />
            </font>
          </style>
        </node>
        <node identifier="id-bdd0ea7a98fb4ebcaec749ded90c63f3" elementRef="id-36a4205026434f54a507a74ac6750926" xsi:type="Element" x="713" y="816" w="120" h="36">
          <style>
            <fillColor r="181" g="255" b="255" a="100" />
            <lineColor r="92" g="92" b="92" a="100" />
            <font name="Lucida Grande" size="12">
              <color r="0" g="0" b="0" />
            </font>
          </style>
        </node>
        <node identifier="id-0f5e8badeb3543488c69027a43aec9cf" elementRef="id-05add16eb8404bcba0872f36a56e35a6" xsi:type="Element" x="357" y="1033" w="148" h="43">
          <style>
            <fillColor r="201" g="231" b="183" a="100" />
            <lineColor r="92" g="92" b="92" a="100" />
            <font name="Lucida Grande" size="12">
              <color r="0" g="0" b="0" />
            </font>
          </style>
        </node>
        <node identifier="id-d4c74cd0e3bc467dbb5be6c5a9b79bcf" elementRef="id-9031639c1ddc44239c8b2898355d2ee1" xsi:type="Element" x="624" y="564" w="157" h="55">
          <style>
            <fillColor r="181" g="255" b="255" a="100" />
            <lineColor r="92" g="92" b="92" a="100" />
            <font name="Lucida Grande" size="12">
              <color r="0" g="0" b="0" />
            </font>
          </style>
        </node>
        <node identifier="id-0e44c88b62cb43a383f3485c2681baf3" elementRef="id-85df94d0c022433c963968e65a56129c" xsi:type="Element" x="643" y="420" w="120" h="55">
          <style>
            <fillColor r="255" g="255" b="181" a="100" />
            <lineColor r="92" g="92" b="92" a="100" />
            <font name="Lucida Grande" size="12">
              <color r="0" g="0" b="0" />
            </font>
          </style>
        </node>
        <node identifier="id-c0b297afad0146e6b6fcff5350f3beb7" elementRef="id-10056fa6554e4481a64408baa2288fab" xsi:type="Element" x="203" y="1036" w="132" h="37">
          <style>
            <fillColor r="201" g="231" b="183" a="100" />
            <lineColor r="92" g="92" b="92" a="100" />
            <font name="Lucida Grande" size="12">
              <color r="0" g="0" b="0" />
            </font>
          </style>
        </node>
        <node identifier="id-5721634201ac4d468341b06acbfc5cec" elementRef="id-fc2fd4b3d5024cefba34bfdddc53cd1f" xsi:type="Element" x="683" y="756" w="120" h="46">
          <style>
            <fillColor r="181" g="255" b="255" a="100" />
            <lineColor r="92" g="92" b="92" a="100" />
            <font name="Lucida Grande" size="12">
              <color r="0" g="0" b="0" />
            </font>
          </style>
        </node>
        <node identifier="id-dead523ead844ef894ec7a7a9e0342b3" elementRef="id-1064c51f6bcf439e86a4f91444cc7cba" xsi:type="Element" x="209" y="990" w="120" h="32">
          <style>
            <fillColor r="201" g="231" b="183" a="100" />
            <lineColor r="92" g="92" b="92" a="100" />
            <font name="Lucida Grande" size="12">
              <color r="0" g="0" b="0" />
            </font>
          </style>
        </node>
        <node identifier="id-15cc59fac93b4a62a8dceff11d409fa3" elementRef="id-c32d60fd0d614860846475802e954e0b" xsi:type="Element" x="540" y="287" w="120" h="53">
          <style>
            <fillColor r="255" g="255" b="181" a="100" />
            <lineColor r="92" g="92" b="92" a="100" />
            <font name="Lucida Grande" size="12">
              <color r="0" g="0" b="0" />
            </font>
          </style>
        </node>
        <node identifier="id-aac50f38026243f888bfef9d3a3813a6" elementRef="id-5246072bbdf6470f83910c005ed858ba" xsi:type="Element" x="1040" y="996" w="169" h="43">
          <style>
            <fillColor r="201" g="231" b="183" a="100" />
            <lineColor r="92" g="92" b="92" a="100" />
            <font name="Lucida Grande" size="12">
              <color r="0" g="0" b="0" />
            </font>
          </style>
        </node>
        <node identifier="id-e78b9dee7d53413188dd206d679413cb" elementRef="id-f9b5647dcd294469a48fbf2d4557ecc8" xsi:type="Element" x="60" y="996" w="120" h="55">
          <style>
            <fillColor r="201" g="231" b="183" a="100" />
            <lineColor r="92" g="92" b="92" a="100" />
            <font name="Lucida Grande" size="12">
              <color r="0" g="0" b="0" />
            </font>
          </style>
        </node>
        <node identifier="id-5a14827a58f84a5ea455a27cba593a1e" elementRef="id-a7719212df004943ad8154d06ebc0a2b" xsi:type="Element" x="108" y="869" w="137" h="44">
          <style>
            <fillColor r="201" g="231" b="183" a="100" />
            <lineColor r="92" g="92" b="92" a="100" />
            <font name="Lucida Grande" size="12">
              <color r="0" g="0" b="0" />
            </font>
          </style>
        </node>
        <connection identifier="id-bdd4c5c1c1ce4c8592c135017093f60b" relationshipRef="id-789952d953364d758cc2d67e51493981" xsi:type="Relationship" source="id-f1ad8c22cce64117be726fca9ae33655" target="id-588117bf6cda4ad0b15723c6b9de672a">
          <style>
            <lineColor r="0" g="0" b="0" />
            <font name="Lucida Grande" size="12">
              <color r="0" g="0" b="0" />
            </font>
          </style>
          <bendpoint x="1048" y="72" />
        </connection>
        <connection identifier="id-0de38e75add54bbf9e423c03b6ddee52" relationshipRef="id-f5f2485a1f9d4f6fa09d816a33138213" xsi:type="Relationship" source="id-f1ad8c22cce64117be726fca9ae33655" target="id-deff6d91f41b47e598c3581feb5e7b1d">
          <style>
            <lineColor r="0" g="0" b="0" />
            <font name="Lucida Grande" size="12">
              <color r="0" g="0" b="0" />
            </font>
          </style>
          <bendpoint x="864" y="180" />
        </connection>
        <connection identifier="id-96b73f6df1fc4e7f9a5c81c5689910e1" relationshipRef="id-e44a6bb24620446b80cb58c8f9e0c237" xsi:type="Relationship" source="id-feb1a506c27745868f455a9c93ffff3d" target="id-b71edc82ead24d7db941c0f7e417deac">
          <style>
            <lineColor r="0" g="0" b="0" />
            <font name="Lucida Grande" size="12">
              <color r="0" g="0" b="0" />
            </font>
          </style>
          <bendpoint x="1428" y="360" />
          <bendpoint x="1428" y="156" />
        </connection>
        <connection identifier="id-60471f84609d4c21b71b0395093251de" relationshipRef="id-c778e2aaa706491fb1302039aa38aa93" xsi:type="Relationship" source="id-feb1a506c27745868f455a9c93ffff3d" target="id-f1ad8c22cce64117be726fca9ae33655">
          <style>
            <lineColor r="0" g="0" b="0" />
            <font name="Lucida Grande" size="12">
              <color r="0" g="0" b="0" />
            </font>
          </style>
        </connection>
        <connection identifier="id-62600b716b4c49cf9157f9cf8edd6087" relationshipRef="id-d3b54f6a419241dbb290febc1bfddf7d" xsi:type="Relationship" source="id-feb1a506c27745868f455a9c93ffff3d" target="id-d89b38a2a3b948618a36f26bca9c6ff7">
          <style>
            <lineColor r="0" g="0" b="0" />
            <font name="Lucida Grande" size="12">
              <color r="0" g="0" b="0" />
            </font>
          </style>
          <bendpoint x="408" y="348" />
        </connection>
        <connection identifier="id-0c528baabcba47c38dd9ab91aef5a781" relationshipRef="id-b52848461dc543f99180a00ee9b9cbe7" xsi:type="Relationship" source="id-feb1a506c27745868f455a9c93ffff3d" target="id-15cc59fac93b4a62a8dceff11d409fa3">
          <style>
            <lineColor r="0" g="0" b="0" />
            <font name="Lucida Grande" size="12">
              <color r="0" g="0" b="0" />
            </font>
          </style>
          <bendpoint x="786" y="311" />
        </connection>
        <connection identifier="id-6e59cd445425439b88b3fb21b7419b88" relationshipRef="id-6af178924a0546e8a92da51fa6abb6f3" xsi:type="Relationship" source="id-b71edc82ead24d7db941c0f7e417deac" target="id-f1ad8c22cce64117be726fca9ae33655">
          <style>
            <lineColor r="0" g="0" b="0" />
            <font name="Lucida Grande" size="12">
              <color r="0" g="0" b="0" />
            </font>
          </style>
        </connection>
        <connection identifier="id-2bd01279f99c4728a46413ee673f7256" relationshipRef="id-51110d7e1b7043c189b8bb00489a240c" xsi:type="Relationship" source="id-1caf44fe5dc940c1b5a66d17728afb7b" target="id-f1ad8c22cce64117be726fca9ae33655">
          <style>
            <lineColor r="0" g="0" b="0" />
            <font name="Lucida Grande" size="12">
              <color r="0" g="0" b="0" />
            </font>
          </style>
          <bendpoint x="1068" y="85" />
        </connection>
        <connection identifier="id-d44bbb0e7fa64149b244c6202ed927e6" relationshipRef="id-d44e38207a3e45ddb2ae19ba22528f57" xsi:type="Relationship" source="id-630b671957644b06ba5ba512448d5a4c" target="id-f1ad8c22cce64117be726fca9ae33655">
          <style>
            <lineColor r="0" g="0" b="0" />
            <font name="Lucida Grande" size="12">
              <color r="0" g="0" b="0" />
            </font>
          </style>
          <bendpoint x="1152" y="96" />
        </connection>
        <connection identifier="id-3ead90eedde64e2f93f25a5d80b811a5" relationshipRef="id-7f863e739c634d5dbdcda0c08ccb0749" xsi:type="Relationship" source="id-ebaa66b71f074bceb5cbed0a9e73d607" target="id-f1ad8c22cce64117be726fca9ae33655">
          <style>
            <lineColor r="0" g="0" b="0" />
            <font name="Lucida Grande" size="12">
              <color r="0" g="0" b="0" />
            </font>
          </style>
          <bendpoint x="1104" y="96" />
        </connection>
        <connection identifier="id-b038341d6f9b4b179c8f35ceb990a93f" relationshipRef="id-f2e2b4dcd5374e77a1b725923bd9f9fe" xsi:type="Relationship" source="id-588117bf6cda4ad0b15723c6b9de672a" target="id-b7088caa05234f4a91aa52f2803a166c">
          <style>
            <lineColor r="0" g="0" b="0" />
            <font name="Lucida Grande" size="12">
              <color r="0" g="0" b="0" />
            </font>
          </style>
          <bendpoint x="804" y="168" />
        </connection>
        <connection identifier="id-ca0fef9d1030403f83b3dcbbe6c99a60" relationshipRef="id-29f7d8eae11040959338d77057f3cc3b" xsi:type="Relationship" source="id-6b29b9036ce34709ba92e252622d3f2f" target="id-f1ad8c22cce64117be726fca9ae33655">
          <style>
            <lineColor r="0" g="0" b="0" />
            <font name="Lucida Grande" size="12">
              <color r="0" g="0" b="0" />
            </font>
          </style>
          <bendpoint x="1122" y="73" />
        </connection>
        <connection identifier="id-a562eb685d2a4ec4a52fc75b197fc98b" relationshipRef="id-3e29801f6d2044bca6530b5de96fbdd9" xsi:type="Relationship" source="id-5e3e64d802304ca38594b791b775fe5f" target="id-deff6d91f41b47e598c3581feb5e7b1d">
          <style>
            <lineColor r="0" g="0" b="0" />
            <font name="Lucida Grande" size="12">
              <color r="0" g="0" b="0" />
            </font>
          </style>
        </connection>
        <connection identifier="id-1f6e610e30b9496284c14ed991655c37" relationshipRef="id-19af7c96b3244195a3e1de0def1fda4f" xsi:type="Relationship" source="id-5e3e64d802304ca38594b791b775fe5f" target="id-beabe0233c73448e8dfa70f6426e9178">
          <style>
            <lineColor r="0" g="0" b="0" />
            <font name="Lucida Grande" size="12">
              <color r="0" g="0" b="0" />
            </font>
          </style>
          <bendpoint x="437" y="77" />
        </connection>
        <connection identifier="id-b3cb086f3f5a4fd992bf5f9dc3092fad" relationshipRef="id-ff048a786c0240e195031374780580a1" xsi:type="Relationship" source="id-5e3e64d802304ca38594b791b775fe5f" target="id-588117bf6cda4ad0b15723c6b9de672a">
          <style>
            <lineColor r="0" g="0" b="0" />
            <font name="Lucida Grande" size="12">
              <color r="0" g="0" b="0" />
            </font>
          </style>
        </connection>
        <connection identifier="id-eca545b8053a4574b9dcdef486f4e8a8" relationshipRef="id-71cdbf7382c14ffe82306ce7c61085a3" xsi:type="Relationship" source="id-5e3e64d802304ca38594b791b775fe5f" target="id-831fc8a929ea4fcc987540f08845932e">
          <style>
            <lineColor r="0" g="0" b="0" />
            <font name="Lucida Grande" size="12">
              <color r="0" g="0" b="0" />
            </font>
          </style>
          <bendpoint x="72" y="60" />
        </connection>
        <connection identifier="id-ce9739762f9e4bd28b2533eb1e402c71" relationshipRef="id-1284f3d6bc854e5db5e05bef005e643e" xsi:type="Relationship" source="id-57a8f4b9fc03485ea09ef0fadcfac940" target="id-63498a036d63499b80aebc68d77887df">
          <style>
            <lineColor r="0" g="0" b="0" />
            <font name="Lucida Grande" size="12">
              <color r="0" g="0" b="0" />
            </font>
          </style>
        </connection>
        <connection identifier="id-f4310602739b40c99152b9a89e8786a1" relationshipRef="id-4a4f5a8b53fb4c15a690aaa1b17f28ff" xsi:type="Relationship" source="id-57a8f4b9fc03485ea09ef0fadcfac940" target="id-f9ce54439a264b9b952e5c8e67a3fec0">
          <style>
            <lineColor r="0" g="0" b="0" />
            <font name="Lucida Grande" size="12">
              <color r="0" g="0" b="0" />
            </font>
          </style>
          <bendpoint x="516" y="865" />
          <bendpoint x="1076" y="865" />
        </connection>
        <connection identifier="id-cc1461d850fe4bf093e5eb1f354006d1" relationshipRef="id-49ca8b0b94544e25ae49e56d393bba7d" xsi:type="Relationship" source="id-57a8f4b9fc03485ea09ef0fadcfac940" target="id-1a942e2d9f74440aa169825a46928972">
          <style>
            <lineColor r="0" g="0" b="0" />
            <font name="Lucida Grande" size="12">
              <color r="0" g="0" b="0" />
            </font>
          </style>
          <bendpoint x="240" y="793" />
        </connection>
        <connection identifier="id-b7fa8ab9e5e54d22a87eedabf29f0ef1" relationshipRef="id-bbc787cc894d434a80f9498060cf2a01" xsi:type="Relationship" source="id-57a8f4b9fc03485ea09ef0fadcfac940" target="id-c1c5d1bef49b42c6a7ae6562f291a982">
          <style>
            <lineColor r="0" g="0" b="0" />
            <font name="Lucida Grande" size="12">
              <color r="0" g="0" b="0" />
            </font>
          </style>
          <bendpoint x="432" y="948" />
        </connection>
        <connection identifier="id-37c15463bc3e4280aff13f45e737133f" relationshipRef="id-cdff8f329e7d408abeb085199d72fca9" xsi:type="Relationship" source="id-57a8f4b9fc03485ea09ef0fadcfac940" target="id-bdd0ea7a98fb4ebcaec749ded90c63f3">
          <style>
            <lineColor r="0" g="0" b="0" />
            <font name="Lucida Grande" size="12">
              <color r="0" g="0" b="0" />
            </font>
          </style>
        </connection>
        <connection identifier="id-f94b66f40e034e6a929a1eda5f14c0bc" relationshipRef="id-3cfbbc7995454e1488ba00df83469bd0" xsi:type="Relationship" source="id-57a8f4b9fc03485ea09ef0fadcfac940" target="id-5721634201ac4d468341b06acbfc5cec">
          <style>
            <lineColor r="0" g="0" b="0" />
            <font name="Lucida Grande" size="12">
              <color r="0" g="0" b="0" />
            </font>
          </style>
        </connection>
        <connection identifier="id-d1bddeac5cb64b6bac71e4fa411c8cc9" relationshipRef="id-93916fbadeea42269afc75fcf1ae77a3" xsi:type="Relationship" source="id-f9ce54439a264b9b952e5c8e67a3fec0" target="id-31297f85bbef40ada21445b7fd633d86">
          <style>
            <lineColor r="0" g="0" b="0" />
            <font name="Lucida Grande" size="12">
              <color r="0" g="0" b="0" />
            </font>
          </style>
        </connection>
        <connection identifier="id-d2680da951a54b4aaafb544805f29e9f" relationshipRef="id-48a79d6fcb8f42ef960f794297fa8c29" xsi:type="Relationship" source="id-f9ce54439a264b9b952e5c8e67a3fec0" target="id-57a8f4b9fc03485ea09ef0fadcfac940">
          <style>
            <lineColor r="0" g="0" b="0" />
            <font name="Lucida Grande" size="12">
              <color r="0" g="0" b="0" />
            </font>
          </style>
          <bendpoint x="1100" y="889" />
          <bendpoint x="480" y="889" />
        </connection>
        <connection identifier="id-ad745de616ce4814977ea1020f997de8" relationshipRef="id-c483f27908a44cfe80a2256061b75e44" xsi:type="Relationship" source="id-31297f85bbef40ada21445b7fd633d86" target="id-4ef991f8f07d453ca951e6c54169d962">
          <style>
            <lineColor r="0" g="0" b="0" />
            <font name="Lucida Grande" size="12">
              <color r="0" g="0" b="0" />
            </font>
          </style>
        </connection>
        <connection identifier="id-6dc951b49bc146b0b71fdd4e12232788" relationshipRef="id-4c88195bede3436ea08f354ec42732da" xsi:type="Relationship" source="id-4ef991f8f07d453ca951e6c54169d962" target="id-f1ad8c22cce64117be726fca9ae33655">
          <style>
            <lineColor r="0" g="0" b="0" />
            <font name="Lucida Grande" size="12">
              <color r="0" g="0" b="0" />
            </font>
          </style>
        </connection>
        <connection identifier="id-daef5dfb941f4949ac36dc2ec5256752" relationshipRef="id-388486e199824e7eab7de75d6f00d2ee" xsi:type="Relationship" source="id-63498a036d63499b80aebc68d77887df" target="id-902bab5a366b4fa2aa1c810b0c5f1dcd">
          <style>
            <lineColor r="0" g="0" b="0" />
            <font name="Lucida Grande" size="12">
              <color r="0" g="0" b="0" />
            </font>
          </style>
          <bendpoint x="311" y="684" />
        </connection>
        <connection identifier="id-fab1bc81fcb44593811d3c804ae04b48" relationshipRef="id-2fb4d50304c448c3a58ef528feb95292" xsi:type="Relationship" source="id-63498a036d63499b80aebc68d77887df" target="id-a23eac591d7943f8b8a9de7057b108f2">
          <style>
            <lineColor r="0" g="0" b="0" />
            <font name="Lucida Grande" size="12">
              <color r="0" g="0" b="0" />
            </font>
          </style>
        </connection>
        <connection identifier="id-bb1885aecf294ef7af860fd656c828d4" relationshipRef="id-6e7411010e954bf3875afd3258858319" xsi:type="Relationship" source="id-63498a036d63499b80aebc68d77887df" target="id-3028eeb7a0984b91962d44d70ccb084a">
          <style>
            <lineColor r="0" g="0" b="0" />
            <font name="Lucida Grande" size="12">
              <color r="0" g="0" b="0" />
            </font>
          </style>
          <bendpoint x="581" y="684" />
        </connection>
        <connection identifier="id-09488736ea334b199db7b964d91c62dc" relationshipRef="id-28f8690e3bb94f70808d590b98e4b178" xsi:type="Relationship" source="id-63498a036d63499b80aebc68d77887df" target="id-d4c74cd0e3bc467dbb5be6c5a9b79bcf">
          <style>
            <lineColor r="0" g="0" b="0" />
            <font name="Lucida Grande" size="12">
              <color r="0" g="0" b="0" />
            </font>
          </style>
          <bendpoint x="696" y="696" />
        </connection>
        <connection identifier="id-b613cc7fc6c8466c811a12fc1086a307" relationshipRef="id-6bab22a434f8498aa65f3057b8a8a1d6" xsi:type="Relationship" source="id-902bab5a366b4fa2aa1c810b0c5f1dcd" target="id-d89b38a2a3b948618a36f26bca9c6ff7">
          <style>
            <lineColor r="0" g="0" b="0" />
            <font name="Lucida Grande" size="12">
              <color r="0" g="0" b="0" />
            </font>
          </style>
        </connection>
        <connection identifier="id-de6e82e3ea104f3582da56dba8ad0756" relationshipRef="id-3e5ba341aa9f4458b9f2372571944243" xsi:type="Relationship" source="id-1a942e2d9f74440aa169825a46928972" target="id-77c1ecbd22ce4f51974ceaf268eb630a">
          <style>
            <lineColor r="0" g="0" b="0" />
            <font name="Lucida Grande" size="12">
              <color r="0" g="0" b="0" />
            </font>
          </style>
        </connection>
        <connection identifier="id-4ecbaa0b57634dd9867c2cd7a66489ed" relationshipRef="id-66d18dc2dc524267a9e3a35bf3e33cc2" xsi:type="Relationship" source="id-1a942e2d9f74440aa169825a46928972" target="id-57a8f4b9fc03485ea09ef0fadcfac940">
          <style>
            <lineColor r="0" g="0" b="0" />
            <font name="Lucida Grande" size="12">
              <color r="0" g="0" b="0" />
            </font>
          </style>
          <bendpoint x="248" y="819" />
        </connection>
        <connection identifier="id-035dd93c424c43e0b6761148c8161d9f" relationshipRef="id-bfd92d6f6fc14699b54edf37ada1ee3f" xsi:type="Relationship" source="id-77c1ecbd22ce4f51974ceaf268eb630a" target="id-84a015cce1294905b779f3c3084112af">
          <style>
            <lineColor r="0" g="0" b="0" />
            <font name="Lucida Grande" size="12">
              <color r="0" g="0" b="0" />
            </font>
          </style>
        </connection>
        <connection identifier="id-b26d2ef1bcdd4d238c901c1998aeb1a6" relationshipRef="id-3b3c5893e53648e2aa920c1bde7cdcc8" xsi:type="Relationship" source="id-84a015cce1294905b779f3c3084112af" target="id-c815806e888c4f768e9c86d0550c350a">
          <style>
            <lineColor r="0" g="0" b="0" />
            <font name="Lucida Grande" size="12">
              <color r="0" g="0" b="0" />
            </font>
          </style>
        </connection>
        <connection identifier="id-449753e369af4b02906855da11345abe" relationshipRef="id-b535d6a9795b481996382d065d1ca837" xsi:type="Relationship" source="id-c815806e888c4f768e9c86d0550c350a" target="id-831fc8a929ea4fcc987540f08845932e">
          <style>
            <lineColor r="0" g="0" b="0" />
            <font name="Lucida Grande" size="12">
              <color r="0" g="0" b="0" />
            </font>
          </style>
        </connection>
        <connection identifier="id-5e6ba0da03cb4123956f37559cba2ef9" relationshipRef="id-ea5eab380ca0474baf3135f52071f0ce" xsi:type="Relationship" source="id-d89b38a2a3b948618a36f26bca9c6ff7" target="id-beabe0233c73448e8dfa70f6426e9178">
          <style>
            <lineColor r="0" g="0" b="0" />
            <font name="Lucida Grande" size="12">
              <color r="0" g="0" b="0" />
            </font>
          </style>
          <bendpoint x="300" y="156" />
        </connection>
        <connection identifier="id-9d64283266014761931d018a706de83a" relationshipRef="id-aaac40552fa4478991f6beecf09ee05f" xsi:type="Relationship" source="id-d89b38a2a3b948618a36f26bca9c6ff7" target="id-b7088caa05234f4a91aa52f2803a166c">
          <style>
            <lineColor r="0" g="0" b="0" />
            <font name="Lucida Grande" size="12">
              <color r="0" g="0" b="0" />
            </font>
          </style>
          <bendpoint x="396" y="252" />
        </connection>
        <connection identifier="id-34b39cb93bc64a11ac3ffbebc32277d4" relationshipRef="id-2583cf5a1de9403f8a7f0a9326b24a7f" xsi:type="Relationship" source="id-a23eac591d7943f8b8a9de7057b108f2" target="id-69dfa205cbdd4802ab7b7d35bc0eb637">
          <style>
            <lineColor r="0" g="0" b="0" />
            <font name="Lucida Grande" size="12">
              <color r="0" g="0" b="0" />
            </font>
          </style>
        </connection>
        <connection identifier="id-4acbed47db5c484f85258d6060150317" relationshipRef="id-ce0ab6ef50f64469ba8ff42d480ce4da" xsi:type="Relationship" source="id-69dfa205cbdd4802ab7b7d35bc0eb637" target="id-b7088caa05234f4a91aa52f2803a166c">
          <style>
            <lineColor r="0" g="0" b="0" />
            <font name="Lucida Grande" size="12">
              <color r="0" g="0" b="0" />
            </font>
          </style>
          <bendpoint x="432" y="276" />
        </connection>
        <connection identifier="id-a30fe96a61b4408f91a9006c9ac02d9a" relationshipRef="id-42967d8bf4a14b98a212e57fe1bfe584" xsi:type="Relationship" source="id-69dfa205cbdd4802ab7b7d35bc0eb637" target="id-beabe0233c73448e8dfa70f6426e9178">
          <style>
            <lineColor r="0" g="0" b="0" />
            <font name="Lucida Grande" size="12">
              <color r="0" g="0" b="0" />
            </font>
          </style>
          <bendpoint x="402" y="311" />
        </connection>
        <connection identifier="id-a3593500ecfe47179293f9a3749e5148" relationshipRef="id-ea216c228e8c437496d385d2ae68cd18" xsi:type="Relationship" source="id-6142127e5214461b87b09fa6cffe34dc" target="id-feb1a506c27745868f455a9c93ffff3d">
          <style>
            <lineColor r="0" g="0" b="0" />
            <font name="Lucida Grande" size="12">
              <color r="0" g="0" b="0" />
            </font>
          </style>
          <bendpoint x="840" y="700" />
        </connection>
        <connection identifier="id-b9c779a858f945afb28630305d129415" relationshipRef="id-331971265a4c4493a52e1ca89a04e1fc" xsi:type="Relationship" source="id-6142127e5214461b87b09fa6cffe34dc" target="id-c1c5d1bef49b42c6a7ae6562f291a982">
          <style>
            <lineColor r="0" g="0" b="0" />
            <font name="Lucida Grande" size="12">
              <color r="0" g="0" b="0" />
            </font>
          </style>
          <bendpoint x="708" y="1056" />
        </connection>
        <connection identifier="id-d01a122306ab468f95789ba2806a1a91" relationshipRef="id-1203c1b935484cafb4ca5e24d900f716" xsi:type="Relationship" source="id-c1c5d1bef49b42c6a7ae6562f291a982" target="id-57a8f4b9fc03485ea09ef0fadcfac940">
          <style>
            <lineColor r="0" g="0" b="0" />
            <font name="Lucida Grande" size="12">
              <color r="0" g="0" b="0" />
            </font>
          </style>
          <bendpoint x="456" y="936" />
        </connection>
        <connection identifier="id-49ab44e0cd1740a8be82d348f657311c" relationshipRef="id-e0c8030079ad434ea2979026dd6ecdbc" xsi:type="Relationship" source="id-c1c5d1bef49b42c6a7ae6562f291a982" target="id-52b3b107c61a430b972044b7448b5f03">
          <style>
            <lineColor r="0" g="0" b="0" />
            <font name="Lucida Grande" size="12">
              <color r="0" g="0" b="0" />
            </font>
          </style>
        </connection>
        <connection identifier="id-645e2cbac1b346508627bad0c96a978e" relationshipRef="id-1662851addd54b74ab15e15fa3ca9c5b" xsi:type="Relationship" source="id-c1c5d1bef49b42c6a7ae6562f291a982" target="id-6142127e5214461b87b09fa6cffe34dc">
          <style>
            <lineColor r="0" g="0" b="0" />
            <font name="Lucida Grande" size="12">
              <color r="0" g="0" b="0" />
            </font>
          </style>
          <bendpoint x="816" y="936" />
        </connection>
        <connection identifier="id-478d5509844f4f6fa9be46d67e4ea929" relationshipRef="id-a066fc17d7ff4ff8bb695204bedbe00e" xsi:type="Relationship" source="id-3028eeb7a0984b91962d44d70ccb084a" target="id-01f5f86e948345f8b37101c2df364a68">
          <style>
            <lineColor r="0" g="0" b="0" />
            <font name="Lucida Grande" size="12">
              <color r="0" g="0" b="0" />
            </font>
          </style>
        </connection>
        <connection identifier="id-d67288c5f97a4db58376ff81926b2470" relationshipRef="id-d0f81997ebb44aa7bc5e9d40e7c1cc16" xsi:type="Relationship" source="id-01f5f86e948345f8b37101c2df364a68" target="id-beabe0233c73448e8dfa70f6426e9178">
          <style>
            <lineColor r="0" g="0" b="0" />
            <font name="Lucida Grande" size="12">
              <color r="0" g="0" b="0" />
            </font>
          </style>
          <bendpoint x="516" y="264" />
          <bendpoint x="444" y="264" />
        </connection>
        <connection identifier="id-b352ed7057c9476f9b272b2e29cc962a" relationshipRef="id-0fce68469bb9429ca796590eb8a780df" xsi:type="Relationship" source="id-bdd0ea7a98fb4ebcaec749ded90c63f3" target="id-feb1a506c27745868f455a9c93ffff3d">
          <style>
            <lineColor r="0" g="0" b="0" />
            <font name="Lucida Grande" size="12">
              <color r="0" g="0" b="0" />
            </font>
          </style>
          <bendpoint x="816" y="598" />
        </connection>
        <connection identifier="id-46bdd0d7164c4863a39c255a7f81e3bc" relationshipRef="id-16757dbe217645cfbe1c069bfa213012" xsi:type="Relationship" source="id-0f5e8badeb3543488c69027a43aec9cf" target="id-57a8f4b9fc03485ea09ef0fadcfac940">
          <style>
            <lineColor r="0" g="0" b="0" />
            <font name="Lucida Grande" size="12">
              <color r="0" g="0" b="0" />
            </font>
          </style>
          <bendpoint x="409" y="937" />
        </connection>
        <connection identifier="id-d983a59cec514942b0089632723038dc" relationshipRef="id-20fa5a69ad6c4563bf10e19b3363564f" xsi:type="Relationship" source="id-d4c74cd0e3bc467dbb5be6c5a9b79bcf" target="id-0e44c88b62cb43a383f3485c2681baf3">
          <style>
            <lineColor r="0" g="0" b="0" />
            <font name="Lucida Grande" size="12">
              <color r="0" g="0" b="0" />
            </font>
          </style>
        </connection>
        <connection identifier="id-c07fddd81bae42c189a69a514e3b02e3" relationshipRef="id-4eecd4d8107447ca9a72229a20ccfbf7" xsi:type="Relationship" source="id-0e44c88b62cb43a383f3485c2681baf3" target="id-beabe0233c73448e8dfa70f6426e9178">
          <style>
            <lineColor r="0" g="0" b="0" />
            <font name="Lucida Grande" size="12">
              <color r="0" g="0" b="0" />
            </font>
          </style>
          <bendpoint x="684" y="228" />
          <bendpoint x="480" y="228" />
        </connection>
        <connection identifier="id-38a4ec1cb5054780a3e40ac462e47e30" relationshipRef="id-dd1afdeb01254455bc41c72bcd733079" xsi:type="Relationship" source="id-c0b297afad0146e6b6fcff5350f3beb7" target="id-57a8f4b9fc03485ea09ef0fadcfac940">
          <style>
            <lineColor r="0" g="0" b="0" />
            <font name="Lucida Grande" size="12">
              <color r="0" g="0" b="0" />
            </font>
          </style>
          <bendpoint x="385" y="1009" />
        </connection>
        <connection identifier="id-180c368b5a6c467497d7543a4ca256cd" relationshipRef="id-ba8ad00485314209b9848ed6bc3b31e3" xsi:type="Relationship" source="id-5721634201ac4d468341b06acbfc5cec" target="id-feb1a506c27745868f455a9c93ffff3d">
          <style>
            <lineColor r="0" g="0" b="0" />
            <font name="Lucida Grande" size="12">
              <color r="0" g="0" b="0" />
            </font>
          </style>
          <bendpoint x="792" y="564" />
        </connection>
        <connection identifier="id-258d665e857d41df87844dd7aae59845" relationshipRef="id-2e405f67dd7740c3ba3913a3f2753a78" xsi:type="Relationship" source="id-dead523ead844ef894ec7a7a9e0342b3" target="id-57a8f4b9fc03485ea09ef0fadcfac940">
          <style>
            <lineColor r="0" g="0" b="0" />
            <font name="Lucida Grande" size="12">
              <color r="0" g="0" b="0" />
            </font>
          </style>
          <bendpoint x="361" y="993" />
        </connection>
        <connection identifier="id-4caf287276da4012a8e535b1d404f1da" relationshipRef="id-80cd642eab4c4de59b9781152c4214e6" xsi:type="Relationship" source="id-15cc59fac93b4a62a8dceff11d409fa3" target="id-d89b38a2a3b948618a36f26bca9c6ff7">
          <style>
            <lineColor r="0" g="0" b="0" />
            <font name="Lucida Grande" size="12">
              <color r="0" g="0" b="0" />
            </font>
          </style>
        </connection>
        <connection identifier="id-112ea289bebc4b43a21e1646e2d4b096" relationshipRef="id-9ba3d3d51f8a496fa42d3650251284fd" xsi:type="Relationship" source="id-aac50f38026243f888bfef9d3a3813a6" target="id-f9ce54439a264b9b952e5c8e67a3fec0">
          <style>
            <lineColor r="0" g="0" b="0" />
            <font name="Lucida Grande" size="12">
              <color r="0" g="0" b="0" />
            </font>
          </style>
          <bendpoint x="1128" y="913" />
        </connection>
        <connection identifier="id-43039db51eb34922b53f0fd9101cf2f8" relationshipRef="id-efdf11422e544381a0bb5c217344af9e" xsi:type="Relationship" source="id-e78b9dee7d53413188dd206d679413cb" target="id-57a8f4b9fc03485ea09ef0fadcfac940">
          <style>
            <lineColor r="0" g="0" b="0" />
            <font name="Lucida Grande" size="12">
              <color r="0" g="0" b="0" />
            </font>
          </style>
          <bendpoint x="148" y="953" />
          <bendpoint x="344" y="927" />
        </connection>
        <connection identifier="id-9f1c26d65b1449a192213045d520cf00" relationshipRef="id-4789a4262af74726b3820dca7837cfa3" xsi:type="Relationship" source="id-5a14827a58f84a5ea455a27cba593a1e" target="id-1a942e2d9f74440aa169825a46928972">
          <style>
            <lineColor r="0" g="0" b="0" />
            <font name="Lucida Grande" size="12">
              <color r="0" g="0" b="0" />
            </font>
          </style>
        </connection>
        <connection identifier="id-0d787eae081d42f791ebcca1221529a7" relationshipRef="id-1742e6068452436481b5592a1f8c98ea" xsi:type="Relationship" source="id-5a14827a58f84a5ea455a27cba593a1e" target="id-57a8f4b9fc03485ea09ef0fadcfac940">
          <style>
            <lineColor r="0" g="0" b="0" />
            <font name="Lucida Grande" size="12">
              <color r="0" g="0" b="0" />
            </font>
          </style>
        </connection>
      </view>
    </diagrams>
  </views>
</model>
