{"identifier":"https://me.big.tuwien.ac.at/EAModelSet/id-df2d3843eb53490cb056680f3bad13b0","archimateId":"id-df2d3843eb53490cb056680f3bad13b0","name":"diagrama2","description":"","formats":["XML","CSV","JSON","ARCHIMATE"],"source":"GitHub","sourceFile":"raw-data/github/archimate/2diagrama.archimate","sourceFormat":"ARCHIMATE","timestamp":"29-06-2023 09:30:51","tags":[],"duplicates":[],"language":"pt","elements":[{"id":"id-e3face735ace4709832bfcc831e7b148","name":"Processo de Contrato","type":"BusinessProcess","layer":"business"},{"id":"id-749c4b787314450b900690b802407e5c","name":"Cliente","type":"BusinessActor","layer":"business"},{"id":"id-6a013b0492e548ea8a2efd7ee753228a","name":"Pede um contrato","type":"BusinessEvent","layer":"business"},{"id":"id-072b7e794db44e7c9dec01ae3bf51a17","name":"CDep","type":"BusinessActor","layer":"business"},{"id":"id-a3117ec86fc8476c95086c147cd30781","name":"LDep","type":"BusinessActor","layer":"business"},{"id":"id-7008da62c73147ffb02625cd48092100","name":"TDep","type":"BusinessActor","layer":"business"},{"id":"id-a9af5989cd934e579dadd332319fd28d","name":"Contrato","type":"Contract","layer":"business"},{"id":"id-aa4886cacd07493bb8dccf43d35103ad","name":"CA","type":"BusinessRole","layer":"business"},{"id":"id-b58eb762968b4a49a8cea617a518e20c","name":"Pretensão de contrato","type":"BusinessObject","layer":"business"},{"id":"id-66d56a333a3041fe8aca46421858ed37","name":"SATX","type":"Product","layer":"business"},{"id":"id-b2c37fd355104273a3e11a3f02710041","name":"Gestão de contrato","type":"BusinessService","layer":"business"},{"id":"id-f5b932504f1742789afc9eda81746514","name":"SLA","type":"BusinessObject","layer":"business"},{"id":"id-3cae803d3dd6479aa4b62e4cdc5b0198","name":"Suporte às operações","type":"BusinessService","layer":"business"},{"id":"id-60ca3c494fd04108855aac17149a3724","name":"Análise de dados","type":"BusinessService","layer":"business"},{"id":"id-0c8a4c68ca3445fe87175add09fc30cb","name":"Análise da estrutura de dados","type":"BusinessProcess","layer":"business"},{"id":"id-04e963435a14499588ef76c331f07159","name":"Modificações ao SLA","type":"BusinessProcess","layer":"business"},{"id":"id-84b368bbe7b74edbbef5cea300ee1ade","name":"Registo de todos os factos","type":"BusinessProcess","layer":"business"},{"id":"id-fafeeb9497e74885919aa0dc15b76490","name":"Envio dos pacotes","type":"BusinessProcess","layer":"business"},{"id":"id-85df94d0c022433c963968e65a56129c","name":"Reencaminhamento de resultados","type":"BusinessProcess","layer":"business"},{"id":"id-c32d60fd0d614860846475802e954e0b","name":"SLA Modificações","type":"BusinessEvent","layer":"business"},{"id":"id-f24dfaa6313b453fbb543ad1f802116c","name":"SATIS","type":"ApplicationComponent","layer":"application"},{"id":"id-f0483d67ac93462398cde746c34b7313","name":"SPXCRM","type":"ApplicationComponent","layer":"application"},{"id":"id-acf9527d578342648df2b5a9b738b5d9","name":"Registo de propostas de contratos e contratos em vigor","type":"ApplicationFunction","layer":"application"},{"id":"id-95ffc33793d147f5b859d2c347fdd202","name":"Administração de contratos","type":"ApplicationService","layer":"application"},{"id":"id-93f6a8e9be724116aa961fa58b7e0ecd","name":"Suporte","type":"ApplicationFunction","layer":"application"},{"id":"id-652fb7cbae8b47308bdf137afefa1068","name":"Serviço de suporte às operações contratadas","type":"ApplicationService","layer":"application"},{"id":"id-2e466022e4f14a7d98a3df48a69d2d9b","name":"SPXSMT","type":"ApplicationComponent","layer":"application"},{"id":"id-f8e5634d60714c4d9373e2411d92ec56","name":"Análise","type":"ApplicationFunction","layer":"application"},{"id":"id-6ddbd95651cd463aa8f09c940825e0b3","name":"Análise de dados","type":"ApplicationService","layer":"application"},{"id":"id-50072633884348bc95ed533ced1f5243","name":"Registo dos factos dos pacotes","type":"ApplicationService","layer":"application"},{"id":"id-4b3afff939874e6e8378727d0e6b13b4","name":"Envio dos pacotes da estação","type":"ApplicationService","layer":"application"},{"id":"id-36a4205026434f54a507a74ac6750926","name":"Acesso HTML","type":"ApplicationInterface","layer":"application"},{"id":"id-9031639c1ddc44239c8b2898355d2ee1","name":"Reencaminhamento dos resultados","type":"ApplicationService","layer":"application"},{"id":"id-fc2fd4b3d5024cefba34bfdddc53cd1f","name":"Acesso mobile app","type":"ApplicationInterface","layer":"application"},{"id":"id-a06a020b32864f339b03f87c055ff0f0","name":"Sistema operativo linux","type":"TechnologyInterface","layer":"technology"},{"id":"id-d11002c7d9874890b32ac241bbcb0f04","name":"Máquina virtual Java","type":"TechnologyInterface","layer":"technology"},{"id":"id-7c27eecda38545a687eedcdef72ba7f1","name":"Satélite artificial","type":"Node","layer":"technology"},{"id":"id-295c043b459946369c5cc34c9ad01593","name":"SATNET","type":"CommunicationNetwork","layer":"technology"},{"id":"id-77bfcc5cbc244e7b840e152ae32d8eb9","name":"Estações terrestres","type":"Node","layer":"technology"},{"id":"id-05add16eb8404bcba0872f36a56e35a6","name":"HTML online","type":"Device","layer":"technology"},{"id":"id-10056fa6554e4481a64408baa2288fab","name":"Serviço web","type":"TechnologyService","layer":"technology"},{"id":"id-1064c51f6bcf439e86a4f91444cc7cba","name":"Mobile app","type":"SystemSoftware","layer":"technology"},{"id":"id-5246072bbdf6470f83910c005ed858ba","name":"Máquina virtual JAVA","type":"SystemSoftware","layer":"technology"},{"id":"id-f9b5647dcd294469a48fbf2d4557ecc8","name":"Sistema operativo linux","type":"SystemSoftware","layer":"technology"},{"id":"id-a7719212df004943ad8154d06ebc0a2b","name":"Rede Local","type":"CommunicationNetwork","layer":"technology"}],"relationships":[{"id":"id-e44a6bb24620446b80cb58c8f9e0c237","sourceId":"id-749c4b787314450b900690b802407e5c","targetId":"id-6a013b0492e548ea8a2efd7ee753228a","type":"TriggeringRelationship"},{"id":"id-7f863e739c634d5dbdcda0c08ccb0749","sourceId":"id-7008da62c73147ffb02625cd48092100","targetId":"id-e3face735ace4709832bfcc831e7b148","type":"AssignmentRelationship"},{"id":"id-51110d7e1b7043c189b8bb00489a240c","sourceId":"id-072b7e794db44e7c9dec01ae3bf51a17","targetId":"id-e3face735ace4709832bfcc831e7b148","type":"AssignmentRelationship"},{"id":"id-d44e38207a3e45ddb2ae19ba22528f57","sourceId":"id-a3117ec86fc8476c95086c147cd30781","targetId":"id-e3face735ace4709832bfcc831e7b148","type":"AssignmentRelationship"},{"id":"id-789952d953364d758cc2d67e51493981","sourceId":"id-e3face735ace4709832bfcc831e7b148","targetId":"id-a9af5989cd934e579dadd332319fd28d","type":"AccessRelationship"},{"id":"id-29f7d8eae11040959338d77057f3cc3b","sourceId":"id-aa4886cacd07493bb8dccf43d35103ad","targetId":"id-e3face735ace4709832bfcc831e7b148","type":"AssignmentRelationship"},{"id":"id-6af178924a0546e8a92da51fa6abb6f3","sourceId":"id-6a013b0492e548ea8a2efd7ee753228a","targetId":"id-e3face735ace4709832bfcc831e7b148","type":"TriggeringRelationship"},{"id":"id-d9e1d71b10ef49e187d59b77096d9085","sourceId":"id-6a013b0492e548ea8a2efd7ee753228a","targetId":"id-b58eb762968b4a49a8cea617a518e20c","type":"AccessRelationship"},{"id":"id-2f925013777145a392dfa056439b3bac","sourceId":"id-e3face735ace4709832bfcc831e7b148","targetId":"id-b58eb762968b4a49a8cea617a518e20c","type":"AccessRelationship"},{"id":"id-3e29801f6d2044bca6530b5de96fbdd9","sourceId":"id-66d56a333a3041fe8aca46421858ed37","targetId":"id-b2c37fd355104273a3e11a3f02710041","type":"CompositionRelationship"},{"id":"id-f5f2485a1f9d4f6fa09d816a33138213","sourceId":"id-e3face735ace4709832bfcc831e7b148","targetId":"id-b2c37fd355104273a3e11a3f02710041","type":"RealizationRelationship"},{"id":"id-f2e2b4dcd5374e77a1b725923bd9f9fe","sourceId":"id-a9af5989cd934e579dadd332319fd28d","targetId":"id-f5b932504f1742789afc9eda81746514","type":"CompositionRelationship"},{"id":"id-19af7c96b3244195a3e1de0def1fda4f","sourceId":"id-66d56a333a3041fe8aca46421858ed37","targetId":"id-3cae803d3dd6479aa4b62e4cdc5b0198","type":"CompositionRelationship"},{"id":"id-ff048a786c0240e195031374780580a1","sourceId":"id-66d56a333a3041fe8aca46421858ed37","targetId":"id-a9af5989cd934e579dadd332319fd28d","type":"CompositionRelationship"},{"id":"id-71cdbf7382c14ffe82306ce7c61085a3","sourceId":"id-66d56a333a3041fe8aca46421858ed37","targetId":"id-60ca3c494fd04108855aac17149a3724","type":"CompositionRelationship"},{"id":"id-93916fbadeea42269afc75fcf1ae77a3","sourceId":"id-f0483d67ac93462398cde746c34b7313","targetId":"id-acf9527d578342648df2b5a9b738b5d9","type":"AssignmentRelationship"},{"id":"id-c483f27908a44cfe80a2256061b75e44","sourceId":"id-acf9527d578342648df2b5a9b738b5d9","targetId":"id-95ffc33793d147f5b859d2c347fdd202","type":"RealizationRelationship"},{"id":"id-4c88195bede3436ea08f354ec42732da","sourceId":"id-95ffc33793d147f5b859d2c347fdd202","targetId":"id-e3face735ace4709832bfcc831e7b148","type":"ServingRelationship"},{"id":"id-1284f3d6bc854e5db5e05bef005e643e","sourceId":"id-f24dfaa6313b453fbb543ad1f802116c","targetId":"id-93f6a8e9be724116aa961fa58b7e0ecd","type":"AssignmentRelationship"},{"id":"id-388486e199824e7eab7de75d6f00d2ee","sourceId":"id-93f6a8e9be724116aa961fa58b7e0ecd","targetId":"id-652fb7cbae8b47308bdf137afefa1068","type":"RealizationRelationship"},{"id":"id-3e5ba341aa9f4458b9f2372571944243","sourceId":"id-2e466022e4f14a7d98a3df48a69d2d9b","targetId":"id-f8e5634d60714c4d9373e2411d92ec56","type":"AssignmentRelationship"},{"id":"id-bfd92d6f6fc14699b54edf37ada1ee3f","sourceId":"id-f8e5634d60714c4d9373e2411d92ec56","targetId":"id-6ddbd95651cd463aa8f09c940825e0b3","type":"RealizationRelationship"},{"id":"id-4d784f42fe0f46f5bb9473fb2732cb72","sourceId":"id-2e466022e4f14a7d98a3df48a69d2d9b","targetId":"id-f24dfaa6313b453fbb543ad1f802116c","type":"AssociationRelationship"},{"id":"id-3b3c5893e53648e2aa920c1bde7cdcc8","sourceId":"id-6ddbd95651cd463aa8f09c940825e0b3","targetId":"id-0c8a4c68ca3445fe87175add09fc30cb","type":"ServingRelationship"},{"id":"id-ea5eab380ca0474baf3135f52071f0ce","sourceId":"id-04e963435a14499588ef76c331f07159","targetId":"id-3cae803d3dd6479aa4b62e4cdc5b0198","type":"RealizationRelationship"},{"id":"id-b535d6a9795b481996382d065d1ca837","sourceId":"id-0c8a4c68ca3445fe87175add09fc30cb","targetId":"id-60ca3c494fd04108855aac17149a3724","type":"RealizationRelationship"},{"id":"id-3779d67815f244b7a5741c0e011e674a","sourceId":"id-a06a020b32864f339b03f87c055ff0f0","targetId":"id-f24dfaa6313b453fbb543ad1f802116c","type":"ServingRelationship"},{"id":"id-34aba264a0b34113a2520b29c208a156","sourceId":"id-d11002c7d9874890b32ac241bbcb0f04","targetId":"id-f0483d67ac93462398cde746c34b7313","type":"ServingRelationship"},{"id":"id-c778e2aaa706491fb1302039aa38aa93","sourceId":"id-749c4b787314450b900690b802407e5c","targetId":"id-e3face735ace4709832bfcc831e7b148","type":"AssignmentRelationship"},{"id":"id-48a79d6fcb8f42ef960f794297fa8c29","sourceId":"id-f0483d67ac93462398cde746c34b7313","targetId":"id-f24dfaa6313b453fbb543ad1f802116c","type":"FlowRelationship"},{"id":"id-4a4f5a8b53fb4c15a690aaa1b17f28ff","sourceId":"id-f24dfaa6313b453fbb543ad1f802116c","targetId":"id-f0483d67ac93462398cde746c34b7313","type":"FlowRelationship"},{"id":"id-d3b54f6a419241dbb290febc1bfddf7d","sourceId":"id-749c4b787314450b900690b802407e5c","targetId":"id-04e963435a14499588ef76c331f07159","type":"AssignmentRelationship"},{"id":"id-6bab22a434f8498aa65f3057b8a8a1d6","sourceId":"id-652fb7cbae8b47308bdf137afefa1068","targetId":"id-04e963435a14499588ef76c331f07159","type":"ServingRelationship"},{"id":"id-aaac40552fa4478991f6beecf09ee05f","sourceId":"id-04e963435a14499588ef76c331f07159","targetId":"id-f5b932504f1742789afc9eda81746514","type":"AccessRelationship"},{"id":"id-2fb4d50304c448c3a58ef528feb95292","sourceId":"id-93f6a8e9be724116aa961fa58b7e0ecd","targetId":"id-50072633884348bc95ed533ced1f5243","type":"RealizationRelationship"},{"id":"id-5add75ee672a4ce28c0704d06b2d7158","sourceId":"id-749c4b787314450b900690b802407e5c","targetId":"id-84b368bbe7b74edbbef5cea300ee1ade","type":"AssignmentRelationship"},{"id":"id-2583cf5a1de9403f8a7f0a9326b24a7f","sourceId":"id-50072633884348bc95ed533ced1f5243","targetId":"id-84b368bbe7b74edbbef5cea300ee1ade","type":"ServingRelationship"},{"id":"id-ce0ab6ef50f64469ba8ff42d480ce4da","sourceId":"id-84b368bbe7b74edbbef5cea300ee1ade","targetId":"id-f5b932504f1742789afc9eda81746514","type":"AccessRelationship"},{"id":"id-ea216c228e8c437496d385d2ae68cd18","sourceId":"id-7c27eecda38545a687eedcdef72ba7f1","targetId":"id-749c4b787314450b900690b802407e5c","type":"AssociationRelationship"},{"id":"id-331971265a4c4493a52e1ca89a04e1fc","sourceId":"id-7c27eecda38545a687eedcdef72ba7f1","targetId":"id-295c043b459946369c5cc34c9ad01593","type":"FlowRelationship"},{"id":"id-1203c1b935484cafb4ca5e24d900f716","sourceId":"id-295c043b459946369c5cc34c9ad01593","targetId":"id-f24dfaa6313b453fbb543ad1f802116c","type":"FlowRelationship"},{"id":"id-e0c8030079ad434ea2979026dd6ecdbc","sourceId":"id-295c043b459946369c5cc34c9ad01593","targetId":"id-77bfcc5cbc244e7b840e152ae32d8eb9","type":"AggregationRelationship"},{"id":"id-42967d8bf4a14b98a212e57fe1bfe584","sourceId":"id-84b368bbe7b74edbbef5cea300ee1ade","targetId":"id-3cae803d3dd6479aa4b62e4cdc5b0198","type":"RealizationRelationship"},{"id":"id-a066fc17d7ff4ff8bb695204bedbe00e","sourceId":"id-4b3afff939874e6e8378727d0e6b13b4","targetId":"id-fafeeb9497e74885919aa0dc15b76490","type":"ServingRelationship"},{"id":"id-d0f81997ebb44aa7bc5e9d40e7c1cc16","sourceId":"id-fafeeb9497e74885919aa0dc15b76490","targetId":"id-3cae803d3dd6479aa4b62e4cdc5b0198","type":"RealizationRelationship"},{"id":"id-49ca8b0b94544e25ae49e56d393bba7d","sourceId":"id-f24dfaa6313b453fbb543ad1f802116c","targetId":"id-2e466022e4f14a7d98a3df48a69d2d9b","type":"FlowRelationship"},{"id":"id-6e7411010e954bf3875afd3258858319","sourceId":"id-93f6a8e9be724116aa961fa58b7e0ecd","targetId":"id-4b3afff939874e6e8378727d0e6b13b4","type":"RealizationRelationship"},{"id":"id-bbc787cc894d434a80f9498060cf2a01","sourceId":"id-f24dfaa6313b453fbb543ad1f802116c","targetId":"id-295c043b459946369c5cc34c9ad01593","type":"FlowRelationship"},{"id":"id-cdff8f329e7d408abeb085199d72fca9","sourceId":"id-f24dfaa6313b453fbb543ad1f802116c","targetId":"id-36a4205026434f54a507a74ac6750926","type":"CompositionRelationship"},{"id":"id-0fce68469bb9429ca796590eb8a780df","sourceId":"id-36a4205026434f54a507a74ac6750926","targetId":"id-749c4b787314450b900690b802407e5c","type":"ServingRelationship"},{"id":"id-66d18dc2dc524267a9e3a35bf3e33cc2","sourceId":"id-2e466022e4f14a7d98a3df48a69d2d9b","targetId":"id-f24dfaa6313b453fbb543ad1f802116c","type":"FlowRelationship"},{"id":"id-16757dbe217645cfbe1c069bfa213012","sourceId":"id-05add16eb8404bcba0872f36a56e35a6","targetId":"id-f24dfaa6313b453fbb543ad1f802116c","type":"ServingRelationship"},{"id":"id-ed2762e115e54163b7e8a979f006e5d5","sourceId":"id-749c4b787314450b900690b802407e5c","targetId":"id-fafeeb9497e74885919aa0dc15b76490","type":"AssignmentRelationship"},{"id":"id-20fa5a69ad6c4563bf10e19b3363564f","sourceId":"id-9031639c1ddc44239c8b2898355d2ee1","targetId":"id-85df94d0c022433c963968e65a56129c","type":"ServingRelationship"},{"id":"id-526cca3fbb35421193bd1baf5aac37b2","sourceId":"id-749c4b787314450b900690b802407e5c","targetId":"id-85df94d0c022433c963968e65a56129c","type":"AssignmentRelationship"},{"id":"id-28f8690e3bb94f70808d590b98e4b178","sourceId":"id-93f6a8e9be724116aa961fa58b7e0ecd","targetId":"id-9031639c1ddc44239c8b2898355d2ee1","type":"RealizationRelationship"},{"id":"id-4eecd4d8107447ca9a72229a20ccfbf7","sourceId":"id-85df94d0c022433c963968e65a56129c","targetId":"id-3cae803d3dd6479aa4b62e4cdc5b0198","type":"RealizationRelationship"},{"id":"id-dd1afdeb01254455bc41c72bcd733079","sourceId":"id-10056fa6554e4481a64408baa2288fab","targetId":"id-f24dfaa6313b453fbb543ad1f802116c","type":"ServingRelationship"},{"id":"id-3cfbbc7995454e1488ba00df83469bd0","sourceId":"id-f24dfaa6313b453fbb543ad1f802116c","targetId":"id-fc2fd4b3d5024cefba34bfdddc53cd1f","type":"CompositionRelationship"},{"id":"id-ba8ad00485314209b9848ed6bc3b31e3","sourceId":"id-fc2fd4b3d5024cefba34bfdddc53cd1f","targetId":"id-749c4b787314450b900690b802407e5c","type":"ServingRelationship"},{"id":"id-2e405f67dd7740c3ba3913a3f2753a78","sourceId":"id-1064c51f6bcf439e86a4f91444cc7cba","targetId":"id-f24dfaa6313b453fbb543ad1f802116c","type":"ServingRelationship"},{"id":"id-b52848461dc543f99180a00ee9b9cbe7","sourceId":"id-749c4b787314450b900690b802407e5c","targetId":"id-c32d60fd0d614860846475802e954e0b","type":"TriggeringRelationship"},{"id":"id-80cd642eab4c4de59b9781152c4214e6","sourceId":"id-c32d60fd0d614860846475802e954e0b","targetId":"id-04e963435a14499588ef76c331f07159","type":"TriggeringRelationship"},{"id":"id-1662851addd54b74ab15e15fa3ca9c5b","sourceId":"id-295c043b459946369c5cc34c9ad01593","targetId":"id-7c27eecda38545a687eedcdef72ba7f1","type":"FlowRelationship"},{"id":"id-9ba3d3d51f8a496fa42d3650251284fd","sourceId":"id-5246072bbdf6470f83910c005ed858ba","targetId":"id-f0483d67ac93462398cde746c34b7313","type":"ServingRelationship"},{"id":"id-efdf11422e544381a0bb5c217344af9e","sourceId":"id-f9b5647dcd294469a48fbf2d4557ecc8","targetId":"id-f24dfaa6313b453fbb543ad1f802116c","type":"ServingRelationship"},{"id":"id-4789a4262af74726b3820dca7837cfa3","sourceId":"id-a7719212df004943ad8154d06ebc0a2b","targetId":"id-2e466022e4f14a7d98a3df48a69d2d9b","type":"ServingRelationship"},{"id":"id-1742e6068452436481b5592a1f8c98ea","sourceId":"id-a7719212df004943ad8154d06ebc0a2b","targetId":"id-f24dfaa6313b453fbb543ad1f802116c","type":"ServingRelationship"}],"views":[{"id":"id-3a41f63cb5cc4bf085eaeaca7fd3025a","name":"Default View","viewpoint":""}]}