<?xml version="1.0" encoding="UTF-8"?>
<model xmlns="http://www.opengroup.org/xsd/archimate/3.0/" xmlns:xsi="http://www.w3.org/2001/XMLSchema-instance" xsi:schemaLocation="http://www.opengroup.org/xsd/archimate/3.0/ http://www.opengroup.org/xsd/archimate/3.1/archimate3_Diagram.xsd" identifier="e207ad9e">
  <name xml:lang="en">The application layer coordinates the work between contexts</name>
  <elements>
    <element identifier="id-171afaa6" xsi:type="BusinessObject">
      <name xml:lang="en">entity 6</name>
    </element>
    <element identifier="id-9de65f1f" xsi:type="BusinessObject">
      <name xml:lang="en">entity 2</name>
    </element>
    <element identifier="id-08520a4c" xsi:type="BusinessObject">
      <name xml:lang="en">entity 1</name>
    </element>
    <element identifier="id-02a24164" xsi:type="BusinessObject">
      <name xml:lang="en">entity 3</name>
    </element>
    <element identifier="e795f8b6" xsi:type="BusinessObject">
      <name xml:lang="en">entity 4</name>
    </element>
    <element identifier="id-5bdedd00" xsi:type="BusinessObject">
      <name xml:lang="en">entity 5</name>
    </element>
    <element identifier="cae6f4d2" xsi:type="DataObject">
      <name xml:lang="en">table 6</name>
    </element>
    <element identifier="id-4db5bf4b" xsi:type="DataObject">
      <name xml:lang="en">table 1</name>
    </element>
    <element identifier="d968ddac" xsi:type="DataObject">
      <name xml:lang="en">table 2</name>
    </element>
    <element identifier="b306d1d8" xsi:type="DataObject">
      <name xml:lang="en">table 2</name>
    </element>
    <element identifier="id-9cf24c7d" xsi:type="DataObject">
      <name xml:lang="en">table 5</name>
    </element>
    <element identifier="id-5356d4f7" xsi:type="Node">
      <name xml:lang="en">database 4</name>
    </element>
    <element identifier="f86054fa" xsi:type="Node">
      <name xml:lang="en">database 1</name>
    </element>
    <element identifier="id-5ab193a0" xsi:type="Node">
      <name xml:lang="en">database 2</name>
    </element>
    <element identifier="id-27ef86e9" xsi:type="Node">
      <name xml:lang="en">database 3</name>
    </element>
    <element identifier="edcce5a8" xsi:type="Grouping">
      <name xml:lang="en">generic subdomain 2 and Bounded context 4</name>
    </element>
    <element identifier="ce17e1fa" xsi:type="Grouping">
      <name xml:lang="en">aggregate 6</name>
    </element>
    <element identifier="d813da67" xsi:type="Grouping">
      <name xml:lang="en">application service 2</name>
    </element>
    <element identifier="id-932679bd" xsi:type="Grouping">
      <name xml:lang="en">service 2</name>
    </element>
    <element identifier="id-9aa7efca" xsi:type="Grouping">
      <name xml:lang="en">application service 2</name>
    </element>
    <element identifier="id-61954c34" xsi:type="Grouping">
      <name xml:lang="en">core domain and Bounded context 1</name>
    </element>
    <element identifier="a17277f8" xsi:type="Grouping">
      <name xml:lang="en">aggregate 2</name>
    </element>
    <element identifier="id-6e5e69db" xsi:type="Grouping">
      <name xml:lang="en">aggregate 1</name>
    </element>
    <element identifier="id-9c34fbbf" xsi:type="Grouping">
      <name xml:lang="en">application service 1</name>
    </element>
    <element identifier="id-1928b57b" xsi:type="Grouping">
      <name xml:lang="en">service 2</name>
    </element>
    <element identifier="id-11b67a9f" xsi:type="Grouping">
      <name xml:lang="en">application service 2</name>
    </element>
    <element identifier="id-7a047e23" xsi:type="Grouping">
      <name xml:lang="en">temp package and Bounded context 2</name>
    </element>
    <element identifier="id-8c0ea9ab" xsi:type="Grouping">
      <name xml:lang="en">aggregate 3</name>
    </element>
    <element identifier="id-0d133a6d" xsi:type="Grouping">
      <name xml:lang="en">application service 1</name>
    </element>
    <element identifier="id-2a3c369a" xsi:type="Grouping">
      <name xml:lang="en">service 2</name>
    </element>
    <element identifier="id-2fa64e3c" xsi:type="Grouping">
      <name xml:lang="en">application service 2</name>
    </element>
    <element identifier="id-6d84a1d2" xsi:type="Grouping">
      <name xml:lang="en">generic subdomain 1 and Bounded context 3</name>
    </element>
    <element identifier="id-097ff142" xsi:type="Grouping">
      <name xml:lang="en">aggregate 5</name>
    </element>
    <element identifier="id-5de30fd4" xsi:type="Grouping">
      <name xml:lang="en">application service 2</name>
    </element>
    <element identifier="id-098d3999" xsi:type="Grouping">
      <name xml:lang="en">service 2</name>
    </element>
    <element identifier="d219b315" xsi:type="Grouping">
      <name xml:lang="en">application service 2</name>
    </element>
    <element identifier="id-6eb221f9" xsi:type="Grouping">
      <name xml:lang="en">UI</name>
    </element>
    <element identifier="id-3426b1b2" xsi:type="Grouping">
      <name xml:lang="en">coordination and orchestration (Fowler's pattern: Service layer)</name>
      <documentation xml:lang="en">application services are stateless and procedural&#xD;
in nature.&#xD;
&#xD;
An exception is that both controller actions and application services can store state, but the&#xD;
state should only be to store the status of the customer journey or the progress of the business task.</documentation>
    </element>
    <element identifier="id-68a3da43" xsi:type="Grouping">
      <name xml:lang="en">translator 1-2</name>
    </element>
    <element identifier="f9792ce3" xsi:type="Grouping">
      <name xml:lang="en">translator 2-3</name>
    </element>
    <element identifier="id-3cd347a5" xsi:type="Grouping">
      <name xml:lang="en">translator 3-4</name>
    </element>
  </elements>
  <relationships>
    <relationship identifier="id-3c9bd50b" source="id-9aa7efca" target="ce17e1fa" xsi:type="Association" />
    <relationship identifier="id-5bb978ef" source="id-4db5bf4b" target="f86054fa" xsi:type="Association" />
    <relationship identifier="a6ff64db" source="edcce5a8" target="id-932679bd" xsi:type="Composition" />
    <relationship identifier="id-57d6ecde" source="id-02a24164" target="e795f8b6" xsi:type="Association" />
    <relationship identifier="c976b659" source="id-08520a4c" target="id-6e5e69db" xsi:type="Association" />
    <relationship identifier="id-2a0d9540" source="id-9de65f1f" target="id-08520a4c" xsi:type="Association" />
    <relationship identifier="id-022bedc8" source="id-6eb221f9" target="id-3426b1b2" xsi:type="Association" />
    <relationship identifier="id-81929cf5" source="a17277f8" target="id-11b67a9f" xsi:type="Association" />
    <relationship identifier="dc4bdd35" source="id-2fa64e3c" target="id-8c0ea9ab" xsi:type="Association" />
    <relationship identifier="id-00ba1180" source="id-7a047e23" target="id-2fa64e3c" xsi:type="Composition" />
    <relationship identifier="id-4f77f75e" source="id-02a24164" target="id-9de65f1f" xsi:type="Association" />
    <relationship identifier="id-5b394198" source="id-098d3999" target="id-9cf24c7d" xsi:type="Association" />
    <relationship identifier="id-587bccba" source="id-6d84a1d2" target="id-27ef86e9" xsi:type="Composition" />
    <relationship identifier="c0bb95ca" source="id-7a047e23" target="id-8c0ea9ab" xsi:type="Composition" />
    <relationship identifier="id-8c610ec5" source="id-2a3c369a" target="b306d1d8" xsi:type="Association" />
    <relationship identifier="d8b25089" source="edcce5a8" target="ce17e1fa" xsi:type="Composition" />
    <relationship identifier="id-5af0678d" source="d813da67" target="ce17e1fa" xsi:type="Association" />
    <relationship identifier="id-81daeff5" source="id-3426b1b2" target="f9792ce3" xsi:type="Composition" />
    <relationship identifier="id-7ee5bdb7" source="id-02a24164" target="id-5bdedd00" xsi:type="Association" />
    <relationship identifier="id-1ae06a8a" source="id-7a047e23" target="b306d1d8" xsi:type="Composition" />
    <relationship identifier="id-679ca61a" source="id-7a047e23" target="id-0d133a6d" xsi:type="Composition" />
    <relationship identifier="id-37b5d458" source="id-6d84a1d2" target="d219b315" xsi:type="Composition" />
    <relationship identifier="b6a7e979" source="edcce5a8" target="id-171afaa6" xsi:type="Composition" />
    <relationship identifier="fa5cf17c" source="b306d1d8" target="id-5ab193a0" xsi:type="Association" />
    <relationship identifier="id-336127a5" source="id-08520a4c" target="id-02a24164" xsi:type="Association" />
    <relationship identifier="a3d62d64" source="id-171afaa6" target="ce17e1fa" xsi:type="Association" />
    <relationship identifier="bf6b9261" source="id-6d84a1d2" target="id-5de30fd4" xsi:type="Composition" />
    <relationship identifier="fbc4e10a" source="id-3426b1b2" target="id-3cd347a5" xsi:type="Composition" />
    <relationship identifier="e2f55905" source="id-5bdedd00" target="id-097ff142" xsi:type="Association" />
    <relationship identifier="id-63027c67" source="edcce5a8" target="cae6f4d2" xsi:type="Composition" />
    <relationship identifier="bc747228" source="id-61954c34" target="a17277f8" xsi:type="Composition" />
    <relationship identifier="id-64580642" source="d968ddac" target="f86054fa" xsi:type="Association" />
    <relationship identifier="id-3832367a" source="id-7a047e23" target="id-02a24164" xsi:type="Composition" />
    <relationship identifier="ff2afcf4" source="edcce5a8" target="d813da67" xsi:type="Composition" />
    <relationship identifier="id-3f997960" source="id-11b67a9f" target="id-1928b57b" xsi:type="Association" />
    <relationship identifier="id-86881dc4" source="id-5bdedd00" target="id-171afaa6" xsi:type="Association" />
    <relationship identifier="id-2c73a94b" source="id-7a047e23" target="id-5ab193a0" xsi:type="Composition" />
    <relationship identifier="id-3cd708bc" source="id-9aa7efca" target="id-932679bd" xsi:type="Association" />
    <relationship identifier="id-084fae53" source="id-3426b1b2" target="id-68a3da43" xsi:type="Association" />
    <relationship identifier="c6396412" source="id-6d84a1d2" target="id-098d3999" xsi:type="Composition" />
    <relationship identifier="id-7eea93b9" source="id-6d84a1d2" target="id-9cf24c7d" xsi:type="Composition" />
    <relationship identifier="caad891b" source="id-3426b1b2" target="id-9c34fbbf" xsi:type="Association" />
    <relationship identifier="f6ef2b49" source="id-7a047e23" target="e795f8b6" xsi:type="Composition" />
    <relationship identifier="d3a6b868" source="id-9c34fbbf" target="a17277f8" xsi:type="Association" />
    <relationship identifier="id-3de383bb" source="edcce5a8" target="id-9aa7efca" xsi:type="Composition" />
    <relationship identifier="id-5399cfa2" source="id-1928b57b" target="d968ddac" xsi:type="Association" />
    <relationship identifier="id-026134ae" source="id-7a047e23" target="id-2a3c369a" xsi:type="Composition" />
    <relationship identifier="id-677fb382" source="id-0d133a6d" target="id-8c0ea9ab" xsi:type="Association" />
    <relationship identifier="id-8d605f57" source="id-61954c34" target="id-9c34fbbf" xsi:type="Composition" />
    <relationship identifier="b781b1bf" source="cae6f4d2" target="id-5356d4f7" xsi:type="Association" />
    <relationship identifier="id-22ac2c94" source="id-3426b1b2" target="d813da67" xsi:type="Association" />
    <relationship identifier="id-6c341094" source="id-6d84a1d2" target="id-5bdedd00" xsi:type="Composition" />
    <relationship identifier="id-6d5c20b9" source="id-61954c34" target="id-6e5e69db" xsi:type="Composition" />
    <relationship identifier="id-1c16b5db" source="e795f8b6" target="id-8c0ea9ab" xsi:type="Association" />
    <relationship identifier="id-4c9e39d2" source="id-61954c34" target="d968ddac" xsi:type="Composition" />
    <relationship identifier="id-2b764c2d" source="d219b315" target="id-098d3999" xsi:type="Association" />
    <relationship identifier="id-7b5961ea" source="id-61954c34" target="id-08520a4c" xsi:type="Composition" />
    <relationship identifier="id-4df5528f" source="id-6e5e69db" target="id-11b67a9f" xsi:type="Association" />
    <relationship identifier="id-7483b745" source="a17277f8" target="id-6e5e69db" xsi:type="Association" />
    <relationship identifier="f35328ea" source="id-5de30fd4" target="id-097ff142" xsi:type="Association" />
    <relationship identifier="id-54c226df" source="id-61954c34" target="id-11b67a9f" xsi:type="Composition" />
    <relationship identifier="a53530e7" source="id-61954c34" target="id-1928b57b" xsi:type="Composition" />
    <relationship identifier="id-27148839" source="edcce5a8" target="ce17e1fa" xsi:type="Association" />
    <relationship identifier="id-9730966c" source="id-9cf24c7d" target="id-27ef86e9" xsi:type="Association" />
    <relationship identifier="c1cb655d" source="id-3426b1b2" target="id-5de30fd4" xsi:type="Association" />
    <relationship identifier="e7bed00d" source="id-2fa64e3c" target="id-2a3c369a" xsi:type="Association" />
    <relationship identifier="c0694ae0" source="id-3426b1b2" target="f9792ce3" xsi:type="Association" />
    <relationship identifier="id-5c8a1cc1" source="edcce5a8" target="id-5356d4f7" xsi:type="Composition" />
    <relationship identifier="id-54691b40" source="id-02a24164" target="id-8c0ea9ab" xsi:type="Association" />
    <relationship identifier="c7f3c9f6" source="id-61954c34" target="f86054fa" xsi:type="Composition" />
    <relationship identifier="id-2210253d" source="id-9de65f1f" target="a17277f8" xsi:type="Association" />
    <relationship identifier="id-90bd19dd" source="id-6d84a1d2" target="id-097ff142" xsi:type="Composition" />
    <relationship identifier="id-023159bd" source="id-61954c34" target="id-9de65f1f" xsi:type="Composition" />
    <relationship identifier="id-7392f0be" source="id-61954c34" target="id-4db5bf4b" xsi:type="Composition" />
    <relationship identifier="id-9a56ab9a" source="d219b315" target="id-097ff142" xsi:type="Association" />
    <relationship identifier="id-1a10c9bf" source="id-3426b1b2" target="id-0d133a6d" xsi:type="Association" />
    <relationship identifier="id-4ee8aee2" source="id-3426b1b2" target="id-68a3da43" xsi:type="Composition" />
    <relationship identifier="id-952463b2" source="id-932679bd" target="cae6f4d2" xsi:type="Association" />
    <relationship identifier="id-22311905" source="id-3426b1b2" target="id-3cd347a5" xsi:type="Association" />
    <relationship identifier="id-1db1bfc2" source="id-9c34fbbf" target="id-6e5e69db" xsi:type="Association" />
    <relationship identifier="id-2a3a6bfc" source="id-1928b57b" target="id-4db5bf4b" xsi:type="Association" />
  </relationships>
  <organizations>
    <item>
      <label xml:lang="en">Business</label>
      <item identifierRef="id-171afaa6" />
      <item identifierRef="id-9de65f1f" />
      <item identifierRef="id-08520a4c" />
      <item identifierRef="id-02a24164" />
      <item identifierRef="e795f8b6" />
      <item identifierRef="id-5bdedd00" />
    </item>
    <item>
      <label xml:lang="en">Application</label>
      <item identifierRef="cae6f4d2" />
      <item identifierRef="id-4db5bf4b" />
      <item identifierRef="d968ddac" />
      <item identifierRef="b306d1d8" />
      <item identifierRef="id-9cf24c7d" />
    </item>
    <item>
      <label xml:lang="en">Technology &amp; Physical</label>
      <item identifierRef="id-5356d4f7" />
      <item identifierRef="f86054fa" />
      <item identifierRef="id-5ab193a0" />
      <item identifierRef="id-27ef86e9" />
    </item>
    <item>
      <label xml:lang="en">Other</label>
      <item identifierRef="edcce5a8" />
      <item identifierRef="ce17e1fa" />
      <item identifierRef="d813da67" />
      <item identifierRef="id-932679bd" />
      <item identifierRef="id-9aa7efca" />
      <item identifierRef="id-61954c34" />
      <item identifierRef="a17277f8" />
      <item identifierRef="id-6e5e69db" />
      <item identifierRef="id-9c34fbbf" />
      <item identifierRef="id-1928b57b" />
      <item identifierRef="id-11b67a9f" />
      <item identifierRef="id-7a047e23" />
      <item identifierRef="id-8c0ea9ab" />
      <item identifierRef="id-0d133a6d" />
      <item identifierRef="id-2a3c369a" />
      <item identifierRef="id-2fa64e3c" />
      <item identifierRef="id-6d84a1d2" />
      <item identifierRef="id-097ff142" />
      <item identifierRef="id-5de30fd4" />
      <item identifierRef="id-098d3999" />
      <item identifierRef="d219b315" />
      <item identifierRef="id-6eb221f9" />
      <item identifierRef="id-3426b1b2" />
      <item identifierRef="id-68a3da43" />
      <item identifierRef="f9792ce3" />
      <item identifierRef="id-3cd347a5" />
    </item>
    <item>
      <label xml:lang="en">Relations</label>
      <item identifierRef="id-3c9bd50b" />
      <item identifierRef="id-5bb978ef" />
      <item identifierRef="a6ff64db" />
      <item identifierRef="id-57d6ecde" />
      <item identifierRef="c976b659" />
      <item identifierRef="id-2a0d9540" />
      <item identifierRef="id-022bedc8" />
      <item identifierRef="id-81929cf5" />
      <item identifierRef="dc4bdd35" />
      <item identifierRef="id-00ba1180" />
      <item identifierRef="id-4f77f75e" />
      <item identifierRef="id-5b394198" />
      <item identifierRef="id-587bccba" />
      <item identifierRef="c0bb95ca" />
      <item identifierRef="id-8c610ec5" />
      <item identifierRef="d8b25089" />
      <item identifierRef="id-5af0678d" />
      <item identifierRef="id-81daeff5" />
      <item identifierRef="id-7ee5bdb7" />
      <item identifierRef="id-1ae06a8a" />
      <item identifierRef="id-679ca61a" />
      <item identifierRef="id-37b5d458" />
      <item identifierRef="b6a7e979" />
      <item identifierRef="fa5cf17c" />
      <item identifierRef="id-336127a5" />
      <item identifierRef="a3d62d64" />
      <item identifierRef="bf6b9261" />
      <item identifierRef="fbc4e10a" />
      <item identifierRef="e2f55905" />
      <item identifierRef="id-63027c67" />
      <item identifierRef="bc747228" />
      <item identifierRef="id-64580642" />
      <item identifierRef="id-3832367a" />
      <item identifierRef="ff2afcf4" />
      <item identifierRef="id-3f997960" />
      <item identifierRef="id-86881dc4" />
      <item identifierRef="id-2c73a94b" />
      <item identifierRef="id-3cd708bc" />
      <item identifierRef="id-084fae53" />
      <item identifierRef="c6396412" />
      <item identifierRef="id-7eea93b9" />
      <item identifierRef="caad891b" />
      <item identifierRef="f6ef2b49" />
      <item identifierRef="d3a6b868" />
      <item identifierRef="id-3de383bb" />
      <item identifierRef="id-5399cfa2" />
      <item identifierRef="id-026134ae" />
      <item identifierRef="id-677fb382" />
      <item identifierRef="id-8d605f57" />
      <item identifierRef="b781b1bf" />
      <item identifierRef="id-22ac2c94" />
      <item identifierRef="id-6c341094" />
      <item identifierRef="id-6d5c20b9" />
      <item identifierRef="id-1c16b5db" />
      <item identifierRef="id-4c9e39d2" />
      <item identifierRef="id-2b764c2d" />
      <item identifierRef="id-7b5961ea" />
      <item identifierRef="id-4df5528f" />
      <item identifierRef="id-7483b745" />
      <item identifierRef="f35328ea" />
      <item identifierRef="id-54c226df" />
      <item identifierRef="a53530e7" />
      <item identifierRef="id-27148839" />
      <item identifierRef="id-9730966c" />
      <item identifierRef="c1cb655d" />
      <item identifierRef="e7bed00d" />
      <item identifierRef="c0694ae0" />
      <item identifierRef="id-5c8a1cc1" />
      <item identifierRef="id-54691b40" />
      <item identifierRef="c7f3c9f6" />
      <item identifierRef="id-2210253d" />
      <item identifierRef="id-90bd19dd" />
      <item identifierRef="id-023159bd" />
      <item identifierRef="id-7392f0be" />
      <item identifierRef="id-9a56ab9a" />
      <item identifierRef="id-1a10c9bf" />
      <item identifierRef="id-4ee8aee2" />
      <item identifierRef="id-952463b2" />
      <item identifierRef="id-22311905" />
      <item identifierRef="id-1db1bfc2" />
      <item identifierRef="id-2a3a6bfc" />
    </item>
    <item>
      <label xml:lang="en">Views</label>
      <item identifierRef="id-2aebcf25" />
    </item>
  </organizations>
  <views>
    <diagrams>
      <view identifier="id-2aebcf25" xsi:type="Diagram">
        <name xml:lang="en">The application layer coordinates the work between contexts</name>
        <node identifier="id-65dd95e7" xsi:type="Label" x="255" y="966" w="2044" h="140">
          <label xml:lang="en">Application Layer (operational)</label>
          <style>
            <fillColor r="210" g="215" b="215" a="100" />
            <lineColor r="92" g="92" b="92" a="100" />
            <font name="Lucida Grande" size="12">
              <color r="0" g="0" b="0" />
            </font>
          </style>
        </node>
        <node identifier="id-30024c8d" xsi:type="Label" x="255" y="801" w="2044" h="140">
          <label xml:lang="en">Domain Layer (model)</label>
          <style>
            <fillColor r="210" g="215" b="215" a="100" />
            <lineColor r="92" g="92" b="92" a="100" />
            <font name="Lucida Grande" size="12">
              <color r="0" g="0" b="0" />
            </font>
          </style>
        </node>
        <node identifier="id-308e3054" xsi:type="Label" x="255" y="1131" w="2044" h="320">
          <label xml:lang="en">Infrаstrсtиrе Layer</label>
          <style>
            <fillColor r="210" g="215" b="215" a="100" />
            <lineColor r="92" g="92" b="92" a="100" />
            <font name="Lucida Grande" size="12">
              <color r="0" g="0" b="0" />
            </font>
          </style>
        </node>
        <node identifier="id-50f694b5" xsi:type="Label" x="255" y="641" w="2044" h="140">
          <label xml:lang="en">Application Layer (operational)</label>
          <style>
            <fillColor r="210" g="215" b="215" a="100" />
            <lineColor r="92" g="92" b="92" a="100" />
            <font name="Lucida Grande" size="12">
              <color r="0" g="0" b="0" />
            </font>
          </style>
        </node>
        <node identifier="fcc0d017" xsi:type="Label" x="255" y="482" w="2044" h="140">
          <label xml:lang="en">Presentation Layer (User Interface)</label>
          <style>
            <fillColor r="210" g="215" b="215" a="100" />
            <lineColor r="92" g="92" b="92" a="100" />
            <font name="Lucida Grande" size="12">
              <color r="0" g="0" b="0" />
            </font>
          </style>
        </node>
        <node identifier="id-37db957d" elementRef="edcce5a8" xsi:type="Element" x="1985" y="151" w="296" h="1391">
          <style>
            <fillColor r="247" g="255" b="255" a="100" />
            <lineColor r="92" g="92" b="92" a="100" />
            <font name="Lucida Grande" size="12">
              <color r="255" g="0" b="0" />
            </font>
          </style>
          <node identifier="cc22ebe8" elementRef="id-171afaa6" xsi:type="Element" x="2065" y="251" w="120" h="55">
            <style>
              <fillColor r="255" g="255" b="181" a="100" />
              <lineColor r="92" g="92" b="92" a="100" />
              <font name="Lucida Grande" size="12">
                <color r="0" g="0" b="0" />
              </font>
            </style>
          </node>
          <node identifier="id-755d1a32" elementRef="ce17e1fa" xsi:type="Element" x="2075" y="851" w="120" h="55">
            <style>
              <fillColor r="255" g="255" b="255" a="100" />
              <lineColor r="92" g="92" b="92" a="100" />
              <font name="Lucida Grande" size="12">
                <color r="0" g="0" b="0" />
              </font>
            </style>
          </node>
          <node identifier="id-65d296dd" elementRef="cae6f4d2" xsi:type="Element" x="2020" y="1211" w="120" h="55">
            <style>
              <fillColor r="181" g="255" b="255" a="100" />
              <lineColor r="92" g="92" b="92" a="100" />
              <font name="Lucida Grande" size="12">
                <color r="0" g="0" b="0" />
              </font>
            </style>
          </node>
          <node identifier="id-067575b0" elementRef="d813da67" xsi:type="Element" x="2075" y="726" w="120" h="55">
            <style>
              <fillColor r="255" g="255" b="255" a="100" />
              <lineColor r="92" g="92" b="92" a="100" />
              <font name="Lucida Grande" size="12">
                <color r="0" g="0" b="0" />
              </font>
            </style>
          </node>
          <node identifier="id-1c5cfe55" elementRef="id-5356d4f7" xsi:type="Element" x="2020" y="1291" w="120" h="55">
            <style>
              <fillColor r="201" g="231" b="183" a="100" />
              <lineColor r="92" g="92" b="92" a="100" />
              <font name="Lucida Grande" size="12">
                <color r="0" g="0" b="0" />
              </font>
            </style>
          </node>
          <node identifier="id-03dcee6a" elementRef="id-932679bd" xsi:type="Element" x="2015" y="1136" w="120" h="55">
            <style>
              <fillColor r="255" g="255" b="255" a="100" />
              <lineColor r="92" g="92" b="92" a="100" />
              <font name="Lucida Grande" size="12">
                <color r="0" g="0" b="0" />
              </font>
            </style>
          </node>
          <node identifier="id-6e758108" elementRef="id-9aa7efca" xsi:type="Element" x="2015" y="1006" w="120" h="55">
            <style>
              <fillColor r="255" g="255" b="255" a="100" />
              <lineColor r="92" g="92" b="92" a="100" />
              <font name="Lucida Grande" size="12">
                <color r="0" g="0" b="0" />
              </font>
            </style>
          </node>
        </node>
        <node identifier="ccc5f514" elementRef="id-61954c34" xsi:type="Element" x="445" y="151" w="296" h="1391">
          <style>
            <fillColor r="247" g="255" b="255" a="100" />
            <lineColor r="92" g="92" b="92" a="100" />
            <font name="Lucida Grande" size="12">
              <color r="255" g="0" b="0" />
            </font>
          </style>
          <node identifier="c5d29324" elementRef="id-9de65f1f" xsi:type="Element" x="459" y="290" w="120" h="55">
            <style>
              <fillColor r="255" g="255" b="181" a="100" />
              <lineColor r="92" g="92" b="92" a="100" />
              <font name="Lucida Grande" size="12">
                <color r="0" g="0" b="0" />
              </font>
            </style>
          </node>
          <node identifier="id-9e3bfa89" elementRef="id-08520a4c" xsi:type="Element" x="595" y="236" w="120" h="55">
            <style>
              <fillColor r="255" g="255" b="181" a="100" />
              <lineColor r="92" g="92" b="92" a="100" />
              <font name="Lucida Grande" size="12">
                <color r="0" g="0" b="0" />
              </font>
            </style>
          </node>
          <node identifier="e927e2aa" elementRef="a17277f8" xsi:type="Element" x="463" y="846" w="120" h="55">
            <style>
              <fillColor r="255" g="255" b="255" a="100" />
              <lineColor r="92" g="92" b="92" a="100" />
              <font name="Lucida Grande" size="12">
                <color r="0" g="0" b="0" />
              </font>
            </style>
          </node>
          <node identifier="b656fd19" elementRef="id-6e5e69db" xsi:type="Element" x="599" y="846" w="120" h="55">
            <style>
              <fillColor r="255" g="255" b="255" a="100" />
              <lineColor r="92" g="92" b="92" a="100" />
              <font name="Lucida Grande" size="12">
                <color r="0" g="0" b="0" />
              </font>
            </style>
          </node>
          <node identifier="id-40167922" elementRef="id-4db5bf4b" xsi:type="Element" x="610" y="1206" w="120" h="55">
            <style>
              <fillColor r="181" g="255" b="255" a="100" />
              <lineColor r="92" g="92" b="92" a="100" />
              <font name="Lucida Grande" size="12">
                <color r="0" g="0" b="0" />
              </font>
            </style>
          </node>
          <node identifier="e8a23e58" elementRef="id-9c34fbbf" xsi:type="Element" x="540" y="731" w="120" h="55">
            <style>
              <fillColor r="255" g="255" b="255" a="100" />
              <lineColor r="92" g="92" b="92" a="100" />
              <font name="Lucida Grande" size="12">
                <color r="0" g="0" b="0" />
              </font>
            </style>
          </node>
          <node identifier="id-7473110f" elementRef="d968ddac" xsi:type="Element" x="480" y="1206" w="120" h="55">
            <style>
              <fillColor r="181" g="255" b="255" a="100" />
              <lineColor r="92" g="92" b="92" a="100" />
              <font name="Lucida Grande" size="12">
                <color r="0" g="0" b="0" />
              </font>
            </style>
          </node>
          <node identifier="id-0599ffcb" elementRef="f86054fa" xsi:type="Element" x="540" y="1291" w="120" h="55">
            <style>
              <fillColor r="201" g="231" b="183" a="100" />
              <lineColor r="92" g="92" b="92" a="100" />
              <font name="Lucida Grande" size="12">
                <color r="0" g="0" b="0" />
              </font>
            </style>
          </node>
          <node identifier="id-7ce9a424" elementRef="id-1928b57b" xsi:type="Element" x="476" y="1131" w="120" h="55">
            <style>
              <fillColor r="255" g="255" b="255" a="100" />
              <lineColor r="92" g="92" b="92" a="100" />
              <font name="Lucida Grande" size="12">
                <color r="0" g="0" b="0" />
              </font>
            </style>
          </node>
          <node identifier="id-68eff19a" elementRef="id-11b67a9f" xsi:type="Element" x="471" y="1003" w="120" h="55">
            <style>
              <fillColor r="255" g="255" b="255" a="100" />
              <lineColor r="92" g="92" b="92" a="100" />
              <font name="Lucida Grande" size="12">
                <color r="0" g="0" b="0" />
              </font>
            </style>
          </node>
        </node>
        <node identifier="ef81bdc2" elementRef="id-7a047e23" xsi:type="Element" x="970" y="151" w="296" h="1391">
          <style>
            <fillColor r="247" g="255" b="255" a="100" />
            <lineColor r="92" g="92" b="92" a="100" />
            <font name="Lucida Grande" size="12">
              <color r="255" g="0" b="0" />
            </font>
          </style>
          <node identifier="id-11ba8adc" elementRef="id-02a24164" xsi:type="Element" x="1030" y="231" w="120" h="55">
            <style>
              <fillColor r="255" g="255" b="181" a="100" />
              <lineColor r="92" g="92" b="92" a="100" />
              <font name="Lucida Grande" size="12">
                <color r="0" g="0" b="0" />
              </font>
            </style>
          </node>
          <node identifier="id-0bc1464a" elementRef="e795f8b6" xsi:type="Element" x="1120" y="296" w="120" h="55">
            <style>
              <fillColor r="255" g="255" b="181" a="100" />
              <lineColor r="92" g="92" b="92" a="100" />
              <font name="Lucida Grande" size="12">
                <color r="0" g="0" b="0" />
              </font>
            </style>
          </node>
          <node identifier="id-32e1afa2" elementRef="id-8c0ea9ab" xsi:type="Element" x="1055" y="851" w="120" h="55">
            <style>
              <fillColor r="255" g="255" b="255" a="100" />
              <lineColor r="92" g="92" b="92" a="100" />
              <font name="Lucida Grande" size="12">
                <color r="0" g="0" b="0" />
              </font>
            </style>
          </node>
          <node identifier="dfafe23f" elementRef="b306d1d8" xsi:type="Element" x="1001" y="1201" w="120" h="55">
            <style>
              <fillColor r="181" g="255" b="255" a="100" />
              <lineColor r="92" g="92" b="92" a="100" />
              <font name="Lucida Grande" size="12">
                <color r="0" g="0" b="0" />
              </font>
            </style>
          </node>
          <node identifier="ce827ea4" elementRef="id-0d133a6d" xsi:type="Element" x="1055" y="731" w="120" h="55">
            <style>
              <fillColor r="255" g="255" b="255" a="100" />
              <lineColor r="92" g="92" b="92" a="100" />
              <font name="Lucida Grande" size="12">
                <color r="0" g="0" b="0" />
              </font>
            </style>
          </node>
          <node identifier="id-9f9d29fc" elementRef="id-5ab193a0" xsi:type="Element" x="1001" y="1281" w="120" h="55">
            <style>
              <fillColor r="201" g="231" b="183" a="100" />
              <lineColor r="92" g="92" b="92" a="100" />
              <font name="Lucida Grande" size="12">
                <color r="0" g="0" b="0" />
              </font>
            </style>
          </node>
          <node identifier="id-8dd21cbe" elementRef="id-2a3c369a" xsi:type="Element" x="1001" y="1136" w="120" h="55">
            <style>
              <fillColor r="255" g="255" b="255" a="100" />
              <lineColor r="92" g="92" b="92" a="100" />
              <font name="Lucida Grande" size="12">
                <color r="0" g="0" b="0" />
              </font>
            </style>
          </node>
          <node identifier="id-05b6cd18" elementRef="id-2fa64e3c" xsi:type="Element" x="990" y="1011" w="120" h="55">
            <style>
              <fillColor r="255" g="255" b="255" a="100" />
              <lineColor r="92" g="92" b="92" a="100" />
              <font name="Lucida Grande" size="12">
                <color r="0" g="0" b="0" />
              </font>
            </style>
          </node>
        </node>
        <node identifier="c6d698c8" elementRef="id-6d84a1d2" xsi:type="Element" x="1495" y="151" w="296" h="1391">
          <style>
            <fillColor r="247" g="255" b="255" a="100" />
            <lineColor r="92" g="92" b="92" a="100" />
            <font name="Lucida Grande" size="12">
              <color r="255" g="0" b="0" />
            </font>
          </style>
          <node identifier="id-664d75cb" elementRef="id-5bdedd00" xsi:type="Element" x="1585" y="251" w="120" h="55">
            <style>
              <fillColor r="255" g="255" b="181" a="100" />
              <lineColor r="92" g="92" b="92" a="100" />
              <font name="Lucida Grande" size="12">
                <color r="0" g="0" b="0" />
              </font>
            </style>
          </node>
          <node identifier="id-0c6df5b8" elementRef="id-097ff142" xsi:type="Element" x="1600" y="851" w="120" h="55">
            <style>
              <fillColor r="255" g="255" b="255" a="100" />
              <lineColor r="92" g="92" b="92" a="100" />
              <font name="Lucida Grande" size="12">
                <color r="0" g="0" b="0" />
              </font>
            </style>
          </node>
          <node identifier="c5d9e2b6" elementRef="id-9cf24c7d" xsi:type="Element" x="1525" y="1216" w="120" h="55">
            <style>
              <fillColor r="181" g="255" b="255" a="100" />
              <lineColor r="92" g="92" b="92" a="100" />
              <font name="Lucida Grande" size="12">
                <color r="0" g="0" b="0" />
              </font>
            </style>
          </node>
          <node identifier="id-092f0f13" elementRef="id-5de30fd4" xsi:type="Element" x="1600" y="726" w="120" h="55">
            <style>
              <fillColor r="255" g="255" b="255" a="100" />
              <lineColor r="92" g="92" b="92" a="100" />
              <font name="Lucida Grande" size="12">
                <color r="0" g="0" b="0" />
              </font>
            </style>
          </node>
          <node identifier="id-6cc518e9" elementRef="id-27ef86e9" xsi:type="Element" x="1525" y="1286" w="120" h="55">
            <style>
              <fillColor r="201" g="231" b="183" a="100" />
              <lineColor r="92" g="92" b="92" a="100" />
              <font name="Lucida Grande" size="12">
                <color r="0" g="0" b="0" />
              </font>
            </style>
          </node>
          <node identifier="id-400d49b0" elementRef="id-098d3999" xsi:type="Element" x="1525" y="1151" w="120" h="55">
            <style>
              <fillColor r="255" g="255" b="255" a="100" />
              <lineColor r="92" g="92" b="92" a="100" />
              <font name="Lucida Grande" size="12">
                <color r="0" g="0" b="0" />
              </font>
            </style>
          </node>
          <node identifier="id-556bedfa" elementRef="d219b315" xsi:type="Element" x="1525" y="1006" w="120" h="55">
            <style>
              <fillColor r="255" g="255" b="255" a="100" />
              <lineColor r="92" g="92" b="92" a="100" />
              <font name="Lucida Grande" size="12">
                <color r="0" g="0" b="0" />
              </font>
            </style>
          </node>
        </node>
        <node identifier="e9e4cbf9" xsi:type="Label" x="180" y="266" w="231" h="180">
          <label xml:lang="en">?</label>
          <style>
            <fillColor r="255" g="255" b="255" a="100" />
            <lineColor r="92" g="92" b="92" a="100" />
            <font name="Lucida Grande" size="12">
              <color r="255" g="0" b="0" />
            </font>
          </style>
        </node>
        <node identifier="id-8ef8efc0" elementRef="id-6eb221f9" xsi:type="Element" x="536" y="497" w="1662" h="55">
          <style>
            <fillColor r="255" g="255" b="255" a="100" />
            <lineColor r="92" g="92" b="92" a="100" />
            <font name="Lucida Grande" size="12">
              <color r="255" g="0" b="0" />
            </font>
          </style>
        </node>
        <node identifier="id-16454767" elementRef="id-3426b1b2" xsi:type="Element" x="541" y="647" w="1662" h="65">
          <style>
            <fillColor r="255" g="255" b="255" a="100" />
            <lineColor r="92" g="92" b="92" a="100" />
            <font name="Lucida Grande" size="12">
              <color r="255" g="0" b="0" />
            </font>
          </style>
          <node identifier="a5511bd9" elementRef="id-68a3da43" xsi:type="Element" x="791" y="662" w="120" h="55">
            <style>
              <fillColor r="255" g="255" b="255" a="100" />
              <lineColor r="92" g="92" b="92" a="100" />
              <font name="Lucida Grande" size="12">
                <color r="0" g="0" b="0" />
              </font>
            </style>
          </node>
          <node identifier="ce9ad6dc" elementRef="f9792ce3" xsi:type="Element" x="1316" y="662" w="120" h="55">
            <style>
              <fillColor r="255" g="255" b="255" a="100" />
              <lineColor r="92" g="92" b="92" a="100" />
              <font name="Lucida Grande" size="12">
                <color r="0" g="0" b="0" />
              </font>
            </style>
          </node>
          <node identifier="id-9196141d" elementRef="id-3cd347a5" xsi:type="Element" x="1821" y="662" w="120" h="55">
            <style>
              <fillColor r="255" g="255" b="255" a="100" />
              <lineColor r="92" g="92" b="92" a="100" />
              <font name="Lucida Grande" size="12">
                <color r="0" g="0" b="0" />
              </font>
            </style>
          </node>
        </node>
        <connection identifier="id-6928dcb0" relationshipRef="a3d62d64" xsi:type="Relationship" source="cc22ebe8" target="id-755d1a32">
          <style>
            <lineColor r="192" g="192" b="192" />
            <font name="Lucida Grande" size="12">
              <color r="0" g="0" b="0" />
            </font>
          </style>
          <bendpoint x="2235" y="300" />
          <bendpoint x="2227" y="880" />
        </connection>
        <connection identifier="id-9ea96f69" relationshipRef="b781b1bf" xsi:type="Relationship" source="id-65d296dd" target="id-1c5cfe55">
          <style>
            <lineColor r="0" g="0" b="0" />
            <font name="Lucida Grande" size="12">
              <color r="0" g="0" b="0" />
            </font>
          </style>
        </connection>
        <connection identifier="id-9ba34c82" relationshipRef="id-5af0678d" xsi:type="Relationship" source="id-067575b0" target="id-755d1a32">
          <style>
            <lineColor r="0" g="0" b="0" />
            <font name="Lucida Grande" size="12">
              <color r="0" g="0" b="0" />
            </font>
          </style>
        </connection>
        <connection identifier="id-721ed167" relationshipRef="id-952463b2" xsi:type="Relationship" source="id-03dcee6a" target="id-65d296dd">
          <style>
            <lineColor r="0" g="0" b="0" />
            <font name="Lucida Grande" size="12">
              <color r="0" g="0" b="0" />
            </font>
          </style>
        </connection>
        <connection identifier="id-10365b7d" relationshipRef="id-3cd708bc" xsi:type="Relationship" source="id-6e758108" target="id-03dcee6a">
          <style>
            <lineColor r="0" g="0" b="0" />
            <font name="Lucida Grande" size="12">
              <color r="0" g="0" b="0" />
            </font>
          </style>
        </connection>
        <connection identifier="id-0d03a566" relationshipRef="id-3c9bd50b" xsi:type="Relationship" source="id-6e758108" target="id-755d1a32">
          <style>
            <lineColor r="0" g="0" b="0" />
            <font name="Lucida Grande" size="12">
              <color r="0" g="0" b="0" />
            </font>
          </style>
        </connection>
        <connection identifier="id-45b2ca47" relationshipRef="id-2210253d" xsi:type="Relationship" source="c5d29324" target="e927e2aa">
          <style>
            <lineColor r="192" g="192" b="192" />
            <font name="Lucida Grande" size="12">
              <color r="0" g="0" b="0" />
            </font>
          </style>
        </connection>
        <connection identifier="e325f866" relationshipRef="id-2a0d9540" xsi:type="Relationship" source="c5d29324" target="id-9e3bfa89">
          <style>
            <lineColor r="0" g="0" b="0" />
            <font name="Lucida Grande" size="12">
              <color r="0" g="0" b="0" />
            </font>
          </style>
        </connection>
        <connection identifier="c243af6a" relationshipRef="c976b659" xsi:type="Relationship" source="id-9e3bfa89" target="b656fd19">
          <style>
            <lineColor r="192" g="192" b="192" />
            <font name="Lucida Grande" size="12">
              <color r="0" g="0" b="0" />
            </font>
          </style>
        </connection>
        <connection identifier="f7af34b6" relationshipRef="id-336127a5" xsi:type="Relationship" source="id-9e3bfa89" target="id-11ba8adc">
          <style>
            <lineColor r="0" g="0" b="0" />
            <font name="Lucida Grande" size="12">
              <color r="0" g="0" b="0" />
            </font>
          </style>
        </connection>
        <connection identifier="id-724931b2" relationshipRef="id-7483b745" xsi:type="Relationship" source="e927e2aa" target="b656fd19">
          <style>
            <lineColor r="0" g="0" b="0" />
            <font name="Lucida Grande" size="12">
              <color r="0" g="0" b="0" />
            </font>
          </style>
        </connection>
        <connection identifier="d0cdd93f" relationshipRef="id-81929cf5" xsi:type="Relationship" source="e927e2aa" target="id-68eff19a">
          <style>
            <lineColor r="0" g="0" b="0" />
            <font name="Lucida Grande" size="12">
              <color r="0" g="0" b="0" />
            </font>
          </style>
        </connection>
        <connection identifier="id-3e2ae416" relationshipRef="id-4df5528f" xsi:type="Relationship" source="b656fd19" target="id-68eff19a">
          <style>
            <lineColor r="0" g="0" b="0" />
            <font name="Lucida Grande" size="12">
              <color r="0" g="0" b="0" />
            </font>
          </style>
        </connection>
        <connection identifier="id-82a17c97" relationshipRef="id-5bb978ef" xsi:type="Relationship" source="id-40167922" target="id-0599ffcb">
          <style>
            <lineColor r="0" g="0" b="0" />
            <font name="Lucida Grande" size="12">
              <color r="0" g="0" b="0" />
            </font>
          </style>
        </connection>
        <connection identifier="id-942bab6c" relationshipRef="id-1db1bfc2" xsi:type="Relationship" source="e8a23e58" target="b656fd19">
          <style>
            <lineColor r="0" g="0" b="0" />
            <font name="Lucida Grande" size="12">
              <color r="0" g="0" b="0" />
            </font>
          </style>
          <bendpoint x="606" y="816" />
        </connection>
        <connection identifier="dda18b07" relationshipRef="d3a6b868" xsi:type="Relationship" source="e8a23e58" target="e927e2aa">
          <style>
            <lineColor r="0" g="0" b="0" />
            <font name="Lucida Grande" size="12">
              <color r="0" g="0" b="0" />
            </font>
          </style>
        </connection>
        <connection identifier="d4baedd1" relationshipRef="id-64580642" xsi:type="Relationship" source="id-7473110f" target="id-0599ffcb">
          <style>
            <lineColor r="0" g="0" b="0" />
            <font name="Lucida Grande" size="12">
              <color r="0" g="0" b="0" />
            </font>
          </style>
        </connection>
        <connection identifier="a8004339" relationshipRef="id-2a3a6bfc" xsi:type="Relationship" source="id-7ce9a424" target="id-40167922">
          <style>
            <lineColor r="0" g="0" b="0" />
            <font name="Lucida Grande" size="12">
              <color r="0" g="0" b="0" />
            </font>
          </style>
        </connection>
        <connection identifier="e8ab413c" relationshipRef="id-5399cfa2" xsi:type="Relationship" source="id-7ce9a424" target="id-7473110f">
          <style>
            <lineColor r="0" g="0" b="0" />
            <font name="Lucida Grande" size="12">
              <color r="0" g="0" b="0" />
            </font>
          </style>
        </connection>
        <connection identifier="id-6663035d" relationshipRef="id-3f997960" xsi:type="Relationship" source="id-68eff19a" target="id-7ce9a424">
          <style>
            <lineColor r="0" g="0" b="0" />
            <font name="Lucida Grande" size="12">
              <color r="0" g="0" b="0" />
            </font>
          </style>
        </connection>
        <connection identifier="dba9ffc1" relationshipRef="id-4f77f75e" xsi:type="Relationship" source="id-11ba8adc" target="c5d29324">
          <style>
            <lineColor r="0" g="0" b="0" />
            <font name="Lucida Grande" size="12">
              <color r="0" g="0" b="0" />
            </font>
          </style>
          <bendpoint x="809" y="289" />
        </connection>
        <connection identifier="ccc036bc" relationshipRef="id-54691b40" xsi:type="Relationship" source="id-11ba8adc" target="id-32e1afa2">
          <style>
            <lineColor r="192" g="192" b="192" />
            <font name="Lucida Grande" size="12">
              <color r="0" g="0" b="0" />
            </font>
          </style>
        </connection>
        <connection identifier="id-9e274bab" relationshipRef="id-57d6ecde" xsi:type="Relationship" source="id-11ba8adc" target="id-0bc1464a">
          <style>
            <lineColor r="0" g="0" b="0" />
            <font name="Lucida Grande" size="12">
              <color r="0" g="0" b="0" />
            </font>
          </style>
        </connection>
        <connection identifier="id-97a246b3" relationshipRef="id-7ee5bdb7" xsi:type="Relationship" source="id-11ba8adc" target="id-664d75cb">
          <style>
            <lineColor r="0" g="0" b="0" />
            <font name="Lucida Grande" size="12">
              <color r="0" g="0" b="0" />
            </font>
          </style>
        </connection>
        <connection identifier="id-5502a0db" relationshipRef="id-1c16b5db" xsi:type="Relationship" source="id-0bc1464a" target="id-32e1afa2">
          <style>
            <lineColor r="192" g="192" b="192" />
            <font name="Lucida Grande" size="12">
              <color r="0" g="0" b="0" />
            </font>
          </style>
        </connection>
        <connection identifier="id-00e5c080" relationshipRef="fa5cf17c" xsi:type="Relationship" source="dfafe23f" target="id-9f9d29fc">
          <style>
            <lineColor r="0" g="0" b="0" />
            <font name="Lucida Grande" size="12">
              <color r="0" g="0" b="0" />
            </font>
          </style>
        </connection>
        <connection identifier="id-0e22d545" relationshipRef="id-677fb382" xsi:type="Relationship" source="ce827ea4" target="id-32e1afa2">
          <style>
            <lineColor r="0" g="0" b="0" />
            <font name="Lucida Grande" size="12">
              <color r="0" g="0" b="0" />
            </font>
          </style>
        </connection>
        <connection identifier="id-400f6d38" relationshipRef="id-8c610ec5" xsi:type="Relationship" source="id-8dd21cbe" target="dfafe23f">
          <style>
            <lineColor r="0" g="0" b="0" />
            <font name="Lucida Grande" size="12">
              <color r="0" g="0" b="0" />
            </font>
          </style>
        </connection>
        <connection identifier="e75f3d47" relationshipRef="e7bed00d" xsi:type="Relationship" source="id-05b6cd18" target="id-8dd21cbe">
          <style>
            <lineColor r="0" g="0" b="0" />
            <font name="Lucida Grande" size="12">
              <color r="0" g="0" b="0" />
            </font>
          </style>
        </connection>
        <connection identifier="id-90f7bc03" relationshipRef="dc4bdd35" xsi:type="Relationship" source="id-05b6cd18" target="id-32e1afa2">
          <style>
            <lineColor r="0" g="0" b="0" />
            <font name="Lucida Grande" size="12">
              <color r="0" g="0" b="0" />
            </font>
          </style>
        </connection>
        <connection identifier="a54d0668" relationshipRef="e2f55905" xsi:type="Relationship" source="id-664d75cb" target="id-0c6df5b8">
          <style>
            <lineColor r="192" g="192" b="192" />
            <font name="Lucida Grande" size="12">
              <color r="0" g="0" b="0" />
            </font>
          </style>
          <bendpoint x="1699" y="591" />
        </connection>
        <connection identifier="bc58c342" relationshipRef="id-86881dc4" xsi:type="Relationship" source="id-664d75cb" target="cc22ebe8">
          <style>
            <lineColor r="0" g="0" b="0" />
            <font name="Lucida Grande" size="12">
              <color r="0" g="0" b="0" />
            </font>
          </style>
        </connection>
        <connection identifier="id-533aec20" relationshipRef="id-9730966c" xsi:type="Relationship" source="c5d9e2b6" target="id-6cc518e9">
          <style>
            <lineColor r="0" g="0" b="0" />
            <font name="Lucida Grande" size="12">
              <color r="0" g="0" b="0" />
            </font>
          </style>
        </connection>
        <connection identifier="id-3fb50982" relationshipRef="f35328ea" xsi:type="Relationship" source="id-092f0f13" target="id-0c6df5b8">
          <style>
            <lineColor r="0" g="0" b="0" />
            <font name="Lucida Grande" size="12">
              <color r="0" g="0" b="0" />
            </font>
          </style>
        </connection>
        <connection identifier="id-500eb9d2" relationshipRef="id-5b394198" xsi:type="Relationship" source="id-400d49b0" target="c5d9e2b6">
          <style>
            <lineColor r="0" g="0" b="0" />
            <font name="Lucida Grande" size="12">
              <color r="0" g="0" b="0" />
            </font>
          </style>
        </connection>
        <connection identifier="id-5c8ac8d6" relationshipRef="id-2b764c2d" xsi:type="Relationship" source="id-556bedfa" target="id-400d49b0">
          <style>
            <lineColor r="0" g="0" b="0" />
            <font name="Lucida Grande" size="12">
              <color r="0" g="0" b="0" />
            </font>
          </style>
        </connection>
        <connection identifier="id-53b7dde9" relationshipRef="id-9a56ab9a" xsi:type="Relationship" source="id-556bedfa" target="id-0c6df5b8">
          <style>
            <lineColor r="0" g="0" b="0" />
            <font name="Lucida Grande" size="12">
              <color r="0" g="0" b="0" />
            </font>
          </style>
        </connection>
        <connection identifier="b7fbd169" relationshipRef="id-022bedc8" xsi:type="Relationship" source="id-8ef8efc0" target="id-16454767">
          <style>
            <lineColor r="0" g="0" b="0" />
            <font name="Lucida Grande" size="12">
              <color r="0" g="0" b="0" />
            </font>
          </style>
        </connection>
        <connection identifier="id-00320d8d" relationshipRef="c1cb655d" xsi:type="Relationship" source="id-16454767" target="id-092f0f13">
          <style>
            <lineColor r="0" g="0" b="0" />
            <font name="Lucida Grande" size="12">
              <color r="0" g="0" b="0" />
            </font>
          </style>
        </connection>
        <connection identifier="id-0e696403" relationshipRef="id-1a10c9bf" xsi:type="Relationship" source="id-16454767" target="ce827ea4">
          <style>
            <lineColor r="0" g="0" b="0" />
            <font name="Lucida Grande" size="12">
              <color r="0" g="0" b="0" />
            </font>
          </style>
        </connection>
        <connection identifier="c3f7600c" relationshipRef="id-22ac2c94" xsi:type="Relationship" source="id-16454767" target="id-067575b0">
          <style>
            <lineColor r="0" g="0" b="0" />
            <font name="Lucida Grande" size="12">
              <color r="0" g="0" b="0" />
            </font>
          </style>
        </connection>
        <connection identifier="fef5d563" relationshipRef="caad891b" xsi:type="Relationship" source="id-16454767" target="e8a23e58">
          <style>
            <lineColor r="0" g="0" b="0" />
            <font name="Lucida Grande" size="12">
              <color r="0" g="0" b="0" />
            </font>
          </style>
        </connection>
      </view>
    </diagrams>
  </views>
</model>
