{"identifier":"https://me.big.tuwien.ac.at/EAModelSet/id-2ecbde29-8836-4cae-b1d8-45eb8f1b8421","archimateId":"id-2ecbde29-8836-4cae-b1d8-45eb8f1b8421","name":"10 Layered Architecture for Information Systems","description":"","formats":["XML","CSV","JSON","ARCHIMATE"],"source":"GitHub","sourceFile":"raw-data/github/xml/10_layered_architecture_for_information_systems.xml","sourceFormat":"XML","timestamp":"29-06-2023 09:26:37","tags":[],"duplicates":[],"language":"en","elements":[{"id":"id-08905d9a","name":"database","type":"ApplicationComponent","layer":"application"},{"id":"id-4432cfe4","name":"application","type":"ApplicationComponent","layer":"application"},{"id":"id-2ba01a1c","name":"application","type":"ApplicationComponent","layer":"application"},{"id":"id-7e58f544","name":"database","type":"ApplicationComponent","layer":"application"},{"id":"id-6ca406bb","name":"domain","type":"ApplicationComponent","layer":"application"},{"id":"c7e8a0b6","name":"presentation","type":"ApplicationComponent","layer":"application"},{"id":"id-8cb0ea70","name":"facades","type":"ApplicationComponent","layer":"application"},{"id":"id-62bc496e","name":"domain model","type":"ApplicationComponent","layer":"application"},{"id":"id-959e1251","name":"data source","type":"ApplicationComponent","layer":"application"},{"id":"dda6078c","name":"domain model","type":"ApplicationComponent","layer":"application"},{"id":"id-47f1f1cb","name":"data source","type":"ApplicationComponent","layer":"application"},{"id":"id-526224ba","name":"facades","type":"ApplicationComponent","layer":"application"},{"id":"f12d6043","name":"server","type":"Device","layer":"technology"},{"id":"id-4f178ad0","name":"client","type":"Device","layer":"technology"},{"id":"ed26b5b2","name":"clent","type":"Node","layer":"technology"},{"id":"a5b0c6cd","name":"server","type":"Node","layer":"technology"},{"id":"a4174e8a","name":"clent","type":"Node","layer":"technology"},{"id":"id-77ac56ea","name":"server","type":"Node","layer":"technology"},{"id":"id-06d39935","name":"client or server","type":"Node","layer":"technology"}],"relationships":[{"id":"id-51a91f05","sourceId":"a5b0c6cd","targetId":"id-08905d9a","type":"Serving"},{"id":"id-85fa3716","sourceId":"ed26b5b2","targetId":"id-4432cfe4","type":"Serving"},{"id":"d3999f30","sourceId":"id-4432cfe4","targetId":"id-08905d9a","type":"Association"},{"id":"id-1366a2a9","sourceId":"id-77ac56ea","targetId":"id-7e58f544","type":"Serving"},{"id":"id-84065405","sourceId":"id-2ba01a1c","targetId":"id-7e58f544","type":"Association"},{"id":"id-12aeb06a","sourceId":"a4174e8a","targetId":"id-2ba01a1c","type":"Serving"},{"id":"id-9bb177bd","sourceId":"id-06d39935","targetId":"id-6ca406bb","type":"Serving"},{"id":"id-5d812c69","sourceId":"c7e8a0b6","targetId":"id-8cb0ea70","type":"Association"},{"id":"id-73171df3","sourceId":"id-8cb0ea70","targetId":"id-62bc496e","type":"Association"},{"id":"id-0e914055","sourceId":"id-62bc496e","targetId":"id-959e1251","type":"Association"},{"id":"id-330608ee","sourceId":"dda6078c","targetId":"id-526224ba","type":"Association"},{"id":"d7519cf8","sourceId":"id-526224ba","targetId":"id-47f1f1cb","type":"Association"}],"views":[{"id":"ee789949-b48e-44a3-9ab0-ca81647656c2","name":"Layered Architecture for Information Systems","viewpoint":""},{"id":"id-2855e7c0-d41a-41ca-ae71-e617efa7846c","name":"1 Two-Tier Architecture","viewpoint":""},{"id":"id-1b3e8e2d-39b1-464c-866c-1c33c4bd6168","name":"2 Three-Tier Architecture","viewpoint":""},{"id":"b98fabfe-6dc1-4908-996a-112af9f3d206","name":"3 Presentation and Application Logic","viewpoint":""},{"id":"id-7f7e5591-2482-4d94-9b95-d1ac43b4b562","name":"4 Database Interaction","viewpoint":""}]}