<?xml version="1.0" encoding="UTF-8"?>
<model xmlns="http://www.opengroup.org/xsd/archimate/3.0/" xmlns:xsi="http://www.w3.org/2001/XMLSchema-instance" xsi:schemaLocation="http://www.opengroup.org/xsd/archimate/3.0/ http://www.opengroup.org/xsd/archimate/3.1/archimate3_Diagram.xsd" identifier="id-2ecbde29-8836-4cae-b1d8-45eb8f1b8421">
  <name xml:lang="en">10 Layered Architecture for Information Systems</name>
  <elements>
    <element identifier="id-08905d9a" xsi:type="ApplicationComponent">
      <name xml:lang="en">database</name>
    </element>
    <element identifier="id-4432cfe4" xsi:type="ApplicationComponent">
      <name xml:lang="en">application</name>
    </element>
    <element identifier="id-2ba01a1c" xsi:type="ApplicationComponent">
      <name xml:lang="en">application</name>
    </element>
    <element identifier="id-7e58f544" xsi:type="ApplicationComponent">
      <name xml:lang="en">database</name>
    </element>
    <element identifier="id-6ca406bb" xsi:type="ApplicationComponent">
      <name xml:lang="en">domain</name>
    </element>
    <element identifier="c7e8a0b6" xsi:type="ApplicationComponent">
      <name xml:lang="en">presentation</name>
    </element>
    <element identifier="id-8cb0ea70" xsi:type="ApplicationComponent">
      <name xml:lang="en">facades</name>
      <documentation xml:lang="en">single point of refer-ence for&#xD;
client/server interaction</documentation>
    </element>
    <element identifier="id-62bc496e" xsi:type="ApplicationComponent">
      <name xml:lang="en">domain model</name>
    </element>
    <element identifier="id-959e1251" xsi:type="ApplicationComponent">
      <name xml:lang="en">data source</name>
    </element>
    <element identifier="dda6078c" xsi:type="ApplicationComponent">
      <name xml:lang="en">domain model</name>
    </element>
    <element identifier="id-47f1f1cb" xsi:type="ApplicationComponent">
      <name xml:lang="en">data source</name>
    </element>
    <element identifier="id-526224ba" xsi:type="ApplicationComponent">
      <name xml:lang="en">facades</name>
      <documentation xml:lang="en">his facade selects and simplifies the object&#xD;
structure and performs type conversion to the simpler external type system</documentation>
    </element>
    <element identifier="f12d6043" xsi:type="Device">
      <name xml:lang="en">server</name>
    </element>
    <element identifier="id-4f178ad0" xsi:type="Device">
      <name xml:lang="en">client</name>
    </element>
    <element identifier="ed26b5b2" xsi:type="Node">
      <name xml:lang="en">clent</name>
      <documentation xml:lang="en">desktop machines</documentation>
    </element>
    <element identifier="a5b0c6cd" xsi:type="Node">
      <name xml:lang="en">server</name>
    </element>
    <element identifier="a4174e8a" xsi:type="Node">
      <name xml:lang="en">clent</name>
    </element>
    <element identifier="id-77ac56ea" xsi:type="Node">
      <name xml:lang="en">server</name>
    </element>
    <element identifier="id-06d39935" xsi:type="Node">
      <name xml:lang="en">client or server</name>
    </element>
  </elements>
  <relationships>
    <relationship identifier="id-51a91f05" source="a5b0c6cd" target="id-08905d9a" xsi:type="Serving" />
    <relationship identifier="id-85fa3716" source="ed26b5b2" target="id-4432cfe4" xsi:type="Serving" />
    <relationship identifier="d3999f30" source="id-4432cfe4" target="id-08905d9a" xsi:type="Association" />
    <relationship identifier="id-1366a2a9" source="id-77ac56ea" target="id-7e58f544" xsi:type="Serving" />
    <relationship identifier="id-84065405" source="id-2ba01a1c" target="id-7e58f544" xsi:type="Association" />
    <relationship identifier="id-12aeb06a" source="a4174e8a" target="id-2ba01a1c" xsi:type="Serving" />
    <relationship identifier="id-9bb177bd" source="id-06d39935" target="id-6ca406bb" xsi:type="Serving" />
    <relationship identifier="id-5d812c69" source="c7e8a0b6" target="id-8cb0ea70" xsi:type="Association" />
    <relationship identifier="id-73171df3" source="id-8cb0ea70" target="id-62bc496e" xsi:type="Association" />
    <relationship identifier="id-0e914055" source="id-62bc496e" target="id-959e1251" xsi:type="Association" />
    <relationship identifier="id-330608ee" source="dda6078c" target="id-526224ba" xsi:type="Association" />
    <relationship identifier="d7519cf8" source="id-526224ba" target="id-47f1f1cb" xsi:type="Association" />
  </relationships>
  <organizations>
    <item>
      <label xml:lang="en">Application</label>
      <item identifierRef="id-08905d9a" />
      <item identifierRef="id-4432cfe4" />
      <item identifierRef="id-2ba01a1c" />
      <item identifierRef="id-7e58f544" />
      <item identifierRef="id-6ca406bb" />
      <item identifierRef="c7e8a0b6" />
      <item identifierRef="id-8cb0ea70" />
      <item identifierRef="id-62bc496e" />
      <item identifierRef="id-959e1251" />
      <item identifierRef="dda6078c" />
      <item identifierRef="id-47f1f1cb" />
      <item identifierRef="id-526224ba" />
    </item>
    <item>
      <label xml:lang="en">Technology &amp; Physical</label>
      <item identifierRef="f12d6043" />
      <item identifierRef="id-4f178ad0" />
      <item identifierRef="ed26b5b2" />
      <item identifierRef="a5b0c6cd" />
      <item identifierRef="a4174e8a" />
      <item identifierRef="id-77ac56ea" />
      <item identifierRef="id-06d39935" />
    </item>
    <item>
      <label xml:lang="en">Relations</label>
      <item identifierRef="id-51a91f05" />
      <item identifierRef="id-85fa3716" />
      <item identifierRef="d3999f30" />
      <item identifierRef="id-1366a2a9" />
      <item identifierRef="id-84065405" />
      <item identifierRef="id-12aeb06a" />
      <item identifierRef="id-9bb177bd" />
      <item identifierRef="id-5d812c69" />
      <item identifierRef="id-73171df3" />
      <item identifierRef="id-0e914055" />
      <item identifierRef="id-330608ee" />
      <item identifierRef="d7519cf8" />
    </item>
    <item>
      <label xml:lang="en">Views</label>
      <item identifierRef="ee789949-b48e-44a3-9ab0-ca81647656c2" />
      <item identifierRef="id-2855e7c0-d41a-41ca-ae71-e617efa7846c" />
      <item identifierRef="id-1b3e8e2d-39b1-464c-866c-1c33c4bd6168" />
      <item identifierRef="b98fabfe-6dc1-4908-996a-112af9f3d206" />
      <item identifierRef="id-7f7e5591-2482-4d94-9b95-d1ac43b4b562" />
    </item>
  </organizations>
  <views>
    <diagrams>
      <view identifier="ee789949-b48e-44a3-9ab0-ca81647656c2" xsi:type="Diagram">
        <name xml:lang="en">Layered Architecture for Information Systems</name>
      </view>
      <view identifier="id-2855e7c0-d41a-41ca-ae71-e617efa7846c" xsi:type="Diagram">
        <name xml:lang="en">1 Two-Tier Architecture</name>
        <node identifier="id-41852c46" x="170" y="350" w="206" h="271" xsi:type="Container">
          <label xml:lang="en">client tier</label>
          <style>
            <fillColor r="210" g="215" b="215" a="100" />
            <lineColor r="92" g="92" b="92" a="100" />
            <font name="Segoe UI" size="9">
              <color r="0" g="0" b="0" />
            </font>
          </style>
          <node identifier="id-65871500" elementRef="id-4432cfe4" xsi:type="Element" x="200" y="390" w="120" h="55">
            <style>
              <fillColor r="181" g="255" b="255" a="100" />
              <lineColor r="92" g="92" b="92" a="100" />
              <font name="Segoe UI" size="9">
                <color r="0" g="0" b="0" />
              </font>
            </style>
          </node>
          <node identifier="cc27a7d9" elementRef="ed26b5b2" xsi:type="Element" x="200" y="530" w="120" h="55">
            <style>
              <fillColor r="201" g="231" b="183" a="100" />
              <lineColor r="92" g="92" b="92" a="100" />
              <font name="Segoe UI" size="9">
                <color r="0" g="0" b="0" />
              </font>
            </style>
          </node>
        </node>
        <node identifier="id-0c42074f" x="425" y="350" w="206" h="271" xsi:type="Container">
          <label xml:lang="en">server tier</label>
          <style>
            <fillColor r="210" g="215" b="215" a="100" />
            <lineColor r="92" g="92" b="92" a="100" />
            <font name="Segoe UI" size="9">
              <color r="0" g="0" b="0" />
            </font>
          </style>
          <node identifier="id-7fd4a829" elementRef="id-08905d9a" xsi:type="Element" x="470" y="395" w="120" h="55">
            <style>
              <fillColor r="181" g="255" b="255" a="100" />
              <lineColor r="92" g="92" b="92" a="100" />
              <font name="Segoe UI" size="9">
                <color r="0" g="0" b="0" />
              </font>
            </style>
          </node>
          <node identifier="e158b187" elementRef="a5b0c6cd" xsi:type="Element" x="470" y="530" w="120" h="55">
            <style>
              <fillColor r="201" g="231" b="183" a="100" />
              <lineColor r="92" g="92" b="92" a="100" />
              <font name="Segoe UI" size="9">
                <color r="0" g="0" b="0" />
              </font>
            </style>
          </node>
        </node>
        <node identifier="f13d4657" xsi:type="Label" x="170" y="225" w="185" h="80">
          <label xml:lang="en">two-tier architecture</label>
          <style>
            <fillColor r="255" g="255" b="255" a="100" />
            <lineColor r="92" g="92" b="92" a="100" />
            <font name="Segoe UI" size="9">
              <color r="255" g="0" b="0" />
            </font>
          </style>
        </node>
        <connection identifier="id-2c8629d0" relationshipRef="d3999f30" xsi:type="Relationship" source="id-65871500" target="id-7fd4a829">
          <style>
            <lineColor r="0" g="0" b="0" />
            <font name="Segoe UI" size="9">
              <color r="0" g="0" b="0" />
            </font>
          </style>
        </connection>
        <connection identifier="id-46189a4c" relationshipRef="id-85fa3716" xsi:type="Relationship" source="cc27a7d9" target="id-65871500">
          <style>
            <lineColor r="0" g="0" b="0" />
            <font name="Segoe UI" size="9">
              <color r="0" g="0" b="0" />
            </font>
          </style>
        </connection>
        <connection identifier="id-06eaaf3c" relationshipRef="id-51a91f05" xsi:type="Relationship" source="e158b187" target="id-7fd4a829">
          <style>
            <lineColor r="0" g="0" b="0" />
            <font name="Segoe UI" size="9">
              <color r="0" g="0" b="0" />
            </font>
          </style>
        </connection>
      </view>
      <view identifier="id-1b3e8e2d-39b1-464c-866c-1c33c4bd6168" xsi:type="Diagram">
        <name xml:lang="en">2 Three-Tier Architecture</name>
        <node identifier="dd989d1b" xsi:type="Label" x="243" y="344" w="185" h="80">
          <label xml:lang="en">three-tier architecture</label>
          <style>
            <fillColor r="255" g="255" b="255" a="100" />
            <lineColor r="92" g="92" b="92" a="100" />
            <font name="Segoe UI" size="9">
              <color r="255" g="0" b="0" />
            </font>
          </style>
        </node>
        <node identifier="f88fffde" x="243" y="449" w="206" h="271" xsi:type="Container">
          <label xml:lang="en">external schema</label>
          <style>
            <fillColor r="210" g="215" b="215" a="100" />
            <lineColor r="92" g="92" b="92" a="100" />
            <font name="Segoe UI" size="9">
              <color r="0" g="0" b="0" />
            </font>
          </style>
          <node identifier="f887cc0c" elementRef="id-2ba01a1c" xsi:type="Element" x="273" y="489" w="120" h="55">
            <style>
              <fillColor r="181" g="255" b="255" a="100" />
              <lineColor r="92" g="92" b="92" a="100" />
              <font name="Segoe UI" size="9">
                <color r="0" g="0" b="0" />
              </font>
            </style>
          </node>
          <node identifier="id-280c49ad" elementRef="a4174e8a" xsi:type="Element" x="273" y="629" w="120" h="55">
            <style>
              <fillColor r="201" g="231" b="183" a="100" />
              <lineColor r="92" g="92" b="92" a="100" />
              <font name="Segoe UI" size="9">
                <color r="0" g="0" b="0" />
              </font>
            </style>
          </node>
        </node>
        <node identifier="id-27fde0c4" x="733" y="449" w="206" h="271" xsi:type="Container">
          <label xml:lang="en">internal schema (storage)</label>
          <style>
            <fillColor r="210" g="215" b="215" a="100" />
            <lineColor r="92" g="92" b="92" a="100" />
            <font name="Segoe UI" size="9">
              <color r="0" g="0" b="0" />
            </font>
          </style>
          <node identifier="df8a4037" elementRef="id-7e58f544" xsi:type="Element" x="778" y="494" w="120" h="55">
            <style>
              <fillColor r="181" g="255" b="255" a="100" />
              <lineColor r="92" g="92" b="92" a="100" />
              <font name="Segoe UI" size="9">
                <color r="0" g="0" b="0" />
              </font>
            </style>
          </node>
          <node identifier="c45eeed5" elementRef="id-77ac56ea" xsi:type="Element" x="778" y="629" w="120" h="55">
            <style>
              <fillColor r="201" g="231" b="183" a="100" />
              <lineColor r="92" g="92" b="92" a="100" />
              <font name="Segoe UI" size="9">
                <color r="0" g="0" b="0" />
              </font>
            </style>
          </node>
        </node>
        <node identifier="df2104a0" x="493" y="449" w="206" h="271" xsi:type="Container">
          <label xml:lang="en">conceptual schema</label>
          <style>
            <fillColor r="210" g="215" b="215" a="100" />
            <lineColor r="92" g="92" b="92" a="100" />
            <font name="Segoe UI" size="9">
              <color r="0" g="0" b="0" />
            </font>
          </style>
          <node identifier="id-8674f9b1" elementRef="id-6ca406bb" xsi:type="Element" x="538" y="494" w="120" h="55">
            <style>
              <fillColor r="181" g="255" b="255" a="100" />
              <lineColor r="92" g="92" b="92" a="100" />
              <font name="Segoe UI" size="9">
                <color r="0" g="0" b="0" />
              </font>
            </style>
          </node>
          <node identifier="id-49b6e1cc" elementRef="id-06d39935" xsi:type="Element" x="538" y="629" w="120" h="55">
            <style>
              <fillColor r="201" g="231" b="183" a="100" />
              <lineColor r="92" g="92" b="92" a="100" />
              <font name="Segoe UI" size="9">
                <color r="0" g="0" b="0" />
              </font>
            </style>
          </node>
        </node>
        <connection identifier="ff61937e" relationshipRef="id-12aeb06a" xsi:type="Relationship" source="id-280c49ad" target="f887cc0c">
          <style>
            <lineColor r="0" g="0" b="0" />
            <font name="Segoe UI" size="9">
              <color r="0" g="0" b="0" />
            </font>
          </style>
        </connection>
        <connection identifier="id-4c8aa2c4" relationshipRef="id-1366a2a9" xsi:type="Relationship" source="c45eeed5" target="df8a4037">
          <style>
            <lineColor r="0" g="0" b="0" />
            <font name="Segoe UI" size="9">
              <color r="0" g="0" b="0" />
            </font>
          </style>
        </connection>
        <connection identifier="da0db959" relationshipRef="id-9bb177bd" xsi:type="Relationship" source="id-49b6e1cc" target="id-8674f9b1">
          <style>
            <lineColor r="0" g="0" b="0" />
            <font name="Segoe UI" size="9">
              <color r="0" g="0" b="0" />
            </font>
          </style>
        </connection>
      </view>
      <view identifier="b98fabfe-6dc1-4908-996a-112af9f3d206" xsi:type="Diagram">
        <name xml:lang="en">3 Presentation and Application Logic</name>
        <node identifier="id-8455ac72" x="392" y="106" w="400" h="140" xsi:type="Container">
          <label xml:lang="en">presentation tier</label>
          <documentation xml:lang="en">The&#xD;
pre-sentation tier is responsible for user interface only&#xD;
- It handles windows,&#xD;
menus, fonts, colors, and all positioning on screen or pape</documentation>
          <style>
            <fillColor r="210" g="215" b="215" a="100" />
            <lineColor r="92" g="92" b="92" a="100" />
            <font name="Segoe UI" size="9">
              <color r="0" g="0" b="0" />
            </font>
          </style>
          <node identifier="cdea966e" elementRef="c7e8a0b6" xsi:type="Element" x="442" y="156" w="120" h="55">
            <style>
              <fillColor r="181" g="255" b="255" a="100" />
              <lineColor r="92" g="92" b="92" a="100" />
              <font name="Segoe UI" size="9">
                <color r="0" g="0" b="0" />
              </font>
            </style>
          </node>
        </node>
        <node identifier="fada7082" x="392" y="270" w="400" h="140" xsi:type="Container">
          <label xml:lang="en">application logic tier</label>
          <documentation xml:lang="en">It is responsible for all accesses to the domain tier and&#xD;
any processing other than user interface processing</documentation>
          <style>
            <fillColor r="210" g="215" b="215" a="100" />
            <lineColor r="92" g="92" b="92" a="100" />
            <font name="Segoe UI" size="9">
              <color r="0" g="0" b="0" />
            </font>
          </style>
          <node identifier="id-8d833c22" elementRef="id-8cb0ea70" xsi:type="Element" x="442" y="325" w="120" h="55">
            <style>
              <fillColor r="181" g="255" b="255" a="100" />
              <lineColor r="92" g="92" b="92" a="100" />
              <font name="Segoe UI" size="9">
                <color r="0" g="0" b="0" />
              </font>
            </style>
          </node>
        </node>
        <node identifier="b92c2949" x="392" y="430" w="400" h="140" xsi:type="Container">
          <label xml:lang="en">domain tier</label>
          <style>
            <fillColor r="210" g="215" b="215" a="100" />
            <lineColor r="92" g="92" b="92" a="100" />
            <font name="Segoe UI" size="9">
              <color r="0" g="0" b="0" />
            </font>
          </style>
          <node identifier="c7ece81c" elementRef="id-62bc496e" xsi:type="Element" x="447" y="490" w="120" h="55">
            <style>
              <fillColor r="181" g="255" b="255" a="100" />
              <lineColor r="92" g="92" b="92" a="100" />
              <font name="Segoe UI" size="9">
                <color r="0" g="0" b="0" />
              </font>
            </style>
          </node>
        </node>
        <node identifier="aff84ddb" x="392" y="595" w="400" h="140" xsi:type="Container">
          <label xml:lang="en">data source tier</label>
          <style>
            <fillColor r="210" g="215" b="215" a="100" />
            <lineColor r="92" g="92" b="92" a="100" />
            <font name="Segoe UI" size="9">
              <color r="0" g="0" b="0" />
            </font>
          </style>
          <node identifier="id-45aa4081" elementRef="id-959e1251" xsi:type="Element" x="452" y="650" w="120" h="55">
            <style>
              <fillColor r="181" g="255" b="255" a="100" />
              <lineColor r="92" g="92" b="92" a="100" />
              <font name="Segoe UI" size="9">
                <color r="0" g="0" b="0" />
              </font>
            </style>
          </node>
        </node>
        <connection identifier="a1831e77" relationshipRef="id-5d812c69" xsi:type="Relationship" source="cdea966e" target="id-8d833c22">
          <style>
            <lineColor r="0" g="0" b="0" />
            <font name="Segoe UI" size="9">
              <color r="0" g="0" b="0" />
            </font>
          </style>
        </connection>
        <connection identifier="id-20339dec" relationshipRef="id-73171df3" xsi:type="Relationship" source="id-8d833c22" target="c7ece81c">
          <style>
            <lineColor r="0" g="0" b="0" />
            <font name="Segoe UI" size="9">
              <color r="0" g="0" b="0" />
            </font>
          </style>
        </connection>
        <connection identifier="id-11b807b6" relationshipRef="id-0e914055" xsi:type="Relationship" source="c7ece81c" target="id-45aa4081">
          <style>
            <lineColor r="0" g="0" b="0" />
            <font name="Segoe UI" size="9">
              <color r="0" g="0" b="0" />
            </font>
          </style>
        </connection>
      </view>
      <view identifier="id-7f7e5591-2482-4d94-9b95-d1ac43b4b562" xsi:type="Diagram">
        <name xml:lang="en">4 Database Interaction</name>
        <node identifier="id-3959f3b8" x="210" y="370" w="400" h="140" xsi:type="Container">
          <label xml:lang="en">domain tier</label>
          <style>
            <fillColor r="210" g="215" b="215" a="100" />
            <lineColor r="92" g="92" b="92" a="100" />
            <font name="Segoe UI" size="9">
              <color r="0" g="0" b="0" />
            </font>
          </style>
          <node identifier="a2c02588" elementRef="dda6078c" xsi:type="Element" x="265" y="430" w="120" h="55">
            <style>
              <fillColor r="181" g="255" b="255" a="100" />
              <lineColor r="92" g="92" b="92" a="100" />
              <font name="Segoe UI" size="9">
                <color r="0" g="0" b="0" />
              </font>
            </style>
          </node>
        </node>
        <node identifier="id-35ad8663" x="210" y="710" w="400" h="140" xsi:type="Container">
          <label xml:lang="en">data source tier</label>
          <style>
            <fillColor r="210" g="215" b="215" a="100" />
            <lineColor r="92" g="92" b="92" a="100" />
            <font name="Segoe UI" size="9">
              <color r="0" g="0" b="0" />
            </font>
          </style>
          <node identifier="d5a3ea4e" elementRef="id-47f1f1cb" xsi:type="Element" x="270" y="765" w="120" h="55">
            <style>
              <fillColor r="181" g="255" b="255" a="100" />
              <lineColor r="92" g="92" b="92" a="100" />
              <font name="Segoe UI" size="9">
                <color r="0" g="0" b="0" />
              </font>
            </style>
          </node>
        </node>
        <node identifier="id-9c22852a" x="210" y="545" w="400" h="140" xsi:type="Container">
          <label xml:lang="en">database interface tier</label>
          <documentation xml:lang="en">database interface tier,&#xD;
which is responsible for loading the domain tier with data from the database and&#xD;
for updating the database when the domain changes.</documentation>
          <style>
            <fillColor r="210" g="215" b="215" a="100" />
            <lineColor r="92" g="92" b="92" a="100" />
            <font name="Segoe UI" size="9">
              <color r="0" g="0" b="0" />
            </font>
          </style>
          <node identifier="e278018d" elementRef="id-526224ba" xsi:type="Element" x="265" y="605" w="120" h="55">
            <style>
              <fillColor r="181" g="255" b="255" a="100" />
              <lineColor r="92" g="92" b="92" a="100" />
              <font name="Segoe UI" size="9">
                <color r="0" g="0" b="0" />
              </font>
            </style>
          </node>
        </node>
        <node identifier="id-8e558744" xsi:type="Label" x="0" y="545" w="185" h="80">
          <label xml:lang="en">separating the data&#xD;
interface from the data model</label>
          <style>
            <fillColor r="255" g="255" b="255" a="100" />
            <lineColor r="92" g="92" b="92" a="100" />
            <font name="Segoe UI" size="9">
              <color r="255" g="0" b="0" />
            </font>
          </style>
        </node>
        <connection identifier="id-7c613d7b" relationshipRef="id-330608ee" xsi:type="Relationship" source="a2c02588" target="e278018d">
          <style>
            <lineColor r="0" g="0" b="0" />
            <font name="Segoe UI" size="9">
              <color r="0" g="0" b="0" />
            </font>
          </style>
        </connection>
        <connection identifier="id-53c1ed1b" relationshipRef="d7519cf8" xsi:type="Relationship" source="e278018d" target="d5a3ea4e">
          <style>
            <lineColor r="0" g="0" b="0" />
            <font name="Segoe UI" size="9">
              <color r="0" g="0" b="0" />
            </font>
          </style>
        </connection>
      </view>
    </diagrams>
  </views>
</model>
