<?xml version="1.0" encoding="UTF-8"?><model xmlns="http://www.opengroup.org/xsd/archimate/3.0/" xmlns:xsi="http://www.w3.org/2001/XMLSchema-instance" identifier="_FXiqAAewEeu_35Z1GKTxtw">  <name xml:lang="en">Технологии коммуникаций</name>  <elements>    <element xsi:type="BusinessRole" identifier="_HY7cMOneEDiStI-hnMBrqQ">      <name xml:lang="en">Заказчик</name>      <documentation/>    </element>    <element xsi:type="BusinessRole" identifier="_H8UdIOneEDiStI-hnMBrqQ">      <name xml:lang="en">Пользователь</name>      <documentation/>    </element>    <element xsi:type="BusinessService" identifier="_IQPesOneEDiStI-hnMBrqQ">      <name xml:lang="en">Целевая система</name>      <documentation/>    </element>    <element xsi:type="BusinessFunction" identifier="_Tkmu4OneEDiStI-hnMBrqQ">      <name xml:lang="en">Управляет балансом интересов</name>      <documentation/>    </element>    <element xsi:type="BusinessFunction" identifier="_3DnlMOneEDiStI-hnMBrqQ">      <name xml:lang="en">Достигает бизнес-целей</name>      <documentation/>    </element>    <element xsi:type="BusinessFunction" identifier="_5A8NgOneEDiStI-hnMBrqQ">      <name xml:lang="en">Использует</name>      <documentation/>    </element>    <element xsi:type="BusinessRole" identifier="_bkBAAOnfEDiStI-hnMBrqQ">      <name xml:lang="en">Аналитик</name>      <documentation/>    </element>    <element xsi:type="BusinessRole" identifier="_kujc8OnfEDiStI-hnMBrqQ">      <name xml:lang="en">Проектировщик системы</name>      <documentation/>    </element>    <element xsi:type="BusinessObject" identifier="_p-_b0OnfEDiStI-hnMBrqQ">      <name xml:lang="en">Бизнес-модель</name>      <documentation/>    </element>    <element xsi:type="BusinessObject" identifier="_xSDZwOnfEDiStI-hnMBrqQ">      <name xml:lang="en">Техническое решение </name>      <documentation/>    </element>    <element xsi:type="BusinessObject" identifier="_yS_5YOnfEDiStI-hnMBrqQ">      <name xml:lang="en">План проекта</name>      <documentation/>    </element>    <element xsi:type="Product" identifier="_EQn8kOngEDiStI-hnMBrqQ">      <name xml:lang="en">Объект уровня приложений</name>      <documentation/>    </element>    <element xsi:type="BusinessFunction" identifier="_U08qgOngEDiStI-hnMBrqQ">      <name xml:lang="en">Инициирует создание или изменение</name>      <documentation/>    </element>    <element xsi:type="BusinessRole" identifier="_qp7ZwOngEDiStI-hnMBrqQ">      <name xml:lang="en">Поставшик инфраструктуры</name>      <documentation/>    </element>    <element xsi:type="BusinessRole" identifier="_0CqaAOn8EDiStI-hnMBrqQ">      <name xml:lang="en">Менеджер поставщика инфраструктуры</name>      <documentation/>    </element>    <element xsi:type="BusinessRole" identifier="_3rCO4On8EDiStI-hnMBrqQ">      <name xml:lang="en">Инженер поставщика инфраструктуры</name>      <documentation/>    </element>    <element xsi:type="BusinessFunction" identifier="_wKGL0OniEDiStI-hnMBrqQ">      <name xml:lang="en">Проектирования уровня приложений</name>      <documentation/>    </element>    <element xsi:type="BusinessFunction" identifier="_5A3YMOniEDiStI-hnMBrqQ">      <name xml:lang="en">Пролектирование уровня инфраструктуры</name>      <documentation/>    </element>    <element xsi:type="BusinessFunction" identifier="_-0HJMOniEDiStI-hnMBrqQ">      <name xml:lang="en">Реализация уровня инфраструктуры</name>      <documentation/>    </element>    <element xsi:type="BusinessFunction" identifier="_JuZsgOnjEDiStI-hnMBrqQ">      <name xml:lang="en">Реализация уровная приложений</name>      <documentation/>    </element>    <element xsi:type="BusinessFunction" identifier="_AQPTgOnkEDiStI-hnMBrqQ">      <name xml:lang="en">Проектирование уровня бизнеса</name>      <documentation/>    </element>    <element xsi:type="BusinessRole" identifier="_R1-bIOnkEDiStI-hnMBrqQ">      <name xml:lang="en">Инженер приложения системы</name>      <documentation/>    </element>    <element xsi:type="BusinessRole" identifier="_TVFdcOnkEDiStI-hnMBrqQ">      <name xml:lang="en">Руководитель проекта создания системы</name>      <documentation/>    </element>    <element xsi:type="BusinessFunction" identifier="_QXU2YOnlEDiStI-hnMBrqQ">      <name xml:lang="en">Управляет реализацией</name>      <documentation/>    </element>    <element xsi:type="BusinessObject" identifier="_lNU04OnlEDiStI-hnMBrqQ">      <name xml:lang="en">Объект уровня инфраструктуры</name>      <documentation/>    </element>    <element xsi:type="BusinessFunction" identifier="_y2DUYOnlEDiStI-hnMBrqQ">      <name xml:lang="en">Обеспечивает непрерывность</name>      <documentation/>    </element>    <element xsi:type="BusinessRole" identifier="_r6WREOnmEDiStI-hnMBrqQ">      <name xml:lang="en">Руководитель сервиса поддержки системы</name>      <documentation/>    </element>    <element xsi:type="BusinessRole" identifier="_7X7ZYOnmEDiStI-hnMBrqQ">      <name xml:lang="en">Инженер инфраструктуры системы</name>      <documentation/>    </element>    <element xsi:type="BusinessCollaboration" identifier="_17rnkOnwEDiStI-hnMBrqQ">      <name xml:lang="en">Договор создания информационной системы</name>      <documentation/>    </element>    <element xsi:type="BusinessActor" identifier="_WiQRIOnxEDiStI-hnMBrqQ">      <name xml:lang="en">Заказчик</name>      <documentation/>    </element>    <element xsi:type="BusinessCollaboration" identifier="_eY4PIOnxEDiStI-hnMBrqQ">      <name xml:lang="en">Договор услуг</name>      <documentation/>    </element>    <element xsi:type="BusinessActor" identifier="_iNw2AOnxEDiStI-hnMBrqQ">      <name xml:lang="en">ООО Технологии Коммуникаций</name>      <documentation/>    </element>    <element xsi:type="BusinessActor" identifier="_lTURsOnxEDiStI-hnMBrqQ">      <name xml:lang="en">ИП &quot;.......&quot;</name>      <documentation/>    </element>    <element xsi:type="BusinessCollaboration" identifier="_qMwzQOn5EDiStI-hnMBrqQ">      <name xml:lang="en">Лицензионный договор</name>      <documentation/>    </element>    <element xsi:type="BusinessRole" identifier="_PUwZkOn6EDiStI-hnMBrqQ">      <name xml:lang="en">Поставщик приложений</name>      <documentation/>    </element>    <element xsi:type="BusinessRole" identifier="_SScn0On8EDiStI-hnMBrqQ">      <name xml:lang="en">Менеджер поставщика приложений</name>      <documentation/>    </element>    <element xsi:type="BusinessRole" identifier="_U_UdwOn8EDiStI-hnMBrqQ">      <name xml:lang="en">Инженер поддержки приложения</name>      <documentation/>    </element>    <element xsi:type="BusinessCollaboration" identifier="_9MfXMOn6EDiStI-hnMBrqQ">      <name xml:lang="en">Договор услуг предоставления инфраструктуры</name>      <documentation/>    </element>    <element xsi:type="BusinessRole" identifier="_SuhVQOn7EDiStI-hnMBrqQ">      <name xml:lang="en">Сейл</name>      <documentation/>    </element>    <element xsi:type="BusinessCollaboration" identifier="_GsWucOn8EDiStI-hnMBrqQ">      <name xml:lang="en">Договор поддержки приложения</name>      <documentation/>    </element>    <element xsi:type="BusinessObject" identifier="_9d6zgOn8EDiStI-hnMBrqQ">      <name xml:lang="en">Каталог услуг</name>      <documentation/>    </element>    <element xsi:type="BusinessObject" identifier="_FxZsoOn9EDiStI-hnMBrqQ">      <name xml:lang="en">Журнал услуг</name>      <documentation/>    </element>    <element xsi:type="BusinessObject" identifier="_RhtKkOoAEDiStI-hnMBrqQ">      <name xml:lang="en">Экземпляр услуги</name>      <documentation/>    </element>    <element xsi:type="BusinessObject" identifier="_VkzzoOoAEDiStI-hnMBrqQ">      <name xml:lang="en">Экземпляр услуги</name>      <documentation/>    </element>    <element xsi:type="BusinessObject" identifier="_WNFUkOoAEDiStI-hnMBrqQ">      <name xml:lang="en">Экземпляр услуги</name>      <documentation/>    </element>    <element xsi:type="ApplicationComponent" identifier="_XkbCUOn9EDiStI-hnMBrqQ">      <name xml:lang="en">Система управления услугами</name>      <documentation/>    </element>    <element xsi:type="BusinessProcess" identifier="_36S9cOn9EDiStI-hnMBrqQ">      <name xml:lang="en">Процесс управления каталогом услуг</name>      <documentation/>    </element>    <element xsi:type="BusinessProcess" identifier="__mNgQOn9EDiStI-hnMBrqQ">      <name xml:lang="en">Процесс управления услугами</name>      <documentation/>    </element>    <element xsi:type="BusinessService" identifier="_Rqz4sOn_EDiStI-hnMBrqQ">      <name xml:lang="en">Услуги проектирования</name>      <documentation/>    </element>    <element xsi:type="BusinessService" identifier="_lc_pwOn_EDiStI-hnMBrqQ">      <name xml:lang="en">Услуги уровня приложений</name>      <documentation/>    </element>    <element xsi:type="BusinessService" identifier="_paNGMOn_EDiStI-hnMBrqQ">      <name xml:lang="en">Услуги уровня инфраструктуры</name>      <documentation/>    </element>    <element xsi:type="BusinessRole" identifier="_wQOcIOtaEDimV-ezZqNQgg">      <name xml:lang="en">Заказчик</name>      <documentation/>    </element>    <element xsi:type="BusinessRole" identifier="_wQPDMetaEDimV-ezZqNQgg">      <name xml:lang="en">Пользователь</name>      <documentation/>    </element>    <element xsi:type="BusinessCollaboration" identifier="_wQPqQOtaEDimV-ezZqNQgg">      <name xml:lang="en">Договор создания информационной системы</name>      <documentation/>    </element>    <element xsi:type="BusinessActor" identifier="_wQQRUOtaEDimV-ezZqNQgg">      <name xml:lang="en">Заказчик</name>      <documentation/>    </element>    <element xsi:type="BusinessProcess" identifier="_wQQRVutaEDimV-ezZqNQgg">      <name xml:lang="en">Процесс управления услугами</name>      <documentation/>    </element>    <element xsi:type="BusinessCollaboration" identifier="_wQRfcetaEDimV-ezZqNQgg">      <name xml:lang="en">Лицензионный договор</name>      <documentation/>    </element>    <element xsi:type="BusinessCollaboration" identifier="_wQRfc-taEDimV-ezZqNQgg">      <name xml:lang="en">Договор услуг предоставления инфраструктуры</name>      <documentation/>    </element>    <element xsi:type="BusinessCollaboration" identifier="_wQRfdetaEDimV-ezZqNQgg">      <name xml:lang="en">Договор поддержки приложения</name>      <documentation/>    </element>    <element xsi:type="ApplicationComponent" identifier="_wQSGgetaEDimV-ezZqNQgg">      <name xml:lang="en">Система управления услугами</name>      <documentation/>    </element>    <element xsi:type="BusinessProcess" identifier="_wQSGg-taEDimV-ezZqNQgg">      <name xml:lang="en">Процесс управления каталогом услуг</name>      <documentation/>    </element>    <element xsi:type="BusinessObject" identifier="_wQSGh-taEDimV-ezZqNQgg">      <name xml:lang="en">Каталог услуг</name>      <documentation/>    </element>    <element xsi:type="BusinessObject" identifier="_wQTUoOtaEDimV-ezZqNQgg">      <name xml:lang="en">Журнал услуг</name>      <documentation/>    </element>    <element xsi:type="BusinessObject" identifier="_wQTUoutaEDimV-ezZqNQgg">      <name xml:lang="en">Экземпляр услуги</name>      <documentation/>    </element>    <element xsi:type="BusinessObject" identifier="_wQT7sOtaEDimV-ezZqNQgg">      <name xml:lang="en">Экземпляр услуги</name>      <documentation/>    </element>    <element xsi:type="BusinessObject" identifier="_wQT7sutaEDimV-ezZqNQgg">      <name xml:lang="en">Экземпляр услуги</name>      <documentation/>    </element>    <element xsi:type="BusinessRole" identifier="_wQT7tOtaEDimV-ezZqNQgg">      <name xml:lang="en">Поставшик инфраструктуры</name>      <documentation/>    </element>    <element xsi:type="BusinessRole" identifier="_wQT7tutaEDimV-ezZqNQgg">      <name xml:lang="en">Менеджер поставщика инфраструктуры</name>      <documentation/>    </element>    <element xsi:type="BusinessRole" identifier="_wQUiwOtaEDimV-ezZqNQgg">      <name xml:lang="en">Инженер поставщика инфраструктуры</name>      <documentation/>    </element>    <element xsi:type="BusinessRole" identifier="_wQUiwutaEDimV-ezZqNQgg">      <name xml:lang="en">Поставщик приложений</name>      <documentation/>    </element>    <element xsi:type="BusinessRole" identifier="_wQUixOtaEDimV-ezZqNQgg">      <name xml:lang="en">Менеджер поставщика приложений</name>      <documentation/>    </element>    <element xsi:type="BusinessRole" identifier="_wQUixutaEDimV-ezZqNQgg">      <name xml:lang="en">Инженер поддержки приложения</name>      <documentation/>    </element>    <element xsi:type="BusinessRole" identifier="_wQXmEutaEDimV-ezZqNQgg">      <name xml:lang="en">Руководитель проекта создания системы</name>      <documentation/>    </element>    <element xsi:type="BusinessRole" identifier="_wQXmFOtaEDimV-ezZqNQgg">      <name xml:lang="en">Инженер-аналитик</name>      <documentation/>    </element>    <element xsi:type="BusinessRole" identifier="_wQXmFutaEDimV-ezZqNQgg">      <name xml:lang="en">Руководитель сервиса поддержки системы</name>      <documentation/>    </element>    <element xsi:type="BusinessRole" identifier="_wQXmGOtaEDimV-ezZqNQgg">      <name xml:lang="en">Сейл</name>      <documentation/>    </element>    <element xsi:type="BusinessRole" identifier="_wQbQcetaEDimV-ezZqNQgg">      <name xml:lang="en">Проектировщик системы</name>      <documentation/>    </element>    <element xsi:type="BusinessRole" identifier="_wQbQc-taEDimV-ezZqNQgg">      <name xml:lang="en">Инженер инфраструктуры системы</name>      <documentation/>    </element>    <element xsi:type="BusinessRole" identifier="_wQb3getaEDimV-ezZqNQgg">      <name xml:lang="en">Инженер приложения системы</name>      <documentation/>    </element>    <element xsi:type="BusinessService" identifier="_wQb3g-taEDimV-ezZqNQgg">      <name xml:lang="en">Услуги проектирования</name>      <documentation/>    </element>    <element xsi:type="BusinessService" identifier="_wQcekOtaEDimV-ezZqNQgg">      <name xml:lang="en">Услуги уровня инфраструктуры</name>      <documentation/>    </element>    <element xsi:type="BusinessService" identifier="_wQcelOtaEDimV-ezZqNQgg">      <name xml:lang="en">Услуги уровня приложений</name>      <documentation/>    </element>    <element xsi:type="BusinessRole" identifier="_TBBhkOtbEDimV-ezZqNQgg">      <name xml:lang="en">Управляющий</name>      <documentation/>    </element>    <element xsi:type="BusinessFunction" identifier="_qIz8gOtbEDimV-ezZqNQgg">      <name xml:lang="en">Подбор инженерного персонала</name>      <documentation/>    </element>    <element xsi:type="BusinessActor" identifier="_1M1DkOtbEDimV-ezZqNQgg">      <name xml:lang="en">Actor</name>      <documentation/>    </element>    <element xsi:type="BusinessFunction" identifier="_ATl8oOtcEDimV-ezZqNQgg">      <name xml:lang="en">Решение организационных вопросов офиса</name>      <documentation/>    </element>    <element xsi:type="BusinessFunction" identifier="_Gf5G0OtcEDimV-ezZqNQgg">      <name xml:lang="en">Решение методологических вопросов обеспечения услуг и сервисов</name>      <documentation/>    </element>    <element xsi:type="BusinessFunction" identifier="_l0z7QOtcEDimV-ezZqNQgg">      <name xml:lang="en">Координация проекта по бизнес-требованиям</name>      <documentation/>    </element>    <element xsi:type="BusinessFunction" identifier="_tYOCUOtcEDimV-ezZqNQgg">      <name xml:lang="en">Организация обучения инженерного персонала</name>      <documentation/>    </element>    <element xsi:type="BusinessCollaboration" identifier="_iaCBAOtdEDimV-ezZqNQgg">      <name xml:lang="en">Договор поддержки информационной системы</name>      <documentation/>    </element>    <element xsi:type="BusinessRole" identifier="_2ZlYUOtgEDimV-ezZqNQgg">      <name xml:lang="en">Менеджер по работе с поставщиками</name>      <documentation/>    </element>    <element xsi:type="BusinessActor" identifier="_MLJAIOthEDimV-ezZqNQgg">      <name xml:lang="en">Технологии коммуникаций (Асталика)</name>      <documentation/>    </element>    <element xsi:type="BusinessActor" identifier="_wQQRVOtaEDimV-ezZqNQgg">      <name xml:lang="en">офис москва</name>      <documentation/>    </element>    <element xsi:type="BusinessActor" identifier="_yTXw4OtgEDimV-ezZqNQgg">      <name xml:lang="en">Астафьева ЛА</name>      <documentation/>    </element>    <element xsi:type="BusinessActor" identifier="_9quqsOtgEDimV-ezZqNQgg">      <name xml:lang="en">Букашин Д.А.</name>      <documentation/>    </element>    <element xsi:type="BusinessActor" identifier="_wQSGhetaEDimV-ezZqNQgg">      <name xml:lang="en">офис курск</name>      <documentation/>    </element>    <element xsi:type="BusinessActor" identifier="_Uwb-0OtdEDimV-ezZqNQgg">      <name xml:lang="en">Actor</name>      <documentation/>    </element>    <element xsi:type="BusinessActor" identifier="_703coOtdEDimV-ezZqNQgg">      <name xml:lang="en">Actor</name>      <documentation/>    </element>    <element xsi:type="BusinessActor" identifier="_uqUxIOthEDimV-ezZqNQgg">      <name xml:lang="en">КрафтТолк</name>      <documentation/>    </element>    <element xsi:type="BusinessActor" identifier="_vUDDkOthEDimV-ezZqNQgg">      <name xml:lang="en">Ростелл</name>      <documentation/>    </element>    <element xsi:type="BusinessActor" identifier="_v4vsEOthEDimV-ezZqNQgg">      <name xml:lang="en">Бипиум</name>      <documentation/>    </element>    <element xsi:type="BusinessActor" identifier="_-AY8MOthEDimV-ezZqNQgg">      <name xml:lang="en">Октелл</name>      <documentation/>    </element>    <element xsi:type="BusinessInteraction" identifier="_D5I4QOtiEDimV-ezZqNQgg">      <name xml:lang="en">Договор услуг по управлению</name>      <documentation/>    </element>    <element xsi:type="BusinessActor" identifier="_ZNGlIOtiEDimV-ezZqNQgg">      <name xml:lang="en">1 cloud</name>      <documentation/>    </element>    <element xsi:type="BusinessActor" identifier="_Wh-08OtdEDimV-ezZqNQgg">      <name xml:lang="en">Actor</name>      <documentation/>    </element>  </elements>  <relationships>    <relationship xsi:type="Assignment" identifier="_-dngMOtgEDimV-ezZqNQgg" source="_9quqsOtgEDimV-ezZqNQgg" target="_wQXmEutaEDimV-ezZqNQgg">      <name xml:lang="en"/>      <documentation/>    </relationship>    <relationship xsi:type="Assignment" identifier="_BfofsOthEDimV-ezZqNQgg" source="_yTXw4OtgEDimV-ezZqNQgg" target="_wQXmGOtaEDimV-ezZqNQgg">      <name xml:lang="en"/>      <documentation/>    </relationship>    <relationship xsi:type="Assignment" identifier="_EWZ4gOthEDimV-ezZqNQgg" source="_yTXw4OtgEDimV-ezZqNQgg" target="_wQXmFutaEDimV-ezZqNQgg">      <name xml:lang="en"/>      <documentation/>    </relationship>    <relationship xsi:type="Assignment" identifier="_GF3rAOthEDimV-ezZqNQgg" source="_yTXw4OtgEDimV-ezZqNQgg" target="_2ZlYUOtgEDimV-ezZqNQgg">      <name xml:lang="en"/>      <documentation/>    </relationship>    <relationship xsi:type="Assignment" identifier="_VpgU0OtdEDimV-ezZqNQgg" source="_Uwb-0OtdEDimV-ezZqNQgg" target="_wQXmFOtaEDimV-ezZqNQgg">      <name xml:lang="en"/>      <documentation/>    </relationship>    <relationship xsi:type="Assignment" identifier="_ZDTiMOtdEDimV-ezZqNQgg" source="_Wh-08OtdEDimV-ezZqNQgg" target="_wQbQcetaEDimV-ezZqNQgg">      <name xml:lang="en"/>      <documentation/>    </relationship>    <relationship xsi:type="Assignment" identifier="_-VmUAOtdEDimV-ezZqNQgg" source="_703coOtdEDimV-ezZqNQgg" target="_wQbQc-taEDimV-ezZqNQgg">      <name xml:lang="en"/>      <documentation/>    </relationship>    <relationship xsi:type="Assignment" identifier="__IbfIOtdEDimV-ezZqNQgg" source="_703coOtdEDimV-ezZqNQgg" target="_wQb3getaEDimV-ezZqNQgg">      <name xml:lang="en"/>      <documentation/>    </relationship>    <relationship xsi:type="Realization" identifier="_6Gh8kOneEDiStI-hnMBrqQ" source="_5A8NgOneEDiStI-hnMBrqQ" target="_IQPesOneEDiStI-hnMBrqQ">      <name xml:lang="en"/>      <documentation/>    </relationship>    <relationship xsi:type="Flow" identifier="_BhFCkOnfEDiStI-hnMBrqQ" source="_IQPesOneEDiStI-hnMBrqQ" target="_3DnlMOneEDiStI-hnMBrqQ">      <name xml:lang="en"/>      <documentation/>    </relationship>    <relationship xsi:type="Serving" identifier="_GdD0YOnfEDiStI-hnMBrqQ" source="_HY7cMOneEDiStI-hnMBrqQ" target="_3DnlMOneEDiStI-hnMBrqQ">      <name xml:lang="en"/>      <documentation/>    </relationship>    <relationship xsi:type="Serving" identifier="_JHEjkOnfEDiStI-hnMBrqQ" source="_H8UdIOneEDiStI-hnMBrqQ" target="_5A8NgOneEDiStI-hnMBrqQ">      <name xml:lang="en"/>      <documentation/>    </relationship>    <relationship xsi:type="Serving" identifier="_WAa_IOngEDiStI-hnMBrqQ" source="_HY7cMOneEDiStI-hnMBrqQ" target="_U08qgOngEDiStI-hnMBrqQ">      <name xml:lang="en"/>      <documentation/>    </relationship>    <relationship xsi:type="Flow" identifier="_8s0FgOniEDiStI-hnMBrqQ" source="_wKGL0OniEDiStI-hnMBrqQ" target="_5A3YMOniEDiStI-hnMBrqQ">      <name xml:lang="en"/>      <documentation/>    </relationship>    <relationship xsi:type="Flow" identifier="_AevfAOnjEDiStI-hnMBrqQ" source="_5A3YMOniEDiStI-hnMBrqQ" target="_-0HJMOniEDiStI-hnMBrqQ">      <name xml:lang="en"/>      <documentation/>    </relationship>    <relationship xsi:type="Flow" identifier="_KiifMOnjEDiStI-hnMBrqQ" source="_-0HJMOniEDiStI-hnMBrqQ" target="_JuZsgOnjEDiStI-hnMBrqQ">      <name xml:lang="en"/>      <documentation/>    </relationship>    <relationship xsi:type="Serving" identifier="_0CngEOnjEDiStI-hnMBrqQ" source="_kujc8OnfEDiStI-hnMBrqQ" target="_wKGL0OniEDiStI-hnMBrqQ">      <name xml:lang="en"/>      <documentation/>    </relationship>    <relationship xsi:type="Serving" identifier="_0_q-MOnjEDiStI-hnMBrqQ" source="_kujc8OnfEDiStI-hnMBrqQ" target="_5A3YMOniEDiStI-hnMBrqQ">      <name xml:lang="en"/>      <documentation/>    </relationship>    <relationship xsi:type="Flow" identifier="_CgCL4OnkEDiStI-hnMBrqQ" source="_U08qgOngEDiStI-hnMBrqQ" target="_AQPTgOnkEDiStI-hnMBrqQ">      <name xml:lang="en"/>      <documentation/>    </relationship>    <relationship xsi:type="Flow" identifier="_DF1noOnkEDiStI-hnMBrqQ" source="_AQPTgOnkEDiStI-hnMBrqQ" target="_wKGL0OniEDiStI-hnMBrqQ">      <name xml:lang="en"/>      <documentation/>    </relationship>    <relationship xsi:type="Serving" identifier="_LIa-AOnkEDiStI-hnMBrqQ" source="_bkBAAOnfEDiStI-hnMBrqQ" target="_AQPTgOnkEDiStI-hnMBrqQ">      <name xml:lang="en"/>      <documentation/>    </relationship>    <relationship xsi:type="Serving" identifier="_d324oOnkEDiStI-hnMBrqQ" source="_qp7ZwOngEDiStI-hnMBrqQ" target="_5A3YMOniEDiStI-hnMBrqQ">      <name xml:lang="en"/>      <documentation/>    </relationship>    <relationship xsi:type="Serving" identifier="_hXyjMOnkEDiStI-hnMBrqQ" source="_qp7ZwOngEDiStI-hnMBrqQ" target="_-0HJMOniEDiStI-hnMBrqQ">      <name xml:lang="en"/>      <documentation/>    </relationship>    <relationship xsi:type="Serving" identifier="_3LbOoOnkEDiStI-hnMBrqQ" source="_R1-bIOnkEDiStI-hnMBrqQ" target="_JuZsgOnjEDiStI-hnMBrqQ">      <name xml:lang="en"/>      <documentation/>    </relationship>    <relationship xsi:type="Realization" identifier="_IRhM4OnlEDiStI-hnMBrqQ" source="_JuZsgOnjEDiStI-hnMBrqQ" target="_IQPesOneEDiStI-hnMBrqQ">      <name xml:lang="en"/>      <documentation/>    </relationship>    <relationship xsi:type="Specialization" identifier="_V78VgOnlEDiStI-hnMBrqQ" source="_QXU2YOnlEDiStI-hnMBrqQ" target="_-0HJMOniEDiStI-hnMBrqQ">      <name xml:lang="en"/>      <documentation/>    </relationship>    <relationship xsi:type="Specialization" identifier="_Wcv8gOnlEDiStI-hnMBrqQ" source="_QXU2YOnlEDiStI-hnMBrqQ" target="_JuZsgOnjEDiStI-hnMBrqQ">      <name xml:lang="en"/>      <documentation/>    </relationship>    <relationship xsi:type="Serving" identifier="_Z8yUwOnlEDiStI-hnMBrqQ" source="_TVFdcOnkEDiStI-hnMBrqQ" target="_QXU2YOnlEDiStI-hnMBrqQ">      <name xml:lang="en"/>      <documentation/>    </relationship>    <relationship xsi:type="Association" identifier="_as8mYOnlEDiStI-hnMBrqQ" source="_QXU2YOnlEDiStI-hnMBrqQ" target="_yS_5YOnfEDiStI-hnMBrqQ">      <name xml:lang="en"/>      <documentation/>    </relationship>    <relationship xsi:type="Association" identifier="_l-X3UOnlEDiStI-hnMBrqQ" source="_qp7ZwOngEDiStI-hnMBrqQ" target="_lNU04OnlEDiStI-hnMBrqQ">      <name xml:lang="en"/>      <documentation/>    </relationship>    <relationship xsi:type="Serving" identifier="_GmCGAOnmEDiStI-hnMBrqQ" source="_R1-bIOnkEDiStI-hnMBrqQ" target="_y2DUYOnlEDiStI-hnMBrqQ">      <name xml:lang="en"/>      <documentation/>    </relationship>    <relationship xsi:type="Serving" identifier="_HNBNgOnmEDiStI-hnMBrqQ" source="_qp7ZwOngEDiStI-hnMBrqQ" target="_y2DUYOnlEDiStI-hnMBrqQ">      <name xml:lang="en"/>      <documentation/>    </relationship>    <relationship xsi:type="Realization" identifier="_jw1MQOnmEDiStI-hnMBrqQ" source="_y2DUYOnlEDiStI-hnMBrqQ" target="_IQPesOneEDiStI-hnMBrqQ">      <name xml:lang="en"/>      <documentation/>    </relationship>    <relationship xsi:type="Serving" identifier="_z87ncOnmEDiStI-hnMBrqQ" source="_r6WREOnmEDiStI-hnMBrqQ" target="_y2DUYOnlEDiStI-hnMBrqQ">      <name xml:lang="en"/>      <documentation/>    </relationship>    <relationship xsi:type="Serving" identifier="_-sgvkOnmEDiStI-hnMBrqQ" source="_7X7ZYOnmEDiStI-hnMBrqQ" target="_-0HJMOniEDiStI-hnMBrqQ">      <name xml:lang="en"/>      <documentation/>    </relationship>    <relationship xsi:type="Serving" identifier="__YwKgOnmEDiStI-hnMBrqQ" source="_7X7ZYOnmEDiStI-hnMBrqQ" target="_y2DUYOnlEDiStI-hnMBrqQ">      <name xml:lang="en"/>      <documentation/>    </relationship>    <relationship xsi:type="Realization" identifier="_OcAHQOnnEDiStI-hnMBrqQ" source="_Tkmu4OneEDiStI-hnMBrqQ" target="_IQPesOneEDiStI-hnMBrqQ">      <name xml:lang="en"/>      <documentation/>    </relationship>    <relationship xsi:type="Serving" identifier="_uxrCgOnxEDiStI-hnMBrqQ" source="_iNw2AOnxEDiStI-hnMBrqQ" target="_eY4PIOnxEDiStI-hnMBrqQ">      <name xml:lang="en"/>      <documentation/>    </relationship>    <relationship xsi:type="Serving" identifier="_vqRecOnxEDiStI-hnMBrqQ" source="_lTURsOnxEDiStI-hnMBrqQ" target="_eY4PIOnxEDiStI-hnMBrqQ">      <name xml:lang="en"/>      <documentation/>    </relationship>    <relationship xsi:type="Serving" identifier="_wVJAYOnxEDiStI-hnMBrqQ" source="_iNw2AOnxEDiStI-hnMBrqQ" target="_17rnkOnwEDiStI-hnMBrqQ">      <name xml:lang="en"/>      <documentation/>    </relationship>    <relationship xsi:type="Serving" identifier="_xJcLIOnxEDiStI-hnMBrqQ" source="_WiQRIOnxEDiStI-hnMBrqQ" target="_17rnkOnwEDiStI-hnMBrqQ">      <name xml:lang="en"/>      <documentation/>    </relationship>    <relationship xsi:type="Serving" identifier="_r8AjUOn5EDiStI-hnMBrqQ" source="_iNw2AOnxEDiStI-hnMBrqQ" target="_qMwzQOn5EDiStI-hnMBrqQ">      <name xml:lang="en"/>      <documentation/>    </relationship>    <relationship xsi:type="Association" identifier="_Qwq98On6EDiStI-hnMBrqQ" source="_EQn8kOngEDiStI-hnMBrqQ" target="_PUwZkOn6EDiStI-hnMBrqQ">      <name xml:lang="en"/>      <documentation/>    </relationship>    <relationship xsi:type="Serving" identifier="_SSk1kOn6EDiStI-hnMBrqQ" source="_PUwZkOn6EDiStI-hnMBrqQ" target="_wKGL0OniEDiStI-hnMBrqQ">      <name xml:lang="en"/>      <documentation/>    </relationship>    <relationship xsi:type="Serving" identifier="_Vsk3QOn6EDiStI-hnMBrqQ" source="_PUwZkOn6EDiStI-hnMBrqQ" target="_JuZsgOnjEDiStI-hnMBrqQ">      <name xml:lang="en"/>      <documentation/>    </relationship>    <relationship xsi:type="Serving" identifier="_WkIKUOn6EDiStI-hnMBrqQ" source="_PUwZkOn6EDiStI-hnMBrqQ" target="_y2DUYOnlEDiStI-hnMBrqQ">      <name xml:lang="en"/>      <documentation/>    </relationship>    <relationship xsi:type="Association" identifier="_ZmehAOn6EDiStI-hnMBrqQ" source="_kujc8OnfEDiStI-hnMBrqQ" target="_xSDZwOnfEDiStI-hnMBrqQ">      <name xml:lang="en"/>      <documentation/>    </relationship>    <relationship xsi:type="Association" identifier="_bRTEEOn6EDiStI-hnMBrqQ" source="_bkBAAOnfEDiStI-hnMBrqQ" target="_p-_b0OnfEDiStI-hnMBrqQ">      <name xml:lang="en"/>      <documentation/>    </relationship>    <relationship xsi:type="Serving" identifier="_mt0xwOn6EDiStI-hnMBrqQ" source="_PUwZkOn6EDiStI-hnMBrqQ" target="_qMwzQOn5EDiStI-hnMBrqQ">      <name xml:lang="en"/>      <documentation/>    </relationship>    <relationship xsi:type="Serving" identifier="_ueG3MOn6EDiStI-hnMBrqQ" source="_HY7cMOneEDiStI-hnMBrqQ" target="_WiQRIOnxEDiStI-hnMBrqQ">      <name xml:lang="en"/>      <documentation/>    </relationship>    <relationship xsi:type="Serving" identifier="_vG1EEOn6EDiStI-hnMBrqQ" source="_H8UdIOneEDiStI-hnMBrqQ" target="_WiQRIOnxEDiStI-hnMBrqQ">      <name xml:lang="en"/>      <documentation/>    </relationship>    <relationship xsi:type="Serving" identifier="_-OHzUOn6EDiStI-hnMBrqQ" source="_qp7ZwOngEDiStI-hnMBrqQ" target="_9MfXMOn6EDiStI-hnMBrqQ">      <name xml:lang="en"/>      <documentation/>    </relationship>    <relationship xsi:type="Serving" identifier="__NbUMOn6EDiStI-hnMBrqQ" source="_iNw2AOnxEDiStI-hnMBrqQ" target="_9MfXMOn6EDiStI-hnMBrqQ">      <name xml:lang="en"/>      <documentation/>    </relationship>    <relationship xsi:type="Serving" identifier="_ZPaPYOn7EDiStI-hnMBrqQ" source="_SuhVQOn7EDiStI-hnMBrqQ" target="_Tkmu4OneEDiStI-hnMBrqQ">      <name xml:lang="en"/>      <documentation/>    </relationship>    <relationship xsi:type="Assignment" identifier="_haFx0On7EDiStI-hnMBrqQ" source="_iNw2AOnxEDiStI-hnMBrqQ" target="_SuhVQOn7EDiStI-hnMBrqQ">      <name xml:lang="en"/>      <documentation/>    </relationship>    <relationship xsi:type="Serving" identifier="_JG-WwOn8EDiStI-hnMBrqQ" source="_iNw2AOnxEDiStI-hnMBrqQ" target="_GsWucOn8EDiStI-hnMBrqQ">      <name xml:lang="en"/>      <documentation/>    </relationship>    <relationship xsi:type="Serving" identifier="_KN2fQOn8EDiStI-hnMBrqQ" source="_PUwZkOn6EDiStI-hnMBrqQ" target="_GsWucOn8EDiStI-hnMBrqQ">      <name xml:lang="en"/>      <documentation/>    </relationship>    <relationship xsi:type="Association" identifier="_w5VcIOn9EDiStI-hnMBrqQ" source="_9d6zgOn8EDiStI-hnMBrqQ" target="_eY4PIOnxEDiStI-hnMBrqQ">      <name xml:lang="en"/>      <documentation/>    </relationship>    <relationship xsi:type="Association" identifier="_zPKEAOn9EDiStI-hnMBrqQ" source="_XkbCUOn9EDiStI-hnMBrqQ" target="_FxZsoOn9EDiStI-hnMBrqQ">      <name xml:lang="en"/>      <documentation/>    </relationship>    <relationship xsi:type="Association" identifier="_8bAIgOn9EDiStI-hnMBrqQ" source="_36S9cOn9EDiStI-hnMBrqQ" target="_9d6zgOn8EDiStI-hnMBrqQ">      <name xml:lang="en"/>      <documentation/>    </relationship>    <relationship xsi:type="Association" identifier="_AdkmEOn-EDiStI-hnMBrqQ" source="__mNgQOn9EDiStI-hnMBrqQ" target="_FxZsoOn9EDiStI-hnMBrqQ">      <name xml:lang="en"/>      <documentation/>    </relationship>    <relationship xsi:type="Realization" identifier="_ja2L0On_EDiStI-hnMBrqQ" source="_kujc8OnfEDiStI-hnMBrqQ" target="_Rqz4sOn_EDiStI-hnMBrqQ">      <name xml:lang="en"/>      <documentation/>    </relationship>    <relationship xsi:type="Realization" identifier="_miWvUOn_EDiStI-hnMBrqQ" source="_R1-bIOnkEDiStI-hnMBrqQ" target="_lc_pwOn_EDiStI-hnMBrqQ">      <name xml:lang="en"/>      <documentation/>    </relationship>    <relationship xsi:type="Realization" identifier="_uhuZoOn_EDiStI-hnMBrqQ" source="_7X7ZYOnmEDiStI-hnMBrqQ" target="_paNGMOn_EDiStI-hnMBrqQ">      <name xml:lang="en"/>      <documentation/>    </relationship>    <relationship xsi:type="Association" identifier="_zWcs4On_EDiStI-hnMBrqQ" source="_eY4PIOnxEDiStI-hnMBrqQ" target="_FxZsoOn9EDiStI-hnMBrqQ">      <name xml:lang="en"/>      <documentation/>    </relationship>    <relationship xsi:type="Serving" identifier="_wQVw4etaEDimV-ezZqNQgg" source="_wQOcIOtaEDimV-ezZqNQgg" target="_wQQRUOtaEDimV-ezZqNQgg">      <name xml:lang="en"/>      <documentation/>    </relationship>    <relationship xsi:type="Serving" identifier="_wQVw4-taEDimV-ezZqNQgg" source="_wQPDMetaEDimV-ezZqNQgg" target="_wQQRUOtaEDimV-ezZqNQgg">      <name xml:lang="en"/>      <documentation/>    </relationship>    <relationship xsi:type="Serving" identifier="_wQVw5etaEDimV-ezZqNQgg" source="_wQQRUOtaEDimV-ezZqNQgg" target="_wQPqQOtaEDimV-ezZqNQgg">      <name xml:lang="en"/>      <documentation/>    </relationship>    <relationship xsi:type="Serving" identifier="_wQVw5-taEDimV-ezZqNQgg" source="_wQQRVOtaEDimV-ezZqNQgg" target="_wQPqQOtaEDimV-ezZqNQgg">      <name xml:lang="en"/>      <documentation/>    </relationship>    <relationship xsi:type="Serving" identifier="_wQYNIetaEDimV-ezZqNQgg" source="_wQQRVOtaEDimV-ezZqNQgg" target="_wQRfcetaEDimV-ezZqNQgg">      <name xml:lang="en"/>      <documentation/>    </relationship>    <relationship xsi:type="Serving" identifier="_wQYNI-taEDimV-ezZqNQgg" source="_wQQRVOtaEDimV-ezZqNQgg" target="_wQRfdetaEDimV-ezZqNQgg">      <name xml:lang="en"/>      <documentation/>    </relationship>    <relationship xsi:type="Serving" identifier="_wQYNJetaEDimV-ezZqNQgg" source="_wQQRVOtaEDimV-ezZqNQgg" target="_wQRfc-taEDimV-ezZqNQgg">      <name xml:lang="en"/>      <documentation/>    </relationship>    <relationship xsi:type="Association" identifier="_wQZbQOtaEDimV-ezZqNQgg" source="_wQQRVutaEDimV-ezZqNQgg" target="_wQTUoOtaEDimV-ezZqNQgg">      <name xml:lang="en"/>      <documentation/>    </relationship>    <relationship xsi:type="Serving" identifier="_wQZbQutaEDimV-ezZqNQgg" source="_wQUiwutaEDimV-ezZqNQgg" target="_wQRfcetaEDimV-ezZqNQgg">      <name xml:lang="en"/>      <documentation/>    </relationship>    <relationship xsi:type="Serving" identifier="_wQZbROtaEDimV-ezZqNQgg" source="_wQT7tOtaEDimV-ezZqNQgg" target="_wQRfc-taEDimV-ezZqNQgg">      <name xml:lang="en"/>      <documentation/>    </relationship>    <relationship xsi:type="Serving" identifier="_wQapYOtaEDimV-ezZqNQgg" source="_wQUiwutaEDimV-ezZqNQgg" target="_wQRfdetaEDimV-ezZqNQgg">      <name xml:lang="en"/>      <documentation/>    </relationship>    <relationship xsi:type="Association" identifier="_wQapYutaEDimV-ezZqNQgg" source="_wQSGgetaEDimV-ezZqNQgg" target="_wQTUoOtaEDimV-ezZqNQgg">      <name xml:lang="en"/>      <documentation/>    </relationship>    <relationship xsi:type="Association" identifier="_wQapZOtaEDimV-ezZqNQgg" source="_wQSGg-taEDimV-ezZqNQgg" target="_wQSGh-taEDimV-ezZqNQgg">      <name xml:lang="en"/>      <documentation/>    </relationship>    <relationship xsi:type="Realization" identifier="_wQb3hetaEDimV-ezZqNQgg" source="_wQbQcetaEDimV-ezZqNQgg" target="_wQb3g-taEDimV-ezZqNQgg">      <name xml:lang="en"/>      <documentation/>    </relationship>    <relationship xsi:type="Realization" identifier="_wQcekutaEDimV-ezZqNQgg" source="_wQbQc-taEDimV-ezZqNQgg" target="_wQcekOtaEDimV-ezZqNQgg">      <name xml:lang="en"/>      <documentation/>    </relationship>    <relationship xsi:type="Realization" identifier="_wQcelutaEDimV-ezZqNQgg" source="_wQb3getaEDimV-ezZqNQgg" target="_wQcelOtaEDimV-ezZqNQgg">      <name xml:lang="en"/>      <documentation/>    </relationship>    <relationship xsi:type="Association" identifier="_IoJCMOtbEDimV-ezZqNQgg" source="_wQQRVOtaEDimV-ezZqNQgg" target="_wQSGhetaEDimV-ezZqNQgg">      <name xml:lang="en"/>      <documentation/>    </relationship>    <relationship xsi:type="Assignment" identifier="_2yVo0OtbEDimV-ezZqNQgg" source="_1M1DkOtbEDimV-ezZqNQgg" target="_TBBhkOtbEDimV-ezZqNQgg">      <name xml:lang="en"/>      <documentation/>    </relationship>    <relationship xsi:type="Specialization" identifier="_uPpkIOtdEDimV-ezZqNQgg" source="_iaCBAOtdEDimV-ezZqNQgg" target="_wQPqQOtaEDimV-ezZqNQgg">      <name xml:lang="en"/>      <documentation/>    </relationship>    <relationship xsi:type="Serving" identifier="_lv9eMOthEDimV-ezZqNQgg" source="_MLJAIOthEDimV-ezZqNQgg" target="_wQPqQOtaEDimV-ezZqNQgg">      <name xml:lang="en"/>      <documentation/>    </relationship>    <relationship xsi:type="Serving" identifier="_y48GoOthEDimV-ezZqNQgg" source="_MLJAIOthEDimV-ezZqNQgg" target="_wQRfcetaEDimV-ezZqNQgg">      <name xml:lang="en"/>      <documentation/>    </relationship>    <relationship xsi:type="Serving" identifier="_zwnVgOthEDimV-ezZqNQgg" source="_MLJAIOthEDimV-ezZqNQgg" target="_wQRfdetaEDimV-ezZqNQgg">      <name xml:lang="en"/>      <documentation/>    </relationship>    <relationship xsi:type="Serving" identifier="_0tz9kOthEDimV-ezZqNQgg" source="_MLJAIOthEDimV-ezZqNQgg" target="_wQRfc-taEDimV-ezZqNQgg">      <name xml:lang="en"/>      <documentation/>    </relationship>    <relationship xsi:type="Assignment" identifier="_3sricOthEDimV-ezZqNQgg" source="_uqUxIOthEDimV-ezZqNQgg" target="_wQUiwutaEDimV-ezZqNQgg">      <name xml:lang="en"/>      <documentation/>    </relationship>    <relationship xsi:type="Assignment" identifier="_4bUKEOthEDimV-ezZqNQgg" source="_vUDDkOthEDimV-ezZqNQgg" target="_wQUiwutaEDimV-ezZqNQgg">      <name xml:lang="en"/>      <documentation/>    </relationship>    <relationship xsi:type="Assignment" identifier="_5mEtAOthEDimV-ezZqNQgg" source="_v4vsEOthEDimV-ezZqNQgg" target="_wQUiwutaEDimV-ezZqNQgg">      <name xml:lang="en"/>      <documentation/>    </relationship>    <relationship xsi:type="Assignment" identifier="_-3VLQOthEDimV-ezZqNQgg" source="_-AY8MOthEDimV-ezZqNQgg" target="_wQUiwutaEDimV-ezZqNQgg">      <name xml:lang="en"/>      <documentation/>    </relationship>    <relationship xsi:type="Serving" identifier="_HUFVIOtiEDimV-ezZqNQgg" source="_MLJAIOthEDimV-ezZqNQgg" target="_D5I4QOtiEDimV-ezZqNQgg">      <name xml:lang="en"/>      <documentation/>    </relationship>    <relationship xsi:type="Serving" identifier="_JhSzkOtiEDimV-ezZqNQgg" source="_1M1DkOtbEDimV-ezZqNQgg" target="_D5I4QOtiEDimV-ezZqNQgg">      <name xml:lang="en"/>      <documentation/>    </relationship>    <relationship xsi:type="Assignment" identifier="_ceYvsOtiEDimV-ezZqNQgg" source="_ZNGlIOtiEDimV-ezZqNQgg" target="_wQT7tOtaEDimV-ezZqNQgg">      <name xml:lang="en"/>      <documentation/>    </relationship>    <relationship xsi:type="Serving" identifier="_EowpcOuFEDimV-ezZqNQgg" source="_PUwZkOn6EDiStI-hnMBrqQ" target="_5A3YMOniEDiStI-hnMBrqQ">      <name xml:lang="en"/>      <documentation/>    </relationship>  </relationships>  <views>    <diagrams>      <view identifier="_FXiqAwewEeu_35Z1GKTxtw">        <name xml:lang="en">archimate-diagram</name>        <node xsi:type="Element" identifier="_HaCPcOneEDiStI-hnMBrqQ" h="60" w="130" x="28" y="12" elementRef="_HY7cMOneEDiStI-hnMBrqQ"/>        <node xsi:type="Element" identifier="_H8e1MOneEDiStI-hnMBrqQ" h="60" w="130" x="547" y="901" elementRef="_H8UdIOneEDiStI-hnMBrqQ"/>        <node xsi:type="Element" identifier="_IQbr8OneEDiStI-hnMBrqQ" h="60" w="234" x="413" y="705" elementRef="_IQPesOneEDiStI-hnMBrqQ"/>        <node xsi:type="Element" identifier="_TkzjMOneEDiStI-hnMBrqQ" h="60" w="130" x="378" y="809" elementRef="_Tkmu4OneEDiStI-hnMBrqQ"/>        <node xsi:type="Element" identifier="_3Dx9QOneEDiStI-hnMBrqQ" h="60" w="130" x="28" y="704" elementRef="_3DnlMOneEDiStI-hnMBrqQ"/>        <node xsi:type="Element" identifier="_5BHMoOneEDiStI-hnMBrqQ" h="60" w="130" x="547" y="813" elementRef="_5A8NgOneEDiStI-hnMBrqQ"/>        <node xsi:type="Element" identifier="_bkMmMOnfEDiStI-hnMBrqQ" h="60" w="130" x="650" y="114" elementRef="_bkBAAOnfEDiStI-hnMBrqQ"/>        <node xsi:type="Element" identifier="_kuvDIOnfEDiStI-hnMBrqQ" h="60" w="130" x="717" y="224" elementRef="_kujc8OnfEDiStI-hnMBrqQ"/>        <node xsi:type="Element" identifier="_p_M3MOnfEDiStI-hnMBrqQ" h="60" w="130" x="818" y="114" elementRef="_p-_b0OnfEDiStI-hnMBrqQ"/>        <node xsi:type="Element" identifier="_xSRcMOnfEDiStI-hnMBrqQ" h="60" w="130" x="887" y="224" elementRef="_xSDZwOnfEDiStI-hnMBrqQ"/>        <node xsi:type="Element" identifier="_yTN70OnfEDiStI-hnMBrqQ" h="60" w="130" x="290" y="443" elementRef="_yS_5YOnfEDiStI-hnMBrqQ"/>        <node xsi:type="Element" identifier="_EQ2mEOngEDiStI-hnMBrqQ" h="60" w="130" x="887" y="324" elementRef="_EQn8kOngEDiStI-hnMBrqQ"/>        <node xsi:type="Element" identifier="_U1QzkOngEDiStI-hnMBrqQ" h="60" w="130" x="465" y="13" elementRef="_U08qgOngEDiStI-hnMBrqQ"/>        <node xsi:type="Element" identifier="_qqah8OngEDiStI-hnMBrqQ" h="60" w="130" x="834" y="420" elementRef="_qp7ZwOngEDiStI-hnMBrqQ"/>        <node xsi:type="Element" identifier="_wKWDcOniEDiStI-hnMBrqQ" h="60" w="130" x="465" y="224" elementRef="_wKGL0OniEDiStI-hnMBrqQ"/>        <node xsi:type="Element" identifier="_5BHP0OniEDiStI-hnMBrqQ" h="60" w="130" x="465" y="344" elementRef="_5A3YMOniEDiStI-hnMBrqQ"/>        <node xsi:type="Element" identifier="_-0arMOniEDiStI-hnMBrqQ" h="60" w="130" x="465" y="472" elementRef="_-0HJMOniEDiStI-hnMBrqQ"/>        <node xsi:type="Element" identifier="_JuqLMOnjEDiStI-hnMBrqQ" h="60" w="130" x="465" y="589" elementRef="_JuZsgOnjEDiStI-hnMBrqQ"/>        <node xsi:type="Element" identifier="_AQiOcOnkEDiStI-hnMBrqQ" h="60" w="130" x="465" y="114" elementRef="_AQPTgOnkEDiStI-hnMBrqQ"/>        <node xsi:type="Element" identifier="_R2OSwOnkEDiStI-hnMBrqQ" h="60" w="130" x="993" y="589" elementRef="_R1-bIOnkEDiStI-hnMBrqQ"/>        <node xsi:type="Element" identifier="_TVUG8OnkEDiStI-hnMBrqQ" h="60" w="130" x="121" y="534" elementRef="_TVFdcOnkEDiStI-hnMBrqQ"/>        <node xsi:type="Element" identifier="_QXnxUOnlEDiStI-hnMBrqQ" h="60" w="130" x="290" y="534" elementRef="_QXU2YOnlEDiStI-hnMBrqQ"/>        <node xsi:type="Element" identifier="_lNmhsOnlEDiStI-hnMBrqQ" h="60" w="130" x="1009" y="420" elementRef="_lNU04OnlEDiStI-hnMBrqQ"/>        <node xsi:type="Element" identifier="_y2D7cenlEDiStI-hnMBrqQ" h="60" w="130" x="706" y="705" elementRef="_y2DUYOnlEDiStI-hnMBrqQ"/>        <node xsi:type="Element" identifier="_r6ok8OnmEDiStI-hnMBrqQ" h="60" w="130" x="1068" y="705" elementRef="_r6WREOnmEDiStI-hnMBrqQ"/>        <node xsi:type="Element" identifier="_7YLRAOnmEDiStI-hnMBrqQ" h="60" w="130" x="927" y="510" elementRef="_7X7ZYOnmEDiStI-hnMBrqQ"/>        <node xsi:type="Element" identifier="_PVZSwOn6EDiStI-hnMBrqQ" h="60" w="130" x="717" y="324" elementRef="_PUwZkOn6EDiStI-hnMBrqQ"/>        <node xsi:type="Element" identifier="_YghJEOn7EDiStI-hnMBrqQ" h="60" w="130" x="378" y="901" elementRef="_SuhVQOn7EDiStI-hnMBrqQ"/>        <connection xsi:type="Relationship" identifier="_6GpRUOneEDiStI-hnMBrqQ" source="_5BHMoOneEDiStI-hnMBrqQ" target="_IQbr8OneEDiStI-hnMBrqQ" relationshipRef="_6Gh8kOneEDiStI-hnMBrqQ"/>        <connection xsi:type="Relationship" identifier="_BhOzkOnfEDiStI-hnMBrqQ" source="_IQbr8OneEDiStI-hnMBrqQ" target="_3Dx9QOneEDiStI-hnMBrqQ" relationshipRef="_BhFCkOnfEDiStI-hnMBrqQ"/>        <connection xsi:type="Relationship" identifier="_GdM-UOnfEDiStI-hnMBrqQ" source="_HaCPcOneEDiStI-hnMBrqQ" target="_3Dx9QOneEDiStI-hnMBrqQ" relationshipRef="_GdD0YOnfEDiStI-hnMBrqQ"/>        <connection xsi:type="Relationship" identifier="_JHNGcOnfEDiStI-hnMBrqQ" source="_H8e1MOneEDiStI-hnMBrqQ" target="_5BHMoOneEDiStI-hnMBrqQ" relationshipRef="_JHEjkOnfEDiStI-hnMBrqQ"/>        <connection xsi:type="Relationship" identifier="_WAmlUOngEDiStI-hnMBrqQ" source="_HaCPcOneEDiStI-hnMBrqQ" target="_U1QzkOngEDiStI-hnMBrqQ" relationshipRef="_WAa_IOngEDiStI-hnMBrqQ"/>        <connection xsi:type="Relationship" identifier="_8tDWEOniEDiStI-hnMBrqQ" source="_wKWDcOniEDiStI-hnMBrqQ" target="_5BHP0OniEDiStI-hnMBrqQ" relationshipRef="_8s0FgOniEDiStI-hnMBrqQ"/>        <connection xsi:type="Relationship" identifier="_Ae-vkOnjEDiStI-hnMBrqQ" source="_5BHP0OniEDiStI-hnMBrqQ" target="_-0arMOniEDiStI-hnMBrqQ" relationshipRef="_AevfAOnjEDiStI-hnMBrqQ"/>        <connection xsi:type="Relationship" identifier="_KixIsOnjEDiStI-hnMBrqQ" source="_-0arMOniEDiStI-hnMBrqQ" target="_JuqLMOnjEDiStI-hnMBrqQ" relationshipRef="_KiifMOnjEDiStI-hnMBrqQ"/>        <connection xsi:type="Relationship" identifier="_0C1igOnjEDiStI-hnMBrqQ" source="_kuvDIOnfEDiStI-hnMBrqQ" target="_wKWDcOniEDiStI-hnMBrqQ" relationshipRef="_0CngEOnjEDiStI-hnMBrqQ"/>        <connection xsi:type="Relationship" identifier="_0_1WQOnjEDiStI-hnMBrqQ" source="_kuvDIOnfEDiStI-hnMBrqQ" target="_5BHP0OniEDiStI-hnMBrqQ" relationshipRef="_0_q-MOnjEDiStI-hnMBrqQ"/>        <connection xsi:type="Relationship" identifier="_CgL84OnkEDiStI-hnMBrqQ" source="_U1QzkOngEDiStI-hnMBrqQ" target="_AQiOcOnkEDiStI-hnMBrqQ" relationshipRef="_CgCL4OnkEDiStI-hnMBrqQ"/>        <connection xsi:type="Relationship" identifier="_DF_YoOnkEDiStI-hnMBrqQ" source="_AQiOcOnkEDiStI-hnMBrqQ" target="_wKWDcOniEDiStI-hnMBrqQ" relationshipRef="_DF1noOnkEDiStI-hnMBrqQ"/>        <connection xsi:type="Relationship" identifier="_LIpngOnkEDiStI-hnMBrqQ" source="_bkMmMOnfEDiStI-hnMBrqQ" target="_AQiOcOnkEDiStI-hnMBrqQ" relationshipRef="_LIa-AOnkEDiStI-hnMBrqQ"/>        <connection xsi:type="Relationship" identifier="_d4FiIOnkEDiStI-hnMBrqQ" source="_qqah8OngEDiStI-hnMBrqQ" target="_5BHP0OniEDiStI-hnMBrqQ" relationshipRef="_d324oOnkEDiStI-hnMBrqQ"/>        <connection xsi:type="Relationship" identifier="_hYCa0OnkEDiStI-hnMBrqQ" source="_qqah8OngEDiStI-hnMBrqQ" target="_-0arMOniEDiStI-hnMBrqQ" relationshipRef="_hXyjMOnkEDiStI-hnMBrqQ"/>        <connection xsi:type="Relationship" identifier="_3LrtUOnkEDiStI-hnMBrqQ" source="_R2OSwOnkEDiStI-hnMBrqQ" target="_JuqLMOnjEDiStI-hnMBrqQ" relationshipRef="_3LbOoOnkEDiStI-hnMBrqQ"/>        <connection xsi:type="Relationship" identifier="_IRySoOnlEDiStI-hnMBrqQ" source="_JuqLMOnjEDiStI-hnMBrqQ" target="_IQbr8OneEDiStI-hnMBrqQ" relationshipRef="_IRhM4OnlEDiStI-hnMBrqQ"/>        <connection xsi:type="Relationship" identifier="_V8Jw4OnlEDiStI-hnMBrqQ" source="_QXnxUOnlEDiStI-hnMBrqQ" target="_-0arMOniEDiStI-hnMBrqQ" relationshipRef="_V78VgOnlEDiStI-hnMBrqQ"/>        <connection xsi:type="Relationship" identifier="_Wc9X4OnlEDiStI-hnMBrqQ" source="_QXnxUOnlEDiStI-hnMBrqQ" target="_JuqLMOnjEDiStI-hnMBrqQ" relationshipRef="_Wcv8gOnlEDiStI-hnMBrqQ"/>        <connection xsi:type="Relationship" identifier="_Z9A-QOnlEDiStI-hnMBrqQ" source="_TVUG8OnkEDiStI-hnMBrqQ" target="_QXnxUOnlEDiStI-hnMBrqQ" relationshipRef="_Z8yUwOnlEDiStI-hnMBrqQ"/>        <connection xsi:type="Relationship" identifier="_atMeAOnlEDiStI-hnMBrqQ" source="_QXnxUOnlEDiStI-hnMBrqQ" target="_yTN70OnfEDiStI-hnMBrqQ" relationshipRef="_as8mYOnlEDiStI-hnMBrqQ"/>        <connection xsi:type="Relationship" identifier="_l-nH4OnlEDiStI-hnMBrqQ" source="_qqah8OngEDiStI-hnMBrqQ" target="_lNmhsOnlEDiStI-hnMBrqQ" relationshipRef="_l-X3UOnlEDiStI-hnMBrqQ"/>        <connection xsi:type="Relationship" identifier="_GmUZ4OnmEDiStI-hnMBrqQ" source="_R2OSwOnkEDiStI-hnMBrqQ" target="_y2D7cenlEDiStI-hnMBrqQ" relationshipRef="_GmCGAOnmEDiStI-hnMBrqQ"/>        <connection xsi:type="Relationship" identifier="_HNRFIOnmEDiStI-hnMBrqQ" source="_qqah8OngEDiStI-hnMBrqQ" target="_y2D7cenlEDiStI-hnMBrqQ" relationshipRef="_HNBNgOnmEDiStI-hnMBrqQ"/>        <connection xsi:type="Relationship" identifier="_jxLKgOnmEDiStI-hnMBrqQ" source="_y2D7cenlEDiStI-hnMBrqQ" target="_IQbr8OneEDiStI-hnMBrqQ" relationshipRef="_jw1MQOnmEDiStI-hnMBrqQ"/>        <connection xsi:type="Relationship" identifier="_z9Q-oOnmEDiStI-hnMBrqQ" source="_r6ok8OnmEDiStI-hnMBrqQ" target="_y2D7cenlEDiStI-hnMBrqQ" relationshipRef="_z87ncOnmEDiStI-hnMBrqQ"/>        <connection xsi:type="Relationship" identifier="_-szqgOnmEDiStI-hnMBrqQ" source="_7YLRAOnmEDiStI-hnMBrqQ" target="_-0arMOniEDiStI-hnMBrqQ" relationshipRef="_-sgvkOnmEDiStI-hnMBrqQ"/>        <connection xsi:type="Relationship" identifier="__ZB3UOnmEDiStI-hnMBrqQ" source="_7YLRAOnmEDiStI-hnMBrqQ" target="_y2D7cenlEDiStI-hnMBrqQ" relationshipRef="__YwKgOnmEDiStI-hnMBrqQ"/>        <connection xsi:type="Relationship" identifier="_OcU3YOnnEDiStI-hnMBrqQ" source="_TkzjMOneEDiStI-hnMBrqQ" target="_IQbr8OneEDiStI-hnMBrqQ" relationshipRef="_OcAHQOnnEDiStI-hnMBrqQ"/>        <connection xsi:type="Relationship" identifier="_QxXhgOn6EDiStI-hnMBrqQ" source="_EQ2mEOngEDiStI-hnMBrqQ" target="_PVZSwOn6EDiStI-hnMBrqQ" relationshipRef="_Qwq98On6EDiStI-hnMBrqQ"/>        <connection xsi:type="Relationship" identifier="_STOV0On6EDiStI-hnMBrqQ" source="_PVZSwOn6EDiStI-hnMBrqQ" target="_wKWDcOniEDiStI-hnMBrqQ" relationshipRef="_SSk1kOn6EDiStI-hnMBrqQ"/>        <connection xsi:type="Relationship" identifier="_VtVsQOn6EDiStI-hnMBrqQ" source="_PVZSwOn6EDiStI-hnMBrqQ" target="_JuqLMOnjEDiStI-hnMBrqQ" relationshipRef="_Vsk3QOn6EDiStI-hnMBrqQ"/>        <connection xsi:type="Relationship" identifier="_Wky4sOn6EDiStI-hnMBrqQ" source="_PVZSwOn6EDiStI-hnMBrqQ" target="_y2D7cenlEDiStI-hnMBrqQ" relationshipRef="_WkIKUOn6EDiStI-hnMBrqQ"/>        <connection xsi:type="Relationship" identifier="_ZnKdgOn6EDiStI-hnMBrqQ" source="_kuvDIOnfEDiStI-hnMBrqQ" target="_xSRcMOnfEDiStI-hnMBrqQ" relationshipRef="_ZmehAOn6EDiStI-hnMBrqQ"/>        <connection xsi:type="Relationship" identifier="_bSAOsOn6EDiStI-hnMBrqQ" source="_bkMmMOnfEDiStI-hnMBrqQ" target="_p_M3MOnfEDiStI-hnMBrqQ" relationshipRef="_bRTEEOn6EDiStI-hnMBrqQ"/>        <connection xsi:type="Relationship" identifier="_ZQIoIOn7EDiStI-hnMBrqQ" source="_YghJEOn7EDiStI-hnMBrqQ" target="_TkzjMOneEDiStI-hnMBrqQ" relationshipRef="_ZPaPYOn7EDiStI-hnMBrqQ"/>        <connection xsi:type="Relationship" identifier="_EtNEkOuFEDimV-ezZqNQgg" source="_PVZSwOn6EDiStI-hnMBrqQ" target="_5BHP0OniEDiStI-hnMBrqQ" relationshipRef="_EowpcOuFEDimV-ezZqNQgg"/>      </view>      <view identifier="_zCHZcOnwEDiStI-hnMBrqQ">        <name xml:lang="en">archimate-diagram</name>        <node xsi:type="Element" identifier="_18I6kOnwEDiStI-hnMBrqQ" h="60" w="130" x="581" y="195" elementRef="_17rnkOnwEDiStI-hnMBrqQ"/>        <node xsi:type="Element" identifier="_WiwncOnxEDiStI-hnMBrqQ" h="60" w="130" x="581" y="88" elementRef="_WiQRIOnxEDiStI-hnMBrqQ"/>        <node xsi:type="Element" identifier="_eZf6MOnxEDiStI-hnMBrqQ" h="60" w="130" x="583" y="505" elementRef="_eY4PIOnxEDiStI-hnMBrqQ"/>        <node xsi:type="Element" identifier="_iOQlQOnxEDiStI-hnMBrqQ" h="172" w="310" x="491" y="298" elementRef="_iNw2AOnxEDiStI-hnMBrqQ">          <node xsi:type="Element" identifier="_lpfcYOn5EDiStI-hnMBrqQ" h="60" w="130" x="652" y="400" elementRef="_r6WREOnmEDiStI-hnMBrqQ"/>          <node xsi:type="Element" identifier="_SvHLIOn7EDiStI-hnMBrqQ" h="60" w="130" x="512" y="331" elementRef="_SuhVQOn7EDiStI-hnMBrqQ"/>          <node xsi:type="Element" identifier="_VnqFkOn7EDiStI-hnMBrqQ" h="60" w="130" x="652" y="331" elementRef="_bkBAAOnfEDiStI-hnMBrqQ"/>          <node xsi:type="Element" identifier="_8sWCEOn7EDiStI-hnMBrqQ" h="60" w="130" x="512" y="400" elementRef="_TVFdcOnkEDiStI-hnMBrqQ"/>        </node>        <node xsi:type="Element" identifier="_lT12IOnxEDiStI-hnMBrqQ" h="265" w="170" x="561" y="639" elementRef="_lTURsOnxEDiStI-hnMBrqQ">          <node xsi:type="Element" identifier="_iAf8cOn5EDiStI-hnMBrqQ" h="60" w="130" x="583" y="675" elementRef="_kujc8OnfEDiStI-hnMBrqQ"/>          <node xsi:type="Element" identifier="_7yeswOn5EDiStI-hnMBrqQ" h="60" w="130" x="583" y="834" elementRef="_7X7ZYOnmEDiStI-hnMBrqQ"/>          <node xsi:type="Element" identifier="_obpJAOn7EDiStI-hnMBrqQ" h="60" w="130" x="581" y="752" elementRef="_R1-bIOnkEDiStI-hnMBrqQ"/>        </node>        <node xsi:type="Element" identifier="_kBQ6UOn5EDiStI-hnMBrqQ" h="60" w="130" x="404" y="49" elementRef="_HY7cMOneEDiStI-hnMBrqQ"/>        <node xsi:type="Element" identifier="_kpBd4On5EDiStI-hnMBrqQ" h="60" w="130" x="404" y="132" elementRef="_H8UdIOneEDiStI-hnMBrqQ"/>        <node xsi:type="Element" identifier="_qNsAUOn5EDiStI-hnMBrqQ" h="60" w="130" x="927" y="361" elementRef="_qMwzQOn5EDiStI-hnMBrqQ"/>        <node xsi:type="Element" identifier="_-eMFEOn5EDiStI-hnMBrqQ" h="194" w="173" x="1120" y="145" elementRef="_qp7ZwOngEDiStI-hnMBrqQ">          <node xsi:type="Element" identifier="_0CtdUOn8EDiStI-hnMBrqQ" h="60" w="130" x="1148" y="195" elementRef="_0CqaAOn8EDiStI-hnMBrqQ"/>          <node xsi:type="Element" identifier="_3rErIOn8EDiStI-hnMBrqQ" h="60" w="130" x="1148" y="266" elementRef="_3rCO4On8EDiStI-hnMBrqQ"/>        </node>        <node xsi:type="Element" identifier="_lj58UOn6EDiStI-hnMBrqQ" h="230" w="170" x="1123" y="361" elementRef="_PUwZkOn6EDiStI-hnMBrqQ">          <node xsi:type="Element" identifier="_SSm_4On8EDiStI-hnMBrqQ" h="60" w="130" x="1143" y="413" elementRef="_SScn0On8EDiStI-hnMBrqQ"/>          <node xsi:type="Element" identifier="_U_W6AOn8EDiStI-hnMBrqQ" h="60" w="130" x="1144" y="495" elementRef="_U_UdwOn8EDiStI-hnMBrqQ"/>        </node>        <node xsi:type="Element" identifier="_9NI3cOn6EDiStI-hnMBrqQ" h="60" w="130" x="927" y="212" elementRef="_9MfXMOn6EDiStI-hnMBrqQ"/>        <node xsi:type="Element" identifier="_GtBc0On8EDiStI-hnMBrqQ" h="60" w="130" x="927" y="471" elementRef="_GsWucOn8EDiStI-hnMBrqQ"/>        <node xsi:type="Element" identifier="_9epzUOn8EDiStI-hnMBrqQ" h="262" w="190" x="775" y="642" elementRef="_9d6zgOn8EDiStI-hnMBrqQ">          <node xsi:type="Element" identifier="_Rrz-QOn_EDiStI-hnMBrqQ" h="60" w="130" x="805" y="675" elementRef="_Rqz4sOn_EDiStI-hnMBrqQ"/>          <node xsi:type="Element" identifier="_ldAQ0en_EDiStI-hnMBrqQ" h="60" w="130" x="805" y="752" elementRef="_lc_pwOn_EDiStI-hnMBrqQ"/>          <node xsi:type="Element" identifier="_paNtQOn_EDiStI-hnMBrqQ" h="60" w="130" x="805" y="834" elementRef="_paNGMOn_EDiStI-hnMBrqQ"/>        </node>        <node xsi:type="Element" identifier="_FyIFYOn9EDiStI-hnMBrqQ" h="270" w="165" x="371" y="637" elementRef="_FxZsoOn9EDiStI-hnMBrqQ">          <node xsi:type="Element" identifier="_RhyDEOoAEDiStI-hnMBrqQ" h="60" w="130" x="389" y="752" elementRef="_RhtKkOoAEDiStI-hnMBrqQ"/>          <node xsi:type="Element" identifier="_WNF7oeoAEDiStI-hnMBrqQ" h="60" w="130" x="389" y="824" elementRef="_WNFUkOoAEDiStI-hnMBrqQ"/>        </node>        <node xsi:type="Element" identifier="_XkmogOn9EDiStI-hnMBrqQ" h="60" w="130" x="209" y="784" elementRef="_XkbCUOn9EDiStI-hnMBrqQ"/>        <node xsi:type="Element" identifier="_37CkUOn9EDiStI-hnMBrqQ" h="60" w="130" x="992" y="705" elementRef="_36S9cOn9EDiStI-hnMBrqQ"/>        <node xsi:type="Element" identifier="__nG4IOn9EDiStI-hnMBrqQ" h="60" w="130" x="209" y="705" elementRef="__mNgQOn9EDiStI-hnMBrqQ"/>        <node xsi:type="Element" identifier="_VkzzouoAEDiStI-hnMBrqQ" h="60" w="130" x="389" y="673" elementRef="_VkzzoOoAEDiStI-hnMBrqQ"/>        <connection xsi:type="Relationship" identifier="_uyLY0OnxEDiStI-hnMBrqQ" source="_iOQlQOnxEDiStI-hnMBrqQ" target="_eZf6MOnxEDiStI-hnMBrqQ" relationshipRef="_uxrCgOnxEDiStI-hnMBrqQ"/>        <connection xsi:type="Relationship" identifier="_vq04EOnxEDiStI-hnMBrqQ" source="_lT12IOnxEDiStI-hnMBrqQ" target="_eZf6MOnxEDiStI-hnMBrqQ" relationshipRef="_vqRecOnxEDiStI-hnMBrqQ"/>        <connection xsi:type="Relationship" identifier="_wVqk0OnxEDiStI-hnMBrqQ" source="_iOQlQOnxEDiStI-hnMBrqQ" target="_18I6kOnwEDiStI-hnMBrqQ" relationshipRef="_wVJAYOnxEDiStI-hnMBrqQ"/>        <connection xsi:type="Relationship" identifier="_xKCoEOnxEDiStI-hnMBrqQ" source="_WiwncOnxEDiStI-hnMBrqQ" target="_18I6kOnwEDiStI-hnMBrqQ" relationshipRef="_xJcLIOnxEDiStI-hnMBrqQ"/>        <connection xsi:type="Relationship" identifier="_r8ymcOn5EDiStI-hnMBrqQ" source="_iOQlQOnxEDiStI-hnMBrqQ" target="_qNsAUOn5EDiStI-hnMBrqQ" relationshipRef="_r8AjUOn5EDiStI-hnMBrqQ"/>        <connection xsi:type="Relationship" identifier="_mucc0On6EDiStI-hnMBrqQ" source="_lj58UOn6EDiStI-hnMBrqQ" target="_qNsAUOn5EDiStI-hnMBrqQ" relationshipRef="_mt0xwOn6EDiStI-hnMBrqQ"/>        <connection xsi:type="Relationship" identifier="_uf6OAOn6EDiStI-hnMBrqQ" source="_kBQ6UOn5EDiStI-hnMBrqQ" target="_WiwncOnxEDiStI-hnMBrqQ" relationshipRef="_ueG3MOn6EDiStI-hnMBrqQ"/>        <connection xsi:type="Relationship" identifier="_vHgZgOn6EDiStI-hnMBrqQ" source="_kpBd4On5EDiStI-hnMBrqQ" target="_WiwncOnxEDiStI-hnMBrqQ" relationshipRef="_vG1EEOn6EDiStI-hnMBrqQ"/>        <connection xsi:type="Relationship" identifier="_-O5PYOn6EDiStI-hnMBrqQ" source="_-eMFEOn5EDiStI-hnMBrqQ" target="_9NI3cOn6EDiStI-hnMBrqQ" relationshipRef="_-OHzUOn6EDiStI-hnMBrqQ"/>        <connection xsi:type="Relationship" identifier="__ONXUOn6EDiStI-hnMBrqQ" source="_iOQlQOnxEDiStI-hnMBrqQ" target="_9NI3cOn6EDiStI-hnMBrqQ" relationshipRef="__NbUMOn6EDiStI-hnMBrqQ"/>        <connection xsi:type="Relationship" identifier="_JIeLkOn8EDiStI-hnMBrqQ" source="_iOQlQOnxEDiStI-hnMBrqQ" target="_GtBc0On8EDiStI-hnMBrqQ" relationshipRef="_JG-WwOn8EDiStI-hnMBrqQ"/>        <connection xsi:type="Relationship" identifier="_KOnUQOn8EDiStI-hnMBrqQ" source="_lj58UOn6EDiStI-hnMBrqQ" target="_GtBc0On8EDiStI-hnMBrqQ" relationshipRef="_KN2fQOn8EDiStI-hnMBrqQ"/>        <connection xsi:type="Relationship" identifier="_w6Wv0On9EDiStI-hnMBrqQ" source="_9epzUOn8EDiStI-hnMBrqQ" target="_eZf6MOnxEDiStI-hnMBrqQ" relationshipRef="_w5VcIOn9EDiStI-hnMBrqQ">          <bendpoint x="870" y="535"/>        </connection>        <connection xsi:type="Relationship" identifier="_zQEC8On9EDiStI-hnMBrqQ" source="_XkmogOn9EDiStI-hnMBrqQ" target="_FyIFYOn9EDiStI-hnMBrqQ" relationshipRef="_zPKEAOn9EDiStI-hnMBrqQ"/>        <connection xsi:type="Relationship" identifier="_8cA1IOn9EDiStI-hnMBrqQ" source="_37CkUOn9EDiStI-hnMBrqQ" target="_9epzUOn8EDiStI-hnMBrqQ" relationshipRef="_8bAIgOn9EDiStI-hnMBrqQ"/>        <connection xsi:type="Relationship" identifier="_AefMEOn-EDiStI-hnMBrqQ" source="__nG4IOn9EDiStI-hnMBrqQ" target="_FyIFYOn9EDiStI-hnMBrqQ" relationshipRef="_AdkmEOn-EDiStI-hnMBrqQ"/>        <connection xsi:type="Relationship" identifier="_jcE64On_EDiStI-hnMBrqQ" source="_iAf8cOn5EDiStI-hnMBrqQ" target="_Rrz-QOn_EDiStI-hnMBrqQ" relationshipRef="_ja2L0On_EDiStI-hnMBrqQ"/>        <connection xsi:type="Relationship" identifier="_mjW04On_EDiStI-hnMBrqQ" source="_obpJAOn7EDiStI-hnMBrqQ" target="_ldAQ0en_EDiStI-hnMBrqQ" relationshipRef="_miWvUOn_EDiStI-hnMBrqQ"/>        <connection xsi:type="Relationship" identifier="_uiufMOn_EDiStI-hnMBrqQ" source="_7yeswOn5EDiStI-hnMBrqQ" target="_paNtQOn_EDiStI-hnMBrqQ" relationshipRef="_uhuZoOn_EDiStI-hnMBrqQ"/>        <connection xsi:type="Relationship" identifier="_zXi5EOn_EDiStI-hnMBrqQ" source="_eZf6MOnxEDiStI-hnMBrqQ" target="_FyIFYOn9EDiStI-hnMBrqQ" relationshipRef="_zWcs4On_EDiStI-hnMBrqQ">          <bendpoint x="454" y="535"/>        </connection>      </view>      <view identifier="_rqeZAOtaEDimV-ezZqNQgg">        <name xml:lang="en">archimate-diagram</name>        <node xsi:type="Element" identifier="_wQdFoetaEDimV-ezZqNQgg" h="60" w="130" x="236" y="11" elementRef="_wQOcIOtaEDimV-ezZqNQgg"/>        <node xsi:type="Element" identifier="_wQdFoutaEDimV-ezZqNQgg" h="60" w="130" x="236" y="94" elementRef="_wQPDMetaEDimV-ezZqNQgg"/>        <node xsi:type="Element" identifier="_wQe60etaEDimV-ezZqNQgg" h="60" w="130" x="505" y="157" elementRef="_wQPqQOtaEDimV-ezZqNQgg"/>        <node xsi:type="Element" identifier="_wQe60utaEDimV-ezZqNQgg" h="60" w="130" x="505" y="51" elementRef="_wQQRUOtaEDimV-ezZqNQgg"/>        <node xsi:type="Element" identifier="_wQgI-utaEDimV-ezZqNQgg" h="60" w="130" x="1104" y="462" elementRef="_wQRfcetaEDimV-ezZqNQgg"/>        <node xsi:type="Element" identifier="_wQgI_OtaEDimV-ezZqNQgg" h="60" w="130" x="1104" y="764" elementRef="_wQRfc-taEDimV-ezZqNQgg"/>        <node xsi:type="Element" identifier="_wQgI_utaEDimV-ezZqNQgg" h="60" w="130" x="1104" y="547" elementRef="_wQRfdetaEDimV-ezZqNQgg"/>        <node xsi:type="Element" identifier="_wQh-JOtaEDimV-ezZqNQgg" h="194" w="173" x="1290" y="697" elementRef="_wQT7tOtaEDimV-ezZqNQgg">          <node xsi:type="Element" identifier="_wQ2HM-taEDimV-ezZqNQgg" h="60" w="130" x="1314" y="812" elementRef="_wQUiwOtaEDimV-ezZqNQgg"/>          <node xsi:type="Element" identifier="_wQ2HNOtaEDimV-ezZqNQgg" h="60" w="130" x="1314" y="741" elementRef="_wQT7tutaEDimV-ezZqNQgg"/>        </node>        <node xsi:type="Element" identifier="_wQh-JetaEDimV-ezZqNQgg" h="230" w="170" x="1291" y="422" elementRef="_wQUiwutaEDimV-ezZqNQgg">          <node xsi:type="Element" identifier="_wQ2HNetaEDimV-ezZqNQgg" h="60" w="130" x="1312" y="556" elementRef="_wQUixutaEDimV-ezZqNQgg"/>          <node xsi:type="Element" identifier="_wQ2HNutaEDimV-ezZqNQgg" h="60" w="130" x="1311" y="474" elementRef="_wQUixOtaEDimV-ezZqNQgg"/>        </node>        <node xsi:type="Element" identifier="_1N8d4OtbEDimV-ezZqNQgg" h="75" w="145" x="152" y="1037" elementRef="_1M1DkOtbEDimV-ezZqNQgg"/>        <node xsi:type="Element" identifier="_WiBRMOtdEDimV-ezZqNQgg" h="60" w="130" x="613" y="1027" elementRef="_Wh-08OtdEDimV-ezZqNQgg"/>        <node xsi:type="Element" identifier="_ibPh8OtdEDimV-ezZqNQgg" h="60" w="130" x="681" y="157" elementRef="_iaCBAOtdEDimV-ezZqNQgg"/>        <node xsi:type="Element" identifier="_MMj8cOthEDimV-ezZqNQgg" h="700" w="960" x="90" y="283" elementRef="_MLJAIOthEDimV-ezZqNQgg">          <node xsi:type="Element" identifier="_wQe61utaEDimV-ezZqNQgg" h="220" w="640" x="245" y="317" elementRef="_wQQRVOtaEDimV-ezZqNQgg">            <node xsi:type="Element" identifier="_wQx1wutaEDimV-ezZqNQgg" h="60" w="130" x="727" y="355" elementRef="_wQXmEutaEDimV-ezZqNQgg"/>            <node xsi:type="Element" identifier="_wQyc0etaEDimV-ezZqNQgg" h="60" w="130" x="423" y="355" elementRef="_wQXmFutaEDimV-ezZqNQgg"/>            <node xsi:type="Element" identifier="_wQyc0utaEDimV-ezZqNQgg" h="60" w="130" x="269" y="355" elementRef="_wQXmGOtaEDimV-ezZqNQgg"/>            <node xsi:type="Element" identifier="_yTnBcOtgEDimV-ezZqNQgg" h="60" w="130" x="423" y="450" elementRef="_yTXw4OtgEDimV-ezZqNQgg"/>            <node xsi:type="Element" identifier="_2bF0MOtgEDimV-ezZqNQgg" h="60" w="130" x="579" y="355" elementRef="_2ZlYUOtgEDimV-ezZqNQgg"/>            <node xsi:type="Element" identifier="_9qyVEOtgEDimV-ezZqNQgg" h="60" w="130" x="727" y="450" elementRef="_9quqsOtgEDimV-ezZqNQgg"/>          </node>          <node xsi:type="Element" identifier="_wQh-IetaEDimV-ezZqNQgg" h="400" w="915" x="114" y="562" elementRef="_wQSGhetaEDimV-ezZqNQgg">            <node xsi:type="Element" identifier="_wQyc0OtaEDimV-ezZqNQgg" h="210" w="160" x="318" y="597" elementRef="_wQXmFOtaEDimV-ezZqNQgg">              <node xsi:type="Element" identifier="_jQ7CMOtcEDimV-ezZqNQgg" h="60" w="130" x="333" y="646" elementRef="_AQPTgOnkEDiStI-hnMBrqQ"/>              <node xsi:type="Element" identifier="_l1_nAOtcEDimV-ezZqNQgg" h="60" w="130" x="332" y="732" elementRef="_l0z7QOtcEDimV-ezZqNQgg"/>            </node>            <node xsi:type="Element" identifier="_wQ0SAetaEDimV-ezZqNQgg" h="210" w="160" x="491" y="597" elementRef="_wQbQcetaEDimV-ezZqNQgg">              <node xsi:type="Element" identifier="_NFEOkOtdEDimV-ezZqNQgg" h="60" w="130" x="506" y="646" elementRef="_wKGL0OniEDiStI-hnMBrqQ"/>              <node xsi:type="Element" identifier="_OtlrkOtdEDimV-ezZqNQgg" h="60" w="130" x="506" y="732" elementRef="_5A3YMOniEDiStI-hnMBrqQ"/>            </node>            <node xsi:type="Element" identifier="_wQ0SAutaEDimV-ezZqNQgg" h="210" w="170" x="663" y="597" elementRef="_wQbQc-taEDimV-ezZqNQgg">              <node xsi:type="Element" identifier="_bHrNsOtdEDimV-ezZqNQgg" h="60" w="130" x="683" y="646" elementRef="_-0HJMOniEDiStI-hnMBrqQ"/>            </node>            <node xsi:type="Element" identifier="_wQ05EOtaEDimV-ezZqNQgg" h="210" w="160" x="847" y="597" elementRef="_wQb3getaEDimV-ezZqNQgg">              <node xsi:type="Element" identifier="_0LM8kOtdEDimV-ezZqNQgg" h="60" w="130" x="862" y="646" elementRef="_JuZsgOnjEDiStI-hnMBrqQ"/>            </node>            <node xsi:type="Element" identifier="_TCVJIOtbEDimV-ezZqNQgg" h="350" w="162" x="142" y="597" elementRef="_TBBhkOtbEDimV-ezZqNQgg">              <node xsi:type="Element" identifier="_qKYp0OtbEDimV-ezZqNQgg" h="60" w="130" x="157" y="625" elementRef="_qIz8gOtbEDimV-ezZqNQgg"/>              <node xsi:type="Element" identifier="_AVhPQOtcEDimV-ezZqNQgg" h="60" w="130" x="157" y="774" elementRef="_ATl8oOtcEDimV-ezZqNQgg"/>              <node xsi:type="Element" identifier="_GhPKoOtcEDimV-ezZqNQgg" h="80" w="130" x="157" y="850" elementRef="_Gf5G0OtcEDimV-ezZqNQgg"/>              <node xsi:type="Element" identifier="_tZVcoOtcEDimV-ezZqNQgg" h="60" w="130" x="157" y="697" elementRef="_tYOCUOtcEDimV-ezZqNQgg"/>            </node>            <node xsi:type="Element" identifier="_UwjTkOtdEDimV-ezZqNQgg" h="60" w="130" x="332" y="860" elementRef="_Uwb-0OtdEDimV-ezZqNQgg"/>            <node xsi:type="Element" identifier="_707uEOtdEDimV-ezZqNQgg" h="60" w="130" x="771" y="860" elementRef="_703coOtdEDimV-ezZqNQgg"/>          </node>        </node>        <node xsi:type="Element" identifier="_ur3CMOthEDimV-ezZqNQgg" h="60" w="130" x="1564" y="390" elementRef="_uqUxIOthEDimV-ezZqNQgg"/>        <node xsi:type="Element" identifier="_vVMTEOthEDimV-ezZqNQgg" h="60" w="130" x="1564" y="476" elementRef="_vUDDkOthEDimV-ezZqNQgg"/>        <node xsi:type="Element" identifier="_v6Fv4OthEDimV-ezZqNQgg" h="60" w="130" x="1564" y="564" elementRef="_v4vsEOthEDimV-ezZqNQgg"/>        <node xsi:type="Element" identifier="_-BlPAOthEDimV-ezZqNQgg" h="60" w="130" x="1564" y="651" elementRef="_-AY8MOthEDimV-ezZqNQgg"/>        <node xsi:type="Element" identifier="_D6ne8OtiEDimV-ezZqNQgg" h="60" w="130" x="423" y="1045" elementRef="_D5I4QOtiEDimV-ezZqNQgg"/>        <node xsi:type="Element" identifier="_ZOfsQOtiEDimV-ezZqNQgg" h="60" w="130" x="1564" y="764" elementRef="_ZNGlIOtiEDimV-ezZqNQgg"/>        <connection xsi:type="Relationship" identifier="_wQh-JutaEDimV-ezZqNQgg" source="_wQdFoetaEDimV-ezZqNQgg" target="_wQe60utaEDimV-ezZqNQgg" relationshipRef="_wQVw4etaEDimV-ezZqNQgg"/>        <connection xsi:type="Relationship" identifier="_wQilMutaEDimV-ezZqNQgg" source="_wQdFoutaEDimV-ezZqNQgg" target="_wQe60utaEDimV-ezZqNQgg" relationshipRef="_wQVw4-taEDimV-ezZqNQgg"/>        <connection xsi:type="Relationship" identifier="_wQilN-taEDimV-ezZqNQgg" source="_wQe60utaEDimV-ezZqNQgg" target="_wQe60etaEDimV-ezZqNQgg" relationshipRef="_wQVw5etaEDimV-ezZqNQgg"/>        <connection xsi:type="Relationship" identifier="_wQzD4OtaEDimV-ezZqNQgg" source="_wQh-JetaEDimV-ezZqNQgg" target="_wQgI-utaEDimV-ezZqNQgg" relationshipRef="_wQZbQutaEDimV-ezZqNQgg"/>        <connection xsi:type="Relationship" identifier="_wQzD4-taEDimV-ezZqNQgg" source="_wQh-JOtaEDimV-ezZqNQgg" target="_wQgI_OtaEDimV-ezZqNQgg" relationshipRef="_wQZbROtaEDimV-ezZqNQgg"/>        <connection xsi:type="Relationship" identifier="_wQzD5utaEDimV-ezZqNQgg" source="_wQh-JetaEDimV-ezZqNQgg" target="_wQgI_utaEDimV-ezZqNQgg" relationshipRef="_wQapYOtaEDimV-ezZqNQgg"/>        <connection xsi:type="Relationship" identifier="_2zgtgOtbEDimV-ezZqNQgg" source="_1N8d4OtbEDimV-ezZqNQgg" target="_TCVJIOtbEDimV-ezZqNQgg" relationshipRef="_2yVo0OtbEDimV-ezZqNQgg"/>        <connection xsi:type="Relationship" identifier="_VpmbcOtdEDimV-ezZqNQgg" source="_UwjTkOtdEDimV-ezZqNQgg" target="_wQyc0OtaEDimV-ezZqNQgg" relationshipRef="_VpgU0OtdEDimV-ezZqNQgg"/>        <connection xsi:type="Relationship" identifier="_ZDXMkOtdEDimV-ezZqNQgg" source="_WiBRMOtdEDimV-ezZqNQgg" target="_wQ0SAetaEDimV-ezZqNQgg" relationshipRef="_ZDTiMOtdEDimV-ezZqNQgg"/>        <connection xsi:type="Relationship" identifier="_uQt7IOtdEDimV-ezZqNQgg" source="_ibPh8OtdEDimV-ezZqNQgg" target="_wQe60etaEDimV-ezZqNQgg" relationshipRef="_uPpkIOtdEDimV-ezZqNQgg"/>        <connection xsi:type="Relationship" identifier="_-VpXUOtdEDimV-ezZqNQgg" source="_707uEOtdEDimV-ezZqNQgg" target="_wQ0SAutaEDimV-ezZqNQgg" relationshipRef="_-VmUAOtdEDimV-ezZqNQgg"/>        <connection xsi:type="Relationship" identifier="__IfwkOtdEDimV-ezZqNQgg" source="_707uEOtdEDimV-ezZqNQgg" target="_wQ05EOtaEDimV-ezZqNQgg" relationshipRef="__IbfIOtdEDimV-ezZqNQgg"/>        <connection xsi:type="Relationship" identifier="_-dtm0OtgEDimV-ezZqNQgg" source="_9qyVEOtgEDimV-ezZqNQgg" target="_wQx1wutaEDimV-ezZqNQgg" relationshipRef="_-dngMOtgEDimV-ezZqNQgg"/>        <connection xsi:type="Relationship" identifier="_BfsKEOthEDimV-ezZqNQgg" source="_yTnBcOtgEDimV-ezZqNQgg" target="_wQyc0utaEDimV-ezZqNQgg" relationshipRef="_BfofsOthEDimV-ezZqNQgg"/>        <connection xsi:type="Relationship" identifier="_EWexAOthEDimV-ezZqNQgg" source="_yTnBcOtgEDimV-ezZqNQgg" target="_wQyc0etaEDimV-ezZqNQgg" relationshipRef="_EWZ4gOthEDimV-ezZqNQgg"/>        <connection xsi:type="Relationship" identifier="_GF9xoOthEDimV-ezZqNQgg" source="_yTnBcOtgEDimV-ezZqNQgg" target="_2bF0MOtgEDimV-ezZqNQgg" relationshipRef="_GF3rAOthEDimV-ezZqNQgg"/>        <connection xsi:type="Relationship" identifier="_lxP3oOthEDimV-ezZqNQgg" source="_MMj8cOthEDimV-ezZqNQgg" target="_wQe60etaEDimV-ezZqNQgg" relationshipRef="_lv9eMOthEDimV-ezZqNQgg"/>        <connection xsi:type="Relationship" identifier="_y6IZcOthEDimV-ezZqNQgg" source="_MMj8cOthEDimV-ezZqNQgg" target="_wQgI-utaEDimV-ezZqNQgg" relationshipRef="_y48GoOthEDimV-ezZqNQgg"/>        <connection xsi:type="Relationship" identifier="_zxzoUOthEDimV-ezZqNQgg" source="_MMj8cOthEDimV-ezZqNQgg" target="_wQgI_utaEDimV-ezZqNQgg" relationshipRef="_zwnVgOthEDimV-ezZqNQgg"/>        <connection xsi:type="Relationship" identifier="_0u90IOthEDimV-ezZqNQgg" source="_MMj8cOthEDimV-ezZqNQgg" target="_wQgI_OtaEDimV-ezZqNQgg" relationshipRef="_0tz9kOthEDimV-ezZqNQgg"/>        <connection xsi:type="Relationship" identifier="_3t4cUOthEDimV-ezZqNQgg" source="_ur3CMOthEDimV-ezZqNQgg" target="_wQh-JetaEDimV-ezZqNQgg" relationshipRef="_3sricOthEDimV-ezZqNQgg"/>        <connection xsi:type="Relationship" identifier="_4cufUOthEDimV-ezZqNQgg" source="_vVMTEOthEDimV-ezZqNQgg" target="_wQh-JetaEDimV-ezZqNQgg" relationshipRef="_4bUKEOthEDimV-ezZqNQgg"/>        <connection xsi:type="Relationship" identifier="_5nXtgOthEDimV-ezZqNQgg" source="_v6Fv4OthEDimV-ezZqNQgg" target="_wQh-JetaEDimV-ezZqNQgg" relationshipRef="_5mEtAOthEDimV-ezZqNQgg"/>        <connection xsi:type="Relationship" identifier="_-4tEQOthEDimV-ezZqNQgg" source="_-BlPAOthEDimV-ezZqNQgg" target="_wQh-JetaEDimV-ezZqNQgg" relationshipRef="_-3VLQOthEDimV-ezZqNQgg"/>        <connection xsi:type="Relationship" identifier="_HVSPAOtiEDimV-ezZqNQgg" source="_MMj8cOthEDimV-ezZqNQgg" target="_D6ne8OtiEDimV-ezZqNQgg" relationshipRef="_HUFVIOtiEDimV-ezZqNQgg"/>        <connection xsi:type="Relationship" identifier="_JiiwwOtiEDimV-ezZqNQgg" source="_1N8d4OtbEDimV-ezZqNQgg" target="_D6ne8OtiEDimV-ezZqNQgg" relationshipRef="_JhSzkOtiEDimV-ezZqNQgg"/>        <connection xsi:type="Relationship" identifier="_cfsXQOtiEDimV-ezZqNQgg" source="_ZOfsQOtiEDimV-ezZqNQgg" target="_wQh-JOtaEDimV-ezZqNQgg" relationshipRef="_ceYvsOtiEDimV-ezZqNQgg"/>      </view>    </diagrams>  </views></model>
