<?xml version="1.0" encoding="UTF-8"?>
<model xmlns="http://www.opengroup.org/xsd/archimate/3.0/" xmlns:xsi="http://www.w3.org/2001/XMLSchema-instance" xsi:schemaLocation="http://www.opengroup.org/xsd/archimate/3.0/ http://www.opengroup.org/xsd/archimate/3.1/archimate3_Diagram.xsd" identifier="id-3d585b1a">
  <name xml:lang="en">Data API Source</name>
  <elements>
    <element identifier="dd75bc7e" xsi:type="BusinessRole">
      <name xml:lang="en">Data API User Program Operator</name>
    </element>
    <element identifier="b8ce8203" xsi:type="BusinessRole">
      <name xml:lang="en">Information Owner</name>
    </element>
    <element identifier="e8d950b1" xsi:type="BusinessRole">
      <name xml:lang="en">Data API Source Operator</name>
    </element>
    <element identifier="id-172da95b" xsi:type="BusinessRole">
      <name xml:lang="en">Data Owner</name>
    </element>
    <element identifier="cba68c87" xsi:type="ApplicationService">
      <name xml:lang="en">Data API User Program</name>
    </element>
    <element identifier="id-81336ac1" xsi:type="DataObject">
      <name xml:lang="en">Data Source</name>
    </element>
    <element identifier="id-1c96db2f" xsi:type="ApplicationService">
      <name xml:lang="en">Data API Source</name>
    </element>
    <element identifier="id-7b1256d0" xsi:type="ApplicationInterface">
      <name xml:lang="en">Data API</name>
    </element>
    <element identifier="fa5cf1d4" xsi:type="TechnologyService">
      <name xml:lang="en">Data API User Platform</name>
    </element>
    <element identifier="id-66b22664" xsi:type="TechnologyService">
      <name xml:lang="en">Data API Source Platform</name>
    </element>
    <element identifier="id-581cc168" xsi:type="Path">
      <name xml:lang="en">World-Wide Web</name>
    </element>
    <element identifier="d6783d5a" xsi:type="TechnologyService">
      <name xml:lang="en">Data API Source Infrastructure</name>
    </element>
    <element identifier="c1b5220c" xsi:type="TechnologyService">
      <name xml:lang="en">Data API User Infrastructure</name>
    </element>
  </elements>
  <relationships>
    <relationship identifier="id-1e69d08f" source="cba68c87" target="id-81336ac1" xsi:type="Access" accessType="Write">
      <name xml:lang="en">accesses</name>
    </relationship>
    <relationship identifier="id-87d2418d" source="b8ce8203" target="id-81336ac1" xsi:type="Association">
      <name xml:lang="en">is owned by</name>
    </relationship>
    <relationship identifier="b5aedf8e" source="cba68c87" target="dd75bc7e" xsi:type="Association">
      <name xml:lang="en">is operated by</name>
    </relationship>
    <relationship identifier="id-259393c4" source="b8ce8203" target="dd75bc7e" xsi:type="Association">
      <name xml:lang="en">business relationship</name>
    </relationship>
    <relationship identifier="c4c56f0d" source="fa5cf1d4" target="cba68c87" xsi:type="Serving">
      <name xml:lang="en">is used by</name>
    </relationship>
    <relationship identifier="b8e87bd7" source="id-66b22664" target="id-81336ac1" xsi:type="Access" accessType="Write">
      <name xml:lang="en">accesses</name>
    </relationship>
    <relationship identifier="id-3160a370" source="id-1c96db2f" target="id-81336ac1" xsi:type="Access" accessType="ReadWrite">
      <name xml:lang="en">Accesses</name>
    </relationship>
    <relationship identifier="f1872c76" source="id-7b1256d0" target="id-1c96db2f" xsi:type="Assignment" />
    <relationship identifier="c53d3683" source="id-7b1256d0" target="cba68c87" xsi:type="Serving">
      <name xml:lang="en">is used by</name>
    </relationship>
    <relationship identifier="id-6f3dccc0" source="id-66b22664" target="id-1c96db2f" xsi:type="Serving">
      <name xml:lang="en">is used by</name>
    </relationship>
    <relationship identifier="d91ff412" source="b8ce8203" target="e8d950b1" xsi:type="Association" />
    <relationship identifier="id-59d8c3c6" source="e8d950b1" target="dd75bc7e" xsi:type="Association">
      <name xml:lang="en">business relation</name>
    </relationship>
    <relationship identifier="id-5f233c2f" source="id-1c96db2f" target="e8d950b1" xsi:type="Association">
      <name xml:lang="en">is operated by</name>
    </relationship>
    <relationship identifier="af0358ea" source="d6783d5a" target="id-66b22664" xsi:type="Serving">
      <name xml:lang="en">is used by</name>
    </relationship>
    <relationship identifier="e429b711" source="id-581cc168" target="d6783d5a" xsi:type="Association">
      <name xml:lang="en">is used by</name>
    </relationship>
    <relationship identifier="a3c4b775" source="c1b5220c" target="fa5cf1d4" xsi:type="Serving">
      <name xml:lang="en">is used by</name>
    </relationship>
    <relationship identifier="id-6fcf3cef" source="id-581cc168" target="c1b5220c" xsi:type="Association">
      <name xml:lang="en">is used by</name>
    </relationship>
    <relationship identifier="id-9d1fd915" source="id-172da95b" target="e8d950b1" xsi:type="Association">
      <name xml:lang="en">business relation</name>
    </relationship>
    <relationship identifier="b936ae6b" source="id-172da95b" target="id-1c96db2f" xsi:type="Association">
      <name xml:lang="en">exposes data owned by</name>
    </relationship>
    <relationship identifier="id-4b87be97" source="id-172da95b" target="dd75bc7e" xsi:type="Association">
      <name xml:lang="en">business relation</name>
    </relationship>
  </relationships>
  <organizations>
    <item>
      <label xml:lang="en">Business</label>
      <item identifierRef="dd75bc7e" />
      <item identifierRef="b8ce8203" />
      <item identifierRef="e8d950b1" />
      <item identifierRef="id-172da95b" />
    </item>
    <item>
      <label xml:lang="en">Application</label>
      <item identifierRef="cba68c87" />
      <item identifierRef="id-81336ac1" />
      <item identifierRef="id-1c96db2f" />
      <item identifierRef="id-7b1256d0" />
    </item>
    <item>
      <label xml:lang="en">Technology &amp; Physical</label>
      <item identifierRef="fa5cf1d4" />
      <item identifierRef="id-66b22664" />
      <item identifierRef="id-581cc168" />
      <item identifierRef="d6783d5a" />
      <item identifierRef="c1b5220c" />
    </item>
    <item>
      <label xml:lang="en">Relations</label>
      <item identifierRef="id-1e69d08f" />
      <item identifierRef="id-87d2418d" />
      <item identifierRef="b5aedf8e" />
      <item identifierRef="id-259393c4" />
      <item identifierRef="c4c56f0d" />
      <item identifierRef="b8e87bd7" />
      <item identifierRef="id-3160a370" />
      <item identifierRef="f1872c76" />
      <item identifierRef="c53d3683" />
      <item identifierRef="id-6f3dccc0" />
      <item identifierRef="d91ff412" />
      <item identifierRef="id-59d8c3c6" />
      <item identifierRef="id-5f233c2f" />
      <item identifierRef="af0358ea" />
      <item identifierRef="e429b711" />
      <item identifierRef="a3c4b775" />
      <item identifierRef="id-6fcf3cef" />
      <item identifierRef="id-9d1fd915" />
      <item identifierRef="b936ae6b" />
      <item identifierRef="id-4b87be97" />
    </item>
    <item>
      <label xml:lang="en">Views</label>
      <item identifierRef="id-88a87e8c" />
    </item>
  </organizations>
  <views>
    <diagrams>
      <view identifier="id-88a87e8c" xsi:type="Diagram">
        <name xml:lang="en">Data API Source View</name>
        <node identifier="d2fdd9f3" elementRef="dd75bc7e" xsi:type="Element" x="612" y="48" w="120" h="55">
          <style>
            <fillColor r="255" g="255" b="181" a="100" />
            <lineColor r="92" g="92" b="92" a="100" />
            <font name="Lucida Grande" size="12">
              <color r="0" g="0" b="0" />
            </font>
          </style>
        </node>
        <node identifier="id-3cd29749" elementRef="cba68c87" xsi:type="Element" x="612" y="156" w="120" h="55">
          <style>
            <fillColor r="181" g="255" b="255" a="100" />
            <lineColor r="92" g="92" b="92" a="100" />
            <font name="Lucida Grande" size="12">
              <color r="0" g="0" b="0" />
            </font>
          </style>
        </node>
        <node identifier="id-99a853b5" elementRef="fa5cf1d4" xsi:type="Element" x="612" y="264" w="120" h="55">
          <style>
            <fillColor r="201" g="231" b="183" a="100" />
            <lineColor r="92" g="92" b="92" a="100" />
            <font name="Lucida Grande" size="12">
              <color r="0" g="0" b="0" />
            </font>
          </style>
        </node>
        <node identifier="id-1bc966e2" elementRef="id-66b22664" xsi:type="Element" x="252" y="264" w="120" h="55">
          <style>
            <fillColor r="201" g="231" b="183" a="100" />
            <lineColor r="92" g="92" b="92" a="100" />
            <font name="Lucida Grande" size="12">
              <color r="0" g="0" b="0" />
            </font>
          </style>
        </node>
        <node identifier="f5e24b52" elementRef="id-581cc168" xsi:type="Element" x="444" y="456" w="120" h="55">
          <style>
            <fillColor r="201" g="231" b="183" a="100" />
            <lineColor r="92" g="92" b="92" a="100" />
            <font name="Lucida Grande" size="12">
              <color r="0" g="0" b="0" />
            </font>
          </style>
        </node>
        <node identifier="ac891561" elementRef="id-1c96db2f" xsi:type="Element" x="252" y="156" w="120" h="55">
          <style>
            <fillColor r="181" g="255" b="255" a="100" />
            <lineColor r="92" g="92" b="92" a="100" />
            <font name="Lucida Grande" size="12">
              <color r="0" g="0" b="0" />
            </font>
          </style>
        </node>
        <node identifier="d2e1c6d3" elementRef="id-7b1256d0" xsi:type="Element" x="408" y="154" w="120" h="55">
          <style>
            <fillColor r="181" g="255" b="255" a="100" />
            <lineColor r="92" g="92" b="92" a="100" />
            <font name="Lucida Grande" size="12">
              <color r="0" g="0" b="0" />
            </font>
          </style>
        </node>
        <node identifier="id-90603bb6" elementRef="e8d950b1" xsi:type="Element" x="252" y="48" w="120" h="55">
          <style>
            <fillColor r="255" g="255" b="181" a="100" />
            <lineColor r="92" g="92" b="92" a="100" />
            <font name="Lucida Grande" size="12">
              <color r="0" g="0" b="0" />
            </font>
          </style>
        </node>
        <node identifier="b461ee1d" elementRef="d6783d5a" xsi:type="Element" x="252" y="372" w="120" h="55">
          <style>
            <fillColor r="201" g="231" b="183" a="100" />
            <lineColor r="92" g="92" b="92" a="100" />
            <font name="Lucida Grande" size="12">
              <color r="0" g="0" b="0" />
            </font>
          </style>
        </node>
        <node identifier="f0403171" elementRef="c1b5220c" xsi:type="Element" x="612" y="372" w="120" h="55">
          <style>
            <fillColor r="201" g="231" b="183" a="100" />
            <lineColor r="92" g="92" b="92" a="100" />
            <font name="Lucida Grande" size="12">
              <color r="0" g="0" b="0" />
            </font>
          </style>
        </node>
        <node identifier="id-533df4b4" elementRef="id-172da95b" xsi:type="Element" x="0" y="48" w="120" h="55">
          <style>
            <fillColor r="255" g="255" b="181" a="100" />
            <lineColor r="92" g="92" b="92" a="100" />
            <font name="Lucida Grande" size="12">
              <color r="0" g="0" b="0" />
            </font>
          </style>
        </node>
        <connection identifier="id-1154b98d" relationshipRef="b5aedf8e" xsi:type="Relationship" source="id-3cd29749" target="d2fdd9f3">
          <style>
            <lineColor r="0" g="0" b="0" />
            <font name="Lucida Grande" size="12">
              <color r="0" g="0" b="0" />
            </font>
          </style>
        </connection>
        <connection identifier="id-24fb10b0" relationshipRef="c4c56f0d" xsi:type="Relationship" source="id-99a853b5" target="id-3cd29749">
          <style>
            <lineColor r="0" g="0" b="0" />
            <font name="Lucida Grande" size="12">
              <color r="0" g="0" b="0" />
            </font>
          </style>
        </connection>
        <connection identifier="bafbe8e8" relationshipRef="id-6f3dccc0" xsi:type="Relationship" source="id-1bc966e2" target="ac891561">
          <style>
            <lineColor r="0" g="0" b="0" />
            <font name="Lucida Grande" size="12">
              <color r="0" g="0" b="0" />
            </font>
          </style>
        </connection>
        <connection identifier="id-1f3d853c" relationshipRef="e429b711" xsi:type="Relationship" source="f5e24b52" target="b461ee1d">
          <style>
            <lineColor r="0" g="0" b="0" />
            <font name="Lucida Grande" size="12">
              <color r="0" g="0" b="0" />
            </font>
          </style>
          <bendpoint x="318" y="480" />
        </connection>
        <connection identifier="id-0d2fcc44" relationshipRef="id-6fcf3cef" xsi:type="Relationship" source="f5e24b52" target="f0403171">
          <style>
            <lineColor r="0" g="0" b="0" />
            <font name="Lucida Grande" size="12">
              <color r="0" g="0" b="0" />
            </font>
          </style>
          <bendpoint x="672" y="480" />
        </connection>
        <connection identifier="ab31caf2" relationshipRef="id-5f233c2f" xsi:type="Relationship" source="ac891561" target="id-90603bb6">
          <style>
            <lineColor r="0" g="0" b="0" />
            <font name="Lucida Grande" size="12">
              <color r="0" g="0" b="0" />
            </font>
          </style>
        </connection>
        <connection identifier="id-9268e7fd" relationshipRef="f1872c76" xsi:type="Relationship" source="d2e1c6d3" target="ac891561">
          <style>
            <lineColor r="0" g="0" b="0" />
            <font name="Lucida Grande" size="12">
              <color r="0" g="0" b="0" />
            </font>
          </style>
        </connection>
        <connection identifier="ebb72a3f" relationshipRef="c53d3683" xsi:type="Relationship" source="d2e1c6d3" target="id-3cd29749">
          <style>
            <lineColor r="0" g="0" b="0" />
            <font name="Lucida Grande" size="12">
              <color r="0" g="0" b="0" />
            </font>
          </style>
        </connection>
        <connection identifier="id-8ac56ccf" relationshipRef="id-59d8c3c6" xsi:type="Relationship" source="id-90603bb6" target="d2fdd9f3">
          <style>
            <lineColor r="0" g="0" b="0" />
            <font name="Lucida Grande" size="12">
              <color r="0" g="0" b="0" />
            </font>
          </style>
        </connection>
        <connection identifier="id-407f9b48" relationshipRef="af0358ea" xsi:type="Relationship" source="b461ee1d" target="id-1bc966e2">
          <style>
            <lineColor r="0" g="0" b="0" />
            <font name="Lucida Grande" size="12">
              <color r="0" g="0" b="0" />
            </font>
          </style>
        </connection>
        <connection identifier="id-7ba0ec8e" relationshipRef="a3c4b775" xsi:type="Relationship" source="f0403171" target="id-99a853b5">
          <style>
            <lineColor r="0" g="0" b="0" />
            <font name="Lucida Grande" size="12">
              <color r="0" g="0" b="0" />
            </font>
          </style>
        </connection>
        <connection identifier="c346f9b9" relationshipRef="id-9d1fd915" xsi:type="Relationship" source="id-533df4b4" target="id-90603bb6">
          <style>
            <lineColor r="0" g="0" b="0" />
            <font name="Lucida Grande" size="12">
              <color r="0" g="0" b="0" />
            </font>
          </style>
        </connection>
        <connection identifier="id-080be88e" relationshipRef="b936ae6b" xsi:type="Relationship" source="id-533df4b4" target="ac891561">
          <style>
            <lineColor r="0" g="0" b="0" />
            <font name="Lucida Grande" size="12">
              <color r="0" g="0" b="0" />
            </font>
          </style>
          <bendpoint x="60" y="180" />
        </connection>
        <connection identifier="ac4c18b8" relationshipRef="id-4b87be97" xsi:type="Relationship" source="id-533df4b4" target="d2fdd9f3">
          <style>
            <lineColor r="0" g="0" b="0" />
            <font name="Lucida Grande" size="12">
              <color r="0" g="0" b="0" />
            </font>
          </style>
          <bendpoint x="60" y="0" />
          <bendpoint x="672" y="0" />
        </connection>
      </view>
    </diagrams>
  </views>
</model>
