{"identifier":"https://me.big.tuwien.ac.at/EAModelSet/id-3d585b1a","archimateId":"id-3d585b1a","name":"Data API Source","description":"","formats":["XML","CSV","JSON","ARCHIMATE"],"source":"GitHub","sourceFile":"raw-data/github/xml/data_api_source.xml","sourceFormat":"XML","timestamp":"29-06-2023 09:28:09","tags":[],"duplicates":[],"language":"en","elements":[{"id":"dd75bc7e","name":"Data API User Program Operator","type":"BusinessRole","layer":"business"},{"id":"b8ce8203","name":"Information Owner","type":"BusinessRole","layer":"business"},{"id":"e8d950b1","name":"Data API Source Operator","type":"BusinessRole","layer":"business"},{"id":"id-172da95b","name":"Data Owner","type":"BusinessRole","layer":"business"},{"id":"cba68c87","name":"Data API User Program","type":"ApplicationService","layer":"application"},{"id":"id-81336ac1","name":"Data Source","type":"DataObject","layer":"application"},{"id":"id-1c96db2f","name":"Data API Source","type":"ApplicationService","layer":"application"},{"id":"id-7b1256d0","name":"Data API","type":"ApplicationInterface","layer":"application"},{"id":"fa5cf1d4","name":"Data API User Platform","type":"TechnologyService","layer":"technology"},{"id":"id-66b22664","name":"Data API Source Platform","type":"TechnologyService","layer":"technology"},{"id":"id-581cc168","name":"World-Wide Web","type":"Path","layer":"technology"},{"id":"d6783d5a","name":"Data API Source Infrastructure","type":"TechnologyService","layer":"technology"},{"id":"c1b5220c","name":"Data API User Infrastructure","type":"TechnologyService","layer":"technology"}],"relationships":[{"id":"id-1e69d08f","sourceId":"cba68c87","targetId":"id-81336ac1","type":"Access"},{"id":"id-87d2418d","sourceId":"b8ce8203","targetId":"id-81336ac1","type":"Association"},{"id":"b5aedf8e","sourceId":"cba68c87","targetId":"dd75bc7e","type":"Association"},{"id":"id-259393c4","sourceId":"b8ce8203","targetId":"dd75bc7e","type":"Association"},{"id":"c4c56f0d","sourceId":"fa5cf1d4","targetId":"cba68c87","type":"Serving"},{"id":"b8e87bd7","sourceId":"id-66b22664","targetId":"id-81336ac1","type":"Access"},{"id":"id-3160a370","sourceId":"id-1c96db2f","targetId":"id-81336ac1","type":"Access"},{"id":"f1872c76","sourceId":"id-7b1256d0","targetId":"id-1c96db2f","type":"Assignment"},{"id":"c53d3683","sourceId":"id-7b1256d0","targetId":"cba68c87","type":"Serving"},{"id":"id-6f3dccc0","sourceId":"id-66b22664","targetId":"id-1c96db2f","type":"Serving"},{"id":"d91ff412","sourceId":"b8ce8203","targetId":"e8d950b1","type":"Association"},{"id":"id-59d8c3c6","sourceId":"e8d950b1","targetId":"dd75bc7e","type":"Association"},{"id":"id-5f233c2f","sourceId":"id-1c96db2f","targetId":"e8d950b1","type":"Association"},{"id":"af0358ea","sourceId":"d6783d5a","targetId":"id-66b22664","type":"Serving"},{"id":"e429b711","sourceId":"id-581cc168","targetId":"d6783d5a","type":"Association"},{"id":"a3c4b775","sourceId":"c1b5220c","targetId":"fa5cf1d4","type":"Serving"},{"id":"id-6fcf3cef","sourceId":"id-581cc168","targetId":"c1b5220c","type":"Association"},{"id":"id-9d1fd915","sourceId":"id-172da95b","targetId":"e8d950b1","type":"Association"},{"id":"b936ae6b","sourceId":"id-172da95b","targetId":"id-1c96db2f","type":"Association"},{"id":"id-4b87be97","sourceId":"id-172da95b","targetId":"dd75bc7e","type":"Association"}],"views":[{"id":"id-88a87e8c","name":"Data API Source View","viewpoint":""}]}