"ID","Key","Value"
"0f1de45a-eb3f-4c10-9c32-80a18b23bb0b","Kilde","Los"
"0f1de45a-eb3f-4c10-9c32-80a18b23bb0b","Nivå","1"
"e1bf2c8b-f00b-4635-8827-f502573ea8e7","Nivå","1"
"537c5980-cc84-4f7b-a491-3af1880d31aa","Nivå","1"
"537c5980-cc84-4f7b-a491-3af1880d31aa","Kilde","Nasjonal IKT"
"fdabfd23-d1a3-42f0-9412-7c8ff1cca118","Nivå","1"
"f2ba8e37-a0e6-4d5c-9780-9ec493375947","Kilde","Los"
"f2ba8e37-a0e6-4d5c-9780-9ec493375947","Nivå","2"
"9bd5a118-0ac2-45c0-bb22-785f547bc094","Kilde","Los"
"9bd5a118-0ac2-45c0-bb22-785f547bc094","Nivå","2"
"79cb8fdf-2abe-42cb-9de9-41a8765f44fc","Nivå","2"
"79cb8fdf-2abe-42cb-9de9-41a8765f44fc","Kilde","Los"
"3021b33f-8454-4902-85e7-7fcf3f850cf6","Nivå","2"
"3021b33f-8454-4902-85e7-7fcf3f850cf6","Kilde","Nasjonal IKT"
"35f7ba72-9e79-485e-a330-2b6a7b684788","Nivå","2"
"895fdd64-f027-4988-89f6-c8bedbc4bb95","Nivå","1"
"89028f97-11fd-4fdf-abba-3ddec8a6128e","Kilde","Los"
"89028f97-11fd-4fdf-abba-3ddec8a6128e","Nivå","2"
"ee129d4f-84d2-48ab-9c79-267150aab79d","Nivå","2"
"2cc318b2-9095-4983-8dec-c58f76d02564","Nivå","1"
"2cc318b2-9095-4983-8dec-c58f76d02564","Kilde","Los"
"3c9811c0-5c20-4f55-90fd-436ce92d2b15","Nivå","2"
"3c9811c0-5c20-4f55-90fd-436ce92d2b15","Kilde","Los"
"f83ccec5-a3f9-4456-a8d4-b4601f09215b","Nivå","1"
"c90bcba6-c3a1-4d16-9c1e-2a55597a578e","Nivå","2"
"44ce3cd9-50ad-4820-ba61-b57d110d60e9","Nivå","1"
"44ce3cd9-50ad-4820-ba61-b57d110d60e9","Kilde","Nasjonal IKT"
"89072d00-5f1b-44f0-a181-eabffe232c65","Nivå","2"
"fa2a2d2c-d69f-4c5e-8297-9ac6021c7be5","Nivå","2"
"fa2a2d2c-d69f-4c5e-8297-9ac6021c7be5","Kilde","Los"
"fa2a2d2c-d69f-4c5e-8297-9ac6021c7be5","",""
"fa2a2d2c-d69f-4c5e-8297-9ac6021c7be5","",""
"fa2a2d2c-d69f-4c5e-8297-9ac6021c7be5","",""
"fa2a2d2c-d69f-4c5e-8297-9ac6021c7be5","",""
"fa2a2d2c-d69f-4c5e-8297-9ac6021c7be5","",""
"398bf51c-6a1c-429f-a7be-5523b6d3a330","Nivå","2"
"f404a5d2-5590-4998-a3e3-0062e16aa04b","Kapabilitetsnivå","Nivå 1, 2 eller 3"
"a192ea8e-c981-4247-9651-d6c6ec906bcd","Nivå","2"
"b1696ad0-1630-4260-8739-dbd1e0b289d5","Nivå","2"
"6deef81b-b2fe-4712-8742-3a6838a7cd6c","Nivå","2"
"6deef81b-b2fe-4712-8742-3a6838a7cd6c","Kilde","Los"
"4e5e0d55-5d09-4b9b-b92b-699137209995","Nivå","2"
"4e5e0d55-5d09-4b9b-b92b-699137209995","Kilde","Los"
"6171fa8e-4cfd-4443-a2fa-f4b8b63f1952","Nivå","2"
"6171fa8e-4cfd-4443-a2fa-f4b8b63f1952","Kilde","Los"
"f1e9336b-1613-469c-a077-579b5a42e8ef","Nivå","0"
"6a7a0e45-90fc-40c6-99ec-9c34d347206a","Kilde","Los"
"6a7a0e45-90fc-40c6-99ec-9c34d347206a","Nivå","2"
"077a71b9-f8f6-454a-98aa-e066167c8436","Kilde","Nasjonal IKT"
"077a71b9-f8f6-454a-98aa-e066167c8436","Nivå","2"
"15ac0c77-22a2-4506-b9e8-21dfb4136fb4","Nivå","2"
"15ac0c77-22a2-4506-b9e8-21dfb4136fb4","Kilde","Los"
"6280cc26-fc36-4664-90c1-95ad34df56a1","Nivå","1"
"0c58a685-1cc4-4111-a169-1ab44a8c733d","Kilde","Nasjonal IKT"
"0c58a685-1cc4-4111-a169-1ab44a8c733d","Nivå","1"
"70d106ce-bdbf-4083-8de5-04acc254cfe8","Nivå","2"
"70d106ce-bdbf-4083-8de5-04acc254cfe8","Kilde","Los"
"70d106ce-bdbf-4083-8de5-04acc254cfe8","",""
"70d106ce-bdbf-4083-8de5-04acc254cfe8","",""
"70d106ce-bdbf-4083-8de5-04acc254cfe8","",""
"70d106ce-bdbf-4083-8de5-04acc254cfe8","",""
"aa329d6f-a4c7-46fb-99cc-3c39db283b15","Kilde","Nasjonal IKT"
"aa329d6f-a4c7-46fb-99cc-3c39db283b15","Nivå","2"
"bde25ee3-7cf4-4741-9e2a-22e8ef6b614c","Kilde","Los"
"bde25ee3-7cf4-4741-9e2a-22e8ef6b614c","Nivå","2"
"d5164e66-cb1a-4f9d-90a3-a35364940d16","Nivå","2"
"d5164e66-cb1a-4f9d-90a3-a35364940d16","Kilde","Los"
"259ee268-1b10-4ab7-a19e-eed0d1bb7ccc","Nivå","0"
"f9619939-f7a6-43c1-8638-d0bee2a16085","Kilde","Los"
"f9619939-f7a6-43c1-8638-d0bee2a16085","Nivå","2"
"94f16bd9-d587-4303-b976-8a489a0bc9e1","Kilde","0"
"94f16bd9-d587-4303-b976-8a489a0bc9e1","Nivå","2"
"eb54cec9-4efa-4d83-ada1-f1c30d409d39","Kilde","Los"
"eb54cec9-4efa-4d83-ada1-f1c30d409d39","Nivå","2"
"baae2baa-4b6c-4876-a0dd-468dcbf7a0a8","Kilde","Los"
"baae2baa-4b6c-4876-a0dd-468dcbf7a0a8","Nivå","2"
"2928d970-fa90-4ebc-8eff-efb2d0cb4bc8","Nivå","2"
"48055dc2-a9da-45ed-aa91-265a382d0ad3","Nivå","1"
"48055dc2-a9da-45ed-aa91-265a382d0ad3","Kilde","Nasjonal IKT"
"3e2022e4-f0ae-48d4-9e80-d81e23c3ab9b","Nivå","2"
"3e2022e4-f0ae-48d4-9e80-d81e23c3ab9b","Kilde","Los"
"de141496-42f0-4dc9-823d-6ab392cc703e","Nivå","2"
"1481376f-08ea-434f-839b-8da27ca1ec17","Kilde","Los"
"1481376f-08ea-434f-839b-8da27ca1ec17","Nivå","2"
"4c7f1913-d69e-49ab-bab5-95a335e2bda9","Nivå","2"
"8141584c-689b-437e-9f14-6439efcdbed4","Nivå","2"
"8141584c-689b-437e-9f14-6439efcdbed4","Kilde","Los"
"7234a56b-a874-4528-b33d-a3b913a08ec0","Nivå","2"
"c06799e9-636d-4155-94b3-caa2eac6f362","Nivå","2"
"c06799e9-636d-4155-94b3-caa2eac6f362","Kilde","Los"
"80c01f1a-c754-43d9-aba7-025e0c661eb5","Nivå","2"
"80c01f1a-c754-43d9-aba7-025e0c661eb5","Kilde","Los"
"11153b1b-616c-4ce9-993b-3521d987c255","Nivå","2"
"03a89abe-6794-47d3-98f4-e486141d943c","Nivå","2"
"03a89abe-6794-47d3-98f4-e486141d943c","Kilde","Los"
"58559436-656f-463c-b4d4-d72523b12203","Nivå","2"
"58559436-656f-463c-b4d4-d72523b12203","Kilde","Los"
"c06b30f7-cdd4-4bb3-be5c-35803bdadb2d","Kilde","LOS"
"c06b30f7-cdd4-4bb3-be5c-35803bdadb2d","Nivå","2"
"c2f5a1d3-8efd-4a86-9473-d6b143a3c2ff","Nivå","1"
"c2f5a1d3-8efd-4a86-9473-d6b143a3c2ff","Kilde","Los"
"ded8e1f4-48e2-4b77-90a5-64ae4c3054e7","Nivå","1"
"ded8e1f4-48e2-4b77-90a5-64ae4c3054e7","Kilde","Los"
"483de5d9-b26e-44bd-ac6f-39ebec977cad","Kilde","Nasjonal IKT"
"483de5d9-b26e-44bd-ac6f-39ebec977cad","Nivå","2"
"f10162df-e8f9-4a8a-9e1e-47c0eae97d9c","Kilde","Los"
"f10162df-e8f9-4a8a-9e1e-47c0eae97d9c","Nivå","2"
"d4df0889-2032-4bdb-bf17-6eca4bdd4660","Nivå","2"
"9fb48dbb-6ee2-4873-9f40-d894bb1e5676","Kilde","Los"
"9fb48dbb-6ee2-4873-9f40-d894bb1e5676","Nivå","1"
"00f37fe5-0bab-4e52-8d33-4ba6b6593e94","Nivå","2"
"00f37fe5-0bab-4e52-8d33-4ba6b6593e94","Kilde","Los"
"a41b693b-e781-4d0d-bfc3-25bf580379e0","Nivå","1"
"81e5061a-28b3-4745-8e8b-8265486d0186","Nivå","2"
"81e5061a-28b3-4745-8e8b-8265486d0186","Kilde","Los"
"80fc3148-b41d-41e4-b713-083520bd515d","Nivå","2"
"89a165e5-2da6-4f0a-be51-f8cb25610e35","Kilde","Nasjonal IKT"
"89a165e5-2da6-4f0a-be51-f8cb25610e35","Nivå","1"
"3ed17583-5ef5-4c53-a3e5-0a2d55139147","Nivå","2"
"3ed17583-5ef5-4c53-a3e5-0a2d55139147","Kilde","Los"
"69207340-ef90-445c-ba8e-a266999b2e69","Nivå","2"
"69207340-ef90-445c-ba8e-a266999b2e69","Kilde","Los"
"18590e33-2d45-46f3-9568-f7e97bb4c12a","Nivå","2"
"18590e33-2d45-46f3-9568-f7e97bb4c12a","Kilde","Los"
"fd54938e-8f8e-4930-9083-239c1bd7b8b5","Kilde","Los"
"fd54938e-8f8e-4930-9083-239c1bd7b8b5","Nivå","2"
"e8b104d6-fba6-42ae-a863-903db6a5eebc","Nivå","0"
"a7cdb1f3-602f-491c-828d-980303da647f","Nivå","1"
"a7cdb1f3-602f-491c-828d-980303da647f","Kilde","Los"
"e39ea250-8622-43a7-a322-a7eb5390fed8","Nivå","2"
"171712eb-7e12-46d9-81bb-39eee9e0e8bd","Nivå","2"
"68767eec-6b6c-4376-a5a6-43639db9352f","Nivå","1"
"68767eec-6b6c-4376-a5a6-43639db9352f","Kilde","Los"
"5a04d201-f8cf-4e8c-8f01-f12e3fcb2522","Kilde","Los"
"5a04d201-f8cf-4e8c-8f01-f12e3fcb2522","Nivå","2"
"44e2be1f-5952-4342-b16c-d4bc9a9e037b","Kilde","Los"
"44e2be1f-5952-4342-b16c-d4bc9a9e037b","Nivå","1"
"f140c9c7-44ab-4a14-b700-831bca7bc4f9","Nivå","2"
"1d14c508-fe3e-4879-b54c-48f92846efbd","Nivå","1"
"1d14c508-fe3e-4879-b54c-48f92846efbd","Kilde","Nasjonal IKT"
"3f353575-c20b-44f7-897d-ff8bfe795610","Nivå","1"
"81b6140d-0c3c-4ea3-a0aa-8b1b580c046c","Kilde","Nasjonal IKT"
"81b6140d-0c3c-4ea3-a0aa-8b1b580c046c","Nivå","1"
"9be7d6e4-c819-499e-baf7-611d63b2563a","Kilde","Nasjonal IKT"
"9be7d6e4-c819-499e-baf7-611d63b2563a","Nivå","1"
"41ddd74a-7b3a-47aa-9a42-5b4bcecc6e36","Nivå","1"
"41ddd74a-7b3a-47aa-9a42-5b4bcecc6e36","Kilde",""
"52167139-707d-4428-ba42-ce800fc91f49","Nivå","2"
"52167139-707d-4428-ba42-ce800fc91f49","Kilde","Los"
"ffb9ee0e-9b84-4280-aa53-fd8c37f6083b","Nivå","2"
"ffb9ee0e-9b84-4280-aa53-fd8c37f6083b","Kilde","Los"
"42c80557-c240-431d-a2cb-647a98dde299","Kilde","Los"
"42c80557-c240-431d-a2cb-647a98dde299","Nivå","2"
"3f02ae9e-7624-4541-970d-a0cb4b9a4f67","Kilde","Nasjonal IKT"
"3f02ae9e-7624-4541-970d-a0cb4b9a4f67","Nivå","2"
"35af3dba-d5c8-4de0-8d27-d2ef53923dac","Nivå","1"
"35af3dba-d5c8-4de0-8d27-d2ef53923dac","Kilde","Nasjonal IKT"
"bc4f13d8-0850-4722-9cfa-79a156aa6885","Nivå","1"
"2c9ebe98-4577-4eb1-9713-6785ec8a0c30","Nivå","1"
"2c9ebe98-4577-4eb1-9713-6785ec8a0c30","Kilde","Nasjonal IKT"
"1723b84e-bce0-4e5b-81a4-7c1687426696","Nivå","2"
"1723b84e-bce0-4e5b-81a4-7c1687426696","Kilde","Los"
"f46b7fd6-48d7-442b-bec4-2014088d02b5","Nivå","2"
"dc31ab0e-6a17-4bb3-a7b1-35bd49371b92","Nivå","2"
"aaa336f1-186f-408d-89dd-cbdb63ff4c17","Nivå","1"
"32af2a49-3beb-47a5-8146-f464bbb2d965","Nivå","2"
"32af2a49-3beb-47a5-8146-f464bbb2d965","Kilde","Los"
"628bfe85-ad65-4f80-a8ff-359c63265dbf","Nivå","1"
"628bfe85-ad65-4f80-a8ff-359c63265dbf","Kilde","Los"
"a731bc92-a192-4cb2-b390-929e795516c3","Kilde","LOS"
"a731bc92-a192-4cb2-b390-929e795516c3","Nivå","2"
"dfd68e53-0e86-4284-9c4e-83072d550013","Nivå","1"
"dfd68e53-0e86-4284-9c4e-83072d550013","Kilde","Nasjonal IKT"
"a5eafb3e-5359-4787-a670-56d2481e6a5e","Nivå","2"
"a5eafb3e-5359-4787-a670-56d2481e6a5e","Kilde","0"
"6dcc1651-24e1-4bfa-81bc-eb1ce483dedf","Nivå","2"
"6dcc1651-24e1-4bfa-81bc-eb1ce483dedf","Kilde","Los"
"e9574c0f-2490-4ac0-8463-5f7061f96d2b","Kilde","Nasjonal IKT"
"e9574c0f-2490-4ac0-8463-5f7061f96d2b","Nivå","2"
"4227ce24-1dca-4a1c-a98f-d84ae9348925","Kilde","Los"
"4227ce24-1dca-4a1c-a98f-d84ae9348925","Nivå","2"
"d0f7ccda-e1dd-48a0-a7e5-9ce3e2302d3e","Nivå","2"
"bd2811ed-0d26-43c5-9c27-bb5a2efccce2","Nivå","2"
"bd2811ed-0d26-43c5-9c27-bb5a2efccce2","Kilde","Los"
"d68c91b6-0f96-488a-bada-dd1fc91a06db","Nivå","2"
"03957c2d-109b-4671-9bf2-3152dcf8935f","Kilde","Los"
"03957c2d-109b-4671-9bf2-3152dcf8935f","Nivå","1"
"4fca182b-4996-4c76-8f20-51f5971eecb3","Nivå","2"
"00b930eb-708a-4d86-8c61-4f9d2aa0aaaf","difi:metaLevel","undefined"
"00b930eb-708a-4d86-8c61-4f9d2aa0aaaf","dct:type","archi:business-actor"
"00b930eb-708a-4d86-8c61-4f9d2aa0aaaf","difi:namespace","-"
"00b930eb-708a-4d86-8c61-4f9d2aa0aaaf","difi:abstractionLevel","undefined"
"00b930eb-708a-4d86-8c61-4f9d2aa0aaaf","digdir:link1",""
"00b930eb-708a-4d86-8c61-4f9d2aa0aaaf","digdir:logo",""
"00b930eb-708a-4d86-8c61-4f9d2aa0aaaf","difi:language","no"
"00b930eb-708a-4d86-8c61-4f9d2aa0aaaf","difi:name_no","Helsesektoren"
"00b930eb-708a-4d86-8c61-4f9d2aa0aaaf","difi:name_en",""
"00b930eb-708a-4d86-8c61-4f9d2aa0aaaf","difi:description_no",""
"00b930eb-708a-4d86-8c61-4f9d2aa0aaaf","difi:description_en",""
"00b930eb-708a-4d86-8c61-4f9d2aa0aaaf","label","${name}"
"00b930eb-708a-4d86-8c61-4f9d2aa0aaaf","difi:notes",""
"00b930eb-708a-4d86-8c61-4f9d2aa0aaaf","modelx:guid","id-60aad8fba3354ae3bcff70fe0f6c841c"
"58ae027b-455f-4e47-ba75-4890dd66358f","Kilde","Manuelt"
"58ae027b-455f-4e47-ba75-4890dd66358f","Kildesystem","Diverse_elementer.xlsx"
"a19ec321-6880-496d-8f80-2fb65f9e0bb3","Sist oppdatert",""
"a19ec321-6880-496d-8f80-2fb65f9e0bb3","SIst oppdatert av",""
"a19ec321-6880-496d-8f80-2fb65f9e0bb3","Navn",""
"845efa2a-68de-4b82-9b89-26e8cc8be899","Sist oppdatert",""
"845efa2a-68de-4b82-9b89-26e8cc8be899","SIst oppdatert av",""
"cedc7913-65f1-49df-94df-e13664710535","difi:metaLevel","undefined"
"cedc7913-65f1-49df-94df-e13664710535","dct:type","archi:business-actor"
"cedc7913-65f1-49df-94df-e13664710535","difi:namespace","-"
"cedc7913-65f1-49df-94df-e13664710535","difi:abstractionLevel","undefined"
"cedc7913-65f1-49df-94df-e13664710535","digdir:link1",""
"cedc7913-65f1-49df-94df-e13664710535","digdir:logo",""
"cedc7913-65f1-49df-94df-e13664710535","difi:language","no"
"cedc7913-65f1-49df-94df-e13664710535","difi:name_no","Privat sektor"
"cedc7913-65f1-49df-94df-e13664710535","difi:name_en",""
"cedc7913-65f1-49df-94df-e13664710535","difi:description_no",""
"cedc7913-65f1-49df-94df-e13664710535","difi:description_en",""
"cedc7913-65f1-49df-94df-e13664710535","label","${name}"
"cedc7913-65f1-49df-94df-e13664710535","difi:notes",""
"cedc7913-65f1-49df-94df-e13664710535","modelx:guid","id-384f2e5fcef64bf4b81615b2392a8b48"
"0c32655f-d976-49cd-b2d5-eea09547b873","Sist oppdatert",""
"0c32655f-d976-49cd-b2d5-eea09547b873","SIst oppdatert av",""
"0c32655f-d976-49cd-b2d5-eea09547b873","Navn",""
"b2bcdacf-3bd0-40ba-8f23-f8c8a2605269","difi:metaLevel","undefined"
"b2bcdacf-3bd0-40ba-8f23-f8c8a2605269","dct:type","archi:business-actor"
"b2bcdacf-3bd0-40ba-8f23-f8c8a2605269","difi:namespace","-"
"b2bcdacf-3bd0-40ba-8f23-f8c8a2605269","difi:abstractionLevel","undefined"
"b2bcdacf-3bd0-40ba-8f23-f8c8a2605269","digdir:link1",""
"b2bcdacf-3bd0-40ba-8f23-f8c8a2605269","digdir:logo",""
"b2bcdacf-3bd0-40ba-8f23-f8c8a2605269","difi:language","no"
"b2bcdacf-3bd0-40ba-8f23-f8c8a2605269","difi:name_no","DigDir"
"b2bcdacf-3bd0-40ba-8f23-f8c8a2605269","difi:name_en",""
"b2bcdacf-3bd0-40ba-8f23-f8c8a2605269","difi:description_no",""
"b2bcdacf-3bd0-40ba-8f23-f8c8a2605269","difi:description_en",""
"b2bcdacf-3bd0-40ba-8f23-f8c8a2605269","label","${name}"
"b2bcdacf-3bd0-40ba-8f23-f8c8a2605269","difi:notes",""
"b2bcdacf-3bd0-40ba-8f23-f8c8a2605269","modelx:guid","id-49a8ded3fc474ee08bf1dc3be7a1575b"
"d1988fc7-2c6e-4ecb-a29f-c304680367a6","Sist oppdatert",""
"d1988fc7-2c6e-4ecb-a29f-c304680367a6","SIst oppdatert av",""
"d1988fc7-2c6e-4ecb-a29f-c304680367a6","Navn",""
"f8eaf6c3-669c-41ab-ad3d-353937206c6e","Organisasjonsnivå","Rådmann, tjenesteleder, avdelingsleder, sektor, enhet, selvstendig enhet, etc."
"f8eaf6c3-669c-41ab-ad3d-353937206c6e","Sist oppdatert","Når forekomsten ble oppdatert"
"f8eaf6c3-669c-41ab-ad3d-353937206c6e","SIst oppdatert av","Hvem som gjorde siste oppdatering"
"a0f53054-5bde-4639-a79f-5c4aea702768","difi:metaLevel","undefined"
"a0f53054-5bde-4639-a79f-5c4aea702768","dct:type","archi:business-actor"
"a0f53054-5bde-4639-a79f-5c4aea702768","difi:namespace","-"
"a0f53054-5bde-4639-a79f-5c4aea702768","difi:abstractionLevel","undefined"
"a0f53054-5bde-4639-a79f-5c4aea702768","digdir:link1",""
"a0f53054-5bde-4639-a79f-5c4aea702768","digdir:logo",""
"a0f53054-5bde-4639-a79f-5c4aea702768","difi:language","no"
"a0f53054-5bde-4639-a79f-5c4aea702768","difi:name_no","Privat sektor"
"a0f53054-5bde-4639-a79f-5c4aea702768","difi:name_en",""
"a0f53054-5bde-4639-a79f-5c4aea702768","difi:description_no",""
"a0f53054-5bde-4639-a79f-5c4aea702768","difi:description_en",""
"a0f53054-5bde-4639-a79f-5c4aea702768","label","${name}"
"a0f53054-5bde-4639-a79f-5c4aea702768","difi:notes",""
"a0f53054-5bde-4639-a79f-5c4aea702768","modelx:guid","id-384f2e5fcef64bf4b81615b2392a8b48"
"4e638a6a-d966-4ebd-b090-c3659949423e","Sist oppdatert",""
"4e638a6a-d966-4ebd-b090-c3659949423e","SIst oppdatert av",""
"50f00388-c437-4439-96ea-1407179efc7a","Sist oppdatert",""
"50f00388-c437-4439-96ea-1407179efc7a","SIst oppdatert av",""
"50f00388-c437-4439-96ea-1407179efc7a","Navn",""
"89f4365c-ace7-49e2-b868-3dbe7d454977","difi:metaLevel","undefined"
"89f4365c-ace7-49e2-b868-3dbe7d454977","dct:type","archi:business-actor"
"89f4365c-ace7-49e2-b868-3dbe7d454977","difi:namespace","-"
"89f4365c-ace7-49e2-b868-3dbe7d454977","difi:abstractionLevel","undefined"
"89f4365c-ace7-49e2-b868-3dbe7d454977","digdir:link1",""
"89f4365c-ace7-49e2-b868-3dbe7d454977","digdir:logo",""
"89f4365c-ace7-49e2-b868-3dbe7d454977","difi:language","no"
"89f4365c-ace7-49e2-b868-3dbe7d454977","difi:name_no","Andre offentlige sektorer og virksomheter"
"89f4365c-ace7-49e2-b868-3dbe7d454977","difi:name_en",""
"89f4365c-ace7-49e2-b868-3dbe7d454977","difi:description_no",""
"89f4365c-ace7-49e2-b868-3dbe7d454977","difi:description_en",""
"89f4365c-ace7-49e2-b868-3dbe7d454977","label","${name}"
"89f4365c-ace7-49e2-b868-3dbe7d454977","difi:notes",""
"89f4365c-ace7-49e2-b868-3dbe7d454977","modelx:guid","id-5265617bf6a748118e125154fbd60711"
"866acb48-6144-4b1a-902f-c90bd3b60e3c","Sist oppdatert",""
"866acb48-6144-4b1a-902f-c90bd3b60e3c","SIst oppdatert av",""
"866acb48-6144-4b1a-902f-c90bd3b60e3c","Navn",""
"aa27cf2f-3152-4799-b128-8d540fe3b67f","difi:metaLevel","undefined"
"aa27cf2f-3152-4799-b128-8d540fe3b67f","dct:type","archi:business-actor"
"aa27cf2f-3152-4799-b128-8d540fe3b67f","difi:namespace","-"
"aa27cf2f-3152-4799-b128-8d540fe3b67f","difi:abstractionLevel","undefined"
"aa27cf2f-3152-4799-b128-8d540fe3b67f","digdir:link1",""
"aa27cf2f-3152-4799-b128-8d540fe3b67f","digdir:logo",""
"aa27cf2f-3152-4799-b128-8d540fe3b67f","difi:language","no"
"aa27cf2f-3152-4799-b128-8d540fe3b67f","difi:name_no","Privat sektor"
"aa27cf2f-3152-4799-b128-8d540fe3b67f","difi:name_en",""
"aa27cf2f-3152-4799-b128-8d540fe3b67f","difi:description_no",""
"aa27cf2f-3152-4799-b128-8d540fe3b67f","difi:description_en",""
"aa27cf2f-3152-4799-b128-8d540fe3b67f","label","${name}"
"aa27cf2f-3152-4799-b128-8d540fe3b67f","difi:notes",""
"aa27cf2f-3152-4799-b128-8d540fe3b67f","modelx:guid","id-384f2e5fcef64bf4b81615b2392a8b48"
"9656815b-ea07-49e7-8081-3391d95ef74a","difi:metaLevel","undefined"
"9656815b-ea07-49e7-8081-3391d95ef74a","dct:type","archi:business-actor"
"9656815b-ea07-49e7-8081-3391d95ef74a","difi:namespace","-"
"9656815b-ea07-49e7-8081-3391d95ef74a","difi:abstractionLevel","undefined"
"9656815b-ea07-49e7-8081-3391d95ef74a","digdir:link1",""
"9656815b-ea07-49e7-8081-3391d95ef74a","digdir:logo",""
"9656815b-ea07-49e7-8081-3391d95ef74a","difi:language","no"
"9656815b-ea07-49e7-8081-3391d95ef74a","difi:name_no","Privat sektor"
"9656815b-ea07-49e7-8081-3391d95ef74a","difi:name_en",""
"9656815b-ea07-49e7-8081-3391d95ef74a","difi:description_no",""
"9656815b-ea07-49e7-8081-3391d95ef74a","difi:description_en",""
"9656815b-ea07-49e7-8081-3391d95ef74a","label","${name}"
"9656815b-ea07-49e7-8081-3391d95ef74a","difi:notes",""
"9656815b-ea07-49e7-8081-3391d95ef74a","modelx:guid","id-384f2e5fcef64bf4b81615b2392a8b48"
"db810e04-7e6e-4a18-8836-adebeb7dc059","difi:metaLevel","undefined"
"db810e04-7e6e-4a18-8836-adebeb7dc059","dct:type","archi:business-actor"
"db810e04-7e6e-4a18-8836-adebeb7dc059","difi:namespace","-"
"db810e04-7e6e-4a18-8836-adebeb7dc059","difi:abstractionLevel","undefined"
"db810e04-7e6e-4a18-8836-adebeb7dc059","digdir:link1",""
"db810e04-7e6e-4a18-8836-adebeb7dc059","digdir:logo",""
"db810e04-7e6e-4a18-8836-adebeb7dc059","difi:language","no"
"db810e04-7e6e-4a18-8836-adebeb7dc059","difi:name_no","Utdanningssektoren"
"db810e04-7e6e-4a18-8836-adebeb7dc059","difi:name_en",""
"db810e04-7e6e-4a18-8836-adebeb7dc059","difi:description_no",""
"db810e04-7e6e-4a18-8836-adebeb7dc059","difi:description_en",""
"db810e04-7e6e-4a18-8836-adebeb7dc059","label","${name}"
"db810e04-7e6e-4a18-8836-adebeb7dc059","difi:notes",""
"db810e04-7e6e-4a18-8836-adebeb7dc059","modelx:guid","id-30d6b9593ce84a1ba942c0af7390b0b7"
"7747b636-1b38-4395-960e-7bc1920af992","difi:metaLevel","undefined"
"7747b636-1b38-4395-960e-7bc1920af992","dct:type","archi:business-actor"
"7747b636-1b38-4395-960e-7bc1920af992","difi:namespace","-"
"7747b636-1b38-4395-960e-7bc1920af992","difi:abstractionLevel","undefined"
"7747b636-1b38-4395-960e-7bc1920af992","digdir:link1",""
"7747b636-1b38-4395-960e-7bc1920af992","digdir:logo",""
"7747b636-1b38-4395-960e-7bc1920af992","difi:language","no"
"7747b636-1b38-4395-960e-7bc1920af992","difi:name_no","Privat sektor"
"7747b636-1b38-4395-960e-7bc1920af992","difi:name_en",""
"7747b636-1b38-4395-960e-7bc1920af992","difi:description_no",""
"7747b636-1b38-4395-960e-7bc1920af992","difi:description_en",""
"7747b636-1b38-4395-960e-7bc1920af992","label","${name}"
"7747b636-1b38-4395-960e-7bc1920af992","difi:notes",""
"7747b636-1b38-4395-960e-7bc1920af992","modelx:guid","id-384f2e5fcef64bf4b81615b2392a8b48"
"2e06ea63-cd0a-4827-9cee-a4014d15ea3b","Sist oppdatert",""
"2e06ea63-cd0a-4827-9cee-a4014d15ea3b","SIst oppdatert av",""
"2e06ea63-cd0a-4827-9cee-a4014d15ea3b","Navn",""
"ffda3c0e-fb01-48ba-9ef4-8e0071817b88","Sist oppdatert",""
"ffda3c0e-fb01-48ba-9ef4-8e0071817b88","SIst oppdatert av",""
"ece5943e-9749-435a-90ab-4a2c54bcd48d","difi:metaLevel","undefined"
"ece5943e-9749-435a-90ab-4a2c54bcd48d","dct:type","archi:business-actor"
"ece5943e-9749-435a-90ab-4a2c54bcd48d","difi:namespace","-"
"ece5943e-9749-435a-90ab-4a2c54bcd48d","difi:abstractionLevel","undefined"
"ece5943e-9749-435a-90ab-4a2c54bcd48d","digdir:link1",""
"ece5943e-9749-435a-90ab-4a2c54bcd48d","digdir:logo",""
"ece5943e-9749-435a-90ab-4a2c54bcd48d","difi:language","no"
"ece5943e-9749-435a-90ab-4a2c54bcd48d","difi:name_no","Andre offentlige sektorer og virksomheter"
"ece5943e-9749-435a-90ab-4a2c54bcd48d","difi:name_en",""
"ece5943e-9749-435a-90ab-4a2c54bcd48d","difi:description_no",""
"ece5943e-9749-435a-90ab-4a2c54bcd48d","difi:description_en",""
"ece5943e-9749-435a-90ab-4a2c54bcd48d","label","${name}"
"ece5943e-9749-435a-90ab-4a2c54bcd48d","difi:notes",""
"ece5943e-9749-435a-90ab-4a2c54bcd48d","modelx:guid","id-5265617bf6a748118e125154fbd60711"
"418305c9-52c4-4bef-abd8-eeebf2ed1b5a","Sist oppdatert",""
"418305c9-52c4-4bef-abd8-eeebf2ed1b5a","SIst oppdatert av",""
"7bb6e4a1-edb0-449f-a7d7-6a90137e6fec","Referanse til kvalitetssystem","Link eller navn på prosess i kvalitetssystemet"
"7bb6e4a1-edb0-449f-a7d7-6a90137e6fec","Sist oppdatert",""
"7bb6e4a1-edb0-449f-a7d7-6a90137e6fec","SIst oppdatert av",""
"12fb3f90-ab12-495e-a88c-c1df7a05769e","Masterdata?","Ja"
"9d1de4d3-7520-417a-8d50-c399f294a7be","Masterdata?","Ja"
"0a666a70-070c-420b-a98c-fe35f7956187","Plan estimat","1349"
"55a2ce1e-37da-420e-b42f-a70226f02e5c","Plan estimat","66"
"684d7ab2-9202-4f96-9191-fb6e6a28bd80","Tilgangsrettighet","Offentlig, internt, beskyttet"
"78412682-b2ac-49ae-baf7-2b3432aa8b7b","Masterdata?","Ja"
"d2504440-7561-4b5a-9bcd-7a2eca9b751e","Plan estimat","32"
"57943ff2-2c2c-44bc-8b11-294fead253e6","Masterdata?","Nei"
"ea1ecc99-944f-4c22-8dc7-4aface8c33a1","Masterdata?","Ja"
"9ae6199c-e13e-4d57-adec-f6e278788b1e","Sist oppdatert",""
"9ae6199c-e13e-4d57-adec-f6e278788b1e","SIst oppdatert av",""
"996e9649-4da5-41d4-9eba-26607cf22f06","Plan estimat","662"
"9e71e36f-f943-44b8-b5c7-ae52a8b0dcd8","Sist oppdatert",""
"9e71e36f-f943-44b8-b5c7-ae52a8b0dcd8","SIst oppdatert av",""
"69c19925-995b-4ab3-af6a-81313904dff4","Plan estimat","1217"
"9366af7c-aac9-4dca-8549-18bbadd45c22","Plan estimat","283"
"ae59c157-4cf4-4497-91b3-308e0cab6102","Plan estimat","238"
"2e5f49ff-ad51-43f2-bf20-899780596751","Masterdata?","Nei"
"3dbafffd-f442-4440-9426-487863812b16","Plan estimat","159"
"59dd0f23-ecdf-4c65-978d-e072713d4879","Masterdata?","Ja"
"67b94a63-f88d-4eff-a262-7daa7ac13715","Kritikalitet","Virksomhetskritisk, normal, liv og helse"
"67b94a63-f88d-4eff-a262-7daa7ac13715","RIsikovurdering","Dato for sist gjennomført, blank betyr ikke gjennomført"
"67b94a63-f88d-4eff-a262-7daa7ac13715","Samlet årlig kostnad","Lisenskostnader, support, vedlikehold og drift"
"67b94a63-f88d-4eff-a262-7daa7ac13715","Strategisk vurdering","Akseptere, investere, migrere, sanere"
"67b94a63-f88d-4eff-a262-7daa7ac13715","Systemlivssyklus","Under anskaffelse, under etablering, i drift, avvikling "
"67b94a63-f88d-4eff-a262-7daa7ac13715","Sist oppdatert",""
"67b94a63-f88d-4eff-a262-7daa7ac13715","SIst oppdatert av",""
"ef61ae72-bbbc-46fd-995b-e6842668eb8c","Plan estimat","314"
"e9c59fe4-f184-4a34-b321-bf9f55caea9b","Plan estimat","159"
"2e17541b-2415-4f02-b0f5-0ba9013f12f7","Plan estimat","423"
"78867121-7075-4103-a3c7-09f8a8a5f9fe","Masterdata?","Nei"
"6fdc3d73-4ead-42d3-82f9-73324381a4d7","Type","Bruker, maskin"
"6fdc3d73-4ead-42d3-82f9-73324381a4d7","Standard","Lokal, nasjonal, EU-standard"
"6fdc3d73-4ead-42d3-82f9-73324381a4d7","Sist oppdatert",""
"6fdc3d73-4ead-42d3-82f9-73324381a4d7","SIst oppdatert av",""
"e2bad364-6e5f-4f34-825e-be0cb42a84e4","Masterdata?","Ja"
"70e6e3d6-7084-4c9c-bd01-2178479f8dd3","Plan estimat","0"
"e30802cf-7602-452f-b388-a5b8b90d9ff6","Masterdata?","Ja"
"e79e9a57-99e6-450e-a75a-76528df5833b","Masterdata?","Ja"
"c5fa69c8-3ad2-4cd8-89bf-efa9bfd5c796","Plan estimat","53"
"77d0e57a-4982-47ee-8a88-4bab61225a3d","Masterdata?","Ja"
"adc3de94-e66d-43af-9e6b-8c2deb2646ff","Masterdata?","Ja"
"ad787fb7-8125-42ac-9422-e6e56cb14a38","Masterdata?","Nei"
"d656481e-0d6a-49c2-8840-be7cfaf863d1","Masterdata?","Nei"
"433bf450-3ed6-45c8-8f19-9a37f94598fc","Sist oppdatert",""
"433bf450-3ed6-45c8-8f19-9a37f94598fc","SIst oppdatert av",""
"a05a7fb5-adee-4072-a744-6e67250ba2da","Servertype","Virtuell, fysisk"
"a05a7fb5-adee-4072-a744-6e67250ba2da","Operativsystem","WIndows, Linux"
"a05a7fb5-adee-4072-a744-6e67250ba2da","Sist oppdatert",""
"a05a7fb5-adee-4072-a744-6e67250ba2da","SIst oppdatert av",""
"715ccf6d-42e0-4880-a8ba-ce569a6d7b2c","Nettverkssegment","Intern sone, sikker sone, DMZ, elevnett, teknisk sone"
"715ccf6d-42e0-4880-a8ba-ce569a6d7b2c","Sist oppdatert",""
"715ccf6d-42e0-4880-a8ba-ce569a6d7b2c","SIst oppdatert av",""
"f35b5ebb-c830-4d8b-b1c6-25987de2fe3a","Type","ASP, skytjeneste, lokal"
"f35b5ebb-c830-4d8b-b1c6-25987de2fe3a","Sist oppdatert",""
"f35b5ebb-c830-4d8b-b1c6-25987de2fe3a","SIst oppdatert av",""
"8832bc0b-070a-42de-8a71-491e764bfef3","Angrepsmønster","https://capec.mitre.org/data/definitions/154.html"
"eda72f13-bb34-4df4-aac2-912656d85870","Angrepsmønster","https://capec.mitre.org/data/definitions/151.html"
"cdafdf21-26eb-48f0-89b1-7d6e8a755835","Angrepsmønster","https://capec.mitre.org/data/definitions/148.html"
"367ac9a9-7d3c-4910-baf9-67736941bce3","Angrepsmønster","https://capec.mitre.org/data/definitions/416.html"
"b8ffc1cd-e42f-47af-b25c-b71bef35cef9","Angrepsmønster","https://capec.mitre.org/data/definitions/173.html"
"83fac1d4-8cbe-4ae5-aaa9-790ba4711d4e","difi:metaLevel","undefined"
"83fac1d4-8cbe-4ae5-aaa9-790ba4711d4e","dct:type","archi:stakeholder"
"83fac1d4-8cbe-4ae5-aaa9-790ba4711d4e","difi:namespace","-"
"83fac1d4-8cbe-4ae5-aaa9-790ba4711d4e","difi:abstractionLevel","undefined"
"83fac1d4-8cbe-4ae5-aaa9-790ba4711d4e","digdir:link1",""
"83fac1d4-8cbe-4ae5-aaa9-790ba4711d4e","digdir:logo",""
"83fac1d4-8cbe-4ae5-aaa9-790ba4711d4e","difi:language","no"
"83fac1d4-8cbe-4ae5-aaa9-790ba4711d4e","difi:name_no","Arkitekt"
"83fac1d4-8cbe-4ae5-aaa9-790ba4711d4e","difi:name_en",""
"83fac1d4-8cbe-4ae5-aaa9-790ba4711d4e","difi:description_no",""
"83fac1d4-8cbe-4ae5-aaa9-790ba4711d4e","difi:description_en",""
"83fac1d4-8cbe-4ae5-aaa9-790ba4711d4e","label","${name}"
"83fac1d4-8cbe-4ae5-aaa9-790ba4711d4e","difi:notes",""
"83fac1d4-8cbe-4ae5-aaa9-790ba4711d4e","modelx:guid","id-af7fbe006cf442ffbbe0f396a5421e7b"
"e0391c5b-9f7d-4a91-94ac-7c21bd6b386b","difi:metaLevel","undefined"
"e0391c5b-9f7d-4a91-94ac-7c21bd6b386b","dct:type","archi:stakeholder"
"e0391c5b-9f7d-4a91-94ac-7c21bd6b386b","difi:namespace","-"
"e0391c5b-9f7d-4a91-94ac-7c21bd6b386b","difi:abstractionLevel","undefined"
"e0391c5b-9f7d-4a91-94ac-7c21bd6b386b","digdir:link1",""
"e0391c5b-9f7d-4a91-94ac-7c21bd6b386b","digdir:logo",""
"e0391c5b-9f7d-4a91-94ac-7c21bd6b386b","difi:language","no"
"e0391c5b-9f7d-4a91-94ac-7c21bd6b386b","difi:name_no","Arkitekt"
"e0391c5b-9f7d-4a91-94ac-7c21bd6b386b","difi:name_en",""
"e0391c5b-9f7d-4a91-94ac-7c21bd6b386b","difi:description_no",""
"e0391c5b-9f7d-4a91-94ac-7c21bd6b386b","difi:description_en",""
"e0391c5b-9f7d-4a91-94ac-7c21bd6b386b","label","${name}"
"e0391c5b-9f7d-4a91-94ac-7c21bd6b386b","difi:notes",""
"e0391c5b-9f7d-4a91-94ac-7c21bd6b386b","modelx:guid","id-af7fbe006cf442ffbbe0f396a5421e7b"
"5a07ceec-48c8-4324-b85e-e84362e2c3dd","difi:metaLevel","undefined"
"5a07ceec-48c8-4324-b85e-e84362e2c3dd","dct:type","archi:stakeholder"
"5a07ceec-48c8-4324-b85e-e84362e2c3dd","difi:namespace","-"
"5a07ceec-48c8-4324-b85e-e84362e2c3dd","difi:abstractionLevel","undefined"
"5a07ceec-48c8-4324-b85e-e84362e2c3dd","digdir:link1",""
"5a07ceec-48c8-4324-b85e-e84362e2c3dd","digdir:logo",""
"5a07ceec-48c8-4324-b85e-e84362e2c3dd","difi:language","no"
"5a07ceec-48c8-4324-b85e-e84362e2c3dd","difi:name_no","Arkitekt"
"5a07ceec-48c8-4324-b85e-e84362e2c3dd","difi:name_en",""
"5a07ceec-48c8-4324-b85e-e84362e2c3dd","difi:description_no",""
"5a07ceec-48c8-4324-b85e-e84362e2c3dd","difi:description_en",""
"5a07ceec-48c8-4324-b85e-e84362e2c3dd","label","${name}"
"5a07ceec-48c8-4324-b85e-e84362e2c3dd","difi:notes",""
"5a07ceec-48c8-4324-b85e-e84362e2c3dd","modelx:guid","id-af7fbe006cf442ffbbe0f396a5421e7b"
"7f3d66ff-0339-4d97-a1f1-9603a7b7452c","difi:metaLevel","undefined"
"7f3d66ff-0339-4d97-a1f1-9603a7b7452c","dct:type","archi:stakeholder"
"7f3d66ff-0339-4d97-a1f1-9603a7b7452c","difi:namespace","-"
"7f3d66ff-0339-4d97-a1f1-9603a7b7452c","difi:abstractionLevel","undefined"
"7f3d66ff-0339-4d97-a1f1-9603a7b7452c","digdir:link1",""
"7f3d66ff-0339-4d97-a1f1-9603a7b7452c","digdir:logo",""
"7f3d66ff-0339-4d97-a1f1-9603a7b7452c","difi:language","no"
"7f3d66ff-0339-4d97-a1f1-9603a7b7452c","difi:name_no","Arkitekt"
"7f3d66ff-0339-4d97-a1f1-9603a7b7452c","difi:name_en",""
"7f3d66ff-0339-4d97-a1f1-9603a7b7452c","difi:description_no",""
"7f3d66ff-0339-4d97-a1f1-9603a7b7452c","difi:description_en",""
"7f3d66ff-0339-4d97-a1f1-9603a7b7452c","label","${name}"
"7f3d66ff-0339-4d97-a1f1-9603a7b7452c","difi:notes",""
"7f3d66ff-0339-4d97-a1f1-9603a7b7452c","modelx:guid","id-af7fbe006cf442ffbbe0f396a5421e7b"
"26ee4333-6a23-4848-96f9-4b6285587781","difi:metaLevel","undefined"
"26ee4333-6a23-4848-96f9-4b6285587781","dct:type","archi:stakeholder"
"26ee4333-6a23-4848-96f9-4b6285587781","difi:namespace","-"
"26ee4333-6a23-4848-96f9-4b6285587781","difi:abstractionLevel","undefined"
"26ee4333-6a23-4848-96f9-4b6285587781","digdir:link1",""
"26ee4333-6a23-4848-96f9-4b6285587781","digdir:logo",""
"26ee4333-6a23-4848-96f9-4b6285587781","difi:language","no"
"26ee4333-6a23-4848-96f9-4b6285587781","difi:name_no","Arkitekt"
"26ee4333-6a23-4848-96f9-4b6285587781","difi:name_en",""
"26ee4333-6a23-4848-96f9-4b6285587781","difi:description_no",""
"26ee4333-6a23-4848-96f9-4b6285587781","difi:description_en",""
"26ee4333-6a23-4848-96f9-4b6285587781","label","${name}"
"26ee4333-6a23-4848-96f9-4b6285587781","difi:notes",""
"26ee4333-6a23-4848-96f9-4b6285587781","modelx:guid","id-af7fbe006cf442ffbbe0f396a5421e7b"
"3c9db645-a356-406c-860c-71a60b17d3a5","difi:metaLevel","undefined"
"3c9db645-a356-406c-860c-71a60b17d3a5","dct:type","archi:stakeholder"
"3c9db645-a356-406c-860c-71a60b17d3a5","difi:namespace","-"
"3c9db645-a356-406c-860c-71a60b17d3a5","difi:abstractionLevel","undefined"
"3c9db645-a356-406c-860c-71a60b17d3a5","digdir:link1",""
"3c9db645-a356-406c-860c-71a60b17d3a5","digdir:logo",""
"3c9db645-a356-406c-860c-71a60b17d3a5","difi:language","no"
"3c9db645-a356-406c-860c-71a60b17d3a5","difi:name_no","Arkitekt"
"3c9db645-a356-406c-860c-71a60b17d3a5","difi:name_en",""
"3c9db645-a356-406c-860c-71a60b17d3a5","difi:description_no",""
"3c9db645-a356-406c-860c-71a60b17d3a5","difi:description_en",""
"3c9db645-a356-406c-860c-71a60b17d3a5","label","${name}"
"3c9db645-a356-406c-860c-71a60b17d3a5","difi:notes",""
"3c9db645-a356-406c-860c-71a60b17d3a5","modelx:guid","id-af7fbe006cf442ffbbe0f396a5421e7b"
"96fad6d9-409a-40d3-ae63-d889ad9e98a8","difi:metaLevel","undefined"
"96fad6d9-409a-40d3-ae63-d889ad9e98a8","dct:type","archi:stakeholder"
"96fad6d9-409a-40d3-ae63-d889ad9e98a8","difi:namespace","-"
"96fad6d9-409a-40d3-ae63-d889ad9e98a8","difi:abstractionLevel","undefined"
"96fad6d9-409a-40d3-ae63-d889ad9e98a8","digdir:link1",""
"96fad6d9-409a-40d3-ae63-d889ad9e98a8","digdir:logo",""
"96fad6d9-409a-40d3-ae63-d889ad9e98a8","difi:language","no"
"96fad6d9-409a-40d3-ae63-d889ad9e98a8","difi:name_no","Arkitekt"
"96fad6d9-409a-40d3-ae63-d889ad9e98a8","difi:name_en",""
"96fad6d9-409a-40d3-ae63-d889ad9e98a8","difi:description_no",""
"96fad6d9-409a-40d3-ae63-d889ad9e98a8","difi:description_en",""
"96fad6d9-409a-40d3-ae63-d889ad9e98a8","label","${name}"
"96fad6d9-409a-40d3-ae63-d889ad9e98a8","difi:notes",""
"96fad6d9-409a-40d3-ae63-d889ad9e98a8","modelx:guid","id-af7fbe006cf442ffbbe0f396a5421e7b"
"aa991a7b-a34a-498e-8e25-daae0ee42662","difi:metaLevel","undefined"
"aa991a7b-a34a-498e-8e25-daae0ee42662","dct:type","archi:stakeholder"
"aa991a7b-a34a-498e-8e25-daae0ee42662","difi:namespace","-"
"aa991a7b-a34a-498e-8e25-daae0ee42662","difi:abstractionLevel","undefined"
"aa991a7b-a34a-498e-8e25-daae0ee42662","digdir:link1",""
"aa991a7b-a34a-498e-8e25-daae0ee42662","digdir:logo",""
"aa991a7b-a34a-498e-8e25-daae0ee42662","difi:language","no"
"aa991a7b-a34a-498e-8e25-daae0ee42662","difi:name_no","Arkitekt"
"aa991a7b-a34a-498e-8e25-daae0ee42662","difi:name_en",""
"aa991a7b-a34a-498e-8e25-daae0ee42662","difi:description_no",""
"aa991a7b-a34a-498e-8e25-daae0ee42662","difi:description_en",""
"aa991a7b-a34a-498e-8e25-daae0ee42662","label","${name}"
"aa991a7b-a34a-498e-8e25-daae0ee42662","difi:notes",""
"aa991a7b-a34a-498e-8e25-daae0ee42662","modelx:guid","id-af7fbe006cf442ffbbe0f396a5421e7b"
"f868fcb1-0f4f-4408-88f3-b8d39c243cf0","difi:metaLevel","undefined"
"f868fcb1-0f4f-4408-88f3-b8d39c243cf0","dct:type","archi:stakeholder"
"f868fcb1-0f4f-4408-88f3-b8d39c243cf0","difi:namespace","-"
"f868fcb1-0f4f-4408-88f3-b8d39c243cf0","difi:abstractionLevel","undefined"
"f868fcb1-0f4f-4408-88f3-b8d39c243cf0","digdir:link1",""
"f868fcb1-0f4f-4408-88f3-b8d39c243cf0","digdir:logo",""
"f868fcb1-0f4f-4408-88f3-b8d39c243cf0","difi:language","no"
"f868fcb1-0f4f-4408-88f3-b8d39c243cf0","difi:name_no","Tjenesteeier"
"f868fcb1-0f4f-4408-88f3-b8d39c243cf0","difi:name_en",""
"f868fcb1-0f4f-4408-88f3-b8d39c243cf0","difi:description_no",""
"f868fcb1-0f4f-4408-88f3-b8d39c243cf0","difi:description_en",""
"f868fcb1-0f4f-4408-88f3-b8d39c243cf0","label","${name}"
"f868fcb1-0f4f-4408-88f3-b8d39c243cf0","difi:notes",""
"f868fcb1-0f4f-4408-88f3-b8d39c243cf0","modelx:guid","id-9f11ded4626b408f87844ea785a63247"
"ba7469cc-8334-4f10-9f65-bbe5a765cc19","difi:metaLevel","undefined"
"ba7469cc-8334-4f10-9f65-bbe5a765cc19","dct:type","archi:stakeholder"
"ba7469cc-8334-4f10-9f65-bbe5a765cc19","difi:namespace","-"
"ba7469cc-8334-4f10-9f65-bbe5a765cc19","difi:abstractionLevel","undefined"
"ba7469cc-8334-4f10-9f65-bbe5a765cc19","digdir:link1",""
"ba7469cc-8334-4f10-9f65-bbe5a765cc19","digdir:logo",""
"ba7469cc-8334-4f10-9f65-bbe5a765cc19","difi:language","no"
"ba7469cc-8334-4f10-9f65-bbe5a765cc19","difi:name_no","Tjenesteeier"
"ba7469cc-8334-4f10-9f65-bbe5a765cc19","difi:name_en",""
"ba7469cc-8334-4f10-9f65-bbe5a765cc19","difi:description_no",""
"ba7469cc-8334-4f10-9f65-bbe5a765cc19","difi:description_en",""
"ba7469cc-8334-4f10-9f65-bbe5a765cc19","label","${name}"
"ba7469cc-8334-4f10-9f65-bbe5a765cc19","difi:notes",""
"ba7469cc-8334-4f10-9f65-bbe5a765cc19","modelx:guid","id-9f11ded4626b408f87844ea785a63247"
"8f9e763e-ef3d-484e-be73-9c7d53490d65","difi:metaLevel","undefined"
"8f9e763e-ef3d-484e-be73-9c7d53490d65","dct:type","archi:stakeholder"
"8f9e763e-ef3d-484e-be73-9c7d53490d65","difi:namespace","-"
"8f9e763e-ef3d-484e-be73-9c7d53490d65","difi:abstractionLevel","undefined"
"8f9e763e-ef3d-484e-be73-9c7d53490d65","digdir:link1",""
"8f9e763e-ef3d-484e-be73-9c7d53490d65","digdir:logo",""
"8f9e763e-ef3d-484e-be73-9c7d53490d65","difi:language","no"
"8f9e763e-ef3d-484e-be73-9c7d53490d65","difi:name_no","Arkitekt"
"8f9e763e-ef3d-484e-be73-9c7d53490d65","difi:name_en",""
"8f9e763e-ef3d-484e-be73-9c7d53490d65","difi:description_no",""
"8f9e763e-ef3d-484e-be73-9c7d53490d65","difi:description_en",""
"8f9e763e-ef3d-484e-be73-9c7d53490d65","label","${name}"
"8f9e763e-ef3d-484e-be73-9c7d53490d65","difi:notes",""
"8f9e763e-ef3d-484e-be73-9c7d53490d65","modelx:guid","id-af7fbe006cf442ffbbe0f396a5421e7b"
"ecbc1144-0c1a-4aa7-96e7-4fcb90bbf6ca","difi:metaLevel","undefined"
"ecbc1144-0c1a-4aa7-96e7-4fcb90bbf6ca","dct:type","archi:stakeholder"
"ecbc1144-0c1a-4aa7-96e7-4fcb90bbf6ca","difi:namespace","-"
"ecbc1144-0c1a-4aa7-96e7-4fcb90bbf6ca","difi:abstractionLevel","undefined"
"ecbc1144-0c1a-4aa7-96e7-4fcb90bbf6ca","digdir:link1",""
"ecbc1144-0c1a-4aa7-96e7-4fcb90bbf6ca","digdir:logo",""
"ecbc1144-0c1a-4aa7-96e7-4fcb90bbf6ca","difi:language","no"
"ecbc1144-0c1a-4aa7-96e7-4fcb90bbf6ca","difi:name_no","Arkitekt"
"ecbc1144-0c1a-4aa7-96e7-4fcb90bbf6ca","difi:name_en",""
"ecbc1144-0c1a-4aa7-96e7-4fcb90bbf6ca","difi:description_no",""
"ecbc1144-0c1a-4aa7-96e7-4fcb90bbf6ca","difi:description_en",""
"ecbc1144-0c1a-4aa7-96e7-4fcb90bbf6ca","label","${name}"
"ecbc1144-0c1a-4aa7-96e7-4fcb90bbf6ca","difi:notes",""
"ecbc1144-0c1a-4aa7-96e7-4fcb90bbf6ca","modelx:guid","id-af7fbe006cf442ffbbe0f396a5421e7b"
"17ce9135-d7ba-47bc-b39d-b0242d552172","difi:metaLevel","undefined"
"17ce9135-d7ba-47bc-b39d-b0242d552172","dct:type","archi:stakeholder"
"17ce9135-d7ba-47bc-b39d-b0242d552172","difi:namespace","-"
"17ce9135-d7ba-47bc-b39d-b0242d552172","difi:abstractionLevel","undefined"
"17ce9135-d7ba-47bc-b39d-b0242d552172","digdir:link1",""
"17ce9135-d7ba-47bc-b39d-b0242d552172","digdir:logo",""
"17ce9135-d7ba-47bc-b39d-b0242d552172","difi:language","no"
"17ce9135-d7ba-47bc-b39d-b0242d552172","difi:name_no","Arkitekt"
"17ce9135-d7ba-47bc-b39d-b0242d552172","difi:name_en",""
"17ce9135-d7ba-47bc-b39d-b0242d552172","difi:description_no",""
"17ce9135-d7ba-47bc-b39d-b0242d552172","difi:description_en",""
"17ce9135-d7ba-47bc-b39d-b0242d552172","label","${name}"
"17ce9135-d7ba-47bc-b39d-b0242d552172","difi:notes",""
"17ce9135-d7ba-47bc-b39d-b0242d552172","modelx:guid","id-af7fbe006cf442ffbbe0f396a5421e7b"
"id-78bf865d1fab4c71b6e19b24339b3133","Junction_Type","And"
"id-755b94d3156947b8a7310d7897a0526f","Junction_Type","And"
"08f8a1f7-f335-4505-966c-20506c4be428","difi:metaLevel","undefined"
"08f8a1f7-f335-4505-966c-20506c4be428","dct:type","archi:grouping"
"08f8a1f7-f335-4505-966c-20506c4be428","difi:namespace","-"
"08f8a1f7-f335-4505-966c-20506c4be428","difi:abstractionLevel","undefined"
"08f8a1f7-f335-4505-966c-20506c4be428","digdir:link1",""
"08f8a1f7-f335-4505-966c-20506c4be428","digdir:logo",""
"08f8a1f7-f335-4505-966c-20506c4be428","difi:language","no"
"08f8a1f7-f335-4505-966c-20506c4be428","difi:name_no","Medvirkende"
"08f8a1f7-f335-4505-966c-20506c4be428","difi:name_en",""
"08f8a1f7-f335-4505-966c-20506c4be428","difi:description_no",""
"08f8a1f7-f335-4505-966c-20506c4be428","difi:description_en",""
"08f8a1f7-f335-4505-966c-20506c4be428","label","${name}"
"08f8a1f7-f335-4505-966c-20506c4be428","difi:notes",""
"08f8a1f7-f335-4505-966c-20506c4be428","modelx:guid","id-38725736ea2a447a8289d91441fdf50b"
"73e720d0-9b4b-416e-8d06-1ef63178520a","difi:metaLevel","undefined"
"73e720d0-9b4b-416e-8d06-1ef63178520a","dct:type","archi:grouping"
"73e720d0-9b4b-416e-8d06-1ef63178520a","difi:namespace","-"
"73e720d0-9b4b-416e-8d06-1ef63178520a","difi:abstractionLevel","undefined"
"73e720d0-9b4b-416e-8d06-1ef63178520a","digdir:link1",""
"73e720d0-9b4b-416e-8d06-1ef63178520a","digdir:logo",""
"73e720d0-9b4b-416e-8d06-1ef63178520a","difi:language","no"
"73e720d0-9b4b-416e-8d06-1ef63178520a","difi:name_no","Primære målgrupper"
"73e720d0-9b4b-416e-8d06-1ef63178520a","difi:name_en",""
"73e720d0-9b4b-416e-8d06-1ef63178520a","difi:description_no",""
"73e720d0-9b4b-416e-8d06-1ef63178520a","difi:description_en",""
"73e720d0-9b4b-416e-8d06-1ef63178520a","label","${name}"
"73e720d0-9b4b-416e-8d06-1ef63178520a","difi:notes",""
"73e720d0-9b4b-416e-8d06-1ef63178520a","modelx:guid","id-e7e96f6ff12441f9870443055ee8b845"
"55284b4b-dba3-49dc-94a2-b305c5486952","Directed","false"
"id-d833dc2d95b04cc58877d6f80839357c","Directed","false"
"bb456fb6-c700-4b57-a2b0-38fc2059e45e","Directed","false"
"id-edf554a64d9a494bae059412cce882b7","Directed","false"
"7a28390a-ccc4-405f-b9f9-2c7ede3621d7","Directed","false"
"04559dcb-cbc0-48c8-8ce5-0afbfea16b64","Access_Type","ReadWrite"
"3c943e72-41f7-4dd6-b38b-f7b50dc7e69b","Access_Type","Write"
"id-8a46bf6820b34750a34ae61e517f1c1b","Directed","false"
"47673ac6-505b-4e9b-a5dc-aea03391bd5b","Access_Type","Write"
"id-387bfda66acc4ac9bcca91c2c0c2612d","Access_Type","Read"
"id-35c8fd7587e54554bd23fe1575a65651","Access_Type","Write"
"6486eca7-1afd-409e-91d7-4bb1288abce2","difi:metaLevel","undefined"
"6486eca7-1afd-409e-91d7-4bb1288abce2","dct:type","archi:composition-relationship"
"6486eca7-1afd-409e-91d7-4bb1288abce2","difi:namespace","-"
"6486eca7-1afd-409e-91d7-4bb1288abce2","difi:abstractionLevel","undefined"
"6486eca7-1afd-409e-91d7-4bb1288abce2","digdir:link1",""
"6486eca7-1afd-409e-91d7-4bb1288abce2","digdir:logo",""
"6486eca7-1afd-409e-91d7-4bb1288abce2","difi:language","no"
"6486eca7-1afd-409e-91d7-4bb1288abce2","difi:name_no",""
"6486eca7-1afd-409e-91d7-4bb1288abce2","difi:name_en",""
"6486eca7-1afd-409e-91d7-4bb1288abce2","difi:description_no",""
"6486eca7-1afd-409e-91d7-4bb1288abce2","difi:description_en",""
"6486eca7-1afd-409e-91d7-4bb1288abce2","label","${name}"
"6486eca7-1afd-409e-91d7-4bb1288abce2","difi:notes",""
"6486eca7-1afd-409e-91d7-4bb1288abce2","modelx:guid","id-372c2e3d039e434c9f03b4e1c156f262"
"id-c61e795ad9d5452fb1eb993389a7c644","Access_Type","Write"
"id-4c1828d17e01489ebb6da776ac77af71","Access_Type","Read"
"id-aa5523fecd8243709234cb654e35b600","Directed","false"
"id-3833ebceb60c442b85c287ec58f1b76a","Access_Type","ReadWrite"
"94bcb186-fac4-4ac9-b01a-c39e513186e2","Directed","false"
"d1701edf-3bb0-4c03-ad15-da09f300663d","Directed","false"
"6e229332-dde7-4b6a-b062-e3ecfbe26d46","Directed","false"
"ce710eb8-d936-4e2e-a887-e358941070d5","Access_Type","Write"
"9875f429-bce9-41e9-aac7-213f6d607f3d","Directed","false"
"id-55c28ffdb061427e800463e2c29b548e","Directed","false"
"id-89b7a643a40d4b13beb6f88fbd65ac22","Access_Type","Write"
"c85acaf2-132c-4bdb-9d61-1cf7d6e23ec3","Access_Type","Write"
"ce5e26a2-aa03-43d4-a7a2-ddc50fb7bb02","Access_Type","Write"
"8600c41c-ef9b-450e-af2b-a9df15f39917","Directed","false"
"95affae4-d91f-49ec-8e94-41a1c5ff04f6","Access_Type","Write"
"697ec7ee-c591-4c36-8427-679f2d398ecf","Access_Type","Write"
"id-e2e475da5d4f4ea6b5d35350fa5d27d1","Directed","false"
"4a57c1ed-559a-437f-85a9-326fbb4c9939","Access_Type","Write"
"id-53789d5cc96d42a48c3ecd41838561ef","Access_Type","ReadWrite"
"id-e5dbe3106410443d80687a62a50fe12b","Access_Type","Access"
"id-ce1e4994bfb9492f8dffd687c7d2bff8","Directed","false"
"id-71fbd3e132414fe6ad19bd2f4ba3a1bb","Directed","false"
"id-2aa057e8e9c44550a9dc3cb31cf789a0","Directed","false"
"id-30b56c532b7a4f7e875235d6e25d9ab9","Directed","false"
"426ad019-8755-4198-a981-e1ed64e04f2b","Access_Type","Write"
"df6c30ef-aead-4328-b371-9b02f39d04e6","Directed","false"
"3fd51fed-4996-4859-821b-39d4cb5bc34b","Access_Type","Write"
"790a04e8-a1b0-495c-8793-6f1cb9330b57","Directed","false"
"13fa206b-6bd0-4164-916d-fa7aecbee98d","Access_Type","Write"
"a803313d-0feb-4865-b36d-04a8f454c4a3","Access_Type","Write"
"7078ebbb-0df2-4b87-8f2e-4ff3a0a8cc0c","Directed","false"
"id-195f503a4214497ba74eed13c2097e94","Access_Type","Read"
"id-becc530b5dfc40c1bc9e1e5216d36f70","Access_Type","Write"
"4d04561a-d5f6-491c-8aaf-d5b88ba9e220","Directed","false"
"id-7d463454efdc434fb03df9920ee95fc7","Access_Type","Write"
"id-37ab7e64e1f54b91aea190e73d8083f3","Directed","false"
"id-a9baefb88b8343b08ef0628a83054c91","Directed","false"
"id-1af71014692f4ef4aaa6831b4a7a0e5c","Directed","false"
"id-8bbadac322584eaebafe5c241a762851","Directed","false"
"id-6b3b8887740d4ea98d5ef3a1d73c3af2","Directed","false"
"b6b269f5-be7d-487b-99d2-fc64aeee8647","Access_Type","Write"
"99dff5ef-3893-45a7-a1e4-911f7b7c1616","Access_Type","Write"
"id-bdb5bfb58e7442a499439439f2364383","Directed","false"
"f62f1794-82c0-423e-b901-87fb833ddad3","Access_Type","Write"
"5e183d6f-f98c-4a01-9722-ab9282e65347","Directed","false"
"a7231155-9547-49a8-8b94-b6ddb935fb8d","Access_Type","ReadWrite"
"17315645-9c50-4422-987e-7309ad44155a","Access_Type","Access"
"bd3e90da-2e0d-4d6a-aba4-cfce92228148","Access_Type","Write"
"99eae4f9-06f8-4094-893b-b0a96d0b9ca8","Access_Type","Access"
"28ae551b-f679-4d06-b944-b863ed1cc034","Directed","false"
"707714f7-85d1-4c83-a2de-3519d33a07ab","Access_Type","Write"
"7be808f3-5417-4222-b35e-b5138530f48a","Directed","false"
"e59f5032-aa97-4164-8f03-0cc23e5a36b2","Directed","false"
"id-e2774f29d2e547e8baeebf0e77e5595f","Directed","false"
"ca1ceccf-f034-419f-b56f-f1cc35e8e9c9","Directed","false"
"47880241-25b4-417f-a45d-1f43aced9495","Directed","false"
"id-aaaaff8881754f16ab8dc69092491d30","Directed","false"
"aacaa5ce-9699-4264-885e-3bcfa53d2c8b","Access_Type","Write"
"id-be3e5846a3de44ada715ad96466affad","Influence_Strength","sterk"
"id-fc066cfda4574a4f86c8d668c529e559","Directed","false"
"bf0faddd-e126-46b9-81b3-e6a73e08db62","Access_Type","Write"
"4e5d7bae-84dd-4c4f-af6c-a99a6d196b6c","difi:metaLevel","undefined"
"4e5d7bae-84dd-4c4f-af6c-a99a6d196b6c","dct:type","archi:composition-relationship"
"4e5d7bae-84dd-4c4f-af6c-a99a6d196b6c","difi:namespace","-"
"4e5d7bae-84dd-4c4f-af6c-a99a6d196b6c","difi:abstractionLevel","undefined"
"4e5d7bae-84dd-4c4f-af6c-a99a6d196b6c","digdir:link1",""
"4e5d7bae-84dd-4c4f-af6c-a99a6d196b6c","digdir:logo",""
"4e5d7bae-84dd-4c4f-af6c-a99a6d196b6c","difi:language","no"
"4e5d7bae-84dd-4c4f-af6c-a99a6d196b6c","difi:name_no",""
"4e5d7bae-84dd-4c4f-af6c-a99a6d196b6c","difi:name_en",""
"4e5d7bae-84dd-4c4f-af6c-a99a6d196b6c","difi:description_no",""
"4e5d7bae-84dd-4c4f-af6c-a99a6d196b6c","difi:description_en",""
"4e5d7bae-84dd-4c4f-af6c-a99a6d196b6c","label","${name}"
"4e5d7bae-84dd-4c4f-af6c-a99a6d196b6c","difi:notes",""
"4e5d7bae-84dd-4c4f-af6c-a99a6d196b6c","modelx:guid","id-3f621147f08a4920ae453e121b2de452"
"5720c650-2087-4c46-a9b1-7e6dd9d5857b","Access_Type","Write"
"04ca7426-8a04-4538-a0d0-fafd5d9be027","Access_Type","Write"
"32ae33fb-3641-4628-859f-248de630c7b9","Access_Type","Write"
"id-43a01261165b428591b8f95846c310c8","Directed","false"
"45868122-940c-4377-b524-3f5a0d3d3474","Access_Type","Write"
"cfeb2df2-66ee-4838-9167-0bfb635b1a88","Access_Type","Write"
"c2f490fb-f351-4ad1-9351-e6eb2e88f2c5","Access_Type","Read"
"id-557eaf5145fa48c1b33a7fdd89de94bc","Influence_Strength","sterk"
"b2cb3bc2-01f3-4d4c-9db8-fbed13ae31c2","Directed","false"
"fa46110f-b034-4a60-a761-c199461125ca","Directed","false"
"id-08dba7dc69984db1b1fd8629c5c901b9","Access_Type","Write"
"6d07792c-c318-4b02-8fa1-67f113ef6813","Directed","false"
"d37c4fe1-5f54-486f-9337-1599484033a2","Directed","false"
"96fc2b63-56ff-40b1-8cab-8ef2d492feb4","Access_Type","Read"
"fececbee-58e6-47eb-9f56-dd13f4c04a5a","difi:metaLevel","undefined"
"fececbee-58e6-47eb-9f56-dd13f4c04a5a","dct:type","archi:composition-relationship"
"fececbee-58e6-47eb-9f56-dd13f4c04a5a","difi:namespace","-"
"fececbee-58e6-47eb-9f56-dd13f4c04a5a","difi:abstractionLevel","undefined"
"fececbee-58e6-47eb-9f56-dd13f4c04a5a","digdir:link1",""
"fececbee-58e6-47eb-9f56-dd13f4c04a5a","digdir:logo",""
"fececbee-58e6-47eb-9f56-dd13f4c04a5a","difi:language","no"
"fececbee-58e6-47eb-9f56-dd13f4c04a5a","difi:name_no",""
"fececbee-58e6-47eb-9f56-dd13f4c04a5a","difi:name_en",""
"fececbee-58e6-47eb-9f56-dd13f4c04a5a","difi:description_no",""
"fececbee-58e6-47eb-9f56-dd13f4c04a5a","difi:description_en",""
"fececbee-58e6-47eb-9f56-dd13f4c04a5a","label","${name}"
"fececbee-58e6-47eb-9f56-dd13f4c04a5a","difi:notes",""
"fececbee-58e6-47eb-9f56-dd13f4c04a5a","modelx:guid","id-98c021e8049f4792b565e9f348837087"
"cb62b491-36dd-48fd-9fbd-e116eebcc25b","Directed","false"
"id-e63073b1ed92453098b6162620ff04aa","Directed","false"
"9a3dc97d-9927-4b29-88d3-c36581345196","Directed","false"
"id-a1dd796581a1469489130b2936958eb3","Directed","false"
"id-edcfee9050a744a19bb5a31ce0ce95ed","Directed","false"
"id-0aeb93004c504b12b3e8b980a4f57aed","Directed","false"
"5709cf14-223e-4b29-9f81-f99b2982501c","Directed","false"
"e0ef8fb9-2bbd-4e45-b252-c3c5f68c1138","Access_Type","Write"
"5985c6eb-c26b-452e-9879-63e08d1268cf","Access_Type","Access"
"928851cd-f480-49b2-91d2-c1e7579d7a8a","Access_Type","Write"
"0cc7458f-852f-4fae-a2fb-e2848be03109","Directed","false"
"id-f608342ff63747d19c23ef654fae57c9","Access_Type","Write"
"7aec268e-0f7e-471d-8576-fde4ff373117","Directed","false"
"id-4c65e5bdec404f48b4140cc980122623","Directed","false"
"id-449e291310524616832c9092ec0674af","Access_Type","Write"
"id-e387d6b2aaf74ee7a1e05f3e58be4519","Access_Type","Write"
"8ac75faf-302a-4a73-a123-94fbf6919ecd","Directed","false"
"7c5eba7a-56e2-4bdd-95ae-9df074ad5921","Directed","false"
"id-732c921c5faf4c358e396f74d3c13dc1","Directed","false"
"id-af6cbfd76e9548a19b9d46f54cd15c32","Directed","false"
"id-008de8e214af46218ea435b15b1e6854","Access_Type","Write"
"45440e19-6cbf-4cbd-9d5f-d06b45f26c14","Access_Type","Write"
"id-afe3d1d52c2a466591a466edd4bc44ae","Directed","false"
"id-cbd8bf4277694ea58ac2775122a51a96","Directed","false"
"id-dc4bc9238baa4253925edc3979924f33","Access_Type","Write"
"id-4c8c72d9043e432fb9a68d1c6f47f090","Access_Type","Write"
"2235376a-5631-49d6-924b-1f1d59c9a4ef","Directed","false"
"9da9e58b-4999-4932-9729-20f7450ad145","Access_Type","Write"
"b067879f-7526-4122-8510-7ed719355ff2","Access_Type","Write"
"id-9776710349084c7eaa6a9e845a148572","Directed","false"
"63727ff7-d5bf-42bd-a7b8-c5c0edefae38","Access_Type","ReadWrite"
"741c345c-21bc-49eb-87f3-a96b7e69cb75","Access_Type","Write"
"ee5ce67b-a98f-40b2-8485-8b245e8b43b4","Access_Type","Write"
"id-0911f2b1cea54365addec50890ef4c75","Access_Type","Read"
"b0da346b-a99a-42c2-a65a-af356204b6fb","Access_Type","Write"
"ca1a3348-8896-4433-8bba-448e90ed2058","Directed","false"
"e1992d40-9e2b-4b67-9935-9e5ae9406f18","Directed","false"
"id-44767fe699a547c9b07640b26086a4f3","Directed","false"
"id-56f138cd62804fdc80154b59211dfe61","Directed","false"
"222bdf08-8760-4c49-989b-999b6c9d3693","Access_Type","Write"
"id-932a8c0b109546bba9efd84633a9989c","Access_Type","Write"
"42408cbc-e1e9-472f-aab1-d17970caafb2","Directed","false"
"id-5986a5356df2417bb24a2a153f2a369c","Access_Type","Write"
"id-936b03ba6a934915a56100e9a086c74a","Influence_Strength","Nøytral"
"8968d4cb-1a55-405b-8b79-2089a3ed676a","Access_Type","Write"
"id-0a6f5349833940a3b503d3b6015b31b9","Directed","false"
"c52eb5f1-f072-464c-8323-99ca02a5423d","Access_Type","Write"
"f4ae5f84-98bb-4784-a322-1e70bcffa4a3","Directed","false"
"id-5801776943574b798b2d30da62717796","Directed","false"
"8efc2b69-4322-47a0-87e9-58d6dfa5de18","Access_Type","Write"
"170daf4e-5ea6-4081-b06f-1631cc441a1d","Access_Type","Write"
"f7b5efb9-602d-4ac0-ba3d-2f360273fee2","Access_Type","ReadWrite"
"272783a2-49da-496a-ac9e-e219ffac0fab","Directed","false"
"d7124e33-0e38-4c78-bb91-b4d06f74f721","Directed","false"
"219c91cc-d680-480b-97f5-521acea86a71","Access_Type","Write"
"747e452f-0a20-4d00-8640-6fbab87e073a","Access_Type","Write"
"id-60a3e6559e2649e6a3bc9c3769b177ca","Directed","false"
"id-66351b18fa3f45e0b2ba3d114128aaac","Directed","false"
"id-a2c42009431c4274a9083011599180f2","Access_Type","Write"
"id-95167dfcb0a54c8c988e1b4e3459288a","Access_Type","Write"
"id-ea0d9d7b30eb469ca7dbef198f848c6e","Directed","false"
"796fceac-f116-4e1c-94f8-f164d16b6716","Directed","false"
"d473a3cf-11f9-4c4c-bc7e-11a7a11084b8","Access_Type","Write"
"489a623a-476a-4352-83e4-fb7f4161c9f0","Access_Type","Write"
"a5eed25f-54da-48d1-91cf-1daf2175841a","Access_Type","Write"
"2d1eb97a-abe9-4c0d-907a-7483368dab58","Access_Type","Read"
"id-f9ec36f4e4f14664959fe2e759f16c98","Directed","false"
"98d4d0e6-2d9a-4457-9cc5-beedece4eeb5","Access_Type","Access"
"6d99c844-2054-451e-ba24-555beb1f7240","Access_Type","Write"
"424c41d4-beec-4e99-a3b5-d88664174612","Directed","false"
"id-a8b93e1c9d2d405a8bd586bd66d5bdcd","Access_Type","Write"
"f6d8d660-61e5-4d87-8ff8-fe3aaac08cdc","Access_Type","Write"
"969b1b68-7c81-4831-87c8-e77eda58a026","Directed","false"
"id-4d2e7a76f4754528afc047b195beca9d","Access_Type","Access"
"id-7c9e940ab2c0400ea925d53c37ba94cf","Directed","false"
"baf88306-a737-458c-8106-ae236b7dd92a","Directed","false"
"id-206e574b07794d689bc81a0494bd153f","Access_Type","Write"
"id-9fe61052a61b4ad69949c990146a45a1","Influence_Strength","Nøytral"
"c5a86bc9-c039-4c67-be53-7edda55cbabf","Directed","false"
"8f21b3cf-f0bc-4ac8-b875-53701da1f5a7","Access_Type","Write"
"38af30f1-e987-437b-8156-c97134c5606f","Access_Type","Write"
"3a8501b9-5590-4ddc-aff3-43677a1504e0","Access_Type","ReadWrite"
"ba67d1bb-1610-46c0-bbd1-42a4a69c0b80","Directed","false"
"986be4ac-5895-4c58-97f8-48a72c482da0","Access_Type","Write"
"19776a43-6873-40eb-a862-ba355c808aac","Access_Type","Write"
"id-2700efe7d1464a229390aa6536f7ec7b","Directed","false"
"acb977ab-36ae-4ccf-9723-0a6b2adedbb6","Directed","false"
"fba67536-7cf5-4af9-967d-330e9e822b2f","Directed","false"
"30340541-67b1-4906-a1a3-f942fb6bcb47","Access_Type","Write"
"id-20318d0ff1d146f3ab53b832b3b3d654","Directed","false"
"1b9c3e21-c4d5-44b5-af51-45c7f0ed6ab5","Directed","false"
"id-04ff1e8496474f06b54900bfd91e032f","Access_Type","Write"
"c19431ee-7544-4787-a804-b7eca6b1b195","Directed","false"
"acc1df36-ed5a-403d-8d52-a53a7a380ef3","Directed","false"
"id-958641fb45f74a9aa70f992c41d031ef","Directed","false"
"5deeb6aa-036d-496f-ac22-c11f8ef900e8","Access_Type","Write"
"id-4184795b8ba4477ca1878aff2f47c958","Directed","false"
"f5ed9e64-66a1-4e99-bc9e-451b9509dfcc","Directed","false"
"id-1a479ddaaa784052ab36df8ddc9bfc42","Directed","false"
"7df8bf78-9c5b-40fa-a2b6-b3935bf4eee7","Directed","false"
"id-86cd3677f01148f98e4f1d79b0faeed6","Directed","false"
"77e65916-6190-43b4-b947-9d2ba301410d","Access_Type","Access"
"9655aa16-89b3-4486-b4f5-ed165e7220b4","Access_Type","Access"
"id-9a198fc3f1774093842b5d9814de1e31","Directed","false"
"86369796-5450-4ac0-89ee-0ca4d57ece72","Access_Type","Access"
"id-e3da5411e6b64d008a7aa37122e7f153","Access_Type","Write"
"id-64940c2bb59a4be5b426b8b85e887f81","Directed","false"
"id-b5df9fede0424eb39e0c2d1e03aeaf7d","Directed","false"
"82e20ed0-9158-4cda-bdf2-64f06e27758c","Directed","false"
"661931df-a1be-4dc5-9332-ad3c58271352","difi:metaLevel","undefined"
"661931df-a1be-4dc5-9332-ad3c58271352","dct:type","archi:composition-relationship"
"661931df-a1be-4dc5-9332-ad3c58271352","difi:namespace","-"
"661931df-a1be-4dc5-9332-ad3c58271352","difi:abstractionLevel","undefined"
"661931df-a1be-4dc5-9332-ad3c58271352","digdir:link1",""
"661931df-a1be-4dc5-9332-ad3c58271352","digdir:logo",""
"661931df-a1be-4dc5-9332-ad3c58271352","difi:language","no"
"661931df-a1be-4dc5-9332-ad3c58271352","difi:name_no",""
"661931df-a1be-4dc5-9332-ad3c58271352","difi:name_en",""
"661931df-a1be-4dc5-9332-ad3c58271352","difi:description_no",""
"661931df-a1be-4dc5-9332-ad3c58271352","difi:description_en",""
"661931df-a1be-4dc5-9332-ad3c58271352","label","${name}"
"661931df-a1be-4dc5-9332-ad3c58271352","difi:notes",""
"661931df-a1be-4dc5-9332-ad3c58271352","modelx:guid","id-2d59b5a99a424cea9673596e7e442ad1"
"2074f284-eacc-4d9d-9418-37618eaaa547","Access_Type","Write"
"id-4ebb0a54883e46a794f4c7374f945b85","Influence_Strength","sterk"
"id-e3ed456e13684203b6343d8b00130554","Directed","false"
"daa278d0-f119-4149-8968-88ea726c5eb3","Access_Type","Write"
"c8d51dd3-6a24-4837-af30-b4b97248c71a","Directed","false"
"4cde258c-ec3a-4b46-9549-f37eaadcb098","Access_Type","Access"
"883d289a-e2bc-4fce-8046-8c44b0168f86","Access_Type","Write"
"id-8bf02632d92a4a76bd9a13c2dea7d404","Directed","false"
"id-19eb278040264287841fe248d3d47451","Directed","false"
"ac713857-d5e4-4429-9c19-be98de15e182","Directed","false"
"4c851db2-c76d-4335-9fc4-0b5cd8fa1518","Directed","false"
"17c89d31-178e-4af9-b5c6-6040df482780","Directed","false"
"490e1eba-9c32-4587-988f-1ac028a08f3a","Directed","false"
"5e28d553-81ba-497f-8966-eb80808f526d","Directed","false"
"id-7e9104f263c6451ba2eb261275f0ad74","Access_Type","Write"
"133aa31b-6353-446c-b2d3-64334a3d5d99","Directed","false"
"id-e1d3837112b84fb29f1885c94451ed15","Directed","false"
"id-a8c12a8b053d4cd8be298e5e7e507624","Directed","false"
"89c0bc17-6606-4154-b1d9-f78185d77200","Access_Type","Write"
"id-8ab3b4e7976c436293e5abeb8c70a823","Access_Type","Write"
"id-cf877a8e897a475b9512c275cade2f26","Access_Type","Write"
"9103d894-9eb4-48df-870c-7bcdec0d8cf0","Directed","false"
"d1ad7a29-6c21-4eca-a5df-2aeba91e2200","Access_Type","Write"
"9db2be29-8c64-4f67-8060-c1ecbfc892d6","difi:metaLevel","undefined"
"9db2be29-8c64-4f67-8060-c1ecbfc892d6","dct:type","archi:composition-relationship"
"9db2be29-8c64-4f67-8060-c1ecbfc892d6","difi:namespace","-"
"9db2be29-8c64-4f67-8060-c1ecbfc892d6","difi:abstractionLevel","undefined"
"9db2be29-8c64-4f67-8060-c1ecbfc892d6","digdir:link1",""
"9db2be29-8c64-4f67-8060-c1ecbfc892d6","digdir:logo",""
"9db2be29-8c64-4f67-8060-c1ecbfc892d6","difi:language","no"
"9db2be29-8c64-4f67-8060-c1ecbfc892d6","difi:name_no",""
"9db2be29-8c64-4f67-8060-c1ecbfc892d6","difi:name_en",""
"9db2be29-8c64-4f67-8060-c1ecbfc892d6","difi:description_no",""
"9db2be29-8c64-4f67-8060-c1ecbfc892d6","difi:description_en",""
"9db2be29-8c64-4f67-8060-c1ecbfc892d6","label","${name}"
"9db2be29-8c64-4f67-8060-c1ecbfc892d6","difi:notes",""
"9db2be29-8c64-4f67-8060-c1ecbfc892d6","modelx:guid","id-ac17a85a73d84223a46a26b9ae8c397d"
"fd60c627-0870-499f-9d52-480f334489c7","Access_Type","Write"
"92a72e8e-2fff-43a1-b1fb-7d618bf73eb7","Directed","false"
"1ff70bb4-907e-4330-8e11-11dc69b579bb","Directed","false"
"6e30f7e6-3c8f-4dd7-af22-9bdd1b44da8a","Access_Type","Write"
"id-a60d08abc38e42d2a0f969e5b3ba2357","Directed","false"
"id-08fdeb4e1d8748279b2fa19ce7216a4b","Directed","false"
"c9f20a2f-ef39-403d-be10-35fcfc285dd5","Access_Type","Write"
"id-b116a155844d401ab56fa9103f28c3c2","Directed","false"
"a2d899d5-fc7a-462e-b99e-ef1022aa7bc6","Access_Type","Write"
"0c6e5d64-aa8a-47e8-bc2b-3cf77e894128","Access_Type","Write"
"id-568039ad31854a0896d05269a5f3c688","Access_Type","Write"
"id-45dd882e32434f80b90a01d57dadc444","Access_Type","ReadWrite"
"14d90e20-9e05-4f84-9b83-e12381e0af89","Directed","false"
"id-bc447170fdf84ff3b5029630abeba3d7","Influence_Strength","nøytral"
"id-4072fa1f474b4901b374e879601db27e","Directed","false"
"id-82f6cc6097054a9ab058a35de8dc0c6f","Access_Type","Write"
"0fe4a03e-aa9b-4d92-a3bc-918d6837faf5","Access_Type","Write"
"7d029f31-cb43-442f-8ef5-66aa5bf90f2e","Access_Type","Read"
"id-306b742807364076b8de60446c9baab6","Directed","false"
"id-3a098f0e6be841968a0a8a42ba6f89fd","Directed","false"
"889871fd-742b-4a1a-a0f7-5bd649b097df","Directed","false"
"id-ec5a06f182404d7eb0ed19ccd19af5a5","Directed","false"
"ec1b7fb3-d3dd-4721-a3bd-967d923c3baf","Access_Type","Write"
"344b2cf9-3258-48fa-9bf2-c162d5202a5b","Directed","false"
"id-2990d88620c84a3ab69a386d78f3a0d6","Directed","false"
"id-fd2cb72cb9084338b1938c1523a8dd59","Directed","false"
"5d0eebc0-61ec-4ae3-a2ce-6c46bc9cfa3d","Access_Type","Write"
"id-404d3c7fea2849dbacb46487e09ba273","Directed","false"
"id-d96eb1e5bfff4220a9acd32b65cc7ba6","Directed","false"
"id-aa909e70bc6d44df98d9aaf464feea87","Directed","false"
"id-931a04358bc646aba9fa6297f00fe62b","Directed","false"
"84bd57fd-fd3f-4f9e-9542-80f4ae1820da","Access_Type","Write"
"id-a61f89d64f3d41c4b604bc320e43af54","Directed","false"
"id-23ea92ade731466b9a6daec898859b42","Directed","false"
"id-23da001f52c34a60b96ded0adb6a8b38","Directed","false"
"id-ec20a827736747cbb7feecf0ca9cd1a0","Directed","false"
"e66eaad8-8c02-4e3b-8354-155ebc443833","Access_Type","Write"
"id-772fbf04710b4c589891a6e83c68865d","Directed","false"
"id-a5ccf625e17542eb9c61c3bb10272e82","Access_Type","Write"
"c154d56d-5f19-40a8-a006-73d9924a2f7a","Directed","false"
"id-6984e3de755b47ba914a79e081518cdd","Directed","false"
"a37bb4eb-ab3d-4458-9bf4-1b01d31e9219","Access_Type","Write"
"a700c956-32ff-45de-8726-63d090974cb3","Directed","false"
"56fa1dc2-96e3-47b9-90dc-be05b1a08867","Directed","false"
"4eab9099-1884-45ce-ae54-cb3b2fcbfff8","Directed","false"
"5da3f861-f894-4236-834a-4fd9d5fbcb7a","Access_Type","Write"
"121de4ea-8ec7-4806-bd9c-f649770a8538","Access_Type","Read"
"id-eea2f07efaf148618291f3c3360dcba2","Directed","false"
"id-544411012110497ca31b94b90de33eab","Directed","false"
"37a5139a-094b-4c86-9a7b-1d7780b98b55","Access_Type","ReadWrite"
"id-fcab0caf4c3645c3a86723f677fe02bd","Access_Type","Write"
"1b93d37b-468b-4d91-9368-07754302cc9f","Access_Type","Access"
"399eafdc-9a82-430d-89a0-bc47cbedf45a","Directed","false"
"id-3c1b82e577544fa3ae190294cdc9a6c1","Access_Type","Write"
"1bf72904-7ee9-4e84-92c9-94166098c295","Directed","false"
"id-35964f450a844116a88f2de2156a3ba2","Directed","false"
"id-a21d605b4ac04c76a8819a6b38df9d56","Directed","false"
"id-e82166d3410141998d93cc4d1a9e568b","Access_Type","Write"
"id-80c917fa744641bd974461f899d598aa","Directed","false"
"6957c499-3d4c-4345-8c1c-89d57dd9e504","Access_Type","Write"
"id-68d9ad315379495b97f75af9672c0d15","Access_Type","Write"
"32bcf43c-0dd2-4d7a-9c50-7a00ab01c0b3","Directed","false"
"2d10b9ec-d00c-4c1b-8909-1437531d0d3a","Access_Type","Write"
"761d7072-0b73-4216-aaf3-de905efb086f","Access_Type","Access"
"da03a385-dd35-416f-8560-cc49f15f7997","Access_Type","Write"
"id-debae20322474131a112471d9e0accdf","Directed","false"
"981ea1c6-4b33-46f9-b33d-5c8aaf3fd823","Directed","false"
"437195e2-7561-4da7-8da8-5ebb243f03e6","Access_Type","ReadWrite"
"id-04ca5027faa443d58807c491413acbe1","Access_Type","Write"
"b4f6eca9-8588-4df9-90b0-553f5b76e223","Directed","false"
"0fcbc90b-3932-4e8d-86cb-164fae691049","Directed","false"
"id-9deaaa50f3954649a7c89e18fdc6e2c5","Directed","false"
"fff9713e-33e2-4a8b-9874-5b2c09e029d1","Access_Type","Write"
"59863543-f9ba-4669-9650-0c30b87b3cab","Access_Type","Write"
"c5cd5606-9a1c-4e48-9e29-0d8ac467edec","Directed","false"
"7c4f2e4b-d340-4459-8fc8-ee5c27e14304","Directed","false"
"ff7f0d4a-17c0-47cd-94c1-672bd955f04b","Access_Type","Access"
"858cf3b3-6280-4077-930a-a61d924e3935","Access_Type","Write"
"id-c58b0bca7ff440dd9d3b4bb98e244965","Directed","false"
"724ccd65-5d2c-4c33-bdc5-3317d4c72f74","Access_Type","Access"
"f07ca316-eb67-4629-b3f4-0e61e250d6ba","Directed","false"
"865e3ec8-ad1a-4d80-928d-f5f2b5afae49","Access_Type","Write"
"id-96440e900b63420ba5058a283d47930a","Access_Type","Write"
"id-c7cf616c26c549f891b8f49ca1e9f666","Directed","false"
"abc3b770-ec9c-46c3-b6ae-96cb105cb169","Directed","false"
"1a690256-caf1-47df-87f4-57041a821256","Access_Type","Write"
"id-175fe6df967946d4911aa420fd6c2ef9","Directed","false"
"33480f24-f358-43a8-823a-fdbe39b4c5e9","Access_Type","Write"
"id-e5ab5078491445cd9108543d82a45bd2","Access_Type","Write"
"6c8ae378-f3a9-4f4c-896c-b273b27f6b65","Access_Type","Write"
"0b06e62f-32aa-4632-91d9-718dc2f7c12b","Directed","false"
"dff6acb5-86fd-48e2-b8ce-24d5f7be7644","Directed","false"
"id-cb93605e3ce14036a4ac78bc758d1016","Access_Type","Write"
"id-4f8d276263b941d2b576d522a76d102c","Directed","false"
"14378d43-f2bc-4264-81fd-eae5bde3fdb8","Directed","false"
"541f952c-9abe-488f-99af-b495d1e61796","Access_Type","Write"
"ff4c0c7e-b707-4626-90f0-3fe14f5abcd1","Access_Type","Write"
"id-881d47f9875b49518432d5ae03f6725e","Directed","false"
"4b266488-7ad6-4e7e-b960-a596bc3867f6","Access_Type","Write"
"aa1d9464-6073-4713-9f78-5bef764112b3","Access_Type","Write"
"183656b0-3733-400e-bc44-3d62e86f28b0","Access_Type","Read"
"a1ee33d0-f7f9-423a-adce-c1d04d860734","Access_Type","Write"
"e27e7338-b137-48b2-a6b6-8d8680e6e732","Directed","false"
"b0f06c4e-cfd5-4bd7-9440-651e47acdb1d","Access_Type","Write"
"id-c5fbd335196f412bbe1b6d9958ab52a7","Access_Type","Read"
"id-4dbd9a1d15af45f59b22c5fec4f7f4ae","Access_Type","Write"
"id-38c67e379c3c4e73856de6343d4765d1","Directed","false"
"185318c5-b9d7-42ee-8333-5676f0746225","Directed","false"
"bce23ba4-3fd1-4d50-87b1-06c3f93f48c5","Directed","false"
"7f0a9312-7222-4610-9421-d42346eb6c12","Directed","false"
"01712a43-d476-4a93-be02-11551dd22007","Access_Type","Write"
"ae7d31a8-d223-47aa-8f60-b3b01b8a49fc","Access_Type","Write"
"id-e56770eef1c549dc9400aa76f4153fbf","Access_Type","Read"
"8a7bcf65-b3a9-4e60-8ef0-8a096c149e36","Access_Type","Write"
"id-86c49c085183446185b3937329da1915","Directed","false"
"9d7f69a0-3e92-4d1f-8021-d75387d5647a","Directed","false"
"id-ec3bfb77a85040a39bfb0d20449bf7f4","Directed","false"
"d1ffc265-4003-4d33-876d-117b04c2b367","Access_Type","Write"
"id-e7d14ef2a69146e8be8258ba94b8c639","Access_Type","Write"
"id-9ad670c79cfb44edbf6b4c548f28262e","Directed","false"
"b60ec0d8-be80-465e-9980-4fd754e8bfb8","Access_Type","Write"
"89e90aea-21e2-4257-8651-6425e1d0e3fd","Access_Type","Write"
"7481fb56-db28-4b2a-891b-f9ae06b988be","Access_Type","Write"
"id-9aef6e09fb42402a976c6815382f94d3","Access_Type","Write"
"id-cdd8cfd082224df6801dfae9657a9eae","Access_Type","Write"
"id-81f54310b3894ac0bce41b5a98029818","Directed","false"
"804a3386-9c9e-4669-8e4d-c74f2b613829","Access_Type","Access"
"id-f3db7a7b301c456b83e5cbc416ac4079","Access_Type","Write"
"5a2348af-3f6a-4a4e-ab7b-cb5b03b3bc9d","Access_Type","Write"
"70029c34-e05d-4850-8b7a-d7184513a853","Directed","false"
"id-26a4c75cb0264a8497d8e1361c446511","Directed","false"
"id-0d0b6fccac2c48d5a6ae2ace875c7a79","Directed","false"
"534e4706-ab56-49ca-9f01-e7652c704153","Access_Type","Write"
"92ff8137-7251-40be-8ed0-5f7f27766ff9","Access_Type","Write"
"id-2f32bd8583eb4633aae96afcbc23d234","Directed","false"
"id-e7f1be5029cd4b40be91b057a6c3b666","Directed","false"
"09ed026e-7f90-41a7-b022-fe4fc75b8184","Access_Type","Access"
"id-cfbb15c13eb143bb8d6a0c4f1022f17c","Directed","false"
"id-9a2090be73b5423196bfb5e1c8460abc","Directed","false"
"6adf2820-2d9d-40a7-9fac-d2b1b936d002","Directed","false"
"id-da0b1675fa7a44938f879ef9c1080158","Directed","false"
"1eb6a948-e519-437e-9e43-e58852486319","Access_Type","Access"
"c223e62c-d1c6-4f3e-b1a1-b709ff620915","Access_Type","Read"
"id-9c726ad6f25b4ffcab124767a9fd211e","Influence_Strength","sterk"
"20799cb8-9e08-4b61-85e1-127ef25d301c","Access_Type","Write"
"cca79877-5837-4746-a62c-a8bd95bd255d","Directed","false"
"a31553c1-d4bd-4174-8f93-ddc6f0913946","Access_Type","Access"
"63f8a2bd-22e2-4b54-bb56-992a05aac4b7","Directed","false"
"id-088f4021bfbb4ecd9175cc1111cd8936","Directed","false"
"64d0365f-caf2-4b0e-b826-67e81dbaaa1d","Directed","false"
"f85aba4e-06e7-4ea2-bcd7-78689ce3eba2","Directed","false"
"c4cd9ab9-f676-4b02-850f-69421c7c7d63","Access_Type","Write"
"9b4f26a6-e4d0-4a87-be01-88a4cb2879fb","Directed","false"
"id-3b5bfb1073534566b4e9c7438e2e81ed","Directed","false"
"1fcb6520-3f38-48b5-acef-3053fb5c30a5","Directed","false"
"id-fa98b6bd38d2444cb8d7d1a8ba96df29","Access_Type","Write"
"510f8d02-7c83-41e4-a3c9-397b8c9fab9b","Access_Type","Read"
"dffdb734-dd0c-4c95-8565-88db420f1724","Directed","false"
"f95dcc70-0d3c-4ab2-b4ce-18dd3d25c421","Directed","false"
"02e799a2-e428-4512-9810-f4281e7c6acf","Directed","false"
"id-99f8c79bc03346e5979f1eea9c78ec78","Directed","false"
"8693c72e-9e5c-4d81-96fa-8f3f2d14b55d","Access_Type","Write"
"id-3d2f8f82bf2548178af7cb90b5d1f74e","Directed","false"
"id-d4142610154b4b2f86c4695fa4216ec8","Directed","false"
"id-614c1e4108aa468eb5a826e1c292fd6a","Influence_Strength","Sterk"
"id-b7ea290eb0bb4122bb3ae10a51f4b144","Directed","false"
"7b1989e7-879b-43e5-85bf-0f04299b7a11","Directed","false"
"88c08e04-6ed4-421e-8e73-7d382f19c137","Access_Type","Access"
"d74de64e-5507-441a-83a0-60b744f34c2f","Directed","false"
"bec68147-8a6c-4cf6-a045-1db6e03ff468","Access_Type","Write"
"6afda339-b8fa-4889-b31e-5c5be265e29e","Directed","false"
"id-11e96c979902463d82064f9f7ecd5b31","Access_Type","Write"
"d3576efe-c8c3-4c72-960d-e1e3d843586f","Access_Type","Write"
"168b45d0-1cab-41a3-809a-b4530dd36717","Directed","false"
"id-ea475dca685c4d9a8d2d94c41e26dbd2","Access_Type","Read"
"85db53d7-8fef-4c95-9c1d-5126bf081e96","Access_Type","Write"
"4cf73e8d-68bf-43d3-b8e2-1c27212aa9d3","Access_Type","Read"
"1a02fb34-b14b-478b-90b2-d0cac7cc32ab","Directed","false"
"id-fc028a328b1c4727a6cfcba47247eabd","Access_Type","Read"
"7aefb254-5576-4786-bd3c-1b5e99d8e8e6","Access_Type","Write"
"d131f775-e41b-45cf-bc0d-1ee1053ae357","Access_Type","Write"
"3f0cf265-0522-4c40-8815-98838425d68d","Access_Type","ReadWrite"
"id-daf66ec00d7e4d37bbad3dd5b65d43c4","Access_Type","Write"
"id-79b7f47228e9403ba019cac4eff0334c","Directed","false"
"id-d3dbe37dbf46456288d4c66f99137918","Directed","false"
"bad9dbfe-07b1-444a-b63e-e34a5b9a8a08","Access_Type","Write"
"id-c698c3ba3fbc49519d65a85a59ddc844","Directed","false"
"id-ca5e54608bca41a39ac3e83d43557aab","Directed","false"
"6d2a6237-300f-42bf-8777-36af9335c28e","Access_Type","Access"
"319e8288-cf7c-4a18-a9f2-1c83be94b655","Directed","false"
"a0f19f7a-1a91-4dd9-b74c-24f650ee825e","Access_Type","Write"
"3a92b4d1-2c36-456c-b41a-d1c804a93b48","Access_Type","ReadWrite"
"id-56c04fccc1fe473985a2355915079281","Access_Type","Read"
"31aba199-6c67-456e-bfb8-b8c742967767","Directed","false"
"0ddd7291-f10b-4762-93dc-189ac5960642","Directed","false"
"id-2f8b28f6b7304ed9b06205c6c01e4836","Directed","false"
"6930f6dc-9164-4a95-8dba-6e356e8f5acc","Access_Type","Write"
"id-c42184686eb94a1fac19c7b3a2c9032b","Directed","false"
"632e6771-dca7-44ca-a4b5-6b02c31b472b","Access_Type","Write"
"id-aab09c87e8bc47d1b1db056074f65551","Directed","false"
"id-ad1af9dacd5943be81db576e999ff8b4","Directed","false"
"id-27b03000b24942b787495ee0f4366ed8","Access_Type","Write"
"id-f8fcef7d7fe44719bcc4e6ed01002024","Access_Type","Write"
"3838f954-b277-424d-9c96-d10acabd3846","Access_Type","Write"
"id-2b6c03220175474a8f645534bc0b215d","Directed","false"
"12cdacaf-aad6-41ed-bfbb-260e619ecd21","Access_Type","Write"
"6b697472-5983-4db3-8da2-c658f7a59ae4","Access_Type","Write"
"id-09e78218c65647a9b8d6979fcb49ab50","Directed","false"
"id-f6c826232f344c6f8a867d2cd47fb9eb","Directed","false"
"2ab47d00-0025-46b0-8530-dfee47f22c5c","Access_Type","ReadWrite"
"262744f4-dbc4-4c4e-ae7d-8927a12e97fa","Directed","false"
"id-d714776ff9654aa1a718858f54c3a420","Directed","false"
"id-6f7ffcb43930473cb75d46e66e251900","Directed","false"
"cf1f905a-fa5c-4b53-a854-fbf889689a0f","Directed","false"
"id-3070e12685754783b727dc0a6a7ec05d","Access_Type","Write"
"id-15ef1b6a213f44b19404c35f45e31a14","Directed","false"
"fec5cda5-360f-4509-ab46-8fcb1f6c57ae","Directed","false"
"e0e4b01b-a672-4e08-8cac-2f2dc61feab1","Directed","false"
"id-00cd290f552f46f9ab45e0cb92ef896c","Access_Type","Write"
"a4159277-2587-480d-a54a-e6409942962c","Directed","false"
"692b68d1-9acb-4b44-bf28-1351692af39a","Access_Type","Write"
"id-661167da026b4b7f97529636c1870d09","Access_Type","Write"
"b1724a29-e737-4edb-90bf-ddeae9e002c0","Access_Type","Write"
"28c4e460-ae17-4c2c-8cf9-d3b03e5473ce","difi:metaLevel","undefined"
"28c4e460-ae17-4c2c-8cf9-d3b03e5473ce","dct:type","archi:composition-relationship"
"28c4e460-ae17-4c2c-8cf9-d3b03e5473ce","difi:namespace","-"
"28c4e460-ae17-4c2c-8cf9-d3b03e5473ce","difi:abstractionLevel","undefined"
"28c4e460-ae17-4c2c-8cf9-d3b03e5473ce","digdir:link1",""
"28c4e460-ae17-4c2c-8cf9-d3b03e5473ce","digdir:logo",""
"28c4e460-ae17-4c2c-8cf9-d3b03e5473ce","difi:language","no"
"28c4e460-ae17-4c2c-8cf9-d3b03e5473ce","difi:name_no",""
"28c4e460-ae17-4c2c-8cf9-d3b03e5473ce","difi:name_en",""
"28c4e460-ae17-4c2c-8cf9-d3b03e5473ce","difi:description_no",""
"28c4e460-ae17-4c2c-8cf9-d3b03e5473ce","difi:description_en",""
"28c4e460-ae17-4c2c-8cf9-d3b03e5473ce","label","${name}"
"28c4e460-ae17-4c2c-8cf9-d3b03e5473ce","difi:notes",""
"28c4e460-ae17-4c2c-8cf9-d3b03e5473ce","modelx:guid","id-75a7ac6360a846db9a28efaa92db6f8f"
"id-6db5e16bdd064267a7a7ecaa443ec211","Access_Type","Write"
"id-7a9e34afb5784edcadea8d61396a2b91","Directed","false"
"id-9419941278ac42fcb7c3b78faa4c5065","Access_Type","Write"
"7488cb2f-83b7-445c-9a66-d467b5b8955a","Directed","false"
"752f90c7-d6d8-4f4c-ba06-a5ab99de021d","Directed","false"
"id-809a9e686dbb4c30a15f2c58f45f2b1f","Access_Type","Access"