{"identifier":"https://me.big.tuwien.ac.at/EAModelSet/id-0664d491d7cc43b79076bb4c2cecf37c","archimateId":"id-0664d491d7cc43b79076bb4c2cecf37c","name":"Acme Insurance","description":"","formats":["XML","CSV","JSON","ARCHIMATE"],"source":"GitHub","repository":"IverBand/acme","license":"Not found","sourceFile":"raw-data/github/grafico/acme.archimate","sourceFormat":"ARCHIMATE","timestamp":"2023-07-06T09:29:17","tags":["DUPLICATE"],"duplicates":["raw-data/github/grafico/acme_2.archimate"],"language":"en","elements":[{"id":"id-14089739aa41445e964c108a85195b18","name":"Employee Experience","type":"ValueStream","layer":"strategy"},{"id":"id-5f2ca4020dfd4a10bdc1156db168e483","name":"Partner Experience","type":"ValueStream","layer":"strategy"},{"id":"id-6a1af0ae89664047bf52c825a3a71614","name":"Customer Experience","type":"ValueStream","layer":"strategy"},{"id":"id-1caf82f8e07c475d99462cd0db97df1b","name":"Course of Action","type":"CourseOfAction","layer":"strategy"},{"id":"id-87b092f367c84fadb5acc86f2e7e4245","name":"Customer Service ","type":"Resource","layer":"strategy"},{"id":"id-73f2c6c35d704a90b5de62030046ba6e","name":"Finance","type":"Resource","layer":"strategy"},{"id":"id-8033a3a62b194dae894588d6e1810525","name":"Develop industry-leading CX","type":"CourseOfAction","layer":"strategy"},{"id":"id-e9341681a1a04f10be994ad2cb559fea","name":"Resource","type":"Resource","layer":"strategy"},{"id":"id-d432df01c22f4735aa4ce7b95c6e9fa9","name":"Digital Experience Delivery","type":"Capability","layer":"strategy"},{"id":"id-3aa5692fc4f24811ac80895cf319e592","name":"Cross-Functional Virtual Team","type":"Resource","layer":"strategy"},{"id":"id-cc7e19e5391e4b3ba5f5ab0494261eb1","name":"Marketing ","type":"Resource","layer":"strategy"},{"id":"id-bae4927636db45a6bd900a15f70dcd20","name":"Capability","type":"Capability","layer":"strategy"},{"id":"id-4d23f49cf3254f18b1b0dd2a5551d2c6","name":"Establish Caller Purpose & Identity","type":"BusinessProcess","layer":"business"},{"id":"id-e88c9142fd1146419a8918983494b6fb","name":"Disability Claim Intake","type":"BusinessProcess","layer":"business"},{"id":"id-d1e9e9f45fdf491ab682ce488e10b825","name":"Life & Disability Customer Service Department","type":"BusinessActor","layer":"business"},{"id":"id-cdcff954bb884ea8a9c1eca060e817d0","name":"Production Section","type":"BusinessActor","layer":"business"},{"id":"id-0648e0073a494930b67a366ddf516e91","name":"Auto & Marine Customer Service Department","type":"BusinessActor","layer":"business"},{"id":"id-4ee97254c7584bbbaf71ec772d5c7b40","name":"Business Organization","type":"BusinessActor","layer":"business"},{"id":"id-4890d00a008d45fb85bfcdd287083ead","name":"Life Division","type":"BusinessActor","layer":"business"},{"id":"id-cccbbc37f335468f99e555a839f5426b","name":"IT Web and Mobile Group","type":"BusinessActor","layer":"business"},{"id":"id-7eed07c8765342169d00824a5cf0a09e","name":"Component Organization","type":"BusinessActor","layer":"business"},{"id":"id-3932ba51ced345849ca14ee513e1cd0e","name":"Marine Division","type":"BusinessActor","layer":"business"},{"id":"id-77b38ea9b0564f2c87e1e00680ce59b6","name":"Business Actor","type":"BusinessActor","layer":"business"},{"id":"id-94737cff4b6c48b58c03a084891f24ff","name":"Life Telephonic Claim Intake ","type":"BusinessProcess","layer":"business"},{"id":"id-674edda8695f4d418b4e964a850ab718","name":"Capture and Enter Claim","type":"BusinessProcess","layer":"business"},{"id":"id-31197e8f33da4f0ebd98fd4b3ba584ef","name":"Acme Insurance","type":"BusinessActor","layer":"business"},{"id":"id-21ec76ae6fa8495a923d515259349f5e","name":"Disability Division","type":"BusinessActor","layer":"business"},{"id":"id-6aca0103605a46d0aed47f1579e46594","name":"Customer Service Division","type":"BusinessActor","layer":"business"},{"id":"id-a46c031750c04428bba5cd3b551692b1","name":"Auto Division","type":"BusinessActor","layer":"business"},{"id":"id-fbc7e847c71041dca45d73994052b47f","name":"Identify & Address Customer Issue","type":"BusinessProcess","layer":"business"},{"id":"id-197aaa8756da4dc4b35b39294a8fbbd5","name":"Confirm Customer Satisfaction","type":"BusinessProcess","layer":"business"},{"id":"id-ee7f41a143c3420b92284860c469a7b5","name":"Set Customer Expectations","type":"BusinessProcess","layer":"business"},{"id":"id-d9ff85417f244d34a038458ed1d99787","name":"Auto Claim Intake","type":"BusinessProcess","layer":"business"},{"id":"id-685bfdd327e34827a7bf76561e1c43ff","name":"Digital Solutions Department","type":"BusinessActor","layer":"business"},{"id":"id-b10f48d1a68a47aa92e81f03bcca3730","name":"Business Process","type":"BusinessProcess","layer":"business"},{"id":"id-31ebf8bf88c241bea5e321f28e6fd0ce","name":"Telephonic Claim Intake ","type":"BusinessProcess","layer":"business"},{"id":"id-88f71afb4feb44a09ecb9c53d1e37e5f","name":"Customer Service Training & Quality Assurance Department","type":"BusinessActor","layer":"business"},{"id":"id-e06e7127a22c49b1a3084a65631f0693","name":"Marine Claim Intake","type":"BusinessProcess","layer":"business"},{"id":"id-1bff64e5c69142848d68b8ddba577fd0","name":"IT Infrastructure Group","type":"BusinessActor","layer":"business"},{"id":"id-8b858268b3914aa8b47e0eb8ae21d53c","name":"Business Actor","type":"BusinessActor","layer":"business"},{"id":"id-b197204b568249acbc9dc1d895bee6f0","name":"Creative Section","type":"BusinessActor","layer":"business"},{"id":"id-2a4f51a79ff14092ad925805884b8798","name":"Warm Handoff to Different Department","type":"BusinessProcess","layer":"business"},{"id":"id-83f0eca10ebf41a5bcf60927c2b5fc28","name":"Application Component","type":"ApplicationComponent","layer":"application"},{"id":"id-c2cea52182bc4c6881a03aeb3b9d4ccd","name":"Salesforce.com CRM","type":"ApplicationComponent","layer":"application"},{"id":"id-f7b0c69257b34271b37d3be89cc23221","name":"Auto Claims","type":"ApplicationComponent","layer":"application"},{"id":"id-2c692a4f3aef4f19b39a13faa9af3845","name":"Life & Disability Claims","type":"ApplicationComponent","layer":"application"},{"id":"id-8efb36e08c904782981704081112acfe","name":"Claims System","type":"ApplicationComponent","layer":"application"},{"id":"id-4a42743a4e6242a2baa2c52678b73e78","name":"Microsoft Dynamics  CRM","type":"ApplicationComponent","layer":"application"},{"id":"id-856a6be468e64092aa110f0508dcd65a","name":"Application ","type":"ApplicationComponent","layer":"application"},{"id":"id-ebbcb257a4204f67b385a0e52f679ff2","name":"Marine Claims","type":"ApplicationComponent","layer":"application"},{"id":"id-3df0752965c44664902b1932d3963dee","name":"Siebel CRM","type":"ApplicationComponent","layer":"application"},{"id":"id-5bee80ba83b845e1bf4ea413de218b68","name":"CRM System","type":"ApplicationComponent","layer":"application"},{"id":"id-fbf5535f2df54e5294b3c7d56b45ae6e","name":"Outcome","type":"Outcome","layer":"motivation"},{"id":"id-4b6074cbc79c4dfda72f7054be4ea685","name":"Assessment","type":"Assessment","layer":"motivation"},{"id":"id-2a005b3a99aa458c8d65ed9566e43562","name":"Outcome>>","type":"Outcome","layer":"motivation"},{"id":"id-bcc305f3f3474ab8ae1822ef8a0db98a","name":"Assessment","type":"Assessment","layer":"motivation"},{"id":"id-25d6dfa5de454df0887d65bd165e2398","name":"Junction","type":"Junction","layer":"other"},{"id":"id-4b9ab8b6aa0943a58e914b56de1ad8b0","name":"Junction","type":"Junction","layer":"other"},{"id":"id-969078dd50ce4f75bff1fd8b1cde520f","name":"Junction","type":"Junction","layer":"other"},{"id":"id-86ee0d6ab470457cb438f9c213fa09af","name":"Junction (copy) (copy)","type":"Junction","layer":"other"},{"id":"id-4c711dfb860a436cb2f9eea3da68c0cc","name":"Junction","type":"Junction","layer":"other"},{"id":"id-db4d1727bb364a439458dd37a2304f17","name":"Junction (copy) (copy) (copy)","type":"Junction","layer":"other"},{"id":"id-91217fc1dd3045c8847f888031a38986","name":"Junction (copy) (copy) (copy) (copy)","type":"Junction","layer":"other"},{"id":"id-3b216490eee747868f642f028856ee23","name":"Junction","type":"Junction","layer":"other"},{"id":"id-89aa90ba75ef44d68121df6a8175a202","name":"Junction (copy)","type":"Junction","layer":"other"},{"id":"id-d36b8e93594340c7bad276a5e601aca0","name":"Junction (copy)","type":"Junction","layer":"other"},{"id":"id-32a051bb19584c69976c17b74a112e06","name":"Junction","type":"Junction","layer":"other"},{"id":"id-7f84498728984222874f3dc47a3cf617","name":"Junction","type":"Junction","layer":"other"},{"id":"id-c0f273c561a74dea8982b5ae95d9ffab","name":"Junction","type":"Junction","layer":"other"},{"id":"id-011798a2b32d40728c96cfbb99b1367c","name":"Junction","type":"Junction","layer":"other"},{"id":"id-9d3c612e4b7e4fd39c0fd6c8cf13a281","name":"Junction","type":"Junction","layer":"other"},{"id":"id-47bac9f040ee40118876ff11093056d4","name":"Junction","type":"Junction","layer":"other"}],"relationships":[{"id":"id-5d78a1779cd6431391ad92fd2357a1f2","sourceId":"id-1bff64e5c69142848d68b8ddba577fd0","targetId":"id-9d3c612e4b7e4fd39c0fd6c8cf13a281","type":"RealizationRelationship"},{"id":"id-8a042ecbdb144b59a9f23e030b8f9e4c","sourceId":"id-8033a3a62b194dae894588d6e1810525","targetId":"id-2a005b3a99aa458c8d65ed9566e43562","type":"RealizationRelationship"},{"id":"id-99e891115b6e4d41acc80b87d0064bae","sourceId":"id-674edda8695f4d418b4e964a850ab718","targetId":"id-ee7f41a143c3420b92284860c469a7b5","type":"TriggeringRelationship"},{"id":"id-1d55288beff64dbca3f7dc08869a61e9","sourceId":"id-e06e7127a22c49b1a3084a65631f0693","targetId":"id-31ebf8bf88c241bea5e321f28e6fd0ce","type":"SpecializationRelationship"},{"id":"id-3dd13c16f2f944048bfc34317bb87ee2","sourceId":"id-9d3c612e4b7e4fd39c0fd6c8cf13a281","targetId":"id-3aa5692fc4f24811ac80895cf319e592","type":"RealizationRelationship"},{"id":"id-aa7764c145a9422fba0a3723500931b6","sourceId":"id-6aca0103605a46d0aed47f1579e46594","targetId":"id-31ebf8bf88c241bea5e321f28e6fd0ce","type":"AssignmentRelationship"},{"id":"id-25cda164d3c0487280c6680ec48a1031","sourceId":"id-8efb36e08c904782981704081112acfe","targetId":"id-31ebf8bf88c241bea5e321f28e6fd0ce","type":"RealizationRelationship"},{"id":"id-10828ebc58d64c35a5923c1eb9b168a3","sourceId":"id-d9ff85417f244d34a038458ed1d99787","targetId":"id-31ebf8bf88c241bea5e321f28e6fd0ce","type":"SpecializationRelationship"},{"id":"id-99c57a61399c48618c877973d64ea575","sourceId":"id-77b38ea9b0564f2c87e1e00680ce59b6","targetId":"id-bae4927636db45a6bd900a15f70dcd20","type":"AssociationRelationship"},{"id":"id-c8d4e6b5438b43f491f3a18c52832c53","sourceId":"id-6aca0103605a46d0aed47f1579e46594","targetId":"id-0648e0073a494930b67a366ddf516e91","type":"CompositionRelationship"},{"id":"id-4dad8429a17e4b4daa1f39de663b9dd6","sourceId":"id-4b6074cbc79c4dfda72f7054be4ea685","targetId":"id-e9341681a1a04f10be994ad2cb559fea","type":"AssociationRelationship"},{"id":"id-ecac101807544720845be3709e8092bd","sourceId":"id-cccbbc37f335468f99e555a839f5426b","targetId":"id-9d3c612e4b7e4fd39c0fd6c8cf13a281","type":"RealizationRelationship"},{"id":"id-6a7a25a5276e498487fbf6769d8bb33c","sourceId":"id-4b9ab8b6aa0943a58e914b56de1ad8b0","targetId":"id-4c711dfb860a436cb2f9eea3da68c0cc","type":"ServingRelationship"},{"id":"id-fea2da4514ef4a74b4ba9371ac35d6bd","sourceId":"id-bcc305f3f3474ab8ae1822ef8a0db98a","targetId":"id-14089739aa41445e964c108a85195b18","type":"AssociationRelationship"},{"id":"id-61d80d1035ee4b8ca9558616cf553b46","sourceId":"id-b10f48d1a68a47aa92e81f03bcca3730","targetId":"id-b10f48d1a68a47aa92e81f03bcca3730","type":"SpecializationRelationship"},{"id":"id-4e24de2a12a44b55ad734db538fae149","sourceId":"id-685bfdd327e34827a7bf76561e1c43ff","targetId":"id-9d3c612e4b7e4fd39c0fd6c8cf13a281","type":"RealizationRelationship"},{"id":"id-a614a27b4af64f81ac4ae6c206f3b91c","sourceId":"id-94737cff4b6c48b58c03a084891f24ff","targetId":"id-31ebf8bf88c241bea5e321f28e6fd0ce","type":"SpecializationRelationship"},{"id":"id-5706fd7c47a84c308dc35c15f0ce0664","sourceId":"id-4d23f49cf3254f18b1b0dd2a5551d2c6","targetId":"id-c0f273c561a74dea8982b5ae95d9ffab","type":"TriggeringRelationship"},{"id":"id-df2abc83dc4941999d9eaa0d4bb409d0","sourceId":"id-83f0eca10ebf41a5bcf60927c2b5fc28","targetId":"id-b10f48d1a68a47aa92e81f03bcca3730","type":"ServingRelationship"},{"id":"id-f0c119276ec94bf4a178bbdd18244822","sourceId":"id-4c711dfb860a436cb2f9eea3da68c0cc","targetId":"id-197aaa8756da4dc4b35b39294a8fbbd5","type":"ServingRelationship"},{"id":"id-c6e4f5730fa143d1b9f5c7ae469b867a","sourceId":"id-3df0752965c44664902b1932d3963dee","targetId":"id-94737cff4b6c48b58c03a084891f24ff","type":"ServingRelationship"},{"id":"id-7f6a671bef60483892f8dd5a42d30232","sourceId":"id-5bee80ba83b845e1bf4ea413de218b68","targetId":"id-4b9ab8b6aa0943a58e914b56de1ad8b0","type":"ServingRelationship"},{"id":"id-8ab2238b2c9a44f9bd54906357dfdd42","sourceId":"id-c0f273c561a74dea8982b5ae95d9ffab","targetId":"id-2a4f51a79ff14092ad925805884b8798","type":"TriggeringRelationship"},{"id":"id-0d82c70326574c34990beb42cb8cd40c","sourceId":"id-f7b0c69257b34271b37d3be89cc23221","targetId":"id-d9ff85417f244d34a038458ed1d99787","type":"ServingRelationship"},{"id":"id-8facf77c9d674c5cb06a55132ba337dc","sourceId":"id-c2cea52182bc4c6881a03aeb3b9d4ccd","targetId":"id-d9ff85417f244d34a038458ed1d99787","type":"ServingRelationship"},{"id":"id-327cdbd333b74ff9831da238a12411bb","sourceId":"id-31197e8f33da4f0ebd98fd4b3ba584ef","targetId":"id-3932ba51ced345849ca14ee513e1cd0e","type":"CompositionRelationship"},{"id":"id-7817084b62bd488888178a07a6b7c27c","sourceId":"id-d432df01c22f4735aa4ce7b95c6e9fa9","targetId":"id-8033a3a62b194dae894588d6e1810525","type":"ServingRelationship"},{"id":"id-d4ab8ae2fb6d4d62a30beda9bdebcfd1","sourceId":"id-5f2ca4020dfd4a10bdc1156db168e483","targetId":"id-bcc305f3f3474ab8ae1822ef8a0db98a","type":"AssociationRelationship"},{"id":"id-00a5e5240b4e4a55b063cbb94c1e2d7c","sourceId":"id-c0f273c561a74dea8982b5ae95d9ffab","targetId":"id-47bac9f040ee40118876ff11093056d4","type":"TriggeringRelationship"},{"id":"id-922704edba7f45edabf322333efd34ea","sourceId":"id-b10f48d1a68a47aa92e81f03bcca3730","targetId":"id-d36b8e93594340c7bad276a5e601aca0","type":"TriggeringRelationship"},{"id":"id-58197323b99e459ba3299c06dfbc3d61","sourceId":"id-685bfdd327e34827a7bf76561e1c43ff","targetId":"id-cdcff954bb884ea8a9c1eca060e817d0","type":"CompositionRelationship"},{"id":"id-e3e06484e3e94b2eb6d7d9f54fbc8050","sourceId":"id-25d6dfa5de454df0887d65bd165e2398","targetId":"id-6a1af0ae89664047bf52c825a3a71614","type":"ServingRelationship"},{"id":"id-c999386941a7477cbc925bf76327cb81","sourceId":"id-31197e8f33da4f0ebd98fd4b3ba584ef","targetId":"id-21ec76ae6fa8495a923d515259349f5e","type":"CompositionRelationship"},{"id":"id-c005624bdf8d4b468ee38a2ae526f5a9","sourceId":"id-ebbcb257a4204f67b385a0e52f679ff2","targetId":"id-e06e7127a22c49b1a3084a65631f0693","type":"ServingRelationship"},{"id":"id-e013c14501c8480aaafeca3f1bb871bd","sourceId":"id-8efb36e08c904782981704081112acfe","targetId":"id-674edda8695f4d418b4e964a850ab718","type":"ServingRelationship"},{"id":"id-5b6c7547fe8c4143ae3b009eb8c2968b","sourceId":"id-1caf82f8e07c475d99462cd0db97df1b","targetId":"id-e9341681a1a04f10be994ad2cb559fea","type":"ServingRelationship"},{"id":"id-4f67c01a841a4fddb7da0ebcbb8dfb1e","sourceId":"id-e88c9142fd1146419a8918983494b6fb","targetId":"id-31ebf8bf88c241bea5e321f28e6fd0ce","type":"SpecializationRelationship"},{"id":"id-ca62e49695ad44d3aff69560fa00b88e","sourceId":"id-6a1af0ae89664047bf52c825a3a71614","targetId":"id-bcc305f3f3474ab8ae1822ef8a0db98a","type":"AssociationRelationship"},{"id":"id-e125290b9cfb42b5b8129611932857aa","sourceId":"id-5bee80ba83b845e1bf4ea413de218b68","targetId":"id-31ebf8bf88c241bea5e321f28e6fd0ce","type":"RealizationRelationship"},{"id":"id-0bd1db5f779d4b8a9d92090cbaf0d72b","sourceId":"id-2c692a4f3aef4f19b39a13faa9af3845","targetId":"id-e88c9142fd1146419a8918983494b6fb","type":"TriggeringRelationship"},{"id":"id-b41d5f000caa498593aaaf25eba5a9be","sourceId":"id-969078dd50ce4f75bff1fd8b1cde520f","targetId":"id-b10f48d1a68a47aa92e81f03bcca3730","type":"ServingRelationship"},{"id":"id-c953a600a35841c4b5618b918cc4a72c","sourceId":"id-3aa5692fc4f24811ac80895cf319e592","targetId":"id-d432df01c22f4735aa4ce7b95c6e9fa9","type":"AssignmentRelationship"},{"id":"id-03840a34247e45f0b105884e2894ea4a","sourceId":"id-d36b8e93594340c7bad276a5e601aca0","targetId":"id-b10f48d1a68a47aa92e81f03bcca3730","type":"TriggeringRelationship"},{"id":"id-3a38d9255dc64e78b564f45d55f5940f","sourceId":"id-47bac9f040ee40118876ff11093056d4","targetId":"id-fbc7e847c71041dca45d73994052b47f","type":"TriggeringRelationship"},{"id":"id-381cb6b2297947c3a5baac8b9f1b3ce5","sourceId":"id-4c711dfb860a436cb2f9eea3da68c0cc","targetId":"id-ee7f41a143c3420b92284860c469a7b5","type":"ServingRelationship"},{"id":"id-f93a0aeb04064fd293c21f90073289e7","sourceId":"id-31ebf8bf88c241bea5e321f28e6fd0ce","targetId":"id-2a4f51a79ff14092ad925805884b8798","type":"CompositionRelationship"},{"id":"id-44ad8213068b457eb864c3c8b7c25faa","sourceId":"id-31197e8f33da4f0ebd98fd4b3ba584ef","targetId":"id-6aca0103605a46d0aed47f1579e46594","type":"CompositionRelationship"},{"id":"id-cee2c72ab7d34b0ba5c9be6f08a220e4","sourceId":"id-25d6dfa5de454df0887d65bd165e2398","targetId":"id-5f2ca4020dfd4a10bdc1156db168e483","type":"ServingRelationship"},{"id":"id-9aedd2e37e284f0da9a4b5a501ca7743","sourceId":"id-2c692a4f3aef4f19b39a13faa9af3845","targetId":"id-94737cff4b6c48b58c03a084891f24ff","type":"TriggeringRelationship"},{"id":"id-eeaddfbd6d714209a26d8e6dd8dee9b7","sourceId":"id-c2cea52182bc4c6881a03aeb3b9d4ccd","targetId":"id-e06e7127a22c49b1a3084a65631f0693","type":"ServingRelationship"},{"id":"id-e84c2940c27649bb9c6a2b6f40cacfc2","sourceId":"id-d432df01c22f4735aa4ce7b95c6e9fa9","targetId":"id-25d6dfa5de454df0887d65bd165e2398","type":"ServingRelationship"},{"id":"id-de8c053741ce41f0aee2c5b38d73a724","sourceId":"id-6aca0103605a46d0aed47f1579e46594","targetId":"id-88f71afb4feb44a09ecb9c53d1e37e5f","type":"CompositionRelationship"},{"id":"id-5867820b3a2c4c2c964914cd3d65cfc3","sourceId":"id-31ebf8bf88c241bea5e321f28e6fd0ce","targetId":"id-fbc7e847c71041dca45d73994052b47f","type":"CompositionRelationship"},{"id":"id-4b83ca69f274449a8bfd2ce9cb4f7438","sourceId":"id-4ee97254c7584bbbaf71ec772d5c7b40","targetId":"id-7eed07c8765342169d00824a5cf0a09e","type":"CompositionRelationship"},{"id":"id-d69284d119fa41d2b57dffda7e73bf8b","sourceId":"id-856a6be468e64092aa110f0508dcd65a","targetId":"id-969078dd50ce4f75bff1fd8b1cde520f","type":"ServingRelationship"},{"id":"id-8a091c648a3a44bea63d80b0fbe1cc4a","sourceId":"id-6aca0103605a46d0aed47f1579e46594","targetId":"id-d1e9e9f45fdf491ab682ce488e10b825","type":"CompositionRelationship"},{"id":"id-4428e03f453c4ac890c4290716656311","sourceId":"id-685bfdd327e34827a7bf76561e1c43ff","targetId":"id-b197204b568249acbc9dc1d895bee6f0","type":"CompositionRelationship"},{"id":"id-3d4588fcf29a433790321a273098ece9","sourceId":"id-31197e8f33da4f0ebd98fd4b3ba584ef","targetId":"id-4890d00a008d45fb85bfcdd287083ead","type":"CompositionRelationship"},{"id":"id-96973c8e87f748df80e4eae0d397046b","sourceId":"id-ee7f41a143c3420b92284860c469a7b5","targetId":"id-197aaa8756da4dc4b35b39294a8fbbd5","type":"TriggeringRelationship"},{"id":"id-b117dc4b2b37426785fdf89ff361b930","sourceId":"id-4b9ab8b6aa0943a58e914b56de1ad8b0","targetId":"id-4d23f49cf3254f18b1b0dd2a5551d2c6","type":"ServingRelationship"},{"id":"id-71b23a0734bb4e69b349a319f8d0d35b","sourceId":"id-47bac9f040ee40118876ff11093056d4","targetId":"id-674edda8695f4d418b4e964a850ab718","type":"TriggeringRelationship"},{"id":"id-97dc6c3096a04b288e3c3eea2d85d51a","sourceId":"id-1caf82f8e07c475d99462cd0db97df1b","targetId":"id-fbf5535f2df54e5294b3c7d56b45ae6e","type":"RealizationRelationship"},{"id":"id-06e4b1d869404546933532f173e20f50","sourceId":"id-25d6dfa5de454df0887d65bd165e2398","targetId":"id-14089739aa41445e964c108a85195b18","type":"ServingRelationship"},{"id":"id-6c94596f44f145c485ac40a497b73419","sourceId":"id-4a42743a4e6242a2baa2c52678b73e78","targetId":"id-e88c9142fd1146419a8918983494b6fb","type":"ServingRelationship"},{"id":"id-36db6c89c92e42a38cf96ea511b6e93c","sourceId":"id-31197e8f33da4f0ebd98fd4b3ba584ef","targetId":"id-a46c031750c04428bba5cd3b551692b1","type":"CompositionRelationship"}],"views":[{"id":"id-ccc9afbc3a6c43fa987acfbb5964ef9f","name":"_READ_ME_","viewpoint":""},{"id":"id-a05d712d80e54b14bfe1178f7054c64f","name":"0500 CRM System Usage By Process","viewpoint":""},{"id":"id-ad55f201284847a3b9e55743a62de4a3","name":"0400 Telephonic Claim Intake Processes","viewpoint":""},{"id":"id-4421cde1f9dd45b28f810ed55887f9e3","name":"0100 Acme Insurance Partial Corporate Structure","viewpoint":""},{"id":"id-24d5cdcd44d744caa8142ead8f53b582","name":"0600 Claims System Usage By Process","viewpoint":""},{"id":"id-24b4bcb0de3b49ecba621b2210edf60a","name":"0700 Capability-Based Planning Tied to Valued Outcomes and Service Orientation","viewpoint":""},{"id":"id-a0194463a82b48bea488fab37ef222d3","name":"0300 Generic Telephonic Claim Intake Process","viewpoint":""},{"id":"id-0fcb4a36ef83448c8ab5fc1f8a956e0f","name":"0800 Capability Model","viewpoint":""}]}