<?xml version="1.0" encoding="UTF-8"?>
<model xmlns="http://www.opengroup.org/xsd/archimate/3.0/" xmlns:xsi="http://www.w3.org/2001/XMLSchema-instance" xsi:schemaLocation="http://www.opengroup.org/xsd/archimate/3.0/ http://www.opengroup.org/xsd/archimate/3.1/archimate3_Diagram.xsd" identifier="id-60bd15bf">
  <name xml:lang="en">PSN ModelMate for API Analysis</name>
  <elements>
    <element identifier="df39801b" xsi:type="ApplicationComponent">
      <name xml:lang="en">Application Component</name>
    </element>
    <element identifier="id-5e100dcd" xsi:type="ApplicationInterface">
      <name xml:lang="en">Application Interface</name>
    </element>
    <element identifier="id-4c71f639" xsi:type="ApplicationFunction">
      <name xml:lang="en">Application Function</name>
    </element>
    <element identifier="a0f4734c" xsi:type="DataObject">
      <name xml:lang="en">Data Object</name>
    </element>
    <element identifier="id-718159d0" xsi:type="ApplicationService">
      <name xml:lang="en">Application Service</name>
    </element>
    <element identifier="id-208c7762" xsi:type="ApplicationComponent">
      <name xml:lang="en">VetContext1.TestWinForms1.exe</name>
    </element>
    <element identifier="id-7a213639" xsi:type="ApplicationComponent">
      <name xml:lang="en">VetContextHelper.dll</name>
    </element>
    <element identifier="id-899c17c6" xsi:type="ApplicationInterface">
      <name xml:lang="en">VetContext1.Helpers</name>
    </element>
    <element identifier="id-23804f16" xsi:type="ApplicationInterface">
      <name xml:lang="en">VetContext1.TestWinForms1.MainForm1</name>
    </element>
    <element identifier="bf6ec06a" xsi:type="ApplicationInterface">
      <name xml:lang="en">VetContext1.TestWinForms1.NewPatientForm</name>
    </element>
    <element identifier="id-3026ff95" xsi:type="ApplicationInterface">
      <name xml:lang="en">VetContext1.TestWinForms1.Program</name>
    </element>
    <element identifier="id-9c88897c" xsi:type="Artifact">
      <name xml:lang="en">System.Data.dll</name>
    </element>
    <element identifier="bc216ad8" xsi:type="Artifact">
      <name xml:lang="en">File (.exe or .dll)</name>
    </element>
    <element identifier="id-7ba8856c" xsi:type="Artifact">
      <name xml:lang="en">MethodDefinition (ctors &amp; methods)</name>
    </element>
    <element identifier="f5d11a99" xsi:type="Artifact">
      <name xml:lang="en">CilWorker</name>
    </element>
    <element identifier="id-53cd0dc7" xsi:type="Artifact">
      <name xml:lang="en">Instructions</name>
    </element>
    <element identifier="dd75be03" xsi:type="Artifact">
      <name xml:lang="en">AssemblyDefinition</name>
    </element>
    <element identifier="id-1bf0f3be" xsi:type="Artifact">
      <name xml:lang="en">ModuleDefinition (MainModule)</name>
    </element>
    <element identifier="f5b54d05" xsi:type="Artifact">
      <name xml:lang="en">TypeDefinition</name>
    </element>
    <element identifier="id-205040a8" xsi:type="Artifact">
      <name xml:lang="en">Types</name>
    </element>
    <element identifier="bb846386" xsi:type="Artifact">
      <name xml:lang="en">Body</name>
    </element>
    <element identifier="id-6213384b" xsi:type="Artifact">
      <name xml:lang="en">FieldDefinition</name>
    </element>
    <element identifier="id-2a1db38c" xsi:type="Artifact">
      <name xml:lang="en">PropertyDefinition</name>
    </element>
    <element identifier="d2e2e609" xsi:type="Artifact">
      <name xml:lang="en">Methods, Constructors</name>
    </element>
    <element identifier="id-8ca64896" xsi:type="Artifact">
      <name xml:lang="en">Fields</name>
    </element>
    <element identifier="id-97f41098" xsi:type="Artifact">
      <name xml:lang="en">Properties</name>
    </element>
    <element identifier="bb2697a4" xsi:type="Artifact">
      <name xml:lang="en">AssemblyReferences</name>
    </element>
    <element identifier="id-9c8e95d8" xsi:type="Artifact">
      <name xml:lang="en">Instruction</name>
    </element>
    <element identifier="id-51c4570e" xsi:type="Artifact">
      <name xml:lang="en">Instruction (instruction.OpCode == OpCodes.Call)</name>
    </element>
    <element identifier="id-3238bb02" xsi:type="Artifact">
      <name xml:lang="en">MethodReference</name>
    </element>
    <element identifier="id-7f30b0ad" xsi:type="Artifact">
      <name xml:lang="en">Instruction (instruction.OpCode == OpCodes.Ldfld)</name>
    </element>
    <element identifier="id-5960c797" xsi:type="Artifact">
      <name xml:lang="en">FieldReference</name>
    </element>
    <element identifier="df853636" xsi:type="Artifact">
      <name xml:lang="en">ReturnType (e.g. System.Void)</name>
    </element>
    <element identifier="d046beea" xsi:type="Artifact">
      <name xml:lang="en">Artifact</name>
    </element>
    <element identifier="id-89291244" xsi:type="SystemSoftware">
      <name xml:lang="en">System Software</name>
    </element>
    <element identifier="id-45fc24a1" xsi:type="TechnologyFunction">
      <name xml:lang="en">Infrastructure Function</name>
    </element>
    <element identifier="id-14a56e98" xsi:type="TechnologyInterface">
      <name xml:lang="en">Infrastructure Interface</name>
    </element>
    <element identifier="id-7f01bbd5" xsi:type="TechnologyService">
      <name xml:lang="en">Infrastructure Service</name>
    </element>
    <element identifier="id-619c352e" xsi:type="TechnologyInterface">
      <name xml:lang="en">System.Data.Entity.Utilities.ByteExtensions</name>
    </element>
    <element identifier="cb4c73fc" xsi:type="SystemSoftware">
      <name xml:lang="en">EntityFramework.dll</name>
    </element>
    <element identifier="cd247a08" xsi:type="SystemSoftware">
      <name xml:lang="en">mscorlib.dll</name>
    </element>
    <element identifier="c6109bf3" xsi:type="Artifact">
      <name xml:lang="en">EntityFramework.dll</name>
    </element>
    <element identifier="id-6bb4e7ef" xsi:type="Artifact">
      <name xml:lang="en">mscorlib.dll</name>
    </element>
    <element identifier="bf5a75bb" xsi:type="Artifact">
      <name xml:lang="en">VetContext1.TestWinForms1.exe</name>
    </element>
    <element identifier="id-6a431902" xsi:type="Artifact">
      <name xml:lang="en">VetContextHelper.dll</name>
    </element>
  </elements>
  <relationships>
    <relationship identifier="id-6db01ebf" source="id-619c352e" target="cb4c73fc" xsi:type="Serving">
      <name xml:lang="en">Implements Interface</name>
    </relationship>
    <relationship identifier="id-5c0b4cad" source="id-619c352e" target="bf6ec06a" xsi:type="Serving">
      <name xml:lang="en">System.Void Foo1(String)</name>
    </relationship>
    <relationship identifier="id-2a3f207f" source="id-23804f16" target="id-208c7762" xsi:type="Serving">
      <name xml:lang="en">Implements Interface</name>
    </relationship>
    <relationship identifier="id-67712dd2" source="id-3026ff95" target="id-208c7762" xsi:type="Serving">
      <name xml:lang="en">Implements Interface</name>
    </relationship>
    <relationship identifier="f2c54739" source="bf6ec06a" target="id-208c7762" xsi:type="Serving">
      <name xml:lang="en">Implements Interface</name>
    </relationship>
    <relationship identifier="id-55349e38" source="id-899c17c6" target="id-7a213639" xsi:type="Serving">
      <name xml:lang="en">Implements Interface</name>
    </relationship>
    <relationship identifier="id-283c5f09" source="cb4c73fc" target="id-208c7762" xsi:type="Serving">
      <name xml:lang="en">References Assembly</name>
    </relationship>
    <relationship identifier="b8850043" source="id-7a213639" target="id-208c7762" xsi:type="Serving">
      <name xml:lang="en">References Assembly</name>
    </relationship>
    <relationship identifier="ed158ea0" source="cd247a08" target="cb4c73fc" xsi:type="Serving">
      <name xml:lang="en">References Assembly</name>
    </relationship>
    <relationship identifier="id-461df286" source="c6109bf3" target="cb4c73fc" xsi:type="Realization" />
    <relationship identifier="id-34ee475a" source="id-6bb4e7ef" target="cd247a08" xsi:type="Realization" />
    <relationship identifier="ad353354" source="bf5a75bb" target="id-208c7762" xsi:type="Realization" />
    <relationship identifier="id-496136cb" source="id-6a431902" target="id-7a213639" xsi:type="Realization" />
    <relationship identifier="id-1a928853" source="id-9c88897c" target="id-619c352e" xsi:type="Realization" />
    <relationship identifier="id-7d360b96" source="bc216ad8" target="id-1bf0f3be" xsi:type="Association">
      <name xml:lang="en">ReadModule</name>
    </relationship>
    <relationship identifier="id-608d8467" source="d2e2e609" target="id-7ba8856c" xsi:type="Aggregation">
      <name xml:lang="en">1</name>
    </relationship>
    <relationship identifier="id-6ee86b94" source="bc216ad8" target="dd75be03" xsi:type="Association">
      <name xml:lang="en">ReadAssembly</name>
    </relationship>
    <relationship identifier="id-63f9f159" source="id-1bf0f3be" target="id-205040a8" xsi:type="Association" />
    <relationship identifier="id-1b9a49e8" source="id-205040a8" target="f5b54d05" xsi:type="Aggregation" />
    <relationship identifier="id-7b706ee2" source="bb846386" target="f5d11a99" xsi:type="Association" />
    <relationship identifier="id-404c005c" source="id-7ba8856c" target="bb846386" xsi:type="Association" />
    <relationship identifier="id-54fbda4e" source="bb846386" target="id-53cd0dc7" xsi:type="Association" />
    <relationship identifier="d55845eb" source="id-8ca64896" target="id-6213384b" xsi:type="Aggregation" />
    <relationship identifier="dbea7ee9" source="id-97f41098" target="id-2a1db38c" xsi:type="Aggregation" />
    <relationship identifier="id-94f1e1c3" source="f5b54d05" target="d2e2e609" xsi:type="Association" />
    <relationship identifier="id-21837b00" source="id-2a1db38c" target="id-7ba8856c" xsi:type="Aggregation">
      <name xml:lang="en">SetMethod, GetMethod</name>
    </relationship>
    <relationship identifier="eb15c67b" source="f5b54d05" target="id-8ca64896" xsi:type="Association" />
    <relationship identifier="f24ca19d" source="f5b54d05" target="id-97f41098" xsi:type="Association" />
    <relationship identifier="b382bd78" source="id-1bf0f3be" target="bb2697a4" xsi:type="Association" />
    <relationship identifier="ffa65782" source="id-53cd0dc7" target="id-9c8e95d8" xsi:type="Aggregation" />
    <relationship identifier="id-22d3799d" source="id-9c8e95d8" target="id-51c4570e" xsi:type="Association" />
    <relationship identifier="f259f122" source="id-51c4570e" target="id-3238bb02" xsi:type="Association" />
    <relationship identifier="c5bc7b59" source="id-7f30b0ad" target="id-5960c797" xsi:type="Association" />
    <relationship identifier="id-2fb87559" source="id-9c8e95d8" target="id-7f30b0ad" xsi:type="Association" />
    <relationship identifier="id-9088624e" source="dd75be03" target="id-1bf0f3be" xsi:type="Association" />
    <relationship identifier="c76e6047" source="id-6213384b" target="a0f4734c" xsi:type="Association" />
    <relationship identifier="id-3f87435f" source="id-5960c797" target="a0f4734c" xsi:type="Association" />
    <relationship identifier="id-1ab8a888" source="bc216ad8" target="d046beea" xsi:type="Association" />
    <relationship identifier="id-9d0d4ec7" source="id-3238bb02" target="id-14a56e98" xsi:type="Association" />
    <relationship identifier="fcad7b7f" source="id-1bf0f3be" target="id-4c71f639" xsi:type="Association" />
    <relationship identifier="df1a6376" source="id-1bf0f3be" target="id-45fc24a1" xsi:type="Association" />
    <relationship identifier="e9daafe0" source="f5b54d05" target="id-7f01bbd5" xsi:type="Association" />
    <relationship identifier="d7b3db05" source="f5b54d05" target="id-718159d0" xsi:type="Association" />
    <relationship identifier="id-8e61a519" source="df853636" target="id-14a56e98" xsi:type="Association" />
    <relationship identifier="b177fb86" source="df853636" target="id-5e100dcd" xsi:type="Association" />
    <relationship identifier="id-619d7e21" source="id-7ba8856c" target="id-14a56e98" xsi:type="Association" />
    <relationship identifier="id-73e76e72" source="id-7ba8856c" target="id-5e100dcd" xsi:type="Association" />
    <relationship identifier="id-121ffd67" source="d046beea" target="df39801b" xsi:type="Realization">
      <name xml:lang="en">Realization</name>
    </relationship>
    <relationship identifier="id-846a612a" source="d046beea" target="id-89291244" xsi:type="Realization">
      <name xml:lang="en">Realizes</name>
    </relationship>
    <relationship identifier="id-6ae18086" source="id-14a56e98" target="id-5e100dcd" xsi:type="Serving">
      <name xml:lang="en">Used by</name>
    </relationship>
    <relationship identifier="id-126d1196" source="id-3238bb02" target="id-5e100dcd" xsi:type="Association" />
    <relationship identifier="id-18ba669d" source="id-89291244" target="id-45fc24a1" xsi:type="Serving">
      <name xml:lang="en">Used by</name>
    </relationship>
    <relationship identifier="id-84dfd505" source="df39801b" target="id-4c71f639" xsi:type="Serving">
      <name xml:lang="en">Used by</name>
    </relationship>
    <relationship identifier="id-6052fa43" source="id-45fc24a1" target="id-7f01bbd5" xsi:type="Realization">
      <name xml:lang="en">Realizes</name>
    </relationship>
    <relationship identifier="id-650c1f7e" source="id-4c71f639" target="id-718159d0" xsi:type="Realization">
      <name xml:lang="en">Realizes</name>
    </relationship>
    <relationship identifier="id-92172e54" source="dd75be03" target="df39801b" xsi:type="Association" />
    <relationship identifier="b7120d96" source="dd75be03" target="id-89291244" xsi:type="Association" />
    <relationship identifier="f62a0232" source="id-718159d0" target="id-14a56e98" xsi:type="Association">
      <name xml:lang="en">Associated with</name>
    </relationship>
    <relationship identifier="id-0385abfe" source="id-7f01bbd5" target="id-5e100dcd" xsi:type="Association">
      <name xml:lang="en">Associated with</name>
    </relationship>
  </relationships>
  <organizations>
    <item>
      <label xml:lang="en">Application</label>
      <item>
        <label xml:lang="en">Applications</label>
        <item>
          <label xml:lang="en">ApplicationComponent</label>
          <item identifierRef="id-208c7762" />
          <item identifierRef="id-7a213639" />
        </item>
        <item>
          <label xml:lang="en">ApplicationInterface</label>
          <item identifierRef="id-899c17c6" />
          <item identifierRef="id-23804f16" />
          <item identifierRef="bf6ec06a" />
          <item identifierRef="id-3026ff95" />
        </item>
      </item>
      <item identifierRef="df39801b" />
      <item identifierRef="id-5e100dcd" />
      <item identifierRef="id-4c71f639" />
      <item identifierRef="a0f4734c" />
      <item identifierRef="id-718159d0" />
    </item>
    <item>
      <label xml:lang="en">Technology &amp; Physical</label>
      <item>
        <label xml:lang="en">InfrastructureInterface</label>
        <item identifierRef="id-619c352e" />
      </item>
      <item>
        <label xml:lang="en">SystemSoftware</label>
        <item identifierRef="cb4c73fc" />
        <item identifierRef="cd247a08" />
      </item>
      <item>
        <label xml:lang="en">Artifacts</label>
        <documentation xml:lang="en">Physical Files</documentation>
        <item identifierRef="c6109bf3" />
        <item identifierRef="id-6bb4e7ef" />
        <item identifierRef="bf5a75bb" />
        <item identifierRef="id-6a431902" />
      </item>
      <item identifierRef="id-9c88897c" />
      <item identifierRef="bc216ad8" />
      <item identifierRef="id-7ba8856c" />
      <item identifierRef="f5d11a99" />
      <item identifierRef="id-53cd0dc7" />
      <item identifierRef="dd75be03" />
      <item identifierRef="id-1bf0f3be" />
      <item identifierRef="f5b54d05" />
      <item identifierRef="id-205040a8" />
      <item identifierRef="bb846386" />
      <item identifierRef="id-6213384b" />
      <item identifierRef="id-2a1db38c" />
      <item identifierRef="d2e2e609" />
      <item identifierRef="id-8ca64896" />
      <item identifierRef="id-97f41098" />
      <item identifierRef="bb2697a4" />
      <item identifierRef="id-9c8e95d8" />
      <item identifierRef="id-51c4570e" />
      <item identifierRef="id-3238bb02" />
      <item identifierRef="id-7f30b0ad" />
      <item identifierRef="id-5960c797" />
      <item identifierRef="df853636" />
      <item identifierRef="d046beea" />
      <item identifierRef="id-89291244" />
      <item identifierRef="id-45fc24a1" />
      <item identifierRef="id-14a56e98" />
      <item identifierRef="id-7f01bbd5" />
    </item>
    <item>
      <label xml:lang="en">Relations</label>
      <item identifierRef="id-6db01ebf" />
      <item identifierRef="id-5c0b4cad" />
      <item identifierRef="id-2a3f207f" />
      <item identifierRef="id-67712dd2" />
      <item identifierRef="f2c54739" />
      <item identifierRef="id-55349e38" />
      <item identifierRef="id-283c5f09" />
      <item identifierRef="b8850043" />
      <item identifierRef="ed158ea0" />
      <item identifierRef="id-461df286" />
      <item identifierRef="id-34ee475a" />
      <item identifierRef="ad353354" />
      <item identifierRef="id-496136cb" />
      <item identifierRef="id-1a928853" />
      <item identifierRef="id-7d360b96" />
      <item identifierRef="id-608d8467" />
      <item identifierRef="id-6ee86b94" />
      <item identifierRef="id-63f9f159" />
      <item identifierRef="id-1b9a49e8" />
      <item identifierRef="id-7b706ee2" />
      <item identifierRef="id-404c005c" />
      <item identifierRef="id-54fbda4e" />
      <item identifierRef="d55845eb" />
      <item identifierRef="dbea7ee9" />
      <item identifierRef="id-94f1e1c3" />
      <item identifierRef="id-21837b00" />
      <item identifierRef="eb15c67b" />
      <item identifierRef="f24ca19d" />
      <item identifierRef="b382bd78" />
      <item identifierRef="ffa65782" />
      <item identifierRef="id-22d3799d" />
      <item identifierRef="f259f122" />
      <item identifierRef="c5bc7b59" />
      <item identifierRef="id-2fb87559" />
      <item identifierRef="id-9088624e" />
      <item identifierRef="c76e6047" />
      <item identifierRef="id-3f87435f" />
      <item identifierRef="id-1ab8a888" />
      <item identifierRef="id-9d0d4ec7" />
      <item identifierRef="fcad7b7f" />
      <item identifierRef="df1a6376" />
      <item identifierRef="e9daafe0" />
      <item identifierRef="d7b3db05" />
      <item identifierRef="id-8e61a519" />
      <item identifierRef="b177fb86" />
      <item identifierRef="id-619d7e21" />
      <item identifierRef="id-73e76e72" />
      <item identifierRef="id-121ffd67" />
      <item identifierRef="id-846a612a" />
      <item identifierRef="id-6ae18086" />
      <item identifierRef="id-126d1196" />
      <item identifierRef="id-18ba669d" />
      <item identifierRef="id-84dfd505" />
      <item identifierRef="id-6052fa43" />
      <item identifierRef="id-650c1f7e" />
      <item identifierRef="id-92172e54" />
      <item identifierRef="b7120d96" />
      <item identifierRef="f62a0232" />
      <item identifierRef="id-0385abfe" />
    </item>
    <item>
      <label xml:lang="en">Views</label>
      <item identifierRef="id-900060fa" />
      <item identifierRef="id-015ee199" />
    </item>
  </organizations>
  <views>
    <diagrams>
      <view identifier="id-900060fa" xsi:type="Diagram">
        <name xml:lang="en">ModelMateSample1</name>
        <node identifier="id-91d2dee8" x="36" y="60" w="400" h="308" xsi:type="Container">
          <label xml:lang="en">System.Data namespace</label>
          <style>
            <fillColor r="236" g="247" b="230" a="100" />
            <lineColor r="92" g="92" b="92" a="100" />
            <font name="Lucida Grande" size="12">
              <color r="0" g="0" b="0" />
            </font>
          </style>
          <node identifier="id-4673661e" elementRef="id-619c352e" xsi:type="Element" x="168" y="168" w="120" h="55">
            <style>
              <fillColor r="201" g="231" b="183" a="100" />
              <lineColor r="92" g="92" b="92" a="100" />
              <font name="Lucida Grande" size="12">
                <color r="0" g="0" b="0" />
              </font>
            </style>
          </node>
        </node>
        <node identifier="id-5922abd2" x="36" y="396" w="400" h="140" xsi:type="Container">
          <label xml:lang="en">Microsoft .NET Runtime Assemblies</label>
          <style>
            <fillColor r="236" g="247" b="230" a="100" />
            <lineColor r="92" g="92" b="92" a="100" />
            <font name="Lucida Grande" size="12">
              <color r="0" g="0" b="0" />
            </font>
          </style>
          <node identifier="id-0851f93a" elementRef="cb4c73fc" xsi:type="Element" x="60" y="432" w="120" h="55">
            <style>
              <fillColor r="201" g="231" b="183" a="100" />
              <lineColor r="92" g="92" b="92" a="100" />
              <font name="Lucida Grande" size="12">
                <color r="0" g="0" b="0" />
              </font>
            </style>
          </node>
          <node identifier="a5cc7e69" elementRef="cd247a08" xsi:type="Element" x="300" y="468" w="120" h="55">
            <style>
              <fillColor r="201" g="231" b="183" a="100" />
              <lineColor r="92" g="92" b="92" a="100" />
              <font name="Lucida Grande" size="12">
                <color r="0" g="0" b="0" />
              </font>
            </style>
          </node>
        </node>
        <node identifier="f1efd4e1" x="468" y="60" w="409" h="308" xsi:type="Container">
          <label xml:lang="en">VetContext1.TestWinForms1 namespace</label>
          <style>
            <fillColor r="221" g="255" b="255" a="100" />
            <lineColor r="92" g="92" b="92" a="100" />
            <font name="Lucida Grande" size="12">
              <color r="0" g="0" b="0" />
            </font>
          </style>
          <node identifier="c06a8a68" elementRef="id-23804f16" xsi:type="Element" x="613" y="228" w="120" h="55">
            <style>
              <fillColor r="181" g="255" b="255" a="100" />
              <lineColor r="92" g="92" b="92" a="100" />
              <font name="Lucida Grande" size="12">
                <color r="0" g="0" b="0" />
              </font>
            </style>
          </node>
          <node identifier="id-91fac3a8" elementRef="id-3026ff95" xsi:type="Element" x="480" y="288" w="120" h="55">
            <style>
              <fillColor r="181" g="255" b="255" a="100" />
              <lineColor r="92" g="92" b="92" a="100" />
              <font name="Lucida Grande" size="12">
                <color r="0" g="0" b="0" />
              </font>
            </style>
          </node>
          <node identifier="f2a08241" elementRef="bf6ec06a" xsi:type="Element" x="744" y="168" w="120" h="55">
            <style>
              <fillColor r="181" g="255" b="255" a="100" />
              <lineColor r="92" g="92" b="92" a="100" />
              <font name="Lucida Grande" size="12">
                <color r="0" g="0" b="0" />
              </font>
            </style>
          </node>
          <node identifier="id-527589d2" elementRef="id-899c17c6" xsi:type="Element" x="744" y="288" w="120" h="55">
            <style>
              <fillColor r="181" g="255" b="255" a="100" />
              <lineColor r="92" g="92" b="92" a="100" />
              <font name="Lucida Grande" size="12">
                <color r="0" g="0" b="0" />
              </font>
            </style>
          </node>
        </node>
        <node identifier="id-21dded2a" x="468" y="396" w="409" h="140" xsi:type="Container">
          <label xml:lang="en">Application Assemblies</label>
          <style>
            <fillColor r="221" g="255" b="255" a="100" />
            <lineColor r="92" g="92" b="92" a="100" />
            <font name="Lucida Grande" size="12">
              <color r="0" g="0" b="0" />
            </font>
          </style>
          <node identifier="b9070aea" elementRef="id-208c7762" xsi:type="Element" x="480" y="432" w="120" h="55">
            <style>
              <fillColor r="181" g="255" b="255" a="100" />
              <lineColor r="92" g="92" b="92" a="100" />
              <font name="Lucida Grande" size="12">
                <color r="0" g="0" b="0" />
              </font>
            </style>
          </node>
          <node identifier="cb0f9d2a" elementRef="id-7a213639" xsi:type="Element" x="744" y="432" w="120" h="55">
            <style>
              <fillColor r="181" g="255" b="255" a="100" />
              <lineColor r="92" g="92" b="92" a="100" />
              <font name="Lucida Grande" size="12">
                <color r="0" g="0" b="0" />
              </font>
            </style>
          </node>
        </node>
        <node identifier="id-845f540e" xsi:type="Label" x="36" y="744" w="517" h="97">
          <label xml:lang="en">Entities&#xD;
&#xD;
Fully Qualified Namespace = Application Interface&#xD;
Two-Level Namespace = Group&#xD;
Assembly (DLL, EXE, or referenced assembly) = Application Component or System Software</label>
          <style>
            <fillColor r="255" g="255" b="255" a="100" />
            <lineColor r="92" g="92" b="92" a="100" />
            <font name="Lucida Grande" size="12">
              <color r="0" g="0" b="0" />
            </font>
          </style>
        </node>
        <node identifier="dd8fa1ed" xsi:type="Label" x="600" y="744" w="469" h="97">
          <label xml:lang="en">Relationships&#xD;
&#xD;
Interface-Interface: Method signature (Used By)&#xD;
Interface-Application Component: "Implements Interface" (Used By)&#xD;
Appliction Component-Application Component: "References Assembly" (Used By)</label>
          <style>
            <fillColor r="255" g="255" b="255" a="100" />
            <lineColor r="92" g="92" b="92" a="100" />
            <font name="Lucida Grande" size="12">
              <color r="0" g="0" b="0" />
            </font>
          </style>
        </node>
        <node identifier="id-576e484f" x="900" y="396" w="400" h="140" xsi:type="Container">
          <label xml:lang="en">Other.ThirdParty Assemblies</label>
          <style>
            <fillColor r="221" g="255" b="255" a="100" />
            <lineColor r="92" g="92" b="92" a="100" />
            <font name="Lucida Grande" size="12">
              <color r="0" g="0" b="0" />
            </font>
          </style>
        </node>
        <node identifier="f790a2bd" x="900" y="60" w="400" h="308" xsi:type="Container">
          <label xml:lang="en">Other.ThirdParty namespace</label>
          <style>
            <fillColor r="221" g="255" b="255" a="100" />
            <lineColor r="92" g="92" b="92" a="100" />
            <font name="Lucida Grande" size="12">
              <color r="0" g="0" b="0" />
            </font>
          </style>
        </node>
        <node identifier="b154110b" x="36" y="564" w="1264" h="169" xsi:type="Container">
          <label xml:lang="en">Artifacts (Physical Files)</label>
          <style>
            <fillColor r="236" g="247" b="230" a="100" />
            <lineColor r="92" g="92" b="92" a="100" />
            <font name="Lucida Grande" size="12">
              <color r="0" g="0" b="0" />
            </font>
          </style>
          <node identifier="c3c6301b" elementRef="c6109bf3" xsi:type="Element" x="60" y="600" w="120" h="55">
            <style>
              <fillColor r="201" g="231" b="183" a="100" />
              <lineColor r="92" g="92" b="92" a="100" />
              <font name="Lucida Grande" size="12">
                <color r="0" g="0" b="0" />
              </font>
            </style>
          </node>
          <node identifier="d9ba26ba" elementRef="id-6bb4e7ef" xsi:type="Element" x="300" y="600" w="120" h="55">
            <style>
              <fillColor r="201" g="231" b="183" a="100" />
              <lineColor r="92" g="92" b="92" a="100" />
              <font name="Lucida Grande" size="12">
                <color r="0" g="0" b="0" />
              </font>
            </style>
          </node>
          <node identifier="id-7d417f48" elementRef="bf5a75bb" xsi:type="Element" x="480" y="600" w="120" h="55">
            <style>
              <fillColor r="201" g="231" b="183" a="100" />
              <lineColor r="92" g="92" b="92" a="100" />
              <font name="Lucida Grande" size="12">
                <color r="0" g="0" b="0" />
              </font>
            </style>
          </node>
          <node identifier="id-4cbc0e7d" elementRef="id-6a431902" xsi:type="Element" x="744" y="600" w="120" h="55">
            <style>
              <fillColor r="201" g="231" b="183" a="100" />
              <lineColor r="92" g="92" b="92" a="100" />
              <font name="Lucida Grande" size="12">
                <color r="0" g="0" b="0" />
              </font>
            </style>
          </node>
          <node identifier="id-93ebc04c" elementRef="id-9c88897c" xsi:type="Element" x="179" y="660" w="120" h="55">
            <style>
              <fillColor r="201" g="231" b="183" a="100" />
              <lineColor r="92" g="92" b="92" a="100" />
              <font name="Lucida Grande" size="12">
                <color r="0" g="0" b="0" />
              </font>
            </style>
          </node>
        </node>
        <connection identifier="id-1cbe4247" relationshipRef="id-5c0b4cad" xsi:type="Relationship" source="id-4673661e" target="f2a08241">
          <style>
            <lineColor r="0" g="0" b="0" />
            <font name="Lucida Grande" size="12">
              <color r="0" g="0" b="0" />
            </font>
          </style>
        </connection>
        <connection identifier="id-6bf678da" relationshipRef="id-6db01ebf" xsi:type="Relationship" source="id-4673661e" target="id-0851f93a">
          <style>
            <lineColor r="0" g="0" b="0" />
            <font name="Lucida Grande" size="12">
              <color r="0" g="0" b="0" />
            </font>
          </style>
        </connection>
        <connection identifier="id-897df62c" relationshipRef="id-283c5f09" xsi:type="Relationship" source="id-0851f93a" target="b9070aea">
          <style>
            <lineColor r="0" g="0" b="0" />
            <font name="Lucida Grande" size="12">
              <color r="0" g="0" b="0" />
            </font>
          </style>
        </connection>
        <connection identifier="id-4f8bac06" relationshipRef="ed158ea0" xsi:type="Relationship" source="a5cc7e69" target="id-0851f93a">
          <style>
            <lineColor r="0" g="0" b="0" />
            <font name="Lucida Grande" size="12">
              <color r="0" g="0" b="0" />
            </font>
          </style>
        </connection>
        <connection identifier="id-6b272c52" relationshipRef="id-2a3f207f" xsi:type="Relationship" source="c06a8a68" target="b9070aea">
          <style>
            <lineColor r="0" g="0" b="0" />
            <font name="Lucida Grande" size="12">
              <color r="0" g="0" b="0" />
            </font>
          </style>
        </connection>
        <connection identifier="id-15806773" relationshipRef="id-67712dd2" xsi:type="Relationship" source="id-91fac3a8" target="b9070aea">
          <style>
            <lineColor r="0" g="0" b="0" />
            <font name="Lucida Grande" size="12">
              <color r="0" g="0" b="0" />
            </font>
          </style>
        </connection>
        <connection identifier="ca9a7d92" relationshipRef="f2c54739" xsi:type="Relationship" source="f2a08241" target="b9070aea">
          <style>
            <lineColor r="0" g="0" b="0" />
            <font name="Lucida Grande" size="12">
              <color r="0" g="0" b="0" />
            </font>
          </style>
        </connection>
        <connection identifier="id-57d405d9" relationshipRef="id-55349e38" xsi:type="Relationship" source="id-527589d2" target="cb0f9d2a">
          <style>
            <lineColor r="0" g="0" b="0" />
            <font name="Lucida Grande" size="12">
              <color r="0" g="0" b="0" />
            </font>
          </style>
        </connection>
        <connection identifier="id-83b17223" relationshipRef="b8850043" xsi:type="Relationship" source="cb0f9d2a" target="b9070aea">
          <style>
            <lineColor r="0" g="0" b="0" />
            <font name="Lucida Grande" size="12">
              <color r="0" g="0" b="0" />
            </font>
          </style>
        </connection>
        <connection identifier="id-0cbf2be6" relationshipRef="id-461df286" xsi:type="Relationship" source="c3c6301b" target="id-0851f93a">
          <style>
            <lineColor r="0" g="0" b="0" />
            <font name="Lucida Grande" size="12">
              <color r="0" g="0" b="0" />
            </font>
          </style>
        </connection>
        <connection identifier="id-78049e29" relationshipRef="id-34ee475a" xsi:type="Relationship" source="d9ba26ba" target="a5cc7e69">
          <style>
            <lineColor r="0" g="0" b="0" />
            <font name="Lucida Grande" size="12">
              <color r="0" g="0" b="0" />
            </font>
          </style>
        </connection>
        <connection identifier="id-75259d60" relationshipRef="ad353354" xsi:type="Relationship" source="id-7d417f48" target="b9070aea">
          <style>
            <lineColor r="0" g="0" b="0" />
            <font name="Lucida Grande" size="12">
              <color r="0" g="0" b="0" />
            </font>
          </style>
        </connection>
        <connection identifier="id-951cce88" relationshipRef="id-496136cb" xsi:type="Relationship" source="id-4cbc0e7d" target="cb0f9d2a">
          <style>
            <lineColor r="0" g="0" b="0" />
            <font name="Lucida Grande" size="12">
              <color r="0" g="0" b="0" />
            </font>
          </style>
        </connection>
        <connection identifier="id-6fd21141" relationshipRef="id-1a928853" xsi:type="Relationship" source="id-93ebc04c" target="id-4673661e">
          <style>
            <lineColor r="0" g="0" b="0" />
            <font name="Lucida Grande" size="12">
              <color r="0" g="0" b="0" />
            </font>
          </style>
        </connection>
      </view>
      <view identifier="id-015ee199" xsi:type="Diagram">
        <name xml:lang="en">Cecil OM</name>
        <node identifier="id-2a5d05be" elementRef="bc216ad8" xsi:type="Element" x="24" y="24" w="120" h="55">
          <style>
            <fillColor r="159" g="213" b="128" a="100" />
            <lineColor r="92" g="92" b="92" a="100" />
            <font name="Lucida Grande" size="12">
              <color r="0" g="0" b="0" />
            </font>
          </style>
        </node>
        <node identifier="id-3e66bb99" xsi:type="Label" x="732" y="24" w="613" h="967">
          <label xml:lang="en">Console.WriteLine ("Code added in ", method.Name);&#xD;
The first thing to do is getting the System.Reflection.MethodInfo which correspond to the Console.WriteLine (string value) method.&#xD;
&#xD;
//Gets the MethodInfo of Console.WriteLine() method&#xD;
MethodInfo writeLineMethod = typeof(Console).GetMethod("WriteLine", new Type[]{typeof(string)});&#xD;
Next, you have to get all methods of each type of the MyLibrary assembly in order to insert the MSIL instructions.&#xD;
&#xD;
//Getting the path of the "MyLibrary.dll" assembly&#xD;
string pathBin = "../../../MyLibrary/bin/debug/MyLibrary.dll";&#xD;
 &#xD;
//Gets the AssemblyDefinition of "MyLibrary"&#xD;
AssemblyDefinition assembly = AssemblyDefinition.ReadAssembly(pathBin);&#xD;
 &#xD;
//Gets all types of the MainModule of the assembly&#xD;
foreach(TypeDefinition type in assembly.MainModule.Types)&#xD;
{&#xD;
    if(type.Name != "&lt;Module&gt;")&#xD;
    {&#xD;
        //Gets all methods of the current type&#xD;
        foreach(MethodDefinition method in type.Methods)&#xD;
        {&#xD;
            //Gets the CilWorker of the method for working with CIL instructions&#xD;
            CilWorker worker = method.Body.CilWorker;&#xD;
 &#xD;
            //Creating a sentence according to the current method&#xD;
            string sentence;&#xD;
            sentence = String.Concat("Code added in ", method.Name);&#xD;
 &#xD;
            //Import the Console.WriteLine() method&#xD;
            MethodReference writeLine;&#xD;
            writeLine = assembly.MainModule.Import(writeLineMethod);&#xD;
 &#xD;
            //Creates the MSIL instruction for inserting the sentence&#xD;
            Instruction insertSentence;&#xD;
            insertSentence = worker.Create(OpCodes.Ldstr, sentence);&#xD;
 &#xD;
            //Creates the CIL instruction for calling the&#xD;
            //Console.WriteLine(string value) method&#xD;
            Instruction callWriteLine;&#xD;
            callWriteLine = worker.Create(OpCodes.Call, writeLine);&#xD;
 &#xD;
 &#xD;
            //Getting the first instruction of the current method&#xD;
            Instruction ins = method.Body.Instructions[0];&#xD;
 &#xD;
            //Inserts the insertSentence instruction before the first //instruction&#xD;
            method.Body.CilWorker.InsertBefore(ins, insertSentence);&#xD;
 &#xD;
            //Inserts the callWriteLineMethod after the //insertSentence instruction&#xD;
            worker.InsertAfter(insertSentence, callWriteLine);&#xD;
        }&#xD;
    }&#xD;
}&#xD;
The last thing to do is saving the assembly which contains the modifying types:&#xD;
&#xD;
//Save the modified "MyLibrary" assembly&#xD;
assembly.Write(pathBin);&#xD;
After executing this code, you can use the modifying assembly in a new Console project. You have to add a reference to this assembly.&#xD;
&#xD;
MyLibrary.Person p = new MyLibrary.Person();&#xD;
p.Name = "Harry May";&#xD;
p.Birthday = new DateTime(1982, 01, 26);&#xD;
int age = p.GetAge();&#xD;
Console.ReadLine();&#xD;
This code produces also this result:&#xD;
&#xD;
set_Name was called&#xD;
set_Birthday was called&#xD;
GetAge was called</label>
          <style>
            <fillColor r="255" g="255" b="255" a="100" />
            <lineColor r="92" g="92" b="92" a="100" />
            <font name="Segoe UI" size="7">
              <color r="0" g="0" b="0" />
            </font>
          </style>
        </node>
        <node identifier="id-2dc04bc5" elementRef="id-7ba8856c" xsi:type="Element" x="216" y="504" w="120" h="55">
          <style>
            <fillColor r="159" g="213" b="128" a="100" />
            <lineColor r="92" g="92" b="92" a="100" />
            <font name="Lucida Grande" size="12">
              <color r="0" g="0" b="0" />
            </font>
          </style>
        </node>
        <node identifier="e486dc5d" elementRef="f5d11a99" xsi:type="Element" x="144" y="696" w="120" h="55">
          <style>
            <fillColor r="201" g="231" b="183" a="100" />
            <lineColor r="92" g="92" b="92" a="100" />
            <font name="Lucida Grande" size="12">
              <color r="0" g="0" b="0" />
            </font>
          </style>
        </node>
        <node identifier="c0a522ac" elementRef="id-53cd0dc7" xsi:type="Element" x="288" y="696" w="120" h="55">
          <style>
            <fillColor r="201" g="231" b="183" a="100" />
            <lineColor r="92" g="92" b="92" a="100" />
            <font name="Lucida Grande" size="12">
              <color r="0" g="0" b="0" />
            </font>
          </style>
        </node>
        <node identifier="bc21b8ea" elementRef="dd75be03" xsi:type="Element" x="216" y="24" w="120" h="55">
          <style>
            <fillColor r="201" g="231" b="183" a="100" />
            <lineColor r="92" g="92" b="92" a="100" />
            <font name="Lucida Grande" size="12">
              <color r="0" g="0" b="0" />
            </font>
          </style>
        </node>
        <node identifier="id-80809ee7" elementRef="id-1bf0f3be" xsi:type="Element" x="216" y="120" w="120" h="55">
          <style>
            <fillColor r="159" g="213" b="128" a="100" />
            <lineColor r="92" g="92" b="92" a="100" />
            <font name="Lucida Grande" size="12">
              <color r="0" g="0" b="0" />
            </font>
          </style>
        </node>
        <node identifier="f46b9257" elementRef="f5b54d05" xsi:type="Element" x="216" y="312" w="120" h="55">
          <style>
            <fillColor r="159" g="213" b="128" a="100" />
            <lineColor r="92" g="92" b="92" a="100" />
            <font name="Lucida Grande" size="12">
              <color r="0" g="0" b="0" />
            </font>
          </style>
        </node>
        <node identifier="eda177ce" elementRef="id-205040a8" xsi:type="Element" x="216" y="216" w="120" h="55">
          <style>
            <fillColor r="201" g="231" b="183" a="100" />
            <lineColor r="92" g="92" b="92" a="100" />
            <font name="Lucida Grande" size="12">
              <color r="0" g="0" b="0" />
            </font>
          </style>
        </node>
        <node identifier="id-61620bcc" elementRef="bb846386" xsi:type="Element" x="216" y="600" w="120" h="55">
          <style>
            <fillColor r="201" g="231" b="183" a="100" />
            <lineColor r="92" g="92" b="92" a="100" />
            <font name="Lucida Grande" size="12">
              <color r="0" g="0" b="0" />
            </font>
          </style>
        </node>
        <node identifier="id-480c277e" elementRef="id-6213384b" xsi:type="Element" x="24" y="504" w="120" h="55">
          <style>
            <fillColor r="159" g="213" b="128" a="100" />
            <lineColor r="92" g="92" b="92" a="100" />
            <font name="Lucida Grande" size="12">
              <color r="0" g="0" b="0" />
            </font>
          </style>
        </node>
        <node identifier="id-56b6dbf0" elementRef="id-2a1db38c" xsi:type="Element" x="564" y="504" w="120" h="55">
          <style>
            <fillColor r="201" g="231" b="183" a="100" />
            <lineColor r="92" g="92" b="92" a="100" />
            <font name="Lucida Grande" size="12">
              <color r="0" g="0" b="0" />
            </font>
          </style>
        </node>
        <node identifier="id-4456734d" elementRef="d2e2e609" xsi:type="Element" x="216" y="408" w="120" h="55">
          <style>
            <fillColor r="201" g="231" b="183" a="100" />
            <lineColor r="92" g="92" b="92" a="100" />
            <font name="Lucida Grande" size="12">
              <color r="0" g="0" b="0" />
            </font>
          </style>
        </node>
        <node identifier="e2d39216" elementRef="id-8ca64896" xsi:type="Element" x="24" y="408" w="120" h="55">
          <style>
            <fillColor r="201" g="231" b="183" a="100" />
            <lineColor r="92" g="92" b="92" a="100" />
            <font name="Lucida Grande" size="12">
              <color r="0" g="0" b="0" />
            </font>
          </style>
        </node>
        <node identifier="id-36f1dcff" elementRef="id-97f41098" xsi:type="Element" x="384" y="408" w="120" h="55">
          <style>
            <fillColor r="201" g="231" b="183" a="100" />
            <lineColor r="92" g="92" b="92" a="100" />
            <font name="Lucida Grande" size="12">
              <color r="0" g="0" b="0" />
            </font>
          </style>
        </node>
        <node identifier="id-7fd1e922" elementRef="bb2697a4" xsi:type="Element" x="24" y="216" w="120" h="55">
          <style>
            <fillColor r="201" g="231" b="183" a="100" />
            <lineColor r="92" g="92" b="92" a="100" />
            <font name="Lucida Grande" size="12">
              <color r="0" g="0" b="0" />
            </font>
          </style>
        </node>
        <node identifier="aefe076e" elementRef="id-9c8e95d8" xsi:type="Element" x="288" y="792" w="120" h="55">
          <style>
            <fillColor r="201" g="231" b="183" a="100" />
            <lineColor r="92" g="92" b="92" a="100" />
            <font name="Lucida Grande" size="12">
              <color r="0" g="0" b="0" />
            </font>
          </style>
        </node>
        <node identifier="id-0a5a9ca2" elementRef="id-51c4570e" xsi:type="Element" x="360" y="864" w="156" h="55">
          <style>
            <fillColor r="201" g="231" b="183" a="100" />
            <lineColor r="92" g="92" b="92" a="100" />
            <font name="Lucida Grande" size="12">
              <color r="0" g="0" b="0" />
            </font>
          </style>
        </node>
        <node identifier="id-76055d60" elementRef="id-3238bb02" xsi:type="Element" x="576" y="864" w="132" h="55">
          <style>
            <fillColor r="159" g="213" b="128" a="100" />
            <lineColor r="92" g="92" b="92" a="100" />
            <font name="Lucida Grande" size="12">
              <color r="0" g="0" b="0" />
            </font>
          </style>
        </node>
        <node identifier="id-3609f849" elementRef="id-7f30b0ad" xsi:type="Element" x="384" y="936" w="156" h="55">
          <style>
            <fillColor r="201" g="231" b="183" a="100" />
            <lineColor r="92" g="92" b="92" a="100" />
            <font name="Lucida Grande" size="12">
              <color r="0" g="0" b="0" />
            </font>
          </style>
        </node>
        <node identifier="id-5e82b49d" elementRef="id-5960c797" xsi:type="Element" x="576" y="936" w="132" h="55">
          <style>
            <fillColor r="159" g="213" b="128" a="100" />
            <lineColor r="92" g="92" b="92" a="100" />
            <font name="Lucida Grande" size="12">
              <color r="0" g="0" b="0" />
            </font>
          </style>
        </node>
        <node identifier="id-4cd6f56f" elementRef="df853636" xsi:type="Element" x="480" y="792" w="132" h="55">
          <style>
            <fillColor r="159" g="213" b="128" a="100" />
            <lineColor r="92" g="92" b="92" a="100" />
            <font name="Lucida Grande" size="12">
              <color r="0" g="0" b="0" />
            </font>
          </style>
        </node>
        <node identifier="c14c2d08" elementRef="d046beea" xsi:type="Element" x="24" y="132" w="120" h="55">
          <style>
            <fillColor r="141" g="199" b="199" a="100" />
            <lineColor r="92" g="92" b="92" a="100" />
            <font name="Lucida Grande" size="12">
              <color r="0" g="0" b="0" />
            </font>
          </style>
        </node>
        <node identifier="id-6963081f" elementRef="id-89291244" xsi:type="Element" x="564" y="96" w="120" h="55">
          <style>
            <fillColor r="141" g="199" b="199" a="100" />
            <lineColor r="92" g="92" b="92" a="100" />
            <font name="Lucida Grande" size="12">
              <color r="0" g="0" b="0" />
            </font>
          </style>
        </node>
        <node identifier="id-2a2dc6d8" elementRef="id-45fc24a1" xsi:type="Element" x="564" y="186" w="120" h="55">
          <style>
            <fillColor r="141" g="199" b="199" a="100" />
            <lineColor r="92" g="92" b="92" a="100" />
            <font name="Lucida Grande" size="12">
              <color r="0" g="0" b="0" />
            </font>
          </style>
        </node>
        <node identifier="id-192f55d2" elementRef="id-14a56e98" xsi:type="Element" x="384" y="576" w="120" h="55">
          <style>
            <fillColor r="141" g="199" b="199" a="100" />
            <lineColor r="92" g="92" b="92" a="100" />
            <font name="Lucida Grande" size="12">
              <color r="0" g="0" b="0" />
            </font>
          </style>
        </node>
        <node identifier="id-1e6fec85" elementRef="df39801b" xsi:type="Element" x="384" y="96" w="120" h="55">
          <style>
            <fillColor r="141" g="199" b="199" a="100" />
            <lineColor r="92" g="92" b="92" a="100" />
            <font name="Lucida Grande" size="12">
              <color r="0" g="0" b="0" />
            </font>
          </style>
        </node>
        <node identifier="id-90f40a81" elementRef="id-5e100dcd" xsi:type="Element" x="564" y="576" w="120" h="55">
          <style>
            <fillColor r="141" g="199" b="199" a="100" />
            <lineColor r="92" g="92" b="92" a="100" />
            <font name="Lucida Grande" size="12">
              <color r="0" g="0" b="0" />
            </font>
          </style>
        </node>
        <node identifier="id-7d8ac667" elementRef="id-4c71f639" xsi:type="Element" x="384" y="186" w="120" h="55">
          <style>
            <fillColor r="141" g="199" b="199" a="100" />
            <lineColor r="92" g="92" b="92" a="100" />
            <font name="Lucida Grande" size="12">
              <color r="0" g="0" b="0" />
            </font>
          </style>
        </node>
        <node identifier="id-3e5fd50c" elementRef="a0f4734c" xsi:type="Element" x="24" y="960" w="120" h="55">
          <style>
            <fillColor r="141" g="199" b="199" a="100" />
            <lineColor r="92" g="92" b="92" a="100" />
            <font name="Lucida Grande" size="12">
              <color r="0" g="0" b="0" />
            </font>
          </style>
        </node>
        <node identifier="id-49655a8c" elementRef="id-718159d0" xsi:type="Element" x="384" y="324" w="120" h="55">
          <style>
            <fillColor r="141" g="199" b="199" a="100" />
            <lineColor r="92" g="92" b="92" a="100" />
            <font name="Lucida Grande" size="12">
              <color r="0" g="0" b="0" />
            </font>
          </style>
        </node>
        <node identifier="e8258cf4" elementRef="id-7f01bbd5" xsi:type="Element" x="564" y="324" w="120" h="55">
          <style>
            <fillColor r="141" g="199" b="199" a="100" />
            <lineColor r="92" g="92" b="92" a="100" />
            <font name="Lucida Grande" size="12">
              <color r="0" g="0" b="0" />
            </font>
          </style>
        </node>
        <connection identifier="id-868e6c3f" relationshipRef="id-6ee86b94" xsi:type="Relationship" source="id-2a5d05be" target="bc21b8ea">
          <style>
            <lineColor r="0" g="0" b="0" />
            <font name="Lucida Grande" size="12">
              <color r="0" g="0" b="0" />
            </font>
          </style>
        </connection>
        <connection identifier="f240e054" relationshipRef="id-7d360b96" xsi:type="Relationship" source="id-2a5d05be" target="id-80809ee7">
          <style>
            <lineColor r="0" g="0" b="0" />
            <font name="Lucida Grande" size="12">
              <color r="0" g="0" b="0" />
            </font>
          </style>
        </connection>
        <connection identifier="id-4160badc" relationshipRef="id-1ab8a888" xsi:type="Relationship" source="id-2a5d05be" target="c14c2d08">
          <style>
            <lineColor r="0" g="0" b="0" />
            <font name="Lucida Grande" size="12">
              <color r="0" g="0" b="0" />
            </font>
          </style>
        </connection>
        <connection identifier="id-755f96de" relationshipRef="id-404c005c" xsi:type="Relationship" source="id-2dc04bc5" target="id-61620bcc">
          <style>
            <lineColor r="0" g="0" b="0" />
            <font name="Lucida Grande" size="12">
              <color r="0" g="0" b="0" />
            </font>
          </style>
        </connection>
        <connection identifier="id-7f216996" relationshipRef="id-619d7e21" xsi:type="Relationship" source="id-2dc04bc5" target="id-192f55d2">
          <style>
            <lineColor r="0" g="0" b="0" />
            <font name="Lucida Grande" size="12">
              <color r="0" g="0" b="0" />
            </font>
          </style>
        </connection>
        <connection identifier="id-9431dacd" relationshipRef="id-73e76e72" xsi:type="Relationship" source="id-2dc04bc5" target="id-90f40a81">
          <style>
            <lineColor r="0" g="0" b="0" />
            <font name="Lucida Grande" size="12">
              <color r="0" g="0" b="0" />
            </font>
          </style>
        </connection>
        <connection identifier="f9ba398b" relationshipRef="ffa65782" xsi:type="Relationship" source="c0a522ac" target="aefe076e">
          <style>
            <lineColor r="0" g="0" b="0" />
            <font name="Lucida Grande" size="12">
              <color r="0" g="0" b="0" />
            </font>
          </style>
        </connection>
        <connection identifier="id-390f79ff" relationshipRef="id-9088624e" xsi:type="Relationship" source="bc21b8ea" target="id-80809ee7">
          <style>
            <lineColor r="0" g="0" b="0" />
            <font name="Lucida Grande" size="12">
              <color r="0" g="0" b="0" />
            </font>
          </style>
        </connection>
        <connection identifier="fa292b05" relationshipRef="id-92172e54" xsi:type="Relationship" source="bc21b8ea" target="id-1e6fec85">
          <style>
            <lineColor r="0" g="0" b="0" />
            <font name="Lucida Grande" size="12">
              <color r="0" g="0" b="0" />
            </font>
          </style>
        </connection>
        <connection identifier="id-52a0bb96" relationshipRef="b7120d96" xsi:type="Relationship" source="bc21b8ea" target="id-6963081f">
          <style>
            <lineColor r="0" g="0" b="0" />
            <font name="Lucida Grande" size="12">
              <color r="0" g="0" b="0" />
            </font>
          </style>
        </connection>
        <connection identifier="id-4d9627d6" relationshipRef="id-63f9f159" xsi:type="Relationship" source="id-80809ee7" target="eda177ce">
          <style>
            <lineColor r="0" g="0" b="0" />
            <font name="Lucida Grande" size="12">
              <color r="0" g="0" b="0" />
            </font>
          </style>
        </connection>
        <connection identifier="id-1f8fa68b" relationshipRef="b382bd78" xsi:type="Relationship" source="id-80809ee7" target="id-7fd1e922">
          <style>
            <lineColor r="0" g="0" b="0" />
            <font name="Lucida Grande" size="12">
              <color r="0" g="0" b="0" />
            </font>
          </style>
        </connection>
        <connection identifier="fdaa5ed4" relationshipRef="fcad7b7f" xsi:type="Relationship" source="id-80809ee7" target="id-7d8ac667">
          <style>
            <lineColor r="0" g="0" b="0" />
            <font name="Lucida Grande" size="12">
              <color r="0" g="0" b="0" />
            </font>
          </style>
        </connection>
        <connection identifier="id-9d7a204f" relationshipRef="df1a6376" xsi:type="Relationship" source="id-80809ee7" target="id-2a2dc6d8">
          <style>
            <lineColor r="0" g="0" b="0" />
            <font name="Lucida Grande" size="12">
              <color r="0" g="0" b="0" />
            </font>
          </style>
        </connection>
        <connection identifier="c81038ff" relationshipRef="id-94f1e1c3" xsi:type="Relationship" source="f46b9257" target="id-4456734d">
          <style>
            <lineColor r="0" g="0" b="0" />
            <font name="Lucida Grande" size="12">
              <color r="0" g="0" b="0" />
            </font>
          </style>
        </connection>
        <connection identifier="id-4398c4a6" relationshipRef="eb15c67b" xsi:type="Relationship" source="f46b9257" target="e2d39216">
          <style>
            <lineColor r="0" g="0" b="0" />
            <font name="Lucida Grande" size="12">
              <color r="0" g="0" b="0" />
            </font>
          </style>
        </connection>
        <connection identifier="bbbcc0c1" relationshipRef="f24ca19d" xsi:type="Relationship" source="f46b9257" target="id-36f1dcff">
          <style>
            <lineColor r="0" g="0" b="0" />
            <font name="Lucida Grande" size="12">
              <color r="0" g="0" b="0" />
            </font>
          </style>
        </connection>
        <connection identifier="a95ef26b" relationshipRef="e9daafe0" xsi:type="Relationship" source="f46b9257" target="e8258cf4">
          <style>
            <lineColor r="0" g="0" b="0" />
            <font name="Lucida Grande" size="12">
              <color r="0" g="0" b="0" />
            </font>
          </style>
        </connection>
        <connection identifier="id-940e08cd" relationshipRef="d7b3db05" xsi:type="Relationship" source="f46b9257" target="id-49655a8c">
          <style>
            <lineColor r="0" g="0" b="0" />
            <font name="Lucida Grande" size="12">
              <color r="0" g="0" b="0" />
            </font>
          </style>
        </connection>
        <connection identifier="id-244a0da5" relationshipRef="id-1b9a49e8" xsi:type="Relationship" source="eda177ce" target="f46b9257">
          <style>
            <lineColor r="0" g="0" b="0" />
            <font name="Lucida Grande" size="12">
              <color r="0" g="0" b="0" />
            </font>
          </style>
        </connection>
        <connection identifier="id-7b30da37" relationshipRef="id-54fbda4e" xsi:type="Relationship" source="id-61620bcc" target="c0a522ac">
          <style>
            <lineColor r="0" g="0" b="0" />
            <font name="Lucida Grande" size="12">
              <color r="0" g="0" b="0" />
            </font>
          </style>
        </connection>
        <connection identifier="id-2f126dd9" relationshipRef="id-7b706ee2" xsi:type="Relationship" source="id-61620bcc" target="e486dc5d">
          <style>
            <lineColor r="0" g="0" b="0" />
            <font name="Lucida Grande" size="12">
              <color r="0" g="0" b="0" />
            </font>
          </style>
        </connection>
        <connection identifier="id-2b4b3f96" relationshipRef="c76e6047" xsi:type="Relationship" source="id-480c277e" target="id-3e5fd50c">
          <style>
            <lineColor r="0" g="0" b="0" />
            <font name="Lucida Grande" size="12">
              <color r="0" g="0" b="0" />
            </font>
          </style>
        </connection>
        <connection identifier="id-22caa38d" relationshipRef="id-21837b00" xsi:type="Relationship" source="id-56b6dbf0" target="id-2dc04bc5">
          <style>
            <lineColor r="0" g="0" b="0" />
            <font name="Lucida Grande" size="12">
              <color r="0" g="0" b="0" />
            </font>
          </style>
        </connection>
        <connection identifier="b02bea1c" relationshipRef="id-608d8467" xsi:type="Relationship" source="id-4456734d" target="id-2dc04bc5">
          <style>
            <lineColor r="0" g="0" b="0" />
            <font name="Lucida Grande" size="12">
              <color r="0" g="0" b="0" />
            </font>
          </style>
        </connection>
        <connection identifier="id-32b17853" relationshipRef="d55845eb" xsi:type="Relationship" source="e2d39216" target="id-480c277e">
          <style>
            <lineColor r="0" g="0" b="0" />
            <font name="Lucida Grande" size="12">
              <color r="0" g="0" b="0" />
            </font>
          </style>
        </connection>
        <connection identifier="c77fe05e" relationshipRef="dbea7ee9" xsi:type="Relationship" source="id-36f1dcff" target="id-56b6dbf0">
          <style>
            <lineColor r="0" g="0" b="0" />
            <font name="Lucida Grande" size="12">
              <color r="0" g="0" b="0" />
            </font>
          </style>
        </connection>
        <connection identifier="id-84d98d98" relationshipRef="id-22d3799d" xsi:type="Relationship" source="aefe076e" target="id-0a5a9ca2">
          <style>
            <lineColor r="0" g="0" b="0" />
            <font name="Lucida Grande" size="12">
              <color r="0" g="0" b="0" />
            </font>
          </style>
        </connection>
        <connection identifier="id-4aaab722" relationshipRef="id-2fb87559" xsi:type="Relationship" source="aefe076e" target="id-3609f849">
          <style>
            <lineColor r="0" g="0" b="0" />
            <font name="Lucida Grande" size="12">
              <color r="0" g="0" b="0" />
            </font>
          </style>
        </connection>
        <connection identifier="id-8c4fdbc6" relationshipRef="f259f122" xsi:type="Relationship" source="id-0a5a9ca2" target="id-76055d60">
          <style>
            <lineColor r="0" g="0" b="0" />
            <font name="Lucida Grande" size="12">
              <color r="0" g="0" b="0" />
            </font>
          </style>
        </connection>
        <connection identifier="f1328510" relationshipRef="id-9d0d4ec7" xsi:type="Relationship" source="id-76055d60" target="id-192f55d2">
          <style>
            <lineColor r="0" g="0" b="0" />
            <font name="Lucida Grande" size="12">
              <color r="0" g="0" b="0" />
            </font>
          </style>
        </connection>
        <connection identifier="id-0c49881f" relationshipRef="id-126d1196" xsi:type="Relationship" source="id-76055d60" target="id-90f40a81">
          <style>
            <lineColor r="0" g="0" b="0" />
            <font name="Lucida Grande" size="12">
              <color r="0" g="0" b="0" />
            </font>
          </style>
        </connection>
        <connection identifier="id-15eaf966" relationshipRef="c5bc7b59" xsi:type="Relationship" source="id-3609f849" target="id-5e82b49d">
          <style>
            <lineColor r="0" g="0" b="0" />
            <font name="Lucida Grande" size="12">
              <color r="0" g="0" b="0" />
            </font>
          </style>
        </connection>
        <connection identifier="id-5b3a7fa7" relationshipRef="id-3f87435f" xsi:type="Relationship" source="id-5e82b49d" target="id-3e5fd50c">
          <style>
            <lineColor r="0" g="0" b="0" />
            <font name="Lucida Grande" size="12">
              <color r="0" g="0" b="0" />
            </font>
          </style>
        </connection>
        <connection identifier="e89b7619" relationshipRef="id-8e61a519" xsi:type="Relationship" source="id-4cd6f56f" target="id-192f55d2">
          <style>
            <lineColor r="0" g="0" b="0" />
            <font name="Lucida Grande" size="12">
              <color r="0" g="0" b="0" />
            </font>
          </style>
        </connection>
        <connection identifier="id-5d68b61b" relationshipRef="b177fb86" xsi:type="Relationship" source="id-4cd6f56f" target="id-90f40a81">
          <style>
            <lineColor r="0" g="0" b="0" />
            <font name="Lucida Grande" size="12">
              <color r="0" g="0" b="0" />
            </font>
          </style>
        </connection>
        <connection identifier="f06d2aa0" relationshipRef="id-121ffd67" xsi:type="Relationship" source="c14c2d08" target="id-1e6fec85">
          <style>
            <lineColor r="0" g="0" b="0" />
            <font name="Lucida Grande" size="12">
              <color r="0" g="0" b="0" />
            </font>
          </style>
        </connection>
        <connection identifier="id-89b480c6" relationshipRef="id-846a612a" xsi:type="Relationship" source="c14c2d08" target="id-6963081f">
          <style>
            <lineColor r="0" g="0" b="0" />
            <font name="Lucida Grande" size="12">
              <color r="0" g="0" b="0" />
            </font>
          </style>
        </connection>
        <connection identifier="id-772cd500" relationshipRef="id-18ba669d" xsi:type="Relationship" source="id-6963081f" target="id-2a2dc6d8">
          <style>
            <lineColor r="0" g="0" b="0" />
            <font name="Lucida Grande" size="12">
              <color r="0" g="0" b="0" />
            </font>
          </style>
        </connection>
        <connection identifier="id-2db68f90" relationshipRef="id-6052fa43" xsi:type="Relationship" source="id-2a2dc6d8" target="e8258cf4">
          <style>
            <lineColor r="0" g="0" b="0" />
            <font name="Lucida Grande" size="12">
              <color r="0" g="0" b="0" />
            </font>
          </style>
        </connection>
        <connection identifier="id-60a552b5" relationshipRef="id-6ae18086" xsi:type="Relationship" source="id-192f55d2" target="id-90f40a81">
          <style>
            <lineColor r="0" g="0" b="0" />
            <font name="Lucida Grande" size="12">
              <color r="0" g="0" b="0" />
            </font>
          </style>
        </connection>
        <connection identifier="id-08fbd6ee" relationshipRef="id-84dfd505" xsi:type="Relationship" source="id-1e6fec85" target="id-7d8ac667">
          <style>
            <lineColor r="0" g="0" b="0" />
            <font name="Lucida Grande" size="12">
              <color r="0" g="0" b="0" />
            </font>
          </style>
        </connection>
        <connection identifier="id-1c283398" relationshipRef="id-650c1f7e" xsi:type="Relationship" source="id-7d8ac667" target="id-49655a8c">
          <style>
            <lineColor r="0" g="0" b="0" />
            <font name="Lucida Grande" size="12">
              <color r="0" g="0" b="0" />
            </font>
          </style>
        </connection>
        <connection identifier="bed6999a" relationshipRef="f62a0232" xsi:type="Relationship" source="id-49655a8c" target="id-192f55d2">
          <style>
            <lineColor r="0" g="0" b="0" />
            <font name="Lucida Grande" size="12">
              <color r="0" g="0" b="0" />
            </font>
          </style>
        </connection>
        <connection identifier="id-83bca68a" relationshipRef="id-0385abfe" xsi:type="Relationship" source="e8258cf4" target="id-90f40a81">
          <style>
            <lineColor r="0" g="0" b="0" />
            <font name="Lucida Grande" size="12">
              <color r="0" g="0" b="0" />
            </font>
          </style>
        </connection>
      </view>
    </diagrams>
  </views>
</model>
