"ID","Type","Name","Documentation","Source","Target","Specialization"
"1f5721c2-75ed-4a1e-8fb3-965e6854521d","AccessRelationship","","","d38ffb80-5c65-42e1-8f96-097c7eeca110","2b59f445-4f6a-4f8c-b6ad-cfd0c20670c3",""
"471227fd-7289-43fa-849c-d83e358a872a","AccessRelationship","","","d38ffb80-5c65-42e1-8f96-097c7eeca110","cbca023c-5af3-4d2c-a0ad-548b1ee44f10",""
"af9bda07-6bf0-4bbd-89b8-0f05e570d7b9","AccessRelationship","","","d38ffb80-5c65-42e1-8f96-097c7eeca110","05fceb71-2dfa-4c3e-bb1e-4b100f84159c",""
"bfc20ba1-cf0c-48f7-b21a-7d709677957e","AccessRelationship","","","9e41afb8-bac0-4ef1-8949-373d8b1a7de2","15918c92-8ba9-4a79-b5ce-8b1fcfd3fe3c",""
"50522351-cbe6-4b40-9134-526416f989a2","AccessRelationship","","","3c970e3a-2f5c-420e-9f07-40c8d8b11f98","d355f10a-0cd3-4349-852f-8e392448a549",""
"05665497-a6b5-4112-bddf-c9ab27c46172","AccessRelationship","","","f8acde58-464a-49c9-91eb-ca6020dcdc6f","e347fae8-bb64-43d7-a66a-6396b9b77c7b",""
"58f3c928-fd62-444f-8145-e8fe7a20a00e","AggregationRelationship","","","eb1b0009-6a1e-4702-9852-472b3d6ef79f","fbdf89ea-c8bf-42b8-9427-cebc00e20c7d",""
"9d62d496-c779-46bb-937f-dd8557240479","AggregationRelationship","","","d38ffb80-5c65-42e1-8f96-097c7eeca110","663aae74-fc43-409e-9448-f9b21cfb9d21",""
"c33e85ca-e672-4016-97b3-a40e1bcb117b","AggregationRelationship","","","32363606-6e0e-403c-998f-a61b18297e97","035719e2-b3b5-4463-9437-e3d87c8637b4",""
"1165ac6f-f4d5-4ad3-b1c3-6951fe88ab99","AggregationRelationship","","","32363606-6e0e-403c-998f-a61b18297e97","e29dc5f5-c292-44ed-ac5c-fa7ab3b74d02",""
"8bf0163c-3cc9-43db-8456-42f6ed9ad2b5","AggregationRelationship","","","73e46488-3c3c-45b2-a133-c1a1af33165b","5aac1a19-a39b-48be-9ae2-bfe88af3c513",""
"419df7d8-dc39-4781-84a9-d43471bd033d","AggregationRelationship","","","d38ffb80-5c65-42e1-8f96-097c7eeca110","fec6c185-b96c-41cb-b812-eb0d7f73ec32",""
"df517c7c-4535-49de-a5e4-605d14db3086","AggregationRelationship","","","d38ffb80-5c65-42e1-8f96-097c7eeca110","d9645ec7-be26-4d67-9028-a918c84636ca",""
"7f5e429d-e104-41d2-8f1d-d28ea94f656b","AggregationRelationship","","","32363606-6e0e-403c-998f-a61b18297e97","7d3526a7-0557-43d1-a44f-bfb9e9372dce",""
"bb80768a-f3a8-401e-8e71-c649d071a445","AggregationRelationship","","","32363606-6e0e-403c-998f-a61b18297e97","fbdf89ea-c8bf-42b8-9427-cebc00e20c7d",""
"096c8040-1c62-421a-a89b-e10ec1c9644c","AggregationRelationship","","","32363606-6e0e-403c-998f-a61b18297e97","50e789ac-ac30-44b0-9ba2-cea428934b7e",""
"2ac18377-cd34-461e-bcc8-8e31ca80723d","AggregationRelationship","","","32363606-6e0e-403c-998f-a61b18297e97","ec70e9ea-2ba4-48a2-b6cb-5c1710133dc0",""
"02e25410-aca6-4cdd-803c-774cdabfd0f7","AggregationRelationship","","","32363606-6e0e-403c-998f-a61b18297e97","7d3526a7-0557-43d1-a44f-bfb9e9372dce",""
"d2490f04-7d4e-4c0b-a790-9f26b166859e","AggregationRelationship","","","32363606-6e0e-403c-998f-a61b18297e97","d10d429a-0036-4050-9c52-fc57a86434be",""
"93d8f202-bb09-48f2-8d33-b0a0feeb533a","AggregationRelationship","","","32363606-6e0e-403c-998f-a61b18297e97","cd2d79b0-d93c-479e-8820-10951c4c222e",""
"d2eef4a4-141a-4389-aed0-09f78b8b5ff5","AggregationRelationship","","","d38ffb80-5c65-42e1-8f96-097c7eeca110","81753cdc-0faf-4021-a3d9-f5de61fd1f08",""
"7fcd187f-ffbe-4682-9a88-fcf112dbbd8f","AggregationRelationship","","","d38ffb80-5c65-42e1-8f96-097c7eeca110","c8491d64-f51f-4acd-8931-7a7ae6f0ca16",""
"07cb7505-869a-4527-baf2-36e8f8f484c1","AggregationRelationship","","","d38ffb80-5c65-42e1-8f96-097c7eeca110","48e6a3b5-4cc5-44c4-9367-0190d499899c",""
"78b66542-3a93-49c3-bdd4-b6cff72e500e","AggregationRelationship","","","d38ffb80-5c65-42e1-8f96-097c7eeca110","2dd1c1dc-fc5f-4643-a32b-8719bf244ce1",""
"be2f903f-a8a2-497a-b176-2626b23c0137","AssignmentRelationship","","","663aae74-fc43-409e-9448-f9b21cfb9d21","3b981b05-2cbd-488a-a45e-80a1cf520c57",""
"84dcf708-a133-4cc1-ac8a-01cd23316c1e","AssignmentRelationship","","","d38ffb80-5c65-42e1-8f96-097c7eeca110","3b981b05-2cbd-488a-a45e-80a1cf520c57",""
"196f0b5d-7ad3-4c15-bd74-7b85748c3d9a","AssignmentRelationship","","","50e789ac-ac30-44b0-9ba2-cea428934b7e","e04ddb75-76e9-4ecb-8759-2ca6b30a4997",""
"f68202da-18a8-4501-9445-d0d3a89d51e1","AssignmentRelationship","","","50e789ac-ac30-44b0-9ba2-cea428934b7e","ab64ba5e-f87d-4164-ae4a-20f84089cec9",""
"9b340d8c-9abe-44ac-a28c-132f0f394e4f","AssignmentRelationship","","","50e789ac-ac30-44b0-9ba2-cea428934b7e","917dc5be-6f07-4a1b-ac28-a4eaf75c2077",""
"b6c60eee-9722-499b-ad33-703302806077","AssignmentRelationship","","","50e789ac-ac30-44b0-9ba2-cea428934b7e","c9c3ceb6-85f5-4261-90ed-2ded8c9479d3",""
"4d1fe33f-f3d9-4d9f-bc6d-296f5843b86f","AssignmentRelationship","","","50e789ac-ac30-44b0-9ba2-cea428934b7e","399f5f92-9f01-41f8-b6c9-2308b5f6387f",""
"8913ade4-6945-4854-9fff-4a0b2905a8c2","AssignmentRelationship","","","50e789ac-ac30-44b0-9ba2-cea428934b7e","96370e15-51f5-4093-926d-3bfeaffb613c",""
"f4cb17aa-8d88-4f2d-aa32-071e9a6f7d30","AssignmentRelationship","","","50e789ac-ac30-44b0-9ba2-cea428934b7e","7dd7ffa2-27bd-4abf-b604-fc2f85b1edc6",""
"21277e54-7e29-4061-b85c-c43f87d526e1","AssignmentRelationship","","","7d3526a7-0557-43d1-a44f-bfb9e9372dce","2361a4df-0117-4d9d-b10a-17e166899ebf",""
"b94fc6d6-1112-4479-b56d-ddf7970265bf","AssignmentRelationship","","","7d3526a7-0557-43d1-a44f-bfb9e9372dce","ab64ba5e-f87d-4164-ae4a-20f84089cec9",""
"90db8e46-ff1a-4ef2-9758-317e3de42455","AssignmentRelationship","","","7d3526a7-0557-43d1-a44f-bfb9e9372dce","399f5f92-9f01-41f8-b6c9-2308b5f6387f",""
"e8177bf0-1665-432b-9531-3f2af96ffb86","AssignmentRelationship","","","7d3526a7-0557-43d1-a44f-bfb9e9372dce","96370e15-51f5-4093-926d-3bfeaffb613c",""
"5cb7bf1e-16b2-4eff-b677-a0ee1eaaf495","AssignmentRelationship","","","7d3526a7-0557-43d1-a44f-bfb9e9372dce","e04ddb75-76e9-4ecb-8759-2ca6b30a4997",""
"65249ea2-afc4-4c66-9878-7de9ba366e66","AssignmentRelationship","","","ddef330d-3d03-4633-9000-60e007e3b74f","e203d4f7-207d-468d-a2d6-b680ddbb0d37",""
"f129ef9e-4bb6-4cbf-a351-950338f3d608","AssignmentRelationship","","","ddef330d-3d03-4633-9000-60e007e3b74f","715e2eda-b34e-4657-b3bd-a232b7f3d03b",""
"2d7de9d2-5f8a-49c8-b9ad-bad368acb37b","AssignmentRelationship","","","ddef330d-3d03-4633-9000-60e007e3b74f","a212eab5-6816-4f41-a88d-aa7cd7020400",""
"de497b27-0b9e-4718-8110-3562b44aebe9","AssignmentRelationship","","","ddef330d-3d03-4633-9000-60e007e3b74f","4bb4f210-fcf4-4362-884e-5bdd32fd2825",""
"a8250849-41e9-4ffc-bf91-115355b53ef1","AssociationRelationship","","","b1e126f8-ba0b-4db5-a874-c33764287b58","1cfeb566-5e3f-4e0f-8635-bc5ac88f4b6b",""
"36ccf4ea-ae39-42e7-8850-a81c1115a7d7","AssociationRelationship","","","9ef33201-a7f2-463a-a74d-177fc7932ca4","ea43c768-c37d-41b7-a00a-69fc875a5872",""
"a7174a4d-c4d6-428c-93fa-6b7af1998a51","AssociationRelationship","","","aeb40dc0-d4c9-446c-845a-e6ff275fa4cd","9ef33201-a7f2-463a-a74d-177fc7932ca4",""
"c0ae488c-1032-4bd6-a0f8-d3da78bb5af0","AssociationRelationship","","","53d2c4bf-86b8-4cdc-9d89-1632a030190f","c5250071-0576-4fec-96eb-947c0036fe51",""
"bba9a380-0bee-4fdb-9d61-ec547562ff01","AssociationRelationship","","","6ca8de9f-4854-4159-ab13-d7cc2c03dcb7","c5250071-0576-4fec-96eb-947c0036fe51",""
"c48ad9a9-2650-4455-8865-cb867bc63a80","AssociationRelationship","","","6a769b7e-3b16-48e4-b9cb-4a8c9bf29743","9aa35512-4876-4ed7-9238-4bf7ee03af24",""
"0a911329-eb50-425f-b280-217026e2bda0","AssociationRelationship","","","7dcd44d3-45a7-4387-b300-3e5f0fd86da5","9aa35512-4876-4ed7-9238-4bf7ee03af24",""
"70934d6c-68d5-4aad-96d7-c9088b71136e","AssociationRelationship","","","7dcd44d3-45a7-4387-b300-3e5f0fd86da5","fb6950eb-3830-4c7c-85c2-3e730d134b5c",""
"41575609-e648-4584-b1e0-78afc1776a89","AssociationRelationship","","","a4ad1da0-3a64-4efb-8780-f61ef889df11","945b412b-bd67-4966-8d87-06fe360a7c74",""
"ec7f60db-a3a9-491b-a48a-bc89b6156662","AssociationRelationship","","","c3fb1f7d-ec65-4f44-a807-838df218935a","945b412b-bd67-4966-8d87-06fe360a7c74",""
"1f0b0587-b520-41eb-97c8-961fc445c78d","AssociationRelationship","","","c3fb1f7d-ec65-4f44-a807-838df218935a","3a23ea43-79cd-4dcf-a3a7-80a4f2036600",""
"6d9709b7-c664-40e6-b937-7b1e86cff101","AssociationRelationship","","","9698f30c-983d-476e-a337-50d489392085","464c46a3-48b1-463d-a78d-d6175b15826d",""
"67a4c0d4-936f-49c5-befc-168bb9f7a01e","AssociationRelationship","","","e2f35a92-b228-4255-84fb-3cb9c84a4e58","464c46a3-48b1-463d-a78d-d6175b15826d",""
"f30ed8e1-d2e6-4e19-a571-5d6e9c3e8ef0","AssociationRelationship","","","e2f35a92-b228-4255-84fb-3cb9c84a4e58","e7165894-88ba-47cd-af33-446cc08358a1",""
"3b612215-e900-4384-9b4d-f398a42eee0a","AssociationRelationship","","","015198f1-8fcc-4ca1-9288-fc1806f9a667","c7806389-cf55-4cb8-bd65-9cb391514046",""
"47792d9e-25ad-4b83-b1fb-99e32c0cf004","AssociationRelationship","","","3f47bc2a-8368-4d5b-b814-3b631dce19ac","c7806389-cf55-4cb8-bd65-9cb391514046",""
"ecdb9ee6-f96b-4339-80bf-f5d9667422c0","AssociationRelationship","","","3f47bc2a-8368-4d5b-b814-3b631dce19ac","373b1c10-4529-4bfa-9c51-1041a8ec044b",""
"18941741-8c80-4f8a-9f04-8bf2969ac606","AssociationRelationship","","","04657ae6-f42e-4436-881e-aa0bb50d0866","1ea69caa-75c5-453d-bb12-ad743d6f05ae",""
"e25c17d4-2455-4e1c-b6c2-206c6ca1eda4","AssociationRelationship","","","1485105d-5b91-40e8-b6d9-4883b56be7f9","1ea69caa-75c5-453d-bb12-ad743d6f05ae",""
"206d6839-67bb-4c27-ba78-a26b8fe11ee3","AssociationRelationship","","","1485105d-5b91-40e8-b6d9-4883b56be7f9","8d360223-d074-453f-bbef-2a1835664066",""
"5af404f7-6a0b-439b-801e-c5bc53655361","AssociationRelationship","","","f2289a21-e15c-493f-b622-9921ce0f20e4","f53b1a61-96d2-4120-8c40-94e5b3f74bf3",""
"9f0b499f-d1c4-40bd-9879-d52ad5277938","AssociationRelationship","","","f2289a21-e15c-493f-b622-9921ce0f20e4","90974f88-dc49-43ec-9503-a2abc9e9a446",""
"0ff93a9f-bdeb-4815-ac34-6b594a19cace","AssociationRelationship","","","b67cf48e-f9ca-4e8c-b299-e91a6f3fb09e","90974f88-dc49-43ec-9503-a2abc9e9a446",""
"03fd34d1-a83d-480e-90a9-4c8fb622a0b9","AssociationRelationship","","","e0613db9-43ff-44d2-915d-5f4f5ad07e7e","c6d4b066-63f5-4130-962b-ad2c4348b246",""
"8ab538a4-d4bb-46b4-bce8-836520a87575","AssociationRelationship","","","e0613db9-43ff-44d2-915d-5f4f5ad07e7e","e7c2e496-40f3-4a1e-a6bf-86b4e430b955",""
"d091bb58-338d-4141-a6c0-e57167de87c9","AssociationRelationship","","","c05c3cad-4709-4f3b-b13d-6e158f45ec7e","e7c2e496-40f3-4a1e-a6bf-86b4e430b955",""
"5537fdfa-dd5b-4022-8354-8cb25e7231a8","AssociationRelationship","","","91013e78-c857-409d-9667-f3d1d37d3fa2","da53205f-21a1-4351-8424-9a70257c3138",""
"9960f921-1d66-48a0-b0bc-aed6321b1389","AssociationRelationship","","","6e5ceaab-e48d-4103-b578-19398acc70c0","da53205f-21a1-4351-8424-9a70257c3138",""
"b2b3e24c-3cda-46a5-9ea3-3a76597e3ea6","AssociationRelationship","","","6e5ceaab-e48d-4103-b578-19398acc70c0","008b6a99-69cd-485d-bc59-e7f6cea994fe",""
"7b8bcd99-3ef0-4c67-a35c-bfa8b8cf9758","AssociationRelationship","","","6481a065-4fcb-46d5-a768-e087a783ee0d","227d0fc7-706a-43a2-8095-62c38d0c38f5",""
"5e8db9c8-b0c0-4893-9127-306cc5a2fa8f","AssociationRelationship","","","186469b0-4a72-4ec1-a7f7-1be2be2fd370","227d0fc7-706a-43a2-8095-62c38d0c38f5",""
"3101c230-56e6-4a94-b505-b244e33782a1","AssociationRelationship","","","186469b0-4a72-4ec1-a7f7-1be2be2fd370","ed30f7ed-f2f7-4c14-9fd7-4fcf844b34fd",""
"9c350534-0770-4c73-a3c5-10b4ec267b1a","AssociationRelationship","","","39688c2f-5f58-4177-97f0-5f0aedc1afd7","feedd309-f0c9-4d81-9c7f-91546fc5399e",""
"9f73e711-649e-4ba5-8664-a4d0e76cd293","AssociationRelationship","","","102871ea-3d74-4774-bf6f-0f6ab565d0f3","feedd309-f0c9-4d81-9c7f-91546fc5399e",""
"a0c559e7-8a78-44e8-97ab-b15f41ab5b4a","AssociationRelationship","","","102871ea-3d74-4774-bf6f-0f6ab565d0f3","54480404-02b6-4212-8cf1-09b03278acb6",""
"020774a0-a57d-4fb6-881f-def72938e5f4","AssociationRelationship","","","3bbaef59-3bb7-41b8-8dae-ebab6f6d4a2e","c1328aab-5963-4a77-8562-ba4a034473f4",""
"46f7d77f-9355-4643-9abd-e388c2414269","AssociationRelationship","","","f7663c2b-384c-4014-9d5f-5c03168c4ded","f88886bf-ad61-4a2c-9dad-82877e3da0ee",""
"7b1f2a48-5273-498c-917c-263aa78db2aa","AssociationRelationship","","","f7663c2b-384c-4014-9d5f-5c03168c4ded","c1328aab-5963-4a77-8562-ba4a034473f4",""
"8b92b230-b42d-43ac-af39-8e1b195e508b","CompositionRelationship","","","fbdf89ea-c8bf-42b8-9427-cebc00e20c7d","6dc397c0-bf8c-4cb7-bc65-fba970757113",""
"2e48c107-2d35-4726-a67e-e38220dbbd5c","CompositionRelationship","","","fbdf89ea-c8bf-42b8-9427-cebc00e20c7d","776d6ab8-6cf0-48f2-9443-f031daae4cf6",""
"90a1297a-09ab-4ce7-83c4-7cd22e67960e","CompositionRelationship","","","663aae74-fc43-409e-9448-f9b21cfb9d21","ccfb95ec-b50a-47b0-8bb9-115977609cad",""
"ce9894a8-d218-4d62-ba2f-72a53ee1ce18","CompositionRelationship","","","663aae74-fc43-409e-9448-f9b21cfb9d21","fc7c1334-a0f2-4e74-9700-596fc038495b",""
"69498062-59d6-4c42-8255-67b711d26c0c","CompositionRelationship","","","663aae74-fc43-409e-9448-f9b21cfb9d21","76417ff4-d60d-4010-8e81-74a80498627d",""
"8fa19396-6b1f-4bea-9b71-a597e01d6038","CompositionRelationship","","","663aae74-fc43-409e-9448-f9b21cfb9d21","2cac5828-589e-4790-9930-766be335d93d",""
"29836906-2d8c-4d9d-9a34-09e3eea2fe6c","CompositionRelationship","","","fbdf89ea-c8bf-42b8-9427-cebc00e20c7d","08eff60d-2e68-4d97-9750-95e2b651cc91",""
"f99d8d22-ca2c-408b-91f9-12d74a0b1b58","CompositionRelationship","","","fbdf89ea-c8bf-42b8-9427-cebc00e20c7d","2ba8c23c-fd8d-4961-aaba-90665984432c",""
"bb573ba3-f902-4bc3-9338-977e78051c46","CompositionRelationship","","","fbdf89ea-c8bf-42b8-9427-cebc00e20c7d","476bf067-a0c3-4c3a-b05e-617ebc1a5de6",""
"7454aac1-a98c-49de-aaba-5d277c7dc99b","CompositionRelationship","","","fbdf89ea-c8bf-42b8-9427-cebc00e20c7d","64ae5e3d-cb19-4c6e-b933-87ff936e55fe",""
"c4645840-2a94-40b7-bcd9-a9766347d571","CompositionRelationship","","","5aac1a19-a39b-48be-9ae2-bfe88af3c513","e5a4c1e2-fcd7-40f4-a716-049443b6a73a",""
"b4d4f88c-c405-41f3-b4b8-98be37dded4a","CompositionRelationship","","","5aac1a19-a39b-48be-9ae2-bfe88af3c513","33cd37a1-28ce-470b-b250-707bf8650181",""
"293a0633-d8ac-4a03-a49d-dab205aa587b","CompositionRelationship","","","5aac1a19-a39b-48be-9ae2-bfe88af3c513","0ac16dfb-9a74-4cbc-a261-018b18ca12d4",""
"03509055-488c-47db-98fd-89d08ab4f9e5","CompositionRelationship","","","5aac1a19-a39b-48be-9ae2-bfe88af3c513","a8ee766c-93b4-49ea-a691-463d03333054",""
"6e7e527c-48e8-4e2d-abe5-ce2067a94460","CompositionRelationship","","","5aac1a19-a39b-48be-9ae2-bfe88af3c513","b52a53b8-d8e0-4292-9e10-c0f21405a8cc",""
"0e215cd5-cc82-4ba4-9d38-d9b8be668bb2","CompositionRelationship","","","5aac1a19-a39b-48be-9ae2-bfe88af3c513","2de460a4-9b6d-41fa-8067-e5302c8711db",""
"2b4f2cca-4fb1-45ae-a896-32bb44e9ba87","CompositionRelationship","","","fbdf89ea-c8bf-42b8-9427-cebc00e20c7d","0ac16dfb-9a74-4cbc-a261-018b18ca12d4",""
"7560562d-c05a-4128-a418-7301c1928094","CompositionRelationship","","","fbdf89ea-c8bf-42b8-9427-cebc00e20c7d","e5a4c1e2-fcd7-40f4-a716-049443b6a73a",""
"f455736c-caa6-47f6-877a-b2d0f0c18af9","CompositionRelationship","","","ec70e9ea-2ba4-48a2-b6cb-5c1710133dc0","2ba8c23c-fd8d-4961-aaba-90665984432c",""
"a09c5e8c-8f10-48f5-ac87-e6ccdc701ce1","CompositionRelationship","","","ec70e9ea-2ba4-48a2-b6cb-5c1710133dc0","0ac16dfb-9a74-4cbc-a261-018b18ca12d4",""
"ee815cdd-dd2a-4567-99af-3600f642061b","CompositionRelationship","","","ec70e9ea-2ba4-48a2-b6cb-5c1710133dc0","e5a4c1e2-fcd7-40f4-a716-049443b6a73a",""
"030d8045-2973-4e67-81f0-15d4876127f1","CompositionRelationship","","","d10d429a-0036-4050-9c52-fc57a86434be","33cd37a1-28ce-470b-b250-707bf8650181",""
"86d43dc0-3553-43de-8447-27a51bdf1506","CompositionRelationship","","","d10d429a-0036-4050-9c52-fc57a86434be","b52a53b8-d8e0-4292-9e10-c0f21405a8cc",""
"39f0d31c-fab0-47b8-a2bc-f4c7f4b59f91","CompositionRelationship","","","d10d429a-0036-4050-9c52-fc57a86434be","2de460a4-9b6d-41fa-8067-e5302c8711db",""
"86eec8b1-db23-4c04-848b-2606004e570d","CompositionRelationship","","","ec70e9ea-2ba4-48a2-b6cb-5c1710133dc0","cd2d79b0-d93c-479e-8820-10951c4c222e",""
"933e19ea-7969-42d0-9432-77b4fd1a982e","CompositionRelationship","","","cd2d79b0-d93c-479e-8820-10951c4c222e","ec70e9ea-2ba4-48a2-b6cb-5c1710133dc0",""
"bbfb73bb-9041-4646-9818-f7742c2d2b78","CompositionRelationship","","","cd2d79b0-d93c-479e-8820-10951c4c222e","7d3526a7-0557-43d1-a44f-bfb9e9372dce",""
"42b230b3-11ed-404f-80b5-f67dd332f199","CompositionRelationship","","","cd2d79b0-d93c-479e-8820-10951c4c222e","d10d429a-0036-4050-9c52-fc57a86434be",""
"180756e3-d3ec-4e35-a865-d412ec12503d","CompositionRelationship","","","e29dc5f5-c292-44ed-ac5c-fa7ab3b74d02","43e0b0e0-ce7a-4134-a2e9-54596a8159ff",""
"11fc52da-2152-427e-abf3-022f7761ac18","CompositionRelationship","","","d10d429a-0036-4050-9c52-fc57a86434be","a7c08e7e-4e8f-4278-a5d9-01fa8a8a27e5",""
"80bab116-bf82-4c15-8e7f-530a5c03be09","CompositionRelationship","","","d10d429a-0036-4050-9c52-fc57a86434be","a05fc909-4fcb-4f93-84c7-89b4cbdd6f48",""
"adff6ff5-95ce-4081-8e41-f4aeb329011c","CompositionRelationship","","","d10d429a-0036-4050-9c52-fc57a86434be","30e519bb-d9cd-42a3-9e41-ea70516c4ec2",""
"847c2ba5-7e55-48d6-99ed-efc3939d9b43","CompositionRelationship","","","cd2d79b0-d93c-479e-8820-10951c4c222e","ec70e9ea-2ba4-48a2-b6cb-5c1710133dc0",""
"37a66651-1ef3-48bf-a96b-3b6181ca20d9","CompositionRelationship","","","cd2d79b0-d93c-479e-8820-10951c4c222e","607727ef-e4f4-4bec-b830-cdec62a24e2d",""
"7543b232-c1bc-4627-a222-e784dfa15196","CompositionRelationship","","","607727ef-e4f4-4bec-b830-cdec62a24e2d","4d2ebb48-98b1-4938-8bda-84eda52b55b6",""
"0dc76b3f-c3f5-44da-9b42-411b4c6e469f","CompositionRelationship","","","607727ef-e4f4-4bec-b830-cdec62a24e2d","1ce8cb69-fa85-4a2c-91cb-0755ca914b40",""
"819bf633-bb83-4b08-8c68-6ae059fc2e77","CompositionRelationship","","","cd2d79b0-d93c-479e-8820-10951c4c222e","ddef330d-3d03-4633-9000-60e007e3b74f",""
"6a92d5bd-5ce1-4f0c-aff1-f5bd4df0e1c0","CompositionRelationship","","","cd2d79b0-d93c-479e-8820-10951c4c222e","1ce8cb69-fa85-4a2c-91cb-0755ca914b40",""
"f446f9b9-8f87-412e-a669-d11df5e93afc","CompositionRelationship","","","cd2d79b0-d93c-479e-8820-10951c4c222e","4d2ebb48-98b1-4938-8bda-84eda52b55b6",""
"2f682d32-c520-4679-882b-c24156d7dbd9","CompositionRelationship","","","cd2d79b0-d93c-479e-8820-10951c4c222e","d519fdba-7165-41b1-8441-acb51fdebfdb",""
"ec134d13-391d-43ec-9978-f664a8fb4484","CompositionRelationship","","","d519fdba-7165-41b1-8441-acb51fdebfdb","1ce8cb69-fa85-4a2c-91cb-0755ca914b40",""
"7e2e7004-3b93-4581-82cb-8ff05935bd6d","CompositionRelationship","","","d519fdba-7165-41b1-8441-acb51fdebfdb","4d2ebb48-98b1-4938-8bda-84eda52b55b6",""
"feb90741-0cde-4ce5-976e-5c3548d675d4","CompositionRelationship","","","cd2d79b0-d93c-479e-8820-10951c4c222e","035719e2-b3b5-4463-9437-e3d87c8637b4",""
"864311c3-a453-4025-95dd-b9948eac9cfa","CompositionRelationship","","","cd2d79b0-d93c-479e-8820-10951c4c222e","2e1f10ea-6e42-4923-9475-8e380fcdb68d",""
"ee110eb0-6bce-4a1c-a814-b5db346d51df","CompositionRelationship","","","43e0b0e0-ce7a-4134-a2e9-54596a8159ff","c5c5bbcf-d48e-4869-803b-26081a38747c",""
"9b26626d-9119-44ca-9daf-e633028f5142","CompositionRelationship","","","e29dc5f5-c292-44ed-ac5c-fa7ab3b74d02","c5c5bbcf-d48e-4869-803b-26081a38747c",""
"ecc4a685-6f34-4a7a-b56d-a7f6c366ad62","CompositionRelationship","","","01d01bd3-fa08-4b8a-867e-419c9b4addb5","f11deaef-71ed-4277-82d8-5b285a74aa66",""
"a0c9ef47-373a-4f15-8a3b-56e823f90d5e","CompositionRelationship","","","9aa35512-4876-4ed7-9238-4bf7ee03af24","f1433e19-5cb7-4a10-b845-41da5f5e34af",""
"047d251f-7df7-4499-ac1f-59bdf9f06701","CompositionRelationship","","","945b412b-bd67-4966-8d87-06fe360a7c74","fbfdaffd-45f2-4d5c-b173-a141a0918542",""
"4f41b15c-5d3c-452b-a307-f06bec0f5a0e","CompositionRelationship","","","464c46a3-48b1-463d-a78d-d6175b15826d","ebcace06-d3c3-4d6c-91bf-abbc142574c8",""
"6b1bd9bb-1fb7-48f3-9a6d-b98d4d5e263a","CompositionRelationship","","","c7806389-cf55-4cb8-bd65-9cb391514046","868ca625-3064-412f-b260-2f81cea9935f",""
"03e47b6d-86b8-4f52-9bd1-11a90be0d9ba","CompositionRelationship","","","1ea69caa-75c5-453d-bb12-ad743d6f05ae","b39b58b7-419f-4492-9b00-a36a3057c4bf",""
"0a429ea1-5073-4343-9424-1c5a06b43ce4","CompositionRelationship","","","90974f88-dc49-43ec-9503-a2abc9e9a446","4e577525-00e8-4e2a-9ff3-8681dcacfc4e",""
"b7db5c1d-bf7b-4e77-a0f1-601dc15b777d","CompositionRelationship","","","e7c2e496-40f3-4a1e-a6bf-86b4e430b955","22592ec3-c1d3-4097-a147-f09840468c3f",""
"39eb2506-9f48-45ee-875a-5f2191a22c47","CompositionRelationship","","","da53205f-21a1-4351-8424-9a70257c3138","d5a16c7e-4692-4bf1-bc8c-70badaba0396",""
"ee1391f0-ba10-490b-b92b-68a2ea4a2e59","CompositionRelationship","","","227d0fc7-706a-43a2-8095-62c38d0c38f5","07200c26-5172-4020-a396-70e8c8fde375",""
"65ed4023-3949-498c-9131-d8a5c86b3c34","CompositionRelationship","","","feedd309-f0c9-4d81-9c7f-91546fc5399e","365529c6-f985-429f-96d6-3c96ee5ceefc",""
"847cfcaa-d8a6-4cfb-958d-adea307146d8","CompositionRelationship","","","2e1f10ea-6e42-4923-9475-8e380fcdb68d","91dcf7c6-9d2f-4732-99b5-3b439935fbd8",""
"6832eccc-5f8f-4878-a5bd-289cf9a11511","CompositionRelationship","","","cd2d79b0-d93c-479e-8820-10951c4c222e","91dcf7c6-9d2f-4732-99b5-3b439935fbd8",""
"dd844068-2ebd-422e-9a43-d3be1eb005fb","CompositionRelationship","","","c1328aab-5963-4a77-8562-ba4a034473f4","6307a6f0-d6e1-4c6c-af4d-eb5841aeda54",""
"78b7902a-0411-4ec0-bc0c-1b1ee78f5f31","FlowRelationship","","","2a338a67-44ea-4675-8012-c8cf6177f304","982dd379-1e1f-41a9-b834-5fda13386481",""
"dd0110a6-9aa6-4fa1-ad79-058c15665a96","FlowRelationship","","","2a338a67-44ea-4675-8012-c8cf6177f304","966d9e46-ed05-407b-9f16-1861a34f17c5",""
"3fcdae83-e03b-4815-934b-21da80e02bf8","FlowRelationship","","","826b2962-1b31-44e8-8031-91bcbbc73c4f","22b00f40-8343-487e-ab71-9d31c9fd48ca",""
"5d2cd707-32e7-4d04-ae95-44fd36652e6e","FlowRelationship","","","826b2962-1b31-44e8-8031-91bcbbc73c4f","ab27bbde-1cbf-4fcb-b01c-59e35f3246be",""
"2f854643-62c1-4d58-8767-c45a5146814a","FlowRelationship","","","9d75f3b2-79a9-4b8e-8498-c974cc5c4f67","2db05c8b-2703-443e-93fa-54c9cb1456d8",""
"58bc1446-62de-4e92-a126-061ad1eda9b9","FlowRelationship","","","9d75f3b2-79a9-4b8e-8498-c974cc5c4f67","82103b78-404d-4987-ba0b-bc6adde694d4",""
"2254d1a0-786f-4e90-9460-1924bd5d9810","FlowRelationship","","","9e41afb8-bac0-4ef1-8949-373d8b1a7de2","5b2e68b0-c7e2-4511-ba49-063ddbfb4a1e",""
"89008b50-67ba-4bf7-ac32-6e689b32e17e","FlowRelationship","","","9e41afb8-bac0-4ef1-8949-373d8b1a7de2","15918c92-8ba9-4a79-b5ce-8b1fcfd3fe3c",""
"ac9cb56f-e2b1-4ea4-a2fd-719d61d8d147","FlowRelationship","","","3c970e3a-2f5c-420e-9f07-40c8d8b11f98","6fa92857-6d84-4e7a-b91d-b1e20649e90e",""
"09852f2f-4324-41c6-8706-fccb2f492a71","FlowRelationship","","","3c970e3a-2f5c-420e-9f07-40c8d8b11f98","d355f10a-0cd3-4349-852f-8e392448a549",""
"af357807-08d0-4918-852b-a5a012d93af5","FlowRelationship","","","1d6f3fa5-15e9-46dd-a6a0-b2ac4b0112cc","44877adc-d124-47df-911d-d3b3b2eae151",""
"1fcdc1f6-bd8d-4180-9c00-ccbeca4fdcb3","FlowRelationship","","","1d6f3fa5-15e9-46dd-a6a0-b2ac4b0112cc","c0f91f52-4d9f-4b1d-a8e2-9c34744da79b",""
"7ec88b9d-336e-41c3-bc42-321e2476e11c","FlowRelationship","","","f8acde58-464a-49c9-91eb-ca6020dcdc6f","d381bfb4-31d9-4860-b86c-53c68e959547",""
"f156187a-04f8-415d-9d0b-e0791c3cd663","FlowRelationship","","","f8acde58-464a-49c9-91eb-ca6020dcdc6f","e347fae8-bb64-43d7-a66a-6396b9b77c7b",""
"be203010-73eb-4c85-a557-6e3587343f4d","FlowRelationship","","","151395d5-f9b3-47fb-9dcf-e7c39a83fb2c","496f7a4c-6b47-474e-87fa-82d6d403adf0",""
"74cba51e-c40f-430a-b7a0-4d2a9a07425a","FlowRelationship","","","151395d5-f9b3-47fb-9dcf-e7c39a83fb2c","e6bd0cd8-1eb4-4f8e-b180-427ad06705ca",""
"faec1bb6-ef24-4826-ba41-9e90c9bd2cbd","FlowRelationship","2.c","","be866980-014c-4a27-890c-bc6fa1f61554","6ea1e0f8-5e69-43e6-b9c3-556238b1634d",""
"cf688593-4643-4553-a30a-2479257088b7","FlowRelationship","3.f","","be866980-014c-4a27-890c-bc6fa1f61554","6ea1e0f8-5e69-43e6-b9c3-556238b1634d",""
"0985f7d6-8a45-44ae-a52d-21c537dcd29e","FlowRelationship","Diferente de  *3353","","fec6c185-b96c-41cb-b812-eb0d7f73ec32","663aae74-fc43-409e-9448-f9b21cfb9d21",""
"d54925d7-23cb-4d94-8f25-24975ea25da4","RealizationRelationship","","","50e789ac-ac30-44b0-9ba2-cea428934b7e","2361a4df-0117-4d9d-b10a-17e166899ebf",""
"e0b784fe-6951-4c29-b667-93e3de63cfa3","RealizationRelationship","","","d519fdba-7165-41b1-8441-acb51fdebfdb","67b35f81-4196-4508-b2e8-9aba5fc75ffc",""
"9a4d73ab-ffca-4ef9-ab60-dbf231b650ef","RealizationRelationship","","","d519fdba-7165-41b1-8441-acb51fdebfdb","64897b64-c466-4d26-bf3b-9378ffb3759e",""
"58eb9e12-7eb1-4b2f-8514-21e6bc85fb7b","RealizationRelationship","","","7d3526a7-0557-43d1-a44f-bfb9e9372dce","2ec0066b-a59b-4fdf-b9e9-849c82a73264",""
"1ccd3aa1-cdcb-4524-bcd6-455011091c24","RealizationRelationship","","","d10d429a-0036-4050-9c52-fc57a86434be","2ec0066b-a59b-4fdf-b9e9-849c82a73264",""
"f0634389-7af5-4f6e-8bb8-59ee293cddde","RealizationRelationship","","","ec70e9ea-2ba4-48a2-b6cb-5c1710133dc0","ae769441-e6d6-4740-b6ce-095e41c5d2c9",""
"1597bde1-7057-43c1-aea3-59e660675020","RealizationRelationship","","","d10d429a-0036-4050-9c52-fc57a86434be","01d01bd3-fa08-4b8a-867e-419c9b4addb5",""
"c7b6b133-6843-455d-8105-e5a116b48820","RealizationRelationship","","","d10d429a-0036-4050-9c52-fc57a86434be","be5d79de-8b9e-45f8-bcfd-68ac410ea48e",""
"9d7bb0a2-1bf0-4579-a44e-52645cfb4472","RealizationRelationship","","","ec70e9ea-2ba4-48a2-b6cb-5c1710133dc0","b14ed802-67b3-4f9e-960c-697467bf7f48",""
"8def65c3-2cfa-4c06-8735-97fc6b2cb6fd","RealizationRelationship","","","ec70e9ea-2ba4-48a2-b6cb-5c1710133dc0","0ef65001-fa5b-487a-9a3d-92ba052a8ea0",""
"cb6ee122-e784-482f-8535-85884e1c86df","RealizationRelationship","","","cd2d79b0-d93c-479e-8820-10951c4c222e","96c36131-1dcf-483a-b5a7-bfa9184714da",""
"27703f96-72f4-4c75-b9f0-d7a5d3197882","RealizationRelationship","","","d10d429a-0036-4050-9c52-fc57a86434be","96c36131-1dcf-483a-b5a7-bfa9184714da",""
"947cd2e8-e590-4f7b-a099-cf3e4cb0a99c","RealizationRelationship","","","d10d429a-0036-4050-9c52-fc57a86434be","f11deaef-71ed-4277-82d8-5b285a74aa66",""
"256cecc7-cb1c-4b43-864d-c781f763814b","ServingRelationship","","","d9645ec7-be26-4d67-9028-a918c84636ca","fec6c185-b96c-41cb-b812-eb0d7f73ec32",""
"433d71d2-a731-4d52-88bd-8eff826011a0","ServingRelationship","","","e04ddb75-76e9-4ecb-8759-2ca6b30a4997","b52a53b8-d8e0-4292-9e10-c0f21405a8cc",""
"8c13d844-f331-4bb9-8763-024e4e705103","ServingRelationship","","","d9645ec7-be26-4d67-9028-a918c84636ca","fec6c185-b96c-41cb-b812-eb0d7f73ec32",""
"4c4fe638-dad2-49ef-ab98-5b17a441e552","ServingRelationship","","","fbdd8a6a-2399-4057-83c9-d46f2b716948","252eac4f-f1d8-4694-b7c7-c21de25ab25f",""
"ec42cb80-d9ed-4d8d-8a97-f1d0621bdcba","ServingRelationship","","","fbdd8a6a-2399-4057-83c9-d46f2b716948","b4cfeff9-245f-436b-973e-b1da20cf5bab",""
"0c9b6025-b999-45c9-97d2-fbe1e30e3328","ServingRelationship","","","01d01bd3-fa08-4b8a-867e-419c9b4addb5","c5c5bbcf-d48e-4869-803b-26081a38747c",""
"81322948-f886-4659-a10b-e2b4e989f2d2","ServingRelationship","","","8eb06c63-8100-40d4-98f9-182d1fe489de","c3fb1f7d-ec65-4f44-a807-838df218935a",""
"64925b13-fd62-4dbb-8774-db49849ca6b0","ServingRelationship","","","3e392733-c686-428c-8dd2-6a86154601f7","e2f35a92-b228-4255-84fb-3cb9c84a4e58",""
"abbb70b6-899e-4061-93fc-99cf793af0e9","ServingRelationship","","","ab0a6f80-1e8d-4b40-aaeb-7f9a9ecc0446","3f47bc2a-8368-4d5b-b814-3b631dce19ac",""
"adbf98e0-a5bc-4e60-bb45-01a2049a23e2","ServingRelationship","","","9492c59c-a022-41de-9156-395073aeea8f","1485105d-5b91-40e8-b6d9-4883b56be7f9",""
"453b779a-86b7-4357-8bae-a1ede08da992","ServingRelationship","","","d9508538-b257-4133-ab16-fd168e1fe326","889de53f-deed-4247-878f-29368b1a3a2f",""
"33b86dc8-1f31-465e-b8d5-289979dfe6fa","ServingRelationship","","","0ebb8a89-4b69-4281-ab42-3737f76fc9a5","338fc744-9858-48c9-9f04-c63b8c1be6bc",""
"934ffc90-ae6c-43cf-adbe-0ecd262efc76","ServingRelationship","","","c7969c70-a7d1-446a-a8a4-491b4516320d","f2289a21-e15c-493f-b622-9921ce0f20e4",""
"5eea2441-8766-4005-b6d8-c22ea0585acd","ServingRelationship","","","96dfb3b8-14bf-452b-81af-2ad7464254e4","e0613db9-43ff-44d2-915d-5f4f5ad07e7e",""
"44da5d38-b1f4-46e8-8ee7-5e24423f9128","ServingRelationship","","","1884529a-d2c5-47a1-a24d-b5b470cf55bc","6e5ceaab-e48d-4103-b578-19398acc70c0",""
"8b38d2c5-c0c3-4cf7-91db-6f392741ad47","ServingRelationship","","","3572d020-12a9-4b36-a9fa-06bbd7b172c3","186469b0-4a72-4ec1-a7f7-1be2be2fd370",""
"9f8b95cb-9b92-46f5-b816-f06c45d8cbed","ServingRelationship","","","dd9d7ee2-ce80-475f-8fc1-fae976436a0d","102871ea-3d74-4774-bf6f-0f6ab565d0f3",""
"c852ae1d-faac-45a3-8b27-6fb945ab306e","ServingRelationship","","","0211a012-f5b0-4cbf-903c-eab1822553c0","f7663c2b-384c-4014-9d5f-5c03168c4ded",""
"3f61714b-609c-4410-af57-b584d92faf08","ServingRelationship","(2)","","c6f14c73-5730-40e3-a7ad-3de551a91d0d","343551b3-49cf-4752-97f7-b328eda19c4b",""
"c5a9ed65-1508-4680-80ed-a8460d133dba","ServingRelationship","2","","5c3816b6-0dcd-4e19-8165-484408b47977","d90a476e-cf4e-48bb-b819-7184f91dfcd1",""
"23ad726e-8180-4f85-b4f1-8f2a6a6d59cb","ServingRelationship","2","","c131ce10-806b-4381-93d0-199e9f919ea9","7f0f6846-c7f9-43be-84e6-15dc9244dbaa",""
"0ad85bf4-0773-43e6-8348-7647cd9cff68","ServingRelationship","3.b","","be866980-014c-4a27-890c-bc6fa1f61554","fbdaff3a-da2c-48b8-8ca3-ae109e1e3aa2",""
"0cc2b5d0-039a-4431-ae51-94edb1ada64e","ServingRelationship","4. TIMEOUT","","f3bda0e8-f115-430d-811e-30597624cc23","452be971-9ea6-4094-aed6-eb94d8598e71",""
"4a3d226f-de46-47ba-b3fa-61b0625977ba","ServingRelationship","4. TIMEOUT","","b11bd229-98b5-45e5-8cc3-9ad5eb082eaf","d53ad1e5-dc24-4fef-9d7a-98fb12b63689",""
"02c90120-71a3-4709-85f0-4ad28a56a9e7","ServingRelationship","4. TIMEOUT","","4243ec02-aead-4c41-92cd-c031d929205f","6ea1e0f8-5e69-43e6-b9c3-556238b1634d",""
"c0d7e477-210d-4226-90d3-945ba06d1db9","ServingRelationship","SMPP","","5b249fa5-15ed-4845-9da9-041d0782acb0","7dcd44d3-45a7-4387-b300-3e5f0fd86da5",""
"c615289b-e090-40f7-8001-38eff8c36ae8","TriggeringRelationship","","","fec6c185-b96c-41cb-b812-eb0d7f73ec32","663aae74-fc43-409e-9448-f9b21cfb9d21",""
"3e9c5a1a-872b-4d05-9072-711a895d8829","TriggeringRelationship","","","a212eab5-6816-4f41-a88d-aa7cd7020400","ae769441-e6d6-4740-b6ce-095e41c5d2c9",""
"e6d059ce-652e-4250-80ca-f1a5acf8f7fc","TriggeringRelationship","","","2ba8c23c-fd8d-4961-aaba-90665984432c","776d6ab8-6cf0-48f2-9443-f031daae4cf6",""
"433547b7-90c7-4973-b04c-5c0ffae80591","TriggeringRelationship","","","776d6ab8-6cf0-48f2-9443-f031daae4cf6","663aae74-fc43-409e-9448-f9b21cfb9d21",""
"c9530adf-f55c-4b63-902c-ac0f262f71d0","TriggeringRelationship","","","476bf067-a0c3-4c3a-b05e-617ebc1a5de6","d9645ec7-be26-4d67-9028-a918c84636ca",""
"e3545364-699c-4a70-8f22-6fdbba41a667","TriggeringRelationship","","","08eff60d-2e68-4d97-9750-95e2b651cc91","e29dc5f5-c292-44ed-ac5c-fa7ab3b74d02",""
"d580d44a-68a2-4775-a599-b0bd3dec7559","TriggeringRelationship","","","6dc397c0-bf8c-4cb7-bc65-fba970757113","035719e2-b3b5-4463-9437-e3d87c8637b4",""
"58e988e9-e075-4141-861a-20d0731d3773","TriggeringRelationship","","","2ba8c23c-fd8d-4961-aaba-90665984432c","6dc397c0-bf8c-4cb7-bc65-fba970757113",""
"12d7d4da-f9d9-4c2a-ae59-ddd162369eea","TriggeringRelationship","","","e29dc5f5-c292-44ed-ac5c-fa7ab3b74d02","50e789ac-ac30-44b0-9ba2-cea428934b7e",""
"e930267e-5d4a-41cf-a391-711f7b0b88d2","TriggeringRelationship","","","035719e2-b3b5-4463-9437-e3d87c8637b4","50e789ac-ac30-44b0-9ba2-cea428934b7e",""
"8fddb3f7-9942-4419-aa00-c242b78d226f","TriggeringRelationship","","","50e789ac-ac30-44b0-9ba2-cea428934b7e","64ae5e3d-cb19-4c6e-b933-87ff936e55fe",""
"46878777-8eea-40f9-80e4-7075171a185e","TriggeringRelationship","","","64ae5e3d-cb19-4c6e-b933-87ff936e55fe","776d6ab8-6cf0-48f2-9443-f031daae4cf6",""
"66d9e494-e514-4c8d-844f-069b35301905","TriggeringRelationship","","","64ae5e3d-cb19-4c6e-b933-87ff936e55fe","476bf067-a0c3-4c3a-b05e-617ebc1a5de6",""
"db4523d2-c849-475c-bb4a-6a2d95499ccf","TriggeringRelationship","","","a8ee766c-93b4-49ea-a691-463d03333054","0ac16dfb-9a74-4cbc-a261-018b18ca12d4",""
"4a097c55-6b54-46da-98f4-ed9ec9f34595","TriggeringRelationship","","","a8ee766c-93b4-49ea-a691-463d03333054","2de460a4-9b6d-41fa-8067-e5302c8711db",""
"52419e63-7d29-4966-9614-c6222c5bc330","TriggeringRelationship","","","b52a53b8-d8e0-4292-9e10-c0f21405a8cc","2de460a4-9b6d-41fa-8067-e5302c8711db",""
"583b489e-187d-44a9-bdfd-315e8b0e4b3b","TriggeringRelationship","","","b52a53b8-d8e0-4292-9e10-c0f21405a8cc","e5a4c1e2-fcd7-40f4-a716-049443b6a73a",""
"ec785200-04b7-400f-a1d3-00b7a3565ddd","TriggeringRelationship","","","2e1f10ea-6e42-4923-9475-8e380fcdb68d","2ec0066b-a59b-4fdf-b9e9-849c82a73264",""
"97475ef3-cd4f-4935-8b18-45402fa86ad4","TriggeringRelationship","","","ae769441-e6d6-4740-b6ce-095e41c5d2c9","2e1f10ea-6e42-4923-9475-8e380fcdb68d",""
"5135e391-5cde-4aea-8cef-57b25ca84eb8","TriggeringRelationship","","","2ba8c23c-fd8d-4961-aaba-90665984432c","c9c3ceb6-85f5-4261-90ed-2ded8c9479d3",""
"0ae209b6-b375-428b-9238-2bc446d01807","TriggeringRelationship","","","035719e2-b3b5-4463-9437-e3d87c8637b4","399f5f92-9f01-41f8-b6c9-2308b5f6387f",""
"c9772e0b-bd27-4c43-a223-0444acb0e53e","TriggeringRelationship","","","b14ed802-67b3-4f9e-960c-697467bf7f48","fec6c185-b96c-41cb-b812-eb0d7f73ec32",""
"d13d0a4f-3282-498f-8cf9-5900c42a884c","TriggeringRelationship","","","2361a4df-0117-4d9d-b10a-17e166899ebf","01d01bd3-fa08-4b8a-867e-419c9b4addb5",""
"64925000-7e55-4f9e-8aca-6cc55f6cbe63","TriggeringRelationship","","","f11deaef-71ed-4277-82d8-5b285a74aa66","43e0b0e0-ce7a-4134-a2e9-54596a8159ff",""
"d1492b87-e656-45bc-b45c-587161777646","TriggeringRelationship","","","43e0b0e0-ce7a-4134-a2e9-54596a8159ff","96c36131-1dcf-483a-b5a7-bfa9184714da",""
"2b2a665b-93c9-4374-8a25-d9240d593ac9","TriggeringRelationship","","","ab64ba5e-f87d-4164-ae4a-20f84089cec9","b52a53b8-d8e0-4292-9e10-c0f21405a8cc",""
"2157bf2f-46bb-4b33-bc1f-970a09bdef99","TriggeringRelationship","","","b52a53b8-d8e0-4292-9e10-c0f21405a8cc","035719e2-b3b5-4463-9437-e3d87c8637b4",""
"b112035f-d038-4871-a425-5da42e7f2e1c","TriggeringRelationship","","","399f5f92-9f01-41f8-b6c9-2308b5f6387f","2de460a4-9b6d-41fa-8067-e5302c8711db",""
"7c79b67b-ad4a-4824-9114-8f013e37fda8","TriggeringRelationship","","","96370e15-51f5-4093-926d-3bfeaffb613c","b14ed802-67b3-4f9e-960c-697467bf7f48",""
"0edaff3a-0528-4ddd-a782-2e6f061ce976","TriggeringRelationship","","","2de460a4-9b6d-41fa-8067-e5302c8711db","663aae74-fc43-409e-9448-f9b21cfb9d21",""
"8153dd59-c2e6-4a23-9101-4c92acf368f9","TriggeringRelationship","","","43e0b0e0-ce7a-4134-a2e9-54596a8159ff","be5d79de-8b9e-45f8-bcfd-68ac410ea48e",""
"c91fdbaf-4f07-40c5-9bd4-954f5e00bcd2","TriggeringRelationship","","","035719e2-b3b5-4463-9437-e3d87c8637b4","96370e15-51f5-4093-926d-3bfeaffb613c",""
"8949a7ff-0541-4837-a474-c11676d17a64","TriggeringRelationship","","","0ef65001-fa5b-487a-9a3d-92ba052a8ea0","663aae74-fc43-409e-9448-f9b21cfb9d21",""
"33409cea-22a1-423f-b606-b906cb03b7cb","TriggeringRelationship","","","e04ddb75-76e9-4ecb-8759-2ca6b30a4997","0ef65001-fa5b-487a-9a3d-92ba052a8ea0",""
"7a412bf9-524d-460f-9fc3-dee47635cc34","TriggeringRelationship","","","fec6c185-b96c-41cb-b812-eb0d7f73ec32","663aae74-fc43-409e-9448-f9b21cfb9d21",""
"01dc97cc-dbd2-411a-a047-6ecb79414e46","TriggeringRelationship","","","fec6c185-b96c-41cb-b812-eb0d7f73ec32","663aae74-fc43-409e-9448-f9b21cfb9d21",""
"b939e099-42ef-45c3-a7dc-a23fea1cfcde","TriggeringRelationship","","","0b376b40-d6fa-4ac7-b30c-493f879c9e10","43e0b0e0-ce7a-4134-a2e9-54596a8159ff",""
"5d936e79-688b-4c26-8bd3-1ae5b8f1df6d","TriggeringRelationship","","","be5d79de-8b9e-45f8-bcfd-68ac410ea48e","96370e15-51f5-4093-926d-3bfeaffb613c",""
"716e8b40-600d-48ef-aef6-9e6e5cb598b7","TriggeringRelationship","","","96c36131-1dcf-483a-b5a7-bfa9184714da","e04ddb75-76e9-4ecb-8759-2ca6b30a4997",""
"013b9f6e-aeec-4f47-b70b-bf809aa46347","TriggeringRelationship","","","2ec0066b-a59b-4fdf-b9e9-849c82a73264","2361a4df-0117-4d9d-b10a-17e166899ebf",""
"8c734eab-d760-4d52-87a5-3bf42bd32276","TriggeringRelationship","","","67b35f81-4196-4508-b2e8-9aba5fc75ffc","a212eab5-6816-4f41-a88d-aa7cd7020400",""
"4f91d2dc-de69-4468-aa9f-72a17c0d169b","TriggeringRelationship","","","64897b64-c466-4d26-bf3b-9378ffb3759e","a212eab5-6816-4f41-a88d-aa7cd7020400",""
"c4a5a52e-e893-43d0-9522-cf5703f810df","TriggeringRelationship","","","286b9b50-1c7b-4de5-81cf-8d8c185f0f05","2e1f10ea-6e42-4923-9475-8e380fcdb68d",""
"ae9a5e59-8107-4550-9877-24a12d6bebd3","TriggeringRelationship","","","663aae74-fc43-409e-9448-f9b21cfb9d21","fec6c185-b96c-41cb-b812-eb0d7f73ec32",""
"be59dea4-88c2-454c-a6b8-0bd0cd85629e","TriggeringRelationship","","","d9645ec7-be26-4d67-9028-a918c84636ca","fec6c185-b96c-41cb-b812-eb0d7f73ec32",""
"766387c2-bdd7-4fe7-9740-2693d8e25c8f","TriggeringRelationship","","","fec6c185-b96c-41cb-b812-eb0d7f73ec32","d9645ec7-be26-4d67-9028-a918c84636ca",""
"0a1bcc50-c1e9-4424-adb1-9fbd1ba08977","TriggeringRelationship","","","2361a4df-0117-4d9d-b10a-17e166899ebf","f11deaef-71ed-4277-82d8-5b285a74aa66",""
"955a6ebb-d827-4e69-b735-ae0b789baab9","TriggeringRelationship","","","952627df-6bb8-437a-a436-3088d4f40928","e94d5bc2-0e74-4a3d-a4ae-b464849bb9c5",""
"8cc22b51-eb49-4433-bb09-b84ee7a2959d","TriggeringRelationship","","","53d2c4bf-86b8-4cdc-9d89-1632a030190f","96aa2050-3370-4a3a-90b7-ad7dc8bdde08",""
"5cb01a04-1b63-4e76-999c-57f901db539d","TriggeringRelationship","","","53d2c4bf-86b8-4cdc-9d89-1632a030190f","793095cf-9444-4936-b01d-61e4b1159d15",""
"15d96498-3fc4-450b-a00a-55e4bd6f2589","TriggeringRelationship","","","672b3c3b-6da4-4af5-b284-d9fa99f54b30","53d2c4bf-86b8-4cdc-9d89-1632a030190f",""
"051adc01-2a47-47de-8a1a-9fe9c91461b2","TriggeringRelationship","","","e94d5bc2-0e74-4a3d-a4ae-b464849bb9c5","c96a716d-0df1-4be9-bdd9-8fc019e07673",""
"dc483128-804d-4f48-85d3-ecde846157a1","TriggeringRelationship","","","c96a716d-0df1-4be9-bdd9-8fc019e07673","672b3c3b-6da4-4af5-b284-d9fa99f54b30",""
"bcde426c-d624-4079-a179-983357f09dee","TriggeringRelationship","","","dcb74346-c3b1-405c-a8b1-8a45de83c450","4775b8ee-1533-4bd6-aa91-f413ebe76f75",""
"2a2a1ba8-f552-422f-80da-4ba32c3428a0","TriggeringRelationship","","","4775b8ee-1533-4bd6-aa91-f413ebe76f75","c96a716d-0df1-4be9-bdd9-8fc019e07673",""
"db26597f-6b99-4536-8cff-dc899acd6847","TriggeringRelationship","","","53d2c4bf-86b8-4cdc-9d89-1632a030190f","952627df-6bb8-437a-a436-3088d4f40928",""
"9f82f758-e81d-4e22-8c50-c17ed20e254f","TriggeringRelationship","","","952627df-6bb8-437a-a436-3088d4f40928","e94d5bc2-0e74-4a3d-a4ae-b464849bb9c5",""
"0602663c-e55c-4362-95db-1e254bd00663","TriggeringRelationship","","","96aa2050-3370-4a3a-90b7-ad7dc8bdde08","952627df-6bb8-437a-a436-3088d4f40928",""
"65399294-5a43-42cc-b8d6-227ac6bd67de","TriggeringRelationship","","","793095cf-9444-4936-b01d-61e4b1159d15","952627df-6bb8-437a-a436-3088d4f40928",""
"961dfa68-b5ee-4fc2-8c2a-0270c50b4bdc","TriggeringRelationship","","","966d9e46-ed05-407b-9f16-1861a34f17c5","f4e1231e-af15-428f-af0e-067c67797cc4",""
"407fe258-0545-49c3-ae15-5e1ce7df68b2","TriggeringRelationship","","","2f3dbb04-559a-47ec-84c5-7900390a7714","7e60ba31-aaab-4ab8-ae5a-133560446cf6",""
"dcdac3f7-6cd9-49bb-90f3-9b55ec1ddc2d","TriggeringRelationship","","","7dcd44d3-45a7-4387-b300-3e5f0fd86da5","966d9e46-ed05-407b-9f16-1861a34f17c5",""
"57f69a0c-cb3a-48f5-a770-db32758c7eb3","TriggeringRelationship","","","7dcd44d3-45a7-4387-b300-3e5f0fd86da5","982dd379-1e1f-41a9-b834-5fda13386481",""
"257079b3-1f8f-488c-a6db-f5ed156195d7","TriggeringRelationship","","","5726fb6a-c4b0-4514-b1a2-5b890c9e0a2e","966d9e46-ed05-407b-9f16-1861a34f17c5",""
"a2cfaa56-86f1-4fdd-9ee3-6b2f4c6018ad","TriggeringRelationship","","","966d9e46-ed05-407b-9f16-1861a34f17c5","f4e1231e-af15-428f-af0e-067c67797cc4",""
"5fd61946-9872-47b5-8d19-097b26c319ed","TriggeringRelationship","","","982dd379-1e1f-41a9-b834-5fda13386481","966d9e46-ed05-407b-9f16-1861a34f17c5",""
"31540ef6-2737-43ef-8080-78b3bcb06abb","TriggeringRelationship","","","7dcd44d3-45a7-4387-b300-3e5f0fd86da5","5726fb6a-c4b0-4514-b1a2-5b890c9e0a2e",""
"fd56aa33-d5f2-405a-8321-d6966bfc4f5d","TriggeringRelationship","","","6fb2b0c1-08a2-4ce6-a22f-46f79cafa934","46270f6e-b141-4870-a54b-e65f1f292c28",""
"d375041e-e902-479d-b34e-189757029e86","TriggeringRelationship","","","d1a1f6fa-6901-4311-92be-f0f7828c5d21","e96e7525-602f-4ad8-879a-bcf88012cac5",""
"4fd749e5-be8f-4bc7-a7a8-fa34cce2085f","TriggeringRelationship","","","c3fb1f7d-ec65-4f44-a807-838df218935a","6fb2b0c1-08a2-4ce6-a22f-46f79cafa934",""
"c85130a5-06e1-49f5-8baf-cfc2de5a5e57","TriggeringRelationship","","","c3fb1f7d-ec65-4f44-a807-838df218935a","70473fc6-5e00-4696-a8de-0163553a133f",""
"aa296a13-3f36-4555-990e-f2bcb352a371","TriggeringRelationship","","","5747e9c6-b44e-427f-8c47-b17811ba3189","6fb2b0c1-08a2-4ce6-a22f-46f79cafa934",""
"d90b5755-27c0-4551-8c3c-fc687e628447","TriggeringRelationship","","","6fb2b0c1-08a2-4ce6-a22f-46f79cafa934","46270f6e-b141-4870-a54b-e65f1f292c28",""
"eb073ae6-2b92-478b-8ecf-a448ecefa3a5","TriggeringRelationship","","","70473fc6-5e00-4696-a8de-0163553a133f","6fb2b0c1-08a2-4ce6-a22f-46f79cafa934",""
"38731e29-6210-4615-bfa6-91506408520e","TriggeringRelationship","","","c3fb1f7d-ec65-4f44-a807-838df218935a","5747e9c6-b44e-427f-8c47-b17811ba3189",""
"db506a72-838b-41d6-aa6e-c0fb8bbab0d8","TriggeringRelationship","","","6027e267-9e23-473b-9458-6cce14a93db1","f435d97b-3f15-41d4-8d6a-f3734dbefa2a",""
"1f9caadd-7498-4569-999a-22105253d745","TriggeringRelationship","","","5f5ce3e1-0349-44a3-b1dd-15781e725e1e","c8cbdbdd-4782-400e-ad40-ffd5e61bb632",""
"f0b5e349-f7a0-42c0-8c05-99b2183dee2f","TriggeringRelationship","","","e2f35a92-b228-4255-84fb-3cb9c84a4e58","6027e267-9e23-473b-9458-6cce14a93db1",""
"74643bb7-e851-4771-af62-d67fb5e73c50","TriggeringRelationship","","","e2f35a92-b228-4255-84fb-3cb9c84a4e58","f6ea3bda-d8a6-43ec-b2c3-6fe8fbb13050",""
"f303ad26-5dd4-4832-abfe-8ff6b3587e5d","TriggeringRelationship","","","f685ea25-0a2d-4114-b424-f7f1ee2a1438","6027e267-9e23-473b-9458-6cce14a93db1",""
"d418f687-9a17-4405-b2f5-2dbe8c33b03e","TriggeringRelationship","","","6027e267-9e23-473b-9458-6cce14a93db1","f435d97b-3f15-41d4-8d6a-f3734dbefa2a",""
"cb25cc6d-5efa-4de5-9dc1-565fcca6cfb5","TriggeringRelationship","","","f6ea3bda-d8a6-43ec-b2c3-6fe8fbb13050","6027e267-9e23-473b-9458-6cce14a93db1",""
"cec646f3-43bb-450e-bb00-95677775f302","TriggeringRelationship","","","e2f35a92-b228-4255-84fb-3cb9c84a4e58","f685ea25-0a2d-4114-b424-f7f1ee2a1438",""
"9674b467-4188-442c-a37c-d342daa40158","TriggeringRelationship","","","5b2e68b0-c7e2-4511-ba49-063ddbfb4a1e","9dbb9ea1-8adf-4242-8d4b-c2b1f043ee09",""
"03ed065e-6d92-4cd3-99af-c41efd88664c","TriggeringRelationship","","","53382ec9-cdb3-454e-b09e-4fd829fd514c","8ee3c372-0a0e-4d17-816b-4fde29799680",""
"cb8fc129-2b53-4988-8f75-a9e5e1850ce6","TriggeringRelationship","","","3f47bc2a-8368-4d5b-b814-3b631dce19ac","5b2e68b0-c7e2-4511-ba49-063ddbfb4a1e",""
"125cf8b8-60a0-45f4-bcd5-7aa4fdf4f574","TriggeringRelationship","","","3f47bc2a-8368-4d5b-b814-3b631dce19ac","15918c92-8ba9-4a79-b5ce-8b1fcfd3fe3c",""
"896fad55-7625-4f9b-b3d9-2849886348af","TriggeringRelationship","","","7182ce92-7efd-43c2-9a2f-0e6c79d9a5bf","5b2e68b0-c7e2-4511-ba49-063ddbfb4a1e",""
"8354ded4-2e41-4d02-b84f-89c5a9c0a133","TriggeringRelationship","","","5b2e68b0-c7e2-4511-ba49-063ddbfb4a1e","9dbb9ea1-8adf-4242-8d4b-c2b1f043ee09",""
"ce0845e5-8bd2-40cf-b374-0df4bd60f8f0","TriggeringRelationship","","","15918c92-8ba9-4a79-b5ce-8b1fcfd3fe3c","5b2e68b0-c7e2-4511-ba49-063ddbfb4a1e",""
"9ada3824-c3bb-4365-b691-90fbf368e931","TriggeringRelationship","","","3f47bc2a-8368-4d5b-b814-3b631dce19ac","7182ce92-7efd-43c2-9a2f-0e6c79d9a5bf",""
"16f9fef7-21d2-4fcb-ae50-578f5f34d38b","TriggeringRelationship","","","6fa92857-6d84-4e7a-b91d-b1e20649e90e","c76b5f42-e5c1-4923-9e69-4272d33c0ea6",""
"219b1243-08df-4203-871b-70390bc2545b","TriggeringRelationship","","","225466cf-ba52-4c11-b80b-b30fb70d5a26","c3f5f896-7115-4346-9ec1-8ebb5628d5bc",""
"a83e66f6-928c-4f8b-8b00-20b837878dd8","TriggeringRelationship","","","1485105d-5b91-40e8-b6d9-4883b56be7f9","6fa92857-6d84-4e7a-b91d-b1e20649e90e",""
"f9a2b24b-4f5d-41f5-a404-681e91f1b7fc","TriggeringRelationship","","","1485105d-5b91-40e8-b6d9-4883b56be7f9","d355f10a-0cd3-4349-852f-8e392448a549",""
"72fb5139-43f2-40b7-b8a6-340ea98a98f5","TriggeringRelationship","","","f37de450-54d2-45cf-acf1-e5d6b1abbb31","6fa92857-6d84-4e7a-b91d-b1e20649e90e",""
"9d178132-1045-4e5c-a454-a8c1ebf68899","TriggeringRelationship","","","6fa92857-6d84-4e7a-b91d-b1e20649e90e","c76b5f42-e5c1-4923-9e69-4272d33c0ea6",""
"2503fbc5-b2c4-46e2-8a9a-f7e77a5fb7e4","TriggeringRelationship","","","d355f10a-0cd3-4349-852f-8e392448a549","6fa92857-6d84-4e7a-b91d-b1e20649e90e",""
"5aa82c9f-d4ef-4c4d-a5bf-eec2395c14c0","TriggeringRelationship","","","1485105d-5b91-40e8-b6d9-4883b56be7f9","f37de450-54d2-45cf-acf1-e5d6b1abbb31",""
"e693b203-8770-4071-9899-63cec0b6b51b","TriggeringRelationship","","","0b31bc08-61b8-4a8f-807f-1d72a3164192","226daf56-7571-4003-bfe8-0bd6b1125cbd",""
"a0dcf1fe-d4c9-42d0-b574-d4b9197734c7","TriggeringRelationship","","","226daf56-7571-4003-bfe8-0bd6b1125cbd","44a54cbc-c783-48f4-bea6-a35d8bb02cc1",""
"990f5278-0848-47d4-9677-27aba5033783","TriggeringRelationship","","","226daf56-7571-4003-bfe8-0bd6b1125cbd","d9508538-b257-4133-ab16-fd168e1fe326",""
"ec18952b-f8a3-42b2-b899-94e9a1c2ae1e","TriggeringRelationship","","","0b31bc08-61b8-4a8f-807f-1d72a3164192","226daf56-7571-4003-bfe8-0bd6b1125cbd",""
"ce830fda-4104-465f-8054-68fd9c2e8b97","TriggeringRelationship","","","44a54cbc-c783-48f4-bea6-a35d8bb02cc1","0b31bc08-61b8-4a8f-807f-1d72a3164192",""
"3599a42d-a1a2-499d-b81b-d3a75d3cafe1","TriggeringRelationship","","","226daf56-7571-4003-bfe8-0bd6b1125cbd","d9508538-b257-4133-ab16-fd168e1fe326",""
"bb98d1dc-eeb1-42e9-9e67-bc8a4ba6b506","TriggeringRelationship","","","226daf56-7571-4003-bfe8-0bd6b1125cbd","d9508538-b257-4133-ab16-fd168e1fe326",""
"2cc754c5-95df-4c3e-8a6d-3bda44c10fdf","TriggeringRelationship","","","d9508538-b257-4133-ab16-fd168e1fe326","889de53f-deed-4247-878f-29368b1a3a2f",""
"8631a3d1-573d-4dac-b1f9-6d694ae72309","TriggeringRelationship","","","226daf56-7571-4003-bfe8-0bd6b1125cbd","0b31bc08-61b8-4a8f-807f-1d72a3164192",""
"f5031bee-c37a-48b5-9f35-8730c01b7206","TriggeringRelationship","","","d9508538-b257-4133-ab16-fd168e1fe326","889de53f-deed-4247-878f-29368b1a3a2f",""
"26b50b1e-747c-4ee2-8ad3-1bdd4dcc4139","TriggeringRelationship","","","889de53f-deed-4247-878f-29368b1a3a2f","44a54cbc-c783-48f4-bea6-a35d8bb02cc1",""
"7aef66b1-b424-42a8-9d4d-120fd08119b0","TriggeringRelationship","","","0b31bc08-61b8-4a8f-807f-1d72a3164192","226daf56-7571-4003-bfe8-0bd6b1125cbd",""
"eddd58ef-9926-4a78-b153-02d7d2c240d5","TriggeringRelationship","","","343551b3-49cf-4752-97f7-b328eda19c4b","abdc665f-2c35-4552-be31-c2f131cf9339",""
"615034cc-c63c-43d7-8e19-edf4f8e1b8d6","TriggeringRelationship","","","abdc665f-2c35-4552-be31-c2f131cf9339","c6f14c73-5730-40e3-a7ad-3de551a91d0d",""
"3f1c7ae6-9336-470b-be99-d7400bee6edd","TriggeringRelationship","","","abdc665f-2c35-4552-be31-c2f131cf9339","0ebb8a89-4b69-4281-ab42-3737f76fc9a5",""
"963e1200-b039-4f68-885c-0109182811cd","TriggeringRelationship","","","343551b3-49cf-4752-97f7-b328eda19c4b","abdc665f-2c35-4552-be31-c2f131cf9339",""
"4e96af9d-9940-4fdc-aa24-764a6604016f","TriggeringRelationship","","","abdc665f-2c35-4552-be31-c2f131cf9339","0ebb8a89-4b69-4281-ab42-3737f76fc9a5",""
"259fcc3c-cb60-4982-bebd-c72db30f747d","TriggeringRelationship","","","abdc665f-2c35-4552-be31-c2f131cf9339","0ebb8a89-4b69-4281-ab42-3737f76fc9a5",""
"3efe1214-384e-41bf-8e0a-685ab5a90a96","TriggeringRelationship","","","0ebb8a89-4b69-4281-ab42-3737f76fc9a5","338fc744-9858-48c9-9f04-c63b8c1be6bc",""
"c991f0c9-a001-4aa5-aa66-fa1da3f09dc8","TriggeringRelationship","","","abdc665f-2c35-4552-be31-c2f131cf9339","343551b3-49cf-4752-97f7-b328eda19c4b",""
"92b7cc5f-fbe5-4843-9ea9-146565edfc35","TriggeringRelationship","","","0ebb8a89-4b69-4281-ab42-3737f76fc9a5","338fc744-9858-48c9-9f04-c63b8c1be6bc",""
"ce908215-1c70-4d46-90d3-4d422f29920d","TriggeringRelationship","","","338fc744-9858-48c9-9f04-c63b8c1be6bc","c6f14c73-5730-40e3-a7ad-3de551a91d0d",""
"a38f8e3f-08c9-4c82-99ed-670a72c8941a","TriggeringRelationship","","","343551b3-49cf-4752-97f7-b328eda19c4b","abdc665f-2c35-4552-be31-c2f131cf9339",""
"2cdbd23b-2321-445a-b3ce-54ccf86191ae","TriggeringRelationship","","","b748020b-377b-4825-a6d6-761b96469214","2a338a67-44ea-4675-8012-c8cf6177f304",""
"688e4ee0-5c41-4692-9f72-7cba94893e15","TriggeringRelationship","","","22b00f40-8343-487e-ab71-9d31c9fd48ca","ab27bbde-1cbf-4fcb-b01c-59e35f3246be",""
"70b1607c-ac50-4585-8413-ffba08e01d9a","TriggeringRelationship","","","6e2a3006-5d1f-4fb1-8c93-f5a0069a51b0","84dfa780-024a-4c48-88b8-01eae4c6a036",""
"061769a3-a8e0-4663-9764-fd13b471815c","TriggeringRelationship","","","ab27bbde-1cbf-4fcb-b01c-59e35f3246be","ed5439b1-4604-4397-8632-bd3b3a302c63",""
"df820cfb-4afe-4317-8bad-34165b55ce2f","TriggeringRelationship","","","f2289a21-e15c-493f-b622-9921ce0f20e4","ab27bbde-1cbf-4fcb-b01c-59e35f3246be",""
"6589b20d-4f1d-4310-aded-10315286d081","TriggeringRelationship","","","ab27bbde-1cbf-4fcb-b01c-59e35f3246be","ed5439b1-4604-4397-8632-bd3b3a302c63",""
"0f1f16bb-2800-443e-8632-76da02efa32d","TriggeringRelationship","","","3edf97f3-f4a6-4dde-8130-3049d9f93246","ab27bbde-1cbf-4fcb-b01c-59e35f3246be",""
"82c68f08-ebf2-4b50-8a3d-65a2e7b3485b","TriggeringRelationship","","","f2289a21-e15c-493f-b622-9921ce0f20e4","3edf97f3-f4a6-4dde-8130-3049d9f93246",""
"83d24d0b-d194-43ff-a5c9-11de70316f4e","TriggeringRelationship","","","ef3eca3d-76a1-4cdf-bc52-fde9c2e8a249","826b2962-1b31-44e8-8031-91bcbbc73c4f",""
"a5f518cc-c2b8-4556-b8f4-02f89cb51151","TriggeringRelationship","","","f2289a21-e15c-493f-b622-9921ce0f20e4","22b00f40-8343-487e-ab71-9d31c9fd48ca",""
"36154e17-75a5-4b72-a54e-1ee2c8260775","TriggeringRelationship","","","2db05c8b-2703-443e-93fa-54c9cb1456d8","82103b78-404d-4987-ba0b-bc6adde694d4",""
"918f658a-80be-49ff-b77c-c238ea5a701f","TriggeringRelationship","","","f48eba18-d7de-45d1-aef2-af3815581f69","7f44f06d-006e-4dbc-9caa-696f973cb370",""
"2283f594-fb87-4fed-8975-8a8ba08d7c47","TriggeringRelationship","","","82103b78-404d-4987-ba0b-bc6adde694d4","17b430f7-2062-458b-90b9-812520b05515",""
"c6ad8b8b-f682-4a20-967a-7205dcb092e1","TriggeringRelationship","","","e0613db9-43ff-44d2-915d-5f4f5ad07e7e","82103b78-404d-4987-ba0b-bc6adde694d4",""
"fb6e6906-f39f-421e-9977-1b2ba1096f56","TriggeringRelationship","","","82103b78-404d-4987-ba0b-bc6adde694d4","17b430f7-2062-458b-90b9-812520b05515",""
"1076fe7f-78ab-4eda-aec4-a4892638b2fd","TriggeringRelationship","","","b332284c-6037-41d0-ba41-6a5238094930","82103b78-404d-4987-ba0b-bc6adde694d4",""
"ff40a161-01e7-42f9-928b-c0e907449fd8","TriggeringRelationship","","","e0613db9-43ff-44d2-915d-5f4f5ad07e7e","b332284c-6037-41d0-ba41-6a5238094930",""
"9bd9d851-5974-4bdc-9322-9fb0c6c2a61d","TriggeringRelationship","","","e51e3dc9-3a64-4282-bd83-c0bf50f8d00b","9d75f3b2-79a9-4b8e-8498-c974cc5c4f67",""
"40a9d7cb-169e-4143-94dc-a6bd430d496b","TriggeringRelationship","","","e0613db9-43ff-44d2-915d-5f4f5ad07e7e","2db05c8b-2703-443e-93fa-54c9cb1456d8",""
"6a9da788-731d-4c9f-ad12-eea7f22230a6","TriggeringRelationship","","","8370547a-875d-418a-b30b-94b1d189c311","96dfb3b8-14bf-452b-81af-2ad7464254e4",""
"bbc3a4dc-51d8-400d-ba16-20346be8518f","TriggeringRelationship","","","207b3735-93e6-4ce9-812a-8f60469eb1c0","e0613db9-43ff-44d2-915d-5f4f5ad07e7e",""
"69dddc43-b99a-472f-8dd0-c0b32d40a713","TriggeringRelationship","","","207b3735-93e6-4ce9-812a-8f60469eb1c0","e51e3dc9-3a64-4282-bd83-c0bf50f8d00b",""
"1cea0797-23c1-4027-a85d-e8c83cfb766e","TriggeringRelationship","","","efa1947e-f59d-4682-9e14-919592f9049d","9e41afb8-bac0-4ef1-8949-373d8b1a7de2",""
"f0f1d2b7-e969-4fc9-8609-46475bbcbf6f","TriggeringRelationship","","","efa1947e-f59d-4682-9e14-919592f9049d","7182ce92-7efd-43c2-9a2f-0e6c79d9a5bf",""
"e6469eda-b3e5-4695-8e8a-a2807bff99e9","TriggeringRelationship","","","027e300e-f5c1-4b1e-8d58-0b6d8f9f8596","3c970e3a-2f5c-420e-9f07-40c8d8b11f98",""
"4e13d581-bbb6-486c-b0ea-4529e3d1234e","TriggeringRelationship","","","cfd1a9c3-b807-441e-9ce3-e1ca24baea84","c0e20b26-2123-4515-ba32-4c5d3ae551fb",""
"7f09d65f-958b-4da8-9a62-2cb4fa325d69","TriggeringRelationship","","","fd7ffe30-bfa2-4295-a328-69695dd95144","73168eb4-9f88-441e-bbcd-5b681e54a556",""
"5471dd0d-a39d-4a40-a1ac-42a2f8ce86c7","TriggeringRelationship","","","6e5ceaab-e48d-4103-b578-19398acc70c0","cfd1a9c3-b807-441e-9ce3-e1ca24baea84",""
"2f140c4e-ce18-4af1-a5c7-1ed012bd02ce","TriggeringRelationship","","","6e5ceaab-e48d-4103-b578-19398acc70c0","06c81834-f77a-4668-9884-db5d4ba49336",""
"5052bb34-570a-418d-9447-fa4a1bfe6423","TriggeringRelationship","","","0ea7bcbd-338b-4e77-8d0c-0458c4aa14a2","cfd1a9c3-b807-441e-9ce3-e1ca24baea84",""
"4b3fc446-d4d1-4076-80c7-abde00566b26","TriggeringRelationship","","","cfd1a9c3-b807-441e-9ce3-e1ca24baea84","c0e20b26-2123-4515-ba32-4c5d3ae551fb",""
"89a6d6d2-8a22-4dc0-bb0c-d65f08aed253","TriggeringRelationship","","","06c81834-f77a-4668-9884-db5d4ba49336","cfd1a9c3-b807-441e-9ce3-e1ca24baea84",""
"8e5b4a41-d64d-478f-a674-0f5dedcabf43","TriggeringRelationship","","","6e5ceaab-e48d-4103-b578-19398acc70c0","0ea7bcbd-338b-4e77-8d0c-0458c4aa14a2",""
"fa1d8dc7-64e5-4a3d-a6ca-4d9f44b28c23","TriggeringRelationship","","","44877adc-d124-47df-911d-d3b3b2eae151","7313d7f0-4c9f-43df-bb1e-bd81801a5e83",""
"5237533a-4268-4c7b-8502-f5265e5a4cc8","TriggeringRelationship","","","bb2a3677-8ebf-4bf0-b5a1-16cdda1bf0f6","87082329-4df3-43a8-92ff-e17c0dc886c0",""
"5cfc4a60-8bd9-4efc-8d1e-77c83e9eeec4","TriggeringRelationship","","","186469b0-4a72-4ec1-a7f7-1be2be2fd370","44877adc-d124-47df-911d-d3b3b2eae151",""
"5bcd3d62-975c-4cb2-82ed-cfd41354a5ce","TriggeringRelationship","","","186469b0-4a72-4ec1-a7f7-1be2be2fd370","c0f91f52-4d9f-4b1d-a8e2-9c34744da79b",""
"915026e3-b38f-465b-8368-a7191cf40adc","TriggeringRelationship","","","e4eb43d0-c97d-4834-baba-3d98eae5d638","44877adc-d124-47df-911d-d3b3b2eae151",""
"92fee5f6-3246-4f14-a73b-92d63e7182ad","TriggeringRelationship","","","44877adc-d124-47df-911d-d3b3b2eae151","7313d7f0-4c9f-43df-bb1e-bd81801a5e83",""
"35710507-73aa-499d-81c7-e96c92b5dcb5","TriggeringRelationship","","","c0f91f52-4d9f-4b1d-a8e2-9c34744da79b","44877adc-d124-47df-911d-d3b3b2eae151",""
"c579375c-a485-47f9-88a4-a24d8e932420","TriggeringRelationship","","","186469b0-4a72-4ec1-a7f7-1be2be2fd370","e4eb43d0-c97d-4834-baba-3d98eae5d638",""
"e8bd05a7-a952-4e4a-a9d0-05392f79e12b","TriggeringRelationship","","","e400aad3-e86e-4255-9d92-2897721b917c","76a2a7f1-5cba-46e4-8e5c-0e89ad97e578",""
"efca024a-edaf-4edc-ac90-61042c2b5a1b","TriggeringRelationship","","","e400aad3-e86e-4255-9d92-2897721b917c","1d6f3fa5-15e9-46dd-a6a0-b2ac4b0112cc",""
"557e2941-8638-4644-b433-5d4d18c2ef90","TriggeringRelationship","","","e347fae8-bb64-43d7-a66a-6396b9b77c7b","7d8b1186-42e7-45f6-a47e-4c814dc16cd5",""
"df2d8284-0829-40e5-b1d1-bb9c36f61e9c","TriggeringRelationship","","","5d0999e8-df02-463b-bf18-b620a23df3be","376383b3-087a-4e8a-90c2-fcffbc7c34b3",""
"130d54db-5dbc-458c-a12b-fc643df168a6","TriggeringRelationship","","","102871ea-3d74-4774-bf6f-0f6ab565d0f3","e347fae8-bb64-43d7-a66a-6396b9b77c7b",""
"0bb305b3-537f-470d-b674-ad584c2a88c8","TriggeringRelationship","","","102871ea-3d74-4774-bf6f-0f6ab565d0f3","d381bfb4-31d9-4860-b86c-53c68e959547",""
"3049fe9a-7625-4482-8a3b-182e6cd85cdb","TriggeringRelationship","","","20be2288-cce5-4a4c-b2b1-f25f424eb590","e347fae8-bb64-43d7-a66a-6396b9b77c7b",""
"401ede5d-81ad-4407-8dc6-42ba31a55697","TriggeringRelationship","","","e347fae8-bb64-43d7-a66a-6396b9b77c7b","7d8b1186-42e7-45f6-a47e-4c814dc16cd5",""
"a962cff6-45a7-4555-8aea-a4f4c5c30ff2","TriggeringRelationship","","","d381bfb4-31d9-4860-b86c-53c68e959547","e347fae8-bb64-43d7-a66a-6396b9b77c7b",""
"7af0deea-ea02-46c6-a47c-1ac5601cb33c","TriggeringRelationship","","","102871ea-3d74-4774-bf6f-0f6ab565d0f3","20be2288-cce5-4a4c-b2b1-f25f424eb590",""
"af9b52e4-224f-4d97-aa88-19df360156d0","TriggeringRelationship","","","6e289d14-0a1a-4bc8-ab24-5bba7c4db3f3","f8acde58-464a-49c9-91eb-ca6020dcdc6f",""
"2755c3e2-879b-47b2-b73b-ce6634e12a89","TriggeringRelationship","","","f8acde58-464a-49c9-91eb-ca6020dcdc6f","d381bfb4-31d9-4860-b86c-53c68e959547",""
"5b552697-982f-458d-85df-43ae6e49dcaa","TriggeringRelationship","","","f7663c2b-384c-4014-9d5f-5c03168c4ded","e6bd0cd8-1eb4-4f8e-b180-427ad06705ca",""
"cb0dfd10-7411-457a-8272-273ba83a90a7","TriggeringRelationship","","","c2e0c06a-06b7-4ea3-a603-4d793b83a944","151395d5-f9b3-47fb-9dcf-e7c39a83fb2c",""
"cf603e82-6381-49fd-a089-a7c874fd2629","TriggeringRelationship","","","f7663c2b-384c-4014-9d5f-5c03168c4ded","53595577-b312-4f9d-b73f-bad34bae7118",""
"681b2724-e4d5-49db-b72b-93082b1dfe87","TriggeringRelationship","","","53595577-b312-4f9d-b73f-bad34bae7118","e6bd0cd8-1eb4-4f8e-b180-427ad06705ca",""
"1369f059-dd5e-4c8f-90f4-2ad0f7c78f5b","TriggeringRelationship","","","e6bd0cd8-1eb4-4f8e-b180-427ad06705ca","1cf0050a-d13c-464c-84a5-acfb3845c442",""
"cc0b8764-386c-4fa0-aa39-26ad05af6dba","TriggeringRelationship","","","d148c3ce-5c66-42c7-a511-726c6f83fb2c","53b03f40-8493-4bf1-bb21-7fc0e63aa59e",""
"ed549add-e8d1-4823-9993-9c00c4563600","TriggeringRelationship","","","e6bd0cd8-1eb4-4f8e-b180-427ad06705ca","1cf0050a-d13c-464c-84a5-acfb3845c442",""
"aeee8ae5-db8d-47c3-9744-a1eff96b60bc","TriggeringRelationship","","","496f7a4c-6b47-474e-87fa-82d6d403adf0","e6bd0cd8-1eb4-4f8e-b180-427ad06705ca",""
"22bd7f3b-1328-4070-88be-8c42e92addc8","TriggeringRelationship","","","f7663c2b-384c-4014-9d5f-5c03168c4ded","496f7a4c-6b47-474e-87fa-82d6d403adf0",""
"b5b0d4ba-e706-44c9-a496-1d6f6428a968","TriggeringRelationship","","","e6bd0cd8-1eb4-4f8e-b180-427ad06705ca","c2e0c06a-06b7-4ea3-a603-4d793b83a944",""
"c4985088-5ae6-4f4c-9cf8-2d7864dd19a6","TriggeringRelationship","","","c2e0c06a-06b7-4ea3-a603-4d793b83a944","e6bd0cd8-1eb4-4f8e-b180-427ad06705ca",""
"88472b2a-fc65-467a-9a7f-99149a07de76","TriggeringRelationship","","","be866980-014c-4a27-890c-bc6fa1f61554","6ea1e0f8-5e69-43e6-b9c3-556238b1634d",""
"2781dc9b-8915-4d7c-a490-34fc5d6b0947","TriggeringRelationship","","","7dcd44d3-45a7-4387-b300-3e5f0fd86da5","5b249fa5-15ed-4845-9da9-041d0782acb0",""
"6a21a1e0-ff6b-4db7-9dcd-a365638202b9","TriggeringRelationship","","","3edf97f3-f4a6-4dde-8130-3049d9f93246","22b00f40-8343-487e-ab71-9d31c9fd48ca",""
"b616ac6b-625b-4938-80bb-7644c163826c","TriggeringRelationship","(1)","","c6f14c73-5730-40e3-a7ad-3de551a91d0d","343551b3-49cf-4752-97f7-b328eda19c4b",""
"59883b82-87c4-40ee-b039-de96b5b84c9b","TriggeringRelationship","*3353","","fec6c185-b96c-41cb-b812-eb0d7f73ec32","64897b64-c466-4d26-bf3b-9378ffb3759e",""
"b0e51f0c-d836-47df-842b-c1b8c96150a1","TriggeringRelationship","*3353","","fec6c185-b96c-41cb-b812-eb0d7f73ec32","2dd1c1dc-fc5f-4643-a32b-8719bf244ce1",""
"cd7dbcc9-7c63-4f10-a504-c553325001bd","TriggeringRelationship","*3353","","fec6c185-b96c-41cb-b812-eb0d7f73ec32","67b35f81-4196-4508-b2e8-9aba5fc75ffc",""
"c91492eb-d104-46ee-8a04-973792a532af","TriggeringRelationship","1","","5c3816b6-0dcd-4e19-8165-484408b47977","d90a476e-cf4e-48bb-b819-7184f91dfcd1",""
"3cce5572-9a7b-4c8b-bf35-6de3f652d90b","TriggeringRelationship","1","","14b28e52-82bb-460a-8892-a0008c633b40","5c3816b6-0dcd-4e19-8165-484408b47977",""
"fecf467e-f9a9-499c-a792-66ffe93781e3","TriggeringRelationship","1","","d90a476e-cf4e-48bb-b819-7184f91dfcd1","14b28e52-82bb-460a-8892-a0008c633b40",""
"6790b310-639a-4ae5-8f2d-e31adde106f9","TriggeringRelationship","1","","5c3816b6-0dcd-4e19-8165-484408b47977","14b28e52-82bb-460a-8892-a0008c633b40",""
"361a868d-d6a0-479e-9bbd-7f33af58da8a","TriggeringRelationship","1","","7f0f6846-c7f9-43be-84e6-15dc9244dbaa","3f394801-1aca-46dd-8e95-112c7320f0d0",""
"303eefee-956f-406a-80b0-286b5767f71f","TriggeringRelationship","1","","3f394801-1aca-46dd-8e95-112c7320f0d0","c131ce10-806b-4381-93d0-199e9f919ea9",""
"113984a1-1a6c-4de3-b012-7daa7342c684","TriggeringRelationship","1","","c131ce10-806b-4381-93d0-199e9f919ea9","3f394801-1aca-46dd-8e95-112c7320f0d0",""
"68960af8-b76b-4c2c-82d4-a90a422bfec4","TriggeringRelationship","1","","c131ce10-806b-4381-93d0-199e9f919ea9","7f0f6846-c7f9-43be-84e6-15dc9244dbaa",""
"ec68b22e-8e13-4ec7-a9e0-25dd27fde6aa","TriggeringRelationship","1.a","","fbdaff3a-da2c-48b8-8ca3-ae109e1e3aa2","62f0abd0-03d3-420d-b9b9-89ce704a7612",""
"fb6c8efe-686b-403a-a2fa-ec77a6e54abe","TriggeringRelationship","1.b","","62f0abd0-03d3-420d-b9b9-89ce704a7612","be866980-014c-4a27-890c-bc6fa1f61554",""
"954f1b4d-8e7f-44d1-b14e-bca17dffdaf6","TriggeringRelationship","2","","14b28e52-82bb-460a-8892-a0008c633b40","5c3816b6-0dcd-4e19-8165-484408b47977",""
"ec13d9f0-6d44-4e21-bbcd-d4f51a686e93","TriggeringRelationship","2","","5c3816b6-0dcd-4e19-8165-484408b47977","f3bda0e8-f115-430d-811e-30597624cc23",""
"7b2cea12-776f-41b2-aee9-0be2a4613245","TriggeringRelationship","2","","f3bda0e8-f115-430d-811e-30597624cc23","452be971-9ea6-4094-aed6-eb94d8598e71",""
"65435b9e-85bf-4f11-b837-62a9d791a703","TriggeringRelationship","2","","c131ce10-806b-4381-93d0-199e9f919ea9","b11bd229-98b5-45e5-8cc3-9ad5eb082eaf",""
"3c76ce92-e489-4887-b637-7681af72c6ba","TriggeringRelationship","2","","3f394801-1aca-46dd-8e95-112c7320f0d0","c131ce10-806b-4381-93d0-199e9f919ea9",""
"539a844c-e502-42f4-8e72-173a97ad5abc","TriggeringRelationship","2","","b11bd229-98b5-45e5-8cc3-9ad5eb082eaf","d53ad1e5-dc24-4fef-9d7a-98fb12b63689",""
"1027d89e-a3b1-4d3d-83ae-09022c6d3382","TriggeringRelationship","2..b","","be866980-014c-4a27-890c-bc6fa1f61554","62f0abd0-03d3-420d-b9b9-89ce704a7612",""
"bb3eece0-425c-46c0-b6ba-a3c4c93c278b","TriggeringRelationship","2.a","","be866980-014c-4a27-890c-bc6fa1f61554","fbdaff3a-da2c-48b8-8ca3-ae109e1e3aa2",""
"a0008538-6c4d-439d-8df6-d8edad02437f","TriggeringRelationship","3","","5c3816b6-0dcd-4e19-8165-484408b47977","f3bda0e8-f115-430d-811e-30597624cc23",""
"2001cbf6-2b41-45af-ad29-275e2ba0a35f","TriggeringRelationship","3","","f3bda0e8-f115-430d-811e-30597624cc23","452be971-9ea6-4094-aed6-eb94d8598e71",""
"91819fa1-4008-4a4f-aa82-d154972e7a6e","TriggeringRelationship","3","","14b28e52-82bb-460a-8892-a0008c633b40","5c3816b6-0dcd-4e19-8165-484408b47977",""
"c41bb05f-76ce-43f2-94cc-391f6f4e82d5","TriggeringRelationship","3","","b11bd229-98b5-45e5-8cc3-9ad5eb082eaf","d53ad1e5-dc24-4fef-9d7a-98fb12b63689",""
"2894f08e-6d69-4ac0-b528-507723f32111","TriggeringRelationship","3","","c131ce10-806b-4381-93d0-199e9f919ea9","b11bd229-98b5-45e5-8cc3-9ad5eb082eaf",""
"573b1264-9d6b-4b97-9ba5-0300d8433861","TriggeringRelationship","3","","3f394801-1aca-46dd-8e95-112c7320f0d0","c131ce10-806b-4381-93d0-199e9f919ea9",""
"c6a467ba-55f6-4191-accc-222d357867e1","TriggeringRelationship","3.a","","62f0abd0-03d3-420d-b9b9-89ce704a7612","be866980-014c-4a27-890c-bc6fa1f61554",""
"e8871e0e-ef41-434a-8013-c207ad8171f0","TriggeringRelationship","3.c","","be866980-014c-4a27-890c-bc6fa1f61554","4243ec02-aead-4c41-92cd-c031d929205f",""
"74a46c3b-a454-4a42-8cc6-cd8165264950","TriggeringRelationship","3.d","","4243ec02-aead-4c41-92cd-c031d929205f","6ea1e0f8-5e69-43e6-b9c3-556238b1634d",""
"d05a9911-a1cf-4e98-b552-f56a9bf33535","TriggeringRelationship","3.e PROMOCION","","be866980-014c-4a27-890c-bc6fa1f61554","6ea1e0f8-5e69-43e6-b9c3-556238b1634d",""
"84e243fa-724e-4c54-b636-71751ed94004","TriggeringRelationship","3.g","","be866980-014c-4a27-890c-bc6fa1f61554","62f0abd0-03d3-420d-b9b9-89ce704a7612",""
"46e0beac-d45b-4d26-9b8b-61152bc7b6cf","TriggeringRelationship","4","","452be971-9ea6-4094-aed6-eb94d8598e71","d90a476e-cf4e-48bb-b819-7184f91dfcd1",""
"558feb77-a859-46b5-82cd-4600cc3e7241","TriggeringRelationship","4","","d53ad1e5-dc24-4fef-9d7a-98fb12b63689","7f0f6846-c7f9-43be-84e6-15dc9244dbaa",""
"afc948bd-9d56-4e50-b2ee-5c2b5ddd670d","TriggeringRelationship","4. TIMEOUT","","5c3816b6-0dcd-4e19-8165-484408b47977","f3bda0e8-f115-430d-811e-30597624cc23",""
"5ca0e157-3349-4ef1-b2d1-e056762af7b1","TriggeringRelationship","4. TIMEOUT","","c131ce10-806b-4381-93d0-199e9f919ea9","b11bd229-98b5-45e5-8cc3-9ad5eb082eaf",""
"eee4fb41-a1c4-4cc6-8d14-f2824157ece6","TriggeringRelationship","4. TIMEOUT","","be866980-014c-4a27-890c-bc6fa1f61554","4243ec02-aead-4c41-92cd-c031d929205f",""
"d1abb40a-85d0-4823-bdab-0ad9142edb92","TriggeringRelationship","4.a","","62f0abd0-03d3-420d-b9b9-89ce704a7612","be866980-014c-4a27-890c-bc6fa1f61554",""
"4369af92-2ec4-4f1f-ba06-d2b052fdfc51","TriggeringRelationship","4.b","","be866980-014c-4a27-890c-bc6fa1f61554","4243ec02-aead-4c41-92cd-c031d929205f",""
"eab2fdea-63cf-4ee7-b32b-e16487b17b8f","TriggeringRelationship","4.c","","4243ec02-aead-4c41-92cd-c031d929205f","6ea1e0f8-5e69-43e6-b9c3-556238b1634d",""
"c6cf6e75-ee41-4c51-8cc4-2d9661f4b99b","TriggeringRelationship","4.d","","be866980-014c-4a27-890c-bc6fa1f61554","62f0abd0-03d3-420d-b9b9-89ce704a7612",""
"959f5ef6-7173-4046-9fdc-4602134308fc","TriggeringRelationship","5.a","","6ea1e0f8-5e69-43e6-b9c3-556238b1634d","fbdaff3a-da2c-48b8-8ca3-ae109e1e3aa2",""
"b2cf6787-de23-4152-953e-ced60339e499","TriggeringRelationship","Enviar","","f2289a21-e15c-493f-b622-9921ce0f20e4","fbf7e315-9c65-4721-85ff-cc528b2454c7",""
"47ad9259-73f4-49a0-8630-f57d5d6c2da3","TriggeringRelationship","MO","","b4cfeff9-245f-436b-973e-b1da20cf5bab","d9645ec7-be26-4d67-9028-a918c84636ca",""
"8dfd88dc-9912-429b-a8fe-5a571fecf5f1","TriggeringRelationship","MO","","3cc13992-a509-4c98-93be-4f79f8735bce","b748020b-377b-4825-a6d6-761b96469214",""
"af7d8d60-1b7f-4c46-8911-de93dddaa2ae","TriggeringRelationship","MO","","7c1a9ba2-6899-4697-96eb-66fa5a89af1a","8eb06c63-8100-40d4-98f9-182d1fe489de",""
"333350be-57fa-4b28-b09f-289fb8c11786","TriggeringRelationship","MO","","d2fd9ffb-5096-4d60-9d7b-9459f35d8dcc","3e392733-c686-428c-8dd2-6a86154601f7",""
"45c36b9c-be70-4d34-b913-4b88e589f9d7","TriggeringRelationship","MO","","c0a18b6b-edfd-40dd-8cbe-38d3a43ae537","efa1947e-f59d-4682-9e14-919592f9049d",""
"bcea5526-ddd1-49c8-a110-a45f016b8425","TriggeringRelationship","MO","","94833317-581d-45e1-b59e-fa8f79be63ea","027e300e-f5c1-4b1e-8d58-0b6d8f9f8596",""
"29140906-1179-426f-84a0-013a9c21c67e","TriggeringRelationship","MO","","b748020b-377b-4825-a6d6-761b96469214","5b249fa5-15ed-4845-9da9-041d0782acb0",""
"232b4eec-fb6b-43ae-aeb7-266aea077988","TriggeringRelationship","MO","","ab5e4301-5990-4c51-9343-2938eec04bc7","ef3eca3d-76a1-4cdf-bc52-fde9c2e8a249",""
"93342c0a-7ffd-4696-b252-4e99ff961441","TriggeringRelationship","MO","","96dfb3b8-14bf-452b-81af-2ad7464254e4","207b3735-93e6-4ce9-812a-8f60469eb1c0",""
"3825b0a9-7552-4330-83d6-cb0e0b3b60a9","TriggeringRelationship","MO","","5bb5eabd-de41-4ae0-86b5-50d5659265fb","96dfb3b8-14bf-452b-81af-2ad7464254e4",""
"d5b6e730-08bf-4754-a416-9a2a4134f002","TriggeringRelationship","MO","","027e300e-f5c1-4b1e-8d58-0b6d8f9f8596","9492c59c-a022-41de-9156-395073aeea8f",""
"cf5a6c0f-68b5-49f2-b390-bfef89d8b7f9","TriggeringRelationship","MO","","cec16c57-5342-426e-b058-13f19635707e","da7df2ec-2bb4-489e-bf7f-5bf9e56d5ba7",""
"97e14dbf-6d07-43c9-99ed-c4a1aedc5861","TriggeringRelationship","MO","","da7df2ec-2bb4-489e-bf7f-5bf9e56d5ba7","1884529a-d2c5-47a1-a24d-b5b470cf55bc",""
"ce7a7ac5-7cb1-471e-9678-14483b7fd1ac","TriggeringRelationship","MO","","76a2a7f1-5cba-46e4-8e5c-0e89ad97e578","3572d020-12a9-4b36-a9fa-06bbd7b172c3",""
"5d5d3fca-1caf-4843-9146-fdca27d0633f","TriggeringRelationship","MO","","7e7b8ba5-5971-4668-91ff-6dd7a2eebaef","6e289d14-0a1a-4bc8-ab24-5bba7c4db3f3",""
"cfec563e-0908-4854-84ab-6d6771252014","TriggeringRelationship","MO","","6e289d14-0a1a-4bc8-ab24-5bba7c4db3f3","dd9d7ee2-ce80-475f-8fc1-fae976436a0d",""
"68d30686-730d-4250-bcb7-4df90bfec360","TriggeringRelationship","MO","","c2e0c06a-06b7-4ea3-a603-4d793b83a944","0211a012-f5b0-4cbf-903c-eab1822553c0",""
"9053da1e-6bb3-4251-a673-c85c047bdc09","TriggeringRelationship","MO","","ea2f234d-d724-4e26-9a75-a43d606583b7","c2e0c06a-06b7-4ea3-a603-4d793b83a944",""
"95d053ab-d6ed-4031-ac48-15495fb997f6","TriggeringRelationship","MO","","b748020b-377b-4825-a6d6-761b96469214","a041820e-8570-4a9a-817f-64c23e9cbaeb",""
"cd340d33-267b-443e-9ce7-3abd57e90fe1","TriggeringRelationship","MT","","f4e1231e-af15-428f-af0e-067c67797cc4","3cc13992-a509-4c98-93be-4f79f8735bce",""
"a1c74612-6144-43ca-9849-3580541c7195","TriggeringRelationship","MT","","5b249fa5-15ed-4845-9da9-041d0782acb0","b748020b-377b-4825-a6d6-761b96469214",""
"bb6b3ac4-5a8c-4936-89ca-98d1db90df2d","TriggeringRelationship","MT","","46270f6e-b141-4870-a54b-e65f1f292c28","7c1a9ba2-6899-4697-96eb-66fa5a89af1a",""
"d7e5c7ab-310a-4c0a-a95f-d7cd78f3fc54","TriggeringRelationship","MT","","8eb06c63-8100-40d4-98f9-182d1fe489de","7c1a9ba2-6899-4697-96eb-66fa5a89af1a",""
"2dd0dca0-b5c9-4319-b435-cfb4b72fa539","TriggeringRelationship","MT","","f435d97b-3f15-41d4-8d6a-f3734dbefa2a","d2fd9ffb-5096-4d60-9d7b-9459f35d8dcc",""
"61daa81c-f648-4bf6-a8c2-85057a145264","TriggeringRelationship","MT","","3e392733-c686-428c-8dd2-6a86154601f7","d2fd9ffb-5096-4d60-9d7b-9459f35d8dcc",""
"36fbf573-d46e-4175-a676-c038b9f6a253","TriggeringRelationship","MT","","9dbb9ea1-8adf-4242-8d4b-c2b1f043ee09","c0a18b6b-edfd-40dd-8cbe-38d3a43ae537",""
"baf9fd7f-faf8-4068-9eac-3a902be2d4da","TriggeringRelationship","MT","","efa1947e-f59d-4682-9e14-919592f9049d","c0a18b6b-edfd-40dd-8cbe-38d3a43ae537",""
"15e149e0-e2b3-4f3f-9f0e-076ceed47a45","TriggeringRelationship","MT","","c76b5f42-e5c1-4923-9e69-4272d33c0ea6","94833317-581d-45e1-b59e-fa8f79be63ea",""
"ae2de607-6acc-41a0-9b4b-9f3d4b83389c","TriggeringRelationship","MT","","027e300e-f5c1-4b1e-8d58-0b6d8f9f8596","94833317-581d-45e1-b59e-fa8f79be63ea",""
"c7bab264-d41d-4dfa-b21c-f4b53b52e2ee","TriggeringRelationship","MT","","b748020b-377b-4825-a6d6-761b96469214","3cc13992-a509-4c98-93be-4f79f8735bce",""
"967f700c-91ed-4179-b886-ad33710666f4","TriggeringRelationship","MT","","ed5439b1-4604-4397-8632-bd3b3a302c63","ab5e4301-5990-4c51-9343-2938eec04bc7",""
"87611fc6-5fbb-479b-a427-1bffd388364a","TriggeringRelationship","MT","","ef3eca3d-76a1-4cdf-bc52-fde9c2e8a249","ab5e4301-5990-4c51-9343-2938eec04bc7",""
"2e8e1f1e-cdf3-4ba5-a200-c29ee47f2bc2","TriggeringRelationship","MT","","96dfb3b8-14bf-452b-81af-2ad7464254e4","5bb5eabd-de41-4ae0-86b5-50d5659265fb",""
"f336126f-0b19-4e19-bf20-2bbaf7d40493","TriggeringRelationship","MT","","17b430f7-2062-458b-90b9-812520b05515","5bb5eabd-de41-4ae0-86b5-50d5659265fb",""
"0f6a3b63-8e43-4f34-b3df-3f800e2f5447","TriggeringRelationship","MT","","e51e3dc9-3a64-4282-bd83-c0bf50f8d00b","5bb5eabd-de41-4ae0-86b5-50d5659265fb",""
"ef461583-f6f0-4d0a-9708-46fd9ecaeb89","TriggeringRelationship","MT","","e0613db9-43ff-44d2-915d-5f4f5ad07e7e","8370547a-875d-418a-b30b-94b1d189c311",""
"9d293a8e-375d-4df3-a73a-90d1d4151f5b","TriggeringRelationship","MT","","8370547a-875d-418a-b30b-94b1d189c311","e51e3dc9-3a64-4282-bd83-c0bf50f8d00b",""
"b0328609-8f52-4dac-b958-064ee5fad2cb","TriggeringRelationship","MT","","9492c59c-a022-41de-9156-395073aeea8f","94833317-581d-45e1-b59e-fa8f79be63ea",""
"5e9b4525-28fe-465b-8b0d-a4e6448f0d7c","TriggeringRelationship","MT","","c0e20b26-2123-4515-ba32-4c5d3ae551fb","cec16c57-5342-426e-b058-13f19635707e",""
"ecf6e1ca-8668-4008-8300-fc1814cb0574","TriggeringRelationship","MT","","da7df2ec-2bb4-489e-bf7f-5bf9e56d5ba7","cec16c57-5342-426e-b058-13f19635707e",""
"ac845936-2b1f-416e-9ad6-fb639f159339","TriggeringRelationship","MT","","1884529a-d2c5-47a1-a24d-b5b470cf55bc","da7df2ec-2bb4-489e-bf7f-5bf9e56d5ba7",""
"8794d97c-2edb-4855-bc9d-4bcdae117b56","TriggeringRelationship","MT","","7313d7f0-4c9f-43df-bb1e-bd81801a5e83","e400aad3-e86e-4255-9d92-2897721b917c",""
"297ec7dc-6bcb-4fdf-ad98-260facf012c8","TriggeringRelationship","MT","","3572d020-12a9-4b36-a9fa-06bbd7b172c3","76a2a7f1-5cba-46e4-8e5c-0e89ad97e578",""
"a567ff89-3c40-407b-bafd-8f281149f140","TriggeringRelationship","MT","","7d8b1186-42e7-45f6-a47e-4c814dc16cd5","6e289d14-0a1a-4bc8-ab24-5bba7c4db3f3",""
"a612fa3d-979c-4c45-a6d8-97b598cc3429","TriggeringRelationship","MT","","dd9d7ee2-ce80-475f-8fc1-fae976436a0d","7e7b8ba5-5971-4668-91ff-6dd7a2eebaef",""
"43f1d192-6024-4a3b-9090-02e8a1948a21","TriggeringRelationship","MT","","6e289d14-0a1a-4bc8-ab24-5bba7c4db3f3","7e7b8ba5-5971-4668-91ff-6dd7a2eebaef",""
"e503520d-c6f3-499a-b42a-692489c6ad11","TriggeringRelationship","MT","","1cf0050a-d13c-464c-84a5-acfb3845c442","ea2f234d-d724-4e26-9a75-a43d606583b7",""
"87312b4a-8f35-4238-bcba-09f497b875d5","TriggeringRelationship","MT","","0211a012-f5b0-4cbf-903c-eab1822553c0","ea2f234d-d724-4e26-9a75-a43d606583b7",""
"2070390a-dc5b-42c9-945d-023466a0fd45","TriggeringRelationship","MT","","c2e0c06a-06b7-4ea3-a603-4d793b83a944","ea2f234d-d724-4e26-9a75-a43d606583b7",""
"21b2ba9a-eb2c-43d4-a680-0b72d8479b47","TriggeringRelationship","MT","","a041820e-8570-4a9a-817f-64c23e9cbaeb","b748020b-377b-4825-a6d6-761b96469214",""
"e70ba633-bc23-4aa3-a07d-9299816ace71","TriggeringRelationship","No es *3353","","2e1f10ea-6e42-4923-9475-8e380fcdb68d","96c36131-1dcf-483a-b5a7-bfa9184714da",""
"a625a3c8-507d-4356-8359-f28fa5b6e9c9","TriggeringRelationship","QUERY","","f37de450-54d2-45cf-acf1-e5d6b1abbb31","027e300e-f5c1-4b1e-8d58-0b6d8f9f8596",""
"db0e9e36-72ef-445a-95f9-cf737d983417","TriggeringRelationship","QUERY","","53595577-b312-4f9d-b73f-bad34bae7118","c2e0c06a-06b7-4ea3-a603-4d793b83a944",""
"e6b13114-044d-4d9a-98f6-88b6150e782c","TriggeringRelationship","Recibir","","ef3eca3d-76a1-4cdf-bc52-fde9c2e8a249","bb4957dd-e2e7-4b19-96a9-71aa8253ee49",""
"438348f7-f215-41ca-8a03-b453146e931b","TriggeringRelationship","SMS","","7e60ba31-aaab-4ab8-ae5a-133560446cf6","3cc13992-a509-4c98-93be-4f79f8735bce",""
"c297f36c-c889-4e5e-bec5-2fffdbc77f39","TriggeringRelationship","SMS","","e96e7525-602f-4ad8-879a-bcf88012cac5","7c1a9ba2-6899-4697-96eb-66fa5a89af1a",""
"7b0573cd-b4e9-4156-96b9-88737ab0b3ce","TriggeringRelationship","SMS","","c8cbdbdd-4782-400e-ad40-ffd5e61bb632","d2fd9ffb-5096-4d60-9d7b-9459f35d8dcc",""
"5ab6345b-2976-430a-98be-1d01b14efdc7","TriggeringRelationship","SMS","","8ee3c372-0a0e-4d17-816b-4fde29799680","c0a18b6b-edfd-40dd-8cbe-38d3a43ae537",""
"10cd1fc7-19ac-44f6-b37b-3c597218e24d","TriggeringRelationship","SMS","","c3f5f896-7115-4346-9ec1-8ebb5628d5bc","94833317-581d-45e1-b59e-fa8f79be63ea",""
"11438963-e652-432b-a765-d202a119cc07","TriggeringRelationship","SMS","","84dfa780-024a-4c48-88b8-01eae4c6a036","ab5e4301-5990-4c51-9343-2938eec04bc7",""
"28f7c46c-2e3b-4de5-9ec3-7ba5af6c6ecc","TriggeringRelationship","SMS","","7f44f06d-006e-4dbc-9caa-696f973cb370","5bb5eabd-de41-4ae0-86b5-50d5659265fb",""
"b08fb691-604f-4ed0-ba35-a0b336a2bfb8","TriggeringRelationship","SMS","","73168eb4-9f88-441e-bbcd-5b681e54a556","cec16c57-5342-426e-b058-13f19635707e",""
"f42e8faa-0535-439b-aa2f-644eab2ec5ec","TriggeringRelationship","SMS","","87082329-4df3-43a8-92ff-e17c0dc886c0","76a2a7f1-5cba-46e4-8e5c-0e89ad97e578",""
"cd196222-e73d-4e2c-ac21-f0d0f1d25596","TriggeringRelationship","SMS","","376383b3-087a-4e8a-90c2-fcffbc7c34b3","7e7b8ba5-5971-4668-91ff-6dd7a2eebaef",""
"2bc57a2a-1633-4d7d-a733-b193fdd1d8c4","TriggeringRelationship","SMS","","53b03f40-8493-4bf1-bb21-7fc0e63aa59e","ea2f234d-d724-4e26-9a75-a43d606583b7",""
"0f33a0e8-5044-448e-95cb-a4d710ff76a9","TriggeringRelationship","WEB SERVICE","","a041820e-8570-4a9a-817f-64c23e9cbaeb","7dcd44d3-45a7-4387-b300-3e5f0fd86da5",""