{"identifier":"https://me.big.tuwien.ac.at/EAModelSet/828aac43","archimateId":"828aac43","name":"Abstract Factory","description":"","formats":["XML","CSV","JSON","ARCHIMATE"],"source":"GitHub","sourceFile":"raw-data/github/archimate/1_abstract_factory_v1.archimate","sourceFormat":"ARCHIMATE","timestamp":"29-06-2023 09:30:05","tags":[],"duplicates":[],"language":"en","elements":[{"id":"b2e06ffc","name":"interface abstract fabric","type":"ApplicationInterface","layer":"application"},{"id":"f2cbff7c","name":"class fabric 1","type":"ApplicationComponent","layer":"application"},{"id":"2e39737d","name":"class fabric 2","type":"ApplicationComponent","layer":"application"},{"id":"21590541","name":"create product A1","type":"ApplicationFunction","layer":"application"},{"id":"338f1621","name":"create product B1","type":"ApplicationFunction","layer":"application"},{"id":"56f2deee","name":"create product A2","type":"ApplicationFunction","layer":"application"},{"id":"086903f3","name":"create product B2","type":"ApplicationFunction","layer":"application"},{"id":"8d57690a","name":"interface product A","type":"ApplicationInterface","layer":"application"},{"id":"9eb56012","name":"class product A1","type":"ApplicationComponent","layer":"application"},{"id":"8f847e3f","name":"class product A2","type":"ApplicationComponent","layer":"application"},{"id":"b2ec8304","name":"instance product A1","type":"DataObject","layer":"application"},{"id":"404954e5","name":"interface product B","type":"ApplicationInterface","layer":"application"},{"id":"73948603","name":"class product B1","type":"ApplicationComponent","layer":"application"},{"id":"dbcabc51","name":"class product B2","type":"ApplicationComponent","layer":"application"},{"id":"e14ef760","name":"instance product B1","type":"DataObject","layer":"application"},{"id":"f27558e7","name":"instance product A2","type":"DataObject","layer":"application"},{"id":"b284d5e4","name":"instance product B2","type":"DataObject","layer":"application"},{"id":"c9b23b10","name":"create fabric","type":"ApplicationProcess","layer":"application"},{"id":"09d442d4","name":"use products","type":"ApplicationProcess","layer":"application"},{"id":"9b116628","name":"client","type":"ApplicationComponent","layer":"application"},{"id":"6a1a3678-36bf-49b3-b37a-a32cc9688067","name":"interface abstract fabric","type":"ApplicationInterface","layer":"application"},{"id":"8f273a67-bc79-424e-80c7-d07ac07161be","name":"interface product A ","type":"ApplicationInterface","layer":"application"},{"id":"8fe47af6-ad2f-4e3c-bcf3-d67e3321af17","name":"class product A1","type":"ApplicationComponent","layer":"application"},{"id":"2503c73f-9da9-4505-8ca2-eaa3efe943a2","name":"class product A2 (copy)","type":"ApplicationComponent","layer":"application"},{"id":"5d8db709-e92c-4306-936a-89bc1655aa40","name":"instance product A1 (copy)","type":"DataObject","layer":"application"},{"id":"ea17c9ec-2d10-486c-aaf7-4973ed9c803b","name":"interface product B","type":"ApplicationInterface","layer":"application"},{"id":"162403c4-a237-4838-ab0d-47964607021a","name":"class product B1","type":"ApplicationComponent","layer":"application"},{"id":"693902ed-62a6-4c3c-8edd-0e61b972259f","name":"class product B2 (copy)","type":"ApplicationComponent","layer":"application"},{"id":"686aa67a-92e4-4e81-8f29-80c966cf51f8","name":"instance product B1 (copy)","type":"DataObject","layer":"application"},{"id":"fe79f5f5-0ad3-4b81-aa8f-8ffd2e295625","name":"instance product A2 (copy)","type":"DataObject","layer":"application"},{"id":"fea006b9-f256-4d72-b7de-0dac4a00f96b","name":"instance product B2 (copy)","type":"DataObject","layer":"application"},{"id":"072aaeb9-ee33-43f4-b7e2-7ed8425f4fc6","name":"use products","type":"ApplicationProcess","layer":"application"},{"id":"b5598da5-1296-4bd9-b4e1-66dbd77aed0d","name":"use fabriс","type":"ApplicationProcess","layer":"application"},{"id":"b95ae8ff-cefa-4f1b-808c-fed75cb53b0c","name":"class fabric 1","type":"ApplicationComponent","layer":"application"},{"id":"ff7136b1-60f9-4c38-bcb9-b9bdfe35923a","name":"create product A1","type":"ApplicationFunction","layer":"application"},{"id":"7b97f720-52cc-408d-87cf-96521c2b7072","name":"create product B1 ","type":"ApplicationFunction","layer":"application"},{"id":"0543a284-702f-4055-b6b0-f12f57beaa8e","name":"class fabric 2 (copy)","type":"ApplicationComponent","layer":"application"},{"id":"852860d5-1efa-408b-b94d-6ae7035b5443","name":"create product A2 (copy)","type":"ApplicationFunction","layer":"application"},{"id":"c71a1928-8a68-474a-bc2b-35d0160578f9","name":"create product B2 (copy)","type":"ApplicationFunction","layer":"application"},{"id":"07253f76-f259-48c5-a7d5-5814ef810fd1","name":"create concrete fabric class ","type":"ApplicationProcess","layer":"application"},{"id":"a6e809ba-dc2a-49ac-a3e3-1486df8365d3","name":"main method (start program)","type":"ApplicationFunction","layer":"application"},{"id":"737fdfff-3584-4437-8218-cd65a7beca11","name":"create fabric","type":"ApplicationFunction","layer":"application"},{"id":"b9e5d5f0-c007-405c-ab2e-9ec9aa25a401","name":"interface abstract fabric ","type":"ApplicationInterface","layer":"application"},{"id":"ef09b9de-055f-4b67-b233-4cb404ef95c1","name":"interface product A ","type":"ApplicationInterface","layer":"application"},{"id":"c92f1b4b-1c78-4574-8822-fbc27006d909","name":"class product A1 ","type":"ApplicationComponent","layer":"application"},{"id":"9c8c6ea4-8ff6-4a0e-b534-27b26d6b155a","name":"class product A2 ","type":"ApplicationComponent","layer":"application"},{"id":"2add3e68-d63b-4e17-b97e-7f9aed2bed3a","name":"instance product A1 ","type":"DataObject","layer":"application"},{"id":"f87842b4-1002-4e9e-9168-abd90df2aaec","name":"interface product B ","type":"ApplicationInterface","layer":"application"},{"id":"1e4deaac-bc66-4088-b860-372bf65cc7b9","name":"class product B1 ","type":"ApplicationComponent","layer":"application"},{"id":"80479433-ac33-4498-a3b5-eb9fdc53b429","name":"class product B2 ","type":"ApplicationComponent","layer":"application"},{"id":"74d83228-d8cd-4141-a5b8-7298a0afee0b","name":"instance product B1 ","type":"DataObject","layer":"application"},{"id":"81aec419-1ef7-443d-ac8e-3ded0fcce84b","name":"instance product A2 ","type":"DataObject","layer":"application"},{"id":"9aec9235-48d1-453a-93b8-77a41b443204","name":"instance product B2 ","type":"DataObject","layer":"application"},{"id":"35c1f920-0be7-4123-8712-33238dc93817","name":"use products ","type":"ApplicationProcess","layer":"application"},{"id":"50443a79-989c-4848-99fd-b35be597700f","name":"create fabric ","type":"ApplicationProcess","layer":"application"},{"id":"1f8cd77d-2d56-4343-b12a-545da3b40e14","name":"class fabric 1 ","type":"ApplicationComponent","layer":"application"},{"id":"2c6e2fbc-8519-450c-9f39-37475c2e876a","name":"create product (string) ","type":"ApplicationFunction","layer":"application"},{"id":"3f28274a-26c6-4b5b-acf9-7fee066fcfe1","name":"create product B1 ","type":"ApplicationFunction","layer":"application"},{"id":"b817e5eb-59ee-4db4-b143-f55c96de6aba","name":"class fabric 2 ","type":"ApplicationComponent","layer":"application"},{"id":"232421ae-e981-4411-bf66-80775427b914","name":"create product (string)","type":"ApplicationFunction","layer":"application"},{"id":"27574e2b-04fb-4b04-a547-9b78323a4f37","name":"create product B2 ","type":"ApplicationFunction","layer":"application"},{"id":"ab510602-cd10-4871-948b-be1d14e6e396","name":"create A1","type":"ApplicationProcess","layer":"application"},{"id":"35e27c64-a856-46be-bec3-4485bc16622e","name":"create B1","type":"ApplicationProcess","layer":"application"},{"id":"1f4d745b-66b3-42ea-8cbf-02570b6c9d62","name":"create A2","type":"ApplicationProcess","layer":"application"},{"id":"4f4814e9-8f3e-4c8b-ab29-78e96fe7dd4d","name":"create B2","type":"ApplicationProcess","layer":"application"},{"id":"eb0c1de9-d170-43f4-8a39-fb9a34f4ddc0","name":"create product","type":"ApplicationFunction","layer":"application"},{"id":"adc383fb-5bb9-4a1a-ab1f-621dca6d5860","name":"Junction","type":"Junction","layer":"other"},{"id":"781ce197-b827-4511-ac32-01087171715c","name":"Junction","type":"Junction","layer":"other"}],"relationships":[{"id":"61341339","sourceId":"f2cbff7c","targetId":"b2e06ffc","type":"RealizationRelationship"},{"id":"d529a273","sourceId":"2e39737d","targetId":"b2e06ffc","type":"RealizationRelationship"},{"id":"a9e43610","sourceId":"f2cbff7c","targetId":"21590541","type":"AssignmentRelationship"},{"id":"cfa3bf4d","sourceId":"f2cbff7c","targetId":"338f1621","type":"AssignmentRelationship"},{"id":"e7a27a47","sourceId":"2e39737d","targetId":"56f2deee","type":"AssignmentRelationship"},{"id":"68d510a4","sourceId":"2e39737d","targetId":"086903f3","type":"AssignmentRelationship"},{"id":"8f58aa86","sourceId":"9eb56012","targetId":"8d57690a","type":"RealizationRelationship"},{"id":"5f4d1b39","sourceId":"8f847e3f","targetId":"8d57690a","type":"RealizationRelationship"},{"id":"866b5d4f","sourceId":"73948603","targetId":"404954e5","type":"RealizationRelationship"},{"id":"f88a0c07","sourceId":"dbcabc51","targetId":"404954e5","type":"RealizationRelationship"},{"id":"e39cc4db","sourceId":"21590541","targetId":"b2ec8304","type":"AccessRelationship"},{"id":"e5b71e0a","sourceId":"338f1621","targetId":"e14ef760","type":"AccessRelationship"},{"id":"32338488","sourceId":"56f2deee","targetId":"f27558e7","type":"AccessRelationship"},{"id":"6e9579bf","sourceId":"086903f3","targetId":"b284d5e4","type":"AccessRelationship"},{"id":"cf756677","sourceId":"9eb56012","targetId":"b2ec8304","type":"AssociationRelationship"},{"id":"21564fa4","sourceId":"73948603","targetId":"e14ef760","type":"AssociationRelationship"},{"id":"d26ac2e9","sourceId":"8f847e3f","targetId":"f27558e7","type":"AssociationRelationship"},{"id":"0906a41b","sourceId":"dbcabc51","targetId":"b284d5e4","type":"AssociationRelationship"},{"id":"7b93714b","sourceId":"b2e06ffc","targetId":"c9b23b10","type":"ServingRelationship"},{"id":"e71c30ea","sourceId":"8d57690a","targetId":"09d442d4","type":"ServingRelationship"},{"id":"2f5ee681","sourceId":"404954e5","targetId":"09d442d4","type":"ServingRelationship"},{"id":"ccdc8ffc","sourceId":"c9b23b10","targetId":"09d442d4","type":"FlowRelationship"},{"id":"7d801997","sourceId":"8d57690a","targetId":"9b116628","type":"ServingRelationship"},{"id":"0e9c84bc","sourceId":"404954e5","targetId":"9b116628","type":"ServingRelationship"},{"id":"0c2ef66d","sourceId":"b2e06ffc","targetId":"9b116628","type":"ServingRelationship"},{"id":"b3b0fa92","sourceId":"9eb56012","targetId":"21590541","type":"ServingRelationship"},{"id":"0a3f57a5","sourceId":"73948603","targetId":"338f1621","type":"ServingRelationship"},{"id":"368cb388","sourceId":"8f847e3f","targetId":"56f2deee","type":"ServingRelationship"},{"id":"4c7664fe","sourceId":"dbcabc51","targetId":"086903f3","type":"ServingRelationship"},{"id":"74788bfe-9e14-402e-b9ea-8070ba05d170","sourceId":"ff7136b1-60f9-4c38-bcb9-b9bdfe35923a","targetId":"5d8db709-e92c-4306-936a-89bc1655aa40","type":"AccessRelationship"},{"id":"22a3f6c7-74ea-4907-b577-f86ddaf682a7","sourceId":"693902ed-62a6-4c3c-8edd-0e61b972259f","targetId":"fea006b9-f256-4d72-b7de-0dac4a00f96b","type":"AssociationRelationship"},{"id":"96704374-ad3e-4fa5-9e6a-cc33029dd105","sourceId":"ea17c9ec-2d10-486c-aaf7-4973ed9c803b","targetId":"072aaeb9-ee33-43f4-b7e2-7ed8425f4fc6","type":"ServingRelationship"},{"id":"32526a62-3097-4cf6-bdac-16b25bd48510","sourceId":"2503c73f-9da9-4505-8ca2-eaa3efe943a2","targetId":"8f273a67-bc79-424e-80c7-d07ac07161be","type":"RealizationRelationship"},{"id":"69cb97ae-9e31-4d21-8f43-4b396e7e4e84","sourceId":"b95ae8ff-cefa-4f1b-808c-fed75cb53b0c","targetId":"7b97f720-52cc-408d-87cf-96521c2b7072","type":"AssignmentRelationship"},{"id":"521bf7ac-23dd-4e1b-a096-f59ebe06525a","sourceId":"b5598da5-1296-4bd9-b4e1-66dbd77aed0d","targetId":"072aaeb9-ee33-43f4-b7e2-7ed8425f4fc6","type":"FlowRelationship"},{"id":"5b8d2379-b659-45b8-948f-9e03682430cb","sourceId":"2503c73f-9da9-4505-8ca2-eaa3efe943a2","targetId":"852860d5-1efa-408b-b94d-6ae7035b5443","type":"AssociationRelationship"},{"id":"69c362c8-e5fe-4e06-b8b7-9130bf4572d3","sourceId":"6a1a3678-36bf-49b3-b37a-a32cc9688067","targetId":"b5598da5-1296-4bd9-b4e1-66dbd77aed0d","type":"ServingRelationship"},{"id":"8788fb44-8f4b-45fc-988f-af1d4142d724","sourceId":"0543a284-702f-4055-b6b0-f12f57beaa8e","targetId":"6a1a3678-36bf-49b3-b37a-a32cc9688067","type":"RealizationRelationship"},{"id":"395d139f-82f0-41c3-9d43-b6be2702b783","sourceId":"7b97f720-52cc-408d-87cf-96521c2b7072","targetId":"686aa67a-92e4-4e81-8f29-80c966cf51f8","type":"AccessRelationship"},{"id":"e12efe1a-c8fa-4f1f-84ca-124592e401f9","sourceId":"b95ae8ff-cefa-4f1b-808c-fed75cb53b0c","targetId":"ff7136b1-60f9-4c38-bcb9-b9bdfe35923a","type":"AssignmentRelationship"},{"id":"3d55a145-c929-4f77-a58d-da5908137594","sourceId":"162403c4-a237-4838-ab0d-47964607021a","targetId":"7b97f720-52cc-408d-87cf-96521c2b7072","type":"AssociationRelationship"},{"id":"60eda984-0648-4281-8233-9aa5392af59d","sourceId":"8fe47af6-ad2f-4e3c-bcf3-d67e3321af17","targetId":"8f273a67-bc79-424e-80c7-d07ac07161be","type":"RealizationRelationship"},{"id":"f0054aa5-b803-4706-ae2b-b411a67d89e4","sourceId":"162403c4-a237-4838-ab0d-47964607021a","targetId":"ea17c9ec-2d10-486c-aaf7-4973ed9c803b","type":"RealizationRelationship"},{"id":"0f717cc3-6db7-4461-9cf9-ef002f5e8c11","sourceId":"8f273a67-bc79-424e-80c7-d07ac07161be","targetId":"072aaeb9-ee33-43f4-b7e2-7ed8425f4fc6","type":"ServingRelationship"},{"id":"c02eca21-22c6-49b1-b843-c48a1a70d15c","sourceId":"852860d5-1efa-408b-b94d-6ae7035b5443","targetId":"fe79f5f5-0ad3-4b81-aa8f-8ffd2e295625","type":"AccessRelationship"},{"id":"d911e60f-1ae5-425a-9480-2f826a1d8ae0","sourceId":"8fe47af6-ad2f-4e3c-bcf3-d67e3321af17","targetId":"ff7136b1-60f9-4c38-bcb9-b9bdfe35923a","type":"AssociationRelationship"},{"id":"88274b4f-c309-4235-9eb3-171b6406c6c6","sourceId":"693902ed-62a6-4c3c-8edd-0e61b972259f","targetId":"ea17c9ec-2d10-486c-aaf7-4973ed9c803b","type":"RealizationRelationship"},{"id":"d4b2d962-72e4-4173-9e8c-7449b93b2278","sourceId":"c71a1928-8a68-474a-bc2b-35d0160578f9","targetId":"fea006b9-f256-4d72-b7de-0dac4a00f96b","type":"AccessRelationship"},{"id":"2ed57497-9e0e-4617-981d-61acd4d0dd09","sourceId":"b95ae8ff-cefa-4f1b-808c-fed75cb53b0c","targetId":"6a1a3678-36bf-49b3-b37a-a32cc9688067","type":"RealizationRelationship"},{"id":"bee6a493-5235-40c2-bd8b-7b50745a15e6","sourceId":"0543a284-702f-4055-b6b0-f12f57beaa8e","targetId":"852860d5-1efa-408b-b94d-6ae7035b5443","type":"AssignmentRelationship"},{"id":"1f3c05d6-7941-4781-9372-1c4fe268facf","sourceId":"0543a284-702f-4055-b6b0-f12f57beaa8e","targetId":"c71a1928-8a68-474a-bc2b-35d0160578f9","type":"AssignmentRelationship"},{"id":"d37ef0c8-a53b-42e3-9bba-3af017ebed29","sourceId":"ff7136b1-60f9-4c38-bcb9-b9bdfe35923a","targetId":"8fe47af6-ad2f-4e3c-bcf3-d67e3321af17","type":"AssociationRelationship"},{"id":"eddf7d46-3541-4a8a-a1dc-ac51448a0f33","sourceId":"a6e809ba-dc2a-49ac-a3e3-1486df8365d3","targetId":"737fdfff-3584-4437-8218-cd65a7beca11","type":"CompositionRelationship"},{"id":"b685141b-e032-49ad-98ae-78b5fdc7a4ea","sourceId":"737fdfff-3584-4437-8218-cd65a7beca11","targetId":"b95ae8ff-cefa-4f1b-808c-fed75cb53b0c","type":"TriggeringRelationship"},{"id":"8c6e5abd-e683-487f-9598-9c27854af9e3","sourceId":"a6e809ba-dc2a-49ac-a3e3-1486df8365d3","targetId":"07253f76-f259-48c5-a7d5-5814ef810fd1","type":"ServingRelationship"},{"id":"42bc5797-0837-4340-9a73-28728ff66b70","sourceId":"07253f76-f259-48c5-a7d5-5814ef810fd1","targetId":"b5598da5-1296-4bd9-b4e1-66dbd77aed0d","type":"FlowRelationship"},{"id":"66e7318d-d9f3-44c1-bd0f-b7231b7f8da7","sourceId":"50443a79-989c-4848-99fd-b35be597700f","targetId":"35c1f920-0be7-4123-8712-33238dc93817","type":"FlowRelationship"},{"id":"b8f322d5-dd97-413d-89fe-8151ab433507","sourceId":"9c8c6ea4-8ff6-4a0e-b534-27b26d6b155a","targetId":"81aec419-1ef7-443d-ac8e-3ded0fcce84b","type":"AssociationRelationship"},{"id":"ddb74047-9951-4322-b565-050b8e3547ad","sourceId":"1f8cd77d-2d56-4343-b12a-545da3b40e14","targetId":"3f28274a-26c6-4b5b-acf9-7fee066fcfe1","type":"AssignmentRelationship"},{"id":"33fc424d-a62c-49cc-b433-9ee19582aac8","sourceId":"1e4deaac-bc66-4088-b860-372bf65cc7b9","targetId":"f87842b4-1002-4e9e-9168-abd90df2aaec","type":"RealizationRelationship"},{"id":"28ab418e-7e68-438a-adb3-387272bbdf1a","sourceId":"9c8c6ea4-8ff6-4a0e-b534-27b26d6b155a","targetId":"ef09b9de-055f-4b67-b233-4cb404ef95c1","type":"RealizationRelationship"},{"id":"59b11584-e277-4b2d-9278-ece3f60a3640","sourceId":"1f4d745b-66b3-42ea-8cbf-02570b6c9d62","targetId":"81aec419-1ef7-443d-ac8e-3ded0fcce84b","type":"AccessRelationship"},{"id":"bd472453-439b-4bf1-b282-d57a2f5793ec","sourceId":"b817e5eb-59ee-4db4-b143-f55c96de6aba","targetId":"27574e2b-04fb-4b04-a547-9b78323a4f37","type":"AssignmentRelationship"},{"id":"810a7039-211f-4503-8ce9-99275962d5c8","sourceId":"b817e5eb-59ee-4db4-b143-f55c96de6aba","targetId":"232421ae-e981-4411-bf66-80775427b914","type":"AssignmentRelationship"},{"id":"f5ccb15f-3309-40ac-9eb4-49d2ef730003","sourceId":"35e27c64-a856-46be-bec3-4485bc16622e","targetId":"74d83228-d8cd-4141-a5b8-7298a0afee0b","type":"AccessRelationship"},{"id":"a12ef6ff-10e2-4b3d-9bbb-b4c36eb8ee9d","sourceId":"1f8cd77d-2d56-4343-b12a-545da3b40e14","targetId":"b9e5d5f0-c007-405c-ab2e-9ec9aa25a401","type":"RealizationRelationship"},{"id":"acad8513-2a7d-4e9c-a85c-a97761aa4d72","sourceId":"c92f1b4b-1c78-4574-8822-fbc27006d909","targetId":"2add3e68-d63b-4e17-b97e-7f9aed2bed3a","type":"AssociationRelationship"},{"id":"a479f0c1-d055-429a-a938-b723299a888b","sourceId":"80479433-ac33-4498-a3b5-eb9fdc53b429","targetId":"f87842b4-1002-4e9e-9168-abd90df2aaec","type":"RealizationRelationship"},{"id":"23cf5347-3308-43da-ab36-d23227a96e32","sourceId":"c92f1b4b-1c78-4574-8822-fbc27006d909","targetId":"ef09b9de-055f-4b67-b233-4cb404ef95c1","type":"RealizationRelationship"},{"id":"a36264b7-53ef-450e-b1c8-163b15d0a765","sourceId":"4f4814e9-8f3e-4c8b-ab29-78e96fe7dd4d","targetId":"9aec9235-48d1-453a-93b8-77a41b443204","type":"AccessRelationship"},{"id":"68aef2a5-23e1-4365-af28-1b097e0873d4","sourceId":"ef09b9de-055f-4b67-b233-4cb404ef95c1","targetId":"35c1f920-0be7-4123-8712-33238dc93817","type":"ServingRelationship"},{"id":"aa60c648-9c64-4648-9075-33751473f5fe","sourceId":"1f8cd77d-2d56-4343-b12a-545da3b40e14","targetId":"2c6e2fbc-8519-450c-9f39-37475c2e876a","type":"AssignmentRelationship"},{"id":"e02756c9-4323-40ee-a49d-52938da30ea0","sourceId":"f87842b4-1002-4e9e-9168-abd90df2aaec","targetId":"35c1f920-0be7-4123-8712-33238dc93817","type":"ServingRelationship"},{"id":"bb645f11-a497-4b5c-9463-c577b3fb78d5","sourceId":"b817e5eb-59ee-4db4-b143-f55c96de6aba","targetId":"b9e5d5f0-c007-405c-ab2e-9ec9aa25a401","type":"RealizationRelationship"},{"id":"c75d541a-036e-434f-8aed-b795d2931edd","sourceId":"ab510602-cd10-4871-948b-be1d14e6e396","targetId":"2add3e68-d63b-4e17-b97e-7f9aed2bed3a","type":"AccessRelationship"},{"id":"74edb088-88f4-4a57-b464-2d99a706fc06","sourceId":"1e4deaac-bc66-4088-b860-372bf65cc7b9","targetId":"74d83228-d8cd-4141-a5b8-7298a0afee0b","type":"AssociationRelationship"},{"id":"d5350807-1b80-46b8-915d-2fb03491dabe","sourceId":"80479433-ac33-4498-a3b5-eb9fdc53b429","targetId":"9aec9235-48d1-453a-93b8-77a41b443204","type":"AssociationRelationship"},{"id":"70e95cb2-5fd7-48fa-b362-70bfdd466ff1","sourceId":"b9e5d5f0-c007-405c-ab2e-9ec9aa25a401","targetId":"50443a79-989c-4848-99fd-b35be597700f","type":"ServingRelationship"},{"id":"d6f9b69d-14ca-4f9b-9913-3f832f366e5d","sourceId":"2c6e2fbc-8519-450c-9f39-37475c2e876a","targetId":"ab510602-cd10-4871-948b-be1d14e6e396","type":"CompositionRelationship"},{"id":"a7abcfc1-c547-4f7c-aa1b-8ef77fa27352","sourceId":"2c6e2fbc-8519-450c-9f39-37475c2e876a","targetId":"35e27c64-a856-46be-bec3-4485bc16622e","type":"CompositionRelationship"},{"id":"2271092d-50cc-4f67-833e-5d970785a81f","sourceId":"232421ae-e981-4411-bf66-80775427b914","targetId":"1f4d745b-66b3-42ea-8cbf-02570b6c9d62","type":"CompositionRelationship"},{"id":"dbb6f0e7-45c9-4633-b750-3485ca6aff5d","sourceId":"232421ae-e981-4411-bf66-80775427b914","targetId":"4f4814e9-8f3e-4c8b-ab29-78e96fe7dd4d","type":"CompositionRelationship"},{"id":"0fac7130-5d1a-4c9e-baae-c3aa636c8e1b","sourceId":"adc383fb-5bb9-4a1a-ab1f-621dca6d5860","targetId":"ab510602-cd10-4871-948b-be1d14e6e396","type":"FlowRelationship"},{"id":"a2ccf63a-1592-4e81-98fa-dc3c43c6ebfb","sourceId":"adc383fb-5bb9-4a1a-ab1f-621dca6d5860","targetId":"35e27c64-a856-46be-bec3-4485bc16622e","type":"FlowRelationship"},{"id":"53f34e86-a332-4d10-9ac6-b641b07564cf","sourceId":"781ce197-b827-4511-ac32-01087171715c","targetId":"1f4d745b-66b3-42ea-8cbf-02570b6c9d62","type":"FlowRelationship"},{"id":"542ef624-b8ab-41d9-8304-34d55b06d335","sourceId":"781ce197-b827-4511-ac32-01087171715c","targetId":"4f4814e9-8f3e-4c8b-ab29-78e96fe7dd4d","type":"FlowRelationship"}],"views":[{"id":"6b93c965","name":"factory","viewpoint":""},{"id":"abbe1ba7","name":"uml","viewpoint":""},{"id":"3f011e7c-2b50-4a0d-9f04-340446212b6f","name":"DI refer to concrete comp","viewpoint":""},{"id":"49b2b995-8b75-460c-a799-177abdf4896a","name":"factory (one fabric method with string parameter)","viewpoint":""}]}