<?xml version="1.0" encoding="UTF-8"?><model xmlns="http://www.opengroup.org/xsd/archimate/3.0/" xmlns:xsi="http://www.w3.org/2001/XMLSchema-instance" identifier="_BuKAUNmAEeqgY5yD8SByCQ">  <name xml:lang="en">Antwerpen</name>  <elements>    <element xsi:type="Grouping" identifier="_-wI5QLutEDiHT5Pb8wdm4w">      <name xml:lang="en">Массовое мероприятие на свежем воздухе - надсистема</name>      <documentation/>    </element>    <element xsi:type="Grouping" identifier="_C1lEoLuuEDiHT5Pb8wdm4w">      <name xml:lang="en">Система обеспечения комфорта - целевая система</name>      <documentation/>    </element>    <element xsi:type="Product" identifier="_PiElYLuuEDiHT5Pb8wdm4w">      <name xml:lang="en">Дрова</name>      <documentation/>    </element>    <element xsi:type="BusinessRole" identifier="_TW4TwLuuEDiHT5Pb8wdm4w">      <name xml:lang="en">Кочегар</name>      <documentation/>    </element>    <element xsi:type="Equipment" identifier="_zjSFoLu1EDiHT5Pb8wdm4w">      <name xml:lang="en">Камин</name>      <documentation/>    </element>    <element xsi:type="Grouping" identifier="_J9x2YLuuEDiHT5Pb8wdm4w">      <name xml:lang="en">Система доставки</name>      <documentation/>    </element>    <element xsi:type="BusinessRole" identifier="_tH6o4LuuEDiHT5Pb8wdm4w">      <name xml:lang="en">Перевозчик (транспортная компания)</name>      <documentation/>    </element>    <element xsi:type="Grouping" identifier="_c7xKYLuuEDiHT5Pb8wdm4w">      <name xml:lang="en">Система хранения</name>      <documentation/>    </element>    <element xsi:type="BusinessRole" identifier="_xevfMLuuEDiHT5Pb8wdm4w">      <name xml:lang="en">Сервис-инженер</name>      <documentation/>    </element>    <element xsi:type="BusinessRole" identifier="_gIzp8Lu1EDiHT5Pb8wdm4w">      <name xml:lang="en">Закупщик (дрова)</name>      <documentation/>    </element>    <element xsi:type="Facility" identifier="_rk89ILu1EDiHT5Pb8wdm4w">      <name xml:lang="en">Гараж</name>      <documentation/>    </element>    <element xsi:type="Equipment" identifier="_tY61ILu1EDiHT5Pb8wdm4w">      <name xml:lang="en">Камин</name>      <documentation/>    </element>    <element xsi:type="Material" identifier="_vI3v0Lu1EDiHT5Pb8wdm4w">      <name xml:lang="en">Дрова</name>      <documentation/>    </element>    <element xsi:type="Grouping" identifier="_gY9qALuuEDiHT5Pb8wdm4w">      <name xml:lang="en">Система разгрузки/монтажа/демонтажа</name>      <documentation/>    </element>    <element xsi:type="BusinessRole" identifier="_6LyH0LuuEDiHT5Pb8wdm4w">      <name xml:lang="en">Грузчик</name>      <documentation/>    </element>    <element xsi:type="BusinessRole" identifier="_F_g0kLuvEDiHT5Pb8wdm4w">      <name xml:lang="en">Монтажник</name>      <documentation/>    </element>    <element xsi:type="BusinessRole" identifier="_qXWwULuvEDiHT5Pb8wdm4w">      <name xml:lang="en">Монтажник</name>      <documentation/>    </element>    <element xsi:type="BusinessRole" identifier="_sO6u4LuvEDiHT5Pb8wdm4w">      <name xml:lang="en">Грузчик</name>      <documentation/>    </element>    <element xsi:type="Grouping" identifier="_5T95kLuvEDiHT5Pb8wdm4w">      <name xml:lang="en">Маркетинг и продажи</name>      <documentation/>    </element>    <element xsi:type="BusinessRole" identifier="_7s4RsLuvEDiHT5Pb8wdm4w">      <name xml:lang="en">Маркетолог</name>      <documentation/>    </element>    <element xsi:type="BusinessRole" identifier="_9N28QLuvEDiHT5Pb8wdm4w">      <name xml:lang="en">Продавец</name>      <documentation/>    </element>    <element xsi:type="BusinessRole" identifier="_2gQ0ILu1EDiHT5Pb8wdm4w">      <name xml:lang="en">Диспетчер</name>      <documentation/>    </element>    <element xsi:type="BusinessEvent" identifier="_ZLSwILuzEDiHT5Pb8wdm4w">      <name xml:lang="en">Начало исполнения заказа</name>      <documentation/>    </element>    <element xsi:type="BusinessRole" identifier="_dF3IQLuzEDiHT5Pb8wdm4w">      <name xml:lang="en">Диспетчер</name>      <documentation/>    </element>    <element xsi:type="BusinessFunction" identifier="_gQUSELuzEDiHT5Pb8wdm4w">      <name xml:lang="en">Заказ перевозки</name>      <documentation/>    </element>    <element xsi:type="BusinessFunction" identifier="_oelUALuzEDiHT5Pb8wdm4w">      <name xml:lang="en">Погрузка</name>      <documentation/>    </element>    <element xsi:type="BusinessRole" identifier="_reMfwLuzEDiHT5Pb8wdm4w">      <name xml:lang="en">Грузчик</name>      <documentation/>    </element>    <element xsi:type="BusinessRole" identifier="_v_xNgLuzEDiHT5Pb8wdm4w">      <name xml:lang="en">Грузчик</name>      <documentation/>    </element>    <element xsi:type="BusinessProcess" identifier="_zkX8sLuzEDiHT5Pb8wdm4w">      <name xml:lang="en">Транспортировка к месту</name>      <documentation/>    </element>    <element xsi:type="BusinessCollaboration" identifier="_6Ir-QLuzEDiHT5Pb8wdm4w">      <name xml:lang="en">Транспортная компания</name>      <documentation/>    </element>    <element xsi:type="BusinessFunction" identifier="_9iJ0cLuzEDiHT5Pb8wdm4w">      <name xml:lang="en">Выгрузка и размещение</name>      <documentation/>    </element>    <element xsi:type="BusinessRole" identifier="_AzNVgLu0EDiHT5Pb8wdm4w">      <name xml:lang="en">Грузчик</name>      <documentation/>    </element>    <element xsi:type="BusinessRole" identifier="_CHWd8Lu0EDiHT5Pb8wdm4w">      <name xml:lang="en">Грузчик</name>      <documentation/>    </element>    <element xsi:type="BusinessFunction" identifier="_HPIQELu0EDiHT5Pb8wdm4w">      <name xml:lang="en">Монтаж и подготовка к эксплуатации</name>      <documentation/>    </element>    <element xsi:type="BusinessRole" identifier="_QsJkILu0EDiHT5Pb8wdm4w">      <name xml:lang="en">Монтажник</name>      <documentation/>    </element>    <element xsi:type="BusinessRole" identifier="_SI_VkLu0EDiHT5Pb8wdm4w">      <name xml:lang="en">Монтажник</name>      <documentation/>    </element>    <element xsi:type="BusinessFunction" identifier="_UPxb4Lu0EDiHT5Pb8wdm4w">      <name xml:lang="en">Эксплуатация</name>      <documentation/>    </element>    <element xsi:type="BusinessRole" identifier="_cAXqYLu0EDiHT5Pb8wdm4w">      <name xml:lang="en">Кочегар</name>      <documentation/>    </element>    <element xsi:type="BusinessFunction" identifier="_l_WcALu0EDiHT5Pb8wdm4w">      <name xml:lang="en">Демонтаж</name>      <documentation/>    </element>    <element xsi:type="BusinessFunction" identifier="_oPpqsLu0EDiHT5Pb8wdm4w">      <name xml:lang="en">Заказ перевозки</name>      <documentation/>    </element>    <element xsi:type="BusinessRole" identifier="_s8_jkLu0EDiHT5Pb8wdm4w">      <name xml:lang="en">Диспетчер</name>      <documentation/>    </element>    <element xsi:type="BusinessRole" identifier="_whWbILu0EDiHT5Pb8wdm4w">      <name xml:lang="en">Монтажник</name>      <documentation/>    </element>    <element xsi:type="BusinessRole" identifier="_xM1oILu0EDiHT5Pb8wdm4w">      <name xml:lang="en">Монтажник</name>      <documentation/>    </element>    <element xsi:type="BusinessFunction" identifier="_0ivM8Lu0EDiHT5Pb8wdm4w">      <name xml:lang="en">Погрузка</name>      <documentation/>    </element>    <element xsi:type="BusinessRole" identifier="_2KaVYLu0EDiHT5Pb8wdm4w">      <name xml:lang="en">Грузчик</name>      <documentation/>    </element>    <element xsi:type="BusinessRole" identifier="_2lBNwLu0EDiHT5Pb8wdm4w">      <name xml:lang="en">Грузчик</name>      <documentation/>    </element>    <element xsi:type="BusinessFunction" identifier="_7HdeMLu0EDiHT5Pb8wdm4w">      <name xml:lang="en">Транспортировка на склад</name>      <documentation/>    </element>    <element xsi:type="BusinessCollaboration" identifier="_9YDAwLu0EDiHT5Pb8wdm4w">      <name xml:lang="en">Транспортная компания</name>      <documentation/>    </element>    <element xsi:type="BusinessFunction" identifier="__Vm5oLu0EDiHT5Pb8wdm4w">      <name xml:lang="en">Выгрузка и размещение на складе</name>      <documentation/>    </element>    <element xsi:type="BusinessRole" identifier="_A2A8cLu1EDiHT5Pb8wdm4w">      <name xml:lang="en">Грузчик</name>      <documentation/>    </element>    <element xsi:type="BusinessRole" identifier="_KM3-ILu1EDiHT5Pb8wdm4w">      <name xml:lang="en">Грузчик</name>      <documentation/>    </element>    <element xsi:type="BusinessEvent" identifier="_No7OQLu1EDiHT5Pb8wdm4w">      <name xml:lang="en">Заказ исполнен</name>      <documentation/>    </element>  </elements>  <relationships>    <relationship xsi:type="Triggering" identifier="_lh0A4LuzEDiHT5Pb8wdm4w" source="_ZLSwILuzEDiHT5Pb8wdm4w" target="_gQUSELuzEDiHT5Pb8wdm4w">      <name xml:lang="en"/>      <documentation/>    </relationship>    <relationship xsi:type="Association" identifier="_nwKHwLuzEDiHT5Pb8wdm4w" source="_dF3IQLuzEDiHT5Pb8wdm4w" target="_gQUSELuzEDiHT5Pb8wdm4w">      <name xml:lang="en"/>      <documentation/>    </relationship>    <relationship xsi:type="Association" identifier="_w75ekLuzEDiHT5Pb8wdm4w" source="_reMfwLuzEDiHT5Pb8wdm4w" target="_oelUALuzEDiHT5Pb8wdm4w">      <name xml:lang="en"/>      <documentation/>    </relationship>    <relationship xsi:type="Association" identifier="_xSsN8LuzEDiHT5Pb8wdm4w" source="_v_xNgLuzEDiHT5Pb8wdm4w" target="_oelUALuzEDiHT5Pb8wdm4w">      <name xml:lang="en"/>      <documentation/>    </relationship>    <relationship xsi:type="Triggering" identifier="_xv5HULuzEDiHT5Pb8wdm4w" source="_gQUSELuzEDiHT5Pb8wdm4w" target="_oelUALuzEDiHT5Pb8wdm4w">      <name xml:lang="en"/>      <documentation/>    </relationship>    <relationship xsi:type="Triggering" identifier="_1RBEsLuzEDiHT5Pb8wdm4w" source="_oelUALuzEDiHT5Pb8wdm4w" target="_zkX8sLuzEDiHT5Pb8wdm4w">      <name xml:lang="en"/>      <documentation/>    </relationship>    <relationship xsi:type="Association" identifier="_76UT8LuzEDiHT5Pb8wdm4w" source="_6Ir-QLuzEDiHT5Pb8wdm4w" target="_zkX8sLuzEDiHT5Pb8wdm4w">      <name xml:lang="en"/>      <documentation/>    </relationship>    <relationship xsi:type="Triggering" identifier="__RSPwLuzEDiHT5Pb8wdm4w" source="_zkX8sLuzEDiHT5Pb8wdm4w" target="_9iJ0cLuzEDiHT5Pb8wdm4w">      <name xml:lang="en"/>      <documentation/>    </relationship>    <relationship xsi:type="Association" identifier="_D6RNELu0EDiHT5Pb8wdm4w" source="_AzNVgLu0EDiHT5Pb8wdm4w" target="_9iJ0cLuzEDiHT5Pb8wdm4w">      <name xml:lang="en"/>      <documentation/>    </relationship>    <relationship xsi:type="Association" identifier="_ERxHELu0EDiHT5Pb8wdm4w" source="_CHWd8Lu0EDiHT5Pb8wdm4w" target="_9iJ0cLuzEDiHT5Pb8wdm4w">      <name xml:lang="en"/>      <documentation/>    </relationship>    <relationship xsi:type="Triggering" identifier="_QFz84Lu0EDiHT5Pb8wdm4w" source="_9iJ0cLuzEDiHT5Pb8wdm4w" target="_HPIQELu0EDiHT5Pb8wdm4w">      <name xml:lang="en"/>      <documentation/>    </relationship>    <relationship xsi:type="Association" identifier="_TeKYwLu0EDiHT5Pb8wdm4w" source="_QsJkILu0EDiHT5Pb8wdm4w" target="_HPIQELu0EDiHT5Pb8wdm4w">      <name xml:lang="en"/>      <documentation/>    </relationship>    <relationship xsi:type="Association" identifier="_TwPAMLu0EDiHT5Pb8wdm4w" source="_SI_VkLu0EDiHT5Pb8wdm4w" target="_HPIQELu0EDiHT5Pb8wdm4w">      <name xml:lang="en"/>      <documentation/>    </relationship>    <relationship xsi:type="Association" identifier="_c7aWULu0EDiHT5Pb8wdm4w" source="_cAXqYLu0EDiHT5Pb8wdm4w" target="_UPxb4Lu0EDiHT5Pb8wdm4w">      <name xml:lang="en"/>      <documentation/>    </relationship>    <relationship xsi:type="Triggering" identifier="_d30UMLu0EDiHT5Pb8wdm4w" source="_HPIQELu0EDiHT5Pb8wdm4w" target="_UPxb4Lu0EDiHT5Pb8wdm4w">      <name xml:lang="en"/>      <documentation/>    </relationship>    <relationship xsi:type="Triggering" identifier="_tvewcLu0EDiHT5Pb8wdm4w" source="_UPxb4Lu0EDiHT5Pb8wdm4w" target="_oPpqsLu0EDiHT5Pb8wdm4w">      <name xml:lang="en"/>      <documentation/>    </relationship>    <relationship xsi:type="Association" identifier="_umvIkLu0EDiHT5Pb8wdm4w" source="_s8_jkLu0EDiHT5Pb8wdm4w" target="_oPpqsLu0EDiHT5Pb8wdm4w">      <name xml:lang="en"/>      <documentation/>    </relationship>    <relationship xsi:type="Triggering" identifier="_vzUQcLu0EDiHT5Pb8wdm4w" source="_oPpqsLu0EDiHT5Pb8wdm4w" target="_l_WcALu0EDiHT5Pb8wdm4w">      <name xml:lang="en"/>      <documentation/>    </relationship>    <relationship xsi:type="Association" identifier="_zqVlULu0EDiHT5Pb8wdm4w" source="_whWbILu0EDiHT5Pb8wdm4w" target="_l_WcALu0EDiHT5Pb8wdm4w">      <name xml:lang="en"/>      <documentation/>    </relationship>    <relationship xsi:type="Association" identifier="_0AGZ8Lu0EDiHT5Pb8wdm4w" source="_xM1oILu0EDiHT5Pb8wdm4w" target="_l_WcALu0EDiHT5Pb8wdm4w">      <name xml:lang="en"/>      <documentation/>    </relationship>    <relationship xsi:type="Association" identifier="_3vbycLu0EDiHT5Pb8wdm4w" source="_2KaVYLu0EDiHT5Pb8wdm4w" target="_0ivM8Lu0EDiHT5Pb8wdm4w">      <name xml:lang="en"/>      <documentation/>    </relationship>    <relationship xsi:type="Association" identifier="_4BxfoLu0EDiHT5Pb8wdm4w" source="_2lBNwLu0EDiHT5Pb8wdm4w" target="_0ivM8Lu0EDiHT5Pb8wdm4w">      <name xml:lang="en"/>      <documentation/>    </relationship>    <relationship xsi:type="Triggering" identifier="_6FwJkLu0EDiHT5Pb8wdm4w" source="_l_WcALu0EDiHT5Pb8wdm4w" target="_0ivM8Lu0EDiHT5Pb8wdm4w">      <name xml:lang="en"/>      <documentation/>    </relationship>    <relationship xsi:type="Triggering" identifier="_8_NC8Lu0EDiHT5Pb8wdm4w" source="_0ivM8Lu0EDiHT5Pb8wdm4w" target="_7HdeMLu0EDiHT5Pb8wdm4w">      <name xml:lang="en"/>      <documentation/>    </relationship>    <relationship xsi:type="Association" identifier="_-E11ULu0EDiHT5Pb8wdm4w" source="_9YDAwLu0EDiHT5Pb8wdm4w" target="_7HdeMLu0EDiHT5Pb8wdm4w">      <name xml:lang="en"/>      <documentation/>    </relationship>    <relationship xsi:type="Triggering" identifier="_AUjOILu1EDiHT5Pb8wdm4w" source="_7HdeMLu0EDiHT5Pb8wdm4w" target="__Vm5oLu0EDiHT5Pb8wdm4w">      <name xml:lang="en"/>      <documentation/>    </relationship>    <relationship xsi:type="Association" identifier="_LKjHULu1EDiHT5Pb8wdm4w" source="_A2A8cLu1EDiHT5Pb8wdm4w" target="__Vm5oLu0EDiHT5Pb8wdm4w">      <name xml:lang="en"/>      <documentation/>    </relationship>    <relationship xsi:type="Association" identifier="_LdfRcLu1EDiHT5Pb8wdm4w" source="_KM3-ILu1EDiHT5Pb8wdm4w" target="__Vm5oLu0EDiHT5Pb8wdm4w">      <name xml:lang="en"/>      <documentation/>    </relationship>    <relationship xsi:type="Triggering" identifier="_QHJkMLu1EDiHT5Pb8wdm4w" source="__Vm5oLu0EDiHT5Pb8wdm4w" target="_No7OQLu1EDiHT5Pb8wdm4w">      <name xml:lang="en"/>      <documentation/>    </relationship>  </relationships>  <views>    <diagrams>      <view identifier="_BuKAU9mAEeqgY5yD8SByCQ">        <name xml:lang="en">archimate-diagram</name>        <node xsi:type="Element" identifier="_-wcbQLutEDiHT5Pb8wdm4w" h="680" w="1520" x="35" y="633" elementRef="_-wI5QLutEDiHT5Pb8wdm4w">          <node xsi:type="Element" identifier="_C1qkMLuuEDiHT5Pb8wdm4w" h="350" w="450" x="1050" y="677" elementRef="_C1lEoLuuEDiHT5Pb8wdm4w">            <node xsi:type="Element" identifier="_PiKE8LuuEDiHT5Pb8wdm4w" h="60" w="130" x="1065" y="797" elementRef="_PiElYLuuEDiHT5Pb8wdm4w"/>            <node xsi:type="Element" identifier="_TW7-ILuuEDiHT5Pb8wdm4w" h="60" w="130" x="1210" y="717" elementRef="_TW4TwLuuEDiHT5Pb8wdm4w"/>            <node xsi:type="Element" identifier="_zjW-ILu1EDiHT5Pb8wdm4w" h="60" w="130" x="1065" y="717" elementRef="_zjSFoLu1EDiHT5Pb8wdm4w"/>          </node>          <node xsi:type="Element" identifier="_J95yMLuuEDiHT5Pb8wdm4w" h="360" w="190" x="439" y="672" elementRef="_J9x2YLuuEDiHT5Pb8wdm4w">            <node xsi:type="Element" identifier="_tIBWkLuuEDiHT5Pb8wdm4w" h="60" w="130" x="469" y="720" elementRef="_tH6o4LuuEDiHT5Pb8wdm4w"/>          </node>          <node xsi:type="Element" identifier="_c72p8LuuEDiHT5Pb8wdm4w" h="360" w="358" x="52" y="672" elementRef="_c7xKYLuuEDiHT5Pb8wdm4w">            <node xsi:type="Element" identifier="_xezwoLuuEDiHT5Pb8wdm4w" h="60" w="130" x="71" y="739" elementRef="_xevfMLuuEDiHT5Pb8wdm4w"/>            <node xsi:type="Element" identifier="_gI1fILu1EDiHT5Pb8wdm4w" h="60" w="130" x="71" y="822" elementRef="_gIzp8Lu1EDiHT5Pb8wdm4w"/>            <node xsi:type="Element" identifier="_rlDq0Lu1EDiHT5Pb8wdm4w" h="60" w="130" x="224" y="718" elementRef="_rk89ILu1EDiHT5Pb8wdm4w"/>            <node xsi:type="Element" identifier="_tZAUsLu1EDiHT5Pb8wdm4w" h="60" w="130" x="224" y="805" elementRef="_tY61ILu1EDiHT5Pb8wdm4w"/>            <node xsi:type="Element" identifier="_vI5lALu1EDiHT5Pb8wdm4w" h="60" w="130" x="224" y="896" elementRef="_vI3v0Lu1EDiHT5Pb8wdm4w"/>          </node>          <node xsi:type="Element" identifier="_gZEXsLuuEDiHT5Pb8wdm4w" h="360" w="334" x="670" y="672" elementRef="_gY9qALuuEDiHT5Pb8wdm4w">            <node xsi:type="Element" identifier="_6L4OcLuuEDiHT5Pb8wdm4w" h="60" w="130" x="753" y="797" elementRef="_6LyH0LuuEDiHT5Pb8wdm4w"/>            <node xsi:type="Element" identifier="_F_iCsLuvEDiHT5Pb8wdm4w" h="60" w="130" x="753" y="717" elementRef="_F_g0kLuvEDiHT5Pb8wdm4w"/>            <node xsi:type="Element" identifier="_qXYlgLuvEDiHT5Pb8wdm4w" h="60" w="130" x="753" y="882" elementRef="_qXWwULuvEDiHT5Pb8wdm4w"/>            <node xsi:type="Element" identifier="_sPBckLuvEDiHT5Pb8wdm4w" h="60" w="130" x="753" y="957" elementRef="_sO6u4LuvEDiHT5Pb8wdm4w"/>          </node>          <node xsi:type="Element" identifier="_5UEAMLuvEDiHT5Pb8wdm4w" h="220" w="350" x="52" y="1047" elementRef="_5T95kLuvEDiHT5Pb8wdm4w">            <node xsi:type="Element" identifier="_7s9xQLuvEDiHT5Pb8wdm4w" h="60" w="130" x="71" y="1086" elementRef="_7s4RsLuvEDiHT5Pb8wdm4w"/>            <node xsi:type="Element" identifier="_9N70wLuvEDiHT5Pb8wdm4w" h="60" w="130" x="71" y="1178" elementRef="_9N28QLuvEDiHT5Pb8wdm4w"/>            <node xsi:type="Element" identifier="_2gSpULu1EDiHT5Pb8wdm4w" h="60" w="130" x="237" y="1086" elementRef="_2gQ0ILu1EDiHT5Pb8wdm4w"/>          </node>        </node>        <node xsi:type="Element" identifier="_ZLe9YLuzEDiHT5Pb8wdm4w" h="60" w="120" x="35" y="200" elementRef="_ZLSwILuzEDiHT5Pb8wdm4w"/>        <node xsi:type="Element" identifier="_dF_rILuzEDiHT5Pb8wdm4w" h="60" w="130" x="178" y="83" elementRef="_dF3IQLuzEDiHT5Pb8wdm4w"/>        <node xsi:type="Element" identifier="_gQZKkLuzEDiHT5Pb8wdm4w" h="60" w="130" x="178" y="200" elementRef="_gQUSELuzEDiHT5Pb8wdm4w"/>        <node xsi:type="Element" identifier="_oet24LuzEDiHT5Pb8wdm4w" h="60" w="130" x="370" y="200" elementRef="_oelUALuzEDiHT5Pb8wdm4w"/>        <node xsi:type="Element" identifier="_reRYQLuzEDiHT5Pb8wdm4w" h="60" w="130" x="334" y="83" elementRef="_reMfwLuzEDiHT5Pb8wdm4w"/>        <node xsi:type="Element" identifier="_v_5JULuzEDiHT5Pb8wdm4w" h="60" w="130" x="486" y="83" elementRef="_v_xNgLuzEDiHT5Pb8wdm4w"/>        <node xsi:type="Element" identifier="_zkji4LuzEDiHT5Pb8wdm4w" h="60" w="130" x="633" y="200" elementRef="_zkX8sLuzEDiHT5Pb8wdm4w"/>        <node xsi:type="Element" identifier="_6I2WULuzEDiHT5Pb8wdm4w" h="60" w="130" x="633" y="83" elementRef="_6Ir-QLuzEDiHT5Pb8wdm4w"/>        <node xsi:type="Element" identifier="_9iS-YLuzEDiHT5Pb8wdm4w" h="60" w="130" x="853" y="200" elementRef="_9iJ0cLuzEDiHT5Pb8wdm4w"/>        <node xsi:type="Element" identifier="_AzTcILu0EDiHT5Pb8wdm4w" h="60" w="130" x="805" y="83" elementRef="_AzNVgLu0EDiHT5Pb8wdm4w"/>        <node xsi:type="Element" identifier="_CHbWcLu0EDiHT5Pb8wdm4w" h="60" w="130" x="971" y="83" elementRef="_CHWd8Lu0EDiHT5Pb8wdm4w"/>        <node xsi:type="Element" identifier="_HPPk0Lu0EDiHT5Pb8wdm4w" h="60" w="130" x="1337" y="200" elementRef="_HPIQELu0EDiHT5Pb8wdm4w"/>        <node xsi:type="Element" identifier="_QsPqwLu0EDiHT5Pb8wdm4w" h="60" w="130" x="1261" y="83" elementRef="_QsJkILu0EDiHT5Pb8wdm4w"/>        <node xsi:type="Element" identifier="_SJDnALu0EDiHT5Pb8wdm4w" h="60" w="130" x="1424" y="83" elementRef="_SI_VkLu0EDiHT5Pb8wdm4w"/>        <node xsi:type="Element" identifier="_UP0fMLu0EDiHT5Pb8wdm4w" h="60" w="130" x="1337" y="366" elementRef="_UPxb4Lu0EDiHT5Pb8wdm4w"/>        <node xsi:type="Element" identifier="_cAlFwLu0EDiHT5Pb8wdm4w" h="60" w="130" x="1450" y="282" elementRef="_cAXqYLu0EDiHT5Pb8wdm4w"/>        <node xsi:type="Element" identifier="_l_g0ELu0EDiHT5Pb8wdm4w" h="60" w="130" x="1150" y="521" elementRef="_l_WcALu0EDiHT5Pb8wdm4w"/>        <node xsi:type="Element" identifier="_oPy0oLu0EDiHT5Pb8wdm4w" h="60" w="130" x="1337" y="521" elementRef="_oPpqsLu0EDiHT5Pb8wdm4w"/>        <node xsi:type="Element" identifier="_s8_jkru0EDiHT5Pb8wdm4w" h="60" w="130" x="1450" y="438" elementRef="_s8_jkLu0EDiHT5Pb8wdm4w"/>        <node xsi:type="Element" identifier="_whdI0Lu0EDiHT5Pb8wdm4w" h="60" w="130" x="1040" y="419" elementRef="_whWbILu0EDiHT5Pb8wdm4w"/>        <node xsi:type="Element" identifier="_xNCccLu0EDiHT5Pb8wdm4w" h="60" w="130" x="1182" y="419" elementRef="_xM1oILu0EDiHT5Pb8wdm4w"/>        <node xsi:type="Element" identifier="_0i2hsLu0EDiHT5Pb8wdm4w" h="60" w="130" x="924" y="521" elementRef="_0ivM8Lu0EDiHT5Pb8wdm4w"/>        <node xsi:type="Element" identifier="_2KmioLu0EDiHT5Pb8wdm4w" h="60" w="130" x="873" y="419" elementRef="_2KaVYLu0EDiHT5Pb8wdm4w"/>        <node xsi:type="Element" identifier="_2lNbALu0EDiHT5Pb8wdm4w" h="60" w="130" x="985" y="302" elementRef="_2lBNwLu0EDiHT5Pb8wdm4w"/>        <node xsi:type="Element" identifier="_7HiWsLu0EDiHT5Pb8wdm4w" h="60" w="130" x="723" y="521" elementRef="_7HdeMLu0EDiHT5Pb8wdm4w"/>        <node xsi:type="Element" identifier="_9YDAwru0EDiHT5Pb8wdm4w" h="60" w="130" x="723" y="419" elementRef="_9YDAwLu0EDiHT5Pb8wdm4w"/>        <node xsi:type="Element" identifier="__VtAQLu0EDiHT5Pb8wdm4w" h="60" w="130" x="388" y="521" elementRef="__Vm5oLu0EDiHT5Pb8wdm4w"/>        <node xsi:type="Element" identifier="_A2HqILu1EDiHT5Pb8wdm4w" h="60" w="130" x="504" y="419" elementRef="_A2A8cLu1EDiHT5Pb8wdm4w"/>        <node xsi:type="Element" identifier="_KNAhALu1EDiHT5Pb8wdm4w" h="60" w="130" x="334" y="419" elementRef="_KM3-ILu1EDiHT5Pb8wdm4w"/>        <node xsi:type="Element" identifier="_NpDKELu1EDiHT5Pb8wdm4w" h="60" w="130" x="35" y="521" elementRef="_No7OQLu1EDiHT5Pb8wdm4w"/>        <connection xsi:type="Relationship" identifier="_lh9K0LuzEDiHT5Pb8wdm4w" source="_ZLe9YLuzEDiHT5Pb8wdm4w" target="_gQZKkLuzEDiHT5Pb8wdm4w" relationshipRef="_lh0A4LuzEDiHT5Pb8wdm4w"/>        <connection xsi:type="Relationship" identifier="_nwQ1cLuzEDiHT5Pb8wdm4w" source="_dF_rILuzEDiHT5Pb8wdm4w" target="_gQZKkLuzEDiHT5Pb8wdm4w" relationshipRef="_nwKHwLuzEDiHT5Pb8wdm4w"/>        <connection xsi:type="Relationship" identifier="_w7-XELuzEDiHT5Pb8wdm4w" source="_reRYQLuzEDiHT5Pb8wdm4w" target="_oet24LuzEDiHT5Pb8wdm4w" relationshipRef="_w75ekLuzEDiHT5Pb8wdm4w"/>        <connection xsi:type="Relationship" identifier="_xSvRQLuzEDiHT5Pb8wdm4w" source="_v_5JULuzEDiHT5Pb8wdm4w" target="_oet24LuzEDiHT5Pb8wdm4w" relationshipRef="_xSsN8LuzEDiHT5Pb8wdm4w"/>        <connection xsi:type="Relationship" identifier="_xv7jkLuzEDiHT5Pb8wdm4w" source="_gQZKkLuzEDiHT5Pb8wdm4w" target="_oet24LuzEDiHT5Pb8wdm4w" relationshipRef="_xv5HULuzEDiHT5Pb8wdm4w"/>        <connection xsi:type="Relationship" identifier="_1RHyYLuzEDiHT5Pb8wdm4w" source="_oet24LuzEDiHT5Pb8wdm4w" target="_zkji4LuzEDiHT5Pb8wdm4w" relationshipRef="_1RBEsLuzEDiHT5Pb8wdm4w"/>        <connection xsi:type="Relationship" identifier="_76bosLuzEDiHT5Pb8wdm4w" source="_6I2WULuzEDiHT5Pb8wdm4w" target="_zkji4LuzEDiHT5Pb8wdm4w" relationshipRef="_76UT8LuzEDiHT5Pb8wdm4w"/>        <connection xsi:type="Relationship" identifier="__RbZsLuzEDiHT5Pb8wdm4w" source="_zkji4LuzEDiHT5Pb8wdm4w" target="_9iS-YLuzEDiHT5Pb8wdm4w" relationshipRef="__RSPwLuzEDiHT5Pb8wdm4w"/>        <connection xsi:type="Relationship" identifier="_D6ZI4Lu0EDiHT5Pb8wdm4w" source="_AzTcILu0EDiHT5Pb8wdm4w" target="_9iS-YLuzEDiHT5Pb8wdm4w" relationshipRef="_D6RNELu0EDiHT5Pb8wdm4w"/>        <connection xsi:type="Relationship" identifier="_ERzjULu0EDiHT5Pb8wdm4w" source="_CHbWcLu0EDiHT5Pb8wdm4w" target="_9iS-YLuzEDiHT5Pb8wdm4w" relationshipRef="_ERxHELu0EDiHT5Pb8wdm4w"/>        <connection xsi:type="Relationship" identifier="_QF7RoLu0EDiHT5Pb8wdm4w" source="_9iS-YLuzEDiHT5Pb8wdm4w" target="_HPPk0Lu0EDiHT5Pb8wdm4w" relationshipRef="_QFz84Lu0EDiHT5Pb8wdm4w"/>        <connection xsi:type="Relationship" identifier="_TeRtgLu0EDiHT5Pb8wdm4w" source="_QsPqwLu0EDiHT5Pb8wdm4w" target="_HPPk0Lu0EDiHT5Pb8wdm4w" relationshipRef="_TeKYwLu0EDiHT5Pb8wdm4w"/>        <connection xsi:type="Relationship" identifier="_TwSDgLu0EDiHT5Pb8wdm4w" source="_SJDnALu0EDiHT5Pb8wdm4w" target="_HPPk0Lu0EDiHT5Pb8wdm4w" relationshipRef="_TwPAMLu0EDiHT5Pb8wdm4w"/>        <connection xsi:type="Relationship" identifier="_c7dZoLu0EDiHT5Pb8wdm4w" source="_cAlFwLu0EDiHT5Pb8wdm4w" target="_UP0fMLu0EDiHT5Pb8wdm4w" relationshipRef="_c7aWULu0EDiHT5Pb8wdm4w"/>        <connection xsi:type="Relationship" identifier="_d33-kLu0EDiHT5Pb8wdm4w" source="_HPPk0Lu0EDiHT5Pb8wdm4w" target="_UP0fMLu0EDiHT5Pb8wdm4w" relationshipRef="_d30UMLu0EDiHT5Pb8wdm4w"/>        <connection xsi:type="Relationship" identifier="_tvpvkLu0EDiHT5Pb8wdm4w" source="_UP0fMLu0EDiHT5Pb8wdm4w" target="_oPy0oLu0EDiHT5Pb8wdm4w" relationshipRef="_tvewcLu0EDiHT5Pb8wdm4w"/>        <connection xsi:type="Relationship" identifier="_umyy8Lu0EDiHT5Pb8wdm4w" source="_s8_jkru0EDiHT5Pb8wdm4w" target="_oPy0oLu0EDiHT5Pb8wdm4w" relationshipRef="_umvIkLu0EDiHT5Pb8wdm4w"/>        <connection xsi:type="Relationship" identifier="_vzXTwLu0EDiHT5Pb8wdm4w" source="_oPy0oLu0EDiHT5Pb8wdm4w" target="_l_g0ELu0EDiHT5Pb8wdm4w" relationshipRef="_vzUQcLu0EDiHT5Pb8wdm4w"/>        <connection xsi:type="Relationship" identifier="_zqfWULu0EDiHT5Pb8wdm4w" source="_whdI0Lu0EDiHT5Pb8wdm4w" target="_l_g0ELu0EDiHT5Pb8wdm4w" relationshipRef="_zqVlULu0EDiHT5Pb8wdm4w"/>        <connection xsi:type="Relationship" identifier="_0AI2MLu0EDiHT5Pb8wdm4w" source="_xNCccLu0EDiHT5Pb8wdm4w" target="_l_g0ELu0EDiHT5Pb8wdm4w" relationshipRef="_0AGZ8Lu0EDiHT5Pb8wdm4w"/>        <connection xsi:type="Relationship" identifier="_3vfc0Lu0EDiHT5Pb8wdm4w" source="_2KmioLu0EDiHT5Pb8wdm4w" target="_0i2hsLu0EDiHT5Pb8wdm4w" relationshipRef="_3vbycLu0EDiHT5Pb8wdm4w"/>        <connection xsi:type="Relationship" identifier="_4B0i8Lu0EDiHT5Pb8wdm4w" source="_2lNbALu0EDiHT5Pb8wdm4w" target="_0i2hsLu0EDiHT5Pb8wdm4w" relationshipRef="_4BxfoLu0EDiHT5Pb8wdm4w"/>        <connection xsi:type="Relationship" identifier="_6Fzz8Lu0EDiHT5Pb8wdm4w" source="_l_g0ELu0EDiHT5Pb8wdm4w" target="_0i2hsLu0EDiHT5Pb8wdm4w" relationshipRef="_6FwJkLu0EDiHT5Pb8wdm4w"/>        <connection xsi:type="Relationship" identifier="_8_XbALu0EDiHT5Pb8wdm4w" source="_0i2hsLu0EDiHT5Pb8wdm4w" target="_7HiWsLu0EDiHT5Pb8wdm4w" relationshipRef="_8_NC8Lu0EDiHT5Pb8wdm4w"/>        <connection xsi:type="Relationship" identifier="_-FBbgLu0EDiHT5Pb8wdm4w" source="_9YDAwru0EDiHT5Pb8wdm4w" target="_7HiWsLu0EDiHT5Pb8wdm4w" relationshipRef="_-E11ULu0EDiHT5Pb8wdm4w"/>        <connection xsi:type="Relationship" identifier="_AUuNQLu1EDiHT5Pb8wdm4w" source="_7HiWsLu0EDiHT5Pb8wdm4w" target="__VtAQLu0EDiHT5Pb8wdm4w" relationshipRef="_AUjOILu1EDiHT5Pb8wdm4w"/>        <connection xsi:type="Relationship" identifier="_LKutgLu1EDiHT5Pb8wdm4w" source="_A2HqILu1EDiHT5Pb8wdm4w" target="__VtAQLu0EDiHT5Pb8wdm4w" relationshipRef="_LKjHULu1EDiHT5Pb8wdm4w"/>        <connection xsi:type="Relationship" identifier="_Ldi70Lu1EDiHT5Pb8wdm4w" source="_KNAhALu1EDiHT5Pb8wdm4w" target="__VtAQLu0EDiHT5Pb8wdm4w" relationshipRef="_LdfRcLu1EDiHT5Pb8wdm4w"/>        <connection xsi:type="Relationship" identifier="_QHRgALu1EDiHT5Pb8wdm4w" source="__VtAQLu0EDiHT5Pb8wdm4w" target="_NpDKELu1EDiHT5Pb8wdm4w" relationshipRef="_QHJkMLu1EDiHT5Pb8wdm4w"/>      </view>    </diagrams>  </views></model>
