{"identifier":"https://me.big.tuwien.ac.at/EAModelSet/_BuKAUNmAEeqgY5yD8SByCQ","archimateId":"_BuKAUNmAEeqgY5yD8SByCQ","name":"Antwerpen","description":"","formats":["XML","CSV","JSON","ARCHIMATE"],"source":"GenMyModel","repository":"","license":"","sourceFile":"raw-data/genmymodel/_bukaunmaeeqgy5yd8sbycq.xml","sourceFormat":"XML","timestamp":"2023-07-06T10:01:17","tags":[],"duplicates":[],"language":"ru","elements":[{"id":"_-wI5QLutEDiHT5Pb8wdm4w","name":"Массовое мероприятие на свежем воздухе - надсистема","type":"Grouping","layer":"other"},{"id":"_C1lEoLuuEDiHT5Pb8wdm4w","name":"Система обеспечения комфорта - целевая система","type":"Grouping","layer":"other"},{"id":"_PiElYLuuEDiHT5Pb8wdm4w","name":"Дрова","type":"Product","layer":"business"},{"id":"_TW4TwLuuEDiHT5Pb8wdm4w","name":"Кочегар","type":"BusinessRole","layer":"business"},{"id":"_zjSFoLu1EDiHT5Pb8wdm4w","name":"Камин","type":"Equipment","layer":"technology"},{"id":"_J9x2YLuuEDiHT5Pb8wdm4w","name":"Система доставки","type":"Grouping","layer":"other"},{"id":"_tH6o4LuuEDiHT5Pb8wdm4w","name":"Перевозчик (транспортная компания)","type":"BusinessRole","layer":"business"},{"id":"_c7xKYLuuEDiHT5Pb8wdm4w","name":"Система хранения","type":"Grouping","layer":"other"},{"id":"_xevfMLuuEDiHT5Pb8wdm4w","name":"Сервис-инженер","type":"BusinessRole","layer":"business"},{"id":"_gIzp8Lu1EDiHT5Pb8wdm4w","name":"Закупщик (дрова)","type":"BusinessRole","layer":"business"},{"id":"_rk89ILu1EDiHT5Pb8wdm4w","name":"Гараж","type":"Facility","layer":"technology"},{"id":"_tY61ILu1EDiHT5Pb8wdm4w","name":"Камин","type":"Equipment","layer":"technology"},{"id":"_vI3v0Lu1EDiHT5Pb8wdm4w","name":"Дрова","type":"Material","layer":"technology"},{"id":"_gY9qALuuEDiHT5Pb8wdm4w","name":"Система разгрузки/монтажа/демонтажа","type":"Grouping","layer":"other"},{"id":"_6LyH0LuuEDiHT5Pb8wdm4w","name":"Грузчик","type":"BusinessRole","layer":"business"},{"id":"_F_g0kLuvEDiHT5Pb8wdm4w","name":"Монтажник","type":"BusinessRole","layer":"business"},{"id":"_qXWwULuvEDiHT5Pb8wdm4w","name":"Монтажник","type":"BusinessRole","layer":"business"},{"id":"_sO6u4LuvEDiHT5Pb8wdm4w","name":"Грузчик","type":"BusinessRole","layer":"business"},{"id":"_5T95kLuvEDiHT5Pb8wdm4w","name":"Маркетинг и продажи","type":"Grouping","layer":"other"},{"id":"_7s4RsLuvEDiHT5Pb8wdm4w","name":"Маркетолог","type":"BusinessRole","layer":"business"},{"id":"_9N28QLuvEDiHT5Pb8wdm4w","name":"Продавец","type":"BusinessRole","layer":"business"},{"id":"_2gQ0ILu1EDiHT5Pb8wdm4w","name":"Диспетчер","type":"BusinessRole","layer":"business"},{"id":"_ZLSwILuzEDiHT5Pb8wdm4w","name":"Начало исполнения заказа","type":"BusinessEvent","layer":"business"},{"id":"_dF3IQLuzEDiHT5Pb8wdm4w","name":"Диспетчер","type":"BusinessRole","layer":"business"},{"id":"_gQUSELuzEDiHT5Pb8wdm4w","name":"Заказ перевозки","type":"BusinessFunction","layer":"business"},{"id":"_oelUALuzEDiHT5Pb8wdm4w","name":"Погрузка","type":"BusinessFunction","layer":"business"},{"id":"_reMfwLuzEDiHT5Pb8wdm4w","name":"Грузчик","type":"BusinessRole","layer":"business"},{"id":"_v_xNgLuzEDiHT5Pb8wdm4w","name":"Грузчик","type":"BusinessRole","layer":"business"},{"id":"_zkX8sLuzEDiHT5Pb8wdm4w","name":"Транспортировка к месту","type":"BusinessProcess","layer":"business"},{"id":"_6Ir-QLuzEDiHT5Pb8wdm4w","name":"Транспортная компания","type":"BusinessCollaboration","layer":"business"},{"id":"_9iJ0cLuzEDiHT5Pb8wdm4w","name":"Выгрузка и размещение","type":"BusinessFunction","layer":"business"},{"id":"_AzNVgLu0EDiHT5Pb8wdm4w","name":"Грузчик","type":"BusinessRole","layer":"business"},{"id":"_CHWd8Lu0EDiHT5Pb8wdm4w","name":"Грузчик","type":"BusinessRole","layer":"business"},{"id":"_HPIQELu0EDiHT5Pb8wdm4w","name":"Монтаж и подготовка к эксплуатации","type":"BusinessFunction","layer":"business"},{"id":"_QsJkILu0EDiHT5Pb8wdm4w","name":"Монтажник","type":"BusinessRole","layer":"business"},{"id":"_SI_VkLu0EDiHT5Pb8wdm4w","name":"Монтажник","type":"BusinessRole","layer":"business"},{"id":"_UPxb4Lu0EDiHT5Pb8wdm4w","name":"Эксплуатация","type":"BusinessFunction","layer":"business"},{"id":"_cAXqYLu0EDiHT5Pb8wdm4w","name":"Кочегар","type":"BusinessRole","layer":"business"},{"id":"_l_WcALu0EDiHT5Pb8wdm4w","name":"Демонтаж","type":"BusinessFunction","layer":"business"},{"id":"_oPpqsLu0EDiHT5Pb8wdm4w","name":"Заказ перевозки","type":"BusinessFunction","layer":"business"},{"id":"_s8_jkLu0EDiHT5Pb8wdm4w","name":"Диспетчер","type":"BusinessRole","layer":"business"},{"id":"_whWbILu0EDiHT5Pb8wdm4w","name":"Монтажник","type":"BusinessRole","layer":"business"},{"id":"_xM1oILu0EDiHT5Pb8wdm4w","name":"Монтажник","type":"BusinessRole","layer":"business"},{"id":"_0ivM8Lu0EDiHT5Pb8wdm4w","name":"Погрузка","type":"BusinessFunction","layer":"business"},{"id":"_2KaVYLu0EDiHT5Pb8wdm4w","name":"Грузчик","type":"BusinessRole","layer":"business"},{"id":"_2lBNwLu0EDiHT5Pb8wdm4w","name":"Грузчик","type":"BusinessRole","layer":"business"},{"id":"_7HdeMLu0EDiHT5Pb8wdm4w","name":"Транспортировка на склад","type":"BusinessFunction","layer":"business"},{"id":"_9YDAwLu0EDiHT5Pb8wdm4w","name":"Транспортная компания","type":"BusinessCollaboration","layer":"business"},{"id":"__Vm5oLu0EDiHT5Pb8wdm4w","name":"Выгрузка и размещение на складе","type":"BusinessFunction","layer":"business"},{"id":"_A2A8cLu1EDiHT5Pb8wdm4w","name":"Грузчик","type":"BusinessRole","layer":"business"},{"id":"_KM3-ILu1EDiHT5Pb8wdm4w","name":"Грузчик","type":"BusinessRole","layer":"business"},{"id":"_No7OQLu1EDiHT5Pb8wdm4w","name":"Заказ исполнен","type":"BusinessEvent","layer":"business"}],"relationships":[{"id":"_lh0A4LuzEDiHT5Pb8wdm4w","sourceId":"_ZLSwILuzEDiHT5Pb8wdm4w","targetId":"_gQUSELuzEDiHT5Pb8wdm4w","type":"Triggering"},{"id":"_nwKHwLuzEDiHT5Pb8wdm4w","sourceId":"_dF3IQLuzEDiHT5Pb8wdm4w","targetId":"_gQUSELuzEDiHT5Pb8wdm4w","type":"Association"},{"id":"_w75ekLuzEDiHT5Pb8wdm4w","sourceId":"_reMfwLuzEDiHT5Pb8wdm4w","targetId":"_oelUALuzEDiHT5Pb8wdm4w","type":"Association"},{"id":"_xSsN8LuzEDiHT5Pb8wdm4w","sourceId":"_v_xNgLuzEDiHT5Pb8wdm4w","targetId":"_oelUALuzEDiHT5Pb8wdm4w","type":"Association"},{"id":"_xv5HULuzEDiHT5Pb8wdm4w","sourceId":"_gQUSELuzEDiHT5Pb8wdm4w","targetId":"_oelUALuzEDiHT5Pb8wdm4w","type":"Triggering"},{"id":"_1RBEsLuzEDiHT5Pb8wdm4w","sourceId":"_oelUALuzEDiHT5Pb8wdm4w","targetId":"_zkX8sLuzEDiHT5Pb8wdm4w","type":"Triggering"},{"id":"_76UT8LuzEDiHT5Pb8wdm4w","sourceId":"_6Ir-QLuzEDiHT5Pb8wdm4w","targetId":"_zkX8sLuzEDiHT5Pb8wdm4w","type":"Association"},{"id":"__RSPwLuzEDiHT5Pb8wdm4w","sourceId":"_zkX8sLuzEDiHT5Pb8wdm4w","targetId":"_9iJ0cLuzEDiHT5Pb8wdm4w","type":"Triggering"},{"id":"_D6RNELu0EDiHT5Pb8wdm4w","sourceId":"_AzNVgLu0EDiHT5Pb8wdm4w","targetId":"_9iJ0cLuzEDiHT5Pb8wdm4w","type":"Association"},{"id":"_ERxHELu0EDiHT5Pb8wdm4w","sourceId":"_CHWd8Lu0EDiHT5Pb8wdm4w","targetId":"_9iJ0cLuzEDiHT5Pb8wdm4w","type":"Association"},{"id":"_QFz84Lu0EDiHT5Pb8wdm4w","sourceId":"_9iJ0cLuzEDiHT5Pb8wdm4w","targetId":"_HPIQELu0EDiHT5Pb8wdm4w","type":"Triggering"},{"id":"_TeKYwLu0EDiHT5Pb8wdm4w","sourceId":"_QsJkILu0EDiHT5Pb8wdm4w","targetId":"_HPIQELu0EDiHT5Pb8wdm4w","type":"Association"},{"id":"_TwPAMLu0EDiHT5Pb8wdm4w","sourceId":"_SI_VkLu0EDiHT5Pb8wdm4w","targetId":"_HPIQELu0EDiHT5Pb8wdm4w","type":"Association"},{"id":"_c7aWULu0EDiHT5Pb8wdm4w","sourceId":"_cAXqYLu0EDiHT5Pb8wdm4w","targetId":"_UPxb4Lu0EDiHT5Pb8wdm4w","type":"Association"},{"id":"_d30UMLu0EDiHT5Pb8wdm4w","sourceId":"_HPIQELu0EDiHT5Pb8wdm4w","targetId":"_UPxb4Lu0EDiHT5Pb8wdm4w","type":"Triggering"},{"id":"_tvewcLu0EDiHT5Pb8wdm4w","sourceId":"_UPxb4Lu0EDiHT5Pb8wdm4w","targetId":"_oPpqsLu0EDiHT5Pb8wdm4w","type":"Triggering"},{"id":"_umvIkLu0EDiHT5Pb8wdm4w","sourceId":"_s8_jkLu0EDiHT5Pb8wdm4w","targetId":"_oPpqsLu0EDiHT5Pb8wdm4w","type":"Association"},{"id":"_vzUQcLu0EDiHT5Pb8wdm4w","sourceId":"_oPpqsLu0EDiHT5Pb8wdm4w","targetId":"_l_WcALu0EDiHT5Pb8wdm4w","type":"Triggering"},{"id":"_zqVlULu0EDiHT5Pb8wdm4w","sourceId":"_whWbILu0EDiHT5Pb8wdm4w","targetId":"_l_WcALu0EDiHT5Pb8wdm4w","type":"Association"},{"id":"_0AGZ8Lu0EDiHT5Pb8wdm4w","sourceId":"_xM1oILu0EDiHT5Pb8wdm4w","targetId":"_l_WcALu0EDiHT5Pb8wdm4w","type":"Association"},{"id":"_3vbycLu0EDiHT5Pb8wdm4w","sourceId":"_2KaVYLu0EDiHT5Pb8wdm4w","targetId":"_0ivM8Lu0EDiHT5Pb8wdm4w","type":"Association"},{"id":"_4BxfoLu0EDiHT5Pb8wdm4w","sourceId":"_2lBNwLu0EDiHT5Pb8wdm4w","targetId":"_0ivM8Lu0EDiHT5Pb8wdm4w","type":"Association"},{"id":"_6FwJkLu0EDiHT5Pb8wdm4w","sourceId":"_l_WcALu0EDiHT5Pb8wdm4w","targetId":"_0ivM8Lu0EDiHT5Pb8wdm4w","type":"Triggering"},{"id":"_8_NC8Lu0EDiHT5Pb8wdm4w","sourceId":"_0ivM8Lu0EDiHT5Pb8wdm4w","targetId":"_7HdeMLu0EDiHT5Pb8wdm4w","type":"Triggering"},{"id":"_-E11ULu0EDiHT5Pb8wdm4w","sourceId":"_9YDAwLu0EDiHT5Pb8wdm4w","targetId":"_7HdeMLu0EDiHT5Pb8wdm4w","type":"Association"},{"id":"_AUjOILu1EDiHT5Pb8wdm4w","sourceId":"_7HdeMLu0EDiHT5Pb8wdm4w","targetId":"__Vm5oLu0EDiHT5Pb8wdm4w","type":"Triggering"},{"id":"_LKjHULu1EDiHT5Pb8wdm4w","sourceId":"_A2A8cLu1EDiHT5Pb8wdm4w","targetId":"__Vm5oLu0EDiHT5Pb8wdm4w","type":"Association"},{"id":"_LdfRcLu1EDiHT5Pb8wdm4w","sourceId":"_KM3-ILu1EDiHT5Pb8wdm4w","targetId":"__Vm5oLu0EDiHT5Pb8wdm4w","type":"Association"},{"id":"_QHJkMLu1EDiHT5Pb8wdm4w","sourceId":"__Vm5oLu0EDiHT5Pb8wdm4w","targetId":"_No7OQLu1EDiHT5Pb8wdm4w","type":"Triggering"}],"views":[{"id":"_BuKAU9mAEeqgY5yD8SByCQ","name":"archimate-diagram","viewpoint":""}]}