<?xml version="1.0" encoding="UTF-8"?><model xmlns="http://www.opengroup.org/xsd/archimate/3.0/" xmlns:xsi="http://www.w3.org/2001/XMLSchema-instance" identifier="_qr8KYNMHEeqgY5yD8SByCQ">  <name xml:lang="en">Техническая поддержка</name>  <elements>    <element xsi:type="BusinessEvent" identifier="_Amv-ELU2EDinBL3x_lC9Xg">      <name xml:lang="en">Запрос на оказание услуг по реализации процесса сопровождения продукции</name>      <documentation/>    </element>    <element xsi:type="BusinessRole" identifier="_GyKXcLU2EDinBL3x_lC9Xg">      <name xml:lang="en">Эксплуатирующая организация</name>      <documentation/>    </element>    <element xsi:type="BusinessRole" identifier="_Io858LU2EDinBL3x_lC9Xg">      <name xml:lang="en">Непосредственный заказчик</name>      <documentation/>    </element>    <element xsi:type="BusinessEvent" identifier="_MPimILU2EDinBL3x_lC9Xg">      <name xml:lang="en">Запрос на оказание услуг по реализации процесса передачи и валидации продукции</name>      <documentation/>    </element>    <element xsi:type="BusinessRole" identifier="_crIO0LU2EDinBL3x_lC9Xg">      <name xml:lang="en">Сотрудник компании, получивший обращение</name>      <documentation/>    </element>    <element xsi:type="BusinessRole" identifier="_mAmJYLU2EDinBL3x_lC9Xg">      <name xml:lang="en">Руководитель рабочей группы заказа</name>      <documentation/>    </element>    <element xsi:type="BusinessFunction" identifier="_x4VzcLU2EDinBL3x_lC9Xg">      <name xml:lang="en">Регистрация запроса в Wrike</name>      <documentation/>    </element>    <element xsi:type="BusinessRole" identifier="_0OoVYLU2EDinBL3x_lC9Xg">      <name xml:lang="en">Адресат/автор запроса со стороны компании</name>      <documentation/>    </element>    <element xsi:type="BusinessFunction" identifier="_-C0MQLU2EDinBL3x_lC9Xg">      <name xml:lang="en">Обработка запроса</name>      <documentation/>    </element>    <element xsi:type="BusinessRole" identifier="_HmsWQLU3EDinBL3x_lC9Xg">      <name xml:lang="en">Диспетчер технической поддержки</name>      <documentation/>    </element>    <element xsi:type="Representation" identifier="_KmLmMLU3EDinBL3x_lC9Xg">      <name xml:lang="en">Уточнение деталей запроса, связь с эксплуатирующей организацией, оценка необходимых мероприятий, предварительная оценка ресурсов</name>      <documentation/>    </element>    <element xsi:type="BusinessFunction" identifier="_SxgB0LU3EDinBL3x_lC9Xg">      <name xml:lang="en">Формирование временной рабочей группы</name>      <documentation/>    </element>    <element xsi:type="Representation" identifier="_bUq8wLU3EDinBL3x_lC9Xg">      <name xml:lang="en">Рабочая группа может включать основных специалистов группы ремонта и ТО или привлекаемых специалистов ОРПО, ООКР, ОИПП и т.д.</name>      <documentation/>    </element>    <element xsi:type="BusinessFunction" identifier="_mq_UwLU3EDinBL3x_lC9Xg">      <name xml:lang="en">Планирование задач рабочей группы</name>      <documentation/>    </element>    <element xsi:type="BusinessRole" identifier="_sVmHILU3EDinBL3x_lC9Xg">      <name xml:lang="en">Руководитель рабочей группы</name>      <documentation/>    </element>    <element xsi:type="Representation" identifier="_vHltoLU3EDinBL3x_lC9Xg">      <name xml:lang="en">Задачи в Wrike конкретным исполнителем, согласованные с их руководством</name>      <documentation/>    </element>    <element xsi:type="BusinessFunction" identifier="_02H9wLU3EDinBL3x_lC9Xg">      <name xml:lang="en">Исполнение запроса</name>      <documentation/>    </element>    <element xsi:type="Representation" identifier="_5OxZALU3EDinBL3x_lC9Xg">      <name xml:lang="en">Оказание услуг по технической поддержке</name>      <documentation/>    </element>    <element xsi:type="BusinessFunction" identifier="_Ik51gLU4EDinBL3x_lC9Xg">      <name xml:lang="en">Установление рабочего канала взаимодействия с эксплуатирующей организацией</name>      <documentation/>    </element>    <element xsi:type="BusinessFunction" identifier="_SQMPELU4EDinBL3x_lC9Xg">      <name xml:lang="en">Закрытие запроса и информирование автора о результатах</name>      <documentation/>    </element>    <element xsi:type="BusinessCollaboration" identifier="_TAayILU4EDinBL3x_lC9Xg">      <name xml:lang="en">Рабочая группа</name>      <documentation/>    </element>    <element xsi:type="BusinessRole" identifier="_ZE9HcLU4EDinBL3x_lC9Xg">      <name xml:lang="en">Диспетчер технической поддержки</name>      <documentation/>    </element>    <element xsi:type="BusinessEvent" identifier="_dDgnsLU4EDinBL3x_lC9Xg">      <name xml:lang="en">Запрос закрыт</name>      <documentation/>    </element>    <element xsi:type="Representation" identifier="_LmeBsLU7EDinBL3x_lC9Xg">      <name xml:lang="en">Отчетная документация: акты ШМ и (Ш)ПНР, наладки/испытаний, дефектов и т.п.</name>      <documentation/>    </element>  </elements>  <relationships>    <relationship xsi:type="Association" identifier="_KbkHELU2EDinBL3x_lC9Xg" source="_GyKXcLU2EDinBL3x_lC9Xg" target="_Amv-ELU2EDinBL3x_lC9Xg">      <name xml:lang="en"/>      <documentation/>    </relationship>    <relationship xsi:type="Association" identifier="_LOLPwLU2EDinBL3x_lC9Xg" source="_Io858LU2EDinBL3x_lC9Xg" target="_Amv-ELU2EDinBL3x_lC9Xg">      <name xml:lang="en"/>      <documentation/>    </relationship>    <relationship xsi:type="Association" identifier="_f_W_sLU2EDinBL3x_lC9Xg" source="_crIO0LU2EDinBL3x_lC9Xg" target="_Amv-ELU2EDinBL3x_lC9Xg">      <name xml:lang="en"/>      <documentation/>    </relationship>    <relationship xsi:type="Association" identifier="_nwVBoLU2EDinBL3x_lC9Xg" source="_mAmJYLU2EDinBL3x_lC9Xg" target="_MPimILU2EDinBL3x_lC9Xg">      <name xml:lang="en"/>      <documentation/>    </relationship>    <relationship xsi:type="Association" identifier="_2-E-MLU2EDinBL3x_lC9Xg" source="_0OoVYLU2EDinBL3x_lC9Xg" target="_x4VzcLU2EDinBL3x_lC9Xg">      <name xml:lang="en"/>      <documentation/>    </relationship>    <relationship xsi:type="Triggering" identifier="_5wKEQLU2EDinBL3x_lC9Xg" source="_Amv-ELU2EDinBL3x_lC9Xg" target="_x4VzcLU2EDinBL3x_lC9Xg">      <name xml:lang="en"/>      <documentation/>    </relationship>    <relationship xsi:type="Triggering" identifier="_6O2ycLU2EDinBL3x_lC9Xg" source="_MPimILU2EDinBL3x_lC9Xg" target="_x4VzcLU2EDinBL3x_lC9Xg">      <name xml:lang="en"/>      <documentation/>    </relationship>    <relationship xsi:type="Triggering" identifier="__0u10LU2EDinBL3x_lC9Xg" source="_x4VzcLU2EDinBL3x_lC9Xg" target="_-C0MQLU2EDinBL3x_lC9Xg">      <name xml:lang="en"/>      <documentation/>    </relationship>    <relationship xsi:type="Association" identifier="_J7zMcLU3EDinBL3x_lC9Xg" source="_HmsWQLU3EDinBL3x_lC9Xg" target="_-C0MQLU2EDinBL3x_lC9Xg">      <name xml:lang="en"/>      <documentation/>    </relationship>    <relationship xsi:type="Association" identifier="_SRd24LU3EDinBL3x_lC9Xg" source="_-C0MQLU2EDinBL3x_lC9Xg" target="_KmLmMLU3EDinBL3x_lC9Xg">      <name xml:lang="en"/>      <documentation/>    </relationship>    <relationship xsi:type="Triggering" identifier="_X251YLU3EDinBL3x_lC9Xg" source="_-C0MQLU2EDinBL3x_lC9Xg" target="_SxgB0LU3EDinBL3x_lC9Xg">      <name xml:lang="en"/>      <documentation/>    </relationship>    <relationship xsi:type="Association" identifier="_ZLkiQLU3EDinBL3x_lC9Xg" source="_HmsWQLU3EDinBL3x_lC9Xg" target="_SxgB0LU3EDinBL3x_lC9Xg">      <name xml:lang="en"/>      <documentation/>    </relationship>    <relationship xsi:type="Association" identifier="_j9a7QLU3EDinBL3x_lC9Xg" source="_SxgB0LU3EDinBL3x_lC9Xg" target="_bUq8wLU3EDinBL3x_lC9Xg">      <name xml:lang="en"/>      <documentation/>    </relationship>    <relationship xsi:type="Association" identifier="_t6dMILU3EDinBL3x_lC9Xg" source="_sVmHILU3EDinBL3x_lC9Xg" target="_mq_UwLU3EDinBL3x_lC9Xg">      <name xml:lang="en"/>      <documentation/>    </relationship>    <relationship xsi:type="Association" identifier="_ymwjMLU3EDinBL3x_lC9Xg" source="_mq_UwLU3EDinBL3x_lC9Xg" target="_vHltoLU3EDinBL3x_lC9Xg">      <name xml:lang="en"/>      <documentation/>    </relationship>    <relationship xsi:type="Triggering" identifier="_3VYOcLU3EDinBL3x_lC9Xg" source="_mq_UwLU3EDinBL3x_lC9Xg" target="_02H9wLU3EDinBL3x_lC9Xg">      <name xml:lang="en"/>      <documentation/>    </relationship>    <relationship xsi:type="Triggering" identifier="_7BQqULU3EDinBL3x_lC9Xg" source="_02H9wLU3EDinBL3x_lC9Xg" target="_02H9wLU3EDinBL3x_lC9Xg">      <name xml:lang="en"/>      <documentation/>    </relationship>    <relationship xsi:type="Association" identifier="_AvpwgLU4EDinBL3x_lC9Xg" source="_5OxZALU3EDinBL3x_lC9Xg" target="_02H9wLU3EDinBL3x_lC9Xg">      <name xml:lang="en"/>      <documentation/>    </relationship>    <relationship xsi:type="Triggering" identifier="_NEZfoLU4EDinBL3x_lC9Xg" source="_SxgB0LU3EDinBL3x_lC9Xg" target="_Ik51gLU4EDinBL3x_lC9Xg">      <name xml:lang="en"/>      <documentation/>    </relationship>    <relationship xsi:type="Triggering" identifier="_Ndxo8LU4EDinBL3x_lC9Xg" source="_Ik51gLU4EDinBL3x_lC9Xg" target="_mq_UwLU3EDinBL3x_lC9Xg">      <name xml:lang="en"/>      <documentation/>    </relationship>    <relationship xsi:type="Association" identifier="_N42bYLU4EDinBL3x_lC9Xg" source="_sVmHILU3EDinBL3x_lC9Xg" target="_Ik51gLU4EDinBL3x_lC9Xg">      <name xml:lang="en"/>      <documentation/>    </relationship>    <relationship xsi:type="Association" identifier="_UY2ksLU4EDinBL3x_lC9Xg" source="_TAayILU4EDinBL3x_lC9Xg" target="_02H9wLU3EDinBL3x_lC9Xg">      <name xml:lang="en"/>      <documentation/>    </relationship>    <relationship xsi:type="Association" identifier="_bUI70LU4EDinBL3x_lC9Xg" source="_ZE9HcLU4EDinBL3x_lC9Xg" target="_SQMPELU4EDinBL3x_lC9Xg">      <name xml:lang="en"/>      <documentation/>    </relationship>    <relationship xsi:type="Triggering" identifier="_bsZDwLU4EDinBL3x_lC9Xg" source="_02H9wLU3EDinBL3x_lC9Xg" target="_SQMPELU4EDinBL3x_lC9Xg">      <name xml:lang="en"/>      <documentation/>    </relationship>    <relationship xsi:type="Triggering" identifier="_ghKaULU4EDinBL3x_lC9Xg" source="_SQMPELU4EDinBL3x_lC9Xg" target="_dDgnsLU4EDinBL3x_lC9Xg">      <name xml:lang="en"/>      <documentation/>    </relationship>    <relationship xsi:type="Association" identifier="_Q6ECQLU7EDinBL3x_lC9Xg" source="_SQMPELU4EDinBL3x_lC9Xg" target="_LmeBsLU7EDinBL3x_lC9Xg">      <name xml:lang="en"/>      <documentation/>    </relationship>  </relationships>  <views>    <diagrams>      <view identifier="_qr8KY9MHEeqgY5yD8SByCQ">        <name xml:lang="en">archimate-diagram</name>        <node xsi:type="Element" identifier="_AnIYkLU2EDinBL3x_lC9Xg" h="60" w="190" x="47" y="181" elementRef="_Amv-ELU2EDinBL3x_lC9Xg"/>        <node xsi:type="Element" identifier="_GyP3ALU2EDinBL3x_lC9Xg" h="60" w="130" x="6" y="29" elementRef="_GyKXcLU2EDinBL3x_lC9Xg"/>        <node xsi:type="Element" identifier="_IpDnoLU2EDinBL3x_lC9Xg" h="60" w="130" x="151" y="29" elementRef="_Io858LU2EDinBL3x_lC9Xg"/>        <node xsi:type="Element" identifier="_MPneoLU2EDinBL3x_lC9Xg" h="70" w="190" x="47" y="506" elementRef="_MPimILU2EDinBL3x_lC9Xg"/>        <node xsi:type="Label" identifier="_PJICYLU2EDinBL3x_lC9Xg" h="100" w="210" x="47" y="266">          <label xml:lang="en">Виды запроса: ремонт, восстановление работоспособности, настройка программного обеспечения, метрологическая поддержка, техническая консультация</label>        </node>        <node xsi:type="Element" identifier="_crNHULU2EDinBL3x_lC9Xg" h="60" w="130" x="299" y="29" elementRef="_crIO0LU2EDinBL3x_lC9Xg"/>        <node xsi:type="Element" identifier="_mAs3ELU2EDinBL3x_lC9Xg" h="60" w="130" x="77" y="383" elementRef="_mAmJYLU2EDinBL3x_lC9Xg"/>        <node xsi:type="Label" identifier="_pw-qwLU2EDinBL3x_lC9Xg" h="120" w="130" x="47" y="605">          <label xml:lang="en">Виды запроса: ШМ, (Ш)ПНР, автономные испытания (наладка), системная интеграция</label>        </node>        <node xsi:type="Element" identifier="_x4bTALU2EDinBL3x_lC9Xg" h="60" w="130" x="315" y="246" elementRef="_x4VzcLU2EDinBL3x_lC9Xg"/>        <node xsi:type="Element" identifier="_0Or_wLU2EDinBL3x_lC9Xg" h="60" w="130" x="315" y="157" elementRef="_0OoVYLU2EDinBL3x_lC9Xg"/>        <node xsi:type="Element" identifier="_-C32oLU2EDinBL3x_lC9Xg" h="60" w="130" x="483" y="246" elementRef="_-C0MQLU2EDinBL3x_lC9Xg"/>        <node xsi:type="Element" identifier="_HmxOwLU3EDinBL3x_lC9Xg" h="60" w="130" x="569" y="157" elementRef="_HmsWQLU3EDinBL3x_lC9Xg"/>        <node xsi:type="Element" identifier="_KmPQkLU3EDinBL3x_lC9Xg" h="220" w="130" x="483" y="340" elementRef="_KmLmMLU3EDinBL3x_lC9Xg"/>        <node xsi:type="Element" identifier="_SxgB0rU3EDinBL3x_lC9Xg" h="60" w="130" x="681" y="245" elementRef="_SxgB0LU3EDinBL3x_lC9Xg"/>        <node xsi:type="Element" identifier="_bU1U0LU3EDinBL3x_lC9Xg" h="240" w="130" x="681" y="339" elementRef="_bUq8wLU3EDinBL3x_lC9Xg"/>        <node xsi:type="Element" identifier="_mrENQLU3EDinBL3x_lC9Xg" h="60" w="130" x="1065" y="249" elementRef="_mq_UwLU3EDinBL3x_lC9Xg"/>        <node xsi:type="Element" identifier="_sVpxgLU3EDinBL3x_lC9Xg" h="60" w="130" x="1065" y="160" elementRef="_sVmHILU3EDinBL3x_lC9Xg"/>        <node xsi:type="Element" identifier="_vHtpcLU3EDinBL3x_lC9Xg" h="230" w="130" x="1065" y="343" elementRef="_vHltoLU3EDinBL3x_lC9Xg"/>        <node xsi:type="Element" identifier="_02LBELU3EDinBL3x_lC9Xg" h="60" w="130" x="1247" y="249" elementRef="_02H9wLU3EDinBL3x_lC9Xg"/>        <node xsi:type="Element" identifier="_5O2RgLU3EDinBL3x_lC9Xg" h="200" w="130" x="1247" y="343" elementRef="_5OxZALU3EDinBL3x_lC9Xg"/>        <node xsi:type="Element" identifier="_Ik-uALU4EDinBL3x_lC9Xg" h="60" w="180" x="845" y="245" elementRef="_Ik51gLU4EDinBL3x_lC9Xg"/>        <node xsi:type="Element" identifier="_SQTj0LU4EDinBL3x_lC9Xg" h="60" w="140" x="1419" y="249" elementRef="_SQMPELU4EDinBL3x_lC9Xg"/>        <node xsi:type="Element" identifier="_TAfqoLU4EDinBL3x_lC9Xg" h="60" w="130" x="1247" y="157" elementRef="_TAayILU4EDinBL3x_lC9Xg"/>        <node xsi:type="Element" identifier="_ZFBY4LU4EDinBL3x_lC9Xg" h="60" w="130" x="1424" y="157" elementRef="_ZE9HcLU4EDinBL3x_lC9Xg"/>        <node xsi:type="Element" identifier="_dDmuULU4EDinBL3x_lC9Xg" h="60" w="130" x="1586" y="249" elementRef="_dDgnsLU4EDinBL3x_lC9Xg"/>        <node xsi:type="Element" identifier="_Lmq2ALU7EDinBL3x_lC9Xg" h="190" w="130" x="1424" y="343" elementRef="_LmeBsLU7EDinBL3x_lC9Xg"/>        <connection xsi:type="Relationship" identifier="_KbnxcLU2EDinBL3x_lC9Xg" source="_GyP3ALU2EDinBL3x_lC9Xg" target="_AnIYkLU2EDinBL3x_lC9Xg" relationshipRef="_KbkHELU2EDinBL3x_lC9Xg"/>        <connection xsi:type="Relationship" identifier="_LOQvULU2EDinBL3x_lC9Xg" source="_IpDnoLU2EDinBL3x_lC9Xg" target="_AnIYkLU2EDinBL3x_lC9Xg" relationshipRef="_LOLPwLU2EDinBL3x_lC9Xg"/>        <connection xsi:type="Relationship" identifier="_f_b4MLU2EDinBL3x_lC9Xg" source="_crNHULU2EDinBL3x_lC9Xg" target="_AnIYkLU2EDinBL3x_lC9Xg" relationshipRef="_f_W_sLU2EDinBL3x_lC9Xg"/>        <connection xsi:type="Relationship" identifier="_nwZTELU2EDinBL3x_lC9Xg" source="_mAs3ELU2EDinBL3x_lC9Xg" target="_MPneoLU2EDinBL3x_lC9Xg" relationshipRef="_nwVBoLU2EDinBL3x_lC9Xg"/>        <connection xsi:type="Relationship" identifier="_2-IBgLU2EDinBL3x_lC9Xg" source="_0Or_wLU2EDinBL3x_lC9Xg" target="_x4bTALU2EDinBL3x_lC9Xg" relationshipRef="_2-E-MLU2EDinBL3x_lC9Xg"/>        <connection xsi:type="Relationship" identifier="_5wNuoLU2EDinBL3x_lC9Xg" source="_AnIYkLU2EDinBL3x_lC9Xg" target="_x4bTALU2EDinBL3x_lC9Xg" relationshipRef="_5wKEQLU2EDinBL3x_lC9Xg"/>        <connection xsi:type="Relationship" identifier="_6O6c0LU2EDinBL3x_lC9Xg" source="_MPneoLU2EDinBL3x_lC9Xg" target="_x4bTALU2EDinBL3x_lC9Xg" relationshipRef="_6O2ycLU2EDinBL3x_lC9Xg"/>        <connection xsi:type="Relationship" identifier="__0zuULU2EDinBL3x_lC9Xg" source="_x4bTALU2EDinBL3x_lC9Xg" target="_-C32oLU2EDinBL3x_lC9Xg" relationshipRef="__0u10LU2EDinBL3x_lC9Xg"/>        <connection xsi:type="Relationship" identifier="_J74sALU3EDinBL3x_lC9Xg" source="_HmxOwLU3EDinBL3x_lC9Xg" target="_-C32oLU2EDinBL3x_lC9Xg" relationshipRef="_J7zMcLU3EDinBL3x_lC9Xg"/>        <connection xsi:type="Relationship" identifier="_SRkkkLU3EDinBL3x_lC9Xg" source="_-C32oLU2EDinBL3x_lC9Xg" target="_KmPQkLU3EDinBL3x_lC9Xg" relationshipRef="_SRd24LU3EDinBL3x_lC9Xg"/>        <connection xsi:type="Relationship" identifier="_X3DmYLU3EDinBL3x_lC9Xg" source="_-C32oLU2EDinBL3x_lC9Xg" target="_SxgB0rU3EDinBL3x_lC9Xg" relationshipRef="_X251YLU3EDinBL3x_lC9Xg"/>        <connection xsi:type="Relationship" identifier="_ZLozsLU3EDinBL3x_lC9Xg" source="_HmxOwLU3EDinBL3x_lC9Xg" target="_SxgB0rU3EDinBL3x_lC9Xg" relationshipRef="_ZLkiQLU3EDinBL3x_lC9Xg"/>        <connection xsi:type="Relationship" identifier="_j9eloLU3EDinBL3x_lC9Xg" source="_SxgB0rU3EDinBL3x_lC9Xg" target="_bU1U0LU3EDinBL3x_lC9Xg" relationshipRef="_j9a7QLU3EDinBL3x_lC9Xg"/>        <connection xsi:type="Relationship" identifier="_t6g2gLU3EDinBL3x_lC9Xg" source="_sVpxgLU3EDinBL3x_lC9Xg" target="_mrENQLU3EDinBL3x_lC9Xg" relationshipRef="_t6dMILU3EDinBL3x_lC9Xg"/>        <connection xsi:type="Relationship" identifier="_ym1bsLU3EDinBL3x_lC9Xg" source="_mrENQLU3EDinBL3x_lC9Xg" target="_vHtpcLU3EDinBL3x_lC9Xg" relationshipRef="_ymwjMLU3EDinBL3x_lC9Xg"/>        <connection xsi:type="Relationship" identifier="_3VdG8LU3EDinBL3x_lC9Xg" source="_mrENQLU3EDinBL3x_lC9Xg" target="_02LBELU3EDinBL3x_lC9Xg" relationshipRef="_3VYOcLU3EDinBL3x_lC9Xg"/>        <connection xsi:type="Relationship" identifier="_7BWJ4LU3EDinBL3x_lC9Xg" source="_02LBELU3EDinBL3x_lC9Xg" target="_02LBELU3EDinBL3x_lC9Xg" relationshipRef="_7BQqULU3EDinBL3x_lC9Xg"/>        <connection xsi:type="Relationship" identifier="_AvsMwLU4EDinBL3x_lC9Xg" source="_5O2RgLU3EDinBL3x_lC9Xg" target="_02LBELU3EDinBL3x_lC9Xg" relationshipRef="_AvpwgLU4EDinBL3x_lC9Xg"/>        <connection xsi:type="Relationship" identifier="_NEdxELU4EDinBL3x_lC9Xg" source="_SxgB0rU3EDinBL3x_lC9Xg" target="_Ik-uALU4EDinBL3x_lC9Xg" relationshipRef="_NEZfoLU4EDinBL3x_lC9Xg"/>        <connection xsi:type="Relationship" identifier="_Nd0FMLU4EDinBL3x_lC9Xg" source="_Ik-uALU4EDinBL3x_lC9Xg" target="_mrENQLU3EDinBL3x_lC9Xg" relationshipRef="_Ndxo8LU4EDinBL3x_lC9Xg"/>        <connection xsi:type="Relationship" identifier="_N443oLU4EDinBL3x_lC9Xg" source="_sVpxgLU3EDinBL3x_lC9Xg" target="_Ik-uALU4EDinBL3x_lC9Xg" relationshipRef="_N42bYLU4EDinBL3x_lC9Xg"/>        <connection xsi:type="Relationship" identifier="_UY6PELU4EDinBL3x_lC9Xg" source="_TAfqoLU4EDinBL3x_lC9Xg" target="_02LBELU3EDinBL3x_lC9Xg" relationshipRef="_UY2ksLU4EDinBL3x_lC9Xg"/>        <connection xsi:type="Relationship" identifier="_bUN0ULU4EDinBL3x_lC9Xg" source="_ZFBY4LU4EDinBL3x_lC9Xg" target="_SQTj0LU4EDinBL3x_lC9Xg" relationshipRef="_bUI70LU4EDinBL3x_lC9Xg"/>        <connection xsi:type="Relationship" identifier="_bsdVMLU4EDinBL3x_lC9Xg" source="_02LBELU3EDinBL3x_lC9Xg" target="_SQTj0LU4EDinBL3x_lC9Xg" relationshipRef="_bsZDwLU4EDinBL3x_lC9Xg"/>        <connection xsi:type="Relationship" identifier="_ghOrwLU4EDinBL3x_lC9Xg" source="_SQTj0LU4EDinBL3x_lC9Xg" target="_dDmuULU4EDinBL3x_lC9Xg" relationshipRef="_ghKaULU4EDinBL3x_lC9Xg"/>        <connection xsi:type="Relationship" identifier="_Q6LXALU7EDinBL3x_lC9Xg" source="_SQTj0LU4EDinBL3x_lC9Xg" target="_Lmq2ALU7EDinBL3x_lC9Xg" relationshipRef="_Q6ECQLU7EDinBL3x_lC9Xg"/>      </view>    </diagrams>  </views></model>
