"ID","Type","Name","Documentation","Source","Target","Specialization"
"id-aa7764c145a9422fba0a3723500931b6","AssignmentRelationship","","","id-6aca0103605a46d0aed47f1579e46594","id-31ebf8bf88c241bea5e321f28e6fd0ce",""
"id-c953a600a35841c4b5618b918cc4a72c","AssignmentRelationship","","","id-3aa5692fc4f24811ac80895cf319e592","id-d432df01c22f4735aa4ce7b95c6e9fa9",""
"id-fea2da4514ef4a74b4ba9371ac35d6bd","AssociationRelationship","","","id-bcc305f3f3474ab8ae1822ef8a0db98a","id-14089739aa41445e964c108a85195b18",""
"id-d4ab8ae2fb6d4d62a30beda9bdebcfd1","AssociationRelationship","","","id-5f2ca4020dfd4a10bdc1156db168e483","id-bcc305f3f3474ab8ae1822ef8a0db98a",""
"id-ca62e49695ad44d3aff69560fa00b88e","AssociationRelationship","","","id-6a1af0ae89664047bf52c825a3a71614","id-bcc305f3f3474ab8ae1822ef8a0db98a",""
"id-99c57a61399c48618c877973d64ea575","AssociationRelationship","Association","","id-77b38ea9b0564f2c87e1e00680ce59b6","id-bae4927636db45a6bd900a15f70dcd20",""
"id-4dad8429a17e4b4daa1f39de663b9dd6","AssociationRelationship","Association","","id-4b6074cbc79c4dfda72f7054be4ea685","id-e9341681a1a04f10be994ad2cb559fea",""
"id-c8d4e6b5438b43f491f3a18c52832c53","CompositionRelationship","","","id-6aca0103605a46d0aed47f1579e46594","id-0648e0073a494930b67a366ddf516e91",""
"id-327cdbd333b74ff9831da238a12411bb","CompositionRelationship","","","id-31197e8f33da4f0ebd98fd4b3ba584ef","id-3932ba51ced345849ca14ee513e1cd0e",""
"id-58197323b99e459ba3299c06dfbc3d61","CompositionRelationship","","","id-685bfdd327e34827a7bf76561e1c43ff","id-cdcff954bb884ea8a9c1eca060e817d0",""
"id-c999386941a7477cbc925bf76327cb81","CompositionRelationship","","","id-31197e8f33da4f0ebd98fd4b3ba584ef","id-21ec76ae6fa8495a923d515259349f5e",""
"id-f93a0aeb04064fd293c21f90073289e7","CompositionRelationship","","","id-31ebf8bf88c241bea5e321f28e6fd0ce","id-2a4f51a79ff14092ad925805884b8798",""
"id-44ad8213068b457eb864c3c8b7c25faa","CompositionRelationship","","","id-31197e8f33da4f0ebd98fd4b3ba584ef","id-6aca0103605a46d0aed47f1579e46594",""
"id-de8c053741ce41f0aee2c5b38d73a724","CompositionRelationship","","","id-6aca0103605a46d0aed47f1579e46594","id-88f71afb4feb44a09ecb9c53d1e37e5f",""
"id-5867820b3a2c4c2c964914cd3d65cfc3","CompositionRelationship","","","id-31ebf8bf88c241bea5e321f28e6fd0ce","id-fbc7e847c71041dca45d73994052b47f",""
"id-4b83ca69f274449a8bfd2ce9cb4f7438","CompositionRelationship","","","id-4ee97254c7584bbbaf71ec772d5c7b40","id-7eed07c8765342169d00824a5cf0a09e",""
"id-8a091c648a3a44bea63d80b0fbe1cc4a","CompositionRelationship","","","id-6aca0103605a46d0aed47f1579e46594","id-d1e9e9f45fdf491ab682ce488e10b825",""
"id-4428e03f453c4ac890c4290716656311","CompositionRelationship","","","id-685bfdd327e34827a7bf76561e1c43ff","id-b197204b568249acbc9dc1d895bee6f0",""
"id-3d4588fcf29a433790321a273098ece9","CompositionRelationship","","","id-31197e8f33da4f0ebd98fd4b3ba584ef","id-4890d00a008d45fb85bfcdd287083ead",""
"id-36db6c89c92e42a38cf96ea511b6e93c","CompositionRelationship","","","id-31197e8f33da4f0ebd98fd4b3ba584ef","id-a46c031750c04428bba5cd3b551692b1",""
"id-5d78a1779cd6431391ad92fd2357a1f2","RealizationRelationship","","","id-1bff64e5c69142848d68b8ddba577fd0","id-9d3c612e4b7e4fd39c0fd6c8cf13a281",""
"id-8a042ecbdb144b59a9f23e030b8f9e4c","RealizationRelationship","","","id-8033a3a62b194dae894588d6e1810525","id-2a005b3a99aa458c8d65ed9566e43562",""
"id-3dd13c16f2f944048bfc34317bb87ee2","RealizationRelationship","","","id-9d3c612e4b7e4fd39c0fd6c8cf13a281","id-3aa5692fc4f24811ac80895cf319e592",""
"id-25cda164d3c0487280c6680ec48a1031","RealizationRelationship","","","id-8efb36e08c904782981704081112acfe","id-31ebf8bf88c241bea5e321f28e6fd0ce",""
"id-ecac101807544720845be3709e8092bd","RealizationRelationship","","","id-cccbbc37f335468f99e555a839f5426b","id-9d3c612e4b7e4fd39c0fd6c8cf13a281",""
"id-4e24de2a12a44b55ad734db538fae149","RealizationRelationship","","","id-685bfdd327e34827a7bf76561e1c43ff","id-9d3c612e4b7e4fd39c0fd6c8cf13a281",""
"id-e125290b9cfb42b5b8129611932857aa","RealizationRelationship","","","id-5bee80ba83b845e1bf4ea413de218b68","id-31ebf8bf88c241bea5e321f28e6fd0ce",""
"id-97dc6c3096a04b288e3c3eea2d85d51a","RealizationRelationship","Realization","","id-1caf82f8e07c475d99462cd0db97df1b","id-fbf5535f2df54e5294b3c7d56b45ae6e",""
"id-6a7a25a5276e498487fbf6769d8bb33c","ServingRelationship","","","id-4b9ab8b6aa0943a58e914b56de1ad8b0","id-4c711dfb860a436cb2f9eea3da68c0cc",""
"id-f0c119276ec94bf4a178bbdd18244822","ServingRelationship","","","id-4c711dfb860a436cb2f9eea3da68c0cc","id-197aaa8756da4dc4b35b39294a8fbbd5",""
"id-c6e4f5730fa143d1b9f5c7ae469b867a","ServingRelationship","","","id-3df0752965c44664902b1932d3963dee","id-94737cff4b6c48b58c03a084891f24ff",""
"id-7f6a671bef60483892f8dd5a42d30232","ServingRelationship","","","id-5bee80ba83b845e1bf4ea413de218b68","id-4b9ab8b6aa0943a58e914b56de1ad8b0",""
"id-0d82c70326574c34990beb42cb8cd40c","ServingRelationship","","","id-f7b0c69257b34271b37d3be89cc23221","id-d9ff85417f244d34a038458ed1d99787",""
"id-8facf77c9d674c5cb06a55132ba337dc","ServingRelationship","","","id-c2cea52182bc4c6881a03aeb3b9d4ccd","id-d9ff85417f244d34a038458ed1d99787",""
"id-7817084b62bd488888178a07a6b7c27c","ServingRelationship","","","id-d432df01c22f4735aa4ce7b95c6e9fa9","id-8033a3a62b194dae894588d6e1810525",""
"id-e3e06484e3e94b2eb6d7d9f54fbc8050","ServingRelationship","","","id-25d6dfa5de454df0887d65bd165e2398","id-6a1af0ae89664047bf52c825a3a71614",""
"id-c005624bdf8d4b468ee38a2ae526f5a9","ServingRelationship","","","id-ebbcb257a4204f67b385a0e52f679ff2","id-e06e7127a22c49b1a3084a65631f0693",""
"id-e013c14501c8480aaafeca3f1bb871bd","ServingRelationship","","","id-8efb36e08c904782981704081112acfe","id-674edda8695f4d418b4e964a850ab718",""
"id-b41d5f000caa498593aaaf25eba5a9be","ServingRelationship","","","id-969078dd50ce4f75bff1fd8b1cde520f","id-b10f48d1a68a47aa92e81f03bcca3730",""
"id-381cb6b2297947c3a5baac8b9f1b3ce5","ServingRelationship","","","id-4c711dfb860a436cb2f9eea3da68c0cc","id-ee7f41a143c3420b92284860c469a7b5",""
"id-cee2c72ab7d34b0ba5c9be6f08a220e4","ServingRelationship","","","id-25d6dfa5de454df0887d65bd165e2398","id-5f2ca4020dfd4a10bdc1156db168e483",""
"id-eeaddfbd6d714209a26d8e6dd8dee9b7","ServingRelationship","","","id-c2cea52182bc4c6881a03aeb3b9d4ccd","id-e06e7127a22c49b1a3084a65631f0693",""
"id-e84c2940c27649bb9c6a2b6f40cacfc2","ServingRelationship","","","id-d432df01c22f4735aa4ce7b95c6e9fa9","id-25d6dfa5de454df0887d65bd165e2398",""
"id-b117dc4b2b37426785fdf89ff361b930","ServingRelationship","","","id-4b9ab8b6aa0943a58e914b56de1ad8b0","id-4d23f49cf3254f18b1b0dd2a5551d2c6",""
"id-06e4b1d869404546933532f173e20f50","ServingRelationship","","","id-25d6dfa5de454df0887d65bd165e2398","id-14089739aa41445e964c108a85195b18",""
"id-6c94596f44f145c485ac40a497b73419","ServingRelationship","","","id-4a42743a4e6242a2baa2c52678b73e78","id-e88c9142fd1146419a8918983494b6fb",""
"id-df2abc83dc4941999d9eaa0d4bb409d0","ServingRelationship","Serving","","id-83f0eca10ebf41a5bcf60927c2b5fc28","id-b10f48d1a68a47aa92e81f03bcca3730",""
"id-5b6c7547fe8c4143ae3b009eb8c2968b","ServingRelationship","Serving","","id-1caf82f8e07c475d99462cd0db97df1b","id-e9341681a1a04f10be994ad2cb559fea",""
"id-d69284d119fa41d2b57dffda7e73bf8b","ServingRelationship","Serving","","id-856a6be468e64092aa110f0508dcd65a","id-969078dd50ce4f75bff1fd8b1cde520f",""
"id-1d55288beff64dbca3f7dc08869a61e9","SpecializationRelationship","","","id-e06e7127a22c49b1a3084a65631f0693","id-31ebf8bf88c241bea5e321f28e6fd0ce",""
"id-10828ebc58d64c35a5923c1eb9b168a3","SpecializationRelationship","","","id-d9ff85417f244d34a038458ed1d99787","id-31ebf8bf88c241bea5e321f28e6fd0ce",""
"id-a614a27b4af64f81ac4ae6c206f3b91c","SpecializationRelationship","","","id-94737cff4b6c48b58c03a084891f24ff","id-31ebf8bf88c241bea5e321f28e6fd0ce",""
"id-4f67c01a841a4fddb7da0ebcbb8dfb1e","SpecializationRelationship","","","id-e88c9142fd1146419a8918983494b6fb","id-31ebf8bf88c241bea5e321f28e6fd0ce",""
"id-61d80d1035ee4b8ca9558616cf553b46","SpecializationRelationship","Specialization","","id-b10f48d1a68a47aa92e81f03bcca3730","id-b10f48d1a68a47aa92e81f03bcca3730",""
"id-99e891115b6e4d41acc80b87d0064bae","TriggeringRelationship","","","id-674edda8695f4d418b4e964a850ab718","id-ee7f41a143c3420b92284860c469a7b5",""
"id-5706fd7c47a84c308dc35c15f0ce0664","TriggeringRelationship","","","id-4d23f49cf3254f18b1b0dd2a5551d2c6","id-c0f273c561a74dea8982b5ae95d9ffab",""
"id-0bd1db5f779d4b8a9d92090cbaf0d72b","TriggeringRelationship","","","id-2c692a4f3aef4f19b39a13faa9af3845","id-e88c9142fd1146419a8918983494b6fb",""
"id-9aedd2e37e284f0da9a4b5a501ca7743","TriggeringRelationship","","","id-2c692a4f3aef4f19b39a13faa9af3845","id-94737cff4b6c48b58c03a084891f24ff",""
"id-96973c8e87f748df80e4eae0d397046b","TriggeringRelationship","","","id-ee7f41a143c3420b92284860c469a7b5","id-197aaa8756da4dc4b35b39294a8fbbd5",""
"id-8ab2238b2c9a44f9bd54906357dfdd42","TriggeringRelationship","No","","id-c0f273c561a74dea8982b5ae95d9ffab","id-2a4f51a79ff14092ad925805884b8798",""
"id-3a38d9255dc64e78b564f45d55f5940f","TriggeringRelationship","No","","id-47bac9f040ee40118876ff11093056d4","id-fbc7e847c71041dca45d73994052b47f",""
"id-922704edba7f45edabf322333efd34ea","TriggeringRelationship","Triggering","","id-b10f48d1a68a47aa92e81f03bcca3730","id-d36b8e93594340c7bad276a5e601aca0",""
"id-03840a34247e45f0b105884e2894ea4a","TriggeringRelationship","Triggering","","id-d36b8e93594340c7bad276a5e601aca0","id-b10f48d1a68a47aa92e81f03bcca3730",""
"id-00a5e5240b4e4a55b063cbb94c1e2d7c","TriggeringRelationship","Yes","","id-c0f273c561a74dea8982b5ae95d9ffab","id-47bac9f040ee40118876ff11093056d4",""
"id-71b23a0734bb4e69b349a319f8d0d35b","TriggeringRelationship","Yes","","id-47bac9f040ee40118876ff11093056d4","id-674edda8695f4d418b4e964a850ab718",""