<?xml version="1.0" encoding="UTF-8"?><model xmlns="http://www.opengroup.org/xsd/archimate/3.0/" xmlns:xsi="http://www.w3.org/2001/XMLSchema-instance" identifier="_sKoHgE3UEeqesv9gci-YTQ">  <name xml:lang="en">Core QDF v1.7.2</name>  <elements>    <element xsi:type="Node" identifier="_1-APUDACEDi_2r9pKoFvng">      <name xml:lang="en">QDF v1.7.2</name>      <documentation/>    </element>    <element xsi:type="Node" identifier="_DDYxMDADEDi_2r9pKoFvng">      <name xml:lang="en">2.Colmedica</name>      <documentation/>    </element>    <element xsi:type="Node" identifier="_RL488TADEDi_2r9pKoFvng">      <name xml:lang="en">1.Application</name>      <documentation/>    </element>    <element xsi:type="Node" identifier="_WP6QcTADEDi_2r9pKoFvng">      <name xml:lang="en">2.QVD</name>      <documentation/>    </element>    <element xsi:type="Node" identifier="_XyZ98DADEDi_2r9pKoFvng">      <name xml:lang="en">3.Include</name>      <documentation/>    </element>    <element xsi:type="Node" identifier="_bRU74TADEDi_2r9pKoFvng">      <name xml:lang="en">4.Mart</name>      <documentation/>    </element>    <element xsi:type="Node" identifier="_dV7Q4TADEDi_2r9pKoFvng">      <name xml:lang="en">5.Config</name>      <documentation/>    </element>    <element xsi:type="Node" identifier="_hDGGMDADEDi_2r9pKoFvng">      <name xml:lang="en">6.Script</name>      <documentation/>    </element>    <element xsi:type="Node" identifier="_oiU34TADEDi_2r9pKoFvng">      <name xml:lang="en">7.Export</name>      <documentation/>    </element>    <element xsi:type="Node" identifier="_qizh4TADEDi_2r9pKoFvng">      <name xml:lang="en">8.Import</name>      <documentation/>    </element>    <element xsi:type="Node" identifier="_sS938DADEDi_2r9pKoFvng">      <name xml:lang="en">9.Misc</name>      <documentation/>    </element>    <element xsi:type="Node" identifier="_86nmsDADEDi_2r9pKoFvng">      <name xml:lang="en">1.Application</name>      <documentation/>    </element>    <element xsi:type="Node" identifier="__CWvQDADEDi_2r9pKoFvng">      <name xml:lang="en">2.QVD</name>      <documentation/>    </element>    <element xsi:type="Node" identifier="__CWvQjADEDi_2r9pKoFvng">      <name xml:lang="en">3.Include</name>      <documentation/>    </element>    <element xsi:type="Node" identifier="__CXWUTADEDi_2r9pKoFvng">      <name xml:lang="en">4.Mart</name>      <documentation/>    </element>    <element xsi:type="Node" identifier="__CXWUzADEDi_2r9pKoFvng">      <name xml:lang="en">5.Config</name>      <documentation/>    </element>    <element xsi:type="Node" identifier="__CX9YTADEDi_2r9pKoFvng">      <name xml:lang="en">6.Script</name>      <documentation/>    </element>    <element xsi:type="Node" identifier="__CX9YzADEDi_2r9pKoFvng">      <name xml:lang="en">7.Export</name>      <documentation/>    </element>    <element xsi:type="Node" identifier="__CX9ZTADEDi_2r9pKoFvng">      <name xml:lang="en">8.Import</name>      <documentation/>    </element>    <element xsi:type="Node" identifier="__CX9ZzADEDi_2r9pKoFvng">      <name xml:lang="en">9.Misc</name>      <documentation/>    </element>    <element xsi:type="Node" identifier="_HPM04DAEEDi_2r9pKoFvng">      <name xml:lang="en">1.Application</name>      <documentation/>    </element>    <element xsi:type="Node" identifier="_Kt-o4DAEEDi_2r9pKoFvng">      <name xml:lang="en">2.QVD</name>      <documentation/>    </element>    <element xsi:type="Node" identifier="_MIk-oTAEEDi_2r9pKoFvng">      <name xml:lang="en">3.Include</name>      <documentation/>    </element>    <element xsi:type="Node" identifier="_OPdyoTAEEDi_2r9pKoFvng">      <name xml:lang="en">4.Mart</name>      <documentation/>    </element>    <element xsi:type="Node" identifier="_PkV64TAEEDi_2r9pKoFvng">      <name xml:lang="en">5.Config</name>      <documentation/>    </element>    <element xsi:type="Node" identifier="_Re9NcTAEEDi_2r9pKoFvng">      <name xml:lang="en">6.Script</name>      <documentation/>    </element>    <element xsi:type="Node" identifier="_S7KFsTAEEDi_2r9pKoFvng">      <name xml:lang="en">7.Export</name>      <documentation/>    </element>    <element xsi:type="Node" identifier="_U-6tMTAEEDi_2r9pKoFvng">      <name xml:lang="en">8.Import</name>      <documentation/>    </element>    <element xsi:type="Node" identifier="_WSdYsTAEEDi_2r9pKoFvng">      <name xml:lang="en">9.Misc</name>      <documentation/>    </element>    <element xsi:type="Node" identifier="_7zHWoTAEEDi_2r9pKoFvng">      <name xml:lang="en">1.BaseVariable</name>      <documentation/>    </element>    <element xsi:type="Node" identifier="__CtfIDAEEDi_2r9pKoFvng">      <name xml:lang="en">2.Locale</name>      <documentation/>    </element>    <element xsi:type="Node" identifier="_Bd2r4TAFEDi_2r9pKoFvng">      <name xml:lang="en">3.ConnString</name>      <documentation/>    </element>    <element xsi:type="Node" identifier="_DeDpETAFEDi_2r9pKoFvng">      <name xml:lang="en">4.Sub</name>      <documentation/>    </element>    <element xsi:type="Node" identifier="_H2yj4TAFEDi_2r9pKoFvng">      <name xml:lang="en">5.ColorScheme</name>      <documentation/>    </element>    <element xsi:type="Node" identifier="_KN160TAFEDi_2r9pKoFvng">      <name xml:lang="en">6.Custom</name>      <documentation/>    </element>    <element xsi:type="Node" identifier="_a-PV4TAFEDi_2r9pKoFvng">      <name xml:lang="en">1.Extract</name>      <documentation/>    </element>    <element xsi:type="Node" identifier="_eMJcUTAFEDi_2r9pKoFvng">      <name xml:lang="en">2.Transform</name>      <documentation/>    </element>    <element xsi:type="Node" identifier="_gW744DAFEDi_2r9pKoFvng">      <name xml:lang="en">3.Load</name>      <documentation/>    </element>    <element xsi:type="Node" identifier="_vShucDAFEDi_2r9pKoFvng">      <name xml:lang="en">1.Extract</name>      <documentation/>    </element>    <element xsi:type="Node" identifier="_Q-G7cjAKEDi_2r9pKoFvng">      <name xml:lang="en">1.Application</name>      <documentation/>    </element>    <element xsi:type="Node" identifier="_Q-HigDAKEDi_2r9pKoFvng">      <name xml:lang="en">2.QVD</name>      <documentation/>    </element>    <element xsi:type="Node" identifier="_Q-HigjAKEDi_2r9pKoFvng">      <name xml:lang="en">3.Load</name>      <documentation/>    </element>    <element xsi:type="Node" identifier="_Q-HihDAKEDi_2r9pKoFvng">      <name xml:lang="en">3.Include</name>      <documentation/>    </element>    <element xsi:type="Node" identifier="_Q-HihjAKEDi_2r9pKoFvng">      <name xml:lang="en">1.BaseVariable</name>      <documentation/>    </element>    <element xsi:type="Node" identifier="_Q-HiiDAKEDi_2r9pKoFvng">      <name xml:lang="en">2.Locale</name>      <documentation/>    </element>    <element xsi:type="Node" identifier="_Q-HiijAKEDi_2r9pKoFvng">      <name xml:lang="en">3.ConnString</name>      <documentation/>    </element>    <element xsi:type="Node" identifier="_Q-HijDAKEDi_2r9pKoFvng">      <name xml:lang="en">4.Sub</name>      <documentation/>    </element>    <element xsi:type="Node" identifier="_Q-HijjAKEDi_2r9pKoFvng">      <name xml:lang="en">5.ColorScheme</name>      <documentation/>    </element>    <element xsi:type="Node" identifier="_Q-IJkDAKEDi_2r9pKoFvng">      <name xml:lang="en">6.Custom</name>      <documentation/>    </element>    <element xsi:type="Node" identifier="_Q-IJmDAKEDi_2r9pKoFvng">      <name xml:lang="en">3.Load</name>      <documentation/>    </element>    <element xsi:type="Node" identifier="_Q-IJnDAKEDi_2r9pKoFvng">      <name xml:lang="en">6.Script</name>      <documentation/>    </element>    <element xsi:type="Node" identifier="_Q-IwoDAKEDi_2r9pKoFvng">      <name xml:lang="en">7.Export</name>      <documentation/>    </element>    <element xsi:type="Node" identifier="_Q-IwpDAKEDi_2r9pKoFvng">      <name xml:lang="en">8.Import</name>      <documentation/>    </element>    <element xsi:type="Node" identifier="_Q-IwqDAKEDi_2r9pKoFvng">      <name xml:lang="en">4.Mart</name>      <documentation/>    </element>    <element xsi:type="Node" identifier="_Q-J-wjAKEDi_2r9pKoFvng">      <name xml:lang="en">9.Misc</name>      <documentation/>    </element>    <element xsi:type="Node" identifier="_Q-Kl0TAKEDi_2r9pKoFvng">      <name xml:lang="en">5.Config</name>      <documentation/>    </element>    <element xsi:type="Node" identifier="_Nk_OEDALEDi_2r9pKoFvng">      <name xml:lang="en">99.Transversal</name>      <documentation/>    </element>    <element xsi:type="Node" identifier="_Nk_1ITALEDi_2r9pKoFvng">      <name xml:lang="en">1.Application</name>      <documentation/>    </element>    <element xsi:type="Node" identifier="_Nk_1IzALEDi_2r9pKoFvng">      <name xml:lang="en">2.QVD</name>      <documentation/>    </element>    <element xsi:type="Node" identifier="_Nk_1JTALEDi_2r9pKoFvng">      <name xml:lang="en">1.Extract</name>      <documentation/>    </element>    <element xsi:type="Node" identifier="_Nk_1JzALEDi_2r9pKoFvng">      <name xml:lang="en">3.Include</name>      <documentation/>    </element>    <element xsi:type="Node" identifier="_Nk_1KTALEDi_2r9pKoFvng">      <name xml:lang="en">1.BaseVariable</name>      <documentation/>    </element>    <element xsi:type="Node" identifier="_Nk_1KzALEDi_2r9pKoFvng">      <name xml:lang="en">2.Locale</name>      <documentation/>    </element>    <element xsi:type="Node" identifier="_NlAcMTALEDi_2r9pKoFvng">      <name xml:lang="en">3.ConnString</name>      <documentation/>    </element>    <element xsi:type="Node" identifier="_NlAcMzALEDi_2r9pKoFvng">      <name xml:lang="en">4.Sub</name>      <documentation/>    </element>    <element xsi:type="Node" identifier="_NlAcNTALEDi_2r9pKoFvng">      <name xml:lang="en">5.ColorScheme</name>      <documentation/>    </element>    <element xsi:type="Node" identifier="_NlAcNzALEDi_2r9pKoFvng">      <name xml:lang="en">6.Custom</name>      <documentation/>    </element>    <element xsi:type="Node" identifier="_NlAcOTALEDi_2r9pKoFvng">      <name xml:lang="en">1.Extract</name>      <documentation/>    </element>    <element xsi:type="Node" identifier="_NlAcPTALEDi_2r9pKoFvng">      <name xml:lang="en">2.Transform</name>      <documentation/>    </element>    <element xsi:type="Node" identifier="_NlAcPzALEDi_2r9pKoFvng">      <name xml:lang="en">3.Load</name>      <documentation/>    </element>    <element xsi:type="Node" identifier="_NlBDQzALEDi_2r9pKoFvng">      <name xml:lang="en">6.Script</name>      <documentation/>    </element>    <element xsi:type="Node" identifier="_NlBDRzALEDi_2r9pKoFvng">      <name xml:lang="en">7.Export</name>      <documentation/>    </element>    <element xsi:type="Node" identifier="_NlBDSzALEDi_2r9pKoFvng">      <name xml:lang="en">8.Import</name>      <documentation/>    </element>    <element xsi:type="Node" identifier="_NlBDTzALEDi_2r9pKoFvng">      <name xml:lang="en">4.Mart</name>      <documentation/>    </element>    <element xsi:type="Node" identifier="_NlBqUjALEDi_2r9pKoFvng">      <name xml:lang="en">9.Misc</name>      <documentation/>    </element>    <element xsi:type="Node" identifier="_NlBqVDALEDi_2r9pKoFvng">      <name xml:lang="en">5.Config</name>      <documentation/>    </element>    <element xsi:type="Node" identifier="_g1jN4TANEDi_2r9pKoFvng">      <name xml:lang="en">2.Transform</name>      <documentation/>    </element>    <element xsi:type="Node" identifier="_jc1ZMTANEDi_2r9pKoFvng">      <name xml:lang="en">3.Load</name>      <documentation/>    </element>  </elements>  <relationships>    <relationship xsi:type="Composition" identifier="_DDZYQDADEDi_2r9pKoFvng" source="_1-APUDACEDi_2r9pKoFvng" target="_DDYxMDADEDi_2r9pKoFvng">      <name xml:lang="en"/>      <documentation/>    </relationship>    <relationship xsi:type="Composition" identifier="_86r4IDADEDi_2r9pKoFvng" source="_DDYxMDADEDi_2r9pKoFvng" target="_86nmsDADEDi_2r9pKoFvng">      <name xml:lang="en"/>      <documentation/>    </relationship>    <relationship xsi:type="Composition" identifier="_DBjvwzAEEDi_2r9pKoFvng" source="_DDYxMDADEDi_2r9pKoFvng" target="__CWvQDADEDi_2r9pKoFvng">      <name xml:lang="en"/>      <documentation/>    </relationship>    <relationship xsi:type="Composition" identifier="_DBmzFTAEEDi_2r9pKoFvng" source="_DDYxMDADEDi_2r9pKoFvng" target="__CWvQjADEDi_2r9pKoFvng">      <name xml:lang="en"/>      <documentation/>    </relationship>    <relationship xsi:type="Composition" identifier="_DBooRDAEEDi_2r9pKoFvng" source="_DDYxMDADEDi_2r9pKoFvng" target="__CX9YTADEDi_2r9pKoFvng">      <name xml:lang="en"/>      <documentation/>    </relationship>    <relationship xsi:type="Composition" identifier="_DBrEgTAEEDi_2r9pKoFvng" source="_DDYxMDADEDi_2r9pKoFvng" target="__CX9YzADEDi_2r9pKoFvng">      <name xml:lang="en"/>      <documentation/>    </relationship>    <relationship xsi:type="Composition" identifier="_DBs5szAEEDi_2r9pKoFvng" source="_DDYxMDADEDi_2r9pKoFvng" target="__CX9ZTADEDi_2r9pKoFvng">      <name xml:lang="en"/>      <documentation/>    </relationship>    <relationship xsi:type="Composition" identifier="_DBuu4TAEEDi_2r9pKoFvng" source="_DDYxMDADEDi_2r9pKoFvng" target="__CXWUTADEDi_2r9pKoFvng">      <name xml:lang="en"/>      <documentation/>    </relationship>    <relationship xsi:type="Composition" identifier="_DBv9AzAEEDi_2r9pKoFvng" source="_DDYxMDADEDi_2r9pKoFvng" target="__CX9ZzADEDi_2r9pKoFvng">      <name xml:lang="en"/>      <documentation/>    </relationship>    <relationship xsi:type="Composition" identifier="_DByZQTAEEDi_2r9pKoFvng" source="_DDYxMDADEDi_2r9pKoFvng" target="__CXWUzADEDi_2r9pKoFvng">      <name xml:lang="en"/>      <documentation/>    </relationship>    <relationship xsi:type="Composition" identifier="_7zJL4TAEEDi_2r9pKoFvng" source="__CWvQjADEDi_2r9pKoFvng" target="_7zHWoTAEEDi_2r9pKoFvng">      <name xml:lang="en"/>      <documentation/>    </relationship>    <relationship xsi:type="Composition" identifier="__Cv7bzAEEDi_2r9pKoFvng" source="__CWvQjADEDi_2r9pKoFvng" target="__CtfIDAEEDi_2r9pKoFvng">      <name xml:lang="en"/>      <documentation/>    </relationship>    <relationship xsi:type="Composition" identifier="_Bd7kYDAFEDi_2r9pKoFvng" source="__CWvQjADEDi_2r9pKoFvng" target="_Bd2r4TAFEDi_2r9pKoFvng">      <name xml:lang="en"/>      <documentation/>    </relationship>    <relationship xsi:type="Composition" identifier="_DeGFXjAFEDi_2r9pKoFvng" source="__CWvQjADEDi_2r9pKoFvng" target="_DeDpETAFEDi_2r9pKoFvng">      <name xml:lang="en"/>      <documentation/>    </relationship>    <relationship xsi:type="Composition" identifier="_H22ORTAFEDi_2r9pKoFvng" source="__CWvQjADEDi_2r9pKoFvng" target="_H2yj4TAFEDi_2r9pKoFvng">      <name xml:lang="en"/>      <documentation/>    </relationship>    <relationship xsi:type="Composition" identifier="_KN5lPDAFEDi_2r9pKoFvng" source="__CWvQjADEDi_2r9pKoFvng" target="_KN160TAFEDi_2r9pKoFvng">      <name xml:lang="en"/>      <documentation/>    </relationship>    <relationship xsi:type="Composition" identifier="_a-UOYDAFEDi_2r9pKoFvng" source="_KN160TAFEDi_2r9pKoFvng" target="_a-PV4TAFEDi_2r9pKoFvng">      <name xml:lang="en"/>      <documentation/>    </relationship>    <relationship xsi:type="Composition" identifier="_eMMfojAFEDi_2r9pKoFvng" source="_KN160TAFEDi_2r9pKoFvng" target="_eMJcUTAFEDi_2r9pKoFvng">      <name xml:lang="en"/>      <documentation/>    </relationship>    <relationship xsi:type="Composition" identifier="_gW-8PTAFEDi_2r9pKoFvng" source="_KN160TAFEDi_2r9pKoFvng" target="_gW744DAFEDi_2r9pKoFvng">      <name xml:lang="en"/>      <documentation/>    </relationship>    <relationship xsi:type="Composition" identifier="_vSl_4DAFEDi_2r9pKoFvng" source="__CWvQDADEDi_2r9pKoFvng" target="_vShucDAFEDi_2r9pKoFvng">      <name xml:lang="en"/>      <documentation/>    </relationship>    <relationship xsi:type="Flow" identifier="_QhfYQzAHEDi_2r9pKoFvng" source="_a-PV4TAFEDi_2r9pKoFvng" target="_vShucDAFEDi_2r9pKoFvng">      <name xml:lang="en"/>      <documentation/>    </relationship>    <relationship xsi:type="Triggering" identifier="_pPaDgDAHEDi_2r9pKoFvng" source="__CX9YTADEDi_2r9pKoFvng" target="_86nmsDADEDi_2r9pKoFvng">      <name xml:lang="en"/>      <documentation/>    </relationship>    <relationship xsi:type="Flow" identifier="_YPaQwzAIEDi_2r9pKoFvng" source="_KN160TAFEDi_2r9pKoFvng" target="__CX9YzADEDi_2r9pKoFvng">      <name xml:lang="en"/>      <documentation/>    </relationship>    <relationship xsi:type="Aggregation" identifier="_G4S-gjAJEDi_2r9pKoFvng" source="_KN160TAFEDi_2r9pKoFvng" target="__CX9ZTADEDi_2r9pKoFvng">      <name xml:lang="en"/>      <documentation/>    </relationship>    <relationship xsi:type="Aggregation" identifier="_wM36ADAJEDi_2r9pKoFvng" source="__CXWUTADEDi_2r9pKoFvng" target="_KN160TAFEDi_2r9pKoFvng">      <name xml:lang="en"/>      <documentation/>    </relationship>    <relationship xsi:type="Aggregation" identifier="_9aApszAJEDi_2r9pKoFvng" source="_86nmsDADEDi_2r9pKoFvng" target="__CWvQjADEDi_2r9pKoFvng">      <name xml:lang="en"/>      <documentation/>    </relationship>    <relationship xsi:type="Aggregation" identifier="_Q-IJmjAKEDi_2r9pKoFvng" source="_Q-G7cjAKEDi_2r9pKoFvng" target="_Q-HihDAKEDi_2r9pKoFvng">      <name xml:lang="en"/>      <documentation/>    </relationship>    <relationship xsi:type="Triggering" identifier="_Q-IJnjAKEDi_2r9pKoFvng" source="_Q-IJnDAKEDi_2r9pKoFvng" target="_Q-G7cjAKEDi_2r9pKoFvng">      <name xml:lang="en"/>      <documentation/>    </relationship>    <relationship xsi:type="Flow" identifier="_Q-IwojAKEDi_2r9pKoFvng" source="_Q-IJkDAKEDi_2r9pKoFvng" target="_Q-IwoDAKEDi_2r9pKoFvng">      <name xml:lang="en"/>      <documentation/>    </relationship>    <relationship xsi:type="Aggregation" identifier="_Q-IwpjAKEDi_2r9pKoFvng" source="_Q-IJkDAKEDi_2r9pKoFvng" target="_Q-IwpDAKEDi_2r9pKoFvng">      <name xml:lang="en"/>      <documentation/>    </relationship>    <relationship xsi:type="Aggregation" identifier="_Q-J-wDAKEDi_2r9pKoFvng" source="_Q-IwqDAKEDi_2r9pKoFvng" target="_Q-IJkDAKEDi_2r9pKoFvng">      <name xml:lang="en"/>      <documentation/>    </relationship>    <relationship xsi:type="Flow" identifier="_NlAcOzALEDi_2r9pKoFvng" source="_NlAcOTALEDi_2r9pKoFvng" target="_Nk_1JTALEDi_2r9pKoFvng">      <name xml:lang="en"/>      <documentation/>    </relationship>    <relationship xsi:type="Aggregation" identifier="_NlBDQTALEDi_2r9pKoFvng" source="_Nk_1ITALEDi_2r9pKoFvng" target="_Nk_1JzALEDi_2r9pKoFvng">      <name xml:lang="en"/>      <documentation/>    </relationship>    <relationship xsi:type="Triggering" identifier="_NlBDRTALEDi_2r9pKoFvng" source="_NlBDQzALEDi_2r9pKoFvng" target="_Nk_1ITALEDi_2r9pKoFvng">      <name xml:lang="en"/>      <documentation/>    </relationship>    <relationship xsi:type="Flow" identifier="_NlBDSTALEDi_2r9pKoFvng" source="_NlAcNzALEDi_2r9pKoFvng" target="_NlBDRzALEDi_2r9pKoFvng">      <name xml:lang="en"/>      <documentation/>    </relationship>    <relationship xsi:type="Aggregation" identifier="_NlBDTTALEDi_2r9pKoFvng" source="_NlAcNzALEDi_2r9pKoFvng" target="_NlBDSzALEDi_2r9pKoFvng">      <name xml:lang="en"/>      <documentation/>    </relationship>    <relationship xsi:type="Aggregation" identifier="_NlBqUDALEDi_2r9pKoFvng" source="_NlBDTzALEDi_2r9pKoFvng" target="_NlAcNzALEDi_2r9pKoFvng">      <name xml:lang="en"/>      <documentation/>    </relationship>    <relationship xsi:type="Composition" identifier="_OwVm4zALEDi_2r9pKoFvng" source="_1-APUDACEDi_2r9pKoFvng" target="_Nk_OEDALEDi_2r9pKoFvng">      <name xml:lang="en"/>      <documentation/>    </relationship>    <relationship xsi:type="Aggregation" identifier="_wMOu4jALEDi_2r9pKoFvng" source="_DDYxMDADEDi_2r9pKoFvng" target="_Nk_OEDALEDi_2r9pKoFvng">      <name xml:lang="en"/>      <documentation/>    </relationship>    <relationship xsi:type="Composition" identifier="_DYeE0jANEDi_2r9pKoFvng" source="_Q-IJkDAKEDi_2r9pKoFvng" target="_Q-IJmDAKEDi_2r9pKoFvng">      <name xml:lang="en"/>      <documentation/>    </relationship>    <relationship xsi:type="Composition" identifier="_XaKRgzANEDi_2r9pKoFvng" source="_Nk_OEDALEDi_2r9pKoFvng" target="_NlBDRzALEDi_2r9pKoFvng">      <name xml:lang="en"/>      <documentation/>    </relationship>    <relationship xsi:type="Composition" identifier="_XaOi8zANEDi_2r9pKoFvng" source="_Nk_OEDALEDi_2r9pKoFvng" target="_NlBqUjALEDi_2r9pKoFvng">      <name xml:lang="en"/>      <documentation/>    </relationship>    <relationship xsi:type="Composition" identifier="_XaSNUzANEDi_2r9pKoFvng" source="_Nk_OEDALEDi_2r9pKoFvng" target="_NlBDTzALEDi_2r9pKoFvng">      <name xml:lang="en"/>      <documentation/>    </relationship>    <relationship xsi:type="Composition" identifier="_XaUplzANEDi_2r9pKoFvng" source="_Nk_OEDALEDi_2r9pKoFvng" target="_NlBqVDALEDi_2r9pKoFvng">      <name xml:lang="en"/>      <documentation/>    </relationship>    <relationship xsi:type="Composition" identifier="_XaXs4zANEDi_2r9pKoFvng" source="_Nk_OEDALEDi_2r9pKoFvng" target="_NlBDSzALEDi_2r9pKoFvng">      <name xml:lang="en"/>      <documentation/>    </relationship>    <relationship xsi:type="Composition" identifier="_baQp4zANEDi_2r9pKoFvng" source="_NlAcNzALEDi_2r9pKoFvng" target="_NlAcPTALEDi_2r9pKoFvng">      <name xml:lang="en"/>      <documentation/>    </relationship>    <relationship xsi:type="Composition" identifier="_cDhpUzANEDi_2r9pKoFvng" source="_NlAcNzALEDi_2r9pKoFvng" target="_NlAcPzALEDi_2r9pKoFvng">      <name xml:lang="en"/>      <documentation/>    </relationship>    <relationship xsi:type="Composition" identifier="_eseBgzANEDi_2r9pKoFvng" source="_Nk_OEDALEDi_2r9pKoFvng" target="_Nk_1IzALEDi_2r9pKoFvng">      <name xml:lang="en"/>      <documentation/>    </relationship>    <relationship xsi:type="Composition" identifier="_gQTLwzANEDi_2r9pKoFvng" source="_Nk_1IzALEDi_2r9pKoFvng" target="_Nk_1JTALEDi_2r9pKoFvng">      <name xml:lang="en"/>      <documentation/>    </relationship>    <relationship xsi:type="Composition" identifier="_g1m4VDANEDi_2r9pKoFvng" source="_Nk_1IzALEDi_2r9pKoFvng" target="_g1jN4TANEDi_2r9pKoFvng">      <name xml:lang="en"/>      <documentation/>    </relationship>    <relationship xsi:type="Composition" identifier="_jc8G5zANEDi_2r9pKoFvng" source="_Nk_1IzALEDi_2r9pKoFvng" target="_jc1ZMTANEDi_2r9pKoFvng">      <name xml:lang="en"/>      <documentation/>    </relationship>    <relationship xsi:type="Flow" identifier="_lgWwIzANEDi_2r9pKoFvng" source="_NlAcPTALEDi_2r9pKoFvng" target="_g1jN4TANEDi_2r9pKoFvng">      <name xml:lang="en"/>      <documentation/>    </relationship>    <relationship xsi:type="Flow" identifier="_l_7oEzANEDi_2r9pKoFvng" source="_NlAcPzALEDi_2r9pKoFvng" target="_jc1ZMTANEDi_2r9pKoFvng">      <name xml:lang="en"/>      <documentation/>    </relationship>    <relationship xsi:type="Composition" identifier="_nliT8zANEDi_2r9pKoFvng" source="_Nk_1JzALEDi_2r9pKoFvng" target="_NlAcNzALEDi_2r9pKoFvng">      <name xml:lang="en"/>      <documentation/>    </relationship>    <relationship xsi:type="Flow" identifier="_6jjGkTCQEDieQY0vETM0YQ" source="_gW744DAFEDi_2r9pKoFvng" target="_Q-HigjAKEDi_2r9pKoFvng">      <name xml:lang="en"/>      <documentation/>    </relationship>    <relationship xsi:type="Flow" identifier="_SzaucDCSEDieQY0vETM0YQ" source="_Q-HigjAKEDi_2r9pKoFvng" target="_Q-IJmDAKEDi_2r9pKoFvng">      <name xml:lang="en"/>      <documentation/>    </relationship>    <relationship xsi:type="Composition" identifier="_lZqXUjP0EDime8X0_T2dgA" source="_Nk_OEDALEDi_2r9pKoFvng" target="_NlBDQzALEDi_2r9pKoFvng">      <name xml:lang="en"/>      <documentation/>    </relationship>    <relationship xsi:type="Composition" identifier="_xe0LQDP0EDime8X0_T2dgA" source="_Nk_OEDALEDi_2r9pKoFvng" target="_Nk_1JzALEDi_2r9pKoFvng">      <name xml:lang="en"/>      <documentation/>    </relationship>  </relationships>  <views>    <diagrams>      <view identifier="_sKoHg03UEeqesv9gci-YTQ">        <name xml:lang="en">archimate-diagram</name>        <node xsi:type="Element" identifier="_1-CEgDACEDi_2r9pKoFvng" h="1440" w="1270" x="12" y="15" elementRef="_1-APUDACEDi_2r9pKoFvng">          <node xsi:type="Element" identifier="_DDZYQjADEDi_2r9pKoFvng" h="590" w="1178" x="58" y="47" elementRef="_DDYxMDADEDi_2r9pKoFvng">            <node xsi:type="Element" identifier="_86tGQDADEDi_2r9pKoFvng" h="60" w="130" x="588" y="115" elementRef="_86nmsDADEDi_2r9pKoFvng"/>            <node xsi:type="Element" identifier="__CX9aTADEDi_2r9pKoFvng" h="110" w="170" x="78" y="326" elementRef="__CWvQDADEDi_2r9pKoFvng">              <node xsi:type="Element" identifier="_vSmm8TAFEDi_2r9pKoFvng" h="60" w="130" x="98" y="366" elementRef="_vShucDAFEDi_2r9pKoFvng"/>            </node>            <node xsi:type="Element" identifier="__CYkcDADEDi_2r9pKoFvng" h="250" w="780" x="263" y="256" elementRef="__CWvQjADEDi_2r9pKoFvng">              <node xsi:type="Element" identifier="_7zJy4TAEEDi_2r9pKoFvng" h="60" w="130" x="282" y="293" elementRef="_7zHWoTAEEDi_2r9pKoFvng"/>              <node xsi:type="Element" identifier="__CwicTAEEDi_2r9pKoFvng" h="60" w="130" x="435" y="293" elementRef="__CtfIDAEEDi_2r9pKoFvng"/>              <node xsi:type="Element" identifier="_Bd-AoDAFEDi_2r9pKoFvng" h="60" w="130" x="588" y="293" elementRef="_Bd2r4TAFEDi_2r9pKoFvng"/>              <node xsi:type="Element" identifier="_DeH6gDAFEDi_2r9pKoFvng" h="60" w="130" x="741" y="293" elementRef="_DeDpETAFEDi_2r9pKoFvng"/>              <node xsi:type="Element" identifier="_H221UTAFEDi_2r9pKoFvng" h="60" w="130" x="889" y="293" elementRef="_H2yj4TAFEDi_2r9pKoFvng"/>              <node xsi:type="Element" identifier="_KN6zUTAFEDi_2r9pKoFvng" h="120" w="436" x="435" y="362" elementRef="_KN160TAFEDi_2r9pKoFvng">                <node xsi:type="Element" identifier="_a-VcgDAFEDi_2r9pKoFvng" h="60" w="130" x="453" y="401" elementRef="_a-PV4TAFEDi_2r9pKoFvng"/>                <node xsi:type="Element" identifier="_eMNGsDAFEDi_2r9pKoFvng" h="60" w="130" x="588" y="401" elementRef="_eMJcUTAFEDi_2r9pKoFvng"/>                <node xsi:type="Element" identifier="_gW_jQTAFEDi_2r9pKoFvng" h="60" w="130" x="723" y="401" elementRef="_gW744DAFEDi_2r9pKoFvng"/>              </node>            </node>            <node xsi:type="Element" identifier="__CYkcTADEDi_2r9pKoFvng" h="60" w="130" x="588" y="546" elementRef="__CXWUTADEDi_2r9pKoFvng"/>            <node xsi:type="Element" identifier="__CYkcjADEDi_2r9pKoFvng" h="60" w="130" x="453" y="546" elementRef="__CXWUzADEDi_2r9pKoFvng"/>            <node xsi:type="Element" identifier="__CYkczADEDi_2r9pKoFvng" h="60" w="130" x="1087" y="351" elementRef="__CX9YTADEDi_2r9pKoFvng"/>            <node xsi:type="Element" identifier="__CYkdDADEDi_2r9pKoFvng" h="60" w="130" x="912" y="546" elementRef="__CX9YzADEDi_2r9pKoFvng"/>            <node xsi:type="Element" identifier="__CYkdTADEDi_2r9pKoFvng" h="60" w="130" x="263" y="546" elementRef="__CX9ZTADEDi_2r9pKoFvng"/>            <node xsi:type="Element" identifier="__CYkdjADEDi_2r9pKoFvng" h="60" w="130" x="723" y="546" elementRef="__CX9ZzADEDi_2r9pKoFvng"/>          </node>          <node xsi:type="Element" identifier="_NlBqVjALEDi_2r9pKoFvng" h="730" w="1180" x="58" y="699" elementRef="_Nk_OEDALEDi_2r9pKoFvng">            <node xsi:type="Element" identifier="_NlBqVzALEDi_2r9pKoFvng" h="60" w="130" x="630" y="767" elementRef="_Nk_1ITALEDi_2r9pKoFvng"/>            <node xsi:type="Element" identifier="_NlBqWDALEDi_2r9pKoFvng" h="260" w="183" x="78" y="1015" elementRef="_Nk_1IzALEDi_2r9pKoFvng">              <node xsi:type="Element" identifier="_NlBqWTALEDi_2r9pKoFvng" h="60" w="130" x="98" y="1053" elementRef="_Nk_1JTALEDi_2r9pKoFvng"/>              <node xsi:type="Element" identifier="_g1otcDANEDi_2r9pKoFvng" h="60" w="130" x="98" y="1124" elementRef="_g1jN4TANEDi_2r9pKoFvng"/>              <node xsi:type="Element" identifier="_jc_KNzANEDi_2r9pKoFvng" h="60" w="130" x="98" y="1195" elementRef="_jc1ZMTANEDi_2r9pKoFvng"/>            </node>            <node xsi:type="Element" identifier="_NlBqWjALEDi_2r9pKoFvng" h="390" w="780" x="282" y="915" elementRef="_Nk_1JzALEDi_2r9pKoFvng">              <node xsi:type="Element" identifier="_NlCRYDALEDi_2r9pKoFvng" h="60" w="130" x="301" y="952" elementRef="_Nk_1KTALEDi_2r9pKoFvng"/>              <node xsi:type="Element" identifier="_NlCRYTALEDi_2r9pKoFvng" h="60" w="130" x="454" y="952" elementRef="_Nk_1KzALEDi_2r9pKoFvng"/>              <node xsi:type="Element" identifier="_NlCRYjALEDi_2r9pKoFvng" h="60" w="130" x="607" y="952" elementRef="_NlAcMTALEDi_2r9pKoFvng"/>              <node xsi:type="Element" identifier="_NlCRYzALEDi_2r9pKoFvng" h="60" w="130" x="760" y="952" elementRef="_NlAcMzALEDi_2r9pKoFvng"/>              <node xsi:type="Element" identifier="_NlCRZDALEDi_2r9pKoFvng" h="60" w="130" x="908" y="952" elementRef="_NlAcNTALEDi_2r9pKoFvng"/>              <node xsi:type="Element" identifier="_NlCRZTALEDi_2r9pKoFvng" h="260" w="160" x="592" y="1022" elementRef="_NlAcNzALEDi_2r9pKoFvng">                <node xsi:type="Element" identifier="_NlCRZjALEDi_2r9pKoFvng" h="60" w="130" x="610" y="1061" elementRef="_NlAcOTALEDi_2r9pKoFvng"/>                <node xsi:type="Element" identifier="_NlC4cTALEDi_2r9pKoFvng" h="60" w="130" x="610" y="1132" elementRef="_NlAcPTALEDi_2r9pKoFvng"/>                <node xsi:type="Element" identifier="_NlC4cjALEDi_2r9pKoFvng" h="60" w="130" x="610" y="1203" elementRef="_NlAcPzALEDi_2r9pKoFvng"/>              </node>            </node>            <node xsi:type="Element" identifier="_NlC4ezALEDi_2r9pKoFvng" h="60" w="130" x="1087" y="1122" elementRef="_NlBDQzALEDi_2r9pKoFvng"/>            <node xsi:type="Element" identifier="_NlDfhjALEDi_2r9pKoFvng" h="60" w="130" x="951" y="1334" elementRef="_NlBDRzALEDi_2r9pKoFvng"/>            <node xsi:type="Element" identifier="_NlDfjzALEDi_2r9pKoFvng" h="60" w="130" x="305" y="1334" elementRef="_NlBDSzALEDi_2r9pKoFvng"/>            <node xsi:type="Element" identifier="_NlEGlTALEDi_2r9pKoFvng" h="60" w="130" x="633" y="1334" elementRef="_NlBDTzALEDi_2r9pKoFvng"/>            <node xsi:type="Element" identifier="_NlFUsTALEDi_2r9pKoFvng" h="60" w="130" x="768" y="1334" elementRef="_NlBqUjALEDi_2r9pKoFvng"/>            <node xsi:type="Element" identifier="_NlF7wDALEDi_2r9pKoFvng" h="60" w="130" x="498" y="1334" elementRef="_NlBqVDALEDi_2r9pKoFvng"/>          </node>        </node>        <connection xsi:type="Relationship" identifier="_QhibkjAHEDi_2r9pKoFvng" source="_a-VcgDAFEDi_2r9pKoFvng" target="_vSmm8TAFEDi_2r9pKoFvng" relationshipRef="_QhfYQzAHEDi_2r9pKoFvng">          <bendpoint x="341" y="414"/>          <bendpoint x="340" y="414"/>        </connection>        <connection xsi:type="Relationship" identifier="_pPdG1TAHEDi_2r9pKoFvng" source="__CYkczADEDi_2r9pKoFvng" target="_86tGQDADEDi_2r9pKoFvng" relationshipRef="_pPaDgDAHEDi_2r9pKoFvng">          <bendpoint x="1152" y="331"/>          <bendpoint x="1152" y="145"/>        </connection>        <connection xsi:type="Relationship" identifier="_YPfwUjAIEDi_2r9pKoFvng" source="_KN6zUTAFEDi_2r9pKoFvng" target="__CYkdDADEDi_2r9pKoFvng" relationshipRef="_YPaQwzAIEDi_2r9pKoFvng">          <bendpoint x="891" y="422"/>          <bendpoint x="892" y="576"/>        </connection>        <connection xsi:type="Relationship" identifier="_G4VaxDAJEDi_2r9pKoFvng" source="_KN6zUTAFEDi_2r9pKoFvng" target="__CYkdTADEDi_2r9pKoFvng" relationshipRef="_G4S-gjAJEDi_2r9pKoFvng">          <bendpoint x="414" y="422"/>          <bendpoint x="414" y="576"/>        </connection>        <connection xsi:type="Relationship" identifier="_wM_OwTAJEDi_2r9pKoFvng" source="__CYkcTADEDi_2r9pKoFvng" target="_KN6zUTAFEDi_2r9pKoFvng" relationshipRef="_wM36ADAJEDi_2r9pKoFvng">          <bendpoint x="653" y="514"/>          <bendpoint x="653" y="514"/>        </connection>        <connection xsi:type="Relationship" identifier="_9aEUETAJEDi_2r9pKoFvng" source="_86tGQDADEDi_2r9pKoFvng" target="__CYkcDADEDi_2r9pKoFvng" relationshipRef="_9aApszAJEDi_2r9pKoFvng">          <bendpoint x="653" y="216"/>          <bendpoint x="653" y="215"/>        </connection>        <connection xsi:type="Relationship" identifier="_NlCRZzALEDi_2r9pKoFvng" source="_NlCRZjALEDi_2r9pKoFvng" target="_NlBqWTALEDi_2r9pKoFvng" relationshipRef="_NlAcOzALEDi_2r9pKoFvng">          <bendpoint x="419" y="1088"/>          <bendpoint x="419" y="1088"/>        </connection>        <connection xsi:type="Relationship" identifier="_NlC4eDALEDi_2r9pKoFvng" source="_NlBqVzALEDi_2r9pKoFvng" target="_NlBqWjALEDi_2r9pKoFvng" relationshipRef="_NlBDQTALEDi_2r9pKoFvng">          <bendpoint x="695" y="871"/>          <bendpoint x="695" y="871"/>        </connection>        <connection xsi:type="Relationship" identifier="_NlC4fDALEDi_2r9pKoFvng" source="_NlC4ezALEDi_2r9pKoFvng" target="_NlBqVzALEDi_2r9pKoFvng" relationshipRef="_NlBDRTALEDi_2r9pKoFvng">          <bendpoint x="1152" y="1102"/>          <bendpoint x="1152" y="797"/>        </connection>        <connection xsi:type="Relationship" identifier="_NlDfjDALEDi_2r9pKoFvng" source="_NlCRZTALEDi_2r9pKoFvng" target="_NlDfhjALEDi_2r9pKoFvng" relationshipRef="_NlBDSTALEDi_2r9pKoFvng">          <bendpoint x="698" y="1319"/>          <bendpoint x="1015" y="1319"/>        </connection>        <connection xsi:type="Relationship" identifier="_NlEGkjALEDi_2r9pKoFvng" source="_NlCRZTALEDi_2r9pKoFvng" target="_NlDfjzALEDi_2r9pKoFvng" relationshipRef="_NlBDTTALEDi_2r9pKoFvng">          <bendpoint x="672" y="1316"/>          <bendpoint x="383" y="1316"/>        </connection>        <connection xsi:type="Relationship" identifier="_NlEGljALEDi_2r9pKoFvng" source="_NlEGlTALEDi_2r9pKoFvng" target="_NlCRZTALEDi_2r9pKoFvng" relationshipRef="_NlBqUDALEDi_2r9pKoFvng">          <bendpoint x="692" y="1308"/>          <bendpoint x="692" y="1308"/>        </connection>        <connection xsi:type="Relationship" identifier="_wMTnYDALEDi_2r9pKoFvng" source="_DDZYQjADEDi_2r9pKoFvng" target="_NlBqVjALEDi_2r9pKoFvng" relationshipRef="_wMOu4jALEDi_2r9pKoFvng">          <bendpoint x="647" y="668"/>          <bendpoint x="647" y="668"/>        </connection>        <connection xsi:type="Relationship" identifier="_lgdd0DANEDi_2r9pKoFvng" source="_NlC4cTALEDi_2r9pKoFvng" target="_g1otcDANEDi_2r9pKoFvng" relationshipRef="_lgWwIzANEDi_2r9pKoFvng">          <bendpoint x="419" y="1158"/>          <bendpoint x="419" y="1158"/>        </connection>        <connection xsi:type="Relationship" identifier="_l__SeDANEDi_2r9pKoFvng" source="_NlC4cjALEDi_2r9pKoFvng" target="_jc_KNzANEDi_2r9pKoFvng" relationshipRef="_l_7oEzANEDi_2r9pKoFvng">          <bendpoint x="419" y="1229"/>          <bendpoint x="419" y="1229"/>        </connection>      </view>    </diagrams>  </views></model>
