{"identifier":"https://me.big.tuwien.ac.at/EAModelSet/_sKoHgE3UEeqesv9gci-YTQ","archimateId":"_sKoHgE3UEeqesv9gci-YTQ","name":"Core QDF v1.7.2","description":"","formats":["XML","CSV","JSON","ARCHIMATE"],"source":"GenMyModel","repository":"","license":"","sourceFile":"raw-data/genmymodel/_skohge3ueeqesv9gci-ytq.xml","sourceFormat":"XML","timestamp":"2023-07-06T10:01:17","tags":[],"duplicates":[],"language":"en","elements":[{"id":"_1-APUDACEDi_2r9pKoFvng","name":"QDF v1.7.2","type":"Node","layer":"technology"},{"id":"_DDYxMDADEDi_2r9pKoFvng","name":"2.Colmedica","type":"Node","layer":"technology"},{"id":"_RL488TADEDi_2r9pKoFvng","name":"1.Application","type":"Node","layer":"technology"},{"id":"_WP6QcTADEDi_2r9pKoFvng","name":"2.QVD","type":"Node","layer":"technology"},{"id":"_XyZ98DADEDi_2r9pKoFvng","name":"3.Include","type":"Node","layer":"technology"},{"id":"_bRU74TADEDi_2r9pKoFvng","name":"4.Mart","type":"Node","layer":"technology"},{"id":"_dV7Q4TADEDi_2r9pKoFvng","name":"5.Config","type":"Node","layer":"technology"},{"id":"_hDGGMDADEDi_2r9pKoFvng","name":"6.Script","type":"Node","layer":"technology"},{"id":"_oiU34TADEDi_2r9pKoFvng","name":"7.Export","type":"Node","layer":"technology"},{"id":"_qizh4TADEDi_2r9pKoFvng","name":"8.Import","type":"Node","layer":"technology"},{"id":"_sS938DADEDi_2r9pKoFvng","name":"9.Misc","type":"Node","layer":"technology"},{"id":"_86nmsDADEDi_2r9pKoFvng","name":"1.Application","type":"Node","layer":"technology"},{"id":"__CWvQDADEDi_2r9pKoFvng","name":"2.QVD","type":"Node","layer":"technology"},{"id":"__CWvQjADEDi_2r9pKoFvng","name":"3.Include","type":"Node","layer":"technology"},{"id":"__CXWUTADEDi_2r9pKoFvng","name":"4.Mart","type":"Node","layer":"technology"},{"id":"__CXWUzADEDi_2r9pKoFvng","name":"5.Config","type":"Node","layer":"technology"},{"id":"__CX9YTADEDi_2r9pKoFvng","name":"6.Script","type":"Node","layer":"technology"},{"id":"__CX9YzADEDi_2r9pKoFvng","name":"7.Export","type":"Node","layer":"technology"},{"id":"__CX9ZTADEDi_2r9pKoFvng","name":"8.Import","type":"Node","layer":"technology"},{"id":"__CX9ZzADEDi_2r9pKoFvng","name":"9.Misc","type":"Node","layer":"technology"},{"id":"_HPM04DAEEDi_2r9pKoFvng","name":"1.Application","type":"Node","layer":"technology"},{"id":"_Kt-o4DAEEDi_2r9pKoFvng","name":"2.QVD","type":"Node","layer":"technology"},{"id":"_MIk-oTAEEDi_2r9pKoFvng","name":"3.Include","type":"Node","layer":"technology"},{"id":"_OPdyoTAEEDi_2r9pKoFvng","name":"4.Mart","type":"Node","layer":"technology"},{"id":"_PkV64TAEEDi_2r9pKoFvng","name":"5.Config","type":"Node","layer":"technology"},{"id":"_Re9NcTAEEDi_2r9pKoFvng","name":"6.Script","type":"Node","layer":"technology"},{"id":"_S7KFsTAEEDi_2r9pKoFvng","name":"7.Export","type":"Node","layer":"technology"},{"id":"_U-6tMTAEEDi_2r9pKoFvng","name":"8.Import","type":"Node","layer":"technology"},{"id":"_WSdYsTAEEDi_2r9pKoFvng","name":"9.Misc","type":"Node","layer":"technology"},{"id":"_7zHWoTAEEDi_2r9pKoFvng","name":"1.BaseVariable","type":"Node","layer":"technology"},{"id":"__CtfIDAEEDi_2r9pKoFvng","name":"2.Locale","type":"Node","layer":"technology"},{"id":"_Bd2r4TAFEDi_2r9pKoFvng","name":"3.ConnString","type":"Node","layer":"technology"},{"id":"_DeDpETAFEDi_2r9pKoFvng","name":"4.Sub","type":"Node","layer":"technology"},{"id":"_H2yj4TAFEDi_2r9pKoFvng","name":"5.ColorScheme","type":"Node","layer":"technology"},{"id":"_KN160TAFEDi_2r9pKoFvng","name":"6.Custom","type":"Node","layer":"technology"},{"id":"_a-PV4TAFEDi_2r9pKoFvng","name":"1.Extract","type":"Node","layer":"technology"},{"id":"_eMJcUTAFEDi_2r9pKoFvng","name":"2.Transform","type":"Node","layer":"technology"},{"id":"_gW744DAFEDi_2r9pKoFvng","name":"3.Load","type":"Node","layer":"technology"},{"id":"_vShucDAFEDi_2r9pKoFvng","name":"1.Extract","type":"Node","layer":"technology"},{"id":"_Q-G7cjAKEDi_2r9pKoFvng","name":"1.Application","type":"Node","layer":"technology"},{"id":"_Q-HigDAKEDi_2r9pKoFvng","name":"2.QVD","type":"Node","layer":"technology"},{"id":"_Q-HigjAKEDi_2r9pKoFvng","name":"3.Load","type":"Node","layer":"technology"},{"id":"_Q-HihDAKEDi_2r9pKoFvng","name":"3.Include","type":"Node","layer":"technology"},{"id":"_Q-HihjAKEDi_2r9pKoFvng","name":"1.BaseVariable","type":"Node","layer":"technology"},{"id":"_Q-HiiDAKEDi_2r9pKoFvng","name":"2.Locale","type":"Node","layer":"technology"},{"id":"_Q-HiijAKEDi_2r9pKoFvng","name":"3.ConnString","type":"Node","layer":"technology"},{"id":"_Q-HijDAKEDi_2r9pKoFvng","name":"4.Sub","type":"Node","layer":"technology"},{"id":"_Q-HijjAKEDi_2r9pKoFvng","name":"5.ColorScheme","type":"Node","layer":"technology"},{"id":"_Q-IJkDAKEDi_2r9pKoFvng","name":"6.Custom","type":"Node","layer":"technology"},{"id":"_Q-IJmDAKEDi_2r9pKoFvng","name":"3.Load","type":"Node","layer":"technology"},{"id":"_Q-IJnDAKEDi_2r9pKoFvng","name":"6.Script","type":"Node","layer":"technology"},{"id":"_Q-IwoDAKEDi_2r9pKoFvng","name":"7.Export","type":"Node","layer":"technology"},{"id":"_Q-IwpDAKEDi_2r9pKoFvng","name":"8.Import","type":"Node","layer":"technology"},{"id":"_Q-IwqDAKEDi_2r9pKoFvng","name":"4.Mart","type":"Node","layer":"technology"},{"id":"_Q-J-wjAKEDi_2r9pKoFvng","name":"9.Misc","type":"Node","layer":"technology"},{"id":"_Q-Kl0TAKEDi_2r9pKoFvng","name":"5.Config","type":"Node","layer":"technology"},{"id":"_Nk_OEDALEDi_2r9pKoFvng","name":"99.Transversal","type":"Node","layer":"technology"},{"id":"_Nk_1ITALEDi_2r9pKoFvng","name":"1.Application","type":"Node","layer":"technology"},{"id":"_Nk_1IzALEDi_2r9pKoFvng","name":"2.QVD","type":"Node","layer":"technology"},{"id":"_Nk_1JTALEDi_2r9pKoFvng","name":"1.Extract","type":"Node","layer":"technology"},{"id":"_Nk_1JzALEDi_2r9pKoFvng","name":"3.Include","type":"Node","layer":"technology"},{"id":"_Nk_1KTALEDi_2r9pKoFvng","name":"1.BaseVariable","type":"Node","layer":"technology"},{"id":"_Nk_1KzALEDi_2r9pKoFvng","name":"2.Locale","type":"Node","layer":"technology"},{"id":"_NlAcMTALEDi_2r9pKoFvng","name":"3.ConnString","type":"Node","layer":"technology"},{"id":"_NlAcMzALEDi_2r9pKoFvng","name":"4.Sub","type":"Node","layer":"technology"},{"id":"_NlAcNTALEDi_2r9pKoFvng","name":"5.ColorScheme","type":"Node","layer":"technology"},{"id":"_NlAcNzALEDi_2r9pKoFvng","name":"6.Custom","type":"Node","layer":"technology"},{"id":"_NlAcOTALEDi_2r9pKoFvng","name":"1.Extract","type":"Node","layer":"technology"},{"id":"_NlAcPTALEDi_2r9pKoFvng","name":"2.Transform","type":"Node","layer":"technology"},{"id":"_NlAcPzALEDi_2r9pKoFvng","name":"3.Load","type":"Node","layer":"technology"},{"id":"_NlBDQzALEDi_2r9pKoFvng","name":"6.Script","type":"Node","layer":"technology"},{"id":"_NlBDRzALEDi_2r9pKoFvng","name":"7.Export","type":"Node","layer":"technology"},{"id":"_NlBDSzALEDi_2r9pKoFvng","name":"8.Import","type":"Node","layer":"technology"},{"id":"_NlBDTzALEDi_2r9pKoFvng","name":"4.Mart","type":"Node","layer":"technology"},{"id":"_NlBqUjALEDi_2r9pKoFvng","name":"9.Misc","type":"Node","layer":"technology"},{"id":"_NlBqVDALEDi_2r9pKoFvng","name":"5.Config","type":"Node","layer":"technology"},{"id":"_g1jN4TANEDi_2r9pKoFvng","name":"2.Transform","type":"Node","layer":"technology"},{"id":"_jc1ZMTANEDi_2r9pKoFvng","name":"3.Load","type":"Node","layer":"technology"}],"relationships":[{"id":"_DDZYQDADEDi_2r9pKoFvng","sourceId":"_1-APUDACEDi_2r9pKoFvng","targetId":"_DDYxMDADEDi_2r9pKoFvng","type":"Composition"},{"id":"_86r4IDADEDi_2r9pKoFvng","sourceId":"_DDYxMDADEDi_2r9pKoFvng","targetId":"_86nmsDADEDi_2r9pKoFvng","type":"Composition"},{"id":"_DBjvwzAEEDi_2r9pKoFvng","sourceId":"_DDYxMDADEDi_2r9pKoFvng","targetId":"__CWvQDADEDi_2r9pKoFvng","type":"Composition"},{"id":"_DBmzFTAEEDi_2r9pKoFvng","sourceId":"_DDYxMDADEDi_2r9pKoFvng","targetId":"__CWvQjADEDi_2r9pKoFvng","type":"Composition"},{"id":"_DBooRDAEEDi_2r9pKoFvng","sourceId":"_DDYxMDADEDi_2r9pKoFvng","targetId":"__CX9YTADEDi_2r9pKoFvng","type":"Composition"},{"id":"_DBrEgTAEEDi_2r9pKoFvng","sourceId":"_DDYxMDADEDi_2r9pKoFvng","targetId":"__CX9YzADEDi_2r9pKoFvng","type":"Composition"},{"id":"_DBs5szAEEDi_2r9pKoFvng","sourceId":"_DDYxMDADEDi_2r9pKoFvng","targetId":"__CX9ZTADEDi_2r9pKoFvng","type":"Composition"},{"id":"_DBuu4TAEEDi_2r9pKoFvng","sourceId":"_DDYxMDADEDi_2r9pKoFvng","targetId":"__CXWUTADEDi_2r9pKoFvng","type":"Composition"},{"id":"_DBv9AzAEEDi_2r9pKoFvng","sourceId":"_DDYxMDADEDi_2r9pKoFvng","targetId":"__CX9ZzADEDi_2r9pKoFvng","type":"Composition"},{"id":"_DByZQTAEEDi_2r9pKoFvng","sourceId":"_DDYxMDADEDi_2r9pKoFvng","targetId":"__CXWUzADEDi_2r9pKoFvng","type":"Composition"},{"id":"_7zJL4TAEEDi_2r9pKoFvng","sourceId":"__CWvQjADEDi_2r9pKoFvng","targetId":"_7zHWoTAEEDi_2r9pKoFvng","type":"Composition"},{"id":"__Cv7bzAEEDi_2r9pKoFvng","sourceId":"__CWvQjADEDi_2r9pKoFvng","targetId":"__CtfIDAEEDi_2r9pKoFvng","type":"Composition"},{"id":"_Bd7kYDAFEDi_2r9pKoFvng","sourceId":"__CWvQjADEDi_2r9pKoFvng","targetId":"_Bd2r4TAFEDi_2r9pKoFvng","type":"Composition"},{"id":"_DeGFXjAFEDi_2r9pKoFvng","sourceId":"__CWvQjADEDi_2r9pKoFvng","targetId":"_DeDpETAFEDi_2r9pKoFvng","type":"Composition"},{"id":"_H22ORTAFEDi_2r9pKoFvng","sourceId":"__CWvQjADEDi_2r9pKoFvng","targetId":"_H2yj4TAFEDi_2r9pKoFvng","type":"Composition"},{"id":"_KN5lPDAFEDi_2r9pKoFvng","sourceId":"__CWvQjADEDi_2r9pKoFvng","targetId":"_KN160TAFEDi_2r9pKoFvng","type":"Composition"},{"id":"_a-UOYDAFEDi_2r9pKoFvng","sourceId":"_KN160TAFEDi_2r9pKoFvng","targetId":"_a-PV4TAFEDi_2r9pKoFvng","type":"Composition"},{"id":"_eMMfojAFEDi_2r9pKoFvng","sourceId":"_KN160TAFEDi_2r9pKoFvng","targetId":"_eMJcUTAFEDi_2r9pKoFvng","type":"Composition"},{"id":"_gW-8PTAFEDi_2r9pKoFvng","sourceId":"_KN160TAFEDi_2r9pKoFvng","targetId":"_gW744DAFEDi_2r9pKoFvng","type":"Composition"},{"id":"_vSl_4DAFEDi_2r9pKoFvng","sourceId":"__CWvQDADEDi_2r9pKoFvng","targetId":"_vShucDAFEDi_2r9pKoFvng","type":"Composition"},{"id":"_QhfYQzAHEDi_2r9pKoFvng","sourceId":"_a-PV4TAFEDi_2r9pKoFvng","targetId":"_vShucDAFEDi_2r9pKoFvng","type":"Flow"},{"id":"_pPaDgDAHEDi_2r9pKoFvng","sourceId":"__CX9YTADEDi_2r9pKoFvng","targetId":"_86nmsDADEDi_2r9pKoFvng","type":"Triggering"},{"id":"_YPaQwzAIEDi_2r9pKoFvng","sourceId":"_KN160TAFEDi_2r9pKoFvng","targetId":"__CX9YzADEDi_2r9pKoFvng","type":"Flow"},{"id":"_G4S-gjAJEDi_2r9pKoFvng","sourceId":"_KN160TAFEDi_2r9pKoFvng","targetId":"__CX9ZTADEDi_2r9pKoFvng","type":"Aggregation"},{"id":"_wM36ADAJEDi_2r9pKoFvng","sourceId":"__CXWUTADEDi_2r9pKoFvng","targetId":"_KN160TAFEDi_2r9pKoFvng","type":"Aggregation"},{"id":"_9aApszAJEDi_2r9pKoFvng","sourceId":"_86nmsDADEDi_2r9pKoFvng","targetId":"__CWvQjADEDi_2r9pKoFvng","type":"Aggregation"},{"id":"_Q-IJmjAKEDi_2r9pKoFvng","sourceId":"_Q-G7cjAKEDi_2r9pKoFvng","targetId":"_Q-HihDAKEDi_2r9pKoFvng","type":"Aggregation"},{"id":"_Q-IJnjAKEDi_2r9pKoFvng","sourceId":"_Q-IJnDAKEDi_2r9pKoFvng","targetId":"_Q-G7cjAKEDi_2r9pKoFvng","type":"Triggering"},{"id":"_Q-IwojAKEDi_2r9pKoFvng","sourceId":"_Q-IJkDAKEDi_2r9pKoFvng","targetId":"_Q-IwoDAKEDi_2r9pKoFvng","type":"Flow"},{"id":"_Q-IwpjAKEDi_2r9pKoFvng","sourceId":"_Q-IJkDAKEDi_2r9pKoFvng","targetId":"_Q-IwpDAKEDi_2r9pKoFvng","type":"Aggregation"},{"id":"_Q-J-wDAKEDi_2r9pKoFvng","sourceId":"_Q-IwqDAKEDi_2r9pKoFvng","targetId":"_Q-IJkDAKEDi_2r9pKoFvng","type":"Aggregation"},{"id":"_NlAcOzALEDi_2r9pKoFvng","sourceId":"_NlAcOTALEDi_2r9pKoFvng","targetId":"_Nk_1JTALEDi_2r9pKoFvng","type":"Flow"},{"id":"_NlBDQTALEDi_2r9pKoFvng","sourceId":"_Nk_1ITALEDi_2r9pKoFvng","targetId":"_Nk_1JzALEDi_2r9pKoFvng","type":"Aggregation"},{"id":"_NlBDRTALEDi_2r9pKoFvng","sourceId":"_NlBDQzALEDi_2r9pKoFvng","targetId":"_Nk_1ITALEDi_2r9pKoFvng","type":"Triggering"},{"id":"_NlBDSTALEDi_2r9pKoFvng","sourceId":"_NlAcNzALEDi_2r9pKoFvng","targetId":"_NlBDRzALEDi_2r9pKoFvng","type":"Flow"},{"id":"_NlBDTTALEDi_2r9pKoFvng","sourceId":"_NlAcNzALEDi_2r9pKoFvng","targetId":"_NlBDSzALEDi_2r9pKoFvng","type":"Aggregation"},{"id":"_NlBqUDALEDi_2r9pKoFvng","sourceId":"_NlBDTzALEDi_2r9pKoFvng","targetId":"_NlAcNzALEDi_2r9pKoFvng","type":"Aggregation"},{"id":"_OwVm4zALEDi_2r9pKoFvng","sourceId":"_1-APUDACEDi_2r9pKoFvng","targetId":"_Nk_OEDALEDi_2r9pKoFvng","type":"Composition"},{"id":"_wMOu4jALEDi_2r9pKoFvng","sourceId":"_DDYxMDADEDi_2r9pKoFvng","targetId":"_Nk_OEDALEDi_2r9pKoFvng","type":"Aggregation"},{"id":"_DYeE0jANEDi_2r9pKoFvng","sourceId":"_Q-IJkDAKEDi_2r9pKoFvng","targetId":"_Q-IJmDAKEDi_2r9pKoFvng","type":"Composition"},{"id":"_XaKRgzANEDi_2r9pKoFvng","sourceId":"_Nk_OEDALEDi_2r9pKoFvng","targetId":"_NlBDRzALEDi_2r9pKoFvng","type":"Composition"},{"id":"_XaOi8zANEDi_2r9pKoFvng","sourceId":"_Nk_OEDALEDi_2r9pKoFvng","targetId":"_NlBqUjALEDi_2r9pKoFvng","type":"Composition"},{"id":"_XaSNUzANEDi_2r9pKoFvng","sourceId":"_Nk_OEDALEDi_2r9pKoFvng","targetId":"_NlBDTzALEDi_2r9pKoFvng","type":"Composition"},{"id":"_XaUplzANEDi_2r9pKoFvng","sourceId":"_Nk_OEDALEDi_2r9pKoFvng","targetId":"_NlBqVDALEDi_2r9pKoFvng","type":"Composition"},{"id":"_XaXs4zANEDi_2r9pKoFvng","sourceId":"_Nk_OEDALEDi_2r9pKoFvng","targetId":"_NlBDSzALEDi_2r9pKoFvng","type":"Composition"},{"id":"_baQp4zANEDi_2r9pKoFvng","sourceId":"_NlAcNzALEDi_2r9pKoFvng","targetId":"_NlAcPTALEDi_2r9pKoFvng","type":"Composition"},{"id":"_cDhpUzANEDi_2r9pKoFvng","sourceId":"_NlAcNzALEDi_2r9pKoFvng","targetId":"_NlAcPzALEDi_2r9pKoFvng","type":"Composition"},{"id":"_eseBgzANEDi_2r9pKoFvng","sourceId":"_Nk_OEDALEDi_2r9pKoFvng","targetId":"_Nk_1IzALEDi_2r9pKoFvng","type":"Composition"},{"id":"_gQTLwzANEDi_2r9pKoFvng","sourceId":"_Nk_1IzALEDi_2r9pKoFvng","targetId":"_Nk_1JTALEDi_2r9pKoFvng","type":"Composition"},{"id":"_g1m4VDANEDi_2r9pKoFvng","sourceId":"_Nk_1IzALEDi_2r9pKoFvng","targetId":"_g1jN4TANEDi_2r9pKoFvng","type":"Composition"},{"id":"_jc8G5zANEDi_2r9pKoFvng","sourceId":"_Nk_1IzALEDi_2r9pKoFvng","targetId":"_jc1ZMTANEDi_2r9pKoFvng","type":"Composition"},{"id":"_lgWwIzANEDi_2r9pKoFvng","sourceId":"_NlAcPTALEDi_2r9pKoFvng","targetId":"_g1jN4TANEDi_2r9pKoFvng","type":"Flow"},{"id":"_l_7oEzANEDi_2r9pKoFvng","sourceId":"_NlAcPzALEDi_2r9pKoFvng","targetId":"_jc1ZMTANEDi_2r9pKoFvng","type":"Flow"},{"id":"_nliT8zANEDi_2r9pKoFvng","sourceId":"_Nk_1JzALEDi_2r9pKoFvng","targetId":"_NlAcNzALEDi_2r9pKoFvng","type":"Composition"},{"id":"_6jjGkTCQEDieQY0vETM0YQ","sourceId":"_gW744DAFEDi_2r9pKoFvng","targetId":"_Q-HigjAKEDi_2r9pKoFvng","type":"Flow"},{"id":"_SzaucDCSEDieQY0vETM0YQ","sourceId":"_Q-HigjAKEDi_2r9pKoFvng","targetId":"_Q-IJmDAKEDi_2r9pKoFvng","type":"Flow"},{"id":"_lZqXUjP0EDime8X0_T2dgA","sourceId":"_Nk_OEDALEDi_2r9pKoFvng","targetId":"_NlBDQzALEDi_2r9pKoFvng","type":"Composition"},{"id":"_xe0LQDP0EDime8X0_T2dgA","sourceId":"_Nk_OEDALEDi_2r9pKoFvng","targetId":"_Nk_1JzALEDi_2r9pKoFvng","type":"Composition"}],"views":[{"id":"_sKoHg03UEeqesv9gci-YTQ","name":"archimate-diagram","viewpoint":""}]}