"ID","Type","Name","Documentation","Specialization"
"_7RWQ8CqVEey-A40W5C_9dw","ArchimateModel","buhService","",""
"_oEVrUA2KEDqz_MblWIxtOg","BusinessService","Оплата клиентом товара ""The Dragstore""Сумма: 100 USDПлатформа: STRIPEExternal ID Transaction: ST-ID-1Платеж делится на части:94$ уходит магазину, 6; на аккаунт брискли и с этих 6; еще коммисия сервиса","",""
"_VYo5oA1oEDqz_MblWIxtOg","BusinessService","Оплата клиентом товара ""Магазина""Сумма: 100 тенгеПлатформа: СРExternal ID Transaction: CP-ID-1","",""
"_3u9KEA2KEDqz_MblWIxtOg","BusinessService","Оплата клиентом товара ""Магазина""Сумма: 100 тенгеПлатформа: СРExternal ID Transaction: CP-ID-1","",""
"_lrGd4A2cEDqz_MblWIxtOg","BusinessService","Перевод средст с аккаунта страйпа на счет брисклиСумма: 100 USDПлатформа: STRIPEExternal ID Transaction: ST-ID-2Возможна комиссия","",""
"_oFJ8wCXKEDqeZsBuoz9wnQ","ApplicationCollaboration","Event Bus RabbitMQ","",""
"_ltJcMCXNEDqeZsBuoz9wnQ","ApplicationCollaboration","Queue (допустимо логальная очередь в рамках инстанса приложения)","",""
"_Ha3hwCXTEDqeZsBuoz9wnQ","ApplicationCollaboration","Queue Provider Workers","",""
"_qI5WICXKEDqeZsBuoz9wnQ","ApplicationComponent","Events Pay","",""
"_Wzk1UCXMEDqeZsBuoz9wnQ","ApplicationComponent","Subscriber","",""
"_S6A10A4-EDq7DoulV38TMA","ApplicationEvent","Confirmation Event","",""
"_AF_P0A1yEDqz_MblWIxtOg","ApplicationEvent","Event","",""
"_uoWpkA2YEDqz_MblWIxtOg","ApplicationEvent","Event","",""
"_iu4H4A2dEDqz_MblWIxtOg","ApplicationEvent","Event","",""
"_HwrRQA47EDq7DoulV38TMA","ApplicationEvent","Pay Event","",""
"_UV_eIA2aEDqz_MblWIxtOg","ApplicationEvent","Кредит: БрисклиДебит: StripeСумма: 5.6$Тип: Коммисия страйпа за платежВалюта: USDExID: ST-ID-1","",""
"_WZSyoA2aEDqz_MblWIxtOg","ApplicationEvent","Кредит: БрисклиДебит: StripeСумма: 5.6$Тип: Коммисия страйпа за платежВалюта: USDExID: ST-ID-1","",""
"_rfGMsCXNEDqeZsBuoz9wnQ","ApplicationFunction","","",""
"_cF6YACXUEDqeZsBuoz9wnQ","ApplicationFunction","! In TransactionПоследовательное сохранение всех проводок и прочей информации о транзакции","",""
"_jWs3UCXPEDqeZsBuoz9wnQ","ApplicationFunction","Анализ события и передача в очередь обработки согласно провайдеру платежа","",""
"_RiKukA49EDq7DoulV38TMA","ApplicationFunction","Проверка на дублирование события","",""
"_BjgCkCXPEDqeZsBuoz9wnQ","ApplicationFunction","Проверка на индепотентность","",""
"_BiQ6MCXUEDqeZsBuoz9wnQ","ApplicationFunction","Проверка что есть блокировка по данному событию","",""
"_wCmv8CXUEDqeZsBuoz9wnQ","ApplicationFunction","Публикация события о добавлении новой транзакции в сервис","",""
"_NV2dACXUEDqeZsBuoz9wnQ","ApplicationFunction","Сбор данных по всем плательщикам указанных в событии","",""
"_iJ7I4CXUEDqeZsBuoz9wnQ","ApplicationFunction","Снятие блокировки на обработку события","",""
"_8bRNUA48EDq7DoulV38TMA","ApplicationFunction","Сохранение информации о полученом событии","",""
"_U1Rb8CXUEDqeZsBuoz9wnQ","ApplicationFunction","Формирование сущности Transactionhttps://app.genmymodel.com/api/projects/_dTI38EBmEeyo8oS76GR6Gg/diagrams/_dTJfAkBmEeyo8oS76GR6Gg/svg","",""
"_f1PdgA47EDq7DoulV38TMA","ApplicationProcess","Process","",""
"_yTE1UA48EDq7DoulV38TMA","ApplicationProcess","Process","",""
"_ZfWnkA49EDq7DoulV38TMA","ApplicationProcess","Проверка события. Оно не должно быть обработаным или обрабытваться уже другим процессом","",""
"_n3nGkA49EDq7DoulV38TMA","ApplicationProcess","Сбор необходимой информации на основе данных события","",""
"_5Gd_QA49EDq7DoulV38TMA","ApplicationProcess","Формирование записей в сервис","",""
"_tOaOMCXNEDqeZsBuoz9wnQ","ApplicationService","Event Pay Worker","",""
"_OPlHAA4-EDq7DoulV38TMA","ApplicationService","EventDispatcher","",""
"_s7ZucCXUEDqeZsBuoz9wnQ","ApplicationService","EventDispatcher","",""
"_4J238A47EDq7DoulV38TMA","ApplicationService","Payment Service","",""
"_891FsCXTEDqeZsBuoz9wnQ","ApplicationService","Provider worker","",""
"_0-ngcA46EDq7DoulV38TMA","ApplicationService","Service PCI DSS","",""
"_Kcqg8A48EDq7DoulV38TMA","ApplicationService","Subscriber Service","",""
"_ePv_AA4-EDq7DoulV38TMA","ApplicationService","Сервис контроля доставки и обработки события","",""
"_GcYdECXPEDqeZsBuoz9wnQ","ApplicationService","Сервис обеспечения индепотентности","",""
"_NIyc8A1gEDqz_MblWIxtOg","DataObject","Кредит ""CloudPayments""Дебит МагазинCумма - 100Тип - Отправка средств мерчуВалюта ТенгеExID CP-ID-1","",""
"_29vPsA1iEDqz_MblWIxtOg","DataObject","Кредит ""Магазин""Дебит ""брискли""Сумма 9Тип - Коммисия брисклиВалюта тенгеExID CP-ID-1","",""
"_TA0_oA_XEDq7DoulV38TMA","DataObject","Кредит CloudPayments - Дебит ""Брискли""Сумма - 1Тип - Комиссия ср за транзакциюВалюта - РубльExID CP-ID-1","",""
"_v81U0AzKEDqz_MblWIxtOg","DataObject","Кредит Магазин- Дебит ""CloudPayments""Сумма - 100Тип - Оплата товара клиентомВалюта - ТенгеExID CP-ID-1","",""
"_7JKPwA49EDq7DoulV38TMA","DataObject","Кредит-Дебит","",""
"_riJUUA2dEDqz_MblWIxtOg","DataObject","Кредит: BrisklyДебит: StripeСумма: 99$Тип: Вывод средст на счет брисклиВалюта: USDExID: ST-ID-2","",""
"_BZTN0A2eEDqz_MblWIxtOg","DataObject","Кредит: StripeДебит: BrisklyСумма: 1$Тип: Коммисия за вывод средствВалюта: USDExID: ST-ID-2","",""
"_BeSNwA2ZEDqz_MblWIxtOg","DataObject","Кредит: StripeДебит: The DragstoreСумма: 94$Тип: Оплата товара клиентомВалюта: USDExID: ST-ID-1","",""
"_h3DPYA2aEDqz_MblWIxtOg","DataObject","Кредит: StripeДебит: БрисклиСумма: 5.6$Тип: Коммисия страйпа за платежВалюта: USDExID: ST-ID-1","",""
"_BAMuIA2aEDqz_MblWIxtOg","DataObject","Кредит: StripeДебит: БрисклиСумма: 6$Тип: Коммисия брисклиВалюта: USDExID: ST-ID-1","",""
"_aPzKIA2aEDqz_MblWIxtOg","DataObject","Кредит: БрисклиДебит: StripeСумма: 5.6$Тип: Коммисия страйпа за платежВалюта: USDExID: ST-ID-1","",""
"_sYJkcA47EDq7DoulV38TMA","TechnologyService","Pub/Sub Service","",""
"_9AB8sA47EDq7DoulV38TMA","Grouping","Buh Service","",""
"_z3C-8A47EDq7DoulV38TMA","Grouping","External Service","",""