"ID","Type","Name","Documentation","Source","Target","Specialization"
"_rs5vcA10EDqz_MblWIxtOg","AssociationRelationship","","","_AF_P0A1yEDqz_MblWIxtOg","_v81U0AzKEDqz_MblWIxtOg",""
"_eTbXoA2aEDqz_MblWIxtOg","AssociationRelationship","","","_uoWpkA2YEDqz_MblWIxtOg","_BeSNwA2ZEDqz_MblWIxtOg",""
"_e2oyYA2aEDqz_MblWIxtOg","AssociationRelationship","","","_uoWpkA2YEDqz_MblWIxtOg","_BAMuIA2aEDqz_MblWIxtOg",""
"_LIM8EA2eEDqz_MblWIxtOg","AssociationRelationship","","","_iu4H4A2dEDqz_MblWIxtOg","_riJUUA2dEDqz_MblWIxtOg",""
"_IJDHUA1yEDqz_MblWIxtOg","ServingRelationship","","","_VYo5oA1oEDqz_MblWIxtOg","_AF_P0A1yEDqz_MblWIxtOg",""
"_u6nt0A1iEDqz_MblWIxtOg","SpecializationRelationship","","","_v81U0AzKEDqz_MblWIxtOg","_NIyc8A1gEDqz_MblWIxtOg",""
"_lfBrMA1kEDqz_MblWIxtOg","SpecializationRelationship","","","_v81U0AzKEDqz_MblWIxtOg","_29vPsA1iEDqz_MblWIxtOg",""
"_dhiAoA2aEDqz_MblWIxtOg","SpecializationRelationship","","","_BAMuIA2aEDqz_MblWIxtOg","_aPzKIA2aEDqz_MblWIxtOg",""
"_lFKxMA2aEDqz_MblWIxtOg","SpecializationRelationship","","","_aPzKIA2aEDqz_MblWIxtOg","_h3DPYA2aEDqz_MblWIxtOg",""
"_Lu-BIA2eEDqz_MblWIxtOg","SpecializationRelationship","","","_riJUUA2dEDqz_MblWIxtOg","_BZTN0A2eEDqz_MblWIxtOg",""
"_bto-wA_XEDq7DoulV38TMA","SpecializationRelationship","","","_v81U0AzKEDqz_MblWIxtOg","_TA0_oA_XEDq7DoulV38TMA",""
"_6Y3tMA47EDq7DoulV38TMA","TriggeringRelationship","","","_4J238A47EDq7DoulV38TMA","_HwrRQA47EDq7DoulV38TMA",""
"_gHs0kA49EDq7DoulV38TMA","TriggeringRelationship","","","_Kcqg8A48EDq7DoulV38TMA","_ZfWnkA49EDq7DoulV38TMA",""
"_1ILkwA49EDq7DoulV38TMA","TriggeringRelationship","","","_ZfWnkA49EDq7DoulV38TMA","_n3nGkA49EDq7DoulV38TMA",""
"_CQHEUA4-EDq7DoulV38TMA","TriggeringRelationship","","","_n3nGkA49EDq7DoulV38TMA","_5Gd_QA49EDq7DoulV38TMA",""
"_SadzEA4-EDq7DoulV38TMA","TriggeringRelationship","","","_5Gd_QA49EDq7DoulV38TMA","_OPlHAA4-EDq7DoulV38TMA",""
"_VYbZAA4-EDq7DoulV38TMA","TriggeringRelationship","","","_OPlHAA4-EDq7DoulV38TMA","_sYJkcA47EDq7DoulV38TMA",""
"_Wa4UgA4-EDq7DoulV38TMA","TriggeringRelationship","","","_OPlHAA4-EDq7DoulV38TMA","_S6A10A4-EDq7DoulV38TMA",""
"_1i9aICXUEDqeZsBuoz9wnQ","TriggeringRelationship","","","_s7ZucCXUEDqeZsBuoz9wnQ","_oFJ8wCXKEDqeZsBuoz9wnQ",""
"_7qDlUA2YEDqz_MblWIxtOg","TriggeringRelationship","","","_oEVrUA2KEDqz_MblWIxtOg","_uoWpkA2YEDqz_MblWIxtOg",""
"_oDIsAA47EDq7DoulV38TMA","TriggeringRelationship","","","_0-ngcA46EDq7DoulV38TMA","_HwrRQA47EDq7DoulV38TMA",""
"_TLtUsA48EDq7DoulV38TMA","TriggeringRelationship","","","_HwrRQA47EDq7DoulV38TMA","_Kcqg8A48EDq7DoulV38TMA",""
"_mHld8A4-EDq7DoulV38TMA","TriggeringRelationship","","","_S6A10A4-EDq7DoulV38TMA","_ePv_AA4-EDq7DoulV38TMA",""
"_o-ic8A4-EDq7DoulV38TMA","TriggeringRelationship","","","_z3C-8A47EDq7DoulV38TMA","_ePv_AA4-EDq7DoulV38TMA",""
"_pbFPAA4-EDq7DoulV38TMA","TriggeringRelationship","","","_ePv_AA4-EDq7DoulV38TMA","_z3C-8A47EDq7DoulV38TMA",""
"_hzmOUA5AEDq7DoulV38TMA","TriggeringRelationship","","","_lrGd4A2cEDqz_MblWIxtOg","_iu4H4A2dEDqz_MblWIxtOg",""
"_dvvwkA7_EDq7DoulV38TMA","TriggeringRelationship","","","_z3C-8A47EDq7DoulV38TMA","_HwrRQA47EDq7DoulV38TMA",""
"_GehdACXNEDqeZsBuoz9wnQ","TriggeringRelationship","","","_oFJ8wCXKEDqeZsBuoz9wnQ","_Wzk1UCXMEDqeZsBuoz9wnQ",""
"_g0gAUCXPEDqeZsBuoz9wnQ","TriggeringRelationship","","","_BjgCkCXPEDqeZsBuoz9wnQ","_GcYdECXPEDqeZsBuoz9wnQ",""
"_oB2X0CXPEDqeZsBuoz9wnQ","TriggeringRelationship","","","_BjgCkCXPEDqeZsBuoz9wnQ","_jWs3UCXPEDqeZsBuoz9wnQ",""
"_yzKlUCXPEDqeZsBuoz9wnQ","TriggeringRelationship","","","_GcYdECXPEDqeZsBuoz9wnQ","_BjgCkCXPEDqeZsBuoz9wnQ",""
"_ttu_wCXTEDqeZsBuoz9wnQ","TriggeringRelationship","","","_jWs3UCXPEDqeZsBuoz9wnQ","_Ha3hwCXTEDqeZsBuoz9wnQ",""
"_FTRtsCXUEDqeZsBuoz9wnQ","TriggeringRelationship","","","_BiQ6MCXUEDqeZsBuoz9wnQ","_GcYdECXPEDqeZsBuoz9wnQ",""
"_GHTysCXUEDqeZsBuoz9wnQ","TriggeringRelationship","","","_GcYdECXPEDqeZsBuoz9wnQ","_BiQ6MCXUEDqeZsBuoz9wnQ",""
"_Rpy-cCXUEDqeZsBuoz9wnQ","TriggeringRelationship","","","_BiQ6MCXUEDqeZsBuoz9wnQ","_NV2dACXUEDqeZsBuoz9wnQ",""
"_ZQ22cCXUEDqeZsBuoz9wnQ","TriggeringRelationship","","","_NV2dACXUEDqeZsBuoz9wnQ","_U1Rb8CXUEDqeZsBuoz9wnQ",""
"_lUuQ8CXUEDqeZsBuoz9wnQ","TriggeringRelationship","","","_cF6YACXUEDqeZsBuoz9wnQ","_iJ7I4CXUEDqeZsBuoz9wnQ",""
"_lvao4CXUEDqeZsBuoz9wnQ","TriggeringRelationship","","","_U1Rb8CXUEDqeZsBuoz9wnQ","_891FsCXTEDqeZsBuoz9wnQ",""
"_m1OaYCXUEDqeZsBuoz9wnQ","TriggeringRelationship","","","_U1Rb8CXUEDqeZsBuoz9wnQ","_cF6YACXUEDqeZsBuoz9wnQ",""
"_nfkX4CXUEDqeZsBuoz9wnQ","TriggeringRelationship","","","_iJ7I4CXUEDqeZsBuoz9wnQ","_GcYdECXPEDqeZsBuoz9wnQ",""
"_vNY_MCXUEDqeZsBuoz9wnQ","TriggeringRelationship","","","_iJ7I4CXUEDqeZsBuoz9wnQ","_s7ZucCXUEDqeZsBuoz9wnQ",""