"ID","Type","Name","Documentation","Source","Target","Specialization"
"_ugZAFmfCEeuyzKg_X9-Fsg","AccessRelationship","","","_ugY_4mfCEeuyzKg_X9-Fsg","_ugY_5GfCEeuyzKg_X9-Fsg",""
"_ugZAJGfCEeuyzKg_X9-Fsg","AssignmentRelationship","","","_ugY_7GfCEeuyzKg_X9-Fsg","_ugY_6mfCEeuyzKg_X9-Fsg",""
"_ugZAJmfCEeuyzKg_X9-Fsg","AssignmentRelationship","","","_ugY_7mfCEeuyzKg_X9-Fsg","_ugY_6mfCEeuyzKg_X9-Fsg",""
"_ugZAKGfCEeuyzKg_X9-Fsg","AssignmentRelationship","","","_ugY_8GfCEeuyzKg_X9-Fsg","_ugY_6mfCEeuyzKg_X9-Fsg",""
"_ugZAKmfCEeuyzKg_X9-Fsg","AssignmentRelationship","","","_ugY_8mfCEeuyzKg_X9-Fsg","_ugY_6GfCEeuyzKg_X9-Fsg",""
"_ugZALGfCEeuyzKg_X9-Fsg","AssignmentRelationship","","","_ugY_8mfCEeuyzKg_X9-Fsg","_ugY_6mfCEeuyzKg_X9-Fsg",""
"_ugZANGfCEeuyzKg_X9-Fsg","AssignmentRelationship","","","_ugY_9GfCEeuyzKg_X9-Fsg","_ugY_6mfCEeuyzKg_X9-Fsg",""
"_ugZAOmfCEeuyzKg_X9-Fsg","AssignmentRelationship","","","_ugY_9mfCEeuyzKg_X9-Fsg","_ugY_6mfCEeuyzKg_X9-Fsg",""
"_ugZAQmfCEeuyzKg_X9-Fsg","AssignmentRelationship","","","_ugY__GfCEeuyzKg_X9-Fsg","_ugY_6GfCEeuyzKg_X9-Fsg",""
"_ugZASGfCEeuyzKg_X9-Fsg","AssignmentRelationship","","","_ugY__GfCEeuyzKg_X9-Fsg","_ugY_6mfCEeuyzKg_X9-Fsg",""
"_ugZASmfCEeuyzKg_X9-Fsg","AssignmentRelationship","","","_ugY_7GfCEeuyzKg_X9-Fsg","_ugZAAGfCEeuyzKg_X9-Fsg",""
"_ugZATGfCEeuyzKg_X9-Fsg","AssignmentRelationship","","","_ugY_7mfCEeuyzKg_X9-Fsg","_ugZAAGfCEeuyzKg_X9-Fsg",""
"_ugZATmfCEeuyzKg_X9-Fsg","AssignmentRelationship","","","_ugY_8GfCEeuyzKg_X9-Fsg","_ugZAAGfCEeuyzKg_X9-Fsg",""
"_ugZAUGfCEeuyzKg_X9-Fsg","AssignmentRelationship","","","_ugY_9GfCEeuyzKg_X9-Fsg","_ugZAAGfCEeuyzKg_X9-Fsg",""
"_ugZAUmfCEeuyzKg_X9-Fsg","AssignmentRelationship","","","_ugY_9mfCEeuyzKg_X9-Fsg","_ugZAAGfCEeuyzKg_X9-Fsg",""
"_ugZADGfCEeuyzKg_X9-Fsg","AssociationRelationship","","","_ugY_2mfCEeuyzKg_X9-Fsg","_ugY_4mfCEeuyzKg_X9-Fsg",""
"_ugZADmfCEeuyzKg_X9-Fsg","AssociationRelationship","","","_ugY_3GfCEeuyzKg_X9-Fsg","_ugY_3mfCEeuyzKg_X9-Fsg",""
"_ugZAEmfCEeuyzKg_X9-Fsg","AssociationRelationship","","","_ugY_2GfCEeuyzKg_X9-Fsg","_ugY_4GfCEeuyzKg_X9-Fsg",""
"_ugZAFGfCEeuyzKg_X9-Fsg","AssociationRelationship","","","_ugY_3mfCEeuyzKg_X9-Fsg","_ugY_5GfCEeuyzKg_X9-Fsg",""
"_ugZAGmfCEeuyzKg_X9-Fsg","AssociationRelationship","","","_ugY_6GfCEeuyzKg_X9-Fsg","_ugY_5mfCEeuyzKg_X9-Fsg",""
"_ugZAHGfCEeuyzKg_X9-Fsg","AssociationRelationship","","","_ugY_6mfCEeuyzKg_X9-Fsg","_ugY_5GfCEeuyzKg_X9-Fsg",""
"_ugZALmfCEeuyzKg_X9-Fsg","AssociationRelationship","","","_ugY_8mfCEeuyzKg_X9-Fsg","_ugY_7GfCEeuyzKg_X9-Fsg",""
"_ugZAMGfCEeuyzKg_X9-Fsg","AssociationRelationship","","","_ugY_8mfCEeuyzKg_X9-Fsg","_ugY_7mfCEeuyzKg_X9-Fsg",""
"_ugZAMmfCEeuyzKg_X9-Fsg","AssociationRelationship","","","_ugY_7mfCEeuyzKg_X9-Fsg","_ugY_8GfCEeuyzKg_X9-Fsg",""
"_ugZANmfCEeuyzKg_X9-Fsg","AssociationRelationship","","","_ugY_8GfCEeuyzKg_X9-Fsg","_ugY_9GfCEeuyzKg_X9-Fsg",""
"_ugZAOGfCEeuyzKg_X9-Fsg","AssociationRelationship","","","_ugY_9GfCEeuyzKg_X9-Fsg","_ugY_9mfCEeuyzKg_X9-Fsg",""
"_ugZAWGfCEeuyzKg_X9-Fsg","AssociationRelationship","","","_ugZAAmfCEeuyzKg_X9-Fsg","_ugZABGfCEeuyzKg_X9-Fsg",""
"_ugZAXGfCEeuyzKg_X9-Fsg","AssociationRelationship","","","_ugZABmfCEeuyzKg_X9-Fsg","_ugY_6GfCEeuyzKg_X9-Fsg",""
"_ugZAXmfCEeuyzKg_X9-Fsg","AssociationRelationship","","","_ugZACGfCEeuyzKg_X9-Fsg","_ugY_6GfCEeuyzKg_X9-Fsg",""
"_ugZAYmfCEeuyzKg_X9-Fsg","AssociationRelationship","","","_ugZACmfCEeuyzKg_X9-Fsg","_ugZAAmfCEeuyzKg_X9-Fsg",""
"_ugZAPmfCEeuyzKg_X9-Fsg","FlowRelationship","","","_ugY_-GfCEeuyzKg_X9-Fsg","_ugY_8mfCEeuyzKg_X9-Fsg",""
"_ugZARmfCEeuyzKg_X9-Fsg","FlowRelationship","","","_ugY__mfCEeuyzKg_X9-Fsg","_ugY__GfCEeuyzKg_X9-Fsg",""
"_ugZAImfCEeuyzKg_X9-Fsg","RealizationRelationship","","","_ugY_3mfCEeuyzKg_X9-Fsg","_ugY_4mfCEeuyzKg_X9-Fsg",""
"_ugZAVmfCEeuyzKg_X9-Fsg","RealizationRelationship","","","_ugZAAmfCEeuyzKg_X9-Fsg","_ugY_4GfCEeuyzKg_X9-Fsg",""
"_ugZAWmfCEeuyzKg_X9-Fsg","RealizationRelationship","","","_ugZABGfCEeuyzKg_X9-Fsg","_ugY_4GfCEeuyzKg_X9-Fsg",""
"_ugZAYGfCEeuyzKg_X9-Fsg","RealizationRelationship","","","_ugZACmfCEeuyzKg_X9-Fsg","_ugY_4GfCEeuyzKg_X9-Fsg",""
"_Xykp4FDFEDmRqoiAmx-X9w","RealizationRelationship","","","_2EvdUFDEEDmRqoiAmx-X9w","_7UkYMFDEEDmRqoiAmx-X9w",""
"_OWrsUFDHEDmRqoiAmx-X9w","RealizationRelationship","","","_D59OwFDHEDmRqoiAmx-X9w","_HagkYFDHEDmRqoiAmx-X9w",""
"_Op-mUFDIEDmRqoiAmx-X9w","RealizationRelationship","","","_D59OwFDHEDmRqoiAmx-X9w","_ivMdkFDHEDmRqoiAmx-X9w",""
"_PSGWQFDIEDmRqoiAmx-X9w","RealizationRelationship","","","_D59OwFDHEDmRqoiAmx-X9w","_nqItkFDHEDmRqoiAmx-X9w",""
"_ao26gFDFEDmRqoiAmx-X9w","RealizationRelationship","?","","_wKcCEFDEEDmRqoiAmx-X9w","_7UkYMFDEEDmRqoiAmx-X9w",""
"_ugZAGGfCEeuyzKg_X9-Fsg","ServingRelationship","","","_ugY_4mfCEeuyzKg_X9-Fsg","_ugY_5mfCEeuyzKg_X9-Fsg",""
"_ape6sFDHEDmRqoiAmx-X9w","ServingRelationship","","","_7UkYMFDEEDmRqoiAmx-X9w","_WMnGwFDHEDmRqoiAmx-X9w",""
"_ugZAPGfCEeuyzKg_X9-Fsg","SpecializationRelationship","","","_ugY_-GfCEeuyzKg_X9-Fsg","_ugY_5mfCEeuyzKg_X9-Fsg",""
"_ugZAQGfCEeuyzKg_X9-Fsg","SpecializationRelationship","","","_ugY_-mfCEeuyzKg_X9-Fsg","_ugY_5mfCEeuyzKg_X9-Fsg",""
"_ugZARGfCEeuyzKg_X9-Fsg","SpecializationRelationship","","","_ugY__mfCEeuyzKg_X9-Fsg","_ugY_5mfCEeuyzKg_X9-Fsg",""
"_ugZAVGfCEeuyzKg_X9-Fsg","SpecializationRelationship","","","_ugZAAGfCEeuyzKg_X9-Fsg","_ugY_6GfCEeuyzKg_X9-Fsg",""
"_ugZAEGfCEeuyzKg_X9-Fsg","TriggeringRelationship","","","_ugY_4GfCEeuyzKg_X9-Fsg","_ugY_4mfCEeuyzKg_X9-Fsg",""
"_ugZAHmfCEeuyzKg_X9-Fsg","TriggeringRelationship","","","_ugY_2mfCEeuyzKg_X9-Fsg","_ugY_3mfCEeuyzKg_X9-Fsg",""
"_ugZAIGfCEeuyzKg_X9-Fsg","TriggeringRelationship","","","_ugY_2mfCEeuyzKg_X9-Fsg","_ugY_4GfCEeuyzKg_X9-Fsg",""