<?xml version="1.0" encoding="UTF-8"?><model xmlns="http://www.opengroup.org/xsd/archimate/3.0/" xmlns:xsi="http://www.w3.org/2001/XMLSchema-instance" identifier="_hhnnUKb-EeqEM7mFKilpXw">  <name xml:lang="en">CM concept</name>  <elements>    <element xsi:type="BusinessEvent" identifier="_2DGQkIksEDiCBO-y_C5C-g">      <name xml:lang="en">Разработка требований</name>      <documentation/>    </element>    <element xsi:type="BusinessFunction" identifier="_5aoNEIksEDiCBO-y_C5C-g">      <name xml:lang="en">Разработка продукции и постановка на производство</name>      <documentation/>    </element>    <element xsi:type="BusinessEvent" identifier="_9_wlIIksEDiCBO-y_C5C-g">      <name xml:lang="en">Приемочная комиссия</name>      <documentation/>    </element>    <element xsi:type="BusinessFunction" identifier="__XOuYIksEDiCBO-y_C5C-g">      <name xml:lang="en">Изготовление ОО</name>      <documentation/>    </element>    <element xsi:type="BusinessEvent" identifier="_Ft8Y0YktEDiCBO-y_C5C-g">      <name xml:lang="en">Выпуск базовой конфигурации</name>      <documentation/>    </element>    <element xsi:type="Representation" identifier="_NvaU4IktEDiCBO-y_C5C-g">      <name xml:lang="en">Данные о конфигурации:0. Требования к продукции (ссылка на Confluence).1. Документы (РКД, ПТД, бланки ПКД).2. Записи (спецификация) 1С:УПП.3. Результаты ВК, ОК, ВыхК, заполненные бланки ПКД для ОО, результаты ПСИ, Акты (отбора образцов, приемочной комиссии)</name>      <documentation/>    </element>    <element xsi:type="BusinessFunction" identifier="_IeKBMYkuEDiCBO-y_C5C-g">      <name xml:lang="en">Изготовление продукции</name>      <documentation/>    </element>    <element xsi:type="BusinessEvent" identifier="_MQYVoYkuEDiCBO-y_C5C-g">      <name xml:lang="en">Выпуск производственных конфигураций</name>      <documentation/>    </element>    <element xsi:type="Representation" identifier="_OCCggIkuEDiCBO-y_C5C-g">      <name xml:lang="en">Данные о конфигурации:1. Все, что в Базовой конфигурации, кроме данных о физической конфигурации ОО. Вместо них - данные о физической конфигурации поставочного образца (партии), ТР (отклонения и разрешения).</name>      <documentation/>    </element>    <element xsi:type="BusinessFunction" identifier="_rTPwwIkuEDiCBO-y_C5C-g">      <name xml:lang="en">Изменение конфигурации</name>      <documentation/>    </element>    <element xsi:type="BusinessFunction" identifier="_CqlqoIkvEDiCBO-y_C5C-g">      <name xml:lang="en">Базовая + все ИИ + спецификации в 1С</name>      <documentation/>    </element>    <element xsi:type="Representation" identifier="_NdSYMYkvEDiCBO-y_C5C-g">      <name xml:lang="en">Текущая одобренная конфигурация</name>      <documentation/>    </element>    <element xsi:type="BusinessFunction" identifier="_VtxnsIkvEDiCBO-y_C5C-g">      <name xml:lang="en">Выпуск продукции</name>      <documentation/>    </element>  </elements>  <relationships>    <relationship xsi:type="Triggering" identifier="_8ltB8YksEDiCBO-y_C5C-g" source="_2DGQkIksEDiCBO-y_C5C-g" target="_5aoNEIksEDiCBO-y_C5C-g">      <name xml:lang="en"/>      <documentation/>    </relationship>    <relationship xsi:type="Triggering" identifier="_B37JgIktEDiCBO-y_C5C-g" source="_5aoNEIksEDiCBO-y_C5C-g" target="__XOuYIksEDiCBO-y_C5C-g">      <name xml:lang="en"/>      <documentation/>    </relationship>    <relationship xsi:type="Triggering" identifier="_CPcRo4ktEDiCBO-y_C5C-g" source="__XOuYIksEDiCBO-y_C5C-g" target="_9_wlIIksEDiCBO-y_C5C-g">      <name xml:lang="en"/>      <documentation/>    </relationship>    <relationship xsi:type="Triggering" identifier="_IP9CkYktEDiCBO-y_C5C-g" source="_9_wlIIksEDiCBO-y_C5C-g" target="_Ft8Y0YktEDiCBO-y_C5C-g">      <name xml:lang="en"/>      <documentation/>    </relationship>    <relationship xsi:type="Association" identifier="_OkydsIktEDiCBO-y_C5C-g" source="_Ft8Y0YktEDiCBO-y_C5C-g" target="_NvaU4IktEDiCBO-y_C5C-g">      <name xml:lang="en"/>      <documentation/>    </relationship>    <relationship xsi:type="Association" identifier="_KF1wsYkuEDiCBO-y_C5C-g" source="_Ft8Y0YktEDiCBO-y_C5C-g" target="_IeKBMYkuEDiCBO-y_C5C-g">      <name xml:lang="en"/>      <documentation/>    </relationship>    <relationship xsi:type="Association" identifier="_QCul4YkuEDiCBO-y_C5C-g" source="_MQYVoYkuEDiCBO-y_C5C-g" target="_OCCggIkuEDiCBO-y_C5C-g">      <name xml:lang="en"/>      <documentation/>    </relationship>    <relationship xsi:type="Association" identifier="_G6NswokvEDiCBO-y_C5C-g" source="_rTPwwIkuEDiCBO-y_C5C-g" target="_CqlqoIkvEDiCBO-y_C5C-g">      <name xml:lang="en"/>      <documentation/>    </relationship>    <relationship xsi:type="Triggering" identifier="_HYY2gokvEDiCBO-y_C5C-g" source="_Ft8Y0YktEDiCBO-y_C5C-g" target="_rTPwwIkuEDiCBO-y_C5C-g">      <name xml:lang="en"/>      <documentation/>    </relationship>    <relationship xsi:type="Association" identifier="_Os5l84kvEDiCBO-y_C5C-g" source="_CqlqoIkvEDiCBO-y_C5C-g" target="_NdSYMYkvEDiCBO-y_C5C-g">      <name xml:lang="en"/>      <documentation/>    </relationship>    <relationship xsi:type="Triggering" identifier="_X9mVQYkvEDiCBO-y_C5C-g" source="_VtxnsIkvEDiCBO-y_C5C-g" target="_MQYVoYkuEDiCBO-y_C5C-g">      <name xml:lang="en"/>      <documentation/>    </relationship>    <relationship xsi:type="Association" identifier="_dnIJkYkvEDiCBO-y_C5C-g" source="_NvaU4IktEDiCBO-y_C5C-g" target="_VtxnsIkvEDiCBO-y_C5C-g">      <name xml:lang="en"/>      <documentation/>    </relationship>    <relationship xsi:type="Triggering" identifier="_qT4JAYkvEDiCBO-y_C5C-g" source="_rTPwwIkuEDiCBO-y_C5C-g" target="_Ft8Y0YktEDiCBO-y_C5C-g">      <name xml:lang="en"/>      <documentation/>    </relationship>    <relationship xsi:type="Association" identifier="_2vofEIkvEDiCBO-y_C5C-g" source="_NdSYMYkvEDiCBO-y_C5C-g" target="_VtxnsIkvEDiCBO-y_C5C-g">      <name xml:lang="en"/>      <documentation/>    </relationship>  </relationships>  <views>    <diagrams>      <view identifier="_hhnnU6b-EeqEM7mFKilpXw">        <name xml:lang="en">archimate-diagram</name>        <node xsi:type="Element" identifier="_2DIs0IksEDiCBO-y_C5C-g" h="40" w="130" x="8" y="6" elementRef="_2DGQkIksEDiCBO-y_C5C-g"/>        <node xsi:type="Element" identifier="_5arQYIksEDiCBO-y_C5C-g" h="50" w="170" x="35" y="69" elementRef="_5aoNEIksEDiCBO-y_C5C-g"/>        <node xsi:type="Element" identifier="_9_zBYIksEDiCBO-y_C5C-g" h="60" w="130" x="123" y="235" elementRef="_9_wlIIksEDiCBO-y_C5C-g"/>        <node xsi:type="Element" identifier="__XP8g4ksEDiCBO-y_C5C-g" h="60" w="130" x="81" y="142" elementRef="__XOuYIksEDiCBO-y_C5C-g"/>        <node xsi:type="Element" identifier="_Ft-OAIktEDiCBO-y_C5C-g" h="60" w="130" x="304" y="235" elementRef="_Ft8Y0YktEDiCBO-y_C5C-g"/>        <node xsi:type="Element" identifier="_NvcxIIktEDiCBO-y_C5C-g" h="220" w="240" x="249" y="367" elementRef="_NvaU4IktEDiCBO-y_C5C-g"/>        <node xsi:type="Element" identifier="_IeL2YYkuEDiCBO-y_C5C-g" h="60" w="130" x="304" y="46" elementRef="_IeKBMYkuEDiCBO-y_C5C-g"/>        <node xsi:type="Element" identifier="_MQax4IkuEDiCBO-y_C5C-g" h="60" w="130" x="1009" y="365" elementRef="_MQYVoYkuEDiCBO-y_C5C-g"/>        <node xsi:type="Element" identifier="_OCDHkYkuEDiCBO-y_C5C-g" h="160" w="300" x="834" y="462" elementRef="_OCCggIkuEDiCBO-y_C5C-g"/>        <node xsi:type="Element" identifier="_rTS0E4kuEDiCBO-y_C5C-g" h="60" w="260" x="500" y="235" elementRef="_rTPwwIkuEDiCBO-y_C5C-g"/>        <node xsi:type="Element" identifier="_CqlqookvEDiCBO-y_C5C-g" h="60" w="130" x="593" y="142" elementRef="_CqlqoIkvEDiCBO-y_C5C-g"/>        <node xsi:type="Element" identifier="_NdUNZokvEDiCBO-y_C5C-g" h="90" w="180" x="581" y="20" elementRef="_NdSYMYkvEDiCBO-y_C5C-g"/>        <node xsi:type="Element" identifier="_Vt0D84kvEDiCBO-y_C5C-g" h="60" w="130" x="834" y="365" elementRef="_VtxnsIkvEDiCBO-y_C5C-g"/>        <connection xsi:type="Relationship" identifier="_8lveMoksEDiCBO-y_C5C-g" source="_2DIs0IksEDiCBO-y_C5C-g" target="_5arQYIksEDiCBO-y_C5C-g" relationshipRef="_8ltB8YksEDiCBO-y_C5C-g">          <bendpoint x="86" y="58"/>          <bendpoint x="86" y="57"/>        </connection>        <connection xsi:type="Relationship" identifier="_B3-M0IktEDiCBO-y_C5C-g" source="_5arQYIksEDiCBO-y_C5C-g" target="__XP8g4ksEDiCBO-y_C5C-g" relationshipRef="_B37JgIktEDiCBO-y_C5C-g">          <bendpoint x="143" y="131"/>          <bendpoint x="143" y="130"/>        </connection>        <connection xsi:type="Relationship" identifier="_CPdfw4ktEDiCBO-y_C5C-g" source="__XP8g4ksEDiCBO-y_C5C-g" target="_9_zBYIksEDiCBO-y_C5C-g" relationshipRef="_CPcRo4ktEDiCBO-y_C5C-g">          <bendpoint x="167" y="219"/>          <bendpoint x="167" y="218"/>        </connection>        <connection xsi:type="Relationship" identifier="_IP-Qs4ktEDiCBO-y_C5C-g" source="_9_zBYIksEDiCBO-y_C5C-g" target="_Ft-OAIktEDiCBO-y_C5C-g" relationshipRef="_IP9CkYktEDiCBO-y_C5C-g">          <bendpoint x="278" y="265"/>          <bendpoint x="279" y="265"/>        </connection>        <connection xsi:type="Relationship" identifier="_Ok1hAoktEDiCBO-y_C5C-g" source="_Ft-OAIktEDiCBO-y_C5C-g" target="_NvcxIIktEDiCBO-y_C5C-g" relationshipRef="_OkydsIktEDiCBO-y_C5C-g">          <bendpoint x="369" y="331"/>          <bendpoint x="369" y="331"/>        </connection>        <connection xsi:type="Relationship" identifier="_KF6CIIkuEDiCBO-y_C5C-g" source="_Ft-OAIktEDiCBO-y_C5C-g" target="_IeL2YYkuEDiCBO-y_C5C-g" relationshipRef="_KF1wsYkuEDiCBO-y_C5C-g">          <bendpoint x="369" y="170"/>          <bendpoint x="369" y="171"/>        </connection>        <connection xsi:type="Relationship" identifier="_QCxCIIkuEDiCBO-y_C5C-g" source="_MQax4IkuEDiCBO-y_C5C-g" target="_OCDHkYkuEDiCBO-y_C5C-g" relationshipRef="_QCul4YkuEDiCBO-y_C5C-g">          <bendpoint x="1071" y="444"/>          <bendpoint x="1071" y="443"/>        </connection>        <connection xsi:type="Relationship" identifier="_G6QJAYkvEDiCBO-y_C5C-g" source="_rTS0E4kuEDiCBO-y_C5C-g" target="_CqlqookvEDiCBO-y_C5C-g" relationshipRef="_G6NswokvEDiCBO-y_C5C-g">          <bendpoint x="658" y="218"/>          <bendpoint x="658" y="219"/>        </connection>        <connection xsi:type="Relationship" identifier="_HYbSwokvEDiCBO-y_C5C-g" source="_Ft-OAIktEDiCBO-y_C5C-g" target="_rTS0E4kuEDiCBO-y_C5C-g" relationshipRef="_HYY2gokvEDiCBO-y_C5C-g">          <bendpoint x="467" y="265"/>          <bendpoint x="467" y="265"/>        </connection>        <connection xsi:type="Relationship" identifier="_Os7bIokvEDiCBO-y_C5C-g" source="_CqlqookvEDiCBO-y_C5C-g" target="_NdUNZokvEDiCBO-y_C5C-g" relationshipRef="_Os5l84kvEDiCBO-y_C5C-g">          <bendpoint x="658" y="126"/>          <bendpoint x="658" y="126"/>        </connection>        <connection xsi:type="Relationship" identifier="_X9qmsIkvEDiCBO-y_C5C-g" source="_Vt0D84kvEDiCBO-y_C5C-g" target="_MQax4IkuEDiCBO-y_C5C-g" relationshipRef="_X9mVQYkvEDiCBO-y_C5C-g">          <bendpoint x="986" y="395"/>          <bendpoint x="987" y="395"/>        </connection>        <connection xsi:type="Relationship" identifier="_dnKl04kvEDiCBO-y_C5C-g" source="_NvcxIIktEDiCBO-y_C5C-g" target="_Vt0D84kvEDiCBO-y_C5C-g" relationshipRef="_dnIJkYkvEDiCBO-y_C5C-g">          <bendpoint x="661" y="396"/>          <bendpoint x="662" y="396"/>        </connection>        <connection xsi:type="Relationship" identifier="_qT5XIIkvEDiCBO-y_C5C-g" source="_rTS0E4kuEDiCBO-y_C5C-g" target="_Ft-OAIktEDiCBO-y_C5C-g" relationshipRef="_qT4JAYkvEDiCBO-y_C5C-g">          <bendpoint x="547" y="188"/>          <bendpoint x="400" y="188"/>        </connection>        <connection xsi:type="Relationship" identifier="_2vswgYkvEDiCBO-y_C5C-g" source="_NdUNZokvEDiCBO-y_C5C-g" target="_Vt0D84kvEDiCBO-y_C5C-g" relationshipRef="_2vofEIkvEDiCBO-y_C5C-g">          <bendpoint x="894" y="62"/>          <bendpoint x="894" y="345"/>        </connection>      </view>    </diagrams>  </views></model>
