"ID","Key","Value"
"_xfPYEFc2EDmaDagGO6GngQ","Directed","false"
"_CPwu8Fc3EDmaDagGO6GngQ","Directed","false"
"_C5g2kFc3EDmaDagGO6GngQ","Directed","false"
"_O8F3oFc3EDmaDagGO6GngQ","Directed","false"
"_Q-NgYFc3EDmaDagGO6GngQ","Directed","false"
"_VG_ToFc3EDmaDagGO6GngQ","Directed","false"
"_CWZXAFW5EDmebKMSuzoSJQ","Directed","false"
"_CtuR4FW5EDmebKMSuzoSJQ","Directed","false"
"_EytBYFW5EDmebKMSuzoSJQ","Directed","false"
"_crsaUFW6EDmebKMSuzoSJQ","Directed","false"
"_Jr2iUFcREDmaDagGO6GngQ","Directed","false"