{"identifier":"https://me.big.tuwien.ac.at/EAModelSet/506132fa","archimateId":"506132fa","name":"6a Page Controller","description":"","formats":["XML","CSV","JSON","ARCHIMATE"],"source":"GitHub","sourceFile":"raw-data/github/archimate/page_controller.archimate","sourceFormat":"ARCHIMATE","timestamp":"29-06-2023 09:30:02","tags":[],"duplicates":[],"language":"en","elements":[{"id":"ea2d02f7-e2af-43ee-a688-035d03f29d98","name":"event 1","type":"ApplicationEvent","layer":"application"},{"id":"4acb7a53-90ad-4996-9cd6-f7a982af1e7b","name":"event 2","type":"ApplicationEvent","layer":"application"},{"id":"1a86b54e-675b-4dee-9e89-c5a2533305e2","name":"event 3","type":"ApplicationEvent","layer":"application"},{"id":"64adf08c-0dbf-49f2-9473-d08feabb1267","name":"UI view representation","type":"DataObject","layer":"application"},{"id":"639deb79-6f4a-47af-b9dd-580c3683b16e","name":"HTML","type":"DataObject","layer":"application"},{"id":"e1b4f4eb-c5eb-413e-be4d-e460a735ba77","name":"screen view","type":"DataObject","layer":"application"},{"id":"8f487df8-f212-48c2-a15f-c853cfd282cd","name":"entity 1","type":"DataObject","layer":"application"},{"id":"1d357bec-2b0e-40b6-b2ca-f7d3f962e8fb","name":"entity 2","type":"DataObject","layer":"application"},{"id":"4cc15606-89f3-4462-8acb-cdd01f819124","name":"entity 3","type":"DataObject","layer":"application"},{"id":"bebe78d3-5b6c-46b1-88d4-011a3c546977","name":"entity 4","type":"DataObject","layer":"application"},{"id":"6604d3c5-580c-4e7b-87a7-bce968a1c1ba","name":"entity 5","type":"DataObject","layer":"application"},{"id":"6110c69a-2d59-4b9b-a135-eab588fba0f2","name":"entity 6","type":"DataObject","layer":"application"},{"id":"c6e7a0b6-c8ac-4840-8d28-d9c1ca5c9879","name":"class Page 1 controller","type":"ApplicationComponent","layer":"application"},{"id":"95cfcb93-9561-4c94-964d-b8c19dd1838c","name":"class Page 2 controller","type":"ApplicationComponent","layer":"application"},{"id":"9b7dc4f9-49c6-4fde-867f-eeb7e614530e","name":"class Page 3 controller","type":"ApplicationComponent","layer":"application"},{"id":"10fe8cef-8502-47dc-aa26-87acaaa39d1f","name":"HTML","type":"DataObject","layer":"application"},{"id":"9faf15f4-e2ea-4d5a-acbf-d0ca76128a62","name":"Views","type":"Grouping","layer":"other"},{"id":"b40a26d0-a679-43fc-8ddc-4baf57ae4904","name":"view for desctop","type":"Grouping","layer":"other"},{"id":"a1b8ef34-e1b6-4bbd-a60f-b286bf0c08c6","name":"view for web","type":"Grouping","layer":"other"},{"id":"cda65289-c28f-4038-a9d8-7d3598f7de5a","name":"view for mobile client","type":"Grouping","layer":"other"},{"id":"56972a30-0122-4e69-b481-6a5bc0f335dc","name":"Controllers","type":"Grouping","layer":"other"},{"id":"c492cfcb-7477-4be0-97f0-c2bbeba8a268","name":"editable behavior","type":"Grouping","layer":"other"},{"id":"3ea46d51-ca31-4f5d-b57d-ad8f1ebb79eb","name":"non-editable behavior","type":"Grouping","layer":"other"},{"id":"465176a3-64f2-4ee0-9dc1-83ad0b10c2ed","name":"Model","type":"Grouping","layer":"other"},{"id":"4ee50d59-56fa-4556-8705-f97e27e605dc","name":"some mapping classes","type":"Grouping","layer":"other"},{"id":"7991d090-9608-4f07-88ee-9620027d47a4","name":"database","type":"Grouping","layer":"other"},{"id":"3e234b76-f9fc-4b8a-97ae-7f2fd427248b","name":"Views","type":"Grouping","layer":"other"},{"id":"21d4b7db-86a1-4312-9bf5-183dbbb949d9","name":"view for desctop","type":"Grouping","layer":"other"},{"id":"521f0238-9e0b-4873-916a-3b25edec2133","name":"view for web","type":"Grouping","layer":"other"},{"id":"00ea4a81-33ab-4fe6-a16b-3401fffa2252","name":"view for mobile client","type":"Grouping","layer":"other"}],"relationships":[{"id":"646ca6bd-af91-40c8-bb9a-b63e75661a3f","sourceId":"7991d090-9608-4f07-88ee-9620027d47a4","targetId":"6604d3c5-580c-4e7b-87a7-bce968a1c1ba","type":"CompositionRelationship"},{"id":"9d77ccf5-f629-43b4-ba9a-d2707d6fdf04","sourceId":"6110c69a-2d59-4b9b-a135-eab588fba0f2","targetId":"4cc15606-89f3-4462-8acb-cdd01f819124","type":"AssociationRelationship"},{"id":"8e5d2871-dc9b-4143-a818-33ff6afdb213","sourceId":"4ee50d59-56fa-4556-8705-f97e27e605dc","targetId":"7991d090-9608-4f07-88ee-9620027d47a4","type":"AccessRelationship"},{"id":"8a93172b-ebbd-4e1c-a618-a1980102f10b","sourceId":"1d357bec-2b0e-40b6-b2ca-f7d3f962e8fb","targetId":"4cc15606-89f3-4462-8acb-cdd01f819124","type":"AssociationRelationship"},{"id":"8e758455-93b0-41ef-a5d2-30f4f448ea64","sourceId":"9faf15f4-e2ea-4d5a-acbf-d0ca76128a62","targetId":"a1b8ef34-e1b6-4bbd-a60f-b286bf0c08c6","type":"CompositionRelationship"},{"id":"50fafe7d-9fdb-4850-8bc5-f3b0786ebbbd","sourceId":"56972a30-0122-4e69-b481-6a5bc0f335dc","targetId":"465176a3-64f2-4ee0-9dc1-83ad0b10c2ed","type":"AccessRelationship"},{"id":"eb0d1d59-4e2e-476c-8905-234a00c38849","sourceId":"7991d090-9608-4f07-88ee-9620027d47a4","targetId":"6110c69a-2d59-4b9b-a135-eab588fba0f2","type":"CompositionRelationship"},{"id":"fae9cb72-179e-461e-9421-eaabe0a2ca51","sourceId":"9faf15f4-e2ea-4d5a-acbf-d0ca76128a62","targetId":"639deb79-6f4a-47af-b9dd-580c3683b16e","type":"TriggeringRelationship"},{"id":"c2381cf9-d639-4f9d-8afb-c210f1ffde5b","sourceId":"56972a30-0122-4e69-b481-6a5bc0f335dc","targetId":"9faf15f4-e2ea-4d5a-acbf-d0ca76128a62","type":"AccessRelationship"},{"id":"a909e930-ef70-4b39-ab20-38e4628670ce","sourceId":"7991d090-9608-4f07-88ee-9620027d47a4","targetId":"1d357bec-2b0e-40b6-b2ca-f7d3f962e8fb","type":"CompositionRelationship"},{"id":"d454d131-0e0c-4c41-af47-8b5533afe07f","sourceId":"7991d090-9608-4f07-88ee-9620027d47a4","targetId":"8f487df8-f212-48c2-a15f-c853cfd282cd","type":"CompositionRelationship"},{"id":"63d95244-d492-4303-8eb3-30c2a93752a4","sourceId":"9faf15f4-e2ea-4d5a-acbf-d0ca76128a62","targetId":"64adf08c-0dbf-49f2-9473-d08feabb1267","type":"TriggeringRelationship"},{"id":"7f473f4e-2b94-4790-a783-77c4d51754c5","sourceId":"ea2d02f7-e2af-43ee-a688-035d03f29d98","targetId":"56972a30-0122-4e69-b481-6a5bc0f335dc","type":"TriggeringRelationship"},{"id":"79923a6d-1f5a-4b86-a901-dda9d9081e99","sourceId":"8f487df8-f212-48c2-a15f-c853cfd282cd","targetId":"6110c69a-2d59-4b9b-a135-eab588fba0f2","type":"AssociationRelationship"},{"id":"b6a17d33-d1d1-46c1-b712-77f8a9b958ed","sourceId":"9faf15f4-e2ea-4d5a-acbf-d0ca76128a62","targetId":"b40a26d0-a679-43fc-8ddc-4baf57ae4904","type":"CompositionRelationship"},{"id":"a0c4042d-e7fd-4b8e-ac99-bf3f7019a4b2","sourceId":"6110c69a-2d59-4b9b-a135-eab588fba0f2","targetId":"6604d3c5-580c-4e7b-87a7-bce968a1c1ba","type":"AssociationRelationship"},{"id":"c5ed30a9-ae1c-4dc0-bca8-026e20bcb57d","sourceId":"56972a30-0122-4e69-b481-6a5bc0f335dc","targetId":"c492cfcb-7477-4be0-97f0-c2bbeba8a268","type":"CompositionRelationship"},{"id":"32147b49-2df4-4dfa-b890-acd492002ba1","sourceId":"9faf15f4-e2ea-4d5a-acbf-d0ca76128a62","targetId":"cda65289-c28f-4038-a9d8-7d3598f7de5a","type":"CompositionRelationship"},{"id":"96cbbda2-82f4-4cc6-91a8-b96a49178de1","sourceId":"8f487df8-f212-48c2-a15f-c853cfd282cd","targetId":"1d357bec-2b0e-40b6-b2ca-f7d3f962e8fb","type":"AssociationRelationship"},{"id":"681a6492-e62d-4cfb-be5c-acc4463e3aa5","sourceId":"bebe78d3-5b6c-46b1-88d4-011a3c546977","targetId":"4cc15606-89f3-4462-8acb-cdd01f819124","type":"AssociationRelationship"},{"id":"bec928ac-d969-4514-8361-fb64f774494e","sourceId":"9faf15f4-e2ea-4d5a-acbf-d0ca76128a62","targetId":"56972a30-0122-4e69-b481-6a5bc0f335dc","type":"AccessRelationship"},{"id":"80904c82-733f-4b45-89ff-62eda3f14925","sourceId":"8f487df8-f212-48c2-a15f-c853cfd282cd","targetId":"bebe78d3-5b6c-46b1-88d4-011a3c546977","type":"AssociationRelationship"},{"id":"d2941b20-cd20-45bc-aac1-4d44743740d2","sourceId":"6604d3c5-580c-4e7b-87a7-bce968a1c1ba","targetId":"bebe78d3-5b6c-46b1-88d4-011a3c546977","type":"AssociationRelationship"},{"id":"a7b17079-6b66-4c51-b29f-4bed3dc98387","sourceId":"1a86b54e-675b-4dee-9e89-c5a2533305e2","targetId":"56972a30-0122-4e69-b481-6a5bc0f335dc","type":"TriggeringRelationship"},{"id":"6c59e9cf-06bd-4099-8096-ab3804b1a625","sourceId":"7991d090-9608-4f07-88ee-9620027d47a4","targetId":"4cc15606-89f3-4462-8acb-cdd01f819124","type":"CompositionRelationship"},{"id":"d8d23cdb-9c5a-45e6-b130-7bf285c5db75","sourceId":"7991d090-9608-4f07-88ee-9620027d47a4","targetId":"bebe78d3-5b6c-46b1-88d4-011a3c546977","type":"CompositionRelationship"},{"id":"fb652a37-c13f-4bdf-b688-a69a95564bb4","sourceId":"465176a3-64f2-4ee0-9dc1-83ad0b10c2ed","targetId":"4ee50d59-56fa-4556-8705-f97e27e605dc","type":"AccessRelationship"},{"id":"3b5fa87d-6376-41a8-8d88-5d0cb7c29d87","sourceId":"9faf15f4-e2ea-4d5a-acbf-d0ca76128a62","targetId":"e1b4f4eb-c5eb-413e-be4d-e460a735ba77","type":"TriggeringRelationship"},{"id":"e6e8f371-8700-4e6d-8db3-30e39e83d016","sourceId":"9faf15f4-e2ea-4d5a-acbf-d0ca76128a62","targetId":"465176a3-64f2-4ee0-9dc1-83ad0b10c2ed","type":"AccessRelationship"},{"id":"d60f228d-cdf6-457f-a2ca-687c177a986b","sourceId":"4acb7a53-90ad-4996-9cd6-f7a982af1e7b","targetId":"56972a30-0122-4e69-b481-6a5bc0f335dc","type":"TriggeringRelationship"},{"id":"3d930139-ba37-42fe-8374-5e3c4e4ba03a","sourceId":"56972a30-0122-4e69-b481-6a5bc0f335dc","targetId":"3ea46d51-ca31-4f5d-b57d-ad8f1ebb79eb","type":"CompositionRelationship"},{"id":"bf22f8d4-4a60-4506-a0b1-5b23fc068bcf","sourceId":"ea2d02f7-e2af-43ee-a688-035d03f29d98","targetId":"c6e7a0b6-c8ac-4840-8d28-d9c1ca5c9879","type":"TriggeringRelationship"},{"id":"fefd6b3d-485d-4dda-9cff-9398b4a69f05","sourceId":"4acb7a53-90ad-4996-9cd6-f7a982af1e7b","targetId":"95cfcb93-9561-4c94-964d-b8c19dd1838c","type":"TriggeringRelationship"},{"id":"3141f4d8-6860-47c7-9fee-3e85d4e1e8b0","sourceId":"1a86b54e-675b-4dee-9e89-c5a2533305e2","targetId":"9b7dc4f9-49c6-4fde-867f-eeb7e614530e","type":"TriggeringRelationship"},{"id":"9b35fba5-b85d-4e30-b293-d5172e3acbfc","sourceId":"c6e7a0b6-c8ac-4840-8d28-d9c1ca5c9879","targetId":"465176a3-64f2-4ee0-9dc1-83ad0b10c2ed","type":"FlowRelationship"},{"id":"77df140c-80e7-49f7-b2b1-7cb87d829aca","sourceId":"95cfcb93-9561-4c94-964d-b8c19dd1838c","targetId":"465176a3-64f2-4ee0-9dc1-83ad0b10c2ed","type":"FlowRelationship"},{"id":"69c86fcb-6c3b-4686-adc7-eff9d94cd327","sourceId":"9b7dc4f9-49c6-4fde-867f-eeb7e614530e","targetId":"465176a3-64f2-4ee0-9dc1-83ad0b10c2ed","type":"FlowRelationship"},{"id":"23f9ab2b-b9c1-4f20-963b-082b177e85fd","sourceId":"3e234b76-f9fc-4b8a-97ae-7f2fd427248b","targetId":"21d4b7db-86a1-4312-9bf5-183dbbb949d9","type":"CompositionRelationship"},{"id":"1f344b37-67fc-4849-8fb3-aae51f32e4bc","sourceId":"3e234b76-f9fc-4b8a-97ae-7f2fd427248b","targetId":"10fe8cef-8502-47dc-aa26-87acaaa39d1f","type":"TriggeringRelationship"},{"id":"60b2393b-020e-46ab-8816-94dd5d94c1b5","sourceId":"3e234b76-f9fc-4b8a-97ae-7f2fd427248b","targetId":"521f0238-9e0b-4873-916a-3b25edec2133","type":"CompositionRelationship"},{"id":"8db3e13b-511a-44c1-b71e-ab1646cf1deb","sourceId":"3e234b76-f9fc-4b8a-97ae-7f2fd427248b","targetId":"00ea4a81-33ab-4fe6-a16b-3401fffa2252","type":"CompositionRelationship"},{"id":"87f57e17-b7e3-4f6d-8b4e-5293fd5014d2","sourceId":"c6e7a0b6-c8ac-4840-8d28-d9c1ca5c9879","targetId":"3e234b76-f9fc-4b8a-97ae-7f2fd427248b","type":"FlowRelationship"},{"id":"7a15315c-0adf-45a7-b68c-ff82bf359f6a","sourceId":"3e234b76-f9fc-4b8a-97ae-7f2fd427248b","targetId":"465176a3-64f2-4ee0-9dc1-83ad0b10c2ed","type":"FlowRelationship"}],"views":[{"id":"8a6b0e40","name":"Page Controller","viewpoint":""}]}