{"identifier":"https://me.big.tuwien.ac.at/EAModelSet/862f0e22-ecd7-476e-bf97-b3a17b8826d7","archimateId":"862f0e22-ecd7-476e-bf97-b3a17b8826d7","name":"4 Referring to Objects","description":"","formats":["XML","CSV","JSON","ARCHIMATE"],"source":"GitHub","repository":"wilmerkrisp/patterns","license":"Other","sourceFile":"raw-data/github/archimate/4_referring_to_objects.archimate","sourceFormat":"ARCHIMATE","timestamp":"2023-07-06T09:29:17","tags":[],"duplicates":[],"language":"en","elements":[{"id":"c98a1d9a","name":"object","type":"BusinessObject","layer":"business"},{"id":"3a74ac38","name":"string","type":"BusinessObject","layer":"business"},{"id":"52d2b02e","name":"Business Object","type":"BusinessObject","layer":"business"},{"id":"0fd614b2","name":"identifier","type":"BusinessObject","layer":"business"},{"id":"db359fe8","name":"identification scheme","type":"BusinessObject","layer":"business"},{"id":"6dc9d92e","name":"object","type":"BusinessObject","layer":"business"},{"id":"2424d6a1","name":"active object","type":"BusinessObject","layer":"business"},{"id":"fcc2566f","name":"superseded object","type":"BusinessObject","layer":"business"},{"id":"f3985be6","name":"object essence (link for objects)","type":"BusinessObject","layer":"business"},{"id":"ea04323a","name":"object (appearance)","type":"BusinessObject","layer":"business"},{"id":"9588b479","name":"object","type":"BusinessObject","layer":"business"},{"id":"86d62dd0","name":"object","type":"BusinessObject","layer":"business"},{"id":"4f2bc933","name":"equivalence","type":"BusinessObject","layer":"business"},{"id":"994eb0d0","name":"party","type":"BusinessObject","layer":"business"},{"id":"0ecb9d8b","name":"uniqueness constraint: within one scheme only one string can identify an object","type":"Constraint","layer":"motivation"},{"id":"14be4610","name":"objects's identifier cannot be changed","type":"Constraint","layer":"motivation"}],"relationships":[{"id":"805b4a25","sourceId":"c98a1d9a","targetId":"3a74ac38","type":"AssociationRelationship"},{"id":"d43a1a49","sourceId":"c98a1d9a","targetId":"52d2b02e","type":"AssociationRelationship"},{"id":"6f8fb952","sourceId":"c98a1d9a","targetId":"3a74ac38","type":"AssociationRelationship"},{"id":"5183619e","sourceId":"0fd614b2","targetId":"c98a1d9a","type":"AssociationRelationship"},{"id":"c6c6be96","sourceId":"0fd614b2","targetId":"db359fe8","type":"AssociationRelationship"},{"id":"bd084ccf","sourceId":"0fd614b2","targetId":"3a74ac38","type":"AssociationRelationship"},{"id":"de6d64db","sourceId":"0ecb9d8b","targetId":"0fd614b2","type":"AssociationRelationship"},{"id":"1d3aa448","sourceId":"14be4610","targetId":"0fd614b2","type":"AssociationRelationship"},{"id":"4409a129","sourceId":"6dc9d92e","targetId":"2424d6a1","type":"SpecializationRelationship"},{"id":"dc083349","sourceId":"6dc9d92e","targetId":"fcc2566f","type":"CompositionRelationship"},{"id":"6d89a065","sourceId":"fcc2566f","targetId":"2424d6a1","type":"AssociationRelationship"},{"id":"7447938c","sourceId":"ea04323a","targetId":"f3985be6","type":"AssociationRelationship"},{"id":"ae990043","sourceId":"4f2bc933","targetId":"86d62dd0","type":"AssociationRelationship"},{"id":"76c97952","sourceId":"4f2bc933","targetId":"994eb0d0","type":"AssociationRelationship"}],"views":[{"id":"1dbd3827-14c7-46da-8851-5cdaa6bc13e2","name":"Referring to Objects","viewpoint":""},{"id":"50770890-9c0b-4018-92f0-b7839cef5575","name":"1 Name","viewpoint":""},{"id":"fbe25313-3929-48cb-8908-feef364ad432","name":"2 Identification Scheme","viewpoint":""},{"id":"3a6be140-1f16-45d0-9590-1b4224327aae","name":"3 Object Merge","viewpoint":""},{"id":"862528e3-ef31-495f-83c6-9c65bd9253bc","name":"4 Object Equivalence","viewpoint":""}]}