<?xml version="1.0" encoding="UTF-8"?>
<model xmlns="http://www.opengroup.org/xsd/archimate/3.0/" xmlns:xsi="http://www.w3.org/2001/XMLSchema-instance" xsi:schemaLocation="http://www.opengroup.org/xsd/archimate/3.0/ http://www.opengroup.org/xsd/archimate/3.1/archimate3_Diagram.xsd" identifier="id-862f0e22-ecd7-476e-bf97-b3a17b8826d7">
  <name>4 Referring to Objects</name>
  <elements>
    <element identifier="c98a1d9a" xsi:type="BusinessObject">
      <name>object</name>
      <documentation>Once identified, an object is&#xD;
so identified forever</documentation>
    </element>
    <element identifier="id-3a74ac38" xsi:type="BusinessObject">
      <name>string</name>
    </element>
    <element identifier="id-52d2b02e" xsi:type="BusinessObject">
      <name>Business Object</name>
    </element>
    <element identifier="id-0fd614b2" xsi:type="BusinessObject">
      <name>identifier</name>
    </element>
    <element identifier="db359fe8" xsi:type="BusinessObject">
      <name>identification scheme</name>
      <documentation>dentification schemes represent the context used to identify an object</documentation>
    </element>
    <element identifier="id-6dc9d92e" xsi:type="BusinessObject">
      <name>object</name>
    </element>
    <element identifier="id-2424d6a1" xsi:type="BusinessObject">
      <name>active object</name>
    </element>
    <element identifier="fcc2566f" xsi:type="BusinessObject">
      <name>superseded object</name>
    </element>
    <element identifier="f3985be6" xsi:type="BusinessObject">
      <name>object essence (link for objects)</name>
      <documentation>The object remains much the same, but sitting behind it is another object—the&#xD;
object essence.</documentation>
    </element>
    <element identifier="ea04323a" xsi:type="BusinessObject">
      <name>object (appearance)</name>
    </element>
    <element identifier="id-9588b479" xsi:type="BusinessObject">
      <name>object</name>
      <documentation>Once identified, an object is&#xD;
so identified forever</documentation>
    </element>
    <element identifier="id-86d62dd0" xsi:type="BusinessObject">
      <name>object</name>
    </element>
    <element identifier="id-4f2bc933" xsi:type="BusinessObject">
      <name>equivalence</name>
    </element>
    <element identifier="id-994eb0d0" xsi:type="BusinessObject">
      <name>party</name>
    </element>
    <element identifier="id-0ecb9d8b" xsi:type="Constraint">
      <name>uniqueness constraint: within one scheme only one string can identify an object</name>
    </element>
    <element identifier="id-14be4610" xsi:type="Constraint">
      <name>objects's identifier cannot be changed</name>
      <documentation>Once an&#xD;
identifier is assigned, it is assigned for good</documentation>
    </element>
  </elements>
  <relationships>
    <relationship identifier="id-805b4a25" source="c98a1d9a" target="id-3a74ac38" xsi:type="Association">
      <name>N|0 - N|0  names and aliaces</name>
    </relationship>
    <relationship identifier="d43a1a49" source="c98a1d9a" target="id-52d2b02e" xsi:type="Association" />
    <relationship identifier="id-6f8fb952" source="c98a1d9a" target="id-3a74ac38" xsi:type="Association">
      <name>1|0 - 1| 0 id</name>
      <documentation>- not all objects have an identifier&#xD;
- identifier identified only ine object</documentation>
    </relationship>
    <relationship identifier="id-5183619e" source="id-0fd614b2" target="c98a1d9a" xsi:type="Association">
      <name>N|0 - 1</name>
    </relationship>
    <relationship identifier="c6c6be96" source="id-0fd614b2" target="db359fe8" xsi:type="Association">
      <name>N|0 - 1</name>
    </relationship>
    <relationship identifier="bd084ccf" source="id-0fd614b2" target="id-3a74ac38" xsi:type="Association">
      <name>N|0 - 1</name>
    </relationship>
    <relationship identifier="de6d64db" source="id-0ecb9d8b" target="id-0fd614b2" xsi:type="Association" />
    <relationship identifier="id-1d3aa448" source="id-14be4610" target="id-0fd614b2" xsi:type="Association" />
    <relationship identifier="id-4409a129" source="id-6dc9d92e" target="id-2424d6a1" xsi:type="Specialization" />
    <relationship identifier="dc083349" source="id-6dc9d92e" target="fcc2566f" xsi:type="Composition" />
    <relationship identifier="id-6d89a065" source="fcc2566f" target="id-2424d6a1" xsi:type="Association">
      <name>N|0 - 1</name>
    </relationship>
    <relationship identifier="id-7447938c" source="ea04323a" target="f3985be6" xsi:type="Association">
      <name>N|0 - 1|0   appearances</name>
    </relationship>
    <relationship identifier="ae990043" source="id-4f2bc933" target="id-86d62dd0" xsi:type="Association">
      <name>N|0 - N|2</name>
    </relationship>
    <relationship identifier="id-76c97952" source="id-4f2bc933" target="id-994eb0d0" xsi:type="Association">
      <name>N|0 - N|1</name>
    </relationship>
  </relationships>
  <views>
    <diagrams>
      <view identifier="id-1dbd3827-14c7-46da-8851-5cdaa6bc13e2" xsi:type="Diagram">
        <name>Referring to Objects</name>
        <node identifier="id-034d096f" xsi:type="Label" x="915" y="1123" w="509" h="348">
          <label>object merge strategy: Essence and it's Appearances</label>
          <style>
            <fillColor r="255" g="255" b="255" a="100" />
            <lineColor r="92" g="92" b="92" a="100" />
            <font name="Lucida Grande" size="12">
              <color r="255" g="0" b="0" />
            </font>
          </style>
        </node>
        <node identifier="id-1a58c57c" xsi:type="Label" x="915" y="690" w="509" h="348">
          <label>object merge strategy: &#xD;
superseeding</label>
          <style>
            <fillColor r="255" g="255" b="255" a="100" />
            <lineColor r="92" g="92" b="92" a="100" />
            <font name="Lucida Grande" size="12">
              <color r="255" g="0" b="0" />
            </font>
          </style>
        </node>
        <node identifier="id-35f1c48e" xsi:type="Label" x="915" y="265" w="509" h="348">
          <label>object merge strategy: &#xD;
copy and replace</label>
          <style>
            <fillColor r="255" g="255" b="255" a="100" />
            <lineColor r="92" g="92" b="92" a="100" />
            <font name="Lucida Grande" size="12">
              <color r="255" g="0" b="0" />
            </font>
          </style>
        </node>
        <node identifier="id-1ed65414" elementRef="c98a1d9a" xsi:type="Element" x="100" y="426" w="120" h="55">
          <style>
            <fillColor r="255" g="255" b="181" a="100" />
            <lineColor r="92" g="92" b="92" a="100" />
            <font name="Lucida Grande" size="12">
              <color r="0" g="0" b="0" />
            </font>
          </style>
        </node>
        <node identifier="bea512b6" elementRef="id-3a74ac38" xsi:type="Element" x="380" y="585" w="120" h="55">
          <style>
            <fillColor r="255" g="255" b="181" a="100" />
            <lineColor r="92" g="92" b="92" a="100" />
            <font name="Lucida Grande" size="12">
              <color r="0" g="0" b="0" />
            </font>
          </style>
        </node>
        <node identifier="id-039c03f9" elementRef="id-0fd614b2" xsi:type="Element" x="373" y="426" w="120" h="55">
          <style>
            <fillColor r="255" g="255" b="181" a="100" />
            <lineColor r="92" g="92" b="92" a="100" />
            <font name="Lucida Grande" size="12">
              <color r="0" g="0" b="0" />
            </font>
          </style>
        </node>
        <node identifier="id-8aeece1c" elementRef="db359fe8" xsi:type="Element" x="665" y="426" w="120" h="55">
          <style>
            <fillColor r="255" g="255" b="181" a="100" />
            <lineColor r="92" g="92" b="92" a="100" />
            <font name="Lucida Grande" size="12">
              <color r="0" g="0" b="0" />
            </font>
          </style>
        </node>
        <node identifier="id-9ece35cb" elementRef="id-0ecb9d8b" xsi:type="Element" x="380" y="225" w="200" h="66">
          <style>
            <fillColor r="204" g="204" b="255" a="100" />
            <lineColor r="92" g="92" b="92" a="100" />
            <font name="Lucida Grande" size="12">
              <color r="0" g="0" b="0" />
            </font>
          </style>
        </node>
        <node identifier="id-965f4fc8" elementRef="id-14be4610" xsi:type="Element" x="380" y="322" w="200" h="66">
          <style>
            <fillColor r="204" g="204" b="255" a="100" />
            <lineColor r="92" g="92" b="92" a="100" />
            <font name="Lucida Grande" size="12">
              <color r="0" g="0" b="0" />
            </font>
          </style>
        </node>
        <node identifier="e371e3e6" elementRef="id-6dc9d92e" xsi:type="Element" x="945" y="750" w="253" h="251">
          <style>
            <fillColor r="255" g="255" b="181" a="100" />
            <lineColor r="92" g="92" b="92" a="100" />
            <font name="Lucida Grande" size="12">
              <color r="0" g="0" b="0" />
            </font>
          </style>
          <node identifier="b94749e0" elementRef="id-2424d6a1" xsi:type="Element" x="1018" y="795" w="120" h="55">
            <style>
              <fillColor r="255" g="255" b="181" a="100" />
              <lineColor r="92" g="92" b="92" a="100" />
              <font name="Lucida Grande" size="12">
                <color r="0" g="0" b="0" />
              </font>
            </style>
          </node>
          <node identifier="id-18f9d853" elementRef="fcc2566f" xsi:type="Element" x="1018" y="935" w="120" h="55">
            <style>
              <fillColor r="255" g="255" b="181" a="100" />
              <lineColor r="92" g="92" b="92" a="100" />
              <font name="Lucida Grande" size="12">
                <color r="0" g="0" b="0" />
              </font>
            </style>
          </node>
        </node>
        <node identifier="dab6be2f" elementRef="f3985be6" xsi:type="Element" x="963" y="1180" w="120" h="55">
          <style>
            <fillColor r="255" g="255" b="181" a="100" />
            <lineColor r="92" g="92" b="92" a="100" />
            <font name="Lucida Grande" size="12">
              <color r="0" g="0" b="0" />
            </font>
          </style>
        </node>
        <node identifier="cdbd1638" elementRef="ea04323a" xsi:type="Element" x="1225" y="1180" w="120" h="55">
          <style>
            <fillColor r="255" g="255" b="181" a="100" />
            <lineColor r="92" g="92" b="92" a="100" />
            <font name="Lucida Grande" size="12">
              <color r="0" g="0" b="0" />
            </font>
          </style>
        </node>
        <node identifier="id-3d8f4038" elementRef="id-9588b479" xsi:type="Element" x="965" y="330" w="120" h="55">
          <style>
            <fillColor r="255" g="255" b="181" a="100" />
            <lineColor r="92" g="92" b="92" a="100" />
            <font name="Lucida Grande" size="12">
              <color r="0" g="0" b="0" />
            </font>
          </style>
        </node>
        <node identifier="id-95453e3c" xsi:type="Label" x="964" y="455" w="120" h="55">
          <label>object instance 1 &#xD;
(ID 1)</label>
          <style>
            <fillColor r="192" g="192" b="192" a="100" />
            <lineColor r="92" g="92" b="92" a="100" />
            <font name="Lucida Grande" size="12">
              <color r="255" g="255" b="255" />
            </font>
          </style>
        </node>
        <node identifier="a7305b9a" xsi:type="Label" x="1277" y="455" w="124" h="55">
          <label>object instance 2 &#xD;
(ID 2)</label>
          <style>
            <fillColor r="0" g="0" b="0" a="100" />
            <lineColor r="92" g="92" b="92" a="100" />
            <font name="Lucida Grande" size="12">
              <color r="255" g="255" b="255" />
            </font>
          </style>
        </node>
        <node identifier="eeaa90a7" xsi:type="Label" x="1267" y="930" w="120" h="55">
          <label>object instance 1 &#xD;
(ID 1)</label>
          <style>
            <fillColor r="0" g="0" b="0" a="100" />
            <lineColor r="92" g="92" b="92" a="100" />
            <font name="Lucida Grande" size="12">
              <color r="255" g="255" b="255" />
            </font>
          </style>
        </node>
        <node identifier="e4f3362d" xsi:type="Label" x="1265" y="795" w="124" h="55">
          <label>object instance 2 &#xD;
(ID 2)</label>
          <style>
            <fillColor r="0" g="0" b="0" a="100" />
            <lineColor r="92" g="92" b="92" a="100" />
            <font name="Lucida Grande" size="12">
              <color r="255" g="255" b="255" />
            </font>
          </style>
        </node>
        <node identifier="dacdaf75" xsi:type="Label" x="1225" y="1395" w="120" h="55">
          <label>object instance 1 &#xD;
(ID 1)</label>
          <style>
            <fillColor r="0" g="0" b="0" a="100" />
            <lineColor r="92" g="92" b="92" a="100" />
            <font name="Lucida Grande" size="12">
              <color r="255" g="255" b="255" />
            </font>
          </style>
        </node>
        <node identifier="id-11b91207" xsi:type="Label" x="1225" y="1275" w="124" h="55">
          <label>object instance 2 &#xD;
(ID 2)</label>
          <style>
            <fillColor r="0" g="0" b="0" a="100" />
            <lineColor r="92" g="92" b="92" a="100" />
            <font name="Lucida Grande" size="12">
              <color r="255" g="255" b="255" />
            </font>
          </style>
        </node>
        <node identifier="b9cb9f9c" xsi:type="Label" x="963" y="1341" w="124" h="55">
          <label>object essence</label>
          <style>
            <fillColor r="0" g="0" b="0" a="100" />
            <lineColor r="92" g="92" b="92" a="100" />
            <font name="Lucida Grande" size="12">
              <color r="255" g="255" b="255" />
            </font>
          </style>
        </node>
        <connection identifier="id-4101b726" relationshipRef="id-5183619e" xsi:type="Relationship" source="id-039c03f9" target="id-1ed65414">
          <style>
            <lineColor r="0" g="0" b="0" />
            <font name="Lucida Grande" size="12">
              <color r="255" g="0" b="0" />
            </font>
          </style>
        </connection>
        <connection identifier="d69c617e" relationshipRef="c6c6be96" xsi:type="Relationship" source="id-039c03f9" target="id-8aeece1c">
          <style>
            <lineColor r="0" g="0" b="0" />
            <font name="Lucida Grande" size="12">
              <color r="255" g="0" b="0" />
            </font>
          </style>
        </connection>
        <connection identifier="id-041c18c2" relationshipRef="bd084ccf" xsi:type="Relationship" source="id-039c03f9" target="bea512b6">
          <style>
            <lineColor r="0" g="0" b="0" />
            <font name="Lucida Grande" size="12">
              <color r="255" g="0" b="0" />
            </font>
          </style>
        </connection>
        <connection identifier="c70ea1df" relationshipRef="de6d64db" xsi:type="Relationship" source="id-9ece35cb" target="id-039c03f9">
          <style>
            <lineColor r="128" g="128" b="128" />
            <font name="Lucida Grande" size="12">
              <color r="0" g="0" b="0" />
            </font>
          </style>
        </connection>
        <connection identifier="ced6db6f" relationshipRef="id-1d3aa448" xsi:type="Relationship" source="id-965f4fc8" target="id-039c03f9">
          <style>
            <lineColor r="128" g="128" b="128" />
            <font name="Lucida Grande" size="12">
              <color r="0" g="0" b="0" />
            </font>
          </style>
          <bendpoint x="480" y="405" />
        </connection>
        <connection identifier="c2930201" relationshipRef="id-6d89a065" xsi:type="Relationship" source="id-18f9d853" target="b94749e0">
          <style>
            <lineColor r="0" g="0" b="0" />
            <font name="Lucida Grande" size="12">
              <color r="255" g="0" b="0" />
            </font>
          </style>
        </connection>
        <connection identifier="id-0164a917" relationshipRef="id-7447938c" xsi:type="Relationship" source="cdbd1638" target="dab6be2f">
          <style>
            <lineColor r="0" g="0" b="0" />
            <font name="Lucida Grande" size="12">
              <color r="255" g="0" b="0" />
            </font>
          </style>
        </connection>
        <connection identifier="id-7ba5b175" xsi:type="Line" source="id-95453e3c" target="a7305b9a">
          <style>
            <lineColor r="0" g="0" b="0" />
            <font name="Lucida Grande" size="12">
              <color r="0" g="0" b="0" />
            </font>
          </style>
        </connection>
        <connection identifier="id-510506d0" xsi:type="Line" source="eeaa90a7" target="e4f3362d">
          <style>
            <lineColor r="0" g="0" b="0" />
            <font name="Lucida Grande" size="12">
              <color r="0" g="0" b="0" />
            </font>
          </style>
        </connection>
        <connection identifier="c7821bc5" xsi:type="Line" source="dacdaf75" target="b9cb9f9c">
          <style>
            <lineColor r="0" g="0" b="0" />
            <font name="Lucida Grande" size="12">
              <color r="0" g="0" b="0" />
            </font>
          </style>
        </connection>
        <connection identifier="id-4fe01959" xsi:type="Line" source="id-11b91207" target="b9cb9f9c">
          <style>
            <lineColor r="0" g="0" b="0" />
            <font name="Lucida Grande" size="12">
              <color r="0" g="0" b="0" />
            </font>
          </style>
        </connection>
      </view>
      <view identifier="id-50770890-9c0b-4018-92f0-b7839cef5575" xsi:type="Diagram">
        <name>1 Name</name>
        <node identifier="c69c4dd5" elementRef="c98a1d9a" xsi:type="Element" x="120" y="230" w="120" h="55">
          <style>
            <fillColor r="255" g="255" b="181" a="100" />
            <lineColor r="92" g="92" b="92" a="100" />
            <font name="Lucida Grande" size="12">
              <color r="0" g="0" b="0" />
            </font>
          </style>
        </node>
        <node identifier="id-54a4f93f" elementRef="id-3a74ac38" xsi:type="Element" x="483" y="230" w="120" h="55">
          <style>
            <fillColor r="255" g="255" b="181" a="100" />
            <lineColor r="92" g="92" b="92" a="100" />
            <font name="Lucida Grande" size="12">
              <color r="0" g="0" b="0" />
            </font>
          </style>
        </node>
        <connection identifier="id-41db2adf" relationshipRef="id-6f8fb952" xsi:type="Relationship" source="c69c4dd5" target="id-54a4f93f">
          <style>
            <lineColor r="0" g="0" b="0" />
            <font name="Lucida Grande" size="12">
              <color r="255" g="0" b="0" />
            </font>
          </style>
          <bendpoint x="369" y="277" />
        </connection>
        <connection identifier="id-49dec525" relationshipRef="id-805b4a25" xsi:type="Relationship" source="c69c4dd5" target="id-54a4f93f">
          <style>
            <lineColor r="0" g="0" b="0" />
            <font name="Lucida Grande" size="12">
              <color r="255" g="0" b="0" />
            </font>
          </style>
          <bendpoint x="364" y="242" />
        </connection>
      </view>
      <view identifier="fbe25313-3929-48cb-8908-feef364ad432" xsi:type="Diagram">
        <name>2 Identification Scheme</name>
        <node identifier="id-18113770" elementRef="c98a1d9a" xsi:type="Element" x="207" y="419" w="120" h="55">
          <style>
            <fillColor r="255" g="255" b="181" a="100" />
            <lineColor r="92" g="92" b="92" a="100" />
            <font name="Lucida Grande" size="12">
              <color r="0" g="0" b="0" />
            </font>
          </style>
        </node>
        <node identifier="id-4ef512d7" elementRef="id-3a74ac38" xsi:type="Element" x="487" y="578" w="120" h="55">
          <style>
            <fillColor r="255" g="255" b="181" a="100" />
            <lineColor r="92" g="92" b="92" a="100" />
            <font name="Lucida Grande" size="12">
              <color r="0" g="0" b="0" />
            </font>
          </style>
        </node>
        <node identifier="cf0bc710" elementRef="id-0fd614b2" xsi:type="Element" x="480" y="419" w="120" h="55">
          <style>
            <fillColor r="255" g="255" b="181" a="100" />
            <lineColor r="92" g="92" b="92" a="100" />
            <font name="Lucida Grande" size="12">
              <color r="0" g="0" b="0" />
            </font>
          </style>
        </node>
        <node identifier="id-525223c5" elementRef="db359fe8" xsi:type="Element" x="772" y="419" w="120" h="55">
          <style>
            <fillColor r="255" g="255" b="181" a="100" />
            <lineColor r="92" g="92" b="92" a="100" />
            <font name="Lucida Grande" size="12">
              <color r="0" g="0" b="0" />
            </font>
          </style>
        </node>
        <node identifier="id-6a83e9a1" elementRef="id-0ecb9d8b" xsi:type="Element" x="487" y="218" w="200" h="66">
          <style>
            <fillColor r="204" g="204" b="255" a="100" />
            <lineColor r="92" g="92" b="92" a="100" />
            <font name="Lucida Grande" size="12">
              <color r="0" g="0" b="0" />
            </font>
          </style>
        </node>
        <node identifier="fc728c3f" elementRef="id-14be4610" xsi:type="Element" x="487" y="315" w="200" h="66">
          <style>
            <fillColor r="204" g="204" b="255" a="100" />
            <lineColor r="92" g="92" b="92" a="100" />
            <font name="Lucida Grande" size="12">
              <color r="0" g="0" b="0" />
            </font>
          </style>
        </node>
        <connection identifier="id-072a2291" relationshipRef="bd084ccf" xsi:type="Relationship" source="cf0bc710" target="id-4ef512d7">
          <style>
            <lineColor r="0" g="0" b="0" />
            <font name="Lucida Grande" size="12">
              <color r="255" g="0" b="0" />
            </font>
          </style>
        </connection>
        <connection identifier="id-45bc3788" relationshipRef="id-5183619e" xsi:type="Relationship" source="cf0bc710" target="id-18113770">
          <style>
            <lineColor r="0" g="0" b="0" />
            <font name="Lucida Grande" size="12">
              <color r="255" g="0" b="0" />
            </font>
          </style>
        </connection>
        <connection identifier="id-866d46ad" relationshipRef="c6c6be96" xsi:type="Relationship" source="cf0bc710" target="id-525223c5">
          <style>
            <lineColor r="0" g="0" b="0" />
            <font name="Lucida Grande" size="12">
              <color r="255" g="0" b="0" />
            </font>
          </style>
        </connection>
        <connection identifier="e4ce334a" relationshipRef="de6d64db" xsi:type="Relationship" source="id-6a83e9a1" target="cf0bc710">
          <style>
            <lineColor r="128" g="128" b="128" />
            <font name="Lucida Grande" size="12">
              <color r="0" g="0" b="0" />
            </font>
          </style>
        </connection>
        <connection identifier="b0b291e9" relationshipRef="id-1d3aa448" xsi:type="Relationship" source="fc728c3f" target="cf0bc710">
          <style>
            <lineColor r="128" g="128" b="128" />
            <font name="Lucida Grande" size="12">
              <color r="0" g="0" b="0" />
            </font>
          </style>
          <bendpoint x="587" y="398" />
        </connection>
      </view>
      <view identifier="id-3a6be140-1f16-45d0-9590-1b4224327aae" xsi:type="Diagram">
        <name>3 Object Merge</name>
        <node identifier="e76ae013" xsi:type="Label" x="130" y="1097" w="509" h="348">
          <label>object merge strategy: Essence and it's Appearances</label>
          <style>
            <fillColor r="255" g="255" b="255" a="100" />
            <lineColor r="92" g="92" b="92" a="100" />
            <font name="Lucida Grande" size="12">
              <color r="255" g="0" b="0" />
            </font>
          </style>
        </node>
        <node identifier="id-905c115b" xsi:type="Label" x="130" y="664" w="509" h="348">
          <label>object merge strategy: &#xD;
superseeding</label>
          <style>
            <fillColor r="255" g="255" b="255" a="100" />
            <lineColor r="92" g="92" b="92" a="100" />
            <font name="Lucida Grande" size="12">
              <color r="255" g="0" b="0" />
            </font>
          </style>
        </node>
        <node identifier="id-2121c44a" xsi:type="Label" x="130" y="239" w="509" h="348">
          <label>object merge strategy: &#xD;
copy and replace</label>
          <style>
            <fillColor r="255" g="255" b="255" a="100" />
            <lineColor r="92" g="92" b="92" a="100" />
            <font name="Lucida Grande" size="12">
              <color r="255" g="0" b="0" />
            </font>
          </style>
        </node>
        <node identifier="e0ecdd54" elementRef="id-6dc9d92e" xsi:type="Element" x="160" y="724" w="253" h="251">
          <style>
            <fillColor r="255" g="255" b="181" a="100" />
            <lineColor r="92" g="92" b="92" a="100" />
            <font name="Lucida Grande" size="12">
              <color r="0" g="0" b="0" />
            </font>
          </style>
          <node identifier="a324a619" elementRef="id-2424d6a1" xsi:type="Element" x="233" y="769" w="120" h="55">
            <style>
              <fillColor r="255" g="255" b="181" a="100" />
              <lineColor r="92" g="92" b="92" a="100" />
              <font name="Lucida Grande" size="12">
                <color r="0" g="0" b="0" />
              </font>
            </style>
          </node>
          <node identifier="id-0c38d5d0" elementRef="fcc2566f" xsi:type="Element" x="233" y="909" w="120" h="55">
            <style>
              <fillColor r="255" g="255" b="181" a="100" />
              <lineColor r="92" g="92" b="92" a="100" />
              <font name="Lucida Grande" size="12">
                <color r="0" g="0" b="0" />
              </font>
            </style>
          </node>
        </node>
        <node identifier="id-32a4130e" elementRef="f3985be6" xsi:type="Element" x="180" y="1154" w="120" h="55">
          <style>
            <fillColor r="255" g="255" b="181" a="100" />
            <lineColor r="92" g="92" b="92" a="100" />
            <font name="Lucida Grande" size="12">
              <color r="0" g="0" b="0" />
            </font>
          </style>
        </node>
        <node identifier="id-837737cc" elementRef="ea04323a" xsi:type="Element" x="440" y="1154" w="120" h="55">
          <style>
            <fillColor r="255" g="255" b="181" a="100" />
            <lineColor r="92" g="92" b="92" a="100" />
            <font name="Lucida Grande" size="12">
              <color r="0" g="0" b="0" />
            </font>
          </style>
        </node>
        <node identifier="id-80797f9f" elementRef="id-9588b479" xsi:type="Element" x="180" y="304" w="120" h="55">
          <style>
            <fillColor r="255" g="255" b="181" a="100" />
            <lineColor r="92" g="92" b="92" a="100" />
            <font name="Lucida Grande" size="12">
              <color r="0" g="0" b="0" />
            </font>
          </style>
        </node>
        <node identifier="a4f573ee" xsi:type="Label" x="179" y="429" w="120" h="55">
          <label>object instance 1 &#xD;
(ID 1)</label>
          <style>
            <fillColor r="192" g="192" b="192" a="100" />
            <lineColor r="92" g="92" b="92" a="100" />
            <font name="Lucida Grande" size="12">
              <color r="255" g="255" b="255" />
            </font>
          </style>
        </node>
        <node identifier="id-9bf9dd2d" xsi:type="Label" x="492" y="429" w="124" h="55">
          <label>object instance 2 &#xD;
(ID 2)</label>
          <style>
            <fillColor r="0" g="0" b="0" a="100" />
            <lineColor r="92" g="92" b="92" a="100" />
            <font name="Lucida Grande" size="12">
              <color r="255" g="255" b="255" />
            </font>
          </style>
        </node>
        <node identifier="id-610b9513" xsi:type="Label" x="482" y="904" w="120" h="55">
          <label>object instance 1 &#xD;
(ID 1)</label>
          <style>
            <fillColor r="0" g="0" b="0" a="100" />
            <lineColor r="92" g="92" b="92" a="100" />
            <font name="Lucida Grande" size="12">
              <color r="255" g="255" b="255" />
            </font>
          </style>
        </node>
        <node identifier="id-483b31db" xsi:type="Label" x="480" y="769" w="124" h="55">
          <label>object instance 2 &#xD;
(ID 2)</label>
          <style>
            <fillColor r="0" g="0" b="0" a="100" />
            <lineColor r="92" g="92" b="92" a="100" />
            <font name="Lucida Grande" size="12">
              <color r="255" g="255" b="255" />
            </font>
          </style>
        </node>
        <node identifier="id-81982453" xsi:type="Label" x="438" y="1369" w="120" h="55">
          <label>object instance 1 &#xD;
(ID 1)</label>
          <style>
            <fillColor r="0" g="0" b="0" a="100" />
            <lineColor r="92" g="92" b="92" a="100" />
            <font name="Lucida Grande" size="12">
              <color r="255" g="255" b="255" />
            </font>
          </style>
        </node>
        <node identifier="c96f06c1" xsi:type="Label" x="438" y="1249" w="124" h="55">
          <label>object instance 2 &#xD;
(ID 2)</label>
          <style>
            <fillColor r="0" g="0" b="0" a="100" />
            <lineColor r="92" g="92" b="92" a="100" />
            <font name="Lucida Grande" size="12">
              <color r="255" g="255" b="255" />
            </font>
          </style>
        </node>
        <node identifier="f84b5e74" xsi:type="Label" x="205" y="1315" w="124" h="55">
          <label>object essence</label>
          <style>
            <fillColor r="0" g="0" b="0" a="100" />
            <lineColor r="92" g="92" b="92" a="100" />
            <font name="Lucida Grande" size="12">
              <color r="255" g="255" b="255" />
            </font>
          </style>
        </node>
        <connection identifier="id-878171d4" relationshipRef="id-6d89a065" xsi:type="Relationship" source="id-0c38d5d0" target="a324a619">
          <style>
            <lineColor r="0" g="0" b="0" />
            <font name="Lucida Grande" size="12">
              <color r="255" g="0" b="0" />
            </font>
          </style>
        </connection>
        <connection identifier="f0d2c9bf" relationshipRef="id-7447938c" xsi:type="Relationship" source="id-837737cc" target="id-32a4130e">
          <style>
            <lineColor r="0" g="0" b="0" />
            <font name="Lucida Grande" size="12">
              <color r="255" g="0" b="0" />
            </font>
          </style>
        </connection>
        <connection identifier="id-17b1b6a4" xsi:type="Line" source="a4f573ee" target="id-9bf9dd2d">
          <style>
            <lineColor r="0" g="0" b="0" />
            <font name="Lucida Grande" size="12">
              <color r="0" g="0" b="0" />
            </font>
          </style>
        </connection>
        <connection identifier="id-3d74fd81" xsi:type="Line" source="id-610b9513" target="id-483b31db">
          <style>
            <lineColor r="0" g="0" b="0" />
            <font name="Lucida Grande" size="12">
              <color r="0" g="0" b="0" />
            </font>
          </style>
        </connection>
        <connection identifier="id-44b31193" xsi:type="Line" source="id-81982453" target="f84b5e74">
          <style>
            <lineColor r="0" g="0" b="0" />
            <font name="Lucida Grande" size="12">
              <color r="0" g="0" b="0" />
            </font>
          </style>
        </connection>
        <connection identifier="id-82b5866d" xsi:type="Line" source="c96f06c1" target="f84b5e74">
          <style>
            <lineColor r="0" g="0" b="0" />
            <font name="Lucida Grande" size="12">
              <color r="0" g="0" b="0" />
            </font>
          </style>
        </connection>
      </view>
      <view identifier="id-862528e3-ef31-495f-83c6-9c65bd9253bc" xsi:type="Diagram">
        <name>4 Object Equivalence</name>
        <node identifier="id-90532ff7" elementRef="id-86d62dd0" xsi:type="Element" x="110" y="313" w="120" h="55">
          <style>
            <fillColor r="255" g="255" b="181" a="100" />
            <lineColor r="92" g="92" b="92" a="100" />
            <font name="Lucida Grande" size="12">
              <color r="0" g="0" b="0" />
            </font>
          </style>
        </node>
        <node identifier="id-4f4e196d" elementRef="id-4f2bc933" xsi:type="Element" x="394" y="313" w="120" h="55">
          <style>
            <fillColor r="255" g="255" b="181" a="100" />
            <lineColor r="92" g="92" b="92" a="100" />
            <font name="Lucida Grande" size="12">
              <color r="0" g="0" b="0" />
            </font>
          </style>
        </node>
        <node identifier="id-9204eeb0" elementRef="id-994eb0d0" xsi:type="Element" x="690" y="313" w="120" h="55">
          <style>
            <fillColor r="255" g="255" b="181" a="100" />
            <lineColor r="92" g="92" b="92" a="100" />
            <font name="Lucida Grande" size="12">
              <color r="0" g="0" b="0" />
            </font>
          </style>
        </node>
        <node identifier="id-09e6544c" xsi:type="Label" x="394" y="210" w="185" h="80">
          <label>link showing that the two objects are actually the same in terms of the different parties</label>
          <style>
            <fillColor r="255" g="255" b="255" a="100" />
            <lineColor r="92" g="92" b="92" a="100" />
            <font name="Lucida Grande" size="12">
              <color r="255" g="0" b="0" />
            </font>
          </style>
        </node>
        <connection identifier="id-42745a45" relationshipRef="ae990043" xsi:type="Relationship" source="id-4f4e196d" target="id-90532ff7">
          <style>
            <lineColor r="0" g="0" b="0" />
            <font name="Lucida Grande" size="12">
              <color r="255" g="0" b="0" />
            </font>
          </style>
        </connection>
        <connection identifier="id-3581c256" relationshipRef="id-76c97952" xsi:type="Relationship" source="id-4f4e196d" target="id-9204eeb0">
          <style>
            <lineColor r="0" g="0" b="0" />
            <font name="Lucida Grande" size="12">
              <color r="255" g="0" b="0" />
            </font>
          </style>
        </connection>
      </view>
    </diagrams>
  </views>
</model>
