<?xml version="1.0" encoding="UTF-8"?><model xmlns="http://www.opengroup.org/xsd/archimate/3.0/" xmlns:xsi="http://www.w3.org/2001/XMLSchema-instance" identifier="_P9TPcGUoEeqK2M3E1LfZ7Q">  <name xml:lang="en">CU20</name>  <elements>    <element xsi:type="ApplicationComponent" identifier="_9GX5cPeJEDeB3fe8sUTDyQ">      <name xml:lang="en">CU20 Captura</name>      <documentation/>    </element>    <element xsi:type="ApplicationComponent" identifier="__n4M4PeJEDeB3fe8sUTDyQ">      <name xml:lang="en">CU20 Admin</name>      <documentation/>    </element>    <element xsi:type="ApplicationComponent" identifier="_CJOvUfeKEDeB3fe8sUTDyQ">      <name xml:lang="en">CU20 API</name>      <documentation/>    </element>    <element xsi:type="ApplicationComponent" identifier="_IRV9EfeKEDeB3fe8sUTDyQ">      <name xml:lang="en">Sistema contable</name>      <documentation/>    </element>    <element xsi:type="ApplicationComponent" identifier="_LedZUfeKEDeB3fe8sUTDyQ">      <name xml:lang="en">Sistema de gestión de inventario</name>      <documentation/>    </element>    <element xsi:type="ApplicationComponent" identifier="_Nb4vUfeKEDeB3fe8sUTDyQ">      <name xml:lang="en">Sistema de gestión de pedidos</name>      <documentation/>    </element>    <element xsi:type="Artifact" identifier="_XHsGQfeKEDeB3fe8sUTDyQ">      <name xml:lang="en">MVC ASP.NET Web Application</name>      <documentation/>    </element>    <element xsi:type="SystemSoftware" identifier="_zQRhkfeKEDeB3fe8sUTDyQ">      <name xml:lang="en">IBM Websphere Portal 8.0</name>      <documentation/>    </element>    <element xsi:type="Node" identifier="_04kVEfeKEDeB3fe8sUTDyQ">      <name xml:lang="en">Node</name>      <documentation/>    </element>    <element xsi:type="CommunicationNetwork" identifier="_2YDK0feKEDeB3fe8sUTDyQ">      <name xml:lang="en">Network</name>      <documentation/>    </element>    <element xsi:type="Artifact" identifier="_MX3REPeLEDeB3fe8sUTDyQ">      <name xml:lang="en">ASP.NET Core API REST</name>      <documentation/>    </element>    <element xsi:type="Node" identifier="_PmM1UPeLEDeB3fe8sUTDyQ">      <name xml:lang="en">Servidor de aplicaciones Windows Server 2015</name>      <documentation/>    </element>    <element xsi:type="SystemSoftware" identifier="_SDNDQfeLEDeB3fe8sUTDyQ">      <name xml:lang="en">Internet Information Server 7</name>      <documentation/>    </element>    <element xsi:type="Node" identifier="_Y_DbEPeLEDeB3fe8sUTDyQ">      <name xml:lang="en">Servidor de aplicaciones Windows Server 2015</name>      <documentation/>    </element>    <element xsi:type="SystemSoftware" identifier="_Z3Uf0feLEDeB3fe8sUTDyQ">      <name xml:lang="en">Internet Information Server 7</name>      <documentation/>    </element>    <element xsi:type="Artifact" identifier="_jY0rQfeLEDeB3fe8sUTDyQ">      <name xml:lang="en">DB Engine</name>      <documentation/>    </element>    <element xsi:type="Node" identifier="_uzkQQfeLEDeB3fe8sUTDyQ">      <name xml:lang="en">Servidor de Base de Datos</name>      <documentation/>    </element>    <element xsi:type="SystemSoftware" identifier="_vluF8feLEDeB3fe8sUTDyQ">      <name xml:lang="en">SQL Server 2015</name>      <documentation/>    </element>    <element xsi:type="Node" identifier="_70gXAfeLEDeB3fe8sUTDyQ">      <name xml:lang="en">Servidor de aplicaciones - Redhat Enterprise Linux 5</name>      <documentation/>    </element>    <element xsi:type="SystemSoftware" identifier="_89mGAfeLEDeB3fe8sUTDyQ">      <name xml:lang="en">Compiere 3.4 Enterprise Edition (ERP)</name>      <documentation/>    </element>    <element xsi:type="ApplicationComponent" identifier="_GQmicfeMEDeB3fe8sUTDyQ">      <name xml:lang="en">Sistema de gestión de envíos</name>      <documentation/>    </element>    <element xsi:type="ApplicationComponent" identifier="_JTqq0feMEDeB3fe8sUTDyQ">      <name xml:lang="en">Sistema de gestión de producción</name>      <documentation/>    </element>    <element xsi:type="ApplicationComponent" identifier="_LOzh0feMEDeB3fe8sUTDyQ">      <name xml:lang="en">Sistema de gestión de ventas</name>      <documentation/>    </element>    <element xsi:type="ApplicationComponent" identifier="_PGGjgfeMEDeB3fe8sUTDyQ">      <name xml:lang="en">CRM</name>      <documentation/>    </element>    <element xsi:type="ApplicationComponent" identifier="_QQX-QfeMEDeB3fe8sUTDyQ">      <name xml:lang="en">Portal empleados</name>      <documentation/>    </element>    <element xsi:type="Node" identifier="_kZGAAfeMEDeB3fe8sUTDyQ">      <name xml:lang="en">Servidor de aplicaciones Windows Server 2015</name>      <documentation/>    </element>    <element xsi:type="SystemSoftware" identifier="_kvFeIfeMEDeB3fe8sUTDyQ">      <name xml:lang="en">Windows Service Host</name>      <documentation/>    </element>    <element xsi:type="Artifact" identifier="_qaPDEfeMEDeB3fe8sUTDyQ">      <name xml:lang="en">.NET Core Console Application</name>      <documentation/>    </element>    <element xsi:type="ApplicationComponent" identifier="_s8XBkfeMEDeB3fe8sUTDyQ">      <name xml:lang="en">Transformer (Importador)</name>      <documentation/>    </element>    <element xsi:type="ApplicationComponent" identifier="_wD8dkPeMEDeB3fe8sUTDyQ">      <name xml:lang="en">Generador de Catalogos (Exportador)</name>      <documentation/>    </element>    <element xsi:type="Node" identifier="_IdAOEEkZEDiTSNg-Ix8jTQ">      <name xml:lang="en">Servidor de Base de Datos</name>      <documentation/>    </element>    <element xsi:type="SystemSoftware" identifier="_IdAOEkkZEDiTSNg-Ix8jTQ">      <name xml:lang="en">SQL Server 2015</name>      <documentation/>    </element>    <element xsi:type="BusinessObject" identifier="_MM94sUkZEDiTSNg-Ix8jTQ">      <name xml:lang="en">Object</name>      <documentation/>    </element>    <element xsi:type="ApplicationInterface" identifier="_e-RbkUkZEDiTSNg-Ix8jTQ">      <name xml:lang="en">Interface</name>      <documentation/>    </element>    <element xsi:type="Node" identifier="_gtZ24UkZEDiTSNg-Ix8jTQ">      <name xml:lang="en">DB CLUSTER - CU20 ;  APISEG</name>      <documentation/>    </element>    <element xsi:type="Node" identifier="_pPlTUEkZEDiTSNg-Ix8jTQ">      <name xml:lang="en">DB CLUSTER - CU20 SNAPSHOT</name>      <documentation/>    </element>    <element xsi:type="Node" identifier="_pPlTUkkZEDiTSNg-Ix8jTQ">      <name xml:lang="en">Servidor de Base de Datos</name>      <documentation/>    </element>    <element xsi:type="SystemSoftware" identifier="_pPlTVEkZEDiTSNg-Ix8jTQ">      <name xml:lang="en">SQL Server 2015</name>      <documentation/>    </element>    <element xsi:type="Node" identifier="_pPlTVkkZEDiTSNg-Ix8jTQ">      <name xml:lang="en">Servidor de Base de Datos</name>      <documentation/>    </element>    <element xsi:type="SystemSoftware" identifier="_pPl6YUkZEDiTSNg-Ix8jTQ">      <name xml:lang="en">SQL Server 2015</name>      <documentation/>    </element>    <element xsi:type="Node" identifier="_Muu3EEkbEDiTSNg-Ix8jTQ">      <name xml:lang="en">Servidor de aplicaciones Windows Server 2015</name>      <documentation/>    </element>    <element xsi:type="SystemSoftware" identifier="_Muu3EkkbEDiTSNg-Ix8jTQ">      <name xml:lang="en">Internet Information Server 7</name>      <documentation/>    </element>    <element xsi:type="Node" identifier="_PucwgEkbEDiTSNg-Ix8jTQ">      <name xml:lang="en">LOAD BALANCE</name>      <documentation></documentation>    </element>    <element xsi:type="Node" identifier="_aautAEkbEDiTSNg-Ix8jTQ">      <name xml:lang="en">LOAD BALANCE</name>      <documentation/>    </element>    <element xsi:type="Node" identifier="_aavUEEkbEDiTSNg-Ix8jTQ">      <name xml:lang="en">Servidor de aplicaciones Windows Server 2015</name>      <documentation/>    </element>    <element xsi:type="SystemSoftware" identifier="_aavUEkkbEDiTSNg-Ix8jTQ">      <name xml:lang="en">Internet Information Server 7</name>      <documentation/>    </element>    <element xsi:type="Node" identifier="_aavUFEkbEDiTSNg-Ix8jTQ">      <name xml:lang="en">Servidor de aplicaciones Windows Server 2015</name>      <documentation/>    </element>    <element xsi:type="SystemSoftware" identifier="_aavUFkkbEDiTSNg-Ix8jTQ">      <name xml:lang="en">Internet Information Server 7</name>      <documentation/>    </element>    <element xsi:type="Artifact" identifier="_aavUGEkbEDiTSNg-Ix8jTQ">      <name xml:lang="en">MVC ASP.NET Web Application</name>      <documentation/>    </element>    <element xsi:type="ApplicationComponent" identifier="_TPk4cEkcEDiTSNg-Ix8jTQ">      <name xml:lang="en">APISEG</name>      <documentation/>    </element>    <element xsi:type="Node" identifier="_FgDrEEk1EDiTSNg-Ix8jTQ">      <name xml:lang="en">Cluster DB - CU20 ;  APISEG</name>      <documentation/>    </element>    <element xsi:type="Node" identifier="_FgDrEkk1EDiTSNg-Ix8jTQ">      <name xml:lang="en">Servidor de Base de Datos</name>      <documentation/>    </element>    <element xsi:type="SystemSoftware" identifier="_FgDrFEk1EDiTSNg-Ix8jTQ">      <name xml:lang="en">SQL Server 2015</name>      <documentation/>    </element>    <element xsi:type="Node" identifier="_FgESIEk1EDiTSNg-Ix8jTQ">      <name xml:lang="en">Servidor de Base de Datos</name>      <documentation/>    </element>    <element xsi:type="SystemSoftware" identifier="_FgESIkk1EDiTSNg-Ix8jTQ">      <name xml:lang="en">SQL Server 2015</name>      <documentation/>    </element>    <element xsi:type="Node" identifier="_HOSHcEk1EDiTSNg-Ix8jTQ">      <name xml:lang="en">MEDIA SERVER</name>      <documentation/>    </element>    <element xsi:type="SystemSoftware" identifier="_HOSugUk1EDiTSNg-Ix8jTQ">      <name xml:lang="en">FileSystem</name>      <documentation/>    </element>    <element xsi:type="Node" identifier="_0CrYwUk1EDiTSNg-Ix8jTQ">      <name xml:lang="en">Web Server</name>      <documentation/>    </element>    <element xsi:type="Artifact" identifier="_iEf0kEk4EDiTSNg-Ix8jTQ">      <name xml:lang="en">ASP.NET API REST</name>      <documentation/>    </element>  </elements>  <relationships>    <relationship xsi:type="Realization" identifier="_rkwAU_eKEDeB3fe8sUTDyQ" source="_XHsGQfeKEDeB3fe8sUTDyQ" target="__n4M4PeJEDeB3fe8sUTDyQ">      <name xml:lang="en"/>      <documentation/>    </relationship>    <relationship xsi:type="Realization" identifier="_tLetk_eKEDeB3fe8sUTDyQ" source="_XHsGQfeKEDeB3fe8sUTDyQ" target="_9GX5cPeJEDeB3fe8sUTDyQ">      <name xml:lang="en"/>      <documentation/>    </relationship>    <relationship xsi:type="Composition" identifier="_2LMakfeKEDeB3fe8sUTDyQ" source="_zQRhkfeKEDeB3fe8sUTDyQ" target="_04kVEfeKEDeB3fe8sUTDyQ">      <name xml:lang="en"/>      <documentation/>    </relationship>    <relationship xsi:type="Composition" identifier="_4WhCo_eKEDeB3fe8sUTDyQ" source="_04kVEfeKEDeB3fe8sUTDyQ" target="_zQRhkfeKEDeB3fe8sUTDyQ">      <name xml:lang="en"/>      <documentation/>    </relationship>    <relationship xsi:type="Assignment" identifier="_J9ti0veLEDeB3fe8sUTDyQ" source="_zQRhkfeKEDeB3fe8sUTDyQ" target="_XHsGQfeKEDeB3fe8sUTDyQ">      <name xml:lang="en"/>      <documentation/>    </relationship>    <relationship xsi:type="Realization" identifier="_O1kCkfeLEDeB3fe8sUTDyQ" source="_MX3REPeLEDeB3fe8sUTDyQ" target="_CJOvUfeKEDeB3fe8sUTDyQ">      <name xml:lang="en"/>      <documentation/>    </relationship>    <relationship xsi:type="Composition" identifier="_SDO4cPeLEDeB3fe8sUTDyQ" source="_PmM1UPeLEDeB3fe8sUTDyQ" target="_SDNDQfeLEDeB3fe8sUTDyQ">      <name xml:lang="en"/>      <documentation/>    </relationship>    <relationship xsi:type="Composition" identifier="_Z3Vt9veLEDeB3fe8sUTDyQ" source="_Y_DbEPeLEDeB3fe8sUTDyQ" target="_Z3Uf0feLEDeB3fe8sUTDyQ">      <name xml:lang="en"/>      <documentation/>    </relationship>    <relationship xsi:type="Assignment" identifier="_ejIusfeLEDeB3fe8sUTDyQ" source="_Z3Uf0feLEDeB3fe8sUTDyQ" target="_XHsGQfeKEDeB3fe8sUTDyQ">      <name xml:lang="en"/>      <documentation/>    </relationship>    <relationship xsi:type="Assignment" identifier="_g9w-EveLEDeB3fe8sUTDyQ" source="_SDNDQfeLEDeB3fe8sUTDyQ" target="_MX3REPeLEDeB3fe8sUTDyQ">      <name xml:lang="en"/>      <documentation/>    </relationship>    <relationship xsi:type="Composition" identifier="_vlyXYPeLEDeB3fe8sUTDyQ" source="_uzkQQfeLEDeB3fe8sUTDyQ" target="_vluF8feLEDeB3fe8sUTDyQ">      <name xml:lang="en"/>      <documentation/>    </relationship>    <relationship xsi:type="Assignment" identifier="_6s4nofeLEDeB3fe8sUTDyQ" source="_vluF8feLEDeB3fe8sUTDyQ" target="_jY0rQfeLEDeB3fe8sUTDyQ">      <name xml:lang="en"/>      <documentation/>    </relationship>    <relationship xsi:type="Composition" identifier="_89n7MveLEDeB3fe8sUTDyQ" source="_70gXAfeLEDeB3fe8sUTDyQ" target="_89mGAfeLEDeB3fe8sUTDyQ">      <name xml:lang="en"/>      <documentation/>    </relationship>    <relationship xsi:type="Association" identifier="_WJTgg_eMEDeB3fe8sUTDyQ" source="_GQmicfeMEDeB3fe8sUTDyQ" target="_89mGAfeLEDeB3fe8sUTDyQ">      <name xml:lang="en"/>      <documentation/>    </relationship>    <relationship xsi:type="Association" identifier="_aBwYwPeMEDeB3fe8sUTDyQ" source="_JTqq0feMEDeB3fe8sUTDyQ" target="_89mGAfeLEDeB3fe8sUTDyQ">      <name xml:lang="en"/>      <documentation/>    </relationship>    <relationship xsi:type="Association" identifier="_asewwveMEDeB3fe8sUTDyQ" source="_QQX-QfeMEDeB3fe8sUTDyQ" target="_89mGAfeLEDeB3fe8sUTDyQ">      <name xml:lang="en"/>      <documentation/>    </relationship>    <relationship xsi:type="Association" identifier="_bNLDAveMEDeB3fe8sUTDyQ" source="_PGGjgfeMEDeB3fe8sUTDyQ" target="_89mGAfeLEDeB3fe8sUTDyQ">      <name xml:lang="en"/>      <documentation/>    </relationship>    <relationship xsi:type="Association" identifier="_bjobM_eMEDeB3fe8sUTDyQ" source="_LOzh0feMEDeB3fe8sUTDyQ" target="_89mGAfeLEDeB3fe8sUTDyQ">      <name xml:lang="en"/>      <documentation/>    </relationship>    <relationship xsi:type="Association" identifier="_eJqCQ_eMEDeB3fe8sUTDyQ" source="_IRV9EfeKEDeB3fe8sUTDyQ" target="_89mGAfeLEDeB3fe8sUTDyQ">      <name xml:lang="en"/>      <documentation/>    </relationship>    <relationship xsi:type="Association" identifier="_eomBA_eMEDeB3fe8sUTDyQ" source="_LedZUfeKEDeB3fe8sUTDyQ" target="_89mGAfeLEDeB3fe8sUTDyQ">      <name xml:lang="en"/>      <documentation/>    </relationship>    <relationship xsi:type="Association" identifier="_fPPKQ_eMEDeB3fe8sUTDyQ" source="_Nb4vUfeKEDeB3fe8sUTDyQ" target="_89mGAfeLEDeB3fe8sUTDyQ">      <name xml:lang="en"/>      <documentation/>    </relationship>    <relationship xsi:type="Composition" identifier="_kvHTVPeMEDeB3fe8sUTDyQ" source="_kZGAAfeMEDeB3fe8sUTDyQ" target="_kvFeIfeMEDeB3fe8sUTDyQ">      <name xml:lang="en"/>      <documentation/>    </relationship>    <relationship xsi:type="Assignment" identifier="_yIhkcPeMEDeB3fe8sUTDyQ" source="_kvFeIfeMEDeB3fe8sUTDyQ" target="_qaPDEfeMEDeB3fe8sUTDyQ">      <name xml:lang="en"/>      <documentation/>    </relationship>    <relationship xsi:type="Flow" identifier="_0GPOUfeMEDeB3fe8sUTDyQ" source="_qaPDEfeMEDeB3fe8sUTDyQ" target="_s8XBkfeMEDeB3fe8sUTDyQ">      <name xml:lang="en"/>      <documentation/>    </relationship>    <relationship xsi:type="Flow" identifier="_0bvkQ_eMEDeB3fe8sUTDyQ" source="_qaPDEfeMEDeB3fe8sUTDyQ" target="_wD8dkPeMEDeB3fe8sUTDyQ">      <name xml:lang="en"/>      <documentation/>    </relationship>    <relationship xsi:type="Composition" identifier="_jXF18EkZEDiTSNg-Ix8jTQ" source="_gtZ24UkZEDiTSNg-Ix8jTQ" target="_IdAOEEkZEDiTSNg-Ix8jTQ">      <name xml:lang="en"/>      <documentation/>    </relationship>    <relationship xsi:type="Composition" identifier="_jXJgU0kZEDiTSNg-Ix8jTQ" source="_gtZ24UkZEDiTSNg-Ix8jTQ" target="_uzkQQfeLEDeB3fe8sUTDyQ">      <name xml:lang="en"/>      <documentation/>    </relationship>    <relationship xsi:type="Triggering" identifier="_ZprgAUkaEDiTSNg-Ix8jTQ" source="_9GX5cPeJEDeB3fe8sUTDyQ" target="_gtZ24UkZEDiTSNg-Ix8jTQ">      <name xml:lang="en"/>      <documentation/>    </relationship>    <relationship xsi:type="Triggering" identifier="_aPpT0UkaEDiTSNg-Ix8jTQ" source="__n4M4PeJEDeB3fe8sUTDyQ" target="_gtZ24UkZEDiTSNg-Ix8jTQ">      <name xml:lang="en"/>      <documentation/>    </relationship>    <relationship xsi:type="Triggering" identifier="_bBUBUUkaEDiTSNg-Ix8jTQ" source="_CJOvUfeKEDeB3fe8sUTDyQ" target="_gtZ24UkZEDiTSNg-Ix8jTQ">      <name xml:lang="en"/>      <documentation/>    </relationship>    <relationship xsi:type="Serving" identifier="_qp8jEUkaEDiTSNg-Ix8jTQ" source="_wD8dkPeMEDeB3fe8sUTDyQ" target="_pPlTUEkZEDiTSNg-Ix8jTQ">      <name xml:lang="en"/>      <documentation/>    </relationship>    <relationship xsi:type="Triggering" identifier="_8QimUkkaEDiTSNg-Ix8jTQ" source="_s8XBkfeMEDeB3fe8sUTDyQ" target="_gtZ24UkZEDiTSNg-Ix8jTQ">      <name xml:lang="en"/>      <documentation/>    </relationship>    <relationship xsi:type="Composition" identifier="_TfmG4UkbEDiTSNg-Ix8jTQ" source="_PucwgEkbEDiTSNg-Ix8jTQ" target="_Muu3EEkbEDiTSNg-Ix8jTQ">      <name xml:lang="en"/>      <documentation/>    </relationship>    <relationship xsi:type="Composition" identifier="_TfpxQ0kbEDiTSNg-Ix8jTQ" source="_PucwgEkbEDiTSNg-Ix8jTQ" target="_Y_DbEPeLEDeB3fe8sUTDyQ">      <name xml:lang="en"/>      <documentation/>    </relationship>    <relationship xsi:type="Assignment" identifier="_aavUGkkbEDiTSNg-Ix8jTQ" source="_aavUFkkbEDiTSNg-Ix8jTQ" target="_aavUGEkbEDiTSNg-Ix8jTQ">      <name xml:lang="en"/>      <documentation/>    </relationship>    <relationship xsi:type="Flow" identifier="_-xQaIUkbEDiTSNg-Ix8jTQ" source="_aautAEkbEDiTSNg-Ix8jTQ" target="_CJOvUfeKEDeB3fe8sUTDyQ">      <name xml:lang="en"/>      <documentation/>    </relationship>    <relationship xsi:type="Realization" identifier="_AbypU0kcEDiTSNg-Ix8jTQ" source="_PucwgEkbEDiTSNg-Ix8jTQ" target="_9GX5cPeJEDeB3fe8sUTDyQ">      <name xml:lang="en"/>      <documentation/>    </relationship>    <relationship xsi:type="Realization" identifier="_BGM4QUkcEDiTSNg-Ix8jTQ" source="_PucwgEkbEDiTSNg-Ix8jTQ" target="__n4M4PeJEDeB3fe8sUTDyQ">      <name xml:lang="en"/>      <documentation/>    </relationship>    <relationship xsi:type="Realization" identifier="_Bq45s0kcEDiTSNg-Ix8jTQ" source="_aautAEkbEDiTSNg-Ix8jTQ" target="_CJOvUfeKEDeB3fe8sUTDyQ">      <name xml:lang="en"/>      <documentation/>    </relationship>    <relationship xsi:type="Composition" identifier="_ABYncEkrEDiTSNg-Ix8jTQ" source="_aautAEkbEDiTSNg-Ix8jTQ" target="_aavUFEkbEDiTSNg-Ix8jTQ">      <name xml:lang="en"/>      <documentation/>    </relationship>    <relationship xsi:type="Composition" identifier="_BRY2w0krEDiTSNg-Ix8jTQ" source="_aautAEkbEDiTSNg-Ix8jTQ" target="_aavUEEkbEDiTSNg-Ix8jTQ">      <name xml:lang="en"/>      <documentation/>    </relationship>    <relationship xsi:type="Assignment" identifier="_4Z0xcUkwEDiTSNg-Ix8jTQ" source="_kZGAAfeMEDeB3fe8sUTDyQ" target="_qaPDEfeMEDeB3fe8sUTDyQ">      <name xml:lang="en"/>      <documentation/>    </relationship>    <relationship xsi:type="Flow" identifier="_zPePo0k0EDiTSNg-Ix8jTQ" source="_kZGAAfeMEDeB3fe8sUTDyQ" target="_s8XBkfeMEDeB3fe8sUTDyQ">      <name xml:lang="en"/>      <documentation/>    </relationship>    <relationship xsi:type="Triggering" identifier="_7wWEg0k0EDiTSNg-Ix8jTQ" source="_kZGAAfeMEDeB3fe8sUTDyQ" target="_s8XBkfeMEDeB3fe8sUTDyQ">      <name xml:lang="en"/>      <documentation/>    </relationship>    <relationship xsi:type="Realization" identifier="__Px_00k0EDiTSNg-Ix8jTQ" source="_kZGAAfeMEDeB3fe8sUTDyQ" target="_wD8dkPeMEDeB3fe8sUTDyQ">      <name xml:lang="en"/>      <documentation/>    </relationship>    <relationship xsi:type="Realization" identifier="__8nQoEk0EDiTSNg-Ix8jTQ" source="_kZGAAfeMEDeB3fe8sUTDyQ" target="_s8XBkfeMEDeB3fe8sUTDyQ">      <name xml:lang="en"/>      <documentation/>    </relationship>    <relationship xsi:type="Composition" identifier="_vDsWQ0k1EDiTSNg-Ix8jTQ" source="_HOSHcEk1EDiTSNg-Ix8jTQ" target="_HOSugUk1EDiTSNg-Ix8jTQ">      <name xml:lang="en"/>      <documentation/>    </relationship>    <relationship xsi:type="Composition" identifier="_0CzUmUk1EDiTSNg-Ix8jTQ" source="_HOSHcEk1EDiTSNg-Ix8jTQ" target="_0CrYwUk1EDiTSNg-Ix8jTQ">      <name xml:lang="en"/>      <documentation/>    </relationship>    <relationship xsi:type="Serving" identifier="_2RkSM0k1EDiTSNg-Ix8jTQ" source="_9GX5cPeJEDeB3fe8sUTDyQ" target="_HOSHcEk1EDiTSNg-Ix8jTQ">      <name xml:lang="en"/>      <documentation/>    </relationship>    <relationship xsi:type="Triggering" identifier="_3ZmRQ0k1EDiTSNg-Ix8jTQ" source="_9GX5cPeJEDeB3fe8sUTDyQ" target="_HOSHcEk1EDiTSNg-Ix8jTQ">      <name xml:lang="en"/>      <documentation/>    </relationship>    <relationship xsi:type="Realization" identifier="_fjIrEUk4EDiTSNg-Ix8jTQ" source="_aautAEkbEDiTSNg-Ix8jTQ" target="_TPk4cEkcEDiTSNg-Ix8jTQ">      <name xml:lang="en"/>      <documentation/>    </relationship>    <relationship xsi:type="Serving" identifier="_qyol0EtbEDixQJBI6Q3dYg" source="_gtZ24UkZEDiTSNg-Ix8jTQ" target="_pPlTUEkZEDiTSNg-Ix8jTQ">      <name xml:lang="en"/>      <documentation/>    </relationship>  </relationships>  <views>    <diagrams>      <view identifier="_4yv-4RVbEeqDmNBP3mfLQg">        <name xml:lang="en">archimate-diagram</name>        <node xsi:type="Element" identifier="_9GZHkPeJEDeB3fe8sUTDyQ" h="70" w="170" x="100" y="403" elementRef="_9GX5cPeJEDeB3fe8sUTDyQ"/>        <node xsi:type="Element" identifier="__n4z8PeJEDeB3fe8sUTDyQ" h="70" w="170" x="375" y="403" elementRef="__n4M4PeJEDeB3fe8sUTDyQ"/>        <node xsi:type="Element" identifier="_CJPWYveKEDeB3fe8sUTDyQ" h="60" w="130" x="849" y="387" elementRef="_CJOvUfeKEDeB3fe8sUTDyQ"/>        <node xsi:type="Element" identifier="_kZIcQPeMEDeB3fe8sUTDyQ" h="290" w="280" x="1140" y="594" elementRef="_kZGAAfeMEDeB3fe8sUTDyQ">          <node xsi:type="Element" identifier="_kvH6YPeMEDeB3fe8sUTDyQ" h="89" w="220" x="1165" y="763" elementRef="_kvFeIfeMEDeB3fe8sUTDyQ"/>          <node xsi:type="Element" identifier="_qaRfUfeMEDeB3fe8sUTDyQ" h="60" w="220" x="1165" y="687" elementRef="_qaPDEfeMEDeB3fe8sUTDyQ"/>        </node>        <node xsi:type="Element" identifier="_s8Y2z_eMEDeB3fe8sUTDyQ" h="60" w="130" x="1060" y="387" elementRef="_s8XBkfeMEDeB3fe8sUTDyQ"/>        <node xsi:type="Element" identifier="_wD9EoPeMEDeB3fe8sUTDyQ" h="60" w="140" x="1228" y="387" elementRef="_wD8dkPeMEDeB3fe8sUTDyQ"/>        <node xsi:type="Element" identifier="_gtdhS0kZEDiTSNg-Ix8jTQ" h="190" w="440" x="425" y="127" elementRef="_gtZ24UkZEDiTSNg-Ix8jTQ">          <node xsi:type="Element" identifier="_uzleZveLEDeB3fe8sUTDyQ" h="120" w="170" x="477" y="173" elementRef="_uzkQQfeLEDeB3fe8sUTDyQ">            <node xsi:type="Element" identifier="_vly-cPeLEDeB3fe8sUTDyQ" h="50" w="100" x="512" y="232" elementRef="_vluF8feLEDeB3fe8sUTDyQ"/>          </node>          <node xsi:type="Element" identifier="_IdAOFEkZEDiTSNg-Ix8jTQ" h="120" w="170" x="670" y="173" elementRef="_IdAOEEkZEDiTSNg-Ix8jTQ">            <node xsi:type="Element" identifier="_IdAOFUkZEDiTSNg-Ix8jTQ" h="50" w="100" x="705" y="232" elementRef="_IdAOEkkZEDiTSNg-Ix8jTQ"/>          </node>        </node>        <node xsi:type="Element" identifier="_pPl6Y0kZEDiTSNg-Ix8jTQ" h="190" w="440" x="895" y="127" elementRef="_pPlTUEkZEDiTSNg-Ix8jTQ">          <node xsi:type="Element" identifier="_pPl6ZEkZEDiTSNg-Ix8jTQ" h="120" w="170" x="1140" y="173" elementRef="_pPlTUkkZEDiTSNg-Ix8jTQ">            <node xsi:type="Element" identifier="_pPl6ZUkZEDiTSNg-Ix8jTQ" h="50" w="100" x="1175" y="232" elementRef="_pPlTVEkZEDiTSNg-Ix8jTQ"/>          </node>          <node xsi:type="Element" identifier="_pPl6ZkkZEDiTSNg-Ix8jTQ" h="120" w="170" x="947" y="173" elementRef="_pPlTVkkZEDiTSNg-Ix8jTQ">            <node xsi:type="Element" identifier="_pPl6Z0kZEDiTSNg-Ix8jTQ" h="50" w="100" x="982" y="232" elementRef="_pPl6YUkZEDiTSNg-Ix8jTQ"/>          </node>        </node>        <node xsi:type="Element" identifier="_PuhB9kkbEDiTSNg-Ix8jTQ" h="290" w="490" x="110" y="594" elementRef="_PucwgEkbEDiTSNg-Ix8jTQ">          <node xsi:type="Element" identifier="_XHstV_eKEDeB3fe8sUTDyQ" h="60" w="430" x="149" y="657" elementRef="_XHsGQfeKEDeB3fe8sUTDyQ"/>          <node xsi:type="Element" identifier="_Y_EpM_eLEDeB3fe8sUTDyQ" h="130" w="210" x="149" y="724" elementRef="_Y_DbEPeLEDeB3fe8sUTDyQ">            <node xsi:type="Element" identifier="_Z3WVAPeLEDeB3fe8sUTDyQ" h="60" w="130" x="192" y="789" elementRef="_Z3Uf0feLEDeB3fe8sUTDyQ"/>          </node>          <node xsi:type="Element" identifier="_Muu3FEkbEDiTSNg-Ix8jTQ" h="130" w="210" x="375" y="724" elementRef="_Muu3EEkbEDiTSNg-Ix8jTQ">            <node xsi:type="Element" identifier="_Muu3FUkbEDiTSNg-Ix8jTQ" h="60" w="130" x="418" y="789" elementRef="_Muu3EkkbEDiTSNg-Ix8jTQ"/>          </node>        </node>        <node xsi:type="Element" identifier="_aav7IEkbEDiTSNg-Ix8jTQ" h="290" w="486" x="643" y="594" elementRef="_aautAEkbEDiTSNg-Ix8jTQ">          <node xsi:type="Element" identifier="_MX5GQPeLEDeB3fe8sUTDyQ" h="60" w="205" x="900" y="657" elementRef="_MX3REPeLEDeB3fe8sUTDyQ"/>          <node xsi:type="Element" identifier="_aav7IUkbEDiTSNg-Ix8jTQ" h="130" w="210" x="896" y="723" elementRef="_aavUEEkbEDiTSNg-Ix8jTQ">            <node xsi:type="Element" identifier="_aav7IkkbEDiTSNg-Ix8jTQ" h="60" w="130" x="939" y="788" elementRef="_aavUEkkbEDiTSNg-Ix8jTQ"/>          </node>          <node xsi:type="Element" identifier="_aav7I0kbEDiTSNg-Ix8jTQ" h="130" w="210" x="666" y="723" elementRef="_aavUFEkbEDiTSNg-Ix8jTQ">            <node xsi:type="Element" identifier="_aav7JEkbEDiTSNg-Ix8jTQ" h="60" w="130" x="709" y="788" elementRef="_aavUFkkbEDiTSNg-Ix8jTQ"/>          </node>          <node xsi:type="Element" identifier="_iEgboUk4EDiTSNg-Ix8jTQ" h="60" w="210" x="666" y="657" elementRef="_iEf0kEk4EDiTSNg-Ix8jTQ"/>        </node>        <node xsi:type="Element" identifier="_TPk4ckkcEDiTSNg-Ix8jTQ" h="70" w="150" x="568" y="403" elementRef="_TPk4cEkcEDiTSNg-Ix8jTQ"/>        <node xsi:type="Element" identifier="_HOSug0k1EDiTSNg-Ix8jTQ" h="190" w="342" x="58" y="127" elementRef="_HOSHcEk1EDiTSNg-Ix8jTQ">          <node xsi:type="Element" identifier="_HOSuhEk1EDiTSNg-Ix8jTQ" h="60" w="130" x="76" y="203" elementRef="_HOSugUk1EDiTSNg-Ix8jTQ"/>          <node xsi:type="Element" identifier="_0C1JwEk1EDiTSNg-Ix8jTQ" h="60" w="130" x="250" y="203" elementRef="_0CrYwUk1EDiTSNg-Ix8jTQ"/>        </node>        <connection xsi:type="Relationship" identifier="_ZpujUkkaEDiTSNg-Ix8jTQ" source="_9GZHkPeJEDeB3fe8sUTDyQ" target="_gtdhS0kZEDiTSNg-Ix8jTQ" relationshipRef="_ZprgAUkaEDiTSNg-Ix8jTQ">          <bendpoint x="347" y="438"/>          <bendpoint x="348" y="253"/>        </connection>        <connection xsi:type="Relationship" identifier="_aPsXIkkaEDiTSNg-Ix8jTQ" source="__n4z8PeJEDeB3fe8sUTDyQ" target="_gtdhS0kZEDiTSNg-Ix8jTQ" relationshipRef="_aPpT0UkaEDiTSNg-Ix8jTQ">          <bendpoint x="485" y="360"/>          <bendpoint x="485" y="360"/>        </connection>        <connection xsi:type="Relationship" identifier="_bBXEokkaEDiTSNg-Ix8jTQ" source="_CJPWYveKEDeB3fe8sUTDyQ" target="_gtdhS0kZEDiTSNg-Ix8jTQ" relationshipRef="_bBUBUUkaEDiTSNg-Ix8jTQ">          <bendpoint x="857" y="352"/>          <bendpoint x="857" y="352"/>        </connection>        <connection xsi:type="Relationship" identifier="_qqCCoEkaEDiTSNg-Ix8jTQ" source="_wD9EoPeMEDeB3fe8sUTDyQ" target="_pPl6Y0kZEDiTSNg-Ix8jTQ" relationshipRef="_qp8jEUkaEDiTSNg-Ix8jTQ">          <bendpoint x="1281" y="352"/>          <bendpoint x="1281" y="352"/>        </connection>        <connection xsi:type="Relationship" identifier="_8QlpokkaEDiTSNg-Ix8jTQ" source="_s8Y2z_eMEDeB3fe8sUTDyQ" target="_gtdhS0kZEDiTSNg-Ix8jTQ" relationshipRef="_8QimUkkaEDiTSNg-Ix8jTQ">          <bendpoint x="1083" y="362"/>          <bendpoint x="755" y="362"/>        </connection>        <connection xsi:type="Relationship" identifier="_Ab26w0kcEDiTSNg-Ix8jTQ" source="_PuhB9kkbEDiTSNg-Ix8jTQ" target="_9GZHkPeJEDeB3fe8sUTDyQ" relationshipRef="_AbypU0kcEDiTSNg-Ix8jTQ">          <bendpoint x="190" y="533"/>          <bendpoint x="190" y="534"/>        </connection>        <connection xsi:type="Relationship" identifier="_BGP7l0kcEDiTSNg-Ix8jTQ" source="_PuhB9kkbEDiTSNg-Ix8jTQ" target="__n4z8PeJEDeB3fe8sUTDyQ" relationshipRef="_BGM4QUkcEDiTSNg-Ix8jTQ">          <bendpoint x="460" y="533"/>          <bendpoint x="460" y="534"/>        </connection>        <connection xsi:type="Relationship" identifier="_Bq8kE0kcEDiTSNg-Ix8jTQ" source="_aav7IEkbEDiTSNg-Ix8jTQ" target="_CJPWYveKEDeB3fe8sUTDyQ" relationshipRef="_Bq45s0kcEDiTSNg-Ix8jTQ">          <bendpoint x="914" y="520"/>          <bendpoint x="914" y="521"/>        </connection>        <connection xsi:type="Relationship" identifier="__P2RQkk0EDiTSNg-Ix8jTQ" source="_kZIcQPeMEDeB3fe8sUTDyQ" target="_wD9EoPeMEDeB3fe8sUTDyQ" relationshipRef="__Px_00k0EDiTSNg-Ix8jTQ">          <bendpoint x="1298" y="520"/>          <bendpoint x="1298" y="521"/>        </connection>        <connection xsi:type="Relationship" identifier="__8q7Akk0EDiTSNg-Ix8jTQ" source="_kZIcQPeMEDeB3fe8sUTDyQ" target="_s8Y2z_eMEDeB3fe8sUTDyQ" relationshipRef="__8nQoEk0EDiTSNg-Ix8jTQ">          <bendpoint x="1165" y="520"/>          <bendpoint x="1165" y="521"/>        </connection>        <connection xsi:type="Relationship" identifier="_3Zp7qUk1EDiTSNg-Ix8jTQ" source="_9GZHkPeJEDeB3fe8sUTDyQ" target="_HOSug0k1EDiTSNg-Ix8jTQ" relationshipRef="_3ZmRQ0k1EDiTSNg-Ix8jTQ">          <bendpoint x="185" y="360"/>          <bendpoint x="185" y="360"/>        </connection>        <connection xsi:type="Relationship" identifier="_fjPYwkk4EDiTSNg-Ix8jTQ" source="_aav7IEkbEDiTSNg-Ix8jTQ" target="_TPk4ckkcEDiTSNg-Ix8jTQ" relationshipRef="_fjIrEUk4EDiTSNg-Ix8jTQ">          <bendpoint x="680" y="533"/>          <bendpoint x="680" y="534"/>        </connection>        <connection xsi:type="Relationship" identifier="_qyyW0UtbEDixQJBI6Q3dYg" source="_gtdhS0kZEDiTSNg-Ix8jTQ" target="_pPl6Y0kZEDiTSNg-Ix8jTQ" relationshipRef="_qyol0EtbEDixQJBI6Q3dYg">          <bendpoint x="880" y="222"/>          <bendpoint x="880" y="222"/>        </connection>      </view>    </diagrams>  </views></model>
