<?xml version="1.0" encoding="UTF-8"?>
<model xmlns="http://www.opengroup.org/xsd/archimate/3.0/" xmlns:xsi="http://www.w3.org/2001/XMLSchema-instance" xsi:schemaLocation="http://www.opengroup.org/xsd/archimate/3.0/ http://www.opengroup.org/xsd/archimate/3.1/archimate3_Diagram.xsd" identifier="id-828aac43">
  <name>Abstract Factory</name>
  <elements>
    <element identifier="b2e06ffc" xsi:type="ApplicationInterface">
      <name>interface abstract fabric</name>
    </element>
    <element identifier="f2cbff7c" xsi:type="ApplicationComponent">
      <name>class fabric 1</name>
    </element>
    <element identifier="id-2e39737d" xsi:type="ApplicationComponent">
      <name>class fabric 2</name>
    </element>
    <element identifier="id-21590541" xsi:type="ApplicationFunction">
      <name>create product A1</name>
    </element>
    <element identifier="id-338f1621" xsi:type="ApplicationFunction">
      <name>create product B1</name>
    </element>
    <element identifier="id-56f2deee" xsi:type="ApplicationFunction">
      <name>create product A2</name>
    </element>
    <element identifier="id-086903f3" xsi:type="ApplicationFunction">
      <name>create product B2</name>
    </element>
    <element identifier="id-8d57690a" xsi:type="ApplicationInterface">
      <name>interface product A</name>
    </element>
    <element identifier="id-9eb56012" xsi:type="ApplicationComponent">
      <name>class product A1</name>
    </element>
    <element identifier="id-8f847e3f" xsi:type="ApplicationComponent">
      <name>class product A2</name>
    </element>
    <element identifier="b2ec8304" xsi:type="DataObject">
      <name>instance product A1</name>
    </element>
    <element identifier="id-404954e5" xsi:type="ApplicationInterface">
      <name>interface product B</name>
    </element>
    <element identifier="id-73948603" xsi:type="ApplicationComponent">
      <name>class product B1</name>
    </element>
    <element identifier="dbcabc51" xsi:type="ApplicationComponent">
      <name>class product B2</name>
    </element>
    <element identifier="e14ef760" xsi:type="DataObject">
      <name>instance product B1</name>
    </element>
    <element identifier="f27558e7" xsi:type="DataObject">
      <name>instance product A2</name>
    </element>
    <element identifier="b284d5e4" xsi:type="DataObject">
      <name>instance product B2</name>
    </element>
    <element identifier="c9b23b10" xsi:type="ApplicationProcess">
      <name>create fabric</name>
      <documentation>и получаем интерфейс</documentation>
    </element>
    <element identifier="id-09d442d4" xsi:type="ApplicationProcess">
      <name>use products</name>
    </element>
    <element identifier="id-9b116628" xsi:type="ApplicationComponent">
      <name>client</name>
    </element>
    <element identifier="id-6a1a3678-36bf-49b3-b37a-a32cc9688067" xsi:type="ApplicationInterface">
      <name>interface abstract fabric</name>
    </element>
    <element identifier="id-8f273a67-bc79-424e-80c7-d07ac07161be" xsi:type="ApplicationInterface">
      <name>interface product A</name>
    </element>
    <element identifier="id-8fe47af6-ad2f-4e3c-bcf3-d67e3321af17" xsi:type="ApplicationComponent">
      <name>class product A1</name>
    </element>
    <element identifier="id-2503c73f-9da9-4505-8ca2-eaa3efe943a2" xsi:type="ApplicationComponent">
      <name>class product A2 (copy)</name>
    </element>
    <element identifier="id-5d8db709-e92c-4306-936a-89bc1655aa40" xsi:type="DataObject">
      <name>instance product A1 (copy)</name>
    </element>
    <element identifier="ea17c9ec-2d10-486c-aaf7-4973ed9c803b" xsi:type="ApplicationInterface">
      <name>interface product B</name>
    </element>
    <element identifier="id-162403c4-a237-4838-ab0d-47964607021a" xsi:type="ApplicationComponent">
      <name>class product B1</name>
    </element>
    <element identifier="id-693902ed-62a6-4c3c-8edd-0e61b972259f" xsi:type="ApplicationComponent">
      <name>class product B2 (copy)</name>
    </element>
    <element identifier="id-686aa67a-92e4-4e81-8f29-80c966cf51f8" xsi:type="DataObject">
      <name>instance product B1 (copy)</name>
    </element>
    <element identifier="fe79f5f5-0ad3-4b81-aa8f-8ffd2e295625" xsi:type="DataObject">
      <name>instance product A2 (copy)</name>
    </element>
    <element identifier="fea006b9-f256-4d72-b7de-0dac4a00f96b" xsi:type="DataObject">
      <name>instance product B2 (copy)</name>
    </element>
    <element identifier="id-072aaeb9-ee33-43f4-b7e2-7ed8425f4fc6" xsi:type="ApplicationProcess">
      <name>use products</name>
    </element>
    <element identifier="b5598da5-1296-4bd9-b4e1-66dbd77aed0d" xsi:type="ApplicationProcess">
      <name>use fabriс</name>
      <documentation>и получаем интерфейс</documentation>
    </element>
    <element identifier="b95ae8ff-cefa-4f1b-808c-fed75cb53b0c" xsi:type="ApplicationComponent">
      <name>class fabric 1</name>
    </element>
    <element identifier="ff7136b1-60f9-4c38-bcb9-b9bdfe35923a" xsi:type="ApplicationFunction">
      <name>create product A1</name>
    </element>
    <element identifier="id-7b97f720-52cc-408d-87cf-96521c2b7072" xsi:type="ApplicationFunction">
      <name>create product B1</name>
    </element>
    <element identifier="id-0543a284-702f-4055-b6b0-f12f57beaa8e" xsi:type="ApplicationComponent">
      <name>class fabric 2 (copy)</name>
    </element>
    <element identifier="id-852860d5-1efa-408b-b94d-6ae7035b5443" xsi:type="ApplicationFunction">
      <name>create product A2 (copy)</name>
    </element>
    <element identifier="c71a1928-8a68-474a-bc2b-35d0160578f9" xsi:type="ApplicationFunction">
      <name>create product B2 (copy)</name>
    </element>
    <element identifier="id-07253f76-f259-48c5-a7d5-5814ef810fd1" xsi:type="ApplicationProcess">
      <name>create concrete fabric class</name>
    </element>
    <element identifier="a6e809ba-dc2a-49ac-a3e3-1486df8365d3" xsi:type="ApplicationFunction">
      <name>main method (start program)</name>
    </element>
    <element identifier="id-737fdfff-3584-4437-8218-cd65a7beca11" xsi:type="ApplicationFunction">
      <name>create fabric</name>
    </element>
    <element identifier="b9e5d5f0-c007-405c-ab2e-9ec9aa25a401" xsi:type="ApplicationInterface">
      <name>interface abstract fabric</name>
    </element>
    <element identifier="ef09b9de-055f-4b67-b233-4cb404ef95c1" xsi:type="ApplicationInterface">
      <name>interface product A</name>
    </element>
    <element identifier="c92f1b4b-1c78-4574-8822-fbc27006d909" xsi:type="ApplicationComponent">
      <name>class product A1</name>
    </element>
    <element identifier="id-9c8c6ea4-8ff6-4a0e-b534-27b26d6b155a" xsi:type="ApplicationComponent">
      <name>class product A2</name>
    </element>
    <element identifier="id-2add3e68-d63b-4e17-b97e-7f9aed2bed3a" xsi:type="DataObject">
      <name>instance product A1</name>
    </element>
    <element identifier="f87842b4-1002-4e9e-9168-abd90df2aaec" xsi:type="ApplicationInterface">
      <name>interface product B</name>
    </element>
    <element identifier="id-1e4deaac-bc66-4088-b860-372bf65cc7b9" xsi:type="ApplicationComponent">
      <name>class product B1</name>
    </element>
    <element identifier="id-80479433-ac33-4498-a3b5-eb9fdc53b429" xsi:type="ApplicationComponent">
      <name>class product B2</name>
    </element>
    <element identifier="id-74d83228-d8cd-4141-a5b8-7298a0afee0b" xsi:type="DataObject">
      <name>instance product B1</name>
    </element>
    <element identifier="id-81aec419-1ef7-443d-ac8e-3ded0fcce84b" xsi:type="DataObject">
      <name>instance product A2</name>
    </element>
    <element identifier="id-9aec9235-48d1-453a-93b8-77a41b443204" xsi:type="DataObject">
      <name>instance product B2</name>
    </element>
    <element identifier="id-35c1f920-0be7-4123-8712-33238dc93817" xsi:type="ApplicationProcess">
      <name>use products</name>
    </element>
    <element identifier="id-50443a79-989c-4848-99fd-b35be597700f" xsi:type="ApplicationProcess">
      <name>create fabric</name>
      <documentation>и получаем интерфейс</documentation>
    </element>
    <element identifier="id-1f8cd77d-2d56-4343-b12a-545da3b40e14" xsi:type="ApplicationComponent">
      <name>class fabric 1</name>
    </element>
    <element identifier="id-2c6e2fbc-8519-450c-9f39-37475c2e876a" xsi:type="ApplicationFunction">
      <name>create product (string)</name>
    </element>
    <element identifier="id-3f28274a-26c6-4b5b-acf9-7fee066fcfe1" xsi:type="ApplicationFunction">
      <name>create product B1</name>
    </element>
    <element identifier="b817e5eb-59ee-4db4-b143-f55c96de6aba" xsi:type="ApplicationComponent">
      <name>class fabric 2</name>
    </element>
    <element identifier="id-232421ae-e981-4411-bf66-80775427b914" xsi:type="ApplicationFunction">
      <name>create product (string)</name>
    </element>
    <element identifier="id-27574e2b-04fb-4b04-a547-9b78323a4f37" xsi:type="ApplicationFunction">
      <name>create product B2</name>
    </element>
    <element identifier="ab510602-cd10-4871-948b-be1d14e6e396" xsi:type="ApplicationProcess">
      <name>create A1</name>
    </element>
    <element identifier="id-35e27c64-a856-46be-bec3-4485bc16622e" xsi:type="ApplicationProcess">
      <name>create B1</name>
    </element>
    <element identifier="id-1f4d745b-66b3-42ea-8cbf-02570b6c9d62" xsi:type="ApplicationProcess">
      <name>create A2</name>
    </element>
    <element identifier="id-4f4814e9-8f3e-4c8b-ab29-78e96fe7dd4d" xsi:type="ApplicationProcess">
      <name>create B2</name>
    </element>
    <element identifier="eb0c1de9-d170-43f4-8a39-fb9a34f4ddc0" xsi:type="ApplicationFunction">
      <name>create product</name>
    </element>
    <element identifier="adc383fb-5bb9-4a1a-ab1f-621dca6d5860" xsi:type="OrJunction">
      <name>Junction</name>
    </element>
    <element identifier="id-781ce197-b827-4511-ac32-01087171715c" xsi:type="OrJunction">
      <name>Junction</name>
    </element>
  </elements>
  <relationships>
    <relationship identifier="id-61341339" source="f2cbff7c" target="b2e06ffc" xsi:type="Realization" />
    <relationship identifier="d529a273" source="id-2e39737d" target="b2e06ffc" xsi:type="Realization" />
    <relationship identifier="a9e43610" source="f2cbff7c" target="id-21590541" xsi:type="Assignment" />
    <relationship identifier="cfa3bf4d" source="f2cbff7c" target="id-338f1621" xsi:type="Assignment" />
    <relationship identifier="e7a27a47" source="id-2e39737d" target="id-56f2deee" xsi:type="Assignment" />
    <relationship identifier="id-68d510a4" source="id-2e39737d" target="id-086903f3" xsi:type="Assignment" />
    <relationship identifier="id-8f58aa86" source="id-9eb56012" target="id-8d57690a" xsi:type="Realization" />
    <relationship identifier="id-5f4d1b39" source="id-8f847e3f" target="id-8d57690a" xsi:type="Realization" />
    <relationship identifier="id-866b5d4f" source="id-73948603" target="id-404954e5" xsi:type="Realization" />
    <relationship identifier="f88a0c07" source="dbcabc51" target="id-404954e5" xsi:type="Realization" />
    <relationship identifier="e39cc4db" source="id-21590541" target="b2ec8304" xsi:type="Access" accessType="Write" />
    <relationship identifier="e5b71e0a" source="id-338f1621" target="e14ef760" xsi:type="Access" accessType="Write" />
    <relationship identifier="id-32338488" source="id-56f2deee" target="f27558e7" xsi:type="Access" accessType="Write" />
    <relationship identifier="id-6e9579bf" source="id-086903f3" target="b284d5e4" xsi:type="Access" accessType="Write" />
    <relationship identifier="cf756677" source="id-9eb56012" target="b2ec8304" xsi:type="Association" />
    <relationship identifier="id-21564fa4" source="id-73948603" target="e14ef760" xsi:type="Association" />
    <relationship identifier="d26ac2e9" source="id-8f847e3f" target="f27558e7" xsi:type="Association" />
    <relationship identifier="id-0906a41b" source="dbcabc51" target="b284d5e4" xsi:type="Association" />
    <relationship identifier="id-7b93714b" source="b2e06ffc" target="c9b23b10" xsi:type="Serving">
      <name>work throught interface</name>
    </relationship>
    <relationship identifier="e71c30ea" source="id-8d57690a" target="id-09d442d4" xsi:type="Serving">
      <name>work throught interface</name>
      <documentation>работаю с набором продуктов через интерфейсы продуктов</documentation>
    </relationship>
    <relationship identifier="id-2f5ee681" source="id-404954e5" target="id-09d442d4" xsi:type="Serving" />
    <relationship identifier="ccdc8ffc" source="c9b23b10" target="id-09d442d4" xsi:type="Flow" />
    <relationship identifier="id-7d801997" source="id-8d57690a" target="id-9b116628" xsi:type="Serving" />
    <relationship identifier="id-0e9c84bc" source="id-404954e5" target="id-9b116628" xsi:type="Serving" />
    <relationship identifier="id-0c2ef66d" source="b2e06ffc" target="id-9b116628" xsi:type="Serving" />
    <relationship identifier="b3b0fa92" source="id-9eb56012" target="id-21590541" xsi:type="Serving" />
    <relationship identifier="id-0a3f57a5" source="id-73948603" target="id-338f1621" xsi:type="Serving" />
    <relationship identifier="id-368cb388" source="id-8f847e3f" target="id-56f2deee" xsi:type="Serving" />
    <relationship identifier="id-4c7664fe" source="dbcabc51" target="id-086903f3" xsi:type="Serving" />
    <relationship identifier="id-74788bfe-9e14-402e-b9ea-8070ba05d170" source="ff7136b1-60f9-4c38-bcb9-b9bdfe35923a" target="id-5d8db709-e92c-4306-936a-89bc1655aa40" xsi:type="Access" accessType="Write" />
    <relationship identifier="id-22a3f6c7-74ea-4907-b577-f86ddaf682a7" source="id-693902ed-62a6-4c3c-8edd-0e61b972259f" target="fea006b9-f256-4d72-b7de-0dac4a00f96b" xsi:type="Association" />
    <relationship identifier="id-96704374-ad3e-4fa5-9e6a-cc33029dd105" source="ea17c9ec-2d10-486c-aaf7-4973ed9c803b" target="id-072aaeb9-ee33-43f4-b7e2-7ed8425f4fc6" xsi:type="Serving" />
    <relationship identifier="id-32526a62-3097-4cf6-bdac-16b25bd48510" source="id-2503c73f-9da9-4505-8ca2-eaa3efe943a2" target="id-8f273a67-bc79-424e-80c7-d07ac07161be" xsi:type="Realization" />
    <relationship identifier="id-69cb97ae-9e31-4d21-8f43-4b396e7e4e84" source="b95ae8ff-cefa-4f1b-808c-fed75cb53b0c" target="id-7b97f720-52cc-408d-87cf-96521c2b7072" xsi:type="Assignment" />
    <relationship identifier="id-521bf7ac-23dd-4e1b-a096-f59ebe06525a" source="b5598da5-1296-4bd9-b4e1-66dbd77aed0d" target="id-072aaeb9-ee33-43f4-b7e2-7ed8425f4fc6" xsi:type="Flow" />
    <relationship identifier="id-5b8d2379-b659-45b8-948f-9e03682430cb" source="id-2503c73f-9da9-4505-8ca2-eaa3efe943a2" target="id-852860d5-1efa-408b-b94d-6ae7035b5443" xsi:type="Association" />
    <relationship identifier="id-69c362c8-e5fe-4e06-b8b7-9130bf4572d3" source="id-6a1a3678-36bf-49b3-b37a-a32cc9688067" target="b5598da5-1296-4bd9-b4e1-66dbd77aed0d" xsi:type="Serving">
      <name>work throught interface</name>
    </relationship>
    <relationship identifier="id-8788fb44-8f4b-45fc-988f-af1d4142d724" source="id-0543a284-702f-4055-b6b0-f12f57beaa8e" target="id-6a1a3678-36bf-49b3-b37a-a32cc9688067" xsi:type="Realization" />
    <relationship identifier="id-395d139f-82f0-41c3-9d43-b6be2702b783" source="id-7b97f720-52cc-408d-87cf-96521c2b7072" target="id-686aa67a-92e4-4e81-8f29-80c966cf51f8" xsi:type="Access" accessType="Write" />
    <relationship identifier="e12efe1a-c8fa-4f1f-84ca-124592e401f9" source="b95ae8ff-cefa-4f1b-808c-fed75cb53b0c" target="ff7136b1-60f9-4c38-bcb9-b9bdfe35923a" xsi:type="Assignment" />
    <relationship identifier="id-3d55a145-c929-4f77-a58d-da5908137594" source="id-162403c4-a237-4838-ab0d-47964607021a" target="id-7b97f720-52cc-408d-87cf-96521c2b7072" xsi:type="Association" />
    <relationship identifier="id-60eda984-0648-4281-8233-9aa5392af59d" source="id-8fe47af6-ad2f-4e3c-bcf3-d67e3321af17" target="id-8f273a67-bc79-424e-80c7-d07ac07161be" xsi:type="Realization" />
    <relationship identifier="f0054aa5-b803-4706-ae2b-b411a67d89e4" source="id-162403c4-a237-4838-ab0d-47964607021a" target="ea17c9ec-2d10-486c-aaf7-4973ed9c803b" xsi:type="Realization" />
    <relationship identifier="id-0f717cc3-6db7-4461-9cf9-ef002f5e8c11" source="id-8f273a67-bc79-424e-80c7-d07ac07161be" target="id-072aaeb9-ee33-43f4-b7e2-7ed8425f4fc6" xsi:type="Serving">
      <name>work throught interface</name>
      <documentation>работаю с набором продуктов через интерфейсы продуктов</documentation>
    </relationship>
    <relationship identifier="c02eca21-22c6-49b1-b843-c48a1a70d15c" source="id-852860d5-1efa-408b-b94d-6ae7035b5443" target="fe79f5f5-0ad3-4b81-aa8f-8ffd2e295625" xsi:type="Access" accessType="Write" />
    <relationship identifier="d911e60f-1ae5-425a-9480-2f826a1d8ae0" source="id-8fe47af6-ad2f-4e3c-bcf3-d67e3321af17" target="ff7136b1-60f9-4c38-bcb9-b9bdfe35923a" xsi:type="Association" />
    <relationship identifier="id-88274b4f-c309-4235-9eb3-171b6406c6c6" source="id-693902ed-62a6-4c3c-8edd-0e61b972259f" target="ea17c9ec-2d10-486c-aaf7-4973ed9c803b" xsi:type="Realization" />
    <relationship identifier="d4b2d962-72e4-4173-9e8c-7449b93b2278" source="c71a1928-8a68-474a-bc2b-35d0160578f9" target="fea006b9-f256-4d72-b7de-0dac4a00f96b" xsi:type="Access" accessType="Write" />
    <relationship identifier="id-2ed57497-9e0e-4617-981d-61acd4d0dd09" source="b95ae8ff-cefa-4f1b-808c-fed75cb53b0c" target="id-6a1a3678-36bf-49b3-b37a-a32cc9688067" xsi:type="Realization" />
    <relationship identifier="bee6a493-5235-40c2-bd8b-7b50745a15e6" source="id-0543a284-702f-4055-b6b0-f12f57beaa8e" target="id-852860d5-1efa-408b-b94d-6ae7035b5443" xsi:type="Assignment" />
    <relationship identifier="id-1f3c05d6-7941-4781-9372-1c4fe268facf" source="id-0543a284-702f-4055-b6b0-f12f57beaa8e" target="c71a1928-8a68-474a-bc2b-35d0160578f9" xsi:type="Assignment" />
    <relationship identifier="d37ef0c8-a53b-42e3-9bba-3af017ebed29" source="ff7136b1-60f9-4c38-bcb9-b9bdfe35923a" target="id-8fe47af6-ad2f-4e3c-bcf3-d67e3321af17" xsi:type="Association" />
    <relationship identifier="eddf7d46-3541-4a8a-a1dc-ac51448a0f33" source="a6e809ba-dc2a-49ac-a3e3-1486df8365d3" target="id-737fdfff-3584-4437-8218-cd65a7beca11" xsi:type="Composition" />
    <relationship identifier="b685141b-e032-49ad-98ae-78b5fdc7a4ea" source="id-737fdfff-3584-4437-8218-cd65a7beca11" target="b95ae8ff-cefa-4f1b-808c-fed75cb53b0c" xsi:type="Triggering" />
    <relationship identifier="id-8c6e5abd-e683-487f-9598-9c27854af9e3" source="a6e809ba-dc2a-49ac-a3e3-1486df8365d3" target="id-07253f76-f259-48c5-a7d5-5814ef810fd1" xsi:type="Serving" />
    <relationship identifier="id-42bc5797-0837-4340-9a73-28728ff66b70" source="id-07253f76-f259-48c5-a7d5-5814ef810fd1" target="b5598da5-1296-4bd9-b4e1-66dbd77aed0d" xsi:type="Flow" />
    <relationship identifier="id-66e7318d-d9f3-44c1-bd0f-b7231b7f8da7" source="id-50443a79-989c-4848-99fd-b35be597700f" target="id-35c1f920-0be7-4123-8712-33238dc93817" xsi:type="Flow" />
    <relationship identifier="b8f322d5-dd97-413d-89fe-8151ab433507" source="id-9c8c6ea4-8ff6-4a0e-b534-27b26d6b155a" target="id-81aec419-1ef7-443d-ac8e-3ded0fcce84b" xsi:type="Association" />
    <relationship identifier="ddb74047-9951-4322-b565-050b8e3547ad" source="id-1f8cd77d-2d56-4343-b12a-545da3b40e14" target="id-3f28274a-26c6-4b5b-acf9-7fee066fcfe1" xsi:type="Assignment" />
    <relationship identifier="id-33fc424d-a62c-49cc-b433-9ee19582aac8" source="id-1e4deaac-bc66-4088-b860-372bf65cc7b9" target="f87842b4-1002-4e9e-9168-abd90df2aaec" xsi:type="Realization" />
    <relationship identifier="id-28ab418e-7e68-438a-adb3-387272bbdf1a" source="id-9c8c6ea4-8ff6-4a0e-b534-27b26d6b155a" target="ef09b9de-055f-4b67-b233-4cb404ef95c1" xsi:type="Realization" />
    <relationship identifier="id-59b11584-e277-4b2d-9278-ece3f60a3640" source="id-1f4d745b-66b3-42ea-8cbf-02570b6c9d62" target="id-81aec419-1ef7-443d-ac8e-3ded0fcce84b" xsi:type="Access" accessType="Write" />
    <relationship identifier="bd472453-439b-4bf1-b282-d57a2f5793ec" source="b817e5eb-59ee-4db4-b143-f55c96de6aba" target="id-27574e2b-04fb-4b04-a547-9b78323a4f37" xsi:type="Assignment" />
    <relationship identifier="id-810a7039-211f-4503-8ce9-99275962d5c8" source="b817e5eb-59ee-4db4-b143-f55c96de6aba" target="id-232421ae-e981-4411-bf66-80775427b914" xsi:type="Assignment" />
    <relationship identifier="f5ccb15f-3309-40ac-9eb4-49d2ef730003" source="id-35e27c64-a856-46be-bec3-4485bc16622e" target="id-74d83228-d8cd-4141-a5b8-7298a0afee0b" xsi:type="Access" accessType="Write" />
    <relationship identifier="a12ef6ff-10e2-4b3d-9bbb-b4c36eb8ee9d" source="id-1f8cd77d-2d56-4343-b12a-545da3b40e14" target="b9e5d5f0-c007-405c-ab2e-9ec9aa25a401" xsi:type="Realization" />
    <relationship identifier="acad8513-2a7d-4e9c-a85c-a97761aa4d72" source="c92f1b4b-1c78-4574-8822-fbc27006d909" target="id-2add3e68-d63b-4e17-b97e-7f9aed2bed3a" xsi:type="Association" />
    <relationship identifier="a479f0c1-d055-429a-a938-b723299a888b" source="id-80479433-ac33-4498-a3b5-eb9fdc53b429" target="f87842b4-1002-4e9e-9168-abd90df2aaec" xsi:type="Realization" />
    <relationship identifier="id-23cf5347-3308-43da-ab36-d23227a96e32" source="c92f1b4b-1c78-4574-8822-fbc27006d909" target="ef09b9de-055f-4b67-b233-4cb404ef95c1" xsi:type="Realization" />
    <relationship identifier="a36264b7-53ef-450e-b1c8-163b15d0a765" source="id-4f4814e9-8f3e-4c8b-ab29-78e96fe7dd4d" target="id-9aec9235-48d1-453a-93b8-77a41b443204" xsi:type="Access" accessType="Write" />
    <relationship identifier="id-68aef2a5-23e1-4365-af28-1b097e0873d4" source="ef09b9de-055f-4b67-b233-4cb404ef95c1" target="id-35c1f920-0be7-4123-8712-33238dc93817" xsi:type="Serving">
      <name>work throught interface</name>
      <documentation>работаю с набором продуктов через интерфейсы продуктов</documentation>
    </relationship>
    <relationship identifier="aa60c648-9c64-4648-9075-33751473f5fe" source="id-1f8cd77d-2d56-4343-b12a-545da3b40e14" target="id-2c6e2fbc-8519-450c-9f39-37475c2e876a" xsi:type="Assignment" />
    <relationship identifier="e02756c9-4323-40ee-a49d-52938da30ea0" source="f87842b4-1002-4e9e-9168-abd90df2aaec" target="id-35c1f920-0be7-4123-8712-33238dc93817" xsi:type="Serving" />
    <relationship identifier="bb645f11-a497-4b5c-9463-c577b3fb78d5" source="b817e5eb-59ee-4db4-b143-f55c96de6aba" target="b9e5d5f0-c007-405c-ab2e-9ec9aa25a401" xsi:type="Realization" />
    <relationship identifier="c75d541a-036e-434f-8aed-b795d2931edd" source="ab510602-cd10-4871-948b-be1d14e6e396" target="id-2add3e68-d63b-4e17-b97e-7f9aed2bed3a" xsi:type="Access" accessType="Write" />
    <relationship identifier="id-74edb088-88f4-4a57-b464-2d99a706fc06" source="id-1e4deaac-bc66-4088-b860-372bf65cc7b9" target="id-74d83228-d8cd-4141-a5b8-7298a0afee0b" xsi:type="Association" />
    <relationship identifier="d5350807-1b80-46b8-915d-2fb03491dabe" source="id-80479433-ac33-4498-a3b5-eb9fdc53b429" target="id-9aec9235-48d1-453a-93b8-77a41b443204" xsi:type="Association" />
    <relationship identifier="id-70e95cb2-5fd7-48fa-b362-70bfdd466ff1" source="b9e5d5f0-c007-405c-ab2e-9ec9aa25a401" target="id-50443a79-989c-4848-99fd-b35be597700f" xsi:type="Serving">
      <name>work throught interface</name>
    </relationship>
    <relationship identifier="d6f9b69d-14ca-4f9b-9913-3f832f366e5d" source="id-2c6e2fbc-8519-450c-9f39-37475c2e876a" target="ab510602-cd10-4871-948b-be1d14e6e396" xsi:type="Composition" />
    <relationship identifier="a7abcfc1-c547-4f7c-aa1b-8ef77fa27352" source="id-2c6e2fbc-8519-450c-9f39-37475c2e876a" target="id-35e27c64-a856-46be-bec3-4485bc16622e" xsi:type="Composition" />
    <relationship identifier="id-2271092d-50cc-4f67-833e-5d970785a81f" source="id-232421ae-e981-4411-bf66-80775427b914" target="id-1f4d745b-66b3-42ea-8cbf-02570b6c9d62" xsi:type="Composition" />
    <relationship identifier="dbb6f0e7-45c9-4633-b750-3485ca6aff5d" source="id-232421ae-e981-4411-bf66-80775427b914" target="id-4f4814e9-8f3e-4c8b-ab29-78e96fe7dd4d" xsi:type="Composition" />
    <relationship identifier="id-0fac7130-5d1a-4c9e-baae-c3aa636c8e1b" source="adc383fb-5bb9-4a1a-ab1f-621dca6d5860" target="ab510602-cd10-4871-948b-be1d14e6e396" xsi:type="Flow" />
    <relationship identifier="a2ccf63a-1592-4e81-98fa-dc3c43c6ebfb" source="adc383fb-5bb9-4a1a-ab1f-621dca6d5860" target="id-35e27c64-a856-46be-bec3-4485bc16622e" xsi:type="Flow" />
    <relationship identifier="id-53f34e86-a332-4d10-9ac6-b641b07564cf" source="id-781ce197-b827-4511-ac32-01087171715c" target="id-1f4d745b-66b3-42ea-8cbf-02570b6c9d62" xsi:type="Flow" />
    <relationship identifier="id-542ef624-b8ab-41d9-8304-34d55b06d335" source="id-781ce197-b827-4511-ac32-01087171715c" target="id-4f4814e9-8f3e-4c8b-ab29-78e96fe7dd4d" xsi:type="Flow" />
  </relationships>
  <views>
    <diagrams>
      <view identifier="id-6b93c965" xsi:type="Diagram">
        <name>factory</name>
        <node identifier="id-7c6b28db" elementRef="b2e06ffc" xsi:type="Element" x="1305" y="659" w="120" h="55">
          <style>
            <fillColor r="181" g="255" b="255" a="100" />
            <lineColor r="92" g="92" b="92" a="100" />
            <font name="Lucida Grande" size="12">
              <color r="0" g="0" b="0" />
            </font>
          </style>
        </node>
        <node identifier="id-54858f98" elementRef="id-8d57690a" xsi:type="Element" x="20" y="490" w="120" h="55">
          <style>
            <fillColor r="181" g="255" b="255" a="100" />
            <lineColor r="92" g="92" b="92" a="100" />
            <font name="Lucida Grande" size="12">
              <color r="0" g="0" b="0" />
            </font>
          </style>
        </node>
        <node identifier="id-75125c82" elementRef="id-9eb56012" xsi:type="Element" x="330" y="490" w="120" h="55">
          <style>
            <fillColor r="181" g="255" b="255" a="100" />
            <lineColor r="92" g="92" b="92" a="100" />
            <font name="Lucida Grande" size="12">
              <color r="0" g="0" b="0" />
            </font>
          </style>
        </node>
        <node identifier="d163b17b" elementRef="id-8f847e3f" xsi:type="Element" x="330" y="760" w="120" h="55">
          <style>
            <fillColor r="181" g="255" b="255" a="100" />
            <lineColor r="92" g="92" b="92" a="100" />
            <font name="Lucida Grande" size="12">
              <color r="0" g="0" b="0" />
            </font>
          </style>
        </node>
        <node identifier="id-4bb8dda0" elementRef="b2ec8304" xsi:type="Element" x="580" y="490" w="120" h="55">
          <style>
            <fillColor r="181" g="255" b="255" a="100" />
            <lineColor r="92" g="92" b="92" a="100" />
            <font name="Lucida Grande" size="12">
              <color r="128" g="128" b="128" />
            </font>
          </style>
        </node>
        <node identifier="ae49747c" elementRef="id-404954e5" xsi:type="Element" x="30" y="850" w="120" h="55">
          <style>
            <fillColor r="181" g="255" b="255" a="100" />
            <lineColor r="92" g="92" b="92" a="100" />
            <font name="Lucida Grande" size="12">
              <color r="0" g="0" b="0" />
            </font>
          </style>
        </node>
        <node identifier="id-92108fc7" elementRef="id-73948603" xsi:type="Element" x="330" y="590" w="120" h="55">
          <style>
            <fillColor r="181" g="255" b="255" a="100" />
            <lineColor r="92" g="92" b="92" a="100" />
            <font name="Lucida Grande" size="12">
              <color r="0" g="0" b="0" />
            </font>
          </style>
        </node>
        <node identifier="abf0bf51" elementRef="dbcabc51" xsi:type="Element" x="330" y="850" w="120" h="55">
          <style>
            <fillColor r="181" g="255" b="255" a="100" />
            <lineColor r="92" g="92" b="92" a="100" />
            <font name="Lucida Grande" size="12">
              <color r="0" g="0" b="0" />
            </font>
          </style>
        </node>
        <node identifier="id-3a13c99f" elementRef="e14ef760" xsi:type="Element" x="580" y="590" w="120" h="55">
          <style>
            <fillColor r="181" g="255" b="255" a="100" />
            <lineColor r="92" g="92" b="92" a="100" />
            <font name="Lucida Grande" size="12">
              <color r="128" g="128" b="128" />
            </font>
          </style>
        </node>
        <node identifier="id-32f6dad1" elementRef="f27558e7" xsi:type="Element" x="580" y="760" w="120" h="55">
          <style>
            <fillColor r="181" g="255" b="255" a="100" />
            <lineColor r="92" g="92" b="92" a="100" />
            <font name="Lucida Grande" size="12">
              <color r="128" g="128" b="128" />
            </font>
          </style>
        </node>
        <node identifier="id-702ee811" elementRef="b284d5e4" xsi:type="Element" x="580" y="850" w="120" h="55">
          <style>
            <fillColor r="181" g="255" b="255" a="100" />
            <lineColor r="92" g="92" b="92" a="100" />
            <font name="Lucida Grande" size="12">
              <color r="128" g="128" b="128" />
            </font>
          </style>
        </node>
        <node identifier="b47e2b90" x="10" y="120" w="1461" h="129" xsi:type="Container">
          <label>programm</label>
          <style>
            <fillColor r="210" g="215" b="215" a="100" />
            <lineColor r="92" g="92" b="92" a="100" />
            <font name="Lucida Grande" size="12">
              <color r="0" g="0" b="0" />
            </font>
          </style>
          <node identifier="f888a7e1" elementRef="id-09d442d4" xsi:type="Element" x="35" y="170" w="120" h="55">
            <style>
              <fillColor r="181" g="255" b="255" a="100" />
              <lineColor r="92" g="92" b="92" a="100" />
              <font name="Lucida Grande" size="12">
                <color r="0" g="0" b="0" />
              </font>
            </style>
          </node>
          <node identifier="c5eebd1c" elementRef="c9b23b10" xsi:type="Element" x="1320" y="170" w="120" h="55">
            <style>
              <fillColor r="181" g="255" b="255" a="100" />
              <lineColor r="92" g="92" b="92" a="100" />
              <font name="Lucida Grande" size="12">
                <color r="0" g="0" b="0" />
              </font>
            </style>
          </node>
        </node>
        <node identifier="id-554fe43e" xsi:type="Label" x="770" y="260" w="201" h="80">
          <label>select product group 1 or group 2&#xD;
(for example select A)</label>
          <style>
            <fillColor r="255" g="255" b="255" a="100" />
            <lineColor r="92" g="92" b="92" a="100" />
            <font name="Lucida Grande" size="12">
              <color r="255" g="0" b="0" />
            </font>
          </style>
        </node>
        <node identifier="id-21adf3a1" elementRef="f2cbff7c" xsi:type="Element" x="784" y="440" w="400" h="220">
          <style>
            <fillColor r="181" g="255" b="255" a="100" />
            <lineColor r="92" g="92" b="92" a="100" />
            <font name="Lucida Grande" size="12">
              <color r="0" g="0" b="0" />
            </font>
          </style>
          <node identifier="id-83de81f7" elementRef="id-21590541" xsi:type="Element" x="844" y="490" w="120" h="55">
            <style>
              <fillColor r="181" g="255" b="255" a="100" />
              <lineColor r="92" g="92" b="92" a="100" />
              <font name="Lucida Grande" size="12">
                <color r="0" g="0" b="0" />
              </font>
            </style>
          </node>
          <node identifier="b4c69747" elementRef="id-338f1621" xsi:type="Element" x="844" y="580" w="120" h="55">
            <style>
              <fillColor r="181" g="255" b="255" a="100" />
              <lineColor r="92" g="92" b="92" a="100" />
              <font name="Lucida Grande" size="12">
                <color r="0" g="0" b="0" />
              </font>
            </style>
          </node>
        </node>
        <node identifier="e9980402" elementRef="id-2e39737d" xsi:type="Element" x="784" y="713" w="400" h="230">
          <style>
            <fillColor r="181" g="255" b="255" a="100" />
            <lineColor r="92" g="92" b="92" a="100" />
            <font name="Lucida Grande" size="12">
              <color r="0" g="0" b="0" />
            </font>
          </style>
          <node identifier="id-6679a0c8" elementRef="id-56f2deee" xsi:type="Element" x="819" y="758" w="120" h="55">
            <style>
              <fillColor r="181" g="255" b="255" a="100" />
              <lineColor r="92" g="92" b="92" a="100" />
              <font name="Lucida Grande" size="12">
                <color r="0" g="0" b="0" />
              </font>
            </style>
          </node>
          <node identifier="de3a1129" elementRef="id-086903f3" xsi:type="Element" x="819" y="848" w="120" h="55">
            <style>
              <fillColor r="181" g="255" b="255" a="100" />
              <lineColor r="92" g="92" b="92" a="100" />
              <font name="Lucida Grande" size="12">
                <color r="0" g="0" b="0" />
              </font>
            </style>
          </node>
        </node>
        <connection identifier="aab6f498" relationshipRef="id-7b93714b" xsi:type="Relationship" source="id-7c6b28db" target="c5eebd1c">
          <style>
            <lineColor r="255" g="0" b="0" />
            <font name="Lucida Grande" size="12">
              <color r="255" g="0" b="0" />
            </font>
          </style>
        </connection>
        <connection identifier="c139baf4" relationshipRef="e71c30ea" xsi:type="Relationship" source="id-54858f98" target="f888a7e1">
          <style>
            <lineColor r="0" g="0" b="0" />
            <font name="Lucida Grande" size="12">
              <color r="255" g="0" b="0" />
            </font>
          </style>
        </connection>
        <connection identifier="a49b267f" relationshipRef="id-8f58aa86" xsi:type="Relationship" source="id-75125c82" target="id-54858f98">
          <style>
            <lineColor r="255" g="0" b="0" />
            <font name="Lucida Grande" size="12">
              <color r="255" g="0" b="0" />
            </font>
          </style>
        </connection>
        <connection identifier="id-19315627" relationshipRef="cf756677" xsi:type="Relationship" source="id-75125c82" target="id-4bb8dda0">
          <style>
            <lineColor r="255" g="0" b="0" />
            <font name="Lucida Grande" size="12">
              <color r="255" g="0" b="0" />
            </font>
          </style>
        </connection>
        <connection identifier="id-543edbdd" relationshipRef="id-5f4d1b39" xsi:type="Relationship" source="d163b17b" target="id-54858f98">
          <style>
            <lineColor r="0" g="0" b="255" />
            <font name="Lucida Grande" size="12">
              <color r="0" g="0" b="0" />
            </font>
          </style>
        </connection>
        <connection identifier="id-30156aee" relationshipRef="d26ac2e9" xsi:type="Relationship" source="d163b17b" target="id-32f6dad1">
          <style>
            <lineColor r="128" g="128" b="128" />
            <font name="Lucida Grande" size="12">
              <color r="0" g="0" b="0" />
            </font>
          </style>
        </connection>
        <connection identifier="id-5d106b9b" relationshipRef="id-2f5ee681" xsi:type="Relationship" source="ae49747c" target="f888a7e1">
          <style>
            <lineColor r="0" g="0" b="0" />
            <font name="Lucida Grande" size="12">
              <color r="0" g="0" b="0" />
            </font>
          </style>
        </connection>
        <connection identifier="id-4e1b87dc" relationshipRef="id-866b5d4f" xsi:type="Relationship" source="id-92108fc7" target="ae49747c">
          <style>
            <lineColor r="255" g="0" b="0" />
            <font name="Lucida Grande" size="12">
              <color r="255" g="0" b="0" />
            </font>
          </style>
        </connection>
        <connection identifier="id-7e114b49" relationshipRef="id-21564fa4" xsi:type="Relationship" source="id-92108fc7" target="id-3a13c99f">
          <style>
            <lineColor r="255" g="0" b="0" />
            <font name="Lucida Grande" size="12">
              <color r="255" g="0" b="0" />
            </font>
          </style>
        </connection>
        <connection identifier="id-041efe96" relationshipRef="f88a0c07" xsi:type="Relationship" source="abf0bf51" target="ae49747c">
          <style>
            <lineColor r="0" g="0" b="255" />
            <font name="Lucida Grande" size="12">
              <color r="0" g="0" b="0" />
            </font>
          </style>
        </connection>
        <connection identifier="id-9fa4e7aa" relationshipRef="id-0906a41b" xsi:type="Relationship" source="abf0bf51" target="id-702ee811">
          <style>
            <lineColor r="128" g="128" b="128" />
            <font name="Lucida Grande" size="12">
              <color r="0" g="0" b="0" />
            </font>
          </style>
        </connection>
        <connection identifier="a0292371" relationshipRef="ccdc8ffc" xsi:type="Relationship" source="c5eebd1c" target="f888a7e1">
          <style>
            <lineColor r="0" g="0" b="0" />
            <font name="Lucida Grande" size="12">
              <color r="0" g="0" b="0" />
            </font>
          </style>
        </connection>
        <connection identifier="id-4d01e495" relationshipRef="id-61341339" xsi:type="Relationship" source="id-21adf3a1" target="id-7c6b28db">
          <style>
            <lineColor r="255" g="0" b="0" />
            <font name="Lucida Grande" size="12">
              <color r="255" g="0" b="0" />
            </font>
          </style>
        </connection>
        <connection identifier="id-940ce598" relationshipRef="e39cc4db" xsi:type="Relationship" source="id-83de81f7" target="id-4bb8dda0">
          <style>
            <lineColor r="255" g="0" b="0" />
            <font name="Lucida Grande" size="12">
              <color r="255" g="0" b="0" />
            </font>
          </style>
        </connection>
        <connection identifier="c3fb7a39" relationshipRef="e5b71e0a" xsi:type="Relationship" source="b4c69747" target="id-3a13c99f">
          <style>
            <lineColor r="255" g="0" b="0" />
            <font name="Lucida Grande" size="12">
              <color r="255" g="0" b="0" />
            </font>
          </style>
        </connection>
        <connection identifier="id-1c156d9c" relationshipRef="d529a273" xsi:type="Relationship" source="e9980402" target="id-7c6b28db">
          <style>
            <lineColor r="0" g="0" b="255" />
            <font name="Lucida Grande" size="12">
              <color r="0" g="0" b="0" />
            </font>
          </style>
        </connection>
        <connection identifier="id-3d7a1fb5" relationshipRef="id-32338488" xsi:type="Relationship" source="id-6679a0c8" target="id-32f6dad1">
          <style>
            <lineColor r="0" g="128" b="0" />
            <font name="Lucida Grande" size="12">
              <color r="0" g="0" b="0" />
            </font>
          </style>
        </connection>
        <connection identifier="id-0db45450" relationshipRef="id-6e9579bf" xsi:type="Relationship" source="de3a1129" target="id-702ee811">
          <style>
            <lineColor r="0" g="128" b="0" />
            <font name="Lucida Grande" size="12">
              <color r="0" g="0" b="0" />
            </font>
          </style>
        </connection>
      </view>
      <view identifier="abbe1ba7" xsi:type="Diagram">
        <name>uml</name>
        <node identifier="id-247560e3" elementRef="b2e06ffc" xsi:type="Element" x="1305" y="659" w="120" h="55">
          <style>
            <fillColor r="181" g="255" b="255" a="100" />
            <lineColor r="92" g="92" b="92" a="100" />
            <font name="Lucida Grande" size="12">
              <color r="0" g="0" b="0" />
            </font>
          </style>
        </node>
        <node identifier="ef553b92" x="780" y="440" w="400" h="220" xsi:type="Container">
          <label>class fabric 1</label>
          <style>
            <fillColor r="210" g="215" b="215" a="100" />
            <lineColor r="92" g="92" b="92" a="100" />
            <font name="Lucida Grande" size="12">
              <color r="0" g="0" b="0" />
            </font>
          </style>
          <node identifier="f904f2f1" elementRef="f2cbff7c" xsi:type="Element" x="1030" y="490" w="120" h="55">
            <style>
              <fillColor r="181" g="255" b="255" a="100" />
              <lineColor r="92" g="92" b="92" a="100" />
              <font name="Lucida Grande" size="12">
                <color r="0" g="0" b="0" />
              </font>
            </style>
          </node>
          <node identifier="f3329ca1" elementRef="id-21590541" xsi:type="Element" x="810" y="490" w="120" h="55">
            <style>
              <fillColor r="181" g="255" b="255" a="100" />
              <lineColor r="92" g="92" b="92" a="100" />
              <font name="Lucida Grande" size="12">
                <color r="0" g="0" b="0" />
              </font>
            </style>
          </node>
          <node identifier="id-3d192455" elementRef="id-338f1621" xsi:type="Element" x="810" y="580" w="120" h="55">
            <style>
              <fillColor r="181" g="255" b="255" a="100" />
              <lineColor r="92" g="92" b="92" a="100" />
              <font name="Lucida Grande" size="12">
                <color r="0" g="0" b="0" />
              </font>
            </style>
          </node>
        </node>
        <node identifier="id-3eb2a017" x="785" y="710" w="400" h="230" xsi:type="Container">
          <label>class fabric 2</label>
          <style>
            <fillColor r="210" g="215" b="215" a="100" />
            <lineColor r="92" g="92" b="92" a="100" />
            <font name="Lucida Grande" size="12">
              <color r="0" g="0" b="0" />
            </font>
          </style>
          <node identifier="id-3b9b8392" elementRef="id-56f2deee" xsi:type="Element" x="815" y="760" w="120" h="55">
            <style>
              <fillColor r="181" g="255" b="255" a="100" />
              <lineColor r="92" g="92" b="92" a="100" />
              <font name="Lucida Grande" size="12">
                <color r="0" g="0" b="0" />
              </font>
            </style>
          </node>
          <node identifier="e8b6dafa" elementRef="id-086903f3" xsi:type="Element" x="815" y="850" w="120" h="55">
            <style>
              <fillColor r="181" g="255" b="255" a="100" />
              <lineColor r="92" g="92" b="92" a="100" />
              <font name="Lucida Grande" size="12">
                <color r="0" g="0" b="0" />
              </font>
            </style>
          </node>
          <node identifier="id-3141f5c5" elementRef="id-2e39737d" xsi:type="Element" x="1025" y="840" w="120" h="55">
            <style>
              <fillColor r="181" g="255" b="255" a="100" />
              <lineColor r="92" g="92" b="92" a="100" />
              <font name="Lucida Grande" size="12">
                <color r="0" g="0" b="0" />
              </font>
            </style>
          </node>
        </node>
        <node identifier="id-83ff7c87" elementRef="id-8d57690a" xsi:type="Element" x="20" y="490" w="120" h="55">
          <style>
            <fillColor r="181" g="255" b="255" a="100" />
            <lineColor r="92" g="92" b="92" a="100" />
            <font name="Lucida Grande" size="12">
              <color r="0" g="0" b="0" />
            </font>
          </style>
        </node>
        <node identifier="id-21562dcc" elementRef="id-9eb56012" xsi:type="Element" x="330" y="490" w="120" h="55">
          <style>
            <fillColor r="181" g="255" b="255" a="100" />
            <lineColor r="92" g="92" b="92" a="100" />
            <font name="Lucida Grande" size="12">
              <color r="0" g="0" b="0" />
            </font>
          </style>
        </node>
        <node identifier="id-0f9ae031" elementRef="id-8f847e3f" xsi:type="Element" x="330" y="760" w="120" h="55">
          <style>
            <fillColor r="181" g="255" b="255" a="100" />
            <lineColor r="92" g="92" b="92" a="100" />
            <font name="Lucida Grande" size="12">
              <color r="0" g="0" b="0" />
            </font>
          </style>
        </node>
        <node identifier="id-5157e9ee" elementRef="id-404954e5" xsi:type="Element" x="30" y="850" w="120" h="55">
          <style>
            <fillColor r="181" g="255" b="255" a="100" />
            <lineColor r="92" g="92" b="92" a="100" />
            <font name="Lucida Grande" size="12">
              <color r="0" g="0" b="0" />
            </font>
          </style>
        </node>
        <node identifier="id-84f5ae52" elementRef="id-73948603" xsi:type="Element" x="330" y="590" w="120" h="55">
          <style>
            <fillColor r="181" g="255" b="255" a="100" />
            <lineColor r="92" g="92" b="92" a="100" />
            <font name="Lucida Grande" size="12">
              <color r="0" g="0" b="0" />
            </font>
          </style>
        </node>
        <node identifier="id-5786594d" elementRef="dbcabc51" xsi:type="Element" x="330" y="850" w="120" h="55">
          <style>
            <fillColor r="181" g="255" b="255" a="100" />
            <lineColor r="92" g="92" b="92" a="100" />
            <font name="Lucida Grande" size="12">
              <color r="0" g="0" b="0" />
            </font>
          </style>
        </node>
        <node identifier="id-27ef7a73" x="10" y="120" w="1461" h="129" xsi:type="Container">
          <label>programm</label>
          <style>
            <fillColor r="210" g="215" b="215" a="100" />
            <lineColor r="92" g="92" b="92" a="100" />
            <font name="Lucida Grande" size="12">
              <color r="0" g="0" b="0" />
            </font>
          </style>
          <node identifier="id-8040944d" elementRef="id-9b116628" xsi:type="Element" x="656" y="162" w="120" h="55">
            <style>
              <fillColor r="181" g="255" b="255" a="100" />
              <lineColor r="92" g="92" b="92" a="100" />
              <font name="Lucida Grande" size="12">
                <color r="0" g="0" b="0" />
              </font>
            </style>
          </node>
        </node>
        <connection identifier="id-9ac81112" relationshipRef="id-0c2ef66d" xsi:type="Relationship" source="id-247560e3" target="id-8040944d">
          <style>
            <lineColor r="0" g="0" b="0" />
            <font name="Lucida Grande" size="12">
              <color r="0" g="0" b="0" />
            </font>
          </style>
          <bendpoint x="1340" y="370" />
          <bendpoint x="760" y="375" />
        </connection>
        <connection identifier="id-7924fef4" relationshipRef="id-61341339" xsi:type="Relationship" source="f904f2f1" target="id-247560e3">
          <style>
            <lineColor r="0" g="0" b="0" />
            <font name="Lucida Grande" size="12">
              <color r="0" g="0" b="0" />
            </font>
          </style>
        </connection>
        <connection identifier="dde14088" relationshipRef="a9e43610" xsi:type="Relationship" source="f904f2f1" target="f3329ca1">
          <style>
            <lineColor r="0" g="0" b="0" />
            <font name="Lucida Grande" size="12">
              <color r="0" g="0" b="0" />
            </font>
          </style>
        </connection>
        <connection identifier="b30e13b6" relationshipRef="cfa3bf4d" xsi:type="Relationship" source="f904f2f1" target="id-3d192455">
          <style>
            <lineColor r="0" g="0" b="0" />
            <font name="Lucida Grande" size="12">
              <color r="0" g="0" b="0" />
            </font>
          </style>
        </connection>
        <connection identifier="id-486dc544" relationshipRef="d529a273" xsi:type="Relationship" source="id-3141f5c5" target="id-247560e3">
          <style>
            <lineColor r="0" g="0" b="0" />
            <font name="Lucida Grande" size="12">
              <color r="0" g="0" b="0" />
            </font>
          </style>
        </connection>
        <connection identifier="id-22485adc" relationshipRef="e7a27a47" xsi:type="Relationship" source="id-3141f5c5" target="id-3b9b8392">
          <style>
            <lineColor r="0" g="0" b="0" />
            <font name="Lucida Grande" size="12">
              <color r="0" g="0" b="0" />
            </font>
          </style>
        </connection>
        <connection identifier="id-4b1de6c9" relationshipRef="id-68d510a4" xsi:type="Relationship" source="id-3141f5c5" target="e8b6dafa">
          <style>
            <lineColor r="0" g="0" b="0" />
            <font name="Lucida Grande" size="12">
              <color r="0" g="0" b="0" />
            </font>
          </style>
        </connection>
        <connection identifier="id-914701d2" relationshipRef="id-7d801997" xsi:type="Relationship" source="id-83ff7c87" target="id-8040944d">
          <style>
            <lineColor r="0" g="0" b="0" />
            <font name="Lucida Grande" size="12">
              <color r="0" g="0" b="0" />
            </font>
          </style>
          <bendpoint x="200" y="505" />
          <bendpoint x="200" y="365" />
          <bendpoint x="734" y="361" />
        </connection>
        <connection identifier="id-67560631" relationshipRef="id-8f58aa86" xsi:type="Relationship" source="id-21562dcc" target="id-83ff7c87">
          <style>
            <lineColor r="0" g="0" b="0" />
            <font name="Lucida Grande" size="12">
              <color r="0" g="0" b="0" />
            </font>
          </style>
        </connection>
        <connection identifier="dbdb8fc7" relationshipRef="b3b0fa92" xsi:type="Relationship" source="id-21562dcc" target="f3329ca1">
          <style>
            <lineColor r="0" g="0" b="0" />
            <font name="Lucida Grande" size="12">
              <color r="0" g="0" b="0" />
            </font>
          </style>
        </connection>
        <connection identifier="id-52bf0cef" relationshipRef="id-5f4d1b39" xsi:type="Relationship" source="id-0f9ae031" target="id-83ff7c87">
          <style>
            <lineColor r="0" g="0" b="0" />
            <font name="Lucida Grande" size="12">
              <color r="0" g="0" b="0" />
            </font>
          </style>
        </connection>
        <connection identifier="e6c4918a" relationshipRef="id-368cb388" xsi:type="Relationship" source="id-0f9ae031" target="id-3b9b8392">
          <style>
            <lineColor r="0" g="0" b="0" />
            <font name="Lucida Grande" size="12">
              <color r="0" g="0" b="0" />
            </font>
          </style>
        </connection>
        <connection identifier="id-2cfdf7bc" relationshipRef="id-0e9c84bc" xsi:type="Relationship" source="id-5157e9ee" target="id-8040944d">
          <style>
            <lineColor r="0" g="0" b="0" />
            <font name="Lucida Grande" size="12">
              <color r="0" g="0" b="0" />
            </font>
          </style>
          <bendpoint x="209" y="870" />
          <bendpoint x="209" y="381" />
          <bendpoint x="740" y="375" />
        </connection>
        <connection identifier="id-47dfdf75" relationshipRef="id-866b5d4f" xsi:type="Relationship" source="id-84f5ae52" target="id-5157e9ee">
          <style>
            <lineColor r="0" g="0" b="0" />
            <font name="Lucida Grande" size="12">
              <color r="0" g="0" b="0" />
            </font>
          </style>
        </connection>
        <connection identifier="id-388be2b2" relationshipRef="id-0a3f57a5" xsi:type="Relationship" source="id-84f5ae52" target="id-3d192455">
          <style>
            <lineColor r="0" g="0" b="0" />
            <font name="Lucida Grande" size="12">
              <color r="0" g="0" b="0" />
            </font>
          </style>
        </connection>
        <connection identifier="id-3c210852" relationshipRef="f88a0c07" xsi:type="Relationship" source="id-5786594d" target="id-5157e9ee">
          <style>
            <lineColor r="0" g="0" b="0" />
            <font name="Lucida Grande" size="12">
              <color r="0" g="0" b="0" />
            </font>
          </style>
        </connection>
        <connection identifier="c3d5577a" relationshipRef="id-4c7664fe" xsi:type="Relationship" source="id-5786594d" target="e8b6dafa">
          <style>
            <lineColor r="0" g="0" b="0" />
            <font name="Lucida Grande" size="12">
              <color r="0" g="0" b="0" />
            </font>
          </style>
        </connection>
      </view>
      <view identifier="id-3f011e7c-2b50-4a0d-9f04-340446212b6f" xsi:type="Diagram">
        <name>DI refer to concrete comp</name>
        <node identifier="b5c4baf4-1974-448c-a91a-275a93ce93a7" x="540" y="560" w="761" h="371" xsi:type="Container">
          <label>Isolate all dependencies to specific classes in one place</label>
          <style>
            <fillColor r="255" g="146" b="0" a="100" />
            <lineColor r="92" g="92" b="92" a="100" />
            <font name="Lucida Grande" size="12">
              <color r="0" g="0" b="0" />
            </font>
          </style>
        </node>
        <node identifier="c4b1d4c5-3f2a-4412-8b26-38f09af18b79" elementRef="id-6a1a3678-36bf-49b3-b37a-a32cc9688067" xsi:type="Element" x="700" y="436" w="120" h="55">
          <style>
            <fillColor r="181" g="255" b="255" a="100" />
            <lineColor r="92" g="92" b="92" a="100" />
            <font name="Lucida Grande" size="12">
              <color r="0" g="0" b="0" />
            </font>
          </style>
        </node>
        <node identifier="a0e7cf8e-f2af-4ef1-9c9c-89e00e67461b" elementRef="id-8f273a67-bc79-424e-80c7-d07ac07161be" xsi:type="Element" x="1106" y="390" w="120" h="55">
          <style>
            <fillColor r="181" g="255" b="255" a="100" />
            <lineColor r="92" g="92" b="92" a="100" />
            <font name="Lucida Grande" size="12">
              <color r="0" g="0" b="0" />
            </font>
          </style>
        </node>
        <node identifier="id-70f3de6c-a2bc-4b8c-8709-b15e72d71b31" elementRef="id-8fe47af6-ad2f-4e3c-bcf3-d67e3321af17" xsi:type="Element" x="1101" y="663" w="120" h="55">
          <style>
            <fillColor r="181" g="255" b="255" a="100" />
            <lineColor r="92" g="92" b="92" a="100" />
            <font name="Lucida Grande" size="12">
              <color r="0" g="0" b="0" />
            </font>
          </style>
        </node>
        <node identifier="id-126ad379-27ed-4817-b1a1-08150c15049d" elementRef="ea17c9ec-2d10-486c-aaf7-4973ed9c803b" xsi:type="Element" x="1140" y="490" w="120" h="55">
          <style>
            <fillColor r="181" g="255" b="255" a="100" />
            <lineColor r="92" g="92" b="92" a="100" />
            <font name="Lucida Grande" size="12">
              <color r="0" g="0" b="0" />
            </font>
          </style>
        </node>
        <node identifier="af3ae107-c573-4c82-b608-a6f5c0a9578c" elementRef="id-162403c4-a237-4838-ab0d-47964607021a" xsi:type="Element" x="1101" y="763" w="120" h="55">
          <style>
            <fillColor r="181" g="255" b="255" a="100" />
            <lineColor r="92" g="92" b="92" a="100" />
            <font name="Lucida Grande" size="12">
              <color r="0" g="0" b="0" />
            </font>
          </style>
        </node>
        <node identifier="id-757400bb-7aab-480a-a9d9-c7bb9bf59083" x="163" y="179" w="1278" h="129" xsi:type="Container">
          <label>programm</label>
          <style>
            <fillColor r="210" g="215" b="215" a="100" />
            <lineColor r="92" g="92" b="92" a="100" />
            <font name="Lucida Grande" size="12">
              <color r="0" g="0" b="0" />
            </font>
          </style>
          <node identifier="c29476f1-d9ea-4115-90e9-3054b110f1d2" elementRef="id-072aaeb9-ee33-43f4-b7e2-7ed8425f4fc6" xsi:type="Element" x="1103" y="219" w="120" h="55">
            <style>
              <fillColor r="181" g="255" b="255" a="100" />
              <lineColor r="92" g="92" b="92" a="100" />
              <font name="Lucida Grande" size="12">
                <color r="0" g="0" b="0" />
              </font>
            </style>
          </node>
          <node identifier="id-5d082418-d901-48bf-a802-6c7c4afc60f5" elementRef="b5598da5-1296-4bd9-b4e1-66dbd77aed0d" xsi:type="Element" x="693" y="219" w="120" h="55">
            <style>
              <fillColor r="181" g="255" b="255" a="100" />
              <lineColor r="92" g="92" b="92" a="100" />
              <font name="Lucida Grande" size="12">
                <color r="0" g="0" b="0" />
              </font>
            </style>
          </node>
          <node identifier="id-81f77d95-fb37-4a32-ab8b-0f9ce5a1a289" elementRef="id-07253f76-f259-48c5-a7d5-5814ef810fd1" xsi:type="Element" x="263" y="219" w="120" h="55">
            <style>
              <fillColor r="181" g="255" b="255" a="100" />
              <lineColor r="92" g="92" b="92" a="100" />
              <font name="Lucida Grande" size="12">
                <color r="0" g="0" b="0" />
              </font>
            </style>
          </node>
        </node>
        <node identifier="f69b1db8-f0d1-4224-a52a-0e505a0921b4" xsi:type="Label" x="140" y="80" w="201" h="80">
          <label>In the whole program (except for the factory inside and one factory creation) we work only with interfaces (and do not refer to specific classes)</label>
          <style>
            <fillColor r="255" g="255" b="255" a="100" />
            <lineColor r="92" g="92" b="92" a="100" />
            <font name="Lucida Grande" size="12">
              <color r="255" g="0" b="0" />
            </font>
          </style>
        </node>
        <node identifier="cc1ed96b-e259-4ce0-9cb9-3b74d9e74488" elementRef="b95ae8ff-cefa-4f1b-808c-fed75cb53b0c" xsi:type="Element" x="571" y="630" w="400" h="220">
          <style>
            <fillColor r="181" g="255" b="255" a="100" />
            <lineColor r="92" g="92" b="92" a="100" />
            <font name="Lucida Grande" size="12">
              <color r="0" g="0" b="0" />
            </font>
          </style>
          <node identifier="b1586638-99d4-43fa-857b-337634c4714a" elementRef="ff7136b1-60f9-4c38-bcb9-b9bdfe35923a" xsi:type="Element" x="631" y="680" w="120" h="55">
            <style>
              <fillColor r="181" g="255" b="255" a="100" />
              <lineColor r="92" g="92" b="92" a="100" />
              <font name="Lucida Grande" size="12">
                <color r="0" g="0" b="0" />
              </font>
            </style>
          </node>
          <node identifier="id-1ff990b4-142f-450a-801b-c777da480604" elementRef="id-7b97f720-52cc-408d-87cf-96521c2b7072" xsi:type="Element" x="631" y="770" w="120" h="55">
            <style>
              <fillColor r="181" g="255" b="255" a="100" />
              <lineColor r="92" g="92" b="92" a="100" />
              <font name="Lucida Grande" size="12">
                <color r="0" g="0" b="0" />
              </font>
            </style>
          </node>
        </node>
        <node identifier="ae220e23-c4e1-4e53-8cf4-f212e513dbaf" elementRef="a6e809ba-dc2a-49ac-a3e3-1486df8365d3" xsi:type="Element" x="210" y="630" w="242" h="220">
          <style>
            <fillColor r="181" g="255" b="255" a="100" />
            <lineColor r="92" g="92" b="92" a="100" />
            <font name="Lucida Grande" size="12">
              <color r="0" g="0" b="0" />
            </font>
          </style>
          <node identifier="ebfadb9f-532e-4d37-a2a1-90b2e688893a" elementRef="id-737fdfff-3584-4437-8218-cd65a7beca11" xsi:type="Element" x="276" y="713" w="120" h="55">
            <style>
              <fillColor r="181" g="255" b="255" a="100" />
              <lineColor r="92" g="92" b="92" a="100" />
              <font name="Lucida Grande" size="12">
                <color r="0" g="0" b="0" />
              </font>
            </style>
          </node>
        </node>
        <node identifier="id-92bf138a-136e-47b6-998c-75817ffbfcb7" xsi:type="Label" x="110" y="544" w="185" h="80">
          <label>When you start the program in the main method, create all factories - this isolates the creation of all specific dependencies in one place</label>
          <style>
            <fillColor r="255" g="255" b="255" a="100" />
            <lineColor r="92" g="92" b="92" a="100" />
            <font name="Lucida Grande" size="12">
              <color r="0" g="0" b="0" />
            </font>
          </style>
        </node>
        <connection identifier="id-8a3645b9-d6c4-41b6-b99b-aa75e58e01a5" relationshipRef="id-69c362c8-e5fe-4e06-b8b7-9130bf4572d3" xsi:type="Relationship" source="c4b1d4c5-3f2a-4412-8b26-38f09af18b79" target="id-5d082418-d901-48bf-a802-6c7c4afc60f5">
          <style>
            <lineColor r="0" g="0" b="0" />
            <font name="Lucida Grande" size="12">
              <color r="255" g="0" b="0" />
            </font>
          </style>
        </connection>
        <connection identifier="id-1d7ae281-f9be-47df-913b-e32caf9c00aa" relationshipRef="id-0f717cc3-6db7-4461-9cf9-ef002f5e8c11" xsi:type="Relationship" source="a0e7cf8e-f2af-4ef1-9c9c-89e00e67461b" target="c29476f1-d9ea-4115-90e9-3054b110f1d2">
          <style>
            <lineColor r="0" g="0" b="0" />
            <font name="Lucida Grande" size="12">
              <color r="255" g="0" b="0" />
            </font>
          </style>
        </connection>
        <connection identifier="id-88ccf47f-e7db-4544-be14-b406c865151c" relationshipRef="id-60eda984-0648-4281-8233-9aa5392af59d" xsi:type="Relationship" source="id-70f3de6c-a2bc-4b8c-8709-b15e72d71b31" target="a0e7cf8e-f2af-4ef1-9c9c-89e00e67461b">
          <style>
            <lineColor r="0" g="0" b="0" />
            <font name="Lucida Grande" size="12">
              <color r="255" g="0" b="0" />
            </font>
          </style>
        </connection>
        <connection identifier="id-83129d2b-d764-422f-8696-6f26b7391253" relationshipRef="d911e60f-1ae5-425a-9480-2f826a1d8ae0" xsi:type="Relationship" source="id-70f3de6c-a2bc-4b8c-8709-b15e72d71b31" target="b1586638-99d4-43fa-857b-337634c4714a">
          <style lineWidth="3">
            <lineColor r="255" g="0" b="0" />
            <font name="Lucida Grande" size="12">
              <color r="255" g="0" b="0" />
            </font>
          </style>
        </connection>
        <connection identifier="id-3a5196df-b1c6-4225-a630-1d88be2839f6" relationshipRef="id-96704374-ad3e-4fa5-9e6a-cc33029dd105" xsi:type="Relationship" source="id-126ad379-27ed-4817-b1a1-08150c15049d" target="c29476f1-d9ea-4115-90e9-3054b110f1d2">
          <style>
            <lineColor r="0" g="0" b="0" />
            <font name="Lucida Grande" size="12">
              <color r="0" g="0" b="0" />
            </font>
          </style>
        </connection>
        <connection identifier="id-3869c823-8e0e-44d3-b5f4-3fe635baf345" relationshipRef="f0054aa5-b803-4706-ae2b-b411a67d89e4" xsi:type="Relationship" source="af3ae107-c573-4c82-b608-a6f5c0a9578c" target="id-126ad379-27ed-4817-b1a1-08150c15049d">
          <style>
            <lineColor r="0" g="0" b="0" />
            <font name="Lucida Grande" size="12">
              <color r="255" g="0" b="0" />
            </font>
          </style>
        </connection>
        <connection identifier="a4dad797-8ea2-4d8b-9131-e6858d5b36f7" relationshipRef="id-3d55a145-c929-4f77-a58d-da5908137594" xsi:type="Relationship" source="af3ae107-c573-4c82-b608-a6f5c0a9578c" target="id-1ff990b4-142f-450a-801b-c777da480604">
          <style lineWidth="3">
            <lineColor r="255" g="0" b="0" />
            <font name="Lucida Grande" size="12">
              <color r="255" g="0" b="0" />
            </font>
          </style>
        </connection>
        <connection identifier="id-8eb74fb3-cdc6-4986-8fd5-c8de791d335b" relationshipRef="id-521bf7ac-23dd-4e1b-a096-f59ebe06525a" xsi:type="Relationship" source="id-5d082418-d901-48bf-a802-6c7c4afc60f5" target="c29476f1-d9ea-4115-90e9-3054b110f1d2">
          <style>
            <lineColor r="0" g="0" b="0" />
            <font name="Lucida Grande" size="12">
              <color r="0" g="0" b="0" />
            </font>
          </style>
        </connection>
        <connection identifier="id-4e4836d7-2927-492c-bcf9-407c4224a7b1" relationshipRef="id-42bc5797-0837-4340-9a73-28728ff66b70" xsi:type="Relationship" source="id-81f77d95-fb37-4a32-ab8b-0f9ce5a1a289" target="id-5d082418-d901-48bf-a802-6c7c4afc60f5">
          <style>
            <lineColor r="0" g="0" b="0" />
            <font name="Lucida Grande" size="12">
              <color r="0" g="0" b="0" />
            </font>
          </style>
        </connection>
        <connection identifier="id-2e54719e-9b44-426f-a8d3-043b7adfe771" relationshipRef="id-2ed57497-9e0e-4617-981d-61acd4d0dd09" xsi:type="Relationship" source="cc1ed96b-e259-4ce0-9cb9-3b74d9e74488" target="c4b1d4c5-3f2a-4412-8b26-38f09af18b79">
          <style>
            <lineColor r="0" g="0" b="0" />
            <font name="Lucida Grande" size="12">
              <color r="255" g="0" b="0" />
            </font>
          </style>
        </connection>
        <connection identifier="id-9e76964b-1a8f-48de-8ca7-f4a6d3549595" relationshipRef="id-8c6e5abd-e683-487f-9598-9c27854af9e3" xsi:type="Relationship" source="ae220e23-c4e1-4e53-8cf4-f212e513dbaf" target="id-81f77d95-fb37-4a32-ab8b-0f9ce5a1a289">
          <style>
            <lineColor r="255" g="38" b="0" />
            <font name="Lucida Grande" size="12">
              <color r="0" g="0" b="0" />
            </font>
          </style>
        </connection>
        <connection identifier="id-908a3914-602e-4859-9e12-28bee5695eb2" relationshipRef="b685141b-e032-49ad-98ae-78b5fdc7a4ea" xsi:type="Relationship" source="ebfadb9f-532e-4d37-a2a1-90b2e688893a" target="cc1ed96b-e259-4ce0-9cb9-3b74d9e74488">
          <style>
            <lineColor r="255" g="38" b="0" />
            <font name="Lucida Grande" size="12">
              <color r="0" g="0" b="0" />
            </font>
          </style>
        </connection>
      </view>
      <view identifier="id-49b2b995-8b75-460c-a799-177abdf4896a" xsi:type="Diagram">
        <name>factory (one fabric method with string parameter)</name>
        <node identifier="id-7f2f6ed9-c19a-44f2-9670-59fe74d207de" elementRef="b9e5d5f0-c007-405c-ab2e-9ec9aa25a401" xsi:type="Element" x="1480" y="664" w="400" h="220">
          <style>
            <fillColor r="181" g="255" b="255" a="100" />
            <lineColor r="92" g="92" b="92" a="100" />
            <font name="Lucida Grande" size="12">
              <color r="0" g="0" b="0" />
            </font>
          </style>
          <node identifier="id-349d0a15-4bd6-42a4-bea5-90b04f5ce27f" elementRef="eb0c1de9-d170-43f4-8a39-fb9a34f4ddc0" xsi:type="Element" x="1500" y="734" w="120" h="55">
            <style>
              <fillColor r="181" g="255" b="255" a="100" />
              <lineColor r="92" g="92" b="92" a="100" />
              <font name="Lucida Grande" size="12">
                <color r="0" g="0" b="0" />
              </font>
            </style>
          </node>
        </node>
        <node identifier="id-10a88979-2783-4b9c-979a-46c6752bdf71" elementRef="ef09b9de-055f-4b67-b233-4cb404ef95c1" xsi:type="Element" x="200" y="510" w="120" h="55">
          <style>
            <fillColor r="181" g="255" b="255" a="100" />
            <lineColor r="92" g="92" b="92" a="100" />
            <font name="Lucida Grande" size="12">
              <color r="0" g="0" b="0" />
            </font>
          </style>
        </node>
        <node identifier="b383af45-da4d-4661-9d42-fa77c1255c7f" elementRef="c92f1b4b-1c78-4574-8822-fbc27006d909" xsi:type="Element" x="510" y="510" w="120" h="55">
          <style>
            <fillColor r="181" g="255" b="255" a="100" />
            <lineColor r="92" g="92" b="92" a="100" />
            <font name="Lucida Grande" size="12">
              <color r="0" g="0" b="0" />
            </font>
          </style>
        </node>
        <node identifier="id-962b6b70-7b28-47f4-be67-990606c05beb" elementRef="id-9c8c6ea4-8ff6-4a0e-b534-27b26d6b155a" xsi:type="Element" x="510" y="780" w="120" h="55">
          <style>
            <fillColor r="181" g="255" b="255" a="100" />
            <lineColor r="92" g="92" b="92" a="100" />
            <font name="Lucida Grande" size="12">
              <color r="0" g="0" b="0" />
            </font>
          </style>
        </node>
        <node identifier="id-7bf008be-cd1a-447a-88e4-92d446c9d6af" elementRef="id-2add3e68-d63b-4e17-b97e-7f9aed2bed3a" xsi:type="Element" x="760" y="510" w="120" h="55">
          <style>
            <fillColor r="181" g="255" b="255" a="100" />
            <lineColor r="92" g="92" b="92" a="100" />
            <font name="Lucida Grande" size="12">
              <color r="128" g="128" b="128" />
            </font>
          </style>
        </node>
        <node identifier="id-4f4fc0fe-d9a2-4d0e-a5ec-042c06529ee9" elementRef="f87842b4-1002-4e9e-9168-abd90df2aaec" xsi:type="Element" x="210" y="870" w="120" h="55">
          <style>
            <fillColor r="181" g="255" b="255" a="100" />
            <lineColor r="92" g="92" b="92" a="100" />
            <font name="Lucida Grande" size="12">
              <color r="0" g="0" b="0" />
            </font>
          </style>
        </node>
        <node identifier="f729f2f6-f644-4af2-b55e-475a9c424c20" elementRef="id-1e4deaac-bc66-4088-b860-372bf65cc7b9" xsi:type="Element" x="510" y="610" w="120" h="55">
          <style>
            <fillColor r="181" g="255" b="255" a="100" />
            <lineColor r="92" g="92" b="92" a="100" />
            <font name="Lucida Grande" size="12">
              <color r="0" g="0" b="0" />
            </font>
          </style>
        </node>
        <node identifier="id-8f001fb7-de9a-4a45-b941-33b4f8979313" elementRef="id-80479433-ac33-4498-a3b5-eb9fdc53b429" xsi:type="Element" x="510" y="870" w="120" h="55">
          <style>
            <fillColor r="181" g="255" b="255" a="100" />
            <lineColor r="92" g="92" b="92" a="100" />
            <font name="Lucida Grande" size="12">
              <color r="0" g="0" b="0" />
            </font>
          </style>
        </node>
        <node identifier="a74156c0-dd25-4978-af71-9f83ecf82d57" elementRef="id-74d83228-d8cd-4141-a5b8-7298a0afee0b" xsi:type="Element" x="760" y="610" w="120" h="55">
          <style>
            <fillColor r="181" g="255" b="255" a="100" />
            <lineColor r="92" g="92" b="92" a="100" />
            <font name="Lucida Grande" size="12">
              <color r="128" g="128" b="128" />
            </font>
          </style>
        </node>
        <node identifier="id-82f19dcc-0d1d-46b8-a17f-c990278e2f59" elementRef="id-81aec419-1ef7-443d-ac8e-3ded0fcce84b" xsi:type="Element" x="760" y="780" w="120" h="55">
          <style>
            <fillColor r="181" g="255" b="255" a="100" />
            <lineColor r="92" g="92" b="92" a="100" />
            <font name="Lucida Grande" size="12">
              <color r="128" g="128" b="128" />
            </font>
          </style>
        </node>
        <node identifier="id-21011d77-993e-4f98-98fe-246c28d2e0c5" elementRef="id-9aec9235-48d1-453a-93b8-77a41b443204" xsi:type="Element" x="760" y="870" w="120" h="55">
          <style>
            <fillColor r="181" g="255" b="255" a="100" />
            <lineColor r="92" g="92" b="92" a="100" />
            <font name="Lucida Grande" size="12">
              <color r="128" g="128" b="128" />
            </font>
          </style>
        </node>
        <node identifier="id-1d0f9111-9241-4593-bcd8-c9c4a96fb228" x="190" y="140" w="1461" h="129" xsi:type="Container">
          <label>programm</label>
          <style>
            <fillColor r="210" g="215" b="215" a="100" />
            <lineColor r="92" g="92" b="92" a="100" />
            <font name="Lucida Grande" size="12">
              <color r="0" g="0" b="0" />
            </font>
          </style>
          <node identifier="id-2144dcd6-829c-4120-a8c5-954d09e2a626" elementRef="id-35c1f920-0be7-4123-8712-33238dc93817" xsi:type="Element" x="215" y="190" w="120" h="55">
            <style>
              <fillColor r="181" g="255" b="255" a="100" />
              <lineColor r="92" g="92" b="92" a="100" />
              <font name="Lucida Grande" size="12">
                <color r="0" g="0" b="0" />
              </font>
            </style>
          </node>
          <node identifier="id-8ad40cea-c009-4f47-99ff-ef287bdf90d6" elementRef="id-50443a79-989c-4848-99fd-b35be597700f" xsi:type="Element" x="1500" y="190" w="120" h="55">
            <style>
              <fillColor r="181" g="255" b="255" a="100" />
              <lineColor r="92" g="92" b="92" a="100" />
              <font name="Lucida Grande" size="12">
                <color r="0" g="0" b="0" />
              </font>
            </style>
          </node>
        </node>
        <node identifier="id-780cbdc5-a58c-4a18-b84d-e1abd59fdd16" xsi:type="Label" x="950" y="280" w="201" h="80">
          <label>select product group 1 or group 2&#xD;
(for example select A)</label>
          <style>
            <fillColor r="255" g="255" b="255" a="100" />
            <lineColor r="92" g="92" b="92" a="100" />
            <font name="Lucida Grande" size="12">
              <color r="255" g="0" b="0" />
            </font>
          </style>
        </node>
        <node identifier="c10b3a8e-99c4-4a62-970e-6837262a2ff1" elementRef="id-1f8cd77d-2d56-4343-b12a-545da3b40e14" xsi:type="Element" x="964" y="460" w="400" h="220">
          <style>
            <fillColor r="181" g="255" b="255" a="100" />
            <lineColor r="92" g="92" b="92" a="100" />
            <font name="Lucida Grande" size="12">
              <color r="0" g="0" b="0" />
            </font>
          </style>
          <node identifier="id-1ff4dad1-fbfc-4c99-95dc-fbd6bcc7db91" elementRef="id-2c6e2fbc-8519-450c-9f39-37475c2e876a" xsi:type="Element" x="1004" y="480" w="341" h="191">
            <style>
              <fillColor r="181" g="255" b="255" a="100" />
              <lineColor r="92" g="92" b="92" a="100" />
              <font name="Lucida Grande" size="12">
                <color r="0" g="0" b="0" />
              </font>
            </style>
            <node identifier="f381ab58-867a-4d41-9cbe-756cca61146e" elementRef="adc383fb-5bb9-4a1a-ab1f-621dca6d5860" xsi:type="Element" x="1194" y="500" w="15" h="15">
              <style>
                <fillColor r="0" g="0" b="0" a="100" />
                <lineColor r="92" g="92" b="92" a="100" />
                <font name="Lucida Grande" size="12">
                  <color r="0" g="0" b="0" />
                </font>
              </style>
            </node>
            <node identifier="id-9483aac4-9de0-461d-8552-960923a1c2c2" elementRef="ab510602-cd10-4871-948b-be1d14e6e396" xsi:type="Element" x="1044" y="520" w="120" h="55">
              <style>
                <fillColor r="181" g="255" b="255" a="100" />
                <lineColor r="92" g="92" b="92" a="100" />
                <font name="Lucida Grande" size="12">
                  <color r="0" g="0" b="0" />
                </font>
              </style>
            </node>
            <node identifier="c8bbdbd1-d8f3-485b-a8d8-fdc3f897573a" elementRef="id-35e27c64-a856-46be-bec3-4485bc16622e" xsi:type="Element" x="1194" y="590" w="120" h="55">
              <style>
                <fillColor r="181" g="255" b="255" a="100" />
                <lineColor r="92" g="92" b="92" a="100" />
                <font name="Lucida Grande" size="12">
                  <color r="0" g="0" b="0" />
                </font>
              </style>
            </node>
            <node identifier="id-2c268dc4-8044-40ab-85a2-c06e767768d7" xsi:type="Label" x="1226" y="502" w="99" h="59">
              <label>Depends on string  "A" or "B" method creates A1 or B1</label>
              <style>
                <fillColor r="255" g="255" b="255" a="100" />
                <lineColor r="92" g="92" b="92" a="100" />
                <font name="Lucida Grande" size="12">
                  <color r="0" g="0" b="0" />
                </font>
              </style>
            </node>
          </node>
        </node>
        <node identifier="id-7df58268-2dd0-4329-b001-f920070cae5a" elementRef="b817e5eb-59ee-4db4-b143-f55c96de6aba" xsi:type="Element" x="964" y="733" w="400" h="230">
          <style>
            <fillColor r="181" g="255" b="255" a="100" />
            <lineColor r="92" g="92" b="92" a="100" />
            <font name="Lucida Grande" size="12">
              <color r="0" g="0" b="0" />
            </font>
          </style>
          <node identifier="id-648783ae-17c3-4f41-ac13-eb4ce1663906" elementRef="id-232421ae-e981-4411-bf66-80775427b914" xsi:type="Element" x="1004" y="753" w="341" h="191">
            <style>
              <fillColor r="181" g="255" b="255" a="100" />
              <lineColor r="92" g="92" b="92" a="100" />
              <font name="Lucida Grande" size="12">
                <color r="0" g="0" b="0" />
              </font>
            </style>
            <node identifier="id-393cb4cf-1b13-4fc6-b664-f7b4f1134c19" elementRef="id-1f4d745b-66b3-42ea-8cbf-02570b6c9d62" xsi:type="Element" x="1044" y="793" w="120" h="55">
              <style>
                <fillColor r="181" g="255" b="255" a="100" />
                <lineColor r="92" g="92" b="92" a="100" />
                <font name="Lucida Grande" size="12">
                  <color r="0" g="0" b="0" />
                </font>
              </style>
            </node>
            <node identifier="id-4ae37b6d-1c0c-4875-8c4f-9d650e37ab5f" elementRef="id-4f4814e9-8f3e-4c8b-ab29-78e96fe7dd4d" xsi:type="Element" x="1194" y="873" w="120" h="55">
              <style>
                <fillColor r="181" g="255" b="255" a="100" />
                <lineColor r="92" g="92" b="92" a="100" />
                <font name="Lucida Grande" size="12">
                  <color r="0" g="0" b="0" />
                </font>
              </style>
            </node>
            <node identifier="id-9208f679-537a-4933-a6c4-2699af52de89" elementRef="id-781ce197-b827-4511-ac32-01087171715c" xsi:type="Element" x="1223" y="773" w="15" h="15">
              <style>
                <fillColor r="0" g="0" b="0" a="100" />
                <lineColor r="92" g="92" b="92" a="100" />
                <font name="Lucida Grande" size="12">
                  <color r="0" g="0" b="0" />
                </font>
              </style>
            </node>
            <node identifier="id-127cebae-415b-436b-9525-f5e4419da658" xsi:type="Label" x="1237" y="791" w="99" h="59">
              <label>Depends on string "A" or "B" method creates A2 or B2</label>
              <style>
                <fillColor r="255" g="255" b="255" a="100" />
                <lineColor r="92" g="92" b="92" a="100" />
                <font name="Lucida Grande" size="12">
                  <color r="0" g="0" b="0" />
                </font>
              </style>
            </node>
          </node>
        </node>
        <node identifier="id-2d4204fa-64f1-4e2c-a6cf-f3ada5372fd2" xsi:type="Label" x="1630" y="720" w="191" h="91">
          <label>when you add a new product class, the interface remains unchanged (that is, no new methods are added to it) and you do not need to recompile any classes that depend on that interface</label>
          <style>
            <fillColor r="255" g="255" b="255" a="100" />
            <lineColor r="92" g="92" b="92" a="100" />
            <font name="Lucida Grande" size="12">
              <color r="0" g="0" b="0" />
            </font>
          </style>
        </node>
        <node identifier="d0ed54fb-39b1-4df0-8560-84f16069eabd" xsi:type="Label" x="1320" y="900" w="211" h="107">
          <label>when a new product class is added, the change is made only to the factory implementation.  The solution is potentially dangerous because an error in writing the class name (string argument passed to the input of the function) will lead to a runtime error</label>
          <style>
            <fillColor r="255" g="255" b="255" a="100" />
            <lineColor r="92" g="92" b="92" a="100" />
            <font name="Lucida Grande" size="12">
              <color r="0" g="0" b="0" />
            </font>
          </style>
        </node>
        <connection identifier="id-33a5872d-77cd-486e-916a-98c2eb8fc739" relationshipRef="id-70e95cb2-5fd7-48fa-b362-70bfdd466ff1" xsi:type="Relationship" source="id-7f2f6ed9-c19a-44f2-9670-59fe74d207de" target="id-8ad40cea-c009-4f47-99ff-ef287bdf90d6">
          <style>
            <lineColor r="255" g="0" b="0" />
            <font name="Lucida Grande" size="12">
              <color r="255" g="0" b="0" />
            </font>
          </style>
        </connection>
        <connection identifier="da606b58-fcf8-4034-ab30-8f731a728c98" relationshipRef="id-68aef2a5-23e1-4365-af28-1b097e0873d4" xsi:type="Relationship" source="id-10a88979-2783-4b9c-979a-46c6752bdf71" target="id-2144dcd6-829c-4120-a8c5-954d09e2a626">
          <style>
            <lineColor r="0" g="0" b="0" />
            <font name="Lucida Grande" size="12">
              <color r="255" g="0" b="0" />
            </font>
          </style>
        </connection>
        <connection identifier="id-9c717567-18f5-4712-a9a2-38016135d923" relationshipRef="id-23cf5347-3308-43da-ab36-d23227a96e32" xsi:type="Relationship" source="b383af45-da4d-4661-9d42-fa77c1255c7f" target="id-10a88979-2783-4b9c-979a-46c6752bdf71">
          <style>
            <lineColor r="255" g="0" b="0" />
            <font name="Lucida Grande" size="12">
              <color r="255" g="0" b="0" />
            </font>
          </style>
        </connection>
        <connection identifier="id-957b1189-0b82-4723-8167-5c034cdb7ce5" relationshipRef="acad8513-2a7d-4e9c-a85c-a97761aa4d72" xsi:type="Relationship" source="b383af45-da4d-4661-9d42-fa77c1255c7f" target="id-7bf008be-cd1a-447a-88e4-92d446c9d6af">
          <style>
            <lineColor r="255" g="0" b="0" />
            <font name="Lucida Grande" size="12">
              <color r="255" g="0" b="0" />
            </font>
          </style>
        </connection>
        <connection identifier="id-308351f8-41db-4159-b64f-7d0465fcc30c" relationshipRef="id-28ab418e-7e68-438a-adb3-387272bbdf1a" xsi:type="Relationship" source="id-962b6b70-7b28-47f4-be67-990606c05beb" target="id-10a88979-2783-4b9c-979a-46c6752bdf71">
          <style>
            <lineColor r="0" g="0" b="255" />
            <font name="Lucida Grande" size="12">
              <color r="0" g="0" b="0" />
            </font>
          </style>
        </connection>
        <connection identifier="e80565ce-bbea-4f19-ab12-6632ce9c3dec" relationshipRef="b8f322d5-dd97-413d-89fe-8151ab433507" xsi:type="Relationship" source="id-962b6b70-7b28-47f4-be67-990606c05beb" target="id-82f19dcc-0d1d-46b8-a17f-c990278e2f59">
          <style>
            <lineColor r="128" g="128" b="128" />
            <font name="Lucida Grande" size="12">
              <color r="0" g="0" b="0" />
            </font>
          </style>
        </connection>
        <connection identifier="c5284c0f-ae3f-4b17-9511-5f816abb894a" relationshipRef="e02756c9-4323-40ee-a49d-52938da30ea0" xsi:type="Relationship" source="id-4f4fc0fe-d9a2-4d0e-a5ec-042c06529ee9" target="id-2144dcd6-829c-4120-a8c5-954d09e2a626">
          <style>
            <lineColor r="0" g="0" b="0" />
            <font name="Lucida Grande" size="12">
              <color r="0" g="0" b="0" />
            </font>
          </style>
        </connection>
        <connection identifier="d47af329-0f0a-40fe-bdbf-80e0a3a7e98a" relationshipRef="id-74edb088-88f4-4a57-b464-2d99a706fc06" xsi:type="Relationship" source="f729f2f6-f644-4af2-b55e-475a9c424c20" target="a74156c0-dd25-4978-af71-9f83ecf82d57">
          <style>
            <lineColor r="255" g="0" b="0" />
            <font name="Lucida Grande" size="12">
              <color r="255" g="0" b="0" />
            </font>
          </style>
        </connection>
        <connection identifier="ae446c00-3f7e-45b9-bf2f-7e66a0700bc1" relationshipRef="id-33fc424d-a62c-49cc-b433-9ee19582aac8" xsi:type="Relationship" source="f729f2f6-f644-4af2-b55e-475a9c424c20" target="id-4f4fc0fe-d9a2-4d0e-a5ec-042c06529ee9">
          <style>
            <lineColor r="255" g="0" b="0" />
            <font name="Lucida Grande" size="12">
              <color r="255" g="0" b="0" />
            </font>
          </style>
        </connection>
        <connection identifier="cba09967-8c75-43ac-8e09-46e6c3f17d21" relationshipRef="a479f0c1-d055-429a-a938-b723299a888b" xsi:type="Relationship" source="id-8f001fb7-de9a-4a45-b941-33b4f8979313" target="id-4f4fc0fe-d9a2-4d0e-a5ec-042c06529ee9">
          <style>
            <lineColor r="0" g="0" b="255" />
            <font name="Lucida Grande" size="12">
              <color r="0" g="0" b="0" />
            </font>
          </style>
        </connection>
        <connection identifier="id-9eec9e7d-b78d-451c-a149-add6875a23e8" relationshipRef="d5350807-1b80-46b8-915d-2fb03491dabe" xsi:type="Relationship" source="id-8f001fb7-de9a-4a45-b941-33b4f8979313" target="id-21011d77-993e-4f98-98fe-246c28d2e0c5">
          <style>
            <lineColor r="128" g="128" b="128" />
            <font name="Lucida Grande" size="12">
              <color r="0" g="0" b="0" />
            </font>
          </style>
        </connection>
        <connection identifier="a29c2628-e7a5-4505-91e7-27b8b308454f" relationshipRef="id-66e7318d-d9f3-44c1-bd0f-b7231b7f8da7" xsi:type="Relationship" source="id-8ad40cea-c009-4f47-99ff-ef287bdf90d6" target="id-2144dcd6-829c-4120-a8c5-954d09e2a626">
          <style>
            <lineColor r="0" g="0" b="0" />
            <font name="Lucida Grande" size="12">
              <color r="0" g="0" b="0" />
            </font>
          </style>
        </connection>
        <connection identifier="id-48748088-3eda-415f-a7f4-90e304313c89" relationshipRef="a12ef6ff-10e2-4b3d-9bbb-b4c36eb8ee9d" xsi:type="Relationship" source="c10b3a8e-99c4-4a62-970e-6837262a2ff1" target="id-7f2f6ed9-c19a-44f2-9670-59fe74d207de">
          <style>
            <lineColor r="255" g="0" b="0" />
            <font name="Lucida Grande" size="12">
              <color r="255" g="0" b="0" />
            </font>
          </style>
        </connection>
        <connection identifier="id-960d5319-59d0-49de-9417-92c0042d1c11" relationshipRef="id-0fac7130-5d1a-4c9e-baae-c3aa636c8e1b" xsi:type="Relationship" source="f381ab58-867a-4d41-9cbe-756cca61146e" target="id-9483aac4-9de0-461d-8552-960923a1c2c2">
          <style>
            <lineColor r="0" g="0" b="0" />
            <font name="Lucida Grande" size="12">
              <color r="0" g="0" b="0" />
            </font>
          </style>
        </connection>
        <connection identifier="id-942500af-10fd-41d7-baf5-9c60453f827e" relationshipRef="a2ccf63a-1592-4e81-98fa-dc3c43c6ebfb" xsi:type="Relationship" source="f381ab58-867a-4d41-9cbe-756cca61146e" target="c8bbdbd1-d8f3-485b-a8d8-fdc3f897573a">
          <style>
            <lineColor r="0" g="0" b="0" />
            <font name="Lucida Grande" size="12">
              <color r="0" g="0" b="0" />
            </font>
          </style>
        </connection>
        <connection identifier="id-49e0b07e-e56a-41c4-914f-6ddee693d3e0" relationshipRef="c75d541a-036e-434f-8aed-b795d2931edd" xsi:type="Relationship" source="id-9483aac4-9de0-461d-8552-960923a1c2c2" target="id-7bf008be-cd1a-447a-88e4-92d446c9d6af">
          <style>
            <lineColor r="255" g="0" b="0" />
            <font name="Lucida Grande" size="12">
              <color r="255" g="0" b="0" />
            </font>
          </style>
        </connection>
        <connection identifier="id-6086724b-af2e-4fad-a03e-ea2c578ad9fa" relationshipRef="f5ccb15f-3309-40ac-9eb4-49d2ef730003" xsi:type="Relationship" source="c8bbdbd1-d8f3-485b-a8d8-fdc3f897573a" target="a74156c0-dd25-4978-af71-9f83ecf82d57">
          <style>
            <lineColor r="255" g="0" b="0" />
            <font name="Lucida Grande" size="12">
              <color r="255" g="0" b="0" />
            </font>
          </style>
        </connection>
        <connection identifier="a45f5512-4ae8-4df8-a399-1848c9d27399" relationshipRef="bb645f11-a497-4b5c-9463-c577b3fb78d5" xsi:type="Relationship" source="id-7df58268-2dd0-4329-b001-f920070cae5a" target="id-7f2f6ed9-c19a-44f2-9670-59fe74d207de">
          <style>
            <lineColor r="0" g="0" b="255" />
            <font name="Lucida Grande" size="12">
              <color r="0" g="0" b="0" />
            </font>
          </style>
        </connection>
        <connection identifier="id-5d142c00-da23-4229-9ba2-6128dcc14e0c" relationshipRef="id-59b11584-e277-4b2d-9278-ece3f60a3640" xsi:type="Relationship" source="id-393cb4cf-1b13-4fc6-b664-f7b4f1134c19" target="id-82f19dcc-0d1d-46b8-a17f-c990278e2f59">
          <style>
            <lineColor r="0" g="128" b="0" />
            <font name="Lucida Grande" size="12">
              <color r="0" g="0" b="0" />
            </font>
          </style>
        </connection>
        <connection identifier="a1c97b15-b251-4d69-a551-674f067a12e0" relationshipRef="a36264b7-53ef-450e-b1c8-163b15d0a765" xsi:type="Relationship" source="id-4ae37b6d-1c0c-4875-8c4f-9d650e37ab5f" target="id-21011d77-993e-4f98-98fe-246c28d2e0c5">
          <style>
            <lineColor r="0" g="128" b="0" />
            <font name="Lucida Grande" size="12">
              <color r="0" g="0" b="0" />
            </font>
          </style>
        </connection>
        <connection identifier="id-422b3e5b-407a-494a-8bae-c81a43eff262" relationshipRef="id-53f34e86-a332-4d10-9ac6-b641b07564cf" xsi:type="Relationship" source="id-9208f679-537a-4933-a6c4-2699af52de89" target="id-393cb4cf-1b13-4fc6-b664-f7b4f1134c19">
          <style>
            <lineColor r="0" g="0" b="0" />
            <font name="Lucida Grande" size="12">
              <color r="0" g="0" b="0" />
            </font>
          </style>
        </connection>
        <connection identifier="ea949878-5eac-4142-b62d-07508a0d185f" relationshipRef="id-542ef624-b8ab-41d9-8304-34d55b06d335" xsi:type="Relationship" source="id-9208f679-537a-4933-a6c4-2699af52de89" target="id-4ae37b6d-1c0c-4875-8c4f-9d650e37ab5f">
          <style>
            <lineColor r="0" g="0" b="0" />
            <font name="Lucida Grande" size="12">
              <color r="0" g="0" b="0" />
            </font>
          </style>
        </connection>
      </view>
    </diagrams>
  </views>
</model>
