"ID","Type","Name","Documentation","Specialization"
"id-0b5805b6","ArchimateModel","Template Method","",""
"be5a9855","ApplicationComponent","builder A","",""
"c89a34ea","ApplicationComponent","builder B","",""
"id-937f35ab-b650-47b9-a1db-88636176d721","ApplicationComponent","class with algo","",""
"id-4e59b009-dd13-43bf-81a4-9db8e6b036c2","ApplicationComponent","class with algo","",""
"id-9852126a","ApplicationComponent","concrete class A","",""
"id-0b697655-4c01-4d4a-a084-cfa6b5a64666","ApplicationComponent","concrete class A","",""
"b6996df8-6bdd-4ac8-9c04-95f7d40e281c","ApplicationComponent","concrete class A","",""
"afab0f5c-a3d9-479f-b964-db130d439a76","ApplicationComponent","concrete class A","",""
"id-0fdb8e84","ApplicationComponent","concrete class B","",""
"id-11757107-2007-403f-bed6-d1608846fc71","ApplicationComponent","concrete class B","",""
"id-64a8419b-bf3d-46d0-8acf-cba39b8bafb6","ApplicationComponent","concrete class B","",""
"a1de479e-9802-49d4-a5da-c713011196df","ApplicationComponent","concrete class B","",""
"id-4fd062d6","ApplicationComponent","director","-распорядитель
-парсит один объект и собирает на его основе другой объект",""
"b5fadd70-8dc7-4c40-9980-6139678e15d3","ApplicationFunction","algo","здесь может быть парсер, разбирающий одно какое либо дерево и получающий с одним и тем же алгоритмом разные выходные объекты",""
"id-7984336b-6317-4df4-9c94-9d3f60794137","ApplicationFunction","algo (ref to method1,ref to method2)","здесь может быть парсер, разбирающий одно какое либо дерево и получающий с одним и тем же алгоритмом разные выходные объекты",""
"ec2acf9a","ApplicationFunction","build part 1","",""
"id-28db4948","ApplicationFunction","build part 1","",""
"id-0c5ee796","ApplicationFunction","build part 2","",""
"cb303104","ApplicationFunction","build part 2","",""
"id-2411ebfd","ApplicationFunction","build part 3","",""
"id-0627102b","ApplicationFunction","build part 3","",""
"e71df415","ApplicationFunction","getResult A","",""
"id-37ee1620","ApplicationFunction","getResult B","",""
"id-33bb4047","ApplicationFunction","method 1","",""
"c56b24cb","ApplicationFunction","method 1","",""
"id-3a472666","ApplicationFunction","method 1","",""
"id-621d0fe9-b4fb-431a-bec4-0ee3b5c80efb","ApplicationFunction","method 1","",""
"id-6b2699ae-9908-4dfd-b587-a0feb0b37800","ApplicationFunction","method 1","",""
"id-2059e39f-3f4d-4570-96bf-eac5f9657810","ApplicationFunction","method 1","",""
"id-7e40bf5b-ac39-4d46-aa15-bdf77993ab04","ApplicationFunction","method 1","",""
"a14bf058-050e-4245-ab42-1b74cb6174ea","ApplicationFunction","method 1","",""
"id-6b66e191-cc06-4c0c-a5d0-ec66f85c9fa5","ApplicationFunction","method 1","",""
"e3d8fea0-623e-4fba-a0a7-3ca6c06d55d3","ApplicationFunction","method 1","",""
"d2d43a0f-1ff8-44de-bf31-7e0293305a66","ApplicationFunction","method 1","",""
"id-0acff186-cfe5-4064-829d-fa995de75090","ApplicationFunction","method 1","",""
"f817c139","ApplicationFunction","method 2","",""
"d301c11f","ApplicationFunction","method 2","",""
"id-8e08efa2","ApplicationFunction","method 2","",""
"id-4bb83e92-6e18-498f-9d05-0df0de96c2b5","ApplicationFunction","method 2","",""
"c8e54703-7c23-4068-be80-077321532214","ApplicationFunction","method 2","",""
"id-1052e6d4-4d38-4dbf-9bad-084b0a264c62","ApplicationFunction","method 2","",""
"id-2b469dfb-2103-45d2-8b3b-cb395634672d","ApplicationFunction","method 2","",""
"id-32dbce09-12ec-4cca-91a6-e90c07f0d173","ApplicationFunction","method 2","",""
"id-3e02f491-ace0-4de6-8491-9177b55c4968","ApplicationFunction","method 2","",""
"bfd9fd4b-6136-4132-a831-7219cffe8ddf","ApplicationFunction","method 2","",""
"id-44c8ec2e-ce4c-4a87-af11-bcf8a1c987ad","ApplicationFunction","method 2","",""
"c1c59ebc-269e-41f3-835b-f051740dfcc3","ApplicationFunction","method 2","",""
"id-31b6699e","ApplicationFunction","method 3","",""
"fa148266","ApplicationFunction","template method","здесь может быть парсер, разбирающий одно какое либо дерево и получающий с одним и тем же алгоритмом разные выходные объекты",""
"c8107a72-56bd-42a3-8176-65eec977bfc0","ApplicationFunction","template method","здесь может быть парсер, разбирающий одно какое либо дерево и получающий с одним и тем же алгоритмом разные выходные объекты",""
"b1982144","ApplicationInterface","abstract class","",""
"afbc9a34-8dfc-4fbe-bcae-f8d0c925cb49","ApplicationInterface","abstract class","",""
"id-80daea95-5aae-43dc-b4d6-4091bb0647a1","ApplicationInterface","abstract class","",""
"id-3e6a0e6a-1a23-4078-856d-e8a9e362037c","ApplicationInterface","abstract class","",""
"efaf0601","ApplicationInterface","builder","",""
"id-17e74844","ApplicationProcess","call template method","",""
"id-0cec38ca-8574-4f6c-8329-8be1c948c2ac","ApplicationProcess","call template method","",""
"e539387e-3d7f-4421-a341-a90a5d2840c2","ApplicationProcess","call template method","",""
"d0e45bc3-9eff-4d25-9484-c0f31fb4b2e3","ApplicationProcess","call template method (lambda1, lambda2)","",""
"id-48b23faf","ApplicationProcess","construct some object","",""
"d497f058","ApplicationProcess","create A","",""
"id-853fa38c-f1cb-4c9b-9a58-25fd6f4aba81","ApplicationProcess","create A","",""
"id-1863521d-04a0-46ab-9a30-980584326444","ApplicationProcess","create A","",""
"id-45b71199-3c61-4c2a-9dd7-18bc945363c7","ApplicationProcess","create method1 as lambda","",""
"id-014f2fef-fb94-44ef-81a7-8e7bafbebebb","ApplicationProcess","create method2 as lambda","",""
"id-0f15f359","ApplicationProcess","get specific result A","",""
"e3ef13b1-a208-41c1-b701-5568c65beadf","ApplicationProcess","put class A into classWithAlgo","",""
"id-78eecdfe","ApplicationProcess","step","",""
"id-53cc3895","ApplicationProcess","step","",""
"e1d08db1-14d9-40ff-8eee-1e53b17012d0","ApplicationProcess","step","",""
"aa3da1cd-fb7c-461c-af55-8dae1ea83970","ApplicationProcess","step","",""
"id-36c99748-9f0c-4477-9c64-2eed2c61f252","ApplicationProcess","step","",""
"a79ffe21-3af9-4e04-9629-764bc142b89f","ApplicationProcess","step","",""
"id-5de2d6ce-ee21-407d-8ab2-9bb74b944abf","ApplicationProcess","step","",""
"abd9d16e-b41f-4717-bf59-19602cc9fc03","ApplicationProcess","step","",""
"id-035e90d1","DataObject","instance A","",""
"be7e3255-09cb-4ede-9b6f-ecc536c1058d","DataObject","ref to strategy","",""
"id-3d85270b-babd-44f1-85bb-d275ed633398","DataObject","ref to strategy","",""