"ID","Type","Name","Documentation","Source","Target","Specialization"
"id-83bf39f7","AccessRelationship","","","d497f058","id-035e90d1",""
"id-2fe871ee-fe34-4d86-bc19-19701af081cf","AccessRelationship","","","id-937f35ab-b650-47b9-a1db-88636176d721","be7e3255-09cb-4ede-9b6f-ecc536c1058d",""
"id-70009b99-8ec6-4b73-9e70-4e6167ce49ed","AccessRelationship","","","id-4e59b009-dd13-43bf-81a4-9db8e6b036c2","id-3d85270b-babd-44f1-85bb-d275ed633398",""
"c84450ac","AssignmentRelationship","","","be5a9855","id-2411ebfd",""
"id-3c7576cf","AssignmentRelationship","","","c89a34ea","id-28db4948",""
"id-587dd278","AssignmentRelationship","","","be5a9855","ec2acf9a",""
"e94877cc","AssignmentRelationship","","","be5a9855","id-0c5ee796",""
"c2005e14","AssignmentRelationship","","","c89a34ea","id-37ee1620",""
"id-05665c1d","AssignmentRelationship","","","c89a34ea","cb303104",""
"id-2118c9dc","AssignmentRelationship","","","id-4fd062d6","fa148266",""
"id-4936a3ab","AssignmentRelationship","","","be5a9855","e71df415",""
"id-43bb764b","AssignmentRelationship","","","c89a34ea","id-0627102b",""
"id-04231405","AssignmentRelationship","","","id-9852126a","id-33bb4047",""
"eeb376ce","AssignmentRelationship","","","id-9852126a","f817c139",""
"fdc607d9","AssignmentRelationship","","","id-9852126a","id-31b6699e",""
"b839c3c0","AssignmentRelationship","","","id-0fdb8e84","id-8e08efa2",""
"d51da7dd","AssignmentRelationship","","","id-0fdb8e84","id-3a472666",""
"id-17ae5652-0ec0-45a8-a34b-c65030a39949","AssignmentRelationship","","","id-0b697655-4c01-4d4a-a084-cfa6b5a64666","id-6b2699ae-9908-4dfd-b587-a0feb0b37800",""
"fa674c06-a2fe-427a-aec1-9b868f286159","AssignmentRelationship","","","id-11757107-2007-403f-bed6-d1608846fc71","id-1052e6d4-4d38-4dbf-9bad-084b0a264c62",""
"id-075f097c-482e-4202-b4cd-8856f1f8f49c","AssignmentRelationship","","","id-0b697655-4c01-4d4a-a084-cfa6b5a64666","c8e54703-7c23-4068-be80-077321532214",""
"aa6c9697-003b-47ab-9242-1f00b1cc58c5","AssignmentRelationship","","","id-11757107-2007-403f-bed6-d1608846fc71","id-2059e39f-3f4d-4570-96bf-eac5f9657810",""
"id-37af35ad-4a02-4815-b879-c9258a2209a5","AssignmentRelationship","","","b6996df8-6bdd-4ac8-9c04-95f7d40e281c","a14bf058-050e-4245-ab42-1b74cb6174ea",""
"e484e6b4-8b3f-4cd1-af14-c4b929830d0d","AssignmentRelationship","","","id-64a8419b-bf3d-46d0-8acf-cba39b8bafb6","id-3e02f491-ace0-4de6-8491-9177b55c4968",""
"b7849050-03f6-4591-b3f2-99f91d53b04b","AssignmentRelationship","","","b6996df8-6bdd-4ac8-9c04-95f7d40e281c","id-32dbce09-12ec-4cca-91a6-e90c07f0d173",""
"a779ce9c-c391-46b9-84cf-85b61ecddd9e","AssignmentRelationship","","","id-64a8419b-bf3d-46d0-8acf-cba39b8bafb6","id-6b66e191-cc06-4c0c-a5d0-ec66f85c9fa5",""
"cc1daa6a-9fd3-4cc2-95ce-351d153115e8","AssignmentRelationship","","","id-937f35ab-b650-47b9-a1db-88636176d721","b5fadd70-8dc7-4c40-9980-6139678e15d3",""
"id-060d63aa-52bd-4a6e-810f-42c46986daff","AssignmentRelationship","","","id-4e59b009-dd13-43bf-81a4-9db8e6b036c2","id-7984336b-6317-4df4-9c94-9d3f60794137",""
"c2636637-1818-4943-b6af-2459819fdea9","AssignmentRelationship","","","afab0f5c-a3d9-479f-b964-db130d439a76","d2d43a0f-1ff8-44de-bf31-7e0293305a66",""
"id-12c64d01-b26e-452a-bc3e-7fce4e11dffa","AssignmentRelationship","","","afab0f5c-a3d9-479f-b964-db130d439a76","id-44c8ec2e-ce4c-4a87-af11-bcf8a1c987ad",""
"dd6d1650-0e0d-40f6-886a-5d08e1e8a689","AssignmentRelationship","","","a1de479e-9802-49d4-a5da-c713011196df","id-0acff186-cfe5-4064-829d-fa995de75090",""
"ef00f6f5-2a87-426c-992a-60cd23c032a9","AssignmentRelationship","","","a1de479e-9802-49d4-a5da-c713011196df","c1c59ebc-269e-41f3-835b-f051740dfcc3",""
"id-0778bd78","AssociationRelationship","","","efaf0601","id-33bb4047",""
"ee2bb936","AssociationRelationship","","","efaf0601","id-31b6699e",""
"a2c967b3","AssociationRelationship","","","efaf0601","f817c139",""
"id-56845bab","AssociationRelationship","","","b1982144","c56b24cb",""
"b39c00a0","AssociationRelationship","","","b1982144","d301c11f",""
"e9a48fe8","AssociationRelationship","","","b1982144","fa148266",""
"id-132960c2-c1e8-4ef6-b86a-f86ddc3ca546","AssociationRelationship","","","afbc9a34-8dfc-4fbe-bcae-f8d0c925cb49","id-621d0fe9-b4fb-431a-bec4-0ee3b5c80efb",""
"id-85c4eab2-a8d2-4165-8f19-79a371e62e36","AssociationRelationship","","","afbc9a34-8dfc-4fbe-bcae-f8d0c925cb49","c8107a72-56bd-42a3-8176-65eec977bfc0",""
"id-1fecd7a4-3f7e-425f-833c-1a196de12793","AssociationRelationship","","","afbc9a34-8dfc-4fbe-bcae-f8d0c925cb49","id-4bb83e92-6e18-498f-9d05-0df0de96c2b5",""
"fa9b07db-1f2b-46f0-a9ec-7866af0e918c","AssociationRelationship","","","id-80daea95-5aae-43dc-b4d6-4091bb0647a1","id-7e40bf5b-ac39-4d46-aa15-bdf77993ab04",""
"id-98db6122-a6b8-46bf-ab83-4c5124490b99","AssociationRelationship","","","id-80daea95-5aae-43dc-b4d6-4091bb0647a1","id-2b469dfb-2103-45d2-8b3b-cb395634672d",""
"c5f0bd49-1068-4eca-aef7-d94947a12aaa","AssociationRelationship","","","id-80daea95-5aae-43dc-b4d6-4091bb0647a1","be7e3255-09cb-4ede-9b6f-ecc536c1058d",""
"e7ed9a80-bebf-4f03-a7b0-8ca281d77209","AssociationRelationship","","","id-3e6a0e6a-1a23-4078-856d-e8a9e362037c","bfd9fd4b-6136-4132-a831-7219cffe8ddf",""
"id-7d259d64-d9ed-47bc-8d11-2592a3e521d9","AssociationRelationship","","","id-3e6a0e6a-1a23-4078-856d-e8a9e362037c","id-3d85270b-babd-44f1-85bb-d275ed633398",""
"id-5817e0c8-84c9-41e6-bb73-19012983b9c7","AssociationRelationship","","","id-3e6a0e6a-1a23-4078-856d-e8a9e362037c","e3d8fea0-623e-4fba-a0a7-3ca6c06d55d3",""
"id-6850ee22","AssociationRelationship","instance of class A","","id-035e90d1","be5a9855",""
"f1ca4f51","AssociationRelationship","new DIRECTOR(instance A)","","id-9f0a9b2b","id-035e90d1",""
"id-7635b9b8","FlowRelationship","","","id-17e74844","id-48b23faf",""
"bb0f813b","FlowRelationship","","","id-78eecdfe","id-53cc3895",""
"b07f4cbb","FlowRelationship","","","id-48b23faf","id-0f15f359",""
"id-77ec37b4","FlowRelationship","","","d497f058","id-17e74844",""
"c553f8c5","FlowRelationship","","","id-78eecdfe","d301c11f",""
"id-3ea92de2","FlowRelationship","","","id-53cc3895","c56b24cb",""
"bf924a4f","FlowRelationship","","","d301c11f","f817c139",""
"id-574d289e","FlowRelationship","","","c56b24cb","id-33bb4047",""
"id-049f6ed1-7b7c-4ac6-84b5-7e77d196ffcc","FlowRelationship","","","id-4bb83e92-6e18-498f-9d05-0df0de96c2b5","c8e54703-7c23-4068-be80-077321532214",""
"id-85eb0ba2-61b7-4c8d-ae5a-5dd993d293dd","FlowRelationship","","","e1d08db1-14d9-40ff-8eee-1e53b17012d0","id-4bb83e92-6e18-498f-9d05-0df0de96c2b5",""
"id-035e8201-78b0-4341-8abf-16a22d04cdbc","FlowRelationship","","","aa3da1cd-fb7c-461c-af55-8dae1ea83970","id-621d0fe9-b4fb-431a-bec4-0ee3b5c80efb",""
"id-3737d228-0cb5-4b8a-93ef-081ea76d6834","FlowRelationship","","","id-621d0fe9-b4fb-431a-bec4-0ee3b5c80efb","id-6b2699ae-9908-4dfd-b587-a0feb0b37800",""
"id-17b23dfb-295b-4e2d-9fbd-40f8e8de1832","FlowRelationship","","","e1d08db1-14d9-40ff-8eee-1e53b17012d0","aa3da1cd-fb7c-461c-af55-8dae1ea83970",""
"id-7442be88-bd3d-4ce3-9d5a-7047d88ca558","FlowRelationship","","","id-853fa38c-f1cb-4c9b-9a58-25fd6f4aba81","id-0cec38ca-8574-4f6c-8329-8be1c948c2ac",""
"id-83232415-86ed-4333-88f6-f4b8b3103330","FlowRelationship","","","id-2b469dfb-2103-45d2-8b3b-cb395634672d","id-32dbce09-12ec-4cca-91a6-e90c07f0d173",""
"f8d936d8-21e3-490e-9632-1e3563f283e3","FlowRelationship","","","id-36c99748-9f0c-4477-9c64-2eed2c61f252","id-2b469dfb-2103-45d2-8b3b-cb395634672d",""
"a6ac6ce7-719a-465f-a43b-245745d21d3b","FlowRelationship","","","a79ffe21-3af9-4e04-9629-764bc142b89f","id-7e40bf5b-ac39-4d46-aa15-bdf77993ab04",""
"id-52428ef2-1a35-447d-b043-684b21e7bc99","FlowRelationship","","","id-7e40bf5b-ac39-4d46-aa15-bdf77993ab04","a14bf058-050e-4245-ab42-1b74cb6174ea",""
"e84db7ca-45ae-4ce2-a2c5-6190a0f0c699","FlowRelationship","","","id-36c99748-9f0c-4477-9c64-2eed2c61f252","a79ffe21-3af9-4e04-9629-764bc142b89f",""
"id-36bbf8e3-b20a-4192-9e02-d143d418dc94","FlowRelationship","","","id-1863521d-04a0-46ab-9a30-980584326444","e3ef13b1-a208-41c1-b701-5568c65beadf",""
"id-42d7ddc5-8987-4d68-8908-9022d44445cc","FlowRelationship","","","e3ef13b1-a208-41c1-b701-5568c65beadf","e539387e-3d7f-4421-a341-a90a5d2840c2",""
"id-6d722284-268f-4dd8-b35e-66b85260906d","FlowRelationship","","","id-5de2d6ce-ee21-407d-8ab2-9bb74b944abf","abd9d16e-b41f-4717-bf59-19602cc9fc03",""
"id-08d1455f-df90-4a8f-8153-c524e5a381fd","FlowRelationship","","","id-014f2fef-fb94-44ef-81a7-8e7bafbebebb","d0e45bc3-9eff-4d25-9484-c0f31fb4b2e3",""
"id-1de8aa4c-49f4-483e-b4cc-6b9c9d29e1a1","FlowRelationship","","","id-45b71199-3c61-4c2a-9dd7-18bc945363c7","d2d43a0f-1ff8-44de-bf31-7e0293305a66",""
"id-0520eb9a-4d7e-4e71-9716-4a6e94f65105","FlowRelationship","","","abd9d16e-b41f-4717-bf59-19602cc9fc03","id-44c8ec2e-ce4c-4a87-af11-bcf8a1c987ad",""
"id-5c18acec-1322-4870-9d00-c0fc463d7144","FlowRelationship","","","id-5de2d6ce-ee21-407d-8ab2-9bb74b944abf","d2d43a0f-1ff8-44de-bf31-7e0293305a66",""
"id-2da993d7-4ae1-4f8b-be33-0385e4469e82","FlowRelationship","","","id-014f2fef-fb94-44ef-81a7-8e7bafbebebb","id-44c8ec2e-ce4c-4a87-af11-bcf8a1c987ad",""
"bad82117-b322-4743-8da1-b45e73976eb7","FlowRelationship","","","id-45b71199-3c61-4c2a-9dd7-18bc945363c7","d0e45bc3-9eff-4d25-9484-c0f31fb4b2e3",""
"id-5680e89b","RealizationRelationship","","","fa148266","id-78eecdfe",""
"id-75061ba0","RealizationRelationship","","","c89a34ea","efaf0601",""
"id-91c0a6f1","RealizationRelationship","","","fa148266","id-53cc3895",""
"id-15caecee","RealizationRelationship","","","be5a9855","efaf0601",""
"id-58c3b7c6","RealizationRelationship","","","id-9852126a","b1982144",""
"d7f26581","RealizationRelationship","","","id-33bb4047","c56b24cb",""
"id-01b915e3","RealizationRelationship","","","f817c139","d301c11f",""
"bd7ef10a","RealizationRelationship","","","id-0fdb8e84","b1982144",""
"id-364c3080-3fc6-4e6e-967a-089c958cfde8","RealizationRelationship","","","c8107a72-56bd-42a3-8176-65eec977bfc0","aa3da1cd-fb7c-461c-af55-8dae1ea83970",""
"id-4bff3c4c-df8b-4a7c-9212-6c1bb0059f6d","RealizationRelationship","","","id-0b697655-4c01-4d4a-a084-cfa6b5a64666","afbc9a34-8dfc-4fbe-bcae-f8d0c925cb49",""
"id-96ae566c-23b8-4fe5-bb8d-d4c3688ed1ab","RealizationRelationship","","","c8107a72-56bd-42a3-8176-65eec977bfc0","e1d08db1-14d9-40ff-8eee-1e53b17012d0",""
"id-0b689498-bd2b-4c98-a8da-6597ffc68731","RealizationRelationship","","","id-11757107-2007-403f-bed6-d1608846fc71","afbc9a34-8dfc-4fbe-bcae-f8d0c925cb49",""
"f8beac0d-faed-4f5a-9c4d-835b4641572d","RealizationRelationship","","","b5fadd70-8dc7-4c40-9980-6139678e15d3","a79ffe21-3af9-4e04-9629-764bc142b89f",""
"a1d09bac-d31d-4816-95cc-2c6515fcdba8","RealizationRelationship","","","b6996df8-6bdd-4ac8-9c04-95f7d40e281c","id-80daea95-5aae-43dc-b4d6-4091bb0647a1",""
"id-393eb295-5e32-450e-8a9f-62c60790cc00","RealizationRelationship","","","b5fadd70-8dc7-4c40-9980-6139678e15d3","id-36c99748-9f0c-4477-9c64-2eed2c61f252",""
"c4cbd61a-2345-4c26-9b5e-e80a1da6d4cb","RealizationRelationship","","","id-64a8419b-bf3d-46d0-8acf-cba39b8bafb6","id-80daea95-5aae-43dc-b4d6-4091bb0647a1",""
"f4c14fee-4f4b-48ca-8cd4-60f03bdeb890","RealizationRelationship","","","id-7984336b-6317-4df4-9c94-9d3f60794137","id-5de2d6ce-ee21-407d-8ab2-9bb74b944abf",""
"id-17e52be7-340e-41e8-91bb-eaf783aaed78","RealizationRelationship","","","a1de479e-9802-49d4-a5da-c713011196df","id-3e6a0e6a-1a23-4078-856d-e8a9e362037c",""
"id-6f42f069-7078-4131-a384-00a5b7b96e01","RealizationRelationship","","","id-7984336b-6317-4df4-9c94-9d3f60794137","abd9d16e-b41f-4717-bf59-19602cc9fc03",""
"id-2a023c49-771c-45c4-bb8b-0b6d117afe06","RealizationRelationship","","","afab0f5c-a3d9-479f-b964-db130d439a76","id-3e6a0e6a-1a23-4078-856d-e8a9e362037c",""
"ff2738c4","ServingRelationship","","","fa148266","id-48b23faf",""
"id-0dd3df2d","ServingRelationship","","","e71df415","id-0f15f359",""
"id-9f0a9b2b","ServingRelationship","","","id-4fd062d6","id-17e74844",""
"id-3b19c671","ServingRelationship","","","id-31b6699e","id-78eecdfe",""
"id-8ab66592","ServingRelationship","","","id-9852126a","d497f058",""
"f7a6ee8d","ServingRelationship","","","fa148266","id-17e74844",""
"id-2c44ad7b-f1eb-41c8-b28a-29466bb1765b","ServingRelationship","","","c8107a72-56bd-42a3-8176-65eec977bfc0","id-0cec38ca-8574-4f6c-8329-8be1c948c2ac",""
"id-79ac9071-6cdd-441c-a8b7-468079e180d5","ServingRelationship","","","id-0b697655-4c01-4d4a-a084-cfa6b5a64666","id-853fa38c-f1cb-4c9b-9a58-25fd6f4aba81",""
"id-54122d7f-b6f6-4c04-9a6e-dc24f9aad888","ServingRelationship","","","b5fadd70-8dc7-4c40-9980-6139678e15d3","e539387e-3d7f-4421-a341-a90a5d2840c2",""
"aa016921-5c81-4f57-8d9b-61c6965295f4","ServingRelationship","","","b6996df8-6bdd-4ac8-9c04-95f7d40e281c","id-1863521d-04a0-46ab-9a30-980584326444",""
"fd561e6a-d78c-493f-b6b9-64fabca5b42e","ServingRelationship","","","id-7984336b-6317-4df4-9c94-9d3f60794137","d0e45bc3-9eff-4d25-9484-c0f31fb4b2e3",""
"id-7cc9118c-bfae-45de-ab10-eee6e74b244d","ServingRelationship","","","afab0f5c-a3d9-479f-b964-db130d439a76","id-45b71199-3c61-4c2a-9dd7-18bc945363c7",""
"id-928893dd","ServingRelationship","work throught interface","","f817c139","id-53cc3895",""