<?xml version="1.0" encoding="UTF-8"?>
<model xmlns="http://www.opengroup.org/xsd/archimate/3.0/" xmlns:xsi="http://www.w3.org/2001/XMLSchema-instance" xsi:schemaLocation="http://www.opengroup.org/xsd/archimate/3.0/ http://www.opengroup.org/xsd/archimate/3.1/archimate3_Diagram.xsd" identifier="id-58557cbb">
  <name>epp-price</name>
  <elements>
    <element identifier="id-404ce690" xsi:type="BusinessEvent">
      <name>Распорядение о стоимости обучения</name>
      <documentation>Появляется распоряжение (приказ) о стоимости обучения.
Распоряжение указывает, что для некоторого перечня (но не обязательно для всех) учебных единиц (элементов реестра или учебных планов) стоимость обучения меняется, начиная с определенной даты.</documentation>
    </element>
    <element identifier="d82ac8e0" xsi:type="BusinessProcess">
      <name>Создание цены для элемента реестра</name>
    </element>
    <element identifier="a93de3a1" xsi:type="BusinessProcess">
      <name>Заполнение вариантов цены для элемента реестра</name>
    </element>
    <element identifier="da44bbf8" xsi:type="BusinessProcess">
      <name>Публикация цены для элемента реестра</name>
    </element>
    <element identifier="id-8c044888" xsi:type="BusinessProcess">
      <name>Указание цены для элемента реестра</name>
    </element>
    <element identifier="id-46c463a6" xsi:type="BusinessObject">
      <name>Утвержденные цены для учебных единиц</name>
    </element>
    <element identifier="id-2df2c3ca" xsi:type="BusinessProcess">
      <name>Указание цены для УП(в)</name>
    </element>
    <element identifier="id-31de5b9f" xsi:type="BusinessProcess">
      <name>Создание цены для блока УП(в)</name>
    </element>
    <element identifier="id-551d25a5" xsi:type="BusinessProcess">
      <name>Заполнение вариантов цены для УП(в)</name>
    </element>
    <element identifier="id-004fe59d" xsi:type="BusinessProcess">
      <name>Рассчет стоимости блока УП(в)</name>
    </element>
    <element identifier="id-24a5bb1e" xsi:type="BusinessProcess">
      <name>Публикация цены для блоков УП(в)</name>
    </element>
    <element identifier="id-789c3fb7" xsi:type="BusinessObject">
      <name>Цена элемента реестра</name>
    </element>
    <element identifier="id-9c9a8eec" xsi:type="Representation">
      <name>Распоряжение о стоимости</name>
    </element>
    <element identifier="id-5f87b5b1" xsi:type="BusinessObject">
      <name>Цена блока УП(в)</name>
    </element>
    <element identifier="id-5c4a0c8b" xsi:type="BusinessFunction">
      <name>настройка модуля</name>
    </element>
    <element identifier="b0005fe9" xsi:type="BusinessRole">
      <name>Ответственный за цены</name>
    </element>
    <element identifier="id-69f48f2a" xsi:type="BusinessRole">
      <name>внедренец</name>
    </element>
    <element identifier="abd4c93f" xsi:type="BusinessProcess">
      <name>ввод цен в систему</name>
    </element>
    <element identifier="id-65c3abc4" xsi:type="ApplicationInterface">
      <name>ввод цен</name>
    </element>
    <element identifier="d8fbfc30" xsi:type="DataObject">
      <name>категория цены</name>
    </element>
    <element identifier="id-1186c24e" xsi:type="DataObject">
      <name>сетка оплат</name>
    </element>
    <element identifier="id-53d89924" xsi:type="DataObject">
      <name>Блок учебного плана</name>
    </element>
    <element identifier="id-532ab0ed" xsi:type="DataObject">
      <name>Элемент реестра</name>
    </element>
    <element identifier="b513001c" xsi:type="DataObject">
      <name>Период действия цены для элемента реестра</name>
    </element>
    <element identifier="cc34f57c" xsi:type="DataObject">
      <name>цена</name>
    </element>
    <element identifier="id-56b398a2" xsi:type="DataObject">
      <name>Цена на элемент реестра</name>
    </element>
    <element identifier="id-3e76ec73" xsi:type="DataObject">
      <name>Период действия цены для УП(в)</name>
      <documentation>(период действия цены)</documentation>
    </element>
    <element identifier="id-592c5b19" xsi:type="DataObject">
      <name>Цена для блока УП(в) (на категории и сетки)</name>
    </element>
    <element identifier="a3962039" xsi:type="ApplicationInterface">
      <name>карточка цены</name>
    </element>
    <element identifier="c4fa987d" xsi:type="DataObject">
      <name>Задание цена для УП</name>
    </element>
    <element identifier="id-3669089a" xsi:type="ApplicationInterface">
      <name>Указание цены в УП</name>
    </element>
    <element identifier="id-9ce6710e" xsi:type="ApplicationInterface">
      <name>Расчет стоимости блока УП</name>
    </element>
    <element identifier="id-85f99f1a" xsi:type="ApplicationInterface">
      <name>Настройка справочников</name>
    </element>
    <element identifier="id-71cd5feb" xsi:type="ApplicationInterface">
      <name>Вкладка «цена» в УП(в)</name>
    </element>
    <element identifier="id-8aab040b" xsi:type="DataObject">
      <name>Data Object</name>
    </element>
    <element identifier="id-3fe7b298" xsi:type="ApplicationService">
      <name>Application Service</name>
    </element>
    <element identifier="e9132f09" xsi:type="ApplicationInterface">
      <name>список цен</name>
    </element>
    <element identifier="f5cf1dce" xsi:type="ApplicationInterface">
      <name>Вкладка «цена» в элементе реестра</name>
    </element>
    <element identifier="c920aab3" xsi:type="ApplicationInterface">
      <name>Список периодов</name>
    </element>
    <element identifier="id-9f644131" xsi:type="DataObject">
      <name>Data Object</name>
    </element>
    <element identifier="id-3f325fe2" xsi:type="ApplicationInterface">
      <name>Каторчка цены</name>
    </element>
    <element identifier="id-58e57eac" xsi:type="ApplicationService">
      <name>Ввод цен по элементам реестра</name>
    </element>
    <element identifier="b91ee196" xsi:type="ApplicationService">
      <name>Ввод цен по УП(в)</name>
    </element>
    <element identifier="id-3210fd24" xsi:type="DataObject">
      <name>Элемент, обладающий ценой</name>
    </element>
    <element identifier="b60e8ab6" xsi:type="DataObject">
      <name>Период действия цены</name>
    </element>
    <element identifier="f6b18a11" xsi:type="DataObject">
      <name>Вариант цены</name>
    </element>
    <element identifier="id-0acb8d6e" xsi:type="DataObject">
      <name>Элемент цены</name>
    </element>
    <element identifier="id-374cd45f" xsi:type="DataObject">
      <name>Цена</name>
    </element>
    <element identifier="id-6252d638" xsi:type="ApplicationInterface">
      <name>Application Interface</name>
    </element>
    <element identifier="id-860b14b7" xsi:type="DataObject">
      <name>Data Object</name>
    </element>
    <element identifier="id-6a316aca" xsi:type="ApplicationService">
      <name>Пасчет стоимости блока УП(в)</name>
    </element>
    <element identifier="id-5177f853" xsi:type="DataObject">
      <name>Цена блока УП(в)</name>
    </element>
    <element identifier="id-4158e3bb" xsi:type="DataObject">
      <name>Цена элемента реестра</name>
    </element>
    <element identifier="c545055c" xsi:type="DataObject">
      <name>Блок УП(в)</name>
    </element>
    <element identifier="c4c39601" xsi:type="ApplicationService">
      <name>настройки модуля</name>
    </element>
    <element identifier="e3d08397" xsi:type="ApplicationComponent">
      <name>логика работы сеток</name>
    </element>
    <element identifier="id-78b6f6f5" xsi:type="ApplicationInterface">
      <name>Список цен элемена, обладающего ценой</name>
    </element>
    <element identifier="id-2507f24b" xsi:type="ApplicationInterface">
      <name>Вкладка «Цена» на элементе реестра</name>
    </element>
    <element identifier="id-80621cab" xsi:type="ApplicationInterface">
      <name>Список учебных единиц на вкладке «Цена» на УП(в)</name>
    </element>
    <element identifier="dc81fe16" xsi:type="DataObject">
      <name>Data Object</name>
    </element>
    <element identifier="id-96bc126e" xsi:type="ApplicationInterface">
      <name>Список цен на блок УП(в)</name>
    </element>
    <element identifier="id-97b23803" xsi:type="ApplicationInterface">
      <name>карточка цены</name>
    </element>
    <element identifier="c29759ce" xsi:type="ApplicationInterface">
      <name>Форма доб./ред. периода действия цены</name>
    </element>
    <element identifier="id-7068757d" xsi:type="DataObject">
      <name>Data Object</name>
    </element>
    <element identifier="id-94bfaffe" xsi:type="ApplicationInterface">
      <name>Форма доб./ред. варианта цены</name>
    </element>
    <element identifier="id-19140866" xsi:type="ApplicationInterface">
      <name>Карточка варианта цены</name>
    </element>
    <element identifier="id-11380b4e" xsi:type="ApplicationInterface">
      <name>Кнопка «рассчитать» для блока УП(в)</name>
    </element>
    <element identifier="id-88bfc62f" xsi:type="ApplicationInterface">
      <name>CRUD цены</name>
    </element>
    <element identifier="id-69395aaa" xsi:type="ApplicationService">
      <name />
    </element>
    <element identifier="e97f6977" xsi:type="ApplicationInterface">
      <name>Справочник категорий цен</name>
    </element>
  </elements>
  <relationships>
    <relationship identifier="id-319241f9" source="id-8c044888" target="a93de3a1" xsi:type="Composition" />
    <relationship identifier="id-4c398ebe" source="id-8c044888" target="da44bbf8" xsi:type="Composition" />
    <relationship identifier="id-8b267a1d" source="id-8c044888" target="d82ac8e0" xsi:type="Composition" />
    <relationship identifier="bfc1cf6c" source="id-404ce690" target="id-46c463a6" xsi:type="Association" />
    <relationship identifier="id-5d356247" source="id-2df2c3ca" target="id-31de5b9f" xsi:type="Composition" />
    <relationship identifier="id-29e9f5af" source="id-2df2c3ca" target="id-551d25a5" xsi:type="Composition" />
    <relationship identifier="id-1c032e97" source="id-2df2c3ca" target="id-004fe59d" xsi:type="Composition" />
    <relationship identifier="id-9432d609" source="id-2df2c3ca" target="id-24a5bb1e" xsi:type="Composition" />
    <relationship identifier="id-46eedc1a" source="d82ac8e0" target="a93de3a1" xsi:type="Flow" />
    <relationship identifier="id-19dd5d1f" source="a93de3a1" target="da44bbf8" xsi:type="Flow" />
    <relationship identifier="id-29647b89" source="id-31de5b9f" target="id-004fe59d" xsi:type="Flow" />
    <relationship identifier="id-9d253433" source="id-004fe59d" target="id-551d25a5" xsi:type="Flow" />
    <relationship identifier="id-9524e2c6" source="id-551d25a5" target="id-24a5bb1e" xsi:type="Flow" />
    <relationship identifier="cf5aa79c" source="id-58e57eac" target="id-8c044888" xsi:type="Serving" />
    <relationship identifier="a84c5766" source="b91ee196" target="id-2df2c3ca" xsi:type="Serving" />
    <relationship identifier="ad7e81df" source="f6b18a11" target="id-0acb8d6e" xsi:type="Composition" />
    <relationship identifier="c6f78197" source="b60e8ab6" target="f6b18a11" xsi:type="Composition" />
    <relationship identifier="af0746ba" source="b60e8ab6" target="id-3210fd24" xsi:type="Association" />
    <relationship identifier="b3fc27de" source="id-374cd45f" target="b60e8ab6" xsi:type="Composition" />
    <relationship identifier="id-49e353f1" source="id-374cd45f" target="f6b18a11" xsi:type="Composition" />
    <relationship identifier="id-983adc25" source="id-4158e3bb" target="id-789c3fb7" xsi:type="Realization" />
    <relationship identifier="id-71cf2478" source="id-8c044888" target="id-789c3fb7" xsi:type="Access" accessType="ReadWrite" />
    <relationship identifier="id-9e30c02b" source="id-58e57eac" target="id-4158e3bb" xsi:type="Access" accessType="ReadWrite" />
    <relationship identifier="id-11c6a40e" source="id-9c9a8eec" target="id-46c463a6" xsi:type="Realization" />
    <relationship identifier="id-2d980c9c" source="id-2df2c3ca" target="id-5f87b5b1" xsi:type="Access" accessType="ReadWrite" />
    <relationship identifier="a589df64" source="id-5177f853" target="id-5f87b5b1" xsi:type="Realization" />
    <relationship identifier="e93ceb4c" source="b91ee196" target="id-5177f853" xsi:type="Access" accessType="ReadWrite" />
    <relationship identifier="a7994594" source="id-6a316aca" target="id-004fe59d" xsi:type="Serving" />
    <relationship identifier="id-122de5ca" source="id-4158e3bb" target="id-374cd45f" xsi:type="Specialization" />
    <relationship identifier="id-7216e44a" source="id-5177f853" target="id-374cd45f" xsi:type="Specialization" />
    <relationship identifier="c12a7a9a" source="id-6a316aca" target="id-4158e3bb" xsi:type="Access" accessType="ReadWrite" />
    <relationship identifier="a552f7fd" source="b91ee196" target="id-6a316aca" xsi:type="Composition" />
    <relationship identifier="eb366a58" source="id-4158e3bb" target="id-532ab0ed" xsi:type="Association" />
    <relationship identifier="aded1427" source="id-5177f853" target="c545055c" xsi:type="Association" />
    <relationship identifier="id-0cb3616c" source="c545055c" target="id-3210fd24" xsi:type="Specialization" />
    <relationship identifier="ccd90ef6" source="id-532ab0ed" target="id-3210fd24" xsi:type="Specialization" />
    <relationship identifier="id-246b7cdf" source="c4c39601" target="d8fbfc30" xsi:type="Access" accessType="Write" />
    <relationship identifier="b6e1f017" source="c4c39601" target="id-5c4a0c8b" xsi:type="Serving" />
    <relationship identifier="c5b87441" source="e3d08397" target="id-1186c24e" xsi:type="Access" accessType="ReadWrite" />
    <relationship identifier="a8d22dde" source="f6b18a11" target="d8fbfc30" xsi:type="Association" />
    <relationship identifier="id-90ffaab1" source="f6b18a11" target="id-1186c24e" xsi:type="Association" />
    <relationship identifier="id-025b9e7f" source="id-69f48f2a" target="id-5c4a0c8b" xsi:type="Assignment" />
    <relationship identifier="id-9c87e259" source="b0005fe9" target="abd4c93f" xsi:type="Assignment" />
    <relationship identifier="cb235f11" source="abd4c93f" target="id-2df2c3ca" xsi:type="Composition" />
    <relationship identifier="id-390724b4" source="abd4c93f" target="id-8c044888" xsi:type="Composition" />
    <relationship identifier="id-9ed87e7f" source="id-5c4a0c8b" target="abd4c93f" xsi:type="Flow" />
    <relationship identifier="ae184bdd" source="id-8c044888" target="id-2df2c3ca" xsi:type="Flow" />
    <relationship identifier="id-78def75e" source="id-404ce690" target="abd4c93f" xsi:type="Triggering" />
    <relationship identifier="bb22b35a" source="abd4c93f" target="id-46c463a6" xsi:type="Access" accessType="Read" />
    <relationship identifier="id-7cbd64cc" source="id-2507f24b" target="id-78b6f6f5" xsi:type="Aggregation" />
    <relationship identifier="id-63742736" source="id-96bc126e" target="id-78b6f6f5" xsi:type="Aggregation" />
    <relationship identifier="id-6dcf7033" source="id-2507f24b" target="id-58e57eac" xsi:type="Serving" />
    <relationship identifier="id-8a075a90" source="id-96bc126e" target="b91ee196" xsi:type="Serving" />
    <relationship identifier="ce8bd9a2" source="id-80621cab" target="b91ee196" xsi:type="Serving" />
    <relationship identifier="a3024e8f" source="id-80621cab" target="id-11380b4e" xsi:type="Composition" />
    <relationship identifier="id-28425938" source="id-11380b4e" target="id-6a316aca" xsi:type="Serving" />
    <relationship identifier="fae6bc07" source="id-88bfc62f" target="c29759ce" xsi:type="Composition" />
    <relationship identifier="id-992e2fee" source="id-88bfc62f" target="id-94bfaffe" xsi:type="Composition" />
    <relationship identifier="ff341256" source="id-88bfc62f" target="id-19140866" xsi:type="Composition" />
    <relationship identifier="id-12020a6c" source="id-88bfc62f" target="b91ee196" xsi:type="Serving" />
    <relationship identifier="id-75719f4f" source="id-88bfc62f" target="id-58e57eac" xsi:type="Serving" />
    <relationship identifier="id-3858e67a" source="id-78b6f6f5" target="b60e8ab6" xsi:type="Access" accessType="Read" />
    <relationship identifier="id-0113b9ad" source="c29759ce" target="b60e8ab6" xsi:type="Access" accessType="ReadWrite" />
    <relationship identifier="a0b8b204" source="id-78b6f6f5" target="c29759ce" xsi:type="Aggregation" />
    <relationship identifier="f805b1f8" source="id-94bfaffe" target="f6b18a11" xsi:type="Access" accessType="ReadWrite" />
    <relationship identifier="ba3d05a1" source="id-19140866" target="f6b18a11" xsi:type="Access" accessType="Read" />
    <relationship identifier="id-1015e8ca" source="id-19140866" target="id-0acb8d6e" xsi:type="Access" accessType="Write" />
    <relationship identifier="id-143c7fdb" source="e97f6977" target="c4c39601" xsi:type="Serving" />
    <relationship identifier="id-3a6d8fac" source="e97f6977" target="d8fbfc30" xsi:type="Access" accessType="Write" />
    <relationship identifier="id-8d44e768" source="id-78b6f6f5" target="id-88bfc62f" xsi:type="Aggregation" />
    <relationship identifier="d674d676" source="id-80621cab" target="id-96bc126e" xsi:type="Aggregation" />
  </relationships>
  <views>
    <diagrams>
      <view identifier="id-8a471224" xsi:type="Diagram">
        <name>Процесс ввода цен</name>
        <node identifier="id-34288587" elementRef="d8fbfc30" xsi:type="Element" x="552" y="900" w="120" h="55">
          <style>
            <fillColor r="181" g="255" b="255" a="100" />
            <lineColor r="92" g="92" b="92" a="100" />
            <font name="Lucida Grande" size="12">
              <color r="0" g="0" b="0" />
            </font>
          </style>
        </node>
        <node identifier="efe926c3" elementRef="id-532ab0ed" xsi:type="Element" x="1140" y="720" w="120" h="55">
          <style>
            <fillColor r="181" g="255" b="255" a="100" />
            <lineColor r="92" g="92" b="92" a="100" />
            <font name="Lucida Grande" size="12">
              <color r="0" g="0" b="0" />
            </font>
          </style>
        </node>
        <node identifier="e2411faf" elementRef="id-404ce690" xsi:type="Element" x="779" y="192" w="120" h="55">
          <style>
            <fillColor r="255" g="255" b="181" a="100" />
            <lineColor r="92" g="92" b="92" a="100" />
            <font name="Lucida Grande" size="12">
              <color r="0" g="0" b="0" />
            </font>
          </style>
        </node>
        <node identifier="id-0766f393" elementRef="id-46c463a6" xsi:type="Element" x="768" y="441" w="144" h="64">
          <style>
            <fillColor r="255" g="255" b="181" a="100" />
            <lineColor r="92" g="92" b="92" a="100" />
            <font name="Lucida Grande" size="12">
              <color r="0" g="0" b="0" />
            </font>
          </style>
        </node>
        <node identifier="id-10baedf4" elementRef="id-58e57eac" xsi:type="Element" x="1140" y="600" w="120" h="55">
          <style>
            <fillColor r="181" g="255" b="255" a="100" />
            <lineColor r="92" g="92" b="92" a="100" />
            <font name="Lucida Grande" size="12">
              <color r="0" g="0" b="0" />
            </font>
          </style>
        </node>
        <node identifier="id-1bef8faf" elementRef="b91ee196" xsi:type="Element" x="1656" y="579" w="181" h="97">
          <style>
            <fillColor r="181" g="255" b="255" a="100" />
            <lineColor r="92" g="92" b="92" a="100" />
            <font name="Lucida Grande" size="12">
              <color r="0" g="0" b="0" />
            </font>
          </style>
          <node identifier="f6960b24" elementRef="id-6a316aca" xsi:type="Element" x="1680" y="603" w="120" h="55">
            <style>
              <fillColor r="181" g="255" b="255" a="100" />
              <lineColor r="92" g="92" b="92" a="100" />
              <font name="Lucida Grande" size="12">
                <color r="0" g="0" b="0" />
              </font>
            </style>
          </node>
        </node>
        <node identifier="id-738546fa" elementRef="id-3210fd24" xsi:type="Element" x="1224" y="892" w="120" h="71">
          <style>
            <fillColor r="181" g="255" b="255" a="100" />
            <lineColor r="92" g="92" b="92" a="100" />
            <font name="Lucida Grande" size="12">
              <color r="0" g="0" b="0" />
            </font>
          </style>
        </node>
        <node identifier="id-08c74a97" elementRef="id-374cd45f" xsi:type="Element" x="1368" y="852" w="481" h="145">
          <style>
            <fillColor r="181" g="255" b="255" a="100" />
            <lineColor r="92" g="92" b="92" a="100" />
            <font name="Lucida Grande" size="12">
              <color r="0" g="0" b="0" />
            </font>
          </style>
          <node identifier="f84e075b" elementRef="b60e8ab6" xsi:type="Element" x="1378" y="892" w="120" h="71">
            <style>
              <fillColor r="181" g="255" b="255" a="100" />
              <lineColor r="92" g="92" b="92" a="100" />
              <font name="Lucida Grande" size="12">
                <color r="0" g="0" b="0" />
              </font>
            </style>
          </node>
          <node identifier="id-5a52bc71" elementRef="f6b18a11" xsi:type="Element" x="1632" y="877" w="190" h="101">
            <style>
              <fillColor r="181" g="255" b="255" a="100" />
              <lineColor r="92" g="92" b="92" a="100" />
              <font name="Lucida Grande" size="12">
                <color r="0" g="0" b="0" />
              </font>
            </style>
            <node identifier="id-3d5d0053" elementRef="id-0acb8d6e" xsi:type="Element" x="1692" y="913" w="120" h="55">
              <style>
                <fillColor r="181" g="255" b="255" a="100" />
                <lineColor r="92" g="92" b="92" a="100" />
                <font name="Lucida Grande" size="12">
                  <color r="0" g="0" b="0" />
                </font>
              </style>
            </node>
          </node>
        </node>
        <node identifier="id-9fa7b338" elementRef="id-789c3fb7" xsi:type="Element" x="1272" y="441" w="120" h="64">
          <style>
            <fillColor r="255" g="255" b="181" a="100" />
            <lineColor r="92" g="92" b="92" a="100" />
            <font name="Lucida Grande" size="12">
              <color r="0" g="0" b="0" />
            </font>
          </style>
        </node>
        <node identifier="id-14f3b144" elementRef="id-9c9a8eec" xsi:type="Element" x="780" y="549" w="120" h="55">
          <style>
            <fillColor r="255" g="255" b="181" a="100" />
            <lineColor r="92" g="92" b="92" a="100" />
            <font name="Lucida Grande" size="12">
              <color r="0" g="0" b="0" />
            </font>
          </style>
        </node>
        <node identifier="id-17b6dd73" elementRef="id-5f87b5b1" xsi:type="Element" x="1812" y="441" w="120" h="64">
          <style>
            <fillColor r="255" g="255" b="181" a="100" />
            <lineColor r="92" g="92" b="92" a="100" />
            <font name="Lucida Grande" size="12">
              <color r="0" g="0" b="0" />
            </font>
          </style>
        </node>
        <node identifier="id-27f78682" elementRef="id-5177f853" xsi:type="Element" x="1812" y="720" w="120" h="55">
          <style>
            <fillColor r="181" g="255" b="255" a="100" />
            <lineColor r="92" g="92" b="92" a="100" />
            <font name="Lucida Grande" size="12">
              <color r="0" g="0" b="0" />
            </font>
          </style>
        </node>
        <node identifier="id-1a4fa0ee" elementRef="id-4158e3bb" xsi:type="Element" x="1272" y="720" w="120" h="55">
          <style>
            <fillColor r="181" g="255" b="255" a="100" />
            <lineColor r="92" g="92" b="92" a="100" />
            <font name="Lucida Grande" size="12">
              <color r="0" g="0" b="0" />
            </font>
          </style>
        </node>
        <node identifier="id-0932f03b" elementRef="c545055c" xsi:type="Element" x="1681" y="720" w="120" h="55">
          <style>
            <fillColor r="181" g="255" b="255" a="100" />
            <lineColor r="92" g="92" b="92" a="100" />
            <font name="Lucida Grande" size="12">
              <color r="0" g="0" b="0" />
            </font>
          </style>
        </node>
        <node identifier="e7cb4429" elementRef="c4c39601" xsi:type="Element" x="552" y="600" w="120" h="55">
          <style>
            <fillColor r="181" g="255" b="255" a="100" />
            <lineColor r="92" g="92" b="92" a="100" />
            <font name="Lucida Grande" size="12">
              <color r="0" g="0" b="0" />
            </font>
          </style>
        </node>
        <node identifier="id-810e1ed9" elementRef="id-5c4a0c8b" xsi:type="Element" x="552" y="309" w="120" h="55">
          <style>
            <fillColor r="255" g="255" b="181" a="100" />
            <lineColor r="92" g="92" b="92" a="100" />
            <font name="Lucida Grande" size="12">
              <color r="0" g="0" b="0" />
            </font>
          </style>
        </node>
        <node identifier="id-8f444ff5" elementRef="e3d08397" xsi:type="Element" x="407" y="600" w="120" h="55">
          <style>
            <fillColor r="181" g="255" b="255" a="100" />
            <lineColor r="92" g="92" b="92" a="100" />
            <font name="Lucida Grande" size="12">
              <color r="0" g="0" b="0" />
            </font>
          </style>
        </node>
        <node identifier="id-50fa7d94" elementRef="id-1186c24e" xsi:type="Element" x="408" y="900" w="120" h="55">
          <style>
            <fillColor r="181" g="255" b="255" a="100" />
            <lineColor r="92" g="92" b="92" a="100" />
            <font name="Lucida Grande" size="12">
              <color r="0" g="0" b="0" />
            </font>
          </style>
        </node>
        <node identifier="acdd766d" elementRef="b0005fe9" xsi:type="Element" x="1441" y="120" w="120" h="55">
          <style>
            <fillColor r="255" g="255" b="181" a="100" />
            <lineColor r="92" g="92" b="92" a="100" />
            <font name="Lucida Grande" size="12">
              <color r="0" g="0" b="0" />
            </font>
          </style>
        </node>
        <node identifier="d36265c2" elementRef="id-69f48f2a" xsi:type="Element" x="552" y="120" w="120" h="55">
          <style>
            <fillColor r="255" g="255" b="181" a="100" />
            <lineColor r="92" g="92" b="92" a="100" />
            <font name="Lucida Grande" size="12">
              <color r="0" g="0" b="0" />
            </font>
          </style>
        </node>
        <node identifier="id-94b761c7" elementRef="abd4c93f" xsi:type="Element" x="972" y="264" w="1057" h="145">
          <style>
            <fillColor r="255" g="255" b="181" a="100" />
            <lineColor r="92" g="92" b="92" a="100" />
            <font name="Lucida Grande" size="12">
              <color r="0" g="0" b="0" />
            </font>
          </style>
          <node identifier="id-10c45371" elementRef="id-2df2c3ca" xsi:type="Element" x="1476" y="288" w="541" h="109">
            <style>
              <fillColor r="255" g="255" b="181" a="100" />
              <lineColor r="92" g="92" b="92" a="100" />
              <font name="Lucida Grande" size="12">
                <color r="0" g="0" b="0" />
              </font>
            </style>
            <node identifier="id-8349e3eb" elementRef="id-31de5b9f" xsi:type="Element" x="1488" y="312" w="120" h="72">
              <style>
                <fillColor r="255" g="255" b="181" a="100" />
                <lineColor r="92" g="92" b="92" a="100" />
                <font name="Lucida Grande" size="12">
                  <color r="0" g="0" b="0" />
                </font>
              </style>
            </node>
            <node identifier="e6ee9e29" elementRef="id-551d25a5" xsi:type="Element" x="1752" y="312" w="120" h="72">
              <style>
                <fillColor r="255" g="255" b="181" a="100" />
                <lineColor r="92" g="92" b="92" a="100" />
                <font name="Lucida Grande" size="12">
                  <color r="0" g="0" b="0" />
                </font>
              </style>
            </node>
            <node identifier="id-679248e6" elementRef="id-004fe59d" xsi:type="Element" x="1620" y="312" w="120" h="72">
              <style>
                <fillColor r="255" g="255" b="181" a="100" />
                <lineColor r="92" g="92" b="92" a="100" />
                <font name="Lucida Grande" size="12">
                  <color r="0" g="0" b="0" />
                </font>
              </style>
            </node>
            <node identifier="id-6e2090db" elementRef="id-24a5bb1e" xsi:type="Element" x="1884" y="312" w="120" h="72">
              <style>
                <fillColor r="255" g="255" b="181" a="100" />
                <lineColor r="92" g="92" b="92" a="100" />
                <font name="Lucida Grande" size="12">
                  <color r="0" g="0" b="0" />
                </font>
              </style>
            </node>
          </node>
          <node identifier="id-4850f498" elementRef="id-8c044888" xsi:type="Element" x="985" y="288" w="433" h="109">
            <style>
              <fillColor r="255" g="255" b="181" a="100" />
              <lineColor r="92" g="92" b="92" a="100" />
              <font name="Lucida Grande" size="12">
                <color r="0" g="0" b="0" />
              </font>
            </style>
            <node identifier="id-0ba0c9f8" elementRef="a93de3a1" xsi:type="Element" x="1129" y="312" w="144" h="72">
              <style>
                <fillColor r="255" g="255" b="181" a="100" />
                <lineColor r="92" g="92" b="92" a="100" />
                <font name="Lucida Grande" size="12">
                  <color r="0" g="0" b="0" />
                </font>
              </style>
            </node>
            <node identifier="id-520aa127" elementRef="da44bbf8" xsi:type="Element" x="1285" y="312" w="120" h="72">
              <style>
                <fillColor r="255" g="255" b="181" a="100" />
                <lineColor r="92" g="92" b="92" a="100" />
                <font name="Lucida Grande" size="12">
                  <color r="0" g="0" b="0" />
                </font>
              </style>
            </node>
            <node identifier="id-5f617182" elementRef="d82ac8e0" xsi:type="Element" x="997" y="312" w="120" h="72">
              <style>
                <fillColor r="255" g="255" b="181" a="100" />
                <lineColor r="92" g="92" b="92" a="100" />
                <font name="Lucida Grande" size="12">
                  <color r="0" g="0" b="0" />
                </font>
              </style>
            </node>
          </node>
        </node>
        <connection identifier="df7de78b" relationshipRef="ccd90ef6" xsi:type="Relationship" source="efe926c3" target="id-738546fa">
          <style>
            <lineColor r="0" g="0" b="0" />
            <font name="Lucida Grande" size="12">
              <color r="0" g="0" b="0" />
            </font>
          </style>
          <bendpoint x="1281" y="850" />
        </connection>
        <connection identifier="d6d84b0a" relationshipRef="bfc1cf6c" xsi:type="Relationship" source="e2411faf" target="id-0766f393">
          <style>
            <lineColor r="0" g="0" b="0" />
            <font name="Lucida Grande" size="12">
              <color r="0" g="0" b="0" />
            </font>
          </style>
        </connection>
        <connection identifier="id-9be52ac4" relationshipRef="id-78def75e" xsi:type="Relationship" source="e2411faf" target="id-94b761c7">
          <style>
            <lineColor r="0" g="0" b="0" />
            <font name="Lucida Grande" size="12">
              <color r="0" g="0" b="0" />
            </font>
          </style>
          <bendpoint x="867" y="288" />
        </connection>
        <connection identifier="ad62e32c" relationshipRef="cf5aa79c" xsi:type="Relationship" source="id-10baedf4" target="id-4850f498">
          <style>
            <lineColor r="0" g="0" b="0" />
            <font name="Lucida Grande" size="12">
              <color r="0" g="0" b="0" />
            </font>
          </style>
        </connection>
        <connection identifier="c3aa22ca" relationshipRef="id-9e30c02b" xsi:type="Relationship" source="id-10baedf4" target="id-1a4fa0ee">
          <style>
            <lineColor r="0" g="0" b="0" />
            <font name="Lucida Grande" size="12">
              <color r="0" g="0" b="0" />
            </font>
          </style>
        </connection>
        <connection identifier="id-586eebc6" relationshipRef="a84c5766" xsi:type="Relationship" source="id-1bef8faf" target="id-10c45371">
          <style>
            <lineColor r="0" g="0" b="0" />
            <font name="Lucida Grande" size="12">
              <color r="0" g="0" b="0" />
            </font>
          </style>
        </connection>
        <connection identifier="id-3c0180a3" relationshipRef="e93ceb4c" xsi:type="Relationship" source="id-1bef8faf" target="id-27f78682">
          <style>
            <lineColor r="0" g="0" b="0" />
            <font name="Lucida Grande" size="12">
              <color r="0" g="0" b="0" />
            </font>
          </style>
        </connection>
        <connection identifier="a70e1433" relationshipRef="a7994594" xsi:type="Relationship" source="f6960b24" target="id-679248e6">
          <style>
            <lineColor r="0" g="0" b="0" />
            <font name="Lucida Grande" size="12">
              <color r="0" g="0" b="0" />
            </font>
          </style>
        </connection>
        <connection identifier="id-2358a67d" relationshipRef="c12a7a9a" xsi:type="Relationship" source="f6960b24" target="id-1a4fa0ee">
          <style>
            <lineColor r="0" g="0" b="0" />
            <font name="Lucida Grande" size="12">
              <color r="0" g="0" b="0" />
            </font>
          </style>
        </connection>
        <connection identifier="id-854570f9" relationshipRef="c6f78197" xsi:type="Relationship" source="f84e075b" target="id-5a52bc71">
          <style>
            <lineColor r="0" g="0" b="0" />
            <font name="Lucida Grande" size="12">
              <color r="0" g="0" b="0" />
            </font>
          </style>
        </connection>
        <connection identifier="d6d16d20" relationshipRef="af0746ba" xsi:type="Relationship" source="f84e075b" target="id-738546fa">
          <style>
            <lineColor r="0" g="0" b="0" />
            <font name="Lucida Grande" size="12">
              <color r="0" g="0" b="0" />
            </font>
          </style>
        </connection>
        <connection identifier="id-6af9ab37" relationshipRef="a8d22dde" xsi:type="Relationship" source="id-5a52bc71" target="id-34288587">
          <style>
            <lineColor r="0" g="0" b="0" />
            <font name="Lucida Grande" size="12">
              <color r="0" g="0" b="0" />
            </font>
          </style>
          <bendpoint x="1641" y="1064" />
          <bendpoint x="708" y="1063" />
        </connection>
        <connection identifier="id-35e5f776" relationshipRef="id-90ffaab1" xsi:type="Relationship" source="id-5a52bc71" target="id-50fa7d94">
          <style>
            <lineColor r="0" g="0" b="0" />
            <font name="Lucida Grande" size="12">
              <color r="0" g="0" b="0" />
            </font>
          </style>
          <bendpoint x="1640" y="1068" />
          <bendpoint x="595" y="1067" />
        </connection>
        <connection identifier="id-2492e80a" relationshipRef="id-11c6a40e" xsi:type="Relationship" source="id-14f3b144" target="id-0766f393">
          <style>
            <lineColor r="0" g="0" b="0" />
            <font name="Lucida Grande" size="12">
              <color r="0" g="0" b="0" />
            </font>
          </style>
        </connection>
        <connection identifier="id-575294ad" relationshipRef="a589df64" xsi:type="Relationship" source="id-27f78682" target="id-17b6dd73">
          <style>
            <lineColor r="0" g="0" b="0" />
            <font name="Lucida Grande" size="12">
              <color r="0" g="0" b="0" />
            </font>
          </style>
        </connection>
        <connection identifier="bca5352f" relationshipRef="id-7216e44a" xsi:type="Relationship" source="id-27f78682" target="id-08c74a97">
          <style>
            <lineColor r="0" g="0" b="0" />
            <font name="Lucida Grande" size="12">
              <color r="0" g="0" b="0" />
            </font>
          </style>
          <bendpoint x="1606" y="815" />
        </connection>
        <connection identifier="id-55a4322b" relationshipRef="aded1427" xsi:type="Relationship" source="id-27f78682" target="id-0932f03b">
          <style>
            <lineColor r="0" g="0" b="0" />
            <font name="Lucida Grande" size="12">
              <color r="0" g="0" b="0" />
            </font>
          </style>
        </connection>
        <connection identifier="e9233b55" relationshipRef="id-983adc25" xsi:type="Relationship" source="id-1a4fa0ee" target="id-9fa7b338">
          <style>
            <lineColor r="0" g="0" b="0" />
            <font name="Lucida Grande" size="12">
              <color r="0" g="0" b="0" />
            </font>
          </style>
        </connection>
        <connection identifier="ee586582" relationshipRef="id-122de5ca" xsi:type="Relationship" source="id-1a4fa0ee" target="id-08c74a97">
          <style>
            <lineColor r="0" g="0" b="0" />
            <font name="Lucida Grande" size="12">
              <color r="0" g="0" b="0" />
            </font>
          </style>
          <bendpoint x="1599" y="814" />
        </connection>
        <connection identifier="d99763dd" relationshipRef="eb366a58" xsi:type="Relationship" source="id-1a4fa0ee" target="efe926c3">
          <style>
            <lineColor r="0" g="0" b="0" />
            <font name="Lucida Grande" size="12">
              <color r="0" g="0" b="0" />
            </font>
          </style>
        </connection>
        <connection identifier="id-93915188" relationshipRef="id-0cb3616c" xsi:type="Relationship" source="id-0932f03b" target="id-738546fa">
          <style>
            <lineColor r="0" g="0" b="0" />
            <font name="Lucida Grande" size="12">
              <color r="0" g="0" b="0" />
            </font>
          </style>
          <bendpoint x="1288" y="851" />
        </connection>
        <connection identifier="id-6b8d6834" relationshipRef="id-246b7cdf" xsi:type="Relationship" source="e7cb4429" target="id-34288587">
          <style>
            <lineColor r="0" g="0" b="0" />
            <font name="Lucida Grande" size="12">
              <color r="0" g="0" b="0" />
            </font>
          </style>
        </connection>
        <connection identifier="id-3dc1f66f" relationshipRef="b6e1f017" xsi:type="Relationship" source="e7cb4429" target="id-810e1ed9">
          <style>
            <lineColor r="0" g="0" b="0" />
            <font name="Lucida Grande" size="12">
              <color r="0" g="0" b="0" />
            </font>
          </style>
        </connection>
        <connection identifier="id-58a12c52" relationshipRef="id-9ed87e7f" xsi:type="Relationship" source="id-810e1ed9" target="id-94b761c7">
          <style>
            <lineColor r="0" g="0" b="0" />
            <font name="Lucida Grande" size="12">
              <color r="0" g="0" b="0" />
            </font>
          </style>
        </connection>
        <connection identifier="bf752194" relationshipRef="c5b87441" xsi:type="Relationship" source="id-8f444ff5" target="id-50fa7d94">
          <style>
            <lineColor r="0" g="0" b="0" />
            <font name="Lucida Grande" size="12">
              <color r="0" g="0" b="0" />
            </font>
          </style>
        </connection>
        <connection identifier="id-70be444e" relationshipRef="id-9c87e259" xsi:type="Relationship" source="acdd766d" target="id-94b761c7">
          <style>
            <lineColor r="0" g="0" b="0" />
            <font name="Lucida Grande" size="12">
              <color r="0" g="0" b="0" />
            </font>
          </style>
        </connection>
        <connection identifier="id-1e7b8f3a" relationshipRef="id-025b9e7f" xsi:type="Relationship" source="d36265c2" target="id-810e1ed9">
          <style>
            <lineColor r="0" g="0" b="0" />
            <font name="Lucida Grande" size="12">
              <color r="0" g="0" b="0" />
            </font>
          </style>
        </connection>
        <connection identifier="id-32ad7c22" relationshipRef="bb22b35a" xsi:type="Relationship" source="id-94b761c7" target="id-0766f393">
          <style>
            <lineColor r="0" g="0" b="0" />
            <font name="Lucida Grande" size="12">
              <color r="0" g="0" b="0" />
            </font>
          </style>
          <bendpoint x="864" y="384" />
        </connection>
        <connection identifier="fbe8b1ae" relationshipRef="id-2d980c9c" xsi:type="Relationship" source="id-10c45371" target="id-17b6dd73">
          <style>
            <lineColor r="0" g="0" b="0" />
            <font name="Lucida Grande" size="12">
              <color r="0" g="0" b="0" />
            </font>
          </style>
        </connection>
        <connection identifier="d75b9e8d" relationshipRef="id-29647b89" xsi:type="Relationship" source="id-8349e3eb" target="id-679248e6">
          <style>
            <lineColor r="0" g="0" b="0" />
            <font name="Lucida Grande" size="12">
              <color r="0" g="0" b="0" />
            </font>
          </style>
        </connection>
        <connection identifier="id-1e65f2b1" relationshipRef="id-9524e2c6" xsi:type="Relationship" source="e6ee9e29" target="id-6e2090db">
          <style>
            <lineColor r="0" g="0" b="0" />
            <font name="Lucida Grande" size="12">
              <color r="0" g="0" b="0" />
            </font>
          </style>
        </connection>
        <connection identifier="id-304c1e2c" relationshipRef="id-9d253433" xsi:type="Relationship" source="id-679248e6" target="e6ee9e29">
          <style>
            <lineColor r="0" g="0" b="0" />
            <font name="Lucida Grande" size="12">
              <color r="0" g="0" b="0" />
            </font>
          </style>
        </connection>
        <connection identifier="id-75edca9a" relationshipRef="id-71cf2478" xsi:type="Relationship" source="id-4850f498" target="id-9fa7b338">
          <style>
            <lineColor r="0" g="0" b="0" />
            <font name="Lucida Grande" size="12">
              <color r="0" g="0" b="0" />
            </font>
          </style>
        </connection>
        <connection identifier="id-9b1b10e4" relationshipRef="ae184bdd" xsi:type="Relationship" source="id-4850f498" target="id-10c45371">
          <style>
            <lineColor r="0" g="0" b="0" />
            <font name="Lucida Grande" size="12">
              <color r="0" g="0" b="0" />
            </font>
          </style>
        </connection>
        <connection identifier="id-3d097dcf" relationshipRef="id-19dd5d1f" xsi:type="Relationship" source="id-0ba0c9f8" target="id-520aa127">
          <style>
            <lineColor r="0" g="0" b="0" />
            <font name="Lucida Grande" size="12">
              <color r="0" g="0" b="0" />
            </font>
          </style>
        </connection>
        <connection identifier="id-6c7bfdc0" relationshipRef="id-46eedc1a" xsi:type="Relationship" source="id-5f617182" target="id-0ba0c9f8">
          <style>
            <lineColor r="0" g="0" b="0" />
            <font name="Lucida Grande" size="12">
              <color r="0" g="0" b="0" />
            </font>
          </style>
        </connection>
      </view>
      <view identifier="e0c081c1" xsi:type="Diagram">
        <name>Структура модуля</name>
        <node identifier="d493cf13" elementRef="d8fbfc30" xsi:type="Element" x="324" y="637" w="120" h="55">
          <style>
            <fillColor r="181" g="255" b="255" a="100" />
            <lineColor r="92" g="92" b="92" a="100" />
            <font name="Lucida Grande" size="12">
              <color r="0" g="0" b="0" />
            </font>
          </style>
        </node>
        <node identifier="id-4c990a8b" elementRef="id-58e57eac" xsi:type="Element" x="649" y="72" w="120" h="55">
          <style>
            <fillColor r="181" g="255" b="255" a="100" />
            <lineColor r="92" g="92" b="92" a="100" />
            <font name="Lucida Grande" size="12">
              <color r="0" g="0" b="0" />
            </font>
          </style>
        </node>
        <node identifier="id-89bfed4a" elementRef="b91ee196" xsi:type="Element" x="1121" y="51" w="181" h="97">
          <style>
            <fillColor r="181" g="255" b="255" a="100" />
            <lineColor r="92" g="92" b="92" a="100" />
            <font name="Lucida Grande" size="12">
              <color r="0" g="0" b="0" />
            </font>
          </style>
          <node identifier="id-3987b888" elementRef="id-6a316aca" xsi:type="Element" x="1145" y="75" w="120" h="55">
            <style>
              <fillColor r="181" g="255" b="255" a="100" />
              <lineColor r="92" g="92" b="92" a="100" />
              <font name="Lucida Grande" size="12">
                <color r="0" g="0" b="0" />
              </font>
            </style>
          </node>
        </node>
        <node identifier="id-41f3115c" elementRef="id-3210fd24" xsi:type="Element" x="673" y="628" w="120" h="73">
          <style>
            <fillColor r="181" g="255" b="255" a="100" />
            <lineColor r="92" g="92" b="92" a="100" />
            <font name="Lucida Grande" size="12">
              <color r="0" g="0" b="0" />
            </font>
          </style>
        </node>
        <node identifier="id-593d3989" elementRef="id-374cd45f" xsi:type="Element" x="828" y="576" w="505" h="155">
          <style>
            <fillColor r="181" g="255" b="255" a="100" />
            <lineColor r="92" g="92" b="92" a="100" />
            <font name="Lucida Grande" size="12">
              <color r="0" g="0" b="0" />
            </font>
          </style>
          <node identifier="id-1d4d8e00" elementRef="b60e8ab6" xsi:type="Element" x="848" y="627" w="120" h="71">
            <style>
              <fillColor r="181" g="255" b="255" a="100" />
              <lineColor r="92" g="92" b="92" a="100" />
              <font name="Lucida Grande" size="12">
                <color r="0" g="0" b="0" />
              </font>
            </style>
          </node>
          <node identifier="c923235e" elementRef="f6b18a11" xsi:type="Element" x="1128" y="612" w="190" h="95">
            <style>
              <fillColor r="181" g="255" b="255" a="100" />
              <lineColor r="92" g="92" b="92" a="100" />
              <font name="Lucida Grande" size="12">
                <color r="0" g="0" b="0" />
              </font>
            </style>
            <node identifier="fefbef4d" elementRef="id-0acb8d6e" xsi:type="Element" x="1188" y="642" w="120" h="55">
              <style>
                <fillColor r="181" g="255" b="255" a="100" />
                <lineColor r="92" g="92" b="92" a="100" />
                <font name="Lucida Grande" size="12">
                  <color r="0" g="0" b="0" />
                </font>
              </style>
            </node>
          </node>
        </node>
        <node identifier="a0a6d17a" elementRef="c4c39601" xsi:type="Element" x="324" y="71" w="120" h="55">
          <style>
            <fillColor r="181" g="255" b="255" a="100" />
            <lineColor r="92" g="92" b="92" a="100" />
            <font name="Lucida Grande" size="12">
              <color r="0" g="0" b="0" />
            </font>
          </style>
        </node>
        <node identifier="b66d2228" elementRef="e3d08397" xsi:type="Element" x="180" y="71" w="120" h="55">
          <style>
            <fillColor r="181" g="255" b="255" a="100" />
            <lineColor r="92" g="92" b="92" a="100" />
            <font name="Lucida Grande" size="12">
              <color r="0" g="0" b="0" />
            </font>
          </style>
        </node>
        <node identifier="id-31e0d275" elementRef="id-1186c24e" xsi:type="Element" x="180" y="637" w="120" h="55">
          <style>
            <fillColor r="181" g="255" b="255" a="100" />
            <lineColor r="92" g="92" b="92" a="100" />
            <font name="Lucida Grande" size="12">
              <color r="0" g="0" b="0" />
            </font>
          </style>
        </node>
        <node identifier="id-64934eea" elementRef="id-78b6f6f5" xsi:type="Element" x="780" y="348" w="170" h="55">
          <style>
            <fillColor r="181" g="255" b="255" a="100" />
            <lineColor r="92" g="92" b="92" a="100" />
            <font name="Lucida Grande" size="12">
              <color r="0" g="0" b="0" />
            </font>
          </style>
        </node>
        <node identifier="id-6a032965" elementRef="id-2507f24b" xsi:type="Element" x="624" y="240" w="169" h="55">
          <style>
            <fillColor r="181" g="255" b="255" a="100" />
            <lineColor r="92" g="92" b="92" a="100" />
            <font name="Lucida Grande" size="12">
              <color r="0" g="0" b="0" />
            </font>
          </style>
        </node>
        <node identifier="a9a3d45b" elementRef="id-80621cab" xsi:type="Element" x="1128" y="240" w="167" h="55">
          <style>
            <fillColor r="181" g="255" b="255" a="100" />
            <lineColor r="92" g="92" b="92" a="100" />
            <font name="Lucida Grande" size="12">
              <color r="0" g="0" b="0" />
            </font>
          </style>
        </node>
        <node identifier="ab0e62d1" elementRef="id-96bc126e" xsi:type="Element" x="972" y="240" w="120" h="55">
          <style>
            <fillColor r="181" g="255" b="255" a="100" />
            <lineColor r="92" g="92" b="92" a="100" />
            <font name="Lucida Grande" size="12">
              <color r="0" g="0" b="0" />
            </font>
          </style>
        </node>
        <node identifier="b200c96b" elementRef="c29759ce" xsi:type="Element" x="924" y="444" w="181" h="55">
          <style>
            <fillColor r="181" g="255" b="255" a="100" />
            <lineColor r="92" g="92" b="92" a="100" />
            <font name="Lucida Grande" size="12">
              <color r="0" g="0" b="0" />
            </font>
          </style>
        </node>
        <node identifier="e7c50781" elementRef="id-94bfaffe" xsi:type="Element" x="1116" y="444" w="181" h="55">
          <style>
            <fillColor r="181" g="255" b="255" a="100" />
            <lineColor r="92" g="92" b="92" a="100" />
            <font name="Lucida Grande" size="12">
              <color r="0" g="0" b="0" />
            </font>
          </style>
        </node>
        <node identifier="id-57c0450d" elementRef="id-19140866" xsi:type="Element" x="1308" y="444" w="164" h="55">
          <style>
            <fillColor r="181" g="255" b="255" a="100" />
            <lineColor r="92" g="92" b="92" a="100" />
            <font name="Lucida Grande" size="12">
              <color r="0" g="0" b="0" />
            </font>
          </style>
        </node>
        <node identifier="id-1af2c576" elementRef="id-11380b4e" xsi:type="Element" x="1332" y="240" w="120" h="55">
          <style>
            <fillColor r="181" g="255" b="255" a="100" />
            <lineColor r="92" g="92" b="92" a="100" />
            <font name="Lucida Grande" size="12">
              <color r="0" g="0" b="0" />
            </font>
          </style>
        </node>
        <node identifier="id-278f1333" elementRef="id-88bfc62f" xsi:type="Element" x="1147" y="348" w="120" h="55">
          <style>
            <fillColor r="181" g="255" b="255" a="100" />
            <lineColor r="92" g="92" b="92" a="100" />
            <font name="Lucida Grande" size="12">
              <color r="0" g="0" b="0" />
            </font>
          </style>
        </node>
        <node identifier="b2763d6a" elementRef="e97f6977" xsi:type="Element" x="324" y="443" w="120" h="55">
          <style>
            <fillColor r="181" g="255" b="255" a="100" />
            <lineColor r="92" g="92" b="92" a="100" />
            <font name="Lucida Grande" size="12">
              <color r="0" g="0" b="0" />
            </font>
          </style>
        </node>
        <connection identifier="id-9ebd2328" relationshipRef="af0746ba" xsi:type="Relationship" source="id-1d4d8e00" target="id-41f3115c">
          <style>
            <lineColor r="0" g="0" b="0" />
            <font name="Lucida Grande" size="12">
              <color r="0" g="0" b="0" />
            </font>
          </style>
        </connection>
        <connection identifier="c74d513f" relationshipRef="c6f78197" xsi:type="Relationship" source="id-1d4d8e00" target="c923235e">
          <style>
            <lineColor r="0" g="0" b="0" />
            <font name="Lucida Grande" size="12">
              <color r="0" g="0" b="0" />
            </font>
          </style>
        </connection>
        <connection identifier="id-131ccd44" relationshipRef="id-90ffaab1" xsi:type="Relationship" source="c923235e" target="id-31e0d275">
          <style>
            <lineColor r="0" g="0" b="0" />
            <font name="Lucida Grande" size="12">
              <color r="0" g="0" b="0" />
            </font>
          </style>
          <bendpoint x="1228" y="801" />
          <bendpoint x="275" y="802" />
        </connection>
        <connection identifier="id-7786dbd4" relationshipRef="a8d22dde" xsi:type="Relationship" source="c923235e" target="d493cf13">
          <style>
            <lineColor r="0" g="0" b="0" />
            <font name="Lucida Grande" size="12">
              <color r="0" g="0" b="0" />
            </font>
          </style>
          <bendpoint x="1229" y="797" />
          <bendpoint x="388" y="798" />
        </connection>
        <connection identifier="cc4700ce" relationshipRef="c5b87441" xsi:type="Relationship" source="b66d2228" target="id-31e0d275">
          <style>
            <lineColor r="0" g="0" b="0" />
            <font name="Lucida Grande" size="12">
              <color r="0" g="0" b="0" />
            </font>
          </style>
        </connection>
        <connection identifier="ff728b64" relationshipRef="id-3858e67a" xsi:type="Relationship" source="id-64934eea" target="id-1d4d8e00">
          <style>
            <lineColor r="0" g="0" b="0" />
            <font name="Lucida Grande" size="12">
              <color r="0" g="0" b="0" />
            </font>
          </style>
        </connection>
        <connection identifier="id-115b89dd" relationshipRef="id-8d44e768" xsi:type="Relationship" source="id-64934eea" target="id-278f1333">
          <style>
            <lineColor r="0" g="0" b="0" />
            <font name="Lucida Grande" size="12">
              <color r="0" g="0" b="0" />
            </font>
          </style>
        </connection>
        <connection identifier="a56c776e" relationshipRef="id-7cbd64cc" xsi:type="Relationship" source="id-6a032965" target="id-64934eea">
          <style>
            <lineColor r="0" g="0" b="0" />
            <font name="Lucida Grande" size="12">
              <color r="0" g="0" b="0" />
            </font>
          </style>
        </connection>
        <connection identifier="id-7e247ce6" relationshipRef="id-6dcf7033" xsi:type="Relationship" source="id-6a032965" target="id-4c990a8b">
          <style>
            <lineColor r="0" g="0" b="0" />
            <font name="Lucida Grande" size="12">
              <color r="0" g="0" b="0" />
            </font>
          </style>
        </connection>
        <connection identifier="bcc5ea76" relationshipRef="ce8bd9a2" xsi:type="Relationship" source="a9a3d45b" target="id-89bfed4a">
          <style>
            <lineColor r="0" g="0" b="0" />
            <font name="Lucida Grande" size="12">
              <color r="0" g="0" b="0" />
            </font>
          </style>
        </connection>
        <connection identifier="id-51d534b2" relationshipRef="a3024e8f" xsi:type="Relationship" source="a9a3d45b" target="id-1af2c576">
          <style>
            <lineColor r="0" g="0" b="0" />
            <font name="Lucida Grande" size="12">
              <color r="0" g="0" b="0" />
            </font>
          </style>
        </connection>
        <connection identifier="cd01f712" relationshipRef="d674d676" xsi:type="Relationship" source="a9a3d45b" target="ab0e62d1">
          <style>
            <lineColor r="0" g="0" b="0" />
            <font name="Lucida Grande" size="12">
              <color r="0" g="0" b="0" />
            </font>
          </style>
        </connection>
        <connection identifier="id-3693072d" relationshipRef="id-63742736" xsi:type="Relationship" source="ab0e62d1" target="id-64934eea">
          <style>
            <lineColor r="0" g="0" b="0" />
            <font name="Lucida Grande" size="12">
              <color r="0" g="0" b="0" />
            </font>
          </style>
        </connection>
        <connection identifier="fedfc9f3" relationshipRef="id-0113b9ad" xsi:type="Relationship" source="b200c96b" target="id-1d4d8e00">
          <style>
            <lineColor r="0" g="0" b="0" />
            <font name="Lucida Grande" size="12">
              <color r="0" g="0" b="0" />
            </font>
          </style>
        </connection>
        <connection identifier="id-15374fd9" relationshipRef="f805b1f8" xsi:type="Relationship" source="e7c50781" target="c923235e">
          <style>
            <lineColor r="0" g="0" b="0" />
            <font name="Lucida Grande" size="12">
              <color r="0" g="0" b="0" />
            </font>
          </style>
        </connection>
        <connection identifier="d600cdc4" relationshipRef="ba3d05a1" xsi:type="Relationship" source="id-57c0450d" target="c923235e">
          <style>
            <lineColor r="0" g="0" b="0" />
            <font name="Lucida Grande" size="12">
              <color r="0" g="0" b="0" />
            </font>
          </style>
        </connection>
        <connection identifier="id-8a574c02" relationshipRef="id-28425938" xsi:type="Relationship" source="id-1af2c576" target="id-3987b888">
          <style>
            <lineColor r="0" g="0" b="0" />
            <font name="Lucida Grande" size="12">
              <color r="0" g="0" b="0" />
            </font>
          </style>
        </connection>
        <connection identifier="f0606f76" relationshipRef="fae6bc07" xsi:type="Relationship" source="id-278f1333" target="b200c96b">
          <style>
            <lineColor r="0" g="0" b="0" />
            <font name="Lucida Grande" size="12">
              <color r="0" g="0" b="0" />
            </font>
          </style>
        </connection>
        <connection identifier="id-24975c9b" relationshipRef="id-992e2fee" xsi:type="Relationship" source="id-278f1333" target="e7c50781">
          <style>
            <lineColor r="0" g="0" b="0" />
            <font name="Lucida Grande" size="12">
              <color r="0" g="0" b="0" />
            </font>
          </style>
        </connection>
        <connection identifier="id-1fe1eefa" relationshipRef="ff341256" xsi:type="Relationship" source="id-278f1333" target="id-57c0450d">
          <style>
            <lineColor r="0" g="0" b="0" />
            <font name="Lucida Grande" size="12">
              <color r="0" g="0" b="0" />
            </font>
          </style>
        </connection>
        <connection identifier="id-550976cc" relationshipRef="id-143c7fdb" xsi:type="Relationship" source="b2763d6a" target="a0a6d17a">
          <style>
            <lineColor r="0" g="0" b="0" />
            <font name="Lucida Grande" size="12">
              <color r="0" g="0" b="0" />
            </font>
          </style>
        </connection>
        <connection identifier="df373f0f" relationshipRef="id-3a6d8fac" xsi:type="Relationship" source="b2763d6a" target="d493cf13">
          <style>
            <lineColor r="0" g="0" b="0" />
            <font name="Lucida Grande" size="12">
              <color r="0" g="0" b="0" />
            </font>
          </style>
        </connection>
      </view>
    </diagrams>
  </views>
</model>
