"ID","Type","Name","Documentation","Source","Target","Specialization"
"1fcbaa6a","AssociationRelationship","","","abbd7dc5","a687c85a",""
"044410b6","AssociationRelationship","","","abbd7dc5","648aa201",""
"471bf46f","AssociationRelationship","","","fdb290ed","587aa460",""
"c94241b8","AssociationRelationship","","","c4e4aa26","22f60334",""
"ffcd3c25","AssociationRelationship","","","2c3be41d","c3c2eed6",""
"fa984504","AssociationRelationship","","","61482e7c","30b7a262",""
"4893dfa8","AssociationRelationship","","","a687c85a","9e25bedc",""
"b602eecf","AssociationRelationship","","","9fc582a0","3de64ed4",""
"93ec9b90","AssociationRelationship","","","e147eea4","ecee9e86",""
"a30cbfc1","AssociationRelationship","","","856ed729","40c07ec8",""
"e1638a15","AssociationRelationship","","","4aa1316a","8cbce5bd",""
"a1abceb3","AssociationRelationship","","","910e99cf","96bc9c03",""
"afe1d12b","AssociationRelationship","","","30b7a262","856ed729",""
"c248722c","AssociationRelationship","","","8cbce5bd","96bc9c03",""
"20c4cb97","AssociationRelationship","","","9e25bedc","abbd7dc5",""
"d537be41","AssociationRelationship","","","4fba55e0","994df34d",""
"f3c2eb87","AssociationRelationship","","","3de64ed4","c3c2eed6",""
"0dbf1f4d","AssociationRelationship","","","994df34d","ff2961bf",""
"4e0ca4c8","AssociationRelationship","","","750cffda","96bc9c03",""
"f414af88","AssociationRelationship","","","ac3eab82","1a73e132",""
"cc7b75f2","AssociationRelationship","","","2799f6ac","dbd7defe",""
"47aef4e9","AssociationRelationship","","","61482e7c","4b661686",""
"eac56cb0","AssociationRelationship","","","4aa1316a","30b7a262",""
"7f3e842d","AssociationRelationship","","","dbd7defe","5eb119e7",""
"c10c418d","AssociationRelationship","","","1a73e132","c85fc284",""
"35062944","AssociationRelationship","","","71a46584","31112cab",""
"57a3379e","AssociationRelationship","","","5eb119e7","4fba55e0",""
"e89321e1","AssociationRelationship","","","c6195be2","7152b8d1",""
"1cb941f7","AssociationRelationship","","","b5c2d201","2799f6ac",""
"398eb104","AssociationRelationship","","","648aa201","dbd7defe",""
"b1df53ec","AssociationRelationship","","","c4e4aa26","7152b8d1",""
"bbb0dd15","AssociationRelationship","","","40c07ec8","c3c2eed6",""
"fa9d6058","AssociationRelationship","","","9fc582a0","7152b8d1",""
"0b675729","AssociationRelationship","","","b5a4fd76","750cffda",""
"ddebbdc1","AssociationRelationship","","","84f55f34","96bc9c03",""
"f4841ae3","AssociationRelationship","","","42eff491","30b7a262",""
"bd6c9d20","AssociationRelationship","","","45f15e90","42eff491",""
"a060e47a","AssociationRelationship","","","ecee9e86","7152b8d1",""
"010a199e","AssociationRelationship","","","22f60334","71a46584",""
"6cc2f94c","AssociationRelationship","","","a687c85a","dbd7defe",""
"6de4da61","AssociationRelationship","","","4fba55e0","d4459157",""
"cde966cd","AssociationRelationship","","","9e25bedc","7152b8d1",""
"1f9d544c","AssociationRelationship","","","9e25bedc","4aa1316a",""
"1cb9ce06","AssociationRelationship","","","4b661686","fdb290ed",""
"18442d96","AssociationRelationship","","","7ad19000","dbd7defe",""
"8a080d60","AssociationRelationship","","","d4459157","ff2961bf",""
"ffcf0b8e","AssociationRelationship","","","bbc6e550","2c3be41d",""
"b8795845","AssociationRelationship","","","2799f6ac","648aa201",""
"67cd1fca","AssociationRelationship","","","9e25bedc","c6195be2",""
"4bd97f85","AssociationRelationship","","","648aa201","5eb119e7",""
"f6d24726","AssociationRelationship","","","7ad19000","ff515f86",""
"31ebe88c","AssociationRelationship","","","96bc9c03","bbc6e550",""
"bf00deb0","AssociationRelationship","","","910e99cf","ac3eab82",""
"9054ec3a","AssociationRelationship","","","c3c2eed6","d0731e62",""
"ac48fc0b","AssociationRelationship","","","c3c2eed6","4b75b9d9",""
"3e419a1b","AssociationRelationship","","","c3c2eed6","ab400095",""
"2a1141b0","AssociationRelationship","","","c3c2eed6","f165f10f",""
"ecbe303a-55af-4914-b6f7-392530f8273d","AssociationRelationship","","","7ad19000","2e9fe37f-40d3-4c93-bb40-db2ae48b4f14",""
"202973f2-8145-45f7-b696-21956a5a3224","AssociationRelationship","","","9fc582a0","8bda468e-7974-4323-bfb7-19b42298baec",""
"f5a584ab-81e6-414d-83eb-44c7a25c6260","AssociationRelationship","","","856ed729","dea321d4-a9f7-400a-89b8-588291740bda",""
"397eddc5-789d-4806-afc0-2d14b9f8f31a","AssociationRelationship","","","bbc6e550","071140db-441c-45a1-837e-93ba43d005bd",""
"bd31e01b","AssociationRelationship","INSERT some data into DB","","ff515f86","c3c2eed6",""
"b1fd82cb","CompositionRelationship","","","84f55f34","910e99cf",""
"8f8e4d01","CompositionRelationship","","","2087d567","994df34d",""
"c9ae2030","CompositionRelationship","","","84f55f34","b5a4fd76",""
"95488e66","CompositionRelationship","","","84f55f34","8cbce5bd",""
"e5372570","CompositionRelationship","","","c2608458","7152b8d1",""
"971b2b7f","CompositionRelationship","","","2087d567","d4459157",""
"f95dfe53","CompositionRelationship","","","9d97df95","30b7a262",""
"64cdc498","CompositionRelationship","","","2087d567","b5c2d201",""
"c2c45ef4","CompositionRelationship","","","2087d567","4fba55e0",""
"1b793780","CompositionRelationship","","","84f55f34","750cffda",""
"44ad8a9a","CompositionRelationship","","","2087d567","648aa201",""
"c85334ca","CompositionRelationship","","","2087d567","dbd7defe",""
"f5521e78","CompositionRelationship","","","c2608458","71a46584",""
"b58e33fa","CompositionRelationship","","","2087d567","5eb119e7",""
"59816bdd","CompositionRelationship","","","c2608458","ecee9e86",""
"948a8fd8","CompositionRelationship","","","c2608458","22f60334",""
"97dc9f43","CompositionRelationship","","","2087d567","ff515f86",""
"b99dd08a","CompositionRelationship","","","c2608458","c4e4aa26",""
"cdc09504","CompositionRelationship","","","2087d567","2799f6ac",""
"2d84f4a5","CompositionRelationship","","","9d97df95","4aa1316a",""
"a405d122","CompositionRelationship","","","c2608458","e147eea4",""
"f85a4b08","CompositionRelationship","","","9d97df95","40c07ec8",""
"a8f02805","CompositionRelationship","","","2087d567","ff2961bf",""
"6476d314","CompositionRelationship","","","9d97df95","42eff491",""
"2d04361d","CompositionRelationship","","","2087d567","abbd7dc5",""
"bff9270c","CompositionRelationship","","","2087d567","7ad19000",""
"a64468e2","CompositionRelationship","","","9d97df95","587aa460",""
"ebfe33ec","CompositionRelationship","","","84f55f34","2c3be41d",""
"c753df5f","CompositionRelationship","","","84f55f34","ac3eab82",""
"9c76b5c3","CompositionRelationship","","","c2608458","9e25bedc",""
"17ac8dd2","CompositionRelationship","","","84f55f34","1a73e132",""
"1dc9fcc8","CompositionRelationship","","","9d97df95","4b661686",""
"b5d879c4","CompositionRelationship","","","c2608458","31112cab",""
"42f7fd57","CompositionRelationship","","","84f55f34","c85fc284",""
"d1806f83","CompositionRelationship","","","c2608458","9fc582a0",""
"5e8197a2","CompositionRelationship","","","2087d567","a687c85a",""
"325c42b7","CompositionRelationship","","","9d97df95","fdb290ed",""
"33417fe3","CompositionRelationship","","","c2608458","3de64ed4",""
"6724b841","CompositionRelationship","","","9d97df95","45f15e90",""
"4a06b38a","CompositionRelationship","","","9d97df95","856ed729",""
"bfb239f8","CompositionRelationship","","","c2608458","c6195be2",""
"0216f7cb","CompositionRelationship","","","9d97df95","61482e7c",""
"8f635500","CompositionRelationship","","","84f55f34","96bc9c03",""
"e551069e","CompositionRelationship","","","84f55f34","bbc6e550",""
"34633d4a","CompositionRelationship","","","e673c451","c3c2eed6",""
"dfe3db76","CompositionRelationship","","","e673c451","d0731e62",""
"3116f1c7","CompositionRelationship","","","e673c451","acc29a1e",""
"917f8b8e","CompositionRelationship","","","e673c451","4b75b9d9",""
"5f0e36d7","CompositionRelationship","","","e673c451","ab400095",""
"be3f8407","CompositionRelationship","","","e673c451","f165f10f",""
"685e1800-870d-4243-9ed9-6d583770add3","CompositionRelationship","","","2087d567","2e9fe37f-40d3-4c93-bb40-db2ae48b4f14",""
"815a5187-45fe-45ba-abe0-44223caea182","CompositionRelationship","","","c2608458","8bda468e-7974-4323-bfb7-19b42298baec",""
"fc14bb6d-51c8-467d-a1f0-918919ea2696","CompositionRelationship","","","9d97df95","dea321d4-a9f7-400a-89b8-588291740bda",""
"6f02ece8-37d8-49b1-8a40-75110b1b6ae8","CompositionRelationship","","","84f55f34","071140db-441c-45a1-837e-93ba43d005bd",""