"ID","Key","Value"
"id-EAID_C33BE144_4711_4d89_BE22_A9C287503C2F","atomic","false"
"id-EAID_C33BE144_4711_4d89_BE22_A9C287503C2F","rotation","up"
"id-EAID_C33BE144_4711_4d89_BE22_A9C287503C2F","showdecoration","true"
"id-EAID_D116D1F7_608E_447f_A365_53EEEF2415DC","atomic","false"
"id-EAID_D116D1F7_608E_447f_A365_53EEEF2415DC","rotation","up"
"id-EAID_D116D1F7_608E_447f_A365_53EEEF2415DC","showdecoration","true"
"id-EAID_B47B9287_BBCE_4023_8A4A_B908900D73DF","atomic","false"
"id-EAID_B47B9287_BBCE_4023_8A4A_B908900D73DF","rotation","up"
"id-EAID_B47B9287_BBCE_4023_8A4A_B908900D73DF","showdecoration","true"
"id-EAID_90935034_A5ED_9B1D_840A_A84AB4FF6F59","atomic","false"
"id-EAID_90935034_A5ED_9B1D_840A_A84AB4FF6F59","rotation","up"
"id-EAID_90935034_A5ED_9B1D_840A_A84AB4FF6F59","showdecoration","true"
"id-EAID_D601FCD6_A131_3D95_200E_CAF3E6B78377","atomic","false"
"id-EAID_D601FCD6_A131_3D95_200E_CAF3E6B78377","rotation","up"
"id-EAID_D601FCD6_A131_3D95_200E_CAF3E6B78377","showdecoration","true"
"id-EAID_D6E1F341_7244_4A06_5825_79FFF66848D2","atomic","false"
"id-EAID_D6E1F341_7244_4A06_5825_79FFF66848D2","rotation","up"
"id-EAID_D6E1F341_7244_4A06_5825_79FFF66848D2","showdecoration","true"
"id-EAID_6676AB22_969C_3988_2803_AF877B645044","atomic","false"
"id-EAID_6676AB22_969C_3988_2803_AF877B645044","rotation","up"
"id-EAID_6676AB22_969C_3988_2803_AF877B645044","showdecoration","true"
"id-EAID_B6B97082_70BA_105D_21B0_C2628FA8801A","atomic","false"
"id-EAID_B6B97082_70BA_105D_21B0_C2628FA8801A","rotation","up"
"id-EAID_B6B97082_70BA_105D_21B0_C2628FA8801A","showdecoration","true"
"id-EAID_5E7E325D_41C0_5435_18D5_2C2BCBC49C48","atomic","false"
"id-EAID_5E7E325D_41C0_5435_18D5_2C2BCBC49C48","rotation","up"
"id-EAID_5E7E325D_41C0_5435_18D5_2C2BCBC49C48","showdecoration","true"
"id-EAID_D89FC2AC_1278_5F55_61A8_8D04BCFD0716","atomic","false"
"id-EAID_D89FC2AC_1278_5F55_61A8_8D04BCFD0716","rotation","up"
"id-EAID_D89FC2AC_1278_5F55_61A8_8D04BCFD0716","showdecoration","true"
"id-EAID_E73C1A4D_6FC7_2694_880E_110FDA6A3C18","atomic","false"
"id-EAID_E73C1A4D_6FC7_2694_880E_110FDA6A3C18","rotation","up"
"id-EAID_E73C1A4D_6FC7_2694_880E_110FDA6A3C18","showdecoration","true"
"id-EAID_00BCB554_5132_057E_3F33_4B21A3331F09","atomic","false"
"id-EAID_00BCB554_5132_057E_3F33_4B21A3331F09","rotation","up"
"id-EAID_00BCB554_5132_057E_3F33_4B21A3331F09","showdecoration","true"
"id-EAID_F173F82F_9AEB_9CCE_53AE_417F373A02A0","atomic","false"
"id-EAID_F173F82F_9AEB_9CCE_53AE_417F373A02A0","rotation","up"
"id-EAID_F173F82F_9AEB_9CCE_53AE_417F373A02A0","showdecoration","true"
"id-EAID_FEF685C4_169A_78E9_0F35_EDE8B3269DB0","atomic","false"
"id-EAID_FEF685C4_169A_78E9_0F35_EDE8B3269DB0","rotation","up"
"id-EAID_FEF685C4_169A_78E9_0F35_EDE8B3269DB0","showdecoration","true"
"id-EAID_0AB115C7_0178_0E87_6062_09A6000D8CFF","showdecoration","true"
"id-EAID_0AB115C7_0178_0E87_6062_09A6000D8CFF","rotation","up"
"id-EAID_0AB115C7_0178_0E87_6062_09A6000D8CFF","atomic","false"
"id-EAID_1A5AF267_2DF3_5F59_4A86_AEE0B1A829B8","atomic","false"
"id-EAID_1A5AF267_2DF3_5F59_4A86_AEE0B1A829B8","rotation","up"
"id-EAID_1A5AF267_2DF3_5F59_4A86_AEE0B1A829B8","showdecoration","true"
"id-EAID_4050CC24_5AC5_6FD0_7C60_E017C4CE33E3","atomic","false"
"id-EAID_4050CC24_5AC5_6FD0_7C60_E017C4CE33E3","rotation","up"
"id-EAID_4050CC24_5AC5_6FD0_7C60_E017C4CE33E3","showdecoration","true"
"id-EAID_16E138FF_0F41_A448_48E8_445D04778913","atomic","false"
"id-EAID_16E138FF_0F41_A448_48E8_445D04778913","rotation","up"
"id-EAID_16E138FF_0F41_A448_48E8_445D04778913","showdecoration","true"
"id-EAID_3BC9F629_779A_8521_35C0_B694FA6B95A3","atomic","false"
"id-EAID_3BC9F629_779A_8521_35C0_B694FA6B95A3","rotation","up"
"id-EAID_3BC9F629_779A_8521_35C0_B694FA6B95A3","showdecoration","true"
"id-EAID_9FB99883_0C7A_0D59_622E_71F1C9EAA78C","atomic","false"
"id-EAID_9FB99883_0C7A_0D59_622E_71F1C9EAA78C","rotation","up"
"id-EAID_9FB99883_0C7A_0D59_622E_71F1C9EAA78C","showdecoration","true"
"id-EAID_CC442875_90CE_0AC8_29BC_5B5072B305DD","atomic","false"
"id-EAID_CC442875_90CE_0AC8_29BC_5B5072B305DD","rotation","up"
"id-EAID_CC442875_90CE_0AC8_29BC_5B5072B305DD","showdecoration","true"
"id-EAID_924C6E25_0E55_1FEA_1F46_571D31E29ADE","atomic","false"
"id-EAID_924C6E25_0E55_1FEA_1F46_571D31E29ADE","rotation","up"
"id-EAID_924C6E25_0E55_1FEA_1F46_571D31E29ADE","showdecoration","true"
"id-EAID_F13068B3_3C15_8448_5E7F_E34A79DB8380","atomic","false"
"id-EAID_F13068B3_3C15_8448_5E7F_E34A79DB8380","rotation","up"
"id-EAID_F13068B3_3C15_8448_5E7F_E34A79DB8380","showdecoration","true"
"id-EAID_0F403716_8CC3_97F0_1B77_5247382881B2","atomic","false"
"id-EAID_0F403716_8CC3_97F0_1B77_5247382881B2","rotation","up"
"id-EAID_0F403716_8CC3_97F0_1B77_5247382881B2","showdecoration","true"
"id-EAID_779F7C0B_817F_8A55_3F10_B4EB4BB5504A","atomic","false"
"id-EAID_779F7C0B_817F_8A55_3F10_B4EB4BB5504A","rotation","up"
"id-EAID_779F7C0B_817F_8A55_3F10_B4EB4BB5504A","showdecoration","true"
"id-EAID_4E747210_4377_3CCE_5ADA_96AD40816A9B","atomic","false"
"id-EAID_4E747210_4377_3CCE_5ADA_96AD40816A9B","rotation","up"
"id-EAID_4E747210_4377_3CCE_5ADA_96AD40816A9B","showdecoration","true"
"id-EAID_FB2B1D4D_076E_A4C1_18E7_307235896487","atomic","false"
"id-EAID_FB2B1D4D_076E_A4C1_18E7_307235896487","rotation","up"
"id-EAID_FB2B1D4D_076E_A4C1_18E7_307235896487","showdecoration","true"
"id-EAID_8E563758_69CE_2DDD_2300_64B5119A6C68","atomic","false"
"id-EAID_8E563758_69CE_2DDD_2300_64B5119A6C68","rotation","up"
"id-EAID_8E563758_69CE_2DDD_2300_64B5119A6C68","showdecoration","true"
"id-EAID_63667585_A697_658E_622A_EC1A55660A46","atomic","false"
"id-EAID_63667585_A697_658E_622A_EC1A55660A46","rotation","up"
"id-EAID_63667585_A697_658E_622A_EC1A55660A46","showdecoration","true"
"id-EAID_48FCBC55_750A_59F4_795A_0B65E2524D99","atomic","false"
"id-EAID_48FCBC55_750A_59F4_795A_0B65E2524D99","rotation","up"
"id-EAID_48FCBC55_750A_59F4_795A_0B65E2524D99","showdecoration","true"
"id-EAID_14D4BC2B_61DE_564D_61AB_E2E0FC48285C","atomic","false"
"id-EAID_14D4BC2B_61DE_564D_61AB_E2E0FC48285C","rotation","up"
"id-EAID_14D4BC2B_61DE_564D_61AB_E2E0FC48285C","showdecoration","true"
"id-EAID_4D8031F5_61C7_8C4D_39B4_E368E6C9670A","atomic","false"
"id-EAID_4D8031F5_61C7_8C4D_39B4_E368E6C9670A","rotation","up"
"id-EAID_4D8031F5_61C7_8C4D_39B4_E368E6C9670A","showdecoration","true"
"id-EAID_6EDB8352_31BE_0921_5239_CDDDD2DA8AC5","atomic","false"
"id-EAID_6EDB8352_31BE_0921_5239_CDDDD2DA8AC5","rotation","up"
"id-EAID_6EDB8352_31BE_0921_5239_CDDDD2DA8AC5","showdecoration","true"
"id-EAID_F1CFB2B9_5520_911D_0941_C6D840D71822","atomic","false"
"id-EAID_F1CFB2B9_5520_911D_0941_C6D840D71822","rotation","up"
"id-EAID_F1CFB2B9_5520_911D_0941_C6D840D71822","showdecoration","true"
"id-EAID_7434F389_16CC_1919_3F13_2169A08219DF","atomic","false"
"id-EAID_7434F389_16CC_1919_3F13_2169A08219DF","rotation","up"
"id-EAID_7434F389_16CC_1919_3F13_2169A08219DF","showdecoration","true"
"id-EAID_72CEF6C0_5CBE_061F_5502_E783792B79D7","atomic","false"
"id-EAID_72CEF6C0_5CBE_061F_5502_E783792B79D7","rotation","up"
"id-EAID_72CEF6C0_5CBE_061F_5502_E783792B79D7","showdecoration","true"
"id-EAID_100A8995_6473_428E_3748_E2814B0235F1","rotation","up"
"id-EAID_100A8995_6473_428E_3748_E2814B0235F1","showdecoration","true"
"id-EAID_100A8995_6473_428E_3748_E2814B0235F1","atomic","false"
"id-EAID_342CBFE4_02B3_184D_5ECA_FF036A4C02EF","atomic","false"
"id-EAID_342CBFE4_02B3_184D_5ECA_FF036A4C02EF","rotation","up"
"id-EAID_342CBFE4_02B3_184D_5ECA_FF036A4C02EF","showdecoration","true"
"id-EAID_A3F28F1D_17CB_662C_9F0A_7C82BA997B47","atomic","false"
"id-EAID_A3F28F1D_17CB_662C_9F0A_7C82BA997B47","rotation","up"
"id-EAID_A3F28F1D_17CB_662C_9F0A_7C82BA997B47","showdecoration","true"
"id-EAID_3C37D03A_8B99_8038_0AB8_585B64A847F9","atomic","false"
"id-EAID_3C37D03A_8B99_8038_0AB8_585B64A847F9","rotation","up"
"id-EAID_3C37D03A_8B99_8038_0AB8_585B64A847F9","showdecoration","true"
"id-EAID_CE7D2172_22B8_5195_1B04_9765604B4AF1","atomic","false"
"id-EAID_CE7D2172_22B8_5195_1B04_9765604B4AF1","rotation","up"
"id-EAID_CE7D2172_22B8_5195_1B04_9765604B4AF1","showdecoration","true"
"id-EAID_D0D32963_3EEE_6BC9_79F0_7787D4E42BB1","atomic","false"
"id-EAID_D0D32963_3EEE_6BC9_79F0_7787D4E42BB1","rotation","up"
"id-EAID_D0D32963_3EEE_6BC9_79F0_7787D4E42BB1","showdecoration","true"
"id-EAID_0BAEBD2C_697F_8475_9ECB_600BFBDE4982","atomic","false"
"id-EAID_0BAEBD2C_697F_8475_9ECB_600BFBDE4982","rotation","up"
"id-EAID_0BAEBD2C_697F_8475_9ECB_600BFBDE4982","showdecoration","true"
"id-EAID_961D0CBB_2939_4674_3D54_7BA4CBA27920","atomic","false"
"id-EAID_961D0CBB_2939_4674_3D54_7BA4CBA27920","rotation","up"
"id-EAID_961D0CBB_2939_4674_3D54_7BA4CBA27920","showdecoration","true"
"id-EAID_26B31FC4_7719_2011_06F4_8A1097C2422D","atomic","false"
"id-EAID_26B31FC4_7719_2011_06F4_8A1097C2422D","rotation","up"
"id-EAID_26B31FC4_7719_2011_06F4_8A1097C2422D","showdecoration","true"
"id-EAID_DA66682D_9A28_8B9E_8045_F97AEBC58CD3","atomic","false"
"id-EAID_DA66682D_9A28_8B9E_8045_F97AEBC58CD3","rotation","up"
"id-EAID_DA66682D_9A28_8B9E_8045_F97AEBC58CD3","showdecoration","true"
"id-EAID_41A050B9_7BC5_1379_4375_7774F7E1133D","atomic","false"
"id-EAID_41A050B9_7BC5_1379_4375_7774F7E1133D","rotation","up"
"id-EAID_41A050B9_7BC5_1379_4375_7774F7E1133D","showdecoration","true"
"id-EAID_351DA18F_56B3_6DDF_491D_01F383D386D8","atomic","false"
"id-EAID_351DA18F_56B3_6DDF_491D_01F383D386D8","rotation","up"
"id-EAID_351DA18F_56B3_6DDF_491D_01F383D386D8","showdecoration","true"
"id-EAID_46D6D1DA_127C_53B2_7C34_292324A19A62","atomic","false"
"id-EAID_46D6D1DA_127C_53B2_7C34_292324A19A62","rotation","up"
"id-EAID_46D6D1DA_127C_53B2_7C34_292324A19A62","showdecoration","true"
"id-EAID_78CDE6FF_606A_06AE_108C_3794BE106202","atomic","false"
"id-EAID_78CDE6FF_606A_06AE_108C_3794BE106202","rotation","up"
"id-EAID_78CDE6FF_606A_06AE_108C_3794BE106202","showdecoration","true"
"id-EAID_94DA8245_3E0A_A3A7_7C91_FBDCA4375FC2","atomic","false"
"id-EAID_94DA8245_3E0A_A3A7_7C91_FBDCA4375FC2","rotation","up"
"id-EAID_94DA8245_3E0A_A3A7_7C91_FBDCA4375FC2","showdecoration","true"
"id-EAID_26E10CD3_5DB2_0D90_6A6A_97FC95D0A5DC","atomic","false"
"id-EAID_26E10CD3_5DB2_0D90_6A6A_97FC95D0A5DC","rotation","up"
"id-EAID_26E10CD3_5DB2_0D90_6A6A_97FC95D0A5DC","showdecoration","true"
"id-EAID_CB93169B_7286_4152_380E_0CE4CF74185D","atomic","false"
"id-EAID_CB93169B_7286_4152_380E_0CE4CF74185D","rotation","up"
"id-EAID_CB93169B_7286_4152_380E_0CE4CF74185D","showdecoration","true"
"id-EAID_696CCD17_687B_0C2F_15D1_74D174D10AF5","atomic","false"
"id-EAID_696CCD17_687B_0C2F_15D1_74D174D10AF5","rotation","up"
"id-EAID_696CCD17_687B_0C2F_15D1_74D174D10AF5","showdecoration","true"
"id-EAID_9B18A949_2606_74AA_4F61_7D2410DD510D","atomic","false"
"id-EAID_9B18A949_2606_74AA_4F61_7D2410DD510D","rotation","up"
"id-EAID_9B18A949_2606_74AA_4F61_7D2410DD510D","showdecoration","true"
"id-EAID_F132F08B_2DFA_5532_573C_002D5E5A9212","atomic","false"
"id-EAID_F132F08B_2DFA_5532_573C_002D5E5A9212","rotation","up"
"id-EAID_F132F08B_2DFA_5532_573C_002D5E5A9212","showdecoration","true"
"id-EAID_188D6953_23F6_39D8_0B78_8FAC7DC7738B","atomic","false"
"id-EAID_188D6953_23F6_39D8_0B78_8FAC7DC7738B","rotation","up"
"id-EAID_188D6953_23F6_39D8_0B78_8FAC7DC7738B","showdecoration","true"
"id-EAID_605B93AD_0248_6365_378B_D6C23429786A","atomic","false"
"id-EAID_605B93AD_0248_6365_378B_D6C23429786A","rotation","up"
"id-EAID_605B93AD_0248_6365_378B_D6C23429786A","showdecoration","true"
"id-EAID_35A53F36_8C82_9EEA_797A_54BD5D5871E2","atomic","false"
"id-EAID_35A53F36_8C82_9EEA_797A_54BD5D5871E2","rotation","up"
"id-EAID_35A53F36_8C82_9EEA_797A_54BD5D5871E2","showdecoration","true"
"id-EAID_9BFDAF97_47D1_790E_4F34_8D535B202811","atomic","false"
"id-EAID_9BFDAF97_47D1_790E_4F34_8D535B202811","rotation","up"
"id-EAID_9BFDAF97_47D1_790E_4F34_8D535B202811","showdecoration","true"
"id-EAID_056339A9_3D42_6035_5E36_8CA25F1929CD","atomic","false"
"id-EAID_056339A9_3D42_6035_5E36_8CA25F1929CD","rotation","up"
"id-EAID_056339A9_3D42_6035_5E36_8CA25F1929CD","showdecoration","true"
"id-EAID_EE74F370_0842_1184_5876_7CB5B90D5480","atomic","false"
"id-EAID_EE74F370_0842_1184_5876_7CB5B90D5480","rotation","up"
"id-EAID_EE74F370_0842_1184_5876_7CB5B90D5480","showdecoration","true"
"id-EAID_984BCFB6_13C2_41F9_5E67_E1DEA71649AE","atomic","false"
"id-EAID_984BCFB6_13C2_41F9_5E67_E1DEA71649AE","rotation","up"
"id-EAID_984BCFB6_13C2_41F9_5E67_E1DEA71649AE","showdecoration","true"
"id-EAID_762EB9BA_3C49_5BBA_2341_DAA6A0809DEF","atomic","false"
"id-EAID_762EB9BA_3C49_5BBA_2341_DAA6A0809DEF","rotation","up"
"id-EAID_762EB9BA_3C49_5BBA_2341_DAA6A0809DEF","showdecoration","true"
"id-EAID_57FE5569_4504_2629_3DA6_DFB35E195ED4","atomic","false"
"id-EAID_57FE5569_4504_2629_3DA6_DFB35E195ED4","rotation","up"
"id-EAID_57FE5569_4504_2629_3DA6_DFB35E195ED4","showdecoration","true"
"id-EAID_6702FDF0_7758_036D_2BD0_5D23BFBC35CD","atomic","false"
"id-EAID_6702FDF0_7758_036D_2BD0_5D23BFBC35CD","rotation","up"
"id-EAID_6702FDF0_7758_036D_2BD0_5D23BFBC35CD","showdecoration","true"
"id-EAID_2972B9C4_66A1_3352_8F76_BE7FF1424D30","atomic","false"
"id-EAID_2972B9C4_66A1_3352_8F76_BE7FF1424D30","rotation","up"
"id-EAID_2972B9C4_66A1_3352_8F76_BE7FF1424D30","showdecoration","true"
"id-EAID_80508E1E_11AA_12BE_9859_48AF2C1414C7","atomic","false"
"id-EAID_80508E1E_11AA_12BE_9859_48AF2C1414C7","rotation","up"
"id-EAID_80508E1E_11AA_12BE_9859_48AF2C1414C7","showdecoration","true"
"id-EAID_85FB5D67_3DDE_4F4F_3720_E16BD3576882","atomic","false"
"id-EAID_85FB5D67_3DDE_4F4F_3720_E16BD3576882","rotation","up"
"id-EAID_85FB5D67_3DDE_4F4F_3720_E16BD3576882","showdecoration","true"
"id-EAID_EBDFB5DF_8A34_2328_002F_42753A907F4C","atomic","false"
"id-EAID_EBDFB5DF_8A34_2328_002F_42753A907F4C","rotation","up"
"id-EAID_EBDFB5DF_8A34_2328_002F_42753A907F4C","showdecoration","true"
"id-EAID_F86D1501_2975_511D_3B8F_5EE6319058EB","atomic","false"
"id-EAID_F86D1501_2975_511D_3B8F_5EE6319058EB","rotation","up"
"id-EAID_F86D1501_2975_511D_3B8F_5EE6319058EB","showdecoration","true"
"id-EAID_4F07E356_625E_3E0A_0C35_D2C17D3F7B3A","atomic","false"
"id-EAID_4F07E356_625E_3E0A_0C35_D2C17D3F7B3A","rotation","up"
"id-EAID_4F07E356_625E_3E0A_0C35_D2C17D3F7B3A","showdecoration","true"
"id-EAID_E0C76841_483C_15C5_2597_ABF571B324DD","atomic","false"
"id-EAID_E0C76841_483C_15C5_2597_ABF571B324DD","rotation","up"
"id-EAID_E0C76841_483C_15C5_2597_ABF571B324DD","showdecoration","true"
"id-EAID_90C6AD29_4272_82C7_0F3C_5E237769064B","atomic","false"
"id-EAID_90C6AD29_4272_82C7_0F3C_5E237769064B","showdecoration","true"
"id-EAID_90C6AD29_4272_82C7_0F3C_5E237769064B","rotation","up"
"id-EAID_1432D2BC_308B_1BA8_318F_0320F5B7693B","atomic","false"
"id-EAID_1432D2BC_308B_1BA8_318F_0320F5B7693B","rotation","up"
"id-EAID_1432D2BC_308B_1BA8_318F_0320F5B7693B","showdecoration","true"
"id-EAID_3B8D8A06_97F8_10D5_0D60_1623332A39B7","atomic","false"
"id-EAID_3B8D8A06_97F8_10D5_0D60_1623332A39B7","rotation","up"
"id-EAID_3B8D8A06_97F8_10D5_0D60_1623332A39B7","showdecoration","true"
"id-EAID_C9538392_2389_6735_93A5_2202134B1892","atomic","false"
"id-EAID_C9538392_2389_6735_93A5_2202134B1892","rotation","up"
"id-EAID_C9538392_2389_6735_93A5_2202134B1892","showdecoration","true"
"id-EAID_A1B6D70C_9763_66E5_916A_8D634ECB1EF6","atomic","false"
"id-EAID_A1B6D70C_9763_66E5_916A_8D634ECB1EF6","rotation","up"
"id-EAID_A1B6D70C_9763_66E5_916A_8D634ECB1EF6","showdecoration","true"
"id-EAID_225BE310_9D9E_236F_014C_8D4AAE361F83","atomic","false"
"id-EAID_225BE310_9D9E_236F_014C_8D4AAE361F83","rotation","up"
"id-EAID_225BE310_9D9E_236F_014C_8D4AAE361F83","showdecoration","true"
"id-EAID_083EF6B9_62B1_4B25_9927_0FCD8E180A7E","atomic","false"
"id-EAID_083EF6B9_62B1_4B25_9927_0FCD8E180A7E","rotation","up"
"id-EAID_083EF6B9_62B1_4B25_9927_0FCD8E180A7E","showdecoration","true"
"id-EAID_2CEBC96E_2D79_6694_7377_3556AFE55A51","atomic","false"
"id-EAID_2CEBC96E_2D79_6694_7377_3556AFE55A51","rotation","up"
"id-EAID_2CEBC96E_2D79_6694_7377_3556AFE55A51","showdecoration","true"
"id-EAID_1AFE9E85_1983_9F2B_757A_42ECFC4A3057","atomic","false"
"id-EAID_1AFE9E85_1983_9F2B_757A_42ECFC4A3057","rotation","up"
"id-EAID_1AFE9E85_1983_9F2B_757A_42ECFC4A3057","showdecoration","true"
"id-EAID_4AB29193_8514_5198_5185_155A63966562","atomic","false"
"id-EAID_4AB29193_8514_5198_5185_155A63966562","rotation","up"
"id-EAID_4AB29193_8514_5198_5185_155A63966562","showdecoration","true"
"id-EAID_636C924B_63D4_34A0_08D4_C78B6C608393","atomic","false"
"id-EAID_636C924B_63D4_34A0_08D4_C78B6C608393","rotation","up"
"id-EAID_636C924B_63D4_34A0_08D4_C78B6C608393","showdecoration","true"
"id-EAID_06F624A2_9362_79C9_50E1_4133C3FB9CFE","atomic","false"
"id-EAID_06F624A2_9362_79C9_50E1_4133C3FB9CFE","rotation","up"
"id-EAID_06F624A2_9362_79C9_50E1_4133C3FB9CFE","showdecoration","true"
"id-EAID_2EE91BEA_A299_8857_80D4_3D7E098F2F35","atomic","false"
"id-EAID_2EE91BEA_A299_8857_80D4_3D7E098F2F35","rotation","up"
"id-EAID_2EE91BEA_A299_8857_80D4_3D7E098F2F35","showdecoration","true"
"id-EAID_981F8DC9_88A4_2D9F_439A_92B654CE4ECA","atomic","false"
"id-EAID_981F8DC9_88A4_2D9F_439A_92B654CE4ECA","rotation","up"
"id-EAID_981F8DC9_88A4_2D9F_439A_92B654CE4ECA","showdecoration","true"
"id-EAID_8540C957_1C2A_72FF_2FE0_B5BFD69255F3","atomic","false"
"id-EAID_8540C957_1C2A_72FF_2FE0_B5BFD69255F3","rotation","up"
"id-EAID_8540C957_1C2A_72FF_2FE0_B5BFD69255F3","showdecoration","true"
"id-EAID_6F9046B0_2905_184D_764D_121A88409F2C","atomic","false"
"id-EAID_6F9046B0_2905_184D_764D_121A88409F2C","rotation","up"
"id-EAID_6F9046B0_2905_184D_764D_121A88409F2C","showdecoration","true"
"id-EAID_7085CD5E_9CD9_6AD1_A51F_A8AC7D304DCE","atomic","false"
"id-EAID_7085CD5E_9CD9_6AD1_A51F_A8AC7D304DCE","rotation","up"
"id-EAID_7085CD5E_9CD9_6AD1_A51F_A8AC7D304DCE","showdecoration","true"
"id-EAID_3822E8BB_0910_3C8A_1D78_51D94A23376D","atomic","false"
"id-EAID_3822E8BB_0910_3C8A_1D78_51D94A23376D","rotation","up"
"id-EAID_3822E8BB_0910_3C8A_1D78_51D94A23376D","showdecoration","true"
"id-EAID_ABC6068B_07F5_852E_7B78_64982F073222","atomic","false"
"id-EAID_ABC6068B_07F5_852E_7B78_64982F073222","rotation","up"
"id-EAID_ABC6068B_07F5_852E_7B78_64982F073222","showdecoration","true"
"id-EAID_9789D176_4DAC_433E_8741_3BA04A207A2F","atomic","false"
"id-EAID_9789D176_4DAC_433E_8741_3BA04A207A2F","rotation","up"
"id-EAID_9789D176_4DAC_433E_8741_3BA04A207A2F","showdecoration","true"
"id-EAID_16515CFF_2323_957E_1735_17E5FE2E7D30","atomic","false"
"id-EAID_16515CFF_2323_957E_1735_17E5FE2E7D30","rotation","up"
"id-EAID_16515CFF_2323_957E_1735_17E5FE2E7D30","showdecoration","true"
"id-EAID_0FBDACEA_42C6_4E4A_3882_9F658AD72C8E","atomic","false"
"id-EAID_0FBDACEA_42C6_4E4A_3882_9F658AD72C8E","rotation","up"
"id-EAID_0FBDACEA_42C6_4E4A_3882_9F658AD72C8E","showdecoration","true"
"id-EAID_3E325204_4C0D_617A_A2AF_77797F1438D1","showdecoration","true"
"id-EAID_3E325204_4C0D_617A_A2AF_77797F1438D1","atomic","false"
"id-EAID_3E325204_4C0D_617A_A2AF_77797F1438D1","rotation","up"
"id-EAID_E97AB9FA_0DBE_9F3C_67F6_F9DB8EDF97A0","atomic","false"
"id-EAID_E97AB9FA_0DBE_9F3C_67F6_F9DB8EDF97A0","rotation","up"
"id-EAID_E97AB9FA_0DBE_9F3C_67F6_F9DB8EDF97A0","showdecoration","true"
"id-EAID_2ECDF4B2_27B8_257D_3991_7AB7230C05A4","atomic","false"
"id-EAID_2ECDF4B2_27B8_257D_3991_7AB7230C05A4","rotation","up"
"id-EAID_2ECDF4B2_27B8_257D_3991_7AB7230C05A4","showdecoration","true"
"id-EAID_139B6302_1D0A_2247_4602_704B07241750","atomic","false"
"id-EAID_139B6302_1D0A_2247_4602_704B07241750","rotation","up"
"id-EAID_139B6302_1D0A_2247_4602_704B07241750","showdecoration","true"
"id-EAID_C552B203_87FC_55C9_059D_1452B6B6A781","atomic","false"
"id-EAID_C552B203_87FC_55C9_059D_1452B6B6A781","rotation","up"
"id-EAID_C552B203_87FC_55C9_059D_1452B6B6A781","showdecoration","true"
"id-EAID_95DDFDD3_9EF1_7C63_0168_F57DFD3B6E1C","atomic","false"
"id-EAID_95DDFDD3_9EF1_7C63_0168_F57DFD3B6E1C","rotation","up"
"id-EAID_95DDFDD3_9EF1_7C63_0168_F57DFD3B6E1C","showdecoration","true"
"id-EAID_B599D1B5_1F2F_538C_6FCC_8845E20066D0","atomic","false"
"id-EAID_B599D1B5_1F2F_538C_6FCC_8845E20066D0","rotation","up"
"id-EAID_B599D1B5_1F2F_538C_6FCC_8845E20066D0","showdecoration","true"
"id-EAID_703EBC49_5F65_4DFC_85AA_FA9306D584C4","atomic","false"
"id-EAID_703EBC49_5F65_4DFC_85AA_FA9306D584C4","rotation","up"
"id-EAID_703EBC49_5F65_4DFC_85AA_FA9306D584C4","showdecoration","true"
"id-EAID_9688395C_9775_29F6_2C73_D3D7BCED49CE","atomic","false"
"id-EAID_9688395C_9775_29F6_2C73_D3D7BCED49CE","rotation","up"
"id-EAID_9688395C_9775_29F6_2C73_D3D7BCED49CE","showdecoration","true"
"id-EAID_8049A0F1_4DAD_14BB_8976_0177C0FC60E5","atomic","false"
"id-EAID_8049A0F1_4DAD_14BB_8976_0177C0FC60E5","rotation","up"
"id-EAID_8049A0F1_4DAD_14BB_8976_0177C0FC60E5","showdecoration","true"
"id-EAID_DEF6295E_3132_920B_19DD_5CCD6EFB7D63","atomic","false"
"id-EAID_DEF6295E_3132_920B_19DD_5CCD6EFB7D63","rotation","up"
"id-EAID_DEF6295E_3132_920B_19DD_5CCD6EFB7D63","showdecoration","true"
"id-EAID_453CD885_7BB9_A372_86E1_F708EFA541EA","atomic","false"
"id-EAID_453CD885_7BB9_A372_86E1_F708EFA541EA","rotation","up"
"id-EAID_453CD885_7BB9_A372_86E1_F708EFA541EA","showdecoration","true"
"id-EAID_60C2C788_5D7C_3C5B_5066_A3554E129998","atomic","false"
"id-EAID_60C2C788_5D7C_3C5B_5066_A3554E129998","rotation","up"
"id-EAID_60C2C788_5D7C_3C5B_5066_A3554E129998","showdecoration","true"
"id-EAID_07C15A59_33FD_262B_6C66_B93A7B118A01","atomic","false"
"id-EAID_07C15A59_33FD_262B_6C66_B93A7B118A01","rotation","up"
"id-EAID_07C15A59_33FD_262B_6C66_B93A7B118A01","showdecoration","true"
"id-EAID_0FE03A61_6176_7835_0C17_E9B6F172046E","atomic","false"
"id-EAID_0FE03A61_6176_7835_0C17_E9B6F172046E","rotation","up"
"id-EAID_0FE03A61_6176_7835_0C17_E9B6F172046E","showdecoration","true"
"id-EAID_F8F27FCF_867A_3CDB_6D0A_1056D8BA7CEC","atomic","false"
"id-EAID_F8F27FCF_867A_3CDB_6D0A_1056D8BA7CEC","rotation","up"
"id-EAID_F8F27FCF_867A_3CDB_6D0A_1056D8BA7CEC","showdecoration","true"
"id-EAID_D8EE3CD7_7441_1829_7A24_1344A5404ED5","atomic","false"
"id-EAID_D8EE3CD7_7441_1829_7A24_1344A5404ED5","rotation","up"
"id-EAID_D8EE3CD7_7441_1829_7A24_1344A5404ED5","showdecoration","true"
"id-EAID_A6020686_4B2A_3EB9_12E6_4253523F8782","atomic","false"
"id-EAID_A6020686_4B2A_3EB9_12E6_4253523F8782","rotation","up"
"id-EAID_A6020686_4B2A_3EB9_12E6_4253523F8782","showdecoration","true"
"id-EAID_52F1BF15_3D17_7186_9945_86789CF66A8A","atomic","false"
"id-EAID_52F1BF15_3D17_7186_9945_86789CF66A8A","rotation","up"
"id-EAID_52F1BF15_3D17_7186_9945_86789CF66A8A","showdecoration","true"
"id-EAID_A65E67D5_7D1D_86DA_9FBF_22DD127A073F","atomic","false"
"id-EAID_A65E67D5_7D1D_86DA_9FBF_22DD127A073F","rotation","up"
"id-EAID_A65E67D5_7D1D_86DA_9FBF_22DD127A073F","showdecoration","true"
"id-EAID_B10375D9_1C75_382E_96D1_A9FAFAB943B8","atomic","false"
"id-EAID_B10375D9_1C75_382E_96D1_A9FAFAB943B8","rotation","up"
"id-EAID_B10375D9_1C75_382E_96D1_A9FAFAB943B8","showdecoration","true"
"id-EAID_D80CE4D1_91C8_6E5A_7914_CA08BC51579D","atomic","false"
"id-EAID_D80CE4D1_91C8_6E5A_7914_CA08BC51579D","rotation","up"
"id-EAID_D80CE4D1_91C8_6E5A_7914_CA08BC51579D","showdecoration","true"
"id-EAID_19B23EDD_A010_41F7_3730_00583A4C5371","atomic","false"
"id-EAID_19B23EDD_A010_41F7_3730_00583A4C5371","rotation","up"
"id-EAID_19B23EDD_A010_41F7_3730_00583A4C5371","showdecoration","true"
"id-EAID_95AC162E_081B_5B33_A31B_1B40F6C58C09","atomic","false"
"id-EAID_95AC162E_081B_5B33_A31B_1B40F6C58C09","rotation","up"
"id-EAID_95AC162E_081B_5B33_A31B_1B40F6C58C09","showdecoration","true"
"id-EAID_A4EB4526_3DCD_30CC_385A_CB16423E4E47","atomic","false"
"id-EAID_A4EB4526_3DCD_30CC_385A_CB16423E4E47","rotation","up"
"id-EAID_A4EB4526_3DCD_30CC_385A_CB16423E4E47","showdecoration","true"
"id-EAID_7A43F358_8C71_3E9C_81CD_779E5ECC4387","atomic","false"
"id-EAID_7A43F358_8C71_3E9C_81CD_779E5ECC4387","rotation","up"
"id-EAID_7A43F358_8C71_3E9C_81CD_779E5ECC4387","showdecoration","true"
"id-EAID_DBEDAD4F_2370_0317_60F9_2DAB2C7D2B5F","atomic","false"
"id-EAID_DBEDAD4F_2370_0317_60F9_2DAB2C7D2B5F","rotation","up"
"id-EAID_DBEDAD4F_2370_0317_60F9_2DAB2C7D2B5F","showdecoration","true"
"id-EAID_EB7324A2_420A_3697_7D72_F4932A643073","atomic","false"
"id-EAID_EB7324A2_420A_3697_7D72_F4932A643073","rotation","up"
"id-EAID_EB7324A2_420A_3697_7D72_F4932A643073","showdecoration","true"
"id-EAID_C080344C_2AD2_69B4_8D18_169DF9702E7F","atomic","false"
"id-EAID_C080344C_2AD2_69B4_8D18_169DF9702E7F","rotation","up"
"id-EAID_C080344C_2AD2_69B4_8D18_169DF9702E7F","showdecoration","true"
"id-EAID_8CC1D575_66D4_56D6_34C3_B1FC489F4D00","atomic","false"
"id-EAID_8CC1D575_66D4_56D6_34C3_B1FC489F4D00","rotation","up"
"id-EAID_8CC1D575_66D4_56D6_34C3_B1FC489F4D00","showdecoration","true"
"id-EAID_A4BB5814_5A46_A1AC_4CB2_4457FB1A9FD2","atomic","false"
"id-EAID_A4BB5814_5A46_A1AC_4CB2_4457FB1A9FD2","rotation","up"
"id-EAID_A4BB5814_5A46_A1AC_4CB2_4457FB1A9FD2","showdecoration","true"
"id-EAID_8A848DC4_324A_57A6_8953_6E57A3F54340","atomic","false"
"id-EAID_8A848DC4_324A_57A6_8953_6E57A3F54340","rotation","up"
"id-EAID_8A848DC4_324A_57A6_8953_6E57A3F54340","showdecoration","true"
"id-EAID_116053AA_5C90_8384_3689_2BA2AECE272B","atomic","false"
"id-EAID_116053AA_5C90_8384_3689_2BA2AECE272B","rotation","up"
"id-EAID_116053AA_5C90_8384_3689_2BA2AECE272B","showdecoration","true"
"id-EAID_4E653EA8_9141_759A_5549_C4B49F67919B","atomic","false"
"id-EAID_4E653EA8_9141_759A_5549_C4B49F67919B","rotation","up"
"id-EAID_4E653EA8_9141_759A_5549_C4B49F67919B","showdecoration","true"
"id-EAID_C29FCE2D_720C_3D18_4E8F_3FA75A27533A","atomic","false"
"id-EAID_C29FCE2D_720C_3D18_4E8F_3FA75A27533A","rotation","up"
"id-EAID_C29FCE2D_720C_3D18_4E8F_3FA75A27533A","showdecoration","true"
"id-EAID_9FD657B0_1AD2_8879_0FA0_640E3689A7A5","atomic","false"
"id-EAID_9FD657B0_1AD2_8879_0FA0_640E3689A7A5","rotation","up"
"id-EAID_9FD657B0_1AD2_8879_0FA0_640E3689A7A5","showdecoration","true"
"id-EAID_DCD06261_8E27_9A03_8C4F_65A3BF649138","atomic","false"
"id-EAID_DCD06261_8E27_9A03_8C4F_65A3BF649138","rotation","up"
"id-EAID_DCD06261_8E27_9A03_8C4F_65A3BF649138","showdecoration","true"
"id-EAID_D60063D0_0C69_3829_4AED_36534DDC4D62","atomic","false"
"id-EAID_D60063D0_0C69_3829_4AED_36534DDC4D62","rotation","up"
"id-EAID_D60063D0_0C69_3829_4AED_36534DDC4D62","showdecoration","true"
"id-EAID_B38C2062_161F_6FA8_2112_D9A50C76533E","atomic","false"
"id-EAID_B38C2062_161F_6FA8_2112_D9A50C76533E","rotation","up"
"id-EAID_B38C2062_161F_6FA8_2112_D9A50C76533E","showdecoration","true"
"id-EAID_4CE63C18_8C25_6431_98A6_F53C9AD62EBC","showdecoration","true"
"id-EAID_4CE63C18_8C25_6431_98A6_F53C9AD62EBC","atomic","false"
"id-EAID_4CE63C18_8C25_6431_98A6_F53C9AD62EBC","rotation","up"
"id-EAID_DBD8F352_7D24_6AF7_8CB2_4FE03AC083BC","atomic","false"
"id-EAID_DBD8F352_7D24_6AF7_8CB2_4FE03AC083BC","rotation","up"
"id-EAID_DBD8F352_7D24_6AF7_8CB2_4FE03AC083BC","showdecoration","true"
"id-EAID_7383E124_4EF1_99B0_3912_A8CBA4879B1B","atomic","false"
"id-EAID_7383E124_4EF1_99B0_3912_A8CBA4879B1B","rotation","up"
"id-EAID_7383E124_4EF1_99B0_3912_A8CBA4879B1B","showdecoration","true"
"id-EAID_6B57FBBF_26CE_4D19_03AE_F35A5BEB3439","atomic","false"
"id-EAID_6B57FBBF_26CE_4D19_03AE_F35A5BEB3439","rotation","up"
"id-EAID_6B57FBBF_26CE_4D19_03AE_F35A5BEB3439","showdecoration","true"
"id-EAID_AEF2E7E8_6CF4_75A7_890A_3A19544632DC","atomic","false"
"id-EAID_AEF2E7E8_6CF4_75A7_890A_3A19544632DC","rotation","up"
"id-EAID_AEF2E7E8_6CF4_75A7_890A_3A19544632DC","showdecoration","true"
"id-EAID_6D69C680_1589_17DD_8807_EB608A3C3A21","atomic","false"
"id-EAID_6D69C680_1589_17DD_8807_EB608A3C3A21","rotation","up"
"id-EAID_6D69C680_1589_17DD_8807_EB608A3C3A21","showdecoration","true"
"id-EAID_CC356F77_5353_4BD6_08A1_19734069178F","atomic","false"
"id-EAID_CC356F77_5353_4BD6_08A1_19734069178F","rotation","up"
"id-EAID_CC356F77_5353_4BD6_08A1_19734069178F","showdecoration","true"
"id-EAID_CE36E909_9390_04E3_53A8_F6C19EC398D1","atomic","false"
"id-EAID_CE36E909_9390_04E3_53A8_F6C19EC398D1","rotation","up"
"id-EAID_CE36E909_9390_04E3_53A8_F6C19EC398D1","showdecoration","true"
"id-EAID_4230A603_1D7D_248B_4699_408F18171C4E","atomic","false"
"id-EAID_4230A603_1D7D_248B_4699_408F18171C4E","rotation","up"
"id-EAID_4230A603_1D7D_248B_4699_408F18171C4E","showdecoration","true"
"id-EAID_98025505_75F2_9846_03AB_4373E225A216","atomic","false"
"id-EAID_98025505_75F2_9846_03AB_4373E225A216","rotation","up"
"id-EAID_98025505_75F2_9846_03AB_4373E225A216","showdecoration","true"
"id-EAID_E9CD577D_63C0_9827_9D57_E3AB52A80FAA","atomic","false"
"id-EAID_E9CD577D_63C0_9827_9D57_E3AB52A80FAA","rotation","up"
"id-EAID_E9CD577D_63C0_9827_9D57_E3AB52A80FAA","showdecoration","true"
"id-EAID_574D8501_8BCD_9C79_3211_3442EC7C2317","atomic","false"
"id-EAID_574D8501_8BCD_9C79_3211_3442EC7C2317","rotation","up"
"id-EAID_574D8501_8BCD_9C79_3211_3442EC7C2317","showdecoration","true"
"id-EAID_60879EE6_49B6_3BE2_A659_F0D7EF669DCE","atomic","false"
"id-EAID_60879EE6_49B6_3BE2_A659_F0D7EF669DCE","rotation","up"
"id-EAID_60879EE6_49B6_3BE2_A659_F0D7EF669DCE","showdecoration","true"
"id-EAID_73521347_57A0_73E6_18C5_CCC1D92D7A18","atomic","false"
"id-EAID_73521347_57A0_73E6_18C5_CCC1D92D7A18","rotation","up"
"id-EAID_73521347_57A0_73E6_18C5_CCC1D92D7A18","showdecoration","true"
"id-EAID_83EDF340_4D8B_44D2_8FCC_B8FE9F0C3373","atomic","false"
"id-EAID_83EDF340_4D8B_44D2_8FCC_B8FE9F0C3373","rotation","up"
"id-EAID_83EDF340_4D8B_44D2_8FCC_B8FE9F0C3373","showdecoration","true"
"id-EAID_F197067D_2CA2_61F2_512E_90F31B666F30","atomic","false"
"id-EAID_F197067D_2CA2_61F2_512E_90F31B666F30","rotation","up"
"id-EAID_F197067D_2CA2_61F2_512E_90F31B666F30","showdecoration","true"
"id-EAID_6C334D63_2913_6ED8_8F29_765B475A3EA2","atomic","false"
"id-EAID_6C334D63_2913_6ED8_8F29_765B475A3EA2","rotation","up"
"id-EAID_6C334D63_2913_6ED8_8F29_765B475A3EA2","showdecoration","true"
"id-EAID_EAA5B89B_5B28_7586_3C82_6B2BAF03648B","atomic","false"
"id-EAID_EAA5B89B_5B28_7586_3C82_6B2BAF03648B","rotation","up"
"id-EAID_EAA5B89B_5B28_7586_3C82_6B2BAF03648B","showdecoration","true"
"id-EAID_D42F57BC_267B_3599_1D73_ACD7C05F1B01","atomic","false"
"id-EAID_D42F57BC_267B_3599_1D73_ACD7C05F1B01","rotation","up"
"id-EAID_D42F57BC_267B_3599_1D73_ACD7C05F1B01","showdecoration","true"
"id-EAID_231393B2_0284_3226_78CA_BB62300E6C5F","atomic","false"
"id-EAID_231393B2_0284_3226_78CA_BB62300E6C5F","rotation","up"
"id-EAID_231393B2_0284_3226_78CA_BB62300E6C5F","showdecoration","true"
"id-EAID_365E23D8_1CDB_4DF3_1536_4926FFB67BEB","atomic","false"
"id-EAID_365E23D8_1CDB_4DF3_1536_4926FFB67BEB","rotation","up"
"id-EAID_365E23D8_1CDB_4DF3_1536_4926FFB67BEB","showdecoration","true"
"id-EAID_80F89056_85A3_128E_3981_6A4E98809667","atomic","false"
"id-EAID_80F89056_85A3_128E_3981_6A4E98809667","rotation","up"
"id-EAID_80F89056_85A3_128E_3981_6A4E98809667","showdecoration","true"
"id-EAID_56D69863_A32C_3A44_1C28_291D53046F3F","atomic","false"
"id-EAID_56D69863_A32C_3A44_1C28_291D53046F3F","rotation","up"
"id-EAID_56D69863_A32C_3A44_1C28_291D53046F3F","showdecoration","true"
"id-EAID_262DB28A_783E_276E_046C_74EA08DC7B17","atomic","false"
"id-EAID_262DB28A_783E_276E_046C_74EA08DC7B17","rotation","up"
"id-EAID_262DB28A_783E_276E_046C_74EA08DC7B17","showdecoration","true"
"id-EAID_F06A5547_5102_5D34_45ED_68352981408A","atomic","false"
"id-EAID_F06A5547_5102_5D34_45ED_68352981408A","rotation","up"
"id-EAID_F06A5547_5102_5D34_45ED_68352981408A","showdecoration","true"
"id-EAID_58F6FA18_92D9_1DC7_66BD_D77A8CF53CEE","atomic","false"
"id-EAID_58F6FA18_92D9_1DC7_66BD_D77A8CF53CEE","rotation","up"
"id-EAID_58F6FA18_92D9_1DC7_66BD_D77A8CF53CEE","showdecoration","true"
"id-EAID_C8B6E225_7700_41AF_5223_A56E5D325E45","atomic","false"
"id-EAID_C8B6E225_7700_41AF_5223_A56E5D325E45","rotation","up"
"id-EAID_C8B6E225_7700_41AF_5223_A56E5D325E45","showdecoration","true"
"id-EAID_65554684_97B0_284A_9400_136362218F80","atomic","false"
"id-EAID_65554684_97B0_284A_9400_136362218F80","rotation","up"
"id-EAID_65554684_97B0_284A_9400_136362218F80","showdecoration","true"
"id-EAID_472A2795_65CF_1154_6E23_05E99A3A7265","atomic","false"
"id-EAID_472A2795_65CF_1154_6E23_05E99A3A7265","rotation","up"
"id-EAID_472A2795_65CF_1154_6E23_05E99A3A7265","showdecoration","true"
"id-EAID_36D3F227_A6A5_7233_88B0_834437CE15FF","atomic","false"
"id-EAID_36D3F227_A6A5_7233_88B0_834437CE15FF","rotation","up"
"id-EAID_36D3F227_A6A5_7233_88B0_834437CE15FF","showdecoration","true"
"id-EAID_3967785C_70FB_6367_7414_89F9CC059B7E","atomic","false"
"id-EAID_3967785C_70FB_6367_7414_89F9CC059B7E","rotation","up"
"id-EAID_3967785C_70FB_6367_7414_89F9CC059B7E","showdecoration","true"
"id-EAID_426A566B_4A1A_381F_9A55_873307BF4307","atomic","false"
"id-EAID_426A566B_4A1A_381F_9A55_873307BF4307","rotation","up"
"id-EAID_426A566B_4A1A_381F_9A55_873307BF4307","showdecoration","true"
"id-EAID_80238B2C_937D_47AF_9FB8_88DE6555821D","atomic","false"
"id-EAID_80238B2C_937D_47AF_9FB8_88DE6555821D","rotation","up"
"id-EAID_80238B2C_937D_47AF_9FB8_88DE6555821D","showdecoration","true"
"id-EAID_C268488B_71C2_2F9E_0133_7DD2C2B73FCF","atomic","false"
"id-EAID_C268488B_71C2_2F9E_0133_7DD2C2B73FCF","rotation","up"
"id-EAID_C268488B_71C2_2F9E_0133_7DD2C2B73FCF","showdecoration","true"
"id-EAID_1243033C_8F1B_7F1D_569D_341548A49767","atomic","false"
"id-EAID_1243033C_8F1B_7F1D_569D_341548A49767","rotation","up"
"id-EAID_1243033C_8F1B_7F1D_569D_341548A49767","showdecoration","true"
"id-EAID_D01A638B_119E_758C_0840_B0D5D06F6EB5","atomic","false"
"id-EAID_D01A638B_119E_758C_0840_B0D5D06F6EB5","rotation","up"
"id-EAID_D01A638B_119E_758C_0840_B0D5D06F6EB5","showdecoration","true"
"id-EAID_1644E42C_071C_637D_A1EB_DE625B901A59","atomic","false"
"id-EAID_1644E42C_071C_637D_A1EB_DE625B901A59","rotation","up"
"id-EAID_1644E42C_071C_637D_A1EB_DE625B901A59","showdecoration","true"
"id-EAID_842140FD_8D8A_855E_6B57_64B4CD0E4C47","atomic","false"
"id-EAID_842140FD_8D8A_855E_6B57_64B4CD0E4C47","rotation","up"
"id-EAID_842140FD_8D8A_855E_6B57_64B4CD0E4C47","showdecoration","true"
"id-EAID_5F40008E_7AA0_8804_7CA1_3D9B0696A001","atomic","false"
"id-EAID_5F40008E_7AA0_8804_7CA1_3D9B0696A001","rotation","up"
"id-EAID_5F40008E_7AA0_8804_7CA1_3D9B0696A001","showdecoration","true"
"id-EAID_8B80E315_50CA_61FF_4567_A70CEE1B03DF","atomic","false"
"id-EAID_8B80E315_50CA_61FF_4567_A70CEE1B03DF","rotation","up"
"id-EAID_8B80E315_50CA_61FF_4567_A70CEE1B03DF","showdecoration","true"
"id-EAID_645E9F9A_4BE9_1E8F_91AE_7806E4AE8F8E","atomic","false"
"id-EAID_645E9F9A_4BE9_1E8F_91AE_7806E4AE8F8E","rotation","up"
"id-EAID_645E9F9A_4BE9_1E8F_91AE_7806E4AE8F8E","showdecoration","true"
"id-EAID_2268B2DC_1D50_939E_322E_470498D0007B","atomic","false"
"id-EAID_2268B2DC_1D50_939E_322E_470498D0007B","rotation","up"
"id-EAID_2268B2DC_1D50_939E_322E_470498D0007B","showdecoration","true"
"id-EAID_F2C6CA34_114B_86F2_4C2E_4F708D7B8295","atomic","false"
"id-EAID_F2C6CA34_114B_86F2_4C2E_4F708D7B8295","rotation","up"
"id-EAID_F2C6CA34_114B_86F2_4C2E_4F708D7B8295","showdecoration","true"
"id-EAID_122F77CD_4A69_8B07_61D1_41EFFD247FD1","atomic","false"
"id-EAID_122F77CD_4A69_8B07_61D1_41EFFD247FD1","rotation","up"
"id-EAID_122F77CD_4A69_8B07_61D1_41EFFD247FD1","showdecoration","true"
"id-EAID_E471BD97_2F86_1CAA_504A_E705F3AE2E11","atomic","false"
"id-EAID_E471BD97_2F86_1CAA_504A_E705F3AE2E11","rotation","up"
"id-EAID_E471BD97_2F86_1CAA_504A_E705F3AE2E11","showdecoration","true"
"id-EAID_CD2C36A8_3553_54C3_409E_5518DD727F33","atomic","false"
"id-EAID_CD2C36A8_3553_54C3_409E_5518DD727F33","rotation","up"
"id-EAID_CD2C36A8_3553_54C3_409E_5518DD727F33","showdecoration","true"
"id-EAID_5557DE09_7A91_5635_7A37_1656F8DE1B4F","atomic","false"
"id-EAID_5557DE09_7A91_5635_7A37_1656F8DE1B4F","rotation","up"
"id-EAID_5557DE09_7A91_5635_7A37_1656F8DE1B4F","showdecoration","true"
"id-EAID_DE834F5C_0B77_578F_6905_9B59612538C6","atomic","false"
"id-EAID_DE834F5C_0B77_578F_6905_9B59612538C6","rotation","up"
"id-EAID_DE834F5C_0B77_578F_6905_9B59612538C6","showdecoration","true"
"id-EAID_536499E0_7601_0792_6EC4_0E4A08AD5654","atomic","false"
"id-EAID_536499E0_7601_0792_6EC4_0E4A08AD5654","rotation","up"
"id-EAID_536499E0_7601_0792_6EC4_0E4A08AD5654","showdecoration","true"
"id-EAID_66DA095B_84B5_133C_1E77_1A94F3397D7E","atomic","false"
"id-EAID_66DA095B_84B5_133C_1E77_1A94F3397D7E","rotation","up"
"id-EAID_66DA095B_84B5_133C_1E77_1A94F3397D7E","showdecoration","true"
"id-EAID_A68BE3D6_8857_37CE_8909_2526EFF09390","atomic","false"
"id-EAID_A68BE3D6_8857_37CE_8909_2526EFF09390","rotation","up"
"id-EAID_A68BE3D6_8857_37CE_8909_2526EFF09390","showdecoration","true"
"id-EAID_3E18BD34_19BD_165D_2AAB_37C541D44F65","atomic","false"
"id-EAID_3E18BD34_19BD_165D_2AAB_37C541D44F65","rotation","up"
"id-EAID_3E18BD34_19BD_165D_2AAB_37C541D44F65","showdecoration","true"
"id-EAID_E18D9FCC_23FA_A495_5D6E_B3C237115C4B","atomic","false"
"id-EAID_E18D9FCC_23FA_A495_5D6E_B3C237115C4B","rotation","up"
"id-EAID_E18D9FCC_23FA_A495_5D6E_B3C237115C4B","showdecoration","true"
"id-EAID_79197F24_4BDD_939B_2A71_E4F6582D05A1","atomic","false"
"id-EAID_79197F24_4BDD_939B_2A71_E4F6582D05A1","rotation","up"
"id-EAID_79197F24_4BDD_939B_2A71_E4F6582D05A1","showdecoration","true"
"id-EAID_8E454A82_28FF_7997_6B07_994AFD330A97","atomic","false"
"id-EAID_8E454A82_28FF_7997_6B07_994AFD330A97","rotation","up"
"id-EAID_8E454A82_28FF_7997_6B07_994AFD330A97","showdecoration","true"
"id-EAID_EAF9AE1C_7C60_612A_946E_99D6EEFE7BD5","atomic","false"
"id-EAID_EAF9AE1C_7C60_612A_946E_99D6EEFE7BD5","rotation","up"
"id-EAID_EAF9AE1C_7C60_612A_946E_99D6EEFE7BD5","showdecoration","true"
"id-EAID_24F7229E_0A76_5317_8E04_121D66241DA3","atomic","false"
"id-EAID_24F7229E_0A76_5317_8E04_121D66241DA3","rotation","up"
"id-EAID_24F7229E_0A76_5317_8E04_121D66241DA3","showdecoration","true"
"id-EAID_7B5970A5_450A_A228_223C_D1974FAB1D19","atomic","false"
"id-EAID_7B5970A5_450A_A228_223C_D1974FAB1D19","rotation","up"
"id-EAID_7B5970A5_450A_A228_223C_D1974FAB1D19","showdecoration","true"
"id-EAID_2EEC916E_7709_1062_4732_9D506B136C61","atomic","false"
"id-EAID_2EEC916E_7709_1062_4732_9D506B136C61","rotation","up"
"id-EAID_2EEC916E_7709_1062_4732_9D506B136C61","showdecoration","true"
"id-EAID_49234B30_0E60_2FA3_A476_9015E1E9357B","atomic","false"
"id-EAID_49234B30_0E60_2FA3_A476_9015E1E9357B","rotation","up"
"id-EAID_49234B30_0E60_2FA3_A476_9015E1E9357B","showdecoration","true"
"id-EAID_B952698E_74E1_20C7_3255_C6688C452E94","atomic","false"
"id-EAID_B952698E_74E1_20C7_3255_C6688C452E94","rotation","up"
"id-EAID_B952698E_74E1_20C7_3255_C6688C452E94","showdecoration","true"
"id-EAID_088AED45_318E_3A8C_7B7D_E9ECE5C5823C","atomic","false"
"id-EAID_088AED45_318E_3A8C_7B7D_E9ECE5C5823C","rotation","up"
"id-EAID_088AED45_318E_3A8C_7B7D_E9ECE5C5823C","showdecoration","true"
"id-EAID_929D9C08_14EA_297A_91BD_1C37B50E30C3","atomic","false"
"id-EAID_929D9C08_14EA_297A_91BD_1C37B50E30C3","rotation","up"
"id-EAID_929D9C08_14EA_297A_91BD_1C37B50E30C3","showdecoration","true"