{"identifier":"https://me.big.tuwien.ac.at/EAModelSet/9ad17608-2f64-4609-8927-12b93ea1ed2b","archimateId":"9ad17608-2f64-4609-8927-12b93ea1ed2b","name":"Altinn arkitekturmålbilde 2025","description":"Arkitekturmålbilde tar sikte på presentere et målbilde basert Altinns strategi.\n\nDette målbildet vil endre seg i takt med strategien og vil typisk forsøke å se ca 5 år framover i tid.","formats":["XML","CSV","JSON","ARCHIMATE"],"source":"GitHub","sourceFile":"raw-data/github/grafico/ark-2025.archimate","sourceFormat":"ARCHIMATE","timestamp":"29-06-2023 09:29:32","tags":[],"duplicates":[],"language":"nb","elements":[{"id":"ae99da5f-b42f-4254-a55e-d4c897b2e0eb","name":"Informasjonsforvaltning","type":"BusinessService","layer":"business"},{"id":"22f8b810-139a-4fcd-89f4-edea6d1460a5","name":"Integrasjon","type":"BusinessService","layer":"business"},{"id":"8ae5a33f-48e7-4eea-afe7-4c1ddbf7b1d5","name":"Ta i mot data","type":"BusinessFunction","layer":"business"},{"id":"13eec0bb-b6d0-4982-b6bf-66fd72de3e41","name":"Bekrefter brukers identitet","type":"BusinessFunction","layer":"business"},{"id":"39ce9e42-2022-422b-b660-a991228d7eee","name":"Prosessere data","type":"BusinessFunction","layer":"business"},{"id":"e799a4e5-d204-44f5-b9d7-ac7422851281","name":"Autentisering","type":"BusinessService","layer":"business"},{"id":"dc287d29-053d-4ef2-94d6-2815cbbb6f76","name":"Beskrive hvor endepunkt kan finnes","type":"BusinessFunction","layer":"business"},{"id":"94ebcdb0-bf61-4fbb-9015-ecb6f15d54cf","name":"Bekrefter brukers rett til tilgang","type":"BusinessFunction","layer":"business"},{"id":"1fd2845f-35db-44e1-8985-7eaa3d24b83d","name":"Autorisering","type":"BusinessService","layer":"business"},{"id":"56cf2f36-bf04-41cc-b421-590ef4a94548","name":"Hente data fra endepunkt","type":"BusinessFunction","layer":"business"},{"id":"f80f971d-fa62-4985-8f12-901bbc80b202","name":"Leverer data til endepunkt","type":"BusinessFunction","layer":"business"},{"id":"be5b457d-a4ac-48d7-8204-c94abea6989b","name":"Beskriver data og datastrukturer","type":"BusinessFunction","layer":"business"},{"id":"fd328eba-7566-4b22-8b4b-ae3e82e52ec9","name":"System til system","type":"ApplicationService","layer":"application"},{"id":"6182ec05-9d0e-4dab-8534-627974722467","name":"Altinn Autorisasjon","type":"ApplicationFunction","layer":"application"},{"id":"6e55bece-91f3-4646-bc4a-0d2b0e5e5b05","name":"Arkiv","type":"ApplicationComponent","layer":"application"},{"id":"2f5ad696-f54f-428b-b4be-6cbf8b2daf19","name":"Datakatalog ","type":"ApplicationService","layer":"application"},{"id":"f20e9739-1744-4b67-af0d-4b597fa742a4","name":"Altinn fullmakter","type":"ApplicationFunction","layer":"application"},{"id":"b07b204f-0904-4d39-bfe7-2a4b2ceb2d43","name":"Ting til system","type":"ApplicationService","layer":"application"},{"id":"819ccedc-b65a-4f96-9d35-41fbd62c50b1","name":"Grunndata","type":"DataObject","layer":"application"},{"id":"fc2009b6-bc35-49c2-a11c-8fb172ba5388","name":"Tjeneste-katalog","type":"ApplicationService","layer":"application"},{"id":"6d4ce3d4-1137-409e-afac-ec7c30933dec","name":"Transaksjonsdata","type":"DataObject","layer":"application"},{"id":"79a0127f-f017-43d8-8bda-701ecc694e37","name":"Modellkatalog","type":"ApplicationService","layer":"application"},{"id":"ac9cef01-8b1e-44db-82e6-82b5c4e7edcf","name":"Transaction logging","type":"ApplicationFunction","layer":"application"},{"id":"cc2f2205-d912-4fc7-a91d-8a3a0c8a25b1","name":"Melding ut","type":"ApplicationService","layer":"application"},{"id":"9add072d-a5a8-420d-9a95-2984c45f608e","name":"Datakatalog","type":"ApplicationService","layer":"application"},{"id":"36a3eac1-0cae-4574-a7f8-7f75b9345a36","name":"Kontaktinformasjon Virksomheter","type":"ApplicationService","layer":"application"},{"id":"109e9498-ad2c-4eb0-a22d-d06a9ba7d812","name":"API-katalog over grunndata","type":"ApplicationService","layer":"application"},{"id":"0fa782af-4af1-4e86-86fe-207cd2150397","name":"Varsling","type":"ApplicationService","layer":"application"},{"id":"c5ac04f6-1193-4b87-a74e-0815d3d1c102","name":"API-katalog ","type":"ApplicationService","layer":"application"},{"id":"72dc4fbb-4eea-49a2-a3af-a4fe92db61bd","name":"Altinn formidlings-tjeneste","type":"ApplicationService","layer":"application"},{"id":"a1ac0293-2d00-4a68-83e6-3b61648e2529","name":"KoFuVi","type":"ApplicationService","layer":"application"},{"id":"1207c711-e145-4d9b-969a-c55b77ab5587","name":"IP-adresse til systemer og \"ting\"","type":"ApplicationService","layer":"application"},{"id":"29556de8-92bd-4159-bae3-4c9ff4d410fb","name":"Melding inn","type":"ApplicationService","layer":"application"},{"id":"af5e6256-badf-4d85-8530-beacebe21861","name":"Innsyn","type":"ApplicationService","layer":"application"},{"id":"964d21e3-d735-43ff-971b-7714af5fe41b","name":"Altinn samtykke","type":"ApplicationFunction","layer":"application"},{"id":"5e741ce2-adbf-4253-9696-42d2d347d85e","name":"API-katalog","type":"ApplicationService","layer":"application"},{"id":"f4358605-9fe3-44c2-918f-b9e63a632f12","name":"Transaction rollback","type":"ApplicationFunction","layer":"application"},{"id":"b7b034f7-2a95-4d32-8758-ccfb44f5c604","name":"Oppslagskomponent","type":"ApplicationComponent","layer":"application"},{"id":"cad348dd-5188-4dd7-a5e6-fd1beb82e745","name":"Internett","type":"Path","layer":"technology"}],"relationships":[{"id":"4bdcc7ed-c43c-42af-9054-072433ff7503","sourceId":"13eec0bb-b6d0-4982-b6bf-66fd72de3e41","targetId":"e799a4e5-d204-44f5-b9d7-ac7422851281","type":"RealizationRelationship"},{"id":"594bf058-2650-4a8b-97c8-19b6827bdc5d","sourceId":"dc287d29-053d-4ef2-94d6-2815cbbb6f76","targetId":"ae99da5f-b42f-4254-a55e-d4c897b2e0eb","type":"RealizationRelationship"},{"id":"4ad03281-110b-438b-be69-bb9d0d57e634","sourceId":"36a3eac1-0cae-4574-a7f8-7f75b9345a36","targetId":"c5ac04f6-1193-4b87-a74e-0815d3d1c102","type":"SpecializationRelationship"},{"id":"5c1fd2b2-e6e3-4c02-8185-4028d555c338","sourceId":"109e9498-ad2c-4eb0-a22d-d06a9ba7d812","targetId":"c5ac04f6-1193-4b87-a74e-0815d3d1c102","type":"SpecializationRelationship"},{"id":"95cc883b-378e-4da6-b745-3282f4c2a1d0","sourceId":"8ae5a33f-48e7-4eea-afe7-4c1ddbf7b1d5","targetId":"22f8b810-139a-4fcd-89f4-edea6d1460a5","type":"RealizationRelationship"},{"id":"160c0727-9287-4a04-b49c-28ab1c82eee0","sourceId":"2f5ad696-f54f-428b-b4be-6cbf8b2daf19","targetId":"be5b457d-a4ac-48d7-8204-c94abea6989b","type":"ServingRelationship"},{"id":"c7c67780-ebab-4924-a5fa-840ffb20dc54","sourceId":"39ce9e42-2022-422b-b660-a991228d7eee","targetId":"22f8b810-139a-4fcd-89f4-edea6d1460a5","type":"RealizationRelationship"},{"id":"55684bf7-935e-47aa-a37b-add1c7c13f55","sourceId":"be5b457d-a4ac-48d7-8204-c94abea6989b","targetId":"ae99da5f-b42f-4254-a55e-d4c897b2e0eb","type":"RealizationRelationship"},{"id":"43a97039-3d9b-4851-8676-bec8da9c73eb","sourceId":"c5ac04f6-1193-4b87-a74e-0815d3d1c102","targetId":"b7b034f7-2a95-4d32-8758-ccfb44f5c604","type":"ServingRelationship"},{"id":"baae7d5c-7e4d-4045-b0c2-904de65ac59b","sourceId":"c5ac04f6-1193-4b87-a74e-0815d3d1c102","targetId":"56cf2f36-bf04-41cc-b421-590ef4a94548","type":"ServingRelationship"},{"id":"0cf62815-28fa-4d75-ab6b-780efd7ed34b","sourceId":"94ebcdb0-bf61-4fbb-9015-ecb6f15d54cf","targetId":"1fd2845f-35db-44e1-8985-7eaa3d24b83d","type":"RealizationRelationship"},{"id":"0792913b-a71e-4275-9c14-8e84b53baab6","sourceId":"c5ac04f6-1193-4b87-a74e-0815d3d1c102","targetId":"f80f971d-fa62-4985-8f12-901bbc80b202","type":"ServingRelationship"},{"id":"9a2e5a0f-8ad2-4d1d-be33-3bdd063faeb5","sourceId":"109e9498-ad2c-4eb0-a22d-d06a9ba7d812","targetId":"dc287d29-053d-4ef2-94d6-2815cbbb6f76","type":"ServingRelationship"},{"id":"17f47526-c582-4d26-aab1-80f67bbdbc14","sourceId":"f80f971d-fa62-4985-8f12-901bbc80b202","targetId":"22f8b810-139a-4fcd-89f4-edea6d1460a5","type":"RealizationRelationship"},{"id":"03d3c93e-8adb-4d21-b992-5e67c4ed6dc7","sourceId":"56cf2f36-bf04-41cc-b421-590ef4a94548","targetId":"22f8b810-139a-4fcd-89f4-edea6d1460a5","type":"RealizationRelationship"}],"views":[{"id":"4c71c9a3-aeeb-43c7-97f3-7ae7c44f9705","name":"Default View","viewpoint":""},{"id":"8e8914af-8058-495d-b01f-ee8c172c1ac7","name":"New ArchiMate View (copy) (copy) (copy)","viewpoint":""},{"id":"c59b050b-1bee-4dcc-8fa1-5e5bef316db3","name":"New ArchiMate View (copy) (copy)","viewpoint":""},{"id":"0459d5ed-0ac1-4397-8790-04e26621c0a3","name":"Altinntjenester i kontekst","viewpoint":""},{"id":"868128c8-7b54-4ddd-ae99-4eaf46fcfbc7","name":"Integrasjonsplattform","viewpoint":""}]}