<?xml version="1.0" encoding="UTF-8"?><model xmlns="http://www.opengroup.org/xsd/archimate/3.0/" xmlns:xsi="http://www.w3.org/2001/XMLSchema-instance" identifier="_lTcWAEAcEeyo8oS76GR6Gg">  <name xml:lang="en">productos agiles 3</name>  <elements>    <element xsi:type="Resource" identifier="_wv24MCJKEDqvz7txCTAm-A">      <name xml:lang="en">Resource</name>      <documentation/>    </element>    <element xsi:type="WorkPackage" identifier="_zPT9MCJKEDqvz7txCTAm-A">      <name xml:lang="en">Desarrollo</name>      <documentation/>    </element>    <element xsi:type="WorkPackage" identifier="_fkSuoCJLEDqvz7txCTAm-A">      <name xml:lang="en">Work Package</name>      <documentation/>    </element>    <element xsi:type="WorkPackage" identifier="_f3cUICJLEDqvz7txCTAm-A">      <name xml:lang="en">Work Package</name>      <documentation/>    </element>    <element xsi:type="WorkPackage" identifier="_cpSWECJLEDqvz7txCTAm-A">      <name xml:lang="en">Equipo 2</name>      <documentation/>    </element>    <element xsi:type="WorkPackage" identifier="_FvmMECJMEDqvz7txCTAm-A">      <name xml:lang="en">Equipo 3</name>      <documentation/>    </element>    <element xsi:type="WorkPackage" identifier="_BRGAcCJMEDqvz7txCTAm-A">      <name xml:lang="en">Equipo 1</name>      <documentation/>    </element>    <element xsi:type="WorkPackage" identifier="_5LnjkCJKEDqvz7txCTAm-A">      <name xml:lang="en">Operaciones</name>      <documentation/>    </element>    <element xsi:type="WorkPackage" identifier="_eWuS0CJMEDqvz7txCTAm-A">      <name xml:lang="en">Rendimiento</name>      <documentation/>    </element>    <element xsi:type="WorkPackage" identifier="_2VNFMCJMEDqvz7txCTAm-A">      <name xml:lang="en">Calidad del producto</name>      <documentation/>    </element>    <element xsi:type="WorkPackage" identifier="_4ktCoCJMEDqvz7txCTAm-A">      <name xml:lang="en">Seguridad</name>      <documentation/>    </element>    <element xsi:type="WorkPackage" identifier="_7tSkMCJMEDqvz7txCTAm-A">      <name xml:lang="en">Proteccion del producto</name>      <documentation/>    </element>    <element xsi:type="WorkPackage" identifier="_KK9usCJNEDqvz7txCTAm-A">      <name xml:lang="en">Comunidad</name>      <documentation/>    </element>    <element xsi:type="WorkPackage" identifier="_MHCZ0CJNEDqvz7txCTAm-A">      <name xml:lang="en">Capacitacion</name>      <documentation/>    </element>    <element xsi:type="BusinessActor" identifier="_ZBP4YCJLEDqvz7txCTAm-A">      <name xml:lang="en">Actor</name>      <documentation/>    </element>    <element xsi:type="BusinessActor" identifier="_40uRECJLEDqvz7txCTAm-A">      <name xml:lang="en">PO</name>      <documentation/>    </element>    <element xsi:type="BusinessActor" identifier="_8wMoICJLEDqvz7txCTAm-A">      <name xml:lang="en">SM</name>      <documentation/>    </element>    <element xsi:type="BusinessActor" identifier="__Fu8ICJLEDqvz7txCTAm-A">      <name xml:lang="en">DEV</name>      <documentation/>    </element>    <element xsi:type="BusinessActor" identifier="_BRGngSJMEDqvz7txCTAm-A">      <name xml:lang="en">PO</name>      <documentation/>    </element>    <element xsi:type="BusinessActor" identifier="_BRGngyJMEDqvz7txCTAm-A">      <name xml:lang="en">SM</name>      <documentation/>    </element>    <element xsi:type="BusinessActor" identifier="_BRHOkCJMEDqvz7txCTAm-A">      <name xml:lang="en">DEV</name>      <documentation/>    </element>    <element xsi:type="BusinessActor" identifier="_FvmzISJMEDqvz7txCTAm-A">      <name xml:lang="en">PO</name>      <documentation/>    </element>    <element xsi:type="BusinessActor" identifier="_FvmzIyJMEDqvz7txCTAm-A">      <name xml:lang="en">SM</name>      <documentation/>    </element>    <element xsi:type="BusinessActor" identifier="_FvmzJSJMEDqvz7txCTAm-A">      <name xml:lang="en">DEV</name>      <documentation/>    </element>    <element xsi:type="Capability" identifier="_z0XqsCJNEDqvz7txCTAm-A">      <name xml:lang="en">Capability</name>      <documentation/>    </element>    <element xsi:type="CourseOfAction" identifier="_0aZI4CJNEDqvz7txCTAm-A">      <name xml:lang="en">Course of Action</name>      <documentation/>    </element>    <element xsi:type="Facility" identifier="_1hi-MCJNEDqvz7txCTAm-A">      <name xml:lang="en">Facility</name>      <documentation/>    </element>    <element xsi:type="Facility" identifier="_2TOSwCJNEDqvz7txCTAm-A">      <name xml:lang="en">Facility</name>      <documentation/>    </element>    <element xsi:type="Gap" identifier="_3evqsCJNEDqvz7txCTAm-A">      <name xml:lang="en">Gap</name>      <documentation/>    </element>    <element xsi:type="Plateau" identifier="_37sFYCJNEDqvz7txCTAm-A">      <name xml:lang="en">Plateau</name>      <documentation/>    </element>    <element xsi:type="WorkPackage" identifier="_DMBxMCJOEDqvz7txCTAm-A">      <name xml:lang="en"></name>      <documentation/>    </element>  </elements>  <relationships>    <relationship xsi:type="Association" identifier="_KT5LwCJOEDqvz7txCTAm-A" source="_KK9usCJNEDqvz7txCTAm-A" target="_FvmzJSJMEDqvz7txCTAm-A">      <name xml:lang="en"/>      <documentation/>    </relationship>    <relationship xsi:type="Triggering" identifier="_QfB4UCJOEDqvz7txCTAm-A" source="_MHCZ0CJNEDqvz7txCTAm-A" target="_KK9usCJNEDqvz7txCTAm-A">      <name xml:lang="en"/>      <documentation/>    </relationship>    <relationship xsi:type="Association" identifier="_VeFzUCJOEDqvz7txCTAm-A" source="_2VNFMCJMEDqvz7txCTAm-A" target="_BRGAcCJMEDqvz7txCTAm-A">      <name xml:lang="en"/>      <documentation/>    </relationship>    <relationship xsi:type="Triggering" identifier="_prVEgCJVEDqvz7txCTAm-A" source="_MHCZ0CJNEDqvz7txCTAm-A" target="_4ktCoCJMEDqvz7txCTAm-A">      <name xml:lang="en"/>      <documentation/>    </relationship>    <relationship xsi:type="Triggering" identifier="_sqiAkCJVEDqvz7txCTAm-A" source="_4ktCoCJMEDqvz7txCTAm-A" target="_MHCZ0CJNEDqvz7txCTAm-A">      <name xml:lang="en"/>      <documentation/>    </relationship>    <relationship xsi:type="Triggering" identifier="_vzfVkCJVEDqvz7txCTAm-A" source="_eWuS0CJMEDqvz7txCTAm-A" target="_MHCZ0CJNEDqvz7txCTAm-A">      <name xml:lang="en"/>      <documentation/>    </relationship>    <relationship xsi:type="Triggering" identifier="_7q_vECJVEDqvz7txCTAm-A" source="_eWuS0CJMEDqvz7txCTAm-A" target="_MHCZ0CJNEDqvz7txCTAm-A">      <name xml:lang="en"/>      <documentation/>    </relationship>    <relationship xsi:type="Triggering" identifier="_LZ3bsCJWEDqvz7txCTAm-A" source="_2VNFMCJMEDqvz7txCTAm-A" target="_MHCZ0CJNEDqvz7txCTAm-A">      <name xml:lang="en"/>      <documentation/>    </relationship>    <relationship xsi:type="Triggering" identifier="_N0uUkCJWEDqvz7txCTAm-A" source="_2VNFMCJMEDqvz7txCTAm-A" target="_MHCZ0CJNEDqvz7txCTAm-A">      <name xml:lang="en"/>      <documentation/>    </relationship>    <relationship xsi:type="Triggering" identifier="_TUIjkCJWEDqvz7txCTAm-A" source="_eWuS0CJMEDqvz7txCTAm-A" target="_MHCZ0CJNEDqvz7txCTAm-A">      <name xml:lang="en"/>      <documentation/>    </relationship>    <relationship xsi:type="Triggering" identifier="_X16FoCJWEDqvz7txCTAm-A" source="_4ktCoCJMEDqvz7txCTAm-A" target="_MHCZ0CJNEDqvz7txCTAm-A">      <name xml:lang="en"/>      <documentation/>    </relationship>    <relationship xsi:type="Triggering" identifier="_bJKmICJWEDqvz7txCTAm-A" source="_7tSkMCJMEDqvz7txCTAm-A" target="_MHCZ0CJNEDqvz7txCTAm-A">      <name xml:lang="en"/>      <documentation/>    </relationship>    <relationship xsi:type="Association" identifier="_CP0dECJNEDqvz7txCTAm-A" source="_BRGngyJMEDqvz7txCTAm-A" target="_BRHOkCJMEDqvz7txCTAm-A">      <name xml:lang="en"/>      <documentation/>    </relationship>    <relationship xsi:type="Association" identifier="_EVvAsCJNEDqvz7txCTAm-A" source="_8wMoICJLEDqvz7txCTAm-A" target="__Fu8ICJLEDqvz7txCTAm-A">      <name xml:lang="en"/>      <documentation/>    </relationship>    <relationship xsi:type="Association" identifier="_Eyt3oCJNEDqvz7txCTAm-A" source="_FvmzIyJMEDqvz7txCTAm-A" target="_FvmzJSJMEDqvz7txCTAm-A">      <name xml:lang="en"/>      <documentation/>    </relationship>    <relationship xsi:type="Association" identifier="_Ll5mMCJOEDqvz7txCTAm-A" source="_FvmzJSJMEDqvz7txCTAm-A" target="__Fu8ICJLEDqvz7txCTAm-A">      <name xml:lang="en"/>      <documentation/>    </relationship>    <relationship xsi:type="Association" identifier="_MF1qgCJOEDqvz7txCTAm-A" source="__Fu8ICJLEDqvz7txCTAm-A" target="_BRHOkCJMEDqvz7txCTAm-A">      <name xml:lang="en"/>      <documentation/>    </relationship>  </relationships>  <views>    <diagrams>      <view identifier="_lTcWA0AcEeyo8oS76GR6Gg">        <name xml:lang="en">archimate-diagram</name>        <node xsi:type="Element" identifier="_zPimsCJKEDqvz7txCTAm-A" h="405" w="371" x="248" y="45" elementRef="_zPT9MCJKEDqvz7txCTAm-A">          <node xsi:type="Element" identifier="_cpcHECJLEDqvz7txCTAm-A" h="313" w="110" x="379" y="101" elementRef="_cpSWECJLEDqvz7txCTAm-A">            <node xsi:type="Element" identifier="_40_W0CJLEDqvz7txCTAm-A" h="60" w="60" x="404" y="142" elementRef="_40uRECJLEDqvz7txCTAm-A"/>            <node xsi:type="Element" identifier="_8waDgCJLEDqvz7txCTAm-A" h="60" w="60" x="404" y="207" elementRef="_8wMoICJLEDqvz7txCTAm-A"/>            <node xsi:type="Element" identifier="__F8-kCJLEDqvz7txCTAm-A" h="60" w="60" x="404" y="335" elementRef="__Fu8ICJLEDqvz7txCTAm-A"/>          </node>          <node xsi:type="Element" identifier="_BRHOkiJMEDqvz7txCTAm-A" h="310" w="97" x="267" y="101" elementRef="_BRGAcCJMEDqvz7txCTAm-A">            <node xsi:type="Element" identifier="_BRHOlSJMEDqvz7txCTAm-A" h="60" w="60" x="286" y="335" elementRef="_BRHOkCJMEDqvz7txCTAm-A"/>            <node xsi:type="Element" identifier="_BRHOkyJMEDqvz7txCTAm-A" h="60" w="60" x="286" y="142" elementRef="_BRGngSJMEDqvz7txCTAm-A"/>            <node xsi:type="Element" identifier="_BRHOlCJMEDqvz7txCTAm-A" h="60" w="60" x="286" y="207" elementRef="_BRGngyJMEDqvz7txCTAm-A"/>          </node>          <node xsi:type="Element" identifier="_FvnaMSJMEDqvz7txCTAm-A" h="313" w="110" x="499" y="102" elementRef="_FvmMECJMEDqvz7txCTAm-A">            <node xsi:type="Element" identifier="_FvnaMiJMEDqvz7txCTAm-A" h="60" w="60" x="524" y="142" elementRef="_FvmzISJMEDqvz7txCTAm-A"/>            <node xsi:type="Element" identifier="_FvnaMyJMEDqvz7txCTAm-A" h="60" w="60" x="524" y="207" elementRef="_FvmzIyJMEDqvz7txCTAm-A"/>            <node xsi:type="Element" identifier="_FvnaNCJMEDqvz7txCTAm-A" h="60" w="60" x="524" y="335" elementRef="_FvmzJSJMEDqvz7txCTAm-A"/>          </node>        </node>        <node xsi:type="Element" identifier="_5Lx7oCJKEDqvz7txCTAm-A" h="416" w="411" x="630" y="40" elementRef="_5LnjkCJKEDqvz7txCTAm-A">          <node xsi:type="Element" identifier="_eWzyYCJMEDqvz7txCTAm-A" h="60" w="130" x="635" y="85" elementRef="_eWuS0CJMEDqvz7txCTAm-A"/>          <node xsi:type="Element" identifier="_2VRWoCJMEDqvz7txCTAm-A" h="60" w="130" x="901" y="85" elementRef="_2VNFMCJMEDqvz7txCTAm-A"/>          <node xsi:type="Element" identifier="_4kxUECJMEDqvz7txCTAm-A" h="60" w="130" x="635" y="258" elementRef="_4ktCoCJMEDqvz7txCTAm-A"/>          <node xsi:type="Element" identifier="_7tW1oCJMEDqvz7txCTAm-A" h="60" w="130" x="901" y="258" elementRef="_7tSkMCJMEDqvz7txCTAm-A"/>          <node xsi:type="Element" identifier="_KLAyACJNEDqvz7txCTAm-A" h="60" w="130" x="659" y="344" elementRef="_KK9usCJNEDqvz7txCTAm-A"/>          <node xsi:type="Element" identifier="_MHHSUCJNEDqvz7txCTAm-A" h="60" w="130" x="771" y="173" elementRef="_MHCZ0CJNEDqvz7txCTAm-A"/>        </node>        <connection xsi:type="Relationship" identifier="_CQDGkCJNEDqvz7txCTAm-A" source="_BRHOlCJMEDqvz7txCTAm-A" target="_BRHOlSJMEDqvz7txCTAm-A" relationshipRef="_CP0dECJNEDqvz7txCTAm-A">          <bendpoint x="316" y="301"/>          <bendpoint x="316" y="301"/>        </connection>        <connection xsi:type="Relationship" identifier="_EWAGcCJNEDqvz7txCTAm-A" source="_8waDgCJLEDqvz7txCTAm-A" target="__F8-kCJLEDqvz7txCTAm-A" relationshipRef="_EVvAsCJNEDqvz7txCTAm-A">          <bendpoint x="434" y="301"/>          <bendpoint x="434" y="301"/>        </connection>        <connection xsi:type="Relationship" identifier="_Ey0lUCJNEDqvz7txCTAm-A" source="_FvnaMyJMEDqvz7txCTAm-A" target="_FvnaNCJMEDqvz7txCTAm-A" relationshipRef="_Eyt3oCJNEDqvz7txCTAm-A">          <bendpoint x="554" y="301"/>          <bendpoint x="554" y="301"/>        </connection>        <connection xsi:type="Relationship" identifier="_KUDj0CJOEDqvz7txCTAm-A" source="_KLAyACJNEDqvz7txCTAm-A" target="_FvnaNCJMEDqvz7txCTAm-A" relationshipRef="_KT5LwCJOEDqvz7txCTAm-A">          <bendpoint x="622" y="369"/>          <bendpoint x="621" y="369"/>        </connection>        <connection xsi:type="Relationship" identifier="_LmMhICJOEDqvz7txCTAm-A" source="_FvnaNCJMEDqvz7txCTAm-A" target="__F8-kCJLEDqvz7txCTAm-A" relationshipRef="_Ll5mMCJOEDqvz7txCTAm-A">          <bendpoint x="494" y="365"/>          <bendpoint x="494" y="365"/>        </connection>        <connection xsi:type="Relationship" identifier="_MF-0cCJOEDqvz7txCTAm-A" source="__F8-kCJLEDqvz7txCTAm-A" target="_BRHOlSJMEDqvz7txCTAm-A" relationshipRef="_MF1qgCJOEDqvz7txCTAm-A">          <bendpoint x="375" y="365"/>          <bendpoint x="375" y="365"/>        </connection>        <connection xsi:type="Relationship" identifier="_QfFisCJOEDqvz7txCTAm-A" source="_MHHSUCJNEDqvz7txCTAm-A" target="_KLAyACJNEDqvz7txCTAm-A" relationshipRef="_QfB4UCJOEDqvz7txCTAm-A">          <bendpoint x="840" y="289"/>          <bendpoint x="840" y="377"/>        </connection>        <connection xsi:type="Relationship" identifier="_N0xX4CJWEDqvz7txCTAm-A" source="_2VRWoCJMEDqvz7txCTAm-A" target="_MHHSUCJNEDqvz7txCTAm-A" relationshipRef="_N0uUkCJWEDqvz7txCTAm-A">          <bendpoint x="882" y="119"/>          <bendpoint x="882" y="153"/>        </connection>        <connection xsi:type="Relationship" identifier="_TUK_0CJWEDqvz7txCTAm-A" source="_eWzyYCJMEDqvz7txCTAm-A" target="_MHHSUCJNEDqvz7txCTAm-A" relationshipRef="_TUIjkCJWEDqvz7txCTAm-A">          <bendpoint x="796" y="118"/>          <bendpoint x="796" y="153"/>        </connection>        <connection xsi:type="Relationship" identifier="_X18h4CJWEDqvz7txCTAm-A" source="_4kxUECJMEDqvz7txCTAm-A" target="_MHHSUCJNEDqvz7txCTAm-A" relationshipRef="_X16FoCJWEDqvz7txCTAm-A">          <bendpoint x="794" y="288"/>          <bendpoint x="794" y="253"/>        </connection>        <connection xsi:type="Relationship" identifier="_bJNpcCJWEDqvz7txCTAm-A" source="_7tW1oCJMEDqvz7txCTAm-A" target="_MHHSUCJNEDqvz7txCTAm-A" relationshipRef="_bJKmICJWEDqvz7txCTAm-A">          <bendpoint x="884" y="288"/>          <bendpoint x="884" y="253"/>        </connection>      </view>    </diagrams>  </views></model>
