<?xml version="1.0" encoding="UTF-8"?><model xmlns="http://www.opengroup.org/xsd/archimate/3.0/" xmlns:xsi="http://www.w3.org/2001/XMLSchema-instance" identifier="_JxXMUNIuEeqgY5yD8SByCQ">  <name xml:lang="en">Группа ПИР</name>  <elements>    <element xsi:type="Grouping" identifier="_wyxUkLRcEDiPbanE8nGR-A">      <name xml:lang="en">Группа системной инженерии)</name>      <documentation/>    </element>    <element xsi:type="BusinessRole" identifier="_NrFd4GSMEDm8Rr5dx2FKJA">      <name xml:lang="en">Системный архитектор</name>      <documentation/>    </element>    <element xsi:type="BusinessRole" identifier="_SFZGAGSMEDm8Rr5dx2FKJA">      <name xml:lang="en">Инженер по требованиям</name>      <documentation/>    </element>    <element xsi:type="BusinessRole" identifier="_UAYzEGSMEDm8Rr5dx2FKJA">      <name xml:lang="en">Архитектор</name>      <documentation/>    </element>    <element xsi:type="BusinessRole" identifier="_j6SOgGSNEDm8Rr5dx2FKJA">      <name xml:lang="en">Инженер конфигурации</name>      <documentation/>    </element>    <element xsi:type="BusinessRole" identifier="_DBOGwGSNEDm8Rr5dx2FKJA">      <name xml:lang="en">Проектировщик</name>      <documentation/>    </element>    <element xsi:type="BusinessRole" identifier="_EsfVwGSNEDm8Rr5dx2FKJA">      <name xml:lang="en">Проектировщик</name>      <documentation/>    </element>    <element xsi:type="BusinessRole" identifier="_IE3m0GSNEDm8Rr5dx2FKJA">      <name xml:lang="en">Инженер по надежности</name>      <documentation/>    </element>    <element xsi:type="BusinessRole" identifier="_KjEuoGSNEDm8Rr5dx2FKJA">      <name xml:lang="en">Инженер по кибербезопасности</name>      <documentation/>    </element>    <element xsi:type="BusinessActor" identifier="_SeA8oLRcEDiPbanE8nGR-A">      <name xml:lang="en">Системный инженер (Глень Д.)</name>      <documentation/>    </element>    <element xsi:type="BusinessActor" identifier="_OcaIYLRcEDiPbanE8nGR-A">      <name xml:lang="en">Системный менеджер Ряснянский С.</name>      <documentation/>    </element>    <element xsi:type="BusinessRole" identifier="_g2UqEGSUEDm8Rr5dx2FKJA">      <name xml:lang="en">Инженер по требованиям</name>      <documentation/>    </element>    <element xsi:type="Grouping" identifier="_qbnv0LRdEDiPbanE8nGR-A">      <name xml:lang="en">Группа разработки оборудования</name>      <documentation/>    </element>    <element xsi:type="Grouping" identifier="_DiyBgLReEDiPbanE8nGR-A">      <name xml:lang="en">МВ-22/MV-22</name>      <documentation/>    </element>    <element xsi:type="BusinessActor" identifier="_DiyokbReEDiPbanE8nGR-A">      <name xml:lang="en">Системный инженер (Калинкин А.)</name>      <documentation/>    </element>    <element xsi:type="BusinessRole" identifier="_oEMNsGSOEDm8Rr5dx2FKJA">      <name xml:lang="en">Инженер конфигурации</name>      <documentation/>    </element>    <element xsi:type="BusinessRole" identifier="_ppUYcGSOEDm8Rr5dx2FKJA">      <name xml:lang="en">Инженер по требованиям</name>      <documentation/>    </element>    <element xsi:type="BusinessRole" identifier="_tcMNIGSOEDm8Rr5dx2FKJA">      <name xml:lang="en">Конструктор-механик</name>      <documentation/>    </element>    <element xsi:type="BusinessRole" identifier="_5dSgIGSREDm8Rr5dx2FKJA">      <name xml:lang="en">Архитектор</name>      <documentation/>    </element>    <element xsi:type="BusinessActor" identifier="_WVay8GSbEDm8Rr5dx2FKJA">      <name xml:lang="en">Инженер-схемотехник (Ахметзянов Р.В.)</name>      <documentation/>    </element>    <element xsi:type="Grouping" identifier="_D90-wLReEDiPbanE8nGR-A">      <name xml:lang="en">СГГ-102/SGGM-102</name>      <documentation/>    </element>    <element xsi:type="BusinessActor" identifier="_D90-wrReEDiPbanE8nGR-A">      <name xml:lang="en">Системный инженер (Эйдельштейн В.)</name>      <documentation/>    </element>    <element xsi:type="BusinessRole" identifier="_I7SmkGSPEDm8Rr5dx2FKJA">      <name xml:lang="en">Инженер конфигурации</name>      <documentation/>    </element>    <element xsi:type="BusinessRole" identifier="_Kqbo8GSPEDm8Rr5dx2FKJA">      <name xml:lang="en">Инженер по требованиям</name>      <documentation/>    </element>    <element xsi:type="BusinessRole" identifier="_NGRZQGSPEDm8Rr5dx2FKJA">      <name xml:lang="en">Инженер-электронщик</name>      <documentation/>    </element>    <element xsi:type="BusinessRole" identifier="_PwuNUGSPEDm8Rr5dx2FKJA">      <name xml:lang="en">Конструктор-механик</name>      <documentation/>    </element>    <element xsi:type="BusinessRole" identifier="_8JY6AGSREDm8Rr5dx2FKJA">      <name xml:lang="en">Архитектор</name>      <documentation/>    </element>    <element xsi:type="Grouping" identifier="_Ea3gELReEDiPbanE8nGR-A">      <name xml:lang="en">СГЖ-102/SGLM-102</name>      <documentation/>    </element>    <element xsi:type="BusinessActor" identifier="_Ea3gErReEDiPbanE8nGR-A">      <name xml:lang="en">Системный инженер (Талдыгин И.)</name>      <documentation/>    </element>    <element xsi:type="BusinessRole" identifier="_UoRLEGSPEDm8Rr5dx2FKJA">      <name xml:lang="en">Инженер конфигурации</name>      <documentation/>    </element>    <element xsi:type="BusinessRole" identifier="_WY-6wGSPEDm8Rr5dx2FKJA">      <name xml:lang="en">Инженер по требованиям</name>      <documentation/>    </element>    <element xsi:type="BusinessRole" identifier="_ZFCRUGSPEDm8Rr5dx2FKJA">      <name xml:lang="en">Инженер-электронщик</name>      <documentation/>    </element>    <element xsi:type="BusinessRole" identifier="_bV7V4GSPEDm8Rr5dx2FKJA">      <name xml:lang="en">Конструктор-механик</name>      <documentation/>    </element>    <element xsi:type="BusinessRole" identifier="_-PecwGSREDm8Rr5dx2FKJA">      <name xml:lang="en">Архитектор</name>      <documentation/>    </element>    <element xsi:type="Grouping" identifier="_t-_v8LRdEDiPbanE8nGR-A">      <name xml:lang="en">ПТК ВУ + Simulator</name>      <documentation/>    </element>    <element xsi:type="BusinessActor" identifier="_wrqxkLRdEDiPbanE8nGR-A">      <name xml:lang="en">Системный инженер (Бернер Д.)</name>      <documentation/>    </element>    <element xsi:type="BusinessRole" identifier="_BMdvIGSOEDm8Rr5dx2FKJA">      <name xml:lang="en">Инженер по требованиям</name>      <documentation/>    </element>    <element xsi:type="BusinessRole" identifier="_CexEgGSOEDm8Rr5dx2FKJA">      <name xml:lang="en">Инженер конфигурации</name>      <documentation/>    </element>    <element xsi:type="BusinessRole" identifier="_STbQEGSOEDm8Rr5dx2FKJA">      <name xml:lang="en">Инженер-электронщик</name>      <documentation/>    </element>    <element xsi:type="BusinessRole" identifier="_WobhcGSOEDm8Rr5dx2FKJA">      <name xml:lang="en">Инженер-электронщик</name>      <documentation/>    </element>    <element xsi:type="BusinessRole" identifier="_ZIJFIGSOEDm8Rr5dx2FKJA">      <name xml:lang="en">Конструктор-механик</name>      <documentation/>    </element>    <element xsi:type="BusinessRole" identifier="_b7LNcGSOEDm8Rr5dx2FKJA">      <name xml:lang="en">Конструктор-механик</name>      <documentation/>    </element>    <element xsi:type="BusinessRole" identifier="_y_L0QGSREDm8Rr5dx2FKJA">      <name xml:lang="en">Архитектор</name>      <documentation/>    </element>    <element xsi:type="BusinessActor" identifier="_UN17gLRcEDiPbanE8nGR-A">      <name xml:lang="en">Системный менеджер (Волчков А.)</name>      <documentation/>    </element>    <element xsi:type="Grouping" identifier="_1zJRAGSOEDm8Rr5dx2FKJA">      <name xml:lang="en">Общие ресурсы</name>      <documentation/>    </element>    <element xsi:type="BusinessRole" identifier="_0an-4GSOEDm8Rr5dx2FKJA">      <name xml:lang="en">Технолог</name>      <documentation/>    </element>    <element xsi:type="BusinessRole" identifier="_x5kXYGSOEDm8Rr5dx2FKJA">      <name xml:lang="en">Инженер-электронщик</name>      <documentation/>    </element>    <element xsi:type="BusinessRole" identifier="_6nOrEGSOEDm8Rr5dx2FKJA">      <name xml:lang="en">Технолог</name>      <documentation/>    </element>    <element xsi:type="BusinessActor" identifier="_EYPSIGSPEDm8Rr5dx2FKJA">      <name xml:lang="en">Физик-спектрометрист (Моисеенко Д.)</name>      <documentation/>    </element>    <element xsi:type="BusinessActor" identifier="_gtBf8GSbEDm8Rr5dx2FKJA">      <name xml:lang="en">Математик (Поляков А.)</name>      <documentation/>    </element>    <element xsi:type="Grouping" identifier="_h7XmALRdEDiPbanE8nGR-A">      <name xml:lang="en">Группа разработки ПО устройств НУ и системного ПО RADSYS-RMS</name>      <documentation/>    </element>    <element xsi:type="Grouping" identifier="_WUis0LRdEDiPbanE8nGR-A">      <name xml:lang="en">Embedded software (firmware)</name>      <documentation/>    </element>    <element xsi:type="BusinessActor" identifier="_h7YNFLRdEDiPbanE8nGR-A">      <name xml:lang="en">Программист (Шпилёв В.)</name>      <documentation/>    </element>    <element xsi:type="BusinessRole" identifier="_fz45gGSQEDm8Rr5dx2FKJA">      <name xml:lang="en">Программист</name>      <documentation/>    </element>    <element xsi:type="BusinessRole" identifier="_hQTNIGSQEDm8Rr5dx2FKJA">      <name xml:lang="en">Программист</name>      <documentation/>    </element>    <element xsi:type="BusinessRole" identifier="_imWaEGSQEDm8Rr5dx2FKJA">      <name xml:lang="en">Тестировщик</name>      <documentation/>    </element>    <element xsi:type="BusinessActor" identifier="_h7YNELRdEDiPbanE8nGR-A">      <name xml:lang="en">Системный менеджер (Бурлакин Д.)</name>      <documentation/>    </element>    <element xsi:type="BusinessRole" identifier="_qy1asGSNEDm8Rr5dx2FKJA">      <name xml:lang="en">Системный инженер</name>      <documentation/>    </element>    <element xsi:type="BusinessRole" identifier="_61_qYGSPEDm8Rr5dx2FKJA">      <name xml:lang="en">Аналитик</name>      <documentation/>    </element>    <element xsi:type="BusinessRole" identifier="_7_4DkGSPEDm8Rr5dx2FKJA">      <name xml:lang="en">Инженер по требованиям</name>      <documentation/>    </element>    <element xsi:type="Grouping" identifier="_3EgnsGSNEDm8Rr5dx2FKJA">      <name xml:lang="en">RADSYS-RMS</name>      <documentation/>    </element>    <element xsi:type="BusinessRole" identifier="__vOVEGSNEDm8Rr5dx2FKJA">      <name xml:lang="en">Программист</name>      <documentation/>    </element>    <element xsi:type="BusinessRole" identifier="_JpbCcGSQEDm8Rr5dx2FKJA">      <name xml:lang="en">Программист</name>      <documentation/>    </element>    <element xsi:type="BusinessRole" identifier="_azBAoGSQEDm8Rr5dx2FKJA">      <name xml:lang="en">Тестировщик</name>      <documentation/>    </element>    <element xsi:type="BusinessRole" identifier="_eBgV4GSQEDm8Rr5dx2FKJA">      <name xml:lang="en">Программист</name>      <documentation/>    </element>    <element xsi:type="BusinessRole" identifier="_y95swGSPEDm8Rr5dx2FKJA">      <name xml:lang="en">Инженер конфигурации</name>      <documentation/>    </element>    <element xsi:type="BusinessRole" identifier="_PqKc4GSQEDm8Rr5dx2FKJA">      <name xml:lang="en">Архитектор</name>      <documentation/>    </element>    <element xsi:type="BusinessRole" identifier="_VtG58GSUEDm8Rr5dx2FKJA">      <name xml:lang="en">Инженер по требованиям</name>      <documentation/>    </element>    <element xsi:type="Grouping" identifier="_ju1HsLRdEDiPbanE8nGR-A">      <name xml:lang="en">Системное ПО RADSYS-PDS</name>      <documentation/>    </element>    <element xsi:type="BusinessActor" identifier="_zr5y8LReEDiPbanE8nGR-A">      <name xml:lang="en">Системный менеджер (Крячко М.)</name>      <documentation/>    </element>    <element xsi:type="BusinessRole" identifier="_N7yPgGSQEDm8Rr5dx2FKJA">      <name xml:lang="en">Инженер конфигурации</name>      <documentation/>    </element>    <element xsi:type="BusinessRole" identifier="_r61dMGSQEDm8Rr5dx2FKJA">      <name xml:lang="en">Тестировщик</name>      <documentation/>    </element>    <element xsi:type="BusinessRole" identifier="_uYvDAGSQEDm8Rr5dx2FKJA">      <name xml:lang="en">Программист</name>      <documentation/>    </element>    <element xsi:type="BusinessRole" identifier="_vU6-cGSQEDm8Rr5dx2FKJA">      <name xml:lang="en">Программист</name>      <documentation/>    </element>    <element xsi:type="BusinessRole" identifier="_2nWDMGSQEDm8Rr5dx2FKJA">      <name xml:lang="en">Системный инженер</name>      <documentation/>    </element>    <element xsi:type="BusinessRole" identifier="_4qAegGSQEDm8Rr5dx2FKJA">      <name xml:lang="en">Аналитик</name>      <documentation/>    </element>    <element xsi:type="BusinessRole" identifier="_5s5e4GSQEDm8Rr5dx2FKJA">      <name xml:lang="en">Инженер по требованиям</name>      <documentation/>    </element>    <element xsi:type="BusinessActor" identifier="_8HuikGSQEDm8Rr5dx2FKJA">      <name xml:lang="en">Программист (Седых А.)</name>      <documentation/>    </element>    <element xsi:type="BusinessRole" identifier="_nVhpgGSREDm8Rr5dx2FKJA">      <name xml:lang="en">Архитектор</name>      <documentation/>    </element>    <element xsi:type="BusinessRole" identifier="_bdJl8GSUEDm8Rr5dx2FKJA">      <name xml:lang="en">Инженер по требованиям</name>      <documentation/>    </element>    <element xsi:type="Grouping" identifier="_nesCAGSQEDm8Rr5dx2FKJA">      <name xml:lang="en">Общие ресурсы</name>      <documentation/>    </element>    <element xsi:type="BusinessActor" identifier="_h7YNFrRdEDiPbanE8nGR-A">      <name xml:lang="en">Программист БД</name>      <documentation/>    </element>    <element xsi:type="BusinessActor" identifier="_TB8eMLReEDiPbanE8nGR-A">      <name xml:lang="en">Технический писатель</name>      <documentation/>    </element>    <element xsi:type="BusinessRole" identifier="_bgmJQGSZEDm8Rr5dx2FKJA">      <name xml:lang="en">Инженер инфраструктуры разработки</name>      <documentation/>    </element>  </elements>  <relationships>    <relationship xsi:type="Association" identifier="_OhX6wGSOEDm8Rr5dx2FKJA" source="_UN17gLRcEDiPbanE8nGR-A" target="_t-_v8LRdEDiPbanE8nGR-A">      <name xml:lang="en"/>      <documentation/>    </relationship>    <relationship xsi:type="Association" identifier="_frSzoGSPEDm8Rr5dx2FKJA" source="_UN17gLRcEDiPbanE8nGR-A" target="_D90-wLReEDiPbanE8nGR-A">      <name xml:lang="en"/>      <documentation/>    </relationship>    <relationship xsi:type="Association" identifier="_iSFPsGSPEDm8Rr5dx2FKJA" source="_UN17gLRcEDiPbanE8nGR-A" target="_DiyBgLReEDiPbanE8nGR-A">      <name xml:lang="en"/>      <documentation/>    </relationship>    <relationship xsi:type="Association" identifier="_kJrqgGSPEDm8Rr5dx2FKJA" source="_UN17gLRcEDiPbanE8nGR-A" target="_Ea3gELReEDiPbanE8nGR-A">      <name xml:lang="en"/>      <documentation/>    </relationship>    <relationship xsi:type="Association" identifier="_yRIYQGSNEDm8Rr5dx2FKJA" source="_h7YNELRdEDiPbanE8nGR-A" target="_qy1asGSNEDm8Rr5dx2FKJA">      <name xml:lang="en"/>      <documentation/>    </relationship>    <relationship xsi:type="Association" identifier="_JPueIGSSEDm8Rr5dx2FKJA" source="_zr5y8LReEDiPbanE8nGR-A" target="_2nWDMGSQEDm8Rr5dx2FKJA">      <name xml:lang="en"/>      <documentation/>    </relationship>    <relationship xsi:type="Association" identifier="_LmuAIGSREDm8Rr5dx2FKJA" source="_OcaIYLRcEDiPbanE8nGR-A" target="_SeA8oLRcEDiPbanE8nGR-A">      <name xml:lang="en"/>      <documentation/>    </relationship>  </relationships>  <views>    <diagrams>      <view identifier="_JxXMU9IuEeqgY5yD8SByCQ">        <name xml:lang="en">archimate-diagram</name>        <node xsi:type="Element" identifier="_wy9h0LRcEDiPbanE8nGR-A" h="434" w="820" x="275" y="14" elementRef="_wyxUkLRcEDiPbanE8nGR-A">          <node xsi:type="Element" identifier="_Oc868LRcEDiPbanE8nGR-A" h="70" w="190" x="587" y="48" elementRef="_OcaIYLRcEDiPbanE8nGR-A"/>          <node xsi:type="Element" identifier="_SeA8orRcEDiPbanE8nGR-A" h="112" w="269" x="547" y="128" elementRef="_SeA8oLRcEDiPbanE8nGR-A">            <node xsi:type="Element" identifier="_j6bYcGSNEDm8Rr5dx2FKJA" h="50" w="119" x="687" y="156" elementRef="_j6SOgGSNEDm8Rr5dx2FKJA"/>            <node xsi:type="Element" identifier="_g2XtYGSUEDm8Rr5dx2FKJA" h="50" w="110" x="563" y="156" elementRef="_g2UqEGSUEDm8Rr5dx2FKJA"/>          </node>          <node xsi:type="Element" identifier="_NrPO4GSMEDm8Rr5dx2FKJA" h="100" w="490" x="437" y="250" elementRef="_NrFd4GSMEDm8Rr5dx2FKJA">            <node xsi:type="Element" identifier="_SFbiQGSMEDm8Rr5dx2FKJA" h="60" w="130" x="697" y="280" elementRef="_SFZGAGSMEDm8Rr5dx2FKJA"/>            <node xsi:type="Element" identifier="_UAb2YGSMEDm8Rr5dx2FKJA" h="60" w="130" x="539" y="280" elementRef="_UAYzEGSMEDm8Rr5dx2FKJA"/>          </node>          <node xsi:type="Label" identifier="_lYFesGSMEDm8Rr5dx2FKJA" h="60" w="130" x="948" y="53">            <label xml:lang="en">АСРК и подсистемы: АСРТК, АСРКП, АСРКЗ, АСИДК, ПТК ВУ</label>          </node>          <node xsi:type="Element" identifier="_DBVbgGSNEDm8Rr5dx2FKJA" h="60" w="130" x="336" y="367" elementRef="_DBOGwGSNEDm8Rr5dx2FKJA"/>          <node xsi:type="Element" identifier="_EsiZEGSNEDm8Rr5dx2FKJA" h="60" w="130" x="495" y="367" elementRef="_EsfVwGSNEDm8Rr5dx2FKJA"/>          <node xsi:type="Element" identifier="_IE6DEGSNEDm8Rr5dx2FKJA" h="60" w="130" x="654" y="367" elementRef="_IE3m0GSNEDm8Rr5dx2FKJA"/>          <node xsi:type="Element" identifier="_KjHK4GSNEDm8Rr5dx2FKJA" h="60" w="130" x="811" y="367" elementRef="_KjEuoGSNEDm8Rr5dx2FKJA"/>        </node>        <node xsi:type="Element" identifier="_h7YNGrRdEDiPbanE8nGR-A" h="791" w="481" x="40" y="489" elementRef="_h7XmALRdEDiPbanE8nGR-A">          <node xsi:type="Element" identifier="_WUu6ELRdEDiPbanE8nGR-A" h="370" w="200" x="300" y="900" elementRef="_WUis0LRdEDiPbanE8nGR-A">            <node xsi:type="Element" identifier="_h7Y0IbRdEDiPbanE8nGR-A" h="60" w="130" x="334" y="941" elementRef="_h7YNFLRdEDiPbanE8nGR-A"/>            <node xsi:type="Element" identifier="_fz7VwGSQEDm8Rr5dx2FKJA" h="60" w="130" x="334" y="1019" elementRef="_fz45gGSQEDm8Rr5dx2FKJA"/>            <node xsi:type="Element" identifier="_hQVpYGSQEDm8Rr5dx2FKJA" h="60" w="130" x="336" y="1099" elementRef="_hQTNIGSQEDm8Rr5dx2FKJA"/>            <node xsi:type="Element" identifier="_imYPQGSQEDm8Rr5dx2FKJA" h="60" w="130" x="336" y="1184" elementRef="_imWaEGSQEDm8Rr5dx2FKJA"/>          </node>          <node xsi:type="Element" identifier="_h7YNG7RdEDiPbanE8nGR-A" h="171" w="261" x="100" y="531" elementRef="_h7YNELRdEDiPbanE8nGR-A">            <node xsi:type="Element" identifier="_y99XIGSPEDm8Rr5dx2FKJA" h="30" w="140" x="147" y="568" elementRef="_y95swGSPEDm8Rr5dx2FKJA"/>            <node xsi:type="Element" identifier="_PqNgMGSQEDm8Rr5dx2FKJA" h="30" w="141" x="147" y="616" elementRef="_PqKc4GSQEDm8Rr5dx2FKJA"/>            <node xsi:type="Element" identifier="_VtLycGSUEDm8Rr5dx2FKJA" h="30" w="140" x="147" y="662" elementRef="_VtG58GSUEDm8Rr5dx2FKJA"/>          </node>          <node xsi:type="Element" identifier="_qy4eAGSNEDm8Rr5dx2FKJA" h="160" w="270" x="96" y="715" elementRef="_qy1asGSNEDm8Rr5dx2FKJA">            <node xsi:type="Element" identifier="_62CGoGSPEDm8Rr5dx2FKJA" h="50" w="130" x="161" y="811" elementRef="_61_qYGSPEDm8Rr5dx2FKJA"/>            <node xsi:type="Element" identifier="_7_54wGSPEDm8Rr5dx2FKJA" h="60" w="130" x="161" y="742" elementRef="_7_4DkGSPEDm8Rr5dx2FKJA"/>          </node>          <node xsi:type="Element" identifier="_3Erm0GSNEDm8Rr5dx2FKJA" h="366" w="190" x="90" y="900" elementRef="_3EgnsGSNEDm8Rr5dx2FKJA">            <node xsi:type="Element" identifier="__vR_cGSNEDm8Rr5dx2FKJA" h="60" w="130" x="120" y="941" elementRef="__vOVEGSNEDm8Rr5dx2FKJA"/>            <node xsi:type="Element" identifier="_Jpes0GSQEDm8Rr5dx2FKJA" h="60" w="130" x="120" y="1019" elementRef="_JpbCcGSQEDm8Rr5dx2FKJA"/>            <node xsi:type="Element" identifier="_azDc4GSQEDm8Rr5dx2FKJA" h="60" w="130" x="120" y="1184" elementRef="_azBAoGSQEDm8Rr5dx2FKJA"/>            <node xsi:type="Element" identifier="_eBiLEGSQEDm8Rr5dx2FKJA" h="60" w="130" x="120" y="1099" elementRef="_eBgV4GSQEDm8Rr5dx2FKJA"/>          </node>          <node xsi:type="Label" identifier="_Ea_OsGSQEDm8Rr5dx2FKJA" h="80" w="130" x="381" y="531">            <label xml:lang="en">Компоненты АСРК - программное обеспечение устройств НУ и RADSYS-RMS</label>          </node>        </node>        <node xsi:type="Element" identifier="_ju1ux7RdEDiPbanE8nGR-A" h="800" w="401" x="598" y="480" elementRef="_ju1HsLRdEDiPbanE8nGR-A">          <node xsi:type="Element" identifier="_zr_5kLReEDiPbanE8nGR-A" h="190" w="223" x="624" y="530" elementRef="_zr5y8LReEDiPbanE8nGR-A">            <node xsi:type="Element" identifier="_N71S0GSQEDm8Rr5dx2FKJA" h="30" w="160" x="657" y="589" elementRef="_N7yPgGSQEDm8Rr5dx2FKJA"/>            <node xsi:type="Element" identifier="_nVnJEGSREDm8Rr5dx2FKJA" h="30" w="160" x="657" y="632" elementRef="_nVhpgGSREDm8Rr5dx2FKJA"/>            <node xsi:type="Element" identifier="_bdMpQGSUEDm8Rr5dx2FKJA" h="30" w="160" x="657" y="679" elementRef="_bdJl8GSUEDm8Rr5dx2FKJA"/>          </node>          <node xsi:type="Element" identifier="_r635cGSQEDm8Rr5dx2FKJA" h="60" w="130" x="670" y="1199" elementRef="_r61dMGSQEDm8Rr5dx2FKJA"/>          <node xsi:type="Element" identifier="_uYw4MGSQEDm8Rr5dx2FKJA" h="60" w="130" x="670" y="1128" elementRef="_uYvDAGSQEDm8Rr5dx2FKJA"/>          <node xsi:type="Element" identifier="_vU8MkGSQEDm8Rr5dx2FKJA" h="60" w="130" x="670" y="1050" elementRef="_vU6-cGSQEDm8Rr5dx2FKJA"/>          <node xsi:type="Element" identifier="_2nYfcGSQEDm8Rr5dx2FKJA" h="181" w="220" x="625" y="756" elementRef="_2nWDMGSQEDm8Rr5dx2FKJA">            <node xsi:type="Element" identifier="_4qBsoGSQEDm8Rr5dx2FKJA" h="60" w="130" x="670" y="790" elementRef="_4qAegGSQEDm8Rr5dx2FKJA"/>            <node xsi:type="Element" identifier="_5s77IGSQEDm8Rr5dx2FKJA" h="60" w="130" x="670" y="866" elementRef="_5s5e4GSQEDm8Rr5dx2FKJA"/>          </node>          <node xsi:type="Element" identifier="_8HvwsGSQEDm8Rr5dx2FKJA" h="60" w="130" x="670" y="972" elementRef="_8HuikGSQEDm8Rr5dx2FKJA"/>          <node xsi:type="Label" identifier="_HmvjkGSREDm8Rr5dx2FKJA" h="70" w="130" x="859" y="530">            <label xml:lang="en">Компоненты АСРК - программное обеспечение RADSYS-RMS</label>          </node>        </node>        <node xsi:type="Element" identifier="_qb5coLRdEDiPbanE8nGR-A" h="960" w="930" x="1066" y="480" elementRef="_qbnv0LRdEDiPbanE8nGR-A">          <node xsi:type="Element" identifier="_UN2ikLRcEDiPbanE8nGR-A" h="60" w="270" x="1376" y="523" elementRef="_UN17gLRcEDiPbanE8nGR-A"/>          <node xsi:type="Element" identifier="_t_DaULRdEDiPbanE8nGR-A" h="530" w="210" x="1096" y="620" elementRef="_t-_v8LRdEDiPbanE8nGR-A">            <node xsi:type="Element" identifier="_wrt04LRdEDiPbanE8nGR-A" h="248" w="176" x="1114" y="662" elementRef="_wrqxkLRdEDiPbanE8nGR-A">              <node xsi:type="Element" identifier="_BMgLYGSOEDm8Rr5dx2FKJA" h="50" w="120" x="1139" y="770" elementRef="_BMdvIGSOEDm8Rr5dx2FKJA"/>              <node xsi:type="Element" identifier="_CezgwGSOEDm8Rr5dx2FKJA" h="50" w="120" x="1139" y="700" elementRef="_CexEgGSOEDm8Rr5dx2FKJA"/>              <node xsi:type="Element" identifier="_y_O3kGSREDm8Rr5dx2FKJA" h="40" w="120" x="1140" y="836" elementRef="_y_L0QGSREDm8Rr5dx2FKJA"/>            </node>            <node xsi:type="Element" identifier="_STfhgGSOEDm8Rr5dx2FKJA" h="30" w="170" x="1116" y="935" elementRef="_STbQEGSOEDm8Rr5dx2FKJA"/>            <node xsi:type="Element" identifier="_Wod9sGSOEDm8Rr5dx2FKJA" h="30" w="170" x="1116" y="987" elementRef="_WobhcGSOEDm8Rr5dx2FKJA"/>            <node xsi:type="Element" identifier="_ZILhYGSOEDm8Rr5dx2FKJA" h="30" w="170" x="1116" y="1034" elementRef="_ZIJFIGSOEDm8Rr5dx2FKJA"/>            <node xsi:type="Element" identifier="_b7NpsGSOEDm8Rr5dx2FKJA" h="30" w="170" x="1116" y="1079" elementRef="_b7LNcGSOEDm8Rr5dx2FKJA"/>          </node>          <node xsi:type="Element" identifier="_DizPorReEDiPbanE8nGR-A" h="530" w="190" x="1319" y="620" elementRef="_DiyBgLReEDiPbanE8nGR-A">            <node xsi:type="Element" identifier="_DizPo7ReEDiPbanE8nGR-A" h="263" w="164" x="1329" y="662" elementRef="_DiyokbReEDiPbanE8nGR-A">              <node xsi:type="Element" identifier="_oEPRAGSOEDm8Rr5dx2FKJA" h="60" w="130" x="1346" y="700" elementRef="_oEMNsGSOEDm8Rr5dx2FKJA"/>              <node xsi:type="Element" identifier="_ppWNoGSOEDm8Rr5dx2FKJA" h="60" w="130" x="1346" y="770" elementRef="_ppUYcGSOEDm8Rr5dx2FKJA"/>              <node xsi:type="Element" identifier="_5dVjcGSREDm8Rr5dx2FKJA" h="60" w="130" x="1346" y="855" elementRef="_5dSgIGSREDm8Rr5dx2FKJA"/>            </node>            <node xsi:type="Element" identifier="_tcNbQGSOEDm8Rr5dx2FKJA" h="60" w="160" x="1331" y="1064" elementRef="_tcMNIGSOEDm8Rr5dx2FKJA"/>            <node xsi:type="Element" identifier="_WVfEYGSbEDm8Rr5dx2FKJA" h="60" w="160" x="1331" y="987" elementRef="_WVay8GSbEDm8Rr5dx2FKJA"/>          </node>          <node xsi:type="Element" identifier="_D91l0rReEDiPbanE8nGR-A" h="530" w="200" x="1523" y="620" elementRef="_D90-wLReEDiPbanE8nGR-A">            <node xsi:type="Element" identifier="_D91l07ReEDiPbanE8nGR-A" h="263" w="165" x="1543" y="662" elementRef="_D90-wrReEDiPbanE8nGR-A">              <node xsi:type="Element" identifier="_I7VC0GSPEDm8Rr5dx2FKJA" h="60" w="130" x="1561" y="700" elementRef="_I7SmkGSPEDm8Rr5dx2FKJA"/>              <node xsi:type="Element" identifier="_KqeFMGSPEDm8Rr5dx2FKJA" h="60" w="130" x="1561" y="770" elementRef="_Kqbo8GSPEDm8Rr5dx2FKJA"/>              <node xsi:type="Element" identifier="_8JaIIGSREDm8Rr5dx2FKJA" h="60" w="130" x="1561" y="855" elementRef="_8JY6AGSREDm8Rr5dx2FKJA"/>            </node>            <node xsi:type="Element" identifier="_NGT1gGSPEDm8Rr5dx2FKJA" h="60" w="160" x="1543" y="987" elementRef="_NGRZQGSPEDm8Rr5dx2FKJA"/>            <node xsi:type="Element" identifier="_PwwCgGSPEDm8Rr5dx2FKJA" h="60" w="160" x="1543" y="1064" elementRef="_PwuNUGSPEDm8Rr5dx2FKJA"/>          </node>          <node xsi:type="Element" identifier="_Ea3gGrReEDiPbanE8nGR-A" h="530" w="230" x="1749" y="620" elementRef="_Ea3gELReEDiPbanE8nGR-A">            <node xsi:type="Element" identifier="_Ea3gG7ReEDiPbanE8nGR-A" h="268" w="190" x="1769" y="662" elementRef="_Ea3gErReEDiPbanE8nGR-A">              <node xsi:type="Element" identifier="_UoTAQGSPEDm8Rr5dx2FKJA" h="60" w="130" x="1799" y="700" elementRef="_UoRLEGSPEDm8Rr5dx2FKJA"/>              <node xsi:type="Element" identifier="_WZBXAGSPEDm8Rr5dx2FKJA" h="60" w="130" x="1799" y="770" elementRef="_WY-6wGSPEDm8Rr5dx2FKJA"/>              <node xsi:type="Element" identifier="_-Pg5AGSREDm8Rr5dx2FKJA" h="60" w="130" x="1799" y="855" elementRef="_-PecwGSREDm8Rr5dx2FKJA"/>            </node>            <node xsi:type="Element" identifier="_ZFEtkGSPEDm8Rr5dx2FKJA" h="60" w="190" x="1769" y="987" elementRef="_ZFCRUGSPEDm8Rr5dx2FKJA"/>            <node xsi:type="Element" identifier="_bV9LEGSPEDm8Rr5dx2FKJA" h="60" w="190" x="1769" y="1064" elementRef="_bV7V4GSPEDm8Rr5dx2FKJA"/>          </node>          <node xsi:type="Label" identifier="_XOUSMGSNEDm8Rr5dx2FKJA" h="60" w="130" x="1846" y="523">            <label xml:lang="en">Компоненты АСРК - оборудование</label>          </node>          <node xsi:type="Element" identifier="_1zM7YGSOEDm8Rr5dx2FKJA" h="180" w="890" x="1096" y="1199" elementRef="_1zJRAGSOEDm8Rr5dx2FKJA">            <node xsi:type="Element" identifier="_x5mzoGSOEDm8Rr5dx2FKJA" h="60" w="130" x="1280" y="1259" elementRef="_x5kXYGSOEDm8Rr5dx2FKJA"/>            <node xsi:type="Element" identifier="_0aqbIGSOEDm8Rr5dx2FKJA" h="60" w="130" x="1127" y="1259" elementRef="_0an-4GSOEDm8Rr5dx2FKJA"/>            <node xsi:type="Element" identifier="_6nRHUGSOEDm8Rr5dx2FKJA" h="60" w="130" x="1431" y="1259" elementRef="_6nOrEGSOEDm8Rr5dx2FKJA"/>            <node xsi:type="Element" identifier="_EYQgQGSPEDm8Rr5dx2FKJA" h="60" w="130" x="1583" y="1259" elementRef="_EYPSIGSPEDm8Rr5dx2FKJA"/>            <node xsi:type="Element" identifier="_gtD8MGSbEDm8Rr5dx2FKJA" h="60" w="130" x="1735" y="1259" elementRef="_gtBf8GSbEDm8Rr5dx2FKJA"/>          </node>        </node>        <node xsi:type="Element" identifier="_nexhkGSQEDm8Rr5dx2FKJA" h="130" w="957" x="40" y="1314" elementRef="_nesCAGSQEDm8Rr5dx2FKJA">          <node xsi:type="Element" identifier="_h7Y0IrRdEDiPbanE8nGR-A" h="60" w="120" x="130" y="1352" elementRef="_h7YNFrRdEDiPbanE8nGR-A"/>          <node xsi:type="Element" identifier="_TCBWsLReEDiPbanE8nGR-A" h="60" w="120" x="275" y="1352" elementRef="_TB8eMLReEDiPbanE8nGR-A"/>        </node>        <node xsi:type="Element" identifier="_bgteAGSZEDm8Rr5dx2FKJA" h="60" w="130" x="87" y="14" elementRef="_bgmJQGSZEDm8Rr5dx2FKJA"/>        <connection xsi:type="Relationship" identifier="_yRLbkGSNEDm8Rr5dx2FKJA" source="_h7YNG7RdEDiPbanE8nGR-A" target="_qy4eAGSNEDm8Rr5dx2FKJA" relationshipRef="_yRIYQGSNEDm8Rr5dx2FKJA"/>        <connection xsi:type="Relationship" identifier="_OhczQGSOEDm8Rr5dx2FKJA" source="_UN2ikLRcEDiPbanE8nGR-A" target="_t_DaULRdEDiPbanE8nGR-A" relationshipRef="_OhX6wGSOEDm8Rr5dx2FKJA">          <bendpoint x="1402" y="597"/>          <bendpoint x="1201" y="596"/>        </connection>        <connection xsi:type="Relationship" identifier="_frWeAGSPEDm8Rr5dx2FKJA" source="_UN2ikLRcEDiPbanE8nGR-A" target="_D91l0rReEDiPbanE8nGR-A" relationshipRef="_frSzoGSPEDm8Rr5dx2FKJA">          <bendpoint x="1584" y="602"/>          <bendpoint x="1584" y="601"/>        </connection>        <connection xsi:type="Relationship" identifier="_iSHE4GSPEDm8Rr5dx2FKJA" source="_UN2ikLRcEDiPbanE8nGR-A" target="_DizPorReEDiPbanE8nGR-A" relationshipRef="_iSFPsGSPEDm8Rr5dx2FKJA">          <bendpoint x="1442" y="602"/>          <bendpoint x="1442" y="601"/>        </connection>        <connection xsi:type="Relationship" identifier="_kJuGwGSPEDm8Rr5dx2FKJA" source="_UN2ikLRcEDiPbanE8nGR-A" target="_Ea3gGrReEDiPbanE8nGR-A" relationshipRef="_kJrqgGSPEDm8Rr5dx2FKJA">          <bendpoint x="1087" y="594"/>          <bendpoint x="1864" y="593"/>        </connection>        <connection xsi:type="Relationship" identifier="_Lm178GSREDm8Rr5dx2FKJA" source="_Oc868LRcEDiPbanE8nGR-A" target="_SeA8orRcEDiPbanE8nGR-A" relationshipRef="_LmuAIGSREDm8Rr5dx2FKJA"/>        <connection xsi:type="Relationship" identifier="_JPw6YGSSEDm8Rr5dx2FKJA" source="_zr_5kLReEDiPbanE8nGR-A" target="_2nYfcGSQEDm8Rr5dx2FKJA" relationshipRef="_JPueIGSSEDm8Rr5dx2FKJA"/>      </view>    </diagrams>  </views></model>
