"ID","Type","Name","Documentation","Specialization"
"88f977a5-f39f-4491-9eb8-0ca26da61a8d","ArchimateModel","RDM Infrastructure","",""
"bff85d95-0e92-408f-a023-117545bd53db","BusinessActor","Manager","",""
"f9457d0f-10ef-4ede-8d2e-bd204f1316e5","BusinessActor","Researcher","",""
"b7a8735c-0734-4404-a518-3f0207f513ab","BusinessObject","DM Cost","",""
"22ca61dc-1f65-4219-bab5-1b51458efe9d","BusinessObject","DM Policy","",""
"9f01df00-bd11-4e6f-b4a0-e4b5449c2742","BusinessObject","DMP","",""
"d62da3b0-2e84-42cb-8ef6-d17a39f4281f","BusinessObject","Funder DMP Policy","",""
"0d314727-1457-4db9-b42f-e067e70d1c94","BusinessObject","List of recommended Repositories","",""
"6c5c80c8-09c3-447c-bf5b-2400d026d406","BusinessProcess","Assign Members and Roles","",""
"cf22ac9c-439b-47d4-b621-f36bc3148784","BusinessProcess","Authenticate","",""
"3e802064-4857-47cb-9e03-c11171347f76","BusinessProcess","Configure Storage and estimate Cost","",""
"a6aa6022-1e63-41b4-a731-5aed97472ce1","BusinessProcess","Data Management Planning","",""
"3d727da2-c8d2-4131-aa5f-cbeaf7a348ba","BusinessProcess","Deposit Data","",""
"b3d5b9cc-41d1-40fe-b65d-1ceb6fc7e655","BusinessProcess","Get Administrative Data","",""
"e43d20bf-2a01-4951-8d34-802786eb8514","BusinessProcess","Get Help","",""
"0bc42189-88f8-4330-8085-4c99620bb3a3","BusinessProcess","Get License","",""
"bad1b541-034c-4197-9f2e-4c740b6a406b","BusinessProcess","Get Metadata Standard","",""
"42fe4c42-bc3e-49e3-adcc-9d60cd4755a5","BusinessProcess","Get Repository","",""
"95e08205-1d14-42d4-8c1d-fa9e21994386","BusinessProcess","Get Storage","",""
"f91e38d1-c277-4827-ae17-217682cbc96b","BusinessProcess","Preservation","",""
"85511af5-9f5a-40cb-8cc0-9a5b7b2116ae","BusinessProcess","Publishing","",""
"e080deb1-0406-4a7d-963b-069544b42323","BusinessProcess","Specify Size and Type","",""
"6f6c773d-ef05-4f2d-9fe3-e0c8f5d6a2e0","BusinessProcess","Start DMP","",""
"be51b9c8-80d2-4705-9260-2aa4bd441d52","BusinessRole","Funder","",""
"d8de45c6-6016-4529-ae99-05c1f17504dd","BusinessRole","ICT Operator","",""
"4f1f67a0-2854-450f-adb8-cf07282b53e5","BusinessRole","Library","",""
"a88fcabd-f0c0-43bf-b8d2-1fbb1b57eca2","BusinessRole","Management","",""
"2afd24f9-5928-45b6-a362-d755368e752b","BusinessRole","Research Support","",""
"6f21d387-5b45-436e-9ab7-98a2c3576d12","BusinessRole","Researcher","Main researcher, creates/initiates the research and also the Data Management Planning",""
"0abc07cf-b426-4683-99c6-a637e48673f4","BusinessService","Authentication service","",""
"4f957bd4-855e-4966-8989-4b5c43ca4632","BusinessService","Data Management Planning service","",""
"93ef52e2-8cc7-42fe-af1c-808996a2edbe","BusinessService","DM Cost Estimation service","",""
"fac0c2e3-1f33-4204-b3da-e2976f266323","BusinessService","DMP Support service","",""
"9676a976-1e9f-4046-8cf9-ee9731a9e04d","BusinessService","Issue DOI service","",""
"c3bdbfe5-299e-443b-af8c-9fd561da3aca","BusinessService","Open Access Publishing service","",""
"c0948260-91bc-418d-86e7-1965471e5187","BusinessService","Preserve Data service","",""
"2bfc3f93-8c05-496f-814e-5f62e5a63935","BusinessService","Publish Research Data service","",""
"15b32157-bbf8-4b71-af91-c3e06260063d","BusinessService","Reference Datasets service","",""
"874780cb-a98f-4120-970d-9caf5ec45602","BusinessService","Storage Demand Overview service","",""
"c239b1f2-db63-4c6d-84af-32fbaaea600b","BusinessService","Storage Provision service","",""
"d3263d5e-bd9e-425f-9910-960c9d72b5f4","ApplicationCollaboration","Application Collaboration","",""
"a895044b-ef88-4e29-9cf6-cc29a85a0dee","ApplicationComponent","Administrative Data Collector","",""
"8cd985f0-827d-4968-ba06-e1b6c2610344","ApplicationComponent","CRIS","",""
"19bc83a7-ad79-4449-87dd-2c7ae128de83","ApplicationComponent","DMP App","",""
"42a50a06-4774-46ad-8a2e-329d312fb44b","ApplicationComponent","DMP Store","",""
"d15be473-6ed6-4ed6-9049-d8d17694722f","ApplicationComponent","DOI Registration Desk","",""
"a7a5ff8b-89f4-4091-a6c7-b22caeead0f5","ApplicationComponent","File Characterizer","",""
"c449a0e0-864b-4697-bdcc-32e913fde1f0","ApplicationComponent","Help Desk","",""
"631f57d6-1155-4e51-acf2-cc95f5e8a7e2","ApplicationComponent","ICT Dashboard","",""
"516347dc-5735-4f2f-8ab6-2f879f8062f2","ApplicationComponent","ICT Dashboard (copy)","",""
"6cce350c-4678-4e02-85bd-f83bf090e2a6","ApplicationComponent","Institutional Repository","",""
"88aaa0e9-343f-4f8c-96d9-77b3332700ca","ApplicationComponent","Metadata Importer","",""
"15b4d8ef-2e20-42de-b0d7-bd8e974e356d","ApplicationComponent","Metadata Standard Discovery","",""
"72f46d1e-21cc-40ee-bf37-36802d330384","ApplicationComponent","Notifier","",""
"9e8e5c96-d758-4d91-97cb-e8a77841ce32","ApplicationComponent","ORCID","",""
"1a358222-0118-4a45-9080-2f738717024e","ApplicationComponent","Repository Ingestor","",""
"e3433727-e5d5-493d-8018-e0a4549a1309","ApplicationComponent","Repository Recommender","",""
"52e84aa3-61a4-4251-8836-21cd5f3a9f8a","ApplicationComponent","Service Broker","",""
"e1eab4e8-325a-4f6d-9d30-980ed0e81e38","ApplicationComponent","Service Broker (copy)","",""
"20fe5137-dd1f-44d9-bae9-c574ea8172f9","ApplicationComponent","Service Catalog Controller","",""
"8f76dbd2-80b7-4b22-8cb6-e5ebc04c3382","ApplicationFunction","Access","",""
"20345403-39d2-4e21-834d-632d6a0396c3","ApplicationFunction","Administration","",""
"c7b5c043-16f9-40b1-97f8-1957b1dc4ae2","ApplicationFunction","Archival Storage","",""
"22e6b4b2-f34e-46db-a2cd-912b0485ca25","ApplicationFunction","Bind Instance","",""
"7b98b5af-bf31-4a5e-89cf-58fe9cf51460","ApplicationFunction","Bind Instance (copy)","",""
"75b863ca-50a9-492b-97a4-de6923cb325b","ApplicationFunction","Create Service Instance","",""
"54e8939c-5d48-402b-8e62-031510a8b0a2","ApplicationFunction","Create Service Instance (copy)","",""
"fabac555-1aeb-471b-99a8-126bb6e75f29","ApplicationFunction","Data Citation","",""
"225d3233-56d6-4aa3-a6dd-b46be9ef1752","ApplicationFunction","Data Management","",""
"c6f728d9-9b54-4ab0-9cae-bd9542f771d5","ApplicationFunction","Get Service Catalog","",""
"dec9bc44-9b27-4e20-8444-77931b387e0d","ApplicationFunction","Get Service Catalog (copy)","",""
"7fec709e-e751-438d-bc0c-d18588ea3a03","ApplicationFunction","Ingest","",""
"6e2ec613-e3b7-455c-a9fd-fc8749b53cab","ApplicationFunction","Preservation Planning","",""
"43f42019-7fc0-4b67-8a84-c4d76da2bbb2","ApplicationFunction","Register Broker","",""
"da28b14f-4f83-4c74-8d79-19d7fe09ce6b","ApplicationInteraction","Service Provider Negotiation","",""
"9ddd3913-0a9c-43ce-8e65-38a800a25880","ApplicationInterface","CRIS API","",""
"dddf24e6-55ec-4a5c-a6e5-7aaf6afc6ee4","ApplicationInterface","DMP Store API","",""
"6c91b396-a47e-458e-822a-c8ff149e571c","ApplicationInterface","ORCID API","",""
"7c83e5f7-637a-4e87-9f0c-0a51a6e4dd8e","ApplicationInterface","Repository API","",""
"b5777d5e-7cc2-494e-896e-06c7649392df","ApplicationInterface","REST Interface","",""
"5a0dfff0-6e7e-4ddb-b704-b29361a3a363","ApplicationInterface","Service Broker API","",""
"d286836a-6b5a-47dd-9754-b38a47a37a7b","ApplicationInterface","Service Broker API (copy)","",""
"9528e75e-777f-4708-9a79-1aa4fe8f317c","ApplicationService","Administrative Data service","",""
"28a932d9-0035-46b4-b4e6-c8a510f3d1fa","ApplicationService","Deposition Service","",""
"0bf76a43-ec6e-490b-a2a7-868b86f46962","ApplicationService","DMP App service (GUI)","",""
"cbd72fa4-19e3-4d1d-a98f-467fc677c636","ApplicationService","File Characterization service","",""
"ce379b67-1691-4986-90b9-fb9127961aef","ApplicationService","Find Repository service","",""
"4115fa6f-bbd3-4b54-a7bf-a635c7eaf15d","ApplicationService","Help Desk service (GUI)","",""
"2538a261-af3f-4588-85a4-57a4f4e7741a","ApplicationService","ICT Dashboard service (GUI)","",""
"90e4af26-15e1-42ac-94f0-859df96fe6ae","ApplicationService","ICT Service #1","",""
"f573438d-479c-4c31-8f21-abbe85474a6b","ApplicationService","ICT Service #2","",""
"231e1e4d-7f5a-49dc-85e6-28b22acc7d1f","ApplicationService","ICT Service ...","",""
"587ab668-c08d-4f73-87ee-17fb374ebd35","ApplicationService","Issue DOI service","",""
"17697f0b-61ac-4545-839b-e34a5decaa04","ApplicationService","Metadata Import service","",""
"82874b2b-e5b9-40be-b356-fbd9080a87c9","ApplicationService","Metadata Standard Finding service","",""
"fc446f5f-369b-469c-b337-986dd1efce79","ApplicationService","Notification service","",""
"c7b619fc-3b02-4d75-864c-8f75b8345877","ApplicationService","Open Access Publishing service","",""
"441a8b30-1df4-4cc7-b82b-a9a880eb1a8c","ApplicationService","Preserve Data service","",""
"e9b7b7ed-15ba-4060-9fde-4c2f1045fbe5","ApplicationService","Service Broker","",""
"983afa7e-fd49-4dde-9204-eef05dd9144d","ApplicationService","Service Configuration and Cost service","",""
"d112d5ed-8eea-4e45-b3e0-13b9c0a4aa8e","ApplicationService","Service Provisioning service","",""
"dcdeed31-3407-4214-a2af-73bb27f2064a","ApplicationService","Sign-In service","",""
"85acd3e8-f360-45c9-ac87-134dba82629a","ApplicationService","Sign-In service","",""
"d4c422c5-7c86-4b01-ab17-77486b9f6c50","ApplicationService","Single Sign-On service","",""
"5a172ada-1adf-4018-ab5c-b0fa08bd4a72","ApplicationService","Single Sign-On service (copy)","",""
"c6d7a6c8-b6c4-4027-9d28-5cc8a7cc15f2","ApplicationService","TUfiles (copy)","",""
"8878425a-1103-4ded-96c6-83defe60a497","ApplicationService","TUhost (copy)","",""
"9185e356-5566-4d11-9df9-d54446aef11b","ApplicationService","TUproCloud (copy)","",""
"ae0cc04f-63ac-4929-b00a-cdeeaba955aa","DataObject","Common Standard DMP","",""
"28178f46-2ed4-42da-98d0-8b4dc9b6fbe8","DataObject","List of recommended Metadata Standards","",""
"a85fb4b0-850a-4ea6-89bc-3f4ba01728c3","DataObject","List of recommended Repositories","",""
"fcfbb888-1ae9-47cd-b835-ae3c5d6f0907","DataObject","Service Demand","",""
"0f0efcfd-4b08-4210-a28d-dba00bc3cf2b","CommunicationNetwork","Communication Network","",""
"feb2c7b5-c6dc-42a9-b8d5-2b858499766a","CommunicationNetwork","Network","",""
"a784dbef-d572-4bcc-a3ba-174b292b1a10","Node","","",""
"032210c3-957f-48a0-8b33-61d0c52b878b","Node","Broker Node","",""
"2f1902ba-ef83-4ff3-b7a3-66bd251a8a17","Node","Node","",""
"03c1765d-33b6-44ca-afe9-73a732e352ce","Node","Node","",""
"fce37642-7dd3-40d8-b301-45b7696daf40","Node","Node","",""
"bcad6cc0-7786-423b-bd39-51e9c96d1940","Node","Node","",""
"c7dc0058-1cd6-423c-a8d4-d30d8ee37be1","Node","Node","",""
"31435204-51f6-4144-b64b-04d8b9a2dc5b","Node","Node","",""
"bade55ce-cc41-4dec-9679-9150501bf288","Node","Node","",""
"3fce9831-4f9f-4605-817b-d8e23a78f9f8","Node","Node","",""
"0cad7471-16d1-49ce-bbd3-0e4e29557433","Node","Node","",""
"57e4299a-01db-42b4-aac7-2d41adc2365d","Node","Node","",""
"edb63e8a-3e85-4ba1-803a-6c530df279cb","Node","Node","",""
"7a157d8b-799d-4691-a734-6311e42ade7e","Node","Node","",""
"135fe58c-df67-4acd-a3ca-79658726dcc2","Node","Node","",""
"b6fc6aa7-b7b0-4c8d-99a9-774412ca56f5","Node","Node","",""
"858b6feb-2a96-4412-9990-b88d6a13829e","Node","Node","",""
"afe67120-1af6-43ab-becd-e40cad6e37b3","Node","Node","",""
"b62384ff-6b5e-49dd-9d15-140801db5d0f","Node","Node","",""
"3fa4a998-5e2f-4c9b-854c-8c4432c02304","Node","Node","",""
"e73df4b5-ab44-4ef6-bb25-2e1992bb5878","Node","Node","",""
"e12ce47f-a602-4ac4-a8de-5125a7af8432","Node","Node","",""
"332a81f4-59cc-4337-a661-700d48f7971d","Node","Node","",""
"553ef20f-336c-4729-addf-5c555df32637","Node","Node","",""
"56bf5eb0-92dc-4e39-bce9-589caca3fdcf","Node","Node","",""
"73cd4dfd-4bb2-4006-a6dd-e91fb17571e2","Node","Node","",""
"151e04e4-3bdb-4fbf-a472-159740d32fe6","Node","Stateless Node","",""
"2cdc6efe-088a-4310-8297-7a6058ab82d2","Path","AMQP","",""
"a695be44-0eaf-4b8d-9c93-2c83a5a890eb","Path","HTTP","",""
"9089574e-c8f4-4839-a6ab-dd7b59b2a09b","Path","HTTP or AMQP","",""
"6bb2ee5f-41ea-4dd4-b1c1-c8e0d7b6e67b","Path","Path","",""
"e782f9c4-a855-4a12-84ad-8dcfbc87811f","SystemSoftware","DBMS","",""
"02288bbc-6805-486f-add8-f4d2fe6ccfdf","SystemSoftware","DBMS","",""
"e855faa6-18df-4996-a090-a109cc2b9465","SystemSoftware","DBMS","",""
"4ba2ce72-1927-4650-a800-ea96baa00595","SystemSoftware","DBMS","",""
"3e03f95f-e944-42f6-ab71-94d1de84dd51","SystemSoftware","DBMS","",""
"8bb14ad7-e928-4a98-8240-569112428668","SystemSoftware","DBMS","",""
"24520eea-92da-426a-b350-4fe73302341b","SystemSoftware","DBMS","",""
"877153c9-7954-4990-b424-ce836cd36b81","SystemSoftware","DBMS","",""
"6b624285-e0cd-4f06-877f-7ae0fd6de024","SystemSoftware","DBMS","",""
"d1f87fde-7888-41d7-9197-ff77b7392ad5","SystemSoftware","DBMS","",""
"0f63ed94-23ba-407f-9e49-4073a33c7654","SystemSoftware","DBMS (copy)","",""
"f0940575-250f-4b33-aa93-3e759c09b6dd","SystemSoftware","DOI Software","",""
"50cf1510-bb13-490c-ad77-7746436a5e6d","SystemSoftware","Message Broker","",""
"8b4c0e91-8d5d-427a-b63c-fd970cdfc41d","SystemSoftware","Message Queue","",""
"9dd3acc4-a2f1-44e8-8298-d4f2f8492c57","SystemSoftware","Message-oriented Middleware","",""
"db74727e-6e96-4aff-9054-237d0c72a7b9","SystemSoftware","Repository Software","",""
"e4391903-6346-47db-8f23-41ed0b94adfa","SystemSoftware","SMPT Server","",""
"9268525d-6aed-47e9-bab8-2f41e712c4e4","SystemSoftware","System Software","",""
"880d66a9-17ac-40f5-9b4c-edfcabf3b5a7","SystemSoftware","System Software","",""
"6f41d3ed-1ee4-468d-8aa9-82c978a158df","SystemSoftware","System Software","",""
"4f4d5184-c0a8-49ce-b56a-3100c3a850e6","SystemSoftware","System Software","",""
"a4cc0e9c-30f7-4404-92a9-27795ab615c1","SystemSoftware","Web Application Server","",""
"da85d5ce-59f4-48ac-8aca-0881be656967","SystemSoftware","Web Application Server","",""
"bdbd6ef7-2c88-4a54-b199-b81c181d37b7","SystemSoftware","Web Application Server","",""
"716ac082-37fa-4fe6-b189-f6954c5a2e98","SystemSoftware","Web Application Server","",""
"8f143c64-3fe3-473e-b59a-edbadac60cd7","SystemSoftware","Web Application Server","",""
"3e9fb78e-9a84-4f90-a167-bc852a074b9d","SystemSoftware","Web Application Server","",""
"b3d67bf8-c9b3-47b0-8260-716bfcdbaf87","SystemSoftware","Web Application Server","",""
"60f7081e-1774-4fde-8099-cdadf4f71b3c","SystemSoftware","Web Application Server","",""
"d470fcb4-a9e2-4641-9f30-3ffd0e8cbbd4","SystemSoftware","Web Application Server","",""
"ba5782f7-c356-4c18-8494-c563d8462a0c","SystemSoftware","Web Application Server","",""
"db7b33cc-9875-40b9-9c1f-597a7cb84ca0","SystemSoftware","Web Application Server","",""
"5c40e042-3a7f-4cc6-bafd-2c049bf072cd","SystemSoftware","Web Application Server","",""
"1e76a20b-1815-4432-b798-9437081b4593","SystemSoftware","Web Application Server","",""
"9b176417-aa8a-4cb3-804f-d8f77c1bec7b","SystemSoftware","Web Application Server","",""
"70c6fe89-d118-4d91-8f6f-ec6108ab901f","SystemSoftware","Web Application Server","",""
"656e4cdf-bb97-4e3e-ba9a-9871bacc4439","SystemSoftware","Web Application Server","",""
"f2cd1970-c116-4d0b-be4d-761c442680aa","SystemSoftware","Web Application Server","",""
"09c4f362-989f-499a-ab45-3072bff774b4","SystemSoftware","Web Application Server","",""
"70931c9b-0718-46f6-a89a-8f0a7595b438","SystemSoftware","Web Application Server","",""
"379aba84-eca3-4655-b8ed-c42af25d2b9e","TechnologyInterface","Technology Interface","",""
"a175ec8f-fec9-4f33-8ae7-a05c33159d0f","TechnologyInterface","Technology Interface","",""
"870a4abb-9ccd-4b0e-b0af-a10b6daf1eb2","TechnologyProcess","Technology Process","",""
"4e7377bd-f8a3-4163-893f-6959435b8fab","TechnologyService","DOI service","",""
"ff7a2b84-a42d-4e4a-9025-2eb023de9c9d","TechnologyService","Integration service","",""
"d71d53d1-3a45-4fef-ae5e-ded4b9ffdcc2","TechnologyService","Messaging service","",""
"e46f25aa-61dc-471a-83de-07c5df389f9c","TechnologyService","Repository service","",""
"4a36c6ef-1961-4109-a323-7ead8836f853","TechnologyService","Technology Service","",""
"e9ed113e-1e6e-4420-bd32-8f2c6c8075a3","TechnologyService","Web Application service","",""
"98a2674b-f991-4e6d-8001-8f11ba9a6f68","TechnologyService","Web Application service","",""
"35488c86-22e2-462e-8d6d-b99b5fedaf05","TechnologyService","Web Application service","",""
"27867e54-3c3b-4c7f-84ec-439c59455971","TechnologyService","Web Application service","",""
"cf6ae60b-0c45-41cc-8f2f-19321c6966bd","TechnologyService","Web Application service","",""
"ac1729fc-990d-4533-8891-f662d4647dd2","TechnologyService","Web Application service","",""
"2763c22f-5033-4323-8617-1c6dafd83175","TechnologyService","Web Application service","",""
"28df2327-73ff-4552-a29f-7b1fbd69db9e","TechnologyService","Web Application service","",""
"eb0fa486-a19f-4b2a-9a37-78b1a678c933","TechnologyService","Web Application service","",""
"c2573aa5-f4a3-4be1-ac0c-3a9c10d7a685","TechnologyService","Web Application service","",""
"44c2ca6b-eafa-4481-aa0d-cc9e6919c349","TechnologyService","Web Application service","",""
"e2be7b89-4086-44f6-82ee-53574ce9f899","TechnologyService","Web Application service","",""
"24c0be31-a9d0-446b-8698-84d5f425a9d5","Assessment","Estimate Service Demand (O)","",""
"fdf5ec3e-8f00-4207-bd83-16c1ddbee960","Assessment","No DM cost estimation (W)","",""
"24cf03fe-f672-487b-9e2c-9d4041b41861","Assessment","No Support (W)","",""
"365d15c5-d1c7-41fb-864b-a47c4852f247","Assessment","Preserve and Curate Research Data (O)","",""
"4f62a09e-e539-40a2-987d-c07af84bc98a","Assessment","Provide Services to Researchers (O)","",""
"ba41bc7e-c4e6-40d6-a129-487dd2725187","Assessment","Responsibility unclear (W)","",""
"fd746cec-c3e8-4317-9d2d-089c6de911dc","Assessment","Semi-automatic compliance checking (O)","",""
"5fe5a36b-c303-47e9-b0a4-a4d5d4fcbec0","Assessment","Standard Quality of DMP (S)","",""
"0bc7d1e6-dd40-41d2-9734-8a7f6ed4c9f3","Constraint","Not all DMP themes can be covered","",""
"e2a5e7dd-25c3-4542-86be-82546fc841fd","Driver","Active Data Management","",""
"3af510cd-3f59-47d8-b858-959f2d219032","Driver","Data Management Planning","",""
"e4ae6c68-1536-453d-9c65-008a19740f71","Driver","Data Management Policy","",""
"438aff85-c238-4bf7-bd6d-58c2b1bf97ce","Driver","Data Management Policy","",""
"675b4fb7-6178-4cb1-8110-92279a68be7e","Driver","Long-term Preservation of Research Data","",""
"da574d5f-b30d-43e7-8221-38a86bf75620","Driver","Monitor Compliance","",""
"977afdc3-253c-4412-9d38-118f8bde6bcb","Driver","Support Researchers in Data Management","",""
"8de7144d-47aa-4591-ba8a-4f15b66c2362","Goal","Assist with DMP writing","",""
"ba4c4a6b-cea7-40ff-97d6-1d96ee1ce04a","Goal","Create DMP in a machine-actionable Format","",""
"fd966a9d-e2c3-48df-bf0d-bb1468abe589","Goal","Goal","",""
"2d56f39b-9bc5-49a1-ba04-1c2475a04f46","Goal","Help in DM Cost Estimation","",""
"2486f536-c808-41da-9f0d-ca5e25724726","Goal","Help in Repository Selection","",""
"302477fd-525a-4884-a048-cf3668e78b3e","Goal","Improve Quality of DMP","",""
"fb778bde-5934-4f34-8f7f-9e2539fe42a3","Goal","Improve Quality of Research Data","",""
"a11cc538-5fe6-4854-a245-4fb5789f5151","Goal","Integrate DMP with Active DM","",""
"2841d6c0-c530-4221-8243-859e3148abf9","Goal","Integrate DMP with CRIS","",""
"976e4001-9170-4e9a-bb8f-407f4d5422ea","Goal","Integrate DMP with long-term Preservation","",""
"7c3a5a9f-6ac5-4301-b31e-b00315c8139e","Goal","Provide DMP Help Desk","",""
"64894ea9-1a61-47a3-8d46-b9bbfa48b1f6","Goal","Provide semi-automatic support for DMP","",""
"c1da2d90-115e-40aa-8f58-ccaf02c05e6d","Requirement","Common data format","",""
"252887bc-adb9-49d6-a669-85b8d577088c","Requirement","Cost Models","",""
"9a711799-6b33-4512-9fde-adad7bae65c6","Requirement","Interface to DMP store","",""
"ea25fcf8-ac0a-444f-a493-8942b7e0ae6c","Requirement","Interface to get cost of services","",""
"12bddfc4-46fa-4014-842a-a76d3bb988b1","Requirement","Interface to ICT services","",""
"99752138-832c-4549-8117-478023b27972","Requirement","Interface to repositories","",""
"bb47cf93-e944-4ed6-a392-940e92e968f6","Requirement","Interfaces to CRIS are required","",""
"98369900-b4d6-4c24-8e76-a1acdc87626b","Requirement","Semi-automatically populate DMP","",""
"37e38af3-7886-4ff6-ac9e-b862a6579961","Requirement","Service discovery and configuration","",""
"2e66d6b2-44db-4c74-96bd-7c0a9c951ff7","Stakeholder","Funder","",""
"9c46ee2c-3453-4d9d-b37f-6878e8358461","Stakeholder","ICT Operator","",""
"5c2b2251-15e8-4e00-9554-d82bf1c38597","Stakeholder","Institutional Management","",""
"1b467d46-549d-4c5e-b604-41debb630bb3","Stakeholder","Library","",""
"220a6fae-315e-4f26-8ca9-ce989baa3d2e","Stakeholder","Research Support","",""
"086d2145-31f8-47f8-a067-f0f07e5fc025","Stakeholder","Researcher","",""
"f445e949-1201-47b5-82ac-8083beae3563","Grouping","Assessment of the Drivers (SWOT)","",""
"865f286d-8d26-47a6-89f7-d28a0485a986","Grouping","Create DMP","",""
"e2a474fc-3169-42ba-8849-2e1ddabfdc0a","Grouping","CRIS","",""
"66b673eb-7d92-4641-be0f-794c6f4ed904","Grouping","Drivers for Change","",""
"f8cd1fef-e03c-4be0-9fea-e9cb5040ee7c","Grouping","Goals","",""
"c686d2f1-eb55-465f-a728-9927b43b0752","Grouping","Goals","",""
"aaee38df-6ae0-481b-a959-b1b3562f6a03","Grouping","Grouping","",""
"c516eb1a-785b-4f0e-adb8-8a8da3b14785","Grouping","ICT Operator","",""
"3e4306bc-1122-4ca0-86d3-f4e3f3bcc365","Grouping","Library","",""
"a64e728b-2aa0-41ee-b031-566338d4917d","Grouping","ORCID","",""
"92cf9360-d109-4a9c-8285-4cf8346df0c9","Grouping","Requirments and Constraints","",""
"bd74e556-20f2-4393-a605-df007e6016d8","Grouping","Stakeholders","",""
"f9ae8178-eae8-4a48-97ce-f29d4358b050","Junction","Junction","",""
"f364c201-fb31-4ff6-a109-f75ec9f137d0","Location","Location","",""