"ID","Type","Name","Documentation","Source","Target","Specialization"
"bf61cf69-b7c9-41c9-90b5-3674c227df27","AccessRelationship","","","19bc83a7-ad79-4449-87dd-2c7ae128de83","ae0cc04f-63ac-4929-b00a-cdeeaba955aa",""
"f6e2f295-6a10-4e3e-ba20-92e7911de589","AccessRelationship","","","a6aa6022-1e63-41b4-a731-5aed97472ce1","9f01df00-bd11-4e6f-b4a0-e4b5449c2742",""
"b1bf218d-513e-46de-bdda-366ff6b072dd","AccessRelationship","","","3e802064-4857-47cb-9e03-c11171347f76","b7a8735c-0734-4404-a518-3f0207f513ab",""
"971909f7-f948-449e-8bd1-ef30cd4301ba","AccessRelationship","","","dddf24e6-55ec-4a5c-a6e5-7aaf6afc6ee4","ae0cc04f-63ac-4929-b00a-cdeeaba955aa",""
"f44009f6-67b7-4e89-9d9c-5ed791d846e5","AccessRelationship","","","e3433727-e5d5-493d-8018-e0a4549a1309","a85fb4b0-850a-4ea6-89bc-3f4ba01728c3",""
"2fd6f5b9-47cc-45eb-8b0d-5d8baac37837","AccessRelationship","","","be51b9c8-80d2-4705-9260-2aa4bd441d52","22ca61dc-1f65-4219-bab5-1b51458efe9d",""
"d837f9b5-38ad-4907-ab8c-c31251d85a4d","AccessRelationship","","","a6aa6022-1e63-41b4-a731-5aed97472ce1","22ca61dc-1f65-4219-bab5-1b51458efe9d",""
"4963c869-d126-4d1c-a2a7-11ffc024a2e5","AccessRelationship","","","631f57d6-1155-4e51-acf2-cc95f5e8a7e2","fcfbb888-1ae9-47cd-b835-ae3c5d6f0907",""
"49847f11-261a-449e-814c-e7a6f06f712e","AccessRelationship","","","a88fcabd-f0c0-43bf-b8d2-1fbb1b57eca2","22ca61dc-1f65-4219-bab5-1b51458efe9d",""
"f34f1dac-093e-42ce-beb6-5c5ea445be83","AggregationRelationship","","","c516eb1a-785b-4f0e-adb8-8a8da3b14785","90e4af26-15e1-42ac-94f0-859df96fe6ae",""
"edec571d-5464-4efd-906e-33dd3fde36f0","AggregationRelationship","","","e2a474fc-3169-42ba-8849-2e1ddabfdc0a","d4c422c5-7c86-4b01-ab17-77486b9f6c50",""
"08289439-ea5f-4392-afde-7ffa71c46e4d","AggregationRelationship","","","c516eb1a-785b-4f0e-adb8-8a8da3b14785","d4c422c5-7c86-4b01-ab17-77486b9f6c50",""
"6a43f82e-5a75-423d-92c6-e78b720500d7","AggregationRelationship","","","a64e728b-2aa0-41ee-b031-566338d4917d","dcdeed31-3407-4214-a2af-73bb27f2064a",""
"4d28d0cf-6f92-4a84-9454-bee66ebc4318","AggregationRelationship","","","c516eb1a-785b-4f0e-adb8-8a8da3b14785","2538a261-af3f-4588-85a4-57a4f4e7741a",""
"4ca1b82b-2d7a-4c89-9eb3-c4f1406a06ea","AggregationRelationship","","","c516eb1a-785b-4f0e-adb8-8a8da3b14785","631f57d6-1155-4e51-acf2-cc95f5e8a7e2",""
"d4a5f8ae-4679-41c6-a0a8-81278c2c84cd","AggregationRelationship","","","032210c3-957f-48a0-8b33-61d0c52b878b","8b4c0e91-8d5d-427a-b63c-fd970cdfc41d",""
"b25f845a-d979-416e-8855-62776a55def7","AggregationRelationship","","","a6aa6022-1e63-41b4-a731-5aed97472ce1","cf22ac9c-439b-47d4-b621-f36bc3148784",""
"305fc3d3-38af-49af-8ba1-d0b5674a7ae2","AggregationRelationship","","","3e4306bc-1122-4ca0-86d3-f4e3f3bcc365","6cce350c-4678-4e02-85bd-f83bf090e2a6",""
"90c54ec7-aaee-4873-9c7e-cbe642fbcad0","AggregationRelationship","","","3e4306bc-1122-4ca0-86d3-f4e3f3bcc365","7c83e5f7-637a-4e87-9f0c-0a51a6e4dd8e",""
"c7e3918f-c494-4223-91cc-f8d86e723462","AggregationRelationship","","","3e4306bc-1122-4ca0-86d3-f4e3f3bcc365","d15be473-6ed6-4ed6-9049-d8d17694722f",""
"1b5372ab-f12a-4631-88a7-3e5fa345e71d","AggregationRelationship","","","a6aa6022-1e63-41b4-a731-5aed97472ce1","3d727da2-c8d2-4131-aa5f-cbeaf7a348ba",""
"8e9a7790-27f8-47de-b240-1e6e57aaea43","AggregationRelationship","","","e4ae6c68-1536-453d-9c65-008a19740f71","3af510cd-3f59-47d8-b858-959f2d219032",""
"d466bc34-17b4-41cf-8e15-2129e55ca377","AggregationRelationship","","","e4ae6c68-1536-453d-9c65-008a19740f71","e2a5e7dd-25c3-4542-86be-82546fc841fd",""
"25f4f278-885d-4de2-8bb8-1f4a84eac45d","AggregationRelationship","","","e4ae6c68-1536-453d-9c65-008a19740f71","675b4fb7-6178-4cb1-8110-92279a68be7e",""
"291482d3-df67-4b25-ae73-73e53496ee01","AggregationRelationship","","","e4ae6c68-1536-453d-9c65-008a19740f71","977afdc3-253c-4412-9d38-118f8bde6bcb",""
"d890140b-09d3-431e-9042-cfaf604e2732","AggregationRelationship","","","438aff85-c238-4bf7-bd6d-58c2b1bf97ce","da574d5f-b30d-43e7-8221-38a86bf75620",""
"914c046d-7038-4e83-a6ba-cc0791265401","AggregationRelationship","","","64894ea9-1a61-47a3-8d46-b9bbfa48b1f6","302477fd-525a-4884-a048-cf3668e78b3e",""
"a413d0bd-15c8-403a-ae89-150d153c9e4f","AggregationRelationship","","","7c3a5a9f-6ac5-4301-b31e-b00315c8139e","302477fd-525a-4884-a048-cf3668e78b3e",""
"019b0815-a59f-4b19-8c5e-3e8b76441895","AggregationRelationship","","","64894ea9-1a61-47a3-8d46-b9bbfa48b1f6","2841d6c0-c530-4221-8243-859e3148abf9",""
"10442bff-6be4-477c-87d6-678500782dcb","AggregationRelationship","","","64894ea9-1a61-47a3-8d46-b9bbfa48b1f6","a11cc538-5fe6-4854-a245-4fb5789f5151",""
"0457e155-408a-438f-8052-bf41487ffd09","AggregationRelationship","","","64894ea9-1a61-47a3-8d46-b9bbfa48b1f6","976e4001-9170-4e9a-bb8f-407f4d5422ea",""
"97d4cfc8-a505-4760-b85b-36c3e54e1a2e","AggregationRelationship","","","302477fd-525a-4884-a048-cf3668e78b3e","fb778bde-5934-4f34-8f7f-9e2539fe42a3",""
"75949fc4-ac9e-40b8-860b-9edb9b48b4a8","AggregationRelationship","","","64894ea9-1a61-47a3-8d46-b9bbfa48b1f6","ba4c4a6b-cea7-40ff-97d6-1d96ee1ce04a",""
"22631f5b-0a91-4b2d-87a1-9c57d350f7b0","AggregationRelationship","","","976e4001-9170-4e9a-bb8f-407f4d5422ea","2486f536-c808-41da-9f0d-ca5e25724726",""
"bfa6e1ad-8f2e-4420-b82a-71106079c97f","AggregationRelationship","","","64894ea9-1a61-47a3-8d46-b9bbfa48b1f6","2d56f39b-9bc5-49a1-ba04-1c2475a04f46",""
"0a7eacf8-6472-4385-a6be-8f022dfa3f37","AggregationRelationship","","","12bddfc4-46fa-4014-842a-a76d3bb988b1","37e38af3-7886-4ff6-ac9e-b862a6579961",""
"2474df03-8b7b-4ac6-bb88-efed392fa981","AssignmentRelationship","","","f9457d0f-10ef-4ede-8d2e-bd204f1316e5","6f21d387-5b45-436e-9ab7-98a2c3576d12",""
"85c36ba7-97ce-402f-87e7-3be2eba0da52","AssignmentRelationship","","","52e84aa3-61a4-4251-8836-21cd5f3a9f8a","c6f728d9-9b54-4ab0-9cae-bd9542f771d5",""
"3ef0ab38-d5ab-405b-b888-d437180d5769","AssignmentRelationship","","","52e84aa3-61a4-4251-8836-21cd5f3a9f8a","75b863ca-50a9-492b-97a4-de6923cb325b",""
"2beda040-a524-41d6-b9c4-b3c3aa720008","AssignmentRelationship","","","52e84aa3-61a4-4251-8836-21cd5f3a9f8a","22e6b4b2-f34e-46db-a2cd-912b0485ca25",""
"c390d33c-2f1d-4068-81bd-5cdf46bfc393","AssignmentRelationship","","","5a0dfff0-6e7e-4ddb-b704-b29361a3a363","983afa7e-fd49-4dde-9204-eef05dd9144d",""
"2ef9503d-3345-4418-94ea-8f3a85ccf9ee","AssignmentRelationship","","","5a0dfff0-6e7e-4ddb-b704-b29361a3a363","d112d5ed-8eea-4e45-b3e0-13b9c0a4aa8e",""
"9b84d24f-d3d6-47f3-86c8-22518b5250dc","AssignmentRelationship","","","6cce350c-4678-4e02-85bd-f83bf090e2a6","7fec709e-e751-438d-bc0c-d18588ea3a03",""
"ee553f7c-15d6-4f2f-abb3-e614fa3c1877","AssignmentRelationship","","","6cce350c-4678-4e02-85bd-f83bf090e2a6","8f76dbd2-80b7-4b22-8cb6-e5ebc04c3382",""
"bcf437a1-200b-4e4c-9e73-708825738313","AssignmentRelationship","","","6cce350c-4678-4e02-85bd-f83bf090e2a6","6e2ec613-e3b7-455c-a9fd-fc8749b53cab",""
"79040966-cfe3-4edf-9c7e-41d0660ffd10","AssignmentRelationship","","","6cce350c-4678-4e02-85bd-f83bf090e2a6","c7b5c043-16f9-40b1-97f8-1957b1dc4ae2",""
"794064f8-c190-4de1-a0b0-3af1f308b4c5","AssignmentRelationship","","","6cce350c-4678-4e02-85bd-f83bf090e2a6","225d3233-56d6-4aa3-a6dd-b46be9ef1752",""
"0d25ea44-df60-4510-8403-dcfdefdd8cf5","AssignmentRelationship","","","6cce350c-4678-4e02-85bd-f83bf090e2a6","20345403-39d2-4e21-834d-632d6a0396c3",""
"8dfb245a-d15f-4330-a229-b1b4faa92957","AssignmentRelationship","","","d15be473-6ed6-4ed6-9049-d8d17694722f","fabac555-1aeb-471b-99a8-126bb6e75f29",""
"30f6ba60-122c-4a80-a95c-c647dfaf86b1","AssignmentRelationship","","","6cce350c-4678-4e02-85bd-f83bf090e2a6","fabac555-1aeb-471b-99a8-126bb6e75f29",""
"72e18c68-933b-4206-8c82-f73f704ef387","AssignmentRelationship","","","20fe5137-dd1f-44d9-bae9-c574ea8172f9","43f42019-7fc0-4b67-8a84-c4d76da2bbb2",""
"6082fb62-5fa0-43f8-b299-fa2e94546586","AssignmentRelationship","","","bff85d95-0e92-408f-a023-117545bd53db","a88fcabd-f0c0-43bf-b8d2-1fbb1b57eca2",""
"5fa656df-8a63-4bb9-8867-650a65c18c0a","AssignmentRelationship","","","e1eab4e8-325a-4f6d-9d30-980ed0e81e38","7b98b5af-bf31-4a5e-89cf-58fe9cf51460",""
"1f68021a-af50-40ee-b09e-e302ae1fc8e6","AssignmentRelationship","","","e1eab4e8-325a-4f6d-9d30-980ed0e81e38","dec9bc44-9b27-4e20-8444-77931b387e0d",""
"3d00682b-f5a4-46fd-8777-95a7e1f9d4d3","AssignmentRelationship","","","e1eab4e8-325a-4f6d-9d30-980ed0e81e38","54e8939c-5d48-402b-8e62-031510a8b0a2",""
"712f4c0e-7511-40ec-9d74-07365f32de4a","AssociationRelationship","","","75b863ca-50a9-492b-97a4-de6923cb325b","f573438d-479c-4c31-8f21-abbe85474a6b",""
"9bb5f7ad-5d2f-4166-b350-3b3eba5b8c76","AssociationRelationship","","","31435204-51f6-4144-b64b-04d8b9a2dc5b","9089574e-c8f4-4839-a6ab-dd7b59b2a09b",""
"262fd5e3-4acb-4efe-a984-025fe0ea7431","AssociationRelationship","","","086d2145-31f8-47f8-a067-f0f07e5fc025","3af510cd-3f59-47d8-b858-959f2d219032",""
"8befb0db-d45e-4419-9af5-c89029a1a36e","AssociationRelationship","","","24cf03fe-f672-487b-9e2c-9d4041b41861","3af510cd-3f59-47d8-b858-959f2d219032",""
"99ef4783-3a76-44b9-8c44-f4f9713115c5","AssociationRelationship","","","e2a5e7dd-25c3-4542-86be-82546fc841fd","086d2145-31f8-47f8-a067-f0f07e5fc025",""
"a369a836-6057-45a9-ac8a-48872c050d7b","AssociationRelationship","","","3af510cd-3f59-47d8-b858-959f2d219032","086d2145-31f8-47f8-a067-f0f07e5fc025",""
"9e528231-141b-4472-ba6f-d56c9423cd02","AssociationRelationship","","","e4ae6c68-1536-453d-9c65-008a19740f71","5c2b2251-15e8-4e00-9554-d82bf1c38597",""
"d2b5913f-ee4c-4cb1-8abf-493f12ab9cfa","AssociationRelationship","","","675b4fb7-6178-4cb1-8110-92279a68be7e","086d2145-31f8-47f8-a067-f0f07e5fc025",""
"b73c97be-6efc-42e5-9200-13ecd8752fa3","AssociationRelationship","","","675b4fb7-6178-4cb1-8110-92279a68be7e","1b467d46-549d-4c5e-b604-41debb630bb3",""
"920cde45-74c2-496d-a659-7303f2b3a4db","AssociationRelationship","","","e2a5e7dd-25c3-4542-86be-82546fc841fd","9c46ee2c-3453-4d9d-b37f-6878e8358461",""
"998034d1-425c-4f3f-8989-795e3a2f0996","AssociationRelationship","","","977afdc3-253c-4412-9d38-118f8bde6bcb","220a6fae-315e-4f26-8ca9-ce989baa3d2e",""
"9abdaa43-46c1-4348-9705-4c576dcf2998","AssociationRelationship","","","438aff85-c238-4bf7-bd6d-58c2b1bf97ce","2e66d6b2-44db-4c74-96bd-7c0a9c951ff7",""
"7192c8bf-0253-4004-9373-66d653ff376d","AssociationRelationship","","","fd746cec-c3e8-4317-9d2d-089c6de911dc","da574d5f-b30d-43e7-8221-38a86bf75620",""
"e4846b5d-e50f-4dbd-b2a3-330438fe01b4","AssociationRelationship","","","5fe5a36b-c303-47e9-b0a4-a4d5d4fcbec0","da574d5f-b30d-43e7-8221-38a86bf75620",""
"ce8c2f8e-4aa5-4be0-b0ea-3d0b445d1659","AssociationRelationship","","","ba4c4a6b-cea7-40ff-97d6-1d96ee1ce04a","fd746cec-c3e8-4317-9d2d-089c6de911dc",""
"689338dd-e6d9-43a0-8c16-493a2133666b","AssociationRelationship","","","64894ea9-1a61-47a3-8d46-b9bbfa48b1f6","24cf03fe-f672-487b-9e2c-9d4041b41861",""
"cdebf1e3-293e-45fe-9f48-9a055c55ca04","AssociationRelationship","","","4f62a09e-e539-40a2-987d-c07af84bc98a","e2a5e7dd-25c3-4542-86be-82546fc841fd",""
"1ea433bc-0246-482f-b900-23feee34b3c0","AssociationRelationship","","","fdf5ec3e-8f00-4207-bd83-16c1ddbee960","3af510cd-3f59-47d8-b858-959f2d219032",""
"2942458e-8d77-440d-aaeb-ee64edd533f9","AssociationRelationship","","","64894ea9-1a61-47a3-8d46-b9bbfa48b1f6","fdf5ec3e-8f00-4207-bd83-16c1ddbee960",""
"e1d6f949-04fd-4729-9c71-024200c46fa9","AssociationRelationship","","","a11cc538-5fe6-4854-a245-4fb5789f5151","4f62a09e-e539-40a2-987d-c07af84bc98a",""
"5b0a8512-284c-402e-827d-e5399fea35f8","AssociationRelationship","","","302477fd-525a-4884-a048-cf3668e78b3e","5fe5a36b-c303-47e9-b0a4-a4d5d4fcbec0",""
"8d56b820-a074-4251-bf3f-4d2e73511ffe","AssociationRelationship","","","ba41bc7e-c4e6-40d6-a129-487dd2725187","977afdc3-253c-4412-9d38-118f8bde6bcb",""
"8d7462a2-75cc-49ad-8973-074a9f3e63f8","AssociationRelationship","","","7c3a5a9f-6ac5-4301-b31e-b00315c8139e","ba41bc7e-c4e6-40d6-a129-487dd2725187",""
"371b2857-6b18-4892-aeb2-03e903a6f057","AssociationRelationship","","","976e4001-9170-4e9a-bb8f-407f4d5422ea","365d15c5-d1c7-41fb-864b-a47c4852f247",""
"36d1d3f8-6d60-4f99-9b46-e3679523682b","AssociationRelationship","","","365d15c5-d1c7-41fb-864b-a47c4852f247","675b4fb7-6178-4cb1-8110-92279a68be7e",""
"bec16956-c2db-40c5-bc41-c01373dd6b80","AssociationRelationship","","","2d56f39b-9bc5-49a1-ba04-1c2475a04f46","fdf5ec3e-8f00-4207-bd83-16c1ddbee960",""
"469880ac-b112-4174-9713-23de01a2ed78","AssociationRelationship","","","24c0be31-a9d0-446b-8698-84d5f425a9d5","e2a5e7dd-25c3-4542-86be-82546fc841fd",""
"1a4f0d65-0414-41f8-9237-004adc3d2253","AssociationRelationship","","","a11cc538-5fe6-4854-a245-4fb5789f5151","24c0be31-a9d0-446b-8698-84d5f425a9d5",""
"3230a980-b215-4b86-8edd-abd5231a26ab","AssociationRelationship","","","52e84aa3-61a4-4251-8836-21cd5f3a9f8a","43f42019-7fc0-4b67-8a84-c4d76da2bbb2",""
"b5506f7c-044a-46f5-a4ec-f020bcd94e44","AssociationRelationship","","","2cdc6efe-088a-4310-8297-7a6058ab82d2","73cd4dfd-4bb2-4006-a6dd-e91fb17571e2",""
"35f2f284-3487-4924-8c9f-8de9c50ec623","AssociationRelationship","","","a695be44-0eaf-4b8d-9c93-2c83a5a890eb","e12ce47f-a602-4ac4-a8de-5125a7af8432",""
"86822be6-7f17-4587-bc6b-1366347bde6c","AssociationRelationship","","","a695be44-0eaf-4b8d-9c93-2c83a5a890eb","135fe58c-df67-4acd-a3ca-79658726dcc2",""
"6e255dba-a890-40dc-89ee-e62d71a649bd","AssociationRelationship","","","a695be44-0eaf-4b8d-9c93-2c83a5a890eb","332a81f4-59cc-4337-a661-700d48f7971d",""
"3569d13d-3a3e-4ebd-9846-4fd82b6a6889","AssociationRelationship","","","a695be44-0eaf-4b8d-9c93-2c83a5a890eb","56bf5eb0-92dc-4e39-bce9-589caca3fdcf",""
"250d7382-c6b2-44e2-b802-faffec6737e7","AssociationRelationship","","","a695be44-0eaf-4b8d-9c93-2c83a5a890eb","553ef20f-336c-4729-addf-5c555df32637",""
"42d9cd7a-1e4e-46ed-9cc9-b25462a2cca5","AssociationRelationship","","","a695be44-0eaf-4b8d-9c93-2c83a5a890eb","858b6feb-2a96-4412-9990-b88d6a13829e",""
"e8f17d36-919f-4f97-a2ba-7a00696927b7","AssociationRelationship","","","a695be44-0eaf-4b8d-9c93-2c83a5a890eb","31435204-51f6-4144-b64b-04d8b9a2dc5b",""
"fb7228e4-8169-48bb-a6b7-1d4223339ded","AssociationRelationship","","","a695be44-0eaf-4b8d-9c93-2c83a5a890eb","bade55ce-cc41-4dec-9679-9150501bf288",""
"15a76eca-c7a0-4c15-8d4d-de5fd74358e5","AssociationRelationship","","","a695be44-0eaf-4b8d-9c93-2c83a5a890eb","3fce9831-4f9f-4605-817b-d8e23a78f9f8",""
"bb0a9258-30e1-424e-94a6-b9a8b0df6865","AssociationRelationship","","","a695be44-0eaf-4b8d-9c93-2c83a5a890eb","e73df4b5-ab44-4ef6-bb25-2e1992bb5878",""
"6c9c654a-a4ee-4676-931e-d9d1b5a2e737","AssociationRelationship","","","a695be44-0eaf-4b8d-9c93-2c83a5a890eb","b6fc6aa7-b7b0-4c8d-99a9-774412ca56f5",""
"d0ac7abc-87cf-4530-8148-0534fe70b197","AssociationRelationship","","","a695be44-0eaf-4b8d-9c93-2c83a5a890eb","57e4299a-01db-42b4-aac7-2d41adc2365d",""
"3f95016e-f4e9-4137-97d5-d907d1ca953c","AssociationRelationship","","","a695be44-0eaf-4b8d-9c93-2c83a5a890eb","0cad7471-16d1-49ce-bbd3-0e4e29557433",""
"044d5ee9-1f24-4dc4-8bf3-605b6afb3600","CompositionRelationship","","","c516eb1a-785b-4f0e-adb8-8a8da3b14785","231e1e4d-7f5a-49dc-85e6-28b22acc7d1f",""
"2cd10a9b-b64f-4ffd-b8e2-9d9a32195237","CompositionRelationship","","","c516eb1a-785b-4f0e-adb8-8a8da3b14785","f573438d-479c-4c31-8f21-abbe85474a6b",""
"fa37b108-f72e-4ec7-8922-0cfad7b1feb5","CompositionRelationship","","","c516eb1a-785b-4f0e-adb8-8a8da3b14785","52e84aa3-61a4-4251-8836-21cd5f3a9f8a",""
"c7cf4be8-93af-44d3-b474-636aebfde72d","CompositionRelationship","","","a64e728b-2aa0-41ee-b031-566338d4917d","6c91b396-a47e-458e-822a-c8ff149e571c",""
"142a75d0-6051-404c-a6b5-2706238c4149","CompositionRelationship","","","a64e728b-2aa0-41ee-b031-566338d4917d","9e8e5c96-d758-4d91-97cb-e8a77841ce32",""
"eb51abc1-30dc-4b33-8303-9532ce038829","CompositionRelationship","","","6f6c773d-ef05-4f2d-9fe3-e0c8f5d6a2e0","6c5c80c8-09c3-447c-bf5b-2400d026d406",""
"529e6aa7-a983-4445-9a7f-41fd12d9a1f4","CompositionRelationship","","","b3d5b9cc-41d1-40fe-b65d-1ceb6fc7e655","6f6c773d-ef05-4f2d-9fe3-e0c8f5d6a2e0",""
"1d6a99ca-bade-4692-b3ec-91ddf780062a","CompositionRelationship","","","c516eb1a-785b-4f0e-adb8-8a8da3b14785","5a0dfff0-6e7e-4ddb-b704-b29361a3a363",""
"e549854a-e461-41a9-aa83-df2944405f09","CompositionRelationship","","","a6aa6022-1e63-41b4-a731-5aed97472ce1","6f6c773d-ef05-4f2d-9fe3-e0c8f5d6a2e0",""
"7fc2c954-7f96-4834-8651-ca17df38298a","CompositionRelationship","","","a6aa6022-1e63-41b4-a731-5aed97472ce1","e080deb1-0406-4a7d-963b-069544b42323",""
"6633fcd8-7d27-4d15-a347-48f2f36eead9","CompositionRelationship","","","a6aa6022-1e63-41b4-a731-5aed97472ce1","0bc42189-88f8-4330-8085-4c99620bb3a3",""
"2b3214b8-fcf7-452f-8df5-9684687ac0a0","CompositionRelationship","","","a6aa6022-1e63-41b4-a731-5aed97472ce1","42fe4c42-bc3e-49e3-adcc-9d60cd4755a5",""
"a5b16d75-e7ed-4d86-b7bc-e01603334689","CompositionRelationship","","","a6aa6022-1e63-41b4-a731-5aed97472ce1","bad1b541-034c-4197-9f2e-4c740b6a406b",""
"23fb7ef3-92be-4659-8de1-1238e30b626c","CompositionRelationship","","","a6aa6022-1e63-41b4-a731-5aed97472ce1","3e802064-4857-47cb-9e03-c11171347f76",""
"e00d41d7-887a-44a6-adc7-7b7022894f2f","CompositionRelationship","","","52e84aa3-61a4-4251-8836-21cd5f3a9f8a","5a0dfff0-6e7e-4ddb-b704-b29361a3a363",""
"f3d4d450-35a8-45d5-9a81-b927faa32530","CompositionRelationship","","","9e8e5c96-d758-4d91-97cb-e8a77841ce32","6c91b396-a47e-458e-822a-c8ff149e571c",""
"828a91df-fa05-430f-9dd6-c3e1629e6dea","CompositionRelationship","","","8cd985f0-827d-4968-ba06-e1b6c2610344","9ddd3913-0a9c-43ce-8e65-38a800a25880",""
"f84f1cf4-d10a-4c5a-a0f0-d695ede47e82","CompositionRelationship","","","03c1765d-33b6-44ca-afe9-73a732e352ce","a4cc0e9c-30f7-4404-92a9-27795ab615c1",""
"fd904cda-8991-411b-8562-7c139a1179d2","CompositionRelationship","","","03c1765d-33b6-44ca-afe9-73a732e352ce","e782f9c4-a855-4a12-84ad-8dcfbc87811f",""
"2d7376cd-e2b0-42f4-8374-43cefebf55e1","CompositionRelationship","","","a784dbef-d572-4bcc-a3ba-174b292b1a10","da85d5ce-59f4-48ac-8aca-0881be656967",""
"3d0c1a89-9348-47e8-80ff-9b8008fca06c","CompositionRelationship","","","151e04e4-3bdb-4fbf-a472-159740d32fe6","bdbd6ef7-2c88-4a54-b199-b81c181d37b7",""
"96aa41d6-c41c-4790-9188-287127d84983","CompositionRelationship","","","fce37642-7dd3-40d8-b301-45b7696daf40","02288bbc-6805-486f-add8-f4d2fe6ccfdf",""
"595abc42-5763-4642-9d71-8708c85e484f","CompositionRelationship","","","fce37642-7dd3-40d8-b301-45b7696daf40","716ac082-37fa-4fe6-b189-f6954c5a2e98",""
"c173d78f-a4fc-4d31-ad16-5a03a482eb10","CompositionRelationship","","","c7dc0058-1cd6-423c-a8d4-d30d8ee37be1","e855faa6-18df-4996-a090-a109cc2b9465",""
"86fccdfe-48c5-482d-9496-a47a40e7d98d","CompositionRelationship","","","c7dc0058-1cd6-423c-a8d4-d30d8ee37be1","8f143c64-3fe3-473e-b59a-edbadac60cd7",""
"8dd7c7d7-cd9a-45d8-814a-6ad2b1c422c8","CompositionRelationship","","","c7dc0058-1cd6-423c-a8d4-d30d8ee37be1","e4391903-6346-47db-8f23-41ed0b94adfa",""
"313b170b-3df1-4a01-b52d-88a8dfc6cb79","CompositionRelationship","","","31435204-51f6-4144-b64b-04d8b9a2dc5b","4ba2ce72-1927-4650-a800-ea96baa00595",""
"7dda76d3-c731-4dc2-99d9-d2c652b0826a","CompositionRelationship","","","31435204-51f6-4144-b64b-04d8b9a2dc5b","3e9fb78e-9a84-4f90-a167-bc852a074b9d",""
"a6524311-8705-4796-8919-7a45bb2229c6","CompositionRelationship","","","42a50a06-4774-46ad-8a2e-329d312fb44b","dddf24e6-55ec-4a5c-a6e5-7aaf6afc6ee4",""
"3b680d62-94d3-48e0-9680-e400d75c068d","CompositionRelationship","","","858b6feb-2a96-4412-9990-b88d6a13829e","b3d67bf8-c9b3-47b0-8260-716bfcdbaf87",""
"67eaddd8-60b0-4c9b-a73d-db650652ca3e","CompositionRelationship","","","858b6feb-2a96-4412-9990-b88d6a13829e","0f63ed94-23ba-407f-9e49-4073a33c7654",""
"d3401edc-26e5-4e08-a1de-944de3c85226","CompositionRelationship","","","6cce350c-4678-4e02-85bd-f83bf090e2a6","7c83e5f7-637a-4e87-9f0c-0a51a6e4dd8e",""
"9758b96b-2540-415e-8735-5b0a9c83a9d6","CompositionRelationship","","","135fe58c-df67-4acd-a3ca-79658726dcc2","50cf1510-bb13-490c-ad77-7746436a5e6d",""
"c61fd0bb-02bd-4d3d-9d11-957151a8e866","CompositionRelationship","","","0cad7471-16d1-49ce-bbd3-0e4e29557433","3e03f95f-e944-42f6-ab71-94d1de84dd51",""
"42108bd0-3b83-4e2a-a767-71645cdddf89","CompositionRelationship","","","0cad7471-16d1-49ce-bbd3-0e4e29557433","60f7081e-1774-4fde-8099-cdadf4f71b3c",""
"ba9ed6e1-13ba-42db-8601-963ecf584f38","CompositionRelationship","","","57e4299a-01db-42b4-aac7-2d41adc2365d","8bb14ad7-e928-4a98-8240-569112428668",""
"495179a1-5c93-4a00-9a6c-020596a0028a","CompositionRelationship","","","57e4299a-01db-42b4-aac7-2d41adc2365d","d470fcb4-a9e2-4641-9f30-3ffd0e8cbbd4",""
"dd36cd13-4cc6-439f-8693-01594d59b04f","CompositionRelationship","","","afe67120-1af6-43ab-becd-e40cad6e37b3","db74727e-6e96-4aff-9054-237d0c72a7b9",""
"bc281535-795f-4350-b51c-93a53772d8f4","CompositionRelationship","","","bade55ce-cc41-4dec-9679-9150501bf288","24520eea-92da-426a-b350-4fe73302341b",""
"240235ce-d755-4920-80c3-26f339f0742e","CompositionRelationship","","","bade55ce-cc41-4dec-9679-9150501bf288","ba5782f7-c356-4c18-8494-c563d8462a0c",""
"9ba245ee-e6f1-4455-bde5-75f5e1196572","CompositionRelationship","","","3fce9831-4f9f-4605-817b-d8e23a78f9f8","877153c9-7954-4990-b424-ce836cd36b81",""
"f31d8225-9fa6-42f2-bdf9-13c68a0212a9","CompositionRelationship","","","3fce9831-4f9f-4605-817b-d8e23a78f9f8","db7b33cc-9875-40b9-9c1f-597a7cb84ca0",""
"33b54784-084a-49ae-9881-d6bbaa81b9eb","CompositionRelationship","","","b6fc6aa7-b7b0-4c8d-99a9-774412ca56f5","6b624285-e0cd-4f06-877f-7ae0fd6de024",""
"f4746021-936e-4e90-a123-db76287b3c93","CompositionRelationship","","","b6fc6aa7-b7b0-4c8d-99a9-774412ca56f5","5c40e042-3a7f-4cc6-bafd-2c049bf072cd",""
"ed3758da-9677-4ef7-bcfc-806cbac6e458","CompositionRelationship","","","e73df4b5-ab44-4ef6-bb25-2e1992bb5878","1e76a20b-1815-4432-b798-9437081b4593",""
"78b38929-7101-4e42-96e8-a4b2f242b77b","CompositionRelationship","","","e73df4b5-ab44-4ef6-bb25-2e1992bb5878","d1f87fde-7888-41d7-9197-ff77b7392ad5",""
"b98d4424-d596-4e88-8a50-07154dac6f7b","CompositionRelationship","","","b62384ff-6b5e-49dd-9d15-140801db5d0f","f0940575-250f-4b33-aa93-3e759c09b6dd",""
"25d8b544-b15c-42c7-9b12-4fdf2c394915","CompositionRelationship","","","e12ce47f-a602-4ac4-a8de-5125a7af8432","9b176417-aa8a-4cb3-804f-d8f77c1bec7b",""
"fb3fd4d4-64f7-4fba-88d3-5c4a743df463","CompositionRelationship","","","7a157d8b-799d-4691-a734-6311e42ade7e","70c6fe89-d118-4d91-8f6f-ec6108ab901f",""
"5f89b703-8538-4d3c-aa0e-d65eb8e2c44f","CompositionRelationship","","","332a81f4-59cc-4337-a661-700d48f7971d","656e4cdf-bb97-4e3e-ba9a-9871bacc4439",""
"265843f7-f54c-4563-bd4b-d7e34ad36d24","CompositionRelationship","","","553ef20f-336c-4729-addf-5c555df32637","f2cd1970-c116-4d0b-be4d-761c442680aa",""
"cc2c1d8a-c9fd-42fd-8152-66ab744d1b51","CompositionRelationship","","","56bf5eb0-92dc-4e39-bce9-589caca3fdcf","09c4f362-989f-499a-ab45-3072bff774b4",""
"fec47952-e6c3-4ef3-84e4-80222950f533","CompositionRelationship","","","bd74e556-20f2-4393-a605-df007e6016d8","086d2145-31f8-47f8-a067-f0f07e5fc025",""
"dbe7d3f7-58d9-4b6b-9fbe-4a2399f71b29","CompositionRelationship","","","bd74e556-20f2-4393-a605-df007e6016d8","2e66d6b2-44db-4c74-96bd-7c0a9c951ff7",""
"578e952c-6467-4d13-bd5f-4a84b83b30be","CompositionRelationship","","","bd74e556-20f2-4393-a605-df007e6016d8","1b467d46-549d-4c5e-b604-41debb630bb3",""
"2fe1c72f-45cd-4ced-8f5f-daa4088b94c8","CompositionRelationship","","","bd74e556-20f2-4393-a605-df007e6016d8","9c46ee2c-3453-4d9d-b37f-6878e8358461",""
"b7ba3897-ca50-4bdc-b0d1-9eb8a641edcf","CompositionRelationship","","","bd74e556-20f2-4393-a605-df007e6016d8","5c2b2251-15e8-4e00-9554-d82bf1c38597",""
"306190be-4efd-43d4-81b5-34560c776758","CompositionRelationship","","","bd74e556-20f2-4393-a605-df007e6016d8","220a6fae-315e-4f26-8ca9-ce989baa3d2e",""
"bda4a2e3-56c4-4a8a-bce5-025dc501115c","CompositionRelationship","","","66b673eb-7d92-4641-be0f-794c6f4ed904","3af510cd-3f59-47d8-b858-959f2d219032",""
"d14b5325-a3dc-4e15-be35-e681c3567f14","CompositionRelationship","","","66b673eb-7d92-4641-be0f-794c6f4ed904","e2a5e7dd-25c3-4542-86be-82546fc841fd",""
"8d5b6e57-4c7a-426d-87b5-ee4cea8dc104","CompositionRelationship","","","66b673eb-7d92-4641-be0f-794c6f4ed904","675b4fb7-6178-4cb1-8110-92279a68be7e",""
"ad5e0b12-0e9d-4398-8984-64ac08389d3a","CompositionRelationship","","","66b673eb-7d92-4641-be0f-794c6f4ed904","977afdc3-253c-4412-9d38-118f8bde6bcb",""
"2247d954-5ec7-42da-9737-42f21f495ca4","CompositionRelationship","","","f445e949-1201-47b5-82ac-8083beae3563","24cf03fe-f672-487b-9e2c-9d4041b41861",""
"e0012fc3-d24b-477b-8d4b-ac5c61534e7e","CompositionRelationship","","","f445e949-1201-47b5-82ac-8083beae3563","fd746cec-c3e8-4317-9d2d-089c6de911dc",""
"20a1fc42-3526-42c1-90cb-9cf0a682fb7d","CompositionRelationship","","","f445e949-1201-47b5-82ac-8083beae3563","fdf5ec3e-8f00-4207-bd83-16c1ddbee960",""
"84f6cd66-a87d-414b-956f-bf1f4e730346","CompositionRelationship","","","f445e949-1201-47b5-82ac-8083beae3563","ba41bc7e-c4e6-40d6-a129-487dd2725187",""
"fc15ab0f-2dd0-4211-a2c2-52b3a410392e","CompositionRelationship","","","f8cd1fef-e03c-4be0-9fea-e9cb5040ee7c","8de7144d-47aa-4591-ba8a-4f15b66c2362",""
"483c6fc6-5462-4b48-af2d-bfdf65df078f","CompositionRelationship","","","f8cd1fef-e03c-4be0-9fea-e9cb5040ee7c","fb778bde-5934-4f34-8f7f-9e2539fe42a3",""
"0c2644c2-d4c1-430d-9517-b62a23362680","CompositionRelationship","","","f8cd1fef-e03c-4be0-9fea-e9cb5040ee7c","302477fd-525a-4884-a048-cf3668e78b3e",""
"d5c1f434-1d81-4b57-886b-c00791593735","CompositionRelationship","","","f8cd1fef-e03c-4be0-9fea-e9cb5040ee7c","2486f536-c808-41da-9f0d-ca5e25724726",""
"5161b863-36a8-4c42-ad5d-a50d352b797e","CompositionRelationship","","","f8cd1fef-e03c-4be0-9fea-e9cb5040ee7c","ba4c4a6b-cea7-40ff-97d6-1d96ee1ce04a",""
"e4adac18-6424-47cc-a89e-b25cfe30b6fc","CompositionRelationship","","","66b673eb-7d92-4641-be0f-794c6f4ed904","e4ae6c68-1536-453d-9c65-008a19740f71",""
"ed7db254-199e-4b6e-a407-e9b860ae6e1c","CompositionRelationship","","","66b673eb-7d92-4641-be0f-794c6f4ed904","438aff85-c238-4bf7-bd6d-58c2b1bf97ce",""
"ca722e5d-3ad8-484f-abf7-52b52f5fd624","CompositionRelationship","","","66b673eb-7d92-4641-be0f-794c6f4ed904","da574d5f-b30d-43e7-8221-38a86bf75620",""
"79e23a1e-e8fe-43f0-9711-d7a56922daf2","CompositionRelationship","","","f445e949-1201-47b5-82ac-8083beae3563","5fe5a36b-c303-47e9-b0a4-a4d5d4fcbec0",""
"9996c366-f9c1-4cc4-be18-00ad939bc90d","CompositionRelationship","","","f8cd1fef-e03c-4be0-9fea-e9cb5040ee7c","64894ea9-1a61-47a3-8d46-b9bbfa48b1f6",""
"cf35bfad-e788-41f4-ba59-cd3941ad8e14","CompositionRelationship","","","f8cd1fef-e03c-4be0-9fea-e9cb5040ee7c","a11cc538-5fe6-4854-a245-4fb5789f5151",""
"c9c31ac9-19dd-4845-a2de-67b922d2bf16","CompositionRelationship","","","f445e949-1201-47b5-82ac-8083beae3563","4f62a09e-e539-40a2-987d-c07af84bc98a",""
"fc000044-8d64-41d9-84d1-eca8795b15d8","CompositionRelationship","","","f445e949-1201-47b5-82ac-8083beae3563","365d15c5-d1c7-41fb-864b-a47c4852f247",""
"f486f088-ddeb-4286-a7dc-073b880ca219","CompositionRelationship","","","f8cd1fef-e03c-4be0-9fea-e9cb5040ee7c","7c3a5a9f-6ac5-4301-b31e-b00315c8139e",""
"9cdce542-8306-4f79-9c08-43d832b9b3bc","CompositionRelationship","","","f8cd1fef-e03c-4be0-9fea-e9cb5040ee7c","976e4001-9170-4e9a-bb8f-407f4d5422ea",""
"d41ec784-efe5-49f8-88a0-aa893bebe28b","CompositionRelationship","","","f8cd1fef-e03c-4be0-9fea-e9cb5040ee7c","2841d6c0-c530-4221-8243-859e3148abf9",""
"4e99e435-3630-43d2-bb5e-a8ade36d66ad","CompositionRelationship","","","f8cd1fef-e03c-4be0-9fea-e9cb5040ee7c","2d56f39b-9bc5-49a1-ba04-1c2475a04f46",""
"71caffdd-deb2-4e90-8403-853a9ff5ddb6","CompositionRelationship","","","f445e949-1201-47b5-82ac-8083beae3563","24c0be31-a9d0-446b-8698-84d5f425a9d5",""
"325201e8-dbdd-4600-9983-3b5aa5b0ad9f","CompositionRelationship","","","f8cd1fef-e03c-4be0-9fea-e9cb5040ee7c","fd966a9d-e2c3-48df-bf0d-bb1468abe589",""
"7ee7f7dd-5206-47f8-8214-03f9cca80a60","CompositionRelationship","","","c686d2f1-eb55-465f-a728-9927b43b0752","7c3a5a9f-6ac5-4301-b31e-b00315c8139e",""
"d6fa6863-ef7f-4f60-a4e3-60672f20abf7","CompositionRelationship","","","c686d2f1-eb55-465f-a728-9927b43b0752","302477fd-525a-4884-a048-cf3668e78b3e",""
"2d46ac28-86f2-4558-a07a-05253aea245b","CompositionRelationship","","","c686d2f1-eb55-465f-a728-9927b43b0752","2841d6c0-c530-4221-8243-859e3148abf9",""
"ba04913f-0d3a-442e-9dc3-7dbdb4e1852c","CompositionRelationship","","","c686d2f1-eb55-465f-a728-9927b43b0752","a11cc538-5fe6-4854-a245-4fb5789f5151",""
"490f1ddc-2317-4ee2-8b94-699f3de031fd","CompositionRelationship","","","c686d2f1-eb55-465f-a728-9927b43b0752","64894ea9-1a61-47a3-8d46-b9bbfa48b1f6",""
"a3dd0668-ac4f-40eb-a38a-218817ef85c1","CompositionRelationship","","","c686d2f1-eb55-465f-a728-9927b43b0752","ba4c4a6b-cea7-40ff-97d6-1d96ee1ce04a",""
"db266098-27b7-4639-bd4a-b74aa9398991","CompositionRelationship","","","c686d2f1-eb55-465f-a728-9927b43b0752","fb778bde-5934-4f34-8f7f-9e2539fe42a3",""
"5182b225-3595-446d-8fcf-1fd5cdac9900","CompositionRelationship","","","c686d2f1-eb55-465f-a728-9927b43b0752","2d56f39b-9bc5-49a1-ba04-1c2475a04f46",""
"ee8a3b37-6295-448e-8cf7-0afadede1c31","CompositionRelationship","","","c686d2f1-eb55-465f-a728-9927b43b0752","976e4001-9170-4e9a-bb8f-407f4d5422ea",""
"1283d8ad-d5b5-446b-876f-790f17e85706","CompositionRelationship","","","92cf9360-d109-4a9c-8285-4cf8346df0c9","bb47cf93-e944-4ed6-a392-940e92e968f6",""
"d29bc850-dc3c-41db-8ce8-0f59240c4e67","CompositionRelationship","","","92cf9360-d109-4a9c-8285-4cf8346df0c9","0bc7d1e6-dd40-41d2-9734-8a7f6ed4c9f3",""
"8347d0d6-ff29-4d1c-b80b-d2a6fdfb3550","CompositionRelationship","","","92cf9360-d109-4a9c-8285-4cf8346df0c9","252887bc-adb9-49d6-a669-85b8d577088c",""
"30c25ab7-99a0-47ea-a8f4-f014cab74f05","CompositionRelationship","","","92cf9360-d109-4a9c-8285-4cf8346df0c9","ea25fcf8-ac0a-444f-a493-8942b7e0ae6c",""
"94f514a8-4b60-49ab-96c7-e780bde7b088","CompositionRelationship","","","92cf9360-d109-4a9c-8285-4cf8346df0c9","12bddfc4-46fa-4014-842a-a76d3bb988b1",""
"11807917-7ba5-480b-b51b-9b37e445f6e7","CompositionRelationship","","","92cf9360-d109-4a9c-8285-4cf8346df0c9","99752138-832c-4549-8117-478023b27972",""
"49c4a056-f6ef-4b7f-addd-6a86f8755f99","CompositionRelationship","","","92cf9360-d109-4a9c-8285-4cf8346df0c9","c1da2d90-115e-40aa-8f58-ccaf02c05e6d",""
"a831e7d4-5075-4667-b8d7-4c3ac4533d67","CompositionRelationship","","","92cf9360-d109-4a9c-8285-4cf8346df0c9","9a711799-6b33-4512-9fde-adad7bae65c6",""
"03b35f52-28aa-4b75-b23e-b520243f53db","CompositionRelationship","","","92cf9360-d109-4a9c-8285-4cf8346df0c9","98369900-b4d6-4c24-8e76-a1acdc87626b",""
"07aae775-65bd-454e-b6e5-6ebd4ab75ebc","CompositionRelationship","","","92cf9360-d109-4a9c-8285-4cf8346df0c9","37e38af3-7886-4ff6-ac9e-b862a6579961",""
"1823085d-751e-43fb-ba10-032beac77a9d","CompositionRelationship","","","e1eab4e8-325a-4f6d-9d30-980ed0e81e38","d286836a-6b5a-47dd-9754-b38a47a37a7b",""
"45969c04-dde5-4a4e-9519-b0ac72e1cca2","CompositionRelationship","","","c516eb1a-785b-4f0e-adb8-8a8da3b14785","20fe5137-dd1f-44d9-bae9-c574ea8172f9",""
"46aaaecf-71e6-4250-bb7e-af839f4982e4","CompositionRelationship","","","73cd4dfd-4bb2-4006-a6dd-e91fb17571e2","9dd3acc4-a2f1-44e8-8298-d4f2f8492c57",""
"7e90a295-dd2a-4795-afb7-391527f2b349","CompositionRelationship","","","135fe58c-df67-4acd-a3ca-79658726dcc2","70931c9b-0718-46f6-a89a-8f0a7595b438",""
"5419b657-2cb4-407d-866d-238895174fac","CompositionRelationship","","","e2a474fc-3169-42ba-8849-2e1ddabfdc0a","85acd3e8-f360-45c9-ac87-134dba82629a",""
"a83c26b9-a200-422a-b856-709f7b6a3d64","FlowRelationship","","","6f6c773d-ef05-4f2d-9fe3-e0c8f5d6a2e0","e080deb1-0406-4a7d-963b-069544b42323",""
"ca8b55a2-3c10-4392-961d-1c9abc2340f3","FlowRelationship","","","75b863ca-50a9-492b-97a4-de6923cb325b","90e4af26-15e1-42ac-94f0-859df96fe6ae",""
"07c9c9ad-1730-4575-a039-e73bfaf12f19","FlowRelationship","","","b3d5b9cc-41d1-40fe-b65d-1ceb6fc7e655","6c5c80c8-09c3-447c-bf5b-2400d026d406",""
"0e60684c-b941-438e-af35-93d7d491b51d","FlowRelationship","","","bad1b541-034c-4197-9f2e-4c740b6a406b","42fe4c42-bc3e-49e3-adcc-9d60cd4755a5",""
"e2ecc2eb-4dfc-4443-9d64-0df1cc4a65a6","FlowRelationship","","","e3433727-e5d5-493d-8018-e0a4549a1309","19bc83a7-ad79-4449-87dd-2c7ae128de83",""
"786c0c9c-a8b0-48ec-a1ca-6bc86c678333","FlowRelationship","","","15b4d8ef-2e20-42de-b0d7-bd8e974e356d","19bc83a7-ad79-4449-87dd-2c7ae128de83",""
"d19b214d-a742-4afa-94a2-8dc957b8c3b4","FlowRelationship","","","88aaa0e9-343f-4f8c-96d9-77b3332700ca","19bc83a7-ad79-4449-87dd-2c7ae128de83",""
"4c056155-8e09-44de-985b-4edde925c67c","FlowRelationship","","","a7a5ff8b-89f4-4091-a6c7-b22caeead0f5","19bc83a7-ad79-4449-87dd-2c7ae128de83",""
"d48caac1-a5a5-4c43-8746-6515bd47cdd7","FlowRelationship","","","a895044b-ef88-4e29-9cf6-cc29a85a0dee","19bc83a7-ad79-4449-87dd-2c7ae128de83",""
"b4b22510-cb91-48b0-888c-9d7a9c5b6e97","FlowRelationship","","","19bc83a7-ad79-4449-87dd-2c7ae128de83","42a50a06-4774-46ad-8a2e-329d312fb44b",""
"cc2d15b1-dc06-4bd9-9b02-293435b194b8","FlowRelationship","","","20fe5137-dd1f-44d9-bae9-c574ea8172f9","19bc83a7-ad79-4449-87dd-2c7ae128de83",""
"995e7ee8-bc89-4339-a309-473953ef2d60","FlowRelationship","","","72f46d1e-21cc-40ee-bf37-36802d330384","19bc83a7-ad79-4449-87dd-2c7ae128de83",""
"1a1c5157-0a85-4e81-8aed-9ba7b9720b97","FlowRelationship","","","42a50a06-4774-46ad-8a2e-329d312fb44b","c449a0e0-864b-4697-bdcc-32e913fde1f0",""
"424e4a8b-b02a-4d77-a798-a857a3d0d0b5","FlowRelationship","","","1a358222-0118-4a45-9080-2f738717024e","19bc83a7-ad79-4449-87dd-2c7ae128de83",""
"0e5be9d7-d443-4900-8013-6b194970de97","FlowRelationship","spec","Data specification","e080deb1-0406-4a7d-963b-069544b42323","42fe4c42-bc3e-49e3-adcc-9d60cd4755a5",""
"1a6705b4-242d-4bfe-b6a1-7fb2b892b0f9","FlowRelationship","spec","Data specification","e080deb1-0406-4a7d-963b-069544b42323","3e802064-4857-47cb-9e03-c11171347f76",""
"aa6ded94-5365-424f-a719-a2e8a2d49153","FlowRelationship","spec","Data specification","e080deb1-0406-4a7d-963b-069544b42323","0bc42189-88f8-4330-8085-4c99620bb3a3",""
"c30b3ce2-3fa5-49cc-9e57-ad6ed847b2bd","FlowRelationship","spec","Data specification","e080deb1-0406-4a7d-963b-069544b42323","bad1b541-034c-4197-9f2e-4c740b6a406b",""
"82981896-f013-4df6-a439-c3e3cc6769ee","InfluenceRelationship","","","302477fd-525a-4884-a048-cf3668e78b3e","fb778bde-5934-4f34-8f7f-9e2539fe42a3",""
"581c85ca-6235-470a-b11b-e135c023caf0","RealizationRelationship","","","52e84aa3-61a4-4251-8836-21cd5f3a9f8a","5a0dfff0-6e7e-4ddb-b704-b29361a3a363",""
"240858b9-6122-41b8-9194-65a9a4c98962","RealizationRelationship","","","d4c422c5-7c86-4b01-ab17-77486b9f6c50","0abc07cf-b426-4683-99c6-a637e48673f4",""
"2e22909a-35ed-429b-a1e6-36260a1f2d91","RealizationRelationship","","","9e8e5c96-d758-4d91-97cb-e8a77841ce32","6c91b396-a47e-458e-822a-c8ff149e571c",""
"42d5f26f-95a7-4ee7-9a9e-349deb682d2f","RealizationRelationship","","","8cd985f0-827d-4968-ba06-e1b6c2610344","9ddd3913-0a9c-43ce-8e65-38a800a25880",""
"93fe6943-8dbe-4fc9-a636-68e19ee70741","RealizationRelationship","","","cf22ac9c-439b-47d4-b621-f36bc3148784","0abc07cf-b426-4683-99c6-a637e48673f4",""
"d993d5b4-cfaa-4aa4-ae8c-716dcd3b9736","RealizationRelationship","","","6f6c773d-ef05-4f2d-9fe3-e0c8f5d6a2e0","4f957bd4-855e-4966-8989-4b5c43ca4632",""
"ea94846a-ccf0-4414-8489-23c5215423fa","RealizationRelationship","","","e080deb1-0406-4a7d-963b-069544b42323","4f957bd4-855e-4966-8989-4b5c43ca4632",""
"1135ff97-7d4f-4a99-a082-3acbbd5b5702","RealizationRelationship","","","3e802064-4857-47cb-9e03-c11171347f76","4f957bd4-855e-4966-8989-4b5c43ca4632",""
"faf3e840-9cfd-4fbf-a42a-18cb7ff39a9f","RealizationRelationship","","","95e08205-1d14-42d4-8c1d-fa9e21994386","c239b1f2-db63-4c6d-84af-32fbaaea600b",""
"26010691-f762-4374-8f48-0fef947187c4","RealizationRelationship","","","a6aa6022-1e63-41b4-a731-5aed97472ce1","4f957bd4-855e-4966-8989-4b5c43ca4632",""
"1f406dd5-6ce3-4623-89e3-f619940fcad9","RealizationRelationship","","","e43d20bf-2a01-4951-8d34-802786eb8514","fac0c2e3-1f33-4204-b3da-e2976f266323",""
"0ecad3d4-45fc-4cf4-aa04-7c0d56a707e9","RealizationRelationship","","","ae0cc04f-63ac-4929-b00a-cdeeaba955aa","9f01df00-bd11-4e6f-b4a0-e4b5449c2742",""
"da60fe21-d4c8-4223-8f05-dc0192f9078b","RealizationRelationship","","","15b4d8ef-2e20-42de-b0d7-bd8e974e356d","82874b2b-e5b9-40be-b356-fbd9080a87c9",""
"09e39b03-5c25-418d-9f93-b3a673680fdf","RealizationRelationship","","","e3433727-e5d5-493d-8018-e0a4549a1309","ce379b67-1691-4986-90b9-fb9127961aef",""
"fb214831-0589-45b1-bc6c-8c70b120d841","RealizationRelationship","","","88aaa0e9-343f-4f8c-96d9-77b3332700ca","17697f0b-61ac-4545-839b-e34a5decaa04",""
"49eb1997-6125-4f93-a6a6-7fb742faeb31","RealizationRelationship","","","a7a5ff8b-89f4-4091-a6c7-b22caeead0f5","cbd72fa4-19e3-4d1d-a98f-467fc677c636",""
"ab8ea5f8-7c4d-49f2-a622-a132052314a3","RealizationRelationship","","","c449a0e0-864b-4697-bdcc-32e913fde1f0","4115fa6f-bbd3-4b54-a7bf-a635c7eaf15d",""
"fb0ab4a7-bfae-4406-a1a3-d61207378652","RealizationRelationship","","","19bc83a7-ad79-4449-87dd-2c7ae128de83","0bf76a43-ec6e-490b-a2a7-868b86f46962",""
"e47e0697-f523-45f5-b920-fd71103e204e","RealizationRelationship","","","72f46d1e-21cc-40ee-bf37-36802d330384","fc446f5f-369b-469c-b337-986dd1efce79",""
"c272e61d-231a-44fb-9a90-b3a9ecd32a50","RealizationRelationship","","","631f57d6-1155-4e51-acf2-cc95f5e8a7e2","2538a261-af3f-4588-85a4-57a4f4e7741a",""
"0b0a6668-6216-4855-a1db-73343c194059","RealizationRelationship","","","31435204-51f6-4144-b64b-04d8b9a2dc5b","e9ed113e-1e6e-4420-bd32-8f2c6c8075a3",""
"07f946bd-bfba-41ab-b237-430c9f80d6c9","RealizationRelationship","","","3fce9831-4f9f-4605-817b-d8e23a78f9f8","35488c86-22e2-462e-8d6d-b99b5fedaf05",""
"63dfcbbe-f61b-4e5f-9657-800b0f59c242","RealizationRelationship","","","bade55ce-cc41-4dec-9679-9150501bf288","98a2674b-f991-4e6d-8001-8f11ba9a6f68",""
"29f279cc-422c-43bf-9a8c-fbd003ae3f31","RealizationRelationship","","","0cad7471-16d1-49ce-bbd3-0e4e29557433","ac1729fc-990d-4533-8891-f662d4647dd2",""
"89c01b3f-a545-468b-9a19-0b9b1db73878","RealizationRelationship","","","57e4299a-01db-42b4-aac7-2d41adc2365d","2763c22f-5033-4323-8617-1c6dafd83175",""
"31462e98-1b7a-4bba-9481-9d4937cfd29d","RealizationRelationship","","","edb63e8a-3e85-4ba1-803a-6c530df279cb","27867e54-3c3b-4c7f-84ec-439c59455971",""
"357818ee-226d-49ad-8f67-dc60711117f6","RealizationRelationship","","","7a157d8b-799d-4691-a734-6311e42ade7e","cf6ae60b-0c45-41cc-8f2f-19321c6966bd",""
"caddef6b-8535-44da-9994-c61099c21138","RealizationRelationship","","","135fe58c-df67-4acd-a3ca-79658726dcc2","d71d53d1-3a45-4fef-ae5e-ded4b9ffdcc2",""
"e338900b-4e4f-4d29-b4ae-33c44ba52335","RealizationRelationship","","","b6fc6aa7-b7b0-4c8d-99a9-774412ca56f5","28df2327-73ff-4552-a29f-7b1fbd69db9e",""
"31c37d78-4103-456a-a79f-4b16677750f0","RealizationRelationship","","","3e802064-4857-47cb-9e03-c11171347f76","93ef52e2-8cc7-42fe-af1c-808996a2edbe",""
"e0d8ce08-6439-4cb8-9753-dfaf9b6a5b68","RealizationRelationship","","","31435204-51f6-4144-b64b-04d8b9a2dc5b","eb0fa486-a19f-4b2a-9a37-78b1a678c933",""
"45270e2f-4116-4a19-a176-406db3f71556","RealizationRelationship","","","858b6feb-2a96-4412-9990-b88d6a13829e","e9ed113e-1e6e-4420-bd32-8f2c6c8075a3",""
"b213f89e-ad66-43a1-aa8d-ec51e6ab30ba","RealizationRelationship","","","a6aa6022-1e63-41b4-a731-5aed97472ce1","f9ae8178-eae8-4a48-97ce-f29d4358b050",""
"347ea91a-fd58-4c84-94a5-3c19ea68ace5","RealizationRelationship","","","6cce350c-4678-4e02-85bd-f83bf090e2a6","441a8b30-1df4-4cc7-b82b-a9a880eb1a8c",""
"d3e56d61-1a66-4cc0-aaab-469e30f1ba63","RealizationRelationship","","","d15be473-6ed6-4ed6-9049-d8d17694722f","587ab668-c08d-4f73-87ee-17fb374ebd35",""
"61c262ac-f289-40f0-af6d-f1289c2eef2f","RealizationRelationship","","","6cce350c-4678-4e02-85bd-f83bf090e2a6","c7b619fc-3b02-4d75-864c-8f75b8345877",""
"b0dadde6-1914-4d56-99f1-bd51e76c37e5","RealizationRelationship","","","afe67120-1af6-43ab-becd-e40cad6e37b3","e46f25aa-61dc-471a-83de-07c5df389f9c",""
"97aaf27e-3795-4d82-a3ee-0ff9d781453c","RealizationRelationship","","","b62384ff-6b5e-49dd-9d15-140801db5d0f","4e7377bd-f8a3-4163-893f-6959435b8fab",""
"ced5f028-a5a2-4b39-82b4-da4686e770c6","RealizationRelationship","","","85511af5-9f5a-40cb-8cc0-9a5b7b2116ae","c3bdbfe5-299e-443b-af8c-9fd561da3aca",""
"abf172de-bce4-4ef7-a51d-7e6ffacf7a39","RealizationRelationship","","","85511af5-9f5a-40cb-8cc0-9a5b7b2116ae","9676a976-1e9f-4046-8cf9-ee9731a9e04d",""
"fa9ceabe-e523-4715-a60d-d8d882d91318","RealizationRelationship","","","f91e38d1-c277-4827-ae17-217682cbc96b","c0948260-91bc-418d-86e7-1965471e5187",""
"85f342fd-bd7c-40ae-8e63-1819bebb6079","RealizationRelationship","","","1a358222-0118-4a45-9080-2f738717024e","28a932d9-0035-46b4-b4e6-c8a510f3d1fa",""
"5cbeca39-65fb-44f3-b6af-e6c1c91bef15","RealizationRelationship","","","3d727da2-c8d2-4131-aa5f-cbeaf7a348ba","2bfc3f93-8c05-496f-814e-5f62e5a63935",""
"6770c122-0604-44e5-8f5d-8803067f140c","RealizationRelationship","","","3fa4a998-5e2f-4c9b-854c-8c4432c02304","c2573aa5-f4a3-4be1-ac0c-3a9c10d7a685",""
"29af05d6-1d2c-4517-8184-eeb7523f4296","RealizationRelationship","","","da28b14f-4f83-4c74-8d79-19d7fe09ce6b","983afa7e-fd49-4dde-9204-eef05dd9144d",""
"3be8df2a-df96-4944-9a7f-e302424cc83c","RealizationRelationship","","","da28b14f-4f83-4c74-8d79-19d7fe09ce6b","d112d5ed-8eea-4e45-b3e0-13b9c0a4aa8e",""
"10e8e025-7c6b-4473-803a-c70d3baa0bfd","RealizationRelationship","","","a895044b-ef88-4e29-9cf6-cc29a85a0dee","9528e75e-777f-4708-9a79-1aa4fe8f317c",""
"5bcbea01-826e-43a0-8eca-c5ea8936ad0d","RealizationRelationship","","","e73df4b5-ab44-4ef6-bb25-2e1992bb5878","44c2ca6b-eafa-4481-aa0d-cc9e6919c349",""
"d1766dd5-f0e7-49ba-a6ac-3a91210c6e75","RealizationRelationship","","","e12ce47f-a602-4ac4-a8de-5125a7af8432","e2be7b89-4086-44f6-82ee-53574ce9f899",""
"8e7c740a-3aa4-4bbf-be32-63a068cc3a10","RealizationRelationship","","","332a81f4-59cc-4337-a661-700d48f7971d","cf6ae60b-0c45-41cc-8f2f-19321c6966bd",""
"c2b956d4-d714-4a7d-8d65-e8ce87eaceda","RealizationRelationship","","","553ef20f-336c-4729-addf-5c555df32637","27867e54-3c3b-4c7f-84ec-439c59455971",""
"36065da4-1ba7-4b64-9945-39bb0256267e","RealizationRelationship","","","56bf5eb0-92dc-4e39-bce9-589caca3fdcf","c2573aa5-f4a3-4be1-ac0c-3a9c10d7a685",""
"32382290-83df-4834-b1d5-4881ff5e43d3","RealizationRelationship","","","bb47cf93-e944-4ed6-a392-940e92e968f6","2841d6c0-c530-4221-8243-859e3148abf9",""
"660f5ac5-4bd1-4695-86f8-f947dcc78669","RealizationRelationship","","","252887bc-adb9-49d6-a669-85b8d577088c","2d56f39b-9bc5-49a1-ba04-1c2475a04f46",""
"0763a604-e463-4505-bfe0-cdf5c9d1d24e","RealizationRelationship","","","ea25fcf8-ac0a-444f-a493-8942b7e0ae6c","2d56f39b-9bc5-49a1-ba04-1c2475a04f46",""
"da38b342-46de-430d-9e06-81fe7c6762b1","RealizationRelationship","","","12bddfc4-46fa-4014-842a-a76d3bb988b1","a11cc538-5fe6-4854-a245-4fb5789f5151",""
"8163d18b-3e16-4a50-acab-e6ab85037c96","RealizationRelationship","","","99752138-832c-4549-8117-478023b27972","976e4001-9170-4e9a-bb8f-407f4d5422ea",""
"9e013b42-495d-4dcd-9c6e-5b10c9504b73","RealizationRelationship","","","c1da2d90-115e-40aa-8f58-ccaf02c05e6d","ba4c4a6b-cea7-40ff-97d6-1d96ee1ce04a",""
"440ce59a-a540-4fc7-8a35-304acd43db88","RealizationRelationship","","","9a711799-6b33-4512-9fde-adad7bae65c6","7c3a5a9f-6ac5-4301-b31e-b00315c8139e",""
"24ac9934-a7c4-43b3-b3e6-56f6a4c89614","RealizationRelationship","","","0bc7d1e6-dd40-41d2-9734-8a7f6ed4c9f3","302477fd-525a-4884-a048-cf3668e78b3e",""
"94c6119c-203e-4fa8-b668-fa56bb45888f","RealizationRelationship","","","98369900-b4d6-4c24-8e76-a1acdc87626b","302477fd-525a-4884-a048-cf3668e78b3e",""
"3c266018-24ab-4dc4-bc8e-9559c8b51147","RealizationRelationship","","","feb2c7b5-c6dc-42a9-b8d5-2b858499766a","2cdc6efe-088a-4310-8297-7a6058ab82d2",""
"6a05268a-e105-4e86-ba1a-12c3c07e20d9","RealizationRelationship","","","73cd4dfd-4bb2-4006-a6dd-e91fb17571e2","ff7a2b84-a42d-4e4a-9025-2eb023de9c9d",""
"d597db5e-765d-4d08-bdd1-78f143fe4712","RealizationRelationship","","","feb2c7b5-c6dc-42a9-b8d5-2b858499766a","a695be44-0eaf-4b8d-9c93-2c83a5a890eb",""
"2df5b37a-2a36-4801-ade2-cfb52a3d0115","ServingRelationship","","","6f6c773d-ef05-4f2d-9fe3-e0c8f5d6a2e0","6f21d387-5b45-436e-9ab7-98a2c3576d12",""
"68d2813d-b1d0-433d-86bc-b6b13980e978","ServingRelationship","","","5a0dfff0-6e7e-4ddb-b704-b29361a3a363","3e802064-4857-47cb-9e03-c11171347f76",""
"5598bf5f-9a65-4285-9377-165717583626","ServingRelationship","","","75b863ca-50a9-492b-97a4-de6923cb325b","90e4af26-15e1-42ac-94f0-859df96fe6ae",""
"8f7c497e-fb00-483d-a876-b18ce327aaac","ServingRelationship","","","0abc07cf-b426-4683-99c6-a637e48673f4","6f21d387-5b45-436e-9ab7-98a2c3576d12",""
"632d7a3d-5dbd-48ab-8a0c-bdb77cb92bf8","ServingRelationship","","","4f957bd4-855e-4966-8989-4b5c43ca4632","6f21d387-5b45-436e-9ab7-98a2c3576d12",""
"5db771e8-203c-4c86-abf1-26a2e3506f51","ServingRelationship","","","dcdeed31-3407-4214-a2af-73bb27f2064a","cf22ac9c-439b-47d4-b621-f36bc3148784",""
"72334d63-54a7-4068-a30b-400a1b358aa5","ServingRelationship","","","d4c422c5-7c86-4b01-ab17-77486b9f6c50","cf22ac9c-439b-47d4-b621-f36bc3148784",""
"2675fabe-c89f-435a-a05f-dc2aa21b49aa","ServingRelationship","","","9ddd3913-0a9c-43ce-8e65-38a800a25880","b3d5b9cc-41d1-40fe-b65d-1ceb6fc7e655",""
"76651d07-b4ce-4db2-bf86-6db59e8e8494","ServingRelationship","","","6c91b396-a47e-458e-822a-c8ff149e571c","b3d5b9cc-41d1-40fe-b65d-1ceb6fc7e655",""
"e763d2d9-b5d6-41d0-bf64-71c725277487","ServingRelationship","","","0bf76a43-ec6e-490b-a2a7-868b86f46962","6f6c773d-ef05-4f2d-9fe3-e0c8f5d6a2e0",""
"66ae7d49-9e1e-4528-967b-f5997d674bd3","ServingRelationship","","","19bc83a7-ad79-4449-87dd-2c7ae128de83","6f6c773d-ef05-4f2d-9fe3-e0c8f5d6a2e0",""
"58d0830d-f0d5-41b6-a73c-4a8f44cd84ff","ServingRelationship","","","88aaa0e9-343f-4f8c-96d9-77b3332700ca","e080deb1-0406-4a7d-963b-069544b42323",""
"8e9ef1a9-b620-4a1a-9a8e-7db1e0998165","ServingRelationship","","","a7a5ff8b-89f4-4091-a6c7-b22caeead0f5","e080deb1-0406-4a7d-963b-069544b42323",""
"58663135-56a1-4032-b250-a1a27a303cd8","ServingRelationship","","","19bc83a7-ad79-4449-87dd-2c7ae128de83","e080deb1-0406-4a7d-963b-069544b42323",""
"79cefd4c-b824-452e-8b0e-e37b8bf7f2aa","ServingRelationship","","","19bc83a7-ad79-4449-87dd-2c7ae128de83","3e802064-4857-47cb-9e03-c11171347f76",""
"707d417c-b86a-4c72-8ba0-0b5cd4332c4e","ServingRelationship","","","5a0dfff0-6e7e-4ddb-b704-b29361a3a363","95e08205-1d14-42d4-8c1d-fa9e21994386",""
"610a2c56-9203-432b-9886-fff3eb63e279","ServingRelationship","","","19bc83a7-ad79-4449-87dd-2c7ae128de83","95e08205-1d14-42d4-8c1d-fa9e21994386",""
"df998c24-7060-4656-b14c-18fbd128fad6","ServingRelationship","","","0bf76a43-ec6e-490b-a2a7-868b86f46962","0bc42189-88f8-4330-8085-4c99620bb3a3",""
"e2eb0ef9-6d03-4d65-9bf7-33e3b4d2c45c","ServingRelationship","","","15b4d8ef-2e20-42de-b0d7-bd8e974e356d","bad1b541-034c-4197-9f2e-4c740b6a406b",""
"c0e52d48-36df-4a57-bf27-60f1a9d0eefd","ServingRelationship","","","e3433727-e5d5-493d-8018-e0a4549a1309","42fe4c42-bc3e-49e3-adcc-9d60cd4755a5",""
"bce98283-860f-4c75-a659-675d554dd210","ServingRelationship","","","19bc83a7-ad79-4449-87dd-2c7ae128de83","a6aa6022-1e63-41b4-a731-5aed97472ce1",""
"e4815cc0-bcc2-48f2-9d19-3578e8121e23","ServingRelationship","","","0bf76a43-ec6e-490b-a2a7-868b86f46962","a6aa6022-1e63-41b4-a731-5aed97472ce1",""
"56d5ddfb-b329-4429-884c-8c1dacf3bd65","ServingRelationship","","","874780cb-a98f-4120-970d-9caf5ec45602","d8de45c6-6016-4529-ae99-05c1f17504dd",""
"7512718b-e572-4532-9361-694eacfd0bf5","ServingRelationship","","","9ddd3913-0a9c-43ce-8e65-38a800a25880","6c5c80c8-09c3-447c-bf5b-2400d026d406",""
"a5bbbe9c-3269-4d44-920c-b3d191e88e2b","ServingRelationship","","","6c91b396-a47e-458e-822a-c8ff149e571c","6c5c80c8-09c3-447c-bf5b-2400d026d406",""
"513c1c77-2c47-4c4b-8927-9c87ca921ecc","ServingRelationship","","","2538a261-af3f-4588-85a4-57a4f4e7741a","874780cb-a98f-4120-970d-9caf5ec45602",""
"a413190e-5d2e-47ae-8691-a136b990c07d","ServingRelationship","","","c449a0e0-864b-4697-bdcc-32e913fde1f0","e43d20bf-2a01-4951-8d34-802786eb8514",""
"c5904df1-8f1a-4e80-ae20-582baf0be41e","ServingRelationship","","","631f57d6-1155-4e51-acf2-cc95f5e8a7e2","874780cb-a98f-4120-970d-9caf5ec45602",""
"f26a9103-fb02-46cd-9039-94ffb46dd0ba","ServingRelationship","","","19bc83a7-ad79-4449-87dd-2c7ae128de83","e43d20bf-2a01-4951-8d34-802786eb8514",""
"f9e7f3f7-acdd-4339-aa13-00555c79c2b0","ServingRelationship","","","03c1765d-33b6-44ca-afe9-73a732e352ce","19bc83a7-ad79-4449-87dd-2c7ae128de83",""
"d0ac08c6-9282-40a8-ab89-0cd379cf213f","ServingRelationship","","","a784dbef-d572-4bcc-a3ba-174b292b1a10","a7a5ff8b-89f4-4091-a6c7-b22caeead0f5",""
"926e78f7-c6a5-47ef-8356-99146ee2e7f0","ServingRelationship","","","151e04e4-3bdb-4fbf-a472-159740d32fe6","88aaa0e9-343f-4f8c-96d9-77b3332700ca",""
"77fcc308-bd6c-427f-afc1-cb159aa59c1f","ServingRelationship","","","fce37642-7dd3-40d8-b301-45b7696daf40","52e84aa3-61a4-4251-8836-21cd5f3a9f8a",""
"c6e6db20-f4d8-4910-aa79-45639abff2c4","ServingRelationship","","","c7dc0058-1cd6-423c-a8d4-d30d8ee37be1","72f46d1e-21cc-40ee-bf37-36802d330384",""
"f22c92c7-859c-49b1-99b3-a26649d23d88","ServingRelationship","","","032210c3-957f-48a0-8b33-61d0c52b878b","03c1765d-33b6-44ca-afe9-73a732e352ce",""
"98b4ecdc-1a70-4fc4-8aaa-9a38570be3b7","ServingRelationship","","","032210c3-957f-48a0-8b33-61d0c52b878b","c7dc0058-1cd6-423c-a8d4-d30d8ee37be1",""
"7746bfbc-d7d6-4c0f-9f82-b53a5075fc50","ServingRelationship","","","31435204-51f6-4144-b64b-04d8b9a2dc5b","e3433727-e5d5-493d-8018-e0a4549a1309",""
"f9236f87-976a-4871-9008-caa347f64b73","ServingRelationship","","","82874b2b-e5b9-40be-b356-fbd9080a87c9","bad1b541-034c-4197-9f2e-4c740b6a406b",""
"49ee2fa4-613b-4209-9dc2-b558d70d03bf","ServingRelationship","","","ce379b67-1691-4986-90b9-fb9127961aef","42fe4c42-bc3e-49e3-adcc-9d60cd4755a5",""
"cae94c68-fd18-4ba7-a146-0a5bad46aa49","ServingRelationship","","","d112d5ed-8eea-4e45-b3e0-13b9c0a4aa8e","95e08205-1d14-42d4-8c1d-fa9e21994386",""
"e2abf828-aac2-4d38-a755-a159cb07fc98","ServingRelationship","","","4115fa6f-bbd3-4b54-a7bf-a635c7eaf15d","e43d20bf-2a01-4951-8d34-802786eb8514",""
"d4ae8c70-9ff9-4db1-8fb1-7d46440c6dc0","ServingRelationship","","","17697f0b-61ac-4545-839b-e34a5decaa04","e080deb1-0406-4a7d-963b-069544b42323",""
"34f3e49b-9c47-4a69-a4c4-241cd7e82f0c","ServingRelationship","","","cbd72fa4-19e3-4d1d-a98f-467fc677c636","e080deb1-0406-4a7d-963b-069544b42323",""
"75c15c61-511f-43e9-8453-06e5cfbd304e","ServingRelationship","","","fc446f5f-369b-469c-b337-986dd1efce79","6f6c773d-ef05-4f2d-9fe3-e0c8f5d6a2e0",""
"2d30a198-ea5d-4e23-9e76-03947418bcec","ServingRelationship","","","d112d5ed-8eea-4e45-b3e0-13b9c0a4aa8e","3e802064-4857-47cb-9e03-c11171347f76",""
"c3ad0260-7670-443a-8e1f-ed16d38ab99c","ServingRelationship","","","5a0dfff0-6e7e-4ddb-b704-b29361a3a363","d112d5ed-8eea-4e45-b3e0-13b9c0a4aa8e",""
"1d8bc805-d249-40d4-9f7a-366aa1b78c88","ServingRelationship","","","0bf76a43-ec6e-490b-a2a7-868b86f46962","e43d20bf-2a01-4951-8d34-802786eb8514",""
"6cdecc84-a98e-465c-8f69-576b6413ddc7","ServingRelationship","","","e9ed113e-1e6e-4420-bd32-8f2c6c8075a3","19bc83a7-ad79-4449-87dd-2c7ae128de83",""
"4af6ed81-5447-40d7-90b5-8a738f1a208b","ServingRelationship","","","98a2674b-f991-4e6d-8001-8f11ba9a6f68","e3433727-e5d5-493d-8018-e0a4549a1309",""
"2913cda6-b08e-4ad4-8452-6f148eb3a86f","ServingRelationship","","","35488c86-22e2-462e-8d6d-b99b5fedaf05","15b4d8ef-2e20-42de-b0d7-bd8e974e356d",""
"36084932-0b35-4768-97f8-423045e11317","ServingRelationship","","","27867e54-3c3b-4c7f-84ec-439c59455971","88aaa0e9-343f-4f8c-96d9-77b3332700ca",""
"0a92b6c1-15d8-44c5-8547-3e733b30777c","ServingRelationship","","","cf6ae60b-0c45-41cc-8f2f-19321c6966bd","a7a5ff8b-89f4-4091-a6c7-b22caeead0f5",""
"08a4d9bc-538f-4ef0-a626-3e78b20b7b54","ServingRelationship","","","d71d53d1-3a45-4fef-ae5e-ded4b9ffdcc2","72f46d1e-21cc-40ee-bf37-36802d330384",""
"cebf7cf4-7159-4e7e-9f0f-896a9e84ca84","ServingRelationship","","","ac1729fc-990d-4533-8891-f662d4647dd2","c449a0e0-864b-4697-bdcc-32e913fde1f0",""
"0c6f4ecb-fdba-4774-9a55-a47c85645f60","ServingRelationship","","","2763c22f-5033-4323-8617-1c6dafd83175","631f57d6-1155-4e51-acf2-cc95f5e8a7e2",""
"3ef35568-9171-4024-b46f-89a6834d5307","ServingRelationship","","","28df2327-73ff-4552-a29f-7b1fbd69db9e","52e84aa3-61a4-4251-8836-21cd5f3a9f8a",""
"1922707c-c6c3-40c7-ac2e-8e7c27460002","ServingRelationship","","","93ef52e2-8cc7-42fe-af1c-808996a2edbe","6f21d387-5b45-436e-9ab7-98a2c3576d12",""
"157ee5cb-e4a3-4bd8-aa8f-c4f74f7e019d","ServingRelationship","","","983afa7e-fd49-4dde-9204-eef05dd9144d","3e802064-4857-47cb-9e03-c11171347f76",""
"fc159d6d-80b2-4e5d-9320-076a7c74dddc","ServingRelationship","","","5a0dfff0-6e7e-4ddb-b704-b29361a3a363","983afa7e-fd49-4dde-9204-eef05dd9144d",""
"955dfff8-077f-4758-a967-7e74816e07cd","ServingRelationship","","","dddf24e6-55ec-4a5c-a6e5-7aaf6afc6ee4","19bc83a7-ad79-4449-87dd-2c7ae128de83",""
"77d3a3bd-ed76-4eab-9540-587cd4a7c491","ServingRelationship","","","eb0fa486-a19f-4b2a-9a37-78b1a678c933","42a50a06-4774-46ad-8a2e-329d312fb44b",""
"48e3d3ce-c7aa-4d71-85c2-0084f670ff3d","ServingRelationship","","","fc446f5f-369b-469c-b337-986dd1efce79","95e08205-1d14-42d4-8c1d-fa9e21994386",""
"b0ff796d-2bcf-46a9-bff7-1ef70641b438","ServingRelationship","","","441a8b30-1df4-4cc7-b82b-a9a880eb1a8c","c0948260-91bc-418d-86e7-1965471e5187",""
"a9f5b53a-59d2-4b1d-8ddc-ab09d971cf13","ServingRelationship","","","c0948260-91bc-418d-86e7-1965471e5187","4f1f67a0-2854-450f-adb8-cf07282b53e5",""
"16db8903-05f6-4ddd-83ac-31c151a9ad0e","ServingRelationship","","","c3bdbfe5-299e-443b-af8c-9fd561da3aca","4f1f67a0-2854-450f-adb8-cf07282b53e5",""
"9335558d-c754-4321-bb8d-cf1b93e939ef","ServingRelationship","","","9676a976-1e9f-4046-8cf9-ee9731a9e04d","4f1f67a0-2854-450f-adb8-cf07282b53e5",""
"3b37c23b-ac27-40cb-a319-e7aec7268703","ServingRelationship","","","e46f25aa-61dc-471a-83de-07c5df389f9c","6cce350c-4678-4e02-85bd-f83bf090e2a6",""
"951fd20e-e327-406f-8c9d-76ae5d8049f3","ServingRelationship","","","4e7377bd-f8a3-4163-893f-6959435b8fab","d15be473-6ed6-4ed6-9049-d8d17694722f",""
"8686e2bf-5979-4e96-ba39-48b9bb5be26d","ServingRelationship","","","c7b619fc-3b02-4d75-864c-8f75b8345877","c3bdbfe5-299e-443b-af8c-9fd561da3aca",""
"6b4ec777-af62-4277-ad2c-18420140fd34","ServingRelationship","","","587ab668-c08d-4f73-87ee-17fb374ebd35","9676a976-1e9f-4046-8cf9-ee9731a9e04d",""
"a7e15513-8fd4-465a-9af6-0ccfd7c7a094","ServingRelationship","","","c7b619fc-3b02-4d75-864c-8f75b8345877","85511af5-9f5a-40cb-8cc0-9a5b7b2116ae",""
"86b68623-94b1-4ffa-b246-a316c35bdb9b","ServingRelationship","","","587ab668-c08d-4f73-87ee-17fb374ebd35","85511af5-9f5a-40cb-8cc0-9a5b7b2116ae",""
"4a9889ae-74bb-4301-9299-3dd2f0a24c7d","ServingRelationship","","","441a8b30-1df4-4cc7-b82b-a9a880eb1a8c","f91e38d1-c277-4827-ae17-217682cbc96b",""
"14061697-5ca7-48a6-bd19-d377d20523ee","ServingRelationship","","","cbd72fa4-19e3-4d1d-a98f-467fc677c636","3d727da2-c8d2-4131-aa5f-cbeaf7a348ba",""
"c3bd934e-130e-4acc-b29e-ac5a08e7fc3b","ServingRelationship","","","17697f0b-61ac-4545-839b-e34a5decaa04","3d727da2-c8d2-4131-aa5f-cbeaf7a348ba",""
"9ad80224-b900-424b-938b-09d4f5ab4611","ServingRelationship","","","28a932d9-0035-46b4-b4e6-c8a510f3d1fa","3d727da2-c8d2-4131-aa5f-cbeaf7a348ba",""
"2cc048b5-0780-45c4-98b9-fb8a26397a24","ServingRelationship","","","2bfc3f93-8c05-496f-814e-5f62e5a63935","6f21d387-5b45-436e-9ab7-98a2c3576d12",""
"5e9615ef-eb48-4ad1-a9ba-d451dbe0eb33","ServingRelationship","","","c2573aa5-f4a3-4be1-ac0c-3a9c10d7a685","1a358222-0118-4a45-9080-2f738717024e",""
"18b99a30-0b06-4edb-a378-fb3a16201c85","ServingRelationship","","","5a0dfff0-6e7e-4ddb-b704-b29361a3a363","da28b14f-4f83-4c74-8d79-19d7fe09ce6b",""
"64304edc-7c96-4829-9271-f1a99d64a127","ServingRelationship","","","20fe5137-dd1f-44d9-bae9-c574ea8172f9","da28b14f-4f83-4c74-8d79-19d7fe09ce6b",""
"bf355520-5238-4b89-bca4-18d183b0be11","ServingRelationship","","","9528e75e-777f-4708-9a79-1aa4fe8f317c","b3d5b9cc-41d1-40fe-b65d-1ceb6fc7e655",""
"3b76ccad-89c3-41bc-977f-ae4d57075eea","ServingRelationship","","","9528e75e-777f-4708-9a79-1aa4fe8f317c","6c5c80c8-09c3-447c-bf5b-2400d026d406",""
"3c3d6815-1de3-4b90-9819-951193126b9c","ServingRelationship","","","9ddd3913-0a9c-43ce-8e65-38a800a25880","a895044b-ef88-4e29-9cf6-cc29a85a0dee",""
"89c076c2-8d8f-416a-a443-cbbcdb5a0607","ServingRelationship","","","6c91b396-a47e-458e-822a-c8ff149e571c","a895044b-ef88-4e29-9cf6-cc29a85a0dee",""
"1b25fcaa-9780-40de-9aac-96203573e1c1","ServingRelationship","","","fc446f5f-369b-469c-b337-986dd1efce79","a6aa6022-1e63-41b4-a731-5aed97472ce1",""
"36014137-b560-4e65-9731-d010fdb2fc6e","ServingRelationship","","","44c2ca6b-eafa-4481-aa0d-cc9e6919c349","20fe5137-dd1f-44d9-bae9-c574ea8172f9",""
"d26a7d33-d5d6-48ee-97ee-25d2701f82fb","ServingRelationship","","","e2be7b89-4086-44f6-82ee-53574ce9f899","a895044b-ef88-4e29-9cf6-cc29a85a0dee",""
"1e6c8784-3287-405b-859a-ffbb455f70dc","ServingRelationship","","","fc446f5f-369b-469c-b337-986dd1efce79","e43d20bf-2a01-4951-8d34-802786eb8514",""
"bf975e5b-075d-4ad7-a73a-1619f8e318c2","ServingRelationship","","","ff7a2b84-a42d-4e4a-9025-2eb023de9c9d","31435204-51f6-4144-b64b-04d8b9a2dc5b",""
"0f309378-6deb-4353-a2f6-9136cec795a8","ServingRelationship","","","ff7a2b84-a42d-4e4a-9025-2eb023de9c9d","bade55ce-cc41-4dec-9679-9150501bf288",""
"79ee55f4-ab5d-447e-bb6b-de10b7d9ba76","ServingRelationship","","","ff7a2b84-a42d-4e4a-9025-2eb023de9c9d","858b6feb-2a96-4412-9990-b88d6a13829e",""
"22ffc6da-1a7b-4c6f-a973-1105c004c314","ServingRelationship","","","ff7a2b84-a42d-4e4a-9025-2eb023de9c9d","3fce9831-4f9f-4605-817b-d8e23a78f9f8",""
"b00302f4-8a3a-4cb3-99a5-60c08eca7d95","ServingRelationship","","","ff7a2b84-a42d-4e4a-9025-2eb023de9c9d","553ef20f-336c-4729-addf-5c555df32637",""
"d2f6d34e-0cf3-41de-9340-b2f2fec82f5e","ServingRelationship","","","ff7a2b84-a42d-4e4a-9025-2eb023de9c9d","56bf5eb0-92dc-4e39-bce9-589caca3fdcf",""
"77ec03df-2501-4466-b879-f3648a1fb074","ServingRelationship","","","ff7a2b84-a42d-4e4a-9025-2eb023de9c9d","332a81f4-59cc-4337-a661-700d48f7971d",""
"16420ecc-10ee-4499-b670-db228bcc39ba","ServingRelationship","","","ff7a2b84-a42d-4e4a-9025-2eb023de9c9d","135fe58c-df67-4acd-a3ca-79658726dcc2",""
"c9c6fb29-31e9-4333-8b31-cd1d322e818a","ServingRelationship","","","ff7a2b84-a42d-4e4a-9025-2eb023de9c9d","e12ce47f-a602-4ac4-a8de-5125a7af8432",""
"485daa26-805c-4c5b-83b9-2b4e0f4d522f","ServingRelationship","","","ff7a2b84-a42d-4e4a-9025-2eb023de9c9d","e73df4b5-ab44-4ef6-bb25-2e1992bb5878",""
"ec143166-ccf6-44a0-897f-1bb777d4987f","ServingRelationship","","","ff7a2b84-a42d-4e4a-9025-2eb023de9c9d","b6fc6aa7-b7b0-4c8d-99a9-774412ca56f5",""
"d1f94867-320b-4032-a146-587c280055d6","ServingRelationship","","","ff7a2b84-a42d-4e4a-9025-2eb023de9c9d","57e4299a-01db-42b4-aac7-2d41adc2365d",""
"0b501347-8874-47a6-b07d-75dfd8188d00","ServingRelationship","","","ff7a2b84-a42d-4e4a-9025-2eb023de9c9d","0cad7471-16d1-49ce-bbd3-0e4e29557433",""
"50fd48e7-fbd1-41ae-8882-047e8072f4f8","ServingRelationship","","","c239b1f2-db63-4c6d-84af-32fbaaea600b","6f21d387-5b45-436e-9ab7-98a2c3576d12",""
"e5434e82-4493-4934-a616-2f7a6b32cf2f","ServingRelationship","","","fac0c2e3-1f33-4204-b3da-e2976f266323","6f21d387-5b45-436e-9ab7-98a2c3576d12",""
"b4d61db9-1eba-46d3-838b-4e233a385a39","ServingRelationship","","","fac0c2e3-1f33-4204-b3da-e2976f266323","2afd24f9-5928-45b6-a362-d755368e752b",""
"111fff05-f9ee-4d37-a333-747ffa2a1c94","SpecializationRelationship","","","438aff85-c238-4bf7-bd6d-58c2b1bf97ce","e4ae6c68-1536-453d-9c65-008a19740f71",""
"d74bc37e-4116-4523-822e-20cfd29cbc70","TriggeringRelationship","","","6f6c773d-ef05-4f2d-9fe3-e0c8f5d6a2e0","e080deb1-0406-4a7d-963b-069544b42323",""
"45542572-7753-454d-800f-267df818bca7","TriggeringRelationship","","","75b863ca-50a9-492b-97a4-de6923cb325b","f573438d-479c-4c31-8f21-abbe85474a6b",""
"c9125771-56f4-499b-bb74-6fcbf3d0753e","TriggeringRelationship","","","75b863ca-50a9-492b-97a4-de6923cb325b","231e1e4d-7f5a-49dc-85e6-28b22acc7d1f",""
"4ccd27c0-e16b-47fd-955b-2efba3fd6025","TriggeringRelationship","","","75b863ca-50a9-492b-97a4-de6923cb325b","90e4af26-15e1-42ac-94f0-859df96fe6ae",""
"6a0a91a8-63ef-460b-96ae-4c57e14396e8","TriggeringRelationship","","","22e6b4b2-f34e-46db-a2cd-912b0485ca25","231e1e4d-7f5a-49dc-85e6-28b22acc7d1f",""
"db33d4de-1628-480f-9a2f-ddbcc33cac79","TriggeringRelationship","","","cf22ac9c-439b-47d4-b621-f36bc3148784","6f6c773d-ef05-4f2d-9fe3-e0c8f5d6a2e0",""
"7cdbc7a1-2273-40af-ad16-7b0a833d88fd","TriggeringRelationship","","","cf22ac9c-439b-47d4-b621-f36bc3148784","f9ae8178-eae8-4a48-97ce-f29d4358b050",""
"b2df0bbe-ca65-455d-bc98-9bbb4c88f202","TriggeringRelationship","","","cf22ac9c-439b-47d4-b621-f36bc3148784","3d727da2-c8d2-4131-aa5f-cbeaf7a348ba",""
"05b089ae-7bdc-422c-849f-20c34be87b8b","TriggeringRelationship","","","52e84aa3-61a4-4251-8836-21cd5f3a9f8a","90e4af26-15e1-42ac-94f0-859df96fe6ae",""
"5987b611-6786-4cbf-901c-c1b4bba042d8","TriggeringRelationship","","","52e84aa3-61a4-4251-8836-21cd5f3a9f8a","f573438d-479c-4c31-8f21-abbe85474a6b",""
"be09eebd-cafd-440f-ab2d-64b86fb035d2","TriggeringRelationship","","","52e84aa3-61a4-4251-8836-21cd5f3a9f8a","231e1e4d-7f5a-49dc-85e6-28b22acc7d1f",""
"ce78ea71-7744-4d09-ab57-8f44d18150f5","TriggeringRelationship","","","e1eab4e8-325a-4f6d-9d30-980ed0e81e38","8878425a-1103-4ded-96c6-83defe60a497",""
"f867e585-6b71-4e75-b111-cad91960decf","TriggeringRelationship","","","e1eab4e8-325a-4f6d-9d30-980ed0e81e38","c6d7a6c8-b6c4-4027-9d28-5cc8a7cc15f2",""
"190c609f-f780-44bc-b3a8-b5c10b5d56f9","TriggeringRelationship","","","e1eab4e8-325a-4f6d-9d30-980ed0e81e38","9185e356-5566-4d11-9df9-d54446aef11b",""