"ID","Type","Name","Documentation","Specialization"
"466b1e76","ArchimateModel","Domein Sport 020","",""
"f483699f","BusinessActor","Amsterdammer","",""
"7e28f3f4","BusinessActor","Amsterdamse Bos","Volgens http://intranet.amsterdam.nl/medewerkers-sport/sport-bos/: ""De afdeling is verantwoordelijk voor het integrale beheer en onderhoud van het Amsterdamse Bos. Dat is het groen, de natuurgebieden, het weg- en straatmeubilair, de watergangen, de Bosbaan, het Sportpark, de gebouwen, en de machines en voertuigen. Daarnaast houdt deze afdeling zich bezig met taken als toezicht, handhaving, informatievoorziening, voorlichting, excursies, educatie, workshops, coördinatie en begeleiding van evenementen en festivals. Daarnaast is het onderdeel Boswerk verantwoordelijk voor de leer- en werkplekken in het Bos. Ook onder het Amsterdamse Bos vallen de boswachterij, de boswinkel en het evenementenbureau.""",""
"e9d995b9","BusinessActor","Andere medewerkers","",""
"3360d6b4","BusinessActor","Assetmanagement","",""
"c8672d40","BusinessActor","Buitenschoolse opvang","",""
"7463abe7","BusinessActor","Buurt Praktijk Teams","In West zijn er Buurt Praktijk Teams, zie https://www.amsterdam.nl/bestuur-organisatie/bestuurscommissies/bestuurscommissie/buurt-praktijk-team/
",""
"dd96bf12","BusinessActor","Cluster Sociaal","",""
"7c842828","BusinessActor","Combiwel","",""
"ef0807d3","BusinessActor","Combiwel, Dynamo, MBVO, ...","",""
"097ae3a2","BusinessActor","Compudienst / LVP","Leverancier van het AMIS systeem voor de verhuur.",""
"39d1fd9e","BusinessActor","Cruyff Foundation","",""
"0dfe8aa0","BusinessActor","DG Groep","DG Groep is samen met de KOAC-NPC moederbedrijf van Gisib BV.

Volgens https://dggroep.nl/: ""De adviseurs van de DG Groep vormen een middelgroot adviesbureau voor de openbare ruimte. Kwaliteit, creativiteit en betaalbaarheid staan voorop. Wij vinden het belangrijk dat de buitenruimte mooi en functioneel is en blijft. Wij zijn uw partner voor alle aspecten van de inrichting en het beheer van de buitenruimte. Samen met u werken wij aan een totaalpakket voor een optimale inrichting van de buitenruimte. Wij leveren daarbij specialistische kennis van geografische informatiesystemen en groen.""",""
"e6e54acd","BusinessActor","Financiën","",""
"95f76ac0","BusinessActor","Funtrax","",""
"8ace7c9a","BusinessActor","Gebiedspool","",""
"aef9cef4","BusinessActor","Gemeente Amsterdam","",""
"0b281724","BusinessActor","Gemeentelijk Vastgoed","",""
"91d1eb3c","BusinessActor","GGD","",""
"cefc3184","BusinessActor","Grond en Ontwikkeling","",""
"0db5a4ba","BusinessActor","Jeroen Hofman","",""
"9fc5dd50","BusinessActor","Jeugdsportfonds Amsterdam","",""
"56bbc7c5","BusinessActor","KOAC-NPC","KOAC-NPC is samen met de DP-Groep moederbedrijf van Gisib BV.

Volgens http://www.koac-npc.com: ""KOAC•NPC is dé zakelijke dienstverlener met onderzoeksfaciliteiten en deskundigheid op een breed gebied van de mobiliteitsinfrastructuur. Wij werken voor en met alle partijen die actief zijn op het gebied van wegen, vliegvelden, bedrijfsterreinen en dijkbekledingen.""",""
"8aeff85f","BusinessActor","Krajicek Foundation","",""
"85fd7289","BusinessActor","Ministerie van VWS","",""
"4f41002d","BusinessActor","Multitask ICT","",""
"084fd1c2","BusinessActor","Nederlandse Sport Alliantie","De de opleiding tot 'leider sportieve recreatie' (lsr) is een door NOC/NSF erkende opleiding van de Nederlandse Sport Alliantie (NSA).

Volgens http://www.sportalliantie.nl/: ""Sportadviesbureau NSA heeft ruim tachtig jaar ervaring met het ontwikkelen, coördineren en uitvoeren van projecten op het gebied van (breedte)sport en beweging in verschillende maatschappelijke contexten.

Wij werken in opdracht van overheden zoals ministeries, provincies en gemeenten, lokale sportverenigingen en landelijke organisaties zoals NOC*NSF en sportbonden. Daarnaast zijn we in toenemende mate actief binnen onderwijs, zorginstellingen en andere maatschappelijke organisaties

De NSA zet zich in voor een sport- beweeg- en leefomgeving waarin je je veilig voelt, het leuk is, je jezelf kunt zijn en voor iedereen een plek is! Binnen verenigingen, in de buurt en op school. Dit realiseren wij met een uitgebreid portfolio aan diensten en producten waarmee wij opdrachtgevers ondersteunen bij hun vraagstukken op het terrein van onder andere sportkader, vrijwilligers, professionals, leefbaarheid, diversiteit, gezondheid en waarden en normen.""
",""
"12b9625a","BusinessActor","Onderwijs","",""
"a2f96cea","BusinessActor","Only Friends","Sportvereniging Only Friends in Noord",""
"dc013d23","BusinessActor","Reade","",""
"6c610308","BusinessActor","Ruimte en Duurzaamheid","",""
"af76cfb5","BusinessActor","Scholen","",""
"740fe530","BusinessActor","Sciandri","",""
"04392001","BusinessActor","Sciandri, Sport op Maat, Stichting Ara Cora, MBVO","",""
"93b91023","BusinessActor","Sport en Bos","",""
"d3c37aee","BusinessActor","Sport en Recreatie","",""
"54d8726a","BusinessActor","Sportaanbieder","",""
"bdc17018","BusinessActor","Sportbeleid en -ontwikkeling","Volgens http://intranet.amsterdam.nl/medewerkers-sport/sport-bos/: ""De afdeling Sportbeleid en –ontwikkeling is verantwoordelijk voor het opstellen van de beleidskaders en daarmee onder meer voor het Sportplan met een duidelijke visie op sport en bewegen in Amsterdam. Dat bestrijkt het hele scala van Topsport, Sportparticipatie, Sportaccommodaties en Evenementen. Naast de directe afstemming met wethouder, College, en gemeenteraad, onderhoudt deze afdeling goede contacten met alle stakeholders om sport op alle niveaus te laten floreren in de stad. Naast de meest in het oog springende aandacht voor grote sportevenementen, liggen de accenten de komende tijd op de investeringen in sportaccommodaties, het gebruik van de openbare ruimte, en de ontwikkeling van urban sports.""",""
"cf82b4c0","BusinessActor","Sporthallen en -parken","Volgens http://intranet.amsterdam.nl/medewerkers-sport/sport-bos/: ""De afdeling Sporthallen en -parken is verantwoordelijk voor een maximale exploitatie van de accommodaties en zorgt dat de accommodaties voldoen aan de normen van de sportbonden en keuringsinstanties. Een belangrijk speerpunt voor deze afdeling is om de dienstverlening in de komende jaren naar een hoger plan te tillen en nog meer tegemoet te komen aan de wensen van de sportende Amsterdammer.""",""
"55373191","BusinessActor","Sportpunt","Volgens http://intranet.amsterdam.nl/medewerkers-sport/sport-bos/: ""Eén gemeentelijk sportloket voor klanten, partners en stakeholders. Het Sportpunt is een spil en vliegwiel in het functioneren van de sportorganisatie en heeft nauwe banden met alle sportrelaties in de stad. Een belangrijk speerpunt voor het Sportpunt is de informatievoorziening over alle sportactiviteiten in Amsterdam.""",""
"f2afe958","BusinessActor","Sportstimulering","Volgens http://intranet.amsterdam.nl/medewerkers-sport/sport-bos/: ""Afdeling Sportstimulering is in samenwerking met sportstimulering bij de stadsdelen, verantwoordelijk voor het opzetten van stadsbrede sportinitiatieven en -activiteiten om alle Amsterdammers in beweging te brengen. Sportstimuleringsprogramma’s zoals Primair Onderwijs, Evenementen, Aangepast Sporten, Schoolzwemmen, Sportaanbieders, Veilig Sportklimaat en Topscore hebben een plek binnen deze afdeling.""",""
"e3c44e6e","BusinessActor","Stadsdeel","",""
"097ef8f5","BusinessActor","Stadsdeel Zuid","",""
"c4342617","BusinessActor","Stichting Meer Bewegen voor Ouderen","Volgens http://www.mbvo-amsterdam.nl/Organisatie.htm: ""MBvO organiseert en initieert bewegingsactiviteiten in de diverse stadsdelen voor ouderen. De term MBvO (Meer Bewegen voor Ouderen) is een verzamelnaam waaronder verschillende activiteiten voor ouderen vallen, met name gymnastiek, volksdansen en zwemmen. De doelstelling van het MBvO is om zo lang mogelijk zelfstandig te blijven functioneren. Alle docenten hebben een rijkserkend diploma van de landelijke opleiding MBvO en krijgen daarnaast jaarlijks bijscholingscursussen aangeboden. Voor ouderen zijn in vrijwel alle stadsdelen activiteiten bereikbaar. Deelnemers betalen een eigen bijdrage.""

Ook ""Meer Bewegen voor Ouderen is een zelfstandig onderdeel van cordaan Thuiszorg""",""
"efade83a","BusinessActor","Stichting Prisma","",""
"2537e645","BusinessActor","Stichting Sport & Behaviour","",""
"70644ff4","BusinessActor","Stichting Sportservice Amsterdam","Volgens http://www.sportservicenoordholland.nl/region_page.php?id=73: ""Stichting Sportservice Amsterdam heeft voornamelijk combinatiefunctionarissen in dienst. De stichting is verantwoordelijk voor het totale personeelsbeleid van de combinatiefunctionarissen. Er werken 6 medewerkers op kantoor; één hoofd van de stichting, vier leidinggevenden en één administratieve ondersteuner.""",""
"c72f7f3f","BusinessActor","Streetcornerwork, Jongerenwerk, Cruyff Foundation, Krajicek Foundation, ROC, Randstad","",""
"70a76265","BusinessActor","Subsidies","",""
"8436dba4","BusinessActor","Verenigingen","",""
"40f1dca8","BusinessActor","Verkeer en Openbare Ruimte","Rve Verkeer en Openbare Ruimte is verantwoordelijk voor beheer, onderhoud, exploitatie en optimaal gebruik van de openbare ruimte, waaronder de sportparken. Zij hebben daarvoor een team Assetmanagement. Ze werken met het systeem Gisib waarin oa bodemkaarten zitten.",""
"6c381a4f","BusinessActor","Zwembaden","Volgens http://intranet.amsterdam.nl/medewerkers-sport/sport-bos/: ""De afdeling Zwembaden is verantwoordelijk voor hoogstaande kwaliteit, met accent op duurzaamheid en gastheerschap. Speerpunten voor de komende periode zijn de ontwikkeling van een visie op zwembadbeheer, de exploitatie voor Amsterdam, en het uitbreiden van zwemmogelijkheden voor mensen met een beperking.""",""
"d35f373e","BusinessCollaboration","Gisib BV","Leverancier van het systeem Gisib.

Volgens http://www.gisib.nl/contact/gisib-bv: ""Gisib BV is een coproductie van de bedrijven KOAC-NPC en de DG Groep, twee toonaangevende specialisten in het beheer van de buitenruimte. De expertises van KOAC-NPC en de DG Groep zijn complementair en bestrijken alle gebieden van het beheer van de openbare ruimte: kwalitetisborging, inspectie, schouwen en  het beheer vaan o.a. wegen, terreinen, speelplaatsen, kunstwerken, riolering en verlichting. Al die kennis komt samen in gisib.""",""
"3fca669c","BusinessEvent","Jaarlijks","",""
"a5f5275d","BusinessFunction","Andere taken","",""
"1b57b74c","BusinessFunction","Asset Management","Verantwoordelijkheid van en belegd bij rve Verkeer en Openbare Ruimte.",""
"31480f06","BusinessFunction","Beheer en onderhoud Amsterdamse Bos","",""
"7d1d387c","BusinessFunction","Beheer en onderhoud sporthallen en -parken","Volgens de Sportvisie 2025: ""In 2016 is de verantwoordelijkheid voor alle gemeentelijke sportaccommodaties overgeheveld naar de centrale sportorganisatie Sport en Bos. Het sportvastgoed wordt per 2017 ondergebracht bij Gemeentelijk Vastgoed en het beheer en onderhoud van sportterreinen is onderdeel van Sport en Bos ...  Het beheer en onderhoud (instandhoudingsplannen) van bestaande en nieuw te realiseren sportaccommodaties wordt structureel in de gemeentelijke begroting opgenomen.""",""
"d3911682","BusinessFunction","Beleidsvorming","",""
"4f00a930","BusinessFunction","Exploitatie zwembaden","",""
"74998a60","BusinessFunction","Gastheerschap","Volgens Sportvisie 2025: ""Doordat de vaste gebruikers in de nieuwe systematiek huurders worden, komt het gastheerschap op onze accommodaties bij de gemeente te liggen. Amsterdam ontwikkelt actief gastheerschap op gemeentelijke accommodaties. Sportmedewerkers facilitair beheer en dienstverlening volgen een hospitality training.""",""
"0c29c001","BusinessFunction","Gebiedsgerichte beweegactiviteiten","",""
"c70a2bc6","BusinessFunction","Gebiedsontwikkeling","Verantwoordelijkheid van Cluster Ruimte en Economie, rve Grond en Ontwikkeling. Maar ook van belang voor Sport, want volgens de Sportvisie: ""We zetten om die reden planologisch en stedenbouwkundig in op:
§§ De uitbreiding van binnensportfaciliteiten en kleinschalige multifunctionele buitensport gekoppeld aan scholen en wijkvoorzieningen (campusmodel, voorbeeld sportpark Zeeburgereiland).
§§ Integratie en optimalisatie van bestaande groene sportparken als onderdeel van gebiedsontwikkeling, zodat deze weer onderdeel gaan uitmaken van woonwijken en de bereikbaarheid en toegankelijkheid van deze parken wordt vergroot (onder andere sportpark Sloten, Spieringhorn, Elzenhagen).
§§ De realisatie van nieuwe sportparken in grote gebiedsontwikkelingen (IJburg 2, De Nieuwe Kern, IJ-oevers).
§§ Uitbreiding van het buitensportareaal in het groen rond de stad, in samenwerking met buurgemeenten en de regio.
§§ Bij de vervanging en/of uitplaatsing van stedelijke (top)faciliteiten kiezen we voor de bundeling van sportieve functies aan de Sportas en in het Centrumgebied Zuidoost.""",""
"1d22dacc","BusinessFunction","Inzet combinatiefunctionarissen","",""
"744cdbf4","BusinessFunction","Lokale sportstimule-ring","",""
"ee76dbba","BusinessFunction","Opdrachtgeverschap aan Sciandri","",""
"3a29fe7b","BusinessFunction","Organisatie Topsport","",""
"e76cdf6a","BusinessFunction","Organisatie van vereniging en sportaanbod","",""
"f6133706","BusinessFunction","Periodieke verhuur sporthallen en gymzalen","",""
"86221862","BusinessFunction","Planologie","Verantwoordelijkheid van Cluster Ruimte en Economie, rve Ruimte en Duurzaamheid. Maar ook van belang voor Sport, want volgens de Sportvisie 2025 : ""Daarom neemt Amsterdam in haar toekomstige ruimtelijke beleidskader (de omgevingsvisie) een Hoofd Sporten Beweegstructuur op. Deze HSB geeft een overzicht van de behoefte aan sport- en beweegruimte, wijst plekken aan waar deze ruimte is geborgd en/of wordt gerealiseerd en langs welke verbindende routes accenten op sport en bewegen worden gelegd. Bewegende stad (zie blz. 11), de themastudies sport en groen (Koers 2025) en de verkenning sport-onderwijs zijn belangrijke bouwstenen voor de op te stellen HSB.""",""
"47617781","BusinessFunction","Programma Amsterdamse Aanpak Gezond Gewicht","Volgens https://www.amsterdam.nl/bestuur-organisatie/organisatie/sociaal/onderwijs-jeugd-zorg/amsterdamse-aanpak/programma/: ""Alle Amsterdamse kinderen op gezond gewicht in 2033. Dat is de missie van de Amsterdamse Aanpak Gezond Gewicht.""",""
"5df6a136","BusinessFunction","Programma Jump-in","Volgens https://www.amsterdam.nl/bestuur-organisatie/organisatie/sociaal/onderwijs-jeugd-zorg/amsterdamse-aanpak/scholenprogramma/: ""Het scholenprogramma Jump-in helpt Amsterdamse basisscholen om kinderen meer te laten bewegen en gezonder te eten. Hoe scholen kunnen bijdragen aan een gezonde leefstijl en wat ze kunnen doen is uitgewerkt in de 8 Amsterdamse doelen voor gezonde scholen.""",""
"d7522b18","BusinessFunction","Programma Topscore","Volgens https://www.amsterdam.nl/sport/scholen/topscore-amsterdam/topscore/: ""Topscore Amsterdam geeft je de kans te ontdekken welke sport bij jou past. De gemeente Amsterdam, jouw school en sportclubs zorgen er samen voor dat jij tijdens en na schooltijd kan sporten. Via Topscore ontdek je in korte tijd alle ins en outs van de door jou gekozen sport. Als je je bij Topscore aanmeldt, train je iedere week samen met medescholieren. Daarnaast speel je wedstrijden en bezoek je activiteiten en evenementen. Ook laten we je zien waar je bij jou in de buurt kunt sporten.

Je kunt samen met je vrienden meedoen aan Topscore, maar ook alleen. Plezier staat tijdens de training voorop!

Voor vragen over Topscore bij jou op school kun je terecht bij de gymleraar. Als je een sport gekozen hebt, krijg je te maken met een vaste trainer. Deze trainer wordt jouw contactpersoon. Voor vragen over trainingen, wedstrijden en sportclubs bij jou in de buurt kun je dan bij hem of haar terecht.""

Via deze webpagina vind je speciale pagina's en 'menukaarten' voor de sporten
Urban sports
American Football
Atletiek
Basketbal
Badminton
Dans
Freerunning
Kracht- en vechtsport
Roeien
Tafeltennis
Tennis
Voetbal
Volleybal 

Zie ook https://www.facebook.com/Topscore020. Kennelijk al gestart in 1998?


",""
"c46c6510","BusinessFunction","Relatie management","",""
"a85444e9","BusinessFunction","Rolmodellen en ambassadeurs zoeken","",""
"5398d66c","BusinessFunction","Sportbuurtwerk in Nieuw-West","",""
"51aed705","BusinessFunction","Sportbuurtwerk in Zuidoost","",""
"ea07af3e","BusinessFunction","Sporten, recreëren en bewegen, Sportparticipatie","",""
"d0449536","BusinessFunction","Sportpromotie","",""
"ce4fe732","BusinessFunction","Sportstimule-ring","Volgens https://www.amsterdam.nl/sport/sportstimulering/: ""Sportstimulering draagt zorg voor de uitvoering van het Amsterdamse sportbeleid. Centraal staat de sportvereniging, maar er wordt ook gewerkt voor en met andere organisaties.

Vanuit de gezonde sportvereniging werkt Sportstimulering aan een toegankelijke sportomgeving voor alle Amsterdammers, waarbij iedereen het aanbod kan vinden dat bij hem/haar past en met veel plezier de sport kan beleven.

De ondersteuning vanuit Sportstimulering bestaat uit vaste programma’s en producten zoals Topscore, Jump-in, de inzet van combinatiefuncties, verenigingsadvies, de verhuur van sport- en spelmateriaal bij de Sport-O-Theek, en de planning en verhuur van alle Amsterdamse sporthallen. Daarnaast wordt de ontwikkeling van nieuw sportaanbod gestimuleerd door adviezen en startsubsidies, en verzorgt Sportstimulering de exploitatie en het beheer van sportaccommodaties.

Sportstimulering is een unieke, ondernemende organisatie, die werkt in opdracht van en in samenwerking met Sportbeleid en -ontwikkeling, de Amsterdamse stadsdelen en partnerorganisaties, aan een positief sportklimaat in heel Amsterdam en aan de verhoging van de kwaliteit van de sport. Sportstimulering draagt daarmee bij aan het behalen van een groot aantal maatschappelijke doelen zoals participatie, gezondheid en welzijn, integratie en veiligheid.""",""
"7fd6a9de","BusinessFunction","Sportstimulering Centrum","",""
"67382a07","BusinessFunction","Sportstimulering in Nieuw-West","",""
"05457649","BusinessFunction","Sportstimulering in Noord","",""
"94300580","BusinessFunction","Sportstimulering in Oost","",""
"60cd55c2","BusinessFunction","Sportstimulering in West","Interview 20161115 met Urjan van Dienst (Afdelingsmanager Sport van afdeling Sport en Recreatie van Stadsdeel West)

In West is het motto ""West Beweegt!"".
Dat uit zich in een proactieve instelling richting kwetsbare groepen.
Sport enerzijds als doel maar anderzijds ook als middel bij allerlei andere doelstellingen (vanuit AAGG, OOV, participatie, betrokkenheid, ...)
Verschillende 'vindplekken' voor de verschillende doelgroepen: in het onderwijs, op speelplekken en pleintjes, ...
Afhankelijk van doelgroep en doelstellingen zijn er verschillende activiteiten.
Deels ingericht middels subsidiëring (Combiwel (89K), MBVO (66K), ...)
In samenwerking met combinatiefunctionarissen, Streetcornerwork, Jongerenwerk, Cruyff Foundation, Krajicek Foundation, ROC, Randstad, ...
Maar ook eigen beweegactiviteiten, gebiedsgericht
Verslaglegging door CF'ers over

 * Wie doet er aan mee
 * Wie zijn er niet
 * Wat speelt er in de groep
 * Wat zijn de behoeftes

""Ken de namen""
Signalering naar de scholen toe
Jongerensportcoach traject
Wordt gefinancierd.
Cursus Leider Sportieve Recreatie
Oa gericht op de Top 1000
Rolmodellen zoeken, en ambassadeurs
Hoe verloopt de communicatie? Via Whatsapp, in ieder geval met de jongeren zelf.
Er is wel een soort volgsysteem mbv scorekaarten, met competenties en eventueel diploma's
Er is ook de mogelijkheid voor het invullen van een taakstraf bij de speeltuinen.
Er wordt iets bedacht voor de 'vergeten' doelgroep 25+
Voor ouderen gebeurt wel al het nodige: Wandelclubjes, Gezond koken, ...
Decos? Ja voor klachtenbrieven.
In West zijn er Buurt Praktijk Teams, zie https://www.amsterdam.nl/bestuur-organisatie/bestuurscommissies/bestuurscommissie/buurt-praktijk-team/

Registratie gebeurt voornamelijk in Excel

 * Activiteiten: waar, wanneer, door wie georganiseerd
 * Speeltuinen
 * Speelplekken
 * Sportaanbieders (uptodate houden door 2-jaarlijkse enquete)

De website van het stadsdeel had het voorheen goed op orde.
De website evenementen.amsterdam.nl is te omslachtig

Relatiemanagement met de sportaanbieders moet ook goed ondersteund worden.",""
"a8b8dd8d","BusinessFunction","Sportstimulering in Zuid","",""
"775cb653","BusinessFunction","Sportstimulering Zuidoost","",""
"41e454a9","BusinessFunction","Straatsport, seniorensport, vakantie-activiteiten, ...","",""
"7c19cdf9","BusinessFunction","Subsidiëring","",""
"28cfbbb8","BusinessFunction","Toeleiding LSR opleiding","",""
"fadec291","BusinessFunction","Toeleiding naar JSF","",""
"4327235a","BusinessFunction","Uitbesteed middels subsidiëring","",""
"6bd93bd4","BusinessFunction","Verhuur gymzalen, sporthallen en -parken","Verhuur van sporthallen, gymzalen, materialen, en tzt ook velden en parken.",""
"f258b25a","BusinessObject","Accomodatie","",""
"a9df8716","BusinessObject","Afspraak","",""
"e910dfa8","BusinessObject","Contactinformatie","",""
"ba9829c9","BusinessObject","Correspondentie","",""
"4a5ec956","BusinessObject","Factuur","",""
"084ca447","BusinessObject","Gymzaal","",""
"ab6ca761","BusinessObject","Overzicht gebruik en bezetting","",""
"82f4cc1c","BusinessObject","Relatie","Bijlage 1. Gewenste informatie sportaanbieders (concept BV 20170620)

Algemeen
o algemeen e-mailadres: 
o NAW
o kvk nr
o rechtsvorm
o Bestuurder (veel wisseling, actueel houden).  
o Wachtlijsten. 
o # leden (incl. leeftijdscategorieën/G-sport/50+
o Aangesloten bij welke sportbond
o Financiële status (voldoende/ovoldoende, schulden aan de gemeente)

locatie/accommodatie
o stadsdeel/gebied
o sportpark (adres/soort velden)
o sporthal/gymzaalm(adres/soort velden)
o status van locatie (huur/eigendom)
o faciliteiten op locatie
o binnen/buiten
o subsidie op accommodatie

Sportaanbod
o Welke sporten op welk niveau
o Welk ander aanbod op de locatie (kinderopvan, kantoorruimte, buurthuisfie etc)
o Welke ondersteuning van de gemeente
o Hebben ze een CF (ook voorgaande jaren)
o Nemen ze deel aan samenwerkingsverband
o Ledenbehoud (retentietool)
o Zijn er wachtlijsten en hoe zijn ze ontstaan?
o Betrokken bij sportstimuleringsbudget op school (promotie/NSA/evenementen/BSV/ Topscore+)

Diversen
o Wat doen ze aan duurzaamheid
o Welke evenementen organiseren ze of zijn ze bij betrokken
o Zijn er bijzonderen gebeurtenissen te melden over deze aanbieder
o Wat doen ze aan VSK projecten (zeer breed, veel verschillende projecten)
o Belangrijkste huidige issues die spelen bij deze aanbieder
o Contactmomenten
o Hebben ze Sportimpuls aanvraag gedaan/toegewezen gekregen?
o Zijn ze een erkend Leerbedrijf?
o Wat zijn de interessegebieden van deze aanbieder?
o Zjn ze betrokken bij de Stadspas (nu nog pilot)
o Zijn ze betrokken bij project Open Club/betrokken sportvereniging
o Maakt aanbieder gebruik van andere ondersteuning vanuit de gemeente (bijvoorbeeld curussen, netwerk, adviestrajecten (ook van voorgaande jaren)
o Hebben ze een gezonde sportkantine",""
"431afc44","BusinessObject","Rooster","",""
"1eba8d92","BusinessObject","Sleutel","",""
"d78c83f5","BusinessObject","Sporthal","",""
"9a5b3c54","BusinessObject","Sportpark","",""
"2eb7a1eb","BusinessObject","Sportveld","",""
"7b4232f1","BusinessObject","Tarievenlijst","",""
"c3d46200","BusinessObject","Toegangspas","",""
"e0e2bdf4","BusinessObject","Zwarte lijst","",""
"2a895547","BusinessProcess","Aanpassen voorstel","",""
"cecc60d2","BusinessProcess","Accepteren reservering","",""
"40f12b23","BusinessProcess","Accepteren voorstel","",""
"3893f6f4","BusinessProcess","Autoriseren toegangspas","",""
"5046a809","BusinessProcess","Beoordelen voorstel","",""
"a49d4fd3","BusinessProcess","Betalen","",""
"f2247711","BusinessProcess","Contracteren bedrijven","",""
"77008dbe","BusinessProcess","Controleren huurder","",""
"80b4ba86","BusinessProcess","Dagelijks beheer & onderhoud","",""
"d613a040","BusinessProcess","Evalueren en ontwikkelen","",""
"03052a59","BusinessProcess","Factuur maken","",""
"96b3a52f","BusinessProcess","Incidenteel verhuren","",""
"54e207ec","BusinessProcess","Kassaproces","",""
"01c847ac","BusinessProcess","Lokale sportstimule-ring","",""
"bc8cdf86","BusinessProcess","Marketing & intensivering","",""
"1dda85fc","BusinessProcess","Organiseren activiteiten","",""
"3e071ff2","BusinessProcess","Periodiek contracteren huurders","",""
"f0ac10d0","BusinessProcess","Planning onderhoud","",""
"df04c372","BusinessProcess","Publieksinfor-matie","",""
"edc7eded","BusinessProcess","Publieksinfor-matie (Boswinkel)","",""
"10035965","BusinessProcess","Relatiemanagement","",""
"a157aade","BusinessProcess","Reserveren","",""
"922cd773","BusinessProcess","Rooster aanpassen","",""
"dc9579ad","BusinessProcess","Subsidiëren","",""
"2e1a0ada","BusinessProcess","Toezicht houden","",""
"cf6abaa5","BusinessProcess","Toezicht houden","",""
"437e2d36","BusinessProcess","Toezicht houden (Boswachterij)","",""
"eaa330a8","BusinessProcess","Vastleggen voorstel","",""
"1d5be9ce","BusinessProcess","Vaststellen tarieven","",""
"d02ca343","BusinessProcess","Verantwoorden","",""
"52a829d9","BusinessProcess","Verhuren","",""
"20efe8d5","BusinessProcess","Verhuren sportartikelen","",""
"4b427505","BusinessProcess","Voorstel maken","",""
"a3482532","BusinessProcess","Voorstel voorleggen","",""
"e4c64b84","BusinessRole","Beheerder","",""
"0ed62ccb","BusinessRole","Beleidsadviseur","",""
"60923e32","BusinessRole","Buurtsportcoach","",""
"157af446","BusinessRole","Combinatiefunctionaris","Volgens https://www.amsterdam.nl/sport/sportaanbieders/combinatiefuncties/: ""Een combinatiefunctionaris is de verbindende schakel tussen de school en de sportvereniging. Een combinatiefunctionaris laat tijdens de gymles kinderen kennismaken met een tak van sport. Na schooltijd geeft hij sportactiviteiten op school, op de sportverenging of op de schoolsportvereniging. Een combinatiefunctionaris is dus één aanspreekpunt op zowel de school als de sportvereniging.

De Amsterdamse combinatiefunctionarissen zijn in dienst van Stichting Sportservice Amsterdam. Zij doen zowel uitvoerende als coördinerende werkzaamheden. Daarnaast maakt de combinatiefunctionaris plannen voor de sportvereniging en helpt hij bij de ontwikkeling van trainers.

Sportverenigingen en scholen die een combinatiefunctionaris willen inzetten (of willen behouden), maken deze wens kenbaar bij het stadsdeel. Stichting Sportservice Amsterdam gaat vervolgens op zoek naar een passende combinatiefunctionaris. De stadsdelen Nieuw-West, Noord en Zuidoost zijn aandachtsgebieden voor de gemeente Amsterdam.""",""
"e078e658","BusinessRole","Huurder","",""
"8f2f491e","BusinessRole","Sportcoördinator","",""
"5c97855b","BusinessRole","Sportmakelaar","",""
"54d8e256","BusinessService","Bodemkaarten","",""
"818f862c","BusinessService","Overzicht Staat van beheer en onderhoud","Wens van Norbert Krijnen 20161215: ""En graag een overzicht met per park en hal  de staat van beheer en onderhoud.""",""
"a1b372db","BusinessService","Overzicht wachtlijsten","Wens van Norbert Krijnen 20161215: ""Graag ook een overzicht van wachtlijsten, bijvoorbeeld voor hockey. En inzicht in (aantallen) mensen die voor alle hockeyclubs hebben ingeschreven.""

Zie bijvoorbeeld  http://www.parool.nl/binnenland/hockey-in-amsterdam-barst-uit-zijn-voegen~a3630404/
",""
"2b5b3b6b","Contract","Contract","",""
"9aad29b8","Contract","Contracten","",""
"37dc32ce","Contract","Huurovereenkomst","",""
"fa7a9152","Product","Buurtsportverenigingen","Volgens Ruben zijn er in Oost zo'n 20 buurtsportverenigingen voor verschillende sporten in verschillende buurten. Zit tussen verenigingen en thuis in.
Volgens http://www.dichtbij.nl/amsterdam-oost/regionaal-nieuws/artikel/3692092/buurtsportvereniging-weer-van-start-.aspx:
""Deelnemers kunnen drie keer een andere sport kiezen of dertig weken lang dezelfde sport doen. Van atletiek tot schermen, van tafeltennis tot meidenvoetbal, voor iedereen zit er wel een sport tussen. Deelname kost 10 euro voor tien weken, en met de stadspas 5 euro voor tien weken. Vooraf inschrijven hoeft niet. Belangstellenden kunnen naar de sporthal/-zaal komen, aanmelden en gelijk meesporten. De buurtsportvereniging is een samenwerkingsverband tussen stadsdeel Oost en diverse sportverenigingen in Oost. De verenigingen organiseren de sportlessen.  In drie periodes van tien weken kunnen verschillende sporten worden uitgeprobeerd.""
Alle aanmeldingen komen via trainers bij het stadsdeel terecht, per buurtsportvereniging is zo het aantal deelnemers in kaart. Het gaat vooral om motiveren, band opbouwen, en naar club helpen. Dus stadspas geeft korting.
",""
"582415e0","Product","Club Marshals","Volgens http://www.amsterdammarshals.nl/clubmarshals/: ""Wil je een jaar lang meedoen aan verschillende sporten? Dat kan bij Club Marshals! Club Marshals biedt in vijf wijken, iedere acht weken een andere sport aan. De sporten zijn: Flag Football, Honkbal, Basketbal, Dans en Atletiek. Club Marshals zit in: de K-Buurt, Venserpolder, de H-Buurt, Holendrecht en in Reigersbos. Club Marshals wordt vergoed door de Stadspas. (Pilot Gemeente Amsterdam)""",""
"6bc19595","Product","Cursus Jeugd Sport Begeleider Nieuw-West","",""
"55ea5afb","Product","Cursus Jeugd Sport Begeleider Zuidoost","Volgens https://www.amsterdam.nl/sport/scholing-cursussen/aanmelden-cursus/: ""De cursus bestaat uit 8 lessen van 2 uur. Daarnaast ga je bij een eigen club of in je eigen wijk ervaring opdoen met het aanbieden van activiteiten.

Voorwaarden om deel te nemen
    Je woont in stadsdeel Zuidoost
    Je dient tijdens en na afloop van de cursus minimaal 10 activiteiten te begeleiden met een gezamenlijk te bepalen doelgroep in stadsdeel Zuidoost
    Je moet een geldige Verklaring Omtrent het Gedrag (VOG) uit dit jaar hebben. 

Vooraf betaal je een borg van € 20 die je na het behalen van je certificaat terugkrijgt. Deze kosten worden door het stadsdeel betaald. Ook de kosten voor de aanvraag van de VOG worden vergoed.""",""
"30bb5373","Product","Gebiedsbriefings","",""
"8d094753","Product","Instuif","Genoemd door Ruben als onderdeel van sportstimulering in Oost",""
"c10e00ae","Product","Jeugdsportfonds","Volgens https://www.jeugdsportfonds.nl/: ""Het Jeugdsportfonds geeft sportkansen aan kinderen en jongeren uit gezinnen waar niet genoeg geld is om lid te worden van een sportvereniging.""

Volgens https://www.jeugdsportfonds.nl/fonds/amsterdam/#info: ""Het Jeugdsportfonds Amsterdam geeft sportkansen aan kinderen en jongeren uit gezinnen waar niet genoeg geld is om lid te worden van een sportvereniging. Voor die kinderen betaalt Jeugdsportfonds de contributie en in bepaalde gevallen de sportattributen tot een maximum van € 225 per kind. Het kan zijn dat een gemeente eigen spelregels heeft, u kunt die vanaf onze homepage downloaden.  Zijn er meerdere kinderen in het gezin die iets aan sport willen doen? Dat mag!""",""
"17c156bd","Product","Jongerenactiviteiten Zuidoost","Volgens https://www.amsterdam.nl/sport/sportactiviteiten-0/sporten-kinderen/zuidoost/: ""Ben je tussen de 12 en 18 jaar, kom dan naar onze gratis activiteiten in jouw buurt. Tijdens deze activiteiten worden je skills verbeterd en kun je deelnemen aan toernooien. Als je het leuk vindt kun je ons helpen deze toernooien te organiseren of zelfs een diploma halen binnen het vakgebied sport. It’s up to you!""",""
"9a139637","Product","Jump-in Preventiescan","Volgens : ""De preventiescan is een leidraad voor scholen om de 8 Amsterdamse doelen te behalen.

Met de preventiescan kunt u kijken in welke mate uw school voldoet aan de Amsterdamse doelen voor gezonde scholen.""

Die doelen zijn:
    Gezondheid staat permanent op de agenda
    De school en ouders zetten zich samen in voor gezond gedrag van kinderen
    De school brengt een gezond voedingsbeleid consequent in de praktijk
    Er is voldoende gymles door een vakleerkracht
    De school stimuleert actief buitenspelen
    De school stimuleert sport- en beweegdeelname
    De school signaleert tijdig kinderen met motorische achterstanden en zorgt voor passende begeleiding
    De zorgstructuur en verwijzing naar passend aanbod voor kinderen met over- of ondergewicht is adequaat 
",""
"95b98993","Product","Jump-in Toolkit","",""
"de6fb4b7","Product","Kennismakingslessen","In Oost bieden ze volgens Ruben kennismakingslessen op de basisscholen vanuit het Jump-In programma.",""
"5c23a13a","Product","Naschools aanbod","",""
"f01f554c","Product","Opleiding Leider Sportieve Recreatie","Volgens http://www.sportalliantie.nl/index.php?page=1183: ""Met het diploma Leider Sportieve Recreatie (LSR) op zak kunnen gediplomeerden in de sportieve recreatie alle kanten op. LSR-opleidingen zijn interessant voor iedereen die werkzaam is of wil zijn in sportverenigingen, kinderdagverblijven, sport BSO’s, animatie- en recreatieteams, de naschoolse opvang en voor buurtsportcoaches en aankomende sportleiders in het buurt- en welzijnswerk.

Een LSR-opleiding is gericht op het aanreiken van kennis en vaardigheden waardoor je op een verantwoorde, eigentijdse en stimulerende wijze leiding kunt gaan geven aan groepen en/of individuele recreatieve sporters (kinderen, jongeren, volwassenen en senioren). In de opleiding staan talrijke pedagogische, didactische en organisatorische vaardigheden centraal over onderwerpen als: verantwoord leidinggeven, sport- en spelrepertoire, het variëren en uitbouwen van spellen, materialenkennis, organisatie van activiteiten en evenementen en het voorkomen van blessures en ongevallen (EHBSO). Hierdoor zijn cursisten aan het eind van de opleiding in staat om recreatieve behoeften te signaleren bij de diverse doelgroepen en passende sport- en spelactiviteiten te organiseren.""",""
"b6fa5693","Product","Rollatorloop","De Rollatorloop is een voorbeeld van een van de activiteiten die Sciandri organiseert in stadsdeel Centrum.
",""
"3eea83cf","Product","Sport en Spel instuif 4 - 14 jaar","Volgens https://www.amsterdam.nl/sport/sportactiviteiten-0/sporten-kinderen/zuidoost/: ""Ben jij tussen de 4 en 14 jaar? Doe dan gezellig mee met de leuke sport- en spelactiviteiten in Zuidoost! Het maakt niet uit in welke buurt je woont, je bent bij alle activiteiten welkom.""",""
"a6fbfe62","Product","Sportactiviteiten voor volwassenen en senioren in Zuidoost","Zie https://www.amsterdam.nl/sport/sportactiviteiten-0/sporten-volwassenen/aanbod-zuidoost/.

Zwemles en aqua zumba
Aqua fitness
Zwemles voor vrouwen
Gicheon - Koreaanse meditatietechnieken
Bootcamp / conditietraining 
Tennis op LTC Strandvliet
Conditietraining Gaasperdam
Badminton bij BV Gaasperdam
Walkin Football door Sciandri Sportmanagement
Bootcamp door Ricardo Fyeet
Meer Bewegen Voor Ouderen van MBVO Amsterdam
Wandelen met Wandelen enzo
Zelfverdediging bij Sportcentrum Henny Pleizier
Softbal bij Dutch Caribbean Vets
Yoga bij Stichting Brasi
Golf door K-zone
Aerobics door ACG Zo Fit
Bowls bij Bowlsclub Gaasperdam
Tai Chi door Koryo
Jeu Des Boules door MatchZo / Geinburgia
Fitness door Optisport
Zwemmen door Koninklijke AZ (KONAZ)

Hier had ik ook een foldertje van meegekregen""Senioren in beweging"".",""
"65f7b112","Product","Sportbuurtclubs","Volgens https://www.amsterdam.nl/sport/sportactiviteiten-0/sporten-kinderen/zuidoost/: ""Ben je nog geen lid van een sportvereniging maar zou je dat wel graag willen proberen? Bij de sportbuurtclub kan je voor een lage prijs kennismaken en meedoen aan verschillende sporten. Elke Sportbuurtclub is verbonden aan een vereniging in de buurt.""",""
"5e312355","ApplicationCollaboration","CRM - E-mail integratie","",""
"0ad1a153","ApplicationComponent","Activiteiten systeem","",""
"7e9a4135","ApplicationComponent","AMIS Verhuurloket","Bereikbaar via https://asp3.lvp.nl/amisweb/amsterdam/amis/amis.php.",""
"51d4ef3d","ApplicationComponent","AMIS Verhuursysteem","",""
"bded4fbe","ApplicationComponent","amsterdam.nl/sport","",""
"e7427601","ApplicationComponent","BAG","",""
"ab275879","ApplicationComponent","Beheersysteem","",""
"2b28bf4e","ApplicationComponent","combinatiefuncties.nl","Oude website: ""Op 13 februari 2012 zijn de bestuurlijke afspraken 'Sport en Bewegen in de Buurt' ondertekend door het Ministerie van VWS, VNG, NOC*NSF, VNO NCW en MKB Nederland. Onderdeel van het programma 'Sport en Bewegen in de Buurt' is een nieuwe financiële impuls voor gemeenten om combinatiefuncties, werkzaam als buurtsportcoaches, op lokaal niveau in te zetten. Deze impuls is aanvullend op de bestaande succesvolle 'Impuls brede scholen sport en cultuur' en de daarbij behorende combinatiefuncties. Beide impulsen worden gecombineerd en dragen vanaf 2012 de naam: Brede impuls combinatiefuncties.

Voor het programma 'Sport en Bewegen in de Buurt' is een nieuwe website ontwikkeld www.sportindebuurt.nl. De website www.combinatiefuncties.nl wordt niet meer bijgewerkt. Voor de meest actuele informatie verwijzen wij u dan ook graag door naar www.sportindebuurt.nl.""",""
"263c6671","ApplicationComponent","combinatieplanner.nl","Webapplicatie van Multiask ICT. Zie https://www.combinatieplanner.nl/Amsterdam. Volgens de 'description' meta-tag: ""Met de CombinatiePlanner kan de inzet jeugdsportcoördinatoren of combinatiefunctionarissen eenvoudig binnen gemeenten worden gepland, geregistreerd en gemonitord worden. Onder andere de gemeenten Den Haag en Amsterdam gebruiken de CombinatiePlanner.""",""
"709166f8","ApplicationComponent","Datapunt","",""
"2a501e36","ApplicationComponent","Document management system","",""
"5c8e138a","ApplicationComponent","Eigen taakapplicatie","",""
"8892d586","ApplicationComponent","Excel","",""
"c34864e8","ApplicationComponent","Exchange","",""
"65ad8e8f","ApplicationComponent","Exchange / Outlook","",""
"e85a2b4d","ApplicationComponent","Gezondheid in Beeld","Te vinden op https://www.ggdgezondheidinbeeld.nl/.

Voorbeeld van beleidsinformatie gepresenteerd op een manier zoals ze dat bij afdeling Sport ook graag mbt hun domein tot hun beschikking zouden willen hebben.

Volgens http://www.ggd.amsterdam.nl/beleid-onderzoek/gezondheidsmonitors/gezondheid-beeld-0/: ""Gezondheid in Beeld is een makkelijk toegankelijke en interactieve website die inzicht geeft in de gezondheid, het welzijn, de leefstijl en de leefomgeving van de Amsterdammers. Gezondheid in Beeld bevat gegevens van de diverse monitorstudies die binnen de GGD Amsterdam plaatsvinden. Voor uw gemak is de informatie opgedeeld in drie thema’s: jeugd, volwassenen en kwetsbare groepen. Uniek is dat u zelf bepaalt welke informatie u graag wilt zien. U kiest een informatiebron en een onderwerp en alle informatie wordt op het scherm getoond in de vorm van tabellen, kaarten, taartgrafieken, histogrammen en lijndiagrammen.""",""
"87b8c39c","ApplicationComponent","Gisib","Volgens http://www.gisib.nl/over-gisib: ""Een GIS-georiënteerde applicatie, waarmee u het integrale beheer van de buitenruimte kunt ondersteunen en vormgeven""

En volgens http://intranet.amsterdam.nl/verkeer-en-openbare/afdelingen-verkeer/gisib/ : ""Gisib is een integraal beheersysteem voor de openbare ruimte""",""
"f1277440","ApplicationComponent","Jump-in leerlingvolgsysteem","Leerlingvolgsysteem bewegingsonderwijs. Bereikbaar via https://jumpin.hartenzielmonitor.nl/. Een Thijs Houtenbos product.

Volgens https://www.kennisbanksportenbewegen.nl/?file=3748&m=1422883381&action=file.download: ""Jump-in  is  in  2002  door  de  Dienst  Maatschappelijke  Ontwikkeling  (DMO)  en  de  GGD  Amsterdam ontwikkeld   voor   basisschoolkinderen   (4-12   jaar)   in   sociaal-economische   achterstandswijken   in Amsterdam. Jump-in bestaat uit verschillende onderdelen, waaronder een leerlingvolgsysteem (LVS). Het  LVS  is  het  fundament  voor  de  implementatie  van  de  andere  onderdelen.  Digitaal  worden  er gegevens  bijgehouden  over  sport,  bewegen  en  lichamelijke  ontwikkeling.  Zo  worden  met  het volgsysteem  BMI  (lengte  en  gewicht),  middel-en  heupomvang,  sportparticipatie  en  motorische ontwikkeling  bijgehouden.  De  gegevens  over  lengte  en  gewicht  worden  door  de  jeugdzorg  of  GGD gemeten  en  opgeslagen.  De  vier  vaardighedenscan  van  Van  Gelder  (zie  Bewegen  en  Spelen)  wordt gebruikt  om  de  motoriek  te  monitoren.  Van  Jump-in  scholen  wordt  verwacht  dat  zij  zelf  jaarlijks informatie verzamelen over de motorische ontwikkeling. Voor andere onderdelen komt een speciaal Jump-in  team  naar  de  school  toe  om  metingen  af  te  nemen.  Jump-in  is  in  2008  door  het  Centrum Gezond Leven gecertificeerd als theoretisch goed onderbouwde jeugdinterventie (NJI, 2008).""",""
"dcc328b0","ApplicationComponent","kaart.amsterdam.nl","Sportverenigingen en sportvoorzieningen kun je op de kaart zien via https://kaart.amsterdam.nl/#accordion-sport-en-vrije-tijd",""
"4d794821","ApplicationComponent","Kennis- en Informatiesysteem Sport (KISS)","Volgens : ""Binnen de sport is een duidelijke en belangrijke trend waar te nemen dat sportbeleid en de uitvoering ervan frequenter lokaal ofwel op buurtniveau wordt geïnitieerd en georganiseerd. Een lokale aanpak is nodig om meer mensen aan het sporten en bewegen te krijgen. De sportbonden, NOC*NSF en met name de sportverenigingen werken steeds intensiever samen met gemeenten en andere lokale partijen om dit voor elkaar te krijgen.

Er is daarom vooral op buurtniveau, het speelveld van de sportvereniging, meer behoefte aan zo specifiek mogelijke gegevens over de sportparticipatie, sportaanbieders en natuurlijk de (potentiële) sporters in Nederland.

KISS is hét informatiesysteem voor de sport waarin de sportbonden en NOC*NSF fundamentele kengetallen met betrekking tot de sportparticipatie in Nederland weergeven. Tot op buurtniveau is onder andere inzichtelijk hoeveel inwoners lid zijn bij sportverenigingen en/of -bonden.

KISS-gegevens kunnen gemeenten houvast bieden bij het te voeren gemeentelijke sportbeleid.

Met KISS kunnen namelijk voor elke gemeente de trends en kansen van sportdeelname op buurtniveau worden achterhaald en kan het effect van het lokale sportbeleid inzichtelijk gemaakt worden.""",""
"2ded7305","ApplicationComponent","Kernregistratie Sport","",""
"811eda44","ApplicationComponent","LISA","Volgens https://www.lisa-is.nl/?option=4: ""een geintegreerd ledeninformatiesysteem voor sportverenigingen en -bonden. Alle relevante informatie wordt via eenvoudige webbased software ontsloten naar mobiele applicaties, websites, narrowcasting en push/sms-messaging. Met LISA maakt de vereniging en/of de bond een grote slag in efficiency en creeert zij een uniek informatie- en communicatieplatform voor haar doelgroepen, inclusief sponsoren. ""

Volgens https://www.lisa-is.nl/?option=3: ""LISA biedt een uitgebreide ledenadministratie, met allerlei mogelijkheden om grip en inzicht te krijgen in uw vereniging. De ledenadministrateur gaat met LISA heel veel tijd besparen, niet alleen omdat hij/zij verlost is van het doorsturen van allerlei gevraagde excels maar ook omdat alle inschrijvingen digitaal binnenkomen via de website van de vereniging. Hij/zij is vervolgens een poortwachter: pas na akkoord van de ledenadministratie wordt een lid als het ware 'toegelaten' in het systeem. De uitwisseling met de bond gaat automatisch.""",""
"58e553f6","ApplicationComponent","NHR","",""
"7f59f008","ApplicationComponent","Planon???","Genoemd op 16-02-2017 door Jan als ook een bron van info over sporthallen???",""
"282bff2d","ApplicationComponent","Recreatex","",""
"c23f8e6c","ApplicationComponent","Relatie management systeem","",""
"4fd02828","ApplicationComponent","Salto","Sleutelbeheer",""
"fb476d86","ApplicationComponent","Salto","Er is een applicatie Salto voor sleutelbeheer in gebruik (relatie met AMIS)",""
"d9292f1f","ApplicationComponent","Sport in Beeld","Beleidsinformatie rondom sport in Amsterdam gepresenteerd naar het voorbeeld van Gezondheid in Beeld van de GGD.",""
"5c7f02e6","ApplicationComponent","sportindebuurt.nl","",""
"7daa1dd2","ApplicationComponent","Sportlink","",""
"c31668a6","ApplicationComponent","Sugar CRM","",""
"0cefc7c5","ApplicationComponent","Toegangs-makelaar","",""
"31ba9284","ApplicationComponent","Topscore medewerkers site","Zie http://topscore.amsterdam.nl/medewerkers/. Gemaakt door Thijs Houtenbos Design.",""
"83e31c95","ApplicationComponent","Verhuur systeem","Voor Amsterdammers bereikbaar via https://asp3.lvp.nl/amisweb/amsterdam/amis/amis.php.
Voor ambtenaren is er een toegang via een ADW applicatie.
De backend is dezelfde.
Voor sportartikelen is er een aparte instantie namelijk de Sport-O-Theek.",""
"62a85890","ApplicationComponent","Verhuursysteem","",""
"683b85fc","ApplicationComponent","Website Aanbod in West","Zie https://www.amsterdam.nl/sport/sportactiviteiten-0/sporten-kinderen/aanbod-west/",""
"2224b91e","ApplicationComponent","Website Aanbod Naschoolse Activiteiten Amsterdam","Zie https://www.naschoolseactiviteiten-amsterdam.nl/",""
"c023f64a","ApplicationComponent","Website datapunt.amsterdam.nl/subsidies/","Zie https://datapunt.amsterdam.nl/subsidies/. Filter op thema Sport of op organisatie Sport en Bos.
",""
"c4d88eb6","ApplicationComponent","Website kiesjesport-amsterdam.nl","Volgens http://www.kiesjesport-amsterdam.nl/amsterdam/stadsdeeloost-jeugd/content/8/wie-zijn-wij: ""Basisscholieren van de groepen 1 t/m 8 in Amsterdam Oost kunnen in een korte cursus kennismaken met een sport, of een sportieve activiteit. De bedoeling is dat zij met ‘kies je sport’ zonder verplichting tot een lidmaatschap bij een sportvereniging en tegen lage kosten, of bij sommige sporten zelfs gratis, een sport kunnen uitproberen. Het afgelopen jaar is dit project gestart onder de naam ‘sportpas’, waarbij tientallen kinderen een sport, en sommige zelfs meerdere sporten geprobeerd.""

Volgens http://www.kiesjesport-amsterdam.nl/amsterdam/stadsdeeloost-jeugd/algemene-voorwaarden: ""De site kiesjesport-amsterdam.nl is onderdeel van Sportpas.nl. Sportpas is een initiatief van Sportscan.B.V. ""
en ""Stadsdeel Oost biedt het programma kiesjesport-amsterdam.nl aan. Individuele verenigingen en sportscholen geven hieraan invulling met lessen. De kinderen volgen lessen bij de aangesloten verenigingen en sportscholen en onder verantwoordelijkheid en supervisie van de sportaanbieder in kwestie.""

",""
"62a9138c","ApplicationComponent","Website sportparkenamsterdamoost.nl","Website gemaakt met Drupal. Door wie???",""
"6df8470c","ApplicationComponent","Website westbeweegt.nl","Redirect naar amsterdam.nl/sport",""
"441db3eb","ApplicationFunction","Activiteiten administratie","",""
"8f70bd4d","ApplicationFunction","Beheer administratie","",""
"55649c03","ApplicationFunction","Bekijken Contract, Voorwaarden, Facturen, ...","",""
"b337716f","ApplicationFunction","Beleidsinfo dashboard","",""
"74d39cbc","ApplicationFunction","Huurders portaal","",""
"33543da3","ApplicationFunction","Inloggen met DigiD","",""
"16858447","ApplicationFunction","Inloggen met eHerkenning","",""
"406e7c93","ApplicationFunction","Online reserveren","",""
"ced221a8","ApplicationFunction","Overzicht afgelaste velden","",""
"4aa47ed9","ApplicationFunction","Overzicht afspraken","",""
"a7f4658c","ApplicationFunction","Overzicht sportaanbieders","",""
"309aa674","ApplicationFunction","Overzicht verenigingen","",""
"4e41192c","ApplicationFunction","Relatie administratie","",""
"bbac259e","ApplicationFunction","Verenigings administratie","",""
"24e74b74","ApplicationFunction","Verhuur administratie","",""
"adb616d6","ApplicationFunction","Workflow contractbeheer","",""
"ab425ae2","ApplicationFunction","Workflow postafhandeling","",""
"d65e0013","ApplicationFunction","Zich informeren, zoeken, reserveren, betalen","",""
"bc69be52","ApplicationService","Accommodaties service","",""
"a6bfe759","ApplicationService","API / Koppelvlak","",""
"83722c5a","ApplicationService","API Datapunt","",""
"725db390","ApplicationService","Authenticatie","",""
"c53f5ab0","ApplicationService","Document opslag","",""
"c15a5be4","ApplicationService","Document upload / show","",""
"88086122","ApplicationService","Sportaanbod service","",""
"afbad5bd","ApplicationService","Sportparticipatie service","",""
"6310b41f","ApplicationService","Verenigingen service","",""
"0d7051ea","DataObject","Activiteit","Wat? Georganiseerd door wie? Met wie? Waar? Wanneer? Voor wie? Deelname?
Plan, organisatie, bekostiging, publicatie, uitvoering, ...",""
"7b06c2b7","DataObject","Adviestraject","Bij welke sportaanbieder?
Verloop
Status: Lopend of afgerond
Betrokkenen",""
"41895e58","DataObject","Afspraak","Wat? Wanneer? Door wie? Met wie? Beoogde resultaat? Status? Bereikt? Nagekomen? Of juist niet?",""
"7598ac3e","DataObject","Asset","",""
"87ed53a8","DataObject","Bespeler","",""
"cf07721c","DataObject","Bestuurder","",""
"a2eace07","DataObject","Bijeenkomst / cursus","Datum, doel, lokatie, verslag, deelname, ...",""
"75545d86","DataObject","Commerciële aanbieder","",""
"8c003bd0","DataObject","Contactinfo","",""
"3e9f5962","DataObject","Correspondentie adres","",""
"10a6f94b","DataObject","Eigenaar","",""
"a6c6428a","DataObject","Gebouw","",""
"99e61ef4","DataObject","Huurder","",""
"77f046ad","DataObject","Ledenaantal","",""
"cbc25caf","DataObject","Relatie","",""
"171163de","DataObject","Samenwerkingsverband","Deelnemers, doelen, verloop, effect, ...",""
"9d969f5d","DataObject","Sportaanbieder","Contactgegevens
Bestuurders",""
"42432741","DataObject","Sportpark","Naam van het sportpark, locatie, verenigingen die het gebruiken / bespelen / huren, tak van sport die er beoefend wordt, plattegrond, aantal velden, gebouwen op het sportpark, bezettingsgraad, bespelingspercentage, telefoonnummer, ...",""
"a6293725","DataObject","Subsidie","Waarvoor? Aan wie? Hoeveel? Wanneer?
Aanvraag, besluit, beschikking, betaling, verantwoording, ...
",""
"6d0daf18","DataObject","Tak van sport","Beoefenaars, clubs, lokaties, ...",""
"5b810923","DataObject","Team","",""
"d2a212fc","DataObject","Veld","Soort veld, toplaag, locatie, wedstrijd / training, bedoeld voor welke tak van sport, bezettingsgraad, staat van onderhoud, verricht onderhoud, ...",""
"542aa426","DataObject","Vereniging","Naam van de vereniging
Ledenaantal
Is er een wachtlijst of niet?
Aantal teams
Huisvesting
",""
"510973d5","Node","In een la of in een kast","",""
"d0ee2f80","Assessment","Sportareaal per wijk en buurt","",""