{"identifier":"https://me.big.tuwien.ac.at/EAModelSet/5da4f0c7-67da-4085-8523-6b96dbaa9f06","archimateId":"5da4f0c7-67da-4085-8523-6b96dbaa9f06","name":"1 Accountability","description":"","formats":["XML","CSV","JSON","ARCHIMATE"],"source":"GitHub","repository":"wilmerkrisp/patterns","license":"Other","sourceFile":"raw-data/github/archimate/1accountability.archimate","sourceFormat":"ARCHIMATE","timestamp":"2023-07-06T09:29:17","tags":[],"duplicates":[],"language":"en","elements":[{"id":"2d7897e2-f195-4ce0-9b6e-16455c06fceb","name":"party","type":"BusinessObject","layer":"business"},{"id":"f4ba1c33-a56c-46c2-a9ab-269f6b436150","name":"telephone number","type":"BusinessObject","layer":"business"},{"id":"09b82ac1-ddab-4c57-91ec-e4da4fcf3b2b","name":"address","type":"BusinessObject","layer":"business"},{"id":"931c1775-cd9e-46ab-b82a-dcce55070e1b","name":"email","type":"BusinessObject","layer":"business"},{"id":"74bbcf82-4c68-459a-bd5c-d4cdd1691af9","name":"person","type":"BusinessObject","layer":"business"},{"id":"7114085a-0317-429f-9dce-73cbebb425a9","name":"organization","type":"BusinessObject","layer":"business"},{"id":"36a2251b-4047-42d5-93ee-bec866e91c3d","name":"accountability / organization structure / relations","type":"BusinessObject","layer":"business"},{"id":"72217933-0647-4e4b-b4ae-1460d70dd8a0","name":"accountability type / organization structure type","type":"BusinessObject","layer":"business"},{"id":"2716338c-47cb-43b2-9ef6-8401f140789d","name":"time period","type":"BusinessObject","layer":"business"},{"id":"815caeeb-7509-4cb5-8b82-4725f8f90140","name":"location","type":"BusinessObject","layer":"business"},{"id":"d28f6fe5-dde0-46f6-b765-1a3e810b4047","name":"leveled accountability type","type":"BusinessObject","layer":"business"},{"id":"8c88f87a-5435-4cbb-b9bd-5f37d60d17f0","name":"division","type":"BusinessObject","layer":"business"},{"id":"072d7d93-6305-498a-823b-ef60bd6e2999","name":"operating unit","type":"BusinessObject","layer":"business"},{"id":"9fa41c67-cd4a-4b15-aadc-0c0eb386fbfe","name":"region","type":"BusinessObject","layer":"business"},{"id":"a931e78a-050b-4c1b-a5e0-3e81c51cf1be","name":"sales office","type":"BusinessObject","layer":"business"},{"id":"3e2aee60-51b8-43d7-bae3-30cc0ff80d18","name":"paty type","type":"BusinessObject","layer":"business"},{"id":"e7d92fb0","name":"post","type":"BusinessObject","layer":"business"},{"id":"b9d306da","name":"operationg scope","type":"BusinessObject","layer":"business"},{"id":"65bf6a20","name":"scope 2","type":"BusinessObject","layer":"business"},{"id":"50e40ca7","name":"Business Object","type":"BusinessObject","layer":"business"},{"id":"44aaecbe","name":"Business Object","type":"BusinessObject","layer":"business"},{"id":"80be2cdc","name":"scope 1","type":"BusinessObject","layer":"business"},{"id":"e9b6ef00","name":"parapm 1","type":"BusinessObject","layer":"business"},{"id":"4db3ee01","name":"param 2","type":"BusinessObject","layer":"business"},{"id":"db3c8871","name":"Business Object","type":"BusinessObject","layer":"business"},{"id":"aa4967b3","name":"directional accountability type","type":"BusinessObject","layer":"business"},{"id":"580d2ed4","name":"hierarchic accountability type","type":"BusinessObject","layer":"business"},{"id":"9fbc2bb7","name":"no type","type":"BusinessObject","layer":"business"},{"id":"d3195f30","name":"no type","type":"BusinessObject","layer":"business"},{"id":"c96412fc-9f3f-48c0-b350-28a676345e92","name":"only one link from party -> hierarchic accountability","type":"Constraint","layer":"motivation"},{"id":"0ea9b2a2-059d-40c8-9b8e-d3603c336348","name":"party (level) -> hierachAcc ->party (level+1)","type":"Constraint","layer":"motivation"},{"id":"a607cc70-9b83-4968-a382-edb97b6c93be","name":"type of party must be in allowable party types","type":"Constraint","layer":"motivation"},{"id":"c108659b","name":"Junction","type":"Junction","layer":"other"},{"id":"8362b0b4","name":"Junction","type":"Junction","layer":"other"}],"relationships":[{"id":"c368b70d-774b-412b-82c4-83a583c79fc1","sourceId":"74bbcf82-4c68-459a-bd5c-d4cdd1691af9","targetId":"2d7897e2-f195-4ce0-9b6e-16455c06fceb","type":"SpecializationRelationship"},{"id":"1e23b4bd-1922-4afa-8146-4dfc95f7c78e","sourceId":"7114085a-0317-429f-9dce-73cbebb425a9","targetId":"2d7897e2-f195-4ce0-9b6e-16455c06fceb","type":"SpecializationRelationship"},{"id":"4699f15d-5f22-4949-8079-67966b82a4dc","sourceId":"a931e78a-050b-4c1b-a5e0-3e81c51cf1be","targetId":"7114085a-0317-429f-9dce-73cbebb425a9","type":"SpecializationRelationship"},{"id":"44bdbe85-699b-46e4-88f5-091bf6571ea8","sourceId":"8c88f87a-5435-4cbb-b9bd-5f37d60d17f0","targetId":"7114085a-0317-429f-9dce-73cbebb425a9","type":"SpecializationRelationship"},{"id":"4f69787b-05e9-4516-ad3c-fd112f2b5ba0","sourceId":"072d7d93-6305-498a-823b-ef60bd6e2999","targetId":"7114085a-0317-429f-9dce-73cbebb425a9","type":"SpecializationRelationship"},{"id":"2166dd49-fd09-4a0d-9d6e-21ee0c43478d","sourceId":"9fa41c67-cd4a-4b15-aadc-0c0eb386fbfe","targetId":"7114085a-0317-429f-9dce-73cbebb425a9","type":"SpecializationRelationship"},{"id":"09cad464","sourceId":"e7d92fb0","targetId":"2d7897e2-f195-4ce0-9b6e-16455c06fceb","type":"SpecializationRelationship"},{"id":"9bf0bc55","sourceId":"36a2251b-4047-42d5-93ee-bec866e91c3d","targetId":"b9d306da","type":"AggregationRelationship"},{"id":"c256253f","sourceId":"815caeeb-7509-4cb5-8b82-4725f8f90140","targetId":"b9d306da","type":"AggregationRelationship"},{"id":"7419b606","sourceId":"80be2cdc","targetId":"b9d306da","type":"SpecializationRelationship"},{"id":"d2c16748","sourceId":"65bf6a20","targetId":"b9d306da","type":"SpecializationRelationship"},{"id":"5295db5c","sourceId":"aa4967b3","targetId":"3e2aee60-51b8-43d7-bae3-30cc0ff80d18","type":"AssociationRelationship"},{"id":"1a5e883f","sourceId":"aa4967b3","targetId":"3e2aee60-51b8-43d7-bae3-30cc0ff80d18","type":"AssociationRelationship"},{"id":"b0d30c5d","sourceId":"2d7897e2-f195-4ce0-9b6e-16455c06fceb","targetId":"74bbcf82-4c68-459a-bd5c-d4cdd1691af9","type":"SpecializationRelationship"},{"id":"9e1bf022","sourceId":"7114085a-0317-429f-9dce-73cbebb425a9","targetId":"9fa41c67-cd4a-4b15-aadc-0c0eb386fbfe","type":"SpecializationRelationship"},{"id":"4a787c4d","sourceId":"7114085a-0317-429f-9dce-73cbebb425a9","targetId":"072d7d93-6305-498a-823b-ef60bd6e2999","type":"SpecializationRelationship"},{"id":"3d61a6e4","sourceId":"7114085a-0317-429f-9dce-73cbebb425a9","targetId":"8c88f87a-5435-4cbb-b9bd-5f37d60d17f0","type":"SpecializationRelationship"},{"id":"e15b53d5","sourceId":"7114085a-0317-429f-9dce-73cbebb425a9","targetId":"a931e78a-050b-4c1b-a5e0-3e81c51cf1be","type":"SpecializationRelationship"},{"id":"7e510c78","sourceId":"2d7897e2-f195-4ce0-9b6e-16455c06fceb","targetId":"e7d92fb0","type":"SpecializationRelationship"},{"id":"5f18dcdc","sourceId":"2d7897e2-f195-4ce0-9b6e-16455c06fceb","targetId":"7114085a-0317-429f-9dce-73cbebb425a9","type":"SpecializationRelationship"},{"id":"ee8e2302","sourceId":"b9d306da","targetId":"65bf6a20","type":"SpecializationRelationship"},{"id":"5271b9c9","sourceId":"b9d306da","targetId":"80be2cdc","type":"SpecializationRelationship"},{"id":"f68c162b","sourceId":"36a2251b-4047-42d5-93ee-bec866e91c3d","targetId":"2d7897e2-f195-4ce0-9b6e-16455c06fceb","type":"AssociationRelationship"},{"id":"f457d222","sourceId":"36a2251b-4047-42d5-93ee-bec866e91c3d","targetId":"2d7897e2-f195-4ce0-9b6e-16455c06fceb","type":"AssociationRelationship"},{"id":"dda21139-c7f1-4d86-82f6-bccd6172329c","sourceId":"c96412fc-9f3f-48c0-b350-28a676345e92","targetId":"580d2ed4","type":"AssociationRelationship"},{"id":"5571cd63-5e81-4ca4-87aa-809f604c6545","sourceId":"d28f6fe5-dde0-46f6-b765-1a3e810b4047","targetId":"0ea9b2a2-059d-40c8-9b8e-d3603c336348","type":"AssociationRelationship"},{"id":"2f5d58b5-cbdd-4f88-ac44-b42953b67ab9","sourceId":"aa4967b3","targetId":"a607cc70-9b83-4968-a382-edb97b6c93be","type":"AssociationRelationship"},{"id":"2ab62bba","sourceId":"80be2cdc","targetId":"e9b6ef00","type":"AssociationRelationship"},{"id":"0868ce99","sourceId":"65bf6a20","targetId":"4db3ee01","type":"AssociationRelationship"},{"id":"96674f8a","sourceId":"b9d306da","targetId":"815caeeb-7509-4cb5-8b82-4725f8f90140","type":"AssociationRelationship"},{"id":"175135e7","sourceId":"36a2251b-4047-42d5-93ee-bec866e91c3d","targetId":"2716338c-47cb-43b2-9ef6-8401f140789d","type":"AssociationRelationship"},{"id":"64e82e1f","sourceId":"36a2251b-4047-42d5-93ee-bec866e91c3d","targetId":"72217933-0647-4e4b-b4ae-1460d70dd8a0","type":"AssociationRelationship"},{"id":"67823544","sourceId":"2d7897e2-f195-4ce0-9b6e-16455c06fceb","targetId":"f4ba1c33-a56c-46c2-a9ab-269f6b436150","type":"AssociationRelationship"},{"id":"0ab1f91d","sourceId":"2d7897e2-f195-4ce0-9b6e-16455c06fceb","targetId":"09b82ac1-ddab-4c57-91ec-e4da4fcf3b2b","type":"AssociationRelationship"},{"id":"628b8494","sourceId":"2d7897e2-f195-4ce0-9b6e-16455c06fceb","targetId":"931c1775-cd9e-46ab-b82a-dcce55070e1b","type":"AssociationRelationship"},{"id":"bdbac07e","sourceId":"3e2aee60-51b8-43d7-bae3-30cc0ff80d18","targetId":"3e2aee60-51b8-43d7-bae3-30cc0ff80d18","type":"AssociationRelationship"},{"id":"a79c509b","sourceId":"b9d306da","targetId":"36a2251b-4047-42d5-93ee-bec866e91c3d","type":"AssociationRelationship"},{"id":"268b9706","sourceId":"72217933-0647-4e4b-b4ae-1460d70dd8a0","targetId":"c108659b","type":"RealizationRelationship"},{"id":"485aec04","sourceId":"72217933-0647-4e4b-b4ae-1460d70dd8a0","targetId":"8362b0b4","type":"RealizationRelationship"},{"id":"58c9ca1e","sourceId":"c108659b","targetId":"580d2ed4","type":"RealizationRelationship"},{"id":"92c7c93a","sourceId":"c108659b","targetId":"9fbc2bb7","type":"RealizationRelationship"},{"id":"2f1c737e","sourceId":"8362b0b4","targetId":"d3195f30","type":"RealizationRelationship"},{"id":"8d7c7a21","sourceId":"8362b0b4","targetId":"d28f6fe5-dde0-46f6-b765-1a3e810b4047","type":"RealizationRelationship"},{"id":"b538929d","sourceId":"8362b0b4","targetId":"aa4967b3","type":"RealizationRelationship"},{"id":"0438bb9a","sourceId":"3e2aee60-51b8-43d7-bae3-30cc0ff80d18","targetId":"d28f6fe5-dde0-46f6-b765-1a3e810b4047","type":"AssociationRelationship"},{"id":"e33e80ea","sourceId":"2d7897e2-f195-4ce0-9b6e-16455c06fceb","targetId":"3e2aee60-51b8-43d7-bae3-30cc0ff80d18","type":"AssociationRelationship"}],"views":[{"id":"f2ba672f-48fc-42f1-8eb5-d49a29854b78","name":"Accountability","viewpoint":""},{"id":"cc67d9df-b9da-422b-8803-74b4c87d8704","name":"1 Party","viewpoint":""},{"id":"2b13bfc1-43e0-46ba-a1d3-79eb68471c93","name":"2 Organization Hierarchies","viewpoint":""},{"id":"821267b0-6702-445e-ba5a-12fd9ec512e9","name":"3 Organization Structure","viewpoint":""},{"id":"a392f948-8cc3-45be-abc2-3f989b11c33b","name":"4 Accountability","viewpoint":""},{"id":"b9f1d8da-984e-4851-9557-7379b0b342f1","name":"5 Accountability Knowledge Level","viewpoint":""},{"id":"f1cff183-1fa1-40cb-8a1c-51a57d7df2f9","name":"6 Party Type Generalizations","viewpoint":""},{"id":"5239b407-6b68-459a-ac67-da5e8bb9d566","name":"7 Hierarchic Accountability","viewpoint":""},{"id":"e76d2590-5b0d-435e-88eb-d77b2eee3920","name":"8 Operating Scopes","viewpoint":""},{"id":"36fb9ea7-fa42-4a89-8595-e3f21cf20f65","name":"9 Post","viewpoint":""}]}