"ID","Type","Name","Documentation","Source","Target","Specialization"
"_OhX6wGSOEDm8Rr5dx2FKJA","AssociationRelationship","","","_UN17gLRcEDiPbanE8nGR-A","_t-_v8LRdEDiPbanE8nGR-A",""
"_frSzoGSPEDm8Rr5dx2FKJA","AssociationRelationship","","","_UN17gLRcEDiPbanE8nGR-A","_D90-wLReEDiPbanE8nGR-A",""
"_iSFPsGSPEDm8Rr5dx2FKJA","AssociationRelationship","","","_UN17gLRcEDiPbanE8nGR-A","_DiyBgLReEDiPbanE8nGR-A",""
"_kJrqgGSPEDm8Rr5dx2FKJA","AssociationRelationship","","","_UN17gLRcEDiPbanE8nGR-A","_Ea3gELReEDiPbanE8nGR-A",""
"_yRIYQGSNEDm8Rr5dx2FKJA","AssociationRelationship","","","_h7YNELRdEDiPbanE8nGR-A","_qy1asGSNEDm8Rr5dx2FKJA",""
"_JPueIGSSEDm8Rr5dx2FKJA","AssociationRelationship","","","_zr5y8LReEDiPbanE8nGR-A","_2nWDMGSQEDm8Rr5dx2FKJA",""
"_LmuAIGSREDm8Rr5dx2FKJA","AssociationRelationship","","","_OcaIYLRcEDiPbanE8nGR-A","_SeA8oLRcEDiPbanE8nGR-A",""