{"identifier":"https://me.big.tuwien.ac.at/EAModelSet/id-928f9bf0","archimateId":"id-928f9bf0","name":"4a Foreign Key Mapping","description":"","formats":["XML","CSV","JSON","ARCHIMATE"],"source":"GitHub","sourceFile":"raw-data/github/xml/foreign_key_mapping.xml","sourceFormat":"XML","timestamp":"29-06-2023 09:28:15","tags":[],"duplicates":[],"language":"en","elements":[{"id":"id-0f6f55fa","name":"some process","type":"ApplicationProcess","layer":"application"},{"id":"id-2a6e34a4","name":"find some data objects","type":"ApplicationProcess","layer":"application"},{"id":"id-6bf30bd4","name":"update 1 object","type":"ApplicationProcess","layer":"application"},{"id":"id-76b31ff5","name":"change some object some properties for update","type":"ApplicationProcess","layer":"application"},{"id":"id-806cfd61","name":"some business logic on object","type":"ApplicationProcess","layer":"application"},{"id":"id-9f5989f1","name":"class type 1","type":"ApplicationComponent","layer":"application"},{"id":"a53a1e6a","name":"properties (corresponds to table columns)","type":"DataObject","layer":"application"},{"id":"id-55656933","name":"some business logic function 1","type":"ApplicationFunction","layer":"application"},{"id":"id-052f730b","name":"some business logic function 2","type":"ApplicationFunction","layer":"application"},{"id":"a8100d78","name":"class type 2","type":"ApplicationComponent","layer":"application"},{"id":"id-92e03a82","name":"class type 3","type":"ApplicationComponent","layer":"application"},{"id":"id-2cb2d60a","name":"entity 1","type":"DataObject","layer":"application"},{"id":"e3c623e1","name":"entity 2","type":"DataObject","layer":"application"},{"id":"id-1a00e96c","name":"entity 3","type":"DataObject","layer":"application"},{"id":"id-7e39b1cf","name":"class mapper 1","type":"ApplicationComponent","layer":"application"},{"id":"e9833a37","name":"Create/insert (v_object)","type":"ApplicationFunction","layer":"application"},{"id":"id-50ee8492","name":"SQL insert 1 empty row","type":"ApplicationProcess","layer":"application"},{"id":"id-6f597523","name":"call update","type":"ApplicationProcess","layer":"application"},{"id":"c636253c","name":"factory (props)","type":"ApplicationFunction","layer":"application"},{"id":"id-9fb3be8a","name":"create obj and fill properties acording with input args","type":"ApplicationProcess","layer":"application"},{"id":"id-594bf819","name":"return created object of type 'class type 1'","type":"ApplicationProcess","layer":"application"},{"id":"caef4053","name":"Update (v_object)","type":"ApplicationFunction","layer":"application"},{"id":"e822fdfb","name":"get props from v_object for use in update","type":"ApplicationProcess","layer":"application"},{"id":"b43d6b4a","name":"SQL update entity 1 row statement","type":"ApplicationProcess","layer":"application"},{"id":"id-8fcdd919","name":"Delete (id)","type":"ApplicationFunction","layer":"application"},{"id":"id-48ab199d","name":"get id","type":"ApplicationProcess","layer":"application"},{"id":"bbbecd74","name":"SQL delete entity 1 row statement","type":"ApplicationProcess","layer":"application"},{"id":"id-9350bd83","name":"Read(id)","type":"ApplicationFunction","layer":"application"},{"id":"id-9c2b6148","name":"SQL select entity 1 row statement","type":"ApplicationProcess","layer":"application"},{"id":"id-676312ba","name":"return object of type 'class type 1'","type":"ApplicationProcess","layer":"application"},{"id":"id-06c4ede1","name":"Find(parameters)","type":"ApplicationFunction","layer":"application"},{"id":"c243a4a4","name":"SQL select entity 1 rows statement","type":"ApplicationProcess","layer":"application"},{"id":"f0aead7f","name":"return array of objects of type 'class type 1'","type":"ApplicationProcess","layer":"application"},{"id":"id-26eaa704","name":"class mapper 2","type":"ApplicationComponent","layer":"application"},{"id":"f80f54c6","name":"class mapper 3","type":"ApplicationComponent","layer":"application"},{"id":"id-02133c54","name":"foreign key to entity 1","type":"DataObject","layer":"application"},{"id":"id-5fc64143","name":"variable (reference to object of class type 1)","type":"DataObject","layer":"application"},{"id":"c23a8a9e","name":"Create (v_object)","type":"ApplicationFunction","layer":"application"},{"id":"id-0922aab2","name":"SQL insert 2 empty row","type":"ApplicationProcess","layer":"application"},{"id":"id-81ad28bd","name":"call update","type":"ApplicationProcess","layer":"application"},{"id":"id-2326194a","name":"factory (props)","type":"ApplicationFunction","layer":"application"},{"id":"id-1200857e","name":"create obj of type 2 and fill properties acording with input args","type":"ApplicationProcess","layer":"application"},{"id":"id-985ecaae","name":"return created object of type 'class type 2'","type":"ApplicationProcess","layer":"application"},{"id":"id-6a3032b8","name":"Update (v_object)","type":"ApplicationFunction","layer":"application"},{"id":"id-78226563","name":"get props from v_object for use in update","type":"ApplicationProcess","layer":"application"},{"id":"id-1295f749","name":"SQL update entity 2 row statement","type":"ApplicationProcess","layer":"application"},{"id":"fec24c37","name":"Delete (id)","type":"ApplicationFunction","layer":"application"},{"id":"id-48ed7a3b","name":"get id","type":"ApplicationProcess","layer":"application"},{"id":"e3ec0b66","name":"SQL delete entity 2 row statement","type":"ApplicationProcess","layer":"application"},{"id":"id-88c0f29c","name":"Read(id)","type":"ApplicationFunction","layer":"application"},{"id":"id-7228d806","name":"SQL select entity 2 row statement","type":"ApplicationProcess","layer":"application"},{"id":"bf9916c2","name":"return object of type 'class type 2' (with ref to obj 1 inside)","type":"ApplicationProcess","layer":"application"},{"id":"b09f1bbf","name":"Find(parameters)","type":"ApplicationFunction","layer":"application"},{"id":"d3679122","name":"SQL select entity 2 rows statement","type":"ApplicationProcess","layer":"application"},{"id":"e24baa48","name":"return array of objects of type 'class type 2'","type":"ApplicationProcess","layer":"application"},{"id":"id-357bbd91","name":"get ref to object of type 1 by FK","type":"ApplicationProcess","layer":"application"},{"id":"id-03f3a7a0","name":"get refs to objects of type 1 by FK","type":"ApplicationProcess","layer":"application"},{"id":"id-885a9b43","name":"get ref to object of type 1 by FK","type":"ApplicationProcess","layer":"application"}],"relationships":[{"id":"id-3c53f486","sourceId":"c243a4a4","targetId":"f0aead7f","type":"Flow"},{"id":"id-3a1979d3","sourceId":"id-0f6f55fa","targetId":"id-76b31ff5","type":"Composition"},{"id":"id-4da10b1c","sourceId":"a8100d78","targetId":"id-26eaa704","type":"Serving"},{"id":"id-642a0649","sourceId":"e9833a37","targetId":"id-6f597523","type":"Composition"},{"id":"a102607e","sourceId":"id-9c2b6148","targetId":"id-2cb2d60a","type":"Access"},{"id":"id-2692f679","sourceId":"id-55656933","targetId":"a53a1e6a","type":"Access"},{"id":"id-904d8741","sourceId":"id-76b31ff5","targetId":"id-6bf30bd4","type":"Flow"},{"id":"id-5904123f","sourceId":"id-0f6f55fa","targetId":"id-2a6e34a4","type":"Composition"},{"id":"id-839079b4","sourceId":"id-26eaa704","targetId":"e3c623e1","type":"Association"},{"id":"id-29595f9d","sourceId":"id-2a6e34a4","targetId":"id-806cfd61","type":"Flow"},{"id":"id-12b1e90e","sourceId":"id-8fcdd919","targetId":"id-2cb2d60a","type":"Access"},{"id":"f3cdb663","sourceId":"id-55656933","targetId":"id-806cfd61","type":"Serving"},{"id":"id-74890386","sourceId":"id-8fcdd919","targetId":"bbbecd74","type":"Composition"},{"id":"id-4ff6c562","sourceId":"id-7e39b1cf","targetId":"id-06c4ede1","type":"Assignment"},{"id":"c881ee51","sourceId":"c636253c","targetId":"id-594bf819","type":"Composition"},{"id":"id-5364716a","sourceId":"caef4053","targetId":"b43d6b4a","type":"Composition"},{"id":"id-5717dc37","sourceId":"b43d6b4a","targetId":"id-2cb2d60a","type":"Access"},{"id":"id-2d895a10","sourceId":"id-0f6f55fa","targetId":"id-806cfd61","type":"Composition"},{"id":"f693570e","sourceId":"id-06c4ede1","targetId":"id-2a6e34a4","type":"Serving"},{"id":"id-785e6ecb","sourceId":"id-9fb3be8a","targetId":"id-594bf819","type":"Flow"},{"id":"id-51b52cf3","sourceId":"id-9c2b6148","targetId":"id-676312ba","type":"Flow"},{"id":"a71ca1e9","sourceId":"id-92e03a82","targetId":"f80f54c6","type":"Serving"},{"id":"id-45a0da99","sourceId":"e3c623e1","targetId":"id-1a00e96c","type":"Association"},{"id":"id-5bfeed37","sourceId":"id-06c4ede1","targetId":"c243a4a4","type":"Composition"},{"id":"id-8af0a431","sourceId":"id-0f6f55fa","targetId":"id-6bf30bd4","type":"Composition"},{"id":"id-60e25cbd","sourceId":"id-9350bd83","targetId":"id-676312ba","type":"Composition"},{"id":"id-6b6e87ee","sourceId":"id-9f5989f1","targetId":"a53a1e6a","type":"Access"},{"id":"id-64f57b60","sourceId":"id-7e39b1cf","targetId":"c636253c","type":"Assignment"},{"id":"a45f0b6e","sourceId":"caef4053","targetId":"id-6bf30bd4","type":"Serving"},{"id":"c3a9089a","sourceId":"c243a4a4","targetId":"id-2cb2d60a","type":"Access"},{"id":"id-577b370f","sourceId":"f80f54c6","targetId":"id-1a00e96c","type":"Association"},{"id":"id-55043bd0","sourceId":"id-6f597523","targetId":"id-2cb2d60a","type":"Access"},{"id":"id-8b9c8472","sourceId":"id-50ee8492","targetId":"id-6f597523","type":"Flow"},{"id":"d8541337","sourceId":"id-76b31ff5","targetId":"a53a1e6a","type":"Access"},{"id":"id-56feae4d","sourceId":"id-9350bd83","targetId":"id-9c2b6148","type":"Composition"},{"id":"id-77c734d9","sourceId":"id-9f5989f1","targetId":"id-052f730b","type":"Assignment"},{"id":"id-77935fa2","sourceId":"caef4053","targetId":"e822fdfb","type":"Composition"},{"id":"id-25586d25","sourceId":"c636253c","targetId":"id-9fb3be8a","type":"Composition"},{"id":"b37fcdbd","sourceId":"id-2cb2d60a","targetId":"id-02133c54","type":"Association"},{"id":"c8790c9f","sourceId":"id-48ab199d","targetId":"bbbecd74","type":"Flow"},{"id":"id-28679fdb","sourceId":"id-806cfd61","targetId":"id-76b31ff5","type":"Flow"},{"id":"id-052902b2","sourceId":"e9833a37","targetId":"id-50ee8492","type":"Composition"},{"id":"ce025979","sourceId":"id-9f5989f1","targetId":"id-55656933","type":"Assignment"},{"id":"dc66515a","sourceId":"id-7e39b1cf","targetId":"id-8fcdd919","type":"Assignment"},{"id":"id-9d33b2d6","sourceId":"id-06c4ede1","targetId":"f0aead7f","type":"Composition"},{"id":"id-2434a1fe","sourceId":"id-7e39b1cf","targetId":"id-9350bd83","type":"Assignment"},{"id":"id-21617a13","sourceId":"id-7e39b1cf","targetId":"e9833a37","type":"Assignment"},{"id":"b8e17e8e","sourceId":"id-7e39b1cf","targetId":"caef4053","type":"Assignment"},{"id":"id-0b0cfc14","sourceId":"e822fdfb","targetId":"b43d6b4a","type":"Flow"},{"id":"id-9decec43","sourceId":"id-8fcdd919","targetId":"id-48ab199d","type":"Composition"},{"id":"id-668f882d","sourceId":"e3c623e1","targetId":"id-02133c54","type":"Composition"},{"id":"id-99515123","sourceId":"a8100d78","targetId":"id-5fc64143","type":"Access"},{"id":"b60a56c7","sourceId":"id-9f5989f1","targetId":"id-7e39b1cf","type":"Serving"},{"id":"id-727142ab","sourceId":"id-5fc64143","targetId":"id-9f5989f1","type":"Association"},{"id":"id-2b763bc1","sourceId":"id-88c0f29c","targetId":"id-7228d806","type":"Composition"},{"id":"a91d5113","sourceId":"id-6a3032b8","targetId":"id-78226563","type":"Composition"},{"id":"id-5240948b","sourceId":"d3679122","targetId":"e24baa48","type":"Flow"},{"id":"b327c1b6","sourceId":"fec24c37","targetId":"e3ec0b66","type":"Composition"},{"id":"id-8561b7ee","sourceId":"id-0922aab2","targetId":"id-81ad28bd","type":"Flow"},{"id":"d85712ee","sourceId":"id-6a3032b8","targetId":"id-1295f749","type":"Composition"},{"id":"id-500d8013","sourceId":"c23a8a9e","targetId":"id-0922aab2","type":"Composition"},{"id":"e3639c82","sourceId":"id-2326194a","targetId":"id-1200857e","type":"Composition"},{"id":"id-1753945e","sourceId":"id-78226563","targetId":"id-1295f749","type":"Flow"},{"id":"d3e4d502","sourceId":"id-2326194a","targetId":"id-985ecaae","type":"Composition"},{"id":"id-7913d85a","sourceId":"id-1200857e","targetId":"id-985ecaae","type":"Flow"},{"id":"e0be3408","sourceId":"id-7228d806","targetId":"bf9916c2","type":"Flow"},{"id":"c1738605","sourceId":"b09f1bbf","targetId":"d3679122","type":"Composition"},{"id":"id-74b19564","sourceId":"fec24c37","targetId":"id-48ed7a3b","type":"Composition"},{"id":"id-08f7a3c3","sourceId":"id-48ed7a3b","targetId":"e3ec0b66","type":"Flow"},{"id":"a6dc644e","sourceId":"b09f1bbf","targetId":"e24baa48","type":"Composition"},{"id":"id-599bab54","sourceId":"id-88c0f29c","targetId":"bf9916c2","type":"Composition"},{"id":"c2a0fc96","sourceId":"c23a8a9e","targetId":"id-81ad28bd","type":"Composition"},{"id":"bb3c647e","sourceId":"id-26eaa704","targetId":"c23a8a9e","type":"Assignment"},{"id":"b53c3575","sourceId":"id-26eaa704","targetId":"id-2326194a","type":"Assignment"},{"id":"cbc59ac7","sourceId":"id-26eaa704","targetId":"id-6a3032b8","type":"Assignment"},{"id":"id-69547a64","sourceId":"id-26eaa704","targetId":"fec24c37","type":"Assignment"},{"id":"ab4eef90","sourceId":"id-26eaa704","targetId":"id-88c0f29c","type":"Assignment"},{"id":"a9056b12","sourceId":"id-26eaa704","targetId":"b09f1bbf","type":"Assignment"},{"id":"id-9396a9d6","sourceId":"id-7e39b1cf","targetId":"id-2cb2d60a","type":"Association"},{"id":"id-339ea931","sourceId":"id-88c0f29c","targetId":"id-357bbd91","type":"Composition"},{"id":"id-290a757a","sourceId":"id-357bbd91","targetId":"id-9350bd83","type":"Flow"},{"id":"e8d94756","sourceId":"id-7228d806","targetId":"id-357bbd91","type":"Flow"},{"id":"e594fff9","sourceId":"id-357bbd91","targetId":"bf9916c2","type":"Flow"},{"id":"id-81475d73","sourceId":"b09f1bbf","targetId":"id-03f3a7a0","type":"Composition"},{"id":"id-987e8dbc","sourceId":"d3679122","targetId":"id-03f3a7a0","type":"Flow"},{"id":"f5494a46","sourceId":"id-03f3a7a0","targetId":"e24baa48","type":"Flow"},{"id":"c23c65e6","sourceId":"id-03f3a7a0","targetId":"id-9350bd83","type":"Flow"},{"id":"id-36d8a89d","sourceId":"id-2326194a","targetId":"id-885a9b43","type":"Composition"},{"id":"id-0ec76707","sourceId":"id-1200857e","targetId":"id-885a9b43","type":"Flow"},{"id":"id-094507d0","sourceId":"id-885a9b43","targetId":"id-985ecaae","type":"Flow"},{"id":"id-59be7f97","sourceId":"id-885a9b43","targetId":"id-9350bd83","type":"Flow"},{"id":"b6aa356d","sourceId":"c636253c","targetId":"id-676312ba","type":"Serving"},{"id":"id-965f2cfb","sourceId":"f0aead7f","targetId":"id-676312ba","type":"Serving"},{"id":"id-9009cf22","sourceId":"id-2326194a","targetId":"bf9916c2","type":"Serving"},{"id":"a924960d","sourceId":"id-2326194a","targetId":"e24baa48","type":"Serving"},{"id":"af7e8f9b","sourceId":"id-676312ba","targetId":"c636253c","type":"Flow"},{"id":"ed3d9dac","sourceId":"f0aead7f","targetId":"c636253c","type":"Flow"},{"id":"id-4fc1e127","sourceId":"bf9916c2","targetId":"id-2326194a","type":"Flow"},{"id":"id-75d65d16","sourceId":"e24baa48","targetId":"id-2326194a","type":"Flow"},{"id":"id-284b4dd0","sourceId":"id-6f597523","targetId":"caef4053","type":"Flow"},{"id":"id-7983dc21","sourceId":"id-81ad28bd","targetId":"id-6a3032b8","type":"Flow"}],"views":[{"id":"id-1b0fad9a","name":"Foreign Key Mapping","viewpoint":""}]}