<?xml version="1.0" encoding="UTF-8"?>
<model xmlns="http://www.opengroup.org/xsd/archimate/3.0/" xmlns:xsi="http://www.w3.org/2001/XMLSchema-instance" xsi:schemaLocation="http://www.opengroup.org/xsd/archimate/3.0/ http://www.opengroup.org/xsd/archimate/3.1/archimate3_Diagram.xsd" identifier="id-928f9bf0">
  <name xml:lang="en">4a Foreign Key Mapping</name>
  <elements>
    <element identifier="id-0f6f55fa" xsi:type="ApplicationProcess">
      <name xml:lang="en">some process</name>
    </element>
    <element identifier="id-2a6e34a4" xsi:type="ApplicationProcess">
      <name xml:lang="en">find some data objects</name>
    </element>
    <element identifier="id-6bf30bd4" xsi:type="ApplicationProcess">
      <name xml:lang="en">update 1 object</name>
    </element>
    <element identifier="id-76b31ff5" xsi:type="ApplicationProcess">
      <name xml:lang="en">change some object some properties for update</name>
    </element>
    <element identifier="id-806cfd61" xsi:type="ApplicationProcess">
      <name xml:lang="en">some business logic on object</name>
    </element>
    <element identifier="id-9f5989f1" xsi:type="ApplicationComponent">
      <name xml:lang="en">class type 1</name>
    </element>
    <element identifier="a53a1e6a" xsi:type="DataObject">
      <name xml:lang="en">properties (corresponds to table columns)</name>
    </element>
    <element identifier="id-55656933" xsi:type="ApplicationFunction">
      <name xml:lang="en">some business logic function 1</name>
    </element>
    <element identifier="id-052f730b" xsi:type="ApplicationFunction">
      <name xml:lang="en">some business logic function 2</name>
    </element>
    <element identifier="a8100d78" xsi:type="ApplicationComponent">
      <name xml:lang="en">class type 2</name>
    </element>
    <element identifier="id-92e03a82" xsi:type="ApplicationComponent">
      <name xml:lang="en">class type 3</name>
    </element>
    <element identifier="id-2cb2d60a" xsi:type="DataObject">
      <name xml:lang="en">entity 1</name>
    </element>
    <element identifier="e3c623e1" xsi:type="DataObject">
      <name xml:lang="en">entity 2</name>
    </element>
    <element identifier="id-1a00e96c" xsi:type="DataObject">
      <name xml:lang="en">entity 3</name>
    </element>
    <element identifier="id-7e39b1cf" xsi:type="ApplicationComponent">
      <name xml:lang="en">class mapper 1</name>
    </element>
    <element identifier="e9833a37" xsi:type="ApplicationFunction">
      <name xml:lang="en">Create/insert (v_object)</name>
    </element>
    <element identifier="id-50ee8492" xsi:type="ApplicationProcess">
      <name xml:lang="en">SQL insert 1 empty row</name>
    </element>
    <element identifier="id-6f597523" xsi:type="ApplicationProcess">
      <name xml:lang="en">call update</name>
    </element>
    <element identifier="c636253c" xsi:type="ApplicationFunction">
      <name xml:lang="en">factory (props)</name>
    </element>
    <element identifier="id-9fb3be8a" xsi:type="ApplicationProcess">
      <name xml:lang="en">create obj and fill properties acording with input args</name>
    </element>
    <element identifier="id-594bf819" xsi:type="ApplicationProcess">
      <name xml:lang="en">return created object of type 'class type 1'</name>
    </element>
    <element identifier="caef4053" xsi:type="ApplicationFunction">
      <name xml:lang="en">Update (v_object)</name>
    </element>
    <element identifier="e822fdfb" xsi:type="ApplicationProcess">
      <name xml:lang="en">get props from v_object for use in update</name>
    </element>
    <element identifier="b43d6b4a" xsi:type="ApplicationProcess">
      <name xml:lang="en">SQL update entity 1 row statement</name>
    </element>
    <element identifier="id-8fcdd919" xsi:type="ApplicationFunction">
      <name xml:lang="en">Delete (id)</name>
    </element>
    <element identifier="id-48ab199d" xsi:type="ApplicationProcess">
      <name xml:lang="en">get id</name>
    </element>
    <element identifier="bbbecd74" xsi:type="ApplicationProcess">
      <name xml:lang="en">SQL delete entity 1 row statement</name>
    </element>
    <element identifier="id-9350bd83" xsi:type="ApplicationFunction">
      <name xml:lang="en">Read(id)</name>
    </element>
    <element identifier="id-9c2b6148" xsi:type="ApplicationProcess">
      <name xml:lang="en">SQL select entity 1 row statement</name>
    </element>
    <element identifier="id-676312ba" xsi:type="ApplicationProcess">
      <name xml:lang="en">return object of type 'class type 1'</name>
    </element>
    <element identifier="id-06c4ede1" xsi:type="ApplicationFunction">
      <name xml:lang="en">Find(parameters)</name>
    </element>
    <element identifier="c243a4a4" xsi:type="ApplicationProcess">
      <name xml:lang="en">SQL select entity 1 rows statement</name>
    </element>
    <element identifier="f0aead7f" xsi:type="ApplicationProcess">
      <name xml:lang="en">return array of objects of type 'class type 1'</name>
    </element>
    <element identifier="id-26eaa704" xsi:type="ApplicationComponent">
      <name xml:lang="en">class mapper 2</name>
    </element>
    <element identifier="f80f54c6" xsi:type="ApplicationComponent">
      <name xml:lang="en">class mapper 3</name>
    </element>
    <element identifier="id-02133c54" xsi:type="DataObject">
      <name xml:lang="en">foreign key to entity 1</name>
    </element>
    <element identifier="id-5fc64143" xsi:type="DataObject">
      <name xml:lang="en">variable (reference to object of class type 1)</name>
    </element>
    <element identifier="c23a8a9e" xsi:type="ApplicationFunction">
      <name xml:lang="en">Create (v_object)</name>
    </element>
    <element identifier="id-0922aab2" xsi:type="ApplicationProcess">
      <name xml:lang="en">SQL insert 2 empty row</name>
    </element>
    <element identifier="id-81ad28bd" xsi:type="ApplicationProcess">
      <name xml:lang="en">call update</name>
    </element>
    <element identifier="id-2326194a" xsi:type="ApplicationFunction">
      <name xml:lang="en">factory (props)</name>
    </element>
    <element identifier="id-1200857e" xsi:type="ApplicationProcess">
      <name xml:lang="en">create obj of type 2 and fill properties acording with input args</name>
    </element>
    <element identifier="id-985ecaae" xsi:type="ApplicationProcess">
      <name xml:lang="en">return created object of type 'class type 2'</name>
    </element>
    <element identifier="id-6a3032b8" xsi:type="ApplicationFunction">
      <name xml:lang="en">Update (v_object)</name>
    </element>
    <element identifier="id-78226563" xsi:type="ApplicationProcess">
      <name xml:lang="en">get props from v_object for use in update</name>
    </element>
    <element identifier="id-1295f749" xsi:type="ApplicationProcess">
      <name xml:lang="en">SQL update entity 2 row statement</name>
    </element>
    <element identifier="fec24c37" xsi:type="ApplicationFunction">
      <name xml:lang="en">Delete (id)</name>
    </element>
    <element identifier="id-48ed7a3b" xsi:type="ApplicationProcess">
      <name xml:lang="en">get id</name>
    </element>
    <element identifier="e3ec0b66" xsi:type="ApplicationProcess">
      <name xml:lang="en">SQL delete entity 2 row statement</name>
    </element>
    <element identifier="id-88c0f29c" xsi:type="ApplicationFunction">
      <name xml:lang="en">Read(id)</name>
    </element>
    <element identifier="id-7228d806" xsi:type="ApplicationProcess">
      <name xml:lang="en">SQL select entity 2 row statement</name>
    </element>
    <element identifier="bf9916c2" xsi:type="ApplicationProcess">
      <name xml:lang="en">return object of type 'class type 2' (with ref to obj 1 inside)</name>
    </element>
    <element identifier="b09f1bbf" xsi:type="ApplicationFunction">
      <name xml:lang="en">Find(parameters)</name>
    </element>
    <element identifier="d3679122" xsi:type="ApplicationProcess">
      <name xml:lang="en">SQL select entity 2 rows statement</name>
    </element>
    <element identifier="e24baa48" xsi:type="ApplicationProcess">
      <name xml:lang="en">return array of objects of type 'class type 2'</name>
    </element>
    <element identifier="id-357bbd91" xsi:type="ApplicationProcess">
      <name xml:lang="en">get ref to object of type 1 by FK</name>
    </element>
    <element identifier="id-03f3a7a0" xsi:type="ApplicationProcess">
      <name xml:lang="en">get refs to objects of type 1 by FK</name>
    </element>
    <element identifier="id-885a9b43" xsi:type="ApplicationProcess">
      <name xml:lang="en">get ref to object of type 1 by FK</name>
    </element>
  </elements>
  <relationships>
    <relationship identifier="id-3c53f486" source="c243a4a4" target="f0aead7f" xsi:type="Flow" />
    <relationship identifier="id-3a1979d3" source="id-0f6f55fa" target="id-76b31ff5" xsi:type="Composition" />
    <relationship identifier="id-4da10b1c" source="a8100d78" target="id-26eaa704" xsi:type="Serving">
      <name xml:lang="en">mapper for type 2</name>
    </relationship>
    <relationship identifier="id-642a0649" source="e9833a37" target="id-6f597523" xsi:type="Composition" />
    <relationship identifier="a102607e" source="id-9c2b6148" target="id-2cb2d60a" xsi:type="Access" accessType="Write" />
    <relationship identifier="id-2692f679" source="id-55656933" target="a53a1e6a" xsi:type="Access" accessType="Write" />
    <relationship identifier="id-904d8741" source="id-76b31ff5" target="id-6bf30bd4" xsi:type="Flow" />
    <relationship identifier="id-5904123f" source="id-0f6f55fa" target="id-2a6e34a4" xsi:type="Composition" />
    <relationship identifier="id-839079b4" source="id-26eaa704" target="e3c623e1" xsi:type="Association" />
    <relationship identifier="id-29595f9d" source="id-2a6e34a4" target="id-806cfd61" xsi:type="Flow" />
    <relationship identifier="id-12b1e90e" source="id-8fcdd919" target="id-2cb2d60a" xsi:type="Access" accessType="Write" />
    <relationship identifier="f3cdb663" source="id-55656933" target="id-806cfd61" xsi:type="Serving" />
    <relationship identifier="id-74890386" source="id-8fcdd919" target="bbbecd74" xsi:type="Composition" />
    <relationship identifier="id-4ff6c562" source="id-7e39b1cf" target="id-06c4ede1" xsi:type="Assignment" />
    <relationship identifier="c881ee51" source="c636253c" target="id-594bf819" xsi:type="Composition" />
    <relationship identifier="id-5364716a" source="caef4053" target="b43d6b4a" xsi:type="Composition" />
    <relationship identifier="id-5717dc37" source="b43d6b4a" target="id-2cb2d60a" xsi:type="Access" accessType="Write" />
    <relationship identifier="id-2d895a10" source="id-0f6f55fa" target="id-806cfd61" xsi:type="Composition" />
    <relationship identifier="f693570e" source="id-06c4ede1" target="id-2a6e34a4" xsi:type="Serving" />
    <relationship identifier="id-785e6ecb" source="id-9fb3be8a" target="id-594bf819" xsi:type="Flow" />
    <relationship identifier="id-51b52cf3" source="id-9c2b6148" target="id-676312ba" xsi:type="Flow" />
    <relationship identifier="a71ca1e9" source="id-92e03a82" target="f80f54c6" xsi:type="Serving" />
    <relationship identifier="id-45a0da99" source="e3c623e1" target="id-1a00e96c" xsi:type="Association" />
    <relationship identifier="id-5bfeed37" source="id-06c4ede1" target="c243a4a4" xsi:type="Composition" />
    <relationship identifier="id-8af0a431" source="id-0f6f55fa" target="id-6bf30bd4" xsi:type="Composition" />
    <relationship identifier="id-60e25cbd" source="id-9350bd83" target="id-676312ba" xsi:type="Composition" />
    <relationship identifier="id-6b6e87ee" source="id-9f5989f1" target="a53a1e6a" xsi:type="Access" accessType="Write" />
    <relationship identifier="id-64f57b60" source="id-7e39b1cf" target="c636253c" xsi:type="Assignment" />
    <relationship identifier="a45f0b6e" source="caef4053" target="id-6bf30bd4" xsi:type="Serving" />
    <relationship identifier="c3a9089a" source="c243a4a4" target="id-2cb2d60a" xsi:type="Access" accessType="Write" />
    <relationship identifier="id-577b370f" source="f80f54c6" target="id-1a00e96c" xsi:type="Association" />
    <relationship identifier="id-55043bd0" source="id-6f597523" target="id-2cb2d60a" xsi:type="Access" accessType="Write" />
    <relationship identifier="id-8b9c8472" source="id-50ee8492" target="id-6f597523" xsi:type="Flow" />
    <relationship identifier="d8541337" source="id-76b31ff5" target="a53a1e6a" xsi:type="Access" accessType="Write" />
    <relationship identifier="id-56feae4d" source="id-9350bd83" target="id-9c2b6148" xsi:type="Composition" />
    <relationship identifier="id-77c734d9" source="id-9f5989f1" target="id-052f730b" xsi:type="Assignment" />
    <relationship identifier="id-77935fa2" source="caef4053" target="e822fdfb" xsi:type="Composition" />
    <relationship identifier="id-25586d25" source="c636253c" target="id-9fb3be8a" xsi:type="Composition" />
    <relationship identifier="b37fcdbd" source="id-2cb2d60a" target="id-02133c54" xsi:type="Association">
      <name xml:lang="en">one to many relation</name>
    </relationship>
    <relationship identifier="c8790c9f" source="id-48ab199d" target="bbbecd74" xsi:type="Flow" />
    <relationship identifier="id-28679fdb" source="id-806cfd61" target="id-76b31ff5" xsi:type="Flow" />
    <relationship identifier="id-052902b2" source="e9833a37" target="id-50ee8492" xsi:type="Composition" />
    <relationship identifier="ce025979" source="id-9f5989f1" target="id-55656933" xsi:type="Assignment" />
    <relationship identifier="dc66515a" source="id-7e39b1cf" target="id-8fcdd919" xsi:type="Assignment" />
    <relationship identifier="id-9d33b2d6" source="id-06c4ede1" target="f0aead7f" xsi:type="Composition" />
    <relationship identifier="id-2434a1fe" source="id-7e39b1cf" target="id-9350bd83" xsi:type="Assignment" />
    <relationship identifier="id-21617a13" source="id-7e39b1cf" target="e9833a37" xsi:type="Assignment" />
    <relationship identifier="b8e17e8e" source="id-7e39b1cf" target="caef4053" xsi:type="Assignment" />
    <relationship identifier="id-0b0cfc14" source="e822fdfb" target="b43d6b4a" xsi:type="Flow" />
    <relationship identifier="id-9decec43" source="id-8fcdd919" target="id-48ab199d" xsi:type="Composition" />
    <relationship identifier="id-668f882d" source="e3c623e1" target="id-02133c54" xsi:type="Composition" />
    <relationship identifier="id-99515123" source="a8100d78" target="id-5fc64143" xsi:type="Access" accessType="Write" />
    <relationship identifier="b60a56c7" source="id-9f5989f1" target="id-7e39b1cf" xsi:type="Serving">
      <name xml:lang="en">mapper for type 1</name>
    </relationship>
    <relationship identifier="id-727142ab" source="id-5fc64143" target="id-9f5989f1" xsi:type="Association" />
    <relationship identifier="id-2b763bc1" source="id-88c0f29c" target="id-7228d806" xsi:type="Composition" />
    <relationship identifier="a91d5113" source="id-6a3032b8" target="id-78226563" xsi:type="Composition" />
    <relationship identifier="id-5240948b" source="d3679122" target="e24baa48" xsi:type="Flow" />
    <relationship identifier="b327c1b6" source="fec24c37" target="e3ec0b66" xsi:type="Composition" />
    <relationship identifier="id-8561b7ee" source="id-0922aab2" target="id-81ad28bd" xsi:type="Flow" />
    <relationship identifier="d85712ee" source="id-6a3032b8" target="id-1295f749" xsi:type="Composition" />
    <relationship identifier="id-500d8013" source="c23a8a9e" target="id-0922aab2" xsi:type="Composition" />
    <relationship identifier="e3639c82" source="id-2326194a" target="id-1200857e" xsi:type="Composition" />
    <relationship identifier="id-1753945e" source="id-78226563" target="id-1295f749" xsi:type="Flow" />
    <relationship identifier="d3e4d502" source="id-2326194a" target="id-985ecaae" xsi:type="Composition" />
    <relationship identifier="id-7913d85a" source="id-1200857e" target="id-985ecaae" xsi:type="Flow" />
    <relationship identifier="e0be3408" source="id-7228d806" target="bf9916c2" xsi:type="Flow" />
    <relationship identifier="c1738605" source="b09f1bbf" target="d3679122" xsi:type="Composition" />
    <relationship identifier="id-74b19564" source="fec24c37" target="id-48ed7a3b" xsi:type="Composition" />
    <relationship identifier="id-08f7a3c3" source="id-48ed7a3b" target="e3ec0b66" xsi:type="Flow" />
    <relationship identifier="a6dc644e" source="b09f1bbf" target="e24baa48" xsi:type="Composition" />
    <relationship identifier="id-599bab54" source="id-88c0f29c" target="bf9916c2" xsi:type="Composition" />
    <relationship identifier="c2a0fc96" source="c23a8a9e" target="id-81ad28bd" xsi:type="Composition" />
    <relationship identifier="bb3c647e" source="id-26eaa704" target="c23a8a9e" xsi:type="Assignment" />
    <relationship identifier="b53c3575" source="id-26eaa704" target="id-2326194a" xsi:type="Assignment" />
    <relationship identifier="cbc59ac7" source="id-26eaa704" target="id-6a3032b8" xsi:type="Assignment" />
    <relationship identifier="id-69547a64" source="id-26eaa704" target="fec24c37" xsi:type="Assignment" />
    <relationship identifier="ab4eef90" source="id-26eaa704" target="id-88c0f29c" xsi:type="Assignment" />
    <relationship identifier="a9056b12" source="id-26eaa704" target="b09f1bbf" xsi:type="Assignment" />
    <relationship identifier="id-9396a9d6" source="id-7e39b1cf" target="id-2cb2d60a" xsi:type="Association" />
    <relationship identifier="id-339ea931" source="id-88c0f29c" target="id-357bbd91" xsi:type="Composition" />
    <relationship identifier="id-290a757a" source="id-357bbd91" target="id-9350bd83" xsi:type="Flow" />
    <relationship identifier="e8d94756" source="id-7228d806" target="id-357bbd91" xsi:type="Flow" />
    <relationship identifier="e594fff9" source="id-357bbd91" target="bf9916c2" xsi:type="Flow" />
    <relationship identifier="id-81475d73" source="b09f1bbf" target="id-03f3a7a0" xsi:type="Composition" />
    <relationship identifier="id-987e8dbc" source="d3679122" target="id-03f3a7a0" xsi:type="Flow" />
    <relationship identifier="f5494a46" source="id-03f3a7a0" target="e24baa48" xsi:type="Flow" />
    <relationship identifier="c23c65e6" source="id-03f3a7a0" target="id-9350bd83" xsi:type="Flow" />
    <relationship identifier="id-36d8a89d" source="id-2326194a" target="id-885a9b43" xsi:type="Composition" />
    <relationship identifier="id-0ec76707" source="id-1200857e" target="id-885a9b43" xsi:type="Flow" />
    <relationship identifier="id-094507d0" source="id-885a9b43" target="id-985ecaae" xsi:type="Flow" />
    <relationship identifier="id-59be7f97" source="id-885a9b43" target="id-9350bd83" xsi:type="Flow" />
    <relationship identifier="b6aa356d" source="c636253c" target="id-676312ba" xsi:type="Serving">
      <name xml:lang="en">query results transmitted factory, and it returns an object</name>
    </relationship>
    <relationship identifier="id-965f2cfb" source="f0aead7f" target="id-676312ba" xsi:type="Serving" />
    <relationship identifier="id-9009cf22" source="id-2326194a" target="bf9916c2" xsi:type="Serving" />
    <relationship identifier="a924960d" source="id-2326194a" target="e24baa48" xsi:type="Serving">
      <name xml:lang="en">query results transmitted factory, and it returns an object</name>
    </relationship>
    <relationship identifier="af7e8f9b" source="id-676312ba" target="c636253c" xsi:type="Flow">
      <name xml:lang="en">query results transmitted factory, and it returns an object</name>
    </relationship>
    <relationship identifier="ed3d9dac" source="f0aead7f" target="c636253c" xsi:type="Flow" />
    <relationship identifier="id-4fc1e127" source="bf9916c2" target="id-2326194a" xsi:type="Flow" />
    <relationship identifier="id-75d65d16" source="e24baa48" target="id-2326194a" xsi:type="Flow">
      <name xml:lang="en">query results transmitted factory, and it returns an object</name>
    </relationship>
    <relationship identifier="id-284b4dd0" source="id-6f597523" target="caef4053" xsi:type="Flow" />
    <relationship identifier="id-7983dc21" source="id-81ad28bd" target="id-6a3032b8" xsi:type="Flow" />
  </relationships>
  <organizations>
    <item>
      <label xml:lang="en">Application</label>
      <item identifierRef="id-0f6f55fa" />
      <item identifierRef="id-2a6e34a4" />
      <item identifierRef="id-6bf30bd4" />
      <item identifierRef="id-76b31ff5" />
      <item identifierRef="id-806cfd61" />
      <item identifierRef="id-9f5989f1" />
      <item identifierRef="a53a1e6a" />
      <item identifierRef="id-55656933" />
      <item identifierRef="id-052f730b" />
      <item identifierRef="a8100d78" />
      <item identifierRef="id-92e03a82" />
      <item identifierRef="id-2cb2d60a" />
      <item identifierRef="e3c623e1" />
      <item identifierRef="id-1a00e96c" />
      <item identifierRef="id-7e39b1cf" />
      <item identifierRef="e9833a37" />
      <item identifierRef="id-50ee8492" />
      <item identifierRef="id-6f597523" />
      <item identifierRef="c636253c" />
      <item identifierRef="id-9fb3be8a" />
      <item identifierRef="id-594bf819" />
      <item identifierRef="caef4053" />
      <item identifierRef="e822fdfb" />
      <item identifierRef="b43d6b4a" />
      <item identifierRef="id-8fcdd919" />
      <item identifierRef="id-48ab199d" />
      <item identifierRef="bbbecd74" />
      <item identifierRef="id-9350bd83" />
      <item identifierRef="id-9c2b6148" />
      <item identifierRef="id-676312ba" />
      <item identifierRef="id-06c4ede1" />
      <item identifierRef="c243a4a4" />
      <item identifierRef="f0aead7f" />
      <item identifierRef="id-26eaa704" />
      <item identifierRef="f80f54c6" />
      <item identifierRef="id-02133c54" />
      <item identifierRef="id-5fc64143" />
      <item identifierRef="c23a8a9e" />
      <item identifierRef="id-0922aab2" />
      <item identifierRef="id-81ad28bd" />
      <item identifierRef="id-2326194a" />
      <item identifierRef="id-1200857e" />
      <item identifierRef="id-985ecaae" />
      <item identifierRef="id-6a3032b8" />
      <item identifierRef="id-78226563" />
      <item identifierRef="id-1295f749" />
      <item identifierRef="fec24c37" />
      <item identifierRef="id-48ed7a3b" />
      <item identifierRef="e3ec0b66" />
      <item identifierRef="id-88c0f29c" />
      <item identifierRef="id-7228d806" />
      <item identifierRef="bf9916c2" />
      <item identifierRef="b09f1bbf" />
      <item identifierRef="d3679122" />
      <item identifierRef="e24baa48" />
      <item identifierRef="id-357bbd91" />
      <item identifierRef="id-03f3a7a0" />
      <item identifierRef="id-885a9b43" />
    </item>
    <item>
      <label xml:lang="en">Relations</label>
      <item identifierRef="id-3c53f486" />
      <item identifierRef="id-3a1979d3" />
      <item identifierRef="id-4da10b1c" />
      <item identifierRef="id-642a0649" />
      <item identifierRef="a102607e" />
      <item identifierRef="id-2692f679" />
      <item identifierRef="id-904d8741" />
      <item identifierRef="id-5904123f" />
      <item identifierRef="id-839079b4" />
      <item identifierRef="id-29595f9d" />
      <item identifierRef="id-12b1e90e" />
      <item identifierRef="f3cdb663" />
      <item identifierRef="id-74890386" />
      <item identifierRef="id-4ff6c562" />
      <item identifierRef="c881ee51" />
      <item identifierRef="id-5364716a" />
      <item identifierRef="id-5717dc37" />
      <item identifierRef="id-2d895a10" />
      <item identifierRef="f693570e" />
      <item identifierRef="id-785e6ecb" />
      <item identifierRef="id-51b52cf3" />
      <item identifierRef="a71ca1e9" />
      <item identifierRef="id-45a0da99" />
      <item identifierRef="id-5bfeed37" />
      <item identifierRef="id-8af0a431" />
      <item identifierRef="id-60e25cbd" />
      <item identifierRef="id-6b6e87ee" />
      <item identifierRef="id-64f57b60" />
      <item identifierRef="a45f0b6e" />
      <item identifierRef="c3a9089a" />
      <item identifierRef="id-577b370f" />
      <item identifierRef="id-55043bd0" />
      <item identifierRef="id-8b9c8472" />
      <item identifierRef="d8541337" />
      <item identifierRef="id-56feae4d" />
      <item identifierRef="id-77c734d9" />
      <item identifierRef="id-77935fa2" />
      <item identifierRef="id-25586d25" />
      <item identifierRef="b37fcdbd" />
      <item identifierRef="c8790c9f" />
      <item identifierRef="id-28679fdb" />
      <item identifierRef="id-052902b2" />
      <item identifierRef="ce025979" />
      <item identifierRef="dc66515a" />
      <item identifierRef="id-9d33b2d6" />
      <item identifierRef="id-2434a1fe" />
      <item identifierRef="id-21617a13" />
      <item identifierRef="b8e17e8e" />
      <item identifierRef="id-0b0cfc14" />
      <item identifierRef="id-9decec43" />
      <item identifierRef="id-668f882d" />
      <item identifierRef="id-99515123" />
      <item identifierRef="b60a56c7" />
      <item identifierRef="id-727142ab" />
      <item identifierRef="id-2b763bc1" />
      <item identifierRef="a91d5113" />
      <item identifierRef="id-5240948b" />
      <item identifierRef="b327c1b6" />
      <item identifierRef="id-8561b7ee" />
      <item identifierRef="d85712ee" />
      <item identifierRef="id-500d8013" />
      <item identifierRef="e3639c82" />
      <item identifierRef="id-1753945e" />
      <item identifierRef="d3e4d502" />
      <item identifierRef="id-7913d85a" />
      <item identifierRef="e0be3408" />
      <item identifierRef="c1738605" />
      <item identifierRef="id-74b19564" />
      <item identifierRef="id-08f7a3c3" />
      <item identifierRef="a6dc644e" />
      <item identifierRef="id-599bab54" />
      <item identifierRef="c2a0fc96" />
      <item identifierRef="bb3c647e" />
      <item identifierRef="b53c3575" />
      <item identifierRef="cbc59ac7" />
      <item identifierRef="id-69547a64" />
      <item identifierRef="ab4eef90" />
      <item identifierRef="a9056b12" />
      <item identifierRef="id-9396a9d6" />
      <item identifierRef="id-339ea931" />
      <item identifierRef="id-290a757a" />
      <item identifierRef="e8d94756" />
      <item identifierRef="e594fff9" />
      <item identifierRef="id-81475d73" />
      <item identifierRef="id-987e8dbc" />
      <item identifierRef="f5494a46" />
      <item identifierRef="c23c65e6" />
      <item identifierRef="id-36d8a89d" />
      <item identifierRef="id-0ec76707" />
      <item identifierRef="id-094507d0" />
      <item identifierRef="id-59be7f97" />
      <item identifierRef="b6aa356d" />
      <item identifierRef="id-965f2cfb" />
      <item identifierRef="id-9009cf22" />
      <item identifierRef="a924960d" />
      <item identifierRef="af7e8f9b" />
      <item identifierRef="ed3d9dac" />
      <item identifierRef="id-4fc1e127" />
      <item identifierRef="id-75d65d16" />
      <item identifierRef="id-284b4dd0" />
      <item identifierRef="id-7983dc21" />
    </item>
    <item>
      <label xml:lang="en">Views</label>
      <item identifierRef="id-1b0fad9a" />
    </item>
  </organizations>
  <views>
    <diagrams>
      <view identifier="id-1b0fad9a" xsi:type="Diagram">
        <name xml:lang="en">Foreign Key Mapping</name>
        <node identifier="id-875adfbc" x="455" y="80" w="2354" h="791" xsi:type="Container">
          <label xml:lang="en">presentation</label>
          <style>
            <fillColor r="199" g="225" b="226" a="100" />
            <lineColor r="92" g="92" b="92" a="100" />
            <font name="Lucida Grande" size="12">
              <color r="0" g="0" b="0" />
            </font>
          </style>
        </node>
        <node identifier="id-340339ad" x="455" y="925" w="2354" h="791" xsi:type="Container">
          <label xml:lang="en">domain</label>
          <style>
            <fillColor r="206" g="219" b="211" a="100" />
            <lineColor r="92" g="92" b="92" a="100" />
            <font name="Lucida Grande" size="12">
              <color r="0" g="0" b="0" />
            </font>
          </style>
          <node identifier="id-22d5bf62" elementRef="id-9f5989f1" xsi:type="Element" x="715" y="1485" w="190" h="119">
            <style>
              <fillColor r="181" g="255" b="255" a="100" />
              <lineColor r="92" g="92" b="92" a="100" />
              <font name="Lucida Grande" size="12">
                <color r="0" g="0" b="0" />
              </font>
            </style>
          </node>
          <node identifier="id-984a70cc" elementRef="a8100d78" xsi:type="Element" x="1635" y="1485" w="190" h="119">
            <style>
              <fillColor r="181" g="255" b="255" a="100" />
              <lineColor r="92" g="92" b="92" a="100" />
              <font name="Lucida Grande" size="12">
                <color r="0" g="0" b="0" />
              </font>
            </style>
            <node identifier="d93ef8ec" elementRef="id-5fc64143" xsi:type="Element" x="1655" y="1525" w="126" h="67">
              <style>
                <fillColor r="181" g="255" b="255" a="100" />
                <lineColor r="92" g="92" b="92" a="100" />
                <font name="Lucida Grande" size="12">
                  <color r="255" g="0" b="0" />
                </font>
              </style>
            </node>
          </node>
          <node identifier="id-7fb7e7ab" xsi:type="Label" x="1805" y="1545" w="221" h="90">
            <label xml:lang="en">- one of possibilities: represent foreign key as a ref-link
- it may be inconvenient to store the link in the second class</label>
            <style>
              <fillColor r="255" g="255" b="255" a="100" />
              <lineColor r="92" g="92" b="92" a="100" />
              <font name="Lucida Grande" size="12">
                <color r="255" g="0" b="0" />
              </font>
            </style>
          </node>
        </node>
        <node identifier="id-5f8039b3" x="447" y="1915" w="2354" h="1387" xsi:type="Container">
          <label xml:lang="en">data source</label>
          <style>
            <fillColor r="216" g="209" b="215" a="100" />
            <lineColor r="92" g="92" b="92" a="100" />
            <font name="Lucida Grande" size="12">
              <color r="0" g="0" b="0" />
            </font>
          </style>
          <node identifier="e76f82d6" x="692" y="2960" w="2224" h="306" xsi:type="Container">
            <label xml:lang="en">database</label>
            <documentation xml:lang="en">gang of four classic design pattern</documentation>
            <style>
              <fillColor r="187" g="174" b="185" a="100" />
              <lineColor r="192" g="192" b="192" a="100" />
              <font name="Lucida Grande" size="12">
                <color r="0" g="0" b="0" />
              </font>
            </style>
            <node identifier="bd961ff6" xsi:type="Label" x="2397" y="3050" w="185" h="80">
              <label xml:lang="en">entity -relationship model</label>
              <style>
                <fillColor r="255" g="255" b="255" a="100" />
                <lineColor r="92" g="92" b="92" a="100" />
                <font name="Lucida Grande" size="12">
                  <color r="255" g="0" b="0" />
                </font>
              </style>
            </node>
            <node identifier="bc1ff3b2" elementRef="id-2cb2d60a" xsi:type="Element" x="977" y="3050" w="190" h="119">
              <style>
                <fillColor r="181" g="255" b="255" a="100" />
                <lineColor r="92" g="92" b="92" a="100" />
                <font name="Lucida Grande" size="12">
                  <color r="0" g="0" b="0" />
                </font>
              </style>
            </node>
            <node identifier="db5f59b4" elementRef="e3c623e1" xsi:type="Element" x="1852" y="3050" w="190" h="119">
              <style>
                <fillColor r="181" g="255" b="255" a="100" />
                <lineColor r="92" g="92" b="92" a="100" />
                <font name="Lucida Grande" size="12">
                  <color r="0" g="0" b="0" />
                </font>
              </style>
              <node identifier="id-8ecac20f" elementRef="id-02133c54" xsi:type="Element" x="1892" y="3090" w="130" h="55">
                <style>
                  <fillColor r="181" g="255" b="255" a="100" />
                  <lineColor r="92" g="92" b="92" a="100" />
                  <font name="Lucida Grande" size="12">
                    <color r="255" g="0" b="0" />
                  </font>
                </style>
              </node>
            </node>
          </node>
          <node identifier="id-676d476c" elementRef="id-7e39b1cf" xsi:type="Element" x="502" y="2015" w="817" h="641">
            <style>
              <fillColor r="181" g="255" b="255" a="100" />
              <lineColor r="92" g="92" b="92" a="100" />
              <font name="Lucida Grande" size="12">
                <color r="0" g="0" b="0" />
              </font>
            </style>
            <node identifier="b3d36a47" elementRef="e9833a37" xsi:type="Element" x="592" y="2155" w="301" h="86">
              <style>
                <fillColor r="181" g="255" b="255" a="100" />
                <lineColor r="92" g="92" b="92" a="100" />
                <font name="Lucida Grande" size="12">
                  <color r="0" g="0" b="0" />
                </font>
              </style>
              <node identifier="id-448b604d" elementRef="id-50ee8492" xsi:type="Element" x="632" y="2185" w="120" h="55">
                <style>
                  <fillColor r="181" g="255" b="255" a="100" />
                  <lineColor r="92" g="92" b="92" a="100" />
                  <font name="Lucida Grande" size="12">
                    <color r="0" g="0" b="0" />
                  </font>
                </style>
              </node>
              <node identifier="id-7f43e8ee" elementRef="id-6f597523" xsi:type="Element" x="772" y="2185" w="120" h="55">
                <style>
                  <fillColor r="181" g="255" b="255" a="100" />
                  <lineColor r="92" g="92" b="92" a="100" />
                  <font name="Lucida Grande" size="12">
                    <color r="0" g="0" b="0" />
                  </font>
                </style>
              </node>
            </node>
            <node identifier="id-8ae2ccb5" elementRef="c636253c" xsi:type="Element" x="957" y="2375" w="301" h="111">
              <style>
                <fillColor r="181" g="255" b="255" a="100" />
                <lineColor r="92" g="92" b="92" a="100" />
                <font name="Lucida Grande" size="12">
                  <color r="0" g="0" b="0" />
                </font>
              </style>
              <node identifier="eecc1fe5" elementRef="id-9fb3be8a" xsi:type="Element" x="997" y="2405" w="120" h="80">
                <style>
                  <fillColor r="181" g="255" b="255" a="100" />
                  <lineColor r="92" g="92" b="92" a="100" />
                  <font name="Lucida Grande" size="12">
                    <color r="0" g="0" b="0" />
                  </font>
                </style>
              </node>
              <node identifier="d23711f0" elementRef="id-594bf819" xsi:type="Element" x="1137" y="2405" w="120" h="80">
                <style>
                  <fillColor r="181" g="255" b="255" a="100" />
                  <lineColor r="92" g="92" b="92" a="100" />
                  <font name="Lucida Grande" size="12">
                    <color r="0" g="0" b="0" />
                  </font>
                </style>
              </node>
            </node>
            <node identifier="id-6917e31a" elementRef="caef4053" xsi:type="Element" x="592" y="2260" w="301" h="86">
              <style>
                <fillColor r="181" g="255" b="255" a="100" />
                <lineColor r="92" g="92" b="92" a="100" />
                <font name="Lucida Grande" size="12">
                  <color r="0" g="0" b="0" />
                </font>
              </style>
              <node identifier="id-822aeac3" elementRef="e822fdfb" xsi:type="Element" x="632" y="2290" w="120" h="55">
                <style>
                  <fillColor r="181" g="255" b="255" a="100" />
                  <lineColor r="92" g="92" b="92" a="100" />
                  <font name="Lucida Grande" size="12">
                    <color r="0" g="0" b="0" />
                  </font>
                </style>
              </node>
              <node identifier="ed4bf5dc" elementRef="b43d6b4a" xsi:type="Element" x="772" y="2290" w="120" h="55">
                <style>
                  <fillColor r="181" g="255" b="255" a="100" />
                  <lineColor r="92" g="92" b="92" a="100" />
                  <font name="Lucida Grande" size="12">
                    <color r="0" g="0" b="0" />
                  </font>
                </style>
              </node>
            </node>
            <node identifier="id-53283903" elementRef="id-8fcdd919" xsi:type="Element" x="592" y="2375" w="301" h="86">
              <style>
                <fillColor r="181" g="255" b="255" a="100" />
                <lineColor r="92" g="92" b="92" a="100" />
                <font name="Lucida Grande" size="12">
                  <color r="0" g="0" b="0" />
                </font>
              </style>
              <node identifier="bbea2ecb" elementRef="id-48ab199d" xsi:type="Element" x="632" y="2405" w="120" h="55">
                <style>
                  <fillColor r="181" g="255" b="255" a="100" />
                  <lineColor r="92" g="92" b="92" a="100" />
                  <font name="Lucida Grande" size="12">
                    <color r="0" g="0" b="0" />
                  </font>
                </style>
              </node>
              <node identifier="id-9c8207cf" elementRef="bbbecd74" xsi:type="Element" x="772" y="2405" w="120" h="55">
                <style>
                  <fillColor r="181" g="255" b="255" a="100" />
                  <lineColor r="92" g="92" b="92" a="100" />
                  <font name="Lucida Grande" size="12">
                    <color r="0" g="0" b="0" />
                  </font>
                </style>
              </node>
            </node>
            <node identifier="id-797bae5b" elementRef="id-9350bd83" xsi:type="Element" x="957" y="2155" w="341" h="86">
              <style>
                <fillColor r="181" g="255" b="255" a="100" />
                <lineColor r="92" g="92" b="92" a="100" />
                <font name="Lucida Grande" size="12">
                  <color r="0" g="0" b="0" />
                </font>
              </style>
              <node identifier="id-47bb070b" elementRef="id-9c2b6148" xsi:type="Element" x="997" y="2185" w="120" h="55">
                <style>
                  <fillColor r="181" g="255" b="255" a="100" />
                  <lineColor r="92" g="92" b="92" a="100" />
                  <font name="Lucida Grande" size="12">
                    <color r="0" g="0" b="0" />
                  </font>
                </style>
              </node>
              <node identifier="id-3def83bf" elementRef="id-676312ba" xsi:type="Element" x="1137" y="2185" w="161" h="55">
                <style>
                  <fillColor r="181" g="255" b="255" a="100" />
                  <lineColor r="92" g="92" b="92" a="100" />
                  <font name="Lucida Grande" size="12">
                    <color r="0" g="0" b="0" />
                  </font>
                </style>
              </node>
            </node>
            <node identifier="f9cf8ba0" elementRef="id-06c4ede1" xsi:type="Element" x="957" y="2260" w="341" h="86">
              <style>
                <fillColor r="181" g="255" b="255" a="100" />
                <lineColor r="92" g="92" b="92" a="100" />
                <font name="Lucida Grande" size="12">
                  <color r="0" g="0" b="0" />
                </font>
              </style>
              <node identifier="b73234d3" elementRef="c243a4a4" xsi:type="Element" x="997" y="2290" w="120" h="55">
                <style>
                  <fillColor r="181" g="255" b="255" a="100" />
                  <lineColor r="92" g="92" b="92" a="100" />
                  <font name="Lucida Grande" size="12">
                    <color r="0" g="0" b="0" />
                  </font>
                </style>
              </node>
              <node identifier="id-8a4d56db" elementRef="f0aead7f" xsi:type="Element" x="1137" y="2290" w="161" h="55">
                <style>
                  <fillColor r="181" g="255" b="255" a="100" />
                  <lineColor r="92" g="92" b="92" a="100" />
                  <font name="Lucida Grande" size="12">
                    <color r="0" g="0" b="0" />
                  </font>
                </style>
              </node>
            </node>
          </node>
          <node identifier="e9ab34b5" elementRef="id-26eaa704" xsi:type="Element" x="1457" y="2015" w="1241" h="641">
            <style>
              <fillColor r="181" g="255" b="255" a="100" />
              <lineColor r="92" g="92" b="92" a="100" />
              <font name="Lucida Grande" size="12">
                <color r="0" g="0" b="0" />
              </font>
            </style>
            <node identifier="id-3ab5a194" elementRef="c23a8a9e" xsi:type="Element" x="1502" y="2150" w="551" h="86">
              <style>
                <fillColor r="181" g="255" b="255" a="100" />
                <lineColor r="92" g="92" b="92" a="100" />
                <font name="Lucida Grande" size="12">
                  <color r="0" g="0" b="0" />
                </font>
              </style>
              <node identifier="b35c0f05" elementRef="id-0922aab2" xsi:type="Element" x="1542" y="2180" w="120" h="55">
                <style>
                  <fillColor r="181" g="255" b="255" a="100" />
                  <lineColor r="92" g="92" b="92" a="100" />
                  <font name="Lucida Grande" size="12">
                    <color r="0" g="0" b="0" />
                  </font>
                </style>
              </node>
              <node identifier="id-1f3d97a2" elementRef="id-81ad28bd" xsi:type="Element" x="1682" y="2180" w="120" h="55">
                <style>
                  <fillColor r="181" g="255" b="255" a="100" />
                  <lineColor r="92" g="92" b="92" a="100" />
                  <font name="Lucida Grande" size="12">
                    <color r="0" g="0" b="0" />
                  </font>
                </style>
              </node>
            </node>
            <node identifier="id-1edd1024" elementRef="id-2326194a" xsi:type="Element" x="2107" y="2375" w="551" h="111">
              <style>
                <fillColor r="181" g="255" b="255" a="100" />
                <lineColor r="92" g="92" b="92" a="100" />
                <font name="Lucida Grande" size="12">
                  <color r="0" g="0" b="0" />
                </font>
              </style>
              <node identifier="id-79356962" elementRef="id-1200857e" xsi:type="Element" x="2147" y="2405" w="120" h="80">
                <style>
                  <fillColor r="181" g="255" b="255" a="100" />
                  <lineColor r="92" g="92" b="92" a="100" />
                  <font name="Lucida Grande" size="12">
                    <color r="0" g="0" b="0" />
                  </font>
                </style>
              </node>
              <node identifier="id-0d935ad8" elementRef="id-985ecaae" xsi:type="Element" x="2467" y="2405" w="120" h="80">
                <style>
                  <fillColor r="181" g="255" b="255" a="100" />
                  <lineColor r="92" g="92" b="92" a="100" />
                  <font name="Lucida Grande" size="12">
                    <color r="0" g="0" b="0" />
                  </font>
                </style>
              </node>
              <node identifier="b115f625" elementRef="id-885a9b43" xsi:type="Element" x="2317" y="2405" w="120" h="80">
                <style>
                  <fillColor r="181" g="255" b="255" a="100" />
                  <lineColor r="92" g="92" b="92" a="100" />
                  <font name="Lucida Grande" size="12">
                    <color r="255" g="0" b="0" />
                  </font>
                </style>
              </node>
            </node>
            <node identifier="a5e078e7" elementRef="id-6a3032b8" xsi:type="Element" x="1502" y="2255" w="551" h="86">
              <style>
                <fillColor r="181" g="255" b="255" a="100" />
                <lineColor r="92" g="92" b="92" a="100" />
                <font name="Lucida Grande" size="12">
                  <color r="0" g="0" b="0" />
                </font>
              </style>
              <node identifier="id-0c22a8af" elementRef="id-78226563" xsi:type="Element" x="1542" y="2285" w="120" h="55">
                <style>
                  <fillColor r="181" g="255" b="255" a="100" />
                  <lineColor r="92" g="92" b="92" a="100" />
                  <font name="Lucida Grande" size="12">
                    <color r="0" g="0" b="0" />
                  </font>
                </style>
              </node>
              <node identifier="id-9b289212" elementRef="id-1295f749" xsi:type="Element" x="1682" y="2285" w="120" h="55">
                <style>
                  <fillColor r="181" g="255" b="255" a="100" />
                  <lineColor r="92" g="92" b="92" a="100" />
                  <font name="Lucida Grande" size="12">
                    <color r="0" g="0" b="0" />
                  </font>
                </style>
              </node>
            </node>
            <node identifier="caa97118" elementRef="fec24c37" xsi:type="Element" x="1502" y="2375" w="551" h="86">
              <style>
                <fillColor r="181" g="255" b="255" a="100" />
                <lineColor r="92" g="92" b="92" a="100" />
                <font name="Lucida Grande" size="12">
                  <color r="0" g="0" b="0" />
                </font>
              </style>
              <node identifier="c337d0e4" elementRef="id-48ed7a3b" xsi:type="Element" x="1542" y="2405" w="120" h="55">
                <style>
                  <fillColor r="181" g="255" b="255" a="100" />
                  <lineColor r="92" g="92" b="92" a="100" />
                  <font name="Lucida Grande" size="12">
                    <color r="0" g="0" b="0" />
                  </font>
                </style>
              </node>
              <node identifier="id-3ae6df85" elementRef="e3ec0b66" xsi:type="Element" x="1682" y="2405" w="120" h="55">
                <style>
                  <fillColor r="181" g="255" b="255" a="100" />
                  <lineColor r="92" g="92" b="92" a="100" />
                  <font name="Lucida Grande" size="12">
                    <color r="0" g="0" b="0" />
                  </font>
                </style>
              </node>
            </node>
            <node identifier="id-0348c4e6" elementRef="id-88c0f29c" xsi:type="Element" x="2107" y="2150" w="551" h="86">
              <style>
                <fillColor r="181" g="255" b="255" a="100" />
                <lineColor r="92" g="92" b="92" a="100" />
                <font name="Lucida Grande" size="12">
                  <color r="0" g="0" b="0" />
                </font>
              </style>
              <node identifier="ca30ebcc" elementRef="id-7228d806" xsi:type="Element" x="2147" y="2180" w="120" h="55">
                <style>
                  <fillColor r="181" g="255" b="255" a="100" />
                  <lineColor r="92" g="92" b="92" a="100" />
                  <font name="Lucida Grande" size="12">
                    <color r="0" g="0" b="0" />
                  </font>
                </style>
              </node>
              <node identifier="id-233941a0" elementRef="bf9916c2" xsi:type="Element" x="2462" y="2180" w="161" h="55">
                <style>
                  <fillColor r="181" g="255" b="255" a="100" />
                  <lineColor r="92" g="92" b="92" a="100" />
                  <font name="Lucida Grande" size="12">
                    <color r="0" g="0" b="0" />
                  </font>
                </style>
              </node>
            </node>
            <node identifier="id-889adb24" elementRef="b09f1bbf" xsi:type="Element" x="2107" y="2255" w="551" h="86">
              <style>
                <fillColor r="181" g="255" b="255" a="100" />
                <lineColor r="92" g="92" b="92" a="100" />
                <font name="Lucida Grande" size="12">
                  <color r="0" g="0" b="0" />
                </font>
              </style>
              <node identifier="e861d93e" elementRef="d3679122" xsi:type="Element" x="2147" y="2285" w="120" h="55">
                <style>
                  <fillColor r="181" g="255" b="255" a="100" />
                  <lineColor r="92" g="92" b="92" a="100" />
                  <font name="Lucida Grande" size="12">
                    <color r="0" g="0" b="0" />
                  </font>
                </style>
              </node>
              <node identifier="id-74b3c986" elementRef="e24baa48" xsi:type="Element" x="2462" y="2285" w="161" h="55">
                <style>
                  <fillColor r="181" g="255" b="255" a="100" />
                  <lineColor r="92" g="92" b="92" a="100" />
                  <font name="Lucida Grande" size="12">
                    <color r="0" g="0" b="0" />
                  </font>
                </style>
              </node>
            </node>
          </node>
        </node>
        <connection identifier="id-93fb46a3" relationshipRef="b60a56c7" xsi:type="Relationship" source="id-22d5bf62" target="id-676d476c">
          <style>
            <lineColor r="0" g="0" b="0" />
            <font name="Lucida Grande" size="12">
              <color r="0" g="0" b="0" />
            </font>
          </style>
          <bendpoint x="813" y="1860" />
        </connection>
        <connection identifier="b8189ddc" relationshipRef="id-4da10b1c" xsi:type="Relationship" source="id-984a70cc" target="e9ab34b5">
          <style>
            <lineColor r="0" g="0" b="0" />
            <font name="Lucida Grande" size="12">
              <color r="0" g="0" b="0" />
            </font>
          </style>
        </connection>
        <connection identifier="e8e44040" relationshipRef="id-727142ab" xsi:type="Relationship" source="d93ef8ec" target="id-22d5bf62">
          <style>
            <lineColor r="255" g="0" b="0" />
            <font name="Lucida Grande" size="12">
              <color r="0" g="0" b="0" />
            </font>
          </style>
        </connection>
        <connection identifier="id-7b6ec638" relationshipRef="b37fcdbd" xsi:type="Relationship" source="bc1ff3b2" target="id-8ecac20f">
          <style>
            <lineColor r="255" g="0" b="0" />
            <font name="Lucida Grande" size="12">
              <color r="255" g="0" b="0" />
            </font>
          </style>
        </connection>
        <connection identifier="id-0ab1bf05" relationshipRef="id-9396a9d6" xsi:type="Relationship" source="id-676d476c" target="bc1ff3b2">
          <style>
            <lineColor r="0" g="0" b="0" />
            <font name="Lucida Grande" size="12">
              <color r="0" g="0" b="0" />
            </font>
          </style>
        </connection>
        <connection identifier="id-247ee19a" relationshipRef="id-8b9c8472" xsi:type="Relationship" source="id-448b604d" target="id-7f43e8ee">
          <style>
            <lineColor r="0" g="0" b="0" />
            <font name="Lucida Grande" size="12">
              <color r="0" g="0" b="0" />
            </font>
          </style>
        </connection>
        <connection identifier="id-8e0589c5" relationshipRef="id-284b4dd0" xsi:type="Relationship" source="id-7f43e8ee" target="id-6917e31a">
          <style>
            <lineColor r="128" g="128" b="128" />
            <font name="Lucida Grande" size="12">
              <color r="0" g="0" b="0" />
            </font>
          </style>
        </connection>
        <connection identifier="cef8450a" relationshipRef="id-785e6ecb" xsi:type="Relationship" source="eecc1fe5" target="d23711f0">
          <style>
            <lineColor r="0" g="0" b="0" />
            <font name="Lucida Grande" size="12">
              <color r="0" g="0" b="0" />
            </font>
          </style>
        </connection>
        <connection identifier="id-4935879c" relationshipRef="id-0b0cfc14" xsi:type="Relationship" source="id-822aeac3" target="ed4bf5dc">
          <style>
            <lineColor r="0" g="0" b="0" />
            <font name="Lucida Grande" size="12">
              <color r="0" g="0" b="0" />
            </font>
          </style>
        </connection>
        <connection identifier="dc3bae47" relationshipRef="c8790c9f" xsi:type="Relationship" source="bbea2ecb" target="id-9c8207cf">
          <style>
            <lineColor r="0" g="0" b="0" />
            <font name="Lucida Grande" size="12">
              <color r="0" g="0" b="0" />
            </font>
          </style>
        </connection>
        <connection identifier="fdeb92a1" relationshipRef="id-51b52cf3" xsi:type="Relationship" source="id-47bb070b" target="id-3def83bf">
          <style>
            <lineColor r="0" g="0" b="0" />
            <font name="Lucida Grande" size="12">
              <color r="0" g="0" b="0" />
            </font>
          </style>
        </connection>
        <connection identifier="id-9e6b8b05" relationshipRef="af7e8f9b" xsi:type="Relationship" source="id-3def83bf" target="id-8ae2ccb5">
          <style>
            <lineColor r="128" g="128" b="128" />
            <font name="Lucida Grande" size="12">
              <color r="128" g="128" b="128" />
            </font>
          </style>
          <bendpoint x="1195" y="2360" />
        </connection>
        <connection identifier="id-0acce206" relationshipRef="id-3c53f486" xsi:type="Relationship" source="b73234d3" target="id-8a4d56db">
          <style>
            <lineColor r="0" g="0" b="0" />
            <font name="Lucida Grande" size="12">
              <color r="0" g="0" b="0" />
            </font>
          </style>
        </connection>
        <connection identifier="id-8fb6cf21" relationshipRef="ed3d9dac" xsi:type="Relationship" source="id-8a4d56db" target="id-8ae2ccb5">
          <style>
            <lineColor r="128" g="128" b="128" />
            <font name="Lucida Grande" size="12">
              <color r="0" g="0" b="0" />
            </font>
          </style>
          <bendpoint x="1230" y="2360" />
        </connection>
        <connection identifier="id-6b6d82c6" relationshipRef="id-839079b4" xsi:type="Relationship" source="e9ab34b5" target="db5f59b4">
          <style>
            <lineColor r="0" g="0" b="0" />
            <font name="Lucida Grande" size="12">
              <color r="0" g="0" b="0" />
            </font>
          </style>
        </connection>
        <connection identifier="a030d0c1" relationshipRef="id-8561b7ee" xsi:type="Relationship" source="b35c0f05" target="id-1f3d97a2">
          <style>
            <lineColor r="0" g="0" b="0" />
            <font name="Lucida Grande" size="12">
              <color r="0" g="0" b="0" />
            </font>
          </style>
        </connection>
        <connection identifier="id-797760fa" relationshipRef="id-7983dc21" xsi:type="Relationship" source="id-1f3d97a2" target="a5e078e7">
          <style>
            <lineColor r="128" g="128" b="128" />
            <font name="Lucida Grande" size="12">
              <color r="0" g="0" b="0" />
            </font>
          </style>
        </connection>
        <connection identifier="id-3c543351" relationshipRef="id-0ec76707" xsi:type="Relationship" source="id-79356962" target="b115f625">
          <style>
            <lineColor r="0" g="0" b="0" />
            <font name="Lucida Grande" size="12">
              <color r="0" g="0" b="0" />
            </font>
          </style>
        </connection>
        <connection identifier="id-16cda8cd" relationshipRef="id-094507d0" xsi:type="Relationship" source="b115f625" target="id-0d935ad8">
          <style>
            <lineColor r="0" g="0" b="0" />
            <font name="Lucida Grande" size="12">
              <color r="0" g="0" b="0" />
            </font>
          </style>
        </connection>
        <connection identifier="id-678a5b7d" relationshipRef="id-59be7f97" xsi:type="Relationship" source="b115f625" target="id-797bae5b">
          <style>
            <lineColor r="255" g="0" b="0" />
            <font name="Lucida Grande" size="12">
              <color r="0" g="0" b="0" />
            </font>
          </style>
          <bendpoint x="2353" y="2090" />
          <bendpoint x="1121" y="2090" />
        </connection>
        <connection identifier="id-11b87fb1" relationshipRef="id-1753945e" xsi:type="Relationship" source="id-0c22a8af" target="id-9b289212">
          <style>
            <lineColor r="0" g="0" b="0" />
            <font name="Lucida Grande" size="12">
              <color r="0" g="0" b="0" />
            </font>
          </style>
        </connection>
        <connection identifier="id-51804297" relationshipRef="id-08f7a3c3" xsi:type="Relationship" source="c337d0e4" target="id-3ae6df85">
          <style>
            <lineColor r="0" g="0" b="0" />
            <font name="Lucida Grande" size="12">
              <color r="0" g="0" b="0" />
            </font>
          </style>
        </connection>
        <connection identifier="id-22fdb959" relationshipRef="e0be3408" xsi:type="Relationship" source="ca30ebcc" target="id-233941a0">
          <style>
            <lineColor r="0" g="0" b="0" />
            <font name="Lucida Grande" size="12">
              <color r="0" g="0" b="0" />
            </font>
          </style>
        </connection>
        <connection identifier="c302712f" relationshipRef="id-4fc1e127" xsi:type="Relationship" source="id-233941a0" target="id-1edd1024">
          <style>
            <lineColor r="128" g="128" b="128" />
            <font name="Lucida Grande" size="12">
              <color r="0" g="0" b="0" />
            </font>
          </style>
        </connection>
        <connection identifier="id-6ea44896" relationshipRef="id-5240948b" xsi:type="Relationship" source="e861d93e" target="id-74b3c986">
          <style>
            <lineColor r="0" g="0" b="0" />
            <font name="Lucida Grande" size="12">
              <color r="0" g="0" b="0" />
            </font>
          </style>
        </connection>
        <connection identifier="id-7c1b1eb2" relationshipRef="id-75d65d16" xsi:type="Relationship" source="id-74b3c986" target="id-1edd1024">
          <style>
            <lineColor r="128" g="128" b="128" />
            <font name="Lucida Grande" size="12">
              <color r="128" g="128" b="128" />
            </font>
          </style>
          <bendpoint x="2570" y="2360" />
        </connection>
      </view>
    </diagrams>
  </views>
</model>
