{"identifier":"https://me.big.tuwien.ac.at/EAModelSet/_LgtawLIIEeqEM7mFKilpXw","archimateId":"_LgtawLIIEeqEM7mFKilpXw","name":"test","description":"","formats":["XML","CSV","JSON","ARCHIMATE"],"source":"GenMyModel","sourceFile":"raw-data/genmymodel/_lgtawliieeqem7mfkilpxw.xml","sourceFormat":"XML","timestamp":"29-06-2023 09:24:33","tags":[],"duplicates":[],"language":"de","elements":[{"id":"_x4Ix4JQ2EDiHm_WklM7L5g","name":"Integrierter Mobilitätsmanagement","type":"BusinessObject","layer":"business"},{"id":"_SJBp4ZQ4EDiHm_WklM7L5g","name":"Service","type":"BusinessService","layer":"business"},{"id":"_JL_ykJQ6EDiHm_WklM7L5g","name":"Integration von Daten","type":"BusinessProcess","layer":"business"},{"id":"_JO0dEZQ6EDiHm_WklM7L5g","name":"Geokodierung von Adressen","type":"BusinessProcess","layer":"business"},{"id":"_eMtMQZQ6EDiHm_WklM7L5g","name":"Auskunft ÖPNV","type":"BusinessProcess","layer":"business"},{"id":"_eTkpQJQ6EDiHm_WklM7L5g","name":"Process","type":"BusinessProcess","layer":"business"},{"id":"_emTYAZQ6EDiHm_WklM7L5g","name":"Process","type":"BusinessProcess","layer":"business"},{"id":"_e2tykZQ6EDiHm_WklM7L5g","name":"Process","type":"BusinessProcess","layer":"business"},{"id":"_4n8cgJk-EDibSv5RpJCVGg","name":"Itermodales Veknüpfung Portal","type":"Product","layer":"business"},{"id":"_HLXpsJk_EDibSv5RpJCVGg","name":"MobilityHub App","type":"BusinessService","layer":"business"},{"id":"_NBV-kJk_EDibSv5RpJCVGg","name":"Website","type":"BusinessService","layer":"business"},{"id":"_PxkqgZk_EDibSv5RpJCVGg","name":"(semi-) automatisierte Telefonzentrale","type":"BusinessService","layer":"business"},{"id":"_Y5aYwJk_EDibSv5RpJCVGg","name":"Buchungsmanager","type":"BusinessService","layer":"business"},{"id":"_arCucJk_EDibSv5RpJCVGg","name":"Zahlungsmanager","type":"BusinessService","layer":"business"},{"id":"_-Ju0oJk_EDibSv5RpJCVGg","name":"Datenaustausch: Live Auskunft von Mobilitätsservices","type":"BusinessInteraction","layer":"business"},{"id":"_OacqEJlAEDibSv5RpJCVGg","name":"Datenaustausch: Vermittlung der Buchungen zu den Mobilitätsservices","type":"BusinessInteraction","layer":"business"},{"id":"_gVf6YZlAEDibSv5RpJCVGg","name":"Bike Sharing","type":"Product","layer":"business"},{"id":"_hbVhEJlAEDibSv5RpJCVGg","name":"Product","type":"Product","layer":"business"},{"id":"_5R01EJlAEDibSv5RpJCVGg","name":"Shuttle","type":"Product","layer":"business"},{"id":"_7uz04JlAEDibSv5RpJCVGg","name":"Smart Garage - Pkw","type":"Product","layer":"business"},{"id":"_-CK-oJlAEDibSv5RpJCVGg","name":"Smart Garage - Fahrrad","type":"Product","layer":"business"},{"id":"_HZAyMJlBEDibSv5RpJCVGg","name":"Besetzungsgrad Monitor","type":"BusinessService","layer":"business"},{"id":"_HfyvoZlBEDibSv5RpJCVGg","name":"Security System","type":"BusinessService","layer":"business"},{"id":"_HjLa0ZlBEDibSv5RpJCVGg","name":"Entsperrungssystem","type":"BusinessService","layer":"business"},{"id":"_Ir7yoZlBEDibSv5RpJCVGg","name":"Buchungsmanager pro Service","type":"BusinessService","layer":"business"},{"id":"_IxqAIZlBEDibSv5RpJCVGg","name":"Live Auskunft pro Service","type":"BusinessService","layer":"business"},{"id":"_o_ZdgJlCEDibSv5RpJCVGg","name":"Kundenvertragspartner","type":"BusinessRole","layer":"business"},{"id":"_o_ZdgplCEDibSv5RpJCVGg","name":"Kunden - und Vertragsverwaltung","type":"BusinessService","layer":"business"},{"id":"_o_aEkJlCEDibSv5RpJCVGg","name":"VBB","type":"BusinessActor","layer":"business"},{"id":"_0Rgq8JlCEDibSv5RpJCVGg","name":"Zahlungsdienstleister","type":"BusinessRole","layer":"business"},{"id":"_5KSiUZlDEDibSv5RpJCVGg","name":"Mobilitätsservices","type":"BusinessObject","layer":"business"},{"id":"_zBEE0JlEEDibSv5RpJCVGg","name":"Car Sharing","type":"Product","layer":"business"},{"id":"_MjIw4JlFEDibSv5RpJCVGg","name":"Mobilititätsdienstleister","type":"BusinessRole","layer":"business"},{"id":"_aefRcJlFEDibSv5RpJCVGg","name":"Private Mobilitätanbieter","type":"BusinessActor","layer":"business"},{"id":"_YB42sJlGEDibSv5RpJCVGg","name":"Live Auskunft","type":"BusinessService","layer":"business"},{"id":"_mFKkMZlGEDiNxt8jEylImg","name":"Auskunftsgeber","type":"BusinessRole","layer":"business"},{"id":"_w8tVgJlGEDiNxt8jEylImg","name":"Auskunftsdaten-verantwortlicher","type":"BusinessRole","layer":"business"},{"id":"_9IrjIJlGEDiNxt8jEylImg","name":"Web-Dienstleister","type":"BusinessRole","layer":"business"},{"id":"__0N8UJlGEDiNxt8jEylImg","name":"App- Dienstleister","type":"BusinessRole","layer":"business"},{"id":"_TAN3IJlHEDiNxt8jEylImg","name":"Buchungs-Dienstleister","type":"BusinessRole","layer":"business"},{"id":"_sdeUoJlHEDiNxt8jEylImg","name":"Kundenservice- Dienstleister","type":"BusinessRole","layer":"business"},{"id":"_yH0oUJlHEDiNxt8jEylImg","name":"Verkehrsbetrieb Potsdam (in house)oder private Argenturen","type":"BusinessActor","layer":"business"},{"id":"_JdypMJlIEDiNxt8jEylImg","name":"Auskunftsdaten-verantwortlicher","type":"BusinessRole","layer":"business"},{"id":"_1sfzgJlIEDiNxt8jEylImg","name":"Buchungs-Dienstleister","type":"BusinessRole","layer":"business"},{"id":"_WSXdAJlKEDiNxt8jEylImg","name":"Verbesserung des intermodalen Angebots vom MobilityHub ","type":"Goal","layer":"motivation"},{"id":"_r0gIwJlKEDiNxt8jEylImg","name":"Verkehrs-teilnehmer*innen","type":"Stakeholder","layer":"motivation"},{"id":"_vul_wJlKEDiNxt8jEylImg","name":"Anwohner*innen","type":"Stakeholder","layer":"motivation"},{"id":"_xycG0JlKEDiNxt8jEylImg","name":"Arbeitsgeber im Kiez","type":"Stakeholder","layer":"motivation"},{"id":"_jL43sJlLEDiNxt8jEylImg","name":"Stadt Potsdam","type":"Stakeholder","layer":"motivation"},{"id":"_khrl8JlLEDiNxt8jEylImg","name":"Mobilitätsanbierter","type":"Stakeholder","layer":"motivation"},{"id":"_yT-bsJlMEDiNxt8jEylImg","name":"besseres First/Last Mile Anbindung","type":"Goal","layer":"motivation"},{"id":"_yWCRMJlMEDiNxt8jEylImg","name":"weniger Lärm","type":"Goal","layer":"motivation"},{"id":"_yXUqoJlMEDiNxt8jEylImg","name":"weniger ruhender Verkehr im öffentlichen Raum","type":"Goal","layer":"motivation"},{"id":"_yf5X0JlMEDiNxt8jEylImg","name":"weniger CO2","type":"Goal","layer":"motivation"},{"id":"_ONeSIJlNEDiNxt8jEylImg","name":"schnellere und billigere Mobilität","type":"Goal","layer":"motivation"}],"relationships":[{"id":"_vixyUZk_EDibSv5RpJCVGg","sourceId":"_4n8cgJk-EDibSv5RpJCVGg","targetId":"_arCucJk_EDibSv5RpJCVGg","type":"Composition"},{"id":"_wMGcI5k_EDibSv5RpJCVGg","sourceId":"_4n8cgJk-EDibSv5RpJCVGg","targetId":"_Y5aYwJk_EDibSv5RpJCVGg","type":"Composition"},{"id":"_xc4ukJk_EDibSv5RpJCVGg","sourceId":"_4n8cgJk-EDibSv5RpJCVGg","targetId":"_PxkqgZk_EDibSv5RpJCVGg","type":"Aggregation"},{"id":"_ypu8MZk_EDibSv5RpJCVGg","sourceId":"_4n8cgJk-EDibSv5RpJCVGg","targetId":"_HLXpsJk_EDibSv5RpJCVGg","type":"Composition"},{"id":"_y3ymUZk_EDibSv5RpJCVGg","sourceId":"_4n8cgJk-EDibSv5RpJCVGg","targetId":"_NBV-kJk_EDibSv5RpJCVGg","type":"Composition"},{"id":"_o_aEkplCEDibSv5RpJCVGg","sourceId":"_o_ZdgJlCEDibSv5RpJCVGg","targetId":"_o_ZdgplCEDibSv5RpJCVGg","type":"Assignment"},{"id":"_o_aElJlCEDibSv5RpJCVGg","sourceId":"_o_aEkJlCEDibSv5RpJCVGg","targetId":"_o_ZdgJlCEDibSv5RpJCVGg","type":"Assignment"},{"id":"_xXOEE5lCEDibSv5RpJCVGg","sourceId":"_4n8cgJk-EDibSv5RpJCVGg","targetId":"_o_ZdgplCEDibSv5RpJCVGg","type":"Composition"},{"id":"_sP6hIJlEEDibSv5RpJCVGg","sourceId":"_5R01EJlAEDibSv5RpJCVGg","targetId":"_HfyvoZlBEDibSv5RpJCVGg","type":"Composition"},{"id":"_soCtQ5lEEDibSv5RpJCVGg","sourceId":"_5R01EJlAEDibSv5RpJCVGg","targetId":"_HZAyMJlBEDibSv5RpJCVGg","type":"Composition"},{"id":"_s1QC05lEEDibSv5RpJCVGg","sourceId":"_5R01EJlAEDibSv5RpJCVGg","targetId":"_HjLa0ZlBEDibSv5RpJCVGg","type":"Composition"},{"id":"_P50_4plFEDibSv5RpJCVGg","sourceId":"_MjIw4JlFEDibSv5RpJCVGg","targetId":"_HfyvoZlBEDibSv5RpJCVGg","type":"Assignment"},{"id":"_QK3Fg5lFEDibSv5RpJCVGg","sourceId":"_MjIw4JlFEDibSv5RpJCVGg","targetId":"_HZAyMJlBEDibSv5RpJCVGg","type":"Assignment"},{"id":"_QXw5E5lFEDibSv5RpJCVGg","sourceId":"_MjIw4JlFEDibSv5RpJCVGg","targetId":"_HjLa0ZlBEDibSv5RpJCVGg","type":"Assignment"},{"id":"_dqlaAplFEDibSv5RpJCVGg","sourceId":"_aefRcJlFEDibSv5RpJCVGg","targetId":"_MjIw4JlFEDibSv5RpJCVGg","type":"Assignment"},{"id":"_Y5Inw5lGEDibSv5RpJCVGg","sourceId":"_4n8cgJk-EDibSv5RpJCVGg","targetId":"_YB42sJlGEDibSv5RpJCVGg","type":"Composition"},{"id":"_uwptoJlGEDiNxt8jEylImg","sourceId":"_mFKkMZlGEDiNxt8jEylImg","targetId":"_YB42sJlGEDibSv5RpJCVGg","type":"Assignment"},{"id":"_x9VFAplGEDiNxt8jEylImg","sourceId":"_w8tVgJlGEDiNxt8jEylImg","targetId":"_YB42sJlGEDibSv5RpJCVGg","type":"Assignment"},{"id":"_rX0UIJlHEDiNxt8jEylImg","sourceId":"_0Rgq8JlCEDibSv5RpJCVGg","targetId":"_arCucJk_EDibSv5RpJCVGg","type":"Assignment"},{"id":"_rlinEZlHEDiNxt8jEylImg","sourceId":"_TAN3IJlHEDiNxt8jEylImg","targetId":"_Y5aYwJk_EDibSv5RpJCVGg","type":"Assignment"},{"id":"_rwxmsJlHEDiNxt8jEylImg","sourceId":"__0N8UJlGEDiNxt8jEylImg","targetId":"_HLXpsJk_EDibSv5RpJCVGg","type":"Assignment"},{"id":"_r7AgwZlHEDiNxt8jEylImg","sourceId":"_9IrjIJlGEDiNxt8jEylImg","targetId":"_NBV-kJk_EDibSv5RpJCVGg","type":"Assignment"},{"id":"_4EuEkZlHEDiNxt8jEylImg","sourceId":"_yH0oUJlHEDiNxt8jEylImg","targetId":"_0Rgq8JlCEDibSv5RpJCVGg","type":"Assignment"},{"id":"_4PyFE5lHEDiNxt8jEylImg","sourceId":"_yH0oUJlHEDiNxt8jEylImg","targetId":"_TAN3IJlHEDiNxt8jEylImg","type":"Assignment"},{"id":"_4aL-QZlHEDiNxt8jEylImg","sourceId":"_yH0oUJlHEDiNxt8jEylImg","targetId":"_sdeUoJlHEDiNxt8jEylImg","type":"Assignment"},{"id":"_4kaRQ5lHEDiNxt8jEylImg","sourceId":"_yH0oUJlHEDiNxt8jEylImg","targetId":"__0N8UJlGEDiNxt8jEylImg","type":"Assignment"},{"id":"_4ssqkplHEDiNxt8jEylImg","sourceId":"_yH0oUJlHEDiNxt8jEylImg","targetId":"_9IrjIJlGEDiNxt8jEylImg","type":"Assignment"},{"id":"_4-dwA5lHEDiNxt8jEylImg","sourceId":"_yH0oUJlHEDiNxt8jEylImg","targetId":"_mFKkMZlGEDiNxt8jEylImg","type":"Assignment"},{"id":"_6lEhcplHEDiNxt8jEylImg","sourceId":"_yH0oUJlHEDiNxt8jEylImg","targetId":"_w8tVgJlGEDiNxt8jEylImg","type":"Assignment"},{"id":"_TZDYcplIEDiNxt8jEylImg","sourceId":"_5R01EJlAEDibSv5RpJCVGg","targetId":"_IxqAIZlBEDibSv5RpJCVGg","type":"Composition"},{"id":"_YUNq45lIEDiNxt8jEylImg","sourceId":"_JdypMJlIEDiNxt8jEylImg","targetId":"_IxqAIZlBEDibSv5RpJCVGg","type":"Assignment"},{"id":"_aWiH8plIEDiNxt8jEylImg","sourceId":"_JdypMJlIEDiNxt8jEylImg","targetId":"_-Ju0oJk_EDibSv5RpJCVGg","type":"Serving"},{"id":"_b3CRYZlIEDiNxt8jEylImg","sourceId":"_-Ju0oJk_EDibSv5RpJCVGg","targetId":"_w8tVgJlGEDiNxt8jEylImg","type":"Serving"},{"id":"_y1z6QJlIEDiNxt8jEylImg","sourceId":"_5R01EJlAEDibSv5RpJCVGg","targetId":"_Ir7yoZlBEDibSv5RpJCVGg","type":"Composition"},{"id":"_8RnGUplIEDiNxt8jEylImg","sourceId":"_1sfzgJlIEDiNxt8jEylImg","targetId":"_Ir7yoZlBEDibSv5RpJCVGg","type":"Assignment"},{"id":"_91Vi4JlIEDiNxt8jEylImg","sourceId":"_OacqEJlAEDibSv5RpJCVGg","targetId":"_1sfzgJlIEDiNxt8jEylImg","type":"Serving"},{"id":"__RTKk5lIEDiNxt8jEylImg","sourceId":"_TAN3IJlHEDiNxt8jEylImg","targetId":"_OacqEJlAEDibSv5RpJCVGg","type":"Serving"},{"id":"_HlKeMZlJEDiNxt8jEylImg","sourceId":"_aefRcJlFEDibSv5RpJCVGg","targetId":"_1sfzgJlIEDiNxt8jEylImg","type":"Assignment"},{"id":"_IU7HMplJEDiNxt8jEylImg","sourceId":"_aefRcJlFEDibSv5RpJCVGg","targetId":"_JdypMJlIEDiNxt8jEylImg","type":"Assignment"},{"id":"_nf2nQplLEDiNxt8jEylImg","sourceId":"_r0gIwJlKEDiNxt8jEylImg","targetId":"_WSXdAJlKEDiNxt8jEylImg","type":"Association"},{"id":"_nuSr4plLEDiNxt8jEylImg","sourceId":"_vul_wJlKEDiNxt8jEylImg","targetId":"_WSXdAJlKEDiNxt8jEylImg","type":"Association"},{"id":"_ohxXQplLEDiNxt8jEylImg","sourceId":"_xycG0JlKEDiNxt8jEylImg","targetId":"_WSXdAJlKEDiNxt8jEylImg","type":"Association"},{"id":"_oss04JlLEDiNxt8jEylImg","sourceId":"_jL43sJlLEDiNxt8jEylImg","targetId":"_WSXdAJlKEDiNxt8jEylImg","type":"Association"},{"id":"_o4nJ85lLEDiNxt8jEylImg","sourceId":"_khrl8JlLEDiNxt8jEylImg","targetId":"_WSXdAJlKEDiNxt8jEylImg","type":"Association"},{"id":"_Qa5zAZlNEDiNxt8jEylImg","sourceId":"_WSXdAJlKEDiNxt8jEylImg","targetId":"_ONeSIJlNEDiNxt8jEylImg","type":"Association"},{"id":"_Q-H00ZlNEDiNxt8jEylImg","sourceId":"_WSXdAJlKEDiNxt8jEylImg","targetId":"_yXUqoJlMEDiNxt8jEylImg","type":"Association"},{"id":"_RiMLMJlNEDiNxt8jEylImg","sourceId":"_WSXdAJlKEDiNxt8jEylImg","targetId":"_yT-bsJlMEDiNxt8jEylImg","type":"Association"},{"id":"_R_hAYplNEDiNxt8jEylImg","sourceId":"_WSXdAJlKEDiNxt8jEylImg","targetId":"_yf5X0JlMEDiNxt8jEylImg","type":"Association"},{"id":"_SIZPkplNEDiNxt8jEylImg","sourceId":"_WSXdAJlKEDiNxt8jEylImg","targetId":"_yWCRMJlMEDiNxt8jEylImg","type":"Association"},{"id":"_TmOfgZlNEDiNxt8jEylImg","sourceId":"_WSXdAJlKEDiNxt8jEylImg","targetId":"_4n8cgJk-EDibSv5RpJCVGg","type":"Association"}],"views":[{"id":"_Lgtaw7IIEeqEM7mFKilpXw","name":"archimate-diagram","viewpoint":""}]}