<?xml version="1.0" encoding="UTF-8"?><model xmlns="http://www.opengroup.org/xsd/archimate/3.0/" xmlns:xsi="http://www.w3.org/2001/XMLSchema-instance" identifier="3846c562-eab4-4e07-aa95-87703e0e0e69">  <name>Data model test</name>  <elements>    <element xsi:type="BusinessObject" identifier="_4DddMDsHEDaQfcpB0MHjlw">      <name xml:lang="en">Employment Contract</name>      <documentation/>    </element>    <element xsi:type="BusinessObject" identifier="_95I3ITsHEDaQfcpB0MHjlw">      <name xml:lang="en">Letter of Intent (LOI)</name>      <documentation/>    </element>    <element xsi:type="BusinessObject" identifier="_-TBWwTsHEDaQfcpB0MHjlw">      <name xml:lang="en">Non-disclosure Agreement (NDA)</name>      <documentation/>    </element>    <element xsi:type="BusinessObject" identifier="_-nntwTsHEDaQfcpB0MHjlw">      <name xml:lang="en">Project Contract</name>      <documentation/>    </element>    <element xsi:type="BusinessObject" identifier="_g1FcoTsIEDaQfcpB0MHjlw">      <name xml:lang="en">Memorandum of Understanding (MoU)</name>      <documentation/>    </element>    <element xsi:type="BusinessObject" identifier="_lkubkDsIEDaQfcpB0MHjlw">      <name xml:lang="en">Spare Parts Contract</name>      <documentation/>    </element>    <element xsi:type="BusinessObject" identifier="_2TlDQG8OEDeAXN35aHrQDw">      <name xml:lang="en">Employment Contract</name>      <documentation/>    </element>    <element xsi:type="ApplicationService" identifier="_FcoGAG8PEDeAXN35aHrQDw">      <name xml:lang="en">PET</name>      <documentation/>    </element>    <element xsi:type="ApplicationService" identifier="_GSbFkW8PEDeAXN35aHrQDw">      <name xml:lang="en">WIN</name>      <documentation/>    </element>    <element xsi:type="ApplicationService" identifier="_j4OFwG8PEDeAXN35aHrQDw">      <name xml:lang="en">LabOps PTT</name>      <documentation/>    </element>    <element xsi:type="BusinessActor" identifier="_4LiN8W8PEDeAXN35aHrQDw">      <name xml:lang="en">Client</name>      <documentation/>    </element>    <element xsi:type="BusinessActor" identifier="_O1igsW8QEDeAXN35aHrQDw">      <name xml:lang="en">TESP</name>      <documentation/>    </element>    <element xsi:type="ApplicationService" identifier="_oKYCAW8QEDeAXN35aHrQDw">      <name xml:lang="en">TESP PowerBI</name>      <documentation/>    </element>    <element xsi:type="ApplicationService" identifier="_-5NxcG8QEDeAXN35aHrQDw">      <name xml:lang="en">POE</name>      <documentation/>    </element>    <element xsi:type="ApplicationService" identifier="_fjzbgG8VEDeAXN35aHrQDw">      <name xml:lang="en">Out of Scope: Financial Planning Tool </name>      <documentation/>    </element>  </elements>  <relationships>    <relationship xsi:type="Flow" identifier="_biYcMm8PEDeAXN35aHrQDw" source="_GSbFkW8PEDeAXN35aHrQDw" target="_FcoGAG8PEDeAXN35aHrQDw">      <name xml:lang="en">2. Basic Data &amp; Scope</name>      <documentation/>    </relationship>    <relationship xsi:type="Flow" identifier="_sigVU28PEDeAXN35aHrQDw" source="_FcoGAG8PEDeAXN35aHrQDw" target="_j4OFwG8PEDeAXN35aHrQDw">      <name xml:lang="en">4. Basic Data &amp; Scope</name>      <documentation/>    </relationship>    <relationship xsi:type="Flow" identifier="_Ux3VM28QEDeAXN35aHrQDw" source="_O1igsW8QEDeAXN35aHrQDw" target="_FcoGAG8PEDeAXN35aHrQDw">      <name xml:lang="en">3. Prioritization #</name>      <documentation/>    </relationship>    <relationship xsi:type="Flow" identifier="_gbfqw28QEDeAXN35aHrQDw" source="_FcoGAG8PEDeAXN35aHrQDw" target="_j4OFwG8PEDeAXN35aHrQDw">      <name xml:lang="en">5. Prior. #</name>      <documentation/>    </relationship>    <relationship xsi:type="Flow" identifier="_2tdQ828QEDeAXN35aHrQDw" source="_j4OFwG8PEDeAXN35aHrQDw" target="_oKYCAW8QEDeAXN35aHrQDw">      <name xml:lang="en">9. Stage &amp; BuildStage</name>      <documentation/>    </relationship>    <relationship xsi:type="Flow" identifier="_CgQwom8REDeAXN35aHrQDw" source="_FcoGAG8PEDeAXN35aHrQDw" target="_-5NxcG8QEDeAXN35aHrQDw">      <name xml:lang="en">7. Prioritization#</name>      <documentation/>    </relationship>    <relationship xsi:type="Flow" identifier="_bDoG0G8TEDeAXN35aHrQDw" source="_-5NxcG8QEDeAXN35aHrQDw" target="_oKYCAW8QEDeAXN35aHrQDw">      <name xml:lang="en">10. POE MS, End POE MS, AIC Ready Actual</name>      <documentation/>    </relationship>    <relationship xsi:type="Flow" identifier="_KyRGQW8VEDeAXN35aHrQDw" source="_4LiN8W8PEDeAXN35aHrQDw" target="_GSbFkW8PEDeAXN35aHrQDw">      <name xml:lang="en">1. Basic Data &amp; Scope</name>      <documentation/>    </relationship>    <relationship xsi:type="Flow" identifier="_o1vg828VEDeAXN35aHrQDw" source="_j4OFwG8PEDeAXN35aHrQDw" target="_fjzbgG8VEDeAXN35aHrQDw">      <name xml:lang="en">6. PTT Cost Estimate</name>      <documentation/>    </relationship>    <relationship xsi:type="Flow" identifier="_EP2ssm8WEDeAXN35aHrQDw" source="_oKYCAW8QEDeAXN35aHrQDw" target="_FcoGAG8PEDeAXN35aHrQDw">      <name xml:lang="en">11. Messages 9 &amp; 10</name>      <documentation/>    </relationship>    <relationship xsi:type="Flow" identifier="_JBtN8W8dEDensMU1bKEvqg" source="_-5NxcG8QEDeAXN35aHrQDw" target="_FcoGAG8PEDeAXN35aHrQDw">      <name xml:lang="en">8. ZoneID for POE Prior.# Updates</name>      <documentation/>    </relationship>  </relationships>  <views>    <diagrams>      <view identifier="_WZsIAljZEeioG62n2D5JZQ">        <name xml:lang="en">Data model test</name>        <node xsi:type="Label" identifier="_5zU9EG8NEDemI-Rf5hfZNg" h="140" w="440" x="43" y="14">          <label xml:lang="en">Current StatusPain Points-No automated PMATT or ZoneID entries clear link from PET to POE enforced -Semi-manual prioritization updates-E2E view from PET through TGB lacking for zone-Consistent PET naming rules not laid out or enforced</label>        </node>        <node xsi:type="Element" identifier="_FcrJUW8PEDeAXN35aHrQDw" h="60" w="130" x="373" y="355" elementRef="_FcoGAG8PEDeAXN35aHrQDw"/>        <node xsi:type="Element" identifier="_GSc6w28PEDeAXN35aHrQDw" h="60" w="130" x="373" y="205" elementRef="_GSbFkW8PEDeAXN35aHrQDw"/>        <node xsi:type="Element" identifier="_j4OFwm8PEDeAXN35aHrQDw" h="60" w="130" x="373" y="555" elementRef="_j4OFwG8PEDeAXN35aHrQDw"/>        <node xsi:type="Element" identifier="_4LkqNm8PEDeAXN35aHrQDw" h="60" w="130" x="100" y="295" elementRef="_4LiN8W8PEDeAXN35aHrQDw"/>        <node xsi:type="Element" identifier="_O1kV4W8QEDeAXN35aHrQDw" h="70" w="130" x="100" y="395" elementRef="_O1igsW8QEDeAXN35aHrQDw"/>        <node xsi:type="Element" identifier="_oKbFU28QEDeAXN35aHrQDw" h="60" w="130" x="621" y="495" elementRef="_oKYCAW8QEDeAXN35aHrQDw"/>        <node xsi:type="Element" identifier="_-5Nxcm8QEDeAXN35aHrQDw" h="60" w="130" x="621" y="185" elementRef="_-5NxcG8QEDeAXN35aHrQDw"/>        <node xsi:type="Element" identifier="_fjzbgm8VEDeAXN35aHrQDw" h="60" w="130" x="100" y="535" elementRef="_fjzbgG8VEDeAXN35aHrQDw"/>        <connection xsi:type="Relationship" identifier="_biaRZG8PEDeAXN35aHrQDw" source="_GSc6w28PEDeAXN35aHrQDw" target="_FcrJUW8PEDeAXN35aHrQDw" relationshipRef="_biYcMm8PEDeAXN35aHrQDw">          <bendpoint x="458" y="310"/>          <bendpoint x="458" y="310"/>        </connection>        <connection xsi:type="Relationship" identifier="_siiKgG8PEDeAXN35aHrQDw" source="_FcrJUW8PEDeAXN35aHrQDw" target="_j4OFwm8PEDeAXN35aHrQDw" relationshipRef="_sigVU28PEDeAXN35aHrQDw">          <bendpoint x="394" y="485"/>          <bendpoint x="394" y="485"/>        </connection>        <connection xsi:type="Relationship" identifier="_Ux5KYW8QEDeAXN35aHrQDw" source="_O1kV4W8QEDeAXN35aHrQDw" target="_FcrJUW8PEDeAXN35aHrQDw" relationshipRef="_Ux3VM28QEDeAXN35aHrQDw">          <bendpoint x="301" y="405"/>          <bendpoint x="302" y="405"/>        </connection>        <connection xsi:type="Relationship" identifier="_gbhf8m8QEDeAXN35aHrQDw" source="_FcrJUW8PEDeAXN35aHrQDw" target="_j4OFwm8PEDeAXN35aHrQDw" relationshipRef="_gbfqw28QEDeAXN35aHrQDw">          <bendpoint x="418" y="485"/>          <bendpoint x="418" y="485"/>        </connection>        <connection xsi:type="Relationship" identifier="_2tfGIW8QEDeAXN35aHrQDw" source="_j4OFwm8PEDeAXN35aHrQDw" target="_oKbFU28QEDeAXN35aHrQDw" relationshipRef="_2tdQ828QEDeAXN35aHrQDw">          <bendpoint x="562" y="585"/>          <bendpoint x="562" y="525"/>        </connection>        <connection xsi:type="Relationship" identifier="_CgTz8m8REDeAXN35aHrQDw" source="_FcrJUW8PEDeAXN35aHrQDw" target="_-5Nxcm8QEDeAXN35aHrQDw" relationshipRef="_CgQwom8REDeAXN35aHrQDw">          <bendpoint x="562" y="395"/>          <bendpoint x="562" y="225"/>        </connection>        <connection xsi:type="Relationship" identifier="_bDp8AW8TEDeAXN35aHrQDw" source="_-5Nxcm8QEDeAXN35aHrQDw" target="_oKbFU28QEDeAXN35aHrQDw" relationshipRef="_bDoG0G8TEDeAXN35aHrQDw">          <bendpoint x="686" y="370"/>          <bendpoint x="686" y="370"/>        </connection>        <connection xsi:type="Relationship" identifier="_KyS7dG8VEDeAXN35aHrQDw" source="_4LkqNm8PEDeAXN35aHrQDw" target="_GSc6w28PEDeAXN35aHrQDw" relationshipRef="_KyRGQW8VEDeAXN35aHrQDw">          <bendpoint x="301" y="325"/>          <bendpoint x="302" y="235"/>        </connection>        <connection xsi:type="Relationship" identifier="_o1xWJm8VEDeAXN35aHrQDw" source="_j4OFwm8PEDeAXN35aHrQDw" target="_fjzbgm8VEDeAXN35aHrQDw" relationshipRef="_o1vg828VEDeAXN35aHrQDw">          <bendpoint x="302" y="575"/>          <bendpoint x="301" y="575"/>        </connection>        <connection xsi:type="Relationship" identifier="_EP5I8W8WEDeAXN35aHrQDw" source="_oKbFU28QEDeAXN35aHrQDw" target="_FcrJUW8PEDeAXN35aHrQDw" relationshipRef="_EP2ssm8WEDeAXN35aHrQDw">          <bendpoint x="664" y="419"/>          <bendpoint x="464" y="419"/>        </connection>        <connection xsi:type="Relationship" identifier="_JBvDIG8dEDensMU1bKEvqg" source="_-5Nxcm8QEDeAXN35aHrQDw" target="_FcrJUW8PEDeAXN35aHrQDw" relationshipRef="_JBtN8W8dEDensMU1bKEvqg">          <bendpoint x="580" y="225"/>          <bendpoint x="580" y="395"/>        </connection>      </view>    </diagrams>  </views></model>
