<?xml version="1.0" encoding="UTF-8"?>
<model xmlns="http://www.opengroup.org/xsd/archimate/3.0/" xmlns:xsi="http://www.w3.org/2001/XMLSchema-instance" xsi:schemaLocation="http://www.opengroup.org/xsd/archimate/3.0/ http://www.opengroup.org/xsd/archimate/3.1/archimate3_Diagram.xsd" identifier="id-0a4ff1ab">
  <name xml:lang="en">Integration of bouded contexts through flat files</name>
  <elements>
    <element identifier="aa6d4534" xsi:type="BusinessObject">
      <name xml:lang="en">entity 6</name>
    </element>
    <element identifier="id-16c30922" xsi:type="BusinessObject">
      <name xml:lang="en">entity 2</name>
    </element>
    <element identifier="id-9d78c8d1" xsi:type="BusinessObject">
      <name xml:lang="en">entity 1</name>
    </element>
    <element identifier="id-66caf245" xsi:type="BusinessObject">
      <name xml:lang="en">entity 3</name>
    </element>
    <element identifier="id-81bc11ac" xsi:type="BusinessObject">
      <name xml:lang="en">entity 4</name>
    </element>
    <element identifier="id-782414c1" xsi:type="BusinessObject">
      <name xml:lang="en">entity 5</name>
    </element>
    <element identifier="id-7b017709" xsi:type="DataObject">
      <name xml:lang="en">table 6</name>
    </element>
    <element identifier="id-6f2f5ddc" xsi:type="DataObject">
      <name xml:lang="en">table 1</name>
    </element>
    <element identifier="id-80940e57" xsi:type="DataObject">
      <name xml:lang="en">table 2</name>
    </element>
    <element identifier="id-96e4d015" xsi:type="DataObject">
      <name xml:lang="en">table 2</name>
    </element>
    <element identifier="dfc026aa" xsi:type="DataObject">
      <name xml:lang="en">table 5</name>
    </element>
    <element identifier="id-16226d5e" xsi:type="Node">
      <name xml:lang="en">database 4</name>
    </element>
    <element identifier="id-690e2397" xsi:type="TechnologyService">
      <name xml:lang="en">infrastructure</name>
    </element>
    <element identifier="id-940feb27" xsi:type="Node">
      <name xml:lang="en">database 1</name>
    </element>
    <element identifier="a67d4324" xsi:type="TechnologyService">
      <name xml:lang="en">infrastructure</name>
    </element>
    <element identifier="b0079978" xsi:type="Node">
      <name xml:lang="en">database 2</name>
    </element>
    <element identifier="cd5ac2c7" xsi:type="TechnologyService">
      <name xml:lang="en">infrastructure</name>
    </element>
    <element identifier="id-3a72ca5b" xsi:type="Node">
      <name xml:lang="en">database 3</name>
    </element>
    <element identifier="b77909ae" xsi:type="TechnologyService">
      <name xml:lang="en">infrastructure</name>
    </element>
    <element identifier="fa153758" xsi:type="TechnologyService">
      <name xml:lang="en">File Server</name>
      <documentation xml:lang="en">- there are no problems with locks like databases&#xD;
- there are no file schemes that can be a problem&#xD;
- there are no standard solutions for scalability and reliability</documentation>
    </element>
    <element identifier="id-47e7ed24" xsi:type="Grouping">
      <name xml:lang="en">generic subdomain 2 and Bounded context 4</name>
    </element>
    <element identifier="f4634650" xsi:type="Grouping">
      <name xml:lang="en">aggregate 6</name>
    </element>
    <element identifier="c91e7232" xsi:type="Grouping">
      <name xml:lang="en">application service 3</name>
    </element>
    <element identifier="id-07982683" xsi:type="Grouping">
      <name xml:lang="en">application service 2</name>
    </element>
    <element identifier="id-7e481181" xsi:type="Grouping">
      <name xml:lang="en">service 2</name>
    </element>
    <element identifier="b23c5f8e" xsi:type="Grouping">
      <name xml:lang="en">application service 2</name>
    </element>
    <element identifier="id-43fad7d6" xsi:type="Grouping">
      <name xml:lang="en">core domain and Bounded context 1</name>
    </element>
    <element identifier="id-907dcb06" xsi:type="Grouping">
      <name xml:lang="en">aggregate 2</name>
    </element>
    <element identifier="id-883d9852" xsi:type="Grouping">
      <name xml:lang="en">aggregate 1</name>
    </element>
    <element identifier="d43f37b6" xsi:type="Grouping">
      <name xml:lang="en">application service 1</name>
    </element>
    <element identifier="id-3bf2a50b" xsi:type="Grouping">
      <name xml:lang="en">service 2</name>
    </element>
    <element identifier="id-2925a7db" xsi:type="Grouping">
      <name xml:lang="en">application service 3</name>
    </element>
    <element identifier="dbfeaeb4" xsi:type="Grouping">
      <name xml:lang="en">application service 2</name>
    </element>
    <element identifier="id-03e54fc4" xsi:type="Grouping">
      <name xml:lang="en">temp package and Bounded context 2</name>
    </element>
    <element identifier="e20ae7ba" xsi:type="Grouping">
      <name xml:lang="en">aggregate 3</name>
    </element>
    <element identifier="id-8ef52b16" xsi:type="Grouping">
      <name xml:lang="en">application service 1</name>
    </element>
    <element identifier="id-77095e1b" xsi:type="Grouping">
      <name xml:lang="en">service 2</name>
    </element>
    <element identifier="id-9cf41f2b" xsi:type="Grouping">
      <name xml:lang="en">application service 3</name>
    </element>
    <element identifier="a5206bad" xsi:type="Grouping">
      <name xml:lang="en">application service 2</name>
    </element>
    <element identifier="d4825dc1" xsi:type="Grouping">
      <name xml:lang="en">generic subdomain 1 and Bounded context 3</name>
    </element>
    <element identifier="e35e4b06" xsi:type="Grouping">
      <name xml:lang="en">aggregate 5</name>
    </element>
    <element identifier="d470cd9b" xsi:type="Grouping">
      <name xml:lang="en">application service 3</name>
    </element>
    <element identifier="id-06ce4d71" xsi:type="Grouping">
      <name xml:lang="en">application service 2</name>
    </element>
    <element identifier="c2580488" xsi:type="Grouping">
      <name xml:lang="en">service 2</name>
    </element>
    <element identifier="id-6dbe1bf8" xsi:type="Grouping">
      <name xml:lang="en">application service 2</name>
    </element>
    <element identifier="id-3672a0d8" xsi:type="Grouping">
      <name xml:lang="en">composite UI</name>
    </element>
    <element identifier="bda91bdf" xsi:type="Grouping">
      <name xml:lang="en">enterprise service bus</name>
    </element>
    <element identifier="a142a4ea" xsi:type="Grouping">
      <name xml:lang="en">Process Manager</name>
    </element>
    <element identifier="id-39c73a68" xsi:type="Grouping">
      <name xml:lang="en">BPMN or BPEL models</name>
    </element>
    <element identifier="f90bc576" xsi:type="Grouping">
      <name xml:lang="en">Grouping</name>
    </element>
    <element identifier="a4031e05" xsi:type="Grouping">
      <name xml:lang="en">UI</name>
    </element>
    <element identifier="d5a0f92e" xsi:type="Grouping">
      <name xml:lang="en">UI</name>
    </element>
    <element identifier="bd516295" xsi:type="Grouping">
      <name xml:lang="en">UI</name>
    </element>
    <element identifier="id-47f806a1" xsi:type="Grouping">
      <name xml:lang="en">UI</name>
    </element>
    <element identifier="id-5b198bf0" xsi:type="Grouping">
      <name xml:lang="en">Integration context</name>
    </element>
    <element identifier="id-5a4699d7" xsi:type="Grouping">
      <name xml:lang="en">translator 1-*</name>
    </element>
    <element identifier="id-3b08e783" xsi:type="Grouping">
      <name xml:lang="en">translator 2-*</name>
    </element>
    <element identifier="b57d9e84" xsi:type="Grouping">
      <name xml:lang="en">translator 3-*</name>
    </element>
    <element identifier="ce88a97c" xsi:type="Grouping">
      <name xml:lang="en">translator 4-*</name>
    </element>
  </elements>
  <relationships>
    <relationship identifier="id-1e9a651c" source="c91e7232" target="id-690e2397" xsi:type="Association" />
    <relationship identifier="id-0f1be57c" source="a67d4324" target="fa153758" xsi:type="Association">
      <name xml:lang="en">Upload file via FTP</name>
    </relationship>
    <relationship identifier="id-06bd6685" source="id-03e54fc4" target="id-96e4d015" xsi:type="Composition" />
    <relationship identifier="id-29fb54df" source="id-3bf2a50b" target="id-80940e57" xsi:type="Association" />
    <relationship identifier="ff8bc449" source="id-47e7ed24" target="c91e7232" xsi:type="Composition" />
    <relationship identifier="id-62648f2b" source="d5a0f92e" target="id-8ef52b16" xsi:type="Association" />
    <relationship identifier="df665042" source="id-782414c1" target="aa6d4534" xsi:type="Association" />
    <relationship identifier="id-33551576" source="id-03e54fc4" target="id-66caf245" xsi:type="Composition" />
    <relationship identifier="ecea716c" source="d4825dc1" target="id-3a72ca5b" xsi:type="Composition" />
    <relationship identifier="b01a0211" source="d4825dc1" target="id-06ce4d71" xsi:type="Composition" />
    <relationship identifier="e9dde75d" source="d4825dc1" target="id-782414c1" xsi:type="Composition" />
    <relationship identifier="id-5ddb9184" source="e35e4b06" target="d470cd9b" xsi:type="Association" />
    <relationship identifier="id-10a4b96a" source="id-9d78c8d1" target="id-883d9852" xsi:type="Association" />
    <relationship identifier="id-947dc156" source="id-66caf245" target="id-782414c1" xsi:type="Association" />
    <relationship identifier="f9410b11" source="d43f37b6" target="id-907dcb06" xsi:type="Association" />
    <relationship identifier="id-170fae8e" source="aa6d4534" target="f4634650" xsi:type="Association" />
    <relationship identifier="id-227cb318" source="id-6dbe1bf8" target="e35e4b06" xsi:type="Association" />
    <relationship identifier="id-9508cd6c" source="id-6f2f5ddc" target="id-940feb27" xsi:type="Association" />
    <relationship identifier="id-2184374f" source="id-96e4d015" target="b0079978" xsi:type="Association" />
    <relationship identifier="id-48d91d5b" source="id-43fad7d6" target="dbfeaeb4" xsi:type="Composition" />
    <relationship identifier="id-8a47d100" source="id-43fad7d6" target="id-907dcb06" xsi:type="Composition" />
    <relationship identifier="c7e3ff20" source="f4634650" target="c91e7232" xsi:type="Association" />
    <relationship identifier="id-3b864107" source="d4825dc1" target="dfc026aa" xsi:type="Composition" />
    <relationship identifier="id-71eb82ff" source="id-47e7ed24" target="aa6d4534" xsi:type="Composition" />
    <relationship identifier="id-28c90d0a" source="bda91bdf" target="id-39c73a68" xsi:type="Composition" />
    <relationship identifier="id-62eac0a8" source="id-43fad7d6" target="id-940feb27" xsi:type="Composition" />
    <relationship identifier="id-1b7088a7" source="fa153758" target="a142a4ea" xsi:type="Association" />
    <relationship identifier="id-7f0ad124" source="id-9d78c8d1" target="id-66caf245" xsi:type="Association" />
    <relationship identifier="id-5717669d" source="a142a4ea" target="id-39c73a68" xsi:type="Association" />
    <relationship identifier="id-6de6817a" source="id-47e7ed24" target="id-7b017709" xsi:type="Composition" />
    <relationship identifier="id-14481777" source="b23c5f8e" target="id-7e481181" xsi:type="Association" />
    <relationship identifier="cdf2e9e7" source="a5206bad" target="e20ae7ba" xsi:type="Association" />
    <relationship identifier="id-9e0b843e" source="id-07982683" target="f4634650" xsi:type="Association" />
    <relationship identifier="id-2afe1a7e" source="id-03e54fc4" target="a5206bad" xsi:type="Composition" />
    <relationship identifier="id-81630dba" source="d4825dc1" target="id-6dbe1bf8" xsi:type="Composition" />
    <relationship identifier="id-6c04d9ca" source="id-47e7ed24" target="f4634650" xsi:type="Composition" />
    <relationship identifier="a44578f7" source="id-03e54fc4" target="b0079978" xsi:type="Composition" />
    <relationship identifier="id-30973194" source="d470cd9b" target="b77909ae" xsi:type="Association" />
    <relationship identifier="id-01c8b5b0" source="d4825dc1" target="b77909ae" xsi:type="Composition" />
    <relationship identifier="c2471a30" source="id-47e7ed24" target="id-07982683" xsi:type="Composition" />
    <relationship identifier="id-5c137530" source="id-907dcb06" target="dbfeaeb4" xsi:type="Association" />
    <relationship identifier="id-44bcc7e2" source="a4031e05" target="d43f37b6" xsi:type="Association" />
    <relationship identifier="f5522535" source="bda91bdf" target="a142a4ea" xsi:type="Composition" />
    <relationship identifier="id-494ededd" source="id-2925a7db" target="id-883d9852" xsi:type="Association" />
    <relationship identifier="ea9ca0a6" source="id-782414c1" target="e35e4b06" xsi:type="Association" />
    <relationship identifier="e3edda76" source="id-80940e57" target="id-940feb27" xsi:type="Association" />
    <relationship identifier="id-92e0f61a" source="id-43fad7d6" target="d43f37b6" xsi:type="Composition" />
    <relationship identifier="id-0a36d298" source="a5206bad" target="id-77095e1b" xsi:type="Association" />
    <relationship identifier="b6944ff4" source="id-03e54fc4" target="id-77095e1b" xsi:type="Composition" />
    <relationship identifier="c3d5ea7d" source="d4825dc1" target="c2580488" xsi:type="Composition" />
    <relationship identifier="id-2a8d06ac" source="id-03e54fc4" target="cd5ac2c7" xsi:type="Composition" />
    <relationship identifier="id-5503d6ec" source="id-9cf41f2b" target="e20ae7ba" xsi:type="Association" />
    <relationship identifier="id-9c257b4b" source="id-47f806a1" target="id-07982683" xsi:type="Association" />
    <relationship identifier="id-097f89c0" source="bd516295" target="id-06ce4d71" xsi:type="Association" />
    <relationship identifier="id-2ce1e512" source="id-883d9852" target="dbfeaeb4" xsi:type="Association" />
    <relationship identifier="id-3b3ff34c" source="id-43fad7d6" target="id-6f2f5ddc" xsi:type="Composition" />
    <relationship identifier="id-456190cd" source="id-2925a7db" target="a67d4324" xsi:type="Association" />
    <relationship identifier="id-52546892" source="id-7e481181" target="id-7b017709" xsi:type="Association" />
    <relationship identifier="dacc4d49" source="id-66caf245" target="e20ae7ba" xsi:type="Association" />
    <relationship identifier="id-5ad4a104" source="id-43fad7d6" target="id-80940e57" xsi:type="Composition" />
    <relationship identifier="id-1c592ba0" source="id-7b017709" target="id-16226d5e" xsi:type="Association" />
    <relationship identifier="id-14e257d6" source="id-43fad7d6" target="id-16c30922" xsi:type="Composition" />
    <relationship identifier="id-41c7c313" source="id-47e7ed24" target="f4634650" xsi:type="Association" />
    <relationship identifier="id-643aa617" source="d43f37b6" target="id-883d9852" xsi:type="Association" />
    <relationship identifier="e5ac41e6" source="id-03e54fc4" target="id-8ef52b16" xsi:type="Composition" />
    <relationship identifier="a4689175" source="id-6dbe1bf8" target="c2580488" xsi:type="Association" />
    <relationship identifier="fbddc20c" source="id-06ce4d71" target="e35e4b06" xsi:type="Association" />
    <relationship identifier="f428dbd8" source="id-66caf245" target="id-81bc11ac" xsi:type="Association" />
    <relationship identifier="id-10105c5a" source="dbfeaeb4" target="id-3bf2a50b" xsi:type="Association" />
    <relationship identifier="ea56e5dc" source="id-690e2397" target="fa153758" xsi:type="Association" />
    <relationship identifier="id-415d36eb" source="id-66caf245" target="id-16c30922" xsi:type="Association" />
    <relationship identifier="id-133f2317" source="id-43fad7d6" target="id-3bf2a50b" xsi:type="Composition" />
    <relationship identifier="id-7bad25f2" source="b23c5f8e" target="f4634650" xsi:type="Association" />
    <relationship identifier="id-4fcb53a4" source="id-9cf41f2b" target="cd5ac2c7" xsi:type="Association" />
    <relationship identifier="id-5c43fb99" source="c2580488" target="dfc026aa" xsi:type="Association" />
    <relationship identifier="id-2ef30a42" source="dfc026aa" target="id-3a72ca5b" xsi:type="Association" />
    <relationship identifier="id-507f88eb" source="id-16c30922" target="id-9d78c8d1" xsi:type="Association" />
    <relationship identifier="id-1ce3d669" source="id-43fad7d6" target="id-883d9852" xsi:type="Composition" />
    <relationship identifier="d47a74ca" source="id-8ef52b16" target="e20ae7ba" xsi:type="Association" />
    <relationship identifier="id-14b4084a" source="id-16c30922" target="id-907dcb06" xsi:type="Association" />
    <relationship identifier="id-59ca5214" source="b77909ae" target="fa153758" xsi:type="Association" />
    <relationship identifier="id-295fe2f3" source="id-43fad7d6" target="id-2925a7db" xsi:type="Composition" />
    <relationship identifier="id-34eb962d" source="id-3bf2a50b" target="id-6f2f5ddc" xsi:type="Association" />
    <relationship identifier="id-59596256" source="id-77095e1b" target="id-96e4d015" xsi:type="Association" />
    <relationship identifier="id-776705af" source="id-43fad7d6" target="a67d4324" xsi:type="Composition" />
    <relationship identifier="id-4e0a8fd4" source="id-47e7ed24" target="id-690e2397" xsi:type="Composition" />
    <relationship identifier="id-40872657" source="id-03e54fc4" target="id-81bc11ac" xsi:type="Composition" />
    <relationship identifier="id-2e854ff2" source="d4825dc1" target="e35e4b06" xsi:type="Composition" />
    <relationship identifier="f6d475a8" source="id-47e7ed24" target="id-16226d5e" xsi:type="Composition" />
    <relationship identifier="id-1a939e69" source="id-03e54fc4" target="id-9cf41f2b" xsi:type="Composition" />
    <relationship identifier="a3dae968" source="id-81bc11ac" target="e20ae7ba" xsi:type="Association" />
    <relationship identifier="id-82d939d1" source="id-03e54fc4" target="e20ae7ba" xsi:type="Composition" />
    <relationship identifier="id-6470dc9b" source="d4825dc1" target="d470cd9b" xsi:type="Composition" />
    <relationship identifier="id-259e219e" source="cd5ac2c7" target="fa153758" xsi:type="Association">
      <name xml:lang="en">Download and delete file</name>
    </relationship>
    <relationship identifier="id-8ffd70d0" source="id-47e7ed24" target="id-7e481181" xsi:type="Composition" />
    <relationship identifier="id-3c3afa4e" source="id-907dcb06" target="id-883d9852" xsi:type="Association" />
    <relationship identifier="id-1253432a" source="id-47e7ed24" target="b23c5f8e" xsi:type="Composition" />
    <relationship identifier="id-9d8b03eb" source="id-43fad7d6" target="id-9d78c8d1" xsi:type="Composition" />
    <relationship identifier="id-1be929dd" source="id-43fad7d6" target="a4031e05" xsi:type="Composition" />
    <relationship identifier="c71d2be2" source="id-03e54fc4" target="d5a0f92e" xsi:type="Composition" />
    <relationship identifier="dd21f560" source="d4825dc1" target="bd516295" xsi:type="Composition" />
    <relationship identifier="id-8705d2f4" source="id-47e7ed24" target="id-47f806a1" xsi:type="Composition" />
    <relationship identifier="id-4ff20c00" source="id-5b198bf0" target="fa153758" xsi:type="Composition" />
    <relationship identifier="id-74dbcbc8" source="id-43fad7d6" target="id-5a4699d7" xsi:type="Composition" />
    <relationship identifier="id-0aeb6207" source="id-2925a7db" target="id-5a4699d7" xsi:type="Association" />
    <relationship identifier="dfae32c8" source="id-03e54fc4" target="id-3b08e783" xsi:type="Composition" />
    <relationship identifier="id-0f4e9f35" source="d4825dc1" target="b57d9e84" xsi:type="Composition" />
    <relationship identifier="b1be9a05" source="id-47e7ed24" target="ce88a97c" xsi:type="Composition" />
    <relationship identifier="id-573194fe-2acb-4f71-bcd1-2e122bca6785" source="id-9cf41f2b" target="id-3b08e783" xsi:type="Association" />
    <relationship identifier="id-472ba3b9-1667-4324-85fa-dcf335b95915" source="d470cd9b" target="b57d9e84" xsi:type="Association" />
    <relationship identifier="id-1715215d-b4af-4311-8f58-388d7ca319ce" source="ce88a97c" target="c91e7232" xsi:type="Association" />
  </relationships>
  <organizations>
    <item>
      <label xml:lang="en">Business</label>
      <item identifierRef="aa6d4534" />
      <item identifierRef="id-16c30922" />
      <item identifierRef="id-9d78c8d1" />
      <item identifierRef="id-66caf245" />
      <item identifierRef="id-81bc11ac" />
      <item identifierRef="id-782414c1" />
    </item>
    <item>
      <label xml:lang="en">Application</label>
      <item identifierRef="id-7b017709" />
      <item identifierRef="id-6f2f5ddc" />
      <item identifierRef="id-80940e57" />
      <item identifierRef="id-96e4d015" />
      <item identifierRef="dfc026aa" />
    </item>
    <item>
      <label xml:lang="en">Technology &amp; Physical</label>
      <item identifierRef="id-16226d5e" />
      <item identifierRef="id-690e2397" />
      <item identifierRef="id-940feb27" />
      <item identifierRef="a67d4324" />
      <item identifierRef="b0079978" />
      <item identifierRef="cd5ac2c7" />
      <item identifierRef="id-3a72ca5b" />
      <item identifierRef="b77909ae" />
      <item identifierRef="fa153758" />
    </item>
    <item>
      <label xml:lang="en">Other</label>
      <item identifierRef="id-47e7ed24" />
      <item identifierRef="f4634650" />
      <item identifierRef="c91e7232" />
      <item identifierRef="id-07982683" />
      <item identifierRef="id-7e481181" />
      <item identifierRef="b23c5f8e" />
      <item identifierRef="id-43fad7d6" />
      <item identifierRef="id-907dcb06" />
      <item identifierRef="id-883d9852" />
      <item identifierRef="d43f37b6" />
      <item identifierRef="id-3bf2a50b" />
      <item identifierRef="id-2925a7db" />
      <item identifierRef="dbfeaeb4" />
      <item identifierRef="id-03e54fc4" />
      <item identifierRef="e20ae7ba" />
      <item identifierRef="id-8ef52b16" />
      <item identifierRef="id-77095e1b" />
      <item identifierRef="id-9cf41f2b" />
      <item identifierRef="a5206bad" />
      <item identifierRef="d4825dc1" />
      <item identifierRef="e35e4b06" />
      <item identifierRef="d470cd9b" />
      <item identifierRef="id-06ce4d71" />
      <item identifierRef="c2580488" />
      <item identifierRef="id-6dbe1bf8" />
      <item identifierRef="id-3672a0d8" />
      <item identifierRef="bda91bdf" />
      <item identifierRef="a142a4ea" />
      <item identifierRef="id-39c73a68" />
      <item identifierRef="f90bc576" />
      <item identifierRef="a4031e05" />
      <item identifierRef="d5a0f92e" />
      <item identifierRef="bd516295" />
      <item identifierRef="id-47f806a1" />
      <item identifierRef="id-5b198bf0" />
      <item identifierRef="id-5a4699d7" />
      <item identifierRef="id-3b08e783" />
      <item identifierRef="b57d9e84" />
      <item identifierRef="ce88a97c" />
    </item>
    <item>
      <label xml:lang="en">Relations</label>
      <item identifierRef="id-1e9a651c" />
      <item identifierRef="id-0f1be57c" />
      <item identifierRef="id-06bd6685" />
      <item identifierRef="id-29fb54df" />
      <item identifierRef="ff8bc449" />
      <item identifierRef="id-62648f2b" />
      <item identifierRef="df665042" />
      <item identifierRef="id-33551576" />
      <item identifierRef="ecea716c" />
      <item identifierRef="b01a0211" />
      <item identifierRef="e9dde75d" />
      <item identifierRef="id-5ddb9184" />
      <item identifierRef="id-10a4b96a" />
      <item identifierRef="id-947dc156" />
      <item identifierRef="f9410b11" />
      <item identifierRef="id-170fae8e" />
      <item identifierRef="id-227cb318" />
      <item identifierRef="id-9508cd6c" />
      <item identifierRef="id-2184374f" />
      <item identifierRef="id-48d91d5b" />
      <item identifierRef="id-8a47d100" />
      <item identifierRef="c7e3ff20" />
      <item identifierRef="id-3b864107" />
      <item identifierRef="id-71eb82ff" />
      <item identifierRef="id-28c90d0a" />
      <item identifierRef="id-62eac0a8" />
      <item identifierRef="id-1b7088a7" />
      <item identifierRef="id-7f0ad124" />
      <item identifierRef="id-5717669d" />
      <item identifierRef="id-6de6817a" />
      <item identifierRef="id-14481777" />
      <item identifierRef="cdf2e9e7" />
      <item identifierRef="id-9e0b843e" />
      <item identifierRef="id-2afe1a7e" />
      <item identifierRef="id-81630dba" />
      <item identifierRef="id-6c04d9ca" />
      <item identifierRef="a44578f7" />
      <item identifierRef="id-30973194" />
      <item identifierRef="id-01c8b5b0" />
      <item identifierRef="c2471a30" />
      <item identifierRef="id-5c137530" />
      <item identifierRef="id-44bcc7e2" />
      <item identifierRef="f5522535" />
      <item identifierRef="id-494ededd" />
      <item identifierRef="ea9ca0a6" />
      <item identifierRef="e3edda76" />
      <item identifierRef="id-92e0f61a" />
      <item identifierRef="id-0a36d298" />
      <item identifierRef="b6944ff4" />
      <item identifierRef="c3d5ea7d" />
      <item identifierRef="id-2a8d06ac" />
      <item identifierRef="id-5503d6ec" />
      <item identifierRef="id-9c257b4b" />
      <item identifierRef="id-097f89c0" />
      <item identifierRef="id-2ce1e512" />
      <item identifierRef="id-3b3ff34c" />
      <item identifierRef="id-456190cd" />
      <item identifierRef="id-52546892" />
      <item identifierRef="dacc4d49" />
      <item identifierRef="id-5ad4a104" />
      <item identifierRef="id-1c592ba0" />
      <item identifierRef="id-14e257d6" />
      <item identifierRef="id-41c7c313" />
      <item identifierRef="id-643aa617" />
      <item identifierRef="e5ac41e6" />
      <item identifierRef="a4689175" />
      <item identifierRef="fbddc20c" />
      <item identifierRef="f428dbd8" />
      <item identifierRef="id-10105c5a" />
      <item identifierRef="ea56e5dc" />
      <item identifierRef="id-415d36eb" />
      <item identifierRef="id-133f2317" />
      <item identifierRef="id-7bad25f2" />
      <item identifierRef="id-4fcb53a4" />
      <item identifierRef="id-5c43fb99" />
      <item identifierRef="id-2ef30a42" />
      <item identifierRef="id-507f88eb" />
      <item identifierRef="id-1ce3d669" />
      <item identifierRef="d47a74ca" />
      <item identifierRef="id-14b4084a" />
      <item identifierRef="id-59ca5214" />
      <item identifierRef="id-295fe2f3" />
      <item identifierRef="id-34eb962d" />
      <item identifierRef="id-59596256" />
      <item identifierRef="id-776705af" />
      <item identifierRef="id-4e0a8fd4" />
      <item identifierRef="id-40872657" />
      <item identifierRef="id-2e854ff2" />
      <item identifierRef="f6d475a8" />
      <item identifierRef="id-1a939e69" />
      <item identifierRef="a3dae968" />
      <item identifierRef="id-82d939d1" />
      <item identifierRef="id-6470dc9b" />
      <item identifierRef="id-259e219e" />
      <item identifierRef="id-8ffd70d0" />
      <item identifierRef="id-3c3afa4e" />
      <item identifierRef="id-1253432a" />
      <item identifierRef="id-9d8b03eb" />
      <item identifierRef="id-1be929dd" />
      <item identifierRef="c71d2be2" />
      <item identifierRef="dd21f560" />
      <item identifierRef="id-8705d2f4" />
      <item identifierRef="id-4ff20c00" />
      <item identifierRef="id-74dbcbc8" />
      <item identifierRef="id-0aeb6207" />
      <item identifierRef="dfae32c8" />
      <item identifierRef="id-0f4e9f35" />
      <item identifierRef="b1be9a05" />
      <item identifierRef="id-573194fe-2acb-4f71-bcd1-2e122bca6785" />
      <item identifierRef="id-472ba3b9-1667-4324-85fa-dcf335b95915" />
      <item identifierRef="id-1715215d-b4af-4311-8f58-388d7ca319ce" />
    </item>
    <item>
      <label xml:lang="en">Views</label>
      <item identifierRef="id-50ded173" />
    </item>
  </organizations>
  <views>
    <diagrams>
      <view identifier="id-50ded173" xsi:type="Diagram">
        <name xml:lang="en">Integration of bouded contexts through flat files</name>
        <node identifier="b69641bd" xsi:type="Label" x="189" y="1653" w="2044" h="140">
          <label xml:lang="en">Infrаstrсtиrе Layer</label>
          <style>
            <fillColor r="210" g="215" b="215" a="100" />
            <lineColor r="92" g="92" b="92" a="100" />
            <font name="Lucida Grande" size="12">
              <color r="0" g="0" b="0" />
            </font>
          </style>
        </node>
        <node identifier="id-11b03a9b" xsi:type="Label" x="182" y="949" w="2044" h="140">
          <label xml:lang="en">Application Layer (operational)</label>
          <style>
            <fillColor r="210" g="215" b="215" a="100" />
            <lineColor r="92" g="92" b="92" a="100" />
            <font name="Lucida Grande" size="12">
              <color r="0" g="0" b="0" />
            </font>
          </style>
        </node>
        <node identifier="id-4cf03ceb" xsi:type="Label" x="182" y="784" w="2044" h="140">
          <label xml:lang="en">Domain Layer (model)</label>
          <style>
            <fillColor r="210" g="215" b="215" a="100" />
            <lineColor r="92" g="92" b="92" a="100" />
            <font name="Lucida Grande" size="12">
              <color r="0" g="0" b="0" />
            </font>
          </style>
        </node>
        <node identifier="id-79ff6d6f" xsi:type="Label" x="182" y="1114" w="2044" h="320">
          <label xml:lang="en">Infrаstrсtиrе Layer</label>
          <style>
            <fillColor r="210" g="215" b="215" a="100" />
            <lineColor r="92" g="92" b="92" a="100" />
            <font name="Lucida Grande" size="12">
              <color r="0" g="0" b="0" />
            </font>
          </style>
        </node>
        <node identifier="id-68096487" xsi:type="Label" x="182" y="624" w="2044" h="140">
          <label xml:lang="en">Application Layer (operational)</label>
          <style>
            <fillColor r="210" g="215" b="215" a="100" />
            <lineColor r="92" g="92" b="92" a="100" />
            <font name="Lucida Grande" size="12">
              <color r="0" g="0" b="0" />
            </font>
          </style>
        </node>
        <node identifier="id-86055d39" xsi:type="Label" x="182" y="465" w="2044" h="140">
          <label xml:lang="en">Presentation Layer (User Interface)</label>
          <style>
            <fillColor r="210" g="215" b="215" a="100" />
            <lineColor r="92" g="92" b="92" a="100" />
            <font name="Lucida Grande" size="12">
              <color r="0" g="0" b="0" />
            </font>
          </style>
        </node>
        <node identifier="id-91c56388" elementRef="id-47e7ed24" xsi:type="Element" x="1912" y="134" w="296" h="1391">
          <style>
            <fillColor r="247" g="255" b="255" a="100" />
            <lineColor r="92" g="92" b="92" a="100" />
            <font name="Lucida Grande" size="12">
              <color r="255" g="0" b="0" />
            </font>
          </style>
          <node identifier="id-91034d40" elementRef="aa6d4534" xsi:type="Element" x="1992" y="234" w="120" h="55">
            <style>
              <fillColor r="255" g="255" b="181" a="100" />
              <lineColor r="92" g="92" b="92" a="100" />
              <font name="Lucida Grande" size="12">
                <color r="0" g="0" b="0" />
              </font>
            </style>
          </node>
          <node identifier="a22a4037" elementRef="f4634650" xsi:type="Element" x="2002" y="834" w="120" h="55">
            <style>
              <fillColor r="255" g="255" b="255" a="100" />
              <lineColor r="92" g="92" b="92" a="100" />
              <font name="Lucida Grande" size="12">
                <color r="0" g="0" b="0" />
              </font>
            </style>
          </node>
          <node identifier="id-702d4c0c" elementRef="c91e7232" xsi:type="Element" x="2067" y="964" w="120" h="55">
            <style>
              <fillColor r="255" g="255" b="255" a="100" />
              <lineColor r="92" g="92" b="92" a="100" />
              <font name="Lucida Grande" size="12">
                <color r="0" g="0" b="0" />
              </font>
            </style>
          </node>
          <node identifier="id-46fc978a" elementRef="id-7b017709" xsi:type="Element" x="1947" y="1194" w="120" h="55">
            <style>
              <fillColor r="181" g="255" b="255" a="100" />
              <lineColor r="92" g="92" b="92" a="100" />
              <font name="Lucida Grande" size="12">
                <color r="0" g="0" b="0" />
              </font>
            </style>
          </node>
          <node identifier="id-06ebf4e6" elementRef="id-07982683" xsi:type="Element" x="2002" y="664" w="120" h="55">
            <style>
              <fillColor r="255" g="255" b="255" a="100" />
              <lineColor r="92" g="92" b="92" a="100" />
              <font name="Lucida Grande" size="12">
                <color r="0" g="0" b="0" />
              </font>
            </style>
          </node>
          <node identifier="id-1a4da7b8" elementRef="id-16226d5e" xsi:type="Element" x="1947" y="1274" w="120" h="55">
            <style>
              <fillColor r="201" g="231" b="183" a="100" />
              <lineColor r="92" g="92" b="92" a="100" />
              <font name="Lucida Grande" size="12">
                <color r="0" g="0" b="0" />
              </font>
            </style>
          </node>
          <node identifier="c1b65f18" elementRef="id-7e481181" xsi:type="Element" x="1942" y="1119" w="120" h="55">
            <style>
              <fillColor r="255" g="255" b="255" a="100" />
              <lineColor r="92" g="92" b="92" a="100" />
              <font name="Lucida Grande" size="12">
                <color r="0" g="0" b="0" />
              </font>
            </style>
          </node>
          <node identifier="id-1f40091f" elementRef="b23c5f8e" xsi:type="Element" x="1937" y="964" w="120" h="55">
            <style>
              <fillColor r="255" g="255" b="255" a="100" />
              <lineColor r="92" g="92" b="92" a="100" />
              <font name="Lucida Grande" size="12">
                <color r="0" g="0" b="0" />
              </font>
            </style>
          </node>
          <node identifier="id-048372dd" elementRef="id-690e2397" xsi:type="Element" x="2047" y="1359" w="120" h="55">
            <style>
              <fillColor r="201" g="231" b="183" a="100" />
              <lineColor r="92" g="92" b="92" a="100" />
              <font name="Lucida Grande" size="12">
                <color r="0" g="0" b="0" />
              </font>
            </style>
          </node>
          <node identifier="c85e6905" elementRef="id-47f806a1" xsi:type="Element" x="2002" y="509" w="120" h="55">
            <style>
              <fillColor r="255" g="255" b="255" a="100" />
              <lineColor r="92" g="92" b="92" a="100" />
              <font name="Lucida Grande" size="12">
                <color r="0" g="0" b="0" />
              </font>
            </style>
          </node>
          <node identifier="id-828172dd" elementRef="ce88a97c" xsi:type="Element" x="2007" y="1034" w="109" h="55">
            <style>
              <fillColor r="255" g="255" b="255" a="100" />
              <lineColor r="92" g="92" b="92" a="100" />
              <font name="Lucida Grande" size="12">
                <color r="0" g="0" b="0" />
              </font>
            </style>
          </node>
        </node>
        <node identifier="id-48f22239" elementRef="id-43fad7d6" xsi:type="Element" x="372" y="134" w="296" h="1391">
          <style>
            <fillColor r="247" g="255" b="255" a="100" />
            <lineColor r="92" g="92" b="92" a="100" />
            <font name="Lucida Grande" size="12">
              <color r="255" g="0" b="0" />
            </font>
          </style>
          <node identifier="id-80053ba4" elementRef="id-16c30922" xsi:type="Element" x="386" y="273" w="120" h="55">
            <style>
              <fillColor r="255" g="255" b="181" a="100" />
              <lineColor r="92" g="92" b="92" a="100" />
              <font name="Lucida Grande" size="12">
                <color r="0" g="0" b="0" />
              </font>
            </style>
          </node>
          <node identifier="cd81888a" elementRef="id-9d78c8d1" xsi:type="Element" x="522" y="219" w="120" h="55">
            <style>
              <fillColor r="255" g="255" b="181" a="100" />
              <lineColor r="92" g="92" b="92" a="100" />
              <font name="Lucida Grande" size="12">
                <color r="0" g="0" b="0" />
              </font>
            </style>
          </node>
          <node identifier="id-91830c7f" elementRef="id-907dcb06" xsi:type="Element" x="390" y="829" w="120" h="55">
            <style>
              <fillColor r="255" g="255" b="255" a="100" />
              <lineColor r="92" g="92" b="92" a="100" />
              <font name="Lucida Grande" size="12">
                <color r="0" g="0" b="0" />
              </font>
            </style>
          </node>
          <node identifier="acbf0d78" elementRef="id-883d9852" xsi:type="Element" x="526" y="829" w="120" h="55">
            <style>
              <fillColor r="255" g="255" b="255" a="100" />
              <lineColor r="92" g="92" b="92" a="100" />
              <font name="Lucida Grande" size="12">
                <color r="0" g="0" b="0" />
              </font>
            </style>
          </node>
          <node identifier="bbd53105" elementRef="id-6f2f5ddc" xsi:type="Element" x="537" y="1189" w="120" h="55">
            <style>
              <fillColor r="181" g="255" b="255" a="100" />
              <lineColor r="92" g="92" b="92" a="100" />
              <font name="Lucida Grande" size="12">
                <color r="0" g="0" b="0" />
              </font>
            </style>
          </node>
          <node identifier="e0a7a8fb" elementRef="d43f37b6" xsi:type="Element" x="467" y="669" w="120" h="55">
            <style>
              <fillColor r="255" g="255" b="255" a="100" />
              <lineColor r="92" g="92" b="92" a="100" />
              <font name="Lucida Grande" size="12">
                <color r="0" g="0" b="0" />
              </font>
            </style>
          </node>
          <node identifier="id-8c35b60a" elementRef="id-80940e57" xsi:type="Element" x="407" y="1189" w="120" h="55">
            <style>
              <fillColor r="181" g="255" b="255" a="100" />
              <lineColor r="92" g="92" b="92" a="100" />
              <font name="Lucida Grande" size="12">
                <color r="0" g="0" b="0" />
              </font>
            </style>
          </node>
          <node identifier="dd96d44f" elementRef="id-940feb27" xsi:type="Element" x="467" y="1274" w="120" h="55">
            <style>
              <fillColor r="201" g="231" b="183" a="100" />
              <lineColor r="92" g="92" b="92" a="100" />
              <font name="Lucida Grande" size="12">
                <color r="0" g="0" b="0" />
              </font>
            </style>
          </node>
          <node identifier="id-5203518e" elementRef="id-3bf2a50b" xsi:type="Element" x="403" y="1114" w="120" h="55">
            <style>
              <fillColor r="255" g="255" b="255" a="100" />
              <lineColor r="92" g="92" b="92" a="100" />
              <font name="Lucida Grande" size="12">
                <color r="0" g="0" b="0" />
              </font>
            </style>
          </node>
          <node identifier="b757f057" elementRef="id-2925a7db" xsi:type="Element" x="532" y="961" w="120" h="55">
            <style>
              <fillColor r="255" g="255" b="255" a="100" />
              <lineColor r="92" g="92" b="92" a="100" />
              <font name="Lucida Grande" size="12">
                <color r="0" g="0" b="0" />
              </font>
            </style>
          </node>
          <node identifier="a39c576e" elementRef="dbfeaeb4" xsi:type="Element" x="393" y="961" w="120" h="55">
            <style>
              <fillColor r="255" g="255" b="255" a="100" />
              <lineColor r="92" g="92" b="92" a="100" />
              <font name="Lucida Grande" size="12">
                <color r="0" g="0" b="0" />
              </font>
            </style>
          </node>
          <node identifier="id-4855c63c" elementRef="a67d4324" xsi:type="Element" x="537" y="1374" w="120" h="55">
            <style>
              <fillColor r="201" g="231" b="183" a="100" />
              <lineColor r="92" g="92" b="92" a="100" />
              <font name="Lucida Grande" size="12">
                <color r="0" g="0" b="0" />
              </font>
            </style>
          </node>
          <node identifier="c94ecba1" elementRef="a4031e05" xsi:type="Element" x="467" y="499" w="120" h="55">
            <style>
              <fillColor r="255" g="255" b="255" a="100" />
              <lineColor r="92" g="92" b="92" a="100" />
              <font name="Lucida Grande" size="12">
                <color r="0" g="0" b="0" />
              </font>
            </style>
          </node>
          <node identifier="f544dd86" elementRef="id-5a4699d7" xsi:type="Element" x="467" y="1034" w="109" h="55">
            <style>
              <fillColor r="255" g="255" b="255" a="100" />
              <lineColor r="92" g="92" b="92" a="100" />
              <font name="Lucida Grande" size="12">
                <color r="0" g="0" b="0" />
              </font>
            </style>
          </node>
        </node>
        <node identifier="id-5b3a29bb" elementRef="id-03e54fc4" xsi:type="Element" x="897" y="134" w="296" h="1391">
          <style>
            <fillColor r="247" g="255" b="255" a="100" />
            <lineColor r="92" g="92" b="92" a="100" />
            <font name="Lucida Grande" size="12">
              <color r="255" g="0" b="0" />
            </font>
          </style>
          <node identifier="id-73aa7b44" elementRef="id-66caf245" xsi:type="Element" x="957" y="214" w="120" h="55">
            <style>
              <fillColor r="255" g="255" b="181" a="100" />
              <lineColor r="92" g="92" b="92" a="100" />
              <font name="Lucida Grande" size="12">
                <color r="0" g="0" b="0" />
              </font>
            </style>
          </node>
          <node identifier="id-59c4acd3" elementRef="id-81bc11ac" xsi:type="Element" x="1047" y="279" w="120" h="55">
            <style>
              <fillColor r="255" g="255" b="181" a="100" />
              <lineColor r="92" g="92" b="92" a="100" />
              <font name="Lucida Grande" size="12">
                <color r="0" g="0" b="0" />
              </font>
            </style>
          </node>
          <node identifier="e5fc3654" elementRef="e20ae7ba" xsi:type="Element" x="982" y="834" w="120" h="55">
            <style>
              <fillColor r="255" g="255" b="255" a="100" />
              <lineColor r="92" g="92" b="92" a="100" />
              <font name="Lucida Grande" size="12">
                <color r="0" g="0" b="0" />
              </font>
            </style>
          </node>
          <node identifier="ede5960a" elementRef="id-96e4d015" xsi:type="Element" x="928" y="1184" w="120" h="55">
            <style>
              <fillColor r="181" g="255" b="255" a="100" />
              <lineColor r="92" g="92" b="92" a="100" />
              <font name="Lucida Grande" size="12">
                <color r="0" g="0" b="0" />
              </font>
            </style>
          </node>
          <node identifier="id-271bb4d2" elementRef="id-8ef52b16" xsi:type="Element" x="982" y="669" w="120" h="55">
            <style>
              <fillColor r="255" g="255" b="255" a="100" />
              <lineColor r="92" g="92" b="92" a="100" />
              <font name="Lucida Grande" size="12">
                <color r="0" g="0" b="0" />
              </font>
            </style>
          </node>
          <node identifier="id-233af296" elementRef="b0079978" xsi:type="Element" x="928" y="1264" w="120" h="55">
            <style>
              <fillColor r="201" g="231" b="183" a="100" />
              <lineColor r="92" g="92" b="92" a="100" />
              <font name="Lucida Grande" size="12">
                <color r="0" g="0" b="0" />
              </font>
            </style>
          </node>
          <node identifier="id-946471e1" elementRef="id-77095e1b" xsi:type="Element" x="928" y="1119" w="120" h="55">
            <style>
              <fillColor r="255" g="255" b="255" a="100" />
              <lineColor r="92" g="92" b="92" a="100" />
              <font name="Lucida Grande" size="12">
                <color r="0" g="0" b="0" />
              </font>
            </style>
          </node>
          <node identifier="id-95cfda86" elementRef="id-9cf41f2b" xsi:type="Element" x="1052" y="959" w="120" h="55">
            <style>
              <fillColor r="255" g="255" b="255" a="100" />
              <lineColor r="92" g="92" b="92" a="100" />
              <font name="Lucida Grande" size="12">
                <color r="0" g="0" b="0" />
              </font>
            </style>
          </node>
          <node identifier="id-1d9a8171" elementRef="a5206bad" xsi:type="Element" x="912" y="959" w="120" h="55">
            <style>
              <fillColor r="255" g="255" b="255" a="100" />
              <lineColor r="92" g="92" b="92" a="100" />
              <font name="Lucida Grande" size="12">
                <color r="0" g="0" b="0" />
              </font>
            </style>
          </node>
          <node identifier="id-9eb1e73f" elementRef="cd5ac2c7" xsi:type="Element" x="1059" y="1375" w="120" h="55">
            <style>
              <fillColor r="201" g="231" b="183" a="100" />
              <lineColor r="92" g="92" b="92" a="100" />
              <font name="Lucida Grande" size="12">
                <color r="0" g="0" b="0" />
              </font>
            </style>
          </node>
          <node identifier="id-71414a5d" elementRef="d5a0f92e" xsi:type="Element" x="982" y="504" w="120" h="55">
            <style>
              <fillColor r="255" g="255" b="255" a="100" />
              <lineColor r="92" g="92" b="92" a="100" />
              <font name="Lucida Grande" size="12">
                <color r="0" g="0" b="0" />
              </font>
            </style>
          </node>
          <node identifier="id-2ccaae96" elementRef="id-3b08e783" xsi:type="Element" x="987" y="1034" w="109" h="55">
            <style>
              <fillColor r="255" g="255" b="255" a="100" />
              <lineColor r="92" g="92" b="92" a="100" />
              <font name="Lucida Grande" size="12">
                <color r="0" g="0" b="0" />
              </font>
            </style>
          </node>
        </node>
        <node identifier="d06ce3b0" elementRef="d4825dc1" xsi:type="Element" x="1422" y="134" w="296" h="1391">
          <style>
            <fillColor r="247" g="255" b="255" a="100" />
            <lineColor r="92" g="92" b="92" a="100" />
            <font name="Lucida Grande" size="12">
              <color r="255" g="0" b="0" />
            </font>
          </style>
          <node identifier="id-5b81a0ad" elementRef="id-782414c1" xsi:type="Element" x="1512" y="234" w="120" h="55">
            <style>
              <fillColor r="255" g="255" b="181" a="100" />
              <lineColor r="92" g="92" b="92" a="100" />
              <font name="Lucida Grande" size="12">
                <color r="0" g="0" b="0" />
              </font>
            </style>
          </node>
          <node identifier="id-8da5bbd6" elementRef="e35e4b06" xsi:type="Element" x="1527" y="834" w="120" h="55">
            <style>
              <fillColor r="255" g="255" b="255" a="100" />
              <lineColor r="92" g="92" b="92" a="100" />
              <font name="Lucida Grande" size="12">
                <color r="0" g="0" b="0" />
              </font>
            </style>
          </node>
          <node identifier="id-2c000bd0" elementRef="d470cd9b" xsi:type="Element" x="1582" y="964" w="120" h="55">
            <style>
              <fillColor r="255" g="255" b="255" a="100" />
              <lineColor r="92" g="92" b="92" a="100" />
              <font name="Lucida Grande" size="12">
                <color r="0" g="0" b="0" />
              </font>
            </style>
          </node>
          <node identifier="dd341af5" elementRef="dfc026aa" xsi:type="Element" x="1452" y="1199" w="120" h="55">
            <style>
              <fillColor r="181" g="255" b="255" a="100" />
              <lineColor r="92" g="92" b="92" a="100" />
              <font name="Lucida Grande" size="12">
                <color r="0" g="0" b="0" />
              </font>
            </style>
          </node>
          <node identifier="id-48397703" elementRef="id-06ce4d71" xsi:type="Element" x="1527" y="664" w="120" h="55">
            <style>
              <fillColor r="255" g="255" b="255" a="100" />
              <lineColor r="92" g="92" b="92" a="100" />
              <font name="Lucida Grande" size="12">
                <color r="0" g="0" b="0" />
              </font>
            </style>
          </node>
          <node identifier="a6e6811f" elementRef="id-3a72ca5b" xsi:type="Element" x="1452" y="1269" w="120" h="55">
            <style>
              <fillColor r="201" g="231" b="183" a="100" />
              <lineColor r="92" g="92" b="92" a="100" />
              <font name="Lucida Grande" size="12">
                <color r="0" g="0" b="0" />
              </font>
            </style>
          </node>
          <node identifier="a0711027" elementRef="c2580488" xsi:type="Element" x="1452" y="1134" w="120" h="55">
            <style>
              <fillColor r="255" g="255" b="255" a="100" />
              <lineColor r="92" g="92" b="92" a="100" />
              <font name="Lucida Grande" size="12">
                <color r="0" g="0" b="0" />
              </font>
            </style>
          </node>
          <node identifier="id-6ce1fdcc" elementRef="id-6dbe1bf8" xsi:type="Element" x="1447" y="964" w="120" h="55">
            <style>
              <fillColor r="255" g="255" b="255" a="100" />
              <lineColor r="92" g="92" b="92" a="100" />
              <font name="Lucida Grande" size="12">
                <color r="0" g="0" b="0" />
              </font>
            </style>
          </node>
          <node identifier="id-26404f3b" elementRef="b77909ae" xsi:type="Element" x="1573" y="1357" w="120" h="55">
            <style>
              <fillColor r="201" g="231" b="183" a="100" />
              <lineColor r="92" g="92" b="92" a="100" />
              <font name="Lucida Grande" size="12">
                <color r="0" g="0" b="0" />
              </font>
            </style>
          </node>
          <node identifier="d19f9513" elementRef="bd516295" xsi:type="Element" x="1527" y="504" w="120" h="55">
            <style>
              <fillColor r="255" g="255" b="255" a="100" />
              <lineColor r="92" g="92" b="92" a="100" />
              <font name="Lucida Grande" size="12">
                <color r="0" g="0" b="0" />
              </font>
            </style>
          </node>
          <node identifier="f7821944" elementRef="b57d9e84" xsi:type="Element" x="1522" y="1034" w="109" h="55">
            <style>
              <fillColor r="255" g="255" b="255" a="100" />
              <lineColor r="92" g="92" b="92" a="100" />
              <font name="Lucida Grande" size="12">
                <color r="0" g="0" b="0" />
              </font>
            </style>
          </node>
        </node>
        <node identifier="id-4d7d8674" elementRef="id-5b198bf0" xsi:type="Element" x="372" y="1605" w="1846" h="236">
          <style>
            <fillColor r="247" g="255" b="255" a="100" />
            <lineColor r="92" g="92" b="92" a="100" />
            <font name="Lucida Grande" size="12">
              <color r="0" g="0" b="0" />
            </font>
          </style>
          <node identifier="id-2f118a8d" elementRef="fa153758" xsi:type="Element" x="522" y="1700" w="1662" h="71">
            <style>
              <fillColor r="201" g="231" b="183" a="100" />
              <lineColor r="92" g="92" b="92" a="100" />
              <font name="Lucida Grande" size="12">
                <color r="0" g="0" b="0" />
              </font>
            </style>
          </node>
        </node>
        <connection identifier="id-37a72fe9" relationshipRef="id-170fae8e" xsi:type="Relationship" source="id-91034d40" target="a22a4037">
          <style>
            <lineColor r="192" g="192" b="192" />
            <font name="Lucida Grande" size="12">
              <color r="0" g="0" b="0" />
            </font>
          </style>
          <bendpoint x="2162" y="283" />
          <bendpoint x="2154" y="863" />
        </connection>
        <connection identifier="id-4f3d842d" relationshipRef="c7e3ff20" xsi:type="Relationship" source="a22a4037" target="id-702d4c0c">
          <style>
            <lineColor r="0" g="0" b="0" />
            <font name="Lucida Grande" size="12">
              <color r="0" g="0" b="0" />
            </font>
          </style>
        </connection>
        <connection identifier="id-32f8635d" relationshipRef="id-1e9a651c" xsi:type="Relationship" source="id-702d4c0c" target="id-048372dd">
          <style>
            <lineColor r="0" g="0" b="0" />
            <font name="Lucida Grande" size="12">
              <color r="0" g="0" b="0" />
            </font>
          </style>
          <bendpoint x="2130" y="1190" />
        </connection>
        <connection identifier="id-05f01b1c" relationshipRef="id-1c592ba0" xsi:type="Relationship" source="id-46fc978a" target="id-1a4da7b8">
          <style>
            <lineColor r="0" g="0" b="0" />
            <font name="Lucida Grande" size="12">
              <color r="0" g="0" b="0" />
            </font>
          </style>
        </connection>
        <connection identifier="b386e2ef" relationshipRef="id-9e0b843e" xsi:type="Relationship" source="id-06ebf4e6" target="a22a4037">
          <style>
            <lineColor r="0" g="0" b="0" />
            <font name="Lucida Grande" size="12">
              <color r="0" g="0" b="0" />
            </font>
          </style>
        </connection>
        <connection identifier="dbfda64a" relationshipRef="id-52546892" xsi:type="Relationship" source="c1b65f18" target="id-46fc978a">
          <style>
            <lineColor r="0" g="0" b="0" />
            <font name="Lucida Grande" size="12">
              <color r="0" g="0" b="0" />
            </font>
          </style>
        </connection>
        <connection identifier="id-47d3889f" relationshipRef="id-14481777" xsi:type="Relationship" source="id-1f40091f" target="c1b65f18">
          <style>
            <lineColor r="0" g="0" b="0" />
            <font name="Lucida Grande" size="12">
              <color r="0" g="0" b="0" />
            </font>
          </style>
        </connection>
        <connection identifier="id-2927e2c1" relationshipRef="id-7bad25f2" xsi:type="Relationship" source="id-1f40091f" target="a22a4037">
          <style>
            <lineColor r="0" g="0" b="0" />
            <font name="Lucida Grande" size="12">
              <color r="0" g="0" b="0" />
            </font>
          </style>
        </connection>
        <connection identifier="e813bece" relationshipRef="ea56e5dc" xsi:type="Relationship" source="id-048372dd" target="id-2f118a8d">
          <style>
            <lineColor r="255" g="0" b="0" />
            <font name="Lucida Grande" size="12">
              <color r="255" g="0" b="0" />
            </font>
          </style>
        </connection>
        <connection identifier="id-595c37a1" relationshipRef="id-9c257b4b" xsi:type="Relationship" source="c85e6905" target="id-06ebf4e6">
          <style>
            <lineColor r="0" g="0" b="0" />
            <font name="Lucida Grande" size="12">
              <color r="0" g="0" b="0" />
            </font>
          </style>
        </connection>
        <connection identifier="id-94c28c3d-39b3-4035-9618-2106cb13ad1e" relationshipRef="id-1715215d-b4af-4311-8f58-388d7ca319ce" xsi:type="Relationship" source="id-828172dd" target="id-702d4c0c">
          <style>
            <lineColor r="0" g="0" b="0" />
            <font name="Lucida Grande" size="12">
              <color r="0" g="0" b="0" />
            </font>
          </style>
        </connection>
        <connection identifier="id-47992541" relationshipRef="id-14b4084a" xsi:type="Relationship" source="id-80053ba4" target="id-91830c7f">
          <style>
            <lineColor r="192" g="192" b="192" />
            <font name="Lucida Grande" size="12">
              <color r="0" g="0" b="0" />
            </font>
          </style>
        </connection>
        <connection identifier="id-476e105a" relationshipRef="id-507f88eb" xsi:type="Relationship" source="id-80053ba4" target="cd81888a">
          <style>
            <lineColor r="0" g="0" b="0" />
            <font name="Lucida Grande" size="12">
              <color r="0" g="0" b="0" />
            </font>
          </style>
        </connection>
        <connection identifier="id-491232a8" relationshipRef="id-7f0ad124" xsi:type="Relationship" source="cd81888a" target="id-73aa7b44">
          <style>
            <lineColor r="0" g="0" b="0" />
            <font name="Lucida Grande" size="12">
              <color r="0" g="0" b="0" />
            </font>
          </style>
        </connection>
        <connection identifier="id-526f5459" relationshipRef="id-10a4b96a" xsi:type="Relationship" source="cd81888a" target="acbf0d78">
          <style>
            <lineColor r="192" g="192" b="192" />
            <font name="Lucida Grande" size="12">
              <color r="0" g="0" b="0" />
            </font>
          </style>
        </connection>
        <connection identifier="id-7755cd88" relationshipRef="id-3c3afa4e" xsi:type="Relationship" source="id-91830c7f" target="acbf0d78">
          <style>
            <lineColor r="0" g="0" b="0" />
            <font name="Lucida Grande" size="12">
              <color r="0" g="0" b="0" />
            </font>
          </style>
        </connection>
        <connection identifier="daadc763" relationshipRef="id-5c137530" xsi:type="Relationship" source="id-91830c7f" target="a39c576e">
          <style>
            <lineColor r="0" g="0" b="0" />
            <font name="Lucida Grande" size="12">
              <color r="0" g="0" b="0" />
            </font>
          </style>
        </connection>
        <connection identifier="a8b3f2ec" relationshipRef="id-2ce1e512" xsi:type="Relationship" source="acbf0d78" target="a39c576e">
          <style>
            <lineColor r="0" g="0" b="0" />
            <font name="Lucida Grande" size="12">
              <color r="0" g="0" b="0" />
            </font>
          </style>
        </connection>
        <connection identifier="dfc508d5" relationshipRef="id-9508cd6c" xsi:type="Relationship" source="bbd53105" target="dd96d44f">
          <style>
            <lineColor r="0" g="0" b="0" />
            <font name="Lucida Grande" size="12">
              <color r="0" g="0" b="0" />
            </font>
          </style>
        </connection>
        <connection identifier="f47bb2e7" relationshipRef="id-643aa617" xsi:type="Relationship" source="e0a7a8fb" target="acbf0d78">
          <style>
            <lineColor r="0" g="0" b="0" />
            <font name="Lucida Grande" size="12">
              <color r="0" g="0" b="0" />
            </font>
          </style>
          <bendpoint x="533" y="777" />
        </connection>
        <connection identifier="a30daa26" relationshipRef="f9410b11" xsi:type="Relationship" source="e0a7a8fb" target="id-91830c7f">
          <style>
            <lineColor r="0" g="0" b="0" />
            <font name="Lucida Grande" size="12">
              <color r="0" g="0" b="0" />
            </font>
          </style>
        </connection>
        <connection identifier="id-17c7bd20" relationshipRef="e3edda76" xsi:type="Relationship" source="id-8c35b60a" target="dd96d44f">
          <style>
            <lineColor r="0" g="0" b="0" />
            <font name="Lucida Grande" size="12">
              <color r="0" g="0" b="0" />
            </font>
          </style>
        </connection>
        <connection identifier="a876e9c0" relationshipRef="id-29fb54df" xsi:type="Relationship" source="id-5203518e" target="id-8c35b60a">
          <style>
            <lineColor r="0" g="0" b="0" />
            <font name="Lucida Grande" size="12">
              <color r="0" g="0" b="0" />
            </font>
          </style>
        </connection>
        <connection identifier="id-9608eb66" relationshipRef="id-34eb962d" xsi:type="Relationship" source="id-5203518e" target="bbd53105">
          <style>
            <lineColor r="0" g="0" b="0" />
            <font name="Lucida Grande" size="12">
              <color r="0" g="0" b="0" />
            </font>
          </style>
        </connection>
        <connection identifier="id-4845af37" relationshipRef="id-494ededd" xsi:type="Relationship" source="b757f057" target="acbf0d78">
          <style>
            <lineColor r="0" g="0" b="0" />
            <font name="Lucida Grande" size="12">
              <color r="0" g="0" b="0" />
            </font>
          </style>
        </connection>
        <connection identifier="id-0ad18f67" relationshipRef="id-456190cd" xsi:type="Relationship" source="b757f057" target="id-4855c63c">
          <style>
            <lineColor r="0" g="0" b="0" />
            <font name="Lucida Grande" size="12">
              <color r="0" g="0" b="0" />
            </font>
          </style>
        </connection>
        <connection identifier="f03637e3" relationshipRef="id-0aeb6207" xsi:type="Relationship" source="b757f057" target="f544dd86">
          <style>
            <lineColor r="0" g="0" b="0" />
            <font name="Lucida Grande" size="12">
              <color r="0" g="0" b="0" />
            </font>
          </style>
        </connection>
        <connection identifier="dc3452ac" relationshipRef="id-10105c5a" xsi:type="Relationship" source="a39c576e" target="id-5203518e">
          <style>
            <lineColor r="0" g="0" b="0" />
            <font name="Lucida Grande" size="12">
              <color r="0" g="0" b="0" />
            </font>
          </style>
        </connection>
        <connection identifier="id-2df5dec9" relationshipRef="id-0f1be57c" xsi:type="Relationship" source="id-4855c63c" target="id-2f118a8d">
          <style>
            <lineColor r="255" g="0" b="0" />
            <font name="Lucida Grande" size="12">
              <color r="255" g="0" b="0" />
            </font>
          </style>
        </connection>
        <connection identifier="id-2eacd212" relationshipRef="id-44bcc7e2" xsi:type="Relationship" source="c94ecba1" target="e0a7a8fb">
          <style>
            <lineColor r="0" g="0" b="0" />
            <font name="Lucida Grande" size="12">
              <color r="0" g="0" b="0" />
            </font>
          </style>
        </connection>
        <connection identifier="id-4e970b1c" relationshipRef="f428dbd8" xsi:type="Relationship" source="id-73aa7b44" target="id-59c4acd3">
          <style>
            <lineColor r="0" g="0" b="0" />
            <font name="Lucida Grande" size="12">
              <color r="0" g="0" b="0" />
            </font>
          </style>
        </connection>
        <connection identifier="baa9997d" relationshipRef="id-947dc156" xsi:type="Relationship" source="id-73aa7b44" target="id-5b81a0ad">
          <style>
            <lineColor r="0" g="0" b="0" />
            <font name="Lucida Grande" size="12">
              <color r="0" g="0" b="0" />
            </font>
          </style>
        </connection>
        <connection identifier="id-09541402" relationshipRef="dacc4d49" xsi:type="Relationship" source="id-73aa7b44" target="e5fc3654">
          <style>
            <lineColor r="192" g="192" b="192" />
            <font name="Lucida Grande" size="12">
              <color r="0" g="0" b="0" />
            </font>
          </style>
        </connection>
        <connection identifier="id-466ad9cf" relationshipRef="id-415d36eb" xsi:type="Relationship" source="id-73aa7b44" target="id-80053ba4">
          <style>
            <lineColor r="0" g="0" b="0" />
            <font name="Lucida Grande" size="12">
              <color r="0" g="0" b="0" />
            </font>
          </style>
          <bendpoint x="736" y="272" />
        </connection>
        <connection identifier="b697591d" relationshipRef="a3dae968" xsi:type="Relationship" source="id-59c4acd3" target="e5fc3654">
          <style>
            <lineColor r="192" g="192" b="192" />
            <font name="Lucida Grande" size="12">
              <color r="0" g="0" b="0" />
            </font>
          </style>
        </connection>
        <connection identifier="id-8a7e5b03" relationshipRef="id-2184374f" xsi:type="Relationship" source="ede5960a" target="id-233af296">
          <style>
            <lineColor r="0" g="0" b="0" />
            <font name="Lucida Grande" size="12">
              <color r="0" g="0" b="0" />
            </font>
          </style>
        </connection>
        <connection identifier="caef2cc2" relationshipRef="d47a74ca" xsi:type="Relationship" source="id-271bb4d2" target="e5fc3654">
          <style>
            <lineColor r="0" g="0" b="0" />
            <font name="Lucida Grande" size="12">
              <color r="0" g="0" b="0" />
            </font>
          </style>
        </connection>
        <connection identifier="id-40ed8b39" relationshipRef="id-59596256" xsi:type="Relationship" source="id-946471e1" target="ede5960a">
          <style>
            <lineColor r="0" g="0" b="0" />
            <font name="Lucida Grande" size="12">
              <color r="0" g="0" b="0" />
            </font>
          </style>
        </connection>
        <connection identifier="id-21cde49c" relationshipRef="id-5503d6ec" xsi:type="Relationship" source="id-95cfda86" target="e5fc3654">
          <style>
            <lineColor r="0" g="0" b="0" />
            <font name="Lucida Grande" size="12">
              <color r="0" g="0" b="0" />
            </font>
          </style>
        </connection>
        <connection identifier="c7f65080" relationshipRef="id-4fcb53a4" xsi:type="Relationship" source="id-95cfda86" target="id-9eb1e73f">
          <style>
            <lineColor r="0" g="0" b="0" />
            <font name="Lucida Grande" size="12">
              <color r="0" g="0" b="0" />
            </font>
          </style>
        </connection>
        <connection identifier="cfab6ceb-4912-4124-839c-6e3a399dad23" relationshipRef="id-573194fe-2acb-4f71-bcd1-2e122bca6785" xsi:type="Relationship" source="id-95cfda86" target="id-2ccaae96">
          <style>
            <lineColor r="0" g="0" b="0" />
            <font name="Lucida Grande" size="12">
              <color r="0" g="0" b="0" />
            </font>
          </style>
        </connection>
        <connection identifier="id-87af35fb" relationshipRef="cdf2e9e7" xsi:type="Relationship" source="id-1d9a8171" target="e5fc3654">
          <style>
            <lineColor r="0" g="0" b="0" />
            <font name="Lucida Grande" size="12">
              <color r="0" g="0" b="0" />
            </font>
          </style>
        </connection>
        <connection identifier="id-26762101" relationshipRef="id-0a36d298" xsi:type="Relationship" source="id-1d9a8171" target="id-946471e1">
          <style>
            <lineColor r="0" g="0" b="0" />
            <font name="Lucida Grande" size="12">
              <color r="0" g="0" b="0" />
            </font>
          </style>
        </connection>
        <connection identifier="id-4f57403c" relationshipRef="id-259e219e" xsi:type="Relationship" source="id-9eb1e73f" target="id-2f118a8d">
          <style>
            <lineColor r="255" g="0" b="0" />
            <font name="Lucida Grande" size="12">
              <color r="255" g="0" b="0" />
            </font>
          </style>
        </connection>
        <connection identifier="id-859e8b81" relationshipRef="id-62648f2b" xsi:type="Relationship" source="id-71414a5d" target="id-271bb4d2">
          <style>
            <lineColor r="0" g="0" b="0" />
            <font name="Lucida Grande" size="12">
              <color r="0" g="0" b="0" />
            </font>
          </style>
        </connection>
        <connection identifier="id-5db6ef9f" relationshipRef="df665042" xsi:type="Relationship" source="id-5b81a0ad" target="id-91034d40">
          <style>
            <lineColor r="0" g="0" b="0" />
            <font name="Lucida Grande" size="12">
              <color r="0" g="0" b="0" />
            </font>
          </style>
        </connection>
        <connection identifier="e0b8a6a1" relationshipRef="ea9ca0a6" xsi:type="Relationship" source="id-5b81a0ad" target="id-8da5bbd6">
          <style>
            <lineColor r="192" g="192" b="192" />
            <font name="Lucida Grande" size="12">
              <color r="0" g="0" b="0" />
            </font>
          </style>
          <bendpoint x="1626" y="574" />
        </connection>
        <connection identifier="id-6f5f5df3" relationshipRef="id-5ddb9184" xsi:type="Relationship" source="id-8da5bbd6" target="id-2c000bd0">
          <style>
            <lineColor r="0" g="0" b="0" />
            <font name="Lucida Grande" size="12">
              <color r="0" g="0" b="0" />
            </font>
          </style>
        </connection>
        <connection identifier="id-37e4c5b5" relationshipRef="id-30973194" xsi:type="Relationship" source="id-2c000bd0" target="id-26404f3b">
          <style>
            <lineColor r="0" g="0" b="0" />
            <font name="Lucida Grande" size="12">
              <color r="0" g="0" b="0" />
            </font>
          </style>
        </connection>
        <connection identifier="id-9f4db8e9-67e3-4a34-8ecf-74bf53d170f2" relationshipRef="id-472ba3b9-1667-4324-85fa-dcf335b95915" xsi:type="Relationship" source="id-2c000bd0" target="f7821944">
          <style>
            <lineColor r="0" g="0" b="0" />
            <font name="Lucida Grande" size="12">
              <color r="0" g="0" b="0" />
            </font>
          </style>
        </connection>
        <connection identifier="d328c979" relationshipRef="id-2ef30a42" xsi:type="Relationship" source="dd341af5" target="a6e6811f">
          <style>
            <lineColor r="0" g="0" b="0" />
            <font name="Lucida Grande" size="12">
              <color r="0" g="0" b="0" />
            </font>
          </style>
        </connection>
        <connection identifier="cf96f3c7" relationshipRef="fbddc20c" xsi:type="Relationship" source="id-48397703" target="id-8da5bbd6">
          <style>
            <lineColor r="0" g="0" b="0" />
            <font name="Lucida Grande" size="12">
              <color r="0" g="0" b="0" />
            </font>
          </style>
        </connection>
        <connection identifier="id-24c4994c" relationshipRef="id-5c43fb99" xsi:type="Relationship" source="a0711027" target="dd341af5">
          <style>
            <lineColor r="0" g="0" b="0" />
            <font name="Lucida Grande" size="12">
              <color r="0" g="0" b="0" />
            </font>
          </style>
        </connection>
        <connection identifier="id-0d6d805d" relationshipRef="id-227cb318" xsi:type="Relationship" source="id-6ce1fdcc" target="id-8da5bbd6">
          <style>
            <lineColor r="0" g="0" b="0" />
            <font name="Lucida Grande" size="12">
              <color r="0" g="0" b="0" />
            </font>
          </style>
        </connection>
        <connection identifier="id-68176469" relationshipRef="a4689175" xsi:type="Relationship" source="id-6ce1fdcc" target="a0711027">
          <style>
            <lineColor r="0" g="0" b="0" />
            <font name="Lucida Grande" size="12">
              <color r="0" g="0" b="0" />
            </font>
          </style>
        </connection>
        <connection identifier="ec975d0f" relationshipRef="id-59ca5214" xsi:type="Relationship" source="id-26404f3b" target="id-2f118a8d">
          <style>
            <lineColor r="255" g="0" b="0" />
            <font name="Lucida Grande" size="12">
              <color r="255" g="0" b="0" />
            </font>
          </style>
        </connection>
        <connection identifier="id-871b657d" relationshipRef="id-097f89c0" xsi:type="Relationship" source="d19f9513" target="id-48397703">
          <style>
            <lineColor r="0" g="0" b="0" />
            <font name="Lucida Grande" size="12">
              <color r="0" g="0" b="0" />
            </font>
          </style>
        </connection>
      </view>
    </diagrams>
  </views>
</model>
