{"identifier":"https://me.big.tuwien.ac.at/EAModelSet/id-0a4ff1ab","archimateId":"id-0a4ff1ab","name":"Integration of bouded contexts through flat files","description":"","formats":["XML","CSV","JSON","ARCHIMATE"],"source":"GitHub","sourceFile":"raw-data/github/xml/integration_of_bouded_contexts_through_flat_files.xml","sourceFormat":"XML","timestamp":"29-06-2023 09:27:19","tags":[],"duplicates":[],"language":"en","elements":[{"id":"aa6d4534","name":"entity 6","type":"BusinessObject","layer":"business"},{"id":"id-16c30922","name":"entity 2","type":"BusinessObject","layer":"business"},{"id":"id-9d78c8d1","name":"entity 1","type":"BusinessObject","layer":"business"},{"id":"id-66caf245","name":"entity 3","type":"BusinessObject","layer":"business"},{"id":"id-81bc11ac","name":"entity 4","type":"BusinessObject","layer":"business"},{"id":"id-782414c1","name":"entity 5","type":"BusinessObject","layer":"business"},{"id":"id-7b017709","name":"table 6","type":"DataObject","layer":"application"},{"id":"id-6f2f5ddc","name":"table 1","type":"DataObject","layer":"application"},{"id":"id-80940e57","name":"table 2","type":"DataObject","layer":"application"},{"id":"id-96e4d015","name":"table 2","type":"DataObject","layer":"application"},{"id":"dfc026aa","name":"table 5","type":"DataObject","layer":"application"},{"id":"id-16226d5e","name":"database 4","type":"Node","layer":"technology"},{"id":"id-690e2397","name":"infrastructure","type":"TechnologyService","layer":"technology"},{"id":"id-940feb27","name":"database 1","type":"Node","layer":"technology"},{"id":"a67d4324","name":"infrastructure","type":"TechnologyService","layer":"technology"},{"id":"b0079978","name":"database 2","type":"Node","layer":"technology"},{"id":"cd5ac2c7","name":"infrastructure","type":"TechnologyService","layer":"technology"},{"id":"id-3a72ca5b","name":"database 3","type":"Node","layer":"technology"},{"id":"b77909ae","name":"infrastructure","type":"TechnologyService","layer":"technology"},{"id":"fa153758","name":"File Server","type":"TechnologyService","layer":"technology"},{"id":"id-47e7ed24","name":"generic subdomain 2 and Bounded context 4","type":"Grouping","layer":"other"},{"id":"f4634650","name":"aggregate 6","type":"Grouping","layer":"other"},{"id":"c91e7232","name":"application service 3","type":"Grouping","layer":"other"},{"id":"id-07982683","name":"application service 2","type":"Grouping","layer":"other"},{"id":"id-7e481181","name":"service 2","type":"Grouping","layer":"other"},{"id":"b23c5f8e","name":"application service 2","type":"Grouping","layer":"other"},{"id":"id-43fad7d6","name":"core domain and Bounded context 1","type":"Grouping","layer":"other"},{"id":"id-907dcb06","name":"aggregate 2","type":"Grouping","layer":"other"},{"id":"id-883d9852","name":"aggregate 1","type":"Grouping","layer":"other"},{"id":"d43f37b6","name":"application service 1","type":"Grouping","layer":"other"},{"id":"id-3bf2a50b","name":"service 2","type":"Grouping","layer":"other"},{"id":"id-2925a7db","name":"application service 3","type":"Grouping","layer":"other"},{"id":"dbfeaeb4","name":"application service 2","type":"Grouping","layer":"other"},{"id":"id-03e54fc4","name":"temp package and Bounded context 2","type":"Grouping","layer":"other"},{"id":"e20ae7ba","name":"aggregate 3","type":"Grouping","layer":"other"},{"id":"id-8ef52b16","name":"application service 1","type":"Grouping","layer":"other"},{"id":"id-77095e1b","name":"service 2","type":"Grouping","layer":"other"},{"id":"id-9cf41f2b","name":"application service 3","type":"Grouping","layer":"other"},{"id":"a5206bad","name":"application service 2","type":"Grouping","layer":"other"},{"id":"d4825dc1","name":"generic subdomain 1 and Bounded context 3","type":"Grouping","layer":"other"},{"id":"e35e4b06","name":"aggregate 5","type":"Grouping","layer":"other"},{"id":"d470cd9b","name":"application service 3","type":"Grouping","layer":"other"},{"id":"id-06ce4d71","name":"application service 2","type":"Grouping","layer":"other"},{"id":"c2580488","name":"service 2","type":"Grouping","layer":"other"},{"id":"id-6dbe1bf8","name":"application service 2","type":"Grouping","layer":"other"},{"id":"id-3672a0d8","name":"composite UI","type":"Grouping","layer":"other"},{"id":"bda91bdf","name":"enterprise service bus","type":"Grouping","layer":"other"},{"id":"a142a4ea","name":"Process Manager","type":"Grouping","layer":"other"},{"id":"id-39c73a68","name":"BPMN or BPEL models","type":"Grouping","layer":"other"},{"id":"f90bc576","name":"Grouping","type":"Grouping","layer":"other"},{"id":"a4031e05","name":"UI","type":"Grouping","layer":"other"},{"id":"d5a0f92e","name":"UI","type":"Grouping","layer":"other"},{"id":"bd516295","name":"UI","type":"Grouping","layer":"other"},{"id":"id-47f806a1","name":"UI","type":"Grouping","layer":"other"},{"id":"id-5b198bf0","name":"Integration context","type":"Grouping","layer":"other"},{"id":"id-5a4699d7","name":"translator 1-*","type":"Grouping","layer":"other"},{"id":"id-3b08e783","name":"translator 2-*","type":"Grouping","layer":"other"},{"id":"b57d9e84","name":"translator 3-*","type":"Grouping","layer":"other"},{"id":"ce88a97c","name":"translator 4-*","type":"Grouping","layer":"other"}],"relationships":[{"id":"id-1e9a651c","sourceId":"c91e7232","targetId":"id-690e2397","type":"Association"},{"id":"id-0f1be57c","sourceId":"a67d4324","targetId":"fa153758","type":"Association"},{"id":"id-06bd6685","sourceId":"id-03e54fc4","targetId":"id-96e4d015","type":"Composition"},{"id":"id-29fb54df","sourceId":"id-3bf2a50b","targetId":"id-80940e57","type":"Association"},{"id":"ff8bc449","sourceId":"id-47e7ed24","targetId":"c91e7232","type":"Composition"},{"id":"id-62648f2b","sourceId":"d5a0f92e","targetId":"id-8ef52b16","type":"Association"},{"id":"df665042","sourceId":"id-782414c1","targetId":"aa6d4534","type":"Association"},{"id":"id-33551576","sourceId":"id-03e54fc4","targetId":"id-66caf245","type":"Composition"},{"id":"ecea716c","sourceId":"d4825dc1","targetId":"id-3a72ca5b","type":"Composition"},{"id":"b01a0211","sourceId":"d4825dc1","targetId":"id-06ce4d71","type":"Composition"},{"id":"e9dde75d","sourceId":"d4825dc1","targetId":"id-782414c1","type":"Composition"},{"id":"id-5ddb9184","sourceId":"e35e4b06","targetId":"d470cd9b","type":"Association"},{"id":"id-10a4b96a","sourceId":"id-9d78c8d1","targetId":"id-883d9852","type":"Association"},{"id":"id-947dc156","sourceId":"id-66caf245","targetId":"id-782414c1","type":"Association"},{"id":"f9410b11","sourceId":"d43f37b6","targetId":"id-907dcb06","type":"Association"},{"id":"id-170fae8e","sourceId":"aa6d4534","targetId":"f4634650","type":"Association"},{"id":"id-227cb318","sourceId":"id-6dbe1bf8","targetId":"e35e4b06","type":"Association"},{"id":"id-9508cd6c","sourceId":"id-6f2f5ddc","targetId":"id-940feb27","type":"Association"},{"id":"id-2184374f","sourceId":"id-96e4d015","targetId":"b0079978","type":"Association"},{"id":"id-48d91d5b","sourceId":"id-43fad7d6","targetId":"dbfeaeb4","type":"Composition"},{"id":"id-8a47d100","sourceId":"id-43fad7d6","targetId":"id-907dcb06","type":"Composition"},{"id":"c7e3ff20","sourceId":"f4634650","targetId":"c91e7232","type":"Association"},{"id":"id-3b864107","sourceId":"d4825dc1","targetId":"dfc026aa","type":"Composition"},{"id":"id-71eb82ff","sourceId":"id-47e7ed24","targetId":"aa6d4534","type":"Composition"},{"id":"id-28c90d0a","sourceId":"bda91bdf","targetId":"id-39c73a68","type":"Composition"},{"id":"id-62eac0a8","sourceId":"id-43fad7d6","targetId":"id-940feb27","type":"Composition"},{"id":"id-1b7088a7","sourceId":"fa153758","targetId":"a142a4ea","type":"Association"},{"id":"id-7f0ad124","sourceId":"id-9d78c8d1","targetId":"id-66caf245","type":"Association"},{"id":"id-5717669d","sourceId":"a142a4ea","targetId":"id-39c73a68","type":"Association"},{"id":"id-6de6817a","sourceId":"id-47e7ed24","targetId":"id-7b017709","type":"Composition"},{"id":"id-14481777","sourceId":"b23c5f8e","targetId":"id-7e481181","type":"Association"},{"id":"cdf2e9e7","sourceId":"a5206bad","targetId":"e20ae7ba","type":"Association"},{"id":"id-9e0b843e","sourceId":"id-07982683","targetId":"f4634650","type":"Association"},{"id":"id-2afe1a7e","sourceId":"id-03e54fc4","targetId":"a5206bad","type":"Composition"},{"id":"id-81630dba","sourceId":"d4825dc1","targetId":"id-6dbe1bf8","type":"Composition"},{"id":"id-6c04d9ca","sourceId":"id-47e7ed24","targetId":"f4634650","type":"Composition"},{"id":"a44578f7","sourceId":"id-03e54fc4","targetId":"b0079978","type":"Composition"},{"id":"id-30973194","sourceId":"d470cd9b","targetId":"b77909ae","type":"Association"},{"id":"id-01c8b5b0","sourceId":"d4825dc1","targetId":"b77909ae","type":"Composition"},{"id":"c2471a30","sourceId":"id-47e7ed24","targetId":"id-07982683","type":"Composition"},{"id":"id-5c137530","sourceId":"id-907dcb06","targetId":"dbfeaeb4","type":"Association"},{"id":"id-44bcc7e2","sourceId":"a4031e05","targetId":"d43f37b6","type":"Association"},{"id":"f5522535","sourceId":"bda91bdf","targetId":"a142a4ea","type":"Composition"},{"id":"id-494ededd","sourceId":"id-2925a7db","targetId":"id-883d9852","type":"Association"},{"id":"ea9ca0a6","sourceId":"id-782414c1","targetId":"e35e4b06","type":"Association"},{"id":"e3edda76","sourceId":"id-80940e57","targetId":"id-940feb27","type":"Association"},{"id":"id-92e0f61a","sourceId":"id-43fad7d6","targetId":"d43f37b6","type":"Composition"},{"id":"id-0a36d298","sourceId":"a5206bad","targetId":"id-77095e1b","type":"Association"},{"id":"b6944ff4","sourceId":"id-03e54fc4","targetId":"id-77095e1b","type":"Composition"},{"id":"c3d5ea7d","sourceId":"d4825dc1","targetId":"c2580488","type":"Composition"},{"id":"id-2a8d06ac","sourceId":"id-03e54fc4","targetId":"cd5ac2c7","type":"Composition"},{"id":"id-5503d6ec","sourceId":"id-9cf41f2b","targetId":"e20ae7ba","type":"Association"},{"id":"id-9c257b4b","sourceId":"id-47f806a1","targetId":"id-07982683","type":"Association"},{"id":"id-097f89c0","sourceId":"bd516295","targetId":"id-06ce4d71","type":"Association"},{"id":"id-2ce1e512","sourceId":"id-883d9852","targetId":"dbfeaeb4","type":"Association"},{"id":"id-3b3ff34c","sourceId":"id-43fad7d6","targetId":"id-6f2f5ddc","type":"Composition"},{"id":"id-456190cd","sourceId":"id-2925a7db","targetId":"a67d4324","type":"Association"},{"id":"id-52546892","sourceId":"id-7e481181","targetId":"id-7b017709","type":"Association"},{"id":"dacc4d49","sourceId":"id-66caf245","targetId":"e20ae7ba","type":"Association"},{"id":"id-5ad4a104","sourceId":"id-43fad7d6","targetId":"id-80940e57","type":"Composition"},{"id":"id-1c592ba0","sourceId":"id-7b017709","targetId":"id-16226d5e","type":"Association"},{"id":"id-14e257d6","sourceId":"id-43fad7d6","targetId":"id-16c30922","type":"Composition"},{"id":"id-41c7c313","sourceId":"id-47e7ed24","targetId":"f4634650","type":"Association"},{"id":"id-643aa617","sourceId":"d43f37b6","targetId":"id-883d9852","type":"Association"},{"id":"e5ac41e6","sourceId":"id-03e54fc4","targetId":"id-8ef52b16","type":"Composition"},{"id":"a4689175","sourceId":"id-6dbe1bf8","targetId":"c2580488","type":"Association"},{"id":"fbddc20c","sourceId":"id-06ce4d71","targetId":"e35e4b06","type":"Association"},{"id":"f428dbd8","sourceId":"id-66caf245","targetId":"id-81bc11ac","type":"Association"},{"id":"id-10105c5a","sourceId":"dbfeaeb4","targetId":"id-3bf2a50b","type":"Association"},{"id":"ea56e5dc","sourceId":"id-690e2397","targetId":"fa153758","type":"Association"},{"id":"id-415d36eb","sourceId":"id-66caf245","targetId":"id-16c30922","type":"Association"},{"id":"id-133f2317","sourceId":"id-43fad7d6","targetId":"id-3bf2a50b","type":"Composition"},{"id":"id-7bad25f2","sourceId":"b23c5f8e","targetId":"f4634650","type":"Association"},{"id":"id-4fcb53a4","sourceId":"id-9cf41f2b","targetId":"cd5ac2c7","type":"Association"},{"id":"id-5c43fb99","sourceId":"c2580488","targetId":"dfc026aa","type":"Association"},{"id":"id-2ef30a42","sourceId":"dfc026aa","targetId":"id-3a72ca5b","type":"Association"},{"id":"id-507f88eb","sourceId":"id-16c30922","targetId":"id-9d78c8d1","type":"Association"},{"id":"id-1ce3d669","sourceId":"id-43fad7d6","targetId":"id-883d9852","type":"Composition"},{"id":"d47a74ca","sourceId":"id-8ef52b16","targetId":"e20ae7ba","type":"Association"},{"id":"id-14b4084a","sourceId":"id-16c30922","targetId":"id-907dcb06","type":"Association"},{"id":"id-59ca5214","sourceId":"b77909ae","targetId":"fa153758","type":"Association"},{"id":"id-295fe2f3","sourceId":"id-43fad7d6","targetId":"id-2925a7db","type":"Composition"},{"id":"id-34eb962d","sourceId":"id-3bf2a50b","targetId":"id-6f2f5ddc","type":"Association"},{"id":"id-59596256","sourceId":"id-77095e1b","targetId":"id-96e4d015","type":"Association"},{"id":"id-776705af","sourceId":"id-43fad7d6","targetId":"a67d4324","type":"Composition"},{"id":"id-4e0a8fd4","sourceId":"id-47e7ed24","targetId":"id-690e2397","type":"Composition"},{"id":"id-40872657","sourceId":"id-03e54fc4","targetId":"id-81bc11ac","type":"Composition"},{"id":"id-2e854ff2","sourceId":"d4825dc1","targetId":"e35e4b06","type":"Composition"},{"id":"f6d475a8","sourceId":"id-47e7ed24","targetId":"id-16226d5e","type":"Composition"},{"id":"id-1a939e69","sourceId":"id-03e54fc4","targetId":"id-9cf41f2b","type":"Composition"},{"id":"a3dae968","sourceId":"id-81bc11ac","targetId":"e20ae7ba","type":"Association"},{"id":"id-82d939d1","sourceId":"id-03e54fc4","targetId":"e20ae7ba","type":"Composition"},{"id":"id-6470dc9b","sourceId":"d4825dc1","targetId":"d470cd9b","type":"Composition"},{"id":"id-259e219e","sourceId":"cd5ac2c7","targetId":"fa153758","type":"Association"},{"id":"id-8ffd70d0","sourceId":"id-47e7ed24","targetId":"id-7e481181","type":"Composition"},{"id":"id-3c3afa4e","sourceId":"id-907dcb06","targetId":"id-883d9852","type":"Association"},{"id":"id-1253432a","sourceId":"id-47e7ed24","targetId":"b23c5f8e","type":"Composition"},{"id":"id-9d8b03eb","sourceId":"id-43fad7d6","targetId":"id-9d78c8d1","type":"Composition"},{"id":"id-1be929dd","sourceId":"id-43fad7d6","targetId":"a4031e05","type":"Composition"},{"id":"c71d2be2","sourceId":"id-03e54fc4","targetId":"d5a0f92e","type":"Composition"},{"id":"dd21f560","sourceId":"d4825dc1","targetId":"bd516295","type":"Composition"},{"id":"id-8705d2f4","sourceId":"id-47e7ed24","targetId":"id-47f806a1","type":"Composition"},{"id":"id-4ff20c00","sourceId":"id-5b198bf0","targetId":"fa153758","type":"Composition"},{"id":"id-74dbcbc8","sourceId":"id-43fad7d6","targetId":"id-5a4699d7","type":"Composition"},{"id":"id-0aeb6207","sourceId":"id-2925a7db","targetId":"id-5a4699d7","type":"Association"},{"id":"dfae32c8","sourceId":"id-03e54fc4","targetId":"id-3b08e783","type":"Composition"},{"id":"id-0f4e9f35","sourceId":"d4825dc1","targetId":"b57d9e84","type":"Composition"},{"id":"b1be9a05","sourceId":"id-47e7ed24","targetId":"ce88a97c","type":"Composition"},{"id":"id-573194fe-2acb-4f71-bcd1-2e122bca6785","sourceId":"id-9cf41f2b","targetId":"id-3b08e783","type":"Association"},{"id":"id-472ba3b9-1667-4324-85fa-dcf335b95915","sourceId":"d470cd9b","targetId":"b57d9e84","type":"Association"},{"id":"id-1715215d-b4af-4311-8f58-388d7ca319ce","sourceId":"ce88a97c","targetId":"c91e7232","type":"Association"}],"views":[{"id":"id-50ded173","name":"Integration of bouded contexts through flat files","viewpoint":""}]}