{"identifier":"https://me.big.tuwien.ac.at/EAModelSet/id-e205290c06b4417896edfab1cc09d549","archimateId":"id-e205290c06b4417896edfab1cc09d549","name":"Omnibus RB","description":"","formats":["XML","CSV","JSON","ARCHIMATE"],"source":"GitHub","sourceFile":"raw-data/github/archimate/omnibus_rb.archimate","sourceFormat":"ARCHIMATE","timestamp":"29-06-2023 09:29:50","tags":[],"duplicates":[],"language":"en","elements":[{"id":"id-c21d6e67466543c187bd2615058e25e5","name":"Merchant Provisioning","type":"BusinessService","layer":"business"},{"id":"id-876ccfe5a4a64316ba133fa1314858e1","name":"Merchant users boarding","type":"BusinessService","layer":"business"},{"id":"id-5baed0474eb643769743d7a260b40003","name":"Activate existing merchant for reconciliation","type":"BusinessService","layer":"business"},{"id":"id-83f202ffb9c84ee59ed00b58c086c4c1","name":"Enable Acceptance and Acquiring data access in Acceptance applications","type":"BusinessService","layer":"business"},{"id":"id-1c6c4d93fdf447c6ae564987eab294d7","name":"Create contract hierarchies","type":"BusinessService","layer":"business"},{"id":"id-d9586b39f6f14e4e99ee3ee3e073e351","name":"Store Ecom Acceptance transactions","type":"BusinessService","layer":"business"},{"id":"id-6ac05a59863645c4984201e0934ade21","name":"Store inStore Acceptance transaction","type":"BusinessService","layer":"business"},{"id":"id-0a1f9d7123324841b5ed468fba8adede","name":"Define new reporting hierarchy","type":"BusinessService","layer":"business"},{"id":"id-51c766179b8b4a6f959067a4f7dfef05","name":"Publish Acq trx Reconciliation in eCom Trx page","type":"BusinessService","layer":"business"},{"id":"id-e5bd45a01e1f46a69705277506640476","name":"Download Acquiring Transaction of a merchant user","type":"BusinessService","layer":"business"},{"id":"id-78fae27db0b94092bb44824ea3648cec","name":"\"Get\" merchant user accessible data","type":"BusinessService","layer":"business"},{"id":"id-30afd1ebb15a4a239dbe8696137cae54","name":"Send Acq data access request to data storage location","type":"BusinessService","layer":"business"},{"id":"id-e8e8bd32af4649eb9076f32404d2858c","name":"Store Acquiring transaction data ","type":"BusinessService","layer":"business"},{"id":"id-f9825cf264b741fc99647f6c3f8658a7","name":"Download eCom acceptance Transaction of a merchant user","type":"BusinessService","layer":"business"},{"id":"id-36094cc4449a4fb690cd19cdd06c8d8d","name":"Reconcile eCom Acceptance and Acquiring transactions","type":"BusinessService","layer":"business"},{"id":"id-6930319ccaaf47ee9d4d01ee645fc628","name":"Bind acquiring transaction to acceptance transactions","type":"BusinessService","layer":"business"},{"id":"id-00caa03f7d38451c82369def7d393e0e","name":"Compare Acquiring to acceptance transaction lifecycle status","type":"BusinessService","layer":"business"},{"id":"id-1929ad33f6814748b27e4b0ff051b355","name":"Decide on reconciliation status","type":"BusinessService","layer":"business"},{"id":"id-088a293e634a47868239054427faabcd","name":"Broadcast Merchant data to platforms","type":"BusinessService","layer":"business"},{"id":"id-ae2ce7324f4f4c13887912758d8549c3","name":"Get PASS merchant data ","type":"BusinessService","layer":"business"},{"id":"id-85510af941a9409eb564086d9beea5c3","name":"Create PSP_IDs","type":"BusinessService","layer":"business"},{"id":"id-1ae3f759bda44e93814b76a2145ad472","name":"Create PASS merchant hierarchy","type":"BusinessService","layer":"business"},{"id":"id-25de6719034d48ca8d13f629571b3b15","name":"Create a common merchant ID","type":"BusinessService","layer":"business"},{"id":"id-a8ca1687519f4768989d85b2650826cf","name":"Update contract hierarchies for reconciliation","type":"BusinessService","layer":"business"},{"id":"id-1079c084f82141e383a1e2f487a27754","name":"Broadcast merchant data to new platforms","type":"BusinessService","layer":"business"},{"id":"id-7657c9f1bd6248caaeb46b265ebcc65e","name":"MEON","type":"ApplicationComponent","layer":"application"},{"id":"id-f04e7e6b86664b5e94b21b063b76027c","name":"MEPO","type":"ApplicationComponent","layer":"application"},{"id":"id-3a35743ef7f34b2784705416a9624f0a","name":"myPortal","type":"ApplicationComponent","layer":"application"},{"id":"id-97a9646656fb418986628666424617c5","name":"SCS","type":"ApplicationComponent","layer":"application"},{"id":"id-311a6e1bd34545afaae65ec3890cc03f","name":"PASS","type":"ApplicationComponent","layer":"application"},{"id":"id-a1da3b4f7cd0433fb4b9b52072275855","name":"WLPFO","type":"ApplicationComponent","layer":"application"},{"id":"id-7b71dc1d3b2942e3a73149ed9183219a","name":"Settlements","type":"ApplicationComponent","layer":"application"},{"id":"id-8fab219814a74848a09b357e0fad8f98","name":"DWS","type":"ApplicationComponent","layer":"application"},{"id":"id-98b5eb0dd263482083d39618de7c83b5","name":"cIAM","type":"ApplicationComponent","layer":"application"},{"id":"id-fc0585815d7e4505b6e012538ca371fc","name":"MGS","type":"ApplicationComponent","layer":"application"},{"id":"id-1887225fd9c849fe90dc4948ddeadf7f","name":"Merchant Portal","type":"ApplicationComponent","layer":"application"},{"id":"id-14eec160c9bd40c4a8e3673164a0b60d","name":"InStore Acc","type":"ApplicationComponent","layer":"application"},{"id":"id-f60a21894ea84c44849fc33cdfd1cbd9","name":"DataPlatform","type":"ApplicationComponent","layer":"application"},{"id":"id-446a138ec0084618ab84869660596a5b","name":"Ingestion","type":"ApplicationComponent","layer":"application"},{"id":"id-8a4556edde464d2792c9bd8937f318b2","name":"Merchant portal data exposure","type":"ApplicationComponent","layer":"application"},{"id":"id-9403c4971e7e426588d59857a8e0dda6","name":"WLOP","type":"ApplicationComponent","layer":"application"},{"id":"id-929aadaac51c49fdbea0f5d8e0ba1c56","name":"WLOP Transaction dB","type":"ApplicationComponent","layer":"application"},{"id":"id-9bf406de7fbc4bc98a7934c64e7dba33","name":"European Front office","type":"ApplicationComponent","layer":"application"},{"id":"id-463d4167cd8e4a18a267e18af004e1e6","name":"Back Office","type":"ApplicationComponent","layer":"application"},{"id":"id-314936efc1e4474eafd20533e0653bc2","name":"Transaction report (Acc & Acquiring)","type":"ApplicationComponent","layer":"application"},{"id":"id-bf998c2fa90f403ba7ffcf85e035dee1","name":"eCom Acc (WLOP)","type":"ApplicationComponent","layer":"application"},{"id":"id-fce4cb9722f54af1a7b6050557fd0cc0","name":"Reconciliation engine","type":"ApplicationComponent","layer":"application"},{"id":"id-d1a12fe4dc2f46bfb7d3880193b6e235","name":"Trans report FE","type":"ApplicationComponent","layer":"application"},{"id":"id-1357c1384c7f44ec8933e394d9287a07","name":"PASS/SCS/MEON data Ingestion","type":"ApplicationComponent","layer":"application"},{"id":"id-02e60e06097d44b3b2bf070aefb65fbc","name":"WLOP data ingestion","type":"ApplicationComponent","layer":"application"},{"id":"id-f17bb0ebe9974dd9ad1ff7e557ee59d1","name":"WLOP Front Office","type":"ApplicationComponent","layer":"application"},{"id":"id-1df71a4a62dc4518a6e3df777b7510ff","name":"PASS transaction","type":"ApplicationComponent","layer":"application"},{"id":"id-20df4e3d189a4276a7a677a2b2551c01","name":"Acceptance transaction","type":"ApplicationComponent","layer":"application"},{"id":"id-a998d5a02921407299d6220c16b593a9","name":"PASS merchant users Permission settings preparation","type":"ApplicationComponent","layer":"application"},{"id":"id-df96d5dcfac04f1b895f1da8a0083ee8","name":"MP PASS data extraction","type":"ApplicationComponent","layer":"application"},{"id":"id-8c442390068740df9cee27dd3fbc3c21","name":"MP eCom data extraction","type":"ApplicationComponent","layer":"application"},{"id":"id-f63c54aa48464946861c19ce7d727af9","name":"eP2 data ingestion","type":"ApplicationComponent","layer":"application"},{"id":"id-50576b0249a5427580d18bc1765cff00","name":"MP inStore acc data extraction","type":"ApplicationComponent","layer":"application"},{"id":"id-eec37870ddaa4e18874a0785e5b01015","name":"MP Acc data extraction","type":"ApplicationComponent","layer":"application"},{"id":"id-c068e8b8c9c140d2bee017405306bf26","name":"GSV reconciliation engine","type":"ApplicationComponent","layer":"application"},{"id":"id-2fa694a223f24f7b8563a1db881b5c28","name":"MP Reconciliation status preparation","type":"ApplicationComponent","layer":"application"},{"id":"id-8a21cce74d2d4bed8f22690fd1f5a888","name":"TUNZ","type":"ApplicationComponent","layer":"application"}],"relationships":[{"id":"id-af9ff081d15647849109967e7cfb1a89","sourceId":"id-876ccfe5a4a64316ba133fa1314858e1","targetId":"id-5baed0474eb643769743d7a260b40003","type":"CompositionRelationship"},{"id":"id-91838fe71e124afcaf27f9b4f931e4af","sourceId":"id-876ccfe5a4a64316ba133fa1314858e1","targetId":"id-83f202ffb9c84ee59ed00b58c086c4c1","type":"CompositionRelationship"},{"id":"id-98b8ecd45abd475993c823d59bdf47b2","sourceId":"id-c21d6e67466543c187bd2615058e25e5","targetId":"id-1c6c4d93fdf447c6ae564987eab294d7","type":"CompositionRelationship"},{"id":"id-360dda1794934681a2b5d3c121e0ab1b","sourceId":"id-5baed0474eb643769743d7a260b40003","targetId":"id-83f202ffb9c84ee59ed00b58c086c4c1","type":"CompositionRelationship"},{"id":"id-0e2cab83e3ba44178c3793d416d70db3","sourceId":"id-e5bd45a01e1f46a69705277506640476","targetId":"id-78fae27db0b94092bb44824ea3648cec","type":"CompositionRelationship"},{"id":"id-f01732c431fa4a47ac207b6ae26c99d6","sourceId":"id-e5bd45a01e1f46a69705277506640476","targetId":"id-30afd1ebb15a4a239dbe8696137cae54","type":"CompositionRelationship"},{"id":"id-f8daced307a14e689a43e318f00cfc16","sourceId":"id-e5bd45a01e1f46a69705277506640476","targetId":"id-e8e8bd32af4649eb9076f32404d2858c","type":"CompositionRelationship"},{"id":"id-e332b907e73f4428beeceeff61844712","sourceId":"id-36094cc4449a4fb690cd19cdd06c8d8d","targetId":"id-6930319ccaaf47ee9d4d01ee645fc628","type":"CompositionRelationship"},{"id":"id-a05a98b41de44bc39c89890ca5a04663","sourceId":"id-36094cc4449a4fb690cd19cdd06c8d8d","targetId":"id-00caa03f7d38451c82369def7d393e0e","type":"CompositionRelationship"},{"id":"id-e01da46c16a4424291b891e50639ecf6","sourceId":"id-36094cc4449a4fb690cd19cdd06c8d8d","targetId":"id-1929ad33f6814748b27e4b0ff051b355","type":"CompositionRelationship"},{"id":"id-c662bb02ea9947f3b67d81ce49b66a06","sourceId":"id-311a6e1bd34545afaae65ec3890cc03f","targetId":"id-a1da3b4f7cd0433fb4b9b52072275855","type":"CompositionRelationship"},{"id":"id-bfdae47aa79d45f38e3873601e1af4d1","sourceId":"id-311a6e1bd34545afaae65ec3890cc03f","targetId":"id-7b71dc1d3b2942e3a73149ed9183219a","type":"CompositionRelationship"},{"id":"id-5640ff3e02fa4c9b8254c7009b8ef1aa","sourceId":"id-1887225fd9c849fe90dc4948ddeadf7f","targetId":"id-14eec160c9bd40c4a8e3673164a0b60d","type":"CompositionRelationship"},{"id":"id-5ce9d49978a846dabaac78166c474abb","sourceId":"id-f60a21894ea84c44849fc33cdfd1cbd9","targetId":"id-446a138ec0084618ab84869660596a5b","type":"CompositionRelationship"},{"id":"id-d35bfe52836649f4a19ac9c0b5b254f6","sourceId":"id-f60a21894ea84c44849fc33cdfd1cbd9","targetId":"id-8a4556edde464d2792c9bd8937f318b2","type":"CompositionRelationship"},{"id":"id-368b416e395a4baca1fdb767c7afa7a6","sourceId":"id-c21d6e67466543c187bd2615058e25e5","targetId":"id-088a293e634a47868239054427faabcd","type":"CompositionRelationship"},{"id":"id-c2682c3570d440788de3cfc6db33f283","sourceId":"id-f04e7e6b86664b5e94b21b063b76027c","targetId":"id-1c6c4d93fdf447c6ae564987eab294d7","type":"RealizationRelationship"},{"id":"id-aa554bd0720a43319fe526178b647b73","sourceId":"id-7657c9f1bd6248caaeb46b265ebcc65e","targetId":"id-1c6c4d93fdf447c6ae564987eab294d7","type":"RealizationRelationship"},{"id":"id-48e4328331ae40118a62fc86a10c0050","sourceId":"id-98b5eb0dd263482083d39618de7c83b5","targetId":"id-088a293e634a47868239054427faabcd","type":"RealizationRelationship"},{"id":"id-df81a02b259d4ac6aff805f75cd922e7","sourceId":"id-7657c9f1bd6248caaeb46b265ebcc65e","targetId":"id-088a293e634a47868239054427faabcd","type":"RealizationRelationship"},{"id":"id-9897fa664e7f4cce98b82d592131831e","sourceId":"id-98b5eb0dd263482083d39618de7c83b5","targetId":"id-83f202ffb9c84ee59ed00b58c086c4c1","type":"RealizationRelationship"},{"id":"id-b969b5a796324dc0909d1eae83a9f3b0","sourceId":"id-fc0585815d7e4505b6e012538ca371fc","targetId":"id-98b5eb0dd263482083d39618de7c83b5","type":"ServingRelationship"},{"id":"id-10a22741034e4810abf086d1d02676a8","sourceId":"id-9403c4971e7e426588d59857a8e0dda6","targetId":"id-929aadaac51c49fdbea0f5d8e0ba1c56","type":"CompositionRelationship"},{"id":"id-69d9449e778149e08340e79b1d08197d","sourceId":"id-5baed0474eb643769743d7a260b40003","targetId":"id-ae2ce7324f4f4c13887912758d8549c3","type":"CompositionRelationship"},{"id":"id-b97980fc81af42b4a861dbebda37a56e","sourceId":"id-311a6e1bd34545afaae65ec3890cc03f","targetId":"id-9bf406de7fbc4bc98a7934c64e7dba33","type":"CompositionRelationship"},{"id":"id-b2350e7899a5471f98dadff8b22c18be","sourceId":"id-311a6e1bd34545afaae65ec3890cc03f","targetId":"id-463d4167cd8e4a18a267e18af004e1e6","type":"CompositionRelationship"},{"id":"id-be246f84748f4f7084ecafa0769ca451","sourceId":"id-1887225fd9c849fe90dc4948ddeadf7f","targetId":"id-314936efc1e4474eafd20533e0653bc2","type":"CompositionRelationship"},{"id":"id-83f3184ed4d34bafb29a7ba9efdc2431","sourceId":"id-1887225fd9c849fe90dc4948ddeadf7f","targetId":"id-bf998c2fa90f403ba7ffcf85e035dee1","type":"CompositionRelationship"},{"id":"id-820e3b6bb9864c0ea98606117075f3d9","sourceId":"id-314936efc1e4474eafd20533e0653bc2","targetId":"id-fce4cb9722f54af1a7b6050557fd0cc0","type":"CompositionRelationship"},{"id":"id-b9d1a7daa176457a835525cc97709f12","sourceId":"id-314936efc1e4474eafd20533e0653bc2","targetId":"id-d1a12fe4dc2f46bfb7d3880193b6e235","type":"CompositionRelationship"},{"id":"id-f04548f14b9e4116a516d0a2b1d32464","sourceId":"id-446a138ec0084618ab84869660596a5b","targetId":"id-1357c1384c7f44ec8933e394d9287a07","type":"CompositionRelationship"},{"id":"id-6266e4ffb18948ef95d50af40aff7e4c","sourceId":"id-446a138ec0084618ab84869660596a5b","targetId":"id-02e60e06097d44b3b2bf070aefb65fbc","type":"CompositionRelationship"},{"id":"id-5ba0357d38a1475792f47bd541e9b53e","sourceId":"id-9403c4971e7e426588d59857a8e0dda6","targetId":"id-f17bb0ebe9974dd9ad1ff7e557ee59d1","type":"CompositionRelationship"},{"id":"id-af8d334feb834ad4bd396eecbccdedcc","sourceId":"id-314936efc1e4474eafd20533e0653bc2","targetId":"id-1df71a4a62dc4518a6e3df777b7510ff","type":"CompositionRelationship"},{"id":"id-019de8842d274595bc82b9cc8ce5c9b7","sourceId":"id-314936efc1e4474eafd20533e0653bc2","targetId":"id-20df4e3d189a4276a7a677a2b2551c01","type":"CompositionRelationship"},{"id":"id-1e89c0e8892d479e94560018dc5c1c54","sourceId":"id-3a35743ef7f34b2784705416a9624f0a","targetId":"id-a998d5a02921407299d6220c16b593a9","type":"CompositionRelationship"},{"id":"id-14a48f5ccc384a5191dbc8e77edf8448","sourceId":"id-8a4556edde464d2792c9bd8937f318b2","targetId":"id-df96d5dcfac04f1b895f1da8a0083ee8","type":"CompositionRelationship"},{"id":"id-03e4186ebb7345c9bb1220589e9a2dbf","sourceId":"id-8a4556edde464d2792c9bd8937f318b2","targetId":"id-8c442390068740df9cee27dd3fbc3c21","type":"CompositionRelationship"},{"id":"id-871f5526835b4f39a981d9d92f0e9e59","sourceId":"id-446a138ec0084618ab84869660596a5b","targetId":"id-f63c54aa48464946861c19ce7d727af9","type":"CompositionRelationship"},{"id":"id-016d1e6d63144e419eae06ffb007e995","sourceId":"id-8a4556edde464d2792c9bd8937f318b2","targetId":"id-50576b0249a5427580d18bc1765cff00","type":"CompositionRelationship"},{"id":"id-b1229edfda284501b34130cbdd687672","sourceId":"id-8a4556edde464d2792c9bd8937f318b2","targetId":"id-eec37870ddaa4e18874a0785e5b01015","type":"CompositionRelationship"},{"id":"id-7cb59aa402934def9e88be83cfb52249","sourceId":"id-f60a21894ea84c44849fc33cdfd1cbd9","targetId":"id-c068e8b8c9c140d2bee017405306bf26","type":"CompositionRelationship"},{"id":"id-fecbf559e9804df28cb10b9646a1b904","sourceId":"id-8a4556edde464d2792c9bd8937f318b2","targetId":"id-2fa694a223f24f7b8563a1db881b5c28","type":"CompositionRelationship"},{"id":"id-2349889bdf9a46d4a8ed2b99ea487413","sourceId":"id-1c6c4d93fdf447c6ae564987eab294d7","targetId":"id-85510af941a9409eb564086d9beea5c3","type":"CompositionRelationship"},{"id":"id-9098e8af2b0e47b98c185c8d8badfd00","sourceId":"id-1c6c4d93fdf447c6ae564987eab294d7","targetId":"id-1ae3f759bda44e93814b76a2145ad472","type":"CompositionRelationship"},{"id":"id-74f20c1dbe9f4e7e94b617a9d720cc7c","sourceId":"id-1c6c4d93fdf447c6ae564987eab294d7","targetId":"id-25de6719034d48ca8d13f629571b3b15","type":"CompositionRelationship"},{"id":"id-e0bbf4e4fd1b47a5accfb6829ed039ae","sourceId":"id-5baed0474eb643769743d7a260b40003","targetId":"id-25de6719034d48ca8d13f629571b3b15","type":"CompositionRelationship"},{"id":"id-ae35d4ec34e54d18810df69ea81ca735","sourceId":"id-5baed0474eb643769743d7a260b40003","targetId":"id-a8ca1687519f4768989d85b2650826cf","type":"CompositionRelationship"},{"id":"id-bf398fbdd744423796e2d0382a95df05","sourceId":"id-a8ca1687519f4768989d85b2650826cf","targetId":"id-25de6719034d48ca8d13f629571b3b15","type":"CompositionRelationship"},{"id":"id-f74dfa43dd0f4ed9926730425cb71785","sourceId":"id-5baed0474eb643769743d7a260b40003","targetId":"id-1079c084f82141e383a1e2f487a27754","type":"CompositionRelationship"}],"views":[{"id":"id-c3411b4551e646949450dc28200bba30","name":"Option 1 - Functional view","viewpoint":""},{"id":"id-200a497fb2af4d7ba26fefee39946de9","name":"Option 1 - Impact on components","viewpoint":""}]}