{"identifier":"https://me.big.tuwien.ac.at/EAModelSet/id-8d57243ff9f94eaeaad5033a98122432","archimateId":"id-8d57243ff9f94eaeaad5033a98122432","name":"archimate_sample","description":"","formats":["XML","CSV","JSON","ARCHIMATE"],"source":"GitHub","sourceFile":"raw-data/github/archimate/sample.archimate","sourceFormat":"ARCHIMATE","timestamp":"29-06-2023 09:30:03","tags":[],"duplicates":[],"language":"ru","elements":[{"id":"id-2f1d1251f24e4b489f469eeb2b4c6915","name":"Пользователь","type":"BusinessActor","layer":"business"},{"id":"id-024931dab4074974b95c8887ec6c546d","name":"Сотрудник хочет изменить товар","type":"BusinessEvent","layer":"business"},{"id":"id-2994373509b84dce8ace7bfb624389ea","name":"Сотрудник хочет отредактировать магазин","type":"BusinessEvent","layer":"business"},{"id":"id-58439f8db83a41eea812013d47606265","name":"Сотрудник хочет изменить остаток","type":"BusinessEvent","layer":"business"},{"id":"id-2cf0b5837eb845e4822557fd11abd514","name":"Сотрудник Бэк офиса","type":"BusinessRole","layer":"business"},{"id":"id-ea346c2b2ef14e0b9a5870687d5e5a00","name":"Редактировать магазин","type":"BusinessProcess","layer":"business"},{"id":"id-ac4452260274487e94a327757508bfcd","name":"Магазин отредактирован","type":"BusinessEvent","layer":"business"},{"id":"id-72a3d2b850da4209aff65ff7a78eee97","name":"Магазин","type":"BusinessObject","layer":"business"},{"id":"id-2663dc0cf52e4701aa572e1da863251b","name":"Сотрудник хочет отредактировать товар","type":"BusinessEvent","layer":"business"},{"id":"id-fa729d410f214d3f8a14995b98ea0e21","name":"Редактировать товар","type":"BusinessProcess","layer":"business"},{"id":"id-2d1f9bc32a4b40659e3bf1cfc790dbe9","name":"Товар отредактирован","type":"BusinessEvent","layer":"business"},{"id":"id-b26eda1288ae41e183aa034e8fdd5af1","name":"Товар","type":"BusinessObject","layer":"business"},{"id":"id-0055bcd27e9e49b1917d19d00eead5e1","name":"Сотрудник хочет отредактировать остаток","type":"BusinessEvent","layer":"business"},{"id":"id-0ad96e7ab9c14535a09eda18d914732a","name":"Редактировать остаток","type":"BusinessProcess","layer":"business"},{"id":"id-11e09497a4264d839a5fbe752d91cece","name":" Остаток отредактирован","type":"BusinessEvent","layer":"business"},{"id":"id-ab869d5361ac413db6cfeb51045e7dba","name":"Остаток","type":"BusinessObject","layer":"business"},{"id":"id-ad0ee72e81e74104a9f829722abf5636","name":"Пользователь","type":"BusinessActor","layer":"business"},{"id":"id-c15197b8ff4e4f41af426483da120bfb","name":"Незарегистрированный пользователь","type":"BusinessRole","layer":"business"},{"id":"id-aa2741c7460547a8a4124fec83d99a66","name":"Пользователь хочет посмотреть информацию о товаре","type":"BusinessEvent","layer":"business"},{"id":"id-313628e17fc34c9b8ccf62e9e4b1f984","name":"Посмотреть описание товара","type":"BusinessProcess","layer":"business"},{"id":"id-b45f816fb1084339b52010ca403ed659","name":"Посмотреть остаток товара","type":"BusinessProcess","layer":"business"},{"id":"id-bab96920839f49d7acd772678da0d502","name":"Посмотреть описание магазина","type":"BusinessProcess","layer":"business"},{"id":"id-e6e5f670c9304b4f8e2c64691f0e2e17","name":"Пользователь","type":"BusinessActor","layer":"business"},{"id":"id-6a32174c54ba4517b86295526e701146","name":"Зарегистрированный пользователь","type":"BusinessRole","layer":"business"},{"id":"id-74ff4eedfbd64032b18f847c66e1b09f","name":"Пользователь хочет оставить отзыв о товаре","type":"BusinessEvent","layer":"business"},{"id":"id-e20320b6a83244e7b749d20bf5c575c4","name":"Оставить отзыв о товаре","type":"BusinessProcess","layer":"business"},{"id":"id-22a3eec68bcc433dbde825df7f7939b7","name":"Отзыв о товаре","type":"BusinessObject","layer":"business"},{"id":"id-820daefd2e224ebca3aba6c3ae937a45","name":"Отзыв о товаре оставлен","type":"BusinessEvent","layer":"business"},{"id":"id-f0add62750804973b91427f67a915af9","name":"Пользователь хочет посмотреть отзыв о товаре","type":"BusinessEvent","layer":"business"},{"id":"id-aadd3f65eed1465a9cc3d131ddaabf6e","name":"посмотреть отзыв о товаре","type":"BusinessProcess","layer":"business"},{"id":"id-4a6cf59a65e84a8cbf13790108dfae0c","name":"Отзыв о товаре (copy)","type":"BusinessObject","layer":"business"},{"id":"id-089cd5d11c254c99a822b973554330b3","name":"Отзыв о товаре оставлен (copy)","type":"BusinessEvent","layer":"business"},{"id":"id-8fed0365f2d7472698382b92177bd001","name":"Пользователь хочет оставить отзыв о магазине","type":"BusinessEvent","layer":"business"},{"id":"id-2187bfbd8077409780eca1e54ad7c062","name":"Оставить отзыв о магазине","type":"BusinessProcess","layer":"business"},{"id":"id-338214652a174a5d9bee81ecdf2b3902","name":"Отзыв о магазине","type":"BusinessObject","layer":"business"},{"id":"id-bd27e9db5f0c40e488a4daf2c4a638a4","name":"Отзыв о магазине оставлен","type":"BusinessEvent","layer":"business"},{"id":"id-57f13341bf1b423881e74dec89a87cba","name":"Пользователь хочет посмотреть отзыв о магазине","type":"BusinessEvent","layer":"business"},{"id":"id-555561976e2b4e9ab7d8d13730041f46","name":"посмотреть отзыв о магазине","type":"BusinessProcess","layer":"business"},{"id":"id-6046dec88ca046438ec2ae3bb4e2e64b","name":"Сервис Товаров","type":"BusinessService","layer":"business"},{"id":"id-c27551d5105e4bfc9f78da6e80b7d07e","name":"Сервис Остатков","type":"BusinessService","layer":"business"},{"id":"id-8be3f99520ae4f80ae3d87d1895be8f3","name":"Сервис Магазинов","type":"BusinessService","layer":"business"},{"id":"id-3bd022773798462abf0b258dc9a706e5","name":"Сервис Отзывов о товаре","type":"BusinessService","layer":"business"},{"id":"id-70f9aa4f8a994e55af23015eb0e41bef","name":"Сервис Отзывов о магазине","type":"BusinessService","layer":"business"},{"id":"id-058cb1382a564cbd9699b737b76df001","name":"myApp","type":"ApplicationComponent","layer":"application"},{"id":"id-a6a6b439ce95496f95b139be8ee15d44","name":"Сотрудник хочет отредактировать товар","type":"ApplicationEvent","layer":"application"},{"id":"id-9315e55c809747429faa8d065b3ed52b","name":"Найти товар","type":"ApplicationProcess","layer":"application"},{"id":"id-310c5d93c254491093d3fda076f098f8","name":"Ввести значения полей товара","type":"ApplicationProcess","layer":"application"},{"id":"id-8bcd76ee5f534df1921d13442eca088a","name":"Сохранить","type":"ApplicationProcess","layer":"application"},{"id":"id-ab709e2ba8ac472da2d1ed322a2e7c19","name":"Товар отредактирован","type":"ApplicationEvent","layer":"application"},{"id":"id-c66451a40b364027bdd869a55397eff8","name":"","type":"ApplicationProcess","layer":"application"},{"id":"id-a03d45082c0741a7931c722323f8d08d","name":"Сотрудник хочет отредактировать магазин","type":"ApplicationEvent","layer":"application"},{"id":"id-ccc4f211566f497cb9b464d6279a8d76","name":"Найти магазин","type":"ApplicationProcess","layer":"application"},{"id":"id-6801aff1ecbf4ecebd0022ec52441a48","name":"Ввести значения полей магазина","type":"ApplicationProcess","layer":"application"},{"id":"id-774b64d6dfd145549234057fe29c3f93","name":"Сохранить","type":"ApplicationProcess","layer":"application"},{"id":"id-2f455cc20ce94bb5aaeb09f331e67077","name":"Магазин отредактирован","type":"ApplicationEvent","layer":"application"},{"id":"id-be35e3d7996a49ddadb6d81f14d0cf44","name":"","type":"ApplicationProcess","layer":"application"},{"id":"id-1e9f1f4293744ed38eecd6d3809bf808","name":"Сотрудник хочет отредактировать остаток","type":"ApplicationEvent","layer":"application"},{"id":"id-2fd1b86d9cae4646be10748445653b3c","name":"Найти Товар","type":"ApplicationProcess","layer":"application"},{"id":"id-772c1dead001459c95d5d7556d020f2b","name":"Ввести остаток","type":"ApplicationProcess","layer":"application"},{"id":"id-b60443e82de64d53ab29d89d481017eb","name":"Сохранить ","type":"ApplicationProcess","layer":"application"},{"id":"id-b653978aaea544a78b5f46b72815834f","name":"Остаток отредактирован","type":"ApplicationEvent","layer":"application"},{"id":"id-f60404457e564d6ab43de280ede32849","name":"","type":"ApplicationProcess","layer":"application"},{"id":"id-02f8beb75c6a48c9b26077fc7ac50390","name":"Back Office интерфейс","type":"ApplicationService","layer":"application"},{"id":"id-10b50e40ddf3485789e6e4a7683b91a3","name":"Сервис товаров","type":"ApplicationService","layer":"application"},{"id":"id-12c09aae9a0a4d6198c41ce2322e2c31","name":"Сервис магазинов","type":"ApplicationService","layer":"application"},{"id":"id-9e7d98b780114b25ad5b10a4e2b7639c","name":"Сервис Остатков","type":"ApplicationService","layer":"application"},{"id":"id-b7a91671795343f483e9d64f6f09f1b4","name":"Товар","type":"DataObject","layer":"application"},{"id":"id-9dfe507f446449c0adaa37586e516ee9","name":"id","type":"DataObject","layer":"application"},{"id":"id-9351e24b2b294c3489f8ec9885b3a16d","name":"наименование","type":"DataObject","layer":"application"},{"id":"id-9fe4a70e47d74aec815f6eba932f3936","name":"цена","type":"DataObject","layer":"application"},{"id":"id-a5c7a4a090b44bf4b6a9a6c71493c5c1","name":"Магазин","type":"DataObject","layer":"application"},{"id":"id-fdf2af6ba3144529ace0e0c3d8151ba8","name":"id","type":"DataObject","layer":"application"},{"id":"id-b20328f70ae44a298e299e657f607453","name":"адрес","type":"DataObject","layer":"application"},{"id":"id-adbd634096364a72a4237e3c29f43cee","name":"цена (copy)","type":"DataObject","layer":"application"},{"id":"id-0048997c1d304f19b354d2a5377f67f7","name":"Остаток","type":"DataObject","layer":"application"},{"id":"id-9b288481b573463aad471666a735d4cc","name":"id","type":"DataObject","layer":"application"},{"id":"id-d98d9badfa5b4834a32d9602202e05be","name":"id магазина","type":"DataObject","layer":"application"},{"id":"id-de0713e643804939a9cb829383407df4","name":"id товара","type":"DataObject","layer":"application"},{"id":"id-800742ac749647f4ae460c87e75390d8","name":"кол-во","type":"DataObject","layer":"application"},{"id":"id-31731d8629e64fa3bdb78ea25df3d056","name":"Найти магазин","type":"ApplicationProcess","layer":"application"},{"id":"id-3a9a8aefeff44c17921c2acb2c3d961b","name":"Бэкенд Бэк Офиса(товары, магазины, остатки)","type":"ApplicationComponent","layer":"application"},{"id":"id-81ca773b9f384a259c01f0437b9ec55a","name":"Бэкенд магазинов","type":"ApplicationComponent","layer":"application"},{"id":"id-510eeef7c8b343e7a16d3a0fef02eddc","name":"Бэкенд остатков","type":"ApplicationComponent","layer":"application"},{"id":"id-26d001079a5e453c8a1b3c8fafdb7dc2","name":"","type":"ApplicationProcess","layer":"application"},{"id":"id-501923e85fe948f7bad7748f91cc1afc","name":"Пользователь хочет оставить отзыв о товаре","type":"ApplicationEvent","layer":"application"},{"id":"id-a4e2d09e79b346488a925bc165bbcff3","name":"Найти товар","type":"ApplicationProcess","layer":"application"},{"id":"id-cd02042aba5343f8949c9342d09d7ce9","name":"Ввести текст отзыва","type":"ApplicationProcess","layer":"application"},{"id":"id-4b1c4a87616944598acea976edcc8660","name":"Сохранить","type":"ApplicationProcess","layer":"application"},{"id":"id-ce5782917229438898333f7bbb7dff03","name":"Отзыв о товаре оставлен","type":"ApplicationEvent","layer":"application"},{"id":"id-ff581b8988c44e16a444c7f00d7b7a6d","name":"","type":"ApplicationProcess","layer":"application"},{"id":"id-db263d30e5fa4658b225bdabd27f1405","name":"Пользователь хочет оставить отзыв о магазине","type":"ApplicationEvent","layer":"application"},{"id":"id-7ac9478c3e8d402cb4162eed193f6427","name":"Найти магазин","type":"ApplicationProcess","layer":"application"},{"id":"id-9d99a1f24f5a4ed8a9095e4f2071fb8f","name":"Ввести текст отзыва","type":"ApplicationProcess","layer":"application"},{"id":"id-f777161b442b45ebb6cf9db02dff92c4","name":"Сохранить","type":"ApplicationProcess","layer":"application"},{"id":"id-ffe4b440d828417d86e633d5d35734d6","name":"Отзыв о магазине оставлен","type":"ApplicationEvent","layer":"application"},{"id":"id-22c5866c75524ad893d26edbdee5c7f5","name":"Front Office интерфейс","type":"ApplicationService","layer":"application"},{"id":"id-5f8e03513f504c60a40f7ba0dc17272d","name":"Front Office интерфейс (copy)","type":"ApplicationService","layer":"application"},{"id":"id-9111114c83af466484b80dc761c98840","name":"","type":"ApplicationComponent","layer":"application"},{"id":"id-8e04737156eb49abab1fd109c06c6bc4","name":"Веб сайт","type":"ApplicationComponent","layer":"application"},{"id":"id-4b954f50656e430dbf6427e2ce3e7978","name":"Мобильное приложение","type":"ApplicationComponent","layer":"application"},{"id":"id-4e175335aa964455b5d34b7a2b12a944","name":"Отзыв о товаре","type":"DataObject","layer":"application"},{"id":"id-bb48a648431544979f51ca5d4d4f4593","name":"id","type":"DataObject","layer":"application"},{"id":"id-c73d125072624708816b51e1c96b0e8b","name":"текст","type":"DataObject","layer":"application"},{"id":"id-b4f55e17498b4ad09dddd6448b70a7d0","name":"id товара","type":"DataObject","layer":"application"},{"id":"id-dbba504987d54cc88be43c6d631246eb","name":"Отзыв о магазине","type":"DataObject","layer":"application"},{"id":"id-cce1fb67316748c68bd45d15e55ac176","name":"id","type":"DataObject","layer":"application"},{"id":"id-9b8a78e7945a4554a2279cde22fe5b41","name":"текст","type":"DataObject","layer":"application"},{"id":"id-51e5e18c0c1f4f5f96b1d0e2318c87c3","name":"id магазина","type":"DataObject","layer":"application"},{"id":"id-4c3d80e12995406390513b50fdab1c35","name":"Сервис Отзывов о товаре","type":"ApplicationService","layer":"application"},{"id":"id-903f80909b6441eb9cd25875ff255433","name":"Сервис Отзывов о магазине","type":"ApplicationService","layer":"application"},{"id":"id-0224eca81f4e4fe7bbfba414b4f0b68d","name":"Бэкенд отзывов о товаре и магазинах","type":"ApplicationComponent","layer":"application"},{"id":"id-751c99596b414d579291b8a77ce61e24","name":"Бэкенд отзывов о магазине","type":"ApplicationComponent","layer":"application"},{"id":"id-4b7021d836b04297813116575e0fb600","name":"Веб сайт","type":"ApplicationComponent","layer":"application"},{"id":"id-517cb42a8e20421aa7220df532124ad0","name":"api","type":"ApplicationInterface","layer":"application"},{"id":"id-1faf7581325c48bbbc1aba6d511b53fb","name":"api","type":"ApplicationInterface","layer":"application"},{"id":"id-78acc68deccb490e8b874e7eb90aa06e","name":"Кеш Товаров","type":"ApplicationComponent","layer":"application"},{"id":"id-07f5662db884447aa697cb68495d7eaf","name":"Кеш Магазинов","type":"ApplicationComponent","layer":"application"},{"id":"id-aac6b655277d4ad9a4cf0d20ab9d7e4c","name":"api","type":"ApplicationInterface","layer":"application"},{"id":"id-d54db180b2344beda1d9db777545df5c","name":"api","type":"ApplicationInterface","layer":"application"},{"id":"id-d375d019a9744c379eb8010bcd6e3c03","name":"api","type":"ApplicationInterface","layer":"application"},{"id":"id-f0b29b5fa07347dba89bf66dfc209fcf","name":"БД магазинов","type":"ApplicationComponent","layer":"application"},{"id":"id-3b25c89fc53b487a961469bda2349ee8","name":"БД остатков","type":"ApplicationComponent","layer":"application"},{"id":"id-aa0ae1e50f76484f8a1f462a56b4b751","name":"БД товаров, магазинов, остатков","type":"ApplicationComponent","layer":"application"},{"id":"id-3ace88ab71c8427b9e2f33a782be46b0","name":"БД отзывов о товаре","type":"ApplicationComponent","layer":"application"},{"id":"id-b9e278400aff43a48e6671101ba3d882","name":"БД отзывов о магазине","type":"ApplicationComponent","layer":"application"},{"id":"id-5802a81ca0804d8f83134884ed7311b0","name":"Кеш Остатков","type":"ApplicationComponent","layer":"application"},{"id":"id-a1a27bcfba414e47acafe8d13c45167d","name":"MyHardwareServer","type":"Node","layer":"technology"},{"id":"id-ea4b29f8c8c4413a90b9aa89adc0bba0","name":"MyHardwareServer 2","type":"Node","layer":"technology"},{"id":"id-58f3cfa42f3a4c11b3ea6ed8cda44d8c","name":"БД Товаров","type":"Node","layer":"technology"},{"id":"id-9d28cc650dcb41a0b47a4ec5601a1b14","name":"Таблица товаров","type":"Artifact","layer":"technology"},{"id":"id-a38c7e92378f4f87a481e1edb20293fd","name":"Таблица магазинов","type":"Artifact","layer":"technology"},{"id":"id-50fa23dc2903400b93aab56a2a278c17","name":"Таблица остатков","type":"Artifact","layer":"technology"},{"id":"id-142e06d6fca44ddb86d84457f4b0e158","name":"Server_1","type":"Device","layer":"technology"},{"id":"id-c2acb67e74394aa083cfa819366bd2f8","name":"Postgresql","type":"SystemSoftware","layer":"technology"},{"id":"id-a8be84221c314221a1eb23fe5a81af3d","name":"docker","type":"SystemSoftware","layer":"technology"},{"id":"id-98fa4cb44c4e4113ac191b3e90d0c5ed","name":"ip_1:5432","type":"TechnologyInterface","layer":"technology"},{"id":"id-a6cd2cd275da47ce802d8b30dc43031f","name":"БД магазинов","type":"Node","layer":"technology"},{"id":"id-db6b8b4a62b0477b80fa780b7aef729d","name":"Server_2","type":"Device","layer":"technology"},{"id":"id-8b6f39dee9b44215b30442bccf837b2a","name":"Postgresql","type":"SystemSoftware","layer":"technology"},{"id":"id-51f932ae82034edb92719ea911805d81","name":"docker","type":"SystemSoftware","layer":"technology"},{"id":"id-e68f6d7902e9440595880271306017f6","name":"ip_2:5432","type":"TechnologyInterface","layer":"technology"},{"id":"id-66ef99b147334aaaa3a3e8504bd73648","name":"БД остатков","type":"Node","layer":"technology"},{"id":"id-a13a3222e26b4dc982c2048543538592","name":"Server_3","type":"Device","layer":"technology"},{"id":"id-4186eead7cef44ecba6be13f140df988","name":"Postgresql","type":"SystemSoftware","layer":"technology"},{"id":"id-73b7156f205746378f84929320ae340a","name":"docker","type":"SystemSoftware","layer":"technology"},{"id":"id-7db66ba90c254c07918576818f269666","name":"ip_3:5432","type":"TechnologyInterface","layer":"technology"},{"id":"id-1f50a84769ca4e3a8b5c7ed594d28e6d","name":"Кеш","type":"Node","layer":"technology"},{"id":"id-83174f4de7354e93918fc9c876739d07","name":"Redis","type":"SystemSoftware","layer":"technology"},{"id":"id-76618da9a044406a9d4937bc29b36036","name":"docker","type":"SystemSoftware","layer":"technology"},{"id":"id-263b79bb9cb74b65875960b304fc0551","name":"Server_4","type":"Device","layer":"technology"},{"id":"id-3184cf79f6ea4a2289e5b21f7b96ef40","name":"ip_4:6379","type":"TechnologyInterface","layer":"technology"},{"id":"id-0ee8471c392748e89c8ace3df521154a","name":"БД отзывов","type":"Node","layer":"technology"},{"id":"id-399b17b310d64af28cf5715cc42a0e18","name":"Server_5","type":"Device","layer":"technology"},{"id":"id-89d96c6201f448f9b1840b5ce4de3d74","name":"Postgresql","type":"SystemSoftware","layer":"technology"},{"id":"id-b54c24500da0419782b5c51ef922c866","name":"ip_5:5432","type":"TechnologyInterface","layer":"technology"},{"id":"id-00ddb83ebcf44299904768232d9576d7","name":"Таблица отзывов о товаре","type":"Artifact","layer":"technology"},{"id":"id-ecdfbc01224c47038885196c90b7394c","name":"Таблица отзывов о магазине","type":"Artifact","layer":"technology"},{"id":"id-d3cec4740207443c813babfb1bf39be9","name":"Браузер","type":"Node","layer":"technology"},{"id":"id-2277ea42604d402bbd8c6f5b903aab84","name":"Сервер Статики","type":"Node","layer":"technology"},{"id":"id-19e7fab82c8a43c586339cc56bfecd24","name":"nginx","type":"SystemSoftware","layer":"technology"},{"id":"id-25103819efe3468ea283d21af1c54078","name":"Server_6","type":"Device","layer":"technology"},{"id":"id-92fbec799e98461bbe83704767307c3e","name":"ip_6:8080","type":"TechnologyInterface","layer":"technology"},{"id":"id-d6309f8e864b4ee9857f22c1f2569474","name":" телефон пользователя","type":"Node","layer":"technology"},{"id":"id-aca48332bb8f40be850a5631b20c1694","name":"android","type":"SystemSoftware","layer":"technology"},{"id":"id-d26b7cc33ca94a939aab5ac3a983fb39","name":"huawei","type":"Device","layer":"technology"},{"id":"id-9052e4d1b97d40cabd76c3011d9efb5d","name":"Бэкенд Бэк Офиса   (товары, магазины, остатки)","type":"Node","layer":"technology"},{"id":"id-be27651f8923425eacdf57be4d93863d","name":"Path","type":"Path","layer":"technology"},{"id":"id-3e614828ddf5485287f9c7904594361c","name":"docker (copy)","type":"SystemSoftware","layer":"technology"},{"id":"id-ebaa88240aa1451e81f55e47b85033d0","name":"docker","type":"SystemSoftware","layer":"technology"},{"id":"id-ed573a1664d34b3e8389ed100b1b1372","name":"Бэкенд Магазинов","type":"Node","layer":"technology"},{"id":"id-87b07a30cb3b410db09bdee20d2e309a","name":"Бэкенд Остатков","type":"Node","layer":"technology"},{"id":"id-9c558f0acf634a11951c53935c0c7521","name":"Бэкенд Отзывов","type":"Node","layer":"technology"},{"id":"id-d55f3ea39b264c06b8598eff84c5d6aa","name":"Server_7","type":"Device","layer":"technology"},{"id":"id-652d3f1c6bc34ddfa35e71951a8219e6","name":"Server_8","type":"Device","layer":"technology"},{"id":"id-7296d44f73d94ae19ad6aa3db8f293b7","name":"Server_9","type":"Device","layer":"technology"},{"id":"id-caf3cc10631547c2a6273b26abc67d98","name":"Server_10","type":"Device","layer":"technology"},{"id":"id-a76e9244b753495da68f637e08ce2faa","name":"JVM","type":"SystemSoftware","layer":"technology"},{"id":"id-cd34814b5d394c6180b6f89c844bc7b9","name":"ip_7:443","type":"TechnologyInterface","layer":"technology"},{"id":"id-4ab2eeb079d84475a887d57c64644cb4","name":"ip_8:443","type":"TechnologyInterface","layer":"technology"},{"id":"id-eebbb5488d644068b938b33cf2174da5","name":"ip_9:443","type":"TechnologyInterface","layer":"technology"},{"id":"id-b540326ca4f0477fa4837c54140af1e5","name":"ip_10:443","type":"TechnologyInterface","layer":"technology"},{"id":"id-9b28f6b8bf774b9a8b6b7c952a57ba16","name":"Messanging Service","type":"TechnologyService","layer":"technology"},{"id":"id-33481975c68b43d2bbb4520311d2fa2b","name":"Message Broker","type":"Node","layer":"technology"},{"id":"id-03e948e78b64498f91b7509b9b93712c","name":"Kafka","type":"SystemSoftware","layer":"technology"},{"id":"id-9dd90b3ccd3140789895b2c8a79dcd07","name":"Server_11","type":"Device","layer":"technology"},{"id":"id-3792bc4e93aa4f22a411751766c628b2","name":"Топик товаров","type":"Artifact","layer":"technology"},{"id":"id-4e6189930fb842d59016dd993420286e","name":"Топик магазинов","type":"Artifact","layer":"technology"},{"id":"id-3ca79cfb02a94d31aa92d3593ae72068","name":"ip_11:9092","type":"TechnologyInterface","layer":"technology"},{"id":"id-6ba0831aba074641a70b1ffcc044aa08","name":"Kafka Connect Redis sink connector","type":"Node","layer":"technology"},{"id":"id-04249a35bc4345debf1a6b9017080305","name":"Server_12","type":"Device","layer":"technology"},{"id":"id-9e25fae507264a9e8e99e5bf665b46c8","name":"Топик Остатков","type":"Artifact","layer":"technology"},{"id":"id-eaa6c46f23ae4012807ea3dbded8d0cb","name":"Kafka Connect Redis sink connector","type":"SystemSoftware","layer":"technology"}],"relationships":[{"id":"id-c692f29e21384f7da2bff42ff6f9d0cc","sourceId":"id-2f1d1251f24e4b489f469eeb2b4c6915","targetId":"id-2994373509b84dce8ace7bfb624389ea","type":"AssociationRelationship"},{"id":"id-a0d70d9962574f5c85b5a32278a19376","sourceId":"id-2f1d1251f24e4b489f469eeb2b4c6915","targetId":"id-2cf0b5837eb845e4822557fd11abd514","type":"AssignmentRelationship"},{"id":"id-47a273946b1e4696916390a720481a01","sourceId":"id-2994373509b84dce8ace7bfb624389ea","targetId":"id-ea346c2b2ef14e0b9a5870687d5e5a00","type":"TriggeringRelationship"},{"id":"id-11dc6d2fe4e74afeb13dee9b7cda37bc","sourceId":"id-ea346c2b2ef14e0b9a5870687d5e5a00","targetId":"id-ac4452260274487e94a327757508bfcd","type":"TriggeringRelationship"},{"id":"id-b9e901ca1db3450d92f51e448c0250ac","sourceId":"id-ea346c2b2ef14e0b9a5870687d5e5a00","targetId":"id-72a3d2b850da4209aff65ff7a78eee97","type":"AccessRelationship"},{"id":"id-bd504662da0542cea0c965eaa3cb4cfd","sourceId":"id-2663dc0cf52e4701aa572e1da863251b","targetId":"id-fa729d410f214d3f8a14995b98ea0e21","type":"TriggeringRelationship"},{"id":"id-8c47cdc6b107489b9d09ce224c8395bc","sourceId":"id-fa729d410f214d3f8a14995b98ea0e21","targetId":"id-2d1f9bc32a4b40659e3bf1cfc790dbe9","type":"TriggeringRelationship"},{"id":"id-23e55e567cc542aab7c4ec605d406b47","sourceId":"id-fa729d410f214d3f8a14995b98ea0e21","targetId":"id-b26eda1288ae41e183aa034e8fdd5af1","type":"AccessRelationship"},{"id":"id-852ed05aefac4474af0f8375666d8163","sourceId":"id-2f1d1251f24e4b489f469eeb2b4c6915","targetId":"id-2663dc0cf52e4701aa572e1da863251b","type":"AssociationRelationship"},{"id":"id-65159618c2e24578bf0a7c30237c50f1","sourceId":"id-0055bcd27e9e49b1917d19d00eead5e1","targetId":"id-0ad96e7ab9c14535a09eda18d914732a","type":"TriggeringRelationship"},{"id":"id-b5e1a15bdd154331838dee35cc0d627e","sourceId":"id-0ad96e7ab9c14535a09eda18d914732a","targetId":"id-11e09497a4264d839a5fbe752d91cece","type":"TriggeringRelationship"},{"id":"id-da2e50eb05aa47dfb0d5b1076c4cb41e","sourceId":"id-0ad96e7ab9c14535a09eda18d914732a","targetId":"id-ab869d5361ac413db6cfeb51045e7dba","type":"AccessRelationship"},{"id":"id-ab5020748d684265a2bd244ffc9e38df","sourceId":"id-2f1d1251f24e4b489f469eeb2b4c6915","targetId":"id-0055bcd27e9e49b1917d19d00eead5e1","type":"AssociationRelationship"},{"id":"id-7e065e60b1f947f1a0fa0b4052ea7fdd","sourceId":"id-ad0ee72e81e74104a9f829722abf5636","targetId":"id-c15197b8ff4e4f41af426483da120bfb","type":"AssignmentRelationship"},{"id":"id-12e0287cfa3d4ec8861d416ed201493c","sourceId":"id-ad0ee72e81e74104a9f829722abf5636","targetId":"id-aa2741c7460547a8a4124fec83d99a66","type":"AssociationRelationship"},{"id":"id-c91d7116851448ff8ca09c3b15902a38","sourceId":"id-aa2741c7460547a8a4124fec83d99a66","targetId":"id-313628e17fc34c9b8ccf62e9e4b1f984","type":"TriggeringRelationship"},{"id":"id-ee511f110662420492ad1d96cebd9dc6","sourceId":"id-313628e17fc34c9b8ccf62e9e4b1f984","targetId":"id-b45f816fb1084339b52010ca403ed659","type":"CompositionRelationship"},{"id":"id-6196b3b956fc40a486da802a2d5ccfbb","sourceId":"id-313628e17fc34c9b8ccf62e9e4b1f984","targetId":"id-bab96920839f49d7acd772678da0d502","type":"CompositionRelationship"},{"id":"id-6a53c636f0594f14bf87b2274dd90163","sourceId":"id-313628e17fc34c9b8ccf62e9e4b1f984","targetId":"id-b26eda1288ae41e183aa034e8fdd5af1","type":"AccessRelationship"},{"id":"id-0d247ae812134e92b549951b76ae940d","sourceId":"id-bab96920839f49d7acd772678da0d502","targetId":"id-72a3d2b850da4209aff65ff7a78eee97","type":"AccessRelationship"},{"id":"id-c25c418d25274c7e97432ef2e864ea63","sourceId":"id-b45f816fb1084339b52010ca403ed659","targetId":"id-ab869d5361ac413db6cfeb51045e7dba","type":"AccessRelationship"},{"id":"id-9ae8079eb94f450ba3f6e02f858a43d2","sourceId":"id-e6e5f670c9304b4f8e2c64691f0e2e17","targetId":"id-6a32174c54ba4517b86295526e701146","type":"AssignmentRelationship"},{"id":"id-bb924218eb38474bac66b253a41038d9","sourceId":"id-e6e5f670c9304b4f8e2c64691f0e2e17","targetId":"id-74ff4eedfbd64032b18f847c66e1b09f","type":"AssociationRelationship"},{"id":"id-0404e739dd044848b6d56b07e9a4be16","sourceId":"id-74ff4eedfbd64032b18f847c66e1b09f","targetId":"id-e20320b6a83244e7b749d20bf5c575c4","type":"TriggeringRelationship"},{"id":"id-46ed41ecffcf4f369d62c3bc80b3f7f6","sourceId":"id-e20320b6a83244e7b749d20bf5c575c4","targetId":"id-b26eda1288ae41e183aa034e8fdd5af1","type":"AccessRelationship"},{"id":"id-d905e9f7420e4e8e94d3465db48ec80a","sourceId":"id-e20320b6a83244e7b749d20bf5c575c4","targetId":"id-22a3eec68bcc433dbde825df7f7939b7","type":"AccessRelationship"},{"id":"id-303b47bbb81241eb829f936f8346a178","sourceId":"id-e20320b6a83244e7b749d20bf5c575c4","targetId":"id-820daefd2e224ebca3aba6c3ae937a45","type":"TriggeringRelationship"},{"id":"id-3d073273f1d84f2e951bd22bd4372815","sourceId":"id-f0add62750804973b91427f67a915af9","targetId":"id-aadd3f65eed1465a9cc3d131ddaabf6e","type":"TriggeringRelationship"},{"id":"id-613df339c050420193ab6ee93ba95a53","sourceId":"id-aadd3f65eed1465a9cc3d131ddaabf6e","targetId":"id-4a6cf59a65e84a8cbf13790108dfae0c","type":"AccessRelationship"},{"id":"id-42c8e5c48b574308af462447e4c4f8be","sourceId":"id-aadd3f65eed1465a9cc3d131ddaabf6e","targetId":"id-089cd5d11c254c99a822b973554330b3","type":"TriggeringRelationship"},{"id":"id-2f6e9efff7a94144a02cdf76185f375b","sourceId":"id-aadd3f65eed1465a9cc3d131ddaabf6e","targetId":"id-22a3eec68bcc433dbde825df7f7939b7","type":"AccessRelationship"},{"id":"id-f304dc6e505748ca87370dbbd9dfb51e","sourceId":"id-aadd3f65eed1465a9cc3d131ddaabf6e","targetId":"id-b26eda1288ae41e183aa034e8fdd5af1","type":"AccessRelationship"},{"id":"id-c770c6f2772b4da8a60dd783c126178f","sourceId":"id-e6e5f670c9304b4f8e2c64691f0e2e17","targetId":"id-f0add62750804973b91427f67a915af9","type":"AssociationRelationship"},{"id":"id-29f1976855cb43cfb8ff48a37e5c186f","sourceId":"id-e6e5f670c9304b4f8e2c64691f0e2e17","targetId":"id-aa2741c7460547a8a4124fec83d99a66","type":"AssociationRelationship"},{"id":"id-c8ab2b3dad7146ca94ed7eaa81e0f6a2","sourceId":"id-2187bfbd8077409780eca1e54ad7c062","targetId":"id-bd27e9db5f0c40e488a4daf2c4a638a4","type":"TriggeringRelationship"},{"id":"id-c1106d41ed1c4e06b53fcf78e5dfd8af","sourceId":"id-57f13341bf1b423881e74dec89a87cba","targetId":"id-555561976e2b4e9ab7d8d13730041f46","type":"TriggeringRelationship"},{"id":"id-5fd7024774184075817ae5502996b18c","sourceId":"id-555561976e2b4e9ab7d8d13730041f46","targetId":"id-338214652a174a5d9bee81ecdf2b3902","type":"AccessRelationship"},{"id":"id-1e7a2d4aeb1c422da4314db9d67a36b4","sourceId":"id-8fed0365f2d7472698382b92177bd001","targetId":"id-2187bfbd8077409780eca1e54ad7c062","type":"TriggeringRelationship"},{"id":"id-b230baf95ec04a93ac358f3ff920b88c","sourceId":"id-2187bfbd8077409780eca1e54ad7c062","targetId":"id-338214652a174a5d9bee81ecdf2b3902","type":"AccessRelationship"},{"id":"id-2bbaf47b0e494068a47635a000e6d393","sourceId":"id-2187bfbd8077409780eca1e54ad7c062","targetId":"id-72a3d2b850da4209aff65ff7a78eee97","type":"AccessRelationship"},{"id":"id-354c4d892fac4860ba0ef80518c24fb1","sourceId":"id-555561976e2b4e9ab7d8d13730041f46","targetId":"id-72a3d2b850da4209aff65ff7a78eee97","type":"AccessRelationship"},{"id":"id-46d8968b33df43b2863d20e2074590fd","sourceId":"id-b45f816fb1084339b52010ca403ed659","targetId":"id-b26eda1288ae41e183aa034e8fdd5af1","type":"AccessRelationship"},{"id":"id-d09d3df4cd364aa4a40f1832af936276","sourceId":"id-fa729d410f214d3f8a14995b98ea0e21","targetId":"id-6046dec88ca046438ec2ae3bb4e2e64b","type":"RealizationRelationship"},{"id":"id-2fdf6336f74446799a339c0355432928","sourceId":"id-313628e17fc34c9b8ccf62e9e4b1f984","targetId":"id-6046dec88ca046438ec2ae3bb4e2e64b","type":"RealizationRelationship"},{"id":"id-fa0000410f29419a9c9428f3214900b0","sourceId":"id-ea346c2b2ef14e0b9a5870687d5e5a00","targetId":"id-8be3f99520ae4f80ae3d87d1895be8f3","type":"RealizationRelationship"},{"id":"id-261c1093c423437381057747e0887625","sourceId":"id-0ad96e7ab9c14535a09eda18d914732a","targetId":"id-c27551d5105e4bfc9f78da6e80b7d07e","type":"RealizationRelationship"},{"id":"id-46169987e2184ab6b285301320428bd9","sourceId":"id-b45f816fb1084339b52010ca403ed659","targetId":"id-c27551d5105e4bfc9f78da6e80b7d07e","type":"RealizationRelationship"},{"id":"id-cb2fdb006f3e4319a0cfb80d4eb8c0a7","sourceId":"id-bab96920839f49d7acd772678da0d502","targetId":"id-8be3f99520ae4f80ae3d87d1895be8f3","type":"RealizationRelationship"},{"id":"id-ed22cbc544bd4e5696b164a87b5cf653","sourceId":"id-e20320b6a83244e7b749d20bf5c575c4","targetId":"id-3bd022773798462abf0b258dc9a706e5","type":"RealizationRelationship"},{"id":"id-bece136420a54aeeb55f21dc8240ba0b","sourceId":"id-aadd3f65eed1465a9cc3d131ddaabf6e","targetId":"id-3bd022773798462abf0b258dc9a706e5","type":"RealizationRelationship"},{"id":"id-b5a55a6467334a44973af66ee6e6bff5","sourceId":"id-2187bfbd8077409780eca1e54ad7c062","targetId":"id-70f9aa4f8a994e55af23015eb0e41bef","type":"RealizationRelationship"},{"id":"id-5f2c975bbf664019815073aa25d78392","sourceId":"id-555561976e2b4e9ab7d8d13730041f46","targetId":"id-70f9aa4f8a994e55af23015eb0e41bef","type":"RealizationRelationship"},{"id":"id-a314437e1afc4ece82c408d89a685713","sourceId":"id-a6a6b439ce95496f95b139be8ee15d44","targetId":"id-9315e55c809747429faa8d065b3ed52b","type":"TriggeringRelationship"},{"id":"id-9c3f2436fa5e41c7867ab2313db88cfc","sourceId":"id-9315e55c809747429faa8d065b3ed52b","targetId":"id-310c5d93c254491093d3fda076f098f8","type":"TriggeringRelationship"},{"id":"id-935a53f1bfea4834a5118097b9122bb5","sourceId":"id-310c5d93c254491093d3fda076f098f8","targetId":"id-8bcd76ee5f534df1921d13442eca088a","type":"TriggeringRelationship"},{"id":"id-9df019df9a9e49e5b0ac895c90324379","sourceId":"id-8bcd76ee5f534df1921d13442eca088a","targetId":"id-ab709e2ba8ac472da2d1ed322a2e7c19","type":"TriggeringRelationship"},{"id":"id-302a161b0b574daf9d57a0f9cec800d4","sourceId":"id-c66451a40b364027bdd869a55397eff8","targetId":"id-fa729d410f214d3f8a14995b98ea0e21","type":"RealizationRelationship"},{"id":"id-9494ec61c7bb480b9d44907ba4291d50","sourceId":"id-ccc4f211566f497cb9b464d6279a8d76","targetId":"id-6801aff1ecbf4ecebd0022ec52441a48","type":"TriggeringRelationship"},{"id":"id-37ddc8b15940434380904e9dabbbd966","sourceId":"id-6801aff1ecbf4ecebd0022ec52441a48","targetId":"id-774b64d6dfd145549234057fe29c3f93","type":"TriggeringRelationship"},{"id":"id-cbe94bbedbb146138fd10578aa2e850b","sourceId":"id-774b64d6dfd145549234057fe29c3f93","targetId":"id-2f455cc20ce94bb5aaeb09f331e67077","type":"TriggeringRelationship"},{"id":"id-8fb8a5db892d418bb0995af9411e457f","sourceId":"id-a03d45082c0741a7931c722323f8d08d","targetId":"id-ccc4f211566f497cb9b464d6279a8d76","type":"TriggeringRelationship"},{"id":"id-4eba066c0bd044e1a02cb1893bcf4e6c","sourceId":"id-2fd1b86d9cae4646be10748445653b3c","targetId":"id-772c1dead001459c95d5d7556d020f2b","type":"TriggeringRelationship"},{"id":"id-dd6008b2544e436283e9225753507d3f","sourceId":"id-772c1dead001459c95d5d7556d020f2b","targetId":"id-b60443e82de64d53ab29d89d481017eb","type":"TriggeringRelationship"},{"id":"id-02daf6f8aef241688eb794860d27a4a4","sourceId":"id-b60443e82de64d53ab29d89d481017eb","targetId":"id-b653978aaea544a78b5f46b72815834f","type":"TriggeringRelationship"},{"id":"id-71449e176d49476d87c1b16066c38d9f","sourceId":"id-1e9f1f4293744ed38eecd6d3809bf808","targetId":"id-2fd1b86d9cae4646be10748445653b3c","type":"TriggeringRelationship"},{"id":"id-d6c168fc59b94d989f911a1f9956fac6","sourceId":"id-be35e3d7996a49ddadb6d81f14d0cf44","targetId":"id-ea346c2b2ef14e0b9a5870687d5e5a00","type":"RealizationRelationship"},{"id":"id-afc45dcd85fd4003892ec7a765f116a5","sourceId":"id-f60404457e564d6ab43de280ede32849","targetId":"id-0ad96e7ab9c14535a09eda18d914732a","type":"RealizationRelationship"},{"id":"id-d228153599dd46cfad552a569515710a","sourceId":"id-772c1dead001459c95d5d7556d020f2b","targetId":"id-02f8beb75c6a48c9b26077fc7ac50390","type":"RealizationRelationship"},{"id":"id-ed2ef45bce0348f088928f34db8000ef","sourceId":"id-6801aff1ecbf4ecebd0022ec52441a48","targetId":"id-02f8beb75c6a48c9b26077fc7ac50390","type":"RealizationRelationship"},{"id":"id-4a2a1f2d2351417ea9603597c00d2350","sourceId":"id-310c5d93c254491093d3fda076f098f8","targetId":"id-02f8beb75c6a48c9b26077fc7ac50390","type":"RealizationRelationship"},{"id":"id-c547ad4e27b0499d9995ef22bc78574c","sourceId":"id-8bcd76ee5f534df1921d13442eca088a","targetId":"id-10b50e40ddf3485789e6e4a7683b91a3","type":"RealizationRelationship"},{"id":"id-2abb97da6c24489fb91740195cbb62ad","sourceId":"id-774b64d6dfd145549234057fe29c3f93","targetId":"id-12c09aae9a0a4d6198c41ce2322e2c31","type":"RealizationRelationship"},{"id":"id-e14cf8572a244c62948999c1dfdbf045","sourceId":"id-9315e55c809747429faa8d065b3ed52b","targetId":"id-10b50e40ddf3485789e6e4a7683b91a3","type":"RealizationRelationship"},{"id":"id-0dbc53bd8fe646e9af769873d870a162","sourceId":"id-ccc4f211566f497cb9b464d6279a8d76","targetId":"id-12c09aae9a0a4d6198c41ce2322e2c31","type":"RealizationRelationship"},{"id":"id-e53063965fc8416fa41bd1268f8e9698","sourceId":"id-b60443e82de64d53ab29d89d481017eb","targetId":"id-9e7d98b780114b25ad5b10a4e2b7639c","type":"RealizationRelationship"},{"id":"id-77f86954f01340fe9ddf088983a630ee","sourceId":"id-2fd1b86d9cae4646be10748445653b3c","targetId":"id-9e7d98b780114b25ad5b10a4e2b7639c","type":"RealizationRelationship"},{"id":"id-ec8344176c4446f3841c25b8c1747746","sourceId":"id-b7a91671795343f483e9d64f6f09f1b4","targetId":"id-9dfe507f446449c0adaa37586e516ee9","type":"CompositionRelationship"},{"id":"id-9a5c7b6d7d4e45adb48ac47a90fbc132","sourceId":"id-b7a91671795343f483e9d64f6f09f1b4","targetId":"id-9351e24b2b294c3489f8ec9885b3a16d","type":"CompositionRelationship"},{"id":"id-b9a7a38fd79349bcabdf00b3f149375e","sourceId":"id-b7a91671795343f483e9d64f6f09f1b4","targetId":"id-9fe4a70e47d74aec815f6eba932f3936","type":"CompositionRelationship"},{"id":"id-2b64025a15b547afa845d163f257e324","sourceId":"id-a5c7a4a090b44bf4b6a9a6c71493c5c1","targetId":"id-adbd634096364a72a4237e3c29f43cee","type":"CompositionRelationship"},{"id":"id-0cf046c6d64543b7ba2b6b410e3ab00a","sourceId":"id-a5c7a4a090b44bf4b6a9a6c71493c5c1","targetId":"id-b20328f70ae44a298e299e657f607453","type":"CompositionRelationship"},{"id":"id-f5d8f702453e4c618410648a748c122a","sourceId":"id-a5c7a4a090b44bf4b6a9a6c71493c5c1","targetId":"id-fdf2af6ba3144529ace0e0c3d8151ba8","type":"CompositionRelationship"},{"id":"id-994154acfa8d44debdf81408b7fb57df","sourceId":"id-310c5d93c254491093d3fda076f098f8","targetId":"id-b7a91671795343f483e9d64f6f09f1b4","type":"AccessRelationship"},{"id":"id-0f110af3d6b5407da72038c0d7a1979a","sourceId":"id-0048997c1d304f19b354d2a5377f67f7","targetId":"id-d98d9badfa5b4834a32d9602202e05be","type":"CompositionRelationship"},{"id":"id-8e7f15400bde4da69fe3485460634e23","sourceId":"id-0048997c1d304f19b354d2a5377f67f7","targetId":"id-9b288481b573463aad471666a735d4cc","type":"CompositionRelationship"},{"id":"id-ea34631647c444a6a31f4bad2c78a575","sourceId":"id-0048997c1d304f19b354d2a5377f67f7","targetId":"id-de0713e643804939a9cb829383407df4","type":"CompositionRelationship"},{"id":"id-522a2ce5f14544bfbd3c8ee9feb953a3","sourceId":"id-0048997c1d304f19b354d2a5377f67f7","targetId":"id-800742ac749647f4ae460c87e75390d8","type":"CompositionRelationship"},{"id":"id-fda0b4be9d8342c184a8776897edebb1","sourceId":"id-f60404457e564d6ab43de280ede32849","targetId":"id-772c1dead001459c95d5d7556d020f2b","type":"CompositionRelationship"},{"id":"id-84ae3deb2fb541ad8ba466b0373ea552","sourceId":"id-f60404457e564d6ab43de280ede32849","targetId":"id-31731d8629e64fa3bdb78ea25df3d056","type":"CompositionRelationship"},{"id":"id-b0765822fa0a421bb364f0d16ac6ada1","sourceId":"id-2fd1b86d9cae4646be10748445653b3c","targetId":"id-10b50e40ddf3485789e6e4a7683b91a3","type":"RealizationRelationship"},{"id":"id-841d58e0847a4ca5894b77640b15dd7c","sourceId":"id-31731d8629e64fa3bdb78ea25df3d056","targetId":"id-12c09aae9a0a4d6198c41ce2322e2c31","type":"RealizationRelationship"},{"id":"id-9f38bdd09f874b64a0d88f4e48ce9816","sourceId":"id-772c1dead001459c95d5d7556d020f2b","targetId":"id-0048997c1d304f19b354d2a5377f67f7","type":"AccessRelationship"},{"id":"id-faaa0a033c1b4f0aadd23644370f8f80","sourceId":"id-6801aff1ecbf4ecebd0022ec52441a48","targetId":"id-a5c7a4a090b44bf4b6a9a6c71493c5c1","type":"AccessRelationship"},{"id":"id-5ccd7d9740fb4c06b94213ab330c4e71","sourceId":"id-c66451a40b364027bdd869a55397eff8","targetId":"id-02f8beb75c6a48c9b26077fc7ac50390","type":"RealizationRelationship"},{"id":"id-ebdf2fa677f9471ba0a4e7ea5cffbdf9","sourceId":"id-be35e3d7996a49ddadb6d81f14d0cf44","targetId":"id-02f8beb75c6a48c9b26077fc7ac50390","type":"RealizationRelationship"},{"id":"id-992a4c723a214d138b793ca0e674675e","sourceId":"id-f60404457e564d6ab43de280ede32849","targetId":"id-02f8beb75c6a48c9b26077fc7ac50390","type":"RealizationRelationship"},{"id":"id-5ae14e9a71254c68b202b3ea7d4d2d68","sourceId":"id-b7a91671795343f483e9d64f6f09f1b4","targetId":"id-10b50e40ddf3485789e6e4a7683b91a3","type":"AssociationRelationship"},{"id":"id-60e5ed04ab514718b3b3f0edb2037793","sourceId":"id-3a9a8aefeff44c17921c2acb2c3d961b","targetId":"id-10b50e40ddf3485789e6e4a7683b91a3","type":"RealizationRelationship"},{"id":"id-f6e9cea29ea345b78296d4ad8be9db2f","sourceId":"id-a5c7a4a090b44bf4b6a9a6c71493c5c1","targetId":"id-12c09aae9a0a4d6198c41ce2322e2c31","type":"AssociationRelationship"},{"id":"id-009e3773310b43968b7dc6410c3dfa76","sourceId":"id-0048997c1d304f19b354d2a5377f67f7","targetId":"id-9e7d98b780114b25ad5b10a4e2b7639c","type":"AssociationRelationship"},{"id":"id-8d120f5dfe0545da92c89d27e1b25f60","sourceId":"id-3a9a8aefeff44c17921c2acb2c3d961b","targetId":"id-12c09aae9a0a4d6198c41ce2322e2c31","type":"RealizationRelationship"},{"id":"id-c7b2ab672ee64f279864eb568285d315","sourceId":"id-3a9a8aefeff44c17921c2acb2c3d961b","targetId":"id-9e7d98b780114b25ad5b10a4e2b7639c","type":"RealizationRelationship"},{"id":"id-c3d17da808bf4cdc9400f7aaaf001df6","sourceId":"id-81ca773b9f384a259c01f0437b9ec55a","targetId":"id-12c09aae9a0a4d6198c41ce2322e2c31","type":"RealizationRelationship"},{"id":"id-9e1aa89b070a4c52abff0d65c253a736","sourceId":"id-510eeef7c8b343e7a16d3a0fef02eddc","targetId":"id-9e7d98b780114b25ad5b10a4e2b7639c","type":"RealizationRelationship"},{"id":"id-83e1b73ff0ce473d960fedf98feb3f01","sourceId":"id-2fd1b86d9cae4646be10748445653b3c","targetId":"id-31731d8629e64fa3bdb78ea25df3d056","type":"TriggeringRelationship"},{"id":"id-0ec4277abaa5482188412c3cdf4a29c0","sourceId":"id-31731d8629e64fa3bdb78ea25df3d056","targetId":"id-772c1dead001459c95d5d7556d020f2b","type":"TriggeringRelationship"},{"id":"id-c16a1f38ed3f48a5863b3db8353bdb5d","sourceId":"id-a4e2d09e79b346488a925bc165bbcff3","targetId":"id-cd02042aba5343f8949c9342d09d7ce9","type":"TriggeringRelationship"},{"id":"id-8e31c552a5d845bc9c921b0ec99551df","sourceId":"id-cd02042aba5343f8949c9342d09d7ce9","targetId":"id-4b1c4a87616944598acea976edcc8660","type":"TriggeringRelationship"},{"id":"id-62be2bf90a204805a80816979f1db6e4","sourceId":"id-4b1c4a87616944598acea976edcc8660","targetId":"id-ce5782917229438898333f7bbb7dff03","type":"TriggeringRelationship"},{"id":"id-46b835627c75438f806196e01d77ee9c","sourceId":"id-501923e85fe948f7bad7748f91cc1afc","targetId":"id-a4e2d09e79b346488a925bc165bbcff3","type":"TriggeringRelationship"},{"id":"id-1b6d3dfbd99940fd9dec81a950d35482","sourceId":"id-7ac9478c3e8d402cb4162eed193f6427","targetId":"id-9d99a1f24f5a4ed8a9095e4f2071fb8f","type":"TriggeringRelationship"},{"id":"id-a834cebcfd18422493552998093af0e0","sourceId":"id-9d99a1f24f5a4ed8a9095e4f2071fb8f","targetId":"id-f777161b442b45ebb6cf9db02dff92c4","type":"TriggeringRelationship"},{"id":"id-c87f3f16b3df41e8a54d86dcec17e7c3","sourceId":"id-db263d30e5fa4658b225bdabd27f1405","targetId":"id-7ac9478c3e8d402cb4162eed193f6427","type":"TriggeringRelationship"},{"id":"id-0df7f037229845b3bc8bad7c68a9eaf0","sourceId":"id-f777161b442b45ebb6cf9db02dff92c4","targetId":"id-ffe4b440d828417d86e633d5d35734d6","type":"TriggeringRelationship"},{"id":"id-6249610fdadc4b00927da849257817e3","sourceId":"id-26d001079a5e453c8a1b3c8fafdb7dc2","targetId":"id-e20320b6a83244e7b749d20bf5c575c4","type":"RealizationRelationship"},{"id":"id-0667c99063964dfebcee00a4ec543d1e","sourceId":"id-ff581b8988c44e16a444c7f00d7b7a6d","targetId":"id-2187bfbd8077409780eca1e54ad7c062","type":"RealizationRelationship"},{"id":"id-bba2549e4de94a94934db7623f39072b","sourceId":"id-26d001079a5e453c8a1b3c8fafdb7dc2","targetId":"id-22c5866c75524ad893d26edbdee5c7f5","type":"RealizationRelationship"},{"id":"id-9d87b0477c5d448ab3b4eb6dd0236ced","sourceId":"id-ff581b8988c44e16a444c7f00d7b7a6d","targetId":"id-22c5866c75524ad893d26edbdee5c7f5","type":"RealizationRelationship"},{"id":"id-364f0c660b6541ec8880c55d6325260a","sourceId":"id-8e04737156eb49abab1fd109c06c6bc4","targetId":"id-22c5866c75524ad893d26edbdee5c7f5","type":"RealizationRelationship"},{"id":"id-e8b23197c5ef4d568182dacef204ba1b","sourceId":"id-4b954f50656e430dbf6427e2ce3e7978","targetId":"id-22c5866c75524ad893d26edbdee5c7f5","type":"RealizationRelationship"},{"id":"id-9f407e06db9b4342b451dfae6f8731e4","sourceId":"id-4e175335aa964455b5d34b7a2b12a944","targetId":"id-bb48a648431544979f51ca5d4d4f4593","type":"CompositionRelationship"},{"id":"id-284dac5e6aa74aa3ad13b5ce727c5288","sourceId":"id-4e175335aa964455b5d34b7a2b12a944","targetId":"id-c73d125072624708816b51e1c96b0e8b","type":"CompositionRelationship"},{"id":"id-00135846aa1c421ca51f53a2493ceade","sourceId":"id-4e175335aa964455b5d34b7a2b12a944","targetId":"id-b4f55e17498b4ad09dddd6448b70a7d0","type":"CompositionRelationship"},{"id":"id-981f63cfa0ff4d05bf6a0bda9a5fc65d","sourceId":"id-dbba504987d54cc88be43c6d631246eb","targetId":"id-cce1fb67316748c68bd45d15e55ac176","type":"CompositionRelationship"},{"id":"id-48aa01fedaea49b5a14c2f8e018724d5","sourceId":"id-dbba504987d54cc88be43c6d631246eb","targetId":"id-9b8a78e7945a4554a2279cde22fe5b41","type":"CompositionRelationship"},{"id":"id-99f959e75e7649f0aba96883ae7537fb","sourceId":"id-dbba504987d54cc88be43c6d631246eb","targetId":"id-51e5e18c0c1f4f5f96b1d0e2318c87c3","type":"CompositionRelationship"},{"id":"id-7366410c597644908c06f94523ea988b","sourceId":"id-cd02042aba5343f8949c9342d09d7ce9","targetId":"id-4e175335aa964455b5d34b7a2b12a944","type":"AccessRelationship"},{"id":"id-9f2910af4c6246aabc4c946fbafe69bb","sourceId":"id-9d99a1f24f5a4ed8a9095e4f2071fb8f","targetId":"id-dbba504987d54cc88be43c6d631246eb","type":"AccessRelationship"},{"id":"id-5abb3f3ec8f54e7db1677fc48838d61b","sourceId":"id-4e175335aa964455b5d34b7a2b12a944","targetId":"id-4c3d80e12995406390513b50fdab1c35","type":"AssociationRelationship"},{"id":"id-4b672f6a715f4a6b990ad0e7d761d938","sourceId":"id-dbba504987d54cc88be43c6d631246eb","targetId":"id-903f80909b6441eb9cd25875ff255433","type":"AssociationRelationship"},{"id":"id-75f4234929bc4a9a97e5b522585543a0","sourceId":"id-0224eca81f4e4fe7bbfba414b4f0b68d","targetId":"id-4c3d80e12995406390513b50fdab1c35","type":"RealizationRelationship"},{"id":"id-0d4bb690c7114eb6b62e7a8ed8780af6","sourceId":"id-751c99596b414d579291b8a77ce61e24","targetId":"id-903f80909b6441eb9cd25875ff255433","type":"RealizationRelationship"},{"id":"id-a761f36973a847fa99750db1da4b7c4d","sourceId":"id-4b7021d836b04297813116575e0fb600","targetId":"id-02f8beb75c6a48c9b26077fc7ac50390","type":"RealizationRelationship"},{"id":"id-0cad91b9f4074c80acefdef998277eb8","sourceId":"id-4c3d80e12995406390513b50fdab1c35","targetId":"id-517cb42a8e20421aa7220df532124ad0","type":"ServingRelationship"},{"id":"id-9edd57b449704f92b528b0f7fd581740","sourceId":"id-0224eca81f4e4fe7bbfba414b4f0b68d","targetId":"id-517cb42a8e20421aa7220df532124ad0","type":"AssociationRelationship"},{"id":"id-0321fd08e02f4421bebc05ceb9a8564d","sourceId":"id-4b954f50656e430dbf6427e2ce3e7978","targetId":"id-517cb42a8e20421aa7220df532124ad0","type":"ServingRelationship"},{"id":"id-f7f134a0e27146b5bdbac3b5ab617e57","sourceId":"id-517cb42a8e20421aa7220df532124ad0","targetId":"id-4b954f50656e430dbf6427e2ce3e7978","type":"ServingRelationship"},{"id":"id-04940f8ffc814b6d9e2a22e9cea8a309","sourceId":"id-517cb42a8e20421aa7220df532124ad0","targetId":"id-8e04737156eb49abab1fd109c06c6bc4","type":"ServingRelationship"},{"id":"id-01856ce1040e4da38bf88dd35aae79f9","sourceId":"id-1faf7581325c48bbbc1aba6d511b53fb","targetId":"id-751c99596b414d579291b8a77ce61e24","type":"AssociationRelationship"},{"id":"id-c7c451c1c83b4cb094ba8ee482224141","sourceId":"id-1faf7581325c48bbbc1aba6d511b53fb","targetId":"id-4b954f50656e430dbf6427e2ce3e7978","type":"ServingRelationship"},{"id":"id-cf1b5b1836d1410e844b4d04d20a4113","sourceId":"id-1faf7581325c48bbbc1aba6d511b53fb","targetId":"id-8e04737156eb49abab1fd109c06c6bc4","type":"ServingRelationship"},{"id":"id-63f552389c2c4ff2890a59742d505eea","sourceId":"id-78acc68deccb490e8b874e7eb90aa06e","targetId":"id-4c3d80e12995406390513b50fdab1c35","type":"AssociationRelationship"},{"id":"id-37b6d81d42d14c8db15e663f9e6f1a01","sourceId":"id-78acc68deccb490e8b874e7eb90aa06e","targetId":"id-903f80909b6441eb9cd25875ff255433","type":"AssociationRelationship"},{"id":"id-2ea6b28fd9e14b419b4223be3757fe78","sourceId":"id-78acc68deccb490e8b874e7eb90aa06e","targetId":"id-510eeef7c8b343e7a16d3a0fef02eddc","type":"AssociationRelationship"},{"id":"id-96cf55ffef794516b80537ca56cd4979","sourceId":"id-07f5662db884447aa697cb68495d7eaf","targetId":"id-510eeef7c8b343e7a16d3a0fef02eddc","type":"AssociationRelationship"},{"id":"id-d2906a9763b14a0cb76095ddd8ce0488","sourceId":"id-07f5662db884447aa697cb68495d7eaf","targetId":"id-0224eca81f4e4fe7bbfba414b4f0b68d","type":"AssociationRelationship"},{"id":"id-d7e9dd9b86624cb8b0f1e4251d118f4f","sourceId":"id-07f5662db884447aa697cb68495d7eaf","targetId":"id-903f80909b6441eb9cd25875ff255433","type":"AssociationRelationship"},{"id":"id-a3022cf30cc04b49ad02860060da8b18","sourceId":"id-3a9a8aefeff44c17921c2acb2c3d961b","targetId":"id-aac6b655277d4ad9a4cf0d20ab9d7e4c","type":"AssociationRelationship"},{"id":"id-486e92d2c78b4ea2ab56760e59f55391","sourceId":"id-81ca773b9f384a259c01f0437b9ec55a","targetId":"id-d54db180b2344beda1d9db777545df5c","type":"AssociationRelationship"},{"id":"id-722615f2d2aa4c388aa5ee6f81fbc5c6","sourceId":"id-d375d019a9744c379eb8010bcd6e3c03","targetId":"id-510eeef7c8b343e7a16d3a0fef02eddc","type":"AssociationRelationship"},{"id":"id-6752903e45de4f55b3229a960288c078","sourceId":"id-d375d019a9744c379eb8010bcd6e3c03","targetId":"id-4b954f50656e430dbf6427e2ce3e7978","type":"ServingRelationship"},{"id":"id-c7860d75562b4a81987a7c70014521f5","sourceId":"id-d375d019a9744c379eb8010bcd6e3c03","targetId":"id-8e04737156eb49abab1fd109c06c6bc4","type":"ServingRelationship"},{"id":"id-fae7767502b443d6a7847498419dff01","sourceId":"id-d54db180b2344beda1d9db777545df5c","targetId":"id-8e04737156eb49abab1fd109c06c6bc4","type":"ServingRelationship"},{"id":"id-649a05b05f1049e5ae303117725b8d97","sourceId":"id-d54db180b2344beda1d9db777545df5c","targetId":"id-4b954f50656e430dbf6427e2ce3e7978","type":"ServingRelationship"},{"id":"id-e2db7e567963487eb5e1d903c4ac477c","sourceId":"id-d375d019a9744c379eb8010bcd6e3c03","targetId":"id-4b7021d836b04297813116575e0fb600","type":"ServingRelationship"},{"id":"id-ee996d8311a64e648921166f564de5cf","sourceId":"id-d54db180b2344beda1d9db777545df5c","targetId":"id-4b7021d836b04297813116575e0fb600","type":"ServingRelationship"},{"id":"id-c35e10d42a44401699df8ec87ae32686","sourceId":"id-aac6b655277d4ad9a4cf0d20ab9d7e4c","targetId":"id-4b7021d836b04297813116575e0fb600","type":"ServingRelationship"},{"id":"id-f20d04364b3b440783cab2ad1c211116","sourceId":"id-78acc68deccb490e8b874e7eb90aa06e","targetId":"id-0224eca81f4e4fe7bbfba414b4f0b68d","type":"AssociationRelationship"},{"id":"id-7a3546190a1441f3ae38ffb393d427ab","sourceId":"id-07f5662db884447aa697cb68495d7eaf","targetId":"id-0224eca81f4e4fe7bbfba414b4f0b68d","type":"AssociationRelationship"},{"id":"id-8f90f54eb2e148ff9fee48ba44cb6f55","sourceId":"id-78acc68deccb490e8b874e7eb90aa06e","targetId":"id-751c99596b414d579291b8a77ce61e24","type":"AssociationRelationship"},{"id":"id-e6508cc44b8441c095a4d38bcd20924e","sourceId":"id-07f5662db884447aa697cb68495d7eaf","targetId":"id-751c99596b414d579291b8a77ce61e24","type":"AssociationRelationship"},{"id":"id-4cdb481af473485dafb52afec3eab0d1","sourceId":"id-f0b29b5fa07347dba89bf66dfc209fcf","targetId":"id-81ca773b9f384a259c01f0437b9ec55a","type":"AssociationRelationship"},{"id":"id-9090f77b407b4d1bb070c9b81389014e","sourceId":"id-aa0ae1e50f76484f8a1f462a56b4b751","targetId":"id-3a9a8aefeff44c17921c2acb2c3d961b","type":"AssociationRelationship"},{"id":"id-f7537eeb4715437782d7d2e089542933","sourceId":"id-510eeef7c8b343e7a16d3a0fef02eddc","targetId":"id-3b25c89fc53b487a961469bda2349ee8","type":"AssociationRelationship"},{"id":"id-a0519bf17d7b40b7b3cc2a20fc3ea42b","sourceId":"id-3ace88ab71c8427b9e2f33a782be46b0","targetId":"id-0224eca81f4e4fe7bbfba414b4f0b68d","type":"AssociationRelationship"},{"id":"id-51060467e30a4c4cb5abc1031de2255f","sourceId":"id-b9e278400aff43a48e6671101ba3d882","targetId":"id-751c99596b414d579291b8a77ce61e24","type":"AssociationRelationship"},{"id":"id-305f21122b3247fd864558deceab134c","sourceId":"id-3a9a8aefeff44c17921c2acb2c3d961b","targetId":"id-78acc68deccb490e8b874e7eb90aa06e","type":"FlowRelationship"},{"id":"id-0f0d4987e8be4c5aa1c30c5174c74462","sourceId":"id-81ca773b9f384a259c01f0437b9ec55a","targetId":"id-07f5662db884447aa697cb68495d7eaf","type":"FlowRelationship"},{"id":"id-cd404cfee5084363bc4cb4404cd88e94","sourceId":"id-0224eca81f4e4fe7bbfba414b4f0b68d","targetId":"id-903f80909b6441eb9cd25875ff255433","type":"RealizationRelationship"},{"id":"id-1f8b7526192f479a9d82ea1cb565619e","sourceId":"id-10b50e40ddf3485789e6e4a7683b91a3","targetId":"id-6046dec88ca046438ec2ae3bb4e2e64b","type":"RealizationRelationship"},{"id":"id-337259f692674eef8aba5953eb5a687f","sourceId":"id-12c09aae9a0a4d6198c41ce2322e2c31","targetId":"id-8be3f99520ae4f80ae3d87d1895be8f3","type":"RealizationRelationship"},{"id":"id-0306c86d53804c96ade36ae3a94b60ae","sourceId":"id-9e7d98b780114b25ad5b10a4e2b7639c","targetId":"id-c27551d5105e4bfc9f78da6e80b7d07e","type":"RealizationRelationship"},{"id":"id-6dccbc51ca024122b1720ccaebfcd11c","sourceId":"id-4c3d80e12995406390513b50fdab1c35","targetId":"id-3bd022773798462abf0b258dc9a706e5","type":"RealizationRelationship"},{"id":"id-348c779f136c401f904a915c10cb0235","sourceId":"id-903f80909b6441eb9cd25875ff255433","targetId":"id-70f9aa4f8a994e55af23015eb0e41bef","type":"RealizationRelationship"},{"id":"id-cf2e8f60e9814cf89f676f3724653fd8","sourceId":"id-9d28cc650dcb41a0b47a4ec5601a1b14","targetId":"id-b7a91671795343f483e9d64f6f09f1b4","type":"RealizationRelationship"},{"id":"id-d3f6f9ef55e14c6eb8386e1d2ff575a3","sourceId":"id-a38c7e92378f4f87a481e1edb20293fd","targetId":"id-a5c7a4a090b44bf4b6a9a6c71493c5c1","type":"RealizationRelationship"},{"id":"id-db56f2a683854827913becbbaba6c497","sourceId":"id-50fa23dc2903400b93aab56a2a278c17","targetId":"id-0048997c1d304f19b354d2a5377f67f7","type":"RealizationRelationship"},{"id":"id-f60bc18d734c49f8982879ab3d9b0ca0","sourceId":"id-58f3cfa42f3a4c11b3ea6ed8cda44d8c","targetId":"id-c2acb67e74394aa083cfa819366bd2f8","type":"AggregationRelationship"},{"id":"id-202ecf811ec44de68ab98e55b50dd8e0","sourceId":"id-58f3cfa42f3a4c11b3ea6ed8cda44d8c","targetId":"id-a8be84221c314221a1eb23fe5a81af3d","type":"AggregationRelationship"},{"id":"id-408023f94ddb4032a51aca5fe0270dfd","sourceId":"id-58f3cfa42f3a4c11b3ea6ed8cda44d8c","targetId":"id-142e06d6fca44ddb86d84457f4b0e158","type":"AggregationRelationship"},{"id":"id-5f0792bfcc4c4c02a9a53351195d2bf8","sourceId":"id-58f3cfa42f3a4c11b3ea6ed8cda44d8c","targetId":"id-98fa4cb44c4e4113ac191b3e90d0c5ed","type":"AggregationRelationship"},{"id":"id-f356776f95c247c3a63506ebb6306aa5","sourceId":"id-98fa4cb44c4e4113ac191b3e90d0c5ed","targetId":"id-c2acb67e74394aa083cfa819366bd2f8","type":"AssociationRelationship"},{"id":"id-8e65334379794fc6aa219814c5cf6387","sourceId":"id-58f3cfa42f3a4c11b3ea6ed8cda44d8c","targetId":"id-aa0ae1e50f76484f8a1f462a56b4b751","type":"RealizationRelationship"},{"id":"id-560ffd6beab346e386ccf7913982c393","sourceId":"id-e68f6d7902e9440595880271306017f6","targetId":"id-8b6f39dee9b44215b30442bccf837b2a","type":"AssociationRelationship"},{"id":"id-b385cf8a2b7046fbbe3f529bfdf25983","sourceId":"id-a6cd2cd275da47ce802d8b30dc43031f","targetId":"id-51f932ae82034edb92719ea911805d81","type":"AggregationRelationship"},{"id":"id-a646d363d120418fbddbbae977018fb0","sourceId":"id-a6cd2cd275da47ce802d8b30dc43031f","targetId":"id-db6b8b4a62b0477b80fa780b7aef729d","type":"AggregationRelationship"},{"id":"id-bd1c56f62420453fb0a758620b6863b8","sourceId":"id-a6cd2cd275da47ce802d8b30dc43031f","targetId":"id-e68f6d7902e9440595880271306017f6","type":"AggregationRelationship"},{"id":"id-ac4342221c644f7b88fd1e3b7110550b","sourceId":"id-a6cd2cd275da47ce802d8b30dc43031f","targetId":"id-8b6f39dee9b44215b30442bccf837b2a","type":"AggregationRelationship"},{"id":"id-1ca3a851705d44ab803b2caadcbb0898","sourceId":"id-a6cd2cd275da47ce802d8b30dc43031f","targetId":"id-f0b29b5fa07347dba89bf66dfc209fcf","type":"RealizationRelationship"},{"id":"id-7eaceb24ca9d4c09bf6d7a0e6989669f","sourceId":"id-66ef99b147334aaaa3a3e8504bd73648","targetId":"id-a13a3222e26b4dc982c2048543538592","type":"AggregationRelationship"},{"id":"id-059a27596fd74d7c9618a539b398604e","sourceId":"id-66ef99b147334aaaa3a3e8504bd73648","targetId":"id-7db66ba90c254c07918576818f269666","type":"AggregationRelationship"},{"id":"id-2660598ff1c842408a28574609d1f617","sourceId":"id-66ef99b147334aaaa3a3e8504bd73648","targetId":"id-73b7156f205746378f84929320ae340a","type":"AggregationRelationship"},{"id":"id-6e0511490dfc4a9e95ffa48ab68c73c4","sourceId":"id-66ef99b147334aaaa3a3e8504bd73648","targetId":"id-4186eead7cef44ecba6be13f140df988","type":"AggregationRelationship"},{"id":"id-9d717c8f0ec34c94874ab37f35c9f379","sourceId":"id-7db66ba90c254c07918576818f269666","targetId":"id-4186eead7cef44ecba6be13f140df988","type":"AssociationRelationship"},{"id":"id-de2271bf5a124e8e904725469fdfa625","sourceId":"id-66ef99b147334aaaa3a3e8504bd73648","targetId":"id-3b25c89fc53b487a961469bda2349ee8","type":"RealizationRelationship"},{"id":"id-e55052ec238e41fd959953c0edd2a9e7","sourceId":"id-1f50a84769ca4e3a8b5c7ed594d28e6d","targetId":"id-3184cf79f6ea4a2289e5b21f7b96ef40","type":"AggregationRelationship"},{"id":"id-8252e7eb123a4525bf374e648a973af4","sourceId":"id-1f50a84769ca4e3a8b5c7ed594d28e6d","targetId":"id-83174f4de7354e93918fc9c876739d07","type":"AggregationRelationship"},{"id":"id-933d7320a7d647aeaf05ada9b19bca4f","sourceId":"id-1f50a84769ca4e3a8b5c7ed594d28e6d","targetId":"id-76618da9a044406a9d4937bc29b36036","type":"AggregationRelationship"},{"id":"id-3a7485a449ff4104b549b6b1d682b4fa","sourceId":"id-1f50a84769ca4e3a8b5c7ed594d28e6d","targetId":"id-263b79bb9cb74b65875960b304fc0551","type":"AggregationRelationship"},{"id":"id-f06dc006b60a452fa702ff8bbb6ede5a","sourceId":"id-83174f4de7354e93918fc9c876739d07","targetId":"id-3184cf79f6ea4a2289e5b21f7b96ef40","type":"AssociationRelationship"},{"id":"id-94abc79a889f4edba7b035da7f4cb09c","sourceId":"id-1f50a84769ca4e3a8b5c7ed594d28e6d","targetId":"id-78acc68deccb490e8b874e7eb90aa06e","type":"RealizationRelationship"},{"id":"id-46835c88543642bfaecbf415d6c97c9e","sourceId":"id-1f50a84769ca4e3a8b5c7ed594d28e6d","targetId":"id-07f5662db884447aa697cb68495d7eaf","type":"RealizationRelationship"},{"id":"id-ed2fc242d5a04aeea8a5ecb48df09132","sourceId":"id-58f3cfa42f3a4c11b3ea6ed8cda44d8c","targetId":"id-51f932ae82034edb92719ea911805d81","type":"AggregationRelationship"},{"id":"id-d2097f1f93964639bbb42213c0b85f70","sourceId":"id-66ef99b147334aaaa3a3e8504bd73648","targetId":"id-51f932ae82034edb92719ea911805d81","type":"AggregationRelationship"},{"id":"id-8be89be7ef024f639bdaa684b211334a","sourceId":"id-1f50a84769ca4e3a8b5c7ed594d28e6d","targetId":"id-51f932ae82034edb92719ea911805d81","type":"AggregationRelationship"},{"id":"id-f99b5c012af140e7a6c639cbea2e96e4","sourceId":"id-0ee8471c392748e89c8ace3df521154a","targetId":"id-89d96c6201f448f9b1840b5ce4de3d74","type":"AggregationRelationship"},{"id":"id-f17b0360da5b4456a733964e01a79100","sourceId":"id-0ee8471c392748e89c8ace3df521154a","targetId":"id-399b17b310d64af28cf5715cc42a0e18","type":"AggregationRelationship"},{"id":"id-232749687fb744d89bd76b5d25c3e6b7","sourceId":"id-0ee8471c392748e89c8ace3df521154a","targetId":"id-b54c24500da0419782b5c51ef922c866","type":"AggregationRelationship"},{"id":"id-61e0181135f64348ad18d04ce14f083a","sourceId":"id-b54c24500da0419782b5c51ef922c866","targetId":"id-89d96c6201f448f9b1840b5ce4de3d74","type":"AssociationRelationship"},{"id":"id-9135f7063c784db4b026b78ccb78290c","sourceId":"id-0ee8471c392748e89c8ace3df521154a","targetId":"id-3ace88ab71c8427b9e2f33a782be46b0","type":"RealizationRelationship"},{"id":"id-803db41f3119454cb05a643a34cfca50","sourceId":"id-58f3cfa42f3a4c11b3ea6ed8cda44d8c","targetId":"id-9d28cc650dcb41a0b47a4ec5601a1b14","type":"AssignmentRelationship"},{"id":"id-8ed067c3eec04e30a062d250104590c6","sourceId":"id-58f3cfa42f3a4c11b3ea6ed8cda44d8c","targetId":"id-a38c7e92378f4f87a481e1edb20293fd","type":"AssignmentRelationship"},{"id":"id-1b4227724e6740e0a447745246ab3ba5","sourceId":"id-58f3cfa42f3a4c11b3ea6ed8cda44d8c","targetId":"id-50fa23dc2903400b93aab56a2a278c17","type":"AssignmentRelationship"},{"id":"id-06075ab58fe54c448fbbef7e2a7a396b","sourceId":"id-0ee8471c392748e89c8ace3df521154a","targetId":"id-00ddb83ebcf44299904768232d9576d7","type":"AssignmentRelationship"},{"id":"id-8a0973445e7e419baa110e04858d9f21","sourceId":"id-0ee8471c392748e89c8ace3df521154a","targetId":"id-ecdfbc01224c47038885196c90b7394c","type":"AssignmentRelationship"},{"id":"id-85d650089ecf47048aecdcbf11e03145","sourceId":"id-00ddb83ebcf44299904768232d9576d7","targetId":"id-4e175335aa964455b5d34b7a2b12a944","type":"RealizationRelationship"},{"id":"id-8dbf9aa477e34f6ca0b785be82aa9c1c","sourceId":"id-ecdfbc01224c47038885196c90b7394c","targetId":"id-dbba504987d54cc88be43c6d631246eb","type":"RealizationRelationship"},{"id":"id-0296399104434e389e2c75bfbceeee9f","sourceId":"id-2277ea42604d402bbd8c6f5b903aab84","targetId":"id-19e7fab82c8a43c586339cc56bfecd24","type":"AggregationRelationship"},{"id":"id-610de73270d242f88cf9e92fef450949","sourceId":"id-25103819efe3468ea283d21af1c54078","targetId":"id-2277ea42604d402bbd8c6f5b903aab84","type":"AggregationRelationship"},{"id":"id-caa7b70958a241c9996fdc6f05e4fced","sourceId":"id-2277ea42604d402bbd8c6f5b903aab84","targetId":"id-51f932ae82034edb92719ea911805d81","type":"AggregationRelationship"},{"id":"id-2649cceb938e49208dc3956e5a6cc699","sourceId":"id-2277ea42604d402bbd8c6f5b903aab84","targetId":"id-25103819efe3468ea283d21af1c54078","type":"AggregationRelationship"},{"id":"id-214cdf8c2c0b462a8930999a04687080","sourceId":"id-92fbec799e98461bbe83704767307c3e","targetId":"id-19e7fab82c8a43c586339cc56bfecd24","type":"AssociationRelationship"},{"id":"id-c51720523a5f44b2b0fc4a928b19f42f","sourceId":"id-2277ea42604d402bbd8c6f5b903aab84","targetId":"id-92fbec799e98461bbe83704767307c3e","type":"AggregationRelationship"},{"id":"id-9ac4991623dc491c9e812a77e08908d3","sourceId":"id-2277ea42604d402bbd8c6f5b903aab84","targetId":"id-4b7021d836b04297813116575e0fb600","type":"RealizationRelationship"},{"id":"id-f1b0a9ce07f14fd0be12728559cc4e09","sourceId":"id-2277ea42604d402bbd8c6f5b903aab84","targetId":"id-8e04737156eb49abab1fd109c06c6bc4","type":"RealizationRelationship"},{"id":"id-378f97e91b45404b85ebe62a02074f00","sourceId":"id-d6309f8e864b4ee9857f22c1f2569474","targetId":"id-4b954f50656e430dbf6427e2ce3e7978","type":"RealizationRelationship"},{"id":"id-6abff3d75dec45d79fd569e35fac5789","sourceId":"id-d6309f8e864b4ee9857f22c1f2569474","targetId":"id-aca48332bb8f40be850a5631b20c1694","type":"AggregationRelationship"},{"id":"id-dbc0126bb59148d1b4f8771ee823d97c","sourceId":"id-a6cd2cd275da47ce802d8b30dc43031f","targetId":"id-4186eead7cef44ecba6be13f140df988","type":"AggregationRelationship"},{"id":"id-52396f6b9d054367a72de964eba65556","sourceId":"id-58f3cfa42f3a4c11b3ea6ed8cda44d8c","targetId":"id-4186eead7cef44ecba6be13f140df988","type":"AggregationRelationship"},{"id":"id-0609f7359d534e0b8ecc7e877ca2e275","sourceId":"id-0ee8471c392748e89c8ace3df521154a","targetId":"id-4186eead7cef44ecba6be13f140df988","type":"AggregationRelationship"},{"id":"id-adfa81959d964a72a029bfcdd41a3038","sourceId":"id-0ee8471c392748e89c8ace3df521154a","targetId":"id-51f932ae82034edb92719ea911805d81","type":"AggregationRelationship"},{"id":"id-c6eb46de9fdc4a0fb8b398d7f47741fe","sourceId":"id-d6309f8e864b4ee9857f22c1f2569474","targetId":"id-d26b7cc33ca94a939aab5ac3a983fb39","type":"AggregationRelationship"},{"id":"id-0410eb9a755340d99c60f8c354af74ec","sourceId":"id-9052e4d1b97d40cabd76c3011d9efb5d","targetId":"id-ebaa88240aa1451e81f55e47b85033d0","type":"AggregationRelationship"},{"id":"id-07e9ca64ba794fee93c637ea81fd4e36","sourceId":"id-9052e4d1b97d40cabd76c3011d9efb5d","targetId":"id-3a9a8aefeff44c17921c2acb2c3d961b","type":"RealizationRelationship"},{"id":"id-cc155cf37cc1413390bd324e26a492ae","sourceId":"id-ed573a1664d34b3e8389ed100b1b1372","targetId":"id-81ca773b9f384a259c01f0437b9ec55a","type":"RealizationRelationship"},{"id":"id-c891af0efa194d86876f548032568d24","sourceId":"id-87b07a30cb3b410db09bdee20d2e309a","targetId":"id-510eeef7c8b343e7a16d3a0fef02eddc","type":"RealizationRelationship"},{"id":"id-fcec0e4ea86d45a89c5207d39ee7de1a","sourceId":"id-9c558f0acf634a11951c53935c0c7521","targetId":"id-0224eca81f4e4fe7bbfba414b4f0b68d","type":"RealizationRelationship"},{"id":"id-2292cbef376d42178837802be8e3b244","sourceId":"id-9052e4d1b97d40cabd76c3011d9efb5d","targetId":"id-51f932ae82034edb92719ea911805d81","type":"AggregationRelationship"},{"id":"id-22b235e8d36a4b11bb09bc51af169a77","sourceId":"id-ed573a1664d34b3e8389ed100b1b1372","targetId":"id-51f932ae82034edb92719ea911805d81","type":"AggregationRelationship"},{"id":"id-09d43a040c1f4fc8a4bd840de500e4d7","sourceId":"id-87b07a30cb3b410db09bdee20d2e309a","targetId":"id-51f932ae82034edb92719ea911805d81","type":"AggregationRelationship"},{"id":"id-0db9bf1c8503455d9481812c376be7f0","sourceId":"id-9c558f0acf634a11951c53935c0c7521","targetId":"id-51f932ae82034edb92719ea911805d81","type":"AggregationRelationship"},{"id":"id-b31a679e50714c95bed677c399dfe6f0","sourceId":"id-ed573a1664d34b3e8389ed100b1b1372","targetId":"id-a76e9244b753495da68f637e08ce2faa","type":"AggregationRelationship"},{"id":"id-ca343b91b42d4134a932654e9cbf225a","sourceId":"id-9052e4d1b97d40cabd76c3011d9efb5d","targetId":"id-a76e9244b753495da68f637e08ce2faa","type":"AggregationRelationship"},{"id":"id-58f7860e79ae4861a0859f3831609fe3","sourceId":"id-87b07a30cb3b410db09bdee20d2e309a","targetId":"id-a76e9244b753495da68f637e08ce2faa","type":"AggregationRelationship"},{"id":"id-7edc129ebeb144b6a4713ffc26db8d8d","sourceId":"id-9c558f0acf634a11951c53935c0c7521","targetId":"id-a76e9244b753495da68f637e08ce2faa","type":"AggregationRelationship"},{"id":"id-185443aeb2b84891b6b3fcec51733596","sourceId":"id-9b28f6b8bf774b9a8b6b7c952a57ba16","targetId":"id-3a9a8aefeff44c17921c2acb2c3d961b","type":"ServingRelationship"},{"id":"id-247b089041b5428fac1420674b4747b0","sourceId":"id-9b28f6b8bf774b9a8b6b7c952a57ba16","targetId":"id-81ca773b9f384a259c01f0437b9ec55a","type":"ServingRelationship"},{"id":"id-1497525e6cb44cd4bd2fefe5a7cdc473","sourceId":"id-9b28f6b8bf774b9a8b6b7c952a57ba16","targetId":"id-78acc68deccb490e8b874e7eb90aa06e","type":"ServingRelationship"},{"id":"id-17a9ffdb8f164d5cb23ffa87c8f68931","sourceId":"id-9b28f6b8bf774b9a8b6b7c952a57ba16","targetId":"id-07f5662db884447aa697cb68495d7eaf","type":"ServingRelationship"},{"id":"id-54fc32c6dbea43aa844fa50c56895616","sourceId":"id-33481975c68b43d2bbb4520311d2fa2b","targetId":"id-9b28f6b8bf774b9a8b6b7c952a57ba16","type":"RealizationRelationship"},{"id":"id-a7996a9519c64cadafe756eb12e8ed36","sourceId":"id-33481975c68b43d2bbb4520311d2fa2b","targetId":"id-03e948e78b64498f91b7509b9b93712c","type":"AggregationRelationship"},{"id":"id-bfeb73805c4a4a9fb828bc21d1cb025b","sourceId":"id-33481975c68b43d2bbb4520311d2fa2b","targetId":"id-9dd90b3ccd3140789895b2c8a79dcd07","type":"AggregationRelationship"},{"id":"id-d12bc95f73084bffa2b89a8736315e7c","sourceId":"id-33481975c68b43d2bbb4520311d2fa2b","targetId":"id-4e6189930fb842d59016dd993420286e","type":"AssignmentRelationship"},{"id":"id-4f3cadc66992489c99b323a6afc2e79f","sourceId":"id-33481975c68b43d2bbb4520311d2fa2b","targetId":"id-3792bc4e93aa4f22a411751766c628b2","type":"AssignmentRelationship"},{"id":"id-b06356b81d794f4f94b36b6c0734614b","sourceId":"id-33481975c68b43d2bbb4520311d2fa2b","targetId":"id-51f932ae82034edb92719ea911805d81","type":"AggregationRelationship"},{"id":"id-bf8f50aa5cc643a8b0c279ea123e83c8","sourceId":"id-33481975c68b43d2bbb4520311d2fa2b","targetId":"id-3ca79cfb02a94d31aa92d3593ae72068","type":"AggregationRelationship"},{"id":"id-ee59c173b42e4c2c9aa04b7c21e929b7","sourceId":"id-33481975c68b43d2bbb4520311d2fa2b","targetId":"id-6ba0831aba074641a70b1ffcc044aa08","type":"FlowRelationship"},{"id":"id-d35f3bfc67ba4e37a375837802e70d3c","sourceId":"id-6ba0831aba074641a70b1ffcc044aa08","targetId":"id-1f50a84769ca4e3a8b5c7ed594d28e6d","type":"FlowRelationship"},{"id":"id-294a9ab6bda24f328687d31db2ceca38","sourceId":"id-6ba0831aba074641a70b1ffcc044aa08","targetId":"id-04249a35bc4345debf1a6b9017080305","type":"AggregationRelationship"},{"id":"id-b132553349274005bfccaf81704e4457","sourceId":"id-510eeef7c8b343e7a16d3a0fef02eddc","targetId":"id-5802a81ca0804d8f83134884ed7311b0","type":"FlowRelationship"},{"id":"id-aadef45b6d294a33876d56adc84ea3e3","sourceId":"id-5802a81ca0804d8f83134884ed7311b0","targetId":"id-0224eca81f4e4fe7bbfba414b4f0b68d","type":"AssociationRelationship"},{"id":"id-6ab672928913464eafecf56efbe34436","sourceId":"id-1f50a84769ca4e3a8b5c7ed594d28e6d","targetId":"id-5802a81ca0804d8f83134884ed7311b0","type":"RealizationRelationship"},{"id":"id-24b0ed77a4384399860ea5f918818f1a","sourceId":"id-33481975c68b43d2bbb4520311d2fa2b","targetId":"id-9e25fae507264a9e8e99e5bf665b46c8","type":"AssignmentRelationship"},{"id":"id-d0f9a43d22094b1f89b9809989a93028","sourceId":"id-6ba0831aba074641a70b1ffcc044aa08","targetId":"id-eaa6c46f23ae4012807ea3dbded8d0cb","type":"AggregationRelationship"},{"id":"id-9e627e3f8afb4365a749e88945b5d953","sourceId":"id-6ba0831aba074641a70b1ffcc044aa08","targetId":"id-51f932ae82034edb92719ea911805d81","type":"AggregationRelationship"}],"views":[{"id":"id-9d58344907df4c7abf31c1bdc2bea255","name":"вариант 2","viewpoint":""},{"id":"id-3d4c8977bc8b49308bd80e175431a783","name":"_READ_ME_","viewpoint":""},{"id":"id-b0682583bb9b4561b31cf2dd3298db4b","name":"вариант 1","viewpoint":""}]}