"ID","Type","Name","Documentation","Source","Target","Specialization"
"id-b9e901ca1db3450d92f51e448c0250ac","AccessRelationship","","","id-ea346c2b2ef14e0b9a5870687d5e5a00","id-72a3d2b850da4209aff65ff7a78eee97",""
"id-23e55e567cc542aab7c4ec605d406b47","AccessRelationship","","","id-fa729d410f214d3f8a14995b98ea0e21","id-b26eda1288ae41e183aa034e8fdd5af1",""
"id-da2e50eb05aa47dfb0d5b1076c4cb41e","AccessRelationship","","","id-0ad96e7ab9c14535a09eda18d914732a","id-ab869d5361ac413db6cfeb51045e7dba",""
"id-6a53c636f0594f14bf87b2274dd90163","AccessRelationship","","","id-313628e17fc34c9b8ccf62e9e4b1f984","id-b26eda1288ae41e183aa034e8fdd5af1",""
"id-0d247ae812134e92b549951b76ae940d","AccessRelationship","","","id-bab96920839f49d7acd772678da0d502","id-72a3d2b850da4209aff65ff7a78eee97",""
"id-c25c418d25274c7e97432ef2e864ea63","AccessRelationship","","","id-b45f816fb1084339b52010ca403ed659","id-ab869d5361ac413db6cfeb51045e7dba",""
"id-46ed41ecffcf4f369d62c3bc80b3f7f6","AccessRelationship","","","id-e20320b6a83244e7b749d20bf5c575c4","id-b26eda1288ae41e183aa034e8fdd5af1",""
"id-d905e9f7420e4e8e94d3465db48ec80a","AccessRelationship","","","id-e20320b6a83244e7b749d20bf5c575c4","id-22a3eec68bcc433dbde825df7f7939b7",""
"id-613df339c050420193ab6ee93ba95a53","AccessRelationship","","","id-aadd3f65eed1465a9cc3d131ddaabf6e","id-4a6cf59a65e84a8cbf13790108dfae0c",""
"id-2f6e9efff7a94144a02cdf76185f375b","AccessRelationship","","","id-aadd3f65eed1465a9cc3d131ddaabf6e","id-22a3eec68bcc433dbde825df7f7939b7",""
"id-f304dc6e505748ca87370dbbd9dfb51e","AccessRelationship","","","id-aadd3f65eed1465a9cc3d131ddaabf6e","id-b26eda1288ae41e183aa034e8fdd5af1",""
"id-5fd7024774184075817ae5502996b18c","AccessRelationship","","","id-555561976e2b4e9ab7d8d13730041f46","id-338214652a174a5d9bee81ecdf2b3902",""
"id-b230baf95ec04a93ac358f3ff920b88c","AccessRelationship","","","id-2187bfbd8077409780eca1e54ad7c062","id-338214652a174a5d9bee81ecdf2b3902",""
"id-2bbaf47b0e494068a47635a000e6d393","AccessRelationship","","","id-2187bfbd8077409780eca1e54ad7c062","id-72a3d2b850da4209aff65ff7a78eee97",""
"id-354c4d892fac4860ba0ef80518c24fb1","AccessRelationship","","","id-555561976e2b4e9ab7d8d13730041f46","id-72a3d2b850da4209aff65ff7a78eee97",""
"id-46d8968b33df43b2863d20e2074590fd","AccessRelationship","","","id-b45f816fb1084339b52010ca403ed659","id-b26eda1288ae41e183aa034e8fdd5af1",""
"id-994154acfa8d44debdf81408b7fb57df","AccessRelationship","","","id-310c5d93c254491093d3fda076f098f8","id-b7a91671795343f483e9d64f6f09f1b4",""
"id-9f38bdd09f874b64a0d88f4e48ce9816","AccessRelationship","","","id-772c1dead001459c95d5d7556d020f2b","id-0048997c1d304f19b354d2a5377f67f7",""
"id-faaa0a033c1b4f0aadd23644370f8f80","AccessRelationship","","","id-6801aff1ecbf4ecebd0022ec52441a48","id-a5c7a4a090b44bf4b6a9a6c71493c5c1",""
"id-7366410c597644908c06f94523ea988b","AccessRelationship","","","id-cd02042aba5343f8949c9342d09d7ce9","id-4e175335aa964455b5d34b7a2b12a944",""
"id-9f2910af4c6246aabc4c946fbafe69bb","AccessRelationship","","","id-9d99a1f24f5a4ed8a9095e4f2071fb8f","id-dbba504987d54cc88be43c6d631246eb",""
"id-f60bc18d734c49f8982879ab3d9b0ca0","AggregationRelationship","","","id-58f3cfa42f3a4c11b3ea6ed8cda44d8c","id-c2acb67e74394aa083cfa819366bd2f8",""
"id-202ecf811ec44de68ab98e55b50dd8e0","AggregationRelationship","","","id-58f3cfa42f3a4c11b3ea6ed8cda44d8c","id-a8be84221c314221a1eb23fe5a81af3d",""
"id-408023f94ddb4032a51aca5fe0270dfd","AggregationRelationship","","","id-58f3cfa42f3a4c11b3ea6ed8cda44d8c","id-142e06d6fca44ddb86d84457f4b0e158",""
"id-5f0792bfcc4c4c02a9a53351195d2bf8","AggregationRelationship","","","id-58f3cfa42f3a4c11b3ea6ed8cda44d8c","id-98fa4cb44c4e4113ac191b3e90d0c5ed",""
"id-b385cf8a2b7046fbbe3f529bfdf25983","AggregationRelationship","","","id-a6cd2cd275da47ce802d8b30dc43031f","id-51f932ae82034edb92719ea911805d81",""
"id-a646d363d120418fbddbbae977018fb0","AggregationRelationship","","","id-a6cd2cd275da47ce802d8b30dc43031f","id-db6b8b4a62b0477b80fa780b7aef729d",""
"id-bd1c56f62420453fb0a758620b6863b8","AggregationRelationship","","","id-a6cd2cd275da47ce802d8b30dc43031f","id-e68f6d7902e9440595880271306017f6",""
"id-ac4342221c644f7b88fd1e3b7110550b","AggregationRelationship","","","id-a6cd2cd275da47ce802d8b30dc43031f","id-8b6f39dee9b44215b30442bccf837b2a",""
"id-7eaceb24ca9d4c09bf6d7a0e6989669f","AggregationRelationship","","","id-66ef99b147334aaaa3a3e8504bd73648","id-a13a3222e26b4dc982c2048543538592",""
"id-059a27596fd74d7c9618a539b398604e","AggregationRelationship","","","id-66ef99b147334aaaa3a3e8504bd73648","id-7db66ba90c254c07918576818f269666",""
"id-2660598ff1c842408a28574609d1f617","AggregationRelationship","","","id-66ef99b147334aaaa3a3e8504bd73648","id-73b7156f205746378f84929320ae340a",""
"id-6e0511490dfc4a9e95ffa48ab68c73c4","AggregationRelationship","","","id-66ef99b147334aaaa3a3e8504bd73648","id-4186eead7cef44ecba6be13f140df988",""
"id-e55052ec238e41fd959953c0edd2a9e7","AggregationRelationship","","","id-1f50a84769ca4e3a8b5c7ed594d28e6d","id-3184cf79f6ea4a2289e5b21f7b96ef40",""
"id-8252e7eb123a4525bf374e648a973af4","AggregationRelationship","","","id-1f50a84769ca4e3a8b5c7ed594d28e6d","id-83174f4de7354e93918fc9c876739d07",""
"id-933d7320a7d647aeaf05ada9b19bca4f","AggregationRelationship","","","id-1f50a84769ca4e3a8b5c7ed594d28e6d","id-76618da9a044406a9d4937bc29b36036",""
"id-3a7485a449ff4104b549b6b1d682b4fa","AggregationRelationship","","","id-1f50a84769ca4e3a8b5c7ed594d28e6d","id-263b79bb9cb74b65875960b304fc0551",""
"id-ed2fc242d5a04aeea8a5ecb48df09132","AggregationRelationship","","","id-58f3cfa42f3a4c11b3ea6ed8cda44d8c","id-51f932ae82034edb92719ea911805d81",""
"id-d2097f1f93964639bbb42213c0b85f70","AggregationRelationship","","","id-66ef99b147334aaaa3a3e8504bd73648","id-51f932ae82034edb92719ea911805d81",""
"id-8be89be7ef024f639bdaa684b211334a","AggregationRelationship","","","id-1f50a84769ca4e3a8b5c7ed594d28e6d","id-51f932ae82034edb92719ea911805d81",""
"id-f99b5c012af140e7a6c639cbea2e96e4","AggregationRelationship","","","id-0ee8471c392748e89c8ace3df521154a","id-89d96c6201f448f9b1840b5ce4de3d74",""
"id-f17b0360da5b4456a733964e01a79100","AggregationRelationship","","","id-0ee8471c392748e89c8ace3df521154a","id-399b17b310d64af28cf5715cc42a0e18",""
"id-232749687fb744d89bd76b5d25c3e6b7","AggregationRelationship","","","id-0ee8471c392748e89c8ace3df521154a","id-b54c24500da0419782b5c51ef922c866",""
"id-0296399104434e389e2c75bfbceeee9f","AggregationRelationship","","","id-2277ea42604d402bbd8c6f5b903aab84","id-19e7fab82c8a43c586339cc56bfecd24",""
"id-610de73270d242f88cf9e92fef450949","AggregationRelationship","","","id-25103819efe3468ea283d21af1c54078","id-2277ea42604d402bbd8c6f5b903aab84",""
"id-caa7b70958a241c9996fdc6f05e4fced","AggregationRelationship","","","id-2277ea42604d402bbd8c6f5b903aab84","id-51f932ae82034edb92719ea911805d81",""
"id-2649cceb938e49208dc3956e5a6cc699","AggregationRelationship","","","id-2277ea42604d402bbd8c6f5b903aab84","id-25103819efe3468ea283d21af1c54078",""
"id-c51720523a5f44b2b0fc4a928b19f42f","AggregationRelationship","","","id-2277ea42604d402bbd8c6f5b903aab84","id-92fbec799e98461bbe83704767307c3e",""
"id-6abff3d75dec45d79fd569e35fac5789","AggregationRelationship","","","id-d6309f8e864b4ee9857f22c1f2569474","id-aca48332bb8f40be850a5631b20c1694",""
"id-dbc0126bb59148d1b4f8771ee823d97c","AggregationRelationship","","","id-a6cd2cd275da47ce802d8b30dc43031f","id-4186eead7cef44ecba6be13f140df988",""
"id-52396f6b9d054367a72de964eba65556","AggregationRelationship","","","id-58f3cfa42f3a4c11b3ea6ed8cda44d8c","id-4186eead7cef44ecba6be13f140df988",""
"id-0609f7359d534e0b8ecc7e877ca2e275","AggregationRelationship","","","id-0ee8471c392748e89c8ace3df521154a","id-4186eead7cef44ecba6be13f140df988",""
"id-adfa81959d964a72a029bfcdd41a3038","AggregationRelationship","","","id-0ee8471c392748e89c8ace3df521154a","id-51f932ae82034edb92719ea911805d81",""
"id-c6eb46de9fdc4a0fb8b398d7f47741fe","AggregationRelationship","","","id-d6309f8e864b4ee9857f22c1f2569474","id-d26b7cc33ca94a939aab5ac3a983fb39",""
"id-0410eb9a755340d99c60f8c354af74ec","AggregationRelationship","","","id-9052e4d1b97d40cabd76c3011d9efb5d","id-ebaa88240aa1451e81f55e47b85033d0",""
"id-2292cbef376d42178837802be8e3b244","AggregationRelationship","","","id-9052e4d1b97d40cabd76c3011d9efb5d","id-51f932ae82034edb92719ea911805d81",""
"id-22b235e8d36a4b11bb09bc51af169a77","AggregationRelationship","","","id-ed573a1664d34b3e8389ed100b1b1372","id-51f932ae82034edb92719ea911805d81",""
"id-09d43a040c1f4fc8a4bd840de500e4d7","AggregationRelationship","","","id-87b07a30cb3b410db09bdee20d2e309a","id-51f932ae82034edb92719ea911805d81",""
"id-0db9bf1c8503455d9481812c376be7f0","AggregationRelationship","","","id-9c558f0acf634a11951c53935c0c7521","id-51f932ae82034edb92719ea911805d81",""
"id-b31a679e50714c95bed677c399dfe6f0","AggregationRelationship","","","id-ed573a1664d34b3e8389ed100b1b1372","id-a76e9244b753495da68f637e08ce2faa",""
"id-ca343b91b42d4134a932654e9cbf225a","AggregationRelationship","","","id-9052e4d1b97d40cabd76c3011d9efb5d","id-a76e9244b753495da68f637e08ce2faa",""
"id-58f7860e79ae4861a0859f3831609fe3","AggregationRelationship","","","id-87b07a30cb3b410db09bdee20d2e309a","id-a76e9244b753495da68f637e08ce2faa",""
"id-7edc129ebeb144b6a4713ffc26db8d8d","AggregationRelationship","","","id-9c558f0acf634a11951c53935c0c7521","id-a76e9244b753495da68f637e08ce2faa",""
"id-a7996a9519c64cadafe756eb12e8ed36","AggregationRelationship","","","id-33481975c68b43d2bbb4520311d2fa2b","id-03e948e78b64498f91b7509b9b93712c",""
"id-bfeb73805c4a4a9fb828bc21d1cb025b","AggregationRelationship","","","id-33481975c68b43d2bbb4520311d2fa2b","id-9dd90b3ccd3140789895b2c8a79dcd07",""
"id-b06356b81d794f4f94b36b6c0734614b","AggregationRelationship","","","id-33481975c68b43d2bbb4520311d2fa2b","id-51f932ae82034edb92719ea911805d81",""
"id-bf8f50aa5cc643a8b0c279ea123e83c8","AggregationRelationship","","","id-33481975c68b43d2bbb4520311d2fa2b","id-3ca79cfb02a94d31aa92d3593ae72068",""
"id-294a9ab6bda24f328687d31db2ceca38","AggregationRelationship","","","id-6ba0831aba074641a70b1ffcc044aa08","id-04249a35bc4345debf1a6b9017080305",""
"id-d0f9a43d22094b1f89b9809989a93028","AggregationRelationship","","","id-6ba0831aba074641a70b1ffcc044aa08","id-eaa6c46f23ae4012807ea3dbded8d0cb",""
"id-9e627e3f8afb4365a749e88945b5d953","AggregationRelationship","","","id-6ba0831aba074641a70b1ffcc044aa08","id-51f932ae82034edb92719ea911805d81",""
"id-a0d70d9962574f5c85b5a32278a19376","AssignmentRelationship","","","id-2f1d1251f24e4b489f469eeb2b4c6915","id-2cf0b5837eb845e4822557fd11abd514",""
"id-7e065e60b1f947f1a0fa0b4052ea7fdd","AssignmentRelationship","","","id-ad0ee72e81e74104a9f829722abf5636","id-c15197b8ff4e4f41af426483da120bfb",""
"id-9ae8079eb94f450ba3f6e02f858a43d2","AssignmentRelationship","","","id-e6e5f670c9304b4f8e2c64691f0e2e17","id-6a32174c54ba4517b86295526e701146",""
"id-803db41f3119454cb05a643a34cfca50","AssignmentRelationship","","","id-58f3cfa42f3a4c11b3ea6ed8cda44d8c","id-9d28cc650dcb41a0b47a4ec5601a1b14",""
"id-8ed067c3eec04e30a062d250104590c6","AssignmentRelationship","","","id-58f3cfa42f3a4c11b3ea6ed8cda44d8c","id-a38c7e92378f4f87a481e1edb20293fd",""
"id-1b4227724e6740e0a447745246ab3ba5","AssignmentRelationship","","","id-58f3cfa42f3a4c11b3ea6ed8cda44d8c","id-50fa23dc2903400b93aab56a2a278c17",""
"id-06075ab58fe54c448fbbef7e2a7a396b","AssignmentRelationship","","","id-0ee8471c392748e89c8ace3df521154a","id-00ddb83ebcf44299904768232d9576d7",""
"id-8a0973445e7e419baa110e04858d9f21","AssignmentRelationship","","","id-0ee8471c392748e89c8ace3df521154a","id-ecdfbc01224c47038885196c90b7394c",""
"id-d12bc95f73084bffa2b89a8736315e7c","AssignmentRelationship","","","id-33481975c68b43d2bbb4520311d2fa2b","id-4e6189930fb842d59016dd993420286e",""
"id-4f3cadc66992489c99b323a6afc2e79f","AssignmentRelationship","","","id-33481975c68b43d2bbb4520311d2fa2b","id-3792bc4e93aa4f22a411751766c628b2",""
"id-24b0ed77a4384399860ea5f918818f1a","AssignmentRelationship","","","id-33481975c68b43d2bbb4520311d2fa2b","id-9e25fae507264a9e8e99e5bf665b46c8",""
"id-c692f29e21384f7da2bff42ff6f9d0cc","AssociationRelationship","","","id-2f1d1251f24e4b489f469eeb2b4c6915","id-2994373509b84dce8ace7bfb624389ea",""
"id-852ed05aefac4474af0f8375666d8163","AssociationRelationship","","","id-2f1d1251f24e4b489f469eeb2b4c6915","id-2663dc0cf52e4701aa572e1da863251b",""
"id-ab5020748d684265a2bd244ffc9e38df","AssociationRelationship","","","id-2f1d1251f24e4b489f469eeb2b4c6915","id-0055bcd27e9e49b1917d19d00eead5e1",""
"id-12e0287cfa3d4ec8861d416ed201493c","AssociationRelationship","","","id-ad0ee72e81e74104a9f829722abf5636","id-aa2741c7460547a8a4124fec83d99a66",""
"id-bb924218eb38474bac66b253a41038d9","AssociationRelationship","","","id-e6e5f670c9304b4f8e2c64691f0e2e17","id-74ff4eedfbd64032b18f847c66e1b09f",""
"id-c770c6f2772b4da8a60dd783c126178f","AssociationRelationship","","","id-e6e5f670c9304b4f8e2c64691f0e2e17","id-f0add62750804973b91427f67a915af9",""
"id-29f1976855cb43cfb8ff48a37e5c186f","AssociationRelationship","","","id-e6e5f670c9304b4f8e2c64691f0e2e17","id-aa2741c7460547a8a4124fec83d99a66",""
"id-5ae14e9a71254c68b202b3ea7d4d2d68","AssociationRelationship","","","id-b7a91671795343f483e9d64f6f09f1b4","id-10b50e40ddf3485789e6e4a7683b91a3",""
"id-f6e9cea29ea345b78296d4ad8be9db2f","AssociationRelationship","","","id-a5c7a4a090b44bf4b6a9a6c71493c5c1","id-12c09aae9a0a4d6198c41ce2322e2c31",""
"id-009e3773310b43968b7dc6410c3dfa76","AssociationRelationship","","","id-0048997c1d304f19b354d2a5377f67f7","id-9e7d98b780114b25ad5b10a4e2b7639c",""
"id-5abb3f3ec8f54e7db1677fc48838d61b","AssociationRelationship","","","id-4e175335aa964455b5d34b7a2b12a944","id-4c3d80e12995406390513b50fdab1c35",""
"id-4b672f6a715f4a6b990ad0e7d761d938","AssociationRelationship","","","id-dbba504987d54cc88be43c6d631246eb","id-903f80909b6441eb9cd25875ff255433",""
"id-9edd57b449704f92b528b0f7fd581740","AssociationRelationship","","","id-0224eca81f4e4fe7bbfba414b4f0b68d","id-517cb42a8e20421aa7220df532124ad0",""
"id-01856ce1040e4da38bf88dd35aae79f9","AssociationRelationship","","","id-1faf7581325c48bbbc1aba6d511b53fb","id-751c99596b414d579291b8a77ce61e24",""
"id-63f552389c2c4ff2890a59742d505eea","AssociationRelationship","","","id-78acc68deccb490e8b874e7eb90aa06e","id-4c3d80e12995406390513b50fdab1c35",""
"id-37b6d81d42d14c8db15e663f9e6f1a01","AssociationRelationship","","","id-78acc68deccb490e8b874e7eb90aa06e","id-903f80909b6441eb9cd25875ff255433",""
"id-2ea6b28fd9e14b419b4223be3757fe78","AssociationRelationship","","","id-78acc68deccb490e8b874e7eb90aa06e","id-510eeef7c8b343e7a16d3a0fef02eddc",""
"id-96cf55ffef794516b80537ca56cd4979","AssociationRelationship","","","id-07f5662db884447aa697cb68495d7eaf","id-510eeef7c8b343e7a16d3a0fef02eddc",""
"id-d2906a9763b14a0cb76095ddd8ce0488","AssociationRelationship","","","id-07f5662db884447aa697cb68495d7eaf","id-0224eca81f4e4fe7bbfba414b4f0b68d",""
"id-d7e9dd9b86624cb8b0f1e4251d118f4f","AssociationRelationship","","","id-07f5662db884447aa697cb68495d7eaf","id-903f80909b6441eb9cd25875ff255433",""
"id-a3022cf30cc04b49ad02860060da8b18","AssociationRelationship","","","id-3a9a8aefeff44c17921c2acb2c3d961b","id-aac6b655277d4ad9a4cf0d20ab9d7e4c",""
"id-486e92d2c78b4ea2ab56760e59f55391","AssociationRelationship","","","id-81ca773b9f384a259c01f0437b9ec55a","id-d54db180b2344beda1d9db777545df5c",""
"id-722615f2d2aa4c388aa5ee6f81fbc5c6","AssociationRelationship","","","id-d375d019a9744c379eb8010bcd6e3c03","id-510eeef7c8b343e7a16d3a0fef02eddc",""
"id-f20d04364b3b440783cab2ad1c211116","AssociationRelationship","","","id-78acc68deccb490e8b874e7eb90aa06e","id-0224eca81f4e4fe7bbfba414b4f0b68d",""
"id-7a3546190a1441f3ae38ffb393d427ab","AssociationRelationship","","","id-07f5662db884447aa697cb68495d7eaf","id-0224eca81f4e4fe7bbfba414b4f0b68d",""
"id-8f90f54eb2e148ff9fee48ba44cb6f55","AssociationRelationship","","","id-78acc68deccb490e8b874e7eb90aa06e","id-751c99596b414d579291b8a77ce61e24",""
"id-e6508cc44b8441c095a4d38bcd20924e","AssociationRelationship","","","id-07f5662db884447aa697cb68495d7eaf","id-751c99596b414d579291b8a77ce61e24",""
"id-4cdb481af473485dafb52afec3eab0d1","AssociationRelationship","","","id-f0b29b5fa07347dba89bf66dfc209fcf","id-81ca773b9f384a259c01f0437b9ec55a",""
"id-9090f77b407b4d1bb070c9b81389014e","AssociationRelationship","","","id-aa0ae1e50f76484f8a1f462a56b4b751","id-3a9a8aefeff44c17921c2acb2c3d961b",""
"id-f7537eeb4715437782d7d2e089542933","AssociationRelationship","","","id-510eeef7c8b343e7a16d3a0fef02eddc","id-3b25c89fc53b487a961469bda2349ee8",""
"id-a0519bf17d7b40b7b3cc2a20fc3ea42b","AssociationRelationship","","","id-3ace88ab71c8427b9e2f33a782be46b0","id-0224eca81f4e4fe7bbfba414b4f0b68d",""
"id-51060467e30a4c4cb5abc1031de2255f","AssociationRelationship","","","id-b9e278400aff43a48e6671101ba3d882","id-751c99596b414d579291b8a77ce61e24",""
"id-f356776f95c247c3a63506ebb6306aa5","AssociationRelationship","","","id-98fa4cb44c4e4113ac191b3e90d0c5ed","id-c2acb67e74394aa083cfa819366bd2f8",""
"id-560ffd6beab346e386ccf7913982c393","AssociationRelationship","","","id-e68f6d7902e9440595880271306017f6","id-8b6f39dee9b44215b30442bccf837b2a",""
"id-9d717c8f0ec34c94874ab37f35c9f379","AssociationRelationship","","","id-7db66ba90c254c07918576818f269666","id-4186eead7cef44ecba6be13f140df988",""
"id-f06dc006b60a452fa702ff8bbb6ede5a","AssociationRelationship","","","id-83174f4de7354e93918fc9c876739d07","id-3184cf79f6ea4a2289e5b21f7b96ef40",""
"id-61e0181135f64348ad18d04ce14f083a","AssociationRelationship","","","id-b54c24500da0419782b5c51ef922c866","id-89d96c6201f448f9b1840b5ce4de3d74",""
"id-214cdf8c2c0b462a8930999a04687080","AssociationRelationship","","","id-92fbec799e98461bbe83704767307c3e","id-19e7fab82c8a43c586339cc56bfecd24",""
"id-aadef45b6d294a33876d56adc84ea3e3","AssociationRelationship","","","id-5802a81ca0804d8f83134884ed7311b0","id-0224eca81f4e4fe7bbfba414b4f0b68d",""
"id-ee511f110662420492ad1d96cebd9dc6","CompositionRelationship","","","id-313628e17fc34c9b8ccf62e9e4b1f984","id-b45f816fb1084339b52010ca403ed659",""
"id-6196b3b956fc40a486da802a2d5ccfbb","CompositionRelationship","","","id-313628e17fc34c9b8ccf62e9e4b1f984","id-bab96920839f49d7acd772678da0d502",""
"id-ec8344176c4446f3841c25b8c1747746","CompositionRelationship","","","id-b7a91671795343f483e9d64f6f09f1b4","id-9dfe507f446449c0adaa37586e516ee9",""
"id-9a5c7b6d7d4e45adb48ac47a90fbc132","CompositionRelationship","","","id-b7a91671795343f483e9d64f6f09f1b4","id-9351e24b2b294c3489f8ec9885b3a16d",""
"id-b9a7a38fd79349bcabdf00b3f149375e","CompositionRelationship","","","id-b7a91671795343f483e9d64f6f09f1b4","id-9fe4a70e47d74aec815f6eba932f3936",""
"id-2b64025a15b547afa845d163f257e324","CompositionRelationship","","","id-a5c7a4a090b44bf4b6a9a6c71493c5c1","id-adbd634096364a72a4237e3c29f43cee",""
"id-0cf046c6d64543b7ba2b6b410e3ab00a","CompositionRelationship","","","id-a5c7a4a090b44bf4b6a9a6c71493c5c1","id-b20328f70ae44a298e299e657f607453",""
"id-f5d8f702453e4c618410648a748c122a","CompositionRelationship","","","id-a5c7a4a090b44bf4b6a9a6c71493c5c1","id-fdf2af6ba3144529ace0e0c3d8151ba8",""
"id-0f110af3d6b5407da72038c0d7a1979a","CompositionRelationship","","","id-0048997c1d304f19b354d2a5377f67f7","id-d98d9badfa5b4834a32d9602202e05be",""
"id-8e7f15400bde4da69fe3485460634e23","CompositionRelationship","","","id-0048997c1d304f19b354d2a5377f67f7","id-9b288481b573463aad471666a735d4cc",""
"id-ea34631647c444a6a31f4bad2c78a575","CompositionRelationship","","","id-0048997c1d304f19b354d2a5377f67f7","id-de0713e643804939a9cb829383407df4",""
"id-522a2ce5f14544bfbd3c8ee9feb953a3","CompositionRelationship","","","id-0048997c1d304f19b354d2a5377f67f7","id-800742ac749647f4ae460c87e75390d8",""
"id-fda0b4be9d8342c184a8776897edebb1","CompositionRelationship","","","id-f60404457e564d6ab43de280ede32849","id-772c1dead001459c95d5d7556d020f2b",""
"id-84ae3deb2fb541ad8ba466b0373ea552","CompositionRelationship","","","id-f60404457e564d6ab43de280ede32849","id-31731d8629e64fa3bdb78ea25df3d056",""
"id-9f407e06db9b4342b451dfae6f8731e4","CompositionRelationship","","","id-4e175335aa964455b5d34b7a2b12a944","id-bb48a648431544979f51ca5d4d4f4593",""
"id-284dac5e6aa74aa3ad13b5ce727c5288","CompositionRelationship","","","id-4e175335aa964455b5d34b7a2b12a944","id-c73d125072624708816b51e1c96b0e8b",""
"id-00135846aa1c421ca51f53a2493ceade","CompositionRelationship","","","id-4e175335aa964455b5d34b7a2b12a944","id-b4f55e17498b4ad09dddd6448b70a7d0",""
"id-981f63cfa0ff4d05bf6a0bda9a5fc65d","CompositionRelationship","","","id-dbba504987d54cc88be43c6d631246eb","id-cce1fb67316748c68bd45d15e55ac176",""
"id-48aa01fedaea49b5a14c2f8e018724d5","CompositionRelationship","","","id-dbba504987d54cc88be43c6d631246eb","id-9b8a78e7945a4554a2279cde22fe5b41",""
"id-99f959e75e7649f0aba96883ae7537fb","CompositionRelationship","","","id-dbba504987d54cc88be43c6d631246eb","id-51e5e18c0c1f4f5f96b1d0e2318c87c3",""
"id-305f21122b3247fd864558deceab134c","FlowRelationship","","","id-3a9a8aefeff44c17921c2acb2c3d961b","id-78acc68deccb490e8b874e7eb90aa06e",""
"id-0f0d4987e8be4c5aa1c30c5174c74462","FlowRelationship","","","id-81ca773b9f384a259c01f0437b9ec55a","id-07f5662db884447aa697cb68495d7eaf",""
"id-ee59c173b42e4c2c9aa04b7c21e929b7","FlowRelationship","","","id-33481975c68b43d2bbb4520311d2fa2b","id-6ba0831aba074641a70b1ffcc044aa08",""
"id-d35f3bfc67ba4e37a375837802e70d3c","FlowRelationship","","","id-6ba0831aba074641a70b1ffcc044aa08","id-1f50a84769ca4e3a8b5c7ed594d28e6d",""
"id-b132553349274005bfccaf81704e4457","FlowRelationship","","","id-510eeef7c8b343e7a16d3a0fef02eddc","id-5802a81ca0804d8f83134884ed7311b0",""
"id-d09d3df4cd364aa4a40f1832af936276","RealizationRelationship","","","id-fa729d410f214d3f8a14995b98ea0e21","id-6046dec88ca046438ec2ae3bb4e2e64b",""
"id-2fdf6336f74446799a339c0355432928","RealizationRelationship","","","id-313628e17fc34c9b8ccf62e9e4b1f984","id-6046dec88ca046438ec2ae3bb4e2e64b",""
"id-fa0000410f29419a9c9428f3214900b0","RealizationRelationship","","","id-ea346c2b2ef14e0b9a5870687d5e5a00","id-8be3f99520ae4f80ae3d87d1895be8f3",""
"id-261c1093c423437381057747e0887625","RealizationRelationship","","","id-0ad96e7ab9c14535a09eda18d914732a","id-c27551d5105e4bfc9f78da6e80b7d07e",""
"id-46169987e2184ab6b285301320428bd9","RealizationRelationship","","","id-b45f816fb1084339b52010ca403ed659","id-c27551d5105e4bfc9f78da6e80b7d07e",""
"id-cb2fdb006f3e4319a0cfb80d4eb8c0a7","RealizationRelationship","","","id-bab96920839f49d7acd772678da0d502","id-8be3f99520ae4f80ae3d87d1895be8f3",""
"id-ed22cbc544bd4e5696b164a87b5cf653","RealizationRelationship","","","id-e20320b6a83244e7b749d20bf5c575c4","id-3bd022773798462abf0b258dc9a706e5",""
"id-bece136420a54aeeb55f21dc8240ba0b","RealizationRelationship","","","id-aadd3f65eed1465a9cc3d131ddaabf6e","id-3bd022773798462abf0b258dc9a706e5",""
"id-b5a55a6467334a44973af66ee6e6bff5","RealizationRelationship","","","id-2187bfbd8077409780eca1e54ad7c062","id-70f9aa4f8a994e55af23015eb0e41bef",""
"id-5f2c975bbf664019815073aa25d78392","RealizationRelationship","","","id-555561976e2b4e9ab7d8d13730041f46","id-70f9aa4f8a994e55af23015eb0e41bef",""
"id-302a161b0b574daf9d57a0f9cec800d4","RealizationRelationship","","","id-c66451a40b364027bdd869a55397eff8","id-fa729d410f214d3f8a14995b98ea0e21",""
"id-d6c168fc59b94d989f911a1f9956fac6","RealizationRelationship","","","id-be35e3d7996a49ddadb6d81f14d0cf44","id-ea346c2b2ef14e0b9a5870687d5e5a00",""
"id-afc45dcd85fd4003892ec7a765f116a5","RealizationRelationship","","","id-f60404457e564d6ab43de280ede32849","id-0ad96e7ab9c14535a09eda18d914732a",""
"id-d228153599dd46cfad552a569515710a","RealizationRelationship","","","id-772c1dead001459c95d5d7556d020f2b","id-02f8beb75c6a48c9b26077fc7ac50390",""
"id-ed2ef45bce0348f088928f34db8000ef","RealizationRelationship","","","id-6801aff1ecbf4ecebd0022ec52441a48","id-02f8beb75c6a48c9b26077fc7ac50390",""
"id-4a2a1f2d2351417ea9603597c00d2350","RealizationRelationship","","","id-310c5d93c254491093d3fda076f098f8","id-02f8beb75c6a48c9b26077fc7ac50390",""
"id-c547ad4e27b0499d9995ef22bc78574c","RealizationRelationship","","","id-8bcd76ee5f534df1921d13442eca088a","id-10b50e40ddf3485789e6e4a7683b91a3",""
"id-2abb97da6c24489fb91740195cbb62ad","RealizationRelationship","","","id-774b64d6dfd145549234057fe29c3f93","id-12c09aae9a0a4d6198c41ce2322e2c31",""
"id-e14cf8572a244c62948999c1dfdbf045","RealizationRelationship","","","id-9315e55c809747429faa8d065b3ed52b","id-10b50e40ddf3485789e6e4a7683b91a3",""
"id-0dbc53bd8fe646e9af769873d870a162","RealizationRelationship","","","id-ccc4f211566f497cb9b464d6279a8d76","id-12c09aae9a0a4d6198c41ce2322e2c31",""
"id-e53063965fc8416fa41bd1268f8e9698","RealizationRelationship","","","id-b60443e82de64d53ab29d89d481017eb","id-9e7d98b780114b25ad5b10a4e2b7639c",""
"id-77f86954f01340fe9ddf088983a630ee","RealizationRelationship","","","id-2fd1b86d9cae4646be10748445653b3c","id-9e7d98b780114b25ad5b10a4e2b7639c",""
"id-b0765822fa0a421bb364f0d16ac6ada1","RealizationRelationship","","","id-2fd1b86d9cae4646be10748445653b3c","id-10b50e40ddf3485789e6e4a7683b91a3",""
"id-841d58e0847a4ca5894b77640b15dd7c","RealizationRelationship","","","id-31731d8629e64fa3bdb78ea25df3d056","id-12c09aae9a0a4d6198c41ce2322e2c31",""
"id-5ccd7d9740fb4c06b94213ab330c4e71","RealizationRelationship","","","id-c66451a40b364027bdd869a55397eff8","id-02f8beb75c6a48c9b26077fc7ac50390",""
"id-ebdf2fa677f9471ba0a4e7ea5cffbdf9","RealizationRelationship","","","id-be35e3d7996a49ddadb6d81f14d0cf44","id-02f8beb75c6a48c9b26077fc7ac50390",""
"id-992a4c723a214d138b793ca0e674675e","RealizationRelationship","","","id-f60404457e564d6ab43de280ede32849","id-02f8beb75c6a48c9b26077fc7ac50390",""
"id-60e5ed04ab514718b3b3f0edb2037793","RealizationRelationship","","","id-3a9a8aefeff44c17921c2acb2c3d961b","id-10b50e40ddf3485789e6e4a7683b91a3",""
"id-8d120f5dfe0545da92c89d27e1b25f60","RealizationRelationship","","","id-3a9a8aefeff44c17921c2acb2c3d961b","id-12c09aae9a0a4d6198c41ce2322e2c31",""
"id-c7b2ab672ee64f279864eb568285d315","RealizationRelationship","","","id-3a9a8aefeff44c17921c2acb2c3d961b","id-9e7d98b780114b25ad5b10a4e2b7639c",""
"id-c3d17da808bf4cdc9400f7aaaf001df6","RealizationRelationship","","","id-81ca773b9f384a259c01f0437b9ec55a","id-12c09aae9a0a4d6198c41ce2322e2c31",""
"id-9e1aa89b070a4c52abff0d65c253a736","RealizationRelationship","","","id-510eeef7c8b343e7a16d3a0fef02eddc","id-9e7d98b780114b25ad5b10a4e2b7639c",""
"id-6249610fdadc4b00927da849257817e3","RealizationRelationship","","","id-26d001079a5e453c8a1b3c8fafdb7dc2","id-e20320b6a83244e7b749d20bf5c575c4",""
"id-0667c99063964dfebcee00a4ec543d1e","RealizationRelationship","","","id-ff581b8988c44e16a444c7f00d7b7a6d","id-2187bfbd8077409780eca1e54ad7c062",""
"id-bba2549e4de94a94934db7623f39072b","RealizationRelationship","","","id-26d001079a5e453c8a1b3c8fafdb7dc2","id-22c5866c75524ad893d26edbdee5c7f5",""
"id-9d87b0477c5d448ab3b4eb6dd0236ced","RealizationRelationship","","","id-ff581b8988c44e16a444c7f00d7b7a6d","id-22c5866c75524ad893d26edbdee5c7f5",""
"id-364f0c660b6541ec8880c55d6325260a","RealizationRelationship","","","id-8e04737156eb49abab1fd109c06c6bc4","id-22c5866c75524ad893d26edbdee5c7f5",""
"id-e8b23197c5ef4d568182dacef204ba1b","RealizationRelationship","","","id-4b954f50656e430dbf6427e2ce3e7978","id-22c5866c75524ad893d26edbdee5c7f5",""
"id-75f4234929bc4a9a97e5b522585543a0","RealizationRelationship","","","id-0224eca81f4e4fe7bbfba414b4f0b68d","id-4c3d80e12995406390513b50fdab1c35",""
"id-0d4bb690c7114eb6b62e7a8ed8780af6","RealizationRelationship","","","id-751c99596b414d579291b8a77ce61e24","id-903f80909b6441eb9cd25875ff255433",""
"id-a761f36973a847fa99750db1da4b7c4d","RealizationRelationship","","","id-4b7021d836b04297813116575e0fb600","id-02f8beb75c6a48c9b26077fc7ac50390",""
"id-cd404cfee5084363bc4cb4404cd88e94","RealizationRelationship","","","id-0224eca81f4e4fe7bbfba414b4f0b68d","id-903f80909b6441eb9cd25875ff255433",""
"id-1f8b7526192f479a9d82ea1cb565619e","RealizationRelationship","","","id-10b50e40ddf3485789e6e4a7683b91a3","id-6046dec88ca046438ec2ae3bb4e2e64b",""
"id-337259f692674eef8aba5953eb5a687f","RealizationRelationship","","","id-12c09aae9a0a4d6198c41ce2322e2c31","id-8be3f99520ae4f80ae3d87d1895be8f3",""
"id-0306c86d53804c96ade36ae3a94b60ae","RealizationRelationship","","","id-9e7d98b780114b25ad5b10a4e2b7639c","id-c27551d5105e4bfc9f78da6e80b7d07e",""
"id-6dccbc51ca024122b1720ccaebfcd11c","RealizationRelationship","","","id-4c3d80e12995406390513b50fdab1c35","id-3bd022773798462abf0b258dc9a706e5",""
"id-348c779f136c401f904a915c10cb0235","RealizationRelationship","","","id-903f80909b6441eb9cd25875ff255433","id-70f9aa4f8a994e55af23015eb0e41bef",""
"id-cf2e8f60e9814cf89f676f3724653fd8","RealizationRelationship","","","id-9d28cc650dcb41a0b47a4ec5601a1b14","id-b7a91671795343f483e9d64f6f09f1b4",""
"id-d3f6f9ef55e14c6eb8386e1d2ff575a3","RealizationRelationship","","","id-a38c7e92378f4f87a481e1edb20293fd","id-a5c7a4a090b44bf4b6a9a6c71493c5c1",""
"id-db56f2a683854827913becbbaba6c497","RealizationRelationship","","","id-50fa23dc2903400b93aab56a2a278c17","id-0048997c1d304f19b354d2a5377f67f7",""
"id-8e65334379794fc6aa219814c5cf6387","RealizationRelationship","","","id-58f3cfa42f3a4c11b3ea6ed8cda44d8c","id-aa0ae1e50f76484f8a1f462a56b4b751",""
"id-1ca3a851705d44ab803b2caadcbb0898","RealizationRelationship","","","id-a6cd2cd275da47ce802d8b30dc43031f","id-f0b29b5fa07347dba89bf66dfc209fcf",""
"id-de2271bf5a124e8e904725469fdfa625","RealizationRelationship","","","id-66ef99b147334aaaa3a3e8504bd73648","id-3b25c89fc53b487a961469bda2349ee8",""
"id-94abc79a889f4edba7b035da7f4cb09c","RealizationRelationship","","","id-1f50a84769ca4e3a8b5c7ed594d28e6d","id-78acc68deccb490e8b874e7eb90aa06e",""
"id-46835c88543642bfaecbf415d6c97c9e","RealizationRelationship","","","id-1f50a84769ca4e3a8b5c7ed594d28e6d","id-07f5662db884447aa697cb68495d7eaf",""
"id-9135f7063c784db4b026b78ccb78290c","RealizationRelationship","","","id-0ee8471c392748e89c8ace3df521154a","id-3ace88ab71c8427b9e2f33a782be46b0",""
"id-85d650089ecf47048aecdcbf11e03145","RealizationRelationship","","","id-00ddb83ebcf44299904768232d9576d7","id-4e175335aa964455b5d34b7a2b12a944",""
"id-8dbf9aa477e34f6ca0b785be82aa9c1c","RealizationRelationship","","","id-ecdfbc01224c47038885196c90b7394c","id-dbba504987d54cc88be43c6d631246eb",""
"id-9ac4991623dc491c9e812a77e08908d3","RealizationRelationship","","","id-2277ea42604d402bbd8c6f5b903aab84","id-4b7021d836b04297813116575e0fb600",""
"id-f1b0a9ce07f14fd0be12728559cc4e09","RealizationRelationship","","","id-2277ea42604d402bbd8c6f5b903aab84","id-8e04737156eb49abab1fd109c06c6bc4",""
"id-378f97e91b45404b85ebe62a02074f00","RealizationRelationship","","","id-d6309f8e864b4ee9857f22c1f2569474","id-4b954f50656e430dbf6427e2ce3e7978",""
"id-07e9ca64ba794fee93c637ea81fd4e36","RealizationRelationship","","","id-9052e4d1b97d40cabd76c3011d9efb5d","id-3a9a8aefeff44c17921c2acb2c3d961b",""
"id-cc155cf37cc1413390bd324e26a492ae","RealizationRelationship","","","id-ed573a1664d34b3e8389ed100b1b1372","id-81ca773b9f384a259c01f0437b9ec55a",""
"id-c891af0efa194d86876f548032568d24","RealizationRelationship","","","id-87b07a30cb3b410db09bdee20d2e309a","id-510eeef7c8b343e7a16d3a0fef02eddc",""
"id-fcec0e4ea86d45a89c5207d39ee7de1a","RealizationRelationship","","","id-9c558f0acf634a11951c53935c0c7521","id-0224eca81f4e4fe7bbfba414b4f0b68d",""
"id-54fc32c6dbea43aa844fa50c56895616","RealizationRelationship","","","id-33481975c68b43d2bbb4520311d2fa2b","id-9b28f6b8bf774b9a8b6b7c952a57ba16",""
"id-6ab672928913464eafecf56efbe34436","RealizationRelationship","","","id-1f50a84769ca4e3a8b5c7ed594d28e6d","id-5802a81ca0804d8f83134884ed7311b0",""
"id-0cad91b9f4074c80acefdef998277eb8","ServingRelationship","","","id-4c3d80e12995406390513b50fdab1c35","id-517cb42a8e20421aa7220df532124ad0",""
"id-0321fd08e02f4421bebc05ceb9a8564d","ServingRelationship","","","id-4b954f50656e430dbf6427e2ce3e7978","id-517cb42a8e20421aa7220df532124ad0",""
"id-f7f134a0e27146b5bdbac3b5ab617e57","ServingRelationship","","","id-517cb42a8e20421aa7220df532124ad0","id-4b954f50656e430dbf6427e2ce3e7978",""
"id-04940f8ffc814b6d9e2a22e9cea8a309","ServingRelationship","","","id-517cb42a8e20421aa7220df532124ad0","id-8e04737156eb49abab1fd109c06c6bc4",""
"id-c7c451c1c83b4cb094ba8ee482224141","ServingRelationship","","","id-1faf7581325c48bbbc1aba6d511b53fb","id-4b954f50656e430dbf6427e2ce3e7978",""
"id-cf1b5b1836d1410e844b4d04d20a4113","ServingRelationship","","","id-1faf7581325c48bbbc1aba6d511b53fb","id-8e04737156eb49abab1fd109c06c6bc4",""
"id-6752903e45de4f55b3229a960288c078","ServingRelationship","","","id-d375d019a9744c379eb8010bcd6e3c03","id-4b954f50656e430dbf6427e2ce3e7978",""
"id-c7860d75562b4a81987a7c70014521f5","ServingRelationship","","","id-d375d019a9744c379eb8010bcd6e3c03","id-8e04737156eb49abab1fd109c06c6bc4",""
"id-fae7767502b443d6a7847498419dff01","ServingRelationship","","","id-d54db180b2344beda1d9db777545df5c","id-8e04737156eb49abab1fd109c06c6bc4",""
"id-649a05b05f1049e5ae303117725b8d97","ServingRelationship","","","id-d54db180b2344beda1d9db777545df5c","id-4b954f50656e430dbf6427e2ce3e7978",""
"id-e2db7e567963487eb5e1d903c4ac477c","ServingRelationship","","","id-d375d019a9744c379eb8010bcd6e3c03","id-4b7021d836b04297813116575e0fb600",""
"id-ee996d8311a64e648921166f564de5cf","ServingRelationship","","","id-d54db180b2344beda1d9db777545df5c","id-4b7021d836b04297813116575e0fb600",""
"id-c35e10d42a44401699df8ec87ae32686","ServingRelationship","","","id-aac6b655277d4ad9a4cf0d20ab9d7e4c","id-4b7021d836b04297813116575e0fb600",""
"id-185443aeb2b84891b6b3fcec51733596","ServingRelationship","","","id-9b28f6b8bf774b9a8b6b7c952a57ba16","id-3a9a8aefeff44c17921c2acb2c3d961b",""
"id-247b089041b5428fac1420674b4747b0","ServingRelationship","","","id-9b28f6b8bf774b9a8b6b7c952a57ba16","id-81ca773b9f384a259c01f0437b9ec55a",""
"id-1497525e6cb44cd4bd2fefe5a7cdc473","ServingRelationship","","","id-9b28f6b8bf774b9a8b6b7c952a57ba16","id-78acc68deccb490e8b874e7eb90aa06e",""
"id-17a9ffdb8f164d5cb23ffa87c8f68931","ServingRelationship","","","id-9b28f6b8bf774b9a8b6b7c952a57ba16","id-07f5662db884447aa697cb68495d7eaf",""
"id-47a273946b1e4696916390a720481a01","TriggeringRelationship","","","id-2994373509b84dce8ace7bfb624389ea","id-ea346c2b2ef14e0b9a5870687d5e5a00",""
"id-11dc6d2fe4e74afeb13dee9b7cda37bc","TriggeringRelationship","","","id-ea346c2b2ef14e0b9a5870687d5e5a00","id-ac4452260274487e94a327757508bfcd",""
"id-bd504662da0542cea0c965eaa3cb4cfd","TriggeringRelationship","","","id-2663dc0cf52e4701aa572e1da863251b","id-fa729d410f214d3f8a14995b98ea0e21",""
"id-8c47cdc6b107489b9d09ce224c8395bc","TriggeringRelationship","","","id-fa729d410f214d3f8a14995b98ea0e21","id-2d1f9bc32a4b40659e3bf1cfc790dbe9",""
"id-65159618c2e24578bf0a7c30237c50f1","TriggeringRelationship","","","id-0055bcd27e9e49b1917d19d00eead5e1","id-0ad96e7ab9c14535a09eda18d914732a",""
"id-b5e1a15bdd154331838dee35cc0d627e","TriggeringRelationship","","","id-0ad96e7ab9c14535a09eda18d914732a","id-11e09497a4264d839a5fbe752d91cece",""
"id-c91d7116851448ff8ca09c3b15902a38","TriggeringRelationship","","","id-aa2741c7460547a8a4124fec83d99a66","id-313628e17fc34c9b8ccf62e9e4b1f984",""
"id-0404e739dd044848b6d56b07e9a4be16","TriggeringRelationship","","","id-74ff4eedfbd64032b18f847c66e1b09f","id-e20320b6a83244e7b749d20bf5c575c4",""
"id-303b47bbb81241eb829f936f8346a178","TriggeringRelationship","","","id-e20320b6a83244e7b749d20bf5c575c4","id-820daefd2e224ebca3aba6c3ae937a45",""
"id-3d073273f1d84f2e951bd22bd4372815","TriggeringRelationship","","","id-f0add62750804973b91427f67a915af9","id-aadd3f65eed1465a9cc3d131ddaabf6e",""
"id-42c8e5c48b574308af462447e4c4f8be","TriggeringRelationship","","","id-aadd3f65eed1465a9cc3d131ddaabf6e","id-089cd5d11c254c99a822b973554330b3",""
"id-c8ab2b3dad7146ca94ed7eaa81e0f6a2","TriggeringRelationship","","","id-2187bfbd8077409780eca1e54ad7c062","id-bd27e9db5f0c40e488a4daf2c4a638a4",""
"id-c1106d41ed1c4e06b53fcf78e5dfd8af","TriggeringRelationship","","","id-57f13341bf1b423881e74dec89a87cba","id-555561976e2b4e9ab7d8d13730041f46",""
"id-1e7a2d4aeb1c422da4314db9d67a36b4","TriggeringRelationship","","","id-8fed0365f2d7472698382b92177bd001","id-2187bfbd8077409780eca1e54ad7c062",""
"id-a314437e1afc4ece82c408d89a685713","TriggeringRelationship","","","id-a6a6b439ce95496f95b139be8ee15d44","id-9315e55c809747429faa8d065b3ed52b",""
"id-9c3f2436fa5e41c7867ab2313db88cfc","TriggeringRelationship","","","id-9315e55c809747429faa8d065b3ed52b","id-310c5d93c254491093d3fda076f098f8",""
"id-935a53f1bfea4834a5118097b9122bb5","TriggeringRelationship","","","id-310c5d93c254491093d3fda076f098f8","id-8bcd76ee5f534df1921d13442eca088a",""
"id-9df019df9a9e49e5b0ac895c90324379","TriggeringRelationship","","","id-8bcd76ee5f534df1921d13442eca088a","id-ab709e2ba8ac472da2d1ed322a2e7c19",""
"id-9494ec61c7bb480b9d44907ba4291d50","TriggeringRelationship","","","id-ccc4f211566f497cb9b464d6279a8d76","id-6801aff1ecbf4ecebd0022ec52441a48",""
"id-37ddc8b15940434380904e9dabbbd966","TriggeringRelationship","","","id-6801aff1ecbf4ecebd0022ec52441a48","id-774b64d6dfd145549234057fe29c3f93",""
"id-cbe94bbedbb146138fd10578aa2e850b","TriggeringRelationship","","","id-774b64d6dfd145549234057fe29c3f93","id-2f455cc20ce94bb5aaeb09f331e67077",""
"id-8fb8a5db892d418bb0995af9411e457f","TriggeringRelationship","","","id-a03d45082c0741a7931c722323f8d08d","id-ccc4f211566f497cb9b464d6279a8d76",""
"id-4eba066c0bd044e1a02cb1893bcf4e6c","TriggeringRelationship","","","id-2fd1b86d9cae4646be10748445653b3c","id-772c1dead001459c95d5d7556d020f2b",""
"id-dd6008b2544e436283e9225753507d3f","TriggeringRelationship","","","id-772c1dead001459c95d5d7556d020f2b","id-b60443e82de64d53ab29d89d481017eb",""
"id-02daf6f8aef241688eb794860d27a4a4","TriggeringRelationship","","","id-b60443e82de64d53ab29d89d481017eb","id-b653978aaea544a78b5f46b72815834f",""
"id-71449e176d49476d87c1b16066c38d9f","TriggeringRelationship","","","id-1e9f1f4293744ed38eecd6d3809bf808","id-2fd1b86d9cae4646be10748445653b3c",""
"id-83e1b73ff0ce473d960fedf98feb3f01","TriggeringRelationship","","","id-2fd1b86d9cae4646be10748445653b3c","id-31731d8629e64fa3bdb78ea25df3d056",""
"id-0ec4277abaa5482188412c3cdf4a29c0","TriggeringRelationship","","","id-31731d8629e64fa3bdb78ea25df3d056","id-772c1dead001459c95d5d7556d020f2b",""
"id-c16a1f38ed3f48a5863b3db8353bdb5d","TriggeringRelationship","","","id-a4e2d09e79b346488a925bc165bbcff3","id-cd02042aba5343f8949c9342d09d7ce9",""
"id-8e31c552a5d845bc9c921b0ec99551df","TriggeringRelationship","","","id-cd02042aba5343f8949c9342d09d7ce9","id-4b1c4a87616944598acea976edcc8660",""
"id-62be2bf90a204805a80816979f1db6e4","TriggeringRelationship","","","id-4b1c4a87616944598acea976edcc8660","id-ce5782917229438898333f7bbb7dff03",""
"id-46b835627c75438f806196e01d77ee9c","TriggeringRelationship","","","id-501923e85fe948f7bad7748f91cc1afc","id-a4e2d09e79b346488a925bc165bbcff3",""
"id-1b6d3dfbd99940fd9dec81a950d35482","TriggeringRelationship","","","id-7ac9478c3e8d402cb4162eed193f6427","id-9d99a1f24f5a4ed8a9095e4f2071fb8f",""
"id-a834cebcfd18422493552998093af0e0","TriggeringRelationship","","","id-9d99a1f24f5a4ed8a9095e4f2071fb8f","id-f777161b442b45ebb6cf9db02dff92c4",""
"id-c87f3f16b3df41e8a54d86dcec17e7c3","TriggeringRelationship","","","id-db263d30e5fa4658b225bdabd27f1405","id-7ac9478c3e8d402cb4162eed193f6427",""
"id-0df7f037229845b3bc8bad7c68a9eaf0","TriggeringRelationship","","","id-f777161b442b45ebb6cf9db02dff92c4","id-ffe4b440d828417d86e633d5d35734d6",""