<?xml version="1.0" encoding="UTF-8"?>
<model xmlns="http://www.opengroup.org/xsd/archimate/3.0/" xmlns:xsi="http://www.w3.org/2001/XMLSchema-instance" xsi:schemaLocation="http://www.opengroup.org/xsd/archimate/3.0/ http://www.opengroup.org/xsd/archimate/3.1/archimate3_Diagram.xsd" identifier="id-9658ff39-8c98-4c85-a034-6348c0243d5a">
  <name xml:lang="en">NVA-DLR-minimum</name>
  <elements>
    <element identifier="id-5dfb78f9-d898-4867-bb61-69e0e3ef64e8" xsi:type="ApplicationService">
      <name xml:lang="en">dlr-authorize-user-anonymous-service</name>
    </element>
    <element identifier="id-151a4561-0b02-4f34-ac62-fbca5f0c1fff" xsi:type="ApplicationService">
      <name xml:lang="en">dlr-authorize-user-institution-service</name>
    </element>
    <element identifier="id-9acddf06-7dca-460d-a05c-529fc555adcd" xsi:type="ApplicationService">
      <name xml:lang="en">dlr-gui-backend-licenses</name>
    </element>
    <element identifier="d4bf8b54-3d97-48bc-ae1f-9bb945dfca35" xsi:type="ApplicationService">
      <name xml:lang="en">dlr-gui-backend-institution-user-authorizations</name>
    </element>
    <element identifier="id-0ab6bafb-f632-47b0-9ff5-386781383cca" xsi:type="ApplicationService">
      <name xml:lang="en">dlr-gui-backend-auth</name>
    </element>
    <element identifier="cc6f71c3-96c7-4dcc-ac6c-dbfb24d4f38e" xsi:type="ApplicationService">
      <name xml:lang="en">dlr-gui-backend-login</name>
      <documentation xml:lang="en">Is a lambda</documentation>
    </element>
    <element identifier="id-583b3a61-d64d-4513-baa2-ae0f5a0cf1ed" xsi:type="ApplicationService">
      <name xml:lang="en">dlr-gui-backend-users</name>
    </element>
    <element identifier="id-29225e53-58ad-4e62-931b-1c617df69dcb" xsi:type="ApplicationService">
      <name xml:lang="en">dlr-gui-backend-user-authorizations</name>
    </element>
    <element identifier="id-8cc2e287-cc13-47a0-b412-d52f67bb429f" xsi:type="ApplicationService">
      <name xml:lang="en">dlr-gui-backend-resources-search</name>
    </element>
    <element identifier="id-3f6b9050-fc3b-4c02-9f66-f549393a6e28" xsi:type="ApplicationService">
      <name xml:lang="en">dlr-gui-backend-resources</name>
    </element>
    <element identifier="e138a585-7d0a-457a-88a4-0dbbdab589ce" xsi:type="ApplicationService">
      <name xml:lang="en">dlr-resource-handle-command-service</name>
    </element>
    <element identifier="id-7c190bac-aa4a-4430-b52a-78c56ff2ad0c" xsi:type="ApplicationService">
      <name xml:lang="en">dlr-gui-backend-resources-content</name>
    </element>
    <element identifier="bb40d7d7-a512-4768-b36d-41160b25261e" xsi:type="ApplicationService">
      <name xml:lang="en">dlr-license-service</name>
    </element>
    <element identifier="id-99d9222a-3a2c-498c-84f4-27727480c9a5" xsi:type="ApplicationService">
      <name xml:lang="en">dlr-user-authorization-service</name>
    </element>
    <element identifier="id-98c123bc-e473-4270-9bf1-0024f39dc832" xsi:type="ApplicationService">
      <name xml:lang="en">dlr-auth-token-service</name>
      <documentation xml:lang="en">Is a Lambda</documentation>
    </element>
    <element identifier="d76dc935-d5e3-49da-88a9-ab8c194b8fc0" xsi:type="ApplicationService">
      <name xml:lang="en">dlr-user-service</name>
      <documentation xml:lang="en">Is a lambda</documentation>
    </element>
    <element identifier="id-58e18e37-d988-48bd-9e7e-1906d6bb6747" xsi:type="ApplicationService">
      <name xml:lang="en">dlr-resource-search-service</name>
    </element>
    <element identifier="id-1e104970-4e3b-49a4-93b2-a8c16501e31f" xsi:type="ApplicationService">
      <name xml:lang="en">dlr-resource-service</name>
    </element>
    <element identifier="ff41be07-bad7-446d-be03-a81a44e31e68" xsi:type="ApplicationService">
      <name xml:lang="en">dlr-resource-content-storage-service</name>
    </element>
    <element identifier="id-79b7c1d9-fce3-47e6-95b8-cb3b08da0c0d" xsi:type="ApplicationService">
      <name xml:lang="en">dlr-event-service</name>
    </element>
    <element identifier="id-510dde45-dc02-4b69-8fc5-02b5af1700bd" xsi:type="ApplicationService">
      <name xml:lang="en">dlr-resource-command-service</name>
    </element>
    <element identifier="a92cf2e7-995a-4da1-af0d-290793ee4ae6" xsi:type="ApplicationService">
      <name xml:lang="en">dlr-thumbnail-assigner-service</name>
    </element>
    <element identifier="id-21a5bd4b-736d-454e-9465-3d245ff1f449" xsi:type="ApplicationService">
      <name xml:lang="en">dlr-resource-authorization-service</name>
    </element>
    <element identifier="id-65493ea0-0d95-422a-b6a2-84f96f7d3983" xsi:type="ApplicationService">
      <name xml:lang="en">dlr-general-resource-service</name>
    </element>
    <element identifier="id-4b9d016b-04be-4779-a094-1a264069e60f" xsi:type="ApplicationService">
      <name xml:lang="en">dlr-resource-content-size-command-service</name>
    </element>
    <element identifier="id-5a32ea68-d599-4de3-b300-ab85f25cb252" xsi:type="ApplicationService">
      <name xml:lang="en">dlr-resource-solr-indexer-service</name>
    </element>
    <element identifier="id-1b996c1b-b54a-4b05-833c-c5536ce7d7f3" xsi:type="ApplicationService">
      <name xml:lang="en">dlr-resource-content-type-service</name>
    </element>
    <element identifier="id-90a3f29f-2953-499b-9e73-b12ec1da3875" xsi:type="ApplicationService">
      <name xml:lang="en">dlr-resource-event-service</name>
    </element>
    <element identifier="id-798fd970-a96a-48c4-8e08-f64247935ddb" xsi:type="ApplicationService">
      <name xml:lang="en">dlr-user-roles-service</name>
    </element>
    <element identifier="id-13442597-c20a-4729-9ac8-b41632ce36ff" xsi:type="ApplicationService">
      <name xml:lang="en">dlr-resource-link-service</name>
    </element>
    <element identifier="a3cc5e89-0828-4a32-8011-7ff1a50d130f" xsi:type="ApplicationService">
      <name xml:lang="en">dlr-resource-link-command-service</name>
    </element>
    <element identifier="id-19bd96f6-6c3d-40cc-af7e-dc9a6d1aa8c3" xsi:type="ApplicationService">
      <name xml:lang="en">dlr-resource-workflow-service</name>
    </element>
    <element identifier="id-8ee9204e-d4e1-4866-ab0f-e2b292a0b015" xsi:type="ApplicationService">
      <name xml:lang="en">dlr-command-service</name>
    </element>
    <element identifier="id-1f0edfb0-4c96-401f-8941-e3e41d367e24" xsi:type="ApplicationService">
      <name xml:lang="en">dlr-user-event-service</name>
    </element>
    <element identifier="d1f20893-3e8a-462f-8cbc-993fbb9c1f27" xsi:type="ApplicationService">
      <name xml:lang="en">dlr-auth-token-event-service</name>
    </element>
    <element identifier="id-373473d0-b080-4244-871b-f55415737024" xsi:type="ApplicationService">
      <name xml:lang="en">SOLR</name>
    </element>
    <element identifier="id-5f39cb5d-2063-4251-ba7c-20b2ecde5c92" xsi:type="ApplicationService">
      <name xml:lang="en">Cassandra</name>
    </element>
    <element identifier="e4eceb5b-eea2-4df8-9fc8-afb048bc1bd8" xsi:type="ApplicationService">
      <name xml:lang="en">S3</name>
    </element>
    <element identifier="df3e20e3-1198-4d24-a792-d066a089c69f" xsi:type="ApplicationService">
      <name xml:lang="en">Phantom JS</name>
    </element>
    <element identifier="c8cbf971-fc13-4837-8430-3dbfa95bbdfb" xsi:type="ApplicationService">
      <name xml:lang="en">Commands (RabbitMQ)</name>
    </element>
    <element identifier="c55619d5-70d3-41d0-b4b9-e5013d138544" xsi:type="ApplicationService">
      <name xml:lang="en">Events (RabbitMQ)</name>
    </element>
  </elements>
  <relationships>
    <relationship identifier="id-42b95fae-4cf5-418b-9946-903caaf62ab5" source="id-5dfb78f9-d898-4867-bb61-69e0e3ef64e8" target="id-99d9222a-3a2c-498c-84f4-27727480c9a5" xsi:type="Triggering" />
    <relationship identifier="id-3834c3a0-2ba6-4d6a-9f65-a74c56a81f49" source="id-9acddf06-7dca-460d-a05c-529fc555adcd" target="bb40d7d7-a512-4768-b36d-41160b25261e" xsi:type="Triggering" />
    <relationship identifier="e02611ee-972b-4e99-b8a8-3395988ef7a7" source="id-9acddf06-7dca-460d-a05c-529fc555adcd" target="id-99d9222a-3a2c-498c-84f4-27727480c9a5" xsi:type="Triggering" />
    <relationship identifier="id-82ea76c1-e36d-4ae4-a813-281214b5d76e" source="d4bf8b54-3d97-48bc-ae1f-9bb945dfca35" target="id-99d9222a-3a2c-498c-84f4-27727480c9a5" xsi:type="Triggering" />
    <relationship identifier="b2b85b08-977c-4504-a567-d3b9c9800eed" source="id-0ab6bafb-f632-47b0-9ff5-386781383cca" target="id-98c123bc-e473-4270-9bf1-0024f39dc832" xsi:type="Triggering" />
    <relationship identifier="id-76126395-68bf-4cf3-88b3-a0ce0b8163ea" source="cc6f71c3-96c7-4dcc-ac6c-dbfb24d4f38e" target="id-98c123bc-e473-4270-9bf1-0024f39dc832" xsi:type="Triggering" />
    <relationship identifier="f1165cb5-6e90-40c2-aa90-5eb767c2933e" source="cc6f71c3-96c7-4dcc-ac6c-dbfb24d4f38e" target="d76dc935-d5e3-49da-88a9-ab8c194b8fc0" xsi:type="Triggering" />
    <relationship identifier="e195ae33-0a8f-43c9-8df6-fb00ecbe96af" source="id-583b3a61-d64d-4513-baa2-ae0f5a0cf1ed" target="d76dc935-d5e3-49da-88a9-ab8c194b8fc0" xsi:type="Triggering" />
    <relationship identifier="d88d3328-9cfe-4ff9-9a36-e0e24c8fc2ba" source="id-151a4561-0b02-4f34-ac62-fbca5f0c1fff" target="id-99d9222a-3a2c-498c-84f4-27727480c9a5" xsi:type="Triggering" />
    <relationship identifier="id-1110c26f-fd83-4705-844b-b2813c63f95c" source="id-151a4561-0b02-4f34-ac62-fbca5f0c1fff" target="d76dc935-d5e3-49da-88a9-ab8c194b8fc0" xsi:type="Triggering" />
    <relationship identifier="a005886a-96f0-4a5e-be06-bbaa7b9ebd0c" source="id-29225e53-58ad-4e62-931b-1c617df69dcb" target="id-99d9222a-3a2c-498c-84f4-27727480c9a5" xsi:type="Triggering" />
    <relationship identifier="f942d3a7-0fff-48a8-b852-8ac6b8800896" source="id-8cc2e287-cc13-47a0-b412-d52f67bb429f" target="id-99d9222a-3a2c-498c-84f4-27727480c9a5" xsi:type="Triggering" />
    <relationship identifier="b48ab156-2bd0-4e87-bcfe-ee5d0355b45b" source="id-3f6b9050-fc3b-4c02-9f66-f549393a6e28" target="id-1e104970-4e3b-49a4-93b2-a8c16501e31f" xsi:type="Triggering" />
    <relationship identifier="id-650b9468-cb76-4bbe-8192-247b2cd9e506" source="id-3f6b9050-fc3b-4c02-9f66-f549393a6e28" target="id-99d9222a-3a2c-498c-84f4-27727480c9a5" xsi:type="Triggering" />
    <relationship identifier="d4144f7d-6aed-4a6f-b018-dd29024db696" source="id-8cc2e287-cc13-47a0-b412-d52f67bb429f" target="id-58e18e37-d988-48bd-9e7e-1906d6bb6747" xsi:type="Triggering" />
    <relationship identifier="id-202108f9-5dde-4ab5-8874-9fc6d99ab89f" source="id-58e18e37-d988-48bd-9e7e-1906d6bb6747" target="id-373473d0-b080-4244-871b-f55415737024" xsi:type="Triggering" />
    <relationship identifier="id-45193f26-b0d1-47eb-9460-3828676729b5" source="e138a585-7d0a-457a-88a4-0dbbdab589ce" target="id-98c123bc-e473-4270-9bf1-0024f39dc832" xsi:type="Triggering" />
    <relationship identifier="b826ccd9-4f77-4df1-9da0-00d7dd90fcbf" source="e138a585-7d0a-457a-88a4-0dbbdab589ce" target="id-1e104970-4e3b-49a4-93b2-a8c16501e31f" xsi:type="Triggering" />
    <relationship identifier="d12cf9cb-a16a-4d28-b3aa-ce64a0c30827" source="id-7c190bac-aa4a-4430-b52a-78c56ff2ad0c" target="id-1e104970-4e3b-49a4-93b2-a8c16501e31f" xsi:type="Triggering" />
    <relationship identifier="id-2d5504cb-0f41-4613-833f-cf0189746811" source="e138a585-7d0a-457a-88a4-0dbbdab589ce" target="id-79b7c1d9-fce3-47e6-95b8-cb3b08da0c0d" xsi:type="Triggering" />
    <relationship identifier="fb2e9f7b-761b-4529-b560-e7e7e0b21077" source="id-7c190bac-aa4a-4430-b52a-78c56ff2ad0c" target="id-99d9222a-3a2c-498c-84f4-27727480c9a5" xsi:type="Triggering" />
    <relationship identifier="b1212e4f-637a-4bde-8710-38b70a5ff0fd" source="id-7c190bac-aa4a-4430-b52a-78c56ff2ad0c" target="ff41be07-bad7-446d-be03-a81a44e31e68" xsi:type="Serving" />
    <relationship identifier="d2f0fb04-1109-48fb-a774-7c6b07740c0b" source="id-7c190bac-aa4a-4430-b52a-78c56ff2ad0c" target="id-79b7c1d9-fce3-47e6-95b8-cb3b08da0c0d" xsi:type="Triggering" />
    <relationship identifier="id-115e07f9-c9d6-4f19-ba75-f66d718294e6" source="d1f20893-3e8a-462f-8cbc-993fbb9c1f27" target="id-79b7c1d9-fce3-47e6-95b8-cb3b08da0c0d" xsi:type="Triggering" />
    <relationship identifier="c5e2b3c5-5ba1-404d-8fb1-3369a3e31462" source="id-510dde45-dc02-4b69-8fc5-02b5af1700bd" target="id-79b7c1d9-fce3-47e6-95b8-cb3b08da0c0d" xsi:type="Triggering" />
    <relationship identifier="f407a7d9-f8f3-4bc2-a10d-a4c16485dca2" source="bb40d7d7-a512-4768-b36d-41160b25261e" target="id-65493ea0-0d95-422a-b6a2-84f96f7d3983" xsi:type="Triggering" />
    <relationship identifier="id-90e783e2-9e7f-4ea8-8106-3f2c13fbaaf0" source="id-99d9222a-3a2c-498c-84f4-27727480c9a5" target="id-798fd970-a96a-48c4-8e08-f64247935ddb" xsi:type="Triggering" />
    <relationship identifier="e1d68bcd-44c0-4b88-8bf6-7e0d1d1f2c18" source="id-98c123bc-e473-4270-9bf1-0024f39dc832" target="id-5f39cb5d-2063-4251-ba7c-20b2ecde5c92" xsi:type="Triggering" />
    <relationship identifier="ef832bb1-ed0d-4c92-8eda-bbaf7fadf6fe" source="d76dc935-d5e3-49da-88a9-ab8c194b8fc0" target="id-5f39cb5d-2063-4251-ba7c-20b2ecde5c92" xsi:type="Triggering" />
    <relationship identifier="id-7816d52a-5ef9-4bc7-b455-add2e6b027da" source="id-1e104970-4e3b-49a4-93b2-a8c16501e31f" target="id-65493ea0-0d95-422a-b6a2-84f96f7d3983" xsi:type="Triggering" />
    <relationship identifier="id-5cfa5319-2f70-4103-9cc1-936e6c0da778" source="id-1e104970-4e3b-49a4-93b2-a8c16501e31f" target="id-13442597-c20a-4729-9ac8-b41632ce36ff" xsi:type="Triggering" />
    <relationship identifier="id-40b8124e-4979-4ec6-9ba9-b0f3067743f0" source="id-1e104970-4e3b-49a4-93b2-a8c16501e31f" target="id-79b7c1d9-fce3-47e6-95b8-cb3b08da0c0d" xsi:type="Triggering" />
    <relationship identifier="id-0848e5a9-829b-4512-83f4-1df46f84236a" source="ff41be07-bad7-446d-be03-a81a44e31e68" target="id-79b7c1d9-fce3-47e6-95b8-cb3b08da0c0d" xsi:type="Triggering" />
    <relationship identifier="id-48a4d5a2-e528-4f06-b2a1-ef9df6f223d1" source="ff41be07-bad7-446d-be03-a81a44e31e68" target="e4eceb5b-eea2-4df8-9fc8-afb048bc1bd8" xsi:type="Triggering" />
    <relationship identifier="id-4d33fd71-02a8-45b1-8557-aa71af76364e" source="id-510dde45-dc02-4b69-8fc5-02b5af1700bd" target="ff41be07-bad7-446d-be03-a81a44e31e68" xsi:type="Triggering" />
    <relationship identifier="e84392b0-0077-4c25-a269-13f826c370e4" source="id-510dde45-dc02-4b69-8fc5-02b5af1700bd" target="id-5a32ea68-d599-4de3-b300-ab85f25cb252" xsi:type="Triggering" />
    <relationship identifier="id-9d32c4dd-5a94-43fd-95fd-ffc11c800218" source="id-510dde45-dc02-4b69-8fc5-02b5af1700bd" target="id-1e104970-4e3b-49a4-93b2-a8c16501e31f" xsi:type="Triggering" />
    <relationship identifier="id-25ef673c-d5be-4c1a-8941-06e629ca2ae5" source="a92cf2e7-995a-4da1-af0d-290793ee4ae6" target="id-79b7c1d9-fce3-47e6-95b8-cb3b08da0c0d" xsi:type="Triggering" />
    <relationship identifier="a8d8e8e3-02a3-4cf4-bc02-615148805adc" source="a92cf2e7-995a-4da1-af0d-290793ee4ae6" target="ff41be07-bad7-446d-be03-a81a44e31e68" xsi:type="Triggering" />
    <relationship identifier="id-42112726-e622-462c-94da-4235feca6fa4" source="a92cf2e7-995a-4da1-af0d-290793ee4ae6" target="id-90a3f29f-2953-499b-9e73-b12ec1da3875" xsi:type="Triggering" />
    <relationship identifier="id-0d610e7b-e684-4d6d-bd19-7c17428aa31c" source="id-21a5bd4b-736d-454e-9465-3d245ff1f449" target="id-99d9222a-3a2c-498c-84f4-27727480c9a5" xsi:type="Triggering" />
    <relationship identifier="id-083949f4-aaa6-4fbc-8eb0-00f4c13b430e" source="id-65493ea0-0d95-422a-b6a2-84f96f7d3983" target="id-5f39cb5d-2063-4251-ba7c-20b2ecde5c92" xsi:type="Triggering" />
    <relationship identifier="id-485583ec-6e02-48c3-bf58-864dcdff5b3d" source="id-4b9d016b-04be-4779-a094-1a264069e60f" target="id-65493ea0-0d95-422a-b6a2-84f96f7d3983" xsi:type="Triggering" />
    <relationship identifier="id-2fda2322-6134-473c-b628-60243d846ae5" source="id-4b9d016b-04be-4779-a094-1a264069e60f" target="id-90a3f29f-2953-499b-9e73-b12ec1da3875" xsi:type="Triggering" />
    <relationship identifier="id-47d3f740-d5b3-41ed-b3ce-78ae9e98bbf0" source="id-4b9d016b-04be-4779-a094-1a264069e60f" target="id-79b7c1d9-fce3-47e6-95b8-cb3b08da0c0d" xsi:type="Triggering" />
    <relationship identifier="id-1b874cd7-0638-44ea-ad45-e89d19701e49" source="id-4b9d016b-04be-4779-a094-1a264069e60f" target="ff41be07-bad7-446d-be03-a81a44e31e68" xsi:type="Triggering" />
    <relationship identifier="id-5a65d9ec-a1be-4cbc-9f63-c74ae59ac90f" source="id-5a32ea68-d599-4de3-b300-ab85f25cb252" target="id-373473d0-b080-4244-871b-f55415737024" xsi:type="Triggering" />
    <relationship identifier="id-10f1c333-f273-422d-b332-a12ca362ca63" source="id-5a32ea68-d599-4de3-b300-ab85f25cb252" target="id-1e104970-4e3b-49a4-93b2-a8c16501e31f" xsi:type="Triggering" />
    <relationship identifier="id-7bde98ba-7c46-4af3-8912-b389095c5051" source="id-5a32ea68-d599-4de3-b300-ab85f25cb252" target="id-79b7c1d9-fce3-47e6-95b8-cb3b08da0c0d" xsi:type="Triggering" />
    <relationship identifier="c036ef6a-d6a4-48c3-8463-b9b6c8835c88" source="a92cf2e7-995a-4da1-af0d-290793ee4ae6" target="df3e20e3-1198-4d24-a792-d066a089c69f" xsi:type="Triggering" />
    <relationship identifier="id-7d4860b2-41b1-4fb2-a0ca-ad2585a11e03" source="id-1b996c1b-b54a-4b05-833c-c5536ce7d7f3" target="id-65493ea0-0d95-422a-b6a2-84f96f7d3983" xsi:type="Triggering" />
    <relationship identifier="bbe7c427-0991-48fa-9c94-a4246067c8c1" source="id-1b996c1b-b54a-4b05-833c-c5536ce7d7f3" target="id-90a3f29f-2953-499b-9e73-b12ec1da3875" xsi:type="Triggering" />
    <relationship identifier="id-3c048b3c-57e4-41a7-ace1-c11bb7740d1f" source="id-1b996c1b-b54a-4b05-833c-c5536ce7d7f3" target="id-79b7c1d9-fce3-47e6-95b8-cb3b08da0c0d" xsi:type="Triggering" />
    <relationship identifier="id-8ea2f726-28b2-4df2-a762-59efe6264c8f" source="id-90a3f29f-2953-499b-9e73-b12ec1da3875" target="id-5f39cb5d-2063-4251-ba7c-20b2ecde5c92" xsi:type="Triggering" />
    <relationship identifier="f192d349-0c88-4411-b383-b184da038ae7" source="id-13442597-c20a-4729-9ac8-b41632ce36ff" target="id-5f39cb5d-2063-4251-ba7c-20b2ecde5c92" xsi:type="Triggering" />
    <relationship identifier="e0261bd9-3f4b-4576-84ec-e1775fe7ff35" source="a3cc5e89-0828-4a32-8011-7ff1a50d130f" target="id-13442597-c20a-4729-9ac8-b41632ce36ff" xsi:type="Triggering" />
    <relationship identifier="id-48a9d4e1-6639-4ece-9e6b-64e156a1763c" source="id-798fd970-a96a-48c4-8e08-f64247935ddb" target="id-5f39cb5d-2063-4251-ba7c-20b2ecde5c92" xsi:type="Triggering" />
    <relationship identifier="a3a63b84-f8f7-465b-ba08-c1e35ae25852" source="id-98c123bc-e473-4270-9bf1-0024f39dc832" target="id-79b7c1d9-fce3-47e6-95b8-cb3b08da0c0d" xsi:type="Triggering" />
    <relationship identifier="c5811d66-d730-4ae6-bcfb-f07a592a2855" source="id-13442597-c20a-4729-9ac8-b41632ce36ff" target="id-79b7c1d9-fce3-47e6-95b8-cb3b08da0c0d" xsi:type="Triggering" />
    <relationship identifier="id-94570ca9-7eab-4a4c-b715-08135a0c1d4c" source="c8cbf971-fc13-4837-8430-3dbfa95bbdfb" target="id-5dfb78f9-d898-4867-bb61-69e0e3ef64e8" xsi:type="Triggering" />
    <relationship identifier="b42e7765-ec45-4f0d-b11b-6e4f1a92fb99" source="c8cbf971-fc13-4837-8430-3dbfa95bbdfb" target="id-151a4561-0b02-4f34-ac62-fbca5f0c1fff" xsi:type="Triggering" />
    <relationship identifier="id-68c34bd9-d06e-4707-8bcd-db7a50d5d5eb" source="c8cbf971-fc13-4837-8430-3dbfa95bbdfb" target="e138a585-7d0a-457a-88a4-0dbbdab589ce" xsi:type="Triggering" />
    <relationship identifier="id-9c0b6aa9-b85e-4597-a749-441b16d5c240" source="c8cbf971-fc13-4837-8430-3dbfa95bbdfb" target="id-510dde45-dc02-4b69-8fc5-02b5af1700bd" xsi:type="Triggering" />
    <relationship identifier="id-8d5f9b92-7fd8-49af-bffd-532bf742494d" source="c8cbf971-fc13-4837-8430-3dbfa95bbdfb" target="a92cf2e7-995a-4da1-af0d-290793ee4ae6" xsi:type="Triggering" />
    <relationship identifier="id-47c1f439-014c-4289-9ac8-a7efcb3eed26" source="c8cbf971-fc13-4837-8430-3dbfa95bbdfb" target="a3cc5e89-0828-4a32-8011-7ff1a50d130f" xsi:type="Triggering" />
    <relationship identifier="id-17f32082-2e79-4af9-a171-6fb11cb0e83b" source="c8cbf971-fc13-4837-8430-3dbfa95bbdfb" target="id-1b996c1b-b54a-4b05-833c-c5536ce7d7f3" xsi:type="Triggering" />
    <relationship identifier="b38f6624-41ca-4ac6-9caa-ad0206108793" source="c8cbf971-fc13-4837-8430-3dbfa95bbdfb" target="id-4b9d016b-04be-4779-a094-1a264069e60f" xsi:type="Triggering" />
    <relationship identifier="f695e2f1-3da7-4ae7-b864-f6697b979e8a" source="id-8ee9204e-d4e1-4866-ab0f-e2b292a0b015" target="c8cbf971-fc13-4837-8430-3dbfa95bbdfb" xsi:type="Triggering" />
    <relationship identifier="id-4b90483a-6b8b-47af-9b49-c37dd0f17ffa" source="id-19bd96f6-6c3d-40cc-af7e-dc9a6d1aa8c3" target="id-8ee9204e-d4e1-4866-ab0f-e2b292a0b015" xsi:type="Triggering" />
    <relationship identifier="c254d84f-cbcb-43f5-a485-58c674a7c791" source="id-1f0edfb0-4c96-401f-8941-e3e41d367e24" target="id-8ee9204e-d4e1-4866-ab0f-e2b292a0b015" xsi:type="Triggering" />
    <relationship identifier="bd73de42-9b67-4f66-b1db-4f5ce543fdfb" source="c55619d5-70d3-41d0-b4b9-e5013d138544" target="id-19bd96f6-6c3d-40cc-af7e-dc9a6d1aa8c3" xsi:type="Triggering" />
    <relationship identifier="id-18faa55f-218f-4eac-b2f4-763b1d1d9bf9" source="c55619d5-70d3-41d0-b4b9-e5013d138544" target="id-1f0edfb0-4c96-401f-8941-e3e41d367e24" xsi:type="Triggering" />
    <relationship identifier="e120a002-6375-455f-badc-f82f33aafea3" source="c55619d5-70d3-41d0-b4b9-e5013d138544" target="d1f20893-3e8a-462f-8cbc-993fbb9c1f27" xsi:type="Triggering" />
    <relationship identifier="id-86e75d95-d4a0-4c89-b49d-7f9aecc9210a" source="c55619d5-70d3-41d0-b4b9-e5013d138544" target="id-90a3f29f-2953-499b-9e73-b12ec1da3875" xsi:type="Triggering" />
    <relationship identifier="id-3eea5fbb-16d2-4461-8572-b08a05d3b5ab" source="id-7c190bac-aa4a-4430-b52a-78c56ff2ad0c" target="id-98c123bc-e473-4270-9bf1-0024f39dc832" xsi:type="Triggering" />
    <relationship identifier="id-6af1530e-d1ac-4466-bc55-da1a74d669e3" source="id-21a5bd4b-736d-454e-9465-3d245ff1f449" target="id-1e104970-4e3b-49a4-93b2-a8c16501e31f" xsi:type="Triggering" />
  </relationships>
  <organizations>
    <item>
      <label xml:lang="en">Application</label>
      <item identifierRef="id-5dfb78f9-d898-4867-bb61-69e0e3ef64e8" />
      <item identifierRef="id-151a4561-0b02-4f34-ac62-fbca5f0c1fff" />
      <item identifierRef="id-9acddf06-7dca-460d-a05c-529fc555adcd" />
      <item identifierRef="d4bf8b54-3d97-48bc-ae1f-9bb945dfca35" />
      <item identifierRef="id-0ab6bafb-f632-47b0-9ff5-386781383cca" />
      <item identifierRef="cc6f71c3-96c7-4dcc-ac6c-dbfb24d4f38e" />
      <item identifierRef="id-583b3a61-d64d-4513-baa2-ae0f5a0cf1ed" />
      <item identifierRef="id-29225e53-58ad-4e62-931b-1c617df69dcb" />
      <item identifierRef="id-8cc2e287-cc13-47a0-b412-d52f67bb429f" />
      <item identifierRef="id-3f6b9050-fc3b-4c02-9f66-f549393a6e28" />
      <item identifierRef="e138a585-7d0a-457a-88a4-0dbbdab589ce" />
      <item identifierRef="id-7c190bac-aa4a-4430-b52a-78c56ff2ad0c" />
      <item identifierRef="bb40d7d7-a512-4768-b36d-41160b25261e" />
      <item identifierRef="id-99d9222a-3a2c-498c-84f4-27727480c9a5" />
      <item identifierRef="id-98c123bc-e473-4270-9bf1-0024f39dc832" />
      <item identifierRef="d76dc935-d5e3-49da-88a9-ab8c194b8fc0" />
      <item identifierRef="id-58e18e37-d988-48bd-9e7e-1906d6bb6747" />
      <item identifierRef="id-1e104970-4e3b-49a4-93b2-a8c16501e31f" />
      <item identifierRef="ff41be07-bad7-446d-be03-a81a44e31e68" />
      <item identifierRef="id-79b7c1d9-fce3-47e6-95b8-cb3b08da0c0d" />
      <item identifierRef="id-510dde45-dc02-4b69-8fc5-02b5af1700bd" />
      <item identifierRef="a92cf2e7-995a-4da1-af0d-290793ee4ae6" />
      <item identifierRef="id-21a5bd4b-736d-454e-9465-3d245ff1f449" />
      <item identifierRef="id-65493ea0-0d95-422a-b6a2-84f96f7d3983" />
      <item identifierRef="id-4b9d016b-04be-4779-a094-1a264069e60f" />
      <item identifierRef="id-5a32ea68-d599-4de3-b300-ab85f25cb252" />
      <item identifierRef="id-1b996c1b-b54a-4b05-833c-c5536ce7d7f3" />
      <item identifierRef="id-90a3f29f-2953-499b-9e73-b12ec1da3875" />
      <item identifierRef="id-798fd970-a96a-48c4-8e08-f64247935ddb" />
      <item identifierRef="id-13442597-c20a-4729-9ac8-b41632ce36ff" />
      <item identifierRef="a3cc5e89-0828-4a32-8011-7ff1a50d130f" />
      <item identifierRef="id-19bd96f6-6c3d-40cc-af7e-dc9a6d1aa8c3" />
      <item identifierRef="id-8ee9204e-d4e1-4866-ab0f-e2b292a0b015" />
      <item identifierRef="id-1f0edfb0-4c96-401f-8941-e3e41d367e24" />
      <item identifierRef="d1f20893-3e8a-462f-8cbc-993fbb9c1f27" />
      <item identifierRef="id-373473d0-b080-4244-871b-f55415737024" />
      <item identifierRef="id-5f39cb5d-2063-4251-ba7c-20b2ecde5c92" />
      <item identifierRef="e4eceb5b-eea2-4df8-9fc8-afb048bc1bd8" />
      <item identifierRef="df3e20e3-1198-4d24-a792-d066a089c69f" />
      <item identifierRef="c8cbf971-fc13-4837-8430-3dbfa95bbdfb" />
      <item identifierRef="c55619d5-70d3-41d0-b4b9-e5013d138544" />
    </item>
    <item>
      <label xml:lang="en">Relations</label>
      <item identifierRef="id-42b95fae-4cf5-418b-9946-903caaf62ab5" />
      <item identifierRef="id-3834c3a0-2ba6-4d6a-9f65-a74c56a81f49" />
      <item identifierRef="e02611ee-972b-4e99-b8a8-3395988ef7a7" />
      <item identifierRef="id-82ea76c1-e36d-4ae4-a813-281214b5d76e" />
      <item identifierRef="b2b85b08-977c-4504-a567-d3b9c9800eed" />
      <item identifierRef="id-76126395-68bf-4cf3-88b3-a0ce0b8163ea" />
      <item identifierRef="f1165cb5-6e90-40c2-aa90-5eb767c2933e" />
      <item identifierRef="e195ae33-0a8f-43c9-8df6-fb00ecbe96af" />
      <item identifierRef="d88d3328-9cfe-4ff9-9a36-e0e24c8fc2ba" />
      <item identifierRef="id-1110c26f-fd83-4705-844b-b2813c63f95c" />
      <item identifierRef="a005886a-96f0-4a5e-be06-bbaa7b9ebd0c" />
      <item identifierRef="f942d3a7-0fff-48a8-b852-8ac6b8800896" />
      <item identifierRef="b48ab156-2bd0-4e87-bcfe-ee5d0355b45b" />
      <item identifierRef="id-650b9468-cb76-4bbe-8192-247b2cd9e506" />
      <item identifierRef="d4144f7d-6aed-4a6f-b018-dd29024db696" />
      <item identifierRef="id-202108f9-5dde-4ab5-8874-9fc6d99ab89f" />
      <item identifierRef="id-45193f26-b0d1-47eb-9460-3828676729b5" />
      <item identifierRef="b826ccd9-4f77-4df1-9da0-00d7dd90fcbf" />
      <item identifierRef="d12cf9cb-a16a-4d28-b3aa-ce64a0c30827" />
      <item identifierRef="id-2d5504cb-0f41-4613-833f-cf0189746811" />
      <item identifierRef="fb2e9f7b-761b-4529-b560-e7e7e0b21077" />
      <item identifierRef="b1212e4f-637a-4bde-8710-38b70a5ff0fd" />
      <item identifierRef="d2f0fb04-1109-48fb-a774-7c6b07740c0b" />
      <item identifierRef="id-115e07f9-c9d6-4f19-ba75-f66d718294e6" />
      <item identifierRef="c5e2b3c5-5ba1-404d-8fb1-3369a3e31462" />
      <item identifierRef="f407a7d9-f8f3-4bc2-a10d-a4c16485dca2" />
      <item identifierRef="id-90e783e2-9e7f-4ea8-8106-3f2c13fbaaf0" />
      <item identifierRef="e1d68bcd-44c0-4b88-8bf6-7e0d1d1f2c18" />
      <item identifierRef="ef832bb1-ed0d-4c92-8eda-bbaf7fadf6fe" />
      <item identifierRef="id-7816d52a-5ef9-4bc7-b455-add2e6b027da" />
      <item identifierRef="id-5cfa5319-2f70-4103-9cc1-936e6c0da778" />
      <item identifierRef="id-40b8124e-4979-4ec6-9ba9-b0f3067743f0" />
      <item identifierRef="id-0848e5a9-829b-4512-83f4-1df46f84236a" />
      <item identifierRef="id-48a4d5a2-e528-4f06-b2a1-ef9df6f223d1" />
      <item identifierRef="id-4d33fd71-02a8-45b1-8557-aa71af76364e" />
      <item identifierRef="e84392b0-0077-4c25-a269-13f826c370e4" />
      <item identifierRef="id-9d32c4dd-5a94-43fd-95fd-ffc11c800218" />
      <item identifierRef="id-25ef673c-d5be-4c1a-8941-06e629ca2ae5" />
      <item identifierRef="a8d8e8e3-02a3-4cf4-bc02-615148805adc" />
      <item identifierRef="id-42112726-e622-462c-94da-4235feca6fa4" />
      <item identifierRef="id-0d610e7b-e684-4d6d-bd19-7c17428aa31c" />
      <item identifierRef="id-083949f4-aaa6-4fbc-8eb0-00f4c13b430e" />
      <item identifierRef="id-485583ec-6e02-48c3-bf58-864dcdff5b3d" />
      <item identifierRef="id-2fda2322-6134-473c-b628-60243d846ae5" />
      <item identifierRef="id-47d3f740-d5b3-41ed-b3ce-78ae9e98bbf0" />
      <item identifierRef="id-1b874cd7-0638-44ea-ad45-e89d19701e49" />
      <item identifierRef="id-5a65d9ec-a1be-4cbc-9f63-c74ae59ac90f" />
      <item identifierRef="id-10f1c333-f273-422d-b332-a12ca362ca63" />
      <item identifierRef="id-7bde98ba-7c46-4af3-8912-b389095c5051" />
      <item identifierRef="c036ef6a-d6a4-48c3-8463-b9b6c8835c88" />
      <item identifierRef="id-7d4860b2-41b1-4fb2-a0ca-ad2585a11e03" />
      <item identifierRef="bbe7c427-0991-48fa-9c94-a4246067c8c1" />
      <item identifierRef="id-3c048b3c-57e4-41a7-ace1-c11bb7740d1f" />
      <item identifierRef="id-8ea2f726-28b2-4df2-a762-59efe6264c8f" />
      <item identifierRef="f192d349-0c88-4411-b383-b184da038ae7" />
      <item identifierRef="e0261bd9-3f4b-4576-84ec-e1775fe7ff35" />
      <item identifierRef="id-48a9d4e1-6639-4ece-9e6b-64e156a1763c" />
      <item identifierRef="a3a63b84-f8f7-465b-ba08-c1e35ae25852" />
      <item identifierRef="c5811d66-d730-4ae6-bcfb-f07a592a2855" />
      <item identifierRef="id-94570ca9-7eab-4a4c-b715-08135a0c1d4c" />
      <item identifierRef="b42e7765-ec45-4f0d-b11b-6e4f1a92fb99" />
      <item identifierRef="id-68c34bd9-d06e-4707-8bcd-db7a50d5d5eb" />
      <item identifierRef="id-9c0b6aa9-b85e-4597-a749-441b16d5c240" />
      <item identifierRef="id-8d5f9b92-7fd8-49af-bffd-532bf742494d" />
      <item identifierRef="id-47c1f439-014c-4289-9ac8-a7efcb3eed26" />
      <item identifierRef="id-17f32082-2e79-4af9-a171-6fb11cb0e83b" />
      <item identifierRef="b38f6624-41ca-4ac6-9caa-ad0206108793" />
      <item identifierRef="f695e2f1-3da7-4ae7-b864-f6697b979e8a" />
      <item identifierRef="id-4b90483a-6b8b-47af-9b49-c37dd0f17ffa" />
      <item identifierRef="c254d84f-cbcb-43f5-a485-58c674a7c791" />
      <item identifierRef="bd73de42-9b67-4f66-b1db-4f5ce543fdfb" />
      <item identifierRef="id-18faa55f-218f-4eac-b2f4-763b1d1d9bf9" />
      <item identifierRef="e120a002-6375-455f-badc-f82f33aafea3" />
      <item identifierRef="id-86e75d95-d4a0-4c89-b49d-7f9aecc9210a" />
      <item identifierRef="id-3eea5fbb-16d2-4461-8572-b08a05d3b5ab" />
      <item identifierRef="id-6af1530e-d1ac-4466-bc55-da1a74d669e3" />
    </item>
    <item>
      <label xml:lang="en">Views</label>
      <item identifierRef="id-91a70bc1-2c65-4ce8-9db3-278a02fddec7" />
    </item>
  </organizations>
  <views>
    <diagrams>
      <view identifier="id-91a70bc1-2c65-4ce8-9db3-278a02fddec7" xsi:type="Diagram" viewpoint="Application Cooperation">
        <name xml:lang="en">Default View</name>
        <node identifier="id-8bcc447f-6803-4dc7-bf07-ea370d3c1d77" elementRef="id-5dfb78f9-d898-4867-bb61-69e0e3ef64e8" xsi:type="Element" x="48" y="132" w="169" h="140">
          <style>
            <fillColor r="181" g="255" b="255" a="100" />
            <lineColor r="92" g="92" b="92" a="100" />
            <font name="Lucida Grande" size="12">
              <color r="0" g="0" b="0" />
            </font>
          </style>
        </node>
        <node identifier="id-2bb3eba2-8277-4298-8c4c-0aefdb36bb24" elementRef="id-151a4561-0b02-4f34-ac62-fbca5f0c1fff" xsi:type="Element" x="372" y="24" w="169" h="140">
          <style>
            <fillColor r="181" g="255" b="255" a="100" />
            <lineColor r="92" g="92" b="92" a="100" />
            <font name="Lucida Grande" size="12">
              <color r="0" g="0" b="0" />
            </font>
          </style>
        </node>
        <node identifier="f8582ffe-3fdf-45b4-b609-b5d9b32390ea" elementRef="id-9acddf06-7dca-460d-a05c-529fc555adcd" xsi:type="Element" x="48" y="708" w="169" h="140">
          <style>
            <fillColor r="181" g="255" b="255" a="100" />
            <lineColor r="92" g="92" b="92" a="100" />
            <font name="Lucida Grande" size="12">
              <color r="0" g="0" b="0" />
            </font>
          </style>
        </node>
        <node identifier="ef1365ae-2a81-4201-aede-8a80357a1746" elementRef="d4bf8b54-3d97-48bc-ae1f-9bb945dfca35" xsi:type="Element" x="837" y="24" w="169" h="140">
          <style>
            <fillColor r="181" g="255" b="255" a="100" />
            <lineColor r="92" g="92" b="92" a="100" />
            <font name="Lucida Grande" size="12">
              <color r="0" g="0" b="0" />
            </font>
          </style>
        </node>
        <node identifier="d3894db1-520f-4d09-ba3d-ee6f96773783" elementRef="id-0ab6bafb-f632-47b0-9ff5-386781383cca" xsi:type="Element" x="1032" y="24" w="169" h="140">
          <style>
            <fillColor r="181" g="255" b="255" a="100" />
            <lineColor r="92" g="92" b="92" a="100" />
            <font name="Lucida Grande" size="12">
              <color r="0" g="0" b="0" />
            </font>
          </style>
        </node>
        <node identifier="ab3a23b1-e7bc-448f-be17-0523212986a3" elementRef="cc6f71c3-96c7-4dcc-ac6c-dbfb24d4f38e" xsi:type="Element" x="1248" y="24" w="169" h="140">
          <style>
            <fillColor r="181" g="255" b="255" a="100" />
            <lineColor r="92" g="92" b="92" a="100" />
            <font name="Lucida Grande" size="12">
              <color r="0" g="0" b="0" />
            </font>
          </style>
        </node>
        <node identifier="e54e4990-e291-425d-a02c-90d6f30fc976" elementRef="id-583b3a61-d64d-4513-baa2-ae0f5a0cf1ed" xsi:type="Element" x="1452" y="24" w="169" h="140">
          <style>
            <fillColor r="181" g="255" b="255" a="100" />
            <lineColor r="92" g="92" b="92" a="100" />
            <font name="Lucida Grande" size="12">
              <color r="0" g="0" b="0" />
            </font>
          </style>
        </node>
        <node identifier="id-81bde6e9-2181-4454-b535-0d5e415b59cd" elementRef="id-29225e53-58ad-4e62-931b-1c617df69dcb" xsi:type="Element" x="1656" y="24" w="169" h="140">
          <style>
            <fillColor r="181" g="255" b="255" a="100" />
            <lineColor r="92" g="92" b="92" a="100" />
            <font name="Lucida Grande" size="12">
              <color r="0" g="0" b="0" />
            </font>
          </style>
        </node>
        <node identifier="id-7fda4434-baf7-4cfe-8311-e664cf593621" elementRef="id-8cc2e287-cc13-47a0-b412-d52f67bb429f" xsi:type="Element" x="1872" y="24" w="169" h="140">
          <style>
            <fillColor r="181" g="255" b="255" a="100" />
            <lineColor r="92" g="92" b="92" a="100" />
            <font name="Lucida Grande" size="12">
              <color r="0" g="0" b="0" />
            </font>
          </style>
        </node>
        <node identifier="e5004f09-c667-4446-843a-8259841f60db" elementRef="id-3f6b9050-fc3b-4c02-9f66-f549393a6e28" xsi:type="Element" x="2076" y="24" w="169" h="140">
          <style>
            <fillColor r="181" g="255" b="255" a="100" />
            <lineColor r="92" g="92" b="92" a="100" />
            <font name="Lucida Grande" size="12">
              <color r="0" g="0" b="0" />
            </font>
          </style>
        </node>
        <node identifier="id-2d3b97b9-4f87-4fbd-af75-9d9cab8f5edc" elementRef="e138a585-7d0a-457a-88a4-0dbbdab589ce" xsi:type="Element" x="651" y="24" w="169" h="140">
          <style>
            <fillColor r="181" g="255" b="255" a="100" />
            <lineColor r="92" g="92" b="92" a="100" />
            <font name="Lucida Grande" size="12">
              <color r="0" g="0" b="0" />
            </font>
          </style>
        </node>
        <node identifier="id-52765c51-ad27-4802-bb86-84963b39f003" elementRef="id-7c190bac-aa4a-4430-b52a-78c56ff2ad0c" xsi:type="Element" x="2316" y="24" w="169" h="140">
          <style>
            <fillColor r="181" g="255" b="255" a="100" />
            <lineColor r="92" g="92" b="92" a="100" />
            <font name="Lucida Grande" size="12">
              <color r="0" g="0" b="0" />
            </font>
          </style>
        </node>
        <node identifier="d8d4098d-767b-409d-9fa6-334a59821316" elementRef="bb40d7d7-a512-4768-b36d-41160b25261e" xsi:type="Element" x="48" y="924" w="169" h="140">
          <style>
            <fillColor r="181" g="255" b="255" a="100" />
            <lineColor r="92" g="92" b="92" a="100" />
            <font name="Lucida Grande" size="12">
              <color r="0" g="0" b="0" />
            </font>
          </style>
        </node>
        <node identifier="c51f9ceb-3e7c-4afe-91d8-adfe7553737b" elementRef="id-99d9222a-3a2c-498c-84f4-27727480c9a5" xsi:type="Element" x="36" y="432" w="169" h="140">
          <style>
            <fillColor r="181" g="255" b="255" a="100" />
            <lineColor r="92" g="92" b="92" a="100" />
            <font name="Lucida Grande" size="12">
              <color r="0" g="0" b="0" />
            </font>
          </style>
        </node>
        <node identifier="id-8e823e90-ad9a-4631-8009-1206de3ff524" elementRef="id-98c123bc-e473-4270-9bf1-0024f39dc832" xsi:type="Element" x="567" y="528" w="169" h="140">
          <style>
            <fillColor r="181" g="255" b="255" a="100" />
            <lineColor r="92" g="92" b="92" a="100" />
            <font name="Lucida Grande" size="12">
              <color r="0" g="0" b="0" />
            </font>
          </style>
        </node>
        <node identifier="adadf670-d1bf-4f39-a7b3-ed341bba1fde" elementRef="d76dc935-d5e3-49da-88a9-ab8c194b8fc0" xsi:type="Element" x="783" y="528" w="169" h="140">
          <style>
            <fillColor r="181" g="255" b="255" a="100" />
            <lineColor r="92" g="92" b="92" a="100" />
            <font name="Lucida Grande" size="12">
              <color r="0" g="0" b="0" />
            </font>
          </style>
        </node>
        <node identifier="id-532e40dd-637f-46b3-82da-ccd0bdf0f6b6" elementRef="id-58e18e37-d988-48bd-9e7e-1906d6bb6747" xsi:type="Element" x="987" y="528" w="169" h="140">
          <style>
            <fillColor r="181" g="255" b="255" a="100" />
            <lineColor r="92" g="92" b="92" a="100" />
            <font name="Lucida Grande" size="12">
              <color r="0" g="0" b="0" />
            </font>
          </style>
        </node>
        <node identifier="cb818c44-ba28-48d8-a810-b0918851adc2" elementRef="id-1e104970-4e3b-49a4-93b2-a8c16501e31f" xsi:type="Element" x="1191" y="528" w="169" h="140">
          <style>
            <fillColor r="181" g="255" b="255" a="100" />
            <lineColor r="92" g="92" b="92" a="100" />
            <font name="Lucida Grande" size="12">
              <color r="0" g="0" b="0" />
            </font>
          </style>
        </node>
        <node identifier="id-56786fe2-5474-44fa-9c49-d2fc5e6ca618" elementRef="ff41be07-bad7-446d-be03-a81a44e31e68" xsi:type="Element" x="1395" y="528" w="169" h="140">
          <style>
            <fillColor r="181" g="255" b="255" a="100" />
            <lineColor r="92" g="92" b="92" a="100" />
            <font name="Lucida Grande" size="12">
              <color r="0" g="0" b="0" />
            </font>
          </style>
        </node>
        <node identifier="id-4f801a85-ad25-4a15-ae31-719044a2cec8" elementRef="id-79b7c1d9-fce3-47e6-95b8-cb3b08da0c0d" xsi:type="Element" x="1611" y="528" w="169" h="140">
          <style>
            <fillColor r="181" g="255" b="255" a="100" />
            <lineColor r="92" g="92" b="92" a="100" />
            <font name="Lucida Grande" size="12">
              <color r="0" g="0" b="0" />
            </font>
          </style>
        </node>
        <node identifier="id-3de36c75-7589-4746-a391-11465ee78b54" elementRef="id-510dde45-dc02-4b69-8fc5-02b5af1700bd" xsi:type="Element" x="1851" y="528" w="169" h="140">
          <style>
            <fillColor r="181" g="255" b="255" a="100" />
            <lineColor r="92" g="92" b="92" a="100" />
            <font name="Lucida Grande" size="12">
              <color r="0" g="0" b="0" />
            </font>
          </style>
        </node>
        <node identifier="b048fd2c-122b-43fd-8350-7c05dc8dd2c4" elementRef="a92cf2e7-995a-4da1-af0d-290793ee4ae6" xsi:type="Element" x="1851" y="900" w="169" h="140">
          <style>
            <fillColor r="181" g="255" b="255" a="100" />
            <lineColor r="92" g="92" b="92" a="100" />
            <font name="Lucida Grande" size="12">
              <color r="0" g="0" b="0" />
            </font>
          </style>
        </node>
        <node identifier="id-82d069f6-9171-4790-a909-82ecf95e2c45" elementRef="id-21a5bd4b-736d-454e-9465-3d245ff1f449" xsi:type="Element" x="264" y="720" w="169" h="140">
          <style>
            <fillColor r="181" g="255" b="255" a="100" />
            <lineColor r="92" g="92" b="92" a="100" />
            <font name="Lucida Grande" size="12">
              <color r="0" g="0" b="0" />
            </font>
          </style>
        </node>
        <node identifier="a72eb52f-0aa3-4b4a-b42e-c3526db03c64" elementRef="id-65493ea0-0d95-422a-b6a2-84f96f7d3983" xsi:type="Element" x="288" y="924" w="169" h="140">
          <style>
            <fillColor r="181" g="255" b="255" a="100" />
            <lineColor r="92" g="92" b="92" a="100" />
            <font name="Lucida Grande" size="12">
              <color r="0" g="0" b="0" />
            </font>
          </style>
        </node>
        <node identifier="id-7acb81ce-813a-403c-beda-530c7e154367" elementRef="id-4b9d016b-04be-4779-a094-1a264069e60f" xsi:type="Element" x="567" y="725" w="169" h="140">
          <style>
            <fillColor r="181" g="255" b="255" a="100" />
            <lineColor r="92" g="92" b="92" a="100" />
            <font name="Lucida Grande" size="12">
              <color r="0" g="0" b="0" />
            </font>
          </style>
        </node>
        <node identifier="id-62a31f84-36f3-4077-b250-6e6db9e15069" elementRef="id-5a32ea68-d599-4de3-b300-ab85f25cb252" xsi:type="Element" x="1611" y="725" w="169" h="140">
          <style>
            <fillColor r="181" g="255" b="255" a="100" />
            <lineColor r="92" g="92" b="92" a="100" />
            <font name="Lucida Grande" size="12">
              <color r="0" g="0" b="0" />
            </font>
          </style>
        </node>
        <node identifier="id-5973f789-1b79-4b53-8910-3790c5fe50f5" elementRef="id-1b996c1b-b54a-4b05-833c-c5536ce7d7f3" xsi:type="Element" x="783" y="725" w="169" h="140">
          <style>
            <fillColor r="181" g="255" b="255" a="100" />
            <lineColor r="92" g="92" b="92" a="100" />
            <font name="Lucida Grande" size="12">
              <color r="0" g="0" b="0" />
            </font>
          </style>
        </node>
        <node identifier="id-8e87aadd-408b-498c-b83f-fe8e6010c782" elementRef="id-90a3f29f-2953-499b-9e73-b12ec1da3875" xsi:type="Element" x="1005" y="725" w="169" h="140">
          <style>
            <fillColor r="181" g="255" b="255" a="100" />
            <lineColor r="92" g="92" b="92" a="100" />
            <font name="Lucida Grande" size="12">
              <color r="0" g="0" b="0" />
            </font>
          </style>
        </node>
        <node identifier="id-45db1572-5e7e-499e-8197-0c0f78056f47" elementRef="id-798fd970-a96a-48c4-8e08-f64247935ddb" xsi:type="Element" x="987" y="900" w="169" h="140">
          <style>
            <fillColor r="181" g="255" b="255" a="100" />
            <lineColor r="92" g="92" b="92" a="100" />
            <font name="Lucida Grande" size="12">
              <color r="0" g="0" b="0" />
            </font>
          </style>
        </node>
        <node identifier="a9973184-c39e-4a09-96ea-fb88388a8cd7" elementRef="id-13442597-c20a-4729-9ac8-b41632ce36ff" xsi:type="Element" x="1191" y="725" w="169" h="140">
          <style>
            <fillColor r="181" g="255" b="255" a="100" />
            <lineColor r="92" g="92" b="92" a="100" />
            <font name="Lucida Grande" size="12">
              <color r="0" g="0" b="0" />
            </font>
          </style>
        </node>
        <node identifier="id-2bbb8656-5024-447c-8f5b-101985c5244d" elementRef="a3cc5e89-0828-4a32-8011-7ff1a50d130f" xsi:type="Element" x="1395" y="725" w="169" h="140">
          <style>
            <fillColor r="181" g="255" b="255" a="100" />
            <lineColor r="92" g="92" b="92" a="100" />
            <font name="Lucida Grande" size="12">
              <color r="0" g="0" b="0" />
            </font>
          </style>
        </node>
        <node identifier="id-21bf27e4-b03c-49ab-85e3-73afb7d1f2bc" elementRef="id-19bd96f6-6c3d-40cc-af7e-dc9a6d1aa8c3" xsi:type="Element" x="1464" y="1104" w="169" h="140">
          <style>
            <fillColor r="181" g="255" b="255" a="100" />
            <lineColor r="92" g="92" b="92" a="100" />
            <font name="Lucida Grande" size="12">
              <color r="0" g="0" b="0" />
            </font>
          </style>
        </node>
        <node identifier="b08d1f8c-7711-4749-9bda-bb0f549b2900" elementRef="id-8ee9204e-d4e1-4866-ab0f-e2b292a0b015" xsi:type="Element" x="1611" y="900" w="169" h="140">
          <style>
            <fillColor r="181" g="255" b="255" a="100" />
            <lineColor r="92" g="92" b="92" a="100" />
            <font name="Lucida Grande" size="12">
              <color r="0" g="0" b="0" />
            </font>
          </style>
        </node>
        <node identifier="id-5e51854d-a4a8-439b-9f4d-3c4172ad26a1" elementRef="id-1f0edfb0-4c96-401f-8941-e3e41d367e24" xsi:type="Element" x="1395" y="900" w="169" h="140">
          <style>
            <fillColor r="181" g="255" b="255" a="100" />
            <lineColor r="92" g="92" b="92" a="100" />
            <font name="Lucida Grande" size="12">
              <color r="0" g="0" b="0" />
            </font>
          </style>
        </node>
        <node identifier="f5bc927f-b49e-4aa5-8fff-00fcfde87055" elementRef="d1f20893-3e8a-462f-8cbc-993fbb9c1f27" xsi:type="Element" x="1851" y="725" w="169" h="140">
          <style>
            <fillColor r="181" g="255" b="255" a="100" />
            <lineColor r="92" g="92" b="92" a="100" />
            <font name="Lucida Grande" size="12">
              <color r="0" g="0" b="0" />
            </font>
          </style>
        </node>
        <node identifier="id-31d5705d-ec4b-4a7d-9227-804094098c13" elementRef="id-373473d0-b080-4244-871b-f55415737024" xsi:type="Element" x="819" y="300" w="169" h="54">
          <style>
            <fillColor r="181" g="255" b="255" a="100" />
            <lineColor r="92" g="92" b="92" a="100" />
            <font name="Lucida Grande" size="12">
              <color r="0" g="0" b="0" />
            </font>
          </style>
        </node>
        <node identifier="id-6dc0c14a-fa00-4a36-9dd0-029969004f33" elementRef="id-5f39cb5d-2063-4251-ba7c-20b2ecde5c92" xsi:type="Element" x="600" y="300" w="169" h="54">
          <style>
            <fillColor r="181" g="255" b="255" a="100" />
            <lineColor r="92" g="92" b="92" a="100" />
            <font name="Lucida Grande" size="12">
              <color r="0" g="0" b="0" />
            </font>
          </style>
        </node>
        <node identifier="id-1a0159b8-a72b-4e4d-9c7e-435500bf83fb" elementRef="e4eceb5b-eea2-4df8-9fc8-afb048bc1bd8" xsi:type="Element" x="1068" y="300" w="169" h="54">
          <style>
            <fillColor r="181" g="255" b="255" a="100" />
            <lineColor r="92" g="92" b="92" a="100" />
            <font name="Lucida Grande" size="12">
              <color r="0" g="0" b="0" />
            </font>
          </style>
        </node>
        <node identifier="id-4b7bfef7-fe24-40d6-b06a-15f83f1cde46" elementRef="df3e20e3-1198-4d24-a792-d066a089c69f" xsi:type="Element" x="1851" y="1128" w="169" h="140">
          <style>
            <fillColor r="181" g="255" b="255" a="100" />
            <lineColor r="92" g="92" b="92" a="100" />
            <font name="Lucida Grande" size="12">
              <color r="0" g="0" b="0" />
            </font>
          </style>
        </node>
        <node identifier="id-258bca60-a3a1-4f33-8220-763e73fd3dcf" elementRef="c8cbf971-fc13-4837-8430-3dbfa95bbdfb" xsi:type="Element" x="372" y="299" w="120" h="55">
          <style>
            <fillColor r="181" g="255" b="255" a="100" />
            <lineColor r="92" g="92" b="92" a="100" />
            <font name="Lucida Grande" size="12">
              <color r="0" g="0" b="0" />
            </font>
          </style>
        </node>
        <node identifier="ad32a7e4-37af-46cd-8d3f-5c8a96ddb27a" elementRef="c55619d5-70d3-41d0-b4b9-e5013d138544" xsi:type="Element" x="1345" y="299" w="120" h="55">
          <style>
            <fillColor r="181" g="255" b="255" a="100" />
            <lineColor r="92" g="92" b="92" a="100" />
            <font name="Lucida Grande" size="12">
              <color r="0" g="0" b="0" />
            </font>
          </style>
        </node>
        <connection identifier="id-8f8c7377-e9bf-4c4e-b1b1-9a0707eaf21c" relationshipRef="id-42b95fae-4cf5-418b-9946-903caaf62ab5" xsi:type="Relationship" source="id-8bcc447f-6803-4dc7-bf07-ea370d3c1d77" target="c51f9ceb-3e7c-4afe-91d8-adfe7553737b">
          <style>
            <lineColor r="0" g="0" b="0" />
            <font name="Lucida Grande" size="12">
              <color r="0" g="0" b="0" />
            </font>
          </style>
        </connection>
        <connection identifier="id-4f73b665-350e-48ed-854a-17a8f835d9bb" relationshipRef="d88d3328-9cfe-4ff9-9a36-e0e24c8fc2ba" xsi:type="Relationship" source="id-2bb3eba2-8277-4298-8c4c-0aefdb36bb24" target="c51f9ceb-3e7c-4afe-91d8-adfe7553737b">
          <style>
            <lineColor r="0" g="0" b="0" />
            <font name="Lucida Grande" size="12">
              <color r="0" g="0" b="0" />
            </font>
          </style>
        </connection>
        <connection identifier="bde1571f-74eb-4f87-992a-4c1c2cb85d1c" relationshipRef="id-1110c26f-fd83-4705-844b-b2813c63f95c" xsi:type="Relationship" source="id-2bb3eba2-8277-4298-8c4c-0aefdb36bb24" target="adadf670-d1bf-4f39-a7b3-ed341bba1fde">
          <style>
            <lineColor r="0" g="0" b="0" />
            <font name="Lucida Grande" size="12">
              <color r="0" g="0" b="0" />
            </font>
          </style>
        </connection>
        <connection identifier="id-61f46f08-725d-445c-af5c-14c8d5771656" relationshipRef="id-3834c3a0-2ba6-4d6a-9f65-a74c56a81f49" xsi:type="Relationship" source="f8582ffe-3fdf-45b4-b609-b5d9b32390ea" target="d8d4098d-767b-409d-9fa6-334a59821316">
          <style>
            <lineColor r="0" g="0" b="0" />
            <font name="Lucida Grande" size="12">
              <color r="0" g="0" b="0" />
            </font>
          </style>
        </connection>
        <connection identifier="id-71a4db49-6ff6-4bd3-b2d7-c4f6267f244f" relationshipRef="e02611ee-972b-4e99-b8a8-3395988ef7a7" xsi:type="Relationship" source="f8582ffe-3fdf-45b4-b609-b5d9b32390ea" target="c51f9ceb-3e7c-4afe-91d8-adfe7553737b">
          <style>
            <lineColor r="0" g="0" b="0" />
            <font name="Lucida Grande" size="12">
              <color r="0" g="0" b="0" />
            </font>
          </style>
        </connection>
        <connection identifier="f54025d2-049f-4b5c-a086-96d061d87a08" relationshipRef="id-82ea76c1-e36d-4ae4-a813-281214b5d76e" xsi:type="Relationship" source="ef1365ae-2a81-4201-aede-8a80357a1746" target="c51f9ceb-3e7c-4afe-91d8-adfe7553737b">
          <style>
            <lineColor r="0" g="0" b="0" />
            <font name="Lucida Grande" size="12">
              <color r="0" g="0" b="0" />
            </font>
          </style>
        </connection>
        <connection identifier="id-538a3c37-2f32-4705-a603-7144410e41cd" relationshipRef="b2b85b08-977c-4504-a567-d3b9c9800eed" xsi:type="Relationship" source="d3894db1-520f-4d09-ba3d-ee6f96773783" target="id-8e823e90-ad9a-4631-8009-1206de3ff524">
          <style>
            <lineColor r="0" g="0" b="0" />
            <font name="Lucida Grande" size="12">
              <color r="0" g="0" b="0" />
            </font>
          </style>
        </connection>
        <connection identifier="id-2f51629d-a966-4e00-b741-7a72cbc358af" relationshipRef="id-76126395-68bf-4cf3-88b3-a0ce0b8163ea" xsi:type="Relationship" source="ab3a23b1-e7bc-448f-be17-0523212986a3" target="id-8e823e90-ad9a-4631-8009-1206de3ff524">
          <style>
            <lineColor r="0" g="0" b="0" />
            <font name="Lucida Grande" size="12">
              <color r="0" g="0" b="0" />
            </font>
          </style>
        </connection>
        <connection identifier="id-7627e0cf-4e4d-4482-bf1e-11d36dde7af1" relationshipRef="f1165cb5-6e90-40c2-aa90-5eb767c2933e" xsi:type="Relationship" source="ab3a23b1-e7bc-448f-be17-0523212986a3" target="adadf670-d1bf-4f39-a7b3-ed341bba1fde">
          <style>
            <lineColor r="0" g="0" b="0" />
            <font name="Lucida Grande" size="12">
              <color r="0" g="0" b="0" />
            </font>
          </style>
        </connection>
        <connection identifier="a1f22804-5d0f-41bd-9988-60b5abbb174d" relationshipRef="e195ae33-0a8f-43c9-8df6-fb00ecbe96af" xsi:type="Relationship" source="e54e4990-e291-425d-a02c-90d6f30fc976" target="adadf670-d1bf-4f39-a7b3-ed341bba1fde">
          <style>
            <lineColor r="0" g="0" b="0" />
            <font name="Lucida Grande" size="12">
              <color r="0" g="0" b="0" />
            </font>
          </style>
        </connection>
        <connection identifier="id-97101b20-5a5b-4038-9b49-7d6388b79e7c" relationshipRef="a005886a-96f0-4a5e-be06-bbaa7b9ebd0c" xsi:type="Relationship" source="id-81bde6e9-2181-4454-b535-0d5e415b59cd" target="c51f9ceb-3e7c-4afe-91d8-adfe7553737b">
          <style>
            <lineColor r="0" g="0" b="0" />
            <font name="Lucida Grande" size="12">
              <color r="0" g="0" b="0" />
            </font>
          </style>
        </connection>
        <connection identifier="id-7d5cee3a-091e-4a77-806e-1d39275eaf6f" relationshipRef="f942d3a7-0fff-48a8-b852-8ac6b8800896" xsi:type="Relationship" source="id-7fda4434-baf7-4cfe-8311-e664cf593621" target="c51f9ceb-3e7c-4afe-91d8-adfe7553737b">
          <style>
            <lineColor r="0" g="0" b="0" />
            <font name="Lucida Grande" size="12">
              <color r="0" g="0" b="0" />
            </font>
          </style>
        </connection>
        <connection identifier="id-2a40d368-9bc7-4490-8461-5317b0b5b6b1" relationshipRef="d4144f7d-6aed-4a6f-b018-dd29024db696" xsi:type="Relationship" source="id-7fda4434-baf7-4cfe-8311-e664cf593621" target="id-532e40dd-637f-46b3-82da-ccd0bdf0f6b6">
          <style>
            <lineColor r="0" g="0" b="0" />
            <font name="Lucida Grande" size="12">
              <color r="0" g="0" b="0" />
            </font>
          </style>
        </connection>
        <connection identifier="id-89323fae-f020-4f61-b545-f9894c13692c" relationshipRef="b48ab156-2bd0-4e87-bcfe-ee5d0355b45b" xsi:type="Relationship" source="e5004f09-c667-4446-843a-8259841f60db" target="cb818c44-ba28-48d8-a810-b0918851adc2">
          <style>
            <lineColor r="0" g="0" b="0" />
            <font name="Lucida Grande" size="12">
              <color r="0" g="0" b="0" />
            </font>
          </style>
        </connection>
        <connection identifier="id-6df46400-3bca-403c-acf6-35028ead4e47" relationshipRef="id-650b9468-cb76-4bbe-8192-247b2cd9e506" xsi:type="Relationship" source="e5004f09-c667-4446-843a-8259841f60db" target="c51f9ceb-3e7c-4afe-91d8-adfe7553737b">
          <style>
            <lineColor r="0" g="0" b="0" />
            <font name="Lucida Grande" size="12">
              <color r="0" g="0" b="0" />
            </font>
          </style>
        </connection>
        <connection identifier="id-311b1ee2-36ca-4992-a3c7-7e52e85b0659" relationshipRef="id-45193f26-b0d1-47eb-9460-3828676729b5" xsi:type="Relationship" source="id-2d3b97b9-4f87-4fbd-af75-9d9cab8f5edc" target="id-8e823e90-ad9a-4631-8009-1206de3ff524">
          <style>
            <lineColor r="0" g="0" b="0" />
            <font name="Lucida Grande" size="12">
              <color r="0" g="0" b="0" />
            </font>
          </style>
        </connection>
        <connection identifier="id-6a1e86e6-922b-4283-af0e-18a91d698bd9" relationshipRef="b826ccd9-4f77-4df1-9da0-00d7dd90fcbf" xsi:type="Relationship" source="id-2d3b97b9-4f87-4fbd-af75-9d9cab8f5edc" target="cb818c44-ba28-48d8-a810-b0918851adc2">
          <style>
            <lineColor r="0" g="0" b="0" />
            <font name="Lucida Grande" size="12">
              <color r="0" g="0" b="0" />
            </font>
          </style>
        </connection>
        <connection identifier="f312934e-7d49-419b-ab9d-98226231c3a4" relationshipRef="id-2d5504cb-0f41-4613-833f-cf0189746811" xsi:type="Relationship" source="id-2d3b97b9-4f87-4fbd-af75-9d9cab8f5edc" target="id-4f801a85-ad25-4a15-ae31-719044a2cec8">
          <style>
            <lineColor r="0" g="0" b="0" />
            <font name="Lucida Grande" size="12">
              <color r="0" g="0" b="0" />
            </font>
          </style>
        </connection>
        <connection identifier="c9893ca8-e392-4a61-842b-1b6bc7101d9b" relationshipRef="d12cf9cb-a16a-4d28-b3aa-ce64a0c30827" xsi:type="Relationship" source="id-52765c51-ad27-4802-bb86-84963b39f003" target="cb818c44-ba28-48d8-a810-b0918851adc2">
          <style>
            <lineColor r="0" g="0" b="0" />
            <font name="Lucida Grande" size="12">
              <color r="0" g="0" b="0" />
            </font>
          </style>
        </connection>
        <connection identifier="e656ef1b-7470-471e-ad9b-d5c62e128cfd" relationshipRef="fb2e9f7b-761b-4529-b560-e7e7e0b21077" xsi:type="Relationship" source="id-52765c51-ad27-4802-bb86-84963b39f003" target="c51f9ceb-3e7c-4afe-91d8-adfe7553737b">
          <style>
            <lineColor r="0" g="0" b="0" />
            <font name="Lucida Grande" size="12">
              <color r="0" g="0" b="0" />
            </font>
          </style>
        </connection>
        <connection identifier="id-6652c04e-d497-4a11-af37-0a4806f99abc" relationshipRef="b1212e4f-637a-4bde-8710-38b70a5ff0fd" xsi:type="Relationship" source="id-52765c51-ad27-4802-bb86-84963b39f003" target="id-56786fe2-5474-44fa-9c49-d2fc5e6ca618">
          <style>
            <lineColor r="0" g="0" b="0" />
            <font name="Lucida Grande" size="12">
              <color r="0" g="0" b="0" />
            </font>
          </style>
        </connection>
        <connection identifier="id-79086c69-a1da-4740-8fcb-5d78ec39aa80" relationshipRef="d2f0fb04-1109-48fb-a774-7c6b07740c0b" xsi:type="Relationship" source="id-52765c51-ad27-4802-bb86-84963b39f003" target="id-4f801a85-ad25-4a15-ae31-719044a2cec8">
          <style>
            <lineColor r="0" g="0" b="0" />
            <font name="Lucida Grande" size="12">
              <color r="0" g="0" b="0" />
            </font>
          </style>
        </connection>
        <connection identifier="id-353710b5-ce49-4c57-86b6-6cbbb9140cdc" relationshipRef="id-3eea5fbb-16d2-4461-8572-b08a05d3b5ab" xsi:type="Relationship" source="id-52765c51-ad27-4802-bb86-84963b39f003" target="id-8e823e90-ad9a-4631-8009-1206de3ff524">
          <style>
            <lineColor r="0" g="0" b="0" />
            <font name="Lucida Grande" size="12">
              <color r="0" g="0" b="0" />
            </font>
          </style>
        </connection>
        <connection identifier="eed29883-9963-4231-bab0-886fb15f3cf4" relationshipRef="f407a7d9-f8f3-4bc2-a10d-a4c16485dca2" xsi:type="Relationship" source="d8d4098d-767b-409d-9fa6-334a59821316" target="a72eb52f-0aa3-4b4a-b42e-c3526db03c64">
          <style>
            <lineColor r="0" g="0" b="0" />
            <font name="Lucida Grande" size="12">
              <color r="0" g="0" b="0" />
            </font>
          </style>
        </connection>
        <connection identifier="fd5fec52-9d64-4ef4-a99d-e139db74ddb4" relationshipRef="id-90e783e2-9e7f-4ea8-8106-3f2c13fbaaf0" xsi:type="Relationship" source="c51f9ceb-3e7c-4afe-91d8-adfe7553737b" target="id-45db1572-5e7e-499e-8197-0c0f78056f47">
          <style>
            <lineColor r="0" g="0" b="0" />
            <font name="Lucida Grande" size="12">
              <color r="0" g="0" b="0" />
            </font>
          </style>
        </connection>
        <connection identifier="id-967608d6-a3fb-488c-bcf3-1a05fb00cb21" relationshipRef="e1d68bcd-44c0-4b88-8bf6-7e0d1d1f2c18" xsi:type="Relationship" source="id-8e823e90-ad9a-4631-8009-1206de3ff524" target="id-6dc0c14a-fa00-4a36-9dd0-029969004f33">
          <style>
            <lineColor r="0" g="0" b="0" />
            <font name="Lucida Grande" size="12">
              <color r="0" g="0" b="0" />
            </font>
          </style>
        </connection>
        <connection identifier="c388ee4a-426c-4d33-848d-4f663f20f40b" relationshipRef="a3a63b84-f8f7-465b-ba08-c1e35ae25852" xsi:type="Relationship" source="id-8e823e90-ad9a-4631-8009-1206de3ff524" target="id-4f801a85-ad25-4a15-ae31-719044a2cec8">
          <style>
            <lineColor r="0" g="0" b="0" />
            <font name="Lucida Grande" size="12">
              <color r="0" g="0" b="0" />
            </font>
          </style>
        </connection>
        <connection identifier="id-25f190eb-00f2-4b90-9c57-e29ed57e65f6" relationshipRef="ef832bb1-ed0d-4c92-8eda-bbaf7fadf6fe" xsi:type="Relationship" source="adadf670-d1bf-4f39-a7b3-ed341bba1fde" target="id-6dc0c14a-fa00-4a36-9dd0-029969004f33">
          <style>
            <lineColor r="0" g="0" b="0" />
            <font name="Lucida Grande" size="12">
              <color r="0" g="0" b="0" />
            </font>
          </style>
        </connection>
        <connection identifier="id-2c638b82-d1b6-436f-af8c-496b23a0b38a" relationshipRef="id-202108f9-5dde-4ab5-8874-9fc6d99ab89f" xsi:type="Relationship" source="id-532e40dd-637f-46b3-82da-ccd0bdf0f6b6" target="id-31d5705d-ec4b-4a7d-9227-804094098c13">
          <style>
            <lineColor r="0" g="0" b="0" />
            <font name="Lucida Grande" size="12">
              <color r="0" g="0" b="0" />
            </font>
          </style>
        </connection>
        <connection identifier="id-94ec5291-3c9e-44e1-a468-8e5ea84c4866" relationshipRef="id-7816d52a-5ef9-4bc7-b455-add2e6b027da" xsi:type="Relationship" source="cb818c44-ba28-48d8-a810-b0918851adc2" target="a72eb52f-0aa3-4b4a-b42e-c3526db03c64">
          <style>
            <lineColor r="0" g="0" b="0" />
            <font name="Lucida Grande" size="12">
              <color r="0" g="0" b="0" />
            </font>
          </style>
        </connection>
        <connection identifier="id-87152dea-b2e0-4ee4-a392-80658935ca19" relationshipRef="id-5cfa5319-2f70-4103-9cc1-936e6c0da778" xsi:type="Relationship" source="cb818c44-ba28-48d8-a810-b0918851adc2" target="a9973184-c39e-4a09-96ea-fb88388a8cd7">
          <style>
            <lineColor r="0" g="0" b="0" />
            <font name="Lucida Grande" size="12">
              <color r="0" g="0" b="0" />
            </font>
          </style>
        </connection>
        <connection identifier="id-2153d0db-cd03-43f9-8acc-68c453cc33a5" relationshipRef="id-40b8124e-4979-4ec6-9ba9-b0f3067743f0" xsi:type="Relationship" source="cb818c44-ba28-48d8-a810-b0918851adc2" target="id-4f801a85-ad25-4a15-ae31-719044a2cec8">
          <style>
            <lineColor r="0" g="0" b="0" />
            <font name="Lucida Grande" size="12">
              <color r="0" g="0" b="0" />
            </font>
          </style>
        </connection>
        <connection identifier="ba03a3b0-e5c5-4bab-aebe-3ec28439c0eb" relationshipRef="id-0848e5a9-829b-4512-83f4-1df46f84236a" xsi:type="Relationship" source="id-56786fe2-5474-44fa-9c49-d2fc5e6ca618" target="id-4f801a85-ad25-4a15-ae31-719044a2cec8">
          <style>
            <lineColor r="0" g="0" b="0" />
            <font name="Lucida Grande" size="12">
              <color r="0" g="0" b="0" />
            </font>
          </style>
        </connection>
        <connection identifier="c5fde996-e670-4fe9-8deb-9f43ed409d01" relationshipRef="id-48a4d5a2-e528-4f06-b2a1-ef9df6f223d1" xsi:type="Relationship" source="id-56786fe2-5474-44fa-9c49-d2fc5e6ca618" target="id-1a0159b8-a72b-4e4d-9c7e-435500bf83fb">
          <style>
            <lineColor r="0" g="0" b="0" />
            <font name="Lucida Grande" size="12">
              <color r="0" g="0" b="0" />
            </font>
          </style>
        </connection>
        <connection identifier="id-686df50a-c3f8-4572-b2fc-c1509d3dfadb" relationshipRef="c5e2b3c5-5ba1-404d-8fb1-3369a3e31462" xsi:type="Relationship" source="id-3de36c75-7589-4746-a391-11465ee78b54" target="id-4f801a85-ad25-4a15-ae31-719044a2cec8">
          <style>
            <lineColor r="0" g="0" b="0" />
            <font name="Lucida Grande" size="12">
              <color r="0" g="0" b="0" />
            </font>
          </style>
        </connection>
        <connection identifier="d487f4fc-8625-4e1d-84c4-95ca5732746f" relationshipRef="id-4d33fd71-02a8-45b1-8557-aa71af76364e" xsi:type="Relationship" source="id-3de36c75-7589-4746-a391-11465ee78b54" target="id-56786fe2-5474-44fa-9c49-d2fc5e6ca618">
          <style>
            <lineColor r="0" g="0" b="0" />
            <font name="Lucida Grande" size="12">
              <color r="0" g="0" b="0" />
            </font>
          </style>
        </connection>
        <connection identifier="id-175ec06c-4abc-4900-bc66-11a15fe0130e" relationshipRef="e84392b0-0077-4c25-a269-13f826c370e4" xsi:type="Relationship" source="id-3de36c75-7589-4746-a391-11465ee78b54" target="id-62a31f84-36f3-4077-b250-6e6db9e15069">
          <style>
            <lineColor r="0" g="0" b="0" />
            <font name="Lucida Grande" size="12">
              <color r="0" g="0" b="0" />
            </font>
          </style>
        </connection>
        <connection identifier="id-73296939-4de5-4d3c-a175-0fcd9122184e" relationshipRef="id-9d32c4dd-5a94-43fd-95fd-ffc11c800218" xsi:type="Relationship" source="id-3de36c75-7589-4746-a391-11465ee78b54" target="cb818c44-ba28-48d8-a810-b0918851adc2">
          <style>
            <lineColor r="0" g="0" b="0" />
            <font name="Lucida Grande" size="12">
              <color r="0" g="0" b="0" />
            </font>
          </style>
        </connection>
        <connection identifier="id-9dc678d0-1b8d-4eb4-9299-c79ddb4f16c1" relationshipRef="id-25ef673c-d5be-4c1a-8941-06e629ca2ae5" xsi:type="Relationship" source="b048fd2c-122b-43fd-8350-7c05dc8dd2c4" target="id-4f801a85-ad25-4a15-ae31-719044a2cec8">
          <style>
            <lineColor r="0" g="0" b="0" />
            <font name="Lucida Grande" size="12">
              <color r="0" g="0" b="0" />
            </font>
          </style>
        </connection>
        <connection identifier="fdd07f63-ad54-49fa-a41e-f685d342598e" relationshipRef="a8d8e8e3-02a3-4cf4-bc02-615148805adc" xsi:type="Relationship" source="b048fd2c-122b-43fd-8350-7c05dc8dd2c4" target="id-56786fe2-5474-44fa-9c49-d2fc5e6ca618">
          <style>
            <lineColor r="0" g="0" b="0" />
            <font name="Lucida Grande" size="12">
              <color r="0" g="0" b="0" />
            </font>
          </style>
        </connection>
        <connection identifier="id-25caca29-fb15-4f8c-b5f7-c9ab80e5d731" relationshipRef="id-42112726-e622-462c-94da-4235feca6fa4" xsi:type="Relationship" source="b048fd2c-122b-43fd-8350-7c05dc8dd2c4" target="id-8e87aadd-408b-498c-b83f-fe8e6010c782">
          <style>
            <lineColor r="0" g="0" b="0" />
            <font name="Lucida Grande" size="12">
              <color r="0" g="0" b="0" />
            </font>
          </style>
        </connection>
        <connection identifier="a7257840-801e-4dbf-86e6-e0a524831ffa" relationshipRef="c036ef6a-d6a4-48c3-8463-b9b6c8835c88" xsi:type="Relationship" source="b048fd2c-122b-43fd-8350-7c05dc8dd2c4" target="id-4b7bfef7-fe24-40d6-b06a-15f83f1cde46">
          <style>
            <lineColor r="0" g="0" b="0" />
            <font name="Lucida Grande" size="12">
              <color r="0" g="0" b="0" />
            </font>
          </style>
        </connection>
        <connection identifier="id-72902fdd-606f-4015-948b-b3f8ee2cb349" relationshipRef="id-0d610e7b-e684-4d6d-bd19-7c17428aa31c" xsi:type="Relationship" source="id-82d069f6-9171-4790-a909-82ecf95e2c45" target="c51f9ceb-3e7c-4afe-91d8-adfe7553737b">
          <style>
            <lineColor r="0" g="0" b="0" />
            <font name="Lucida Grande" size="12">
              <color r="0" g="0" b="0" />
            </font>
          </style>
        </connection>
        <connection identifier="id-1c6b4b21-c91b-4ebe-88b6-02306f5c7282" relationshipRef="id-6af1530e-d1ac-4466-bc55-da1a74d669e3" xsi:type="Relationship" source="id-82d069f6-9171-4790-a909-82ecf95e2c45" target="cb818c44-ba28-48d8-a810-b0918851adc2">
          <style>
            <lineColor r="0" g="0" b="0" />
            <font name="Lucida Grande" size="12">
              <color r="0" g="0" b="0" />
            </font>
          </style>
        </connection>
        <connection identifier="bbffade3-7e9a-4004-ac5e-16db5835e314" relationshipRef="id-083949f4-aaa6-4fbc-8eb0-00f4c13b430e" xsi:type="Relationship" source="a72eb52f-0aa3-4b4a-b42e-c3526db03c64" target="id-6dc0c14a-fa00-4a36-9dd0-029969004f33">
          <style>
            <lineColor r="0" g="0" b="0" />
            <font name="Lucida Grande" size="12">
              <color r="0" g="0" b="0" />
            </font>
          </style>
        </connection>
        <connection identifier="id-5c243bf3-a47a-4a0e-8334-efde1a99bd52" relationshipRef="id-485583ec-6e02-48c3-bf58-864dcdff5b3d" xsi:type="Relationship" source="id-7acb81ce-813a-403c-beda-530c7e154367" target="a72eb52f-0aa3-4b4a-b42e-c3526db03c64">
          <style>
            <lineColor r="0" g="0" b="0" />
            <font name="Lucida Grande" size="12">
              <color r="0" g="0" b="0" />
            </font>
          </style>
        </connection>
        <connection identifier="e68ab9b1-43ac-439f-ad4d-6d401c471f3b" relationshipRef="id-2fda2322-6134-473c-b628-60243d846ae5" xsi:type="Relationship" source="id-7acb81ce-813a-403c-beda-530c7e154367" target="id-8e87aadd-408b-498c-b83f-fe8e6010c782">
          <style>
            <lineColor r="0" g="0" b="0" />
            <font name="Lucida Grande" size="12">
              <color r="0" g="0" b="0" />
            </font>
          </style>
        </connection>
        <connection identifier="ad6c12a1-62de-4108-a1c8-89c1b6066d63" relationshipRef="id-47d3f740-d5b3-41ed-b3ce-78ae9e98bbf0" xsi:type="Relationship" source="id-7acb81ce-813a-403c-beda-530c7e154367" target="id-4f801a85-ad25-4a15-ae31-719044a2cec8">
          <style>
            <lineColor r="0" g="0" b="0" />
            <font name="Lucida Grande" size="12">
              <color r="0" g="0" b="0" />
            </font>
          </style>
        </connection>
        <connection identifier="bec19db2-af70-4a1b-b29d-b8724e8eafec" relationshipRef="id-1b874cd7-0638-44ea-ad45-e89d19701e49" xsi:type="Relationship" source="id-7acb81ce-813a-403c-beda-530c7e154367" target="id-56786fe2-5474-44fa-9c49-d2fc5e6ca618">
          <style>
            <lineColor r="0" g="0" b="0" />
            <font name="Lucida Grande" size="12">
              <color r="0" g="0" b="0" />
            </font>
          </style>
        </connection>
        <connection identifier="id-2e821171-cc53-4e22-9aad-9f7c71c3def2" relationshipRef="id-5a65d9ec-a1be-4cbc-9f63-c74ae59ac90f" xsi:type="Relationship" source="id-62a31f84-36f3-4077-b250-6e6db9e15069" target="id-31d5705d-ec4b-4a7d-9227-804094098c13">
          <style>
            <lineColor r="0" g="0" b="0" />
            <font name="Lucida Grande" size="12">
              <color r="0" g="0" b="0" />
            </font>
          </style>
        </connection>
        <connection identifier="id-66f2cd39-f4fe-4941-80e7-f2c9976b9c6d" relationshipRef="id-10f1c333-f273-422d-b332-a12ca362ca63" xsi:type="Relationship" source="id-62a31f84-36f3-4077-b250-6e6db9e15069" target="cb818c44-ba28-48d8-a810-b0918851adc2">
          <style>
            <lineColor r="0" g="0" b="0" />
            <font name="Lucida Grande" size="12">
              <color r="0" g="0" b="0" />
            </font>
          </style>
        </connection>
        <connection identifier="id-2188e0ae-4763-4ee0-9aea-d22484974767" relationshipRef="id-7bde98ba-7c46-4af3-8912-b389095c5051" xsi:type="Relationship" source="id-62a31f84-36f3-4077-b250-6e6db9e15069" target="id-4f801a85-ad25-4a15-ae31-719044a2cec8">
          <style>
            <lineColor r="0" g="0" b="0" />
            <font name="Lucida Grande" size="12">
              <color r="0" g="0" b="0" />
            </font>
          </style>
        </connection>
        <connection identifier="a5189b25-a65f-44dc-98bc-f0048e9a0ef0" relationshipRef="id-7d4860b2-41b1-4fb2-a0ca-ad2585a11e03" xsi:type="Relationship" source="id-5973f789-1b79-4b53-8910-3790c5fe50f5" target="a72eb52f-0aa3-4b4a-b42e-c3526db03c64">
          <style>
            <lineColor r="0" g="0" b="0" />
            <font name="Lucida Grande" size="12">
              <color r="0" g="0" b="0" />
            </font>
          </style>
        </connection>
        <connection identifier="id-7c873550-aa96-4863-9bd2-1f749730c359" relationshipRef="bbe7c427-0991-48fa-9c94-a4246067c8c1" xsi:type="Relationship" source="id-5973f789-1b79-4b53-8910-3790c5fe50f5" target="id-8e87aadd-408b-498c-b83f-fe8e6010c782">
          <style>
            <lineColor r="0" g="0" b="0" />
            <font name="Lucida Grande" size="12">
              <color r="0" g="0" b="0" />
            </font>
          </style>
        </connection>
        <connection identifier="id-3438c166-f26a-424b-ad14-c648deb7a441" relationshipRef="id-3c048b3c-57e4-41a7-ace1-c11bb7740d1f" xsi:type="Relationship" source="id-5973f789-1b79-4b53-8910-3790c5fe50f5" target="id-4f801a85-ad25-4a15-ae31-719044a2cec8">
          <style>
            <lineColor r="0" g="0" b="0" />
            <font name="Lucida Grande" size="12">
              <color r="0" g="0" b="0" />
            </font>
          </style>
        </connection>
        <connection identifier="id-6dc65361-dd13-4347-8476-df0bff0b2b65" relationshipRef="id-8ea2f726-28b2-4df2-a762-59efe6264c8f" xsi:type="Relationship" source="id-8e87aadd-408b-498c-b83f-fe8e6010c782" target="id-6dc0c14a-fa00-4a36-9dd0-029969004f33">
          <style>
            <lineColor r="0" g="0" b="0" />
            <font name="Lucida Grande" size="12">
              <color r="0" g="0" b="0" />
            </font>
          </style>
        </connection>
        <connection identifier="id-86f92786-a843-4b3a-863c-5aa60b505ad8" relationshipRef="id-48a9d4e1-6639-4ece-9e6b-64e156a1763c" xsi:type="Relationship" source="id-45db1572-5e7e-499e-8197-0c0f78056f47" target="id-6dc0c14a-fa00-4a36-9dd0-029969004f33">
          <style>
            <lineColor r="0" g="0" b="0" />
            <font name="Lucida Grande" size="12">
              <color r="0" g="0" b="0" />
            </font>
          </style>
        </connection>
        <connection identifier="b493a07f-bd4d-4265-8056-0f282cd8fec6" relationshipRef="f192d349-0c88-4411-b383-b184da038ae7" xsi:type="Relationship" source="a9973184-c39e-4a09-96ea-fb88388a8cd7" target="id-6dc0c14a-fa00-4a36-9dd0-029969004f33">
          <style>
            <lineColor r="0" g="0" b="0" />
            <font name="Lucida Grande" size="12">
              <color r="0" g="0" b="0" />
            </font>
          </style>
        </connection>
        <connection identifier="f34fd003-5bbf-4783-b5be-fee241f9e7bc" relationshipRef="c5811d66-d730-4ae6-bcfb-f07a592a2855" xsi:type="Relationship" source="a9973184-c39e-4a09-96ea-fb88388a8cd7" target="id-4f801a85-ad25-4a15-ae31-719044a2cec8">
          <style>
            <lineColor r="0" g="0" b="0" />
            <font name="Lucida Grande" size="12">
              <color r="0" g="0" b="0" />
            </font>
          </style>
        </connection>
        <connection identifier="id-56204fd5-4768-43af-8db7-8bf83a24d9a2" relationshipRef="e0261bd9-3f4b-4576-84ec-e1775fe7ff35" xsi:type="Relationship" source="id-2bbb8656-5024-447c-8f5b-101985c5244d" target="a9973184-c39e-4a09-96ea-fb88388a8cd7">
          <style>
            <lineColor r="0" g="0" b="0" />
            <font name="Lucida Grande" size="12">
              <color r="0" g="0" b="0" />
            </font>
          </style>
        </connection>
        <connection identifier="b06d783f-df43-4a23-b460-e348faaad4b5" relationshipRef="id-4b90483a-6b8b-47af-9b49-c37dd0f17ffa" xsi:type="Relationship" source="id-21bf27e4-b03c-49ab-85e3-73afb7d1f2bc" target="b08d1f8c-7711-4749-9bda-bb0f549b2900">
          <style>
            <lineColor r="0" g="0" b="0" />
            <font name="Lucida Grande" size="12">
              <color r="0" g="0" b="0" />
            </font>
          </style>
        </connection>
        <connection identifier="d2fdf672-d152-4901-9d30-ffee8f06fac5" relationshipRef="f695e2f1-3da7-4ae7-b864-f6697b979e8a" xsi:type="Relationship" source="b08d1f8c-7711-4749-9bda-bb0f549b2900" target="id-258bca60-a3a1-4f33-8220-763e73fd3dcf">
          <style>
            <lineColor r="0" g="0" b="0" />
            <font name="Lucida Grande" size="12">
              <color r="0" g="0" b="0" />
            </font>
          </style>
        </connection>
        <connection identifier="id-115254f9-b94b-4592-84fd-24041d3b7edc" relationshipRef="c254d84f-cbcb-43f5-a485-58c674a7c791" xsi:type="Relationship" source="id-5e51854d-a4a8-439b-9f4d-3c4172ad26a1" target="b08d1f8c-7711-4749-9bda-bb0f549b2900">
          <style>
            <lineColor r="0" g="0" b="0" />
            <font name="Lucida Grande" size="12">
              <color r="0" g="0" b="0" />
            </font>
          </style>
        </connection>
        <connection identifier="id-5c720272-446b-4152-ab12-d7e75ddd59e0" relationshipRef="id-115e07f9-c9d6-4f19-ba75-f66d718294e6" xsi:type="Relationship" source="f5bc927f-b49e-4aa5-8fff-00fcfde87055" target="id-4f801a85-ad25-4a15-ae31-719044a2cec8">
          <style>
            <lineColor r="0" g="0" b="0" />
            <font name="Lucida Grande" size="12">
              <color r="0" g="0" b="0" />
            </font>
          </style>
        </connection>
        <connection identifier="fe0febe5-38cf-4d35-b2e6-a269fcbd76e6" relationshipRef="id-94570ca9-7eab-4a4c-b715-08135a0c1d4c" xsi:type="Relationship" source="id-258bca60-a3a1-4f33-8220-763e73fd3dcf" target="id-8bcc447f-6803-4dc7-bf07-ea370d3c1d77">
          <style>
            <lineColor r="0" g="0" b="0" />
            <font name="Lucida Grande" size="12">
              <color r="0" g="0" b="0" />
            </font>
          </style>
        </connection>
        <connection identifier="id-0da0b4b7-1a8f-487e-a546-84127853f22c" relationshipRef="b42e7765-ec45-4f0d-b11b-6e4f1a92fb99" xsi:type="Relationship" source="id-258bca60-a3a1-4f33-8220-763e73fd3dcf" target="id-2bb3eba2-8277-4298-8c4c-0aefdb36bb24">
          <style>
            <lineColor r="0" g="0" b="0" />
            <font name="Lucida Grande" size="12">
              <color r="0" g="0" b="0" />
            </font>
          </style>
        </connection>
        <connection identifier="id-9bede85a-3493-4009-ae98-ed2a93599789" relationshipRef="id-68c34bd9-d06e-4707-8bcd-db7a50d5d5eb" xsi:type="Relationship" source="id-258bca60-a3a1-4f33-8220-763e73fd3dcf" target="id-2d3b97b9-4f87-4fbd-af75-9d9cab8f5edc">
          <style>
            <lineColor r="0" g="0" b="0" />
            <font name="Lucida Grande" size="12">
              <color r="0" g="0" b="0" />
            </font>
          </style>
        </connection>
        <connection identifier="id-1e73262b-20cd-4919-bddf-d62d68704454" relationshipRef="id-9c0b6aa9-b85e-4597-a749-441b16d5c240" xsi:type="Relationship" source="id-258bca60-a3a1-4f33-8220-763e73fd3dcf" target="id-3de36c75-7589-4746-a391-11465ee78b54">
          <style>
            <lineColor r="0" g="0" b="0" />
            <font name="Lucida Grande" size="12">
              <color r="0" g="0" b="0" />
            </font>
          </style>
        </connection>
        <connection identifier="id-24883b7e-476f-45bc-b5c8-f1ffaf7f9c6f" relationshipRef="id-8d5f9b92-7fd8-49af-bffd-532bf742494d" xsi:type="Relationship" source="id-258bca60-a3a1-4f33-8220-763e73fd3dcf" target="b048fd2c-122b-43fd-8350-7c05dc8dd2c4">
          <style>
            <lineColor r="0" g="0" b="0" />
            <font name="Lucida Grande" size="12">
              <color r="0" g="0" b="0" />
            </font>
          </style>
        </connection>
        <connection identifier="b24d42b6-f8da-4964-9188-0bca008a434b" relationshipRef="id-47c1f439-014c-4289-9ac8-a7efcb3eed26" xsi:type="Relationship" source="id-258bca60-a3a1-4f33-8220-763e73fd3dcf" target="id-2bbb8656-5024-447c-8f5b-101985c5244d">
          <style>
            <lineColor r="0" g="0" b="0" />
            <font name="Lucida Grande" size="12">
              <color r="0" g="0" b="0" />
            </font>
          </style>
        </connection>
        <connection identifier="id-2b46a21a-708e-4d4f-afbf-092d329cbe91" relationshipRef="id-17f32082-2e79-4af9-a171-6fb11cb0e83b" xsi:type="Relationship" source="id-258bca60-a3a1-4f33-8220-763e73fd3dcf" target="id-5973f789-1b79-4b53-8910-3790c5fe50f5">
          <style>
            <lineColor r="0" g="0" b="0" />
            <font name="Lucida Grande" size="12">
              <color r="0" g="0" b="0" />
            </font>
          </style>
        </connection>
        <connection identifier="id-90db2e46-87cc-4dfa-abf7-943107a7ce7c" relationshipRef="b38f6624-41ca-4ac6-9caa-ad0206108793" xsi:type="Relationship" source="id-258bca60-a3a1-4f33-8220-763e73fd3dcf" target="id-7acb81ce-813a-403c-beda-530c7e154367">
          <style>
            <lineColor r="0" g="0" b="0" />
            <font name="Lucida Grande" size="12">
              <color r="0" g="0" b="0" />
            </font>
          </style>
        </connection>
        <connection identifier="id-22b24738-8846-4f7c-b7db-cc6f15d1fb8b" relationshipRef="bd73de42-9b67-4f66-b1db-4f5ce543fdfb" xsi:type="Relationship" source="ad32a7e4-37af-46cd-8d3f-5c8a96ddb27a" target="id-21bf27e4-b03c-49ab-85e3-73afb7d1f2bc">
          <style>
            <lineColor r="0" g="0" b="0" />
            <font name="Lucida Grande" size="12">
              <color r="0" g="0" b="0" />
            </font>
          </style>
        </connection>
        <connection identifier="id-42a7f9a6-5430-413c-a6ce-48d385cecd82" relationshipRef="id-18faa55f-218f-4eac-b2f4-763b1d1d9bf9" xsi:type="Relationship" source="ad32a7e4-37af-46cd-8d3f-5c8a96ddb27a" target="id-5e51854d-a4a8-439b-9f4d-3c4172ad26a1">
          <style>
            <lineColor r="0" g="0" b="0" />
            <font name="Lucida Grande" size="12">
              <color r="0" g="0" b="0" />
            </font>
          </style>
        </connection>
        <connection identifier="id-1dc4f6e8-1778-4163-92ca-c6baec5dee43" relationshipRef="e120a002-6375-455f-badc-f82f33aafea3" xsi:type="Relationship" source="ad32a7e4-37af-46cd-8d3f-5c8a96ddb27a" target="f5bc927f-b49e-4aa5-8fff-00fcfde87055">
          <style>
            <lineColor r="0" g="0" b="0" />
            <font name="Lucida Grande" size="12">
              <color r="0" g="0" b="0" />
            </font>
          </style>
        </connection>
        <connection identifier="id-2244d61b-f99a-4982-8096-7af1bd1011a8" relationshipRef="id-86e75d95-d4a0-4c89-b49d-7f9aecc9210a" xsi:type="Relationship" source="ad32a7e4-37af-46cd-8d3f-5c8a96ddb27a" target="id-8e87aadd-408b-498c-b83f-fe8e6010c782">
          <style>
            <lineColor r="0" g="0" b="0" />
            <font name="Lucida Grande" size="12">
              <color r="0" g="0" b="0" />
            </font>
          </style>
          <bendpoint x="1297" y="517" />
          <bendpoint x="1261" y="577" />
        </connection>
      </view>
    </diagrams>
  </views>
</model>
