<?xml version="1.0" encoding="UTF-8"?>
<model xmlns="http://www.opengroup.org/xsd/archimate/3.0/" xmlns:xsi="http://www.w3.org/2001/XMLSchema-instance" xsi:schemaLocation="http://www.opengroup.org/xsd/archimate/3.0/ http://www.opengroup.org/xsd/archimate/3.1/archimate3_Diagram.xsd" identifier="id-0664d491d7cc43b79076bb4c2cecf37c">
  <name>Acme Insurance</name>
  <properties>
    <property propertyDefinitionRef="propid-7">
      <value>true</value>
    </property>
    <property propertyDefinitionRef="propid-8">
      <value>true</value>
    </property>
    <property propertyDefinitionRef="propid-9">
      <value>true</value>
    </property>
    <property propertyDefinitionRef="propid-10">
      <value>true</value>
    </property>
    <property propertyDefinitionRef="propid-11">
      <value>true</value>
    </property>
    <property propertyDefinitionRef="propid-12">
      <value>true</value>
    </property>
    <property propertyDefinitionRef="propid-13">
      <value>true</value>
    </property>
    <property propertyDefinitionRef="propid-14">
      <value>false</value>
    </property>
    <property propertyDefinitionRef="propid-15">
      <value>true</value>
    </property>
  </properties>
  <elements>
    <element identifier="id-14089739aa41445e964c108a85195b18" xsi:type="ValueStream">
      <name>Employee Experience</name>
    </element>
    <element identifier="id-5f2ca4020dfd4a10bdc1156db168e483" xsi:type="ValueStream">
      <name>Partner Experience</name>
    </element>
    <element identifier="id-6a1af0ae89664047bf52c825a3a71614" xsi:type="ValueStream">
      <name>Customer Experience</name>
    </element>
    <element identifier="id-1caf82f8e07c475d99462cd0db97df1b" xsi:type="CourseOfAction">
      <name>Course of Action</name>
    </element>
    <element identifier="id-87b092f367c84fadb5acc86f2e7e4245" xsi:type="Resource">
      <name>Customer Service</name>
    </element>
    <element identifier="id-73f2c6c35d704a90b5de62030046ba6e" xsi:type="Resource">
      <name>Finance</name>
    </element>
    <element identifier="id-8033a3a62b194dae894588d6e1810525" xsi:type="CourseOfAction">
      <name>Develop industry-leading CX</name>
    </element>
    <element identifier="id-e9341681a1a04f10be994ad2cb559fea" xsi:type="Resource">
      <name>Resource</name>
    </element>
    <element identifier="id-d432df01c22f4735aa4ce7b95c6e9fa9" xsi:type="Capability">
      <name>Digital Experience Delivery</name>
    </element>
    <element identifier="id-3aa5692fc4f24811ac80895cf319e592" xsi:type="Resource">
      <name>Cross-Functional Virtual Team</name>
    </element>
    <element identifier="id-cc7e19e5391e4b3ba5f5ab0494261eb1" xsi:type="Resource">
      <name>Marketing</name>
    </element>
    <element identifier="id-bae4927636db45a6bd900a15f70dcd20" xsi:type="Capability">
      <name>Capability</name>
    </element>
    <element identifier="id-4d23f49cf3254f18b1b0dd2a5551d2c6" xsi:type="BusinessProcess">
      <name>Establish Caller Purpose &amp; Identity</name>
    </element>
    <element identifier="id-e88c9142fd1146419a8918983494b6fb" xsi:type="BusinessProcess">
      <name>Disability Claim Intake</name>
    </element>
    <element identifier="id-d1e9e9f45fdf491ab682ce488e10b825" xsi:type="BusinessActor">
      <name>Life &amp; Disability Customer Service Department</name>
    </element>
    <element identifier="id-cdcff954bb884ea8a9c1eca060e817d0" xsi:type="BusinessActor">
      <name>Production Section</name>
    </element>
    <element identifier="id-0648e0073a494930b67a366ddf516e91" xsi:type="BusinessActor">
      <name>Auto &amp; Marine Customer Service Department</name>
    </element>
    <element identifier="id-4ee97254c7584bbbaf71ec772d5c7b40" xsi:type="BusinessActor">
      <name>Business Organization</name>
    </element>
    <element identifier="id-4890d00a008d45fb85bfcdd287083ead" xsi:type="BusinessActor">
      <name>Life Division</name>
    </element>
    <element identifier="id-cccbbc37f335468f99e555a839f5426b" xsi:type="BusinessActor">
      <name>IT Web and Mobile Group</name>
    </element>
    <element identifier="id-7eed07c8765342169d00824a5cf0a09e" xsi:type="BusinessActor">
      <name>Component Organization</name>
    </element>
    <element identifier="id-3932ba51ced345849ca14ee513e1cd0e" xsi:type="BusinessActor">
      <name>Marine Division</name>
    </element>
    <element identifier="id-77b38ea9b0564f2c87e1e00680ce59b6" xsi:type="BusinessActor">
      <name>Business Actor</name>
    </element>
    <element identifier="id-94737cff4b6c48b58c03a084891f24ff" xsi:type="BusinessProcess">
      <name>Life Telephonic Claim Intake</name>
    </element>
    <element identifier="id-674edda8695f4d418b4e964a850ab718" xsi:type="BusinessProcess">
      <name>Capture and Enter Claim</name>
    </element>
    <element identifier="id-31197e8f33da4f0ebd98fd4b3ba584ef" xsi:type="BusinessActor">
      <name>Acme Insurance</name>
    </element>
    <element identifier="id-21ec76ae6fa8495a923d515259349f5e" xsi:type="BusinessActor">
      <name>Disability Division</name>
    </element>
    <element identifier="id-6aca0103605a46d0aed47f1579e46594" xsi:type="BusinessActor">
      <name>Customer Service Division</name>
    </element>
    <element identifier="id-a46c031750c04428bba5cd3b551692b1" xsi:type="BusinessActor">
      <name>Auto Division</name>
    </element>
    <element identifier="id-fbc7e847c71041dca45d73994052b47f" xsi:type="BusinessProcess">
      <name>Identify &amp; Address Customer Issue</name>
    </element>
    <element identifier="id-197aaa8756da4dc4b35b39294a8fbbd5" xsi:type="BusinessProcess">
      <name>Confirm Customer Satisfaction</name>
    </element>
    <element identifier="id-ee7f41a143c3420b92284860c469a7b5" xsi:type="BusinessProcess">
      <name>Set Customer Expectations</name>
    </element>
    <element identifier="id-d9ff85417f244d34a038458ed1d99787" xsi:type="BusinessProcess">
      <name>Auto Claim Intake</name>
    </element>
    <element identifier="id-685bfdd327e34827a7bf76561e1c43ff" xsi:type="BusinessActor">
      <name>Digital Solutions Department</name>
    </element>
    <element identifier="id-b10f48d1a68a47aa92e81f03bcca3730" xsi:type="BusinessProcess">
      <name>Business Process</name>
    </element>
    <element identifier="id-31ebf8bf88c241bea5e321f28e6fd0ce" xsi:type="BusinessProcess">
      <name>Telephonic Claim Intake</name>
    </element>
    <element identifier="id-88f71afb4feb44a09ecb9c53d1e37e5f" xsi:type="BusinessActor">
      <name>Customer Service Training &amp; Quality Assurance Department</name>
    </element>
    <element identifier="id-e06e7127a22c49b1a3084a65631f0693" xsi:type="BusinessProcess">
      <name>Marine Claim Intake</name>
    </element>
    <element identifier="id-1bff64e5c69142848d68b8ddba577fd0" xsi:type="BusinessActor">
      <name>IT Infrastructure Group</name>
    </element>
    <element identifier="id-8b858268b3914aa8b47e0eb8ae21d53c" xsi:type="BusinessActor">
      <name>Business Actor</name>
    </element>
    <element identifier="id-b197204b568249acbc9dc1d895bee6f0" xsi:type="BusinessActor">
      <name>Creative Section</name>
    </element>
    <element identifier="id-2a4f51a79ff14092ad925805884b8798" xsi:type="BusinessProcess">
      <name>Warm Handoff to Different Department</name>
    </element>
    <element identifier="id-83f0eca10ebf41a5bcf60927c2b5fc28" xsi:type="ApplicationComponent">
      <name>Application Component</name>
    </element>
    <element identifier="id-c2cea52182bc4c6881a03aeb3b9d4ccd" xsi:type="ApplicationComponent">
      <name>Salesforce.com CRM</name>
    </element>
    <element identifier="id-f7b0c69257b34271b37d3be89cc23221" xsi:type="ApplicationComponent">
      <name>Auto Claims</name>
    </element>
    <element identifier="id-2c692a4f3aef4f19b39a13faa9af3845" xsi:type="ApplicationComponent">
      <name>Life &amp; Disability Claims</name>
    </element>
    <element identifier="id-8efb36e08c904782981704081112acfe" xsi:type="ApplicationComponent">
      <name>Claims System</name>
    </element>
    <element identifier="id-4a42743a4e6242a2baa2c52678b73e78" xsi:type="ApplicationComponent">
      <name>Microsoft Dynamics  CRM</name>
    </element>
    <element identifier="id-856a6be468e64092aa110f0508dcd65a" xsi:type="ApplicationComponent">
      <name>Application</name>
    </element>
    <element identifier="id-ebbcb257a4204f67b385a0e52f679ff2" xsi:type="ApplicationComponent">
      <name>Marine Claims</name>
    </element>
    <element identifier="id-3df0752965c44664902b1932d3963dee" xsi:type="ApplicationComponent">
      <name>Siebel CRM</name>
    </element>
    <element identifier="id-5bee80ba83b845e1bf4ea413de218b68" xsi:type="ApplicationComponent">
      <name>CRM System</name>
    </element>
    <element identifier="id-fbf5535f2df54e5294b3c7d56b45ae6e" xsi:type="Outcome">
      <name>Outcome</name>
    </element>
    <element identifier="id-4b6074cbc79c4dfda72f7054be4ea685" xsi:type="Assessment">
      <name>Assessment</name>
    </element>
    <element identifier="id-2a005b3a99aa458c8d65ed9566e43562" xsi:type="Outcome">
      <name>Outcome&gt;&gt;</name>
    </element>
    <element identifier="id-bcc305f3f3474ab8ae1822ef8a0db98a" xsi:type="Assessment">
      <name>Assessment</name>
    </element>
    <element identifier="id-25d6dfa5de454df0887d65bd165e2398" xsi:type="AndJunction">
      <name>Junction</name>
    </element>
    <element identifier="id-4b9ab8b6aa0943a58e914b56de1ad8b0" xsi:type="AndJunction">
      <name>Junction</name>
    </element>
    <element identifier="id-969078dd50ce4f75bff1fd8b1cde520f" xsi:type="AndJunction">
      <name>Junction</name>
    </element>
    <element identifier="id-86ee0d6ab470457cb438f9c213fa09af" xsi:type="OrJunction">
      <name>Junction (copy) (copy)</name>
    </element>
    <element identifier="id-4c711dfb860a436cb2f9eea3da68c0cc" xsi:type="AndJunction">
      <name>Junction</name>
    </element>
    <element identifier="id-db4d1727bb364a439458dd37a2304f17" xsi:type="OrJunction">
      <name>Junction (copy) (copy) (copy)</name>
    </element>
    <element identifier="id-91217fc1dd3045c8847f888031a38986" xsi:type="OrJunction">
      <name>Junction (copy) (copy) (copy) (copy)</name>
    </element>
    <element identifier="id-3b216490eee747868f642f028856ee23" xsi:type="OrJunction">
      <name>Junction</name>
    </element>
    <element identifier="id-89aa90ba75ef44d68121df6a8175a202" xsi:type="AndJunction">
      <name>Junction (copy)</name>
    </element>
    <element identifier="id-d36b8e93594340c7bad276a5e601aca0" xsi:type="OrJunction">
      <name>Junction (copy)</name>
    </element>
    <element identifier="id-32a051bb19584c69976c17b74a112e06" xsi:type="OrJunction">
      <name>Junction</name>
    </element>
    <element identifier="id-7f84498728984222874f3dc47a3cf617" xsi:type="AndJunction">
      <name>Junction</name>
    </element>
    <element identifier="id-c0f273c561a74dea8982b5ae95d9ffab" xsi:type="OrJunction">
      <name>Junction</name>
    </element>
    <element identifier="id-011798a2b32d40728c96cfbb99b1367c" xsi:type="OrJunction">
      <name>Junction</name>
    </element>
    <element identifier="id-9d3c612e4b7e4fd39c0fd6c8cf13a281" xsi:type="AndJunction">
      <name>Junction</name>
    </element>
    <element identifier="id-47bac9f040ee40118876ff11093056d4" xsi:type="OrJunction">
      <name>Junction</name>
    </element>
  </elements>
  <relationships>
    <relationship identifier="id-5d78a1779cd6431391ad92fd2357a1f2" source="id-1bff64e5c69142848d68b8ddba577fd0" target="id-9d3c612e4b7e4fd39c0fd6c8cf13a281" xsi:type="Realization" />
    <relationship identifier="id-8a042ecbdb144b59a9f23e030b8f9e4c" source="id-8033a3a62b194dae894588d6e1810525" target="id-2a005b3a99aa458c8d65ed9566e43562" xsi:type="Realization" />
    <relationship identifier="id-99e891115b6e4d41acc80b87d0064bae" source="id-674edda8695f4d418b4e964a850ab718" target="id-ee7f41a143c3420b92284860c469a7b5" xsi:type="Triggering" />
    <relationship identifier="id-1d55288beff64dbca3f7dc08869a61e9" source="id-e06e7127a22c49b1a3084a65631f0693" target="id-31ebf8bf88c241bea5e321f28e6fd0ce" xsi:type="Specialization" />
    <relationship identifier="id-3dd13c16f2f944048bfc34317bb87ee2" source="id-9d3c612e4b7e4fd39c0fd6c8cf13a281" target="id-3aa5692fc4f24811ac80895cf319e592" xsi:type="Realization" />
    <relationship identifier="id-aa7764c145a9422fba0a3723500931b6" source="id-6aca0103605a46d0aed47f1579e46594" target="id-31ebf8bf88c241bea5e321f28e6fd0ce" xsi:type="Assignment" />
    <relationship identifier="id-25cda164d3c0487280c6680ec48a1031" source="id-8efb36e08c904782981704081112acfe" target="id-31ebf8bf88c241bea5e321f28e6fd0ce" xsi:type="Realization" />
    <relationship identifier="id-10828ebc58d64c35a5923c1eb9b168a3" source="id-d9ff85417f244d34a038458ed1d99787" target="id-31ebf8bf88c241bea5e321f28e6fd0ce" xsi:type="Specialization" />
    <relationship identifier="id-99c57a61399c48618c877973d64ea575" source="id-77b38ea9b0564f2c87e1e00680ce59b6" target="id-bae4927636db45a6bd900a15f70dcd20" xsi:type="Association">
      <name>Association</name>
    </relationship>
    <relationship identifier="id-c8d4e6b5438b43f491f3a18c52832c53" source="id-6aca0103605a46d0aed47f1579e46594" target="id-0648e0073a494930b67a366ddf516e91" xsi:type="Composition" />
    <relationship identifier="id-4dad8429a17e4b4daa1f39de663b9dd6" source="id-4b6074cbc79c4dfda72f7054be4ea685" target="id-e9341681a1a04f10be994ad2cb559fea" xsi:type="Association">
      <name>Association</name>
    </relationship>
    <relationship identifier="id-ecac101807544720845be3709e8092bd" source="id-cccbbc37f335468f99e555a839f5426b" target="id-9d3c612e4b7e4fd39c0fd6c8cf13a281" xsi:type="Realization" />
    <relationship identifier="id-6a7a25a5276e498487fbf6769d8bb33c" source="id-4b9ab8b6aa0943a58e914b56de1ad8b0" target="id-4c711dfb860a436cb2f9eea3da68c0cc" xsi:type="Serving" />
    <relationship identifier="id-fea2da4514ef4a74b4ba9371ac35d6bd" source="id-bcc305f3f3474ab8ae1822ef8a0db98a" target="id-14089739aa41445e964c108a85195b18" xsi:type="Association" />
    <relationship identifier="id-61d80d1035ee4b8ca9558616cf553b46" source="id-b10f48d1a68a47aa92e81f03bcca3730" target="id-b10f48d1a68a47aa92e81f03bcca3730" xsi:type="Specialization">
      <name>Specialization</name>
    </relationship>
    <relationship identifier="id-4e24de2a12a44b55ad734db538fae149" source="id-685bfdd327e34827a7bf76561e1c43ff" target="id-9d3c612e4b7e4fd39c0fd6c8cf13a281" xsi:type="Realization" />
    <relationship identifier="id-a614a27b4af64f81ac4ae6c206f3b91c" source="id-94737cff4b6c48b58c03a084891f24ff" target="id-31ebf8bf88c241bea5e321f28e6fd0ce" xsi:type="Specialization" />
    <relationship identifier="id-5706fd7c47a84c308dc35c15f0ce0664" source="id-4d23f49cf3254f18b1b0dd2a5551d2c6" target="id-c0f273c561a74dea8982b5ae95d9ffab" xsi:type="Triggering" />
    <relationship identifier="id-df2abc83dc4941999d9eaa0d4bb409d0" source="id-83f0eca10ebf41a5bcf60927c2b5fc28" target="id-b10f48d1a68a47aa92e81f03bcca3730" xsi:type="Serving">
      <name>Serving</name>
    </relationship>
    <relationship identifier="id-f0c119276ec94bf4a178bbdd18244822" source="id-4c711dfb860a436cb2f9eea3da68c0cc" target="id-197aaa8756da4dc4b35b39294a8fbbd5" xsi:type="Serving" />
    <relationship identifier="id-c6e4f5730fa143d1b9f5c7ae469b867a" source="id-3df0752965c44664902b1932d3963dee" target="id-94737cff4b6c48b58c03a084891f24ff" xsi:type="Serving" />
    <relationship identifier="id-7f6a671bef60483892f8dd5a42d30232" source="id-5bee80ba83b845e1bf4ea413de218b68" target="id-4b9ab8b6aa0943a58e914b56de1ad8b0" xsi:type="Serving" />
    <relationship identifier="id-8ab2238b2c9a44f9bd54906357dfdd42" source="id-c0f273c561a74dea8982b5ae95d9ffab" target="id-2a4f51a79ff14092ad925805884b8798" xsi:type="Triggering">
      <name>No</name>
    </relationship>
    <relationship identifier="id-0d82c70326574c34990beb42cb8cd40c" source="id-f7b0c69257b34271b37d3be89cc23221" target="id-d9ff85417f244d34a038458ed1d99787" xsi:type="Serving" />
    <relationship identifier="id-8facf77c9d674c5cb06a55132ba337dc" source="id-c2cea52182bc4c6881a03aeb3b9d4ccd" target="id-d9ff85417f244d34a038458ed1d99787" xsi:type="Serving" />
    <relationship identifier="id-327cdbd333b74ff9831da238a12411bb" source="id-31197e8f33da4f0ebd98fd4b3ba584ef" target="id-3932ba51ced345849ca14ee513e1cd0e" xsi:type="Composition" />
    <relationship identifier="id-7817084b62bd488888178a07a6b7c27c" source="id-d432df01c22f4735aa4ce7b95c6e9fa9" target="id-8033a3a62b194dae894588d6e1810525" xsi:type="Serving" />
    <relationship identifier="id-d4ab8ae2fb6d4d62a30beda9bdebcfd1" source="id-5f2ca4020dfd4a10bdc1156db168e483" target="id-bcc305f3f3474ab8ae1822ef8a0db98a" xsi:type="Association" />
    <relationship identifier="id-00a5e5240b4e4a55b063cbb94c1e2d7c" source="id-c0f273c561a74dea8982b5ae95d9ffab" target="id-47bac9f040ee40118876ff11093056d4" xsi:type="Triggering">
      <name>Yes</name>
    </relationship>
    <relationship identifier="id-922704edba7f45edabf322333efd34ea" source="id-b10f48d1a68a47aa92e81f03bcca3730" target="id-d36b8e93594340c7bad276a5e601aca0" xsi:type="Triggering">
      <name>Triggering</name>
    </relationship>
    <relationship identifier="id-58197323b99e459ba3299c06dfbc3d61" source="id-685bfdd327e34827a7bf76561e1c43ff" target="id-cdcff954bb884ea8a9c1eca060e817d0" xsi:type="Composition" />
    <relationship identifier="id-e3e06484e3e94b2eb6d7d9f54fbc8050" source="id-25d6dfa5de454df0887d65bd165e2398" target="id-6a1af0ae89664047bf52c825a3a71614" xsi:type="Serving" />
    <relationship identifier="id-c999386941a7477cbc925bf76327cb81" source="id-31197e8f33da4f0ebd98fd4b3ba584ef" target="id-21ec76ae6fa8495a923d515259349f5e" xsi:type="Composition" />
    <relationship identifier="id-c005624bdf8d4b468ee38a2ae526f5a9" source="id-ebbcb257a4204f67b385a0e52f679ff2" target="id-e06e7127a22c49b1a3084a65631f0693" xsi:type="Serving" />
    <relationship identifier="id-e013c14501c8480aaafeca3f1bb871bd" source="id-8efb36e08c904782981704081112acfe" target="id-674edda8695f4d418b4e964a850ab718" xsi:type="Serving" />
    <relationship identifier="id-5b6c7547fe8c4143ae3b009eb8c2968b" source="id-1caf82f8e07c475d99462cd0db97df1b" target="id-e9341681a1a04f10be994ad2cb559fea" xsi:type="Serving">
      <name>Serving</name>
    </relationship>
    <relationship identifier="id-4f67c01a841a4fddb7da0ebcbb8dfb1e" source="id-e88c9142fd1146419a8918983494b6fb" target="id-31ebf8bf88c241bea5e321f28e6fd0ce" xsi:type="Specialization" />
    <relationship identifier="id-ca62e49695ad44d3aff69560fa00b88e" source="id-6a1af0ae89664047bf52c825a3a71614" target="id-bcc305f3f3474ab8ae1822ef8a0db98a" xsi:type="Association" />
    <relationship identifier="id-e125290b9cfb42b5b8129611932857aa" source="id-5bee80ba83b845e1bf4ea413de218b68" target="id-31ebf8bf88c241bea5e321f28e6fd0ce" xsi:type="Realization" />
    <relationship identifier="id-0bd1db5f779d4b8a9d92090cbaf0d72b" source="id-2c692a4f3aef4f19b39a13faa9af3845" target="id-e88c9142fd1146419a8918983494b6fb" xsi:type="Triggering" />
    <relationship identifier="id-b41d5f000caa498593aaaf25eba5a9be" source="id-969078dd50ce4f75bff1fd8b1cde520f" target="id-b10f48d1a68a47aa92e81f03bcca3730" xsi:type="Serving" />
    <relationship identifier="id-c953a600a35841c4b5618b918cc4a72c" source="id-3aa5692fc4f24811ac80895cf319e592" target="id-d432df01c22f4735aa4ce7b95c6e9fa9" xsi:type="Assignment" />
    <relationship identifier="id-03840a34247e45f0b105884e2894ea4a" source="id-d36b8e93594340c7bad276a5e601aca0" target="id-b10f48d1a68a47aa92e81f03bcca3730" xsi:type="Triggering">
      <name>Triggering</name>
    </relationship>
    <relationship identifier="id-3a38d9255dc64e78b564f45d55f5940f" source="id-47bac9f040ee40118876ff11093056d4" target="id-fbc7e847c71041dca45d73994052b47f" xsi:type="Triggering">
      <name>No</name>
    </relationship>
    <relationship identifier="id-381cb6b2297947c3a5baac8b9f1b3ce5" source="id-4c711dfb860a436cb2f9eea3da68c0cc" target="id-ee7f41a143c3420b92284860c469a7b5" xsi:type="Serving" />
    <relationship identifier="id-f93a0aeb04064fd293c21f90073289e7" source="id-31ebf8bf88c241bea5e321f28e6fd0ce" target="id-2a4f51a79ff14092ad925805884b8798" xsi:type="Composition" />
    <relationship identifier="id-44ad8213068b457eb864c3c8b7c25faa" source="id-31197e8f33da4f0ebd98fd4b3ba584ef" target="id-6aca0103605a46d0aed47f1579e46594" xsi:type="Composition" />
    <relationship identifier="id-cee2c72ab7d34b0ba5c9be6f08a220e4" source="id-25d6dfa5de454df0887d65bd165e2398" target="id-5f2ca4020dfd4a10bdc1156db168e483" xsi:type="Serving" />
    <relationship identifier="id-9aedd2e37e284f0da9a4b5a501ca7743" source="id-2c692a4f3aef4f19b39a13faa9af3845" target="id-94737cff4b6c48b58c03a084891f24ff" xsi:type="Triggering" />
    <relationship identifier="id-eeaddfbd6d714209a26d8e6dd8dee9b7" source="id-c2cea52182bc4c6881a03aeb3b9d4ccd" target="id-e06e7127a22c49b1a3084a65631f0693" xsi:type="Serving" />
    <relationship identifier="id-e84c2940c27649bb9c6a2b6f40cacfc2" source="id-d432df01c22f4735aa4ce7b95c6e9fa9" target="id-25d6dfa5de454df0887d65bd165e2398" xsi:type="Serving" />
    <relationship identifier="id-de8c053741ce41f0aee2c5b38d73a724" source="id-6aca0103605a46d0aed47f1579e46594" target="id-88f71afb4feb44a09ecb9c53d1e37e5f" xsi:type="Composition" />
    <relationship identifier="id-5867820b3a2c4c2c964914cd3d65cfc3" source="id-31ebf8bf88c241bea5e321f28e6fd0ce" target="id-fbc7e847c71041dca45d73994052b47f" xsi:type="Composition" />
    <relationship identifier="id-4b83ca69f274449a8bfd2ce9cb4f7438" source="id-4ee97254c7584bbbaf71ec772d5c7b40" target="id-7eed07c8765342169d00824a5cf0a09e" xsi:type="Composition" />
    <relationship identifier="id-d69284d119fa41d2b57dffda7e73bf8b" source="id-856a6be468e64092aa110f0508dcd65a" target="id-969078dd50ce4f75bff1fd8b1cde520f" xsi:type="Serving">
      <name>Serving</name>
    </relationship>
    <relationship identifier="id-8a091c648a3a44bea63d80b0fbe1cc4a" source="id-6aca0103605a46d0aed47f1579e46594" target="id-d1e9e9f45fdf491ab682ce488e10b825" xsi:type="Composition" />
    <relationship identifier="id-4428e03f453c4ac890c4290716656311" source="id-685bfdd327e34827a7bf76561e1c43ff" target="id-b197204b568249acbc9dc1d895bee6f0" xsi:type="Composition" />
    <relationship identifier="id-3d4588fcf29a433790321a273098ece9" source="id-31197e8f33da4f0ebd98fd4b3ba584ef" target="id-4890d00a008d45fb85bfcdd287083ead" xsi:type="Composition" />
    <relationship identifier="id-96973c8e87f748df80e4eae0d397046b" source="id-ee7f41a143c3420b92284860c469a7b5" target="id-197aaa8756da4dc4b35b39294a8fbbd5" xsi:type="Triggering" />
    <relationship identifier="id-b117dc4b2b37426785fdf89ff361b930" source="id-4b9ab8b6aa0943a58e914b56de1ad8b0" target="id-4d23f49cf3254f18b1b0dd2a5551d2c6" xsi:type="Serving" />
    <relationship identifier="id-71b23a0734bb4e69b349a319f8d0d35b" source="id-47bac9f040ee40118876ff11093056d4" target="id-674edda8695f4d418b4e964a850ab718" xsi:type="Triggering">
      <name>Yes</name>
    </relationship>
    <relationship identifier="id-97dc6c3096a04b288e3c3eea2d85d51a" source="id-1caf82f8e07c475d99462cd0db97df1b" target="id-fbf5535f2df54e5294b3c7d56b45ae6e" xsi:type="Realization">
      <name>Realization</name>
    </relationship>
    <relationship identifier="id-06e4b1d869404546933532f173e20f50" source="id-25d6dfa5de454df0887d65bd165e2398" target="id-14089739aa41445e964c108a85195b18" xsi:type="Serving" />
    <relationship identifier="id-6c94596f44f145c485ac40a497b73419" source="id-4a42743a4e6242a2baa2c52678b73e78" target="id-e88c9142fd1146419a8918983494b6fb" xsi:type="Serving" />
    <relationship identifier="id-36db6c89c92e42a38cf96ea511b6e93c" source="id-31197e8f33da4f0ebd98fd4b3ba584ef" target="id-a46c031750c04428bba5cd3b551692b1" xsi:type="Composition" />
  </relationships>
  <propertyDefinitions>
    <propertyDefinition identifier="propid-4" type="string">
      <name>Report:Model:Cover:Background</name>
    </propertyDefinition>
    <propertyDefinition identifier="propid-5" type="string">
      <name>Report:Model:Header:Background</name>
    </propertyDefinition>
    <propertyDefinition identifier="propid-8" type="string">
      <name>Report:Model:Hide:Application</name>
    </propertyDefinition>
    <propertyDefinition identifier="propid-7" type="string">
      <name>Report:Model:Hide:Business</name>
    </propertyDefinition>
    <propertyDefinition identifier="propid-11" type="string">
      <name>Report:Model:Hide:Implementation&amp;Migration</name>
    </propertyDefinition>
    <propertyDefinition identifier="propid-10" type="string">
      <name>Report:Model:Hide:Motivation</name>
    </propertyDefinition>
    <propertyDefinition identifier="propid-12" type="string">
      <name>Report:Model:Hide:Other</name>
    </propertyDefinition>
    <propertyDefinition identifier="propid-13" type="string">
      <name>Report:Model:Hide:Relations</name>
    </propertyDefinition>
    <propertyDefinition identifier="propid-9" type="string">
      <name>Report:Model:Hide:Technology&amp;Physical</name>
    </propertyDefinition>
    <propertyDefinition identifier="propid-15" type="string">
      <name>Report:Model:Hide:ViewNumbering</name>
    </propertyDefinition>
    <propertyDefinition identifier="propid-14" type="string">
      <name>Report:Model:Hide:Views</name>
    </propertyDefinition>
    <propertyDefinition identifier="propid-3" type="string">
      <name>Report:View:Detailed</name>
    </propertyDefinition>
    <propertyDefinition identifier="propid-1" type="string">
      <name>Report:View:Hide</name>
    </propertyDefinition>
    <propertyDefinition identifier="propid-2" type="string">
      <name>Report:View:Hide:Diagram</name>
    </propertyDefinition>
    <propertyDefinition identifier="propid-6" type="string">
      <name>Report:View:Tag</name>
    </propertyDefinition>
  </propertyDefinitions>
  <views>
    <diagrams>
      <view identifier="id-ccc9afbc3a6c43fa987acfbb5964ef9f" xsi:type="Diagram">
        <name>_READ_ME_</name>
        <properties>
          <property propertyDefinitionRef="propid-1">
            <value>true</value>
          </property>
          <property propertyDefinitionRef="propid-2">
            <value>(unused. here only to reference it once in global properties list)</value>
          </property>
          <property propertyDefinitionRef="propid-3">
            <value>(unused. here only to reference it once in global properties list)</value>
          </property>
          <property propertyDefinitionRef="propid-4">
            <value>(unused. here only to reference it once in global properties list)</value>
          </property>
          <property propertyDefinitionRef="propid-5">
            <value>(unused. here only to reference it once in global properties list)</value>
          </property>
          <property propertyDefinitionRef="propid-6">
            <value>(unused. here only to reference it once in global properties list)</value>
          </property>
        </properties>
        <node identifier="id-205fd52b4e5343809b110db886acd037" xsi:type="Label" x="12" y="12" w="685" h="721">
          <label>Properties that follow are used by the "Customizable Report"

There are two types of properties: "model wide" or "view only". "model wide" properties affect the whole report where "view only" properties impact only the rendering of the view having them set.


MODEL WIDE PROPERTIES

Report:Model:Hide:Business
	Set to "true" to hide the list of business concepts.
Report:Model:Hide:Application
	Set to "true" to hide the list of application concepts.
Report:Model:Hide:Technology&amp;Physical
	Set to "true" to hide the list of technlology and physical concepts.
Report:Model:Hide:Motivation
	Set to "true" to hide the list of motivation extension concepts
Report:Model:Hide:Implementation&amp;Migration
	Set to "true" to hide the list of implementation &amp; migration extension concepts.
Report:Model:Hide:Other
	Set to "true" to hide the list of connectors and groupings.
Report:Model:Hide:Relations
	Set to "true" to hide the list of relations. 
Report:Model:Hide:Views
	Set to "true" to hide the list of views.
Report:Model:Hide:ViewNumbering
	Set to "true" to hide numbering at the begining of view name (regexp '^[0-9.]* ').
Report:Model:Cover:Background
	URL or path to an image used on the cover (595 x 842).
	If unset a default image is used. Set it to "null" to disable it.
Report:Model:Header:Background
	URL or path to an image used on page header (595 x 50).
	If unset a default image is used. Set it to "null" to disable it.


VIEW ONLY PROPERTIES

Report:View:Detailed
	Set to "true" to show a detailed list of elements.
Report:View:Hide
	Set to "true" to hide the view.
Report:View:Hide:Diagram
	Set to "true" to hide the diagram.&#xD;
Report:View:Tag&#xD;
	Use this property to tag a view (you can use this property multiple time). Tags can then be used to create a report containing only one specific tag. To do this add "#tagname" to the end of the report title (case insensitive). You can make a view visible for all tag using the special tag "all".</label>
          <style>
            <fillColor r="246" g="246" b="216" a="100" />
            <lineColor r="92" g="92" b="92" a="100" />
            <font name="Lucida Grande" size="12">
              <color r="0" g="0" b="0" />
            </font>
          </style>
        </node>
      </view>
      <view identifier="id-a05d712d80e54b14bfe1178f7054c64f" xsi:type="Diagram">
        <name>0500 CRM System Usage By Process</name>
        <node identifier="id-abdcf863e7984d62b9d1b9cb026c1f80" xsi:type="Label" x="24" y="0" w="1045" h="121">
          <style>
            <fillColor r="255" g="255" b="255" a="100" />
            <lineColor r="92" g="92" b="92" a="100" />
            <font name="Segoe UI" size="26" style="bold">
              <color r="0" g="0" b="0" />
            </font>
          </style>
        </node>
        <node identifier="id-d2914d9cb00148d2b5ffe90ce90c8d19" xsi:type="Label" x="780" y="141" w="152" h="256">
          <label>Legend</label>
          <style>
            <fillColor r="255" g="255" b="255" a="100" />
            <lineColor r="92" g="92" b="92" a="100" />
            <font name="Segoe UI" size="14">
              <color r="0" g="0" b="0" />
            </font>
          </style>
        </node>
        <node identifier="id-bb6348e8a61447d3b2bb88d17752a471" elementRef="id-b10f48d1a68a47aa92e81f03bcca3730" xsi:type="Element" x="796" y="201" w="120" h="55">
          <style>
            <fillColor r="255" g="255" b="181" a="100" />
            <lineColor r="92" g="92" b="92" a="100" />
            <font name="Lucida Grande" size="12">
              <color r="0" g="0" b="0" />
            </font>
          </style>
        </node>
        <node identifier="id-f450ce4d707844cf838a88d51abdfd94" elementRef="id-e88c9142fd1146419a8918983494b6fb" xsi:type="Element" x="276" y="201" w="120" h="55">
          <style>
            <fillColor r="255" g="255" b="181" a="100" />
            <lineColor r="92" g="92" b="92" a="100" />
            <font name="Lucida Grande" size="12">
              <color r="0" g="0" b="0" />
            </font>
          </style>
        </node>
        <node identifier="id-ff6e74c09b9849af8650d67f7addad57" elementRef="id-94737cff4b6c48b58c03a084891f24ff" xsi:type="Element" x="120" y="201" w="120" h="55">
          <style>
            <fillColor r="255" g="255" b="181" a="100" />
            <lineColor r="92" g="92" b="92" a="100" />
            <font name="Lucida Grande" size="12">
              <color r="0" g="0" b="0" />
            </font>
          </style>
        </node>
        <node identifier="id-ad681db30cec4d8882bf56f433a85614" elementRef="id-d9ff85417f244d34a038458ed1d99787" xsi:type="Element" x="444" y="201" w="120" h="55">
          <style>
            <fillColor r="255" g="255" b="181" a="100" />
            <lineColor r="92" g="92" b="92" a="100" />
            <font name="Lucida Grande" size="12">
              <color r="0" g="0" b="0" />
            </font>
          </style>
        </node>
        <node identifier="id-ed312f986a0d4bcb85a70c4b586711d0" elementRef="id-e06e7127a22c49b1a3084a65631f0693" xsi:type="Element" x="624" y="201" w="120" h="55">
          <style>
            <fillColor r="255" g="255" b="181" a="100" />
            <lineColor r="92" g="92" b="92" a="100" />
            <font name="Lucida Grande" size="12">
              <color r="0" g="0" b="0" />
            </font>
          </style>
        </node>
        <node identifier="id-7ac575988f344731bbf239f59e0ee4e7" elementRef="id-4a42743a4e6242a2baa2c52678b73e78" xsi:type="Element" x="276" y="321" w="120" h="55">
          <style>
            <fillColor r="181" g="255" b="255" a="100" />
            <lineColor r="92" g="92" b="92" a="100" />
            <font name="Lucida Grande" size="12">
              <color r="0" g="0" b="0" />
            </font>
          </style>
        </node>
        <node identifier="id-3bc79cbc4c5b44ba9b8109429d45197d" elementRef="id-c2cea52182bc4c6881a03aeb3b9d4ccd" xsi:type="Element" x="516" y="321" w="120" h="55">
          <style>
            <fillColor r="181" g="255" b="255" a="100" />
            <lineColor r="92" g="92" b="92" a="100" />
            <font name="Lucida Grande" size="12">
              <color r="0" g="0" b="0" />
            </font>
          </style>
        </node>
        <node identifier="id-ef981e9955774215bb55a0ee043703ae" elementRef="id-3df0752965c44664902b1932d3963dee" xsi:type="Element" x="120" y="321" w="120" h="55">
          <style>
            <fillColor r="181" g="255" b="255" a="100" />
            <lineColor r="92" g="92" b="92" a="100" />
            <font name="Lucida Grande" size="12">
              <color r="0" g="0" b="0" />
            </font>
          </style>
        </node>
        <node identifier="id-f3e0226459eb4f7a82f3e2311ed0d290" elementRef="id-83f0eca10ebf41a5bcf60927c2b5fc28" xsi:type="Element" x="796" y="321" w="120" h="55">
          <style>
            <fillColor r="181" g="255" b="255" a="100" />
            <lineColor r="92" g="92" b="92" a="100" />
            <font name="Lucida Grande" size="12">
              <color r="0" g="0" b="0" />
            </font>
          </style>
        </node>
        <connection identifier="id-187aaab3455448d3aac7a48f4a38c5c2" relationshipRef="id-6c94596f44f145c485ac40a497b73419" xsi:type="Relationship" source="id-7ac575988f344731bbf239f59e0ee4e7" target="id-f450ce4d707844cf838a88d51abdfd94">
          <style>
            <lineColor r="0" g="0" b="0" />
            <font name="Lucida Grande" size="12">
              <color r="0" g="0" b="0" />
            </font>
          </style>
        </connection>
        <connection identifier="id-423763083ce4411493427d30017e6d7e" relationshipRef="id-eeaddfbd6d714209a26d8e6dd8dee9b7" xsi:type="Relationship" source="id-3bc79cbc4c5b44ba9b8109429d45197d" target="id-ed312f986a0d4bcb85a70c4b586711d0">
          <style>
            <lineColor r="0" g="0" b="0" />
            <font name="Lucida Grande" size="12">
              <color r="0" g="0" b="0" />
            </font>
          </style>
          <bendpoint x="684" y="345" />
        </connection>
        <connection identifier="id-08577ab12c3f4bd6ac98fc3fb2bf2e3d" relationshipRef="id-8facf77c9d674c5cb06a55132ba337dc" xsi:type="Relationship" source="id-3bc79cbc4c5b44ba9b8109429d45197d" target="id-ad681db30cec4d8882bf56f433a85614">
          <style>
            <lineColor r="0" g="0" b="0" />
            <font name="Lucida Grande" size="12">
              <color r="0" g="0" b="0" />
            </font>
          </style>
          <bendpoint x="492" y="345" />
        </connection>
        <connection identifier="id-5fd8f04a96fd463797b40cbcf262ba25" relationshipRef="id-c6e4f5730fa143d1b9f5c7ae469b867a" xsi:type="Relationship" source="id-ef981e9955774215bb55a0ee043703ae" target="id-ff6e74c09b9849af8650d67f7addad57">
          <style>
            <lineColor r="0" g="0" b="0" />
            <font name="Lucida Grande" size="12">
              <color r="0" g="0" b="0" />
            </font>
          </style>
        </connection>
        <connection identifier="id-cdfb62c5f8b74100b04c0e64f013645e" relationshipRef="id-df2abc83dc4941999d9eaa0d4bb409d0" xsi:type="Relationship" source="id-f3e0226459eb4f7a82f3e2311ed0d290" target="id-bb6348e8a61447d3b2bb88d17752a471">
          <style>
            <lineColor r="0" g="0" b="0" />
            <font name="Lucida Grande" size="12">
              <color r="0" g="0" b="0" />
            </font>
          </style>
        </connection>
      </view>
      <view identifier="id-ad55f201284847a3b9e55743a62de4a3" xsi:type="Diagram">
        <name>0400 Telephonic Claim Intake Processes</name>
        <node identifier="id-8d0070b920734b5680b3d1d9c57d9bf1" xsi:type="Label" x="24" y="0" w="1045" h="121">
          <style>
            <fillColor r="255" g="255" b="255" a="100" />
            <lineColor r="92" g="92" b="92" a="100" />
            <font name="Segoe UI" size="26" style="bold">
              <color r="0" g="0" b="0" />
            </font>
          </style>
        </node>
        <node identifier="id-62c440cac0594f10ba535fffad45839a" xsi:type="Label" x="780" y="96" w="152" h="239">
          <label>Legend</label>
          <style>
            <fillColor r="255" g="255" b="255" a="100" />
            <lineColor r="92" g="92" b="92" a="100" />
            <font name="Segoe UI" size="14">
              <color r="0" g="0" b="0" />
            </font>
          </style>
        </node>
        <node identifier="id-c8fc3463245948b0a1075f9363974e46" elementRef="id-31ebf8bf88c241bea5e321f28e6fd0ce" xsi:type="Element" x="318" y="120" w="193" h="61">
          <style>
            <fillColor r="255" g="255" b="181" a="100" />
            <lineColor r="92" g="92" b="92" a="100" />
            <font name="Lucida Grande" size="12">
              <color r="0" g="0" b="0" />
            </font>
          </style>
        </node>
        <node identifier="id-3f11cb4e26764b9f9c233417dfc86ca1" elementRef="id-b10f48d1a68a47aa92e81f03bcca3730" xsi:type="Element" x="810" y="264" w="96" h="55">
          <style>
            <fillColor r="255" g="255" b="181" a="100" />
            <lineColor r="92" g="92" b="92" a="100" />
            <font name="Lucida Grande" size="12">
              <color r="0" g="0" b="0" />
            </font>
          </style>
        </node>
        <node identifier="id-556e05a4e15d4ee992335614c61b5054" elementRef="id-b10f48d1a68a47aa92e81f03bcca3730" xsi:type="Element" x="813" y="135" w="85" h="58">
          <style>
            <fillColor r="255" g="255" b="181" a="100" />
            <lineColor r="92" g="92" b="92" a="100" />
            <font name="Lucida Grande" size="12">
              <color r="0" g="0" b="0" />
            </font>
          </style>
        </node>
        <node identifier="id-e8b52aa00a27448b82575aa602691c30" elementRef="id-e88c9142fd1146419a8918983494b6fb" xsi:type="Element" x="288" y="264" w="120" h="55">
          <style>
            <fillColor r="255" g="255" b="181" a="100" />
            <lineColor r="92" g="92" b="92" a="100" />
            <font name="Lucida Grande" size="12">
              <color r="0" g="0" b="0" />
            </font>
          </style>
        </node>
        <node identifier="id-a9d28ceb78814eb3802f0f2ae8cbea48" elementRef="id-94737cff4b6c48b58c03a084891f24ff" xsi:type="Element" x="108" y="264" w="120" h="55">
          <style>
            <fillColor r="255" g="255" b="181" a="100" />
            <lineColor r="92" g="92" b="92" a="100" />
            <font name="Lucida Grande" size="12">
              <color r="0" g="0" b="0" />
            </font>
          </style>
        </node>
        <node identifier="id-3119d5ed19334054aa67a2822063410e" elementRef="id-d9ff85417f244d34a038458ed1d99787" xsi:type="Element" x="432" y="264" w="120" h="55">
          <style>
            <fillColor r="255" g="255" b="181" a="100" />
            <lineColor r="92" g="92" b="92" a="100" />
            <font name="Lucida Grande" size="12">
              <color r="0" g="0" b="0" />
            </font>
          </style>
        </node>
        <node identifier="id-5a212942765041d3b1900db647455950" elementRef="id-e06e7127a22c49b1a3084a65631f0693" xsi:type="Element" x="612" y="264" w="120" h="55">
          <style>
            <fillColor r="255" g="255" b="181" a="100" />
            <lineColor r="92" g="92" b="92" a="100" />
            <font name="Lucida Grande" size="12">
              <color r="0" g="0" b="0" />
            </font>
          </style>
        </node>
        <connection identifier="id-64420648bdeb478da56f7506505b5818" relationshipRef="id-61d80d1035ee4b8ca9558616cf553b46" xsi:type="Relationship" source="id-3f11cb4e26764b9f9c233417dfc86ca1" target="id-556e05a4e15d4ee992335614c61b5054">
          <style>
            <lineColor r="0" g="0" b="0" />
            <font name="Lucida Grande" size="12">
              <color r="0" g="0" b="0" />
            </font>
          </style>
        </connection>
        <connection identifier="id-e877372aed8848c4a38caefbe03c70e9" relationshipRef="id-4f67c01a841a4fddb7da0ebcbb8dfb1e" xsi:type="Relationship" source="id-e8b52aa00a27448b82575aa602691c30" target="id-c8fc3463245948b0a1075f9363974e46">
          <style>
            <lineColor r="0" g="0" b="0" />
            <font name="Lucida Grande" size="12">
              <color r="0" g="0" b="0" />
            </font>
          </style>
        </connection>
        <connection identifier="id-8298ab1c5a74465d9801c065b6fd2af4" relationshipRef="id-a614a27b4af64f81ac4ae6c206f3b91c" xsi:type="Relationship" source="id-a9d28ceb78814eb3802f0f2ae8cbea48" target="id-c8fc3463245948b0a1075f9363974e46">
          <style>
            <lineColor r="0" g="0" b="0" />
            <font name="Lucida Grande" size="12">
              <color r="0" g="0" b="0" />
            </font>
          </style>
        </connection>
        <connection identifier="id-35b9831811e34eb982b2764a73cf63db" relationshipRef="id-10828ebc58d64c35a5923c1eb9b168a3" xsi:type="Relationship" source="id-3119d5ed19334054aa67a2822063410e" target="id-c8fc3463245948b0a1075f9363974e46">
          <style>
            <lineColor r="0" g="0" b="0" />
            <font name="Lucida Grande" size="12">
              <color r="0" g="0" b="0" />
            </font>
          </style>
        </connection>
        <connection identifier="id-07aaed909826438ea653819b7185c318" relationshipRef="id-1d55288beff64dbca3f7dc08869a61e9" xsi:type="Relationship" source="id-5a212942765041d3b1900db647455950" target="id-c8fc3463245948b0a1075f9363974e46">
          <style>
            <lineColor r="0" g="0" b="0" />
            <font name="Lucida Grande" size="12">
              <color r="0" g="0" b="0" />
            </font>
          </style>
        </connection>
      </view>
      <view identifier="id-4421cde1f9dd45b28f810ed55887f9e3" xsi:type="Diagram">
        <name>0100 Acme Insurance Partial Corporate Structure</name>
        <node identifier="id-cb510647c8624f5c95dc37df2c0d3a3b" xsi:type="Label" x="672" y="148" w="253" h="265">
          <label>Legend</label>
          <style>
            <fillColor r="255" g="255" b="255" a="100" />
            <lineColor r="92" g="92" b="92" a="100" />
            <font name="Segoe UI" size="14">
              <color r="0" g="0" b="0" />
            </font>
          </style>
        </node>
        <node identifier="id-df87a0be4af14fe6b15451d671bda5d7" xsi:type="Label" x="24" y="0" w="1045" h="121">
          <style>
            <fillColor r="255" g="255" b="255" a="100" />
            <lineColor r="92" g="92" b="92" a="100" />
            <font name="Segoe UI" size="26" style="bold">
              <color r="0" g="0" b="0" />
            </font>
          </style>
        </node>
        <node identifier="id-0c1d96db2f964ab1a320d0c827d58c6e" elementRef="id-31197e8f33da4f0ebd98fd4b3ba584ef" xsi:type="Element" x="24" y="148" w="601" h="265">
          <style>
            <fillColor r="255" g="255" b="181" a="100" />
            <lineColor r="92" g="92" b="92" a="100" />
            <font name="Segoe UI" size="14">
              <color r="0" g="0" b="0" />
            </font>
          </style>
          <node identifier="id-595349fd6aa545c2a2e716747df4c3c8" elementRef="id-6aca0103605a46d0aed47f1579e46594" xsi:type="Element" x="48" y="184" w="564" h="109">
            <style>
              <fillColor r="255" g="255" b="181" a="100" />
              <lineColor r="92" g="92" b="92" a="100" />
              <font name="Lucida Grande" size="12">
                <color r="0" g="0" b="0" />
              </font>
            </style>
            <node identifier="id-48dfa09d301d458eafc37b5e7af38cee" elementRef="id-d1e9e9f45fdf491ab682ce488e10b825" xsi:type="Element" x="60" y="214" w="157" h="67">
              <style>
                <fillColor r="255" g="255" b="255" a="100" />
                <lineColor r="92" g="92" b="92" a="100" />
                <font name="Lucida Grande" size="12">
                  <color r="0" g="0" b="0" />
                </font>
              </style>
            </node>
            <node identifier="id-d665a9cea60245d685d8a82a244deaa5" elementRef="id-0648e0073a494930b67a366ddf516e91" xsi:type="Element" x="252" y="214" w="157" h="67">
              <style>
                <fillColor r="255" g="255" b="255" a="100" />
                <lineColor r="92" g="92" b="92" a="100" />
                <font name="Lucida Grande" size="12">
                  <color r="0" g="0" b="0" />
                </font>
              </style>
            </node>
            <node identifier="id-75e064966148457f8e91bd3a4b4d7f03" elementRef="id-88f71afb4feb44a09ecb9c53d1e37e5f" xsi:type="Element" x="420" y="214" w="157" h="67">
              <style>
                <fillColor r="255" g="255" b="255" a="100" />
                <lineColor r="92" g="92" b="92" a="100" />
                <font name="Lucida Grande" size="12">
                  <color r="0" g="0" b="0" />
                </font>
              </style>
            </node>
          </node>
          <node identifier="id-a9e2a68cf96c40a68e42a94421c9e28d" elementRef="id-4890d00a008d45fb85bfcdd287083ead" xsi:type="Element" x="48" y="298" w="120" h="55">
            <style>
              <fillColor r="255" g="255" b="181" a="100" />
              <lineColor r="92" g="92" b="92" a="100" />
              <font name="Lucida Grande" size="12">
                <color r="0" g="0" b="0" />
              </font>
            </style>
          </node>
          <node identifier="id-3b2deb454c64411bb90f23239c0d7dfc" elementRef="id-21ec76ae6fa8495a923d515259349f5e" xsi:type="Element" x="192" y="298" w="120" h="55">
            <style>
              <fillColor r="255" g="255" b="181" a="100" />
              <lineColor r="92" g="92" b="92" a="100" />
              <font name="Lucida Grande" size="12">
                <color r="0" g="0" b="0" />
              </font>
            </style>
          </node>
          <node identifier="id-e167c79ffd394eb5a23fe0086070a0c0" elementRef="id-a46c031750c04428bba5cd3b551692b1" xsi:type="Element" x="348" y="298" w="120" h="55">
            <style>
              <fillColor r="255" g="255" b="181" a="100" />
              <lineColor r="92" g="92" b="92" a="100" />
              <font name="Lucida Grande" size="12">
                <color r="0" g="0" b="0" />
              </font>
            </style>
          </node>
          <node identifier="id-9d27ea262cab4a1084a1991dddedf11d" elementRef="id-3932ba51ced345849ca14ee513e1cd0e" xsi:type="Element" x="492" y="298" w="120" h="55">
            <style>
              <fillColor r="255" g="255" b="181" a="100" />
              <lineColor r="92" g="92" b="92" a="100" />
              <font name="Lucida Grande" size="12">
                <color r="0" g="0" b="0" />
              </font>
            </style>
          </node>
        </node>
        <node identifier="id-9dc3bde42994431694cdd1a68d7dbf86" elementRef="id-4ee97254c7584bbbaf71ec772d5c7b40" xsi:type="Element" x="720" y="216" w="157" h="121">
          <style>
            <fillColor r="255" g="255" b="181" a="100" />
            <lineColor r="92" g="92" b="92" a="100" />
            <font name="Lucida Grande" size="12">
              <color r="0" g="0" b="0" />
            </font>
          </style>
          <node identifier="id-c19a959827fd4b9f8d5bc1b0ccd3115b" elementRef="id-7eed07c8765342169d00824a5cf0a09e" xsi:type="Element" x="744" y="252" w="120" h="55">
            <style>
              <fillColor r="255" g="255" b="181" a="100" />
              <lineColor r="92" g="92" b="92" a="100" />
              <font name="Lucida Grande" size="12">
                <color r="0" g="0" b="0" />
              </font>
            </style>
          </node>
        </node>
      </view>
      <view identifier="id-24d5cdcd44d744caa8142ead8f53b582" xsi:type="Diagram">
        <name>0600 Claims System Usage By Process</name>
        <node identifier="id-0d6d52e4c212414d93debe6aac52c933" xsi:type="Label" x="24" y="0" w="1045" h="121">
          <style>
            <fillColor r="255" g="255" b="255" a="100" />
            <lineColor r="92" g="92" b="92" a="100" />
            <font name="Segoe UI" size="26" style="bold">
              <color r="0" g="0" b="0" />
            </font>
          </style>
        </node>
        <node identifier="id-f58eab4e25bc4c7291cc150de0ef3118" xsi:type="Label" x="780" y="141" w="152" h="256">
          <label>Legend</label>
          <style>
            <fillColor r="255" g="255" b="255" a="100" />
            <lineColor r="92" g="92" b="92" a="100" />
            <font name="Segoe UI" size="14">
              <color r="0" g="0" b="0" />
            </font>
          </style>
        </node>
        <node identifier="id-37294eb1c9ab42eebb90f64b257b6497" elementRef="id-b10f48d1a68a47aa92e81f03bcca3730" xsi:type="Element" x="796" y="201" w="120" h="55">
          <style>
            <fillColor r="255" g="255" b="181" a="100" />
            <lineColor r="92" g="92" b="92" a="100" />
            <font name="Lucida Grande" size="12">
              <color r="0" g="0" b="0" />
            </font>
          </style>
        </node>
        <node identifier="id-377281e4746c42d9b542b5c468f979a4" elementRef="id-e88c9142fd1146419a8918983494b6fb" xsi:type="Element" x="276" y="201" w="120" h="55">
          <style>
            <fillColor r="255" g="255" b="181" a="100" />
            <lineColor r="92" g="92" b="92" a="100" />
            <font name="Lucida Grande" size="12">
              <color r="0" g="0" b="0" />
            </font>
          </style>
        </node>
        <node identifier="id-1d83e48ca27948e0bac9a7c40beb9b99" elementRef="id-94737cff4b6c48b58c03a084891f24ff" xsi:type="Element" x="120" y="201" w="120" h="55">
          <style>
            <fillColor r="255" g="255" b="181" a="100" />
            <lineColor r="92" g="92" b="92" a="100" />
            <font name="Lucida Grande" size="12">
              <color r="0" g="0" b="0" />
            </font>
          </style>
        </node>
        <node identifier="id-fef0eada8ef24ff0be70fd632dbba15f" elementRef="id-d9ff85417f244d34a038458ed1d99787" xsi:type="Element" x="444" y="201" w="120" h="55">
          <style>
            <fillColor r="255" g="255" b="181" a="100" />
            <lineColor r="92" g="92" b="92" a="100" />
            <font name="Lucida Grande" size="12">
              <color r="0" g="0" b="0" />
            </font>
          </style>
        </node>
        <node identifier="id-0fa67b6b84aa4166b42c2c06f8fd1eda" elementRef="id-e06e7127a22c49b1a3084a65631f0693" xsi:type="Element" x="624" y="201" w="120" h="55">
          <style>
            <fillColor r="255" g="255" b="181" a="100" />
            <lineColor r="92" g="92" b="92" a="100" />
            <font name="Lucida Grande" size="12">
              <color r="0" g="0" b="0" />
            </font>
          </style>
        </node>
        <node identifier="id-fe79dcc99717473d9c82493f9eaa6f48" elementRef="id-83f0eca10ebf41a5bcf60927c2b5fc28" xsi:type="Element" x="796" y="321" w="120" h="55">
          <style>
            <fillColor r="181" g="255" b="255" a="100" />
            <lineColor r="92" g="92" b="92" a="100" />
            <font name="Lucida Grande" size="12">
              <color r="0" g="0" b="0" />
            </font>
          </style>
        </node>
        <node identifier="id-eb96593e855d47b3bc60ed881f63f3b6" elementRef="id-2c692a4f3aef4f19b39a13faa9af3845" xsi:type="Element" x="192" y="342" w="120" h="55">
          <style>
            <fillColor r="181" g="255" b="255" a="100" />
            <lineColor r="92" g="92" b="92" a="100" />
            <font name="Lucida Grande" size="12">
              <color r="0" g="0" b="0" />
            </font>
          </style>
        </node>
        <node identifier="id-5c4889a6c84c408693929bae80d85802" elementRef="id-ebbcb257a4204f67b385a0e52f679ff2" xsi:type="Element" x="624" y="342" w="120" h="55">
          <style>
            <fillColor r="181" g="255" b="255" a="100" />
            <lineColor r="92" g="92" b="92" a="100" />
            <font name="Lucida Grande" size="12">
              <color r="0" g="0" b="0" />
            </font>
          </style>
        </node>
        <node identifier="id-bec33b040f384511a14aeb44a0441230" elementRef="id-f7b0c69257b34271b37d3be89cc23221" xsi:type="Element" x="432" y="342" w="120" h="55">
          <style>
            <fillColor r="181" g="255" b="255" a="100" />
            <lineColor r="92" g="92" b="92" a="100" />
            <font name="Lucida Grande" size="12">
              <color r="0" g="0" b="0" />
            </font>
          </style>
        </node>
        <connection identifier="id-20829ea7cff4434396b59e5ade74161a" relationshipRef="id-df2abc83dc4941999d9eaa0d4bb409d0" xsi:type="Relationship" source="id-fe79dcc99717473d9c82493f9eaa6f48" target="id-37294eb1c9ab42eebb90f64b257b6497">
          <style>
            <lineColor r="0" g="0" b="0" />
            <font name="Lucida Grande" size="12">
              <color r="0" g="0" b="0" />
            </font>
          </style>
        </connection>
        <connection identifier="id-8c00bb5365374fe2afe7baecc633766a" relationshipRef="id-0bd1db5f779d4b8a9d92090cbaf0d72b" xsi:type="Relationship" source="id-eb96593e855d47b3bc60ed881f63f3b6" target="id-377281e4746c42d9b542b5c468f979a4">
          <style>
            <lineColor r="0" g="0" b="0" />
            <font name="Lucida Grande" size="12">
              <color r="0" g="0" b="0" />
            </font>
          </style>
          <bendpoint x="348" y="372" />
        </connection>
        <connection identifier="id-91842a38a989401bb89de5c626246f59" relationshipRef="id-9aedd2e37e284f0da9a4b5a501ca7743" xsi:type="Relationship" source="id-eb96593e855d47b3bc60ed881f63f3b6" target="id-1d83e48ca27948e0bac9a7c40beb9b99">
          <style>
            <lineColor r="0" g="0" b="0" />
            <font name="Lucida Grande" size="12">
              <color r="0" g="0" b="0" />
            </font>
          </style>
          <bendpoint x="168" y="372" />
        </connection>
        <connection identifier="id-863d031713794134b94d4529d8abe4ba" relationshipRef="id-c005624bdf8d4b468ee38a2ae526f5a9" xsi:type="Relationship" source="id-5c4889a6c84c408693929bae80d85802" target="id-0fa67b6b84aa4166b42c2c06f8fd1eda">
          <style>
            <lineColor r="0" g="0" b="0" />
            <font name="Lucida Grande" size="12">
              <color r="0" g="0" b="0" />
            </font>
          </style>
        </connection>
        <connection identifier="id-55a185e709fb4170876b78d8fdfcd5a8" relationshipRef="id-0d82c70326574c34990beb42cb8cd40c" xsi:type="Relationship" source="id-bec33b040f384511a14aeb44a0441230" target="id-fef0eada8ef24ff0be70fd632dbba15f">
          <style>
            <lineColor r="0" g="0" b="0" />
            <font name="Lucida Grande" size="12">
              <color r="0" g="0" b="0" />
            </font>
          </style>
        </connection>
      </view>
      <view identifier="id-24b4bcb0de3b49ecba621b2210edf60a" xsi:type="Diagram">
        <name>0700 Capability-Based Planning Tied to Valued Outcomes and Service Orientation</name>
        <node identifier="id-e438ec5f6ae642839acf6413f42baa23" elementRef="id-d432df01c22f4735aa4ce7b95c6e9fa9" xsi:type="Element" x="720" y="416" w="120" h="55">
          <style>
            <fillColor r="245" g="222" b="170" a="100" />
            <lineColor r="92" g="92" b="92" a="100" />
            <font name="Lucida Grande" size="12">
              <color r="0" g="0" b="0" />
            </font>
          </style>
        </node>
        <node identifier="id-6027f84a7c2a4b97bc6ef7f7b4e58e96" elementRef="id-3aa5692fc4f24811ac80895cf319e592" xsi:type="Element" x="463" y="410" w="169" h="67">
          <style>
            <fillColor r="245" g="222" b="170" a="100" />
            <lineColor r="92" g="92" b="92" a="100" />
            <font name="Lucida Grande" size="12">
              <color r="0" g="0" b="0" />
            </font>
          </style>
        </node>
        <node identifier="id-a5ad11dad4424a9e8d39904009290e60" elementRef="id-6a1af0ae89664047bf52c825a3a71614" xsi:type="Element" x="708" y="276" w="120" h="55">
          <style>
            <fillColor r="245" g="222" b="170" a="100" />
            <lineColor r="92" g="92" b="92" a="100" />
            <font name="Lucida Grande" size="12">
              <color r="0" g="0" b="0" />
            </font>
          </style>
        </node>
        <node identifier="id-7af169134bf34a238f6e60201b8b5e8c" elementRef="id-8033a3a62b194dae894588d6e1810525" xsi:type="Element" x="864" y="416" w="108" h="55">
          <style>
            <fillColor r="245" g="222" b="170" a="100" />
            <lineColor r="92" g="92" b="92" a="100" />
            <font name="Lucida Grande" size="12">
              <color r="0" g="0" b="0" />
            </font>
          </style>
        </node>
        <node identifier="id-5656561734e44208ba4bf4cec6a2b853" elementRef="id-685bfdd327e34827a7bf76561e1c43ff" xsi:type="Element" x="264" y="600" w="157" h="145">
          <style>
            <fillColor r="255" g="255" b="181" a="100" />
            <lineColor r="92" g="92" b="92" a="100" />
            <font name="Lucida Grande" size="12">
              <color r="0" g="0" b="0" />
            </font>
          </style>
          <node identifier="id-ec5955f6210f412487911eb31e4a8d4d" elementRef="id-b197204b568249acbc9dc1d895bee6f0" xsi:type="Element" x="287" y="636" w="120" h="37">
            <style>
              <fillColor r="255" g="255" b="181" a="100" />
              <lineColor r="92" g="92" b="92" a="100" />
              <font name="Lucida Grande" size="12">
                <color r="0" g="0" b="0" />
              </font>
            </style>
          </node>
          <node identifier="id-01b8df2709b84517821e70a20ce8a568" elementRef="id-cdcff954bb884ea8a9c1eca060e817d0" xsi:type="Element" x="287" y="684" w="120" h="40">
            <style>
              <fillColor r="255" g="255" b="181" a="100" />
              <lineColor r="92" g="92" b="92" a="100" />
              <font name="Lucida Grande" size="12">
                <color r="0" g="0" b="0" />
              </font>
            </style>
          </node>
        </node>
        <node identifier="id-23e3f9a1f0a645b1a3244ca6c3365535" elementRef="id-cccbbc37f335468f99e555a839f5426b" xsi:type="Element" x="480" y="600" w="157" h="127">
          <style>
            <fillColor r="255" g="255" b="181" a="100" />
            <lineColor r="92" g="92" b="92" a="100" />
            <font name="Lucida Grande" size="12">
              <color r="0" g="0" b="0" />
            </font>
          </style>
        </node>
        <node identifier="id-17b4e4c4df924a56b1f6637edba34ed8" elementRef="id-1bff64e5c69142848d68b8ddba577fd0" xsi:type="Element" x="696" y="600" w="157" h="127">
          <style>
            <fillColor r="255" g="255" b="181" a="100" />
            <lineColor r="92" g="92" b="92" a="100" />
            <font name="Lucida Grande" size="12">
              <color r="0" g="0" b="0" />
            </font>
          </style>
        </node>
        <node identifier="id-23293985bf824cd9ab0ce50f873a0b7d" elementRef="id-2a005b3a99aa458c8d65ed9566e43562" xsi:type="Element" x="1055" y="264" w="192" h="118">
          <style>
            <fillColor r="204" g="204" b="255" a="100" />
            <lineColor r="92" g="92" b="92" a="100" />
            <font name="Lucida Grande" size="12">
              <color r="0" g="0" b="0" />
            </font>
          </style>
        </node>
        <node identifier="id-ecc12db8b12c4f98896ef6405512632a" elementRef="id-9d3c612e4b7e4fd39c0fd6c8cf13a281" xsi:type="Element" x="540" y="552" w="15" h="15">
          <style>
            <fillColor r="0" g="0" b="0" a="100" />
            <lineColor r="92" g="92" b="92" a="100" />
            <font name="Lucida Grande" size="12">
              <color r="0" g="0" b="0" />
            </font>
          </style>
        </node>
        <node identifier="id-ea53804b5c4245c7aeb10338de590f61" elementRef="id-bcc305f3f3474ab8ae1822ef8a0db98a" xsi:type="Element" x="656" y="168" w="238" h="79">
          <style>
            <fillColor r="204" g="204" b="255" a="100" />
            <lineColor r="92" g="92" b="92" a="100" />
            <font name="Lucida Grande" size="12">
              <color r="0" g="0" b="0" />
            </font>
          </style>
        </node>
        <node identifier="id-6c2047170f344f1cb245e777c791b4ff" elementRef="id-5f2ca4020dfd4a10bdc1156db168e483" xsi:type="Element" x="540" y="276" w="120" h="55">
          <style>
            <fillColor r="245" g="222" b="170" a="100" />
            <lineColor r="92" g="92" b="92" a="100" />
            <font name="Lucida Grande" size="12">
              <color r="0" g="0" b="0" />
            </font>
          </style>
        </node>
        <node identifier="id-e6a1a28fb5514580a5c6f8b9f48d26d5" elementRef="id-14089739aa41445e964c108a85195b18" xsi:type="Element" x="858" y="276" w="120" h="55">
          <style>
            <fillColor r="245" g="222" b="170" a="100" />
            <lineColor r="92" g="92" b="92" a="100" />
            <font name="Lucida Grande" size="12">
              <color r="0" g="0" b="0" />
            </font>
          </style>
        </node>
        <node identifier="id-815268af894b4c5fad2cb18dd1c0719d" elementRef="id-25d6dfa5de454df0887d65bd165e2398" xsi:type="Element" x="772" y="362" w="15" h="15">
          <style>
            <fillColor r="0" g="0" b="0" a="100" />
            <lineColor r="92" g="92" b="92" a="100" />
            <font name="Lucida Grande" size="12">
              <color r="0" g="0" b="0" />
            </font>
          </style>
        </node>
        <node identifier="id-f636adfe62af4966a374c4f41115adfb" xsi:type="Label" x="900" y="476" w="505" h="244">
          <style>
            <fillColor r="255" g="255" b="255" a="100" />
            <lineColor r="92" g="92" b="92" a="100" />
            <font name="Lucida Grande" size="12">
              <color r="0" g="0" b="0" />
            </font>
          </style>
        </node>
        <node identifier="id-9a1dfc5093e448fa826301dca050eb70" elementRef="id-77b38ea9b0564f2c87e1e00680ce59b6" xsi:type="Element" x="936" y="636" w="120" h="55">
          <style>
            <fillColor r="255" g="255" b="181" a="100" />
            <lineColor r="92" g="92" b="92" a="100" />
            <font name="Lucida Grande" size="12">
              <color r="0" g="0" b="0" />
            </font>
          </style>
        </node>
        <node identifier="id-d8064de1cc9a4ac48df6eb2e9212bcd5" elementRef="id-bae4927636db45a6bd900a15f70dcd20" xsi:type="Element" x="936" y="532" w="120" h="55">
          <style>
            <fillColor r="245" g="222" b="170" a="100" />
            <lineColor r="92" g="92" b="92" a="100" />
            <font name="Lucida Grande" size="12">
              <color r="0" g="0" b="0" />
            </font>
          </style>
        </node>
        <node identifier="id-018850f5282c46cc8bc9e9cca59a0935" elementRef="id-1caf82f8e07c475d99462cd0db97df1b" xsi:type="Element" x="1104" y="648" w="120" h="55">
          <style>
            <fillColor r="245" g="222" b="170" a="100" />
            <lineColor r="92" g="92" b="92" a="100" />
            <font name="Lucida Grande" size="12">
              <color r="0" g="0" b="0" />
            </font>
          </style>
        </node>
        <node identifier="id-8db51a1558be422f9b5d634ae7ba97f8" elementRef="id-e9341681a1a04f10be994ad2cb559fea" xsi:type="Element" x="1260" y="532" w="120" h="55">
          <style>
            <fillColor r="245" g="222" b="170" a="100" />
            <lineColor r="92" g="92" b="92" a="100" />
            <font name="Lucida Grande" size="12">
              <color r="0" g="0" b="0" />
            </font>
          </style>
        </node>
        <node identifier="id-bf78b088e7fd436da868a7d97200a359" elementRef="id-fbf5535f2df54e5294b3c7d56b45ae6e" xsi:type="Element" x="1104" y="532" w="120" h="55">
          <style>
            <fillColor r="204" g="204" b="255" a="100" />
            <lineColor r="92" g="92" b="92" a="100" />
            <font name="Lucida Grande" size="12">
              <color r="0" g="0" b="0" />
            </font>
          </style>
        </node>
        <node identifier="id-2d3538d37b1a4f438894629e6d594ea9" elementRef="id-4b6074cbc79c4dfda72f7054be4ea685" xsi:type="Element" x="1260" y="648" w="120" h="55">
          <style>
            <fillColor r="204" g="204" b="255" a="100" />
            <lineColor r="92" g="92" b="92" a="100" />
            <font name="Lucida Grande" size="12">
              <color r="0" g="0" b="0" />
            </font>
          </style>
        </node>
        <node identifier="id-28f50bc24d4f442eae99e088b51cbeac" elementRef="id-7f84498728984222874f3dc47a3cf617" xsi:type="Element" x="946" y="496" w="15" h="15">
          <style>
            <fillColor r="0" g="0" b="0" a="100" />
            <lineColor r="92" g="92" b="92" a="100" />
            <font name="Lucida Grande" size="12">
              <color r="0" g="0" b="0" />
            </font>
          </style>
        </node>
        <node identifier="id-3a1a5b1e8c0541579c34daccc2730a64" xsi:type="Label" x="971" y="496" w="109" h="22">
          <label>AND junction</label>
          <style>
            <fillColor r="255" g="255" b="255" a="100" />
            <lineColor r="92" g="92" b="92" a="100" />
            <font name="Lucida Grande" size="12">
              <color r="0" g="0" b="0" />
            </font>
          </style>
        </node>
        <connection identifier="id-e21051b41dbf407cba5f8112af617c43" relationshipRef="id-7817084b62bd488888178a07a6b7c27c" xsi:type="Relationship" source="id-e438ec5f6ae642839acf6413f42baa23" target="id-7af169134bf34a238f6e60201b8b5e8c">
          <style>
            <lineColor r="0" g="0" b="0" />
            <font name="Lucida Grande" size="12">
              <color r="0" g="0" b="0" />
            </font>
          </style>
        </connection>
        <connection identifier="id-10f1561de06942e99a5dac23bc17adb4" relationshipRef="id-e84c2940c27649bb9c6a2b6f40cacfc2" xsi:type="Relationship" source="id-e438ec5f6ae642839acf6413f42baa23" target="id-815268af894b4c5fad2cb18dd1c0719d">
          <style>
            <lineColor r="0" g="0" b="0" />
            <font name="Lucida Grande" size="12">
              <color r="0" g="0" b="0" />
            </font>
          </style>
        </connection>
        <connection identifier="id-64c2231b66f444e2b3fdc4d007ba9b36" relationshipRef="id-c953a600a35841c4b5618b918cc4a72c" xsi:type="Relationship" source="id-6027f84a7c2a4b97bc6ef7f7b4e58e96" target="id-e438ec5f6ae642839acf6413f42baa23">
          <style>
            <lineColor r="0" g="0" b="0" />
            <font name="Lucida Grande" size="12">
              <color r="0" g="0" b="0" />
            </font>
          </style>
        </connection>
        <connection identifier="id-2f09010dc5534ed6bb272228cf78f0a5" relationshipRef="id-ca62e49695ad44d3aff69560fa00b88e" xsi:type="Relationship" source="id-a5ad11dad4424a9e8d39904009290e60" target="id-ea53804b5c4245c7aeb10338de590f61">
          <style>
            <lineColor r="0" g="0" b="0" />
            <font name="Lucida Grande" size="12">
              <color r="0" g="0" b="0" />
            </font>
          </style>
        </connection>
        <connection identifier="id-f62ee862cab7420e8d160bd876182e15" relationshipRef="id-8a042ecbdb144b59a9f23e030b8f9e4c" xsi:type="Relationship" source="id-7af169134bf34a238f6e60201b8b5e8c" target="id-23293985bf824cd9ab0ce50f873a0b7d">
          <style>
            <lineColor r="0" g="0" b="0" />
            <font name="Lucida Grande" size="12">
              <color r="0" g="0" b="0" />
            </font>
          </style>
        </connection>
        <connection identifier="id-9f1c7810472346f382919d9880915a3d" relationshipRef="id-4e24de2a12a44b55ad734db538fae149" xsi:type="Relationship" source="id-5656561734e44208ba4bf4cec6a2b853" target="id-ecc12db8b12c4f98896ef6405512632a">
          <style>
            <lineColor r="0" g="0" b="0" />
            <font name="Lucida Grande" size="12">
              <color r="0" g="0" b="0" />
            </font>
          </style>
        </connection>
        <connection identifier="id-a3b4af1b40d442e4a822b19e2a32a9e2" relationshipRef="id-ecac101807544720845be3709e8092bd" xsi:type="Relationship" source="id-23e3f9a1f0a645b1a3244ca6c3365535" target="id-ecc12db8b12c4f98896ef6405512632a">
          <style>
            <lineColor r="0" g="0" b="0" />
            <font name="Lucida Grande" size="12">
              <color r="0" g="0" b="0" />
            </font>
          </style>
        </connection>
        <connection identifier="id-1a29fd1219da46e78c1a081dead1c842" relationshipRef="id-5d78a1779cd6431391ad92fd2357a1f2" xsi:type="Relationship" source="id-17b4e4c4df924a56b1f6637edba34ed8" target="id-ecc12db8b12c4f98896ef6405512632a">
          <style>
            <lineColor r="0" g="0" b="0" />
            <font name="Lucida Grande" size="12">
              <color r="0" g="0" b="0" />
            </font>
          </style>
        </connection>
        <connection identifier="id-72c4ffb8b7f54163af74652db21e7e96" relationshipRef="id-3dd13c16f2f944048bfc34317bb87ee2" xsi:type="Relationship" source="id-ecc12db8b12c4f98896ef6405512632a" target="id-6027f84a7c2a4b97bc6ef7f7b4e58e96">
          <style>
            <lineColor r="0" g="0" b="0" />
            <font name="Lucida Grande" size="12">
              <color r="0" g="0" b="0" />
            </font>
          </style>
        </connection>
        <connection identifier="id-aeb93f5e43684cd59ff12f8d5069caa9" relationshipRef="id-fea2da4514ef4a74b4ba9371ac35d6bd" xsi:type="Relationship" source="id-ea53804b5c4245c7aeb10338de590f61" target="id-e6a1a28fb5514580a5c6f8b9f48d26d5">
          <style>
            <lineColor r="0" g="0" b="0" />
            <font name="Lucida Grande" size="12">
              <color r="0" g="0" b="0" />
            </font>
          </style>
        </connection>
        <connection identifier="id-bebc04f5b35b4390b7d6c864d9c5ded2" relationshipRef="id-d4ab8ae2fb6d4d62a30beda9bdebcfd1" xsi:type="Relationship" source="id-6c2047170f344f1cb245e777c791b4ff" target="id-ea53804b5c4245c7aeb10338de590f61">
          <style>
            <lineColor r="0" g="0" b="0" />
            <font name="Lucida Grande" size="12">
              <color r="0" g="0" b="0" />
            </font>
          </style>
        </connection>
        <connection identifier="id-017615c9201648a789489e3cc2dc2649" relationshipRef="id-e3e06484e3e94b2eb6d7d9f54fbc8050" xsi:type="Relationship" source="id-815268af894b4c5fad2cb18dd1c0719d" target="id-a5ad11dad4424a9e8d39904009290e60">
          <style>
            <lineColor r="0" g="0" b="0" />
            <font name="Lucida Grande" size="12">
              <color r="0" g="0" b="0" />
            </font>
          </style>
        </connection>
        <connection identifier="id-6e5f42beaa424332a1fe3ab6e7e8ba38" relationshipRef="id-06e4b1d869404546933532f173e20f50" xsi:type="Relationship" source="id-815268af894b4c5fad2cb18dd1c0719d" target="id-e6a1a28fb5514580a5c6f8b9f48d26d5">
          <style>
            <lineColor r="0" g="0" b="0" />
            <font name="Lucida Grande" size="12">
              <color r="0" g="0" b="0" />
            </font>
          </style>
        </connection>
        <connection identifier="id-260a5c73512846e6a5c06a45aa0484e4" relationshipRef="id-cee2c72ab7d34b0ba5c9be6f08a220e4" xsi:type="Relationship" source="id-815268af894b4c5fad2cb18dd1c0719d" target="id-6c2047170f344f1cb245e777c791b4ff">
          <style>
            <lineColor r="0" g="0" b="0" />
            <font name="Lucida Grande" size="12">
              <color r="0" g="0" b="0" />
            </font>
          </style>
        </connection>
        <connection identifier="id-f4f0406037f3453384bcb7bdbf020c7b" relationshipRef="id-99c57a61399c48618c877973d64ea575" xsi:type="Relationship" source="id-9a1dfc5093e448fa826301dca050eb70" target="id-d8064de1cc9a4ac48df6eb2e9212bcd5">
          <style>
            <lineColor r="0" g="0" b="0" />
            <font name="Lucida Grande" size="12">
              <color r="0" g="0" b="0" />
            </font>
          </style>
        </connection>
        <connection identifier="id-512ff2ca62894939a7045267fe0052cb" relationshipRef="id-97dc6c3096a04b288e3c3eea2d85d51a" xsi:type="Relationship" source="id-018850f5282c46cc8bc9e9cca59a0935" target="id-bf78b088e7fd436da868a7d97200a359">
          <style>
            <lineColor r="0" g="0" b="0" />
            <font name="Lucida Grande" size="12">
              <color r="0" g="0" b="0" />
            </font>
          </style>
        </connection>
        <connection identifier="id-5db7cc0a64124b7f945a2578288429af" relationshipRef="id-5b6c7547fe8c4143ae3b009eb8c2968b" xsi:type="Relationship" source="id-018850f5282c46cc8bc9e9cca59a0935" target="id-8db51a1558be422f9b5d634ae7ba97f8">
          <style>
            <lineColor r="0" g="0" b="0" />
            <font name="Lucida Grande" size="12">
              <color r="0" g="0" b="0" />
            </font>
          </style>
        </connection>
      </view>
      <view identifier="id-a0194463a82b48bea488fab37ef222d3" xsi:type="Diagram">
        <name>0300 Generic Telephonic Claim Intake Process</name>
        <node identifier="id-47597d45980e47079e46e73b8ee503ba" xsi:type="Label" x="36" y="516" w="445" h="265">
          <label>Legend</label>
          <style>
            <fillColor r="255" g="255" b="255" a="100" />
            <lineColor r="92" g="92" b="92" a="100" />
            <font name="Segoe UI" size="14">
              <color r="0" g="0" b="0" />
            </font>
          </style>
        </node>
        <node identifier="id-a4ea6f467f2d490c9fbc0822c914c9e9" xsi:type="Label" x="24" y="0" w="1045" h="121">
          <style>
            <fillColor r="255" g="255" b="255" a="100" />
            <lineColor r="92" g="92" b="92" a="100" />
            <font name="Segoe UI" size="26" style="bold">
              <color r="0" g="0" b="0" />
            </font>
          </style>
        </node>
        <node identifier="id-f04091eb3b074bf8bd9434d8450cb4ee" elementRef="id-31ebf8bf88c241bea5e321f28e6fd0ce" xsi:type="Element" x="36" y="120" w="877" h="385">
          <style>
            <fillColor r="255" g="255" b="181" a="100" />
            <lineColor r="92" g="92" b="92" a="100" />
            <font name="Segoe UI" size="14">
              <color r="0" g="0" b="0" />
            </font>
          </style>
          <node identifier="id-99f6b31fd5ec4a8183c4728b1a243ec5" elementRef="id-8efb36e08c904782981704081112acfe" xsi:type="Element" x="468" y="312" w="120" h="55">
            <style>
              <fillColor r="181" g="255" b="255" a="100" />
              <lineColor r="92" g="92" b="92" a="100" />
              <font name="Lucida Grande" size="12">
                <color r="0" g="0" b="0" />
              </font>
            </style>
          </node>
          <node identifier="id-0c647b5872a8458d90e66b85f0852e55" elementRef="id-5bee80ba83b845e1bf4ea413de218b68" xsi:type="Element" x="416" y="444" w="120" h="55">
            <style>
              <fillColor r="181" g="255" b="255" a="100" />
              <lineColor r="92" g="92" b="92" a="100" />
              <font name="Lucida Grande" size="12">
                <color r="0" g="0" b="0" />
              </font>
            </style>
          </node>
          <node identifier="id-d0765c5aeb944cbab9d8829b5ab28bdd" elementRef="id-2a4f51a79ff14092ad925805884b8798" xsi:type="Element" x="192" y="306" w="120" h="85">
            <style>
              <fillColor r="255" g="255" b="181" a="100" />
              <lineColor r="92" g="92" b="92" a="100" />
              <font name="Lucida Grande" size="12">
                <color r="0" g="0" b="0" />
              </font>
            </style>
          </node>
          <node identifier="id-80c6831414b949ffa10b2c5eca689d22" elementRef="id-fbc7e847c71041dca45d73994052b47f" xsi:type="Element" x="324" y="306" w="120" h="85">
            <style>
              <fillColor r="255" g="255" b="181" a="100" />
              <lineColor r="92" g="92" b="92" a="100" />
              <font name="Lucida Grande" size="12">
                <color r="0" g="0" b="0" />
              </font>
            </style>
          </node>
          <node identifier="id-f407f90daf56456cab5ea615c4f785f7" elementRef="id-4b9ab8b6aa0943a58e914b56de1ad8b0" xsi:type="Element" x="468" y="396" w="15" h="15">
            <style>
              <fillColor r="0" g="0" b="0" a="100" />
              <lineColor r="92" g="92" b="92" a="100" />
              <font name="Lucida Grande" size="12">
                <color r="0" g="0" b="0" />
              </font>
            </style>
          </node>
          <node identifier="id-a29cda67b9f64404bdd357bde7840280" elementRef="id-4c711dfb860a436cb2f9eea3da68c0cc" xsi:type="Element" x="660" y="396" w="15" h="15">
            <style>
              <fillColor r="0" g="0" b="0" a="100" />
              <lineColor r="92" g="92" b="92" a="100" />
              <font name="Lucida Grande" size="12">
                <color r="0" g="0" b="0" />
              </font>
            </style>
          </node>
        </node>
        <node identifier="id-e9dfc4a7bdd24deeabacab050a684c3e" elementRef="id-4d23f49cf3254f18b1b0dd2a5551d2c6" xsi:type="Element" x="60" y="228" w="120" h="55">
          <style>
            <fillColor r="255" g="255" b="181" a="100" />
            <lineColor r="92" g="92" b="92" a="100" />
            <font name="Lucida Grande" size="12">
              <color r="0" g="0" b="0" />
            </font>
          </style>
        </node>
        <node identifier="id-b585a52e4a7847f08553d0109f9aa902" elementRef="id-674edda8695f4d418b4e964a850ab718" xsi:type="Element" x="468" y="228" w="120" h="55">
          <style>
            <fillColor r="255" g="255" b="181" a="100" />
            <lineColor r="92" g="92" b="92" a="100" />
            <font name="Lucida Grande" size="12">
              <color r="0" g="0" b="0" />
            </font>
          </style>
        </node>
        <node identifier="id-00fe51e76423466ca69a952e18aff20b" elementRef="id-ee7f41a143c3420b92284860c469a7b5" xsi:type="Element" x="625" y="228" w="120" h="55">
          <style>
            <fillColor r="255" g="255" b="181" a="100" />
            <lineColor r="92" g="92" b="92" a="100" />
            <font name="Lucida Grande" size="12">
              <color r="0" g="0" b="0" />
            </font>
          </style>
        </node>
        <node identifier="id-194f9ac1b79c40ccabdf40490df0ab9b" elementRef="id-c0f273c561a74dea8982b5ae95d9ffab" xsi:type="Element" x="244" y="248" w="15" h="15">
          <style>
            <fillColor r="0" g="0" b="0" a="100" />
            <lineColor r="92" g="92" b="92" a="100" />
            <font name="Lucida Grande" size="12">
              <color r="0" g="0" b="0" />
            </font>
          </style>
        </node>
        <node identifier="id-7d8b14f97c5a4472af5520efdff110ce" elementRef="id-47bac9f040ee40118876ff11093056d4" xsi:type="Element" x="372" y="248" w="15" h="15">
          <style>
            <fillColor r="0" g="0" b="0" a="100" />
            <lineColor r="92" g="92" b="92" a="100" />
            <font name="Lucida Grande" size="12">
              <color r="0" g="0" b="0" />
            </font>
          </style>
        </node>
        <node identifier="id-6ddc4be02be24762b469844cc73c699e" elementRef="id-197aaa8756da4dc4b35b39294a8fbbd5" xsi:type="Element" x="768" y="228" w="120" h="55">
          <style>
            <fillColor r="255" g="255" b="181" a="100" />
            <lineColor r="92" g="92" b="92" a="100" />
            <font name="Lucida Grande" size="12">
              <color r="0" g="0" b="0" />
            </font>
          </style>
        </node>
        <node identifier="id-26ba95d973124d23a11c8a1d218daec9" xsi:type="Label" x="215" y="196" w="75" h="49">
          <label>Can agent help caller?</label>
          <style>
            <fillColor r="255" g="255" b="181" a="100" />
            <lineColor r="92" g="92" b="92" a="100" />
            <font name="Lucida Grande" size="12">
              <color r="0" g="0" b="0" />
            </font>
          </style>
        </node>
        <node identifier="id-4248bcd1b90640a1af07df4158ac4d32" xsi:type="Label" x="336" y="186" w="97" h="59">
          <label>Does caller have a new claim to report?</label>
          <style>
            <fillColor r="255" g="255" b="181" a="100" />
            <lineColor r="92" g="92" b="92" a="100" />
            <font name="Lucida Grande" size="12">
              <color r="0" g="0" b="0" />
            </font>
          </style>
        </node>
        <node identifier="id-acedd3a13e034c149e9b1ab85607034a" elementRef="id-b10f48d1a68a47aa92e81f03bcca3730" xsi:type="Element" x="54" y="564" w="96" h="55">
          <style>
            <fillColor r="255" g="255" b="181" a="100" />
            <lineColor r="92" g="92" b="92" a="100" />
            <font name="Lucida Grande" size="12">
              <color r="0" g="0" b="0" />
            </font>
          </style>
        </node>
        <node identifier="id-77cec82e4dad46e7967e15a8c00cc1a9" elementRef="id-b10f48d1a68a47aa92e81f03bcca3730" xsi:type="Element" x="354" y="564" w="85" h="55">
          <style>
            <fillColor r="255" g="255" b="181" a="100" />
            <lineColor r="92" g="92" b="92" a="100" />
            <font name="Lucida Grande" size="12">
              <color r="0" g="0" b="0" />
            </font>
          </style>
        </node>
        <node identifier="id-5075372424bf401781ebaaccc46fa378" elementRef="id-d36b8e93594340c7bad276a5e601aca0" xsi:type="Element" x="258" y="584" w="15" h="15">
          <style>
            <fillColor r="0" g="0" b="0" a="100" />
            <lineColor r="92" g="92" b="92" a="100" />
            <font name="Lucida Grande" size="12">
              <color r="0" g="0" b="0" />
            </font>
          </style>
        </node>
        <node identifier="id-ece0520d3aa44e1e86c634b1921a8320" xsi:type="Label" x="217" y="560" w="97" h="25">
          <label>OR Junction</label>
          <style>
            <fillColor r="255" g="255" b="255" a="100" />
            <lineColor r="92" g="92" b="92" a="100" />
            <font name="Lucida Grande" size="12">
              <color r="0" g="0" b="0" />
            </font>
          </style>
        </node>
        <node identifier="id-5cbe8234bc5c43949c7ac8cc4953a3d8" elementRef="id-856a6be468e64092aa110f0508dcd65a" xsi:type="Element" x="187" y="720" w="120" h="55">
          <style>
            <fillColor r="181" g="255" b="255" a="100" />
            <lineColor r="92" g="92" b="92" a="100" />
            <font name="Lucida Grande" size="12">
              <color r="0" g="0" b="0" />
            </font>
          </style>
        </node>
        <node identifier="id-d72a303567684de0a9e92adbfc382999" xsi:type="Label" x="210" y="648" w="97" h="25">
          <label>AND Junction</label>
          <style>
            <fillColor r="255" g="255" b="255" a="100" />
            <lineColor r="92" g="92" b="92" a="100" />
            <font name="Lucida Grande" size="12">
              <color r="0" g="0" b="0" />
            </font>
          </style>
        </node>
        <node identifier="id-377bc5ebfa1e4a15a355b1c46b3ecde5" elementRef="id-969078dd50ce4f75bff1fd8b1cde520f" xsi:type="Element" x="251" y="672" w="15" h="15">
          <style>
            <fillColor r="0" g="0" b="0" a="100" />
            <lineColor r="92" g="92" b="92" a="100" />
            <font name="Lucida Grande" size="12">
              <color r="0" g="0" b="0" />
            </font>
          </style>
        </node>
        <connection identifier="id-c2b78ea33a134ff1816b8995c7b5fd9b" relationshipRef="id-e013c14501c8480aaafeca3f1bb871bd" xsi:type="Relationship" source="id-99f6b31fd5ec4a8183c4728b1a243ec5" target="id-b585a52e4a7847f08553d0109f9aa902">
          <style>
            <lineColor r="0" g="0" b="0" />
            <font name="Lucida Grande" size="12">
              <color r="0" g="0" b="0" />
            </font>
          </style>
        </connection>
        <connection identifier="id-92971f6f187644df962c0368b48e5d73" relationshipRef="id-7f6a671bef60483892f8dd5a42d30232" xsi:type="Relationship" source="id-0c647b5872a8458d90e66b85f0852e55" target="id-f407f90daf56456cab5ea615c4f785f7">
          <style>
            <lineColor r="0" g="0" b="0" />
            <font name="Lucida Grande" size="12">
              <color r="0" g="0" b="0" />
            </font>
          </style>
        </connection>
        <connection identifier="id-0e0a8677eba147319113e3116600010c" relationshipRef="id-b117dc4b2b37426785fdf89ff361b930" xsi:type="Relationship" source="id-f407f90daf56456cab5ea615c4f785f7" target="id-e9dfc4a7bdd24deeabacab050a684c3e">
          <style>
            <lineColor r="0" g="0" b="0" />
            <font name="Lucida Grande" size="12">
              <color r="0" g="0" b="0" />
            </font>
          </style>
          <bendpoint x="132" y="408" />
        </connection>
        <connection identifier="id-b07f8e7d46474e4fb480a2c4b5820b8e" relationshipRef="id-6a7a25a5276e498487fbf6769d8bb33c" xsi:type="Relationship" source="id-f407f90daf56456cab5ea615c4f785f7" target="id-a29cda67b9f64404bdd357bde7840280">
          <style>
            <lineColor r="0" g="0" b="0" />
            <font name="Lucida Grande" size="12">
              <color r="0" g="0" b="0" />
            </font>
          </style>
        </connection>
        <connection identifier="id-589c641d7f1847309e249e295a543c8a" relationshipRef="id-381cb6b2297947c3a5baac8b9f1b3ce5" xsi:type="Relationship" source="id-a29cda67b9f64404bdd357bde7840280" target="id-00fe51e76423466ca69a952e18aff20b">
          <style>
            <lineColor r="0" g="0" b="0" />
            <font name="Lucida Grande" size="12">
              <color r="0" g="0" b="0" />
            </font>
          </style>
        </connection>
        <connection identifier="id-8afd679cc2d2482599249b9011561cac" relationshipRef="id-f0c119276ec94bf4a178bbdd18244822" xsi:type="Relationship" source="id-a29cda67b9f64404bdd357bde7840280" target="id-6ddc4be02be24762b469844cc73c699e">
          <style>
            <lineColor r="0" g="0" b="0" />
            <font name="Lucida Grande" size="12">
              <color r="0" g="0" b="0" />
            </font>
          </style>
          <bendpoint x="828" y="408" />
        </connection>
        <connection identifier="id-ca44bfc1b3f14c859e7ed26f17d89984" relationshipRef="id-5706fd7c47a84c308dc35c15f0ce0664" xsi:type="Relationship" source="id-e9dfc4a7bdd24deeabacab050a684c3e" target="id-194f9ac1b79c40ccabdf40490df0ab9b">
          <style>
            <lineColor r="0" g="0" b="0" />
            <font name="Lucida Grande" size="12">
              <color r="0" g="0" b="0" />
            </font>
          </style>
        </connection>
        <connection identifier="id-50ef59d2bf88410ea0b2927dd3e08470" relationshipRef="id-99e891115b6e4d41acc80b87d0064bae" xsi:type="Relationship" source="id-b585a52e4a7847f08553d0109f9aa902" target="id-00fe51e76423466ca69a952e18aff20b">
          <style>
            <lineColor r="0" g="0" b="0" />
            <font name="Lucida Grande" size="12">
              <color r="0" g="0" b="0" />
            </font>
          </style>
        </connection>
        <connection identifier="id-9abe379415674250afda87e5691b8abc" relationshipRef="id-96973c8e87f748df80e4eae0d397046b" xsi:type="Relationship" source="id-00fe51e76423466ca69a952e18aff20b" target="id-6ddc4be02be24762b469844cc73c699e">
          <style>
            <lineColor r="0" g="0" b="0" />
            <font name="Lucida Grande" size="12">
              <color r="0" g="0" b="0" />
            </font>
          </style>
        </connection>
        <connection identifier="id-aee39c28cfa446a3bfbe032223e492ae" relationshipRef="id-8ab2238b2c9a44f9bd54906357dfdd42" xsi:type="Relationship" source="id-194f9ac1b79c40ccabdf40490df0ab9b" target="id-d0765c5aeb944cbab9d8829b5ab28bdd">
          <style>
            <lineColor r="0" g="0" b="0" />
            <font name="Lucida Grande" size="12">
              <color r="0" g="0" b="0" />
            </font>
          </style>
        </connection>
        <connection identifier="id-2a944b03320f49cc91d979aa992723ef" relationshipRef="id-00a5e5240b4e4a55b063cbb94c1e2d7c" xsi:type="Relationship" source="id-194f9ac1b79c40ccabdf40490df0ab9b" target="id-7d8b14f97c5a4472af5520efdff110ce">
          <style>
            <lineColor r="0" g="0" b="0" />
            <font name="Lucida Grande" size="12">
              <color r="0" g="0" b="0" />
            </font>
          </style>
        </connection>
        <connection identifier="id-877436c414c044748d4ae0ef7e6d7f8c" relationshipRef="id-3a38d9255dc64e78b564f45d55f5940f" xsi:type="Relationship" source="id-7d8b14f97c5a4472af5520efdff110ce" target="id-80c6831414b949ffa10b2c5eca689d22">
          <style>
            <lineColor r="0" g="0" b="0" />
            <font name="Lucida Grande" size="12">
              <color r="0" g="0" b="0" />
            </font>
          </style>
        </connection>
        <connection identifier="id-ba9b9a41ee0c44e7bdfc6b4f4a40939b" relationshipRef="id-71b23a0734bb4e69b349a319f8d0d35b" xsi:type="Relationship" source="id-7d8b14f97c5a4472af5520efdff110ce" target="id-b585a52e4a7847f08553d0109f9aa902">
          <style>
            <lineColor r="0" g="0" b="0" />
            <font name="Lucida Grande" size="12">
              <color r="0" g="0" b="0" />
            </font>
          </style>
        </connection>
        <connection identifier="id-9a01e0f9e20f4080ba46cd4beb4111b3" relationshipRef="id-922704edba7f45edabf322333efd34ea" xsi:type="Relationship" source="id-acedd3a13e034c149e9b1ab85607034a" target="id-5075372424bf401781ebaaccc46fa378">
          <style>
            <lineColor r="0" g="0" b="0" />
            <font name="Lucida Grande" size="12">
              <color r="0" g="0" b="0" />
            </font>
          </style>
        </connection>
        <connection identifier="id-69e8c260a9724b61890d73c62d40d945" relationshipRef="id-03840a34247e45f0b105884e2894ea4a" xsi:type="Relationship" source="id-5075372424bf401781ebaaccc46fa378" target="id-77cec82e4dad46e7967e15a8c00cc1a9">
          <style>
            <lineColor r="0" g="0" b="0" />
            <font name="Lucida Grande" size="12">
              <color r="0" g="0" b="0" />
            </font>
          </style>
        </connection>
        <connection identifier="id-4880911e10d448d398177cf82b6dbe5c" relationshipRef="id-d69284d119fa41d2b57dffda7e73bf8b" xsi:type="Relationship" source="id-5cbe8234bc5c43949c7ac8cc4953a3d8" target="id-377bc5ebfa1e4a15a355b1c46b3ecde5">
          <style>
            <lineColor r="0" g="0" b="0" />
            <font name="Lucida Grande" size="12">
              <color r="0" g="0" b="0" />
            </font>
          </style>
        </connection>
        <connection identifier="id-7805b76783974d1fa26e82ffbd246486" relationshipRef="id-b41d5f000caa498593aaaf25eba5a9be" xsi:type="Relationship" source="id-377bc5ebfa1e4a15a355b1c46b3ecde5" target="id-77cec82e4dad46e7967e15a8c00cc1a9">
          <style>
            <lineColor r="0" g="0" b="0" />
            <font name="Lucida Grande" size="12">
              <color r="0" g="0" b="0" />
            </font>
          </style>
          <bendpoint x="384" y="678" />
        </connection>
        <connection identifier="id-72398962bfbe4c8f925123179f0af276" relationshipRef="id-b41d5f000caa498593aaaf25eba5a9be" xsi:type="Relationship" source="id-377bc5ebfa1e4a15a355b1c46b3ecde5" target="id-acedd3a13e034c149e9b1ab85607034a">
          <style>
            <lineColor r="0" g="0" b="0" />
            <font name="Lucida Grande" size="12">
              <color r="0" g="0" b="0" />
            </font>
          </style>
          <bendpoint x="96" y="678" />
        </connection>
      </view>
      <view identifier="id-0fcb4a36ef83448c8ab5fc1f8a956e0f" xsi:type="Diagram">
        <name>0800 Capability Model</name>
        <node identifier="id-e74ea3a1ab5b48cb93dd926f3a5806f1" elementRef="id-73f2c6c35d704a90b5de62030046ba6e" xsi:type="Element" x="408" y="168" w="120" h="55">
          <style>
            <fillColor r="245" g="222" b="170" a="100" />
            <lineColor r="92" g="92" b="92" a="100" />
            <font name="Lucida Grande" size="12">
              <color r="0" g="0" b="0" />
            </font>
          </style>
        </node>
        <node identifier="id-38ecd8827b764f6bb66ab6f5903caffb" elementRef="id-cc7e19e5391e4b3ba5f5ab0494261eb1" xsi:type="Element" x="612" y="156" w="120" h="55">
          <style>
            <fillColor r="245" g="222" b="170" a="100" />
            <lineColor r="92" g="92" b="92" a="100" />
            <font name="Lucida Grande" size="12">
              <color r="0" g="0" b="0" />
            </font>
          </style>
        </node>
        <node identifier="id-23452e0869634fc4a41c4cb4579635c6" elementRef="id-87b092f367c84fadb5acc86f2e7e4245" xsi:type="Element" x="792" y="180" w="120" h="55">
          <style>
            <fillColor r="245" g="222" b="170" a="100" />
            <lineColor r="92" g="92" b="92" a="100" />
            <font name="Lucida Grande" size="12">
              <color r="0" g="0" b="0" />
            </font>
          </style>
        </node>
      </view>
    </diagrams>
  </views>
</model>
