{"identifier":"https://me.big.tuwien.ac.at/EAModelSet/ee398f3f-14cb-40b9-9f0a-28b779891693","archimateId":"ee398f3f-14cb-40b9-9f0a-28b779891693","name":"ArchiMate Patterns","description":"Hensikta med denne modellen er å utforske ulike mønstre (\"patterns\") for modellering i ArchiMate 3. Det er to mål med dette: \n- å lære ArchiMate på ein praktisk måte,\n- å etablere felles mønstre for korleis vi modellerer arkitektur i Brønnøysundregistrene.","formats":["XML","CSV","JSON","ARCHIMATE"],"source":"GitHub","repository":"Informasjonsforvaltning/ArchimatePatterns","license":"Not found","sourceFile":"raw-data/github/grafico/archimate_patterns_2.archimate","sourceFormat":"ARCHIMATE","timestamp":"2023-07-06T09:29:17","tags":["WARNING"],"duplicates":[],"language":"nb","elements":[{"id":"0e3f3ead-7b54-476d-a0ef-d9d06485ed23","name":"Capability","type":"Capability","layer":"strategy"},{"id":"a3eb9010-933a-454e-8e74-081e1541ea9b","name":"Task 4","type":"BusinessFunction","layer":"business"},{"id":"a43ed69c-b1e8-4d5e-b6a9-0d345d19c7a9","name":"Slutt-event 1","type":"BusinessEvent","layer":"business"},{"id":"83014d61-32c2-4b2d-92ad-505ece8ba149","name":"Task 3","type":"BusinessFunction","layer":"business"},{"id":"a14ba0a8-fd38-4e06-8326-76d25892a53c","name":"Representation","type":"Representation","layer":"business"},{"id":"2531927a-486c-4394-9861-f4723706f665","name":"Data objekt 2 (copy)","type":"BusinessObject","layer":"business"},{"id":"a00057f2-d6bd-4542-9744-a7d2a17fc142","name":"Data objekt 1 (copy)","type":"BusinessObject","layer":"business"},{"id":"2acc1766-b38d-42df-86c4-082f878fc4db","name":"Swimlane 2","type":"BusinessRole","layer":"business"},{"id":"1daa3c51-4cfb-43c8-a42d-160820ff1cc2","name":"Datasett (copy)","type":"Representation","layer":"business"},{"id":"a833e143-c7e2-45a6-a7c1-342f5de12700","name":"Business Object 2","type":"BusinessObject","layer":"business"},{"id":"4a232b4f-0120-4f63-a0b4-9923d5bfe968","name":"Data objekt 1 (copy)","type":"BusinessObject","layer":"business"},{"id":"3cf2fe69-e23d-4dc1-bc7b-1c95ade71357","name":"Enhet","type":"BusinessObject","layer":"business"},{"id":"a38fba95-f783-4444-bed8-e76bc3d3b66e","name":"Dataelement (copy)","type":"Representation","layer":"business"},{"id":"ff9377f8-c1c9-47f8-9dae-a5ddc77e7bfc","name":"Adresse","type":"BusinessObject","layer":"business"},{"id":"6870a71a-bfda-4a2b-8344-394519f39f9c","name":"Sektorkode","type":"Representation","layer":"business"},{"id":"8a1c130a-f45b-41af-955b-439c8cf00a90","name":"Task 2","type":"BusinessFunction","layer":"business"},{"id":"122542ee-8418-4d70-ab25-357124516c09","name":"Business Actor","type":"BusinessActor","layer":"business"},{"id":"5fe938a3-2525-4b06-a088-c47e3ac4c81f","name":"Næringskode","type":"BusinessObject","layer":"business"},{"id":"61ef8748-d3a0-4f5c-908b-78c7cdeb2806","name":"Enhets-/Foretaksregisteret - Åpne data","type":"Representation","layer":"business"},{"id":"182bfc21-df59-46be-8b1b-f58096489e06","name":"Enhetsinformasjon","type":"Representation","layer":"business"},{"id":"c749b012-2e4c-4505-b897-d19fd42c77d0","name":"Representation","type":"Representation","layer":"business"},{"id":"e5861408-8f78-4459-b81e-0b8b1fc3ca90","name":"Start-event","type":"BusinessEvent","layer":"business"},{"id":"63a2c7dd-a4af-4011-8e8d-510cdb28dbc2","name":"Datasettelement","type":"Representation","layer":"business"},{"id":"040fa58b-3ad1-48c9-8838-3e1d8dae528a","name":"Business object 1","type":"BusinessObject","layer":"business"},{"id":"02dfb53c-7045-4bbb-8cbc-1feb33beccad","name":"Datasett (copy)","type":"Representation","layer":"business"},{"id":"051c3721-89ba-42d5-becb-30a1b7dedc12","name":"Næringskode","type":"Representation","layer":"business"},{"id":"3ed7f762-bfa5-4e49-a750-6aa7586a0166","name":"<Datasettelement>","type":"Representation","layer":"business"},{"id":"dcb5c5b2-92b2-4775-9f39-510594f7d35c","name":"Begrep 2","type":"BusinessObject","layer":"business"},{"id":"f7b3bfe3-3fdd-422c-9a0f-26ebcf69091b","name":"Dataelement (copy)","type":"Representation","layer":"business"},{"id":"96229f73-c3df-4048-80f3-b7d59cd56138","name":"Pool","type":"BusinessActor","layer":"business"},{"id":"77543c93-297e-40ee-ab95-770cb9627f92","name":"Swimlane 1","type":"BusinessRole","layer":"business"},{"id":"d8d6731d-ce2a-48fe-b7ff-e55cff2234da","name":"Datasett","type":"Representation","layer":"business"},{"id":"96196952-61fb-4de7-a8d7-7d2c66bf9c7b","name":"Sektorkode","type":"BusinessObject","layer":"business"},{"id":"35bca5a0-8be7-473c-adee-e4a0db2ba43e","name":"Data objekt 2 (copy)","type":"BusinessObject","layer":"business"},{"id":"4e1a5ccc-d7dc-4691-b1b2-e2e95386d24f","name":"Slutt-event 2","type":"BusinessEvent","layer":"business"},{"id":"93361ef1-33ee-44a9-b5f4-8092a751a6c8","name":"Task 1","type":"BusinessFunction","layer":"business"},{"id":"9db0b328-a594-447f-847a-f4e6c90f76ff","name":"Begrep 1","type":"BusinessObject","layer":"business"},{"id":"0d863c59-4abe-423a-aa39-59afa6baa97d","name":"Application Component","type":"ApplicationComponent","layer":"application"},{"id":"871e3e12-0c6e-439b-bfaf-0821b5bc0ef4","name":"","type":"ApplicationInterface","layer":"application"},{"id":"76228428-036f-4d1c-970b-86a91c0aa55d","name":"Data Object","type":"DataObject","layer":"application"},{"id":"635702fb-4af5-4d6e-b9c2-c2d09bcd1f06","name":"Data Object","type":"DataObject","layer":"application"},{"id":"161c7288-4095-4cc3-8519-8763cacfce0a","name":"Dataaksess service","type":"ApplicationService","layer":"application"},{"id":"d1577ce1-e6ec-409c-bc88-1c6e1ac3c416","name":"Database","type":"Artifact","layer":"technology"},{"id":"fe9201f3-d71d-4993-bba3-5b5d01c2a858","name":"Stakeholder 2","type":"Stakeholder","layer":"motivation"},{"id":"fba56c48-f9a0-4ead-a43a-3d5d196f39d8","name":"Stakeholder 3","type":"Stakeholder","layer":"motivation"},{"id":"280bbf8c-60c5-4738-9f5d-4b6fd32997dd","name":"Stakeholder 0","type":"Stakeholder","layer":"motivation"},{"id":"13695565-1fee-40c0-8c02-d0e31b0bf84d","name":"Stakeholder 2.2","type":"Stakeholder","layer":"motivation"},{"id":"fcad55a8-9427-44e7-89cc-19271bbc1ffb","name":"Stakeholder 1.1","type":"Stakeholder","layer":"motivation"},{"id":"19c30d39-5ce4-4626-9d10-ab54ca3c6ed9","name":"Stakeholder 1","type":"Stakeholder","layer":"motivation"},{"id":"88a4a2e4-138c-46e8-a36f-d114e43d2670","name":"Stakeholder 1.2","type":"Stakeholder","layer":"motivation"},{"id":"609e189a-d378-4d39-a5f8-7bd33ebcd3f4","name":"Stakeholder 2.1","type":"Stakeholder","layer":"motivation"},{"id":"5fbc9e13-e9ea-4420-bcf6-46f0b459224e","name":"Stakeholder","type":"Stakeholder","layer":"motivation"},{"id":"94fa344e-9eb3-4c75-9ef3-04e427d09d54","name":"Deliverable 0","type":"Deliverable","layer":"implementation_migration"},{"id":"6997cff9-7642-4d95-8b14-7d05b68e694a","name":"Work Package 2.1","type":"WorkPackage","layer":"implementation_migration"},{"id":"e1421e79-d862-4e35-a91f-5aa46df1db9e","name":"Work Package","type":"WorkPackage","layer":"implementation_migration"},{"id":"39018e5d-1a76-41e4-825e-aa0c8b209b6b","name":"Work Package 1.1","type":"WorkPackage","layer":"implementation_migration"},{"id":"d0ea8e5a-36b0-492c-85c7-c19de6cbc764","name":"Location 2","type":"Location","layer":"other"},{"id":"c1c93ca4-5110-44a8-acc3-8584cca701f8","name":"Location 0","type":"Location","layer":"other"},{"id":"3d160168-dbdc-4252-9178-660adf03c331","name":"Location 1","type":"Location","layer":"other"},{"id":"33d2241e-b63d-4a23-9325-b91db4ae84cf","name":"Er ditt og datt tilfelle?","type":"Junction","layer":"other"}],"relationships":[{"id":"c64dd4a6-a970-4cb5-9493-c0453c2cd4ac","sourceId":"3d160168-dbdc-4252-9178-660adf03c331","targetId":"e1421e79-d862-4e35-a91f-5aa46df1db9e","type":"CompositionRelationship"},{"id":"5ced32e8-c5a7-46d0-abab-fe2d0982ae1c","sourceId":"3d160168-dbdc-4252-9178-660adf03c331","targetId":"122542ee-8418-4d70-ab25-357124516c09","type":"CompositionRelationship"},{"id":"528d878d-1309-4171-887f-dae0f716e7e0","sourceId":"3d160168-dbdc-4252-9178-660adf03c331","targetId":"fcad55a8-9427-44e7-89cc-19271bbc1ffb","type":"CompositionRelationship"},{"id":"1f269d1c-3107-4740-9621-90a211d88c03","sourceId":"fcad55a8-9427-44e7-89cc-19271bbc1ffb","targetId":"88a4a2e4-138c-46e8-a36f-d114e43d2670","type":"InfluenceRelationship"},{"id":"167e9f8a-3689-486f-aa17-90264bb9c1c5","sourceId":"3ed7f762-bfa5-4e49-a750-6aa7586a0166","targetId":"ff9377f8-c1c9-47f8-9dae-a5ddc77e7bfc","type":"RealizationRelationship"},{"id":"fb51bf8f-6b8c-453a-9a2a-ab1f1471468a","sourceId":"3d160168-dbdc-4252-9178-660adf03c331","targetId":"280bbf8c-60c5-4738-9f5d-4b6fd32997dd","type":"CompositionRelationship"},{"id":"7e0b08f9-3a51-4ad4-90b4-2c80578c7003","sourceId":"a38fba95-f783-4444-bed8-e76bc3d3b66e","targetId":"4a232b4f-0120-4f63-a0b4-9923d5bfe968","type":"RealizationRelationship"},{"id":"49337113-db9e-4c29-a3af-059abfc2241c","sourceId":"63a2c7dd-a4af-4011-8e8d-510cdb28dbc2","targetId":"9db0b328-a594-447f-847a-f4e6c90f76ff","type":"RealizationRelationship"},{"id":"6bd6400c-638f-4da4-87d4-98483544aacc","sourceId":"19c30d39-5ce4-4626-9d10-ab54ca3c6ed9","targetId":"fe9201f3-d71d-4993-bba3-5b5d01c2a858","type":"InfluenceRelationship"},{"id":"c6713a2c-116c-4468-9bad-904b5099b3fb","sourceId":"3d160168-dbdc-4252-9178-660adf03c331","targetId":"fe9201f3-d71d-4993-bba3-5b5d01c2a858","type":"CompositionRelationship"},{"id":"0c6c5a1b-9b11-44fb-a0bd-97ed70047476","sourceId":"61ef8748-d3a0-4f5c-908b-78c7cdeb2806","targetId":"3ed7f762-bfa5-4e49-a750-6aa7586a0166","type":"AggregationRelationship"},{"id":"14c9f348-d612-47d5-9582-c44f370dc1dc","sourceId":"2acc1766-b38d-42df-86c4-082f878fc4db","targetId":"a3eb9010-933a-454e-8e74-081e1541ea9b","type":"AssignmentRelationship"},{"id":"33a9c1cc-04df-4e50-99cf-51e577be4f8e","sourceId":"19c30d39-5ce4-4626-9d10-ab54ca3c6ed9","targetId":"0e3f3ead-7b54-476d-a0ef-d9d06485ed23","type":"AssociationRelationship"},{"id":"ac9c4bd7-b991-41a3-8d98-aa3010f7c336","sourceId":"3d160168-dbdc-4252-9178-660adf03c331","targetId":"39018e5d-1a76-41e4-825e-aa0c8b209b6b","type":"CompositionRelationship"},{"id":"64effc60-e9ee-4013-bace-7aa50dd33c80","sourceId":"77543c93-297e-40ee-ab95-770cb9627f92","targetId":"83014d61-32c2-4b2d-92ad-505ece8ba149","type":"AssignmentRelationship"},{"id":"51d59fdf-3e4c-4f49-a09e-34bd05ef9f82","sourceId":"d8d6731d-ce2a-48fe-b7ff-e55cff2234da","targetId":"63a2c7dd-a4af-4011-8e8d-510cdb28dbc2","type":"AggregationRelationship"},{"id":"a8457878-0df3-4268-b555-7e912ac8afc9","sourceId":"f7b3bfe3-3fdd-422c-9a0f-26ebcf69091b","targetId":"a00057f2-d6bd-4542-9744-a7d2a17fc142","type":"RealizationRelationship"},{"id":"4260e60f-6930-4b8f-adbd-8e179d0cdcf9","sourceId":"fe9201f3-d71d-4993-bba3-5b5d01c2a858","targetId":"e1421e79-d862-4e35-a91f-5aa46df1db9e","type":"AssociationRelationship"},{"id":"cbe47fc2-f8b5-4c0a-b22a-08328786254d","sourceId":"96229f73-c3df-4048-80f3-b7d59cd56138","targetId":"2acc1766-b38d-42df-86c4-082f878fc4db","type":"AssignmentRelationship"},{"id":"a02aef77-d1d0-4a43-8890-aab4d146fc85","sourceId":"3ed7f762-bfa5-4e49-a750-6aa7586a0166","targetId":"5fe938a3-2525-4b06-a088-c47e3ac4c81f","type":"RealizationRelationship"},{"id":"8ae21931-d5fa-4083-8de6-e9f03c04b3fb","sourceId":"13695565-1fee-40c0-8c02-d0e31b0bf84d","targetId":"6997cff9-7642-4d95-8b14-7d05b68e694a","type":"AssociationRelationship"},{"id":"09c5df00-2aa0-475a-a49c-f694723d5b01","sourceId":"d0ea8e5a-36b0-492c-85c7-c19de6cbc764","targetId":"13695565-1fee-40c0-8c02-d0e31b0bf84d","type":"CompositionRelationship"},{"id":"e3b7d0bb-c5f5-4b18-9204-8e8b859a2be2","sourceId":"3d160168-dbdc-4252-9178-660adf03c331","targetId":"fba56c48-f9a0-4ead-a43a-3d5d196f39d8","type":"CompositionRelationship"},{"id":"68f06356-b32d-491e-a40d-cc2ae489e396","sourceId":"77543c93-297e-40ee-ab95-770cb9627f92","targetId":"8a1c130a-f45b-41af-955b-439c8cf00a90","type":"AssignmentRelationship"},{"id":"71ca2cbd-2ec6-4177-8ef6-bdf6cc2a6a7a","sourceId":"33d2241e-b63d-4a23-9325-b91db4ae84cf","targetId":"a3eb9010-933a-454e-8e74-081e1541ea9b","type":"TriggeringRelationship"},{"id":"3ff6092f-69f3-42f5-95d8-aa3cc51a7b0e","sourceId":"3ed7f762-bfa5-4e49-a750-6aa7586a0166","targetId":"96196952-61fb-4de7-a8d7-7d2c66bf9c7b","type":"RealizationRelationship"},{"id":"08927863-f2f8-4c21-b676-b48ebab5b62a","sourceId":"83014d61-32c2-4b2d-92ad-505ece8ba149","targetId":"33d2241e-b63d-4a23-9325-b91db4ae84cf","type":"TriggeringRelationship"},{"id":"e9895da1-d2cb-4393-9188-46eb2d8d680b","sourceId":"77543c93-297e-40ee-ab95-770cb9627f92","targetId":"33d2241e-b63d-4a23-9325-b91db4ae84cf","type":"AssignmentRelationship"},{"id":"435708f3-cc67-40bb-94a1-68af484514fb","sourceId":"161c7288-4095-4cc3-8519-8763cacfce0a","targetId":"635702fb-4af5-4d6e-b9c2-c2d09bcd1f06","type":"AccessRelationship"},{"id":"9111fcdc-97ed-4074-95d6-e730efa29cee","sourceId":"1daa3c51-4cfb-43c8-a42d-160820ff1cc2","targetId":"f7b3bfe3-3fdd-422c-9a0f-26ebcf69091b","type":"AggregationRelationship"},{"id":"4a93ac20-24a1-4985-b908-bdf122b82221","sourceId":"f7b3bfe3-3fdd-422c-9a0f-26ebcf69091b","targetId":"35bca5a0-8be7-473c-adee-e4a0db2ba43e","type":"RealizationRelationship"},{"id":"3b220445-eda9-43bf-a1f8-32d390bf21f4","sourceId":"02dfb53c-7045-4bbb-8cbc-1feb33beccad","targetId":"a38fba95-f783-4444-bed8-e76bc3d3b66e","type":"AggregationRelationship"},{"id":"a4a0e1cc-2360-44dc-8c71-fb81350486b6","sourceId":"a3eb9010-933a-454e-8e74-081e1541ea9b","targetId":"a43ed69c-b1e8-4d5e-b6a9-0d345d19c7a9","type":"TriggeringRelationship"},{"id":"20de33d6-71b3-411d-9810-96d417d7d5db","sourceId":"19c30d39-5ce4-4626-9d10-ab54ca3c6ed9","targetId":"e1421e79-d862-4e35-a91f-5aa46df1db9e","type":"AssociationRelationship"},{"id":"4506eb24-80eb-415f-a63a-11a6ea4dca52","sourceId":"609e189a-d378-4d39-a5f8-7bd33ebcd3f4","targetId":"13695565-1fee-40c0-8c02-d0e31b0bf84d","type":"InfluenceRelationship"},{"id":"6d976a31-8efd-4f4b-8830-21b9ae452666","sourceId":"3ed7f762-bfa5-4e49-a750-6aa7586a0166","targetId":"3cf2fe69-e23d-4dc1-bc7b-1c95ade71357","type":"RealizationRelationship"},{"id":"30615a72-dea7-473e-bbca-5622fb2b47ec","sourceId":"c1c93ca4-5110-44a8-acc3-8584cca701f8","targetId":"d0ea8e5a-36b0-492c-85c7-c19de6cbc764","type":"AggregationRelationship"},{"id":"c32b42fe-236d-4a84-aa82-1fa498bddfcf","sourceId":"6997cff9-7642-4d95-8b14-7d05b68e694a","targetId":"94fa344e-9eb3-4c75-9ef3-04e427d09d54","type":"RealizationRelationship"},{"id":"e679bf8a-3200-4c4e-9fae-b7c64a05eb0c","sourceId":"635702fb-4af5-4d6e-b9c2-c2d09bcd1f06","targetId":"9db0b328-a594-447f-847a-f4e6c90f76ff","type":"RealizationRelationship"},{"id":"2e96ac0c-7d01-4c4f-abff-6582700de7f5","sourceId":"280bbf8c-60c5-4738-9f5d-4b6fd32997dd","targetId":"19c30d39-5ce4-4626-9d10-ab54ca3c6ed9","type":"InfluenceRelationship"},{"id":"8213e964-fea1-4841-9b08-afd3a1dae3d3","sourceId":"3d160168-dbdc-4252-9178-660adf03c331","targetId":"88a4a2e4-138c-46e8-a36f-d114e43d2670","type":"CompositionRelationship"},{"id":"c9e025f8-0419-42ec-b131-39628ce45462","sourceId":"3d160168-dbdc-4252-9178-660adf03c331","targetId":"19c30d39-5ce4-4626-9d10-ab54ca3c6ed9","type":"CompositionRelationship"},{"id":"e14a68a5-24c4-4685-94f5-15ec190fd5f2","sourceId":"fba56c48-f9a0-4ead-a43a-3d5d196f39d8","targetId":"fe9201f3-d71d-4993-bba3-5b5d01c2a858","type":"InfluenceRelationship"},{"id":"1ad06be0-c761-4b67-8804-7b0c3262504a","sourceId":"c1c93ca4-5110-44a8-acc3-8584cca701f8","targetId":"94fa344e-9eb3-4c75-9ef3-04e427d09d54","type":"CompositionRelationship"},{"id":"d11147d0-64af-44d0-bd56-b6613bbb0250","sourceId":"93361ef1-33ee-44a9-b5f4-8092a751a6c8","targetId":"8a1c130a-f45b-41af-955b-439c8cf00a90","type":"TriggeringRelationship"},{"id":"6afb6a1f-245a-4466-b53a-6b04e6b1d535","sourceId":"d1577ce1-e6ec-409c-bc88-1c6e1ac3c416","targetId":"76228428-036f-4d1c-970b-86a91c0aa55d","type":"RealizationRelationship"},{"id":"adc7b2b3-80d9-4d19-8a12-10776564f5b4","sourceId":"d0ea8e5a-36b0-492c-85c7-c19de6cbc764","targetId":"609e189a-d378-4d39-a5f8-7bd33ebcd3f4","type":"CompositionRelationship"},{"id":"250fb425-0ace-4f58-a2d0-51a68897cc39","sourceId":"c1c93ca4-5110-44a8-acc3-8584cca701f8","targetId":"3d160168-dbdc-4252-9178-660adf03c331","type":"AggregationRelationship"},{"id":"507563f2-e72a-42d8-a28e-4375df92020a","sourceId":"e5861408-8f78-4459-b81e-0b8b1fc3ca90","targetId":"93361ef1-33ee-44a9-b5f4-8092a751a6c8","type":"TriggeringRelationship"},{"id":"02f0989f-778c-4eba-8fdf-f92035d7787c","sourceId":"63a2c7dd-a4af-4011-8e8d-510cdb28dbc2","targetId":"dcb5c5b2-92b2-4775-9f39-510594f7d35c","type":"RealizationRelationship"},{"id":"1ec2d4d3-40a8-4c68-8e90-314d1e58f352","sourceId":"8a1c130a-f45b-41af-955b-439c8cf00a90","targetId":"83014d61-32c2-4b2d-92ad-505ece8ba149","type":"TriggeringRelationship"},{"id":"baf02540-7484-4fd6-924f-938c6224b017","sourceId":"33d2241e-b63d-4a23-9325-b91db4ae84cf","targetId":"4e1a5ccc-d7dc-4691-b1b2-e2e95386d24f","type":"TriggeringRelationship"},{"id":"27dea31b-17e0-49d8-a612-943807d23ceb","sourceId":"3d160168-dbdc-4252-9178-660adf03c331","targetId":"0e3f3ead-7b54-476d-a0ef-d9d06485ed23","type":"CompositionRelationship"},{"id":"fe0ed214-1dee-48a6-8623-dda264c6ac1f","sourceId":"d0ea8e5a-36b0-492c-85c7-c19de6cbc764","targetId":"6997cff9-7642-4d95-8b14-7d05b68e694a","type":"CompositionRelationship"},{"id":"9d90fe56-c9ed-42cb-93b2-9f437fd7dc95","sourceId":"a38fba95-f783-4444-bed8-e76bc3d3b66e","targetId":"2531927a-486c-4394-9861-f4723706f665","type":"RealizationRelationship"},{"id":"ff379ae0-ca7f-4e2e-9173-8580b51baaec","sourceId":"76228428-036f-4d1c-970b-86a91c0aa55d","targetId":"dcb5c5b2-92b2-4775-9f39-510594f7d35c","type":"RealizationRelationship"},{"id":"6c3aea48-f7f0-4436-9d83-753dd6e0e319","sourceId":"88a4a2e4-138c-46e8-a36f-d114e43d2670","targetId":"39018e5d-1a76-41e4-825e-aa0c8b209b6b","type":"AssociationRelationship"},{"id":"dad65b15-8445-4317-9651-a02aa7fedd6e","sourceId":"96229f73-c3df-4048-80f3-b7d59cd56138","targetId":"77543c93-297e-40ee-ab95-770cb9627f92","type":"AssignmentRelationship"},{"id":"7bf9a86b-803c-4432-bc46-7c29408fa110","sourceId":"2acc1766-b38d-42df-86c4-082f878fc4db","targetId":"93361ef1-33ee-44a9-b5f4-8092a751a6c8","type":"AssignmentRelationship"},{"id":"661d4533-dbcb-42de-bf78-5fa305563a8d","sourceId":"39018e5d-1a76-41e4-825e-aa0c8b209b6b","targetId":"94fa344e-9eb3-4c75-9ef3-04e427d09d54","type":"RealizationRelationship"}],"views":[{"id":"0c36e0d4-2df2-4ee1-9e7d-dda21a02293f","name":"Interessentanalyse - Interessenter i fokus","viewpoint":""},{"id":"cce7a0b5-8924-4a14-9b03-6a312eb52d0f","name":"Interessentanalyse - prosjekt i fokus","viewpoint":""},{"id":"c07c7fb2-fec5-4338-8e98-b78ff61d3bbd","name":"Prosess ala BPMN","viewpoint":""},{"id":"b8035b6d-f918-45aa-a2c8-d994a90d5e0d","name":"Anatomien til et datasett modellert ved hjelp av representations","viewpoint":""}]}