<?xml version="1.0" encoding="UTF-8"?>
<model xmlns="http://www.opengroup.org/xsd/archimate/3.0/" xmlns:xsi="http://www.w3.org/2001/XMLSchema-instance" xsi:schemaLocation="http://www.opengroup.org/xsd/archimate/3.0/ http://www.opengroup.org/xsd/archimate/3.1/archimate3_Diagram.xsd" identifier="ee398f3f-14cb-40b9-9f0a-28b779891693">
  <name>ArchiMate Patterns</name>
  <documentation>Hensikta med denne modellen er å utforske ulike mønstre ("patterns") for modellering i ArchiMate 3. Det er to mål med dette: 
- å lære ArchiMate på ein praktisk måte,
- å etablere felles mønstre for korleis vi modellerer arkitektur i Brønnøysundregistrene.</documentation>
  <elements>
    <element identifier="id-0e3f3ead-7b54-476d-a0ef-d9d06485ed23" xsi:type="Capability">
      <name>Capability</name>
    </element>
    <element identifier="a3eb9010-933a-454e-8e74-081e1541ea9b" xsi:type="BusinessFunction">
      <name>Task 4</name>
    </element>
    <element identifier="a43ed69c-b1e8-4d5e-b6a9-0d345d19c7a9" xsi:type="BusinessEvent">
      <name>Slutt-event 1</name>
    </element>
    <element identifier="id-83014d61-32c2-4b2d-92ad-505ece8ba149" xsi:type="BusinessFunction">
      <name>Task 3</name>
    </element>
    <element identifier="a14ba0a8-fd38-4e06-8326-76d25892a53c" xsi:type="Representation">
      <name>Representation</name>
    </element>
    <element identifier="id-2531927a-486c-4394-9861-f4723706f665" xsi:type="BusinessObject">
      <name>Data objekt 2 (copy)</name>
    </element>
    <element identifier="a00057f2-d6bd-4542-9744-a7d2a17fc142" xsi:type="BusinessObject">
      <name>Data objekt 1 (copy)</name>
    </element>
    <element identifier="id-2acc1766-b38d-42df-86c4-082f878fc4db" xsi:type="BusinessRole">
      <name>Swimlane 2</name>
    </element>
    <element identifier="id-1daa3c51-4cfb-43c8-a42d-160820ff1cc2" xsi:type="Representation">
      <name>Datasett (copy)</name>
    </element>
    <element identifier="a833e143-c7e2-45a6-a7c1-342f5de12700" xsi:type="BusinessObject">
      <name>Business Object 2</name>
    </element>
    <element identifier="id-4a232b4f-0120-4f63-a0b4-9923d5bfe968" xsi:type="BusinessObject">
      <name>Data objekt 1 (copy)</name>
    </element>
    <element identifier="id-3cf2fe69-e23d-4dc1-bc7b-1c95ade71357" xsi:type="BusinessObject">
      <name>Enhet</name>
    </element>
    <element identifier="a38fba95-f783-4444-bed8-e76bc3d3b66e" xsi:type="Representation">
      <name>Dataelement (copy)</name>
    </element>
    <element identifier="ff9377f8-c1c9-47f8-9dae-a5ddc77e7bfc" xsi:type="BusinessObject">
      <name>Adresse</name>
    </element>
    <element identifier="id-6870a71a-bfda-4a2b-8344-394519f39f9c" xsi:type="Representation">
      <name>Sektorkode</name>
    </element>
    <element identifier="id-8a1c130a-f45b-41af-955b-439c8cf00a90" xsi:type="BusinessFunction">
      <name>Task 2</name>
    </element>
    <element identifier="id-122542ee-8418-4d70-ab25-357124516c09" xsi:type="BusinessActor">
      <name>Business Actor</name>
    </element>
    <element identifier="id-5fe938a3-2525-4b06-a088-c47e3ac4c81f" xsi:type="BusinessObject">
      <name>Næringskode</name>
    </element>
    <element identifier="id-61ef8748-d3a0-4f5c-908b-78c7cdeb2806" xsi:type="Representation">
      <name>Enhets-/Foretaksregisteret - Åpne data</name>
    </element>
    <element identifier="id-182bfc21-df59-46be-8b1b-f58096489e06" xsi:type="Representation">
      <name>Enhetsinformasjon</name>
    </element>
    <element identifier="c749b012-2e4c-4505-b897-d19fd42c77d0" xsi:type="Representation">
      <name>Representation</name>
    </element>
    <element identifier="e5861408-8f78-4459-b81e-0b8b1fc3ca90" xsi:type="BusinessEvent">
      <name>Start-event</name>
    </element>
    <element identifier="id-63a2c7dd-a4af-4011-8e8d-510cdb28dbc2" xsi:type="Representation">
      <name>Datasettelement</name>
    </element>
    <element identifier="id-040fa58b-3ad1-48c9-8838-3e1d8dae528a" xsi:type="BusinessObject">
      <name>Business object 1</name>
    </element>
    <element identifier="id-02dfb53c-7045-4bbb-8cbc-1feb33beccad" xsi:type="Representation">
      <name>Datasett (copy)</name>
    </element>
    <element identifier="id-051c3721-89ba-42d5-becb-30a1b7dedc12" xsi:type="Representation">
      <name>Næringskode</name>
    </element>
    <element identifier="id-3ed7f762-bfa5-4e49-a750-6aa7586a0166" xsi:type="Representation">
      <name>&lt;Datasettelement&gt;</name>
    </element>
    <element identifier="dcb5c5b2-92b2-4775-9f39-510594f7d35c" xsi:type="BusinessObject">
      <name>Begrep 2</name>
    </element>
    <element identifier="f7b3bfe3-3fdd-422c-9a0f-26ebcf69091b" xsi:type="Representation">
      <name>Dataelement (copy)</name>
    </element>
    <element identifier="id-96229f73-c3df-4048-80f3-b7d59cd56138" xsi:type="BusinessActor">
      <name>Pool</name>
    </element>
    <element identifier="id-77543c93-297e-40ee-ab95-770cb9627f92" xsi:type="BusinessRole">
      <name>Swimlane 1</name>
    </element>
    <element identifier="d8d6731d-ce2a-48fe-b7ff-e55cff2234da" xsi:type="Representation">
      <name>Datasett</name>
    </element>
    <element identifier="id-96196952-61fb-4de7-a8d7-7d2c66bf9c7b" xsi:type="BusinessObject">
      <name>Sektorkode</name>
    </element>
    <element identifier="id-35bca5a0-8be7-473c-adee-e4a0db2ba43e" xsi:type="BusinessObject">
      <name>Data objekt 2 (copy)</name>
    </element>
    <element identifier="id-4e1a5ccc-d7dc-4691-b1b2-e2e95386d24f" xsi:type="BusinessEvent">
      <name>Slutt-event 2</name>
    </element>
    <element identifier="id-93361ef1-33ee-44a9-b5f4-8092a751a6c8" xsi:type="BusinessFunction">
      <name>Task 1</name>
    </element>
    <element identifier="id-9db0b328-a594-447f-847a-f4e6c90f76ff" xsi:type="BusinessObject">
      <name>Begrep 1</name>
    </element>
    <element identifier="id-0d863c59-4abe-423a-aa39-59afa6baa97d" xsi:type="ApplicationComponent">
      <name>Application Component</name>
    </element>
    <element identifier="id-871e3e12-0c6e-439b-bfaf-0821b5bc0ef4" xsi:type="ApplicationInterface">
      <name />
    </element>
    <element identifier="id-76228428-036f-4d1c-970b-86a91c0aa55d" xsi:type="DataObject">
      <name>Data Object</name>
    </element>
    <element identifier="id-635702fb-4af5-4d6e-b9c2-c2d09bcd1f06" xsi:type="DataObject">
      <name>Data Object</name>
    </element>
    <element identifier="id-161c7288-4095-4cc3-8519-8763cacfce0a" xsi:type="ApplicationService">
      <name>Dataaksess service</name>
    </element>
    <element identifier="d1577ce1-e6ec-409c-bc88-1c6e1ac3c416" xsi:type="Artifact">
      <name>Database</name>
    </element>
    <element identifier="fe9201f3-d71d-4993-bba3-5b5d01c2a858" xsi:type="Stakeholder">
      <name>Stakeholder 2</name>
    </element>
    <element identifier="fba56c48-f9a0-4ead-a43a-3d5d196f39d8" xsi:type="Stakeholder">
      <name>Stakeholder 3</name>
    </element>
    <element identifier="id-280bbf8c-60c5-4738-9f5d-4b6fd32997dd" xsi:type="Stakeholder">
      <name>Stakeholder 0</name>
    </element>
    <element identifier="id-13695565-1fee-40c0-8c02-d0e31b0bf84d" xsi:type="Stakeholder">
      <name>Stakeholder 2.2</name>
    </element>
    <element identifier="fcad55a8-9427-44e7-89cc-19271bbc1ffb" xsi:type="Stakeholder">
      <name>Stakeholder 1.1</name>
    </element>
    <element identifier="id-19c30d39-5ce4-4626-9d10-ab54ca3c6ed9" xsi:type="Stakeholder">
      <name>Stakeholder 1</name>
    </element>
    <element identifier="id-88a4a2e4-138c-46e8-a36f-d114e43d2670" xsi:type="Stakeholder">
      <name>Stakeholder 1.2</name>
    </element>
    <element identifier="id-609e189a-d378-4d39-a5f8-7bd33ebcd3f4" xsi:type="Stakeholder">
      <name>Stakeholder 2.1</name>
    </element>
    <element identifier="id-5fbc9e13-e9ea-4420-bcf6-46f0b459224e" xsi:type="Stakeholder">
      <name>Stakeholder</name>
    </element>
    <element identifier="id-94fa344e-9eb3-4c75-9ef3-04e427d09d54" xsi:type="Deliverable">
      <name>Deliverable 0</name>
    </element>
    <element identifier="id-6997cff9-7642-4d95-8b14-7d05b68e694a" xsi:type="WorkPackage">
      <name>Work Package 2.1</name>
    </element>
    <element identifier="e1421e79-d862-4e35-a91f-5aa46df1db9e" xsi:type="WorkPackage">
      <name>Work Package</name>
    </element>
    <element identifier="id-39018e5d-1a76-41e4-825e-aa0c8b209b6b" xsi:type="WorkPackage">
      <name>Work Package 1.1</name>
    </element>
    <element identifier="d0ea8e5a-36b0-492c-85c7-c19de6cbc764" xsi:type="Location">
      <name>Location 2</name>
    </element>
    <element identifier="c1c93ca4-5110-44a8-acc3-8584cca701f8" xsi:type="Location">
      <name>Location 0</name>
    </element>
    <element identifier="id-3d160168-dbdc-4252-9178-660adf03c331" xsi:type="Location">
      <name>Location 1</name>
    </element>
    <element identifier="id-33d2241e-b63d-4a23-9325-b91db4ae84cf" xsi:type="AndJunction">
      <name>Er ditt og datt tilfelle?</name>
    </element>
  </elements>
  <relationships>
    <relationship identifier="c64dd4a6-a970-4cb5-9493-c0453c2cd4ac" source="id-3d160168-dbdc-4252-9178-660adf03c331" target="e1421e79-d862-4e35-a91f-5aa46df1db9e" xsi:type="Composition" />
    <relationship identifier="id-5ced32e8-c5a7-46d0-abab-fe2d0982ae1c" source="id-3d160168-dbdc-4252-9178-660adf03c331" target="id-122542ee-8418-4d70-ab25-357124516c09" xsi:type="Composition" />
    <relationship identifier="id-528d878d-1309-4171-887f-dae0f716e7e0" source="id-3d160168-dbdc-4252-9178-660adf03c331" target="fcad55a8-9427-44e7-89cc-19271bbc1ffb" xsi:type="Composition" />
    <relationship identifier="id-1f269d1c-3107-4740-9621-90a211d88c03" source="fcad55a8-9427-44e7-89cc-19271bbc1ffb" target="id-88a4a2e4-138c-46e8-a36f-d114e43d2670" xsi:type="Influence" />
    <relationship identifier="id-167e9f8a-3689-486f-aa17-90264bb9c1c5" source="id-3ed7f762-bfa5-4e49-a750-6aa7586a0166" target="ff9377f8-c1c9-47f8-9dae-a5ddc77e7bfc" xsi:type="Realization" />
    <relationship identifier="fb51bf8f-6b8c-453a-9a2a-ab1f1471468a" source="id-3d160168-dbdc-4252-9178-660adf03c331" target="id-280bbf8c-60c5-4738-9f5d-4b6fd32997dd" xsi:type="Composition" />
    <relationship identifier="id-7e0b08f9-3a51-4ad4-90b4-2c80578c7003" source="a38fba95-f783-4444-bed8-e76bc3d3b66e" target="id-4a232b4f-0120-4f63-a0b4-9923d5bfe968" xsi:type="Realization" />
    <relationship identifier="id-49337113-db9e-4c29-a3af-059abfc2241c" source="id-63a2c7dd-a4af-4011-8e8d-510cdb28dbc2" target="id-9db0b328-a594-447f-847a-f4e6c90f76ff" xsi:type="Realization" />
    <relationship identifier="id-6bd6400c-638f-4da4-87d4-98483544aacc" source="id-19c30d39-5ce4-4626-9d10-ab54ca3c6ed9" target="fe9201f3-d71d-4993-bba3-5b5d01c2a858" xsi:type="Influence" />
    <relationship identifier="c6713a2c-116c-4468-9bad-904b5099b3fb" source="id-3d160168-dbdc-4252-9178-660adf03c331" target="fe9201f3-d71d-4993-bba3-5b5d01c2a858" xsi:type="Composition" />
    <relationship identifier="id-0c6c5a1b-9b11-44fb-a0bd-97ed70047476" source="id-61ef8748-d3a0-4f5c-908b-78c7cdeb2806" target="id-3ed7f762-bfa5-4e49-a750-6aa7586a0166" xsi:type="Aggregation" />
    <relationship identifier="id-14c9f348-d612-47d5-9582-c44f370dc1dc" source="id-2acc1766-b38d-42df-86c4-082f878fc4db" target="a3eb9010-933a-454e-8e74-081e1541ea9b" xsi:type="Assignment" />
    <relationship identifier="id-33a9c1cc-04df-4e50-99cf-51e577be4f8e" source="id-19c30d39-5ce4-4626-9d10-ab54ca3c6ed9" target="id-0e3f3ead-7b54-476d-a0ef-d9d06485ed23" xsi:type="Association" />
    <relationship identifier="ac9c4bd7-b991-41a3-8d98-aa3010f7c336" source="id-3d160168-dbdc-4252-9178-660adf03c331" target="id-39018e5d-1a76-41e4-825e-aa0c8b209b6b" xsi:type="Composition" />
    <relationship identifier="id-64effc60-e9ee-4013-bace-7aa50dd33c80" source="id-77543c93-297e-40ee-ab95-770cb9627f92" target="id-83014d61-32c2-4b2d-92ad-505ece8ba149" xsi:type="Assignment" />
    <relationship identifier="id-51d59fdf-3e4c-4f49-a09e-34bd05ef9f82" source="d8d6731d-ce2a-48fe-b7ff-e55cff2234da" target="id-63a2c7dd-a4af-4011-8e8d-510cdb28dbc2" xsi:type="Aggregation" />
    <relationship identifier="a8457878-0df3-4268-b555-7e912ac8afc9" source="f7b3bfe3-3fdd-422c-9a0f-26ebcf69091b" target="a00057f2-d6bd-4542-9744-a7d2a17fc142" xsi:type="Realization" />
    <relationship identifier="id-5c6c5cef-1a4a-4332-873f-7f5471470953" source="id-040fa58b-3ad1-48c9-8838-3e1d8dae528a" target="id-1ec2d4d3-40a8-4c68-8e90-314d1e58f352" xsi:type="Association" />
    <relationship identifier="id-4260e60f-6930-4b8f-adbd-8e179d0cdcf9" source="fe9201f3-d71d-4993-bba3-5b5d01c2a858" target="e1421e79-d862-4e35-a91f-5aa46df1db9e" xsi:type="Association" />
    <relationship identifier="cbe47fc2-f8b5-4c0a-b22a-08328786254d" source="id-96229f73-c3df-4048-80f3-b7d59cd56138" target="id-2acc1766-b38d-42df-86c4-082f878fc4db" xsi:type="Assignment" />
    <relationship identifier="a02aef77-d1d0-4a43-8890-aab4d146fc85" source="id-3ed7f762-bfa5-4e49-a750-6aa7586a0166" target="id-5fe938a3-2525-4b06-a088-c47e3ac4c81f" xsi:type="Realization" />
    <relationship identifier="id-8ae21931-d5fa-4083-8de6-e9f03c04b3fb" source="id-13695565-1fee-40c0-8c02-d0e31b0bf84d" target="id-6997cff9-7642-4d95-8b14-7d05b68e694a" xsi:type="Association" />
    <relationship identifier="id-09c5df00-2aa0-475a-a49c-f694723d5b01" source="d0ea8e5a-36b0-492c-85c7-c19de6cbc764" target="id-13695565-1fee-40c0-8c02-d0e31b0bf84d" xsi:type="Composition" />
    <relationship identifier="e3b7d0bb-c5f5-4b18-9204-8e8b859a2be2" source="id-3d160168-dbdc-4252-9178-660adf03c331" target="fba56c48-f9a0-4ead-a43a-3d5d196f39d8" xsi:type="Composition" />
    <relationship identifier="id-68f06356-b32d-491e-a40d-cc2ae489e396" source="id-77543c93-297e-40ee-ab95-770cb9627f92" target="id-8a1c130a-f45b-41af-955b-439c8cf00a90" xsi:type="Assignment" />
    <relationship identifier="id-71ca2cbd-2ec6-4177-8ef6-bdf6cc2a6a7a" source="id-33d2241e-b63d-4a23-9325-b91db4ae84cf" target="a3eb9010-933a-454e-8e74-081e1541ea9b" xsi:type="Triggering">
      <name>Ja</name>
    </relationship>
    <relationship identifier="id-3ff6092f-69f3-42f5-95d8-aa3cc51a7b0e" source="id-3ed7f762-bfa5-4e49-a750-6aa7586a0166" target="id-96196952-61fb-4de7-a8d7-7d2c66bf9c7b" xsi:type="Realization" />
    <relationship identifier="id-08927863-f2f8-4c21-b676-b48ebab5b62a" source="id-83014d61-32c2-4b2d-92ad-505ece8ba149" target="id-33d2241e-b63d-4a23-9325-b91db4ae84cf" xsi:type="Triggering" />
    <relationship identifier="e9895da1-d2cb-4393-9188-46eb2d8d680b" source="id-77543c93-297e-40ee-ab95-770cb9627f92" target="id-33d2241e-b63d-4a23-9325-b91db4ae84cf" xsi:type="Assignment" />
    <relationship identifier="id-435708f3-cc67-40bb-94a1-68af484514fb" source="id-161c7288-4095-4cc3-8519-8763cacfce0a" target="id-635702fb-4af5-4d6e-b9c2-c2d09bcd1f06" xsi:type="Access" accessType="Write" />
    <relationship identifier="id-9111fcdc-97ed-4074-95d6-e730efa29cee" source="id-1daa3c51-4cfb-43c8-a42d-160820ff1cc2" target="f7b3bfe3-3fdd-422c-9a0f-26ebcf69091b" xsi:type="Aggregation" />
    <relationship identifier="id-4a93ac20-24a1-4985-b908-bdf122b82221" source="f7b3bfe3-3fdd-422c-9a0f-26ebcf69091b" target="id-35bca5a0-8be7-473c-adee-e4a0db2ba43e" xsi:type="Realization" />
    <relationship identifier="id-3b220445-eda9-43bf-a1f8-32d390bf21f4" source="id-02dfb53c-7045-4bbb-8cbc-1feb33beccad" target="a38fba95-f783-4444-bed8-e76bc3d3b66e" xsi:type="Aggregation" />
    <relationship identifier="a4a0e1cc-2360-44dc-8c71-fb81350486b6" source="a3eb9010-933a-454e-8e74-081e1541ea9b" target="a43ed69c-b1e8-4d5e-b6a9-0d345d19c7a9" xsi:type="Triggering" />
    <relationship identifier="caf67c94-839b-4099-9673-91131ccc84e9" source="a833e143-c7e2-45a6-a7c1-342f5de12700" target="baf02540-7484-4fd6-924f-938c6224b017" xsi:type="Association" />
    <relationship identifier="id-20de33d6-71b3-411d-9810-96d417d7d5db" source="id-19c30d39-5ce4-4626-9d10-ab54ca3c6ed9" target="e1421e79-d862-4e35-a91f-5aa46df1db9e" xsi:type="Association" />
    <relationship identifier="id-4506eb24-80eb-415f-a63a-11a6ea4dca52" source="id-609e189a-d378-4d39-a5f8-7bd33ebcd3f4" target="id-13695565-1fee-40c0-8c02-d0e31b0bf84d" xsi:type="Influence" />
    <relationship identifier="id-6d976a31-8efd-4f4b-8830-21b9ae452666" source="id-3ed7f762-bfa5-4e49-a750-6aa7586a0166" target="id-3cf2fe69-e23d-4dc1-bc7b-1c95ade71357" xsi:type="Realization" />
    <relationship identifier="id-30615a72-dea7-473e-bbca-5622fb2b47ec" source="c1c93ca4-5110-44a8-acc3-8584cca701f8" target="d0ea8e5a-36b0-492c-85c7-c19de6cbc764" xsi:type="Aggregation" />
    <relationship identifier="c32b42fe-236d-4a84-aa82-1fa498bddfcf" source="id-6997cff9-7642-4d95-8b14-7d05b68e694a" target="id-94fa344e-9eb3-4c75-9ef3-04e427d09d54" xsi:type="Realization" />
    <relationship identifier="e679bf8a-3200-4c4e-9fae-b7c64a05eb0c" source="id-635702fb-4af5-4d6e-b9c2-c2d09bcd1f06" target="id-9db0b328-a594-447f-847a-f4e6c90f76ff" xsi:type="Realization" />
    <relationship identifier="id-2e96ac0c-7d01-4c4f-abff-6582700de7f5" source="id-280bbf8c-60c5-4738-9f5d-4b6fd32997dd" target="id-19c30d39-5ce4-4626-9d10-ab54ca3c6ed9" xsi:type="Influence" />
    <relationship identifier="id-8213e964-fea1-4841-9b08-afd3a1dae3d3" source="id-3d160168-dbdc-4252-9178-660adf03c331" target="id-88a4a2e4-138c-46e8-a36f-d114e43d2670" xsi:type="Composition" />
    <relationship identifier="c9e025f8-0419-42ec-b131-39628ce45462" source="id-3d160168-dbdc-4252-9178-660adf03c331" target="id-19c30d39-5ce4-4626-9d10-ab54ca3c6ed9" xsi:type="Composition" />
    <relationship identifier="e14a68a5-24c4-4685-94f5-15ec190fd5f2" source="fba56c48-f9a0-4ead-a43a-3d5d196f39d8" target="fe9201f3-d71d-4993-bba3-5b5d01c2a858" xsi:type="Influence" />
    <relationship identifier="id-1ad06be0-c761-4b67-8804-7b0c3262504a" source="c1c93ca4-5110-44a8-acc3-8584cca701f8" target="id-94fa344e-9eb3-4c75-9ef3-04e427d09d54" xsi:type="Composition" />
    <relationship identifier="d11147d0-64af-44d0-bd56-b6613bbb0250" source="id-93361ef1-33ee-44a9-b5f4-8092a751a6c8" target="id-8a1c130a-f45b-41af-955b-439c8cf00a90" xsi:type="Triggering" />
    <relationship identifier="id-6afb6a1f-245a-4466-b53a-6b04e6b1d535" source="d1577ce1-e6ec-409c-bc88-1c6e1ac3c416" target="id-76228428-036f-4d1c-970b-86a91c0aa55d" xsi:type="Realization" />
    <relationship identifier="adc7b2b3-80d9-4d19-8a12-10776564f5b4" source="d0ea8e5a-36b0-492c-85c7-c19de6cbc764" target="id-609e189a-d378-4d39-a5f8-7bd33ebcd3f4" xsi:type="Composition" />
    <relationship identifier="id-250fb425-0ace-4f58-a2d0-51a68897cc39" source="c1c93ca4-5110-44a8-acc3-8584cca701f8" target="id-3d160168-dbdc-4252-9178-660adf03c331" xsi:type="Aggregation" />
    <relationship identifier="id-507563f2-e72a-42d8-a28e-4375df92020a" source="e5861408-8f78-4459-b81e-0b8b1fc3ca90" target="id-93361ef1-33ee-44a9-b5f4-8092a751a6c8" xsi:type="Triggering" />
    <relationship identifier="id-02f0989f-778c-4eba-8fdf-f92035d7787c" source="id-63a2c7dd-a4af-4011-8e8d-510cdb28dbc2" target="dcb5c5b2-92b2-4775-9f39-510594f7d35c" xsi:type="Realization" />
    <relationship identifier="id-1ec2d4d3-40a8-4c68-8e90-314d1e58f352" source="id-8a1c130a-f45b-41af-955b-439c8cf00a90" target="id-83014d61-32c2-4b2d-92ad-505ece8ba149" xsi:type="Triggering" />
    <relationship identifier="baf02540-7484-4fd6-924f-938c6224b017" source="id-33d2241e-b63d-4a23-9325-b91db4ae84cf" target="id-4e1a5ccc-d7dc-4691-b1b2-e2e95386d24f" xsi:type="Triggering">
      <name>Nei</name>
    </relationship>
    <relationship identifier="id-27dea31b-17e0-49d8-a612-943807d23ceb" source="id-3d160168-dbdc-4252-9178-660adf03c331" target="id-0e3f3ead-7b54-476d-a0ef-d9d06485ed23" xsi:type="Composition" />
    <relationship identifier="fe0ed214-1dee-48a6-8623-dda264c6ac1f" source="d0ea8e5a-36b0-492c-85c7-c19de6cbc764" target="id-6997cff9-7642-4d95-8b14-7d05b68e694a" xsi:type="Composition" />
    <relationship identifier="id-9d90fe56-c9ed-42cb-93b2-9f437fd7dc95" source="a38fba95-f783-4444-bed8-e76bc3d3b66e" target="id-2531927a-486c-4394-9861-f4723706f665" xsi:type="Realization" />
    <relationship identifier="ff379ae0-ca7f-4e2e-9173-8580b51baaec" source="id-76228428-036f-4d1c-970b-86a91c0aa55d" target="dcb5c5b2-92b2-4775-9f39-510594f7d35c" xsi:type="Realization" />
    <relationship identifier="id-6c3aea48-f7f0-4436-9d83-753dd6e0e319" source="id-88a4a2e4-138c-46e8-a36f-d114e43d2670" target="id-39018e5d-1a76-41e4-825e-aa0c8b209b6b" xsi:type="Association" />
    <relationship identifier="dad65b15-8445-4317-9651-a02aa7fedd6e" source="id-96229f73-c3df-4048-80f3-b7d59cd56138" target="id-77543c93-297e-40ee-ab95-770cb9627f92" xsi:type="Assignment" />
    <relationship identifier="id-7bf9a86b-803c-4432-bc46-7c29408fa110" source="id-2acc1766-b38d-42df-86c4-082f878fc4db" target="id-93361ef1-33ee-44a9-b5f4-8092a751a6c8" xsi:type="Assignment" />
    <relationship identifier="id-661d4533-dbcb-42de-bf78-5fa305563a8d" source="id-39018e5d-1a76-41e4-825e-aa0c8b209b6b" target="id-94fa344e-9eb3-4c75-9ef3-04e427d09d54" xsi:type="Realization" />
  </relationships>
  <views>
    <diagrams>
      <view identifier="id-0c36e0d4-2df2-4ee1-9e7d-dda21a02293f" xsi:type="Diagram">
        <name>Interessentanalyse - Interessenter i fokus</name>
        <documentation>Dette diagrammet forsøker å vise et eksempel på korleis vi kan dokumentere en interessent-analyse (TOGAF-style) og relatere interessenter (Stakeholder) til ulike mål, krav, prosjekter, leveranser. Kort sagt relatere interessenter til Motivation- og Implementation and Migration Extension.</documentation>
        <node identifier="id-44cb04ec-5ec3-440d-9e1c-3505a1621951" elementRef="c1c93ca4-5110-44a8-acc3-8584cca701f8" xsi:type="Element" x="65" y="108" w="1136" h="637">
          <style>
            <fillColor r="237" g="207" b="226" a="100" />
            <lineColor r="92" g="92" b="92" a="100" />
            <font name="Lucida Grande" size="12">
              <color r="0" g="0" b="0" />
            </font>
          </style>
          <node identifier="id-75cb4fe7-1c86-46de-a820-575d5aded543" elementRef="id-3d160168-dbdc-4252-9178-660adf03c331" xsi:type="Element" x="101" y="168" w="445" h="241">
            <style>
              <fillColor r="237" g="207" b="226" a="100" />
              <lineColor r="92" g="92" b="92" a="100" />
              <font name="Lucida Grande" size="12">
                <color r="0" g="0" b="0" />
              </font>
            </style>
            <node identifier="id-34a55faf-781e-43a5-aece-702cfcef2d47" elementRef="fcad55a8-9427-44e7-89cc-19271bbc1ffb" xsi:type="Element" x="165" y="223" w="120" h="55">
              <style>
                <fillColor r="204" g="204" b="255" a="100" />
                <lineColor r="92" g="92" b="92" a="100" />
                <font name="Lucida Grande" size="12">
                  <color r="0" g="0" b="0" />
                </font>
              </style>
            </node>
            <node identifier="da1f5403-74b2-4f7c-86a4-6989255e1699" elementRef="id-88a4a2e4-138c-46e8-a36f-d114e43d2670" xsi:type="Element" x="377" y="223" w="120" h="55">
              <style>
                <fillColor r="204" g="204" b="255" a="100" />
                <lineColor r="92" g="92" b="92" a="100" />
                <font name="Lucida Grande" size="12">
                  <color r="0" g="0" b="0" />
                </font>
              </style>
            </node>
            <node identifier="id-87f72f58-3bb8-4e67-9bad-37a559bad486" elementRef="id-39018e5d-1a76-41e4-825e-aa0c8b209b6b" xsi:type="Element" x="377" y="324" w="120" h="55">
              <style>
                <fillColor r="255" g="224" b="224" a="100" />
                <lineColor r="92" g="92" b="92" a="100" />
                <font name="Lucida Grande" size="12">
                  <color r="0" g="0" b="0" />
                </font>
              </style>
            </node>
          </node>
          <node identifier="dcaada10-2c55-438b-afe7-e33c54fbe553" elementRef="d0ea8e5a-36b0-492c-85c7-c19de6cbc764" xsi:type="Element" x="629" y="168" w="445" h="241">
            <style>
              <fillColor r="237" g="207" b="226" a="100" />
              <lineColor r="92" g="92" b="92" a="100" />
              <font name="Lucida Grande" size="12">
                <color r="0" g="0" b="0" />
              </font>
            </style>
            <node identifier="id-99023ed9-c6a1-497b-8b46-247f32a70a4a" elementRef="id-609e189a-d378-4d39-a5f8-7bd33ebcd3f4" xsi:type="Element" x="693" y="223" w="120" h="55">
              <style>
                <fillColor r="204" g="204" b="255" a="100" />
                <lineColor r="92" g="92" b="92" a="100" />
                <font name="Lucida Grande" size="12">
                  <color r="0" g="0" b="0" />
                </font>
              </style>
            </node>
            <node identifier="de1ad204-b820-433e-8cfc-13d8c5d22b74" elementRef="id-13695565-1fee-40c0-8c02-d0e31b0bf84d" xsi:type="Element" x="905" y="223" w="120" h="55">
              <style>
                <fillColor r="204" g="204" b="255" a="100" />
                <lineColor r="92" g="92" b="92" a="100" />
                <font name="Lucida Grande" size="12">
                  <color r="0" g="0" b="0" />
                </font>
              </style>
            </node>
            <node identifier="id-88c925e8-4dc0-47c8-ab03-4f9ca900e1f5" elementRef="id-6997cff9-7642-4d95-8b14-7d05b68e694a" xsi:type="Element" x="905" y="324" w="120" h="55">
              <style>
                <fillColor r="255" g="224" b="224" a="100" />
                <lineColor r="92" g="92" b="92" a="100" />
                <font name="Lucida Grande" size="12">
                  <color r="0" g="0" b="0" />
                </font>
              </style>
            </node>
          </node>
          <node identifier="id-3d5b166c-0812-42f6-b8a1-1348bc6bf840" elementRef="id-94fa344e-9eb3-4c75-9ef3-04e427d09d54" xsi:type="Element" x="377" y="506" w="649" h="95">
            <style>
              <fillColor r="255" g="224" b="224" a="100" />
              <lineColor r="92" g="92" b="92" a="100" />
              <font name="Lucida Grande" size="12">
                <color r="0" g="0" b="0" />
              </font>
            </style>
          </node>
        </node>
        <connection identifier="e37a9d07-b066-4d08-a47e-76fc3501f5b9" relationshipRef="id-1f269d1c-3107-4740-9621-90a211d88c03" xsi:type="Relationship" source="id-34a55faf-781e-43a5-aece-702cfcef2d47" target="da1f5403-74b2-4f7c-86a4-6989255e1699">
          <style>
            <lineColor r="0" g="0" b="0" />
            <font name="Lucida Grande" size="12">
              <color r="0" g="0" b="0" />
            </font>
          </style>
        </connection>
        <connection identifier="id-105dd603-4065-45ba-b964-f32fa44dcdd8" relationshipRef="id-6c3aea48-f7f0-4436-9d83-753dd6e0e319" xsi:type="Relationship" source="da1f5403-74b2-4f7c-86a4-6989255e1699" target="id-87f72f58-3bb8-4e67-9bad-37a559bad486">
          <style>
            <lineColor r="0" g="0" b="0" />
            <font name="Lucida Grande" size="12">
              <color r="0" g="0" b="0" />
            </font>
          </style>
        </connection>
        <connection identifier="id-706702af-5a1d-4642-8f88-a5c2dd0d8554" relationshipRef="id-661d4533-dbcb-42de-bf78-5fa305563a8d" xsi:type="Relationship" source="id-87f72f58-3bb8-4e67-9bad-37a559bad486" target="id-3d5b166c-0812-42f6-b8a1-1348bc6bf840">
          <style>
            <lineColor r="0" g="0" b="0" />
            <font name="Lucida Grande" size="12">
              <color r="0" g="0" b="0" />
            </font>
          </style>
        </connection>
        <connection identifier="beee07e7-9f70-4734-84e8-71f97d5b6fc9" relationshipRef="id-4506eb24-80eb-415f-a63a-11a6ea4dca52" xsi:type="Relationship" source="id-99023ed9-c6a1-497b-8b46-247f32a70a4a" target="de1ad204-b820-433e-8cfc-13d8c5d22b74">
          <style>
            <lineColor r="0" g="0" b="0" />
            <font name="Lucida Grande" size="12">
              <color r="0" g="0" b="0" />
            </font>
          </style>
        </connection>
        <connection identifier="a552b349-9840-4c9b-9cf9-65d490bca747" relationshipRef="id-8ae21931-d5fa-4083-8de6-e9f03c04b3fb" xsi:type="Relationship" source="de1ad204-b820-433e-8cfc-13d8c5d22b74" target="id-88c925e8-4dc0-47c8-ab03-4f9ca900e1f5">
          <style>
            <lineColor r="0" g="0" b="0" />
            <font name="Lucida Grande" size="12">
              <color r="0" g="0" b="0" />
            </font>
          </style>
        </connection>
        <connection identifier="id-58916462-9935-4c20-8c2e-9e011f44a309" relationshipRef="c32b42fe-236d-4a84-aa82-1fa498bddfcf" xsi:type="Relationship" source="id-88c925e8-4dc0-47c8-ab03-4f9ca900e1f5" target="id-3d5b166c-0812-42f6-b8a1-1348bc6bf840">
          <style>
            <lineColor r="0" g="0" b="0" />
            <font name="Lucida Grande" size="12">
              <color r="0" g="0" b="0" />
            </font>
          </style>
        </connection>
      </view>
      <view identifier="cce7a0b5-8924-4a14-9b03-6a312eb52d0f" xsi:type="Diagram">
        <name>Interessentanalyse - prosjekt i fokus</name>
        <documentation>Dette diagrammet forsøker å vise et eksempel på korleis vi kan dokumentere en interessent-analyse (TOGAF-style) og relatere et prosjekt (Work Package) til ulike interessenter (Stakeholder) og korleis disse har innflytelse på kvarandre.</documentation>
        <node identifier="id-83f68d0e-572d-46e0-bc58-de51917af43a" elementRef="id-3d160168-dbdc-4252-9178-660adf03c331" xsi:type="Element" x="60" y="60" w="1009" h="421">
          <style>
            <fillColor r="237" g="207" b="226" a="100" />
            <lineColor r="92" g="92" b="92" a="100" />
            <font name="Lucida Grande" size="12">
              <color r="0" g="0" b="0" />
            </font>
          </style>
          <node identifier="c6309f85-14a6-48a8-8fe4-216f70cb8c44" elementRef="id-19c30d39-5ce4-4626-9d10-ab54ca3c6ed9" xsi:type="Element" x="372" y="204" w="120" h="55">
            <style>
              <fillColor r="204" g="204" b="255" a="100" />
              <lineColor r="92" g="92" b="92" a="100" />
              <font name="Lucida Grande" size="12">
                <color r="0" g="0" b="0" />
              </font>
            </style>
          </node>
          <node identifier="e1146530-d634-4758-9f9e-2c0afddf4c09" elementRef="fe9201f3-d71d-4993-bba3-5b5d01c2a858" xsi:type="Element" x="648" y="204" w="120" h="55">
            <style>
              <fillColor r="204" g="204" b="255" a="100" />
              <lineColor r="92" g="92" b="92" a="100" />
              <font name="Lucida Grande" size="12">
                <color r="0" g="0" b="0" />
              </font>
            </style>
          </node>
          <node identifier="id-19a06ee3-fabc-47b8-ac3a-57c039b122d3" elementRef="e1421e79-d862-4e35-a91f-5aa46df1db9e" xsi:type="Element" x="504" y="312" w="120" h="55">
            <style>
              <fillColor r="255" g="224" b="224" a="100" />
              <lineColor r="92" g="92" b="92" a="100" />
              <font name="Lucida Grande" size="12">
                <color r="0" g="0" b="0" />
              </font>
            </style>
          </node>
          <node identifier="id-8abad5ae-2cf9-43ae-992f-124987a2cea8" elementRef="id-280bbf8c-60c5-4738-9f5d-4b6fd32997dd" xsi:type="Element" x="504" y="96" w="120" h="55">
            <style>
              <fillColor r="204" g="204" b="255" a="100" />
              <lineColor r="92" g="92" b="92" a="100" />
              <font name="Lucida Grande" size="12">
                <color r="0" g="0" b="0" />
              </font>
            </style>
          </node>
        </node>
        <node identifier="af2a88bc-8fa9-434a-b798-eb3f13dd5ae9" elementRef="fba56c48-f9a0-4ead-a43a-3d5d196f39d8" xsi:type="Element" x="1116" y="204" w="120" h="55">
          <style>
            <fillColor r="204" g="204" b="255" a="100" />
            <lineColor r="92" g="92" b="92" a="100" />
            <font name="Lucida Grande" size="12">
              <color r="0" g="0" b="0" />
            </font>
          </style>
        </node>
        <connection identifier="id-1cc3081c-889d-41b7-b005-e7bf71f1a5f8" relationshipRef="id-20de33d6-71b3-411d-9810-96d417d7d5db" xsi:type="Relationship" source="c6309f85-14a6-48a8-8fe4-216f70cb8c44" target="id-19a06ee3-fabc-47b8-ac3a-57c039b122d3">
          <style>
            <lineColor r="0" g="0" b="0" />
            <font name="Lucida Grande" size="12">
              <color r="0" g="0" b="0" />
            </font>
          </style>
        </connection>
        <connection identifier="d30373b8-b7e2-4b44-a8f9-7f029ee674df" relationshipRef="id-4260e60f-6930-4b8f-adbd-8e179d0cdcf9" xsi:type="Relationship" source="e1146530-d634-4758-9f9e-2c0afddf4c09" target="id-19a06ee3-fabc-47b8-ac3a-57c039b122d3">
          <style>
            <lineColor r="0" g="0" b="0" />
            <font name="Lucida Grande" size="12">
              <color r="0" g="0" b="0" />
            </font>
          </style>
        </connection>
        <connection identifier="id-0daf658d-7339-40e3-8699-d7afd127f73c" relationshipRef="id-2e96ac0c-7d01-4c4f-abff-6582700de7f5" xsi:type="Relationship" source="id-8abad5ae-2cf9-43ae-992f-124987a2cea8" target="c6309f85-14a6-48a8-8fe4-216f70cb8c44">
          <style>
            <lineColor r="0" g="0" b="0" />
            <font name="Lucida Grande" size="12">
              <color r="0" g="0" b="0" />
            </font>
          </style>
        </connection>
        <connection identifier="id-5f733a0d-0d0e-49ab-8df9-964f674da28a" relationshipRef="e14a68a5-24c4-4685-94f5-15ec190fd5f2" xsi:type="Relationship" source="af2a88bc-8fa9-434a-b798-eb3f13dd5ae9" target="e1146530-d634-4758-9f9e-2c0afddf4c09">
          <style>
            <lineColor r="0" g="0" b="0" />
            <font name="Lucida Grande" size="12">
              <color r="0" g="0" b="0" />
            </font>
          </style>
        </connection>
      </view>
      <view identifier="c07c7fb2-fec5-4338-8e98-b78ff61d3bbd" xsi:type="Diagram">
        <name>Prosess ala BPMN</name>
        <documentation>Dette diagrammet forsøker å utforske korleis vi i ArchiMate kan modellere ein prosess slik at framstillinga liknar mest mogleg på BPMN. Mange likar BPMN sine pools og swimlanes. Diagrammet viser at det er mogleg å tilnærme seg denne visuelle stilen også i ArchiMate.</documentation>
        <node identifier="id-0846ef4f-63fd-4f9d-b40b-7e32616d7c87" elementRef="id-96229f73-c3df-4048-80f3-b7d59cd56138" xsi:type="Element" x="166" y="112" w="951" h="405">
          <style>
            <fillColor r="255" g="255" b="181" a="100" />
            <lineColor r="92" g="92" b="92" a="100" />
            <font name="Lucida Grande" size="12">
              <color r="0" g="0" b="0" />
            </font>
          </style>
          <node identifier="id-91cd4693-425d-4fbf-b4d1-c9a81290a0a7" elementRef="id-2acc1766-b38d-42df-86c4-082f878fc4db" xsi:type="Element" x="190" y="160" w="925" h="145">
            <style>
              <fillColor r="255" g="255" b="181" a="100" />
              <lineColor r="92" g="92" b="92" a="100" />
              <font name="Lucida Grande" size="12">
                <color r="0" g="0" b="0" />
              </font>
            </style>
            <node identifier="b1ea56a0-7e58-439c-a40d-9431d7f514a4" elementRef="id-93361ef1-33ee-44a9-b5f4-8092a751a6c8" xsi:type="Element" x="274" y="208" w="120" h="55">
              <style>
                <fillColor r="255" g="255" b="181" a="100" />
                <lineColor r="92" g="92" b="92" a="100" />
                <font name="Lucida Grande" size="12">
                  <color r="0" g="0" b="0" />
                </font>
              </style>
            </node>
            <node identifier="id-7643d8b4-8e80-4561-9d33-7365685a1c70" elementRef="a3eb9010-933a-454e-8e74-081e1541ea9b" xsi:type="Element" x="880" y="211" w="120" h="55">
              <style>
                <fillColor r="255" g="255" b="181" a="100" />
                <lineColor r="92" g="92" b="92" a="100" />
                <font name="Lucida Grande" size="12">
                  <color r="0" g="0" b="0" />
                </font>
              </style>
            </node>
          </node>
          <node identifier="id-402ef953-40e2-461a-9493-ca1a765c5c70" elementRef="id-77543c93-297e-40ee-ab95-770cb9627f92" xsi:type="Element" x="190" y="304" w="925" h="193">
            <style>
              <fillColor r="255" g="255" b="181" a="100" />
              <lineColor r="92" g="92" b="92" a="100" />
              <font name="Lucida Grande" size="12">
                <color r="0" g="0" b="0" />
              </font>
            </style>
            <node identifier="e2ba37fd-6519-4f14-ac39-f287ea52a4c4" elementRef="id-8a1c130a-f45b-41af-955b-439c8cf00a90" xsi:type="Element" x="478" y="388" w="120" h="55">
              <style>
                <fillColor r="255" g="255" b="181" a="100" />
                <lineColor r="92" g="92" b="92" a="100" />
                <font name="Lucida Grande" size="12">
                  <color r="0" g="0" b="0" />
                </font>
              </style>
            </node>
            <node identifier="fab5359a-cf9e-42d9-8212-b427a3933bcd" elementRef="id-83014d61-32c2-4b2d-92ad-505ece8ba149" xsi:type="Element" x="682" y="388" w="120" h="55">
              <style>
                <fillColor r="255" g="255" b="181" a="100" />
                <lineColor r="92" g="92" b="92" a="100" />
                <font name="Lucida Grande" size="12">
                  <color r="0" g="0" b="0" />
                </font>
              </style>
            </node>
            <node identifier="id-1502232f-d34d-47fb-aada-6d13e33acafd" elementRef="id-33d2241e-b63d-4a23-9325-b91db4ae84cf" xsi:type="Element" x="826" y="408" w="15" h="15">
              <style>
                <fillColor r="0" g="0" b="0" a="100" />
                <lineColor r="92" g="92" b="92" a="100" />
                <font name="Lucida Grande" size="12">
                  <color r="0" g="0" b="0" />
                </font>
              </style>
            </node>
          </node>
        </node>
        <node identifier="id-07a4671d-02bf-49ac-a553-a1078b1e1653" elementRef="e5861408-8f78-4459-b81e-0b8b1fc3ca90" xsi:type="Element" x="24" y="216" w="120" h="55">
          <style>
            <fillColor r="255" g="255" b="181" a="100" />
            <lineColor r="92" g="92" b="92" a="100" />
            <font name="Lucida Grande" size="12">
              <color r="0" g="0" b="0" />
            </font>
          </style>
        </node>
        <node identifier="id-11ea1051-d6aa-4863-90e9-51ec85aa2dab" elementRef="a43ed69c-b1e8-4d5e-b6a9-0d345d19c7a9" xsi:type="Element" x="1176" y="216" w="120" h="55">
          <style>
            <fillColor r="255" g="255" b="181" a="100" />
            <lineColor r="92" g="92" b="92" a="100" />
            <font name="Lucida Grande" size="12">
              <color r="0" g="0" b="0" />
            </font>
          </style>
        </node>
        <node identifier="id-6c8440c0-d97d-4a8b-a37b-c7a0b54a743e" elementRef="id-4e1a5ccc-d7dc-4691-b1b2-e2e95386d24f" xsi:type="Element" x="1176" y="384" w="120" h="55">
          <style>
            <fillColor r="255" g="255" b="181" a="100" />
            <lineColor r="92" g="92" b="92" a="100" />
            <font name="Lucida Grande" size="12">
              <color r="0" g="0" b="0" />
            </font>
          </style>
        </node>
        <node identifier="id-5cceec1a-e88b-4429-ba49-abe8f5d5452f" elementRef="id-040fa58b-3ad1-48c9-8838-3e1d8dae528a" xsi:type="Element" x="582" y="564" w="120" h="55">
          <style>
            <fillColor r="255" g="255" b="181" a="100" />
            <lineColor r="92" g="92" b="92" a="100" />
            <font name="Lucida Grande" size="12">
              <color r="0" g="0" b="0" />
            </font>
          </style>
        </node>
        <node identifier="id-1e006905-716c-4957-915a-3c75f81e7105" elementRef="a833e143-c7e2-45a6-a7c1-342f5de12700" xsi:type="Element" x="948" y="564" w="120" h="55">
          <style>
            <fillColor r="255" g="255" b="181" a="100" />
            <lineColor r="92" g="92" b="92" a="100" />
            <font name="Lucida Grande" size="12">
              <color r="0" g="0" b="0" />
            </font>
          </style>
        </node>
        <connection identifier="a7610769-0c25-4ed8-af98-d19e236b9b9e" relationshipRef="d11147d0-64af-44d0-bd56-b6613bbb0250" xsi:type="Relationship" source="b1ea56a0-7e58-439c-a40d-9431d7f514a4" target="e2ba37fd-6519-4f14-ac39-f287ea52a4c4">
          <style>
            <lineColor r="0" g="0" b="0" />
            <font name="Lucida Grande" size="12">
              <color r="0" g="0" b="0" />
            </font>
          </style>
          <bendpoint x="444" y="240" />
          <bendpoint x="444" y="420" />
        </connection>
        <connection identifier="bdfbf249-e8a7-41a4-b176-6fe179d9bb25" relationshipRef="a4a0e1cc-2360-44dc-8c71-fb81350486b6" xsi:type="Relationship" source="id-7643d8b4-8e80-4561-9d33-7365685a1c70" target="id-11ea1051-d6aa-4863-90e9-51ec85aa2dab">
          <style>
            <lineColor r="0" g="0" b="0" />
            <font name="Lucida Grande" size="12">
              <color r="0" g="0" b="0" />
            </font>
          </style>
        </connection>
        <connection identifier="id-2cd2f518-1e1b-4159-8c58-2280ba72fc7d" relationshipRef="id-1ec2d4d3-40a8-4c68-8e90-314d1e58f352" xsi:type="Relationship" source="e2ba37fd-6519-4f14-ac39-f287ea52a4c4" target="fab5359a-cf9e-42d9-8212-b427a3933bcd">
          <style>
            <lineColor r="0" g="0" b="0" />
            <font name="Lucida Grande" size="12">
              <color r="0" g="0" b="0" />
            </font>
          </style>
        </connection>
        <connection identifier="id-02293e2c-5469-420f-9751-d40e884fe051" relationshipRef="id-08927863-f2f8-4c21-b676-b48ebab5b62a" xsi:type="Relationship" source="fab5359a-cf9e-42d9-8212-b427a3933bcd" target="id-1502232f-d34d-47fb-aada-6d13e33acafd">
          <style>
            <lineColor r="0" g="0" b="0" />
            <font name="Lucida Grande" size="12">
              <color r="0" g="0" b="0" />
            </font>
          </style>
        </connection>
        <connection identifier="id-704d2110-d3f2-450d-af65-582a071733cb" relationshipRef="id-71ca2cbd-2ec6-4177-8ef6-bdf6cc2a6a7a" xsi:type="Relationship" source="id-1502232f-d34d-47fb-aada-6d13e33acafd" target="id-7643d8b4-8e80-4561-9d33-7365685a1c70">
          <style>
            <lineColor r="0" g="0" b="0" />
            <font name="Lucida Grande" size="12">
              <color r="0" g="0" b="0" />
            </font>
          </style>
          <bendpoint x="834" y="240" />
        </connection>
        <connection identifier="id-5d7b4e74-9025-455c-8aec-ae33c95a0ba3" relationshipRef="baf02540-7484-4fd6-924f-938c6224b017" xsi:type="Relationship" source="id-1502232f-d34d-47fb-aada-6d13e33acafd" target="id-6c8440c0-d97d-4a8b-a37b-c7a0b54a743e">
          <style>
            <lineColor r="0" g="0" b="0" />
            <font name="Lucida Grande" size="12">
              <color r="0" g="0" b="0" />
            </font>
          </style>
        </connection>
        <connection identifier="id-688f78ff-69aa-45e6-a527-cf3fbd972c18" relationshipRef="id-507563f2-e72a-42d8-a28e-4375df92020a" xsi:type="Relationship" source="id-07a4671d-02bf-49ac-a553-a1078b1e1653" target="b1ea56a0-7e58-439c-a40d-9431d7f514a4">
          <style>
            <lineColor r="0" g="0" b="0" />
            <font name="Lucida Grande" size="12">
              <color r="0" g="0" b="0" />
            </font>
          </style>
        </connection>
        <connection identifier="id-494777eb-4fcb-4abc-af64-20891a23bbc4" relationshipRef="id-5c6c5cef-1a4a-4332-873f-7f5471470953" xsi:type="Relationship" source="id-5cceec1a-e88b-4429-ba49-abe8f5d5452f" target="id-2cd2f518-1e1b-4159-8c58-2280ba72fc7d">
          <style>
            <lineColor r="0" g="0" b="0" />
            <font name="Lucida Grande" size="12">
              <color r="0" g="0" b="0" />
            </font>
          </style>
        </connection>
        <connection identifier="a02c69b9-004e-402b-8b11-1236c66c6bf9" relationshipRef="caf67c94-839b-4099-9673-91131ccc84e9" xsi:type="Relationship" source="id-1e006905-716c-4957-915a-3c75f81e7105" target="id-5d7b4e74-9025-455c-8aec-ae33c95a0ba3">
          <style>
            <lineColor r="0" g="0" b="0" />
            <font name="Lucida Grande" size="12">
              <color r="0" g="0" b="0" />
            </font>
          </style>
        </connection>
      </view>
      <view identifier="b8035b6d-f918-45aa-a2c8-d994a90d5e0d" xsi:type="Diagram">
        <name>Anatomien til et datasett modellert ved hjelp av representations</name>
        <documentation>Et forsøk på å dokumentere kva eit datasett består av og relasjonen til begreper og data i en database.</documentation>
        <node identifier="id-9940d041-a01c-41fb-8185-a627fe0d7423" x="529" y="7" w="660" h="378" xsi:type="Container">
          <label>Eksempel</label>
          <style>
            <fillColor r="210" g="215" b="215" a="100" />
            <lineColor r="92" g="92" b="92" a="100" />
            <font name="Lucida Grande" size="12">
              <color r="0" g="0" b="0" />
            </font>
          </style>
        </node>
        <node identifier="id-3968b609-c667-4b56-a186-813734d2a48a" x="48" y="10" w="437" h="639" xsi:type="Container">
          <label>Mønster</label>
          <style>
            <fillColor r="210" g="215" b="215" a="100" />
            <lineColor r="92" g="92" b="92" a="100" />
            <font name="Lucida Grande" size="12">
              <color r="0" g="0" b="0" />
            </font>
          </style>
          <node identifier="a8eba5e3-80bb-4a0f-a649-c5026d9ebf99" elementRef="d8d6731d-ce2a-48fe-b7ff-e55cff2234da" xsi:type="Element" x="203" y="58" w="120" h="55">
            <style>
              <fillColor r="255" g="255" b="181" a="100" />
              <lineColor r="92" g="92" b="92" a="100" />
              <font name="Lucida Grande" size="12">
                <color r="0" g="0" b="0" />
              </font>
            </style>
          </node>
          <node identifier="id-525e557f-d0e1-456c-984d-7aa0d6d9e31d" elementRef="id-9db0b328-a594-447f-847a-f4e6c90f76ff" xsi:type="Element" x="84" y="298" w="120" h="55">
            <style>
              <fillColor r="255" g="255" b="181" a="100" />
              <lineColor r="92" g="92" b="92" a="100" />
              <font name="Lucida Grande" size="12">
                <color r="0" g="0" b="0" />
              </font>
            </style>
          </node>
          <node identifier="a3c03ad4-839e-48d6-a196-ab69e7acac5f" elementRef="dcb5c5b2-92b2-4775-9f39-510594f7d35c" xsi:type="Element" x="324" y="298" w="120" h="55">
            <style>
              <fillColor r="255" g="255" b="181" a="100" />
              <lineColor r="92" g="92" b="92" a="100" />
              <font name="Lucida Grande" size="12">
                <color r="0" g="0" b="0" />
              </font>
            </style>
          </node>
          <node identifier="c48b27ba-630d-45e6-8fcd-278f8489978e" elementRef="id-63a2c7dd-a4af-4011-8e8d-510cdb28dbc2" xsi:type="Element" x="203" y="166" w="120" h="55">
            <style>
              <fillColor r="255" g="255" b="181" a="100" />
              <lineColor r="92" g="92" b="92" a="100" />
              <font name="Lucida Grande" size="12">
                <color r="0" g="0" b="0" />
              </font>
            </style>
          </node>
          <node identifier="id-1ceac076-69c2-4929-8823-05f0653ff182" elementRef="id-635702fb-4af5-4d6e-b9c2-c2d09bcd1f06" xsi:type="Element" x="84" y="430" w="120" h="55">
            <style>
              <fillColor r="181" g="255" b="255" a="100" />
              <lineColor r="92" g="92" b="92" a="100" />
              <font name="Lucida Grande" size="12">
                <color r="0" g="0" b="0" />
              </font>
            </style>
          </node>
          <node identifier="id-1e986caf-2b2d-4a32-a027-1b9687506e91" elementRef="id-76228428-036f-4d1c-970b-86a91c0aa55d" xsi:type="Element" x="324" y="430" w="120" h="55">
            <style>
              <fillColor r="181" g="255" b="255" a="100" />
              <lineColor r="92" g="92" b="92" a="100" />
              <font name="Lucida Grande" size="12">
                <color r="0" g="0" b="0" />
              </font>
            </style>
          </node>
          <node identifier="id-38b6bace-ea2c-4e56-a2d2-1b315fbb8af6" elementRef="d1577ce1-e6ec-409c-bc88-1c6e1ac3c416" xsi:type="Element" x="324" y="526" w="120" h="55">
            <style>
              <fillColor r="201" g="231" b="183" a="100" />
              <lineColor r="92" g="92" b="92" a="100" />
              <font name="Lucida Grande" size="12">
                <color r="0" g="0" b="0" />
              </font>
            </style>
          </node>
          <node identifier="f8070bb2-c022-4104-bad4-1d120d1ded92" elementRef="id-161c7288-4095-4cc3-8519-8763cacfce0a" xsi:type="Element" x="84" y="526" w="120" h="55">
            <style>
              <fillColor r="181" g="255" b="255" a="100" />
              <lineColor r="92" g="92" b="92" a="100" />
              <font name="Lucida Grande" size="12">
                <color r="0" g="0" b="0" />
              </font>
            </style>
          </node>
        </node>
        <node identifier="id-61fe0d5d-014b-4533-acc9-295c5f0c5b8d" elementRef="id-61ef8748-d3a0-4f5c-908b-78c7cdeb2806" xsi:type="Element" x="600" y="72" w="529" h="55">
          <style>
            <fillColor r="255" g="255" b="181" a="100" />
            <lineColor r="92" g="92" b="92" a="100" />
            <font name="Lucida Grande" size="12">
              <color r="0" g="0" b="0" />
            </font>
          </style>
        </node>
        <node identifier="id-8a99d47d-4adf-4431-ba38-3487179a78c3" elementRef="id-3ed7f762-bfa5-4e49-a750-6aa7586a0166" xsi:type="Element" x="600" y="187" w="529" h="55">
          <style>
            <fillColor r="255" g="255" b="181" a="100" />
            <lineColor r="92" g="92" b="92" a="100" />
            <font name="Lucida Grande" size="12">
              <color r="0" g="0" b="0" />
            </font>
          </style>
        </node>
        <node identifier="id-80f93f8f-199d-443c-8909-1edc8cb792cd" elementRef="id-3cf2fe69-e23d-4dc1-bc7b-1c95ade71357" xsi:type="Element" x="540" y="300" w="120" h="55">
          <style>
            <fillColor r="255" g="255" b="181" a="100" />
            <lineColor r="92" g="92" b="92" a="100" />
            <font name="Lucida Grande" size="12">
              <color r="0" g="0" b="0" />
            </font>
          </style>
        </node>
        <node identifier="id-98aa04f6-aa1e-49fc-bdf4-2a3a2b523343" elementRef="id-96196952-61fb-4de7-a8d7-7d2c66bf9c7b" xsi:type="Element" x="696" y="300" w="120" h="55">
          <style>
            <fillColor r="255" g="255" b="181" a="100" />
            <lineColor r="92" g="92" b="92" a="100" />
            <font name="Lucida Grande" size="12">
              <color r="0" g="0" b="0" />
            </font>
          </style>
        </node>
        <node identifier="a0082d94-d2c1-4c46-9ce9-d3c2f3e0bd01" elementRef="id-5fe938a3-2525-4b06-a088-c47e3ac4c81f" xsi:type="Element" x="864" y="300" w="120" h="55">
          <style>
            <fillColor r="255" g="255" b="181" a="100" />
            <lineColor r="92" g="92" b="92" a="100" />
            <font name="Lucida Grande" size="12">
              <color r="0" g="0" b="0" />
            </font>
          </style>
        </node>
        <node identifier="id-23d638cb-1bb7-4775-82fb-d71af7f8e7fe" elementRef="ff9377f8-c1c9-47f8-9dae-a5ddc77e7bfc" xsi:type="Element" x="1060" y="301" w="120" h="55">
          <style>
            <fillColor r="255" g="255" b="181" a="100" />
            <lineColor r="92" g="92" b="92" a="100" />
            <font name="Lucida Grande" size="12">
              <color r="0" g="0" b="0" />
            </font>
          </style>
        </node>
        <connection identifier="d74ea2e8-78b7-4ba4-ba8f-49c05a14fc3d" relationshipRef="id-51d59fdf-3e4c-4f49-a09e-34bd05ef9f82" xsi:type="Relationship" source="a8eba5e3-80bb-4a0f-a649-c5026d9ebf99" target="c48b27ba-630d-45e6-8fcd-278f8489978e">
          <style>
            <lineColor r="0" g="0" b="0" />
            <font name="Lucida Grande" size="12">
              <color r="0" g="0" b="0" />
            </font>
          </style>
        </connection>
        <connection identifier="c4048cb9-d707-4381-8cc1-f09c5ce4be7c" relationshipRef="id-02f0989f-778c-4eba-8fdf-f92035d7787c" xsi:type="Relationship" source="c48b27ba-630d-45e6-8fcd-278f8489978e" target="a3c03ad4-839e-48d6-a196-ab69e7acac5f">
          <style>
            <lineColor r="0" g="0" b="0" />
            <font name="Lucida Grande" size="12">
              <color r="0" g="0" b="0" />
            </font>
          </style>
        </connection>
        <connection identifier="id-41d0c38b-6ddb-46ae-9433-08367c6717fc" relationshipRef="id-49337113-db9e-4c29-a3af-059abfc2241c" xsi:type="Relationship" source="c48b27ba-630d-45e6-8fcd-278f8489978e" target="id-525e557f-d0e1-456c-984d-7aa0d6d9e31d">
          <style>
            <lineColor r="0" g="0" b="0" />
            <font name="Lucida Grande" size="12">
              <color r="0" g="0" b="0" />
            </font>
          </style>
        </connection>
        <connection identifier="b65cfe7e-04f0-479f-a16e-79b10824bfa1" relationshipRef="e679bf8a-3200-4c4e-9fae-b7c64a05eb0c" xsi:type="Relationship" source="id-1ceac076-69c2-4929-8823-05f0653ff182" target="id-525e557f-d0e1-456c-984d-7aa0d6d9e31d">
          <style>
            <lineColor r="0" g="0" b="0" />
            <font name="Lucida Grande" size="12">
              <color r="0" g="0" b="0" />
            </font>
          </style>
        </connection>
        <connection identifier="c79ff2b7-34d0-40e6-a165-f515947b1bb2" relationshipRef="ff379ae0-ca7f-4e2e-9173-8580b51baaec" xsi:type="Relationship" source="id-1e986caf-2b2d-4a32-a027-1b9687506e91" target="a3c03ad4-839e-48d6-a196-ab69e7acac5f">
          <style>
            <lineColor r="0" g="0" b="0" />
            <font name="Lucida Grande" size="12">
              <color r="0" g="0" b="0" />
            </font>
          </style>
        </connection>
        <connection identifier="id-50d0ab82-b743-4ac9-92b4-2d274b391112" relationshipRef="id-6afb6a1f-245a-4466-b53a-6b04e6b1d535" xsi:type="Relationship" source="id-38b6bace-ea2c-4e56-a2d2-1b315fbb8af6" target="id-1e986caf-2b2d-4a32-a027-1b9687506e91">
          <style>
            <lineColor r="0" g="0" b="0" />
            <font name="Lucida Grande" size="12">
              <color r="0" g="0" b="0" />
            </font>
          </style>
        </connection>
        <connection identifier="ee62c355-b703-40ee-bc5d-ba5480089818" relationshipRef="id-435708f3-cc67-40bb-94a1-68af484514fb" xsi:type="Relationship" source="f8070bb2-c022-4104-bad4-1d120d1ded92" target="id-1ceac076-69c2-4929-8823-05f0653ff182">
          <style>
            <lineColor r="0" g="0" b="0" />
            <font name="Lucida Grande" size="12">
              <color r="0" g="0" b="0" />
            </font>
          </style>
        </connection>
        <connection identifier="c388911b-32f0-42d6-8f77-3c9852f41d20" relationshipRef="id-0c6c5a1b-9b11-44fb-a0bd-97ed70047476" xsi:type="Relationship" source="id-61fe0d5d-014b-4533-acc9-295c5f0c5b8d" target="id-8a99d47d-4adf-4431-ba38-3487179a78c3">
          <style>
            <lineColor r="0" g="0" b="0" />
            <font name="Lucida Grande" size="12">
              <color r="0" g="0" b="0" />
            </font>
          </style>
        </connection>
        <connection identifier="bc33b3e5-59d8-42f4-93d0-78fbbd6a6a71" relationshipRef="id-6d976a31-8efd-4f4b-8830-21b9ae452666" xsi:type="Relationship" source="id-8a99d47d-4adf-4431-ba38-3487179a78c3" target="id-80f93f8f-199d-443c-8909-1edc8cb792cd">
          <style>
            <lineColor r="0" g="0" b="0" />
            <font name="Lucida Grande" size="12">
              <color r="0" g="0" b="0" />
            </font>
          </style>
        </connection>
        <connection identifier="a4c89b98-7dc3-43db-967b-736e3e4dcd57" relationshipRef="id-3ff6092f-69f3-42f5-95d8-aa3cc51a7b0e" xsi:type="Relationship" source="id-8a99d47d-4adf-4431-ba38-3487179a78c3" target="id-98aa04f6-aa1e-49fc-bdf4-2a3a2b523343">
          <style>
            <lineColor r="0" g="0" b="0" />
            <font name="Lucida Grande" size="12">
              <color r="0" g="0" b="0" />
            </font>
          </style>
        </connection>
        <connection identifier="id-1e9b830c-9444-4a5a-8af8-ce89bc29780d" relationshipRef="a02aef77-d1d0-4a43-8890-aab4d146fc85" xsi:type="Relationship" source="id-8a99d47d-4adf-4431-ba38-3487179a78c3" target="a0082d94-d2c1-4c46-9ce9-d3c2f3e0bd01">
          <style>
            <lineColor r="0" g="0" b="0" />
            <font name="Lucida Grande" size="12">
              <color r="0" g="0" b="0" />
            </font>
          </style>
        </connection>
        <connection identifier="id-0e3b1371-9b36-4bc5-a0af-a3af5168be76" relationshipRef="id-167e9f8a-3689-486f-aa17-90264bb9c1c5" xsi:type="Relationship" source="id-8a99d47d-4adf-4431-ba38-3487179a78c3" target="id-23d638cb-1bb7-4775-82fb-d71af7f8e7fe">
          <style>
            <lineColor r="0" g="0" b="0" />
            <font name="Lucida Grande" size="12">
              <color r="0" g="0" b="0" />
            </font>
          </style>
        </connection>
      </view>
    </diagrams>
  </views>
</model>
