<?xml version="1.0" encoding="UTF-8"?>
<model xmlns="http://www.opengroup.org/xsd/archimate/3.0/" xmlns:xsi="http://www.w3.org/2001/XMLSchema-instance" xsi:schemaLocation="http://www.opengroup.org/xsd/archimate/3.0/ http://www.opengroup.org/xsd/archimate/3.1/archimate3_Diagram.xsd" identifier="id-47233919">
  <name>Iterator</name>
  <elements>
    <element identifier="id-3d74c0be" xsi:type="ApplicationProcess">
      <name>get iterator from aggregate</name>
      <documentation>- в отличие от строителя здесь ненадо создавать объект класса продукт и затем его передавать в метод алгоритма
- здесь можно сразу создать конкретный подкласс (внутрь которого уже будет зашит создание нужного класса продукта)</documentation>
    </element>
    <element identifier="id-39e16f4f" xsi:type="ApplicationProcess">
      <name>next item in iterator</name>
    </element>
    <element identifier="eddc9a3a" xsi:type="ApplicationComponent">
      <name>creator</name>
    </element>
    <element identifier="id-4e17cc0f" xsi:type="ApplicationFunction">
      <name>create iterator</name>
    </element>
    <element identifier="f37e5d1c" xsi:type="ApplicationFunction">
      <name>construct algoritm</name>
      <documentation>здесь может быть парсер, разбирающий одно какое либо дерево и получающий с одним и тем же алгоритмом разные выходные объекты</documentation>
    </element>
    <element identifier="id-4d9a4134" xsi:type="ApplicationProcess">
      <name>step</name>
    </element>
    <element identifier="af0ce369" xsi:type="ApplicationProcess">
      <name>step</name>
    </element>
    <element identifier="c0482ce5" xsi:type="ApplicationProcess">
      <name>call fabric</name>
    </element>
    <element identifier="id-9912acc6" xsi:type="ApplicationComponent">
      <name>subclass concrete aggregate A</name>
    </element>
    <element identifier="id-313fd5ef" xsi:type="ApplicationFunction">
      <name>create iterator</name>
    </element>
    <element identifier="f7864475" xsi:type="ApplicationProcess">
      <name>create concrete iterator A (this)</name>
    </element>
    <element identifier="id-41032782" xsi:type="ApplicationFunction">
      <name>constructor (AGGREGATE)</name>
    </element>
    <element identifier="fc182f7f" xsi:type="ApplicationFunction">
      <name>next</name>
    </element>
    <element identifier="id-8683eaec" xsi:type="ApplicationFunction">
      <name>first</name>
    </element>
    <element identifier="id-5245d9ca" xsi:type="ApplicationComponent">
      <name>subclass product concrete iterator A</name>
    </element>
    <element identifier="a840b94a" xsi:type="ApplicationInterface">
      <name>interface iterator</name>
    </element>
    <element identifier="f5277413" xsi:type="ApplicationFunction">
      <name>constructor (AGGREGATE)</name>
    </element>
    <element identifier="a00d26b2" xsi:type="ApplicationFunction">
      <name>first</name>
    </element>
    <element identifier="id-8df90b12" xsi:type="ApplicationFunction">
      <name>next</name>
    </element>
    <element identifier="id-2739bdf6" xsi:type="ApplicationComponent">
      <name>subclass concrete aggregate B</name>
    </element>
    <element identifier="id-6cbab361" xsi:type="ApplicationFunction">
      <name>create iterator</name>
    </element>
    <element identifier="aff5c846" xsi:type="ApplicationProcess">
      <name>create concrete iterator B</name>
    </element>
    <element identifier="id-411e9964" xsi:type="ApplicationFunction">
      <name>constructor (AGGREGATE)</name>
    </element>
    <element identifier="id-5ec4146f" xsi:type="ApplicationFunction">
      <name>next</name>
    </element>
    <element identifier="id-5c92c2f4" xsi:type="ApplicationFunction">
      <name>first</name>
    </element>
    <element identifier="c3a9d7ce" xsi:type="ApplicationComponent">
      <name>concrete iterator B</name>
    </element>
    <element identifier="id-265f513d" xsi:type="ApplicationInterface">
      <name>interface aggregate</name>
    </element>
    <element identifier="dcc3afe9" xsi:type="ApplicationProcess">
      <name>return iterator</name>
    </element>
    <element identifier="id-6ce034fa" xsi:type="ApplicationProcess">
      <name>return iterator</name>
    </element>
    <element identifier="id-22423687" xsi:type="ApplicationProcess">
      <name>return iterator</name>
    </element>
    <element identifier="id-3df1c490" xsi:type="ApplicationFunction">
      <name>is Done</name>
    </element>
    <element identifier="id-3130837a" xsi:type="ApplicationFunction">
      <name>is Done</name>
    </element>
    <element identifier="id-4ee812a2" xsi:type="ApplicationFunction">
      <name>is Done</name>
    </element>
    <element identifier="id-5da79910" xsi:type="ApplicationFunction">
      <name>current item</name>
    </element>
    <element identifier="id-1bbe1ae5" xsi:type="ApplicationFunction">
      <name>current item</name>
    </element>
    <element identifier="a19b93e1" xsi:type="ApplicationFunction">
      <name>current item</name>
    </element>
    <element identifier="e4a83c13" xsi:type="DataObject">
      <name>Data Object</name>
    </element>
    <element identifier="f18a18bd" xsi:type="DataObject">
      <name>REF to aggregate</name>
    </element>
    <element identifier="id-9076dac3" xsi:type="DataObject">
      <name>current position</name>
    </element>
    <element identifier="id-29724a65" xsi:type="DataObject">
      <name>REF to aggregate</name>
    </element>
    <element identifier="af2b23f0" xsi:type="ApplicationProcess">
      <name>set REF=input parameter</name>
    </element>
    <element identifier="id-9661cd10" xsi:type="ApplicationProcess">
      <name>set POSITION=0</name>
    </element>
    <element identifier="id-5ac8cba6" xsi:type="ApplicationProcess">
      <name>POSITION++</name>
    </element>
    <element identifier="id-5dc648ed" xsi:type="ApplicationProcess">
      <name>IF POSITION  &gt;= REF.count return TRUE</name>
    </element>
    <element identifier="ba829b0e" xsi:type="ApplicationProcess">
      <name>return REF[POSITION]</name>
    </element>
    <element identifier="d785305e" xsi:type="ApplicationFunction">
      <name>constructor (AGGREGATE)</name>
    </element>
    <element identifier="id-9ac8fc67" xsi:type="ApplicationProcess">
      <name>set REF=input parameter</name>
    </element>
    <element identifier="id-97b22207" xsi:type="ApplicationFunction">
      <name>next</name>
    </element>
    <element identifier="id-7aa6fe87" xsi:type="ApplicationProcess">
      <name>POSITION++</name>
    </element>
    <element identifier="id-024b800e" xsi:type="ApplicationFunction">
      <name>first</name>
    </element>
    <element identifier="id-54b1354b" xsi:type="ApplicationProcess">
      <name>set POSITION=0</name>
    </element>
    <element identifier="id-1272e1ab" xsi:type="ApplicationComponent">
      <name>subclass product  concrete iterator B</name>
    </element>
    <element identifier="id-1118db4c" xsi:type="ApplicationFunction">
      <name>is Done</name>
    </element>
    <element identifier="id-6b3ecb17" xsi:type="ApplicationProcess">
      <name>IF POSITION  &gt;= REF.count return TRUE</name>
    </element>
    <element identifier="id-3daaa51c" xsi:type="ApplicationFunction">
      <name>current item</name>
    </element>
    <element identifier="a112836c" xsi:type="ApplicationProcess">
      <name>return REF[POSITION]</name>
    </element>
    <element identifier="id-2ce1aab1" xsi:type="DataObject">
      <name>current position</name>
    </element>
    <element identifier="id-9a1b2f27" xsi:type="DataObject">
      <name>REF to aggregate</name>
    </element>
    <element identifier="id-875579ab" xsi:type="ApplicationFunction">
      <name>if not end</name>
    </element>
    <element identifier="ce171db8" xsi:type="ApplicationProcess">
      <name>some operation on get item</name>
    </element>
    <element identifier="id-7f7c450f" xsi:type="ApplicationComponent">
      <name>client</name>
    </element>
    <element identifier="id-816c1ae9" xsi:type="ApplicationProcess">
      <name>create iterator A (this) (copy)</name>
    </element>
  </elements>
  <relationships>
    <relationship identifier="adc5b480" source="id-5245d9ca" target="fc182f7f" xsi:type="Assignment" />
    <relationship identifier="id-76245b56" source="id-313fd5ef" target="f7864475" xsi:type="Composition" />
    <relationship identifier="ecc948d3" source="id-5245d9ca" target="a840b94a" xsi:type="Realization" />
    <relationship identifier="id-7720efe6" source="a00d26b2" target="af0ce369" xsi:type="Serving" />
    <relationship identifier="f9cbc684" source="eddc9a3a" target="id-4e17cc0f" xsi:type="Assignment" />
    <relationship identifier="e511977a" source="f37e5d1c" target="id-4d9a4134" xsi:type="Realization" />
    <relationship identifier="id-6b1c6d89" source="id-9912acc6" target="id-3d74c0be" xsi:type="Serving" />
    <relationship identifier="id-77d4fc71" source="id-2739bdf6" target="eddc9a3a" xsi:type="Specialization" />
    <relationship identifier="e3232b7a" source="c3a9d7ce" target="id-411e9964" xsi:type="Assignment" />
    <relationship identifier="id-503a8ede" source="id-4e17cc0f" target="c0482ce5" xsi:type="Serving" />
    <relationship identifier="id-019bc5ea" source="a840b94a" target="f5277413" xsi:type="Association" />
    <relationship identifier="id-9ef468e9" source="id-2739bdf6" target="id-6cbab361" xsi:type="Assignment" />
    <relationship identifier="id-489570f7" source="c3a9d7ce" target="aff5c846" xsi:type="Serving" />
    <relationship identifier="id-7668561e" source="id-8df90b12" target="id-4d9a4134" xsi:type="Serving">
      <name>work throught interface</name>
    </relationship>
    <relationship identifier="id-05ce8544" source="c3a9d7ce" target="id-5c92c2f4" xsi:type="Assignment" />
    <relationship identifier="d045a047" source="f37e5d1c" target="c0482ce5" xsi:type="Composition" />
    <relationship identifier="dd5452fa" source="id-5245d9ca" target="id-8683eaec" xsi:type="Assignment" />
    <relationship identifier="d218e84b" source="f37e5d1c" target="id-39e16f4f" xsi:type="Serving" />
    <relationship identifier="c5f6833b" source="id-9912acc6" target="eddc9a3a" xsi:type="Specialization" />
    <relationship identifier="f3080808" source="a840b94a" target="id-8df90b12" xsi:type="Association" />
    <relationship identifier="d42717ca" source="id-4d9a4134" target="af0ce369" xsi:type="Flow" />
    <relationship identifier="id-0bec52eb" source="id-6cbab361" target="aff5c846" xsi:type="Composition" />
    <relationship identifier="id-68af1099" source="id-9912acc6" target="id-313fd5ef" xsi:type="Assignment" />
    <relationship identifier="id-742c2184" source="c0482ce5" target="id-4d9a4134" xsi:type="Flow" />
    <relationship identifier="id-0dd804cf" source="id-5245d9ca" target="id-41032782" xsi:type="Assignment" />
    <relationship identifier="fdd916b6" source="f37e5d1c" target="af0ce369" xsi:type="Realization" />
    <relationship identifier="id-6ec2cb94" source="c3a9d7ce" target="a840b94a" xsi:type="Realization" />
    <relationship identifier="id-1406b99e" source="c3a9d7ce" target="id-5ec4146f" xsi:type="Assignment" />
    <relationship identifier="id-9e1e49fd" source="a840b94a" target="a00d26b2" xsi:type="Association" />
    <relationship identifier="e7347737" source="id-5245d9ca" target="f7864475" xsi:type="Serving">
      <name>aggregate use iterator</name>
    </relationship>
    <relationship identifier="ada96bd0" source="eddc9a3a" target="f37e5d1c" xsi:type="Assignment" />
    <relationship identifier="id-47287201" source="id-9912acc6" target="id-265f513d" xsi:type="Realization" />
    <relationship identifier="e08c7363" source="id-2739bdf6" target="id-265f513d" xsi:type="Realization" />
    <relationship identifier="id-2f467422" source="id-265f513d" target="id-4e17cc0f" xsi:type="Association" />
    <relationship identifier="id-574dcf9c" source="id-265f513d" target="f37e5d1c" xsi:type="Association" />
    <relationship identifier="id-2de4e321" source="id-313fd5ef" target="dcc3afe9" xsi:type="Composition" />
    <relationship identifier="c05a79a5" source="id-6cbab361" target="id-6ce034fa" xsi:type="Composition" />
    <relationship identifier="id-37991f78" source="f7864475" target="dcc3afe9" xsi:type="Flow" />
    <relationship identifier="b6315259" source="aff5c846" target="id-6ce034fa" xsi:type="Flow" />
    <relationship identifier="id-4485c12f" source="id-4e17cc0f" target="id-22423687" xsi:type="Composition" />
    <relationship identifier="id-457bcd99" source="a840b94a" target="id-3df1c490" xsi:type="Association" />
    <relationship identifier="b93fae20" source="id-5245d9ca" target="id-3130837a" xsi:type="Assignment" />
    <relationship identifier="e13948dd" source="c3a9d7ce" target="id-4ee812a2" xsi:type="Assignment" />
    <relationship identifier="id-724c555e" source="a840b94a" target="id-22423687" xsi:type="Serving" />
    <relationship identifier="be6aefaa" source="id-5245d9ca" target="id-1bbe1ae5" xsi:type="Assignment" />
    <relationship identifier="c54fb504" source="c3a9d7ce" target="a19b93e1" xsi:type="Assignment" />
    <relationship identifier="id-501b7027" source="a840b94a" target="id-5da79910" xsi:type="Association" />
    <relationship identifier="d5fec6e4" source="id-41032782" target="f18a18bd" xsi:type="Access" accessType="Write" />
    <relationship identifier="d58cc304" source="f5277413" target="id-22423687" xsi:type="Serving">
      <name>aggregate use iterator</name>
    </relationship>
    <relationship identifier="id-48390a37" source="f5277413" target="f18a18bd" xsi:type="Access" accessType="Write" />
    <relationship identifier="id-1700ad41" source="id-265f513d" target="f18a18bd" xsi:type="Association">
      <name>iterator has a link to interface aggregate</name>
    </relationship>
    <relationship identifier="id-04d66a00" source="id-41032782" target="af2b23f0" xsi:type="Composition" />
    <relationship identifier="id-48ab9bfe" source="id-8683eaec" target="id-9661cd10" xsi:type="Composition" />
    <relationship identifier="c544526d" source="fc182f7f" target="id-5ac8cba6" xsi:type="Composition" />
    <relationship identifier="e3aa9b00" source="id-3130837a" target="id-5dc648ed" xsi:type="Composition" />
    <relationship identifier="id-2cf6f93a" source="id-1bbe1ae5" target="ba829b0e" xsi:type="Composition" />
    <relationship identifier="id-52b40476" source="af2b23f0" target="id-29724a65" xsi:type="Access" accessType="Write" />
    <relationship identifier="id-0c89b5b9" source="id-5ac8cba6" target="id-9076dac3" xsi:type="Access" accessType="Write" />
    <relationship identifier="id-4d142de5" source="id-9661cd10" target="id-9076dac3" xsi:type="Access" accessType="Write" />
    <relationship identifier="b8d0a023" source="id-5dc648ed" target="id-29724a65" xsi:type="Access" accessType="Write" />
    <relationship identifier="id-4d302c21" source="id-5dc648ed" target="id-9076dac3" xsi:type="Access" accessType="Write" />
    <relationship identifier="id-09ffc863" source="ba829b0e" target="id-9076dac3" xsi:type="Access" accessType="Write" />
    <relationship identifier="id-7e800b33" source="ba829b0e" target="id-29724a65" xsi:type="Access" accessType="Write" />
    <relationship identifier="babe76b6" source="id-3daaa51c" target="a112836c" xsi:type="Composition" />
    <relationship identifier="id-143eeee6" source="id-024b800e" target="id-54b1354b" xsi:type="Composition" />
    <relationship identifier="ef2ad925" source="id-54b1354b" target="id-2ce1aab1" xsi:type="Access" accessType="Write" />
    <relationship identifier="id-61bb2cfc" source="id-6b3ecb17" target="id-9a1b2f27" xsi:type="Access" accessType="Write" />
    <relationship identifier="c63064fa" source="id-6b3ecb17" target="id-2ce1aab1" xsi:type="Access" accessType="Write" />
    <relationship identifier="id-52fe9774" source="id-1272e1ab" target="id-97b22207" xsi:type="Assignment" />
    <relationship identifier="id-4debd6fd" source="id-9ac8fc67" target="id-9a1b2f27" xsi:type="Access" accessType="Write" />
    <relationship identifier="id-5c571135" source="a112836c" target="id-9a1b2f27" xsi:type="Access" accessType="Write" />
    <relationship identifier="id-5ad30639" source="id-1272e1ab" target="d785305e" xsi:type="Assignment" />
    <relationship identifier="fb5101c9" source="id-1272e1ab" target="id-024b800e" xsi:type="Assignment" />
    <relationship identifier="d7399b45" source="id-97b22207" target="id-7aa6fe87" xsi:type="Composition" />
    <relationship identifier="bba0848a" source="id-1272e1ab" target="id-1118db4c" xsi:type="Assignment" />
    <relationship identifier="c048d2f5" source="id-1118db4c" target="id-6b3ecb17" xsi:type="Composition" />
    <relationship identifier="id-4c25cc45" source="d785305e" target="id-9ac8fc67" xsi:type="Composition" />
    <relationship identifier="c5c421d4" source="id-7aa6fe87" target="id-2ce1aab1" xsi:type="Access" accessType="Write" />
    <relationship identifier="id-31994a2b" source="id-1272e1ab" target="id-3daaa51c" xsi:type="Assignment" />
    <relationship identifier="id-7c37577a" source="a112836c" target="id-2ce1aab1" xsi:type="Access" accessType="Write" />
    <relationship identifier="id-0a7d635f" source="id-1272e1ab" target="a840b94a" xsi:type="Realization" />
    <relationship identifier="id-0d6b3906" source="id-1272e1ab" target="aff5c846" xsi:type="Serving" />
    <relationship identifier="id-9ed0d63a" source="id-22423687" target="id-3d74c0be" xsi:type="Serving" />
    <relationship identifier="b5833744" source="id-39e16f4f" target="id-875579ab" xsi:type="Composition" />
    <relationship identifier="ac1e8ba0" source="id-875579ab" target="ce171db8" xsi:type="Composition" />
    <relationship identifier="id-941c78fa" source="id-3d74c0be" target="id-39e16f4f" xsi:type="Flow" />
    <relationship identifier="id-9ecf8d8a" source="id-8df90b12" target="id-39e16f4f" xsi:type="Serving" />
    <relationship identifier="e365a190" source="id-3df1c490" target="id-875579ab" xsi:type="Serving" />
    <relationship identifier="c5236a30" source="id-5da79910" target="ce171db8" xsi:type="Serving" />
    <relationship identifier="id-4fe46fe5" source="id-265f513d" target="id-7f7c450f" xsi:type="Serving" />
    <relationship identifier="id-3b32c9e5" source="a840b94a" target="id-7f7c450f" xsi:type="Serving" />
    <relationship identifier="id-16199de9" source="id-5245d9ca" target="id-313fd5ef" xsi:type="Serving">
      <name>aggregte use iterator</name>
    </relationship>
    <relationship identifier="id-888250e5" source="id-9912acc6" target="id-5245d9ca" xsi:type="Serving">
      <name>iterator has a link</name>
    </relationship>
    <relationship identifier="id-3c8c068c" source="a840b94a" target="f18a18bd" xsi:type="Access" accessType="Write" />
    <relationship identifier="id-6a3855ba" source="id-5245d9ca" target="id-29724a65" xsi:type="Access" accessType="Write" />
    <relationship identifier="id-16e05a7c" source="id-5245d9ca" target="id-9076dac3" xsi:type="Access" accessType="Write" />
    <relationship identifier="d71c8c11" source="id-1272e1ab" target="id-9a1b2f27" xsi:type="Access" accessType="Write" />
    <relationship identifier="id-05a20e82" source="id-1272e1ab" target="id-2ce1aab1" xsi:type="Access" accessType="Write" />
    <relationship identifier="id-469252fc" source="id-22423687" target="a840b94a" xsi:type="Flow">
      <name>aggregate use interface iterator</name>
    </relationship>
    <relationship identifier="dafdadb1" source="id-4e17cc0f" target="id-816c1ae9" xsi:type="Composition" />
    <relationship identifier="dcbe5edc" source="f7864475" target="id-5245d9ca" xsi:type="Flow" />
    <relationship identifier="id-6cdad9d8" source="aff5c846" target="id-1272e1ab" xsi:type="Flow" />
    <relationship identifier="b6e434f7" source="id-8df90b12" target="fc182f7f" xsi:type="Flow" />
    <relationship identifier="id-6c02bbb0" source="id-3df1c490" target="id-3130837a" xsi:type="Flow" />
    <relationship identifier="e290626b" source="id-5da79910" target="id-1bbe1ae5" xsi:type="Flow" />
  </relationships>
  <views>
    <diagrams>
      <view identifier="id-5b004a8e" xsi:type="Diagram">
        <name>iter</name>
        <node identifier="id-53e97825" x="715" y="231" w="1351" h="249" xsi:type="Container">
          <label>programm</label>
          <style>
            <fillColor r="210" g="215" b="215" a="100" />
            <lineColor r="92" g="92" b="92" a="100" />
            <font name="Lucida Grande" size="12">
              <color r="0" g="0" b="0" />
            </font>
          </style>
          <node identifier="id-72767037" elementRef="id-3d74c0be" xsi:type="Element" x="1025" y="291" w="210" h="140">
            <style>
              <fillColor r="181" g="255" b="255" a="100" />
              <lineColor r="92" g="92" b="92" a="100" />
              <font name="Lucida Grande" size="12">
                <color r="0" g="0" b="0" />
              </font>
            </style>
          </node>
          <node identifier="id-7a9ac6ab" elementRef="id-39e16f4f" xsi:type="Element" x="1615" y="291" w="210" h="140">
            <style>
              <fillColor r="181" g="255" b="255" a="100" />
              <lineColor r="92" g="92" b="92" a="100" />
              <font name="Lucida Grande" size="12">
                <color r="0" g="0" b="0" />
              </font>
            </style>
            <node identifier="d7de0c86" elementRef="id-875579ab" xsi:type="Element" x="1665" y="321" w="160" h="100">
              <style>
                <fillColor r="181" g="255" b="255" a="100" />
                <lineColor r="92" g="92" b="92" a="100" />
                <font name="Lucida Grande" size="12">
                  <color r="0" g="0" b="0" />
                </font>
              </style>
              <node identifier="fef79ca5" elementRef="ce171db8" xsi:type="Element" x="1705" y="351" w="120" h="55">
                <style>
                  <fillColor r="181" g="255" b="255" a="100" />
                  <lineColor r="92" g="92" b="92" a="100" />
                  <font name="Lucida Grande" size="12">
                    <color r="0" g="0" b="0" />
                  </font>
                </style>
              </node>
            </node>
          </node>
          <node identifier="id-4490177e" xsi:type="Label" x="1355" y="261" w="185" h="80">
            <label>traversal algorithm in a separate class</label>
            <style>
              <fillColor r="255" g="255" b="255" a="100" />
              <lineColor r="92" g="92" b="92" a="100" />
              <font name="Lucida Grande" size="12">
                <color r="255" g="0" b="0" />
              </font>
            </style>
          </node>
        </node>
        <node identifier="id-06f7a604" elementRef="a840b94a" xsi:type="Element" x="1426" y="532" w="641" h="386">
          <style>
            <fillColor r="181" g="255" b="255" a="100" />
            <lineColor r="92" g="92" b="92" a="100" />
            <font name="Lucida Grande" size="12">
              <color r="0" g="0" b="0" />
            </font>
          </style>
          <node identifier="fc291581" elementRef="f5277413" xsi:type="Element" x="1686" y="567" w="120" h="55">
            <style>
              <fillColor r="181" g="255" b="255" a="100" />
              <lineColor r="92" g="92" b="92" a="100" />
              <font name="Lucida Grande" size="12">
                <color r="0" g="0" b="0" />
              </font>
            </style>
          </node>
          <node identifier="e00a7a4b" elementRef="a00d26b2" xsi:type="Element" x="1686" y="631" w="120" h="55">
            <style>
              <fillColor r="181" g="255" b="255" a="100" />
              <lineColor r="92" g="92" b="92" a="100" />
              <font name="Lucida Grande" size="12">
                <color r="0" g="0" b="0" />
              </font>
            </style>
          </node>
          <node identifier="dc619206" elementRef="id-8df90b12" xsi:type="Element" x="1686" y="701" w="120" h="55">
            <style>
              <fillColor r="181" g="255" b="255" a="100" />
              <lineColor r="92" g="92" b="92" a="100" />
              <font name="Lucida Grande" size="12">
                <color r="0" g="0" b="0" />
              </font>
            </style>
          </node>
          <node identifier="id-435a1bcd" elementRef="id-3df1c490" xsi:type="Element" x="1686" y="771" w="120" h="55">
            <style>
              <fillColor r="181" g="255" b="255" a="100" />
              <lineColor r="92" g="92" b="92" a="100" />
              <font name="Lucida Grande" size="12">
                <color r="0" g="0" b="0" />
              </font>
            </style>
          </node>
          <node identifier="id-6cd29b7f" elementRef="id-5da79910" xsi:type="Element" x="1686" y="841" w="120" h="55">
            <style>
              <fillColor r="181" g="255" b="255" a="100" />
              <lineColor r="92" g="92" b="92" a="100" />
              <font name="Lucida Grande" size="12">
                <color r="0" g="0" b="0" />
              </font>
            </style>
          </node>
          <node identifier="id-0c262eea" elementRef="f18a18bd" xsi:type="Element" x="1476" y="717" w="120" h="55">
            <style>
              <fillColor r="181" g="255" b="255" a="100" />
              <lineColor r="92" g="92" b="92" a="100" />
              <font name="Lucida Grande" size="12">
                <color r="0" g="0" b="0" />
              </font>
            </style>
          </node>
        </node>
        <node identifier="id-43dd0504" elementRef="id-265f513d" xsi:type="Element" x="716" y="532" w="641" h="386">
          <style>
            <fillColor r="181" g="255" b="255" a="100" />
            <lineColor r="92" g="92" b="92" a="100" />
            <font name="Lucida Grande" size="12">
              <color r="0" g="0" b="0" />
            </font>
          </style>
          <node identifier="id-5effd2bf" elementRef="id-4e17cc0f" xsi:type="Element" x="786" y="567" w="540" h="111">
            <style>
              <fillColor r="181" g="255" b="255" a="100" />
              <lineColor r="92" g="92" b="92" a="100" />
              <font name="Lucida Grande" size="12">
                <color r="0" g="0" b="0" />
              </font>
            </style>
            <node identifier="id-0aec3378" elementRef="id-22423687" xsi:type="Element" x="1086" y="597" w="120" h="55">
              <style>
                <fillColor r="181" g="255" b="255" a="100" />
                <lineColor r="92" g="92" b="92" a="100" />
                <font name="Lucida Grande" size="12">
                  <color r="0" g="0" b="0" />
                </font>
              </style>
            </node>
          </node>
        </node>
        <node identifier="id-3046446b" elementRef="id-9912acc6" xsi:type="Element" x="716" y="957" w="639" h="634">
          <style>
            <fillColor r="181" g="255" b="255" a="100" />
            <lineColor r="92" g="92" b="92" a="100" />
            <font name="Lucida Grande" size="12">
              <color r="0" g="0" b="0" />
            </font>
          </style>
          <node identifier="e5844281" elementRef="id-313fd5ef" xsi:type="Element" x="771" y="1072" w="540" h="111">
            <style>
              <fillColor r="181" g="255" b="255" a="100" />
              <lineColor r="92" g="92" b="92" a="100" />
              <font name="Lucida Grande" size="12">
                <color r="255" g="0" b="0" />
              </font>
            </style>
            <node identifier="id-366d47b4" elementRef="f7864475" xsi:type="Element" x="841" y="1102" w="120" h="55">
              <style>
                <fillColor r="181" g="255" b="255" a="100" />
                <lineColor r="92" g="92" b="92" a="100" />
                <font name="Lucida Grande" size="12">
                  <color r="0" g="0" b="0" />
                </font>
              </style>
            </node>
            <node identifier="id-15dd378f" elementRef="dcc3afe9" xsi:type="Element" x="1061" y="1102" w="120" h="55">
              <style>
                <fillColor r="181" g="255" b="255" a="100" />
                <lineColor r="92" g="92" b="92" a="100" />
                <font name="Lucida Grande" size="12">
                  <color r="0" g="0" b="0" />
                </font>
              </style>
            </node>
          </node>
        </node>
        <node identifier="fea9b004" elementRef="id-5245d9ca" xsi:type="Element" x="1426" y="957" w="639" h="634">
          <style>
            <fillColor r="181" g="255" b="255" a="100" />
            <lineColor r="92" g="92" b="92" a="100" />
            <font name="Lucida Grande" size="12">
              <color r="0" g="0" b="0" />
            </font>
          </style>
          <node identifier="id-0836b2c7" elementRef="id-41032782" xsi:type="Element" x="1681" y="997" w="157" h="101">
            <style>
              <fillColor r="181" g="255" b="255" a="100" />
              <lineColor r="92" g="92" b="92" a="100" />
              <font name="Lucida Grande" size="12">
                <color r="0" g="0" b="0" />
              </font>
            </style>
            <node identifier="id-02fc81e3" elementRef="af2b23f0" xsi:type="Element" x="1711" y="1037" w="108" h="55">
              <style>
                <fillColor r="181" g="255" b="255" a="100" />
                <lineColor r="92" g="92" b="92" a="100" />
                <font name="Lucida Grande" size="12">
                  <color r="0" g="0" b="0" />
                </font>
              </style>
            </node>
          </node>
          <node identifier="id-3bce9600" elementRef="id-8683eaec" xsi:type="Element" x="1681" y="1107" w="157" h="101">
            <style>
              <fillColor r="181" g="255" b="255" a="100" />
              <lineColor r="92" g="92" b="92" a="100" />
              <font name="Lucida Grande" size="12">
                <color r="0" g="0" b="0" />
              </font>
            </style>
            <node identifier="id-1ede2e7e" elementRef="id-9661cd10" xsi:type="Element" x="1701" y="1147" w="120" h="55">
              <style>
                <fillColor r="181" g="255" b="255" a="100" />
                <lineColor r="92" g="92" b="92" a="100" />
                <font name="Lucida Grande" size="12">
                  <color r="0" g="0" b="0" />
                </font>
              </style>
            </node>
          </node>
          <node identifier="e3a661e9" elementRef="fc182f7f" xsi:type="Element" x="1681" y="1231" w="157" h="101">
            <style>
              <fillColor r="181" g="255" b="255" a="100" />
              <lineColor r="92" g="92" b="92" a="100" />
              <font name="Lucida Grande" size="12">
                <color r="0" g="0" b="0" />
              </font>
            </style>
            <node identifier="id-73c106ca" elementRef="id-5ac8cba6" xsi:type="Element" x="1701" y="1271" w="120" h="55">
              <style>
                <fillColor r="181" g="255" b="255" a="100" />
                <lineColor r="92" g="92" b="92" a="100" />
                <font name="Lucida Grande" size="12">
                  <color r="0" g="0" b="0" />
                </font>
              </style>
            </node>
          </node>
          <node identifier="ca2667c2" elementRef="id-3130837a" xsi:type="Element" x="1681" y="1347" w="157" h="101">
            <style>
              <fillColor r="181" g="255" b="255" a="100" />
              <lineColor r="92" g="92" b="92" a="100" />
              <font name="Lucida Grande" size="12">
                <color r="0" g="0" b="0" />
              </font>
            </style>
            <node identifier="id-42e29c80" elementRef="id-5dc648ed" xsi:type="Element" x="1691" y="1387" w="140" h="55">
              <style>
                <fillColor r="181" g="255" b="255" a="100" />
                <lineColor r="92" g="92" b="92" a="100" />
                <font name="Lucida Grande" size="12">
                  <color r="0" g="0" b="0" />
                </font>
              </style>
            </node>
          </node>
          <node identifier="id-19088658" elementRef="id-1bbe1ae5" xsi:type="Element" x="1681" y="1467" w="157" h="101">
            <style>
              <fillColor r="181" g="255" b="255" a="100" />
              <lineColor r="92" g="92" b="92" a="100" />
              <font name="Lucida Grande" size="12">
                <color r="0" g="0" b="0" />
              </font>
            </style>
            <node identifier="id-594f2481" elementRef="ba829b0e" xsi:type="Element" x="1691" y="1507" w="129" h="55">
              <style>
                <fillColor r="181" g="255" b="255" a="100" />
                <lineColor r="92" g="92" b="92" a="100" />
                <font name="Lucida Grande" size="12">
                  <color r="0" g="0" b="0" />
                </font>
              </style>
            </node>
          </node>
          <node identifier="id-165e6e23" elementRef="id-29724a65" xsi:type="Element" x="1476" y="1202" w="120" h="55">
            <style>
              <fillColor r="181" g="255" b="255" a="100" />
              <lineColor r="92" g="92" b="92" a="100" />
              <font name="Lucida Grande" size="12">
                <color r="0" g="0" b="0" />
              </font>
            </style>
          </node>
          <node identifier="id-2ea4c309" elementRef="id-9076dac3" xsi:type="Element" x="1896" y="1202" w="120" h="55">
            <style>
              <fillColor r="181" g="255" b="255" a="100" />
              <lineColor r="92" g="92" b="92" a="100" />
              <font name="Lucida Grande" size="12">
                <color r="0" g="0" b="0" />
              </font>
            </style>
          </node>
        </node>
        <node identifier="id-998c0c05" elementRef="id-2739bdf6" xsi:type="Element" x="716" y="1640" w="639" h="634">
          <style>
            <fillColor r="181" g="255" b="255" a="100" />
            <lineColor r="92" g="92" b="92" a="100" />
            <font name="Lucida Grande" size="12">
              <color r="0" g="0" b="0" />
            </font>
          </style>
          <node identifier="f6fa02d7" elementRef="id-6cbab361" xsi:type="Element" x="756" y="1745" w="540" h="111">
            <style>
              <fillColor r="181" g="255" b="255" a="100" />
              <lineColor r="92" g="92" b="92" a="100" />
              <font name="Lucida Grande" size="12">
                <color r="255" g="0" b="0" />
              </font>
            </style>
            <node identifier="id-3d1a7eda" elementRef="aff5c846" xsi:type="Element" x="816" y="1775" w="120" h="55">
              <style>
                <fillColor r="181" g="255" b="255" a="100" />
                <lineColor r="92" g="92" b="92" a="100" />
                <font name="Lucida Grande" size="12">
                  <color r="0" g="0" b="0" />
                </font>
              </style>
            </node>
            <node identifier="id-0e4a794d" elementRef="id-6ce034fa" xsi:type="Element" x="1056" y="1785" w="120" h="55">
              <style>
                <fillColor r="181" g="255" b="255" a="100" />
                <lineColor r="92" g="92" b="92" a="100" />
                <font name="Lucida Grande" size="12">
                  <color r="0" g="0" b="0" />
                </font>
              </style>
            </node>
          </node>
        </node>
        <node identifier="id-3c161094" elementRef="id-1272e1ab" xsi:type="Element" x="1426" y="1640" w="639" h="634">
          <style>
            <fillColor r="181" g="255" b="255" a="100" />
            <lineColor r="92" g="92" b="92" a="100" />
            <font name="Lucida Grande" size="12">
              <color r="0" g="0" b="0" />
            </font>
          </style>
          <node identifier="id-8e83b8fa" elementRef="d785305e" xsi:type="Element" x="1666" y="1685" w="157" h="101">
            <style>
              <fillColor r="181" g="255" b="255" a="100" />
              <lineColor r="92" g="92" b="92" a="100" />
              <font name="Lucida Grande" size="12">
                <color r="0" g="0" b="0" />
              </font>
            </style>
            <node identifier="c3ad035f" elementRef="id-9ac8fc67" xsi:type="Element" x="1686" y="1725" w="120" h="55">
              <style>
                <fillColor r="181" g="255" b="255" a="100" />
                <lineColor r="92" g="92" b="92" a="100" />
                <font name="Lucida Grande" size="12">
                  <color r="0" g="0" b="0" />
                </font>
              </style>
            </node>
          </node>
          <node identifier="dc18107e" elementRef="id-024b800e" xsi:type="Element" x="1666" y="1795" w="157" h="101">
            <style>
              <fillColor r="181" g="255" b="255" a="100" />
              <lineColor r="92" g="92" b="92" a="100" />
              <font name="Lucida Grande" size="12">
                <color r="0" g="0" b="0" />
              </font>
            </style>
            <node identifier="id-571306f2" elementRef="id-54b1354b" xsi:type="Element" x="1686" y="1835" w="120" h="55">
              <style>
                <fillColor r="181" g="255" b="255" a="100" />
                <lineColor r="92" g="92" b="92" a="100" />
                <font name="Lucida Grande" size="12">
                  <color r="0" g="0" b="0" />
                </font>
              </style>
            </node>
          </node>
          <node identifier="b3df84b3" elementRef="id-97b22207" xsi:type="Element" x="1666" y="1919" w="157" h="101">
            <style>
              <fillColor r="181" g="255" b="255" a="100" />
              <lineColor r="92" g="92" b="92" a="100" />
              <font name="Lucida Grande" size="12">
                <color r="0" g="0" b="0" />
              </font>
            </style>
            <node identifier="id-3ef36d80" elementRef="id-7aa6fe87" xsi:type="Element" x="1686" y="1959" w="120" h="55">
              <style>
                <fillColor r="181" g="255" b="255" a="100" />
                <lineColor r="92" g="92" b="92" a="100" />
                <font name="Lucida Grande" size="12">
                  <color r="0" g="0" b="0" />
                </font>
              </style>
            </node>
          </node>
          <node identifier="id-39527537" elementRef="id-1118db4c" xsi:type="Element" x="1666" y="2035" w="157" h="101">
            <style>
              <fillColor r="181" g="255" b="255" a="100" />
              <lineColor r="92" g="92" b="92" a="100" />
              <font name="Lucida Grande" size="12">
                <color r="0" g="0" b="0" />
              </font>
            </style>
            <node identifier="b56912c6" elementRef="id-6b3ecb17" xsi:type="Element" x="1676" y="2075" w="140" h="55">
              <style>
                <fillColor r="181" g="255" b="255" a="100" />
                <lineColor r="92" g="92" b="92" a="100" />
                <font name="Lucida Grande" size="12">
                  <color r="0" g="0" b="0" />
                </font>
              </style>
            </node>
          </node>
          <node identifier="deda9844" elementRef="id-3daaa51c" xsi:type="Element" x="1666" y="2155" w="157" h="101">
            <style>
              <fillColor r="181" g="255" b="255" a="100" />
              <lineColor r="92" g="92" b="92" a="100" />
              <font name="Lucida Grande" size="12">
                <color r="0" g="0" b="0" />
              </font>
            </style>
            <node identifier="id-696d11a8" elementRef="a112836c" xsi:type="Element" x="1676" y="2195" w="129" h="55">
              <style>
                <fillColor r="181" g="255" b="255" a="100" />
                <lineColor r="92" g="92" b="92" a="100" />
                <font name="Lucida Grande" size="12">
                  <color r="0" g="0" b="0" />
                </font>
              </style>
            </node>
          </node>
          <node identifier="id-192ccdc8" elementRef="id-9a1b2f27" xsi:type="Element" x="1486" y="1885" w="120" h="55">
            <style>
              <fillColor r="181" g="255" b="255" a="100" />
              <lineColor r="92" g="92" b="92" a="100" />
              <font name="Lucida Grande" size="12">
                <color r="0" g="0" b="0" />
              </font>
            </style>
          </node>
          <node identifier="id-73d871ec" elementRef="id-2ce1aab1" xsi:type="Element" x="1886" y="1885" w="120" h="55">
            <style>
              <fillColor r="181" g="255" b="255" a="100" />
              <lineColor r="92" g="92" b="92" a="100" />
              <font name="Lucida Grande" size="12">
                <color r="0" g="0" b="0" />
              </font>
            </style>
          </node>
        </node>
        <connection identifier="id-5c3541b9" relationshipRef="id-941c78fa" xsi:type="Relationship" source="id-72767037" target="id-7a9ac6ab">
          <style>
            <lineColor r="0" g="0" b="0" />
            <font name="Lucida Grande" size="12">
              <color r="0" g="0" b="0" />
            </font>
          </style>
        </connection>
        <connection identifier="d0819718" relationshipRef="id-48390a37" xsi:type="Relationship" source="fc291581" target="id-0c262eea">
          <style>
            <lineColor r="0" g="0" b="0" />
            <font name="Lucida Grande" size="12">
              <color r="0" g="0" b="0" />
            </font>
          </style>
        </connection>
        <connection identifier="e8c3a599" relationshipRef="id-9ecf8d8a" xsi:type="Relationship" source="dc619206" target="id-7a9ac6ab">
          <style>
            <lineColor r="255" g="0" b="0" />
            <font name="Lucida Grande" size="12">
              <color r="0" g="0" b="0" />
            </font>
          </style>
          <bendpoint x="1700" y="569" />
        </connection>
        <connection identifier="ff29017a" relationshipRef="b6e434f7" xsi:type="Relationship" source="dc619206" target="e3a661e9">
          <style>
            <lineColor r="255" g="0" b="0" />
            <font name="Lucida Grande" size="12">
              <color r="0" g="0" b="0" />
            </font>
          </style>
          <bendpoint x="1701" y="989" />
        </connection>
        <connection identifier="id-32c06589" relationshipRef="e365a190" xsi:type="Relationship" source="id-435a1bcd" target="d7de0c86">
          <style>
            <lineColor r="255" g="0" b="0" />
            <font name="Lucida Grande" size="12">
              <color r="0" g="0" b="0" />
            </font>
          </style>
        </connection>
        <connection identifier="id-988a1fb2" relationshipRef="id-6c02bbb0" xsi:type="Relationship" source="id-435a1bcd" target="ca2667c2">
          <style>
            <lineColor r="255" g="0" b="0" />
            <font name="Lucida Grande" size="12">
              <color r="0" g="0" b="0" />
            </font>
          </style>
        </connection>
        <connection identifier="id-51644bfe" relationshipRef="c5236a30" xsi:type="Relationship" source="id-6cd29b7f" target="fef79ca5">
          <style>
            <lineColor r="255" g="0" b="0" />
            <font name="Lucida Grande" size="12">
              <color r="0" g="0" b="0" />
            </font>
          </style>
          <bendpoint x="1781" y="620" />
        </connection>
        <connection identifier="id-20c5d261" relationshipRef="e290626b" xsi:type="Relationship" source="id-6cd29b7f" target="id-19088658">
          <style>
            <lineColor r="255" g="0" b="0" />
            <font name="Lucida Grande" size="12">
              <color r="0" g="0" b="0" />
            </font>
          </style>
          <bendpoint x="1781" y="1184" />
        </connection>
        <connection identifier="id-7bfb92ab" relationshipRef="id-1700ad41" xsi:type="Relationship" source="id-43dd0504" target="id-0c262eea">
          <style>
            <lineColor r="0" g="128" b="0" />
            <font name="Lucida Grande" size="12">
              <color r="0" g="128" b="64" />
            </font>
          </style>
        </connection>
        <connection identifier="bd9adc22" relationshipRef="id-9ed0d63a" xsi:type="Relationship" source="id-0aec3378" target="id-72767037">
          <style>
            <lineColor r="0" g="0" b="0" />
            <font name="Lucida Grande" size="12">
              <color r="0" g="0" b="0" />
            </font>
          </style>
          <bendpoint x="1128" y="493" />
        </connection>
        <connection identifier="aefbbe8c" relationshipRef="id-469252fc" xsi:type="Relationship" source="id-0aec3378" target="id-06f7a604">
          <style>
            <lineColor r="0" g="0" b="0" />
            <font name="Lucida Grande" size="12">
              <color r="0" g="0" b="0" />
            </font>
          </style>
        </connection>
        <connection identifier="id-349aa20b" relationshipRef="id-47287201" xsi:type="Relationship" source="id-3046446b" target="id-43dd0504">
          <style>
            <lineColor r="0" g="0" b="255" />
            <font name="Lucida Grande" size="12">
              <color r="0" g="0" b="0" />
            </font>
          </style>
          <bendpoint x="789" y="935" />
        </connection>
        <connection identifier="id-37f591f3" relationshipRef="id-37991f78" xsi:type="Relationship" source="id-366d47b4" target="id-15dd378f">
          <style>
            <lineColor r="0" g="0" b="0" />
            <font name="Lucida Grande" size="12">
              <color r="0" g="0" b="0" />
            </font>
          </style>
        </connection>
        <connection identifier="id-67293056" relationshipRef="dcbe5edc" xsi:type="Relationship" source="id-366d47b4" target="fea9b004">
          <style>
            <lineColor r="0" g="0" b="0" />
            <font name="Lucida Grande" size="12">
              <color r="0" g="0" b="0" />
            </font>
          </style>
          <bendpoint x="1195" y="1145" />
        </connection>
        <connection identifier="id-997c7383" relationshipRef="ecc948d3" xsi:type="Relationship" source="fea9b004" target="id-06f7a604">
          <style>
            <lineColor r="0" g="0" b="255" />
            <font name="Lucida Grande" size="12">
              <color r="0" g="0" b="0" />
            </font>
          </style>
          <bendpoint x="1495" y="941" />
        </connection>
        <connection identifier="a3192380" relationshipRef="id-52b40476" xsi:type="Relationship" source="id-02fc81e3" target="id-165e6e23">
          <style>
            <lineColor r="0" g="0" b="0" />
            <font name="Lucida Grande" size="12">
              <color r="0" g="0" b="0" />
            </font>
          </style>
        </connection>
        <connection identifier="id-5f544207" relationshipRef="id-4d142de5" xsi:type="Relationship" source="id-1ede2e7e" target="id-2ea4c309">
          <style>
            <lineColor r="0" g="0" b="0" />
            <font name="Lucida Grande" size="12">
              <color r="0" g="0" b="0" />
            </font>
          </style>
        </connection>
        <connection identifier="ee780f32" relationshipRef="id-0c89b5b9" xsi:type="Relationship" source="id-73c106ca" target="id-2ea4c309">
          <style>
            <lineColor r="255" g="0" b="0" />
            <font name="Lucida Grande" size="12">
              <color r="0" g="0" b="0" />
            </font>
          </style>
        </connection>
        <connection identifier="be6f59a5" relationshipRef="b8d0a023" xsi:type="Relationship" source="id-42e29c80" target="id-165e6e23">
          <style>
            <lineColor r="0" g="0" b="0" />
            <font name="Lucida Grande" size="12">
              <color r="0" g="0" b="0" />
            </font>
          </style>
        </connection>
        <connection identifier="id-0b0ed3b5" relationshipRef="id-4d302c21" xsi:type="Relationship" source="id-42e29c80" target="id-2ea4c309">
          <style>
            <lineColor r="255" g="0" b="0" />
            <font name="Lucida Grande" size="12">
              <color r="0" g="0" b="0" />
            </font>
          </style>
        </connection>
        <connection identifier="id-2299c625" relationshipRef="id-09ffc863" xsi:type="Relationship" source="id-594f2481" target="id-2ea4c309">
          <style>
            <lineColor r="255" g="0" b="0" />
            <font name="Lucida Grande" size="12">
              <color r="0" g="0" b="0" />
            </font>
          </style>
        </connection>
        <connection identifier="id-2cf417ad" relationshipRef="id-7e800b33" xsi:type="Relationship" source="id-594f2481" target="id-165e6e23">
          <style>
            <lineColor r="0" g="0" b="0" />
            <font name="Lucida Grande" size="12">
              <color r="0" g="0" b="0" />
            </font>
          </style>
        </connection>
        <connection identifier="e8b52b84" relationshipRef="e08c7363" xsi:type="Relationship" source="id-998c0c05" target="id-43dd0504">
          <style>
            <lineColor r="0" g="0" b="255" />
            <font name="Lucida Grande" size="12">
              <color r="0" g="0" b="0" />
            </font>
          </style>
          <bendpoint x="749" y="1250" />
        </connection>
        <connection identifier="id-40d5032c" relationshipRef="b6315259" xsi:type="Relationship" source="id-3d1a7eda" target="id-0e4a794d">
          <style>
            <lineColor r="0" g="0" b="0" />
            <font name="Lucida Grande" size="12">
              <color r="0" g="0" b="0" />
            </font>
          </style>
        </connection>
        <connection identifier="d0374e58" relationshipRef="id-6cdad9d8" xsi:type="Relationship" source="id-3d1a7eda" target="id-3c161094">
          <style>
            <lineColor r="0" g="0" b="0" />
            <font name="Lucida Grande" size="12">
              <color r="0" g="0" b="0" />
            </font>
          </style>
          <bendpoint x="1180" y="1815" />
        </connection>
        <connection identifier="bc6ff24e" relationshipRef="id-0a7d635f" xsi:type="Relationship" source="id-3c161094" target="id-06f7a604">
          <style>
            <lineColor r="0" g="0" b="255" />
            <font name="Lucida Grande" size="12">
              <color r="0" g="0" b="0" />
            </font>
          </style>
          <bendpoint x="1455" y="1270" />
        </connection>
        <connection identifier="id-0fd072e8" relationshipRef="id-4debd6fd" xsi:type="Relationship" source="c3ad035f" target="id-192ccdc8">
          <style>
            <lineColor r="0" g="0" b="0" />
            <font name="Lucida Grande" size="12">
              <color r="0" g="0" b="0" />
            </font>
          </style>
        </connection>
        <connection identifier="id-3a919325" relationshipRef="ef2ad925" xsi:type="Relationship" source="id-571306f2" target="id-73d871ec">
          <style>
            <lineColor r="0" g="0" b="0" />
            <font name="Lucida Grande" size="12">
              <color r="0" g="0" b="0" />
            </font>
          </style>
        </connection>
        <connection identifier="f8b0c252" relationshipRef="c5c421d4" xsi:type="Relationship" source="id-3ef36d80" target="id-73d871ec">
          <style>
            <lineColor r="0" g="0" b="0" />
            <font name="Lucida Grande" size="12">
              <color r="0" g="0" b="0" />
            </font>
          </style>
        </connection>
        <connection identifier="id-310830c6" relationshipRef="c63064fa" xsi:type="Relationship" source="b56912c6" target="id-73d871ec">
          <style>
            <lineColor r="0" g="0" b="0" />
            <font name="Lucida Grande" size="12">
              <color r="0" g="0" b="0" />
            </font>
          </style>
        </connection>
        <connection identifier="f0af3753" relationshipRef="id-61bb2cfc" xsi:type="Relationship" source="b56912c6" target="id-192ccdc8">
          <style>
            <lineColor r="0" g="0" b="0" />
            <font name="Lucida Grande" size="12">
              <color r="0" g="0" b="0" />
            </font>
          </style>
        </connection>
        <connection identifier="id-015e2d07" relationshipRef="id-5c571135" xsi:type="Relationship" source="id-696d11a8" target="id-192ccdc8">
          <style>
            <lineColor r="0" g="0" b="0" />
            <font name="Lucida Grande" size="12">
              <color r="0" g="0" b="0" />
            </font>
          </style>
        </connection>
        <connection identifier="id-3d63e06c" relationshipRef="id-7c37577a" xsi:type="Relationship" source="id-696d11a8" target="id-73d871ec">
          <style>
            <lineColor r="0" g="0" b="0" />
            <font name="Lucida Grande" size="12">
              <color r="0" g="0" b="0" />
            </font>
          </style>
        </connection>
      </view>
      <view identifier="id-6e7565ec" xsi:type="Diagram">
        <name>uml</name>
        <node identifier="e91c44bc" x="715" y="231" w="1351" h="249" xsi:type="Container">
          <label>programm</label>
          <style>
            <fillColor r="210" g="215" b="215" a="100" />
            <lineColor r="92" g="92" b="92" a="100" />
            <font name="Lucida Grande" size="12">
              <color r="0" g="0" b="0" />
            </font>
          </style>
          <node identifier="c1442747" elementRef="id-7f7c450f" xsi:type="Element" x="1165" y="321" w="120" h="55">
            <style>
              <fillColor r="181" g="255" b="255" a="100" />
              <lineColor r="92" g="92" b="92" a="100" />
              <font name="Lucida Grande" size="12">
                <color r="0" g="0" b="0" />
              </font>
            </style>
          </node>
        </node>
        <node identifier="c8125ec6" x="716" y="532" w="641" h="386" xsi:type="Container">
          <label>interface aggregate</label>
          <documentation>алгоритм работы зашит в отдельном классе</documentation>
          <style>
            <fillColor r="210" g="215" b="215" a="100" />
            <lineColor r="92" g="92" b="92" a="100" />
            <font name="Lucida Grande" size="12">
              <color r="0" g="0" b="0" />
            </font>
          </style>
          <node identifier="bfa7d92e" elementRef="id-4e17cc0f" xsi:type="Element" x="796" y="652" w="540" h="111">
            <style>
              <fillColor r="181" g="255" b="255" a="100" />
              <lineColor r="92" g="92" b="92" a="100" />
              <font name="Lucida Grande" size="12">
                <color r="0" g="0" b="0" />
              </font>
            </style>
          </node>
          <node identifier="a202a14e" elementRef="id-265f513d" xsi:type="Element" x="736" y="572" w="120" h="55">
            <style>
              <fillColor r="181" g="255" b="255" a="100" />
              <lineColor r="92" g="92" b="92" a="100" />
              <font name="Lucida Grande" size="12">
                <color r="0" g="0" b="0" />
              </font>
            </style>
          </node>
        </node>
        <node identifier="a9251845" x="718" y="957" w="639" h="634" xsi:type="Container">
          <label>subclass concrete aggregate A</label>
          <style>
            <fillColor r="210" g="215" b="215" a="100" />
            <lineColor r="92" g="92" b="92" a="100" />
            <font name="Lucida Grande" size="12">
              <color r="0" g="0" b="0" />
            </font>
          </style>
          <node identifier="id-7eb3aca8" elementRef="id-9912acc6" xsi:type="Element" x="728" y="997" w="120" h="55">
            <style>
              <fillColor r="181" g="255" b="255" a="100" />
              <lineColor r="92" g="92" b="92" a="100" />
              <font name="Lucida Grande" size="12">
                <color r="0" g="0" b="0" />
              </font>
            </style>
          </node>
          <node identifier="id-3b3509ab" elementRef="id-313fd5ef" xsi:type="Element" x="798" y="1077" w="540" h="111">
            <style>
              <fillColor r="181" g="255" b="255" a="100" />
              <lineColor r="92" g="92" b="92" a="100" />
              <font name="Lucida Grande" size="12">
                <color r="255" g="0" b="0" />
              </font>
            </style>
            <node identifier="id-3bb5b039" xsi:type="Label" x="938" y="1112" w="225" h="66">
              <label>return new Concrete Iterator (this)</label>
              <style>
                <fillColor r="255" g="255" b="255" a="100" />
                <lineColor r="92" g="92" b="92" a="100" />
                <font name="Lucida Grande" size="12">
                  <color r="255" g="0" b="0" />
                </font>
              </style>
            </node>
          </node>
        </node>
        <node identifier="id-1f247c4f" x="1426" y="957" w="639" h="634" xsi:type="Container">
          <label>subclass product A</label>
          <style>
            <fillColor r="210" g="215" b="215" a="100" />
            <lineColor r="92" g="92" b="92" a="100" />
            <font name="Lucida Grande" size="12">
              <color r="0" g="0" b="0" />
            </font>
          </style>
          <node identifier="id-59872a37" elementRef="id-5245d9ca" xsi:type="Element" x="1446" y="997" w="120" h="55">
            <style>
              <fillColor r="181" g="255" b="255" a="100" />
              <lineColor r="92" g="92" b="92" a="100" />
              <font name="Lucida Grande" size="12">
                <color r="0" g="0" b="0" />
              </font>
            </style>
          </node>
        </node>
        <node identifier="id-7bd94e93" x="1426" y="532" w="641" h="386" xsi:type="Container">
          <label>interface iterator</label>
          <style>
            <fillColor r="210" g="215" b="215" a="100" />
            <lineColor r="92" g="92" b="92" a="100" />
            <font name="Lucida Grande" size="12">
              <color r="0" g="0" b="0" />
            </font>
          </style>
          <node identifier="id-9ab5fa6e" elementRef="a840b94a" xsi:type="Element" x="1446" y="568" w="120" h="55">
            <style>
              <fillColor r="181" g="255" b="255" a="100" />
              <lineColor r="92" g="92" b="92" a="100" />
              <font name="Lucida Grande" size="12">
                <color r="0" g="0" b="0" />
              </font>
            </style>
          </node>
          <node identifier="b5a9d795" elementRef="a00d26b2" xsi:type="Element" x="1686" y="632" w="120" h="55">
            <style>
              <fillColor r="181" g="255" b="255" a="100" />
              <lineColor r="92" g="92" b="92" a="100" />
              <font name="Lucida Grande" size="12">
                <color r="0" g="0" b="0" />
              </font>
            </style>
          </node>
          <node identifier="bdc2ad08" elementRef="id-8df90b12" xsi:type="Element" x="1686" y="702" w="120" h="55">
            <style>
              <fillColor r="181" g="255" b="255" a="100" />
              <lineColor r="92" g="92" b="92" a="100" />
              <font name="Lucida Grande" size="12">
                <color r="0" g="0" b="0" />
              </font>
            </style>
          </node>
          <node identifier="e0584af4" elementRef="id-3df1c490" xsi:type="Element" x="1686" y="772" w="120" h="55">
            <style>
              <fillColor r="181" g="255" b="255" a="100" />
              <lineColor r="92" g="92" b="92" a="100" />
              <font name="Lucida Grande" size="12">
                <color r="0" g="0" b="0" />
              </font>
            </style>
          </node>
          <node identifier="id-16307956" elementRef="id-5da79910" xsi:type="Element" x="1686" y="842" w="120" h="55">
            <style>
              <fillColor r="181" g="255" b="255" a="100" />
              <lineColor r="92" g="92" b="92" a="100" />
              <font name="Lucida Grande" size="12">
                <color r="0" g="0" b="0" />
              </font>
            </style>
          </node>
        </node>
        <connection identifier="a17c7f32" relationshipRef="id-2f467422" xsi:type="Relationship" source="a202a14e" target="bfa7d92e">
          <style>
            <lineColor r="0" g="0" b="0" />
            <font name="Lucida Grande" size="12">
              <color r="0" g="0" b="0" />
            </font>
          </style>
        </connection>
        <connection identifier="id-22b839f9" relationshipRef="id-4fe46fe5" xsi:type="Relationship" source="a202a14e" target="c1442747">
          <style>
            <lineColor r="255" g="0" b="0" />
            <font name="Lucida Grande" size="12">
              <color r="0" g="0" b="0" />
            </font>
          </style>
        </connection>
        <connection identifier="f1d0a864" relationshipRef="id-68af1099" xsi:type="Relationship" source="id-7eb3aca8" target="id-3b3509ab">
          <style>
            <lineColor r="0" g="0" b="0" />
            <font name="Lucida Grande" size="12">
              <color r="0" g="0" b="0" />
            </font>
          </style>
        </connection>
        <connection identifier="eec60179" relationshipRef="id-47287201" xsi:type="Relationship" source="id-7eb3aca8" target="a202a14e">
          <style>
            <lineColor r="0" g="0" b="0" />
            <font name="Lucida Grande" size="12">
              <color r="0" g="0" b="0" />
            </font>
          </style>
          <bendpoint x="769" y="809" />
        </connection>
        <connection identifier="d6056baa" relationshipRef="id-888250e5" xsi:type="Relationship" source="id-7eb3aca8" target="id-59872a37">
          <style>
            <lineColor r="255" g="0" b="0" />
            <font name="Lucida Grande" size="12">
              <color r="255" g="0" b="0" />
            </font>
          </style>
          <bendpoint x="1140" y="1010" />
        </connection>
        <connection identifier="id-65bdc164" relationshipRef="ecc948d3" xsi:type="Relationship" source="id-59872a37" target="id-9ab5fa6e">
          <style>
            <lineColor r="0" g="0" b="0" />
            <font name="Lucida Grande" size="12">
              <color r="0" g="0" b="0" />
            </font>
          </style>
        </connection>
        <connection identifier="dd201ca5" relationshipRef="id-16199de9" xsi:type="Relationship" source="id-59872a37" target="id-3b3509ab">
          <style>
            <lineColor r="255" g="0" b="0" />
            <font name="Lucida Grande" size="12">
              <color r="255" g="0" b="0" />
            </font>
          </style>
        </connection>
        <connection identifier="id-0d789c2d" relationshipRef="id-9e1e49fd" xsi:type="Relationship" source="id-9ab5fa6e" target="b5a9d795">
          <style>
            <lineColor r="0" g="0" b="0" />
            <font name="Lucida Grande" size="12">
              <color r="0" g="0" b="0" />
            </font>
          </style>
        </connection>
        <connection identifier="id-50d90b26" relationshipRef="f3080808" xsi:type="Relationship" source="id-9ab5fa6e" target="bdc2ad08">
          <style>
            <lineColor r="0" g="0" b="0" />
            <font name="Lucida Grande" size="12">
              <color r="0" g="0" b="0" />
            </font>
          </style>
        </connection>
        <connection identifier="id-989bc178" relationshipRef="id-457bcd99" xsi:type="Relationship" source="id-9ab5fa6e" target="e0584af4">
          <style>
            <lineColor r="0" g="0" b="0" />
            <font name="Lucida Grande" size="12">
              <color r="0" g="0" b="0" />
            </font>
          </style>
        </connection>
        <connection identifier="f4668639" relationshipRef="id-501b7027" xsi:type="Relationship" source="id-9ab5fa6e" target="id-16307956">
          <style>
            <lineColor r="0" g="0" b="0" />
            <font name="Lucida Grande" size="12">
              <color r="0" g="0" b="0" />
            </font>
          </style>
        </connection>
        <connection identifier="id-7f205ac8" relationshipRef="id-3b32c9e5" xsi:type="Relationship" source="id-9ab5fa6e" target="c1442747">
          <style>
            <lineColor r="255" g="0" b="0" />
            <font name="Lucida Grande" size="12">
              <color r="0" g="0" b="0" />
            </font>
          </style>
        </connection>
      </view>
    </diagrams>
  </views>
</model>
