{"identifier":"https://me.big.tuwien.ac.at/EAModelSet/0abc7d0a-a7c0-42ac-b494-81ca452966f5","archimateId":"0abc7d0a-a7c0-42ac-b494-81ca452966f5","name":"PaladinFutureDesign","description":"","formats":["XML","CSV","JSON","ARCHIMATE"],"source":"GitHub","sourceFile":"raw-data/github/archimate/paladindesign.archimate","sourceFormat":"ARCHIMATE","timestamp":"29-06-2023 09:31:00","tags":[],"duplicates":[],"language":"en","elements":[{"id":"9b40bca6-5e3c-4b83-9821-49f7696c04f3","name":"Software Project Management","type":"Capability","layer":"strategy"},{"id":"30162cc4-a6fa-4142-a9b6-4082ce9fb183","name":"Manage Software Project","type":"CourseOfAction","layer":"strategy"},{"id":"fe5e8c34-1a3f-4e79-82b6-fa3209e39fcd","name":"Build Release","type":"BusinessFunction","layer":"business"},{"id":"b59929ec-46f3-4ab9-8c09-f22c59fb0590","name":"Compile & Link","type":"BusinessFunction","layer":"business"},{"id":"50a057a7-7d86-4900-ab6e-4541cc65b1d5","name":"Create Package","type":"BusinessFunction","layer":"business"},{"id":"d6e76a05-44e4-4bd1-ac1e-a151aba2c341","name":"Create Software Module","type":"BusinessFunction","layer":"business"},{"id":"854f8db9-034f-4f27-8208-ec7fa4489bd6","name":"Debug Module","type":"BusinessFunction","layer":"business"},{"id":"7714e958-c467-402c-9fae-27b01b3d4827","name":"Document Module","type":"BusinessFunction","layer":"business"},{"id":"aa252c13-03b0-4bd7-a67b-d83a544beefb","name":"Publish Package","type":"BusinessFunction","layer":"business"},{"id":"cf350c26-55f7-48cc-93b5-4afa67909382","name":"Publish Release","type":"BusinessFunction","layer":"business"},{"id":"ca860617-0666-4796-a934-cbfa6a8e28b7","name":"Test Module","type":"BusinessFunction","layer":"business"},{"id":"d2ee8862-ed55-420b-8411-af8a00a6a19d","name":"Translate Language","type":"BusinessFunction","layer":"business"},{"id":"c3043b48-5401-4496-92b5-d29d7f8099ee","name":"Write Code","type":"BusinessFunction","layer":"business"},{"id":"16436c81-25a7-49d8-adc9-93b6a064e8d2","name":"Create Code From Template","type":"BusinessFunction","layer":"business"},{"id":"526deb41-cd0b-40e3-9bc3-2d2f25f6dc6a","name":"Consumer","type":"BusinessActor","layer":"business"},{"id":"850e1d9c-55d0-41f8-b064-848764e39193","name":"Documentation Writer","type":"BusinessActor","layer":"business"},{"id":"4e3ce71d-0961-41d2-9a0f-4889fa9cd364","name":"Release Manager","type":"BusinessActor","layer":"business"},{"id":"73044be9-961a-41ff-8bed-ae8b83497c11","name":"Software Developer","type":"BusinessActor","layer":"business"},{"id":"153b4acb-d4c3-4dc3-af61-0631fd86e5cc","name":"Tester","type":"BusinessActor","layer":"business"},{"id":"a26bfebc-2ede-4a8e-b77b-385aa9246375","name":"Translator","type":"BusinessActor","layer":"business"},{"id":"38d95735-b5f5-4359-b66c-e8508f939e31","name":"Software Project Team","type":"BusinessCollaboration","layer":"business"},{"id":"e0ae913d-3c6f-4818-bac4-e33e31e8b1c0","name":"Development Cycle","type":"BusinessProcess","layer":"business"},{"id":"51d99410-54bb-4239-a666-f72d30b4b8e4","name":"Paladin","type":"ApplicationComponent","layer":"application"},{"id":"923671de-5ad6-4ee1-8016-f7d4fd4a9663","name":"Code Editor","type":"ApplicationComponent","layer":"application"},{"id":"60ecbd36-14c7-430a-86d0-edffafd98e71","name":"Paladin Project Manager","type":"ApplicationComponent","layer":"application"},{"id":"52af82a8-a214-4226-8a4c-e7a7def564e1","name":"Paladin Main App","type":"ApplicationComponent","layer":"application"},{"id":"b48a2fd7-a34a-400e-9056-dea5eabb0734","name":"Paladin Shell","type":"ApplicationComponent","layer":"application"},{"id":"c62cc1e0-8e80-406d-b879-7b0f4be36dba","name":"Paladin Source Control","type":"ApplicationComponent","layer":"application"},{"id":"1bd7eabc-dbe5-43a7-989d-56c23b686d97","name":"Paladin Build Manager","type":"ApplicationComponent","layer":"application"},{"id":"3e1d3a70-f7d9-4baa-bbd1-c5e0ad634970","name":"Editor File Window","type":"ApplicationComponent","layer":"application"},{"id":"8d6f1a6a-7936-49a8-95bd-007ac4881999","name":"Paladin Template Manager","type":"ApplicationComponent","layer":"application"},{"id":"9f50b2fc-bfea-4eea-aaf1-9dc5555188ad","name":"Debugger","type":"ApplicationComponent","layer":"application"},{"id":"b9dd6aad-72c6-4dda-b6e2-c4ac3c34e077","name":"Team Debugger","type":"ApplicationComponent","layer":"application"},{"id":"ac86885a-dae3-4b87-a24e-1ee263a9a8bb","name":"Target Module Runtime","type":"ApplicationComponent","layer":"application"},{"id":"ca7ef266-abb4-43df-aee3-c5f28ccbf5b1","name":"Module Runner","type":"ApplicationComponent","layer":"application"},{"id":"87e45085-f065-4122-9752-430ee2c19680","name":"Haiku Porter","type":"ApplicationComponent","layer":"application"},{"id":"861f027d-83eb-4e0c-9541-724de6f1c0a4","name":"External Source Control","type":"ApplicationComponent","layer":"application"},{"id":"4ecbeff7-5803-4303-b9f5-b6da644a7da0","name":"Module Build Mechanism","type":"ApplicationComponent","layer":"application"},{"id":"a4160aa6-3909-4c2e-8a90-9570244ba7d3","name":"Module Binary","type":"DataObject","layer":"application"},{"id":"d091fdd3-91f0-4932-a492-b5589bd023a1","name":"GCC","type":"ApplicationComponent","layer":"application"},{"id":"7e3ae688-94f7-48e3-96aa-2970fd991649","name":"Make","type":"ApplicationComponent","layer":"application"},{"id":"20a6ebbd-1e67-4fb1-ad25-5e873037c500","name":"Build Script","type":"ApplicationComponent","layer":"application"},{"id":"d54ba0d2-c3e6-486d-8e9e-3a95ef3c2ad6","name":"Terminal","type":"ApplicationComponent","layer":"application"},{"id":"b03042fd-6ac3-4a52-bdbd-1a0f2277fdbd","name":"Code Language Library","type":"ApplicationComponent","layer":"application"},{"id":"ba3d094c-8c7d-43c1-bc04-dff849758408","name":"Extension Point","type":"ApplicationComponent","layer":"application"},{"id":"de12037f-dbac-46d0-b26c-148c54bb2106","name":"Catkeys","type":"DataObject","layer":"application"},{"id":"b8b56f17-7e06-4cb1-a7e4-fff6d637e761","name":"Translation Utility","type":"ApplicationComponent","layer":"application"},{"id":"394419c1-2f54-45bc-80d5-e30f77eeb7e3","name":"hpkg","type":"DataObject","layer":"application"},{"id":"a65286fd-8def-41ed-b54d-9cc896cd4632","name":"Catkeys Editor","type":"ApplicationComponent","layer":"application"},{"id":"0e6eb43d-b697-447a-aa03-368d3f5d541e","name":"Polyglot Translation Website","type":"ApplicationComponent","layer":"application"}],"relationships":[{"id":"f8b462b9-ad89-495c-b681-133abe1d2580","sourceId":"9b40bca6-5e3c-4b83-9821-49f7696c04f3","targetId":"30162cc4-a6fa-4142-a9b6-4082ce9fb183","type":"RealizationRelationship"},{"id":"06573d18-7d74-4628-b1dc-e885934a1db2","sourceId":"38d95735-b5f5-4359-b66c-e8508f939e31","targetId":"a26bfebc-2ede-4a8e-b77b-385aa9246375","type":"AggregationRelationship"},{"id":"4a50c570-5c2c-4832-9c11-5dfd7b90d204","sourceId":"38d95735-b5f5-4359-b66c-e8508f939e31","targetId":"153b4acb-d4c3-4dc3-af61-0631fd86e5cc","type":"AggregationRelationship"},{"id":"ee36ae0e-7716-4816-9195-af3d43e0baf3","sourceId":"38d95735-b5f5-4359-b66c-e8508f939e31","targetId":"73044be9-961a-41ff-8bed-ae8b83497c11","type":"AggregationRelationship"},{"id":"038b15be-8145-4516-a03b-1ea543f7ab46","sourceId":"38d95735-b5f5-4359-b66c-e8508f939e31","targetId":"850e1d9c-55d0-41f8-b064-848764e39193","type":"AggregationRelationship"},{"id":"ee228805-d149-447c-9974-6a27c5abdfb2","sourceId":"d2ee8862-ed55-420b-8411-af8a00a6a19d","targetId":"a26bfebc-2ede-4a8e-b77b-385aa9246375","type":"ServingRelationship"},{"id":"7e396f9f-cfbb-4222-b34d-5c680021683c","sourceId":"7714e958-c467-402c-9fae-27b01b3d4827","targetId":"850e1d9c-55d0-41f8-b064-848764e39193","type":"ServingRelationship"},{"id":"f9465135-bc26-4e4c-8df3-585bef5133df","sourceId":"854f8db9-034f-4f27-8208-ec7fa4489bd6","targetId":"153b4acb-d4c3-4dc3-af61-0631fd86e5cc","type":"ServingRelationship"},{"id":"cb5b654f-41d7-4b49-b498-e57afa155da4","sourceId":"854f8db9-034f-4f27-8208-ec7fa4489bd6","targetId":"73044be9-961a-41ff-8bed-ae8b83497c11","type":"ServingRelationship"},{"id":"a8f319b5-ec2f-454a-a98b-ddeab5349f4f","sourceId":"ca860617-0666-4796-a934-cbfa6a8e28b7","targetId":"153b4acb-d4c3-4dc3-af61-0631fd86e5cc","type":"ServingRelationship"},{"id":"bbdc2cda-3c13-41d8-8030-7e943ac3c250","sourceId":"ca860617-0666-4796-a934-cbfa6a8e28b7","targetId":"73044be9-961a-41ff-8bed-ae8b83497c11","type":"ServingRelationship"},{"id":"e6076216-5b7a-4c79-a9fd-30b4f0accd71","sourceId":"b59929ec-46f3-4ab9-8c09-f22c59fb0590","targetId":"73044be9-961a-41ff-8bed-ae8b83497c11","type":"ServingRelationship"},{"id":"cf913938-f689-49b7-910b-774c586efd5d","sourceId":"c3043b48-5401-4496-92b5-d29d7f8099ee","targetId":"73044be9-961a-41ff-8bed-ae8b83497c11","type":"ServingRelationship"},{"id":"4b2f52d7-d63c-4553-b411-077b5315fbc0","sourceId":"d6e76a05-44e4-4bd1-ac1e-a151aba2c341","targetId":"73044be9-961a-41ff-8bed-ae8b83497c11","type":"ServingRelationship"},{"id":"f7ddbd1a-5e8d-4d82-8d09-a70d8f807eb4","sourceId":"e0ae913d-3c6f-4818-bac4-e33e31e8b1c0","targetId":"7714e958-c467-402c-9fae-27b01b3d4827","type":"CompositionRelationship"},{"id":"6df76c71-a7a4-48f4-a2c2-2acd29483067","sourceId":"e0ae913d-3c6f-4818-bac4-e33e31e8b1c0","targetId":"b59929ec-46f3-4ab9-8c09-f22c59fb0590","type":"CompositionRelationship"},{"id":"a77f38b9-11c5-48fd-8c50-a02607be6295","sourceId":"e0ae913d-3c6f-4818-bac4-e33e31e8b1c0","targetId":"c3043b48-5401-4496-92b5-d29d7f8099ee","type":"CompositionRelationship"},{"id":"5471d195-8e8e-4752-bacf-b92043d90d04","sourceId":"e0ae913d-3c6f-4818-bac4-e33e31e8b1c0","targetId":"d2ee8862-ed55-420b-8411-af8a00a6a19d","type":"CompositionRelationship"},{"id":"9fe6ab66-f576-49ff-969f-6acc3708064b","sourceId":"e0ae913d-3c6f-4818-bac4-e33e31e8b1c0","targetId":"854f8db9-034f-4f27-8208-ec7fa4489bd6","type":"CompositionRelationship"},{"id":"f8bae42f-371a-48d0-bad2-0508d1fe7b96","sourceId":"e0ae913d-3c6f-4818-bac4-e33e31e8b1c0","targetId":"d6e76a05-44e4-4bd1-ac1e-a151aba2c341","type":"CompositionRelationship"},{"id":"9cc0e3d0-251b-4e8e-b307-68266242b1ba","sourceId":"e0ae913d-3c6f-4818-bac4-e33e31e8b1c0","targetId":"ca860617-0666-4796-a934-cbfa6a8e28b7","type":"CompositionRelationship"},{"id":"acb113cd-9799-4231-9028-dfeb0f584d28","sourceId":"c3043b48-5401-4496-92b5-d29d7f8099ee","targetId":"b59929ec-46f3-4ab9-8c09-f22c59fb0590","type":"FlowRelationship"},{"id":"68d2fe0f-b653-4097-bb7c-80b78ae1b4af","sourceId":"b59929ec-46f3-4ab9-8c09-f22c59fb0590","targetId":"ca860617-0666-4796-a934-cbfa6a8e28b7","type":"FlowRelationship"},{"id":"2c829778-92c3-439c-93a0-e097df889e94","sourceId":"ca860617-0666-4796-a934-cbfa6a8e28b7","targetId":"c3043b48-5401-4496-92b5-d29d7f8099ee","type":"FlowRelationship"},{"id":"ed8e4511-18fe-4498-919d-0442803ac44e","sourceId":"ca860617-0666-4796-a934-cbfa6a8e28b7","targetId":"854f8db9-034f-4f27-8208-ec7fa4489bd6","type":"FlowRelationship"},{"id":"16b89a00-3d8f-477a-b21e-ca5c9a6d768f","sourceId":"854f8db9-034f-4f27-8208-ec7fa4489bd6","targetId":"c3043b48-5401-4496-92b5-d29d7f8099ee","type":"FlowRelationship"},{"id":"a482cdb3-32d2-4cd9-87ba-5338ac1e4091","sourceId":"d6e76a05-44e4-4bd1-ac1e-a151aba2c341","targetId":"7714e958-c467-402c-9fae-27b01b3d4827","type":"FlowRelationship"},{"id":"2412a45a-f387-436c-96dd-360aad5be79a","sourceId":"c3043b48-5401-4496-92b5-d29d7f8099ee","targetId":"7714e958-c467-402c-9fae-27b01b3d4827","type":"FlowRelationship"},{"id":"f1f1469d-fb21-40ca-99ca-a48408850673","sourceId":"c3043b48-5401-4496-92b5-d29d7f8099ee","targetId":"d2ee8862-ed55-420b-8411-af8a00a6a19d","type":"FlowRelationship"},{"id":"f09e84e6-8891-46ad-b6db-50c713bc5590","sourceId":"7714e958-c467-402c-9fae-27b01b3d4827","targetId":"d2ee8862-ed55-420b-8411-af8a00a6a19d","type":"FlowRelationship"},{"id":"ab1642c4-8c01-46d2-9b4c-40753139a461","sourceId":"e0ae913d-3c6f-4818-bac4-e33e31e8b1c0","targetId":"fe5e8c34-1a3f-4e79-82b6-fa3209e39fcd","type":"CompositionRelationship"},{"id":"0d52fff3-4c30-40f3-ba1f-40c69e16a637","sourceId":"d2ee8862-ed55-420b-8411-af8a00a6a19d","targetId":"fe5e8c34-1a3f-4e79-82b6-fa3209e39fcd","type":"FlowRelationship"},{"id":"6d9b72dc-8eca-4ee4-9c98-254130257af2","sourceId":"ca860617-0666-4796-a934-cbfa6a8e28b7","targetId":"fe5e8c34-1a3f-4e79-82b6-fa3209e39fcd","type":"FlowRelationship"},{"id":"f16c9218-b996-4725-947e-eb08bf77a6f0","sourceId":"7714e958-c467-402c-9fae-27b01b3d4827","targetId":"fe5e8c34-1a3f-4e79-82b6-fa3209e39fcd","type":"FlowRelationship"},{"id":"78cc9df1-1170-45e0-ab51-785b4e4db0b2","sourceId":"e0ae913d-3c6f-4818-bac4-e33e31e8b1c0","targetId":"cf350c26-55f7-48cc-93b5-4afa67909382","type":"CompositionRelationship"},{"id":"6c4f1270-a9bd-44dc-9d1c-debc2e6e69e8","sourceId":"e0ae913d-3c6f-4818-bac4-e33e31e8b1c0","targetId":"50a057a7-7d86-4900-ab6e-4541cc65b1d5","type":"CompositionRelationship"},{"id":"9cfc3417-c54f-4796-b9eb-4b542a7d57dd","sourceId":"e0ae913d-3c6f-4818-bac4-e33e31e8b1c0","targetId":"aa252c13-03b0-4bd7-a67b-d83a544beefb","type":"CompositionRelationship"},{"id":"e1e9a20e-5e19-42f1-bc01-1f9cefa90284","sourceId":"fe5e8c34-1a3f-4e79-82b6-fa3209e39fcd","targetId":"cf350c26-55f7-48cc-93b5-4afa67909382","type":"FlowRelationship"},{"id":"e77edaf1-5029-41b5-a22a-fcad69fcedc2","sourceId":"cf350c26-55f7-48cc-93b5-4afa67909382","targetId":"50a057a7-7d86-4900-ab6e-4541cc65b1d5","type":"FlowRelationship"},{"id":"03611b30-4999-4283-8b64-446ef86eaeb7","sourceId":"50a057a7-7d86-4900-ab6e-4541cc65b1d5","targetId":"aa252c13-03b0-4bd7-a67b-d83a544beefb","type":"FlowRelationship"},{"id":"4ea7e30f-9fa0-42ba-ae3b-aa6756291670","sourceId":"38d95735-b5f5-4359-b66c-e8508f939e31","targetId":"4e3ce71d-0961-41d2-9a0f-4889fa9cd364","type":"AggregationRelationship"},{"id":"6aec1f4c-572f-4c5b-91df-55d1f746f645","sourceId":"fe5e8c34-1a3f-4e79-82b6-fa3209e39fcd","targetId":"4e3ce71d-0961-41d2-9a0f-4889fa9cd364","type":"ServingRelationship"},{"id":"cec91c08-fad1-4b1f-8156-a8e55bc5cca7","sourceId":"cf350c26-55f7-48cc-93b5-4afa67909382","targetId":"4e3ce71d-0961-41d2-9a0f-4889fa9cd364","type":"ServingRelationship"},{"id":"b52e6d6c-d558-43de-9773-bb11255e0281","sourceId":"50a057a7-7d86-4900-ab6e-4541cc65b1d5","targetId":"4e3ce71d-0961-41d2-9a0f-4889fa9cd364","type":"ServingRelationship"},{"id":"71f9eb5b-63e9-49c3-acfa-b1e5b9ab99c8","sourceId":"aa252c13-03b0-4bd7-a67b-d83a544beefb","targetId":"4e3ce71d-0961-41d2-9a0f-4889fa9cd364","type":"ServingRelationship"},{"id":"db27c625-997a-4e71-8ac6-8ec628659a2a","sourceId":"e0ae913d-3c6f-4818-bac4-e33e31e8b1c0","targetId":"30162cc4-a6fa-4142-a9b6-4082ce9fb183","type":"RealizationRelationship"},{"id":"cbd5610c-7e87-46dc-8fb0-6148df7c09c7","sourceId":"38d95735-b5f5-4359-b66c-e8508f939e31","targetId":"e0ae913d-3c6f-4818-bac4-e33e31e8b1c0","type":"AssignmentRelationship"},{"id":"1c1e4a16-c3dc-49f1-ae93-23bfba0c06fd","sourceId":"51d99410-54bb-4239-a666-f72d30b4b8e4","targetId":"923671de-5ad6-4ee1-8016-f7d4fd4a9663","type":"TriggeringRelationship"},{"id":"e83abb2f-ec7b-4911-9b56-d4f34b300677","sourceId":"51d99410-54bb-4239-a666-f72d30b4b8e4","targetId":"60ecbd36-14c7-430a-86d0-edffafd98e71","type":"CompositionRelationship"},{"id":"30eedaf9-6ad6-4ec5-ac5a-30050e11caaa","sourceId":"51d99410-54bb-4239-a666-f72d30b4b8e4","targetId":"52af82a8-a214-4226-8a4c-e7a7def564e1","type":"CompositionRelationship"},{"id":"72656626-42dc-4d59-9f05-c161d9983529","sourceId":"51d99410-54bb-4239-a666-f72d30b4b8e4","targetId":"b48a2fd7-a34a-400e-9056-dea5eabb0734","type":"CompositionRelationship"},{"id":"7cd45f95-47e4-4aed-bc30-5295d0a40a42","sourceId":"51d99410-54bb-4239-a666-f72d30b4b8e4","targetId":"c62cc1e0-8e80-406d-b879-7b0f4be36dba","type":"CompositionRelationship"},{"id":"ad57772f-ca6d-48b2-bfdb-fa317dcac58e","sourceId":"52af82a8-a214-4226-8a4c-e7a7def564e1","targetId":"60ecbd36-14c7-430a-86d0-edffafd98e71","type":"TriggeringRelationship"},{"id":"04daf91c-58a6-4be7-8be0-1e82506d0943","sourceId":"60ecbd36-14c7-430a-86d0-edffafd98e71","targetId":"c62cc1e0-8e80-406d-b879-7b0f4be36dba","type":"TriggeringRelationship"},{"id":"3e728f4a-f795-4e42-8081-845f4542a8aa","sourceId":"51d99410-54bb-4239-a666-f72d30b4b8e4","targetId":"1bd7eabc-dbe5-43a7-989d-56c23b686d97","type":"CompositionRelationship"},{"id":"2fd14c60-277c-4256-818a-b3f941fc6b59","sourceId":"60ecbd36-14c7-430a-86d0-edffafd98e71","targetId":"1bd7eabc-dbe5-43a7-989d-56c23b686d97","type":"TriggeringRelationship"},{"id":"18a93afd-b34e-4ab1-b90a-06d636e0ce3d","sourceId":"b48a2fd7-a34a-400e-9056-dea5eabb0734","targetId":"60ecbd36-14c7-430a-86d0-edffafd98e71","type":"TriggeringRelationship"},{"id":"1ef54c55-1ac7-4d94-8ced-26e3294c6327","sourceId":"923671de-5ad6-4ee1-8016-f7d4fd4a9663","targetId":"3e1d3a70-f7d9-4baa-bbd1-c5e0ad634970","type":"CompositionRelationship"},{"id":"284e3940-f629-4884-b7a8-c550a5bab05d","sourceId":"60ecbd36-14c7-430a-86d0-edffafd98e71","targetId":"3e1d3a70-f7d9-4baa-bbd1-c5e0ad634970","type":"TriggeringRelationship"},{"id":"218751a0-3068-46f4-a070-d138b1de1388","sourceId":"51d99410-54bb-4239-a666-f72d30b4b8e4","targetId":"d6e76a05-44e4-4bd1-ac1e-a151aba2c341","type":"RealizationRelationship"},{"id":"1bbaff68-6f95-4721-95a4-61e8ce0d1abf","sourceId":"52af82a8-a214-4226-8a4c-e7a7def564e1","targetId":"d6e76a05-44e4-4bd1-ac1e-a151aba2c341","type":"RealizationRelationship"},{"id":"f3ec73f3-50db-4f8b-b8ab-950a5e03e1da","sourceId":"e0ae913d-3c6f-4818-bac4-e33e31e8b1c0","targetId":"16436c81-25a7-49d8-adc9-93b6a064e8d2","type":"CompositionRelationship"},{"id":"6261a0d5-0cd7-469b-a877-d16b6230b23e","sourceId":"d6e76a05-44e4-4bd1-ac1e-a151aba2c341","targetId":"16436c81-25a7-49d8-adc9-93b6a064e8d2","type":"FlowRelationship"},{"id":"788e418b-3124-4a0f-8fad-625d514cd9b5","sourceId":"16436c81-25a7-49d8-adc9-93b6a064e8d2","targetId":"c3043b48-5401-4496-92b5-d29d7f8099ee","type":"FlowRelationship"},{"id":"bef7ec32-fe8e-4c61-8ee0-761313515e53","sourceId":"16436c81-25a7-49d8-adc9-93b6a064e8d2","targetId":"73044be9-961a-41ff-8bed-ae8b83497c11","type":"ServingRelationship"},{"id":"1f36919b-b6b9-4137-a76e-e937a2f24998","sourceId":"51d99410-54bb-4239-a666-f72d30b4b8e4","targetId":"8d6f1a6a-7936-49a8-95bd-007ac4881999","type":"CompositionRelationship"},{"id":"e3af6e08-c1c8-498c-a461-7b71cb62109f","sourceId":"60ecbd36-14c7-430a-86d0-edffafd98e71","targetId":"8d6f1a6a-7936-49a8-95bd-007ac4881999","type":"TriggeringRelationship"},{"id":"f8cf6bb3-2185-4109-a5dc-4e924c8bb25f","sourceId":"8d6f1a6a-7936-49a8-95bd-007ac4881999","targetId":"16436c81-25a7-49d8-adc9-93b6a064e8d2","type":"RealizationRelationship"},{"id":"a47e3f7d-680a-47ae-9537-db5212faf441","sourceId":"60ecbd36-14c7-430a-86d0-edffafd98e71","targetId":"b59929ec-46f3-4ab9-8c09-f22c59fb0590","type":"RealizationRelationship"},{"id":"f7db1370-4a46-4aa1-82aa-0ec14c371325","sourceId":"3e1d3a70-f7d9-4baa-bbd1-c5e0ad634970","targetId":"c3043b48-5401-4496-92b5-d29d7f8099ee","type":"RealizationRelationship"},{"id":"53104043-54ff-40fe-8a6a-6d529dee3f6b","sourceId":"9f50b2fc-bfea-4eea-aaf1-9dc5555188ad","targetId":"b9dd6aad-72c6-4dda-b6e2-c4ac3c34e077","type":"CompositionRelationship"},{"id":"78d19b75-20b4-43cb-82e4-f1675e4c9c92","sourceId":"b9dd6aad-72c6-4dda-b6e2-c4ac3c34e077","targetId":"854f8db9-034f-4f27-8208-ec7fa4489bd6","type":"RealizationRelationship"},{"id":"a70bef41-8ce5-4696-860c-fb651f2d71d3","sourceId":"51d99410-54bb-4239-a666-f72d30b4b8e4","targetId":"ca7ef266-abb4-43df-aee3-c5f28ccbf5b1","type":"CompositionRelationship"},{"id":"d4bcc403-0d7d-414b-92dd-d82a3ad57be1","sourceId":"60ecbd36-14c7-430a-86d0-edffafd98e71","targetId":"ca7ef266-abb4-43df-aee3-c5f28ccbf5b1","type":"TriggeringRelationship"},{"id":"f974df9b-b7e9-4dff-b127-5bb3d43ca328","sourceId":"ca7ef266-abb4-43df-aee3-c5f28ccbf5b1","targetId":"ca860617-0666-4796-a934-cbfa6a8e28b7","type":"RealizationRelationship"},{"id":"131c532c-c243-4c91-b394-d248d332d481","sourceId":"ca7ef266-abb4-43df-aee3-c5f28ccbf5b1","targetId":"ac86885a-dae3-4b87-a24e-1ee263a9a8bb","type":"TriggeringRelationship"},{"id":"048bb065-8566-4049-af92-476fba1a860c","sourceId":"ac86885a-dae3-4b87-a24e-1ee263a9a8bb","targetId":"b9dd6aad-72c6-4dda-b6e2-c4ac3c34e077","type":"AssociationRelationship"},{"id":"f185e393-b5db-4bb8-96db-d17fe9e912e8","sourceId":"1bd7eabc-dbe5-43a7-989d-56c23b686d97","targetId":"fe5e8c34-1a3f-4e79-82b6-fa3209e39fcd","type":"RealizationRelationship"},{"id":"73773f18-cb61-4cb5-9189-9440b03d319f","sourceId":"c62cc1e0-8e80-406d-b879-7b0f4be36dba","targetId":"cf350c26-55f7-48cc-93b5-4afa67909382","type":"RealizationRelationship"},{"id":"ed631371-d37d-4737-98d2-7b274bcdb3b0","sourceId":"87e45085-f065-4122-9752-430ee2c19680","targetId":"50a057a7-7d86-4900-ab6e-4541cc65b1d5","type":"RealizationRelationship"},{"id":"bcad875e-3e1f-4340-9559-ba885515d830","sourceId":"861f027d-83eb-4e0c-9541-724de6f1c0a4","targetId":"aa252c13-03b0-4bd7-a67b-d83a544beefb","type":"RealizationRelationship"},{"id":"1238e368-c3dd-4bea-a183-0b3503cff204","sourceId":"87e45085-f065-4122-9752-430ee2c19680","targetId":"861f027d-83eb-4e0c-9541-724de6f1c0a4","type":"TriggeringRelationship"},{"id":"a4c08664-951e-4619-84e2-0265d86cfedf","sourceId":"c62cc1e0-8e80-406d-b879-7b0f4be36dba","targetId":"861f027d-83eb-4e0c-9541-724de6f1c0a4","type":"TriggeringRelationship"},{"id":"db4c5354-7f6b-4199-9b91-053b018dc978","sourceId":"1bd7eabc-dbe5-43a7-989d-56c23b686d97","targetId":"4ecbeff7-5803-4303-b9f5-b6da644a7da0","type":"TriggeringRelationship"},{"id":"2558bec2-4b5b-452b-ba26-1be0eb099d7f","sourceId":"87e45085-f065-4122-9752-430ee2c19680","targetId":"4ecbeff7-5803-4303-b9f5-b6da644a7da0","type":"TriggeringRelationship"},{"id":"821df4b0-a450-4b56-baa4-d1e6fb6eb594","sourceId":"ac86885a-dae3-4b87-a24e-1ee263a9a8bb","targetId":"a4160aa6-3909-4c2e-8a90-9570244ba7d3","type":"AccessRelationship"},{"id":"ec35bc0d-2ef2-4605-9e54-603ebb69dec4","sourceId":"4ecbeff7-5803-4303-b9f5-b6da644a7da0","targetId":"a4160aa6-3909-4c2e-8a90-9570244ba7d3","type":"AccessRelationship"},{"id":"fe44f040-4912-4519-a7c1-3a11fa715f2b","sourceId":"87e45085-f065-4122-9752-430ee2c19680","targetId":"a4160aa6-3909-4c2e-8a90-9570244ba7d3","type":"AccessRelationship"},{"id":"95606c4c-c9a4-4c4d-afca-6aba2f6ba26a","sourceId":"d091fdd3-91f0-4932-a492-b5589bd023a1","targetId":"4ecbeff7-5803-4303-b9f5-b6da644a7da0","type":"SpecializationRelationship"},{"id":"593c0505-8e3e-433b-b9e0-309da3d62446","sourceId":"7e3ae688-94f7-48e3-96aa-2970fd991649","targetId":"4ecbeff7-5803-4303-b9f5-b6da644a7da0","type":"SpecializationRelationship"},{"id":"bbf70349-b997-404b-a876-5950948760f3","sourceId":"20a6ebbd-1e67-4fb1-ad25-5e873037c500","targetId":"4ecbeff7-5803-4303-b9f5-b6da644a7da0","type":"SpecializationRelationship"},{"id":"27a64197-9f2d-4684-9643-2d4513a6b4fe","sourceId":"d54ba0d2-c3e6-486d-8e9e-3a95ef3c2ad6","targetId":"87e45085-f065-4122-9752-430ee2c19680","type":"TriggeringRelationship"},{"id":"26bd02bc-17a5-4326-bd37-c0235011ef56","sourceId":"d54ba0d2-c3e6-486d-8e9e-3a95ef3c2ad6","targetId":"861f027d-83eb-4e0c-9541-724de6f1c0a4","type":"TriggeringRelationship"},{"id":"2f428292-57a1-4bcb-9baa-2678da8c741b","sourceId":"60ecbd36-14c7-430a-86d0-edffafd98e71","targetId":"b03042fd-6ac3-4a52-bdbd-1a0f2277fdbd","type":"TriggeringRelationship"},{"id":"6b1d95a5-0018-4513-8e99-a79437e7c8f0","sourceId":"3e1d3a70-f7d9-4baa-bbd1-c5e0ad634970","targetId":"b03042fd-6ac3-4a52-bdbd-1a0f2277fdbd","type":"TriggeringRelationship"},{"id":"43198cc3-c364-4fb0-9ac7-a9aa85339700","sourceId":"b03042fd-6ac3-4a52-bdbd-1a0f2277fdbd","targetId":"ba3d094c-8c7d-43c1-bc04-dff849758408","type":"SpecializationRelationship"},{"id":"761f77e2-d0ee-4947-906b-718bd0d43c55","sourceId":"4ecbeff7-5803-4303-b9f5-b6da644a7da0","targetId":"ba3d094c-8c7d-43c1-bc04-dff849758408","type":"SpecializationRelationship"},{"id":"82f91aa8-93fb-4654-b14b-4b1f9e0227ec","sourceId":"861f027d-83eb-4e0c-9541-724de6f1c0a4","targetId":"ba3d094c-8c7d-43c1-bc04-dff849758408","type":"SpecializationRelationship"},{"id":"5708cb2a-7525-4572-ad6c-f92840d62862","sourceId":"7e3ae688-94f7-48e3-96aa-2970fd991649","targetId":"de12037f-dbac-46d0-b26c-148c54bb2106","type":"AccessRelationship"},{"id":"fee12a46-5993-4235-b331-b8f02adb0140","sourceId":"20a6ebbd-1e67-4fb1-ad25-5e873037c500","targetId":"7e3ae688-94f7-48e3-96aa-2970fd991649","type":"TriggeringRelationship"},{"id":"2ddedd3a-bb0f-4b8e-904c-330b91b5e95d","sourceId":"7e3ae688-94f7-48e3-96aa-2970fd991649","targetId":"d091fdd3-91f0-4932-a492-b5589bd023a1","type":"TriggeringRelationship"},{"id":"643d91d5-4efb-47ad-91bd-505b77ff3509","sourceId":"b8b56f17-7e06-4cb1-a7e4-fff6d637e761","targetId":"de12037f-dbac-46d0-b26c-148c54bb2106","type":"AccessRelationship"},{"id":"f55042c3-db68-4994-83d3-92a2ca0fc4d6","sourceId":"b8b56f17-7e06-4cb1-a7e4-fff6d637e761","targetId":"d2ee8862-ed55-420b-8411-af8a00a6a19d","type":"RealizationRelationship"},{"id":"f8e9ae23-c0c6-46f9-b9d5-46303dc3a7a3","sourceId":"50a057a7-7d86-4900-ab6e-4541cc65b1d5","targetId":"394419c1-2f54-45bc-80d5-e30f77eeb7e3","type":"AccessRelationship"},{"id":"673d2aef-b8b9-4506-b8d4-9cf61eaa677d","sourceId":"3e1d3a70-f7d9-4baa-bbd1-c5e0ad634970","targetId":"7714e958-c467-402c-9fae-27b01b3d4827","type":"RealizationRelationship"},{"id":"44771154-466c-47f5-acc0-298fe697e3a4","sourceId":"a65286fd-8def-41ed-b54d-9cc896cd4632","targetId":"b8b56f17-7e06-4cb1-a7e4-fff6d637e761","type":"SpecializationRelationship"},{"id":"05038a67-fa17-4dd1-b380-b0f7f212fad5","sourceId":"0e6eb43d-b697-447a-aa03-368d3f5d541e","targetId":"b8b56f17-7e06-4cb1-a7e4-fff6d637e761","type":"SpecializationRelationship"},{"id":"e74d82b0-ad0e-43d0-94fb-5cc78dc36fd5","sourceId":"a65286fd-8def-41ed-b54d-9cc896cd4632","targetId":"de12037f-dbac-46d0-b26c-148c54bb2106","type":"AccessRelationship"},{"id":"66021e15-79b0-4118-85dd-32e7ba7f76f1","sourceId":"0e6eb43d-b697-447a-aa03-368d3f5d541e","targetId":"de12037f-dbac-46d0-b26c-148c54bb2106","type":"AccessRelationship"},{"id":"ccf9eb41-0a4c-46b0-a47a-ccd7b2e545cd","sourceId":"51d99410-54bb-4239-a666-f72d30b4b8e4","targetId":"ba3d094c-8c7d-43c1-bc04-dff849758408","type":"AssociationRelationship"},{"id":"24bdc480-3404-443e-8732-d82e034dd81c","sourceId":"4ecbeff7-5803-4303-b9f5-b6da644a7da0","targetId":"b03042fd-6ac3-4a52-bdbd-1a0f2277fdbd","type":"TriggeringRelationship"}],"views":[{"id":"1a17c10c-426b-4f33-a4ad-490169f2d20f","name":"Business View","viewpoint":""},{"id":"ed3a892f-59df-4cef-8267-bc2f8868ffc2","name":"Developer Flow","viewpoint":""}]}