{"identifier":"https://me.big.tuwien.ac.at/EAModelSet/230783fc-69df-4957-b653-2fbb7395fe3e","archimateId":"230783fc-69df-4957-b653-2fbb7395fe3e","name":"(new model)","description":"","formats":["XML","CSV","JSON","ARCHIMATE"],"source":"GitHub","sourceFile":"raw-data/github/archimate/primeira.archimate","sourceFormat":"ARCHIMATE","timestamp":"29-06-2023 09:31:13","tags":[],"duplicates":[],"language":"pt","elements":[{"id":"69732968-dfbc-4270-ab8e-df0e0dd5ae71","name":"Conselho Executivo (CE)","type":"BusinessActor","layer":"business"},{"id":"ca6f8f71-36b7-4b8d-aae8-385ca3790cfd","name":"Decisões Estratégicas de expansão em várias cidades","type":"BusinessRole","layer":"business"},{"id":"fc03555a-d925-4738-af4c-3d3a0cd19797","name":"Funcionário CE","type":"BusinessActor","layer":"business"},{"id":"b0877a1d-7d28-4f0b-9c29-fbd2c6fab361","name":"Departamento Comercial (DC)","type":"BusinessActor","layer":"business"},{"id":"a69d5bdc-e6af-4a44-8931-ab0cdeaeb0dd","name":"Acções de promoção e divulgação","type":"BusinessRole","layer":"business"},{"id":"d92c8459-bd7d-48f6-b9b2-d38a91d2548f","name":"Business Actor","type":"BusinessActor","layer":"business"},{"id":"b67d994f-c024-49f0-80c2-ab65af7bad36","name":"Funcionário DC","type":"BusinessActor","layer":"business"},{"id":"25ed5c60-ae0b-4cbb-bde2-59db856edf5a","name":"Coordenador DC","type":"BusinessActor","layer":"business"},{"id":"a9685f3b-dd25-4930-81d2-10429b33868a","name":"Departamento de Oferta e Marketing (DOM)","type":"BusinessActor","layer":"business"},{"id":"8087c64d-5c33-47ee-b503-4b2481f155c0","name":"Definição da Oferta","type":"BusinessRole","layer":"business"},{"id":"4cc11d21-3863-4827-9d84-15a555a44b76","name":"Funcionário DOM","type":"BusinessActor","layer":"business"},{"id":"b0cf8fd0-d21b-4a78-9d19-ba7ce32a55f0","name":"Coordenador DOM","type":"BusinessActor","layer":"business"},{"id":"89786c70-d238-49b0-b5fc-1749c823945c","name":"Departamento Financeiro (DF)","type":"BusinessActor","layer":"business"},{"id":"28c32152-82b7-4e10-a746-eff59bccb3b5","name":"Funcionários","type":"BusinessActor","layer":"business"},{"id":"8218ac6a-4f9b-4601-ae28-72c5dec669a1","name":"Funcionário DF","type":"BusinessActor","layer":"business"},{"id":"620e147a-d70b-4283-ad77-e802e4e710d3","name":"Coordenador DF","type":"BusinessActor","layer":"business"},{"id":"438e2fcf-29f7-4c14-a6a2-48e43a00a374","name":"Departamento de Apoio ao Cliente (DAC)","type":"BusinessActor","layer":"business"},{"id":"e276cc5d-1a3a-412b-9bf2-665d19a56e28","name":"Funcionário DAC","type":"BusinessActor","layer":"business"},{"id":"c0a2aa7a-823e-4811-8d01-f1493326dc9c","name":"Coordenador DAC","type":"BusinessActor","layer":"business"},{"id":"90416759-9b77-490b-8276-eddf96b8e112","name":"Departamento de Manutenção (DM)","type":"BusinessActor","layer":"business"},{"id":"59f31332-db58-41ee-b9e4-44310cd9f9c6","name":"Funcionário DM","type":"BusinessActor","layer":"business"},{"id":"639b32c1-abe8-4443-ac1a-bcfce60fc748","name":"Coordenador DM","type":"BusinessActor","layer":"business"},{"id":"e85c38f4-b4d3-479c-8aad-7b90ffc65c4d","name":"Relacionamento com os clientes","type":"BusinessRole","layer":"business"},{"id":"abed450b-1aec-46ca-bb42-cee887994c3e","name":"Estabelecimento do plano de marketing","type":"BusinessRole","layer":"business"},{"id":"c61fbf40-a4d5-448b-a456-4ca5d7035b77","name":"Apoiar os clientes ao longo das interações que têm com a BAIK","type":"BusinessRole","layer":"business"},{"id":"7d10d365-dda9-4c0e-90d7-2927ee00756f","name":"Garantir o bom estado de funcionamento das bicicletas","type":"BusinessRole","layer":"business"},{"id":"223b881d-29bb-4c61-906b-63991688dc65","name":"Departamento de Sistemas de Informação (DSI)","type":"BusinessActor","layer":"business"},{"id":"aa475ce7-ba2b-468a-9ee0-f963bcb94195","name":"Desenvolvimento, operação e manutenção dos Sistemas de Informação","type":"BusinessRole","layer":"business"},{"id":"0bb86e23-9eda-4ae4-9c18-3251527d61a1","name":"Equipa de Desenvolvimento (ED)","type":"BusinessActor","layer":"business"},{"id":"2ceecb6e-91ef-4e45-b7a9-03b08a64e130","name":"Equipa de Infraestrutura (EInf)","type":"BusinessActor","layer":"business"},{"id":"07186b04-9293-443d-8e3b-b61f7cb37d90","name":"Equipa de Suporte (ES)","type":"BusinessActor","layer":"business"},{"id":"3805da74-fa87-4455-876f-847b8da14d72","name":"Funcionário EInf","type":"BusinessActor","layer":"business"},{"id":"1dbd9da6-6f5d-4e2c-879d-1e15840a484d","name":"Coordenador EInf","type":"BusinessActor","layer":"business"},{"id":"20738755-354b-4f46-8fd3-15bccf21c587","name":"Funcionário ES","type":"BusinessActor","layer":"business"},{"id":"02251939-318f-46c7-aa58-c9604dbb5973","name":"Coordenador ES","type":"BusinessActor","layer":"business"},{"id":"3c6b8822-4807-450b-8a74-99d10614b71d","name":"Funcionário ED","type":"BusinessActor","layer":"business"},{"id":"fbacfa2c-01d5-40c5-b5d9-98686516b652","name":"Coordenador ED","type":"BusinessActor","layer":"business"},{"id":"6b53694e-87f3-45ed-93fd-cc03e2804c91","name":"Funcionário (copy)","type":"BusinessActor","layer":"business"},{"id":"bb915f59-e75f-448b-bbf9-fff164391915","name":"Coordenador (copy) (copy)","type":"BusinessActor","layer":"business"},{"id":"6b233515-5609-4459-8587-eed9690ce504","name":"Funções administrativas, financeiras e recursos humanos","type":"BusinessRole","layer":"business"},{"id":"1da60a60-29ac-4030-8083-2deb72ddb7f0","name":"Responsabilidade por BAIK-ERP","type":"BusinessRole","layer":"business"},{"id":"6347848c-c424-4aa9-bba2-62ca209b50d7","name":"BAIK","type":"BusinessActor","layer":"business"},{"id":"d03e8820-5d35-4715-b140-58e048625759","name":"BAIK","type":"BusinessActor","layer":"business"},{"id":"783da36d-70c9-42e7-a9fa-e1d58ff139d9","name":"Definição e construção técnica das aplicações informáticas","type":"BusinessRole","layer":"business"},{"id":"0d56118c-5caa-4485-b451-dd31413a39af","name":"Definir as alterações necessárias sempre que ocorre uma alteração na oferta de negócio","type":"BusinessRole","layer":"business"},{"id":"5d6ffae2-ce7a-4227-a8a3-a0840186eec2","name":"Manutenção de serviço a nível da tecnologia usada","type":"BusinessRole","layer":"business"},{"id":"88d6d7b6-bad5-40d5-86ea-b50fc02f7067","name":"Assegurar a continuidade de serviço ao nível das aplicações de software usadas pela empresa","type":"BusinessService","layer":"business"},{"id":"33b61e3d-808f-4d29-ab5b-0cc7086321d6","name":"Manutenção de serviço a nível do sotware usado","type":"BusinessRole","layer":"business"},{"id":"ff559be0-81b0-47f8-b512-66705de1da5e","name":"Responsabilidade por BAIK-TAXAÇÃO","type":"BusinessRole","layer":"business"},{"id":"b807a86d-9d56-443c-a108-422c9508a4dc","name":"Desenvolvimento dos SI","type":"BusinessRole","layer":"business"},{"id":"7a810be5-02c3-48a5-9a94-50e5c8727c78","name":"Manutenção dos SI","type":"BusinessRole","layer":"business"},{"id":"eda0ae10-451e-4c8e-8373-3920b4454c4b","name":"Operação dos SI","type":"BusinessRole","layer":"business"}],"relationships":[{"id":"21a56af9-1e0c-4b53-8abd-a43f3be3b72b","sourceId":"fc03555a-d925-4738-af4c-3d3a0cd19797","targetId":"69732968-dfbc-4270-ab8e-df0e0dd5ae71","type":"SpecializationRelationship"},{"id":"fd8e4ecc-ef3e-486b-a49c-d1e74ab4b6f6","sourceId":"69732968-dfbc-4270-ab8e-df0e0dd5ae71","targetId":"ca6f8f71-36b7-4b8d-aae8-385ca3790cfd","type":"AssignmentRelationship"},{"id":"9fa713a5-f923-4b2a-8fc3-1dce734ade51","sourceId":"b0877a1d-7d28-4f0b-9c29-fbd2c6fab361","targetId":"a69d5bdc-e6af-4a44-8931-ab0cdeaeb0dd","type":"AssignmentRelationship"},{"id":"a951e8b2-ee44-4643-9f56-fa7b3c71432a","sourceId":"69732968-dfbc-4270-ab8e-df0e0dd5ae71","targetId":"ca6f8f71-36b7-4b8d-aae8-385ca3790cfd","type":"AssociationRelationship"},{"id":"2d075085-30b3-4209-95ba-5308365c2062","sourceId":"b67d994f-c024-49f0-80c2-ab65af7bad36","targetId":"b0877a1d-7d28-4f0b-9c29-fbd2c6fab361","type":"SpecializationRelationship"},{"id":"101f68b7-6e3b-4a40-bd8d-2b66c89b70c0","sourceId":"25ed5c60-ae0b-4cbb-bde2-59db856edf5a","targetId":"b0877a1d-7d28-4f0b-9c29-fbd2c6fab361","type":"SpecializationRelationship"},{"id":"6736935e-20fd-4961-97df-62632c157482","sourceId":"a9685f3b-dd25-4930-81d2-10429b33868a","targetId":"8087c64d-5c33-47ee-b503-4b2481f155c0","type":"AssociationRelationship"},{"id":"0709001a-4233-4e8f-ba8a-ce210b355bf1","sourceId":"4cc11d21-3863-4827-9d84-15a555a44b76","targetId":"a9685f3b-dd25-4930-81d2-10429b33868a","type":"SpecializationRelationship"},{"id":"aa4c8681-bcec-48fc-aa6f-b4887a705080","sourceId":"b0cf8fd0-d21b-4a78-9d19-ba7ce32a55f0","targetId":"a9685f3b-dd25-4930-81d2-10429b33868a","type":"SpecializationRelationship"},{"id":"34fc7900-7a21-4713-977d-fdeb95e09895","sourceId":"8218ac6a-4f9b-4601-ae28-72c5dec669a1","targetId":"89786c70-d238-49b0-b5fc-1749c823945c","type":"SpecializationRelationship"},{"id":"99bee0b3-5928-4a7c-bc0e-c273a4b1033f","sourceId":"620e147a-d70b-4283-ad77-e802e4e710d3","targetId":"89786c70-d238-49b0-b5fc-1749c823945c","type":"SpecializationRelationship"},{"id":"fa262a52-5aa5-4dec-aebe-6ed7c37903d6","sourceId":"e276cc5d-1a3a-412b-9bf2-665d19a56e28","targetId":"438e2fcf-29f7-4c14-a6a2-48e43a00a374","type":"SpecializationRelationship"},{"id":"f3346483-8ced-498c-a3a3-5a5b0cc7d914","sourceId":"c0a2aa7a-823e-4811-8d01-f1493326dc9c","targetId":"438e2fcf-29f7-4c14-a6a2-48e43a00a374","type":"SpecializationRelationship"},{"id":"0153f8be-d58b-41f2-8288-836683ceb2bc","sourceId":"639b32c1-abe8-4443-ac1a-bcfce60fc748","targetId":"90416759-9b77-490b-8276-eddf96b8e112","type":"SpecializationRelationship"},{"id":"5aa39336-d68d-4117-a481-ed78a01aa357","sourceId":"59f31332-db58-41ee-b9e4-44310cd9f9c6","targetId":"90416759-9b77-490b-8276-eddf96b8e112","type":"SpecializationRelationship"},{"id":"ab3dd107-7729-4438-be22-b5715a4b8ac3","sourceId":"b0877a1d-7d28-4f0b-9c29-fbd2c6fab361","targetId":"e85c38f4-b4d3-479c-8aad-7b90ffc65c4d","type":"AssignmentRelationship"},{"id":"07b424d8-de17-43a0-9ae6-62844d1010a4","sourceId":"b0877a1d-7d28-4f0b-9c29-fbd2c6fab361","targetId":"a69d5bdc-e6af-4a44-8931-ab0cdeaeb0dd","type":"AssociationRelationship"},{"id":"bf232a7a-7885-4acd-aee5-7f19557bf809","sourceId":"b0877a1d-7d28-4f0b-9c29-fbd2c6fab361","targetId":"e85c38f4-b4d3-479c-8aad-7b90ffc65c4d","type":"AssociationRelationship"},{"id":"f3096dc4-dc85-49f5-8000-a60d993ea246","sourceId":"a9685f3b-dd25-4930-81d2-10429b33868a","targetId":"abed450b-1aec-46ca-bb42-cee887994c3e","type":"AssociationRelationship"},{"id":"c3086c7c-8b2b-459a-b028-ac2f5088b1ff","sourceId":"c61fbf40-a4d5-448b-a456-4ca5d7035b77","targetId":"438e2fcf-29f7-4c14-a6a2-48e43a00a374","type":"AssociationRelationship"},{"id":"c2f0e028-4257-43fa-b3d8-d21567233147","sourceId":"90416759-9b77-490b-8276-eddf96b8e112","targetId":"7d10d365-dda9-4c0e-90d7-2927ee00756f","type":"AssociationRelationship"},{"id":"cabacb89-8302-4663-9faa-5635fa91b7f0","sourceId":"aa475ce7-ba2b-468a-9ee0-f963bcb94195","targetId":"223b881d-29bb-4c61-906b-63991688dc65","type":"AssociationRelationship"},{"id":"17818611-64df-4f06-8198-d743244544fa","sourceId":"0bb86e23-9eda-4ae4-9c18-3251527d61a1","targetId":"223b881d-29bb-4c61-906b-63991688dc65","type":"SpecializationRelationship"},{"id":"5a752dd7-c957-4f2d-8a10-778afe22e703","sourceId":"2ceecb6e-91ef-4e45-b7a9-03b08a64e130","targetId":"223b881d-29bb-4c61-906b-63991688dc65","type":"SpecializationRelationship"},{"id":"73138eac-1cf3-4c60-b34b-c2ff50cca2c8","sourceId":"07186b04-9293-443d-8e3b-b61f7cb37d90","targetId":"223b881d-29bb-4c61-906b-63991688dc65","type":"SpecializationRelationship"},{"id":"123d5652-1dc6-4077-81d0-e473b590a183","sourceId":"1dbd9da6-6f5d-4e2c-879d-1e15840a484d","targetId":"2ceecb6e-91ef-4e45-b7a9-03b08a64e130","type":"SpecializationRelationship"},{"id":"2a865996-fb4a-442e-a3fb-15fcc6eeb56d","sourceId":"3805da74-fa87-4455-876f-847b8da14d72","targetId":"2ceecb6e-91ef-4e45-b7a9-03b08a64e130","type":"SpecializationRelationship"},{"id":"918b3865-abd9-43da-9b0e-e6f746bea5e7","sourceId":"02251939-318f-46c7-aa58-c9604dbb5973","targetId":"07186b04-9293-443d-8e3b-b61f7cb37d90","type":"SpecializationRelationship"},{"id":"f8e2eebf-5135-476b-8409-3ee5ee86b157","sourceId":"20738755-354b-4f46-8fd3-15bccf21c587","targetId":"07186b04-9293-443d-8e3b-b61f7cb37d90","type":"SpecializationRelationship"},{"id":"aefaefdd-ca8d-494e-9336-787789a2f4ba","sourceId":"fbacfa2c-01d5-40c5-b5d9-98686516b652","targetId":"0bb86e23-9eda-4ae4-9c18-3251527d61a1","type":"SpecializationRelationship"},{"id":"055561fc-e403-43bd-8512-67e8b140b24e","sourceId":"3c6b8822-4807-450b-8a74-99d10614b71d","targetId":"0bb86e23-9eda-4ae4-9c18-3251527d61a1","type":"SpecializationRelationship"},{"id":"04dcc835-30af-47a3-8abd-115a31a99d1a","sourceId":"223b881d-29bb-4c61-906b-63991688dc65","targetId":"bb915f59-e75f-448b-bbf9-fff164391915","type":"SpecializationRelationship"},{"id":"0fba3b8d-d182-4727-af8c-6c8d84496402","sourceId":"223b881d-29bb-4c61-906b-63991688dc65","targetId":"6b53694e-87f3-45ed-93fd-cc03e2804c91","type":"SpecializationRelationship"},{"id":"25bcd3a4-ae46-49b0-a763-5098ec9d5662","sourceId":"b0877a1d-7d28-4f0b-9c29-fbd2c6fab361","targetId":"b67d994f-c024-49f0-80c2-ab65af7bad36","type":"CompositionRelationship"},{"id":"5cb04037-d22b-4746-b6a4-b7241530cfd3","sourceId":"b0877a1d-7d28-4f0b-9c29-fbd2c6fab361","targetId":"25ed5c60-ae0b-4cbb-bde2-59db856edf5a","type":"CompositionRelationship"},{"id":"5dc94828-7ae9-4c00-bb9b-255bcbbd8a57","sourceId":"b0877a1d-7d28-4f0b-9c29-fbd2c6fab361","targetId":"e85c38f4-b4d3-479c-8aad-7b90ffc65c4d","type":"AssignmentRelationship"},{"id":"9d87df0a-a09f-4037-8e40-51d4a466d2a0","sourceId":"89786c70-d238-49b0-b5fc-1749c823945c","targetId":"620e147a-d70b-4283-ad77-e802e4e710d3","type":"CompositionRelationship"},{"id":"0e03fdc6-cac4-49a6-88af-589581ad1908","sourceId":"89786c70-d238-49b0-b5fc-1749c823945c","targetId":"8218ac6a-4f9b-4601-ae28-72c5dec669a1","type":"CompositionRelationship"},{"id":"5c5c7969-e7f6-474a-bbeb-78aa34d19d63","sourceId":"69732968-dfbc-4270-ab8e-df0e0dd5ae71","targetId":"fc03555a-d925-4738-af4c-3d3a0cd19797","type":"CompositionRelationship"},{"id":"97e66c6a-58f9-4a65-86be-6b72d0547c16","sourceId":"90416759-9b77-490b-8276-eddf96b8e112","targetId":"59f31332-db58-41ee-b9e4-44310cd9f9c6","type":"CompositionRelationship"},{"id":"ec595ffa-1f9b-4fae-a5dc-98be317a773c","sourceId":"90416759-9b77-490b-8276-eddf96b8e112","targetId":"639b32c1-abe8-4443-ac1a-bcfce60fc748","type":"CompositionRelationship"},{"id":"1d68e1f9-42ff-4c39-83ef-2eed3643de65","sourceId":"90416759-9b77-490b-8276-eddf96b8e112","targetId":"7d10d365-dda9-4c0e-90d7-2927ee00756f","type":"AssignmentRelationship"},{"id":"a8bb8e15-8b9a-4314-a36d-f58dbd67a6c2","sourceId":"2ceecb6e-91ef-4e45-b7a9-03b08a64e130","targetId":"1dbd9da6-6f5d-4e2c-879d-1e15840a484d","type":"CompositionRelationship"},{"id":"b5fb866c-ad27-40c2-95f0-1585ae677c72","sourceId":"2ceecb6e-91ef-4e45-b7a9-03b08a64e130","targetId":"3805da74-fa87-4455-876f-847b8da14d72","type":"CompositionRelationship"},{"id":"1b452f59-f370-4a99-8f5c-c5158f262ce6","sourceId":"07186b04-9293-443d-8e3b-b61f7cb37d90","targetId":"02251939-318f-46c7-aa58-c9604dbb5973","type":"CompositionRelationship"},{"id":"4fa6dac2-a36f-46ca-9c61-7ad5ebd51f87","sourceId":"07186b04-9293-443d-8e3b-b61f7cb37d90","targetId":"20738755-354b-4f46-8fd3-15bccf21c587","type":"CompositionRelationship"},{"id":"74a7d81c-8eb5-4e6c-b939-ae928efab738","sourceId":"438e2fcf-29f7-4c14-a6a2-48e43a00a374","targetId":"c0a2aa7a-823e-4811-8d01-f1493326dc9c","type":"CompositionRelationship"},{"id":"0665ea98-b517-4f04-bf26-ad6ae38cc507","sourceId":"438e2fcf-29f7-4c14-a6a2-48e43a00a374","targetId":"c61fbf40-a4d5-448b-a456-4ca5d7035b77","type":"AssignmentRelationship"},{"id":"c7ea829d-eff0-4516-b247-673a5312addd","sourceId":"438e2fcf-29f7-4c14-a6a2-48e43a00a374","targetId":"e276cc5d-1a3a-412b-9bf2-665d19a56e28","type":"CompositionRelationship"},{"id":"f841a01b-66f6-46e0-b211-5b9ae88d6338","sourceId":"0bb86e23-9eda-4ae4-9c18-3251527d61a1","targetId":"fbacfa2c-01d5-40c5-b5d9-98686516b652","type":"CompositionRelationship"},{"id":"eb4541b3-c614-4b47-8c26-eced8cfd1921","sourceId":"0bb86e23-9eda-4ae4-9c18-3251527d61a1","targetId":"3c6b8822-4807-450b-8a74-99d10614b71d","type":"CompositionRelationship"},{"id":"aa67bdf4-681c-49bb-85e6-72fe80ff26b8","sourceId":"223b881d-29bb-4c61-906b-63991688dc65","targetId":"07186b04-9293-443d-8e3b-b61f7cb37d90","type":"CompositionRelationship"},{"id":"7c7b325b-7730-4bc1-9345-63ad257e1e94","sourceId":"223b881d-29bb-4c61-906b-63991688dc65","targetId":"2ceecb6e-91ef-4e45-b7a9-03b08a64e130","type":"CompositionRelationship"},{"id":"9bbe18c8-cc6c-44d0-8478-6bec9a2ce855","sourceId":"a9685f3b-dd25-4930-81d2-10429b33868a","targetId":"b0cf8fd0-d21b-4a78-9d19-ba7ce32a55f0","type":"CompositionRelationship"},{"id":"b39960b3-8576-4b65-be32-a18cd0d7b283","sourceId":"a9685f3b-dd25-4930-81d2-10429b33868a","targetId":"4cc11d21-3863-4827-9d84-15a555a44b76","type":"CompositionRelationship"},{"id":"e8511e96-e1a0-456b-a101-e75ab95c1a05","sourceId":"a9685f3b-dd25-4930-81d2-10429b33868a","targetId":"abed450b-1aec-46ca-bb42-cee887994c3e","type":"AssignmentRelationship"},{"id":"323cd85f-b2f3-401b-afb3-cfaba8a68893","sourceId":"a9685f3b-dd25-4930-81d2-10429b33868a","targetId":"8087c64d-5c33-47ee-b503-4b2481f155c0","type":"AssignmentRelationship"},{"id":"89d42cf7-6447-400d-8c1e-a4745adac5f2","sourceId":"223b881d-29bb-4c61-906b-63991688dc65","targetId":"6b53694e-87f3-45ed-93fd-cc03e2804c91","type":"CompositionRelationship"},{"id":"50ac58ad-0d23-40b7-b6c2-47a41d914ba5","sourceId":"223b881d-29bb-4c61-906b-63991688dc65","targetId":"bb915f59-e75f-448b-bbf9-fff164391915","type":"CompositionRelationship"},{"id":"9aa77fa2-7180-4465-950a-18f839518066","sourceId":"223b881d-29bb-4c61-906b-63991688dc65","targetId":"aa475ce7-ba2b-468a-9ee0-f963bcb94195","type":"AssignmentRelationship"},{"id":"66f17e07-d6ab-49a0-9e8d-bbb5d63a4bfe","sourceId":"223b881d-29bb-4c61-906b-63991688dc65","targetId":"0bb86e23-9eda-4ae4-9c18-3251527d61a1","type":"CompositionRelationship"},{"id":"80cb0b1e-8268-4641-9c6e-eea952945f4d","sourceId":"89786c70-d238-49b0-b5fc-1749c823945c","targetId":"1da60a60-29ac-4030-8083-2deb72ddb7f0","type":"AssignmentRelationship"},{"id":"dc21eece-50f3-473a-8e42-d22e4292045d","sourceId":"89786c70-d238-49b0-b5fc-1749c823945c","targetId":"6b233515-5609-4459-8587-eed9690ce504","type":"AssignmentRelationship"},{"id":"5bb3e408-2bfc-4209-a7f9-c9c0ec7c70ec","sourceId":"d03e8820-5d35-4715-b140-58e048625759","targetId":"b0877a1d-7d28-4f0b-9c29-fbd2c6fab361","type":"CompositionRelationship"},{"id":"ee6ba4b2-2157-44f7-8042-b8d4cfdbfff1","sourceId":"d03e8820-5d35-4715-b140-58e048625759","targetId":"438e2fcf-29f7-4c14-a6a2-48e43a00a374","type":"CompositionRelationship"},{"id":"bfab873e-22a4-4c98-89b7-9211d58bf0a1","sourceId":"d03e8820-5d35-4715-b140-58e048625759","targetId":"90416759-9b77-490b-8276-eddf96b8e112","type":"CompositionRelationship"},{"id":"011205c9-7b09-42dc-98ca-76758c2e8a91","sourceId":"d03e8820-5d35-4715-b140-58e048625759","targetId":"223b881d-29bb-4c61-906b-63991688dc65","type":"CompositionRelationship"},{"id":"a312fd6c-b685-433b-ab95-1588dbc53d23","sourceId":"d03e8820-5d35-4715-b140-58e048625759","targetId":"fc03555a-d925-4738-af4c-3d3a0cd19797","type":"CompositionRelationship"},{"id":"314517a8-de7e-42e5-bb54-2724303f80f6","sourceId":"d03e8820-5d35-4715-b140-58e048625759","targetId":"69732968-dfbc-4270-ab8e-df0e0dd5ae71","type":"CompositionRelationship"},{"id":"76c3ad1e-6916-4567-9fc9-86001acc939f","sourceId":"d03e8820-5d35-4715-b140-58e048625759","targetId":"a9685f3b-dd25-4930-81d2-10429b33868a","type":"CompositionRelationship"},{"id":"7fe77646-f7c2-4132-a95d-4dfbf80eefdd","sourceId":"d03e8820-5d35-4715-b140-58e048625759","targetId":"89786c70-d238-49b0-b5fc-1749c823945c","type":"CompositionRelationship"},{"id":"8165df3b-f7ba-4207-90fa-1f8b132561bd","sourceId":"0bb86e23-9eda-4ae4-9c18-3251527d61a1","targetId":"783da36d-70c9-42e7-a9fa-e1d58ff139d9","type":"AssignmentRelationship"},{"id":"9f0abd47-1547-47f7-b944-f45b3e08eb06","sourceId":"0bb86e23-9eda-4ae4-9c18-3251527d61a1","targetId":"0d56118c-5caa-4485-b451-dd31413a39af","type":"AssignmentRelationship"},{"id":"3d39d323-144e-4c1b-bfc1-473309894552","sourceId":"07186b04-9293-443d-8e3b-b61f7cb37d90","targetId":"5d6ffae2-ce7a-4227-a8a3-a0840186eec2","type":"AssignmentRelationship"},{"id":"25ff601a-9e05-427b-bb1d-2f1e0e40ca73","sourceId":"2ceecb6e-91ef-4e45-b7a9-03b08a64e130","targetId":"5d6ffae2-ce7a-4227-a8a3-a0840186eec2","type":"AssignmentRelationship"},{"id":"e4180edf-159b-4f65-88ce-8b800aa83c52","sourceId":"07186b04-9293-443d-8e3b-b61f7cb37d90","targetId":"33b61e3d-808f-4d29-ab5b-0cc7086321d6","type":"AssignmentRelationship"},{"id":"47bb6c96-6fec-4c4d-a1c5-57310ddef6ee","sourceId":"2ceecb6e-91ef-4e45-b7a9-03b08a64e130","targetId":"aa475ce7-ba2b-468a-9ee0-f963bcb94195","type":"AssignmentRelationship"},{"id":"de99ed53-b68a-4942-b3a6-bf598c98a83f","sourceId":"d03e8820-5d35-4715-b140-58e048625759","targetId":"ff559be0-81b0-47f8-b512-66705de1da5e","type":"AssignmentRelationship"},{"id":"46f2ea05-df59-47e0-82c3-3ad4579c0a40","sourceId":"89786c70-d238-49b0-b5fc-1749c823945c","targetId":"ff559be0-81b0-47f8-b512-66705de1da5e","type":"AssignmentRelationship"},{"id":"ef508e7f-3c30-4dd6-981b-20423076801a","sourceId":"223b881d-29bb-4c61-906b-63991688dc65","targetId":"b807a86d-9d56-443c-a108-422c9508a4dc","type":"AssignmentRelationship"},{"id":"b935438b-18c6-4b18-bb31-8fc01da7f001","sourceId":"223b881d-29bb-4c61-906b-63991688dc65","targetId":"7a810be5-02c3-48a5-9a94-50e5c8727c78","type":"AssignmentRelationship"},{"id":"934d9b3a-2330-4f4d-828d-ea5534a93402","sourceId":"223b881d-29bb-4c61-906b-63991688dc65","targetId":"eda0ae10-451e-4c8e-8373-3920b4454c4b","type":"AssignmentRelationship"},{"id":"901bedcb-9f25-48bf-adf4-230003b80b05","sourceId":"2ceecb6e-91ef-4e45-b7a9-03b08a64e130","targetId":"b807a86d-9d56-443c-a108-422c9508a4dc","type":"AssignmentRelationship"},{"id":"c4956549-34ef-4b40-9a13-7c5e3fa37b5a","sourceId":"2ceecb6e-91ef-4e45-b7a9-03b08a64e130","targetId":"eda0ae10-451e-4c8e-8373-3920b4454c4b","type":"AssignmentRelationship"},{"id":"d90a180d-4095-4757-80fa-327f00f37a4d","sourceId":"2ceecb6e-91ef-4e45-b7a9-03b08a64e130","targetId":"7a810be5-02c3-48a5-9a94-50e5c8727c78","type":"AssignmentRelationship"}],"views":[{"id":"33844670-6832-4dbc-9dbd-a563bf883cdf","name":"Default View","viewpoint":""}]}