{"identifier":"https://me.big.tuwien.ac.at/EAModelSet/3846c562-eab4-4e07-aa95-87703e0e0e69","archimateId":"3846c562-eab4-4e07-aa95-87703e0e0e69","name":"Data model test","description":"","formats":["XML","JSON"],"source":"GenMyModel","repository":"","license":"","sourceFile":"raw-data/genmymodel/3846c562-eab4-4e07-aa95-87703e0e0e69.xml","sourceFormat":"XML","timestamp":"2023-07-06T10:01:17","tags":[],"duplicates":[],"language":"en","elements":[{"id":"_4DddMDsHEDaQfcpB0MHjlw","name":"Employment Contract","type":"BusinessObject","layer":"business"},{"id":"_95I3ITsHEDaQfcpB0MHjlw","name":"Letter of Intent (LOI)","type":"BusinessObject","layer":"business"},{"id":"_-TBWwTsHEDaQfcpB0MHjlw","name":"Non-disclosure Agreement (NDA)","type":"BusinessObject","layer":"business"},{"id":"_-nntwTsHEDaQfcpB0MHjlw","name":"Project Contract","type":"BusinessObject","layer":"business"},{"id":"_g1FcoTsIEDaQfcpB0MHjlw","name":"Memorandum of Understanding (MoU)","type":"BusinessObject","layer":"business"},{"id":"_lkubkDsIEDaQfcpB0MHjlw","name":"Spare Parts Contract","type":"BusinessObject","layer":"business"},{"id":"_2TlDQG8OEDeAXN35aHrQDw","name":"Employment Contract","type":"BusinessObject","layer":"business"},{"id":"_FcoGAG8PEDeAXN35aHrQDw","name":"PET","type":"ApplicationService","layer":"application"},{"id":"_GSbFkW8PEDeAXN35aHrQDw","name":"WIN","type":"ApplicationService","layer":"application"},{"id":"_j4OFwG8PEDeAXN35aHrQDw","name":"LabOps PTT","type":"ApplicationService","layer":"application"},{"id":"_4LiN8W8PEDeAXN35aHrQDw","name":"Client","type":"BusinessActor","layer":"business"},{"id":"_O1igsW8QEDeAXN35aHrQDw","name":"TESP","type":"BusinessActor","layer":"business"},{"id":"_oKYCAW8QEDeAXN35aHrQDw","name":"TESP PowerBI","type":"ApplicationService","layer":"application"},{"id":"_-5NxcG8QEDeAXN35aHrQDw","name":"POE","type":"ApplicationService","layer":"application"},{"id":"_fjzbgG8VEDeAXN35aHrQDw","name":"Out of Scope: Financial Planning Tool ","type":"ApplicationService","layer":"application"}],"relationships":[{"id":"_biYcMm8PEDeAXN35aHrQDw","sourceId":"_GSbFkW8PEDeAXN35aHrQDw","targetId":"_FcoGAG8PEDeAXN35aHrQDw","type":"Flow"},{"id":"_sigVU28PEDeAXN35aHrQDw","sourceId":"_FcoGAG8PEDeAXN35aHrQDw","targetId":"_j4OFwG8PEDeAXN35aHrQDw","type":"Flow"},{"id":"_Ux3VM28QEDeAXN35aHrQDw","sourceId":"_O1igsW8QEDeAXN35aHrQDw","targetId":"_FcoGAG8PEDeAXN35aHrQDw","type":"Flow"},{"id":"_gbfqw28QEDeAXN35aHrQDw","sourceId":"_FcoGAG8PEDeAXN35aHrQDw","targetId":"_j4OFwG8PEDeAXN35aHrQDw","type":"Flow"},{"id":"_2tdQ828QEDeAXN35aHrQDw","sourceId":"_j4OFwG8PEDeAXN35aHrQDw","targetId":"_oKYCAW8QEDeAXN35aHrQDw","type":"Flow"},{"id":"_CgQwom8REDeAXN35aHrQDw","sourceId":"_FcoGAG8PEDeAXN35aHrQDw","targetId":"_-5NxcG8QEDeAXN35aHrQDw","type":"Flow"},{"id":"_bDoG0G8TEDeAXN35aHrQDw","sourceId":"_-5NxcG8QEDeAXN35aHrQDw","targetId":"_oKYCAW8QEDeAXN35aHrQDw","type":"Flow"},{"id":"_KyRGQW8VEDeAXN35aHrQDw","sourceId":"_4LiN8W8PEDeAXN35aHrQDw","targetId":"_GSbFkW8PEDeAXN35aHrQDw","type":"Flow"},{"id":"_o1vg828VEDeAXN35aHrQDw","sourceId":"_j4OFwG8PEDeAXN35aHrQDw","targetId":"_fjzbgG8VEDeAXN35aHrQDw","type":"Flow"},{"id":"_EP2ssm8WEDeAXN35aHrQDw","sourceId":"_oKYCAW8QEDeAXN35aHrQDw","targetId":"_FcoGAG8PEDeAXN35aHrQDw","type":"Flow"},{"id":"_JBtN8W8dEDensMU1bKEvqg","sourceId":"_-5NxcG8QEDeAXN35aHrQDw","targetId":"_FcoGAG8PEDeAXN35aHrQDw","type":"Flow"}],"views":[{"id":"_WZsIAljZEeioG62n2D5JZQ","name":"Data model test","viewpoint":""}]}