"ID","Type","Name","Documentation","Source","Target","Specialization"
"_KyzIEM5iEDqlULVw46facw","AssociationRelationship","Conexion","","_FnAYoM5iEDqlULVw46facw","_wMh0EM5hEDqlULVw46facw",""
"_ysPiUM5iEDqlULVw46facw","AssociationRelationship","Conexión","","_XjArMM5iEDqlULVw46facw","_cWSM8M5iEDqlULVw46facw",""
"_zO7YoM5iEDqlULVw46facw","AssociationRelationship","Conexión","","_Y1zv0M5iEDqlULVw46facw","_dP4HYM5iEDqlULVw46facw",""
"_zyRWQM5iEDqlULVw46facw","AssociationRelationship","Conexión","","_ZqYnYM5iEDqlULVw46facw","_dnFGcM5iEDqlULVw46facw",""
"_rP8v4M5iEDqlULVw46facw","ServingRelationship","Redirección","","_wMh0EM5hEDqlULVw46facw","_Y1zv0M5iEDqlULVw46facw",""
"_r6VwsM5iEDqlULVw46facw","ServingRelationship","Redirección","","_wMh0EM5hEDqlULVw46facw","_ZqYnYM5iEDqlULVw46facw",""
"_tVoC8M5iEDqlULVw46facw","ServingRelationship","Redirección","","_wMh0EM5hEDqlULVw46facw","_XjArMM5iEDqlULVw46facw",""