<?xml version="1.0" encoding="UTF-8"?><model xmlns="http://www.opengroup.org/xsd/archimate/3.0/" xmlns:xsi="http://www.w3.org/2001/XMLSchema-instance" identifier="_-GYt4C-VEeqqcaoAsxFIeg">  <name xml:lang="en">mishlang</name>  <elements>    <element xsi:type="BusinessActor" identifier="_37dN0BHiEDi89MqxQPLTEA">      <name xml:lang="en">Misher</name>      <documentation/>    </element>    <element xsi:type="BusinessRole" identifier="_6WS4kRHiEDi89MqxQPLTEA">      <name xml:lang="en">Product Developer</name>      <documentation/>    </element>    <element xsi:type="BusinessRole" identifier="_9bV98RHiEDi89MqxQPLTEA">      <name xml:lang="en">Library Developer</name>      <documentation/>    </element>    <element xsi:type="Product" identifier="_U8y2EBHjEDi89MqxQPLTEA">      <name xml:lang="en">Mishlang Local Platform</name>      <documentation/>    </element>    <element xsi:type="BusinessInterface" identifier="_coAOQBHjEDi89MqxQPLTEA">      <name xml:lang="en">Product Application Build Interface</name>      <documentation/>    </element>    <element xsi:type="BusinessService" identifier="_lZTr0BHjEDi89MqxQPLTEA">      <name xml:lang="en">Product Application Build Service</name>      <documentation/>    </element>    <element xsi:type="BusinessProcess" identifier="_qeKs0RHjEDi89MqxQPLTEA">      <name xml:lang="en">Building Application Product</name>      <documentation/>    </element>    <element xsi:type="BusinessInterface" identifier="_QROpYBHkEDi89MqxQPLTEA">      <name xml:lang="en">Automated Test Interface</name>      <documentation/>    </element>    <element xsi:type="BusinessService" identifier="_V2khQBHkEDi89MqxQPLTEA">      <name xml:lang="en">Automated Test Service</name>      <documentation/>    </element>    <element xsi:type="BusinessProcess" identifier="_Xw5f8RHkEDi89MqxQPLTEA">      <name xml:lang="en">Automated Testing</name>      <documentation/>    </element>    <element xsi:type="BusinessInterface" identifier="_ouebYBHkEDi89MqxQPLTEA">      <name xml:lang="en">Example Application Build Interface</name>      <documentation/>    </element>    <element xsi:type="BusinessService" identifier="_xekYABHkEDi89MqxQPLTEA">      <name xml:lang="en">Example Application Build Service</name>      <documentation/>    </element>    <element xsi:type="BusinessProcess" identifier="_0N-kkRHkEDi89MqxQPLTEA">      <name xml:lang="en">Building Example Application </name>      <documentation/>    </element>    <element xsi:type="BusinessObject" identifier="_AHyrMBHlEDi89MqxQPLTEA">      <name xml:lang="en">Product Application</name>      <documentation/>    </element>    <element xsi:type="BusinessObject" identifier="_Ats_MRHmEDi89MqxQPLTEA">      <name xml:lang="en">Example Application</name>      <documentation/>    </element>    <element xsi:type="Product" identifier="_Zp5XABHmEDi89MqxQPLTEA">      <name xml:lang="en">Native Application Platform</name>      <documentation/>    </element>    <element xsi:type="BusinessProcess" identifier="_uKnpEBHmEDi89MqxQPLTEA">      <name xml:lang="en">Application Execution</name>      <documentation/>    </element>    <element xsi:type="BusinessRole" identifier="_BISM8RHnEDi89MqxQPLTEA">      <name xml:lang="en">Application User</name>      <documentation/>    </element>    <element xsi:type="BusinessActor" identifier="_C7QmcBHnEDi89MqxQPLTEA">      <name xml:lang="en">Consumer</name>      <documentation/>    </element>    <element xsi:type="BusinessRole" identifier="_z0M10BHoEDi89MqxQPLTEA">      <name xml:lang="en">Developer</name>      <documentation/>    </element>    <element xsi:type="BusinessObject" identifier="_i7ldcBHpEDi89MqxQPLTEA">      <name xml:lang="en">Automated Test Result</name>      <documentation/>    </element>    <element xsi:type="BusinessInterface" identifier="_-V_HoRHqEDi89MqxQPLTEA">      <name xml:lang="en">Library Build Interface</name>      <documentation/>    </element>    <element xsi:type="BusinessService" identifier="_xjXjYBIvEDitK7JbsydJVg">      <name xml:lang="en">Library Build Service</name>      <documentation/>    </element>    <element xsi:type="BusinessProcess" identifier="_8tEbsBIvEDitK7JbsydJVg">      <name xml:lang="en">Building Library</name>      <documentation/>    </element>    <element xsi:type="BusinessObject" identifier="_CWgwcRIwEDitK7JbsydJVg">      <name xml:lang="en">Library Object</name>      <documentation/>    </element>    <element xsi:type="BusinessInterface" identifier="_2J3X8BIwEDi9JOmfP9sipQ">      <name xml:lang="en">CLI Application Publish Interface</name>      <documentation/>    </element>    <element xsi:type="BusinessService" identifier="_CJd9gBIxEDi9JOmfP9sipQ">      <name xml:lang="en">CLI Application Publish Service</name>      <documentation/>    </element>    <element xsi:type="BusinessProcess" identifier="_XLatURIxEDi9JOmfP9sipQ">      <name xml:lang="en">Publishing CLI Application</name>      <documentation/>    </element>  </elements>  <relationships>    <relationship xsi:type="Composition" identifier="_lZZLYBHjEDi89MqxQPLTEA" source="_U8y2EBHjEDi89MqxQPLTEA" target="_lZTr0BHjEDi89MqxQPLTEA">      <name xml:lang="en"/>      <documentation/>    </relationship>    <relationship xsi:type="Assignment" identifier="_pmNKEBHjEDi89MqxQPLTEA" source="_coAOQBHjEDi89MqxQPLTEA" target="_lZTr0BHjEDi89MqxQPLTEA">      <name xml:lang="en"/>      <documentation/>    </relationship>    <relationship xsi:type="Serving" identifier="_2M8BExHjEDi89MqxQPLTEA" source="_lZTr0BHjEDi89MqxQPLTEA" target="_qeKs0RHjEDi89MqxQPLTEA">      <name xml:lang="en"/>      <documentation/>    </relationship>    <relationship xsi:type="Composition" identifier="_V2qA0BHkEDi89MqxQPLTEA" source="_U8y2EBHjEDi89MqxQPLTEA" target="_V2khQBHkEDi89MqxQPLTEA">      <name xml:lang="en"/>      <documentation/>    </relationship>    <relationship xsi:type="Assignment" identifier="_Wrwc0RHkEDi89MqxQPLTEA" source="_QROpYBHkEDi89MqxQPLTEA" target="_V2khQBHkEDi89MqxQPLTEA">      <name xml:lang="en"/>      <documentation/>    </relationship>    <relationship xsi:type="Composition" identifier="_xe3S8hHkEDi89MqxQPLTEA" source="_U8y2EBHjEDi89MqxQPLTEA" target="_xekYABHkEDi89MqxQPLTEA">      <name xml:lang="en"/>      <documentation/>    </relationship>    <relationship xsi:type="Assignment" identifier="_zkkbMBHkEDi89MqxQPLTEA" source="_ouebYBHkEDi89MqxQPLTEA" target="_xekYABHkEDi89MqxQPLTEA">      <name xml:lang="en"/>      <documentation/>    </relationship>    <relationship xsi:type="Access" identifier="_Dk5rQxHlEDi89MqxQPLTEA" source="_qeKs0RHjEDi89MqxQPLTEA" target="_AHyrMBHlEDi89MqxQPLTEA" accessType="Access">      <name xml:lang="en"/>      <documentation/>    </relationship>    <relationship xsi:type="Access" identifier="_GDYqcRHmEDi89MqxQPLTEA" source="_0N-kkRHkEDi89MqxQPLTEA" target="_Ats_MRHmEDi89MqxQPLTEA" accessType="Access">      <name xml:lang="en"/>      <documentation/>    </relationship>    <relationship xsi:type="Assignment" identifier="_FzafUBHnEDi89MqxQPLTEA" source="_C7QmcBHnEDi89MqxQPLTEA" target="_BISM8RHnEDi89MqxQPLTEA">      <name xml:lang="en"/>      <documentation/>    </relationship>    <relationship xsi:type="Assignment" identifier="_HgrSYxHnEDi89MqxQPLTEA" source="_BISM8RHnEDi89MqxQPLTEA" target="_uKnpEBHmEDi89MqxQPLTEA">      <name xml:lang="en"/>      <documentation/>    </relationship>    <relationship xsi:type="Serving" identifier="_KxC28xHnEDi89MqxQPLTEA" source="_Zp5XABHmEDi89MqxQPLTEA" target="_uKnpEBHmEDi89MqxQPLTEA">      <name xml:lang="en"/>      <documentation/>    </relationship>    <relationship xsi:type="Access" identifier="_MIZrcxHnEDi89MqxQPLTEA" source="_uKnpEBHmEDi89MqxQPLTEA" target="_Ats_MRHmEDi89MqxQPLTEA" accessType="Access">      <name xml:lang="en"/>      <documentation/>    </relationship>    <relationship xsi:type="Access" identifier="_Oo9jsBHnEDi89MqxQPLTEA" source="_uKnpEBHmEDi89MqxQPLTEA" target="_AHyrMBHlEDi89MqxQPLTEA" accessType="Access">      <name xml:lang="en"/>      <documentation/>    </relationship>    <relationship xsi:type="Serving" identifier="_QNhGsBHnEDi89MqxQPLTEA" source="_xekYABHkEDi89MqxQPLTEA" target="_0N-kkRHkEDi89MqxQPLTEA">      <name xml:lang="en"/>      <documentation/>    </relationship>    <relationship xsi:type="Serving" identifier="_Q3nMkRHnEDi89MqxQPLTEA" source="_V2khQBHkEDi89MqxQPLTEA" target="_Xw5f8RHkEDi89MqxQPLTEA">      <name xml:lang="en"/>      <documentation/>    </relationship>    <relationship xsi:type="Composition" identifier="_E4s4oRHpEDi89MqxQPLTEA" source="_z0M10BHoEDi89MqxQPLTEA" target="_9bV98RHiEDi89MqxQPLTEA">      <name xml:lang="en"/>      <documentation/>    </relationship>    <relationship xsi:type="Composition" identifier="_FSYj8RHpEDi89MqxQPLTEA" source="_z0M10BHoEDi89MqxQPLTEA" target="_6WS4kRHiEDi89MqxQPLTEA">      <name xml:lang="en"/>      <documentation/>    </relationship>    <relationship xsi:type="Assignment" identifier="_M8eh0RHpEDi89MqxQPLTEA" source="_37dN0BHiEDi89MqxQPLTEA" target="_z0M10BHoEDi89MqxQPLTEA">      <name xml:lang="en"/>      <documentation/>    </relationship>    <relationship xsi:type="Serving" identifier="_Rs15gBHpEDi89MqxQPLTEA" source="_coAOQBHjEDi89MqxQPLTEA" target="_6WS4kRHiEDi89MqxQPLTEA">      <name xml:lang="en"/>      <documentation/>    </relationship>    <relationship xsi:type="Access" identifier="_094lQBHpEDi89MqxQPLTEA" source="_Xw5f8RHkEDi89MqxQPLTEA" target="_i7ldcBHpEDi89MqxQPLTEA" accessType="Access">      <name xml:lang="en"/>      <documentation/>    </relationship>    <relationship xsi:type="Assignment" identifier="_8I72sRHpEDi89MqxQPLTEA" source="_z0M10BHoEDi89MqxQPLTEA" target="_uKnpEBHmEDi89MqxQPLTEA">      <name xml:lang="en"/>      <documentation/>    </relationship>    <relationship xsi:type="Serving" identifier="_NbEs4hHqEDi89MqxQPLTEA" source="_QROpYBHkEDi89MqxQPLTEA" target="_z0M10BHoEDi89MqxQPLTEA">      <name xml:lang="en"/>      <documentation/>    </relationship>    <relationship xsi:type="Serving" identifier="_OKleQxHqEDi89MqxQPLTEA" source="_ouebYBHkEDi89MqxQPLTEA" target="_z0M10BHoEDi89MqxQPLTEA">      <name xml:lang="en"/>      <documentation/>    </relationship>    <relationship xsi:type="Access" identifier="_anwJkBHqEDi89MqxQPLTEA" source="_z0M10BHoEDi89MqxQPLTEA" target="_i7ldcBHpEDi89MqxQPLTEA" accessType="Access">      <name xml:lang="en"/>      <documentation/>    </relationship>    <relationship xsi:type="Serving" identifier="_oCBI8BIvEDitK7JbsydJVg" source="_-V_HoRHqEDi89MqxQPLTEA" target="_9bV98RHiEDi89MqxQPLTEA">      <name xml:lang="en"/>      <documentation/>    </relationship>    <relationship xsi:type="Composition" identifier="_xjxzEhIvEDitK7JbsydJVg" source="_U8y2EBHjEDi89MqxQPLTEA" target="_xjXjYBIvEDitK7JbsydJVg">      <name xml:lang="en"/>      <documentation/>    </relationship>    <relationship xsi:type="Access" identifier="_EpITURIwEDitK7JbsydJVg" source="_8tEbsBIvEDitK7JbsydJVg" target="_CWgwcRIwEDitK7JbsydJVg" accessType="Access">      <name xml:lang="en"/>      <documentation/>    </relationship>    <relationship xsi:type="Assignment" identifier="_Har08xIwEDitK7JbsydJVg" source="_-V_HoRHqEDi89MqxQPLTEA" target="_xjXjYBIvEDitK7JbsydJVg">      <name xml:lang="en"/>      <documentation/>    </relationship>    <relationship xsi:type="Serving" identifier="_IHFn8xIwEDitK7JbsydJVg" source="_xjXjYBIvEDitK7JbsydJVg" target="_8tEbsBIvEDitK7JbsydJVg">      <name xml:lang="en"/>      <documentation/>    </relationship>    <relationship xsi:type="Composition" identifier="_CJ4NMBIxEDi9JOmfP9sipQ" source="_U8y2EBHjEDi89MqxQPLTEA" target="_CJd9gBIxEDi9JOmfP9sipQ">      <name xml:lang="en"/>      <documentation/>    </relationship>    <relationship xsi:type="Assignment" identifier="_SkOfwBIxEDi9JOmfP9sipQ" source="_2J3X8BIwEDi9JOmfP9sipQ" target="_CJd9gBIxEDi9JOmfP9sipQ">      <name xml:lang="en"/>      <documentation/>    </relationship>    <relationship xsi:type="Serving" identifier="_a8qxYBIxEDi9JOmfP9sipQ" source="_CJd9gBIxEDi9JOmfP9sipQ" target="_XLatURIxEDi9JOmfP9sipQ">      <name xml:lang="en"/>      <documentation/>    </relationship>    <relationship xsi:type="Serving" identifier="_jIkb0xIxEDi9JOmfP9sipQ" source="_2J3X8BIwEDi9JOmfP9sipQ" target="_6WS4kRHiEDi89MqxQPLTEA">      <name xml:lang="en"/>      <documentation/>    </relationship>  </relationships>  <views>    <diagrams>      <view identifier="_aR2mURHPEDi89MqxQPLTEA">        <name xml:lang="en">ecosystem-local-viewpoint</name>        <node xsi:type="Element" identifier="_37eb8BHiEDi89MqxQPLTEA" h="60" w="130" x="387" y="297" elementRef="_37dN0BHiEDi89MqxQPLTEA"/>        <node xsi:type="Element" identifier="_U81SUhHjEDi89MqxQPLTEA" h="780" w="674" x="606" y="204" elementRef="_U8y2EBHjEDi89MqxQPLTEA">          <node xsi:type="Element" identifier="_coOQsBHjEDi89MqxQPLTEA" h="60" w="130" x="630" y="258" elementRef="_coAOQBHjEDi89MqxQPLTEA"/>          <node xsi:type="Element" identifier="_lZbnoBHjEDi89MqxQPLTEA" h="60" w="130" x="790" y="258" elementRef="_lZTr0BHjEDi89MqxQPLTEA"/>          <node xsi:type="Element" identifier="_qeNwIxHjEDi89MqxQPLTEA" h="60" w="130" x="630" y="343" elementRef="_qeKs0RHjEDi89MqxQPLTEA"/>          <node xsi:type="Element" identifier="_QRS60RHkEDi89MqxQPLTEA" h="60" w="130" x="630" y="444" elementRef="_QROpYBHkEDi89MqxQPLTEA"/>          <node xsi:type="Element" identifier="_V2trMBHkEDi89MqxQPLTEA" h="60" w="130" x="790" y="444" elementRef="_V2khQBHkEDi89MqxQPLTEA"/>          <node xsi:type="Element" identifier="_Xw8jQBHkEDi89MqxQPLTEA" h="60" w="130" x="630" y="537" elementRef="_Xw5f8RHkEDi89MqxQPLTEA"/>          <node xsi:type="Element" identifier="_ou2O0BHkEDi89MqxQPLTEA" h="60" w="130" x="630" y="635" elementRef="_ouebYBHkEDi89MqxQPLTEA"/>          <node xsi:type="Element" identifier="_xe6WQBHkEDi89MqxQPLTEA" h="60" w="130" x="790" y="635" elementRef="_xekYABHkEDi89MqxQPLTEA"/>          <node xsi:type="Element" identifier="_0OCO8RHkEDi89MqxQPLTEA" h="60" w="130" x="630" y="720" elementRef="_0N-kkRHkEDi89MqxQPLTEA"/>          <node xsi:type="Element" identifier="_-WYJMBHqEDi89MqxQPLTEA" h="60" w="130" x="630" y="805" elementRef="_-V_HoRHqEDi89MqxQPLTEA"/>          <node xsi:type="Element" identifier="_xj02YBIvEDitK7JbsydJVg" h="60" w="130" x="790" y="805" elementRef="_xjXjYBIvEDitK7JbsydJVg"/>          <node xsi:type="Element" identifier="_8tc2MhIvEDitK7JbsydJVg" h="60" w="130" x="630" y="894" elementRef="_8tEbsBIvEDitK7JbsydJVg"/>          <node xsi:type="Element" identifier="_2KoM8BIwEDi9JOmfP9sipQ" h="60" w="130" x="953" y="258" elementRef="_2J3X8BIwEDi9JOmfP9sipQ"/>          <node xsi:type="Element" identifier="_CJ6pcBIxEDi9JOmfP9sipQ" h="60" w="130" x="1107" y="258" elementRef="_CJd9gBIxEDi9JOmfP9sipQ"/>          <node xsi:type="Element" identifier="_XLlschIxEDi9JOmfP9sipQ" h="60" w="130" x="953" y="343" elementRef="_XLatURIxEDi9JOmfP9sipQ"/>        </node>        <node xsi:type="Element" identifier="_AIDw9BHlEDi89MqxQPLTEA" h="60" w="130" x="234" y="297" elementRef="_AHyrMBHlEDi89MqxQPLTEA"/>        <node xsi:type="Element" identifier="_AuCWYBHmEDi89MqxQPLTEA" h="60" w="130" x="366" y="846" elementRef="_Ats_MRHmEDi89MqxQPLTEA"/>        <node xsi:type="Element" identifier="_ZqOHIhHmEDi89MqxQPLTEA" h="60" w="130" x="294" y="429" elementRef="_Zp5XABHmEDi89MqxQPLTEA"/>        <node xsi:type="Element" identifier="_uK5V5BHmEDi89MqxQPLTEA" h="60" w="130" x="121" y="429" elementRef="_uKnpEBHmEDi89MqxQPLTEA"/>        <node xsi:type="Element" identifier="_BIXFcRHnEDi89MqxQPLTEA" h="60" w="130" x="234" y="193" elementRef="_BISM8RHnEDi89MqxQPLTEA"/>        <node xsi:type="Element" identifier="_C7mksxHnEDi89MqxQPLTEA" h="60" w="130" x="387" y="193" elementRef="_C7QmcBHnEDi89MqxQPLTEA"/>        <node xsi:type="Element" identifier="_z0jbIxHoEDi89MqxQPLTEA" h="180" w="222" x="308" y="544" elementRef="_z0M10BHoEDi89MqxQPLTEA">          <node xsi:type="Element" identifier="_6WUtwBHiEDi89MqxQPLTEA" h="60" w="143" x="336" y="574" elementRef="_6WS4kRHiEDi89MqxQPLTEA"/>          <node xsi:type="Element" identifier="_9bYaMBHiEDi89MqxQPLTEA" h="60" w="130" x="343" y="642" elementRef="_9bV98RHiEDi89MqxQPLTEA"/>        </node>        <node xsi:type="Element" identifier="_i7938BHpEDi89MqxQPLTEA" h="60" w="130" x="366" y="752" elementRef="_i7ldcBHpEDi89MqxQPLTEA"/>        <node xsi:type="Element" identifier="_CW7nMBIwEDitK7JbsydJVg" h="60" w="130" x="366" y="929" elementRef="_CWgwcRIwEDitK7JbsydJVg"/>        <connection xsi:type="Relationship" identifier="_pmcaoRHjEDi89MqxQPLTEA" source="_coOQsBHjEDi89MqxQPLTEA" target="_lZbnoBHjEDi89MqxQPLTEA" relationshipRef="_pmNKEBHjEDi89MqxQPLTEA">          <bendpoint x="775" y="288"/>          <bendpoint x="775" y="288"/>        </connection>        <connection xsi:type="Relationship" identifier="_2M_EYhHjEDi89MqxQPLTEA" source="_lZbnoBHjEDi89MqxQPLTEA" target="_qeNwIxHjEDi89MqxQPLTEA" relationshipRef="_2M8BExHjEDi89MqxQPLTEA">          <bendpoint x="774" y="298"/>          <bendpoint x="774" y="358"/>        </connection>        <connection xsi:type="Relationship" identifier="_Wr0uQhHkEDi89MqxQPLTEA" source="_QRS60RHkEDi89MqxQPLTEA" target="_V2trMBHkEDi89MqxQPLTEA" relationshipRef="_Wrwc0RHkEDi89MqxQPLTEA">          <bendpoint x="775" y="474"/>          <bendpoint x="775" y="474"/>        </connection>        <connection xsi:type="Relationship" identifier="_zkosohHkEDi89MqxQPLTEA" source="_ou2O0BHkEDi89MqxQPLTEA" target="_xe6WQBHkEDi89MqxQPLTEA" relationshipRef="_zkkbMBHkEDi89MqxQPLTEA">          <bendpoint x="775" y="665"/>          <bendpoint x="775" y="665"/>        </connection>        <connection xsi:type="Relationship" identifier="_Dk_K0hHlEDi89MqxQPLTEA" source="_qeNwIxHjEDi89MqxQPLTEA" target="_AIDw9BHlEDi89MqxQPLTEA" relationshipRef="_Dk5rQxHlEDi89MqxQPLTEA">          <bendpoint x="299" y="393"/>        </connection>        <connection xsi:type="Relationship" identifier="_GDv20hHmEDi89MqxQPLTEA" source="_0OCO8RHkEDi89MqxQPLTEA" target="_AuCWYBHmEDi89MqxQPLTEA" relationshipRef="_GDYqcRHmEDi89MqxQPLTEA"/>        <connection xsi:type="Relationship" identifier="_QN3sAhHnEDi89MqxQPLTEA" source="_xe6WQBHkEDi89MqxQPLTEA" target="_0OCO8RHkEDi89MqxQPLTEA" relationshipRef="_QNhGsBHnEDi89MqxQPLTEA">          <bendpoint x="775" y="675"/>          <bendpoint x="775" y="750"/>        </connection>        <connection xsi:type="Relationship" identifier="_Q3-Y8hHnEDi89MqxQPLTEA" source="_V2trMBHkEDi89MqxQPLTEA" target="_Xw8jQBHkEDi89MqxQPLTEA" relationshipRef="_Q3nMkRHnEDi89MqxQPLTEA">          <bendpoint x="775" y="484"/>          <bendpoint x="775" y="554"/>        </connection>        <connection xsi:type="Relationship" identifier="_RtKCkBHpEDi89MqxQPLTEA" source="_coOQsBHjEDi89MqxQPLTEA" target="_6WUtwBHiEDi89MqxQPLTEA" relationshipRef="_Rs15gBHpEDi89MqxQPLTEA">          <bendpoint x="555" y="288"/>          <bendpoint x="554" y="594"/>        </connection>        <connection xsi:type="Relationship" identifier="_0-NVYBHpEDi89MqxQPLTEA" source="_Xw8jQBHkEDi89MqxQPLTEA" target="_i7938BHpEDi89MqxQPLTEA" relationshipRef="_094lQBHpEDi89MqxQPLTEA">          <bendpoint x="594" y="574"/>          <bendpoint x="564" y="750"/>        </connection>        <connection xsi:type="Relationship" identifier="_NbMoshHqEDi89MqxQPLTEA" source="_QRS60RHkEDi89MqxQPLTEA" target="_z0jbIxHoEDi89MqxQPLTEA" relationshipRef="_NbEs4hHqEDi89MqxQPLTEA">          <bendpoint x="581" y="474"/>          <bendpoint x="581" y="633"/>        </connection>        <connection xsi:type="Relationship" identifier="_OKqWwRHqEDi89MqxQPLTEA" source="_ou2O0BHkEDi89MqxQPLTEA" target="_z0jbIxHoEDi89MqxQPLTEA" relationshipRef="_OKleQxHqEDi89MqxQPLTEA">          <bendpoint x="580" y="665"/>          <bendpoint x="580" y="665"/>        </connection>        <connection xsi:type="Relationship" identifier="_oCdN0BIvEDitK7JbsydJVg" source="_-WYJMBHqEDi89MqxQPLTEA" target="_9bYaMBHiEDi89MqxQPLTEA" relationshipRef="_oCBI8BIvEDitK7JbsydJVg">          <bendpoint x="546" y="835"/>          <bendpoint x="545" y="688"/>        </connection>        <connection xsi:type="Relationship" identifier="_EpSEURIwEDitK7JbsydJVg" source="_8tc2MhIvEDitK7JbsydJVg" target="_CW7nMBIwEDitK7JbsydJVg" relationshipRef="_EpITURIwEDitK7JbsydJVg"/>        <connection xsi:type="Relationship" identifier="_HayiohIwEDitK7JbsydJVg" source="_-WYJMBHqEDi89MqxQPLTEA" target="_xj02YBIvEDitK7JbsydJVg" relationshipRef="_Har08xIwEDitK7JbsydJVg">          <bendpoint x="775" y="835"/>          <bendpoint x="775" y="835"/>        </connection>        <connection xsi:type="Relationship" identifier="_IHLukhIwEDitK7JbsydJVg" source="_xj02YBIvEDitK7JbsydJVg" target="_8tc2MhIvEDitK7JbsydJVg" relationshipRef="_IHFn8xIwEDitK7JbsydJVg">          <bendpoint x="775" y="845"/>          <bendpoint x="775" y="924"/>        </connection>        <connection xsi:type="Relationship" identifier="_Fzv2ghHnEDi89MqxQPLTEA" source="_C7mksxHnEDi89MqxQPLTEA" target="_BIXFcRHnEDi89MqxQPLTEA" relationshipRef="_FzafUBHnEDi89MqxQPLTEA">          <bendpoint x="376" y="223"/>          <bendpoint x="375" y="223"/>        </connection>        <connection xsi:type="Relationship" identifier="_HgwK4hHnEDi89MqxQPLTEA" source="_BIXFcRHnEDi89MqxQPLTEA" target="_uK5V5BHmEDi89MqxQPLTEA" relationshipRef="_HgrSYxHnEDi89MqxQPLTEA">          <bendpoint x="174" y="223"/>          <bendpoint x="174" y="341"/>        </connection>        <connection xsi:type="Relationship" identifier="_KxHvcBHnEDi89MqxQPLTEA" source="_ZqOHIhHmEDi89MqxQPLTEA" target="_uK5V5BHmEDi89MqxQPLTEA" relationshipRef="_KxC28xHnEDi89MqxQPLTEA">          <bendpoint x="273" y="459"/>          <bendpoint x="272" y="459"/>        </connection>        <connection xsi:type="Relationship" identifier="_MIcuwRHnEDi89MqxQPLTEA" source="_uK5V5BHmEDi89MqxQPLTEA" target="_AuCWYBHmEDi89MqxQPLTEA" relationshipRef="_MIZrcxHnEDi89MqxQPLTEA">          <bendpoint x="181" y="599"/>          <bendpoint x="180" y="850"/>        </connection>        <connection xsi:type="Relationship" identifier="_OpS64RHnEDi89MqxQPLTEA" source="_uK5V5BHmEDi89MqxQPLTEA" target="_AIDw9BHlEDi89MqxQPLTEA" relationshipRef="_Oo9jsBHnEDi89MqxQPLTEA"/>        <connection xsi:type="Relationship" identifier="_M8zR8BHpEDi89MqxQPLTEA" source="_37eb8BHiEDi89MqxQPLTEA" target="_z0jbIxHoEDi89MqxQPLTEA" relationshipRef="_M8eh0RHpEDi89MqxQPLTEA">          <bendpoint x="452" y="451"/>          <bendpoint x="452" y="450"/>        </connection>        <connection xsi:type="Relationship" identifier="_8JVfUBHpEDi89MqxQPLTEA" source="_z0jbIxHoEDi89MqxQPLTEA" target="_uK5V5BHmEDi89MqxQPLTEA" relationshipRef="_8I72sRHpEDi89MqxQPLTEA">          <bendpoint x="219" y="611"/>          <bendpoint x="219" y="509"/>        </connection>        <connection xsi:type="Relationship" identifier="_aoESoRHqEDi89MqxQPLTEA" source="_z0jbIxHoEDi89MqxQPLTEA" target="_i7938BHpEDi89MqxQPLTEA" relationshipRef="_anwJkBHqEDi89MqxQPLTEA">          <bendpoint x="282" y="686"/>          <bendpoint x="283" y="782"/>        </connection>        <connection xsi:type="Relationship" identifier="_Skm6QBIxEDi9JOmfP9sipQ" source="_2KoM8BIwEDi9JOmfP9sipQ" target="_CJ6pcBIxEDi9JOmfP9sipQ" relationshipRef="_SkOfwBIxEDi9JOmfP9sipQ">          <bendpoint x="1095" y="288"/>          <bendpoint x="1095" y="288"/>        </connection>        <connection xsi:type="Relationship" identifier="_a9GPMBIxEDi9JOmfP9sipQ" source="_CJ6pcBIxEDi9JOmfP9sipQ" target="_XLlschIxEDi9JOmfP9sipQ" relationshipRef="_a8qxYBIxEDi9JOmfP9sipQ">          <bendpoint x="1095" y="298"/>          <bendpoint x="1095" y="373"/>        </connection>        <connection xsi:type="Relationship" identifier="_jIs-sBIxEDi9JOmfP9sipQ" source="_2KoM8BIwEDi9JOmfP9sipQ" target="_6WUtwBHiEDi89MqxQPLTEA" relationshipRef="_jIkb0xIxEDi9JOmfP9sipQ">          <bendpoint x="938" y="292"/>          <bendpoint x="938" y="614"/>        </connection>      </view>    </diagrams>  </views></model>
