"ID","Type","Name","Documentation","Source","Target","Specialization"
"id-e48ce4ce9f1a458c925e11091b6c7102","AggregationRelationship","","","id-97868f1237d44b169bab873207525c0b","id-a3839a5e78a64086a3bca05fcbc7650d",""
"id-3cf1c4dc7f0946aba4eb74d652cdd704","AggregationRelationship","","","id-97868f1237d44b169bab873207525c0b","id-150ad894fdf84223acfd26d359d8c6c0",""
"id-50270b77f43b45e4b6b9fe41be4f225b","AggregationRelationship","","","id-b05fd0da2f12425aa6aa6e4b0320cf96","id-87d5c024e52e4193834ab816bfd4b757",""
"id-77ed600116a940f6b7e2cf34c072d3f0","AggregationRelationship","","","id-b05fd0da2f12425aa6aa6e4b0320cf96","id-19c9b7e9d7fa4c0e9ba62545aff70ed8",""
"id-d6864b55eedc4ee08af0353e73e8645f","AggregationRelationship","","","id-8b92a6e148604781be43b80fed2bb1ff","id-e1e01a9b31cd41a581160b775e8c6886",""
"id-98edd172429a434699da2621ccc759d6","AggregationRelationship","","","id-614d528ff1ae4ef6a9edbed266941451","id-01ada7901b6a4f3588593291172ffd82",""
"id-f1331ae6e5bd4e7484d99dc487d16d25","AggregationRelationship","","","id-614d528ff1ae4ef6a9edbed266941451","id-3320f5f1846546fbb9f68e2b4f8e01b2",""
"id-4720831dd4884e9b9f2a272ce3e1012a","AssignmentRelationship","","","id-a3839a5e78a64086a3bca05fcbc7650d","id-150ad894fdf84223acfd26d359d8c6c0",""
"id-b93d55344c2e48cda59d102f15fd5de6","AssignmentRelationship","","","id-87d5c024e52e4193834ab816bfd4b757","id-19c9b7e9d7fa4c0e9ba62545aff70ed8",""
"id-43bbcdf2088e402e9fbcbc44dcce95e8","AssignmentRelationship","","","id-150ad894fdf84223acfd26d359d8c6c0","id-01ada7901b6a4f3588593291172ffd82",""
"id-142ec2a863384474b7c233fede6ceda9","AssignmentRelationship","","","id-19c9b7e9d7fa4c0e9ba62545aff70ed8","id-3320f5f1846546fbb9f68e2b4f8e01b2",""
"id-a6ad65401ef140baa8f7458f627a2282","AssignmentRelationship","","","id-150ad894fdf84223acfd26d359d8c6c0","id-aa4cad694d3045e2834fe62c0b7f16f1",""
"id-b31a14a5fd2c440d8f2a9bd63122e224","CompositionRelationship","","","id-f89ab970dab04a109a1754a42b1b7e4f","id-614d528ff1ae4ef6a9edbed266941451",""
"id-43f6ca660a1b4ab998d83b669570461a","CompositionRelationship","","","id-f89ab970dab04a109a1754a42b1b7e4f","id-aa4cad694d3045e2834fe62c0b7f16f1",""
"id-b9dd3deebb3b4f769f2cbc609d9d9a1d","CompositionRelationship","","","id-3fd678ba3ac843ee95d9da59f654318a","id-f89ab970dab04a109a1754a42b1b7e4f",""
"id-d0e998c0545740adbf4752389644cf33","CompositionRelationship","","","id-aa4cad694d3045e2834fe62c0b7f16f1","id-778d482a5ae84baca4d9d63d2c0a0b68",""
"id-8beb24e6e9714550864e4bc82363fad1","CompositionRelationship","","","id-01ada7901b6a4f3588593291172ffd82","id-31a5077acc164474ad05d2a87c3d21b3",""
"id-7e20ddb322434135a168ea198c599eac","CompositionRelationship","","","id-01ada7901b6a4f3588593291172ffd82","id-c9747cc84627452194143d2307af6be1",""
"id-b74b4eb3932a4a51a1a3c8be0c6a32b8","CompositionRelationship","","","id-3320f5f1846546fbb9f68e2b4f8e01b2","id-687a430304af4959908453ac8768cf48",""
"id-ed73487797664774a7ea73ffe38df844","CompositionRelationship","","","id-3320f5f1846546fbb9f68e2b4f8e01b2","id-edfa9aa2bebd4eadb8b8dcb9dafe6db5",""
"id-7c48a5b2cb7049f6b7801acb33a0f77a","CompositionRelationship","","","id-aa4cad694d3045e2834fe62c0b7f16f1","id-07d408add2044197a01b6e18ab02e063",""
"id-e4ad8d8a73f442489928b86914fa4030","CompositionRelationship","","","id-aa4cad694d3045e2834fe62c0b7f16f1","id-af6cc54100534bfcb62697f70be003c6",""
"id-8d36c4b9c30f48a49bba563ffd4ba483","CompositionRelationship","","","id-aa4cad694d3045e2834fe62c0b7f16f1","id-444d5230431a46dc86b59053b1f65027",""
"id-e778679e8516489ea9ef589ea51f5a01","CompositionRelationship","","","id-aa4cad694d3045e2834fe62c0b7f16f1","id-c6e7160ff94e416caa483dfb18f3d465",""
"id-fd5b9a28ca6146e3bfa20f37b0406bfa","CompositionRelationship","","","id-aa4cad694d3045e2834fe62c0b7f16f1","id-5a0b29d6c09c40d99fa8d9999df552d5",""
"id-8ae5152e6adb4c959068e268159d9070","CompositionRelationship","","","id-aa4cad694d3045e2834fe62c0b7f16f1","id-0e8402db124a4fbeadef7c2950c1640b",""
"id-d0a47375880a4d728da32c6f0973f7e4","CompositionRelationship","","","id-aa4cad694d3045e2834fe62c0b7f16f1","id-5a06762ed7b148a18cd7ef027d35d356",""
"id-ce1b589a6da1486a89d526e996a503a2","CompositionRelationship","","","id-aa4cad694d3045e2834fe62c0b7f16f1","id-1da0d302c0f94c43a562ad9dea98034e",""
"id-7097b90704a945798ddfbb671c82d7fb","CompositionRelationship","","","id-aa4cad694d3045e2834fe62c0b7f16f1","id-9e04d2b15e274bb1b36266e0ea357455",""
"id-4d27a2c6d5b441779685231d2bce10f3","CompositionRelationship","","","id-aa4cad694d3045e2834fe62c0b7f16f1","id-e04f72e339784a0e91bdd687216b0706",""
"id-73d9e0a120a7424aaeb168cb73270b6b","CompositionRelationship","","","id-778d482a5ae84baca4d9d63d2c0a0b68","id-175a270c4c354c9e91d002a9398addd0",""
"id-60a212d0d1df473cb6b51f490936f30f","CompositionRelationship","","","id-778d482a5ae84baca4d9d63d2c0a0b68","id-50e6f386ee334165bd4bcf327db29d6c",""
"id-44dcb96e2f3e4d1ea35c350d4204ddf1","CompositionRelationship","","","id-175a270c4c354c9e91d002a9398addd0","id-b6d2753049f040eaafbc2b2e5c2de110",""
"id-99cb6ab12d1e44a4807486ce213965ae","CompositionRelationship","","","id-175a270c4c354c9e91d002a9398addd0","id-81d36366140246e2816684d7b155e708",""
"id-e8aeaba3e8684ad29854ee25abd9dfe2","CompositionRelationship","","","id-50e6f386ee334165bd4bcf327db29d6c","id-cf0ed14235dc4a4dba41f734da56071f",""
"id-44c4acea2f95460fa3eaa71e5171ff5c","CompositionRelationship","","","id-50e6f386ee334165bd4bcf327db29d6c","id-a1c51791bce04600981326413d7aba38",""
"id-1d4ef5080c5f4b70834a496fec690aa1","CompositionRelationship","","","id-50e6f386ee334165bd4bcf327db29d6c","id-4573e66414d34323b457f8cfbcce198c",""
"id-9b00ff97b86d4c9183f0186913d5bf85","CompositionRelationship","","","id-778d482a5ae84baca4d9d63d2c0a0b68","id-9466f30453044b3ca48e1216ac67b501",""
"id-b9e2db22a71a490c9709b88fdf53116f","CompositionRelationship","","","id-9466f30453044b3ca48e1216ac67b501","id-8a26d56d370142f5b8ca4f024cf13863",""
"id-9b623d85b6094d39b7c239fbd5e2e2a5","CompositionRelationship","","","id-9466f30453044b3ca48e1216ac67b501","id-957b08b3a93d473dbbde8ffbfc65f25b",""
"id-576bf98739f64dc1b8b0746cd12754bd","CompositionRelationship","","","id-07d408add2044197a01b6e18ab02e063","id-70b16bb9fe324ebeb2e1ef684612acb2",""
"id-058707beab9a4e8680ead7e53e1b026f","CompositionRelationship","","","id-70b16bb9fe324ebeb2e1ef684612acb2","id-41a7a291ca834630b23846e63845fd82",""
"id-2a202367bcc8448980ea008547fc084a","CompositionRelationship","","","id-70b16bb9fe324ebeb2e1ef684612acb2","id-502fe58e81494447a94f0f7bff8e98bf",""
"id-df3914fb41db42dd85a5354255718d35","CompositionRelationship","","","id-70b16bb9fe324ebeb2e1ef684612acb2","id-89387b7b88564972ab721865ba05ca69",""
"id-862d74f134af40ca90d98cdb100ef2e8","CompositionRelationship","","","id-07d408add2044197a01b6e18ab02e063","id-2b7a8ae6af0941b58788d598cac782cb",""
"id-2373683782714ab28eaf706ef8bf94d6","CompositionRelationship","","","id-2b7a8ae6af0941b58788d598cac782cb","id-c749a3cc49c64a79b4c3a40f50f5b28e",""
"id-7ca5d5bd18c343a4a9e2b3de8ff4bc0f","CompositionRelationship","","","id-2b7a8ae6af0941b58788d598cac782cb","id-0e1b3c8a48754257ad2114439c366f00",""
"id-f555c241804c4c0e97d903789d840cba","CompositionRelationship","","","id-2b7a8ae6af0941b58788d598cac782cb","id-718f74b84c05465c8815f4284029f7cc",""
"id-071d56bc0f414f7abeb0338449361acb","CompositionRelationship","","","id-2b7a8ae6af0941b58788d598cac782cb","id-f090210e481f4a2db2d1fb669e8cf6e8",""
"id-03d6a206632645399f3af94985dea4e7","CompositionRelationship","","","id-07d408add2044197a01b6e18ab02e063","id-98f6162b3ca7494da416a2df44b09398",""
"id-73f568e1bcad42dba8e17a38905eb6e4","CompositionRelationship","","","id-98f6162b3ca7494da416a2df44b09398","id-00c86d0e044f4965b652d84854f735bd",""
"id-a9ba1f0aebb6481a9bd08c02f41d164f","CompositionRelationship","","","id-98f6162b3ca7494da416a2df44b09398","id-04d990f9224d4dc7899d0b29c0691048",""
"id-e31ce16ec78949e19d077a9f0cbdb031","CompositionRelationship","","","id-98f6162b3ca7494da416a2df44b09398","id-6e99887d42ad45c7b29dbac85ce98c7a",""
"id-0285f83ca0d24b6eb60e65776d67a558","CompositionRelationship","","","id-98f6162b3ca7494da416a2df44b09398","id-0a78ee505e0b49d594c6dedbb6afab6d",""
"id-73def14256304c8986f9cc8909266785","CompositionRelationship","","","id-af6cc54100534bfcb62697f70be003c6","id-766fb8228f4f46c483af99776237d37a",""
"id-957abd80330a44fb9656ec303beef4e4","CompositionRelationship","","","id-766fb8228f4f46c483af99776237d37a","id-40eddfc5c9464b06afa1f48e61513582",""
"id-2f6af72525a84d2299ba928666b957b1","CompositionRelationship","","","id-766fb8228f4f46c483af99776237d37a","id-23cef958778a476b986aa9c84577b765",""
"id-25df620517c44018bd9e8654360e1f2c","CompositionRelationship","","","id-766fb8228f4f46c483af99776237d37a","id-5c69b9699be3471989b88526164cc088",""
"id-1d7917267c434b1db66f9f412fb4b634","CompositionRelationship","","","id-766fb8228f4f46c483af99776237d37a","id-030360edf0f04f9e929066e7e5d7eff7",""
"id-27c1b1393a71408ea71f34688857f915","CompositionRelationship","","","id-766fb8228f4f46c483af99776237d37a","id-d252b968c1374e389c3d5b8d3f1de1ac",""
"id-c3a21cac816f45cbbd5b99d1415e79de","CompositionRelationship","","","id-766fb8228f4f46c483af99776237d37a","id-0e4617d1ba774234a6fbe31aafd57b6a",""
"id-e4263b66b0c64454b3d2579a43a03e55","CompositionRelationship","","","id-766fb8228f4f46c483af99776237d37a","id-5c5660f70d1f44ddb982ed060c640b0b",""
"id-97ddd6e838d941a58003e8703cecb109","CompositionRelationship","","","id-766fb8228f4f46c483af99776237d37a","id-a33320454c67473eb574ddeef95d5729",""
"id-d892848f18ce41b1b6e9da6b8556438f","CompositionRelationship","","","id-766fb8228f4f46c483af99776237d37a","id-d74c12bbe9b34da08367ab5e79e3d0dd",""
"id-28fd9be5b5b042cea4329e70ae2e408b","CompositionRelationship","","","id-766fb8228f4f46c483af99776237d37a","id-9d49fbae4ebb4712acb6194f99569610",""
"id-477bb868e3314527abbec2bf93a1100e","CompositionRelationship","","","id-766fb8228f4f46c483af99776237d37a","id-3597c35e6c674c0db6d185d0dc7bb5fa",""
"id-496c92faa51e4f48b638af6c6f46b408","CompositionRelationship","","","id-766fb8228f4f46c483af99776237d37a","id-00a151a3d8f54d3aac043b2b18295d0c",""
"id-a5310d385ae64c6baa6e05294155efb8","CompositionRelationship","","","id-766fb8228f4f46c483af99776237d37a","id-51f24a98199d4d37abbae01306e7aaba",""
"id-5b4f633885a243289cf8c557f4ba2b09","CompositionRelationship","","","id-af6cc54100534bfcb62697f70be003c6","id-7df99939649f4f6eb8baf1cd2e56eaa5",""
"id-dd518c3edf9b4d2aa9b6ea51cd62a0bf","CompositionRelationship","","","id-7df99939649f4f6eb8baf1cd2e56eaa5","id-6ddb4a2c81f149f7b5dc07733d439d2d",""
"id-efeaf542bc63408688a01c763b4adbf4","CompositionRelationship","","","id-7df99939649f4f6eb8baf1cd2e56eaa5","id-fc0e0c6babc24345985f44745a6e343d",""
"id-36203984871845f3bdb43d699f45552a","CompositionRelationship","","","id-7df99939649f4f6eb8baf1cd2e56eaa5","id-f13096eed29146398d804e6b0395aa46",""
"id-280813a078fd454e8a39765fd757aa7e","CompositionRelationship","","","id-7df99939649f4f6eb8baf1cd2e56eaa5","id-1c2c6c59685740d584224b097e6345cd",""
"id-0abcd444f2764b02a44fd69ce0743026","CompositionRelationship","","","id-7df99939649f4f6eb8baf1cd2e56eaa5","id-2b81616eff7d462a84e0201a0e8c6143",""
"id-e598e263b48a49d1be3c173898d76493","CompositionRelationship","","","id-7df99939649f4f6eb8baf1cd2e56eaa5","id-2ced55eb4b7c47e2b65351825594e050",""
"id-f240b8029d2f40dabdfb2ac83e161cc1","CompositionRelationship","","","id-7df99939649f4f6eb8baf1cd2e56eaa5","id-b640730473bc4098903a58633de9b593",""
"id-b091e3c74161415e98620bf989543207","CompositionRelationship","","","id-af6cc54100534bfcb62697f70be003c6","id-3655ad0c6ee340f7952b68f1b0020494",""
"id-a899e3399a83440a88f084f02a697bc7","CompositionRelationship","","","id-3655ad0c6ee340f7952b68f1b0020494","id-784ad98b13d24d3d8bd8f4ea5d40baef",""
"id-d3bb5972e1e24483ac2ee9128eea109f","CompositionRelationship","","","id-3655ad0c6ee340f7952b68f1b0020494","id-e8d616cfb164499195a9cf1d8dc9032f",""
"id-16f83caff21242e2a22ecf23ff26aaae","CompositionRelationship","","","id-3655ad0c6ee340f7952b68f1b0020494","id-7f1eeb89f4654dd58aeaec83e439ff83",""
"id-a513f5f8bdec45db949daae63cdec6b8","CompositionRelationship","","","id-3655ad0c6ee340f7952b68f1b0020494","id-79bfe6f4109c43a0806f0591c7bed9cc",""
"id-d679444e03ff43e29644854c73acebbb","CompositionRelationship","","","id-3655ad0c6ee340f7952b68f1b0020494","id-f9f38c979f1846809a0e2a1285b3973b",""
"id-576c5d7f36e542a7a7933ef6d76d5690","CompositionRelationship","","","id-3655ad0c6ee340f7952b68f1b0020494","id-aad13347666740c18ced2f2ef9e8cb5e",""
"id-476d6e348f3b46d6a349afa38d7ad780","CompositionRelationship","","","id-444d5230431a46dc86b59053b1f65027","id-825a1c274b544e50aed468d3ea838ff8",""
"id-938d34ecc735498f9cc15c4804673ef9","CompositionRelationship","","","id-825a1c274b544e50aed468d3ea838ff8","id-5046cda9dd6f4251ba5de700723f8a93",""
"id-f7a32cc87a974a9786aaf72a1282339e","CompositionRelationship","","","id-825a1c274b544e50aed468d3ea838ff8","id-b07fd51e152647aeb7c750e4a31937c1",""
"id-a7b138d91996425e8da7ca0d8a43b9d3","CompositionRelationship","","","id-825a1c274b544e50aed468d3ea838ff8","id-5ed61b05e58841ccb107cf1809ad19bd",""
"id-f3d6ba7e25384fb5b50341fe26579ee8","CompositionRelationship","","","id-825a1c274b544e50aed468d3ea838ff8","id-8cf14b697465402485604820b21120db",""
"id-a623d9c4c8a54e8e9c26d924df24615e","CompositionRelationship","","","id-825a1c274b544e50aed468d3ea838ff8","id-d7ce463538bc4d86b6465127e3b83cd2",""
"id-5ec308647b134d29b25a4a7dd55a1a7c","CompositionRelationship","","","id-825a1c274b544e50aed468d3ea838ff8","id-e85c47f346f84eb890c4bdfa348e0e08",""
"id-457def9a55374e1d8df404b467ba997d","CompositionRelationship","","","id-444d5230431a46dc86b59053b1f65027","id-0b6de86aa9044ece815142b4734f7d0b",""
"id-b2c2cde1953a46f8b4edb3874f8be29e","CompositionRelationship","","","id-0b6de86aa9044ece815142b4734f7d0b","id-8790bff584b54254a814ff67ae6e42be",""
"id-8fd9a244e3ae4f95acaaf75b98bd87cb","CompositionRelationship","","","id-0b6de86aa9044ece815142b4734f7d0b","id-9ffd4ea8d1504f4691b136ac194c580b",""
"id-854fadf300334239964750482bc1c3c3","CompositionRelationship","","","id-0b6de86aa9044ece815142b4734f7d0b","id-68dead733f6b4edfafcbbd3de86e496a",""
"id-35b5cb5bf17246cf8c31cf5730eaaf87","CompositionRelationship","","","id-0b6de86aa9044ece815142b4734f7d0b","id-9c0c16355e6445dd995b9f6f8ffeac5a",""
"id-7bc6c29800604f01b8024d539c5b1a3d","CompositionRelationship","","","id-0b6de86aa9044ece815142b4734f7d0b","id-151ef7c415af4ae3ad4e05005e95fb18",""
"id-8151e827acb84bc1b775478853b92cd3","CompositionRelationship","","","id-444d5230431a46dc86b59053b1f65027","id-10929596dc7b48179e0138918b949740",""
"id-0f99c44fe0b7446c9821bf2e607da06a","CompositionRelationship","","","id-10929596dc7b48179e0138918b949740","id-e10be7ff57ef426da874ef5ece450863",""
"id-07398d9d38d6452881ee23fe5ab5774d","CompositionRelationship","","","id-10929596dc7b48179e0138918b949740","id-e07e89231dea462eb7202d43544608b8",""
"id-0796c98b39934cb7873ff4f125a24509","CompositionRelationship","","","id-10929596dc7b48179e0138918b949740","id-703befae908f4643b93363965d7807dc",""
"id-1993bad911f44fc0ae7c92fc76491b75","CompositionRelationship","","","id-c6e7160ff94e416caa483dfb18f3d465","id-fd1b9ac67e5d4d79bbfccfc980a426f0",""
"id-a2d91c25c24e4b38be51d248396ec672","CompositionRelationship","","","id-fd1b9ac67e5d4d79bbfccfc980a426f0","id-b7cd200e54544b2284d0900687cc093e",""
"id-b9ec148087354f8c8eb55c013b0fd966","CompositionRelationship","","","id-fd1b9ac67e5d4d79bbfccfc980a426f0","id-79d3515e023b414c94dfff2021ddb2b8",""
"id-f0b196fe973d4cd193dfd3f5ac73a610","CompositionRelationship","","","id-fd1b9ac67e5d4d79bbfccfc980a426f0","id-91f3527e099f43ad9aa9488ae4447b9a",""
"id-c1125227f28b4a13a2a27eefdb74f635","CompositionRelationship","","","id-fd1b9ac67e5d4d79bbfccfc980a426f0","id-d1025149b3e84fc7902a4a4780efeffa",""
"id-f1b4d624913d4b7f83f717b55033f779","CompositionRelationship","","","id-fd1b9ac67e5d4d79bbfccfc980a426f0","id-effcd83167b946ff8f80fa9ada002fb3",""
"id-99031991a81048f8b515e1416b5cc463","CompositionRelationship","","","id-fd1b9ac67e5d4d79bbfccfc980a426f0","id-5bc3d93489c348f7a3e4820712d3bb16",""
"id-cd16142409cf4f0691967ab071a7d4e5","CompositionRelationship","","","id-fd1b9ac67e5d4d79bbfccfc980a426f0","id-94cc4b71d4e84e71bd1cb167e27d3273",""
"id-53ee82c8779f4016a4764afe85b11397","CompositionRelationship","","","id-fd1b9ac67e5d4d79bbfccfc980a426f0","id-1e54be61e5b349cc8fa7c4b472635258",""
"id-d5a04a89dd344b59b304679d606da601","CompositionRelationship","","","id-fd1b9ac67e5d4d79bbfccfc980a426f0","id-2efe471eff454c598e85d9e4cd875b7c",""
"id-35d53e1d8ff84d1aa5d138b5d50bc91c","CompositionRelationship","","","id-fd1b9ac67e5d4d79bbfccfc980a426f0","id-dcdba8300bbe4f4197cb9cc48a3d5d0c",""
"id-cce8dc1c0d3a4d00b5f7c18972c8dfe2","CompositionRelationship","","","id-fd1b9ac67e5d4d79bbfccfc980a426f0","id-cdf33f48ffd54b9582e11221aa7a23d8",""
"id-4dd123c6d54d4c62a93cc5d106b53bfa","CompositionRelationship","","","id-fd1b9ac67e5d4d79bbfccfc980a426f0","id-9b6eae5798ce4d33b6474381e2af97b9",""
"id-757093a292164cc9a6e69e5bcca9ab12","CompositionRelationship","","","id-c6e7160ff94e416caa483dfb18f3d465","id-4fb71d0774714b908145e5edb0cbbff4",""
"id-a1959be9b2b743c9b3feef49de8f2d14","CompositionRelationship","","","id-4fb71d0774714b908145e5edb0cbbff4","id-a8d99b0053574ef9b6f36ed959d51d04",""
"id-53b65dfcd7804e04859b084987dabf09","CompositionRelationship","","","id-4fb71d0774714b908145e5edb0cbbff4","id-436cad76328f499ca34692ccbffc408a",""
"id-74b093cea70c4d7fadfe8c91b0a7a486","CompositionRelationship","","","id-4fb71d0774714b908145e5edb0cbbff4","id-a3dd5caaff3a4749954eccec0055d4f9",""
"id-2d4d7800b479482ca68c5f884087009c","CompositionRelationship","","","id-4fb71d0774714b908145e5edb0cbbff4","id-b9dcab51480f4f9ca413057a299f8a49",""
"id-cf7f2f321cff42a7a91fd0b51640f765","CompositionRelationship","","","id-4fb71d0774714b908145e5edb0cbbff4","id-7acc1272349c4fb49d5dfe3ff665ebf7",""
"id-617c9d25f8d442b183822f7a48707828","CompositionRelationship","","","id-4fb71d0774714b908145e5edb0cbbff4","id-5a62c64c478445f6b826f9ef9168af74",""
"id-c2dc7c8121cd4039a4748b9b32f4f3b5","CompositionRelationship","","","id-4fb71d0774714b908145e5edb0cbbff4","id-080c337791e04a0fa73511f51cc7e156",""
"id-14f391a6ee17476b9161aee3ada7ea0f","CompositionRelationship","","","id-c6e7160ff94e416caa483dfb18f3d465","id-7ef778d2d64c40199651839cb4d3866e",""
"id-94222207f7a34b8ba69d95e698a5ed5f","CompositionRelationship","","","id-7ef778d2d64c40199651839cb4d3866e","id-e7dc793ff1434fc59d4c13d9cc6222df",""
"id-f513b3cfdc054869a59f7656374bbc08","CompositionRelationship","","","id-7ef778d2d64c40199651839cb4d3866e","id-6b2da145fdeb431ea152b97ab219a7fb",""
"id-15c44d0cba4d44ea8e74853c17e8a450","CompositionRelationship","","","id-7ef778d2d64c40199651839cb4d3866e","id-6d2afed7d1a54505998d57115b4a35d4",""
"id-a951a568b45246caa07bb479bc8f6777","CompositionRelationship","","","id-5a0b29d6c09c40d99fa8d9999df552d5","id-94f3f97890b840748086ee5955a5e267",""
"id-ec09eb5956aa4debb6eb8e3078808404","CompositionRelationship","","","id-94f3f97890b840748086ee5955a5e267","id-615d344d794c492aaf9d9c585d4d3b33",""
"id-85330e5a9c4b4bf7a032d272dbda9430","CompositionRelationship","","","id-94f3f97890b840748086ee5955a5e267","id-17a0090d4a24482aa3d7112603ec174c",""
"id-e9b52f28f3af41f0a71906ba1e68e814","CompositionRelationship","","","id-94f3f97890b840748086ee5955a5e267","id-47dd3e94f42b4c668315e31babc6b7be",""
"id-e1ba7e8e2a544083bc1509205d9d2cef","CompositionRelationship","","","id-94f3f97890b840748086ee5955a5e267","id-f4065debd1af4d9594da0f33a686de56",""
"id-60a9c589449446f7ace8e14b35fe456d","CompositionRelationship","","","id-94f3f97890b840748086ee5955a5e267","id-63f290b26fd24779867047c5953958f9",""
"id-10024f48dba84bb88ddcc9d0420d8710","CompositionRelationship","","","id-94f3f97890b840748086ee5955a5e267","id-9744cb51c40e4062b8b85c38160945e4",""
"id-96bd84136a1541638eb27a63eb48c8d2","CompositionRelationship","","","id-5a0b29d6c09c40d99fa8d9999df552d5","id-893465980aa04844b2f6dfa1eec4bc2d",""
"id-65ddccfaa72b4f51a9eb618ab9d8efae","CompositionRelationship","","","id-893465980aa04844b2f6dfa1eec4bc2d","id-4b035398a347443095017cea34bc1765",""
"id-473e58cb6b1942d192940b0bf641895c","CompositionRelationship","","","id-893465980aa04844b2f6dfa1eec4bc2d","id-9ae76221592c4f339d7844d8bda41b99",""
"id-a80fcee7c27f4f3da3e4d76d80816568","CompositionRelationship","","","id-893465980aa04844b2f6dfa1eec4bc2d","id-12bacfc5d860487181f549d269bb0cde",""
"id-a50be6b1b3b4489b82484ebcd2afab80","CompositionRelationship","","","id-893465980aa04844b2f6dfa1eec4bc2d","id-d2855dc52cb6481ba074a4a80bbf7107",""
"id-c7483efe6ea04e96b5cd33b5511eb255","CompositionRelationship","","","id-893465980aa04844b2f6dfa1eec4bc2d","id-b62d514eaf3645f1bcde91213c5756b5",""
"id-e556655f061140aabf7c4f55e700c6ff","CompositionRelationship","","","id-893465980aa04844b2f6dfa1eec4bc2d","id-ad6a7fa976684c588b581f4878bd200a",""
"id-16c9010e63e445a4912bd6441955fbb8","CompositionRelationship","","","id-893465980aa04844b2f6dfa1eec4bc2d","id-d031912487e64ee880c9497ad3680c7f",""
"id-322e563485b14debad10052183b98510","CompositionRelationship","","","id-0e8402db124a4fbeadef7c2950c1640b","id-6556d172e96646eb980c93dc317f070a",""
"id-20971d7b36d3450fb1aa3bd02194e4a8","CompositionRelationship","","","id-6556d172e96646eb980c93dc317f070a","id-62fe2dda94fa4a7fbd29a11ab6f62630",""
"id-9b8c787ede6449808aa68995ca87cf59","CompositionRelationship","","","id-6556d172e96646eb980c93dc317f070a","id-fc25074be29a4832b7253b7b1890f4f1",""
"id-c803608d5f57478a8e88ed2b61989edf","CompositionRelationship","","","id-6556d172e96646eb980c93dc317f070a","id-e70222fa61544433ac7b0ee4a7e242fc",""
"id-8ba05f31444e4012aa2dc60e268fe8d5","CompositionRelationship","","","id-6556d172e96646eb980c93dc317f070a","id-a5886027636b4fcf9a088d05d6d291f0",""
"id-5d61f780f0f242a5b2a2d899937eb6b1","CompositionRelationship","","","id-0e8402db124a4fbeadef7c2950c1640b","id-a76fc7de0762454eb78d919943da9b3d",""
"id-29f711e10c804fea8d0db94b1ddda6b8","CompositionRelationship","","","id-a76fc7de0762454eb78d919943da9b3d","id-31d163c89d084af8a18a2e63e1fc11ce",""
"id-07f505aad9d44c168b2862931efa13ed","CompositionRelationship","","","id-a76fc7de0762454eb78d919943da9b3d","id-dbe0795dc6d844ef9cabaac245fbff0e",""
"id-d68c75647cb046e8af84ed85e248c6f8","CompositionRelationship","","","id-a76fc7de0762454eb78d919943da9b3d","id-967c7e4a33054904872a8a8b681a1d55",""
"id-325db8eee68f44ff836e0021ed222e34","CompositionRelationship","","","id-a76fc7de0762454eb78d919943da9b3d","id-3b9096bca4684730b61134af71e104fa",""
"id-c08eaf796cf2439fb6a8dc0348a77007","CompositionRelationship","","","id-a76fc7de0762454eb78d919943da9b3d","id-3105354943374788b9c8c125dfc9572a",""
"id-5575b3cfa533453eb370ebbfe4536082","CompositionRelationship","","","id-0e8402db124a4fbeadef7c2950c1640b","id-1dd0304f3cc24483a39fb5c27fea4543",""
"id-ec193d1d84d5415792735323c202c3b8","CompositionRelationship","","","id-1dd0304f3cc24483a39fb5c27fea4543","id-dfffc90614a9474593aa10afa31c265d",""
"id-8237ace3871d46e68f99094039647275","CompositionRelationship","","","id-1dd0304f3cc24483a39fb5c27fea4543","id-1985597119994e81a4584cef7cba7862",""
"id-02b87dd5364f401cbfb8b536a89c85e9","CompositionRelationship","","","id-1dd0304f3cc24483a39fb5c27fea4543","id-86ae4e2d5d3347a494a35e86a896bb41",""
"id-9b4040d3f40c49ba927736fa9055719d","CompositionRelationship","","","id-0e8402db124a4fbeadef7c2950c1640b","id-48db1d78c02b4c6196d76fb2ae65f91c",""
"id-df23a63b3b0a4c93a211eca12e2f554b","CompositionRelationship","","","id-48db1d78c02b4c6196d76fb2ae65f91c","id-fd17f4a83b9142bbab5244cf215dabd4",""
"id-f683a4447f91424eb7f077eb74246306","CompositionRelationship","","","id-48db1d78c02b4c6196d76fb2ae65f91c","id-12a606821d564d428b28ae9fa00bc14e",""
"id-c4b2c86aafb645448b2d8d8c13da6e90","CompositionRelationship","","","id-48db1d78c02b4c6196d76fb2ae65f91c","id-c8d6ad7ca29749c7b789591e30002416",""
"id-eb7b59e4cf2145deb35faf50c7a15657","CompositionRelationship","","","id-48db1d78c02b4c6196d76fb2ae65f91c","id-427f1442b62e4da9aa1b220e9c71b6ce",""
"id-8956106ac9134a38b54b5f5e9aac4070","CompositionRelationship","","","id-0e8402db124a4fbeadef7c2950c1640b","id-6598db642b7843ab92f1fc77cacfd841",""
"id-2e117e5dc1eb43f2b7ac0629a669c323","CompositionRelationship","","","id-6598db642b7843ab92f1fc77cacfd841","id-1eb316c4abbd4945bcd3652264f7fd23",""
"id-322b796c08f54b01a17aaf334452d65e","CompositionRelationship","","","id-6598db642b7843ab92f1fc77cacfd841","id-5b6623b3cadd4fe4b1a47690632f493c",""
"id-ca8febaa35834ef7bd1f1683796725f8","CompositionRelationship","","","id-6598db642b7843ab92f1fc77cacfd841","id-e5e3cf01809e49ca840af120373a76b5",""
"id-5d2a3a49c71d4267addfe8b1cc375c87","CompositionRelationship","","","id-5a06762ed7b148a18cd7ef027d35d356","id-c9382f30471841d7987142d1dbf4deba",""
"id-1e849aec902c448da4c880cf33a35742","CompositionRelationship","","","id-c9382f30471841d7987142d1dbf4deba","id-4472bcb5a9db42539c117ebdac19169d",""
"id-843cab99284d4ac798c25b4a5b0fb5ed","CompositionRelationship","","","id-c9382f30471841d7987142d1dbf4deba","id-7b7199ddc8324c9a9c7345f3aecd08ba",""
"id-948a092009914f1588746d4591340048","CompositionRelationship","","","id-c9382f30471841d7987142d1dbf4deba","id-3f276b4d6f414d17801d02d65e344075",""
"id-2b9ae5ddf79a47c0a228c95e1168c99b","CompositionRelationship","","","id-c9382f30471841d7987142d1dbf4deba","id-e951dae103664e4eb4d2164a5ead03ce",""
"id-227b8d6efce64f3497265cce5a0c6c7f","CompositionRelationship","","","id-c9382f30471841d7987142d1dbf4deba","id-1bda77ab1e84456da03193f82f210bb2",""
"id-6176287c8df44e2cafaa48e8a229c00e","CompositionRelationship","","","id-c9382f30471841d7987142d1dbf4deba","id-205aa7fae609466c9597ab5ca237b533",""
"id-c78b2c8bc70b481592481b4aa718d1e2","CompositionRelationship","","","id-c9382f30471841d7987142d1dbf4deba","id-019edfa0f6c7412cac7dc7c69ba76f9b",""
"id-1692343de20b46a4b657f85bfa1604d6","CompositionRelationship","","","id-c9382f30471841d7987142d1dbf4deba","id-d770dca7155840c48260a6389d33e0c9",""
"id-2792e45d02bb4a20a5adb7a44445a264","CompositionRelationship","","","id-c9382f30471841d7987142d1dbf4deba","id-33b8597e6fda4c02948e66df7cd9ff1a",""
"id-ed8f28e1e636491eaf9f6af2a6883012","CompositionRelationship","","","id-c9382f30471841d7987142d1dbf4deba","id-7997bdeea5074b8fb3e0712381474b3a",""
"id-5281332b3667471a8616fa5566ff4463","CompositionRelationship","","","id-c9382f30471841d7987142d1dbf4deba","id-eb5069efbea24f8fb146c0d7a6b44fbb",""
"id-d5e3667591f64a1b9021413c6f05c4e5","CompositionRelationship","","","id-5a06762ed7b148a18cd7ef027d35d356","id-abad815cd26f4a02a39fca08ed0152a0",""
"id-bf7bb19a73ac48d1aacc6a8ab1e93a0d","CompositionRelationship","","","id-abad815cd26f4a02a39fca08ed0152a0","id-ad668bce11874e738b5e95e38ba83b30",""
"id-15bf547c113049cf88d78944c843334d","CompositionRelationship","","","id-abad815cd26f4a02a39fca08ed0152a0","id-eb497a37d063473c8376d0a3d426e4b8",""
"id-3e509fdf43ef49bdae177b6ddaf45b04","CompositionRelationship","","","id-abad815cd26f4a02a39fca08ed0152a0","id-1b14da9712b944b9902569917150168d",""
"id-ea3817ea1b474b70bdade891c7c15696","CompositionRelationship","","","id-abad815cd26f4a02a39fca08ed0152a0","id-6512596872c54369b26b8d4d3de0c264",""
"id-fe2b87eab25e4bfaaf38670c5cea62cf","CompositionRelationship","","","id-abad815cd26f4a02a39fca08ed0152a0","id-2c07de20cb084892be74a2905ef30386",""
"id-9a4c5a6ff4774543a007172ea6de3f9a","CompositionRelationship","","","id-5a06762ed7b148a18cd7ef027d35d356","id-288d23596a3e4662bc386bff7a9493a5",""
"id-7a48cea8efbb4f5d8331f7bbb7e351ae","CompositionRelationship","","","id-288d23596a3e4662bc386bff7a9493a5","id-fe227efa03df4854b5e7fdd3c1f6e032",""
"id-a1a802a6bfb645258bc54484bf984b7c","CompositionRelationship","","","id-288d23596a3e4662bc386bff7a9493a5","id-d4924b028f4f410da55f3fccb4f347e5",""
"id-bc379566f70c4d699a9fd5c579869ac6","CompositionRelationship","","","id-288d23596a3e4662bc386bff7a9493a5","id-cedca0263dd6418689d236de94c62d94",""
"id-3a3ce59cd7c0437ba0a54677cc1cc54d","CompositionRelationship","","","id-288d23596a3e4662bc386bff7a9493a5","id-9eb4d0f0f2e8403abad1e6a5e7e9dc75",""
"id-d700c0a4e17a4972831572ab1a666c4d","CompositionRelationship","","","id-288d23596a3e4662bc386bff7a9493a5","id-7362893b2e3f426daba56bb3dc207158",""
"id-c7c8473982f54abbbfe42b5f6547d9f1","CompositionRelationship","","","id-5a06762ed7b148a18cd7ef027d35d356","id-cb66d337035c4970bb53fb23b9744b87",""
"id-019fc91c686144b38114896430d552ab","CompositionRelationship","","","id-cb66d337035c4970bb53fb23b9744b87","id-5f166fb021f84a22be14ce0560e976e9",""
"id-1dcb3bfcd57f4f849b74fda0bc7403e8","CompositionRelationship","","","id-cb66d337035c4970bb53fb23b9744b87","id-e096c7f62aaa4efab51b647c277c4ca8",""
"id-9094f98a10c14decba7987b16ebdb3f1","CompositionRelationship","","","id-cb66d337035c4970bb53fb23b9744b87","id-38cb0629f3404761a41a38e11bc498af",""
"id-68c19b18eea34a2795bec90a84ce1013","CompositionRelationship","","","id-cb66d337035c4970bb53fb23b9744b87","id-eeaf7415a54943189e035b9ad0d681f9",""
"id-b0d10ced2bfb49e2a52230eec6c138d9","CompositionRelationship","","","id-cb66d337035c4970bb53fb23b9744b87","id-f03b82b191f1413f85499f1eb939005a",""
"id-a6451482bf364aeb865ea9a2501082a1","CompositionRelationship","","","id-cb66d337035c4970bb53fb23b9744b87","id-513a411a926843e2998594d45b6f8e8a",""
"id-ccd1cf76481c400ab77ab0a79713d2a6","CompositionRelationship","","","id-1da0d302c0f94c43a562ad9dea98034e","id-34c49feb7ee44dd182aa91f00eabc8a2",""
"id-afb95f241a4941a38e3ea90e4ca9336a","CompositionRelationship","","","id-34c49feb7ee44dd182aa91f00eabc8a2","id-7f1d1f782080424a90baaba45feff6bb",""
"id-06864008e1c848c7810eab6fb295a047","CompositionRelationship","","","id-34c49feb7ee44dd182aa91f00eabc8a2","id-6e8eb8c6946348d994183669d1b9d406",""
"id-03f6669e091a4a31893afa58a038d431","CompositionRelationship","","","id-34c49feb7ee44dd182aa91f00eabc8a2","id-ce2a319c3e594fe5a479f7e5fe9a28a4",""
"id-3853bfd2eb4b4c05a31d0889c0a48303","CompositionRelationship","","","id-34c49feb7ee44dd182aa91f00eabc8a2","id-eb12871d360245e3ae78df58e358b941",""
"id-369da42920bb46d098a24e727e1a9962","CompositionRelationship","","","id-34c49feb7ee44dd182aa91f00eabc8a2","id-81b0494270a34409947e79203cd15a80",""
"id-255d2988ce8544e7975e7194fd0c376b","CompositionRelationship","","","id-1da0d302c0f94c43a562ad9dea98034e","id-54148dfaae4a4b4f9f1a02d134bdb4bd",""
"id-0892da8567544790be89bb0544ff2f35","CompositionRelationship","","","id-54148dfaae4a4b4f9f1a02d134bdb4bd","id-fc1a5090f2dc4c228d46e20c6b9529d5",""
"id-dfb064fb4e9445de8c3730df74b4e2a0","CompositionRelationship","","","id-54148dfaae4a4b4f9f1a02d134bdb4bd","id-b0c639961dc24a2489d5e675ef0b078b",""
"id-57478217fdad492ba6ca97fd4eeb005f","CompositionRelationship","","","id-54148dfaae4a4b4f9f1a02d134bdb4bd","id-b2b566b7a0774c82af0e288d6007616d",""
"id-379a649e17284121966e5643cb879222","CompositionRelationship","","","id-1da0d302c0f94c43a562ad9dea98034e","id-07c0cd6c6b644cd59ea9eceecace1127",""
"id-fdff1e26617e4a0ea5af2b32998172d9","CompositionRelationship","","","id-07c0cd6c6b644cd59ea9eceecace1127","id-84ebf9b5232a450eb03fd470e95e92ed",""
"id-4e6c205aa5e94890a6bbc1ef5b203549","CompositionRelationship","","","id-07c0cd6c6b644cd59ea9eceecace1127","id-6dd52f05e8614ab6a7441b037e9bf6ee",""
"id-7e7bd9c824b449819f22c8d0ad3e0a09","CompositionRelationship","","","id-07c0cd6c6b644cd59ea9eceecace1127","id-16c044a0099e414faa162fba9a926abe",""
"id-cd82028ae97d4e2592a4eb76e5904dc4","CompositionRelationship","","","id-07c0cd6c6b644cd59ea9eceecace1127","id-e3dfc8e5b933488f91c18938f1b2fdc5",""
"id-0d54fa05ba6746c08c19cbb9fd95dcb4","CompositionRelationship","","","id-07c0cd6c6b644cd59ea9eceecace1127","id-cad47b40af174f9089138cb71f18531a",""
"id-eb54e81657aa4b59b4c4a7caced8bb67","CompositionRelationship","","","id-07c0cd6c6b644cd59ea9eceecace1127","id-0c6d544504f142ac9b571b8f4c2d8d89",""
"id-fd093ad6b68c4461bd11715f4004c9b0","CompositionRelationship","","","id-07c0cd6c6b644cd59ea9eceecace1127","id-6497762f394d4874bd4d99d833dec184",""
"id-bf11020798e84cd8bf56135d79c2c101","CompositionRelationship","","","id-9e04d2b15e274bb1b36266e0ea357455","id-ead571377efd406e91fe2c5f5cf515d7",""
"id-d1dc0de0e20f446286b52b8e782ce02d","CompositionRelationship","","","id-ead571377efd406e91fe2c5f5cf515d7","id-b21d6ee5ec1f493f8a8694737a5fc136",""
"id-6b913a6968e448ff92b5f6c7146dc02b","CompositionRelationship","","","id-ead571377efd406e91fe2c5f5cf515d7","id-5e968d3a11414eb9a535a3a6bb27b763",""
"id-6c9d5ea36e3841b590957b6551dcf723","CompositionRelationship","","","id-ead571377efd406e91fe2c5f5cf515d7","id-52a4ee48889b46cb9523a77e0ca23d54",""
"id-250a835020ba42fd9ed18652f8a9ce0e","CompositionRelationship","","","id-ead571377efd406e91fe2c5f5cf515d7","id-82dec72dc78f43d996490ce3ab0bce2a",""
"id-e10245bf5a494a8ba1fc8fc3f33e958a","CompositionRelationship","","","id-ead571377efd406e91fe2c5f5cf515d7","id-34010cdd47b94fd4be71030331b0eba7",""
"id-658016df877645c1b987e6e6c05f6c1b","CompositionRelationship","","","id-ead571377efd406e91fe2c5f5cf515d7","id-2ee54a26de554c8a98d3928b6fb3256f",""
"id-32cfb22143534e35ac4e0dc10c04c4d7","CompositionRelationship","","","id-ead571377efd406e91fe2c5f5cf515d7","id-4670bfe3705a48f9af7541f5b549f98c",""
"id-d09f68732dbf46a0b68555fc81650927","CompositionRelationship","","","id-ead571377efd406e91fe2c5f5cf515d7","id-a18c626fe54349609e5160e939063f07",""
"id-04a7c4bf156242d5b7f698b726b9dac4","CompositionRelationship","","","id-9e04d2b15e274bb1b36266e0ea357455","id-c8a5af6ef9a54496af010413b1685f16",""
"id-bd8f7c2a389a42cfb4032174037ebc3b","CompositionRelationship","","","id-c8a5af6ef9a54496af010413b1685f16","id-9e9390a05908483491f9231beebe417b",""
"id-efa85bf8d09543948cdeb554a5cafd36","CompositionRelationship","","","id-c8a5af6ef9a54496af010413b1685f16","id-92e3b7f12a7e496b89d19495e077dfec",""
"id-02beef846d8c4b72b06eccbe02bb3e39","CompositionRelationship","","","id-c8a5af6ef9a54496af010413b1685f16","id-22679443b50c47deb983940b75c74428",""
"id-c74b4570ff9042c5ad84cf4905581cf0","CompositionRelationship","","","id-c8a5af6ef9a54496af010413b1685f16","id-800ff5aaa5c542fc87113dd56ec72a70",""
"id-741ae6bda26c48728459db66148d4c1c","CompositionRelationship","","","id-c8a5af6ef9a54496af010413b1685f16","id-b9b9ee51edb24a1c8aa30252781a4617",""
"id-2d1e5135025d4d58819af5cdc12701fc","CompositionRelationship","","","id-9e04d2b15e274bb1b36266e0ea357455","id-71b7531de82c4e5381757eed6ad6df92",""
"id-69088278dcf342509127992d5e19a351","CompositionRelationship","","","id-71b7531de82c4e5381757eed6ad6df92","id-15822c7eda824cf8a17a18c91d08fb3d",""
"id-325a47ec75364d7d80af9f5927e64ec1","CompositionRelationship","","","id-71b7531de82c4e5381757eed6ad6df92","id-65b557e458f04faeb811a8f0375b8d1a",""
"id-cfd7d67dc8244b949f5ea5b4bf3fbe0e","CompositionRelationship","","","id-71b7531de82c4e5381757eed6ad6df92","id-3b7606308f514820b82e95c2ca516fa1",""
"id-3a4dea7f966e4db880421b648909447a","CompositionRelationship","","","id-71b7531de82c4e5381757eed6ad6df92","id-29dd3d705f754a42b93e05de27c2f4ec",""
"id-9e250cae91554d91b7e64dcfccb947a1","CompositionRelationship","","","id-71b7531de82c4e5381757eed6ad6df92","id-7944c589fd5e4a24ada5b3ca337eef50",""
"id-8139e6da95df494a9f099b6cfcc96102","CompositionRelationship","","","id-9e04d2b15e274bb1b36266e0ea357455","id-06b9904e83434209958cbb800d26ef0c",""
"id-f8efd8b5852a468d8e7705baa5619feb","CompositionRelationship","","","id-06b9904e83434209958cbb800d26ef0c","id-63eb7664cbe1438aa8143e5c3f907dc7",""
"id-31a0b8a60ea44c8b8ffffd2e24c32f97","CompositionRelationship","","","id-06b9904e83434209958cbb800d26ef0c","id-3caaf662350344e1a1ab3fb2a6b47b4e",""
"id-9635c219bf5849f18cfc8d871c3415b4","CompositionRelationship","","","id-06b9904e83434209958cbb800d26ef0c","id-68905e91713746bf8da8d62bead083af",""
"id-06be8535042b4b168d94bd54e40b1184","CompositionRelationship","","","id-06b9904e83434209958cbb800d26ef0c","id-3e98083d6b864f3c8e8d6aae5f5ed5a1",""
"id-990d658d6b0440618a295f865228754e","CompositionRelationship","","","id-06b9904e83434209958cbb800d26ef0c","id-b0e3f86a395e47b69ef616db879da0dc",""
"id-9253e7c1fdf24a549a0d0b7ff2be7c32","CompositionRelationship","","","id-06b9904e83434209958cbb800d26ef0c","id-dbec8042028f4af18922565daf8d7279",""
"id-dc4f75ae101242cb8a460d74da9ce220","CompositionRelationship","","","id-06b9904e83434209958cbb800d26ef0c","id-dc72ff33e311424f80be34c149583906",""
"id-d0aa04c13dde4518ab0ffd2d5fb2fafd","CompositionRelationship","","","id-06b9904e83434209958cbb800d26ef0c","id-de072d3eb8b44533a4f700835c5a66ec",""
"id-0ea2a8d46edb47959c2b31ede9f89f50","CompositionRelationship","","","id-9e04d2b15e274bb1b36266e0ea357455","id-eabebaa0727944a69d92e963672c5f27",""
"id-5c7e3722721746078aa27d3a9a60c30f","CompositionRelationship","","","id-eabebaa0727944a69d92e963672c5f27","id-5921dd94452646ecba5ea2073722c311",""
"id-2ad313eb5f6d4617b97f47d8803f312a","CompositionRelationship","","","id-eabebaa0727944a69d92e963672c5f27","id-a6801012fb8c488cace20c07413434ab",""
"id-2063c356774744d6ac95fcfa49b15fdd","CompositionRelationship","","","id-eabebaa0727944a69d92e963672c5f27","id-b7f8c31c75b3435cb2ed677d20da20bd",""
"id-6f3d3fde9e6e4d6a9eae20649bad9005","CompositionRelationship","","","id-eabebaa0727944a69d92e963672c5f27","id-8e6ff274edbc461e8605053d8b858a7e",""
"id-255a26691e80409abd0466e5891df7b2","CompositionRelationship","","","id-eabebaa0727944a69d92e963672c5f27","id-0c95bd99073a4295897e6ae7377de1ed",""
"id-f488cdf10d294dfd903abf1a9a57d8bc","CompositionRelationship","","","id-eabebaa0727944a69d92e963672c5f27","id-433a33f0384a4d33847aae3520dfdafc",""
"id-f53eede64d6c4d5d8c18d096db433fca","CompositionRelationship","","","id-eabebaa0727944a69d92e963672c5f27","id-fbb6e764f98a4a6b8cc3f98e8fdbee6a",""
"id-0fd6f74bef824eb1a6b22f023f0a4dd8","CompositionRelationship","","","id-e04f72e339784a0e91bdd687216b0706","id-35b4a09862f843c191af513be23b59c9",""
"id-4371471f7aec47ee8890ed905a50aa77","CompositionRelationship","","","id-35b4a09862f843c191af513be23b59c9","id-d91aa1491d0e4c57841643d82041491e",""
"id-5a93055a59124239aa58bf7852a63d0d","CompositionRelationship","","","id-35b4a09862f843c191af513be23b59c9","id-2347cf3c722c4f20a11c037cd1fff954",""
"id-b9db11211b8b43af91beb96c092ac245","CompositionRelationship","","","id-35b4a09862f843c191af513be23b59c9","id-ffece705cec148a0a9b2d8acee55bf7c",""
"id-930d90bc1cb84098959f21eaa23c3f3d","CompositionRelationship","","","id-35b4a09862f843c191af513be23b59c9","id-416d7d22df8e45149fcdb8df7695f7ab",""
"id-a1ab819450894106829601ddc593dc50","CompositionRelationship","","","id-35b4a09862f843c191af513be23b59c9","id-ae70ff1c2fa1460a983eefac2f907346",""
"id-3d9ec18e56c74afcbb60c6d068f4f1ff","CompositionRelationship","","","id-e04f72e339784a0e91bdd687216b0706","id-aaf20e22ff3b4a878249f97ab99a6ab4",""
"id-f9797eb8f179478c86049f98b82d6f06","CompositionRelationship","","","id-aaf20e22ff3b4a878249f97ab99a6ab4","id-b87eb646c7f04da2a58f01a0c9d2b6a6",""
"id-c573104601d042358bbff39e7e613ea5","CompositionRelationship","","","id-aaf20e22ff3b4a878249f97ab99a6ab4","id-4cff2708f18c486b82bf026c0c7ba584",""
"id-65246a2a04814586a0c2acda8b619404","CompositionRelationship","","","id-aaf20e22ff3b4a878249f97ab99a6ab4","id-6becec0d343f44afa7d8c07b99885727",""
"id-87345df42c5b4ecfb6c4a2ccc3413dab","CompositionRelationship","","","id-aaf20e22ff3b4a878249f97ab99a6ab4","id-27e6a8f8f21943a1965d152b420b586e",""
"id-b65c50a86477490c83c03ae1ed812d2a","CompositionRelationship","","","id-aaf20e22ff3b4a878249f97ab99a6ab4","id-d41e51067d1348e288dfda5dba5ffaf7",""
"id-42b9b364c31147a99a25af26b8e9a393","RealizationRelationship","","","id-aa4cad694d3045e2834fe62c0b7f16f1","id-e1e01a9b31cd41a581160b775e8c6886",""