{"identifier":"https://me.big.tuwien.ac.at/EAModelSet/id-54c623e4","archimateId":"id-54c623e4","name":"1 Service Layer","description":"","formats":["XML","CSV","JSON","ARCHIMATE"],"source":"GitHub","sourceFile":"raw-data/github/xml/1_service_layer.xml","sourceFormat":"XML","timestamp":"29-06-2023 09:26:56","tags":[],"duplicates":[],"language":"en","elements":[{"id":"d1e7b345","name":"data set 3","type":"DataObject","layer":"application"},{"id":"d474e565","name":"data set 2","type":"DataObject","layer":"application"},{"id":"id-664e2d94","name":"data set 1","type":"DataObject","layer":"application"},{"id":"id-7e5702eb","name":"data set 3","type":"DataObject","layer":"application"},{"id":"a8c07867","name":"data set 2","type":"DataObject","layer":"application"},{"id":"c2b6821b","name":"data set 1","type":"DataObject","layer":"application"},{"id":"c7815ba7","name":"some presenter classes for client 1","type":"Grouping","layer":"other"},{"id":"id-63d59b7d","name":"service layer classes","type":"Grouping","layer":"other"},{"id":"id-3c8e95a9","name":"class table module 2","type":"Grouping","layer":"other"},{"id":"id-3f915b2b","name":"class table module 3","type":"Grouping","layer":"other"},{"id":"id-93878e33","name":"entity 1","type":"Grouping","layer":"other"},{"id":"ac1acfaf","name":"entity 3","type":"Grouping","layer":"other"},{"id":"c27d16b7","name":"entity 2","type":"Grouping","layer":"other"},{"id":"id-2deddf24","name":"dta source classes","type":"Grouping","layer":"other"},{"id":"id-41a59f4c","name":"domain classes","type":"Grouping","layer":"other"},{"id":"cf78bb27","name":"some presenter classes for client 2","type":"Grouping","layer":"other"}],"relationships":[{"id":"id-290bcb9f","sourceId":"c7815ba7","targetId":"id-63d59b7d","type":"Association"},{"id":"id-72d6a5da","sourceId":"c27d16b7","targetId":"ac1acfaf","type":"Association"},{"id":"ce3fd6fa","sourceId":"id-3c8e95a9","targetId":"c27d16b7","type":"Association"},{"id":"d80ba6ad","sourceId":"id-63d59b7d","targetId":"id-93878e33","type":"Association"},{"id":"id-35237f49","sourceId":"id-3f915b2b","targetId":"ac1acfaf","type":"Association"},{"id":"id-49f9e5ff","sourceId":"c7815ba7","targetId":"id-3f915b2b","type":"Association"},{"id":"b8fccc5c","sourceId":"id-93878e33","targetId":"c27d16b7","type":"Association"},{"id":"id-947759f7","sourceId":"c7815ba7","targetId":"id-3c8e95a9","type":"Association"},{"id":"f5f60058","sourceId":"id-63d59b7d","targetId":"id-41a59f4c","type":"Association"},{"id":"e8522cfc","sourceId":"id-41a59f4c","targetId":"id-2deddf24","type":"Association"},{"id":"id-161a3001","sourceId":"id-63d59b7d","targetId":"cf78bb27","type":"Association"}],"views":[{"id":"id-005593ec","name":"Service Layer","viewpoint":""}]}