<?xml version="1.0" encoding="UTF-8"?><model xmlns="http://www.opengroup.org/xsd/archimate/3.0/" xmlns:xsi="http://www.w3.org/2001/XMLSchema-instance" identifier="_lL5PANpYEeyR_KDGOPNL5w">  <name xml:lang="en">Surgepay Merchant Account</name>  <elements>    <element xsi:type="SystemSoftware" identifier="_tt2LMLyGEDqIY4S2Lu-Asg">      <name xml:lang="en">surgepay merchant</name>      <documentation/>    </element>    <element xsi:type="BusinessActor" identifier="_2Y86ILyGEDqIY4S2Lu-Asg">      <name xml:lang="en">level_1 Merchant</name>      <documentation/>    </element>    <element xsi:type="BusinessActor" identifier="_6FKGILyGEDqIY4S2Lu-Asg">      <name xml:lang="en">level_2 Merchant</name>      <documentation/>    </element>    <element xsi:type="BusinessActor" identifier="_6psWkLyGEDqIY4S2Lu-Asg">      <name xml:lang="en">level_3 Merchant</name>      <documentation/>    </element>    <element xsi:type="TechnologyFunction" identifier="_FeD4ELyHEDqIY4S2Lu-Asg">      <name xml:lang="en">add credits</name>      <documentation/>    </element>    <element xsi:type="ApplicationProcess" identifier="_MYEc0LyHEDqIY4S2Lu-Asg">      <name xml:lang="en">via cryptocurrency (sdx)</name>      <documentation/>    </element>    <element xsi:type="ApplicationProcess" identifier="_N_aOELyHEDqIY4S2Lu-Asg">      <name xml:lang="en">via bank txn (pesonet/instapay)</name>      <documentation/>    </element>    <element xsi:type="ApplicationProcess" identifier="_R0jToLyHEDqIY4S2Lu-Asg">      <name xml:lang="en">transfer within surgepay</name>      <documentation/>    </element>    <element xsi:type="ApplicationProcess" identifier="_lrpZ4LyHEDqIY4S2Lu-Asg">      <name xml:lang="en">via mobile</name>      <documentation/>    </element>    <element xsi:type="ApplicationProcess" identifier="_n-niELyHEDqIY4S2Lu-Asg">      <name xml:lang="en">via email</name>      <documentation/>    </element>    <element xsi:type="ApplicationProcess" identifier="_pgb6ILyHEDqIY4S2Lu-Asg">      <name xml:lang="en">via QR code</name>      <documentation/>    </element>    <element xsi:type="ApplicationFunction" identifier="_hLSXoLyIEDqIY4S2Lu-Asg">      <name xml:lang="en">over the counter services</name>      <documentation/>    </element>    <element xsi:type="ApplicationService" identifier="_qMkK4LyIEDqIY4S2Lu-Asg">      <name xml:lang="en">wallet top up</name>      <documentation/>    </element>    <element xsi:type="ApplicationService" identifier="_vrstELyIEDqIY4S2Lu-Asg">      <name xml:lang="en">token exchange (p2p)</name>      <documentation/>    </element>    <element xsi:type="ApplicationService" identifier="_zHllILyIEDqIY4S2Lu-Asg">      <name xml:lang="en">surge remit</name>      <documentation/>    </element>    <element xsi:type="ApplicationComponent" identifier="_retSwLyJEDqIY4S2Lu-Asg">      <name xml:lang="en">Merchant's QR code</name>      <documentation/>    </element>    <element xsi:type="ApplicationFunction" identifier="_CxSBYLyKEDqIY4S2Lu-Asg">      <name xml:lang="en">Bills Payment</name>      <documentation/>    </element>    <element xsi:type="ApplicationCollaboration" identifier="_LwoiALyKEDqIY4S2Lu-Asg">      <name xml:lang="en">Billers</name>      <documentation/>    </element>    <element xsi:type="ApplicationFunction" identifier="_YmqZQLyKEDqIY4S2Lu-Asg">      <name xml:lang="en">Transaction History (active/inactive/pending)</name>      <documentation/>    </element>    <element xsi:type="ApplicationFunction" identifier="_nq_UELyKEDqIY4S2Lu-Asg">      <name xml:lang="en">e-loading</name>      <documentation/>    </element>    <element xsi:type="ApplicationCollaboration" identifier="_vvumkLyKEDqIY4S2Lu-Asg">      <name xml:lang="en">load providers</name>      <documentation/>    </element>    <element xsi:type="ApplicationFunction" identifier="_1G6GoLyKEDqIY4S2Lu-Asg">      <name xml:lang="en">token exchange</name>      <documentation/>    </element>    <element xsi:type="ApplicationService" identifier="_vzLtwLyLEDqIY4S2Lu-Asg">      <name xml:lang="en">cash out requests </name>      <documentation/>    </element>    <element xsi:type="ApplicationProcess" identifier="_MKivcLyNEDqIY4S2Lu-Asg">      <name xml:lang="en">via otp</name>      <documentation/>    </element>    <element xsi:type="ApplicationProcess" identifier="_OwCyELyNEDqIY4S2Lu-Asg">      <name xml:lang="en">via qr code</name>      <documentation/>    </element>    <element xsi:type="ApplicationCollaboration" identifier="_YPKX4LyNEDqIY4S2Lu-Asg">      <name xml:lang="en">featured merchant</name>      <documentation/>    </element>  </elements>  <relationships>    <relationship xsi:type="Triggering" identifier="_IbqRoLyHEDqIY4S2Lu-Asg" source="_6FKGILyGEDqIY4S2Lu-Asg" target="_FeD4ELyHEDqIY4S2Lu-Asg">      <name xml:lang="en"/>      <documentation/>    </relationship>    <relationship xsi:type="Triggering" identifier="_I59XMLyHEDqIY4S2Lu-Asg" source="_2Y86ILyGEDqIY4S2Lu-Asg" target="_FeD4ELyHEDqIY4S2Lu-Asg">      <name xml:lang="en"/>      <documentation/>    </relationship>    <relationship xsi:type="Triggering" identifier="_JXBtsLyHEDqIY4S2Lu-Asg" source="_6psWkLyGEDqIY4S2Lu-Asg" target="_FeD4ELyHEDqIY4S2Lu-Asg">      <name xml:lang="en"/>      <documentation/>    </relationship>    <relationship xsi:type="Association" identifier="_U-dD0LyHEDqIY4S2Lu-Asg" source="_FeD4ELyHEDqIY4S2Lu-Asg" target="_N_aOELyHEDqIY4S2Lu-Asg">      <name xml:lang="en"/>      <documentation/>    </relationship>    <relationship xsi:type="Association" identifier="_VmbCwLyHEDqIY4S2Lu-Asg" source="_FeD4ELyHEDqIY4S2Lu-Asg" target="_R0jToLyHEDqIY4S2Lu-Asg">      <name xml:lang="en"/>      <documentation/>    </relationship>    <relationship xsi:type="Association" identifier="_WJ3HALyHEDqIY4S2Lu-Asg" source="_FeD4ELyHEDqIY4S2Lu-Asg" target="_MYEc0LyHEDqIY4S2Lu-Asg">      <name xml:lang="en"/>      <documentation/>    </relationship>    <relationship xsi:type="Flow" identifier="_ZXdEYLyHEDqIY4S2Lu-Asg" source="_N_aOELyHEDqIY4S2Lu-Asg" target="_tt2LMLyGEDqIY4S2Lu-Asg">      <name xml:lang="en"/>      <documentation/>    </relationship>    <relationship xsi:type="Flow" identifier="_Zw6tQLyHEDqIY4S2Lu-Asg" source="_R0jToLyHEDqIY4S2Lu-Asg" target="_tt2LMLyGEDqIY4S2Lu-Asg">      <name xml:lang="en"/>      <documentation/>    </relationship>    <relationship xsi:type="Flow" identifier="_aTmjkLyHEDqIY4S2Lu-Asg" source="_MYEc0LyHEDqIY4S2Lu-Asg" target="_tt2LMLyGEDqIY4S2Lu-Asg">      <name xml:lang="en"/>      <documentation/>    </relationship>    <relationship xsi:type="Triggering" identifier="_m9SLcLyIEDqIY4S2Lu-Asg" source="_tt2LMLyGEDqIY4S2Lu-Asg" target="_hLSXoLyIEDqIY4S2Lu-Asg">      <name xml:lang="en"/>      <documentation/>    </relationship>    <relationship xsi:type="Serving" identifier="_RwQXkLyJEDqIY4S2Lu-Asg" source="_qMkK4LyIEDqIY4S2Lu-Asg" target="_n-niELyHEDqIY4S2Lu-Asg">      <name xml:lang="en"/>      <documentation/>    </relationship>    <relationship xsi:type="Serving" identifier="_SqkDsLyJEDqIY4S2Lu-Asg" source="_qMkK4LyIEDqIY4S2Lu-Asg" target="_lrpZ4LyHEDqIY4S2Lu-Asg">      <name xml:lang="en"/>      <documentation/>    </relationship>    <relationship xsi:type="Serving" identifier="_TLu3ELyJEDqIY4S2Lu-Asg" source="_qMkK4LyIEDqIY4S2Lu-Asg" target="_pgb6ILyHEDqIY4S2Lu-Asg">      <name xml:lang="en"/>      <documentation/>    </relationship>    <relationship xsi:type="Flow" identifier="_gsnCILyJEDqIY4S2Lu-Asg" source="_hLSXoLyIEDqIY4S2Lu-Asg" target="_qMkK4LyIEDqIY4S2Lu-Asg">      <name xml:lang="en"/>      <documentation/>    </relationship>    <relationship xsi:type="Flow" identifier="_iToDQLyJEDqIY4S2Lu-Asg" source="_hLSXoLyIEDqIY4S2Lu-Asg" target="_vrstELyIEDqIY4S2Lu-Asg">      <name xml:lang="en"/>      <documentation/>    </relationship>    <relationship xsi:type="Flow" identifier="_inmIILyJEDqIY4S2Lu-Asg" source="_hLSXoLyIEDqIY4S2Lu-Asg" target="_zHllILyIEDqIY4S2Lu-Asg">      <name xml:lang="en"/>      <documentation/>    </relationship>    <relationship xsi:type="Association" identifier="_65Q8QLyJEDqIY4S2Lu-Asg" source="_tt2LMLyGEDqIY4S2Lu-Asg" target="_retSwLyJEDqIY4S2Lu-Asg">      <name xml:lang="en"/>      <documentation/>    </relationship>    <relationship xsi:type="Triggering" identifier="_ILBGMLyKEDqIY4S2Lu-Asg" source="_tt2LMLyGEDqIY4S2Lu-Asg" target="_CxSBYLyKEDqIY4S2Lu-Asg">      <name xml:lang="en"/>      <documentation/>    </relationship>    <relationship xsi:type="Serving" identifier="_Ogh2wLyKEDqIY4S2Lu-Asg" source="_CxSBYLyKEDqIY4S2Lu-Asg" target="_LwoiALyKEDqIY4S2Lu-Asg">      <name xml:lang="en"/>      <documentation/>    </relationship>    <relationship xsi:type="Realization" identifier="_dmd7ILyKEDqIY4S2Lu-Asg" source="_tt2LMLyGEDqIY4S2Lu-Asg" target="_YmqZQLyKEDqIY4S2Lu-Asg">      <name xml:lang="en"/>      <documentation/>    </relationship>    <relationship xsi:type="Triggering" identifier="_todYELyKEDqIY4S2Lu-Asg" source="_tt2LMLyGEDqIY4S2Lu-Asg" target="_nq_UELyKEDqIY4S2Lu-Asg">      <name xml:lang="en"/>      <documentation/>    </relationship>    <relationship xsi:type="Serving" identifier="_yFwCwLyKEDqIY4S2Lu-Asg" source="_nq_UELyKEDqIY4S2Lu-Asg" target="_vvumkLyKEDqIY4S2Lu-Asg">      <name xml:lang="en"/>      <documentation/>    </relationship>    <relationship xsi:type="Triggering" identifier="_GhLlILyLEDqIY4S2Lu-Asg" source="_tt2LMLyGEDqIY4S2Lu-Asg" target="_1G6GoLyKEDqIY4S2Lu-Asg">      <name xml:lang="en"/>      <documentation/>    </relationship>    <relationship xsi:type="Triggering" identifier="_x9_YcLyLEDqIY4S2Lu-Asg" source="_YmqZQLyKEDqIY4S2Lu-Asg" target="_vzLtwLyLEDqIY4S2Lu-Asg">      <name xml:lang="en"/>      <documentation/>    </relationship>    <relationship xsi:type="Serving" identifier="_SNrWkLyNEDqIY4S2Lu-Asg" source="_vzLtwLyLEDqIY4S2Lu-Asg" target="_MKivcLyNEDqIY4S2Lu-Asg">      <name xml:lang="en"/>      <documentation/>    </relationship>    <relationship xsi:type="Serving" identifier="_S3d6cLyNEDqIY4S2Lu-Asg" source="_vzLtwLyLEDqIY4S2Lu-Asg" target="_OwCyELyNEDqIY4S2Lu-Asg">      <name xml:lang="en"/>      <documentation/>    </relationship>    <relationship xsi:type="Serving" identifier="_awRpwLyNEDqIY4S2Lu-Asg" source="_CxSBYLyKEDqIY4S2Lu-Asg" target="_YPKX4LyNEDqIY4S2Lu-Asg">      <name xml:lang="en"/>      <documentation/>    </relationship>  </relationships>  <views>    <diagrams>      <view identifier="_lL5PA9pYEeyR_KDGOPNL5w">        <name xml:lang="en">archimate-diagram</name>        <node xsi:type="Element" identifier="_tuHQ8LyGEDqIY4S2Lu-Asg" h="60" w="110" x="599" y="519" elementRef="_tt2LMLyGEDqIY4S2Lu-Asg"/>        <node xsi:type="Element" identifier="_2ZDAwLyGEDqIY4S2Lu-Asg" h="60" w="100" x="423" y="48" elementRef="_2Y86ILyGEDqIY4S2Lu-Asg"/>        <node xsi:type="Element" identifier="_6FKtMLyGEDqIY4S2Lu-Asg" h="60" w="100" x="604" y="48" elementRef="_6FKGILyGEDqIY4S2Lu-Asg"/>        <node xsi:type="Element" identifier="_6ps9obyGEDqIY4S2Lu-Asg" h="60" w="100" x="801" y="48" elementRef="_6psWkLyGEDqIY4S2Lu-Asg"/>        <node xsi:type="Element" identifier="_FeIwkLyHEDqIY4S2Lu-Asg" h="60" w="90" x="609" y="234" elementRef="_FeD4ELyHEDqIY4S2Lu-Asg"/>        <node xsi:type="Element" identifier="_MYJVULyHEDqIY4S2Lu-Asg" h="60" w="130" x="408" y="360" elementRef="_MYEc0LyHEDqIY4S2Lu-Asg"/>        <node xsi:type="Element" identifier="_N_aOEryHEDqIY4S2Lu-Asg" h="60" w="130" x="589" y="360" elementRef="_N_aOELyHEDqIY4S2Lu-Asg"/>        <node xsi:type="Element" identifier="_R0jToryHEDqIY4S2Lu-Asg" h="60" w="130" x="786" y="360" elementRef="_R0jToLyHEDqIY4S2Lu-Asg"/>        <node xsi:type="Element" identifier="_lrtrULyHEDqIY4S2Lu-Asg" h="50" w="70" x="844" y="644" elementRef="_lrpZ4LyHEDqIY4S2Lu-Asg"/>        <node xsi:type="Element" identifier="_n-niEryHEDqIY4S2Lu-Asg" h="50" w="60" x="849" y="572" elementRef="_n-niELyHEDqIY4S2Lu-Asg"/>        <node xsi:type="Element" identifier="_pgb6IryHEDqIY4S2Lu-Asg" h="50" w="70" x="844" y="719" elementRef="_pgb6ILyHEDqIY4S2Lu-Asg"/>        <node xsi:type="Element" identifier="_hLUz4LyIEDqIY4S2Lu-Asg" h="60" w="130" x="1077" y="519" elementRef="_hLSXoLyIEDqIY4S2Lu-Asg"/>        <node xsi:type="Element" identifier="_qMmnILyIEDqIY4S2Lu-Asg" h="50" w="80" x="970" y="609" elementRef="_qMkK4LyIEDqIY4S2Lu-Asg"/>        <node xsi:type="Element" identifier="_vrstEryIEDqIY4S2Lu-Asg" h="60" w="90" x="1097" y="609" elementRef="_vrstELyIEDqIY4S2Lu-Asg"/>        <node xsi:type="Element" identifier="_zHllIryIEDqIY4S2Lu-Asg" h="50" w="70" x="1229" y="609" elementRef="_zHllILyIEDqIY4S2Lu-Asg"/>        <node xsi:type="Element" identifier="_rewWELyJEDqIY4S2Lu-Asg" h="50" w="110" x="824" y="481" elementRef="_retSwLyJEDqIY4S2Lu-Asg"/>        <node xsi:type="Element" identifier="_CxVrwLyKEDqIY4S2Lu-Asg" h="50" w="80" x="289" y="519" elementRef="_CxSBYLyKEDqIY4S2Lu-Asg"/>        <node xsi:type="Element" identifier="_LwtagLyKEDqIY4S2Lu-Asg" h="50" w="60" x="183" y="481" elementRef="_LwoiALyKEDqIY4S2Lu-Asg"/>        <node xsi:type="Element" identifier="_YmvRwLyKEDqIY4S2Lu-Asg" h="60" w="130" x="680" y="977" elementRef="_YmqZQLyKEDqIY4S2Lu-Asg"/>        <node xsi:type="Element" identifier="_nrDlgLyKEDqIY4S2Lu-Asg" h="50" w="80" x="477" y="714" elementRef="_nq_UELyKEDqIY4S2Lu-Asg"/>        <node xsi:type="Element" identifier="_vvxC0LyKEDqIY4S2Lu-Asg" h="50" w="80" x="346" y="714" elementRef="_vvumkLyKEDqIY4S2Lu-Asg"/>        <node xsi:type="Element" identifier="_1G-YELyKEDqIY4S2Lu-Asg" h="50" w="90" x="472" y="813" elementRef="_1G6GoLyKEDqIY4S2Lu-Asg"/>        <node xsi:type="Label" identifier="_8vMtsLyKEDqIY4S2Lu-Asg" h="60" w="130" x="1038" y="685">          <label xml:lang="en">based on merchant's conversion rates*subject for 0.1% fee</label>        </node>        <node xsi:type="Label" identifier="_h54boLyLEDqIY4S2Lu-Asg" h="60" w="130" x="321" y="772">          <label xml:lang="en">based on surge exchange rates</label>        </node>        <node xsi:type="Element" identifier="_vzOxELyLEDqIY4S2Lu-Asg" h="50" w="100" x="887" y="982" elementRef="_vzLtwLyLEDqIY4S2Lu-Asg"/>        <node xsi:type="Element" identifier="_MKlLsLyNEDqIY4S2Lu-Asg" h="50" w="50" x="1048" y="939" elementRef="_MKivcLyNEDqIY4S2Lu-Asg"/>        <node xsi:type="Element" identifier="_OwDZIbyNEDqIY4S2Lu-Asg" h="60" w="70" x="1048" y="1007" elementRef="_OwCyELyNEDqIY4S2Lu-Asg"/>        <node xsi:type="Element" identifier="_YPKX4ryNEDqIY4S2Lu-Asg" h="60" w="60" x="183" y="558" elementRef="_YPKX4LyNEDqIY4S2Lu-Asg"/>        <connection xsi:type="Relationship" identifier="_IbujELyHEDqIY4S2Lu-Asg" source="_6FKtMLyGEDqIY4S2Lu-Asg" target="_FeIwkLyHEDqIY4S2Lu-Asg" relationshipRef="_IbqRoLyHEDqIY4S2Lu-Asg">          <bendpoint x="654" y="171"/>          <bendpoint x="654" y="171"/>        </connection>        <connection xsi:type="Relationship" identifier="_I5_MYLyHEDqIY4S2Lu-Asg" source="_2ZDAwLyGEDqIY4S2Lu-Asg" target="_FeIwkLyHEDqIY4S2Lu-Asg" relationshipRef="_I59XMLyHEDqIY4S2Lu-Asg">          <bendpoint x="573" y="78"/>          <bendpoint x="573" y="223"/>        </connection>        <connection xsi:type="Relationship" identifier="_JXEJ8LyHEDqIY4S2Lu-Asg" source="_6ps9obyGEDqIY4S2Lu-Asg" target="_FeIwkLyHEDqIY4S2Lu-Asg" relationshipRef="_JXBtsLyHEDqIY4S2Lu-Asg">          <bendpoint x="734" y="78"/>          <bendpoint x="734" y="225"/>        </connection>        <connection xsi:type="Relationship" identifier="_U-guMLyHEDqIY4S2Lu-Asg" source="_FeIwkLyHEDqIY4S2Lu-Asg" target="_N_aOEryHEDqIY4S2Lu-Asg" relationshipRef="_U-dD0LyHEDqIY4S2Lu-Asg">          <bendpoint x="654" y="327"/>          <bendpoint x="654" y="327"/>        </connection>        <connection xsi:type="Relationship" identifier="_Vmc38LyHEDqIY4S2Lu-Asg" source="_FeIwkLyHEDqIY4S2Lu-Asg" target="_R0jToryHEDqIY4S2Lu-Asg" relationshipRef="_VmbCwLyHEDqIY4S2Lu-Asg">          <bendpoint x="742" y="264"/>          <bendpoint x="743" y="390"/>        </connection>        <connection xsi:type="Relationship" identifier="_WJ48MLyHEDqIY4S2Lu-Asg" source="_FeIwkLyHEDqIY4S2Lu-Asg" target="_MYJVULyHEDqIY4S2Lu-Asg" relationshipRef="_WJ3HALyHEDqIY4S2Lu-Asg">          <bendpoint x="574" y="264"/>          <bendpoint x="573" y="390"/>        </connection>        <connection xsi:type="Relationship" identifier="_ZXfgoLyHEDqIY4S2Lu-Asg" source="_N_aOEryHEDqIY4S2Lu-Asg" target="_tuHQ8LyGEDqIY4S2Lu-Asg" relationshipRef="_ZXdEYLyHEDqIY4S2Lu-Asg">          <bendpoint x="654" y="470"/>          <bendpoint x="654" y="469"/>        </connection>        <connection xsi:type="Relationship" identifier="_Zw8icLyHEDqIY4S2Lu-Asg" source="_R0jToryHEDqIY4S2Lu-Asg" target="_tuHQ8LyGEDqIY4S2Lu-Asg" relationshipRef="_Zw6tQLyHEDqIY4S2Lu-Asg">          <bendpoint x="809" y="440"/>          <bendpoint x="809" y="529"/>        </connection>        <connection xsi:type="Relationship" identifier="_aToYwLyHEDqIY4S2Lu-Asg" source="_MYJVULyHEDqIY4S2Lu-Asg" target="_tuHQ8LyGEDqIY4S2Lu-Asg" relationshipRef="_aTmjkLyHEDqIY4S2Lu-Asg">          <bendpoint x="518" y="440"/>          <bendpoint x="518" y="531"/>        </connection>        <connection xsi:type="Relationship" identifier="_m9UAoLyIEDqIY4S2Lu-Asg" source="_tuHQ8LyGEDqIY4S2Lu-Asg" target="_hLUz4LyIEDqIY4S2Lu-Asg" relationshipRef="_m9SLcLyIEDqIY4S2Lu-Asg">          <bendpoint x="893" y="563"/>          <bendpoint x="893" y="563"/>        </connection>        <connection xsi:type="Relationship" identifier="_RwUB8LyJEDqIY4S2Lu-Asg" source="_qMmnILyIEDqIY4S2Lu-Asg" target="_n-niEryHEDqIY4S2Lu-Asg" relationshipRef="_RwQXkLyJEDqIY4S2Lu-Asg">          <bendpoint x="940" y="615"/>          <bendpoint x="939" y="615"/>        </connection>        <connection xsi:type="Relationship" identifier="_Sql44LyJEDqIY4S2Lu-Asg" source="_qMmnILyIEDqIY4S2Lu-Asg" target="_lrtrULyHEDqIY4S2Lu-Asg" relationshipRef="_SqkDsLyJEDqIY4S2Lu-Asg">          <bendpoint x="942" y="651"/>          <bendpoint x="942" y="651"/>        </connection>        <connection xsi:type="Relationship" identifier="_TLwsQLyJEDqIY4S2Lu-Asg" source="_qMmnILyIEDqIY4S2Lu-Asg" target="_pgb6IryHEDqIY4S2Lu-Asg" relationshipRef="_TLu3ELyJEDqIY4S2Lu-Asg">          <bendpoint x="983" y="679"/>          <bendpoint x="983" y="744"/>        </connection>        <connection xsi:type="Relationship" identifier="_gspeYLyJEDqIY4S2Lu-Asg" source="_hLUz4LyIEDqIY4S2Lu-Asg" target="_qMmnILyIEDqIY4S2Lu-Asg" relationshipRef="_gsnCILyJEDqIY4S2Lu-Asg">          <bendpoint x="1089" y="596"/>          <bendpoint x="1010" y="596"/>        </connection>        <connection xsi:type="Relationship" identifier="_iTp4cLyJEDqIY4S2Lu-Asg" source="_hLUz4LyIEDqIY4S2Lu-Asg" target="_vrstEryIEDqIY4S2Lu-Asg" relationshipRef="_iToDQLyJEDqIY4S2Lu-Asg">          <bendpoint x="1142" y="594"/>          <bendpoint x="1142" y="594"/>        </connection>        <connection xsi:type="Relationship" identifier="_inn9ULyJEDqIY4S2Lu-Asg" source="_hLUz4LyIEDqIY4S2Lu-Asg" target="_zHllIryIEDqIY4S2Lu-Asg" relationshipRef="_inmIILyJEDqIY4S2Lu-Asg">          <bendpoint x="1263" y="561"/>          <bendpoint x="1263" y="589"/>        </connection>        <connection xsi:type="Relationship" identifier="_65T_kLyJEDqIY4S2Lu-Asg" source="_tuHQ8LyGEDqIY4S2Lu-Asg" target="_rewWELyJEDqIY4S2Lu-Asg" relationshipRef="_65Q8QLyJEDqIY4S2Lu-Asg">          <bendpoint x="766" y="549"/>          <bendpoint x="857" y="549"/>        </connection>        <connection xsi:type="Relationship" identifier="_ILDicLyKEDqIY4S2Lu-Asg" source="_tuHQ8LyGEDqIY4S2Lu-Asg" target="_CxVrwLyKEDqIY4S2Lu-Asg" relationshipRef="_ILBGMLyKEDqIY4S2Lu-Asg">          <bendpoint x="484" y="544"/>          <bendpoint x="484" y="544"/>        </connection>        <connection xsi:type="Relationship" identifier="_OglhILyKEDqIY4S2Lu-Asg" source="_CxVrwLyKEDqIY4S2Lu-Asg" target="_LwtagLyKEDqIY4S2Lu-Asg" relationshipRef="_Ogh2wLyKEDqIY4S2Lu-Asg">          <bendpoint x="266" y="525"/>          <bendpoint x="266" y="525"/>        </connection>        <connection xsi:type="Relationship" identifier="_dmhlgLyKEDqIY4S2Lu-Asg" source="_tuHQ8LyGEDqIY4S2Lu-Asg" target="_YmvRwLyKEDqIY4S2Lu-Asg" relationshipRef="_dmd7ILyKEDqIY4S2Lu-Asg">          <bendpoint x="694" y="778"/>          <bendpoint x="694" y="778"/>        </connection>        <connection xsi:type="Relationship" identifier="_tofNQLyKEDqIY4S2Lu-Asg" source="_tuHQ8LyGEDqIY4S2Lu-Asg" target="_nrDlgLyKEDqIY4S2Lu-Asg" relationshipRef="_todYELyKEDqIY4S2Lu-Asg">          <bendpoint x="613" y="599"/>          <bendpoint x="613" y="739"/>        </connection>        <connection xsi:type="Relationship" identifier="_yFztILyKEDqIY4S2Lu-Asg" source="_nrDlgLyKEDqIY4S2Lu-Asg" target="_vvxC0LyKEDqIY4S2Lu-Asg" relationshipRef="_yFwCwLyKEDqIY4S2Lu-Asg">          <bendpoint x="452" y="739"/>          <bendpoint x="451" y="739"/>        </connection>        <connection xsi:type="Line" identifier="_Clw4cLyLEDqIY4S2Lu-Asg" source="_8vMtsLyKEDqIY4S2Lu-Asg" target="_vrstEryIEDqIY4S2Lu-Asg"/>        <connection xsi:type="Relationship" identifier="_GhPPgLyLEDqIY4S2Lu-Asg" source="_tuHQ8LyGEDqIY4S2Lu-Asg" target="_1G-YELyKEDqIY4S2Lu-Asg" relationshipRef="_GhLlILyLEDqIY4S2Lu-Asg">          <bendpoint x="643" y="599"/>          <bendpoint x="643" y="838"/>        </connection>        <connection xsi:type="Line" identifier="_krdLYLyLEDqIY4S2Lu-Asg" source="_h54boLyLEDqIY4S2Lu-Asg" target="_1G-YELyKEDqIY4S2Lu-Asg"/>        <connection xsi:type="Relationship" identifier="_x-B0sLyLEDqIY4S2Lu-Asg" source="_YmvRwLyKEDqIY4S2Lu-Asg" target="_vzOxELyLEDqIY4S2Lu-Asg" relationshipRef="_x9_YcLyLEDqIY4S2Lu-Asg">          <bendpoint x="848" y="1007"/>          <bendpoint x="849" y="1007"/>        </connection>        <connection xsi:type="Relationship" identifier="_SNvA8LyNEDqIY4S2Lu-Asg" source="_vzOxELyLEDqIY4S2Lu-Asg" target="_MKlLsLyNEDqIY4S2Lu-Asg" relationshipRef="_SNrWkLyNEDqIY4S2Lu-Asg">          <bendpoint x="1017" y="985"/>          <bendpoint x="1018" y="985"/>        </connection>        <connection xsi:type="Relationship" identifier="_S3gWsLyNEDqIY4S2Lu-Asg" source="_vzOxELyLEDqIY4S2Lu-Asg" target="_OwDZIbyNEDqIY4S2Lu-Asg" relationshipRef="_S3d6cLyNEDqIY4S2Lu-Asg">          <bendpoint x="1017" y="1019"/>          <bendpoint x="1018" y="1019"/>        </connection>        <connection xsi:type="Relationship" identifier="_awVUILyNEDqIY4S2Lu-Asg" source="_CxVrwLyKEDqIY4S2Lu-Asg" target="_YPKX4ryNEDqIY4S2Lu-Asg" relationshipRef="_awRpwLyNEDqIY4S2Lu-Asg">          <bendpoint x="266" y="563"/>          <bendpoint x="266" y="563"/>        </connection>      </view>    </diagrams>  </views></model>
