{"identifier":"https://me.big.tuwien.ac.at/EAModelSet/6e7a0fe5-4c63-4dd7-baa2-762070a8a4ea","archimateId":"6e7a0fe5-4c63-4dd7-baa2-762070a8a4ea","name":"(new model)","description":"","formats":["XML","CSV","JSON","ARCHIMATE"],"source":"GitHub","sourceFile":"raw-data/github/archimate/arquitecturaau.archimate","sourceFormat":"ARCHIMATE","timestamp":"29-06-2023 09:30:52","tags":[],"duplicates":[],"language":"es","elements":[{"id":"24163a9a-5746-4bba-935a-56ff0ea7ed19","name":"Servidor WSO2","type":"Node","layer":"technology"},{"id":"5f18330d-828a-48aa-97d6-75e30de2f05f","name":"WSO2 Identity Server","type":"SystemSoftware","layer":"technology"},{"id":"0866ecf0-63ab-4650-97bf-bfe7d295f498","name":"WSO2 API Manager","type":"SystemSoftware","layer":"technology"},{"id":"edb21c95-016b-485b-9cf8-fab81ef936a8","name":"Servidor Académica Funcionarios","type":"Node","layer":"technology"},{"id":"c2709515-0c69-453f-ac8e-db108996c042","name":"Servidor Académica Estudiantes","type":"Node","layer":"technology"},{"id":"a5b3b84a-dc19-4642-9e29-9ef71a4f1db8","name":"Servidor Postgres Producción","type":"Node","layer":"technology"},{"id":"13058182-7abb-4685-9934-c1c1ea08a253","name":"Servidor Académica producción (Oracle)","type":"Node","layer":"technology"},{"id":"10a2590d-e12f-4bf3-828f-8b543be6163e","name":"Servidor MySQL Estudiantes","type":"Node","layer":"technology"},{"id":"46860aa0-cf7f-471d-bd0e-46ea0551cdaa","name":"Servidor MySQL Estudiantes (copy)","type":"Node","layer":"technology"},{"id":"9786306a-f7e8-4861-964a-b6dd8fe96ab8","name":"Servidor MySQL Funcionarios","type":"Node","layer":"technology"},{"id":"c95d5752-1037-4afa-afec-c8e66457d666","name":"Servidor BD WSO2","type":"Node","layer":"technology"},{"id":"82335939-e15c-49cf-8c92-07e638176405","name":"WSO2 Identity Server (copy)","type":"SystemSoftware","layer":"technology"},{"id":"d79896ed-dc35-49b8-8dbb-8a0616a020e5","name":"WSO2 API Manager (copy)","type":"SystemSoftware","layer":"technology"},{"id":"52157855-6a0e-4e48-8733-2e96e35a2222","name":"Sistema Gestión Académica","type":"SystemSoftware","layer":"technology"},{"id":"0109587f-616b-45fb-a245-792febc03713","name":"Artifact","type":"Artifact","layer":"technology"},{"id":"932da5d0-ef6d-42b8-b9f9-b1dd59546c1e","name":"Artifact","type":"Artifact","layer":"technology"},{"id":"d9ec331f-c513-4ee5-a51b-2d343d7e74b7","name":"","type":"SystemSoftware","layer":"technology"},{"id":"60926b1c-2059-4c91-807e-9efa0f5c0ac6","name":"Urano","type":"Artifact","layer":"technology"},{"id":"05b41f57-dc5b-46b8-a872-8662bc7f88bc","name":"SARA Académica","type":"Artifact","layer":"technology"},{"id":"a1645244-3ce2-44ac-b992-e24e0ab04fc8","name":"Docencia SARA","type":"Artifact","layer":"technology"},{"id":"12dd085c-ba2b-4f7d-a2b8-716ccc6b43b9","name":"Botón Pago","type":"Artifact","layer":"technology"},{"id":"e9ce4c91-f5db-454c-92fb-1c88021917ad","name":"Encuestas UDistrital","type":"Artifact","layer":"technology"},{"id":"98c46f02-8c44-4f14-ae45-25f4f041e377","name":"JANO","type":"Artifact","layer":"technology"},{"id":"215d33b6-db28-4bd9-9142-b3bfd862093b","name":"Kyron","type":"Artifact","layer":"technology"},{"id":"09e93f88-d561-47ef-8ebf-a8b53d9de8a4","name":"Reporte Pago UD","type":"Artifact","layer":"technology"},{"id":"67f32969-76e4-40c8-a593-1d843c6360f6","name":"Recibos Pago UD","type":"Artifact","layer":"technology"},{"id":"c2608b47-f181-46e6-965b-1aba82f3dfa3","name":"Reporte Pagos Place to pay","type":"Artifact","layer":"technology"},{"id":"36ff5454-18fe-4c6e-8af8-4fc63cc2afba","name":"Reportes UDistrital (Reportico)","type":"Artifact","layer":"technology"},{"id":"2161bc07-08e4-4349-a511-c1cb3552803d","name":"SARA Administrativa","type":"Artifact","layer":"technology"},{"id":"5398b253-f032-400c-a1e6-689a0ff3d07d","name":"Servicios Académicos","type":"Artifact","layer":"technology"},{"id":"106dacd3-7003-422a-bf01-0cf085feb2cf","name":"Distribution Network","type":"DistributionNetwork","layer":"technology"},{"id":"c87e4830-efc7-439b-8548-845897fd2257","name":"Path","type":"Path","layer":"technology"},{"id":"a58601bf-c048-48b8-9f74-e894cb919e09","name":"Argo","type":"Artifact","layer":"technology"},{"id":"7b29f4ce-95db-41c5-b409-8f0e7a52724e","name":"Arka","type":"Artifact","layer":"technology"},{"id":"a69090dc-bc30-48bc-94b1-f0c23b8c70d5","name":"Ágora","type":"Artifact","layer":"technology"},{"id":"99bb9def-af46-41df-b9d6-58b2a2a218ac","name":"GEFAD - TEMIS","type":"Artifact","layer":"technology"},{"id":"23da3c7a-f2bb-4d22-9296-bf0d8e989fe8","name":"Sistema Gestión Académica","type":"SystemSoftware","layer":"technology"},{"id":"73da2071-4bac-489e-bd6b-dbb1246154b4","name":"","type":"Artifact","layer":"technology"},{"id":"e9a30055-38b4-4990-aded-de78385edd29","name":"Argo","type":"Artifact","layer":"technology"},{"id":"bcb3b7c4-920d-4ed5-b479-dbbf6fb35a94","name":"Agora","type":"Artifact","layer":"technology"},{"id":"90f13d1e-844e-4e2c-a293-7006ec540fc8","name":"Arka","type":"Artifact","layer":"technology"},{"id":"88ec4033-2584-44c7-b3ee-cc430a8a2007","name":"Encuestas UD","type":"Artifact","layer":"technology"},{"id":"fbc4a555-c65e-4b0b-af01-f6e6159c1238","name":"JANO","type":"Artifact","layer":"technology"},{"id":"01f2ec05-c558-437f-87f6-7ac3fb97c9a0","name":"Kyron","type":"Artifact","layer":"technology"},{"id":"e38d4d74-9d64-4d93-aa7d-337343299b15","name":"Reporte Pagos","type":"Artifact","layer":"technology"},{"id":"93fe9763-7f8a-42b2-9321-f194e0a137a8","name":"SARA Académica","type":"Artifact","layer":"technology"},{"id":"79b39390-7f5c-4c37-a4aa-94669142a3b4","name":"SARA Administrativa","type":"Artifact","layer":"technology"},{"id":"c8a3c4f7-3228-43e1-830b-bf5dcb6ca327","name":"SARA Admisiones","type":"Artifact","layer":"technology"},{"id":"8cdb9c4a-7da5-4ba0-9f17-e3936f16bede","name":"Udistrital","type":"Artifact","layer":"technology"},{"id":"89eb1b26-4912-4b6f-bb38-b411ece48405","name":"Urano","type":"Artifact","layer":"technology"},{"id":"d4eb01c7-a38f-4cbd-ab6c-91bfdebe7341","name":"Urano Estudiantes","type":"Artifact","layer":"technology"}],"relationships":[{"id":"8e7f2de3-a1c7-47cc-a4e3-01003089fe82","sourceId":"24163a9a-5746-4bba-935a-56ff0ea7ed19","targetId":"5f18330d-828a-48aa-97d6-75e30de2f05f","type":"CompositionRelationship"},{"id":"bc95c1cf-a2e6-4e1d-a7e2-a7ebc5ff75c6","sourceId":"24163a9a-5746-4bba-935a-56ff0ea7ed19","targetId":"0866ecf0-63ab-4650-97bf-bfe7d295f498","type":"CompositionRelationship"},{"id":"e8ab6657-3635-47a7-9f58-ced20301b2fe","sourceId":"c95d5752-1037-4afa-afec-c8e66457d666","targetId":"d79896ed-dc35-49b8-8dbb-8a0616a020e5","type":"CompositionRelationship"},{"id":"2a20503b-2c1b-448a-a699-8960459aba41","sourceId":"c95d5752-1037-4afa-afec-c8e66457d666","targetId":"82335939-e15c-49cf-8c92-07e638176405","type":"CompositionRelationship"},{"id":"cc17e229-1253-4793-9501-6032dbee927e","sourceId":"52157855-6a0e-4e48-8733-2e96e35a2222","targetId":"edb21c95-016b-485b-9cf8-fab81ef936a8","type":"AssignmentRelationship"},{"id":"212f077c-0305-435d-b748-dfd497a97f47","sourceId":"60926b1c-2059-4c91-807e-9efa0f5c0ac6","targetId":"52157855-6a0e-4e48-8733-2e96e35a2222","type":"RealizationRelationship"},{"id":"a91c77cc-781a-41b6-97ee-4c8f02b31ceb","sourceId":"05b41f57-dc5b-46b8-a872-8662bc7f88bc","targetId":"52157855-6a0e-4e48-8733-2e96e35a2222","type":"RealizationRelationship"},{"id":"35bd3a8f-a490-4683-bdd0-bde5ab00eafa","sourceId":"a1645244-3ce2-44ac-b992-e24e0ab04fc8","targetId":"52157855-6a0e-4e48-8733-2e96e35a2222","type":"RealizationRelationship"},{"id":"3e9b88aa-d706-4927-8ecc-2b654f648351","sourceId":"12dd085c-ba2b-4f7d-a2b8-716ccc6b43b9","targetId":"52157855-6a0e-4e48-8733-2e96e35a2222","type":"RealizationRelationship"},{"id":"585edb4b-b054-4cbc-b8fb-2980fb404511","sourceId":"e9ce4c91-f5db-454c-92fb-1c88021917ad","targetId":"52157855-6a0e-4e48-8733-2e96e35a2222","type":"RealizationRelationship"},{"id":"9f19ed90-1b3a-4be5-99ce-f46f4fcd0f9c","sourceId":"98c46f02-8c44-4f14-ae45-25f4f041e377","targetId":"52157855-6a0e-4e48-8733-2e96e35a2222","type":"RealizationRelationship"},{"id":"30524f9d-1c89-4529-83b1-577dfe2cf9b6","sourceId":"215d33b6-db28-4bd9-9142-b3bfd862093b","targetId":"52157855-6a0e-4e48-8733-2e96e35a2222","type":"RealizationRelationship"},{"id":"5c0313f0-cfe3-4134-bbe1-9f12ca0f7c74","sourceId":"09e93f88-d561-47ef-8ebf-a8b53d9de8a4","targetId":"52157855-6a0e-4e48-8733-2e96e35a2222","type":"RealizationRelationship"},{"id":"dcc2e999-63cf-4eae-aa22-d0a283b3b91c","sourceId":"67f32969-76e4-40c8-a593-1d843c6360f6","targetId":"52157855-6a0e-4e48-8733-2e96e35a2222","type":"RealizationRelationship"},{"id":"feb2103d-278f-4622-b17e-888fbcf136e7","sourceId":"c2608b47-f181-46e6-965b-1aba82f3dfa3","targetId":"52157855-6a0e-4e48-8733-2e96e35a2222","type":"RealizationRelationship"},{"id":"e04031d9-9259-45f2-a49f-721fdc3a429c","sourceId":"36ff5454-18fe-4c6e-8af8-4fc63cc2afba","targetId":"52157855-6a0e-4e48-8733-2e96e35a2222","type":"RealizationRelationship"},{"id":"920eba66-701b-4d7d-ad6f-58cbd44d033c","sourceId":"2161bc07-08e4-4349-a511-c1cb3552803d","targetId":"52157855-6a0e-4e48-8733-2e96e35a2222","type":"RealizationRelationship"},{"id":"e688b92c-dedf-41bb-a602-f9e63cd3714b","sourceId":"5398b253-f032-400c-a1e6-689a0ff3d07d","targetId":"52157855-6a0e-4e48-8733-2e96e35a2222","type":"RealizationRelationship"},{"id":"26132d9b-ee4f-4af3-9637-e9d2c4654bc3","sourceId":"edb21c95-016b-485b-9cf8-fab81ef936a8","targetId":"24163a9a-5746-4bba-935a-56ff0ea7ed19","type":"AssociationRelationship"},{"id":"7bd0b59d-11c7-42cd-b78b-66795b5f08ac","sourceId":"c2709515-0c69-453f-ac8e-db108996c042","targetId":"24163a9a-5746-4bba-935a-56ff0ea7ed19","type":"AssociationRelationship"},{"id":"55d320d5-4894-40d1-85ff-de5605082cae","sourceId":"9786306a-f7e8-4861-964a-b6dd8fe96ab8","targetId":"edb21c95-016b-485b-9cf8-fab81ef936a8","type":"AssociationRelationship"},{"id":"cefc4abc-c42e-4576-90fc-f03f25c09979","sourceId":"13058182-7abb-4685-9934-c1c1ea08a253","targetId":"edb21c95-016b-485b-9cf8-fab81ef936a8","type":"AssociationRelationship"},{"id":"e382b0f9-cbcb-47d4-a71c-fa57e2f6355d","sourceId":"a5b3b84a-dc19-4642-9e29-9ef71a4f1db8","targetId":"edb21c95-016b-485b-9cf8-fab81ef936a8","type":"AssociationRelationship"},{"id":"b7126e6a-9174-4def-add4-5bcc81d297cd","sourceId":"10a2590d-e12f-4bf3-828f-8b543be6163e","targetId":"edb21c95-016b-485b-9cf8-fab81ef936a8","type":"AssociationRelationship"},{"id":"2470d513-0eae-48ea-83e8-1580fa8fdab1","sourceId":"c95d5752-1037-4afa-afec-c8e66457d666","targetId":"24163a9a-5746-4bba-935a-56ff0ea7ed19","type":"AssociationRelationship"},{"id":"97794c0c-46fb-4a6c-8550-aade064a30b2","sourceId":"a58601bf-c048-48b8-9f74-e894cb919e09","targetId":"edb21c95-016b-485b-9cf8-fab81ef936a8","type":"RealizationRelationship"},{"id":"eddcb70c-3832-40eb-ba8e-561da406f2ca","sourceId":"7b29f4ce-95db-41c5-b409-8f0e7a52724e","targetId":"edb21c95-016b-485b-9cf8-fab81ef936a8","type":"RealizationRelationship"},{"id":"fd6a96e4-b940-4c87-8fca-2592a988dbe1","sourceId":"a69090dc-bc30-48bc-94b1-f0c23b8c70d5","targetId":"edb21c95-016b-485b-9cf8-fab81ef936a8","type":"RealizationRelationship"},{"id":"8a0619ce-13c1-4765-814c-1248487a1655","sourceId":"99bb9def-af46-41df-b9d6-58b2a2a218ac","targetId":"edb21c95-016b-485b-9cf8-fab81ef936a8","type":"RealizationRelationship"},{"id":"e1576af1-6824-41f8-b0f7-483ba4eef1c2","sourceId":"23da3c7a-f2bb-4d22-9296-bf0d8e989fe8","targetId":"c2709515-0c69-453f-ac8e-db108996c042","type":"AssignmentRelationship"},{"id":"e5c9a717-5529-4051-9d66-b01285264059","sourceId":"73da2071-4bac-489e-bd6b-dbb1246154b4","targetId":"a5b3b84a-dc19-4642-9e29-9ef71a4f1db8","type":"RealizationRelationship"},{"id":"554278a7-6c57-4497-a90c-60c1659f7995","sourceId":"e9a30055-38b4-4990-aded-de78385edd29","targetId":"a5b3b84a-dc19-4642-9e29-9ef71a4f1db8","type":"RealizationRelationship"},{"id":"294a71ad-a85c-408e-a113-4abd5800c5ff","sourceId":"bcb3b7c4-920d-4ed5-b479-dbbf6fb35a94","targetId":"a5b3b84a-dc19-4642-9e29-9ef71a4f1db8","type":"RealizationRelationship"},{"id":"3d63fede-c603-4f9a-a995-8893a0bb4304","sourceId":"90f13d1e-844e-4e2c-a293-7006ec540fc8","targetId":"a5b3b84a-dc19-4642-9e29-9ef71a4f1db8","type":"RealizationRelationship"},{"id":"64e9950f-42ed-40b9-9b04-93a2999a4d44","sourceId":"88ec4033-2584-44c7-b3ee-cc430a8a2007","targetId":"a5b3b84a-dc19-4642-9e29-9ef71a4f1db8","type":"RealizationRelationship"},{"id":"12f19966-9b99-44cd-bd4b-01c082345071","sourceId":"fbc4a555-c65e-4b0b-af01-f6e6159c1238","targetId":"a5b3b84a-dc19-4642-9e29-9ef71a4f1db8","type":"RealizationRelationship"},{"id":"f00b29e4-cabe-4079-af78-b79eb1554eec","sourceId":"01f2ec05-c558-437f-87f6-7ac3fb97c9a0","targetId":"a5b3b84a-dc19-4642-9e29-9ef71a4f1db8","type":"RealizationRelationship"},{"id":"5aa900e6-865b-4eb1-972d-15292bd49fba","sourceId":"e38d4d74-9d64-4d93-aa7d-337343299b15","targetId":"a5b3b84a-dc19-4642-9e29-9ef71a4f1db8","type":"RealizationRelationship"},{"id":"62006e61-140d-4e9c-8c18-8b7fb893dce2","sourceId":"93fe9763-7f8a-42b2-9321-f194e0a137a8","targetId":"a5b3b84a-dc19-4642-9e29-9ef71a4f1db8","type":"RealizationRelationship"},{"id":"758560bb-3302-43ef-8227-9fd399447d6c","sourceId":"79b39390-7f5c-4c37-a4aa-94669142a3b4","targetId":"a5b3b84a-dc19-4642-9e29-9ef71a4f1db8","type":"RealizationRelationship"},{"id":"09bbeeb5-705d-41b2-8a32-166180a19db0","sourceId":"c8a3c4f7-3228-43e1-830b-bf5dcb6ca327","targetId":"a5b3b84a-dc19-4642-9e29-9ef71a4f1db8","type":"RealizationRelationship"},{"id":"5cc67af0-0193-4125-bb61-2de69b75a0dc","sourceId":"8cdb9c4a-7da5-4ba0-9f17-e3936f16bede","targetId":"a5b3b84a-dc19-4642-9e29-9ef71a4f1db8","type":"RealizationRelationship"},{"id":"2d301f6b-e018-4fe8-91bf-f3dc6a34d2a3","sourceId":"89eb1b26-4912-4b6f-bb38-b411ece48405","targetId":"a5b3b84a-dc19-4642-9e29-9ef71a4f1db8","type":"RealizationRelationship"},{"id":"788e8b48-03a3-4dea-a1e0-d180310ad857","sourceId":"d4eb01c7-a38f-4cbd-ab6c-91bfdebe7341","targetId":"a5b3b84a-dc19-4642-9e29-9ef71a4f1db8","type":"RealizationRelationship"}],"views":[{"id":"d3c33a36-9abe-408a-a270-56c5638db281","name":"Default View","viewpoint":""},{"id":"10944c21-9a4a-4c60-90f1-8b5c364ec212","name":"Generated View for Servidor Académica Funcionarios","viewpoint":"technology"},{"id":"b1e60666-23d5-4c4a-ba22-4b36f52d1abe","name":"Generated View for Servidor Académica Funcionarios","viewpoint":"technology"},{"id":"4cd277ac-3980-4e7e-a518-a4f4cbf58311","name":"Generated View for Servidor Académica Funcionarios","viewpoint":"technology"},{"id":"72d5ea1c-038a-4814-ae02-f8b40fb67c34","name":"Generated View for Servidor Académica Funcionarios","viewpoint":"technology_usage"},{"id":"c2af46a3-2f3b-44d3-853b-9cd875f507e7","name":"Generated View for Servidor Académica Funcionarios","viewpoint":"implementation_migration"},{"id":"a6ea2bd6-9e28-4ad7-8c11-41269a37a332","name":"Generated View for Servidor Académica Funcionarios","viewpoint":"layered"},{"id":"b6b201d9-feb5-45dd-af11-c4fc576464ae","name":"Generated View for Servidor Académica Funcionarios","viewpoint":"technology"}]}