<?xml version="1.0" encoding="UTF-8"?>
<model xmlns="http://www.opengroup.org/xsd/archimate/3.0/" xmlns:xsi="http://www.w3.org/2001/XMLSchema-instance" xsi:schemaLocation="http://www.opengroup.org/xsd/archimate/3.0/ http://www.opengroup.org/xsd/archimate/3.1/archimate3_Diagram.xsd" identifier="id-6e7a0fe5-4c63-4dd7-baa2-762070a8a4ea">
  <name>(new model)</name>
  <elements>
    <element identifier="id-24163a9a-5746-4bba-935a-56ff0ea7ed19" xsi:type="Node">
      <name>Servidor WSO2</name>
    </element>
    <element identifier="id-5f18330d-828a-48aa-97d6-75e30de2f05f" xsi:type="SystemSoftware">
      <name>WSO2 Identity Server</name>
    </element>
    <element identifier="id-0866ecf0-63ab-4650-97bf-bfe7d295f498" xsi:type="SystemSoftware">
      <name>WSO2 API Manager</name>
    </element>
    <element identifier="edb21c95-016b-485b-9cf8-fab81ef936a8" xsi:type="Node">
      <name>Servidor Académica Funcionarios</name>
    </element>
    <element identifier="c2709515-0c69-453f-ac8e-db108996c042" xsi:type="Node">
      <name>Servidor Académica Estudiantes</name>
    </element>
    <element identifier="a5b3b84a-dc19-4642-9e29-9ef71a4f1db8" xsi:type="Node">
      <name>Servidor Postgres Producción</name>
    </element>
    <element identifier="id-13058182-7abb-4685-9934-c1c1ea08a253" xsi:type="Node">
      <name>Servidor Académica producción (Oracle)</name>
    </element>
    <element identifier="id-10a2590d-e12f-4bf3-828f-8b543be6163e" xsi:type="Node">
      <name>Servidor MySQL Estudiantes</name>
    </element>
    <element identifier="id-46860aa0-cf7f-471d-bd0e-46ea0551cdaa" xsi:type="Node">
      <name>Servidor MySQL Estudiantes (copy)</name>
    </element>
    <element identifier="id-9786306a-f7e8-4861-964a-b6dd8fe96ab8" xsi:type="Node">
      <name>Servidor MySQL Funcionarios</name>
    </element>
    <element identifier="c95d5752-1037-4afa-afec-c8e66457d666" xsi:type="Node">
      <name>Servidor BD WSO2</name>
    </element>
    <element identifier="id-82335939-e15c-49cf-8c92-07e638176405" xsi:type="SystemSoftware">
      <name>WSO2 Identity Server (copy)</name>
    </element>
    <element identifier="d79896ed-dc35-49b8-8dbb-8a0616a020e5" xsi:type="SystemSoftware">
      <name>WSO2 API Manager (copy)</name>
    </element>
    <element identifier="id-52157855-6a0e-4e48-8733-2e96e35a2222" xsi:type="SystemSoftware">
      <name>Sistema Gestión Académica</name>
    </element>
    <element identifier="id-0109587f-616b-45fb-a245-792febc03713" xsi:type="Artifact">
      <name>Artifact</name>
    </element>
    <element identifier="id-932da5d0-ef6d-42b8-b9f9-b1dd59546c1e" xsi:type="Artifact">
      <name>Artifact</name>
    </element>
    <element identifier="d9ec331f-c513-4ee5-a51b-2d343d7e74b7" xsi:type="SystemSoftware">
      <name />
    </element>
    <element identifier="id-60926b1c-2059-4c91-807e-9efa0f5c0ac6" xsi:type="Artifact">
      <name>Urano</name>
    </element>
    <element identifier="id-05b41f57-dc5b-46b8-a872-8662bc7f88bc" xsi:type="Artifact">
      <name>SARA Académica</name>
    </element>
    <element identifier="a1645244-3ce2-44ac-b992-e24e0ab04fc8" xsi:type="Artifact">
      <name>Docencia SARA</name>
    </element>
    <element identifier="id-12dd085c-ba2b-4f7d-a2b8-716ccc6b43b9" xsi:type="Artifact">
      <name>Botón Pago</name>
    </element>
    <element identifier="e9ce4c91-f5db-454c-92fb-1c88021917ad" xsi:type="Artifact">
      <name>Encuestas UDistrital</name>
    </element>
    <element identifier="id-98c46f02-8c44-4f14-ae45-25f4f041e377" xsi:type="Artifact">
      <name>JANO</name>
    </element>
    <element identifier="id-215d33b6-db28-4bd9-9142-b3bfd862093b" xsi:type="Artifact">
      <name>Kyron</name>
    </element>
    <element identifier="id-09e93f88-d561-47ef-8ebf-a8b53d9de8a4" xsi:type="Artifact">
      <name>Reporte Pago UD</name>
    </element>
    <element identifier="id-67f32969-76e4-40c8-a593-1d843c6360f6" xsi:type="Artifact">
      <name>Recibos Pago UD</name>
    </element>
    <element identifier="c2608b47-f181-46e6-965b-1aba82f3dfa3" xsi:type="Artifact">
      <name>Reporte Pagos Place to pay</name>
    </element>
    <element identifier="id-36ff5454-18fe-4c6e-8af8-4fc63cc2afba" xsi:type="Artifact">
      <name>Reportes UDistrital (Reportico)</name>
    </element>
    <element identifier="id-2161bc07-08e4-4349-a511-c1cb3552803d" xsi:type="Artifact">
      <name>SARA Administrativa</name>
    </element>
    <element identifier="id-5398b253-f032-400c-a1e6-689a0ff3d07d" xsi:type="Artifact">
      <name>Servicios Académicos</name>
    </element>
    <element identifier="id-106dacd3-7003-422a-bf01-0cf085feb2cf" xsi:type="DistributionNetwork">
      <name>Distribution Network</name>
    </element>
    <element identifier="c87e4830-efc7-439b-8548-845897fd2257" xsi:type="Path">
      <name>Path</name>
    </element>
    <element identifier="a58601bf-c048-48b8-9f74-e894cb919e09" xsi:type="Artifact">
      <name>Argo</name>
    </element>
    <element identifier="id-7b29f4ce-95db-41c5-b409-8f0e7a52724e" xsi:type="Artifact">
      <name>Arka</name>
    </element>
    <element identifier="a69090dc-bc30-48bc-94b1-f0c23b8c70d5" xsi:type="Artifact">
      <name>Ágora</name>
    </element>
    <element identifier="id-99bb9def-af46-41df-b9d6-58b2a2a218ac" xsi:type="Artifact">
      <name>GEFAD - TEMIS</name>
    </element>
    <element identifier="id-23da3c7a-f2bb-4d22-9296-bf0d8e989fe8" xsi:type="SystemSoftware">
      <name>Sistema Gestión Académica</name>
    </element>
    <element identifier="id-73da2071-4bac-489e-bd6b-dbb1246154b4" xsi:type="Artifact">
      <name />
    </element>
    <element identifier="e9a30055-38b4-4990-aded-de78385edd29" xsi:type="Artifact">
      <name>Argo</name>
    </element>
    <element identifier="bcb3b7c4-920d-4ed5-b479-dbbf6fb35a94" xsi:type="Artifact">
      <name>Agora</name>
    </element>
    <element identifier="id-90f13d1e-844e-4e2c-a293-7006ec540fc8" xsi:type="Artifact">
      <name>Arka</name>
    </element>
    <element identifier="id-88ec4033-2584-44c7-b3ee-cc430a8a2007" xsi:type="Artifact">
      <name>Encuestas UD</name>
    </element>
    <element identifier="fbc4a555-c65e-4b0b-af01-f6e6159c1238" xsi:type="Artifact">
      <name>JANO</name>
    </element>
    <element identifier="id-01f2ec05-c558-437f-87f6-7ac3fb97c9a0" xsi:type="Artifact">
      <name>Kyron</name>
    </element>
    <element identifier="e38d4d74-9d64-4d93-aa7d-337343299b15" xsi:type="Artifact">
      <name>Reporte Pagos</name>
    </element>
    <element identifier="id-93fe9763-7f8a-42b2-9321-f194e0a137a8" xsi:type="Artifact">
      <name>SARA Académica</name>
    </element>
    <element identifier="id-79b39390-7f5c-4c37-a4aa-94669142a3b4" xsi:type="Artifact">
      <name>SARA Administrativa</name>
    </element>
    <element identifier="c8a3c4f7-3228-43e1-830b-bf5dcb6ca327" xsi:type="Artifact">
      <name>SARA Admisiones</name>
    </element>
    <element identifier="id-8cdb9c4a-7da5-4ba0-9f17-e3936f16bede" xsi:type="Artifact">
      <name>Udistrital</name>
    </element>
    <element identifier="id-89eb1b26-4912-4b6f-bb38-b411ece48405" xsi:type="Artifact">
      <name>Urano</name>
    </element>
    <element identifier="d4eb01c7-a38f-4cbd-ab6c-91bfdebe7341" xsi:type="Artifact">
      <name>Urano Estudiantes</name>
    </element>
  </elements>
  <relationships>
    <relationship identifier="id-8e7f2de3-a1c7-47cc-a4e3-01003089fe82" source="id-24163a9a-5746-4bba-935a-56ff0ea7ed19" target="id-5f18330d-828a-48aa-97d6-75e30de2f05f" xsi:type="Composition" />
    <relationship identifier="bc95c1cf-a2e6-4e1d-a7e2-a7ebc5ff75c6" source="id-24163a9a-5746-4bba-935a-56ff0ea7ed19" target="id-0866ecf0-63ab-4650-97bf-bfe7d295f498" xsi:type="Composition" />
    <relationship identifier="e8ab6657-3635-47a7-9f58-ced20301b2fe" source="c95d5752-1037-4afa-afec-c8e66457d666" target="d79896ed-dc35-49b8-8dbb-8a0616a020e5" xsi:type="Composition" />
    <relationship identifier="id-2a20503b-2c1b-448a-a699-8960459aba41" source="c95d5752-1037-4afa-afec-c8e66457d666" target="id-82335939-e15c-49cf-8c92-07e638176405" xsi:type="Composition" />
    <relationship identifier="cc17e229-1253-4793-9501-6032dbee927e" source="id-52157855-6a0e-4e48-8733-2e96e35a2222" target="edb21c95-016b-485b-9cf8-fab81ef936a8" xsi:type="Assignment" />
    <relationship identifier="id-212f077c-0305-435d-b748-dfd497a97f47" source="id-60926b1c-2059-4c91-807e-9efa0f5c0ac6" target="id-52157855-6a0e-4e48-8733-2e96e35a2222" xsi:type="Realization" />
    <relationship identifier="a91c77cc-781a-41b6-97ee-4c8f02b31ceb" source="id-05b41f57-dc5b-46b8-a872-8662bc7f88bc" target="id-52157855-6a0e-4e48-8733-2e96e35a2222" xsi:type="Realization" />
    <relationship identifier="id-35bd3a8f-a490-4683-bdd0-bde5ab00eafa" source="a1645244-3ce2-44ac-b992-e24e0ab04fc8" target="id-52157855-6a0e-4e48-8733-2e96e35a2222" xsi:type="Realization" />
    <relationship identifier="id-3e9b88aa-d706-4927-8ecc-2b654f648351" source="id-12dd085c-ba2b-4f7d-a2b8-716ccc6b43b9" target="id-52157855-6a0e-4e48-8733-2e96e35a2222" xsi:type="Realization" />
    <relationship identifier="id-585edb4b-b054-4cbc-b8fb-2980fb404511" source="e9ce4c91-f5db-454c-92fb-1c88021917ad" target="id-52157855-6a0e-4e48-8733-2e96e35a2222" xsi:type="Realization" />
    <relationship identifier="id-9f19ed90-1b3a-4be5-99ce-f46f4fcd0f9c" source="id-98c46f02-8c44-4f14-ae45-25f4f041e377" target="id-52157855-6a0e-4e48-8733-2e96e35a2222" xsi:type="Realization" />
    <relationship identifier="id-30524f9d-1c89-4529-83b1-577dfe2cf9b6" source="id-215d33b6-db28-4bd9-9142-b3bfd862093b" target="id-52157855-6a0e-4e48-8733-2e96e35a2222" xsi:type="Realization" />
    <relationship identifier="id-5c0313f0-cfe3-4134-bbe1-9f12ca0f7c74" source="id-09e93f88-d561-47ef-8ebf-a8b53d9de8a4" target="id-52157855-6a0e-4e48-8733-2e96e35a2222" xsi:type="Realization" />
    <relationship identifier="dcc2e999-63cf-4eae-aa22-d0a283b3b91c" source="id-67f32969-76e4-40c8-a593-1d843c6360f6" target="id-52157855-6a0e-4e48-8733-2e96e35a2222" xsi:type="Realization" />
    <relationship identifier="feb2103d-278f-4622-b17e-888fbcf136e7" source="c2608b47-f181-46e6-965b-1aba82f3dfa3" target="id-52157855-6a0e-4e48-8733-2e96e35a2222" xsi:type="Realization" />
    <relationship identifier="e04031d9-9259-45f2-a49f-721fdc3a429c" source="id-36ff5454-18fe-4c6e-8af8-4fc63cc2afba" target="id-52157855-6a0e-4e48-8733-2e96e35a2222" xsi:type="Realization" />
    <relationship identifier="id-920eba66-701b-4d7d-ad6f-58cbd44d033c" source="id-2161bc07-08e4-4349-a511-c1cb3552803d" target="id-52157855-6a0e-4e48-8733-2e96e35a2222" xsi:type="Realization" />
    <relationship identifier="e688b92c-dedf-41bb-a602-f9e63cd3714b" source="id-5398b253-f032-400c-a1e6-689a0ff3d07d" target="id-52157855-6a0e-4e48-8733-2e96e35a2222" xsi:type="Realization" />
    <relationship identifier="id-26132d9b-ee4f-4af3-9637-e9d2c4654bc3" source="edb21c95-016b-485b-9cf8-fab81ef936a8" target="id-24163a9a-5746-4bba-935a-56ff0ea7ed19" xsi:type="Association" />
    <relationship identifier="id-7bd0b59d-11c7-42cd-b78b-66795b5f08ac" source="c2709515-0c69-453f-ac8e-db108996c042" target="id-24163a9a-5746-4bba-935a-56ff0ea7ed19" xsi:type="Association" />
    <relationship identifier="id-55d320d5-4894-40d1-85ff-de5605082cae" source="id-9786306a-f7e8-4861-964a-b6dd8fe96ab8" target="edb21c95-016b-485b-9cf8-fab81ef936a8" xsi:type="Association" />
    <relationship identifier="cefc4abc-c42e-4576-90fc-f03f25c09979" source="id-13058182-7abb-4685-9934-c1c1ea08a253" target="edb21c95-016b-485b-9cf8-fab81ef936a8" xsi:type="Association" />
    <relationship identifier="e382b0f9-cbcb-47d4-a71c-fa57e2f6355d" source="a5b3b84a-dc19-4642-9e29-9ef71a4f1db8" target="edb21c95-016b-485b-9cf8-fab81ef936a8" xsi:type="Association" />
    <relationship identifier="b7126e6a-9174-4def-add4-5bcc81d297cd" source="id-10a2590d-e12f-4bf3-828f-8b543be6163e" target="edb21c95-016b-485b-9cf8-fab81ef936a8" xsi:type="Association" />
    <relationship identifier="id-2470d513-0eae-48ea-83e8-1580fa8fdab1" source="c95d5752-1037-4afa-afec-c8e66457d666" target="id-24163a9a-5746-4bba-935a-56ff0ea7ed19" xsi:type="Association" />
    <relationship identifier="id-97794c0c-46fb-4a6c-8550-aade064a30b2" source="a58601bf-c048-48b8-9f74-e894cb919e09" target="edb21c95-016b-485b-9cf8-fab81ef936a8" xsi:type="Realization" />
    <relationship identifier="eddcb70c-3832-40eb-ba8e-561da406f2ca" source="id-7b29f4ce-95db-41c5-b409-8f0e7a52724e" target="edb21c95-016b-485b-9cf8-fab81ef936a8" xsi:type="Realization" />
    <relationship identifier="fd6a96e4-b940-4c87-8fca-2592a988dbe1" source="a69090dc-bc30-48bc-94b1-f0c23b8c70d5" target="edb21c95-016b-485b-9cf8-fab81ef936a8" xsi:type="Realization" />
    <relationship identifier="id-8a0619ce-13c1-4765-814c-1248487a1655" source="id-99bb9def-af46-41df-b9d6-58b2a2a218ac" target="edb21c95-016b-485b-9cf8-fab81ef936a8" xsi:type="Realization" />
    <relationship identifier="e1576af1-6824-41f8-b0f7-483ba4eef1c2" source="id-23da3c7a-f2bb-4d22-9296-bf0d8e989fe8" target="c2709515-0c69-453f-ac8e-db108996c042" xsi:type="Assignment" />
    <relationship identifier="e5c9a717-5529-4051-9d66-b01285264059" source="id-73da2071-4bac-489e-bd6b-dbb1246154b4" target="a5b3b84a-dc19-4642-9e29-9ef71a4f1db8" xsi:type="Realization" />
    <relationship identifier="id-554278a7-6c57-4497-a90c-60c1659f7995" source="e9a30055-38b4-4990-aded-de78385edd29" target="a5b3b84a-dc19-4642-9e29-9ef71a4f1db8" xsi:type="Realization" />
    <relationship identifier="id-294a71ad-a85c-408e-a113-4abd5800c5ff" source="bcb3b7c4-920d-4ed5-b479-dbbf6fb35a94" target="a5b3b84a-dc19-4642-9e29-9ef71a4f1db8" xsi:type="Realization" />
    <relationship identifier="id-3d63fede-c603-4f9a-a995-8893a0bb4304" source="id-90f13d1e-844e-4e2c-a293-7006ec540fc8" target="a5b3b84a-dc19-4642-9e29-9ef71a4f1db8" xsi:type="Realization" />
    <relationship identifier="id-64e9950f-42ed-40b9-9b04-93a2999a4d44" source="id-88ec4033-2584-44c7-b3ee-cc430a8a2007" target="a5b3b84a-dc19-4642-9e29-9ef71a4f1db8" xsi:type="Realization" />
    <relationship identifier="id-12f19966-9b99-44cd-bd4b-01c082345071" source="fbc4a555-c65e-4b0b-af01-f6e6159c1238" target="a5b3b84a-dc19-4642-9e29-9ef71a4f1db8" xsi:type="Realization" />
    <relationship identifier="f00b29e4-cabe-4079-af78-b79eb1554eec" source="id-01f2ec05-c558-437f-87f6-7ac3fb97c9a0" target="a5b3b84a-dc19-4642-9e29-9ef71a4f1db8" xsi:type="Realization" />
    <relationship identifier="id-5aa900e6-865b-4eb1-972d-15292bd49fba" source="e38d4d74-9d64-4d93-aa7d-337343299b15" target="a5b3b84a-dc19-4642-9e29-9ef71a4f1db8" xsi:type="Realization" />
    <relationship identifier="id-62006e61-140d-4e9c-8c18-8b7fb893dce2" source="id-93fe9763-7f8a-42b2-9321-f194e0a137a8" target="a5b3b84a-dc19-4642-9e29-9ef71a4f1db8" xsi:type="Realization" />
    <relationship identifier="id-758560bb-3302-43ef-8227-9fd399447d6c" source="id-79b39390-7f5c-4c37-a4aa-94669142a3b4" target="a5b3b84a-dc19-4642-9e29-9ef71a4f1db8" xsi:type="Realization" />
    <relationship identifier="id-09bbeeb5-705d-41b2-8a32-166180a19db0" source="c8a3c4f7-3228-43e1-830b-bf5dcb6ca327" target="a5b3b84a-dc19-4642-9e29-9ef71a4f1db8" xsi:type="Realization" />
    <relationship identifier="id-5cc67af0-0193-4125-bb61-2de69b75a0dc" source="id-8cdb9c4a-7da5-4ba0-9f17-e3936f16bede" target="a5b3b84a-dc19-4642-9e29-9ef71a4f1db8" xsi:type="Realization" />
    <relationship identifier="id-2d301f6b-e018-4fe8-91bf-f3dc6a34d2a3" source="id-89eb1b26-4912-4b6f-bb38-b411ece48405" target="a5b3b84a-dc19-4642-9e29-9ef71a4f1db8" xsi:type="Realization" />
    <relationship identifier="id-788e8b48-03a3-4dea-a1e0-d180310ad857" source="d4eb01c7-a38f-4cbd-ab6c-91bfdebe7341" target="a5b3b84a-dc19-4642-9e29-9ef71a4f1db8" xsi:type="Realization" />
  </relationships>
  <views>
    <diagrams>
      <view identifier="d3c33a36-9abe-408a-a270-56c5638db281" xsi:type="Diagram">
        <name>Default View</name>
        <node identifier="id-1a697d44-cc42-4053-8952-d921aeebe1e7" elementRef="id-24163a9a-5746-4bba-935a-56ff0ea7ed19" xsi:type="Element" x="36" y="36" w="475" h="169">
          <style>
            <fillColor r="201" g="231" b="183" a="100" />
            <lineColor r="92" g="92" b="92" a="100" />
            <font name="Lucida Grande" size="12">
              <color r="0" g="0" b="0" />
            </font>
          </style>
          <node identifier="cb11b334-fb59-435a-a641-1bbe0e069fc5" elementRef="id-5f18330d-828a-48aa-97d6-75e30de2f05f" xsi:type="Element" x="69" y="108" w="169" h="55">
            <style>
              <fillColor r="201" g="231" b="183" a="100" />
              <lineColor r="92" g="92" b="92" a="100" />
              <font name="Lucida Grande" size="12">
                <color r="0" g="0" b="0" />
              </font>
            </style>
          </node>
          <node identifier="id-65cded42-7a74-4048-9bdc-00daf0f9f9a8" elementRef="id-0866ecf0-63ab-4650-97bf-bfe7d295f498" xsi:type="Element" x="309" y="108" w="120" h="55">
            <style>
              <fillColor r="201" g="231" b="183" a="100" />
              <lineColor r="92" g="92" b="92" a="100" />
              <font name="Lucida Grande" size="12">
                <color r="0" g="0" b="0" />
              </font>
            </style>
          </node>
        </node>
        <node identifier="d38d9754-1728-4455-b8b9-b4028555fca6" elementRef="edb21c95-016b-485b-9cf8-fab81ef936a8" xsi:type="Element" x="648" y="12" w="2245" h="241">
          <style>
            <fillColor r="201" g="231" b="183" a="100" />
            <lineColor r="92" g="92" b="92" a="100" />
            <font name="Lucida Grande" size="12">
              <color r="0" g="0" b="0" />
            </font>
          </style>
          <node identifier="fc1f29ad-f80a-460c-a8fe-95300f6f29e7" elementRef="id-52157855-6a0e-4e48-8733-2e96e35a2222" xsi:type="Element" x="696" y="84" w="1729" h="133">
            <style>
              <fillColor r="201" g="231" b="183" a="100" />
              <lineColor r="92" g="92" b="92" a="100" />
              <font name="Lucida Grande" size="12">
                <color r="0" g="0" b="0" />
              </font>
            </style>
            <node identifier="id-668fff30-ada9-4e29-bd7d-083db51c4bce" elementRef="id-60926b1c-2059-4c91-807e-9efa0f5c0ac6" xsi:type="Element" x="708" y="132" w="120" h="55">
              <style>
                <fillColor r="201" g="231" b="183" a="100" />
                <lineColor r="92" g="92" b="92" a="100" />
                <font name="Lucida Grande" size="12">
                  <color r="0" g="0" b="0" />
                </font>
              </style>
            </node>
            <node identifier="f0965d1b-a700-4c40-ac6b-2886ac098122" elementRef="id-05b41f57-dc5b-46b8-a872-8662bc7f88bc" xsi:type="Element" x="852" y="132" w="120" h="55">
              <style>
                <fillColor r="201" g="231" b="183" a="100" />
                <lineColor r="92" g="92" b="92" a="100" />
                <font name="Lucida Grande" size="12">
                  <color r="0" g="0" b="0" />
                </font>
              </style>
            </node>
            <node identifier="ab4a0ace-652f-478b-aa31-c111d4014067" elementRef="a1645244-3ce2-44ac-b992-e24e0ab04fc8" xsi:type="Element" x="984" y="132" w="120" h="55">
              <style>
                <fillColor r="201" g="231" b="183" a="100" />
                <lineColor r="92" g="92" b="92" a="100" />
                <font name="Lucida Grande" size="12">
                  <color r="0" g="0" b="0" />
                </font>
              </style>
            </node>
            <node identifier="ce7f84b0-80fa-44ca-8f74-11aff81c9386" elementRef="id-12dd085c-ba2b-4f7d-a2b8-716ccc6b43b9" xsi:type="Element" x="1116" y="132" w="120" h="55">
              <style>
                <fillColor r="201" g="231" b="183" a="100" />
                <lineColor r="92" g="92" b="92" a="100" />
                <font name="Lucida Grande" size="12">
                  <color r="0" g="0" b="0" />
                </font>
              </style>
            </node>
            <node identifier="id-987b4c61-e2cd-47e1-92b3-0c75e4e680b6" elementRef="e9ce4c91-f5db-454c-92fb-1c88021917ad" xsi:type="Element" x="1248" y="132" w="120" h="55">
              <style>
                <fillColor r="201" g="231" b="183" a="100" />
                <lineColor r="92" g="92" b="92" a="100" />
                <font name="Lucida Grande" size="12">
                  <color r="0" g="0" b="0" />
                </font>
              </style>
            </node>
            <node identifier="id-10378274-63cc-4de0-a103-cb2bf38ad680" elementRef="id-98c46f02-8c44-4f14-ae45-25f4f041e377" xsi:type="Element" x="1392" y="132" w="85" h="55">
              <style>
                <fillColor r="201" g="231" b="183" a="100" />
                <lineColor r="92" g="92" b="92" a="100" />
                <font name="Lucida Grande" size="12">
                  <color r="0" g="0" b="0" />
                </font>
              </style>
            </node>
            <node identifier="id-73748cf9-1a2e-4216-9bb2-cbbe805ebde0" elementRef="id-215d33b6-db28-4bd9-9142-b3bfd862093b" xsi:type="Element" x="1500" y="132" w="97" h="55">
              <style>
                <fillColor r="201" g="231" b="183" a="100" />
                <lineColor r="92" g="92" b="92" a="100" />
                <font name="Lucida Grande" size="12">
                  <color r="0" g="0" b="0" />
                </font>
              </style>
            </node>
            <node identifier="c80ce97d-cc73-4eb4-8c45-7c494a63110e" elementRef="id-09e93f88-d561-47ef-8ebf-a8b53d9de8a4" xsi:type="Element" x="1608" y="132" w="120" h="55">
              <style>
                <fillColor r="201" g="231" b="183" a="100" />
                <lineColor r="92" g="92" b="92" a="100" />
                <font name="Lucida Grande" size="12">
                  <color r="0" g="0" b="0" />
                </font>
              </style>
            </node>
            <node identifier="id-167e4dfd-3ca6-4ec2-9431-66d1b46246af" elementRef="id-67f32969-76e4-40c8-a593-1d843c6360f6" xsi:type="Element" x="1752" y="132" w="85" h="55">
              <style>
                <fillColor r="201" g="231" b="183" a="100" />
                <lineColor r="92" g="92" b="92" a="100" />
                <font name="Lucida Grande" size="12">
                  <color r="0" g="0" b="0" />
                </font>
              </style>
            </node>
            <node identifier="id-7f2eb649-9912-4f89-bd44-b51f711c194d" elementRef="c2608b47-f181-46e6-965b-1aba82f3dfa3" xsi:type="Element" x="1860" y="132" w="120" h="55">
              <style>
                <fillColor r="201" g="231" b="183" a="100" />
                <lineColor r="92" g="92" b="92" a="100" />
                <font name="Lucida Grande" size="12">
                  <color r="0" g="0" b="0" />
                </font>
              </style>
            </node>
            <node identifier="d5b1c0e4-59fd-4e36-b321-641cbd5ff75d" elementRef="id-36ff5454-18fe-4c6e-8af8-4fc63cc2afba" xsi:type="Element" x="1992" y="132" w="120" h="55">
              <style>
                <fillColor r="201" g="231" b="183" a="100" />
                <lineColor r="92" g="92" b="92" a="100" />
                <font name="Lucida Grande" size="12">
                  <color r="0" g="0" b="0" />
                </font>
              </style>
            </node>
            <node identifier="id-464a220c-9818-49a7-91c5-97b9a3ca4768" elementRef="id-2161bc07-08e4-4349-a511-c1cb3552803d" xsi:type="Element" x="2136" y="132" w="120" h="55">
              <style>
                <fillColor r="201" g="231" b="183" a="100" />
                <lineColor r="92" g="92" b="92" a="100" />
                <font name="Lucida Grande" size="12">
                  <color r="0" g="0" b="0" />
                </font>
              </style>
            </node>
            <node identifier="e74510ee-7be0-429c-a0d3-74d4570077ae" elementRef="id-5398b253-f032-400c-a1e6-689a0ff3d07d" xsi:type="Element" x="2268" y="132" w="120" h="55">
              <style>
                <fillColor r="201" g="231" b="183" a="100" />
                <lineColor r="92" g="92" b="92" a="100" />
                <font name="Lucida Grande" size="12">
                  <color r="0" g="0" b="0" />
                </font>
              </style>
            </node>
          </node>
          <node identifier="id-66e6d481-6c84-4632-a2fd-a16925674294" elementRef="a58601bf-c048-48b8-9f74-e894cb919e09" xsi:type="Element" x="2448" y="123" w="85" h="55">
            <style>
              <fillColor r="201" g="231" b="183" a="100" />
              <lineColor r="92" g="92" b="92" a="100" />
              <font name="Lucida Grande" size="12">
                <color r="0" g="0" b="0" />
              </font>
            </style>
          </node>
          <node identifier="id-73323f55-ff35-496b-97ab-ba837d786bd7" elementRef="id-7b29f4ce-95db-41c5-b409-8f0e7a52724e" xsi:type="Element" x="2544" y="123" w="85" h="55">
            <style>
              <fillColor r="201" g="231" b="183" a="100" />
              <lineColor r="92" g="92" b="92" a="100" />
              <font name="Lucida Grande" size="12">
                <color r="0" g="0" b="0" />
              </font>
            </style>
          </node>
          <node identifier="bfd3c6ab-f986-4ce9-aecf-5a7393da49b4" elementRef="a69090dc-bc30-48bc-94b1-f0c23b8c70d5" xsi:type="Element" x="2640" y="123" w="97" h="55">
            <style>
              <fillColor r="201" g="231" b="183" a="100" />
              <lineColor r="92" g="92" b="92" a="100" />
              <font name="Lucida Grande" size="12">
                <color r="0" g="0" b="0" />
              </font>
            </style>
          </node>
          <node identifier="id-54a41c17-0ac6-467a-a5d6-27311d8d3ea1" elementRef="id-99bb9def-af46-41df-b9d6-58b2a2a218ac" xsi:type="Element" x="2748" y="123" w="109" h="55">
            <style>
              <fillColor r="201" g="231" b="183" a="100" />
              <lineColor r="92" g="92" b="92" a="100" />
              <font name="Lucida Grande" size="12">
                <color r="0" g="0" b="0" />
              </font>
            </style>
          </node>
        </node>
        <node identifier="id-8975e5e7-84f5-45e5-ad62-e88cea213603" elementRef="c2709515-0c69-453f-ac8e-db108996c042" xsi:type="Element" x="0" y="336" w="415" h="157">
          <style>
            <fillColor r="201" g="231" b="183" a="100" />
            <lineColor r="92" g="92" b="92" a="100" />
            <font name="Lucida Grande" size="12">
              <color r="0" g="0" b="0" />
            </font>
          </style>
          <node identifier="id-0afe84ee-403f-4d5d-bf37-1323e0f2951b" elementRef="id-23da3c7a-f2bb-4d22-9296-bf0d8e989fe8" xsi:type="Element" x="108" y="396" w="157" h="73">
            <style>
              <fillColor r="201" g="231" b="183" a="100" />
              <lineColor r="92" g="92" b="92" a="100" />
              <font name="Lucida Grande" size="12">
                <color r="0" g="0" b="0" />
              </font>
            </style>
          </node>
        </node>
        <node identifier="id-7a8d3190-12ec-41ef-a86b-e845ddf836c6" elementRef="a5b3b84a-dc19-4642-9e29-9ef71a4f1db8" xsi:type="Element" x="1212" y="330" w="1645" h="181">
          <style>
            <fillColor r="201" g="231" b="183" a="100" />
            <lineColor r="92" g="92" b="92" a="100" />
            <font name="Lucida Grande" size="12">
              <color r="0" g="0" b="0" />
            </font>
          </style>
          <node identifier="id-9400d75d-1fc7-4881-9076-fc26e0bae36b" elementRef="e9a30055-38b4-4990-aded-de78385edd29" xsi:type="Element" x="1236" y="402" w="79" h="55">
            <style>
              <fillColor r="201" g="231" b="183" a="100" />
              <lineColor r="92" g="92" b="92" a="100" />
              <font name="Lucida Grande" size="12">
                <color r="0" g="0" b="0" />
              </font>
            </style>
          </node>
          <node identifier="d4dd1e55-6709-4f65-b77d-580340bf7e5e" elementRef="bcb3b7c4-920d-4ed5-b479-dbbf6fb35a94" xsi:type="Element" x="1332" y="402" w="97" h="55">
            <style>
              <fillColor r="201" g="231" b="183" a="100" />
              <lineColor r="92" g="92" b="92" a="100" />
              <font name="Lucida Grande" size="12">
                <color r="0" g="0" b="0" />
              </font>
            </style>
          </node>
          <node identifier="dc7bc21f-a5f6-4b97-b6e0-33582d6dea91" elementRef="id-90f13d1e-844e-4e2c-a293-7006ec540fc8" xsi:type="Element" x="1452" y="402" w="85" h="55">
            <style>
              <fillColor r="201" g="231" b="183" a="100" />
              <lineColor r="92" g="92" b="92" a="100" />
              <font name="Lucida Grande" size="12">
                <color r="0" g="0" b="0" />
              </font>
            </style>
          </node>
          <node identifier="a16862fe-ff3e-4a36-ab1a-2721afc09bd2" elementRef="id-88ec4033-2584-44c7-b3ee-cc430a8a2007" xsi:type="Element" x="1548" y="402" w="109" h="55">
            <style>
              <fillColor r="201" g="231" b="183" a="100" />
              <lineColor r="92" g="92" b="92" a="100" />
              <font name="Lucida Grande" size="12">
                <color r="0" g="0" b="0" />
              </font>
            </style>
          </node>
          <node identifier="id-0d648a61-606b-4cae-9d4a-a991b7e10ffd" elementRef="fbc4a555-c65e-4b0b-af01-f6e6159c1238" xsi:type="Element" x="1668" y="402" w="73" h="55">
            <style>
              <fillColor r="201" g="231" b="183" a="100" />
              <lineColor r="92" g="92" b="92" a="100" />
              <font name="Lucida Grande" size="12">
                <color r="0" g="0" b="0" />
              </font>
            </style>
          </node>
          <node identifier="id-74d351a0-af46-4726-a313-eec348ae4dac" elementRef="id-01f2ec05-c558-437f-87f6-7ac3fb97c9a0" xsi:type="Element" x="1752" y="402" w="85" h="55">
            <style>
              <fillColor r="201" g="231" b="183" a="100" />
              <lineColor r="92" g="92" b="92" a="100" />
              <font name="Lucida Grande" size="12">
                <color r="0" g="0" b="0" />
              </font>
            </style>
          </node>
          <node identifier="id-1e497ebb-dda1-425f-b021-56a56094c6a3" elementRef="e38d4d74-9d64-4d93-aa7d-337343299b15" xsi:type="Element" x="1860" y="402" w="120" h="55">
            <style>
              <fillColor r="201" g="231" b="183" a="100" />
              <lineColor r="92" g="92" b="92" a="100" />
              <font name="Lucida Grande" size="12">
                <color r="0" g="0" b="0" />
              </font>
            </style>
          </node>
          <node identifier="id-3d09484a-11bd-4c8e-9af5-f4f3eeabded0" elementRef="id-93fe9763-7f8a-42b2-9321-f194e0a137a8" xsi:type="Element" x="1992" y="402" w="120" h="55">
            <style>
              <fillColor r="201" g="231" b="183" a="100" />
              <lineColor r="92" g="92" b="92" a="100" />
              <font name="Lucida Grande" size="12">
                <color r="0" g="0" b="0" />
              </font>
            </style>
          </node>
          <node identifier="ff990cb3-e661-47a2-9c7f-078eca323e88" elementRef="id-79b39390-7f5c-4c37-a4aa-94669142a3b4" xsi:type="Element" x="2124" y="402" w="120" h="55">
            <style>
              <fillColor r="201" g="231" b="183" a="100" />
              <lineColor r="92" g="92" b="92" a="100" />
              <font name="Lucida Grande" size="12">
                <color r="0" g="0" b="0" />
              </font>
            </style>
          </node>
          <node identifier="c52872d3-dd8b-48ff-aa54-70689426d57d" elementRef="c8a3c4f7-3228-43e1-830b-bf5dcb6ca327" xsi:type="Element" x="2256" y="402" w="120" h="55">
            <style>
              <fillColor r="201" g="231" b="183" a="100" />
              <lineColor r="92" g="92" b="92" a="100" />
              <font name="Lucida Grande" size="12">
                <color r="0" g="0" b="0" />
              </font>
            </style>
          </node>
          <node identifier="id-1e7742f9-bdb4-43b0-ac36-614cb8c6c9e8" elementRef="id-8cdb9c4a-7da5-4ba0-9f17-e3936f16bede" xsi:type="Element" x="2388" y="402" w="120" h="55">
            <style>
              <fillColor r="201" g="231" b="183" a="100" />
              <lineColor r="92" g="92" b="92" a="100" />
              <font name="Lucida Grande" size="12">
                <color r="0" g="0" b="0" />
              </font>
            </style>
          </node>
          <node identifier="ff506f80-bb45-4894-8b9e-9c62753677e5" elementRef="id-89eb1b26-4912-4b6f-bb38-b411ece48405" xsi:type="Element" x="2520" y="402" w="120" h="55">
            <style>
              <fillColor r="201" g="231" b="183" a="100" />
              <lineColor r="92" g="92" b="92" a="100" />
              <font name="Lucida Grande" size="12">
                <color r="0" g="0" b="0" />
              </font>
            </style>
          </node>
          <node identifier="id-2254ff65-6b97-4301-a749-7a0d3c95c6c3" elementRef="d4eb01c7-a38f-4cbd-ab6c-91bfdebe7341" xsi:type="Element" x="2676" y="402" w="120" h="55">
            <style>
              <fillColor r="201" g="231" b="183" a="100" />
              <lineColor r="92" g="92" b="92" a="100" />
              <font name="Lucida Grande" size="12">
                <color r="0" g="0" b="0" />
              </font>
            </style>
          </node>
        </node>
        <node identifier="id-280908d9-bd5a-4e92-b6ac-800e35122200" elementRef="id-13058182-7abb-4685-9934-c1c1ea08a253" xsi:type="Element" x="2952" y="330" w="241" h="181">
          <style>
            <fillColor r="201" g="231" b="183" a="100" />
            <lineColor r="92" g="92" b="92" a="100" />
            <font name="Lucida Grande" size="12">
              <color r="0" g="0" b="0" />
            </font>
          </style>
        </node>
        <node identifier="id-208f3e40-4cfa-4eac-8fcd-087d6603a529" elementRef="id-10a2590d-e12f-4bf3-828f-8b543be6163e" xsi:type="Element" x="948" y="330" w="247" h="181">
          <style>
            <fillColor r="201" g="231" b="183" a="100" />
            <lineColor r="92" g="92" b="92" a="100" />
            <font name="Lucida Grande" size="12">
              <color r="0" g="0" b="0" />
            </font>
          </style>
        </node>
        <node identifier="bfeb38ba-f71c-4d5d-99cc-7c000008e127" elementRef="id-9786306a-f7e8-4861-964a-b6dd8fe96ab8" xsi:type="Element" x="2970" y="42" w="235" h="181">
          <style>
            <fillColor r="201" g="231" b="183" a="100" />
            <lineColor r="92" g="92" b="92" a="100" />
            <font name="Lucida Grande" size="12">
              <color r="0" g="0" b="0" />
            </font>
          </style>
        </node>
        <node identifier="id-3dafe3f7-6076-4639-9afc-71f5d7a6ea78" elementRef="c95d5752-1037-4afa-afec-c8e66457d666" xsi:type="Element" x="432" y="336" w="439" h="169">
          <style>
            <fillColor r="201" g="231" b="183" a="100" />
            <lineColor r="92" g="92" b="92" a="100" />
            <font name="Lucida Grande" size="12">
              <color r="0" g="0" b="0" />
            </font>
          </style>
        </node>
        <connection identifier="id-301942cc-3216-4efd-a28c-7747596b978d" relationshipRef="id-26132d9b-ee4f-4af3-9637-e9d2c4654bc3" xsi:type="Relationship" source="d38d9754-1728-4455-b8b9-b4028555fca6" target="id-1a697d44-cc42-4053-8952-d921aeebe1e7">
          <style>
            <lineColor r="0" g="0" b="0" />
            <font name="Lucida Grande" size="12">
              <color r="0" g="0" b="0" />
            </font>
          </style>
        </connection>
        <connection identifier="id-622fef24-b27c-4192-895d-d0bc0df63483" relationshipRef="id-7bd0b59d-11c7-42cd-b78b-66795b5f08ac" xsi:type="Relationship" source="id-8975e5e7-84f5-45e5-ad62-e88cea213603" target="id-1a697d44-cc42-4053-8952-d921aeebe1e7">
          <style>
            <lineColor r="0" g="0" b="0" />
            <font name="Lucida Grande" size="12">
              <color r="0" g="0" b="0" />
            </font>
          </style>
        </connection>
        <connection identifier="id-7b7bf05e-0a4c-443e-835f-b3c4e1040f8b" relationshipRef="e382b0f9-cbcb-47d4-a71c-fa57e2f6355d" xsi:type="Relationship" source="id-7a8d3190-12ec-41ef-a86b-e845ddf836c6" target="d38d9754-1728-4455-b8b9-b4028555fca6">
          <style>
            <lineColor r="0" g="0" b="0" />
            <font name="Lucida Grande" size="12">
              <color r="0" g="0" b="0" />
            </font>
          </style>
        </connection>
        <connection identifier="id-0ad8f2fc-87d2-4d00-a9a0-69741b2a10f4" relationshipRef="cefc4abc-c42e-4576-90fc-f03f25c09979" xsi:type="Relationship" source="id-280908d9-bd5a-4e92-b6ac-800e35122200" target="d38d9754-1728-4455-b8b9-b4028555fca6">
          <style>
            <lineColor r="0" g="0" b="0" />
            <font name="Lucida Grande" size="12">
              <color r="0" g="0" b="0" />
            </font>
          </style>
        </connection>
        <connection identifier="id-755a94b2-d5c7-451d-beeb-fded1b43bd79" relationshipRef="b7126e6a-9174-4def-add4-5bcc81d297cd" xsi:type="Relationship" source="id-208f3e40-4cfa-4eac-8fcd-087d6603a529" target="d38d9754-1728-4455-b8b9-b4028555fca6">
          <style>
            <lineColor r="0" g="0" b="0" />
            <font name="Lucida Grande" size="12">
              <color r="0" g="0" b="0" />
            </font>
          </style>
        </connection>
        <connection identifier="id-66dfeef7-76a7-460d-9f7e-87e7c7f82317" relationshipRef="id-55d320d5-4894-40d1-85ff-de5605082cae" xsi:type="Relationship" source="bfeb38ba-f71c-4d5d-99cc-7c000008e127" target="d38d9754-1728-4455-b8b9-b4028555fca6">
          <style>
            <lineColor r="0" g="0" b="0" />
            <font name="Lucida Grande" size="12">
              <color r="0" g="0" b="0" />
            </font>
          </style>
        </connection>
        <connection identifier="id-21eec1b4-181f-405a-9718-c513a479fab7" relationshipRef="id-2470d513-0eae-48ea-83e8-1580fa8fdab1" xsi:type="Relationship" source="id-3dafe3f7-6076-4639-9afc-71f5d7a6ea78" target="id-1a697d44-cc42-4053-8952-d921aeebe1e7">
          <style>
            <lineColor r="0" g="0" b="0" />
            <font name="Lucida Grande" size="12">
              <color r="0" g="0" b="0" />
            </font>
          </style>
        </connection>
      </view>
      <view identifier="id-10944c21-9a4a-4c60-90f1-8b5c364ec212" xsi:type="Diagram" viewpoint="Technology">
        <name>Generated View for Servidor Académica Funcionarios</name>
        <node identifier="id-1bd2f6ca-5bef-4a62-ab5b-579baa3b86e6" elementRef="edb21c95-016b-485b-9cf8-fab81ef936a8" xsi:type="Element" x="20" y="20" w="120" h="55">
          <style>
            <fillColor r="201" g="231" b="183" a="100" />
            <lineColor r="92" g="92" b="92" a="100" />
            <font name="Lucida Grande" size="12">
              <color r="0" g="0" b="0" />
            </font>
          </style>
        </node>
      </view>
      <view identifier="b1e60666-23d5-4c4a-ba22-4b36f52d1abe" xsi:type="Diagram" viewpoint="Technology">
        <name>Generated View for Servidor Académica Funcionarios</name>
        <node identifier="id-6187daee-a7c7-4b7e-af86-2ba0d8fe7086" elementRef="edb21c95-016b-485b-9cf8-fab81ef936a8" xsi:type="Element" x="20" y="20" w="137" h="77">
          <style>
            <fillColor r="201" g="231" b="183" a="100" />
            <lineColor r="92" g="92" b="92" a="100" />
            <font name="Lucida Grande" size="12">
              <color r="0" g="0" b="0" />
            </font>
          </style>
        </node>
        <node identifier="e741542b-4901-4a47-af14-aea35c731fdf" elementRef="id-52157855-6a0e-4e48-8733-2e96e35a2222" xsi:type="Element" x="276" y="24" w="167" h="101">
          <style>
            <fillColor r="201" g="231" b="183" a="100" />
            <lineColor r="92" g="92" b="92" a="100" />
            <font name="Lucida Grande" size="12">
              <color r="0" g="0" b="0" />
            </font>
          </style>
        </node>
        <connection identifier="ac66f5f4-83b7-45a8-a059-928f3b6f2182" relationshipRef="cc17e229-1253-4793-9501-6032dbee927e" xsi:type="Relationship" source="e741542b-4901-4a47-af14-aea35c731fdf" target="id-6187daee-a7c7-4b7e-af86-2ba0d8fe7086">
          <style>
            <lineColor r="0" g="0" b="0" />
            <font name="Lucida Grande" size="12">
              <color r="0" g="0" b="0" />
            </font>
          </style>
        </connection>
      </view>
      <view identifier="id-4cd277ac-3980-4e7e-a518-a4f4cbf58311" xsi:type="Diagram" viewpoint="Technology">
        <name>Generated View for Servidor Académica Funcionarios</name>
        <node identifier="fe95876f-5f04-4bb3-8737-ff4b3a1c3eef" elementRef="edb21c95-016b-485b-9cf8-fab81ef936a8" xsi:type="Element" x="20" y="20" w="120" h="55">
          <style>
            <fillColor r="201" g="231" b="183" a="100" />
            <lineColor r="92" g="92" b="92" a="100" />
            <font name="Lucida Grande" size="12">
              <color r="0" g="0" b="0" />
            </font>
          </style>
        </node>
        <node identifier="id-363647b8-1d54-4286-8b65-3487eff505d0" elementRef="id-52157855-6a0e-4e48-8733-2e96e35a2222" xsi:type="Element" x="170" y="20" w="120" h="55">
          <style>
            <fillColor r="201" g="231" b="183" a="100" />
            <lineColor r="92" g="92" b="92" a="100" />
            <font name="Lucida Grande" size="12">
              <color r="0" g="0" b="0" />
            </font>
          </style>
        </node>
        <connection identifier="fdfdd8a5-2bc5-4ea5-8d47-de96246782c7" relationshipRef="cc17e229-1253-4793-9501-6032dbee927e" xsi:type="Relationship" source="id-363647b8-1d54-4286-8b65-3487eff505d0" target="fe95876f-5f04-4bb3-8737-ff4b3a1c3eef">
          <style>
            <lineColor r="0" g="0" b="0" />
            <font name="Lucida Grande" size="12">
              <color r="0" g="0" b="0" />
            </font>
          </style>
        </connection>
      </view>
      <view identifier="id-72d5ea1c-038a-4814-ae02-f8b40fb67c34" xsi:type="Diagram" viewpoint="Technology Usage">
        <name>Generated View for Servidor Académica Funcionarios</name>
        <node identifier="id-638c3b4d-0116-4fb5-b5ab-cdeb0c5b348d" elementRef="edb21c95-016b-485b-9cf8-fab81ef936a8" xsi:type="Element" x="20" y="20" w="120" h="55">
          <style>
            <fillColor r="201" g="231" b="183" a="100" />
            <lineColor r="92" g="92" b="92" a="100" />
            <font name="Lucida Grande" size="12">
              <color r="0" g="0" b="0" />
            </font>
          </style>
        </node>
        <node identifier="cedf86ef-6899-4b84-bce4-6779c6daf97c" elementRef="id-52157855-6a0e-4e48-8733-2e96e35a2222" xsi:type="Element" x="170" y="20" w="120" h="55">
          <style>
            <fillColor r="201" g="231" b="183" a="100" />
            <lineColor r="92" g="92" b="92" a="100" />
            <font name="Lucida Grande" size="12">
              <color r="0" g="0" b="0" />
            </font>
          </style>
        </node>
        <connection identifier="f9cb966d-4e0c-4e4e-87f4-b62eb3c30ee4" relationshipRef="cc17e229-1253-4793-9501-6032dbee927e" xsi:type="Relationship" source="cedf86ef-6899-4b84-bce4-6779c6daf97c" target="id-638c3b4d-0116-4fb5-b5ab-cdeb0c5b348d">
          <style>
            <lineColor r="0" g="0" b="0" />
            <font name="Lucida Grande" size="12">
              <color r="0" g="0" b="0" />
            </font>
          </style>
        </connection>
      </view>
      <view identifier="c2af46a3-2f3b-44d3-853b-9cd875f507e7" xsi:type="Diagram" viewpoint="Implementation and Migration">
        <name>Generated View for Servidor Académica Funcionarios</name>
        <node identifier="id-5d952897-5a26-4c78-991d-7c2d015d7396" elementRef="edb21c95-016b-485b-9cf8-fab81ef936a8" xsi:type="Element" x="20" y="20" w="120" h="55">
          <style>
            <fillColor r="201" g="231" b="183" a="100" />
            <lineColor r="92" g="92" b="92" a="100" />
            <font name="Lucida Grande" size="12">
              <color r="0" g="0" b="0" />
            </font>
          </style>
        </node>
        <node identifier="eebb2d55-8de2-4bb8-9421-ba632b8691ef" elementRef="id-52157855-6a0e-4e48-8733-2e96e35a2222" xsi:type="Element" x="170" y="20" w="120" h="55">
          <style>
            <fillColor r="201" g="231" b="183" a="100" />
            <lineColor r="92" g="92" b="92" a="100" />
            <font name="Lucida Grande" size="12">
              <color r="0" g="0" b="0" />
            </font>
          </style>
        </node>
        <connection identifier="id-16eea1cb-a198-4d0d-b96b-4e806e2628e5" relationshipRef="cc17e229-1253-4793-9501-6032dbee927e" xsi:type="Relationship" source="eebb2d55-8de2-4bb8-9421-ba632b8691ef" target="id-5d952897-5a26-4c78-991d-7c2d015d7396">
          <style>
            <lineColor r="0" g="0" b="0" />
            <font name="Lucida Grande" size="12">
              <color r="0" g="0" b="0" />
            </font>
          </style>
        </connection>
      </view>
      <view identifier="a6ea2bd6-9e28-4ad7-8c11-41269a37a332" xsi:type="Diagram" viewpoint="Layered">
        <name>Generated View for Servidor Académica Funcionarios</name>
        <node identifier="ce332763-aad9-4997-aca8-8d9bf65d0e8b" elementRef="edb21c95-016b-485b-9cf8-fab81ef936a8" xsi:type="Element" x="20" y="20" w="120" h="55">
          <style>
            <fillColor r="201" g="231" b="183" a="100" />
            <lineColor r="92" g="92" b="92" a="100" />
            <font name="Lucida Grande" size="12">
              <color r="0" g="0" b="0" />
            </font>
          </style>
        </node>
        <node identifier="id-870a016b-2625-42f0-b74d-aebd54fd8b24" elementRef="id-24163a9a-5746-4bba-935a-56ff0ea7ed19" xsi:type="Element" x="170" y="20" w="120" h="55">
          <style>
            <fillColor r="201" g="231" b="183" a="100" />
            <lineColor r="92" g="92" b="92" a="100" />
            <font name="Lucida Grande" size="12">
              <color r="0" g="0" b="0" />
            </font>
          </style>
        </node>
        <node identifier="id-08b459a8-ab3f-4ab8-86c0-f47dff3bc772" elementRef="id-52157855-6a0e-4e48-8733-2e96e35a2222" xsi:type="Element" x="170" y="100" w="120" h="55">
          <style>
            <fillColor r="201" g="231" b="183" a="100" />
            <lineColor r="92" g="92" b="92" a="100" />
            <font name="Lucida Grande" size="12">
              <color r="0" g="0" b="0" />
            </font>
          </style>
        </node>
        <connection identifier="ad5c015a-e7a2-43f8-8f93-aaa8e45e0530" relationshipRef="id-26132d9b-ee4f-4af3-9637-e9d2c4654bc3" xsi:type="Relationship" source="ce332763-aad9-4997-aca8-8d9bf65d0e8b" target="id-870a016b-2625-42f0-b74d-aebd54fd8b24">
          <style>
            <lineColor r="0" g="0" b="0" />
            <font name="Lucida Grande" size="12">
              <color r="0" g="0" b="0" />
            </font>
          </style>
        </connection>
        <connection identifier="id-0972baae-1620-4827-b528-2c45042176ff" relationshipRef="cc17e229-1253-4793-9501-6032dbee927e" xsi:type="Relationship" source="id-08b459a8-ab3f-4ab8-86c0-f47dff3bc772" target="ce332763-aad9-4997-aca8-8d9bf65d0e8b">
          <style>
            <lineColor r="0" g="0" b="0" />
            <font name="Lucida Grande" size="12">
              <color r="0" g="0" b="0" />
            </font>
          </style>
        </connection>
      </view>
      <view identifier="b6b201d9-feb5-45dd-af11-c4fc576464ae" xsi:type="Diagram" viewpoint="Technology">
        <name>Generated View for Servidor Académica Funcionarios</name>
        <node identifier="e650637e-33b6-4321-9eef-7778e1093d51" elementRef="edb21c95-016b-485b-9cf8-fab81ef936a8" xsi:type="Element" x="20" y="20" w="120" h="101">
          <style>
            <fillColor r="201" g="231" b="183" a="100" />
            <lineColor r="92" g="92" b="92" a="100" />
            <font name="Lucida Grande" size="12">
              <color r="0" g="0" b="0" />
            </font>
          </style>
        </node>
        <node identifier="id-15f6e2f7-8539-4940-ad95-62d147d0d5bc" elementRef="id-24163a9a-5746-4bba-935a-56ff0ea7ed19" xsi:type="Element" x="170" y="20" w="120" h="55">
          <style>
            <fillColor r="201" g="231" b="183" a="100" />
            <lineColor r="92" g="92" b="92" a="100" />
            <font name="Lucida Grande" size="12">
              <color r="0" g="0" b="0" />
            </font>
          </style>
        </node>
        <node identifier="e1e6466b-d7d8-4620-a9c5-acdefec3db71" elementRef="id-52157855-6a0e-4e48-8733-2e96e35a2222" xsi:type="Element" x="540" y="108" w="120" h="55">
          <style>
            <fillColor r="201" g="231" b="183" a="100" />
            <lineColor r="92" g="92" b="92" a="100" />
            <font name="Lucida Grande" size="12">
              <color r="0" g="0" b="0" />
            </font>
          </style>
        </node>
        <node identifier="e76413c8-1195-46f2-8e43-cc6ec5eb0c0f" elementRef="id-9786306a-f7e8-4861-964a-b6dd8fe96ab8" xsi:type="Element" x="372" y="252" w="120" h="55">
          <style>
            <fillColor r="201" g="231" b="183" a="100" />
            <lineColor r="92" g="92" b="92" a="100" />
            <font name="Lucida Grande" size="12">
              <color r="0" g="0" b="0" />
            </font>
          </style>
        </node>
        <node identifier="id-1a0801ba-e872-47df-bf3e-bcfdbe69b064" elementRef="id-13058182-7abb-4685-9934-c1c1ea08a253" xsi:type="Element" x="228" y="372" w="120" h="55">
          <style>
            <fillColor r="201" g="231" b="183" a="100" />
            <lineColor r="92" g="92" b="92" a="100" />
            <font name="Lucida Grande" size="12">
              <color r="0" g="0" b="0" />
            </font>
          </style>
        </node>
        <node identifier="id-0ca24e62-763f-4636-b713-62da3483efbc" elementRef="a5b3b84a-dc19-4642-9e29-9ef71a4f1db8" xsi:type="Element" x="408" y="360" w="120" h="55">
          <style>
            <fillColor r="201" g="231" b="183" a="100" />
            <lineColor r="92" g="92" b="92" a="100" />
            <font name="Lucida Grande" size="12">
              <color r="0" g="0" b="0" />
            </font>
          </style>
        </node>
        <node identifier="id-4d6b4691-36c7-4ee4-b697-8cd66aa15f0f" elementRef="id-10a2590d-e12f-4bf3-828f-8b543be6163e" xsi:type="Element" x="24" y="420" w="120" h="55">
          <style>
            <fillColor r="201" g="231" b="183" a="100" />
            <lineColor r="92" g="92" b="92" a="100" />
            <font name="Lucida Grande" size="12">
              <color r="0" g="0" b="0" />
            </font>
          </style>
        </node>
        <connection identifier="id-28c070fb-a0c5-4027-ab84-f50da3b8950e" relationshipRef="id-26132d9b-ee4f-4af3-9637-e9d2c4654bc3" xsi:type="Relationship" source="e650637e-33b6-4321-9eef-7778e1093d51" target="id-15f6e2f7-8539-4940-ad95-62d147d0d5bc">
          <style>
            <lineColor r="0" g="0" b="0" />
            <font name="Lucida Grande" size="12">
              <color r="0" g="0" b="0" />
            </font>
          </style>
        </connection>
        <connection identifier="id-58024db4-b89a-4fa2-909f-4a5fcebfc456" relationshipRef="cc17e229-1253-4793-9501-6032dbee927e" xsi:type="Relationship" source="e1e6466b-d7d8-4620-a9c5-acdefec3db71" target="e650637e-33b6-4321-9eef-7778e1093d51">
          <style>
            <lineColor r="0" g="0" b="0" />
            <font name="Lucida Grande" size="12">
              <color r="0" g="0" b="0" />
            </font>
          </style>
        </connection>
        <connection identifier="id-595f8663-a8c6-4e18-91a4-e5a3f1ab71f8" relationshipRef="id-55d320d5-4894-40d1-85ff-de5605082cae" xsi:type="Relationship" source="e76413c8-1195-46f2-8e43-cc6ec5eb0c0f" target="e650637e-33b6-4321-9eef-7778e1093d51">
          <style>
            <lineColor r="0" g="0" b="0" />
            <font name="Lucida Grande" size="12">
              <color r="0" g="0" b="0" />
            </font>
          </style>
        </connection>
        <connection identifier="e65d6322-b622-4616-aa26-517d84924eaa" relationshipRef="cefc4abc-c42e-4576-90fc-f03f25c09979" xsi:type="Relationship" source="id-1a0801ba-e872-47df-bf3e-bcfdbe69b064" target="e650637e-33b6-4321-9eef-7778e1093d51">
          <style>
            <lineColor r="0" g="0" b="0" />
            <font name="Lucida Grande" size="12">
              <color r="0" g="0" b="0" />
            </font>
          </style>
        </connection>
        <connection identifier="id-701428d0-c08d-4393-9b5b-165b77cc74a9" relationshipRef="e382b0f9-cbcb-47d4-a71c-fa57e2f6355d" xsi:type="Relationship" source="id-0ca24e62-763f-4636-b713-62da3483efbc" target="e650637e-33b6-4321-9eef-7778e1093d51">
          <style>
            <lineColor r="0" g="0" b="0" />
            <font name="Lucida Grande" size="12">
              <color r="0" g="0" b="0" />
            </font>
          </style>
        </connection>
        <connection identifier="fcaf6a98-76a2-4411-ac45-fc53947ddf89" relationshipRef="b7126e6a-9174-4def-add4-5bcc81d297cd" xsi:type="Relationship" source="id-4d6b4691-36c7-4ee4-b697-8cd66aa15f0f" target="e650637e-33b6-4321-9eef-7778e1093d51">
          <style>
            <lineColor r="0" g="0" b="0" />
            <font name="Lucida Grande" size="12">
              <color r="0" g="0" b="0" />
            </font>
          </style>
        </connection>
      </view>
    </diagrams>
  </views>
</model>
