{"identifier":"https://me.big.tuwien.ac.at/EAModelSet/e85fd8e8","archimateId":"e85fd8e8","name":"whore_parser","description":"","formats":["XML","CSV","JSON","ARCHIMATE"],"source":"GitHub","repository":"cherkavi/html-parsing","license":"Not found","sourceFile":"raw-data/github/xml/parser.xml","sourceFormat":"XML","timestamp":"2023-07-06T09:29:17","tags":["DUPLICATE"],"duplicates":["raw-data/github/archimate/parser_description.archimate"],"language":"en","elements":[{"id":"a6acc659","name":"Developer","type":"BusinessActor","layer":"business"},{"id":"f68876d7","name":"Administrator","type":"BusinessActor","layer":"business"},{"id":"id-219e72b2","name":"spider creator","type":"BusinessRole","layer":"business"},{"id":"id-0fe3a9ec","name":"spider fixer","type":"BusinessRole","layer":"business"},{"id":"id-94712d04","name":"Business Service","type":"BusinessService","layer":"business"},{"id":"id-4ede5ef2","name":"parser creation","type":"BusinessService","layer":"business"},{"id":"dddad5da","name":"parser execution","type":"BusinessService","layer":"business"},{"id":"id-368a0574","name":"executor","type":"BusinessRole","layer":"business"},{"id":"id-2c9e6c82","name":"find actual resource","type":"BusinessFunction","layer":"business"},{"id":"id-2ce6f26a","name":"Business Process","type":"BusinessProcess","layer":"business"},{"id":"id-8ef6917a","name":"Business Role","type":"BusinessRole","layer":"business"},{"id":"id-016d244c","name":"investigator","type":"BusinessRole","layer":"business"},{"id":"a31e983d","name":"spider","type":"ApplicationComponent","layer":"application"},{"id":"id-8cb538ab","name":"reestr","type":"ApplicationComponent","layer":"application"},{"id":"id-96089211","name":"executor","type":"ApplicationComponent","layer":"application"},{"id":"ec50cae0","name":"GUI","type":"ApplicationComponent","layer":"application"},{"id":"e5ce9a30","name":"image-saver","type":"ApplicationComponent","layer":"application"},{"id":"id-70ba4346","name":"element-saver","type":"ApplicationComponent","layer":"application"},{"id":"id-4324e7ec","name":"Application Interface","type":"ApplicationInterface","layer":"application"},{"id":"id-98098168","name":"parser-controller","type":"ApplicationComponent","layer":"application"},{"id":"id-78fb01f3","name":"interfaces","type":"ApplicationComponent","layer":"application"},{"id":"id-0144e4f5","name":"image-saver-disk","type":"ApplicationComponent","layer":"application"},{"id":"id-4ef0cc54","name":"web-spider","type":"ApplicationComponent","layer":"application"},{"id":"id-74d80b9e","name":"spider-sexkiev","type":"ApplicationComponent","layer":"application"},{"id":"id-0371d363","name":"Device","type":"Device","layer":"technology"},{"id":"id-0f3d56ec","name":"File System","type":"SystemSoftware","layer":"technology"},{"id":"fc0a0960","name":"JMS","type":"SystemSoftware","layer":"technology"},{"id":"cb08f71a","name":"Image","type":"Artifact","layer":"technology"},{"id":"cb86f217","name":"XML descriptor","type":"Artifact","layer":"technology"},{"id":"e02bcca7","name":"process metadata","type":"Artifact","layer":"technology"},{"id":"ce1c308c","name":"DataBase","type":"SystemSoftware","layer":"technology"},{"id":"id-03a035ce","name":"maintainance","type":"Goal","layer":"motivation"},{"id":"id-54ca17c0","name":"growing","type":"Goal","layer":"motivation"},{"id":"e436f29f","name":"Deliverable","type":"Deliverable","layer":"implementation_migration"}],"relationships":[{"id":"id-4f35995d","sourceId":"a6acc659","targetId":"id-219e72b2","type":"Assignment"},{"id":"ee23cae4","sourceId":"a6acc659","targetId":"id-0fe3a9ec","type":"Assignment"},{"id":"c8ca2229","sourceId":"id-0fe3a9ec","targetId":"id-03a035ce","type":"Realization"},{"id":"id-5e2e1ed3","sourceId":"id-219e72b2","targetId":"id-54ca17c0","type":"Realization"},{"id":"id-8707fb1b","sourceId":"id-219e72b2","targetId":"id-4ede5ef2","type":"Realization"},{"id":"id-682e0d33","sourceId":"a6acc659","targetId":"id-368a0574","type":"Assignment"},{"id":"id-2e43bb0d","sourceId":"f68876d7","targetId":"id-368a0574","type":"Assignment"},{"id":"id-6c67517b","sourceId":"id-368a0574","targetId":"dddad5da","type":"Realization"},{"id":"e53314ba","sourceId":"a31e983d","targetId":"id-8cb538ab","type":"Serving"},{"id":"id-2fea378d","sourceId":"id-8cb538ab","targetId":"id-96089211","type":"Serving"},{"id":"id-60f1dda2","sourceId":"id-96089211","targetId":"ec50cae0","type":"Serving"},{"id":"id-332434d4","sourceId":"e5ce9a30","targetId":"a31e983d","type":"Serving"},{"id":"id-46806cfb","sourceId":"id-70ba4346","targetId":"a31e983d","type":"Serving"},{"id":"bca643c5","sourceId":"fc0a0960","targetId":"id-70ba4346","type":"Serving"},{"id":"c2255374","sourceId":"id-0f3d56ec","targetId":"e5ce9a30","type":"Serving"},{"id":"ae65ecce","sourceId":"cb08f71a","targetId":"id-0f3d56ec","type":"Association"},{"id":"id-88f2653b","sourceId":"cb86f217","targetId":"fc0a0960","type":"Association"},{"id":"id-262918bd","sourceId":"cb86f217","targetId":"cb08f71a","type":"Aggregation"},{"id":"id-2bf69e12","sourceId":"id-98098168","targetId":"a31e983d","type":"Serving"},{"id":"id-063aab7e","sourceId":"ce1c308c","targetId":"id-98098168","type":"Serving"},{"id":"id-079c7a8d","sourceId":"ce1c308c","targetId":"e02bcca7","type":"Association"},{"id":"id-77f93925","sourceId":"cb86f217","targetId":"e02bcca7","type":"Aggregation"},{"id":"id-32b49d55","sourceId":"id-016d244c","targetId":"id-54ca17c0","type":"Realization"},{"id":"c56abf4c","sourceId":"id-0144e4f5","targetId":"e5ce9a30","type":"Specialization"},{"id":"id-74d1590f","sourceId":"id-78fb01f3","targetId":"e5ce9a30","type":"Serving"},{"id":"f9e67366","sourceId":"id-78fb01f3","targetId":"id-8cb538ab","type":"Serving"},{"id":"id-0cc47e5b","sourceId":"id-78fb01f3","targetId":"id-4ef0cc54","type":"Serving"},{"id":"id-9104623b","sourceId":"id-74d80b9e","targetId":"id-4ef0cc54","type":"Specialization"},{"id":"id-52b3cf5a","sourceId":"id-78fb01f3","targetId":"id-4ef0cc54","type":"Serving"},{"id":"a2efa706","sourceId":"id-78fb01f3","targetId":"id-98098168","type":"Serving"},{"id":"id-4c74dbaf","sourceId":"id-78fb01f3","targetId":"id-70ba4346","type":"Serving"},{"id":"id-330722a1","sourceId":"id-74d80b9e","targetId":"id-8cb538ab","type":"Serving"},{"id":"id-00e937d4","sourceId":"id-70ba4346","targetId":"id-74d80b9e","type":"Serving"},{"id":"id-8aa2b92a","sourceId":"id-98098168","targetId":"id-74d80b9e","type":"Serving"},{"id":"id-08925eec","sourceId":"id-0144e4f5","targetId":"id-74d80b9e","type":"Serving"}],"views":[{"id":"id-4bc09c4f","name":"parser_process","viewpoint":""},{"id":"id-53f440b1","name":"parser_soa","viewpoint":""},{"id":"id-7e66bcb3","name":"projects","viewpoint":""}]}