{"identifier":"https://me.big.tuwien.ac.at/EAModelSet/466b1e76","archimateId":"466b1e76","name":"Domein Sport 020","description":"","formats":["XML","CSV","JSON","ARCHIMATE"],"source":"GitHub","repository":"","license":"","sourceFile":"raw-data/github/archimate/domeinarchitectuur_sport.archimate","sourceFormat":"ARCHIMATE","timestamp":"2023-07-06T09:29:17","tags":[],"duplicates":[],"language":"nl","elements":[{"id":"05457649","name":"Sportstimulering in Noord","type":"BusinessFunction","layer":"business"},{"id":"41e454a9","name":"Straatsport, seniorensport, vakantie-activiteiten, ...","type":"BusinessFunction","layer":"business"},{"id":"775cb653","name":"Sportstimulering Zuidoost","type":"BusinessFunction","layer":"business"},{"id":"51aed705","name":"Sportbuurtwerk in Zuidoost","type":"BusinessFunction","layer":"business"},{"id":"28cfbbb8","name":"Toeleiding LSR opleiding","type":"BusinessFunction","layer":"business"},{"id":"7fd6a9de","name":"Sportstimulering Centrum","type":"BusinessFunction","layer":"business"},{"id":"ee76dbba","name":"Opdrachtgeverschap aan Sciandri","type":"BusinessFunction","layer":"business"},{"id":"94300580","name":"Sportstimulering in Oost","type":"BusinessFunction","layer":"business"},{"id":"fadec291","name":"Toeleiding naar JSF","type":"BusinessFunction","layer":"business"},{"id":"7c19cdf9","name":"Subsidiëring","type":"BusinessFunction","layer":"business"},{"id":"60cd55c2","name":"Sportstimulering in West","type":"BusinessFunction","layer":"business"},{"id":"67382a07","name":"Sportstimulering in Nieuw-West","type":"BusinessFunction","layer":"business"},{"id":"a8b8dd8d","name":"Sportstimulering in Zuid","type":"BusinessFunction","layer":"business"},{"id":"0c29c001","name":"Gebiedsgerichte beweegactiviteiten","type":"BusinessFunction","layer":"business"},{"id":"a85444e9","name":"Rolmodellen en ambassadeurs zoeken","type":"BusinessFunction","layer":"business"},{"id":"5398d66c","name":"Sportbuurtwerk in Nieuw-West","type":"BusinessFunction","layer":"business"},{"id":"4327235a","name":"Uitbesteed middels subsidiëring","type":"BusinessFunction","layer":"business"},{"id":"d7522b18","name":"Programma Topscore","type":"BusinessFunction","layer":"business"},{"id":"5df6a136","name":"Programma Jump-in","type":"BusinessFunction","layer":"business"},{"id":"47617781","name":"Programma Amsterdamse Aanpak Gezond Gewicht","type":"BusinessFunction","layer":"business"},{"id":"c46c6510","name":"Relatie management","type":"BusinessFunction","layer":"business"},{"id":"7d1d387c","name":"Beheer en onderhoud sporthallen en -parken","type":"BusinessFunction","layer":"business"},{"id":"ce4fe732","name":"Sportstimule-ring","type":"BusinessFunction","layer":"business"},{"id":"4f00a930","name":"Exploitatie zwembaden","type":"BusinessFunction","layer":"business"},{"id":"d3911682","name":"Beleidsvorming","type":"BusinessFunction","layer":"business"},{"id":"6bd93bd4","name":"Verhuur gymzalen, sporthallen en -parken","type":"BusinessFunction","layer":"business"},{"id":"31480f06","name":"Beheer en onderhoud Amsterdamse Bos","type":"BusinessFunction","layer":"business"},{"id":"ea07af3e","name":"Sporten, recreëren en bewegen, Sportparticipatie","type":"BusinessFunction","layer":"business"},{"id":"e76cdf6a","name":"Organisatie van vereniging en sportaanbod","type":"BusinessFunction","layer":"business"},{"id":"744cdbf4","name":"Lokale sportstimule-ring","type":"BusinessFunction","layer":"business"},{"id":"c70a2bc6","name":"Gebiedsontwikkeling","type":"BusinessFunction","layer":"business"},{"id":"86221862","name":"Planologie","type":"BusinessFunction","layer":"business"},{"id":"74998a60","name":"Gastheerschap","type":"BusinessFunction","layer":"business"},{"id":"1b57b74c","name":"Asset Management","type":"BusinessFunction","layer":"business"},{"id":"f6133706","name":"Periodieke verhuur sporthallen en gymzalen","type":"BusinessFunction","layer":"business"},{"id":"d0449536","name":"Sportpromotie","type":"BusinessFunction","layer":"business"},{"id":"3a29fe7b","name":"Organisatie Topsport","type":"BusinessFunction","layer":"business"},{"id":"1d22dacc","name":"Inzet combinatiefunctionarissen","type":"BusinessFunction","layer":"business"},{"id":"a5f5275d","name":"Andere taken","type":"BusinessFunction","layer":"business"},{"id":"dd96bf12","name":"Cluster Sociaal","type":"BusinessActor","layer":"business"},{"id":"93b91023","name":"Sport en Bos","type":"BusinessActor","layer":"business"},{"id":"55373191","name":"Sportpunt","type":"BusinessActor","layer":"business"},{"id":"cf82b4c0","name":"Sporthallen en -parken","type":"BusinessActor","layer":"business"},{"id":"6c381a4f","name":"Zwembaden","type":"BusinessActor","layer":"business"},{"id":"f2afe958","name":"Sportstimulering","type":"BusinessActor","layer":"business"},{"id":"bdc17018","name":"Sportbeleid en -ontwikkeling","type":"BusinessActor","layer":"business"},{"id":"7e28f3f4","name":"Amsterdamse Bos","type":"BusinessActor","layer":"business"},{"id":"0b281724","name":"Gemeentelijk Vastgoed","type":"BusinessActor","layer":"business"},{"id":"cefc3184","name":"Grond en Ontwikkeling","type":"BusinessActor","layer":"business"},{"id":"6c610308","name":"Ruimte en Duurzaamheid","type":"BusinessActor","layer":"business"},{"id":"e3c44e6e","name":"Stadsdeel","type":"BusinessActor","layer":"business"},{"id":"d3c37aee","name":"Sport en Recreatie","type":"BusinessActor","layer":"business"},{"id":"e6e54acd","name":"Financiën","type":"BusinessActor","layer":"business"},{"id":"70a76265","name":"Subsidies","type":"BusinessActor","layer":"business"},{"id":"12b9625a","name":"Onderwijs","type":"BusinessActor","layer":"business"},{"id":"91d1eb3c","name":"GGD","type":"BusinessActor","layer":"business"},{"id":"8ace7c9a","name":"Gebiedspool","type":"BusinessActor","layer":"business"},{"id":"40f1dca8","name":"Verkeer en Openbare Ruimte","type":"BusinessActor","layer":"business"},{"id":"3360d6b4","name":"Assetmanagement","type":"BusinessActor","layer":"business"},{"id":"097ef8f5","name":"Stadsdeel Zuid","type":"BusinessActor","layer":"business"},{"id":"0db5a4ba","name":"Jeroen Hofman","type":"BusinessActor","layer":"business"},{"id":"e9d995b9","name":"Andere medewerkers","type":"BusinessActor","layer":"business"},{"id":"740fe530","name":"Sciandri","type":"BusinessActor","layer":"business"},{"id":"8436dba4","name":"Verenigingen","type":"BusinessActor","layer":"business"},{"id":"af76cfb5","name":"Scholen","type":"BusinessActor","layer":"business"},{"id":"c8672d40","name":"Buitenschoolse opvang","type":"BusinessActor","layer":"business"},{"id":"95f76ac0","name":"Funtrax","type":"BusinessActor","layer":"business"},{"id":"c4342617","name":"Stichting Meer Bewegen voor Ouderen","type":"BusinessActor","layer":"business"},{"id":"7c842828","name":"Combiwel","type":"BusinessActor","layer":"business"},{"id":"04392001","name":"Sciandri, Sport op Maat, Stichting Ara Cora, MBVO","type":"BusinessActor","layer":"business"},{"id":"ef0807d3","name":"Combiwel, Dynamo, MBVO, ...","type":"BusinessActor","layer":"business"},{"id":"aef9cef4","name":"Gemeente Amsterdam","type":"BusinessActor","layer":"business"},{"id":"dc013d23","name":"Reade","type":"BusinessActor","layer":"business"},{"id":"efade83a","name":"Stichting Prisma","type":"BusinessActor","layer":"business"},{"id":"2537e645","name":"Stichting Sport & Behaviour","type":"BusinessActor","layer":"business"},{"id":"a2f96cea","name":"Only Friends","type":"BusinessActor","layer":"business"},{"id":"85fd7289","name":"Ministerie van VWS","type":"BusinessActor","layer":"business"},{"id":"097ae3a2","name":"Compudienst / LVP","type":"BusinessActor","layer":"business"},{"id":"56bbc7c5","name":"KOAC-NPC","type":"BusinessActor","layer":"business"},{"id":"0dfe8aa0","name":"DG Groep","type":"BusinessActor","layer":"business"},{"id":"39d1fd9e","name":"Cruyff Foundation","type":"BusinessActor","layer":"business"},{"id":"8aeff85f","name":"Krajicek Foundation","type":"BusinessActor","layer":"business"},{"id":"f483699f","name":"Amsterdammer","type":"BusinessActor","layer":"business"},{"id":"54d8726a","name":"Sportaanbieder","type":"BusinessActor","layer":"business"},{"id":"084fd1c2","name":"Nederlandse Sport Alliantie","type":"BusinessActor","layer":"business"},{"id":"70644ff4","name":"Stichting Sportservice Amsterdam","type":"BusinessActor","layer":"business"},{"id":"9fc5dd50","name":"Jeugdsportfonds Amsterdam","type":"BusinessActor","layer":"business"},{"id":"d35f373e","name":"Gisib BV","type":"BusinessCollaboration","layer":"business"},{"id":"4f41002d","name":"Multitask ICT","type":"BusinessActor","layer":"business"},{"id":"c72f7f3f","name":"Streetcornerwork, Jongerenwerk, Cruyff Foundation, Krajicek Foundation, ROC, Randstad","type":"BusinessActor","layer":"business"},{"id":"7463abe7","name":"Buurt Praktijk Teams","type":"BusinessActor","layer":"business"},{"id":"f258b25a","name":"Accomodatie","type":"BusinessObject","layer":"business"},{"id":"d78c83f5","name":"Sporthal","type":"BusinessObject","layer":"business"},{"id":"084ca447","name":"Gymzaal","type":"BusinessObject","layer":"business"},{"id":"9a5b3c54","name":"Sportpark","type":"BusinessObject","layer":"business"},{"id":"2eb7a1eb","name":"Sportveld","type":"BusinessObject","layer":"business"},{"id":"7b4232f1","name":"Tarievenlijst","type":"BusinessObject","layer":"business"},{"id":"431afc44","name":"Rooster","type":"BusinessObject","layer":"business"},{"id":"4a5ec956","name":"Factuur","type":"BusinessObject","layer":"business"},{"id":"c3d46200","name":"Toegangspas","type":"BusinessObject","layer":"business"},{"id":"37dc32ce","name":"Huurovereenkomst","type":"Contract","layer":"business"},{"id":"1eba8d92","name":"Sleutel","type":"BusinessObject","layer":"business"},{"id":"ab6ca761","name":"Overzicht gebruik en bezetting","type":"BusinessObject","layer":"business"},{"id":"e0e2bdf4","name":"Zwarte lijst","type":"BusinessObject","layer":"business"},{"id":"82f4cc1c","name":"Relatie","type":"BusinessObject","layer":"business"},{"id":"a9df8716","name":"Afspraak","type":"BusinessObject","layer":"business"},{"id":"e910dfa8","name":"Contactinformatie","type":"BusinessObject","layer":"business"},{"id":"2b5b3b6b","name":"Contract","type":"Contract","layer":"business"},{"id":"3fca669c","name":"Jaarlijks","type":"BusinessEvent","layer":"business"},{"id":"1d5be9ce","name":"Vaststellen tarieven","type":"BusinessProcess","layer":"business"},{"id":"03052a59","name":"Factuur maken","type":"BusinessProcess","layer":"business"},{"id":"3893f6f4","name":"Autoriseren toegangspas","type":"BusinessProcess","layer":"business"},{"id":"a157aade","name":"Reserveren","type":"BusinessProcess","layer":"business"},{"id":"922cd773","name":"Rooster aanpassen","type":"BusinessProcess","layer":"business"},{"id":"cecc60d2","name":"Accepteren reservering","type":"BusinessProcess","layer":"business"},{"id":"a49d4fd3","name":"Betalen","type":"BusinessProcess","layer":"business"},{"id":"77008dbe","name":"Controleren huurder","type":"BusinessProcess","layer":"business"},{"id":"a3482532","name":"Voorstel voorleggen","type":"BusinessProcess","layer":"business"},{"id":"40f12b23","name":"Accepteren voorstel","type":"BusinessProcess","layer":"business"},{"id":"5046a809","name":"Beoordelen voorstel","type":"BusinessProcess","layer":"business"},{"id":"2a895547","name":"Aanpassen voorstel","type":"BusinessProcess","layer":"business"},{"id":"eaa330a8","name":"Vastleggen voorstel","type":"BusinessProcess","layer":"business"},{"id":"4b427505","name":"Voorstel maken","type":"BusinessProcess","layer":"business"},{"id":"f0ac10d0","name":"Planning onderhoud","type":"BusinessProcess","layer":"business"},{"id":"3e071ff2","name":"Periodiek contracteren huurders","type":"BusinessProcess","layer":"business"},{"id":"96b3a52f","name":"Incidenteel verhuren","type":"BusinessProcess","layer":"business"},{"id":"20efe8d5","name":"Verhuren sportartikelen","type":"BusinessProcess","layer":"business"},{"id":"01c847ac","name":"Lokale sportstimule-ring","type":"BusinessProcess","layer":"business"},{"id":"dc9579ad","name":"Subsidiëren","type":"BusinessProcess","layer":"business"},{"id":"10035965","name":"Relatiemanagement","type":"BusinessProcess","layer":"business"},{"id":"f2247711","name":"Contracteren bedrijven","type":"BusinessProcess","layer":"business"},{"id":"54e207ec","name":"Kassaproces","type":"BusinessProcess","layer":"business"},{"id":"d613a040","name":"Evalueren en ontwikkelen","type":"BusinessProcess","layer":"business"},{"id":"d02ca343","name":"Verantwoorden","type":"BusinessProcess","layer":"business"},{"id":"80b4ba86","name":"Dagelijks beheer & onderhoud","type":"BusinessProcess","layer":"business"},{"id":"437e2d36","name":"Toezicht houden (Boswachterij)","type":"BusinessProcess","layer":"business"},{"id":"edc7eded","name":"Publieksinfor-matie (Boswinkel)","type":"BusinessProcess","layer":"business"},{"id":"bc8cdf86","name":"Marketing & intensivering","type":"BusinessProcess","layer":"business"},{"id":"df04c372","name":"Publieksinfor-matie","type":"BusinessProcess","layer":"business"},{"id":"2e1a0ada","name":"Toezicht houden","type":"BusinessProcess","layer":"business"},{"id":"cf6abaa5","name":"Toezicht houden","type":"BusinessProcess","layer":"business"},{"id":"1dda85fc","name":"Organiseren activiteiten","type":"BusinessProcess","layer":"business"},{"id":"52a829d9","name":"Verhuren","type":"BusinessProcess","layer":"business"},{"id":"60923e32","name":"Buurtsportcoach","type":"BusinessRole","layer":"business"},{"id":"157af446","name":"Combinatiefunctionaris","type":"BusinessRole","layer":"business"},{"id":"8f2f491e","name":"Sportcoördinator","type":"BusinessRole","layer":"business"},{"id":"5c97855b","name":"Sportmakelaar","type":"BusinessRole","layer":"business"},{"id":"e078e658","name":"Huurder","type":"BusinessRole","layer":"business"},{"id":"e4c64b84","name":"Beheerder","type":"BusinessRole","layer":"business"},{"id":"0ed62ccb","name":"Beleidsadviseur","type":"BusinessRole","layer":"business"},{"id":"f01f554c","name":"Opleiding Leider Sportieve Recreatie","type":"Product","layer":"business"},{"id":"17c156bd","name":"Jongerenactiviteiten Zuidoost","type":"Product","layer":"business"},{"id":"65f7b112","name":"Sportbuurtclubs","type":"Product","layer":"business"},{"id":"3eea83cf","name":"Sport en Spel instuif 4 - 14 jaar","type":"Product","layer":"business"},{"id":"a6fbfe62","name":"Sportactiviteiten voor volwassenen en senioren in Zuidoost","type":"Product","layer":"business"},{"id":"55ea5afb","name":"Cursus Jeugd Sport Begeleider Zuidoost","type":"Product","layer":"business"},{"id":"95b98993","name":"Jump-in Toolkit","type":"Product","layer":"business"},{"id":"9a139637","name":"Jump-in Preventiescan","type":"Product","layer":"business"},{"id":"582415e0","name":"Club Marshals","type":"Product","layer":"business"},{"id":"b6fa5693","name":"Rollatorloop","type":"Product","layer":"business"},{"id":"de6fb4b7","name":"Kennismakingslessen","type":"Product","layer":"business"},{"id":"8d094753","name":"Instuif","type":"Product","layer":"business"},{"id":"5c23a13a","name":"Naschools aanbod","type":"Product","layer":"business"},{"id":"fa7a9152","name":"Buurtsportverenigingen","type":"Product","layer":"business"},{"id":"c10e00ae","name":"Jeugdsportfonds","type":"Product","layer":"business"},{"id":"a1b372db","name":"Overzicht wachtlijsten","type":"BusinessService","layer":"business"},{"id":"818f862c","name":"Overzicht Staat van beheer en onderhoud","type":"BusinessService","layer":"business"},{"id":"54d8e256","name":"Bodemkaarten","type":"BusinessService","layer":"business"},{"id":"6bc19595","name":"Cursus Jeugd Sport Begeleider Nieuw-West","type":"Product","layer":"business"},{"id":"30bb5373","name":"Gebiedsbriefings","type":"Product","layer":"business"},{"id":"9aad29b8","name":"Contracten","type":"Contract","layer":"business"},{"id":"ba9829c9","name":"Correspondentie","type":"BusinessObject","layer":"business"},{"id":"d65e0013","name":"Zich informeren, zoeken, reserveren, betalen","type":"ApplicationFunction","layer":"application"},{"id":"bbac259e","name":"Verenigings administratie","type":"ApplicationFunction","layer":"application"},{"id":"8f70bd4d","name":"Beheer administratie","type":"ApplicationFunction","layer":"application"},{"id":"b337716f","name":"Beleidsinfo dashboard","type":"ApplicationFunction","layer":"application"},{"id":"441db3eb","name":"Activiteiten administratie","type":"ApplicationFunction","layer":"application"},{"id":"24e74b74","name":"Verhuur administratie","type":"ApplicationFunction","layer":"application"},{"id":"4e41192c","name":"Relatie administratie","type":"ApplicationFunction","layer":"application"},{"id":"ced221a8","name":"Overzicht afgelaste velden","type":"ApplicationFunction","layer":"application"},{"id":"406e7c93","name":"Online reserveren","type":"ApplicationFunction","layer":"application"},{"id":"33543da3","name":"Inloggen met DigiD","type":"ApplicationFunction","layer":"application"},{"id":"16858447","name":"Inloggen met eHerkenning","type":"ApplicationFunction","layer":"application"},{"id":"74d39cbc","name":"Huurders portaal","type":"ApplicationFunction","layer":"application"},{"id":"55649c03","name":"Bekijken Contract, Voorwaarden, Facturen, ...","type":"ApplicationFunction","layer":"application"},{"id":"a7f4658c","name":"Overzicht sportaanbieders","type":"ApplicationFunction","layer":"application"},{"id":"309aa674","name":"Overzicht verenigingen","type":"ApplicationFunction","layer":"application"},{"id":"4aa47ed9","name":"Overzicht afspraken","type":"ApplicationFunction","layer":"application"},{"id":"a6bfe759","name":"API / Koppelvlak","type":"ApplicationService","layer":"application"},{"id":"83722c5a","name":"API Datapunt","type":"ApplicationService","layer":"application"},{"id":"adb616d6","name":"Workflow contractbeheer","type":"ApplicationFunction","layer":"application"},{"id":"ab425ae2","name":"Workflow postafhandeling","type":"ApplicationFunction","layer":"application"},{"id":"bded4fbe","name":"amsterdam.nl/sport","type":"ApplicationComponent","layer":"application"},{"id":"2b28bf4e","name":"combinatiefuncties.nl","type":"ApplicationComponent","layer":"application"},{"id":"e85a2b4d","name":"Gezondheid in Beeld","type":"ApplicationComponent","layer":"application"},{"id":"87b8c39c","name":"Gisib","type":"ApplicationComponent","layer":"application"},{"id":"dcc328b0","name":"kaart.amsterdam.nl","type":"ApplicationComponent","layer":"application"},{"id":"2ded7305","name":"Kernregistratie Sport","type":"ApplicationComponent","layer":"application"},{"id":"83e31c95","name":"Verhuur systeem","type":"ApplicationComponent","layer":"application"},{"id":"d9292f1f","name":"Sport in Beeld","type":"ApplicationComponent","layer":"application"},{"id":"5c7f02e6","name":"sportindebuurt.nl","type":"ApplicationComponent","layer":"application"},{"id":"683b85fc","name":"Website Aanbod in West","type":"ApplicationComponent","layer":"application"},{"id":"2224b91e","name":"Website Aanbod Naschoolse Activiteiten Amsterdam","type":"ApplicationComponent","layer":"application"},{"id":"c023f64a","name":"Website datapunt.amsterdam.nl/subsidies/","type":"ApplicationComponent","layer":"application"},{"id":"7daa1dd2","name":"Sportlink","type":"ApplicationComponent","layer":"application"},{"id":"ab275879","name":"Beheersysteem","type":"ApplicationComponent","layer":"application"},{"id":"0ad1a153","name":"Activiteiten systeem","type":"ApplicationComponent","layer":"application"},{"id":"c23f8e6c","name":"Relatie management systeem","type":"ApplicationComponent","layer":"application"},{"id":"4d794821","name":"Kennis- en Informatiesysteem Sport (KISS)","type":"ApplicationComponent","layer":"application"},{"id":"7e9a4135","name":"AMIS Verhuurloket","type":"ApplicationComponent","layer":"application"},{"id":"282bff2d","name":"Recreatex","type":"ApplicationComponent","layer":"application"},{"id":"51d4ef3d","name":"AMIS Verhuursysteem","type":"ApplicationComponent","layer":"application"},{"id":"c31668a6","name":"Sugar CRM","type":"ApplicationComponent","layer":"application"},{"id":"8892d586","name":"Excel","type":"ApplicationComponent","layer":"application"},{"id":"4fd02828","name":"Salto","type":"ApplicationComponent","layer":"application"},{"id":"31ba9284","name":"Topscore medewerkers site","type":"ApplicationComponent","layer":"application"},{"id":"c4d88eb6","name":"Website kiesjesport-amsterdam.nl","type":"ApplicationComponent","layer":"application"},{"id":"62a9138c","name":"Website sportparkenamsterdamoost.nl","type":"ApplicationComponent","layer":"application"},{"id":"e7427601","name":"BAG","type":"ApplicationComponent","layer":"application"},{"id":"58e553f6","name":"NHR","type":"ApplicationComponent","layer":"application"},{"id":"f1277440","name":"Jump-in leerlingvolgsysteem","type":"ApplicationComponent","layer":"application"},{"id":"263c6671","name":"combinatieplanner.nl","type":"ApplicationComponent","layer":"application"},{"id":"fb476d86","name":"Salto","type":"ApplicationComponent","layer":"application"},{"id":"811eda44","name":"LISA","type":"ApplicationComponent","layer":"application"},{"id":"6df8470c","name":"Website westbeweegt.nl","type":"ApplicationComponent","layer":"application"},{"id":"7f59f008","name":"Planon???","type":"ApplicationComponent","layer":"application"},{"id":"62a85890","name":"Verhuursysteem","type":"ApplicationComponent","layer":"application"},{"id":"2a501e36","name":"Document management system","type":"ApplicationComponent","layer":"application"},{"id":"5c8e138a","name":"Eigen taakapplicatie","type":"ApplicationComponent","layer":"application"},{"id":"709166f8","name":"Datapunt","type":"ApplicationComponent","layer":"application"},{"id":"0cefc7c5","name":"Toegangs-makelaar","type":"ApplicationComponent","layer":"application"},{"id":"c34864e8","name":"Exchange","type":"ApplicationComponent","layer":"application"},{"id":"88086122","name":"Sportaanbod service","type":"ApplicationService","layer":"application"},{"id":"bc69be52","name":"Accommodaties service","type":"ApplicationService","layer":"application"},{"id":"afbad5bd","name":"Sportparticipatie service","type":"ApplicationService","layer":"application"},{"id":"6310b41f","name":"Verenigingen service","type":"ApplicationService","layer":"application"},{"id":"725db390","name":"Authenticatie","type":"ApplicationService","layer":"application"},{"id":"c53f5ab0","name":"Document opslag","type":"ApplicationService","layer":"application"},{"id":"9d969f5d","name":"Sportaanbieder","type":"DataObject","layer":"application"},{"id":"542aa426","name":"Vereniging","type":"DataObject","layer":"application"},{"id":"75545d86","name":"Commerciële aanbieder","type":"DataObject","layer":"application"},{"id":"3e9f5962","name":"Correspondentie adres","type":"DataObject","layer":"application"},{"id":"77f046ad","name":"Ledenaantal","type":"DataObject","layer":"application"},{"id":"cf07721c","name":"Bestuurder","type":"DataObject","layer":"application"},{"id":"8c003bd0","name":"Contactinfo","type":"DataObject","layer":"application"},{"id":"7b06c2b7","name":"Adviestraject","type":"DataObject","layer":"application"},{"id":"a2eace07","name":"Bijeenkomst / cursus","type":"DataObject","layer":"application"},{"id":"171163de","name":"Samenwerkingsverband","type":"DataObject","layer":"application"},{"id":"6d0daf18","name":"Tak van sport","type":"DataObject","layer":"application"},{"id":"41895e58","name":"Afspraak","type":"DataObject","layer":"application"},{"id":"a6293725","name":"Subsidie","type":"DataObject","layer":"application"},{"id":"0d7051ea","name":"Activiteit","type":"DataObject","layer":"application"},{"id":"42432741","name":"Sportpark","type":"DataObject","layer":"application"},{"id":"87ed53a8","name":"Bespeler","type":"DataObject","layer":"application"},{"id":"99e61ef4","name":"Huurder","type":"DataObject","layer":"application"},{"id":"10a6f94b","name":"Eigenaar","type":"DataObject","layer":"application"},{"id":"a6c6428a","name":"Gebouw","type":"DataObject","layer":"application"},{"id":"cbc25caf","name":"Relatie","type":"DataObject","layer":"application"},{"id":"d2a212fc","name":"Veld","type":"DataObject","layer":"application"},{"id":"5b810923","name":"Team","type":"DataObject","layer":"application"},{"id":"7598ac3e","name":"Asset","type":"DataObject","layer":"application"},{"id":"c15a5be4","name":"Document upload / show","type":"ApplicationService","layer":"application"},{"id":"65ad8e8f","name":"Exchange / Outlook","type":"ApplicationComponent","layer":"application"},{"id":"5e312355","name":"CRM - E-mail integratie","type":"ApplicationCollaboration","layer":"application"},{"id":"510973d5","name":"In een la of in een kast","type":"Node","layer":"technology"},{"id":"d0ee2f80","name":"Sportareaal per wijk en buurt","type":"Assessment","layer":"motivation"}],"relationships":[{"id":"1e20caf7","sourceId":"aef9cef4","targetId":"dd96bf12","type":"AggregationRelationship"},{"id":"ce6e3784","sourceId":"dd96bf12","targetId":"93b91023","type":"AggregationRelationship"},{"id":"dbb448c5","sourceId":"93b91023","targetId":"7e28f3f4","type":"AggregationRelationship"},{"id":"9160b757","sourceId":"93b91023","targetId":"bdc17018","type":"AggregationRelationship"},{"id":"77491d6b","sourceId":"93b91023","targetId":"cf82b4c0","type":"AggregationRelationship"},{"id":"2bc11187","sourceId":"93b91023","targetId":"55373191","type":"AggregationRelationship"},{"id":"45a8a154","sourceId":"93b91023","targetId":"f2afe958","type":"AggregationRelationship"},{"id":"4fb54183","sourceId":"93b91023","targetId":"6c381a4f","type":"AggregationRelationship"},{"id":"88890f09","sourceId":"bdc17018","targetId":"d3911682","type":"AssignmentRelationship"},{"id":"483051f9","sourceId":"cf82b4c0","targetId":"7d1d387c","type":"AssignmentRelationship"},{"id":"6e361a09","sourceId":"55373191","targetId":"6bd93bd4","type":"AssignmentRelationship"},{"id":"ff755295","sourceId":"f2afe958","targetId":"ce4fe732","type":"AssignmentRelationship"},{"id":"dbb2309f","sourceId":"6c381a4f","targetId":"4f00a930","type":"AssignmentRelationship"},{"id":"be645f32","sourceId":"7e28f3f4","targetId":"31480f06","type":"AssignmentRelationship"},{"id":"37f50162","sourceId":"bded4fbe","targetId":"d65e0013","type":"AssignmentRelationship"},{"id":"5827f145","sourceId":"7daa1dd2","targetId":"bbac259e","type":"AssignmentRelationship"},{"id":"7bdb38f3","sourceId":"ab275879","targetId":"8f70bd4d","type":"AssignmentRelationship"},{"id":"7c447b36","sourceId":"83e31c95","targetId":"24e74b74","type":"AssignmentRelationship"},{"id":"1c276979","sourceId":"0ad1a153","targetId":"441db3eb","type":"AssignmentRelationship"},{"id":"1e45e815","sourceId":"d9292f1f","targetId":"b337716f","type":"AssignmentRelationship"},{"id":"e0c09f52","sourceId":"ce4fe732","targetId":"c46c6510","type":"AggregationRelationship"},{"id":"bebe2cbf","sourceId":"d3911682","targetId":"c46c6510","type":"AggregationRelationship"},{"id":"45f5a8b8","sourceId":"d65e0013","targetId":"ea07af3e","type":"UsedByRelationship"},{"id":"4acf0f3f","sourceId":"f483699f","targetId":"ea07af3e","type":"AssignmentRelationship"},{"id":"d458e203","sourceId":"54d8726a","targetId":"e76cdf6a","type":"AssignmentRelationship"},{"id":"f365fda0","sourceId":"bbac259e","targetId":"e76cdf6a","type":"UsedByRelationship"},{"id":"57661da3","sourceId":"8f70bd4d","targetId":"7d1d387c","type":"UsedByRelationship"},{"id":"2b6be4e4","sourceId":"8f70bd4d","targetId":"4f00a930","type":"UsedByRelationship"},{"id":"cc484cb9","sourceId":"24e74b74","targetId":"6bd93bd4","type":"UsedByRelationship"},{"id":"37da0ff4","sourceId":"441db3eb","targetId":"ce4fe732","type":"UsedByRelationship"},{"id":"24575fb0","sourceId":"b337716f","targetId":"d3911682","type":"UsedByRelationship"},{"id":"50bcef1d","sourceId":"4e41192c","targetId":"c46c6510","type":"UsedByRelationship"},{"id":"0b3d5b6d","sourceId":"c23f8e6c","targetId":"4e41192c","type":"AssignmentRelationship"},{"id":"c2dd1308","sourceId":"88086122","targetId":"d9292f1f","type":"UsedByRelationship"},{"id":"15ecf298","sourceId":"2ded7305","targetId":"88086122","type":"RealisationRelationship"},{"id":"fbcf35ed","sourceId":"ce4fe732","targetId":"744cdbf4","type":"AggregationRelationship"},{"id":"35916ed7","sourceId":"2ded7305","targetId":"bc69be52","type":"RealisationRelationship"},{"id":"38d03e53","sourceId":"bc69be52","targetId":"d9292f1f","type":"UsedByRelationship"},{"id":"606a5e9d","sourceId":"bc69be52","targetId":"ab275879","type":"UsedByRelationship"},{"id":"d24c2b66","sourceId":"bc69be52","targetId":"83e31c95","type":"UsedByRelationship"},{"id":"aa8573b8","sourceId":"bc69be52","targetId":"0ad1a153","type":"UsedByRelationship"},{"id":"af0ef141","sourceId":"bc69be52","targetId":"c23f8e6c","type":"UsedByRelationship"},{"id":"7adcf03d","sourceId":"7daa1dd2","targetId":"6310b41f","type":"RealisationRelationship"},{"id":"ea38f3c3","sourceId":"6310b41f","targetId":"2ded7305","type":"UsedByRelationship"},{"id":"e7fec6b7","sourceId":"4d794821","targetId":"afbad5bd","type":"RealisationRelationship"},{"id":"69154d38","sourceId":"2ded7305","targetId":"d9292f1f","type":"UsedByRelationship"},{"id":"ae4918ca","sourceId":"afbad5bd","targetId":"d9292f1f","type":"UsedByRelationship"},{"id":"b16c8e85","sourceId":"c31668a6","targetId":"4e41192c","type":"AssignmentRelationship"},{"id":"fee63529","sourceId":"51d4ef3d","targetId":"24e74b74","type":"AssignmentRelationship"},{"id":"dc1d0524","sourceId":"282bff2d","targetId":"8f70bd4d","type":"AssignmentRelationship"},{"id":"569195d4","sourceId":"87b8c39c","targetId":"8f70bd4d","type":"AssignmentRelationship"},{"id":"6abc6ceb","sourceId":"8892d586","targetId":"8f70bd4d","type":"AssignmentRelationship"},{"id":"857fed04","sourceId":"8892d586","targetId":"441db3eb","type":"AssignmentRelationship"},{"id":"b1de9330","sourceId":"8892d586","targetId":"b337716f","type":"AssignmentRelationship"},{"id":"e1168e37","sourceId":"8892d586","targetId":"4e41192c","type":"AssignmentRelationship"},{"id":"026bbcdc","sourceId":"aef9cef4","targetId":"e3c44e6e","type":"AggregationRelationship"},{"id":"12826588","sourceId":"e3c44e6e","targetId":"8ace7c9a","type":"AggregationRelationship"},{"id":"b9333ec0","sourceId":"d3c37aee","targetId":"744cdbf4","type":"AssignmentRelationship"},{"id":"de05fa3e","sourceId":"8892d586","targetId":"744cdbf4","type":"AssignmentRelationship"},{"id":"5a0940a5","sourceId":"42432741","targetId":"87ed53a8","type":"AssociationRelationship"},{"id":"90b7f375","sourceId":"42432741","targetId":"99e61ef4","type":"AssociationRelationship"},{"id":"75a67d39","sourceId":"42432741","targetId":"10a6f94b","type":"AssociationRelationship"},{"id":"c363086b","sourceId":"542aa426","targetId":"87ed53a8","type":"AssociationRelationship"},{"id":"ef56413d","sourceId":"542aa426","targetId":"99e61ef4","type":"AssociationRelationship"},{"id":"e2e38bc4","sourceId":"cbc25caf","targetId":"10a6f94b","type":"AggregationRelationship"},{"id":"c6e3c8a2","sourceId":"cbc25caf","targetId":"8c003bd0","type":"AssociationRelationship"},{"id":"d497e024","sourceId":"542aa426","targetId":"cf07721c","type":"AssociationRelationship"},{"id":"d8862c0e","sourceId":"42432741","targetId":"d2a212fc","type":"AssociationRelationship"},{"id":"c2039878","sourceId":"d2a212fc","targetId":"6d0daf18","type":"AssociationRelationship"},{"id":"bcd491b2","sourceId":"a6c6428a","targetId":"42432741","type":"AssociationRelationship"},{"id":"edd6cf52","sourceId":"542aa426","targetId":"77f046ad","type":"AssociationRelationship"},{"id":"4b2215b2","sourceId":"cbc25caf","targetId":"cf07721c","type":"AggregationRelationship"},{"id":"c699afde","sourceId":"8c003bd0","targetId":"3e9f5962","type":"AggregationRelationship"},{"id":"33f9e914","sourceId":"9d969f5d","targetId":"542aa426","type":"AggregationRelationship"},{"id":"5e1acdf8","sourceId":"9d969f5d","targetId":"75545d86","type":"AggregationRelationship"},{"id":"5adc55ef","sourceId":"542aa426","targetId":"6d0daf18","type":"AssociationRelationship"},{"id":"1674e650","sourceId":"9d969f5d","targetId":"a6293725","type":"AssociationRelationship"},{"id":"415dc1f5","sourceId":"9d969f5d","targetId":"171163de","type":"AssociationRelationship"},{"id":"87670526","sourceId":"42432741","targetId":"7598ac3e","type":"AssociationRelationship"},{"id":"c42a28f0","sourceId":"084fd1c2","targetId":"f01f554c","type":"AssociationRelationship"},{"id":"1ceb4998","sourceId":"744cdbf4","targetId":"05457649","type":"AggregationRelationship"},{"id":"5e438531","sourceId":"744cdbf4","targetId":"775cb653","type":"AggregationRelationship"},{"id":"6c9c3e8e","sourceId":"05457649","targetId":"41e454a9","type":"AggregationRelationship"},{"id":"433b03fa","sourceId":"775cb653","targetId":"51aed705","type":"AggregationRelationship"},{"id":"be1eefa2","sourceId":"775cb653","targetId":"28cfbbb8","type":"AggregationRelationship"},{"id":"3b089ca5","sourceId":"51aed705","targetId":"17c156bd","type":"AssociationRelationship"},{"id":"7ede00da","sourceId":"17c156bd","targetId":"65f7b112","type":"AssociationRelationship"},{"id":"d7f17fbc","sourceId":"65f7b112","targetId":"3eea83cf","type":"AssociationRelationship"},{"id":"f7aebde4","sourceId":"51aed705","targetId":"a6fbfe62","type":"AssociationRelationship"},{"id":"a8a886f9","sourceId":"a6fbfe62","targetId":"55ea5afb","type":"AssociationRelationship"},{"id":"fb78dbb3","sourceId":"28cfbbb8","targetId":"f01f554c","type":"AssociationRelationship"},{"id":"a4c3e005","sourceId":"ce4fe732","targetId":"d7522b18","type":"AggregationRelationship"},{"id":"c5e42d08","sourceId":"d7522b18","targetId":"5df6a136","type":"AssociationRelationship"},{"id":"d5448c67","sourceId":"d7522b18","targetId":"47617781","type":"AssociationRelationship"},{"id":"e96c93e8","sourceId":"5df6a136","targetId":"95b98993","type":"AssociationRelationship"},{"id":"c5120f99","sourceId":"12b9625a","targetId":"5df6a136","type":"AssignmentRelationship"},{"id":"84a1c3b7","sourceId":"5df6a136","targetId":"9a139637","type":"AssociationRelationship"},{"id":"5cb7aab7","sourceId":"91d1eb3c","targetId":"47617781","type":"AssignmentRelationship"},{"id":"75025474","sourceId":"70644ff4","targetId":"157af446","type":"AssociationRelationship"},{"id":"2f83ac16","sourceId":"157af446","targetId":"8436dba4","type":"AssociationRelationship"},{"id":"bf3d8f76","sourceId":"3eea83cf","targetId":"582415e0","type":"AssociationRelationship"},{"id":"83b9d003","sourceId":"744cdbf4","targetId":"7fd6a9de","type":"AggregationRelationship"},{"id":"9f6f807e","sourceId":"7fd6a9de","targetId":"ee76dbba","type":"CompositionRelationship"},{"id":"8286741f","sourceId":"ee76dbba","targetId":"740fe530","type":"FlowRelationship"},{"id":"3b81efe5","sourceId":"740fe530","targetId":"b6fa5693","type":"AssociationRelationship"},{"id":"87b94b91","sourceId":"744cdbf4","targetId":"94300580","type":"AggregationRelationship"},{"id":"bc32d014","sourceId":"5df6a136","targetId":"de6fb4b7","type":"AssociationRelationship"},{"id":"0a41b232","sourceId":"8d094753","targetId":"94300580","type":"AssociationRelationship"},{"id":"eabe7589","sourceId":"8d094753","targetId":"5c23a13a","type":"AssociationRelationship"},{"id":"ccf030e0","sourceId":"5c23a13a","targetId":"fa7a9152","type":"AssociationRelationship"},{"id":"fce67e49","sourceId":"94300580","targetId":"fadec291","type":"AggregationRelationship"},{"id":"da83783f","sourceId":"c10e00ae","targetId":"fadec291","type":"UsedByRelationship"},{"id":"8374b964","sourceId":"9fc5dd50","targetId":"c10e00ae","type":"AssociationRelationship"},{"id":"30606b8c","sourceId":"d35f373e","targetId":"0dfe8aa0","type":"AggregationRelationship"},{"id":"48030f28","sourceId":"d35f373e","targetId":"56bbc7c5","type":"AggregationRelationship"},{"id":"da7bed59","sourceId":"744cdbf4","targetId":"60cd55c2","type":"AggregationRelationship"},{"id":"1efe7c7c","sourceId":"744cdbf4","targetId":"67382a07","type":"AggregationRelationship"},{"id":"5a2787c0","sourceId":"744cdbf4","targetId":"a8b8dd8d","type":"AggregationRelationship"},{"id":"2848caff","sourceId":"e7427601","targetId":"2ded7305","type":"UsedByRelationship"},{"id":"3b622415","sourceId":"58e553f6","targetId":"2ded7305","type":"UsedByRelationship"},{"id":"64d1a157","sourceId":"4f41002d","targetId":"263c6671","type":"AssociationRelationship"},{"id":"ff07baa9","sourceId":"097ae3a2","targetId":"51d4ef3d","type":"AssociationRelationship"},{"id":"905e3903","sourceId":"62a9138c","targetId":"ced221a8","type":"AssignmentRelationship"},{"id":"3f0d3789","sourceId":"40f1dca8","targetId":"3360d6b4","type":"AggregationRelationship"},{"id":"bf88a439","sourceId":"87b8c39c","targetId":"1b57b74c","type":"UsedByRelationship"},{"id":"ec142a25","sourceId":"d35f373e","targetId":"87b8c39c","type":"AssociationRelationship"},{"id":"8b2f95fd","sourceId":"7e9a4135","targetId":"51d4ef3d","type":"AssociationRelationship"},{"id":"de2fbd2d","sourceId":"7e9a4135","targetId":"406e7c93","type":"AssignmentRelationship"},{"id":"dc4627c2","sourceId":"406e7c93","targetId":"f483699f","type":"UsedByRelationship"},{"id":"3b0708a8","sourceId":"ced221a8","targetId":"f483699f","type":"UsedByRelationship"},{"id":"92a0f036","sourceId":"60cd55c2","targetId":"0c29c001","type":"AggregationRelationship"},{"id":"ff6bc553","sourceId":"60cd55c2","targetId":"a85444e9","type":"AggregationRelationship"},{"id":"5a35161f","sourceId":"60cd55c2","targetId":"7c19cdf9","type":"AggregationRelationship"},{"id":"0c9eda25","sourceId":"7c19cdf9","targetId":"7c842828","type":"UsedByRelationship"},{"id":"8a00d522","sourceId":"f01f554c","targetId":"a85444e9","type":"UsedByRelationship"},{"id":"aa706801","sourceId":"157af446","targetId":"0c29c001","type":"UsedByRelationship"},{"id":"eed1fe84","sourceId":"7463abe7","targetId":"157af446","type":"AssociationRelationship"},{"id":"628024f9","sourceId":"67382a07","targetId":"5398d66c","type":"AggregationRelationship"},{"id":"8d902115","sourceId":"04392001","targetId":"5398d66c","type":"UsedByRelationship"},{"id":"b2187250","sourceId":"7c19cdf9","targetId":"04392001","type":"UsedByRelationship"},{"id":"c2c9787b","sourceId":"5398d66c","targetId":"6bc19595","type":"AssociationRelationship"},{"id":"3d8d0862","sourceId":"67382a07","targetId":"7c19cdf9","type":"AggregationRelationship"},{"id":"087e89ed","sourceId":"67382a07","targetId":"c46c6510","type":"AggregationRelationship"},{"id":"29920584","sourceId":"a8b8dd8d","targetId":"c46c6510","type":"AggregationRelationship"},{"id":"e3ac9d5e","sourceId":"a8b8dd8d","targetId":"4327235a","type":"AggregationRelationship"},{"id":"ec514a3a","sourceId":"4327235a","targetId":"ef0807d3","type":"UsedByRelationship"},{"id":"f4451132","sourceId":"bdc17018","targetId":"1d5be9ce","type":"AssignmentRelationship"},{"id":"adb5a22c","sourceId":"3893f6f4","targetId":"c3d46200","type":"AccessRelationship"},{"id":"7394823c","sourceId":"1d5be9ce","targetId":"7b4232f1","type":"AccessRelationship"},{"id":"63e78b19","sourceId":"03052a59","targetId":"4a5ec956","type":"AccessRelationship"},{"id":"3101b343","sourceId":"77008dbe","targetId":"e0e2bdf4","type":"AccessRelationship"},{"id":"1da007c3","sourceId":"cecc60d2","targetId":"431afc44","type":"AccessRelationship"},{"id":"bb2f6813","sourceId":"eaa330a8","targetId":"431afc44","type":"AccessRelationship"},{"id":"0bbb2e5d","sourceId":"4b427505","targetId":"431afc44","type":"AccessRelationship"},{"id":"5c9e0bf2","sourceId":"2a895547","targetId":"431afc44","type":"AccessRelationship"},{"id":"4acbc63d","sourceId":"eaa330a8","targetId":"37dc32ce","type":"AccessRelationship"},{"id":"54a3ae2b","sourceId":"1d5be9ce","targetId":"4b427505","type":"TriggeringRelationship"},{"id":"0dd6208a","sourceId":"4b427505","targetId":"a3482532","type":"TriggeringRelationship"},{"id":"ba816d67","sourceId":"3fca669c","targetId":"f0ac10d0","type":"TriggeringRelationship"},{"id":"1c62d780","sourceId":"a3482532","targetId":"5046a809","type":"TriggeringRelationship"},{"id":"03dbbc0b","sourceId":"5046a809","targetId":"2a895547","type":"TriggeringRelationship"},{"id":"ec0f4138","sourceId":"2a895547","targetId":"a3482532","type":"TriggeringRelationship"},{"id":"c39fe1c3","sourceId":"5046a809","targetId":"40f12b23","type":"TriggeringRelationship"},{"id":"dd16d138","sourceId":"40f12b23","targetId":"eaa330a8","type":"TriggeringRelationship"},{"id":"65799b61","sourceId":"eaa330a8","targetId":"3893f6f4","type":"TriggeringRelationship"},{"id":"452efd06","sourceId":"3893f6f4","targetId":"03052a59","type":"TriggeringRelationship"},{"id":"f7fda155","sourceId":"03052a59","targetId":"a49d4fd3","type":"TriggeringRelationship"},{"id":"0296332d","sourceId":"3fca669c","targetId":"1d5be9ce","type":"TriggeringRelationship"},{"id":"80065baa","sourceId":"f0ac10d0","targetId":"4b427505","type":"TriggeringRelationship"},{"id":"5dcf269d","sourceId":"24e74b74","targetId":"4b427505","type":"UsedByRelationship"},{"id":"7a0def57","sourceId":"24e74b74","targetId":"a3482532","type":"UsedByRelationship"},{"id":"fcfb3272","sourceId":"74d39cbc","targetId":"5046a809","type":"UsedByRelationship"},{"id":"ad9c11d1","sourceId":"74d39cbc","targetId":"40f12b23","type":"UsedByRelationship"},{"id":"41904554","sourceId":"62a85890","targetId":"24e74b74","type":"AssignmentRelationship"},{"id":"aac93f30","sourceId":"62a85890","targetId":"74d39cbc","type":"AssignmentRelationship"},{"id":"5cd132b8","sourceId":"2a501e36","targetId":"c15a5be4","type":"RealisationRelationship"},{"id":"62f7d54a","sourceId":"c15a5be4","targetId":"62a85890","type":"UsedByRelationship"},{"id":"d551f841","sourceId":"74d39cbc","targetId":"55649c03","type":"AggregationRelationship"},{"id":"0c71984a","sourceId":"6bd93bd4","targetId":"3e071ff2","type":"AggregationRelationship"},{"id":"ad9052de","sourceId":"6bd93bd4","targetId":"96b3a52f","type":"AggregationRelationship"},{"id":"c9d8ba87","sourceId":"6bd93bd4","targetId":"20efe8d5","type":"AggregationRelationship"},{"id":"81cc6452","sourceId":"ce4fe732","targetId":"01c847ac","type":"AggregationRelationship"},{"id":"75ec3451","sourceId":"ce4fe732","targetId":"dc9579ad","type":"AggregationRelationship"},{"id":"7b9c76e9","sourceId":"ce4fe732","targetId":"10035965","type":"AggregationRelationship"},{"id":"1a0c09ec","sourceId":"7d1d387c","targetId":"f2247711","type":"AggregationRelationship"},{"id":"4fcd2738","sourceId":"3a29fe7b","targetId":"c46c6510","type":"AggregationRelationship"},{"id":"0570178d","sourceId":"d0449536","targetId":"c46c6510","type":"AggregationRelationship"},{"id":"91b208fc","sourceId":"c46c6510","targetId":"82f4cc1c","type":"AccessRelationship"},{"id":"decdb619","sourceId":"82f4cc1c","targetId":"e910dfa8","type":"AggregationRelationship"},{"id":"b665929a","sourceId":"82f4cc1c","targetId":"a9df8716","type":"AggregationRelationship"},{"id":"5b2b836a","sourceId":"82f4cc1c","targetId":"2b5b3b6b","type":"AggregationRelationship"},{"id":"68725b59","sourceId":"82f4cc1c","targetId":"37dc32ce","type":"AggregationRelationship"},{"id":"dc013fb6","sourceId":"55373191","targetId":"d0449536","type":"AssignmentRelationship"},{"id":"614ef1e2","sourceId":"ce4fe732","targetId":"82f4cc1c","type":"AccessRelationship"},{"id":"32f0350a","sourceId":"d3911682","targetId":"82f4cc1c","type":"AccessRelationship"},{"id":"46e96f57","sourceId":"3a29fe7b","targetId":"82f4cc1c","type":"AccessRelationship"},{"id":"bada2cd6","sourceId":"d0449536","targetId":"82f4cc1c","type":"AccessRelationship"},{"id":"f49ae58c","sourceId":"097ef8f5","targetId":"0db5a4ba","type":"AggregationRelationship"},{"id":"db590fc1","sourceId":"0db5a4ba","targetId":"a8b8dd8d","type":"AssignmentRelationship"},{"id":"555fc9b2","sourceId":"c31668a6","targetId":"c46c6510","type":"UsedByRelationship"},{"id":"79f7898e","sourceId":"e3c44e6e","targetId":"744cdbf4","type":"AssignmentRelationship"},{"id":"af677b84","sourceId":"744cdbf4","targetId":"c46c6510","type":"AggregationRelationship"},{"id":"6042f8d2","sourceId":"8892d586","targetId":"c46c6510","type":"UsedByRelationship"},{"id":"683f15f0","sourceId":"70644ff4","targetId":"1d22dacc","type":"AssignmentRelationship"},{"id":"b7177488","sourceId":"263c6671","targetId":"1d22dacc","type":"UsedByRelationship"},{"id":"03d78a70","sourceId":"0ed62ccb","targetId":"d3911682","type":"AssignmentRelationship"},{"id":"003cef42","sourceId":"a7f4658c","targetId":"ce4fe732","type":"UsedByRelationship"},{"id":"4be278c0","sourceId":"4aa47ed9","targetId":"d3911682","type":"UsedByRelationship"},{"id":"52901a05","sourceId":"309aa674","targetId":"d0449536","type":"UsedByRelationship"},{"id":"b25ebb72","sourceId":"5c8e138a","targetId":"a7f4658c","type":"AssignmentRelationship"},{"id":"9e2c28b6","sourceId":"5c8e138a","targetId":"4aa47ed9","type":"AssignmentRelationship"},{"id":"c12fea60","sourceId":"5c8e138a","targetId":"309aa674","type":"AssignmentRelationship"},{"id":"de65d12c","sourceId":"a6bfe759","targetId":"5c8e138a","type":"UsedByRelationship"},{"id":"a6890c38","sourceId":"c23f8e6c","targetId":"a6bfe759","type":"RealisationRelationship"},{"id":"1004ecd9","sourceId":"83722c5a","targetId":"c23f8e6c","type":"UsedByRelationship"},{"id":"a0e4a6a1","sourceId":"709166f8","targetId":"83722c5a","type":"RealisationRelationship"},{"id":"63e7fe74","sourceId":"510973d5","targetId":"9aad29b8","type":"UsedByRelationship"},{"id":"6494db5a","sourceId":"65ad8e8f","targetId":"ba9829c9","type":"AssociationRelationship"},{"id":"4fc22643","sourceId":"510973d5","targetId":"ba9829c9","type":"UsedByRelationship"},{"id":"86e40d49","sourceId":"93b91023","targetId":"9aad29b8","type":"AccessRelationship"},{"id":"84215821","sourceId":"93b91023","targetId":"ba9829c9","type":"AccessRelationship"},{"id":"9c058c63","sourceId":"e9d995b9","targetId":"a5f5275d","type":"AssignmentRelationship"},{"id":"23f76319","sourceId":"93b91023","targetId":"e9d995b9","type":"AggregationRelationship"},{"id":"4a8b3d03","sourceId":"4f00a930","targetId":"54e207ec","type":"AggregationRelationship"},{"id":"43fd07d3","sourceId":"d3911682","targetId":"d613a040","type":"AggregationRelationship"},{"id":"8cd70a06","sourceId":"d3911682","targetId":"dc9579ad","type":"AggregationRelationship"},{"id":"a1b2f80f","sourceId":"d3911682","targetId":"d02ca343","type":"AggregationRelationship"},{"id":"1486144f","sourceId":"31480f06","targetId":"80b4ba86","type":"AggregationRelationship"},{"id":"64f1211e","sourceId":"31480f06","targetId":"437e2d36","type":"AggregationRelationship"},{"id":"d1d6bd2a","sourceId":"31480f06","targetId":"edc7eded","type":"AggregationRelationship"},{"id":"a57638de","sourceId":"4f00a930","targetId":"80b4ba86","type":"AggregationRelationship"},{"id":"0d3839f0","sourceId":"d0449536","targetId":"bc8cdf86","type":"AggregationRelationship"},{"id":"78f6e487","sourceId":"d0449536","targetId":"df04c372","type":"AggregationRelationship"},{"id":"713364d3","sourceId":"ab425ae2","targetId":"d0449536","type":"UsedByRelationship"},{"id":"7458c613","sourceId":"ab425ae2","targetId":"6bd93bd4","type":"UsedByRelationship"},{"id":"1a73950a","sourceId":"adb616d6","targetId":"6bd93bd4","type":"UsedByRelationship"},{"id":"50f2551a","sourceId":"5c8e138a","targetId":"a5f5275d","type":"UsedByRelationship"},{"id":"c7342b9e","sourceId":"c23f8e6c","targetId":"309aa674","type":"AssignmentRelationship"},{"id":"1a852f98","sourceId":"c23f8e6c","targetId":"ab425ae2","type":"AssignmentRelationship"},{"id":"f351db10","sourceId":"c23f8e6c","targetId":"adb616d6","type":"AssignmentRelationship"},{"id":"7a1283ec","sourceId":"c23f8e6c","targetId":"a7f4658c","type":"AssignmentRelationship"},{"id":"4e979ef2","sourceId":"c23f8e6c","targetId":"4aa47ed9","type":"AssignmentRelationship"},{"id":"59d6825e","sourceId":"4e41192c","targetId":"a5f5275d","type":"UsedByRelationship"},{"id":"d789aa71","sourceId":"4f00a930","targetId":"2e1a0ada","type":"AggregationRelationship"},{"id":"704976ec","sourceId":"4f00a930","targetId":"cf6abaa5","type":"AggregationRelationship"},{"id":"6514b272","sourceId":"ce4fe732","targetId":"1dda85fc","type":"AggregationRelationship"},{"id":"56b68a02","sourceId":"4f00a930","targetId":"52a829d9","type":"AggregationRelationship"},{"id":"5a53c990","sourceId":"7d1d387c","targetId":"2e1a0ada","type":"AggregationRelationship"},{"id":"bb94aeb0","sourceId":"0cefc7c5","targetId":"725db390","type":"RealisationRelationship"},{"id":"8d5d2fec","sourceId":"725db390","targetId":"c23f8e6c","type":"UsedByRelationship"},{"id":"ef76e05c","sourceId":"2a501e36","targetId":"c53f5ab0","type":"RealisationRelationship"},{"id":"b45d67cd","sourceId":"c53f5ab0","targetId":"c23f8e6c","type":"UsedByRelationship"},{"id":"b752ff0b","sourceId":"5e312355","targetId":"c23f8e6c","type":"AssociationRelationship"},{"id":"759dfc41","sourceId":"5e312355","targetId":"c34864e8","type":"AssociationRelationship"}],"views":[{"id":"3c30a180","name":"Gemeentelijke organisatie","viewpoint":""},{"id":"ed50d700","name":"Doelstructuur met Kernregistratie","viewpoint":""},{"id":"df91618c","name":"Huidige structuur","viewpoint":""},{"id":"350b0bb8","name":"Lokale sportstimulering","viewpoint":""},{"id":"66831090","name":"Ketenpartners","viewpoint":""},{"id":"26cd0d30","name":"Informatiemodel","viewpoint":""},{"id":"7f1a12f7","name":"Doelstructuur zonder Kernregistratie","viewpoint":""},{"id":"e4ae8426","name":"Applicatielandschap","viewpoint":""},{"id":"1fe30721","name":"Verhuur gymzalen, huidige situatie 2017 ","viewpoint":""},{"id":"f0912f1e","name":"Periodieke Verhuur, Proces + IV, doelsituatie","viewpoint":""},{"id":"afe402b8","name":"Relatiemanagement doelsituatie","viewpoint":""},{"id":"88b282ce","name":"Bedrijfsprocessen","viewpoint":""},{"id":"1c882db1","name":"Relatiemanagement + IV doelsituatie","viewpoint":""},{"id":"fe40fce8","name":"Relatiemanagement oude/huidige situatie","viewpoint":""}]}