<?xml version="1.0" encoding="UTF-8"?><model xmlns="http://www.opengroup.org/xsd/archimate/3.0/" xmlns:xsi="http://www.w3.org/2001/XMLSchema-instance" identifier="_WZsIAFjZEeioG62n2D5JZQ">  <name>Data model test</name>  <elements>    <element xsi:type="Grouping" identifier="_fnk9ITsHEDaQfcpB0MHjlw">      <name xml:lang="en">HR Contracts</name>      <documentation/>    </element>    <element xsi:type="BusinessObject" identifier="_z4TEUTsHEDaQfcpB0MHjlw">      <name xml:lang="en">Contract</name>      <documentation/>    </element>    <element xsi:type="BusinessObject" identifier="_4DddMDsHEDaQfcpB0MHjlw">      <name xml:lang="en">Employment Contract</name>      <documentation/>    </element>    <element xsi:type="BusinessObject" identifier="_95I3ITsHEDaQfcpB0MHjlw">      <name xml:lang="en">Letter of Intent (LOI)</name>      <documentation/>    </element>    <element xsi:type="BusinessObject" identifier="_-TBWwTsHEDaQfcpB0MHjlw">      <name xml:lang="en">Non-disclosure Agreement (NDA)</name>      <documentation/>    </element>    <element xsi:type="BusinessObject" identifier="_-nntwTsHEDaQfcpB0MHjlw">      <name xml:lang="en">Project Contract</name>      <documentation/>    </element>    <element xsi:type="Grouping" identifier="_Q8QiwDsIEDaQfcpB0MHjlw">      <name xml:lang="en">Legal Contracts</name>      <documentation/>    </element>    <element xsi:type="Grouping" identifier="_RUk8ITsIEDaQfcpB0MHjlw">      <name xml:lang="en">Procurement Contracts</name>      <documentation/>    </element>    <element xsi:type="BusinessObject" identifier="_g1FcoTsIEDaQfcpB0MHjlw">      <name xml:lang="en">Memorandum of Understanding (MoU)</name>      <documentation/>    </element>    <element xsi:type="BusinessObject" identifier="_lkubkDsIEDaQfcpB0MHjlw">      <name xml:lang="en">Spare Parts Contract</name>      <documentation/>    </element>    <element xsi:type="DataObject" identifier="_BrOzQTsJEDaQfcpB0MHjlw">      <name xml:lang="en">SAP Employee Master</name>      <documentation/>    </element>    <element xsi:type="ApplicationComponent" identifier="_RpGlMDsJEDaQfcpB0MHjlw">      <name xml:lang="en">SAP HCM</name>      <documentation/>    </element>    <element xsi:type="ApplicationComponent" identifier="_yjKLcTsJEDaQfcpB0MHjlw">      <name xml:lang="en">HR CMS</name>      <documentation/>    </element>    <element xsi:type="Product" identifier="_gWvB0DsKEDaQfcpB0MHjlw">      <name xml:lang="en">Physical Contract</name>      <documentation/>    </element>    <element xsi:type="BusinessProcess" identifier="_oNMAsTsKEDaQfcpB0MHjlw">      <name xml:lang="en">Process</name>      <documentation/>    </element>    <element xsi:type="DataObject" identifier="_jK8ZYTsLEDacUOSgnFJpfA">      <name xml:lang="en">SAP Outline Agreement</name>      <documentation/>    </element>    <element xsi:type="ApplicationComponent" identifier="_lj-GQTsLEDacUOSgnFJpfA">      <name xml:lang="en">SAP ECC</name>      <documentation/>    </element>    <element xsi:type="DataObject" identifier="_05bNUTsLEDacUOSgnFJpfA">      <name xml:lang="en">SAP Position</name>      <documentation/>    </element>    <element xsi:type="Capability" identifier="_jKLu8TsMEDacUOSgnFJpfA">      <name xml:lang="en">Scanned contract storage</name>      <documentation/>    </element>    <element xsi:type="Capability" identifier="_pDg-MDsqEDacUOSgnFJpfA">      <name xml:lang="en">Manage Employee Information</name>      <documentation/>    </element>  </elements>  <relationships>    <relationship xsi:type="Composition" identifier="_g1HR0DsIEDaQfcpB0MHjlw" source="_Q8QiwDsIEDaQfcpB0MHjlw" target="_g1FcoTsIEDaQfcpB0MHjlw">      <name xml:lang="en"/>      <documentation/>    </relationship>    <relationship xsi:type="Composition" identifier="_lkubnjsIEDaQfcpB0MHjlw" source="_RUk8ITsIEDaQfcpB0MHjlw" target="_lkubkDsIEDaQfcpB0MHjlw">      <name xml:lang="en"/>      <documentation/>    </relationship>    <relationship xsi:type="Realization" identifier="_NqI1QjsJEDaQfcpB0MHjlw" source="_BrOzQTsJEDaQfcpB0MHjlw" target="_4DddMDsHEDaQfcpB0MHjlw">      <name xml:lang="en"/>      <documentation/>    </relationship>    <relationship xsi:type="Association" identifier="_YFHmYDsJEDaQfcpB0MHjlw" source="_RpGlMDsJEDaQfcpB0MHjlw" target="_BrOzQTsJEDaQfcpB0MHjlw">      <name xml:lang="en"/>      <documentation/>    </relationship>    <relationship xsi:type="Composition" identifier="_cQsO8zsJEDaQfcpB0MHjlw" source="_z4TEUTsHEDaQfcpB0MHjlw" target="_fnk9ITsHEDaQfcpB0MHjlw">      <name xml:lang="en"/>      <documentation/>    </relationship>    <relationship xsi:type="Composition" identifier="_d6NxgzsJEDaQfcpB0MHjlw" source="_z4TEUTsHEDaQfcpB0MHjlw" target="_Q8QiwDsIEDaQfcpB0MHjlw">      <name xml:lang="en"/>      <documentation/>    </relationship>    <relationship xsi:type="Realization" identifier="_jlVEwjsKEDaQfcpB0MHjlw" source="_gWvB0DsKEDaQfcpB0MHjlw" target="_4DddMDsHEDaQfcpB0MHjlw">      <name xml:lang="en"/>      <documentation/>    </relationship>    <relationship xsi:type="Association" identifier="_ql16IjsKEDaQfcpB0MHjlw" source="_yjKLcTsJEDaQfcpB0MHjlw" target="_gWvB0DsKEDaQfcpB0MHjlw">      <name xml:lang="en"/>      <documentation/>    </relationship>    <relationship xsi:type="Composition" identifier="_I9ywATsLEDacUOSgnFJpfA" source="_z4TEUTsHEDaQfcpB0MHjlw" target="_RUk8ITsIEDaQfcpB0MHjlw">      <name xml:lang="en"/>      <documentation/>    </relationship>    <relationship xsi:type="Association" identifier="_n8CJ0DsLEDacUOSgnFJpfA" source="_lj-GQTsLEDacUOSgnFJpfA" target="_jK8ZYTsLEDacUOSgnFJpfA">      <name xml:lang="en"/>      <documentation/>    </relationship>    <relationship xsi:type="Realization" identifier="_rtZioDsLEDacUOSgnFJpfA" source="_jK8ZYTsLEDacUOSgnFJpfA" target="_-nntwTsHEDaQfcpB0MHjlw">      <name xml:lang="en"/>      <documentation/>    </relationship>    <relationship xsi:type="Realization" identifier="_s4F0IzsLEDacUOSgnFJpfA" source="_jK8ZYTsLEDacUOSgnFJpfA" target="_lkubkDsIEDaQfcpB0MHjlw">      <name xml:lang="en"/>      <documentation/>    </relationship>    <relationship xsi:type="Association" identifier="_Ovi2wjsMEDacUOSgnFJpfA" source="_RpGlMDsJEDaQfcpB0MHjlw" target="_05bNUTsLEDacUOSgnFJpfA">      <name xml:lang="en"/>      <documentation/>    </relationship>    <relationship xsi:type="Realization" identifier="_l8jI4TsMEDacUOSgnFJpfA" source="_yjKLcTsJEDaQfcpB0MHjlw" target="_jKLu8TsMEDacUOSgnFJpfA">      <name xml:lang="en"/>      <documentation/>    </relationship>    <relationship xsi:type="Realization" identifier="_s1NHIzsqEDacUOSgnFJpfA" source="_RpGlMDsJEDaQfcpB0MHjlw" target="_pDg-MDsqEDacUOSgnFJpfA">      <name xml:lang="en"/>      <documentation/>    </relationship>    <relationship xsi:type="Association" identifier="_KrSmETsrEDacUOSgnFJpfA" source="_BrOzQTsJEDaQfcpB0MHjlw" target="_05bNUTsLEDacUOSgnFJpfA">      <name xml:lang="en">Occupies</name>      <documentation/>    </relationship>  </relationships>  <views>    <diagrams>      <view identifier="_WZsIAljZEeioG62n2D5JZQ">        <name xml:lang="en">Data model test</name>        <node xsi:type="Element" identifier="_fnmLQDsHEDaQfcpB0MHjlw" h="133" w="162" x="177" y="154" elementRef="_fnk9ITsHEDaQfcpB0MHjlw">          <node xsi:type="Element" identifier="_4DerUDsHEDaQfcpB0MHjlw" h="60" w="130" x="191" y="193" elementRef="_4DddMDsHEDaQfcpB0MHjlw"/>        </node>        <node xsi:type="Element" identifier="_z4UScDsHEDaQfcpB0MHjlw" h="60" w="130" x="450" y="12" elementRef="_z4TEUTsHEDaQfcpB0MHjlw"/>        <node xsi:type="Element" identifier="_Q8RJ1TsIEDaQfcpB0MHjlw" h="130" w="450" x="360" y="154" elementRef="_Q8QiwDsIEDaQfcpB0MHjlw">          <node xsi:type="Element" identifier="_95KFRTsHEDaQfcpB0MHjlw" h="60" w="130" x="373" y="189" elementRef="_95I3ITsHEDaQfcpB0MHjlw"/>          <node xsi:type="Element" identifier="_-TIEcDsHEDaQfcpB0MHjlw" h="80" w="130" x="520" y="189" elementRef="_-TBWwTsHEDaQfcpB0MHjlw"/>          <node xsi:type="Element" identifier="_g1H44DsIEDaQfcpB0MHjlw" h="80" w="130" x="664" y="189" elementRef="_g1FcoTsIEDaQfcpB0MHjlw"/>        </node>        <node xsi:type="Element" identifier="_RUmKRzsIEDaQfcpB0MHjlw" h="130" w="320" x="836" y="154" elementRef="_RUk8ITsIEDaQfcpB0MHjlw">          <node xsi:type="Element" identifier="_-nqxEDsHEDaQfcpB0MHjlw" h="60" w="130" x="851" y="189" elementRef="_-nntwTsHEDaQfcpB0MHjlw"/>          <node xsi:type="Element" identifier="_lkubojsIEDaQfcpB0MHjlw" h="60" w="130" x="1002" y="189" elementRef="_lkubkDsIEDaQfcpB0MHjlw"/>        </node>        <node xsi:type="Element" identifier="_BrQBajsJEDaQfcpB0MHjlw" h="60" w="130" x="24" y="427" elementRef="_BrOzQTsJEDaQfcpB0MHjlw"/>        <node xsi:type="Element" identifier="_RpHMTTsJEDaQfcpB0MHjlw" h="60" w="130" x="24" y="580" elementRef="_RpGlMDsJEDaQfcpB0MHjlw"/>        <node xsi:type="Element" identifier="_yjKyjDsJEDaQfcpB0MHjlw" h="60" w="130" x="429" y="580" elementRef="_yjKLcTsJEDaQfcpB0MHjlw"/>        <node xsi:type="Element" identifier="_gWwP_DsKEDaQfcpB0MHjlw" h="60" w="130" x="429" y="427" elementRef="_gWvB0DsKEDaQfcpB0MHjlw"/>        <node xsi:type="Element" identifier="_oNSHVDsKEDaQfcpB0MHjlw" h="60" w="130" x="130" y="810" elementRef="_oNMAsTsKEDaQfcpB0MHjlw"/>        <node xsi:type="Element" identifier="_jK-OljsLEDacUOSgnFJpfA" h="60" w="130" x="931" y="427" elementRef="_jK8ZYTsLEDacUOSgnFJpfA"/>        <node xsi:type="Element" identifier="_lj_UcDsLEDacUOSgnFJpfA" h="60" w="130" x="931" y="580" elementRef="_lj-GQTsLEDacUOSgnFJpfA"/>        <node xsi:type="Element" identifier="_05cbgzsLEDacUOSgnFJpfA" h="60" w="130" x="246" y="427" elementRef="_05bNUTsLEDacUOSgnFJpfA"/>        <node xsi:type="Element" identifier="_jKOyQTsMEDacUOSgnFJpfA" h="60" w="130" x="429" y="689" elementRef="_jKLu8TsMEDacUOSgnFJpfA"/>        <node xsi:type="Element" identifier="_pDg-RTsqEDacUOSgnFJpfA" h="60" w="130" x="24" y="689" elementRef="_pDg-MDsqEDacUOSgnFJpfA"/>        <connection xsi:type="Relationship" identifier="_NqKDYjsJEDaQfcpB0MHjlw" source="_BrQBajsJEDaQfcpB0MHjlw" target="_4DerUDsHEDaQfcpB0MHjlw" relationshipRef="_NqI1QjsJEDaQfcpB0MHjlw">          <bendpoint x="89" y="340"/>          <bendpoint x="256" y="340"/>        </connection>        <connection xsi:type="Relationship" identifier="_YFI0gTsJEDaQfcpB0MHjlw" source="_RpHMTTsJEDaQfcpB0MHjlw" target="_BrQBajsJEDaQfcpB0MHjlw" relationshipRef="_YFHmYDsJEDaQfcpB0MHjlw"/>        <connection xsi:type="Relationship" identifier="_cQsO_DsJEDaQfcpB0MHjlw" source="_z4UScDsHEDaQfcpB0MHjlw" target="_fnmLQDsHEDaQfcpB0MHjlw" relationshipRef="_cQsO8zsJEDaQfcpB0MHjlw">          <bendpoint x="515" y="113"/>          <bendpoint x="258" y="113"/>        </connection>        <connection xsi:type="Relationship" identifier="_d6O_oTsJEDaQfcpB0MHjlw" source="_z4UScDsHEDaQfcpB0MHjlw" target="_Q8RJ1TsIEDaQfcpB0MHjlw" relationshipRef="_d6NxgzsJEDaQfcpB0MHjlw">          <bendpoint x="515" y="113"/>          <bendpoint x="515" y="113"/>        </connection>        <connection xsi:type="Relationship" identifier="_jlYIEjsKEDaQfcpB0MHjlw" source="_gWwP_DsKEDaQfcpB0MHjlw" target="_4DerUDsHEDaQfcpB0MHjlw" relationshipRef="_jlVEwjsKEDaQfcpB0MHjlw">          <bendpoint x="494" y="340"/>          <bendpoint x="256" y="340"/>        </connection>        <connection xsi:type="Relationship" identifier="_ql16LzsKEDaQfcpB0MHjlw" source="_yjKyjDsJEDaQfcpB0MHjlw" target="_gWwP_DsKEDaQfcpB0MHjlw" relationshipRef="_ql16IjsKEDaQfcpB0MHjlw"/>        <connection xsi:type="Relationship" identifier="_I93ogDsLEDacUOSgnFJpfA" source="_z4UScDsHEDaQfcpB0MHjlw" target="_RUmKRzsIEDaQfcpB0MHjlw" relationshipRef="_I9ywATsLEDacUOSgnFJpfA">          <bendpoint x="515" y="113"/>          <bendpoint x="996" y="113"/>        </connection>        <connection xsi:type="Relationship" identifier="_n8GbQTsLEDacUOSgnFJpfA" source="_lj_UcDsLEDacUOSgnFJpfA" target="_jK-OljsLEDacUOSgnFJpfA" relationshipRef="_n8CJ0DsLEDacUOSgnFJpfA"/>        <connection xsi:type="Relationship" identifier="_rtcl8jsLEDacUOSgnFJpfA" source="_jK-OljsLEDacUOSgnFJpfA" target="_-nqxEDsHEDaQfcpB0MHjlw" relationshipRef="_rtZioDsLEDacUOSgnFJpfA">          <bendpoint x="956" y="338"/>          <bendpoint x="956" y="338"/>        </connection>        <connection xsi:type="Relationship" identifier="_s4IQYDsLEDacUOSgnFJpfA" source="_jK-OljsLEDacUOSgnFJpfA" target="_lkubojsIEDaQfcpB0MHjlw" relationshipRef="_s4F0IzsLEDacUOSgnFJpfA">          <bendpoint x="1031" y="338"/>          <bendpoint x="1031" y="338"/>        </connection>        <connection xsi:type="Relationship" identifier="_OvnIMTsMEDacUOSgnFJpfA" source="_RpHMTTsJEDaQfcpB0MHjlw" target="_05cbgzsLEDacUOSgnFJpfA" relationshipRef="_Ovi2wjsMEDacUOSgnFJpfA"/>        <connection xsi:type="Relationship" identifier="_l8jv9zsMEDacUOSgnFJpfA" source="_yjKyjDsJEDaQfcpB0MHjlw" target="_jKOyQTsMEDacUOSgnFJpfA" relationshipRef="_l8jI4TsMEDacUOSgnFJpfA"/>        <connection xsi:type="Relationship" identifier="_s1XfMDsqEDacUOSgnFJpfA" source="_RpHMTTsJEDaQfcpB0MHjlw" target="_pDg-RTsqEDacUOSgnFJpfA" relationshipRef="_s1NHIzsqEDacUOSgnFJpfA"/>        <connection xsi:type="Relationship" identifier="_KrT0PTsrEDacUOSgnFJpfA" source="_BrQBajsJEDaQfcpB0MHjlw" target="_05cbgzsLEDacUOSgnFJpfA" relationshipRef="_KrSmETsrEDacUOSgnFJpfA"/>      </view>    </diagrams>  </views></model>
