"ID","Type","Name","Documentation","Source","Target","Specialization"
"id-789952d953364d758cc2d67e51493981","AccessRelationship","","","id-e3face735ace4709832bfcc831e7b148","id-a9af5989cd934e579dadd332319fd28d",""
"id-d9e1d71b10ef49e187d59b77096d9085","AccessRelationship","","","id-6a013b0492e548ea8a2efd7ee753228a","id-b58eb762968b4a49a8cea617a518e20c",""
"id-2f925013777145a392dfa056439b3bac","AccessRelationship","","","id-e3face735ace4709832bfcc831e7b148","id-b58eb762968b4a49a8cea617a518e20c",""
"id-aaac40552fa4478991f6beecf09ee05f","AccessRelationship","","","id-04e963435a14499588ef76c331f07159","id-f5b932504f1742789afc9eda81746514",""
"id-ce0ab6ef50f64469ba8ff42d480ce4da","AccessRelationship","","","id-84b368bbe7b74edbbef5cea300ee1ade","id-f5b932504f1742789afc9eda81746514",""
"id-e0c8030079ad434ea2979026dd6ecdbc","AggregationRelationship","","","id-295c043b459946369c5cc34c9ad01593","id-77bfcc5cbc244e7b840e152ae32d8eb9",""
"id-7f863e739c634d5dbdcda0c08ccb0749","AssignmentRelationship","","","id-7008da62c73147ffb02625cd48092100","id-e3face735ace4709832bfcc831e7b148",""
"id-51110d7e1b7043c189b8bb00489a240c","AssignmentRelationship","","","id-072b7e794db44e7c9dec01ae3bf51a17","id-e3face735ace4709832bfcc831e7b148",""
"id-d44e38207a3e45ddb2ae19ba22528f57","AssignmentRelationship","","","id-a3117ec86fc8476c95086c147cd30781","id-e3face735ace4709832bfcc831e7b148",""
"id-29f7d8eae11040959338d77057f3cc3b","AssignmentRelationship","","","id-aa4886cacd07493bb8dccf43d35103ad","id-e3face735ace4709832bfcc831e7b148",""
"id-93916fbadeea42269afc75fcf1ae77a3","AssignmentRelationship","","","id-f0483d67ac93462398cde746c34b7313","id-acf9527d578342648df2b5a9b738b5d9",""
"id-1284f3d6bc854e5db5e05bef005e643e","AssignmentRelationship","","","id-f24dfaa6313b453fbb543ad1f802116c","id-93f6a8e9be724116aa961fa58b7e0ecd",""
"id-3e5ba341aa9f4458b9f2372571944243","AssignmentRelationship","","","id-2e466022e4f14a7d98a3df48a69d2d9b","id-f8e5634d60714c4d9373e2411d92ec56",""
"id-c778e2aaa706491fb1302039aa38aa93","AssignmentRelationship","","","id-749c4b787314450b900690b802407e5c","id-e3face735ace4709832bfcc831e7b148",""
"id-d3b54f6a419241dbb290febc1bfddf7d","AssignmentRelationship","","","id-749c4b787314450b900690b802407e5c","id-04e963435a14499588ef76c331f07159",""
"id-5add75ee672a4ce28c0704d06b2d7158","AssignmentRelationship","","","id-749c4b787314450b900690b802407e5c","id-84b368bbe7b74edbbef5cea300ee1ade",""
"id-ed2762e115e54163b7e8a979f006e5d5","AssignmentRelationship","","","id-749c4b787314450b900690b802407e5c","id-fafeeb9497e74885919aa0dc15b76490",""
"id-526cca3fbb35421193bd1baf5aac37b2","AssignmentRelationship","","","id-749c4b787314450b900690b802407e5c","id-85df94d0c022433c963968e65a56129c",""
"id-ea216c228e8c437496d385d2ae68cd18","AssociationRelationship","","","id-7c27eecda38545a687eedcdef72ba7f1","id-749c4b787314450b900690b802407e5c",""
"id-4d784f42fe0f46f5bb9473fb2732cb72","AssociationRelationship","rede local","","id-2e466022e4f14a7d98a3df48a69d2d9b","id-f24dfaa6313b453fbb543ad1f802116c",""
"id-3e29801f6d2044bca6530b5de96fbdd9","CompositionRelationship","","","id-66d56a333a3041fe8aca46421858ed37","id-b2c37fd355104273a3e11a3f02710041",""
"id-f2e2b4dcd5374e77a1b725923bd9f9fe","CompositionRelationship","","","id-a9af5989cd934e579dadd332319fd28d","id-f5b932504f1742789afc9eda81746514",""
"id-19af7c96b3244195a3e1de0def1fda4f","CompositionRelationship","","","id-66d56a333a3041fe8aca46421858ed37","id-3cae803d3dd6479aa4b62e4cdc5b0198",""
"id-ff048a786c0240e195031374780580a1","CompositionRelationship","","","id-66d56a333a3041fe8aca46421858ed37","id-a9af5989cd934e579dadd332319fd28d",""
"id-71cdbf7382c14ffe82306ce7c61085a3","CompositionRelationship","","","id-66d56a333a3041fe8aca46421858ed37","id-60ca3c494fd04108855aac17149a3724",""
"id-cdff8f329e7d408abeb085199d72fca9","CompositionRelationship","","","id-f24dfaa6313b453fbb543ad1f802116c","id-36a4205026434f54a507a74ac6750926",""
"id-3cfbbc7995454e1488ba00df83469bd0","CompositionRelationship","","","id-f24dfaa6313b453fbb543ad1f802116c","id-fc2fd4b3d5024cefba34bfdddc53cd1f",""
"id-48a79d6fcb8f42ef960f794297fa8c29","FlowRelationship","","","id-f0483d67ac93462398cde746c34b7313","id-f24dfaa6313b453fbb543ad1f802116c",""
"id-4a4f5a8b53fb4c15a690aaa1b17f28ff","FlowRelationship","","","id-f24dfaa6313b453fbb543ad1f802116c","id-f0483d67ac93462398cde746c34b7313",""
"id-331971265a4c4493a52e1ca89a04e1fc","FlowRelationship","","","id-7c27eecda38545a687eedcdef72ba7f1","id-295c043b459946369c5cc34c9ad01593",""
"id-1203c1b935484cafb4ca5e24d900f716","FlowRelationship","","","id-295c043b459946369c5cc34c9ad01593","id-f24dfaa6313b453fbb543ad1f802116c",""
"id-49ca8b0b94544e25ae49e56d393bba7d","FlowRelationship","","","id-f24dfaa6313b453fbb543ad1f802116c","id-2e466022e4f14a7d98a3df48a69d2d9b",""
"id-bbc787cc894d434a80f9498060cf2a01","FlowRelationship","","","id-f24dfaa6313b453fbb543ad1f802116c","id-295c043b459946369c5cc34c9ad01593",""
"id-1662851addd54b74ab15e15fa3ca9c5b","FlowRelationship","","","id-295c043b459946369c5cc34c9ad01593","id-7c27eecda38545a687eedcdef72ba7f1",""
"id-66d18dc2dc524267a9e3a35bf3e33cc2","FlowRelationship","resultados da análise","","id-2e466022e4f14a7d98a3df48a69d2d9b","id-f24dfaa6313b453fbb543ad1f802116c",""
"id-f5f2485a1f9d4f6fa09d816a33138213","RealizationRelationship","","","id-e3face735ace4709832bfcc831e7b148","id-b2c37fd355104273a3e11a3f02710041",""
"id-c483f27908a44cfe80a2256061b75e44","RealizationRelationship","","","id-acf9527d578342648df2b5a9b738b5d9","id-95ffc33793d147f5b859d2c347fdd202",""
"id-388486e199824e7eab7de75d6f00d2ee","RealizationRelationship","","","id-93f6a8e9be724116aa961fa58b7e0ecd","id-652fb7cbae8b47308bdf137afefa1068",""
"id-bfd92d6f6fc14699b54edf37ada1ee3f","RealizationRelationship","","","id-f8e5634d60714c4d9373e2411d92ec56","id-6ddbd95651cd463aa8f09c940825e0b3",""
"id-ea5eab380ca0474baf3135f52071f0ce","RealizationRelationship","","","id-04e963435a14499588ef76c331f07159","id-3cae803d3dd6479aa4b62e4cdc5b0198",""
"id-b535d6a9795b481996382d065d1ca837","RealizationRelationship","","","id-0c8a4c68ca3445fe87175add09fc30cb","id-60ca3c494fd04108855aac17149a3724",""
"id-2fb4d50304c448c3a58ef528feb95292","RealizationRelationship","","","id-93f6a8e9be724116aa961fa58b7e0ecd","id-50072633884348bc95ed533ced1f5243",""
"id-42967d8bf4a14b98a212e57fe1bfe584","RealizationRelationship","","","id-84b368bbe7b74edbbef5cea300ee1ade","id-3cae803d3dd6479aa4b62e4cdc5b0198",""
"id-d0f81997ebb44aa7bc5e9d40e7c1cc16","RealizationRelationship","","","id-fafeeb9497e74885919aa0dc15b76490","id-3cae803d3dd6479aa4b62e4cdc5b0198",""
"id-6e7411010e954bf3875afd3258858319","RealizationRelationship","","","id-93f6a8e9be724116aa961fa58b7e0ecd","id-4b3afff939874e6e8378727d0e6b13b4",""
"id-28f8690e3bb94f70808d590b98e4b178","RealizationRelationship","","","id-93f6a8e9be724116aa961fa58b7e0ecd","id-9031639c1ddc44239c8b2898355d2ee1",""
"id-4eecd4d8107447ca9a72229a20ccfbf7","RealizationRelationship","","","id-85df94d0c022433c963968e65a56129c","id-3cae803d3dd6479aa4b62e4cdc5b0198",""
"id-4c88195bede3436ea08f354ec42732da","ServingRelationship","","","id-95ffc33793d147f5b859d2c347fdd202","id-e3face735ace4709832bfcc831e7b148",""
"id-3b3c5893e53648e2aa920c1bde7cdcc8","ServingRelationship","","","id-6ddbd95651cd463aa8f09c940825e0b3","id-0c8a4c68ca3445fe87175add09fc30cb",""
"id-3779d67815f244b7a5741c0e011e674a","ServingRelationship","","","id-a06a020b32864f339b03f87c055ff0f0","id-f24dfaa6313b453fbb543ad1f802116c",""
"id-34aba264a0b34113a2520b29c208a156","ServingRelationship","","","id-d11002c7d9874890b32ac241bbcb0f04","id-f0483d67ac93462398cde746c34b7313",""
"id-6bab22a434f8498aa65f3057b8a8a1d6","ServingRelationship","","","id-652fb7cbae8b47308bdf137afefa1068","id-04e963435a14499588ef76c331f07159",""
"id-2583cf5a1de9403f8a7f0a9326b24a7f","ServingRelationship","","","id-50072633884348bc95ed533ced1f5243","id-84b368bbe7b74edbbef5cea300ee1ade",""
"id-a066fc17d7ff4ff8bb695204bedbe00e","ServingRelationship","","","id-4b3afff939874e6e8378727d0e6b13b4","id-fafeeb9497e74885919aa0dc15b76490",""
"id-0fce68469bb9429ca796590eb8a780df","ServingRelationship","","","id-36a4205026434f54a507a74ac6750926","id-749c4b787314450b900690b802407e5c",""
"id-16757dbe217645cfbe1c069bfa213012","ServingRelationship","","","id-05add16eb8404bcba0872f36a56e35a6","id-f24dfaa6313b453fbb543ad1f802116c",""
"id-20fa5a69ad6c4563bf10e19b3363564f","ServingRelationship","","","id-9031639c1ddc44239c8b2898355d2ee1","id-85df94d0c022433c963968e65a56129c",""
"id-dd1afdeb01254455bc41c72bcd733079","ServingRelationship","","","id-10056fa6554e4481a64408baa2288fab","id-f24dfaa6313b453fbb543ad1f802116c",""
"id-ba8ad00485314209b9848ed6bc3b31e3","ServingRelationship","","","id-fc2fd4b3d5024cefba34bfdddc53cd1f","id-749c4b787314450b900690b802407e5c",""
"id-2e405f67dd7740c3ba3913a3f2753a78","ServingRelationship","","","id-1064c51f6bcf439e86a4f91444cc7cba","id-f24dfaa6313b453fbb543ad1f802116c",""
"id-9ba3d3d51f8a496fa42d3650251284fd","ServingRelationship","","","id-5246072bbdf6470f83910c005ed858ba","id-f0483d67ac93462398cde746c34b7313",""
"id-efdf11422e544381a0bb5c217344af9e","ServingRelationship","","","id-f9b5647dcd294469a48fbf2d4557ecc8","id-f24dfaa6313b453fbb543ad1f802116c",""
"id-4789a4262af74726b3820dca7837cfa3","ServingRelationship","","","id-a7719212df004943ad8154d06ebc0a2b","id-2e466022e4f14a7d98a3df48a69d2d9b",""
"id-1742e6068452436481b5592a1f8c98ea","ServingRelationship","","","id-a7719212df004943ad8154d06ebc0a2b","id-f24dfaa6313b453fbb543ad1f802116c",""
"id-e44a6bb24620446b80cb58c8f9e0c237","TriggeringRelationship","","","id-749c4b787314450b900690b802407e5c","id-6a013b0492e548ea8a2efd7ee753228a",""
"id-6af178924a0546e8a92da51fa6abb6f3","TriggeringRelationship","","","id-6a013b0492e548ea8a2efd7ee753228a","id-e3face735ace4709832bfcc831e7b148",""
"id-b52848461dc543f99180a00ee9b9cbe7","TriggeringRelationship","","","id-749c4b787314450b900690b802407e5c","id-c32d60fd0d614860846475802e954e0b",""
"id-80cd642eab4c4de59b9781152c4214e6","TriggeringRelationship","","","id-c32d60fd0d614860846475802e954e0b","id-04e963435a14499588ef76c331f07159",""