"ID","Type","Name","Documentation","Source","Target","Specialization"
"_ZNaMgB1WEDWs7MtDTwV3WQ","FlowRelationship","","","_EAQSQB1WEDWs7MtDTwV3WQ","_7RS-EB1VEDWs7MtDTwV3WQ",""
"_zC48wR1WEDWs7MtDTwV3WQ","FlowRelationship","","","_mW39IB1WEDWs7MtDTwV3WQ","_tzBloB1WEDWs7MtDTwV3WQ",""
"_DOaJIB1XEDWs7MtDTwV3WQ","FlowRelationship","","","_mW39IB1WEDWs7MtDTwV3WQ","_55lHwB1WEDWs7MtDTwV3WQ",""
"_O34tsB1XEDWs7MtDTwV3WQ","FlowRelationship","","","_HTu_wB1XEDWs7MtDTwV3WQ","_55lHwB1WEDWs7MtDTwV3WQ",""
"_i4Iv8B1XEDWs7MtDTwV3WQ","FlowRelationship","","","_bmZAoB1XEDWs7MtDTwV3WQ","_Tp5EIB1XEDWs7MtDTwV3WQ",""
"_qmSucB1XEDWs7MtDTwV3WQ","FlowRelationship","","","_7RS-EB1VEDWs7MtDTwV3WQ","_mW39IB1WEDWs7MtDTwV3WQ",""
"_r1eeYB1XEDWs7MtDTwV3WQ","FlowRelationship","","","_mW39IB1WEDWs7MtDTwV3WQ","_HTu_wB1XEDWs7MtDTwV3WQ",""
"_wxNYkB1XEDWs7MtDTwV3WQ","FlowRelationship","","","_HTu_wB1XEDWs7MtDTwV3WQ","_Tp5EIB1XEDWs7MtDTwV3WQ",""
"_0V0u0B1XEDWs7MtDTwV3WQ","FlowRelationship","","","_7RS-EB1VEDWs7MtDTwV3WQ","_EAQSQB1WEDWs7MtDTwV3WQ",""
"_1XUBAB1XEDWs7MtDTwV3WQ","FlowRelationship","","","_EAQSQB1WEDWs7MtDTwV3WQ","_tzBloB1WEDWs7MtDTwV3WQ",""
"_21VeMB1XEDWs7MtDTwV3WQ","FlowRelationship","","","_tzBloB1WEDWs7MtDTwV3WQ","_55lHwB1WEDWs7MtDTwV3WQ",""
"_5mVmMB1XEDWs7MtDTwV3WQ","FlowRelationship","","","_55lHwB1WEDWs7MtDTwV3WQ","_bmZAoB1XEDWs7MtDTwV3WQ",""
"_CoT9AB1YEDWs7MtDTwV3WQ","FlowRelationship","","","_Tp5EIB1XEDWs7MtDTwV3WQ","_9Js_QB1XEDWs7MtDTwV3WQ",""
"_D97FEB1YEDWs7MtDTwV3WQ","FlowRelationship","","","_bmZAoB1XEDWs7MtDTwV3WQ","_9Js_QB1XEDWs7MtDTwV3WQ",""
"_Qf9CQB1YEDWs7MtDTwV3WQ","FlowRelationship","","","_HetEMB1YEDWs7MtDTwV3WQ","_mW39IB1WEDWs7MtDTwV3WQ",""
"_V75GgB1YEDWs7MtDTwV3WQ","FlowRelationship","","","_TVfsAB1YEDWs7MtDTwV3WQ","_HetEMB1YEDWs7MtDTwV3WQ",""
"_YsgM8R1YEDWs7MtDTwV3WQ","FlowRelationship","","","_TVfsAB1YEDWs7MtDTwV3WQ","_9Js_QB1XEDWs7MtDTwV3WQ",""
"_d_CdkB1YEDWs7MtDTwV3WQ","FlowRelationship","","","_TVfsAB1YEDWs7MtDTwV3WQ","_EAQSQB1WEDWs7MtDTwV3WQ",""