{"identifier":"https://me.big.tuwien.ac.at/EAModelSet/58557cbb","archimateId":"58557cbb","name":"epp-price","description":"","formats":["XML","CSV","JSON","ARCHIMATE"],"source":"GitHub","repository":"zhuj/mentha-web-archimate","license":"MIT License","sourceFile":"raw-data/github/archimate/epp-price.archimate","sourceFormat":"ARCHIMATE","timestamp":"2023-07-06T09:29:17","tags":[],"duplicates":[],"language":"ru","elements":[{"id":"404ce690","name":"Распорядение о стоимости обучения","type":"BusinessEvent","layer":"business"},{"id":"d82ac8e0","name":"Создание цены для элемента реестра","type":"BusinessProcess","layer":"business"},{"id":"a93de3a1","name":"Заполнение вариантов цены для элемента реестра","type":"BusinessProcess","layer":"business"},{"id":"da44bbf8","name":"Публикация цены для элемента реестра","type":"BusinessProcess","layer":"business"},{"id":"8c044888","name":"Указание цены для элемента реестра","type":"BusinessProcess","layer":"business"},{"id":"46c463a6","name":"Утвержденные цены для учебных единиц","type":"BusinessObject","layer":"business"},{"id":"2df2c3ca","name":"Указание цены для УП(в)","type":"BusinessProcess","layer":"business"},{"id":"31de5b9f","name":"Создание цены для блока УП(в)","type":"BusinessProcess","layer":"business"},{"id":"551d25a5","name":"Заполнение вариантов цены для УП(в)","type":"BusinessProcess","layer":"business"},{"id":"004fe59d","name":"Рассчет стоимости блока УП(в)","type":"BusinessProcess","layer":"business"},{"id":"24a5bb1e","name":"Публикация цены для блоков УП(в)","type":"BusinessProcess","layer":"business"},{"id":"789c3fb7","name":"Цена элемента реестра","type":"BusinessObject","layer":"business"},{"id":"9c9a8eec","name":"Распоряжение о стоимости","type":"Representation","layer":"business"},{"id":"5f87b5b1","name":"Цена блока УП(в)","type":"BusinessObject","layer":"business"},{"id":"5c4a0c8b","name":"настройка модуля","type":"BusinessFunction","layer":"business"},{"id":"b0005fe9","name":"Ответственный за цены","type":"BusinessRole","layer":"business"},{"id":"69f48f2a","name":"внедренец","type":"BusinessRole","layer":"business"},{"id":"abd4c93f","name":"ввод цен в систему","type":"BusinessProcess","layer":"business"},{"id":"65c3abc4","name":"ввод цен","type":"ApplicationInterface","layer":"application"},{"id":"d8fbfc30","name":"категория цены","type":"DataObject","layer":"application"},{"id":"1186c24e","name":"сетка оплат","type":"DataObject","layer":"application"},{"id":"53d89924","name":"Блок учебного плана","type":"DataObject","layer":"application"},{"id":"532ab0ed","name":"Элемент реестра","type":"DataObject","layer":"application"},{"id":"b513001c","name":"Период действия цены для элемента реестра","type":"DataObject","layer":"application"},{"id":"cc34f57c","name":"цена","type":"DataObject","layer":"application"},{"id":"56b398a2","name":"Цена на элемент реестра","type":"DataObject","layer":"application"},{"id":"3e76ec73","name":"Период действия цены для УП(в)","type":"DataObject","layer":"application"},{"id":"592c5b19","name":"Цена для блока УП(в) (на категории и сетки)","type":"DataObject","layer":"application"},{"id":"a3962039","name":"карточка цены","type":"ApplicationInterface","layer":"application"},{"id":"c4fa987d","name":"Задание цена для УП","type":"DataObject","layer":"application"},{"id":"3669089a","name":"Указание цены в УП","type":"ApplicationInterface","layer":"application"},{"id":"9ce6710e","name":"Расчет стоимости блока УП","type":"ApplicationInterface","layer":"application"},{"id":"85f99f1a","name":"Настройка справочников","type":"ApplicationInterface","layer":"application"},{"id":"71cd5feb","name":"Вкладка «цена» в УП(в)","type":"ApplicationInterface","layer":"application"},{"id":"8aab040b","name":"Data Object","type":"DataObject","layer":"application"},{"id":"3fe7b298","name":"Application Service","type":"ApplicationService","layer":"application"},{"id":"e9132f09","name":"список цен","type":"ApplicationInterface","layer":"application"},{"id":"f5cf1dce","name":"Вкладка «цена» в элементе реестра","type":"ApplicationInterface","layer":"application"},{"id":"c920aab3","name":"Список периодов","type":"ApplicationInterface","layer":"application"},{"id":"9f644131","name":"Data Object","type":"DataObject","layer":"application"},{"id":"3f325fe2","name":"Каторчка цены","type":"ApplicationInterface","layer":"application"},{"id":"58e57eac","name":"Ввод цен по элементам реестра","type":"ApplicationService","layer":"application"},{"id":"b91ee196","name":"Ввод цен по УП(в)","type":"ApplicationService","layer":"application"},{"id":"3210fd24","name":"Элемент, обладающий ценой","type":"DataObject","layer":"application"},{"id":"b60e8ab6","name":"Период действия цены","type":"DataObject","layer":"application"},{"id":"f6b18a11","name":"Вариант цены","type":"DataObject","layer":"application"},{"id":"0acb8d6e","name":"Элемент цены","type":"DataObject","layer":"application"},{"id":"374cd45f","name":"Цена","type":"DataObject","layer":"application"},{"id":"6252d638","name":"Application Interface","type":"ApplicationInterface","layer":"application"},{"id":"860b14b7","name":"Data Object","type":"DataObject","layer":"application"},{"id":"6a316aca","name":"Пасчет стоимости блока УП(в)","type":"ApplicationService","layer":"application"},{"id":"5177f853","name":"Цена блока УП(в)","type":"DataObject","layer":"application"},{"id":"4158e3bb","name":"Цена элемента реестра","type":"DataObject","layer":"application"},{"id":"c545055c","name":"Блок УП(в)","type":"DataObject","layer":"application"},{"id":"c4c39601","name":"настройки модуля","type":"ApplicationService","layer":"application"},{"id":"e3d08397","name":"логика работы сеток","type":"ApplicationComponent","layer":"application"},{"id":"78b6f6f5","name":"Список цен элемена, обладающего ценой","type":"ApplicationInterface","layer":"application"},{"id":"2507f24b","name":"Вкладка «Цена» на элементе реестра","type":"ApplicationInterface","layer":"application"},{"id":"80621cab","name":"Список учебных единиц на вкладке «Цена» на УП(в)","type":"ApplicationInterface","layer":"application"},{"id":"dc81fe16","name":"Data Object","type":"DataObject","layer":"application"},{"id":"96bc126e","name":"Список цен на блок УП(в)","type":"ApplicationInterface","layer":"application"},{"id":"97b23803","name":"карточка цены","type":"ApplicationInterface","layer":"application"},{"id":"c29759ce","name":"Форма доб./ред. периода действия цены","type":"ApplicationInterface","layer":"application"},{"id":"7068757d","name":"Data Object","type":"DataObject","layer":"application"},{"id":"94bfaffe","name":"Форма доб./ред. варианта цены","type":"ApplicationInterface","layer":"application"},{"id":"19140866","name":"Карточка варианта цены","type":"ApplicationInterface","layer":"application"},{"id":"11380b4e","name":"Кнопка «рассчитать» для блока УП(в) ","type":"ApplicationInterface","layer":"application"},{"id":"88bfc62f","name":"CRUD цены","type":"ApplicationInterface","layer":"application"},{"id":"69395aaa","name":"","type":"ApplicationService","layer":"application"},{"id":"e97f6977","name":"Справочник категорий цен","type":"ApplicationInterface","layer":"application"}],"relationships":[{"id":"319241f9","sourceId":"8c044888","targetId":"a93de3a1","type":"CompositionRelationship"},{"id":"4c398ebe","sourceId":"8c044888","targetId":"da44bbf8","type":"CompositionRelationship"},{"id":"8b267a1d","sourceId":"8c044888","targetId":"d82ac8e0","type":"CompositionRelationship"},{"id":"bfc1cf6c","sourceId":"404ce690","targetId":"46c463a6","type":"AssociationRelationship"},{"id":"5d356247","sourceId":"2df2c3ca","targetId":"31de5b9f","type":"CompositionRelationship"},{"id":"29e9f5af","sourceId":"2df2c3ca","targetId":"551d25a5","type":"CompositionRelationship"},{"id":"1c032e97","sourceId":"2df2c3ca","targetId":"004fe59d","type":"CompositionRelationship"},{"id":"9432d609","sourceId":"2df2c3ca","targetId":"24a5bb1e","type":"CompositionRelationship"},{"id":"46eedc1a","sourceId":"d82ac8e0","targetId":"a93de3a1","type":"FlowRelationship"},{"id":"19dd5d1f","sourceId":"a93de3a1","targetId":"da44bbf8","type":"FlowRelationship"},{"id":"29647b89","sourceId":"31de5b9f","targetId":"004fe59d","type":"FlowRelationship"},{"id":"9d253433","sourceId":"004fe59d","targetId":"551d25a5","type":"FlowRelationship"},{"id":"9524e2c6","sourceId":"551d25a5","targetId":"24a5bb1e","type":"FlowRelationship"},{"id":"cf5aa79c","sourceId":"58e57eac","targetId":"8c044888","type":"UsedByRelationship"},{"id":"a84c5766","sourceId":"b91ee196","targetId":"2df2c3ca","type":"UsedByRelationship"},{"id":"ad7e81df","sourceId":"f6b18a11","targetId":"0acb8d6e","type":"CompositionRelationship"},{"id":"c6f78197","sourceId":"b60e8ab6","targetId":"f6b18a11","type":"CompositionRelationship"},{"id":"af0746ba","sourceId":"b60e8ab6","targetId":"3210fd24","type":"AssociationRelationship"},{"id":"b3fc27de","sourceId":"374cd45f","targetId":"b60e8ab6","type":"CompositionRelationship"},{"id":"49e353f1","sourceId":"374cd45f","targetId":"f6b18a11","type":"CompositionRelationship"},{"id":"983adc25","sourceId":"4158e3bb","targetId":"789c3fb7","type":"RealisationRelationship"},{"id":"71cf2478","sourceId":"8c044888","targetId":"789c3fb7","type":"AccessRelationship"},{"id":"9e30c02b","sourceId":"58e57eac","targetId":"4158e3bb","type":"AccessRelationship"},{"id":"11c6a40e","sourceId":"9c9a8eec","targetId":"46c463a6","type":"RealisationRelationship"},{"id":"2d980c9c","sourceId":"2df2c3ca","targetId":"5f87b5b1","type":"AccessRelationship"},{"id":"a589df64","sourceId":"5177f853","targetId":"5f87b5b1","type":"RealisationRelationship"},{"id":"e93ceb4c","sourceId":"b91ee196","targetId":"5177f853","type":"AccessRelationship"},{"id":"a7994594","sourceId":"6a316aca","targetId":"004fe59d","type":"UsedByRelationship"},{"id":"122de5ca","sourceId":"4158e3bb","targetId":"374cd45f","type":"SpecialisationRelationship"},{"id":"7216e44a","sourceId":"5177f853","targetId":"374cd45f","type":"SpecialisationRelationship"},{"id":"c12a7a9a","sourceId":"6a316aca","targetId":"4158e3bb","type":"AccessRelationship"},{"id":"a552f7fd","sourceId":"b91ee196","targetId":"6a316aca","type":"CompositionRelationship"},{"id":"eb366a58","sourceId":"4158e3bb","targetId":"532ab0ed","type":"AssociationRelationship"},{"id":"aded1427","sourceId":"5177f853","targetId":"c545055c","type":"AssociationRelationship"},{"id":"0cb3616c","sourceId":"c545055c","targetId":"3210fd24","type":"SpecialisationRelationship"},{"id":"ccd90ef6","sourceId":"532ab0ed","targetId":"3210fd24","type":"SpecialisationRelationship"},{"id":"246b7cdf","sourceId":"c4c39601","targetId":"d8fbfc30","type":"AccessRelationship"},{"id":"b6e1f017","sourceId":"c4c39601","targetId":"5c4a0c8b","type":"UsedByRelationship"},{"id":"c5b87441","sourceId":"e3d08397","targetId":"1186c24e","type":"AccessRelationship"},{"id":"a8d22dde","sourceId":"f6b18a11","targetId":"d8fbfc30","type":"AssociationRelationship"},{"id":"90ffaab1","sourceId":"f6b18a11","targetId":"1186c24e","type":"AssociationRelationship"},{"id":"025b9e7f","sourceId":"69f48f2a","targetId":"5c4a0c8b","type":"AssignmentRelationship"},{"id":"9c87e259","sourceId":"b0005fe9","targetId":"abd4c93f","type":"AssignmentRelationship"},{"id":"cb235f11","sourceId":"abd4c93f","targetId":"2df2c3ca","type":"CompositionRelationship"},{"id":"390724b4","sourceId":"abd4c93f","targetId":"8c044888","type":"CompositionRelationship"},{"id":"9ed87e7f","sourceId":"5c4a0c8b","targetId":"abd4c93f","type":"FlowRelationship"},{"id":"ae184bdd","sourceId":"8c044888","targetId":"2df2c3ca","type":"FlowRelationship"},{"id":"78def75e","sourceId":"404ce690","targetId":"abd4c93f","type":"TriggeringRelationship"},{"id":"bb22b35a","sourceId":"abd4c93f","targetId":"46c463a6","type":"AccessRelationship"},{"id":"7cbd64cc","sourceId":"2507f24b","targetId":"78b6f6f5","type":"AggregationRelationship"},{"id":"63742736","sourceId":"96bc126e","targetId":"78b6f6f5","type":"AggregationRelationship"},{"id":"6dcf7033","sourceId":"2507f24b","targetId":"58e57eac","type":"UsedByRelationship"},{"id":"8a075a90","sourceId":"96bc126e","targetId":"b91ee196","type":"UsedByRelationship"},{"id":"ce8bd9a2","sourceId":"80621cab","targetId":"b91ee196","type":"UsedByRelationship"},{"id":"a3024e8f","sourceId":"80621cab","targetId":"11380b4e","type":"CompositionRelationship"},{"id":"28425938","sourceId":"11380b4e","targetId":"6a316aca","type":"UsedByRelationship"},{"id":"fae6bc07","sourceId":"88bfc62f","targetId":"c29759ce","type":"CompositionRelationship"},{"id":"992e2fee","sourceId":"88bfc62f","targetId":"94bfaffe","type":"CompositionRelationship"},{"id":"ff341256","sourceId":"88bfc62f","targetId":"19140866","type":"CompositionRelationship"},{"id":"12020a6c","sourceId":"88bfc62f","targetId":"b91ee196","type":"UsedByRelationship"},{"id":"75719f4f","sourceId":"88bfc62f","targetId":"58e57eac","type":"UsedByRelationship"},{"id":"3858e67a","sourceId":"78b6f6f5","targetId":"b60e8ab6","type":"AccessRelationship"},{"id":"0113b9ad","sourceId":"c29759ce","targetId":"b60e8ab6","type":"AccessRelationship"},{"id":"a0b8b204","sourceId":"78b6f6f5","targetId":"c29759ce","type":"AggregationRelationship"},{"id":"f805b1f8","sourceId":"94bfaffe","targetId":"f6b18a11","type":"AccessRelationship"},{"id":"ba3d05a1","sourceId":"19140866","targetId":"f6b18a11","type":"AccessRelationship"},{"id":"1015e8ca","sourceId":"19140866","targetId":"0acb8d6e","type":"AccessRelationship"},{"id":"143c7fdb","sourceId":"e97f6977","targetId":"c4c39601","type":"UsedByRelationship"},{"id":"3a6d8fac","sourceId":"e97f6977","targetId":"d8fbfc30","type":"AccessRelationship"},{"id":"8d44e768","sourceId":"78b6f6f5","targetId":"88bfc62f","type":"AggregationRelationship"},{"id":"d674d676","sourceId":"80621cab","targetId":"96bc126e","type":"AggregationRelationship"}],"views":[{"id":"8a471224","name":"Процесс ввода цен","viewpoint":""},{"id":"e0c081c1","name":"Структура модуля","viewpoint":""}]}