{"identifier":"https://me.big.tuwien.ac.at/EAModelSet/_ytSNALXvEeqEM7mFKilpXw","archimateId":"_ytSNALXvEeqEM7mFKilpXw","name":"Gr. 8 Tourismus FK","description":"","formats":["XML","CSV","JSON","ARCHIMATE"],"source":"GenMyModel","sourceFile":"raw-data/genmymodel/_ytsnalxveeqem7mfkilpxw.xml","sourceFormat":"XML","timestamp":"29-06-2023 09:25:52","tags":[],"duplicates":[],"language":"de","elements":[{"id":"_Qw07AJghEDi-7b0mx2HT9Q","name":"Abteilung für Geo Fencing/ Ortung ","type":"BusinessActor","layer":"business"},{"id":"_gEHe4ZghEDi-7b0mx2HT9Q","name":"Mobilitätsdatenverantwortlicher","type":"BusinessActor","layer":"business"},{"id":"_xEI_cZgjEDi-7b0mx2HT9Q","name":"Informationsservieprovider","type":"BusinessActor","layer":"business"},{"id":"_2IpbIZgjEDi-7b0mx2HT9Q","name":"Hotel/ Gastro Dienstleiter","type":"BusinessActor","layer":"business"},{"id":"_9w17kJgjEDi-7b0mx2HT9Q","name":"Tourismusdatenverantwortlicher","type":"BusinessActor","layer":"business"},{"id":"_MCrpgJgkEDi-7b0mx2HT9Q","name":"Mobilitäsdienstelister","type":"BusinessActor","layer":"business"},{"id":"__OtSoJghEDi-7b0mx2HT9Q","name":"Individuelle Touristeninformationen","type":"Product","layer":"business"},{"id":"_gUvfYJgiEDi-7b0mx2HT9Q","name":"Intermodale Auskunft","type":"BusinessService","layer":"business"},{"id":"_oNAcIZgiEDi-7b0mx2HT9Q","name":"Kunden und Vertragsverwaltung","type":"BusinessService","layer":"business"},{"id":"_vflR4ZgiEDi-7b0mx2HT9Q","name":"Datenintegrator","type":"BusinessService","layer":"business"},{"id":"_--blgZgiEDi-7b0mx2HT9Q","name":"Kundenlokalisierung","type":"BusinessService","layer":"business"},{"id":"_EIM7sZgjEDi-7b0mx2HT9Q","name":"Sprachverwaltung","type":"BusinessService","layer":"business"},{"id":"_TZEoQZgkEDi-7b0mx2HT9Q","name":"Datenbankpflege","type":"BusinessRole","layer":"business"},{"id":"_eqQMIZglEDi-7b0mx2HT9Q","name":"Kundenservice","type":"BusinessRole","layer":"business"},{"id":"_lbQl4ZglEDi-7b0mx2HT9Q","name":"Rechtliche regelungen","type":"BusinessRole","layer":"business"},{"id":"_wHAW4JglEDi-7b0mx2HT9Q","name":"Geo Lokalisierung","type":"BusinessRole","layer":"business"},{"id":"_y0bmcJglEDi-7b0mx2HT9Q","name":"Fremdsprachendatenbank","type":"BusinessRole","layer":"business"},{"id":"_0D_7cZgmEDi-7b0mx2HT9Q","name":"Routeninformationen","type":"BusinessRole","layer":"business"},{"id":"_I_sSQZgnEDi-7b0mx2HT9Q","name":"Datenbereitstellung","type":"BusinessRole","layer":"business"},{"id":"_eNwygZgnEDi-7b0mx2HT9Q","name":"Kundenabteilung","type":"BusinessActor","layer":"business"},{"id":"_hTYfoZgnEDi-7b0mx2HT9Q","name":"Rechtsabteilung","type":"BusinessActor","layer":"business"},{"id":"_oa0cYZgnEDi-7b0mx2HT9Q","name":"Sprachdienstleister","type":"BusinessActor","layer":"business"},{"id":"_A0g5IZjuEDiL0qm7ZD90Cw","name":"Hotel und Gasto-Verband","type":"Stakeholder","layer":"motivation"},{"id":"_ErJMcZjuEDiL0qm7ZD90Cw","name":"Stadt Potsdam /Land Brandenburg","type":"Stakeholder","layer":"motivation"},{"id":"_IG8k8JjuEDiL0qm7ZD90Cw","name":"Mobilitätsunternehmen","type":"Stakeholder","layer":"motivation"},{"id":"_NIlS0ZjuEDiL0qm7ZD90Cw","name":"Einfache Mobilitätsmöglichkeiten für Touristen","type":"Goal","layer":"motivation"},{"id":"_QmNQQZjuEDiL0qm7ZD90Cw","name":"Touristen mit Verkehrsmitteln befördern","type":"Goal","layer":"motivation"},{"id":"_HAzm0ZjvEDiL0qm7ZD90Cw","name":"Intermodale Mobilitätsinformationen","type":"Value","layer":"motivation"},{"id":"_IJURkJjwEDiL0qm7ZD90Cw","name":"Hotel und Gastrodatenbank","type":"Value","layer":"motivation"},{"id":"_mA3JEJjwEDiL0qm7ZD90Cw","name":"Gute Touristeninformationen","type":"Value","layer":"motivation"},{"id":"_U0ypMJjxEDiL0qm7ZD90Cw","name":"Einfacher Zugang zu Gastro/Hotel Informationen","type":"Goal","layer":"motivation"},{"id":"_jHcPcZjxEDiL0qm7ZD90Cw","name":"Einfach zugängliche individuelle Informationen","type":"Goal","layer":"motivation"},{"id":"_2drdAJlBEDiL0qm7ZD90Cw","name":"Tourismus Infrastruktur schwach","type":"Driver","layer":"motivation"},{"id":"_KpCjEZlCEDi7wfKwXHHVTw","name":"MIV Anteil hoch","type":"Driver","layer":"motivation"},{"id":"_T1o1gZlCEDi7wfKwXHHVTw","name":"Schwacher Marktanteil","type":"Driver","layer":"motivation"},{"id":"_lzSt4JlCEDi7wfKwXHHVTw","name":"Unzureichende Bekanntheit","type":"Driver","layer":"motivation"}],"relationships":[{"id":"_bCDBQJgjEDi-7b0mx2HT9Q","sourceId":"__OtSoJghEDi-7b0mx2HT9Q","targetId":"_gUvfYJgiEDi-7b0mx2HT9Q","type":"Composition"},{"id":"_cePScJgjEDi-7b0mx2HT9Q","sourceId":"__OtSoJghEDi-7b0mx2HT9Q","targetId":"_oNAcIZgiEDi-7b0mx2HT9Q","type":"Composition"},{"id":"_dtUUspgjEDi-7b0mx2HT9Q","sourceId":"__OtSoJghEDi-7b0mx2HT9Q","targetId":"_vflR4ZgiEDi-7b0mx2HT9Q","type":"Composition"},{"id":"_eq-Pw5gjEDi-7b0mx2HT9Q","sourceId":"__OtSoJghEDi-7b0mx2HT9Q","targetId":"_--blgZgiEDi-7b0mx2HT9Q","type":"Composition"},{"id":"_fly5QpgjEDi-7b0mx2HT9Q","sourceId":"__OtSoJghEDi-7b0mx2HT9Q","targetId":"_EIM7sZgjEDi-7b0mx2HT9Q","type":"Aggregation"},{"id":"_2bfMsJglEDi-7b0mx2HT9Q","sourceId":"_eqQMIZglEDi-7b0mx2HT9Q","targetId":"_oNAcIZgiEDi-7b0mx2HT9Q","type":"Assignment"},{"id":"_5VW80JglEDi-7b0mx2HT9Q","sourceId":"_lbQl4ZglEDi-7b0mx2HT9Q","targetId":"_oNAcIZgiEDi-7b0mx2HT9Q","type":"Assignment"},{"id":"_6NNK0JglEDi-7b0mx2HT9Q","sourceId":"_TZEoQZgkEDi-7b0mx2HT9Q","targetId":"_vflR4ZgiEDi-7b0mx2HT9Q","type":"Assignment"},{"id":"_8kB4Q5glEDi-7b0mx2HT9Q","sourceId":"_wHAW4JglEDi-7b0mx2HT9Q","targetId":"_--blgZgiEDi-7b0mx2HT9Q","type":"Assignment"},{"id":"_9YEkU5glEDi-7b0mx2HT9Q","sourceId":"_y0bmcJglEDi-7b0mx2HT9Q","targetId":"_EIM7sZgjEDi-7b0mx2HT9Q","type":"Assignment"},{"id":"_GTp_QZgmEDi-7b0mx2HT9Q","sourceId":"_wHAW4JglEDi-7b0mx2HT9Q","targetId":"_gUvfYJgiEDi-7b0mx2HT9Q","type":"Assignment"},{"id":"_dSRQEZgmEDi-7b0mx2HT9Q","sourceId":"_xEI_cZgjEDi-7b0mx2HT9Q","targetId":"_TZEoQZgkEDi-7b0mx2HT9Q","type":"Assignment"},{"id":"_g2Mp0JgmEDi-7b0mx2HT9Q","sourceId":"_Qw07AJghEDi-7b0mx2HT9Q","targetId":"_wHAW4JglEDi-7b0mx2HT9Q","type":"Assignment"},{"id":"_2MXWIJgmEDi-7b0mx2HT9Q","sourceId":"_0D_7cZgmEDi-7b0mx2HT9Q","targetId":"_gUvfYJgiEDi-7b0mx2HT9Q","type":"Assignment"},{"id":"_3mOsEpgmEDi-7b0mx2HT9Q","sourceId":"_MCrpgJgkEDi-7b0mx2HT9Q","targetId":"_0D_7cZgmEDi-7b0mx2HT9Q","type":"Assignment"},{"id":"_9gAi4ZgmEDi-7b0mx2HT9Q","sourceId":"_gEHe4ZghEDi-7b0mx2HT9Q","targetId":"_0D_7cZgmEDi-7b0mx2HT9Q","type":"Assignment"},{"id":"_UVd3spgnEDi-7b0mx2HT9Q","sourceId":"_2IpbIZgjEDi-7b0mx2HT9Q","targetId":"_I_sSQZgnEDi-7b0mx2HT9Q","type":"Assignment"},{"id":"_YO9Rw5gnEDi-7b0mx2HT9Q","sourceId":"_9w17kJgjEDi-7b0mx2HT9Q","targetId":"_I_sSQZgnEDi-7b0mx2HT9Q","type":"Assignment"},{"id":"_gmI_I5gnEDi-7b0mx2HT9Q","sourceId":"_eNwygZgnEDi-7b0mx2HT9Q","targetId":"_eqQMIZglEDi-7b0mx2HT9Q","type":"Assignment"},{"id":"_m4VV8JgnEDi-7b0mx2HT9Q","sourceId":"_hTYfoZgnEDi-7b0mx2HT9Q","targetId":"_lbQl4ZglEDi-7b0mx2HT9Q","type":"Assignment"},{"id":"_rdxQA5gnEDi-7b0mx2HT9Q","sourceId":"_oa0cYZgnEDi-7b0mx2HT9Q","targetId":"_y0bmcJglEDi-7b0mx2HT9Q","type":"Assignment"},{"id":"_NeImsZjbEDi-7b0mx2HT9Q","sourceId":"_I_sSQZgnEDi-7b0mx2HT9Q","targetId":"_vflR4ZgiEDi-7b0mx2HT9Q","type":"Assignment"},{"id":"_P_96MJjvEDiL0qm7ZD90Cw","sourceId":"_NIlS0ZjuEDiL0qm7ZD90Cw","targetId":"_HAzm0ZjvEDiL0qm7ZD90Cw","type":"Association"},{"id":"_azcq45jvEDiL0qm7ZD90Cw","sourceId":"_NIlS0ZjuEDiL0qm7ZD90Cw","targetId":"_gUvfYJgiEDi-7b0mx2HT9Q","type":"Association"},{"id":"_wlVNYZjwEDiL0qm7ZD90Cw","sourceId":"_mA3JEJjwEDiL0qm7ZD90Cw","targetId":"_vflR4ZgiEDi-7b0mx2HT9Q","type":"Association"},{"id":"_9-TZoJjwEDiL0qm7ZD90Cw","sourceId":"_HAzm0ZjvEDiL0qm7ZD90Cw","targetId":"_QmNQQZjuEDiL0qm7ZD90Cw","type":"Association"},{"id":"_ZWAxoZjxEDiL0qm7ZD90Cw","sourceId":"_IJURkJjwEDiL0qm7ZD90Cw","targetId":"_U0ypMJjxEDiL0qm7ZD90Cw","type":"Association"},{"id":"_aihoEpjxEDiL0qm7ZD90Cw","sourceId":"_U0ypMJjxEDiL0qm7ZD90Cw","targetId":"_I_sSQZgnEDi-7b0mx2HT9Q","type":"Association"},{"id":"_nwSp4ZjxEDiL0qm7ZD90Cw","sourceId":"_mA3JEJjwEDiL0qm7ZD90Cw","targetId":"_jHcPcZjxEDiL0qm7ZD90Cw","type":"Association"},{"id":"_rn_7Q5jxEDiL0qm7ZD90Cw","sourceId":"_HAzm0ZjvEDiL0qm7ZD90Cw","targetId":"_jHcPcZjxEDiL0qm7ZD90Cw","type":"Association"},{"id":"_s8Y7UJjxEDiL0qm7ZD90Cw","sourceId":"_jHcPcZjxEDiL0qm7ZD90Cw","targetId":"_--blgZgiEDi-7b0mx2HT9Q","type":"Association"},{"id":"_tnGFMpjxEDiL0qm7ZD90Cw","sourceId":"_jHcPcZjxEDiL0qm7ZD90Cw","targetId":"_vflR4ZgiEDi-7b0mx2HT9Q","type":"Association"},{"id":"_uXdyM5jxEDiL0qm7ZD90Cw","sourceId":"_jHcPcZjxEDiL0qm7ZD90Cw","targetId":"_EIM7sZgjEDi-7b0mx2HT9Q","type":"Association"},{"id":"_6Ea6MZlBEDiL0qm7ZD90Cw","sourceId":"_ErJMcZjuEDiL0qm7ZD90Cw","targetId":"_2drdAJlBEDiL0qm7ZD90Cw","type":"Association"},{"id":"_6uS9oZlBEDiL0qm7ZD90Cw","sourceId":"_2drdAJlBEDiL0qm7ZD90Cw","targetId":"_A0g5IZjuEDiL0qm7ZD90Cw","type":"Association"},{"id":"_ILvaMZlCEDi7wfKwXHHVTw","sourceId":"_2drdAJlBEDiL0qm7ZD90Cw","targetId":"_mA3JEJjwEDiL0qm7ZD90Cw","type":"Influence"},{"id":"_M3k3MJlCEDi7wfKwXHHVTw","sourceId":"_ErJMcZjuEDiL0qm7ZD90Cw","targetId":"_KpCjEZlCEDi7wfKwXHHVTw","type":"Association"},{"id":"_N4kaIJlCEDi7wfKwXHHVTw","sourceId":"_KpCjEZlCEDi7wfKwXHHVTw","targetId":"_IG8k8JjuEDiL0qm7ZD90Cw","type":"Association"},{"id":"_P7GSk5lCEDi7wfKwXHHVTw","sourceId":"_KpCjEZlCEDi7wfKwXHHVTw","targetId":"_HAzm0ZjvEDiL0qm7ZD90Cw","type":"Influence"},{"id":"_ZlJ9EJlCEDi7wfKwXHHVTw","sourceId":"_T1o1gZlCEDi7wfKwXHHVTw","targetId":"_IG8k8JjuEDiL0qm7ZD90Cw","type":"Association"},{"id":"_amwkA5lCEDi7wfKwXHHVTw","sourceId":"_T1o1gZlCEDi7wfKwXHHVTw","targetId":"_HAzm0ZjvEDiL0qm7ZD90Cw","type":"Influence"},{"id":"_sgoIkplCEDi7wfKwXHHVTw","sourceId":"_A0g5IZjuEDiL0qm7ZD90Cw","targetId":"_lzSt4JlCEDi7wfKwXHHVTw","type":"Association"},{"id":"_tTcFkZlCEDi7wfKwXHHVTw","sourceId":"_lzSt4JlCEDi7wfKwXHHVTw","targetId":"_IJURkJjwEDiL0qm7ZD90Cw","type":"Influence"}],"views":[{"id":"_ytSNA7XvEeqEM7mFKilpXw","name":"Buisness and Motivation Viewpoint","viewpoint":""}]}