<?xml version="1.0" encoding="UTF-8"?><model xmlns="http://www.opengroup.org/xsd/archimate/3.0/" xmlns:xsi="http://www.w3.org/2001/XMLSchema-instance" identifier="_ytSNALXvEeqEM7mFKilpXw">  <name xml:lang="en">Gr. 8 Tourismus FK</name>  <elements>    <element xsi:type="BusinessActor" identifier="_Qw07AJghEDi-7b0mx2HT9Q">      <name xml:lang="en">Abteilung für Geo Fencing/ Ortung </name>      <documentation/>    </element>    <element xsi:type="BusinessActor" identifier="_gEHe4ZghEDi-7b0mx2HT9Q">      <name xml:lang="en">Mobilitätsdatenverantwortlicher</name>      <documentation/>    </element>    <element xsi:type="BusinessActor" identifier="_xEI_cZgjEDi-7b0mx2HT9Q">      <name xml:lang="en">Informationsservieprovider</name>      <documentation/>    </element>    <element xsi:type="BusinessActor" identifier="_2IpbIZgjEDi-7b0mx2HT9Q">      <name xml:lang="en">Hotel/ Gastro Dienstleiter</name>      <documentation/>    </element>    <element xsi:type="BusinessActor" identifier="_9w17kJgjEDi-7b0mx2HT9Q">      <name xml:lang="en">Tourismusdatenverantwortlicher</name>      <documentation/>    </element>    <element xsi:type="BusinessActor" identifier="_MCrpgJgkEDi-7b0mx2HT9Q">      <name xml:lang="en">Mobilitäsdienstelister</name>      <documentation/>    </element>    <element xsi:type="Product" identifier="__OtSoJghEDi-7b0mx2HT9Q">      <name xml:lang="en">Individuelle Touristeninformationen</name>      <documentation/>    </element>    <element xsi:type="BusinessService" identifier="_gUvfYJgiEDi-7b0mx2HT9Q">      <name xml:lang="en">Intermodale Auskunft</name>      <documentation/>    </element>    <element xsi:type="BusinessService" identifier="_oNAcIZgiEDi-7b0mx2HT9Q">      <name xml:lang="en">Kunden und Vertragsverwaltung</name>      <documentation/>    </element>    <element xsi:type="BusinessService" identifier="_vflR4ZgiEDi-7b0mx2HT9Q">      <name xml:lang="en">Datenintegrator</name>      <documentation/>    </element>    <element xsi:type="BusinessService" identifier="_--blgZgiEDi-7b0mx2HT9Q">      <name xml:lang="en">Kundenlokalisierung</name>      <documentation/>    </element>    <element xsi:type="BusinessService" identifier="_EIM7sZgjEDi-7b0mx2HT9Q">      <name xml:lang="en">Sprachverwaltung</name>      <documentation/>    </element>    <element xsi:type="BusinessRole" identifier="_TZEoQZgkEDi-7b0mx2HT9Q">      <name xml:lang="en">Datenbankpflege</name>      <documentation/>    </element>    <element xsi:type="BusinessRole" identifier="_eqQMIZglEDi-7b0mx2HT9Q">      <name xml:lang="en">Kundenservice</name>      <documentation/>    </element>    <element xsi:type="BusinessRole" identifier="_lbQl4ZglEDi-7b0mx2HT9Q">      <name xml:lang="en">Rechtliche regelungen</name>      <documentation/>    </element>    <element xsi:type="BusinessRole" identifier="_wHAW4JglEDi-7b0mx2HT9Q">      <name xml:lang="en">Geo Lokalisierung</name>      <documentation/>    </element>    <element xsi:type="BusinessRole" identifier="_y0bmcJglEDi-7b0mx2HT9Q">      <name xml:lang="en">Fremdsprachendatenbank</name>      <documentation/>    </element>    <element xsi:type="BusinessRole" identifier="_0D_7cZgmEDi-7b0mx2HT9Q">      <name xml:lang="en">Routeninformationen</name>      <documentation/>    </element>    <element xsi:type="BusinessRole" identifier="_I_sSQZgnEDi-7b0mx2HT9Q">      <name xml:lang="en">Datenbereitstellung</name>      <documentation/>    </element>    <element xsi:type="BusinessActor" identifier="_eNwygZgnEDi-7b0mx2HT9Q">      <name xml:lang="en">Kundenabteilung</name>      <documentation/>    </element>    <element xsi:type="BusinessActor" identifier="_hTYfoZgnEDi-7b0mx2HT9Q">      <name xml:lang="en">Rechtsabteilung</name>      <documentation/>    </element>    <element xsi:type="BusinessActor" identifier="_oa0cYZgnEDi-7b0mx2HT9Q">      <name xml:lang="en">Sprachdienstleister</name>      <documentation/>    </element>    <element xsi:type="Stakeholder" identifier="_A0g5IZjuEDiL0qm7ZD90Cw">      <name xml:lang="en">Hotel und Gasto-Verband</name>      <documentation/>    </element>    <element xsi:type="Stakeholder" identifier="_ErJMcZjuEDiL0qm7ZD90Cw">      <name xml:lang="en">Stadt Potsdam /Land Brandenburg</name>      <documentation/>    </element>    <element xsi:type="Stakeholder" identifier="_IG8k8JjuEDiL0qm7ZD90Cw">      <name xml:lang="en">Mobilitätsunternehmen</name>      <documentation/>    </element>    <element xsi:type="Goal" identifier="_NIlS0ZjuEDiL0qm7ZD90Cw">      <name xml:lang="en">Einfache Mobilitätsmöglichkeiten für Touristen</name>      <documentation/>    </element>    <element xsi:type="Goal" identifier="_QmNQQZjuEDiL0qm7ZD90Cw">      <name xml:lang="en">Touristen mit Verkehrsmitteln befördern</name>      <documentation/>    </element>    <element xsi:type="Value" identifier="_HAzm0ZjvEDiL0qm7ZD90Cw">      <name xml:lang="en">Intermodale Mobilitätsinformationen</name>      <documentation/>    </element>    <element xsi:type="Value" identifier="_IJURkJjwEDiL0qm7ZD90Cw">      <name xml:lang="en">Hotel und Gastrodatenbank</name>      <documentation/>    </element>    <element xsi:type="Value" identifier="_mA3JEJjwEDiL0qm7ZD90Cw">      <name xml:lang="en">Gute Touristeninformationen</name>      <documentation/>    </element>    <element xsi:type="Goal" identifier="_U0ypMJjxEDiL0qm7ZD90Cw">      <name xml:lang="en">Einfacher Zugang zu Gastro/Hotel Informationen</name>      <documentation/>    </element>    <element xsi:type="Goal" identifier="_jHcPcZjxEDiL0qm7ZD90Cw">      <name xml:lang="en">Einfach zugängliche individuelle Informationen</name>      <documentation/>    </element>    <element xsi:type="Driver" identifier="_2drdAJlBEDiL0qm7ZD90Cw">      <name xml:lang="en">Tourismus Infrastruktur schwach</name>      <documentation/>    </element>    <element xsi:type="Driver" identifier="_KpCjEZlCEDi7wfKwXHHVTw">      <name xml:lang="en">MIV Anteil hoch</name>      <documentation/>    </element>    <element xsi:type="Driver" identifier="_T1o1gZlCEDi7wfKwXHHVTw">      <name xml:lang="en">Schwacher Marktanteil</name>      <documentation/>    </element>    <element xsi:type="Driver" identifier="_lzSt4JlCEDi7wfKwXHHVTw">      <name xml:lang="en">Unzureichende Bekanntheit</name>      <documentation/>    </element>  </elements>  <relationships>    <relationship xsi:type="Composition" identifier="_bCDBQJgjEDi-7b0mx2HT9Q" source="__OtSoJghEDi-7b0mx2HT9Q" target="_gUvfYJgiEDi-7b0mx2HT9Q">      <name xml:lang="en"/>      <documentation/>    </relationship>    <relationship xsi:type="Composition" identifier="_cePScJgjEDi-7b0mx2HT9Q" source="__OtSoJghEDi-7b0mx2HT9Q" target="_oNAcIZgiEDi-7b0mx2HT9Q">      <name xml:lang="en"/>      <documentation/>    </relationship>    <relationship xsi:type="Composition" identifier="_dtUUspgjEDi-7b0mx2HT9Q" source="__OtSoJghEDi-7b0mx2HT9Q" target="_vflR4ZgiEDi-7b0mx2HT9Q">      <name xml:lang="en"/>      <documentation/>    </relationship>    <relationship xsi:type="Composition" identifier="_eq-Pw5gjEDi-7b0mx2HT9Q" source="__OtSoJghEDi-7b0mx2HT9Q" target="_--blgZgiEDi-7b0mx2HT9Q">      <name xml:lang="en"/>      <documentation/>    </relationship>    <relationship xsi:type="Aggregation" identifier="_fly5QpgjEDi-7b0mx2HT9Q" source="__OtSoJghEDi-7b0mx2HT9Q" target="_EIM7sZgjEDi-7b0mx2HT9Q">      <name xml:lang="en"/>      <documentation/>    </relationship>    <relationship xsi:type="Assignment" identifier="_2bfMsJglEDi-7b0mx2HT9Q" source="_eqQMIZglEDi-7b0mx2HT9Q" target="_oNAcIZgiEDi-7b0mx2HT9Q">      <name xml:lang="en"/>      <documentation/>    </relationship>    <relationship xsi:type="Assignment" identifier="_5VW80JglEDi-7b0mx2HT9Q" source="_lbQl4ZglEDi-7b0mx2HT9Q" target="_oNAcIZgiEDi-7b0mx2HT9Q">      <name xml:lang="en"/>      <documentation/>    </relationship>    <relationship xsi:type="Assignment" identifier="_6NNK0JglEDi-7b0mx2HT9Q" source="_TZEoQZgkEDi-7b0mx2HT9Q" target="_vflR4ZgiEDi-7b0mx2HT9Q">      <name xml:lang="en"/>      <documentation/>    </relationship>    <relationship xsi:type="Assignment" identifier="_8kB4Q5glEDi-7b0mx2HT9Q" source="_wHAW4JglEDi-7b0mx2HT9Q" target="_--blgZgiEDi-7b0mx2HT9Q">      <name xml:lang="en"/>      <documentation/>    </relationship>    <relationship xsi:type="Assignment" identifier="_9YEkU5glEDi-7b0mx2HT9Q" source="_y0bmcJglEDi-7b0mx2HT9Q" target="_EIM7sZgjEDi-7b0mx2HT9Q">      <name xml:lang="en"/>      <documentation/>    </relationship>    <relationship xsi:type="Assignment" identifier="_GTp_QZgmEDi-7b0mx2HT9Q" source="_wHAW4JglEDi-7b0mx2HT9Q" target="_gUvfYJgiEDi-7b0mx2HT9Q">      <name xml:lang="en"/>      <documentation/>    </relationship>    <relationship xsi:type="Assignment" identifier="_dSRQEZgmEDi-7b0mx2HT9Q" source="_xEI_cZgjEDi-7b0mx2HT9Q" target="_TZEoQZgkEDi-7b0mx2HT9Q">      <name xml:lang="en"/>      <documentation/>    </relationship>    <relationship xsi:type="Assignment" identifier="_g2Mp0JgmEDi-7b0mx2HT9Q" source="_Qw07AJghEDi-7b0mx2HT9Q" target="_wHAW4JglEDi-7b0mx2HT9Q">      <name xml:lang="en"/>      <documentation/>    </relationship>    <relationship xsi:type="Assignment" identifier="_2MXWIJgmEDi-7b0mx2HT9Q" source="_0D_7cZgmEDi-7b0mx2HT9Q" target="_gUvfYJgiEDi-7b0mx2HT9Q">      <name xml:lang="en"/>      <documentation/>    </relationship>    <relationship xsi:type="Assignment" identifier="_3mOsEpgmEDi-7b0mx2HT9Q" source="_MCrpgJgkEDi-7b0mx2HT9Q" target="_0D_7cZgmEDi-7b0mx2HT9Q">      <name xml:lang="en"/>      <documentation/>    </relationship>    <relationship xsi:type="Assignment" identifier="_9gAi4ZgmEDi-7b0mx2HT9Q" source="_gEHe4ZghEDi-7b0mx2HT9Q" target="_0D_7cZgmEDi-7b0mx2HT9Q">      <name xml:lang="en"/>      <documentation/>    </relationship>    <relationship xsi:type="Assignment" identifier="_UVd3spgnEDi-7b0mx2HT9Q" source="_2IpbIZgjEDi-7b0mx2HT9Q" target="_I_sSQZgnEDi-7b0mx2HT9Q">      <name xml:lang="en"/>      <documentation/>    </relationship>    <relationship xsi:type="Assignment" identifier="_YO9Rw5gnEDi-7b0mx2HT9Q" source="_9w17kJgjEDi-7b0mx2HT9Q" target="_I_sSQZgnEDi-7b0mx2HT9Q">      <name xml:lang="en"/>      <documentation/>    </relationship>    <relationship xsi:type="Assignment" identifier="_gmI_I5gnEDi-7b0mx2HT9Q" source="_eNwygZgnEDi-7b0mx2HT9Q" target="_eqQMIZglEDi-7b0mx2HT9Q">      <name xml:lang="en"/>      <documentation/>    </relationship>    <relationship xsi:type="Assignment" identifier="_m4VV8JgnEDi-7b0mx2HT9Q" source="_hTYfoZgnEDi-7b0mx2HT9Q" target="_lbQl4ZglEDi-7b0mx2HT9Q">      <name xml:lang="en"/>      <documentation/>    </relationship>    <relationship xsi:type="Assignment" identifier="_rdxQA5gnEDi-7b0mx2HT9Q" source="_oa0cYZgnEDi-7b0mx2HT9Q" target="_y0bmcJglEDi-7b0mx2HT9Q">      <name xml:lang="en"/>      <documentation/>    </relationship>    <relationship xsi:type="Assignment" identifier="_NeImsZjbEDi-7b0mx2HT9Q" source="_I_sSQZgnEDi-7b0mx2HT9Q" target="_vflR4ZgiEDi-7b0mx2HT9Q">      <name xml:lang="en"/>      <documentation/>    </relationship>    <relationship xsi:type="Association" identifier="_P_96MJjvEDiL0qm7ZD90Cw" source="_NIlS0ZjuEDiL0qm7ZD90Cw" target="_HAzm0ZjvEDiL0qm7ZD90Cw">      <name xml:lang="en"/>      <documentation/>    </relationship>    <relationship xsi:type="Association" identifier="_azcq45jvEDiL0qm7ZD90Cw" source="_NIlS0ZjuEDiL0qm7ZD90Cw" target="_gUvfYJgiEDi-7b0mx2HT9Q">      <name xml:lang="en"/>      <documentation/>    </relationship>    <relationship xsi:type="Association" identifier="_wlVNYZjwEDiL0qm7ZD90Cw" source="_mA3JEJjwEDiL0qm7ZD90Cw" target="_vflR4ZgiEDi-7b0mx2HT9Q">      <name xml:lang="en"/>      <documentation/>    </relationship>    <relationship xsi:type="Association" identifier="_9-TZoJjwEDiL0qm7ZD90Cw" source="_HAzm0ZjvEDiL0qm7ZD90Cw" target="_QmNQQZjuEDiL0qm7ZD90Cw">      <name xml:lang="en"/>      <documentation/>    </relationship>    <relationship xsi:type="Association" identifier="_ZWAxoZjxEDiL0qm7ZD90Cw" source="_IJURkJjwEDiL0qm7ZD90Cw" target="_U0ypMJjxEDiL0qm7ZD90Cw">      <name xml:lang="en"/>      <documentation/>    </relationship>    <relationship xsi:type="Association" identifier="_aihoEpjxEDiL0qm7ZD90Cw" source="_U0ypMJjxEDiL0qm7ZD90Cw" target="_I_sSQZgnEDi-7b0mx2HT9Q">      <name xml:lang="en"/>      <documentation/>    </relationship>    <relationship xsi:type="Association" identifier="_nwSp4ZjxEDiL0qm7ZD90Cw" source="_mA3JEJjwEDiL0qm7ZD90Cw" target="_jHcPcZjxEDiL0qm7ZD90Cw">      <name xml:lang="en"/>      <documentation/>    </relationship>    <relationship xsi:type="Association" identifier="_rn_7Q5jxEDiL0qm7ZD90Cw" source="_HAzm0ZjvEDiL0qm7ZD90Cw" target="_jHcPcZjxEDiL0qm7ZD90Cw">      <name xml:lang="en"/>      <documentation/>    </relationship>    <relationship xsi:type="Association" identifier="_s8Y7UJjxEDiL0qm7ZD90Cw" source="_jHcPcZjxEDiL0qm7ZD90Cw" target="_--blgZgiEDi-7b0mx2HT9Q">      <name xml:lang="en"/>      <documentation/>    </relationship>    <relationship xsi:type="Association" identifier="_tnGFMpjxEDiL0qm7ZD90Cw" source="_jHcPcZjxEDiL0qm7ZD90Cw" target="_vflR4ZgiEDi-7b0mx2HT9Q">      <name xml:lang="en"/>      <documentation/>    </relationship>    <relationship xsi:type="Association" identifier="_uXdyM5jxEDiL0qm7ZD90Cw" source="_jHcPcZjxEDiL0qm7ZD90Cw" target="_EIM7sZgjEDi-7b0mx2HT9Q">      <name xml:lang="en"/>      <documentation/>    </relationship>    <relationship xsi:type="Association" identifier="_6Ea6MZlBEDiL0qm7ZD90Cw" source="_ErJMcZjuEDiL0qm7ZD90Cw" target="_2drdAJlBEDiL0qm7ZD90Cw">      <name xml:lang="en"/>      <documentation/>    </relationship>    <relationship xsi:type="Association" identifier="_6uS9oZlBEDiL0qm7ZD90Cw" source="_2drdAJlBEDiL0qm7ZD90Cw" target="_A0g5IZjuEDiL0qm7ZD90Cw">      <name xml:lang="en"/>      <documentation/>    </relationship>    <relationship xsi:type="Influence" identifier="_ILvaMZlCEDi7wfKwXHHVTw" source="_2drdAJlBEDiL0qm7ZD90Cw" target="_mA3JEJjwEDiL0qm7ZD90Cw">      <name xml:lang="en"/>      <documentation/>    </relationship>    <relationship xsi:type="Association" identifier="_M3k3MJlCEDi7wfKwXHHVTw" source="_ErJMcZjuEDiL0qm7ZD90Cw" target="_KpCjEZlCEDi7wfKwXHHVTw">      <name xml:lang="en"/>      <documentation/>    </relationship>    <relationship xsi:type="Association" identifier="_N4kaIJlCEDi7wfKwXHHVTw" source="_KpCjEZlCEDi7wfKwXHHVTw" target="_IG8k8JjuEDiL0qm7ZD90Cw">      <name xml:lang="en"/>      <documentation/>    </relationship>    <relationship xsi:type="Influence" identifier="_P7GSk5lCEDi7wfKwXHHVTw" source="_KpCjEZlCEDi7wfKwXHHVTw" target="_HAzm0ZjvEDiL0qm7ZD90Cw">      <name xml:lang="en"/>      <documentation/>    </relationship>    <relationship xsi:type="Association" identifier="_ZlJ9EJlCEDi7wfKwXHHVTw" source="_T1o1gZlCEDi7wfKwXHHVTw" target="_IG8k8JjuEDiL0qm7ZD90Cw">      <name xml:lang="en"/>      <documentation/>    </relationship>    <relationship xsi:type="Influence" identifier="_amwkA5lCEDi7wfKwXHHVTw" source="_T1o1gZlCEDi7wfKwXHHVTw" target="_HAzm0ZjvEDiL0qm7ZD90Cw">      <name xml:lang="en"/>      <documentation/>    </relationship>    <relationship xsi:type="Association" identifier="_sgoIkplCEDi7wfKwXHHVTw" source="_A0g5IZjuEDiL0qm7ZD90Cw" target="_lzSt4JlCEDi7wfKwXHHVTw">      <name xml:lang="en"/>      <documentation/>    </relationship>    <relationship xsi:type="Influence" identifier="_tTcFkZlCEDi7wfKwXHHVTw" source="_lzSt4JlCEDi7wfKwXHHVTw" target="_IJURkJjwEDiL0qm7ZD90Cw">      <name xml:lang="en"/>      <documentation/>    </relationship>  </relationships>  <views>    <diagrams>      <view identifier="_ytSNA7XvEeqEM7mFKilpXw">        <name xml:lang="en">Buisness and Motivation Viewpoint</name>        <node xsi:type="Element" identifier="_Qw4lYJghEDi-7b0mx2HT9Q" h="77" w="160" x="493" y="728" elementRef="_Qw07AJghEDi-7b0mx2HT9Q"/>        <node xsi:type="Element" identifier="_gEItAJghEDi-7b0mx2HT9Q" h="85" w="307" x="384" y="840" elementRef="_gEHe4ZghEDi-7b0mx2HT9Q"/>        <node xsi:type="Element" identifier="_xELbsJgjEDi-7b0mx2HT9Q" h="50" w="160" x="670" y="742" elementRef="_xEI_cZgjEDi-7b0mx2HT9Q"/>        <node xsi:type="Element" identifier="_2Ir3YJgjEDi-7b0mx2HT9Q" h="60" w="130" x="817" y="929" elementRef="_2IpbIZgjEDi-7b0mx2HT9Q"/>        <node xsi:type="Element" identifier="_9w3wwZgjEDi-7b0mx2HT9Q" h="60" w="190" x="771" y="853" elementRef="_9w17kJgjEDi-7b0mx2HT9Q"/>        <node xsi:type="Element" identifier="_MCs3o5gkEDi-7b0mx2HT9Q" h="60" w="130" x="352" y="736" elementRef="_MCrpgJgkEDi-7b0mx2HT9Q"/>        <node xsi:type="Element" identifier="__Ot5sZghEDi-7b0mx2HT9Q" h="60" w="720" x="508" y="348" elementRef="__OtSoJghEDi-7b0mx2HT9Q"/>        <node xsi:type="Element" identifier="_gUwtgJgiEDi-7b0mx2HT9Q" h="60" w="100" x="508" y="488" elementRef="_gUvfYJgiEDi-7b0mx2HT9Q"/>        <node xsi:type="Element" identifier="_oNBqQJgiEDi-7b0mx2HT9Q" h="50" w="120" x="943" y="494" elementRef="_oNAcIZgiEDi-7b0mx2HT9Q"/>        <node xsi:type="Element" identifier="_vfl49ZgiEDi-7b0mx2HT9Q" h="60" w="130" x="771" y="488" elementRef="_vflR4ZgiEDi-7b0mx2HT9Q"/>        <node xsi:type="Element" identifier="_--czoJgiEDi-7b0mx2HT9Q" h="60" w="130" x="618" y="488" elementRef="_--blgZgiEDi-7b0mx2HT9Q"/>        <node xsi:type="Element" identifier="_EIOJ0JgjEDi-7b0mx2HT9Q" h="60" w="130" x="1089" y="488" elementRef="_EIM7sZgjEDi-7b0mx2HT9Q"/>        <node xsi:type="Element" identifier="_TZGdc5gkEDi-7b0mx2HT9Q" h="60" w="130" x="618" y="609" elementRef="_TZEoQZgkEDi-7b0mx2HT9Q"/>        <node xsi:type="Element" identifier="_eqSBVZglEDi-7b0mx2HT9Q" h="60" w="130" x="886" y="609" elementRef="_eqQMIZglEDi-7b0mx2HT9Q"/>        <node xsi:type="Element" identifier="_lbR0BpglEDi-7b0mx2HT9Q" h="60" w="130" x="1034" y="609" elementRef="_lbQl4ZglEDi-7b0mx2HT9Q"/>        <node xsi:type="Element" identifier="_wHGdgJglEDi-7b0mx2HT9Q" h="60" w="130" x="493" y="609" elementRef="_wHAW4JglEDi-7b0mx2HT9Q"/>        <node xsi:type="Element" identifier="_y0sFIZglEDi-7b0mx2HT9Q" h="60" w="170" x="1194" y="609" elementRef="_y0bmcJglEDi-7b0mx2HT9Q"/>        <node xsi:type="Element" identifier="_0ERoQ5gmEDi-7b0mx2HT9Q" h="60" w="130" x="352" y="609" elementRef="_0D_7cZgmEDi-7b0mx2HT9Q"/>        <node xsi:type="Element" identifier="_I_8w8ZgnEDi-7b0mx2HT9Q" h="60" w="120" x="776" y="609" elementRef="_I_sSQZgnEDi-7b0mx2HT9Q"/>        <node xsi:type="Element" identifier="_eOAqIJgnEDi-7b0mx2HT9Q" h="60" w="130" x="962" y="742" elementRef="_eNwygZgnEDi-7b0mx2HT9Q"/>        <node xsi:type="Element" identifier="_hTdYJJgnEDi-7b0mx2HT9Q" h="60" w="110" x="1110" y="742" elementRef="_hTYfoZgnEDi-7b0mx2HT9Q"/>        <node xsi:type="Element" identifier="_oa5785gnEDi-7b0mx2HT9Q" h="60" w="130" x="1299" y="742" elementRef="_oa0cYZgnEDi-7b0mx2HT9Q"/>        <node xsi:type="Element" identifier="_A07v4JjuEDiL0qm7ZD90Cw" h="60" w="130" x="739" y="7" elementRef="_A0g5IZjuEDiL0qm7ZD90Cw"/>        <node xsi:type="Element" identifier="_ErQhMZjuEDiL0qm7ZD90Cw" h="60" w="130" x="186" y="7" elementRef="_ErJMcZjuEDiL0qm7ZD90Cw"/>        <node xsi:type="Element" identifier="_IHGV8JjuEDiL0qm7ZD90Cw" h="60" w="160" x="1272" y="7" elementRef="_IG8k8JjuEDiL0qm7ZD90Cw"/>        <node xsi:type="Element" identifier="_NI4NwJjuEDiL0qm7ZD90Cw" h="60" w="150" x="176" y="540" elementRef="_NIlS0ZjuEDiL0qm7ZD90Cw"/>        <node xsi:type="Element" identifier="_QmVMEJjuEDiL0qm7ZD90Cw" h="60" w="130" x="40" y="473" elementRef="_QmNQQZjuEDiL0qm7ZD90Cw"/>        <node xsi:type="Element" identifier="_HBGhwJjvEDiL0qm7ZD90Cw" h="70" w="150" x="352" y="279" elementRef="_HAzm0ZjvEDiL0qm7ZD90Cw"/>        <node xsi:type="Element" identifier="_IJbmVZjwEDiL0qm7ZD90Cw" h="60" w="130" x="739" y="201" elementRef="_IJURkJjwEDiL0qm7ZD90Cw"/>        <node xsi:type="Element" identifier="_mBNuY5jwEDiL0qm7ZD90Cw" h="60" w="130" x="68" y="256" elementRef="_mA3JEJjwEDiL0qm7ZD90Cw"/>        <node xsi:type="Element" identifier="_U1LDsJjxEDiL0qm7ZD90Cw" h="60" w="130" x="604" y="267" elementRef="_U0ypMJjxEDiL0qm7ZD90Cw"/>        <node xsi:type="Element" identifier="_jHvKYpjxEDiL0qm7ZD90Cw" h="60" w="130" x="68" y="377" elementRef="_jHcPcZjxEDiL0qm7ZD90Cw"/>        <node xsi:type="Element" identifier="_2d_mEJlBEDiL0qm7ZD90Cw" h="60" w="130" x="236" y="173" elementRef="_2drdAJlBEDiL0qm7ZD90Cw"/>        <node xsi:type="Element" identifier="_KpIpvZlCEDi7wfKwXHHVTw" h="60" w="130" x="583" y="86" elementRef="_KpCjEZlCEDi7wfKwXHHVTw"/>        <node xsi:type="Element" identifier="_T1xYYJlCEDi7wfKwXHHVTw" h="60" w="130" x="760" y="127" elementRef="_T1o1gZlCEDi7wfKwXHHVTw"/>        <node xsi:type="Element" identifier="_lzm29plCEDi7wfKwXHHVTw" h="60" w="130" x="960" y="260" elementRef="_lzSt4JlCEDi7wfKwXHHVTw"/>        <connection xsi:type="Relationship" identifier="_bCHSspgjEDi-7b0mx2HT9Q" source="__Ot5sZghEDi-7b0mx2HT9Q" target="_gUwtgJgiEDi-7b0mx2HT9Q" relationshipRef="_bCDBQJgjEDi-7b0mx2HT9Q">          <bendpoint x="558" y="448"/>          <bendpoint x="558" y="448"/>        </connection>        <connection xsi:type="Relationship" identifier="_ceSVwJgjEDi-7b0mx2HT9Q" source="__Ot5sZghEDi-7b0mx2HT9Q" target="_oNBqQJgiEDi-7b0mx2HT9Q" relationshipRef="_cePScJgjEDi-7b0mx2HT9Q">          <bendpoint x="1003" y="451"/>          <bendpoint x="1003" y="451"/>        </connection>        <connection xsi:type="Relationship" identifier="_dtWJ5ZgjEDi-7b0mx2HT9Q" source="__Ot5sZghEDi-7b0mx2HT9Q" target="_vfl49ZgiEDi-7b0mx2HT9Q" relationshipRef="_dtUUspgjEDi-7b0mx2HT9Q">          <bendpoint x="836" y="448"/>          <bendpoint x="836" y="448"/>        </connection>        <connection xsi:type="Relationship" identifier="_erAsAZgjEDi-7b0mx2HT9Q" source="__Ot5sZghEDi-7b0mx2HT9Q" target="_--czoJgiEDi-7b0mx2HT9Q" relationshipRef="_eq-Pw5gjEDi-7b0mx2HT9Q">          <bendpoint x="683" y="448"/>          <bendpoint x="683" y="448"/>        </connection>        <connection xsi:type="Relationship" identifier="_fl0ucJgjEDi-7b0mx2HT9Q" source="__Ot5sZghEDi-7b0mx2HT9Q" target="_EIOJ0JgjEDi-7b0mx2HT9Q" relationshipRef="_fly5QpgjEDi-7b0mx2HT9Q">          <bendpoint x="1154" y="448"/>          <bendpoint x="1154" y="448"/>        </connection>        <connection xsi:type="Relationship" identifier="_2bt2M5glEDi-7b0mx2HT9Q" source="_eqSBVZglEDi-7b0mx2HT9Q" target="_oNBqQJgiEDi-7b0mx2HT9Q" relationshipRef="_2bfMsJglEDi-7b0mx2HT9Q">          <bendpoint x="979" y="576"/>          <bendpoint x="979" y="577"/>        </connection>        <connection xsi:type="Relationship" identifier="_5VoCkZglEDi-7b0mx2HT9Q" source="_lbR0BpglEDi-7b0mx2HT9Q" target="_oNBqQJgiEDi-7b0mx2HT9Q" relationshipRef="_5VW80JglEDi-7b0mx2HT9Q">          <bendpoint x="1048" y="576"/>          <bendpoint x="1048" y="577"/>        </connection>        <connection xsi:type="Relationship" identifier="_6NdCcZglEDi-7b0mx2HT9Q" source="_TZGdc5gkEDi-7b0mx2HT9Q" target="_vfl49ZgiEDi-7b0mx2HT9Q" relationshipRef="_6NNK0JglEDi-7b0mx2HT9Q">          <bendpoint x="759" y="639"/>          <bendpoint x="760" y="533"/>        </connection>        <connection xsi:type="Relationship" identifier="_8kGJs5glEDi-7b0mx2HT9Q" source="_wHGdgJglEDi-7b0mx2HT9Q" target="_--czoJgiEDi-7b0mx2HT9Q" relationshipRef="_8kB4Q5glEDi-7b0mx2HT9Q">          <bendpoint x="620" y="578"/>          <bendpoint x="620" y="579"/>        </connection>        <connection xsi:type="Relationship" identifier="_9YHAk5glEDi-7b0mx2HT9Q" source="_y0sFIZglEDi-7b0mx2HT9Q" target="_EIOJ0JgjEDi-7b0mx2HT9Q" relationshipRef="_9YEkU5glEDi-7b0mx2HT9Q">          <bendpoint x="1206" y="578"/>          <bendpoint x="1206" y="579"/>        </connection>        <connection xsi:type="Relationship" identifier="_GT4owpgmEDi-7b0mx2HT9Q" source="_wHGdgJglEDi-7b0mx2HT9Q" target="_gUwtgJgiEDi-7b0mx2HT9Q" relationshipRef="_GTp_QZgmEDi-7b0mx2HT9Q">          <bendpoint x="558" y="578"/>          <bendpoint x="558" y="579"/>        </connection>        <connection xsi:type="Relationship" identifier="_dSf5kZgmEDi-7b0mx2HT9Q" source="_xELbsJgjEDi-7b0mx2HT9Q" target="_TZGdc5gkEDi-7b0mx2HT9Q" relationshipRef="_dSRQEZgmEDi-7b0mx2HT9Q">          <bendpoint x="709" y="705"/>          <bendpoint x="709" y="706"/>        </connection>        <connection xsi:type="Relationship" identifier="_g2chcpgmEDi-7b0mx2HT9Q" source="_Qw4lYJghEDi-7b0mx2HT9Q" target="_wHGdgJglEDi-7b0mx2HT9Q" relationshipRef="_g2Mp0JgmEDi-7b0mx2HT9Q">          <bendpoint x="558" y="698"/>          <bendpoint x="558" y="699"/>        </connection>        <connection xsi:type="Relationship" identifier="_2McOoZgmEDi-7b0mx2HT9Q" source="_0ERoQ5gmEDi-7b0mx2HT9Q" target="_gUwtgJgiEDi-7b0mx2HT9Q" relationshipRef="_2MXWIJgmEDi-7b0mx2HT9Q">          <bendpoint x="495" y="639"/>          <bendpoint x="495" y="528"/>        </connection>        <connection xsi:type="Relationship" identifier="_3mRvYpgmEDi-7b0mx2HT9Q" source="_MCs3o5gkEDi-7b0mx2HT9Q" target="_0ERoQ5gmEDi-7b0mx2HT9Q" relationshipRef="_3mOsEpgmEDi-7b0mx2HT9Q">          <bendpoint x="417" y="702"/>          <bendpoint x="417" y="703"/>        </connection>        <connection xsi:type="Relationship" identifier="_9gTd0pgmEDi-7b0mx2HT9Q" source="_gEItAJghEDi-7b0mx2HT9Q" target="_0ERoQ5gmEDi-7b0mx2HT9Q" relationshipRef="_9gAi4ZgmEDi-7b0mx2HT9Q">          <bendpoint x="478" y="754"/>          <bendpoint x="478" y="755"/>        </connection>        <connection xsi:type="Relationship" identifier="_UVr6IZgnEDi-7b0mx2HT9Q" source="_2Ir3YJgjEDi-7b0mx2HT9Q" target="_I_8w8ZgnEDi-7b0mx2HT9Q" relationshipRef="_UVd3spgnEDi-7b0mx2HT9Q">          <bendpoint x="968" y="959"/>          <bendpoint x="968" y="669"/>        </connection>        <connection xsi:type="Relationship" identifier="_YPCxUZgnEDi-7b0mx2HT9Q" source="_9w3wwZgjEDi-7b0mx2HT9Q" target="_I_8w8ZgnEDi-7b0mx2HT9Q" relationshipRef="_YO9Rw5gnEDi-7b0mx2HT9Q">          <bendpoint x="836" y="761"/>          <bendpoint x="836" y="761"/>        </connection>        <connection xsi:type="Relationship" identifier="_gmN3oZgnEDi-7b0mx2HT9Q" source="_eOAqIJgnEDi-7b0mx2HT9Q" target="_eqSBVZglEDi-7b0mx2HT9Q" relationshipRef="_gmI_I5gnEDi-7b0mx2HT9Q">          <bendpoint x="989" y="705"/>          <bendpoint x="989" y="706"/>        </connection>        <connection xsi:type="Relationship" identifier="_m4kmgJgnEDi-7b0mx2HT9Q" source="_hTdYJJgnEDi-7b0mx2HT9Q" target="_lbR0BpglEDi-7b0mx2HT9Q" relationshipRef="_m4VV8JgnEDi-7b0mx2HT9Q">          <bendpoint x="1137" y="705"/>          <bendpoint x="1137" y="706"/>        </connection>        <connection xsi:type="Relationship" identifier="_rd2vkJgnEDi-7b0mx2HT9Q" source="_oa5785gnEDi-7b0mx2HT9Q" target="_y0sFIZglEDi-7b0mx2HT9Q" relationshipRef="_rdxQA5gnEDi-7b0mx2HT9Q">          <bendpoint x="1331" y="705"/>          <bendpoint x="1331" y="706"/>        </connection>        <connection xsi:type="Relationship" identifier="_Nea6kJjbEDi-7b0mx2HT9Q" source="_I_8w8ZgnEDi-7b0mx2HT9Q" target="_vfl49ZgiEDi-7b0mx2HT9Q" relationshipRef="_NeImsZjbEDi-7b0mx2HT9Q">          <bendpoint x="836" y="578"/>          <bendpoint x="836" y="579"/>        </connection>        <connection xsi:type="Relationship" identifier="_QARcMpjvEDiL0qm7ZD90Cw" source="_NI4NwJjuEDiL0qm7ZD90Cw" target="_HBGhwJjvEDiL0qm7ZD90Cw" relationshipRef="_P_96MJjvEDiL0qm7ZD90Cw">          <bendpoint x="339" y="560"/>          <bendpoint x="339" y="331"/>        </connection>        <connection xsi:type="Relationship" identifier="_azgVQpjvEDiL0qm7ZD90Cw" source="_NI4NwJjuEDiL0qm7ZD90Cw" target="_gUwtgJgiEDi-7b0mx2HT9Q" relationshipRef="_azcq45jvEDiL0qm7ZD90Cw">          <bendpoint x="417" y="544"/>          <bendpoint x="417" y="544"/>        </connection>        <connection xsi:type="Relationship" identifier="_wlciIpjwEDiL0qm7ZD90Cw" source="_mBNuY5jwEDiL0qm7ZD90Cw" target="_vfl49ZgiEDi-7b0mx2HT9Q" relationshipRef="_wlVNYZjwEDiL0qm7ZD90Cw">          <bendpoint x="482" y="382"/>          <bendpoint x="483" y="456"/>        </connection>        <connection xsi:type="Relationship" identifier="_9-XEApjwEDiL0qm7ZD90Cw" source="_HBGhwJjvEDiL0qm7ZD90Cw" target="_QmVMEJjuEDiL0qm7ZD90Cw" relationshipRef="_9-TZoJjwEDiL0qm7ZD90Cw">          <bendpoint x="261" y="314"/>          <bendpoint x="261" y="503"/>        </connection>        <connection xsi:type="Relationship" identifier="_ZWLJsJjxEDiL0qm7ZD90Cw" source="_IJbmVZjwEDiL0qm7ZD90Cw" target="_U1LDsJjxEDiL0qm7ZD90Cw" relationshipRef="_ZWAxoZjxEDiL0qm7ZD90Cw">          <bendpoint x="737" y="231"/>          <bendpoint x="736" y="287"/>        </connection>        <connection xsi:type="Relationship" identifier="_ainHopjxEDiL0qm7ZD90Cw" source="_U1LDsJjxEDiL0qm7ZD90Cw" target="_I_8w8ZgnEDi-7b0mx2HT9Q" relationshipRef="_aihoEpjxEDiL0qm7ZD90Cw">          <bendpoint x="755" y="307"/>          <bendpoint x="755" y="639"/>        </connection>        <connection xsi:type="Relationship" identifier="_nwbz0ZjxEDiL0qm7ZD90Cw" source="_mBNuY5jwEDiL0qm7ZD90Cw" target="_jHvKYpjxEDiL0qm7ZD90Cw" relationshipRef="_nwSp4ZjxEDiL0qm7ZD90Cw">          <bendpoint x="133" y="347"/>          <bendpoint x="133" y="346"/>        </connection>        <connection xsi:type="Relationship" identifier="_roFa0pjxEDiL0qm7ZD90Cw" source="_HBGhwJjvEDiL0qm7ZD90Cw" target="_jHvKYpjxEDiL0qm7ZD90Cw" relationshipRef="_rn_7Q5jxEDiL0qm7ZD90Cw">          <bendpoint x="275" y="296"/>          <bendpoint x="275" y="389"/>        </connection>        <connection xsi:type="Relationship" identifier="_s8dz0ZjxEDiL0qm7ZD90Cw" source="_jHvKYpjxEDiL0qm7ZD90Cw" target="_--czoJgiEDi-7b0mx2HT9Q" relationshipRef="_s8Y7UJjxEDiL0qm7ZD90Cw">          <bendpoint x="172" y="603"/>          <bendpoint x="331" y="602"/>        </connection>        <connection xsi:type="Relationship" identifier="_tnKWoJjxEDiL0qm7ZD90Cw" source="_jHvKYpjxEDiL0qm7ZD90Cw" target="_vfl49ZgiEDi-7b0mx2HT9Q" relationshipRef="_tnGFMpjxEDiL0qm7ZD90Cw">          <bendpoint x="154" y="472"/>          <bendpoint x="209" y="471"/>        </connection>        <connection xsi:type="Relationship" identifier="_uXiDopjxEDiL0qm7ZD90Cw" source="_jHvKYpjxEDiL0qm7ZD90Cw" target="_EIOJ0JgjEDi-7b0mx2HT9Q" relationshipRef="_uXdyM5jxEDiL0qm7ZD90Cw">          <bendpoint x="646" y="448"/>          <bendpoint x="647" y="465"/>        </connection>        <connection xsi:type="Relationship" identifier="_6Ez7wJlBEDiL0qm7ZD90Cw" source="_ErQhMZjuEDiL0qm7ZD90Cw" target="_2d_mEJlBEDiL0qm7ZD90Cw" relationshipRef="_6Ea6MZlBEDiL0qm7ZD90Cw">          <bendpoint x="276" y="120"/>          <bendpoint x="276" y="120"/>        </connection>        <connection xsi:type="Relationship" identifier="_6ucHkplBEDiL0qm7ZD90Cw" source="_2d_mEJlBEDiL0qm7ZD90Cw" target="_A07v4JjuEDiL0qm7ZD90Cw" relationshipRef="_6uS9oZlBEDiL0qm7ZD90Cw">          <bendpoint x="552" y="203"/>          <bendpoint x="553" y="37"/>        </connection>        <connection xsi:type="Relationship" identifier="_IMFYcZlCEDi7wfKwXHHVTw" source="_2d_mEJlBEDiL0qm7ZD90Cw" target="_mBNuY5jwEDiL0qm7ZD90Cw" relationshipRef="_ILvaMZlCEDi7wfKwXHHVTw"/>        <connection xsi:type="Relationship" identifier="_M4AVAZlCEDi7wfKwXHHVTw" source="_ErQhMZjuEDiL0qm7ZD90Cw" target="_KpIpvZlCEDi7wfKwXHHVTw" relationshipRef="_M3k3MJlCEDi7wfKwXHHVTw">          <bendpoint x="449" y="37"/>          <bendpoint x="450" y="106"/>        </connection>        <connection xsi:type="Relationship" identifier="_N4uLJJlCEDi7wfKwXHHVTw" source="_KpIpvZlCEDi7wfKwXHHVTw" target="_IHGV8JjuEDiL0qm7ZD90Cw" relationshipRef="_N4kaIJlCEDi7wfKwXHHVTw">          <bendpoint x="992" y="116"/>          <bendpoint x="993" y="27"/>        </connection>        <connection xsi:type="Relationship" identifier="_P7OOYplCEDi7wfKwXHHVTw" source="_KpIpvZlCEDi7wfKwXHHVTw" target="_HBGhwJjvEDiL0qm7ZD90Cw" relationshipRef="_P7GSk5lCEDi7wfKwXHHVTw"/>        <connection xsi:type="Relationship" identifier="_ZliXkplCEDi7wfKwXHHVTw" source="_T1xYYJlCEDi7wfKwXHHVTw" target="_IHGV8JjuEDiL0qm7ZD90Cw" relationshipRef="_ZlJ9EJlCEDi7wfKwXHHVTw">          <bendpoint x="1081" y="157"/>          <bendpoint x="1081" y="47"/>        </connection>        <connection xsi:type="Relationship" identifier="_am68FZlCEDi7wfKwXHHVTw" source="_T1xYYJlCEDi7wfKwXHHVTw" target="_HBGhwJjvEDiL0qm7ZD90Cw" relationshipRef="_amwkA5lCEDi7wfKwXHHVTw"/>        <connection xsi:type="Relationship" identifier="_shBKIplCEDi7wfKwXHHVTw" source="_A07v4JjuEDiL0qm7ZD90Cw" target="_lzm29plCEDi7wfKwXHHVTw" relationshipRef="_sgoIkplCEDi7wfKwXHHVTw">          <bendpoint x="914" y="37"/>          <bendpoint x="915" y="280"/>        </connection>        <connection xsi:type="Relationship" identifier="_tTl2kJlCEDi7wfKwXHHVTw" source="_lzm29plCEDi7wfKwXHHVTw" target="_IJbmVZjwEDiL0qm7ZD90Cw" relationshipRef="_tTcFkZlCEDi7wfKwXHHVTw"/>      </view>    </diagrams>  </views></model>
