<?xml version="1.0" encoding="UTF-8"?><model xmlns="http://www.opengroup.org/xsd/archimate/3.0/" xmlns:xsi="http://www.w3.org/2001/XMLSchema-instance" identifier="_LXEmAOwzEeyT2eHQCkc07g">  <name xml:lang="en">naturafrut base</name>  <elements>    <element xsi:type="SystemSoftware" identifier="_wMh0EM5hEDqlULVw46facw">      <name xml:lang="en">Administración principal</name>      <documentation/>    </element>    <element xsi:type="Node" identifier="_FnAYoM5iEDqlULVw46facw">      <name xml:lang="en">Base de datos administracion principal</name>      <documentation/>    </element>    <element xsi:type="Device" identifier="_XjArMM5iEDqlULVw46facw">      <name xml:lang="en">Sistema A</name>      <documentation/>    </element>    <element xsi:type="Device" identifier="_Y1zv0M5iEDqlULVw46facw">      <name xml:lang="en">Sistema B</name>      <documentation/>    </element>    <element xsi:type="Device" identifier="_ZqYnYM5iEDqlULVw46facw">      <name xml:lang="en">Sistema C</name>      <documentation/>    </element>    <element xsi:type="Node" identifier="_cWSM8M5iEDqlULVw46facw">      <name xml:lang="en">BD</name>      <documentation/>    </element>    <element xsi:type="Node" identifier="_cxoFIM5iEDqlULVw46facw">      <name xml:lang="en">Base de datos administracion principal</name>      <documentation/>    </element>    <element xsi:type="Node" identifier="_dP4HYM5iEDqlULVw46facw">      <name xml:lang="en">BD</name>      <documentation/>    </element>    <element xsi:type="Node" identifier="_dP4HYs5iEDqlULVw46facw">      <name xml:lang="en">Base de datos administracion principal</name>      <documentation/>    </element>    <element xsi:type="Node" identifier="_dnFGcM5iEDqlULVw46facw">      <name xml:lang="en">BD</name>      <documentation/>    </element>    <element xsi:type="Node" identifier="_dnFGcs5iEDqlULVw46facw">      <name xml:lang="en">Base de datos administracion principal</name>      <documentation/>    </element>    <element xsi:type="Location" identifier="_GLSfgM5kEDqlULVw46facw">      <name xml:lang="en">Base</name>      <documentation/>    </element>  </elements>  <relationships>    <relationship xsi:type="Association" identifier="_KyzIEM5iEDqlULVw46facw" source="_FnAYoM5iEDqlULVw46facw" target="_wMh0EM5hEDqlULVw46facw">      <name xml:lang="en">Conexion</name>      <documentation/>    </relationship>    <relationship xsi:type="Serving" identifier="_rP8v4M5iEDqlULVw46facw" source="_wMh0EM5hEDqlULVw46facw" target="_Y1zv0M5iEDqlULVw46facw">      <name xml:lang="en">Redirección</name>      <documentation/>    </relationship>    <relationship xsi:type="Serving" identifier="_r6VwsM5iEDqlULVw46facw" source="_wMh0EM5hEDqlULVw46facw" target="_ZqYnYM5iEDqlULVw46facw">      <name xml:lang="en">Redirección</name>      <documentation/>    </relationship>    <relationship xsi:type="Serving" identifier="_tVoC8M5iEDqlULVw46facw" source="_wMh0EM5hEDqlULVw46facw" target="_XjArMM5iEDqlULVw46facw">      <name xml:lang="en">Redirección</name>      <documentation/>    </relationship>    <relationship xsi:type="Association" identifier="_ysPiUM5iEDqlULVw46facw" source="_XjArMM5iEDqlULVw46facw" target="_cWSM8M5iEDqlULVw46facw">      <name xml:lang="en">Conexión</name>      <documentation/>    </relationship>    <relationship xsi:type="Association" identifier="_zO7YoM5iEDqlULVw46facw" source="_Y1zv0M5iEDqlULVw46facw" target="_dP4HYM5iEDqlULVw46facw">      <name xml:lang="en">Conexión</name>      <documentation/>    </relationship>    <relationship xsi:type="Association" identifier="_zyRWQM5iEDqlULVw46facw" source="_ZqYnYM5iEDqlULVw46facw" target="_dnFGcM5iEDqlULVw46facw">      <name xml:lang="en">Conexión</name>      <documentation/>    </relationship>  </relationships>  <views>    <diagrams>      <view identifier="_LXEmA-wzEeyT2eHQCkc07g">        <name xml:lang="en">archimate-diagram</name>        <node xsi:type="Element" identifier="_wNT3MM5hEDqlULVw46facw" h="79" w="180" x="363" y="185" elementRef="_wMh0EM5hEDqlULVw46facw">          <node xsi:type="Element" identifier="_GLpE0M5kEDqlULVw46facw" h="30" w="80" x="402" y="221" elementRef="_GLSfgM5kEDqlULVw46facw"/>        </node>        <node xsi:type="Element" identifier="_FnaoUM5iEDqlULVw46facw" h="60" w="130" x="160" y="122" elementRef="_FnAYoM5iEDqlULVw46facw"/>        <node xsi:type="Label" identifier="_OGWjgM5iEDqlULVw46facw" h="60" w="220" x="115" y="36">          <label xml:lang="en">Administra los permisos de cada sistema y almacena los tokens de autenticación</label>        </node>        <node xsi:type="Element" identifier="_XjYeoM5iEDqlULVw46facw" h="60" w="130" x="65" y="324" elementRef="_XjArMM5iEDqlULVw46facw"/>        <node xsi:type="Element" identifier="_Y1zv0s5iEDqlULVw46facw" h="60" w="130" x="363" y="324" elementRef="_Y1zv0M5iEDqlULVw46facw"/>        <node xsi:type="Element" identifier="_ZqZOcM5iEDqlULVw46facw" h="60" w="130" x="676" y="324" elementRef="_ZqYnYM5iEDqlULVw46facw"/>        <node xsi:type="Element" identifier="_cWS0Ac5iEDqlULVw46facw" h="60" w="130" x="65" y="533" elementRef="_cWSM8M5iEDqlULVw46facw"/>        <node xsi:type="Element" identifier="_cxosMc5iEDqlULVw46facw" h="60" w="130" x="160" y="122" elementRef="_cxoFIM5iEDqlULVw46facw"/>        <node xsi:type="Element" identifier="_dP4ucM5iEDqlULVw46facw" h="60" w="130" x="363" y="533" elementRef="_dP4HYM5iEDqlULVw46facw"/>        <node xsi:type="Element" identifier="_dnFtgc5iEDqlULVw46facw" h="60" w="130" x="676" y="533" elementRef="_dnFGcM5iEDqlULVw46facw"/>        <node xsi:type="Label" identifier="_zuyvAM5jEDqlULVw46facw" h="60" w="210" x="25" y="608">          <label xml:lang="en">Antes de establecer una conexión se verificara si el token es valido en el sistema &quot;Administración principal&quot;</label>        </node>        <node xsi:type="Label" identifier="_7GWLYM5jEDqlULVw46facw" h="60" w="210" x="323" y="608">          <label xml:lang="en">Antes de establecer una conexión se verificara si el token es valido en el sistema &quot;Administración principal&quot;</label>        </node>        <node xsi:type="Label" identifier="_8uGzYM5jEDqlULVw46facw" h="60" w="230" x="650" y="608">          <label xml:lang="en">Antes de establecer una conexión se verificara si el token es valido en el sistema &quot;Administración principal&quot;</label>        </node>        <connection xsi:type="Relationship" identifier="_KzMJoM5iEDqlULVw46facw" source="_FnaoUM5iEDqlULVw46facw" target="_wNT3MM5hEDqlULVw46facw" relationshipRef="_KyzIEM5iEDqlULVw46facw">          <bendpoint x="446" y="152"/>          <bendpoint x="446" y="165"/>        </connection>        <connection xsi:type="Relationship" identifier="_rQKLQM5iEDqlULVw46facw" source="_wNT3MM5hEDqlULVw46facw" target="_Y1zv0s5iEDqlULVw46facw" relationshipRef="_rP8v4M5iEDqlULVw46facw">          <bendpoint x="428" y="294"/>          <bendpoint x="428" y="294"/>        </connection>        <connection xsi:type="Relationship" identifier="_r6h98M5iEDqlULVw46facw" source="_wNT3MM5hEDqlULVw46facw" target="_ZqZOcM5iEDqlULVw46facw" relationshipRef="_r6VwsM5iEDqlULVw46facw">          <bendpoint x="609" y="225"/>          <bendpoint x="610" y="354"/>        </connection>        <connection xsi:type="Relationship" identifier="_tVzCEM5iEDqlULVw46facw" source="_wNT3MM5hEDqlULVw46facw" target="_XjYeoM5iEDqlULVw46facw" relationshipRef="_tVoC8M5iEDqlULVw46facw">          <bendpoint x="279" y="225"/>          <bendpoint x="279" y="354"/>        </connection>        <connection xsi:type="Relationship" identifier="_yskScM5iEDqlULVw46facw" source="_XjYeoM5iEDqlULVw46facw" target="_cWS0Ac5iEDqlULVw46facw" relationshipRef="_ysPiUM5iEDqlULVw46facw">          <bendpoint x="130" y="459"/>          <bendpoint x="130" y="458"/>        </connection>        <connection xsi:type="Relationship" identifier="_zPA4MM5iEDqlULVw46facw" source="_Y1zv0s5iEDqlULVw46facw" target="_dP4ucM5iEDqlULVw46facw" relationshipRef="_zO7YoM5iEDqlULVw46facw">          <bendpoint x="428" y="459"/>          <bendpoint x="428" y="458"/>        </connection>        <connection xsi:type="Relationship" identifier="_zyeKkM5iEDqlULVw46facw" source="_ZqZOcM5iEDqlULVw46facw" target="_dnFtgc5iEDqlULVw46facw" relationshipRef="_zyRWQM5iEDqlULVw46facw">          <bendpoint x="741" y="459"/>          <bendpoint x="741" y="458"/>        </connection>      </view>    </diagrams>  </views></model>
