{"identifier":"https://me.big.tuwien.ac.at/EAModelSet/_LXEmAOwzEeyT2eHQCkc07g","archimateId":"_LXEmAOwzEeyT2eHQCkc07g","name":"naturafrut base","description":"","formats":["XML","CSV","JSON","ARCHIMATE"],"source":"GenMyModel","repository":"","license":"","sourceFile":"raw-data/genmymodel/_lxemaowzeeyt2ehqckc07g.xml","sourceFormat":"XML","timestamp":"2023-07-06T10:01:17","tags":[],"duplicates":[],"language":"es","elements":[{"id":"_wMh0EM5hEDqlULVw46facw","name":"Administración principal","type":"SystemSoftware","layer":"technology"},{"id":"_FnAYoM5iEDqlULVw46facw","name":"Base de datos administracion principal","type":"Node","layer":"technology"},{"id":"_XjArMM5iEDqlULVw46facw","name":"Sistema A","type":"Device","layer":"technology"},{"id":"_Y1zv0M5iEDqlULVw46facw","name":"Sistema B","type":"Device","layer":"technology"},{"id":"_ZqYnYM5iEDqlULVw46facw","name":"Sistema C","type":"Device","layer":"technology"},{"id":"_cWSM8M5iEDqlULVw46facw","name":"BD","type":"Node","layer":"technology"},{"id":"_cxoFIM5iEDqlULVw46facw","name":"Base de datos administracion principal","type":"Node","layer":"technology"},{"id":"_dP4HYM5iEDqlULVw46facw","name":"BD","type":"Node","layer":"technology"},{"id":"_dP4HYs5iEDqlULVw46facw","name":"Base de datos administracion principal","type":"Node","layer":"technology"},{"id":"_dnFGcM5iEDqlULVw46facw","name":"BD","type":"Node","layer":"technology"},{"id":"_dnFGcs5iEDqlULVw46facw","name":"Base de datos administracion principal","type":"Node","layer":"technology"},{"id":"_GLSfgM5kEDqlULVw46facw","name":"Base","type":"Location","layer":"other"}],"relationships":[{"id":"_KyzIEM5iEDqlULVw46facw","sourceId":"_FnAYoM5iEDqlULVw46facw","targetId":"_wMh0EM5hEDqlULVw46facw","type":"Association"},{"id":"_rP8v4M5iEDqlULVw46facw","sourceId":"_wMh0EM5hEDqlULVw46facw","targetId":"_Y1zv0M5iEDqlULVw46facw","type":"Serving"},{"id":"_r6VwsM5iEDqlULVw46facw","sourceId":"_wMh0EM5hEDqlULVw46facw","targetId":"_ZqYnYM5iEDqlULVw46facw","type":"Serving"},{"id":"_tVoC8M5iEDqlULVw46facw","sourceId":"_wMh0EM5hEDqlULVw46facw","targetId":"_XjArMM5iEDqlULVw46facw","type":"Serving"},{"id":"_ysPiUM5iEDqlULVw46facw","sourceId":"_XjArMM5iEDqlULVw46facw","targetId":"_cWSM8M5iEDqlULVw46facw","type":"Association"},{"id":"_zO7YoM5iEDqlULVw46facw","sourceId":"_Y1zv0M5iEDqlULVw46facw","targetId":"_dP4HYM5iEDqlULVw46facw","type":"Association"},{"id":"_zyRWQM5iEDqlULVw46facw","sourceId":"_ZqYnYM5iEDqlULVw46facw","targetId":"_dnFGcM5iEDqlULVw46facw","type":"Association"}],"views":[{"id":"_LXEmA-wzEeyT2eHQCkc07g","name":"archimate-diagram","viewpoint":""}]}