{"identifier":"https://me.big.tuwien.ac.at/EAModelSet/_hhnnUKb-EeqEM7mFKilpXw","archimateId":"_hhnnUKb-EeqEM7mFKilpXw","name":"CM concept","description":"","formats":["XML","CSV","JSON","ARCHIMATE"],"source":"GenMyModel","sourceFile":"raw-data/genmymodel/_hhnnukb-eeqem7mfkilpxw.xml","sourceFormat":"XML","timestamp":"29-06-2023 09:26:01","tags":[],"duplicates":[],"language":"ru","elements":[{"id":"_2DGQkIksEDiCBO-y_C5C-g","name":"Разработка требований","type":"BusinessEvent","layer":"business"},{"id":"_5aoNEIksEDiCBO-y_C5C-g","name":"Разработка продукции и постановка на производство","type":"BusinessFunction","layer":"business"},{"id":"_9_wlIIksEDiCBO-y_C5C-g","name":"Приемочная комиссия","type":"BusinessEvent","layer":"business"},{"id":"__XOuYIksEDiCBO-y_C5C-g","name":"Изготовление ОО","type":"BusinessFunction","layer":"business"},{"id":"_Ft8Y0YktEDiCBO-y_C5C-g","name":"Выпуск базовой конфигурации","type":"BusinessEvent","layer":"business"},{"id":"_NvaU4IktEDiCBO-y_C5C-g","name":"Данные о конфигурации:0. Требования к продукции (ссылка на Confluence).1. Документы (РКД, ПТД, бланки ПКД).2. Записи (спецификация) 1С:УПП.3. Результаты ВК, ОК, ВыхК, заполненные бланки ПКД для ОО, результаты ПСИ, Акты (отбора образцов, приемочной комиссии)","type":"Representation","layer":"business"},{"id":"_IeKBMYkuEDiCBO-y_C5C-g","name":"Изготовление продукции","type":"BusinessFunction","layer":"business"},{"id":"_MQYVoYkuEDiCBO-y_C5C-g","name":"Выпуск производственных конфигураций","type":"BusinessEvent","layer":"business"},{"id":"_OCCggIkuEDiCBO-y_C5C-g","name":"Данные о конфигурации:1. Все, что в Базовой конфигурации, кроме данных о физической конфигурации ОО. Вместо них - данные о физической конфигурации поставочного образца (партии), ТР (отклонения и разрешения).","type":"Representation","layer":"business"},{"id":"_rTPwwIkuEDiCBO-y_C5C-g","name":"Изменение конфигурации","type":"BusinessFunction","layer":"business"},{"id":"_CqlqoIkvEDiCBO-y_C5C-g","name":"Базовая + все ИИ + спецификации в 1С","type":"BusinessFunction","layer":"business"},{"id":"_NdSYMYkvEDiCBO-y_C5C-g","name":"Текущая одобренная конфигурация","type":"Representation","layer":"business"},{"id":"_VtxnsIkvEDiCBO-y_C5C-g","name":"Выпуск продукции","type":"BusinessFunction","layer":"business"}],"relationships":[{"id":"_8ltB8YksEDiCBO-y_C5C-g","sourceId":"_2DGQkIksEDiCBO-y_C5C-g","targetId":"_5aoNEIksEDiCBO-y_C5C-g","type":"Triggering"},{"id":"_B37JgIktEDiCBO-y_C5C-g","sourceId":"_5aoNEIksEDiCBO-y_C5C-g","targetId":"__XOuYIksEDiCBO-y_C5C-g","type":"Triggering"},{"id":"_CPcRo4ktEDiCBO-y_C5C-g","sourceId":"__XOuYIksEDiCBO-y_C5C-g","targetId":"_9_wlIIksEDiCBO-y_C5C-g","type":"Triggering"},{"id":"_IP9CkYktEDiCBO-y_C5C-g","sourceId":"_9_wlIIksEDiCBO-y_C5C-g","targetId":"_Ft8Y0YktEDiCBO-y_C5C-g","type":"Triggering"},{"id":"_OkydsIktEDiCBO-y_C5C-g","sourceId":"_Ft8Y0YktEDiCBO-y_C5C-g","targetId":"_NvaU4IktEDiCBO-y_C5C-g","type":"Association"},{"id":"_KF1wsYkuEDiCBO-y_C5C-g","sourceId":"_Ft8Y0YktEDiCBO-y_C5C-g","targetId":"_IeKBMYkuEDiCBO-y_C5C-g","type":"Association"},{"id":"_QCul4YkuEDiCBO-y_C5C-g","sourceId":"_MQYVoYkuEDiCBO-y_C5C-g","targetId":"_OCCggIkuEDiCBO-y_C5C-g","type":"Association"},{"id":"_G6NswokvEDiCBO-y_C5C-g","sourceId":"_rTPwwIkuEDiCBO-y_C5C-g","targetId":"_CqlqoIkvEDiCBO-y_C5C-g","type":"Association"},{"id":"_HYY2gokvEDiCBO-y_C5C-g","sourceId":"_Ft8Y0YktEDiCBO-y_C5C-g","targetId":"_rTPwwIkuEDiCBO-y_C5C-g","type":"Triggering"},{"id":"_Os5l84kvEDiCBO-y_C5C-g","sourceId":"_CqlqoIkvEDiCBO-y_C5C-g","targetId":"_NdSYMYkvEDiCBO-y_C5C-g","type":"Association"},{"id":"_X9mVQYkvEDiCBO-y_C5C-g","sourceId":"_VtxnsIkvEDiCBO-y_C5C-g","targetId":"_MQYVoYkuEDiCBO-y_C5C-g","type":"Triggering"},{"id":"_dnIJkYkvEDiCBO-y_C5C-g","sourceId":"_NvaU4IktEDiCBO-y_C5C-g","targetId":"_VtxnsIkvEDiCBO-y_C5C-g","type":"Association"},{"id":"_qT4JAYkvEDiCBO-y_C5C-g","sourceId":"_rTPwwIkuEDiCBO-y_C5C-g","targetId":"_Ft8Y0YktEDiCBO-y_C5C-g","type":"Triggering"},{"id":"_2vofEIkvEDiCBO-y_C5C-g","sourceId":"_NdSYMYkvEDiCBO-y_C5C-g","targetId":"_VtxnsIkvEDiCBO-y_C5C-g","type":"Association"}],"views":[{"id":"_hhnnU6b-EeqEM7mFKilpXw","name":"archimate-diagram","viewpoint":""}]}