"ID","Type","Name","Documentation","Specialization"
"3ebf2274-6621-41d3-b1f3-2d65f84716a8","ArchimateModel","ISeePricey","",""
"b1b16e78-b12d-4647-ac16-ee04a4823347","BusinessActor","Local Byer","",""
"0cc863e1-a291-4f24-8e5f-2032fd8ceb95","BusinessActor","SiteVisitor","",""
"8edae3d7-78f4-4c76-a1e9-1fd4dee821b5","BusinessActor","Traveler","",""
"f9668d25-e5c5-486e-9d05-402b7f6badfc","Product","Purchasing Product","",""
"597bb0f3-755f-4cca-8b76-2181326524d7","Representation","Original product label at local language","",""
"5275966a-fe02-46b9-84da-71a20175f2c5","Representation","Price markup","",""
"3fea1629-b2ff-40a0-b1d9-a13a44fa3361","Representation","Product digital twin","",""
"ac3e2539-c413-402a-b5f3-e1bf87af2364","Representation","Product label representation","",""
"abcedeb2-d48b-4d25-b3f3-04237ba783ea","ApplicationComponent","Body","",""
"656f955e-6f47-493c-8d1f-7d7d5675c580","ApplicationComponent","Head","",""
"72dc01d8-06b6-425b-9128-30215772ba43","ApplicationFunction","Analyze Content","",""
"6210b7a8-cca6-4df1-b336-5165cd9d59fb","ApplicationFunction","Capture Image","",""
"436fa82b-2319-402e-a38e-21b639186b80","ApplicationFunction","Convert prices","",""
"a87d1275-e6f8-4b76-9311-72b93f05272d","ApplicationFunction","Formalize Content","",""
"eb614993-9ca5-4d3e-bb66-596bb965d39b","ApplicationFunction","Mark product label","",""
"35f7f55a-795e-448e-afe0-275289e5d732","ApplicationFunction","Prepare results representation","",""
"77360300-bfba-4880-8b35-62d4e95df7e4","ApplicationFunction","Recognize Image","",""
"c4d3297f-2096-4580-ac23-0fc367fb36d2","ApplicationFunction","Translate Content","",""
"8624c469-a195-4cba-aee6-7c3ae170754e","ApplicationInterface","ISeePricey Camunda Core","",""
"be95cc03-5407-4d52-a918-221ece6e5b76","ApplicationInterface","ISeePricey GATE App","",""
"c5b8dd48-cdd4-410f-889d-fcc6f9b05b77","ApplicationInterface","ISeePricey.APP","",""
"ccefaf22-b441-4616-8948-21b608c78218","ApplicationInterface","ISeePricey.online","",""
"8fddb176-c218-47ab-a8dc-882a2893c297","ApplicationProcess","Price evaluation","",""
"5c1e37fd-5681-4ce5-aa58-7ad0d43aebc6","ApplicationProcess","Translate and Convert Image","",""
"97710ba9-8b14-4625-bbf6-fef222d95732","ApplicationService","Navigation intro","",""
"bd2e4f72-4864-43ad-8c8b-739d9cb16ec6","ApplicationService","Price evaluation","",""
"89b04e34-43a9-4871-bdba-3a248e1125b9","ApplicationService","Product Label Translate and Convert","",""
"5910a0f4-7c9f-442a-9570-513d8d5bb14f","DataObject","Formal Product Description","",""
"a6cc84ac-df7c-407c-89d0-89134d7bf0cb","DataObject","index.html","",""
"11e622b2-5e33-4c57-99d7-360660178a87","DataObject","Product Semantic Core","",""
"5090ffa2-2f38-495f-8a2d-10969ad660cc","TechnologyService","Google OCR API","",""
"0e257062-b8ec-4437-8ff8-15252d37e587","Assessment","PrePurchase assesment","",""
"cc4188d2-9e3c-47b1-bdac-b06be7b49335","Assessment","Reporting assesment","",""
"f78320fd-0e3c-4e48-8992-4586e6f524b1","Driver","Customer behaviour understanding","",""
"8d831251-1262-43bc-81e1-e86d979a105c","Driver","Rational use of funds","",""
"40e4ac30-a641-4c03-b834-b015763fd7d8","Driver","Targeted use of funds","",""
"1732d300-4505-496e-a062-26c211ebdcfd","Goal","Maximize price/quality purchase ratio","",""
"bb48db3a-f89b-4079-954f-938d41f81a63","Goal","Minimize purchase price","",""
"ec9aa676-2e52-4a53-aa52-1524c642b00e","Goal","Minimize untargeted purchases","",""
"00e5a08d-c5de-404e-9372-ef0ccc2f3ffa","Stakeholder","Corporation","",""
"43fa3184-42f6-406d-b0b1-5f4b888d5e49","Stakeholder","Customer","",""
"f25cd18d-27c8-4c3a-a469-4db521e48ab6","Stakeholder","Local Customer","",""
"ef9faceb-f5eb-4836-90af-c1f9a89e8961","Stakeholder","Parents","",""
"5721e7b6-5038-4dab-81f3-a12bb5eb1068","Stakeholder","Retail company","",""
"01cfdb9d-e314-443e-aad2-500a3814f7f9","Stakeholder","Traveler","",""
"b67dfc73-9c00-4f04-80e0-97a073b36561","Value","Byer tracking","",""
"a5ee0272-a125-467c-af33-a0057b39c6c6","Value","ByProduct Filtering","",""
"4e958b72-6f36-4cab-96b7-29e1091ae0cc","Value","Price conversion, Product label translation","",""
"8ae9962f-a7da-4734-be8b-bd5851adb165","Value","Price mark","",""
"22243ec1-6f8f-4a3a-b62e-f8bf93b31a0e","Value","Spendings log","",""
"3c350cd8-10bd-47fd-a659-f8a16c2c5760","Grouping","Channels","",""
"83a4f077-bbfc-4a24-ae34-7a1b742ef39f","Grouping","Cost structure","",""
"31ac12ce-9436-4ea4-89a7-df683d18780c","Grouping","Customer Relationships","",""
"1138dafb-42a2-4c80-87ac-12a0f5c9e35e","Grouping","Customer segments","",""
"f70ae0d1-fed6-4328-afd4-bcaa3255f86e","Grouping","Key Activities","",""
"d9027a47-5bb7-408c-9cd8-09819eca18ba","Grouping","Key Partners","",""
"ecd36f06-712b-4ecf-96d1-6e5d80c489bd","Grouping","Key Resources","",""
"f01fb4bc-de31-4570-93c1-e0338b56a637","Grouping","Revenue streams","",""
"47ab9ea3-cb81-4654-af90-81b8572f7036","Grouping","Use Case","",""
"1b955391-87f1-4c77-aa6c-f4b0637c228b","Grouping","UseCase","",""
"358b36b0-4188-4f9b-81ba-7e0e1ce18c77","Grouping","Value Propositions","",""
"6121a5f4-f12e-42dc-9eab-6c8c7f9d5260","Junction","Junction","",""