"ID","Key","Value"
"_nf2nQplLEDiNxt8jEylImg","Directed","false"
"_nuSr4plLEDiNxt8jEylImg","Directed","false"
"_ohxXQplLEDiNxt8jEylImg","Directed","false"
"_oss04JlLEDiNxt8jEylImg","Directed","false"
"_o4nJ85lLEDiNxt8jEylImg","Directed","false"
"_Qa5zAZlNEDiNxt8jEylImg","Directed","false"
"_Q-H00ZlNEDiNxt8jEylImg","Directed","false"
"_RiMLMJlNEDiNxt8jEylImg","Directed","false"
"_R_hAYplNEDiNxt8jEylImg","Directed","false"
"_SIZPkplNEDiNxt8jEylImg","Directed","false"
"_TmOfgZlNEDiNxt8jEylImg","Directed","false"