<?xml version="1.0" encoding="UTF-8"?>
<model xmlns="http://www.opengroup.org/xsd/archimate/3.0/" xmlns:xsi="http://www.w3.org/2001/XMLSchema-instance" xsi:schemaLocation="http://www.opengroup.org/xsd/archimate/3.0/ http://www.opengroup.org/xsd/archimate/3.1/archimate3_Diagram.xsd" identifier="eee5a97e">
  <name xml:lang="en">Web Service</name>
  <elements>
    <element identifier="id-6534cff6" xsi:type="BusinessRole">
      <name xml:lang="en">Web Service Provider</name>
    </element>
    <element identifier="c7decce2" xsi:type="BusinessRole">
      <name xml:lang="en">Web Service Consumer</name>
    </element>
    <element identifier="id-6708e1ff" xsi:type="ApplicationService">
      <name xml:lang="en">Web Service</name>
    </element>
    <element identifier="daae90cb" xsi:type="ApplicationService">
      <name xml:lang="en">Web Service Consumer Program</name>
    </element>
    <element identifier="id-9872bd1e" xsi:type="ApplicationInterface">
      <name xml:lang="en">Web Service API</name>
    </element>
    <element identifier="f8c2a606" xsi:type="Path">
      <name xml:lang="en">World-Wide Web</name>
    </element>
    <element identifier="id-8df13bec" xsi:type="TechnologyService">
      <name xml:lang="en">Web Service Platform</name>
    </element>
    <element identifier="c0368c02" xsi:type="TechnologyService">
      <name xml:lang="en">Web Service Consumer Platform</name>
    </element>
    <element identifier="ddbbc8d5" xsi:type="TechnologyService">
      <name xml:lang="en">Web Service Consumer Infrastructure</name>
    </element>
    <element identifier="id-18c25b67" xsi:type="TechnologyService">
      <name xml:lang="en">Web Service Infrastructure</name>
    </element>
  </elements>
  <relationships>
    <relationship identifier="id-3df38047" source="id-6708e1ff" target="id-6534cff6" xsi:type="Association">
      <name xml:lang="en">is provided by</name>
    </relationship>
    <relationship identifier="bef926fb" source="id-9872bd1e" target="id-6708e1ff" xsi:type="Assignment">
      <name xml:lang="en">exposes</name>
    </relationship>
    <relationship identifier="id-45dfcaee" source="daae90cb" target="id-9872bd1e" xsi:type="Serving">
      <name xml:lang="en">is used by</name>
    </relationship>
    <relationship identifier="id-39e003b2" source="daae90cb" target="c7decce2" xsi:type="Association">
      <name xml:lang="en">is operated by</name>
    </relationship>
    <relationship identifier="c9b4864e" source="id-6534cff6" target="c7decce2" xsi:type="Association">
      <name xml:lang="en">business relation</name>
    </relationship>
    <relationship identifier="efd487e6" source="id-6708e1ff" target="c7decce2" xsi:type="Serving">
      <name xml:lang="en">is used by</name>
    </relationship>
    <relationship identifier="id-01413b20" source="c0368c02" target="daae90cb" xsi:type="Serving">
      <name xml:lang="en">is used by</name>
    </relationship>
    <relationship identifier="id-7fbe69b2" source="id-8df13bec" target="id-6708e1ff" xsi:type="Serving">
      <name xml:lang="en">is used by</name>
    </relationship>
    <relationship identifier="c9ef01c2" source="ddbbc8d5" target="c0368c02" xsi:type="Serving">
      <name xml:lang="en">is used by</name>
    </relationship>
    <relationship identifier="id-285d3d42" source="id-18c25b67" target="id-8df13bec" xsi:type="Serving">
      <name xml:lang="en">is used by</name>
    </relationship>
    <relationship identifier="a4b146e1" source="f8c2a606" target="ddbbc8d5" xsi:type="Association">
      <name xml:lang="en">is used by</name>
    </relationship>
    <relationship identifier="id-8e45ace6" source="f8c2a606" target="id-18c25b67" xsi:type="Association">
      <name xml:lang="en">is used by</name>
    </relationship>
  </relationships>
  <organizations>
    <item>
      <label xml:lang="en">Business</label>
      <item identifierRef="id-6534cff6" />
      <item identifierRef="c7decce2" />
    </item>
    <item>
      <label xml:lang="en">Application</label>
      <item identifierRef="id-6708e1ff" />
      <item identifierRef="daae90cb" />
      <item identifierRef="id-9872bd1e" />
    </item>
    <item>
      <label xml:lang="en">Technology &amp; Physical</label>
      <item identifierRef="f8c2a606" />
      <item identifierRef="id-8df13bec" />
      <item identifierRef="c0368c02" />
      <item identifierRef="ddbbc8d5" />
      <item identifierRef="id-18c25b67" />
    </item>
    <item>
      <label xml:lang="en">Relations</label>
      <item identifierRef="id-3df38047" />
      <item identifierRef="bef926fb" />
      <item identifierRef="id-45dfcaee" />
      <item identifierRef="id-39e003b2" />
      <item identifierRef="c9b4864e" />
      <item identifierRef="efd487e6" />
      <item identifierRef="id-01413b20" />
      <item identifierRef="id-7fbe69b2" />
      <item identifierRef="c9ef01c2" />
      <item identifierRef="id-285d3d42" />
      <item identifierRef="a4b146e1" />
      <item identifierRef="id-8e45ace6" />
    </item>
    <item>
      <label xml:lang="en">Views</label>
      <item identifierRef="id-6f985009" />
    </item>
  </organizations>
  <views>
    <diagrams>
      <view identifier="id-6f985009" xsi:type="Diagram">
        <name xml:lang="en">Web Service Total View</name>
        <node identifier="id-8c7dd0bb" elementRef="id-6708e1ff" xsi:type="Element" x="72" y="156" w="120" h="55">
          <style>
            <fillColor r="181" g="255" b="255" a="100" />
            <lineColor r="92" g="92" b="92" a="100" />
            <font name="Lucida Grande" size="12">
              <color r="0" g="0" b="0" />
            </font>
          </style>
        </node>
        <node identifier="id-4d527216" elementRef="id-6534cff6" xsi:type="Element" x="72" y="48" w="120" h="55">
          <style>
            <fillColor r="255" g="255" b="181" a="100" />
            <lineColor r="92" g="92" b="92" a="100" />
            <font name="Lucida Grande" size="12">
              <color r="0" g="0" b="0" />
            </font>
          </style>
        </node>
        <node identifier="d5e1fd8d" elementRef="f8c2a606" xsi:type="Element" x="276" y="456" w="120" h="55">
          <style>
            <fillColor r="201" g="231" b="183" a="100" />
            <lineColor r="92" g="92" b="92" a="100" />
            <font name="Lucida Grande" size="12">
              <color r="0" g="0" b="0" />
            </font>
          </style>
        </node>
        <node identifier="id-8927d453" elementRef="daae90cb" xsi:type="Element" x="468" y="154" w="120" h="55">
          <style>
            <fillColor r="181" g="255" b="255" a="100" />
            <lineColor r="92" g="92" b="92" a="100" />
            <font name="Lucida Grande" size="12">
              <color r="0" g="0" b="0" />
            </font>
          </style>
        </node>
        <node identifier="b09b7472" elementRef="id-9872bd1e" xsi:type="Element" x="276" y="154" w="120" h="55">
          <style>
            <fillColor r="181" g="255" b="255" a="100" />
            <lineColor r="92" g="92" b="92" a="100" />
            <font name="Lucida Grande" size="12">
              <color r="0" g="0" b="0" />
            </font>
          </style>
        </node>
        <node identifier="e8b7b548" elementRef="c7decce2" xsi:type="Element" x="468" y="48" w="120" h="55">
          <style>
            <fillColor r="255" g="255" b="181" a="100" />
            <lineColor r="92" g="92" b="92" a="100" />
            <font name="Lucida Grande" size="12">
              <color r="0" g="0" b="0" />
            </font>
          </style>
        </node>
        <node identifier="id-99465bec" elementRef="id-8df13bec" xsi:type="Element" x="72" y="264" w="120" h="55">
          <style>
            <fillColor r="201" g="231" b="183" a="100" />
            <lineColor r="92" g="92" b="92" a="100" />
            <font name="Lucida Grande" size="12">
              <color r="0" g="0" b="0" />
            </font>
          </style>
        </node>
        <node identifier="c84487ee" elementRef="c0368c02" xsi:type="Element" x="468" y="264" w="120" h="55">
          <style>
            <fillColor r="201" g="231" b="183" a="100" />
            <lineColor r="92" g="92" b="92" a="100" />
            <font name="Lucida Grande" size="12">
              <color r="0" g="0" b="0" />
            </font>
          </style>
        </node>
        <node identifier="de7ff582" elementRef="ddbbc8d5" xsi:type="Element" x="468" y="372" w="120" h="55">
          <style>
            <fillColor r="201" g="231" b="183" a="100" />
            <lineColor r="92" g="92" b="92" a="100" />
            <font name="Lucida Grande" size="12">
              <color r="0" g="0" b="0" />
            </font>
          </style>
        </node>
        <node identifier="id-949a0c6b" elementRef="id-18c25b67" xsi:type="Element" x="72" y="372" w="120" h="55">
          <style>
            <fillColor r="201" g="231" b="183" a="100" />
            <lineColor r="92" g="92" b="92" a="100" />
            <font name="Lucida Grande" size="12">
              <color r="0" g="0" b="0" />
            </font>
          </style>
        </node>
        <connection identifier="f6960e06" relationshipRef="id-3df38047" xsi:type="Relationship" source="id-8c7dd0bb" target="id-4d527216">
          <style>
            <lineColor r="0" g="0" b="0" />
            <font name="Lucida Grande" size="12">
              <color r="0" g="0" b="0" />
            </font>
          </style>
        </connection>
        <connection identifier="id-2df2511b" relationshipRef="efd487e6" xsi:type="Relationship" source="id-8c7dd0bb" target="e8b7b548">
          <style>
            <lineColor r="0" g="0" b="0" />
            <font name="Lucida Grande" size="12">
              <color r="0" g="0" b="0" />
            </font>
          </style>
        </connection>
        <connection identifier="c81a2e29" relationshipRef="c9b4864e" xsi:type="Relationship" source="id-4d527216" target="e8b7b548">
          <style>
            <lineColor r="0" g="0" b="0" />
            <font name="Lucida Grande" size="12">
              <color r="0" g="0" b="0" />
            </font>
          </style>
        </connection>
        <connection identifier="id-6e1abba4" relationshipRef="a4b146e1" xsi:type="Relationship" source="d5e1fd8d" target="de7ff582">
          <style>
            <lineColor r="0" g="0" b="0" />
            <font name="Lucida Grande" size="12">
              <color r="0" g="0" b="0" />
            </font>
          </style>
          <bendpoint x="519" y="483" />
        </connection>
        <connection identifier="id-9573266c" relationshipRef="id-8e45ace6" xsi:type="Relationship" source="d5e1fd8d" target="id-949a0c6b">
          <style>
            <lineColor r="0" g="0" b="0" />
            <font name="Lucida Grande" size="12">
              <color r="0" g="0" b="0" />
            </font>
          </style>
          <bendpoint x="146" y="483" />
        </connection>
        <connection identifier="ceda7767" relationshipRef="id-45dfcaee" xsi:type="Relationship" source="id-8927d453" target="b09b7472">
          <style>
            <lineColor r="0" g="0" b="0" />
            <font name="Lucida Grande" size="12">
              <color r="0" g="0" b="0" />
            </font>
          </style>
        </connection>
        <connection identifier="e8116d4d" relationshipRef="id-39e003b2" xsi:type="Relationship" source="id-8927d453" target="e8b7b548">
          <style>
            <lineColor r="0" g="0" b="0" />
            <font name="Lucida Grande" size="12">
              <color r="0" g="0" b="0" />
            </font>
          </style>
        </connection>
        <connection identifier="id-66dbc0d4" relationshipRef="bef926fb" xsi:type="Relationship" source="b09b7472" target="id-8c7dd0bb">
          <style>
            <lineColor r="0" g="0" b="0" />
            <font name="Lucida Grande" size="12">
              <color r="0" g="0" b="0" />
            </font>
          </style>
        </connection>
        <connection identifier="id-9529208f" relationshipRef="id-7fbe69b2" xsi:type="Relationship" source="id-99465bec" target="id-8c7dd0bb">
          <style>
            <lineColor r="0" g="0" b="0" />
            <font name="Lucida Grande" size="12">
              <color r="0" g="0" b="0" />
            </font>
          </style>
        </connection>
        <connection identifier="id-3a2ca343" relationshipRef="id-01413b20" xsi:type="Relationship" source="c84487ee" target="id-8927d453">
          <style>
            <lineColor r="0" g="0" b="0" />
            <font name="Lucida Grande" size="12">
              <color r="0" g="0" b="0" />
            </font>
          </style>
        </connection>
        <connection identifier="c5adc0af" relationshipRef="c9ef01c2" xsi:type="Relationship" source="de7ff582" target="c84487ee">
          <style>
            <lineColor r="0" g="0" b="0" />
            <font name="Lucida Grande" size="12">
              <color r="0" g="0" b="0" />
            </font>
          </style>
        </connection>
        <connection identifier="id-38d63cf7" relationshipRef="id-285d3d42" xsi:type="Relationship" source="id-949a0c6b" target="id-99465bec">
          <style>
            <lineColor r="0" g="0" b="0" />
            <font name="Lucida Grande" size="12">
              <color r="0" g="0" b="0" />
            </font>
          </style>
        </connection>
      </view>
    </diagrams>
  </views>
</model>
