{"identifier":"https://me.big.tuwien.ac.at/EAModelSet/eee5a97e","archimateId":"eee5a97e","name":"Web Service","description":"","formats":["XML","CSV","JSON","ARCHIMATE"],"source":"GitHub","sourceFile":"raw-data/github/xml/web_service.xml","sourceFormat":"XML","timestamp":"29-06-2023 09:26:57","tags":["DUPLICATE"],"duplicates":["raw-data/github/archimate/web_service.archimate"],"language":"en","elements":[{"id":"id-6534cff6","name":"Web Service Provider","type":"BusinessRole","layer":"business"},{"id":"c7decce2","name":"Web Service Consumer","type":"BusinessRole","layer":"business"},{"id":"id-6708e1ff","name":"Web Service","type":"ApplicationService","layer":"application"},{"id":"daae90cb","name":"Web Service Consumer Program","type":"ApplicationService","layer":"application"},{"id":"id-9872bd1e","name":"Web Service API","type":"ApplicationInterface","layer":"application"},{"id":"f8c2a606","name":"World-Wide Web","type":"Path","layer":"technology"},{"id":"id-8df13bec","name":"Web Service Platform","type":"TechnologyService","layer":"technology"},{"id":"c0368c02","name":"Web Service Consumer Platform","type":"TechnologyService","layer":"technology"},{"id":"ddbbc8d5","name":"Web Service Consumer Infrastructure","type":"TechnologyService","layer":"technology"},{"id":"id-18c25b67","name":"Web Service Infrastructure","type":"TechnologyService","layer":"technology"}],"relationships":[{"id":"id-3df38047","sourceId":"id-6708e1ff","targetId":"id-6534cff6","type":"Association"},{"id":"bef926fb","sourceId":"id-9872bd1e","targetId":"id-6708e1ff","type":"Assignment"},{"id":"id-45dfcaee","sourceId":"daae90cb","targetId":"id-9872bd1e","type":"Serving"},{"id":"id-39e003b2","sourceId":"daae90cb","targetId":"c7decce2","type":"Association"},{"id":"c9b4864e","sourceId":"id-6534cff6","targetId":"c7decce2","type":"Association"},{"id":"efd487e6","sourceId":"id-6708e1ff","targetId":"c7decce2","type":"Serving"},{"id":"id-01413b20","sourceId":"c0368c02","targetId":"daae90cb","type":"Serving"},{"id":"id-7fbe69b2","sourceId":"id-8df13bec","targetId":"id-6708e1ff","type":"Serving"},{"id":"c9ef01c2","sourceId":"ddbbc8d5","targetId":"c0368c02","type":"Serving"},{"id":"id-285d3d42","sourceId":"id-18c25b67","targetId":"id-8df13bec","type":"Serving"},{"id":"a4b146e1","sourceId":"f8c2a606","targetId":"ddbbc8d5","type":"Association"},{"id":"id-8e45ace6","sourceId":"f8c2a606","targetId":"id-18c25b67","type":"Association"}],"views":[{"id":"id-6f985009","name":"Web Service Total View","viewpoint":""}]}