<?xml version="1.0" encoding="UTF-8"?>
<model xmlns="http://www.opengroup.org/xsd/archimate/3.0/" xmlns:xsi="http://www.w3.org/2001/XMLSchema-instance" xsi:schemaLocation="http://www.opengroup.org/xsd/archimate/3.0/ http://www.opengroup.org/xsd/archimate/3.1/archimate3_Diagram.xsd" identifier="id-3ebf2274-6621-41d3-b1f3-2d65f84716a8">
  <name>ISeePricey</name>
  <elements>
    <element identifier="f9668d25-e5c5-486e-9d05-402b7f6badfc" xsi:type="Product">
      <name>Purchasing Product</name>
    </element>
    <element identifier="id-597bb0f3-755f-4cca-8b76-2181326524d7" xsi:type="Representation">
      <name>Original product label at local language</name>
    </element>
    <element identifier="id-8edae3d7-78f4-4c76-a1e9-1fd4dee821b5" xsi:type="BusinessActor">
      <name>Traveler</name>
    </element>
    <element identifier="id-3fea1629-b2ff-40a0-b1d9-a13a44fa3361" xsi:type="Representation">
      <name>Product digital twin</name>
    </element>
    <element identifier="ac3e2539-c413-402a-b5f3-e1bf87af2364" xsi:type="Representation">
      <name>Product label representation</name>
    </element>
    <element identifier="b1b16e78-b12d-4647-ac16-ee04a4823347" xsi:type="BusinessActor">
      <name>Local Byer</name>
    </element>
    <element identifier="id-5275966a-fe02-46b9-84da-71a20175f2c5" xsi:type="Representation">
      <name>Price markup</name>
    </element>
    <element identifier="id-0cc863e1-a291-4f24-8e5f-2032fd8ceb95" xsi:type="BusinessActor">
      <name>SiteVisitor</name>
    </element>
    <element identifier="c5b8dd48-cdd4-410f-889d-fcc6f9b05b77" xsi:type="ApplicationInterface">
      <name>ISeePricey.APP</name>
    </element>
    <element identifier="ccefaf22-b441-4616-8948-21b608c78218" xsi:type="ApplicationInterface">
      <name>ISeePricey.online</name>
    </element>
    <element identifier="id-8624c469-a195-4cba-aee6-7c3ae170754e" xsi:type="ApplicationInterface">
      <name>ISeePricey Camunda Core</name>
    </element>
    <element identifier="be95cc03-5407-4d52-a918-221ece6e5b76" xsi:type="ApplicationInterface">
      <name>ISeePricey GATE App</name>
    </element>
    <element identifier="id-97710ba9-8b14-4625-bbf6-fef222d95732" xsi:type="ApplicationService">
      <name>Navigation intro</name>
    </element>
    <element identifier="abcedeb2-d48b-4d25-b3f3-04237ba783ea" xsi:type="ApplicationComponent">
      <name>Body</name>
    </element>
    <element identifier="id-656f955e-6f47-493c-8d1f-7d7d5675c580" xsi:type="ApplicationComponent">
      <name>Head</name>
    </element>
    <element identifier="a6cc84ac-df7c-407c-89d0-89134d7bf0cb" xsi:type="DataObject">
      <name>index.html</name>
    </element>
    <element identifier="id-72dc01d8-06b6-425b-9128-30215772ba43" xsi:type="ApplicationFunction">
      <name>Analyze Content</name>
    </element>
    <element identifier="id-6210b7a8-cca6-4df1-b336-5165cd9d59fb" xsi:type="ApplicationFunction">
      <name>Capture Image</name>
    </element>
    <element identifier="id-436fa82b-2319-402e-a38e-21b639186b80" xsi:type="ApplicationFunction">
      <name>Convert prices</name>
    </element>
    <element identifier="eb614993-9ca5-4d3e-bb66-596bb965d39b" xsi:type="ApplicationFunction">
      <name>Mark product label</name>
    </element>
    <element identifier="id-35f7f55a-795e-448e-afe0-275289e5d732" xsi:type="ApplicationFunction">
      <name>Prepare results representation</name>
    </element>
    <element identifier="id-89b04e34-43a9-4871-bdba-3a248e1125b9" xsi:type="ApplicationService">
      <name>Product Label Translate and Convert</name>
    </element>
    <element identifier="id-77360300-bfba-4880-8b35-62d4e95df7e4" xsi:type="ApplicationFunction">
      <name>Recognize Image</name>
    </element>
    <element identifier="c4d3297f-2096-4580-ac23-0fc367fb36d2" xsi:type="ApplicationFunction">
      <name>Translate Content</name>
    </element>
    <element identifier="id-5c1e37fd-5681-4ce5-aa58-7ad0d43aebc6" xsi:type="ApplicationProcess">
      <name>Translate and Convert Image</name>
    </element>
    <element identifier="id-8fddb176-c218-47ab-a8dc-882a2893c297" xsi:type="ApplicationProcess">
      <name>Price evaluation</name>
    </element>
    <element identifier="bd2e4f72-4864-43ad-8c8b-739d9cb16ec6" xsi:type="ApplicationService">
      <name>Price evaluation</name>
    </element>
    <element identifier="a87d1275-e6f8-4b76-9311-72b93f05272d" xsi:type="ApplicationFunction">
      <name>Formalize Content</name>
    </element>
    <element identifier="id-5910a0f4-7c9f-442a-9570-513d8d5bb14f" xsi:type="DataObject">
      <name>Formal Product Description</name>
    </element>
    <element identifier="id-11e622b2-5e33-4c57-99d7-360660178a87" xsi:type="DataObject">
      <name>Product Semantic Core</name>
    </element>
    <element identifier="id-5090ffa2-2f38-495f-8a2d-10969ad660cc" xsi:type="TechnologyService">
      <name>Google OCR API</name>
    </element>
    <element identifier="cc4188d2-9e3c-47b1-bdac-b06be7b49335" xsi:type="Assessment">
      <name>Reporting assesment</name>
    </element>
    <element identifier="id-0e257062-b8ec-4437-8ff8-15252d37e587" xsi:type="Assessment">
      <name>PrePurchase assesment</name>
    </element>
    <element identifier="ec9aa676-2e52-4a53-aa52-1524c642b00e" xsi:type="Goal">
      <name>Minimize untargeted purchases</name>
    </element>
    <element identifier="id-1732d300-4505-496e-a062-26c211ebdcfd" xsi:type="Goal">
      <name>Maximize price/quality purchase ratio</name>
    </element>
    <element identifier="bb48db3a-f89b-4079-954f-938d41f81a63" xsi:type="Goal">
      <name>Minimize purchase price</name>
    </element>
    <element identifier="id-43fa3184-42f6-406d-b0b1-5f4b888d5e49" xsi:type="Stakeholder">
      <name>Customer</name>
    </element>
    <element identifier="f25cd18d-27c8-4c3a-a469-4db521e48ab6" xsi:type="Stakeholder">
      <name>Local Customer</name>
    </element>
    <element identifier="id-5721e7b6-5038-4dab-81f3-a12bb5eb1068" xsi:type="Stakeholder">
      <name>Retail company</name>
    </element>
    <element identifier="id-01cfdb9d-e314-443e-aad2-500a3814f7f9" xsi:type="Stakeholder">
      <name>Traveler</name>
    </element>
    <element identifier="id-00e5a08d-c5de-404e-9372-ef0ccc2f3ffa" xsi:type="Stakeholder">
      <name>Corporation</name>
    </element>
    <element identifier="ef9faceb-f5eb-4836-90af-c1f9a89e8961" xsi:type="Stakeholder">
      <name>Parents</name>
    </element>
    <element identifier="b67dfc73-9c00-4f04-80e0-97a073b36561" xsi:type="Value">
      <name>Byer tracking</name>
    </element>
    <element identifier="id-8ae9962f-a7da-4734-be8b-bd5851adb165" xsi:type="Value">
      <name>Price mark</name>
    </element>
    <element identifier="id-22243ec1-6f8f-4a3a-b62e-f8bf93b31a0e" xsi:type="Value">
      <name>Spendings log</name>
    </element>
    <element identifier="a5ee0272-a125-467c-af33-a0057b39c6c6" xsi:type="Value">
      <name>ByProduct Filtering</name>
    </element>
    <element identifier="id-4e958b72-6f36-4cab-96b7-29e1091ae0cc" xsi:type="Value">
      <name>Price conversion, Product label translation</name>
    </element>
    <element identifier="f78320fd-0e3c-4e48-8992-4586e6f524b1" xsi:type="Driver">
      <name>Customer behaviour understanding</name>
    </element>
    <element identifier="id-8d831251-1262-43bc-81e1-e86d979a105c" xsi:type="Driver">
      <name>Rational use of funds</name>
    </element>
    <element identifier="id-40e4ac30-a641-4c03-b834-b015763fd7d8" xsi:type="Driver">
      <name>Targeted use of funds</name>
    </element>
    <element identifier="id-1138dafb-42a2-4c80-87ac-12a0f5c9e35e" xsi:type="Grouping">
      <name>Customer segments</name>
    </element>
    <element identifier="id-358b36b0-4188-4f9b-81ba-7e0e1ce18c77" xsi:type="Grouping">
      <name>Value Propositions</name>
    </element>
    <element identifier="id-31ac12ce-9436-4ea4-89a7-df683d18780c" xsi:type="Grouping">
      <name>Customer Relationships</name>
    </element>
    <element identifier="id-3c350cd8-10bd-47fd-a659-f8a16c2c5760" xsi:type="Grouping">
      <name>Channels</name>
    </element>
    <element identifier="f70ae0d1-fed6-4328-afd4-bcaa3255f86e" xsi:type="Grouping">
      <name>Key Activities</name>
    </element>
    <element identifier="ecd36f06-712b-4ecf-96d1-6e5d80c489bd" xsi:type="Grouping">
      <name>Key Resources</name>
    </element>
    <element identifier="d9027a47-5bb7-408c-9cd8-09819eca18ba" xsi:type="Grouping">
      <name>Key Partners</name>
    </element>
    <element identifier="id-83a4f077-bbfc-4a24-ae34-7a1b742ef39f" xsi:type="Grouping">
      <name>Cost structure</name>
    </element>
    <element identifier="f01fb4bc-de31-4570-93c1-e0338b56a637" xsi:type="Grouping">
      <name>Revenue streams</name>
    </element>
    <element identifier="id-1b955391-87f1-4c77-aa6c-f4b0637c228b" xsi:type="Grouping">
      <name>UseCase</name>
    </element>
    <element identifier="id-6121a5f4-f12e-42dc-9eab-6c8c7f9d5260" xsi:type="AndJunction">
      <name>Junction</name>
    </element>
    <element identifier="id-47ab9ea3-cb81-4654-af90-81b8572f7036" xsi:type="Grouping">
      <name>Use Case</name>
    </element>
  </elements>
  <relationships>
    <relationship identifier="id-1705d0b8-5e30-4457-b793-d04b331a629a" source="id-1138dafb-42a2-4c80-87ac-12a0f5c9e35e" target="id-01cfdb9d-e314-443e-aad2-500a3814f7f9" xsi:type="Composition" />
    <relationship identifier="id-198363a8-c3ad-4b5e-9a84-1756493025a2" source="id-1138dafb-42a2-4c80-87ac-12a0f5c9e35e" target="f25cd18d-27c8-4c3a-a469-4db521e48ab6" xsi:type="Composition" />
    <relationship identifier="id-74666a7f-d9a4-43de-8c74-fe8e49be541e" source="id-01cfdb9d-e314-443e-aad2-500a3814f7f9" target="id-43fa3184-42f6-406d-b0b1-5f4b888d5e49" xsi:type="Specialization" />
    <relationship identifier="adf667e9-032e-4efc-a6ed-d87cd2f51479" source="f25cd18d-27c8-4c3a-a469-4db521e48ab6" target="id-43fa3184-42f6-406d-b0b1-5f4b888d5e49" xsi:type="Specialization" />
    <relationship identifier="c0cb7c6e-7146-4492-be1b-3ac0789fb6db" source="id-1138dafb-42a2-4c80-87ac-12a0f5c9e35e" target="id-5721e7b6-5038-4dab-81f3-a12bb5eb1068" xsi:type="Composition" />
    <relationship identifier="b6742067-ce0e-460b-b489-d47a3336c375" source="id-358b36b0-4188-4f9b-81ba-7e0e1ce18c77" target="id-8ae9962f-a7da-4734-be8b-bd5851adb165" xsi:type="Composition" />
    <relationship identifier="a5bef262-b5f9-4c37-be8c-35ecb5c8f28c" source="id-358b36b0-4188-4f9b-81ba-7e0e1ce18c77" target="id-22243ec1-6f8f-4a3a-b62e-f8bf93b31a0e" xsi:type="Composition" />
    <relationship identifier="a5593bec-c75c-41ca-9903-345262bde2a3" source="id-358b36b0-4188-4f9b-81ba-7e0e1ce18c77" target="b67dfc73-9c00-4f04-80e0-97a073b36561" xsi:type="Composition" />
    <relationship identifier="id-269d7ffa-949c-4b1d-a18b-6fea328bb8d5" source="id-3c350cd8-10bd-47fd-a659-f8a16c2c5760" target="c5b8dd48-cdd4-410f-889d-fcc6f9b05b77" xsi:type="Composition" />
    <relationship identifier="id-1d67dbf0-c44e-46ec-a191-8ad83e5e33be" source="id-3c350cd8-10bd-47fd-a659-f8a16c2c5760" target="ccefaf22-b441-4616-8948-21b608c78218" xsi:type="Composition" />
    <relationship identifier="id-14c6049d-96bb-43c0-8ced-5e51403cd790" source="id-358b36b0-4188-4f9b-81ba-7e0e1ce18c77" target="a5ee0272-a125-467c-af33-a0057b39c6c6" xsi:type="Aggregation" />
    <relationship identifier="f63926c5-562f-488b-ba6d-e9672f4c44ac" source="id-358b36b0-4188-4f9b-81ba-7e0e1ce18c77" target="id-4e958b72-6f36-4cab-96b7-29e1091ae0cc" xsi:type="Aggregation" />
    <relationship identifier="id-7f97b1b5-dde1-4d6a-8295-99850ef8d046" source="id-1138dafb-42a2-4c80-87ac-12a0f5c9e35e" target="id-00e5a08d-c5de-404e-9372-ef0ccc2f3ffa" xsi:type="Aggregation" />
    <relationship identifier="eccd0138-0d1e-44c0-84fb-60c1e0ef6dac" source="id-1138dafb-42a2-4c80-87ac-12a0f5c9e35e" target="ef9faceb-f5eb-4836-90af-c1f9a89e8961" xsi:type="Aggregation" />
    <relationship identifier="id-7cba381c-2a59-4eb2-9920-2d1daa1c8a2f" source="id-00e5a08d-c5de-404e-9372-ef0ccc2f3ffa" target="id-43fa3184-42f6-406d-b0b1-5f4b888d5e49" xsi:type="Specialization" />
    <relationship identifier="b327dfa6-4a14-4c2a-b2f9-c38af5ad7c7d" source="ef9faceb-f5eb-4836-90af-c1f9a89e8961" target="id-43fa3184-42f6-406d-b0b1-5f4b888d5e49" xsi:type="Specialization" />
    <relationship identifier="c63c5895-908e-41e8-8ac7-c92e9167fc63" source="id-5721e7b6-5038-4dab-81f3-a12bb5eb1068" target="id-43fa3184-42f6-406d-b0b1-5f4b888d5e49" xsi:type="Specialization" />
    <relationship identifier="id-7f9aed0e-c5cf-4a49-9730-f0dfcdaf0728" source="id-40e4ac30-a641-4c03-b834-b015763fd7d8" target="id-00e5a08d-c5de-404e-9372-ef0ccc2f3ffa" xsi:type="Association" />
    <relationship identifier="a3d82c03-1aa6-4e1e-9ba4-1306318abc54" source="id-40e4ac30-a641-4c03-b834-b015763fd7d8" target="ef9faceb-f5eb-4836-90af-c1f9a89e8961" xsi:type="Association" />
    <relationship identifier="bdc992ec-8676-42fb-88af-c14bd23c38ef" source="id-8d831251-1262-43bc-81e1-e86d979a105c" target="f25cd18d-27c8-4c3a-a469-4db521e48ab6" xsi:type="Association" />
    <relationship identifier="d3cb7187-ff1f-4078-bbb8-a1dba8fa679e" source="id-8d831251-1262-43bc-81e1-e86d979a105c" target="id-01cfdb9d-e314-443e-aad2-500a3814f7f9" xsi:type="Association" />
    <relationship identifier="id-28343739-15bb-4139-9b0a-fd9cfc71d017" source="f78320fd-0e3c-4e48-8992-4586e6f524b1" target="id-5721e7b6-5038-4dab-81f3-a12bb5eb1068" xsi:type="Association" />
    <relationship identifier="id-1596778f-7968-46a1-bb5a-310be8d3ad5e" source="cc4188d2-9e3c-47b1-bdac-b06be7b49335" target="id-8d831251-1262-43bc-81e1-e86d979a105c" xsi:type="Association" />
    <relationship identifier="d2022c73-447b-4baf-8343-336e6b2db460" source="cc4188d2-9e3c-47b1-bdac-b06be7b49335" target="id-40e4ac30-a641-4c03-b834-b015763fd7d8" xsi:type="Association" />
    <relationship identifier="f68bdddc-6b1c-4e52-8988-7705a674691c" source="id-0e257062-b8ec-4437-8ff8-15252d37e587" target="id-40e4ac30-a641-4c03-b834-b015763fd7d8" xsi:type="Association" />
    <relationship identifier="a57e42ab-d38d-4efb-bb14-c05b5d1f8dcd" source="id-0e257062-b8ec-4437-8ff8-15252d37e587" target="id-8d831251-1262-43bc-81e1-e86d979a105c" xsi:type="Association" />
    <relationship identifier="id-958e3520-7659-4835-b100-32df04b1a8c0" source="id-0e257062-b8ec-4437-8ff8-15252d37e587" target="f78320fd-0e3c-4e48-8992-4586e6f524b1" xsi:type="Association" />
    <relationship identifier="id-04b7b495-09d5-48ba-bc04-0aec63025abb" source="id-1b955391-87f1-4c77-aa6c-f4b0637c228b" target="id-01cfdb9d-e314-443e-aad2-500a3814f7f9" xsi:type="Composition" />
    <relationship identifier="id-53bd9166-5c0b-4dd9-bfec-a6039bfa2c82" source="id-1b955391-87f1-4c77-aa6c-f4b0637c228b" target="f9668d25-e5c5-486e-9d05-402b7f6badfc" xsi:type="Composition" />
    <relationship identifier="fcdb9cd1-aade-4da7-896a-180f76fe1070" source="id-1b955391-87f1-4c77-aa6c-f4b0637c228b" target="id-597bb0f3-755f-4cca-8b76-2181326524d7" xsi:type="Aggregation" />
    <relationship identifier="a54c652e-40bd-4f78-a61c-fcf9d6d021e3" source="id-01cfdb9d-e314-443e-aad2-500a3814f7f9" target="f9668d25-e5c5-486e-9d05-402b7f6badfc" xsi:type="Association">
      <name>Wants to purchase</name>
    </relationship>
    <relationship identifier="d3fdbe3d-ea67-4927-a18d-e9ec89ad620d" source="id-597bb0f3-755f-4cca-8b76-2181326524d7" target="f9668d25-e5c5-486e-9d05-402b7f6badfc" xsi:type="Association" />
    <relationship identifier="b3c1f459-55be-4b36-bc9e-995352b84c6b" source="id-6210b7a8-cca6-4df1-b336-5165cd9d59fb" target="id-597bb0f3-755f-4cca-8b76-2181326524d7" xsi:type="Access" accessType="Write" />
    <relationship identifier="aa2169af-111f-4e9f-8086-bf4e1cac7c54" source="id-1b955391-87f1-4c77-aa6c-f4b0637c228b" target="c5b8dd48-cdd4-410f-889d-fcc6f9b05b77" xsi:type="Aggregation" />
    <relationship identifier="id-2c9ab97c-89f8-4feb-8bb3-36d68091b195" source="id-1b955391-87f1-4c77-aa6c-f4b0637c228b" target="id-8edae3d7-78f4-4c76-a1e9-1fd4dee821b5" xsi:type="Aggregation" />
    <relationship identifier="bb9cc04f-d06c-46dd-a447-dd9020500638" source="id-8edae3d7-78f4-4c76-a1e9-1fd4dee821b5" target="id-01cfdb9d-e314-443e-aad2-500a3814f7f9" xsi:type="Assignment" />
    <relationship identifier="ab3b91be-5e05-4d21-91b0-02e0e76a2ece" source="c5b8dd48-cdd4-410f-889d-fcc6f9b05b77" target="id-8edae3d7-78f4-4c76-a1e9-1fd4dee821b5" xsi:type="Serving" />
    <relationship identifier="d5fd2230-dee2-4243-a573-aaa7cf59ee69" source="id-1b955391-87f1-4c77-aa6c-f4b0637c228b" target="id-89b04e34-43a9-4871-bdba-3a248e1125b9" xsi:type="Aggregation" />
    <relationship identifier="id-67440561-a15e-4b2a-ba84-5e7e76cabe7c" source="c5b8dd48-cdd4-410f-889d-fcc6f9b05b77" target="id-89b04e34-43a9-4871-bdba-3a248e1125b9" xsi:type="Triggering" />
    <relationship identifier="a9d9141e-3b6d-42c9-a9c9-687818e1855f" source="id-1b955391-87f1-4c77-aa6c-f4b0637c228b" target="id-5c1e37fd-5681-4ce5-aa58-7ad0d43aebc6" xsi:type="Aggregation" />
    <relationship identifier="d53d6556-89b5-4e42-bb4d-266e94462c1a" source="id-5c1e37fd-5681-4ce5-aa58-7ad0d43aebc6" target="id-89b04e34-43a9-4871-bdba-3a248e1125b9" xsi:type="Realization" />
    <relationship identifier="id-62c54a97-d23d-4607-810a-17e547420c2e" source="id-5c1e37fd-5681-4ce5-aa58-7ad0d43aebc6" target="id-6210b7a8-cca6-4df1-b336-5165cd9d59fb" xsi:type="Composition" />
    <relationship identifier="cd4dc3fa-bac0-4d32-ac20-f26c53189f06" source="id-1b955391-87f1-4c77-aa6c-f4b0637c228b" target="id-5910a0f4-7c9f-442a-9570-513d8d5bb14f" xsi:type="Aggregation" />
    <relationship identifier="id-6551d808-be10-4779-8f22-d9329d0beae8" source="id-1b955391-87f1-4c77-aa6c-f4b0637c228b" target="id-11e622b2-5e33-4c57-99d7-360660178a87" xsi:type="Aggregation" />
    <relationship identifier="id-9ac66601-ab42-4ed4-b60c-dcc735fb1c20" source="id-5910a0f4-7c9f-442a-9570-513d8d5bb14f" target="id-11e622b2-5e33-4c57-99d7-360660178a87" xsi:type="Aggregation" />
    <relationship identifier="id-6ffbac8d-de93-4658-a85e-b73c038ac974" source="id-5c1e37fd-5681-4ce5-aa58-7ad0d43aebc6" target="id-77360300-bfba-4880-8b35-62d4e95df7e4" xsi:type="Composition" />
    <relationship identifier="id-1bd28d12-2f25-4a99-8d6f-5133cf73db97" source="id-6210b7a8-cca6-4df1-b336-5165cd9d59fb" target="id-77360300-bfba-4880-8b35-62d4e95df7e4" xsi:type="Triggering" />
    <relationship identifier="id-02101e1f-71af-41b6-81bb-2f5cfb1c8aa3" source="id-1b955391-87f1-4c77-aa6c-f4b0637c228b" target="id-5090ffa2-2f38-495f-8a2d-10969ad660cc" xsi:type="Aggregation" />
    <relationship identifier="afbcb503-ac8a-423d-b7dd-0fe4ae44a2d2" source="id-5090ffa2-2f38-495f-8a2d-10969ad660cc" target="id-77360300-bfba-4880-8b35-62d4e95df7e4" xsi:type="Serving" />
    <relationship identifier="d70eeed9-2875-4255-a5ab-e820b77f5d83" source="id-5c1e37fd-5681-4ce5-aa58-7ad0d43aebc6" target="a87d1275-e6f8-4b76-9311-72b93f05272d" xsi:type="Composition" />
    <relationship identifier="id-0846831a-d272-4f97-817c-836b1adda6c2" source="id-77360300-bfba-4880-8b35-62d4e95df7e4" target="a87d1275-e6f8-4b76-9311-72b93f05272d" xsi:type="Triggering" />
    <relationship identifier="cdd45e07-c54a-4ccb-9aaa-6396b971059e" source="a87d1275-e6f8-4b76-9311-72b93f05272d" target="id-11e622b2-5e33-4c57-99d7-360660178a87" xsi:type="Access" accessType="Write" />
    <relationship identifier="b6ff4fbc-edfe-425b-befc-4942766d7b22" source="id-1b955391-87f1-4c77-aa6c-f4b0637c228b" target="id-3fea1629-b2ff-40a0-b1d9-a13a44fa3361" xsi:type="Aggregation" />
    <relationship identifier="id-35f7f256-4a29-4bd9-a466-8a5b8bff525e" source="a87d1275-e6f8-4b76-9311-72b93f05272d" target="id-3fea1629-b2ff-40a0-b1d9-a13a44fa3361" xsi:type="Access" accessType="Write" />
    <relationship identifier="cb1a80e4-3014-4883-b20e-00f9c637629a" source="id-597bb0f3-755f-4cca-8b76-2181326524d7" target="id-3fea1629-b2ff-40a0-b1d9-a13a44fa3361" xsi:type="Specialization" />
    <relationship identifier="id-001d9cc4-8bbb-4c4e-abcd-e28309b53bf6" source="id-5910a0f4-7c9f-442a-9570-513d8d5bb14f" target="id-3fea1629-b2ff-40a0-b1d9-a13a44fa3361" xsi:type="Association" />
    <relationship identifier="b24a923b-48b4-41fd-8484-a9b1394064ed" source="id-5c1e37fd-5681-4ce5-aa58-7ad0d43aebc6" target="c4d3297f-2096-4580-ac23-0fc367fb36d2" xsi:type="Composition" />
    <relationship identifier="id-1eceeb19-a4a4-4f00-86ff-8e6688c5fc4d" source="a87d1275-e6f8-4b76-9311-72b93f05272d" target="c4d3297f-2096-4580-ac23-0fc367fb36d2" xsi:type="Triggering" />
    <relationship identifier="id-4cc6bfd7-8c37-4e3e-9537-6c346dfbb5dd" source="id-5c1e37fd-5681-4ce5-aa58-7ad0d43aebc6" target="id-436fa82b-2319-402e-a38e-21b639186b80" xsi:type="Composition" />
    <relationship identifier="ae445bf2-0c62-4503-b57e-4c1ce0bf7c0d" source="a87d1275-e6f8-4b76-9311-72b93f05272d" target="id-436fa82b-2319-402e-a38e-21b639186b80" xsi:type="Triggering" />
    <relationship identifier="id-2b1a9b96-4b87-4888-af6e-591807fb6c9f" source="id-5c1e37fd-5681-4ce5-aa58-7ad0d43aebc6" target="id-35f7f55a-795e-448e-afe0-275289e5d732" xsi:type="Aggregation" />
    <relationship identifier="id-2817edc4-ffaa-415b-ab8d-99ec1662d610" source="id-5c1e37fd-5681-4ce5-aa58-7ad0d43aebc6" target="id-6121a5f4-f12e-42dc-9eab-6c8c7f9d5260" xsi:type="Realization" />
    <relationship identifier="id-149575ab-b65c-4a13-a491-d9b19a447604" source="id-436fa82b-2319-402e-a38e-21b639186b80" target="id-6121a5f4-f12e-42dc-9eab-6c8c7f9d5260" xsi:type="Triggering" />
    <relationship identifier="id-490dae85-5c80-4a55-8c35-3b7a3cbbfe2c" source="c4d3297f-2096-4580-ac23-0fc367fb36d2" target="id-6121a5f4-f12e-42dc-9eab-6c8c7f9d5260" xsi:type="Triggering" />
    <relationship identifier="bb3a3418-8dcb-4662-a835-46ad4c6f8403" source="id-6121a5f4-f12e-42dc-9eab-6c8c7f9d5260" target="id-35f7f55a-795e-448e-afe0-275289e5d732" xsi:type="Triggering" />
    <relationship identifier="id-63158f3a-5f1d-4083-9121-48a87f1b80e0" source="id-1b955391-87f1-4c77-aa6c-f4b0637c228b" target="ac3e2539-c413-402a-b5f3-e1bf87af2364" xsi:type="Aggregation" />
    <relationship identifier="id-1d3a99ee-f0c4-4034-9a5e-154c419cdf2e" source="ac3e2539-c413-402a-b5f3-e1bf87af2364" target="id-3fea1629-b2ff-40a0-b1d9-a13a44fa3361" xsi:type="Specialization" />
    <relationship identifier="d2050e08-37e4-4d53-b13f-34ba8eaea9f6" source="id-35f7f55a-795e-448e-afe0-275289e5d732" target="ac3e2539-c413-402a-b5f3-e1bf87af2364" xsi:type="Access" accessType="Write">
      <name>Converted and translated</name>
    </relationship>
    <relationship identifier="id-3be1328d-8985-47e0-a9b4-34f54788df68" source="id-1b955391-87f1-4c77-aa6c-f4b0637c228b" target="id-4e958b72-6f36-4cab-96b7-29e1091ae0cc" xsi:type="Aggregation" />
    <relationship identifier="id-02b692fa-ffbd-4386-a5b2-41ef68836b7a" source="id-4e958b72-6f36-4cab-96b7-29e1091ae0cc" target="d2050e08-37e4-4d53-b13f-34ba8eaea9f6" xsi:type="Association" />
    <relationship identifier="id-95251ef9-6d68-4cbb-96d0-fa77ac1371f5" source="id-47ab9ea3-cb81-4654-af90-81b8572f7036" target="f25cd18d-27c8-4c3a-a469-4db521e48ab6" xsi:type="Aggregation" />
    <relationship identifier="id-292462d4-860b-401d-b975-3721c552f936" source="id-47ab9ea3-cb81-4654-af90-81b8572f7036" target="f9668d25-e5c5-486e-9d05-402b7f6badfc" xsi:type="Aggregation" />
    <relationship identifier="id-25b8bedb-418c-4290-9ad0-a193fed4438b" source="f25cd18d-27c8-4c3a-a469-4db521e48ab6" target="f9668d25-e5c5-486e-9d05-402b7f6badfc" xsi:type="Association">
      <name>Wants to purchase</name>
    </relationship>
    <relationship identifier="id-90d36bcb-84df-4614-95ba-7c7515a89e11" source="id-47ab9ea3-cb81-4654-af90-81b8572f7036" target="id-597bb0f3-755f-4cca-8b76-2181326524d7" xsi:type="Aggregation" />
    <relationship identifier="f8934a86-2b4e-4ddd-82f0-d99d4dead8e1" source="id-47ab9ea3-cb81-4654-af90-81b8572f7036" target="b1b16e78-b12d-4647-ac16-ee04a4823347" xsi:type="Aggregation" />
    <relationship identifier="id-95216d76-c14a-412b-8e8e-b9827a4c880b" source="b1b16e78-b12d-4647-ac16-ee04a4823347" target="f25cd18d-27c8-4c3a-a469-4db521e48ab6" xsi:type="Assignment" />
    <relationship identifier="b5ae8866-9d87-452e-b9e5-9a9580e70d20" source="id-47ab9ea3-cb81-4654-af90-81b8572f7036" target="c5b8dd48-cdd4-410f-889d-fcc6f9b05b77" xsi:type="Aggregation" />
    <relationship identifier="id-53d5c31e-81e7-4124-a6c6-b19082050ad5" source="c5b8dd48-cdd4-410f-889d-fcc6f9b05b77" target="b1b16e78-b12d-4647-ac16-ee04a4823347" xsi:type="Serving" />
    <relationship identifier="id-5e62a2af-7ba1-4e0c-8666-4bc3fa239311" source="id-47ab9ea3-cb81-4654-af90-81b8572f7036" target="bd2e4f72-4864-43ad-8c8b-739d9cb16ec6" xsi:type="Aggregation" />
    <relationship identifier="id-3a1c0092-72e8-44dd-a356-3e541a90b54b" source="c5b8dd48-cdd4-410f-889d-fcc6f9b05b77" target="bd2e4f72-4864-43ad-8c8b-739d9cb16ec6" xsi:type="Triggering" />
    <relationship identifier="id-77e93e05-00e2-410e-930a-0871bb462d7f" source="id-47ab9ea3-cb81-4654-af90-81b8572f7036" target="id-8fddb176-c218-47ab-a8dc-882a2893c297" xsi:type="Aggregation" />
    <relationship identifier="c8bc6790-6326-47ff-884d-3feff9c97a7d" source="id-8fddb176-c218-47ab-a8dc-882a2893c297" target="id-6210b7a8-cca6-4df1-b336-5165cd9d59fb" xsi:type="Composition" />
    <relationship identifier="id-9f1c3484-1748-4c6d-b42a-ac7cfaba5f7e" source="id-8fddb176-c218-47ab-a8dc-882a2893c297" target="id-77360300-bfba-4880-8b35-62d4e95df7e4" xsi:type="Composition" />
    <relationship identifier="e12e9315-2fd6-4f27-95eb-41c497b4e8e6" source="id-8fddb176-c218-47ab-a8dc-882a2893c297" target="a87d1275-e6f8-4b76-9311-72b93f05272d" xsi:type="Composition" />
    <relationship identifier="id-53e98a53-f0c3-4fdb-bb09-db86d3a6120b" source="id-47ab9ea3-cb81-4654-af90-81b8572f7036" target="id-3fea1629-b2ff-40a0-b1d9-a13a44fa3361" xsi:type="Aggregation" />
    <relationship identifier="id-88aa132d-32e2-4878-ba29-3e1f8c28475e" source="id-8fddb176-c218-47ab-a8dc-882a2893c297" target="bd2e4f72-4864-43ad-8c8b-739d9cb16ec6" xsi:type="Realization" />
    <relationship identifier="id-2d188671-3446-4597-8a4a-f91c1b63b9ea" source="id-47ab9ea3-cb81-4654-af90-81b8572f7036" target="id-5275966a-fe02-46b9-84da-71a20175f2c5" xsi:type="Aggregation" />
    <relationship identifier="ae29006b-453a-4767-a4c6-655ea7b3f1f7" source="id-5275966a-fe02-46b9-84da-71a20175f2c5" target="id-3fea1629-b2ff-40a0-b1d9-a13a44fa3361" xsi:type="Specialization" />
    <relationship identifier="id-0f0cc847-4e2d-455a-bef1-1fd03774d5d2" source="id-8fddb176-c218-47ab-a8dc-882a2893c297" target="id-72dc01d8-06b6-425b-9128-30215772ba43" xsi:type="Aggregation" />
    <relationship identifier="id-9d08f862-9222-48e1-92cc-7afddb9cd9c7" source="id-47ab9ea3-cb81-4654-af90-81b8572f7036" target="id-8624c469-a195-4cba-aee6-7c3ae170754e" xsi:type="Aggregation" />
    <relationship identifier="id-177a76cd-341b-4627-966a-6b8242699d56" source="a87d1275-e6f8-4b76-9311-72b93f05272d" target="id-72dc01d8-06b6-425b-9128-30215772ba43" xsi:type="Triggering" />
    <relationship identifier="cab39255-3e0a-4f04-9c39-e67967a21b61" source="id-8624c469-a195-4cba-aee6-7c3ae170754e" target="id-72dc01d8-06b6-425b-9128-30215772ba43" xsi:type="Serving" />
    <relationship identifier="id-4584a387-8bde-4f92-a489-011f9c814d5e" source="id-8fddb176-c218-47ab-a8dc-882a2893c297" target="eb614993-9ca5-4d3e-bb66-596bb965d39b" xsi:type="Composition" />
    <relationship identifier="id-08db65a1-03ca-48e5-ba88-8d7551e0c76e" source="eb614993-9ca5-4d3e-bb66-596bb965d39b" target="id-5275966a-fe02-46b9-84da-71a20175f2c5" xsi:type="Access" accessType="Write" />
    <relationship identifier="id-75a0b3e6-8fa2-44f9-9585-3a59af74121f" source="id-72dc01d8-06b6-425b-9128-30215772ba43" target="eb614993-9ca5-4d3e-bb66-596bb965d39b" xsi:type="Triggering" />
    <relationship identifier="f766b6cb-0ab3-4dd8-b72f-84de3dce9077" source="id-47ab9ea3-cb81-4654-af90-81b8572f7036" target="id-8ae9962f-a7da-4734-be8b-bd5851adb165" xsi:type="Aggregation" />
    <relationship identifier="c654df87-cf3f-49b5-8d34-0443c5319a95" source="id-8ae9962f-a7da-4734-be8b-bd5851adb165" target="id-08db65a1-03ca-48e5-ba88-8d7551e0c76e" xsi:type="Association" />
    <relationship identifier="id-90a9e812-b2f8-4912-8c2f-02bed0697793" source="id-1b955391-87f1-4c77-aa6c-f4b0637c228b" target="be95cc03-5407-4d52-a918-221ece6e5b76" xsi:type="Aggregation" />
    <relationship identifier="id-8312cd31-663f-4cda-b492-6b97ef61c206" source="be95cc03-5407-4d52-a918-221ece6e5b76" target="a87d1275-e6f8-4b76-9311-72b93f05272d" xsi:type="Serving" />
    <relationship identifier="f0bd2b14-d4be-4816-8051-780967ba2212" source="id-47ab9ea3-cb81-4654-af90-81b8572f7036" target="be95cc03-5407-4d52-a918-221ece6e5b76" xsi:type="Aggregation" />
    <relationship identifier="a8988057-edbb-40ae-9c9c-1ed1429e86b4" source="ccefaf22-b441-4616-8948-21b608c78218" target="id-0cc863e1-a291-4f24-8e5f-2032fd8ceb95" xsi:type="Serving" />
    <relationship identifier="id-0cb83ae9-e10c-496e-b729-1c4ec169a374" source="id-97710ba9-8b14-4625-bbf6-fef222d95732" target="ccefaf22-b441-4616-8948-21b608c78218" xsi:type="Serving" />
  </relationships>
  <propertyDefinitions>
    <propertyDefinition identifier="propid-1" type="string">
      <name />
    </propertyDefinition>
  </propertyDefinitions>
  <views>
    <diagrams>
      <view identifier="bba7db37-7a39-42ac-9dc9-93575667a42a" xsi:type="Diagram">
        <name>AnyVisitor</name>
        <node identifier="id-24473072-97fc-4068-bdd7-7aefc5fc1395" elementRef="ccefaf22-b441-4616-8948-21b608c78218" xsi:type="Element" x="300" y="180" w="186" h="34">
          <style>
            <fillColor r="181" g="255" b="255" a="100" />
            <lineColor r="92" g="92" b="92" a="100" />
            <font name="Lucida Grande" size="12">
              <color r="0" g="0" b="0" />
            </font>
          </style>
        </node>
        <node identifier="id-3ff817d4-298a-4990-89e2-480fffa7a05f" elementRef="id-0cc863e1-a291-4f24-8e5f-2032fd8ceb95" xsi:type="Element" x="516" y="180" w="146" h="34">
          <style>
            <fillColor r="255" g="255" b="181" a="100" />
            <lineColor r="92" g="92" b="92" a="100" />
            <font name="Lucida Grande" size="12">
              <color r="0" g="0" b="0" />
            </font>
          </style>
        </node>
        <node identifier="id-267293cf-db82-4a19-876e-ad268b6b0cda" elementRef="id-97710ba9-8b14-4625-bbf6-fef222d95732" xsi:type="Element" x="72" y="179" w="169" h="35">
          <style>
            <fillColor r="181" g="255" b="255" a="100" />
            <lineColor r="92" g="92" b="92" a="100" />
            <font name="Lucida Grande" size="12">
              <color r="0" g="0" b="0" />
            </font>
          </style>
        </node>
        <connection identifier="id-952ccefd-69c9-4386-95d3-7197aad096df" relationshipRef="a8988057-edbb-40ae-9c9c-1ed1429e86b4" xsi:type="Relationship" source="id-24473072-97fc-4068-bdd7-7aefc5fc1395" target="id-3ff817d4-298a-4990-89e2-480fffa7a05f">
          <style>
            <lineColor r="0" g="0" b="0" />
            <font name="Lucida Grande" size="12">
              <color r="0" g="0" b="0" />
            </font>
          </style>
        </connection>
        <connection identifier="b41fc06f-4884-4dc2-b1ec-bf30139df310" relationshipRef="id-0cb83ae9-e10c-496e-b729-1c4ec169a374" xsi:type="Relationship" source="id-267293cf-db82-4a19-876e-ad268b6b0cda" target="id-24473072-97fc-4068-bdd7-7aefc5fc1395">
          <style>
            <lineColor r="0" g="0" b="0" />
            <font name="Lucida Grande" size="12">
              <color r="0" g="0" b="0" />
            </font>
          </style>
        </connection>
      </view>
      <view identifier="id-3eefeb55-33e1-4f1a-b3e3-6f13704f2923" xsi:type="Diagram" viewpoint="Application Cooperation">
        <name>ISeePricey.online</name>
        <node identifier="d59aa6bc-c31d-4220-a2ea-9c696eaa1b9c" elementRef="ccefaf22-b441-4616-8948-21b608c78218" xsi:type="Element" x="336" y="120" w="133" h="31">
          <style>
            <fillColor r="181" g="255" b="255" a="100" />
            <lineColor r="92" g="92" b="92" a="100" />
            <font name="Lucida Grande" size="12">
              <color r="0" g="0" b="0" />
            </font>
          </style>
        </node>
      </view>
      <view identifier="id-5e81871d-feb4-4f32-96a3-e5a8c81cfac5" xsi:type="Diagram">
        <name>Traveler</name>
        <node identifier="id-03b3699b-537f-4687-ac5f-269afeace4d5" elementRef="id-1b955391-87f1-4c77-aa6c-f4b0637c228b" xsi:type="Element" x="24" y="12" w="817" h="517">
          <style>
            <fillColor r="255" g="255" b="255" a="100" />
            <lineColor r="92" g="92" b="92" a="100" />
            <font name="Lucida Grande" size="12">
              <color r="0" g="0" b="0" />
            </font>
          </style>
          <node identifier="ae5e424f-74ad-483c-9f8b-ac5ac55c9958" elementRef="id-01cfdb9d-e314-443e-aad2-500a3814f7f9" xsi:type="Element" x="60" y="60" w="120" h="33">
            <style>
              <fillColor r="204" g="204" b="255" a="100" />
              <lineColor r="92" g="92" b="92" a="100" />
              <font name="Lucida Grande" size="12">
                <color r="0" g="0" b="0" />
              </font>
            </style>
          </node>
          <node identifier="id-9b27f241-fed4-4201-9b58-c16ddd25f378" elementRef="f9668d25-e5c5-486e-9d05-402b7f6badfc" xsi:type="Element" x="612" y="49" w="120" h="55">
            <style>
              <fillColor r="255" g="255" b="181" a="100" />
              <lineColor r="92" g="92" b="92" a="100" />
              <font name="Lucida Grande" size="12">
                <color r="0" g="0" b="0" />
              </font>
            </style>
          </node>
          <node identifier="id-4bee18ef-68af-45c6-8340-897649ec8ec5" elementRef="id-597bb0f3-755f-4cca-8b76-2181326524d7" xsi:type="Element" x="568" y="120" w="120" h="73">
            <style>
              <fillColor r="255" g="255" b="181" a="100" />
              <lineColor r="92" g="92" b="92" a="100" />
              <font name="Lucida Grande" size="12">
                <color r="0" g="0" b="0" />
              </font>
            </style>
          </node>
          <node identifier="id-18e8a491-58ee-4cf8-8948-3fef65f052b0" elementRef="c5b8dd48-cdd4-410f-889d-fcc6f9b05b77" xsi:type="Element" x="60" y="177" w="132" h="28">
            <style>
              <fillColor r="181" g="255" b="255" a="100" />
              <lineColor r="92" g="92" b="92" a="100" />
              <font name="Lucida Grande" size="12">
                <color r="0" g="0" b="0" />
              </font>
            </style>
          </node>
          <node identifier="id-13b850fb-4975-41ed-a5d4-3bc73c26ca85" elementRef="id-8edae3d7-78f4-4c76-a1e9-1fd4dee821b5" xsi:type="Element" x="60" y="120" w="120" h="25">
            <style>
              <fillColor r="255" g="255" b="181" a="100" />
              <lineColor r="92" g="92" b="92" a="100" />
              <font name="Lucida Grande" size="12">
                <color r="0" g="0" b="0" />
              </font>
            </style>
          </node>
          <node identifier="d5e77829-2e7d-4d9e-bac5-388e5dead40c" elementRef="id-89b04e34-43a9-4871-bdba-3a248e1125b9" xsi:type="Element" x="72" y="228" w="132" h="61">
            <style>
              <fillColor r="181" g="255" b="255" a="100" />
              <lineColor r="92" g="92" b="92" a="100" />
              <font name="Lucida Grande" size="12">
                <color r="0" g="0" b="0" />
              </font>
            </style>
          </node>
          <node identifier="id-2cbabd59-9f81-4afc-aa87-0a5ca0234376" elementRef="id-5c1e37fd-5681-4ce5-aa58-7ad0d43aebc6" xsi:type="Element" x="240" y="108" w="241" h="409">
            <style>
              <fillColor r="181" g="255" b="255" a="100" />
              <lineColor r="92" g="92" b="92" a="100" />
              <font name="Lucida Grande" size="12">
                <color r="0" g="0" b="0" />
              </font>
            </style>
            <node identifier="id-977f035d-3b59-4a5b-be4b-480485fcb50d" elementRef="id-6210b7a8-cca6-4df1-b336-5165cd9d59fb" xsi:type="Element" x="264" y="156" w="120" h="55">
              <style>
                <fillColor r="181" g="255" b="255" a="100" />
                <lineColor r="92" g="92" b="92" a="100" />
                <font name="Lucida Grande" size="12">
                  <color r="0" g="0" b="0" />
                </font>
              </style>
            </node>
            <node identifier="id-19440cf4-1962-4e18-892f-0893b478b6a9" elementRef="id-77360300-bfba-4880-8b35-62d4e95df7e4" xsi:type="Element" x="264" y="228" w="120" h="55">
              <style>
                <fillColor r="181" g="255" b="255" a="100" />
                <lineColor r="92" g="92" b="92" a="100" />
                <font name="Lucida Grande" size="12">
                  <color r="0" g="0" b="0" />
                </font>
              </style>
            </node>
            <node identifier="id-3658d00b-4785-4128-bca4-bf62fe12b6c2" elementRef="a87d1275-e6f8-4b76-9311-72b93f05272d" xsi:type="Element" x="264" y="300" w="145" h="55">
              <style>
                <fillColor r="181" g="255" b="255" a="100" />
                <lineColor r="92" g="92" b="92" a="100" />
                <font name="Lucida Grande" size="12">
                  <color r="0" g="0" b="0" />
                </font>
              </style>
            </node>
            <node identifier="id-9d55641d-42ff-4b5c-87fd-82b86d497be2" elementRef="c4d3297f-2096-4580-ac23-0fc367fb36d2" xsi:type="Element" x="251" y="372" w="97" h="55">
              <style>
                <fillColor r="181" g="255" b="255" a="100" />
                <lineColor r="92" g="92" b="92" a="100" />
                <font name="Lucida Grande" size="12">
                  <color r="0" g="0" b="0" />
                </font>
              </style>
            </node>
            <node identifier="id-1367281b-8b9c-4b71-9860-38739f965a2a" elementRef="id-436fa82b-2319-402e-a38e-21b639186b80" xsi:type="Element" x="384" y="372" w="85" h="55">
              <style>
                <fillColor r="181" g="255" b="255" a="100" />
                <lineColor r="92" g="92" b="92" a="100" />
                <font name="Lucida Grande" size="12">
                  <color r="0" g="0" b="0" />
                </font>
              </style>
            </node>
            <node identifier="id-67abef47-3359-4622-849a-8aa7f8ffb72e" elementRef="id-35f7f55a-795e-448e-afe0-275289e5d732" xsi:type="Element" x="277" y="456" w="181" h="49">
              <style>
                <fillColor r="181" g="255" b="255" a="100" />
                <lineColor r="92" g="92" b="92" a="100" />
                <font name="Lucida Grande" size="12">
                  <color r="0" g="0" b="0" />
                </font>
              </style>
            </node>
            <node identifier="id-798b9936-0b0b-4f3e-b606-cda2f1fef8fe" elementRef="id-6121a5f4-f12e-42dc-9eab-6c8c7f9d5260" xsi:type="Element" x="360" y="392" w="15" h="15">
              <style>
                <fillColor r="0" g="0" b="0" a="100" />
                <lineColor r="92" g="92" b="92" a="100" />
                <font name="Lucida Grande" size="12">
                  <color r="0" g="0" b="0" />
                </font>
              </style>
            </node>
          </node>
          <node identifier="id-559be31d-adb8-49c2-8973-e7e17b17623d" elementRef="id-5910a0f4-7c9f-442a-9570-513d8d5bb14f" xsi:type="Element" x="708" y="372" w="120" h="55">
            <style>
              <fillColor r="181" g="255" b="255" a="100" />
              <lineColor r="92" g="92" b="92" a="100" />
              <font name="Lucida Grande" size="12">
                <color r="0" g="0" b="0" />
              </font>
            </style>
          </node>
          <node identifier="id-50bf8523-78c8-4d20-ae6c-0ca89bdaafe8" elementRef="id-11e622b2-5e33-4c57-99d7-360660178a87" xsi:type="Element" x="696" y="273" w="120" h="55">
            <style>
              <fillColor r="181" g="255" b="255" a="100" />
              <lineColor r="92" g="92" b="92" a="100" />
              <font name="Lucida Grande" size="12">
                <color r="0" g="0" b="0" />
              </font>
            </style>
          </node>
          <node identifier="id-2acb8af0-195d-4a0d-b425-b0d0fc3e55b0" elementRef="id-5090ffa2-2f38-495f-8a2d-10969ad660cc" xsi:type="Element" x="435" y="228" w="133" h="26">
            <style>
              <fillColor r="201" g="231" b="183" a="100" />
              <lineColor r="92" g="92" b="92" a="100" />
              <font name="Lucida Grande" size="12">
                <color r="0" g="0" b="0" />
              </font>
            </style>
          </node>
          <node identifier="id-20df47d4-9e44-434e-84f5-29049ade3bdc" elementRef="id-3fea1629-b2ff-40a0-b1d9-a13a44fa3361" xsi:type="Element" x="576" y="336" w="104" h="55">
            <style>
              <fillColor r="255" g="255" b="181" a="100" />
              <lineColor r="92" g="92" b="92" a="100" />
              <font name="Lucida Grande" size="12">
                <color r="0" g="0" b="0" />
              </font>
            </style>
          </node>
          <node identifier="aaf49b7d-e4d8-48d0-9399-0e252f39e37e" elementRef="ac3e2539-c413-402a-b5f3-e1bf87af2364" xsi:type="Element" x="636" y="444" w="120" h="55">
            <style>
              <fillColor r="255" g="255" b="181" a="100" />
              <lineColor r="92" g="92" b="92" a="100" />
              <font name="Lucida Grande" size="12">
                <color r="0" g="0" b="0" />
              </font>
            </style>
          </node>
          <node identifier="c13b2991-5720-42cb-ad03-fc70d2d66abb" elementRef="id-4e958b72-6f36-4cab-96b7-29e1091ae0cc" xsi:type="Element" x="493" y="390" w="132" h="67">
            <style>
              <fillColor r="204" g="204" b="255" a="100" />
              <lineColor r="92" g="92" b="92" a="100" />
              <font name="Lucida Grande" size="12">
                <color r="0" g="0" b="0" />
              </font>
            </style>
          </node>
          <node identifier="ee202ebf-2025-4886-be3d-024b0a7a2bc7" elementRef="be95cc03-5407-4d52-a918-221ece6e5b76" xsi:type="Element" x="84" y="318" w="120" h="43">
            <style>
              <fillColor r="181" g="255" b="255" a="100" />
              <lineColor r="92" g="92" b="92" a="100" />
              <font name="Lucida Grande" size="12">
                <color r="0" g="0" b="0" />
              </font>
            </style>
          </node>
        </node>
        <connection identifier="id-1ecf29c8-da88-4d58-9666-e19b8f398c2c" relationshipRef="a54c652e-40bd-4f78-a61c-fcf9d6d021e3" xsi:type="Relationship" source="ae5e424f-74ad-483c-9f8b-ac5ac55c9958" target="id-9b27f241-fed4-4201-9b58-c16ddd25f378">
          <style>
            <lineColor r="0" g="0" b="0" />
            <font name="Lucida Grande" size="12">
              <color r="0" g="0" b="0" />
            </font>
          </style>
        </connection>
        <connection identifier="id-95e78ddd-1626-4ac7-bfd7-0b77866c7b90" relationshipRef="d3fdbe3d-ea67-4927-a18d-e9ec89ad620d" xsi:type="Relationship" source="id-4bee18ef-68af-45c6-8340-897649ec8ec5" target="id-9b27f241-fed4-4201-9b58-c16ddd25f378">
          <style>
            <lineColor r="0" g="0" b="0" />
            <font name="Lucida Grande" size="12">
              <color r="0" g="0" b="0" />
            </font>
          </style>
        </connection>
        <connection identifier="id-1b7302f0-0ec6-4bad-af91-776f822f997c" relationshipRef="cb1a80e4-3014-4883-b20e-00f9c637629a" xsi:type="Relationship" source="id-4bee18ef-68af-45c6-8340-897649ec8ec5" target="id-20df47d4-9e44-434e-84f5-29049ade3bdc">
          <style>
            <lineColor r="0" g="0" b="0" />
            <font name="Lucida Grande" size="12">
              <color r="0" g="0" b="0" />
            </font>
          </style>
        </connection>
        <connection identifier="id-5e981d19-31e6-45c1-b831-4ee61a168ddd" relationshipRef="ab3b91be-5e05-4d21-91b0-02e0e76a2ece" xsi:type="Relationship" source="id-18e8a491-58ee-4cf8-8948-3fef65f052b0" target="id-13b850fb-4975-41ed-a5d4-3bc73c26ca85">
          <style>
            <lineColor r="0" g="0" b="0" />
            <font name="Lucida Grande" size="12">
              <color r="0" g="0" b="0" />
            </font>
          </style>
        </connection>
        <connection identifier="a56eb8bc-49e9-4980-89fc-98d311acd074" relationshipRef="id-67440561-a15e-4b2a-ba84-5e7e76cabe7c" xsi:type="Relationship" source="id-18e8a491-58ee-4cf8-8948-3fef65f052b0" target="d5e77829-2e7d-4d9e-bac5-388e5dead40c">
          <style>
            <lineColor r="0" g="0" b="0" />
            <font name="Lucida Grande" size="12">
              <color r="0" g="0" b="0" />
            </font>
          </style>
        </connection>
        <connection identifier="cb591f6f-d781-45f9-9637-82c00b674b4e" relationshipRef="bb9cc04f-d06c-46dd-a447-dd9020500638" xsi:type="Relationship" source="id-13b850fb-4975-41ed-a5d4-3bc73c26ca85" target="ae5e424f-74ad-483c-9f8b-ac5ac55c9958">
          <style>
            <lineColor r="0" g="0" b="0" />
            <font name="Lucida Grande" size="12">
              <color r="0" g="0" b="0" />
            </font>
          </style>
        </connection>
        <connection identifier="id-4a5efcd6-3bf2-4a41-8634-28db837cca02" relationshipRef="d53d6556-89b5-4e42-bb4d-266e94462c1a" xsi:type="Relationship" source="id-2cbabd59-9f81-4afc-aa87-0a5ca0234376" target="d5e77829-2e7d-4d9e-bac5-388e5dead40c">
          <style>
            <lineColor r="0" g="0" b="0" />
            <font name="Lucida Grande" size="12">
              <color r="0" g="0" b="0" />
            </font>
          </style>
        </connection>
        <connection identifier="b6a7013a-a8ec-488b-a4bd-1823af62aea0" relationshipRef="b3c1f459-55be-4b36-bc9e-995352b84c6b" xsi:type="Relationship" source="id-977f035d-3b59-4a5b-be4b-480485fcb50d" target="id-4bee18ef-68af-45c6-8340-897649ec8ec5">
          <style>
            <lineColor r="0" g="0" b="0" />
            <font name="Lucida Grande" size="12">
              <color r="0" g="0" b="0" />
            </font>
          </style>
        </connection>
        <connection identifier="f40a99f8-c6aa-407f-b8f4-dddd43e1c573" relationshipRef="id-1bd28d12-2f25-4a99-8d6f-5133cf73db97" xsi:type="Relationship" source="id-977f035d-3b59-4a5b-be4b-480485fcb50d" target="id-19440cf4-1962-4e18-892f-0893b478b6a9">
          <style>
            <lineColor r="0" g="0" b="0" />
            <font name="Lucida Grande" size="12">
              <color r="0" g="0" b="0" />
            </font>
          </style>
        </connection>
        <connection identifier="e152de15-9745-44a5-bc8c-93f4b38c33e8" relationshipRef="id-0846831a-d272-4f97-817c-836b1adda6c2" xsi:type="Relationship" source="id-19440cf4-1962-4e18-892f-0893b478b6a9" target="id-3658d00b-4785-4128-bca4-bf62fe12b6c2">
          <style>
            <lineColor r="0" g="0" b="0" />
            <font name="Lucida Grande" size="12">
              <color r="0" g="0" b="0" />
            </font>
          </style>
        </connection>
        <connection identifier="id-1ba367f3-e916-4fea-b729-b775709fec95" relationshipRef="cdd45e07-c54a-4ccb-9aaa-6396b971059e" xsi:type="Relationship" source="id-3658d00b-4785-4128-bca4-bf62fe12b6c2" target="id-50bf8523-78c8-4d20-ae6c-0ca89bdaafe8">
          <style>
            <lineColor r="0" g="0" b="0" />
            <font name="Lucida Grande" size="12">
              <color r="0" g="0" b="0" />
            </font>
          </style>
        </connection>
        <connection identifier="b334cd5a-887a-4b30-b747-3f54c6cd238b" relationshipRef="id-35f7f256-4a29-4bd9-a466-8a5b8bff525e" xsi:type="Relationship" source="id-3658d00b-4785-4128-bca4-bf62fe12b6c2" target="id-20df47d4-9e44-434e-84f5-29049ade3bdc">
          <style>
            <lineColor r="0" g="0" b="0" />
            <font name="Lucida Grande" size="12">
              <color r="0" g="0" b="0" />
            </font>
          </style>
        </connection>
        <connection identifier="b381611b-cef3-481a-8ced-180abe9511c2" relationshipRef="id-1eceeb19-a4a4-4f00-86ff-8e6688c5fc4d" xsi:type="Relationship" source="id-3658d00b-4785-4128-bca4-bf62fe12b6c2" target="id-9d55641d-42ff-4b5c-87fd-82b86d497be2">
          <style>
            <lineColor r="0" g="0" b="0" />
            <font name="Lucida Grande" size="12">
              <color r="0" g="0" b="0" />
            </font>
          </style>
        </connection>
        <connection identifier="f410552c-9e94-4ea9-9dbf-3f2caf954224" relationshipRef="ae445bf2-0c62-4503-b57e-4c1ce0bf7c0d" xsi:type="Relationship" source="id-3658d00b-4785-4128-bca4-bf62fe12b6c2" target="id-1367281b-8b9c-4b71-9860-38739f965a2a">
          <style>
            <lineColor r="0" g="0" b="0" />
            <font name="Lucida Grande" size="12">
              <color r="0" g="0" b="0" />
            </font>
          </style>
        </connection>
        <connection identifier="id-6ecade0a-cda1-4fa0-b7c0-de2ba0bce0fa" relationshipRef="id-490dae85-5c80-4a55-8c35-3b7a3cbbfe2c" xsi:type="Relationship" source="id-9d55641d-42ff-4b5c-87fd-82b86d497be2" target="id-798b9936-0b0b-4f3e-b606-cda2f1fef8fe">
          <style>
            <lineColor r="0" g="0" b="0" />
            <font name="Lucida Grande" size="12">
              <color r="0" g="0" b="0" />
            </font>
          </style>
        </connection>
        <connection identifier="b195e03a-b3de-43f3-a316-26c6e5cc234d" relationshipRef="id-149575ab-b65c-4a13-a491-d9b19a447604" xsi:type="Relationship" source="id-1367281b-8b9c-4b71-9860-38739f965a2a" target="id-798b9936-0b0b-4f3e-b606-cda2f1fef8fe">
          <style>
            <lineColor r="0" g="0" b="0" />
            <font name="Lucida Grande" size="12">
              <color r="0" g="0" b="0" />
            </font>
          </style>
        </connection>
        <connection identifier="id-56a8d9b1-2299-454f-9034-3ae230e79cfd" relationshipRef="d2050e08-37e4-4d53-b13f-34ba8eaea9f6" xsi:type="Relationship" source="id-67abef47-3359-4622-849a-8aa7f8ffb72e" target="aaf49b7d-e4d8-48d0-9399-0e252f39e37e">
          <style>
            <lineColor r="0" g="0" b="0" />
            <font name="Lucida Grande" size="12">
              <color r="0" g="0" b="0" />
            </font>
          </style>
        </connection>
        <connection identifier="bf811733-8416-49aa-a33a-da838752cfd3" relationshipRef="bb3a3418-8dcb-4662-a835-46ad4c6f8403" xsi:type="Relationship" source="id-798b9936-0b0b-4f3e-b606-cda2f1fef8fe" target="id-67abef47-3359-4622-849a-8aa7f8ffb72e">
          <style>
            <lineColor r="0" g="0" b="0" />
            <font name="Lucida Grande" size="12">
              <color r="0" g="0" b="0" />
            </font>
          </style>
        </connection>
        <connection identifier="f1906553-c26e-475f-9d68-12b564c0c2c9" relationshipRef="id-9ac66601-ab42-4ed4-b60c-dcc735fb1c20" xsi:type="Relationship" source="id-559be31d-adb8-49c2-8973-e7e17b17623d" target="id-50bf8523-78c8-4d20-ae6c-0ca89bdaafe8">
          <style>
            <lineColor r="0" g="0" b="0" />
            <font name="Lucida Grande" size="12">
              <color r="0" g="0" b="0" />
            </font>
          </style>
        </connection>
        <connection identifier="id-10bc6b83-3f68-48fc-892d-1de317bfad3e" relationshipRef="id-001d9cc4-8bbb-4c4e-abcd-e28309b53bf6" xsi:type="Relationship" source="id-559be31d-adb8-49c2-8973-e7e17b17623d" target="id-20df47d4-9e44-434e-84f5-29049ade3bdc">
          <style>
            <lineColor r="0" g="0" b="0" />
            <font name="Lucida Grande" size="12">
              <color r="0" g="0" b="0" />
            </font>
          </style>
        </connection>
        <connection identifier="id-6248a3fd-3223-48a4-914c-352ec0046d39" relationshipRef="afbcb503-ac8a-423d-b7dd-0fe4ae44a2d2" xsi:type="Relationship" source="id-2acb8af0-195d-4a0d-b425-b0d0fc3e55b0" target="id-19440cf4-1962-4e18-892f-0893b478b6a9">
          <style>
            <lineColor r="0" g="0" b="0" />
            <font name="Lucida Grande" size="12">
              <color r="0" g="0" b="0" />
            </font>
          </style>
        </connection>
        <connection identifier="id-5250fdac-0634-4f5f-ae36-11595149255b" relationshipRef="id-1d3a99ee-f0c4-4034-9a5e-154c419cdf2e" xsi:type="Relationship" source="aaf49b7d-e4d8-48d0-9399-0e252f39e37e" target="id-20df47d4-9e44-434e-84f5-29049ade3bdc">
          <style>
            <lineColor r="0" g="0" b="0" />
            <font name="Lucida Grande" size="12">
              <color r="0" g="0" b="0" />
            </font>
          </style>
        </connection>
        <connection identifier="id-67d9d089-f5c5-4e0d-9848-946b808cfdf4" relationshipRef="id-02b692fa-ffbd-4386-a5b2-41ef68836b7a" xsi:type="Relationship" source="c13b2991-5720-42cb-ad03-fc70d2d66abb" target="id-56a8d9b1-2299-454f-9034-3ae230e79cfd">
          <style>
            <lineColor r="0" g="0" b="0" />
            <font name="Lucida Grande" size="12">
              <color r="0" g="0" b="0" />
            </font>
          </style>
        </connection>
        <connection identifier="id-1de3b120-4152-425c-80b1-61f3b7ffe933" relationshipRef="id-8312cd31-663f-4cda-b492-6b97ef61c206" xsi:type="Relationship" source="ee202ebf-2025-4886-be3d-024b0a7a2bc7" target="id-3658d00b-4785-4128-bca4-bf62fe12b6c2">
          <style>
            <lineColor r="0" g="0" b="0" />
            <font name="Lucida Grande" size="12">
              <color r="0" g="0" b="0" />
            </font>
          </style>
        </connection>
      </view>
      <view identifier="id-93fa4143-1275-41bf-8d67-333472493fc2" xsi:type="Diagram">
        <name>Local Byer</name>
        <node identifier="id-424cc5f0-0de3-4eac-bda4-653387b3e54d" elementRef="id-47ab9ea3-cb81-4654-af90-81b8572f7036" xsi:type="Element" x="0" y="0" w="661" h="457">
          <style>
            <fillColor r="255" g="255" b="255" a="100" />
            <lineColor r="92" g="92" b="92" a="100" />
            <font name="Lucida Grande" size="12">
              <color r="0" g="0" b="0" />
            </font>
          </style>
          <node identifier="d2c522b8-ea94-46cc-a11e-3562b19ae0f1" elementRef="f25cd18d-27c8-4c3a-a469-4db521e48ab6" xsi:type="Element" x="24" y="24" w="120" h="37">
            <style>
              <fillColor r="204" g="204" b="255" a="100" />
              <lineColor r="92" g="92" b="92" a="100" />
              <font name="Lucida Grande" size="12">
                <color r="0" g="0" b="0" />
              </font>
            </style>
          </node>
          <node identifier="e32e935e-2b60-4698-999f-6a11d8c5eb98" elementRef="f9668d25-e5c5-486e-9d05-402b7f6badfc" xsi:type="Element" x="528" y="24" w="120" h="37">
            <style>
              <fillColor r="255" g="255" b="181" a="100" />
              <lineColor r="92" g="92" b="92" a="100" />
              <font name="Lucida Grande" size="12">
                <color r="0" g="0" b="0" />
              </font>
            </style>
          </node>
          <node identifier="id-51f02a86-c012-4aa4-bd8b-5ceced40d7bc" elementRef="id-597bb0f3-755f-4cca-8b76-2181326524d7" xsi:type="Element" x="480" y="84" w="120" h="73">
            <style>
              <fillColor r="255" g="255" b="181" a="100" />
              <lineColor r="92" g="92" b="92" a="100" />
              <font name="Lucida Grande" size="12">
                <color r="0" g="0" b="0" />
              </font>
            </style>
          </node>
          <node identifier="dd86b875-bd51-477d-a9fa-5ba40efe95a0" elementRef="b1b16e78-b12d-4647-ac16-ee04a4823347" xsi:type="Element" x="48" y="84" w="120" h="25">
            <style>
              <fillColor r="255" g="255" b="181" a="100" />
              <lineColor r="92" g="92" b="92" a="100" />
              <font name="Lucida Grande" size="12">
                <color r="0" g="0" b="0" />
              </font>
            </style>
          </node>
          <node identifier="id-7629ef71-1510-4c37-b8df-9d590e3ed680" elementRef="c5b8dd48-cdd4-410f-889d-fcc6f9b05b77" xsi:type="Element" x="84" y="144" w="133" h="25">
            <style>
              <fillColor r="181" g="255" b="255" a="100" />
              <lineColor r="92" g="92" b="92" a="100" />
              <font name="Lucida Grande" size="12">
                <color r="0" g="0" b="0" />
              </font>
            </style>
          </node>
          <node identifier="id-290d1d17-3e8b-4a20-b0e9-81d132b1d724" elementRef="bd2e4f72-4864-43ad-8c8b-739d9cb16ec6" xsi:type="Element" x="129" y="202" w="100" h="55">
            <style>
              <fillColor r="181" g="255" b="255" a="100" />
              <lineColor r="92" g="92" b="92" a="100" />
              <font name="Lucida Grande" size="12">
                <color r="0" g="0" b="0" />
              </font>
            </style>
          </node>
          <node identifier="a3c3e6ab-bca8-4730-906a-f2f5a0d593d5" elementRef="id-8fddb176-c218-47ab-a8dc-882a2893c297" xsi:type="Element" x="252" y="72" w="145" h="361">
            <style>
              <fillColor r="181" g="255" b="255" a="100" />
              <lineColor r="92" g="92" b="92" a="100" />
              <font name="Lucida Grande" size="12">
                <color r="0" g="0" b="0" />
              </font>
            </style>
            <node identifier="id-2127e151-c924-4550-8c7b-77cd114ee956" elementRef="id-6210b7a8-cca6-4df1-b336-5165cd9d59fb" xsi:type="Element" x="264" y="108" w="120" h="37">
              <style>
                <fillColor r="181" g="255" b="255" a="100" />
                <lineColor r="92" g="92" b="92" a="100" />
                <font name="Lucida Grande" size="12">
                  <color r="0" g="0" b="0" />
                </font>
              </style>
            </node>
            <node identifier="bd7b6ca0-ff85-4154-8938-a89dfcd5ec44" elementRef="id-77360300-bfba-4880-8b35-62d4e95df7e4" xsi:type="Element" x="264" y="168" w="120" h="49">
              <style>
                <fillColor r="181" g="255" b="255" a="100" />
                <lineColor r="92" g="92" b="92" a="100" />
                <font name="Lucida Grande" size="12">
                  <color r="0" g="0" b="0" />
                </font>
              </style>
            </node>
            <node identifier="bd4003e4-ffb7-4719-b92b-a54db4021d91" elementRef="a87d1275-e6f8-4b76-9311-72b93f05272d" xsi:type="Element" x="264" y="240" w="120" h="49">
              <style>
                <fillColor r="181" g="255" b="255" a="100" />
                <lineColor r="92" g="92" b="92" a="100" />
                <font name="Lucida Grande" size="12">
                  <color r="0" g="0" b="0" />
                </font>
              </style>
            </node>
            <node identifier="id-707db41b-159d-4d60-bf3b-13c6725158fe" elementRef="id-72dc01d8-06b6-425b-9128-30215772ba43" xsi:type="Element" x="264" y="312" w="120" h="55">
              <style>
                <fillColor r="181" g="255" b="255" a="100" />
                <lineColor r="92" g="92" b="92" a="100" />
                <font name="Lucida Grande" size="12">
                  <color r="0" g="0" b="0" />
                </font>
              </style>
            </node>
            <node identifier="e9a4cf8c-06cc-47ad-876a-c42d49fa0b4a" elementRef="eb614993-9ca5-4d3e-bb66-596bb965d39b" xsi:type="Element" x="264" y="384" w="120" h="37">
              <style>
                <fillColor r="181" g="255" b="255" a="100" />
                <lineColor r="92" g="92" b="92" a="100" />
                <font name="Lucida Grande" size="12">
                  <color r="0" g="0" b="0" />
                </font>
              </style>
            </node>
          </node>
          <node identifier="f4b62326-1a21-4ffa-8f71-064dcf9c8eff" elementRef="id-3fea1629-b2ff-40a0-b1d9-a13a44fa3361" xsi:type="Element" x="516" y="228" w="120" h="55">
            <style>
              <fillColor r="255" g="255" b="181" a="100" />
              <lineColor r="92" g="92" b="92" a="100" />
              <font name="Lucida Grande" size="12">
                <color r="0" g="0" b="0" />
              </font>
            </style>
          </node>
          <node identifier="id-69e9bfc3-95a9-4414-862c-18f4c6a5ef10" elementRef="id-5275966a-fe02-46b9-84da-71a20175f2c5" xsi:type="Element" x="492" y="360" w="120" h="55">
            <style>
              <fillColor r="255" g="255" b="181" a="100" />
              <lineColor r="92" g="92" b="92" a="100" />
              <font name="Lucida Grande" size="12">
                <color r="0" g="0" b="0" />
              </font>
            </style>
          </node>
          <node identifier="id-43163903-3644-4575-b7db-420dd8a6ba0d" elementRef="id-8624c469-a195-4cba-aee6-7c3ae170754e" xsi:type="Element" x="84" y="330" w="120" h="55">
            <style>
              <fillColor r="181" g="255" b="255" a="100" />
              <lineColor r="92" g="92" b="92" a="100" />
              <font name="Lucida Grande" size="12">
                <color r="0" g="0" b="0" />
              </font>
            </style>
          </node>
          <node identifier="id-81e600b0-290c-41fc-8dae-2dc5708449bf" elementRef="id-8ae9962f-a7da-4734-be8b-bd5851adb165" xsi:type="Element" x="420" y="294" w="120" h="37">
            <style>
              <fillColor r="204" g="204" b="255" a="100" />
              <lineColor r="92" g="92" b="92" a="100" />
              <font name="Lucida Grande" size="12">
                <color r="0" g="0" b="0" />
              </font>
            </style>
          </node>
          <node identifier="id-6b8553bc-7963-477d-84a8-d64f7dd1c7c2" elementRef="be95cc03-5407-4d52-a918-221ece6e5b76" xsi:type="Element" x="84" y="264" w="120" h="55">
            <style>
              <fillColor r="181" g="255" b="255" a="100" />
              <lineColor r="92" g="92" b="92" a="100" />
              <font name="Lucida Grande" size="12">
                <color r="0" g="0" b="0" />
              </font>
            </style>
          </node>
        </node>
        <connection identifier="id-3f3bc661-d6d9-4e46-879e-2c87e1ce22b9" relationshipRef="id-25b8bedb-418c-4290-9ad0-a193fed4438b" xsi:type="Relationship" source="d2c522b8-ea94-46cc-a11e-3562b19ae0f1" target="e32e935e-2b60-4698-999f-6a11d8c5eb98">
          <style>
            <lineColor r="0" g="0" b="0" />
            <font name="Lucida Grande" size="12">
              <color r="0" g="0" b="0" />
            </font>
          </style>
        </connection>
        <connection identifier="a469dd8b-45f1-4dd1-97dc-addc5832f9b6" relationshipRef="d3fdbe3d-ea67-4927-a18d-e9ec89ad620d" xsi:type="Relationship" source="id-51f02a86-c012-4aa4-bd8b-5ceced40d7bc" target="e32e935e-2b60-4698-999f-6a11d8c5eb98">
          <style>
            <lineColor r="0" g="0" b="0" />
            <font name="Lucida Grande" size="12">
              <color r="0" g="0" b="0" />
            </font>
          </style>
        </connection>
        <connection identifier="id-285d970d-6c49-4314-9667-e952765df8d4" relationshipRef="cb1a80e4-3014-4883-b20e-00f9c637629a" xsi:type="Relationship" source="id-51f02a86-c012-4aa4-bd8b-5ceced40d7bc" target="f4b62326-1a21-4ffa-8f71-064dcf9c8eff">
          <style>
            <lineColor r="0" g="0" b="0" />
            <font name="Lucida Grande" size="12">
              <color r="0" g="0" b="0" />
            </font>
          </style>
        </connection>
        <connection identifier="id-0bdd4195-8703-4197-a20b-458e709fdafd" relationshipRef="id-95216d76-c14a-412b-8e8e-b9827a4c880b" xsi:type="Relationship" source="dd86b875-bd51-477d-a9fa-5ba40efe95a0" target="d2c522b8-ea94-46cc-a11e-3562b19ae0f1">
          <style>
            <lineColor r="0" g="0" b="0" />
            <font name="Lucida Grande" size="12">
              <color r="0" g="0" b="0" />
            </font>
          </style>
        </connection>
        <connection identifier="id-9da02819-b75e-49c9-8649-3a9db69c1261" relationshipRef="id-53d5c31e-81e7-4124-a6c6-b19082050ad5" xsi:type="Relationship" source="id-7629ef71-1510-4c37-b8df-9d590e3ed680" target="dd86b875-bd51-477d-a9fa-5ba40efe95a0">
          <style>
            <lineColor r="0" g="0" b="0" />
            <font name="Lucida Grande" size="12">
              <color r="0" g="0" b="0" />
            </font>
          </style>
        </connection>
        <connection identifier="id-2acaa616-2a9d-470d-8732-3c4f4848210c" relationshipRef="id-3a1c0092-72e8-44dd-a356-3e541a90b54b" xsi:type="Relationship" source="id-7629ef71-1510-4c37-b8df-9d590e3ed680" target="id-290d1d17-3e8b-4a20-b0e9-81d132b1d724">
          <style>
            <lineColor r="0" g="0" b="0" />
            <font name="Lucida Grande" size="12">
              <color r="0" g="0" b="0" />
            </font>
          </style>
        </connection>
        <connection identifier="id-96567f88-a502-4fb8-bd4d-9451c720c42c" relationshipRef="id-88aa132d-32e2-4878-ba29-3e1f8c28475e" xsi:type="Relationship" source="a3c3e6ab-bca8-4730-906a-f2f5a0d593d5" target="id-290d1d17-3e8b-4a20-b0e9-81d132b1d724">
          <style>
            <lineColor r="0" g="0" b="0" />
            <font name="Lucida Grande" size="12">
              <color r="0" g="0" b="0" />
            </font>
          </style>
        </connection>
        <connection identifier="f7d48280-8d9a-48f8-b18e-3248c97e215b" relationshipRef="b3c1f459-55be-4b36-bc9e-995352b84c6b" xsi:type="Relationship" source="id-2127e151-c924-4550-8c7b-77cd114ee956" target="id-51f02a86-c012-4aa4-bd8b-5ceced40d7bc">
          <style>
            <lineColor r="0" g="0" b="0" />
            <font name="Lucida Grande" size="12">
              <color r="0" g="0" b="0" />
            </font>
          </style>
        </connection>
        <connection identifier="b2dad77f-325d-489b-b61b-e17f1970fcfe" relationshipRef="id-1bd28d12-2f25-4a99-8d6f-5133cf73db97" xsi:type="Relationship" source="id-2127e151-c924-4550-8c7b-77cd114ee956" target="bd7b6ca0-ff85-4154-8938-a89dfcd5ec44">
          <style>
            <lineColor r="0" g="0" b="0" />
            <font name="Lucida Grande" size="12">
              <color r="0" g="0" b="0" />
            </font>
          </style>
        </connection>
        <connection identifier="f1d00975-37b0-4f9b-a0cb-6488b7cb180f" relationshipRef="id-0846831a-d272-4f97-817c-836b1adda6c2" xsi:type="Relationship" source="bd7b6ca0-ff85-4154-8938-a89dfcd5ec44" target="bd4003e4-ffb7-4719-b92b-a54db4021d91">
          <style>
            <lineColor r="0" g="0" b="0" />
            <font name="Lucida Grande" size="12">
              <color r="0" g="0" b="0" />
            </font>
          </style>
        </connection>
        <connection identifier="id-7d88927a-98d0-4ebc-80a4-99382483d9ec" relationshipRef="id-35f7f256-4a29-4bd9-a466-8a5b8bff525e" xsi:type="Relationship" source="bd4003e4-ffb7-4719-b92b-a54db4021d91" target="f4b62326-1a21-4ffa-8f71-064dcf9c8eff">
          <style>
            <lineColor r="0" g="0" b="0" />
            <font name="Lucida Grande" size="12">
              <color r="0" g="0" b="0" />
            </font>
          </style>
        </connection>
        <connection identifier="a2ec8af9-fb43-40e8-8531-35e09bdb02ab" relationshipRef="id-177a76cd-341b-4627-966a-6b8242699d56" xsi:type="Relationship" source="bd4003e4-ffb7-4719-b92b-a54db4021d91" target="id-707db41b-159d-4d60-bf3b-13c6725158fe">
          <style>
            <lineColor r="0" g="0" b="0" />
            <font name="Lucida Grande" size="12">
              <color r="0" g="0" b="0" />
            </font>
          </style>
        </connection>
        <connection identifier="a7470ed2-ae92-4edc-a110-a6fb4a6f6dfe" relationshipRef="id-75a0b3e6-8fa2-44f9-9585-3a59af74121f" xsi:type="Relationship" source="id-707db41b-159d-4d60-bf3b-13c6725158fe" target="e9a4cf8c-06cc-47ad-876a-c42d49fa0b4a">
          <style>
            <lineColor r="0" g="0" b="0" />
            <font name="Lucida Grande" size="12">
              <color r="0" g="0" b="0" />
            </font>
          </style>
        </connection>
        <connection identifier="ff6baf22-21f1-46e3-9c97-4f09ed4c446f" relationshipRef="id-08db65a1-03ca-48e5-ba88-8d7551e0c76e" xsi:type="Relationship" source="e9a4cf8c-06cc-47ad-876a-c42d49fa0b4a" target="id-69e9bfc3-95a9-4414-862c-18f4c6a5ef10">
          <style>
            <lineColor r="0" g="0" b="0" />
            <font name="Lucida Grande" size="12">
              <color r="0" g="0" b="0" />
            </font>
          </style>
        </connection>
        <connection identifier="id-9896469c-952f-4025-9e80-d4489d169ba9" relationshipRef="ae29006b-453a-4767-a4c6-655ea7b3f1f7" xsi:type="Relationship" source="id-69e9bfc3-95a9-4414-862c-18f4c6a5ef10" target="f4b62326-1a21-4ffa-8f71-064dcf9c8eff">
          <style>
            <lineColor r="0" g="0" b="0" />
            <font name="Lucida Grande" size="12">
              <color r="0" g="0" b="0" />
            </font>
          </style>
        </connection>
        <connection identifier="id-405416f9-546f-4edd-a9cd-8a506a539267" relationshipRef="cab39255-3e0a-4f04-9c39-e67967a21b61" xsi:type="Relationship" source="id-43163903-3644-4575-b7db-420dd8a6ba0d" target="id-707db41b-159d-4d60-bf3b-13c6725158fe">
          <style>
            <lineColor r="0" g="0" b="0" />
            <font name="Lucida Grande" size="12">
              <color r="0" g="0" b="0" />
            </font>
          </style>
        </connection>
        <connection identifier="id-426bf9ea-0a94-4cab-8010-c29004f72107" relationshipRef="c654df87-cf3f-49b5-8d34-0443c5319a95" xsi:type="Relationship" source="id-81e600b0-290c-41fc-8dae-2dc5708449bf" target="ff6baf22-21f1-46e3-9c97-4f09ed4c446f">
          <style>
            <lineColor r="0" g="0" b="0" />
            <font name="Lucida Grande" size="12">
              <color r="0" g="0" b="0" />
            </font>
          </style>
        </connection>
        <connection identifier="id-414a70de-28d7-4b0c-addb-b82675e2d57a" relationshipRef="id-8312cd31-663f-4cda-b492-6b97ef61c206" xsi:type="Relationship" source="id-6b8553bc-7963-477d-84a8-d64f7dd1c7c2" target="bd4003e4-ffb7-4719-b92b-a54db4021d91">
          <style>
            <lineColor r="0" g="0" b="0" />
            <font name="Lucida Grande" size="12">
              <color r="0" g="0" b="0" />
            </font>
          </style>
        </connection>
      </view>
      <view identifier="id-39bbc221-fd3f-43f6-93da-23cff6af9f5a" xsi:type="Diagram">
        <name>BusinessModel</name>
        <node identifier="id-69d619d6-03d3-4ce5-a1d3-ea73a42a4f7f" elementRef="id-1138dafb-42a2-4c80-87ac-12a0f5c9e35e" xsi:type="Element" x="744" y="12" w="169" h="289">
          <style>
            <fillColor r="255" g="255" b="255" a="100" />
            <lineColor r="92" g="92" b="92" a="100" />
            <font name="Lucida Grande" size="12">
              <color r="0" g="0" b="0" />
            </font>
          </style>
          <node identifier="id-4b287b8a-66ab-4ffe-8fe5-0d9a4f9d1f65" elementRef="id-01cfdb9d-e314-443e-aad2-500a3814f7f9" xsi:type="Element" x="768" y="48" w="120" h="37">
            <style>
              <fillColor r="204" g="204" b="255" a="100" />
              <lineColor r="92" g="92" b="92" a="100" />
              <font name="Lucida Grande" size="12">
                <color r="0" g="0" b="0" />
              </font>
            </style>
          </node>
          <node identifier="id-6d84d99b-a77b-48a9-9d8d-b1dda166209d" elementRef="f25cd18d-27c8-4c3a-a469-4db521e48ab6" xsi:type="Element" x="768" y="96" w="120" h="31">
            <style>
              <fillColor r="204" g="204" b="255" a="100" />
              <lineColor r="92" g="92" b="92" a="100" />
              <font name="Lucida Grande" size="12">
                <color r="0" g="0" b="0" />
              </font>
            </style>
          </node>
          <node identifier="id-0253fb3e-3328-46fc-8d98-7f59434db4a4" elementRef="id-5721e7b6-5038-4dab-81f3-a12bb5eb1068" xsi:type="Element" x="768" y="132" w="120" h="49">
            <style>
              <fillColor r="204" g="204" b="255" a="100" />
              <lineColor r="92" g="92" b="92" a="100" />
              <font name="Lucida Grande" size="12">
                <color r="0" g="0" b="0" />
              </font>
            </style>
          </node>
          <node identifier="fba32ce1-f5ab-4e0a-ab5e-d14e7c35be4b" elementRef="id-00e5a08d-c5de-404e-9372-ef0ccc2f3ffa" xsi:type="Element" x="768" y="192" w="120" h="37">
            <style>
              <fillColor r="204" g="204" b="255" a="100" />
              <lineColor r="92" g="92" b="92" a="100" />
              <font name="Lucida Grande" size="12">
                <color r="0" g="0" b="0" />
              </font>
            </style>
          </node>
          <node identifier="a2f8a1a3-db67-41fd-8e77-434385693d34" elementRef="ef9faceb-f5eb-4836-90af-c1f9a89e8961" xsi:type="Element" x="768" y="240" w="120" h="37">
            <style>
              <fillColor r="204" g="204" b="255" a="100" />
              <lineColor r="92" g="92" b="92" a="100" />
              <font name="Lucida Grande" size="12">
                <color r="0" g="0" b="0" />
              </font>
            </style>
          </node>
        </node>
        <node identifier="dac7b57e-af8c-41bc-a3b3-0c4d93f2d80c" elementRef="id-358b36b0-4188-4f9b-81ba-7e0e1ce18c77" xsi:type="Element" x="384" y="12" w="169" h="289">
          <style>
            <fillColor r="255" g="255" b="255" a="100" />
            <lineColor r="92" g="92" b="92" a="100" />
            <font name="Lucida Grande" size="12">
              <color r="0" g="0" b="0" />
            </font>
          </style>
          <node identifier="e6635266-0fd8-4ce9-b35c-17877e3ebf26" elementRef="id-8ae9962f-a7da-4734-be8b-bd5851adb165" xsi:type="Element" x="408" y="108" w="120" h="37">
            <style>
              <fillColor r="204" g="204" b="255" a="100" />
              <lineColor r="92" g="92" b="92" a="100" />
              <font name="Lucida Grande" size="12">
                <color r="0" g="0" b="0" />
              </font>
            </style>
          </node>
          <node identifier="ad659c85-f009-4b61-968e-13206f48142d" elementRef="id-22243ec1-6f8f-4a3a-b62e-f8bf93b31a0e" xsi:type="Element" x="408" y="156" w="120" h="37">
            <style>
              <fillColor r="204" g="204" b="255" a="100" />
              <lineColor r="92" g="92" b="92" a="100" />
              <font name="Lucida Grande" size="12">
                <color r="0" g="0" b="0" />
              </font>
            </style>
          </node>
          <node identifier="id-3a20d5a7-2555-47b4-9d3b-841340c943a0" elementRef="b67dfc73-9c00-4f04-80e0-97a073b36561" xsi:type="Element" x="408" y="204" w="120" h="37">
            <style>
              <fillColor r="204" g="204" b="255" a="100" />
              <lineColor r="92" g="92" b="92" a="100" />
              <font name="Lucida Grande" size="12">
                <color r="0" g="0" b="0" />
              </font>
            </style>
          </node>
          <node identifier="id-68712579-91a8-4643-9a17-c43657d66f3c" elementRef="a5ee0272-a125-467c-af33-a0057b39c6c6" xsi:type="Element" x="408" y="252" w="120" h="39">
            <style>
              <fillColor r="204" g="204" b="255" a="100" />
              <lineColor r="92" g="92" b="92" a="100" />
              <font name="Lucida Grande" size="12">
                <color r="0" g="0" b="0" />
              </font>
            </style>
          </node>
          <node identifier="b625cf54-37ee-4e3c-9489-e0854660190a" elementRef="id-4e958b72-6f36-4cab-96b7-29e1091ae0cc" xsi:type="Element" x="408" y="36" w="120" h="61">
            <style>
              <fillColor r="204" g="204" b="255" a="100" />
              <lineColor r="92" g="92" b="92" a="100" />
              <font name="Lucida Grande" size="12">
                <color r="0" g="0" b="0" />
              </font>
            </style>
          </node>
        </node>
        <node identifier="b3fdb7c8-4557-4af9-bb88-29668f9b1208" elementRef="id-31ac12ce-9436-4ea4-89a7-df683d18780c" xsi:type="Element" x="552" y="12" w="193" h="133">
          <style>
            <fillColor r="255" g="255" b="255" a="100" />
            <lineColor r="92" g="92" b="92" a="100" />
            <font name="Lucida Grande" size="12">
              <color r="0" g="0" b="0" />
            </font>
          </style>
        </node>
        <node identifier="d5fc97ba-9711-42f8-99b6-8af37618f516" elementRef="id-3c350cd8-10bd-47fd-a659-f8a16c2c5760" xsi:type="Element" x="552" y="151" w="193" h="150">
          <style>
            <fillColor r="255" g="255" b="255" a="100" />
            <lineColor r="92" g="92" b="92" a="100" />
            <font name="Lucida Grande" size="12">
              <color r="0" g="0" b="0" />
            </font>
          </style>
          <node identifier="id-212434a4-1ffe-4c45-8685-a0dadd89d051" elementRef="c5b8dd48-cdd4-410f-889d-fcc6f9b05b77" xsi:type="Element" x="564" y="187" w="169" h="37">
            <style>
              <fillColor r="181" g="255" b="255" a="100" />
              <lineColor r="92" g="92" b="92" a="100" />
              <font name="Lucida Grande" size="12">
                <color r="0" g="0" b="0" />
              </font>
            </style>
          </node>
          <node identifier="id-10800d09-e95c-4995-863a-a09ad83dcdad" elementRef="ccefaf22-b441-4616-8948-21b608c78218" xsi:type="Element" x="564" y="235" w="169" h="37">
            <style>
              <fillColor r="181" g="255" b="255" a="100" />
              <lineColor r="92" g="92" b="92" a="100" />
              <font name="Lucida Grande" size="12">
                <color r="0" g="0" b="0" />
              </font>
            </style>
          </node>
        </node>
        <node identifier="f1d29cb0-4484-4b8e-8275-bc6987ebcc21" elementRef="f70ae0d1-fed6-4328-afd4-bcaa3255f86e" xsi:type="Element" x="192" y="12" w="193" h="140">
          <style>
            <fillColor r="255" g="255" b="255" a="100" />
            <lineColor r="92" g="92" b="92" a="100" />
            <font name="Lucida Grande" size="12">
              <color r="0" g="0" b="0" />
            </font>
          </style>
        </node>
        <node identifier="d7d83879-bfbb-4b43-bc84-14332aafc51a" elementRef="ecd36f06-712b-4ecf-96d1-6e5d80c489bd" xsi:type="Element" x="192" y="161" w="193" h="140">
          <style>
            <fillColor r="255" g="255" b="255" a="100" />
            <lineColor r="92" g="92" b="92" a="100" />
            <font name="Lucida Grande" size="12">
              <color r="0" g="0" b="0" />
            </font>
          </style>
        </node>
        <node identifier="bb443e6f-b5c4-4cd2-bf85-0790f6ff9f00" elementRef="d9027a47-5bb7-408c-9cd8-09819eca18ba" xsi:type="Element" x="24" y="12" w="169" h="289">
          <style>
            <fillColor r="255" g="255" b="255" a="100" />
            <lineColor r="92" g="92" b="92" a="100" />
            <font name="Lucida Grande" size="12">
              <color r="0" g="0" b="0" />
            </font>
          </style>
        </node>
        <node identifier="id-5a4ffa06-9df9-4bf2-8445-dbf2e39c4f45" elementRef="id-83a4f077-bbfc-4a24-ae34-7a1b742ef39f" xsi:type="Element" x="24" y="300" w="457" h="140">
          <style>
            <fillColor r="255" g="255" b="255" a="100" />
            <lineColor r="92" g="92" b="92" a="100" />
            <font name="Lucida Grande" size="12">
              <color r="0" g="0" b="0" />
            </font>
          </style>
        </node>
        <node identifier="c90cda41-ffbd-4839-837e-64c30201566b" elementRef="f01fb4bc-de31-4570-93c1-e0338b56a637" xsi:type="Element" x="480" y="300" w="433" h="140">
          <style>
            <fillColor r="255" g="255" b="255" a="100" />
            <lineColor r="92" g="92" b="92" a="100" />
            <font name="Lucida Grande" size="12">
              <color r="0" g="0" b="0" />
            </font>
          </style>
        </node>
      </view>
      <view identifier="id-879c3e0e-491b-4565-92d7-7fc3bb5cff27" xsi:type="Diagram" viewpoint="Motivation">
        <name>Motivation</name>
        <node identifier="cc51ae86-3320-44ee-92cd-71dd28bfd505" elementRef="id-43fa3184-42f6-406d-b0b1-5f4b888d5e49" xsi:type="Element" x="78" y="24" w="541" h="25">
          <style>
            <fillColor r="204" g="204" b="255" a="100" />
            <lineColor r="92" g="92" b="92" a="100" />
            <font name="Lucida Grande" size="12">
              <color r="0" g="0" b="0" />
            </font>
          </style>
        </node>
        <node identifier="cbd33c7a-febb-4b28-8484-4531a0c16fae" elementRef="id-00e5a08d-c5de-404e-9372-ef0ccc2f3ffa" xsi:type="Element" x="25" y="84" w="120" h="25">
          <style>
            <fillColor r="204" g="204" b="255" a="100" />
            <lineColor r="92" g="92" b="92" a="100" />
            <font name="Lucida Grande" size="12">
              <color r="0" g="0" b="0" />
            </font>
          </style>
        </node>
        <node identifier="id-5dac40fc-674a-4ee3-9ba0-9360cd665bc1" elementRef="f25cd18d-27c8-4c3a-a469-4db521e48ab6" xsi:type="Element" x="289" y="84" w="120" h="25">
          <style>
            <fillColor r="204" g="204" b="255" a="100" />
            <lineColor r="92" g="92" b="92" a="100" />
            <font name="Lucida Grande" size="12">
              <color r="0" g="0" b="0" />
            </font>
          </style>
        </node>
        <node identifier="d0bfb583-9097-472b-b936-2a843530501b" elementRef="ef9faceb-f5eb-4836-90af-c1f9a89e8961" xsi:type="Element" x="157" y="84" w="120" h="25">
          <style>
            <fillColor r="204" g="204" b="255" a="100" />
            <lineColor r="92" g="92" b="92" a="100" />
            <font name="Lucida Grande" size="12">
              <color r="0" g="0" b="0" />
            </font>
          </style>
        </node>
        <node identifier="id-229a69d2-c804-4916-a710-a1b69dee530e" elementRef="id-5721e7b6-5038-4dab-81f3-a12bb5eb1068" xsi:type="Element" x="552" y="84" w="157" h="25">
          <style>
            <fillColor r="204" g="204" b="255" a="100" />
            <lineColor r="92" g="92" b="92" a="100" />
            <font name="Lucida Grande" size="12">
              <color r="0" g="0" b="0" />
            </font>
          </style>
        </node>
        <node identifier="id-54347488-5672-433e-9efc-13ae15a9b6b6" elementRef="id-01cfdb9d-e314-443e-aad2-500a3814f7f9" xsi:type="Element" x="420" y="84" w="120" h="25">
          <style>
            <fillColor r="204" g="204" b="255" a="100" />
            <lineColor r="92" g="92" b="92" a="100" />
            <font name="Lucida Grande" size="12">
              <color r="0" g="0" b="0" />
            </font>
          </style>
        </node>
        <node identifier="id-753af498-b950-47af-a479-cd6688ff9a82" elementRef="a5ee0272-a125-467c-af33-a0057b39c6c6" xsi:type="Element" x="72" y="432" w="154" h="36">
          <style>
            <fillColor r="204" g="204" b="255" a="100" />
            <lineColor r="92" g="92" b="92" a="100" />
            <font name="Lucida Grande" size="12">
              <color r="0" g="0" b="0" />
            </font>
          </style>
        </node>
        <node identifier="fff5754a-1a4b-4bf9-83bd-cff9c2bbd688" elementRef="b67dfc73-9c00-4f04-80e0-97a073b36561" xsi:type="Element" x="576" y="432" w="120" h="36">
          <style>
            <fillColor r="204" g="204" b="255" a="100" />
            <lineColor r="92" g="92" b="92" a="100" />
            <font name="Lucida Grande" size="12">
              <color r="0" g="0" b="0" />
            </font>
          </style>
        </node>
        <node identifier="id-95b611c9-00e2-4ecc-b5e7-5862214c8bf8" elementRef="id-4e958b72-6f36-4cab-96b7-29e1091ae0cc" xsi:type="Element" x="468" y="465" w="133" h="64">
          <style>
            <fillColor r="204" g="204" b="255" a="100" />
            <lineColor r="92" g="92" b="92" a="100" />
            <font name="Lucida Grande" size="12">
              <color r="0" g="0" b="0" />
            </font>
          </style>
        </node>
        <node identifier="id-5ba81fcf-f99a-4c3b-ac83-e617ae6e8eea" elementRef="id-8ae9962f-a7da-4734-be8b-bd5851adb165" xsi:type="Element" x="384" y="432" w="120" h="35">
          <style>
            <fillColor r="204" g="204" b="255" a="100" />
            <lineColor r="92" g="92" b="92" a="100" />
            <font name="Lucida Grande" size="12">
              <color r="0" g="0" b="0" />
            </font>
          </style>
        </node>
        <node identifier="ee698eba-f58c-405f-ac49-4ade95b0126e" elementRef="id-22243ec1-6f8f-4a3a-b62e-f8bf93b31a0e" xsi:type="Element" x="252" y="433" w="120" h="33">
          <style>
            <fillColor r="204" g="204" b="255" a="100" />
            <lineColor r="92" g="92" b="92" a="100" />
            <font name="Lucida Grande" size="12">
              <color r="0" g="0" b="0" />
            </font>
          </style>
        </node>
        <node identifier="ede9d423-fe2f-45bb-9cce-9165e53665dc" elementRef="id-40e4ac30-a641-4c03-b834-b015763fd7d8" xsi:type="Element" x="60" y="120" w="193" h="49">
          <style>
            <fillColor r="204" g="204" b="255" a="100" />
            <lineColor r="92" g="92" b="92" a="100" />
            <font name="Lucida Grande" size="12">
              <color r="0" g="0" b="0" />
            </font>
          </style>
        </node>
        <node identifier="id-0394df8a-6308-408a-90d8-43780e7109c8" elementRef="id-8d831251-1262-43bc-81e1-e86d979a105c" xsi:type="Element" x="300" y="120" w="217" h="49">
          <style>
            <fillColor r="204" g="204" b="255" a="100" />
            <lineColor r="92" g="92" b="92" a="100" />
            <font name="Lucida Grande" size="12">
              <color r="0" g="0" b="0" />
            </font>
          </style>
        </node>
        <node identifier="id-6cbfa028-bba3-41c2-bd6e-b847e1540bab" elementRef="f78320fd-0e3c-4e48-8992-4586e6f524b1" xsi:type="Element" x="553" y="120" w="156" h="49">
          <style>
            <fillColor r="204" g="204" b="255" a="100" />
            <lineColor r="92" g="92" b="92" a="100" />
            <font name="Lucida Grande" size="12">
              <color r="0" g="0" b="0" />
            </font>
          </style>
        </node>
        <node identifier="d39bb25a-345f-4ecf-9339-200ba521c108" elementRef="cc4188d2-9e3c-47b1-bdac-b06be7b49335" xsi:type="Element" x="96" y="192" w="157" h="27">
          <style>
            <fillColor r="204" g="204" b="255" a="100" />
            <lineColor r="92" g="92" b="92" a="100" />
            <font name="Lucida Grande" size="12">
              <color r="0" g="0" b="0" />
            </font>
          </style>
        </node>
        <node identifier="ec6fe936-41f4-4019-9876-c26c1ced8c24" elementRef="id-0e257062-b8ec-4437-8ff8-15252d37e587" xsi:type="Element" x="318" y="191" w="181" h="28">
          <style>
            <fillColor r="204" g="204" b="255" a="100" />
            <lineColor r="92" g="92" b="92" a="100" />
            <font name="Lucida Grande" size="12">
              <color r="0" g="0" b="0" />
            </font>
          </style>
        </node>
        <node identifier="id-6249f467-c0a8-4096-afe4-33e46190c98e" elementRef="ec9aa676-2e52-4a53-aa52-1524c642b00e" xsi:type="Element" x="49" y="248" w="177" h="41">
          <style>
            <fillColor r="204" g="204" b="255" a="100" />
            <lineColor r="92" g="92" b="92" a="100" />
            <font name="Lucida Grande" size="12">
              <color r="0" g="0" b="0" />
            </font>
          </style>
        </node>
        <node identifier="id-2098d042-eeb5-4e8f-a857-155a25765480" elementRef="id-1732d300-4505-496e-a062-26c211ebdcfd" xsi:type="Element" x="276" y="248" w="168" h="41">
          <style>
            <fillColor r="204" g="204" b="255" a="100" />
            <lineColor r="92" g="92" b="92" a="100" />
            <font name="Lucida Grande" size="12">
              <color r="0" g="0" b="0" />
            </font>
          </style>
        </node>
        <node identifier="f8779a5f-bff1-490f-9d1a-b97e28c8fc59" elementRef="bb48db3a-f89b-4079-954f-938d41f81a63" xsi:type="Element" x="480" y="248" w="181" h="41">
          <style>
            <fillColor r="204" g="204" b="255" a="100" />
            <lineColor r="92" g="92" b="92" a="100" />
            <font name="Lucida Grande" size="12">
              <color r="0" g="0" b="0" />
            </font>
          </style>
        </node>
        <connection identifier="id-693dbb51-f3a4-499d-aa0b-5d73cb729dc0" relationshipRef="id-7cba381c-2a59-4eb2-9920-2d1daa1c8a2f" xsi:type="Relationship" source="cbd33c7a-febb-4b28-8484-4531a0c16fae" target="cc51ae86-3320-44ee-92cd-71dd28bfd505">
          <style>
            <lineColor r="0" g="0" b="0" />
            <font name="Lucida Grande" size="12">
              <color r="0" g="0" b="0" />
            </font>
          </style>
        </connection>
        <connection identifier="f07c1d45-511a-4bcf-9fa1-5334afedfce1" relationshipRef="adf667e9-032e-4efc-a6ed-d87cd2f51479" xsi:type="Relationship" source="id-5dac40fc-674a-4ee3-9ba0-9360cd665bc1" target="cc51ae86-3320-44ee-92cd-71dd28bfd505">
          <style>
            <lineColor r="0" g="0" b="0" />
            <font name="Lucida Grande" size="12">
              <color r="0" g="0" b="0" />
            </font>
          </style>
        </connection>
        <connection identifier="c048fdf0-5d82-42fe-96d2-e36c93d885ea" relationshipRef="b327dfa6-4a14-4c2a-b2f9-c38af5ad7c7d" xsi:type="Relationship" source="d0bfb583-9097-472b-b936-2a843530501b" target="cc51ae86-3320-44ee-92cd-71dd28bfd505">
          <style>
            <lineColor r="0" g="0" b="0" />
            <font name="Lucida Grande" size="12">
              <color r="0" g="0" b="0" />
            </font>
          </style>
        </connection>
        <connection identifier="id-956fdaf0-26f2-4b95-a77f-b0c67d534190" relationshipRef="c63c5895-908e-41e8-8ac7-c92e9167fc63" xsi:type="Relationship" source="id-229a69d2-c804-4916-a710-a1b69dee530e" target="cc51ae86-3320-44ee-92cd-71dd28bfd505">
          <style>
            <lineColor r="0" g="0" b="0" />
            <font name="Lucida Grande" size="12">
              <color r="0" g="0" b="0" />
            </font>
          </style>
        </connection>
        <connection identifier="id-05713538-46d2-46bd-87dd-b9bc3513bb00" relationshipRef="id-74666a7f-d9a4-43de-8c74-fe8e49be541e" xsi:type="Relationship" source="id-54347488-5672-433e-9efc-13ae15a9b6b6" target="cc51ae86-3320-44ee-92cd-71dd28bfd505">
          <style>
            <lineColor r="0" g="0" b="0" />
            <font name="Lucida Grande" size="12">
              <color r="0" g="0" b="0" />
            </font>
          </style>
        </connection>
        <connection identifier="id-6548762f-b36e-47da-a5a2-13f74c8d5267" relationshipRef="id-7f9aed0e-c5cf-4a49-9730-f0dfcdaf0728" xsi:type="Relationship" source="ede9d423-fe2f-45bb-9cce-9165e53665dc" target="cbd33c7a-febb-4b28-8484-4531a0c16fae">
          <style>
            <lineColor r="0" g="0" b="0" />
            <font name="Lucida Grande" size="12">
              <color r="0" g="0" b="0" />
            </font>
          </style>
        </connection>
        <connection identifier="c3116a33-3eca-4eaf-af55-bd2ee8202233" relationshipRef="a3d82c03-1aa6-4e1e-9ba4-1306318abc54" xsi:type="Relationship" source="ede9d423-fe2f-45bb-9cce-9165e53665dc" target="d0bfb583-9097-472b-b936-2a843530501b">
          <style>
            <lineColor r="0" g="0" b="0" />
            <font name="Lucida Grande" size="12">
              <color r="0" g="0" b="0" />
            </font>
          </style>
        </connection>
        <connection identifier="e0a65d5b-166a-463b-80b6-d4a9179f4bf4" relationshipRef="bdc992ec-8676-42fb-88af-c14bd23c38ef" xsi:type="Relationship" source="id-0394df8a-6308-408a-90d8-43780e7109c8" target="id-5dac40fc-674a-4ee3-9ba0-9360cd665bc1">
          <style>
            <lineColor r="0" g="0" b="0" />
            <font name="Lucida Grande" size="12">
              <color r="0" g="0" b="0" />
            </font>
          </style>
        </connection>
        <connection identifier="a56b5daa-21c8-4e62-9ea9-e2a06ba77245" relationshipRef="d3cb7187-ff1f-4078-bbb8-a1dba8fa679e" xsi:type="Relationship" source="id-0394df8a-6308-408a-90d8-43780e7109c8" target="id-54347488-5672-433e-9efc-13ae15a9b6b6">
          <style>
            <lineColor r="0" g="0" b="0" />
            <font name="Lucida Grande" size="12">
              <color r="0" g="0" b="0" />
            </font>
          </style>
        </connection>
        <connection identifier="id-8466ef8a-b1db-47a8-bde3-455f9b7f5efc" relationshipRef="id-28343739-15bb-4139-9b0a-fd9cfc71d017" xsi:type="Relationship" source="id-6cbfa028-bba3-41c2-bd6e-b847e1540bab" target="id-229a69d2-c804-4916-a710-a1b69dee530e">
          <style>
            <lineColor r="0" g="0" b="0" />
            <font name="Lucida Grande" size="12">
              <color r="0" g="0" b="0" />
            </font>
          </style>
        </connection>
        <connection identifier="id-672a1a9a-cb66-49c0-96fa-7f32b13aff3f" relationshipRef="id-1596778f-7968-46a1-bb5a-310be8d3ad5e" xsi:type="Relationship" source="d39bb25a-345f-4ecf-9339-200ba521c108" target="id-0394df8a-6308-408a-90d8-43780e7109c8">
          <style>
            <lineColor r="0" g="0" b="0" />
            <font name="Lucida Grande" size="12">
              <color r="0" g="0" b="0" />
            </font>
          </style>
        </connection>
        <connection identifier="id-25a26a05-403c-49b7-8b96-d464084a35a8" relationshipRef="d2022c73-447b-4baf-8343-336e6b2db460" xsi:type="Relationship" source="d39bb25a-345f-4ecf-9339-200ba521c108" target="ede9d423-fe2f-45bb-9cce-9165e53665dc">
          <style>
            <lineColor r="0" g="0" b="0" />
            <font name="Lucida Grande" size="12">
              <color r="0" g="0" b="0" />
            </font>
          </style>
        </connection>
        <connection identifier="id-427a52f0-d84c-4bcf-804f-b38ee9320bbd" relationshipRef="f68bdddc-6b1c-4e52-8988-7705a674691c" xsi:type="Relationship" source="ec6fe936-41f4-4019-9876-c26c1ced8c24" target="ede9d423-fe2f-45bb-9cce-9165e53665dc">
          <style>
            <lineColor r="0" g="0" b="0" />
            <font name="Lucida Grande" size="12">
              <color r="0" g="0" b="0" />
            </font>
          </style>
        </connection>
        <connection identifier="a4a3a532-1ee5-49f5-b966-ce0efee6d196" relationshipRef="a57e42ab-d38d-4efb-bb14-c05b5d1f8dcd" xsi:type="Relationship" source="ec6fe936-41f4-4019-9876-c26c1ced8c24" target="id-0394df8a-6308-408a-90d8-43780e7109c8">
          <style>
            <lineColor r="0" g="0" b="0" />
            <font name="Lucida Grande" size="12">
              <color r="0" g="0" b="0" />
            </font>
          </style>
        </connection>
        <connection identifier="de59747b-84ed-4e85-bbcf-c38699a3748d" relationshipRef="id-958e3520-7659-4835-b100-32df04b1a8c0" xsi:type="Relationship" source="ec6fe936-41f4-4019-9876-c26c1ced8c24" target="id-6cbfa028-bba3-41c2-bd6e-b847e1540bab">
          <style>
            <lineColor r="0" g="0" b="0" />
            <font name="Lucida Grande" size="12">
              <color r="0" g="0" b="0" />
            </font>
          </style>
        </connection>
      </view>
    </diagrams>
  </views>
</model>
