{"identifier":"https://me.big.tuwien.ac.at/EAModelSet/3ebf2274-6621-41d3-b1f3-2d65f84716a8","archimateId":"3ebf2274-6621-41d3-b1f3-2d65f84716a8","name":"ISeePricey","description":"","formats":["XML","CSV","JSON","ARCHIMATE"],"source":"GitHub","sourceFile":"raw-data/github/archimate/clientbm.archimate","sourceFormat":"ARCHIMATE","timestamp":"29-06-2023 09:30:31","tags":["WARNING"],"duplicates":[],"language":"en","elements":[{"id":"f9668d25-e5c5-486e-9d05-402b7f6badfc","name":"Purchasing Product","type":"Product","layer":"business"},{"id":"597bb0f3-755f-4cca-8b76-2181326524d7","name":"Original product label at local language","type":"Representation","layer":"business"},{"id":"8edae3d7-78f4-4c76-a1e9-1fd4dee821b5","name":"Traveler","type":"BusinessActor","layer":"business"},{"id":"3fea1629-b2ff-40a0-b1d9-a13a44fa3361","name":"Product digital twin","type":"Representation","layer":"business"},{"id":"ac3e2539-c413-402a-b5f3-e1bf87af2364","name":"Product label representation","type":"Representation","layer":"business"},{"id":"b1b16e78-b12d-4647-ac16-ee04a4823347","name":"Local Byer","type":"BusinessActor","layer":"business"},{"id":"5275966a-fe02-46b9-84da-71a20175f2c5","name":"Price markup","type":"Representation","layer":"business"},{"id":"0cc863e1-a291-4f24-8e5f-2032fd8ceb95","name":"SiteVisitor","type":"BusinessActor","layer":"business"},{"id":"abcedeb2-d48b-4d25-b3f3-04237ba783ea","name":"Body","type":"ApplicationComponent","layer":"application"},{"id":"656f955e-6f47-493c-8d1f-7d7d5675c580","name":"Head","type":"ApplicationComponent","layer":"application"},{"id":"a6cc84ac-df7c-407c-89d0-89134d7bf0cb","name":"index.html","type":"DataObject","layer":"application"},{"id":"97710ba9-8b14-4625-bbf6-fef222d95732","name":"Navigation intro","type":"ApplicationService","layer":"application"},{"id":"72dc01d8-06b6-425b-9128-30215772ba43","name":"Analyze Content","type":"ApplicationFunction","layer":"application"},{"id":"6210b7a8-cca6-4df1-b336-5165cd9d59fb","name":"Capture Image","type":"ApplicationFunction","layer":"application"},{"id":"436fa82b-2319-402e-a38e-21b639186b80","name":"Convert prices","type":"ApplicationFunction","layer":"application"},{"id":"eb614993-9ca5-4d3e-bb66-596bb965d39b","name":"Mark product label","type":"ApplicationFunction","layer":"application"},{"id":"35f7f55a-795e-448e-afe0-275289e5d732","name":"Prepare results representation","type":"ApplicationFunction","layer":"application"},{"id":"89b04e34-43a9-4871-bdba-3a248e1125b9","name":"Product Label Translate and Convert","type":"ApplicationService","layer":"application"},{"id":"77360300-bfba-4880-8b35-62d4e95df7e4","name":"Recognize Image","type":"ApplicationFunction","layer":"application"},{"id":"c4d3297f-2096-4580-ac23-0fc367fb36d2","name":"Translate Content","type":"ApplicationFunction","layer":"application"},{"id":"5c1e37fd-5681-4ce5-aa58-7ad0d43aebc6","name":"Translate and Convert Image","type":"ApplicationProcess","layer":"application"},{"id":"8fddb176-c218-47ab-a8dc-882a2893c297","name":"Price evaluation","type":"ApplicationProcess","layer":"application"},{"id":"bd2e4f72-4864-43ad-8c8b-739d9cb16ec6","name":"Price evaluation","type":"ApplicationService","layer":"application"},{"id":"a87d1275-e6f8-4b76-9311-72b93f05272d","name":"Formalize Content","type":"ApplicationFunction","layer":"application"},{"id":"5910a0f4-7c9f-442a-9570-513d8d5bb14f","name":"Formal Product Description","type":"DataObject","layer":"application"},{"id":"11e622b2-5e33-4c57-99d7-360660178a87","name":"Product Semantic Core","type":"DataObject","layer":"application"},{"id":"c5b8dd48-cdd4-410f-889d-fcc6f9b05b77","name":"ISeePricey.APP","type":"ApplicationInterface","layer":"application"},{"id":"ccefaf22-b441-4616-8948-21b608c78218","name":"ISeePricey.online","type":"ApplicationInterface","layer":"application"},{"id":"8624c469-a195-4cba-aee6-7c3ae170754e","name":"ISeePricey Camunda Core","type":"ApplicationInterface","layer":"application"},{"id":"be95cc03-5407-4d52-a918-221ece6e5b76","name":"ISeePricey GATE App","type":"ApplicationInterface","layer":"application"},{"id":"5090ffa2-2f38-495f-8a2d-10969ad660cc","name":"Google OCR API","type":"TechnologyService","layer":"technology"},{"id":"43fa3184-42f6-406d-b0b1-5f4b888d5e49","name":"Customer","type":"Stakeholder","layer":"motivation"},{"id":"f25cd18d-27c8-4c3a-a469-4db521e48ab6","name":"Local Customer","type":"Stakeholder","layer":"motivation"},{"id":"5721e7b6-5038-4dab-81f3-a12bb5eb1068","name":"Retail company","type":"Stakeholder","layer":"motivation"},{"id":"01cfdb9d-e314-443e-aad2-500a3814f7f9","name":"Traveler","type":"Stakeholder","layer":"motivation"},{"id":"00e5a08d-c5de-404e-9372-ef0ccc2f3ffa","name":"Corporation","type":"Stakeholder","layer":"motivation"},{"id":"ef9faceb-f5eb-4836-90af-c1f9a89e8961","name":"Parents","type":"Stakeholder","layer":"motivation"},{"id":"b67dfc73-9c00-4f04-80e0-97a073b36561","name":"Byer tracking","type":"Value","layer":"motivation"},{"id":"8ae9962f-a7da-4734-be8b-bd5851adb165","name":"Price mark","type":"Value","layer":"motivation"},{"id":"22243ec1-6f8f-4a3a-b62e-f8bf93b31a0e","name":"Spendings log","type":"Value","layer":"motivation"},{"id":"a5ee0272-a125-467c-af33-a0057b39c6c6","name":"ByProduct Filtering","type":"Value","layer":"motivation"},{"id":"4e958b72-6f36-4cab-96b7-29e1091ae0cc","name":"Price conversion, Product label translation","type":"Value","layer":"motivation"},{"id":"f78320fd-0e3c-4e48-8992-4586e6f524b1","name":"Customer behaviour understanding","type":"Driver","layer":"motivation"},{"id":"8d831251-1262-43bc-81e1-e86d979a105c","name":"Rational use of funds","type":"Driver","layer":"motivation"},{"id":"40e4ac30-a641-4c03-b834-b015763fd7d8","name":"Targeted use of funds","type":"Driver","layer":"motivation"},{"id":"cc4188d2-9e3c-47b1-bdac-b06be7b49335","name":"Reporting assesment","type":"Assessment","layer":"motivation"},{"id":"0e257062-b8ec-4437-8ff8-15252d37e587","name":"PrePurchase assesment","type":"Assessment","layer":"motivation"},{"id":"ec9aa676-2e52-4a53-aa52-1524c642b00e","name":"Minimize untargeted purchases","type":"Goal","layer":"motivation"},{"id":"1732d300-4505-496e-a062-26c211ebdcfd","name":"Maximize price/quality purchase ratio","type":"Goal","layer":"motivation"},{"id":"bb48db3a-f89b-4079-954f-938d41f81a63","name":"Minimize purchase price","type":"Goal","layer":"motivation"},{"id":"1138dafb-42a2-4c80-87ac-12a0f5c9e35e","name":"Customer segments","type":"Grouping","layer":"other"},{"id":"358b36b0-4188-4f9b-81ba-7e0e1ce18c77","name":"Value Propositions","type":"Grouping","layer":"other"},{"id":"31ac12ce-9436-4ea4-89a7-df683d18780c","name":"Customer Relationships","type":"Grouping","layer":"other"},{"id":"3c350cd8-10bd-47fd-a659-f8a16c2c5760","name":"Channels","type":"Grouping","layer":"other"},{"id":"f70ae0d1-fed6-4328-afd4-bcaa3255f86e","name":"Key Activities","type":"Grouping","layer":"other"},{"id":"ecd36f06-712b-4ecf-96d1-6e5d80c489bd","name":"Key Resources","type":"Grouping","layer":"other"},{"id":"d9027a47-5bb7-408c-9cd8-09819eca18ba","name":"Key Partners","type":"Grouping","layer":"other"},{"id":"83a4f077-bbfc-4a24-ae34-7a1b742ef39f","name":"Cost structure","type":"Grouping","layer":"other"},{"id":"f01fb4bc-de31-4570-93c1-e0338b56a637","name":"Revenue streams","type":"Grouping","layer":"other"},{"id":"1b955391-87f1-4c77-aa6c-f4b0637c228b","name":"UseCase","type":"Grouping","layer":"other"},{"id":"6121a5f4-f12e-42dc-9eab-6c8c7f9d5260","name":"Junction","type":"Junction","layer":"other"},{"id":"47ab9ea3-cb81-4654-af90-81b8572f7036","name":"Use Case","type":"Grouping","layer":"other"}],"relationships":[{"id":"1705d0b8-5e30-4457-b793-d04b331a629a","sourceId":"1138dafb-42a2-4c80-87ac-12a0f5c9e35e","targetId":"01cfdb9d-e314-443e-aad2-500a3814f7f9","type":"CompositionRelationship"},{"id":"198363a8-c3ad-4b5e-9a84-1756493025a2","sourceId":"1138dafb-42a2-4c80-87ac-12a0f5c9e35e","targetId":"f25cd18d-27c8-4c3a-a469-4db521e48ab6","type":"CompositionRelationship"},{"id":"74666a7f-d9a4-43de-8c74-fe8e49be541e","sourceId":"01cfdb9d-e314-443e-aad2-500a3814f7f9","targetId":"43fa3184-42f6-406d-b0b1-5f4b888d5e49","type":"SpecializationRelationship"},{"id":"adf667e9-032e-4efc-a6ed-d87cd2f51479","sourceId":"f25cd18d-27c8-4c3a-a469-4db521e48ab6","targetId":"43fa3184-42f6-406d-b0b1-5f4b888d5e49","type":"SpecializationRelationship"},{"id":"c0cb7c6e-7146-4492-be1b-3ac0789fb6db","sourceId":"1138dafb-42a2-4c80-87ac-12a0f5c9e35e","targetId":"5721e7b6-5038-4dab-81f3-a12bb5eb1068","type":"CompositionRelationship"},{"id":"b6742067-ce0e-460b-b489-d47a3336c375","sourceId":"358b36b0-4188-4f9b-81ba-7e0e1ce18c77","targetId":"8ae9962f-a7da-4734-be8b-bd5851adb165","type":"CompositionRelationship"},{"id":"a5bef262-b5f9-4c37-be8c-35ecb5c8f28c","sourceId":"358b36b0-4188-4f9b-81ba-7e0e1ce18c77","targetId":"22243ec1-6f8f-4a3a-b62e-f8bf93b31a0e","type":"CompositionRelationship"},{"id":"a5593bec-c75c-41ca-9903-345262bde2a3","sourceId":"358b36b0-4188-4f9b-81ba-7e0e1ce18c77","targetId":"b67dfc73-9c00-4f04-80e0-97a073b36561","type":"CompositionRelationship"},{"id":"269d7ffa-949c-4b1d-a18b-6fea328bb8d5","sourceId":"3c350cd8-10bd-47fd-a659-f8a16c2c5760","targetId":"c5b8dd48-cdd4-410f-889d-fcc6f9b05b77","type":"CompositionRelationship"},{"id":"1d67dbf0-c44e-46ec-a191-8ad83e5e33be","sourceId":"3c350cd8-10bd-47fd-a659-f8a16c2c5760","targetId":"ccefaf22-b441-4616-8948-21b608c78218","type":"CompositionRelationship"},{"id":"14c6049d-96bb-43c0-8ced-5e51403cd790","sourceId":"358b36b0-4188-4f9b-81ba-7e0e1ce18c77","targetId":"a5ee0272-a125-467c-af33-a0057b39c6c6","type":"AggregationRelationship"},{"id":"f63926c5-562f-488b-ba6d-e9672f4c44ac","sourceId":"358b36b0-4188-4f9b-81ba-7e0e1ce18c77","targetId":"4e958b72-6f36-4cab-96b7-29e1091ae0cc","type":"AggregationRelationship"},{"id":"7f97b1b5-dde1-4d6a-8295-99850ef8d046","sourceId":"1138dafb-42a2-4c80-87ac-12a0f5c9e35e","targetId":"00e5a08d-c5de-404e-9372-ef0ccc2f3ffa","type":"AggregationRelationship"},{"id":"eccd0138-0d1e-44c0-84fb-60c1e0ef6dac","sourceId":"1138dafb-42a2-4c80-87ac-12a0f5c9e35e","targetId":"ef9faceb-f5eb-4836-90af-c1f9a89e8961","type":"AggregationRelationship"},{"id":"7cba381c-2a59-4eb2-9920-2d1daa1c8a2f","sourceId":"00e5a08d-c5de-404e-9372-ef0ccc2f3ffa","targetId":"43fa3184-42f6-406d-b0b1-5f4b888d5e49","type":"SpecializationRelationship"},{"id":"b327dfa6-4a14-4c2a-b2f9-c38af5ad7c7d","sourceId":"ef9faceb-f5eb-4836-90af-c1f9a89e8961","targetId":"43fa3184-42f6-406d-b0b1-5f4b888d5e49","type":"SpecializationRelationship"},{"id":"c63c5895-908e-41e8-8ac7-c92e9167fc63","sourceId":"5721e7b6-5038-4dab-81f3-a12bb5eb1068","targetId":"43fa3184-42f6-406d-b0b1-5f4b888d5e49","type":"SpecializationRelationship"},{"id":"7f9aed0e-c5cf-4a49-9730-f0dfcdaf0728","sourceId":"40e4ac30-a641-4c03-b834-b015763fd7d8","targetId":"00e5a08d-c5de-404e-9372-ef0ccc2f3ffa","type":"AssociationRelationship"},{"id":"a3d82c03-1aa6-4e1e-9ba4-1306318abc54","sourceId":"40e4ac30-a641-4c03-b834-b015763fd7d8","targetId":"ef9faceb-f5eb-4836-90af-c1f9a89e8961","type":"AssociationRelationship"},{"id":"bdc992ec-8676-42fb-88af-c14bd23c38ef","sourceId":"8d831251-1262-43bc-81e1-e86d979a105c","targetId":"f25cd18d-27c8-4c3a-a469-4db521e48ab6","type":"AssociationRelationship"},{"id":"d3cb7187-ff1f-4078-bbb8-a1dba8fa679e","sourceId":"8d831251-1262-43bc-81e1-e86d979a105c","targetId":"01cfdb9d-e314-443e-aad2-500a3814f7f9","type":"AssociationRelationship"},{"id":"28343739-15bb-4139-9b0a-fd9cfc71d017","sourceId":"f78320fd-0e3c-4e48-8992-4586e6f524b1","targetId":"5721e7b6-5038-4dab-81f3-a12bb5eb1068","type":"AssociationRelationship"},{"id":"1596778f-7968-46a1-bb5a-310be8d3ad5e","sourceId":"cc4188d2-9e3c-47b1-bdac-b06be7b49335","targetId":"8d831251-1262-43bc-81e1-e86d979a105c","type":"AssociationRelationship"},{"id":"d2022c73-447b-4baf-8343-336e6b2db460","sourceId":"cc4188d2-9e3c-47b1-bdac-b06be7b49335","targetId":"40e4ac30-a641-4c03-b834-b015763fd7d8","type":"AssociationRelationship"},{"id":"f68bdddc-6b1c-4e52-8988-7705a674691c","sourceId":"0e257062-b8ec-4437-8ff8-15252d37e587","targetId":"40e4ac30-a641-4c03-b834-b015763fd7d8","type":"AssociationRelationship"},{"id":"a57e42ab-d38d-4efb-bb14-c05b5d1f8dcd","sourceId":"0e257062-b8ec-4437-8ff8-15252d37e587","targetId":"8d831251-1262-43bc-81e1-e86d979a105c","type":"AssociationRelationship"},{"id":"958e3520-7659-4835-b100-32df04b1a8c0","sourceId":"0e257062-b8ec-4437-8ff8-15252d37e587","targetId":"f78320fd-0e3c-4e48-8992-4586e6f524b1","type":"AssociationRelationship"},{"id":"04b7b495-09d5-48ba-bc04-0aec63025abb","sourceId":"1b955391-87f1-4c77-aa6c-f4b0637c228b","targetId":"01cfdb9d-e314-443e-aad2-500a3814f7f9","type":"CompositionRelationship"},{"id":"53bd9166-5c0b-4dd9-bfec-a6039bfa2c82","sourceId":"1b955391-87f1-4c77-aa6c-f4b0637c228b","targetId":"f9668d25-e5c5-486e-9d05-402b7f6badfc","type":"CompositionRelationship"},{"id":"fcdb9cd1-aade-4da7-896a-180f76fe1070","sourceId":"1b955391-87f1-4c77-aa6c-f4b0637c228b","targetId":"597bb0f3-755f-4cca-8b76-2181326524d7","type":"AggregationRelationship"},{"id":"a54c652e-40bd-4f78-a61c-fcf9d6d021e3","sourceId":"01cfdb9d-e314-443e-aad2-500a3814f7f9","targetId":"f9668d25-e5c5-486e-9d05-402b7f6badfc","type":"AssociationRelationship"},{"id":"d3fdbe3d-ea67-4927-a18d-e9ec89ad620d","sourceId":"597bb0f3-755f-4cca-8b76-2181326524d7","targetId":"f9668d25-e5c5-486e-9d05-402b7f6badfc","type":"AssociationRelationship"},{"id":"b3c1f459-55be-4b36-bc9e-995352b84c6b","sourceId":"6210b7a8-cca6-4df1-b336-5165cd9d59fb","targetId":"597bb0f3-755f-4cca-8b76-2181326524d7","type":"AccessRelationship"},{"id":"aa2169af-111f-4e9f-8086-bf4e1cac7c54","sourceId":"1b955391-87f1-4c77-aa6c-f4b0637c228b","targetId":"c5b8dd48-cdd4-410f-889d-fcc6f9b05b77","type":"AggregationRelationship"},{"id":"2c9ab97c-89f8-4feb-8bb3-36d68091b195","sourceId":"1b955391-87f1-4c77-aa6c-f4b0637c228b","targetId":"8edae3d7-78f4-4c76-a1e9-1fd4dee821b5","type":"AggregationRelationship"},{"id":"bb9cc04f-d06c-46dd-a447-dd9020500638","sourceId":"8edae3d7-78f4-4c76-a1e9-1fd4dee821b5","targetId":"01cfdb9d-e314-443e-aad2-500a3814f7f9","type":"AssignmentRelationship"},{"id":"ab3b91be-5e05-4d21-91b0-02e0e76a2ece","sourceId":"c5b8dd48-cdd4-410f-889d-fcc6f9b05b77","targetId":"8edae3d7-78f4-4c76-a1e9-1fd4dee821b5","type":"ServingRelationship"},{"id":"d5fd2230-dee2-4243-a573-aaa7cf59ee69","sourceId":"1b955391-87f1-4c77-aa6c-f4b0637c228b","targetId":"89b04e34-43a9-4871-bdba-3a248e1125b9","type":"AggregationRelationship"},{"id":"67440561-a15e-4b2a-ba84-5e7e76cabe7c","sourceId":"c5b8dd48-cdd4-410f-889d-fcc6f9b05b77","targetId":"89b04e34-43a9-4871-bdba-3a248e1125b9","type":"TriggeringRelationship"},{"id":"a9d9141e-3b6d-42c9-a9c9-687818e1855f","sourceId":"1b955391-87f1-4c77-aa6c-f4b0637c228b","targetId":"5c1e37fd-5681-4ce5-aa58-7ad0d43aebc6","type":"AggregationRelationship"},{"id":"d53d6556-89b5-4e42-bb4d-266e94462c1a","sourceId":"5c1e37fd-5681-4ce5-aa58-7ad0d43aebc6","targetId":"89b04e34-43a9-4871-bdba-3a248e1125b9","type":"RealizationRelationship"},{"id":"62c54a97-d23d-4607-810a-17e547420c2e","sourceId":"5c1e37fd-5681-4ce5-aa58-7ad0d43aebc6","targetId":"6210b7a8-cca6-4df1-b336-5165cd9d59fb","type":"CompositionRelationship"},{"id":"cd4dc3fa-bac0-4d32-ac20-f26c53189f06","sourceId":"1b955391-87f1-4c77-aa6c-f4b0637c228b","targetId":"5910a0f4-7c9f-442a-9570-513d8d5bb14f","type":"AggregationRelationship"},{"id":"6551d808-be10-4779-8f22-d9329d0beae8","sourceId":"1b955391-87f1-4c77-aa6c-f4b0637c228b","targetId":"11e622b2-5e33-4c57-99d7-360660178a87","type":"AggregationRelationship"},{"id":"9ac66601-ab42-4ed4-b60c-dcc735fb1c20","sourceId":"5910a0f4-7c9f-442a-9570-513d8d5bb14f","targetId":"11e622b2-5e33-4c57-99d7-360660178a87","type":"AggregationRelationship"},{"id":"6ffbac8d-de93-4658-a85e-b73c038ac974","sourceId":"5c1e37fd-5681-4ce5-aa58-7ad0d43aebc6","targetId":"77360300-bfba-4880-8b35-62d4e95df7e4","type":"CompositionRelationship"},{"id":"1bd28d12-2f25-4a99-8d6f-5133cf73db97","sourceId":"6210b7a8-cca6-4df1-b336-5165cd9d59fb","targetId":"77360300-bfba-4880-8b35-62d4e95df7e4","type":"TriggeringRelationship"},{"id":"02101e1f-71af-41b6-81bb-2f5cfb1c8aa3","sourceId":"1b955391-87f1-4c77-aa6c-f4b0637c228b","targetId":"5090ffa2-2f38-495f-8a2d-10969ad660cc","type":"AggregationRelationship"},{"id":"afbcb503-ac8a-423d-b7dd-0fe4ae44a2d2","sourceId":"5090ffa2-2f38-495f-8a2d-10969ad660cc","targetId":"77360300-bfba-4880-8b35-62d4e95df7e4","type":"ServingRelationship"},{"id":"d70eeed9-2875-4255-a5ab-e820b77f5d83","sourceId":"5c1e37fd-5681-4ce5-aa58-7ad0d43aebc6","targetId":"a87d1275-e6f8-4b76-9311-72b93f05272d","type":"CompositionRelationship"},{"id":"0846831a-d272-4f97-817c-836b1adda6c2","sourceId":"77360300-bfba-4880-8b35-62d4e95df7e4","targetId":"a87d1275-e6f8-4b76-9311-72b93f05272d","type":"TriggeringRelationship"},{"id":"cdd45e07-c54a-4ccb-9aaa-6396b971059e","sourceId":"a87d1275-e6f8-4b76-9311-72b93f05272d","targetId":"11e622b2-5e33-4c57-99d7-360660178a87","type":"AccessRelationship"},{"id":"b6ff4fbc-edfe-425b-befc-4942766d7b22","sourceId":"1b955391-87f1-4c77-aa6c-f4b0637c228b","targetId":"3fea1629-b2ff-40a0-b1d9-a13a44fa3361","type":"AggregationRelationship"},{"id":"35f7f256-4a29-4bd9-a466-8a5b8bff525e","sourceId":"a87d1275-e6f8-4b76-9311-72b93f05272d","targetId":"3fea1629-b2ff-40a0-b1d9-a13a44fa3361","type":"AccessRelationship"},{"id":"cb1a80e4-3014-4883-b20e-00f9c637629a","sourceId":"597bb0f3-755f-4cca-8b76-2181326524d7","targetId":"3fea1629-b2ff-40a0-b1d9-a13a44fa3361","type":"SpecializationRelationship"},{"id":"001d9cc4-8bbb-4c4e-abcd-e28309b53bf6","sourceId":"5910a0f4-7c9f-442a-9570-513d8d5bb14f","targetId":"3fea1629-b2ff-40a0-b1d9-a13a44fa3361","type":"AssociationRelationship"},{"id":"b24a923b-48b4-41fd-8484-a9b1394064ed","sourceId":"5c1e37fd-5681-4ce5-aa58-7ad0d43aebc6","targetId":"c4d3297f-2096-4580-ac23-0fc367fb36d2","type":"CompositionRelationship"},{"id":"1eceeb19-a4a4-4f00-86ff-8e6688c5fc4d","sourceId":"a87d1275-e6f8-4b76-9311-72b93f05272d","targetId":"c4d3297f-2096-4580-ac23-0fc367fb36d2","type":"TriggeringRelationship"},{"id":"4cc6bfd7-8c37-4e3e-9537-6c346dfbb5dd","sourceId":"5c1e37fd-5681-4ce5-aa58-7ad0d43aebc6","targetId":"436fa82b-2319-402e-a38e-21b639186b80","type":"CompositionRelationship"},{"id":"ae445bf2-0c62-4503-b57e-4c1ce0bf7c0d","sourceId":"a87d1275-e6f8-4b76-9311-72b93f05272d","targetId":"436fa82b-2319-402e-a38e-21b639186b80","type":"TriggeringRelationship"},{"id":"2b1a9b96-4b87-4888-af6e-591807fb6c9f","sourceId":"5c1e37fd-5681-4ce5-aa58-7ad0d43aebc6","targetId":"35f7f55a-795e-448e-afe0-275289e5d732","type":"AggregationRelationship"},{"id":"2817edc4-ffaa-415b-ab8d-99ec1662d610","sourceId":"5c1e37fd-5681-4ce5-aa58-7ad0d43aebc6","targetId":"6121a5f4-f12e-42dc-9eab-6c8c7f9d5260","type":"RealizationRelationship"},{"id":"149575ab-b65c-4a13-a491-d9b19a447604","sourceId":"436fa82b-2319-402e-a38e-21b639186b80","targetId":"6121a5f4-f12e-42dc-9eab-6c8c7f9d5260","type":"TriggeringRelationship"},{"id":"490dae85-5c80-4a55-8c35-3b7a3cbbfe2c","sourceId":"c4d3297f-2096-4580-ac23-0fc367fb36d2","targetId":"6121a5f4-f12e-42dc-9eab-6c8c7f9d5260","type":"TriggeringRelationship"},{"id":"bb3a3418-8dcb-4662-a835-46ad4c6f8403","sourceId":"6121a5f4-f12e-42dc-9eab-6c8c7f9d5260","targetId":"35f7f55a-795e-448e-afe0-275289e5d732","type":"TriggeringRelationship"},{"id":"63158f3a-5f1d-4083-9121-48a87f1b80e0","sourceId":"1b955391-87f1-4c77-aa6c-f4b0637c228b","targetId":"ac3e2539-c413-402a-b5f3-e1bf87af2364","type":"AggregationRelationship"},{"id":"1d3a99ee-f0c4-4034-9a5e-154c419cdf2e","sourceId":"ac3e2539-c413-402a-b5f3-e1bf87af2364","targetId":"3fea1629-b2ff-40a0-b1d9-a13a44fa3361","type":"SpecializationRelationship"},{"id":"d2050e08-37e4-4d53-b13f-34ba8eaea9f6","sourceId":"35f7f55a-795e-448e-afe0-275289e5d732","targetId":"ac3e2539-c413-402a-b5f3-e1bf87af2364","type":"AccessRelationship"},{"id":"3be1328d-8985-47e0-a9b4-34f54788df68","sourceId":"1b955391-87f1-4c77-aa6c-f4b0637c228b","targetId":"4e958b72-6f36-4cab-96b7-29e1091ae0cc","type":"AggregationRelationship"},{"id":"95251ef9-6d68-4cbb-96d0-fa77ac1371f5","sourceId":"47ab9ea3-cb81-4654-af90-81b8572f7036","targetId":"f25cd18d-27c8-4c3a-a469-4db521e48ab6","type":"AggregationRelationship"},{"id":"292462d4-860b-401d-b975-3721c552f936","sourceId":"47ab9ea3-cb81-4654-af90-81b8572f7036","targetId":"f9668d25-e5c5-486e-9d05-402b7f6badfc","type":"AggregationRelationship"},{"id":"25b8bedb-418c-4290-9ad0-a193fed4438b","sourceId":"f25cd18d-27c8-4c3a-a469-4db521e48ab6","targetId":"f9668d25-e5c5-486e-9d05-402b7f6badfc","type":"AssociationRelationship"},{"id":"90d36bcb-84df-4614-95ba-7c7515a89e11","sourceId":"47ab9ea3-cb81-4654-af90-81b8572f7036","targetId":"597bb0f3-755f-4cca-8b76-2181326524d7","type":"AggregationRelationship"},{"id":"f8934a86-2b4e-4ddd-82f0-d99d4dead8e1","sourceId":"47ab9ea3-cb81-4654-af90-81b8572f7036","targetId":"b1b16e78-b12d-4647-ac16-ee04a4823347","type":"AggregationRelationship"},{"id":"95216d76-c14a-412b-8e8e-b9827a4c880b","sourceId":"b1b16e78-b12d-4647-ac16-ee04a4823347","targetId":"f25cd18d-27c8-4c3a-a469-4db521e48ab6","type":"AssignmentRelationship"},{"id":"b5ae8866-9d87-452e-b9e5-9a9580e70d20","sourceId":"47ab9ea3-cb81-4654-af90-81b8572f7036","targetId":"c5b8dd48-cdd4-410f-889d-fcc6f9b05b77","type":"AggregationRelationship"},{"id":"53d5c31e-81e7-4124-a6c6-b19082050ad5","sourceId":"c5b8dd48-cdd4-410f-889d-fcc6f9b05b77","targetId":"b1b16e78-b12d-4647-ac16-ee04a4823347","type":"ServingRelationship"},{"id":"5e62a2af-7ba1-4e0c-8666-4bc3fa239311","sourceId":"47ab9ea3-cb81-4654-af90-81b8572f7036","targetId":"bd2e4f72-4864-43ad-8c8b-739d9cb16ec6","type":"AggregationRelationship"},{"id":"3a1c0092-72e8-44dd-a356-3e541a90b54b","sourceId":"c5b8dd48-cdd4-410f-889d-fcc6f9b05b77","targetId":"bd2e4f72-4864-43ad-8c8b-739d9cb16ec6","type":"TriggeringRelationship"},{"id":"77e93e05-00e2-410e-930a-0871bb462d7f","sourceId":"47ab9ea3-cb81-4654-af90-81b8572f7036","targetId":"8fddb176-c218-47ab-a8dc-882a2893c297","type":"AggregationRelationship"},{"id":"c8bc6790-6326-47ff-884d-3feff9c97a7d","sourceId":"8fddb176-c218-47ab-a8dc-882a2893c297","targetId":"6210b7a8-cca6-4df1-b336-5165cd9d59fb","type":"CompositionRelationship"},{"id":"9f1c3484-1748-4c6d-b42a-ac7cfaba5f7e","sourceId":"8fddb176-c218-47ab-a8dc-882a2893c297","targetId":"77360300-bfba-4880-8b35-62d4e95df7e4","type":"CompositionRelationship"},{"id":"e12e9315-2fd6-4f27-95eb-41c497b4e8e6","sourceId":"8fddb176-c218-47ab-a8dc-882a2893c297","targetId":"a87d1275-e6f8-4b76-9311-72b93f05272d","type":"CompositionRelationship"},{"id":"53e98a53-f0c3-4fdb-bb09-db86d3a6120b","sourceId":"47ab9ea3-cb81-4654-af90-81b8572f7036","targetId":"3fea1629-b2ff-40a0-b1d9-a13a44fa3361","type":"AggregationRelationship"},{"id":"88aa132d-32e2-4878-ba29-3e1f8c28475e","sourceId":"8fddb176-c218-47ab-a8dc-882a2893c297","targetId":"bd2e4f72-4864-43ad-8c8b-739d9cb16ec6","type":"RealizationRelationship"},{"id":"2d188671-3446-4597-8a4a-f91c1b63b9ea","sourceId":"47ab9ea3-cb81-4654-af90-81b8572f7036","targetId":"5275966a-fe02-46b9-84da-71a20175f2c5","type":"AggregationRelationship"},{"id":"ae29006b-453a-4767-a4c6-655ea7b3f1f7","sourceId":"5275966a-fe02-46b9-84da-71a20175f2c5","targetId":"3fea1629-b2ff-40a0-b1d9-a13a44fa3361","type":"SpecializationRelationship"},{"id":"0f0cc847-4e2d-455a-bef1-1fd03774d5d2","sourceId":"8fddb176-c218-47ab-a8dc-882a2893c297","targetId":"72dc01d8-06b6-425b-9128-30215772ba43","type":"AggregationRelationship"},{"id":"9d08f862-9222-48e1-92cc-7afddb9cd9c7","sourceId":"47ab9ea3-cb81-4654-af90-81b8572f7036","targetId":"8624c469-a195-4cba-aee6-7c3ae170754e","type":"AggregationRelationship"},{"id":"177a76cd-341b-4627-966a-6b8242699d56","sourceId":"a87d1275-e6f8-4b76-9311-72b93f05272d","targetId":"72dc01d8-06b6-425b-9128-30215772ba43","type":"TriggeringRelationship"},{"id":"cab39255-3e0a-4f04-9c39-e67967a21b61","sourceId":"8624c469-a195-4cba-aee6-7c3ae170754e","targetId":"72dc01d8-06b6-425b-9128-30215772ba43","type":"ServingRelationship"},{"id":"4584a387-8bde-4f92-a489-011f9c814d5e","sourceId":"8fddb176-c218-47ab-a8dc-882a2893c297","targetId":"eb614993-9ca5-4d3e-bb66-596bb965d39b","type":"CompositionRelationship"},{"id":"08db65a1-03ca-48e5-ba88-8d7551e0c76e","sourceId":"eb614993-9ca5-4d3e-bb66-596bb965d39b","targetId":"5275966a-fe02-46b9-84da-71a20175f2c5","type":"AccessRelationship"},{"id":"75a0b3e6-8fa2-44f9-9585-3a59af74121f","sourceId":"72dc01d8-06b6-425b-9128-30215772ba43","targetId":"eb614993-9ca5-4d3e-bb66-596bb965d39b","type":"TriggeringRelationship"},{"id":"f766b6cb-0ab3-4dd8-b72f-84de3dce9077","sourceId":"47ab9ea3-cb81-4654-af90-81b8572f7036","targetId":"8ae9962f-a7da-4734-be8b-bd5851adb165","type":"AggregationRelationship"},{"id":"90a9e812-b2f8-4912-8c2f-02bed0697793","sourceId":"1b955391-87f1-4c77-aa6c-f4b0637c228b","targetId":"be95cc03-5407-4d52-a918-221ece6e5b76","type":"AggregationRelationship"},{"id":"8312cd31-663f-4cda-b492-6b97ef61c206","sourceId":"be95cc03-5407-4d52-a918-221ece6e5b76","targetId":"a87d1275-e6f8-4b76-9311-72b93f05272d","type":"ServingRelationship"},{"id":"f0bd2b14-d4be-4816-8051-780967ba2212","sourceId":"47ab9ea3-cb81-4654-af90-81b8572f7036","targetId":"be95cc03-5407-4d52-a918-221ece6e5b76","type":"AggregationRelationship"},{"id":"a8988057-edbb-40ae-9c9c-1ed1429e86b4","sourceId":"ccefaf22-b441-4616-8948-21b608c78218","targetId":"0cc863e1-a291-4f24-8e5f-2032fd8ceb95","type":"ServingRelationship"},{"id":"0cb83ae9-e10c-496e-b729-1c4ec169a374","sourceId":"97710ba9-8b14-4625-bbf6-fef222d95732","targetId":"ccefaf22-b441-4616-8948-21b608c78218","type":"ServingRelationship"}],"views":[{"id":"bba7db37-7a39-42ac-9dc9-93575667a42a","name":"AnyVisitor","viewpoint":""},{"id":"3eefeb55-33e1-4f1a-b3e3-6f13704f2923","name":"ISeePricey.online","viewpoint":"application_cooperation"},{"id":"5e81871d-feb4-4f32-96a3-e5a8c81cfac5","name":"Traveler","viewpoint":""},{"id":"93fa4143-1275-41bf-8d67-333472493fc2","name":"Local Byer","viewpoint":""},{"id":"39bbc221-fd3f-43f6-93da-23cff6af9f5a","name":"BusinessModel","viewpoint":""},{"id":"879c3e0e-491b-4565-92d7-7fc3bb5cff27","name":"Motivation","viewpoint":"motivation"}]}