{"identifier":"https://me.big.tuwien.ac.at/EAModelSet/id-65ad485f-e159-4e69-91f1-eac09ebb9903","archimateId":"id-65ad485f-e159-4e69-91f1-eac09ebb9903","name":"Interoperability testing snippet-6","description":"","formats":["XML","CSV","JSON","ARCHIMATE"],"source":"GitHub","repository":"","license":"","sourceFile":"raw-data/github/xml/interoperability_testing_snippet-6.xml","sourceFormat":"XML","timestamp":"2023-07-06T09:29:17","tags":[],"duplicates":[],"language":"en","elements":[{"id":"id-0a9af55b-df91-4142-a48a-0ba72d304fe8","name":"Improve Customer interaction","type":"Goal","layer":"motivation"},{"id":"id-5ada7fba-30b4-4fee-814d-d8bea9bde849","name":"Integrated back-office system","type":"Deliverable","layer":"implementation_migration"},{"id":"id-dabb729b-001f-4bb5-85fa-049d110eec7b","name":"Software","type":"Deliverable","layer":"implementation_migration"},{"id":"id-f9471304-3cea-4be3-8fac-1411f61c9ba3","name":"Hardware","type":"Deliverable","layer":"implementation_migration"},{"id":"id-6eb9940b-a9a8-4b99-87d7-0f434c9e1ce0","name":"Baseline","type":"Plateau","layer":"implementation_migration"},{"id":"id-67b38222-e0da-423b-ba99-d080a3b5b7b7","name":"Transition 1","type":"Plateau","layer":"implementation_migration"},{"id":"id-a382d11f-4a23-46f1-b510-70579fb56651","name":"Transition 2 Alternative A","type":"Plateau","layer":"implementation_migration"},{"id":"id-6874b8a9-cb1b-4af6-ab5c-0d71581f5a33","name":"Transition 2 Alternative B","type":"Plateau","layer":"implementation_migration"},{"id":"id-fd215a76-510b-465e-9d94-5426bf653b17","name":"Transition 3","type":"Plateau","layer":"implementation_migration"},{"id":"id-871e9414-7101-48c3-85a1-a6754297ae23","name":"Target","type":"Plateau","layer":"implementation_migration"},{"id":"id-fd967091-4d84-4bff-b5a5-73fca2d99f76","name":"Customer Testing","type":"ImplementationEvent","layer":"implementation_migration"},{"id":"id-72980e5e-4db6-43be-bd20-087ffe3ef029","name":"Proposed Final Deliverable","type":"Deliverable","layer":"implementation_migration"},{"id":"id-e88265ca-d8da-4b9b-a217-54faba13de9d","name":"Program Application Portfolio Rationalization","type":"WorkPackage","layer":"implementation_migration"},{"id":"id-329be108-1128-4508-9b52-534896e003b5","name":"Project Back-office system integration","type":"WorkPackage","layer":"implementation_migration"},{"id":"id-b7ede0b1-23fb-4c08-967a-faf713472af4","name":"Project CRM system integration","type":"WorkPackage","layer":"implementation_migration"},{"id":"id-82744b6d-42a8-4a46-b0ef-6583809035ea","name":"Customer Enhancement Program","type":"WorkPackage","layer":"implementation_migration"},{"id":"id-8162a46e-7ba1-42fb-882d-89f553e28b6e","name":"Retire Legacy System","type":"Deliverable","layer":"implementation_migration"},{"id":"id-d5b6273e-b2d0-4fcc-bcfb-b4a5f85a8cf7","name":"Implement New CRM","type":"Deliverable","layer":"implementation_migration"},{"id":"id-5ab1b9aa-4bbc-48d8-828c-415e50338222","name":"Customer Service Project","type":"WorkPackage","layer":"implementation_migration"},{"id":"id-fe17ef4b-63ac-4423-8dc3-b85dc02a09c2","name":"Junction","type":"AndJunction","layer":"other"},{"id":"id-83c07500-6779-4997-ac16-8a4c59a28b5e","name":"Junction","type":"AndJunction","layer":"other"}],"relationships":[{"id":"id-24be5579-4250-4188-bd38-f9f97d294f81","sourceId":"id-5ada7fba-30b4-4fee-814d-d8bea9bde849","targetId":"id-dabb729b-001f-4bb5-85fa-049d110eec7b","type":"Aggregation"},{"id":"id-fb17c87e-228d-4322-b31a-10a5cc48e1bb","sourceId":"id-5ada7fba-30b4-4fee-814d-d8bea9bde849","targetId":"id-f9471304-3cea-4be3-8fac-1411f61c9ba3","type":"Aggregation"},{"id":"id-1432e098-7adf-4156-b943-6b5cb93b5832","sourceId":"id-6874b8a9-cb1b-4af6-ab5c-0d71581f5a33","targetId":"id-83c07500-6779-4997-ac16-8a4c59a28b5e","type":"Triggering"},{"id":"id-1e82489e-d5e8-485e-acdd-300561feca02","sourceId":"id-fd215a76-510b-465e-9d94-5426bf653b17","targetId":"id-871e9414-7101-48c3-85a1-a6754297ae23","type":"Triggering"},{"id":"id-1ca6f0f3-977f-4670-a0c0-722448001daa","sourceId":"id-fe17ef4b-63ac-4423-8dc3-b85dc02a09c2","targetId":"id-a382d11f-4a23-46f1-b510-70579fb56651","type":"Triggering"},{"id":"id-f2d37cae-2b21-4f0c-8f8a-2df884d6bfab","sourceId":"id-6eb9940b-a9a8-4b99-87d7-0f434c9e1ce0","targetId":"id-67b38222-e0da-423b-ba99-d080a3b5b7b7","type":"Triggering"},{"id":"id-33984f7d-832a-404d-aecf-ab6aadbc5dca","sourceId":"id-83c07500-6779-4997-ac16-8a4c59a28b5e","targetId":"id-fd215a76-510b-465e-9d94-5426bf653b17","type":"Triggering"},{"id":"id-f341f52f-df93-4f3d-93e3-c796f3017a9c","sourceId":"id-a382d11f-4a23-46f1-b510-70579fb56651","targetId":"id-83c07500-6779-4997-ac16-8a4c59a28b5e","type":"Triggering"},{"id":"id-f17cfee8-5760-4ea6-8ab7-1f7eb33b0d3c","sourceId":"id-fe17ef4b-63ac-4423-8dc3-b85dc02a09c2","targetId":"id-6874b8a9-cb1b-4af6-ab5c-0d71581f5a33","type":"Triggering"},{"id":"id-53a84d54-8908-47ab-a67e-706f0bb0ab71","sourceId":"id-67b38222-e0da-423b-ba99-d080a3b5b7b7","targetId":"id-fe17ef4b-63ac-4423-8dc3-b85dc02a09c2","type":"Triggering"},{"id":"id-e5c9d4bd-55a6-46eb-8174-da9ff773b2eb","sourceId":"id-fd967091-4d84-4bff-b5a5-73fca2d99f76","targetId":"id-72980e5e-4db6-43be-bd20-087ffe3ef029","type":"Access"},{"id":"id-6db7fb36-e135-469f-a496-781ac9ae23bf","sourceId":"id-e88265ca-d8da-4b9b-a217-54faba13de9d","targetId":"id-329be108-1128-4508-9b52-534896e003b5","type":"Composition"},{"id":"id-72770d38-3b14-4f14-80b1-8b7eb81c2b4d","sourceId":"id-329be108-1128-4508-9b52-534896e003b5","targetId":"id-b7ede0b1-23fb-4c08-967a-faf713472af4","type":"Triggering"},{"id":"id-21afdbca-f150-4a0e-a74e-6a52638dda51","sourceId":"id-e88265ca-d8da-4b9b-a217-54faba13de9d","targetId":"id-b7ede0b1-23fb-4c08-967a-faf713472af4","type":"Composition"},{"id":"id-e2a78a05-eb5a-49f9-bbb2-fae000f4802e","sourceId":"id-82744b6d-42a8-4a46-b0ef-6583809035ea","targetId":"id-d5b6273e-b2d0-4fcc-bcfb-b4a5f85a8cf7","type":"Realization"},{"id":"id-eada9546-9f9d-4c97-8480-1cbda20cfd42","sourceId":"id-82744b6d-42a8-4a46-b0ef-6583809035ea","targetId":"id-5ab1b9aa-4bbc-48d8-828c-415e50338222","type":"Composition"},{"id":"id-9cd0f961-2cdd-4bea-9280-46ce5c5a2c74","sourceId":"id-5ab1b9aa-4bbc-48d8-828c-415e50338222","targetId":"id-8162a46e-7ba1-42fb-882d-89f553e28b6e","type":"Realization"},{"id":"id-140f264f-2e26-4855-be98-0fa654a5ffce","sourceId":"id-82744b6d-42a8-4a46-b0ef-6583809035ea","targetId":"id-8162a46e-7ba1-42fb-882d-89f553e28b6e","type":"Realization"},{"id":"id-7fd0510d-9cb8-47de-94da-adfb67d898cb","sourceId":"id-5ab1b9aa-4bbc-48d8-828c-415e50338222","targetId":"id-d5b6273e-b2d0-4fcc-bcfb-b4a5f85a8cf7","type":"Realization"},{"id":"id-2a470d2e-175f-425b-9b70-759f1a96a56b","sourceId":"id-82744b6d-42a8-4a46-b0ef-6583809035ea","targetId":"id-0a9af55b-df91-4142-a48a-0ba72d304fe8","type":"Realization"}],"views":[{"id":"id-a5572591-9a02-4a3b-b218-b1f4dbb7d37f","name":"Default View","viewpoint":""}]}