<?xml version="1.0" encoding="UTF-8"?><model xmlns="http://www.opengroup.org/xsd/archimate/3.0/" xmlns:xsi="http://www.w3.org/2001/XMLSchema-instance" identifier="_KWDfwBfcEeqDmNBP3mfLQg">  <name>PRINCE2</name>  <elements>    <element xsi:type="BusinessService" identifier="_7RS-EB1VEDWs7MtDTwV3WQ">      <name xml:lang="en">SYSTEM LOGIN </name>      <documentation/>    </element>    <element xsi:type="BusinessService" identifier="_EAQSQB1WEDWs7MtDTwV3WQ">      <name xml:lang="en">CUSTOMER DATABASE</name>      <documentation/>    </element>    <element xsi:type="BusinessService" identifier="_mW39IB1WEDWs7MtDTwV3WQ">      <name xml:lang="en">CUSTOMERS</name>      <documentation/>    </element>    <element xsi:type="BusinessService" identifier="_tzBloB1WEDWs7MtDTwV3WQ">      <name xml:lang="en">FEEDBACK</name>      <documentation/>    </element>    <element xsi:type="BusinessService" identifier="_55lHwB1WEDWs7MtDTwV3WQ">      <name xml:lang="en">CHECK LOCATION</name>      <documentation/>    </element>    <element xsi:type="BusinessService" identifier="_HTu_wB1XEDWs7MtDTwV3WQ">      <name xml:lang="en">SHOW THE NEAR BY TEXI</name>      <documentation/>    </element>    <element xsi:type="BusinessService" identifier="_Tp5EIB1XEDWs7MtDTwV3WQ">      <name xml:lang="en">BOOKING INFORMATION </name>      <documentation/>    </element>    <element xsi:type="BusinessService" identifier="_bmZAoB1XEDWs7MtDTwV3WQ">      <name xml:lang="en">VEHICLES </name>      <documentation/>    </element>    <element xsi:type="BusinessService" identifier="_9Js_QB1XEDWs7MtDTwV3WQ">      <name xml:lang="en">KEEP TRACKING</name>      <documentation/>    </element>    <element xsi:type="BusinessService" identifier="_HetEMB1YEDWs7MtDTwV3WQ">      <name xml:lang="en">GENERATE REPORTS</name>      <documentation/>    </element>    <element xsi:type="BusinessService" identifier="_TVfsAB1YEDWs7MtDTwV3WQ">      <name xml:lang="en">MANAGER</name>      <documentation/>    </element>    <element xsi:type="BusinessActor" identifier="_30MLwfnGEDexdfP66z2P2w">      <name xml:lang="en">Russel</name>      <documentation/>    </element>  </elements>  <relationships>    <relationship xsi:type="Flow" identifier="_ZNaMgB1WEDWs7MtDTwV3WQ" source="_EAQSQB1WEDWs7MtDTwV3WQ" target="_7RS-EB1VEDWs7MtDTwV3WQ">      <name xml:lang="en"/>      <documentation/>    </relationship>    <relationship xsi:type="Flow" identifier="_zC48wR1WEDWs7MtDTwV3WQ" source="_mW39IB1WEDWs7MtDTwV3WQ" target="_tzBloB1WEDWs7MtDTwV3WQ">      <name xml:lang="en"/>      <documentation/>    </relationship>    <relationship xsi:type="Flow" identifier="_DOaJIB1XEDWs7MtDTwV3WQ" source="_mW39IB1WEDWs7MtDTwV3WQ" target="_55lHwB1WEDWs7MtDTwV3WQ">      <name xml:lang="en"/>      <documentation/>    </relationship>    <relationship xsi:type="Flow" identifier="_O34tsB1XEDWs7MtDTwV3WQ" source="_HTu_wB1XEDWs7MtDTwV3WQ" target="_55lHwB1WEDWs7MtDTwV3WQ">      <name xml:lang="en"/>      <documentation/>    </relationship>    <relationship xsi:type="Flow" identifier="_i4Iv8B1XEDWs7MtDTwV3WQ" source="_bmZAoB1XEDWs7MtDTwV3WQ" target="_Tp5EIB1XEDWs7MtDTwV3WQ">      <name xml:lang="en"/>      <documentation/>    </relationship>    <relationship xsi:type="Flow" identifier="_qmSucB1XEDWs7MtDTwV3WQ" source="_7RS-EB1VEDWs7MtDTwV3WQ" target="_mW39IB1WEDWs7MtDTwV3WQ">      <name xml:lang="en"/>      <documentation/>    </relationship>    <relationship xsi:type="Flow" identifier="_r1eeYB1XEDWs7MtDTwV3WQ" source="_mW39IB1WEDWs7MtDTwV3WQ" target="_HTu_wB1XEDWs7MtDTwV3WQ">      <name xml:lang="en"/>      <documentation/>    </relationship>    <relationship xsi:type="Flow" identifier="_wxNYkB1XEDWs7MtDTwV3WQ" source="_HTu_wB1XEDWs7MtDTwV3WQ" target="_Tp5EIB1XEDWs7MtDTwV3WQ">      <name xml:lang="en"/>      <documentation/>    </relationship>    <relationship xsi:type="Flow" identifier="_0V0u0B1XEDWs7MtDTwV3WQ" source="_7RS-EB1VEDWs7MtDTwV3WQ" target="_EAQSQB1WEDWs7MtDTwV3WQ">      <name xml:lang="en"/>      <documentation/>    </relationship>    <relationship xsi:type="Flow" identifier="_1XUBAB1XEDWs7MtDTwV3WQ" source="_EAQSQB1WEDWs7MtDTwV3WQ" target="_tzBloB1WEDWs7MtDTwV3WQ">      <name xml:lang="en"/>      <documentation/>    </relationship>    <relationship xsi:type="Flow" identifier="_21VeMB1XEDWs7MtDTwV3WQ" source="_tzBloB1WEDWs7MtDTwV3WQ" target="_55lHwB1WEDWs7MtDTwV3WQ">      <name xml:lang="en"/>      <documentation/>    </relationship>    <relationship xsi:type="Flow" identifier="_5mVmMB1XEDWs7MtDTwV3WQ" source="_55lHwB1WEDWs7MtDTwV3WQ" target="_bmZAoB1XEDWs7MtDTwV3WQ">      <name xml:lang="en"/>      <documentation/>    </relationship>    <relationship xsi:type="Flow" identifier="_CoT9AB1YEDWs7MtDTwV3WQ" source="_Tp5EIB1XEDWs7MtDTwV3WQ" target="_9Js_QB1XEDWs7MtDTwV3WQ">      <name xml:lang="en"/>      <documentation/>    </relationship>    <relationship xsi:type="Flow" identifier="_D97FEB1YEDWs7MtDTwV3WQ" source="_bmZAoB1XEDWs7MtDTwV3WQ" target="_9Js_QB1XEDWs7MtDTwV3WQ">      <name xml:lang="en"/>      <documentation/>    </relationship>    <relationship xsi:type="Flow" identifier="_Qf9CQB1YEDWs7MtDTwV3WQ" source="_HetEMB1YEDWs7MtDTwV3WQ" target="_mW39IB1WEDWs7MtDTwV3WQ">      <name xml:lang="en"/>      <documentation/>    </relationship>    <relationship xsi:type="Flow" identifier="_V75GgB1YEDWs7MtDTwV3WQ" source="_TVfsAB1YEDWs7MtDTwV3WQ" target="_HetEMB1YEDWs7MtDTwV3WQ">      <name xml:lang="en"/>      <documentation/>    </relationship>    <relationship xsi:type="Flow" identifier="_YsgM8R1YEDWs7MtDTwV3WQ" source="_TVfsAB1YEDWs7MtDTwV3WQ" target="_9Js_QB1XEDWs7MtDTwV3WQ">      <name xml:lang="en"/>      <documentation/>    </relationship>    <relationship xsi:type="Flow" identifier="_d_CdkB1YEDWs7MtDTwV3WQ" source="_TVfsAB1YEDWs7MtDTwV3WQ" target="_EAQSQB1WEDWs7MtDTwV3WQ">      <name xml:lang="en"/>      <documentation/>    </relationship>  </relationships>  <views>    <diagrams>      <view identifier="_nvS00jsnEeelTP4YnW3V3w">        <name xml:lang="en">archimate-diagram</name>        <node xsi:type="Element" identifier="_7RWBYB1VEDWs7MtDTwV3WQ" h="60" w="140" x="20" y="30" elementRef="_7RS-EB1VEDWs7MtDTwV3WQ"/>        <node xsi:type="Element" identifier="_EATVkB1WEDWs7MtDTwV3WQ" h="60" w="130" x="220" y="30" elementRef="_EAQSQB1WEDWs7MtDTwV3WQ"/>        <node xsi:type="Element" identifier="_mW6ZYB1WEDWs7MtDTwV3WQ" h="60" w="130" x="147" y="152" elementRef="_mW39IB1WEDWs7MtDTwV3WQ"/>        <node xsi:type="Element" identifier="_tzHsQR1WEDWs7MtDTwV3WQ" h="60" w="130" x="394" y="30" elementRef="_tzBloB1WEDWs7MtDTwV3WQ"/>        <node xsi:type="Element" identifier="_55rOYB1WEDWs7MtDTwV3WQ" h="53" w="150" x="679" y="156" elementRef="_55lHwB1WEDWs7MtDTwV3WQ"/>        <node xsi:type="Element" identifier="_HTzRMB1XEDWs7MtDTwV3WQ" h="60" w="130" x="147" y="247" elementRef="_HTu_wB1XEDWs7MtDTwV3WQ"/>        <node xsi:type="Element" identifier="_Tp8ugB1XEDWs7MtDTwV3WQ" h="60" w="130" x="147" y="366" elementRef="_Tp5EIB1XEDWs7MtDTwV3WQ"/>        <node xsi:type="Element" identifier="_bmcD8B1XEDWs7MtDTwV3WQ" h="60" w="130" x="663" y="349" elementRef="_bmZAoB1XEDWs7MtDTwV3WQ"/>        <node xsi:type="Element" identifier="_9J9d8B1XEDWs7MtDTwV3WQ" h="60" w="130" x="147" y="466" elementRef="_9Js_QB1XEDWs7MtDTwV3WQ"/>        <node xsi:type="Element" identifier="_He-J8B1YEDWs7MtDTwV3WQ" h="60" w="130" x="596" y="528" elementRef="_HetEMB1YEDWs7MtDTwV3WQ"/>        <node xsi:type="Element" identifier="_TVz1EB1YEDWs7MtDTwV3WQ" h="60" w="130" x="160" y="580" elementRef="_TVfsAB1YEDWs7MtDTwV3WQ"/>        <node xsi:type="Element" identifier="_lwze0fnGEDexdfP66z2P2w" h="60" w="130" x="951" y="570" elementRef="_7RS-EB1VEDWs7MtDTwV3WQ"/>        <connection xsi:type="Relationship" identifier="_ZNfsEB1WEDWs7MtDTwV3WQ" source="_EATVkB1WEDWs7MtDTwV3WQ" target="_7RWBYB1VEDWs7MtDTwV3WQ" relationshipRef="_ZNaMgB1WEDWs7MtDTwV3WQ">          <bendpoint x="200" y="150"/>        </connection>        <connection xsi:type="Relationship" identifier="_zC8nIB1WEDWs7MtDTwV3WQ" source="_mW6ZYB1WEDWs7MtDTwV3WQ" target="_tzHsQR1WEDWs7MtDTwV3WQ" relationshipRef="_zC48wR1WEDWs7MtDTwV3WQ"/>        <connection xsi:type="Relationship" identifier="_DOfBoB1XEDWs7MtDTwV3WQ" source="_mW6ZYB1WEDWs7MtDTwV3WQ" target="_55rOYB1WEDWs7MtDTwV3WQ" relationshipRef="_DOaJIB1XEDWs7MtDTwV3WQ"/>        <connection xsi:type="Relationship" identifier="_O36i4B1XEDWs7MtDTwV3WQ" source="_HTzRMB1XEDWs7MtDTwV3WQ" target="_55rOYB1WEDWs7MtDTwV3WQ" relationshipRef="_O34tsB1XEDWs7MtDTwV3WQ"/>        <connection xsi:type="Relationship" identifier="_i4MaUR1XEDWs7MtDTwV3WQ" source="_bmcD8B1XEDWs7MtDTwV3WQ" target="_Tp8ugB1XEDWs7MtDTwV3WQ" relationshipRef="_i4Iv8B1XEDWs7MtDTwV3WQ"/>        <connection xsi:type="Relationship" identifier="_qmhX8B1XEDWs7MtDTwV3WQ" source="_7RWBYB1VEDWs7MtDTwV3WQ" target="_mW6ZYB1WEDWs7MtDTwV3WQ" relationshipRef="_qmSucB1XEDWs7MtDTwV3WQ"/>        <connection xsi:type="Relationship" identifier="_r1lzIB1XEDWs7MtDTwV3WQ" source="_mW6ZYB1WEDWs7MtDTwV3WQ" target="_HTzRMB1XEDWs7MtDTwV3WQ" relationshipRef="_r1eeYB1XEDWs7MtDTwV3WQ"/>        <connection xsi:type="Relationship" identifier="_wxiIsR1XEDWs7MtDTwV3WQ" source="_HTzRMB1XEDWs7MtDTwV3WQ" target="_Tp8ugB1XEDWs7MtDTwV3WQ" relationshipRef="_wxNYkB1XEDWs7MtDTwV3WQ"/>        <connection xsi:type="Relationship" identifier="_0WEmcB1XEDWs7MtDTwV3WQ" source="_7RWBYB1VEDWs7MtDTwV3WQ" target="_EATVkB1WEDWs7MtDTwV3WQ" relationshipRef="_0V0u0B1XEDWs7MtDTwV3WQ"/>        <connection xsi:type="Relationship" identifier="_1XdyAR1XEDWs7MtDTwV3WQ" source="_EATVkB1WEDWs7MtDTwV3WQ" target="_tzHsQR1WEDWs7MtDTwV3WQ" relationshipRef="_1XUBAB1XEDWs7MtDTwV3WQ"/>        <connection xsi:type="Relationship" identifier="_21eBEB1XEDWs7MtDTwV3WQ" source="_tzHsQR1WEDWs7MtDTwV3WQ" target="_55rOYB1WEDWs7MtDTwV3WQ" relationshipRef="_21VeMB1XEDWs7MtDTwV3WQ"/>        <connection xsi:type="Relationship" identifier="_5mbFwB1XEDWs7MtDTwV3WQ" source="_55rOYB1WEDWs7MtDTwV3WQ" target="_bmcD8B1XEDWs7MtDTwV3WQ" relationshipRef="_5mVmMB1XEDWs7MtDTwV3WQ"/>        <connection xsi:type="Relationship" identifier="_Cova0B1YEDWs7MtDTwV3WQ" source="_Tp8ugB1XEDWs7MtDTwV3WQ" target="_9J9d8B1XEDWs7MtDTwV3WQ" relationshipRef="_CoT9AB1YEDWs7MtDTwV3WQ"/>        <connection xsi:type="Relationship" identifier="_D-Dn8B1YEDWs7MtDTwV3WQ" source="_bmcD8B1XEDWs7MtDTwV3WQ" target="_9J9d8B1XEDWs7MtDTwV3WQ" relationshipRef="_D97FEB1YEDWs7MtDTwV3WQ"/>        <connection xsi:type="Relationship" identifier="_QgvFYB1YEDWs7MtDTwV3WQ" source="_He-J8B1YEDWs7MtDTwV3WQ" target="_mW6ZYB1WEDWs7MtDTwV3WQ" relationshipRef="_Qf9CQB1YEDWs7MtDTwV3WQ"/>        <connection xsi:type="Relationship" identifier="_V8bSAB1YEDWs7MtDTwV3WQ" source="_TVz1EB1YEDWs7MtDTwV3WQ" target="_He-J8B1YEDWs7MtDTwV3WQ" relationshipRef="_V75GgB1YEDWs7MtDTwV3WQ"/>        <connection xsi:type="Relationship" identifier="_YsqlAB1YEDWs7MtDTwV3WQ" source="_TVz1EB1YEDWs7MtDTwV3WQ" target="_9J9d8B1XEDWs7MtDTwV3WQ" relationshipRef="_YsgM8R1YEDWs7MtDTwV3WQ"/>        <connection xsi:type="Relationship" identifier="_d_rWwB1YEDWs7MtDTwV3WQ" source="_TVz1EB1YEDWs7MtDTwV3WQ" target="_EATVkB1WEDWs7MtDTwV3WQ" relationshipRef="_d_CdkB1YEDWs7MtDTwV3WQ"/>        <connection xsi:type="Relationship" identifier="_lw0s8vnGEDexdfP66z2P2w" source="_lwze0fnGEDexdfP66z2P2w" target="_mW6ZYB1WEDWs7MtDTwV3WQ" relationshipRef="_qmSucB1XEDWs7MtDTwV3WQ">          <bendpoint x="614" y="615"/>          <bendpoint x="614" y="164"/>        </connection>        <connection xsi:type="Relationship" identifier="_lw6MgfnGEDexdfP66z2P2w" source="_lwze0fnGEDexdfP66z2P2w" target="_EATVkB1WEDWs7MtDTwV3WQ" relationshipRef="_0V0u0B1XEDWs7MtDTwV3WQ">          <bendpoint x="651" y="585"/>          <bendpoint x="650" y="45"/>        </connection>        <connection xsi:type="Relationship" identifier="_lw924fnGEDexdfP66z2P2w" source="_EATVkB1WEDWs7MtDTwV3WQ" target="_lwze0fnGEDexdfP66z2P2w" relationshipRef="_ZNaMgB1WEDWs7MtDTwV3WQ">          <bendpoint x="650" y="60"/>          <bendpoint x="651" y="600"/>        </connection>      </view>      <view identifier="_TfaIQPoMEDexB-Ne16ZSPQ">        <name xml:lang="en">archimate-diagram2</name>      </view>    </diagrams>  </views></model>
