{"identifier":"https://me.big.tuwien.ac.at/EAModelSet/_KWDfwBfcEeqDmNBP3mfLQg","archimateId":"_KWDfwBfcEeqDmNBP3mfLQg","name":"PRINCE2","description":"","formats":["XML","CSV","JSON","ARCHIMATE"],"source":"GenMyModel","repository":"","license":"","sourceFile":"raw-data/genmymodel/_kwdfwbfceeqdmnbp3mflqg.xml","sourceFormat":"XML","timestamp":"2023-07-06T10:01:17","tags":[],"duplicates":[],"language":"en","elements":[{"id":"_7RS-EB1VEDWs7MtDTwV3WQ","name":"SYSTEM LOGIN ","type":"BusinessService","layer":"business"},{"id":"_EAQSQB1WEDWs7MtDTwV3WQ","name":"CUSTOMER DATABASE","type":"BusinessService","layer":"business"},{"id":"_mW39IB1WEDWs7MtDTwV3WQ","name":"CUSTOMERS","type":"BusinessService","layer":"business"},{"id":"_tzBloB1WEDWs7MtDTwV3WQ","name":"FEEDBACK","type":"BusinessService","layer":"business"},{"id":"_55lHwB1WEDWs7MtDTwV3WQ","name":"CHECK LOCATION","type":"BusinessService","layer":"business"},{"id":"_HTu_wB1XEDWs7MtDTwV3WQ","name":"SHOW THE NEAR BY TEXI","type":"BusinessService","layer":"business"},{"id":"_Tp5EIB1XEDWs7MtDTwV3WQ","name":"BOOKING INFORMATION ","type":"BusinessService","layer":"business"},{"id":"_bmZAoB1XEDWs7MtDTwV3WQ","name":"VEHICLES ","type":"BusinessService","layer":"business"},{"id":"_9Js_QB1XEDWs7MtDTwV3WQ","name":"KEEP TRACKING","type":"BusinessService","layer":"business"},{"id":"_HetEMB1YEDWs7MtDTwV3WQ","name":"GENERATE REPORTS","type":"BusinessService","layer":"business"},{"id":"_TVfsAB1YEDWs7MtDTwV3WQ","name":"MANAGER","type":"BusinessService","layer":"business"},{"id":"_30MLwfnGEDexdfP66z2P2w","name":"Russel","type":"BusinessActor","layer":"business"}],"relationships":[{"id":"_ZNaMgB1WEDWs7MtDTwV3WQ","sourceId":"_EAQSQB1WEDWs7MtDTwV3WQ","targetId":"_7RS-EB1VEDWs7MtDTwV3WQ","type":"Flow"},{"id":"_zC48wR1WEDWs7MtDTwV3WQ","sourceId":"_mW39IB1WEDWs7MtDTwV3WQ","targetId":"_tzBloB1WEDWs7MtDTwV3WQ","type":"Flow"},{"id":"_DOaJIB1XEDWs7MtDTwV3WQ","sourceId":"_mW39IB1WEDWs7MtDTwV3WQ","targetId":"_55lHwB1WEDWs7MtDTwV3WQ","type":"Flow"},{"id":"_O34tsB1XEDWs7MtDTwV3WQ","sourceId":"_HTu_wB1XEDWs7MtDTwV3WQ","targetId":"_55lHwB1WEDWs7MtDTwV3WQ","type":"Flow"},{"id":"_i4Iv8B1XEDWs7MtDTwV3WQ","sourceId":"_bmZAoB1XEDWs7MtDTwV3WQ","targetId":"_Tp5EIB1XEDWs7MtDTwV3WQ","type":"Flow"},{"id":"_qmSucB1XEDWs7MtDTwV3WQ","sourceId":"_7RS-EB1VEDWs7MtDTwV3WQ","targetId":"_mW39IB1WEDWs7MtDTwV3WQ","type":"Flow"},{"id":"_r1eeYB1XEDWs7MtDTwV3WQ","sourceId":"_mW39IB1WEDWs7MtDTwV3WQ","targetId":"_HTu_wB1XEDWs7MtDTwV3WQ","type":"Flow"},{"id":"_wxNYkB1XEDWs7MtDTwV3WQ","sourceId":"_HTu_wB1XEDWs7MtDTwV3WQ","targetId":"_Tp5EIB1XEDWs7MtDTwV3WQ","type":"Flow"},{"id":"_0V0u0B1XEDWs7MtDTwV3WQ","sourceId":"_7RS-EB1VEDWs7MtDTwV3WQ","targetId":"_EAQSQB1WEDWs7MtDTwV3WQ","type":"Flow"},{"id":"_1XUBAB1XEDWs7MtDTwV3WQ","sourceId":"_EAQSQB1WEDWs7MtDTwV3WQ","targetId":"_tzBloB1WEDWs7MtDTwV3WQ","type":"Flow"},{"id":"_21VeMB1XEDWs7MtDTwV3WQ","sourceId":"_tzBloB1WEDWs7MtDTwV3WQ","targetId":"_55lHwB1WEDWs7MtDTwV3WQ","type":"Flow"},{"id":"_5mVmMB1XEDWs7MtDTwV3WQ","sourceId":"_55lHwB1WEDWs7MtDTwV3WQ","targetId":"_bmZAoB1XEDWs7MtDTwV3WQ","type":"Flow"},{"id":"_CoT9AB1YEDWs7MtDTwV3WQ","sourceId":"_Tp5EIB1XEDWs7MtDTwV3WQ","targetId":"_9Js_QB1XEDWs7MtDTwV3WQ","type":"Flow"},{"id":"_D97FEB1YEDWs7MtDTwV3WQ","sourceId":"_bmZAoB1XEDWs7MtDTwV3WQ","targetId":"_9Js_QB1XEDWs7MtDTwV3WQ","type":"Flow"},{"id":"_Qf9CQB1YEDWs7MtDTwV3WQ","sourceId":"_HetEMB1YEDWs7MtDTwV3WQ","targetId":"_mW39IB1WEDWs7MtDTwV3WQ","type":"Flow"},{"id":"_V75GgB1YEDWs7MtDTwV3WQ","sourceId":"_TVfsAB1YEDWs7MtDTwV3WQ","targetId":"_HetEMB1YEDWs7MtDTwV3WQ","type":"Flow"},{"id":"_YsgM8R1YEDWs7MtDTwV3WQ","sourceId":"_TVfsAB1YEDWs7MtDTwV3WQ","targetId":"_9Js_QB1XEDWs7MtDTwV3WQ","type":"Flow"},{"id":"_d_CdkB1YEDWs7MtDTwV3WQ","sourceId":"_TVfsAB1YEDWs7MtDTwV3WQ","targetId":"_EAQSQB1WEDWs7MtDTwV3WQ","type":"Flow"}],"views":[{"id":"_nvS00jsnEeelTP4YnW3V3w","name":"archimate-diagram","viewpoint":""},{"id":"_TfaIQPoMEDexB-Ne16ZSPQ","name":"archimate-diagram2","viewpoint":""}]}