<?xml version="1.0" encoding="UTF-8"?>
<model xmlns="http://www.opengroup.org/xsd/archimate/3.0/" xmlns:xsi="http://www.w3.org/2001/XMLSchema-instance" xsi:schemaLocation="http://www.opengroup.org/xsd/archimate/3.0/ http://www.opengroup.org/xsd/archimate/3.1/archimate3_Diagram.xsd" identifier="id-1a07e439">
  <name>Archivatrion</name>
  <elements>
    <element identifier="aea9cf4d" xsi:type="ApplicationComponent">
      <name>MainDB</name>
    </element>
    <element identifier="aa5e8a44" xsi:type="ApplicationComponent">
      <name>ArchiveDB</name>
    </element>
    <element identifier="adc90c4d" xsi:type="DataObject">
      <name>DOC</name>
    </element>
    <element identifier="id-451ea5cc" xsi:type="DataObject">
      <name>DOC_XXXXXX</name>
    </element>
    <element identifier="id-4c536f98" xsi:type="DataObject">
      <name>ARCH_DOC</name>
    </element>
    <element identifier="abba3ab4" xsi:type="ApplicationComponent">
      <name>ARCH_DATA</name>
    </element>
    <element identifier="decb4443" xsi:type="ApplicationComponent">
      <name>RPC_DATA</name>
    </element>
    <element identifier="id-46665850" xsi:type="ApplicationComponent">
      <name>OWS</name>
    </element>
    <element identifier="id-7843cb83" xsi:type="ApplicationComponent">
      <name>RPCHSK</name>
    </element>
    <element identifier="f9c576b4" xsi:type="ApplicationInterface">
      <name>ARCH_API</name>
    </element>
    <element identifier="id-4905c71d" xsi:type="DataObject">
      <name>PAR_ARCH_TABLES</name>
    </element>
    <element identifier="fe7185c7" xsi:type="DataObject">
      <name>ARCH_PROCESS</name>
    </element>
    <element identifier="de080c24" xsi:type="DataObject">
      <name>ARCH_PROCESS_TABLE</name>
    </element>
    <element identifier="id-8b3b960c" xsi:type="DataObject">
      <name>ARCH_TABLE_OPERATION</name>
    </element>
  </elements>
  <relationships>
    <relationship identifier="id-997ef645" source="adc90c4d" target="id-451ea5cc" xsi:type="Specialization" />
    <relationship identifier="b8d033b3" source="aa5e8a44" target="abba3ab4" xsi:type="Composition" />
    <relationship identifier="id-7144c92c" source="aea9cf4d" target="id-46665850" xsi:type="Composition" />
    <relationship identifier="id-433f95de" source="aea9cf4d" target="decb4443" xsi:type="Composition" />
    <relationship identifier="id-42f31cfc" source="aea9cf4d" target="id-7843cb83" xsi:type="Composition" />
    <relationship identifier="id-915cb672" source="id-451ea5cc" target="id-4c536f98" xsi:type="Specialization" />
    <relationship identifier="c1b29942" source="abba3ab4" target="f9c576b4" xsi:type="Composition" />
    <relationship identifier="e6170db7" source="fe7185c7" target="de080c24" xsi:type="Composition" />
    <relationship identifier="e519f238" source="de080c24" target="id-8b3b960c" xsi:type="Composition" />
    <relationship identifier="id-5b92bfea" source="de080c24" target="id-4905c71d" xsi:type="Composition" />
  </relationships>
  <views>
    <diagrams>
      <view identifier="bd9f4d96" xsi:type="Diagram">
        <name>Default View</name>
        <node identifier="id-1599b7cd" elementRef="aea9cf4d" xsi:type="Element" x="36" y="48" w="697" h="421">
          <style>
            <fillColor r="181" g="255" b="255" a="100" />
            <lineColor r="92" g="92" b="92" a="100" />
            <font name="Lucida Grande" size="12">
              <color r="0" g="0" b="0" />
            </font>
          </style>
          <node identifier="id-17661c67" elementRef="id-46665850" xsi:type="Element" x="504" y="120" w="205" h="145">
            <style>
              <fillColor r="181" g="255" b="255" a="100" />
              <lineColor r="92" g="92" b="92" a="100" />
              <font name="Lucida Grande" size="12">
                <color r="0" g="0" b="0" />
              </font>
            </style>
            <node identifier="e9c17bae" elementRef="adc90c4d" xsi:type="Element" x="528" y="192" w="120" h="55">
              <style>
                <fillColor r="181" g="255" b="255" a="100" />
                <lineColor r="92" g="92" b="92" a="100" />
                <font name="Lucida Grande" size="12">
                  <color r="0" g="0" b="0" />
                </font>
              </style>
            </node>
          </node>
          <node identifier="id-195de38d" elementRef="decb4443" xsi:type="Element" x="60" y="84" w="409" h="349">
            <style>
              <fillColor r="181" g="255" b="255" a="100" />
              <lineColor r="92" g="92" b="92" a="100" />
              <font name="Lucida Grande" size="12">
                <color r="0" g="0" b="0" />
              </font>
            </style>
            <node identifier="f42beb70" elementRef="id-4905c71d" xsi:type="Element" x="228" y="264" w="153" h="37">
              <style>
                <fillColor r="181" g="255" b="255" a="100" />
                <lineColor r="92" g="92" b="92" a="100" />
                <font name="Lucida Grande" size="12">
                  <color r="0" g="0" b="0" />
                </font>
              </style>
            </node>
            <node identifier="id-28d86757" elementRef="fe7185c7" xsi:type="Element" x="96" y="108" w="181" h="37">
              <style>
                <fillColor r="181" g="255" b="255" a="100" />
                <lineColor r="92" g="92" b="92" a="100" />
                <font name="Lucida Grande" size="12">
                  <color r="0" g="0" b="0" />
                </font>
              </style>
            </node>
            <node identifier="d8f01587" elementRef="de080c24" xsi:type="Element" x="96" y="168" w="181" h="37">
              <style>
                <fillColor r="181" g="255" b="255" a="100" />
                <lineColor r="92" g="92" b="92" a="100" />
                <font name="Lucida Grande" size="12">
                  <color r="0" g="0" b="0" />
                </font>
              </style>
            </node>
            <node identifier="f5b51590" elementRef="id-8b3b960c" xsi:type="Element" x="96" y="336" w="181" h="37">
              <style>
                <fillColor r="181" g="255" b="255" a="100" />
                <lineColor r="92" g="92" b="92" a="100" />
                <font name="Lucida Grande" size="12">
                  <color r="0" g="0" b="0" />
                </font>
              </style>
            </node>
          </node>
          <node identifier="id-2bc062c4" elementRef="id-7843cb83" xsi:type="Element" x="504" y="276" w="205" h="145">
            <style>
              <fillColor r="181" g="255" b="255" a="100" />
              <lineColor r="92" g="92" b="92" a="100" />
              <font name="Lucida Grande" size="12">
                <color r="0" g="0" b="0" />
              </font>
            </style>
            <node identifier="id-5c48e4be" elementRef="id-451ea5cc" xsi:type="Element" x="564" y="348" w="120" h="55">
              <style>
                <fillColor r="181" g="255" b="255" a="100" />
                <lineColor r="92" g="92" b="92" a="100" />
                <font name="Lucida Grande" size="12">
                  <color r="0" g="0" b="0" />
                </font>
              </style>
            </node>
          </node>
        </node>
        <node identifier="aceb178b" elementRef="aa5e8a44" xsi:type="Element" x="840" y="48" w="301" h="421">
          <style>
            <fillColor r="181" g="255" b="255" a="100" />
            <lineColor r="92" g="92" b="92" a="100" />
            <font name="Lucida Grande" size="12">
              <color r="0" g="0" b="0" />
            </font>
          </style>
          <node identifier="c4241626" elementRef="abba3ab4" xsi:type="Element" x="864" y="96" w="241" h="361">
            <style>
              <fillColor r="181" g="255" b="255" a="100" />
              <lineColor r="92" g="92" b="92" a="100" />
              <font name="Lucida Grande" size="12">
                <color r="0" g="0" b="0" />
              </font>
            </style>
            <node identifier="id-4fcedae9" elementRef="id-4c536f98" xsi:type="Element" x="924" y="384" w="120" h="55">
              <style>
                <fillColor r="181" g="255" b="255" a="100" />
                <lineColor r="92" g="92" b="92" a="100" />
                <font name="Lucida Grande" size="12">
                  <color r="0" g="0" b="0" />
                </font>
              </style>
            </node>
            <node identifier="id-000183ae" elementRef="f9c576b4" xsi:type="Element" x="900" y="144" w="157" h="37">
              <style>
                <fillColor r="181" g="255" b="255" a="100" />
                <lineColor r="92" g="92" b="92" a="100" />
                <font name="Lucida Grande" size="12">
                  <color r="0" g="0" b="0" />
                </font>
              </style>
            </node>
          </node>
        </node>
        <connection identifier="id-12cabee2" relationshipRef="id-997ef645" xsi:type="Relationship" source="e9c17bae" target="id-5c48e4be">
          <style>
            <lineColor r="0" g="0" b="0" />
            <font name="Lucida Grande" size="12">
              <color r="0" g="0" b="0" />
            </font>
          </style>
        </connection>
        <connection identifier="af8e1a9d" relationshipRef="e6170db7" xsi:type="Relationship" source="id-28d86757" target="d8f01587">
          <style>
            <lineColor r="0" g="0" b="0" />
            <font name="Lucida Grande" size="12">
              <color r="0" g="0" b="0" />
            </font>
          </style>
        </connection>
        <connection identifier="id-00df3159" relationshipRef="e519f238" xsi:type="Relationship" source="d8f01587" target="f5b51590">
          <style>
            <lineColor r="0" g="0" b="0" />
            <font name="Lucida Grande" size="12">
              <color r="0" g="0" b="0" />
            </font>
          </style>
        </connection>
        <connection identifier="id-16e1a4dc" relationshipRef="id-5b92bfea" xsi:type="Relationship" source="d8f01587" target="f42beb70">
          <style>
            <lineColor r="0" g="0" b="0" />
            <font name="Lucida Grande" size="12">
              <color r="0" g="0" b="0" />
            </font>
          </style>
        </connection>
        <connection identifier="id-6efd3716" relationshipRef="id-915cb672" xsi:type="Relationship" source="id-5c48e4be" target="id-4fcedae9">
          <style>
            <lineColor r="0" g="0" b="0" />
            <font name="Lucida Grande" size="12">
              <color r="0" g="0" b="0" />
            </font>
          </style>
        </connection>
      </view>
    </diagrams>
  </views>
</model>
