{"identifier":"https://me.big.tuwien.ac.at/EAModelSet/_5FRNcP3_Eeuj5cUC8m1erQ","archimateId":"_5FRNcP3_Eeuj5cUC8m1erQ","name":"RM workflow","description":"","formats":["XML","CSV","JSON","ARCHIMATE"],"source":"GenMyModel","sourceFile":"raw-data/genmymodel/_5frncp3_eeuj5cuc8m1erq.xml","sourceFormat":"XML","timestamp":"29-06-2023 09:25:45","tags":[],"duplicates":[],"language":"en","elements":[{"id":"_5FTC6v3_Eeuj5cUC8m1erQ","name":"Requirements manager","type":"BusinessRole","layer":"business"},{"id":"_5FTC7P3_Eeuj5cUC8m1erQ","name":"Requirements management (level of system (technical) requirements to the system, its subsystems or components: hardware and software)","type":"BusinessProcess","layer":"business"},{"id":"_5FTC7v3_Eeuj5cUC8m1erQ","name":"Development of functional requirements (text statements)","type":"BusinessFunction","layer":"business"},{"id":"_5FTC8P3_Eeuj5cUC8m1erQ","name":"Architecture definition","type":"BusinessProcess","layer":"business"},{"id":"_5FTC8v3_Eeuj5cUC8m1erQ","name":"Analysis of requirements to functions and definition of functional architecture","type":"BusinessFunction","layer":"business"},{"id":"_5FTC9v3_Eeuj5cUC8m1erQ","name":"Development of non-functional requirements","type":"BusinessFunction","layer":"business"},{"id":"_5FTC-P3_Eeuj5cUC8m1erQ","name":"Architecture definition","type":"BusinessProcess","layer":"business"},{"id":"_5FTC-v3_Eeuj5cUC8m1erQ","name":"Modular decomposition","type":"BusinessFunction","layer":"business"},{"id":"_5FTDCv3_Eeuj5cUC8m1erQ","name":"Stakeholders requirements specification to the product","type":"Product","layer":"business"},{"id":"_5FTDDP3_Eeuj5cUC8m1erQ","name":"External stakeholder","type":"BusinessActor","layer":"business"},{"id":"_5FTDDv3_Eeuj5cUC8m1erQ","name":"Functional diagram (grahical)","type":"Representation","layer":"business"},{"id":"_5FTDEP3_Eeuj5cUC8m1erQ","name":"Functional requirements","type":"Representation","layer":"business"},{"id":"_5FTDEv3_Eeuj5cUC8m1erQ","name":"Non-functional requirements","type":"Representation","layer":"business"},{"id":"_5FTDFP3_Eeuj5cUC8m1erQ","name":"Structural diagram","type":"Representation","layer":"business"},{"id":"_5FTDFv3_Eeuj5cUC8m1erQ","name":"Technical requirements specification to the product","type":"Product","layer":"business"},{"id":"_6ZA2gOAtEDmMPJ4oPD9ffw","name":"Component","type":"ApplicationComponent","layer":"application"},{"id":"_6zS-wOAtEDmMPJ4oPD9ffw","name":"Collaboration","type":"ApplicationCollaboration","layer":"application"}],"relationships":[{"id":"_5FTC9P3_Eeuj5cUC8m1erQ","sourceId":"_5FTC8v3_Eeuj5cUC8m1erQ","targetId":"_5FTC7v3_Eeuj5cUC8m1erQ","type":"Triggering"},{"id":"_5FTC_P3_Eeuj5cUC8m1erQ","sourceId":"_5FTC-v3_Eeuj5cUC8m1erQ","targetId":"_5FTDFP3_Eeuj5cUC8m1erQ","type":"Association"},{"id":"_5FTC_v3_Eeuj5cUC8m1erQ","sourceId":"_5FTC8v3_Eeuj5cUC8m1erQ","targetId":"_5FTC6v3_Eeuj5cUC8m1erQ","type":"Association"},{"id":"_5FTDAP3_Eeuj5cUC8m1erQ","sourceId":"_5FTC8v3_Eeuj5cUC8m1erQ","targetId":"_5FTDDv3_Eeuj5cUC8m1erQ","type":"Association"},{"id":"_5FTDAv3_Eeuj5cUC8m1erQ","sourceId":"_5FTC7v3_Eeuj5cUC8m1erQ","targetId":"_5FTC9v3_Eeuj5cUC8m1erQ","type":"Triggering"},{"id":"_5FTDBP3_Eeuj5cUC8m1erQ","sourceId":"_5FTC7v3_Eeuj5cUC8m1erQ","targetId":"_5FTDEP3_Eeuj5cUC8m1erQ","type":"Association"},{"id":"_5FTDBv3_Eeuj5cUC8m1erQ","sourceId":"_5FTC9v3_Eeuj5cUC8m1erQ","targetId":"_5FTDEv3_Eeuj5cUC8m1erQ","type":"Association"},{"id":"_5FTDCP3_Eeuj5cUC8m1erQ","sourceId":"_5FTC9v3_Eeuj5cUC8m1erQ","targetId":"_5FTC-v3_Eeuj5cUC8m1erQ","type":"Triggering"},{"id":"_5FTDGP3_Eeuj5cUC8m1erQ","sourceId":"_5FTDCv3_Eeuj5cUC8m1erQ","targetId":"_5FTC7P3_Eeuj5cUC8m1erQ","type":"Flow"},{"id":"_5FTDGv3_Eeuj5cUC8m1erQ","sourceId":"_5FTDDP3_Eeuj5cUC8m1erQ","targetId":"_5FTDCv3_Eeuj5cUC8m1erQ","type":"Association"},{"id":"_5FTDHP3_Eeuj5cUC8m1erQ","sourceId":"_5FTC6v3_Eeuj5cUC8m1erQ","targetId":"_5FTC7v3_Eeuj5cUC8m1erQ","type":"Association"},{"id":"_5FTDHv3_Eeuj5cUC8m1erQ","sourceId":"_5FTC6v3_Eeuj5cUC8m1erQ","targetId":"_5FTC9v3_Eeuj5cUC8m1erQ","type":"Association"},{"id":"_5FTDIP3_Eeuj5cUC8m1erQ","sourceId":"_5FTC6v3_Eeuj5cUC8m1erQ","targetId":"_5FTC-v3_Eeuj5cUC8m1erQ","type":"Association"},{"id":"_5FTDIv3_Eeuj5cUC8m1erQ","sourceId":"_5FTC7P3_Eeuj5cUC8m1erQ","targetId":"_5FTDFv3_Eeuj5cUC8m1erQ","type":"Flow"}],"views":[{"id":"_5FTCoP3_Eeuj5cUC8m1erQ","name":"archimate-diagram","viewpoint":""}]}