<?xml version="1.0" encoding="UTF-8"?><model xmlns="http://www.opengroup.org/xsd/archimate/3.0/" xmlns:xsi="http://www.w3.org/2001/XMLSchema-instance" identifier="_5FRNcP3_Eeuj5cUC8m1erQ">  <name xml:lang="en">RM workflow</name>  <elements>    <element xsi:type="BusinessRole" identifier="_5FTC6v3_Eeuj5cUC8m1erQ">      <name xml:lang="en">Requirements manager</name>      <documentation/>    </element>    <element xsi:type="BusinessProcess" identifier="_5FTC7P3_Eeuj5cUC8m1erQ">      <name xml:lang="en">Requirements management (level of system (technical) requirements to the system, its subsystems or components: hardware and software)</name>      <documentation/>    </element>    <element xsi:type="BusinessFunction" identifier="_5FTC7v3_Eeuj5cUC8m1erQ">      <name xml:lang="en">Development of functional requirements (text statements)</name>      <documentation/>    </element>    <element xsi:type="BusinessProcess" identifier="_5FTC8P3_Eeuj5cUC8m1erQ">      <name xml:lang="en">Architecture definition</name>      <documentation/>    </element>    <element xsi:type="BusinessFunction" identifier="_5FTC8v3_Eeuj5cUC8m1erQ">      <name xml:lang="en">Analysis of requirements to functions and definition of functional architecture</name>      <documentation/>    </element>    <element xsi:type="BusinessFunction" identifier="_5FTC9v3_Eeuj5cUC8m1erQ">      <name xml:lang="en">Development of non-functional requirements</name>      <documentation/>    </element>    <element xsi:type="BusinessProcess" identifier="_5FTC-P3_Eeuj5cUC8m1erQ">      <name xml:lang="en">Architecture definition</name>      <documentation/>    </element>    <element xsi:type="BusinessFunction" identifier="_5FTC-v3_Eeuj5cUC8m1erQ">      <name xml:lang="en">Modular decomposition</name>      <documentation/>    </element>    <element xsi:type="Product" identifier="_5FTDCv3_Eeuj5cUC8m1erQ">      <name xml:lang="en">Stakeholders requirements specification to the product</name>      <documentation/>    </element>    <element xsi:type="BusinessActor" identifier="_5FTDDP3_Eeuj5cUC8m1erQ">      <name xml:lang="en">External stakeholder</name>      <documentation/>    </element>    <element xsi:type="Representation" identifier="_5FTDDv3_Eeuj5cUC8m1erQ">      <name xml:lang="en">Functional diagram (grahical)</name>      <documentation/>    </element>    <element xsi:type="Representation" identifier="_5FTDEP3_Eeuj5cUC8m1erQ">      <name xml:lang="en">Functional requirements</name>      <documentation/>    </element>    <element xsi:type="Representation" identifier="_5FTDEv3_Eeuj5cUC8m1erQ">      <name xml:lang="en">Non-functional requirements</name>      <documentation/>    </element>    <element xsi:type="Representation" identifier="_5FTDFP3_Eeuj5cUC8m1erQ">      <name xml:lang="en">Structural diagram</name>      <documentation/>    </element>    <element xsi:type="Product" identifier="_5FTDFv3_Eeuj5cUC8m1erQ">      <name xml:lang="en">Technical requirements specification to the product</name>      <documentation/>    </element>    <element xsi:type="ApplicationComponent" identifier="_6ZA2gOAtEDmMPJ4oPD9ffw">      <name xml:lang="en">Component</name>      <documentation/>    </element>    <element xsi:type="ApplicationCollaboration" identifier="_6zS-wOAtEDmMPJ4oPD9ffw">      <name xml:lang="en">Collaboration</name>      <documentation/>    </element>  </elements>  <relationships>    <relationship xsi:type="Triggering" identifier="_5FTC9P3_Eeuj5cUC8m1erQ" source="_5FTC8v3_Eeuj5cUC8m1erQ" target="_5FTC7v3_Eeuj5cUC8m1erQ">      <name xml:lang="en"/>      <documentation/>    </relationship>    <relationship xsi:type="Association" identifier="_5FTC_P3_Eeuj5cUC8m1erQ" source="_5FTC-v3_Eeuj5cUC8m1erQ" target="_5FTDFP3_Eeuj5cUC8m1erQ">      <name xml:lang="en"/>      <documentation/>    </relationship>    <relationship xsi:type="Association" identifier="_5FTC_v3_Eeuj5cUC8m1erQ" source="_5FTC8v3_Eeuj5cUC8m1erQ" target="_5FTC6v3_Eeuj5cUC8m1erQ">      <name xml:lang="en"/>      <documentation/>    </relationship>    <relationship xsi:type="Association" identifier="_5FTDAP3_Eeuj5cUC8m1erQ" source="_5FTC8v3_Eeuj5cUC8m1erQ" target="_5FTDDv3_Eeuj5cUC8m1erQ">      <name xml:lang="en"/>      <documentation/>    </relationship>    <relationship xsi:type="Triggering" identifier="_5FTDAv3_Eeuj5cUC8m1erQ" source="_5FTC7v3_Eeuj5cUC8m1erQ" target="_5FTC9v3_Eeuj5cUC8m1erQ">      <name xml:lang="en"/>      <documentation/>    </relationship>    <relationship xsi:type="Association" identifier="_5FTDBP3_Eeuj5cUC8m1erQ" source="_5FTC7v3_Eeuj5cUC8m1erQ" target="_5FTDEP3_Eeuj5cUC8m1erQ">      <name xml:lang="en"/>      <documentation/>    </relationship>    <relationship xsi:type="Association" identifier="_5FTDBv3_Eeuj5cUC8m1erQ" source="_5FTC9v3_Eeuj5cUC8m1erQ" target="_5FTDEv3_Eeuj5cUC8m1erQ">      <name xml:lang="en"/>      <documentation/>    </relationship>    <relationship xsi:type="Triggering" identifier="_5FTDCP3_Eeuj5cUC8m1erQ" source="_5FTC9v3_Eeuj5cUC8m1erQ" target="_5FTC-v3_Eeuj5cUC8m1erQ">      <name xml:lang="en"/>      <documentation/>    </relationship>    <relationship xsi:type="Flow" identifier="_5FTDGP3_Eeuj5cUC8m1erQ" source="_5FTDCv3_Eeuj5cUC8m1erQ" target="_5FTC7P3_Eeuj5cUC8m1erQ">      <name xml:lang="en"/>      <documentation/>    </relationship>    <relationship xsi:type="Association" identifier="_5FTDGv3_Eeuj5cUC8m1erQ" source="_5FTDDP3_Eeuj5cUC8m1erQ" target="_5FTDCv3_Eeuj5cUC8m1erQ">      <name xml:lang="en"/>      <documentation/>    </relationship>    <relationship xsi:type="Association" identifier="_5FTDHP3_Eeuj5cUC8m1erQ" source="_5FTC6v3_Eeuj5cUC8m1erQ" target="_5FTC7v3_Eeuj5cUC8m1erQ">      <name xml:lang="en"/>      <documentation/>    </relationship>    <relationship xsi:type="Association" identifier="_5FTDHv3_Eeuj5cUC8m1erQ" source="_5FTC6v3_Eeuj5cUC8m1erQ" target="_5FTC9v3_Eeuj5cUC8m1erQ">      <name xml:lang="en"/>      <documentation/>    </relationship>    <relationship xsi:type="Association" identifier="_5FTDIP3_Eeuj5cUC8m1erQ" source="_5FTC6v3_Eeuj5cUC8m1erQ" target="_5FTC-v3_Eeuj5cUC8m1erQ">      <name xml:lang="en"/>      <documentation/>    </relationship>    <relationship xsi:type="Flow" identifier="_5FTDIv3_Eeuj5cUC8m1erQ" source="_5FTC7P3_Eeuj5cUC8m1erQ" target="_5FTDFv3_Eeuj5cUC8m1erQ">      <name xml:lang="en"/>      <documentation/>    </relationship>  </relationships>  <views>    <diagrams>      <view identifier="_5FTCoP3_Eeuj5cUC8m1erQ">        <name xml:lang="en">archimate-diagram</name>        <node xsi:type="Element" identifier="_5FTCpP3_Eeuj5cUC8m1erQ" h="440" w="900" x="50" y="258" elementRef="_5FTC7P3_Eeuj5cUC8m1erQ">          <node xsi:type="Element" identifier="_5FTCo_3_Eeuj5cUC8m1erQ" h="60" w="130" x="416" y="300" elementRef="_5FTC6v3_Eeuj5cUC8m1erQ"/>          <node xsi:type="Element" identifier="_5FTCr_3_Eeuj5cUC8m1erQ" h="78" w="140" x="340" y="474" elementRef="_5FTC7v3_Eeuj5cUC8m1erQ"/>          <node xsi:type="Element" identifier="_5FTCuf3_Eeuj5cUC8m1erQ" h="224" w="230" x="69" y="423" elementRef="_5FTC8P3_Eeuj5cUC8m1erQ">            <node xsi:type="Element" identifier="_5FTCov3_Eeuj5cUC8m1erQ" h="80" w="150" x="109" y="473" elementRef="_5FTC8v3_Eeuj5cUC8m1erQ"/>            <node xsi:type="Element" identifier="_5FTCtP3_Eeuj5cUC8m1erQ" h="70" w="140" x="114" y="567" elementRef="_5FTDDv3_Eeuj5cUC8m1erQ"/>          </node>          <node xsi:type="Element" identifier="_5FTCwv3_Eeuj5cUC8m1erQ" h="80" w="130" x="529" y="474" elementRef="_5FTC9v3_Eeuj5cUC8m1erQ"/>          <node xsi:type="Element" identifier="_5FTCy_3_Eeuj5cUC8m1erQ" h="60" w="130" x="345" y="583" elementRef="_5FTDEP3_Eeuj5cUC8m1erQ"/>          <node xsi:type="Element" identifier="_5FTC0P3_Eeuj5cUC8m1erQ" h="60" w="130" x="529" y="583" elementRef="_5FTDEv3_Eeuj5cUC8m1erQ"/>          <node xsi:type="Element" identifier="_5FTC1f3_Eeuj5cUC8m1erQ" h="230" w="230" x="700" y="430" elementRef="_5FTC-P3_Eeuj5cUC8m1erQ">            <node xsi:type="Element" identifier="_5FTC1v3_Eeuj5cUC8m1erQ" h="90" w="130" x="750" y="469" elementRef="_5FTC-v3_Eeuj5cUC8m1erQ"/>            <node xsi:type="Element" identifier="_5FTC1_3_Eeuj5cUC8m1erQ" h="60" w="130" x="750" y="583" elementRef="_5FTDFP3_Eeuj5cUC8m1erQ"/>          </node>        </node>        <node xsi:type="Element" identifier="_5FTCpf3_Eeuj5cUC8m1erQ" h="60" w="130" x="435" y="156" elementRef="_5FTDCv3_Eeuj5cUC8m1erQ"/>        <node xsi:type="Element" identifier="_5FTCqv3_Eeuj5cUC8m1erQ" h="60" w="130" x="435" y="69" elementRef="_5FTDDP3_Eeuj5cUC8m1erQ"/>        <node xsi:type="Element" identifier="_5FTC4P3_Eeuj5cUC8m1erQ" h="60" w="130" x="986" y="446" elementRef="_5FTDFv3_Eeuj5cUC8m1erQ"/>        <node xsi:type="Element" identifier="_6ZIyUOAtEDmMPJ4oPD9ffw" h="60" w="130" x="110" y="100" elementRef="_6ZA2gOAtEDmMPJ4oPD9ffw"/>        <node xsi:type="Element" identifier="_6zYeUOAtEDmMPJ4oPD9ffw" h="60" w="130" x="260" y="190" elementRef="_6zS-wOAtEDmMPJ4oPD9ffw"/>        <connection xsi:type="Relationship" identifier="_5FTCpv3_Eeuj5cUC8m1erQ" source="_5FTCpf3_Eeuj5cUC8m1erQ" target="_5FTCpP3_Eeuj5cUC8m1erQ" relationshipRef="_5FTDGP3_Eeuj5cUC8m1erQ"/>        <connection xsi:type="Relationship" identifier="_5FTCq_3_Eeuj5cUC8m1erQ" source="_5FTCqv3_Eeuj5cUC8m1erQ" target="_5FTCpf3_Eeuj5cUC8m1erQ" relationshipRef="_5FTDGv3_Eeuj5cUC8m1erQ"/>        <connection xsi:type="Relationship" identifier="_5FTCsP3_Eeuj5cUC8m1erQ" source="_5FTCov3_Eeuj5cUC8m1erQ" target="_5FTCo_3_Eeuj5cUC8m1erQ" relationshipRef="_5FTC_v3_Eeuj5cUC8m1erQ"/>        <connection xsi:type="Relationship" identifier="_5FTCtf3_Eeuj5cUC8m1erQ" source="_5FTCov3_Eeuj5cUC8m1erQ" target="_5FTCtP3_Eeuj5cUC8m1erQ" relationshipRef="_5FTDAP3_Eeuj5cUC8m1erQ"/>        <connection xsi:type="Relationship" identifier="_5FTCuv3_Eeuj5cUC8m1erQ" source="_5FTCo_3_Eeuj5cUC8m1erQ" target="_5FTCr_3_Eeuj5cUC8m1erQ" relationshipRef="_5FTDHP3_Eeuj5cUC8m1erQ"/>        <connection xsi:type="Relationship" identifier="_5FTCvv3_Eeuj5cUC8m1erQ" source="_5FTCov3_Eeuj5cUC8m1erQ" target="_5FTCr_3_Eeuj5cUC8m1erQ" relationshipRef="_5FTC9P3_Eeuj5cUC8m1erQ"/>        <connection xsi:type="Relationship" identifier="_5FTCw_3_Eeuj5cUC8m1erQ" source="_5FTCr_3_Eeuj5cUC8m1erQ" target="_5FTCwv3_Eeuj5cUC8m1erQ" relationshipRef="_5FTDAv3_Eeuj5cUC8m1erQ"/>        <connection xsi:type="Relationship" identifier="_5FTCx_3_Eeuj5cUC8m1erQ" source="_5FTCo_3_Eeuj5cUC8m1erQ" target="_5FTCwv3_Eeuj5cUC8m1erQ" relationshipRef="_5FTDHv3_Eeuj5cUC8m1erQ"/>        <connection xsi:type="Relationship" identifier="_5FTCzP3_Eeuj5cUC8m1erQ" source="_5FTCr_3_Eeuj5cUC8m1erQ" target="_5FTCy_3_Eeuj5cUC8m1erQ" relationshipRef="_5FTDBP3_Eeuj5cUC8m1erQ"/>        <connection xsi:type="Relationship" identifier="_5FTC0f3_Eeuj5cUC8m1erQ" source="_5FTCwv3_Eeuj5cUC8m1erQ" target="_5FTC0P3_Eeuj5cUC8m1erQ" relationshipRef="_5FTDBv3_Eeuj5cUC8m1erQ"/>        <connection xsi:type="Relationship" identifier="_5FTC2P3_Eeuj5cUC8m1erQ" source="_5FTCwv3_Eeuj5cUC8m1erQ" target="_5FTC1v3_Eeuj5cUC8m1erQ" relationshipRef="_5FTDCP3_Eeuj5cUC8m1erQ"/>        <connection xsi:type="Relationship" identifier="_5FTC3P3_Eeuj5cUC8m1erQ" source="_5FTCo_3_Eeuj5cUC8m1erQ" target="_5FTC1v3_Eeuj5cUC8m1erQ" relationshipRef="_5FTDIP3_Eeuj5cUC8m1erQ"/>        <connection xsi:type="Relationship" identifier="_5FTC4f3_Eeuj5cUC8m1erQ" source="_5FTCpP3_Eeuj5cUC8m1erQ" target="_5FTC4P3_Eeuj5cUC8m1erQ" relationshipRef="_5FTDIv3_Eeuj5cUC8m1erQ"/>        <connection xsi:type="Relationship" identifier="_5FTC5f3_Eeuj5cUC8m1erQ" source="_5FTC1v3_Eeuj5cUC8m1erQ" target="_5FTC1_3_Eeuj5cUC8m1erQ" relationshipRef="_5FTC_P3_Eeuj5cUC8m1erQ"/>      </view>    </diagrams>  </views></model>
