"ID","Type","Name","Documentation","Source","Target","Specialization"
"id-01ef5c26-ef7e-4347-86b0-1a5d0d1000fc","AccessRelationship","","","id-8feb6878-2c6a-43fd-bab7-d86786a52a63","id-3a4b03dc-9a38-4d2a-8c5c-fc930bbfa868",""
"eb5c56d6-49e9-4fb9-b27a-e09ede31d76b","AccessRelationship","","","id-2b20547e-f295-4f9a-85ca-54c42cdc5768","id-9ff175ad-223c-4fb8-b5db-950fd7ac1afa",""
"id-6c6b2d8e-eb8b-4d9f-bac8-266a37e90d03","AccessRelationship","","","id-1899238c-e16f-48c4-8d60-27bfb77bbbe7","id-9ff175ad-223c-4fb8-b5db-950fd7ac1afa",""
"id-81036843-e716-4e92-b1dc-6f6a173a830d","AccessRelationship","","","c96ec46e-ae55-42d7-9e5b-8b1cf459fc58","d0b3831b-e701-4358-b9be-6b1af233a001",""
"id-65939052-9cfa-4643-a1d9-4bc8942a67b6","AccessRelationship","","","id-956bcd81-76ac-485a-97c2-23572a776291","id-5730223d-60fc-4491-8cf6-9ca2290052ac",""
"id-2f422619-3ef8-4376-9142-e5be57cc5f64","AccessRelationship","","","b5711b60-5f44-4410-9781-180c5551f658","eddf2556-59fe-4226-b097-ac7b613a4ce8",""
"id-2114e648-1344-4fcc-844d-d47fa5c733dd","AccessRelationship","","","f21d86a3-385f-45e0-8ed3-5b2c9b805500","d190d569-921f-4e2b-8ea2-5d95fb0888c2",""
"id-566e557f-49d6-490f-ba46-9837f79aa406","AccessRelationship","","","id-58f40068-13f3-45ad-a0e2-512932523b8e","id-5730223d-60fc-4491-8cf6-9ca2290052ac",""
"e7cdceb0-0e8b-4efb-af9f-3f0f33da1c55","AccessRelationship","","","f044d309-635a-42f1-b5ad-310f776643ff","eddf2556-59fe-4226-b097-ac7b613a4ce8",""
"e92505bf-2a1d-4f9e-908e-289f244f6ac0","AccessRelationship","","","dc1aed4a-6113-4f53-bcfd-a93a92cdad45","id-442f572b-5fcf-4080-8ece-be36f6d0cc40",""
"id-1a5d371e-f022-4775-84d1-e68558ae302f","AccessRelationship","","","id-8b8634c1-ffd2-4663-9dfc-000ec7efcd4c","d190d569-921f-4e2b-8ea2-5d95fb0888c2",""
"id-279428df-9cb3-4627-a382-0036efc2b5dc","AccessRelationship","","","id-0f309866-5cdf-46d6-ad9c-8cb820cd1769","d190d569-921f-4e2b-8ea2-5d95fb0888c2",""
"id-6ae37543-2036-4493-8811-7eb7dd51abcd","AccessRelationship","","","id-9c91b77f-6f88-4a3c-af35-249cc27af137","eddf2556-59fe-4226-b097-ac7b613a4ce8",""
"f2e069e5-8b53-4b39-a737-133eab8d5d42","AccessRelationship","","","f150bfb0-b191-44cf-b1e5-c2513a5298d5","eddf2556-59fe-4226-b097-ac7b613a4ce8",""
"id-524fe6cb-a066-46c4-9c1a-d25857761420","AccessRelationship","","","d0d26c95-9449-41c7-9406-cb43675cd26f","id-5730223d-60fc-4491-8cf6-9ca2290052ac",""
"id-2b9215c8-308b-4ebc-9e0f-d81f9ad765ac","AccessRelationship","","","id-8b4c38ae-c8e6-4607-86f6-8290d836101d","id-5730223d-60fc-4491-8cf6-9ca2290052ac",""
"e0ed8219-5744-4318-9a5e-f130aec43c64","AccessRelationship","","","id-70049125-bc0f-456d-bbbd-e5a70d234588","d0b3831b-e701-4358-b9be-6b1af233a001",""
"id-8d2e09b6-afba-487e-803f-3c94cb99faf3","AccessRelationship","","","f30e2900-1a1f-4f7f-831c-a6ef1823abee","d0b3831b-e701-4358-b9be-6b1af233a001",""
"id-739a55da-4141-42cf-a379-fdb90a4a344b","AccessRelationship","","","id-511b8198-7f12-4d57-9743-39b47737f38b","id-9ff175ad-223c-4fb8-b5db-950fd7ac1afa",""
"c758900b-68a8-4ff5-9d9e-8fabd147843e","AccessRelationship","","","id-6c629801-66e6-4994-88af-4f1d37387831","d190d569-921f-4e2b-8ea2-5d95fb0888c2",""
"a42fc229-f7ef-4741-b86f-b6835d9ce565","AccessRelationship","","","c9acce03-81e5-45fb-a176-56bef573e532","id-41353193-0eaf-4c3b-973b-5332df18ce0f",""
"d6db4646-fce3-4191-9a82-16cec61a4aaa","AccessRelationship","","","id-30b19fba-64fb-4a76-bb46-b8135e5aaabd","id-36116202-8f34-4b6a-8ff3-fe23a82de083",""
"id-3b008a75-b7c1-4ed5-8520-1e66dfecb043","AccessRelationship","","","f7b233b2-4ad6-427c-905b-703691077a5d","id-5a0e8b37-9468-4129-aeb1-db971b9741b5",""
"ffc59f75-56da-4d6e-a065-413eb6edcff4","AccessRelationship","","","ea3c4149-03c1-4ac3-9de9-cc4e06831d3c","id-36116202-8f34-4b6a-8ff3-fe23a82de083",""
"cc247b89-f2da-433a-8147-dc862c97ff78","AccessRelationship","","","ea3c4149-03c1-4ac3-9de9-cc4e06831d3c","id-5a0e8b37-9468-4129-aeb1-db971b9741b5",""
"id-3f3b8a54-f07c-4ddb-aa24-a9ee704aa65e","AccessRelationship","","","id-28e0c3de-09be-434b-8d76-407887d4ecef","f7cc08b8-94ea-449d-afd2-6c2dde05541d",""
"id-6075219f-163f-4115-a5b4-92a93566b73d","AccessRelationship","","","ea1abed3-0956-454b-95e4-ec4e3c603cec","id-11565d11-81d5-4fe7-9fdd-67bca50c8ba3",""
"ba8da75a-8f98-40ac-ba8a-74b43a0a8e5c","AccessRelationship","","","id-30b19fba-64fb-4a76-bb46-b8135e5aaabd","id-11565d11-81d5-4fe7-9fdd-67bca50c8ba3",""
"b443cf5d-8800-46c0-aee2-b90501a71c77","AccessRelationship","","","fc0b155d-ec72-461e-9386-419ef3bac201","f7cc08b8-94ea-449d-afd2-6c2dde05541d",""
"e43772d6-2a9f-435d-9167-f9d82c693663","AccessRelationship","","","id-30b19fba-64fb-4a76-bb46-b8135e5aaabd","f7cc08b8-94ea-449d-afd2-6c2dde05541d",""
"f950899c-10bf-4c00-b15e-c01ca127dee7","AggregationRelationship","","","bbee0c27-d4ca-4491-bedc-61a88ca1b0b0","d84aef36-f16c-4a87-ad36-3b0bae4e37e6",""
"a80fe1cf-7639-4911-8061-53614e6a710b","AggregationRelationship","","","id-13331578-de21-4c68-a601-aa9c074095ed","dc1aed4a-6113-4f53-bcfd-a93a92cdad45",""
"id-7fc27e98-3e1c-4d57-88a5-a4cc10851477","AggregationRelationship","","","id-65998c87-ccfb-40d9-94aa-1af528a13214","id-0d452950-0f21-4859-ae9c-d9ac0ddcfff9",""
"id-633e84bf-84a5-4013-a55c-6f2eaf311cf9","AggregationRelationship","","","id-038cf5f5-e223-402e-a47b-61dce5214a11","id-8e52cf1d-558a-4b28-8193-ec0f31e84251",""
"id-325c7de0-9d93-4fd1-9e56-cd09674e5873","AggregationRelationship","","","id-20672ffc-5cd3-4cf6-b3bf-96ace406e6fb","c2537409-4500-4f66-ab4f-524bd826dbf3",""
"f1681828-d4bf-412e-b006-fc0f933ab668","AggregationRelationship","","","id-89c4407e-a067-4904-803c-3ba60fb5a77c","id-079648a8-e512-41e0-a97d-ce264f5b3e4e",""
"id-6b254d3f-204b-4f9c-b350-cdd3ec384af2","AggregationRelationship","","","id-13331578-de21-4c68-a601-aa9c074095ed","id-8666699a-e82e-4170-838f-161268d81829",""
"id-874db6b6-4c80-4798-8bb4-8f2bf1bdb36b","AggregationRelationship","","","id-90bed5d9-e7f4-4c1f-8a3d-e2d817df62e5","id-8e9f5f67-e034-4c77-b461-f05234509a9d",""
"id-2071390a-3c36-4ace-946f-d5512f1d649d","AggregationRelationship","","","be3f1361-1896-4be6-a902-1f4a0ac12f5b","id-96558977-36e5-47e0-b14b-4f5099fc9d05",""
"f07bced8-ced2-434c-9bd4-c56656e9fdcc","AggregationRelationship","","","be3f1361-1896-4be6-a902-1f4a0ac12f5b","id-3b44eb77-e602-4af5-a0b2-8e6bcaef47ab",""
"id-603e035f-2831-4975-bd6f-113dfea1dd96","AggregationRelationship","","","id-20672ffc-5cd3-4cf6-b3bf-96ace406e6fb","id-0bc5eba2-b34b-43b7-87ab-1153f754de2e",""
"e61c37c5-aad7-4f2f-860c-f066c86651e8","AggregationRelationship","","","id-89c4407e-a067-4904-803c-3ba60fb5a77c","f1b04f00-36f6-42be-a095-30c60fa308ee",""
"id-50c35166-860a-4377-953e-512602a200cc","AggregationRelationship","","","id-993448be-be82-47f8-a60f-50a3d6d14e34","id-5eaf66c9-c77f-4004-929d-0132017adad7",""
"id-966b04da-c1d6-4163-b011-c3081f1c3e53","AggregationRelationship","","","id-993448be-be82-47f8-a60f-50a3d6d14e34","id-28e0c3de-09be-434b-8d76-407887d4ecef",""
"b3c9efe3-ed03-41bf-ad7a-d6c09768abcb","AggregationRelationship","","","id-993448be-be82-47f8-a60f-50a3d6d14e34","cb7a04aa-ec59-47ad-a198-7c7115446ef5",""
"id-799752e2-025b-499a-839a-f2ed19629dc1","AggregationRelationship","","","a3d99ff1-99f8-464b-9d8f-364450f7737b","id-8feb6878-2c6a-43fd-bab7-d86786a52a63",""
"id-7095d77b-c8b6-4d4d-b0b1-8664ad28df2c","AggregationRelationship","","","a8074e54-09dd-431b-b437-8bfe66c21210","fc0b155d-ec72-461e-9386-419ef3bac201",""
"id-306deced-c528-4927-b1ad-0fb47d88f424","AggregationRelationship","","","a8074e54-09dd-431b-b437-8bfe66c21210","id-92f32697-5ecf-473b-aa11-f9840cb21a36",""
"f8a64b06-1f7b-43ea-af71-e2ef7c8f3366","AggregationRelationship","","","id-97c95427-4573-4aee-b0d5-876fe4ab0b33","c9acce03-81e5-45fb-a176-56bef573e532",""
"id-989a09e9-8da0-4c35-b490-ac7937e75fc7","AggregationRelationship","","","id-97c95427-4573-4aee-b0d5-876fe4ab0b33","id-27106e69-fcf7-42a3-ac42-e4a348dbc3fc",""
"ceecffc1-3ea3-423c-a97e-b37e89226145","AggregationRelationship","","","a3d99ff1-99f8-464b-9d8f-364450f7737b","id-3a4b03dc-9a38-4d2a-8c5c-fc930bbfa868",""
"id-769eb34b-d4ac-4a1f-93b3-c7a5722a1062","AggregationRelationship","","","ea3c4149-03c1-4ac3-9de9-cc4e06831d3c","id-8feb6878-2c6a-43fd-bab7-d86786a52a63",""
"id-66da4ae7-3d23-4116-8325-43246b58baf6","AggregationRelationship","","","d0b3831b-e701-4358-b9be-6b1af233a001","eddf2556-59fe-4226-b097-ac7b613a4ce8",""
"b3ecbd1b-db78-4fe2-bf08-aa4ba3736339","AggregationRelationship","","","d0b3831b-e701-4358-b9be-6b1af233a001","id-5730223d-60fc-4491-8cf6-9ca2290052ac",""
"id-983f4daa-4aac-423e-b3ce-ac56fc39b2d0","AggregationRelationship","","","d0b3831b-e701-4358-b9be-6b1af233a001","d190d569-921f-4e2b-8ea2-5d95fb0888c2",""
"f9fd62f4-c93e-4179-a277-7d574bba72cb","AggregationRelationship","","","b64c46ef-5801-4c06-8de0-8a85aeb2e82b","id-442f572b-5fcf-4080-8ece-be36f6d0cc40",""
"id-4be057b9-3bef-46a4-9003-be99cababee2","AssignmentRelationship","","","id-08051e65-ee38-4049-96eb-495d68755e7d","id-38563924-939d-4016-b256-cf35ac8f48e8",""
"id-6bf845f7-5c19-4e35-8f87-7284297b4495","AssignmentRelationship","","","id-3b0d3a32-f453-4c31-8fc4-8d4412e6a9b9","bdd1aa9a-19ff-4b00-a8f0-673151902ac6",""
"b0fa3c02-e4e8-453b-bb53-1d2bceb3fc5d","AssignmentRelationship","","","id-59a1b00f-5ea0-4cb4-b87e-52984755a361","id-1021a560-d317-4663-ba9d-23278dd518fc",""
"id-4c95d817-9fcb-463c-b28f-0be832f4f2e6","AssignmentRelationship","","","id-258f16c2-3a07-4604-be3b-65ec61ca305a","bbb62cc4-abd9-41d7-9ac3-0cb21e95264a",""
"id-89f9c113-d872-4644-ae3c-024b635cf1e6","AssignmentRelationship","","","id-59a1b00f-5ea0-4cb4-b87e-52984755a361","bbb62cc4-abd9-41d7-9ac3-0cb21e95264a",""
"id-64e9fa0b-9569-4909-ac4d-443cf733d34a","AssignmentRelationship","","","id-59a1b00f-5ea0-4cb4-b87e-52984755a361","b2582655-5423-469c-92d7-0a85f5e8b489",""
"cb8761df-19b7-4f8b-ab95-283b560462c8","AssignmentRelationship","","","id-59a1b00f-5ea0-4cb4-b87e-52984755a361","bde397ef-f4ba-4a46-ba0c-d74019be1a69",""
"b681e0bb-879d-49df-b1c4-18d98be64d10","AssignmentRelationship","","","fe1f43c1-478d-47fb-a492-b2fe54c09400","b2582655-5423-469c-92d7-0a85f5e8b489",""
"id-50f4ef0c-72a4-4c99-a87c-a33ef9829a7c","AssignmentRelationship","","","id-59a1b00f-5ea0-4cb4-b87e-52984755a361","id-5316ea06-4dc0-476f-a96a-ea6263ae9cf0",""
"c259fde5-aa30-459a-9f4b-074b8c41eefc","AssignmentRelationship","","","id-48c198f3-9fce-4e40-9e31-250244b9f55b","id-5316ea06-4dc0-476f-a96a-ea6263ae9cf0",""
"ccacc1e5-974c-4a01-b8ca-2148ce2a8935","AssignmentRelationship","","","id-37f337a4-1ed4-456f-bed5-23606f29d621","id-37567019-33d6-4786-86cb-745da4c1253a",""
"id-598a8a45-fedb-4003-aeb0-bf986edb4aec","AssignmentRelationship","","","id-59a1b00f-5ea0-4cb4-b87e-52984755a361","id-37567019-33d6-4786-86cb-745da4c1253a",""
"id-64ccf774-3ed4-4e31-bd3c-d6b306ed766c","AssignmentRelationship","","","id-59a1b00f-5ea0-4cb4-b87e-52984755a361","dbf4265f-9d53-4df2-870c-960357c761a9",""
"cd5b0284-1b0c-49e2-83d7-59023d2289f1","AssignmentRelationship","","","id-59a1b00f-5ea0-4cb4-b87e-52984755a361","e87492c6-17d1-467d-bb2b-92b611caab42",""
"id-14eb4cce-29a2-40d3-a7ce-6955b6d17ac1","AssignmentRelationship","","","id-258f16c2-3a07-4604-be3b-65ec61ca305a","dbf4265f-9d53-4df2-870c-960357c761a9",""
"id-46316b7d-a040-429a-b4d0-4a6b602ab69b","AssignmentRelationship","","","id-48c198f3-9fce-4e40-9e31-250244b9f55b","e87492c6-17d1-467d-bb2b-92b611caab42",""
"id-5b2bdd03-8cf9-4b48-a521-5914c5218aa4","AssignmentRelationship","","","id-37f337a4-1ed4-456f-bed5-23606f29d621","id-2f3bd685-cb1e-4afc-a25d-590cfc0fbce1",""
"id-689312a6-7bcd-4edc-a1ba-68ce6d260e02","AssignmentRelationship","","","id-37f337a4-1ed4-456f-bed5-23606f29d621","e7068f6b-5868-4f0b-b5b6-a16132ef9e55",""
"id-67d7bb91-f2f5-435a-a463-5971e89777cd","AssignmentRelationship","","","id-37f337a4-1ed4-456f-bed5-23606f29d621","id-53686537-c880-4f6f-9504-8329b1f92cc8",""
"b845202f-da40-4c86-8252-fe9a8cc5772e","AssignmentRelationship","","","id-37f337a4-1ed4-456f-bed5-23606f29d621","df6fd041-8561-4afe-9fc5-a756095c62d0",""
"id-37976043-c682-4c08-8793-84d732066820","AssignmentRelationship","","","id-31feef7f-741e-4bdd-9b49-8ab826d71cbf","e7068f6b-5868-4f0b-b5b6-a16132ef9e55",""
"id-629e9d8b-e260-403a-a36b-332f75ffa56b","AssignmentRelationship","","","id-6cf45692-e251-44fa-a14d-8e74632a36bb","id-3b0d3a32-f453-4c31-8fc4-8d4412e6a9b9",""
"f6985cc0-3462-4cb5-8470-a6055d8a2c90","AssignmentRelationship","","","fc3aae40-a2cf-4b86-a81a-9e53ac51206a","id-37f337a4-1ed4-456f-bed5-23606f29d621",""
"c9b2836e-35d9-4de9-b032-6ca362c64a4f","AssignmentRelationship","","","id-3d6e1bbd-31c0-469d-866a-b936a23ba2e9","id-48c198f3-9fce-4e40-9e31-250244b9f55b",""
"id-24dd3243-f628-4ec4-9718-e5d50139ed8f","AssignmentRelationship","","","id-48c198f3-9fce-4e40-9e31-250244b9f55b","bbee0c27-d4ca-4491-bedc-61a88ca1b0b0",""
"id-78828f3a-3c92-4413-92c1-4d9509853747","AssignmentRelationship","","","id-37f337a4-1ed4-456f-bed5-23606f29d621","id-89c4407e-a067-4904-803c-3ba60fb5a77c",""
"e88c2029-2dce-4334-9839-0a18f258a4ce","AssignmentRelationship","","","id-37f337a4-1ed4-456f-bed5-23606f29d621","id-20672ffc-5cd3-4cf6-b3bf-96ace406e6fb",""
"id-9918cb93-956c-4c55-ba08-c473ac00237b","AssignmentRelationship","","","id-48c198f3-9fce-4e40-9e31-250244b9f55b","id-4dded4a0-d5bd-4769-ab9e-a618821e5557",""
"afa5d687-37d5-4b23-b95c-a348071ce987","AssignmentRelationship","","","id-48c198f3-9fce-4e40-9e31-250244b9f55b","a0c7df70-1943-46e0-a030-b5dc0ee6ae1a",""
"a682c368-3054-4d47-b476-3fc5d8273c02","AssignmentRelationship","","","id-48c198f3-9fce-4e40-9e31-250244b9f55b","faea8490-dd40-451c-8085-06f5f9088cac",""
"id-5a4d118a-d442-4dca-8c6e-432c1925fe20","AssignmentRelationship","","","id-37f337a4-1ed4-456f-bed5-23606f29d621","id-4d6358f6-74f4-40dc-b63e-a14bf47c7b00",""
"b3d4873d-321b-442b-8d19-96d73477bdaa","AssignmentRelationship","","","id-757e2adc-eb80-4910-a47d-67cb064e27e8","id-32631ecd-7970-40d1-ab6c-0ef8832ca025",""
"id-1a496ea3-367c-4f46-a496-c377bc6689b3","AssignmentRelationship","","","id-48c198f3-9fce-4e40-9e31-250244b9f55b","id-038cf5f5-e223-402e-a47b-61dce5214a11",""
"id-74fd1d92-0ee9-4827-a12c-bb3492ff4d57","AssignmentRelationship","","","id-48c198f3-9fce-4e40-9e31-250244b9f55b","id-2f35886b-926e-4ee1-bc91-a2dfea7a6eea",""
"id-5b7142c3-4a11-47b4-9887-5392b91e0169","AssignmentRelationship","","","ce68124c-3023-4bd9-9d0c-a24d23c4bd3e","a72c5097-ab99-4e64-b706-e501d1b7bbb2",""
"id-9dbd742b-9f37-40d9-bf11-4dca6b3fa940","AssignmentRelationship","","","id-37f337a4-1ed4-456f-bed5-23606f29d621","id-2ca5b1a6-caee-4378-9fcf-3ce1f388c0b5",""
"id-83d02699-5d21-4061-990d-9e9c98623cfc","AssignmentRelationship","","","id-37f337a4-1ed4-456f-bed5-23606f29d621","id-90bed5d9-e7f4-4c1f-8a3d-e2d817df62e5",""
"id-4026073d-51f4-4fd9-9d1e-da6e564ec791","AssignmentRelationship","","","id-2cdce89d-7450-430d-b8d8-8aa1b19619af","ea3c4149-03c1-4ac3-9de9-cc4e06831d3c",""
"d86d0376-fb4d-4888-9459-1793743430a3","AssignmentRelationship","","","id-2cdce89d-7450-430d-b8d8-8aa1b19619af","id-55e5c516-911f-440e-a825-c739fa39bfc2",""
"id-733b1a72-9b5d-4624-8f78-a4c1840a2fd7","AssignmentRelationship","","","id-2cdce89d-7450-430d-b8d8-8aa1b19619af","id-366c19ed-c874-459a-a8bb-9a343c303d7f",""
"ab33412f-b0a7-4976-aa0a-321bf7fffdaf","AssignmentRelationship","","","id-928865a5-b5bf-49f5-9265-7d076ce16d69","id-782081d4-9d7c-4029-a19c-186ee7ef8c1b",""
"id-8e02ff64-bf64-4d61-8ac5-185605d4b8a5","AssignmentRelationship","","","id-928865a5-b5bf-49f5-9265-7d076ce16d69","id-65998c87-ccfb-40d9-94aa-1af528a13214",""
"id-654cf1cb-d24a-419e-bfa1-cfa28108872b","AssignmentRelationship","","","id-928865a5-b5bf-49f5-9265-7d076ce16d69","id-13331578-de21-4c68-a601-aa9c074095ed",""
"f2a0a785-01d1-4bf2-853c-f4ac38ec9210","AssignmentRelationship","","","id-993448be-be82-47f8-a60f-50a3d6d14e34","f7b233b2-4ad6-427c-905b-703691077a5d",""
"id-3ef99429-6b24-4052-87c9-ebc4020f269b","AssignmentRelationship","","","id-993448be-be82-47f8-a60f-50a3d6d14e34","id-30b19fba-64fb-4a76-bb46-b8135e5aaabd",""
"id-2b28130c-2a9e-4ee9-a35e-c033b2ffe079","AssignmentRelationship","","","id-993448be-be82-47f8-a60f-50a3d6d14e34","ea1abed3-0956-454b-95e4-ec4e3c603cec",""
"id-0ffe5ed3-3a80-4a82-8d3a-401bd1d0d9a4","AssignmentRelationship","","","id-2cdce89d-7450-430d-b8d8-8aa1b19619af","id-94c81cef-0c54-4266-9c5d-8eca971d26d7",""
"id-81293356-0c06-49b8-8aad-e4021959cbae","AssignmentRelationship","","","id-28e0c3de-09be-434b-8d76-407887d4ecef","id-30b19fba-64fb-4a76-bb46-b8135e5aaabd",""
"e44055ad-ebd3-41a5-a60d-072ab58c4438","AssignmentRelationship","","","id-92f32697-5ecf-473b-aa11-f9840cb21a36","fc0b155d-ec72-461e-9386-419ef3bac201",""
"b235988b-4b9f-4c47-9d19-358f1ea75a9f","AssignmentRelationship","","","cb7a04aa-ec59-47ad-a198-7c7115446ef5","ea1abed3-0956-454b-95e4-ec4e3c603cec",""
"id-2c0cb733-7a7d-4287-9ba8-4e5aab4c3403","AssignmentRelationship","","","id-5eaf66c9-c77f-4004-929d-0132017adad7","f7b233b2-4ad6-427c-905b-703691077a5d",""
"bc8b9427-e5d6-49a0-bb14-71952aafbfd8","AssignmentRelationship","","","id-27106e69-fcf7-42a3-ac42-e4a348dbc3fc","c9acce03-81e5-45fb-a176-56bef573e532",""
"a29347f5-7c75-450c-9526-3933dbc6ff5c","AssignmentRelationship","","","id-48c198f3-9fce-4e40-9e31-250244b9f55b","f21d86a3-385f-45e0-8ed3-5b2c9b805500",""
"id-3a6b217b-5fd0-4618-b430-dbfd6719b6cb","AssignmentRelationship","","","id-48c198f3-9fce-4e40-9e31-250244b9f55b","id-698f6c39-f22d-4674-ba76-bd779e61154c",""
"fb69a1ad-ab29-4857-ae2b-654496c216ff","AssignmentRelationship","","","id-48c198f3-9fce-4e40-9e31-250244b9f55b","id-956bcd81-76ac-485a-97c2-23572a776291",""
"cafe8e6f-71d7-48ab-98f0-95bbb32a2da8","AssignmentRelationship","","","id-48c198f3-9fce-4e40-9e31-250244b9f55b","b5711b60-5f44-4410-9781-180c5551f658",""
"a588f3a3-7779-4ff7-aeb1-dd07d926a7d5","AssignmentRelationship","","","id-48c198f3-9fce-4e40-9e31-250244b9f55b","c96ec46e-ae55-42d7-9e5b-8b1cf459fc58",""
"id-8145349b-0dbb-45c9-afaf-780101c937c1","AssignmentRelationship","","","id-48c198f3-9fce-4e40-9e31-250244b9f55b","id-767fa066-2175-4ff2-9ae0-56524f79c33b",""
"e8088b02-dedb-43f9-a923-98bb6d04e3cb","AssignmentRelationship","","","id-37f337a4-1ed4-456f-bed5-23606f29d621","a44e15d5-218a-4f3f-b438-9dde2d22b19a",""
"id-648902c7-9c2c-4ad8-aca5-f12566df355f","AssignmentRelationship","","","id-37f337a4-1ed4-456f-bed5-23606f29d621","id-2b20547e-f295-4f9a-85ca-54c42cdc5768",""
"ffcbd2cc-e727-4c12-9c6e-d213ea0180b0","AssignmentRelationship","","","id-43e96042-ba57-4241-b0fe-bb8d21331beb","id-48c198f3-9fce-4e40-9e31-250244b9f55b",""
"id-70546d3c-da10-4f0e-b200-a4f99966f554","AssignmentRelationship","","","id-43e96042-ba57-4241-b0fe-bb8d21331beb","id-37f337a4-1ed4-456f-bed5-23606f29d621",""
"id-3035c607-69b5-4fe1-81dc-177c7da93caf","AssignmentRelationship","","","id-3b0d3a32-f453-4c31-8fc4-8d4412e6a9b9","f9c311bf-d003-4746-bd5c-7e1bd5dfe1e2",""
"bd1d3380-5966-4eba-a10a-a0fb92cd42cb","AssignmentRelationship","","","f169b45f-0c6f-433c-ba6c-02ea91e1a172","f9c311bf-d003-4746-bd5c-7e1bd5dfe1e2",""
"id-823e0d66-3f03-4e82-a4cc-85b6d4432cd2","AssignmentRelationship","","","f169b45f-0c6f-433c-ba6c-02ea91e1a172","id-7bba770f-dd71-4f45-9e4e-f3295ed9be70",""
"id-7ec10731-de55-4e3a-972d-24b1d929c3c3","AssignmentRelationship","","","id-48c198f3-9fce-4e40-9e31-250244b9f55b","id-7bba770f-dd71-4f45-9e4e-f3295ed9be70",""
"ef7c2eb4-7264-4476-ab9c-812f7f461582","AssignmentRelationship","","","id-48c198f3-9fce-4e40-9e31-250244b9f55b","ce90bb58-51b7-406e-ba36-dadd71220168",""
"ab9f755e-b0cf-4f27-9d9c-fddef8bdfbaa","AssignmentRelationship","","","f169b45f-0c6f-433c-ba6c-02ea91e1a172","ce90bb58-51b7-406e-ba36-dadd71220168",""
"id-83bbae3f-5f41-4e64-a6ad-53359216043b","AssignmentRelationship","","","id-48c198f3-9fce-4e40-9e31-250244b9f55b","a2ccfcd3-1034-485b-aaae-3aea9cc449fc",""
"id-837ba8e9-0988-43d0-ae64-189a6d87ba65","AssignmentRelationship","","","id-37f337a4-1ed4-456f-bed5-23606f29d621","a2ccfcd3-1034-485b-aaae-3aea9cc449fc",""
"id-2caf292a-8cb0-4a1f-8851-962f47843b7f","AssignmentRelationship","","","id-48c198f3-9fce-4e40-9e31-250244b9f55b","id-5772c4f2-8ce7-4aba-afb4-0b386573a4d5",""
"id-41c5b84e-43dc-4f4a-8532-ca299b1db7c8","AssignmentRelationship","","","f169b45f-0c6f-433c-ba6c-02ea91e1a172","id-5772c4f2-8ce7-4aba-afb4-0b386573a4d5",""
"id-0f4ed217-5a6e-4dde-b274-e80cb3e10bf2","AssignmentRelationship","","","id-29d0e69b-6e62-4722-8148-1bea555eb826","f169b45f-0c6f-433c-ba6c-02ea91e1a172",""
"id-52f47d3b-20e1-4beb-bff0-e3f8cd77e84f","AssignmentRelationship","","","id-3d524475-ee5c-429f-9a8e-285ac966cd65","id-2ce3d2f2-325f-421e-ac21-5a833c6c0eeb",""
"c27b37fe-0354-4289-9a3c-7ab39580bab1","AssignmentRelationship","","","id-43e96042-ba57-4241-b0fe-bb8d21331beb","id-3d524475-ee5c-429f-9a8e-285ac966cd65",""
"id-723c7e79-c850-4637-9d67-5dd3c139df29","AssignmentRelationship","","","f169b45f-0c6f-433c-ba6c-02ea91e1a172","b1422bb4-6a9a-4442-8aba-9aa7bab515ef",""
"id-91f358b1-a334-4899-ad66-d7fb7dc1f664","AssignmentRelationship","","","id-3b0d3a32-f453-4c31-8fc4-8d4412e6a9b9","id-9dd5b2cc-5eb3-41e0-a344-6ec16a2c8abb",""
"id-98ccc2d6-a84a-4580-9557-3ee115d5907f","AssignmentRelationship","","","id-3b0d3a32-f453-4c31-8fc4-8d4412e6a9b9","de7fdcad-d3e7-402d-8004-0589d001ea0c",""
"id-3dae3c25-45fd-42f2-bb74-17144d688290","AssignmentRelationship","","","id-48c198f3-9fce-4e40-9e31-250244b9f55b","id-58f40068-13f3-45ad-a0e2-512932523b8e",""
"id-1cc214f9-613f-4381-840d-e56bfcf317fe","AssignmentRelationship","","","id-48c198f3-9fce-4e40-9e31-250244b9f55b","f044d309-635a-42f1-b5ad-310f776643ff",""
"id-5a1d6c2b-94f3-4c92-8e77-3e1d63d584ad","AssignmentRelationship","","","id-48c198f3-9fce-4e40-9e31-250244b9f55b","f9c311bf-d003-4746-bd5c-7e1bd5dfe1e2",""
"id-957dd866-fb30-4b81-9e59-0752264d256c","AssignmentRelationship","","","id-3b0d3a32-f453-4c31-8fc4-8d4412e6a9b9","d2345b62-5eb0-4792-afe9-7afd2f0962ad",""
"f2822a95-003e-4baa-9a86-84437d33a221","AssignmentRelationship","","","f169b45f-0c6f-433c-ba6c-02ea91e1a172","id-9fc33955-712c-4fbb-a7b0-de1ad2ace7eb",""
"id-98aea915-3814-464d-afd6-563e026a7d7a","AssignmentRelationship","","","id-3b0d3a32-f453-4c31-8fc4-8d4412e6a9b9","id-8b8634c1-ffd2-4663-9dfc-000ec7efcd4c",""
"id-979fde9b-3a07-4a1c-990f-3cf53f2160d7","AssignmentRelationship","","","id-48c198f3-9fce-4e40-9e31-250244b9f55b","id-0996ef63-7e29-4e62-8832-16b8074400d0",""
"db992c2a-7885-41fc-b551-ece0ddd09bd1","AssignmentRelationship","","","id-48c198f3-9fce-4e40-9e31-250244b9f55b","id-0f309866-5cdf-46d6-ad9c-8cb820cd1769",""
"id-24f44c5b-0251-4a24-acb9-342315a05e5c","AssignmentRelationship","","","id-48c198f3-9fce-4e40-9e31-250244b9f55b","id-9c91b77f-6f88-4a3c-af35-249cc27af137",""
"id-72f72af8-5aea-4195-a194-200d3cdc1ee4","AssignmentRelationship","","","f169b45f-0c6f-433c-ba6c-02ea91e1a172","f150bfb0-b191-44cf-b1e5-c2513a5298d5",""
"b676b3fd-b8ff-41b6-96e2-543e573e7863","AssignmentRelationship","","","id-48c198f3-9fce-4e40-9e31-250244b9f55b","id-780d5ce4-62a6-44b4-810d-d275ab1ac8b7",""
"c19c0c83-600f-4962-92b9-26cfec748b2c","AssignmentRelationship","","","f169b45f-0c6f-433c-ba6c-02ea91e1a172","d0d26c95-9449-41c7-9406-cb43675cd26f",""
"e920329a-0093-4af2-ac54-69195418a9d0","AssignmentRelationship","","","id-48c198f3-9fce-4e40-9e31-250244b9f55b","id-24693aa3-7af7-42b0-88d1-9e5f6f81af9d",""
"bb6eefc8-0465-4984-939c-4872768f9044","AssignmentRelationship","","","id-48c198f3-9fce-4e40-9e31-250244b9f55b","id-8b4c38ae-c8e6-4607-86f6-8290d836101d",""
"id-9576442f-44bd-4812-9e4c-8f4e704f00cf","AssignmentRelationship","","","id-37f337a4-1ed4-456f-bed5-23606f29d621","f30e2900-1a1f-4f7f-831c-a6ef1823abee",""
"id-7be03a7c-7336-4147-9a0c-0dd0f535945a","AssignmentRelationship","","","id-37f337a4-1ed4-456f-bed5-23606f29d621","id-71614bf9-945e-4bba-a9fa-570f6b35a824",""
"f4cad06c-6234-4ead-8529-e56d68c2f090","AssignmentRelationship","","","id-37f337a4-1ed4-456f-bed5-23606f29d621","id-511b8198-7f12-4d57-9743-39b47737f38b",""
"id-9adcf05e-6361-45c0-8041-0d9e1e27ff83","AssignmentRelationship","","","id-48c198f3-9fce-4e40-9e31-250244b9f55b","d7cd4a47-4eb2-4386-b70f-484a3231a0d2",""
"id-7c8e1a4b-e73b-4504-855a-4149836248a4","AssignmentRelationship","","","id-48c198f3-9fce-4e40-9e31-250244b9f55b","id-70049125-bc0f-456d-bbbd-e5a70d234588",""
"b356a306-82cf-4618-9362-571ca12f8356","AssignmentRelationship","","","id-48c198f3-9fce-4e40-9e31-250244b9f55b","id-6c629801-66e6-4994-88af-4f1d37387831",""
"id-191498e0-c733-430c-a49a-f9dfd1837c31","AssignmentRelationship","","","id-37f337a4-1ed4-456f-bed5-23606f29d621","id-782081d4-9d7c-4029-a19c-186ee7ef8c1b",""
"e31eaf39-2c4f-41e7-ad30-f0ef81f4e770","AssignmentRelationship","","","id-48c198f3-9fce-4e40-9e31-250244b9f55b","id-782081d4-9d7c-4029-a19c-186ee7ef8c1b",""
"id-898d81f0-5165-4b0e-81b2-5b12bf5c74ff","AssignmentRelationship","","","id-37f337a4-1ed4-456f-bed5-23606f29d621","id-65998c87-ccfb-40d9-94aa-1af528a13214",""
"id-76edfdbe-08c5-4d9e-bbc2-4b90c61b0e55","AssignmentRelationship","","","id-48c198f3-9fce-4e40-9e31-250244b9f55b","id-65998c87-ccfb-40d9-94aa-1af528a13214",""
"d7d0dad8-e35e-45d9-88ec-bba675f50019","AssignmentRelationship","","","id-48c198f3-9fce-4e40-9e31-250244b9f55b","id-13331578-de21-4c68-a601-aa9c074095ed",""
"e9a96cbd-dae0-4152-b8be-c40cd71d936e","AssignmentRelationship","","","id-37f337a4-1ed4-456f-bed5-23606f29d621","id-13331578-de21-4c68-a601-aa9c074095ed",""
"id-8070e980-9701-4564-863a-b45d101efabf","AssignmentRelationship","","","id-48c198f3-9fce-4e40-9e31-250244b9f55b","id-1899238c-e16f-48c4-8d60-27bfb77bbbe7",""
"c62cfd7e-27e8-4975-925d-90b5ab13dfd5","AssignmentRelationship","","","f169b45f-0c6f-433c-ba6c-02ea91e1a172","id-5c0d6e66-4bf8-43c1-a610-7263b6ecb962",""
"id-878f3e9d-faa8-46ad-9a64-a7eff1579665","AssignmentRelationship","","","id-48c198f3-9fce-4e40-9e31-250244b9f55b","id-0c39a204-db90-4954-ab3e-a6c2c681ce1d",""
"a86cfb03-a414-4ef9-a465-bca5bb954ffd","AssignmentRelationship","","","id-48c198f3-9fce-4e40-9e31-250244b9f55b","d2756dfd-bf37-48d2-b608-b62625c0c23d",""
"edf568bd-e8ce-4127-b747-c679ac63509a","AssignmentRelationship","","","id-48c198f3-9fce-4e40-9e31-250244b9f55b","e88c2c2d-7dfb-4022-b9e6-5049dfd19a79",""
"bc000dd0-455a-4636-84e3-3e128c9d7024","AssignmentRelationship","","","id-517a0c5b-e4a9-4f5a-9e34-1750f88bf638","id-0aab455f-2cde-44dc-8c97-269e4b918ebe",""
"a1a7cf89-87bb-4957-8c7e-ae7f37f4af6a","AssignmentRelationship","","","id-517a0c5b-e4a9-4f5a-9e34-1750f88bf638","id-83591058-c8c6-4af5-a70e-c34e8e7d958f",""
"a1e025ae-d945-47b0-9e56-f7e9a9ed0c9f","AssignmentRelationship","","","id-517a0c5b-e4a9-4f5a-9e34-1750f88bf638","b360056e-1293-4a7a-be87-3fb870e37c7f",""
"e3ff4a95-80c7-4bfa-b757-9fc43892a6d2","AssociationRelationship","","","b4da01ed-f271-4a44-8ade-4b31e70bae8f","ef08af47-e99b-4a2f-b5a7-07ba507a5a98",""
"id-73c8e251-d23e-4b23-83ed-3884c0223be7","CompositionRelationship","","","id-97298683-950e-4127-a006-2952596bf5c2","b2582655-5423-469c-92d7-0a85f5e8b489",""
"aea98e79-09d5-48ff-90f8-f9112fad8400","CompositionRelationship","","","id-97298683-950e-4127-a006-2952596bf5c2","bbb62cc4-abd9-41d7-9ac3-0cb21e95264a",""
"id-63283552-8ff7-4efc-aacb-9873e9fc20f7","CompositionRelationship","","","id-97298683-950e-4127-a006-2952596bf5c2","bde397ef-f4ba-4a46-ba0c-d74019be1a69",""
"c08ef726-c6cd-4086-81ce-fe8037045c87","CompositionRelationship","","","id-04262292-ba01-49f7-9cc9-250a5269eefa","dbf4265f-9d53-4df2-870c-960357c761a9",""
"a72cd015-fdcd-44bc-b1a9-6013e61309f4","CompositionRelationship","","","id-04262292-ba01-49f7-9cc9-250a5269eefa","id-1021a560-d317-4663-ba9d-23278dd518fc",""
"id-2bcbfe66-e9da-499e-bbd6-a18d9a8fea67","CompositionRelationship","","","id-04262292-ba01-49f7-9cc9-250a5269eefa","e87492c6-17d1-467d-bb2b-92b611caab42",""
"id-11332601-9000-4795-9561-e702e214f516","CompositionRelationship","","","id-97298683-950e-4127-a006-2952596bf5c2","id-5316ea06-4dc0-476f-a96a-ea6263ae9cf0",""
"b57c4a14-03fb-49ee-94a6-2e956a2161df","CompositionRelationship","","","id-04262292-ba01-49f7-9cc9-250a5269eefa","id-37567019-33d6-4786-86cb-745da4c1253a",""
"f7b06111-e3c7-45a8-a20e-2ca72533ba21","CompositionRelationship","","","id-9e56015a-a553-41d6-8979-272d70905c6e","id-8784fac4-6b96-4752-8b2a-a7b0c2ed139e",""
"id-8126e39e-74f6-4430-ab63-c46b6935c57b","CompositionRelationship","","","id-9e56015a-a553-41d6-8979-272d70905c6e","dbaeb8e9-15f7-46cb-a045-99c0b768e676",""
"id-923b7636-2009-4e8e-9881-807fa0051ade","CompositionRelationship","","","id-9e56015a-a553-41d6-8979-272d70905c6e","fe80a474-d117-4fae-9964-f85d3894bfbe",""
"id-1f604286-dbca-4811-ac42-926a48b42d71","CompositionRelationship","","","id-5e504527-312b-4609-9f19-7deb1c7e332b","id-2f3bd685-cb1e-4afc-a25d-590cfc0fbce1",""
"id-5d62a4a9-8107-466b-a33d-74b9cedbfa7f","CompositionRelationship","","","id-5e504527-312b-4609-9f19-7deb1c7e332b","e7068f6b-5868-4f0b-b5b6-a16132ef9e55",""
"id-784bf912-078b-43bc-9b58-a4f7de3c15d9","CompositionRelationship","","","id-5e504527-312b-4609-9f19-7deb1c7e332b","id-53686537-c880-4f6f-9504-8329b1f92cc8",""
"id-7d6caf10-0a64-477d-a26d-22083070c9bb","CompositionRelationship","","","id-5e504527-312b-4609-9f19-7deb1c7e332b","df6fd041-8561-4afe-9fc5-a756095c62d0",""
"id-581870f1-5e8d-4852-a188-b90f7f1263ad","CompositionRelationship","","","id-80537aa4-7d46-4386-9feb-78474b467616","id-8784fac4-6b96-4752-8b2a-a7b0c2ed139e",""
"id-13b3b185-a5c0-4956-956e-53a8a75de208","CompositionRelationship","","","id-80537aa4-7d46-4386-9feb-78474b467616","dbaeb8e9-15f7-46cb-a045-99c0b768e676",""
"id-46391382-e050-4671-82eb-9809ecc57e16","CompositionRelationship","","","id-80537aa4-7d46-4386-9feb-78474b467616","fe80a474-d117-4fae-9964-f85d3894bfbe",""
"cbb7135e-a821-4dbb-a44f-83799f830922","CompositionRelationship","","","id-928865a5-b5bf-49f5-9265-7d076ce16d69","id-48c198f3-9fce-4e40-9e31-250244b9f55b",""
"id-4cbaaf63-5124-40ea-8d4a-671110e56000","CompositionRelationship","","","id-928865a5-b5bf-49f5-9265-7d076ce16d69","id-37f337a4-1ed4-456f-bed5-23606f29d621",""
"id-81ad90d3-074c-4cee-a330-73e1d45cf9d3","CompositionRelationship","","","id-782081d4-9d7c-4029-a19c-186ee7ef8c1b","cf9dd0cc-b82c-42c7-b3ee-d123111eec85",""
"id-8c77f583-344c-4957-8445-4ccb25547a61","CompositionRelationship","","","cf9dd0cc-b82c-42c7-b3ee-d123111eec85","id-9a240e85-0aa2-4a10-b293-9cbdca4618fd",""
"id-8c9b085c-08b5-406b-ab77-08b409ed4b93","CompositionRelationship","","","cf9dd0cc-b82c-42c7-b3ee-d123111eec85","id-30b12b4d-578e-44ea-8877-8fd4db6984cf",""
"id-1b48ddb1-2b60-46bc-bf9d-1aeccd845b63","CompositionRelationship","","","cf9dd0cc-b82c-42c7-b3ee-d123111eec85","id-13f5ba47-a543-4cc1-862e-80af3e19bf1c",""
"decb7541-6437-433a-b3b8-3e15086cfbe8","CompositionRelationship","","","id-973201dc-dd07-4a90-b2c0-fb30056c5d75","a2ccfcd3-1034-485b-aaae-3aea9cc449fc",""
"f3def201-aa30-4bcd-92f9-adfe8d4f542b","CompositionRelationship","","","id-973201dc-dd07-4a90-b2c0-fb30056c5d75","id-5772c4f2-8ce7-4aba-afb4-0b386573a4d5",""
"id-76b609ec-c914-4aec-bd43-5ba12bc25fec","CompositionRelationship","","","f9c311bf-d003-4746-bd5c-7e1bd5dfe1e2","d2345b62-5eb0-4792-afe9-7afd2f0962ad",""
"id-9c64effc-8da8-41fb-b9f9-55a5a7e8a1f8","CompositionRelationship","","","f9c311bf-d003-4746-bd5c-7e1bd5dfe1e2","id-9fc33955-712c-4fbb-a7b0-de1ad2ace7eb",""
"f3ff8030-3cc2-4bcd-8914-72f00f7e179d","CompositionRelationship","","","id-7bba770f-dd71-4f45-9e4e-f3295ed9be70","id-24693aa3-7af7-42b0-88d1-9e5f6f81af9d",""
"ecc7be20-d8f8-4c89-a18a-6da3ac778810","CompositionRelationship","","","id-7bba770f-dd71-4f45-9e4e-f3295ed9be70","d0d26c95-9449-41c7-9406-cb43675cd26f",""
"id-2dcc5e6e-0755-4978-8620-5356c09948b5","CompositionRelationship","","","ce90bb58-51b7-406e-ba36-dadd71220168","id-780d5ce4-62a6-44b4-810d-d275ab1ac8b7",""
"id-38765b2a-67a4-4fce-962c-c46ed521d8a3","CompositionRelationship","","","id-7bba770f-dd71-4f45-9e4e-f3295ed9be70","id-8b4c38ae-c8e6-4607-86f6-8290d836101d",""
"id-2c6cfcb9-872c-401f-812b-c8483e1db0d0","CompositionRelationship","","","ce90bb58-51b7-406e-ba36-dadd71220168","f150bfb0-b191-44cf-b1e5-c2513a5298d5",""
"id-26fc290a-23b1-4634-96e2-df38e773847e","CompositionRelationship","","","ce90bb58-51b7-406e-ba36-dadd71220168","id-9c91b77f-6f88-4a3c-af35-249cc27af137",""
"dcc72aae-d715-404c-bbfa-1ba6bd60f21e","CompositionRelationship","","","a2ccfcd3-1034-485b-aaae-3aea9cc449fc","d7cd4a47-4eb2-4386-b70f-484a3231a0d2",""
"id-32095a4e-f430-45e9-ad1a-be4e7507f949","CompositionRelationship","","","id-20672ffc-5cd3-4cf6-b3bf-96ace406e6fb","f57ad70c-7dbd-4610-a602-46b4b178e474",""
"id-259173f1-be52-4684-919c-816fbbe7ef88","CompositionRelationship","","","a2ccfcd3-1034-485b-aaae-3aea9cc449fc","id-698f6c39-f22d-4674-ba76-bd779e61154c",""
"id-2ce7f0c6-c840-45e3-adc7-02e45d6dd1d0","CompositionRelationship","","","a2ccfcd3-1034-485b-aaae-3aea9cc449fc","id-70049125-bc0f-456d-bbbd-e5a70d234588",""
"f3b0f269-bd08-4cce-b463-7619109eb730","CompositionRelationship","","","id-782081d4-9d7c-4029-a19c-186ee7ef8c1b","ee32d7a6-623e-4272-af0d-9155579a6483",""
"e102edb8-afc0-4591-ab25-df77a859c413","CompositionRelationship","","","id-782081d4-9d7c-4029-a19c-186ee7ef8c1b","id-6e38689f-ffb7-4a5b-b2e4-c299e627e9d5",""
"id-9e55730f-9759-43ba-abeb-ecaf4ee7b9da","CompositionRelationship","","","a2ccfcd3-1034-485b-aaae-3aea9cc449fc","id-1899238c-e16f-48c4-8d60-27bfb77bbbe7",""
"id-8a9f5217-c18c-4aaa-88a1-6aae269ee1db","CompositionRelationship","","","c34f0294-e8f4-429a-8111-4cbe274cadcc","f30e2900-1a1f-4f7f-831c-a6ef1823abee",""
"a54ed7f0-8c49-44ae-9c96-882dcc331cc3","CompositionRelationship","","","c34f0294-e8f4-429a-8111-4cbe274cadcc","id-71614bf9-945e-4bba-a9fa-570f6b35a824",""
"id-1e08daaf-64be-4560-85fe-5016429a0aef","CompositionRelationship","","","c34f0294-e8f4-429a-8111-4cbe274cadcc","id-511b8198-7f12-4d57-9743-39b47737f38b",""
"c023783c-f9a7-43bf-82e8-a0602e030951","CompositionRelationship","","","a2ccfcd3-1034-485b-aaae-3aea9cc449fc","c34f0294-e8f4-429a-8111-4cbe274cadcc",""
"d33d6865-8b80-40cf-ab09-b87d991184c6","CompositionRelationship","","","f9c311bf-d003-4746-bd5c-7e1bd5dfe1e2","id-8b8634c1-ffd2-4663-9dfc-000ec7efcd4c",""
"c52a6af4-8554-40f7-a94a-5a74f5fe026f","CompositionRelationship","","","f9c311bf-d003-4746-bd5c-7e1bd5dfe1e2","id-0996ef63-7e29-4e62-8832-16b8074400d0",""
"id-6e3638c3-1b95-45d9-9145-8396d4fec429","CompositionRelationship","","","f9c311bf-d003-4746-bd5c-7e1bd5dfe1e2","id-0f309866-5cdf-46d6-ad9c-8cb820cd1769",""
"id-44b86af1-a0ed-40b3-8374-b7642fc1d6eb","CompositionRelationship","","","id-5772c4f2-8ce7-4aba-afb4-0b386573a4d5","id-0c39a204-db90-4954-ab3e-a6c2c681ce1d",""
"id-8c1f2967-54bb-463d-b811-4a890dc2c111","CompositionRelationship","","","id-5772c4f2-8ce7-4aba-afb4-0b386573a4d5","id-5c0d6e66-4bf8-43c1-a610-7263b6ecb962",""
"id-89946ccd-f15e-4cdb-906d-1cd839609b62","CompositionRelationship","","","id-5772c4f2-8ce7-4aba-afb4-0b386573a4d5","id-767fa066-2175-4ff2-9ae0-56524f79c33b",""
"c724075c-2407-44b6-8bcf-cfe273af2eca","CompositionRelationship","","","id-038cf5f5-e223-402e-a47b-61dce5214a11","id-03d00209-861f-4dd1-84ea-67b93dd07c49",""
"id-62d1cbc2-0f37-467d-b284-3b88b4d0a43d","CompositionRelationship","","","id-3a4b03dc-9a38-4d2a-8c5c-fc930bbfa868","id-86e2a8c6-c934-406d-b754-f88db1e7da6f",""
"c1d12fa3-2ec0-4231-b75c-1e38d326bdc9","CompositionRelationship","","","id-3a4b03dc-9a38-4d2a-8c5c-fc930bbfa868","id-41353193-0eaf-4c3b-973b-5332df18ce0f",""
"id-5d0b2e6d-0a67-4c90-af26-221a461ac384","CompositionRelationship","","","id-5eaf66c9-c77f-4004-929d-0132017adad7","id-83306abc-ce72-410d-9e6e-b8753c30d212",""
"id-542a4c36-1d7b-4c5b-be96-01a3049da6da","CompositionRelationship","","","id-5a0e8b37-9468-4129-aeb1-db971b9741b5","id-3a4b03dc-9a38-4d2a-8c5c-fc930bbfa868",""
"id-5bc8fdbb-c837-468d-a99b-a26c10b99ca8","CompositionRelationship","","","id-5a0e8b37-9468-4129-aeb1-db971b9741b5","id-36116202-8f34-4b6a-8ff3-fe23a82de083",""
"id-83c8b506-7a65-46e1-a441-f3499de4a859","CompositionRelationship","","","id-973201dc-dd07-4a90-b2c0-fb30056c5d75","id-9c43db47-1f93-412c-aeaf-3bae03a6ac8b",""
"id-550783b4-b33c-4227-95eb-0e9f54d985d6","CompositionRelationship","","","id-9c43db47-1f93-412c-aeaf-3bae03a6ac8b","f9c311bf-d003-4746-bd5c-7e1bd5dfe1e2",""
"id-9a30d7aa-e124-453a-8681-0452e0c574ae","CompositionRelationship","","","id-9c43db47-1f93-412c-aeaf-3bae03a6ac8b","id-7bba770f-dd71-4f45-9e4e-f3295ed9be70",""
"id-5ffe65ca-3b65-469f-b716-e028f9f6f545","CompositionRelationship","","","id-9c43db47-1f93-412c-aeaf-3bae03a6ac8b","ce90bb58-51b7-406e-ba36-dadd71220168",""
"id-2a88afe6-deef-4b03-b09f-a0d8c3280369","FlowRelationship","","","b2582655-5423-469c-92d7-0a85f5e8b489","bbb62cc4-abd9-41d7-9ac3-0cb21e95264a",""
"id-8fea8233-213a-4ec6-9873-4d9f19f38308","FlowRelationship","","","bbb62cc4-abd9-41d7-9ac3-0cb21e95264a","bde397ef-f4ba-4a46-ba0c-d74019be1a69",""
"id-78e2bd14-2628-48ec-85f3-60f137d5276d","FlowRelationship","","","id-1021a560-d317-4663-ba9d-23278dd518fc","dbf4265f-9d53-4df2-870c-960357c761a9",""
"ed6befc6-971f-4a44-8ed5-66ee02533dd7","FlowRelationship","","","dbf4265f-9d53-4df2-870c-960357c761a9","e87492c6-17d1-467d-bb2b-92b611caab42",""
"bb7e76d2-0d57-4233-9d5f-405787e819a6","FlowRelationship","","","id-5316ea06-4dc0-476f-a96a-ea6263ae9cf0","b2582655-5423-469c-92d7-0a85f5e8b489",""
"f2585aa9-db68-4fd8-b766-a10c2544e2a4","FlowRelationship","","","id-37567019-33d6-4786-86cb-745da4c1253a","id-1021a560-d317-4663-ba9d-23278dd518fc",""
"afb9a802-4612-4376-8f58-dce64744ccca","FlowRelationship","","","id-8784fac4-6b96-4752-8b2a-a7b0c2ed139e","dbaeb8e9-15f7-46cb-a045-99c0b768e676",""
"id-7002867a-9209-4c7b-94e9-86ca15ccd0f2","FlowRelationship","","","dbaeb8e9-15f7-46cb-a045-99c0b768e676","fe80a474-d117-4fae-9964-f85d3894bfbe",""
"id-8763ea27-7343-4b3f-b01b-d000f096e4af","FlowRelationship","","","id-2f3bd685-cb1e-4afc-a25d-590cfc0fbce1","e7068f6b-5868-4f0b-b5b6-a16132ef9e55",""
"id-06224f8f-073e-42fe-aa00-a24641c7b4b3","FlowRelationship","","","e7068f6b-5868-4f0b-b5b6-a16132ef9e55","id-53686537-c880-4f6f-9504-8329b1f92cc8",""
"ac3af292-40a9-40fa-ad07-cabfa680cb2f","FlowRelationship","","","id-53686537-c880-4f6f-9504-8329b1f92cc8","df6fd041-8561-4afe-9fc5-a756095c62d0",""
"id-3c0ad824-a4f3-4100-b615-84c10dff1aac","FlowRelationship","","","id-20672ffc-5cd3-4cf6-b3bf-96ace406e6fb","id-32631ecd-7970-40d1-ab6c-0ef8832ca025",""
"id-6729f115-7933-4551-af51-055628b9304d","FlowRelationship","","","id-08051e65-ee38-4049-96eb-495d68755e7d","id-48c198f3-9fce-4e40-9e31-250244b9f55b",""
"ad2347a8-1b4c-4e04-b937-907ad4910958","FlowRelationship","","","f21d86a3-385f-45e0-8ed3-5b2c9b805500","id-698f6c39-f22d-4674-ba76-bd779e61154c",""
"f4fd28ff-af75-4340-af36-cb13cc57af79","FlowRelationship","","","id-698f6c39-f22d-4674-ba76-bd779e61154c","id-956bcd81-76ac-485a-97c2-23572a776291",""
"c11995d4-f3d9-4978-a1b2-b9a4eba2f620","FlowRelationship","","","id-956bcd81-76ac-485a-97c2-23572a776291","b5711b60-5f44-4410-9781-180c5551f658",""
"e96bbb8a-f660-4b2a-9894-cf63295a9102","FlowRelationship","","","b5711b60-5f44-4410-9781-180c5551f658","c96ec46e-ae55-42d7-9e5b-8b1cf459fc58",""
"id-7f6ddd22-3458-4083-96f0-b6ae72af6d08","FlowRelationship","","","c96ec46e-ae55-42d7-9e5b-8b1cf459fc58","id-767fa066-2175-4ff2-9ae0-56524f79c33b",""
"id-1d6d5f57-4d53-4c63-ae9d-84275ee60af3","FlowRelationship","","","a44e15d5-218a-4f3f-b438-9dde2d22b19a","id-2b20547e-f295-4f9a-85ca-54c42cdc5768",""
"a8701585-b07b-4e37-b389-d62ab41b746b","FlowRelationship","","","f9c311bf-d003-4746-bd5c-7e1bd5dfe1e2","id-7bba770f-dd71-4f45-9e4e-f3295ed9be70",""
"ac71c60c-8cd4-49e8-80a1-cc6120cf6d9e","FlowRelationship","","","id-7bba770f-dd71-4f45-9e4e-f3295ed9be70","ce90bb58-51b7-406e-ba36-dadd71220168",""
"f8900b43-126f-46c2-bbc3-c27b7e32ebae","FlowRelationship","","","ce90bb58-51b7-406e-ba36-dadd71220168","a2ccfcd3-1034-485b-aaae-3aea9cc449fc",""
"ff0c3295-547a-41bf-ae50-3c2dd4489b06","FlowRelationship","","","a2ccfcd3-1034-485b-aaae-3aea9cc449fc","id-5772c4f2-8ce7-4aba-afb4-0b386573a4d5",""
"id-7844e62b-815a-4d48-bad2-3610b8ea2f9f","FlowRelationship","","","id-24693aa3-7af7-42b0-88d1-9e5f6f81af9d","d0d26c95-9449-41c7-9406-cb43675cd26f",""
"id-4f187926-431d-4ea1-b28d-1b0f88ed7e6d","FlowRelationship","","","d0d26c95-9449-41c7-9406-cb43675cd26f","id-8b4c38ae-c8e6-4607-86f6-8290d836101d",""
"id-2d601815-2df5-4c73-90e2-ea335d221ccd","FlowRelationship","","","id-780d5ce4-62a6-44b4-810d-d275ab1ac8b7","f150bfb0-b191-44cf-b1e5-c2513a5298d5",""
"id-1c22e18c-c6dd-40b5-86a6-add25009ff1c","FlowRelationship","","","f150bfb0-b191-44cf-b1e5-c2513a5298d5","id-9c91b77f-6f88-4a3c-af35-249cc27af137",""
"id-4612269d-3f71-41c2-9afb-a0840dafc873","FlowRelationship","","","c34f0294-e8f4-429a-8111-4cbe274cadcc","id-1899238c-e16f-48c4-8d60-27bfb77bbbe7",""
"id-66d28217-b495-481a-84ea-e625da27d9a8","FlowRelationship","","","id-70049125-bc0f-456d-bbbd-e5a70d234588","c34f0294-e8f4-429a-8111-4cbe274cadcc",""
"id-90817cad-e9b7-4671-8726-5960c6d25d3a","FlowRelationship","","","id-698f6c39-f22d-4674-ba76-bd779e61154c","d7cd4a47-4eb2-4386-b70f-484a3231a0d2",""
"ecd106f0-53ae-4018-9b41-c884c1e3cb59","FlowRelationship","","","d7cd4a47-4eb2-4386-b70f-484a3231a0d2","id-70049125-bc0f-456d-bbbd-e5a70d234588",""
"b95e1315-9fbd-4c68-9ca9-9480ffb3d82b","FlowRelationship","","","f30e2900-1a1f-4f7f-831c-a6ef1823abee","id-71614bf9-945e-4bba-a9fa-570f6b35a824",""
"fc37ba17-d7fa-4304-ba36-05a5a89cf6b8","FlowRelationship","","","id-71614bf9-945e-4bba-a9fa-570f6b35a824","id-511b8198-7f12-4d57-9743-39b47737f38b",""
"e115ee2b-d6a5-47d9-8bf1-3f5e904d88cd","FlowRelationship","","","id-0996ef63-7e29-4e62-8832-16b8074400d0","d2345b62-5eb0-4792-afe9-7afd2f0962ad",""
"id-62ec7f92-aea8-4ea1-b55e-a4bd9a9bb774","FlowRelationship","","","d2345b62-5eb0-4792-afe9-7afd2f0962ad","id-9fc33955-712c-4fbb-a7b0-de1ad2ace7eb",""
"id-0cad398d-78dc-46b5-b3c5-509b55425603","FlowRelationship","","","id-9fc33955-712c-4fbb-a7b0-de1ad2ace7eb","id-8b8634c1-ffd2-4663-9dfc-000ec7efcd4c",""
"d9790efe-5d05-4765-adf3-c91ca05982dc","FlowRelationship","","","id-8b8634c1-ffd2-4663-9dfc-000ec7efcd4c","id-0f309866-5cdf-46d6-ad9c-8cb820cd1769",""
"d48ce82a-0f6f-44d8-b888-8c298660ae6a","FlowRelationship","","","id-0c39a204-db90-4954-ab3e-a6c2c681ce1d","id-5c0d6e66-4bf8-43c1-a610-7263b6ecb962",""
"b83f1fd9-deb5-4a76-b419-76ff30e7c34b","FlowRelationship","","","id-5c0d6e66-4bf8-43c1-a610-7263b6ecb962","id-767fa066-2175-4ff2-9ae0-56524f79c33b",""
"id-42e02a50-6bbd-4ae0-ac4d-acf12f6dfa55","FlowRelationship","Auth Request","","id-48c198f3-9fce-4e40-9e31-250244b9f55b","id-3b0d3a32-f453-4c31-8fc4-8d4412e6a9b9",""
"cf25ac43-5af9-476f-9275-bc52edb83f86","FlowRelationship","Authentication","","id-3b0d3a32-f453-4c31-8fc4-8d4412e6a9b9","id-48c198f3-9fce-4e40-9e31-250244b9f55b",""
"id-83722447-3914-4f55-83d6-9a3d7b2014ae","FlowRelationship","Capability Publication","","id-37f337a4-1ed4-456f-bed5-23606f29d621","id-928865a5-b5bf-49f5-9265-7d076ce16d69",""
"a74eb9f6-8b86-495a-a2fa-2df8f2d68cb6","FlowRelationship","Data Notification","","id-0bc5eba2-b34b-43b7-87ab-1153f754de2e","a0c7df70-1943-46e0-a030-b5dc0ee6ae1a",""
"id-61bb3ffa-1f86-494d-ac6f-9da66b93de81","FlowRelationship","Evidence","","id-08051e65-ee38-4049-96eb-495d68755e7d","id-89c4407e-a067-4904-803c-3ba60fb5a77c",""
"id-429a68b6-743c-4f89-bbd7-66c857e5206d","FlowRelationship","Evidence","","id-928865a5-b5bf-49f5-9265-7d076ce16d69","id-48c198f3-9fce-4e40-9e31-250244b9f55b",""
"id-92e313c2-e0d5-4aa9-ae5e-4b03e6edb1a1","FlowRelationship","Evidence","","id-37f337a4-1ed4-456f-bed5-23606f29d621","id-928865a5-b5bf-49f5-9265-7d076ce16d69",""
"id-456d522f-bcae-4a95-ad13-fe71c2e9da3c","FlowRelationship","Evidence Request","","id-928865a5-b5bf-49f5-9265-7d076ce16d69","id-37f337a4-1ed4-456f-bed5-23606f29d621",""
"b53cab66-401c-4bf5-a67e-f87c98e2800d","FlowRelationship","Evidence Request","","id-48c198f3-9fce-4e40-9e31-250244b9f55b","id-928865a5-b5bf-49f5-9265-7d076ce16d69",""
"id-224c2fa0-3b2a-4ee8-bb30-b344286e3ebe","FlowRelationship","Service Request","","id-08051e65-ee38-4049-96eb-495d68755e7d","id-4dded4a0-d5bd-4769-ab9e-a618821e5557",""
"id-27a98bd1-82f3-4458-acbe-63df49875019","RealizationRelationship","","","c0065e23-e8df-49a0-ab9b-eb2eccea6b1d","id-8666699a-e82e-4170-838f-161268d81829",""
"da5e4404-40be-496a-bd45-979199e87cb8","RealizationRelationship","","","id-28e0c3de-09be-434b-8d76-407887d4ecef","c59b0770-0de0-45d9-a302-313e68861232",""
"e2beada4-9822-410a-bb21-6206bd156854","RealizationRelationship","","","id-92f32697-5ecf-473b-aa11-f9840cb21a36","id-0f8d5b8a-bfc4-4e38-ba7f-842bd134c254",""
"b19eac32-8d2a-4187-94c0-9ca85524742a","RealizationRelationship","","","id-28e0c3de-09be-434b-8d76-407887d4ecef","c0065e23-e8df-49a0-ab9b-eb2eccea6b1d",""
"d2004dfb-38b7-4783-8f0c-efd04a628636","RealizationRelationship","","","id-28e0c3de-09be-434b-8d76-407887d4ecef","id-0eaa27ca-a934-439b-ac95-6bdbad1ffff8",""
"id-37acbedf-b238-4454-b77c-d80e9e70fa86","RealizationRelationship","","","id-48c198f3-9fce-4e40-9e31-250244b9f55b","id-2ce3d2f2-325f-421e-ac21-5a833c6c0eeb",""
"bde21988-73e3-44b7-b0a2-fa898a373230","RealizationRelationship","","","id-973201dc-dd07-4a90-b2c0-fb30056c5d75","id-2ce3d2f2-325f-421e-ac21-5a833c6c0eeb",""
"e8366b14-039a-4c81-8024-40ab65431f7d","RealizationRelationship","","","id-2cdce89d-7450-430d-b8d8-8aa1b19619af","a2ccfcd3-1034-485b-aaae-3aea9cc449fc",""
"acd64950-f673-4d91-b53d-40374854a74b","RealizationRelationship","","","id-517a0c5b-e4a9-4f5a-9e34-1750f88bf638","id-9c43db47-1f93-412c-aeaf-3bae03a6ac8b",""
"id-6e631fa4-0fc9-43dd-81d2-e22624f8b834","ServingRelationship","","","dc1aed4a-6113-4f53-bcfd-a93a92cdad45","b2582655-5423-469c-92d7-0a85f5e8b489",""
"b26264c4-db85-4d26-9f3d-7e95c9d07e2f","ServingRelationship","","","id-383a9721-1711-4a9d-be72-85059f97e120","id-5316ea06-4dc0-476f-a96a-ea6263ae9cf0",""
"id-140483cf-ca28-4e7f-96a9-1e47cbf2ca8b","ServingRelationship","","","a72c5097-ab99-4e64-b706-e501d1b7bbb2","e7068f6b-5868-4f0b-b5b6-a16132ef9e55",""
"id-3e85c0f8-6401-4f05-a292-1823ac4dcb6b","ServingRelationship","","","id-2ca5b1a6-caee-4378-9fcf-3ce1f388c0b5","id-2f3bd685-cb1e-4afc-a25d-590cfc0fbce1",""
"c43dddcd-9079-4b35-a9b1-6514a3412ed0","ServingRelationship","","","id-2ca5b1a6-caee-4378-9fcf-3ce1f388c0b5","e7068f6b-5868-4f0b-b5b6-a16132ef9e55",""
"id-71a9ecc7-fbe7-45b6-b3b7-c40e3cb32100","ServingRelationship","","","id-20672ffc-5cd3-4cf6-b3bf-96ace406e6fb","df6fd041-8561-4afe-9fc5-a756095c62d0",""
"eb57eff1-bc31-4b38-8060-1997d6e490c1","ServingRelationship","","","id-079648a8-e512-41e0-a97d-ce264f5b3e4e","id-53686537-c880-4f6f-9504-8329b1f92cc8",""
"id-833cbf53-6320-4275-bf82-da399f7a34d6","ServingRelationship","","","id-782081d4-9d7c-4029-a19c-186ee7ef8c1b","df6fd041-8561-4afe-9fc5-a756095c62d0",""
"d1728bbb-90b6-418c-b245-e4387ab78d3d","ServingRelationship","","","id-8666699a-e82e-4170-838f-161268d81829","fe80a474-d117-4fae-9964-f85d3894bfbe",""
"b614d436-7b99-4527-bac1-cbec2d574b3f","ServingRelationship","","","id-0d452950-0f21-4859-ae9c-d9ac0ddcfff9","dbaeb8e9-15f7-46cb-a045-99c0b768e676",""
"id-9f30fa96-0d27-44fe-8796-e6ea40b37423","ServingRelationship","","","id-8e9f5f67-e034-4c77-b461-f05234509a9d","id-8784fac4-6b96-4752-8b2a-a7b0c2ed139e",""
"id-466b5fe2-f25f-4afa-8ddb-131833160ace","ServingRelationship","","","id-0d452950-0f21-4859-ae9c-d9ac0ddcfff9","bbb62cc4-abd9-41d7-9ac3-0cb21e95264a",""
"a610ad49-6590-4e7a-8897-e72de0d554a6","ServingRelationship","","","id-96558977-36e5-47e0-b14b-4f5099fc9d05","bde397ef-f4ba-4a46-ba0c-d74019be1a69",""
"d592f877-a01c-4398-81fb-22df0db4df25","ServingRelationship","","","id-0bc5eba2-b34b-43b7-87ab-1153f754de2e","id-37567019-33d6-4786-86cb-745da4c1253a",""
"id-09e0a055-75e4-46f3-88b7-cad87013e2ce","ServingRelationship","","","id-96558977-36e5-47e0-b14b-4f5099fc9d05","id-1021a560-d317-4663-ba9d-23278dd518fc",""
"id-98f86d60-ec48-451d-b3d4-a303c3fd6dfb","ServingRelationship","","","id-0d452950-0f21-4859-ae9c-d9ac0ddcfff9","dbf4265f-9d53-4df2-870c-960357c761a9",""
"id-13bb125f-5626-4092-bf59-b0c5134681c9","ServingRelationship","","","id-3b44eb77-e602-4af5-a0b2-8e6bcaef47ab","e87492c6-17d1-467d-bb2b-92b611caab42",""
"id-5ea64d56-867a-4494-8cf3-0ccfc63bb663","ServingRelationship","","","id-3b44eb77-e602-4af5-a0b2-8e6bcaef47ab","id-37567019-33d6-4786-86cb-745da4c1253a",""
"id-3cb228e3-7df2-41cc-bb74-55a48e0453e8","ServingRelationship","","","id-782081d4-9d7c-4029-a19c-186ee7ef8c1b","e87492c6-17d1-467d-bb2b-92b611caab42",""
"da103779-f4f4-488f-90aa-1fca8339afaa","ServingRelationship","","","id-366c19ed-c874-459a-a8bb-9a343c303d7f","id-0d452950-0f21-4859-ae9c-d9ac0ddcfff9",""
"id-85e2fb78-8d7c-4835-acf6-501908842815","ServingRelationship","","","id-0f8d5b8a-bfc4-4e38-ba7f-842bd134c254","id-55e5c516-911f-440e-a825-c739fa39bfc2",""
"id-06b5184f-32db-4463-b848-083bad620508","ServingRelationship","","","c59b0770-0de0-45d9-a302-313e68861232","id-55e5c516-911f-440e-a825-c739fa39bfc2",""
"id-7e1c13e2-ddb0-4c27-9d1a-3886970f4c06","ServingRelationship","","","id-0eaa27ca-a934-439b-ac95-6bdbad1ffff8","id-92f32697-5ecf-473b-aa11-f9840cb21a36",""
"id-48407b95-11d9-4b21-806a-d0389b342033","ServingRelationship","","","ea3c4149-03c1-4ac3-9de9-cc4e06831d3c","id-30b12b4d-578e-44ea-8877-8fd4db6984cf",""
"id-46f8fe3f-b1bf-4428-bae3-dfa46ac9857b","ServingRelationship","","","ea3c4149-03c1-4ac3-9de9-cc4e06831d3c","id-9a240e85-0aa2-4a10-b293-9cbdca4618fd",""
"id-910874ce-4268-4458-8772-1a5e801e42a1","ServingRelationship","","","id-30b19fba-64fb-4a76-bb46-b8135e5aaabd","id-55e5c516-911f-440e-a825-c739fa39bfc2",""
"id-98744286-ba54-4232-acf9-ebbf9f8e6594","ServingRelationship","","","fc0b155d-ec72-461e-9386-419ef3bac201","id-94c81cef-0c54-4266-9c5d-8eca971d26d7",""
"id-5277196d-8db0-4dce-8207-e8485572366c","ServingRelationship","","","f7b233b2-4ad6-427c-905b-703691077a5d","ea3c4149-03c1-4ac3-9de9-cc4e06831d3c",""
"id-7fd241c3-1d07-4006-927f-ad2b9f29c8d6","ServingRelationship","","","ea1abed3-0956-454b-95e4-ec4e3c603cec","id-55e5c516-911f-440e-a825-c739fa39bfc2",""
"e87afd7b-9ec6-4968-b36e-064e1f44dc30","ServingRelationship","","","c9acce03-81e5-45fb-a176-56bef573e532","ea3c4149-03c1-4ac3-9de9-cc4e06831d3c",""
"a0c9dba2-1907-4524-9279-54bc14662e14","ServingRelationship","","","id-94c81cef-0c54-4266-9c5d-8eca971d26d7","dc1aed4a-6113-4f53-bcfd-a93a92cdad45",""
"cbd2f78a-e2f4-4d0d-be65-146e5a0fdd50","ServingRelationship","","","id-2ce3d2f2-325f-421e-ac21-5a833c6c0eeb","f169b45f-0c6f-433c-ba6c-02ea91e1a172",""
"id-1a7e3e0f-ff4c-4abd-b3b8-758fbad61567","ServingRelationship","","","bdd1aa9a-19ff-4b00-a8f0-673151902ac6","f21d86a3-385f-45e0-8ed3-5b2c9b805500",""
"id-1fd3d69f-9a70-4049-87fe-b814ab4777fd","ServingRelationship","","","id-8e52cf1d-558a-4b28-8193-ec0f31e84251","id-698f6c39-f22d-4674-ba76-bd779e61154c",""
"b24d40fb-05e1-4246-806b-ea476d0c8869","ServingRelationship","","","id-782081d4-9d7c-4029-a19c-186ee7ef8c1b","c96ec46e-ae55-42d7-9e5b-8b1cf459fc58",""
"b470b4ba-71de-46a8-9acb-a49d925734f5","ServingRelationship","","","id-58f40068-13f3-45ad-a0e2-512932523b8e","id-24693aa3-7af7-42b0-88d1-9e5f6f81af9d",""
"id-5c5b77ce-fa96-4bd4-b493-d2496dbbfb3d","ServingRelationship","","","id-58f40068-13f3-45ad-a0e2-512932523b8e","id-8b4c38ae-c8e6-4607-86f6-8290d836101d",""
"id-64bf58cf-8147-4770-b35a-4541d90237d9","ServingRelationship","","","f044d309-635a-42f1-b5ad-310f776643ff","id-780d5ce4-62a6-44b4-810d-d275ab1ac8b7",""
"id-97982e43-e3bd-4c2f-b782-b74b1353a8ca","ServingRelationship","","","f044d309-635a-42f1-b5ad-310f776643ff","id-9c91b77f-6f88-4a3c-af35-249cc27af137",""
"id-35a925eb-a95c-46ab-9e0c-4df7e6c363cf","ServingRelationship","","","id-079648a8-e512-41e0-a97d-ce264f5b3e4e","id-71614bf9-945e-4bba-a9fa-570f6b35a824",""
"id-4e7c00c5-76ad-45f9-899e-00b23c1ae956","ServingRelationship","","","c2537409-4500-4f66-ab4f-524bd826dbf3","id-511b8198-7f12-4d57-9743-39b47737f38b",""
"f4aa4a42-4975-4535-87db-d2786651092b","ServingRelationship","","","dc1aed4a-6113-4f53-bcfd-a93a92cdad45","d7cd4a47-4eb2-4386-b70f-484a3231a0d2",""
"id-05da74f4-29a3-4ab4-826c-b47b024cfd3f","ServingRelationship","","","f57ad70c-7dbd-4610-a602-46b4b178e474","f30e2900-1a1f-4f7f-831c-a6ef1823abee",""
"f30143a4-fc08-477f-87f1-3fa0db39440f","ServingRelationship","","","id-6e38689f-ffb7-4a5b-b2e4-c299e627e9d5","id-70049125-bc0f-456d-bbbd-e5a70d234588",""
"f889d0d3-a01e-45d5-8d4e-c7bc1b70c034","ServingRelationship","","","ee32d7a6-623e-4272-af0d-9155579a6483","id-511b8198-7f12-4d57-9743-39b47737f38b",""
"id-76bbee3f-c6c5-429c-9c07-af06fbdf5eea","ServingRelationship","","","id-0d452950-0f21-4859-ae9c-d9ac0ddcfff9","d7cd4a47-4eb2-4386-b70f-484a3231a0d2",""
"b1081ef5-2ba2-4fd6-9abb-ace819eb89c2","ServingRelationship","","","id-0d452950-0f21-4859-ae9c-d9ac0ddcfff9","id-511b8198-7f12-4d57-9743-39b47737f38b",""
"c90f0948-0a7e-4c1a-ac6c-12556e5be89e","ServingRelationship","","","id-0d452950-0f21-4859-ae9c-d9ac0ddcfff9","id-70049125-bc0f-456d-bbbd-e5a70d234588",""
"d30f56d3-2701-4478-8762-bde07bbf79b6","ServingRelationship","","","id-6e38689f-ffb7-4a5b-b2e4-c299e627e9d5","f30e2900-1a1f-4f7f-831c-a6ef1823abee",""
"id-7fb88b0b-c30a-43af-a42b-3ebc80f0028e","ServingRelationship","","","ee32d7a6-623e-4272-af0d-9155579a6483","id-1899238c-e16f-48c4-8d60-27bfb77bbbe7",""
"a3378452-3162-4545-af19-1dcc5013e394","ServingRelationship","","","id-0d452950-0f21-4859-ae9c-d9ac0ddcfff9","id-1899238c-e16f-48c4-8d60-27bfb77bbbe7",""
"id-9b371145-699e-4de2-8db3-fcf5e87e583a","ServingRelationship","","","id-0d452950-0f21-4859-ae9c-d9ac0ddcfff9","f30e2900-1a1f-4f7f-831c-a6ef1823abee",""
"be68c3e3-3561-429e-8c31-b202ec3af2c7","ServingRelationship","","","id-9dd5b2cc-5eb3-41e0-a344-6ec16a2c8abb","d2345b62-5eb0-4792-afe9-7afd2f0962ad",""
"id-8cfdfa0c-304e-403f-a4cd-055e6c0e353c","ServingRelationship","","","b1422bb4-6a9a-4442-8aba-9aa7bab515ef","id-9fc33955-712c-4fbb-a7b0-de1ad2ace7eb",""
"id-8b40d38f-812f-41c6-952c-c1f4a56db133","ServingRelationship","","","id-9dd5b2cc-5eb3-41e0-a344-6ec16a2c8abb","id-8b8634c1-ffd2-4663-9dfc-000ec7efcd4c",""
"f2df96ff-5293-450c-ba0f-d67961761e7b","ServingRelationship","","","id-6c629801-66e6-4994-88af-4f1d37387831","id-0f309866-5cdf-46d6-ad9c-8cb820cd1769",""
"e0caded1-8f55-4d6e-979b-c157e01034be","ServingRelationship","","","id-6c629801-66e6-4994-88af-4f1d37387831","id-0996ef63-7e29-4e62-8832-16b8074400d0",""
"id-0774a93b-a2aa-4134-be29-858d4a841e5d","ServingRelationship","","","id-03d00209-861f-4dd1-84ea-67b93dd07c49","id-1899238c-e16f-48c4-8d60-27bfb77bbbe7",""
"f1770317-fe0f-417b-9a0d-d33d76d1078b","ServingRelationship","","","d2756dfd-bf37-48d2-b608-b62625c0c23d","id-0c39a204-db90-4954-ab3e-a6c2c681ce1d",""
"id-43550f18-6fc6-40a4-9cf0-856bf92a53c7","ServingRelationship","","","e88c2c2d-7dfb-4022-b9e6-5049dfd19a79","id-767fa066-2175-4ff2-9ae0-56524f79c33b",""
"e23d3441-e798-40e1-9ba2-e5902451d18c","ServingRelationship","","","id-94c81cef-0c54-4266-9c5d-8eca971d26d7","d7cd4a47-4eb2-4386-b70f-484a3231a0d2",""
"id-7e7330b9-6120-455c-a94b-43e1815ab228","ServingRelationship","","","id-55e5c516-911f-440e-a825-c739fa39bfc2","id-70049125-bc0f-456d-bbbd-e5a70d234588",""
"id-5efa1749-6828-4983-aaf7-6b2c3accbcda","ServingRelationship","","","id-366c19ed-c874-459a-a8bb-9a343c303d7f","id-698f6c39-f22d-4674-ba76-bd779e61154c",""
"ac2fde05-1966-4050-a885-eb80cf526497","ServingRelationship","","","ea3c4149-03c1-4ac3-9de9-cc4e06831d3c","id-70049125-bc0f-456d-bbbd-e5a70d234588",""
"id-9120e73e-ec6a-4824-ae84-b4b057e42081","ServingRelationship","","","id-366c19ed-c874-459a-a8bb-9a343c303d7f","id-70049125-bc0f-456d-bbbd-e5a70d234588",""
"e6ad22d0-387a-442c-942e-27e47cf023ff","ServingRelationship","","","ea3c4149-03c1-4ac3-9de9-cc4e06831d3c","id-1899238c-e16f-48c4-8d60-27bfb77bbbe7",""
"id-9580e5a5-3f6c-4124-bfc5-5ca98e7b5959","ServingRelationship","","","id-366c19ed-c874-459a-a8bb-9a343c303d7f","id-1899238c-e16f-48c4-8d60-27bfb77bbbe7",""
"id-87a0dffe-59a1-4037-99d4-62182b808892","ServingRelationship","","","ea3c4149-03c1-4ac3-9de9-cc4e06831d3c","id-511b8198-7f12-4d57-9743-39b47737f38b",""
"id-3fe64c0c-c55c-4dad-bb73-ea61c9977bbf","ServingRelationship","","","id-366c19ed-c874-459a-a8bb-9a343c303d7f","id-71614bf9-945e-4bba-a9fa-570f6b35a824",""
"da25dc30-3ccb-456d-b277-7ffb23d46ed6","ServingRelationship","","","id-55e5c516-911f-440e-a825-c739fa39bfc2","id-511b8198-7f12-4d57-9743-39b47737f38b",""
"b5799eb5-b0d4-4ee5-994b-ead175a117f9","ServingRelationship","","","id-55e5c516-911f-440e-a825-c739fa39bfc2","dc1aed4a-6113-4f53-bcfd-a93a92cdad45",""
"id-2074c381-9a93-490b-a5b7-8fd4887e1c6c","ServingRelationship","","","ea3c4149-03c1-4ac3-9de9-cc4e06831d3c","f30e2900-1a1f-4f7f-831c-a6ef1823abee",""
"f6d43f12-0765-4e0d-8e50-23d608b864c2","TriggeringRelationship","","","id-38563924-939d-4016-b256-cf35ac8f48e8","aad64ff2-0d24-408f-a854-5d31522c3fc0",""
"id-8b826c7b-4d29-4b9f-b7f5-33f3a56aa103","TriggeringRelationship","","","bde397ef-f4ba-4a46-ba0c-d74019be1a69","f5b5ed1d-aa29-4a4b-8042-31772632a223",""
"b4883d8e-8c0f-4654-8339-54edff74255e","TriggeringRelationship","","","id-334d00e6-bbb7-47da-882a-7a4c51e03780","id-5316ea06-4dc0-476f-a96a-ea6263ae9cf0",""
"aca3ff26-b5db-49c0-a0c8-f9f28a744387","TriggeringRelationship","","","bd0f9671-8a57-4bbc-a4af-cbff6bb05290","id-37567019-33d6-4786-86cb-745da4c1253a",""
"id-0aff1448-cb6a-4647-8241-7b7a8c797ed0","TriggeringRelationship","","","e87492c6-17d1-467d-bb2b-92b611caab42","a3657fe2-2c99-455a-9a4b-7827147459ad",""