{"identifier":"https://me.big.tuwien.ac.at/EAModelSet/id-48fb3807bfa249a9bae607b6a92cc390","archimateId":"id-48fb3807bfa249a9bae607b6a92cc390","name":"LAE","description":"","formats":["XML","CSV","JSON","ARCHIMATE"],"source":"GitHub","repository":"","license":"","sourceFile":"raw-data/github/archimate/lae.archimate","sourceFormat":"ARCHIMATE","timestamp":"2023-07-06T09:29:17","tags":[],"duplicates":[],"language":"fr","elements":[{"id":"id-c3add5029d384f06971fc1ebbc20820f","name":"Assitant Comptable","type":"BusinessActor","layer":"business"},{"id":"id-a077349feda8451ca3ceb3f85ec5a24d","name":"Commercial","type":"BusinessActor","layer":"business"},{"id":"id-054503b05e3640a095663713605a6a22","name":"Comptable","type":"BusinessActor","layer":"business"},{"id":"id-000bf1e652c04d36b7073c0ef75d33bd","name":"Enquêteur","type":"BusinessActor","layer":"business"},{"id":"id-9d0df8df018e45ed9911b396f4f803a2","name":"Estimateur","type":"BusinessActor","layer":"business"},{"id":"id-f5556ba4d9ee407495f2b407ff19fcc0","name":"Juriste","type":"BusinessActor","layer":"business"},{"id":"id-04070efd1fd7468891d99a7799ae6c33","name":"Lead Facturation","type":"BusinessActor","layer":"business"},{"id":"id-08b889d56d5a4e18a6bc0d247579da2c","name":"Lead Légal","type":"BusinessActor","layer":"business"},{"id":"id-77e31926f9b74a7da3ce828d9f7b5d8c","name":"Lead Service-Client","type":"BusinessActor","layer":"business"},{"id":"id-c1e23937bf244e7ba0a63dba62199338","name":"Lead Vente","type":"BusinessActor","layer":"business"},{"id":"id-ea63bc2a6c1a4813a3228e065a856802","name":"Opérateur (Service Client)","type":"BusinessActor","layer":"business"},{"id":"id-f407507a9a664adca56fa53d51186b4d","name":"Vendeur","type":"BusinessActor","layer":"business"},{"id":"id-a2998b18e1d7495391e14c9690e9a200","name":"CEO","type":"BusinessActor","layer":"business"},{"id":"id-8dec84289b5845b89590df5399a9ff7a","name":"Responsable informatique","type":"BusinessActor","layer":"business"},{"id":"id-96cbc6a9d6f84926aec41fb096486e32","name":"Client","type":"BusinessActor","layer":"business"},{"id":"id-b6c089f979b74d6491f2c8ab8fbef47c","name":"Traitement des demandes clients","type":"BusinessRole","layer":"business"},{"id":"id-8a2e9e958fd042af8fa8b888df9f70b8","name":"Traitement des demandes commerciales","type":"BusinessRole","layer":"business"},{"id":"id-cf393f7021744d8a90473b00a8454781","name":"Création et enregistrement des factures","type":"BusinessRole","layer":"business"},{"id":"id-b1974c24ebee4317962b9cbbd00a3d15","name":"Validation des factures","type":"BusinessRole","layer":"business"},{"id":"id-6d2947160c05439d975f63fa1d981239","name":"Estimation un risque","type":"BusinessRole","layer":"business"},{"id":"id-5fe0c9beedc04ef8b8483cc260e85c01","name":"Validation d'une estimation de risque","type":"BusinessRole","layer":"business"},{"id":"id-53babb88737446239279c9b4e5f74f21","name":"Sauvegarde des données","type":"BusinessRole","layer":"business"},{"id":"id-f6e0318896de40ed8ee27e57fe868ffd","name":"Evaluation du risque","type":"BusinessRole","layer":"business"},{"id":"id-ecb129ddfa6d4807a93a80f3ba66a3ed","name":"Rédaction des contrats","type":"BusinessRole","layer":"business"},{"id":"id-ea02aaa40bc7427fadd67f7109a78b40","name":"Définition du plan d'action commercial","type":"BusinessRole","layer":"business"},{"id":"id-50cff53e299b4bc48cf98077607e3cbf","name":"Signer contrat avec client","type":"BusinessCollaboration","layer":"business"},{"id":"id-459f3e52762743b5bea35f359f6a969b","name":"Vendre un produit d'assurance","type":"BusinessCollaboration","layer":"business"},{"id":"id-63a92237d21c43759b5142fb42c5dbdb","name":"Demande client ","type":"BusinessEvent","layer":"business"},{"id":"id-68581da32dda48888d1d8401fa6b125a","name":"Changement de service","type":"BusinessEvent","layer":"business"},{"id":"id-1ff648c76bd4428590b8918d87d63777","name":"Demande d'établissement d'une stratégie commerciale","type":"BusinessEvent","layer":"business"},{"id":"id-4ecdeba535824522a08b0639f63ab0da","name":"Demande d'enquête","type":"BusinessEvent","layer":"business"},{"id":"id-59bd25020bca4a3cb5abd82d06db7646","name":"Demande d'établissement d'un contrat","type":"BusinessEvent","layer":"business"},{"id":"id-8a8cee09f104434f90a1fdf9502e6e5e","name":"Département Service client","type":"BusinessFunction","layer":"business"},{"id":"id-bb4e11548fa046549b8e737b633d9258","name":"Département Vente","type":"BusinessFunction","layer":"business"},{"id":"id-00bd8c49b5a5434ca5efd76daf2d2ffa","name":"Département Légal","type":"BusinessFunction","layer":"business"},{"id":"id-1fbfd8f143134512bb72510e4fae2c83","name":"Département Facturation","type":"BusinessFunction","layer":"business"},{"id":"id-b11b2abd8b0c499aab9802892b289dfa","name":"Service Informatique","type":"BusinessFunction","layer":"business"},{"id":"id-61f984fa9bc4427fa0b462f0574ecabb","name":"Direction générale","type":"BusinessFunction","layer":"business"},{"id":"id-7a13f1941c9344f698147969b0339944","name":"E-mail","type":"BusinessInterface","layer":"business"},{"id":"id-1ec627fdc0f34af8816fc091cd384363","name":"Téléphone","type":"BusinessInterface","layer":"business"},{"id":"id-6df4e902447141da9105becf54029b70","name":"Dossier de statégie commerciale PDF","type":"Representation","layer":"business"},{"id":"id-e13462b0f0cc4bdaa0055368ad6a3138","name":"Rapport d'enquête sur les risques","type":"Representation","layer":"business"},{"id":"id-934f2193a552406bbadaef82f716afaa","name":"Données clientes","type":"BusinessObject","layer":"business"},{"id":"id-e727140b71fe4bda86bfe15f2a679150","name":"Historiques des demandes des clients","type":"BusinessObject","layer":"business"},{"id":"id-610046d15dda4fd08391fd2cbc901779","name":"Plan d'action (Stratégie commerciale)","type":"BusinessObject","layer":"business"},{"id":"id-daf82902cd504a12b654896c32aa7185","name":"Données confidentielles des clients","type":"BusinessObject","layer":"business"},{"id":"id-12f2d0c1d08b4fc7809248e1f4b408f0","name":"Risques des clients","type":"BusinessObject","layer":"business"},{"id":"id-e64c2130a22e4421b0b2a75288be4369","name":"Contrats","type":"Contract","layer":"business"},{"id":"id-dd7725ea23934370a74114c7e3739785","name":"Factures","type":"BusinessObject","layer":"business"},{"id":"id-2afc7d819a0b4b7fa59d18531e90ae2d","name":"Contrats","type":"BusinessObject","layer":"business"},{"id":"id-9ce52cb1399e4305aaab428e3c9207c9","name":"Logger","type":"BusinessProcess","layer":"business"},{"id":"id-61bad150474d4ca3b2f43be60dd8114d","name":"Modifier ou accéder aux infos clients","type":"BusinessProcess","layer":"business"},{"id":"id-5fae5bc58ac04edb96210e11d265dc88","name":"Reception e-mail ou prise d'appel","type":"BusinessProcess","layer":"business"},{"id":"id-4f92d1edeaf4421db894a99a53205551","name":"Rediriger vers autre service","type":"BusinessProcess","layer":"business"},{"id":"id-30a3db74809a42d9a3a18649c2fe9679","name":"Accéder aux infos des clients","type":"BusinessProcess","layer":"business"},{"id":"id-6e107709ca464ab4b7278ac3b992fc96","name":"Enquêter sur les facteurs de risques","type":"BusinessProcess","layer":"business"},{"id":"id-f5779f551d0e4043b6fdba8f4aff388f","name":"Modifier infos confidentielles clients","type":"BusinessProcess","layer":"business"},{"id":"id-fdb26e6a5c224727b4e0139513878980","name":"Écrire un plan d'action","type":"BusinessProcess","layer":"business"},{"id":"id-11961d1cfa9f47df8b0801edb79d22a2","name":"Trouver des information clients","type":"BusinessProcess","layer":"business"},{"id":"id-7f772df278324bf9be0c6c0b31553666","name":"Présenter un produit","type":"BusinessProcess","layer":"business"},{"id":"id-f69c226516b6402b9693c0855322d69a","name":"Modifier les infos clients","type":"BusinessProcess","layer":"business"},{"id":"id-75d7f6e8bfce42be8e3519ca511b241c","name":"Faire signer le client","type":"BusinessProcess","layer":"business"},{"id":"id-6b5104d52a914f5a86ced9454d9d05cb","name":"Estimer un risque","type":"BusinessProcess","layer":"business"},{"id":"id-5e8b4e228895462b88cb7f3f2c850918","name":"Rédiger un contrat","type":"BusinessProcess","layer":"business"},{"id":"id-dc68223acaa840e4bcea13891c022339","name":"Enregistrer le contrat","type":"BusinessProcess","layer":"business"},{"id":"id-9f5a07f7f6794001b7ea3f5ea5920ef5","name":"Enregistrer la facture","type":"BusinessProcess","layer":"business"},{"id":"id-2a036f6b21874a5a98b0f099ca2f88cb","name":"Réaliser la facture","type":"BusinessProcess","layer":"business"},{"id":"id-ea8c65c2825043c79ebafaea883baf3b","name":"Valider la facture","type":"BusinessProcess","layer":"business"},{"id":"id-18f7093478584cd7891a08c389ce8b5a","name":"Copier les transactions effectués sur la base de données","type":"BusinessProcess","layer":"business"},{"id":"id-6ff9a27e96b047f299e379df48f0716b","name":"Transporter données sauvgardés sur un disque dur","type":"BusinessProcess","layer":"business"},{"id":"id-0f8d9ef35f96481bb7b39cd3775d7675","name":"Installer les transaction sur la base de données de sauvegarde","type":"BusinessProcess","layer":"business"},{"id":"id-07b414a80457440d88a409d14f004bc1","name":"Répondre à un client","type":"BusinessService","layer":"business"},{"id":"id-76e5c63d7a5d42b39a2449072412b7f3","name":"Définir une stratégie commerciale","type":"BusinessService","layer":"business"},{"id":"id-59d32ae50015497899cd3d907a4fef08","name":"Prospecter des clients","type":"BusinessService","layer":"business"},{"id":"id-3d1ec025815644438e74e699c2d0ff93","name":"Etablir un contrat","type":"BusinessService","layer":"business"},{"id":"id-ec7a3fbd302248579bb5572d401511eb","name":"Enquêter","type":"BusinessService","layer":"business"},{"id":"id-45a843db1a134de2a29d5631981618b3","name":"Etablir une facture","type":"BusinessService","layer":"business"},{"id":"id-67dd695e7ee24c58afc409361002e7e6","name":"Sauvegarder quotidiennement les données","type":"BusinessService","layer":"business"},{"id":"id-1b8984e6027d46968b5326a6f28668a2","name":"Définir la statégie générale de l'entreprise","type":"BusinessService","layer":"business"},{"id":"id-2ddfa499d4584107ad766db64fcdadbd","name":"Rediriger ticket vers un autre service","type":"BusinessProcess","layer":"business"},{"id":"id-5ae4174cc66e433a8255ac1a3394b23b","name":"Création manuelle d'un ticket","type":"BusinessProcess","layer":"business"},{"id":"id-9a7ac36d5b1444b69a8cc3b2cd2cf7bb","name":"Traitement et enrichissement du ticket (ajouts des informations de contexte)","type":"BusinessProcess","layer":"business"},{"id":"id-f06a9a6486b34af6a2da086803670288","name":"Changement de service du ticket","type":"BusinessEvent","layer":"business"},{"id":"id-c008332fa99d4a1aa9677da98f2644fe","name":"Création automatique d'un ticket","type":"BusinessEvent","layer":"business"},{"id":"id-9af99e90dece4ca88b1e6652474ba79f","name":"Ticket client","type":"BusinessObject","layer":"business"},{"id":"id-0dd29873dc1948c9ab0fb60b577a3aca","name":"Controle de la sauvegarde des données","type":"BusinessRole","layer":"business"},{"id":"id-0a92469e2140421498f3ef88c216f5e6","name":"Test de la restauration des données","type":"BusinessRole","layer":"business"},{"id":"id-60712ac77e974fdfb115742c7d5efa2c","name":"Contrôler trimestriellement la sauvegarde des données et tester la restauration","type":"BusinessService","layer":"business"},{"id":"id-337c775d7f84419a852b0efdca7bdc4e","name":"Vérifier le bon fonctionnement de la sauvegarde","type":"BusinessProcess","layer":"business"},{"id":"id-1c13c535ba3147dd8186fc5e1352af67","name":"Valider la bonne restauration des données sur un environnement de test","type":"BusinessProcess","layer":"business"},{"id":"id-b31c0cc78197480e8b015eb61b461208","name":"Collaborateur LAE","type":"BusinessActor","layer":"business"},{"id":"id-c7b6e24e3e2e477cb36f6143602f6b9d","name":"Web App LAE (Vue.JS)","type":"ApplicationComponent","layer":"application"},{"id":"id-35ddd8b0773747468e3b358d67912b61","name":"UI Facturation","type":"ApplicationInterface","layer":"application"},{"id":"id-237af857881d467489afb3c0711e8eb9","name":"UI Legal","type":"ApplicationInterface","layer":"application"},{"id":"id-b1c5d979dae648bab1c5023c091ee6d6","name":"UI Service client","type":"ApplicationInterface","layer":"application"},{"id":"id-6ec22406d63d4a75ac8b5b35e2594918","name":"UI Vente","type":"ApplicationInterface","layer":"application"},{"id":"id-811bf2a42445440c846eecbb2343c750","name":"Backend de Service  LAE (API PHP/Symfony)","type":"ApplicationComponent","layer":"application"},{"id":"id-4a5a3d6f64384faea071e7afdf066e22","name":"Base de données AWS","type":"DataObject","layer":"application"},{"id":"id-1454f4fd898543ad9cf34897b55f448c","name":"Application Légal (Cobol)","type":"ApplicationComponent","layer":"application"},{"id":"id-33e877a113504151bd6f0f5d6f888bad","name":"Backend - Appli de Facturation (Java Servlet)","type":"ApplicationComponent","layer":"application"},{"id":"id-bcf97430049b4f4a97badd4d260c2cc0","name":"Backend - Application Vente (PHP / Symfony)","type":"ApplicationComponent","layer":"application"},{"id":"id-5826f8ba85d04b9fb3b1cf3f923862a7","name":"Frontend - Appli de facturation (Java Applet)","type":"ApplicationInterface","layer":"application"},{"id":"id-548eab41220546c0a349ce883ef366b3","name":"Frontend - Appli de vente (Vue.js)","type":"ApplicationInterface","layer":"application"},{"id":"id-c7e824a6227c49dca32b0e633ce8953f","name":"Historique des clients - Dossier Partagé (MS Access)","type":"ApplicationComponent","layer":"application"},{"id":"id-db7a371e83364cae9bb221c098f69f92","name":"APIGateway","type":"ApplicationComponent","layer":"application"},{"id":"id-1189b8ecdc394e4e8b52da58907509b3","name":"Cache de données à accès rapide (Redis)","type":"ApplicationComponent","layer":"application"},{"id":"id-0e83bc743b494947a3b86afbb351fc10","name":"IAM (OAuth - OIDC)","type":"ApplicationComponent","layer":"application"},{"id":"id-d040746a93354bf8bcd6c2b28394b7da","name":"CloudWatch - Interface de monitoring AWS","type":"ApplicationComponent","layer":"application"},{"id":"id-8ccef3c1ffd54dcf827d85cb3d9f576d","name":"Transaction de base de données","type":"DataObject","layer":"application"},{"id":"id-8704af93d687470a9b2e5d3930a08dac","name":"Données sauvegardées de la base Aurora","type":"DataObject","layer":"application"},{"id":"id-4899bfe1b83e4ed0ac1d2c5e7ea54280","name":"Amazon API Gateway","type":"ApplicationComponent","layer":"application"},{"id":"id-ec3b9939665a44568cfa4595d34b9ac2","name":"Amazon Cognito (IAM)","type":"ApplicationComponent","layer":"application"},{"id":"id-672fe82f264d4409819674859294508f","name":"AWS ElasticCache (Redis)","type":"ApplicationComponent","layer":"application"},{"id":"id-de39afa3af7d4710bd9e6551c08ce633","name":"AWS Load Balancer","type":"ApplicationComponent","layer":"application"},{"id":"id-d97e3cfee4164dfa86120eefb5783894","name":"AWS S3 Storage","type":"ApplicationComponent","layer":"application"},{"id":"id-cea1d2526b8448e68bbc15cf42e17185","name":"AWS Web Application Firewall","type":"ApplicationComponent","layer":"application"},{"id":"id-5a6442cf8f3345399df5a4edf9a689bb","name":"Données LAE","type":"DataObject","layer":"application"},{"id":"id-03eca15b8c65439399cee2acd55a98aa","name":"FreshDesk UI","type":"ApplicationComponent","layer":"application"},{"id":"id-00e630880fce4f829eefdf0629e7446f","name":"Tickets client","type":"DataObject","layer":"application"},{"id":"id-caa60d39520f4fd1b7b4d99609bc523a","name":"AWS Aurora DB","type":"ApplicationComponent","layer":"application"},{"id":"id-25f74a9f0d5a4969977fa05f739fd45e","name":"Amazon 1","type":"SystemSoftware","layer":"technology"},{"id":"id-619c9dcae40f4900abb32f9a16f5cd8b","name":"Amazon 2","type":"SystemSoftware","layer":"technology"},{"id":"id-a4fd25e3c2c64b8ea4efce6b9e3ccb5c","name":"MS Access - Dossier partagé","type":"SystemSoftware","layer":"technology"},{"id":"id-d5f6992f1c4448a7b07e05605f5fe890","name":"Serveur local","type":"SystemSoftware","layer":"technology"},{"id":"id-6d31d1546ad646e9b634d1239001404b","name":"Serveur local de sauvegarde","type":"SystemSoftware","layer":"technology"},{"id":"id-b3b4aa9c2b3747ef98474854a1e4ff6b","name":"Amazon AWS (Internet)","type":"CommunicationNetwork","layer":"technology"},{"id":"id-1097d76b9a6a409287519a452762938f","name":"Divers (PC utilisateur, boite e-mail ...)","type":"Device","layer":"technology"},{"id":"id-d8fbaa81a1d34f4481ab16f2a2a53b0f","name":"Réseau d'entreprise","type":"CommunicationNetwork","layer":"technology"},{"id":"id-365f582bc36a45bf9504e23c783375f5","name":"Cluster Amazon Aurora DB","type":"SystemSoftware","layer":"technology"},{"id":"id-b1c76dfc6b894a15b07e29337d87c6db","name":"Outil de ticketing externe","type":"SystemSoftware","layer":"technology"},{"id":"id-a2db94248be646658e02b32a90f8c1f4","name":"Stockage AWS S3","type":"SystemSoftware","layer":"technology"},{"id":"id-75b0aa617f3a4d1e8481c791af68a106","name":"Déclenchement automatique du cluster AWS Aurora DB","type":"TechnologyEvent","layer":"technology"},{"id":"id-8716fe72cada49ac8cb650450d117339","name":"Sauvegarde du cluster AWS Aurora DB","type":"TechnologyProcess","layer":"technology"},{"id":"id-f3b5a892cc4047bebea4108d148e1c8f","name":"Environnement de test de restauration des données","type":"Node","layer":"technology"},{"id":"id-f555a51fdafe4ef0bd47e5a596e9ec58","name":"Amazon Cloud Drive","type":"SystemSoftware","layer":"technology"},{"id":"id-e5daf229ec3c486f8179a572a35857a7","name":"Amazon EC2","type":"SystemSoftware","layer":"technology"},{"id":"id-df91b1646167452ba87aea91e7133dbc","name":"AWS Services","type":"SystemSoftware","layer":"technology"},{"id":"id-3d403b650be4482280ef7b063712b148","name":"Internet","type":"CommunicationNetwork","layer":"technology"},{"id":"id-cd4a220f60fe41d3801429c727667416","name":"Couche de données","type":"Grouping","layer":"other"},{"id":"id-05278a82c12d4fe19278be838cf0ea34","name":"Couche de service","type":"Grouping","layer":"other"},{"id":"id-57e97f686a154b8297d6a866232aa723","name":"Couche UI","type":"Grouping","layer":"other"},{"id":"id-6c0607ddeeb54593bf26b23ef217bf53","name":"Middlewares / Supports","type":"Grouping","layer":"other"}],"relationships":[{"id":"id-47e630389e69410ebc0abef4b7c3adc6","sourceId":"id-619c9dcae40f4900abb32f9a16f5cd8b","targetId":"id-934f2193a552406bbadaef82f716afaa","type":"AssociationRelationship"},{"id":"id-ee51fbdb400643678bd0d7d9d43a0464","sourceId":"id-25f74a9f0d5a4969977fa05f739fd45e","targetId":"id-934f2193a552406bbadaef82f716afaa","type":"AssociationRelationship"},{"id":"id-bb339fafa0f949caa8a59405bd221a90","sourceId":"id-61bad150474d4ca3b2f43be60dd8114d","targetId":"id-934f2193a552406bbadaef82f716afaa","type":"AccessRelationship"},{"id":"id-9685bae5937e46e88c762784f8e1e510","sourceId":"id-9ce52cb1399e4305aaab428e3c9207c9","targetId":"id-4f92d1edeaf4421db894a99a53205551","type":"TriggeringRelationship"},{"id":"id-cbade617390c4929a171ce7d43b40c86","sourceId":"id-9ce52cb1399e4305aaab428e3c9207c9","targetId":"id-61bad150474d4ca3b2f43be60dd8114d","type":"TriggeringRelationship"},{"id":"id-9d877b9b22494fb2b53bc864f9f2eafb","sourceId":"id-5fae5bc58ac04edb96210e11d265dc88","targetId":"id-9ce52cb1399e4305aaab428e3c9207c9","type":"TriggeringRelationship"},{"id":"id-9e94976432d0461eb84f4cc216ea90f1","sourceId":"id-b6c089f979b74d6491f2c8ab8fbef47c","targetId":"id-5fae5bc58ac04edb96210e11d265dc88","type":"AssignmentRelationship"},{"id":"id-9425be00920b4d1aaa28520df13ca290","sourceId":"id-ea63bc2a6c1a4813a3228e065a856802","targetId":"id-b6c089f979b74d6491f2c8ab8fbef47c","type":"AssignmentRelationship"},{"id":"id-526ed11292434c349054219b93b49b75","sourceId":"id-77e31926f9b74a7da3ce828d9f7b5d8c","targetId":"id-b6c089f979b74d6491f2c8ab8fbef47c","type":"AssignmentRelationship"},{"id":"id-78e71220b1f949cabc9c5892b906f7f0","sourceId":"id-63a92237d21c43759b5142fb42c5dbdb","targetId":"id-7a13f1941c9344f698147969b0339944","type":"TriggeringRelationship"},{"id":"id-4e92988480864fe0a655b89c1094cdd5","sourceId":"id-63a92237d21c43759b5142fb42c5dbdb","targetId":"id-1ec627fdc0f34af8816fc091cd384363","type":"TriggeringRelationship"},{"id":"id-b85f8fd931954c59bc8e6547985c1503","sourceId":"id-1ec627fdc0f34af8816fc091cd384363","targetId":"id-5fae5bc58ac04edb96210e11d265dc88","type":"TriggeringRelationship"},{"id":"id-f0c88670832743ffaddbe17eee4c64ae","sourceId":"id-7a13f1941c9344f698147969b0339944","targetId":"id-5fae5bc58ac04edb96210e11d265dc88","type":"TriggeringRelationship"},{"id":"id-18c3dff3ba1d4203868a74336561d506","sourceId":"id-4f92d1edeaf4421db894a99a53205551","targetId":"id-68581da32dda48888d1d8401fa6b125a","type":"TriggeringRelationship"},{"id":"id-8483cfaebe4e4902963890e170709093","sourceId":"id-8a8cee09f104434f90a1fdf9502e6e5e","targetId":"id-61bad150474d4ca3b2f43be60dd8114d","type":"CompositionRelationship"},{"id":"id-2fb4a7ea4c6440249c7400abc9ccabe4","sourceId":"id-8a8cee09f104434f90a1fdf9502e6e5e","targetId":"id-9ce52cb1399e4305aaab428e3c9207c9","type":"CompositionRelationship"},{"id":"id-08cbbf9867a14ab5b0a4beddd9167353","sourceId":"id-8a8cee09f104434f90a1fdf9502e6e5e","targetId":"id-5fae5bc58ac04edb96210e11d265dc88","type":"CompositionRelationship"},{"id":"id-cf141cacc14647e888c5c6fe7365cb05","sourceId":"id-8a8cee09f104434f90a1fdf9502e6e5e","targetId":"id-4f92d1edeaf4421db894a99a53205551","type":"CompositionRelationship"},{"id":"id-84f0eca60bea4e57a485cbb5cb77cd19","sourceId":"id-8a8cee09f104434f90a1fdf9502e6e5e","targetId":"id-07b414a80457440d88a409d14f004bc1","type":"RealizationRelationship"},{"id":"id-1a4b00d3377644d0937a585f67dd8a71","sourceId":"id-9ce52cb1399e4305aaab428e3c9207c9","targetId":"id-e727140b71fe4bda86bfe15f2a679150","type":"AccessRelationship"},{"id":"id-05c15ce1bb9c43779042a64875eab1b2","sourceId":"id-e727140b71fe4bda86bfe15f2a679150","targetId":"id-a4fd25e3c2c64b8ea4efce6b9e3ccb5c","type":"AssociationRelationship"},{"id":"id-30f784681b644cf880c40c36deb9a9ec","sourceId":"id-6df4e902447141da9105becf54029b70","targetId":"id-610046d15dda4fd08391fd2cbc901779","type":"RealizationRelationship"},{"id":"id-109af2fe8743456d8241691d0ecd1bde","sourceId":"id-1ff648c76bd4428590b8918d87d63777","targetId":"id-fdb26e6a5c224727b4e0139513878980","type":"TriggeringRelationship"},{"id":"id-c40014c677824489bbe4f940632d7847","sourceId":"id-a2998b18e1d7495391e14c9690e9a200","targetId":"id-1ff648c76bd4428590b8918d87d63777","type":"TriggeringRelationship"},{"id":"id-edb42d92978345b2b625cde2832aa207","sourceId":"id-bb4e11548fa046549b8e737b633d9258","targetId":"id-fdb26e6a5c224727b4e0139513878980","type":"CompositionRelationship"},{"id":"id-851c394572444f2292132f99278e5d23","sourceId":"id-bb4e11548fa046549b8e737b633d9258","targetId":"id-610046d15dda4fd08391fd2cbc901779","type":"AccessRelationship"},{"id":"id-5ad123725987457d99fb85638f3128bd","sourceId":"id-fdb26e6a5c224727b4e0139513878980","targetId":"id-610046d15dda4fd08391fd2cbc901779","type":"AccessRelationship"},{"id":"id-5463c10abbc548409bf577f50d1890a6","sourceId":"id-bb4e11548fa046549b8e737b633d9258","targetId":"id-76e5c63d7a5d42b39a2449072412b7f3","type":"RealizationRelationship"},{"id":"id-0782d81d12af4a9fb06bef05a7d70322","sourceId":"id-bb4e11548fa046549b8e737b633d9258","targetId":"id-7f772df278324bf9be0c6c0b31553666","type":"CompositionRelationship"},{"id":"id-33467fff59df41008fd2a909e3329e48","sourceId":"id-bb4e11548fa046549b8e737b633d9258","targetId":"id-11961d1cfa9f47df8b0801edb79d22a2","type":"CompositionRelationship"},{"id":"id-47f26a666967450ebd4847a914332237","sourceId":"id-bb4e11548fa046549b8e737b633d9258","targetId":"id-59d32ae50015497899cd3d907a4fef08","type":"RealizationRelationship"},{"id":"id-f0ada36eeccd4f1da5f4f10731ec310b","sourceId":"id-7f772df278324bf9be0c6c0b31553666","targetId":"id-96cbc6a9d6f84926aec41fb096486e32","type":"ServingRelationship"},{"id":"id-066c73d1fabf4aa59698b3447b9182e6","sourceId":"id-f407507a9a664adca56fa53d51186b4d","targetId":"id-8a2e9e958fd042af8fa8b888df9f70b8","type":"AssignmentRelationship"},{"id":"id-6a7db4ee765c49fe935df167cd576bcb","sourceId":"id-a077349feda8451ca3ceb3f85ec5a24d","targetId":"id-8a2e9e958fd042af8fa8b888df9f70b8","type":"AssignmentRelationship"},{"id":"id-1d1e8a9e258b4897921aaada0cd8bf0c","sourceId":"id-8a2e9e958fd042af8fa8b888df9f70b8","targetId":"id-11961d1cfa9f47df8b0801edb79d22a2","type":"AssignmentRelationship"},{"id":"id-83390c4c2d174dd984188524a62bc24e","sourceId":"id-11961d1cfa9f47df8b0801edb79d22a2","targetId":"id-7f772df278324bf9be0c6c0b31553666","type":"TriggeringRelationship"},{"id":"id-102e531d93de4b1a9363831ea46e691d","sourceId":"id-610046d15dda4fd08391fd2cbc901779","targetId":"id-11961d1cfa9f47df8b0801edb79d22a2","type":"AssociationRelationship"},{"id":"id-ee1ded3763dd44b09ec27b12f3fc85e3","sourceId":"id-11961d1cfa9f47df8b0801edb79d22a2","targetId":"id-934f2193a552406bbadaef82f716afaa","type":"AccessRelationship"},{"id":"id-868cc95cf2784e6996978fe5b9af8791","sourceId":"id-00bd8c49b5a5434ca5efd76daf2d2ffa","targetId":"id-ec7a3fbd302248579bb5572d401511eb","type":"RealizationRelationship"},{"id":"id-4062d2f3326c433da23d3610eb509d6f","sourceId":"id-e13462b0f0cc4bdaa0055368ad6a3138","targetId":"id-12f2d0c1d08b4fc7809248e1f4b408f0","type":"RealizationRelationship"},{"id":"id-f5ec64dc37ae4b7ba8bd707baa102dde","sourceId":"id-30a3db74809a42d9a3a18649c2fe9679","targetId":"id-daf82902cd504a12b654896c32aa7185","type":"AccessRelationship"},{"id":"id-3517c40c322a4ce8ab1eab8f5d9d7e2a","sourceId":"id-f5779f551d0e4043b6fdba8f4aff388f","targetId":"id-daf82902cd504a12b654896c32aa7185","type":"AccessRelationship"},{"id":"id-591e1dcf221f4d36884b29e16cb653ed","sourceId":"id-f5779f551d0e4043b6fdba8f4aff388f","targetId":"id-12f2d0c1d08b4fc7809248e1f4b408f0","type":"AccessRelationship"},{"id":"id-e61a0f428dac4dbea6508f454f2a74a4","sourceId":"id-00bd8c49b5a5434ca5efd76daf2d2ffa","targetId":"id-30a3db74809a42d9a3a18649c2fe9679","type":"CompositionRelationship"},{"id":"id-9c22142686b44224bcc7def62d68ceb6","sourceId":"id-00bd8c49b5a5434ca5efd76daf2d2ffa","targetId":"id-6e107709ca464ab4b7278ac3b992fc96","type":"CompositionRelationship"},{"id":"id-ed9b0510170f4bb881352d8d1bba82cf","sourceId":"id-00bd8c49b5a5434ca5efd76daf2d2ffa","targetId":"id-f5779f551d0e4043b6fdba8f4aff388f","type":"CompositionRelationship"},{"id":"id-3afe1280303f4fe78ea8c0b4bb9f0138","sourceId":"id-00bd8c49b5a5434ca5efd76daf2d2ffa","targetId":"id-daf82902cd504a12b654896c32aa7185","type":"AccessRelationship"},{"id":"id-bd5a858c86074610ae4d064d839c4d58","sourceId":"id-00bd8c49b5a5434ca5efd76daf2d2ffa","targetId":"id-12f2d0c1d08b4fc7809248e1f4b408f0","type":"AccessRelationship"},{"id":"id-a34370f41cb9493398c41b776975bfe6","sourceId":"id-4ecdeba535824522a08b0639f63ab0da","targetId":"id-30a3db74809a42d9a3a18649c2fe9679","type":"TriggeringRelationship"},{"id":"id-c4062a4825b64f9896e18b94cfab1e9d","sourceId":"id-30a3db74809a42d9a3a18649c2fe9679","targetId":"id-6e107709ca464ab4b7278ac3b992fc96","type":"TriggeringRelationship"},{"id":"id-bdb6a2e09a494e7aa1599adcb3111afe","sourceId":"id-6e107709ca464ab4b7278ac3b992fc96","targetId":"id-f5779f551d0e4043b6fdba8f4aff388f","type":"TriggeringRelationship"},{"id":"id-6c00b7470c0340d4a9191f977c13cd39","sourceId":"id-daf82902cd504a12b654896c32aa7185","targetId":"id-d5f6992f1c4448a7b07e05605f5fe890","type":"AssociationRelationship"},{"id":"id-d63836c94b3d4a06b6bf5a5c84419567","sourceId":"id-30a3db74809a42d9a3a18649c2fe9679","targetId":"id-934f2193a552406bbadaef82f716afaa","type":"AccessRelationship"},{"id":"id-308fc719be2243cdba1579d58cea926d","sourceId":"id-1fbfd8f143134512bb72510e4fae2c83","targetId":"id-30a3db74809a42d9a3a18649c2fe9679","type":"CompositionRelationship"},{"id":"id-9ff23dd976f640119b5360628d751cd0","sourceId":"id-1fbfd8f143134512bb72510e4fae2c83","targetId":"id-2a036f6b21874a5a98b0f099ca2f88cb","type":"CompositionRelationship"},{"id":"id-475dff88a1d5448e8a9ad407f3a1be76","sourceId":"id-1fbfd8f143134512bb72510e4fae2c83","targetId":"id-ea8c65c2825043c79ebafaea883baf3b","type":"CompositionRelationship"},{"id":"id-07483dc633da45f1982f81d310a02e59","sourceId":"id-1fbfd8f143134512bb72510e4fae2c83","targetId":"id-9f5a07f7f6794001b7ea3f5ea5920ef5","type":"CompositionRelationship"},{"id":"id-31044110876e47abb9891deb8e35349e","sourceId":"id-1fbfd8f143134512bb72510e4fae2c83","targetId":"id-dd7725ea23934370a74114c7e3739785","type":"AccessRelationship"},{"id":"id-7d2a29903c0846d69757bd273d4c64d8","sourceId":"id-1fbfd8f143134512bb72510e4fae2c83","targetId":"id-45a843db1a134de2a29d5631981618b3","type":"RealizationRelationship"},{"id":"id-21d10fbd36a74e2f86000441c4d4aa65","sourceId":"id-04070efd1fd7468891d99a7799ae6c33","targetId":"id-b1974c24ebee4317962b9cbbd00a3d15","type":"AssignmentRelationship"},{"id":"id-692b8e9614274eb5b626c62fd831561a","sourceId":"id-b1974c24ebee4317962b9cbbd00a3d15","targetId":"id-ea8c65c2825043c79ebafaea883baf3b","type":"AssignmentRelationship"},{"id":"id-2021b8abef494f04bf04770bbefb216a","sourceId":"id-c3add5029d384f06971fc1ebbc20820f","targetId":"id-cf393f7021744d8a90473b00a8454781","type":"AssignmentRelationship"},{"id":"id-3c21271f49694a6b87311468a750e519","sourceId":"id-054503b05e3640a095663713605a6a22","targetId":"id-cf393f7021744d8a90473b00a8454781","type":"AssignmentRelationship"},{"id":"id-25abf22267224153b7f4a7701742e7e5","sourceId":"id-cf393f7021744d8a90473b00a8454781","targetId":"id-2a036f6b21874a5a98b0f099ca2f88cb","type":"AssignmentRelationship"},{"id":"id-0467791a6a164493b018c9234d4bcb9b","sourceId":"id-cf393f7021744d8a90473b00a8454781","targetId":"id-9f5a07f7f6794001b7ea3f5ea5920ef5","type":"AssignmentRelationship"},{"id":"id-2ff5441b4cfd418eb5048744d9ba2f38","sourceId":"id-04070efd1fd7468891d99a7799ae6c33","targetId":"id-cf393f7021744d8a90473b00a8454781","type":"AssignmentRelationship"},{"id":"id-2a39fa9db95f4919a496d1d4e72e7252","sourceId":"id-2a036f6b21874a5a98b0f099ca2f88cb","targetId":"id-ea8c65c2825043c79ebafaea883baf3b","type":"TriggeringRelationship"},{"id":"id-12d9baac9602492cbe1b6efb1278f6d5","sourceId":"id-30a3db74809a42d9a3a18649c2fe9679","targetId":"id-2a036f6b21874a5a98b0f099ca2f88cb","type":"TriggeringRelationship"},{"id":"id-522e39b14dd04f6d8fbbfdafb4ea500e","sourceId":"id-ea8c65c2825043c79ebafaea883baf3b","targetId":"id-9f5a07f7f6794001b7ea3f5ea5920ef5","type":"TriggeringRelationship"},{"id":"id-073df0f7d3934298885d66abb6a44c34","sourceId":"id-dd7725ea23934370a74114c7e3739785","targetId":"id-25f74a9f0d5a4969977fa05f739fd45e","type":"AssociationRelationship"},{"id":"id-acc85aa0d1b24aacb33e3949c7fbe698","sourceId":"id-9f5a07f7f6794001b7ea3f5ea5920ef5","targetId":"id-dd7725ea23934370a74114c7e3739785","type":"AccessRelationship"},{"id":"id-6021cad82a5e47f187db10289b9d01b0","sourceId":"id-e64c2130a22e4421b0b2a75288be4369","targetId":"id-d5f6992f1c4448a7b07e05605f5fe890","type":"AssociationRelationship"},{"id":"id-606a41322d4f4553b45f4b2e775dced0","sourceId":"id-00bd8c49b5a5434ca5efd76daf2d2ffa","targetId":"id-3d1ec025815644438e74e699c2d0ff93","type":"RealizationRelationship"},{"id":"id-bc3e9eca140e4244898c8912de301aa8","sourceId":"id-00bd8c49b5a5434ca5efd76daf2d2ffa","targetId":"id-6b5104d52a914f5a86ced9454d9d05cb","type":"CompositionRelationship"},{"id":"id-18d8a12845c94c32acd88e30b9ca8f17","sourceId":"id-00bd8c49b5a5434ca5efd76daf2d2ffa","targetId":"id-5e8b4e228895462b88cb7f3f2c850918","type":"CompositionRelationship"},{"id":"id-4f38cee918b84374a969e3c85198c501","sourceId":"id-00bd8c49b5a5434ca5efd76daf2d2ffa","targetId":"id-dc68223acaa840e4bcea13891c022339","type":"CompositionRelationship"},{"id":"id-5de02ed7de2e4cc9a87dc2f95dc89b6e","sourceId":"id-5e8b4e228895462b88cb7f3f2c850918","targetId":"id-dc68223acaa840e4bcea13891c022339","type":"TriggeringRelationship"},{"id":"id-c47869f51fa1437badbac1117ac9f302","sourceId":"id-ec7a3fbd302248579bb5572d401511eb","targetId":"id-6b5104d52a914f5a86ced9454d9d05cb","type":"TriggeringRelationship"},{"id":"id-05d4de978f2e474597b8a07a62237d2e","sourceId":"id-6b5104d52a914f5a86ced9454d9d05cb","targetId":"id-5e8b4e228895462b88cb7f3f2c850918","type":"TriggeringRelationship"},{"id":"id-23f970fcbae34964a8276de51dd2a0d1","sourceId":"id-59bd25020bca4a3cb5abd82d06db7646","targetId":"id-ec7a3fbd302248579bb5572d401511eb","type":"TriggeringRelationship"},{"id":"id-70e5b9f0e760497294139fffc158c340","sourceId":"id-08b889d56d5a4e18a6bc0d247579da2c","targetId":"id-5fe0c9beedc04ef8b8483cc260e85c01","type":"AssignmentRelationship"},{"id":"id-07f9ad6e89e44daa8500e3e9cd29633e","sourceId":"id-9d0df8df018e45ed9911b396f4f803a2","targetId":"id-6d2947160c05439d975f63fa1d981239","type":"AssignmentRelationship"},{"id":"id-8161ebcd58f84a01824e58822b4c6d3c","sourceId":"id-5fe0c9beedc04ef8b8483cc260e85c01","targetId":"id-6b5104d52a914f5a86ced9454d9d05cb","type":"AssignmentRelationship"},{"id":"id-c970b7e6382448cf9e635e392f6ffdb0","sourceId":"id-6d2947160c05439d975f63fa1d981239","targetId":"id-6b5104d52a914f5a86ced9454d9d05cb","type":"AssignmentRelationship"},{"id":"id-e064dc2d6336498ebfe66b5d1626c60c","sourceId":"id-bb4e11548fa046549b8e737b633d9258","targetId":"id-75d7f6e8bfce42be8e3519ca511b241c","type":"CompositionRelationship"},{"id":"id-fa45c900bafd42fbb3d87f71b5efeb15","sourceId":"id-bb4e11548fa046549b8e737b633d9258","targetId":"id-f69c226516b6402b9693c0855322d69a","type":"CompositionRelationship"},{"id":"id-877e9a084db143018c1b9657ea27621c","sourceId":"id-50cff53e299b4bc48cf98077607e3cbf","targetId":"id-f407507a9a664adca56fa53d51186b4d","type":"AggregationRelationship"},{"id":"id-97346527ffea433eafe0c62cec6977ed","sourceId":"id-50cff53e299b4bc48cf98077607e3cbf","targetId":"id-96cbc6a9d6f84926aec41fb096486e32","type":"AggregationRelationship"},{"id":"id-cb61b30621ab489c9ce626c65598195e","sourceId":"id-50cff53e299b4bc48cf98077607e3cbf","targetId":"id-75d7f6e8bfce42be8e3519ca511b241c","type":"AssignmentRelationship"},{"id":"id-cf570b79318b4a8c86611b1458520057","sourceId":"id-f407507a9a664adca56fa53d51186b4d","targetId":"id-f69c226516b6402b9693c0855322d69a","type":"AssignmentRelationship"},{"id":"id-7762927a07cb446e84af00c7b7fe8476","sourceId":"id-75d7f6e8bfce42be8e3519ca511b241c","targetId":"id-f69c226516b6402b9693c0855322d69a","type":"TriggeringRelationship"},{"id":"id-9d9bd75003974941aca08cdcaa658654","sourceId":"id-f69c226516b6402b9693c0855322d69a","targetId":"id-934f2193a552406bbadaef82f716afaa","type":"AccessRelationship"},{"id":"id-fcc8524ccc2540a3baf6ac23987c5871","sourceId":"id-f69c226516b6402b9693c0855322d69a","targetId":"id-45a843db1a134de2a29d5631981618b3","type":"TriggeringRelationship"},{"id":"id-a2fbeb42086c46c6997966114a2be7f9","sourceId":"id-bb4e11548fa046549b8e737b633d9258","targetId":"id-459f3e52762743b5bea35f359f6a969b","type":"ServingRelationship"},{"id":"id-6e8490891eee49ca921cff3be2924761","sourceId":"id-1fbfd8f143134512bb72510e4fae2c83","targetId":"id-459f3e52762743b5bea35f359f6a969b","type":"ServingRelationship"},{"id":"id-78a9af0bd65c42f38ec4702e1fdb0fdb","sourceId":"id-00bd8c49b5a5434ca5efd76daf2d2ffa","targetId":"id-459f3e52762743b5bea35f359f6a969b","type":"ServingRelationship"},{"id":"id-413b042082cb4431b63e1cda9386f7a0","sourceId":"id-b11b2abd8b0c499aab9802892b289dfa","targetId":"id-0f8d9ef35f96481bb7b39cd3775d7675","type":"CompositionRelationship"},{"id":"id-bd3cbf0b7a554fb386595ff9ced952d6","sourceId":"id-b11b2abd8b0c499aab9802892b289dfa","targetId":"id-18f7093478584cd7891a08c389ce8b5a","type":"CompositionRelationship"},{"id":"id-55a85ce910ee4a4c886429c305568dc5","sourceId":"id-b11b2abd8b0c499aab9802892b289dfa","targetId":"id-6ff9a27e96b047f299e379df48f0716b","type":"CompositionRelationship"},{"id":"id-bdbb536cd34545ac9fdf3bbf485d1420","sourceId":"id-18f7093478584cd7891a08c389ce8b5a","targetId":"id-8ccef3c1ffd54dcf827d85cb3d9f576d","type":"AccessRelationship"},{"id":"id-20332288625d44a49f9d03afc12ba84b","sourceId":"id-8ccef3c1ffd54dcf827d85cb3d9f576d","targetId":"id-6d31d1546ad646e9b634d1239001404b","type":"AssociationRelationship"},{"id":"id-1ae6aad177804e41b9b8d9564e52a046","sourceId":"id-0f8d9ef35f96481bb7b39cd3775d7675","targetId":"id-8ccef3c1ffd54dcf827d85cb3d9f576d","type":"AccessRelationship"},{"id":"id-aa3a11eabf9f4274a36b91d109f229aa","sourceId":"id-8ccef3c1ffd54dcf827d85cb3d9f576d","targetId":"id-d5f6992f1c4448a7b07e05605f5fe890","type":"AssociationRelationship"},{"id":"id-f729977622594e50ab254d98397fe7df","sourceId":"id-8dec84289b5845b89590df5399a9ff7a","targetId":"id-53babb88737446239279c9b4e5f74f21","type":"AssignmentRelationship"},{"id":"id-ba4b85a29a80438b9712b7078af268a6","sourceId":"id-53babb88737446239279c9b4e5f74f21","targetId":"id-0f8d9ef35f96481bb7b39cd3775d7675","type":"AssignmentRelationship"},{"id":"id-2922d038c35746abacb4cf537688ef36","sourceId":"id-b11b2abd8b0c499aab9802892b289dfa","targetId":"id-67dd695e7ee24c58afc409361002e7e6","type":"RealizationRelationship"},{"id":"id-b62f3813e96f48d3b26a24fd88375a17","sourceId":"id-000bf1e652c04d36b7073c0ef75d33bd","targetId":"id-f6e0318896de40ed8ee27e57fe868ffd","type":"AssignmentRelationship"},{"id":"id-44f6d4d5ac714a1692830f01b7bf2b87","sourceId":"id-f6e0318896de40ed8ee27e57fe868ffd","targetId":"id-30a3db74809a42d9a3a18649c2fe9679","type":"AssignmentRelationship"},{"id":"id-244cfa2f13d145878748b1144a88578d","sourceId":"id-6b5104d52a914f5a86ced9454d9d05cb","targetId":"id-e13462b0f0cc4bdaa0055368ad6a3138","type":"AccessRelationship"},{"id":"id-b3daf6ce8fd847ab9231573f3cab0ea6","sourceId":"id-dc68223acaa840e4bcea13891c022339","targetId":"id-e64c2130a22e4421b0b2a75288be4369","type":"AccessRelationship"},{"id":"id-e4a22f6371f8419eb7cb53f0305c96e6","sourceId":"id-f5556ba4d9ee407495f2b407ff19fcc0","targetId":"id-ecb129ddfa6d4807a93a80f3ba66a3ed","type":"AssignmentRelationship"},{"id":"id-9cf3f6abc2c744b588c0e28cd0c9c999","sourceId":"id-ecb129ddfa6d4807a93a80f3ba66a3ed","targetId":"id-5e8b4e228895462b88cb7f3f2c850918","type":"AssignmentRelationship"},{"id":"id-dc41a6fa40a64350b2cc305be9d2b152","sourceId":"id-a077349feda8451ca3ceb3f85ec5a24d","targetId":"id-ea02aaa40bc7427fadd67f7109a78b40","type":"AssignmentRelationship"},{"id":"id-5d99818524774750abee3cd28143ca7d","sourceId":"id-c1e23937bf244e7ba0a63dba62199338","targetId":"id-ea02aaa40bc7427fadd67f7109a78b40","type":"AssignmentRelationship"},{"id":"id-eef706f0d3e84026a9d30bde0a69361e","sourceId":"id-ea02aaa40bc7427fadd67f7109a78b40","targetId":"id-fdb26e6a5c224727b4e0139513878980","type":"AssignmentRelationship"},{"id":"id-7170faee273f45ea92cfa11b14c922e6","sourceId":"id-0f8d9ef35f96481bb7b39cd3775d7675","targetId":"id-6ff9a27e96b047f299e379df48f0716b","type":"TriggeringRelationship"},{"id":"id-8cd485cf3c344878a1e87b964daf009d","sourceId":"id-6ff9a27e96b047f299e379df48f0716b","targetId":"id-18f7093478584cd7891a08c389ce8b5a","type":"TriggeringRelationship"},{"id":"id-505f2842184f4964b4fb464aa8f1f30c","sourceId":"id-61f984fa9bc4427fa0b462f0574ecabb","targetId":"id-1b8984e6027d46968b5326a6f28668a2","type":"RealizationRelationship"},{"id":"id-da8231cd44374dcf9b083dd1e4dac5be","sourceId":"id-ea63bc2a6c1a4813a3228e065a856802","targetId":"id-07b414a80457440d88a409d14f004bc1","type":"AssignmentRelationship"},{"id":"id-f417ec4263d2455b8369659791f6321a","sourceId":"id-77e31926f9b74a7da3ce828d9f7b5d8c","targetId":"id-07b414a80457440d88a409d14f004bc1","type":"AssignmentRelationship"},{"id":"id-8e6446ddee3f4191af34c869b282b2c8","sourceId":"id-a2998b18e1d7495391e14c9690e9a200","targetId":"id-1b8984e6027d46968b5326a6f28668a2","type":"AssignmentRelationship"},{"id":"id-456e8cc00c164f9e847956f9fb7dadfa","sourceId":"id-8dec84289b5845b89590df5399a9ff7a","targetId":"id-67dd695e7ee24c58afc409361002e7e6","type":"AssignmentRelationship"},{"id":"id-d106ed3cfbb54b95b867b38875e1f74e","sourceId":"id-000bf1e652c04d36b7073c0ef75d33bd","targetId":"id-ec7a3fbd302248579bb5572d401511eb","type":"AssignmentRelationship"},{"id":"id-295ce0f6ea044983bfe73caaa9a9ed20","sourceId":"id-f5556ba4d9ee407495f2b407ff19fcc0","targetId":"id-3d1ec025815644438e74e699c2d0ff93","type":"AssignmentRelationship"},{"id":"id-331844991e734928a0367d99bb2a667a","sourceId":"id-9d0df8df018e45ed9911b396f4f803a2","targetId":"id-3d1ec025815644438e74e699c2d0ff93","type":"AssignmentRelationship"},{"id":"id-867d2a6d6c624477bed692614144d54a","sourceId":"id-08b889d56d5a4e18a6bc0d247579da2c","targetId":"id-3d1ec025815644438e74e699c2d0ff93","type":"AssignmentRelationship"},{"id":"id-d6a87047bd4844659f7dd1207631496c","sourceId":"id-77e31926f9b74a7da3ce828d9f7b5d8c","targetId":"id-ea63bc2a6c1a4813a3228e065a856802","type":"AggregationRelationship"},{"id":"id-73ae5da8e5b845c0a1bfc6471dbc8987","sourceId":"id-04070efd1fd7468891d99a7799ae6c33","targetId":"id-c3add5029d384f06971fc1ebbc20820f","type":"AggregationRelationship"},{"id":"id-ccc979f7b4fa4f0ebbd819a7506124f2","sourceId":"id-04070efd1fd7468891d99a7799ae6c33","targetId":"id-054503b05e3640a095663713605a6a22","type":"AggregationRelationship"},{"id":"id-e8545af57c444123a51714f2ee0ed1c4","sourceId":"id-04070efd1fd7468891d99a7799ae6c33","targetId":"id-45a843db1a134de2a29d5631981618b3","type":"AssignmentRelationship"},{"id":"id-e15c9563f93144e1a89a002e1dc29d65","sourceId":"id-054503b05e3640a095663713605a6a22","targetId":"id-45a843db1a134de2a29d5631981618b3","type":"AssignmentRelationship"},{"id":"id-06ce5bf1c507455fa622a3b3006c0a0c","sourceId":"id-c3add5029d384f06971fc1ebbc20820f","targetId":"id-45a843db1a134de2a29d5631981618b3","type":"AssignmentRelationship"},{"id":"id-b8c98ccfa89e45b798a7cde3d3377531","sourceId":"id-c1e23937bf244e7ba0a63dba62199338","targetId":"id-f407507a9a664adca56fa53d51186b4d","type":"AggregationRelationship"},{"id":"id-c5c2ce2444c64d7397eb10c3e5c98b90","sourceId":"id-c1e23937bf244e7ba0a63dba62199338","targetId":"id-a077349feda8451ca3ceb3f85ec5a24d","type":"AggregationRelationship"},{"id":"id-ce217250312e4a9f9e766acd4a84108e","sourceId":"id-08b889d56d5a4e18a6bc0d247579da2c","targetId":"id-000bf1e652c04d36b7073c0ef75d33bd","type":"AggregationRelationship"},{"id":"id-9b0690046bb54b9daff56eaf0f7895b8","sourceId":"id-c1e23937bf244e7ba0a63dba62199338","targetId":"id-76e5c63d7a5d42b39a2449072412b7f3","type":"AssignmentRelationship"},{"id":"id-3f58bf63b4094116a7406ee3ceaa2ee9","sourceId":"id-a077349feda8451ca3ceb3f85ec5a24d","targetId":"id-76e5c63d7a5d42b39a2449072412b7f3","type":"AssignmentRelationship"},{"id":"id-67ed5a4e1ce1486abf87173d1307aa06","sourceId":"id-f407507a9a664adca56fa53d51186b4d","targetId":"id-59d32ae50015497899cd3d907a4fef08","type":"AssignmentRelationship"},{"id":"id-91fac4b3bdf5403d9f044e95f4962e72","sourceId":"id-a077349feda8451ca3ceb3f85ec5a24d","targetId":"id-59d32ae50015497899cd3d907a4fef08","type":"AssignmentRelationship"},{"id":"id-072beb282e6341be9429df3895fd516f","sourceId":"id-08b889d56d5a4e18a6bc0d247579da2c","targetId":"id-9d0df8df018e45ed9911b396f4f803a2","type":"AggregationRelationship"},{"id":"id-e9a13442e28a479ea346c5c635c49fac","sourceId":"id-08b889d56d5a4e18a6bc0d247579da2c","targetId":"id-f5556ba4d9ee407495f2b407ff19fcc0","type":"AggregationRelationship"},{"id":"id-0f117dc41dad41ccb156637c11a35dd1","sourceId":"id-61f984fa9bc4427fa0b462f0574ecabb","targetId":"id-8a8cee09f104434f90a1fdf9502e6e5e","type":"AggregationRelationship"},{"id":"id-9e60cf5bee304ba18e1ee3e667b8f4d0","sourceId":"id-61f984fa9bc4427fa0b462f0574ecabb","targetId":"id-00bd8c49b5a5434ca5efd76daf2d2ffa","type":"AggregationRelationship"},{"id":"id-5412f649b91648f79dfa6efe43f42f00","sourceId":"id-61f984fa9bc4427fa0b462f0574ecabb","targetId":"id-bb4e11548fa046549b8e737b633d9258","type":"AggregationRelationship"},{"id":"id-6bdc9fee893e44e084440234f7bfc09b","sourceId":"id-61f984fa9bc4427fa0b462f0574ecabb","targetId":"id-1fbfd8f143134512bb72510e4fae2c83","type":"AggregationRelationship"},{"id":"id-257f46a39b274174950b96e0218b2adc","sourceId":"id-61f984fa9bc4427fa0b462f0574ecabb","targetId":"id-b11b2abd8b0c499aab9802892b289dfa","type":"AggregationRelationship"},{"id":"id-a7134c5ef82349408ea3615660470530","sourceId":"id-12f2d0c1d08b4fc7809248e1f4b408f0","targetId":"id-d5f6992f1c4448a7b07e05605f5fe890","type":"AssociationRelationship"},{"id":"id-ab5b2f96bd74493d9090d5509c930379","sourceId":"id-610046d15dda4fd08391fd2cbc901779","targetId":"id-1097d76b9a6a409287519a452762938f","type":"AssociationRelationship"},{"id":"id-74f9b66121ce455ca641bc29d9a1afd7","sourceId":"id-a077349feda8451ca3ceb3f85ec5a24d","targetId":"id-610046d15dda4fd08391fd2cbc901779","type":"AccessRelationship"},{"id":"id-3d591a82a08146e3807284ba12473ee5","sourceId":"id-ea63bc2a6c1a4813a3228e065a856802","targetId":"id-e727140b71fe4bda86bfe15f2a679150","type":"AccessRelationship"},{"id":"id-99974e99c7e5482883ffaeee281260c8","sourceId":"id-f5556ba4d9ee407495f2b407ff19fcc0","targetId":"id-e64c2130a22e4421b0b2a75288be4369","type":"AccessRelationship"},{"id":"id-14ba3dbfe0c8432f909562ac52c64269","sourceId":"id-000bf1e652c04d36b7073c0ef75d33bd","targetId":"id-12f2d0c1d08b4fc7809248e1f4b408f0","type":"AccessRelationship"},{"id":"id-678d2daf8e7b4a05a43c86149465c934","sourceId":"id-9d0df8df018e45ed9911b396f4f803a2","targetId":"id-daf82902cd504a12b654896c32aa7185","type":"AccessRelationship"},{"id":"id-f266632a1ddc40a4b6f105ab3263e50d","sourceId":"id-000bf1e652c04d36b7073c0ef75d33bd","targetId":"id-daf82902cd504a12b654896c32aa7185","type":"AccessRelationship"},{"id":"id-71bd57065bb0437d8941021d6638af22","sourceId":"id-9d0df8df018e45ed9911b396f4f803a2","targetId":"id-12f2d0c1d08b4fc7809248e1f4b408f0","type":"AccessRelationship"},{"id":"id-c7dbf0cee49f4fd9841ffe42422461ea","sourceId":"id-054503b05e3640a095663713605a6a22","targetId":"id-dd7725ea23934370a74114c7e3739785","type":"AccessRelationship"},{"id":"id-d67d1ac7a7aa48eabb6394ed71dd40de","sourceId":"id-054503b05e3640a095663713605a6a22","targetId":"id-934f2193a552406bbadaef82f716afaa","type":"AccessRelationship"},{"id":"id-b7ff62c809ca4fdea99b3bf4b8ad5c7e","sourceId":"id-c3add5029d384f06971fc1ebbc20820f","targetId":"id-dd7725ea23934370a74114c7e3739785","type":"AccessRelationship"},{"id":"id-fe363012f3ee4d9c95b9c7db716905ff","sourceId":"id-c3add5029d384f06971fc1ebbc20820f","targetId":"id-934f2193a552406bbadaef82f716afaa","type":"AccessRelationship"},{"id":"id-3d75242527414832af012839f446c9f3","sourceId":"id-f407507a9a664adca56fa53d51186b4d","targetId":"id-610046d15dda4fd08391fd2cbc901779","type":"AccessRelationship"},{"id":"id-01d2115a6728485eb078f27437d61712","sourceId":"id-f407507a9a664adca56fa53d51186b4d","targetId":"id-934f2193a552406bbadaef82f716afaa","type":"AccessRelationship"},{"id":"id-023dd983cb1c402f834ae92c9d06f441","sourceId":"id-ea63bc2a6c1a4813a3228e065a856802","targetId":"id-934f2193a552406bbadaef82f716afaa","type":"AccessRelationship"},{"id":"id-3967705b954d43518e8bc4c62b9a00f7","sourceId":"id-d5f6992f1c4448a7b07e05605f5fe890","targetId":"id-6d31d1546ad646e9b634d1239001404b","type":"SpecializationRelationship"},{"id":"id-bfc8d2bbbc964c50a73c21639c985cb5","sourceId":"id-25f74a9f0d5a4969977fa05f739fd45e","targetId":"id-33e877a113504151bd6f0f5d6f888bad","type":"ServingRelationship"},{"id":"id-01bba0a4c3ba40d6ab220394eb851327","sourceId":"id-a4fd25e3c2c64b8ea4efce6b9e3ccb5c","targetId":"id-c7e824a6227c49dca32b0e633ce8953f","type":"ServingRelationship"},{"id":"id-6a189b9f4c0640daa26b455fdd185d51","sourceId":"id-d5f6992f1c4448a7b07e05605f5fe890","targetId":"id-1454f4fd898543ad9cf34897b55f448c","type":"ServingRelationship"},{"id":"id-dc9ba2ca075c4878a981c6e9f79212a0","sourceId":"id-bcf97430049b4f4a97badd4d260c2cc0","targetId":"id-548eab41220546c0a349ce883ef366b3","type":"ServingRelationship"},{"id":"id-3292012565944caa829ffc1b61a6dc84","sourceId":"id-619c9dcae40f4900abb32f9a16f5cd8b","targetId":"id-bcf97430049b4f4a97badd4d260c2cc0","type":"ServingRelationship"},{"id":"id-1d91723c17814c7d987c74ae2908c103","sourceId":"id-548eab41220546c0a349ce883ef366b3","targetId":"id-bb4e11548fa046549b8e737b633d9258","type":"ServingRelationship"},{"id":"id-dc63cc818b164b309375faffbd33ac2b","sourceId":"id-c7e824a6227c49dca32b0e633ce8953f","targetId":"id-8a8cee09f104434f90a1fdf9502e6e5e","type":"ServingRelationship"},{"id":"id-2aa3297a1fe046c586ddb9fc444bda90","sourceId":"id-5826f8ba85d04b9fb3b1cf3f923862a7","targetId":"id-1fbfd8f143134512bb72510e4fae2c83","type":"ServingRelationship"},{"id":"id-3dff030cc78d48baba7bb1f04671392d","sourceId":"id-1454f4fd898543ad9cf34897b55f448c","targetId":"id-00bd8c49b5a5434ca5efd76daf2d2ffa","type":"ServingRelationship"},{"id":"id-ca49da9862ef439eaa519c47aaade92b","sourceId":"id-5826f8ba85d04b9fb3b1cf3f923862a7","targetId":"id-8a8cee09f104434f90a1fdf9502e6e5e","type":"ServingRelationship"},{"id":"id-a5949dd5f2654a72bee66667e37c88df","sourceId":"id-548eab41220546c0a349ce883ef366b3","targetId":"id-8a8cee09f104434f90a1fdf9502e6e5e","type":"ServingRelationship"},{"id":"id-633e9874ffc04c5f994efa009a77df34","sourceId":"id-33e877a113504151bd6f0f5d6f888bad","targetId":"id-5826f8ba85d04b9fb3b1cf3f923862a7","type":"ServingRelationship"},{"id":"id-2eea8bebb32c452591fcb0ada01a001d","sourceId":"id-d8fbaa81a1d34f4481ab16f2a2a53b0f","targetId":"id-6d31d1546ad646e9b634d1239001404b","type":"AggregationRelationship"},{"id":"id-94c95cf96e5b465ba1b8143a35e27b86","sourceId":"id-d8fbaa81a1d34f4481ab16f2a2a53b0f","targetId":"id-d5f6992f1c4448a7b07e05605f5fe890","type":"AggregationRelationship"},{"id":"id-e25442c8df6549ba8f278217295c90fe","sourceId":"id-d8fbaa81a1d34f4481ab16f2a2a53b0f","targetId":"id-a4fd25e3c2c64b8ea4efce6b9e3ccb5c","type":"AggregationRelationship"},{"id":"id-899f29ff66104f188d62e9d2a32c43b7","sourceId":"id-b3b4aa9c2b3747ef98474854a1e4ff6b","targetId":"id-25f74a9f0d5a4969977fa05f739fd45e","type":"AggregationRelationship"},{"id":"id-3b326fe99b264f05a3e9ddef730f2b01","sourceId":"id-b3b4aa9c2b3747ef98474854a1e4ff6b","targetId":"id-619c9dcae40f4900abb32f9a16f5cd8b","type":"AggregationRelationship"},{"id":"id-ba7d5407c5924f30b9e71db0e112d448","sourceId":"id-d8fbaa81a1d34f4481ab16f2a2a53b0f","targetId":"id-1097d76b9a6a409287519a452762938f","type":"AggregationRelationship"},{"id":"id-7861a3589d474e49b72c1ab0ea512392","sourceId":"id-c7b6e24e3e2e477cb36f6143602f6b9d","targetId":"id-6ec22406d63d4a75ac8b5b35e2594918","type":"ServingRelationship"},{"id":"id-b4fb24743d584216bcd02566feb4f8e8","sourceId":"id-c7b6e24e3e2e477cb36f6143602f6b9d","targetId":"id-237af857881d467489afb3c0711e8eb9","type":"ServingRelationship"},{"id":"id-5ad0d49a0f7f49cb80a6b0889e6fedf9","sourceId":"id-c7b6e24e3e2e477cb36f6143602f6b9d","targetId":"id-b1c5d979dae648bab1c5023c091ee6d6","type":"ServingRelationship"},{"id":"id-715a9478806e4f68965bf3cbb9cc6b23","sourceId":"id-c7b6e24e3e2e477cb36f6143602f6b9d","targetId":"id-35ddd8b0773747468e3b358d67912b61","type":"ServingRelationship"},{"id":"id-ff0b01bd1ea94665abc318cfdbc739cd","sourceId":"id-6ec22406d63d4a75ac8b5b35e2594918","targetId":"id-a077349feda8451ca3ceb3f85ec5a24d","type":"ServingRelationship"},{"id":"id-3d49b0207fc84d3a8b5667893c8a5021","sourceId":"id-237af857881d467489afb3c0711e8eb9","targetId":"id-f5556ba4d9ee407495f2b407ff19fcc0","type":"ServingRelationship"},{"id":"id-93ca91138f454f66b725677e0b267a55","sourceId":"id-b1c5d979dae648bab1c5023c091ee6d6","targetId":"id-ea63bc2a6c1a4813a3228e065a856802","type":"ServingRelationship"},{"id":"id-04776c9d26ac492a8d047cafc04f9bca","sourceId":"id-35ddd8b0773747468e3b358d67912b61","targetId":"id-054503b05e3640a095663713605a6a22","type":"ServingRelationship"},{"id":"id-216aadb04f864510bed82fd99179e209","sourceId":"id-811bf2a42445440c846eecbb2343c750","targetId":"id-4a5a3d6f64384faea071e7afdf066e22","type":"AccessRelationship"},{"id":"id-194486e7fdd34d27b069f83056f060e1","sourceId":"id-57e97f686a154b8297d6a866232aa723","targetId":"id-b1c5d979dae648bab1c5023c091ee6d6","type":"CompositionRelationship"},{"id":"id-4f7062bc72514820b012cc1e23e3f513","sourceId":"id-57e97f686a154b8297d6a866232aa723","targetId":"id-c7b6e24e3e2e477cb36f6143602f6b9d","type":"CompositionRelationship"},{"id":"id-9f3fcc1f42714887a0325fa9a47c5977","sourceId":"id-57e97f686a154b8297d6a866232aa723","targetId":"id-237af857881d467489afb3c0711e8eb9","type":"CompositionRelationship"},{"id":"id-4225f5e5b0dd47fb9b8cbbe877ed052a","sourceId":"id-57e97f686a154b8297d6a866232aa723","targetId":"id-6ec22406d63d4a75ac8b5b35e2594918","type":"CompositionRelationship"},{"id":"id-e60520b222544b548b258ac821dba4de","sourceId":"id-57e97f686a154b8297d6a866232aa723","targetId":"id-35ddd8b0773747468e3b358d67912b61","type":"CompositionRelationship"},{"id":"id-7703ddfc4d974717a105f3d9fde43c93","sourceId":"id-05278a82c12d4fe19278be838cf0ea34","targetId":"id-811bf2a42445440c846eecbb2343c750","type":"CompositionRelationship"},{"id":"id-d6d1d741b2f14b529ea1e35ecbba1457","sourceId":"id-cd4a220f60fe41d3801429c727667416","targetId":"id-4a5a3d6f64384faea071e7afdf066e22","type":"CompositionRelationship"},{"id":"id-b66d493456b8499a9569cef54682b4de","sourceId":"id-6c0607ddeeb54593bf26b23ef217bf53","targetId":"id-0e83bc743b494947a3b86afbb351fc10","type":"CompositionRelationship"},{"id":"id-8d16b218ed0d45eab66e09471a3fd776","sourceId":"id-6c0607ddeeb54593bf26b23ef217bf53","targetId":"id-db7a371e83364cae9bb221c098f69f92","type":"CompositionRelationship"},{"id":"id-96a04ebfd0c4449ab88bcf21a9f3c2d6","sourceId":"id-0e83bc743b494947a3b86afbb351fc10","targetId":"id-c7b6e24e3e2e477cb36f6143602f6b9d","type":"ServingRelationship"},{"id":"id-14c4d48ca1af4b65b87bd884fb222734","sourceId":"id-0e83bc743b494947a3b86afbb351fc10","targetId":"id-db7a371e83364cae9bb221c098f69f92","type":"ServingRelationship"},{"id":"id-59ce0a2a816047a4ae84f7407ad630df","sourceId":"id-811bf2a42445440c846eecbb2343c750","targetId":"id-db7a371e83364cae9bb221c098f69f92","type":"ServingRelationship"},{"id":"id-36aef0c858854aa2ac279a0ef4d39b65","sourceId":"id-db7a371e83364cae9bb221c098f69f92","targetId":"id-c7b6e24e3e2e477cb36f6143602f6b9d","type":"ServingRelationship"},{"id":"id-c2fc8593dd604734805bc14b4b49e4e3","sourceId":"id-6c0607ddeeb54593bf26b23ef217bf53","targetId":"id-1189b8ecdc394e4e8b52da58907509b3","type":"CompositionRelationship"},{"id":"id-f3e1c4cd9fa84d958a2a5f682dcaffee","sourceId":"id-1189b8ecdc394e4e8b52da58907509b3","targetId":"id-811bf2a42445440c846eecbb2343c750","type":"ServingRelationship"},{"id":"id-9fce425bdbc94c0294ad6cbd9867e298","sourceId":"id-1189b8ecdc394e4e8b52da58907509b3","targetId":"id-4a5a3d6f64384faea071e7afdf066e22","type":"AccessRelationship"},{"id":"id-5b7bb7b2fa3b489987b7e03d972a9e11","sourceId":"id-8a8cee09f104434f90a1fdf9502e6e5e","targetId":"id-2ddfa499d4584107ad766db64fcdadbd","type":"CompositionRelationship"},{"id":"id-098f952ae0b641d6b41a73a269fe00c0","sourceId":"id-2ddfa499d4584107ad766db64fcdadbd","targetId":"id-f06a9a6486b34af6a2da086803670288","type":"TriggeringRelationship"},{"id":"id-5171dac1e4e243de89b007c736c4da4d","sourceId":"id-934f2193a552406bbadaef82f716afaa","targetId":"id-365f582bc36a45bf9504e23c783375f5","type":"AssociationRelationship"},{"id":"id-e7bd8b860167486789d69a98a9c8841d","sourceId":"id-8a8cee09f104434f90a1fdf9502e6e5e","targetId":"id-5ae4174cc66e433a8255ac1a3394b23b","type":"CompositionRelationship"},{"id":"id-3c1098b404d94c31af138db839f9e264","sourceId":"id-b6c089f979b74d6491f2c8ab8fbef47c","targetId":"id-5ae4174cc66e433a8255ac1a3394b23b","type":"AssignmentRelationship"},{"id":"id-ead14a2a19c9497683de94d183f479bb","sourceId":"id-7a13f1941c9344f698147969b0339944","targetId":"id-c008332fa99d4a1aa9677da98f2644fe","type":"TriggeringRelationship"},{"id":"id-03e19c63990c44c892871d9fecf93588","sourceId":"id-1ec627fdc0f34af8816fc091cd384363","targetId":"id-5ae4174cc66e433a8255ac1a3394b23b","type":"TriggeringRelationship"},{"id":"id-0ff031cbe12a448ebf9b4b4a5b628ce6","sourceId":"id-8a8cee09f104434f90a1fdf9502e6e5e","targetId":"id-9a7ac36d5b1444b69a8cc3b2cd2cf7bb","type":"CompositionRelationship"},{"id":"id-c5c2b9d8270940e993f8e7b610c0d552","sourceId":"id-c008332fa99d4a1aa9677da98f2644fe","targetId":"id-9a7ac36d5b1444b69a8cc3b2cd2cf7bb","type":"TriggeringRelationship"},{"id":"id-1bdbc37b05b34e73b015b8db2273d934","sourceId":"id-5ae4174cc66e433a8255ac1a3394b23b","targetId":"id-9a7ac36d5b1444b69a8cc3b2cd2cf7bb","type":"TriggeringRelationship"},{"id":"id-271ab34a0e9c4ec7ac022110f0bb025d","sourceId":"id-b1c76dfc6b894a15b07e29337d87c6db","targetId":"id-9af99e90dece4ca88b1e6652474ba79f","type":"AssociationRelationship"},{"id":"id-dad685d53d334cc4a568891b90410445","sourceId":"id-9a7ac36d5b1444b69a8cc3b2cd2cf7bb","targetId":"id-9af99e90dece4ca88b1e6652474ba79f","type":"AccessRelationship"},{"id":"id-ffd0ed16b25946efb23fcaf2e9ee5bb7","sourceId":"id-5ae4174cc66e433a8255ac1a3394b23b","targetId":"id-9af99e90dece4ca88b1e6652474ba79f","type":"AccessRelationship"},{"id":"id-fa69e8808fee4dc5b334a016dae581f8","sourceId":"id-c008332fa99d4a1aa9677da98f2644fe","targetId":"id-9af99e90dece4ca88b1e6652474ba79f","type":"AccessRelationship"},{"id":"id-9dbd2cabb5f2497191f319a0b77ab6d8","sourceId":"id-9a7ac36d5b1444b69a8cc3b2cd2cf7bb","targetId":"id-2ddfa499d4584107ad766db64fcdadbd","type":"TriggeringRelationship"},{"id":"id-b61e97b771aa4887898dd3a76b5f3c5d","sourceId":"id-9a7ac36d5b1444b69a8cc3b2cd2cf7bb","targetId":"id-61bad150474d4ca3b2f43be60dd8114d","type":"TriggeringRelationship"},{"id":"id-50c35cf87aa841f79e395a9b06c5a7c5","sourceId":"id-b11b2abd8b0c499aab9802892b289dfa","targetId":"id-60712ac77e974fdfb115742c7d5efa2c","type":"RealizationRelationship"},{"id":"id-63574c704ac141508dcd8870d24a0152","sourceId":"id-8dec84289b5845b89590df5399a9ff7a","targetId":"id-0dd29873dc1948c9ab0fb60b577a3aca","type":"AssignmentRelationship"},{"id":"id-ac950ed49f114b399256f3ff2e924b18","sourceId":"id-8dec84289b5845b89590df5399a9ff7a","targetId":"id-0a92469e2140421498f3ef88c216f5e6","type":"AssignmentRelationship"},{"id":"id-fcd06e328e934319b2c1db26637a195e","sourceId":"id-75b0aa617f3a4d1e8481c791af68a106","targetId":"id-8716fe72cada49ac8cb650450d117339","type":"TriggeringRelationship"},{"id":"id-50645e1ceca942c29d95ec47609a698a","sourceId":"id-8716fe72cada49ac8cb650450d117339","targetId":"id-8704af93d687470a9b2e5d3930a08dac","type":"AccessRelationship"},{"id":"id-da0c69cd2ada4763a8b819f6c35ee1f7","sourceId":"id-8704af93d687470a9b2e5d3930a08dac","targetId":"id-a2db94248be646658e02b32a90f8c1f4","type":"AssociationRelationship"},{"id":"id-80b303be4bcb4745827d44c66233a7e7","sourceId":"id-b11b2abd8b0c499aab9802892b289dfa","targetId":"id-1c13c535ba3147dd8186fc5e1352af67","type":"CompositionRelationship"},{"id":"id-35e57bda709349c693397d3f815a296d","sourceId":"id-b11b2abd8b0c499aab9802892b289dfa","targetId":"id-337c775d7f84419a852b0efdca7bdc4e","type":"CompositionRelationship"},{"id":"id-0eca5e734a4e447f825a5c4f9e401ecb","sourceId":"id-0dd29873dc1948c9ab0fb60b577a3aca","targetId":"id-337c775d7f84419a852b0efdca7bdc4e","type":"AssignmentRelationship"},{"id":"id-0e156cb71d6f42828b86fbed2aeae7bb","sourceId":"id-337c775d7f84419a852b0efdca7bdc4e","targetId":"id-d040746a93354bf8bcd6c2b28394b7da","type":"TriggeringRelationship"},{"id":"id-770beb568ca94ac7995b436d9efecd82","sourceId":"id-d040746a93354bf8bcd6c2b28394b7da","targetId":"id-8704af93d687470a9b2e5d3930a08dac","type":"AccessRelationship"},{"id":"id-08a6525fe920446badb4d0b67eae64f0","sourceId":"id-0a92469e2140421498f3ef88c216f5e6","targetId":"id-1c13c535ba3147dd8186fc5e1352af67","type":"AssignmentRelationship"},{"id":"id-7639c5cc24954dff92811e16b71c96ce","sourceId":"id-1c13c535ba3147dd8186fc5e1352af67","targetId":"id-8704af93d687470a9b2e5d3930a08dac","type":"AccessRelationship"},{"id":"id-3be9fd9e91f545649343080048ef68be","sourceId":"id-1c13c535ba3147dd8186fc5e1352af67","targetId":"id-f3b5a892cc4047bebea4108d148e1c8f","type":"TriggeringRelationship"},{"id":"id-0689cac29a3d4cf0bdd97d809468fec2","sourceId":"id-dd7725ea23934370a74114c7e3739785","targetId":"id-a2db94248be646658e02b32a90f8c1f4","type":"AssociationRelationship"},{"id":"id-a7db59275a654d769da2c837764bb406","sourceId":"id-e64c2130a22e4421b0b2a75288be4369","targetId":"id-a2db94248be646658e02b32a90f8c1f4","type":"AssociationRelationship"},{"id":"id-82e8ddf841b84641b01052783ded7119","sourceId":"id-e727140b71fe4bda86bfe15f2a679150","targetId":"id-b1c76dfc6b894a15b07e29337d87c6db","type":"AssociationRelationship"},{"id":"id-02f17bce9d9540b0a39c6c4f26f8bd12","sourceId":"id-610046d15dda4fd08391fd2cbc901779","targetId":"id-f555a51fdafe4ef0bd47e5a596e9ec58","type":"AssociationRelationship"},{"id":"id-45982ab0a57f4b5fa832afaebe6b0004","sourceId":"id-daf82902cd504a12b654896c32aa7185","targetId":"id-365f582bc36a45bf9504e23c783375f5","type":"AssociationRelationship"},{"id":"id-da2ff3e441544148a452eeda3f1e21ff","sourceId":"id-12f2d0c1d08b4fc7809248e1f4b408f0","targetId":"id-365f582bc36a45bf9504e23c783375f5","type":"AssociationRelationship"},{"id":"id-2eeac32a435647119d84fed4cea5cda7","sourceId":"id-365f582bc36a45bf9504e23c783375f5","targetId":"id-8704af93d687470a9b2e5d3930a08dac","type":"AccessRelationship"},{"id":"id-13ccfd16ebce41dda9534bd2259bd082","sourceId":"id-b1c76dfc6b894a15b07e29337d87c6db","targetId":"id-00e630880fce4f829eefdf0629e7446f","type":"AssociationRelationship"},{"id":"id-cd90ac68e8774d25acce151fe970d075","sourceId":"id-03eca15b8c65439399cee2acd55a98aa","targetId":"id-bb4e11548fa046549b8e737b633d9258","type":"ServingRelationship"},{"id":"id-6c6679bca84d46d29e3ce3a16237602a","sourceId":"id-03eca15b8c65439399cee2acd55a98aa","targetId":"id-1fbfd8f143134512bb72510e4fae2c83","type":"ServingRelationship"},{"id":"id-1da51a247f6447e682b139f01a6bff80","sourceId":"id-03eca15b8c65439399cee2acd55a98aa","targetId":"id-00bd8c49b5a5434ca5efd76daf2d2ffa","type":"ServingRelationship"},{"id":"id-ff7af790f31a49dabb554ef53673b72f","sourceId":"id-03eca15b8c65439399cee2acd55a98aa","targetId":"id-8a8cee09f104434f90a1fdf9502e6e5e","type":"ServingRelationship"},{"id":"id-83e3707047294c2e8c8acedef229bf88","sourceId":"id-ec3b9939665a44568cfa4595d34b9ac2","targetId":"id-c7b6e24e3e2e477cb36f6143602f6b9d","type":"ServingRelationship"},{"id":"id-15ea5b0fc34443249ba3ae0db854b838","sourceId":"id-4899bfe1b83e4ed0ac1d2c5e7ea54280","targetId":"id-c7b6e24e3e2e477cb36f6143602f6b9d","type":"ServingRelationship"},{"id":"id-2ea5cb95c51e4d569a393fa0dbfb1622","sourceId":"id-672fe82f264d4409819674859294508f","targetId":"id-811bf2a42445440c846eecbb2343c750","type":"ServingRelationship"},{"id":"id-1a930a662a774ead8208042d4c470530","sourceId":"id-672fe82f264d4409819674859294508f","targetId":"id-5a6442cf8f3345399df5a4edf9a689bb","type":"AccessRelationship"},{"id":"id-40cefed7f50e404e8c8fc4ec57e54292","sourceId":"id-811bf2a42445440c846eecbb2343c750","targetId":"id-5a6442cf8f3345399df5a4edf9a689bb","type":"AccessRelationship"},{"id":"id-cf76a667ff124cc3a52cd6a10b1f5633","sourceId":"id-365f582bc36a45bf9504e23c783375f5","targetId":"id-5a6442cf8f3345399df5a4edf9a689bb","type":"AccessRelationship"},{"id":"id-2441a8a896f54bd9a5b1f40fe8ab1d25","sourceId":"id-df91b1646167452ba87aea91e7133dbc","targetId":"id-ec3b9939665a44568cfa4595d34b9ac2","type":"RealizationRelationship"},{"id":"id-bd1e434c5feb45d6819777871cd9ddae","sourceId":"id-df91b1646167452ba87aea91e7133dbc","targetId":"id-4899bfe1b83e4ed0ac1d2c5e7ea54280","type":"RealizationRelationship"},{"id":"id-3aebf7233258407cbf6f3d2d34b34bd6","sourceId":"id-df91b1646167452ba87aea91e7133dbc","targetId":"id-672fe82f264d4409819674859294508f","type":"RealizationRelationship"},{"id":"id-f072637bb02b425cb6edd135a70569e7","sourceId":"id-4899bfe1b83e4ed0ac1d2c5e7ea54280","targetId":"id-811bf2a42445440c846eecbb2343c750","type":"ServingRelationship"},{"id":"id-282cb1fc46904e5a9508e2f523026e14","sourceId":"id-e5daf229ec3c486f8179a572a35857a7","targetId":"id-c7b6e24e3e2e477cb36f6143602f6b9d","type":"RealizationRelationship"},{"id":"id-9c82a5027cae4ad6a890d878599d0ef3","sourceId":"id-e5daf229ec3c486f8179a572a35857a7","targetId":"id-811bf2a42445440c846eecbb2343c750","type":"RealizationRelationship"},{"id":"id-4117ea7628ea4a86bff90c901a2e991e","sourceId":"id-de39afa3af7d4710bd9e6551c08ce633","targetId":"id-bb4e11548fa046549b8e737b633d9258","type":"ServingRelationship"},{"id":"id-43ca77fa60ef4f17bd84816ee56da41a","sourceId":"id-de39afa3af7d4710bd9e6551c08ce633","targetId":"id-1fbfd8f143134512bb72510e4fae2c83","type":"ServingRelationship"},{"id":"id-336c63087d50470a9e9347fbca21d65a","sourceId":"id-de39afa3af7d4710bd9e6551c08ce633","targetId":"id-00bd8c49b5a5434ca5efd76daf2d2ffa","type":"ServingRelationship"},{"id":"id-7020d6bd393c4cee9b0eee8806a19956","sourceId":"id-de39afa3af7d4710bd9e6551c08ce633","targetId":"id-8a8cee09f104434f90a1fdf9502e6e5e","type":"ServingRelationship"},{"id":"id-2159d2d7f109445193e3b628733c8229","sourceId":"id-cea1d2526b8448e68bbc15cf42e17185","targetId":"id-de39afa3af7d4710bd9e6551c08ce633","type":"ServingRelationship"},{"id":"id-165dbd1573244f53a4867d40685f208d","sourceId":"id-df91b1646167452ba87aea91e7133dbc","targetId":"id-cea1d2526b8448e68bbc15cf42e17185","type":"RealizationRelationship"},{"id":"id-7e15fe5406cd4434b014276b88e72f62","sourceId":"id-df91b1646167452ba87aea91e7133dbc","targetId":"id-de39afa3af7d4710bd9e6551c08ce633","type":"RealizationRelationship"},{"id":"id-1f78e5fbb6c44b78810e6fb1803aed90","sourceId":"id-b1c76dfc6b894a15b07e29337d87c6db","targetId":"id-03eca15b8c65439399cee2acd55a98aa","type":"RealizationRelationship"},{"id":"id-d01eb7c4cb0a4ef4a160baccbf3223f0","sourceId":"id-df91b1646167452ba87aea91e7133dbc","targetId":"id-d97e3cfee4164dfa86120eefb5783894","type":"RealizationRelationship"},{"id":"id-b2ab5219780b48fc8d723bf4d3c45cf1","sourceId":"id-d97e3cfee4164dfa86120eefb5783894","targetId":"id-811bf2a42445440c846eecbb2343c750","type":"RealizationRelationship"},{"id":"id-bcb3c115bd7f4577b7193586b93c4aa8","sourceId":"id-8a8cee09f104434f90a1fdf9502e6e5e","targetId":"id-e727140b71fe4bda86bfe15f2a679150","type":"AccessRelationship"},{"id":"id-ca01d3f6d2b0496b9e743013c8a7f67f","sourceId":"id-8a8cee09f104434f90a1fdf9502e6e5e","targetId":"id-934f2193a552406bbadaef82f716afaa","type":"AccessRelationship"},{"id":"id-b1bc333232e04d3385a735b587e3a62e","sourceId":"id-1fbfd8f143134512bb72510e4fae2c83","targetId":"id-934f2193a552406bbadaef82f716afaa","type":"AccessRelationship"},{"id":"id-166d014f064e424a98e9fc82025d072b","sourceId":"id-bb4e11548fa046549b8e737b633d9258","targetId":"id-934f2193a552406bbadaef82f716afaa","type":"AccessRelationship"},{"id":"id-9759f8cf4a004054a249cf2166c91460","sourceId":"id-00bd8c49b5a5434ca5efd76daf2d2ffa","targetId":"id-e64c2130a22e4421b0b2a75288be4369","type":"AccessRelationship"},{"id":"id-a04765e6545e4aeca4eb18ac7e222f35","sourceId":"id-00e630880fce4f829eefdf0629e7446f","targetId":"id-b1c76dfc6b894a15b07e29337d87c6db","type":"AssociationRelationship"},{"id":"id-c9ffe747ac0844af943dfaebe1e841d1","sourceId":"id-00bd8c49b5a5434ca5efd76daf2d2ffa","targetId":"id-2afc7d819a0b4b7fa59d18531e90ae2d","type":"AccessRelationship"},{"id":"id-d1709195706b4040abe2ba33fe473b76","sourceId":"id-00bd8c49b5a5434ca5efd76daf2d2ffa","targetId":"id-e727140b71fe4bda86bfe15f2a679150","type":"AccessRelationship"},{"id":"id-2a0293cd55644a13b43053c4f360b1d0","sourceId":"id-bb4e11548fa046549b8e737b633d9258","targetId":"id-e727140b71fe4bda86bfe15f2a679150","type":"AccessRelationship"},{"id":"id-b30aa83530c34a7da73fd8b1e38802cc","sourceId":"id-1fbfd8f143134512bb72510e4fae2c83","targetId":"id-e727140b71fe4bda86bfe15f2a679150","type":"AccessRelationship"},{"id":"id-4449b5cd8d3344beace7ef560e2adfb6","sourceId":"id-00bd8c49b5a5434ca5efd76daf2d2ffa","targetId":"id-934f2193a552406bbadaef82f716afaa","type":"AccessRelationship"},{"id":"id-1c9efcf0ec4049c98e5e8e76d73df00d","sourceId":"id-365f582bc36a45bf9504e23c783375f5","targetId":"id-caa60d39520f4fd1b7b4d99609bc523a","type":"RealizationRelationship"},{"id":"id-0f0a5af32705438e85354ac91c788a95","sourceId":"id-caa60d39520f4fd1b7b4d99609bc523a","targetId":"id-5a6442cf8f3345399df5a4edf9a689bb","type":"AccessRelationship"},{"id":"id-fb4d2b395c6349449298c710c58604fb","sourceId":"id-b3b4aa9c2b3747ef98474854a1e4ff6b","targetId":"id-a2db94248be646658e02b32a90f8c1f4","type":"AggregationRelationship"},{"id":"id-e192b4fe598f4c31970b63719e1d9117","sourceId":"id-b3b4aa9c2b3747ef98474854a1e4ff6b","targetId":"id-e5daf229ec3c486f8179a572a35857a7","type":"AggregationRelationship"},{"id":"id-f3dcb86a08f74693a78f6c0dcf82f4d1","sourceId":"id-b3b4aa9c2b3747ef98474854a1e4ff6b","targetId":"id-df91b1646167452ba87aea91e7133dbc","type":"AggregationRelationship"},{"id":"id-7b9f1959bc9c444aacfe478a2b9f5af0","sourceId":"id-b3b4aa9c2b3747ef98474854a1e4ff6b","targetId":"id-f555a51fdafe4ef0bd47e5a596e9ec58","type":"AggregationRelationship"},{"id":"id-0ba089be90084b56bf3b64a317f112dd","sourceId":"id-b3b4aa9c2b3747ef98474854a1e4ff6b","targetId":"id-365f582bc36a45bf9504e23c783375f5","type":"AggregationRelationship"},{"id":"id-7dd7622d75214765bcb3f6993ac7b75e","sourceId":"id-3d403b650be4482280ef7b063712b148","targetId":"id-b1c76dfc6b894a15b07e29337d87c6db","type":"AggregationRelationship"},{"id":"id-d7b03af9e5714aefae3cfae9a50d8ea3","sourceId":"id-811bf2a42445440c846eecbb2343c750","targetId":"id-c7b6e24e3e2e477cb36f6143602f6b9d","type":"ServingRelationship"},{"id":"id-dd0ba52acfe94026b4afea655e3abc32","sourceId":"id-c7b6e24e3e2e477cb36f6143602f6b9d","targetId":"id-bb4e11548fa046549b8e737b633d9258","type":"ServingRelationship"},{"id":"id-f8f16e33c83b4a938f5ab95c0ca4a45a","sourceId":"id-c7b6e24e3e2e477cb36f6143602f6b9d","targetId":"id-8a8cee09f104434f90a1fdf9502e6e5e","type":"ServingRelationship"},{"id":"id-061d185539dd499e898d497663031441","sourceId":"id-03eca15b8c65439399cee2acd55a98aa","targetId":"id-00bd8c49b5a5434ca5efd76daf2d2ffa","type":"TriggeringRelationship"},{"id":"id-fd919ab614784fada7deb20bd4c0a204","sourceId":"id-c7b6e24e3e2e477cb36f6143602f6b9d","targetId":"id-00bd8c49b5a5434ca5efd76daf2d2ffa","type":"ServingRelationship"},{"id":"id-32ecdf195ec34f5187c67d6c2bd3c1ae","sourceId":"id-c7b6e24e3e2e477cb36f6143602f6b9d","targetId":"id-1fbfd8f143134512bb72510e4fae2c83","type":"ServingRelationship"},{"id":"id-f761555829dc4378b078712c9246d419","sourceId":"id-de39afa3af7d4710bd9e6551c08ce633","targetId":"id-b31c0cc78197480e8b015eb61b461208","type":"ServingRelationship"}],"views":[{"id":"id-c53d3e2872844c969943b510373b6fc2","name":"OBA - Vue générale de l'entreprise","viewpoint":""},{"id":"id-1ed9510cafba453787ea5a269dacff6c","name":"BBA - Répondre à un client","viewpoint":""},{"id":"id-5147231957aa47a095ba24d479f42a80","name":"BBA - Définir une stratégie commerciale","viewpoint":""},{"id":"id-25e3b542f07646a68d2c47576f7a5f47","name":"BBA - Prospecter des clients","viewpoint":""},{"id":"id-7d5850d3c74e4d2da999066d20a5a5d3","name":"BBA - Enquêter","viewpoint":""},{"id":"id-806968da503940baa0dfb1216a07d0ec","name":"BBA - Etablir un contrat","viewpoint":""},{"id":"id-b8efa6c058d047eb92a27bcb6cfdaaab","name":"BBA - Sauvegarder quotidiennement les données","viewpoint":""},{"id":"id-9c2e87bd621f42b19bd620619520b4d6","name":"BBA - Etablir une facture","viewpoint":""},{"id":"id-ea863a2d33934e709d90e5b22a74becd","name":"BBA - Vendre un produit d'assurance","viewpoint":""},{"id":"id-426f8ac7d39348c282b3a553bb3ecb32","name":"DBA - Cartographie des données","viewpoint":""},{"id":"id-0e5d5a49bd744fdf8c11753b1d2f4800","name":"ABA - Cartographie des applicatifs","viewpoint":""},{"id":"id-4eabc0f649b9463a9460aa49f79991da","name":"TBA - Cartographie de la plateforme technique","viewpoint":""},{"id":"id-746cd584973f4942825f772e508c132b","name":"Protoype - Architecture cible","viewpoint":""},{"id":"id-70ea55c4fd184f5d881234e9792d178e","name":"BTA - Répondre à un client","viewpoint":""},{"id":"id-388b4f49c6b3407e836776b40c1c4ef0","name":"BTA - Contrôle trimestriel de la sauvegarde des données (...)","viewpoint":""},{"id":"id-f8c13a92416f43fcadf1e784fa4ca4fd","name":"ATA - Cartographie des applicatifs","viewpoint":""},{"id":"id-a7465fb1527c428f812fc55d60a1489f","name":"ATA - Diagramme de bénéfices","viewpoint":""},{"id":"id-dcf199819d8249f3bc848e15813d41c6","name":"TTA - Cartographie de la plateforme technique","viewpoint":""},{"id":"id-4efe0985f4fd46c4965516ab9a6f68a6","name":"DTA - Cartographie des données","viewpoint":""},{"id":"id-3c00a10631f04b57acf7a7e8ff6ebda8","name":"DTA - Accès aux données métiers","viewpoint":""},{"id":"id-bb1118f65db640a3ba9f1c98b2ba15de","name":"ATA - P1 - Vue d'ensemble du SI","viewpoint":""},{"id":"id-9902f414bd5341189c5d6011a97536e8","name":"ATA - P2 - Vue d'ensemble du SI","viewpoint":""},{"id":"id-160d3f7bf712423da98b42ce7c66b00e","name":"ATA - P3 - Vue d'ensemble du SI","viewpoint":""},{"id":"id-585670a32c41472a8b36dead7515b5c7","name":"ATA - P4 - Vue d'ensemble du SI","viewpoint":""}]}