<?xml version="1.0" encoding="UTF-8"?><model xmlns="http://www.opengroup.org/xsd/archimate/3.0/" xmlns:xsi="http://www.w3.org/2001/XMLSchema-instance" identifier="_2Y_6IKlUEeqEM7mFKilpXw">  <name xml:lang="en">UASSISTER1920GENAPKLSANIM1810511053</name>  <elements>    <element xsi:type="SystemSoftware" identifier="_2ZJsy6lUEeqEM7mFKilpXw">      <name xml:lang="en">Software</name>      <documentation/>    </element>    <element xsi:type="ApplicationService" identifier="_2ZJszalUEeqEM7mFKilpXw">      <name xml:lang="en">SI Digital Library</name>      <documentation/>    </element>    <element xsi:type="ApplicationService" identifier="_2ZJsz6lUEeqEM7mFKilpXw">      <name xml:lang="en">E – Learning</name>      <documentation/>    </element>    <element xsi:type="ApplicationService" identifier="_2ZJs0alUEeqEM7mFKilpXw">      <name xml:lang="en">SI Mahasiswa</name>      <documentation/>    </element>    <element xsi:type="ApplicationService" identifier="_2ZJs06lUEeqEM7mFKilpXw">      <name xml:lang="en">SI Alumni</name>      <documentation/>    </element>    <element xsi:type="ApplicationService" identifier="_2ZJs1alUEeqEM7mFKilpXw">      <name xml:lang="en">SI PPM</name>      <documentation/>    </element>    <element xsi:type="ApplicationService" identifier="_2ZJs16lUEeqEM7mFKilpXw">      <name xml:lang="en">SI Akuntansi Keuangan</name>      <documentation/>    </element>    <element xsi:type="ApplicationService" identifier="_2ZJs2alUEeqEM7mFKilpXw">      <name xml:lang="en">SI Kepegawaian</name>      <documentation/>    </element>    <element xsi:type="ApplicationService" identifier="_2ZJs26lUEeqEM7mFKilpXw">      <name xml:lang="en">SI Inventori</name>      <documentation/>    </element>    <element xsi:type="ApplicationService" identifier="_2ZJs3alUEeqEM7mFKilpXw">      <name xml:lang="en">SI Administrasi Umum</name>      <documentation/>    </element>    <element xsi:type="ApplicationService" identifier="_2ZJs36lUEeqEM7mFKilpXw">      <name xml:lang="en">SI Unit Bisnis</name>      <documentation/>    </element>    <element xsi:type="ApplicationService" identifier="_2ZJs4alUEeqEM7mFKilpXw">      <name xml:lang="en">SI Kerjasama</name>      <documentation/>    </element>    <element xsi:type="ApplicationService" identifier="_2ZJs46lUEeqEM7mFKilpXw">      <name xml:lang="en">SI Monitoring Data</name>      <documentation/>    </element>    <element xsi:type="ApplicationService" identifier="_2ZJs5alUEeqEM7mFKilpXw">      <name xml:lang="en">SI SATKER</name>      <documentation/>    </element>    <element xsi:type="ApplicationService" identifier="_2ZJs56lUEeqEM7mFKilpXw">      <name xml:lang="en">SI Akademik</name>      <documentation/>    </element>    <element xsi:type="ApplicationService" identifier="_2ZJs6alUEeqEM7mFKilpXw">      <name xml:lang="en">SI Penmaru</name>      <documentation/>    </element>    <element xsi:type="ApplicationComponent" identifier="_2ZJs66lUEeqEM7mFKilpXw">      <name xml:lang="en">Webapp Penmaru - penmaru</name>      <documentation/>    </element>    <element xsi:type="ApplicationComponent" identifier="_2ZJs7alUEeqEM7mFKilpXw">      <name xml:lang="en">DesktopApp Unissys</name>      <documentation/>    </element>    <element xsi:type="ApplicationComponent" identifier="_2ZJs76lUEeqEM7mFKilpXw">      <name xml:lang="en">WebApp Mahasiswa - Simawa</name>      <documentation/>    </element>    <element xsi:type="ApplicationComponent" identifier="_2ZJs8alUEeqEM7mFKilpXw">      <name xml:lang="en">WebApp Alumni - Tracer</name>      <documentation/>    </element>    <element xsi:type="ApplicationComponent" identifier="_2ZJs86lUEeqEM7mFKilpXw">      <name xml:lang="en">Web Moodle 3.0 - Elearning40</name>      <documentation/>    </element>    <element xsi:type="ApplicationComponent" identifier="_2ZJs9alUEeqEM7mFKilpXw">      <name xml:lang="en">Web SLIMS - Library</name>      <documentation/>    </element>    <element xsi:type="ApplicationComponent" identifier="_2ZJs96lUEeqEM7mFKilpXw">      <name xml:lang="en">WebKepegawaian</name>      <documentation/>    </element>    <element xsi:type="ApplicationComponent" identifier="_2ZJs-alUEeqEM7mFKilpXw">      <name xml:lang="en">DesktopApp Akuntansi - Siska</name>      <documentation/>    </element>    <element xsi:type="ApplicationComponent" identifier="_2ZJs-6lUEeqEM7mFKilpXw">      <name xml:lang="en">WebApp Litabmas Simlitabmas</name>      <documentation/>    </element>    <element xsi:type="Node" identifier="_2ZJs_alUEeqEM7mFKilpXw">      <name xml:lang="en">Websvr Penmaru</name>      <documentation/>    </element>    <element xsi:type="TechnologyService" identifier="_2ZJs_6lUEeqEM7mFKilpXw">      <name xml:lang="en">WebBrowser Penmaru</name>      <documentation/>    </element>    <element xsi:type="ApplicationComponent" identifier="_2ZJtAalUEeqEM7mFKilpXw">      <name xml:lang="en">DesktopApp  Penmaru</name>      <documentation/>    </element>    <element xsi:type="ApplicationComponent" identifier="_2ZJtA6lUEeqEM7mFKilpXw">      <name xml:lang="en">Webapp Eprints.org - Repository</name>      <documentation/>    </element>    <element xsi:type="TechnologyService" identifier="_2ZJtBalUEeqEM7mFKilpXw">      <name xml:lang="en">PC Client Unissys</name>      <documentation/>    </element>    <element xsi:type="ApplicationComponent" identifier="_2ZJtB6lUEeqEM7mFKilpXw">      <name xml:lang="en">Webapp Dosen - Dosen</name>      <documentation/>    </element>    <element xsi:type="ApplicationComponent" identifier="_2ZJtCalUEeqEM7mFKilpXw">      <name xml:lang="en">Webapp Akademik - Akademik</name>      <documentation/>    </element>    <element xsi:type="ApplicationComponent" identifier="_2ZJtC6lUEeqEM7mFKilpXw">      <name xml:lang="en">Webapp Mahasiswa - Presma</name>      <documentation/>    </element>    <element xsi:type="ApplicationComponent" identifier="_2ZJtDalUEeqEM7mFKilpXw">      <name xml:lang="en">Webapp Persuratan - Etakah</name>      <documentation/>    </element>    <element xsi:type="ApplicationComponent" identifier="_2ZJtD6lUEeqEM7mFKilpXw">      <name xml:lang="en">Webapp OJS - Ejournal</name>      <documentation/>    </element>    <element xsi:type="ApplicationComponent" identifier="_2ZJtEalUEeqEM7mFKilpXw">      <name xml:lang="en">Webapp OJS - Conference</name>      <documentation/>    </element>    <element xsi:type="ApplicationComponent" identifier="_2ZJtE6lUEeqEM7mFKilpXw">      <name xml:lang="en">Webapp OCS - OCS</name>      <documentation/>    </element>    <element xsi:type="TechnologyService" identifier="_2ZJtFalUEeqEM7mFKilpXw">      <name xml:lang="en">WebBrowser Akademik</name>      <documentation/>    </element>    <element xsi:type="TechnologyService" identifier="_2ZJtF6lUEeqEM7mFKilpXw">      <name xml:lang="en">PC Client Penmaru</name>      <documentation/>    </element>    <element xsi:type="TechnologyService" identifier="_2ZJtGalUEeqEM7mFKilpXw">      <name xml:lang="en">WebBrowser Presma</name>      <documentation/>    </element>    <element xsi:type="TechnologyService" identifier="_2ZJtG6lUEeqEM7mFKilpXw">      <name xml:lang="en">WebBrowser Simawa</name>      <documentation/>    </element>    <element xsi:type="TechnologyService" identifier="_2ZJtHalUEeqEM7mFKilpXw">      <name xml:lang="en">WebBrowser Tracer</name>      <documentation/>    </element>    <element xsi:type="TechnologyService" identifier="_2ZJtH6lUEeqEM7mFKilpXw">      <name xml:lang="en">WebBrowser Elearning40</name>      <documentation/>    </element>    <element xsi:type="TechnologyService" identifier="_2ZJtIalUEeqEM7mFKilpXw">      <name xml:lang="en">WebBrowser Library</name>      <documentation/>    </element>    <element xsi:type="TechnologyService" identifier="_2ZJtI6lUEeqEM7mFKilpXw">      <name xml:lang="en">WebBrowser Repository</name>      <documentation/>    </element>    <element xsi:type="TechnologyService" identifier="_2ZJtJalUEeqEM7mFKilpXw">      <name xml:lang="en">WebBrowser Sevima</name>      <documentation/>    </element>    <element xsi:type="TechnologyService" identifier="_2ZJtJ6lUEeqEM7mFKilpXw">      <name xml:lang="en">WebBrowser Ejournal</name>      <documentation/>    </element>    <element xsi:type="TechnologyService" identifier="_2ZJtKalUEeqEM7mFKilpXw">      <name xml:lang="en">WebBrowser OCS</name>      <documentation/>    </element>    <element xsi:type="TechnologyService" identifier="_2ZJtK6lUEeqEM7mFKilpXw">      <name xml:lang="en">WebBrowser Conference</name>      <documentation/>    </element>    <element xsi:type="TechnologyService" identifier="_2ZJtLalUEeqEM7mFKilpXw">      <name xml:lang="en">PC Siska</name>      <documentation/>    </element>    <element xsi:type="TechnologyService" identifier="_2ZJtL6lUEeqEM7mFKilpXw">      <name xml:lang="en">WebBrowser Etakah</name>      <documentation/>    </element>    <element xsi:type="SystemSoftware" identifier="_2ZJtMalUEeqEM7mFKilpXw">      <name xml:lang="en">PHP 6.x</name>      <documentation/>    </element>    <element xsi:type="SystemSoftware" identifier="_2ZJtM6lUEeqEM7mFKilpXw">      <name xml:lang="en">PHP 7.x</name>      <documentation/>    </element>    <element xsi:type="SystemSoftware" identifier="_2ZJtNalUEeqEM7mFKilpXw">      <name xml:lang="en">Postgresql 8.x</name>      <documentation/>    </element>    <element xsi:type="SystemSoftware" identifier="_2ZJtN6lUEeqEM7mFKilpXw">      <name xml:lang="en">Postgresql 6.x</name>      <documentation/>    </element>    <element xsi:type="Node" identifier="_2ZJtOalUEeqEM7mFKilpXw">      <name xml:lang="en">DBsvr Unisys</name>      <documentation/>    </element>    <element xsi:type="Node" identifier="_2ZKSMalUEeqEM7mFKilpXw">      <name xml:lang="en">Websvr Kemahasiswaan</name>      <documentation/>    </element>    <element xsi:type="Node" identifier="_2ZKSM6lUEeqEM7mFKilpXw">      <name xml:lang="en">Websvr Akademik</name>      <documentation/>    </element>    <element xsi:type="SystemSoftware" identifier="_2ZKSNalUEeqEM7mFKilpXw">      <name xml:lang="en">PHP 7.x</name>      <documentation/>    </element>    <element xsi:type="SystemSoftware" identifier="_2ZKSN6lUEeqEM7mFKilpXw">      <name xml:lang="en">Postgresql 6.x</name>      <documentation/>    </element>    <element xsi:type="Node" identifier="_2ZKSOalUEeqEM7mFKilpXw">      <name xml:lang="en">Websvr Tracer</name>      <documentation/>    </element>    <element xsi:type="SystemSoftware" identifier="_2ZKSO6lUEeqEM7mFKilpXw">      <name xml:lang="en">Python 3.x</name>      <documentation/>    </element>    <element xsi:type="SystemSoftware" identifier="_2ZKSPalUEeqEM7mFKilpXw">      <name xml:lang="en">Postgresql 6.x</name>      <documentation/>    </element>    <element xsi:type="Node" identifier="_2ZKSP6lUEeqEM7mFKilpXw">      <name xml:lang="en">Websvr Tracer</name>      <documentation/>    </element>    <element xsi:type="Node" identifier="_2ZKSQalUEeqEM7mFKilpXw">      <name xml:lang="en">DBsvr Tracer</name>      <documentation/>    </element>    <element xsi:type="SystemSoftware" identifier="_2ZKSQ6lUEeqEM7mFKilpXw">      <name xml:lang="en">PHP 7.x</name>      <documentation/>    </element>    <element xsi:type="SystemSoftware" identifier="_2ZKSRalUEeqEM7mFKilpXw">      <name xml:lang="en">Postgresql 9.x</name>      <documentation/>    </element>    <element xsi:type="Node" identifier="_2ZKSR6lUEeqEM7mFKilpXw">      <name xml:lang="en">Websvr Tracer</name>      <documentation/>    </element>    <element xsi:type="SystemSoftware" identifier="_2ZKSSalUEeqEM7mFKilpXw">      <name xml:lang="en">Postgresql 9.x</name>      <documentation/>    </element>    <element xsi:type="SystemSoftware" identifier="_2ZKSS6lUEeqEM7mFKilpXw">      <name xml:lang="en">PHP 7.x</name>      <documentation/>    </element>    <element xsi:type="Node" identifier="_2ZKSTalUEeqEM7mFKilpXw">      <name xml:lang="en">Websvr Repository</name>      <documentation/>    </element>    <element xsi:type="SystemSoftware" identifier="_2ZKST6lUEeqEM7mFKilpXw">      <name xml:lang="en">PHP 7.x</name>      <documentation/>    </element>    <element xsi:type="SystemSoftware" identifier="_2ZKSUalUEeqEM7mFKilpXw">      <name xml:lang="en">Postgresql 9.x</name>      <documentation/>    </element>    <element xsi:type="Node" identifier="_2ZKSU6lUEeqEM7mFKilpXw">      <name xml:lang="en">Websvr Repository</name>      <documentation/>    </element>    <element xsi:type="SystemSoftware" identifier="_2ZKSValUEeqEM7mFKilpXw">      <name xml:lang="en">PHP 7.x</name>      <documentation/>    </element>    <element xsi:type="SystemSoftware" identifier="_2ZKSV6lUEeqEM7mFKilpXw">      <name xml:lang="en">Postgresql 9.x</name>      <documentation/>    </element>    <element xsi:type="Node" identifier="_2ZKSWalUEeqEM7mFKilpXw">      <name xml:lang="en">Websvr Ejournal</name>      <documentation/>    </element>    <element xsi:type="SystemSoftware" identifier="_2ZKSW6lUEeqEM7mFKilpXw">      <name xml:lang="en">PHP 6.x</name>      <documentation/>    </element>    <element xsi:type="SystemSoftware" identifier="_2ZKSXalUEeqEM7mFKilpXw">      <name xml:lang="en">MySQL 8.x</name>      <documentation/>    </element>    <element xsi:type="Node" identifier="_2ZKSX6lUEeqEM7mFKilpXw">      <name xml:lang="en">Websvr OCS</name>      <documentation/>    </element>    <element xsi:type="SystemSoftware" identifier="_2ZKSYalUEeqEM7mFKilpXw">      <name xml:lang="en">PHP 6.x</name>      <documentation/>    </element>    <element xsi:type="SystemSoftware" identifier="_2ZKSY6lUEeqEM7mFKilpXw">      <name xml:lang="en">MySQL 8.x</name>      <documentation/>    </element>    <element xsi:type="Node" identifier="_2ZKSZalUEeqEM7mFKilpXw">      <name xml:lang="en">Websvr Conference</name>      <documentation/>    </element>    <element xsi:type="SystemSoftware" identifier="_2ZKSZ6lUEeqEM7mFKilpXw">      <name xml:lang="en">MySQL 8.x</name>      <documentation/>    </element>    <element xsi:type="SystemSoftware" identifier="_2ZKSaalUEeqEM7mFKilpXw">      <name xml:lang="en">PHP 6.x</name>      <documentation/>    </element>    <element xsi:type="Node" identifier="_2ZKSa6lUEeqEM7mFKilpXw">      <name xml:lang="en">DBsvr Siska</name>      <documentation/>    </element>    <element xsi:type="SystemSoftware" identifier="_2ZKSbalUEeqEM7mFKilpXw">      <name xml:lang="en">Oracle 9.x</name>      <documentation/>    </element>    <element xsi:type="Node" identifier="_2ZKSb6lUEeqEM7mFKilpXw">      <name xml:lang="en">Websvr Etakah</name>      <documentation/>    </element>    <element xsi:type="SystemSoftware" identifier="_2ZKScalUEeqEM7mFKilpXw">      <name xml:lang="en">MySQL 8.x</name>      <documentation/>    </element>    <element xsi:type="SystemSoftware" identifier="_2ZKSc6lUEeqEM7mFKilpXw">      <name xml:lang="en">PHP 6.x</name>      <documentation/>    </element>    <element xsi:type="BusinessProcess" identifier="_2ZKSdalUEeqEM7mFKilpXw">      <name xml:lang="en">Pelaporan Kesiapan Akreditasi Semester</name>      <documentation/>    </element>    <element xsi:type="BusinessProcess" identifier="_2ZKSd6lUEeqEM7mFKilpXw">      <name xml:lang="en">Pelaporan Ormawa Semester</name>      <documentation/>    </element>    <element xsi:type="BusinessProcess" identifier="_2ZKSealUEeqEM7mFKilpXw">      <name xml:lang="en">Perencanaan Keuangan Bulanan</name>      <documentation/>    </element>    <element xsi:type="BusinessProcess" identifier="_2ZKSe6lUEeqEM7mFKilpXw">      <name xml:lang="en">Pelaporan Keuangan Bulanan</name>      <documentation/>    </element>    <element xsi:type="BusinessProcess" identifier="_2ZKSfalUEeqEM7mFKilpXw">      <name xml:lang="en">Perencanaan Inovasi Semester</name>      <documentation/>    </element>    <element xsi:type="BusinessProcess" identifier="_2ZKSf6lUEeqEM7mFKilpXw">      <name xml:lang="en">Perencanaan Kerjasama Bulanan</name>      <documentation/>    </element>    <element xsi:type="BusinessProcess" identifier="_2ZKSgalUEeqEM7mFKilpXw">      <name xml:lang="en">Pelaporan Akademik Bulanan</name>      <documentation/>    </element>    <element xsi:type="BusinessProcess" identifier="_2ZKSg6lUEeqEM7mFKilpXw">      <name xml:lang="en">Perencanaan  Ormawa Semester</name>      <documentation/>    </element>    <element xsi:type="BusinessProcess" identifier="_2ZKShalUEeqEM7mFKilpXw">      <name xml:lang="en">Perencanaan Akademik Bulanan</name>      <documentation/>    </element>    <element xsi:type="BusinessProcess" identifier="_2ZKSh6lUEeqEM7mFKilpXw">      <name xml:lang="en">Perencanaan Kesiapan Akreditasi Semester</name>      <documentation/>    </element>    <element xsi:type="BusinessProcess" identifier="_2ZKSialUEeqEM7mFKilpXw">      <name xml:lang="en">Pelaporan Inovasi Semester</name>      <documentation/>    </element>    <element xsi:type="BusinessProcess" identifier="_2ZKSi6lUEeqEM7mFKilpXw">      <name xml:lang="en">Pelaporan Kerjasama Bulanan</name>      <documentation/>    </element>    <element xsi:type="ApplicationService" identifier="_2ZKSjalUEeqEM7mFKilpXw">      <name xml:lang="en">Central Authentication 1234567890</name>      <documentation/>    </element>    <element xsi:type="ApplicationComponent" identifier="_2ZKSj6lUEeqEM7mFKilpXw">      <name xml:lang="en">OAuth Server 1234567890</name>      <documentation/>    </element>    <element xsi:type="TechnologyFunction" identifier="_91vOkIwuEDiHutvYZ8Mr4A">      <name xml:lang="en">Function</name>      <documentation/>    </element>  </elements>  <relationships>    <relationship xsi:type="Realization" identifier="_2ZKSkalUEeqEM7mFKilpXw" source="_2ZJs-alUEeqEM7mFKilpXw" target="_2ZJs16lUEeqEM7mFKilpXw">      <name xml:lang="en"/>      <documentation/>    </relationship>    <relationship xsi:type="Realization" identifier="_2ZKSk6lUEeqEM7mFKilpXw" source="_2ZJs9alUEeqEM7mFKilpXw" target="_2ZJszalUEeqEM7mFKilpXw">      <name xml:lang="en"/>      <documentation/>    </relationship>    <relationship xsi:type="Realization" identifier="_2ZKSlalUEeqEM7mFKilpXw" source="_2ZJs86lUEeqEM7mFKilpXw" target="_2ZJsz6lUEeqEM7mFKilpXw">      <name xml:lang="en"/>      <documentation/>    </relationship>    <relationship xsi:type="Realization" identifier="_2ZKSl6lUEeqEM7mFKilpXw" source="_2ZJs8alUEeqEM7mFKilpXw" target="_2ZJs06lUEeqEM7mFKilpXw">      <name xml:lang="en"/>      <documentation/>    </relationship>    <relationship xsi:type="Realization" identifier="_2ZKSmalUEeqEM7mFKilpXw" source="_2ZJs76lUEeqEM7mFKilpXw" target="_2ZJs0alUEeqEM7mFKilpXw">      <name xml:lang="en"/>      <documentation/>    </relationship>    <relationship xsi:type="Realization" identifier="_2ZKSm6lUEeqEM7mFKilpXw" source="_2ZJs66lUEeqEM7mFKilpXw" target="_2ZJs6alUEeqEM7mFKilpXw">      <name xml:lang="en"/>      <documentation/>    </relationship>    <relationship xsi:type="Realization" identifier="_2ZKSnalUEeqEM7mFKilpXw" source="_2ZJtAalUEeqEM7mFKilpXw" target="_2ZJs6alUEeqEM7mFKilpXw">      <name xml:lang="en"/>      <documentation/>    </relationship>    <relationship xsi:type="Realization" identifier="_2ZKSn6lUEeqEM7mFKilpXw" source="_2ZJs-6lUEeqEM7mFKilpXw" target="_2ZJs1alUEeqEM7mFKilpXw">      <name xml:lang="en"/>      <documentation/>    </relationship>    <relationship xsi:type="Realization" identifier="_2ZKSoalUEeqEM7mFKilpXw" source="_2ZJs96lUEeqEM7mFKilpXw" target="_2ZJs2alUEeqEM7mFKilpXw">      <name xml:lang="en"/>      <documentation/>    </relationship>    <relationship xsi:type="Realization" identifier="_2ZKSo6lUEeqEM7mFKilpXw" source="_2ZJtA6lUEeqEM7mFKilpXw" target="_2ZJszalUEeqEM7mFKilpXw">      <name xml:lang="en"/>      <documentation/>    </relationship>    <relationship xsi:type="Realization" identifier="_2ZKSpalUEeqEM7mFKilpXw" source="_2ZJtC6lUEeqEM7mFKilpXw" target="_2ZJs0alUEeqEM7mFKilpXw">      <name xml:lang="en"/>      <documentation/>    </relationship>    <relationship xsi:type="Realization" identifier="_2ZKSp6lUEeqEM7mFKilpXw" source="_2ZJtDalUEeqEM7mFKilpXw" target="_2ZJs3alUEeqEM7mFKilpXw">      <name xml:lang="en"/>      <documentation/>    </relationship>    <relationship xsi:type="Realization" identifier="_2ZKSqalUEeqEM7mFKilpXw" source="_2ZJtCalUEeqEM7mFKilpXw" target="_2ZJs56lUEeqEM7mFKilpXw">      <name xml:lang="en"/>      <documentation/>    </relationship>    <relationship xsi:type="Realization" identifier="_2ZKSq6lUEeqEM7mFKilpXw" source="_2ZJtB6lUEeqEM7mFKilpXw" target="_2ZJs56lUEeqEM7mFKilpXw">      <name xml:lang="en"/>      <documentation/>    </relationship>    <relationship xsi:type="Serving" identifier="_2ZKSralUEeqEM7mFKilpXw" source="_2ZJs_6lUEeqEM7mFKilpXw" target="_2ZJs66lUEeqEM7mFKilpXw">      <name xml:lang="en"/>      <documentation/>    </relationship>    <relationship xsi:type="Serving" identifier="_2ZKSr6lUEeqEM7mFKilpXw" source="_2ZJtFalUEeqEM7mFKilpXw" target="_2ZJtCalUEeqEM7mFKilpXw">      <name xml:lang="en"/>      <documentation/>    </relationship>    <relationship xsi:type="Serving" identifier="_2ZKSsalUEeqEM7mFKilpXw" source="_2ZJtFalUEeqEM7mFKilpXw" target="_2ZJtB6lUEeqEM7mFKilpXw">      <name xml:lang="en"/>      <documentation/>    </relationship>    <relationship xsi:type="Serving" identifier="_2ZKSs6lUEeqEM7mFKilpXw" source="_2ZJtG6lUEeqEM7mFKilpXw" target="_2ZJs76lUEeqEM7mFKilpXw">      <name xml:lang="en"/>      <documentation/>    </relationship>    <relationship xsi:type="Serving" identifier="_2ZKStalUEeqEM7mFKilpXw" source="_2ZJtGalUEeqEM7mFKilpXw" target="_2ZJtC6lUEeqEM7mFKilpXw">      <name xml:lang="en"/>      <documentation/>    </relationship>    <relationship xsi:type="Serving" identifier="_2ZKSt6lUEeqEM7mFKilpXw" source="_2ZJtBalUEeqEM7mFKilpXw" target="_2ZJs7alUEeqEM7mFKilpXw">      <name xml:lang="en"/>      <documentation/>    </relationship>    <relationship xsi:type="Serving" identifier="_2ZKSualUEeqEM7mFKilpXw" source="_2ZJtF6lUEeqEM7mFKilpXw" target="_2ZJtAalUEeqEM7mFKilpXw">      <name xml:lang="en"/>      <documentation/>    </relationship>    <relationship xsi:type="Serving" identifier="_2ZKSu6lUEeqEM7mFKilpXw" source="_2ZJtH6lUEeqEM7mFKilpXw" target="_2ZJs86lUEeqEM7mFKilpXw">      <name xml:lang="en"/>      <documentation/>    </relationship>    <relationship xsi:type="Serving" identifier="_2ZKSvalUEeqEM7mFKilpXw" source="_2ZJtIalUEeqEM7mFKilpXw" target="_2ZJs9alUEeqEM7mFKilpXw">      <name xml:lang="en"/>      <documentation/>    </relationship>    <relationship xsi:type="Serving" identifier="_2ZKSv6lUEeqEM7mFKilpXw" source="_2ZJtI6lUEeqEM7mFKilpXw" target="_2ZJtA6lUEeqEM7mFKilpXw">      <name xml:lang="en"/>      <documentation/>    </relationship>    <relationship xsi:type="Serving" identifier="_2ZKSwalUEeqEM7mFKilpXw" source="_2ZJtJalUEeqEM7mFKilpXw" target="_2ZJs96lUEeqEM7mFKilpXw">      <name xml:lang="en"/>      <documentation/>    </relationship>    <relationship xsi:type="Serving" identifier="_2ZKSw6lUEeqEM7mFKilpXw" source="_2ZJtJalUEeqEM7mFKilpXw" target="_2ZJs-6lUEeqEM7mFKilpXw">      <name xml:lang="en"/>      <documentation/>    </relationship>    <relationship xsi:type="Serving" identifier="_2ZKSxalUEeqEM7mFKilpXw" source="_2ZJtLalUEeqEM7mFKilpXw" target="_2ZJs-alUEeqEM7mFKilpXw">      <name xml:lang="en"/>      <documentation/>    </relationship>    <relationship xsi:type="Serving" identifier="_2ZKSx6lUEeqEM7mFKilpXw" source="_2ZJtK6lUEeqEM7mFKilpXw" target="_2ZJtEalUEeqEM7mFKilpXw">      <name xml:lang="en"/>      <documentation/>    </relationship>    <relationship xsi:type="Serving" identifier="_2ZKSyalUEeqEM7mFKilpXw" source="_2ZJtKalUEeqEM7mFKilpXw" target="_2ZJtE6lUEeqEM7mFKilpXw">      <name xml:lang="en"/>      <documentation/>    </relationship>    <relationship xsi:type="Serving" identifier="_2ZKSy6lUEeqEM7mFKilpXw" source="_2ZJtJ6lUEeqEM7mFKilpXw" target="_2ZJtD6lUEeqEM7mFKilpXw">      <name xml:lang="en"/>      <documentation/>    </relationship>    <relationship xsi:type="Serving" identifier="_2ZKSzalUEeqEM7mFKilpXw" source="_2ZJtL6lUEeqEM7mFKilpXw" target="_2ZJtDalUEeqEM7mFKilpXw">      <name xml:lang="en"/>      <documentation/>    </relationship>    <relationship xsi:type="Aggregation" identifier="_2ZKSz6lUEeqEM7mFKilpXw" source="_2ZJs_alUEeqEM7mFKilpXw" target="_2ZJtMalUEeqEM7mFKilpXw">      <name xml:lang="en"/>      <documentation/>    </relationship>    <relationship xsi:type="Realization" identifier="_2ZKS0alUEeqEM7mFKilpXw" source="_2ZJs_alUEeqEM7mFKilpXw" target="_2ZJs_6lUEeqEM7mFKilpXw">      <name xml:lang="en"/>      <documentation/>    </relationship>    <relationship xsi:type="Aggregation" identifier="_2ZKS06lUEeqEM7mFKilpXw" source="_2ZJtOalUEeqEM7mFKilpXw" target="_2ZJtN6lUEeqEM7mFKilpXw">      <name xml:lang="en"/>      <documentation/>    </relationship>    <relationship xsi:type="Realization" identifier="_2ZKS1alUEeqEM7mFKilpXw" source="_2ZJtOalUEeqEM7mFKilpXw" target="_2ZJtBalUEeqEM7mFKilpXw">      <name xml:lang="en"/>      <documentation/>    </relationship>    <relationship xsi:type="Realization" identifier="_2ZKS16lUEeqEM7mFKilpXw" source="_2ZKSM6lUEeqEM7mFKilpXw" target="_2ZJtFalUEeqEM7mFKilpXw">      <name xml:lang="en"/>      <documentation/>    </relationship>    <relationship xsi:type="Serving" identifier="_2ZKS2alUEeqEM7mFKilpXw" source="_2ZJtOalUEeqEM7mFKilpXw" target="_2ZKSM6lUEeqEM7mFKilpXw">      <name xml:lang="en"/>      <documentation/>    </relationship>    <relationship xsi:type="Aggregation" identifier="_2ZKS26lUEeqEM7mFKilpXw" source="_2ZKSM6lUEeqEM7mFKilpXw" target="_2ZJtM6lUEeqEM7mFKilpXw">      <name xml:lang="en"/>      <documentation/>    </relationship>    <relationship xsi:type="Realization" identifier="_2ZKS3alUEeqEM7mFKilpXw" source="_2ZKSMalUEeqEM7mFKilpXw" target="_2ZJtGalUEeqEM7mFKilpXw">      <name xml:lang="en"/>      <documentation/>    </relationship>    <relationship xsi:type="Aggregation" identifier="_2ZKS36lUEeqEM7mFKilpXw" source="_2ZKSMalUEeqEM7mFKilpXw" target="_2ZKSNalUEeqEM7mFKilpXw">      <name xml:lang="en"/>      <documentation/>    </relationship>    <relationship xsi:type="Serving" identifier="_2ZKS4alUEeqEM7mFKilpXw" source="_2ZJtHalUEeqEM7mFKilpXw" target="_2ZJs8alUEeqEM7mFKilpXw">      <name xml:lang="en"/>      <documentation/>    </relationship>    <relationship xsi:type="Realization" identifier="_2ZKS46lUEeqEM7mFKilpXw" source="_2ZKSOalUEeqEM7mFKilpXw" target="_2ZJtHalUEeqEM7mFKilpXw">      <name xml:lang="en"/>      <documentation/>    </relationship>    <relationship xsi:type="Aggregation" identifier="_2ZKS5alUEeqEM7mFKilpXw" source="_2ZKSOalUEeqEM7mFKilpXw" target="_2ZKSO6lUEeqEM7mFKilpXw">      <name xml:lang="en"/>      <documentation/>    </relationship>    <relationship xsi:type="Realization" identifier="_2ZKS56lUEeqEM7mFKilpXw" source="_2ZKSMalUEeqEM7mFKilpXw" target="_2ZJtG6lUEeqEM7mFKilpXw">      <name xml:lang="en"/>      <documentation/>    </relationship>    <relationship xsi:type="Serving" identifier="_2ZKS6alUEeqEM7mFKilpXw" source="_2ZKSQalUEeqEM7mFKilpXw" target="_2ZKSP6lUEeqEM7mFKilpXw">      <name xml:lang="en"/>      <documentation/>    </relationship>    <relationship xsi:type="Aggregation" identifier="_2ZKS66lUEeqEM7mFKilpXw" source="_2ZKSP6lUEeqEM7mFKilpXw" target="_2ZKSQ6lUEeqEM7mFKilpXw">      <name xml:lang="en"/>      <documentation/>    </relationship>    <relationship xsi:type="Aggregation" identifier="_2ZKS7alUEeqEM7mFKilpXw" source="_2ZKSQalUEeqEM7mFKilpXw" target="_2ZKSRalUEeqEM7mFKilpXw">      <name xml:lang="en"/>      <documentation/>    </relationship>    <relationship xsi:type="Realization" identifier="_2ZKS76lUEeqEM7mFKilpXw" source="_2ZKSP6lUEeqEM7mFKilpXw" target="_2ZJtH6lUEeqEM7mFKilpXw">      <name xml:lang="en"/>      <documentation/>    </relationship>    <relationship xsi:type="Realization" identifier="_2ZKS8alUEeqEM7mFKilpXw" source="_2ZJs_alUEeqEM7mFKilpXw" target="_2ZJtF6lUEeqEM7mFKilpXw">      <name xml:lang="en"/>      <documentation/>    </relationship>    <relationship xsi:type="Aggregation" identifier="_2ZKS86lUEeqEM7mFKilpXw" source="_2ZJs_alUEeqEM7mFKilpXw" target="_2ZJtNalUEeqEM7mFKilpXw">      <name xml:lang="en"/>      <documentation/>    </relationship>    <relationship xsi:type="Aggregation" identifier="_2ZKS9alUEeqEM7mFKilpXw" source="_2ZKSMalUEeqEM7mFKilpXw" target="_2ZKSN6lUEeqEM7mFKilpXw">      <name xml:lang="en"/>      <documentation/>    </relationship>    <relationship xsi:type="Aggregation" identifier="_2ZKS96lUEeqEM7mFKilpXw" source="_2ZKSOalUEeqEM7mFKilpXw" target="_2ZKSPalUEeqEM7mFKilpXw">      <name xml:lang="en"/>      <documentation/>    </relationship>    <relationship xsi:type="Realization" identifier="_2ZKS-alUEeqEM7mFKilpXw" source="_2ZKSR6lUEeqEM7mFKilpXw" target="_2ZJtIalUEeqEM7mFKilpXw">      <name xml:lang="en"/>      <documentation/>    </relationship>    <relationship xsi:type="Aggregation" identifier="_2ZKS-6lUEeqEM7mFKilpXw" source="_2ZKSR6lUEeqEM7mFKilpXw" target="_2ZKSS6lUEeqEM7mFKilpXw">      <name xml:lang="en"/>      <documentation/>    </relationship>    <relationship xsi:type="Aggregation" identifier="_2ZKS_alUEeqEM7mFKilpXw" source="_2ZKSR6lUEeqEM7mFKilpXw" target="_2ZKSSalUEeqEM7mFKilpXw">      <name xml:lang="en"/>      <documentation/>    </relationship>    <relationship xsi:type="Aggregation" identifier="_2ZKS_6lUEeqEM7mFKilpXw" source="_2ZKSTalUEeqEM7mFKilpXw" target="_2ZKST6lUEeqEM7mFKilpXw">      <name xml:lang="en"/>      <documentation/>    </relationship>    <relationship xsi:type="Aggregation" identifier="_2ZKTAalUEeqEM7mFKilpXw" source="_2ZKSTalUEeqEM7mFKilpXw" target="_2ZKSUalUEeqEM7mFKilpXw">      <name xml:lang="en"/>      <documentation/>    </relationship>    <relationship xsi:type="Realization" identifier="_2ZKTA6lUEeqEM7mFKilpXw" source="_2ZKSTalUEeqEM7mFKilpXw" target="_2ZJtI6lUEeqEM7mFKilpXw">      <name xml:lang="en"/>      <documentation/>    </relationship>    <relationship xsi:type="Aggregation" identifier="_2ZKTBalUEeqEM7mFKilpXw" source="_2ZKSU6lUEeqEM7mFKilpXw" target="_2ZKSValUEeqEM7mFKilpXw">      <name xml:lang="en"/>      <documentation/>    </relationship>    <relationship xsi:type="Aggregation" identifier="_2ZKTB6lUEeqEM7mFKilpXw" source="_2ZKSU6lUEeqEM7mFKilpXw" target="_2ZKSV6lUEeqEM7mFKilpXw">      <name xml:lang="en"/>      <documentation/>    </relationship>    <relationship xsi:type="Realization" identifier="_2ZKTCalUEeqEM7mFKilpXw" source="_2ZKSU6lUEeqEM7mFKilpXw" target="_2ZJtJalUEeqEM7mFKilpXw">      <name xml:lang="en"/>      <documentation/>    </relationship>    <relationship xsi:type="Aggregation" identifier="_2ZKTC6lUEeqEM7mFKilpXw" source="_2ZKSWalUEeqEM7mFKilpXw" target="_2ZKSW6lUEeqEM7mFKilpXw">      <name xml:lang="en"/>      <documentation/>    </relationship>    <relationship xsi:type="Aggregation" identifier="_2ZKTDalUEeqEM7mFKilpXw" source="_2ZKSWalUEeqEM7mFKilpXw" target="_2ZKSXalUEeqEM7mFKilpXw">      <name xml:lang="en"/>      <documentation/>    </relationship>    <relationship xsi:type="Aggregation" identifier="_2ZKTD6lUEeqEM7mFKilpXw" source="_2ZKSX6lUEeqEM7mFKilpXw" target="_2ZKSYalUEeqEM7mFKilpXw">      <name xml:lang="en"/>      <documentation/>    </relationship>    <relationship xsi:type="Aggregation" identifier="_2ZKTEalUEeqEM7mFKilpXw" source="_2ZKSX6lUEeqEM7mFKilpXw" target="_2ZKSY6lUEeqEM7mFKilpXw">      <name xml:lang="en"/>      <documentation/>    </relationship>    <relationship xsi:type="Aggregation" identifier="_2ZKTE6lUEeqEM7mFKilpXw" source="_2ZKSZalUEeqEM7mFKilpXw" target="_2ZKSaalUEeqEM7mFKilpXw">      <name xml:lang="en"/>      <documentation/>    </relationship>    <relationship xsi:type="Aggregation" identifier="_2ZKTFalUEeqEM7mFKilpXw" source="_2ZKSZalUEeqEM7mFKilpXw" target="_2ZKSZ6lUEeqEM7mFKilpXw">      <name xml:lang="en"/>      <documentation/>    </relationship>    <relationship xsi:type="Realization" identifier="_2ZKTF6lUEeqEM7mFKilpXw" source="_2ZKSZalUEeqEM7mFKilpXw" target="_2ZJtK6lUEeqEM7mFKilpXw">      <name xml:lang="en"/>      <documentation/>    </relationship>    <relationship xsi:type="Realization" identifier="_2ZKTGalUEeqEM7mFKilpXw" source="_2ZKSX6lUEeqEM7mFKilpXw" target="_2ZJtKalUEeqEM7mFKilpXw">      <name xml:lang="en"/>      <documentation/>    </relationship>    <relationship xsi:type="Realization" identifier="_2ZKTG6lUEeqEM7mFKilpXw" source="_2ZKSWalUEeqEM7mFKilpXw" target="_2ZJtJ6lUEeqEM7mFKilpXw">      <name xml:lang="en"/>      <documentation/>    </relationship>    <relationship xsi:type="Aggregation" identifier="_2ZKTHalUEeqEM7mFKilpXw" source="_2ZKSa6lUEeqEM7mFKilpXw" target="_2ZKSbalUEeqEM7mFKilpXw">      <name xml:lang="en"/>      <documentation/>    </relationship>    <relationship xsi:type="Realization" identifier="_2ZKTH6lUEeqEM7mFKilpXw" source="_2ZKSa6lUEeqEM7mFKilpXw" target="_2ZJtLalUEeqEM7mFKilpXw">      <name xml:lang="en"/>      <documentation/>    </relationship>    <relationship xsi:type="Realization" identifier="_2ZKTIalUEeqEM7mFKilpXw" source="_2ZJtD6lUEeqEM7mFKilpXw" target="_2ZJs1alUEeqEM7mFKilpXw">      <name xml:lang="en"/>      <documentation/>    </relationship>    <relationship xsi:type="Aggregation" identifier="_2ZKTI6lUEeqEM7mFKilpXw" source="_2ZKSb6lUEeqEM7mFKilpXw" target="_2ZKSc6lUEeqEM7mFKilpXw">      <name xml:lang="en"/>      <documentation/>    </relationship>    <relationship xsi:type="Aggregation" identifier="_2ZKTJalUEeqEM7mFKilpXw" source="_2ZKSb6lUEeqEM7mFKilpXw" target="_2ZKScalUEeqEM7mFKilpXw">      <name xml:lang="en"/>      <documentation/>    </relationship>    <relationship xsi:type="Realization" identifier="_2ZKTJ6lUEeqEM7mFKilpXw" source="_2ZKSb6lUEeqEM7mFKilpXw" target="_2ZJtL6lUEeqEM7mFKilpXw">      <name xml:lang="en"/>      <documentation/>    </relationship>    <relationship xsi:type="Serving" identifier="_2ZKTKalUEeqEM7mFKilpXw" source="_2ZJs6alUEeqEM7mFKilpXw" target="_2ZKSdalUEeqEM7mFKilpXw">      <name xml:lang="en"/>      <documentation/>    </relationship>    <relationship xsi:type="Serving" identifier="_2ZKTK6lUEeqEM7mFKilpXw" source="_2ZJs56lUEeqEM7mFKilpXw" target="_2ZKSdalUEeqEM7mFKilpXw">      <name xml:lang="en"/>      <documentation/>    </relationship>    <relationship xsi:type="Serving" identifier="_2ZKTLalUEeqEM7mFKilpXw" source="_2ZJs0alUEeqEM7mFKilpXw" target="_2ZKSdalUEeqEM7mFKilpXw">      <name xml:lang="en"/>      <documentation/>    </relationship>    <relationship xsi:type="Serving" identifier="_2ZKTL6lUEeqEM7mFKilpXw" source="_2ZJs06lUEeqEM7mFKilpXw" target="_2ZKSdalUEeqEM7mFKilpXw">      <name xml:lang="en"/>      <documentation/>    </relationship>    <relationship xsi:type="Serving" identifier="_2ZKTMalUEeqEM7mFKilpXw" source="_2ZJsz6lUEeqEM7mFKilpXw" target="_2ZKSdalUEeqEM7mFKilpXw">      <name xml:lang="en"/>      <documentation/>    </relationship>    <relationship xsi:type="Serving" identifier="_2ZKTM6lUEeqEM7mFKilpXw" source="_2ZJszalUEeqEM7mFKilpXw" target="_2ZKSdalUEeqEM7mFKilpXw">      <name xml:lang="en"/>      <documentation/>    </relationship>    <relationship xsi:type="Serving" identifier="_2ZKTNalUEeqEM7mFKilpXw" source="_2ZJs2alUEeqEM7mFKilpXw" target="_2ZKSdalUEeqEM7mFKilpXw">      <name xml:lang="en"/>      <documentation/>    </relationship>    <relationship xsi:type="Serving" identifier="_2ZKTN6lUEeqEM7mFKilpXw" source="_2ZJs1alUEeqEM7mFKilpXw" target="_2ZKSdalUEeqEM7mFKilpXw">      <name xml:lang="en"/>      <documentation/>    </relationship>    <relationship xsi:type="Serving" identifier="_2ZKTOalUEeqEM7mFKilpXw" source="_2ZJs16lUEeqEM7mFKilpXw" target="_2ZKSdalUEeqEM7mFKilpXw">      <name xml:lang="en"/>      <documentation/>    </relationship>    <relationship xsi:type="Serving" identifier="_2ZKTO6lUEeqEM7mFKilpXw" source="_2ZJs3alUEeqEM7mFKilpXw" target="_2ZKSdalUEeqEM7mFKilpXw">      <name xml:lang="en"/>      <documentation/>    </relationship>    <relationship xsi:type="Serving" identifier="_2ZKTPalUEeqEM7mFKilpXw" source="_2ZJs26lUEeqEM7mFKilpXw" target="_2ZKSdalUEeqEM7mFKilpXw">      <name xml:lang="en"/>      <documentation/>    </relationship>    <relationship xsi:type="Serving" identifier="_2ZKTP6lUEeqEM7mFKilpXw" source="_2ZJs4alUEeqEM7mFKilpXw" target="_2ZKSdalUEeqEM7mFKilpXw">      <name xml:lang="en"/>      <documentation/>    </relationship>    <relationship xsi:type="Serving" identifier="_2ZKTQalUEeqEM7mFKilpXw" source="_2ZJs36lUEeqEM7mFKilpXw" target="_2ZKSdalUEeqEM7mFKilpXw">      <name xml:lang="en"/>      <documentation/>    </relationship>    <relationship xsi:type="Realization" identifier="_2ZKTQ6lUEeqEM7mFKilpXw" source="_2ZJtE6lUEeqEM7mFKilpXw" target="_2ZJs1alUEeqEM7mFKilpXw">      <name xml:lang="en"/>      <documentation/>    </relationship>    <relationship xsi:type="Realization" identifier="_2ZKTRalUEeqEM7mFKilpXw" source="_2ZJtEalUEeqEM7mFKilpXw" target="_2ZJs1alUEeqEM7mFKilpXw">      <name xml:lang="en"/>      <documentation/>    </relationship>    <relationship xsi:type="Serving" identifier="_2ZKTR6lUEeqEM7mFKilpXw" source="_2ZJs46lUEeqEM7mFKilpXw" target="_2ZKSdalUEeqEM7mFKilpXw">      <name xml:lang="en"/>      <documentation/>    </relationship>    <relationship xsi:type="Serving" identifier="_2ZKTSalUEeqEM7mFKilpXw" source="_2ZJs5alUEeqEM7mFKilpXw" target="_2ZKSdalUEeqEM7mFKilpXw">      <name xml:lang="en"/>      <documentation/>    </relationship>    <relationship xsi:type="Realization" identifier="_2ZKTS6lUEeqEM7mFKilpXw" source="_2ZKSj6lUEeqEM7mFKilpXw" target="_2ZKSjalUEeqEM7mFKilpXw">      <name xml:lang="en"/>      <documentation/>    </relationship>    <relationship xsi:type="Realization" identifier="_87X-sYuXEDiT8vZ-18VQgA" source="_2ZKSj6lUEeqEM7mFKilpXw" target="_2ZKSj6lUEeqEM7mFKilpXw">      <name xml:lang="en"/>      <documentation/>    </relationship>    <relationship xsi:type="Realization" identifier="_-dUSkouXEDiT8vZ-18VQgA" source="_2ZJtB6lUEeqEM7mFKilpXw" target="_2ZKSj6lUEeqEM7mFKilpXw">      <name xml:lang="en"/>      <documentation/>    </relationship>    <relationship xsi:type="Realization" identifier="__l-jwouXEDiT8vZ-18VQgA" source="_2ZJs7alUEeqEM7mFKilpXw" target="_2ZKSj6lUEeqEM7mFKilpXw">      <name xml:lang="en"/>      <documentation/>    </relationship>    <relationship xsi:type="Realization" identifier="_C-uBM4uYEDiT8vZ-18VQgA" source="_2ZJtC6lUEeqEM7mFKilpXw" target="_2ZKSj6lUEeqEM7mFKilpXw">      <name xml:lang="en"/>      <documentation/>    </relationship>    <relationship xsi:type="Realization" identifier="_OtiYwIuYEDiT8vZ-18VQgA" source="_2ZJs76lUEeqEM7mFKilpXw" target="_2ZKSj6lUEeqEM7mFKilpXw">      <name xml:lang="en"/>      <documentation/>    </relationship>    <relationship xsi:type="Realization" identifier="_QLXosIuYEDiT8vZ-18VQgA" source="_2ZJs8alUEeqEM7mFKilpXw" target="_2ZKSj6lUEeqEM7mFKilpXw">      <name xml:lang="en"/>      <documentation/>    </relationship>    <relationship xsi:type="Realization" identifier="_Uk4moIuYEDiT8vZ-18VQgA" source="_2ZKSj6lUEeqEM7mFKilpXw" target="_2ZJtB6lUEeqEM7mFKilpXw">      <name xml:lang="en"/>      <documentation/>    </relationship>    <relationship xsi:type="Realization" identifier="_5FDigIuZEDicE5oekKh3YQ" source="_2ZKSj6lUEeqEM7mFKilpXw" target="_2ZJs7alUEeqEM7mFKilpXw">      <name xml:lang="en"/>      <documentation/>    </relationship>    <relationship xsi:type="Realization" identifier="_wPSHUIwrEDiHutvYZ8Mr4A" source="_2ZKSj6lUEeqEM7mFKilpXw" target="_2ZJs8alUEeqEM7mFKilpXw">      <name xml:lang="en"/>      <documentation/>    </relationship>    <relationship xsi:type="Realization" identifier="_yovSAIwrEDiHutvYZ8Mr4A" source="_2ZJs86lUEeqEM7mFKilpXw" target="_2ZKSj6lUEeqEM7mFKilpXw">      <name xml:lang="en"/>      <documentation/>    </relationship>    <relationship xsi:type="Realization" identifier="_0R190owrEDiHutvYZ8Mr4A" source="_2ZKSj6lUEeqEM7mFKilpXw" target="_2ZJs86lUEeqEM7mFKilpXw">      <name xml:lang="en"/>      <documentation/>    </relationship>    <relationship xsi:type="Serving" identifier="_PcwagYwtEDiHutvYZ8Mr4A" source="_2ZKSh6lUEeqEM7mFKilpXw" target="_2ZKSdalUEeqEM7mFKilpXw">      <name xml:lang="en"/>      <documentation/>    </relationship>    <relationship xsi:type="Serving" identifier="_YjA0YIwtEDiHutvYZ8Mr4A" source="_2ZJs3alUEeqEM7mFKilpXw" target="_2ZKSe6lUEeqEM7mFKilpXw">      <name xml:lang="en"/>      <documentation/>    </relationship>    <relationship xsi:type="Triggering" identifier="_aOwkgowtEDiHutvYZ8Mr4A" source="_2ZKSealUEeqEM7mFKilpXw" target="_2ZKSe6lUEeqEM7mFKilpXw">      <name xml:lang="en"/>      <documentation/>    </relationship>    <relationship xsi:type="Serving" identifier="_eFeXYowtEDiHutvYZ8Mr4A" source="_2ZKShalUEeqEM7mFKilpXw" target="_2ZKSgalUEeqEM7mFKilpXw">      <name xml:lang="en"/>      <documentation/>    </relationship>    <relationship xsi:type="Serving" identifier="_gAU6gYwtEDiHutvYZ8Mr4A" source="_2ZKSgalUEeqEM7mFKilpXw" target="_2ZKSdalUEeqEM7mFKilpXw">      <name xml:lang="en"/>      <documentation/>    </relationship>    <relationship xsi:type="Serving" identifier="_iMiTYYwtEDiHutvYZ8Mr4A" source="_2ZKSg6lUEeqEM7mFKilpXw" target="_2ZKSd6lUEeqEM7mFKilpXw">      <name xml:lang="en"/>      <documentation/>    </relationship>    <relationship xsi:type="Serving" identifier="_qsErgIwtEDiHutvYZ8Mr4A" source="_2ZKSfalUEeqEM7mFKilpXw" target="_2ZKSialUEeqEM7mFKilpXw">      <name xml:lang="en"/>      <documentation/>    </relationship>    <relationship xsi:type="Serving" identifier="__8YncIwtEDiHutvYZ8Mr4A" source="_2ZJs1alUEeqEM7mFKilpXw" target="_2ZKSialUEeqEM7mFKilpXw">      <name xml:lang="en"/>      <documentation/>    </relationship>    <relationship xsi:type="Serving" identifier="_LiP3UIwuEDiHutvYZ8Mr4A" source="_2ZJs4alUEeqEM7mFKilpXw" target="_2ZKSi6lUEeqEM7mFKilpXw">      <name xml:lang="en"/>      <documentation/>    </relationship>    <relationship xsi:type="Serving" identifier="_SXAvsYwuEDiHutvYZ8Mr4A" source="_2ZJs36lUEeqEM7mFKilpXw" target="_2ZKSd6lUEeqEM7mFKilpXw">      <name xml:lang="en"/>      <documentation/>    </relationship>    <relationship xsi:type="Serving" identifier="__icykIwvEDiHutvYZ8Mr4A" source="_2ZKSf6lUEeqEM7mFKilpXw" target="_2ZKSi6lUEeqEM7mFKilpXw">      <name xml:lang="en"/>      <documentation/>    </relationship>    <relationship xsi:type="Serving" identifier="_M1CqAIwwEDiHutvYZ8Mr4A" source="_2ZJsz6lUEeqEM7mFKilpXw" target="_2ZKSgalUEeqEM7mFKilpXw">      <name xml:lang="en"/>      <documentation/>    </relationship>    <relationship xsi:type="Serving" identifier="_PrUTkYwwEDiHutvYZ8Mr4A" source="_2ZJs0alUEeqEM7mFKilpXw" target="_2ZKSgalUEeqEM7mFKilpXw">      <name xml:lang="en"/>      <documentation/>    </relationship>  </relationships>  <views>    <diagrams>      <view identifier="_2ZIdAKlUEeqEM7mFKilpXw">        <name xml:lang="en">ApplicationComponents</name>        <node xsi:type="Element" identifier="_2ZIdAqlUEeqEM7mFKilpXw" h="40" w="130" x="470" y="868" elementRef="_2ZJszalUEeqEM7mFKilpXw"/>        <node xsi:type="Element" identifier="_2ZIdA6lUEeqEM7mFKilpXw" h="40" w="144" x="456" y="769" elementRef="_2ZJsz6lUEeqEM7mFKilpXw"/>        <node xsi:type="Element" identifier="_2ZIdBKlUEeqEM7mFKilpXw" h="30" w="134" x="466" y="525" elementRef="_2ZJs0alUEeqEM7mFKilpXw"/>        <node xsi:type="Element" identifier="_2ZIdBalUEeqEM7mFKilpXw" h="30" w="144" x="456" y="688" elementRef="_2ZJs06lUEeqEM7mFKilpXw"/>        <node xsi:type="Element" identifier="_2ZIdBqlUEeqEM7mFKilpXw" h="40" w="130" x="470" y="1091" elementRef="_2ZJs1alUEeqEM7mFKilpXw"/>        <node xsi:type="Element" identifier="_2ZIdB6lUEeqEM7mFKilpXw" h="40" w="130" x="476" y="1377" elementRef="_2ZJs16lUEeqEM7mFKilpXw"/>        <node xsi:type="Element" identifier="_2ZIdCKlUEeqEM7mFKilpXw" h="40" w="130" x="470" y="993" elementRef="_2ZJs2alUEeqEM7mFKilpXw"/>        <node xsi:type="Element" identifier="_2ZIdCalUEeqEM7mFKilpXw" h="40" w="130" x="489" y="1576" elementRef="_2ZJs26lUEeqEM7mFKilpXw"/>        <node xsi:type="Element" identifier="_2ZIdCqlUEeqEM7mFKilpXw" h="40" w="130" x="489" y="1472" elementRef="_2ZJs3alUEeqEM7mFKilpXw"/>        <node xsi:type="Element" identifier="_2ZIdC6lUEeqEM7mFKilpXw" h="40" w="130" x="493" y="1889" elementRef="_2ZJs36lUEeqEM7mFKilpXw"/>        <node xsi:type="Element" identifier="_2ZIdDKlUEeqEM7mFKilpXw" h="40" w="130" x="493" y="1812" elementRef="_2ZJs4alUEeqEM7mFKilpXw"/>        <node xsi:type="Element" identifier="_2ZIdDalUEeqEM7mFKilpXw" h="40" w="130" x="493" y="1650" elementRef="_2ZJs46lUEeqEM7mFKilpXw"/>        <node xsi:type="Element" identifier="_2ZIdDqlUEeqEM7mFKilpXw" h="40" w="130" x="493" y="1731" elementRef="_2ZJs5alUEeqEM7mFKilpXw"/>        <node xsi:type="Element" identifier="_2ZIdD6lUEeqEM7mFKilpXw" h="40" w="130" x="470" y="214" elementRef="_2ZJs56lUEeqEM7mFKilpXw"/>        <node xsi:type="Element" identifier="_2ZIdEKlUEeqEM7mFKilpXw" h="40" w="130" x="470" y="39" elementRef="_2ZJs6alUEeqEM7mFKilpXw"/>        <node xsi:type="Element" identifier="_2ZIdEalUEeqEM7mFKilpXw" h="40" w="130" x="721" y="29" elementRef="_2ZJs66lUEeqEM7mFKilpXw"/>        <node xsi:type="Element" identifier="_2ZIdEqlUEeqEM7mFKilpXw" h="50" w="130" x="721" y="376" elementRef="_2ZJs7alUEeqEM7mFKilpXw"/>        <node xsi:type="Element" identifier="_2ZIdE6lUEeqEM7mFKilpXw" h="50" w="130" x="721" y="554" elementRef="_2ZJs76lUEeqEM7mFKilpXw"/>        <node xsi:type="Element" identifier="_2ZIdFKlUEeqEM7mFKilpXw" h="50" w="130" x="721" y="640" elementRef="_2ZJs8alUEeqEM7mFKilpXw"/>        <node xsi:type="Element" identifier="_2ZIdFalUEeqEM7mFKilpXw" h="50" w="130" x="721" y="741" elementRef="_2ZJs86lUEeqEM7mFKilpXw"/>        <node xsi:type="Element" identifier="_2ZIdFqlUEeqEM7mFKilpXw" h="40" w="130" x="721" y="834" elementRef="_2ZJs9alUEeqEM7mFKilpXw"/>        <node xsi:type="Element" identifier="_2ZIdF6lUEeqEM7mFKilpXw" h="40" w="130" x="721" y="993" elementRef="_2ZJs96lUEeqEM7mFKilpXw"/>        <node xsi:type="Element" identifier="_2ZIdGKlUEeqEM7mFKilpXw" h="40" w="130" x="714" y="1377" elementRef="_2ZJs-alUEeqEM7mFKilpXw"/>        <node xsi:type="Element" identifier="_2ZJELKlUEeqEM7mFKilpXw" h="50" w="130" x="721" y="1068" elementRef="_2ZJs-6lUEeqEM7mFKilpXw"/>        <node xsi:type="Element" identifier="_2ZJELalUEeqEM7mFKilpXw" h="30" w="130" x="1136" y="30" elementRef="_2ZJs_alUEeqEM7mFKilpXw"/>        <node xsi:type="Element" identifier="_2ZJELqlUEeqEM7mFKilpXw" h="30" w="130" x="926" y="29" elementRef="_2ZJs_6lUEeqEM7mFKilpXw"/>        <node xsi:type="Element" identifier="_2ZJEN6lUEeqEM7mFKilpXw" h="30" w="130" x="721" y="142" elementRef="_2ZJtAalUEeqEM7mFKilpXw"/>        <node xsi:type="Element" identifier="_2ZJEUKlUEeqEM7mFKilpXw" h="40" w="130" x="721" y="905" elementRef="_2ZJtA6lUEeqEM7mFKilpXw"/>        <node xsi:type="Element" identifier="_2ZJEUalUEeqEM7mFKilpXw" h="30" w="130" x="926" y="376" elementRef="_2ZJtBalUEeqEM7mFKilpXw"/>        <node xsi:type="Element" identifier="_2ZJEUqlUEeqEM7mFKilpXw" h="50" w="130" x="721" y="293" elementRef="_2ZJtB6lUEeqEM7mFKilpXw"/>        <node xsi:type="Element" identifier="_2ZJEU6lUEeqEM7mFKilpXw" h="50" w="130" x="721" y="214" elementRef="_2ZJtCalUEeqEM7mFKilpXw"/>        <node xsi:type="Element" identifier="_2ZJEXKlUEeqEM7mFKilpXw" h="50" w="130" x="721" y="466" elementRef="_2ZJtC6lUEeqEM7mFKilpXw"/>        <node xsi:type="Element" identifier="_2ZJEZalUEeqEM7mFKilpXw" h="50" w="130" x="727" y="1472" elementRef="_2ZJtDalUEeqEM7mFKilpXw"/>        <node xsi:type="Element" identifier="_2ZJEbqlUEeqEM7mFKilpXw" h="40" w="130" x="714" y="1140" elementRef="_2ZJtD6lUEeqEM7mFKilpXw"/>        <node xsi:type="Element" identifier="_2ZJEb6lUEeqEM7mFKilpXw" h="40" w="130" x="716" y="1279" elementRef="_2ZJtEalUEeqEM7mFKilpXw"/>        <node xsi:type="Element" identifier="_2ZJEcKlUEeqEM7mFKilpXw" h="40" w="130" x="716" y="1212" elementRef="_2ZJtE6lUEeqEM7mFKilpXw"/>        <node xsi:type="Element" identifier="_2ZJEgalUEeqEM7mFKilpXw" h="40" w="130" x="926" y="255" elementRef="_2ZJtFalUEeqEM7mFKilpXw"/>        <node xsi:type="Element" identifier="_2ZJEiqlUEeqEM7mFKilpXw" h="30" w="130" x="926" y="142" elementRef="_2ZJtF6lUEeqEM7mFKilpXw"/>        <node xsi:type="Element" identifier="_2ZJEm6lUEeqEM7mFKilpXw" h="40" w="130" x="926" y="466" elementRef="_2ZJtGalUEeqEM7mFKilpXw"/>        <node xsi:type="Element" identifier="_2ZJEnKlUEeqEM7mFKilpXw" h="40" w="130" x="926" y="554" elementRef="_2ZJtG6lUEeqEM7mFKilpXw"/>        <node xsi:type="Element" identifier="_2ZJEnalUEeqEM7mFKilpXw" h="40" w="130" x="926" y="640" elementRef="_2ZJtHalUEeqEM7mFKilpXw"/>        <node xsi:type="Element" identifier="_2ZJEvqlUEeqEM7mFKilpXw" h="40" w="130" x="926" y="751" elementRef="_2ZJtH6lUEeqEM7mFKilpXw"/>        <node xsi:type="Element" identifier="_2ZJEx6lUEeqEM7mFKilpXw" h="40" w="130" x="926" y="824" elementRef="_2ZJtIalUEeqEM7mFKilpXw"/>        <node xsi:type="Element" identifier="_2ZJEyKlUEeqEM7mFKilpXw" h="40" w="130" x="926" y="905" elementRef="_2ZJtI6lUEeqEM7mFKilpXw"/>        <node xsi:type="Element" identifier="_2ZJE2alUEeqEM7mFKilpXw" h="40" w="130" x="926" y="1019" elementRef="_2ZJtJalUEeqEM7mFKilpXw"/>        <node xsi:type="Element" identifier="_2ZJE6qlUEeqEM7mFKilpXw" h="40" w="130" x="926" y="1139" elementRef="_2ZJtJ6lUEeqEM7mFKilpXw"/>        <node xsi:type="Element" identifier="_2ZJE66lUEeqEM7mFKilpXw" h="40" w="130" x="926" y="1211" elementRef="_2ZJtKalUEeqEM7mFKilpXw"/>        <node xsi:type="Element" identifier="_2ZJE7KlUEeqEM7mFKilpXw" h="40" w="130" x="926" y="1288" elementRef="_2ZJtK6lUEeqEM7mFKilpXw"/>        <node xsi:type="Element" identifier="_2ZJE7alUEeqEM7mFKilpXw" h="30" w="130" x="926" y="1376" elementRef="_2ZJtLalUEeqEM7mFKilpXw"/>        <node xsi:type="Element" identifier="_2ZJFDqlUEeqEM7mFKilpXw" h="40" w="130" x="926" y="1460" elementRef="_2ZJtL6lUEeqEM7mFKilpXw"/>        <node xsi:type="Element" identifier="_2ZJFF6lUEeqEM7mFKilpXw" h="30" w="130" x="1366" y="29" elementRef="_2ZJtMalUEeqEM7mFKilpXw"/>        <node xsi:type="Element" identifier="_2ZJFGKlUEeqEM7mFKilpXw" h="30" w="130" x="1366" y="255" elementRef="_2ZJtM6lUEeqEM7mFKilpXw"/>        <node xsi:type="Element" identifier="_2ZJFGalUEeqEM7mFKilpXw" h="30" w="130" x="1366" y="82" elementRef="_2ZJtNalUEeqEM7mFKilpXw"/>        <node xsi:type="Element" identifier="_2ZJFGqlUEeqEM7mFKilpXw" h="40" w="130" x="1366" y="335" elementRef="_2ZJtN6lUEeqEM7mFKilpXw"/>        <node xsi:type="Element" identifier="_2ZJFG6lUEeqEM7mFKilpXw" h="30" w="130" x="1136" y="362" elementRef="_2ZJtOalUEeqEM7mFKilpXw"/>        <node xsi:type="Element" identifier="_2ZJFPKlUEeqEM7mFKilpXw" h="30" w="130" x="1136" y="477" elementRef="_2ZKSMalUEeqEM7mFKilpXw"/>        <node xsi:type="Element" identifier="_2ZJFPalUEeqEM7mFKilpXw" h="30" w="130" x="1136" y="256" elementRef="_2ZKSM6lUEeqEM7mFKilpXw"/>        <node xsi:type="Element" identifier="_2ZJFXqlUEeqEM7mFKilpXw" h="30" w="130" x="1366" y="466" elementRef="_2ZKSNalUEeqEM7mFKilpXw"/>        <node xsi:type="Element" identifier="_2ZJFX6lUEeqEM7mFKilpXw" h="30" w="130" x="1366" y="530" elementRef="_2ZKSN6lUEeqEM7mFKilpXw"/>        <node xsi:type="Element" identifier="_2ZJFcKlUEeqEM7mFKilpXw" h="30" w="130" x="1136" y="646" elementRef="_2ZKSOalUEeqEM7mFKilpXw"/>        <node xsi:type="Element" identifier="_2ZJFealUEeqEM7mFKilpXw" h="30" w="130" x="1366" y="625" elementRef="_2ZKSO6lUEeqEM7mFKilpXw"/>        <node xsi:type="Element" identifier="_2ZJFeqlUEeqEM7mFKilpXw" h="30" w="130" x="1366" y="688" elementRef="_2ZKSPalUEeqEM7mFKilpXw"/>        <node xsi:type="Element" identifier="_2ZJFi6lUEeqEM7mFKilpXw" h="30" w="130" x="1136" y="767" elementRef="_2ZKSP6lUEeqEM7mFKilpXw"/>        <node xsi:type="Element" identifier="_2ZJFjKlUEeqEM7mFKilpXw" h="30" w="130" x="1136" y="814" elementRef="_2ZKSQalUEeqEM7mFKilpXw"/>        <node xsi:type="Element" identifier="_2ZJFjalUEeqEM7mFKilpXw" h="30" w="130" x="1366" y="766" elementRef="_2ZKSQ6lUEeqEM7mFKilpXw"/>        <node xsi:type="Element" identifier="_2ZJFjqlUEeqEM7mFKilpXw" h="30" w="130" x="1366" y="813" elementRef="_2ZKSRalUEeqEM7mFKilpXw"/>        <node xsi:type="Element" identifier="_2ZJrUqlUEeqEM7mFKilpXw" h="30" w="130" x="1136" y="869" elementRef="_2ZKSR6lUEeqEM7mFKilpXw"/>        <node xsi:type="Element" identifier="_2ZJrW6lUEeqEM7mFKilpXw" h="30" w="130" x="1366" y="905" elementRef="_2ZKSSalUEeqEM7mFKilpXw"/>        <node xsi:type="Element" identifier="_2ZJrXKlUEeqEM7mFKilpXw" h="30" w="130" x="1366" y="849" elementRef="_2ZKSS6lUEeqEM7mFKilpXw"/>        <node xsi:type="Element" identifier="_2ZJrbalUEeqEM7mFKilpXw" h="30" w="130" x="1136" y="953" elementRef="_2ZKSTalUEeqEM7mFKilpXw"/>        <node xsi:type="Element" identifier="_2ZJrbqlUEeqEM7mFKilpXw" h="30" w="130" x="1366" y="953" elementRef="_2ZKST6lUEeqEM7mFKilpXw"/>        <node xsi:type="Element" identifier="_2ZJrb6lUEeqEM7mFKilpXw" h="30" w="130" x="1366" y="998" elementRef="_2ZKSUalUEeqEM7mFKilpXw"/>        <node xsi:type="Element" identifier="_2ZJriKlUEeqEM7mFKilpXw" h="30" w="130" x="1136" y="1052" elementRef="_2ZKSU6lUEeqEM7mFKilpXw"/>        <node xsi:type="Element" identifier="_2ZJrialUEeqEM7mFKilpXw" h="30" w="130" x="1366" y="1052" elementRef="_2ZKSValUEeqEM7mFKilpXw"/>        <node xsi:type="Element" identifier="_2ZJriqlUEeqEM7mFKilpXw" h="30" w="130" x="1366" y="1096" elementRef="_2ZKSV6lUEeqEM7mFKilpXw"/>        <node xsi:type="Element" identifier="_2ZJro6lUEeqEM7mFKilpXw" h="30" w="130" x="1136" y="1146" elementRef="_2ZKSWalUEeqEM7mFKilpXw"/>        <node xsi:type="Element" identifier="_2ZJrpKlUEeqEM7mFKilpXw" h="30" w="130" x="1366" y="1145" elementRef="_2ZKSW6lUEeqEM7mFKilpXw"/>        <node xsi:type="Element" identifier="_2ZJrpalUEeqEM7mFKilpXw" h="30" w="130" x="1366" y="1185" elementRef="_2ZKSXalUEeqEM7mFKilpXw"/>        <node xsi:type="Element" identifier="_2ZJrtqlUEeqEM7mFKilpXw" h="30" w="130" x="1136" y="1228" elementRef="_2ZKSX6lUEeqEM7mFKilpXw"/>        <node xsi:type="Element" identifier="_2ZJrt6lUEeqEM7mFKilpXw" h="30" w="130" x="1366" y="1266" elementRef="_2ZKSYalUEeqEM7mFKilpXw"/>        <node xsi:type="Element" identifier="_2ZJruKlUEeqEM7mFKilpXw" h="30" w="130" x="1366" y="1227" elementRef="_2ZKSY6lUEeqEM7mFKilpXw"/>        <node xsi:type="Element" identifier="_2ZJryalUEeqEM7mFKilpXw" h="30" w="130" x="1136" y="1290" elementRef="_2ZKSZalUEeqEM7mFKilpXw"/>        <node xsi:type="Element" identifier="_2ZJryqlUEeqEM7mFKilpXw" h="30" w="130" x="1371" y="1358" elementRef="_2ZKSZ6lUEeqEM7mFKilpXw"/>        <node xsi:type="Element" identifier="_2ZJry6lUEeqEM7mFKilpXw" h="30" w="130" x="1371" y="1316" elementRef="_2ZKSaalUEeqEM7mFKilpXw"/>        <node xsi:type="Element" identifier="_2ZJr9KlUEeqEM7mFKilpXw" h="30" w="130" x="1136" y="1383" elementRef="_2ZKSa6lUEeqEM7mFKilpXw"/>        <node xsi:type="Element" identifier="_2ZJr9alUEeqEM7mFKilpXw" h="30" w="130" x="1371" y="1418" elementRef="_2ZKSbalUEeqEM7mFKilpXw"/>        <node xsi:type="Element" identifier="_2ZJsDqlUEeqEM7mFKilpXw" h="30" w="130" x="1136" y="1483" elementRef="_2ZKSb6lUEeqEM7mFKilpXw"/>        <node xsi:type="Element" identifier="_2ZJsD6lUEeqEM7mFKilpXw" h="30" w="130" x="1371" y="1541" elementRef="_2ZKScalUEeqEM7mFKilpXw"/>        <node xsi:type="Element" identifier="_2ZJsEKlUEeqEM7mFKilpXw" h="30" w="130" x="1371" y="1489" elementRef="_2ZKSc6lUEeqEM7mFKilpXw"/>        <node xsi:type="Element" identifier="_2ZJsKalUEeqEM7mFKilpXw" h="60" w="130" x="145" y="890" elementRef="_2ZKSdalUEeqEM7mFKilpXw"/>        <node xsi:type="Element" identifier="_2ZJssqlUEeqEM7mFKilpXw" h="50" w="130" x="145" y="640" elementRef="_2ZKSd6lUEeqEM7mFKilpXw"/>        <node xsi:type="Element" identifier="_2ZJss6lUEeqEM7mFKilpXw" h="50" w="130" x="145" y="496" elementRef="_2ZKSealUEeqEM7mFKilpXw"/>        <node xsi:type="Element" identifier="_2ZJstKlUEeqEM7mFKilpXw" h="50" w="130" x="145" y="433" elementRef="_2ZKSe6lUEeqEM7mFKilpXw"/>        <node xsi:type="Element" identifier="_2ZJstalUEeqEM7mFKilpXw" h="50" w="130" x="145" y="293" elementRef="_2ZKSfalUEeqEM7mFKilpXw"/>        <node xsi:type="Element" identifier="_2ZJstqlUEeqEM7mFKilpXw" h="40" w="130" x="145" y="152" elementRef="_2ZKSf6lUEeqEM7mFKilpXw"/>        <node xsi:type="Element" identifier="_2ZJst6lUEeqEM7mFKilpXw" h="40" w="130" x="145" y="746" elementRef="_2ZKSgalUEeqEM7mFKilpXw"/>        <node xsi:type="Element" identifier="_2ZJsuKlUEeqEM7mFKilpXw" h="50" w="130" x="145" y="580" elementRef="_2ZKSg6lUEeqEM7mFKilpXw"/>        <node xsi:type="Element" identifier="_2ZJsualUEeqEM7mFKilpXw" h="40" w="130" x="145" y="809" elementRef="_2ZKShalUEeqEM7mFKilpXw"/>        <node xsi:type="Element" identifier="_2ZJsuqlUEeqEM7mFKilpXw" h="60" w="130" x="145" y="965" elementRef="_2ZKSh6lUEeqEM7mFKilpXw"/>        <node xsi:type="Element" identifier="_2ZJsu6lUEeqEM7mFKilpXw" h="50" w="130" x="145" y="352" elementRef="_2ZKSialUEeqEM7mFKilpXw"/>        <node xsi:type="Element" identifier="_2ZJsvKlUEeqEM7mFKilpXw" h="40" w="130" x="145" y="204" elementRef="_2ZKSi6lUEeqEM7mFKilpXw"/>        <node xsi:type="Element" identifier="_2ZJsvalUEeqEM7mFKilpXw" h="60" w="130" x="444" y="325" elementRef="_2ZKSjalUEeqEM7mFKilpXw"/>        <node xsi:type="Element" identifier="_2ZJsvqlUEeqEM7mFKilpXw" h="60" w="130" x="578" y="413" elementRef="_2ZKSj6lUEeqEM7mFKilpXw"/>        <node xsi:type="Element" identifier="_92MhlowuEDiHutvYZ8Mr4A" h="60" w="130" x="870" y="1920" elementRef="_91vOkIwuEDiHutvYZ8Mr4A"/>        <connection xsi:type="Relationship" identifier="_2ZIdGqlUEeqEM7mFKilpXw" source="_2ZIdGKlUEeqEM7mFKilpXw" target="_2ZIdB6lUEeqEM7mFKilpXw" relationshipRef="_2ZKSkalUEeqEM7mFKilpXw">          <bendpoint x="660" y="1399"/>          <bendpoint x="660" y="1399"/>        </connection>        <connection xsi:type="Relationship" identifier="_2ZIdIqlUEeqEM7mFKilpXw" source="_2ZIdFqlUEeqEM7mFKilpXw" target="_2ZIdAqlUEeqEM7mFKilpXw" relationshipRef="_2ZKSk6lUEeqEM7mFKilpXw">          <bendpoint x="661" y="871"/>          <bendpoint x="660" y="871"/>        </connection>        <connection xsi:type="Relationship" identifier="_2ZJEFalUEeqEM7mFKilpXw" source="_2ZIdFalUEeqEM7mFKilpXw" target="_2ZIdA6lUEeqEM7mFKilpXw" relationshipRef="_2ZKSlalUEeqEM7mFKilpXw">          <bendpoint x="661" y="780"/>          <bendpoint x="660" y="780"/>        </connection>        <connection xsi:type="Relationship" identifier="_2ZJEHalUEeqEM7mFKilpXw" source="_2ZIdFKlUEeqEM7mFKilpXw" target="_2ZIdBalUEeqEM7mFKilpXw" relationshipRef="_2ZKSl6lUEeqEM7mFKilpXw">          <bendpoint x="661" y="689"/>          <bendpoint x="660" y="689"/>        </connection>        <connection xsi:type="Relationship" identifier="_2ZJEJalUEeqEM7mFKilpXw" source="_2ZIdE6lUEeqEM7mFKilpXw" target="_2ZIdBKlUEeqEM7mFKilpXw" relationshipRef="_2ZKSmalUEeqEM7mFKilpXw">          <bendpoint x="701" y="555"/>          <bendpoint x="660" y="554"/>        </connection>        <connection xsi:type="Relationship" identifier="_2ZJEMKlUEeqEM7mFKilpXw" source="_2ZIdEalUEeqEM7mFKilpXw" target="_2ZIdEKlUEeqEM7mFKilpXw" relationshipRef="_2ZKSm6lUEeqEM7mFKilpXw">          <bendpoint x="661" y="54"/>          <bendpoint x="660" y="54"/>        </connection>        <connection xsi:type="Relationship" identifier="_2ZJEOalUEeqEM7mFKilpXw" source="_2ZJEN6lUEeqEM7mFKilpXw" target="_2ZIdEKlUEeqEM7mFKilpXw" relationshipRef="_2ZKSnalUEeqEM7mFKilpXw">          <bendpoint x="786" y="110"/>          <bendpoint x="535" y="111"/>        </connection>        <connection xsi:type="Relationship" identifier="_2ZJEQalUEeqEM7mFKilpXw" source="_2ZJELKlUEeqEM7mFKilpXw" target="_2ZIdBqlUEeqEM7mFKilpXw" relationshipRef="_2ZKSn6lUEeqEM7mFKilpXw">          <bendpoint x="661" y="1104"/>          <bendpoint x="660" y="1104"/>        </connection>        <connection xsi:type="Relationship" identifier="_2ZJESalUEeqEM7mFKilpXw" source="_2ZIdF6lUEeqEM7mFKilpXw" target="_2ZIdCKlUEeqEM7mFKilpXw" relationshipRef="_2ZKSoalUEeqEM7mFKilpXw">          <bendpoint x="661" y="1013"/>          <bendpoint x="660" y="1013"/>        </connection>        <connection xsi:type="Relationship" identifier="_2ZJEValUEeqEM7mFKilpXw" source="_2ZJEUKlUEeqEM7mFKilpXw" target="_2ZIdAqlUEeqEM7mFKilpXw" relationshipRef="_2ZKSo6lUEeqEM7mFKilpXw">          <bendpoint x="661" y="906"/>          <bendpoint x="660" y="906"/>        </connection>        <connection xsi:type="Relationship" identifier="_2ZJEXqlUEeqEM7mFKilpXw" source="_2ZJEXKlUEeqEM7mFKilpXw" target="_2ZIdBKlUEeqEM7mFKilpXw" relationshipRef="_2ZKSpalUEeqEM7mFKilpXw">          <bendpoint x="786" y="521"/>          <bendpoint x="533" y="520"/>        </connection>        <connection xsi:type="Relationship" identifier="_2ZJEZ6lUEeqEM7mFKilpXw" source="_2ZJEZalUEeqEM7mFKilpXw" target="_2ZIdCqlUEeqEM7mFKilpXw" relationshipRef="_2ZKSp6lUEeqEM7mFKilpXw">          <bendpoint x="673" y="1492"/>          <bendpoint x="673" y="1492"/>        </connection>        <connection xsi:type="Relationship" identifier="_2ZJEcqlUEeqEM7mFKilpXw" source="_2ZJEU6lUEeqEM7mFKilpXw" target="_2ZIdD6lUEeqEM7mFKilpXw" relationshipRef="_2ZKSqalUEeqEM7mFKilpXw">          <bendpoint x="661" y="234"/>          <bendpoint x="660" y="234"/>        </connection>        <connection xsi:type="Relationship" identifier="_2ZJEeqlUEeqEM7mFKilpXw" source="_2ZJEUqlUEeqEM7mFKilpXw" target="_2ZIdD6lUEeqEM7mFKilpXw" relationshipRef="_2ZKSq6lUEeqEM7mFKilpXw">          <bendpoint x="786" y="273"/>          <bendpoint x="535" y="274"/>        </connection>        <connection xsi:type="Relationship" identifier="_2ZJEg6lUEeqEM7mFKilpXw" source="_2ZJELqlUEeqEM7mFKilpXw" target="_2ZIdEalUEeqEM7mFKilpXw" relationshipRef="_2ZKSralUEeqEM7mFKilpXw">          <bendpoint x="889" y="44"/>          <bendpoint x="888" y="44"/>        </connection>        <connection xsi:type="Relationship" identifier="_2ZJEjKlUEeqEM7mFKilpXw" source="_2ZJEgalUEeqEM7mFKilpXw" target="_2ZJEU6lUEeqEM7mFKilpXw" relationshipRef="_2ZKSr6lUEeqEM7mFKilpXw">          <bendpoint x="889" y="259"/>          <bendpoint x="888" y="259"/>        </connection>        <connection xsi:type="Relationship" identifier="_2ZJElKlUEeqEM7mFKilpXw" source="_2ZJEgalUEeqEM7mFKilpXw" target="_2ZJEUqlUEeqEM7mFKilpXw" relationshipRef="_2ZKSsalUEeqEM7mFKilpXw">          <bendpoint x="889" y="294"/>          <bendpoint x="888" y="294"/>        </connection>        <connection xsi:type="Relationship" identifier="_2ZJEn6lUEeqEM7mFKilpXw" source="_2ZJEnKlUEeqEM7mFKilpXw" target="_2ZIdE6lUEeqEM7mFKilpXw" relationshipRef="_2ZKSs6lUEeqEM7mFKilpXw">          <bendpoint x="889" y="574"/>          <bendpoint x="888" y="574"/>        </connection>        <connection xsi:type="Relationship" identifier="_2ZJEp6lUEeqEM7mFKilpXw" source="_2ZJEm6lUEeqEM7mFKilpXw" target="_2ZJEXKlUEeqEM7mFKilpXw" relationshipRef="_2ZKStalUEeqEM7mFKilpXw">          <bendpoint x="889" y="486"/>          <bendpoint x="888" y="486"/>        </connection>        <connection xsi:type="Relationship" identifier="_2ZJEr6lUEeqEM7mFKilpXw" source="_2ZJEUalUEeqEM7mFKilpXw" target="_2ZIdEqlUEeqEM7mFKilpXw" relationshipRef="_2ZKSt6lUEeqEM7mFKilpXw">          <bendpoint x="889" y="391"/>          <bendpoint x="888" y="391"/>        </connection>        <connection xsi:type="Relationship" identifier="_2ZJEt6lUEeqEM7mFKilpXw" source="_2ZJEiqlUEeqEM7mFKilpXw" target="_2ZJEN6lUEeqEM7mFKilpXw" relationshipRef="_2ZKSualUEeqEM7mFKilpXw">          <bendpoint x="889" y="157"/>          <bendpoint x="888" y="157"/>        </connection>        <connection xsi:type="Relationship" identifier="_2ZJEwKlUEeqEM7mFKilpXw" source="_2ZJEvqlUEeqEM7mFKilpXw" target="_2ZIdFalUEeqEM7mFKilpXw" relationshipRef="_2ZKSu6lUEeqEM7mFKilpXw">          <bendpoint x="889" y="771"/>          <bendpoint x="888" y="771"/>        </connection>        <connection xsi:type="Relationship" identifier="_2ZJEyqlUEeqEM7mFKilpXw" source="_2ZJEx6lUEeqEM7mFKilpXw" target="_2ZIdFqlUEeqEM7mFKilpXw" relationshipRef="_2ZKSvalUEeqEM7mFKilpXw">          <bendpoint x="889" y="849"/>          <bendpoint x="888" y="849"/>        </connection>        <connection xsi:type="Relationship" identifier="_2ZJE0qlUEeqEM7mFKilpXw" source="_2ZJEyKlUEeqEM7mFKilpXw" target="_2ZJEUKlUEeqEM7mFKilpXw" relationshipRef="_2ZKSv6lUEeqEM7mFKilpXw">          <bendpoint x="889" y="925"/>          <bendpoint x="888" y="925"/>        </connection>        <connection xsi:type="Relationship" identifier="_2ZJE26lUEeqEM7mFKilpXw" source="_2ZJE2alUEeqEM7mFKilpXw" target="_2ZIdF6lUEeqEM7mFKilpXw" relationshipRef="_2ZKSwalUEeqEM7mFKilpXw">          <bendpoint x="889" y="1026"/>          <bendpoint x="888" y="1026"/>        </connection>        <connection xsi:type="Relationship" identifier="_2ZJE46lUEeqEM7mFKilpXw" source="_2ZJE2alUEeqEM7mFKilpXw" target="_2ZJELKlUEeqEM7mFKilpXw" relationshipRef="_2ZKSw6lUEeqEM7mFKilpXw">          <bendpoint x="889" y="1045"/>          <bendpoint x="888" y="1093"/>        </connection>        <connection xsi:type="Relationship" identifier="_2ZJE76lUEeqEM7mFKilpXw" source="_2ZJE7alUEeqEM7mFKilpXw" target="_2ZIdGKlUEeqEM7mFKilpXw" relationshipRef="_2ZKSxalUEeqEM7mFKilpXw">          <bendpoint x="885" y="1391"/>          <bendpoint x="885" y="1391"/>        </connection>        <connection xsi:type="Relationship" identifier="_2ZJE96lUEeqEM7mFKilpXw" source="_2ZJE7KlUEeqEM7mFKilpXw" target="_2ZJEb6lUEeqEM7mFKilpXw" relationshipRef="_2ZKSx6lUEeqEM7mFKilpXw">          <bendpoint x="886" y="1303"/>          <bendpoint x="886" y="1303"/>        </connection>        <connection xsi:type="Relationship" identifier="_2ZJE_6lUEeqEM7mFKilpXw" source="_2ZJE66lUEeqEM7mFKilpXw" target="_2ZJEcKlUEeqEM7mFKilpXw" relationshipRef="_2ZKSyalUEeqEM7mFKilpXw">          <bendpoint x="886" y="1231"/>          <bendpoint x="886" y="1231"/>        </connection>        <connection xsi:type="Relationship" identifier="_2ZJFB6lUEeqEM7mFKilpXw" source="_2ZJE6qlUEeqEM7mFKilpXw" target="_2ZJEbqlUEeqEM7mFKilpXw" relationshipRef="_2ZKSy6lUEeqEM7mFKilpXw">          <bendpoint x="885" y="1159"/>          <bendpoint x="885" y="1159"/>        </connection>        <connection xsi:type="Relationship" identifier="_2ZJFEKlUEeqEM7mFKilpXw" source="_2ZJFDqlUEeqEM7mFKilpXw" target="_2ZJEZalUEeqEM7mFKilpXw" relationshipRef="_2ZKSzalUEeqEM7mFKilpXw">          <bendpoint x="892" y="1486"/>          <bendpoint x="891" y="1486"/>        </connection>        <connection xsi:type="Relationship" identifier="_2ZJFHalUEeqEM7mFKilpXw" source="_2ZJELalUEeqEM7mFKilpXw" target="_2ZJFF6lUEeqEM7mFKilpXw" relationshipRef="_2ZKSz6lUEeqEM7mFKilpXw">          <bendpoint x="1316" y="44"/>          <bendpoint x="1316" y="44"/>        </connection>        <connection xsi:type="Relationship" identifier="_2ZJFJalUEeqEM7mFKilpXw" source="_2ZJELalUEeqEM7mFKilpXw" target="_2ZJELqlUEeqEM7mFKilpXw" relationshipRef="_2ZKS0alUEeqEM7mFKilpXw">          <bendpoint x="1096" y="44"/>          <bendpoint x="1096" y="44"/>        </connection>        <connection xsi:type="Relationship" identifier="_2ZJFLalUEeqEM7mFKilpXw" source="_2ZJFG6lUEeqEM7mFKilpXw" target="_2ZJFGqlUEeqEM7mFKilpXw" relationshipRef="_2ZKS06lUEeqEM7mFKilpXw">          <bendpoint x="1316" y="368"/>          <bendpoint x="1316" y="368"/>        </connection>        <connection xsi:type="Relationship" identifier="_2ZJFNalUEeqEM7mFKilpXw" source="_2ZJFG6lUEeqEM7mFKilpXw" target="_2ZJEUalUEeqEM7mFKilpXw" relationshipRef="_2ZKS1alUEeqEM7mFKilpXw">          <bendpoint x="1096" y="384"/>          <bendpoint x="1096" y="384"/>        </connection>        <connection xsi:type="Relationship" identifier="_2ZJFP6lUEeqEM7mFKilpXw" source="_2ZJFPalUEeqEM7mFKilpXw" target="_2ZJEgalUEeqEM7mFKilpXw" relationshipRef="_2ZKS16lUEeqEM7mFKilpXw">          <bendpoint x="1096" y="271"/>          <bendpoint x="1096" y="271"/>        </connection>        <connection xsi:type="Relationship" identifier="_2ZJFR6lUEeqEM7mFKilpXw" source="_2ZJFG6lUEeqEM7mFKilpXw" target="_2ZJFPalUEeqEM7mFKilpXw" relationshipRef="_2ZKS2alUEeqEM7mFKilpXw">          <bendpoint x="1201" y="324"/>          <bendpoint x="1201" y="324"/>        </connection>        <connection xsi:type="Relationship" identifier="_2ZJFT6lUEeqEM7mFKilpXw" source="_2ZJFPalUEeqEM7mFKilpXw" target="_2ZJFGKlUEeqEM7mFKilpXw" relationshipRef="_2ZKS26lUEeqEM7mFKilpXw">          <bendpoint x="1316" y="270"/>          <bendpoint x="1316" y="270"/>        </connection>        <connection xsi:type="Relationship" identifier="_2ZJFV6lUEeqEM7mFKilpXw" source="_2ZJFPKlUEeqEM7mFKilpXw" target="_2ZJEm6lUEeqEM7mFKilpXw" relationshipRef="_2ZKS3alUEeqEM7mFKilpXw">          <bendpoint x="1096" y="491"/>          <bendpoint x="1096" y="491"/>        </connection>        <connection xsi:type="Relationship" identifier="_2ZJFYalUEeqEM7mFKilpXw" source="_2ZJFPKlUEeqEM7mFKilpXw" target="_2ZJFXqlUEeqEM7mFKilpXw" relationshipRef="_2ZKS36lUEeqEM7mFKilpXw">          <bendpoint x="1316" y="486"/>          <bendpoint x="1316" y="486"/>        </connection>        <connection xsi:type="Relationship" identifier="_2ZJFaalUEeqEM7mFKilpXw" source="_2ZJEnalUEeqEM7mFKilpXw" target="_2ZIdFKlUEeqEM7mFKilpXw" relationshipRef="_2ZKS4alUEeqEM7mFKilpXw">          <bendpoint x="889" y="660"/>          <bendpoint x="888" y="660"/>        </connection>        <connection xsi:type="Relationship" identifier="_2ZJFcqlUEeqEM7mFKilpXw" source="_2ZJFcKlUEeqEM7mFKilpXw" target="_2ZJEnalUEeqEM7mFKilpXw" relationshipRef="_2ZKS46lUEeqEM7mFKilpXw">          <bendpoint x="1096" y="661"/>          <bendpoint x="1096" y="661"/>        </connection>        <connection xsi:type="Relationship" identifier="_2ZJFfKlUEeqEM7mFKilpXw" source="_2ZJFcKlUEeqEM7mFKilpXw" target="_2ZJFealUEeqEM7mFKilpXw" relationshipRef="_2ZKS5alUEeqEM7mFKilpXw">          <bendpoint x="1316" y="650"/>          <bendpoint x="1316" y="650"/>        </connection>        <connection xsi:type="Relationship" identifier="_2ZJFhKlUEeqEM7mFKilpXw" source="_2ZJFPKlUEeqEM7mFKilpXw" target="_2ZJEnKlUEeqEM7mFKilpXw" relationshipRef="_2ZKS56lUEeqEM7mFKilpXw">          <bendpoint x="1201" y="531"/>          <bendpoint x="991" y="530"/>        </connection>        <connection xsi:type="Relationship" identifier="_2ZJFlKlUEeqEM7mFKilpXw" source="_2ZJFjKlUEeqEM7mFKilpXw" target="_2ZJFi6lUEeqEM7mFKilpXw" relationshipRef="_2ZKS6alUEeqEM7mFKilpXw">          <bendpoint x="1201" y="805"/>          <bendpoint x="1201" y="806"/>        </connection>        <connection xsi:type="Relationship" identifier="_2ZJFl6lUEeqEM7mFKilpXw" source="_2ZJFi6lUEeqEM7mFKilpXw" target="_2ZJFjalUEeqEM7mFKilpXw" relationshipRef="_2ZKS66lUEeqEM7mFKilpXw">          <bendpoint x="1316" y="781"/>          <bendpoint x="1316" y="781"/>        </connection>        <connection xsi:type="Relationship" identifier="_2ZJrIqlUEeqEM7mFKilpXw" source="_2ZJFjKlUEeqEM7mFKilpXw" target="_2ZJFjqlUEeqEM7mFKilpXw" relationshipRef="_2ZKS7alUEeqEM7mFKilpXw">          <bendpoint x="1316" y="828"/>          <bendpoint x="1316" y="828"/>        </connection>        <connection xsi:type="Relationship" identifier="_2ZJrK6lUEeqEM7mFKilpXw" source="_2ZJFi6lUEeqEM7mFKilpXw" target="_2ZJEvqlUEeqEM7mFKilpXw" relationshipRef="_2ZKS76lUEeqEM7mFKilpXw">          <bendpoint x="1096" y="779"/>          <bendpoint x="1096" y="779"/>        </connection>        <connection xsi:type="Relationship" identifier="_2ZJrM6lUEeqEM7mFKilpXw" source="_2ZJELalUEeqEM7mFKilpXw" target="_2ZJEiqlUEeqEM7mFKilpXw" relationshipRef="_2ZKS8alUEeqEM7mFKilpXw">          <bendpoint x="1101" y="50"/>          <bendpoint x="1101" y="146"/>        </connection>        <connection xsi:type="Relationship" identifier="_2ZJrO6lUEeqEM7mFKilpXw" source="_2ZJELalUEeqEM7mFKilpXw" target="_2ZJFGalUEeqEM7mFKilpXw" relationshipRef="_2ZKS86lUEeqEM7mFKilpXw">          <bendpoint x="1316" y="50"/>          <bendpoint x="1316" y="97"/>        </connection>        <connection xsi:type="Relationship" identifier="_2ZJrQ6lUEeqEM7mFKilpXw" source="_2ZJFPKlUEeqEM7mFKilpXw" target="_2ZJFX6lUEeqEM7mFKilpXw" relationshipRef="_2ZKS9alUEeqEM7mFKilpXw">          <bendpoint x="1316" y="497"/>          <bendpoint x="1316" y="545"/>        </connection>        <connection xsi:type="Relationship" identifier="_2ZJrS6lUEeqEM7mFKilpXw" source="_2ZJFcKlUEeqEM7mFKilpXw" target="_2ZJFeqlUEeqEM7mFKilpXw" relationshipRef="_2ZKS96lUEeqEM7mFKilpXw">          <bendpoint x="1316" y="666"/>          <bendpoint x="1316" y="703"/>        </connection>        <connection xsi:type="Relationship" identifier="_2ZJrVKlUEeqEM7mFKilpXw" source="_2ZJrUqlUEeqEM7mFKilpXw" target="_2ZJEx6lUEeqEM7mFKilpXw" relationshipRef="_2ZKS-alUEeqEM7mFKilpXw">          <bendpoint x="1201" y="866"/>          <bendpoint x="991" y="867"/>        </connection>        <connection xsi:type="Relationship" identifier="_2ZJrXqlUEeqEM7mFKilpXw" source="_2ZJrUqlUEeqEM7mFKilpXw" target="_2ZJrXKlUEeqEM7mFKilpXw" relationshipRef="_2ZKS-6lUEeqEM7mFKilpXw">          <bendpoint x="1316" y="874"/>          <bendpoint x="1316" y="874"/>        </connection>        <connection xsi:type="Relationship" identifier="_2ZJrZqlUEeqEM7mFKilpXw" source="_2ZJrUqlUEeqEM7mFKilpXw" target="_2ZJrW6lUEeqEM7mFKilpXw" relationshipRef="_2ZKS_alUEeqEM7mFKilpXw">          <bendpoint x="1316" y="889"/>          <bendpoint x="1316" y="920"/>        </connection>        <connection xsi:type="Relationship" identifier="_2ZJrcKlUEeqEM7mFKilpXw" source="_2ZJrbalUEeqEM7mFKilpXw" target="_2ZJrbqlUEeqEM7mFKilpXw" relationshipRef="_2ZKS_6lUEeqEM7mFKilpXw">          <bendpoint x="1316" y="968"/>          <bendpoint x="1316" y="968"/>        </connection>        <connection xsi:type="Relationship" identifier="_2ZJreKlUEeqEM7mFKilpXw" source="_2ZJrbalUEeqEM7mFKilpXw" target="_2ZJrb6lUEeqEM7mFKilpXw" relationshipRef="_2ZKTAalUEeqEM7mFKilpXw">          <bendpoint x="1316" y="973"/>          <bendpoint x="1316" y="1013"/>        </connection>        <connection xsi:type="Relationship" identifier="_2ZJrgalUEeqEM7mFKilpXw" source="_2ZJrbalUEeqEM7mFKilpXw" target="_2ZJEyKlUEeqEM7mFKilpXw" relationshipRef="_2ZKTA6lUEeqEM7mFKilpXw">          <bendpoint x="1201" y="949"/>          <bendpoint x="991" y="949"/>        </connection>        <connection xsi:type="Relationship" identifier="_2ZJri6lUEeqEM7mFKilpXw" source="_2ZJriKlUEeqEM7mFKilpXw" target="_2ZJrialUEeqEM7mFKilpXw" relationshipRef="_2ZKTBalUEeqEM7mFKilpXw">          <bendpoint x="1316" y="1067"/>          <bendpoint x="1316" y="1067"/>        </connection>        <connection xsi:type="Relationship" identifier="_2ZJrk6lUEeqEM7mFKilpXw" source="_2ZJriKlUEeqEM7mFKilpXw" target="_2ZJriqlUEeqEM7mFKilpXw" relationshipRef="_2ZKTB6lUEeqEM7mFKilpXw">          <bendpoint x="1316" y="1072"/>          <bendpoint x="1316" y="1111"/>        </connection>        <connection xsi:type="Relationship" identifier="_2ZJrnKlUEeqEM7mFKilpXw" source="_2ZJriKlUEeqEM7mFKilpXw" target="_2ZJE2alUEeqEM7mFKilpXw" relationshipRef="_2ZKTCalUEeqEM7mFKilpXw">          <bendpoint x="1096" y="1055"/>          <bendpoint x="1096" y="1055"/>        </connection>        <connection xsi:type="Relationship" identifier="_2ZJrpqlUEeqEM7mFKilpXw" source="_2ZJro6lUEeqEM7mFKilpXw" target="_2ZJrpKlUEeqEM7mFKilpXw" relationshipRef="_2ZKTC6lUEeqEM7mFKilpXw">          <bendpoint x="1316" y="1160"/>          <bendpoint x="1316" y="1160"/>        </connection>        <connection xsi:type="Relationship" identifier="_2ZJrrqlUEeqEM7mFKilpXw" source="_2ZJro6lUEeqEM7mFKilpXw" target="_2ZJrpalUEeqEM7mFKilpXw" relationshipRef="_2ZKTDalUEeqEM7mFKilpXw">          <bendpoint x="1286" y="1166"/>          <bendpoint x="1286" y="1196"/>        </connection>        <connection xsi:type="Relationship" identifier="_2ZJrualUEeqEM7mFKilpXw" source="_2ZJrtqlUEeqEM7mFKilpXw" target="_2ZJrt6lUEeqEM7mFKilpXw" relationshipRef="_2ZKTD6lUEeqEM7mFKilpXw">          <bendpoint x="1316" y="1248"/>          <bendpoint x="1316" y="1281"/>        </connection>        <connection xsi:type="Relationship" identifier="_2ZJrwalUEeqEM7mFKilpXw" source="_2ZJrtqlUEeqEM7mFKilpXw" target="_2ZJruKlUEeqEM7mFKilpXw" relationshipRef="_2ZKTEalUEeqEM7mFKilpXw">          <bendpoint x="1316" y="1242"/>          <bendpoint x="1316" y="1242"/>        </connection>        <connection xsi:type="Relationship" identifier="_2ZJrzKlUEeqEM7mFKilpXw" source="_2ZJryalUEeqEM7mFKilpXw" target="_2ZJry6lUEeqEM7mFKilpXw" relationshipRef="_2ZKTE6lUEeqEM7mFKilpXw">          <bendpoint x="1318" y="1318"/>          <bendpoint x="1319" y="1318"/>        </connection>        <connection xsi:type="Relationship" identifier="_2ZJr1KlUEeqEM7mFKilpXw" source="_2ZJryalUEeqEM7mFKilpXw" target="_2ZJryqlUEeqEM7mFKilpXw" relationshipRef="_2ZKTFalUEeqEM7mFKilpXw">          <bendpoint x="1275" y="1310"/>          <bendpoint x="1276" y="1370"/>        </connection>        <connection xsi:type="Relationship" identifier="_2ZJr3alUEeqEM7mFKilpXw" source="_2ZJryalUEeqEM7mFKilpXw" target="_2ZJE7KlUEeqEM7mFKilpXw" relationshipRef="_2ZKTF6lUEeqEM7mFKilpXw">          <bendpoint x="1096" y="1305"/>          <bendpoint x="1096" y="1305"/>        </connection>        <connection xsi:type="Relationship" identifier="_2ZJr5alUEeqEM7mFKilpXw" source="_2ZJrtqlUEeqEM7mFKilpXw" target="_2ZJE66lUEeqEM7mFKilpXw" relationshipRef="_2ZKTGalUEeqEM7mFKilpXw">          <bendpoint x="1096" y="1239"/>          <bendpoint x="1096" y="1239"/>        </connection>        <connection xsi:type="Relationship" identifier="_2ZJr7alUEeqEM7mFKilpXw" source="_2ZJro6lUEeqEM7mFKilpXw" target="_2ZJE6qlUEeqEM7mFKilpXw" relationshipRef="_2ZKTG6lUEeqEM7mFKilpXw">          <bendpoint x="1096" y="1161"/>          <bendpoint x="1096" y="1161"/>        </connection>        <connection xsi:type="Relationship" identifier="_2ZJr9qlUEeqEM7mFKilpXw" source="_2ZJr9KlUEeqEM7mFKilpXw" target="_2ZJr9alUEeqEM7mFKilpXw" relationshipRef="_2ZKTHalUEeqEM7mFKilpXw">          <bendpoint x="1318" y="1398"/>          <bendpoint x="1319" y="1433"/>        </connection>        <connection xsi:type="Relationship" identifier="_2ZJr_6lUEeqEM7mFKilpXw" source="_2ZJr9KlUEeqEM7mFKilpXw" target="_2ZJE7alUEeqEM7mFKilpXw" relationshipRef="_2ZKTH6lUEeqEM7mFKilpXw">          <bendpoint x="1096" y="1394"/>          <bendpoint x="1096" y="1394"/>        </connection>        <connection xsi:type="Relationship" identifier="_2ZJsB6lUEeqEM7mFKilpXw" source="_2ZJEbqlUEeqEM7mFKilpXw" target="_2ZIdBqlUEeqEM7mFKilpXw" relationshipRef="_2ZKTIalUEeqEM7mFKilpXw">          <bendpoint x="694" y="1155"/>          <bendpoint x="522" y="1156"/>        </connection>        <connection xsi:type="Relationship" identifier="_2ZJsEalUEeqEM7mFKilpXw" source="_2ZJsDqlUEeqEM7mFKilpXw" target="_2ZJsEKlUEeqEM7mFKilpXw" relationshipRef="_2ZKTI6lUEeqEM7mFKilpXw">          <bendpoint x="1318" y="1501"/>          <bendpoint x="1319" y="1501"/>        </connection>        <connection xsi:type="Relationship" identifier="_2ZJsGalUEeqEM7mFKilpXw" source="_2ZJsDqlUEeqEM7mFKilpXw" target="_2ZJsD6lUEeqEM7mFKilpXw" relationshipRef="_2ZKTJalUEeqEM7mFKilpXw">          <bendpoint x="1318" y="1503"/>          <bendpoint x="1319" y="1556"/>        </connection>        <connection xsi:type="Relationship" identifier="_2ZJsIqlUEeqEM7mFKilpXw" source="_2ZJsDqlUEeqEM7mFKilpXw" target="_2ZJFDqlUEeqEM7mFKilpXw" relationshipRef="_2ZKTJ6lUEeqEM7mFKilpXw">          <bendpoint x="1096" y="1491"/>          <bendpoint x="1096" y="1491"/>        </connection>        <connection xsi:type="Relationship" identifier="_2ZJsK6lUEeqEM7mFKilpXw" source="_2ZIdEKlUEeqEM7mFKilpXw" target="_2ZJsKalUEeqEM7mFKilpXw" relationshipRef="_2ZKTKalUEeqEM7mFKilpXw">          <bendpoint x="373" y="59"/>          <bendpoint x="372" y="893"/>        </connection>        <connection xsi:type="Relationship" identifier="_2ZJsM6lUEeqEM7mFKilpXw" source="_2ZIdD6lUEeqEM7mFKilpXw" target="_2ZJsKalUEeqEM7mFKilpXw" relationshipRef="_2ZKTK6lUEeqEM7mFKilpXw">          <bendpoint x="373" y="234"/>          <bendpoint x="372" y="897"/>        </connection>        <connection xsi:type="Relationship" identifier="_2ZJsO6lUEeqEM7mFKilpXw" source="_2ZIdBKlUEeqEM7mFKilpXw" target="_2ZJsKalUEeqEM7mFKilpXw" relationshipRef="_2ZKTLalUEeqEM7mFKilpXw">          <bendpoint x="371" y="545"/>          <bendpoint x="370" y="901"/>        </connection>        <connection xsi:type="Relationship" identifier="_2ZJsQ6lUEeqEM7mFKilpXw" source="_2ZIdBalUEeqEM7mFKilpXw" target="_2ZJsKalUEeqEM7mFKilpXw" relationshipRef="_2ZKTL6lUEeqEM7mFKilpXw">          <bendpoint x="366" y="703"/>          <bendpoint x="365" y="905"/>        </connection>        <connection xsi:type="Relationship" identifier="_2ZJsS6lUEeqEM7mFKilpXw" source="_2ZIdA6lUEeqEM7mFKilpXw" target="_2ZJsKalUEeqEM7mFKilpXw" relationshipRef="_2ZKTMalUEeqEM7mFKilpXw">          <bendpoint x="366" y="795"/>          <bendpoint x="365" y="908"/>        </connection>        <connection xsi:type="Relationship" identifier="_2ZJsU6lUEeqEM7mFKilpXw" source="_2ZIdAqlUEeqEM7mFKilpXw" target="_2ZJsKalUEeqEM7mFKilpXw" relationshipRef="_2ZKTM6lUEeqEM7mFKilpXw">          <bendpoint x="373" y="899"/>          <bendpoint x="372" y="899"/>        </connection>        <connection xsi:type="Relationship" identifier="_2ZJsW6lUEeqEM7mFKilpXw" source="_2ZIdCKlUEeqEM7mFKilpXw" target="_2ZJsKalUEeqEM7mFKilpXw" relationshipRef="_2ZKTNalUEeqEM7mFKilpXw">          <bendpoint x="373" y="1013"/>          <bendpoint x="372" y="916"/>        </connection>        <connection xsi:type="Relationship" identifier="_2ZJsY6lUEeqEM7mFKilpXw" source="_2ZIdBqlUEeqEM7mFKilpXw" target="_2ZJsKalUEeqEM7mFKilpXw" relationshipRef="_2ZKTN6lUEeqEM7mFKilpXw">          <bendpoint x="373" y="1117"/>          <bendpoint x="372" y="920"/>        </connection>        <connection xsi:type="Relationship" identifier="_2ZJsa6lUEeqEM7mFKilpXw" source="_2ZIdB6lUEeqEM7mFKilpXw" target="_2ZJsKalUEeqEM7mFKilpXw" relationshipRef="_2ZKTOalUEeqEM7mFKilpXw">          <bendpoint x="376" y="1397"/>          <bendpoint x="375" y="923"/>        </connection>        <connection xsi:type="Relationship" identifier="_2ZJsc6lUEeqEM7mFKilpXw" source="_2ZIdCqlUEeqEM7mFKilpXw" target="_2ZJsKalUEeqEM7mFKilpXw" relationshipRef="_2ZKTO6lUEeqEM7mFKilpXw">          <bendpoint x="382" y="1498"/>          <bendpoint x="382" y="927"/>        </connection>        <connection xsi:type="Relationship" identifier="_2ZJse6lUEeqEM7mFKilpXw" source="_2ZIdCalUEeqEM7mFKilpXw" target="_2ZJsKalUEeqEM7mFKilpXw" relationshipRef="_2ZKTPalUEeqEM7mFKilpXw">          <bendpoint x="382" y="1596"/>          <bendpoint x="382" y="931"/>        </connection>        <connection xsi:type="Relationship" identifier="_2ZJsg6lUEeqEM7mFKilpXw" source="_2ZIdDKlUEeqEM7mFKilpXw" target="_2ZJsKalUEeqEM7mFKilpXw" relationshipRef="_2ZKTP6lUEeqEM7mFKilpXw">          <bendpoint x="384" y="1838"/>          <bendpoint x="384" y="942"/>        </connection>        <connection xsi:type="Relationship" identifier="_2ZJsi6lUEeqEM7mFKilpXw" source="_2ZIdC6lUEeqEM7mFKilpXw" target="_2ZJsKalUEeqEM7mFKilpXw" relationshipRef="_2ZKTQalUEeqEM7mFKilpXw">          <bendpoint x="384" y="1915"/>          <bendpoint x="384" y="946"/>        </connection>        <connection xsi:type="Relationship" identifier="_2ZJsk6lUEeqEM7mFKilpXw" source="_2ZJEcKlUEeqEM7mFKilpXw" target="_2ZIdBqlUEeqEM7mFKilpXw" relationshipRef="_2ZKTQ6lUEeqEM7mFKilpXw">          <bendpoint x="781" y="1171"/>          <bendpoint x="535" y="1172"/>        </connection>        <connection xsi:type="Relationship" identifier="_2ZJsm6lUEeqEM7mFKilpXw" source="_2ZJEb6lUEeqEM7mFKilpXw" target="_2ZIdBqlUEeqEM7mFKilpXw" relationshipRef="_2ZKTRalUEeqEM7mFKilpXw">          <bendpoint x="781" y="1205"/>          <bendpoint x="567" y="1205"/>        </connection>        <connection xsi:type="Relationship" identifier="_2ZJso6lUEeqEM7mFKilpXw" source="_2ZIdDalUEeqEM7mFKilpXw" target="_2ZJsKalUEeqEM7mFKilpXw" relationshipRef="_2ZKTR6lUEeqEM7mFKilpXw">          <bendpoint x="384" y="1670"/>          <bendpoint x="384" y="935"/>        </connection>        <connection xsi:type="Relationship" identifier="_2ZJsq6lUEeqEM7mFKilpXw" source="_2ZIdDqlUEeqEM7mFKilpXw" target="_2ZJsKalUEeqEM7mFKilpXw" relationshipRef="_2ZKTSalUEeqEM7mFKilpXw">          <bendpoint x="384" y="1751"/>          <bendpoint x="384" y="938"/>        </connection>        <connection xsi:type="Relationship" identifier="_2ZJswKlUEeqEM7mFKilpXw" source="_2ZJsvqlUEeqEM7mFKilpXw" target="_2ZJsvalUEeqEM7mFKilpXw" relationshipRef="_2ZKTS6lUEeqEM7mFKilpXw">          <bendpoint x="599" y="399"/>          <bendpoint x="509" y="399"/>        </connection>        <connection xsi:type="Relationship" identifier="_87yOYIuXEDiT8vZ-18VQgA" source="_2ZJsvqlUEeqEM7mFKilpXw" target="_2ZJsvqlUEeqEM7mFKilpXw" relationshipRef="_87X-sYuXEDiT8vZ-18VQgA">          <bendpoint x="548" y="423"/>          <bendpoint x="548" y="383"/>          <bendpoint x="588" y="383"/>        </connection>        <connection xsi:type="Relationship" identifier="_-dxlkIuXEDiT8vZ-18VQgA" source="_2ZJEUqlUEeqEM7mFKilpXw" target="_2ZJsvqlUEeqEM7mFKilpXw" relationshipRef="_-dUSkouXEDiT8vZ-18VQgA">          <bendpoint x="764" y="378"/>          <bendpoint x="630" y="378"/>        </connection>        <connection xsi:type="Relationship" identifier="__mT68ouXEDiT8vZ-18VQgA" source="_2ZIdEqlUEeqEM7mFKilpXw" target="_2ZJsvqlUEeqEM7mFKilpXw" relationshipRef="__l-jwouXEDiT8vZ-18VQgA">          <bendpoint x="715" y="419"/>          <bendpoint x="714" y="419"/>        </connection>        <connection xsi:type="Relationship" identifier="_C_GbsIuYEDiT8vZ-18VQgA" source="_2ZJEXKlUEeqEM7mFKilpXw" target="_2ZJsvqlUEeqEM7mFKilpXw" relationshipRef="_C-uBM4uYEDiT8vZ-18VQgA">          <bendpoint x="715" y="469"/>          <bendpoint x="714" y="469"/>        </connection>        <connection xsi:type="Relationship" identifier="_Ouv5sYuYEDiT8vZ-18VQgA" source="_2ZIdE6lUEeqEM7mFKilpXw" target="_2ZJsvqlUEeqEM7mFKilpXw" relationshipRef="_OtiYwIuYEDiT8vZ-18VQgA">          <bendpoint x="786" y="513"/>          <bendpoint x="599" y="514"/>        </connection>        <connection xsi:type="Relationship" identifier="_QL3X8IuYEDiT8vZ-18VQgA" source="_2ZIdFKlUEeqEM7mFKilpXw" target="_2ZJsvqlUEeqEM7mFKilpXw" relationshipRef="_QLXosIuYEDiT8vZ-18VQgA">          <bendpoint x="764" y="556"/>          <bendpoint x="599" y="557"/>        </connection>        <connection xsi:type="Relationship" identifier="_UmV_MouYEDiT8vZ-18VQgA" source="_2ZJsvqlUEeqEM7mFKilpXw" target="_2ZJEUqlUEeqEM7mFKilpXw" relationshipRef="_Uk4moIuYEDiT8vZ-18VQgA">          <bendpoint x="676" y="398"/>          <bendpoint x="827" y="398"/>        </connection>        <connection xsi:type="Relationship" identifier="_5GwLoIuZEDicE5oekKh3YQ" source="_2ZJsvqlUEeqEM7mFKilpXw" target="_2ZIdEqlUEeqEM7mFKilpXw" relationshipRef="_5FDigIuZEDicE5oekKh3YQ">          <bendpoint x="714" y="439"/>          <bendpoint x="786" y="439"/>        </connection>        <connection xsi:type="Relationship" identifier="_wRRrYIwrEDiHutvYZ8Mr4A" source="_2ZJsvqlUEeqEM7mFKilpXw" target="_2ZIdFKlUEeqEM7mFKilpXw" relationshipRef="_wPSHUIwrEDiHutvYZ8Mr4A">          <bendpoint x="684" y="577"/>          <bendpoint x="827" y="576"/>        </connection>        <connection xsi:type="Relationship" identifier="_yqF84owrEDiHutvYZ8Mr4A" source="_2ZIdFalUEeqEM7mFKilpXw" target="_2ZJsvqlUEeqEM7mFKilpXw" relationshipRef="_yovSAIwrEDiHutvYZ8Mr4A">          <bendpoint x="764" y="607"/>          <bendpoint x="621" y="607"/>        </connection>        <connection xsi:type="Relationship" identifier="_0SYwYIwrEDiHutvYZ8Mr4A" source="_2ZJsvqlUEeqEM7mFKilpXw" target="_2ZIdFalUEeqEM7mFKilpXw" relationshipRef="_0R190owrEDiHutvYZ8Mr4A">          <bendpoint x="706" y="627"/>          <bendpoint x="827" y="627"/>        </connection>        <connection xsi:type="Relationship" identifier="_PdgBYIwtEDiHutvYZ8Mr4A" source="_2ZJsuqlUEeqEM7mFKilpXw" target="_2ZJsKalUEeqEM7mFKilpXw" relationshipRef="_PcwagYwtEDiHutvYZ8Mr4A">          <bendpoint x="210" y="957"/>          <bendpoint x="210" y="958"/>        </connection>        <connection xsi:type="Relationship" identifier="_YjhxwIwtEDiHutvYZ8Mr4A" source="_2ZIdCqlUEeqEM7mFKilpXw" target="_2ZJstKlUEeqEM7mFKilpXw" relationshipRef="_YjA0YIwtEDiHutvYZ8Mr4A">          <bendpoint x="382" y="1485"/>          <bendpoint x="382" y="458"/>        </connection>        <connection xsi:type="Relationship" identifier="_aPe9QYwtEDiHutvYZ8Mr4A" source="_2ZJss6lUEeqEM7mFKilpXw" target="_2ZJstKlUEeqEM7mFKilpXw" relationshipRef="_aOwkgowtEDiHutvYZ8Mr4A">          <bendpoint x="210" y="489"/>          <bendpoint x="210" y="490"/>        </connection>        <connection xsi:type="Relationship" identifier="_eF4nEowtEDiHutvYZ8Mr4A" source="_2ZJsualUEeqEM7mFKilpXw" target="_2ZJst6lUEeqEM7mFKilpXw" relationshipRef="_eFeXYowtEDiHutvYZ8Mr4A">          <bendpoint x="210" y="797"/>          <bendpoint x="210" y="798"/>        </connection>        <connection xsi:type="Relationship" identifier="_gAzboowtEDiHutvYZ8Mr4A" source="_2ZJst6lUEeqEM7mFKilpXw" target="_2ZJsKalUEeqEM7mFKilpXw" relationshipRef="_gAU6gYwtEDiHutvYZ8Mr4A">          <bendpoint x="210" y="838"/>          <bendpoint x="210" y="838"/>        </connection>        <connection xsi:type="Relationship" identifier="_iNTvcIwtEDiHutvYZ8Mr4A" source="_2ZJsuKlUEeqEM7mFKilpXw" target="_2ZJssqlUEeqEM7mFKilpXw" relationshipRef="_iMiTYYwtEDiHutvYZ8Mr4A">          <bendpoint x="210" y="635"/>          <bendpoint x="210" y="635"/>        </connection>        <connection xsi:type="Relationship" identifier="_quSSAIwtEDiHutvYZ8Mr4A" source="_2ZJstalUEeqEM7mFKilpXw" target="_2ZJsu6lUEeqEM7mFKilpXw" relationshipRef="_qsErgIwtEDiHutvYZ8Mr4A">          <bendpoint x="210" y="348"/>          <bendpoint x="210" y="347"/>        </connection>        <connection xsi:type="Relationship" identifier="__-T6EIwtEDiHutvYZ8Mr4A" source="_2ZIdBqlUEeqEM7mFKilpXw" target="_2ZJsu6lUEeqEM7mFKilpXw" relationshipRef="__8YncIwtEDiHutvYZ8Mr4A">          <bendpoint x="373" y="1104"/>          <bendpoint x="372" y="377"/>        </connection>        <connection xsi:type="Relationship" identifier="_Li8a4owuEDiHutvYZ8Mr4A" source="_2ZIdDKlUEeqEM7mFKilpXw" target="_2ZJsvKlUEeqEM7mFKilpXw" relationshipRef="_LiP3UIwuEDiHutvYZ8Mr4A">          <bendpoint x="384" y="1825"/>          <bendpoint x="384" y="224"/>        </connection>        <connection xsi:type="Relationship" identifier="_SXbmcowuEDiHutvYZ8Mr4A" source="_2ZIdC6lUEeqEM7mFKilpXw" target="_2ZJssqlUEeqEM7mFKilpXw" relationshipRef="_SXAvsYwuEDiHutvYZ8Mr4A">          <bendpoint x="384" y="1902"/>          <bendpoint x="384" y="665"/>        </connection>        <connection xsi:type="Relationship" identifier="__krAIYwvEDiHutvYZ8Mr4A" source="_2ZJstqlUEeqEM7mFKilpXw" target="_2ZJsvKlUEeqEM7mFKilpXw" relationshipRef="__icykIwvEDiHutvYZ8Mr4A">          <bendpoint x="210" y="198"/>          <bendpoint x="210" y="198"/>        </connection>        <connection xsi:type="Relationship" identifier="_M3jygIwwEDiHutvYZ8Mr4A" source="_2ZIdA6lUEeqEM7mFKilpXw" target="_2ZJst6lUEeqEM7mFKilpXw" relationshipRef="_M1CqAIwwEDiHutvYZ8Mr4A">          <bendpoint x="366" y="777"/>          <bendpoint x="365" y="777"/>        </connection>        <connection xsi:type="Relationship" identifier="_PsIy8owwEDiHutvYZ8Mr4A" source="_2ZIdBKlUEeqEM7mFKilpXw" target="_2ZJst6lUEeqEM7mFKilpXw" relationshipRef="_PrUTkYwwEDiHutvYZ8Mr4A">          <bendpoint x="371" y="535"/>          <bendpoint x="370" y="759"/>        </connection>      </view>      <view identifier="_2ZJsx6lUEeqEM7mFKilpXw">        <name xml:lang="en">Technology</name>        <node xsi:type="Element" identifier="_2ZJsyalUEeqEM7mFKilpXw" h="60" w="130" x="230" y="120" elementRef="_2ZJsy6lUEeqEM7mFKilpXw"/>      </view>    </diagrams>  </views></model>
