{"identifier":"https://me.big.tuwien.ac.at/EAModelSet/e5c0f3a7-a237-44be-a17b-21d3568c827b","archimateId":"e5c0f3a7-a237-44be-a17b-21d3568c827b","name":"OpenSource Standard","description":"","formats":["XML","CSV","JSON","ARCHIMATE"],"source":"GitHub","sourceFile":"raw-data/github/grafico/oss-model.archimate","sourceFormat":"ARCHIMATE","timestamp":"29-06-2023 09:29:21","tags":[],"duplicates":[],"language":"en","elements":[{"id":"5a824ee9-f715-4b48-be12-e531c7978ed5","name":"Reviewing Digital Initiatives","type":"BusinessService","layer":"business"},{"id":"83db111b-c8e9-46de-95d5-560b3018f125","name":"Government of Canada Enterprise ARB","type":"BusinessActor","layer":"business"},{"id":"cdc82eb9-e43b-469e-b5a9-32749b0e4d72","name":"Register to Open Resource Exchange ","type":"BusinessProcess","layer":"business"},{"id":"99b660c4-13fc-4d3a-a9a0-7741e20f5bf5","name":"Business Requirement","type":"BusinessObject","layer":"business"},{"id":"a22773d4-cb2e-4880-80dc-6305d68daac5","name":"Use Open Source Software With Modifications ","type":"BusinessProcess","layer":"business"},{"id":"283315dd-fa65-4f6f-b0bb-013b0599409f","name":"Actively and Fairly Consider Open Source Software","type":"BusinessProcess","layer":"business"},{"id":"e57ffed9-f55e-4295-b2a1-751937a88242","name":"Concept Case","type":"BusinessObject","layer":"business"},{"id":"8c9e1393-3e08-4fa2-ad38-fc5972f2de42","name":"Contribution to Open Source Software","type":"BusinessObject","layer":"business"},{"id":"5ef71001-343b-4c22-b079-a52d69110da1","name":"Architecture Review Boards","type":"BusinessInterface","layer":"business"},{"id":"da2ac53e-f72e-462f-8acb-f18c750523b2","name":"Use of Open Source Software","type":"BusinessObject","layer":"business"},{"id":"e4935a5c-ac5b-4848-b819-5900826b2fa4","name":"Developing a solution","type":"BusinessEvent","layer":"business"},{"id":"53236950-e7f2-405f-8c76-bf00674700d4","name":"OGD Architecture Review Boards (ARB)","type":"BusinessActor","layer":"business"},{"id":"c1c42b44-4801-4435-82d2-c74248616209","name":"Business Actor","type":"BusinessActor","layer":"business"},{"id":"d9421c96-81ad-42b0-a7e1-ee2e38cf0d0e","name":"Assessment framework ","type":"BusinessObject","layer":"business"},{"id":"4772186d-4a57-46f3-ba7b-c4ab4ac0b0b7","name":"Review Architecture","type":"BusinessProcess","layer":"business"},{"id":"737a343d-0f2f-435b-a407-94c79d4d8b6f","name":"Verify Open Source Software Ownership or Licence","type":"BusinessProcess","layer":"business"},{"id":"886bb32d-dc5a-42cb-be61-dc03d9231911","name":"Evaluate Support Options","type":"BusinessProcess","layer":"business"},{"id":"c95fff0d-8163-45f8-b9c3-3f21f075017e","name":"Architects","type":"BusinessRole","layer":"business"},{"id":"96a27c1f-cb4c-43f7-8665-461b2788cac2","name":"Prior to Starting","type":"BusinessObject","layer":"business"},{"id":"7225ef56-9c6e-4f47-a262-bce4a28136d6","name":"Publication of Open Source Code","type":"BusinessObject","layer":"business"},{"id":"81563f5e-aaa9-47d8-b36b-9dcfea93bcb3","name":"Open Source Standards Document","type":"BusinessObject","layer":"business"},{"id":"e4276857-5fd3-4d79-bc95-39196e50a5d6","name":"Use Open Source Software Without Modification ","type":"BusinessProcess","layer":"business"},{"id":"c5860ba7-c7cf-440c-bb42-7a7f2ced7142","name":"Ensure the GC acts as a single enterprise","type":"Goal","layer":"motivation"},{"id":"fe12ac81-58f9-485d-9ebe-719668662807","name":"Mandatory Procedures for Enterprise Architecture Assessment","type":"Driver","layer":"motivation"},{"id":"b7140d49-47a5-48c8-acf5-fab1b4f0606e","name":"Evaluate Requirements","type":"Requirement","layer":"motivation"},{"id":"368de115-887b-49f2-824c-2bd6a63f8b78","name":"Flexibility of the License ","type":"Constraint","layer":"motivation"},{"id":"cc248455-aedd-49fb-aafa-9702c5a57cb5","name":"Business Requirements","type":"Constraint","layer":"motivation"},{"id":"9f159c5b-456c-40b2-9485-41c03d8351bd","name":"Mandatory Procedures for Concept Cases for Digital Projects","type":"Driver","layer":"motivation"},{"id":"f6b0e8c6-68e0-411c-952e-1cc55d324b7a","name":"Avoid Open Core","type":"Constraint","layer":"motivation"},{"id":"13502aa7-ebe0-4bf8-9178-56c14dc12624","name":"Define Concept Case & Business Requirement First","type":"Requirement","layer":"motivation"},{"id":"75138264-69dd-414d-b141-a64a53c7fa93","name":"Public Servants","type":"Stakeholder","layer":"motivation"},{"id":"9c534ce2-d566-4e02-86ac-0c0d77d277a5","name":"Contribute to OSS","type":"Goal","layer":"motivation"},{"id":"072d50c3-37b7-437e-8b81-7833042a23c3","name":"Government of Canada (GC)","type":"Stakeholder","layer":"motivation"},{"id":"ed7386c0-c47c-4ac1-8567-301953828b6e","name":"Where Appropriate and Where Possible ","type":"Principle","layer":"motivation"},{"id":"f63e8be0-db09-4e5f-b9c9-379663a9cda7","name":"Concept Case","type":"Constraint","layer":"motivation"},{"id":"6018a5a2-95d0-4aa8-a7bb-de3dd027a2f2","name":"Ability to use for any Purpose ","type":"Constraint","layer":"motivation"},{"id":"1acdf08d-97f7-49ce-913f-00ae661bbd22","name":"The Ability to Distribute the Software ","type":"Constraint","layer":"motivation"},{"id":"57464700-47c0-4fb6-9004-ef190ca45e67","name":"Requirements","type":"Requirement","layer":"motivation"},{"id":"27c03f66-6d6f-4910-93a5-b6049e12c466","name":"Security Assessments","type":"Requirement","layer":"motivation"},{"id":"3c2e60ea-a922-46c7-9e10-574ee84d97a5","name":"The Ability to Evaluate the Code ","type":"Constraint","layer":"motivation"},{"id":"017ba257-a665-4086-93b9-383a43d9abf9","name":"The Use of International or Canadian Standards ","type":"Constraint","layer":"motivation"},{"id":"861db336-50f4-462e-8373-0702403a36c7","name":"Goals","type":"Goal","layer":"motivation"},{"id":"ea6a4b15-1570-4b7e-9a09-9e2590a0f9d3","name":"Increased use of Open Source Software in the GC","type":"Assessment","layer":"motivation"},{"id":"0319c913-8604-445b-9807-6df5c57ca089","name":"Evaluation","type":"Constraint","layer":"motivation"},{"id":"036c7ca4-0d0e-408f-8c70-36a0b46ddab1","name":"Complies with Digital Principles","type":"Constraint","layer":"motivation"},{"id":"a2e46ff4-4826-4eaa-b421-dd74ac50876b","name":"D.2.2.1.4.2 Leveraging open source tools and frameworks to implement the API where possible.","type":"Requirement","layer":"motivation"},{"id":"dbef24a1-597a-433b-aa0c-36babd20fb70","name":"Stakeholder","type":"Stakeholder","layer":"motivation"},{"id":"a48b242e-9cb7-4446-9294-cb013bd88a1f","name":"Departments and Agencies","type":"Stakeholder","layer":"motivation"},{"id":"342a4cfc-d73e-4fd9-95ce-af63196faf63","name":"The Alignment with Open Government","type":"Constraint","layer":"motivation"},{"id":"b066b6d6-407e-431d-b30d-ad3e162a64f7","name":"Use open standards and solutions ","type":"Driver","layer":"motivation"},{"id":"3fd0d0fd-5183-48e0-aaa7-d746e2656e5d","name":"Constraints","type":"Constraint","layer":"motivation"},{"id":"419b8650-e155-4386-9fbe-8c3659a4f88d","name":"Drivers","type":"Driver","layer":"motivation"},{"id":"194f459a-11e5-4604-b253-3bf2f782972d","name":"Directive on Policy on the Planning and Management of Investments","type":"Principle","layer":"motivation"},{"id":"85fede06-312f-43af-a1f4-f440618835c8","name":"C.2.3.8.1 Use open standards and open source software first","type":"Requirement","layer":"motivation"},{"id":"20a94f8c-df3b-4981-b12c-7415ceb792f2","name":"A strong user community","type":"Requirement","layer":"motivation"},{"id":"5a364d99-82f5-4162-9f5f-ff3e59542af5","name":"Develop standards","type":"Value","layer":"motivation"},{"id":"fb4a8d82-7e4b-418f-a7c5-3f0a17543e98","name":"A strong developer community","type":"Requirement","layer":"motivation"},{"id":"17c23ce9-1990-4651-955a-0aa998dc5ca6","name":"Ensure departmental alignment","type":"Goal","layer":"motivation"},{"id":"f5455c03-edfc-4ea8-ac05-486e3b61fb76","name":"User documentation","type":"Requirement","layer":"motivation"},{"id":"f5f9ca5d-8a35-4971-af65-00ced73617c6","name":"Selecting Open Source Software First ","type":"Constraint","layer":"motivation"},{"id":"2ddf5826-f4fe-4336-ae50-961382a96bb3","name":"Release source code under Open Source Software licences","type":"Goal","layer":"motivation"},{"id":"518cc30c-f7e3-478b-b6b6-8bd16eae7d55","name":"Principles","type":"Principle","layer":"motivation"},{"id":"6ddf8773-898b-43b3-b63a-1453bf2a1fb9","name":"Government of Canada Digital Standards","type":"Principle","layer":"motivation"},{"id":"3026e0e6-4bfc-40b6-b719-6f09ee3e69a0","name":"Use open standards and open software first","type":"Constraint","layer":"motivation"},{"id":"1f0e4acf-7170-416e-b5ca-3fa9babc918d","name":"Directive on Management of Information Technology","type":"Principle","layer":"motivation"},{"id":"c1565724-3a6d-4680-8baa-96275b064c44","name":"Leverage open standards and embrace leading practices, including the use of open source software where appropriate","type":"Requirement","layer":"motivation"},{"id":"5f14361d-d299-4f2a-8240-65ee2f1b1cb4","name":"Develop an Open Source Software Standard ","type":"Outcome","layer":"motivation"},{"id":"329da8ba-3fa9-422b-a1a2-e24d4cf9594e","name":"Open Source Standard","type":"Principle","layer":"motivation"},{"id":"ef5e72e3-8631-4434-8eff-510e99981018","name":"Junction","type":"Junction","layer":"other"},{"id":"21d69e6b-d687-432f-8405-56e7cbb976db","name":"Selecting Opensource Software","type":"Grouping","layer":"other"},{"id":"55b03488-b57b-4ead-afd7-573dde7f7032","name":"Junction","type":"Junction","layer":"other"},{"id":"20a6f1f3-a402-4f0b-8660-0097af0f1a1a","name":"Architecture Review","type":"Grouping","layer":"other"}],"relationships":[{"id":"58e5b41b-46a0-4528-88f9-5c13b729180e","sourceId":"f6b0e8c6-68e0-411c-952e-1cc55d324b7a","targetId":"329da8ba-3fa9-422b-a1a2-e24d4cf9594e","type":"RealizationRelationship"},{"id":"4798affd-f483-4d64-a17a-b17851776a84","sourceId":"5a364d99-82f5-4162-9f5f-ff3e59542af5","targetId":"5f14361d-d299-4f2a-8240-65ee2f1b1cb4","type":"AssociationRelationship"},{"id":"6777fe5e-c122-4be8-b455-39dc3311e355","sourceId":"dbef24a1-597a-433b-aa0c-36babd20fb70","targetId":"75138264-69dd-414d-b141-a64a53c7fa93","type":"AggregationRelationship"},{"id":"2cbe19c4-b50b-4a57-88fd-2c423c4e6360","sourceId":"283315dd-fa65-4f6f-b0bb-013b0599409f","targetId":"f5f9ca5d-8a35-4971-af65-00ced73617c6","type":"AssociationRelationship"},{"id":"2f2e104e-1b57-4f53-b75b-e0466e892154","sourceId":"dbef24a1-597a-433b-aa0c-36babd20fb70","targetId":"a48b242e-9cb7-4446-9294-cb013bd88a1f","type":"AggregationRelationship"},{"id":"fe6c0c7b-0f1e-4a28-b405-607ef7e12587","sourceId":"9f159c5b-456c-40b2-9485-41c03d8351bd","targetId":"f63e8be0-db09-4e5f-b9c9-379663a9cda7","type":"InfluenceRelationship"},{"id":"b3ccb7ea-b5a5-440b-8b91-df4587454a7e","sourceId":"c95fff0d-8163-45f8-b9c3-3f21f075017e","targetId":"4772186d-4a57-46f3-ba7b-c4ab4ac0b0b7","type":"AssignmentRelationship"},{"id":"86175e4e-018b-4eeb-8c9f-fca38f42c275","sourceId":"518cc30c-f7e3-478b-b6b6-8bd16eae7d55","targetId":"ed7386c0-c47c-4ac1-8567-301953828b6e","type":"AggregationRelationship"},{"id":"21ef05cb-eb59-4158-b737-f18f56b3352c","sourceId":"55b03488-b57b-4ead-afd7-573dde7f7032","targetId":"a22773d4-cb2e-4880-80dc-6305d68daac5","type":"FlowRelationship"},{"id":"e20c6854-133d-48f9-af9c-d2c6ab5134bb","sourceId":"c1c42b44-4801-4435-82d2-c74248616209","targetId":"83db111b-c8e9-46de-95d5-560b3018f125","type":"AggregationRelationship"},{"id":"7fe57db0-c4c7-42b9-ad9b-505e7d891240","sourceId":"20a6f1f3-a402-4f0b-8660-0097af0f1a1a","targetId":"c5860ba7-c7cf-440c-bb42-7a7f2ced7142","type":"RealizationRelationship"},{"id":"dbfdb26f-46eb-43cc-89b8-5ed660c01601","sourceId":"283315dd-fa65-4f6f-b0bb-013b0599409f","targetId":"85fede06-312f-43af-a1f4-f440618835c8","type":"InfluenceRelationship"},{"id":"fa499cad-7f46-4bcb-b9f0-c7df92ab58ca","sourceId":"4772186d-4a57-46f3-ba7b-c4ab4ac0b0b7","targetId":"d9421c96-81ad-42b0-a7e1-ee2e38cf0d0e","type":"AccessRelationship"},{"id":"e2ad8112-db83-4778-8784-a655abefb031","sourceId":"886bb32d-dc5a-42cb-be61-dc03d9231911","targetId":"55b03488-b57b-4ead-afd7-573dde7f7032","type":"FlowRelationship"},{"id":"fb1e2389-fa8a-48e1-a117-21adc65e06ad","sourceId":"861db336-50f4-462e-8373-0702403a36c7","targetId":"419b8650-e155-4386-9fbe-8c3659a4f88d","type":"AssociationRelationship"},{"id":"0c53d244-2792-4f95-80d5-aeee7bd9745d","sourceId":"1f0e4acf-7170-416e-b5ca-3fa9babc918d","targetId":"fe12ac81-58f9-485d-9ebe-719668662807","type":"AssociationRelationship"},{"id":"d0cebd15-6a98-45cd-ae73-29ee0a6f6d81","sourceId":"fe12ac81-58f9-485d-9ebe-719668662807","targetId":"20a6f1f3-a402-4f0b-8660-0097af0f1a1a","type":"AssociationRelationship"},{"id":"359759ac-c676-4b6c-9040-9ca4aa7256a0","sourceId":"3fd0d0fd-5183-48e0-aaa7-d746e2656e5d","targetId":"036c7ca4-0d0e-408f-8c70-36a0b46ddab1","type":"AggregationRelationship"},{"id":"db1c2127-be9c-4adb-b806-adb810ef38d8","sourceId":"283315dd-fa65-4f6f-b0bb-013b0599409f","targetId":"20a94f8c-df3b-4981-b12c-7415ceb792f2","type":"AssociationRelationship"},{"id":"1687be97-8c50-4318-8bc3-bd0a722128a4","sourceId":"ef5e72e3-8631-4434-8eff-510e99981018","targetId":"cdc82eb9-e43b-469e-b5a9-32749b0e4d72","type":"FlowRelationship"},{"id":"4f095fc1-d65c-4ac7-8b28-1c143d11457b","sourceId":"3fd0d0fd-5183-48e0-aaa7-d746e2656e5d","targetId":"342a4cfc-d73e-4fd9-95ce-af63196faf63","type":"AggregationRelationship"},{"id":"6c8921ee-a621-4d86-b3c5-5b9d8e671ce5","sourceId":"861db336-50f4-462e-8373-0702403a36c7","targetId":"ea6a4b15-1570-4b7e-9a09-9e2590a0f9d3","type":"AssociationRelationship"},{"id":"f9d0a049-ac99-439d-b242-5f7143cfc7ef","sourceId":"a22773d4-cb2e-4880-80dc-6305d68daac5","targetId":"ef5e72e3-8631-4434-8eff-510e99981018","type":"FlowRelationship"},{"id":"21e8fccf-4aeb-45bc-af29-1fc25aa7b157","sourceId":"57464700-47c0-4fb6-9004-ef190ca45e67","targetId":"13502aa7-ebe0-4bf8-9178-56c14dc12624","type":"AggregationRelationship"},{"id":"cff6d1c6-a33b-470b-a82c-fa8d01c16b0e","sourceId":"3fd0d0fd-5183-48e0-aaa7-d746e2656e5d","targetId":"5f14361d-d299-4f2a-8240-65ee2f1b1cb4","type":"RealizationRelationship"},{"id":"58abe543-d7c3-42e7-8ec2-11c1f52185c4","sourceId":"27c03f66-6d6f-4910-93a5-b6049e12c466","targetId":"329da8ba-3fa9-422b-a1a2-e24d4cf9594e","type":"RealizationRelationship"},{"id":"6c1ede9f-9609-4af4-abd9-12b334092ea3","sourceId":"81563f5e-aaa9-47d8-b36b-9dcfea93bcb3","targetId":"96a27c1f-cb4c-43f7-8665-461b2788cac2","type":"CompositionRelationship"},{"id":"7ea4e955-cb66-4142-9782-de865fe9f150","sourceId":"c1c42b44-4801-4435-82d2-c74248616209","targetId":"53236950-e7f2-405f-8c76-bf00674700d4","type":"AggregationRelationship"},{"id":"9f36cd1a-7302-4ca3-b0b3-fb12b55f507a","sourceId":"283315dd-fa65-4f6f-b0bb-013b0599409f","targetId":"fb4a8d82-7e4b-418f-a7c5-3f0a17543e98","type":"AssociationRelationship"},{"id":"39c93acb-f497-4433-80ab-0cb19d7d6d88","sourceId":"fb4a8d82-7e4b-418f-a7c5-3f0a17543e98","targetId":"329da8ba-3fa9-422b-a1a2-e24d4cf9594e","type":"RealizationRelationship"},{"id":"d74148d3-e79a-4406-afef-843116afad9a","sourceId":"fe12ac81-58f9-485d-9ebe-719668662807","targetId":"a2e46ff4-4826-4eaa-b421-dd74ac50876b","type":"AssociationRelationship"},{"id":"0e5dcc11-cf25-4726-a7c7-840953aecaf4","sourceId":"5ef71001-343b-4c22-b079-a52d69110da1","targetId":"5a824ee9-f715-4b48-be12-e531c7978ed5","type":"AssignmentRelationship"},{"id":"ab449647-133b-4c14-ac9f-c699a13e2c2a","sourceId":"55b03488-b57b-4ead-afd7-573dde7f7032","targetId":"e4276857-5fd3-4d79-bc95-39196e50a5d6","type":"FlowRelationship"},{"id":"8b4cf31c-0efe-4494-bf76-ed86a14aa88a","sourceId":"57464700-47c0-4fb6-9004-ef190ca45e67","targetId":"518cc30c-f7e3-478b-b6b6-8bd16eae7d55","type":"RealizationRelationship"},{"id":"d4a9fd9d-b2a5-41d3-8594-f5dfc8b60f3c","sourceId":"283315dd-fa65-4f6f-b0bb-013b0599409f","targetId":"f5455c03-edfc-4ea8-ac05-486e3b61fb76","type":"AssociationRelationship"},{"id":"36bbda8a-67f4-4a97-a8b1-0b6847125976","sourceId":"4772186d-4a57-46f3-ba7b-c4ab4ac0b0b7","targetId":"5a824ee9-f715-4b48-be12-e531c7978ed5","type":"RealizationRelationship"},{"id":"279780fb-519c-4bb2-ab6d-1eefb1f19444","sourceId":"f5f9ca5d-8a35-4971-af65-00ced73617c6","targetId":"329da8ba-3fa9-422b-a1a2-e24d4cf9594e","type":"RealizationRelationship"},{"id":"ae401587-a791-41e5-932d-02df561e44f5","sourceId":"419b8650-e155-4386-9fbe-8c3659a4f88d","targetId":"fe12ac81-58f9-485d-9ebe-719668662807","type":"AggregationRelationship"},{"id":"49ef096b-bb7c-4f60-a7f7-e4ec7518e251","sourceId":"518cc30c-f7e3-478b-b6b6-8bd16eae7d55","targetId":"5f14361d-d299-4f2a-8240-65ee2f1b1cb4","type":"RealizationRelationship"},{"id":"02cabf27-3f63-485b-a20e-6dc9a81fdb7c","sourceId":"fe12ac81-58f9-485d-9ebe-719668662807","targetId":"85fede06-312f-43af-a1f4-f440618835c8","type":"AssociationRelationship"},{"id":"34342cbb-f3ba-4692-8fd5-70b42ab40bc2","sourceId":"fe12ac81-58f9-485d-9ebe-719668662807","targetId":"c5860ba7-c7cf-440c-bb42-7a7f2ced7142","type":"InfluenceRelationship"},{"id":"04c21140-5ed0-401b-894f-1cb2d6ed6a33","sourceId":"3fd0d0fd-5183-48e0-aaa7-d746e2656e5d","targetId":"1acdf08d-97f7-49ce-913f-00ae661bbd22","type":"AggregationRelationship"},{"id":"89b702eb-fd5f-4deb-8401-eca6ba38a72e","sourceId":"3fd0d0fd-5183-48e0-aaa7-d746e2656e5d","targetId":"368de115-887b-49f2-824c-2bd6a63f8b78","type":"AggregationRelationship"},{"id":"210f21ea-f3e0-49d3-aa96-674e657ae952","sourceId":"81563f5e-aaa9-47d8-b36b-9dcfea93bcb3","targetId":"8c9e1393-3e08-4fa2-ad38-fc5972f2de42","type":"CompositionRelationship"},{"id":"d1749580-8fa5-47dc-a921-4c7e5773bbc9","sourceId":"f5455c03-edfc-4ea8-ac05-486e3b61fb76","targetId":"329da8ba-3fa9-422b-a1a2-e24d4cf9594e","type":"RealizationRelationship"},{"id":"c98dd8a5-88d8-4571-995a-65c522690972","sourceId":"e4935a5c-ac5b-4848-b819-5900826b2fa4","targetId":"283315dd-fa65-4f6f-b0bb-013b0599409f","type":"FlowRelationship"},{"id":"575af573-f673-4c19-8418-49f9fefdcd70","sourceId":"85fede06-312f-43af-a1f4-f440618835c8","targetId":"f5f9ca5d-8a35-4971-af65-00ced73617c6","type":"InfluenceRelationship"},{"id":"b4b5e2a1-685d-4f80-8b90-a8f34b440094","sourceId":"3fd0d0fd-5183-48e0-aaa7-d746e2656e5d","targetId":"3026e0e6-4bfc-40b6-b719-6f09ee3e69a0","type":"AggregationRelationship"},{"id":"6a33a3c2-37c8-473c-844f-98c002697766","sourceId":"283315dd-fa65-4f6f-b0bb-013b0599409f","targetId":"27c03f66-6d6f-4910-93a5-b6049e12c466","type":"AssociationRelationship"},{"id":"6b5f7de8-87bb-4dd0-b3c7-941d8a01d15e","sourceId":"c95fff0d-8163-45f8-b9c3-3f21f075017e","targetId":"5ef71001-343b-4c22-b079-a52d69110da1","type":"CompositionRelationship"},{"id":"ab5235e4-895b-471c-ade5-621bb58bd54c","sourceId":"283315dd-fa65-4f6f-b0bb-013b0599409f","targetId":"f6b0e8c6-68e0-411c-952e-1cc55d324b7a","type":"AssociationRelationship"},{"id":"fd687e91-cd7b-4507-8ea2-ff0c9c5d115c","sourceId":"dbef24a1-597a-433b-aa0c-36babd20fb70","targetId":"5a364d99-82f5-4162-9f5f-ff3e59542af5","type":"AssociationRelationship"},{"id":"08b30b9c-0eaa-4898-ae62-c50e433c8b92","sourceId":"737a343d-0f2f-435b-a407-94c79d4d8b6f","targetId":"886bb32d-dc5a-42cb-be61-dc03d9231911","type":"FlowRelationship"},{"id":"bea1dbde-3206-4aa4-930c-221ba836ab8f","sourceId":"81563f5e-aaa9-47d8-b36b-9dcfea93bcb3","targetId":"da2ac53e-f72e-462f-8acb-f18c750523b2","type":"CompositionRelationship"},{"id":"ce7bdf8b-0255-4988-981c-7ba4b129a736","sourceId":"283315dd-fa65-4f6f-b0bb-013b0599409f","targetId":"737a343d-0f2f-435b-a407-94c79d4d8b6f","type":"FlowRelationship"},{"id":"d32d0486-8de2-4a68-9e76-3408d812fc30","sourceId":"3fd0d0fd-5183-48e0-aaa7-d746e2656e5d","targetId":"3c2e60ea-a922-46c7-9e10-574ee84d97a5","type":"AggregationRelationship"},{"id":"a3c25035-58fd-47c9-b5c7-2410aa245fc4","sourceId":"194f459a-11e5-4604-b253-3bf2f782972d","targetId":"9f159c5b-456c-40b2-9485-41c03d8351bd","type":"AssociationRelationship"},{"id":"cb1f5ff8-f2ed-488d-b44f-c0e05c40b76b","sourceId":"c1565724-3a6d-4680-8baa-96275b064c44","targetId":"b066b6d6-407e-431d-b30d-ad3e162a64f7","type":"AssociationRelationship"},{"id":"d39c0761-ba75-40fe-ab26-1782799ffadd","sourceId":"20a94f8c-df3b-4981-b12c-7415ceb792f2","targetId":"329da8ba-3fa9-422b-a1a2-e24d4cf9594e","type":"RealizationRelationship"},{"id":"4101832a-b3f0-4070-a899-e063bd5b555f","sourceId":"861db336-50f4-462e-8373-0702403a36c7","targetId":"2ddf5826-f4fe-4336-ae50-961382a96bb3","type":"AggregationRelationship"},{"id":"d3020d75-076d-4956-b07f-b7e8fce011e0","sourceId":"861db336-50f4-462e-8373-0702403a36c7","targetId":"9c534ce2-d566-4e02-86ac-0c0d77d277a5","type":"AggregationRelationship"},{"id":"c5a21a9f-a88d-4da5-afdd-9ea31d5ceb9a","sourceId":"3fd0d0fd-5183-48e0-aaa7-d746e2656e5d","targetId":"cc248455-aedd-49fb-aafa-9702c5a57cb5","type":"AggregationRelationship"},{"id":"e969289d-016f-42a7-a4f4-a9cb02a7f5e5","sourceId":"419b8650-e155-4386-9fbe-8c3659a4f88d","targetId":"dbef24a1-597a-433b-aa0c-36babd20fb70","type":"AssociationRelationship"},{"id":"ce794a8d-e150-489c-a965-9c565e383cb8","sourceId":"3fd0d0fd-5183-48e0-aaa7-d746e2656e5d","targetId":"017ba257-a665-4086-93b9-383a43d9abf9","type":"AggregationRelationship"},{"id":"1871eff2-1d47-482f-b0de-4efe3466f703","sourceId":"6ddf8773-898b-43b3-b63a-1453bf2a1fb9","targetId":"20a6f1f3-a402-4f0b-8660-0097af0f1a1a","type":"AssociationRelationship"},{"id":"e06bf27d-a126-40a5-96ba-8f6a676881c9","sourceId":"3fd0d0fd-5183-48e0-aaa7-d746e2656e5d","targetId":"57464700-47c0-4fb6-9004-ef190ca45e67","type":"SpecializationRelationship"},{"id":"29c0d1ee-6790-4e52-93eb-a7bd3f4db4d6","sourceId":"c1c42b44-4801-4435-82d2-c74248616209","targetId":"c95fff0d-8163-45f8-b9c3-3f21f075017e","type":"AssignmentRelationship"},{"id":"8a8879e3-eecd-4c89-967d-5c41b186957c","sourceId":"20a6f1f3-a402-4f0b-8660-0097af0f1a1a","targetId":"17c23ce9-1990-4651-955a-0aa998dc5ca6","type":"RealizationRelationship"},{"id":"da3478b3-5110-4f78-8f65-28dc8e5a13f4","sourceId":"5f14361d-d299-4f2a-8240-65ee2f1b1cb4","targetId":"ea6a4b15-1570-4b7e-9a09-9e2590a0f9d3","type":"AssociationRelationship"},{"id":"86717df4-9f32-4c52-9f19-6935eb7650c3","sourceId":"57464700-47c0-4fb6-9004-ef190ca45e67","targetId":"b7140d49-47a5-48c8-acf5-fab1b4f0606e","type":"AggregationRelationship"},{"id":"077b4645-fda7-45a2-9810-521573aa2e40","sourceId":"b066b6d6-407e-431d-b30d-ad3e162a64f7","targetId":"3026e0e6-4bfc-40b6-b719-6f09ee3e69a0","type":"InfluenceRelationship"},{"id":"e8c186ee-8146-4db6-801b-c28ec4d12368","sourceId":"57464700-47c0-4fb6-9004-ef190ca45e67","targetId":"5f14361d-d299-4f2a-8240-65ee2f1b1cb4","type":"RealizationRelationship"},{"id":"d9cff512-1379-4516-8dcb-9f90347535bf","sourceId":"fe12ac81-58f9-485d-9ebe-719668662807","targetId":"17c23ce9-1990-4651-955a-0aa998dc5ca6","type":"InfluenceRelationship"},{"id":"32d4dfc9-a17c-4b1c-a207-06274f1375b6","sourceId":"3fd0d0fd-5183-48e0-aaa7-d746e2656e5d","targetId":"f63e8be0-db09-4e5f-b9c9-379663a9cda7","type":"AggregationRelationship"},{"id":"924ff8c0-65be-4924-aac3-d6aa5abd0280","sourceId":"fe12ac81-58f9-485d-9ebe-719668662807","targetId":"3026e0e6-4bfc-40b6-b719-6f09ee3e69a0","type":"InfluenceRelationship"},{"id":"adc9e3bc-ddee-41a4-a342-05c64d4643ea","sourceId":"dbef24a1-597a-433b-aa0c-36babd20fb70","targetId":"072d50c3-37b7-437e-8b81-7833042a23c3","type":"AggregationRelationship"},{"id":"ad8ce5b7-288f-4955-b587-3275d4580929","sourceId":"e4276857-5fd3-4d79-bc95-39196e50a5d6","targetId":"ef5e72e3-8631-4434-8eff-510e99981018","type":"FlowRelationship"},{"id":"17ba3807-dc56-4cb2-8d6d-53a5cb71a87f","sourceId":"81563f5e-aaa9-47d8-b36b-9dcfea93bcb3","targetId":"7225ef56-9c6e-4f47-a262-bce4a28136d6","type":"CompositionRelationship"},{"id":"83edd759-0d36-4edf-92df-28523d83d7fc","sourceId":"419b8650-e155-4386-9fbe-8c3659a4f88d","targetId":"9f159c5b-456c-40b2-9485-41c03d8351bd","type":"AggregationRelationship"},{"id":"c36e09eb-7116-4ad2-a34c-bfd5eab7d2a3","sourceId":"5f14361d-d299-4f2a-8240-65ee2f1b1cb4","targetId":"861db336-50f4-462e-8373-0702403a36c7","type":"RealizationRelationship"},{"id":"09f1230c-80e6-45f3-be0f-0db1498357a6","sourceId":"3fd0d0fd-5183-48e0-aaa7-d746e2656e5d","targetId":"6018a5a2-95d0-4aa8-a7bb-de3dd027a2f2","type":"AggregationRelationship"},{"id":"7df181b9-3bac-4585-8b31-bf8b835f40ff","sourceId":"419b8650-e155-4386-9fbe-8c3659a4f88d","targetId":"b066b6d6-407e-431d-b30d-ad3e162a64f7","type":"AggregationRelationship"},{"id":"92e9a1e6-ea87-4eab-955f-8312e466a598","sourceId":"6ddf8773-898b-43b3-b63a-1453bf2a1fb9","targetId":"b066b6d6-407e-431d-b30d-ad3e162a64f7","type":"AssociationRelationship"}],"views":[{"id":"a061dc02-e374-441c-8b62-0ed7d5e0d808","name":"Use of Open Source Software","viewpoint":""},{"id":"09b5d503-7bb4-4e23-b874-5dcda463ff08","name":"Prior to Starting","viewpoint":""},{"id":"f4eca5a0-3c63-41d6-8d06-c0dbeb747f79","name":"TBS Policies","viewpoint":""},{"id":"8ebdd3c2-fbaa-4ae0-b286-0a488d195167","name":"Open Source Software Standard","viewpoint":"motivation"},{"id":"49e633ce-9cc7-4cf6-9607-06197f3285cf","name":"Standard Break Down ","viewpoint":""}]}