{"identifier":"https://me.big.tuwien.ac.at/EAModelSet/_-GYt4C-VEeqqcaoAsxFIeg","archimateId":"_-GYt4C-VEeqqcaoAsxFIeg","name":"mishlang","description":"","formats":["XML","CSV","JSON","ARCHIMATE"],"source":"GenMyModel","sourceFile":"raw-data/genmymodel/_-gyt4c-veeqqcaoasxfieg.xml","sourceFormat":"XML","timestamp":"29-06-2023 09:25:37","tags":[],"duplicates":[],"language":"en","elements":[{"id":"_37dN0BHiEDi89MqxQPLTEA","name":"Misher","type":"BusinessActor","layer":"business"},{"id":"_6WS4kRHiEDi89MqxQPLTEA","name":"Product Developer","type":"BusinessRole","layer":"business"},{"id":"_9bV98RHiEDi89MqxQPLTEA","name":"Library Developer","type":"BusinessRole","layer":"business"},{"id":"_U8y2EBHjEDi89MqxQPLTEA","name":"Mishlang Local Platform","type":"Product","layer":"business"},{"id":"_coAOQBHjEDi89MqxQPLTEA","name":"Product Application Build Interface","type":"BusinessInterface","layer":"business"},{"id":"_lZTr0BHjEDi89MqxQPLTEA","name":"Product Application Build Service","type":"BusinessService","layer":"business"},{"id":"_qeKs0RHjEDi89MqxQPLTEA","name":"Building Application Product","type":"BusinessProcess","layer":"business"},{"id":"_QROpYBHkEDi89MqxQPLTEA","name":"Automated Test Interface","type":"BusinessInterface","layer":"business"},{"id":"_V2khQBHkEDi89MqxQPLTEA","name":"Automated Test Service","type":"BusinessService","layer":"business"},{"id":"_Xw5f8RHkEDi89MqxQPLTEA","name":"Automated Testing","type":"BusinessProcess","layer":"business"},{"id":"_ouebYBHkEDi89MqxQPLTEA","name":"Example Application Build Interface","type":"BusinessInterface","layer":"business"},{"id":"_xekYABHkEDi89MqxQPLTEA","name":"Example Application Build Service","type":"BusinessService","layer":"business"},{"id":"_0N-kkRHkEDi89MqxQPLTEA","name":"Building Example Application ","type":"BusinessProcess","layer":"business"},{"id":"_AHyrMBHlEDi89MqxQPLTEA","name":"Product Application","type":"BusinessObject","layer":"business"},{"id":"_Ats_MRHmEDi89MqxQPLTEA","name":"Example Application","type":"BusinessObject","layer":"business"},{"id":"_Zp5XABHmEDi89MqxQPLTEA","name":"Native Application Platform","type":"Product","layer":"business"},{"id":"_uKnpEBHmEDi89MqxQPLTEA","name":"Application Execution","type":"BusinessProcess","layer":"business"},{"id":"_BISM8RHnEDi89MqxQPLTEA","name":"Application User","type":"BusinessRole","layer":"business"},{"id":"_C7QmcBHnEDi89MqxQPLTEA","name":"Consumer","type":"BusinessActor","layer":"business"},{"id":"_z0M10BHoEDi89MqxQPLTEA","name":"Developer","type":"BusinessRole","layer":"business"},{"id":"_i7ldcBHpEDi89MqxQPLTEA","name":"Automated Test Result","type":"BusinessObject","layer":"business"},{"id":"_-V_HoRHqEDi89MqxQPLTEA","name":"Library Build Interface","type":"BusinessInterface","layer":"business"},{"id":"_xjXjYBIvEDitK7JbsydJVg","name":"Library Build Service","type":"BusinessService","layer":"business"},{"id":"_8tEbsBIvEDitK7JbsydJVg","name":"Building Library","type":"BusinessProcess","layer":"business"},{"id":"_CWgwcRIwEDitK7JbsydJVg","name":"Library Object","type":"BusinessObject","layer":"business"},{"id":"_2J3X8BIwEDi9JOmfP9sipQ","name":"CLI Application Publish Interface","type":"BusinessInterface","layer":"business"},{"id":"_CJd9gBIxEDi9JOmfP9sipQ","name":"CLI Application Publish Service","type":"BusinessService","layer":"business"},{"id":"_XLatURIxEDi9JOmfP9sipQ","name":"Publishing CLI Application","type":"BusinessProcess","layer":"business"}],"relationships":[{"id":"_lZZLYBHjEDi89MqxQPLTEA","sourceId":"_U8y2EBHjEDi89MqxQPLTEA","targetId":"_lZTr0BHjEDi89MqxQPLTEA","type":"Composition"},{"id":"_pmNKEBHjEDi89MqxQPLTEA","sourceId":"_coAOQBHjEDi89MqxQPLTEA","targetId":"_lZTr0BHjEDi89MqxQPLTEA","type":"Assignment"},{"id":"_2M8BExHjEDi89MqxQPLTEA","sourceId":"_lZTr0BHjEDi89MqxQPLTEA","targetId":"_qeKs0RHjEDi89MqxQPLTEA","type":"Serving"},{"id":"_V2qA0BHkEDi89MqxQPLTEA","sourceId":"_U8y2EBHjEDi89MqxQPLTEA","targetId":"_V2khQBHkEDi89MqxQPLTEA","type":"Composition"},{"id":"_Wrwc0RHkEDi89MqxQPLTEA","sourceId":"_QROpYBHkEDi89MqxQPLTEA","targetId":"_V2khQBHkEDi89MqxQPLTEA","type":"Assignment"},{"id":"_xe3S8hHkEDi89MqxQPLTEA","sourceId":"_U8y2EBHjEDi89MqxQPLTEA","targetId":"_xekYABHkEDi89MqxQPLTEA","type":"Composition"},{"id":"_zkkbMBHkEDi89MqxQPLTEA","sourceId":"_ouebYBHkEDi89MqxQPLTEA","targetId":"_xekYABHkEDi89MqxQPLTEA","type":"Assignment"},{"id":"_Dk5rQxHlEDi89MqxQPLTEA","sourceId":"_qeKs0RHjEDi89MqxQPLTEA","targetId":"_AHyrMBHlEDi89MqxQPLTEA","type":"Access"},{"id":"_GDYqcRHmEDi89MqxQPLTEA","sourceId":"_0N-kkRHkEDi89MqxQPLTEA","targetId":"_Ats_MRHmEDi89MqxQPLTEA","type":"Access"},{"id":"_FzafUBHnEDi89MqxQPLTEA","sourceId":"_C7QmcBHnEDi89MqxQPLTEA","targetId":"_BISM8RHnEDi89MqxQPLTEA","type":"Assignment"},{"id":"_HgrSYxHnEDi89MqxQPLTEA","sourceId":"_BISM8RHnEDi89MqxQPLTEA","targetId":"_uKnpEBHmEDi89MqxQPLTEA","type":"Assignment"},{"id":"_KxC28xHnEDi89MqxQPLTEA","sourceId":"_Zp5XABHmEDi89MqxQPLTEA","targetId":"_uKnpEBHmEDi89MqxQPLTEA","type":"Serving"},{"id":"_MIZrcxHnEDi89MqxQPLTEA","sourceId":"_uKnpEBHmEDi89MqxQPLTEA","targetId":"_Ats_MRHmEDi89MqxQPLTEA","type":"Access"},{"id":"_Oo9jsBHnEDi89MqxQPLTEA","sourceId":"_uKnpEBHmEDi89MqxQPLTEA","targetId":"_AHyrMBHlEDi89MqxQPLTEA","type":"Access"},{"id":"_QNhGsBHnEDi89MqxQPLTEA","sourceId":"_xekYABHkEDi89MqxQPLTEA","targetId":"_0N-kkRHkEDi89MqxQPLTEA","type":"Serving"},{"id":"_Q3nMkRHnEDi89MqxQPLTEA","sourceId":"_V2khQBHkEDi89MqxQPLTEA","targetId":"_Xw5f8RHkEDi89MqxQPLTEA","type":"Serving"},{"id":"_E4s4oRHpEDi89MqxQPLTEA","sourceId":"_z0M10BHoEDi89MqxQPLTEA","targetId":"_9bV98RHiEDi89MqxQPLTEA","type":"Composition"},{"id":"_FSYj8RHpEDi89MqxQPLTEA","sourceId":"_z0M10BHoEDi89MqxQPLTEA","targetId":"_6WS4kRHiEDi89MqxQPLTEA","type":"Composition"},{"id":"_M8eh0RHpEDi89MqxQPLTEA","sourceId":"_37dN0BHiEDi89MqxQPLTEA","targetId":"_z0M10BHoEDi89MqxQPLTEA","type":"Assignment"},{"id":"_Rs15gBHpEDi89MqxQPLTEA","sourceId":"_coAOQBHjEDi89MqxQPLTEA","targetId":"_6WS4kRHiEDi89MqxQPLTEA","type":"Serving"},{"id":"_094lQBHpEDi89MqxQPLTEA","sourceId":"_Xw5f8RHkEDi89MqxQPLTEA","targetId":"_i7ldcBHpEDi89MqxQPLTEA","type":"Access"},{"id":"_8I72sRHpEDi89MqxQPLTEA","sourceId":"_z0M10BHoEDi89MqxQPLTEA","targetId":"_uKnpEBHmEDi89MqxQPLTEA","type":"Assignment"},{"id":"_NbEs4hHqEDi89MqxQPLTEA","sourceId":"_QROpYBHkEDi89MqxQPLTEA","targetId":"_z0M10BHoEDi89MqxQPLTEA","type":"Serving"},{"id":"_OKleQxHqEDi89MqxQPLTEA","sourceId":"_ouebYBHkEDi89MqxQPLTEA","targetId":"_z0M10BHoEDi89MqxQPLTEA","type":"Serving"},{"id":"_anwJkBHqEDi89MqxQPLTEA","sourceId":"_z0M10BHoEDi89MqxQPLTEA","targetId":"_i7ldcBHpEDi89MqxQPLTEA","type":"Access"},{"id":"_oCBI8BIvEDitK7JbsydJVg","sourceId":"_-V_HoRHqEDi89MqxQPLTEA","targetId":"_9bV98RHiEDi89MqxQPLTEA","type":"Serving"},{"id":"_xjxzEhIvEDitK7JbsydJVg","sourceId":"_U8y2EBHjEDi89MqxQPLTEA","targetId":"_xjXjYBIvEDitK7JbsydJVg","type":"Composition"},{"id":"_EpITURIwEDitK7JbsydJVg","sourceId":"_8tEbsBIvEDitK7JbsydJVg","targetId":"_CWgwcRIwEDitK7JbsydJVg","type":"Access"},{"id":"_Har08xIwEDitK7JbsydJVg","sourceId":"_-V_HoRHqEDi89MqxQPLTEA","targetId":"_xjXjYBIvEDitK7JbsydJVg","type":"Assignment"},{"id":"_IHFn8xIwEDitK7JbsydJVg","sourceId":"_xjXjYBIvEDitK7JbsydJVg","targetId":"_8tEbsBIvEDitK7JbsydJVg","type":"Serving"},{"id":"_CJ4NMBIxEDi9JOmfP9sipQ","sourceId":"_U8y2EBHjEDi89MqxQPLTEA","targetId":"_CJd9gBIxEDi9JOmfP9sipQ","type":"Composition"},{"id":"_SkOfwBIxEDi9JOmfP9sipQ","sourceId":"_2J3X8BIwEDi9JOmfP9sipQ","targetId":"_CJd9gBIxEDi9JOmfP9sipQ","type":"Assignment"},{"id":"_a8qxYBIxEDi9JOmfP9sipQ","sourceId":"_CJd9gBIxEDi9JOmfP9sipQ","targetId":"_XLatURIxEDi9JOmfP9sipQ","type":"Serving"},{"id":"_jIkb0xIxEDi9JOmfP9sipQ","sourceId":"_2J3X8BIwEDi9JOmfP9sipQ","targetId":"_6WS4kRHiEDi89MqxQPLTEA","type":"Serving"}],"views":[{"id":"_aR2mURHPEDi89MqxQPLTEA","name":"ecosystem-local-viewpoint","viewpoint":""}]}