<?xml version="1.0" encoding="UTF-8"?>
<model xmlns="http://www.opengroup.org/xsd/archimate/3.0/" xmlns:xsi="http://www.w3.org/2001/XMLSchema-instance" xsi:schemaLocation="http://www.opengroup.org/xsd/archimate/3.0/ http://www.opengroup.org/xsd/archimate/3.1/archimate3_Diagram.xsd" identifier="ca3e414f-852a-49fb-8c22-766871ed92c8">
  <name xml:lang="en">(new model)</name>
  <elements>
    <element identifier="id-315dfab0-e454-4774-8422-3a90241b13c2" xsi:type="DataObject">
      <name xml:lang="en">Main</name>
    </element>
    <element identifier="e340afbb-5c66-4892-8ed4-dbde9cb1e201" xsi:type="DataObject">
      <name xml:lang="en">GI</name>
    </element>
    <element identifier="b7dcc71b-8d8c-4ac2-8b0d-fb099f7c5b09" xsi:type="DataObject">
      <name xml:lang="en">SAT</name>
    </element>
    <element identifier="cd260090-575e-4ee6-9404-8dbfb4a27225" xsi:type="DataObject">
      <name xml:lang="en">Helpers</name>
    </element>
    <element identifier="dd62115b-fcf0-4af5-bc0a-288831991df1" xsi:type="DataObject">
      <name xml:lang="en">Data Object</name>
    </element>
    <element identifier="id-33a25841-2f19-469c-b305-504e73bbb1e3" xsi:type="ApplicationService">
      <name xml:lang="en">Graphs</name>
    </element>
    <element identifier="id-3c39d876-37c6-4405-9cab-6d8ed5e59433" xsi:type="ApplicationService">
      <name xml:lang="en">Cryptominisat</name>
    </element>
    <element identifier="d21df5b8-570d-499e-8649-decac9135847" xsi:type="ApplicationComponent">
      <name xml:lang="en">Linux Kernel</name>
    </element>
    <element identifier="id-9823db9a-dbf6-42f9-a81b-529e3a452a1d" xsi:type="ApplicationComponent">
      <name xml:lang="en">Python</name>
    </element>
    <element identifier="id-69cc92ac-d917-4c50-859b-8d5d0f380950" xsi:type="ApplicationComponent">
      <name xml:lang="en">Traces</name>
    </element>
    <element identifier="eb30a636-9822-4052-8c8d-6d061e90991f" xsi:type="ApplicationService">
      <name xml:lang="en">Systems</name>
    </element>
    <element identifier="eef05080-8c01-4092-a5ec-23917568170c" xsi:type="ApplicationService">
      <name xml:lang="en">Results</name>
    </element>
    <element identifier="d1f2ebee-9ae0-4e7a-a079-9b6de109ddf6" xsi:type="Grouping">
      <name xml:lang="en">Helpers</name>
    </element>
    <element identifier="id-536b758c-409d-4385-a736-1c835ad4bb9f" xsi:type="Grouping">
      <name xml:lang="en">Controller</name>
    </element>
    <element identifier="a983a861-92f3-4347-8949-04d674b550e4" xsi:type="Grouping">
      <name xml:lang="en">Model</name>
    </element>
    <element identifier="id-1f76c98f-3bfe-470e-b2c9-acf8c73529b6" xsi:type="Grouping">
      <name xml:lang="en">Assets (Storage)</name>
    </element>
    <element identifier="b249624c-604f-42df-b062-221b26fd9dbc" xsi:type="Grouping">
      <name xml:lang="en">OS</name>
    </element>
    <element identifier="id-668bbc52-916a-4a94-a7ca-56f1c82a2d0d" xsi:type="Grouping">
      <name xml:lang="en">Package</name>
    </element>
  </elements>
  <relationships>
    <relationship identifier="abddba2b-ca74-44b9-b1b7-7a467243088b" source="id-536b758c-409d-4385-a736-1c835ad4bb9f" target="b7dcc71b-8d8c-4ac2-8b0d-fb099f7c5b09" xsi:type="Composition" />
    <relationship identifier="b5ba911b-20eb-46ea-aff5-0fefe31118bc" source="id-536b758c-409d-4385-a736-1c835ad4bb9f" target="d1f2ebee-9ae0-4e7a-a079-9b6de109ddf6" xsi:type="Composition" />
    <relationship identifier="f5e36cf4-7fcd-46d6-a417-d6ca3f452020" source="id-536b758c-409d-4385-a736-1c835ad4bb9f" target="e340afbb-5c66-4892-8ed4-dbde9cb1e201" xsi:type="Composition" />
    <relationship identifier="fa583ae8-7ddf-4b43-ac41-6e084be1eadd" source="id-536b758c-409d-4385-a736-1c835ad4bb9f" target="id-315dfab0-e454-4774-8422-3a90241b13c2" xsi:type="Composition" />
    <relationship identifier="id-53b1d136-52fd-404e-9ff0-d6ef072fb3c1" source="id-536b758c-409d-4385-a736-1c835ad4bb9f" target="cd260090-575e-4ee6-9404-8dbfb4a27225" xsi:type="Composition" />
    <relationship identifier="id-5bfa1f29-0660-4100-94b2-09bd0fe1b5aa" source="id-536b758c-409d-4385-a736-1c835ad4bb9f" target="a983a861-92f3-4347-8949-04d674b550e4" xsi:type="Composition" />
    <relationship identifier="id-88d37272-f019-4faa-af24-48d72a3efe4d" source="a983a861-92f3-4347-8949-04d674b550e4" target="e340afbb-5c66-4892-8ed4-dbde9cb1e201" xsi:type="Composition" />
    <relationship identifier="id-5489b607-00b4-46ca-b91f-ed2f124d66b6" source="a983a861-92f3-4347-8949-04d674b550e4" target="b7dcc71b-8d8c-4ac2-8b0d-fb099f7c5b09" xsi:type="Composition" />
    <relationship identifier="id-4dcf2c83-57ae-4b0e-aa26-cc46e8ad4b41" source="a983a861-92f3-4347-8949-04d674b550e4" target="cd260090-575e-4ee6-9404-8dbfb4a27225" xsi:type="Composition" />
    <relationship identifier="a6756039-a7f1-4ce0-88ff-4819757f76a6" source="id-1f76c98f-3bfe-470e-b2c9-acf8c73529b6" target="id-3c39d876-37c6-4405-9cab-6d8ed5e59433" xsi:type="Composition" />
    <relationship identifier="e2e41873-25b2-480b-a13d-dda0a0a84f99" source="a983a861-92f3-4347-8949-04d674b550e4" target="b249624c-604f-42df-b062-221b26fd9dbc" xsi:type="Triggering" />
    <relationship identifier="id-83eb801a-e4b7-46a1-9e61-09c64823180a" source="b249624c-604f-42df-b062-221b26fd9dbc" target="id-1f76c98f-3bfe-470e-b2c9-acf8c73529b6" xsi:type="Triggering" />
    <relationship identifier="id-9630de93-89a4-49cf-b64f-6768c8c7bbd3" source="e340afbb-5c66-4892-8ed4-dbde9cb1e201" target="a983a861-92f3-4347-8949-04d674b550e4" xsi:type="Association" />
    <relationship identifier="b1c1f5be-ccbc-4f32-9429-937acd5bde40" source="e340afbb-5c66-4892-8ed4-dbde9cb1e201" target="b7dcc71b-8d8c-4ac2-8b0d-fb099f7c5b09" xsi:type="Association" />
    <relationship identifier="id-9240c331-64e3-4ce5-bb57-00d30a49dd01" source="e340afbb-5c66-4892-8ed4-dbde9cb1e201" target="cd260090-575e-4ee6-9404-8dbfb4a27225" xsi:type="Association" />
    <relationship identifier="id-7845e57b-bca5-4f00-b635-a33fcedeaf73" source="b7dcc71b-8d8c-4ac2-8b0d-fb099f7c5b09" target="cd260090-575e-4ee6-9404-8dbfb4a27225" xsi:type="Association" />
  </relationships>
  <organizations>
    <item>
      <label xml:lang="en">Application</label>
      <item identifierRef="id-315dfab0-e454-4774-8422-3a90241b13c2" />
      <item identifierRef="e340afbb-5c66-4892-8ed4-dbde9cb1e201" />
      <item identifierRef="b7dcc71b-8d8c-4ac2-8b0d-fb099f7c5b09" />
      <item identifierRef="cd260090-575e-4ee6-9404-8dbfb4a27225" />
      <item identifierRef="dd62115b-fcf0-4af5-bc0a-288831991df1" />
      <item identifierRef="id-33a25841-2f19-469c-b305-504e73bbb1e3" />
      <item identifierRef="id-3c39d876-37c6-4405-9cab-6d8ed5e59433" />
      <item identifierRef="d21df5b8-570d-499e-8649-decac9135847" />
      <item identifierRef="id-9823db9a-dbf6-42f9-a81b-529e3a452a1d" />
      <item identifierRef="id-69cc92ac-d917-4c50-859b-8d5d0f380950" />
      <item identifierRef="eb30a636-9822-4052-8c8d-6d061e90991f" />
      <item identifierRef="eef05080-8c01-4092-a5ec-23917568170c" />
    </item>
    <item>
      <label xml:lang="en">Other</label>
      <item identifierRef="d1f2ebee-9ae0-4e7a-a079-9b6de109ddf6" />
      <item identifierRef="id-536b758c-409d-4385-a736-1c835ad4bb9f" />
      <item identifierRef="a983a861-92f3-4347-8949-04d674b550e4" />
      <item identifierRef="id-1f76c98f-3bfe-470e-b2c9-acf8c73529b6" />
      <item identifierRef="b249624c-604f-42df-b062-221b26fd9dbc" />
      <item identifierRef="id-668bbc52-916a-4a94-a7ca-56f1c82a2d0d" />
    </item>
    <item>
      <label xml:lang="en">Relations</label>
      <item identifierRef="abddba2b-ca74-44b9-b1b7-7a467243088b" />
      <item identifierRef="b5ba911b-20eb-46ea-aff5-0fefe31118bc" />
      <item identifierRef="f5e36cf4-7fcd-46d6-a417-d6ca3f452020" />
      <item identifierRef="fa583ae8-7ddf-4b43-ac41-6e084be1eadd" />
      <item identifierRef="id-53b1d136-52fd-404e-9ff0-d6ef072fb3c1" />
      <item identifierRef="id-5bfa1f29-0660-4100-94b2-09bd0fe1b5aa" />
      <item identifierRef="id-88d37272-f019-4faa-af24-48d72a3efe4d" />
      <item identifierRef="id-5489b607-00b4-46ca-b91f-ed2f124d66b6" />
      <item identifierRef="id-4dcf2c83-57ae-4b0e-aa26-cc46e8ad4b41" />
      <item identifierRef="a6756039-a7f1-4ce0-88ff-4819757f76a6" />
      <item identifierRef="e2e41873-25b2-480b-a13d-dda0a0a84f99" />
      <item identifierRef="id-83eb801a-e4b7-46a1-9e61-09c64823180a" />
      <item identifierRef="id-9630de93-89a4-49cf-b64f-6768c8c7bbd3" />
      <item identifierRef="b1c1f5be-ccbc-4f32-9429-937acd5bde40" />
      <item identifierRef="id-9240c331-64e3-4ce5-bb57-00d30a49dd01" />
      <item identifierRef="id-7845e57b-bca5-4f00-b635-a33fcedeaf73" />
    </item>
    <item>
      <label xml:lang="en">Views</label>
      <item identifierRef="id-705d81b5-02ac-4904-912c-cedc0dd75eb0" />
    </item>
  </organizations>
  <views>
    <diagrams>
      <view identifier="id-705d81b5-02ac-4904-912c-cedc0dd75eb0" xsi:type="Diagram">
        <name xml:lang="en">Default View</name>
        <node identifier="dc20b22a-b7af-4623-9f06-88d363b63d72" elementRef="b249624c-604f-42df-b062-221b26fd9dbc" xsi:type="Element" x="540" y="96" w="171" h="349">
          <style>
            <fillColor r="255" g="255" b="255" a="100" />
            <lineColor r="92" g="92" b="92" a="100" />
            <font name="Lucida Grande" size="12">
              <color r="0" g="0" b="0" />
            </font>
          </style>
          <node identifier="d5603676-d0cd-4c1c-be74-1d2b1412aaf4" elementRef="d21df5b8-570d-499e-8649-decac9135847" xsi:type="Element" x="564" y="132" w="120" h="55">
            <style>
              <fillColor r="181" g="255" b="255" a="100" />
              <lineColor r="92" g="92" b="92" a="100" />
              <font name="Lucida Grande" size="12">
                <color r="0" g="0" b="0" />
              </font>
            </style>
          </node>
          <node identifier="a7dfd89c-ad29-46d5-9736-32203955ea0e" elementRef="id-9823db9a-dbf6-42f9-a81b-529e3a452a1d" xsi:type="Element" x="564" y="186" w="120" h="55">
            <style>
              <fillColor r="181" g="255" b="255" a="100" />
              <lineColor r="92" g="92" b="92" a="100" />
              <font name="Lucida Grande" size="12">
                <color r="0" g="0" b="0" />
              </font>
            </style>
          </node>
          <node identifier="b192ddbc-cce3-4eee-876a-8585f167131d" elementRef="id-69cc92ac-d917-4c50-859b-8d5d0f380950" xsi:type="Element" x="564" y="240" w="120" h="55">
            <style>
              <fillColor r="181" g="255" b="255" a="100" />
              <lineColor r="92" g="92" b="92" a="100" />
              <font name="Lucida Grande" size="12">
                <color r="0" g="0" b="0" />
              </font>
            </style>
          </node>
        </node>
        <node identifier="id-884afaba-bcc5-46db-83e3-7043ee36897d" elementRef="id-668bbc52-916a-4a94-a7ca-56f1c82a2d0d" xsi:type="Element" x="60" y="96" w="445" h="349">
          <style>
            <fillColor r="255" g="255" b="255" a="100" />
            <lineColor r="92" g="92" b="92" a="100" />
            <font name="Lucida Grande" size="12">
              <color r="0" g="0" b="0" />
            </font>
          </style>
          <node identifier="id-718f2d88-6abb-48be-856f-08e2850e7129" elementRef="id-536b758c-409d-4385-a736-1c835ad4bb9f" xsi:type="Element" x="72" y="120" w="421" h="313">
            <style>
              <fillColor r="255" g="255" b="255" a="100" />
              <lineColor r="92" g="92" b="92" a="100" />
              <font name="Lucida Grande" size="12">
                <color r="0" g="0" b="0" />
              </font>
            </style>
            <node identifier="id-95c91190-9c5a-46a2-85d6-cc62444c5ea0" elementRef="id-315dfab0-e454-4774-8422-3a90241b13c2" xsi:type="Element" x="84" y="150" w="120" h="139">
              <style>
                <fillColor r="181" g="255" b="255" a="100" />
                <lineColor r="92" g="92" b="92" a="100" />
                <font name="Lucida Grande" size="12">
                  <color r="0" g="0" b="0" />
                </font>
              </style>
            </node>
            <node identifier="cfd9dd2b-9b52-4437-a384-53b4ac2b96a0" elementRef="a983a861-92f3-4347-8949-04d674b550e4" xsi:type="Element" x="216" y="120" w="277" h="169">
              <style>
                <fillColor r="255" g="255" b="255" a="100" />
                <lineColor r="92" g="92" b="92" a="100" />
                <font name="Lucida Grande" size="12">
                  <color r="0" g="0" b="0" />
                </font>
              </style>
              <node identifier="b5263666-5b62-4f44-935e-5e9e2f6afa6d" elementRef="e340afbb-5c66-4892-8ed4-dbde9cb1e201" xsi:type="Element" x="228" y="156" w="120" h="55">
                <style>
                  <fillColor r="181" g="255" b="255" a="100" />
                  <lineColor r="92" g="92" b="92" a="100" />
                  <font name="Lucida Grande" size="12">
                    <color r="0" g="0" b="0" />
                  </font>
                </style>
              </node>
              <node identifier="e3e26825-b5d4-4804-8dfd-faf7a1393db1" elementRef="b7dcc71b-8d8c-4ac2-8b0d-fb099f7c5b09" xsi:type="Element" x="228" y="216" w="120" h="55">
                <style>
                  <fillColor r="181" g="255" b="255" a="100" />
                  <lineColor r="92" g="92" b="92" a="100" />
                  <font name="Lucida Grande" size="12">
                    <color r="0" g="0" b="0" />
                  </font>
                </style>
              </node>
              <node identifier="id-3d6d4b52-07ad-4bbe-b74c-1e3c69800122" elementRef="cd260090-575e-4ee6-9404-8dbfb4a27225" xsi:type="Element" x="360" y="156" w="120" h="115">
                <style>
                  <fillColor r="181" g="255" b="255" a="100" />
                  <lineColor r="92" g="92" b="92" a="100" />
                  <font name="Lucida Grande" size="12">
                    <color r="0" g="0" b="0" />
                  </font>
                </style>
              </node>
            </node>
            <node identifier="id-7f197538-e305-48d3-841f-eefe3cc897f8" elementRef="id-1f76c98f-3bfe-470e-b2c9-acf8c73529b6" xsi:type="Element" x="216" y="288" w="277" h="145">
              <style>
                <fillColor r="255" g="255" b="255" a="100" />
                <lineColor r="92" g="92" b="92" a="100" />
                <font name="Lucida Grande" size="12">
                  <color r="0" g="0" b="0" />
                </font>
              </style>
              <node identifier="id-2e20d7e7-276e-487e-be28-dfa877e4628e" elementRef="id-33a25841-2f19-469c-b305-504e73bbb1e3" xsi:type="Element" x="228" y="312" w="133" h="55">
                <style>
                  <fillColor r="181" g="255" b="255" a="100" />
                  <lineColor r="92" g="92" b="92" a="100" />
                  <font name="Lucida Grande" size="12">
                    <color r="0" g="0" b="0" />
                  </font>
                </style>
              </node>
              <node identifier="a2f4811d-43ef-4d4c-a6ff-24f43faefe91" elementRef="id-3c39d876-37c6-4405-9cab-6d8ed5e59433" xsi:type="Element" x="228" y="372" w="133" h="55">
                <style>
                  <fillColor r="181" g="255" b="255" a="100" />
                  <lineColor r="92" g="92" b="92" a="100" />
                  <font name="Lucida Grande" size="12">
                    <color r="0" g="0" b="0" />
                  </font>
                </style>
              </node>
              <node identifier="id-61803527-849a-4905-bf7f-0c336fbe296c" elementRef="eb30a636-9822-4052-8c8d-6d061e90991f" xsi:type="Element" x="372" y="312" w="109" h="55">
                <style>
                  <fillColor r="181" g="255" b="255" a="100" />
                  <lineColor r="92" g="92" b="92" a="100" />
                  <font name="Lucida Grande" size="12">
                    <color r="0" g="0" b="0" />
                  </font>
                </style>
              </node>
              <node identifier="id-1f751664-529f-4c75-bb10-a1daca302e14" elementRef="eef05080-8c01-4092-a5ec-23917568170c" xsi:type="Element" x="372" y="372" w="109" h="55">
                <style>
                  <fillColor r="181" g="255" b="255" a="100" />
                  <lineColor r="92" g="92" b="92" a="100" />
                  <font name="Lucida Grande" size="12">
                    <color r="0" g="0" b="0" />
                  </font>
                </style>
              </node>
            </node>
          </node>
        </node>
        <connection identifier="id-407154f2-c340-488e-9f88-1d8c62c309ef" relationshipRef="id-83eb801a-e4b7-46a1-9e61-09c64823180a" xsi:type="Relationship" source="dc20b22a-b7af-4623-9f06-88d363b63d72" target="id-7f197538-e305-48d3-841f-eefe3cc897f8">
          <style>
            <lineColor r="0" g="0" b="0" />
            <font name="Lucida Grande" size="12">
              <color r="0" g="0" b="0" />
            </font>
          </style>
        </connection>
        <connection identifier="beadde55-6261-4e3c-ac64-0fc40563fb29" relationshipRef="e2e41873-25b2-480b-a13d-dda0a0a84f99" xsi:type="Relationship" source="cfd9dd2b-9b52-4437-a384-53b4ac2b96a0" target="dc20b22a-b7af-4623-9f06-88d363b63d72">
          <style>
            <lineColor r="0" g="0" b="0" />
            <font name="Lucida Grande" size="12">
              <color r="0" g="0" b="0" />
            </font>
          </style>
        </connection>
        <connection identifier="id-41f79d27-2c2f-4205-a272-40e72a3e3118" relationshipRef="b1c1f5be-ccbc-4f32-9429-937acd5bde40" xsi:type="Relationship" source="b5263666-5b62-4f44-935e-5e9e2f6afa6d" target="e3e26825-b5d4-4804-8dfd-faf7a1393db1">
          <style>
            <lineColor r="0" g="0" b="0" />
            <font name="Lucida Grande" size="12">
              <color r="0" g="0" b="0" />
            </font>
          </style>
        </connection>
        <connection identifier="c03cc919-62f4-4582-a225-3784869bb964" relationshipRef="id-9240c331-64e3-4ce5-bb57-00d30a49dd01" xsi:type="Relationship" source="b5263666-5b62-4f44-935e-5e9e2f6afa6d" target="id-3d6d4b52-07ad-4bbe-b74c-1e3c69800122">
          <style>
            <lineColor r="0" g="0" b="0" />
            <font name="Lucida Grande" size="12">
              <color r="0" g="0" b="0" />
            </font>
          </style>
        </connection>
        <connection identifier="e429dfc5-4926-48ca-856d-56d06c30e7ce" relationshipRef="id-7845e57b-bca5-4f00-b635-a33fcedeaf73" xsi:type="Relationship" source="e3e26825-b5d4-4804-8dfd-faf7a1393db1" target="id-3d6d4b52-07ad-4bbe-b74c-1e3c69800122">
          <style>
            <lineColor r="0" g="0" b="0" />
            <font name="Lucida Grande" size="12">
              <color r="0" g="0" b="0" />
            </font>
          </style>
        </connection>
      </view>
    </diagrams>
  </views>
</model>
