{"identifier":"https://me.big.tuwien.ac.at/EAModelSet/ca3e414f-852a-49fb-8c22-766871ed92c8","archimateId":"ca3e414f-852a-49fb-8c22-766871ed92c8","name":"(new model)","description":"","formats":["XML","CSV","JSON","ARCHIMATE"],"source":"GitHub","repository":"borkdominik/CM2KG","license":"MIT License","sourceFile":"raw-data/github/xml/implementation-architecture.xml","sourceFormat":"XML","timestamp":"2023-07-06T09:29:17","tags":["DUPLICATE"],"duplicates":["raw-data/github/archimate/architecture.archimate","raw-data/github/archimate/implementation-architecture.archimate","raw-data/github/xml/architecture.xml"],"language":"en","elements":[{"id":"id-315dfab0-e454-4774-8422-3a90241b13c2","name":"Main","type":"DataObject","layer":"application"},{"id":"e340afbb-5c66-4892-8ed4-dbde9cb1e201","name":"GI","type":"DataObject","layer":"application"},{"id":"b7dcc71b-8d8c-4ac2-8b0d-fb099f7c5b09","name":"SAT","type":"DataObject","layer":"application"},{"id":"cd260090-575e-4ee6-9404-8dbfb4a27225","name":"Helpers","type":"DataObject","layer":"application"},{"id":"dd62115b-fcf0-4af5-bc0a-288831991df1","name":"Data Object","type":"DataObject","layer":"application"},{"id":"id-33a25841-2f19-469c-b305-504e73bbb1e3","name":"Graphs","type":"ApplicationService","layer":"application"},{"id":"id-3c39d876-37c6-4405-9cab-6d8ed5e59433","name":"Cryptominisat","type":"ApplicationService","layer":"application"},{"id":"d21df5b8-570d-499e-8649-decac9135847","name":"Linux Kernel","type":"ApplicationComponent","layer":"application"},{"id":"id-9823db9a-dbf6-42f9-a81b-529e3a452a1d","name":"Python","type":"ApplicationComponent","layer":"application"},{"id":"id-69cc92ac-d917-4c50-859b-8d5d0f380950","name":"Traces","type":"ApplicationComponent","layer":"application"},{"id":"eb30a636-9822-4052-8c8d-6d061e90991f","name":"Systems","type":"ApplicationService","layer":"application"},{"id":"eef05080-8c01-4092-a5ec-23917568170c","name":"Results","type":"ApplicationService","layer":"application"},{"id":"d1f2ebee-9ae0-4e7a-a079-9b6de109ddf6","name":"Helpers","type":"Grouping","layer":"other"},{"id":"id-536b758c-409d-4385-a736-1c835ad4bb9f","name":"Controller","type":"Grouping","layer":"other"},{"id":"a983a861-92f3-4347-8949-04d674b550e4","name":"Model","type":"Grouping","layer":"other"},{"id":"id-1f76c98f-3bfe-470e-b2c9-acf8c73529b6","name":"Assets (Storage)","type":"Grouping","layer":"other"},{"id":"b249624c-604f-42df-b062-221b26fd9dbc","name":"OS","type":"Grouping","layer":"other"},{"id":"id-668bbc52-916a-4a94-a7ca-56f1c82a2d0d","name":"Package","type":"Grouping","layer":"other"}],"relationships":[{"id":"abddba2b-ca74-44b9-b1b7-7a467243088b","sourceId":"id-536b758c-409d-4385-a736-1c835ad4bb9f","targetId":"b7dcc71b-8d8c-4ac2-8b0d-fb099f7c5b09","type":"Composition"},{"id":"b5ba911b-20eb-46ea-aff5-0fefe31118bc","sourceId":"id-536b758c-409d-4385-a736-1c835ad4bb9f","targetId":"d1f2ebee-9ae0-4e7a-a079-9b6de109ddf6","type":"Composition"},{"id":"f5e36cf4-7fcd-46d6-a417-d6ca3f452020","sourceId":"id-536b758c-409d-4385-a736-1c835ad4bb9f","targetId":"e340afbb-5c66-4892-8ed4-dbde9cb1e201","type":"Composition"},{"id":"fa583ae8-7ddf-4b43-ac41-6e084be1eadd","sourceId":"id-536b758c-409d-4385-a736-1c835ad4bb9f","targetId":"id-315dfab0-e454-4774-8422-3a90241b13c2","type":"Composition"},{"id":"id-53b1d136-52fd-404e-9ff0-d6ef072fb3c1","sourceId":"id-536b758c-409d-4385-a736-1c835ad4bb9f","targetId":"cd260090-575e-4ee6-9404-8dbfb4a27225","type":"Composition"},{"id":"id-5bfa1f29-0660-4100-94b2-09bd0fe1b5aa","sourceId":"id-536b758c-409d-4385-a736-1c835ad4bb9f","targetId":"a983a861-92f3-4347-8949-04d674b550e4","type":"Composition"},{"id":"id-88d37272-f019-4faa-af24-48d72a3efe4d","sourceId":"a983a861-92f3-4347-8949-04d674b550e4","targetId":"e340afbb-5c66-4892-8ed4-dbde9cb1e201","type":"Composition"},{"id":"id-5489b607-00b4-46ca-b91f-ed2f124d66b6","sourceId":"a983a861-92f3-4347-8949-04d674b550e4","targetId":"b7dcc71b-8d8c-4ac2-8b0d-fb099f7c5b09","type":"Composition"},{"id":"id-4dcf2c83-57ae-4b0e-aa26-cc46e8ad4b41","sourceId":"a983a861-92f3-4347-8949-04d674b550e4","targetId":"cd260090-575e-4ee6-9404-8dbfb4a27225","type":"Composition"},{"id":"a6756039-a7f1-4ce0-88ff-4819757f76a6","sourceId":"id-1f76c98f-3bfe-470e-b2c9-acf8c73529b6","targetId":"id-3c39d876-37c6-4405-9cab-6d8ed5e59433","type":"Composition"},{"id":"e2e41873-25b2-480b-a13d-dda0a0a84f99","sourceId":"a983a861-92f3-4347-8949-04d674b550e4","targetId":"b249624c-604f-42df-b062-221b26fd9dbc","type":"Triggering"},{"id":"id-83eb801a-e4b7-46a1-9e61-09c64823180a","sourceId":"b249624c-604f-42df-b062-221b26fd9dbc","targetId":"id-1f76c98f-3bfe-470e-b2c9-acf8c73529b6","type":"Triggering"},{"id":"id-9630de93-89a4-49cf-b64f-6768c8c7bbd3","sourceId":"e340afbb-5c66-4892-8ed4-dbde9cb1e201","targetId":"a983a861-92f3-4347-8949-04d674b550e4","type":"Association"},{"id":"b1c1f5be-ccbc-4f32-9429-937acd5bde40","sourceId":"e340afbb-5c66-4892-8ed4-dbde9cb1e201","targetId":"b7dcc71b-8d8c-4ac2-8b0d-fb099f7c5b09","type":"Association"},{"id":"id-9240c331-64e3-4ce5-bb57-00d30a49dd01","sourceId":"e340afbb-5c66-4892-8ed4-dbde9cb1e201","targetId":"cd260090-575e-4ee6-9404-8dbfb4a27225","type":"Association"},{"id":"id-7845e57b-bca5-4f00-b635-a33fcedeaf73","sourceId":"b7dcc71b-8d8c-4ac2-8b0d-fb099f7c5b09","targetId":"cd260090-575e-4ee6-9404-8dbfb4a27225","type":"Association"}],"views":[{"id":"id-705d81b5-02ac-4904-912c-cedc0dd75eb0","name":"Default View","viewpoint":""}]}