"ID","Type","Name","Documentation","Source","Target","Specialization"
"id-2584c1faa04542ebbaed59c7e76f7b0a","AssignmentRelationship","","","id-d91bf9a153f44285bce04c169ad9bea4","id-d0e4b9f91c444f8fb46628fb33e2c28a",""
"id-15571ff0f42241b2b58328e6081962d5","AssociationRelationship","","","id-9045be02791f4b0ab72802a9d7681263","id-327ecf7affbc4f27a98acd659db6851c",""
"id-4388176f549c4828824aaedb233132d3","AssociationRelationship","","","id-f92db81de7884563babdb41cf68fc78a","id-544a0fe6d6eb4629aed68466d79002c8",""
"id-b88e8f4c70a14dfca2efee04220c15d2","AssociationRelationship","","","id-d3f58ee497fb4e518af79865971c8539","id-544a0fe6d6eb4629aed68466d79002c8",""
"id-fb4642893505497b94f43b39e4001221","AssociationRelationship","","","id-a3a8f9e2bf0943898593786bad5f9f22","id-544a0fe6d6eb4629aed68466d79002c8",""
"id-2acf14936129458697b46ff0e170e10d","AssociationRelationship","","","id-0f7548f64474434fa71be47d4520b215","id-26986a3b25b1421bb160b3e85d4ebc7b",""
"id-60d4466ab1ef42a0a8734f72fc56ed3a","AssociationRelationship","","","id-a0967f871f064272844271e22d8dca24","id-26986a3b25b1421bb160b3e85d4ebc7b",""
"id-ac83781420a4442e89458b2af42d4f76","AssociationRelationship","","","id-8803c6f9290b43dd944d92986fa7cca4","id-00f2a1c89c1a46fa8fc4f8121bb8780b",""
"id-c854fbe8e46c407e83cc3162e63d6d8b","AssociationRelationship","","","id-f92db81de7884563babdb41cf68fc78a","id-00f2a1c89c1a46fa8fc4f8121bb8780b",""
"id-2957730c8ce242e289337750e01f4e06","CompositionRelationship","","","id-73ea97aa29904d8d917b81f54b69cd4b","id-26c1ce688c954efb9d346c9e15bce6b8",""
"id-cc44163dca81493c99a9a24611af6619","CompositionRelationship","","","id-73ea97aa29904d8d917b81f54b69cd4b","id-307998e2f6944144848b8939d920ea1b",""
"id-41b2f8eb28714dcfb3ba9a555bd8cca9","CompositionRelationship","","","id-fa72a15d33d047f286acf182e11ce3a4","id-dc309416b20e48d9bb35ea8d60b0b0bd",""
"id-d62cbbbd9d1e4f9d9c3db78b631bc5d6","CompositionRelationship","","","id-fa72a15d33d047f286acf182e11ce3a4","id-4d20e369562c4331b9ca506568e72fac",""
"id-b353d8d7a2af423d8c177d095290987f","CompositionRelationship","","","id-73ea97aa29904d8d917b81f54b69cd4b","id-8dc167da406c471eb3f86ef035537e5c",""
"id-454804db04a94f4185e874d027451a4a","CompositionRelationship","","","id-fa72a15d33d047f286acf182e11ce3a4","id-66cbb144f0fe4f72b8c85c42edf2d0b7",""
"id-7bfd8d641c7d467c95bfb4328a6b94a8","CompositionRelationship","","","id-fa72a15d33d047f286acf182e11ce3a4","id-95711391d39f4e1382b1c72b275c5037",""
"id-1bfd72bdacc14552b24e23003e151e3b","CompositionRelationship","","","id-73ea97aa29904d8d917b81f54b69cd4b","id-08903aa79c4243e2a8f873e67dc05883",""
"id-4626bf5e2b7f4a7887a1088c17ac672d","CompositionRelationship","","","id-73ea97aa29904d8d917b81f54b69cd4b","id-55d88fc41dd44f9a95ddbade7628a915",""
"id-49a045a5c2034a58b1d9bb3faf5dce21","CompositionRelationship","","","id-66330aaf89f54e69a76d6edec3a5b972","id-d07e3bec9f8243ef932eda66dc7834db",""
"id-73b34be46d4c41189a8facb6945d5c46","CompositionRelationship","","","id-66330aaf89f54e69a76d6edec3a5b972","id-508b54708b37459491147f9b3423b0ed",""
"id-b99c028864404fa19478e40dbacb3bf1","CompositionRelationship","","","id-66330aaf89f54e69a76d6edec3a5b972","id-5a31dacf687b48d2a1001265006303d7",""
"id-0b400c3acff849f5a28ce3e11d2f209d","CompositionRelationship","","","id-66330aaf89f54e69a76d6edec3a5b972","id-313e9d0d75b44a46b79aabac97b19e0d",""
"id-39ee3d9f772d410cba0723a3702c6b77","CompositionRelationship","","","id-66330aaf89f54e69a76d6edec3a5b972","id-29dfd83ee4a24903a931287d24138107",""
"id-1bc955ad4f23425d82fdb034f1688700","CompositionRelationship","","","id-66330aaf89f54e69a76d6edec3a5b972","id-45fc9f5869b4420781696478a4426a8e",""
"id-0c0373263ee248a3a7bffba0dfd0a798","CompositionRelationship","","","id-66330aaf89f54e69a76d6edec3a5b972","id-0334b8e915e74373bdf29d76cd407964",""
"id-04843df51a2c45be97e216152e20db05","CompositionRelationship","","","id-66330aaf89f54e69a76d6edec3a5b972","id-9c261fb380064ddd9aecb26f41882140",""
"id-5bfe2b6bb6344eb0a6f6dee636a493bd","CompositionRelationship","","","id-66330aaf89f54e69a76d6edec3a5b972","id-f84badc563c941438097e9c06e2a7aef",""
"id-921e1d9bb1d8417bbcd485eb57da95f2","CompositionRelationship","","","id-2eafb2dbeece4d1d91ebbd63bbfb6b8d","id-1e6f2516efea4c7e96ee890cc73cc0ce",""
"id-b1c4afdc898849ef8711ea41e677bdea","CompositionRelationship","","","id-2eafb2dbeece4d1d91ebbd63bbfb6b8d","id-d922400534c0474cadff32615e917af7",""
"id-c922ba3a56e1455d854ddb04f91d41b0","CompositionRelationship","","","id-2eafb2dbeece4d1d91ebbd63bbfb6b8d","id-da0ef942863e4ab890b188dfc84fa7d0",""
"id-49a7714acbbf42ec937deb747e5a2f8e","CompositionRelationship","","","id-2eafb2dbeece4d1d91ebbd63bbfb6b8d","id-7ad95e9623404a57856b3e9b6db87240",""
"id-4be650f97ea14543a96a8a6c3c0a46e0","CompositionRelationship","","","id-2eafb2dbeece4d1d91ebbd63bbfb6b8d","id-51dca6f95d4046b3bbdd7aa3c97fb260",""
"id-1628e53bd9224538a0a19131cb36b679","CompositionRelationship","","","id-2eafb2dbeece4d1d91ebbd63bbfb6b8d","id-ebd30bf879da486f85aab1354aa1f5d6",""
"id-333e7a24b4d74146bcb606248748ec3c","CompositionRelationship","","","id-2eafb2dbeece4d1d91ebbd63bbfb6b8d","id-d3433e609867442385767365f1a9d1bc",""
"id-4a73c428fafa4231a7746b213959389f","CompositionRelationship","","","id-2eafb2dbeece4d1d91ebbd63bbfb6b8d","id-8c3b2e44fb924faaa5c6cd152d1023a9",""
"id-73c396c0b62c4ddbbabce56b1930a092","CompositionRelationship","","","id-e369da1601004a51b427492b53d7d9bb","id-7bb2edea82e34392bb27a2e0ec9f0f91",""
"id-a98caf2f34b5473e9342da9641f39a7d","CompositionRelationship","","","id-e369da1601004a51b427492b53d7d9bb","id-3a6ceddc2d894c88ae51d47c31a7e520",""
"id-deef0619849e42bfa75918923b9df09c","CompositionRelationship","","","id-e369da1601004a51b427492b53d7d9bb","id-678ee460186843f2b1492595bf140056",""
"id-f7050db03e6a469f801192990c079be0","CompositionRelationship","","","id-e369da1601004a51b427492b53d7d9bb","id-90b02d3548074e8d963087be48b94175",""
"id-96d24db295ec47d3b047c3d8b34fe254","CompositionRelationship","","","id-e369da1601004a51b427492b53d7d9bb","id-fe984649f9b94aec8e4eb78918900bd5",""
"id-25255c116e1241b9a743e8e9e6e10cb4","CompositionRelationship","","","id-e369da1601004a51b427492b53d7d9bb","id-d0e4b9f91c444f8fb46628fb33e2c28a",""
"id-a67798c75e994b8eb300d54c4faca6a2","CompositionRelationship","","","id-e369da1601004a51b427492b53d7d9bb","id-23f7a96aaefe4500ae83a70c3b2d5207",""
"id-eaa35a50f2f746b5b9a02a53799cc2f2","CompositionRelationship","","","id-e369da1601004a51b427492b53d7d9bb","id-857e50f065ad4a6a97686406e13c3e72",""
"id-c3d3f6b43dfd48e4a57c5809302be310","CompositionRelationship","","","id-383ae1a8ffd040ada4b97c4cb39f056e","id-7444d299cb6942989fd3202aca6e7c25",""
"id-08b8931c7cd64f5391b8ddca4ab9d2da","CompositionRelationship","","","id-383ae1a8ffd040ada4b97c4cb39f056e","id-c7f432c1fba54758a274a137b3dfa317",""
"id-86a92cfc56d6433b9d489d27d1c25626","CompositionRelationship","","","id-383ae1a8ffd040ada4b97c4cb39f056e","id-bf44922b06ca49b882c15af9f2df74bd",""
"id-bb5556c6fd2b427e83a31d8f5fd6945c","CompositionRelationship","","","id-383ae1a8ffd040ada4b97c4cb39f056e","id-fd33838faf604b30a87be498daf185e3",""
"id-065e1c557b3b4cec98ffce82e988a4a5","CompositionRelationship","","","id-383ae1a8ffd040ada4b97c4cb39f056e","id-0dc673f0cfe54a6fae2194b153f62450",""
"id-dc7a9fd28a6b4812a2c457f8ddb26b95","CompositionRelationship","","","id-a11e067f81f844ffbbcab060008b1350","id-bcbf2405d7e24f078cdab800c13812b8",""
"id-608c3f1393b348fcb8d14394ea85204d","CompositionRelationship","","","id-a11e067f81f844ffbbcab060008b1350","id-a3ff7c3f706048acbea1a0a948ccb58c",""
"id-84585456563548658e3a9867a80ea42a","CompositionRelationship","","","id-a11e067f81f844ffbbcab060008b1350","id-19e4c238edf9491e982d38dbdeaa358f",""
"id-6cc38a18d0dd44dfb7831007518c0726","CompositionRelationship","","","id-a11e067f81f844ffbbcab060008b1350","id-cb6503393ede4584a702373a52c311e0",""
"id-4239f721c24341fd9068843568af3ed8","CompositionRelationship","","","id-a11e067f81f844ffbbcab060008b1350","id-f000d9c12d2343ddac3b7505cfb93562",""
"id-226018bc5f1d45fca73d28cf1fb103c8","FlowRelationship","","","id-92d1970f033c4f1abc7c6e50bce93958","id-75f1378ba3af4c7a877ba7d5bbc700c6",""
"id-8101b3eff9204e9f971cb3f1bd746490","FlowRelationship","","","id-210702fe7fa841c59715fc5b9ecf942a","id-f21895c0dbdd4aa4ad5f3e2a66d5efd3",""
"id-0111bd22e9c14071b4bd22639048e41a","FlowRelationship","","","id-bb076362967346dcb2cd771bc0c553b7","id-95ded66db6474e4da62b9fd683e81bc5",""
"id-e2776dba04084a6faf4451b8b03c7186","FlowRelationship","","","id-04d2de7ac5c2499194671953d9eb7049","id-fc0e4ca250264f8f92d3d54e1ed81e50",""
"id-fdf66ebb4d664130b0576bfa68974546","FlowRelationship","","","id-0f4f36c413b647dd8cd51b09eefec24a","id-4e4b0f4a806b438eb6ecb30c2a52003a",""
"id-584a87dddc9a41a18291acc10345fe9b","RealizationRelationship","","","id-73ea97aa29904d8d917b81f54b69cd4b","id-fa72a15d33d047f286acf182e11ce3a4",""
"id-16ce49ce14b94929a2ca88daf29e54a4","RealizationRelationship","","","id-00f2a1c89c1a46fa8fc4f8121bb8780b","id-df9fb7d30ba24aeeaac5d1c3390fe028",""
"id-7e79c04a0c514cb2944b3e825a1256eb","RealizationRelationship","","","id-544a0fe6d6eb4629aed68466d79002c8","id-576c127cdb0b4589aaeb6566313e486c",""
"id-e3c0ff1bf9fb45c0b0da30425c234cff","RealizationRelationship","","","id-544a0fe6d6eb4629aed68466d79002c8","id-75b09626a8bc482b9494b5f5d59e75a9",""
"id-567ca5f211dd46d98794c80482c894be","RealizationRelationship","","","id-00f2a1c89c1a46fa8fc4f8121bb8780b","id-a80319613e7e43c8ab9fdc93d309501c",""
"id-e7ded1b08e4d49279fb1c60718209625","RealizationRelationship","","","id-26986a3b25b1421bb160b3e85d4ebc7b","id-5747e5558ff64b2fa04988428bc594b7",""
"id-5cecaf0c755b46ab9c381c5cca6b562d","RealizationRelationship","","","id-26986a3b25b1421bb160b3e85d4ebc7b","id-fd459b9444f6495da5537af1caf6c334",""
"id-027db7cb008d4c95aaab2547dfe13eac","RealizationRelationship","","","id-544a0fe6d6eb4629aed68466d79002c8","id-a21a3f54390949b8af88833ef828b659",""
"id-17caaef8606141cb9fbd78a78909c751","RealizationRelationship","","","id-09a6c01c5320409d8ff66fd70e57bf27","id-6b01d3fe6a74433ab0eb3892eb608e3c",""
"id-dc762dd06c344c31b23c9d8b17bbbc3f","RealizationRelationship","","","id-bf2676a37faf4e43ada563d7007f4ceb","id-6b01d3fe6a74433ab0eb3892eb608e3c",""
"id-8d7ee88f46e9467897bec3e876579f9d","RealizationRelationship","","","id-8639e23484c74f0197edf9aac28f946a","id-6b01d3fe6a74433ab0eb3892eb608e3c",""
"id-ba445a05472046639ba3fb689f2ef4ad","RealizationRelationship","","","id-8639e23484c74f0197edf9aac28f946a","id-c6f3920a973b4dad917b8e04bad33720",""
"id-e51ea32acf8c4ffdaed15212b05b9e5a","RealizationRelationship","","","id-9b8e46614597424e96cfbb23663f51b7","id-97720455893e468f8dcd4080329091a3",""
"id-86807015c8a849799014082e8279f8c4","RealizationRelationship","","","id-e1083e793ec148ddb06dfbc9405e7736","id-43a57c9789274fefad5f0694c6341402",""
"id-2c52a256fe084af3ad4fc623a1afa834","RealizationRelationship","","","id-b2f3de8b30684ea2aad842ccca73f452","id-8e35e0941d6946aba868e65718d728ea",""
"id-1eedc786cebe49eb894f25757c21dc27","RealizationRelationship","","","id-5124c86d421f423ea91d71fc2b9a87fb","id-f0b7520fbed54ad2ae022b9a2de2a0de",""
"id-0ce4fddeb7ef4a2c98f24d7e4c32b6e9","RealizationRelationship","","","id-5aa57c2a17bf435988eb8fecf813e26e","id-142a68c07c314995980804a7ba1b5524",""
"id-bfb1b9381fda4032b29ebbe932bc2826","RealizationRelationship","","","id-ba4c951b254443d296a547dd7d9a74a2","id-0fbac44cc99c441e90abeeb2f3ba6a73",""
"id-fe4bc914deb2483bb8b0545234c2753f","RealizationRelationship","","","id-8803c6f9290b43dd944d92986fa7cca4","id-6f16ca803c1a4f8c9c18c2691ecb56c1",""
"id-2ac259b6cd824506befb7267b6d55db0","RealizationRelationship","","","id-66330aaf89f54e69a76d6edec3a5b972","id-92d1970f033c4f1abc7c6e50bce93958",""
"id-0ca36de6e8324287a0b20e88d69b89dd","RealizationRelationship","","","id-2eafb2dbeece4d1d91ebbd63bbfb6b8d","id-f21895c0dbdd4aa4ad5f3e2a66d5efd3",""
"id-6f9c296feb1c4d18b5ec055ef336dbcd","RealizationRelationship","","","id-e369da1601004a51b427492b53d7d9bb","id-bb076362967346dcb2cd771bc0c553b7",""
"id-94305b5720284d9d8977a862de53db77","RealizationRelationship","","","id-383ae1a8ffd040ada4b97c4cb39f056e","id-04d2de7ac5c2499194671953d9eb7049",""
"id-553c876328db4ede8db01cf21894cb18","RealizationRelationship","","","id-a11e067f81f844ffbbcab060008b1350","id-0f4f36c413b647dd8cd51b09eefec24a",""
"id-e027576f43e748eb9619c471a336e3f6","ServingRelationship","","","id-9f7a523e139e42df9c49546b52c962ea","id-4e4b0f4a806b438eb6ecb30c2a52003a",""
"id-24994dd3f7f54df683ecf7fb83a698af","TriggeringRelationship","","","id-50dfea077bfe44e8bc2b90a1253a7b3f","id-26c1ce688c954efb9d346c9e15bce6b8",""
"id-1665fd4d3578487782fa36cbd7520f33","TriggeringRelationship","","","id-fa72a15d33d047f286acf182e11ce3a4","id-3570b64f43424d3d8e02ec41ba73d4f4",""
"id-fa70cb3527fb400fbe54893d3539d40a","TriggeringRelationship","","","id-6a26103abbbf4187a869c5c7737905df","id-08903aa79c4243e2a8f873e67dc05883",""
"id-fce18062eea74495a7d5aa8526022e07","TriggeringRelationship","","","id-fa72a15d33d047f286acf182e11ce3a4","id-4ce6d76c77d549e4bdc735c89837ea48",""
"id-d0d98be0bae045e7b2905f6978ef240d","TriggeringRelationship","","","id-870a07e46a7e4d2e83e5beeb83777ec4","id-08903aa79c4243e2a8f873e67dc05883",""
"id-73bb97d5e63a4fefa9b182f3047ef45c","TriggeringRelationship","","","id-55d88fc41dd44f9a95ddbade7628a915","id-870a07e46a7e4d2e83e5beeb83777ec4",""
"id-d575448b232b49d2bd4c828b5ba076e6","TriggeringRelationship","","","id-fa72a15d33d047f286acf182e11ce3a4","id-e1c87544e34d4821a59687801ab7bcea",""
"id-07b6edf1a6814f3195d95caccdc89081","TriggeringRelationship","","","id-0607cc13b06b46cdb4f96f4d0a740716","id-3570b64f43424d3d8e02ec41ba73d4f4",""
"id-0f6d4df37cde44d6bc7ead7c5c88e862","TriggeringRelationship","","","id-582a0d18ebea487997a88df08763b011","id-55d88fc41dd44f9a95ddbade7628a915",""
"id-58d1673cf9df4e54ae119f17d0c33e07","TriggeringRelationship","","","id-582a0d18ebea487997a88df08763b011","id-08903aa79c4243e2a8f873e67dc05883",""
"id-c425ff7c0f0d4f37a97c9acb708eaa23","TriggeringRelationship","","","id-307998e2f6944144848b8939d920ea1b","id-55d88fc41dd44f9a95ddbade7628a915",""
"id-74ffc1f0b0c54608b47c157ceea26c2b","TriggeringRelationship","","","id-08903aa79c4243e2a8f873e67dc05883","id-8dc167da406c471eb3f86ef035537e5c",""
"id-2a4efe0e170a4ff68c4bda7601ebfbe1","TriggeringRelationship","","","id-0607cc13b06b46cdb4f96f4d0a740716","id-376efe4130a24b1db20e74f1a2476a8b",""
"id-f991bc2020364cda8dfabf22a0d0f8a6","TriggeringRelationship","","","id-8dc167da406c471eb3f86ef035537e5c","id-26c1ce688c954efb9d346c9e15bce6b8",""
"id-95d7d1cc3afe427db0b6d768c881e6ae","TriggeringRelationship","","","id-582a0d18ebea487997a88df08763b011","id-8dc167da406c471eb3f86ef035537e5c",""
"id-be0018d9b96e4ec79ac3404f4b69b77c","TriggeringRelationship","","","id-870a07e46a7e4d2e83e5beeb83777ec4","id-8dc167da406c471eb3f86ef035537e5c",""
"id-494957ed96b74b1f89d3e76716290162","TriggeringRelationship","","","id-acd48b02356a461ab320fcd941f45075","id-307998e2f6944144848b8939d920ea1b",""
"id-f8b872c2644f43ae861ab5490672fea1","TriggeringRelationship","","","id-0607cc13b06b46cdb4f96f4d0a740716","id-e1c87544e34d4821a59687801ab7bcea",""
"id-e73db95766e64b778ff13fc2587ccdcb","TriggeringRelationship","","","id-fa72a15d33d047f286acf182e11ce3a4","id-376efe4130a24b1db20e74f1a2476a8b",""
"id-d87b17b8cbf346a19e5ed2d50ba11655","TriggeringRelationship","","","id-9045be02791f4b0ab72802a9d7681263","id-307998e2f6944144848b8939d920ea1b",""
"id-9678b21ae2364b4788d9c24826da25aa","TriggeringRelationship","","","id-0607cc13b06b46cdb4f96f4d0a740716","id-4ce6d76c77d549e4bdc735c89837ea48",""
"id-5047c5145c2348f6b4f80f63c3eff6f2","TriggeringRelationship","","","id-fd459b9444f6495da5537af1caf6c334","id-09a6c01c5320409d8ff66fd70e57bf27",""
"id-94d016fb38cf41a7bc3624bedf3a3edc","TriggeringRelationship","","","id-fd459b9444f6495da5537af1caf6c334","id-bf2676a37faf4e43ada563d7007f4ceb",""
"id-2b62474ad0274f5d95a398635f9c4c49","TriggeringRelationship","","","id-fd459b9444f6495da5537af1caf6c334","id-8639e23484c74f0197edf9aac28f946a",""
"id-9f69251f558a41b4b4378df872d8180b","TriggeringRelationship","","","id-5747e5558ff64b2fa04988428bc594b7","id-8639e23484c74f0197edf9aac28f946a",""
"id-c5d4c5cba40048dba2a96727e04e7f1b","TriggeringRelationship","","","id-a80319613e7e43c8ab9fdc93d309501c","id-9b8e46614597424e96cfbb23663f51b7",""
"id-821c120629de48ae98cb58e08a027c5f","TriggeringRelationship","","","id-75b09626a8bc482b9494b5f5d59e75a9","id-b2f3de8b30684ea2aad842ccca73f452",""
"id-89145fd386284a5c85da1aece432bcb6","TriggeringRelationship","","","id-df9fb7d30ba24aeeaac5d1c3390fe028","id-e1083e793ec148ddb06dfbc9405e7736",""
"id-0c17cb38b55848d8bb0630fff5280e47","TriggeringRelationship","","","id-a21a3f54390949b8af88833ef828b659","id-5aa57c2a17bf435988eb8fecf813e26e",""
"id-9a7a56d255444db99548769bcdc7ffee","TriggeringRelationship","","","id-576c127cdb0b4589aaeb6566313e486c","id-5124c86d421f423ea91d71fc2b9a87fb",""
"id-bc0bb25548444174a146b759a76e6e96","TriggeringRelationship","","","id-c6f3920a973b4dad917b8e04bad33720","id-e1c87544e34d4821a59687801ab7bcea",""
"id-724365a27b234b5084cdd7f15ccc81a0","TriggeringRelationship","","","id-97720455893e468f8dcd4080329091a3","id-73ea97aa29904d8d917b81f54b69cd4b",""
"id-4e5881fda46f47a49a8ea3a0ed036718","TriggeringRelationship","","","id-43a57c9789274fefad5f0694c6341402","id-73ea97aa29904d8d917b81f54b69cd4b",""
"id-8fa31ae074fe475a8d33afced85ec6d7","TriggeringRelationship","","","id-8e35e0941d6946aba868e65718d728ea","id-3570b64f43424d3d8e02ec41ba73d4f4",""
"id-de13919e6fdd4076b126ea7deb68d351","TriggeringRelationship","","","id-f0b7520fbed54ad2ae022b9a2de2a0de","id-73ea97aa29904d8d917b81f54b69cd4b",""
"id-69e5c66ed4dd47eaa71cf357a107e0d6","TriggeringRelationship","","","id-142a68c07c314995980804a7ba1b5524","id-73ea97aa29904d8d917b81f54b69cd4b",""
"id-371f98de98204841bcb531760f688054","TriggeringRelationship","","","id-0fbac44cc99c441e90abeeb2f3ba6a73","id-50dfea077bfe44e8bc2b90a1253a7b3f",""
"id-3213ac0809cf4bf5a760121055fc1b67","TriggeringRelationship","","","id-6f16ca803c1a4f8c9c18c2691ecb56c1","id-ba4c951b254443d296a547dd7d9a74a2",""
"id-d850c011fed9472b830212345c3c988d","TriggeringRelationship","","","id-29dfd83ee4a24903a931287d24138107","id-5a31dacf687b48d2a1001265006303d7",""
"id-baf8bc27cc7a4a02b078f702540aedfa","TriggeringRelationship","","","id-66330aaf89f54e69a76d6edec3a5b972","id-9c261fb380064ddd9aecb26f41882140",""
"id-0fe203fa47d1463c8d08e4c75ce4cc83","TriggeringRelationship","","","id-42aac0fcd74f439493fd0ddbe391298c","id-508b54708b37459491147f9b3423b0ed",""
"id-67dace9530d34f46b61db98b5b52b017","TriggeringRelationship","","","id-c23a4bea63f84768affca022dcaaa73c","id-313e9d0d75b44a46b79aabac97b19e0d",""
"id-e2494d7bef7642fd9f71486a1eeee6eb","TriggeringRelationship","","","id-d07e3bec9f8243ef932eda66dc7834db","id-42aac0fcd74f439493fd0ddbe391298c",""
"id-6814ee6ae4454acca75ead911257f61c","TriggeringRelationship","","","id-45fc9f5869b4420781696478a4426a8e","id-d07e3bec9f8243ef932eda66dc7834db",""
"id-1a604d55867046bebf2cc437312ab353","TriggeringRelationship","","","id-c23a4bea63f84768affca022dcaaa73c","id-508b54708b37459491147f9b3423b0ed",""
"id-e4af8b7edea34a379cb42e54953ac4c7","TriggeringRelationship","","","id-b73fca50844244bda12b9eccccfff2d8","id-75f1378ba3af4c7a877ba7d5bbc700c6",""
"id-38ea4f53295b47a8b22d4fd648d550d9","TriggeringRelationship","","","id-42aac0fcd74f439493fd0ddbe391298c","id-313e9d0d75b44a46b79aabac97b19e0d",""
"id-ff4ee905f2d74c9381e83d05de1aa090","TriggeringRelationship","","","id-0334b8e915e74373bdf29d76cd407964","id-c23a4bea63f84768affca022dcaaa73c",""
"id-f11c4ff0e15c4ec08ba9eade1f5f4fd5","TriggeringRelationship","","","id-1d69d93ec6514866ab06277259ec9dbd","id-9c261fb380064ddd9aecb26f41882140",""
"id-e95ccebdf1ed4002b30c640f7a129a63","TriggeringRelationship","","","id-f84badc563c941438097e9c06e2a7aef","id-1d69d93ec6514866ab06277259ec9dbd",""
"id-4925497ed4c245709a043f1eb9d01ec0","TriggeringRelationship","","","id-5a31dacf687b48d2a1001265006303d7","id-0334b8e915e74373bdf29d76cd407964",""
"id-82bcb2d0ebd24b5e93928a3da79a862e","TriggeringRelationship","","","id-1d69d93ec6514866ab06277259ec9dbd","id-29dfd83ee4a24903a931287d24138107",""
"id-2d9b194557a3434886d8273684b8a792","TriggeringRelationship","","","id-9c261fb380064ddd9aecb26f41882140","id-45fc9f5869b4420781696478a4426a8e",""
"id-815751bef0f54a35bbefb2a70470df15","TriggeringRelationship","","","id-d922400534c0474cadff32615e917af7","id-8c3b2e44fb924faaa5c6cd152d1023a9",""
"id-5c38197c1bb4451d93f587668bd177cc","TriggeringRelationship","","","id-37097bb66af74aa4a8d0e0ae72f7ba39","id-7ad95e9623404a57856b3e9b6db87240",""
"id-ee0a8055cd8a47f7b3b51d0b8362705e","TriggeringRelationship","","","id-ebd30bf879da486f85aab1354aa1f5d6","id-da0ef942863e4ab890b188dfc84fa7d0",""
"id-a882025353ed456e94155fca59d2044b","TriggeringRelationship","","","id-37097bb66af74aa4a8d0e0ae72f7ba39","id-ebd30bf879da486f85aab1354aa1f5d6",""
"id-4abec6ad9dad44f083ec3b132d137177","TriggeringRelationship","","","id-bd1660b903314cfbb33f002657e8803f","id-210702fe7fa841c59715fc5b9ecf942a",""
"id-24628a7ac33749199c859f75325a278d","TriggeringRelationship","","","id-7ad95e9623404a57856b3e9b6db87240","id-d3433e609867442385767365f1a9d1bc",""
"id-dce4abae23a3477a809d029a5a63e51c","TriggeringRelationship","","","id-51dca6f95d4046b3bbdd7aa3c97fb260","id-1e6f2516efea4c7e96ee890cc73cc0ce",""
"id-3f32d83619a345749f0ae803c55d40ff","TriggeringRelationship","","","id-8c3b2e44fb924faaa5c6cd152d1023a9","id-37097bb66af74aa4a8d0e0ae72f7ba39",""
"id-ff6af79a1db64260961c4d54be32060c","TriggeringRelationship","","","id-d3433e609867442385767365f1a9d1bc","id-51dca6f95d4046b3bbdd7aa3c97fb260",""
"id-8877b8fe35f5496cae90e72334155ec8","TriggeringRelationship","","","id-befac4cc0b39438896b4855921b09004","id-210702fe7fa841c59715fc5b9ecf942a",""
"id-1f01b800db82473e9f94319bce65a0d8","TriggeringRelationship","","","id-d0e4b9f91c444f8fb46628fb33e2c28a","id-678ee460186843f2b1492595bf140056",""
"id-ec8352280bb848828a06c3b96d889ea1","TriggeringRelationship","","","id-e2cdd36dad6242e68a9ce80dc0c14f79","id-95ded66db6474e4da62b9fd683e81bc5",""
"id-d6afe803f4144c9ab4b1344ce64169ce","TriggeringRelationship","","","id-857e50f065ad4a6a97686406e13c3e72","id-23f7a96aaefe4500ae83a70c3b2d5207",""
"id-ab77019ccf534c95938229470cc780d1","TriggeringRelationship","","","id-7bb2edea82e34392bb27a2e0ec9f0f91","id-678ee460186843f2b1492595bf140056",""
"id-1f05f6b05eab43169d8395e1c1a3b88d","TriggeringRelationship","","","id-e3421dd0dbf64e64948caf02a910b40e","id-7bb2edea82e34392bb27a2e0ec9f0f91",""
"id-b16370671e4344bea4f9b201cc74d87f","TriggeringRelationship","","","id-90b02d3548074e8d963087be48b94175","id-3a6ceddc2d894c88ae51d47c31a7e520",""
"id-73c61714b74343908d1f2f421f1a9db2","TriggeringRelationship","","","id-23f7a96aaefe4500ae83a70c3b2d5207","id-90b02d3548074e8d963087be48b94175",""
"id-0de8eb0eb4c144d6bd0a97f1f1e80b4b","TriggeringRelationship","","","id-678ee460186843f2b1492595bf140056","id-857e50f065ad4a6a97686406e13c3e72",""
"id-27c644d596904466b4c45e1fa55eca95","TriggeringRelationship","","","id-fe984649f9b94aec8e4eb78918900bd5","id-e3421dd0dbf64e64948caf02a910b40e",""
"id-4d6562e127934f6d8e48fa35c4ac4159","TriggeringRelationship","","","id-e3421dd0dbf64e64948caf02a910b40e","id-d0e4b9f91c444f8fb46628fb33e2c28a",""
"id-d1159d12a0484237bad06a80816f1f05","TriggeringRelationship","","","id-97720455893e468f8dcd4080329091a3","id-fe984649f9b94aec8e4eb78918900bd5",""
"id-29607d4ff9ce413d8e0e549b07971964","TriggeringRelationship","","","id-142a68c07c314995980804a7ba1b5524","id-3a6ceddc2d894c88ae51d47c31a7e520",""
"id-3c58db78d3bb418cbaeb6484473163ce","TriggeringRelationship","","","id-f0b7520fbed54ad2ae022b9a2de2a0de","id-23f7a96aaefe4500ae83a70c3b2d5207",""
"id-a2813358715644a38f9c72e879f099e7","TriggeringRelationship","","","id-0fbac44cc99c441e90abeeb2f3ba6a73","id-90b02d3548074e8d963087be48b94175",""
"id-3fb876c0217c44cc9ad9109ac5796760","TriggeringRelationship","","","id-43a57c9789274fefad5f0694c6341402","id-e369da1601004a51b427492b53d7d9bb",""
"id-1cc7413db1db47a7a32039a174c53f4b","TriggeringRelationship","","","id-97720455893e468f8dcd4080329091a3","id-678ee460186843f2b1492595bf140056",""
"id-874233021737464c967f1a2141d91ff8","TriggeringRelationship","","","id-97720455893e468f8dcd4080329091a3","id-d922400534c0474cadff32615e917af7",""
"id-41fe7ce3570c41e5acd6645d8f99b837","TriggeringRelationship","","","id-43a57c9789274fefad5f0694c6341402","id-2eafb2dbeece4d1d91ebbd63bbfb6b8d",""
"id-567457118b9047dab489d7fcc5a4a1b2","TriggeringRelationship","","","id-f0b7520fbed54ad2ae022b9a2de2a0de","id-2eafb2dbeece4d1d91ebbd63bbfb6b8d",""
"id-a40fc8d28d714b7a865ea730ff64945c","TriggeringRelationship","","","id-142a68c07c314995980804a7ba1b5524","id-2eafb2dbeece4d1d91ebbd63bbfb6b8d",""
"id-c870995d01d1411f8b774a33ec1f677f","TriggeringRelationship","","","id-97720455893e468f8dcd4080329091a3","id-f84badc563c941438097e9c06e2a7aef",""
"id-9f025f98987243c19b17ffb49f660daf","TriggeringRelationship","","","id-43a57c9789274fefad5f0694c6341402","id-66330aaf89f54e69a76d6edec3a5b972",""
"id-4716099a76be44de8e121b473175b779","TriggeringRelationship","","","id-f0b7520fbed54ad2ae022b9a2de2a0de","id-66330aaf89f54e69a76d6edec3a5b972",""
"id-4ee8726cb76c4e008f4fefbf7d8741e7","TriggeringRelationship","","","id-142a68c07c314995980804a7ba1b5524","id-508b54708b37459491147f9b3423b0ed",""
"id-9e26e588c3584e74bf1ee999abc44df8","TriggeringRelationship","","","id-142a68c07c314995980804a7ba1b5524","id-313e9d0d75b44a46b79aabac97b19e0d",""
"id-1e018ab941b843cbac66a557981ae749","TriggeringRelationship","","","id-6b01d3fe6a74433ab0eb3892eb608e3c","id-e1c87544e34d4821a59687801ab7bcea",""
"id-7f577abc8ef0473eaeb4e5cdb599b095","TriggeringRelationship","","","id-6b01d3fe6a74433ab0eb3892eb608e3c","id-376efe4130a24b1db20e74f1a2476a8b",""
"id-8676b526296c4d5ebf7af0f19e8827e0","TriggeringRelationship","","","id-2f48efa5e2114817bc37b5fe69bdb32d","id-fd33838faf604b30a87be498daf185e3",""
"id-54502ed7071343eba25822d68de7f7db","TriggeringRelationship","","","id-bf44922b06ca49b882c15af9f2df74bd","id-ea49fbdb0a144fd3a5125c47649bb2cc",""
"id-2b150ac3f0e8446b817fa109504d0fed","TriggeringRelationship","","","id-2f48efa5e2114817bc37b5fe69bdb32d","id-bf44922b06ca49b882c15af9f2df74bd",""
"id-9be4b668a1f14401b89238ed1d3a50d5","TriggeringRelationship","","","id-7444d299cb6942989fd3202aca6e7c25","id-0dc673f0cfe54a6fae2194b153f62450",""
"id-257d84777cf14b13bce8511a240ec0d2","TriggeringRelationship","","","id-5b6d8cc169594cce8286ed3e161a5c5a","id-fc0e4ca250264f8f92d3d54e1ed81e50",""
"id-97b6ea482fda419e99d2a5d88c9f36ab","TriggeringRelationship","","","id-0dc673f0cfe54a6fae2194b153f62450","id-2f48efa5e2114817bc37b5fe69bdb32d",""
"id-aec81552d66c4ee8bb8434ee40059bd8","TriggeringRelationship","","","id-ea49fbdb0a144fd3a5125c47649bb2cc","id-fd33838faf604b30a87be498daf185e3",""
"id-f35462b0f4d3432b8ec81c814ba84840","TriggeringRelationship","","","id-ea49fbdb0a144fd3a5125c47649bb2cc","id-c7f432c1fba54758a274a137b3dfa317",""
"id-9323b08681474b0fa7944bcae464b960","TriggeringRelationship","","","id-89e267b303864908baacde6d4e1000db","id-19e4c238edf9491e982d38dbdeaa358f",""
"id-81e50ecac1e64a9fa01be2f5b49b6a4d","TriggeringRelationship","","","id-cb6503393ede4584a702373a52c311e0","id-89e267b303864908baacde6d4e1000db",""
"id-669657f87a8f4b10bb9bec6feadfb146","TriggeringRelationship","","","id-a3ff7c3f706048acbea1a0a948ccb58c","id-cb6503393ede4584a702373a52c311e0",""
"id-8665457673154521ae0ea77694fc7cc1","TriggeringRelationship","","","id-89e267b303864908baacde6d4e1000db","id-bcbf2405d7e24f078cdab800c13812b8",""
"id-6ddfdb85a35f4cc9b18ef9a54ac2c80f","TriggeringRelationship","","","id-19e4c238edf9491e982d38dbdeaa358f","id-f000d9c12d2343ddac3b7505cfb93562",""
"id-e302cc03f1cf48d58760c5d756add103","TriggeringRelationship","","","id-97720455893e468f8dcd4080329091a3","id-a3ff7c3f706048acbea1a0a948ccb58c",""
"id-663dde2e25d8468381650febc151efc2","TriggeringRelationship","","","id-f0b7520fbed54ad2ae022b9a2de2a0de","id-a11e067f81f844ffbbcab060008b1350",""
"id-65bd65d4503e471684bfa06bdc184f51","TriggeringRelationship","","","id-43a57c9789274fefad5f0694c6341402","id-a11e067f81f844ffbbcab060008b1350",""
"id-c5cc8d900cb84a409b374773412edb6e","TriggeringRelationship","","","id-142a68c07c314995980804a7ba1b5524","id-a11e067f81f844ffbbcab060008b1350",""
"id-5622cbdead3f49aa9d6215604b799604","TriggeringRelationship","","","id-97720455893e468f8dcd4080329091a3","id-7444d299cb6942989fd3202aca6e7c25",""
"id-e36182106c1647c29bb8c01f036d339d","TriggeringRelationship","","","id-43a57c9789274fefad5f0694c6341402","id-383ae1a8ffd040ada4b97c4cb39f056e",""
"id-6555849691d142eab8c6f4726635b021","TriggeringRelationship","","","id-f0b7520fbed54ad2ae022b9a2de2a0de","id-383ae1a8ffd040ada4b97c4cb39f056e",""
"id-74292baa3b87479db7da474fb313dddc","TriggeringRelationship","","","id-142a68c07c314995980804a7ba1b5524","id-383ae1a8ffd040ada4b97c4cb39f056e",""